Run started: Tue Oct 28 09:24:04 CET 2025
Using VDAGGER_ARCH = gnu7_fkfamd_cluster
Running 1x128 MPI processes.

                               xx
                              +##
                               #X
                               Xx
                          X##XxXxxX##x
                           +   Xx  ++
                               ##
                              +##
                              +##
     ++++         ++          +##
   xX+++##+      ####         +##
  Xx    ###      +X##          ##
 xX    X##+        ##          #X
 +    x##X         #x          #X
      ###         +#           x+
     X##+         #+
     ###         Xx                    _______
     ##X       +X+   __________________VDAGGER
     +##x    +xX     2nd quantized variational
       +xxxxx+       ______quantum Monte Carlo

* Running 128 MPI processes.
* Input file: "input.casl"

############# Start of input file dump #############
General:
  Random seed: timer

Plan:
  VMC-optimization:
    Minimum cycles: 7
    Convergence cycles: 3

System:
  Read Hamiltonian: FCIDUMP_loc
  Read orbitals: LTSC.mat
  Complex orbitals: F
  Geometry:
    r_14: [ 2.30715201389900, -1.36612962809100 ]
    r_19: [ -2.30715201389900, -1.36612962809100 ]
    r_9: [ 2.30715201389900, 1.36612962809100 ]
    r_1: [ -2.30715201389900, 1.36612962809100 ]
    r_11: [ 0.00000000000000, -2.64819012780300 ]
    r_5: [ 0.00000000000000, 2.64819012780300 ]
    r_21: [ 6.92052984475300, 1.36731216695600 ]
    r_20: [ -6.92052984475300, 1.36731216695600 ]
    r_22: [ 6.92052984475300, -1.36731216695600 ]
    r_2: [ -6.92052984475300, -1.36731216695600 ]
    r_17: [ 4.65052830966800, 2.64933873056800 ]
    r_18: [ -4.65052830966800, 2.64933873056800 ]
    r_12: [ 4.65052830966800, -2.64933873056800 ]
    r_6: [ -4.65052830966800, -2.64933873056800 ]
    r_7: [ 11.51783390367000, 1.35551508476500 ]
    r_16: [ -11.51783390367000, 1.35551508476500 ]
    r_4: [ 11.51783390367000, -1.35551508476500 ]
    r_3: [ -11.51783390367000, -1.35551508476500 ]
    r_15: [ 9.31130451375400, 2.65735609478700 ]
    r_8: [ -9.31130451375400, 2.65735609478700 ]
    r_13: [ 9.31130451375400, -2.65735609478700 ]
    r_10: [ -9.31130451375400, -2.65735609478700 ]
    Tolerance: 0.05

VMC:
  nstep: 500000
  nconfig: 100000

Optimization:
  max_niter: 1

Jastrow: wfn.casl
############## End of input file dump ##############

General setup:
* Random seed: 329113385 (from timer)

* Loaded integrals for system with nelec=22, ms2=0, norb=22
* INFO: setting number of electrons from integrals file.
* Analysis of Hamiltonian connecitivity performed:
  - T_ii (local, 1-site): 22 (i) values
  - U_iiii [opp] (local, 1-site): 22 (i) values
  - U_kkii [opp] (local, 2-site): 462 contribs. from 22 (i) values
  - U_kkii [par] (local, 2-site): 231 contribs. from 21 (i) values
  - T_ji (single, 2-site): 462 contribs. from 22 (i) values
  - U_kkji [opp] (single, 2/3-site): 10164 contribs. from 462 (i,j) pairs
  - U_kkji [par] (single, 3-site): 9702 contribs. from 462 (i,j) pairs
  - U_lkji [opp] (double, 2/3/4-site): 212836 contribs. from 462 (i,j) pairs
  - U_lkji [par] (double, 4-site): 50050 contribs. from 420 (i,j) pairs
  - Max. no. wfn. ratios in Eloc: 18543
* Reading override orbitals from file "LTSC.mat".
* Site labels:
  +--------------------------------+
  |    8    18     5    17    15   |
  |16    20     1     9    21     7|
  | 3     2    19    14    22     4|
  |   10     6    11    12    13   |
  +--------------------------------+
* Automatically set Site kinds:
  [ 1, 2, 3, 3, 4, 5, 3, 6, 1, 6, 4, 5, 6, 1, 6, 3, 5, 5, 1, 2, 2, 2 ]
  +---------------------+
  |  6   5   4   5   6  |
  |3   2   1   1   2   3|
  |3   2   1   1   2   3|
  |  6   5   4   5   6  |
  +---------------------+
* Maximum Site kind: 6
* Number of site-pair kinds with Tij=0: 0
* Automatically set Site pair kinds:
  Site 1: [ 0, -15, -34, -48, -6, -18, -55, -65, 21, 30, -19, -28, 45, -17, -42, -36, 38, 7, 2, -22, -32, 31 ]
  Site 2: [ -15, 0, -20, -57, 25, 5, -52, -16, 31, -8, 37, -39, 56, -32, -50, -14, 40, -23, -22, 3, -41, 47 ]
  Site 3: [ -34, -20, 0, -62, 43, 67, -64, 27, 48, 1, 44, -59, 63, -55, -60, 4, 51, 29, -36, -14, -52, 57 ]
  Site 4: [ -48, -57, -62, 0, -43, 59, 4, 60, 34, 63, -44, -66, 1, -36, -27, -64, -29, -51, -55, -52, -14, 20 ]
  Site 5: [ -6, 25, 43, -43, 0, -26, -44, 46, -6, -33, 9, -26, 33, 19, 46, 44, -12, -12, -19, 37, -37, 25 ]
  Site 6: [ -18, 5, 67, 59, -26, 0, 51, 24, -28, -13, 12, -49, -53, 38, 54, -29, -35, -10, -7, 23, 40, -39 ]
  Site 7: [ -55, -52, -64, 4, -44, 51, 0, 63, 36, 60, -43, 29, 27, -34, -1, -62, 66, -59, -48, -57, -20, 14 ]
  Site 8: [ -65, -16, 27, 60, 46, 24, 63, 0, -42, 11, -33, 54, -58, 45, 61, 1, -53, 13, 30, -8, 56, -50 ]
  Site 9: [ 21, 31, 48, 34, -6, -28, 36, -42, 0, -45, -19, -18, -30, -2, -65, 55, 7, 38, 17, 32, 22, -15 ]
  Site 10: [ 30, -8, 1, 63, -33, -13, 60, 11, -45, 0, 46, 53, -61, 42, 58, 27, -54, -24, -65, -16, 50, -56 ]
  Site 11: [ -19, 37, 44, -44, 9, 12, -43, -33, -19, 46, 0, 12, -46, 6, -33, 43, 26, 26, -6, 25, -25, 37 ]
  Site 12: [ -28, -39, -59, -66, -26, -49, 29, 54, -18, 53, 12, 0, 13, 7, 24, -51, -10, -35, -38, -40, -23, 5 ]
  Site 13: [ 45, 56, 63, 1, 33, -53, 27, -58, -30, -61, -46, 13, 0, -65, -11, 60, 24, 54, 42, 50, -16, 8 ]
  Site 14: [ -17, -32, -55, -36, 19, 38, -34, 45, -2, 42, 6, 7, -65, 0, -30, -48, -18, -28, -21, -31, -15, 22 ]
  Site 15: [ -42, -50, -60, -27, 46, 54, -1, 61, -65, 58, -33, 24, -11, -30, 0, -63, 13, -53, -45, -56, 8, -16 ]
  Site 16: [ -36, -14, 4, -64, 44, -29, -62, 1, 55, 27, 43, -51, 60, -48, -63, 0, 59, -68, -34, -20, -57, 52 ]
  Site 17: [ 38, 40, 51, -29, -12, -35, 66, -53, 7, -54, 26, -10, 24, -18, 13, 59, 0, -49, 28, 39, 5, -23 ]
  Site 18: [ 7, -23, 29, -51, -12, -10, -59, 13, 38, -24, 26, -35, 54, -28, -53, -68, -49, 0, 18, -5, -39, 40 ]
  Site 19: [ 2, -22, -36, -55, -19, -7, -48, 30, 17, -65, -6, -38, 42, -21, -45, -34, 28, 18, 0, -15, -31, 32 ]
  Site 20: [ -22, 3, -14, -52, 37, 23, -57, -8, 32, -16, 25, -40, 50, -31, -56, -20, 39, -5, -15, 0, -47, 41 ]
  Site 21: [ -32, -41, -52, -14, -37, 40, -20, 56, 22, 50, -25, -23, -16, -15, 8, -57, 5, -39, -31, -47, 0, -3 ]
  Site 22: [ 31, 47, 57, 20, 25, -39, 14, -50, -15, -56, 37, 5, 8, 22, -16, 52, -23, 40, 32, 41, -3, 0 ]
  For site 1 of kind 1:
  +-------------------------------------------+
  |    -65       7      -6      38     -42    |
  |-36     -22       0      21     -32     -55|
  |-34     -15       2     -17      31     -48|
  |     30     -18     -19     -28      45    |
  +-------------------------------------------+
  For site 2 of kind 2:
  +-------------------------------------------+
  |    -16     -23      25      40     -50    |
  |-14       3     -15      31     -41     -52|
  |-20       0     -22     -32      47     -57|
  |     -8       5      37     -39      56    |
  +-------------------------------------------+
  For site 3 of kind 3:
  +-------------------------------------------+
  |     27      29      43      51     -60    |
  |  4     -14     -34      48     -52     -64|
  |  0     -20     -36     -55      57     -62|
  |      1      67      44     -59      63    |
  +-------------------------------------------+
  For site 5 of kind 4:
  +-------------------------------------------+
  |     46     -12       0     -12      46    |
  | 44      37      -6      -6     -37     -44|
  | 43      25     -19      19      25     -43|
  |    -33     -26       9     -26      33    |
  +-------------------------------------------+
  For site 6 of kind 5:
  +-------------------------------------------+
  |     24     -10     -26     -35      54    |
  |-29      23     -18     -28      40      51|
  | 67       5      -7      38     -39      59|
  |    -13       0      12     -49     -53    |
  +-------------------------------------------+
  For site 8 of kind 6:
  +-------------------------------------------+
  |      0      13      46     -53      61    |
  |  1      -8     -65     -42      56      63|
  | 27     -16      30      45     -50      60|
  |     11      24     -33      54     -58    |
  +-------------------------------------------+
* Maximum (unsigned) Site pair kind: 68
General system setup:
* Number of sites       : 22
* Number of electrons   : 22
* Spin imbalance MS2    : 0
* Filling               : 0.500000
* Number of orbitals in pool: 22
* Using real-valued orbitals
* Using double-precision arithmetic for orbitals

Trial wave function setup:
* Jastrow parameter file: "wfn.casl"
* Not using multideterminants
* Not using a backflow transformation
* Not using wave function manipulation

VMC #1:
* Size of Hilbert space =   4.9763E+11
* Number of equil. steps   = 1000
* Running VMC equilibration.
  Done. [total walltime: 0.02s]
* Equil. acc.ratio (%)     =  15.6703
* Sample config after equilibration:
  +---------------------+
  |  u   d   2   2   d  |
  |d   u   0   0   0   u|
  |2   u   2   d   2   2|
  |  0   d   u   0   0  |
  +---------------------+
* Number of accum. steps   = 500480 x 10
* Running VMC accumulation.
    [walltime: 1m elapsed, 5m22s remaining]
  Done. [total walltime: 6m24s]
* Acceptance ratio (%)     =  15.5903
* Etot/t                   =  -8.412561729809E+02 +/-   1.509445121526E-04
  > Ttot/t                 =  -7.561606876315E+01 +/-   9.068637938293E-04
  > Utot/t                 =   3.306103766871E+01 +/-   8.992807722869E-04
* var[Eloc/t]              =   1.133980010169E-02 +/-   7.463884161109E-05
* Correlation length       =   1.005578511983E+00
* log10 Psi^2 range: -29.414742328871508 -- -18.108196868534488
* log10 Pgen range : -29.414742328871508 -- -18.108196868534488
* Site occupation (ave. no. electrons per config.):
  > Site_  ___eu____  ___ed____
      1        0.500      0.497
      2        0.494      0.499
      3        0.504      0.502
      4        0.501      0.502
      5        0.503      0.503
      6        0.506      0.500
      7        0.503      0.500
      8        0.500      0.501
      9        0.496      0.498
     10        0.497      0.499
     11        0.505      0.504
     12        0.504      0.502
     13        0.500      0.499
     14        0.496      0.495
     15        0.499      0.501
     16        0.501      0.501
     17        0.503      0.505
     18        0.502      0.503
     19        0.498      0.500
     20        0.497      0.498
     21        0.494      0.496
     22        0.498      0.498
* Pair-correlation analysis (ave. no. pairs per config.):
  > Shell  nsite  ___dh____  __eueu___  __eued___
      0      1        0          0          3.949
      1      0        0.945      0.511      2.566
      2      0        0.286      0.711      1.051
      3      0        0.272      0.726      1.041
      4      0        0.238      0.775      1.047
      5      0        0.779      0.893      2.369
      6      0        0.675      1.146      2.258
      7      0        0.574      1.367      2.154
      8      0        0.467      1.560      2.066
      9      0        0.078      0.417      0.571
     10      0        0.157      0.839      1.123
     11      0        0.150      0.864      1.072
     12      0        0.250      2.086      1.954
     13      0        0.242      2.066      1.942
     14      0        0.286      1.906      2.036
     15      0        0.322      1.880      2.031
     16      0        0.247      2.040      1.957
     17      0        0.164      0.938      1.021
     18      0        0.262      2.078      1.945
     19      0        0.268      2.103      1.924
     20      0        0.249      2.084      1.938
     21      0        0.148      1.032      0.962
     22      0        0.285      2.060      1.927
     23      0        0.255      2.111      1.916
     24      0        0.237      1.976      2.038
     25      0        0.265      2.039      1.967
     26      0        0.241      1.983      2.071
     27      0        0.219      2.118      1.930
     28      0        0.272      2.029      1.972
     29      0        0.238      2.058      1.977
     30      0        0.264      2.008      1.971
     31      0        0.304      1.934      2.010
     32      0        0.301      2.000      1.951
     33      0        0.237      2.005      2.022
     34      0        0.274      1.956      2.024
     35      0        0.119      1.005      1.020
     36      0        0.262      2.025      1.977
     37      0        0.281      1.905      2.070
     38      0        0.281      1.940      2.047
     39      0        0.265      1.977      2.016
     40      0        0.266      2.010      1.983
     41      0        0.148      0.978      0.992
     42      0        0.266      1.977      1.997
     43      0        0.241      2.033      2.007
     44      0        0.246      1.989      2.042
     45      0        0.264      1.998      1.981
     46      0        0.238      2.027      1.996
     47      0        0.145      0.994      0.981
     48      0        0.275      1.978      2.005
     49      0        0.120      1.022      1.000
     50      0        0.258      1.989      1.980
     51      0        0.234      2.023      2.017
     52      0        0.267      1.980      1.994
     53      0        0.234      2.013      2.008
     54      0        0.237      2.004      2.009
     55      0        0.277      1.999      1.978
     56      0        0.264      1.977      1.982
     57      0        0.261      1.995      1.990
     58      0        0.114      1.000      0.997
     59      0        0.238      2.012      2.023
     60      0        0.231      2.003      2.006
     61      0        0.113      1.001      0.999
     62      0        0.116      1.010      1.005
     63      0        0.234      1.999      2.006
     64      0        0.118      1.005      1.005
     65      0        0.269      1.956      2.010
     66      0        0.128      0.939      1.062
     67      0        0.063      0.472      0.533
     68      0        0.065      0.466      0.530

Optimization #1:
* Method          : lls
* Target function : energy
* No. of configs. : 100096
* No. of params.  : 258
* Before optimization:
  -2.6447E+00  -2.6491E+00  -2.6243E+00  -2.6269E+00  -2.6157E+00  -2.6318E+00
   7.2637E-01   7.3135E-01   5.5129E-01   5.4640E-01   9.6407E-01   5.6635E-01
   5.5040E-01   3.8519E-01   3.7819E-01   6.7029E-01   6.5792E-01   7.0952E-01
   7.0207E-01  -4.7642E-01   5.2407E-02   1.9699E-01   1.0315E-01   9.8621E-02
   2.6033E-01   2.6120E-01   2.5195E-01   2.4903E-01   7.1561E-02   7.1461E-02
   2.8504E-01   2.8330E-01   1.3161E-01   2.2619E-01   2.2188E-01  -4.6146E-02
  -4.9031E-02   3.7558E-01   3.7125E-01   2.8348E-01   2.1045E-01   2.1015E-01
   1.9254E-01   1.8708E-01  -6.4681E-04  -1.9909E-03  -3.4568E-01  -3.4515E-01
  -2.3279E-01  -2.3355E-01   4.7714E-01   4.7782E-01   1.2701E-02   9.5899E-03
  -3.2527E-02  -2.9679E-02  -7.3425E-02  -7.5776E-02  -1.0139E-01  -1.0223E-01
  -6.3091E-02  -6.5211E-02  -3.6162E-01  -3.6531E-01  -1.1945E-01  -1.2283E-01
  -9.6084E-03  -1.0595E-01  -1.0936E-01  -2.4646E-01  -2.4509E-01   1.1542E-01
   1.1158E-01  -5.5213E-02  -5.6215E-02  -7.7670E-02  -8.0006E-02  -1.2043E-01
  -3.2026E-03  -4.9431E-03  -3.7415E-01  -3.7238E-01  -3.4616E-01  -3.4386E-01
  -4.1582E-02  -4.2787E-02  -2.9284E-01  -2.9384E-01  -1.0528E-01  -3.3614E-02
  -3.6106E-02   5.7800E-02  -1.4326E-02  -1.5630E-02   0.0000E+00   0.0000E+00
   0.0000E+00   0.0000E+00   0.0000E+00   0.0000E+00   0.0000E+00   0.0000E+00
   0.0000E+00   0.0000E+00   0.0000E+00   0.0000E+00   0.0000E+00   0.0000E+00
   0.0000E+00   0.0000E+00   0.0000E+00   0.0000E+00   0.0000E+00   0.0000E+00
   0.0000E+00   0.0000E+00   0.0000E+00   0.0000E+00   0.0000E+00   0.0000E+00
   0.0000E+00   0.0000E+00   0.0000E+00   0.0000E+00  -1.9672E-01  -3.8306E-01
  -2.5921E-01  -2.4520E-01  -2.4337E-01  -2.4924E-01  -3.1853E-01  -5.0817E-01
  -2.0015E-01  -2.6561E-01   2.9335E+00  -3.2232E+00  -2.7694E-01  -3.1202E-01
  -3.0124E-01  -3.2827E-01   6.2954E+00  -5.8201E+00  -7.6247E-02   1.9423E-02
  -1.1338E-01  -9.6399E-02   3.0071E+00  -3.1342E+00  -1.3190E-01  -1.4983E-01
  -1.0556E-01  -1.3544E-01  -4.1363E-02  -2.2181E-02  -1.4928E-01  -1.4546E-01
  -7.4447E-02  -5.3659E-02  -1.2892E-01  -1.0819E-01   3.0601E+00  -3.0277E+00
  -1.8556E-01  -2.2894E-01  -1.5196E-01  -1.5960E-01  -1.1482E-01  -1.2258E-01
  -1.1378E-01  -9.5954E-02  -8.8740E-03   8.7814E-03   3.2233E+00  -2.8779E+00
   3.1621E+00  -2.9280E+00  -2.1176E-01  -3.1379E-01  -9.2105E-03  -3.8675E-03
   2.2885E-02   5.0210E-03   3.3447E-02   4.2148E-02   4.4628E-02   5.9841E-02
   2.8451E-02   3.7885E-02   3.2331E+00  -2.8700E+00   6.1180E-02   6.0638E-02
   2.2504E-03   1.7888E-03   5.7174E-02   5.2998E-02   3.1772E+00  -2.9250E+00
  -5.4521E-02  -5.4778E-02   2.6092E-02   2.9926E-02   3.7994E-02   4.0494E-02
   5.7397E-02   6.6338E-02   7.6040E-04   3.7799E-03   3.2431E+00  -2.8696E+00
   3.2241E+00  -2.8820E+00   1.7829E-02   2.4125E-02   3.2001E+00  -2.9069E+00
   5.0116E-02   5.6975E-02   1.5974E-02   1.9221E-02  -2.8282E-02  -3.5739E-02
   7.9098E-03   8.3347E-03   0.0000E+00   0.0000E+00   0.0000E+00   0.0000E+00
   0.0000E+00   0.0000E+00   0.0000E+00   0.0000E+00   0.0000E+00   0.0000E+00
   0.0000E+00   0.0000E+00   0.0000E+00   0.0000E+00   0.0000E+00   0.0000E+00
   0.0000E+00   0.0000E+00   0.0000E+00   0.0000E+00   0.0000E+00   0.0000E+00
   0.0000E+00   0.0000E+00   0.0000E+00   0.0000E+00   0.0000E+00   0.0000E+00
   0.0000E+00   0.0000E+00   0.0000E+00   0.0000E+00   0.0000E+00   0.0000E+00
  > E    =  -8.412566951517E+02 +/-   3.356827869405E-04
  > varE =   1.127911090642E-02
* Computing derivatives.
    [walltime: 1m5s elapsed, 1h10m remaining]
    [walltime: 1h elapsed, 8m36s remaining]
  Done. [total walltime: 1h8m]
* Optimizing manipulation constant:
  #igrid a___________ E____________________________________ varE____________
     1     Infinity    -8.41256695E+02 +/-   3.35682787E-04   1.12791109E-02
     2     1.0000E+06  -8.41256695E+02 +/-   3.35682756E-04   1.12791088E-02
     3     2.1544E+05  -8.41256695E+02 +/-   3.35682643E-04   1.12791012E-02
     4     4.6416E+04  -8.41256695E+02 +/-   3.35682118E-04   1.12790660E-02
     5     1.0000E+04  -8.41256695E+02 +/-   3.35679683E-04   1.12789023E-02
     6     2.1544E+03  -8.41256697E+02 +/-   3.35668351E-04   1.12781408E-02
     7     4.6416E+02  -8.41256702E+02 +/-   3.35615198E-04   1.12745693E-02
     8     1.0000E+02  -8.41256727E+02 +/-   3.35356619E-04   1.12572027E-02
     9     2.1544E+01  -8.41256839E+02 +/-   3.33928305E-04   1.11615161E-02
    10     4.6416E+00  -8.41256583E+02 +/-   3.31561326E-04   1.10038448E-02
    11     1.0000E+00  -8.41146955E+02 +/-   9.43934239E-04   8.91867219E-02
    12     2.1544E-01 (error)
    13     4.6416E-02  -8.40242292E+02 +/-   7.55647613E-03   5.71551478E+00
    14     1.0000E-02  -8.40604289E+02 +/-   1.01896593E-02   1.03928834E+01
    15     2.1544E-03  -8.40702539E+02 +/-   1.08676535E-02   1.18219275E+01
    16     4.6416E-04  -8.40724744E+02 +/-   1.10193558E-02   1.21542771E+01
    17     1.0000E-04  -8.40729577E+02 +/-   1.10523057E-02   1.22270728E+01
    18     2.1544E-05  -8.40730621E+02 +/-   1.10594169E-02   1.22428121E+01
    19     4.6416E-06  -8.40730846E+02 +/-   1.10609496E-02   1.22462056E+01
    20     1.0000E-06  -8.40730894E+02 +/-   1.10612798E-02   1.22469368E+01
    21     0.0000E+00  -8.40730907E+02 +/-   1.10613705E-02   1.22471377E+01
  ParMin   2.8456E+01  -8.41256806E+02 +/-   3.34405379E-04   1.11934311E-02
  # Using grid point #9
* Iteration # 1: E =  -8.412568390596E+02 +/-   3.339283050021E-04
* Reached maximum number of iterations: exiting.
* After optimization:
  -2.8929E+00  -2.8973E+00  -2.8726E+00  -2.8749E+00  -2.8646E+00  -2.8802E+00
   7.0804E-01   7.1304E-01   4.9485E-01   6.8629E-01   8.8629E-01   6.7236E-01
   6.5680E-01   4.3582E-01   4.2888E-01   6.7786E-01   6.6588E-01   8.0028E-01
   7.9273E-01  -3.1858E-01   1.2379E-01   2.3662E-01   2.1599E-01   2.1161E-01
   3.1795E-01   3.1860E-01   2.8377E-01   2.8102E-01   1.1242E-01   1.1252E-01
   3.7525E-01   3.7342E-01   7.3030E-02   2.3345E-01   2.2926E-01   4.2623E-03
   1.3768E-03   4.0818E-01   4.0397E-01   2.2509E-01   2.5175E-01   2.5172E-01
   2.9795E-01   2.9287E-01   5.5481E-02   5.4135E-02  -1.9987E-01  -1.9936E-01
  -1.2007E-01  -1.2081E-01   4.5815E-01   4.5877E-01   1.5376E-02   1.2338E-02
  -3.4495E-02  -3.1659E-02  -8.2520E-02  -8.4929E-02  -6.6291E-02  -6.7162E-02
  -2.8037E-02  -3.0200E-02  -2.6755E-01  -2.7100E-01  -1.8728E-01  -1.9063E-01
   5.4139E-02  -1.7303E-01  -1.7629E-01  -1.0053E-01  -9.9217E-02   1.1812E-01
   1.1455E-01   4.0689E-02   3.9784E-02   1.8132E-02   1.5887E-02   6.7416E-03
  -2.1778E-02  -2.3358E-02  -3.3896E-01  -3.3728E-01  -3.1104E-01  -3.0886E-01
  -5.9679E-02  -6.0893E-02  -1.9857E-01  -1.9961E-01   2.1576E-02  -1.1115E-01
  -1.1350E-01   1.2189E-01   5.9901E-02   5.8663E-02  -1.5011E-02  -1.4978E-02
   1.5249E-02   1.5231E-02   4.4246E-02   4.4315E-02   4.3452E-02   4.3475E-02
  -7.8633E-02  -7.8405E-02   7.3953E-02   7.3817E-02   1.5426E-02   1.5394E-02
   2.5783E-02  -1.4672E-02  -1.4658E-02  -3.2519E-02  -3.2498E-02   2.6011E-02
  -9.0550E-02  -3.2265E-02  -3.2321E-02  -9.0707E-02  -8.2383E-03  -8.3887E-03
  -1.2408E-04   1.9960E-04  -1.4492E-04   1.0288E-04   1.9934E-03  -5.6376E-01
   2.8832E-01  -7.3658E-01  -1.8012E+00   1.1700E+00   5.2531E-01  -1.2741E+00
  -1.4008E+00   8.2820E-01   2.2961E+00  -2.6365E+00  -4.2377E-01  -1.7282E-01
  -1.3045E+00   5.8380E-01   4.4735E+00  -4.1558E+00  -9.1709E-01   7.8887E-01
  -5.5888E-01   3.0956E-01   1.6759E+00  -1.9159E+00  -7.7624E-01   4.3662E-01
  -4.6343E-01   1.9035E-01  -5.4727E-01   4.4248E-01  -1.1517E+00   7.6662E-01
   4.7430E-01  -5.4354E-01  -2.7555E-01   3.1159E-02   2.4229E+00  -2.4409E+00
  -5.4461E-01   9.6457E-02   3.9649E-01  -6.4964E-01  -6.2067E-01   3.4200E-01
  -1.3140E+00   9.9828E-01  -6.5199E-01   5.9619E-01   1.5339E+00  -1.3342E+00
   1.8316E+00  -1.7100E+00  -1.2512E-02  -4.9389E-01  -1.5359E-01   1.3778E-01
   2.3876E-02   6.0726E-03   8.4525E-02   8.0711E-06  -4.5860E-01   5.2707E-01
  -4.7478E-01   5.0579E-01   2.1013E+00  -1.8326E+00   7.5705E-01  -5.6739E-01
  -8.3470E-01   7.7547E-01   7.5234E-01  -5.7552E-01   1.4871E+00  -1.3814E+00
  -1.9888E-01   8.6929E-02  -1.1695E+00   1.1296E+00  -1.1572E+00   1.1398E+00
  -1.4965E+00   1.4924E+00   5.6679E-02  -3.3471E-02   2.7562E+00  -2.4175E+00
   2.7373E+00  -2.4300E+00   7.3555E-02  -1.3364E-02   2.0682E+00  -1.8695E+00
  -1.5028E+00   1.4833E+00   7.1642E-01  -6.0403E-01  -8.6562E-01   7.3768E-01
  -9.8713E-01   9.2929E-01   7.1303E-03   7.8590E-03  -3.5017E-01   3.3504E-01
  -6.3793E-01   5.9376E-01  -6.3741E-01   5.9387E-01   7.0090E-01  -6.2261E-01
  -9.9522E-01   9.2114E-01  -3.5078E-01   3.3534E-01  -4.3901E-01   4.1308E-01
   6.9644E-03   7.7635E-03   2.0554E-01  -1.7305E-01  -4.3915E-01   4.1315E-01
   8.4968E-01  -7.5924E-01   2.0538E-01  -1.7311E-01   8.4984E-01  -7.5905E-01
   5.1013E-02  -4.2274E-02   3.3254E-05   1.1700E-04   7.3828E-05   1.2156E-04
  > Energy =  -8.412568390596E+02 +/-   3.339283050021E-04
  > varE =   1.116151606699E-02

VMC #2:
* Size of Hilbert space =   4.9763E+11
* Number of equil. steps   = 1000
* Running VMC equilibration.
  Done. [total walltime: 0.02s]
* Equil. acc.ratio (%)     =  15.6225
* Sample config after equilibration:
  +---------------------+
  |  d   u   u   d   u  |
  |u   d   d   2   d   0|
  |2   0   u   u   u   d|
  |  u   d   d   d   u  |
  +---------------------+
* Number of accum. steps   = 500480 x 10
* Running VMC accumulation.
    [walltime: 1m elapsed, 5m20s remaining]
  Done. [total walltime: 6m24s]
* Acceptance ratio (%)     =  15.5851
* Etot/t                   =  -8.412565996178E+02 +/-   1.504380454841E-04
  > Ttot/t                 =  -7.561624522587E+01 +/-   9.059230065342E-04
  > Utot/t                 =   3.306078749455E+01 +/-   8.994031978880E-04
* var[Eloc/t]              =   1.124447379434E-02 +/-   5.902564942392E-05
* Correlation length       =   1.007309558666E+00
* log10 Psi^2 range: -27.841353475429386 -- -17.247666989505650
* log10 Pgen range : -27.841353475429386 -- -17.247666989505650
* Site occupation (ave. no. electrons per config.):
  > Site_  ___eu____  ___ed____
      1        0.497      0.494
      2        0.500      0.498
      3        0.502      0.501
      4        0.500      0.502
      5        0.503      0.503
      6        0.503      0.502
      7        0.501      0.502
      8        0.495      0.502
      9        0.499      0.501
     10        0.498      0.499
     11        0.506      0.502
     12        0.504      0.504
     13        0.500      0.498
     14        0.495      0.499
     15        0.500      0.499
     16        0.505      0.499
     17        0.503      0.503
     18        0.503      0.505
     19        0.497      0.497
     20        0.497      0.496
     21        0.497      0.495
     22        0.495      0.499
* Pair-correlation analysis (ave. no. pairs per config.):
  > Shell  nsite  ___dh____  __eueu___  __eued___
      0      1        0          0          3.954
      1      0        0.949      0.508      2.559
      2      0        0.288      0.709      1.049
      3      0        0.270      0.730      1.043
      4      0        0.238      0.773      1.049
      5      0        0.782      0.891      2.377
      6      0        0.679      1.147      2.249
      7      0        0.573      1.367      2.162
      8      0        0.466      1.561      2.063
      9      0        0.079      0.415      0.569
     10      0        0.156      0.842      1.126
     11      0        0.150      0.861      1.072
     12      0        0.249      2.089      1.954
     13      0        0.243      2.070      1.934
     14      0        0.286      1.906      2.043
     15      0        0.322      1.877      2.039
     16      0        0.251      2.040      1.950
     17      0        0.164      0.937      1.023
     18      0        0.262      2.085      1.944
     19      0        0.266      2.100      1.928
     20      0        0.248      2.084      1.942
     21      0        0.148      1.030      0.964
     22      0        0.288      2.063      1.925
     23      0        0.253      2.117      1.916
     24      0        0.237      1.970      2.044
     25      0        0.268      2.035      1.970
     26      0        0.245      1.981      2.068
     27      0        0.222      2.116      1.923
     28      0        0.271      2.033      1.977
     29      0        0.238      2.062      1.976
     30      0        0.264      2.002      1.969
     31      0        0.304      1.942      2.005
     32      0        0.299      2.002      1.954
     33      0        0.239      1.998      2.015
     34      0        0.273      1.961      2.021
     35      0        0.120      1.008      1.018
     36      0        0.265      2.024      1.975
     37      0        0.283      1.907      2.068
     38      0        0.282      1.942      2.044
     39      0        0.264      1.982      2.022
     40      0        0.266      2.011      1.989
     41      0        0.147      0.979      0.995
     42      0        0.264      1.979      1.993
     43      0        0.240      2.035      2.004
     44      0        0.246      1.986      2.042
     45      0        0.268      1.989      1.977
     46      0        0.239      2.022      1.992
     47      0        0.147      0.995      0.980
     48      0        0.273      1.976      2.011
     49      0        0.119      1.021      1.006
     50      0        0.257      1.985      1.985
     51      0        0.237      2.021      2.019
     52      0        0.268      1.986      1.991
     53      0        0.234      2.013      2.005
     54      0        0.235      2.010      2.007
     55      0        0.277      1.997      1.976
     56      0        0.263      1.977      1.981
     57      0        0.261      1.999      1.992
     58      0        0.117      0.993      0.994
     59      0        0.237      2.012      2.029
     60      0        0.233      2.003      2.002
     61      0        0.115      0.994      0.999
     62      0        0.120      1.003      1.006
     63      0        0.235      2.003      1.998
     64      0        0.118      1.007      1.006
     65      0        0.271      1.952      2.008
     66      0        0.125      0.939      1.066
     67      0        0.063      0.468      0.533
     68      0        0.064      0.473      0.531

Optimization #2:
* Method          : lls
* Target function : energy
* No. of configs. : 100096
* No. of params.  : 258
* Before optimization:
  -2.8929E+00  -2.8973E+00  -2.8726E+00  -2.8749E+00  -2.8646E+00  -2.8802E+00
   7.0804E-01   7.1304E-01   4.9485E-01   6.8629E-01   8.8629E-01   6.7236E-01
   6.5680E-01   4.3582E-01   4.2888E-01   6.7786E-01   6.6588E-01   8.0028E-01
   7.9273E-01  -3.1858E-01   1.2379E-01   2.3662E-01   2.1599E-01   2.1161E-01
   3.1795E-01   3.1860E-01   2.8377E-01   2.8102E-01   1.1242E-01   1.1252E-01
   3.7525E-01   3.7342E-01   7.3030E-02   2.3345E-01   2.2926E-01   4.2623E-03
   1.3768E-03   4.0818E-01   4.0397E-01   2.2509E-01   2.5175E-01   2.5172E-01
   2.9795E-01   2.9287E-01   5.5481E-02   5.4135E-02  -1.9987E-01  -1.9936E-01
  -1.2007E-01  -1.2081E-01   4.5815E-01   4.5877E-01   1.5376E-02   1.2338E-02
  -3.4495E-02  -3.1659E-02  -8.2520E-02  -8.4929E-02  -6.6291E-02  -6.7162E-02
  -2.8037E-02  -3.0200E-02  -2.6755E-01  -2.7100E-01  -1.8728E-01  -1.9063E-01
   5.4139E-02  -1.7303E-01  -1.7629E-01  -1.0053E-01  -9.9217E-02   1.1812E-01
   1.1455E-01   4.0689E-02   3.9784E-02   1.8132E-02   1.5887E-02   6.7416E-03
  -2.1778E-02  -2.3358E-02  -3.3896E-01  -3.3728E-01  -3.1104E-01  -3.0886E-01
  -5.9679E-02  -6.0893E-02  -1.9857E-01  -1.9961E-01   2.1576E-02  -1.1115E-01
  -1.1350E-01   1.2189E-01   5.9901E-02   5.8663E-02  -1.5011E-02  -1.4978E-02
   1.5249E-02   1.5231E-02   4.4246E-02   4.4315E-02   4.3452E-02   4.3475E-02
  -7.8633E-02  -7.8405E-02   7.3953E-02   7.3817E-02   1.5426E-02   1.5394E-02
   2.5783E-02  -1.4672E-02  -1.4658E-02  -3.2519E-02  -3.2498E-02   2.6011E-02
  -9.0550E-02  -3.2265E-02  -3.2321E-02  -9.0707E-02  -8.2383E-03  -8.3887E-03
  -1.2408E-04   1.9960E-04  -1.4492E-04   1.0288E-04   1.9934E-03  -5.6376E-01
   2.8832E-01  -7.3658E-01  -1.8012E+00   1.1700E+00   5.2531E-01  -1.2741E+00
  -1.4008E+00   8.2820E-01   2.2961E+00  -2.6365E+00  -4.2377E-01  -1.7282E-01
  -1.3045E+00   5.8380E-01   4.4735E+00  -4.1558E+00  -9.1709E-01   7.8887E-01
  -5.5888E-01   3.0956E-01   1.6759E+00  -1.9159E+00  -7.7624E-01   4.3662E-01
  -4.6343E-01   1.9035E-01  -5.4727E-01   4.4248E-01  -1.1517E+00   7.6662E-01
   4.7430E-01  -5.4354E-01  -2.7555E-01   3.1159E-02   2.4229E+00  -2.4409E+00
  -5.4461E-01   9.6457E-02   3.9649E-01  -6.4964E-01  -6.2067E-01   3.4200E-01
  -1.3140E+00   9.9828E-01  -6.5199E-01   5.9619E-01   1.5339E+00  -1.3342E+00
   1.8316E+00  -1.7100E+00  -1.2512E-02  -4.9389E-01  -1.5359E-01   1.3778E-01
   2.3876E-02   6.0726E-03   8.4525E-02   8.0711E-06  -4.5860E-01   5.2707E-01
  -4.7478E-01   5.0579E-01   2.1013E+00  -1.8326E+00   7.5705E-01  -5.6739E-01
  -8.3470E-01   7.7547E-01   7.5234E-01  -5.7552E-01   1.4871E+00  -1.3814E+00
  -1.9888E-01   8.6929E-02  -1.1695E+00   1.1296E+00  -1.1572E+00   1.1398E+00
  -1.4965E+00   1.4924E+00   5.6679E-02  -3.3471E-02   2.7562E+00  -2.4175E+00
   2.7373E+00  -2.4300E+00   7.3555E-02  -1.3364E-02   2.0682E+00  -1.8695E+00
  -1.5028E+00   1.4833E+00   7.1642E-01  -6.0403E-01  -8.6562E-01   7.3768E-01
  -9.8713E-01   9.2929E-01   7.1303E-03   7.8590E-03  -3.5017E-01   3.3504E-01
  -6.3793E-01   5.9376E-01  -6.3741E-01   5.9387E-01   7.0090E-01  -6.2261E-01
  -9.9522E-01   9.2114E-01  -3.5078E-01   3.3534E-01  -4.3901E-01   4.1308E-01
   6.9644E-03   7.7635E-03   2.0554E-01  -1.7305E-01  -4.3915E-01   4.1315E-01
   8.4968E-01  -7.5924E-01   2.0538E-01  -1.7311E-01   8.4984E-01  -7.5905E-01
   5.1013E-02  -4.2274E-02   3.3254E-05   1.1700E-04   7.3828E-05   1.2156E-04
  > E    =  -8.412568180060E+02 +/-   3.344187898335E-04
  > varE =   1.119432894836E-02
* Computing derivatives.
    [walltime: 1m9s elapsed, 1h8m remaining]
    [walltime: 1h elapsed, 8m48s remaining]
  Done. [total walltime: 1h8m]
* Optimizing manipulation constant:
  #igrid a___________ E____________________________________ varE____________
     1     Infinity    -8.41256818E+02 +/-   3.34418790E-04   1.11943289E-02
     2     1.0000E+06  -8.41256818E+02 +/-   3.34418762E-04   1.11943271E-02
     3     2.1544E+05  -8.41256818E+02 +/-   3.34418659E-04   1.11943202E-02
     4     4.6416E+04  -8.41256818E+02 +/-   3.34418182E-04   1.11942882E-02
     5     1.0000E+04  -8.41256818E+02 +/-   3.34415961E-04   1.11941396E-02
     6     2.1544E+03  -8.41256819E+02 +/-   3.34405535E-04   1.11934416E-02
     7     4.6416E+02  -8.41256824E+02 +/-   3.34354605E-04   1.11900323E-02
     8     1.0000E+02  -8.41256847E+02 +/-   3.34064791E-04   1.11706420E-02
     9     2.1544E+01  -8.41256914E+02 +/-   3.32005749E-04   1.10333636E-02
    10     4.6416E+00  -8.41249934E+02 +/-   3.98176167E-04   1.58696462E-02
    11     1.0000E+00  -8.41142082E+02 +/-   9.70262681E-04   9.42313423E-02
    12     2.1544E-01  -8.40775497E+02 +/-   8.96086549E-03   8.03741956E+00
    13     4.6416E-02 (error)
    14     1.0000E-02 (error)
    15     2.1544E-03 (error)
    16     4.6416E-04 (error)
    17     1.0000E-04 (error)
    18     2.1544E-05 (error)
    19     4.6416E-06 (error)
    20     1.0000E-06 (error)
    21     0.0000E+00 (error)
  ParMin   4.5702E+01  -8.41256879E+02 +/-   3.33477704E-04   1.11314138E-02
  # Using grid point #9
* Iteration # 1: E =  -8.412569140978E+02 +/-   3.320057492495E-04
* Reached maximum number of iterations: exiting.
* After optimization:
  -3.0151E+00  -3.0195E+00  -2.9950E+00  -2.9976E+00  -2.9876E+00  -3.0023E+00
   6.9976E-01   7.0483E-01   4.2680E-01   8.3934E-01   7.9630E-01   7.9137E-01
   7.7610E-01   3.8032E-01   3.7336E-01   6.8600E-01   6.7436E-01   9.1383E-01
   9.0622E-01  -3.6144E-01   2.0817E-01   3.0845E-01   2.3492E-01   2.3067E-01
   3.9838E-01   3.9873E-01   3.1585E-01   3.1318E-01   1.5407E-01   1.5403E-01
   4.8817E-01   4.8642E-01   2.8426E-03   2.4128E-01   2.3722E-01  -5.1552E-02
  -5.4339E-02   4.4084E-01   4.3676E-01   1.5505E-01   2.9376E-01   2.9366E-01
   4.1650E-01   4.1167E-01   1.3433E-01   1.3299E-01  -1.4762E-01  -1.4721E-01
  -1.0103E-01  -1.0179E-01   4.4920E-01   4.4982E-01   1.8775E-02   1.5974E-02
  -3.6238E-02  -3.3423E-02  -8.1132E-02  -8.3752E-02  -3.0426E-02  -3.1273E-02
   7.5933E-03   5.5664E-03  -2.5730E-01  -2.6061E-01  -2.6731E-01  -2.7060E-01
   1.3129E-01  -2.5218E-01  -2.5549E-01  -4.8337E-02  -4.6879E-02   1.2144E-01
   1.1813E-01   1.4983E-01   1.4909E-01   1.2730E-01   1.2507E-01   1.4704E-01
  -2.9800E-02  -3.1327E-02  -4.1018E-01  -4.0843E-01  -3.8240E-01  -3.8014E-01
  -6.7058E-02  -6.8323E-02  -1.8830E-01  -1.8927E-01   1.6167E-01  -2.0050E-01
  -2.0282E-01   1.9924E-01   1.5730E-01   1.5623E-01  -2.9479E-02  -2.9475E-02
   3.1266E-02   3.1201E-02   1.1165E-01   1.1168E-01   1.1025E-01   1.1021E-01
  -1.6904E-01  -1.6882E-01   1.7126E-01   1.7088E-01   3.1695E-02   3.1568E-02
   8.4457E-02  -2.8897E-02  -2.8825E-02  -5.4495E-02  -5.4505E-02   8.5293E-02
  -1.9300E-01  -5.3972E-02  -5.3919E-02  -1.9337E-01  -6.0094E-03  -6.3415E-03
  -4.6002E-06   3.5863E-04  -1.1816E-04   2.1010E-04   9.1765E-02  -6.4560E-01
   9.7081E-01  -1.3517E+00  -3.4997E+00   2.7158E+00   1.5082E+00  -2.1668E+00
  -2.7398E+00   2.0489E+00   2.8314E+00  -3.1168E+00  -5.7360E-01  -3.1524E-02
  -2.5564E+00   1.7214E+00   4.8632E+00  -4.5027E+00  -1.8972E+00   1.6850E+00
  -1.3609E+00   1.0398E+00   1.3819E+00  -1.6401E+00  -1.6683E+00   1.2482E+00
  -8.2358E-01   5.1756E-01  -1.0556E+00   9.0850E-01  -2.4017E+00   1.9048E+00
   1.1557E+00  -1.1579E+00  -4.2484E-01   1.7234E-01   2.9589E+00  -2.9209E+00
  -9.0403E-01   4.2365E-01   1.0808E+00  -1.2631E+00  -1.1292E+00   8.0874E-01
  -2.6527E+00   2.2178E+00  -1.5432E+00   1.4080E+00   8.7930E-01  -7.3362E-01
   1.5369E+00  -1.4341E+00   7.7688E-02  -5.7519E-01  -3.0063E-01   2.8124E-01
   2.4883E-02   7.1403E-03   2.5358E-02   5.9007E-02  -9.6458E-01   9.9697E-01
  -9.8080E-01   9.7568E-01   1.8972E+00  -1.6387E+00   1.5898E+00  -1.3203E+00
  -1.8115E+00   1.6755E+00   1.5841E+00  -1.3294E+00   8.3448E-01  -7.7986E-01
  -3.4567E-01   2.3072E-01  -2.5061E+00   2.3553E+00  -2.4937E+00   2.3653E+00
  -3.1919E+00   3.0444E+00   1.4767E-03   2.9844E-02   3.4442E+00  -3.0346E+00
   3.4260E+00  -3.0469E+00   1.7357E-02   4.9809E-02   1.8633E+00  -1.6755E+00
  -3.1967E+00   3.0330E+00   1.5536E+00  -1.3529E+00  -1.8426E+00   1.6375E+00
  -2.2314E+00   2.0759E+00   1.3974E-02   1.5421E-02  -7.0147E-01   6.7013E-01
  -1.5241E+00   1.4128E+00  -1.5233E+00   1.4131E+00   1.5384E+00  -1.3702E+00
  -2.2394E+00   2.0688E+00  -7.0260E-01   6.7011E-01  -1.2351E+00   1.1498E+00
   1.3675E-02   1.5221E-02   3.0219E-01  -2.4742E-01  -1.2351E+00   1.1502E+00
   1.8381E+00  -1.6457E+00   3.0171E-01  -2.4780E-01   1.8382E+00  -1.6454E+00
  -8.4937E-03   1.6099E-02   3.1995E-05   1.2716E-04   5.0319E-05   1.5387E-04
  > Energy =  -8.412569140978E+02 +/-   3.320057492495E-04
  > varE =   1.103336362395E-02

VMC #3:
* Size of Hilbert space =   4.9763E+11
* Number of equil. steps   = 1000
* Running VMC equilibration.
  Done. [total walltime: 0.02s]
* Equil. acc.ratio (%)     =  15.5813
* Sample config after equilibration:
  +---------------------+
  |  d   2   u   u   2  |
  |u   0   d   2   0   0|
  |u   u   d   0   d   d|
  |  d   d   2   u   u  |
  +---------------------+
* Number of accum. steps   = 500480 x 10
* Running VMC accumulation.
    [walltime: 1m elapsed, 5m22s remaining]
  Done. [total walltime: 6m22s]
* Acceptance ratio (%)     =  15.6168
* Etot/t                   =  -8.412564727284E+02 +/-   1.463121471361E-04
  > Ttot/t                 =  -7.561654827802E+01 +/-   9.240284844414E-04
  > Utot/t                 =   3.306121743614E+01 +/-   9.215172715923E-04
* var[Eloc/t]              =   1.107699670222E-02 +/-   6.051248987262E-05
* Correlation length       =   9.672204447758E-01
* log10 Psi^2 range: -26.314922602190276 -- -16.440017377360270
* log10 Pgen range : -26.314922602190276 -- -16.440017377360270
* Site occupation (ave. no. electrons per config.):
  > Site_  ___eu____  ___ed____
      1        0.499      0.495
      2        0.496      0.500
      3        0.500      0.503
      4        0.503      0.500
      5        0.502      0.505
      6        0.503      0.502
      7        0.500      0.503
      8        0.497      0.500
      9        0.496      0.498
     10        0.501      0.497
     11        0.505      0.503
     12        0.505      0.503
     13        0.499      0.500
     14        0.495      0.496
     15        0.500      0.498
     16        0.503      0.502
     17        0.505      0.503
     18        0.502      0.504
     19        0.496      0.497
     20        0.499      0.497
     21        0.497      0.497
     22        0.496      0.496
* Pair-correlation analysis (ave. no. pairs per config.):
  > Shell  nsite  ___dh____  __eueu___  __eued___
      0      1        0          0          3.970
      1      0        0.951      0.514      2.556
      2      0        0.289      0.709      1.044
      3      0        0.275      0.730      1.040
      4      0        0.244      0.773      1.045
      5      0        0.785      0.897      2.368
      6      0        0.683      1.142      2.247
      7      0        0.580      1.365      2.150
      8      0        0.472      1.558      2.063
      9      0        0.081      0.417      0.567
     10      0        0.157      0.842      1.127
     11      0        0.150      0.864      1.073
     12      0        0.248      2.093      1.958
     13      0        0.242      2.071      1.944
     14      0        0.287      1.911      2.043
     15      0        0.326      1.876      2.029
     16      0        0.256      2.034      1.952
     17      0        0.167      0.933      1.014
     18      0        0.264      2.077      1.946
     19      0        0.267      2.098      1.932
     20      0        0.250      2.087      1.942
     21      0        0.146      1.030      0.962
     22      0        0.287      2.060      1.928
     23      0        0.256      2.113      1.921
     24      0        0.238      1.982      2.036
     25      0        0.268      2.042      1.968
     26      0        0.245      1.985      2.072
     27      0        0.223      2.118      1.932
     28      0        0.270      2.034      1.974
     29      0        0.244      2.055      1.982
     30      0        0.266      2.000      1.969
     31      0        0.309      1.930      2.006
     32      0        0.299      2.000      1.954
     33      0        0.237      2.003      2.023
     34      0        0.277      1.959      2.018
     35      0        0.121      1.005      1.020
     36      0        0.265      2.019      1.981
     37      0        0.286      1.906      2.069
     38      0        0.285      1.935      2.041
     39      0        0.266      1.982      2.021
     40      0        0.264      2.018      1.990
     41      0        0.149      0.977      0.994
     42      0        0.268      1.972      1.991
     43      0        0.245      2.031      2.007
     44      0        0.247      1.996      2.041
     45      0        0.267      1.990      1.976
     46      0        0.241      2.020      1.999
     47      0        0.147      0.994      0.980
     48      0        0.274      1.979      2.002
     49      0        0.120      1.023      1.005
     50      0        0.261      1.988      1.982
     51      0        0.239      2.026      2.019
     52      0        0.269      1.987      1.996
     53      0        0.235      2.016      2.008
     54      0        0.240      2.003      2.012
     55      0        0.279      1.996      1.976
     56      0        0.265      1.976      1.983
     57      0        0.265      1.999      1.990
     58      0        0.117      0.996      0.995
     59      0        0.241      2.013      2.028
     60      0        0.234      2.006      2.004
     61      0        0.114      0.998      0.997
     62      0        0.120      1.007      1.006
     63      0        0.236      1.999      2.004
     64      0        0.120      1.006      1.007
     65      0        0.275      1.953      1.998
     66      0        0.131      0.938      1.064
     67      0        0.065      0.471      0.529
     68      0        0.065      0.469      0.533

Optimization #3:
* Method          : lls
* Target function : energy
* No. of configs. : 100096
* No. of params.  : 258
* Before optimization:
  -3.0151E+00  -3.0195E+00  -2.9950E+00  -2.9976E+00  -2.9876E+00  -3.0023E+00
   6.9976E-01   7.0483E-01   4.2680E-01   8.3934E-01   7.9630E-01   7.9137E-01
   7.7610E-01   3.8032E-01   3.7336E-01   6.8600E-01   6.7436E-01   9.1383E-01
   9.0622E-01  -3.6144E-01   2.0817E-01   3.0845E-01   2.3492E-01   2.3067E-01
   3.9838E-01   3.9873E-01   3.1585E-01   3.1318E-01   1.5407E-01   1.5403E-01
   4.8817E-01   4.8642E-01   2.8426E-03   2.4128E-01   2.3722E-01  -5.1552E-02
  -5.4339E-02   4.4084E-01   4.3676E-01   1.5505E-01   2.9376E-01   2.9366E-01
   4.1650E-01   4.1167E-01   1.3433E-01   1.3299E-01  -1.4762E-01  -1.4721E-01
  -1.0103E-01  -1.0179E-01   4.4920E-01   4.4982E-01   1.8775E-02   1.5974E-02
  -3.6238E-02  -3.3423E-02  -8.1132E-02  -8.3752E-02  -3.0426E-02  -3.1273E-02
   7.5933E-03   5.5664E-03  -2.5730E-01  -2.6061E-01  -2.6731E-01  -2.7060E-01
   1.3129E-01  -2.5218E-01  -2.5549E-01  -4.8337E-02  -4.6879E-02   1.2144E-01
   1.1813E-01   1.4983E-01   1.4909E-01   1.2730E-01   1.2507E-01   1.4704E-01
  -2.9800E-02  -3.1327E-02  -4.1018E-01  -4.0843E-01  -3.8240E-01  -3.8014E-01
  -6.7058E-02  -6.8323E-02  -1.8830E-01  -1.8927E-01   1.6167E-01  -2.0050E-01
  -2.0282E-01   1.9924E-01   1.5730E-01   1.5623E-01  -2.9479E-02  -2.9475E-02
   3.1266E-02   3.1201E-02   1.1165E-01   1.1168E-01   1.1025E-01   1.1021E-01
  -1.6904E-01  -1.6882E-01   1.7126E-01   1.7088E-01   3.1695E-02   3.1568E-02
   8.4457E-02  -2.8897E-02  -2.8825E-02  -5.4495E-02  -5.4505E-02   8.5293E-02
  -1.9300E-01  -5.3972E-02  -5.3919E-02  -1.9337E-01  -6.0094E-03  -6.3415E-03
  -4.6002E-06   3.5863E-04  -1.1816E-04   2.1010E-04   9.1765E-02  -6.4560E-01
   9.7081E-01  -1.3517E+00  -3.4997E+00   2.7158E+00   1.5082E+00  -2.1668E+00
  -2.7398E+00   2.0489E+00   2.8314E+00  -3.1168E+00  -5.7360E-01  -3.1524E-02
  -2.5564E+00   1.7214E+00   4.8632E+00  -4.5027E+00  -1.8972E+00   1.6850E+00
  -1.3609E+00   1.0398E+00   1.3819E+00  -1.6401E+00  -1.6683E+00   1.2482E+00
  -8.2358E-01   5.1756E-01  -1.0556E+00   9.0850E-01  -2.4017E+00   1.9048E+00
   1.1557E+00  -1.1579E+00  -4.2484E-01   1.7234E-01   2.9589E+00  -2.9209E+00
  -9.0403E-01   4.2365E-01   1.0808E+00  -1.2631E+00  -1.1292E+00   8.0874E-01
  -2.6527E+00   2.2178E+00  -1.5432E+00   1.4080E+00   8.7930E-01  -7.3362E-01
   1.5369E+00  -1.4341E+00   7.7688E-02  -5.7519E-01  -3.0063E-01   2.8124E-01
   2.4883E-02   7.1403E-03   2.5358E-02   5.9007E-02  -9.6458E-01   9.9697E-01
  -9.8080E-01   9.7568E-01   1.8972E+00  -1.6387E+00   1.5898E+00  -1.3203E+00
  -1.8115E+00   1.6755E+00   1.5841E+00  -1.3294E+00   8.3448E-01  -7.7986E-01
  -3.4567E-01   2.3072E-01  -2.5061E+00   2.3553E+00  -2.4937E+00   2.3653E+00
  -3.1919E+00   3.0444E+00   1.4767E-03   2.9844E-02   3.4442E+00  -3.0346E+00
   3.4260E+00  -3.0469E+00   1.7357E-02   4.9809E-02   1.8633E+00  -1.6755E+00
  -3.1967E+00   3.0330E+00   1.5536E+00  -1.3529E+00  -1.8426E+00   1.6375E+00
  -2.2314E+00   2.0759E+00   1.3974E-02   1.5421E-02  -7.0147E-01   6.7013E-01
  -1.5241E+00   1.4128E+00  -1.5233E+00   1.4131E+00   1.5384E+00  -1.3702E+00
  -2.2394E+00   2.0688E+00  -7.0260E-01   6.7011E-01  -1.2351E+00   1.1498E+00
   1.3675E-02   1.5221E-02   3.0219E-01  -2.4742E-01  -1.2351E+00   1.1502E+00
   1.8381E+00  -1.6457E+00   3.0171E-01  -2.4780E-01   1.8382E+00  -1.6454E+00
  -8.4937E-03   1.6099E-02   3.1995E-05   1.2716E-04   5.0319E-05   1.5387E-04
  > E    =  -8.412567525559E+02 +/-   3.289753992142E-04
  > varE =   1.083287091089E-02
* Computing derivatives.
    [walltime: 1m9s elapsed, 1h8m remaining]
    [walltime: 1h elapsed, 8m43s remaining]
  Done. [total walltime: 1h8m]
* Optimizing manipulation constant:
  #igrid a___________ E____________________________________ varE____________
     1     Infinity    -8.41256753E+02 +/-   3.28975399E-04   1.08328709E-02
     2     1.0000E+06  -8.41256753E+02 +/-   3.28975372E-04   1.08328691E-02
     3     2.1544E+05  -8.41256753E+02 +/-   3.28975274E-04   1.08328627E-02
     4     4.6416E+04  -8.41256753E+02 +/-   3.28974820E-04   1.08328328E-02
     5     1.0000E+04  -8.41256753E+02 +/-   3.28972711E-04   1.08326939E-02
     6     2.1544E+03  -8.41256754E+02 +/-   3.28962917E-04   1.08320488E-02
     7     4.6416E+02  -8.41256758E+02 +/-   3.28917317E-04   1.08290460E-02
     8     1.0000E+02  -8.41256779E+02 +/-   3.28702710E-04   1.08149195E-02
     9     2.1544E+01  -8.41256869E+02 +/-   3.27650684E-04   1.07458032E-02
    10     4.6416E+00  -8.41256872E+02 +/-   3.24742799E-04   1.05559125E-02
    11     1.0000E+00  -8.41174971E+02 +/-   8.21436245E-04   6.75405272E-02
    12     2.1544E-01   1.31785669E+04 +/-   1.01811207E+05   1.03754727E+15
    13     4.6416E-02   6.58720999E+08 +/-   1.22882458E+13   1.51145946E+31
    14     1.0000E-02  -8.39051253E+02 +/-   3.62558039E-03   1.31574522E+00
    15     2.1544E-03  -8.38577216E+02 +/-   1.11491445E-02   1.24422754E+01
    16     4.6416E-04  -8.38547158E+02 +/-   1.50803346E-02   2.27634812E+01
    17     1.0000E-04  -8.38542918E+02 +/-   1.61532896E-02   2.61179256E+01
    18     2.1544E-05  -8.38542102E+02 +/-   1.63964862E-02   2.69102851E+01
    19     4.6416E-06  -8.38541930E+02 +/-   1.64494490E-02   2.70844135E+01
    20     1.0000E-06  -8.38541893E+02 +/-   1.64608857E-02   2.71220881E+01
    21     0.0000E+00  -8.38541883E+02 +/-   1.64640276E-02   2.71324427E+01
  ParMin   9.9978E+00  -8.41256966E+02 +/-   3.26070437E-04   1.06423999E-02
  # Using parabolic minimum
* Iteration # 1: E =  -8.412569662981E+02 +/-   3.260704371211E-04
* Reached maximum number of iterations: exiting.
* After optimization:
  -2.8282E+00  -2.8325E+00  -2.8077E+00  -2.8099E+00  -2.8020E+00  -2.8151E+00
   6.5422E-01   6.5896E-01   3.1607E-01   9.0600E-01   5.7641E-01   9.2996E-01
   9.1527E-01   3.0294E-01   2.9561E-01   7.3502E-01   7.2392E-01   1.0114E+00
   1.0037E+00  -4.0436E-01   4.1708E-01   4.3337E-01   3.1400E-01   3.1039E-01
   5.6907E-01   5.6931E-01   2.4027E-01   2.3811E-01   1.3022E-01   1.3007E-01
   5.8470E-01   5.8303E-01  -1.1209E-01   2.8971E-01   2.8615E-01  -1.2894E-01
  -1.3179E-01   3.6684E-01   3.6284E-01   3.9870E-02   2.7038E-01   2.7011E-01
   5.5406E-01   5.4950E-01   3.0208E-01   3.0086E-01  -1.4237E-01  -1.4210E-01
  -2.1909E-02  -2.2786E-02   4.0197E-01   4.0258E-01   5.8003E-02   5.5561E-02
  -4.0053E-02  -3.7356E-02  -7.6075E-02  -7.8440E-02  -6.6633E-02  -6.7536E-02
  -2.9004E-02  -3.0645E-02  -2.2560E-01  -2.2880E-01  -4.3492E-01  -4.3815E-01
   3.2564E-01  -4.1851E-01  -4.2158E-01  -4.2957E-02  -4.1783E-02   1.6068E-01
   1.5796E-01   2.6796E-01   2.6744E-01   2.4511E-01   2.4310E-01   1.8737E-01
  -4.3273E-02  -4.4535E-02  -5.5186E-01  -5.5020E-01  -5.2427E-01  -5.2202E-01
  -7.9443E-02  -8.0890E-02  -1.5651E-01  -1.5745E-01   2.0188E-01  -3.8724E-01
  -3.8954E-01   3.9417E-01   2.2170E-01   2.2050E-01  -5.9167E-02  -5.8579E-02
  -7.7342E-02  -7.8186E-02   2.5687E-01   2.5644E-01   2.5337E-01   2.5319E-01
  -3.5739E-01  -3.5758E-01   2.3551E-01   2.3484E-01  -7.6476E-02  -7.6893E-02
   1.8205E-01  -5.7642E-02  -5.7227E-02  -1.2925E-01  -1.2932E-01   1.8333E-01
  -4.3945E-01  -1.2816E-01  -1.2815E-01  -4.4053E-01   7.4359E-04   1.2442E-04
   3.2963E-05   7.2603E-04  -4.8205E-05   6.1578E-04   6.0037E-01  -1.1089E+00
   2.0546E+00  -2.3250E+00  -4.2637E+00   3.4123E+00   3.9176E+00  -4.3557E+00
  -4.3244E+00   3.4940E+00   3.5286E+00  -3.7378E+00  -1.2344E+00   5.7874E-01
  -3.6347E+00   2.7015E+00   5.1742E+00  -4.7715E+00  -4.3010E+00   3.8803E+00
  -2.7516E+00   2.3056E+00   3.3686E-01  -6.7475E-01  -3.5674E+00   2.9767E+00
  -1.0883E-03  -2.2900E-01  -8.9489E-01   7.7117E-01  -3.4793E+00   2.8857E+00
   2.2414E+00  -2.1296E+00  -1.0848E+00   7.8411E-01   3.6565E+00  -3.5410E+00
  -8.1635E-02  -3.2381E-01   2.1662E+00  -2.2341E+00  -9.6893E-01   6.7130E-01
  -4.2362E+00   3.6645E+00  -3.4410E+00   3.1383E+00   6.5613E-01  -5.1562E-01
   4.9247E-01  -4.6810E-01   5.8753E-01  -1.0374E+00  -9.5634E-01   8.9796E-01
   2.6847E-02   9.1807E-03  -1.2930E-01   2.0582E-01  -7.9780E-01   8.6621E-01
  -8.1413E-01   8.4505E-01   1.3621E+00  -1.1350E+00   3.3370E+00  -2.9001E+00
  -4.2096E+00   3.8770E+00   3.3305E+00  -2.9093E+00   6.1047E-01  -5.6160E-01
  -1.0017E+00   8.4887E-01  -4.0806E+00   3.8122E+00  -4.0689E+00   3.8217E+00
  -3.9448E+00   3.7567E+00  -1.4304E-01   1.8692E-01   4.8094E+00  -4.2577E+00
   4.7908E+00  -4.2695E+00  -1.2691E-01   2.0589E-01   1.3277E+00  -1.1718E+00
  -3.9473E+00   3.7430E+00   3.3109E+00  -2.9232E+00  -4.2403E+00   3.8394E+00
  -3.2939E+00   3.0736E+00   2.8049E-02   3.0667E-02   1.3692E-01  -5.9571E-02
  -3.4125E+00   3.1545E+00  -3.4074E+00   3.1561E+00   3.2954E+00  -2.9391E+00
  -3.3016E+00   3.0669E+00   1.3643E-01  -6.0223E-02  -2.6132E+00   2.4308E+00
   2.7264E-02   3.0048E-02   8.2428E-01  -6.9555E-01  -2.6128E+00   2.4298E+00
   4.2604E+00  -3.8210E+00   8.2397E-01  -6.9552E-01   4.2582E+00  -3.8201E+00
  -1.6189E-01   1.6431E-01   9.7658E-05   3.0857E-04   3.4886E-04   4.2832E-04
  > Energy =  -8.412569662981E+02 +/-   3.260704371211E-04
  > varE =   1.064239990171E-02

VMC #4:
* Size of Hilbert space =   4.9763E+11
* Number of equil. steps   = 1000
* Running VMC equilibration.
  Done. [total walltime: 0.02s]
* Equil. acc.ratio (%)     =  15.5765
* Sample config after equilibration:
  +---------------------+
  |  0   0   d   u   u  |
  |u   2   2   u   0   d|
  |d   u   d   d   d   0|
  |  2   0   u   2   2  |
  +---------------------+
* Number of accum. steps   = 500480 x 10
* Running VMC accumulation.
    [walltime: 1m elapsed, 5m16s remaining]
  Done. [total walltime: 6m20s]
* Acceptance ratio (%)     =  15.6257
* Etot/t                   =  -8.412567822694E+02 +/-   1.497077072612E-04
  > Ttot/t                 =  -7.561913517149E+01 +/-   9.264049491375E-04
  > Utot/t                 =   3.306349478864E+01 +/-   9.172535708282E-04
* var[Eloc/t]              =   1.086237389802E-02 +/-   7.971995970763E-05
* Correlation length       =   1.032643219878E+00
* log10 Psi^2 range: -25.139604611788414 -- -14.755771048518385
* log10 Pgen range : -25.139604611788414 -- -14.755771048518385
* Site occupation (ave. no. electrons per config.):
  > Site_  ___eu____  ___ed____
      1        0.499      0.495
      2        0.499      0.496
      3        0.505      0.500
      4        0.503      0.500
      5        0.502      0.503
      6        0.501      0.504
      7        0.502      0.503
      8        0.501      0.496
      9        0.499      0.497
     10        0.496      0.500
     11        0.505      0.504
     12        0.503      0.502
     13        0.496      0.501
     14        0.495      0.498
     15        0.499      0.496
     16        0.498      0.505
     17        0.501      0.505
     18        0.503      0.503
     19        0.496      0.499
     20        0.497      0.498
     21        0.500      0.498
     22        0.501      0.495
* Pair-correlation analysis (ave. no. pairs per config.):
  > Shell  nsite  ___dh____  __eueu___  __eued___
      0      1        0          0          3.966
      1      0        0.949      0.508      2.560
      2      0        0.288      0.708      1.051
      3      0        0.272      0.731      1.048
      4      0        0.240      0.775      1.050
      5      0        0.785      0.893      2.371
      6      0        0.684      1.145      2.247
      7      0        0.579      1.368      2.146
      8      0        0.468      1.561      2.065
      9      0        0.080      0.417      0.566
     10      0        0.159      0.837      1.124
     11      0        0.150      0.858      1.070
     12      0        0.251      2.089      1.954
     13      0        0.240      2.065      1.936
     14      0        0.286      1.913      2.047
     15      0        0.324      1.882      2.035
     16      0        0.252      2.036      1.952
     17      0        0.168      0.932      1.022
     18      0        0.261      2.081      1.946
     19      0        0.265      2.103      1.929
     20      0        0.251      2.092      1.943
     21      0        0.147      1.033      0.963
     22      0        0.287      2.064      1.935
     23      0        0.258      2.120      1.914
     24      0        0.239      1.969      2.034
     25      0        0.264      2.044      1.974
     26      0        0.247      1.978      2.067
     27      0        0.224      2.118      1.921
     28      0        0.270      2.034      1.972
     29      0        0.240      2.061      1.979
     30      0        0.264      1.999      1.969
     31      0        0.307      1.938      2.011
     32      0        0.297      2.011      1.958
     33      0        0.239      1.998      2.014
     34      0        0.276      1.963      2.022
     35      0        0.121      1.002      1.019
     36      0        0.266      2.022      1.982
     37      0        0.290      1.904      2.071
     38      0        0.285      1.934      2.043
     39      0        0.266      1.984      2.019
     40      0        0.268      2.014      1.989
     41      0        0.148      0.981      0.999
     42      0        0.267      1.970      1.990
     43      0        0.244      2.032      2.009
     44      0        0.251      1.988      2.043
     45      0        0.268      1.987      1.974
     46      0        0.240      2.023      1.990
     47      0        0.147      0.997      0.983
     48      0        0.273      1.982      2.008
     49      0        0.121      1.019      1.000
     50      0        0.260      1.987      1.978
     51      0        0.239      2.023      2.016
     52      0        0.268      1.989      2.001
     53      0        0.233      2.009      2.003
     54      0        0.235      2.003      2.005
     55      0        0.274      2.005      1.981
     56      0        0.264      1.976      1.983
     57      0        0.264      2.003      1.996
     58      0        0.115      0.990      0.995
     59      0        0.239      2.011      2.027
     60      0        0.231      2.007      1.999
     61      0        0.116      0.992      0.993
     62      0        0.120      1.008      1.006
     63      0        0.236      2.000      2.002
     64      0        0.120      1.006      1.010
     65      0        0.272      1.954      2.001
     66      0        0.131      0.935      1.064
     67      0        0.065      0.470      0.531
     68      0        0.065      0.469      0.531

Optimization #4:
* Method          : lls
* Target function : energy
* No. of configs. : 100096
* No. of params.  : 258
* Before optimization:
  -2.8282E+00  -2.8325E+00  -2.8077E+00  -2.8099E+00  -2.8020E+00  -2.8151E+00
   6.5422E-01   6.5896E-01   3.1607E-01   9.0600E-01   5.7641E-01   9.2996E-01
   9.1527E-01   3.0294E-01   2.9561E-01   7.3502E-01   7.2392E-01   1.0114E+00
   1.0037E+00  -4.0436E-01   4.1708E-01   4.3337E-01   3.1400E-01   3.1039E-01
   5.6907E-01   5.6931E-01   2.4027E-01   2.3811E-01   1.3022E-01   1.3007E-01
   5.8470E-01   5.8303E-01  -1.1209E-01   2.8971E-01   2.8615E-01  -1.2894E-01
  -1.3179E-01   3.6684E-01   3.6284E-01   3.9870E-02   2.7038E-01   2.7011E-01
   5.5406E-01   5.4950E-01   3.0208E-01   3.0086E-01  -1.4237E-01  -1.4210E-01
  -2.1909E-02  -2.2786E-02   4.0197E-01   4.0258E-01   5.8003E-02   5.5561E-02
  -4.0053E-02  -3.7356E-02  -7.6075E-02  -7.8440E-02  -6.6633E-02  -6.7536E-02
  -2.9004E-02  -3.0645E-02  -2.2560E-01  -2.2880E-01  -4.3492E-01  -4.3815E-01
   3.2564E-01  -4.1851E-01  -4.2158E-01  -4.2957E-02  -4.1783E-02   1.6068E-01
   1.5796E-01   2.6796E-01   2.6744E-01   2.4511E-01   2.4310E-01   1.8737E-01
  -4.3273E-02  -4.4535E-02  -5.5186E-01  -5.5020E-01  -5.2427E-01  -5.2202E-01
  -7.9443E-02  -8.0890E-02  -1.5651E-01  -1.5745E-01   2.0188E-01  -3.8724E-01
  -3.8954E-01   3.9417E-01   2.2170E-01   2.2050E-01  -5.9167E-02  -5.8579E-02
  -7.7342E-02  -7.8186E-02   2.5687E-01   2.5644E-01   2.5337E-01   2.5319E-01
  -3.5739E-01  -3.5758E-01   2.3551E-01   2.3484E-01  -7.6476E-02  -7.6893E-02
   1.8205E-01  -5.7642E-02  -5.7227E-02  -1.2925E-01  -1.2932E-01   1.8333E-01
  -4.3945E-01  -1.2816E-01  -1.2815E-01  -4.4053E-01   7.4359E-04   1.2442E-04
   3.2963E-05   7.2603E-04  -4.8205E-05   6.1578E-04   6.0037E-01  -1.1089E+00
   2.0546E+00  -2.3250E+00  -4.2637E+00   3.4123E+00   3.9176E+00  -4.3557E+00
  -4.3244E+00   3.4940E+00   3.5286E+00  -3.7378E+00  -1.2344E+00   5.7874E-01
  -3.6347E+00   2.7015E+00   5.1742E+00  -4.7715E+00  -4.3010E+00   3.8803E+00
  -2.7516E+00   2.3056E+00   3.3686E-01  -6.7475E-01  -3.5674E+00   2.9767E+00
  -1.0883E-03  -2.2900E-01  -8.9489E-01   7.7117E-01  -3.4793E+00   2.8857E+00
   2.2414E+00  -2.1296E+00  -1.0848E+00   7.8411E-01   3.6565E+00  -3.5410E+00
  -8.1635E-02  -3.2381E-01   2.1662E+00  -2.2341E+00  -9.6893E-01   6.7130E-01
  -4.2362E+00   3.6645E+00  -3.4410E+00   3.1383E+00   6.5613E-01  -5.1562E-01
   4.9247E-01  -4.6810E-01   5.8753E-01  -1.0374E+00  -9.5634E-01   8.9796E-01
   2.6847E-02   9.1807E-03  -1.2930E-01   2.0582E-01  -7.9780E-01   8.6621E-01
  -8.1413E-01   8.4505E-01   1.3621E+00  -1.1350E+00   3.3370E+00  -2.9001E+00
  -4.2096E+00   3.8770E+00   3.3305E+00  -2.9093E+00   6.1047E-01  -5.6160E-01
  -1.0017E+00   8.4887E-01  -4.0806E+00   3.8122E+00  -4.0689E+00   3.8217E+00
  -3.9448E+00   3.7567E+00  -1.4304E-01   1.8692E-01   4.8094E+00  -4.2577E+00
   4.7908E+00  -4.2695E+00  -1.2691E-01   2.0589E-01   1.3277E+00  -1.1718E+00
  -3.9473E+00   3.7430E+00   3.3109E+00  -2.9232E+00  -4.2403E+00   3.8394E+00
  -3.2939E+00   3.0736E+00   2.8049E-02   3.0667E-02   1.3692E-01  -5.9571E-02
  -3.4125E+00   3.1545E+00  -3.4074E+00   3.1561E+00   3.2954E+00  -2.9391E+00
  -3.3016E+00   3.0669E+00   1.3643E-01  -6.0223E-02  -2.6132E+00   2.4308E+00
   2.7264E-02   3.0048E-02   8.2428E-01  -6.9555E-01  -2.6128E+00   2.4298E+00
   4.2604E+00  -3.8210E+00   8.2397E-01  -6.9552E-01   4.2582E+00  -3.8201E+00
  -1.6189E-01   1.6431E-01   9.7658E-05   3.0857E-04   3.4886E-04   4.2832E-04
  > E    =  -8.412568415804E+02 +/-   3.285082401118E-04
  > varE =   1.080212647786E-02
* Computing derivatives.
    [walltime: 1m9s elapsed, 1h8m remaining]
    [walltime: 1h elapsed, 8m49s remaining]
  Done. [total walltime: 1h8m]
* Optimizing manipulation constant:
  #igrid a___________ E____________________________________ varE____________
     1     Infinity    -8.41256842E+02 +/-   3.28508240E-04   1.08021265E-02
     2     1.0000E+06  -8.41256842E+02 +/-   3.28508216E-04   1.08021249E-02
     3     2.1544E+05  -8.41256842E+02 +/-   3.28508130E-04   1.08021192E-02
     4     4.6416E+04  -8.41256842E+02 +/-   3.28507728E-04   1.08020928E-02
     5     1.0000E+04  -8.41256842E+02 +/-   3.28505862E-04   1.08019701E-02
     6     2.1544E+03  -8.41256843E+02 +/-   3.28497188E-04   1.08013996E-02
     7     4.6416E+02  -8.41256847E+02 +/-   3.28456629E-04   1.07987325E-02
     8     1.0000E+02  -8.41256866E+02 +/-   3.28262053E-04   1.07859421E-02
     9     2.1544E+01  -8.41256947E+02 +/-   3.27249425E-04   1.07194995E-02
    10     4.6416E+00  -8.41256455E+02 +/-   3.29568413E-04   1.08719610E-02
    11     1.0000E+00   1.36508575E+35 +/-   5.17643604E+38   2.68212137E+82
    12     2.1544E-01  -8.39604277E+02 +/-   8.54480942E-03   7.30838613E+00
    13     4.6416E-02  -8.40513135E+02 +/-   1.96727211E-03   3.87387490E-01
    14     1.0000E-02  -8.40437307E+02 +/-   2.00174746E-03   4.01083959E-01
    15     2.1544E-03  -8.40420367E+02 +/-   2.00714770E-03   4.03250938E-01
    16     4.6416E-04  -8.40416691E+02 +/-   2.00820776E-03   4.03676999E-01
    17     1.0000E-04  -8.40415897E+02 +/-   2.00843126E-03   4.03766855E-01
    18     2.1544E-05  -8.40415727E+02 +/-   2.00847918E-03   4.03786124E-01
    19     4.6416E-06  -8.40415690E+02 +/-   2.00848949E-03   4.03790271E-01
    20     1.0000E-06  -8.40415682E+02 +/-   2.00849171E-03   4.03791164E-01
    21     0.0000E+00  -8.40415680E+02 +/-   2.00849232E-03   4.03791409E-01
  ParMin   3.7209E+01  -8.41256906E+02 +/-   3.27811074E-04   1.07563262E-02
  # Using grid point #9
* Iteration # 1: E =  -8.412569473535E+02 +/-   3.272494253442E-04
* Reached maximum number of iterations: exiting.
* After optimization:
  -2.5462E+00  -2.5504E+00  -2.5259E+00  -2.5279E+00  -2.5206E+00  -2.5334E+00
   5.9149E-01   5.9620E-01   3.4662E-01   9.2373E-01   5.6219E-01   9.4355E-01
   9.2915E-01   3.1033E-01   3.0305E-01   7.5505E-01   7.4421E-01   9.6480E-01
   9.5722E-01  -4.2006E-01   4.2623E-01   3.2106E-01   3.0904E-01   3.0558E-01
   5.1940E-01   5.1950E-01   2.4254E-01   2.4050E-01   1.5369E-01   1.5348E-01
   5.3770E-01   5.3609E-01  -8.3144E-02   3.0948E-01   3.0585E-01  -1.2176E-01
  -1.2452E-01   3.6970E-01   3.6574E-01   6.8896E-02   2.9410E-01   2.9386E-01
   5.6736E-01   5.6294E-01   2.5103E-01   2.4984E-01  -1.4412E-01  -1.4383E-01
  -2.6832E-02  -2.7666E-02   3.3864E-01   3.3924E-01   7.3915E-02   7.1495E-02
  -4.1634E-02  -3.9061E-02  -1.1747E-01  -1.1977E-01  -4.8341E-02  -4.9245E-02
  -1.0865E-02  -1.2345E-02  -2.9373E-01  -2.9684E-01  -4.2756E-01  -4.3068E-01
   3.2808E-01  -4.1038E-01  -4.1338E-01  -4.4766E-02  -4.3697E-02   1.7652E-01
   1.7408E-01   2.7278E-01   2.7225E-01   2.4976E-01   2.4790E-01   1.9359E-01
  -9.3244E-02  -9.4452E-02  -5.7141E-01  -5.6982E-01  -5.4398E-01  -5.4186E-01
  -1.2891E-01  -1.3028E-01  -2.2461E-01  -2.2550E-01   2.0794E-01  -3.8859E-01
  -3.9074E-01   3.9706E-01   1.6037E-01   1.5927E-01  -7.2551E-02  -7.2065E-02
  -9.0184E-02  -9.0936E-02   1.9524E-01   1.9477E-01   1.9095E-01   1.9090E-01
  -3.5967E-01  -3.5992E-01   1.7402E-01   1.7346E-01  -8.9016E-02  -8.9395E-02
   5.7260E-02  -7.0850E-02  -7.0477E-02  -2.0494E-01  -2.0498E-01   5.8508E-02
  -4.6582E-01  -2.0381E-01  -2.0378E-01  -4.6688E-01  -3.9879E-02  -4.0498E-02
   3.0271E-06   8.2599E-04   1.4225E-04   7.0791E-04   1.2906E+00  -1.7360E+00
   1.6517E+00  -1.9533E+00  -4.4755E+00   3.6059E+00   4.0700E+00  -4.4939E+00
  -4.5053E+00   3.6613E+00   3.3759E+00  -3.5925E+00  -1.5110E+00   8.3516E-01
  -3.1268E+00   2.2399E+00   5.2712E+00  -4.8525E+00  -4.4509E+00   4.0213E+00
  -1.5240E+00   1.1905E+00   3.1113E-01  -6.4422E-01  -3.0296E+00   2.4890E+00
  -3.0209E-02  -2.0185E-01  -1.2017E+00   1.0542E+00  -2.9712E+00   2.4245E+00
   1.8395E+00  -1.7566E+00  -1.3611E+00   1.0409E+00   3.5038E+00  -3.3957E+00
  -1.1160E-01  -2.9674E-01   1.7640E+00  -1.8612E+00  -1.2759E+00   9.5476E-01
  -4.4169E+00   3.8319E+00  -2.9020E+00   2.6506E+00   6.0057E-01  -4.5798E-01
   4.6678E-01  -4.3745E-01   1.2777E+00  -1.6641E+00  -1.2308E+00   1.1566E+00
   2.7685E-02   9.9476E-03   2.8344E-01  -1.6548E-01  -1.1021E+00   1.1521E+00
  -1.1184E+00   1.1309E+00   2.0263E+00  -1.7312E+00   3.2122E+00  -2.7827E+00
  -4.3562E+00   4.0216E+00   3.2053E+00  -2.7924E+00   5.5452E-01  -5.0391E-01
  -1.2763E+00   1.1074E+00  -4.2571E+00   3.9839E+00  -4.2454E+00   3.9940E+00
  -4.1503E+00   3.9566E+00   2.7349E-01  -1.7994E-01   4.9362E+00  -4.3651E+00
   4.9179E+00  -4.3768E+00   2.8962E-01  -1.6120E-01   1.9918E+00  -1.7683E+00
  -4.1535E+00   3.9430E+00   3.1902E+00  -2.8011E+00  -4.3873E+00   3.9838E+00
  -2.7793E+00   2.6201E+00   3.4437E-02   3.7710E-02   1.1389E-01  -2.4741E-02
  -2.8689E+00   2.6728E+00  -2.8638E+00   2.6747E+00   3.1751E+00  -2.8165E+00
  -2.7868E+00   2.6135E+00   1.1397E-01  -2.4972E-02  -1.3801E+00   1.3217E+00
   3.3532E-02   3.6957E-02   1.5199E+00  -1.3158E+00  -1.3795E+00   1.3207E+00
   4.4187E+00  -3.9528E+00   1.5196E+00  -1.3162E+00   4.4164E+00  -3.9519E+00
   2.5021E-01  -2.0728E-01   2.1078E-04   3.6218E-04   4.7834E-04   4.4834E-04
  > Energy =  -8.412569473535E+02 +/-   3.272494253442E-04
  > varE =   1.071949948870E-02

VMC #5:
* Size of Hilbert space =   4.9763E+11
* Number of equil. steps   = 1000
* Running VMC equilibration.
  Done. [total walltime: 0.02s]
* Equil. acc.ratio (%)     =  15.6419
* Sample config after equilibration:
  +---------------------+
  |  2   d   0   d   d  |
  |0   u   2   u   u   u|
  |2   0   2   0   0   d|
  |  d   u   d   2   u  |
  +---------------------+
* Number of accum. steps   = 500480 x 10
* Running VMC accumulation.
    [walltime: 1m elapsed, 5m19s remaining]
  Done. [total walltime: 6m21s]
* Acceptance ratio (%)     =  15.6034
* Etot/t                   =  -8.412563980650E+02 +/-   1.488330857956E-04
  > Ttot/t                 =  -7.561972258293E+01 +/-   9.211462917633E-04
  > Utot/t                 =   3.306446640441E+01 +/-   9.103970082923E-04
* var[Eloc/t]              =   1.080916837799E-02 +/-   7.141458466625E-05
* Correlation length       =   1.025636380526E+00
* log10 Psi^2 range: -25.558366351624592 -- -13.992232358277297
* log10 Pgen range : -25.558366351624592 -- -13.992232358277297
* Site occupation (ave. no. electrons per config.):
  > Site_  ___eu____  ___ed____
      1        0.494      0.499
      2        0.494      0.497
      3        0.501      0.502
      4        0.500      0.504
      5        0.504      0.505
      6        0.505      0.501
      7        0.502      0.500
      8        0.499      0.500
      9        0.497      0.497
     10        0.500      0.499
     11        0.504      0.501
     12        0.504      0.502
     13        0.500      0.497
     14        0.498      0.498
     15        0.497      0.500
     16        0.503      0.501
     17        0.502      0.502
     18        0.504      0.502
     19        0.499      0.499
     20        0.497      0.497
     21        0.500      0.497
     22        0.496      0.498
* Pair-correlation analysis (ave. no. pairs per config.):
  > Shell  nsite  ___dh____  __eueu___  __eued___
      0      1        0          0          3.965
      1      0        0.954      0.507      2.559
      2      0        0.288      0.711      1.050
      3      0        0.273      0.730      1.042
      4      0        0.238      0.774      1.051
      5      0        0.786      0.891      2.368
      6      0        0.680      1.144      2.254
      7      0        0.579      1.367      2.152
      8      0        0.469      1.563      2.062
      9      0        0.079      0.415      0.567
     10      0        0.157      0.839      1.123
     11      0        0.151      0.861      1.073
     12      0        0.249      2.091      1.948
     13      0        0.244      2.067      1.936
     14      0        0.286      1.911      2.041
     15      0        0.325      1.881      2.033
     16      0        0.253      2.033      1.957
     17      0        0.166      0.935      1.025
     18      0        0.264      2.077      1.949
     19      0        0.265      2.108      1.927
     20      0        0.249      2.089      1.943
     21      0        0.149      1.035      0.963
     22      0        0.288      2.063      1.928
     23      0        0.255      2.115      1.915
     24      0        0.240      1.972      2.035
     25      0        0.267      2.040      1.966
     26      0        0.246      1.978      2.069
     27      0        0.223      2.121      1.921
     28      0        0.272      2.036      1.969
     29      0        0.240      2.056      1.978
     30      0        0.266      2.006      1.971
     31      0        0.307      1.934      2.013
     32      0        0.298      2.009      1.954
     33      0        0.237      2.000      2.021
     34      0        0.275      1.965      2.022
     35      0        0.122      1.001      1.017
     36      0        0.268      2.023      1.979
     37      0        0.282      1.903      2.076
     38      0        0.286      1.933      2.048
     39      0        0.269      1.977      2.015
     40      0        0.262      2.019      1.986
     41      0        0.148      0.975      0.999
     42      0        0.269      1.975      1.996
     43      0        0.242      2.031      2.008
     44      0        0.246      1.987      2.041
     45      0        0.268      1.994      1.978
     46      0        0.240      2.024      1.990
     47      0        0.146      0.998      0.979
     48      0        0.273      1.982      2.006
     49      0        0.121      1.019      1.002
     50      0        0.259      1.991      1.982
     51      0        0.239      2.022      2.013
     52      0        0.271      1.982      1.994
     53      0        0.235      2.014      2.002
     54      0        0.238      2.001      2.009
     55      0        0.274      2.004      1.982
     56      0        0.265      1.974      1.984
     57      0        0.262      2.000      1.992
     58      0        0.116      0.992      0.998
     59      0        0.239      2.009      2.027
     60      0        0.233      2.012      1.996
     61      0        0.115      0.997      0.996
     62      0        0.116      1.010      1.005
     63      0        0.234      1.999      2.003
     64      0        0.119      1.001      1.011
     65      0        0.273      1.956      2.010
     66      0        0.133      0.935      1.061
     67      0        0.065      0.468      0.531
     68      0        0.064      0.471      0.531

Optimization #5:
* Method          : lls
* Target function : energy
* No. of configs. : 100096
* No. of params.  : 258
* Before optimization:
  -2.5462E+00  -2.5504E+00  -2.5259E+00  -2.5279E+00  -2.5206E+00  -2.5334E+00
   5.9149E-01   5.9620E-01   3.4662E-01   9.2373E-01   5.6219E-01   9.4355E-01
   9.2915E-01   3.1033E-01   3.0305E-01   7.5505E-01   7.4421E-01   9.6480E-01
   9.5722E-01  -4.2006E-01   4.2623E-01   3.2106E-01   3.0904E-01   3.0558E-01
   5.1940E-01   5.1950E-01   2.4254E-01   2.4050E-01   1.5369E-01   1.5348E-01
   5.3770E-01   5.3609E-01  -8.3144E-02   3.0948E-01   3.0585E-01  -1.2176E-01
  -1.2452E-01   3.6970E-01   3.6574E-01   6.8896E-02   2.9410E-01   2.9386E-01
   5.6736E-01   5.6294E-01   2.5103E-01   2.4984E-01  -1.4412E-01  -1.4383E-01
  -2.6832E-02  -2.7666E-02   3.3864E-01   3.3924E-01   7.3915E-02   7.1495E-02
  -4.1634E-02  -3.9061E-02  -1.1747E-01  -1.1977E-01  -4.8341E-02  -4.9245E-02
  -1.0865E-02  -1.2345E-02  -2.9373E-01  -2.9684E-01  -4.2756E-01  -4.3068E-01
   3.2808E-01  -4.1038E-01  -4.1338E-01  -4.4766E-02  -4.3697E-02   1.7652E-01
   1.7408E-01   2.7278E-01   2.7225E-01   2.4976E-01   2.4790E-01   1.9359E-01
  -9.3244E-02  -9.4452E-02  -5.7141E-01  -5.6982E-01  -5.4398E-01  -5.4186E-01
  -1.2891E-01  -1.3028E-01  -2.2461E-01  -2.2550E-01   2.0794E-01  -3.8859E-01
  -3.9074E-01   3.9706E-01   1.6037E-01   1.5927E-01  -7.2551E-02  -7.2065E-02
  -9.0184E-02  -9.0936E-02   1.9524E-01   1.9477E-01   1.9095E-01   1.9090E-01
  -3.5967E-01  -3.5992E-01   1.7402E-01   1.7346E-01  -8.9016E-02  -8.9395E-02
   5.7260E-02  -7.0850E-02  -7.0477E-02  -2.0494E-01  -2.0498E-01   5.8508E-02
  -4.6582E-01  -2.0381E-01  -2.0378E-01  -4.6688E-01  -3.9879E-02  -4.0498E-02
   3.0271E-06   8.2599E-04   1.4225E-04   7.0791E-04   1.2906E+00  -1.7360E+00
   1.6517E+00  -1.9533E+00  -4.4755E+00   3.6059E+00   4.0700E+00  -4.4939E+00
  -4.5053E+00   3.6613E+00   3.3759E+00  -3.5925E+00  -1.5110E+00   8.3516E-01
  -3.1268E+00   2.2399E+00   5.2712E+00  -4.8525E+00  -4.4509E+00   4.0213E+00
  -1.5240E+00   1.1905E+00   3.1113E-01  -6.4422E-01  -3.0296E+00   2.4890E+00
  -3.0209E-02  -2.0185E-01  -1.2017E+00   1.0542E+00  -2.9712E+00   2.4245E+00
   1.8395E+00  -1.7566E+00  -1.3611E+00   1.0409E+00   3.5038E+00  -3.3957E+00
  -1.1160E-01  -2.9674E-01   1.7640E+00  -1.8612E+00  -1.2759E+00   9.5476E-01
  -4.4169E+00   3.8319E+00  -2.9020E+00   2.6506E+00   6.0057E-01  -4.5798E-01
   4.6678E-01  -4.3745E-01   1.2777E+00  -1.6641E+00  -1.2308E+00   1.1566E+00
   2.7685E-02   9.9476E-03   2.8344E-01  -1.6548E-01  -1.1021E+00   1.1521E+00
  -1.1184E+00   1.1309E+00   2.0263E+00  -1.7312E+00   3.2122E+00  -2.7827E+00
  -4.3562E+00   4.0216E+00   3.2053E+00  -2.7924E+00   5.5452E-01  -5.0391E-01
  -1.2763E+00   1.1074E+00  -4.2571E+00   3.9839E+00  -4.2454E+00   3.9940E+00
  -4.1503E+00   3.9566E+00   2.7349E-01  -1.7994E-01   4.9362E+00  -4.3651E+00
   4.9179E+00  -4.3768E+00   2.8962E-01  -1.6120E-01   1.9918E+00  -1.7683E+00
  -4.1535E+00   3.9430E+00   3.1902E+00  -2.8011E+00  -4.3873E+00   3.9838E+00
  -2.7793E+00   2.6201E+00   3.4437E-02   3.7710E-02   1.1389E-01  -2.4741E-02
  -2.8689E+00   2.6728E+00  -2.8638E+00   2.6747E+00   3.1751E+00  -2.8165E+00
  -2.7868E+00   2.6135E+00   1.1397E-01  -2.4972E-02  -1.3801E+00   1.3217E+00
   3.3532E-02   3.6957E-02   1.5199E+00  -1.3158E+00  -1.3795E+00   1.3207E+00
   4.4187E+00  -3.9528E+00   1.5196E+00  -1.3162E+00   4.4164E+00  -3.9519E+00
   2.5021E-01  -2.0728E-01   2.1078E-04   3.6218E-04   4.7834E-04   4.4834E-04
  > E    =  -8.412563620152E+02 +/-   3.299755590102E-04
  > varE =   1.089883980589E-02
* Computing derivatives.
    [walltime: 1m10s elapsed, 1h9m remaining]
    [walltime: 1h elapsed, 8m49s remaining]
  Done. [total walltime: 1h8m]
* Optimizing manipulation constant:
  #igrid a___________ E____________________________________ varE____________
     1     Infinity    -8.41256362E+02 +/-   3.29975559E-04   1.08988398E-02
     2     1.0000E+06  -8.41256362E+02 +/-   3.29975538E-04   1.08988384E-02
     3     2.1544E+05  -8.41256362E+02 +/-   3.29975462E-04   1.08988334E-02
     4     4.6416E+04  -8.41256362E+02 +/-   3.29975108E-04   1.08988100E-02
     5     1.0000E+04  -8.41256362E+02 +/-   3.29973468E-04   1.08987017E-02
     6     2.1544E+03  -8.41256363E+02 +/-   3.29965884E-04   1.08982007E-02
     7     4.6416E+02  -8.41256367E+02 +/-   3.29931283E-04   1.08959152E-02
     8     1.0000E+02  -8.41256386E+02 +/-   3.29783652E-04   1.08861664E-02
     9     2.1544E+01  -8.41256471E+02 +/-   3.29383682E-04   1.08597764E-02
    10     4.6416E+00  -8.41256439E+02 +/-   3.37740591E-04   1.14178213E-02
    11     1.0000E+00  -8.40180615E+02 +/-   2.46749771E-03   6.09438997E-01
    12     2.1544E-01  -8.39375034E+02 +/-   1.63374992E-03   2.67170117E-01
    13     4.6416E-02 (error)
    14     1.0000E-02  -8.41017865E+02 +/-   5.97170592E-03   3.56955065E+00
    15     2.1544E-03  -8.40561005E+02 +/-   4.82398065E-03   2.32931293E+00
    16     4.6416E-04  -8.40477091E+02 +/-   4.62669125E-03   2.14268220E+00
    17     1.0000E-04  -8.40459542E+02 +/-   4.58599033E-03   2.10514973E+00
    18     2.1544E-05  -8.40455784E+02 +/-   4.57730088E-03   2.09717970E+00
    19     4.6416E-06  -8.40454976E+02 +/-   4.57543243E-03   2.09546791E+00
    20     1.0000E-06  -8.40454802E+02 +/-   4.57503006E-03   2.09509937E+00
    21     0.0000E+00  -8.40454754E+02 +/-   4.57491958E-03   2.09499819E+00
* Iteration # 1: E =  -8.412564706083E+02 +/-   3.293836822031E-04
* Reached maximum number of iterations: exiting.
* After optimization:
  -2.5416E+00  -2.5460E+00  -2.5217E+00  -2.5234E+00  -2.5166E+00  -2.5293E+00
   5.8769E-01   5.9248E-01   3.1541E-01   9.1236E-01   5.6903E-01   9.3284E-01
   9.1873E-01   4.1683E-01   4.0950E-01   7.3424E-01   7.2372E-01   9.5201E-01
   9.4442E-01  -1.7609E-01   4.1532E-01   3.0514E-01   4.2412E-01   4.2068E-01
   5.0764E-01   5.0780E-01   2.4053E-01   2.3872E-01   1.3169E-01   1.3143E-01
   5.2440E-01   5.2284E-01  -1.1620E-01   2.8825E-01   2.8477E-01  -1.5568E-02
  -1.8288E-02   3.6838E-01   3.6444E-01   3.6076E-02   2.7251E-01   2.7230E-01
   5.5616E-01   5.5179E-01   2.3799E-01   2.3719E-01  -3.0588E-02  -3.0321E-02
   8.7988E-02   8.7261E-02   3.3406E-01   3.3475E-01   4.8677E-02   4.6300E-02
  -4.2964E-02  -4.0461E-02  -1.4151E-01  -1.4373E-01  -7.5712E-02  -7.6630E-02
  -3.8352E-02  -3.9636E-02  -1.8359E-01  -1.8657E-01  -4.4071E-01  -4.4367E-01
   3.1043E-01  -4.2294E-01  -4.2591E-01   6.8861E-02   6.9925E-02   1.5140E-01
   1.4902E-01   2.5272E-01   2.5232E-01   2.2966E-01   2.2786E-01   1.7062E-01
  -1.2576E-01  -1.2695E-01  -4.5049E-01  -4.4894E-01  -4.2323E-01  -4.2116E-01
  -1.6101E-01  -1.6234E-01  -1.1439E-01  -1.1541E-01   1.8475E-01  -4.1025E-01
  -4.1234E-01   3.7966E-01   1.3292E-01   1.3186E-01  -8.5388E-02  -8.4971E-02
  -1.0685E-01  -1.0759E-01   1.7181E-01   1.7133E-01   1.6691E-01   1.6689E-01
  -3.8223E-01  -3.8256E-01   1.4626E-01   1.4579E-01  -1.0555E-01  -1.0602E-01
   2.8867E-02  -8.3634E-02  -8.3271E-02  -2.2184E-01  -2.2182E-01   3.0362E-02
  -4.7107E-01  -2.2065E-01  -2.2064E-01  -4.7214E-01  -6.3328E-02  -6.3907E-02
   3.4285E-06   1.0605E-03   1.1546E-04   9.7047E-04   1.3385E+00  -1.7804E+00
   1.9340E+00  -2.2048E+00  -4.3616E+00   3.5025E+00   3.9959E+00  -4.4266E+00
  -4.4106E+00   3.5768E+00   2.1387E+00  -2.4618E+00  -1.3322E+00   6.7693E-01
  -2.9847E+00   2.1105E+00   2.5158E+00  -2.3408E+00  -4.3750E+00   3.9562E+00
  -1.3534E+00   1.0357E+00  -1.0277E+00   5.7983E-01  -2.9070E+00   2.3783E+00
  -1.0252E-02  -2.2012E-01  -1.0030E+00   8.7735E-01  -2.8288E+00   2.2954E+00
   2.1231E+00  -2.0068E+00  -1.1819E+00   8.8285E-01   2.2669E+00  -2.2654E+00
  -9.1745E-02  -3.1526E-01   2.0472E+00  -2.1117E+00  -1.0774E+00   7.7772E-01
  -4.3216E+00   3.7480E+00  -2.7789E+00   2.5404E+00  -7.1866E-01   7.4801E-01
  -8.7215E-01   7.8738E-01   1.3261E+00  -1.7078E+00  -1.0496E+00   1.0006E+00
   2.8376E-02   1.0716E-02   5.1011E-01  -3.6812E-01  -9.0083E-01   9.7814E-01
  -9.1713E-01   9.5676E-01   7.3574E-01  -5.5053E-01   3.3169E+00  -2.8742E+00
  -4.2771E+00   3.9603E+00   3.3095E+00  -2.8842E+00  -7.6506E-01   7.0175E-01
  -1.0951E+00   9.5135E-01  -4.1577E+00   3.9046E+00  -4.1458E+00   3.9148E+00
  -4.0305E+00   3.8595E+00   5.0437E-01  -3.7823E-01   3.5237E+00  -3.0731E+00
   3.5051E+00  -3.0848E+00   5.2021E-01  -3.5981E-01   7.0097E-01  -5.8765E-01
  -4.0334E+00   3.8464E+00   3.2992E+00  -2.8882E+00  -4.3082E+00   3.9224E+00
  -2.6303E+00   2.4984E+00   4.0507E-02   4.4306E-02   1.4101E-01  -3.5115E-02
  -2.7409E+00   2.5681E+00  -2.7355E+00   2.5704E+00   3.2843E+00  -2.9032E+00
  -2.6375E+00   2.4920E+00   1.4098E-01  -3.5528E-02  -1.2035E+00   1.1737E+00
   3.9772E-02   4.3735E-02   1.5740E+00  -1.3531E+00  -1.2033E+00   1.1724E+00
   4.3504E+00  -3.8793E+00   1.5737E+00  -1.3534E+00   4.3483E+00  -3.8782E+00
   4.7667E-01  -4.1022E-01   2.6216E-04   3.8173E-04   5.0572E-04   4.5840E-04
  > Energy =  -8.412564706083E+02 +/-   3.293836822031E-04
  > varE =   1.085977639673E-02

VMC #6:
* Size of Hilbert space =   4.9763E+11
* Number of equil. steps   = 1000
* Running VMC equilibration.
  Done. [total walltime: 0.02s]
* Equil. acc.ratio (%)     =  15.5979
* Sample config after equilibration:
  +---------------------+
  |  u   u   u   2   d  |
  |2   d   d   0   0   u|
  |0   u   u   2   2   u|
  |  d   d   0   d   d  |
  +---------------------+
* Number of accum. steps   = 500480 x 10
* Running VMC accumulation.
    [walltime: 1m elapsed, 5m20s remaining]
  Done. [total walltime: 6m21s]
* Acceptance ratio (%)     =  15.5981
* Etot/t                   =  -8.412568251593E+02 +/-   1.437748442055E-04
  > Ttot/t                 =  -7.562042650341E+01 +/-   9.344226450990E-04
  > Utot/t                 =   3.306474323062E+01 +/-   9.264011151634E-04
* var[Eloc/t]              =   1.065193043719E-02 +/-   3.214461745867E-05
* Correlation length       =   9.712347590852E-01
* log10 Psi^2 range: -24.028197817264644 -- -13.263931308964015
* log10 Pgen range : -24.028197817264644 -- -13.263931308964015
* Site occupation (ave. no. electrons per config.):
  > Site_  ___eu____  ___ed____
      1        0.497      0.498
      2        0.497      0.498
      3        0.504      0.499
      4        0.500      0.502
      5        0.505      0.504
      6        0.500      0.501
      7        0.501      0.502
      8        0.499      0.495
      9        0.498      0.497
     10        0.498      0.502
     11        0.505      0.503
     12        0.505      0.503
     13        0.502      0.500
     14        0.497      0.499
     15        0.499      0.498
     16        0.500      0.504
     17        0.500      0.503
     18        0.504      0.502
     19        0.496      0.500
     20        0.499      0.497
     21        0.498      0.497
     22        0.497      0.496
* Pair-correlation analysis (ave. no. pairs per config.):
  > Shell  nsite  ___dh____  __eueu___  __eued___
      0      1        0          0          3.969
      1      0        0.955      0.507      2.557
      2      0        0.289      0.710      1.051
      3      0        0.274      0.730      1.041
      4      0        0.240      0.770      1.048
      5      0        0.787      0.890      2.363
      6      0        0.680      1.147      2.258
      7      0        0.579      1.363      2.152
      8      0        0.472      1.561      2.064
      9      0        0.080      0.416      0.570
     10      0        0.157      0.837      1.123
     11      0        0.150      0.861      1.073
     12      0        0.249      2.092      1.952
     13      0        0.243      2.067      1.940
     14      0        0.288      1.908      2.039
     15      0        0.325      1.877      2.039
     16      0        0.254      2.037      1.956
     17      0        0.170      0.935      1.019
     18      0        0.265      2.081      1.941
     19      0        0.263      2.111      1.936
     20      0        0.252      2.089      1.938
     21      0        0.148      1.037      0.964
     22      0        0.290      2.069      1.926
     23      0        0.256      2.110      1.915
     24      0        0.240      1.972      2.037
     25      0        0.266      2.042      1.974
     26      0        0.243      1.984      2.068
     27      0        0.221      2.123      1.923
     28      0        0.269      2.029      1.977
     29      0        0.241      2.054      1.973
     30      0        0.268      2.005      1.972
     31      0        0.307      1.938      2.007
     32      0        0.298      2.009      1.959
     33      0        0.237      2.007      2.024
     34      0        0.277      1.959      2.023
     35      0        0.121      1.002      1.015
     36      0        0.267      2.025      1.978
     37      0        0.284      1.906      2.078
     38      0        0.287      1.933      2.042
     39      0        0.270      1.976      2.015
     40      0        0.266      2.013      1.984
     41      0        0.148      0.978      0.997
     42      0        0.272      1.976      1.992
     43      0        0.243      2.035      2.008
     44      0        0.246      1.990      2.044
     45      0        0.266      1.996      1.982
     46      0        0.239      2.031      1.997
     47      0        0.147      0.995      0.982
     48      0        0.275      1.982      2.002
     49      0        0.121      1.019      0.999
     50      0        0.263      1.991      1.978
     51      0        0.242      2.017      2.011
     52      0        0.269      1.982      1.998
     53      0        0.235      2.010      2.004
     54      0        0.240      2.001      2.009
     55      0        0.278      1.997      1.984
     56      0        0.263      1.979      1.988
     57      0        0.267      1.997      1.985
     58      0        0.116      0.995      0.997
     59      0        0.239      2.011      2.020
     60      0        0.235      2.005      1.999
     61      0        0.116      0.997      0.996
     62      0        0.120      1.007      1.003
     63      0        0.235      1.999      2.005
     64      0        0.118      1.003      1.008
     65      0        0.275      1.955      2.007
     66      0        0.132      0.933      1.061
     67      0        0.066      0.466      0.530
     68      0        0.065      0.470      0.531

Optimization #6:
* Method          : lls
* Target function : energy
* No. of configs. : 100096
* No. of params.  : 258
* Before optimization:
  -2.5416E+00  -2.5460E+00  -2.5217E+00  -2.5234E+00  -2.5166E+00  -2.5293E+00
   5.8769E-01   5.9248E-01   3.1541E-01   9.1236E-01   5.6903E-01   9.3284E-01
   9.1873E-01   4.1683E-01   4.0950E-01   7.3424E-01   7.2372E-01   9.5201E-01
   9.4442E-01  -1.7609E-01   4.1532E-01   3.0514E-01   4.2412E-01   4.2068E-01
   5.0764E-01   5.0780E-01   2.4053E-01   2.3872E-01   1.3169E-01   1.3143E-01
   5.2440E-01   5.2284E-01  -1.1620E-01   2.8825E-01   2.8477E-01  -1.5568E-02
  -1.8288E-02   3.6838E-01   3.6444E-01   3.6076E-02   2.7251E-01   2.7230E-01
   5.5616E-01   5.5179E-01   2.3799E-01   2.3719E-01  -3.0588E-02  -3.0321E-02
   8.7988E-02   8.7261E-02   3.3406E-01   3.3475E-01   4.8677E-02   4.6300E-02
  -4.2964E-02  -4.0461E-02  -1.4151E-01  -1.4373E-01  -7.5712E-02  -7.6630E-02
  -3.8352E-02  -3.9636E-02  -1.8359E-01  -1.8657E-01  -4.4071E-01  -4.4367E-01
   3.1043E-01  -4.2294E-01  -4.2591E-01   6.8861E-02   6.9925E-02   1.5140E-01
   1.4902E-01   2.5272E-01   2.5232E-01   2.2966E-01   2.2786E-01   1.7062E-01
  -1.2576E-01  -1.2695E-01  -4.5049E-01  -4.4894E-01  -4.2323E-01  -4.2116E-01
  -1.6101E-01  -1.6234E-01  -1.1439E-01  -1.1541E-01   1.8475E-01  -4.1025E-01
  -4.1234E-01   3.7966E-01   1.3292E-01   1.3186E-01  -8.5388E-02  -8.4971E-02
  -1.0685E-01  -1.0759E-01   1.7181E-01   1.7133E-01   1.6691E-01   1.6689E-01
  -3.8223E-01  -3.8256E-01   1.4626E-01   1.4579E-01  -1.0555E-01  -1.0602E-01
   2.8867E-02  -8.3634E-02  -8.3271E-02  -2.2184E-01  -2.2182E-01   3.0362E-02
  -4.7107E-01  -2.2065E-01  -2.2064E-01  -4.7214E-01  -6.3328E-02  -6.3907E-02
   3.4285E-06   1.0605E-03   1.1546E-04   9.7047E-04   1.3385E+00  -1.7804E+00
   1.9340E+00  -2.2048E+00  -4.3616E+00   3.5025E+00   3.9959E+00  -4.4266E+00
  -4.4106E+00   3.5768E+00   2.1387E+00  -2.4618E+00  -1.3322E+00   6.7693E-01
  -2.9847E+00   2.1105E+00   2.5158E+00  -2.3408E+00  -4.3750E+00   3.9562E+00
  -1.3534E+00   1.0357E+00  -1.0277E+00   5.7983E-01  -2.9070E+00   2.3783E+00
  -1.0252E-02  -2.2012E-01  -1.0030E+00   8.7735E-01  -2.8288E+00   2.2954E+00
   2.1231E+00  -2.0068E+00  -1.1819E+00   8.8285E-01   2.2669E+00  -2.2654E+00
  -9.1745E-02  -3.1526E-01   2.0472E+00  -2.1117E+00  -1.0774E+00   7.7772E-01
  -4.3216E+00   3.7480E+00  -2.7789E+00   2.5404E+00  -7.1866E-01   7.4801E-01
  -8.7215E-01   7.8738E-01   1.3261E+00  -1.7078E+00  -1.0496E+00   1.0006E+00
   2.8376E-02   1.0716E-02   5.1011E-01  -3.6812E-01  -9.0083E-01   9.7814E-01
  -9.1713E-01   9.5676E-01   7.3574E-01  -5.5053E-01   3.3169E+00  -2.8742E+00
  -4.2771E+00   3.9603E+00   3.3095E+00  -2.8842E+00  -7.6506E-01   7.0175E-01
  -1.0951E+00   9.5135E-01  -4.1577E+00   3.9046E+00  -4.1458E+00   3.9148E+00
  -4.0305E+00   3.8595E+00   5.0437E-01  -3.7823E-01   3.5237E+00  -3.0731E+00
   3.5051E+00  -3.0848E+00   5.2021E-01  -3.5981E-01   7.0097E-01  -5.8765E-01
  -4.0334E+00   3.8464E+00   3.2992E+00  -2.8882E+00  -4.3082E+00   3.9224E+00
  -2.6303E+00   2.4984E+00   4.0507E-02   4.4306E-02   1.4101E-01  -3.5115E-02
  -2.7409E+00   2.5681E+00  -2.7355E+00   2.5704E+00   3.2843E+00  -2.9032E+00
  -2.6375E+00   2.4920E+00   1.4098E-01  -3.5528E-02  -1.2035E+00   1.1737E+00
   3.9772E-02   4.3735E-02   1.5740E+00  -1.3531E+00  -1.2033E+00   1.1724E+00
   4.3504E+00  -3.8793E+00   1.5737E+00  -1.3534E+00   4.3483E+00  -3.8782E+00
   4.7667E-01  -4.1022E-01   2.6216E-04   3.8173E-04   5.0572E-04   4.5840E-04
  > E    =  -8.412567041915E+02 +/-   3.268961427044E-04
  > varE =   1.069636747596E-02
* Computing derivatives.
    [walltime: 1m9s elapsed, 1h8m remaining]
    [walltime: 1h elapsed, 8m48s remaining]
  Done. [total walltime: 1h8m]
* Optimizing manipulation constant:
  #igrid a___________ E____________________________________ varE____________
     1     Infinity    -8.41256704E+02 +/-   3.26896143E-04   1.06963675E-02
     2     1.0000E+06  -8.41256704E+02 +/-   3.26896123E-04   1.06963662E-02
     3     2.1544E+05  -8.41256704E+02 +/-   3.26896051E-04   1.06963614E-02
     4     4.6416E+04  -8.41256704E+02 +/-   3.26895715E-04   1.06963395E-02
     5     1.0000E+04  -8.41256704E+02 +/-   3.26894158E-04   1.06962376E-02
     6     2.1544E+03  -8.41256705E+02 +/-   3.26886952E-04   1.06957661E-02
     7     4.6416E+02  -8.41256709E+02 +/-   3.26853935E-04   1.06936055E-02
     8     1.0000E+02  -8.41256727E+02 +/-   3.26709913E-04   1.06841837E-02
     9     2.1544E+01  -8.41256813E+02 +/-   3.26257467E-04   1.06546121E-02
    10     4.6416E+00  -8.41256736E+02 +/-   3.35094646E-04   1.12396219E-02
    11     1.0000E+00  -8.41243459E+02 +/-   4.86865687E-04   2.37265754E-02
    12     2.1544E-01  -8.39431114E+02 +/-   2.02360491E-03   4.09890801E-01
    13     4.6416E-02 (error)
    14     1.0000E-02 (error)
    15     2.1544E-03 (error)
    16     4.6416E-04 (error)
    17     1.0000E-04 (error)
    18     2.1544E-05 (error)
    19     4.6416E-06 (error)
    20     1.0000E-06 (error)
    21     0.0000E+00 (error)
* Iteration # 1: E =  -8.412568132633E+02 +/-   3.262574668364E-04
* Reached maximum number of iterations: exiting.
* After optimization:
  -2.2964E+00  -2.3011E+00  -2.2766E+00  -2.2783E+00  -2.2723E+00  -2.2839E+00
   5.8988E-01   5.9460E-01   2.9681E-01   9.7330E-01   6.0410E-01   9.4398E-01
   9.3008E-01   3.4148E-01   3.3412E-01   7.0529E-01   6.9485E-01   9.6722E-01
   9.5938E-01  -3.0788E-01   3.7574E-01   2.7250E-01   3.3693E-01   3.3361E-01
   4.7341E-01   4.7324E-01   2.8915E-01   2.8723E-01   1.5230E-01   1.5205E-01
   5.3901E-01   5.3735E-01  -1.3680E-01   2.5904E-01   2.5568E-01  -9.1030E-02
  -9.3703E-02   4.1776E-01   4.1356E-01   1.5501E-02   2.9344E-01   2.9316E-01
   5.6678E-01   5.6248E-01   2.0233E-01   2.0135E-01  -6.8223E-02  -6.8108E-02
   8.8861E-04   1.2861E-05   3.3544E-01   3.3602E-01   1.5426E-02   1.3033E-02
  -4.4616E-02  -4.2140E-02  -1.6797E-01  -1.7004E-01  -6.0326E-02  -6.1241E-02
  -2.3048E-02  -2.4249E-02  -2.6975E-01  -2.7260E-01  -4.3370E-01  -4.3659E-01
   2.6429E-01  -4.1526E-01  -4.1819E-01   3.1158E-02   3.2117E-02   1.1804E-01
   1.1586E-01   2.5498E-01   2.5466E-01   2.3178E-01   2.3013E-01   2.2049E-01
  -1.5997E-01  -1.6129E-01  -5.0327E-01  -5.0166E-01  -4.7599E-01  -4.7397E-01
  -1.9494E-01  -1.9633E-01  -2.0020E-01  -2.0124E-01   2.3435E-01  -4.1125E-01
  -4.1338E-01   3.3377E-01   1.3369E-01   1.3256E-01  -9.8598E-02  -9.7926E-02
  -7.2929E-02  -7.3679E-02   1.2593E-01   1.2541E-01   1.2039E-01   1.2025E-01
  -3.8409E-01  -3.8443E-01   1.4680E-01   1.4628E-01  -7.1442E-02  -7.1901E-02
  -1.5807E-02  -9.6506E-02  -9.6024E-02  -2.3276E-01  -2.3274E-01  -1.4218E-02
  -4.4821E-01  -2.3156E-01  -2.3155E-01  -4.4911E-01  -8.8946E-02  -8.9603E-02
  -7.0494E-05   1.2907E-03   3.0880E-05   1.1831E-03   1.3194E+00  -1.7638E+00
   2.0776E+00  -2.3303E+00  -5.0493E+00   4.1287E+00   3.6080E+00  -4.0735E+00
  -4.5598E+00   3.7143E+00   2.8979E+00  -3.1458E+00  -1.0658E+00   4.3905E-01
  -3.1535E+00   2.2642E+00   3.8900E+00  -3.5837E+00  -3.9851E+00   3.6055E+00
  -1.0026E+00   7.1765E-01  -1.4488E-01  -2.1517E-01  -2.5376E+00   2.0431E+00
  -5.4798E-01   2.6897E-01  -1.2747E+00   1.1279E+00  -2.9975E+00   2.4494E+00
   2.2682E+00  -2.1306E+00  -9.1494E-01   6.4502E-01   3.0266E+00  -2.9490E+00
  -6.2983E-01   1.7349E-01   2.1921E+00  -2.2363E+00  -1.3492E+00   1.0283E+00
  -4.4701E+00   3.8862E+00  -2.4091E+00   2.2062E+00  -3.7405E-01   4.4144E-01
   1.0750E-02  -7.8354E-03   1.3075E+00  -1.6905E+00  -7.8007E-01   7.6532E-01
   2.9233E-02   1.1649E-02   7.5802E-01  -5.8958E-01  -1.1702E+00   1.2317E+00
  -1.1861E+00   1.2103E+00   1.5996E+00  -1.3293E+00   3.1956E+00  -2.7599E+00
  -3.8839E+00   3.6133E+00   3.1877E+00  -2.7703E+00  -4.2092E-01   3.9489E-01
  -8.2592E-01   7.1579E-01  -4.3025E+00   4.0472E+00  -4.2904E+00   4.0573E+00
  -4.7126E+00   4.4918E+00   7.5595E-01  -5.9564E-01   4.0189E+00  -3.5156E+00
   4.0006E+00  -3.5270E+00   7.7125E-01  -5.7724E-01   1.5650E+00  -1.3658E+00
  -4.7155E+00   4.4790E+00   3.1820E+00  -2.7697E+00  -3.9151E+00   3.5754E+00
  -2.7922E+00   2.6597E+00   4.6914E-02   5.0991E-02  -3.8996E-01   4.6174E-01
  -2.3660E+00   2.2389E+00  -2.3602E+00   2.2418E+00   3.1675E+00  -2.7844E+00
  -2.7993E+00   2.6533E+00  -3.8982E-01   4.6116E-01  -8.4695E-01   8.6186E-01
   4.6003E-02   5.0317E-02   1.5616E+00  -1.3296E+00  -8.4676E-01   8.6046E-01
   3.9688E+00  -3.5202E+00   1.5612E+00  -1.3299E+00   3.9666E+00  -3.5194E+00
   7.2387E-01  -6.3172E-01   2.9128E-04   4.5152E-04   5.8964E-04   4.8422E-04
  > Energy =  -8.412568132633E+02 +/-   3.262574668364E-04
  > varE =   1.065461208438E-02

VMC #7:
* Size of Hilbert space =   4.9763E+11
* Number of equil. steps   = 1000
* Running VMC equilibration.
  Done. [total walltime: 0.02s]
* Equil. acc.ratio (%)     =  15.5780
* Sample config after equilibration:
  +---------------------+
  |  u   u   u   u   d  |
  |d   d   d   2   d   u|
  |u   d   u   0   0   d|
  |  0   2   d   2   u  |
  +---------------------+
* Number of accum. steps   = 500480 x 10
* Running VMC accumulation.
    [walltime: 1m elapsed, 5m7s remaining]
  Done. [total walltime: 6m]
* Acceptance ratio (%)     =  15.5982
* Etot/t                   =  -8.412571138312E+02 +/-   1.470026619245E-04
  > Ttot/t                 =  -7.562062304050E+01 +/-   9.187207496122E-04
  > Utot/t                 =   3.306465109586E+01 +/-   9.127980556288E-04
* var[Eloc/t]              =   1.065287541493E-02 +/-   6.884570094541E-05
* Correlation length       =   1.015243639003E+00
* log10 Psi^2 range: -23.342864179235654 -- -12.518881117818623
* log10 Pgen range : -23.342864179235654 -- -12.518881117818623
* Site occupation (ave. no. electrons per config.):
  > Site_  ___eu____  ___ed____
      1        0.497      0.501
      2        0.495      0.498
      3        0.502      0.500
      4        0.503      0.499
      5        0.504      0.504
      6        0.502      0.501
      7        0.502      0.502
      8        0.497      0.497
      9        0.499      0.496
     10        0.499      0.501
     11        0.502      0.502
     12        0.502      0.503
     13        0.498      0.501
     14        0.496      0.498
     15        0.497      0.499
     16        0.503      0.503
     17        0.503      0.501
     18        0.503      0.502
     19        0.501      0.499
     20        0.496      0.497
     21        0.497      0.499
     22        0.501      0.496
* Pair-correlation analysis (ave. no. pairs per config.):
  > Shell  nsite  ___dh____  __eueu___  __eued___
      0      1        0          0          3.966
      1      0        0.950      0.511      2.558
      2      0        0.286      0.715      1.054
      3      0        0.276      0.729      1.041
      4      0        0.238      0.774      1.050
      5      0        0.785      0.892      2.363
      6      0        0.685      1.145      2.251
      7      0        0.577      1.370      2.151
      8      0        0.471      1.558      2.065
      9      0        0.080      0.416      0.566
     10      0        0.157      0.836      1.122
     11      0        0.150      0.862      1.071
     12      0        0.248      2.088      1.950
     13      0        0.241      2.066      1.932
     14      0        0.289      1.909      2.042
     15      0        0.327      1.882      2.038
     16      0        0.254      2.036      1.954
     17      0        0.165      0.941      1.023
     18      0        0.264      2.080      1.945
     19      0        0.265      2.105      1.934
     20      0        0.251      2.090      1.938
     21      0        0.147      1.036      0.968
     22      0        0.290      2.063      1.937
     23      0        0.256      2.113      1.914
     24      0        0.239      1.968      2.032
     25      0        0.268      2.044      1.967
     26      0        0.247      1.974      2.065
     27      0        0.223      2.118      1.925
     28      0        0.271      2.031      1.978
     29      0        0.236      2.055      1.980
     30      0        0.265      2.004      1.975
     31      0        0.309      1.942      2.009
     32      0        0.300      2.008      1.960
     33      0        0.238      2.000      2.016
     34      0        0.274      1.969      2.022
     35      0        0.122      1.002      1.013
     36      0        0.266      2.026      1.982
     37      0        0.287      1.901      2.073
     38      0        0.286      1.937      2.043
     39      0        0.267      1.977      2.016
     40      0        0.267      2.011      1.985
     41      0        0.149      0.977      0.999
     42      0        0.267      1.980      1.995
     43      0        0.242      2.029      2.009
     44      0        0.245      1.993      2.041
     45      0        0.265      1.994      1.983
     46      0        0.240      2.021      1.993
     47      0        0.148      0.998      0.980
     48      0        0.273      1.986      2.006
     49      0        0.121      1.017      0.998
     50      0        0.260      1.992      1.979
     51      0        0.238      2.019      2.014
     52      0        0.268      1.985      2.000
     53      0        0.234      2.010      2.000
     54      0        0.238      1.996      2.006
     55      0        0.277      2.000      1.986
     56      0        0.266      1.974      1.984
     57      0        0.266      2.001      1.988
     58      0        0.117      0.995      0.994
     59      0        0.238      2.009      2.023
     60      0        0.234      2.002      2.004
     61      0        0.113      0.998      0.996
     62      0        0.117      1.009      1.007
     63      0        0.237      1.998      2.000
     64      0        0.119      1.007      1.007
     65      0        0.271      1.959      2.010
     66      0        0.130      0.933      1.062
     67      0        0.065      0.467      0.529
     68      0        0.065      0.469      0.532

Optimization #7:
* Method          : lls
* Target function : energy
* No. of configs. : 100096
* No. of params.  : 258
* Before optimization:
  -2.2964E+00  -2.3011E+00  -2.2766E+00  -2.2783E+00  -2.2723E+00  -2.2839E+00
   5.8988E-01   5.9460E-01   2.9681E-01   9.7330E-01   6.0410E-01   9.4398E-01
   9.3008E-01   3.4148E-01   3.3412E-01   7.0529E-01   6.9485E-01   9.6722E-01
   9.5938E-01  -3.0788E-01   3.7574E-01   2.7250E-01   3.3693E-01   3.3361E-01
   4.7341E-01   4.7324E-01   2.8915E-01   2.8723E-01   1.5230E-01   1.5205E-01
   5.3901E-01   5.3735E-01  -1.3680E-01   2.5904E-01   2.5568E-01  -9.1030E-02
  -9.3703E-02   4.1776E-01   4.1356E-01   1.5501E-02   2.9344E-01   2.9316E-01
   5.6678E-01   5.6248E-01   2.0233E-01   2.0135E-01  -6.8223E-02  -6.8108E-02
   8.8861E-04   1.2861E-05   3.3544E-01   3.3602E-01   1.5426E-02   1.3033E-02
  -4.4616E-02  -4.2140E-02  -1.6797E-01  -1.7004E-01  -6.0326E-02  -6.1241E-02
  -2.3048E-02  -2.4249E-02  -2.6975E-01  -2.7260E-01  -4.3370E-01  -4.3659E-01
   2.6429E-01  -4.1526E-01  -4.1819E-01   3.1158E-02   3.2117E-02   1.1804E-01
   1.1586E-01   2.5498E-01   2.5466E-01   2.3178E-01   2.3013E-01   2.2049E-01
  -1.5997E-01  -1.6129E-01  -5.0327E-01  -5.0166E-01  -4.7599E-01  -4.7397E-01
  -1.9494E-01  -1.9633E-01  -2.0020E-01  -2.0124E-01   2.3435E-01  -4.1125E-01
  -4.1338E-01   3.3377E-01   1.3369E-01   1.3256E-01  -9.8598E-02  -9.7926E-02
  -7.2929E-02  -7.3679E-02   1.2593E-01   1.2541E-01   1.2039E-01   1.2025E-01
  -3.8409E-01  -3.8443E-01   1.4680E-01   1.4628E-01  -7.1442E-02  -7.1901E-02
  -1.5807E-02  -9.6506E-02  -9.6024E-02  -2.3276E-01  -2.3274E-01  -1.4218E-02
  -4.4821E-01  -2.3156E-01  -2.3155E-01  -4.4911E-01  -8.8946E-02  -8.9603E-02
  -7.0494E-05   1.2907E-03   3.0880E-05   1.1831E-03   1.3194E+00  -1.7638E+00
   2.0776E+00  -2.3303E+00  -5.0493E+00   4.1287E+00   3.6080E+00  -4.0735E+00
  -4.5598E+00   3.7143E+00   2.8979E+00  -3.1458E+00  -1.0658E+00   4.3905E-01
  -3.1535E+00   2.2642E+00   3.8900E+00  -3.5837E+00  -3.9851E+00   3.6055E+00
  -1.0026E+00   7.1765E-01  -1.4488E-01  -2.1517E-01  -2.5376E+00   2.0431E+00
  -5.4798E-01   2.6897E-01  -1.2747E+00   1.1279E+00  -2.9975E+00   2.4494E+00
   2.2682E+00  -2.1306E+00  -9.1494E-01   6.4502E-01   3.0266E+00  -2.9490E+00
  -6.2983E-01   1.7349E-01   2.1921E+00  -2.2363E+00  -1.3492E+00   1.0283E+00
  -4.4701E+00   3.8862E+00  -2.4091E+00   2.2062E+00  -3.7405E-01   4.4144E-01
   1.0750E-02  -7.8354E-03   1.3075E+00  -1.6905E+00  -7.8007E-01   7.6532E-01
   2.9233E-02   1.1649E-02   7.5802E-01  -5.8958E-01  -1.1702E+00   1.2317E+00
  -1.1861E+00   1.2103E+00   1.5996E+00  -1.3293E+00   3.1956E+00  -2.7599E+00
  -3.8839E+00   3.6133E+00   3.1877E+00  -2.7703E+00  -4.2092E-01   3.9489E-01
  -8.2592E-01   7.1579E-01  -4.3025E+00   4.0472E+00  -4.2904E+00   4.0573E+00
  -4.7126E+00   4.4918E+00   7.5595E-01  -5.9564E-01   4.0189E+00  -3.5156E+00
   4.0006E+00  -3.5270E+00   7.7125E-01  -5.7724E-01   1.5650E+00  -1.3658E+00
  -4.7155E+00   4.4790E+00   3.1820E+00  -2.7697E+00  -3.9151E+00   3.5754E+00
  -2.7922E+00   2.6597E+00   4.6914E-02   5.0991E-02  -3.8996E-01   4.6174E-01
  -2.3660E+00   2.2389E+00  -2.3602E+00   2.2418E+00   3.1675E+00  -2.7844E+00
  -2.7993E+00   2.6533E+00  -3.8982E-01   4.6116E-01  -8.4695E-01   8.6186E-01
   4.6003E-02   5.0317E-02   1.5616E+00  -1.3296E+00  -8.4676E-01   8.6046E-01
   3.9688E+00  -3.5202E+00   1.5612E+00  -1.3299E+00   3.9666E+00  -3.5194E+00
   7.2387E-01  -6.3172E-01   2.9128E-04   4.5152E-04   5.8964E-04   4.8422E-04
  > E    =  -8.412569573262E+02 +/-   3.280924807910E-04
  > varE =   1.077480148405E-02
* Computing derivatives.
    [walltime: 1m9s elapsed, 1h8m remaining]
    [walltime: 1h elapsed, 8m54s remaining]
  Done. [total walltime: 1h8m]
* Optimizing manipulation constant:
  #igrid a___________ E____________________________________ varE____________
     1     Infinity    -8.41256957E+02 +/-   3.28092481E-04   1.07748015E-02
     2     1.0000E+06  -8.41256957E+02 +/-   3.28092462E-04   1.07748002E-02
     3     2.1544E+05  -8.41256957E+02 +/-   3.28092392E-04   1.07747956E-02
     4     4.6416E+04  -8.41256957E+02 +/-   3.28092066E-04   1.07747743E-02
     5     1.0000E+04  -8.41256958E+02 +/-   3.28090559E-04   1.07746752E-02
     6     2.1544E+03  -8.41256958E+02 +/-   3.28083588E-04   1.07742174E-02
     7     4.6416E+02  -8.41256962E+02 +/-   3.28051813E-04   1.07721306E-02
     8     1.0000E+02  -8.41256981E+02 +/-   3.27916845E-04   1.07632685E-02
     9     2.1544E+01  -8.41257069E+02 +/-   3.27564502E-04   1.07401510E-02
    10     4.6416E+00  -8.41257300E+02 +/-   3.34834556E-04   1.12221809E-02
    11     1.0000E+00  -8.40377708E+02 +/-   2.41954406E-03   5.85981348E-01
    12     2.1544E-01 (error)
    13     4.6416E-02   1.46826024E+49 +/-   0.00000000E+00  -1.00000000E+00
    14     1.0000E-02 (error)
    15     2.1544E-03 (error)
    16     4.6416E-04 (error)
    17     1.0000E-04 (error)
    18     2.1544E-05 (error)
    19     4.6416E-06 (error)
    20     1.0000E-06 (error)
    21     0.0000E+00 (error)
  ParMin   9.9964E+00  -8.41257197E+02 +/-   3.27977187E-04   1.07672302E-02
  # Using grid point #10
* Iteration # 1: E =  -8.412573004489E+02 +/-   3.348345559513E-04
* Reached maximum number of iterations: exiting.
* After optimization:
  -2.0487E+00  -2.0539E+00  -2.0305E+00  -2.0313E+00  -2.0273E+00  -2.0389E+00
   5.2617E-01   5.3103E-01   5.1744E-01   1.0286E+00   6.0497E-01   9.6336E-01
   9.5030E-01   4.6417E-01   4.5688E-01   8.0688E-01   7.9753E-01   9.3210E-01
   9.2438E-01  -2.8286E-01   3.5762E-01   1.4006E-01   3.3312E-01   3.3064E-01
   4.0501E-01   4.0462E-01   3.1815E-01   3.1685E-01   2.8686E-01   2.8677E-01
   5.0111E-01   4.9999E-01   7.5365E-02   3.5944E-01   3.5710E-01   3.0267E-02
   2.7915E-02   4.4949E-01   4.4561E-01   2.2975E-01   4.2916E-01   4.2885E-01
   5.8492E-01   5.8089E-01   1.2855E-01   1.2790E-01  -3.9988E-02  -4.0249E-02
  -2.9052E-03  -3.8725E-03   2.6957E-01   2.7024E-01   9.9220E-02   9.7147E-02
  -5.0880E-02  -4.8993E-02  -1.2722E-01  -1.2829E-01   5.2180E-02   5.1298E-02
   8.8895E-02   8.8321E-02  -3.4116E-01  -3.4315E-01  -3.2747E-01  -3.3021E-01
   2.1803E-01  -3.0700E-01  -3.0956E-01   5.9205E-02   5.9507E-02   2.0213E-01
   2.0075E-01   2.3734E-01   2.3687E-01   2.1333E-01   2.1174E-01   2.2747E-01
  -1.5374E-01  -1.5412E-01  -5.1012E-01  -5.0910E-01  -4.8340E-01  -4.8150E-01
  -1.8684E-01  -1.8737E-01  -2.7134E-01  -2.7210E-01   2.4076E-01  -3.4027E-01
  -3.4196E-01   2.8915E-01   3.7932E-02   3.7215E-02  -1.5302E-01  -1.5288E-01
  -1.0551E-01  -1.0539E-01   8.3464E-03   8.1257E-03   8.4809E-04   1.1369E-03
  -3.1652E-01  -3.1610E-01   4.9455E-02   4.9068E-02  -1.0348E-01  -1.0369E-01
  -1.9949E-01  -1.4955E-01  -1.4945E-01  -3.5065E-01  -3.5022E-01  -1.9817E-01
  -5.0017E-01  -3.5009E-01  -3.4966E-01  -5.0047E-01  -4.5278E-02  -4.5491E-02
   2.8781E-04   1.1378E-03  -7.7252E-04   1.4556E-03   2.0374E+00  -2.4176E+00
  -6.0338E-01   1.3545E-01  -5.7091E+00   4.7326E+00   3.6048E+00  -4.0710E+00
  -4.8846E+00   4.0203E+00   1.2697E+00  -1.6391E+00  -2.4051E+00   1.6802E+00
  -2.7654E+00   1.9111E+00   3.3179E+00  -3.0379E+00  -3.9745E+00   3.6127E+00
   4.3504E-01  -5.9038E-01  -4.2190E-01   6.6051E-02  -1.8138E+00   1.3926E+00
  -8.8026E-01   5.6974E-01  -2.9462E+00   2.6669E+00  -2.6076E+00   2.0979E+00
  -4.1220E-01   3.4265E-01  -2.2534E+00   1.8813E+00   1.3992E+00  -1.4414E+00
  -9.6281E-01   4.7425E-01  -4.8982E-01   2.3142E-01  -3.0178E+00   2.5662E+00
  -4.7947E+00   4.1919E+00  -1.6841E+00   1.5572E+00  -9.8458E-01   1.0227E+00
  -2.6676E-01   2.7289E-01   2.0267E+00  -2.3429E+00  -2.1093E+00   2.0108E+00
   3.2432E-02   1.5558E-02   1.4036E-01  -7.2460E-03  -2.8314E+00   2.7830E+00
  -2.8482E+00   2.7586E+00   2.0412E+00  -1.6999E+00   1.8548E+00  -1.5221E+00
  -3.8600E+00   3.6347E+00   1.8446E+00  -1.5350E+00  -1.0317E+00   9.7796E-01
  -2.1555E+00   1.9592E+00  -4.6086E+00   4.3717E+00  -4.5965E+00   4.3832E+00
  -5.3493E+00   5.1214E+00   1.5076E-01   3.7299E-03   3.7402E+00  -3.2297E+00
   3.7234E+00  -3.2406E+00   1.6464E-01   2.0385E-02   2.0070E+00  -1.7369E+00
  -5.3523E+00   5.1100E+00   1.8593E+00  -1.5180E+00  -3.8894E+00   3.5961E+00
  -2.3753E+00   2.3379E+00   7.3398E-02   7.8784E-02  -6.9166E-01   7.9667E-01
  -1.6219E+00   1.6119E+00  -1.6143E+00   1.6145E+00   1.8425E+00  -1.5289E+00
  -2.3809E+00   2.3323E+00  -6.9168E-01   7.9438E-01   6.1613E-01  -4.1900E-01
   7.1853E-02   7.7341E-02   2.3054E+00  -1.9557E+00   6.1749E-01  -4.2316E-01
   3.9926E+00  -3.4896E+00   2.3055E+00  -1.9550E+00   3.9905E+00  -3.4923E+00
   1.0178E-01  -5.1858E-02   2.4316E-04   5.1337E-04   5.5353E-04   4.9589E-04
  > Energy =  -8.412573004489E+02 +/-   3.348345559513E-04
  > varE =   1.122218094718E-02

VMC #8:
* Size of Hilbert space =   4.9763E+11
* Number of equil. steps   = 1000
* Running VMC equilibration.
  Done. [total walltime: 0.02s]
* Equil. acc.ratio (%)     =  15.4898
* Sample config after equilibration:
  +---------------------+
  |  0   2   u   d   d  |
  |2   u   d   0   u   u|
  |d   0   0   d   u   d|
  |  u   2   2   0   2  |
  +---------------------+
* Number of accum. steps   = 500480 x 10
* Running VMC accumulation.
    [walltime: 1m elapsed, 5m20s remaining]
  Done. [total walltime: 6m14s]
* Acceptance ratio (%)     =  15.4102
* Etot/t                   =  -8.412573377679E+02 +/-   1.501779660393E-04
  > Ttot/t                 =  -7.560800051830E+01 +/-   9.246439076622E-04
  > Utot/t                 =   3.305180463688E+01 +/-   9.121735223098E-04
* var[Eloc/t]              =   1.112898635434E-02 +/-   5.607082355164E-05
* Correlation length       =   1.014246583182E+00
* log10 Psi^2 range: -20.937521705235969 -- -9.3628442177833282
* log10 Pgen range : -20.937521705235969 -- -9.3628442177833282
* Site occupation (ave. no. electrons per config.):
  > Site_  ___eu____  ___ed____
      1        0.498      0.498
      2        0.499      0.494
      3        0.504      0.504
      4        0.502      0.501
      5        0.503      0.504
      6        0.504      0.504
      7        0.501      0.500
      8        0.501      0.496
      9        0.498      0.497
     10        0.496      0.499
     11        0.505      0.504
     12        0.503      0.503
     13        0.498      0.501
     14        0.498      0.496
     15        0.498      0.501
     16        0.501      0.502
     17        0.502      0.504
     18        0.503      0.503
     19        0.497      0.496
     20        0.493      0.499
     21        0.499      0.498
     22        0.496      0.496
* Pair-correlation analysis (ave. no. pairs per config.):
  > Shell  nsite  ___dh____  __eueu___  __eued___
      0      1        0          0          3.922
      1      0        0.942      0.510      2.568
      2      0        0.280      0.710      1.055
      3      0        0.273      0.723      1.042
      4      0        0.238      0.773      1.051
      5      0        0.773      0.893      2.377
      6      0        0.669      1.142      2.267
      7      0        0.563      1.360      2.171
      8      0        0.462      1.558      2.068
      9      0        0.079      0.416      0.567
     10      0        0.153      0.837      1.127
     11      0        0.147      0.858      1.077
     12      0        0.245      2.100      1.945
     13      0        0.236      2.073      1.934
     14      0        0.283      1.910      2.043
     15      0        0.316      1.870      2.043
     16      0        0.249      2.038      1.948
     17      0        0.164      0.932      1.021
     18      0        0.258      2.083      1.936
     19      0        0.255      2.110      1.930
     20      0        0.249      2.086      1.938
     21      0        0.143      1.036      0.959
     22      0        0.285      2.067      1.916
     23      0        0.249      2.121      1.911
     24      0        0.234      1.970      2.040
     25      0        0.264      2.047      1.963
     26      0        0.238      1.976      2.079
     27      0        0.220      2.123      1.921
     28      0        0.262      2.037      1.969
     29      0        0.234      2.060      1.979
     30      0        0.261      2.005      1.966
     31      0        0.301      1.932      2.007
     32      0        0.292      2.004      1.953
     33      0        0.236      2.003      2.019
     34      0        0.270      1.959      2.024
     35      0        0.118      1.004      1.017
     36      0        0.260      2.023      1.977
     37      0        0.283      1.896      2.077
     38      0        0.275      1.932      2.051
     39      0        0.264      1.978      2.014
     40      0        0.257      2.014      1.989
     41      0        0.147      0.976      0.993
     42      0        0.263      1.979      1.986
     43      0        0.239      2.035      2.010
     44      0        0.243      1.995      2.043
     45      0        0.260      1.988      1.984
     46      0        0.237      2.023      1.997
     47      0        0.145      0.995      0.981
     48      0        0.267      1.988      2.000
     49      0        0.118      1.021      1.004
     50      0        0.254      1.987      1.983
     51      0        0.234      2.021      2.019
     52      0        0.264      1.985      1.995
     53      0        0.228      2.004      2.014
     54      0        0.233      2.006      2.006
     55      0        0.268      1.996      1.989
     56      0        0.259      1.979      1.977
     57      0        0.260      1.994      1.993
     58      0        0.115      0.992      0.997
     59      0        0.234      2.021      2.019
     60      0        0.230      2.010      1.998
     61      0        0.114      0.999      0.992
     62      0        0.118      1.008      1.005
     63      0        0.230      1.998      2.010
     64      0        0.118      1.004      1.011
     65      0        0.262      1.955      2.008
     66      0        0.130      0.931      1.062
     67      0        0.065      0.471      0.535
     68      0        0.063      0.468      0.530

Optimization #8:
* Method          : lls
* Target function : energy
* No. of configs. : 100096
* No. of params.  : 258
* Before optimization:
  -2.0487E+00  -2.0539E+00  -2.0305E+00  -2.0313E+00  -2.0273E+00  -2.0389E+00
   5.2617E-01   5.3103E-01   5.1744E-01   1.0286E+00   6.0497E-01   9.6336E-01
   9.5030E-01   4.6417E-01   4.5688E-01   8.0688E-01   7.9753E-01   9.3210E-01
   9.2438E-01  -2.8286E-01   3.5762E-01   1.4006E-01   3.3312E-01   3.3064E-01
   4.0501E-01   4.0462E-01   3.1815E-01   3.1685E-01   2.8686E-01   2.8677E-01
   5.0111E-01   4.9999E-01   7.5365E-02   3.5944E-01   3.5710E-01   3.0267E-02
   2.7915E-02   4.4949E-01   4.4561E-01   2.2975E-01   4.2916E-01   4.2885E-01
   5.8492E-01   5.8089E-01   1.2855E-01   1.2790E-01  -3.9988E-02  -4.0249E-02
  -2.9052E-03  -3.8725E-03   2.6957E-01   2.7024E-01   9.9220E-02   9.7147E-02
  -5.0880E-02  -4.8993E-02  -1.2722E-01  -1.2829E-01   5.2180E-02   5.1298E-02
   8.8895E-02   8.8321E-02  -3.4116E-01  -3.4315E-01  -3.2747E-01  -3.3021E-01
   2.1803E-01  -3.0700E-01  -3.0956E-01   5.9205E-02   5.9507E-02   2.0213E-01
   2.0075E-01   2.3734E-01   2.3687E-01   2.1333E-01   2.1174E-01   2.2747E-01
  -1.5374E-01  -1.5412E-01  -5.1012E-01  -5.0910E-01  -4.8340E-01  -4.8150E-01
  -1.8684E-01  -1.8737E-01  -2.7134E-01  -2.7210E-01   2.4076E-01  -3.4027E-01
  -3.4196E-01   2.8915E-01   3.7932E-02   3.7215E-02  -1.5302E-01  -1.5288E-01
  -1.0551E-01  -1.0539E-01   8.3464E-03   8.1257E-03   8.4809E-04   1.1369E-03
  -3.1652E-01  -3.1610E-01   4.9455E-02   4.9068E-02  -1.0348E-01  -1.0369E-01
  -1.9949E-01  -1.4955E-01  -1.4945E-01  -3.5065E-01  -3.5022E-01  -1.9817E-01
  -5.0017E-01  -3.5009E-01  -3.4966E-01  -5.0047E-01  -4.5278E-02  -4.5491E-02
   2.8781E-04   1.1378E-03  -7.7252E-04   1.4556E-03   2.0374E+00  -2.4176E+00
  -6.0338E-01   1.3545E-01  -5.7091E+00   4.7326E+00   3.6048E+00  -4.0710E+00
  -4.8846E+00   4.0203E+00   1.2697E+00  -1.6391E+00  -2.4051E+00   1.6802E+00
  -2.7654E+00   1.9111E+00   3.3179E+00  -3.0379E+00  -3.9745E+00   3.6127E+00
   4.3504E-01  -5.9038E-01  -4.2190E-01   6.6051E-02  -1.8138E+00   1.3926E+00
  -8.8026E-01   5.6974E-01  -2.9462E+00   2.6669E+00  -2.6076E+00   2.0979E+00
  -4.1220E-01   3.4265E-01  -2.2534E+00   1.8813E+00   1.3992E+00  -1.4414E+00
  -9.6281E-01   4.7425E-01  -4.8982E-01   2.3142E-01  -3.0178E+00   2.5662E+00
  -4.7947E+00   4.1919E+00  -1.6841E+00   1.5572E+00  -9.8458E-01   1.0227E+00
  -2.6676E-01   2.7289E-01   2.0267E+00  -2.3429E+00  -2.1093E+00   2.0108E+00
   3.2432E-02   1.5558E-02   1.4036E-01  -7.2460E-03  -2.8314E+00   2.7830E+00
  -2.8482E+00   2.7586E+00   2.0412E+00  -1.6999E+00   1.8548E+00  -1.5221E+00
  -3.8600E+00   3.6347E+00   1.8446E+00  -1.5350E+00  -1.0317E+00   9.7796E-01
  -2.1555E+00   1.9592E+00  -4.6086E+00   4.3717E+00  -4.5965E+00   4.3832E+00
  -5.3493E+00   5.1214E+00   1.5076E-01   3.7299E-03   3.7402E+00  -3.2297E+00
   3.7234E+00  -3.2406E+00   1.6464E-01   2.0385E-02   2.0070E+00  -1.7369E+00
  -5.3523E+00   5.1100E+00   1.8593E+00  -1.5180E+00  -3.8894E+00   3.5961E+00
  -2.3753E+00   2.3379E+00   7.3398E-02   7.8784E-02  -6.9166E-01   7.9667E-01
  -1.6219E+00   1.6119E+00  -1.6143E+00   1.6145E+00   1.8425E+00  -1.5289E+00
  -2.3809E+00   2.3323E+00  -6.9168E-01   7.9438E-01   6.1613E-01  -4.1900E-01
   7.1853E-02   7.7341E-02   2.3054E+00  -1.9557E+00   6.1749E-01  -4.2316E-01
   3.9926E+00  -3.4896E+00   2.3055E+00  -1.9550E+00   3.9905E+00  -3.4923E+00
   1.0178E-01  -5.1858E-02   2.4316E-04   5.1337E-04   5.5353E-04   4.9589E-04
  > E    =  -8.412572157249E+02 +/-   3.331007689710E-04
  > varE =   1.110626401665E-02
* Computing derivatives.
    [walltime: 1m10s elapsed, 1h9m remaining]
    [walltime: 1h elapsed, 8m43s remaining]
  Done. [total walltime: 1h8m]
* Optimizing manipulation constant:
  #igrid a___________ E____________________________________ varE____________
     1     Infinity    -8.41257216E+02 +/-   3.33100769E-04   1.11062640E-02
     2     1.0000E+06  -8.41257216E+02 +/-   3.33100745E-04   1.11062624E-02
     3     2.1544E+05  -8.41257216E+02 +/-   3.33100656E-04   1.11062565E-02
     4     4.6416E+04  -8.41257216E+02 +/-   3.33100247E-04   1.11062292E-02
     5     1.0000E+04  -8.41257216E+02 +/-   3.33098348E-04   1.11061026E-02
     6     2.1544E+03  -8.41257217E+02 +/-   3.33089612E-04   1.11055200E-02
     7     4.6416E+02  -8.41257220E+02 +/-   3.33050683E-04   1.11029243E-02
     8     1.0000E+02  -8.41257234E+02 +/-   3.32905040E-04   1.10932158E-02
     9     2.1544E+01  -8.41257275E+02 +/-   3.33075860E-04   1.11046030E-02
    10     4.6416E+00  -8.41253999E+02 +/-   3.75466762E-04   1.41110625E-02
    11     1.0000E+00  -8.41226584E+02 +/-   5.81516724E-04   3.38486336E-02
    12     2.1544E-01 (error)
    13     4.6416E-02 (error)
    14     1.0000E-02 (error)
    15     2.1544E-03 (error)
    16     4.6416E-04 (error)
    17     1.0000E-04 (error)
    18     2.1544E-05 (error)
    19     4.6416E-06 (error)
    20     1.0000E-06 (error)
    21     0.0000E+00 (error)
  ParMin   4.5599E+01  -8.41257254E+02 +/-   3.32797512E-04   1.10860508E-02
  # Using grid point #9
* Iteration # 1: E =  -8.412572747773E+02 +/-   3.330758599917E-04
* Reached maximum number of iterations: exiting.
* After optimization:
  -1.6989E+00  -1.7041E+00  -1.6804E+00  -1.6816E+00  -1.6779E+00  -1.6889E+00
   5.2030E-01   5.2501E-01   4.8888E-01   1.0493E+00   5.9924E-01   9.7492E-01
   9.6215E-01   3.4985E-01   3.4280E-01   7.9388E-01   7.8460E-01   9.3954E-01
   9.3184E-01  -4.8179E-01   3.6016E-01   1.3283E-01   2.3350E-01   2.3103E-01
   4.0413E-01   4.0356E-01   3.2596E-01   3.2478E-01   2.8207E-01   2.8197E-01
   5.0820E-01   5.0713E-01   4.4861E-02   3.4623E-01   3.4387E-01  -8.3750E-02
  -8.5961E-02   4.5771E-01   4.5396E-01   1.9909E-01   4.2449E-01   4.2423E-01
   5.9650E-01   5.9246E-01   1.2654E-01   1.2589E-01  -1.3127E-01  -1.3167E-01
  -1.0248E-01  -1.0305E-01   2.6319E-01   2.6391E-01   8.2156E-02   8.0338E-02
  -5.2009E-02  -5.0097E-02  -1.4601E-01  -1.4705E-01   4.2477E-02   4.1657E-02
   7.9036E-02   7.8362E-02  -4.4770E-01  -4.4980E-01  -3.4571E-01  -3.4856E-01
   2.1444E-01  -3.2468E-01  -3.2733E-01  -3.2587E-02  -3.2457E-02   1.8496E-01
   1.8374E-01   2.4102E-01   2.4057E-01   2.1685E-01   2.1526E-01   2.3742E-01
  -1.8001E-01  -1.8060E-01  -6.1642E-01  -6.1572E-01  -5.8990E-01  -5.8786E-01
  -2.1278E-01  -2.1325E-01  -3.7775E-01  -3.7867E-01   2.5066E-01  -3.6621E-01
  -3.6803E-01   2.8596E-01   3.1916E-02   3.1203E-02  -1.6484E-01  -1.6466E-01
  -1.1159E-01  -1.1131E-01  -3.3070E-03  -3.4564E-03  -1.1319E-02  -1.1047E-02
  -3.4315E-01  -3.4302E-01   4.3129E-02   4.2916E-02  -1.0937E-01  -1.0961E-01
  -2.1863E-01  -1.6117E-01  -1.6103E-01  -3.6928E-01  -3.6881E-01  -2.1722E-01
  -5.1814E-01  -3.6854E-01  -3.6820E-01  -5.1858E-01  -6.3509E-02  -6.3763E-02
   3.4065E-04   1.4331E-03  -6.8657E-04   1.8118E-03   2.1108E+00  -2.4853E+00
  -3.4023E-01  -9.9771E-02  -5.9461E+00   4.9484E+00   3.6741E+00  -4.1343E+00
  -5.0367E+00   4.1610E+00   2.4617E+00  -2.7168E+00  -2.3070E+00   1.5954E+00
  -2.8447E+00   1.9831E+00   5.4404E+00  -4.9607E+00  -4.0420E+00   3.6775E+00
   5.1338E-01  -6.6100E-01   6.0637E-01  -8.6419E-01  -1.8090E+00   1.3889E+00
  -9.6421E-01   6.4584E-01  -2.9326E+00   2.6580E+00  -2.6868E+00   2.1697E+00
  -1.4803E-01   1.0842E-01  -2.1554E+00   1.7966E+00   2.5922E+00  -2.5215E+00
  -1.0470E+00   5.5010E-01  -2.2534E-01  -2.2292E-03  -3.0042E+00   2.5570E+00
  -4.9470E+00   4.3324E+00  -1.6791E+00   1.5541E+00  -4.1353E-02   1.7200E-01
   7.6049E-01  -6.5274E-01   2.1003E+00  -2.4102E+00  -2.0095E+00   1.9282E+00
   3.2916E-02   1.5998E-02   3.1146E-01  -1.6007E-01  -2.8155E+00   2.7765E+00
  -2.8320E+00   2.7524E+00   3.1410E+00  -2.6951E+00   2.0214E+00  -1.6707E+00
  -3.9243E+00   3.7033E+00   2.0110E+00  -1.6839E+00  -8.7390E-02   1.2522E-01
  -2.0555E+00   1.8765E+00  -4.7569E+00   4.5164E+00  -4.7452E+00   4.5282E+00
  -5.5811E+00   5.3432E+00   3.2551E-01  -1.4472E-01   4.8386E+00  -4.2207E+00
   4.8180E+00  -4.2312E+00   3.3908E-01  -1.2811E-01   3.1093E+00  -2.7302E+00
  -5.5843E+00   5.3321E+00   2.0296E+00  -1.6624E+00  -3.9544E+00   3.6644E+00
  -2.4486E+00   2.4174E+00   7.9058E-02   8.5023E-02  -7.6925E-01   8.8010E-01
  -1.6122E+00   1.6137E+00  -1.6045E+00   1.6164E+00   2.0135E+00  -1.6729E+00
  -2.4542E+00   2.4117E+00  -7.6910E-01   8.7771E-01   6.9984E-01  -4.8376E-01
   7.7359E-02   8.3520E-02   2.3848E+00  -2.0163E+00   7.0109E-01  -4.8747E-01
   4.0672E+00  -3.5465E+00   2.3847E+00  -2.0159E+00   4.0655E+00  -3.5489E+00
   2.7245E-01  -2.0420E-01   3.1083E-04   5.4386E-04   6.1788E-04   4.9024E-04
  > Energy =  -8.412572747773E+02 +/-   3.330758599917E-04
  > varE =   1.110460304566E-02

VMC #9:
* Size of Hilbert space =   4.9763E+11
* Number of equil. steps   = 1000
* Running VMC equilibration.
  Done. [total walltime: 0.02s]
* Equil. acc.ratio (%)     =  15.4008
* Sample config after equilibration:
  +---------------------+
  |  u   d   u   d   d  |
  |d   u   u   d   u   u|
  |2   d   d   u   d   d|
  |  0   u   0   2   u  |
  +---------------------+
* Number of accum. steps   = 500480 x 10
* Running VMC accumulation.
    [walltime: 1m elapsed, 5m19s remaining]
  Done. [total walltime: 6m18s]
* Acceptance ratio (%)     =  15.3929
* Etot/t                   =  -8.412574200770E+02 +/-   1.471377211193E-04
  > Ttot/t                 =  -7.560828370433E+01 +/-   9.243019827380E-04
  > Utot/t                 =   3.305200551380E+01 +/-   9.095645163754E-04
* var[Eloc/t]              =   1.115643999245E-02 +/-   6.180549749342E-05
* Correlation length       =   9.712010515659E-01
* log10 Psi^2 range: -20.248382197288741 -- -8.6900578656131788
* log10 Pgen range : -20.248382197288741 -- -8.6900578656131788
* Site occupation (ave. no. electrons per config.):
  > Site_  ___eu____  ___ed____
      1        0.495      0.499
      2        0.498      0.499
      3        0.500      0.501
      4        0.502      0.503
      5        0.504      0.499
      6        0.501      0.500
      7        0.500      0.500
      8        0.500      0.500
      9        0.496      0.500
     10        0.500      0.500
     11        0.505      0.505
     12        0.504      0.502
     13        0.498      0.498
     14        0.498      0.497
     15        0.501      0.501
     16        0.502      0.501
     17        0.504      0.501
     18        0.501      0.505
     19        0.497      0.498
     20        0.500      0.494
     21        0.497      0.499
     22        0.497      0.497
* Pair-correlation analysis (ave. no. pairs per config.):
  > Shell  nsite  ___dh____  __eueu___  __eued___
      0      1        0          0          3.931
      1      0        0.948      0.510      2.564
      2      0        0.282      0.709      1.057
      3      0        0.268      0.733      1.046
      4      0        0.239      0.767      1.051
      5      0        0.775      0.886      2.380
      6      0        0.671      1.138      2.265
      7      0        0.562      1.361      2.166
      8      0        0.466      1.566      2.073
      9      0        0.078      0.415      0.570
     10      0        0.154      0.835      1.123
     11      0        0.149      0.863      1.081
     12      0        0.245      2.098      1.937
     13      0        0.242      2.067      1.935
     14      0        0.284      1.907      2.044
     15      0        0.315      1.874      2.046
     16      0        0.250      2.043      1.959
     17      0        0.162      0.931      1.026
     18      0        0.258      2.082      1.932
     19      0        0.261      2.113      1.917
     20      0        0.249      2.088      1.937
     21      0        0.144      1.038      0.958
     22      0        0.283      2.071      1.920
     23      0        0.251      2.116      1.911
     24      0        0.237      1.970      2.040
     25      0        0.261      2.053      1.961
     26      0        0.242      1.967      2.074
     27      0        0.223      2.128      1.915
     28      0        0.264      2.032      1.968
     29      0        0.236      2.058      1.972
     30      0        0.262      2.014      1.966
     31      0        0.300      1.932      2.015
     32      0        0.288      2.013      1.959
     33      0        0.237      2.000      2.025
     34      0        0.273      1.952      2.023
     35      0        0.119      0.999      1.015
     36      0        0.262      2.024      1.976
     37      0        0.281      1.894      2.081
     38      0        0.278      1.929      2.044
     39      0        0.263      1.974      2.020
     40      0        0.258      2.021      1.981
     41      0        0.147      0.975      1.000
     42      0        0.265      1.982      1.991
     43      0        0.240      2.031      2.004
     44      0        0.246      1.983      2.041
     45      0        0.263      1.990      1.987
     46      0        0.238      2.029      1.995
     47      0        0.143      1.001      0.981
     48      0        0.269      1.986      1.996
     49      0        0.119      1.018      0.998
     50      0        0.254      1.996      1.987
     51      0        0.236      2.016      2.011
     52      0        0.265      1.984      1.996
     53      0        0.231      2.012      2.007
     54      0        0.236      2.004      2.008
     55      0        0.267      1.997      1.987
     56      0        0.260      1.983      1.991
     57      0        0.260      2.001      1.990
     58      0        0.114      1.002      0.997
     59      0        0.238      2.005      2.016
     60      0        0.234      2.001      2.006
     61      0        0.113      1.000      1.001
     62      0        0.117      1.008      1.004
     63      0        0.236      2.000      2.002
     64      0        0.119      1.002      1.004
     65      0        0.269      1.957      2.013
     66      0        0.130      0.933      1.061
     67      0        0.065      0.465      0.527
     68      0        0.064      0.468      0.532

Optimization #9:
* Method          : lls
* Target function : energy
* No. of configs. : 100096
* No. of params.  : 258
* Before optimization:
  -1.6989E+00  -1.7041E+00  -1.6804E+00  -1.6816E+00  -1.6779E+00  -1.6889E+00
   5.2030E-01   5.2501E-01   4.8888E-01   1.0493E+00   5.9924E-01   9.7492E-01
   9.6215E-01   3.4985E-01   3.4280E-01   7.9388E-01   7.8460E-01   9.3954E-01
   9.3184E-01  -4.8179E-01   3.6016E-01   1.3283E-01   2.3350E-01   2.3103E-01
   4.0413E-01   4.0356E-01   3.2596E-01   3.2478E-01   2.8207E-01   2.8197E-01
   5.0820E-01   5.0713E-01   4.4861E-02   3.4623E-01   3.4387E-01  -8.3750E-02
  -8.5961E-02   4.5771E-01   4.5396E-01   1.9909E-01   4.2449E-01   4.2423E-01
   5.9650E-01   5.9246E-01   1.2654E-01   1.2589E-01  -1.3127E-01  -1.3167E-01
  -1.0248E-01  -1.0305E-01   2.6319E-01   2.6391E-01   8.2156E-02   8.0338E-02
  -5.2009E-02  -5.0097E-02  -1.4601E-01  -1.4705E-01   4.2477E-02   4.1657E-02
   7.9036E-02   7.8362E-02  -4.4770E-01  -4.4980E-01  -3.4571E-01  -3.4856E-01
   2.1444E-01  -3.2468E-01  -3.2733E-01  -3.2587E-02  -3.2457E-02   1.8496E-01
   1.8374E-01   2.4102E-01   2.4057E-01   2.1685E-01   2.1526E-01   2.3742E-01
  -1.8001E-01  -1.8060E-01  -6.1642E-01  -6.1572E-01  -5.8990E-01  -5.8786E-01
  -2.1278E-01  -2.1325E-01  -3.7775E-01  -3.7867E-01   2.5066E-01  -3.6621E-01
  -3.6803E-01   2.8596E-01   3.1916E-02   3.1203E-02  -1.6484E-01  -1.6466E-01
  -1.1159E-01  -1.1131E-01  -3.3070E-03  -3.4564E-03  -1.1319E-02  -1.1047E-02
  -3.4315E-01  -3.4302E-01   4.3129E-02   4.2916E-02  -1.0937E-01  -1.0961E-01
  -2.1863E-01  -1.6117E-01  -1.6103E-01  -3.6928E-01  -3.6881E-01  -2.1722E-01
  -5.1814E-01  -3.6854E-01  -3.6820E-01  -5.1858E-01  -6.3509E-02  -6.3763E-02
   3.4065E-04   1.4331E-03  -6.8657E-04   1.8118E-03   2.1108E+00  -2.4853E+00
  -3.4023E-01  -9.9771E-02  -5.9461E+00   4.9484E+00   3.6741E+00  -4.1343E+00
  -5.0367E+00   4.1610E+00   2.4617E+00  -2.7168E+00  -2.3070E+00   1.5954E+00
  -2.8447E+00   1.9831E+00   5.4404E+00  -4.9607E+00  -4.0420E+00   3.6775E+00
   5.1338E-01  -6.6100E-01   6.0637E-01  -8.6419E-01  -1.8090E+00   1.3889E+00
  -9.6421E-01   6.4584E-01  -2.9326E+00   2.6580E+00  -2.6868E+00   2.1697E+00
  -1.4803E-01   1.0842E-01  -2.1554E+00   1.7966E+00   2.5922E+00  -2.5215E+00
  -1.0470E+00   5.5010E-01  -2.2534E-01  -2.2292E-03  -3.0042E+00   2.5570E+00
  -4.9470E+00   4.3324E+00  -1.6791E+00   1.5541E+00  -4.1353E-02   1.7200E-01
   7.6049E-01  -6.5274E-01   2.1003E+00  -2.4102E+00  -2.0095E+00   1.9282E+00
   3.2916E-02   1.5998E-02   3.1146E-01  -1.6007E-01  -2.8155E+00   2.7765E+00
  -2.8320E+00   2.7524E+00   3.1410E+00  -2.6951E+00   2.0214E+00  -1.6707E+00
  -3.9243E+00   3.7033E+00   2.0110E+00  -1.6839E+00  -8.7390E-02   1.2522E-01
  -2.0555E+00   1.8765E+00  -4.7569E+00   4.5164E+00  -4.7452E+00   4.5282E+00
  -5.5811E+00   5.3432E+00   3.2551E-01  -1.4472E-01   4.8386E+00  -4.2207E+00
   4.8180E+00  -4.2312E+00   3.3908E-01  -1.2811E-01   3.1093E+00  -2.7302E+00
  -5.5843E+00   5.3321E+00   2.0296E+00  -1.6624E+00  -3.9544E+00   3.6644E+00
  -2.4486E+00   2.4174E+00   7.9058E-02   8.5023E-02  -7.6925E-01   8.8010E-01
  -1.6122E+00   1.6137E+00  -1.6045E+00   1.6164E+00   2.0135E+00  -1.6729E+00
  -2.4542E+00   2.4117E+00  -7.6910E-01   8.7771E-01   6.9984E-01  -4.8376E-01
   7.7359E-02   8.3520E-02   2.3848E+00  -2.0163E+00   7.0109E-01  -4.8747E-01
   4.0672E+00  -3.5465E+00   2.3847E+00  -2.0159E+00   4.0655E+00  -3.5489E+00
   2.7245E-01  -2.0420E-01   3.1083E-04   5.4386E-04   6.1788E-04   4.9024E-04
  > E    =  -8.412577851290E+02 +/-   3.316588381060E-04
  > varE =   1.101031825753E-02
* Computing derivatives.
    [walltime: 1m9s elapsed, 1h8m remaining]
    [walltime: 1h elapsed, 8m43s remaining]
  Done. [total walltime: 1h8m]
* Optimizing manipulation constant:
  #igrid a___________ E____________________________________ varE____________
     1     Infinity    -8.41257785E+02 +/-   3.31658838E-04   1.10103183E-02
     2     1.0000E+06  -8.41257785E+02 +/-   3.31658817E-04   1.10103169E-02
     3     2.1544E+05  -8.41257785E+02 +/-   3.31658740E-04   1.10103118E-02
     4     4.6416E+04  -8.41257785E+02 +/-   3.31658384E-04   1.10102881E-02
     5     1.0000E+04  -8.41257785E+02 +/-   3.31656731E-04   1.10101784E-02
     6     2.1544E+03  -8.41257786E+02 +/-   3.31649078E-04   1.10096702E-02
     7     4.6416E+02  -8.41257789E+02 +/-   3.31613973E-04   1.10073396E-02
     8     1.0000E+02  -8.41257802E+02 +/-   3.31459920E-04   1.09971150E-02
     9     2.1544E+01  -8.41257857E+02 +/-   3.30930273E-04   1.09619980E-02
    10     4.6416E+00  -8.41257998E+02 +/-   3.32405637E-04   1.10599581E-02
    11     1.0000E+00  -8.41246473E+02 +/-   4.87804716E-04   2.38181876E-02
    12     2.1544E-01  -8.39344398E+02 +/-   4.09130372E-03   1.67548353E+00
    13     4.6416E-02  -8.39438132E+02 +/-   1.92455049E-02   3.70745032E+01
    14     1.0000E-02  -8.39320051E+02 +/-   1.60046793E+00   2.56395664E+05
    15     2.1544E-03  -8.38797472E+02 +/-   6.05286995E+00   3.66724064E+06
    16     4.6416E-04  -8.38597672E+02 +/-   8.06096838E+00   6.50415913E+06
    17     1.0000E-04  -8.38548827E+02 +/-   8.57415672E+00   7.35867390E+06
    18     2.1544E-05  -8.38538012E+02 +/-   8.68892624E+00   7.55699168E+06
    19     4.6416E-06  -8.38535668E+02 +/-   8.71385359E+00   7.60041384E+06
    20     1.0000E-06  -8.38535162E+02 +/-   8.71923687E+00   7.60980758E+06
    21     0.0000E+00  -8.38535024E+02 +/-   8.72070938E+00   7.61237809E+06
  ParMin   9.8287E+00  -8.41257928E+02 +/-   3.30688660E-04   1.09459971E-02
  # Using grid point #10
* Iteration # 1: E =  -8.412579984369E+02 +/-   3.324056369935E-04
* Reached maximum number of iterations: exiting.
* After optimization:
  -1.8666E+00  -1.8708E+00  -1.8486E+00  -1.8486E+00  -1.8466E+00  -1.8557E+00
   6.8027E-01   6.8438E-01   3.8712E-01   1.1298E+00   6.5106E-01   9.8296E-01
   9.7066E-01   3.9633E-01   3.8885E-01   7.1069E-01   7.0180E-01   1.1145E+00
   1.1068E+00  -2.8626E-01   2.9343E-01   3.9555E-01   2.9269E-01   2.9050E-01
   5.0850E-01   5.0733E-01   3.9305E-01   3.9300E-01   2.6713E-01   2.6733E-01
   6.8124E-01   6.8038E-01  -6.4277E-02   2.6108E-01   2.5978E-01  -3.7481E-02
  -3.9940E-02   5.2789E-01   5.2467E-01   9.0162E-02   4.1156E-01   4.1140E-01
   6.0299E-01   5.9963E-01   2.2521E-01   2.2528E-01  -5.1738E-03  -5.6870E-03
  -4.4621E-02  -4.4508E-02   4.2090E-01   4.2125E-01  -1.8067E-02  -1.9969E-02
  -5.7013E-02  -5.5881E-02  -7.0121E-02  -7.1000E-02   7.3366E-03   6.9259E-03
   4.3807E-02   4.2978E-02  -2.3514E-01  -2.3686E-01  -3.7690E-01  -3.7922E-01
   1.2357E-01  -3.5286E-01  -3.5597E-01   9.3929E-02   9.4461E-02   8.4836E-02
   8.4135E-02   2.1437E-01   2.1416E-01   1.9026E-01   1.8942E-01   2.7255E-01
  -1.3316E-01  -1.3405E-01  -5.1150E-01  -5.1113E-01  -4.8590E-01  -4.8355E-01
  -1.6496E-01  -1.6537E-01  -1.6481E-01  -1.6614E-01   2.8561E-01  -4.2800E-01
  -4.2963E-01   1.9621E-01   1.5058E-01   1.5011E-01  -2.1460E-01  -2.1396E-01
  -1.0096E-01  -1.0136E-01   5.6439E-02   5.6300E-02   4.7130E-02   4.6916E-02
  -4.0691E-01  -4.0736E-01   1.6177E-01   1.6101E-01  -9.7924E-02  -9.8512E-02
  -5.5819E-03  -2.1024E-01  -2.0972E-01  -2.6313E-01  -2.6216E-01  -3.5495E-03
  -5.1692E-01  -2.6116E-01  -2.6088E-01  -5.1829E-01   1.5576E-02   1.4834E-02
  -2.1755E-05   1.8247E-03  -6.3282E-04   1.6297E-03   3.8552E-01  -9.1923E-01
   5.5445E-01  -8.9420E-01  -6.8753E+00   5.7957E+00   3.1252E+00  -3.6374E+00
  -5.2241E+00   4.3403E+00   1.6994E+00  -2.0009E+00  -1.5819E+00   9.5439E-01
  -4.7606E+00   3.7246E+00   3.0187E+00  -2.7356E+00  -3.4860E+00   3.1883E+00
  -2.3874E+00   1.9773E+00  -3.2286E-01   7.0004E-03  -2.9854E+00   2.4594E+00
  -1.7020E+00   1.3177E+00  -2.9495E+00   2.6886E+00  -4.6008E+00   3.9120E+00
   7.5067E-01  -6.8193E-01  -1.4294E+00   1.1561E+00   1.8297E+00  -1.8055E+00
  -1.7897E+00   1.2199E+00   6.7244E-01  -7.9225E-01  -3.0226E+00   2.5858E+00
  -5.1324E+00   4.5136E+00  -2.8511E+00   2.6281E+00  -1.7095E+00   1.7162E+00
  -1.6971E-01   2.1804E-01   3.7583E-01  -8.4278E-01  -1.2763E+00   1.2955E+00
   3.5978E-02   1.8666E-02  -6.8990E-01   7.6481E-01  -2.8215E+00   2.8167E+00
  -2.8377E+00   2.7934E+00   4.8870E-01  -2.5527E-01   2.1970E+00  -1.8157E+00
  -3.3569E+00   3.2282E+00   2.1857E+00  -1.8303E+00  -1.7559E+00   1.6681E+00
  -1.3222E+00   1.2442E+00  -4.9290E+00   4.7150E+00  -4.9155E+00   4.7258E+00
  -6.4888E+00   6.2164E+00  -6.6071E-01   7.9525E-01   3.3636E+00  -2.8504E+00
   3.3446E+00  -2.8596E+00  -6.4860E-01   8.1078E-01   4.5626E-01  -2.9007E-01
  -6.4908E+00   6.2072E+00   2.2206E+00  -1.7916E+00  -3.3870E+00   3.1876E+00
  -4.3412E+00   4.1903E+00   1.0381E-01   1.1047E-01  -1.4824E+00   1.5826E+00
  -2.7647E+00   2.7077E+00  -2.7576E+00   2.7121E+00   2.2061E+00  -1.8016E+00
  -4.3420E+00   4.1835E+00  -1.4815E+00   1.5798E+00  -2.1762E+00   2.1789E+00
   1.0131E-01   1.0828E-01   6.8579E-01  -4.2300E-01  -2.1748E+00   2.1744E+00
   3.5445E+00  -3.0256E+00   6.8477E-01  -4.2448E-01   3.5433E+00  -3.0271E+00
  -7.3031E-01   7.1918E-01   6.5845E-04   6.5497E-04   1.1869E-03   7.6640E-04
  > Energy =  -8.412579984369E+02 +/-   3.324056369935E-04
  > varE =   1.105995812723E-02

VMC #10:
* Size of Hilbert space =   4.9763E+11
* Number of equil. steps   = 1000
* Running VMC equilibration.
  Done. [total walltime: 0.02s]
* Equil. acc.ratio (%)     =  15.3681
* Sample config after equilibration:
  +---------------------+
  |  u   0   2   0   d  |
  |d   2   2   0   u   u|
  |d   d   0   d   d   2|
  |  u   u   u   2   0  |
  +---------------------+
* Number of accum. steps   = 500480 x 10
* Running VMC accumulation.
    [walltime: 1m elapsed, 5m22s remaining]
  Done. [total walltime: 6m18s]
* Acceptance ratio (%)     =  15.3292
* Etot/t                   =  -8.412575838102E+02 +/-   1.523387314542E-04
  > Ttot/t                 =  -7.560552297254E+01 +/-   9.367661562704E-04
  > Utot/t                 =   3.304908104886E+01 +/-   9.161302838681E-04
* var[Eloc/t]              =   1.136575031348E-02 +/-   1.148345735042E-04
* Correlation length       =   1.021902085913E+00
* log10 Psi^2 range: -17.497886822957280 -- -5.8746815028304296
* log10 Pgen range : -17.497886822957280 -- -5.8746815028304296
* Site occupation (ave. no. electrons per config.):
  > Site_  ___eu____  ___ed____
      1        0.498      0.498
      2        0.498      0.498
      3        0.502      0.502
      4        0.501      0.503
      5        0.503      0.503
      6        0.503      0.501
      7        0.500      0.502
      8        0.499      0.498
      9        0.496      0.500
     10        0.499      0.499
     11        0.504      0.502
     12        0.506      0.503
     13        0.502      0.498
     14        0.497      0.497
     15        0.499      0.499
     16        0.501      0.502
     17        0.502      0.504
     18        0.503      0.502
     19        0.499      0.499
     20        0.496      0.497
     21        0.497      0.496
     22        0.497      0.497
* Pair-correlation analysis (ave. no. pairs per config.):
  > Shell  nsite  ___dh____  __eueu___  __eued___
      0      1        0          0          3.905
      1      0        0.945      0.508      2.567
      2      0        0.280      0.708      1.059
      3      0        0.267      0.725      1.047
      4      0        0.237      0.770      1.053
      5      0        0.766      0.889      2.386
      6      0        0.663      1.135      2.275
      7      0        0.563      1.359      2.176
      8      0        0.460      1.563      2.068
      9      0        0.077      0.413      0.570
     10      0        0.152      0.837      1.129
     11      0        0.149      0.859      1.078
     12      0        0.240      2.103      1.938
     13      0        0.237      2.068      1.939
     14      0        0.281      1.904      2.044
     15      0        0.313      1.874      2.044
     16      0        0.246      2.041      1.949
     17      0        0.161      0.932      1.026
     18      0        0.254      2.089      1.939
     19      0        0.256      2.118      1.915
     20      0        0.246      2.084      1.938
     21      0        0.141      1.041      0.961
     22      0        0.279      2.072      1.917
     23      0        0.250      2.117      1.905
     24      0        0.234      1.968      2.042
     25      0        0.255      2.046      1.959
     26      0        0.237      1.965      2.078
     27      0        0.220      2.126      1.918
     28      0        0.260      2.038      1.972
     29      0        0.232      2.067      1.972
     30      0        0.257      2.013      1.969
     31      0        0.296      1.932      2.012
     32      0        0.286      2.010      1.953
     33      0        0.232      1.997      2.019
     34      0        0.271      1.954      2.028
     35      0        0.116      1.002      1.020
     36      0        0.260      2.030      1.975
     37      0        0.276      1.891      2.076
     38      0        0.274      1.932      2.051
     39      0        0.262      1.974      2.017
     40      0        0.257      2.016      1.983
     41      0        0.144      0.976      0.996
     42      0        0.261      1.978      1.993
     43      0        0.236      2.034      2.002
     44      0        0.240      1.984      2.043
     45      0        0.259      1.997      1.982
     46      0        0.231      2.025      1.993
     47      0        0.142      0.996      0.980
     48      0        0.267      1.980      2.009
     49      0        0.116      1.025      0.999
     50      0        0.256      1.982      1.982
     51      0        0.233      2.022      2.013
     52      0        0.261      1.985      1.997
     53      0        0.230      2.013      2.007
     54      0        0.230      2.006      2.009
     55      0        0.268      2.005      1.983
     56      0        0.258      1.979      1.980
     57      0        0.258      1.997      1.989
     58      0        0.114      0.997      0.995
     59      0        0.235      2.009      2.024
     60      0        0.230      2.002      2.005
     61      0        0.113      0.999      0.995
     62      0        0.119      1.006      1.004
     63      0        0.230      2.001      2.008
     64      0        0.117      1.007      1.006
     65      0        0.265      1.953      2.012
     66      0        0.127      0.938      1.063
     67      0        0.063      0.468      0.531
     68      0        0.066      0.467      0.529

Optimization #10:
* Method          : lls
* Target function : energy
* No. of configs. : 100096
* No. of params.  : 258
* Before optimization:
  -1.8666E+00  -1.8708E+00  -1.8486E+00  -1.8486E+00  -1.8466E+00  -1.8557E+00
   6.8027E-01   6.8438E-01   3.8712E-01   1.1298E+00   6.5106E-01   9.8296E-01
   9.7066E-01   3.9633E-01   3.8885E-01   7.1069E-01   7.0180E-01   1.1145E+00
   1.1068E+00  -2.8626E-01   2.9343E-01   3.9555E-01   2.9269E-01   2.9050E-01
   5.0850E-01   5.0733E-01   3.9305E-01   3.9300E-01   2.6713E-01   2.6733E-01
   6.8124E-01   6.8038E-01  -6.4277E-02   2.6108E-01   2.5978E-01  -3.7481E-02
  -3.9940E-02   5.2789E-01   5.2467E-01   9.0162E-02   4.1156E-01   4.1140E-01
   6.0299E-01   5.9963E-01   2.2521E-01   2.2528E-01  -5.1738E-03  -5.6870E-03
  -4.4621E-02  -4.4508E-02   4.2090E-01   4.2125E-01  -1.8067E-02  -1.9969E-02
  -5.7013E-02  -5.5881E-02  -7.0121E-02  -7.1000E-02   7.3366E-03   6.9259E-03
   4.3807E-02   4.2978E-02  -2.3514E-01  -2.3686E-01  -3.7690E-01  -3.7922E-01
   1.2357E-01  -3.5286E-01  -3.5597E-01   9.3929E-02   9.4461E-02   8.4836E-02
   8.4135E-02   2.1437E-01   2.1416E-01   1.9026E-01   1.8942E-01   2.7255E-01
  -1.3316E-01  -1.3405E-01  -5.1150E-01  -5.1113E-01  -4.8590E-01  -4.8355E-01
  -1.6496E-01  -1.6537E-01  -1.6481E-01  -1.6614E-01   2.8561E-01  -4.2800E-01
  -4.2963E-01   1.9621E-01   1.5058E-01   1.5011E-01  -2.1460E-01  -2.1396E-01
  -1.0096E-01  -1.0136E-01   5.6439E-02   5.6300E-02   4.7130E-02   4.6916E-02
  -4.0691E-01  -4.0736E-01   1.6177E-01   1.6101E-01  -9.7924E-02  -9.8512E-02
  -5.5819E-03  -2.1024E-01  -2.0972E-01  -2.6313E-01  -2.6216E-01  -3.5495E-03
  -5.1692E-01  -2.6116E-01  -2.6088E-01  -5.1829E-01   1.5576E-02   1.4834E-02
  -2.1755E-05   1.8247E-03  -6.3282E-04   1.6297E-03   3.8552E-01  -9.1923E-01
   5.5445E-01  -8.9420E-01  -6.8753E+00   5.7957E+00   3.1252E+00  -3.6374E+00
  -5.2241E+00   4.3403E+00   1.6994E+00  -2.0009E+00  -1.5819E+00   9.5439E-01
  -4.7606E+00   3.7246E+00   3.0187E+00  -2.7356E+00  -3.4860E+00   3.1883E+00
  -2.3874E+00   1.9773E+00  -3.2286E-01   7.0004E-03  -2.9854E+00   2.4594E+00
  -1.7020E+00   1.3177E+00  -2.9495E+00   2.6886E+00  -4.6008E+00   3.9120E+00
   7.5067E-01  -6.8193E-01  -1.4294E+00   1.1561E+00   1.8297E+00  -1.8055E+00
  -1.7897E+00   1.2199E+00   6.7244E-01  -7.9225E-01  -3.0226E+00   2.5858E+00
  -5.1324E+00   4.5136E+00  -2.8511E+00   2.6281E+00  -1.7095E+00   1.7162E+00
  -1.6971E-01   2.1804E-01   3.7583E-01  -8.4278E-01  -1.2763E+00   1.2955E+00
   3.5978E-02   1.8666E-02  -6.8990E-01   7.6481E-01  -2.8215E+00   2.8167E+00
  -2.8377E+00   2.7934E+00   4.8870E-01  -2.5527E-01   2.1970E+00  -1.8157E+00
  -3.3569E+00   3.2282E+00   2.1857E+00  -1.8303E+00  -1.7559E+00   1.6681E+00
  -1.3222E+00   1.2442E+00  -4.9290E+00   4.7150E+00  -4.9155E+00   4.7258E+00
  -6.4888E+00   6.2164E+00  -6.6071E-01   7.9525E-01   3.3636E+00  -2.8504E+00
   3.3446E+00  -2.8596E+00  -6.4860E-01   8.1078E-01   4.5626E-01  -2.9007E-01
  -6.4908E+00   6.2072E+00   2.2206E+00  -1.7916E+00  -3.3870E+00   3.1876E+00
  -4.3412E+00   4.1903E+00   1.0381E-01   1.1047E-01  -1.4824E+00   1.5826E+00
  -2.7647E+00   2.7077E+00  -2.7576E+00   2.7121E+00   2.2061E+00  -1.8016E+00
  -4.3420E+00   4.1835E+00  -1.4815E+00   1.5798E+00  -2.1762E+00   2.1789E+00
   1.0131E-01   1.0828E-01   6.8579E-01  -4.2300E-01  -2.1748E+00   2.1744E+00
   3.5445E+00  -3.0256E+00   6.8477E-01  -4.2448E-01   3.5433E+00  -3.0271E+00
  -7.3031E-01   7.1918E-01   6.5845E-04   6.5497E-04   1.1869E-03   7.6640E-04
  > E    =  -8.412574743646E+02 +/-   3.395572305628E-04
  > varE =   1.154097999758E-02
* Computing derivatives.
    [walltime: 1m9s elapsed, 1h8m remaining]
    [walltime: 1h elapsed, 8m43s remaining]
  Done. [total walltime: 1h8m]
* Optimizing manipulation constant:
  #igrid a___________ E____________________________________ varE____________
     1     Infinity    -8.41257474E+02 +/-   3.39557231E-04   1.15409800E-02
     2     1.0000E+06  -8.41257474E+02 +/-   3.39557207E-04   1.15409784E-02
     3     2.1544E+05  -8.41257474E+02 +/-   3.39557123E-04   1.15409727E-02
     4     4.6416E+04  -8.41257474E+02 +/-   3.39556732E-04   1.15409461E-02
     5     1.0000E+04  -8.41257475E+02 +/-   3.39554897E-04   1.15408214E-02
     6     2.1544E+03  -8.41257475E+02 +/-   3.39545945E-04   1.15402129E-02
     7     4.6416E+02  -8.41257479E+02 +/-   3.39495066E-04   1.15367546E-02
     8     1.0000E+02  -8.41257501E+02 +/-   3.39063634E-04   1.15074513E-02
     9     2.1544E+01  -8.41257621E+02 +/-   3.34385999E-04   1.11921338E-02
    10     4.6416E+00  -8.41245969E+02 +/-   4.27695639E-04   1.83099167E-02
    11     1.0000E+00  -8.41142105E+02 +/-   9.60980952E-04   9.24370935E-02
    12     2.1544E-01  -8.41092618E+02 +/-   1.06958446E-03   1.14510916E-01
    13     4.6416E-02  -8.40345470E+02 +/-   2.09166517E-03   4.37926324E-01
    14     1.0000E-02  -8.39922643E+02 +/-   2.99319407E-03   8.96781157E-01
    15     2.1544E-03  -8.39890135E+02 +/-   3.80299542E-03   1.44766584E+00
    16     4.6416E-04  -8.39896877E+02 +/-   4.09089496E-03   1.67514876E+00
    17     1.0000E-04  -8.39899425E+02 +/-   4.16166162E-03   1.73360541E+00
    18     2.1544E-05  -8.39900033E+02 +/-   4.17737328E-03   1.74672000E+00
    19     4.6416E-06  -8.39900167E+02 +/-   4.18078056E-03   1.74957059E+00
    20     1.0000E-06  -8.39900195E+02 +/-   4.18151568E-03   1.75018590E+00
    21     0.0000E+00  -8.39900203E+02 +/-   4.18171761E-03   1.75035495E+00
  ParMin   4.5631E+01  -8.41257547E+02 +/-   3.37867164E-04   1.14263808E-02
  # Using grid point #9
* Iteration # 1: E =  -8.412576209600E+02 +/-   3.343859989860E-04
* Reached maximum number of iterations: exiting.
* After optimization:
  -1.8108E+00  -1.8141E+00  -1.7919E+00  -1.7920E+00  -1.7901E+00  -1.7990E+00
   5.2756E-01   5.3136E-01   4.3210E-01   1.1054E+00   4.9800E-01   1.0461E+00
   1.0340E+00   5.7788E-01   5.7048E-01   8.0875E-01   7.9979E-01   1.0257E+00
   1.0182E+00   3.2946E-02   4.4435E-01   2.4234E-01   5.2586E-01   5.2420E-01
   5.0843E-01   5.0713E-01   3.0443E-01   3.0453E-01   2.7641E-01   2.7673E-01
   5.9261E-01   5.9163E-01  -2.1156E-02   3.5899E-01   3.5749E-01   1.4425E-01
   1.4139E-01   4.3937E-01   4.3614E-01   1.3326E-01   4.2103E-01   4.2136E-01
   6.6602E-01   6.6290E-01   2.2410E-01   2.2414E-01   1.3925E-01   1.3875E-01
   1.8827E-01   1.8863E-01   2.6766E-01   2.6800E-01   7.6323E-02   7.4202E-02
  -5.7829E-02  -5.6724E-02  -1.2530E-01  -1.2624E-01   1.2540E-02   1.1806E-02
   4.8735E-02   4.8174E-02  -1.5615E-01  -1.5797E-01  -4.3243E-01  -4.3469E-01
   2.6911E-01  -4.0791E-01  -4.1125E-01   2.3865E-01   2.3914E-01   1.7946E-01
   1.7817E-01   2.7004E-01   2.6964E-01   2.4591E-01   2.4510E-01   2.3815E-01
  -1.9461E-01  -1.9532E-01  -4.3305E-01  -4.3269E-01  -4.0765E-01  -4.0527E-01
  -2.2650E-01  -2.2679E-01  -8.5704E-02  -8.7003E-02   2.5074E-01  -4.9026E-01
  -4.9204E-01   3.4164E-01   4.9975E-02   4.9340E-02  -2.2543E-01  -2.2473E-01
  -2.0202E-01  -2.0277E-01   4.6522E-02   4.6295E-02   3.6715E-02   3.6461E-02
  -4.6971E-01  -4.7005E-01   6.1001E-02   5.9996E-02  -1.9933E-01  -2.0002E-01
  -1.7049E-01  -2.2089E-01  -2.2040E-01  -4.2782E-01  -4.2707E-01  -1.6805E-01
  -6.8201E-01  -4.2595E-01  -4.2566E-01  -6.8312E-01  -3.8965E-02  -3.9978E-02
   1.2915E-04   2.1064E-03  -6.3623E-04   1.7158E-03   2.0789E+00  -2.4598E+00
   9.8706E-03  -3.9308E-01  -6.6131E+00   5.5565E+00   4.8197E+00  -5.1782E+00
  -5.9388E+00   4.9925E+00  -3.5586E-01  -1.3127E-01  -2.7028E+00   1.9724E+00
  -3.7839E+00   2.8367E+00  -5.4384E-01   5.0699E-01  -5.1796E+00   4.7316E+00
  -6.9470E-01   4.4026E-01  -2.9500E+00   2.4006E+00  -2.9886E+00   2.4618E+00
  -7.2189E-01   4.2553E-01  -3.0885E+00   2.8191E+00  -3.6231E+00   3.0240E+00
   2.0915E-01  -1.8615E-01  -2.5471E+00   2.1750E+00  -2.2366E-01   6.6549E-02
  -8.1053E-01   3.2932E-01   1.2924E-01  -2.9715E-01  -3.1627E+00   2.7168E+00
  -5.8475E+00   5.1654E+00  -2.8532E+00   2.6312E+00  -3.3585E+00   3.2186E+00
  -2.8011E+00   2.6133E+00   2.0693E+00  -2.3825E+00  -2.3961E+00   2.3156E+00
   3.6386E-02   1.9166E-02  -1.1563E-01   2.4603E-01  -2.9567E+00   2.9464E+00
  -2.9729E+00   2.9233E+00  -4.4572E-01   6.0122E-01   2.7736E+00  -2.3378E+00
  -5.0465E+00   4.7748E+00   2.7624E+00  -2.3530E+00  -3.4027E+00   3.1698E+00
  -2.4389E+00   2.2650E+00  -5.6390E+00   5.3713E+00  -5.6272E+00   5.3818E+00
  -6.2195E+00   5.9830E+00  -8.3725E-02   2.7892E-01   2.4324E+00  -1.9979E+00
   2.4143E+00  -2.0059E+00  -7.1621E-02   2.9518E-01  -4.7895E-01   5.6521E-01
  -6.2222E+00   5.9732E+00   2.8005E+00  -2.3106E+00  -5.0791E+00   4.7324E+00
  -3.3589E+00   3.3101E+00   1.0917E-01   1.1590E-01  -4.9657E-01   6.9795E-01
  -2.7623E+00   2.7150E+00  -2.7563E+00   2.7203E+00   2.7873E+00  -2.3193E+00
  -3.3601E+00   3.3014E+00  -4.9586E-01   6.9467E-01  -4.8100E-01   6.4890E-01
   1.0657E-01   1.1361E-01   2.3858E+00  -1.9565E+00  -4.8063E-01   6.4396E-01
   5.2441E+00  -4.5610E+00   2.3835E+00  -1.9587E+00   5.2449E+00  -4.5626E+00
  -1.5644E-01   2.0038E-01   6.0055E-04   7.3511E-04   1.1468E-03   7.9292E-04
  > Energy =  -8.412576209600E+02 +/-   3.343859989860E-04
  > varE =   1.119213377543E-02

VMC #11:
* Size of Hilbert space =   4.9763E+11
* Number of equil. steps   = 1000
* Running VMC equilibration.
  Done. [total walltime: 0.02s]
* Equil. acc.ratio (%)     =  15.3894
* Sample config after equilibration:
  +---------------------+
  |  d   2   0   0   2  |
  |u   0   2   2   2   0|
  |u   u   0   d   u   d|
  |  d   d   2   0   u  |
  +---------------------+
* Number of accum. steps   = 500480 x 10
* Running VMC accumulation.
    [walltime: 1m elapsed, 5m21s remaining]
  Done. [total walltime: 6m17s]
* Acceptance ratio (%)     =  15.3798
* Etot/t                   =  -8.412579551471E+02 +/-   1.455286526852E-04
  > Ttot/t                 =  -7.561233994626E+01 +/-   9.390977448451E-04
  > Utot/t                 =   3.305552668566E+01 +/-   9.252106454852E-04
* var[Eloc/t]              =   1.087289001684E-02 +/-   6.095261842756E-05
* Correlation length       =   9.748521398060E-01
* log10 Psi^2 range: -16.505894699907238 -- -5.3203237837855131
* log10 Pgen range : -16.505894699907238 -- -5.3203237837855131
* Site occupation (ave. no. electrons per config.):
  > Site_  ___eu____  ___ed____
      1        0.498      0.497
      2        0.497      0.497
      3        0.503      0.501
      4        0.501      0.503
      5        0.505      0.503
      6        0.504      0.503
      7        0.499      0.504
      8        0.501      0.498
      9        0.496      0.497
     10        0.498      0.498
     11        0.503      0.505
     12        0.500      0.505
     13        0.499      0.497
     14        0.498      0.498
     15        0.500      0.498
     16        0.499      0.503
     17        0.505      0.503
     18        0.501      0.502
     19        0.495      0.498
     20        0.499      0.498
     21        0.496      0.496
     22        0.500      0.495
* Pair-correlation analysis (ave. no. pairs per config.):
  > Shell  nsite  ___dh____  __eueu___  __eued___
      0      1        0          0          3.926
      1      0        0.942      0.508      2.568
      2      0        0.284      0.704      1.056
      3      0        0.266      0.733      1.045
      4      0        0.237      0.771      1.052
      5      0        0.773      0.890      2.384
      6      0        0.674      1.139      2.264
      7      0        0.572      1.361      2.160
      8      0        0.461      1.560      2.068
      9      0        0.079      0.416      0.570
     10      0        0.155      0.839      1.124
     11      0        0.147      0.860      1.076
     12      0        0.245      2.104      1.947
     13      0        0.237      2.072      1.936
     14      0        0.284      1.904      2.042
     15      0        0.317      1.867      2.046
     16      0        0.244      2.043      1.951
     17      0        0.162      0.934      1.021
     18      0        0.259      2.091      1.932
     19      0        0.263      2.111      1.922
     20      0        0.244      2.088      1.941
     21      0        0.144      1.036      0.958
     22      0        0.283      2.066      1.921
     23      0        0.251      2.118      1.915
     24      0        0.239      1.964      2.042
     25      0        0.261      2.056      1.960
     26      0        0.243      1.970      2.082
     27      0        0.221      2.122      1.917
     28      0        0.265      2.037      1.969
     29      0        0.235      2.064      1.978
     30      0        0.260      2.012      1.960
     31      0        0.301      1.929      2.013
     32      0        0.290      2.010      1.953
     33      0        0.234      2.001      2.021
     34      0        0.272      1.952      2.025
     35      0        0.120      1.003      1.019
     36      0        0.260      2.028      1.973
     37      0        0.280      1.899      2.082
     38      0        0.281      1.927      2.049
     39      0        0.261      1.980      2.020
     40      0        0.261      2.019      1.983
     41      0        0.146      0.976      0.998
     42      0        0.261      1.978      1.990
     43      0        0.240      2.033      2.009
     44      0        0.241      1.991      2.047
     45      0        0.261      1.986      1.982
     46      0        0.237      2.027      1.993
     47      0        0.143      0.997      0.981
     48      0        0.267      1.988      1.997
     49      0        0.119      1.023      1.001
     50      0        0.253      1.987      1.986
     51      0        0.236      2.019      2.019
     52      0        0.262      1.989      1.995
     53      0        0.233      2.008      2.006
     54      0        0.235      2.007      2.004
     55      0        0.271      1.994      1.983
     56      0        0.254      1.979      1.989
     57      0        0.261      1.999      1.987
     58      0        0.114      0.993      0.999
     59      0        0.236      2.013      2.025
     60      0        0.232      2.009      1.995
     61      0        0.115      0.997      0.993
     62      0        0.117      1.006      1.006
     63      0        0.232      2.001      2.004
     64      0        0.118      1.001      1.010
     65      0        0.270      1.945      2.009
     66      0        0.131      0.934      1.061
     67      0        0.066      0.470      0.530
     68      0        0.064      0.465      0.530

Optimization #11:
* Method          : lls
* Target function : energy
* No. of configs. : 100096
* No. of params.  : 258
* Before optimization:
  -1.8108E+00  -1.8141E+00  -1.7919E+00  -1.7920E+00  -1.7901E+00  -1.7990E+00
   5.2756E-01   5.3136E-01   4.3210E-01   1.1054E+00   4.9800E-01   1.0461E+00
   1.0340E+00   5.7788E-01   5.7048E-01   8.0875E-01   7.9979E-01   1.0257E+00
   1.0182E+00   3.2946E-02   4.4435E-01   2.4234E-01   5.2586E-01   5.2420E-01
   5.0843E-01   5.0713E-01   3.0443E-01   3.0453E-01   2.7641E-01   2.7673E-01
   5.9261E-01   5.9163E-01  -2.1156E-02   3.5899E-01   3.5749E-01   1.4425E-01
   1.4139E-01   4.3937E-01   4.3614E-01   1.3326E-01   4.2103E-01   4.2136E-01
   6.6602E-01   6.6290E-01   2.2410E-01   2.2414E-01   1.3925E-01   1.3875E-01
   1.8827E-01   1.8863E-01   2.6766E-01   2.6800E-01   7.6323E-02   7.4202E-02
  -5.7829E-02  -5.6724E-02  -1.2530E-01  -1.2624E-01   1.2540E-02   1.1806E-02
   4.8735E-02   4.8174E-02  -1.5615E-01  -1.5797E-01  -4.3243E-01  -4.3469E-01
   2.6911E-01  -4.0791E-01  -4.1125E-01   2.3865E-01   2.3914E-01   1.7946E-01
   1.7817E-01   2.7004E-01   2.6964E-01   2.4591E-01   2.4510E-01   2.3815E-01
  -1.9461E-01  -1.9532E-01  -4.3305E-01  -4.3269E-01  -4.0765E-01  -4.0527E-01
  -2.2650E-01  -2.2679E-01  -8.5704E-02  -8.7003E-02   2.5074E-01  -4.9026E-01
  -4.9204E-01   3.4164E-01   4.9975E-02   4.9340E-02  -2.2543E-01  -2.2473E-01
  -2.0202E-01  -2.0277E-01   4.6522E-02   4.6295E-02   3.6715E-02   3.6461E-02
  -4.6971E-01  -4.7005E-01   6.1001E-02   5.9996E-02  -1.9933E-01  -2.0002E-01
  -1.7049E-01  -2.2089E-01  -2.2040E-01  -4.2782E-01  -4.2707E-01  -1.6805E-01
  -6.8201E-01  -4.2595E-01  -4.2566E-01  -6.8312E-01  -3.8965E-02  -3.9978E-02
   1.2915E-04   2.1064E-03  -6.3623E-04   1.7158E-03   2.0789E+00  -2.4598E+00
   9.8706E-03  -3.9308E-01  -6.6131E+00   5.5565E+00   4.8197E+00  -5.1782E+00
  -5.9388E+00   4.9925E+00  -3.5586E-01  -1.3127E-01  -2.7028E+00   1.9724E+00
  -3.7839E+00   2.8367E+00  -5.4384E-01   5.0699E-01  -5.1796E+00   4.7316E+00
  -6.9470E-01   4.4026E-01  -2.9500E+00   2.4006E+00  -2.9886E+00   2.4618E+00
  -7.2189E-01   4.2553E-01  -3.0885E+00   2.8191E+00  -3.6231E+00   3.0240E+00
   2.0915E-01  -1.8615E-01  -2.5471E+00   2.1750E+00  -2.2366E-01   6.6549E-02
  -8.1053E-01   3.2932E-01   1.2924E-01  -2.9715E-01  -3.1627E+00   2.7168E+00
  -5.8475E+00   5.1654E+00  -2.8532E+00   2.6312E+00  -3.3585E+00   3.2186E+00
  -2.8011E+00   2.6133E+00   2.0693E+00  -2.3825E+00  -2.3961E+00   2.3156E+00
   3.6386E-02   1.9166E-02  -1.1563E-01   2.4603E-01  -2.9567E+00   2.9464E+00
  -2.9729E+00   2.9233E+00  -4.4572E-01   6.0122E-01   2.7736E+00  -2.3378E+00
  -5.0465E+00   4.7748E+00   2.7624E+00  -2.3530E+00  -3.4027E+00   3.1698E+00
  -2.4389E+00   2.2650E+00  -5.6390E+00   5.3713E+00  -5.6272E+00   5.3818E+00
  -6.2195E+00   5.9830E+00  -8.3725E-02   2.7892E-01   2.4324E+00  -1.9979E+00
   2.4143E+00  -2.0059E+00  -7.1621E-02   2.9518E-01  -4.7895E-01   5.6521E-01
  -6.2222E+00   5.9732E+00   2.8005E+00  -2.3106E+00  -5.0791E+00   4.7324E+00
  -3.3589E+00   3.3101E+00   1.0917E-01   1.1590E-01  -4.9657E-01   6.9795E-01
  -2.7623E+00   2.7150E+00  -2.7563E+00   2.7203E+00   2.7873E+00  -2.3193E+00
  -3.3601E+00   3.3014E+00  -4.9586E-01   6.9467E-01  -4.8100E-01   6.4890E-01
   1.0657E-01   1.1361E-01   2.3858E+00  -1.9565E+00  -4.8063E-01   6.4396E-01
   5.2441E+00  -4.5610E+00   2.3835E+00  -1.9587E+00   5.2449E+00  -4.5626E+00
  -1.5644E-01   2.0038E-01   6.0055E-04   7.3511E-04   1.1468E-03   7.9292E-04
  > E    =  -8.412577134476E+02 +/-   3.353905587099E-04
  > varE =   1.125948142256E-02
* Computing derivatives.
    [walltime: 1m9s elapsed, 1h8m remaining]
    [walltime: 1h elapsed, 8m49s remaining]
  Done. [total walltime: 1h8m]
* Optimizing manipulation constant:
  #igrid a___________ E____________________________________ varE____________
     1     Infinity    -8.41257713E+02 +/-   3.35390559E-04   1.12594814E-02
     2     1.0000E+06  -8.41257713E+02 +/-   3.35390542E-04   1.12594803E-02
     3     2.1544E+05  -8.41257713E+02 +/-   3.35390481E-04   1.12594762E-02
     4     4.6416E+04  -8.41257713E+02 +/-   3.35390196E-04   1.12594571E-02
     5     1.0000E+04  -8.41257714E+02 +/-   3.35388879E-04   1.12593686E-02
     6     2.1544E+03  -8.41257714E+02 +/-   3.35382795E-04   1.12589601E-02
     7     4.6416E+02  -8.41257717E+02 +/-   3.35355239E-04   1.12571101E-02
     8     1.0000E+02  -8.41257729E+02 +/-   3.35242370E-04   1.12495338E-02
     9     2.1544E+01  -8.41257762E+02 +/-   3.35174212E-04   1.12449601E-02
    10     4.6416E+00  -8.41252937E+02 +/-   3.89095482E-04   1.51540633E-02
    11     1.0000E+00  -8.40699974E+02 +/-   1.82508497E-03   3.33413286E-01
    12     2.1544E-01  -8.39653858E+02 +/-   2.88699823E-03   8.34276016E-01
    13     4.6416E-02  -8.39001323E+02 +/-   4.44103161E-03   1.97416956E+00
    14     1.0000E-02  -8.38863067E+02 +/-   4.87040693E-03   2.37436357E+00
    15     2.1544E-03  -8.38835811E+02 +/-   4.94355237E-03   2.44621712E+00
    16     4.6416E-04  -8.38830083E+02 +/-   4.95795932E-03   2.46049588E+00
    17     1.0000E-04  -8.38828856E+02 +/-   4.96099601E-03   2.46351084E+00
    18     2.1544E-05  -8.38828592E+02 +/-   4.96164708E-03   2.46415750E+00
    19     4.6416E-06  -8.38828535E+02 +/-   4.96178720E-03   2.46429668E+00
    20     1.0000E-06  -8.38828523E+02 +/-   4.96181738E-03   2.46432666E+00
    21     0.0000E+00  -8.38828519E+02 +/-   4.96182567E-03   2.46433489E+00
  ParMin   4.5938E+01  -8.41257744E+02 +/-   3.35124760E-04   1.12416421E-02
  # Using grid point #9
* Iteration # 1: E =  -8.412577621934E+02 +/-   3.351742124560E-04
* Reached maximum number of iterations: exiting.
* After optimization:
  -1.5472E+00  -1.5500E+00  -1.5278E+00  -1.5281E+00  -1.5266E+00  -1.5347E+00
   5.6560E-01   5.6949E-01   3.0818E-01   1.1056E+00   4.4947E-01   1.0695E+00
   1.0577E+00   4.3675E-01   4.2974E-01   7.7016E-01   7.6122E-01   1.0882E+00
   1.0807E+00  -1.2444E-01   4.9106E-01   3.6582E-01   4.6920E-01   4.6752E-01
   5.9447E-01   5.9296E-01   2.8039E-01   2.8039E-01   2.1394E-01   2.1415E-01
   6.5475E-01   6.5376E-01  -1.4683E-01   3.2021E-01   3.1869E-01   3.5057E-03
   5.6956E-04   4.1591E-01   4.1252E-01   7.5680E-03   3.5869E-01   3.5889E-01
   6.8944E-01   6.8639E-01   3.0940E-01   3.0941E-01   5.8220E-02   5.7708E-02
   1.3159E-01   1.3194E-01   3.0520E-01   3.0547E-01   3.4080E-02   3.2030E-02
  -5.8776E-02  -5.7614E-02  -1.2633E-01  -1.2732E-01  -5.4726E-02  -5.5312E-02
  -1.8261E-02  -1.9095E-02  -1.7647E-01  -1.7832E-01  -5.2007E-01  -5.2244E-01
   3.1035E-01  -4.9526E-01  -4.9854E-01   1.5758E-01   1.5814E-01   1.3731E-01
   1.3607E-01   2.8611E-01   2.8573E-01   2.6202E-01   2.6121E-01   2.2890E-01
  -2.0202E-01  -2.0283E-01  -5.4026E-01  -5.3993E-01  -5.1500E-01  -5.1274E-01
  -2.3382E-01  -2.3407E-01  -1.0585E-01  -1.0731E-01   2.4116E-01  -5.8463E-01
  -5.8629E-01   3.8299E-01   1.0058E-01   9.9885E-02  -2.3592E-01  -2.3512E-01
  -2.3837E-01  -2.3911E-01   1.2337E-01   1.2305E-01   1.1302E-01   1.1256E-01
  -5.6457E-01  -5.6487E-01   1.1136E-01   1.1037E-01  -2.3557E-01  -2.3631E-01
  -5.7977E-02  -2.3114E-01  -2.3042E-01  -4.0188E-01  -4.0116E-01  -5.5336E-02
  -7.4266E-01  -3.9998E-01  -3.9977E-01  -7.4374E-01  -3.9592E-02  -4.0606E-02
   1.5975E-04   2.2541E-03  -6.7952E-04   1.7156E-03   1.6732E+00  -2.0925E+00
   1.3288E+00  -1.5881E+00  -6.6238E+00   5.5663E+00   5.3663E+00  -5.6758E+00
  -6.2163E+00   5.2474E+00   1.1397E+00  -1.4889E+00  -2.3160E+00   1.6251E+00
  -4.4673E+00   3.4577E+00   1.1319E+00  -1.0116E+00  -5.7261E+00   5.2304E+00
  -2.0534E+00   1.6743E+00  -2.3849E+00   1.8923E+00  -3.9403E+00   3.3283E+00
  -4.5360E-01   1.8016E-01  -2.4335E+00   2.2268E+00  -4.3054E+00   3.6455E+00
   1.5281E+00  -1.3800E+00  -2.1607E+00   1.8272E+00   1.2743E+00  -1.2885E+00
  -5.4185E-01   8.4184E-02   1.4512E+00  -1.4915E+00  -2.5083E+00   2.1226E+00
  -6.1251E+00   5.4196E+00  -3.8066E+00   3.4970E+00  -2.5246E+00   2.4657E+00
  -2.2356E+00   2.1044E+00   1.6644E+00  -2.0151E+00  -2.0077E+00   1.9699E+00
   3.6811E-02   1.9529E-02  -1.3465E-01   2.6567E-01  -2.3006E+00   2.3568E+00
  -2.3157E+00   2.3340E+00  -2.8475E-01   4.6079E-01   3.7079E+00  -3.1840E+00
  -5.5899E+00   5.2766E+00   3.6963E+00  -3.2009E+00  -2.5685E+00   2.4163E+00
  -2.0510E+00   1.9190E+00  -5.9131E+00   5.6286E+00  -5.9012E+00   5.6401E+00
  -6.2240E+00   5.9977E+00  -9.9375E-02   3.0197E-01   3.5453E+00  -3.0031E+00
   3.5284E+00  -3.0125E+00  -8.7096E-02   3.1833E-01  -3.1835E-01   4.2385E-01
  -6.2275E+00   5.9876E+00   3.7377E+00  -3.1534E+00  -5.6221E+00   5.2350E+00
  -4.0365E+00   3.9370E+00   1.1438E-01   1.2127E-01  -2.2186E-01   4.5921E-01
  -3.7088E+00   3.5850E+00  -3.7039E+00   3.5920E+00   3.7253E+00  -3.1610E+00
  -4.0384E+00   3.9287E+00  -2.2090E-01   4.5630E-01  -1.8340E+00   1.8886E+00
   1.1151E-01   1.1882E-01   1.9862E+00  -1.5829E+00  -1.8316E+00   1.8831E+00
   5.7973E+00  -5.0537E+00   1.9839E+00  -1.5854E+00   5.7977E+00  -5.0555E+00
  -1.7539E-01   2.2007E-01   6.6060E-04   7.1368E-04   1.1277E-03   7.7799E-04
  > Energy =  -8.412577621934E+02 +/-   3.351742124560E-04
  > varE =   1.124496007781E-02

VMC #12:
* Size of Hilbert space =   4.9763E+11
* Number of equil. steps   = 1000
* Running VMC equilibration.
  Done. [total walltime: 0.01s]
* Equil. acc.ratio (%)     =  15.3865
* Sample config after equilibration:
  +---------------------+
  |  d   0   u   u   d  |
  |u   2   d   d   d   u|
  |d   d   2   u   u   d|
  |  u   u   0   d   u  |
  +---------------------+
* Number of accum. steps   = 500480 x 10
* Running VMC accumulation.
    [walltime: 1m elapsed, 5m14s remaining]
  Done. [total walltime: 6m14s]
* Acceptance ratio (%)     =  15.3761
* Etot/t                   =  -8.412578027897E+02 +/-   1.477799809669E-04
  > Ttot/t                 =  -7.561001892831E+01 +/-   9.129764994477E-04
  > Utot/t                 =   3.305335802511E+01 +/-   8.987023077919E-04
* var[Eloc/t]              =   1.091687849445E-02 +/-   8.357501446874E-05
* Correlation length       =   1.001196823413E+00
* log10 Psi^2 range: -16.178833933190482 -- -4.7331415451295982
* log10 Pgen range : -16.178833933190482 -- -4.7331415451295982
* Site occupation (ave. no. electrons per config.):
  > Site_  ___eu____  ___ed____
      1        0.499      0.499
      2        0.496      0.498
      3        0.499      0.500
      4        0.502      0.499
      5        0.502      0.503
      6        0.502      0.502
      7        0.502      0.501
      8        0.499      0.500
      9        0.499      0.495
     10        0.501      0.498
     11        0.504      0.503
     12        0.503      0.506
     13        0.501      0.499
     14        0.495      0.496
     15        0.499      0.501
     16        0.501      0.504
     17        0.503      0.503
     18        0.503      0.502
     19        0.499      0.500
     20        0.498      0.497
     21        0.495      0.497
     22        0.498      0.496
* Pair-correlation analysis (ave. no. pairs per config.):
  > Shell  nsite  ___dh____  __eueu___  __eued___
      0      1        0          0          3.934
      1      0        0.947      0.509      2.564
      2      0        0.284      0.707      1.057
      3      0        0.269      0.726      1.045
      4      0        0.238      0.764      1.054
      5      0        0.776      0.887      2.379
      6      0        0.674      1.139      2.260
      7      0        0.572      1.359      2.165
      8      0        0.462      1.564      2.070
      9      0        0.081      0.415      0.567
     10      0        0.154      0.836      1.128
     11      0        0.149      0.859      1.083
     12      0        0.246      2.100      1.945
     13      0        0.238      2.074      1.941
     14      0        0.284      1.907      2.037
     15      0        0.320      1.863      2.045
     16      0        0.252      2.038      1.950
     17      0        0.162      0.935      1.025
     18      0        0.257      2.096      1.934
     19      0        0.262      2.109      1.923
     20      0        0.246      2.081      1.940
     21      0        0.144      1.038      0.960
     22      0        0.279      2.071      1.924
     23      0        0.250      2.121      1.908
     24      0        0.237      1.973      2.044
     25      0        0.263      2.046      1.958
     26      0        0.240      1.968      2.083
     27      0        0.222      2.133      1.911
     28      0        0.266      2.038      1.969
     29      0        0.237      2.059      1.976
     30      0        0.260      2.012      1.974
     31      0        0.297      1.937      2.012
     32      0        0.293      2.005      1.953
     33      0        0.236      2.004      2.020
     34      0        0.270      1.956      2.026
     35      0        0.120      1.003      1.019
     36      0        0.264      2.029      1.967
     37      0        0.284      1.897      2.069
     38      0        0.280      1.932      2.050
     39      0        0.264      1.975      2.020
     40      0        0.263      2.015      1.983
     41      0        0.146      0.976      0.995
     42      0        0.262      1.985      1.993
     43      0        0.241      2.027      2.003
     44      0        0.244      1.984      2.040
     45      0        0.263      1.991      1.986
     46      0        0.237      2.025      1.996
     47      0        0.143      0.995      0.980
     48      0        0.267      1.983      2.002
     49      0        0.119      1.024      1.000
     50      0        0.255      1.985      1.990
     51      0        0.236      2.014      2.017
     52      0        0.262      1.988      1.990
     53      0        0.234      2.011      2.008
     54      0        0.234      2.014      2.006
     55      0        0.270      1.996      1.985
     56      0        0.257      1.982      1.989
     57      0        0.263      1.995      1.982
     58      0        0.114      0.999      0.998
     59      0        0.235      2.012      2.024
     60      0        0.232      2.003      2.003
     61      0        0.115      0.999      0.997
     62      0        0.118      1.004      1.003
     63      0        0.231      2.003      2.005
     64      0        0.118      1.002      1.004
     65      0        0.268      1.955      2.014
     66      0        0.132      0.934      1.062
     67      0        0.066      0.464      0.526
     68      0        0.065      0.469      0.530

Optimization #12:
* Method          : lls
* Target function : energy
* No. of configs. : 100096
* No. of params.  : 258
* Before optimization:
  -1.5472E+00  -1.5500E+00  -1.5278E+00  -1.5281E+00  -1.5266E+00  -1.5347E+00
   5.6560E-01   5.6949E-01   3.0818E-01   1.1056E+00   4.4947E-01   1.0695E+00
   1.0577E+00   4.3675E-01   4.2974E-01   7.7016E-01   7.6122E-01   1.0882E+00
   1.0807E+00  -1.2444E-01   4.9106E-01   3.6582E-01   4.6920E-01   4.6752E-01
   5.9447E-01   5.9296E-01   2.8039E-01   2.8039E-01   2.1394E-01   2.1415E-01
   6.5475E-01   6.5376E-01  -1.4683E-01   3.2021E-01   3.1869E-01   3.5057E-03
   5.6956E-04   4.1591E-01   4.1252E-01   7.5680E-03   3.5869E-01   3.5889E-01
   6.8944E-01   6.8639E-01   3.0940E-01   3.0941E-01   5.8220E-02   5.7708E-02
   1.3159E-01   1.3194E-01   3.0520E-01   3.0547E-01   3.4080E-02   3.2030E-02
  -5.8776E-02  -5.7614E-02  -1.2633E-01  -1.2732E-01  -5.4726E-02  -5.5312E-02
  -1.8261E-02  -1.9095E-02  -1.7647E-01  -1.7832E-01  -5.2007E-01  -5.2244E-01
   3.1035E-01  -4.9526E-01  -4.9854E-01   1.5758E-01   1.5814E-01   1.3731E-01
   1.3607E-01   2.8611E-01   2.8573E-01   2.6202E-01   2.6121E-01   2.2890E-01
  -2.0202E-01  -2.0283E-01  -5.4026E-01  -5.3993E-01  -5.1500E-01  -5.1274E-01
  -2.3382E-01  -2.3407E-01  -1.0585E-01  -1.0731E-01   2.4116E-01  -5.8463E-01
  -5.8629E-01   3.8299E-01   1.0058E-01   9.9885E-02  -2.3592E-01  -2.3512E-01
  -2.3837E-01  -2.3911E-01   1.2337E-01   1.2305E-01   1.1302E-01   1.1256E-01
  -5.6457E-01  -5.6487E-01   1.1136E-01   1.1037E-01  -2.3557E-01  -2.3631E-01
  -5.7977E-02  -2.3114E-01  -2.3042E-01  -4.0188E-01  -4.0116E-01  -5.5336E-02
  -7.4266E-01  -3.9998E-01  -3.9977E-01  -7.4374E-01  -3.9592E-02  -4.0606E-02
   1.5975E-04   2.2541E-03  -6.7952E-04   1.7156E-03   1.6732E+00  -2.0925E+00
   1.3288E+00  -1.5881E+00  -6.6238E+00   5.5663E+00   5.3663E+00  -5.6758E+00
  -6.2163E+00   5.2474E+00   1.1397E+00  -1.4889E+00  -2.3160E+00   1.6251E+00
  -4.4673E+00   3.4577E+00   1.1319E+00  -1.0116E+00  -5.7261E+00   5.2304E+00
  -2.0534E+00   1.6743E+00  -2.3849E+00   1.8923E+00  -3.9403E+00   3.3283E+00
  -4.5360E-01   1.8016E-01  -2.4335E+00   2.2268E+00  -4.3054E+00   3.6455E+00
   1.5281E+00  -1.3800E+00  -2.1607E+00   1.8272E+00   1.2743E+00  -1.2885E+00
  -5.4185E-01   8.4184E-02   1.4512E+00  -1.4915E+00  -2.5083E+00   2.1226E+00
  -6.1251E+00   5.4196E+00  -3.8066E+00   3.4970E+00  -2.5246E+00   2.4657E+00
  -2.2356E+00   2.1044E+00   1.6644E+00  -2.0151E+00  -2.0077E+00   1.9699E+00
   3.6811E-02   1.9529E-02  -1.3465E-01   2.6567E-01  -2.3006E+00   2.3568E+00
  -2.3157E+00   2.3340E+00  -2.8475E-01   4.6079E-01   3.7079E+00  -3.1840E+00
  -5.5899E+00   5.2766E+00   3.6963E+00  -3.2009E+00  -2.5685E+00   2.4163E+00
  -2.0510E+00   1.9190E+00  -5.9131E+00   5.6286E+00  -5.9012E+00   5.6401E+00
  -6.2240E+00   5.9977E+00  -9.9375E-02   3.0197E-01   3.5453E+00  -3.0031E+00
   3.5284E+00  -3.0125E+00  -8.7096E-02   3.1833E-01  -3.1835E-01   4.2385E-01
  -6.2275E+00   5.9876E+00   3.7377E+00  -3.1534E+00  -5.6221E+00   5.2350E+00
  -4.0365E+00   3.9370E+00   1.1438E-01   1.2127E-01  -2.2186E-01   4.5921E-01
  -3.7088E+00   3.5850E+00  -3.7039E+00   3.5920E+00   3.7253E+00  -3.1610E+00
  -4.0384E+00   3.9287E+00  -2.2090E-01   4.5630E-01  -1.8340E+00   1.8886E+00
   1.1151E-01   1.1882E-01   1.9862E+00  -1.5829E+00  -1.8316E+00   1.8831E+00
   5.7973E+00  -5.0537E+00   1.9839E+00  -1.5854E+00   5.7977E+00  -5.0555E+00
  -1.7539E-01   2.2007E-01   6.6060E-04   7.1368E-04   1.1277E-03   7.7799E-04
  > E    =  -8.412577731526E+02 +/-   3.288349463479E-04
  > varE =   1.082362290647E-02
* Computing derivatives.
    [walltime: 1m10s elapsed, 1h9m remaining]
    [walltime: 1h elapsed, 8m54s remaining]
  Done. [total walltime: 1h8m]
* Optimizing manipulation constant:
  #igrid a___________ E____________________________________ varE____________
     1     Infinity    -8.41257773E+02 +/-   3.28834946E-04   1.08236229E-02
     2     1.0000E+06  -8.41257773E+02 +/-   3.28834936E-04   1.08236222E-02
     3     2.1544E+05  -8.41257773E+02 +/-   3.28834900E-04   1.08236198E-02
     4     4.6416E+04  -8.41257773E+02 +/-   3.28834729E-04   1.08236086E-02
     5     1.0000E+04  -8.41257773E+02 +/-   3.28833926E-04   1.08235558E-02
     6     2.1544E+03  -8.41257774E+02 +/-   3.28830002E-04   1.08232974E-02
     7     4.6416E+02  -8.41257776E+02 +/-   3.28807488E-04   1.08218154E-02
     8     1.0000E+02  -8.41257785E+02 +/-   3.28612134E-04   1.08089601E-02
     9     2.1544E+01  -8.41257740E+02 +/-   3.26509809E-04   1.06711000E-02
    10     4.6416E+00  -8.41221625E+02 +/-   6.01638194E-04   3.62316006E-02
    11     1.0000E+00  -8.41190323E+02 +/-   7.38229777E-04   5.45506387E-02
    12     2.1544E-01  -8.41084940E+02 +/-   1.04340172E-03   1.08973229E-01
    13     4.6416E-02  -8.40790417E+02 +/-   1.55679895E-03   2.42594963E-01
    14     1.0000E-02  -8.40707156E+02 +/-   1.62426486E-03   2.64076905E-01
    15     2.1544E-03  -8.40696346E+02 +/-   1.63176306E-03   2.66520682E-01
    16     4.6416E-04  -8.40694429E+02 +/-   1.63311808E-03   2.66963507E-01
    17     1.0000E-04  -8.40694036E+02 +/-   1.63339818E-03   2.67055087E-01
    18     2.1544E-05  -8.40693953E+02 +/-   1.63345797E-03   2.67074640E-01
    19     4.6416E-06  -8.40693935E+02 +/-   1.63347083E-03   2.67078845E-01
    20     1.0000E-06  -8.40693931E+02 +/-   1.63347360E-03   2.67079750E-01
    21     0.0000E+00  -8.40693930E+02 +/-   1.63347436E-03   2.67079999E-01
  ParMin   1.5933E+02  -8.41257781E+02 +/-   3.28723184E-04   1.08162668E-02
  # Using grid point #8
* Iteration # 1: E =  -8.412577846513E+02 +/-   3.286121343962E-04
* Reached maximum number of iterations: exiting.
* After optimization:
  -1.4353E+00  -1.4382E+00  -1.4160E+00  -1.4163E+00  -1.4148E+00  -1.4229E+00
   5.7178E-01   5.7566E-01   2.9572E-01   1.0830E+00   4.5085E-01   1.0573E+00
   1.0454E+00   4.1015E-01   4.0311E-01   7.6298E-01   7.5407E-01   1.0824E+00
   1.0750E+00  -1.6520E-01   4.8916E-01   3.7675E-01   4.4761E-01   4.4599E-01
   5.9919E-01   5.9762E-01   2.6981E-01   2.6980E-01   1.9620E-01   1.9644E-01
   6.4891E-01   6.4793E-01  -1.5963E-01   3.1300E-01   3.1147E-01  -2.3174E-02
  -2.6091E-02   4.0541E-01   4.0201E-01  -5.2388E-03   3.4100E-01   3.4122E-01
   6.7718E-01   6.7414E-01   3.1395E-01   3.1395E-01   2.6019E-02   2.5485E-02
   1.1001E-01   1.1035E-01   3.1135E-01   3.1162E-01   2.6174E-02   2.4140E-02
  -5.8960E-02  -5.7799E-02  -1.2735E-01  -1.2831E-01  -7.3381E-02  -7.3943E-02
  -3.6902E-02  -3.7753E-02  -1.9217E-01  -1.9399E-01  -5.2588E-01  -5.2823E-01
   3.0733E-01  -5.0099E-01  -5.0426E-01   1.2539E-01   1.2591E-01   1.2940E-01
   1.2819E-01   2.7230E-01   2.7192E-01   2.4821E-01   2.4738E-01   2.0420E-01
  -2.0435E-01  -2.0516E-01  -5.6079E-01  -5.6047E-01  -5.3555E-01  -5.3329E-01
  -2.3608E-01  -2.3637E-01  -1.2151E-01  -1.2297E-01   2.1641E-01  -5.9182E-01
  -5.9348E-01   3.7999E-01   9.2263E-02   9.1573E-02  -2.3811E-01  -2.3730E-01
  -2.5153E-01  -2.5227E-01   1.2604E-01   1.2575E-01   1.1562E-01   1.1518E-01
  -5.7184E-01  -5.7217E-01   1.0298E-01   1.0202E-01  -2.4872E-01  -2.4947E-01
  -4.9480E-02  -2.3331E-01  -2.3259E-01  -3.9813E-01  -3.9744E-01  -4.6809E-02
  -7.4371E-01  -3.9623E-01  -3.9605E-01  -7.4475E-01  -4.0484E-02  -4.1549E-02
   1.8591E-04   2.2998E-03  -7.0096E-04   1.7615E-03   1.6071E+00  -2.0326E+00
   1.4561E+00  -1.7031E+00  -6.3762E+00   5.3412E+00   5.3529E+00  -5.6638E+00
  -6.0857E+00   5.1290E+00   1.4215E+00  -1.7439E+00  -2.2455E+00   1.5618E+00
  -4.4029E+00   3.3991E+00   1.5682E+00  -1.4070E+00  -5.7124E+00   5.2186E+00
  -2.1722E+00   1.7822E+00  -2.1601E+00   1.6888E+00  -3.9929E+00   3.3763E+00
  -3.3648E-01   7.3616E-02  -2.2459E+00   2.0568E+00  -4.2410E+00   3.5868E+00
   1.6557E+00  -1.4947E+00  -2.0902E+00   1.7640E+00   1.5561E+00  -1.5438E+00
  -4.2471E-01  -2.2417E-02   1.5788E+00  -1.6062E+00  -2.3207E+00   1.9527E+00
  -5.9945E+00   5.3012E+00  -3.8591E+00   3.5451E+00  -2.1824E+00   2.1556E+00
  -2.0107E+00   1.9009E+00   1.5983E+00  -1.9552E+00  -1.9368E+00   1.9071E+00
   3.6907E-02   1.9613E-02  -1.3026E-01   2.6220E-01  -2.1126E+00   2.1874E+00
  -2.1276E+00   2.1646E+00  -1.2562E-01   3.1752E-01   3.7650E+00  -3.2354E+00
  -5.5758E+00   5.2655E+00   3.7534E+00  -3.2522E+00  -2.2262E+00   2.1065E+00
  -1.9802E+00   1.8560E+00  -5.7818E+00   5.5110E+00  -5.7698E+00   5.5225E+00
  -5.9753E+00   5.7737E+00  -9.4311E-02   2.9925E-01   3.7572E+00  -3.1943E+00
   3.7400E+00  -3.2039E+00  -8.2026E-02   3.1561E-01  -1.5944E-01   2.8050E-01
  -5.9788E+00   5.7637E+00   3.7955E+00  -3.2040E+00  -5.6080E+00   5.2239E+00
  -3.9709E+00   3.8797E+00   1.1545E-01   1.2239E-01  -1.0346E-01   3.5397E-01
  -3.7605E+00   3.6340E+00  -3.7556E+00   3.6411E+00   3.7832E+00  -3.2115E+00
  -3.9727E+00   3.8714E+00  -1.0251E-01   3.5106E-01  -1.9516E+00   1.9977E+00
   1.1256E-01   1.1994E-01   1.9213E+00  -1.5218E+00  -1.9492E+00   1.9923E+00
   5.7852E+00  -5.0405E+00   1.9190E+00  -1.5242E+00   5.7856E+00  -5.0423E+00
  -1.7104E-01   2.1661E-01   6.5480E-04   7.1270E-04   1.1287E-03   7.7262E-04
  > Energy =  -8.412577846513E+02 +/-   3.286121343962E-04
  > varE =   1.080896013699E-02

VMC #13:
* Size of Hilbert space =   4.9763E+11
* Number of equil. steps   = 1000
* Running VMC equilibration.
  Done. [total walltime: 0.02s]
* Equil. acc.ratio (%)     =  15.3608
* Sample config after equilibration:
  +---------------------+
  |  u   d   0   d   0  |
  |d   0   u   2   u   d|
  |2   2   2   u   d   u|
  |  0   0   d   2   u  |
  +---------------------+
* Number of accum. steps   = 500480 x 10
* Running VMC accumulation.
    [walltime: 1m elapsed, 5m18s remaining]
  Done. [total walltime: 6m19s]
* Acceptance ratio (%)     =  15.3693
* Etot/t                   =  -8.412577955108E+02 +/-   1.437634238285E-04
  > Ttot/t                 =  -7.560916453196E+01 +/-   9.299907255275E-04
  > Utot/t                 =   3.305251090766E+01 +/-   9.177276188960E-04
* var[Eloc/t]              =   1.071397828037E-02 +/-   3.264548264998E-05
* Correlation length       =   9.654566536667E-01
* log10 Psi^2 range: -16.221100490976511 -- -4.6119084587090144
* log10 Pgen range : -16.221100490976511 -- -4.6119084587090144
* Site occupation (ave. no. electrons per config.):
  > Site_  ___eu____  ___ed____
      1        0.498      0.499
      2        0.497      0.498
      3        0.501      0.501
      4        0.505      0.500
      5        0.503      0.504
      6        0.503      0.503
      7        0.499      0.505
      8        0.501      0.498
      9        0.498      0.495
     10        0.501      0.498
     11        0.502      0.504
     12        0.503      0.502
     13        0.498      0.500
     14        0.498      0.500
     15        0.502      0.499
     16        0.500      0.504
     17        0.502      0.503
     18        0.503      0.502
     19        0.498      0.497
     20        0.496      0.498
     21        0.497      0.497
     22        0.495      0.495
* Pair-correlation analysis (ave. no. pairs per config.):
  > Shell  nsite  ___dh____  __eueu___  __eued___
      0      1        0          0          3.927
      1      0        0.943      0.511      2.571
      2      0        0.283      0.707      1.060
      3      0        0.266      0.726      1.047
      4      0        0.237      0.769      1.056
      5      0        0.776      0.885      2.378
      6      0        0.669      1.139      2.264
      7      0        0.573      1.357      2.166
      8      0        0.461      1.559      2.073
      9      0        0.078      0.414      0.567
     10      0        0.156      0.836      1.126
     11      0        0.149      0.859      1.080
     12      0        0.248      2.094      1.940
     13      0        0.242      2.072      1.935
     14      0        0.282      1.906      2.042
     15      0        0.316      1.868      2.046
     16      0        0.249      2.038      1.950
     17      0        0.161      0.934      1.028
     18      0        0.263      2.093      1.930
     19      0        0.262      2.109      1.917
     20      0        0.245      2.088      1.936
     21      0        0.146      1.038      0.957
     22      0        0.279      2.070      1.921
     23      0        0.253      2.119      1.903
     24      0        0.237      1.972      2.043
     25      0        0.260      2.042      1.957
     26      0        0.242      1.965      2.079
     27      0        0.220      2.135      1.916
     28      0        0.268      2.038      1.967
     29      0        0.238      2.059      1.977
     30      0        0.259      2.016      1.968
     31      0        0.298      1.931      2.012
     32      0        0.290      2.006      1.953
     33      0        0.234      2.000      2.020
     34      0        0.270      1.956      2.031
     35      0        0.121      1.000      1.021
     36      0        0.263      2.030      1.971
     37      0        0.281      1.895      2.067
     38      0        0.278      1.933      2.051
     39      0        0.262      1.975      2.016
     40      0        0.261      2.015      1.980
     41      0        0.144      0.976      0.994
     42      0        0.261      1.984      1.994
     43      0        0.239      2.030      2.005
     44      0        0.242      1.988      2.041
     45      0        0.263      1.990      1.986
     46      0        0.235      2.024      1.995
     47      0        0.142      0.993      0.979
     48      0        0.267      1.988      2.004
     49      0        0.121      1.022      0.996
     50      0        0.254      1.987      1.983
     51      0        0.236      2.023      2.015
     52      0        0.261      1.987      1.994
     53      0        0.235      2.016      2.000
     54      0        0.235      2.005      2.011
     55      0        0.269      2.000      1.987
     56      0        0.254      1.978      1.991
     57      0        0.260      1.996      1.986
     58      0        0.113      0.996      1.000
     59      0        0.236      2.009      2.028
     60      0        0.230      2.014      1.999
     61      0        0.113      1.002      0.995
     62      0        0.115      1.012      1.005
     63      0        0.230      1.998      2.013
     64      0        0.118      1.001      1.011
     65      0        0.268      1.954      2.014
     66      0        0.131      0.936      1.061
     67      0        0.064      0.466      0.531
     68      0        0.065      0.467      0.531

VDAGGER finished.
Total VDAGGER walltime: 22h13m

Run ended: Wed Oct 29 07:37:47 CET 2025
