# FIXEDNODEStats VERSION 1 - REAL : NEl=   6 | PQ-Partition= F | P-Space Type= " SEMI-STOCH-INIT " | Trial Proj. Energy= T | Stochastic Sign-Flip-Potential= F | Back-Flow Correlations= F | Jastrow Correlations= T | Time-Reversal Initialization= T | Importance Sampling= F | Singles Only= F
#     1.Step   2.Shift    3.TotWalkers  4.Annihil  5.NoatHF  6.TrialNum    7.TrialDenom     8.TrialProj.E  9.TrialOverlap  10.UniqueDets  13.IterTime 
#           0   0.00000000         2000.000        0.000000       -1000.000      0.00000000000E+00  0.00000000000E+00    0.000000       0.00000000                2   0.0000    
         100   0.00000000         2351.914        0.000000       -998.9969     -4.77341238760E+05  2.06910358592E+03 -2.30699536751E+02   1.46286721               52  0.60841E-02
         200   0.00000000         2738.509        0.000000       -1000.273     -5.11202564504E+05  2.21587814238E+03 -2.30699764002E+02   1.55957838               98  0.60242E-02
         300   0.00000000         3157.658        0.000000       -1004.004     -5.47073395882E+05  2.37136332084E+03 -2.30699948453E+02   1.65459838              135  0.60181E-02
         400   0.00000000         3614.037        0.000000       -1009.486     -5.85650010728E+05  2.53857716748E+03 -2.30700101706E+02   1.74924341              164  0.60590E-02
         500   0.00000000         4118.952        0.000000       -1017.364     -6.26893215257E+05  2.71734960825E+03 -2.30700243117E+02   1.84303878              192  0.60147E-02
         600   0.00000000         4683.667        0.000000       -1027.364     -6.71394742973E+05  2.91024562700E+03 -2.30700370011E+02   1.93650685              227  0.60795E-02
         700   0.00000000         5296.333        0.000000       -1039.062     -7.19114759601E+05  3.11709264195E+03 -2.30700477080E+02   2.02943518              257  0.63337E-02
         800   0.00000000         5961.061        0.000000       -1052.474     -7.69761123770E+05  3.33662432485E+03 -2.30700567048E+02   2.11964748              285  0.61969E-02
         900   0.00000000         6684.610        0.000000       -1067.437     -8.23827249117E+05  3.57097943445E+03 -2.30700642286E+02   2.20851417              313  0.62585E-02
        1000   0.00000000         7469.980        0.000000       -1085.017     -8.81834754735E+05  3.82241881649E+03 -2.30700715194E+02   2.29456449              325  0.70994E-02
        1100   0.00000000         8335.287        0.000000       -1104.938     -9.44743174200E+05  4.09510182407E+03 -2.30700777365E+02   2.38061540              342  0.67240E-02
        1200   0.00000000         9261.744        0.000000       -1127.447     -1.01204027721E+06  4.38680832199E+03 -2.30700820032E+02   2.46359024              354  0.65996E-02
        1300   0.00000000         10265.67        0.000000       -1151.647     -1.08389059552E+06  4.69825130116E+03 -2.30700855710E+02   2.54519750              365  0.67243E-02
        1400   0.00000000         11358.80        0.000000       -1178.445     -1.16081008489E+06  5.03166732487E+03 -2.30700881029E+02   2.62340028              374  0.69140E-02
        1500   0.00000000         12537.71        0.000000       -1207.106     -1.24318919108E+06  5.38874871064E+03 -2.30700902534E+02   2.70027021              379  0.70571E-02
        1600   0.00000000         13807.58        0.000000       -1239.255     -1.33129381330E+06  5.77064812246E+03 -2.30700916959E+02   2.77430481              383  0.72232E-02
        1700   0.00000000         15181.70        0.000000       -1273.777     -1.42548210306E+06  6.17891798152E+03 -2.30700926494E+02   2.84446146              387  0.74259E-02
        1800   0.00000000         16666.88        0.000000       -1309.217     -1.52650009811E+06  6.61679203526E+03 -2.30700933319E+02   2.91462614              390  0.76201E-02
        1900   0.00000000         18271.25        0.000000       -1348.521     -1.63464208735E+06  7.08554595452E+03 -2.30700936504E+02   2.98106682              394  0.78894E-02
        2000   0.00000000         19996.80        0.000000       -1390.722     -1.75035995711E+06  7.58713848442E+03 -2.30700936949E+02   3.04469494              397  0.81032E-02
        2100   0.00000000         21854.65        0.000000       -1434.953     -1.87444787694E+06  8.12501206020E+03 -2.30700934726E+02   3.10692173              398  0.84464E-02
        2200   0.00000000         23854.10        0.000000       -1482.761     -2.00663478458E+06  8.69799172733E+03 -2.30700930455E+02   3.16525309              400  0.86259E-02
        2300   0.00000000         26016.76        0.000000       -1533.638     -2.14905254581E+06  9.31531826410E+03 -2.30700925602E+02   3.22218664              400  0.89052E-02
        2400   0.00000000         28342.34        0.000000       -1586.889     -2.30085341831E+06  9.97331702656E+03 -2.30700920484E+02   3.27562659              400  0.92325E-02
        2500   0.00000000         30840.19        0.000000       -1644.865     -2.46385722200E+06  1.06798763878E+04 -2.30700911934E+02   3.32656928              400  0.95970E-02
        2600   0.00000000         33513.91        0.000000       -1706.970     -2.63807060841E+06  1.14350252391E+04 -2.30700899496E+02   3.37513196              400  0.11801E-01
        2700   0.00000000         36400.67        0.000000       -1771.676     -2.82456509370E+06  1.22434081239E+04 -2.30700885334E+02   3.42129074              400  0.11589E-01
        2800   0.00000000         39497.25        0.000000       -1841.773     -3.02401331275E+06  1.31079405802E+04 -2.30700871296E+02   3.46406160              400  0.12680E-01
        2900   0.00000000         42831.64        0.000000       -1915.542     -3.23757703712E+06  1.40336585396E+04 -2.30700855945E+02   3.50505971              400  0.11325E-01
        3000   0.00000000         46426.35        0.000000       -1993.828     -3.46679759949E+06  1.50272429566E+04 -2.30700841765E+02   3.54399606              400  0.11963E-01
        3100   0.00000000         50273.58        0.000000       -2077.537     -3.71209302680E+06  1.60905059040E+04 -2.30700827491E+02   3.58078727              400  0.12322E-01
        3200   0.00000000         54415.31        0.000000       -2165.212     -3.97420761246E+06  1.72266736297E+04 -2.30700813046E+02   3.61509195              400  0.12759E-01
        3300   0.00000000         58868.66        0.000000       -2260.379     -4.25555951868E+06  1.84462279184E+04 -2.30700798966E+02   3.64709607              400  0.13704E-01
        3400   0.00000000         63645.76        0.000000       -2360.527     -4.55670701923E+06  1.97515887561E+04 -2.30700784402E+02   3.67754714              400  0.14009E-01
        3500   0.00000000         68765.46        0.000000       -2467.163     -4.87855704242E+06  2.11466874568E+04 -2.30700768260E+02   3.70626247              400  0.14659E-01
        3600   0.00000000         74278.58        0.000000       -2581.494     -5.22318352261E+06  2.26405135311E+04 -2.30700753118E+02   3.73256627              400  0.15369E-01
        3700   0.00000000         80204.09        0.000000       -2701.356     -5.59340572193E+06  2.42452874961E+04 -2.30700738147E+02   3.75701156              400  0.16240E-01
        3800   0.00000000         86562.32        0.000000       -2830.122     -5.98988772388E+06  2.59638881073E+04 -2.30700721676E+02   3.78007860              400  0.16900E-01
        3900   0.00000000         93380.93        0.000000       -2964.560     -6.41399160256E+06  2.78022192316E+04 -2.30700705908E+02   3.80185934              400  0.18009E-01
        4000   0.00000000         100694.9        0.000000       -3108.634     -6.86724899853E+06  2.97669200849E+04 -2.30700689858E+02   3.82211361              400  0.18655E-01
        4100   0.00000000         108549.8        0.000000       -3261.994     -7.35265539894E+06  3.18709749067E+04 -2.30700674217E+02   3.84052889              400  0.19628E-01
        4200   0.00000000         116976.6        0.000000       -3422.734     -7.87242815803E+06  3.41239950011E+04 -2.30700659691E+02   3.85821364              400  0.20659E-01
        4300   0.00000000         126005.1        0.000000       -3595.991     -8.42921095463E+06  3.65374398788E+04 -2.30700645217E+02   3.87449344              400  0.21860E-01
        4400   0.00000000         135685.1        0.000000       -3781.632     -9.02482797693E+06  3.91192164449E+04 -2.30700632505E+02   3.88947976              400  0.22966E-01
        4500   0.00000000         146082.7        0.000000       -3978.392     -9.66239607826E+06  4.18828356115E+04 -2.30700618456E+02   3.90286803              400  0.27840E-01
        4600   0.00000000         157238.7        0.000000       -4185.939     -1.03465869386E+07  4.48485471185E+04 -2.30700604665E+02   3.91623235              400  0.25700E-01
        4700   0.00000000         169206.8        0.000000       -4406.300     -1.10790831627E+07  4.80236441353E+04 -2.30700592639E+02   3.92815705              400  0.26993E-01
        4800   0.00000000         182046.4        0.000000       -4642.173     -1.18630670535E+07  5.14219211477E+04 -2.30700580389E+02   3.93903978              400  0.29304E-01
        4900   0.00000000         195789.2        0.000000       -4893.769     -1.27030063091E+07  5.50627439449E+04 -2.30700568098E+02   3.94983121              400  0.30318E-01
        5000   0.00000000         210560.5        0.000000       -5160.046     -1.36019556527E+07  5.89593533803E+04 -2.30700556789E+02   3.95915324              400  0.32113E-01
        5100   0.00000000         226401.9        0.000000       -5443.260     -1.45651538170E+07  6.31344577103E+04 -2.30700545237E+02   3.96811471              400  0.41192E-01
        5200   0.00000000         243380.6        0.000000       -5745.389     -1.55958510014E+07  6.76021450316E+04 -2.30700534638E+02   3.97609154              400  0.35886E-01
        5300   0.00000000         261560.7        0.000000       -6067.508     -1.66985941052E+07  7.23821246459E+04 -2.30700524293E+02   3.98410744              400  0.38087E-01
        5400   0.00000000         281063.8        0.000000       -6410.497     -1.78792284721E+07  7.74997342211E+04 -2.30700513386E+02   3.99069276              400  0.45491E-01
        5500   0.00000000         301969.8        0.000000       -6776.264     -1.91436502253E+07  8.29805311664E+04 -2.30700502350E+02   3.99730876              400  0.42464E-01
        5600   0.00000000         324362.2        0.000000       -7163.130     -2.04972992640E+07  8.88480948760E+04 -2.30700492708E+02   4.00348896              400  0.45640E-01
        5700   0.00000000         348397.9        0.000000       -7577.337     -2.19452390360E+07  9.51243737472E+04 -2.30700483709E+02   4.00869895              400  0.47978E-01
        5800   0.00000000         374189.7        0.000000       -8022.567     -2.34996073372E+07  1.01861980812E+05 -2.30700474798E+02   4.01365409              400  0.51272E-01
        5900   0.00000000         401772.6        0.000000       -8496.608     -2.51625755563E+07  1.09070328161E+05 -2.30700466209E+02   4.01849624              400  0.54206E-01
        6000   0.00000000         431359.9        0.000000       -8999.581     -2.69424705391E+07  1.16785509626E+05 -2.30700457834E+02   4.02280120              400  0.63233E-01
        6100   0.00000000         463054.5        0.000000       -9536.432     -2.88490049056E+07  1.25049625880E+05 -2.30700449542E+02   4.02659945              400  0.61289E-01
        6200   0.00000000         497063.5        0.000000       -10112.75     -3.08917447322E+07  1.33904142211E+05 -2.30700441540E+02   4.03046258              400  0.65033E-01
        6300   0.00000000         533493.8        0.000000       -10725.74     -3.30784320839E+07  1.43382617462E+05 -2.30700434051E+02   4.03378214              400  0.69287E-01
        6400   0.00000000         572468.6        0.000000       -11372.71     -3.54180044288E+07  1.53523792181E+05 -2.30700427117E+02   4.03702948              400  0.73602E-01
        6500   0.00000000         614312.0        0.000000       -12065.04     -3.79233913887E+07  1.64383711711E+05 -2.30700420339E+02   4.03970218              400  0.80914E-01
        6600   0.00000000         659156.3        0.000000       -12805.13     -4.06091098064E+07  1.76025301455E+05 -2.30700413354E+02   4.04233748              400  0.86638E-01
        6700   0.00000000         707136.6        0.000000       -13598.40     -4.34833161303E+07  1.88483916657E+05 -2.30700406176E+02   4.04502450              400  0.91232E-01
        6800   0.00000000         758546.0        0.000000       -14438.23     -4.65574417536E+07  2.01809107029E+05 -2.30700400190E+02   4.04733875              400  0.94671E-01
        6900   0.00000000         813637.0        0.000000       -15338.56     -4.98490092172E+07  2.16076827102E+05 -2.30700394326E+02   4.04935494              400  0.10066    
        7000   0.00000000         872676.4        0.000000       -16300.05     -5.33756078454E+07  2.31363320445E+05 -2.30700388215E+02   4.05124328              400  0.10741    
        7100   0.00000000         935961.1        0.000000       -17326.11     -5.71518742392E+07  2.47732031195E+05 -2.30700382036E+02   4.05298907              400  0.11637    
        7200 -0.616549865         1003591.        0.000000       -18419.44     -6.11910056558E+07  2.65240163634E+05 -2.30700376660E+02   4.05497163              400  0.12594    
        7300 -0.811948828         1011790.        0.000000       -18431.66     -6.35344399130E+07  2.75398082746E+05 -2.30700371185E+02   4.18376698              400  0.12849    
        7400 -0.804108967         1000311.        0.000000       -18086.94     -6.33449391468E+07  2.74576673610E+05 -2.30700366182E+02   4.22653656              400  0.12546    
        7500 -0.748830617         989669.4        0.000000       -17762.87     -6.25631532614E+07  2.71187929268E+05 -2.30700361296E+02   4.22615212              400  0.12799    
        7600 -0.709032783         984533.8        0.000000       -17537.26     -6.19854427459E+07  2.68683774840E+05 -2.30700356889E+02   4.21575058              400  0.12257    
        7700 -0.692618255         983285.6        0.000000       -17387.43     -6.17043029163E+07  2.67465144135E+05 -2.30700352062E+02   4.20838094              400  0.12079    
        7800 -0.690230763         983585.2        0.000000       -17278.89     -6.15992189386E+07  2.67009649687E+05 -2.30700347388E+02   4.20597089              400  0.12091    
        7900 -0.692154045         984061.9        0.000000       -17175.68     -6.15523559502E+07  2.66806521262E+05 -2.30700342927E+02   4.20640203              400  0.12237    
        8000 -0.693909635         984247.3        0.000000       -17066.55     -6.15048065959E+07  2.66600417539E+05 -2.30700338595E+02   4.20786445              400  0.11921    
        8100 -0.694359557         984269.7        0.000000       -16964.08     -6.14454880927E+07  2.66343298592E+05 -2.30700334559E+02   4.20896979              400  0.12046    
        8200 -0.694171062         984172.5        0.000000       -16867.73     -6.13794888805E+07  2.66057220932E+05 -2.30700330800E+02   4.20983940              400  0.11821    
        8300 -0.693632080         984028.5        0.000000       -16770.92     -6.13129720193E+07  2.65768898990E+05 -2.30700327436E+02   4.21053313              400  0.11873    
        8400 -0.693091561         983934.5        0.000000       -16678.13     -6.12504123338E+07  2.65497730049E+05 -2.30700323963E+02   4.21102435              400  0.11718    
        8500 -0.692811795         983954.4        0.000000       -16591.42     -6.11933968385E+07  2.65250592910E+05 -2.30700320656E+02   4.21121741              400  0.11696    
        8600 -0.692760598         983873.4        0.000000       -16505.61     -6.11396158801E+07  2.65017475867E+05 -2.30700317706E+02   4.21204870              400  0.11713    
        8700 -0.692198190         983762.8        0.000000       -16425.97     -6.10823205127E+07  2.64769125391E+05 -2.30700314557E+02   4.21252635              400  0.11608    
        8800 -0.691767832         983685.3        0.000000       -16350.49     -6.10285422836E+07  2.64536020585E+05 -2.30700311242E+02   4.21298981              400  0.11783    
        8900 -0.691311286         983617.5        0.000000       -16280.68     -6.09773025235E+07  2.64313918650E+05 -2.30700308311E+02   4.21316218              400  0.11605    
        9000 -0.690844500         983514.5        0.000000       -16214.01     -6.09288175912E+07  2.64103757625E+05 -2.30700305589E+02   4.21356736              400  0.12244    
        9100 -0.690554746         983465.1        0.000000       -16149.70     -6.08839759522E+07  2.63909388397E+05 -2.30700303320E+02   4.21381174              400  0.11582    
        9200 -0.690289465         983409.7        0.000000       -16087.38     -6.08420934963E+07  2.63727846599E+05 -2.30700300635E+02   4.21407064              400  0.11469    
        9300 -0.689829532         983323.9        0.000000       -16024.95     -6.07990028060E+07  2.63541067953E+05 -2.30700297597E+02   4.21431698              400  0.11472    
        9400 -0.689623187         983301.7        0.000000       -15970.03     -6.07615188305E+07  2.63378591249E+05 -2.30700295504E+02   4.21446079              400  0.11402    
        9500 -0.689484830         983258.3        0.000000       -15910.46     -6.07256091692E+07  2.63222938124E+05 -2.30700293835E+02   4.21482981              400  0.11367    
        9600 -0.689344905         983250.9        0.000000       -15864.73     -6.06898345497E+07  2.63067870606E+05 -2.30700291943E+02   4.21492323              400  0.11412    
        9700 -0.689156592         983178.8        0.000000       -15813.88     -6.06548661258E+07  2.62916297772E+05 -2.30700289939E+02   4.21524759              400  0.11337    
        9800 -0.688794097         983125.3        0.000000       -15763.70     -6.06196116352E+07  2.62763485370E+05 -2.30700287560E+02   4.21533133              400  0.11380    
        9900 -0.688626268         983076.8        0.000000       -15712.47     -6.05884863134E+07  2.62628571022E+05 -2.30700285493E+02   4.21557444              400  0.11746    
       10000 -0.688372211         983060.7        0.000000       -15671.29     -6.05571240408E+07  2.62492629912E+05 -2.30700283132E+02   4.21560353              400  0.11264    
       10100 -0.688233809         983031.5        0.000000       -15631.15     -6.05282984923E+07  2.62367683823E+05 -2.30700281415E+02   4.21567574              400  0.11472    
       10200 -0.688007489         982969.7        0.000000       -15585.88     -6.04992845287E+07  2.62241921054E+05 -2.30700279671E+02   4.21593451              400  0.11223    
       10300 -0.687732310         982894.9        0.000000       -15547.72     -6.04701166286E+07  2.62115490529E+05 -2.30700278364E+02   4.21619414              400  0.11412    
       10400 -0.687299195         982850.4        0.000000       -15511.74     -6.04392885585E+07  2.61981864257E+05 -2.30700276639E+02   4.21612207              400  0.11272    
       10500 -0.687355206         982879.8        0.000000       -15477.26     -6.04157804320E+07  2.61879966884E+05 -2.30700275209E+02   4.21611559              400  0.11229    
       10600 -0.687278081         982824.7        0.000000       -15440.15     -6.03917920933E+07  2.61775988333E+05 -2.30700273458E+02   4.21641724              400  0.11170    
       10700 -0.686859344         982755.7        0.000000       -15407.04     -6.03637759347E+07  2.61654549900E+05 -2.30700272392E+02   4.21636547              400  0.11689    
       10800 -0.686839564         982786.7        0.000000       -15374.31     -6.03429563060E+07  2.61564306457E+05 -2.30700270703E+02   4.21627210              400  0.11105    
       10900 -0.686944323         982758.4        0.000000       -15340.53     -6.03248988359E+07  2.61486035575E+05 -2.30700269341E+02   4.21648797              400  0.11199    
       11000 -0.686446413         982655.4        0.000000       -15312.56     -6.03022832869E+07  2.61388006981E+05 -2.30700268093E+02   4.21653853              400  0.11074    
       11100 -0.686100635         982591.0        0.000000       -15286.46     -6.02819775423E+07  2.61299989717E+05 -2.30700267565E+02   4.21664662              400  0.11074    
       11200 -0.685999802         982610.0        0.000000       -15261.11     -6.02626579746E+07  2.61216247321E+05 -2.30700266897E+02   4.21657233              400  0.11107    
       11300 -0.686015308         982611.3        0.000000       -15239.10     -6.02467775424E+07  2.61147412335E+05 -2.30700266197E+02   4.21653559              400  0.11070    
       11400 -0.686056867         982630.7        0.000000       -15218.08     -6.02330471038E+07  2.61087896644E+05 -2.30700265612E+02   4.21653872              400  0.11064    
       11500 -0.685990397         982574.9        0.000000       -15192.56     -6.02177447789E+07  2.61021567576E+05 -2.30700264879E+02   4.21677466              400  0.11060    
       11600 -0.685733638         982537.5        0.000000       -15167.22     -6.02009546542E+07  2.60948789878E+05 -2.30700263765E+02   4.21674561              400  0.11030    
       11700 -0.685556314         982479.7        0.000000       -15146.94     -6.01854341133E+07  2.60881514961E+05 -2.30700262999E+02   4.21677349              400  0.11091    
       11800 -0.685366962         982462.0        0.000000       -15123.52     -6.01727868664E+07  2.60826694918E+05 -2.30700262047E+02   4.21681157              400  0.11091    
       11900 -0.685381032         982524.7        0.000000       -15104.99     -6.01613440944E+07  2.60777096222E+05 -2.30700260744E+02   4.21670875              400  0.10982    
       12000 -0.685627969         982548.1        0.000000       -15083.56     -6.01509294849E+07  2.60731953263E+05 -2.30700260295E+02   4.21675797              400  0.11100    
       12100 -0.685630424         982509.3        0.000000       -15068.42     -6.01399776226E+07  2.60684482390E+05 -2.30700259069E+02   4.21680595              400  0.11019    
       12200 -0.685549062         982530.8        0.000000       -15047.31     -6.01294664538E+07  2.60638921748E+05 -2.30700257853E+02   4.21684307              400  0.10969    
       12300 -0.685307087         982454.9        0.000000       -15025.92     -6.01153909743E+07  2.60577910618E+05 -2.30700257100E+02   4.21693893              400  0.11018    
       12400 -0.685153777         982406.7        0.000000       -15015.37     -6.01037570297E+07  2.60527482760E+05 -2.30700256238E+02   4.21697187              400  0.10972    
       12500 -0.685030171         982443.5        0.000000       -15002.73     -6.00937895700E+07  2.60484278544E+05 -2.30700255332E+02   4.21679511              400  0.10927    
       12600 -0.685067949         982405.0        0.000000       -14988.44     -6.00855950276E+07  2.60448759578E+05 -2.30700254150E+02   4.21694017              400  0.11109    
       12700 -0.684959318         982409.2        0.000000       -14970.72     -6.00767075763E+07  2.60410236509E+05 -2.30700253499E+02   4.21690059              400  0.11185    
       12800 -0.684781398         982330.7        0.000000       -14956.69     -6.00669703448E+07  2.60368029295E+05 -2.30700253435E+02   4.21706176              400  0.11093    
       12900 -0.684631324         982359.5        0.000000       -14941.43     -6.00581965952E+07  2.60329998723E+05 -2.30700253101E+02   4.21685908              400  0.10974    
       13000 -0.684711901         982333.3        0.000000       -14935.25     -6.00516902162E+07  2.60301795973E+05 -2.30700253111E+02   4.21690312              400  0.10998    
       13100 -0.684373629         982255.2        0.000000       -14921.64     -6.00419744034E+07  2.60259682530E+05 -2.30700252224E+02   4.21708655              400  0.11068    
       13200 -0.684315439         982229.3        0.000000       -14912.91     -6.00352260970E+07  2.60230432481E+05 -2.30700251022E+02   4.21710075              400  0.10899    
       13300 -0.684290048         982294.5        0.000000       -14903.56     -6.00283902666E+07  2.60200802252E+05 -2.30700250527E+02   4.21689992              400  0.10920    
       13400 -0.684487028         982320.8        0.000000       -14893.92     -6.00233425435E+07  2.60178922892E+05 -2.30700249952E+02   4.21683667              400  0.10974    
       13500 -0.684785525         982368.0        0.000000       -14881.67     -6.00217984669E+07  2.60172230108E+05 -2.30700249761E+02   4.21693368              400  0.10901    
       13600 -0.684768027         982360.0        0.000000       -14872.41     -6.00164156443E+07  2.60148898251E+05 -2.30700249157E+02   4.21699476              400  0.11008    
       13700 -0.684778347         982370.1        0.000000       -14864.28     -6.00108374389E+07  2.60124719734E+05 -2.30700248328E+02   4.21692820              400  0.10913    
       13800 -0.684796769         982359.4        0.000000       -14856.20     -6.00040776449E+07  2.60095418669E+05 -2.30700248209E+02   4.21706195              400  0.11507    
       13900 -0.684613541         982308.0        0.000000       -14842.16     -5.99957148754E+07  2.60059169538E+05 -2.30700247878E+02   4.21713209              400  0.10903    
       14000 -0.684422314         982290.8        0.000000       -14836.93     -5.99893961402E+07  2.60031780664E+05 -2.30700247435E+02   4.21696863              400  0.10859    
       14100 -0.684265937         982268.0        0.000000       -14826.94     -5.99836510169E+07  2.60006878393E+05 -2.30700246807E+02   4.21698081              400  0.10857    
       14200 -0.684245457         982259.5        0.000000       -14824.56     -5.99786144415E+07  2.59985046521E+05 -2.30700246972E+02   4.21694594              400  0.11095    
       14300 -0.684232241         982262.4        0.000000       -14815.73     -5.99741507879E+07  2.59965698750E+05 -2.30700246518E+02   4.21697325              400  0.10858    
       14400 -0.684278808         982267.5        0.000000       -14807.10     -5.99710130197E+07  2.59952097882E+05 -2.30700246347E+02   4.21694629              400  0.10859    
       14500 -0.684294665         982269.8        0.000000       -14801.01     -5.99669311286E+07  2.59934404359E+05 -2.30700246381E+02   4.21703184              400  0.11056    
       14600 -0.684243584         982207.8        0.000000       -14787.18     -5.99612917527E+07  2.59909959874E+05 -2.30700246277E+02   4.21721973              400  0.10866    
       14700 -0.683947998         982202.9        0.000000       -14781.99     -5.99538401298E+07  2.59877660282E+05 -2.30700245896E+02   4.21701379              400  0.11010    
       14800 -0.684067257         982238.5        0.000000       -14774.95     -5.99520316365E+07  2.59869821602E+05 -2.30700245481E+02   4.21701153              400  0.10836    
       14900 -0.684189503         982248.2        0.000000       -14769.41     -5.99494083915E+07  2.59858450918E+05 -2.30700245382E+02   4.21690857              400  0.10830    
       15000 -0.684079756         982208.6        0.000000       -14764.05     -5.99453425861E+07  2.59840827174E+05 -2.30700245369E+02   4.21705723              400  0.10859    
       15100 -0.684124709         982276.1        0.000000       -14754.85     -5.99427412792E+07  2.59829551671E+05 -2.30700245195E+02   4.21688248              400  0.10833    
       15200 -0.684427867         982295.3        0.000000       -14745.33     -5.99422517656E+07  2.59827430173E+05 -2.30700244873E+02   4.21707663              400  0.10830    
       15300 -0.684204971         982222.3        0.000000       -14743.59     -5.99364401991E+07  2.59802239648E+05 -2.30700244464E+02   4.21706629              400  0.10976    
       15400 -0.683899765         982188.4        0.000000       -14739.63     -5.99316656902E+07  2.59781543628E+05 -2.30700244725E+02   4.21697650              400  0.10836    
       15500 -0.683933863         982222.3        0.000000       -14734.55     -5.99294618964E+07  2.59771990530E+05 -2.30700245143E+02   4.21692286              400  0.10834    
       15600 -0.684164541         982297.4        0.000000       -14735.38     -5.99303509025E+07  2.59775843927E+05 -2.30700245245E+02   4.21677017              400  0.10957    
       15700 -0.684524281         982306.5        0.000000       -14727.10     -5.99311229949E+07  2.59779191067E+05 -2.30700244884E+02   4.21711666              400  0.10836    
       15800 -0.684097667         982198.9        0.000000       -14723.80     -5.99212012347E+07  2.59736184544E+05 -2.30700244327E+02   4.21722478              400  0.10902    
       15900 -0.683921863         982176.8        0.000000       -14713.67     -5.99142401460E+07  2.59706011193E+05 -2.30700243983E+02   4.21715707              400  0.10817    
       16000 -0.683671668         982120.8        0.000000       -14706.64     -5.99074085549E+07  2.59676399179E+05 -2.30700243628E+02   4.21714893              400  0.10816    
       16100 -0.683567170         982156.4        0.000000       -14703.84     -5.99037698861E+07  2.59660627505E+05 -2.30700243089E+02   4.21690143              400  0.10934    
       16200 -0.683671669         982153.3        0.000000       -14704.81     -5.99032881567E+07  2.59658540025E+05 -2.30700242522E+02   4.21694790              400  0.11062    
       16300 -0.683704836         982164.6        0.000000       -14700.49     -5.99019480246E+07  2.59652731827E+05 -2.30700241831E+02   4.21699995              400  0.10866    
       16400 -0.683739257         982155.2        0.000000       -14700.43     -5.99004117717E+07  2.59646073029E+05 -2.30700241575E+02   4.21705323              400  0.10994    
       16500 -0.683732165         982151.6        0.000000       -14699.99     -5.98979364448E+07  2.59635344265E+05 -2.30700240811E+02   4.21703600              400  0.11088    
       16600 -0.683731670         982153.0        0.000000       -14699.16     -5.98963445265E+07  2.59628444160E+05 -2.30700240570E+02   4.21695133              400  0.10803    
       16700 -0.683652268         982130.1        0.000000       -14698.29     -5.98964328064E+07  2.59628826723E+05 -2.30700240656E+02   4.21709297              400  0.10899    
       16800 -0.683506633         982109.8        0.000000       -14692.71     -5.98938259440E+07  2.59617526591E+05 -2.30700240968E+02   4.21696491              400  0.10792    
       16900 -0.683428124         982092.9        0.000000       -14684.49     -5.98925375634E+07  2.59611941674E+05 -2.30700241203E+02   4.21703526              400  0.10911    
       17000 -0.683412595         982097.1        0.000000       -14683.01     -5.98926422674E+07  2.59612395326E+05 -2.30700241381E+02   4.21704830              400  0.11054    
       17100 -0.683542100         982149.8        0.000000       -14681.84     -5.98921844925E+07  2.59610411175E+05 -2.30700241263E+02   4.21691099              400  0.11300    
       17200 -0.683605872         982142.1        0.000000       -14676.04     -5.98902341997E+07  2.59601957787E+05 -2.30700240900E+02   4.21700779              400  0.10956    
       17300 -0.683522731         982116.2        0.000000       -14675.86     -5.98874995938E+07  2.59590104453E+05 -2.30700240750E+02   4.21700828              400  0.10800    
       17400 -0.683749747         982187.6        0.000000       -14671.67     -5.98881967212E+07  2.59593126387E+05 -2.30700240622E+02   4.21697529              400  0.10781    
       17500 -0.683910060         982202.6        0.000000       -14670.29     -5.98865329930E+07  2.59585914916E+05 -2.30700240467E+02   4.21698569              400  0.11059    
       17600 -0.683839843         982203.5        0.000000       -14672.11     -5.98848131175E+07  2.59578460032E+05 -2.30700240344E+02   4.21696274              400  0.11061    
       17700 -0.683963666         982195.0        0.000000       -14667.73     -5.98849925749E+07  2.59579237281E+05 -2.30700240906E+02   4.21701376              400  0.10782    
       17800 -0.683814714         982145.9        0.000000       -14665.55     -5.98820854929E+07  2.59566635652E+05 -2.30700241357E+02   4.21710770              400  0.10963    
       17900 -0.683578788         982136.7        0.000000       -14663.86     -5.98793135080E+07  2.59554620409E+05 -2.30700241104E+02   4.21696647              400  0.10936    
       18000 -0.683721187         982182.6        0.000000       -14662.19     -5.98804931774E+07  2.59559733983E+05 -2.30700240975E+02   4.21699320              400  0.10901    
       18100 -0.684014465         982240.1        0.000000       -14664.01     -5.98814255527E+07  2.59563776148E+05 -2.30700240386E+02   4.21684604              400  0.10787    
       18200 -0.684061096         982192.6        0.000000       -14660.74     -5.98815965482E+07  2.59564517203E+05 -2.30700240516E+02   4.21712006              400  0.10778    
       18300 -0.683767894         982122.6        0.000000       -14660.54     -5.98773208752E+07  2.59545983567E+05 -2.30700240675E+02   4.21722463              400  0.10966    
       18400 -0.683552068         982144.5        0.000000       -14664.38     -5.98734079948E+07  2.59529022157E+05 -2.30700241141E+02   4.21691986              400  0.10777    
       18500 -0.683577455         982136.3        0.000000       -14665.30     -5.98728530182E+07  2.59526616360E+05 -2.30700241301E+02   4.21703340              400  0.10839    
       18600 -0.683747404         982190.2        0.000000       -14664.06     -5.98724288949E+07  2.59524777659E+05 -2.30700241553E+02   4.21683351              400  0.10924    
       18700 -0.683972076         982172.5        0.000000       -14666.15     -5.98757008520E+07  2.59538960410E+05 -2.30700241526E+02   4.21702960              400  0.10798    
       18800 -0.683747057         982145.6        0.000000       -14664.70     -5.98740866574E+07  2.59531963680E+05 -2.30700241343E+02   4.21696183              400  0.11107    
       18900 -0.683590481         982096.2        0.000000       -14659.30     -5.98727020014E+07  2.59525962128E+05 -2.30700240972E+02   4.21708132              400  0.11025    
       19000 -0.683257609         982046.1        0.000000       -14662.87     -5.98686094528E+07  2.59508222518E+05 -2.30700240909E+02   4.21709684              400  0.10770    
       19100 -0.683288901         982095.8        0.000000       -14656.36     -5.98665456516E+07  2.59499276804E+05 -2.30700240821E+02   4.21697823              400  0.10852    
       19200 -0.683318822         982083.8        0.000000       -14653.62     -5.98653380738E+07  2.59494042184E+05 -2.30700241015E+02   4.21694818              400  0.10780    
       19300 -0.683324602         982084.7        0.000000       -14648.79     -5.98650550862E+07  2.59492816061E+05 -2.30700240550E+02   4.21698083              400  0.10764    
       19400 -0.683378549         982091.6        0.000000       -14650.09     -5.98669927919E+07  2.59501215481E+05 -2.30700240386E+02   4.21681991              400  0.10902    
       19500 -0.683465638         982134.6        0.000000       -14652.44     -5.98697255961E+07  2.59513061359E+05 -2.30700240221E+02   4.21689280              400  0.10788    
       19600 -0.683852147         982224.2        0.000000       -14654.15     -5.98741160712E+07  2.59532092567E+05 -2.30700240109E+02   4.21676558              400  0.10835    
       19700 -0.683994859         982223.9        0.000000       -14653.01     -5.98765157781E+07  2.59542494585E+05 -2.30700239950E+02   4.21692984              400  0.10859    
       19800 -0.683816707         982140.2        0.000000       -14640.93     -5.98726253458E+07  2.59525630930E+05 -2.30700240016E+02   4.21721758              400  0.10767    
       19900 -0.683611771         982135.7        0.000000       -14639.34     -5.98686971171E+07  2.59508602805E+05 -2.30700240647E+02   4.21696493              400  0.10806    
       20000 -0.683533317         982127.0        0.000000       -14637.53     -5.98676999181E+07  2.59504280375E+05 -2.30700240596E+02   4.21699765              400  0.10854    
       20100 -0.683549733         982111.4        0.000000       -14641.41     -5.98675908029E+07  2.59503807461E+05 -2.30700240543E+02   4.21703040              400  0.10825    
       20200 -0.683470527         982115.3        0.000000       -14639.24     -5.98664086164E+07  2.59498683310E+05 -2.30700240374E+02   4.21697945              400  0.10920    
       20300 -0.683332007         982076.8        0.000000       -14640.37     -5.98642814418E+07  2.59489462329E+05 -2.30700240790E+02   4.21702377              400  0.10781    
       20400 -0.683370497         982106.5        0.000000       -14642.81     -5.98656535660E+07  2.59495410061E+05 -2.30700240717E+02   4.21684630              400  0.11099    
       20500 -0.683496955         982113.8        0.000000       -14643.74     -5.98684351464E+07  2.59507467314E+05 -2.30700240599E+02   4.21700344              400  0.11061    
       20600 -0.683684106         982166.9        0.000000       -14643.26     -5.98691493556E+07  2.59510562794E+05 -2.30700240911E+02   4.21692676              400  0.10782    
       20700 -0.683811336         982162.1        0.000000       -14643.39     -5.98693386584E+07  2.59511383518E+05 -2.30700240763E+02   4.21702333              400  0.10767    
       20800 -0.683698048         982135.2        0.000000       -14643.70     -5.98678154876E+07  2.59504781460E+05 -2.30700240477E+02   4.21695519              400  0.10875    
       20900 -0.683754089         982171.0        0.000000       -14640.49     -5.98690866360E+07  2.59510291569E+05 -2.30700240341E+02   4.21703682              400  0.10772    
       21000 -0.683584236         982099.1        0.000000       -14637.11     -5.98663503265E+07  2.59498430671E+05 -2.30700240351E+02   4.21709413              400  0.10778    
       21100 -0.683558265         982129.4        0.000000       -14633.13     -5.98647657984E+07  2.59491562570E+05 -2.30700240136E+02   4.21702493              400  0.10939    
       21200 -0.683657793         982156.5        0.000000       -14633.91     -5.98644780771E+07  2.59490315439E+05 -2.30700240106E+02   4.21694880              400  0.10846    
       21300 -0.683733244         982152.5        0.000000       -14635.67     -5.98649759800E+07  2.59492474233E+05 -2.30700239600E+02   4.21703389              400  0.10921    
       21400 -0.683588166         982157.6        0.000000       -14637.30     -5.98633825988E+07  2.59485567792E+05 -2.30700239355E+02   4.21684423              400  0.10758    
       21500 -0.683700135         982134.3        0.000000       -14641.35     -5.98644505419E+07  2.59490197361E+05 -2.30700238972E+02   4.21704217              400  0.10781    
       21600 -0.683588392         982103.9        0.000000       -14639.74     -5.98629409505E+07  2.59483653612E+05 -2.30700239176E+02   4.21714276              400  0.11015    
       21700 -0.683341228         982042.7        0.000000       -14636.66     -5.98589548609E+07  2.59466375023E+05 -2.30700239504E+02   4.21713848              400  0.10795    
       21800 -0.683246817         982067.5        0.000000       -14636.12     -5.98570296584E+07  2.59458029476E+05 -2.30700239956E+02   4.21689036              400  0.10771    
       21900 -0.683160165         982040.4        0.000000       -14634.33     -5.98568740881E+07  2.59457355359E+05 -2.30700239757E+02   4.21698914              400  0.10975    
       22000 -0.683083903         982037.6        0.000000       -14631.78     -5.98563836808E+07  2.59455229885E+05 -2.30700239526E+02   4.21700393              400  0.10810    
       22100 -0.683216839         982093.0        0.000000       -14630.10     -5.98570945845E+07  2.59458311332E+05 -2.30700239577E+02   4.21684778              400  0.10773    
       22200 -0.683249780         982073.5        0.000000       -14626.14     -5.98559855461E+07  2.59453503761E+05 -2.30700239845E+02   4.21693052              400  0.10807    
       22300 -0.683319651         982078.5        0.000000       -14629.15     -5.98565668459E+07  2.59456022929E+05 -2.30700240334E+02   4.21691299              400  0.10784    
       22400 -0.683314520         982096.1        0.000000       -14634.12     -5.98575304423E+07  2.59460199837E+05 -2.30700240268E+02   4.21691159              400  0.10774    
       22500 -0.683563452         982145.0        0.000000       -14632.07     -5.98584692612E+07  2.59464269690E+05 -2.30700239894E+02   4.21692244              400  0.10918    
       22600 -0.683509712         982101.9        0.000000       -14628.18     -5.98567027878E+07  2.59456612189E+05 -2.30700240332E+02   4.21697183              400  0.10777    
       22700 -0.683475972         982119.1        0.000000       -14624.87     -5.98573512064E+07  2.59459422939E+05 -2.30700240247E+02   4.21695032              400  0.10965    
       22800 -0.683628600         982156.0        0.000000       -14628.35     -5.98588798361E+07  2.59466049518E+05 -2.30700239770E+02   4.21697934              400  0.10855    
       22900 -0.683744388         982157.5        0.000000       -14633.12     -5.98587773451E+07  2.59465605511E+05 -2.30700239545E+02   4.21701116              400  0.10843    
       23000 -0.683664924         982127.4        0.000000       -14634.41     -5.98575244849E+07  2.59460174502E+05 -2.30700239833E+02   4.21704773              400  0.10804    
       23100 -0.683477703         982128.6        0.000000       -14635.34     -5.98559370410E+07  2.59453293817E+05 -2.30700239570E+02   4.21698011              400  0.10768    
       23200 -0.683653240         982166.2        0.000000       -14635.08     -5.98557771873E+07  2.59452601240E+05 -2.30700239278E+02   4.21694250              400  0.10764    
       23300 -0.683960243         982256.2        0.000000       -14637.43     -5.98586252215E+07  2.59464946017E+05 -2.30700239629E+02   4.21680934              400  0.10939    
       23400 -0.684032168         982203.9        0.000000       -14634.89     -5.98591124745E+07  2.59467057831E+05 -2.30700239849E+02   4.21709623              400  0.10765    
       23500 -0.683706285         982123.3        0.000000       -14640.14     -5.98552113066E+07  2.59450147630E+05 -2.30700239924E+02   4.21709847              400  0.10761    
       23600 -0.683530148         982108.1        0.000000       -14636.84     -5.98540205519E+07  2.59444985248E+05 -2.30700240726E+02   4.21702403              400  0.11049    
       23700 -0.683520066         982109.4        0.000000       -14635.79     -5.98538365616E+07  2.59444187681E+05 -2.30700240759E+02   4.21703641              400  0.11208    
       23800 -0.683549310         982159.4        0.000000       -14636.96     -5.98540211738E+07  2.59444987981E+05 -2.30700240693E+02   4.21680834              400  0.11193    
       23900 -0.683699943         982151.9        0.000000       -14638.41     -5.98552670323E+07  2.59450388592E+05 -2.30700240448E+02   4.21704466              400  0.11099    
       24000 -0.683644223         982145.2        0.000000       -14635.41     -5.98539467424E+07  2.59444665674E+05 -2.30700240404E+02   4.21696974              400  0.10777    
       24100 -0.683668234         982160.2        0.000000       -14636.28     -5.98550621568E+07  2.59449501108E+05 -2.30700239936E+02   4.21690805              400  0.10952    
       24200 -0.683806481         982197.9        0.000000       -14635.82     -5.98569283780E+07  2.59457589908E+05 -2.30700240448E+02   4.21688808              400  0.10750    
       24300 -0.683863467         982186.0        0.000000       -14640.36     -5.98581415798E+07  2.59462848331E+05 -2.30700240766E+02   4.21705447              400  0.10764    
       24400 -0.683661470         982119.1        0.000000       -14642.64     -5.98553806891E+07  2.59450880563E+05 -2.30700241060E+02   4.21703912              400  0.11317    
       24500 -0.683365180         982059.8        0.000000       -14639.79     -5.98527165867E+07  2.59439332856E+05 -2.30700240892E+02   4.21716407              400  0.11420    
       24600 -0.683310859         982110.6        0.000000       -14640.00     -5.98527765998E+07  2.59439593077E+05 -2.30700240815E+02   4.21680744              400  0.10945    
       24700 -0.683582581         982127.9        0.000000       -14639.90     -5.98574601130E+07  2.59459894483E+05 -2.30700240715E+02   4.21692526              400  0.10788    
       24800 -0.683472409         982098.4        0.000000       -14638.62     -5.98559741901E+07  2.59453454085E+05 -2.30700240246E+02   4.21706547              400  0.10771    
       24900 -0.683469297         982146.3        0.000000       -14636.56     -5.98555989144E+07  2.59451827519E+05 -2.30700240144E+02   4.21675496              400  0.11163    
       25000 -0.683709544         982167.4        0.000000       -14636.59     -5.98600979550E+07  2.59471329590E+05 -2.30700239790E+02   4.21697701              400  0.10804    
       25100 -0.683834587         982208.8        0.000000       -14637.11     -5.98615453823E+07  2.59477603531E+05 -2.30700239896E+02   4.21684360              400  0.11085    
       25200 -0.683917265         982194.8        0.000000       -14634.72     -5.98627170662E+07  2.59482682264E+05 -2.30700239969E+02   4.21693180              400  0.10917    
       25300 -0.683828487         982187.1        0.000000       -14636.79     -5.98634843427E+07  2.59486008210E+05 -2.30700239892E+02   4.21687415              400  0.10809    
       25400 -0.683613011         982114.3        0.000000       -14638.70     -5.98601500119E+07  2.59471554538E+05 -2.30700240412E+02   4.21720808              400  0.10763    
       25500 -0.683624103         982174.1        0.000000       -14637.43     -5.98583472280E+07  2.59463739540E+05 -2.30700240944E+02   4.21684182              400  0.10986    
       25600 -0.683617674         982134.5        0.000000       -14639.61     -5.98587079421E+07  2.59465303274E+05 -2.30700240790E+02   4.21695286              400  0.10820    
       25700 -0.683674700         982143.5        0.000000       -14638.85     -5.98595286043E+07  2.59468860288E+05 -2.30700241015E+02   4.21696453              400  0.10992    
       25800 -0.683768714         982169.8        0.000000       -14633.19     -5.98605301931E+07  2.59473202174E+05 -2.30700240686E+02   4.21698564              400  0.10793    
       25900 -0.683821086         982164.0        0.000000       -14635.00     -5.98599905720E+07  2.59470862898E+05 -2.30700240881E+02   4.21705095              400  0.10789    
       26000 -0.683792453         982185.2        0.000000       -14637.68     -5.98589530560E+07  2.59466365937E+05 -2.30700240626E+02   4.21698650              400  0.10964    
       26100 -0.683741413         982167.9        0.000000       -14635.42     -5.98568503383E+07  2.59457251778E+05 -2.30700240322E+02   4.21697859              400  0.10785    
       26200 -0.683707084         982121.9        0.000000       -14632.38     -5.98561794075E+07  2.59454343839E+05 -2.30700240057E+02   4.21707209              400  0.10812    
       26300 -0.683345824         982061.8        0.000000       -14628.31     -5.98514193676E+07  2.59433710921E+05 -2.30700239977E+02   4.21720542              400  0.10920    
       26400 -0.683249843         982077.0        0.000000       -14626.10     -5.98480774318E+07  2.59419225401E+05 -2.30700239503E+02   4.21695378              400  0.11015    
       26500 -0.683491771         982106.8        0.000000       -14626.71     -5.98513736655E+07  2.59433513061E+05 -2.30700239762E+02   4.21695557              400  0.10788    
       26600 -0.683394159         982097.3        0.000000       -14627.72     -5.98511334695E+07  2.59432471963E+05 -2.30700239707E+02   4.21693057              400  0.10806    
       26700 -0.683208955         982040.6        0.000000       -14632.63     -5.98492459794E+07  2.59424290605E+05 -2.30700239518E+02   4.21708666              400  0.10780    
       26800 -0.683024518         982008.1        0.000000       -14628.75     -5.98469228571E+07  2.59414220150E+05 -2.30700240035E+02   4.21700872              400  0.10812    
       26900 -0.682902089         981987.2        0.000000       -14628.11     -5.98466637598E+07  2.59413097399E+05 -2.30700239732E+02   4.21692098              400  0.11037    
       27000 -0.682907584         982045.7        0.000000       -14625.39     -5.98471978603E+07  2.59415413185E+05 -2.30700239147E+02   4.21687399              400  0.11322    
       27100 -0.683292187         982079.5        0.000000       -14625.45     -5.98491147977E+07  2.59423722480E+05 -2.30700239074E+02   4.21701258              400  0.10808    
       27200 -0.683503612         982139.6        0.000000       -14626.54     -5.98506662079E+07  2.59430448158E+05 -2.30700238283E+02   4.21687205              400  0.10770    
       27300 -0.683513045         982081.4        0.000000       -14624.55     -5.98507074692E+07  2.59430627113E+05 -2.30700238192E+02   4.21713211              400  0.10763    
       27400 -0.683237854         982055.6        0.000000       -14626.92     -5.98476713963E+07  2.59417466523E+05 -2.30700238494E+02   4.21702892              400  0.10950    
       27500 -0.683184210         982038.2        0.000000       -14626.32     -5.98458346381E+07  2.59409504723E+05 -2.30700238613E+02   4.21704834              400  0.11031    
       27600 -0.683171072         982047.2        0.000000       -14632.04     -5.98472723394E+07  2.59415736937E+05 -2.30700238336E+02   4.21685455              400  0.10768    
       27700 -0.683361195         982080.1        0.000000       -14630.68     -5.98516740620E+07  2.59434817342E+05 -2.30700237829E+02   4.21703456              400  0.10899    
       27800 -0.683153990         982053.8        0.000000       -14629.96     -5.98500563813E+07  2.59427805547E+05 -2.30700237606E+02   4.21691614              400  0.10870    
       27900 -0.683322842         982088.3        0.000000       -14634.15     -5.98531989425E+07  2.59441427343E+05 -2.30700237643E+02   4.21692369              400  0.11273    
       28000 -0.683422101         982095.2        0.000000       -14635.07     -5.98539174253E+07  2.59444541491E+05 -2.30700237829E+02   4.21696062              400  0.10776    
       28100 -0.683496542         982150.9        0.000000       -14631.01     -5.98555150992E+07  2.59451466386E+05 -2.30700238210E+02   4.21683794              400  0.10801    
       28200 -0.683606614         982135.4        0.000000       -14631.44     -5.98563863300E+07  2.59455242342E+05 -2.30700238660E+02   4.21699923              400  0.10999    
       28300 -0.683568339         982163.4        0.000000       -14631.36     -5.98554784872E+07  2.59451306395E+05 -2.30700239359E+02   4.21687377              400  0.10792    
       28400 -0.683747236         982173.2        0.000000       -14636.77     -5.98579622408E+07  2.59462072611E+05 -2.30700239300E+02   4.21693162              400  0.10856    
       28500 -0.683551605         982094.6        0.000000       -14639.33     -5.98560537373E+07  2.59453799399E+05 -2.30700239796E+02   4.21710318              400  0.10837    
       28600 -0.683316275         982069.7        0.000000       -14639.81     -5.98537925941E+07  2.59443998490E+05 -2.30700239522E+02   4.21704051              400  0.11000    
       28700 -0.683409179         982098.9        0.000000       -14641.18     -5.98543052546E+07  2.59446221093E+05 -2.30700239157E+02   4.21702931              400  0.11039    
       28800 -0.683552085         982145.2        0.000000       -14642.88     -5.98551600130E+07  2.59449926527E+05 -2.30700238825E+02   4.21692746              400  0.10962    
       28900 -0.683669320         982157.2        0.000000       -14642.47     -5.98562647538E+07  2.59454715560E+05 -2.30700238478E+02   4.21702592              400  0.10793    
       29000 -0.683815094         982184.0        0.000000       -14644.52     -5.98566838443E+07  2.59456532413E+05 -2.30700238254E+02   4.21697856              400  0.10805    
       29100 -0.683662392         982122.3        0.000000       -14646.52     -5.98561312166E+07  2.59454136825E+05 -2.30700238389E+02   4.21707341              400  0.10813    
       29200 -0.683463140         982083.9        0.000000       -14646.59     -5.98543801257E+07  2.59446545964E+05 -2.30700238861E+02   4.21702885              400  0.10778    
       29300 -0.683288151         982094.2        0.000000       -14643.41     -5.98530867777E+07  2.59440939859E+05 -2.30700238791E+02   4.21695881              400  0.10883    
       29400 -0.683408392         982098.5        0.000000       -14640.46     -5.98534160546E+07  2.59442366889E+05 -2.30700239025E+02   4.21703479              400  0.10779    
       29500 -0.683522210         982096.2        0.000000       -14644.97     -5.98536579851E+07  2.59443415456E+05 -2.30700239125E+02   4.21700929              400  0.10832    
       29600 -0.683392355         982076.2        0.000000       -14646.66     -5.98533331696E+07  2.59442007208E+05 -2.30700239386E+02   4.21701107              400  0.10842    
       29700 -0.683390368         982105.3        0.000000       -14641.40     -5.98526707560E+07  2.59439136013E+05 -2.30700239277E+02   4.21704320              400  0.10810    
       29800 -0.683477068         982110.3        0.000000       -14640.58     -5.98526343818E+07  2.59438978960E+05 -2.30700238730E+02   4.21691924              400  0.10810    
       29900 -0.683413890         982127.2        0.000000       -14638.55     -5.98522865052E+07  2.59437470653E+05 -2.30700239077E+02   4.21686076              400  0.10998    
       30000 -0.683495219         982112.8        0.000000       -14640.68     -5.98532533742E+07  2.59441661034E+05 -2.30700239644E+02   4.21695575              400  0.10770    
       30100 -0.683433923         982120.6        0.000000       -14641.67     -5.98529900603E+07  2.59440519318E+05 -2.30700239954E+02   4.21685426              400  0.10778    
       30200 -0.683577584         982132.9        0.000000       -14648.05     -5.98558877369E+07  2.59453079642E+05 -2.30700239979E+02   4.21697439              400  0.11077    
       30300 -0.683576988         982113.2        0.000000       -14651.48     -5.98550273030E+07  2.59449350128E+05 -2.30700239849E+02   4.21705735              400  0.11080    
       30400 -0.683377131         982082.6        0.000000       -14650.13     -5.98531466747E+07  2.59441198929E+05 -2.30700239290E+02   4.21697490              400  0.10871    
       30500 -0.683431184         982118.6        0.000000       -14649.30     -5.98536038150E+07  2.59443179709E+05 -2.30700239961E+02   4.21691447              400  0.10808    
       30600 -0.683520559         982144.5        0.000000       -14651.17     -5.98552537041E+07  2.59450331364E+05 -2.30700239962E+02   4.21685160              400  0.10780    
       30700 -0.683602402         982143.3        0.000000       -14652.50     -5.98566132774E+07  2.59456225078E+05 -2.30700239547E+02   4.21699588              400  0.10980    
       30800 -0.683754537         982189.5        0.000000       -14648.35     -5.98576780802E+07  2.59460840980E+05 -2.30700239212E+02   4.21692343              400  0.10763    
       30900 -0.683769152         982132.4        0.000000       -14647.00     -5.98574810297E+07  2.59459987216E+05 -2.30700238877E+02   4.21715049              400  0.10798    
       31000 -0.683635132         982116.5        0.000000       -14649.39     -5.98552828300E+07  2.59450458275E+05 -2.30700239375E+02   4.21710279              400  0.10865    
       31100 -0.683503341         982125.2        0.000000       -14647.86     -5.98528023408E+07  2.59439706212E+05 -2.30700239430E+02   4.21696557              400  0.10821    
       31200 -0.683416821         982073.3        0.000000       -14649.57     -5.98521169889E+07  2.59436735486E+05 -2.30700239412E+02   4.21700563              400  0.10834    
       31300 -0.683413206         982105.0        0.000000       -14650.79     -5.98542215355E+07  2.59445857875E+05 -2.30700239448E+02   4.21694864              400  0.10889    
       31400 -0.683416902         982093.3        0.000000       -14646.74     -5.98529611082E+07  2.59440394014E+05 -2.30700239783E+02   4.21705682              400  0.10807    
       31500 -0.683290617         982044.8        0.000000       -14645.84     -5.98492916406E+07  2.59424488088E+05 -2.30700239911E+02   4.21707793              400  0.10857    
       31600 -0.683107245         982043.3        0.000000       -14648.05     -5.98480197019E+07  2.59418974583E+05 -2.30700240020E+02   4.21692915              400  0.10785    
       31700 -0.683249679         982121.5        0.000000       -14643.97     -5.98503795219E+07  2.59429203406E+05 -2.30700240128E+02   4.21676182              400  0.10789    
       31800 -0.683605938         982165.2        0.000000       -14647.61     -5.98547161794E+07  2.59448001402E+05 -2.30700239955E+02   4.21685290              400  0.10962    
       31900 -0.683720834         982135.7        0.000000       -14647.41     -5.98555361034E+07  2.59451556206E+05 -2.30700239300E+02   4.21708749              400  0.11014    
       32000 -0.683495733         982119.8        0.000000       -14647.75     -5.98535249742E+07  2.59442838737E+05 -2.30700239273E+02   4.21690649              400  0.10819    
       32100 -0.683482147         982091.4        0.000000       -14644.01     -5.98529081662E+07  2.59440165581E+05 -2.30700238847E+02   4.21703219              400  0.10846    
       32200 -0.683321579         982067.8        0.000000       -14642.47     -5.98506077900E+07  2.59430194841E+05 -2.30700238369E+02   4.21711912              400  0.10790    
       32300 -0.683194034         982052.9        0.000000       -14640.26     -5.98477502709E+07  2.59417808866E+05 -2.30700238093E+02   4.21703283              400  0.11005    
       32400 -0.683272272         982081.7        0.000000       -14647.48     -5.98493659974E+07  2.59424812358E+05 -2.30700238167E+02   4.21684523              400  0.11216    
       32500 -0.683501868         982134.5        0.000000       -14650.48     -5.98534826655E+07  2.59442656138E+05 -2.30700238567E+02   4.21695693              400  0.11016    
       32600 -0.683583646         982127.1        0.000000       -14649.00     -5.98523263891E+07  2.59437644306E+05 -2.30700238391E+02   4.21702900              400  0.11222    
       32700 -0.683396063         982068.7        0.000000       -14649.80     -5.98492026422E+07  2.59424103861E+05 -2.30700238534E+02   4.21708951              400  0.11014    
       32800 -0.683272164         982065.0        0.000000       -14645.68     -5.98477078376E+07  2.59417624181E+05 -2.30700238762E+02   4.21702560              400  0.11223    
       32900 -0.683341555         982096.8        0.000000       -14642.40     -5.98480018579E+07  2.59418898334E+05 -2.30700239043E+02   4.21695273              400  0.11214    
       33000 -0.683414515         982111.3        0.000000       -14637.60     -5.98484348422E+07  2.59420774915E+05 -2.30700239261E+02   4.21695108              400  0.10774    
       33100 -0.683520685         982112.2        0.000000       -14641.84     -5.98497227593E+07  2.59426357475E+05 -2.30700239335E+02   4.21694428              400  0.10782    
       33200 -0.683395428         982109.8        0.000000       -14641.43     -5.98494392268E+07  2.59425128631E+05 -2.30700239189E+02   4.21691224              400  0.10807    
       33300 -0.683377021         982098.6        0.000000       -14639.28     -5.98493709905E+07  2.59424832704E+05 -2.30700239320E+02   4.21698044              400  0.10773    
       33400 -0.683419975         982115.1        0.000000       -14641.54     -5.98504117019E+07  2.59429343580E+05 -2.30700239518E+02   4.21684080              400  0.10787    
       33500 -0.683563397         982141.5        0.000000       -14645.93     -5.98543641603E+07  2.59446476108E+05 -2.30700239441E+02   4.21688550              400  0.10977    
       33600 -0.683395325         982040.8        0.000000       -14641.35     -5.98526031479E+07  2.59438843103E+05 -2.30700239147E+02   4.21716851              400  0.11350    
       33700 -0.683191566         982056.3        0.000000       -14640.69     -5.98502355417E+07  2.59428579728E+05 -2.30700239752E+02   4.21698173              400  0.11207    
       33800 -0.683221551         982111.1        0.000000       -14641.58     -5.98500674418E+07  2.59427850919E+05 -2.30700239893E+02   4.21676729              400  0.10960    
       33900 -0.683333931         982066.9        0.000000       -14635.21     -5.98518278348E+07  2.59435481573E+05 -2.30700239890E+02   4.21702104              400  0.10782    
       34000 -0.683218169         982071.0        0.000000       -14634.60     -5.98513810078E+07  2.59433545405E+05 -2.30700239302E+02   4.21687393              400  0.11000    
       34100 -0.683425443         982111.2        0.000000       -14635.76     -5.98522680019E+07  2.59437389973E+05 -2.30700239500E+02   4.21694548              400  0.10774    
       34200 -0.683522361         982143.2        0.000000       -14635.63     -5.98521671229E+07  2.59436952850E+05 -2.30700239366E+02   4.21688287              400  0.10789    
       34300 -0.683470040         982099.1        0.000000       -14641.53     -5.98513953045E+07  2.59433607626E+05 -2.30700239080E+02   4.21704992              400  0.10895    
       34400 -0.683438623         982125.9        0.000000       -14642.28     -5.98506552219E+07  2.59430399545E+05 -2.30700239166E+02   4.21691401              400  0.10844    
       34500 -0.683554936         982098.3        0.000000       -14643.88     -5.98509821642E+07  2.59431816200E+05 -2.30700239627E+02   4.21705056              400  0.11110    
       34600 -0.683436502         982093.8        0.000000       -14641.61     -5.98492952030E+07  2.59424503363E+05 -2.30700240059E+02   4.21701990              400  0.10795    
       34700 -0.683383029         982082.5        0.000000       -14640.66     -5.98485827348E+07  2.59421414796E+05 -2.30700240309E+02   4.21705478              400  0.10823    
       34800 -0.683373089         982081.5        0.000000       -14639.46     -5.98468956951E+07  2.59414101758E+05 -2.30700240617E+02   4.21701778              400  0.10999    
       34900 -0.683365920         982111.6        0.000000       -14641.44     -5.98461343831E+07  2.59410801149E+05 -2.30700241154E+02   4.21688305              400  0.10787    
       35000 -0.683505336         982117.4        0.000000       -14641.44     -5.98475668176E+07  2.59417009944E+05 -2.30700241401E+02   4.21689746              400  0.10793    
       35100 -0.683342567         982056.0        0.000000       -14636.13     -5.98466331565E+07  2.59412963014E+05 -2.30700241272E+02   4.21718561              400  0.10827    
       35200 -0.683259756         982074.7        0.000000       -14639.90     -5.98460166760E+07  2.59410291176E+05 -2.30700240938E+02   4.21691155              400  0.10792    
       35300 -0.683335633         982063.2        0.000000       -14638.16     -5.98484874326E+07  2.59421001079E+05 -2.30700240858E+02   4.21700986              400  0.10955    
       35400 -0.683361718         982101.7        0.000000       -14645.19     -5.98488927545E+07  2.59422758559E+05 -2.30700240360E+02   4.21690958              400  0.10874    
       35500 -0.683438835         982125.0        0.000000       -14648.23     -5.98518568661E+07  2.59435607076E+05 -2.30700240189E+02   4.21682791              400  0.10791    
       35600 -0.683547306         982138.0        0.000000       -14650.26     -5.98549739390E+07  2.59449118595E+05 -2.30700240044E+02   4.21686965              400  0.10762    
       35700 -0.683607556         982156.6        0.000000       -14650.53     -5.98570095871E+07  2.59457942194E+05 -2.30700240204E+02   4.21695345              400  0.10927    
       35800 -0.683806728         982174.8        0.000000       -14649.49     -5.98578377883E+07  2.59461531509E+05 -2.30700240765E+02   4.21701452              400  0.10809    
       35900 -0.683717475         982153.7        0.000000       -14647.06     -5.98552010289E+07  2.59450102014E+05 -2.30700240872E+02   4.21707904              400  0.10968    
       36000 -0.683604969         982093.9        0.000000       -14654.49     -5.98542169656E+07  2.59445836563E+05 -2.30700240784E+02   4.21720205              400  0.10818    
       36100 -0.683368094         982035.3        0.000000       -14651.02     -5.98511067600E+07  2.59432355364E+05 -2.30700240438E+02   4.21717090              400  0.10793    
       36200 -0.683079189         982030.6        0.000000       -14651.76     -5.98488990256E+07  2.59422785683E+05 -2.30700240413E+02   4.21692213              400  0.10913    
       36300 -0.683150782         982078.6        0.000000       -14651.60     -5.98503478062E+07  2.59429065306E+05 -2.30700240683E+02   4.21683697              400  0.10783    
       36400 -0.683339791         982086.4        0.000000       -14656.82     -5.98533417938E+07  2.59442043600E+05 -2.30700240267E+02   4.21687398              400  0.10779    
       36500 -0.683438954         982143.3        0.000000       -14649.75     -5.98548603383E+07  2.59448626175E+05 -2.30700240047E+02   4.21686671              400  0.10809    
       36600 -0.683670471         982171.3        0.000000       -14648.42     -5.98568714689E+07  2.59457343052E+05 -2.30700240605E+02   4.21691779              400  0.11009    
       36700 -0.683656142         982147.4        0.000000       -14645.40     -5.98563388754E+07  2.59455034208E+05 -2.30700240826E+02   4.21701754              400  0.10824    
       36800 -0.683688095         982184.7        0.000000       -14647.51     -5.98560979966E+07  2.59453990098E+05 -2.30700240817E+02   4.21684576              400  0.10806    
       36900 -0.683723775         982147.0        0.000000       -14638.82     -5.98550603052E+07  2.59449492434E+05 -2.30700240512E+02   4.21707833              400  0.11076    
       37000 -0.683598064         982124.0        0.000000       -14638.30     -5.98528151072E+07  2.59439760560E+05 -2.30700240310E+02   4.21698297              400  0.11301    
       37100 -0.683465097         982082.3        0.000000       -14636.23     -5.98516368687E+07  2.59434653142E+05 -2.30700240480E+02   4.21710678              400  0.10780    
       37200 -0.683269905         982046.8        0.000000       -14637.43     -5.98494526481E+07  2.59425186013E+05 -2.30700239895E+02   4.21705263              400  0.10770    
       37300 -0.683329626         982114.7        0.000000       -14637.24     -5.98502327398E+07  2.59428567176E+05 -2.30700240113E+02   4.21684094              400  0.11025    
       37400 -0.683508965         982169.6        0.000000       -14639.03     -5.98513203412E+07  2.59433281593E+05 -2.30700240053E+02   4.21681934              400  0.10782    
       37500 -0.683847961         982170.9        0.000000       -14637.52     -5.98539516079E+07  2.59444687230E+05 -2.30700239989E+02   4.21695133              400  0.10801    
       37600 -0.683697636         982134.9        0.000000       -14640.80     -5.98528638535E+07  2.59439972074E+05 -2.30700240117E+02   4.21702439              400  0.11025    
       37700 -0.683500190         982103.7        0.000000       -14637.14     -5.98506441970E+07  2.59430350442E+05 -2.30700240335E+02   4.21702409              400  0.10783    
       37800 -0.683529527         982151.6        0.000000       -14638.33     -5.98515394950E+07  2.59434230884E+05 -2.30700240639E+02   4.21678213              400  0.11409    
       37900 -0.683669630         982111.3        0.000000       -14643.92     -5.98542707660E+07  2.59446070232E+05 -2.30700240371E+02   4.21706605              400  0.11144    
       38000 -0.683363670         982061.9        0.000000       -14642.27     -5.98507125487E+07  2.59430646691E+05 -2.30700240361E+02   4.21706014              400  0.11110    
       38100 -0.683277116         982057.9        0.000000       -14640.40     -5.98509870950E+07  2.59431836693E+05 -2.30700240409E+02   4.21703431              400  0.10987    
       38200 -0.683042530         982002.6        0.000000       -14640.75     -5.98479666667E+07  2.59418744027E+05 -2.30700240613E+02   4.21701575              400  0.10815    
       38300 -0.683011012         982008.9        0.000000       -14641.35     -5.98486262909E+07  2.59421602803E+05 -2.30700241014E+02   4.21696483              400  0.10772    
       38400 -0.683169239         982088.6        0.000000       -14643.07     -5.98525150949E+07  2.59438459416E+05 -2.30700240934E+02   4.21674901              400  0.10965    
       38500 -0.683518338         982111.3        0.000000       -14641.44     -5.98576064314E+07  2.59460528524E+05 -2.30700240888E+02   4.21708821              400  0.10826    
       38600 -0.683477370         982103.1        0.000000       -14640.95     -5.98565058010E+07  2.59455758360E+05 -2.30700240300E+02   4.21699634              400  0.10798    
       38700 -0.683452154         982093.4        0.000000       -14636.42     -5.98564137203E+07  2.59455360001E+05 -2.30700239610E+02   4.21701357              400  0.10866    
       38800 -0.683337188         982079.5        0.000000       -14641.81     -5.98562666283E+07  2.59454722379E+05 -2.30700239639E+02   4.21709300              400  0.10793    
       38900 -0.683552411         982163.1        0.000000       -14641.43     -5.98552772632E+07  2.59450433858E+05 -2.30700239630E+02   4.21687950              400  0.10802    
       39000 -0.683618653         982124.7        0.000000       -14638.34     -5.98548076195E+07  2.59448398196E+05 -2.30700239569E+02   4.21703359              400  0.10938    
       39100 -0.683480481         982075.7        0.000000       -14643.80     -5.98550057966E+07  2.59449257890E+05 -2.30700238973E+02   4.21704738              400  0.10804    
       39200 -0.683327512         982102.5        0.000000       -14643.87     -5.98544688994E+07  2.59446930729E+05 -2.30700238893E+02   4.21694453              400  0.10969    
       39300 -0.683429658         982096.6        0.000000       -14640.20     -5.98537961037E+07  2.59444014026E+05 -2.30700239234E+02   4.21698212              400  0.10789    
       39400 -0.683496944         982110.7        0.000000       -14636.74     -5.98541187502E+07  2.59445411917E+05 -2.30700239823E+02   4.21699753              400  0.11208    
       39500 -0.683473872         982082.8        0.000000       -14636.34     -5.98538837315E+07  2.59444392820E+05 -2.30700240159E+02   4.21711241              400  0.10934    
       39600 -0.683337959         982077.8        0.000000       -14634.01     -5.98519039286E+07  2.59435811047E+05 -2.30700240214E+02   4.21705276              400  0.10770    
       39700 -0.683176130         982028.2        0.000000       -14638.14     -5.98499094999E+07  2.59427166460E+05 -2.30700239749E+02   4.21706763              400  0.10796    
       39800 -0.683243004         982097.0        0.000000       -14635.07     -5.98493695599E+07  2.59424825435E+05 -2.30700240270E+02   4.21682857              400  0.10872    
       39900 -0.683423490         982119.2        0.000000       -14638.74     -5.98518839490E+07  2.59435724399E+05 -2.30700240253E+02   4.21680454              400  0.10772    
       40000 -0.683533148         982131.6        0.000000       -14641.22     -5.98539710531E+07  2.59444771450E+05 -2.30700240050E+02   4.21697413              400  0.10761    
       40100 -0.683666063         982146.1        0.000000       -14642.91     -5.98554304575E+07  2.59451096864E+05 -2.30700240550E+02   4.21696108              400  0.10905    
       40200 -0.683578610         982119.5        0.000000       -14640.37     -5.98542328883E+07  2.59445906357E+05 -2.30700240095E+02   4.21704959              400  0.10800    
       40300 -0.683449345         982108.9        0.000000       -14643.62     -5.98526248372E+07  2.59438936211E+05 -2.30700239954E+02   4.21687642              400  0.11284    
       40400 -0.683475989         982116.1        0.000000       -14644.55     -5.98540454803E+07  2.59445094094E+05 -2.30700240023E+02   4.21700799              400  0.10763    
       40500 -0.683546004         982116.1        0.000000       -14646.83     -5.98545624173E+07  2.59447335281E+05 -2.30700239617E+02   4.21699710              400  0.10772    
       40600 -0.683413618         982092.7        0.000000       -14652.31     -5.98536552869E+07  2.59443402756E+05 -2.30700240018E+02   4.21695462              400  0.11015    
       40700 -0.683410628         982116.4        0.000000       -14651.76     -5.98536549535E+07  2.59443401341E+05 -2.30700239991E+02   4.21691331              400  0.10781    
       40800 -0.683370990         982092.4        0.000000       -14646.83     -5.98518420440E+07  2.59435542772E+05 -2.30700240239E+02   4.21703422              400  0.10783    
       40900 -0.683484401         982137.1        0.000000       -14644.80     -5.98519388387E+07  2.59435961895E+05 -2.30700240636E+02   4.21682275              400  0.10856    
       41000 -0.683519586         982102.6        0.000000       -14646.09     -5.98534833119E+07  2.59442657449E+05 -2.30700239893E+02   4.21700372              400  0.10838    
       41100 -0.683298410         982046.4        0.000000       -14641.38     -5.98524348364E+07  2.59438112841E+05 -2.30700239765E+02   4.21711166              400  0.10802    
       41200 -0.683252913         982075.8        0.000000       -14643.03     -5.98518703732E+07  2.59435666550E+05 -2.30700239366E+02   4.21690803              400  0.10848    
       41300 -0.683481219         982113.6        0.000000       -14646.30     -5.98554107758E+07  2.59451013061E+05 -2.30700239208E+02   4.21692293              400  0.10788    
       41400 -0.683460272         982114.4        0.000000       -14646.74     -5.98550877321E+07  2.59449612415E+05 -2.30700239537E+02   4.21696435              400  0.11231    
       41500 -0.683434905         982112.8        0.000000       -14641.37     -5.98544353199E+07  2.59446784101E+05 -2.30700239848E+02   4.21692111              400  0.10780    
       41600 -0.683654427         982158.9        0.000000       -14639.40     -5.98568535935E+07  2.59457265978E+05 -2.30700240242E+02   4.21695975              400  0.10780    
       41700 -0.683616748         982104.7        0.000000       -14637.62     -5.98554919256E+07  2.59451364549E+05 -2.30700239444E+02   4.21704301              400  0.10932    
       41800 -0.683540751         982156.8        0.000000       -14638.04     -5.98545718592E+07  2.59447376271E+05 -2.30700239561E+02   4.21688748              400  0.11245    
       41900 -0.683709920         982134.7        0.000000       -14639.37     -5.98549560537E+07  2.59449041695E+05 -2.30700239487E+02   4.21710660              400  0.10802    
       42000 -0.683530152         982091.8        0.000000       -14637.15     -5.98529354980E+07  2.59440282937E+05 -2.30700239841E+02   4.21710218              400  0.10831    
       42100 -0.683422299         982104.6        0.000000       -14635.10     -5.98517273930E+07  2.59435045536E+05 -2.30700240476E+02   4.21696994              400  0.10778    
       42200 -0.683385632         982080.8        0.000000       -14634.49     -5.98511678668E+07  2.59432619843E+05 -2.30700240791E+02   4.21695571              400  0.10762    
       42300 -0.683238326         982050.3        0.000000       -14634.23     -5.98496613136E+07  2.59426089340E+05 -2.30700240927E+02   4.21708197              400  0.10999    
       42400 -0.683298385         982096.3        0.000000       -14638.10     -5.98505471556E+07  2.59429929879E+05 -2.30700240267E+02   4.21684515              400  0.10807    
       42500 -0.683583290         982155.1        0.000000       -14639.48     -5.98535024311E+07  2.59442740493E+05 -2.30700239742E+02   4.21688399              400  0.10877    
       42600 -0.683735935         982157.9        0.000000       -14634.30     -5.98539439090E+07  2.59444654096E+05 -2.30700239778E+02   4.21699120              400  0.11165    
       42700 -0.683649016         982117.3        0.000000       -14635.99     -5.98528153733E+07  2.59439761867E+05 -2.30700240173E+02   4.21706982              400  0.11051    
       42800 -0.683548258         982166.1        0.000000       -14639.09     -5.98516128957E+07  2.59434549554E+05 -2.30700240190E+02   4.21674373              400  0.11036    
       42900 -0.683580695         982082.0        0.000000       -14641.51     -5.98525599366E+07  2.59438655006E+05 -2.30700239851E+02   4.21714423              400  0.10768    
       43000 -0.683278231         982046.9        0.000000       -14645.10     -5.98486261859E+07  2.59421603553E+05 -2.30700239942E+02   4.21713510              400  0.10792    
       43100 -0.683151611         982045.9        0.000000       -14650.22     -5.98469892060E+07  2.59414508050E+05 -2.30700239766E+02   4.21702357              400  0.10929    
       43200 -0.683278512         982084.6        0.000000       -14644.31     -5.98478285701E+07  2.59418145982E+05 -2.30700240122E+02   4.21692312              400  0.10774    
       43300 -0.683362551         982115.1        0.000000       -14641.83     -5.98486797345E+07  2.59421835238E+05 -2.30700240323E+02   4.21685199              400  0.10773    
       43400 -0.683420811         982100.7        0.000000       -14639.78     -5.98499978184E+07  2.59427548679E+05 -2.30700240291E+02   4.21694304              400  0.11221    
       43500 -0.683493132         982109.2        0.000000       -14643.81     -5.98500469464E+07  2.59427761483E+05 -2.30700240423E+02   4.21702138              400  0.10838    
       43600 -0.683373960         982083.7        0.000000       -14643.27     -5.98476930920E+07  2.59417557912E+05 -2.30700240854E+02   4.21697941              400  0.10910    
       43700 -0.683424516         982139.1        0.000000       -14641.70     -5.98484880128E+07  2.59421003916E+05 -2.30700240572E+02   4.21688741              400  0.10774    
       43800 -0.683588316         982122.5        0.000000       -14644.03     -5.98479475364E+07  2.59418660958E+05 -2.30700240743E+02   4.21702002              400  0.10773    
       43900 -0.683373043         982055.7        0.000000       -14645.41     -5.98455414227E+07  2.59408231967E+05 -2.30700240192E+02   4.21710328              400  0.10906    
       44000 -0.683270532         982066.5        0.000000       -14641.71     -5.98437777194E+07  2.59400587560E+05 -2.30700239666E+02   4.21698181              400  0.10819    
       44100 -0.683245119         982055.5        0.000000       -14643.78     -5.98440286185E+07  2.59401675272E+05 -2.30700239525E+02   4.21700834              400  0.10783    
       44200 -0.683273305         982063.3        0.000000       -14640.75     -5.98448675782E+07  2.59405311729E+05 -2.30700239634E+02   4.21701264              400  0.10933    
       44300 -0.683174259         982066.5        0.000000       -14644.32     -5.98436525489E+07  2.59400044574E+05 -2.30700240038E+02   4.21688216              400  0.10837    
       44400 -0.683290410         982077.4        0.000000       -14646.56     -5.98455626083E+07  2.59408324057E+05 -2.30700239963E+02   4.21695354              400  0.11127    
       44500 -0.683441211         982124.1        0.000000       -14651.90     -5.98479477150E+07  2.59418662346E+05 -2.30700240197E+02   4.21680686              400  0.10938    
       44600 -0.683464023         982117.2        0.000000       -14654.61     -5.98494598967E+07  2.59425217135E+05 -2.30700240161E+02   4.21696571              400  0.10790    
       44700 -0.683469637         982091.6        0.000000       -14653.67     -5.98492445589E+07  2.59424283757E+05 -2.30700240132E+02   4.21705321              400  0.10814    
       44800 -0.683310471         982082.8        0.000000       -14650.48     -5.98466605086E+07  2.59413083153E+05 -2.30700239869E+02   4.21705500              400  0.10780    
       44900 -0.683522794         982090.9        0.000000       -14650.45     -5.98468791426E+07  2.59414031262E+05 -2.30700239503E+02   4.21703724              400  0.10781    
       45000 -0.683363468         982061.8        0.000000       -14650.72     -5.98460392152E+07  2.59410390165E+05 -2.30700239791E+02   4.21699886              400  0.10846    
       45100 -0.683085490         982010.2        0.000000       -14643.56     -5.98440407484E+07  2.59401727517E+05 -2.30700239822E+02   4.21709905              400  0.10811    
       45200 -0.683078140         982058.4        0.000000       -14639.63     -5.98442933498E+07  2.59402822331E+05 -2.30700239928E+02   4.21692620              400  0.10885    
       45300 -0.683215635         982076.4        0.000000       -14638.83     -5.98449818549E+07  2.59405807168E+05 -2.30700239552E+02   4.21691075              400  0.10829    
       45400 -0.683332219         982126.2        0.000000       -14641.23     -5.98470988425E+07  2.59414983969E+05 -2.30700239156E+02   4.21680445              400  0.10770    
       45500 -0.683441097         982100.9        0.000000       -14641.24     -5.98491944625E+07  2.59424067615E+05 -2.30700239236E+02   4.21700139              400  0.10773    
       45600 -0.683566885         982129.5        0.000000       -14642.19     -5.98504338443E+07  2.59429440672E+05 -2.30700238528E+02   4.21691117              400  0.10965    
       45700 -0.683700260         982154.0        0.000000       -14643.87     -5.98533631975E+07  2.59442138356E+05 -2.30700238507E+02   4.21702692              400  0.10796    
       45800 -0.683623353         982133.5        0.000000       -14643.83     -5.98509213055E+07  2.59431553755E+05 -2.30700238422E+02   4.21704438              400  0.10844    
       45900 -0.683593971         982115.4        0.000000       -14645.16     -5.98509936420E+07  2.59431867245E+05 -2.30700238477E+02   4.21709282              400  0.10774    
       46000 -0.683505771         982094.8        0.000000       -14644.29     -5.98490529160E+07  2.59423454935E+05 -2.30700238461E+02   4.21712967              400  0.10858    
       46100 -0.683372029         982070.7        0.000000       -14642.41     -5.98471284584E+07  2.59415113114E+05 -2.30700238471E+02   4.21703834              400  0.11024    
       46200 -0.683264898         982071.4        0.000000       -14640.11     -5.98470371222E+07  2.59414716727E+05 -2.30700238897E+02   4.21698266              400  0.10789    
       46300 -0.683333396         982064.3        0.000000       -14638.40     -5.98466402464E+07  2.59412996274E+05 -2.30700239024E+02   4.21701971              400  0.10782    
       46400 -0.683279779         982058.0        0.000000       -14641.11     -5.98461513001E+07  2.59410877089E+05 -2.30700238832E+02   4.21698743              400  0.10954    
       46500 -0.683324330         982082.7        0.000000       -14640.51     -5.98477830384E+07  2.59417950063E+05 -2.30700238838E+02   4.21700588              400  0.10775    
       46600 -0.683360875         982085.1        0.000000       -14638.64     -5.98476516484E+07  2.59417380745E+05 -2.30700238652E+02   4.21696860              400  0.10775    
       46700 -0.683271008         982048.1        0.000000       -14638.09     -5.98464430390E+07  2.59412141870E+05 -2.30700238653E+02   4.21714243              400  0.10829    
       46800 -0.683164164         982041.8        0.000000       -14634.49     -5.98443442769E+07  2.59403044268E+05 -2.30700238872E+02   4.21697005              400  0.10814    
       46900 -0.683208761         982071.0        0.000000       -14634.29     -5.98447598369E+07  2.59404846186E+05 -2.30700238322E+02   4.21700985              400  0.10803    
       47000 -0.683270059         982027.8        0.000000       -14635.29     -5.98451687409E+07  2.59406618621E+05 -2.30700238333E+02   4.21701564              400  0.10836    
       47100 -0.683135216         982029.7        0.000000       -14640.18     -5.98453658767E+07  2.59407473487E+05 -2.30700238017E+02   4.21700432              400  0.10775    
       47200 -0.683205379         982069.7        0.000000       -14634.74     -5.98464057367E+07  2.59411980522E+05 -2.30700238348E+02   4.21693851              400  0.10918    
       47300 -0.683498734         982135.3        0.000000       -14638.24     -5.98491389627E+07  2.59423828119E+05 -2.30700238280E+02   4.21690618              400  0.10771    
       47400 -0.683618899         982154.4        0.000000       -14632.51     -5.98514673255E+07  2.59433920478E+05 -2.30700238485E+02   4.21697875              400  0.10777    
       47500 -0.683582799         982098.0        0.000000       -14627.13     -5.98489095395E+07  2.59422833147E+05 -2.30700238732E+02   4.21714256              400  0.11041    
       47600 -0.683475387         982106.7        0.000000       -14629.11     -5.98477640866E+07  2.59417867590E+05 -2.30700239126E+02   4.21694861              400  0.10777    
       47700 -0.683362279         982064.0        0.000000       -14631.00     -5.98472194576E+07  2.59415506458E+05 -2.30700239453E+02   4.21707388              400  0.10780    
       47800 -0.683315168         982068.0        0.000000       -14627.53     -5.98460768539E+07  2.59410553192E+05 -2.30700239900E+02   4.21708108              400  0.10950    
       47900 -0.683263731         982063.9        0.000000       -14627.43     -5.98444433614E+07  2.59403472350E+05 -2.30700240128E+02   4.21699255              400  0.10769    
       48000 -0.683137429         982050.0        0.000000       -14627.56     -5.98419393825E+07  2.59392618621E+05 -2.30700240048E+02   4.21695400              400  0.10813    
       48100 -0.683227378         982052.4        0.000000       -14635.42     -5.98440560587E+07  2.59401793297E+05 -2.30700240342E+02   4.21695639              400  0.10805    
       48200 -0.683199446         982065.4        0.000000       -14635.47     -5.98441014047E+07  2.59401989877E+05 -2.30700240322E+02   4.21697331              400  0.10771    
       48300 -0.683344137         982085.7        0.000000       -14635.83     -5.98442731792E+07  2.59402733755E+05 -2.30700240946E+02   4.21696130              400  0.10957    
       48400 -0.683312555         982067.2        0.000000       -14630.26     -5.98438692204E+07  2.59400982207E+05 -2.30700241422E+02   4.21702488              400  0.10773    
       48500 -0.683257097         982058.4        0.000000       -14636.63     -5.98448450931E+07  2.59405212283E+05 -2.30700241396E+02   4.21698698              400  0.11225    
       48600 -0.683348123         982103.3        0.000000       -14637.93     -5.98470777579E+07  2.59414890475E+05 -2.30700241025E+02   4.21680728              400  0.10835    
       48700 -0.683564694         982148.1        0.000000       -14638.28     -5.98510294460E+07  2.59432019663E+05 -2.30700240949E+02   4.21687935              400  0.10820    
       48800 -0.683655895         982156.3        0.000000       -14632.98     -5.98517877447E+07  2.59435306931E+05 -2.30700240660E+02   4.21689450              400  0.10758    
       48900 -0.683620387         982149.1        0.000000       -14626.82     -5.98506735522E+07  2.59430477386E+05 -2.30700240601E+02   4.21696274              400  0.10837    
       49000 -0.683458062         982070.1        0.000000       -14626.95     -5.98481731575E+07  2.59419639252E+05 -2.30700240468E+02   4.21707456              400  0.10760    
       49100 -0.683220280         982050.7        0.000000       -14623.90     -5.98453780243E+07  2.59407523785E+05 -2.30700240113E+02   4.21699120              400  0.10784    
       49200 -0.683188118         982075.6        0.000000       -14625.92     -5.98459298757E+07  2.59409915724E+05 -2.30700240230E+02   4.21685843              400  0.10968    
       49300 -0.683430481         982135.4        0.000000       -14628.03     -5.98480426071E+07  2.59419073766E+05 -2.30700240111E+02   4.21685833              400  0.10829    
       49400 -0.683440459         982074.5        0.000000       -14629.80     -5.98493260774E+07  2.59424637449E+05 -2.30700239830E+02   4.21710227              400  0.11296    
       49500 -0.683252549         982084.2        0.000000       -14634.68     -5.98477369802E+07  2.59417749564E+05 -2.30700239597E+02   4.21687301              400  0.10767    
       49600 -0.683249213         982026.4        0.000000       -14632.34     -5.98470123305E+07  2.59414608127E+05 -2.30700239908E+02   4.21710556              400  0.10762    
       49700 -0.683222628         982093.4        0.000000       -14637.40     -5.98484788899E+07  2.59420964923E+05 -2.30700240082E+02   4.21681093              400  0.10977    
       49800 -0.683446363         982132.6        0.000000       -14636.40     -5.98513521290E+07  2.59433418602E+05 -2.30700240746E+02   4.21687582              400  0.10772    
       49900 -0.683616792         982139.4        0.000000       -14635.25     -5.98516535527E+07  2.59434724537E+05 -2.30700241302E+02   4.21701622              400  0.10774    
       50000 -0.683632580         982144.9        0.000000       -14640.97     -5.98516118539E+07  2.59434543999E+05 -2.30700241114E+02   4.21690705              400  0.10917    
       50100 -0.683527163         982094.4        0.000000       -14639.19     -5.98510614802E+07  2.59432158723E+05 -2.30700240768E+02   4.21708842              400  0.10819    
       50200 -0.683329498         982073.6        0.000000       -14641.75     -5.98489924908E+07  2.59423190967E+05 -2.30700240282E+02   4.21695328              400  0.11188    
       50300 -0.683480150         982158.2        0.000000       -14638.35     -5.98496967178E+07  2.59426243776E+05 -2.30700240063E+02   4.21683763              400  0.10899    
       50400 -0.683606217         982110.9        0.000000       -14638.45     -5.98514889737E+07  2.59434012397E+05 -2.30700240190E+02   4.21703219              400  0.10864    
       50500 -0.683405858         982088.9        0.000000       -14642.52     -5.98505940836E+07  2.59430133735E+05 -2.30700239875E+02   4.21696789              400  0.10865    
       50600 -0.683360377         982065.8        0.000000       -14642.29     -5.98504978642E+07  2.59429717002E+05 -2.30700239571E+02   4.21703746              400  0.10841    
       50700 -0.683250826         982082.7        0.000000       -14641.04     -5.98499035424E+07  2.59427140907E+05 -2.30700239509E+02   4.21688903              400  0.11014    
       50800 -0.683389079         982108.5        0.000000       -14637.32     -5.98512444706E+07  2.59432953299E+05 -2.30700239539E+02   4.21693289              400  0.10927    
       50900 -0.683472740         982074.9        0.000000       -14636.41     -5.98517223423E+07  2.59435025066E+05 -2.30700239210E+02   4.21705708              400  0.10795    
       51000 -0.683415116         982079.7        0.000000       -14634.58     -5.98508710362E+07  2.59431334502E+05 -2.30700239626E+02   4.21707403              400  0.11151    
       51100 -0.683243312         982050.3        0.000000       -14632.02     -5.98493459254E+07  2.59424724093E+05 -2.30700239288E+02   4.21703194              400  0.10806    
       51200 -0.683175494         982069.6        0.000000       -14632.02     -5.98488458021E+07  2.59422556325E+05 -2.30700239216E+02   4.21685689              400  0.10908    
       51300 -0.683457340         982150.0        0.000000       -14635.01     -5.98526351713E+07  2.59438981539E+05 -2.30700239479E+02   4.21678329              400  0.10782    
       51400 -0.683754668         982164.8        0.000000       -14637.09     -5.98572670465E+07  2.59459059138E+05 -2.30700239358E+02   4.21699097              400  0.10860    
       51500 -0.683689632         982105.2        0.000000       -14640.25     -5.98563630539E+07  2.59455140858E+05 -2.30700239185E+02   4.21720105              400  0.11276    
       51600 -0.683526452         982116.1        0.000000       -14641.07     -5.98543462684E+07  2.59446398719E+05 -2.30700239294E+02   4.21697875              400  0.11015    
       51700 -0.683352250         982058.2        0.000000       -14638.38     -5.98526330632E+07  2.59438972471E+05 -2.30700239417E+02   4.21705498              400  0.10782    
       51800 -0.683386069         982116.0        0.000000       -14639.28     -5.98531672553E+07  2.59441287322E+05 -2.30700240017E+02   4.21691559              400  0.10900    
       51900 -0.683337281         982050.5        0.000000       -14636.29     -5.98514048292E+07  2.59433648052E+05 -2.30700239844E+02   4.21719154              400  0.10803    
       52000 -0.683240562         982085.8        0.000000       -14641.41     -5.98499831385E+07  2.59427485875E+05 -2.30700239555E+02   4.21686559              400  0.10779    
       52100 -0.683288888         982053.7        0.000000       -14647.24     -5.98512673114E+07  2.59433052203E+05 -2.30700239630E+02   4.21702690              400  0.10795    
       52200 -0.683300462         982092.2        0.000000       -14649.92     -5.98522016965E+07  2.59437102392E+05 -2.30700239652E+02   4.21692753              400  0.11168    
       52300 -0.683474242         982134.8        0.000000       -14659.83     -5.98548475176E+07  2.59448571256E+05 -2.30700239465E+02   4.21669281              400  0.10806    
       52400 -0.683776733         982205.2        0.000000       -14658.03     -5.98605353202E+07  2.59473225786E+05 -2.30700239452E+02   4.21681762              400  0.10821    
       52500 -0.683845632         982184.4        0.000000       -14660.52     -5.98628118096E+07  2.59483092932E+05 -2.30700239978E+02   4.21683981              400  0.11159    
       52600 -0.683773474         982125.3        0.000000       -14655.81     -5.98638106720E+07  2.59487422208E+05 -2.30700240353E+02   4.21710813              400  0.10842    
       52700 -0.683374344         982072.8        0.000000       -14655.20     -5.98599747733E+07  2.59470794856E+05 -2.30700240489E+02   4.21702795              400  0.11703    
       52800 -0.683245181         982060.3        0.000000       -14658.39     -5.98581800849E+07  2.59463015416E+05 -2.30700240606E+02   4.21703229              400  0.10789    
       52900 -0.683419493         982129.9        0.000000       -14660.37     -5.98596376353E+07  2.59469333609E+05 -2.30700240382E+02   4.21686031              400  0.10803    
       53000 -0.683715316         982189.2        0.000000       -14660.61     -5.98628052969E+07  2.59483064048E+05 -2.30700240559E+02   4.21684795              400  0.10830    
       53100 -0.683824077         982153.6        0.000000       -14660.79     -5.98631372190E+07  2.59484502821E+05 -2.30700240547E+02   4.21703863              400  0.10809    
       53200 -0.683683288         982122.2        0.000000       -14664.66     -5.98620521023E+07  2.59479799346E+05 -2.30700240454E+02   4.21709463              400  0.10794    
       53300 -0.683609816         982142.9        0.000000       -14656.03     -5.98600600658E+07  2.59471165291E+05 -2.30700239846E+02   4.21702149              400  0.10908    
       53400 -0.683519651         982089.3        0.000000       -14654.99     -5.98580078866E+07  2.59462270080E+05 -2.30700239646E+02   4.21703591              400  0.11015    
       53500 -0.683291088         982098.9        0.000000       -14655.30     -5.98552076465E+07  2.59450132128E+05 -2.30700239601E+02   4.21693008              400  0.10830    
       53600 -0.683638254         982154.1        0.000000       -14656.82     -5.98580922983E+07  2.59462635365E+05 -2.30700240187E+02   4.21696976              400  0.11124    
       53700 -0.683532009         982103.3        0.000000       -14657.54     -5.98569907488E+07  2.59457860392E+05 -2.30700240334E+02   4.21699737              400  0.10796    
       53800 -0.683591198         982145.4        0.000000       -14658.77     -5.98590791859E+07  2.59466913017E+05 -2.30700240311E+02   4.21690560              400  0.10834    
       53900 -0.683754986         982180.8        0.000000       -14658.61     -5.98615365366E+07  2.59477565155E+05 -2.30700239926E+02   4.21689413              400  0.10788    
       54000 -0.683773033         982152.2        0.000000       -14654.99     -5.98614995041E+07  2.59477405313E+05 -2.30700239321E+02   4.21706138              400  0.10816    
       54100 -0.683565818         982098.3        0.000000       -14655.88     -5.98591988121E+07  2.59467433240E+05 -2.30700238810E+02   4.21714825              400  0.11030    
       54200 -0.683130131         982009.3        0.000000       -14652.71     -5.98536474289E+07  2.59443369844E+05 -2.30700238996E+02   4.21717252              400  0.10869    
       54300 -0.682940797         981996.9        0.000000       -14654.74     -5.98513115346E+07  2.59433243917E+05 -2.30700239611E+02   4.21688969              400  0.11223    
       54400 -0.683069317         982056.0        0.000000       -14655.97     -5.98544748410E+07  2.59446954864E+05 -2.30700240334E+02   4.21689268              400  0.11247    
       54500 -0.683181805         982036.1        0.000000       -14649.55     -5.98551513280E+07  2.59449886682E+05 -2.30700240781E+02   4.21701142              400  0.10793    
       54600 -0.683294922         982098.2        0.000000       -14648.25     -5.98557335169E+07  2.59452410137E+05 -2.30700240886E+02   4.21694259              400  0.10795    
       54700 -0.683556013         982143.9        0.000000       -14645.97     -5.98574189588E+07  2.59459715817E+05 -2.30700240962E+02   4.21693951              400  0.10860    
       54800 -0.683589324         982138.7        0.000000       -14648.44     -5.98571717536E+07  2.59458644280E+05 -2.30700240956E+02   4.21691385              400  0.10772    
       54900 -0.683659229         982122.1        0.000000       -14650.72     -5.98597617082E+07  2.59469870969E+05 -2.30700240782E+02   4.21701337              400  0.10918    
       55000 -0.683546353         982098.5        0.000000       -14655.54     -5.98602239579E+07  2.59471874403E+05 -2.30700241001E+02   4.21699188              400  0.10793    
       55100 -0.683457941         982107.5        0.000000       -14654.85     -5.98601911855E+07  2.59471733199E+05 -2.30700240244E+02   4.21695237              400  0.11406    
       55200 -0.683527447         982114.9        0.000000       -14660.10     -5.98607427702E+07  2.59474124504E+05 -2.30700239897E+02   4.21691688              400  0.10814    
       55300 -0.683387895         982077.4        0.000000       -14662.46     -5.98595273031E+07  2.59468855320E+05 -2.30700240417E+02   4.21704712              400  0.10783    
       55400 -0.683143378         982042.6        0.000000       -14662.48     -5.98581659920E+07  2.59462954610E+05 -2.30700240356E+02   4.21693682              400  0.10831    
       55500 -0.683091076         982041.1        0.000000       -14656.54     -5.98575040493E+07  2.59460085073E+05 -2.30700240588E+02   4.21691025              400  0.10943    
       55600 -0.683219939         982091.8        0.000000       -14653.56     -5.98595774806E+07  2.59469072374E+05 -2.30700240815E+02   4.21678716              400  0.10789    
       55700 -0.683459809         982152.6        0.000000       -14651.11     -5.98625130781E+07  2.59481797257E+05 -2.30700240675E+02   4.21674411              400  0.10799    
       55800 -0.683727434         982147.5        0.000000       -14654.52     -5.98668469739E+07  2.59500583285E+05 -2.30700240501E+02   4.21693074              400  0.11074    
       55900 -0.683760987         982174.3        0.000000       -14658.53     -5.98681350020E+07  2.59506166131E+05 -2.30700240748E+02   4.21698449              400  0.10848    
       56000 -0.683895563         982177.9        0.000000       -14657.91     -5.98685108663E+07  2.59507795299E+05 -2.30700240805E+02   4.21700277              400  0.10966    
       56100 -0.683819410         982170.1        0.000000       -14658.92     -5.98678417683E+07  2.59504894896E+05 -2.30700240904E+02   4.21703946              400  0.10790    
       56200 -0.683845258         982146.4        0.000000       -14657.63     -5.98682528119E+07  2.59506675820E+05 -2.30700241613E+02   4.21714478              400  0.10787    
       56300 -0.683593039         982140.5        0.000000       -14661.11     -5.98652227104E+07  2.59493541475E+05 -2.30700241594E+02   4.21691839              400  0.10846    
       56400 -0.683750214         982158.1        0.000000       -14659.62     -5.98665796002E+07  2.59499422959E+05 -2.30700241710E+02   4.21704994              400  0.10911    
       56500 -0.683623657         982151.0        0.000000       -14659.71     -5.98645708274E+07  2.59490715111E+05 -2.30700242210E+02   4.21684502              400  0.10801    
       56600 -0.683634588         982144.9        0.000000       -14657.38     -5.98646214944E+07  2.59490934535E+05 -2.30700242386E+02   4.21699616              400  0.10810    
       56700 -0.683668374         982158.9        0.000000       -14660.04     -5.98638904834E+07  2.59487765912E+05 -2.30700242352E+02   4.21693547              400  0.10976    
       56800 -0.683661268         982122.8        0.000000       -14655.05     -5.98641190006E+07  2.59488756772E+05 -2.30700242066E+02   4.21707586              400  0.11053    
       56900 -0.683484669         982095.6        0.000000       -14651.58     -5.98607686239E+07  2.59474234375E+05 -2.30700241849E+02   4.21707819              400  0.10922    
       57000 -0.683290859         982083.9        0.000000       -14647.80     -5.98564515214E+07  2.59455522132E+05 -2.30700241142E+02   4.21701253              400  0.10832    
       57100 -0.683372373         982087.8        0.000000       -14641.95     -5.98559775702E+07  2.59453467944E+05 -2.30700240951E+02   4.21698462              400  0.11003    
       57200 -0.683534880         982140.9        0.000000       -14643.37     -5.98572788453E+07  2.59459108204E+05 -2.30700241204E+02   4.21688894              400  0.11012    
       57300 -0.683522004         982125.4        0.000000       -14644.44     -5.98567578227E+07  2.59456849723E+05 -2.30700241241E+02   4.21696364              400  0.10898    
       57400 -0.683487125         982114.8        0.000000       -14644.08     -5.98555286039E+07  2.59451522042E+05 -2.30700240773E+02   4.21696642              400  0.10958    
       57500 -0.683510860         982093.9        0.000000       -14642.54     -5.98555290692E+07  2.59451524784E+05 -2.30700240128E+02   4.21707736              400  0.10772    
       57600 -0.683361861         982039.2        0.000000       -14639.19     -5.98540741143E+07  2.59445217746E+05 -2.30700240437E+02   4.21717301              400  0.10834    
       57700 -0.683044949         982032.8        0.000000       -14635.01     -5.98504414634E+07  2.59429471972E+05 -2.30700240064E+02   4.21695654              400  0.11025    
       57800 -0.683141957         982045.9        0.000000       -14636.36     -5.98517595018E+07  2.59435185068E+05 -2.30700240163E+02   4.21697078              400  0.10766    
       57900 -0.683207954         982069.4        0.000000       -14634.65     -5.98522414080E+07  2.59437274008E+05 -2.30700240114E+02   4.21697883              400  0.10796    
       58000 -0.683411321         982136.3        0.000000       -14641.70     -5.98543524031E+07  2.59446424177E+05 -2.30700240302E+02   4.21677669              400  0.11016    
       58100 -0.683697616         982155.3        0.000000       -14640.98     -5.98578892506E+07  2.59461755155E+05 -2.30700240252E+02   4.21690947              400  0.10988    
       58200 -0.683780526         982168.0        0.000000       -14641.76     -5.98590943756E+07  2.59466978479E+05 -2.30700240649E+02   4.21702915              400  0.11068    
       58300 -0.683658538         982109.8        0.000000       -14638.84     -5.98567848569E+07  2.59456967151E+05 -2.30700241023E+02   4.21709727              400  0.10775    
       58400 -0.683483928         982123.0        0.000000       -14642.80     -5.98557997740E+07  2.59452696845E+05 -2.30700241323E+02   4.21687428              400  0.10867    
       58500 -0.683498851         982123.0        0.000000       -14637.54     -5.98565429392E+07  2.59455918070E+05 -2.30700241430E+02   4.21702613              400  0.10944    
       58600 -0.683544007         982114.7        0.000000       -14632.77     -5.98554208675E+07  2.59451053695E+05 -2.30700241973E+02   4.21707930              400  0.10782    
       58700 -0.683444789         982140.0        0.000000       -14633.13     -5.98539518988E+07  2.59444685672E+05 -2.30700242496E+02   4.21681223              400  0.10791    
       58800 -0.683721268         982177.7        0.000000       -14625.32     -5.98570322500E+07  2.59458037326E+05 -2.30700242963E+02   4.21680766              400  0.10855    
       58900 -0.683806893         982170.6        0.000000       -14622.96     -5.98592317126E+07  2.59467571144E+05 -2.30700242997E+02   4.21696527              400  0.10814    
       59000 -0.683687939         982163.5        0.000000       -14627.34     -5.98583581000E+07  2.59463784768E+05 -2.30700242631E+02   4.21699706              400  0.10767    
       59100 -0.683710563         982116.6        0.000000       -14624.97     -5.98570829746E+07  2.59458257839E+05 -2.30700242394E+02   4.21720410              400  0.10856    
       59200 -0.683648336         982143.5        0.000000       -14623.97     -5.98544347268E+07  2.59446778905E+05 -2.30700242182E+02   4.21701143              400  0.10781    
       59300 -0.683662137         982128.8        0.000000       -14628.13     -5.98551884660E+07  2.59450046724E+05 -2.30700241615E+02   4.21703336              400  0.11358    
       59400 -0.683543396         982125.8        0.000000       -14620.60     -5.98530263242E+07  2.59440675065E+05 -2.30700241237E+02   4.21702770              400  0.10770    
       59500 -0.683605891         982119.4        0.000000       -14619.22     -5.98534814864E+07  2.59442647944E+05 -2.30700241308E+02   4.21701470              400  0.10791    
       59600 -0.683491816         982103.4        0.000000       -14619.02     -5.98523496150E+07  2.59437742249E+05 -2.30700240821E+02   4.21698322              400  0.10919    
       59700 -0.683518072         982123.1        0.000000       -14616.61     -5.98526938753E+07  2.59439234457E+05 -2.30700240850E+02   4.21697607              400  0.10783    
       59800 -0.683462696         982100.6        0.000000       -14614.49     -5.98523290466E+07  2.59437653977E+05 -2.30700240035E+02   4.21698484              400  0.10768    
       59900 -0.683451609         982106.6        0.000000       -14609.54     -5.98526707743E+07  2.59439135167E+05 -2.30700240100E+02   4.21699049              400  0.10942    
       60000 -0.683502975         982099.6        0.000000       -14610.80     -5.98534857914E+07  2.59442667630E+05 -2.30700240397E+02   4.21695357              400  0.10779    
       60100 -0.683422963         982111.9        0.000000       -14609.12     -5.98529726367E+07  2.59440443006E+05 -2.30700240653E+02   4.21695209              400  0.10786    
       60200 -0.683467970         982097.3        0.000000       -14612.87     -5.98539947040E+07  2.59444872734E+05 -2.30700241146E+02   4.21705575              400  0.10804    
       60300 -0.683235380         982023.8        0.000000       -14611.19     -5.98506681447E+07  2.59430452935E+05 -2.30700241501E+02   4.21714765              400  0.10766    
       60400 -0.683060900         982061.0        0.000000       -14614.01     -5.98483420604E+07  2.59420370685E+05 -2.30700241089E+02   4.21684826              400  0.10919    
       60500 -0.683461611         982136.4        0.000000       -14612.28     -5.98526672309E+07  2.59439118341E+05 -2.30700241404E+02   4.21689969              400  0.10779    
       60600 -0.683503554         982124.6        0.000000       -14611.24     -5.98528864097E+07  2.59440068207E+05 -2.30700241575E+02   4.21695849              400  0.10764    
       60700 -0.683494055         982118.4        0.000000       -14617.09     -5.98535770969E+07  2.59443062370E+05 -2.30700241318E+02   4.21692343              400  0.10817    
       60800 -0.683597505         982132.6        0.000000       -14621.30     -5.98548475725E+07  2.59448569577E+05 -2.30700241170E+02   4.21696108              400  0.11044    
       60900 -0.683506909         982119.3        0.000000       -14622.93     -5.98551788152E+07  2.59450005679E+05 -2.30700240913E+02   4.21695403              400  0.10813    
       61000 -0.683555427         982110.1        0.000000       -14624.22     -5.98555563172E+07  2.59451642472E+05 -2.30700240503E+02   4.21701721              400  0.10874    
       61100 -0.683499736         982092.6        0.000000       -14622.05     -5.98546418175E+07  2.59447678095E+05 -2.30700240824E+02   4.21701050              400  0.10786    
       61200 -0.683606293         982151.6        0.000000       -14621.83     -5.98559136488E+07  2.59453191215E+05 -2.30700240643E+02   4.21692310              400  0.10802    
       61300 -0.683647796         982104.0        0.000000       -14623.75     -5.98566974020E+07  2.59456588512E+05 -2.30700240627E+02   4.21714862              400  0.11063    
       61400 -0.683424895         982098.4        0.000000       -14627.14     -5.98546555567E+07  2.59447738214E+05 -2.30700240321E+02   4.21698533              400  0.10759    
       61500 -0.683649856         982184.9        0.000000       -14630.37     -5.98561406065E+07  2.59454175435E+05 -2.30700240249E+02   4.21683520              400  0.10795    
       61600 -0.683711327         982110.2        0.000000       -14627.36     -5.98565884070E+07  2.59456117198E+05 -2.30700239614E+02   4.21717218              400  0.10791    
       61700 -0.683602358         982113.4        0.000000       -14627.46     -5.98554116057E+07  2.59451015949E+05 -2.30700239838E+02   4.21706008              400  0.10800    
       61800 -0.683609521         982176.9        0.000000       -14624.29     -5.98560199682E+07  2.59453652643E+05 -2.30700240133E+02   4.21689553              400  0.11555    
       61900 -0.683855185         982183.1        0.000000       -14626.47     -5.98581611255E+07  2.59462934099E+05 -2.30700239838E+02   4.21688885              400  0.10772    
       62000 -0.683715477         982106.8        0.000000       -14627.29     -5.98581018611E+07  2.59462677065E+05 -2.30700239966E+02   4.21709909              400  0.10774    
       62100 -0.683486807         982082.4        0.000000       -14626.68     -5.98557356569E+07  2.59452419940E+05 -2.30700240417E+02   4.21710800              400  0.11107    
       62200 -0.683421825         982092.6        0.000000       -14629.66     -5.98540277587E+07  2.59445016126E+05 -2.30700241047E+02   4.21709610              400  0.10782    
       62300 -0.683592222         982134.1        0.000000       -14629.54     -5.98541253760E+07  2.59445438602E+05 -2.30700241633E+02   4.21699242              400  0.10954    
       62400 -0.683630677         982164.2        0.000000       -14631.25     -5.98535150348E+07  2.59442793037E+05 -2.30700241600E+02   4.21691449              400  0.11091    
       62500 -0.683817907         982182.4        0.000000       -14633.02     -5.98534741816E+07  2.59442616050E+05 -2.30700241513E+02   4.21700784              400  0.10787    
       62600 -0.683674214         982128.0        0.000000       -14631.10     -5.98516592686E+07  2.59434749085E+05 -2.30700241505E+02   4.21707669              400  0.10961    
       62700 -0.683570926         982140.2        0.000000       -14629.76     -5.98485378426E+07  2.59421218740E+05 -2.30700241612E+02   4.21699147              400  0.10800    
       62800 -0.683558275         982118.7        0.000000       -14628.48     -5.98476223511E+07  2.59417250318E+05 -2.30700241706E+02   4.21699735              400  0.10771    
       62900 -0.683503299         982090.8        0.000000       -14629.49     -5.98476194830E+07  2.59417238159E+05 -2.30700241464E+02   4.21701840              400  0.10826    
       63000 -0.683239422         982023.9        0.000000       -14626.94     -5.98448765336E+07  2.59405349141E+05 -2.30700240885E+02   4.21712805              400  0.10775    
       63100 -0.683061027         982058.5        0.000000       -14628.00     -5.98448533708E+07  2.59405248941E+05 -2.30700240704E+02   4.21683464              400  0.10769    
       63200 -0.683404084         982158.6        0.000000       -14632.12     -5.98492463373E+07  2.59424291338E+05 -2.30700240246E+02   4.21667466              400  0.11180    
       63300 -0.683703911         982139.6        0.000000       -14630.51     -5.98533960392E+07  2.59442278614E+05 -2.30700240373E+02   4.21701419              400  0.10783    
       63400 -0.683527109         982103.2        0.000000       -14627.14     -5.98512058525E+07  2.59432785228E+05 -2.30700240141E+02   4.21708327              400  0.10816    
       63500 -0.683549620         982117.8        0.000000       -14627.57     -5.98501780639E+07  2.59428330019E+05 -2.30700240253E+02   4.21697918              400  0.10895    
       63600 -0.683351495         982067.2        0.000000       -14626.73     -5.98482797279E+07  2.59420102098E+05 -2.30700239665E+02   4.21697363              400  0.10779    
       63700 -0.683283898         982079.0        0.000000       -14629.18     -5.98494405941E+07  2.59425134478E+05 -2.30700239260E+02   4.21690977              400  0.10815    
       63800 -0.683446355         982103.5        0.000000       -14634.87     -5.98528724145E+07  2.59440009518E+05 -2.30700239819E+02   4.21695525              400  0.10833    
       63900 -0.683311748         982074.6        0.000000       -14635.97     -5.98519392938E+07  2.59435964821E+05 -2.30700239788E+02   4.21703012              400  0.10783    
       64000 -0.683278025         982062.8        0.000000       -14636.69     -5.98512865105E+07  2.59433135579E+05 -2.30700239493E+02   4.21702654              400  0.10954    
       64100 -0.683303718         982096.4        0.000000       -14638.91     -5.98507771607E+07  2.59430927594E+05 -2.30700239620E+02   4.21696563              400  0.10781    
       64200 -0.683527530         982119.9        0.000000       -14638.51     -5.98507171767E+07  2.59430667224E+05 -2.30700239942E+02   4.21711583              400  0.10872    
       64300 -0.683517631         982095.5        0.000000       -14638.68     -5.98487639984E+07  2.59422200814E+05 -2.30700240036E+02   4.21705963              400  0.10846    
       64400 -0.683340339         982074.0        0.000000       -14636.20     -5.98467735783E+07  2.59413573260E+05 -2.30700239877E+02   4.21696013              400  0.10769    
       64500 -0.683189943         982050.1        0.000000       -14632.89     -5.98463052134E+07  2.59411543112E+05 -2.30700239841E+02   4.21701154              400  0.10794    
       64600 -0.683250641         982078.8        0.000000       -14634.38     -5.98460191924E+07  2.59410303535E+05 -2.30700239647E+02   4.21689839              400  0.11011    
       64700 -0.683481100         982126.5        0.000000       -14630.86     -5.98494066765E+07  2.59424987004E+05 -2.30700239663E+02   4.21690674              400  0.10881    
       64800 -0.683572835         982107.5        0.000000       -14628.24     -5.98501708539E+07  2.59428299236E+05 -2.30700239835E+02   4.21710582              400  0.10778    
       64900 -0.683344926         982097.0        0.000000       -14625.59     -5.98480259569E+07  2.59419002016E+05 -2.30700239735E+02   4.21687028              400  0.10989    
       65000 -0.683354068         982103.0        0.000000       -14628.71     -5.98494703586E+07  2.59425262848E+05 -2.30700239836E+02   4.21679845              400  0.11059    
       65100 -0.683462159         982110.9        0.000000       -14631.48     -5.98529664188E+07  2.59440417052E+05 -2.30700239765E+02   4.21689821              400  0.10934    
       65200 -0.683467840         982136.9        0.000000       -14630.83     -5.98532528020E+07  2.59441658429E+05 -2.30700239755E+02   4.21692923              400  0.10786    
       65300 -0.683620238         982122.4        0.000000       -14628.06     -5.98539130575E+07  2.59444520600E+05 -2.30700239570E+02   4.21712338              400  0.10793    
       65400 -0.683515705         982116.7        0.000000       -14627.76     -5.98517616395E+07  2.59435195539E+05 -2.30700239091E+02   4.21699251              400  0.10902    
       65500 -0.683392920         982115.0        0.000000       -14626.24     -5.98500613520E+07  2.59427825273E+05 -2.30700239225E+02   4.21690103              400  0.10766    
       65600 -0.683388697         982087.3        0.000000       -14625.39     -5.98494632282E+07  2.59425232222E+05 -2.30700239586E+02   4.21704980              400  0.10755    
       65700 -0.683509974         982101.3        0.000000       -14624.48     -5.98505037022E+07  2.59429741872E+05 -2.30700239959E+02   4.21707126              400  0.10843    
       65800 -0.683437716         982103.6        0.000000       -14623.56     -5.98488983578E+07  2.59422783998E+05 -2.30700239337E+02   4.21705746              400  0.10803    
       65900 -0.683343508         982083.6        0.000000       -14626.84     -5.98467448739E+07  2.59413449218E+05 -2.30700239538E+02   4.21698053              400  0.10839    
       66000 -0.683287353         982079.9        0.000000       -14623.84     -5.98461277113E+07  2.59410774135E+05 -2.30700239460E+02   4.21700950              400  0.10937    
       66100 -0.683199931         982057.4        0.000000       -14624.41     -5.98446093439E+07  2.59404192707E+05 -2.30700239343E+02   4.21684954              400  0.11161    
       66200 -0.683126883         982051.3        0.000000       -14626.61     -5.98464102404E+07  2.59411999185E+05 -2.30700239111E+02   4.21701716              400  0.10800    
       66300 -0.683208260         982082.8        0.000000       -14628.07     -5.98465584820E+07  2.59412641426E+05 -2.30700239407E+02   4.21690403              400  0.10769    
       66400 -0.683271342         982073.2        0.000000       -14629.39     -5.98464289382E+07  2.59412079833E+05 -2.30700239467E+02   4.21693895              400  0.10774    
       66500 -0.683395005         982095.7        0.000000       -14634.26     -5.98482975845E+07  2.59420179722E+05 -2.30700239467E+02   4.21699917              400  0.10886    
       66600 -0.683301902         982101.4        0.000000       -14635.65     -5.98468679041E+07  2.59413982644E+05 -2.30700239417E+02   4.21682640              400  0.10805    
       66700 -0.683632544         982148.5        0.000000       -14635.94     -5.98506014223E+07  2.59430166642E+05 -2.30700238901E+02   4.21691739              400  0.10944    
       66800 -0.683513583         982056.5        0.000000       -14632.60     -5.98491244828E+07  2.59423764096E+05 -2.30700239399E+02   4.21720965              400  0.11133    
       66900 -0.683342833         982101.9        0.000000       -14629.20     -5.98464516483E+07  2.59412178070E+05 -2.30700239648E+02   4.21698101              400  0.10760    
       67000 -0.683659437         982184.1        0.000000       -14631.70     -5.98482334041E+07  2.59419901045E+05 -2.30700239893E+02   4.21682033              400  0.10782    
       67100 -0.683880354         982177.3        0.000000       -14627.45     -5.98510641785E+07  2.59432170734E+05 -2.30700240487E+02   4.21704589              400  0.10878    
       67200 -0.683783104         982156.3        0.000000       -14626.22     -5.98502498923E+07  2.59428640461E+05 -2.30700241060E+02   4.21693104              400  0.10775    
       67300 -0.683519291         982065.9        0.000000       -14624.40     -5.98488176128E+07  2.59422432247E+05 -2.30700240894E+02   4.21720411              400  0.10965    
       67400 -0.683163518         982028.7        0.000000       -14628.02     -5.98447289774E+07  2.59404709445E+05 -2.30700240969E+02   4.21703301              400  0.10760    
       67500 -0.683074402         982043.0        0.000000       -14628.75     -5.98452382729E+07  2.59406916823E+05 -2.30700241173E+02   4.21695466              400  0.10954    
       67600 -0.683244756         982105.9        0.000000       -14627.57     -5.98458275793E+07  2.59409471844E+05 -2.30700240643E+02   4.21681652              400  0.11265    
       67700 -0.683349704         982093.7        0.000000       -14630.04     -5.98476648814E+07  2.59417436366E+05 -2.30700240199E+02   4.21685809              400  0.10777    
       67800 -0.683369366         982058.9        0.000000       -14628.60     -5.98490746726E+07  2.59423547454E+05 -2.30700240052E+02   4.21703500              400  0.10772    
       67900 -0.683267021         982053.8        0.000000       -14631.32     -5.98495083102E+07  2.59425426855E+05 -2.30700240280E+02   4.21699269              400  0.10933    
       68000 -0.683277326         982059.1        0.000000       -14636.68     -5.98517800766E+07  2.59435274199E+05 -2.30700240210E+02   4.21697446              400  0.10794    
       68100 -0.683356192         982077.2        0.000000       -14636.79     -5.98541676917E+07  2.59445623658E+05 -2.30700240181E+02   4.21697082              400  0.11067    
       68200 -0.683429009         982110.1        0.000000       -14634.71     -5.98548136649E+07  2.59448423784E+05 -2.30700240116E+02   4.21697638              400  0.11155    
       68300 -0.683628090         982161.3        0.000000       -14631.32     -5.98555486701E+07  2.59451609696E+05 -2.30700240172E+02   4.21687528              400  0.11059    
       68400 -0.683636513         982118.1        0.000000       -14630.31     -5.98556396520E+07  2.59452004197E+05 -2.30700240059E+02   4.21710378              400  0.10997    
       68500 -0.683544900         982100.6        0.000000       -14632.34     -5.98551301316E+07  2.59449795623E+05 -2.30700240051E+02   4.21701628              400  0.10771    
       68600 -0.683478057         982131.8        0.000000       -14636.05     -5.98554432506E+07  2.59451152944E+05 -2.30700239993E+02   4.21684871              400  0.10814    
       68700 -0.683712192         982184.9        0.000000       -14636.40     -5.98584008706E+07  2.59463972801E+05 -2.30700240286E+02   4.21686658              400  0.11012    
       68800 -0.683802784         982169.0        0.000000       -14632.31     -5.98585170634E+07  2.59464476863E+05 -2.30700239921E+02   4.21712600              400  0.10808    
       68900 -0.683693970         982159.9        0.000000       -14624.89     -5.98536740552E+07  2.59443484943E+05 -2.30700239277E+02   4.21704537              400  0.10768    
       69000 -0.683628949         982120.0        0.000000       -14627.75     -5.98519335663E+07  2.59435941000E+05 -2.30700238894E+02   4.21702562              400  0.10884    
       69100 -0.683491711         982138.0        0.000000       -14626.22     -5.98510733140E+07  2.59432212373E+05 -2.30700238673E+02   4.21689327              400  0.10808    
       69200 -0.683538879         982111.2        0.000000       -14629.68     -5.98509947771E+07  2.59431871471E+05 -2.30700239094E+02   4.21701489              400  0.11159    
       69300 -0.683346207         982037.3        0.000000       -14630.98     -5.98490939159E+07  2.59423631943E+05 -2.30700239094E+02   4.21724219              400  0.10950    
       69400 -0.683165416         982059.9        0.000000       -14626.50     -5.98460574683E+07  2.59410470377E+05 -2.30700238819E+02   4.21700015              400  0.10780    
       69500 -0.683357432         982079.5        0.000000       -14622.72     -5.98476978169E+07  2.59417580696E+05 -2.30700238806E+02   4.21693563              400  0.10930    
       69600 -0.683399707         982114.3        0.000000       -14622.19     -5.98495801513E+07  2.59425739348E+05 -2.30700239312E+02   4.21681758              400  0.10764    
       69700 -0.683535652         982090.7        0.000000       -14629.31     -5.98524965371E+07  2.59438380371E+05 -2.30700239693E+02   4.21695587              400  0.10795    
       69800 -0.683389653         982069.8        0.000000       -14629.85     -5.98522645872E+07  2.59437374596E+05 -2.30700240011E+02   4.21703837              400  0.10892    
       69900 -0.683220023         982065.5        0.000000       -14634.72     -5.98523647965E+07  2.59437809685E+05 -2.30700239372E+02   4.21681882              400  0.10783    
       70000 -0.683423003         982151.9        0.000000       -14636.15     -5.98555081921E+07  2.59451435386E+05 -2.30700239153E+02   4.21688555              400  0.10861    
       70100 -0.683717678         982175.6        0.000000       -14635.06     -5.98571656405E+07  2.59458620179E+05 -2.30700238825E+02   4.21683961              400  0.10930    
       70200 -0.683807445         982171.5        0.000000       -14632.09     -5.98585034616E+07  2.59464419415E+05 -2.30700238578E+02   4.21701455              400  0.10777    
       70300 -0.683629605         982111.2        0.000000       -14634.21     -5.98565083946E+07  2.59455772022E+05 -2.30700238148E+02   4.21715726              400  0.10773    
       70400 -0.683360010         982081.5        0.000000       -14632.82     -5.98532021399E+07  2.59441440693E+05 -2.30700238096E+02   4.21692714              400  0.10787    
       70500 -0.683351253         982111.5        0.000000       -14632.04     -5.98553619519E+07  2.59450802646E+05 -2.30700238124E+02   4.21689844              400  0.10770    
       70600 -0.683614817         982163.6        0.000000       -14627.82     -5.98579342439E+07  2.59461952203E+05 -2.30700238457E+02   4.21696612              400  0.10903    
       70700 -0.683889859         982217.7        0.000000       -14627.87     -5.98591511520E+07  2.59467227476E+05 -2.30700238077E+02   4.21689413              400  0.10925    
       70800 -0.683738661         982119.5        0.000000       -14623.61     -5.98563983314E+07  2.59455295154E+05 -2.30700237958E+02   4.21715308              400  0.11244    
       70900 -0.683483462         982103.7        0.000000       -14626.33     -5.98535629678E+07  2.59443004385E+05 -2.30700238419E+02   4.21705204              400  0.11566    
       71000 -0.683426578         982130.1        0.000000       -14627.30     -5.98530330229E+07  2.59440706815E+05 -2.30700238824E+02   4.21686063              400  0.10787    
       71100 -0.683589183         982127.8        0.000000       -14633.21     -5.98563433292E+07  2.59455055553E+05 -2.30700239013E+02   4.21698065              400  0.10762    
       71200 -0.683455881         982100.2        0.000000       -14632.00     -5.98545736610E+07  2.59447384731E+05 -2.30700238983E+02   4.21707884              400  0.11045    
       71300 -0.683384351         982099.9        0.000000       -14634.57     -5.98542189716E+07  2.59445847477E+05 -2.30700238811E+02   4.21687423              400  0.10809    
       71400 -0.683350820         982070.6        0.000000       -14630.62     -5.98544627814E+07  2.59446904306E+05 -2.30700238808E+02   4.21708278              400  0.10772    
       71500 -0.683191799         982035.3        0.000000       -14632.15     -5.98519845156E+07  2.59436161955E+05 -2.30700238797E+02   4.21705153              400  0.11057    
       71600 -0.683136021         982035.1        0.000000       -14634.22     -5.98510589987E+07  2.59432149645E+05 -2.30700239275E+02   4.21705870              400  0.10800    
       71700 -0.683107796         982034.4        0.000000       -14634.12     -5.98490215577E+07  2.59423317445E+05 -2.30700239851E+02   4.21694719              400  0.10990    
       71800 -0.683300824         982113.9        0.000000       -14637.74     -5.98519425711E+07  2.59435978622E+05 -2.30700240148E+02   4.21680552              400  0.10785    
       71900 -0.683459545         982099.1        0.000000       -14635.93     -5.98543384164E+07  2.59446363548E+05 -2.30700240304E+02   4.21700987              400  0.10779    
       72000 -0.683436332         982107.4        0.000000       -14635.30     -5.98536352381E+07  2.59443315912E+05 -2.30700239965E+02   4.21697216              400  0.10913    
       72100 -0.683371936         982087.5        0.000000       -14638.63     -5.98521239395E+07  2.59436764855E+05 -2.30700240087E+02   4.21692611              400  0.10790    
       72200 -0.683362457         982080.2        0.000000       -14637.00     -5.98529617330E+07  2.59440396532E+05 -2.30700239951E+02   4.21708595              400  0.10761    
       72300 -0.683415677         982098.3        0.000000       -14630.98     -5.98516810645E+07  2.59434845528E+05 -2.30700239757E+02   4.21702183              400  0.10881    
       72400 -0.683336638         982087.6        0.000000       -14630.09     -5.98509794125E+07  2.59431803537E+05 -2.30700240281E+02   4.21704219              400  0.10770    
       72500 -0.683516169         982140.1        0.000000       -14630.30     -5.98511770643E+07  2.59432660185E+05 -2.30700240369E+02   4.21696031              400  0.10854    
       72600 -0.683650012         982130.5        0.000000       -14624.95     -5.98510459087E+07  2.59432091356E+05 -2.30700240652E+02   4.21707835              400  0.10869    
       72700 -0.683674994         982201.2        0.000000       -14628.50     -5.98510556298E+07  2.59432133700E+05 -2.30700240468E+02   4.21678727              400  0.10768    
       72800 -0.683938009         982209.6        0.000000       -14621.36     -5.98526953033E+07  2.59439240600E+05 -2.30700240892E+02   4.21699495              400  0.10907    
       72900 -0.683763781         982157.6        0.000000       -14619.31     -5.98490350208E+07  2.59423374246E+05 -2.30700241236E+02   4.21705540              400  0.10766    
       73000 -0.683740257         982155.0        0.000000       -14618.67     -5.98483250008E+07  2.59420296664E+05 -2.30700241155E+02   4.21711527              400  0.10772    
       73100 -0.683773424         982142.4        0.000000       -14618.72     -5.98471753831E+07  2.59415314134E+05 -2.30700240589E+02   4.21703006              400  0.10844    
       73200 -0.683718747         982166.2        0.000000       -14618.22     -5.98460779572E+07  2.59410557091E+05 -2.30700240685E+02   4.21696715              400  0.10763    
       73300 -0.683672744         982142.0        0.000000       -14619.80     -5.98447700625E+07  2.59404888150E+05 -2.30700240421E+02   4.21694218              400  0.11321    
       73400 -0.683654107         982116.7        0.000000       -14618.41     -5.98450069969E+07  2.59405915171E+05 -2.30700240422E+02   4.21718162              400  0.10868    
       73500 -0.683619723         982146.6        0.000000       -14613.32     -5.98432502795E+07  2.59398299930E+05 -2.30700240887E+02   4.21693115              400  0.10759    
       73600 -0.683599666         982121.1        0.000000       -14610.56     -5.98428074471E+07  2.59396379911E+05 -2.30700241336E+02   4.21698956              400  0.10765    
       73700 -0.683631720         982119.3        0.000000       -14612.55     -5.98440953663E+07  2.59401962600E+05 -2.30700241303E+02   4.21698504              400  0.11035    
       73800 -0.683300507         982049.8        0.000000       -14615.01     -5.98418423529E+07  2.59392196225E+05 -2.30700241656E+02   4.21699250              400  0.10946    
       73900 -0.683366780         982117.3        0.000000       -14619.63     -5.98435255395E+07  2.59399493317E+05 -2.30700240676E+02   4.21680101              400  0.11047    
       74000 -0.683504273         982122.7        0.000000       -14619.34     -5.98459245737E+07  2.59409892170E+05 -2.30700240739E+02   4.21694926              400  0.10786    
       74100 -0.683437009         982108.2        0.000000       -14619.30     -5.98445506894E+07  2.59403936467E+05 -2.30700241116E+02   4.21701070              400  0.10844    
       74200 -0.683445339         982083.7        0.000000       -14625.77     -5.98443468282E+07  2.59403053424E+05 -2.30700240565E+02   4.21697785              400  0.10979    
       74300 -0.683309785         982086.3        0.000000       -14626.77     -5.98437349529E+07  2.59400401297E+05 -2.30700240454E+02   4.21693497              400  0.10770    
       74400 -0.683288714         982098.7        0.000000       -14626.09     -5.98438041346E+07  2.59400701409E+05 -2.30700240245E+02   4.21686597              400  0.10779    
       74500 -0.683437648         982130.9        0.000000       -14624.52     -5.98450157997E+07  2.59405953577E+05 -2.30700240201E+02   4.21687202              400  0.10947    
       74600 -0.683481150         982082.8        0.000000       -14621.87     -5.98460024331E+07  2.59410230015E+05 -2.30700240424E+02   4.21705161              400  0.10756    
       74700 -0.683294757         982069.3        0.000000       -14622.60     -5.98446476206E+07  2.59404357582E+05 -2.30700240267E+02   4.21694416              400  0.10768    
       74800 -0.683327885         982082.8        0.000000       -14622.99     -5.98455681194E+07  2.59408347056E+05 -2.30700240754E+02   4.21697199              400  0.10819    
       74900 -0.683370962         982056.1        0.000000       -14624.29     -5.98459506556E+07  2.59410004892E+05 -2.30700241036E+02   4.21713425              400  0.10791    
       75000 -0.683296183         982093.3        0.000000       -14628.43     -5.98437818617E+07  2.59400603889E+05 -2.30700241112E+02   4.21698920              400  0.10829    
       75100 -0.683373438         982079.8        0.000000       -14631.37     -5.98436784897E+07  2.59400155946E+05 -2.30700240990E+02   4.21696165              400  0.11248    
       75200 -0.683136096         982027.4        0.000000       -14631.64     -5.98420551707E+07  2.59393119816E+05 -2.30700240674E+02   4.21703300              400  0.10869    
       75300 -0.683179234         982087.6        0.000000       -14626.62     -5.98418620789E+07  2.59392283400E+05 -2.30700240171E+02   4.21694572              400  0.10923    
       75400 -0.683338553         982092.1        0.000000       -14628.51     -5.98419786103E+07  2.59392789187E+05 -2.30700239578E+02   4.21693531              400  0.10770    
       75500 -0.683412799         982106.8        0.000000       -14624.71     -5.98421408590E+07  2.59393492403E+05 -2.30700239642E+02   4.21695698              400  0.10813    
       75600 -0.683504152         982129.3        0.000000       -14622.46     -5.98427468852E+07  2.59396118860E+05 -2.30700240035E+02   4.21701309              400  0.10994    
       75700 -0.683737910         982185.3        0.000000       -14622.21     -5.98444174787E+07  2.59403360494E+05 -2.30700239830E+02   4.21683493              400  0.10785    
       75800 -0.683843285         982172.5        0.000000       -14622.54     -5.98457695243E+07  2.59409221255E+05 -2.30700239701E+02   4.21702504              400  0.10839    
       75900 -0.683752270         982144.3        0.000000       -14623.98     -5.98444421575E+07  2.59403467657E+05 -2.30700239661E+02   4.21710154              400  0.10872    
       76000 -0.683583576         982130.3        0.000000       -14624.45     -5.98432428428E+07  2.59398268982E+05 -2.30700239742E+02   4.21697414              400  0.10763    
       76100 -0.683616106         982148.1        0.000000       -14627.09     -5.98440341119E+07  2.59401698784E+05 -2.30700239792E+02   4.21689334              400  0.10793    
       76200 -0.683712739         982154.1        0.000000       -14631.29     -5.98462624235E+07  2.59411357667E+05 -2.30700239811E+02   4.21690871              400  0.10830    
       76300 -0.683714397         982148.9        0.000000       -14629.14     -5.98469748473E+07  2.59414445061E+05 -2.30700240433E+02   4.21696158              400  0.10777    
       76400 -0.683746051         982160.1        0.000000       -14629.88     -5.98467280063E+07  2.59413374446E+05 -2.30700241012E+02   4.21699732              400  0.11265    
       76500 -0.683488465         982069.5        0.000000       -14623.16     -5.98434295600E+07  2.59399076697E+05 -2.30700241196E+02   4.21715751              400  0.10767    
       76600 -0.683217375         982063.3        0.000000       -14633.33     -5.98411380924E+07  2.59389143485E+05 -2.30700241684E+02   4.21690241              400  0.10866    
       76700 -0.683135331         982011.1        0.000000       -14638.78     -5.98420822574E+07  2.59393236439E+05 -2.30700241375E+02   4.21703261              400  0.10856    
       76800 -0.682900958         982006.6        0.000000       -14636.73     -5.98384239860E+07  2.59377379193E+05 -2.30700241371E+02   4.21700159              400  0.10815    
       76900 -0.682995851         982071.1        0.000000       -14635.18     -5.98382262467E+07  2.59376522819E+05 -2.30700240702E+02   4.21679036              400  0.10825    
       77000 -0.683439626         982118.1        0.000000       -14637.45     -5.98434110921E+07  2.59398997668E+05 -2.30700240287E+02   4.21693834              400  0.11086    
       77100 -0.683522120         982116.6        0.000000       -14634.95     -5.98440627983E+07  2.59401822868E+05 -2.30700240024E+02   4.21701891              400  0.10792    
       77200 -0.683603822         982127.1        0.000000       -14634.61     -5.98445301211E+07  2.59403849100E+05 -2.30700239525E+02   4.21699487              400  0.10792    
       77300 -0.683591070         982127.7        0.000000       -14636.28     -5.98441386527E+07  2.59402152016E+05 -2.30700239715E+02   4.21700107              400  0.10892    
       77400 -0.683605145         982125.8        0.000000       -14632.79     -5.98440656880E+07  2.59401836439E+05 -2.30700239095E+02   4.21693892              400  0.10856    
       77500 -0.683488661         982081.7        0.000000       -14638.75     -5.98443440982E+07  2.59403043312E+05 -2.30700239034E+02   4.21697883              400  0.10905    
       77600 -0.683412317         982141.8        0.000000       -14648.26     -5.98468048883E+07  2.59413709676E+05 -2.30700239255E+02   4.21678854              400  0.10978    
       77700 -0.683667571         982141.4        0.000000       -14650.35     -5.98513733855E+07  2.59433512551E+05 -2.30700239136E+02   4.21689468              400  0.10806    
       77800 -0.683594521         982152.0        0.000000       -14653.30     -5.98530957049E+07  2.59440978142E+05 -2.30700239159E+02   4.21682548              400  0.10935    
       77900 -0.683648337         982151.4        0.000000       -14645.87     -5.98540994557E+07  2.59445328662E+05 -2.30700239486E+02   4.21695659              400  0.10804    
       78000 -0.683562516         982111.7        0.000000       -14645.21     -5.98523143303E+07  2.59437590690E+05 -2.30700239588E+02   4.21706992              400  0.10818    
       78100 -0.683682963         982174.2        0.000000       -14642.71     -5.98521127956E+07  2.59436717381E+05 -2.30700239349E+02   4.21693477              400  0.10979    
       78200 -0.683742618         982149.5        0.000000       -14639.61     -5.98528965831E+07  2.59440114389E+05 -2.30700239722E+02   4.21702328              400  0.10795    
       78300 -0.683626536         982154.1        0.000000       -14638.74     -5.98528039400E+07  2.59439712091E+05 -2.30700240366E+02   4.21691899              400  0.10823    
       78400 -0.683705680         982123.6        0.000000       -14640.94     -5.98541103878E+07  2.59445375157E+05 -2.30700240278E+02   4.21710053              400  0.10899    
       78500 -0.683408313         982068.4        0.000000       -14644.76     -5.98510743759E+07  2.59432215494E+05 -2.30700239991E+02   4.21709691              400  0.10782    
       78600 -0.683378005         982119.2        0.000000       -14646.88     -5.98498008968E+07  2.59426695502E+05 -2.30700239931E+02   4.21688936              400  0.10854    
       78700 -0.683589566         982140.9        0.000000       -14645.77     -5.98524464224E+07  2.59438163075E+05 -2.30700239753E+02   4.21690499              400  0.10780    
       78800 -0.683659091         982157.3        0.000000       -14645.51     -5.98541358299E+07  2.59445486123E+05 -2.30700239670E+02   4.21691883              400  0.10776    
       78900 -0.683644979         982130.6        0.000000       -14641.64     -5.98541219650E+07  2.59445425789E+05 -2.30700239879E+02   4.21700530              400  0.11065    
       79000 -0.683437690         982074.7        0.000000       -14640.73     -5.98521044199E+07  2.59436680388E+05 -2.30700239960E+02   4.21710189              400  0.10779    
       79100 -0.683426644         982090.0        0.000000       -14638.83     -5.98510272792E+07  2.59432011372E+05 -2.30700239969E+02   4.21699541              400  0.10902    
       79200 -0.683378258         982127.1        0.000000       -14641.19     -5.98521891903E+07  2.59437048265E+05 -2.30700239578E+02   4.21680289              400  0.10946    
       79300 -0.683578254         982121.1        0.000000       -14643.55     -5.98556800929E+07  2.59452179665E+05 -2.30700239907E+02   4.21697630              400  0.10786    
       79400 -0.683573901         982134.4        0.000000       -14645.27     -5.98565986476E+07  2.59456160614E+05 -2.30700240480E+02   4.21699366              400  0.10876    
       79500 -0.683498094         982082.4        0.000000       -14643.00     -5.98535579525E+07  2.59442980288E+05 -2.30700240515E+02   4.21712781              400  0.10961    
       79600 -0.683349149         982100.6        0.000000       -14643.40     -5.98516962105E+07  2.59434910548E+05 -2.30700240318E+02   4.21692505              400  0.11022    
       79700 -0.683614293         982154.3        0.000000       -14643.32     -5.98552684961E+07  2.59450395314E+05 -2.30700240112E+02   4.21689291              400  0.10970    
       79800 -0.683767499         982177.3        0.000000       -14639.60     -5.98564003005E+07  2.59455301200E+05 -2.30700240171E+02   4.21692927              400  0.10780    
       79900 -0.683822874         982197.1        0.000000       -14636.16     -5.98566087329E+07  2.59456205180E+05 -2.30700239724E+02   4.21694499              400  0.10781    
       80000 -0.683716472         982126.9        0.000000       -14640.51     -5.98555301404E+07  2.59451529741E+05 -2.30700239848E+02   4.21705297              400  0.11248    
       80100 -0.683329854         982029.6        0.000000       -14637.31     -5.98520781081E+07  2.59436566607E+05 -2.30700239719E+02   4.21713074              400  0.10771    
       80200 -0.683023507         981998.3        0.000000       -14633.81     -5.98485262084E+07  2.59421170062E+05 -2.30700240055E+02   4.21705514              400  0.10791    
       80300 -0.683106478         982090.6        0.000000       -14637.11     -5.98496512245E+07  2.59426046288E+05 -2.30700240322E+02   4.21669603              400  0.10808    
       80400 -0.683506845         982138.4        0.000000       -14637.68     -5.98550012196E+07  2.59449236284E+05 -2.30700240544E+02   4.21688038              400  0.10977    
       80500 -0.683527081         982080.3        0.000000       -14644.11     -5.98554758842E+07  2.59451294490E+05 -2.30700239911E+02   4.21711922              400  0.10791    
       80600 -0.683316871         982081.6        0.000000       -14643.95     -5.98544678547E+07  2.59446925265E+05 -2.30700239726E+02   4.21696102              400  0.11041    
       80700 -0.683165837         982057.1        0.000000       -14647.21     -5.98528088822E+07  2.59439734743E+05 -2.30700239273E+02   4.21685650              400  0.10807    
       80800 -0.683339305         982114.4        0.000000       -14643.19     -5.98555877927E+07  2.59451780187E+05 -2.30700239364E+02   4.21691641              400  0.11120    
       80900 -0.683703842         982177.1        0.000000       -14643.71     -5.98595114923E+07  2.59468787842E+05 -2.30700239479E+02   4.21695659              400  0.10786    
       81000 -0.683669817         982124.3        0.000000       -14649.31     -5.98592894252E+07  2.59467825375E+05 -2.30700239379E+02   4.21706249              400  0.10907    
       81100 -0.683498905         982099.6        0.000000       -14652.59     -5.98584200831E+07  2.59464057224E+05 -2.30700239268E+02   4.21706010              400  0.10892    
       81200 -0.683446059         982134.3        0.000000       -14656.65     -5.98581115458E+07  2.59462719490E+05 -2.30700239569E+02   4.21690600              400  0.10769    
       81300 -0.683586270         982111.8        0.000000       -14656.69     -5.98588565243E+07  2.59465949123E+05 -2.30700239190E+02   4.21700338              400  0.10814    
       81400 -0.683463020         982106.0        0.000000       -14651.13     -5.98579416117E+07  2.59461983003E+05 -2.30700239468E+02   4.21706222              400  0.10926    
       81500 -0.683363693         982120.0        0.000000       -14652.87     -5.98565504357E+07  2.59455952701E+05 -2.30700239531E+02   4.21686021              400  0.10952    
       81600 -0.683760333         982189.8        0.000000       -14648.47     -5.98613537434E+07  2.59476773110E+05 -2.30700239662E+02   4.21689782              400  0.10815    
       81700 -0.683635028         982088.9        0.000000       -14639.28     -5.98589190389E+07  2.59466220249E+05 -2.30700239058E+02   4.21734706              400  0.10859    
       81800 -0.683316649         982106.6        0.000000       -14635.82     -5.98523535332E+07  2.59437761353E+05 -2.30700238936E+02   4.21686146              400  0.10760    
       81900 -0.683643274         982181.7        0.000000       -14637.46     -5.98558576667E+07  2.59452950465E+05 -2.30700238943E+02   4.21678157              400  0.10978    
       82000 -0.683944101         982199.7        0.000000       -14639.10     -5.98590433368E+07  2.59466759209E+05 -2.30700238902E+02   4.21695877              400  0.10776    
       82100 -0.683836923         982187.1        0.000000       -14638.83     -5.98582142455E+07  2.59463165011E+05 -2.30700239254E+02   4.21699781              400  0.10787    
       82200 -0.683866337         982196.3        0.000000       -14635.35     -5.98563519911E+07  2.59455093202E+05 -2.30700238922E+02   4.21706199              400  0.11163    
       82300 -0.683841160         982195.9        0.000000       -14634.68     -5.98546865023E+07  2.59447874157E+05 -2.30700238716E+02   4.21686763              400  0.10784    
       82400 -0.683864892         982179.8        0.000000       -14631.69     -5.98559755685E+07  2.59453461729E+05 -2.30700238762E+02   4.21698551              400  0.11110    
       82500 -0.683903680         982190.5        0.000000       -14626.30     -5.98552855654E+07  2.59450471215E+05 -2.30700238412E+02   4.21705897              400  0.10825    
       82600 -0.683833498         982172.0        0.000000       -14634.55     -5.98543608259E+07  2.59446463231E+05 -2.30700238040E+02   4.21698620              400  0.10772    
       82700 -0.683758624         982156.5        0.000000       -14635.40     -5.98535417764E+07  2.59442912212E+05 -2.30700238701E+02   4.21701034              400  0.10783    
       82800 -0.683669684         982136.5        0.000000       -14631.87     -5.98524342488E+07  2.59438111448E+05 -2.30700238738E+02   4.21706680              400  0.10933    
       82900 -0.683589557         982115.3        0.000000       -14635.58     -5.98501094510E+07  2.59428034339E+05 -2.30700238713E+02   4.21706344              400  0.11061    
       83000 -0.683716203         982189.9        0.000000       -14640.94     -5.98511709236E+07  2.59432634798E+05 -2.30700239275E+02   4.21679872              400  0.10812    
       83100 -0.683855796         982202.8        0.000000       -14637.34     -5.98531204143E+07  2.59441085064E+05 -2.30700239322E+02   4.21694310              400  0.10773    
       83200 -0.683800428         982175.2        0.000000       -14643.07     -5.98517628474E+07  2.59435200566E+05 -2.30700239277E+02   4.21694116              400  0.10812    
       83300 -0.683680471         982096.0        0.000000       -14639.99     -5.98503106956E+07  2.59428906042E+05 -2.30700239263E+02   4.21719452              400  0.11297    
       83400 -0.683230085         982042.3        0.000000       -14634.58     -5.98460862083E+07  2.59410594281E+05 -2.30700239418E+02   4.21707791              400  0.10766    
       83500 -0.683281621         982088.3        0.000000       -14635.88     -5.98465930463E+07  2.59412791269E+05 -2.30700239388E+02   4.21685894              400  0.11043    
       83600 -0.683513567         982123.5        0.000000       -14636.61     -5.98506858680E+07  2.59430532231E+05 -2.30700239303E+02   4.21693270              400  0.11097    
       83700 -0.683600888         982157.2        0.000000       -14633.85     -5.98522580820E+07  2.59437346992E+05 -2.30700239483E+02   4.21691730              400  0.10762    
       83800 -0.683569509         982109.9        0.000000       -14632.47     -5.98517479992E+07  2.59435135498E+05 -2.30700239905E+02   4.21699437              400  0.11056    
       83900 -0.683505753         982135.6        0.000000       -14626.42     -5.98510029009E+07  2.59431905741E+05 -2.30700239934E+02   4.21692198              400  0.11017    
       84000 -0.683616767         982134.3        0.000000       -14626.50     -5.98525235234E+07  2.59438496476E+05 -2.30700240467E+02   4.21698337              400  0.10787    
       84100 -0.683454404         982101.0        0.000000       -14626.49     -5.98518124052E+07  2.59435414599E+05 -2.30700239972E+02   4.21696740              400  0.11094    
       84200 -0.683522522         982109.2        0.000000       -14627.55     -5.98520873491E+07  2.59436606097E+05 -2.30700240222E+02   4.21704561              400  0.10760    
       84300 -0.683550503         982105.7        0.000000       -14625.37     -5.98517374412E+07  2.59435089491E+05 -2.30700240120E+02   4.21711836              400  0.10772    
       84400 -0.683377050         982057.4        0.000000       -14629.38     -5.98501093802E+07  2.59428032194E+05 -2.30700240348E+02   4.21712253              400  0.10848    
       84500 -0.683440606         982142.3        0.000000       -14633.37     -5.98501383388E+07  2.59428157452E+05 -2.30700240585E+02   4.21678804              400  0.10779    
       84600 -0.683721906         982174.6        0.000000       -14631.29     -5.98517879518E+07  2.59435307618E+05 -2.30700240848E+02   4.21698268              400  0.10808    
       84700 -0.683876115         982190.6        0.000000       -14628.86     -5.98527876552E+07  2.59439641449E+05 -2.30700240414E+02   4.21700813              400  0.10913    
       84800 -0.683758296         982138.7        0.000000       -14629.20     -5.98501289746E+07  2.59428117302E+05 -2.30700240194E+02   4.21711239              400  0.10841    
       84900 -0.683590932         982130.9        0.000000       -14633.08     -5.98487587071E+07  2.59422177768E+05 -2.30700240134E+02   4.21691202              400  0.10819    
       85000 -0.683430315         982072.2        0.000000       -14634.94     -5.98489368244E+07  2.59422949907E+05 -2.30700240074E+02   4.21706076              400  0.10911    
       85100 -0.683303615         982058.1        0.000000       -14634.66     -5.98482363059E+07  2.59419913207E+05 -2.30700240264E+02   4.21707994              400  0.10774    
       85200 -0.683272167         982083.6        0.000000       -14639.64     -5.98475993589E+07  2.59417152423E+05 -2.30700240134E+02   4.21690281              400  0.10952    
       85300 -0.683333595         982085.2        0.000000       -14642.09     -5.98497945290E+07  2.59426668125E+05 -2.30700239731E+02   4.21690014              400  0.10782    
       85400 -0.683508312         982131.0        0.000000       -14644.85     -5.98525525205E+07  2.59438623358E+05 -2.30700239408E+02   4.21693101              400  0.10771    
       85500 -0.683719038         982180.5        0.000000       -14643.02     -5.98561992876E+07  2.59454429796E+05 -2.30700240249E+02   4.21675444              400  0.10884    
       85600 -0.683880245         982179.0        0.000000       -14637.28     -5.98589568360E+07  2.59466382871E+05 -2.30700240138E+02   4.21707573              400  0.10777    
       85700 -0.683857336         982154.9        0.000000       -14632.91     -5.98577108350E+07  2.59460981923E+05 -2.30700240134E+02   4.21713414              400  0.10847    
       85800 -0.683653744         982155.2        0.000000       -14628.17     -5.98542567731E+07  2.59446010392E+05 -2.30700239647E+02   4.21700205              400  0.10859    
       85900 -0.683685497         982174.4        0.000000       -14630.87     -5.98534038706E+07  2.59442313276E+05 -2.30700239737E+02   4.21685676              400  0.10807    
       86000 -0.683874954         982160.0        0.000000       -14630.64     -5.98563790105E+07  2.59455209208E+05 -2.30700239911E+02   4.21708457              400  0.10784    
       86100 -0.683760812         982175.3        0.000000       -14635.48     -5.98543057084E+07  2.59446221950E+05 -2.30700240145E+02   4.21699475              400  0.10907    
       86200 -0.683739841         982122.2        0.000000       -14636.42     -5.98536397017E+07  2.59443334655E+05 -2.30700240503E+02   4.21709599              400  0.10795    
       86300 -0.683627745         982141.8        0.000000       -14639.78     -5.98529661441E+07  2.59440414620E+05 -2.30700240869E+02   4.21698432              400  0.10782    
       86400 -0.683647707         982129.9        0.000000       -14649.44     -5.98543379840E+07  2.59446360766E+05 -2.30700241111E+02   4.21687488              400  0.10934    
       86500 -0.683575184         982134.7        0.000000       -14651.48     -5.98564785229E+07  2.59455639289E+05 -2.30700241039E+02   4.21693176              400  0.11084    
       86600 -0.683757206         982173.1        0.000000       -14648.98     -5.98574966172E+07  2.59460052504E+05 -2.30700240902E+02   4.21698736              400  0.10877    
       86700 -0.683739035         982157.5        0.000000       -14650.27     -5.98566618390E+07  2.59456434274E+05 -2.30700240703E+02   4.21698193              400  0.10774    
       86800 -0.683598630         982104.0        0.000000       -14645.76     -5.98552964974E+07  2.59450516579E+05 -2.30700240210E+02   4.21709584              400  0.10781    
       86900 -0.683466014         982094.3        0.000000       -14641.90     -5.98538769861E+07  2.59444363641E+05 -2.30700240106E+02   4.21697841              400  0.10877    
       87000 -0.683429982         982075.8        0.000000       -14645.13     -5.98546035534E+07  2.59447513142E+05 -2.30700240016E+02   4.21704821              400  0.10777    
       87100 -0.683727845         982200.3        0.000000       -14644.24     -5.98583342830E+07  2.59463684859E+05 -2.30700239671E+02   4.21678166              400  0.10788    
       87200 -0.683842400         982184.6        0.000000       -14637.14     -5.98605316895E+07  2.59473210264E+05 -2.30700239260E+02   4.21701894              400  0.10930    
       87300 -0.683713363         982129.4        0.000000       -14637.62     -5.98573552905E+07  2.59459441522E+05 -2.30700239465E+02   4.21711170              400  0.10803    
       87400 -0.683530464         982109.4        0.000000       -14636.06     -5.98544766866E+07  2.59446963560E+05 -2.30700239715E+02   4.21698527              400  0.10802    
       87500 -0.683525856         982128.8        0.000000       -14638.50     -5.98560570767E+07  2.59453814248E+05 -2.30700239463E+02   4.21686883              400  0.10884    
       87600 -0.683709868         982173.1        0.000000       -14637.19     -5.98592345335E+07  2.59467587372E+05 -2.30700239439E+02   4.21691063              400  0.10802    
       87700 -0.683786856         982177.5        0.000000       -14636.94     -5.98598831387E+07  2.59470398715E+05 -2.30700239546E+02   4.21696104              400  0.10824    
       87800 -0.683812626         982158.3        0.000000       -14637.42     -5.98592869508E+07  2.59467814492E+05 -2.30700239519E+02   4.21708596              400  0.10766    
       87900 -0.683739218         982177.6        0.000000       -14634.58     -5.98569917277E+07  2.59457865353E+05 -2.30700239695E+02   4.21698056              400  0.10804    
       88000 -0.683541459         982092.1        0.000000       -14635.37     -5.98528518727E+07  2.59439920551E+05 -2.30700239753E+02   4.21712194              400  0.11388    
       88100 -0.683383999         982144.2        0.000000       -14632.34     -5.98522179036E+07  2.59437172262E+05 -2.30700239991E+02   4.21670264              400  0.10785    
       88200 -0.683706332         982158.4        0.000000       -14635.91     -5.98573924846E+07  2.59459601942E+05 -2.30700240178E+02   4.21684221              400  0.11169    
       88300 -0.683529397         982116.7        0.000000       -14634.17     -5.98568738507E+07  2.59457353508E+05 -2.30700240488E+02   4.21707757              400  0.11046    
       88400 -0.683538675         982110.6        0.000000       -14637.86     -5.98552357511E+07  2.59450253144E+05 -2.30700240319E+02   4.21703965              400  0.10770    
       88500 -0.683515588         982116.9        0.000000       -14642.67     -5.98553054707E+07  2.59450555167E+05 -2.30700240484E+02   4.21698623              400  0.10918    
       88600 -0.683541114         982087.9        0.000000       -14642.86     -5.98562863396E+07  2.59454807223E+05 -2.30700240170E+02   4.21706591              400  0.10948    
       88700 -0.683437194         982131.8        0.000000       -14642.81     -5.98557750433E+07  2.59452591082E+05 -2.30700240046E+02   4.21689788              400  0.10804    
       88800 -0.683644781         982139.9        0.000000       -14647.79     -5.98584900107E+07  2.59464359675E+05 -2.30700239854E+02   4.21694727              400  0.10917    
       88900 -0.683522907         982115.6        0.000000       -14643.03     -5.98574640241E+07  2.59459912725E+05 -2.30700239568E+02   4.21699838              400  0.10784    
       89000 -0.683582101         982121.7        0.000000       -14643.10     -5.98577943802E+07  2.59461345184E+05 -2.30700239134E+02   4.21701018              400  0.10923    
       89100 -0.683666471         982160.0        0.000000       -14641.11     -5.98579966833E+07  2.59462222698E+05 -2.30700238596E+02   4.21701106              400  0.11279    
       89200 -0.683769041         982162.6        0.000000       -14640.85     -5.98577716334E+07  2.59461247414E+05 -2.30700238398E+02   4.21698856              400  0.10784    
       89300 -0.683618276         982113.1        0.000000       -14634.75     -5.98549894563E+07  2.59449188059E+05 -2.30700238086E+02   4.21717330              400  0.10787    
       89400 -0.683363671         982057.2        0.000000       -14637.24     -5.98511211146E+07  2.59432420317E+05 -2.30700238010E+02   4.21706336              400  0.10850    
       89500 -0.683311286         982098.2        0.000000       -14640.00     -5.98511516878E+07  2.59432552624E+05 -2.30700238202E+02   4.21696165              400  0.10787    
       89600 -0.683466381         982121.3        0.000000       -14641.26     -5.98529426371E+07  2.59440315632E+05 -2.30700238285E+02   4.21693790              400  0.10774    
       89700 -0.683564782         982139.6        0.000000       -14643.79     -5.98528630671E+07  2.59439970213E+05 -2.30700238741E+02   4.21693398              400  0.10934    
       89800 -0.683572550         982134.6        0.000000       -14643.92     -5.98524917437E+07  2.59438361017E+05 -2.30700238427E+02   4.21691188              400  0.11140    
       89900 -0.683614469         982099.5        0.000000       -14646.47     -5.98536403842E+07  2.59443339699E+05 -2.30700238648E+02   4.21708835              400  0.10966    
       90000 -0.683530018         982133.1        0.000000       -14645.06     -5.98540981473E+07  2.59445323589E+05 -2.30700238953E+02   4.21696876              400  0.10779    
       90100 -0.683583019         982138.5        0.000000       -14644.92     -5.98544734935E+07  2.59446950550E+05 -2.30700238976E+02   4.21693515              400  0.10798    
       90200 -0.683694434         982167.3        0.000000       -14644.30     -5.98556437147E+07  2.59452022694E+05 -2.30700239271E+02   4.21692926              400  0.10937    
       90300 -0.683735078         982130.7        0.000000       -14643.03     -5.98561556923E+07  2.59454242132E+05 -2.30700239088E+02   4.21708054              400  0.10793    
       90400 -0.683458290         982078.4        0.000000       -14644.98     -5.98533215611E+07  2.59441957451E+05 -2.30700238887E+02   4.21700338              400  0.10794    
       90500 -0.683327882         982079.4        0.000000       -14647.06     -5.98519971112E+07  2.59436216166E+05 -2.30700239141E+02   4.21705138              400  0.10961    
       90600 -0.683509398         982118.7        0.000000       -14649.25     -5.98529527366E+07  2.59440357975E+05 -2.30700239561E+02   4.21688137              400  0.11289    
       90700 -0.683475757         982100.1        0.000000       -14653.53     -5.98536915243E+07  2.59443560011E+05 -2.30700239859E+02   4.21701820              400  0.10889    
       90800 -0.683336762         982056.0        0.000000       -14648.16     -5.98502012180E+07  2.59428430212E+05 -2.30700240406E+02   4.21710177              400  0.10832    
       90900 -0.683207469         982054.4        0.000000       -14652.51     -5.98493578211E+07  2.59424774707E+05 -2.30700240132E+02   4.21701904              400  0.10779    
       91000 -0.683541663         982155.7        0.000000       -14650.57     -5.98536467893E+07  2.59443365588E+05 -2.30700240315E+02   4.21688635              400  0.10976    
       91100 -0.683632451         982111.8        0.000000       -14643.89     -5.98538952408E+07  2.59444442069E+05 -2.30700240727E+02   4.21712062              400  0.10773    
       91200 -0.683400243         982077.4        0.000000       -14642.98     -5.98511162096E+07  2.59432396000E+05 -2.30700240727E+02   4.21698756              400  0.10777    
       91300 -0.683484866         982154.3        0.000000       -14641.34     -5.98530801738E+07  2.59440908902E+05 -2.30700240865E+02   4.21670638              400  0.11226    
       91400 -0.683872538         982210.2        0.000000       -14636.49     -5.98578152415E+07  2.59461433447E+05 -2.30700241058E+02   4.21694166              400  0.10773    
       91500 -0.683904613         982195.7        0.000000       -14643.39     -5.98568969982E+07  2.59457453499E+05 -2.30700240795E+02   4.21691749              400  0.10859    
       91600 -0.683895171         982194.0        0.000000       -14641.39     -5.98571588640E+07  2.59458589355E+05 -2.30700240115E+02   4.21695382              400  0.10884    
       91700 -0.683662478         982124.4        0.000000       -14646.56     -5.98558706230E+07  2.59453005074E+05 -2.30700240323E+02   4.21698567              400  0.10779    
       91800 -0.683664282         982169.7        0.000000       -14645.22     -5.98557651199E+07  2.59452547312E+05 -2.30700240719E+02   4.21698942              400  0.10810    
       91900 -0.683734930         982170.6        0.000000       -14648.34     -5.98550656732E+07  2.59449515864E+05 -2.30700240368E+02   4.21694654              400  0.10976    
       92000 -0.683701063         982172.1        0.000000       -14650.28     -5.98542872036E+07  2.59446141327E+05 -2.30700240511E+02   4.21690437              400  0.10777    
       92100 -0.683868397         982192.1        0.000000       -14651.76     -5.98571293642E+07  2.59458461415E+05 -2.30700240176E+02   4.21685485              400  0.11088    
       92200 -0.683509124         982026.0        0.000000       -14645.24     -5.98549120093E+07  2.59448850067E+05 -2.30700240120E+02   4.21731999              400  0.10778    
       92300 -0.683068671         982031.1        0.000000       -14642.87     -5.98505704850E+07  2.59430031115E+05 -2.30700240168E+02   4.21696112              400  0.10846    
       92400 -0.683135268         982058.8        0.000000       -14645.40     -5.98506039688E+07  2.59430176917E+05 -2.30700239579E+02   4.21689277              400  0.10974    
       92500 -0.683378644         982142.8        0.000000       -14649.90     -5.98550291345E+07  2.59449358326E+05 -2.30700239617E+02   4.21673203              400  0.10784    
       92600 -0.683656829         982163.7        0.000000       -14647.78     -5.98593845419E+07  2.59468237234E+05 -2.30700239768E+02   4.21700229              400  0.10783    
       92700 -0.683602259         982129.4        0.000000       -14646.38     -5.98574136206E+07  2.59459694114E+05 -2.30700239685E+02   4.21699411              400  0.11071    
       92800 -0.683736912         982204.0        0.000000       -14647.90     -5.98582313209E+07  2.59463238643E+05 -2.30700239594E+02   4.21675150              400  0.10806    
       92900 -0.683903847         982203.9        0.000000       -14648.29     -5.98601932530E+07  2.59471743397E+05 -2.30700239145E+02   4.21697347              400  0.10800    
       93000 -0.683805986         982152.9        0.000000       -14641.44     -5.98575122715E+07  2.59460122583E+05 -2.30700238925E+02   4.21708965              400  0.10953    
       93100 -0.683734177         982164.2        0.000000       -14640.47     -5.98564174307E+07  2.59455376366E+05 -2.30700239359E+02   4.21698597              400  0.10817    
       93200 -0.683803174         982180.3        0.000000       -14642.52     -5.98558573764E+07  2.59452948388E+05 -2.30700239671E+02   4.21690737              400  0.10940    
       93300 -0.683773721         982186.1        0.000000       -14644.00     -5.98569137308E+07  2.59457527623E+05 -2.30700239377E+02   4.21689033              400  0.10775    
       93400 -0.683774967         982152.6        0.000000       -14645.85     -5.98588218968E+07  2.59465798792E+05 -2.30700239398E+02   4.21696072              400  0.10798    
       93500 -0.683557200         982077.9        0.000000       -14644.38     -5.98564459712E+07  2.59455500343E+05 -2.30700239124E+02   4.21719372              400  0.11067    
       93600 -0.683346559         982100.0        0.000000       -14646.28     -5.98532779260E+07  2.59441768027E+05 -2.30700239137E+02   4.21694961              400  0.10801    
       93700 -0.683507038         982144.7        0.000000       -14643.71     -5.98544589476E+07  2.59446886507E+05 -2.30700239858E+02   4.21688112              400  0.10794    
       93800 -0.683634163         982111.9        0.000000       -14642.23     -5.98560431437E+07  2.59453753348E+05 -2.30700239913E+02   4.21712993              400  0.10987    
       93900 -0.683348200         982083.6        0.000000       -14641.23     -5.98536912501E+07  2.59443559032E+05 -2.30700239672E+02   4.21691041              400  0.10813    
       94000 -0.683361790         982120.8        0.000000       -14641.83     -5.98542873532E+07  2.59446142981E+05 -2.30700239616E+02   4.21688693              400  0.11079    
       94100 -0.683636718         982181.8        0.000000       -14646.42     -5.98582864751E+07  2.59463477780E+05 -2.30700239537E+02   4.21677668              400  0.10832    
       94200 -0.683826242         982176.0        0.000000       -14643.82     -5.98614185629E+07  2.59477054171E+05 -2.30700239580E+02   4.21704422              400  0.10785    
       94300 -0.683785653         982163.6        0.000000       -14645.00     -5.98596033668E+07  2.59469185821E+05 -2.30700239712E+02   4.21699193              400  0.10917    
       94400 -0.683757259         982144.5        0.000000       -14638.59     -5.98588805931E+07  2.59466052656E+05 -2.30700239898E+02   4.21698523              400  0.10773    
       94500 -0.683561124         982136.1        0.000000       -14638.21     -5.98581077997E+07  2.59462703055E+05 -2.30700239745E+02   4.21688082              400  0.10787    
       94600 -0.683645094         982122.3        0.000000       -14638.09     -5.98593387397E+07  2.59468039173E+05 -2.30700239345E+02   4.21714067              400  0.10833    
       94700 -0.683495240         982113.6        0.000000       -14635.09     -5.98572908817E+07  2.59459162312E+05 -2.30700239484E+02   4.21690956              400  0.10783    
       94800 -0.683539381         982117.1        0.000000       -14638.61     -5.98577920455E+07  2.59461334889E+05 -2.30700239291E+02   4.21705671              400  0.11202    
       94900 -0.683518002         982125.8        0.000000       -14638.56     -5.98561709954E+07  2.59454308675E+05 -2.30700238902E+02   4.21698910              400  0.11401    
       95000 -0.683369210         982054.7        0.000000       -14640.05     -5.98543228761E+07  2.59446297473E+05 -2.30700239160E+02   4.21716885              400  0.10812    
       95100 -0.683429592         982105.6        0.000000       -14641.60     -5.98537980316E+07  2.59444022395E+05 -2.30700239223E+02   4.21699136              400  0.10776    
       95200 -0.683336122         982040.4        0.000000       -14644.00     -5.98528888139E+07  2.59440081279E+05 -2.30700239218E+02   4.21713240              400  0.10846    
       95300 -0.683211767         982052.8        0.000000       -14645.06     -5.98518440616E+07  2.59435552457E+05 -2.30700239404E+02   4.21703311              400  0.10780    
       95400 -0.683300786         982087.8        0.000000       -14644.54     -5.98524872246E+07  2.59438339591E+05 -2.30700240061E+02   4.21684244              400  0.11037    
       95500 -0.683349429         982073.8        0.000000       -14644.25     -5.98545460175E+07  2.59447263800E+05 -2.30700239967E+02   4.21699577              400  0.10785    
       95600 -0.683355054         982122.4        0.000000       -14644.60     -5.98552614277E+07  2.59450365023E+05 -2.30700239803E+02   4.21679845              400  0.11638    
       95700 -0.683394624         982041.0        0.000000       -14651.13     -5.98572570641E+07  2.59459015558E+05 -2.30700239633E+02   4.21717057              400  0.10969    
       95800 -0.683203594         982048.8        0.000000       -14653.61     -5.98548509128E+07  2.59448585012E+05 -2.30700240320E+02   4.21698233              400  0.10773    
       95900 -0.683186807         982042.0        0.000000       -14650.82     -5.98545223219E+07  2.59447160501E+05 -2.30700240490E+02   4.21698015              400  0.10793    
       96000 -0.683229184         982089.8        0.000000       -14657.07     -5.98564005927E+07  2.59455302375E+05 -2.30700240252E+02   4.21680992              400  0.10997    
       96100 -0.683373710         982072.1        0.000000       -14648.18     -5.98580658563E+07  2.59462520845E+05 -2.30700240101E+02   4.21703125              400  0.10778    
       96200 -0.683066495         981994.4        0.000000       -14650.80     -5.98548218187E+07  2.59448459037E+05 -2.30700240197E+02   4.21710105              400  0.10774    
       96300 -0.682935387         982037.6        0.000000       -14656.10     -5.98539225675E+07  2.59444560645E+05 -2.30700240617E+02   4.21680912              400  0.10936    
       96400 -0.683358232         982131.0        0.000000       -14660.87     -5.98605310650E+07  2.59473206238E+05 -2.30700240433E+02   4.21671638              400  0.10827    
       96500 -0.683666059         982164.3        0.000000       -14662.31     -5.98653667969E+07  2.59494167177E+05 -2.30700240581E+02   4.21692233              400  0.11063    
       96600 -0.683477217         982063.1        0.000000       -14659.55     -5.98635508990E+07  2.59486296188E+05 -2.30700240354E+02   4.21713986              400  0.10795    
       96700 -0.683204454         982030.6        0.000000       -14661.01     -5.98613718413E+07  2.59476851078E+05 -2.30700240090E+02   4.21710409              400  0.10805    
       96800 -0.683200905         982103.4        0.000000       -14661.26     -5.98606826691E+07  2.59473863854E+05 -2.30700240016E+02   4.21685034              400  0.11020    
       96900 -0.683540316         982118.8        0.000000       -14658.45     -5.98633911369E+07  2.59485603317E+05 -2.30700240675E+02   4.21700179              400  0.10781    
       97000 -0.683525186         982150.2        0.000000       -14652.95     -5.98624331997E+07  2.59481451089E+05 -2.30700240608E+02   4.21688036              400  0.10783    
       97100 -0.683616292         982103.5        0.000000       -14645.90     -5.98637202175E+07  2.59487030064E+05 -2.30700240404E+02   4.21713553              400  0.10824    
       97200 -0.683254613         982034.6        0.000000       -14645.01     -5.98591808254E+07  2.59467353236E+05 -2.30700240623E+02   4.21709746              400  0.10777    
       97300 -0.683052530         982047.4        0.000000       -14642.28     -5.98564833945E+07  2.59455660877E+05 -2.30700240620E+02   4.21690655              400  0.10871    
       97400 -0.683459240         982140.0        0.000000       -14643.42     -5.98608377049E+07  2.59474534936E+05 -2.30700240853E+02   4.21681607              400  0.10832    
       97500 -0.683573334         982139.4        0.000000       -14647.54     -5.98617980866E+07  2.59478697823E+05 -2.30700240863E+02   4.21692484              400  0.10781    
       97600 -0.683621937         982129.5        0.000000       -14642.06     -5.98614162095E+07  2.59477042813E+05 -2.30700240609E+02   4.21711649              400  0.10961    
       97700 -0.683692375         982180.6        0.000000       -14647.81     -5.98594366005E+07  2.59468461614E+05 -2.30700240901E+02   4.21684709              400  0.10789    
       97800 -0.683793359         982178.3        0.000000       -14648.84     -5.98607017446E+07  2.59473945745E+05 -2.30700240722E+02   4.21696725              400  0.10957    
       97900 -0.683794789         982165.8        0.000000       -14646.22     -5.98582421879E+07  2.59463284648E+05 -2.30700240572E+02   4.21705112              400  0.11307    
       98000 -0.683798917         982156.2        0.000000       -14647.18     -5.98577417607E+07  2.59461115401E+05 -2.30700240643E+02   4.21702410              400  0.10807    
       98100 -0.683674959         982129.8        0.000000       -14649.44     -5.98573021179E+07  2.59459210211E+05 -2.30700240200E+02   4.21699140              400  0.10808    
       98200 -0.683422343         982072.7        0.000000       -14649.81     -5.98555028993E+07  2.59451411450E+05 -2.30700240036E+02   4.21701663              400  0.10970    
       98300 -0.683283283         982076.1        0.000000       -14650.42     -5.98551362142E+07  2.59449821607E+05 -2.30700240391E+02   4.21695636              400  0.10775    
       98400 -0.683412822         982121.2        0.000000       -14652.44     -5.98558055644E+07  2.59452722924E+05 -2.30700240451E+02   4.21684772              400  0.10794    
       98500 -0.683625241         982135.3        0.000000       -14654.60     -5.98594599699E+07  2.59468563610E+05 -2.30700240280E+02   4.21691611              400  0.11259    
       98600 -0.683653108         982147.1        0.000000       -14653.66     -5.98607741870E+07  2.59474260179E+05 -2.30700240347E+02   4.21698892              400  0.10831    
       98700 -0.683561265         982089.6        0.000000       -14656.03     -5.98596976685E+07  2.59469593196E+05 -2.30700240947E+02   4.21701055              400  0.10856    
       98800 -0.683449799         982117.8        0.000000       -14655.96     -5.98596462528E+07  2.59469370209E+05 -2.30700241052E+02   4.21687256              400  0.10792    
       98900 -0.683515321         982141.2        0.000000       -14652.15     -5.98613733636E+07  2.59476857167E+05 -2.30700240542E+02   4.21692832              400  0.10819    
       99000 -0.683559731         982117.2        0.000000       -14651.82     -5.98611561585E+07  2.59475914925E+05 -2.30700241199E+02   4.21697752              400  0.11103    
       99100 -0.683549151         982135.4        0.000000       -14647.36     -5.98608260754E+07  2.59474483569E+05 -2.30700241704E+02   4.21699538              400  0.10908    
       99200 -0.683547314         982133.6        0.000000       -14651.63     -5.98599191792E+07  2.59470552227E+05 -2.30700241956E+02   4.21698975              400  0.10769    
       99300 -0.683516856         982118.1        0.000000       -14648.12     -5.98581060217E+07  2.59462692966E+05 -2.30700241863E+02   4.21701281              400  0.11302    
       99400 -0.683600889         982157.0        0.000000       -14651.63     -5.98573177076E+07  2.59459276073E+05 -2.30700241724E+02   4.21692164              400  0.10779    
       99500 -0.683547195         982067.9        0.000000       -14649.42     -5.98564575271E+07  2.59455547614E+05 -2.30700241631E+02   4.21709260              400  0.10776    
       99600 -0.683343688         982107.8        0.000000       -14650.49     -5.98558332066E+07  2.59452842216E+05 -2.30700240920E+02   4.21686795              400  0.11332    
       99700 -0.683540719         982143.8        0.000000       -14654.44     -5.98583386958E+07  2.59463702558E+05 -2.30700240942E+02   4.21690859              400  0.10803    
       99800 -0.683763937         982187.9        0.000000       -14658.80     -5.98604116160E+07  2.59472688247E+05 -2.30700240632E+02   4.21688051              400  0.11258    
       99900 -0.683913296         982199.2        0.000000       -14653.57     -5.98622071438E+07  2.59480471463E+05 -2.30700240393E+02   4.21689255              400  0.10787    
      100000 -0.683752114         982129.2        0.000000       -14652.84     -5.98611184690E+07  2.59475752061E+05 -2.30700240750E+02   4.21701408              400  0.10982    
      100100 -0.683406250         982084.0        0.000000       -14646.53     -5.98585375422E+07  2.59464564785E+05 -2.30700240674E+02   4.21703026              400  0.11112    
      100200 -0.683384228         982108.4        0.000000       -14651.74     -5.98584639917E+07  2.59464245534E+05 -2.30700241062E+02   4.21683988              400  0.10794    
      100300 -0.683554929         982117.0        0.000000       -14647.27     -5.98598883189E+07  2.59470419191E+05 -2.30700241305E+02   4.21708423              400  0.10802    
      100400 -0.683380984         982088.2        0.000000       -14642.93     -5.98562560100E+07  2.59454673972E+05 -2.30700241756E+02   4.21697626              400  0.11294    
      100500 -0.683433039         982113.5        0.000000       -14640.64     -5.98562479910E+07  2.59454639139E+05 -2.30700241821E+02   4.21695298              400  0.10821    
      100600 -0.683516981         982103.4        0.000000       -14640.54     -5.98557429268E+07  2.59452450192E+05 -2.30700241538E+02   4.21713099              400  0.10824    
      100700 -0.683473942         982156.8        0.000000       -14641.57     -5.98538896201E+07  2.59444417495E+05 -2.30700240914E+02   4.21677426              400  0.11009    
      100800 -0.683712682         982161.8        0.000000       -14643.54     -5.98561498956E+07  2.59454215104E+05 -2.30700240779E+02   4.21698238              400  0.10785    
      100900 -0.683519584         982100.3        0.000000       -14648.14     -5.98550111906E+07  2.59449279243E+05 -2.30700240777E+02   4.21694945              400  0.10836    
      101000 -0.683483451         982110.7        0.000000       -14648.14     -5.98555466435E+07  2.59451599930E+05 -2.30700241045E+02   4.21696534              400  0.10779    
      101100 -0.683503442         982140.4        0.000000       -14649.84     -5.98556417777E+07  2.59452012690E+05 -2.30700240700E+02   4.21687761              400  0.10830    
      101200 -0.683476366         982137.8        0.000000       -14653.43     -5.98565769858E+07  2.59456066447E+05 -2.30700240721E+02   4.21687641              400  0.11090    
      101300 -0.683577489         982128.8        0.000000       -14646.49     -5.98580571965E+07  2.59462482383E+05 -2.30700240924E+02   4.21702044              400  0.10782    
      101400 -0.683608017         982141.0        0.000000       -14645.98     -5.98566899647E+07  2.59456556031E+05 -2.30700240843E+02   4.21693387              400  0.10791    
      101500 -0.683558064         982117.6        0.000000       -14642.35     -5.98555962225E+07  2.59451814618E+05 -2.30700241240E+02   4.21703325              400  0.10959    
      101600 -0.683303036         982030.3        0.000000       -14643.51     -5.98526652007E+07  2.59439108968E+05 -2.30700241913E+02   4.21713376              400  0.10780    
      101700 -0.683067733         982021.7        0.000000       -14648.10     -5.98505876613E+07  2.59430104074E+05 -2.30700241496E+02   4.21697234              400  0.10778    
      101800 -0.683183313         982075.7        0.000000       -14649.02     -5.98521198654E+07  2.59436745644E+05 -2.30700241467E+02   4.21687352              400  0.11128    
      101900 -0.683318012         982094.6        0.000000       -14648.43     -5.98536087070E+07  2.59443199421E+05 -2.30700241288E+02   4.21686012              400  0.10791    
      102000 -0.683435887         982133.1        0.000000       -14646.41     -5.98551674522E+07  2.59449955760E+05 -2.30700241505E+02   4.21687560              400  0.11040    
      102100 -0.683485266         982073.4        0.000000       -14649.29     -5.98549182747E+07  2.59448875091E+05 -2.30700242017E+02   4.21715869              400  0.10786    
      102200 -0.683296159         982083.3        0.000000       -14648.68     -5.98517911944E+07  2.59435320403E+05 -2.30700241977E+02   4.21695127              400  0.10814    
      102300 -0.683358070         982082.3        0.000000       -14653.07     -5.98539023444E+07  2.59444471348E+05 -2.30700242072E+02   4.21697877              400  0.11002    
      102400 -0.683376419         982099.7        0.000000       -14650.80     -5.98541562700E+07  2.59445571946E+05 -2.30700242139E+02   4.21687847              400  0.10786    
      102500 -0.683477213         982121.3        0.000000       -14654.94     -5.98566310724E+07  2.59456299208E+05 -2.30700242219E+02   4.21687037              400  0.10781    
      102600 -0.683635880         982169.7        0.000000       -14658.89     -5.98593709153E+07  2.59468176010E+05 -2.30700241686E+02   4.21680835              400  0.11291    
      102700 -0.683549043         982083.5        0.000000       -14661.22     -5.98584915909E+07  2.59464364697E+05 -2.30700241479E+02   4.21708582              400  0.10783    
      102800 -0.683402684         982100.8        0.000000       -14659.95     -5.98566157624E+07  2.59456233841E+05 -2.30700241333E+02   4.21701600              400  0.10803    
      102900 -0.683433936         982105.7        0.000000       -14661.50     -5.98551429184E+07  2.59449850036E+05 -2.30700240952E+02   4.21697518              400  0.11032    
      103000 -0.683482141         982089.5        0.000000       -14662.83     -5.98548441525E+07  2.59448554834E+05 -2.30700241097E+02   4.21707897              400  0.10820    
      103100 -0.683346005         982073.3        0.000000       -14664.84     -5.98530871653E+07  2.59440938668E+05 -2.30700241344E+02   4.21699889              400  0.11560    
      103200 -0.683366982         982091.7        0.000000       -14664.75     -5.98549294343E+07  2.59448924621E+05 -2.30700240989E+02   4.21685169              400  0.10794    
      103300 -0.683444825         982083.7        0.000000       -14663.82     -5.98578996184E+07  2.59461799099E+05 -2.30700241138E+02   4.21706702              400  0.10813    
      103400 -0.683258729         982046.0        0.000000       -14662.99     -5.98559959637E+07  2.59453547458E+05 -2.30700241142E+02   4.21705068              400  0.11253    
      103500 -0.683253020         982106.0        0.000000       -14661.55     -5.98557627570E+07  2.59452536836E+05 -2.30700240926E+02   4.21683008              400  0.10780    
      103600 -0.683435287         982114.5        0.000000       -14655.63     -5.98558521192E+07  2.59452924291E+05 -2.30700240835E+02   4.21702552              400  0.11067    
      103700 -0.683376448         982067.1        0.000000       -14654.21     -5.98530918466E+07  2.59440960003E+05 -2.30700240417E+02   4.21708545              400  0.11082    
      103800 -0.683456276         982136.4        0.000000       -14655.42     -5.98524305323E+07  2.59438093896E+05 -2.30700240021E+02   4.21690927              400  0.10825    
      103900 -0.683524905         982115.7        0.000000       -14656.27     -5.98524864918E+07  2.59438336382E+05 -2.30700240090E+02   4.21697957              400  0.10826    
      104000 -0.683669085         982179.7        0.000000       -14657.96     -5.98549386356E+07  2.59448965399E+05 -2.30700240193E+02   4.21680565              400  0.11189    
      104100 -0.683836158         982181.5        0.000000       -14656.16     -5.98581304122E+07  2.59462800408E+05 -2.30700240335E+02   4.21694464              400  0.10980    
      104200 -0.683766047         982131.0        0.000000       -14651.85     -5.98574317099E+07  2.59459771536E+05 -2.30700240564E+02   4.21720112              400  0.10841    
      104300 -0.683603383         982130.6        0.000000       -14652.86     -5.98542856030E+07  2.59446134502E+05 -2.30700240410E+02   4.21700420              400  0.10793    
      104400 -0.683684235         982181.0        0.000000       -14659.54     -5.98550523947E+07  2.59449458154E+05 -2.30700240504E+02   4.21679419              400  0.10952    
      104500 -0.683691631         982144.6        0.000000       -14656.46     -5.98560836609E+07  2.59453928600E+05 -2.30700240247E+02   4.21693576              400  0.11016    
      104600 -0.683747453         982168.6        0.000000       -14657.44     -5.98581672764E+07  2.59462960279E+05 -2.30700240266E+02   4.21693881              400  0.10778    
      104700 -0.683745535         982153.8        0.000000       -14661.65     -5.98595258747E+07  2.59468849914E+05 -2.30700239719E+02   4.21693690              400  0.10899    
      104800 -0.683644923         982114.1        0.000000       -14656.71     -5.98585949918E+07  2.59464814857E+05 -2.30700239741E+02   4.21716072              400  0.11013    
      104900 -0.683559012         982118.6        0.000000       -14648.82     -5.98564683348E+07  2.59455596663E+05 -2.30700239673E+02   4.21706062              400  0.10786    
      105000 -0.683666824         982151.5        0.000000       -14645.20     -5.98563457720E+07  2.59455065068E+05 -2.30700239968E+02   4.21703157              400  0.10772    
      105100 -0.683708269         982125.8        0.000000       -14650.50     -5.98553722702E+07  2.59450844860E+05 -2.30700240358E+02   4.21714262              400  0.11159    
      105200 -0.683657956         982151.8        0.000000       -14652.03     -5.98538052523E+07  2.59444052216E+05 -2.30700240538E+02   4.21695474              400  0.10971    
      105300 -0.683414032         982087.6        0.000000       -14651.55     -5.98518332848E+07  2.59435504257E+05 -2.30700240725E+02   4.21695720              400  0.11720    
      105400 -0.683355553         982076.0        0.000000       -14649.74     -5.98523173659E+07  2.59437602960E+05 -2.30700240378E+02   4.21701017              400  0.10782    
      105500 -0.683341725         982062.6        0.000000       -14652.91     -5.98524443076E+07  2.59438153367E+05 -2.30700240234E+02   4.21704596              400  0.10816    
      105600 -0.683506080         982128.7        0.000000       -14655.19     -5.98553039913E+07  2.59450548938E+05 -2.30700240320E+02   4.21683043              400  0.10972    
      105700 -0.683540334         982155.6        0.000000       -14653.13     -5.98573884916E+07  2.59459584062E+05 -2.30700240686E+02   4.21681986              400  0.10786    
      105800 -0.683878727         982185.4        0.000000       -14655.89     -5.98618187529E+07  2.59478787674E+05 -2.30700240623E+02   4.21692822              400  0.10797    
      105900 -0.683561387         982085.0        0.000000       -14654.32     -5.98583110938E+07  2.59463583686E+05 -2.30700240255E+02   4.21710622              400  0.11037    
      106000 -0.683404664         982074.9        0.000000       -14656.06     -5.98561387419E+07  2.59454167180E+05 -2.30700240402E+02   4.21708469              400  0.10804    
      106100 -0.683331437         982101.5        0.000000       -14653.18     -5.98538868067E+07  2.59444406207E+05 -2.30700240109E+02   4.21699835              400  0.10926    
      106200 -0.683585997         982169.1        0.000000       -14653.00     -5.98543050255E+07  2.59446219267E+05 -2.30700239898E+02   4.21684670              400  0.10856    
      106300 -0.683550427         982089.9        0.000000       -14656.76     -5.98532054657E+07  2.59441453048E+05 -2.30700239929E+02   4.21711735              400  0.10983    
      106400 -0.683332171         982079.5        0.000000       -14651.50     -5.98499176388E+07  2.59427201539E+05 -2.30700239928E+02   4.21703192              400  0.10936    
      106500 -0.683243874         982048.6        0.000000       -14651.32     -5.98482618679E+07  2.59420024464E+05 -2.30700239858E+02   4.21697512              400  0.10780    
      106600 -0.683424206         982114.0        0.000000       -14655.95     -5.98527807095E+07  2.59439611590E+05 -2.30700240194E+02   4.21686053              400  0.10798    
      106700 -0.683486489         982110.5        0.000000       -14652.34     -5.98534935923E+07  2.59442701446E+05 -2.30700240395E+02   4.21705794              400  0.11193    
      106800 -0.683559453         982147.0        0.000000       -14650.47     -5.98530377621E+07  2.59440725803E+05 -2.30700240207E+02   4.21680094              400  0.10780    
      106900 -0.683720203         982173.5        0.000000       -14651.63     -5.98559548130E+07  2.59453370389E+05 -2.30700239982E+02   4.21689261              400  0.10790    
      107000 -0.683783991         982165.6        0.000000       -14653.92     -5.98572797401E+07  2.59459113708E+05 -2.30700239759E+02   4.21694329              400  0.11459    
      107100 -0.683610010         982118.1        0.000000       -14653.23     -5.98559501669E+07  2.59453350543E+05 -2.30700239722E+02   4.21702302              400  0.10799    
      107200 -0.683599819         982144.9        0.000000       -14653.61     -5.98554889859E+07  2.59451351428E+05 -2.30700239780E+02   4.21700381              400  0.11060    
      107300 -0.683705331         982172.7        0.000000       -14650.43     -5.98540760704E+07  2.59445227184E+05 -2.30700239585E+02   4.21700360              400  0.10889    
      107400 -0.683653518         982105.5        0.000000       -14654.97     -5.98543478046E+07  2.59446404815E+05 -2.30700239794E+02   4.21709395              400  0.10789    
      107500 -0.683550022         982145.4        0.000000       -14660.17     -5.98539577961E+07  2.59444714707E+05 -2.30700239408E+02   4.21682871              400  0.10868    
      107600 -0.683727855         982154.2        0.000000       -14661.22     -5.98566291370E+07  2.59456294036E+05 -2.30700239358E+02   4.21689512              400  0.10773    
      107700 -0.683669218         982147.8        0.000000       -14659.53     -5.98572822471E+07  2.59459124475E+05 -2.30700239848E+02   4.21702151              400  0.11088    
      107800 -0.683582710         982114.8        0.000000       -14655.17     -5.98553667867E+07  2.59450821265E+05 -2.30700240203E+02   4.21695523              400  0.10874    
      107900 -0.683554136         982147.5        0.000000       -14659.54     -5.98566819800E+07  2.59456522314E+05 -2.30700240048E+02   4.21687591              400  0.10786    
      108000 -0.683677905         982155.0        0.000000       -14659.04     -5.98579753884E+07  2.59462128449E+05 -2.30700240325E+02   4.21700746              400  0.10906    
      108100 -0.683575441         982072.1        0.000000       -14662.92     -5.98570750758E+07  2.59458226343E+05 -2.30700239956E+02   4.21716917              400  0.10840    
      108200 -0.683321640         982072.5        0.000000       -14663.73     -5.98539831104E+07  2.59444824134E+05 -2.30700239676E+02   4.21710191              400  0.11192    
      108300 -0.683147452         982054.1        0.000000       -14666.70     -5.98509376669E+07  2.59431623211E+05 -2.30700239724E+02   4.21688124              400  0.11323    
      108400 -0.683221617         982086.5        0.000000       -14665.12     -5.98519081972E+07  2.59435829762E+05 -2.30700240025E+02   4.21690777              400  0.10788    
      108500 -0.683321525         982115.1        0.000000       -14662.41     -5.98524747139E+07  2.59438285161E+05 -2.30700240239E+02   4.21683029              400  0.10826    
      108600 -0.683564494         982139.2        0.000000       -14664.15     -5.98550170113E+07  2.59449305034E+05 -2.30700240278E+02   4.21693763              400  0.11330    
      108700 -0.683567679         982117.7        0.000000       -14664.29     -5.98550798004E+07  2.59449577141E+05 -2.30700240331E+02   4.21698695              400  0.10803    
      108800 -0.683342220         982041.8        0.000000       -14663.04     -5.98524218555E+07  2.59438055727E+05 -2.30700240517E+02   4.21720303              400  0.10836    
      108900 -0.683131429         982065.2        0.000000       -14658.11     -5.98489904730E+07  2.59423181727E+05 -2.30700240721E+02   4.21692282              400  0.10937    
      109000 -0.683323393         982073.4        0.000000       -14664.04     -5.98508374607E+07  2.59431187354E+05 -2.30700241058E+02   4.21694305              400  0.10789    
      109100 -0.683252955         982046.7        0.000000       -14661.16     -5.98505612916E+07  2.59429990990E+05 -2.30700240412E+02   4.21712883              400  0.10900    
      109200 -0.683156929         982082.7        0.000000       -14654.81     -5.98478746703E+07  2.59418346265E+05 -2.30700239717E+02   4.21685054              400  0.10803    
      109300 -0.683413234         982124.6        0.000000       -14653.84     -5.98500385320E+07  2.59427725851E+05 -2.30700239675E+02   4.21691702              400  0.10786    
      109400 -0.683522013         982121.0        0.000000       -14655.13     -5.98507380681E+07  2.59430758447E+05 -2.30700239349E+02   4.21695874              400  0.11206    
      109500 -0.683443230         982068.5        0.000000       -14656.51     -5.98505553884E+07  2.59429966064E+05 -2.30700239824E+02   4.21705159              400  0.10779    
      109600 -0.683342157         982056.3        0.000000       -14660.88     -5.98502934346E+07  2.59428829962E+05 -2.30700240383E+02   4.21705111              400  0.10789    
      109700 -0.683299518         982092.9        0.000000       -14661.86     -5.98497479910E+07  2.59426466181E+05 -2.30700239926E+02   4.21689149              400  0.10988    
      109800 -0.683559667         982163.9        0.000000       -14665.39     -5.98526164263E+07  2.59438900221E+05 -2.30700239537E+02   4.21679707              400  0.10788    
      109900 -0.683711849         982144.9        0.000000       -14665.91     -5.98556577050E+07  2.59452083366E+05 -2.30700239245E+02   4.21698689              400  0.10788    
      110000 -0.683621472         982174.0        0.000000       -14657.73     -5.98553626237E+07  2.59450804011E+05 -2.30700239499E+02   4.21676996              400  0.10949    
      110100 -0.683796014         982144.7        0.000000       -14657.70     -5.98582084589E+07  2.59463140110E+05 -2.30700239092E+02   4.21715119              400  0.10768    
      110200 -0.683646907         982132.2        0.000000       -14656.70     -5.98556166147E+07  2.59451906067E+05 -2.30700238522E+02   4.21704403              400  0.10799    
      110300 -0.683549474         982132.9        0.000000       -14656.49     -5.98534816963E+07  2.59442652430E+05 -2.30700238129E+02   4.21698930              400  0.10935    
      110400 -0.683551002         982111.9        0.000000       -14656.23     -5.98527697409E+07  2.59439566413E+05 -2.30700238088E+02   4.21701668              400  0.10833    
      110500 -0.683463994         982097.2        0.000000       -14655.83     -5.98529224740E+07  2.59440228008E+05 -2.30700238485E+02   4.21696942              400  0.11229    
      110600 -0.683589215         982148.4        0.000000       -14654.23     -5.98548751284E+07  2.59448692014E+05 -2.30700238508E+02   4.21692818              400  0.10774    
      110700 -0.683652808         982155.5        0.000000       -14650.63     -5.98548200738E+07  2.59448452902E+05 -2.30700238927E+02   4.21699428              400  0.10779    
      110800 -0.683841645         982186.0        0.000000       -14652.79     -5.98563574998E+07  2.59455117115E+05 -2.30700238891E+02   4.21686742              400  0.11084    
      110900 -0.683702884         982148.2        0.000000       -14655.79     -5.98568681486E+07  2.59457330512E+05 -2.30700238959E+02   4.21695516              400  0.10778    
      111000 -0.683566502         982091.1        0.000000       -14654.37     -5.98564223165E+07  2.59455398330E+05 -2.30700238661E+02   4.21711004              400  0.10827    
      111100 -0.683198966         982009.9        0.000000       -14652.37     -5.98526725044E+07  2.59439144375E+05 -2.30700238580E+02   4.21709140              400  0.10892    
      111200 -0.682886719         981983.9        0.000000       -14654.16     -5.98505819879E+07  2.59430082650E+05 -2.30700238679E+02   4.21697064              400  0.10773    
      111300 -0.683028764         982067.4        0.000000       -14653.44     -5.98521042193E+07  2.59436680251E+05 -2.30700239308E+02   4.21684892              400  0.11151    
      111400 -0.683173900         982046.3        0.000000       -14653.21     -5.98530086966E+07  2.59440600712E+05 -2.30700239409E+02   4.21704423              400  0.10998    
      111500 -0.683394830         982116.8        0.000000       -14653.29     -5.98553428829E+07  2.59450717953E+05 -2.30700239935E+02   4.21694217              400  0.10784    
      111600 -0.683574998         982129.1        0.000000       -14655.26     -5.98578971381E+07  2.59461789399E+05 -2.30700240204E+02   4.21691147              400  0.11064    
      111700 -0.683677523         982155.3        0.000000       -14651.77     -5.98589926241E+07  2.59466537675E+05 -2.30700240426E+02   4.21703434              400  0.10774    
      111800 -0.683652720         982103.5        0.000000       -14648.02     -5.98567447984E+07  2.59456794067E+05 -2.30700240530E+02   4.21718549              400  0.10886    
      111900 -0.683319298         982080.1        0.000000       -14649.53     -5.98529938584E+07  2.59440535516E+05 -2.30700240190E+02   4.21693117              400  0.11083    
      112000 -0.683526205         982129.9        0.000000       -14649.92     -5.98554937595E+07  2.59451371727E+05 -2.30700240130E+02   4.21697661              400  0.10771    
      112100 -0.683638813         982155.5        0.000000       -14648.37     -5.98554520153E+07  2.59451190610E+05 -2.30700240283E+02   4.21690778              400  0.11018    
      112200 -0.683558372         982080.7        0.000000       -14647.68     -5.98547603595E+07  2.59448192124E+05 -2.30700240651E+02   4.21716476              400  0.11054    
      112300 -0.683338846         982051.9        0.000000       -14646.89     -5.98523946107E+07  2.59437937248E+05 -2.30700240857E+02   4.21708216              400  0.10775    
      112400 -0.683154378         982071.0        0.000000       -14643.52     -5.98491274255E+07  2.59423775113E+05 -2.30700240945E+02   4.21693259              400  0.10771    
      112500 -0.683269197         982072.5        0.000000       -14644.40     -5.98503366727E+07  2.59429017062E+05 -2.30700240669E+02   4.21696083              400  0.10909    
      112600 -0.683302649         982084.6        0.000000       -14644.50     -5.98504345416E+07  2.59429440914E+05 -2.30700241001E+02   4.21688721              400  0.10782    
      112700 -0.683382380         982090.7        0.000000       -14644.55     -5.98515864422E+07  2.59434433936E+05 -2.30700241036E+02   4.21693387              400  0.11101    
      112800 -0.683390414         982095.1        0.000000       -14643.08     -5.98519510174E+07  2.59436014124E+05 -2.30700241135E+02   4.21699198              400  0.10776    
      112900 -0.683413131         982106.4        0.000000       -14643.09     -5.98523114193E+07  2.59437576102E+05 -2.30700241339E+02   4.21688797              400  0.10819    
      113000 -0.683437863         982075.6        0.000000       -14647.92     -5.98540924310E+07  2.59445296627E+05 -2.30700240896E+02   4.21704843              400  0.10970    
      113100 -0.683439627         982113.7        0.000000       -14650.13     -5.98544905101E+07  2.59447023108E+05 -2.30700240046E+02   4.21683783              400  0.10783    
      113200 -0.683354861         982044.8        0.000000       -14650.52     -5.98559097416E+07  2.59453175319E+05 -2.30700239718E+02   4.21708630              400  0.10824    
      113300 -0.683177936         982046.7        0.000000       -14651.48     -5.98542251551E+07  2.59445873166E+05 -2.30700239802E+02   4.21696403              400  0.10826    
      113400 -0.683278548         982114.0        0.000000       -14652.68     -5.98556001365E+07  2.59451832854E+05 -2.30700240111E+02   4.21677899              400  0.10793    
      113500 -0.683432112         982128.4        0.000000       -14658.13     -5.98583653677E+07  2.59463819325E+05 -2.30700239916E+02   4.21682619              400  0.10799    
      113600 -0.683707373         982161.3        0.000000       -14661.15     -5.98619594573E+07  2.59479398356E+05 -2.30700239929E+02   4.21688765              400  0.10898    
      113700 -0.683766257         982156.8        0.000000       -14659.38     -5.98637610787E+07  2.59487208505E+05 -2.30700239228E+02   4.21701823              400  0.10858    
      113800 -0.683619589         982111.5        0.000000       -14656.88     -5.98622667663E+07  2.59480731480E+05 -2.30700238992E+02   4.21707582              400  0.10915    
      113900 -0.683434393         982058.7        0.000000       -14655.71     -5.98601278824E+07  2.59471460102E+05 -2.30700239090E+02   4.21716807              400  0.11096    
      114000 -0.683307316         982109.9        0.000000       -14653.21     -5.98575170626E+07  2.59460142517E+05 -2.30700239667E+02   4.21691523              400  0.10790    
      114100 -0.683622758         982157.2        0.000000       -14657.45     -5.98600944209E+07  2.59471314288E+05 -2.30700239775E+02   4.21685479              400  0.11016    
      114200 -0.683610222         982132.1        0.000000       -14661.10     -5.98609673239E+07  2.59475097966E+05 -2.30700239804E+02   4.21688724              400  0.10775    
      114300 -0.683583817         982129.7        0.000000       -14661.92     -5.98621558597E+07  2.59480250056E+05 -2.30700239601E+02   4.21703724              400  0.10790    
      114400 -0.683539581         982136.5        0.000000       -14661.47     -5.98602773879E+07  2.59472107803E+05 -2.30700239401E+02   4.21688418              400  0.11065    
      114500 -0.683497465         982125.0        0.000000       -14661.40     -5.98601740379E+07  2.59471659482E+05 -2.30700239700E+02   4.21687320              400  0.10798    
      114600 -0.683603722         982127.0        0.000000       -14663.23     -5.98618642262E+07  2.59478985635E+05 -2.30700239866E+02   4.21710253              400  0.10857    
      114700 -0.683643042         982152.8        0.000000       -14660.41     -5.98598535597E+07  2.59470270418E+05 -2.30700239620E+02   4.21690408              400  0.11355    
      114800 -0.683637624         982161.9        0.000000       -14661.86     -5.98607395145E+07  2.59474110395E+05 -2.30700239894E+02   4.21683290              400  0.10808    
      114900 -0.683637518         982116.2        0.000000       -14661.83     -5.98605786488E+07  2.59473413004E+05 -2.30700239981E+02   4.21711829              400  0.11011    
      115000 -0.683408405         982096.6        0.000000       -14661.40     -5.98571645452E+07  2.59458614403E+05 -2.30700239740E+02   4.21701134              400  0.10792    
      115100 -0.683544170         982155.4        0.000000       -14656.45     -5.98572967525E+07  2.59459187970E+05 -2.30700239297E+02   4.21693941              400  0.10818    
      115200 -0.683586325         982118.8        0.000000       -14662.26     -5.98575518946E+07  2.59460294399E+05 -2.30700238868E+02   4.21695678              400  0.10880    
      115300 -0.683413285         982099.2        0.000000       -14662.88     -5.98573071714E+07  2.59459233528E+05 -2.30700238945E+02   4.21698714              400  0.10800    
      115400 -0.683577659         982159.1        0.000000       -14665.74     -5.98587125872E+07  2.59465324962E+05 -2.30700239410E+02   4.21681338              400  0.10824    
      115500 -0.683665571         982128.5        0.000000       -14661.67     -5.98615998591E+07  2.59477839890E+05 -2.30700239699E+02   4.21692573              400  0.11012    
      115600 -0.683627536         982122.0        0.000000       -14659.58     -5.98619383380E+07  2.59479307157E+05 -2.30700239621E+02   4.21708131              400  0.10789    
      115700 -0.683301066         982025.6        0.000000       -14658.32     -5.98588326795E+07  2.59465844925E+05 -2.30700239937E+02   4.21713579              400  0.10825    
      115800 -0.682980365         982041.7        0.000000       -14660.59     -5.98569062763E+07  2.59457494520E+05 -2.30700240080E+02   4.21681974              400  0.10946    
      115900 -0.683140571         982079.7        0.000000       -14659.04     -5.98584620059E+07  2.59464237746E+05 -2.30700240333E+02   4.21691490              400  0.10780    
      116000 -0.683474036         982141.6        0.000000       -14661.31     -5.98621109246E+07  2.59480053619E+05 -2.30700241077E+02   4.21678259              400  0.11221    
      116100 -0.683701615         982170.5        0.000000       -14658.21     -5.98645782194E+07  2.59490748551E+05 -2.30700240967E+02   4.21688381              400  0.10783    
      116200 -0.683745240         982163.0        0.000000       -14653.59     -5.98640950581E+07  2.59488653997E+05 -2.30700241170E+02   4.21708821              400  0.11218    
      116300 -0.683691155         982127.9        0.000000       -14655.32     -5.98611699883E+07  2.59475974690E+05 -2.30700241361E+02   4.21709068              400  0.10954    
      116400 -0.683487316         982122.9        0.000000       -14656.18     -5.98589940122E+07  2.59466542911E+05 -2.30700241121E+02   4.21696466              400  0.10776    
      116500 -0.683543597         982115.4        0.000000       -14650.61     -5.98583820745E+07  2.59463890335E+05 -2.30700241167E+02   4.21697867              400  0.10780    
      116600 -0.683564888         982115.3        0.000000       -14648.94     -5.98591788311E+07  2.59467343396E+05 -2.30700241686E+02   4.21699971              400  0.10877    
      116700 -0.683600785         982172.3        0.000000       -14650.68     -5.98597604659E+07  2.59469864708E+05 -2.30700241561E+02   4.21685744              400  0.10775    
      116800 -0.683698196         982147.8        0.000000       -14648.58     -5.98606222108E+07  2.59473599860E+05 -2.30700241732E+02   4.21699719              400  0.10786    
      116900 -0.683614212         982134.2        0.000000       -14647.55     -5.98588919197E+07  2.59466099798E+05 -2.30700241636E+02   4.21697177              400  0.10848    
      117000 -0.683603115         982145.3        0.000000       -14645.02     -5.98584920534E+07  2.59464366494E+05 -2.30700241664E+02   4.21685992              400  0.10770    
      117100 -0.683718641         982177.3        0.000000       -14646.41     -5.98613251577E+07  2.59476647708E+05 -2.30700240990E+02   4.21685791              400  0.10821    
      117200 -0.683911341         982185.1        0.000000       -14650.14     -5.98640362733E+07  2.59488399787E+05 -2.30700240636E+02   4.21698759              400  0.11072    
      117300 -0.683895413         982195.9        0.000000       -14656.54     -5.98632523185E+07  2.59485001645E+05 -2.30700240627E+02   4.21692983              400  0.10823    
      117400 -0.683944330         982186.3        0.000000       -14650.40     -5.98642943642E+07  2.59489518547E+05 -2.30700240609E+02   4.21712596              400  0.10883    
      117500 -0.683755376         982159.9        0.000000       -14648.59     -5.98589174780E+07  2.59466211064E+05 -2.30700241209E+02   4.21710428              400  0.10793    
      117600 -0.683753730         982173.4        0.000000       -14651.40     -5.98576095990E+07  2.59460541962E+05 -2.30700241147E+02   4.21687515              400  0.11216    
      117700 -0.683869171         982158.6        0.000000       -14653.74     -5.98597900488E+07  2.59469993470E+05 -2.30700241088E+02   4.21714725              400  0.10954    
      117800 -0.683586605         982094.3        0.000000       -14649.60     -5.98550305810E+07  2.59449362871E+05 -2.30700241151E+02   4.21714661              400  0.10815    
      117900 -0.683472340         982102.6        0.000000       -14652.67     -5.98522595766E+07  2.59437351730E+05 -2.30700241031E+02   4.21703442              400  0.10801    
      118000 -0.683575425         982138.3        0.000000       -14644.49     -5.98517843790E+07  2.59435292740E+05 -2.30700240306E+02   4.21699531              400  0.11153    
      118100 -0.683755594         982194.8        0.000000       -14645.98     -5.98542245275E+07  2.59445869588E+05 -2.30700240565E+02   4.21676222              400  0.10808    
      118200 -0.683899364         982160.7        0.000000       -14642.89     -5.98576978919E+07  2.59460925307E+05 -2.30700240590E+02   4.21698946              400  0.10829    
      118300 -0.683711960         982155.4        0.000000       -14639.53     -5.98562411384E+07  2.59454610993E+05 -2.30700240436E+02   4.21702315              400  0.10781    
      118400 -0.683818297         982191.8        0.000000       -14641.29     -5.98562101922E+07  2.59454476315E+05 -2.30700240915E+02   4.21695570              400  0.10763    
      118500 -0.683845442         982162.7        0.000000       -14641.07     -5.98556997691E+07  2.59452264411E+05 -2.30700240389E+02   4.21701965              400  0.10993    
      118600 -0.683633517         982102.4        0.000000       -14633.95     -5.98524303717E+07  2.59438092687E+05 -2.30700240477E+02   4.21716114              400  0.10772    
      118700 -0.683183344         982009.9        0.000000       -14631.68     -5.98475336446E+07  2.59416867299E+05 -2.30700240381E+02   4.21720793              400  0.10798    
      118800 -0.683088828         982064.4        0.000000       -14628.70     -5.98451683467E+07  2.59406615091E+05 -2.30700239952E+02   4.21680376              400  0.10843    
      118900 -0.683400856         982098.2        0.000000       -14632.09     -5.98494263946E+07  2.59425072841E+05 -2.30700239338E+02   4.21693059              400  0.10772    
      119000 -0.683429386         982080.1        0.000000       -14637.85     -5.98514071397E+07  2.59433658711E+05 -2.30700239271E+02   4.21699551              400  0.10760    
      119100 -0.683354410         982091.5        0.000000       -14641.88     -5.98519256405E+07  2.59435906339E+05 -2.30700239166E+02   4.21699809              400  0.11019    
      119200 -0.683480907         982131.6        0.000000       -14645.87     -5.98525755138E+07  2.59438723407E+05 -2.30700239069E+02   4.21685511              400  0.10777    
      119300 -0.683742767         982173.9        0.000000       -14651.72     -5.98571271743E+07  2.59458453092E+05 -2.30700239137E+02   4.21681692              400  0.11376    
      119400 -0.683474691         982093.0        0.000000       -14650.96     -5.98558475090E+07  2.59452906079E+05 -2.30700239260E+02   4.21707936              400  0.10871    
      119500 -0.683269145         982056.9        0.000000       -14646.36     -5.98528949259E+07  2.59440107633E+05 -2.30700239342E+02   4.21700439              400  0.10878    
      119600 -0.683293786         982096.5        0.000000       -14638.52     -5.98528236350E+07  2.59439798881E+05 -2.30700239104E+02   4.21690557              400  0.11209    
      119700 -0.683542703         982127.0        0.000000       -14636.39     -5.98549404543E+07  2.59448974689E+05 -2.30700238943E+02   4.21697830              400  0.10772    
      119800 -0.683508116         982104.3        0.000000       -14635.10     -5.98547593895E+07  2.59448189814E+05 -2.30700238967E+02   4.21700061              400  0.10775    
      119900 -0.683618648         982171.7        0.000000       -14638.77     -5.98570028862E+07  2.59457914394E+05 -2.30700239096E+02   4.21686248              400  0.10918    
      120000 -0.683704639         982127.6        0.000000       -14640.20     -5.98575047968E+07  2.59460089631E+05 -2.30700239416E+02   4.21708868              400  0.10773    
      120100 -0.683522466         982105.4        0.000000       -14640.06     -5.98550414527E+07  2.59449411384E+05 -2.30700239917E+02   4.21703785              400  0.10900    
      120200 -0.683349076         982049.0        0.000000       -14634.79     -5.98524827940E+07  2.59438320545E+05 -2.30700239920E+02   4.21712804              400  0.11127    
      120300 -0.683193351         982069.2        0.000000       -14633.83     -5.98506736254E+07  2.59430479184E+05 -2.30700239285E+02   4.21695762              400  0.10765    
      120400 -0.683389666         982127.4        0.000000       -14636.27     -5.98527156166E+07  2.59439330730E+05 -2.30700239043E+02   4.21688432              400  0.11636    
      120500 -0.683719298         982167.0        0.000000       -14638.57     -5.98566253271E+07  2.59456277469E+05 -2.30700239405E+02   4.21684779              400  0.10780    
      120600 -0.683697964         982148.8        0.000000       -14634.69     -5.98565733396E+07  2.59456052037E+05 -2.30700239481E+02   4.21702245              400  0.10779    
      120700 -0.683552462         982103.3        0.000000       -14632.27     -5.98542604824E+07  2.59446026719E+05 -2.30700239427E+02   4.21709216              400  0.10973    
      120800 -0.683446618         982113.2        0.000000       -14636.36     -5.98529304047E+07  2.59440261433E+05 -2.30700239330E+02   4.21693004              400  0.10764    
      120900 -0.683313466         982039.6        0.000000       -14634.09     -5.98520574841E+07  2.59436477667E+05 -2.30700239312E+02   4.21716835              400  0.10790    
      121000 -0.683117230         982034.6        0.000000       -14634.59     -5.98497968968E+07  2.59426679076E+05 -2.30700239119E+02   4.21701196              400  0.10991    
      121100 -0.683121216         982058.1        0.000000       -14638.70     -5.98499726646E+07  2.59427440957E+05 -2.30700239126E+02   4.21695212              400  0.10772    
      121200 -0.683161164         982032.3        0.000000       -14637.54     -5.98489158105E+07  2.59422859551E+05 -2.30700239424E+02   4.21706149              400  0.10835    
      121300 -0.683253751         982068.4        0.000000       -14637.32     -5.98493163127E+07  2.59424595374E+05 -2.30700239607E+02   4.21696854              400  0.11166    
      121400 -0.683295399         982108.0        0.000000       -14631.91     -5.98487606840E+07  2.59422186592E+05 -2.30700239907E+02   4.21688594              400  0.10766    
      121500 -0.683533653         982161.4        0.000000       -14633.93     -5.98514213064E+07  2.59433719681E+05 -2.30700239661E+02   4.21681057              400  0.10982    
      121600 -0.683708149         982166.9        0.000000       -14630.75     -5.98523946405E+07  2.59437938701E+05 -2.30700239680E+02   4.21699052              400  0.10795    
      121700 -0.683712239         982176.0        0.000000       -14629.78     -5.98512576262E+07  2.59433010320E+05 -2.30700239543E+02   4.21683943              400  0.10785    
      121800 -0.683789025         982147.6        0.000000       -14623.78     -5.98540798705E+07  2.59445243991E+05 -2.30700239287E+02   4.21705025              400  0.10902    
      121900 -0.683544669         982083.1        0.000000       -14624.10     -5.98513844776E+07  2.59433560235E+05 -2.30700239488E+02   4.21716837              400  0.10767    
      122000 -0.683256292         982061.6        0.000000       -14629.68     -5.98482720600E+07  2.59420069403E+05 -2.30700239183E+02   4.21702737              400  0.10772    
      122100 -0.683343105         982092.7        0.000000       -14628.54     -5.98483090126E+07  2.59420229124E+05 -2.30700239587E+02   4.21691174              400  0.11349    
      122200 -0.683401241         982100.0        0.000000       -14630.67     -5.98493245656E+07  2.59424630244E+05 -2.30700240410E+02   4.21693274              400  0.10758    
      122300 -0.683544907         982109.8        0.000000       -14628.23     -5.98505867538E+07  2.59430101515E+05 -2.30700240274E+02   4.21706983              400  0.10997    
      122400 -0.683422716         982099.8        0.000000       -14626.68     -5.98487824756E+07  2.59422280291E+05 -2.30700240583E+02   4.21700239              400  0.11148    
      122500 -0.683548952         982137.3        0.000000       -14627.95     -5.98500046976E+07  2.59427578219E+05 -2.30700240539E+02   4.21693295              400  0.10776    
      122600 -0.683470976         982112.5        0.000000       -14629.44     -5.98494359494E+07  2.59425112983E+05 -2.30700240471E+02   4.21691313              400  0.10770    
      122700 -0.683469009         982088.0        0.000000       -14631.31     -5.98509012992E+07  2.59431465446E+05 -2.30700239835E+02   4.21698544              400  0.10819    
      122800 -0.683351525         982075.7        0.000000       -14632.90     -5.98504936461E+07  2.59429698280E+05 -2.30700239961E+02   4.21702296              400  0.10789    
      122900 -0.683235647         982049.7        0.000000       -14632.54     -5.98493117171E+07  2.59424575200E+05 -2.30700239832E+02   4.21698589              400  0.11169    
      123000 -0.683341018         982087.3        0.000000       -14636.80     -5.98526569576E+07  2.59439075303E+05 -2.30700240076E+02   4.21686868              400  0.10775    
      123100 -0.683415089         982115.2        0.000000       -14639.61     -5.98548146177E+07  2.59448428029E+05 -2.30700240015E+02   4.21686751              400  0.10793    
      123200 -0.683689453         982195.1        0.000000       -14638.03     -5.98585482158E+07  2.59464612075E+05 -2.30700239763E+02   4.21678959              400  0.10855    
      123300 -0.683917167         982183.2        0.000000       -14639.12     -5.98604505905E+07  2.59472858510E+05 -2.30700239456E+02   4.21702668              400  0.10773    
      123400 -0.683759340         982146.2        0.000000       -14637.47     -5.98598812877E+07  2.59470390724E+05 -2.30700239518E+02   4.21703716              400  0.10775    
      123500 -0.683654286         982138.9        0.000000       -14640.04     -5.98590406088E+07  2.59466746782E+05 -2.30700239438E+02   4.21698703              400  0.10982    
      123600 -0.683514205         982098.9        0.000000       -14640.17     -5.98576144884E+07  2.59460564923E+05 -2.30700239576E+02   4.21710831              400  0.10772    
      123700 -0.683506751         982139.7        0.000000       -14635.60     -5.98572352401E+07  2.59458920384E+05 -2.30700240144E+02   4.21688581              400  0.10841    
      123800 -0.683609500         982129.8        0.000000       -14638.25     -5.98584487844E+07  2.59464180379E+05 -2.30700240384E+02   4.21688359              400  0.11084    
      123900 -0.683542053         982094.3        0.000000       -14635.52     -5.98587048593E+07  2.59465289776E+05 -2.30700240911E+02   4.21713282              400  0.10757    
      124000 -0.683378050         982098.8        0.000000       -14637.85     -5.98570807656E+07  2.59458249705E+05 -2.30700241112E+02   4.21696844              400  0.10888    
      124100 -0.683494259         982093.2        0.000000       -14641.02     -5.98593188374E+07  2.59467951272E+05 -2.30700240797E+02   4.21696284              400  0.10771    
      124200 -0.683293315         982061.6        0.000000       -14639.16     -5.98579256903E+07  2.59461912476E+05 -2.30700240814E+02   4.21705146              400  0.10769    
      124300 -0.683398227         982109.9        0.000000       -14640.27     -5.98585814060E+07  2.59464755055E+05 -2.30700240552E+02   4.21693202              400  0.10926    
      124400 -0.683491518         982094.7        0.000000       -14643.70     -5.98589420476E+07  2.59466318045E+05 -2.30700240781E+02   4.21701161              400  0.10771    
      124500 -0.683421836         982096.4        0.000000       -14638.92     -5.98571431991E+07  2.59458520631E+05 -2.30700240846E+02   4.21711923              400  0.10802    
      124600 -0.683321238         982102.9        0.000000       -14637.07     -5.98549835022E+07  2.59449158967E+05 -2.30700241005E+02   4.21685208              400  0.11094    
      124700 -0.683628863         982159.8        0.000000       -14638.57     -5.98593470396E+07  2.59468073529E+05 -2.30700240787E+02   4.21688862              400  0.10771    
      124800 -0.683574813         982090.2        0.000000       -14635.11     -5.98572766548E+07  2.59459100148E+05 -2.30700239924E+02   4.21718710              400  0.10782    
      124900 -0.683399998         982073.2        0.000000       -14633.31     -5.98547713860E+07  2.59448240953E+05 -2.30700239733E+02   4.21704426              400  0.11048    
      125000 -0.683206939         982017.7        0.000000       -14630.35     -5.98530167087E+07  2.59440635137E+05 -2.30700239679E+02   4.21707417              400  0.10953    
      125100 -0.683134986         982067.8        0.000000       -14631.30     -5.98530002272E+07  2.59440563692E+05 -2.30700239683E+02   4.21686962              400  0.10960    
      125200 -0.683345461         982092.1        0.000000       -14631.61     -5.98555555830E+07  2.59451640349E+05 -2.30700239561E+02   4.21694250              400  0.10766    
      125300 -0.683638878         982165.8        0.000000       -14629.71     -5.98585164695E+07  2.59464474672E+05 -2.30700239581E+02   4.21696645              400  0.10825    
      125400 -0.683763026         982202.9        0.000000       -14632.51     -5.98590675303E+07  2.59466863287E+05 -2.30700239607E+02   4.21681715              400  0.10883    
      125500 -0.683801085         982165.3        0.000000       -14630.58     -5.98598512393E+07  2.59470260392E+05 -2.30700239592E+02   4.21701231              400  0.10784    
      125600 -0.683576695         982123.3        0.000000       -14635.18     -5.98588648158E+07  2.59465985053E+05 -2.30700239199E+02   4.21697206              400  0.10775    
      125700 -0.683462187         982091.3        0.000000       -14634.44     -5.98578560014E+07  2.59461612142E+05 -2.30700239265E+02   4.21699764              400  0.10943    
      125800 -0.683390458         982109.9        0.000000       -14631.05     -5.98567334294E+07  2.59456745797E+05 -2.30700239632E+02   4.21690690              400  0.10780    
      125900 -0.683547004         982147.6        0.000000       -14636.91     -5.98592153493E+07  2.59467504100E+05 -2.30700239543E+02   4.21688905              400  0.10812    
      126000 -0.683566901         982129.0        0.000000       -14634.22     -5.98597610642E+07  2.59469869688E+05 -2.30700239438E+02   4.21696948              400  0.11022    
      126100 -0.683565371         982134.4        0.000000       -14634.50     -5.98596692295E+07  2.59469471818E+05 -2.30700239261E+02   4.21698863              400  0.10825    
      126200 -0.683676591         982155.8        0.000000       -14635.26     -5.98600540490E+07  2.59471139931E+05 -2.30700239205E+02   4.21701138              400  0.11599    
      126300 -0.683702018         982144.1        0.000000       -14631.56     -5.98596685894E+07  2.59469469495E+05 -2.30700238860E+02   4.21706221              400  0.10766    
      126400 -0.683585200         982114.4        0.000000       -14628.54     -5.98581767905E+07  2.59463003105E+05 -2.30700238855E+02   4.21700895              400  0.10778    
      126500 -0.683575785         982120.1        0.000000       -14629.36     -5.98587913107E+07  2.59465667069E+05 -2.30700238636E+02   4.21701088              400  0.10829    
      126600 -0.683667778         982170.1        0.000000       -14633.92     -5.98596956113E+07  2.59469586712E+05 -2.30700238783E+02   4.21691797              400  0.10784    
      126700 -0.683909910         982203.3        0.000000       -14626.64     -5.98606394399E+07  2.59473677624E+05 -2.30700238991E+02   4.21705163              400  0.10770    
      126800 -0.683780032         982145.0        0.000000       -14626.26     -5.98561254570E+07  2.59454111128E+05 -2.30700239039E+02   4.21710802              400  0.10824    
      126900 -0.683627907         982144.7        0.000000       -14624.65     -5.98529388674E+07  2.59440298146E+05 -2.30700239304E+02   4.21702844              400  0.10765    
      127000 -0.683566896         982116.0        0.000000       -14622.70     -5.98512889129E+07  2.59433146193E+05 -2.30700239315E+02   4.21709490              400  0.10827    
      127100 -0.683378833         982091.8        0.000000       -14626.00     -5.98491909759E+07  2.59424052300E+05 -2.30700239416E+02   4.21696478              400  0.11358    
      127200 -0.683508660         982119.3        0.000000       -14628.00     -5.98508557138E+07  2.59431268553E+05 -2.30700239210E+02   4.21692645              400  0.10783    
      127300 -0.683375464         982060.1        0.000000       -14627.43     -5.98503848734E+07  2.59429227977E+05 -2.30700238905E+02   4.21707996              400  0.11129    
      127400 -0.683346442         982116.9        0.000000       -14626.57     -5.98497281626E+07  2.59426381516E+05 -2.30700238784E+02   4.21689701              400  0.10754    
      127500 -0.683444515         982092.9        0.000000       -14627.74     -5.98512548198E+07  2.59432998720E+05 -2.30700239041E+02   4.21698732              400  0.10767    
      127600 -0.683425410         982103.1        0.000000       -14630.53     -5.98525856242E+07  2.59438766543E+05 -2.30700239682E+02   4.21697986              400  0.11131    
      127700 -0.683398086         982090.6        0.000000       -14634.80     -5.98530396839E+07  2.59440734874E+05 -2.30700239548E+02   4.21696211              400  0.10785    
      127800 -0.683303436         982074.3        0.000000       -14637.04     -5.98525347656E+07  2.59438546376E+05 -2.30700239428E+02   4.21699746              400  0.10790    
      127900 -0.683406776         982094.9        0.000000       -14642.58     -5.98525639390E+07  2.59438672289E+05 -2.30700239910E+02   4.21697477              400  0.10932    
      128000 -0.683400732         982097.9        0.000000       -14644.10     -5.98524389742E+07  2.59438130658E+05 -2.30700239870E+02   4.21704566              400  0.10767    
      128100 -0.683339602         982068.3        0.000000       -14643.52     -5.98512079838E+07  2.59432794646E+05 -2.30700239981E+02   4.21702026              400  0.10809    
      128200 -0.683253443         982070.4        0.000000       -14644.52     -5.98516032376E+07  2.59434508207E+05 -2.30700239729E+02   4.21696382              400  0.10913    
      128300 -0.683424914         982114.6        0.000000       -14646.49     -5.98538747308E+07  2.59444354309E+05 -2.30700239711E+02   4.21693147              400  0.10780    
      128400 -0.683396785         982078.4        0.000000       -14645.24     -5.98535557997E+07  2.59442972478E+05 -2.30700239163E+02   4.21707473              400  0.10921    
      128500 -0.683430016         982149.2        0.000000       -14640.34     -5.98533146479E+07  2.59441927692E+05 -2.30700238702E+02   4.21679784              400  0.10768    
      128600 -0.683731011         982170.7        0.000000       -14642.37     -5.98566841285E+07  2.59456532991E+05 -2.30700238836E+02   4.21691815              400  0.11382    
      128700 -0.683668964         982129.3        0.000000       -14641.77     -5.98569569423E+07  2.59457715789E+05 -2.30700238613E+02   4.21696698              400  0.10904    
      128800 -0.683525739         982111.0        0.000000       -14640.60     -5.98567151612E+07  2.59456668068E+05 -2.30700238336E+02   4.21704643              400  0.10772    
      128900 -0.683571148         982120.2        0.000000       -14636.71     -5.98565288582E+07  2.59455860379E+05 -2.30700238456E+02   4.21704578              400  0.11060    
      129000 -0.683434682         982084.8        0.000000       -14634.90     -5.98540365092E+07  2.59445056811E+05 -2.30700238597E+02   4.21707514              400  0.11026    
      129100 -0.683513746         982163.1        0.000000       -14637.76     -5.98552508835E+07  2.59450320080E+05 -2.30700239125E+02   4.21683079              400  0.10769    
      129200 -0.683785258         982208.6        0.000000       -14632.26     -5.98560535828E+07  2.59453799536E+05 -2.30700239079E+02   4.21688194              400  0.10772    
      129300 -0.683871171         982154.5        0.000000       -14631.40     -5.98552939171E+07  2.59450507224E+05 -2.30700238583E+02   4.21705620              400  0.10807    
      129400 -0.683806861         982146.7        0.000000       -14637.55     -5.98557608846E+07  2.59452531646E+05 -2.30700238325E+02   4.21709469              400  0.10771    
      129500 -0.683731729         982118.5        0.000000       -14634.71     -5.98542026654E+07  2.59445776778E+05 -2.30700238827E+02   4.21722281              400  0.10954    
      129600 -0.683445824         982101.6        0.000000       -14633.27     -5.98506369559E+07  2.59430319965E+05 -2.30700239525E+02   4.21694464              400  0.10782    
      129700 -0.683619708         982164.0        0.000000       -14630.82     -5.98531081558E+07  2.59441031239E+05 -2.30700239935E+02   4.21695502              400  0.10775    
      129800 -0.683663557         982132.9        0.000000       -14628.17     -5.98525755404E+07  2.59438721943E+05 -2.30700240474E+02   4.21702964              400  0.10937    
      129900 -0.683382534         982061.8        0.000000       -14631.01     -5.98490851579E+07  2.59423591807E+05 -2.30700241027E+02   4.21712274              400  0.10760    
      130000 -0.683337790         982072.4        0.000000       -14631.10     -5.98485932966E+07  2.59421459639E+05 -2.30700241144E+02   4.21703499              400  0.10767    
      130100 -0.683325828         982074.0        0.000000       -14630.67     -5.98480650340E+07  2.59419169572E+05 -2.30700241362E+02   4.21698757              400  0.10903    
      130200 -0.683272067         982059.9        0.000000       -14624.85     -5.98478181802E+07  2.59418099561E+05 -2.30700241353E+02   4.21697981              400  0.10762    
      130300 -0.683384232         982123.5        0.000000       -14623.33     -5.98491356758E+07  2.59423810620E+05 -2.30700241172E+02   4.21688519              400  0.10771    
      130400 -0.683469748         982109.2        0.000000       -14620.42     -5.98498246238E+07  2.59426797320E+05 -2.30700240847E+02   4.21699173              400  0.10916    
      130500 -0.683538710         982100.9        0.000000       -14622.63     -5.98491655174E+07  2.59423940161E+05 -2.30700241005E+02   4.21706411              400  0.10755    
      130600 -0.683559841         982123.9        0.000000       -14629.99     -5.98495904449E+07  2.59425782032E+05 -2.30700241033E+02   4.21691629              400  0.10838    
      130700 -0.683654127         982149.8        0.000000       -14630.57     -5.98529449778E+07  2.59440322414E+05 -2.30700241277E+02   4.21685274              400  0.10799    
      130800 -0.683782962         982197.2        0.000000       -14627.54     -5.98548541741E+07  2.59448598334E+05 -2.30700241044E+02   4.21688940              400  0.10783    
      130900 -0.683857261         982152.7        0.000000       -14628.65     -5.98555548829E+07  2.59451635686E+05 -2.30700241009E+02   4.21708593              400  0.10952    
      131000 -0.683471580         982092.9        0.000000       -14628.81     -5.98510906102E+07  2.59432285274E+05 -2.30700240516E+02   4.21700327              400  0.10765    
      131100 -0.683380202         982085.0        0.000000       -14632.32     -5.98493242045E+07  2.59424628646E+05 -2.30700240439E+02   4.21698766              400  0.10814    
      131200 -0.683323537         982061.2        0.000000       -14635.28     -5.98490798486E+07  2.59423569464E+05 -2.30700240430E+02   4.21699949              400  0.10854    
      131300 -0.683446803         982129.0        0.000000       -14637.08     -5.98510404459E+07  2.59432068326E+05 -2.30700240074E+02   4.21695193              400  0.10778    
      131400 -0.683553575         982129.3        0.000000       -14634.93     -5.98509149929E+07  2.59431524985E+05 -2.30700239673E+02   4.21696820              400  0.11089    
      131500 -0.683715802         982193.1        0.000000       -14636.69     -5.98545756979E+07  2.59447392750E+05 -2.30700239704E+02   4.21679662              400  0.10833    
      131600 -0.683878537         982195.7        0.000000       -14633.66     -5.98568892122E+07  2.59457420696E+05 -2.30700239953E+02   4.21695318              400  0.10762    
      131700 -0.683654534         982103.8        0.000000       -14635.53     -5.98541073312E+07  2.59445362634E+05 -2.30700239632E+02   4.21717115              400  0.11019    
      131800 -0.683336210         982046.2        0.000000       -14638.18     -5.98508481889E+07  2.59431235376E+05 -2.30700239707E+02   4.21708727              400  0.10820    
      131900 -0.683203866         982063.9        0.000000       -14638.18     -5.98501601689E+07  2.59428253651E+05 -2.30700239186E+02   4.21694984              400  0.10927    
      132000 -0.683443261         982132.9        0.000000       -14636.69     -5.98517741807E+07  2.59435250230E+05 -2.30700238798E+02   4.21686156              400  0.10842    
      132100 -0.683615411         982134.5        0.000000       -14638.32     -5.98544486426E+07  2.59446843546E+05 -2.30700238340E+02   4.21701461              400  0.10770    
      132200 -0.683588210         982122.4        0.000000       -14640.18     -5.98540337276E+07  2.59445045261E+05 -2.30700238147E+02   4.21710690              400  0.10757    
      132300 -0.683577732         982126.3        0.000000       -14638.33     -5.98518985940E+07  2.59435789799E+05 -2.30700238546E+02   4.21706950              400  0.11027    
      132400 -0.683366535         982056.1        0.000000       -14639.36     -5.98487307967E+07  2.59422059039E+05 -2.30700238131E+02   4.21712025              400  0.10770    
      132500 -0.683254499         982098.2        0.000000       -14644.46     -5.98489579900E+07  2.59423043894E+05 -2.30700238081E+02   4.21682650              400  0.10914    
      132600 -0.683500392         982115.1        0.000000       -14641.91     -5.98518653302E+07  2.59435645864E+05 -2.30700238323E+02   4.21703422              400  0.10813    
      132700 -0.683679722         982165.4        0.000000       -14643.93     -5.98528952109E+07  2.59440110000E+05 -2.30700238336E+02   4.21691427              400  0.10769    
      132800 -0.683807118         982151.9        0.000000       -14640.24     -5.98533737545E+07  2.59442183672E+05 -2.30700238903E+02   4.21706442              400  0.10780    
      132900 -0.683718070         982132.5        0.000000       -14638.41     -5.98519847070E+07  2.59436162784E+05 -2.30700238798E+02   4.21717974              400  0.11025    
      133000 -0.683476981         982097.5        0.000000       -14637.57     -5.98483900437E+07  2.59420580861E+05 -2.30700239144E+02   4.21693785              400  0.10770    
      133100 -0.683568844         982161.8        0.000000       -14638.99     -5.98505102207E+07  2.59429771009E+05 -2.30700239174E+02   4.21688771              400  0.11314    
      133200 -0.683686644         982126.9        0.000000       -14638.11     -5.98509591327E+07  2.59431716566E+05 -2.30700239450E+02   4.21711882              400  0.10771    
      133300 -0.683487529         982098.7        0.000000       -14632.09     -5.98473252070E+07  2.59415965216E+05 -2.30700239120E+02   4.21709554              400  0.10777    
      133400 -0.683321948         982091.3        0.000000       -14631.01     -5.98451008773E+07  2.59406324029E+05 -2.30700238714E+02   4.21687502              400  0.11036    
      133500 -0.683521996         982172.1        0.000000       -14635.36     -5.98476558567E+07  2.59417399287E+05 -2.30700238385E+02   4.21678107              400  0.10754    
      133600 -0.683629602         982106.0        0.000000       -14635.25     -5.98491687006E+07  2.59423956861E+05 -2.30700238424E+02   4.21707531              400  0.10770    
      133700 -0.683587813         982164.6        0.000000       -14633.91     -5.98500457966E+07  2.59427758227E+05 -2.30700238886E+02   4.21684055              400  0.11476    
      133800 -0.683713596         982159.4        0.000000       -14633.33     -5.98511890063E+07  2.59432713396E+05 -2.30700239083E+02   4.21704780              400  0.10752    
      133900 -0.683635424         982136.8        0.000000       -14635.99     -5.98495060747E+07  2.59425418628E+05 -2.30700238979E+02   4.21693086              400  0.10761    
      134000 -0.683558836         982113.3        0.000000       -14633.66     -5.98503306658E+07  2.59428992820E+05 -2.30700239072E+02   4.21702522              400  0.10815    
      134100 -0.683475710         982086.6        0.000000       -14638.24     -5.98499873825E+07  2.59427504652E+05 -2.30700239216E+02   4.21698277              400  0.10785    
      134200 -0.683496706         982141.1        0.000000       -14635.94     -5.98509784746E+07  2.59431800640E+05 -2.30700239242E+02   4.21688395              400  0.11625    
      134300 -0.683747333         982175.9        0.000000       -14634.21     -5.98528525727E+07  2.59439924382E+05 -2.30700239045E+02   4.21697883              400  0.10763    
      134400 -0.683636520         982135.8        0.000000       -14635.43     -5.98524959235E+07  2.59438378351E+05 -2.30700239124E+02   4.21693920              400  0.10821    
      134500 -0.683436651         982110.3        0.000000       -14636.90     -5.98514883186E+07  2.59434010399E+05 -2.30700239443E+02   4.21691250              400  0.10954    
      134600 -0.683362157         982064.0        0.000000       -14635.97     -5.98514626584E+07  2.59433898534E+05 -2.30700240010E+02   4.21705313              400  0.10859    
      134700 -0.683385114         982098.0        0.000000       -14633.68     -5.98510538671E+07  2.59432127378E+05 -2.30700239296E+02   4.21701069              400  0.10781    
      134800 -0.683448360         982088.5        0.000000       -14635.43     -5.98506391359E+07  2.59430330115E+05 -2.30700238902E+02   4.21702218              400  0.10949    
      134900 -0.683294216         982036.7        0.000000       -14632.68     -5.98493207412E+07  2.59424616221E+05 -2.30700238138E+02   4.21711625              400  0.10773    
      135000 -0.683340618         982125.2        0.000000       -14635.70     -5.98505911732E+07  2.59430122416E+05 -2.30700238722E+02   4.21675583              400  0.10763    
      135100 -0.683625502         982136.3        0.000000       -14639.35     -5.98553765981E+07  2.59450865393E+05 -2.30700238781E+02   4.21702278              400  0.10812    
      135200 -0.683596267         982114.0        0.000000       -14637.85     -5.98544825686E+07  2.59446989716E+05 -2.30700239128E+02   4.21707423              400  0.10753    
      135300 -0.683612439         982165.8        0.000000       -14639.97     -5.98543598781E+07  2.59446457365E+05 -2.30700239602E+02   4.21683736              400  0.11390    
      135400 -0.683750711         982173.2        0.000000       -14636.11     -5.98555683968E+07  2.59451696060E+05 -2.30700239411E+02   4.21701550              400  0.10764    
      135500 -0.683776373         982157.5        0.000000       -14628.54     -5.98537476376E+07  2.59443803875E+05 -2.30700239295E+02   4.21711592              400  0.10756    
      135600 -0.683692587         982141.3        0.000000       -14631.23     -5.98513348046E+07  2.59433344849E+05 -2.30700239552E+02   4.21698136              400  0.10919    
      135700 -0.683373176         982075.5        0.000000       -14631.56     -5.98490076239E+07  2.59423257372E+05 -2.30700239563E+02   4.21702326              400  0.10768    
      135800 -0.683272163         982058.4        0.000000       -14635.12     -5.98480357855E+07  2.59419044560E+05 -2.30700239788E+02   4.21695685              400  0.10756    
      135900 -0.683166453         982053.8        0.000000       -14631.79     -5.98479059698E+07  2.59418482030E+05 -2.30700239634E+02   4.21689874              400  0.11037    
      136000 -0.683325743         982089.1        0.000000       -14634.88     -5.98497302709E+07  2.59426390253E+05 -2.30700239142E+02   4.21695109              400  0.10762    
      136100 -0.683451793         982137.5        0.000000       -14638.67     -5.98520435940E+07  2.59436417684E+05 -2.30700239112E+02   4.21679058              400  0.10803    
      136200 -0.683555018         982113.6        0.000000       -14640.49     -5.98540051608E+07  2.59444920261E+05 -2.30700239190E+02   4.21701562              400  0.10993    
      136300 -0.683423553         982093.4        0.000000       -14641.72     -5.98515064929E+07  2.59434089341E+05 -2.30700239297E+02   4.21699342              400  0.10762    
      136400 -0.683515536         982123.6        0.000000       -14643.45     -5.98526034674E+07  2.59438843879E+05 -2.30700239689E+02   4.21696902              400  0.11294    
      136500 -0.683521541         982114.2        0.000000       -14643.60     -5.98517216153E+07  2.59435021589E+05 -2.30700239500E+02   4.21710452              400  0.10766    
      136600 -0.683427894         982089.1        0.000000       -14637.82     -5.98480422422E+07  2.59419072390E+05 -2.30700239928E+02   4.21704836              400  0.10775    
      136700 -0.683275659         982059.4        0.000000       -14631.72     -5.98453238411E+07  2.59407289122E+05 -2.30700239934E+02   4.21710072              400  0.11029    
      136800 -0.683298635         982073.2        0.000000       -14631.10     -5.98444529839E+07  2.59403514755E+05 -2.30700239511E+02   4.21698701              400  0.10764    
      136900 -0.683201792         982060.1        0.000000       -14631.19     -5.98448246479E+07  2.59405125601E+05 -2.30700239670E+02   4.21691494              400  0.11547    
      137000 -0.683154648         982012.0        0.000000       -14628.59     -5.98441670430E+07  2.59402274876E+05 -2.30700239894E+02   4.21705567              400  0.11277    
      137100 -0.682901959         982005.7        0.000000       -14630.14     -5.98420395086E+07  2.59393052634E+05 -2.30700240045E+02   4.21697626              400  0.10761    
      137200 -0.682961594         982015.5        0.000000       -14633.42     -5.98422768753E+07  2.59394081579E+05 -2.30700240001E+02   4.21687914              400  0.10767    
      137300 -0.683096207         982080.5        0.000000       -14637.56     -5.98462684240E+07  2.59411383585E+05 -2.30700239893E+02   4.21680590              400  0.10940    
      137400 -0.683337140         982083.0        0.000000       -14637.40     -5.98486781884E+07  2.59421828954E+05 -2.30700239951E+02   4.21699367              400  0.10816    
      137500 -0.683346709         982083.1        0.000000       -14638.75     -5.98484465454E+07  2.59420825034E+05 -2.30700239804E+02   4.21701387              400  0.10951    
      137600 -0.683300522         982071.5        0.000000       -14635.34     -5.98464495752E+07  2.59412168887E+05 -2.30700239823E+02   4.21692612              400  0.10756    
      137700 -0.683278400         982059.0        0.000000       -14635.83     -5.98467821183E+07  2.59413609751E+05 -2.30700240345E+02   4.21704080              400  0.10761    
      137800 -0.683352616         982100.8        0.000000       -14638.16     -5.98482959598E+07  2.59420171474E+05 -2.30700240539E+02   4.21684042              400  0.11305    
      137900 -0.683514050         982110.7        0.000000       -14638.82     -5.98514521174E+07  2.59433852759E+05 -2.30700240084E+02   4.21686663              400  0.10772    
      138000 -0.683743488         982188.2        0.000000       -14638.61     -5.98557529830E+07  2.59452495902E+05 -2.30700239653E+02   4.21689782              400  0.10783    
      138100 -0.683683325         982121.2        0.000000       -14637.97     -5.98555469779E+07  2.59451603354E+05 -2.30700239290E+02   4.21706069              400  0.10805    
      138200 -0.683479562         982121.3        0.000000       -14641.64     -5.98531583142E+07  2.59441249581E+05 -2.30700239114E+02   4.21689106              400  0.10759    
      138300 -0.683623162         982121.4        0.000000       -14641.51     -5.98548278658E+07  2.59448486658E+05 -2.30700238945E+02   4.21708050              400  0.10770    
      138400 -0.683496648         982084.6        0.000000       -14640.29     -5.98514598140E+07  2.59433887184E+05 -2.30700239138E+02   4.21716195              400  0.11105    
      138500 -0.683265093         982049.2        0.000000       -14633.68     -5.98471132111E+07  2.59415046065E+05 -2.30700239322E+02   4.21718762              400  0.10873    
      138600 -0.683149350         982067.8        0.000000       -14632.37     -5.98440046944E+07  2.59401572239E+05 -2.30700238930E+02   4.21692088              400  0.11020    
      138700 -0.683487276         982122.7        0.000000       -14633.73     -5.98479036996E+07  2.59418473409E+05 -2.30700238550E+02   4.21683713              400  0.10769    
      138800 -0.683685147         982148.2        0.000000       -14632.88     -5.98512461800E+07  2.59432961967E+05 -2.30700238421E+02   4.21703752              400  0.10759    
      138900 -0.683557676         982102.9        0.000000       -14631.30     -5.98485985687E+07  2.59421485552E+05 -2.30700238423E+02   4.21706970              400  0.10808    
      139000 -0.683345710         982065.9        0.000000       -14636.43     -5.98464330427E+07  2.59412098485E+05 -2.30700238702E+02   4.21701489              400  0.10750    
      139100 -0.683230826         982048.5        0.000000       -14637.82     -5.98456404801E+07  2.59408663201E+05 -2.30700238541E+02   4.21695368              400  0.10763    
      139200 -0.683167750         982089.1        0.000000       -14635.39     -5.98451777643E+07  2.59406657328E+05 -2.30700238694E+02   4.21690060              400  0.10949    
      139300 -0.683538639         982141.5        0.000000       -14636.78     -5.98491790175E+07  2.59424001376E+05 -2.30700238606E+02   4.21688457              400  0.10768    
      139400 -0.683554135         982112.5        0.000000       -14636.95     -5.98499646555E+07  2.59427406986E+05 -2.30700238463E+02   4.21700134              400  0.11021    
      139500 -0.683462428         982127.8        0.000000       -14638.08     -5.98494602821E+07  2.59425220276E+05 -2.30700238853E+02   4.21682450              400  0.11014    
      139600 -0.683662948         982159.6        0.000000       -14634.85     -5.98528838384E+07  2.59440059885E+05 -2.30700239064E+02   4.21688157              400  0.10768    
      139700 -0.683587389         982107.6        0.000000       -14627.23     -5.98516731933E+07  2.59434811977E+05 -2.30700239251E+02   4.21706408              400  0.10972    
      139800 -0.683368966         982081.9        0.000000       -14632.42     -5.98495254910E+07  2.59425502177E+05 -2.30700239524E+02   4.21697086              400  0.10760    
      139900 -0.683306693         982068.8        0.000000       -14638.69     -5.98505291247E+07  2.59429853191E+05 -2.30700238961E+02   4.21699057              400  0.10776    
      140000 -0.683392881         982158.1        0.000000       -14644.20     -5.98529684110E+07  2.59440426173E+05 -2.30700239334E+02   4.21673127              400  0.10977    
      140100 -0.683654082         982165.0        0.000000       -14646.35     -5.98547978980E+07  2.59448355948E+05 -2.30700239665E+02   4.21689947              400  0.10762    
      140200 -0.683692688         982109.0        0.000000       -14647.40     -5.98556108410E+07  2.59451879916E+05 -2.30700239522E+02   4.21708489              400  0.10804    
      140300 -0.683391903         982076.2        0.000000       -14647.59     -5.98526143591E+07  2.59438890694E+05 -2.30700240041E+02   4.21704460              400  0.11006    
      140400 -0.683361103         982093.8        0.000000       -14643.08     -5.98513558697E+07  2.59433435409E+05 -2.30700240219E+02   4.21694900              400  0.10774    
      140500 -0.683660344         982176.8        0.000000       -14639.13     -5.98550069433E+07  2.59449261805E+05 -2.30700239912E+02   4.21679211              400  0.10774    
      140600 -0.683798932         982165.2        0.000000       -14639.04     -5.98571263483E+07  2.59458448927E+05 -2.30700239656E+02   4.21696168              400  0.10796    
      140700 -0.683802771         982176.9        0.000000       -14642.82     -5.98579863216E+07  2.59462176906E+05 -2.30700239377E+02   4.21700350              400  0.10763    
      140800 -0.683491446         982075.4        0.000000       -14644.92     -5.98545049346E+07  2.59447086204E+05 -2.30700239538E+02   4.21710212              400  0.10870    
      140900 -0.683275205         982065.2        0.000000       -14647.93     -5.98529773486E+07  2.59440464981E+05 -2.30700239274E+02   4.21701196              400  0.10771    
      141000 -0.683093210         982016.3        0.000000       -14654.47     -5.98517096902E+07  2.59434970104E+05 -2.30700239317E+02   4.21708366              400  0.10802    
      141100 -0.683064960         982084.8        0.000000       -14646.28     -5.98496162035E+07  2.59425894797E+05 -2.30700240045E+02   4.21682494              400  0.11310    
      141200 -0.683493058         982156.2        0.000000       -14643.39     -5.98533596286E+07  2.59442120464E+05 -2.30700240661E+02   4.21677026              400  0.10765    
      141300 -0.683791079         982177.2        0.000000       -14648.26     -5.98576946291E+07  2.59460910743E+05 -2.30700240964E+02   4.21690554              400  0.10794    
      141400 -0.683812309         982147.5        0.000000       -14645.94     -5.98574754891E+07  2.59459960501E+05 -2.30700241276E+02   4.21712932              400  0.11242    
      141500 -0.683519466         982091.7        0.000000       -14642.15     -5.98532786971E+07  2.59441769102E+05 -2.30700241153E+02   4.21706746              400  0.10769    
      141600 -0.683323507         982033.8        0.000000       -14639.02     -5.98512715644E+07  2.59433069024E+05 -2.30700241067E+02   4.21708335              400  0.10781    
      141700 -0.682984955         982046.1        0.000000       -14639.19     -5.98490050232E+07  2.59423244581E+05 -2.30700240913E+02   4.21686396              400  0.10941    
      141800 -0.683345766         982119.5        0.000000       -14641.78     -5.98532576377E+07  2.59441678165E+05 -2.30700240844E+02   4.21684835              400  0.10753    
      141900 -0.683669431         982164.7        0.000000       -14634.85     -5.98547551661E+07  2.59448168885E+05 -2.30700241298E+02   4.21697755              400  0.11162    
      142000 -0.683716574         982133.2        0.000000       -14639.30     -5.98553336905E+07  2.59450676563E+05 -2.30700241308E+02   4.21704452              400  0.10762    
      142100 -0.683802482         982191.0        0.000000       -14640.01     -5.98559495269E+07  2.59453346347E+05 -2.30700240987E+02   4.21693470              400  0.10769    
      142200 -0.683877014         982167.2        0.000000       -14642.51     -5.98562784264E+07  2.59454772430E+05 -2.30700240608E+02   4.21708494              400  0.10842    
      142300 -0.683676190         982154.9        0.000000       -14641.65     -5.98520391072E+07  2.59436396955E+05 -2.30700240251E+02   4.21705142              400  0.10763    
      142400 -0.683580249         982099.9        0.000000       -14641.29     -5.98496926949E+07  2.59426226024E+05 -2.30700240343E+02   4.21701917              400  0.10779    
      142500 -0.683566951         982118.2        0.000000       -14642.52     -5.98513140553E+07  2.59433253555E+05 -2.30700240756E+02   4.21695923              400  0.10948    
      142600 -0.683387043         982073.7        0.000000       -14639.45     -5.98496455226E+07  2.59426021012E+05 -2.30700240821E+02   4.21705634              400  0.10769    
      142700 -0.683334259         982088.5        0.000000       -14634.48     -5.98477852961E+07  2.59417957616E+05 -2.30700240824E+02   4.21704750              400  0.10791    
      142800 -0.683366579         982078.3        0.000000       -14637.15     -5.98463125868E+07  2.59411574101E+05 -2.30700240705E+02   4.21697655              400  0.10863    
      142900 -0.683466401         982138.4        0.000000       -14636.69     -5.98485649438E+07  2.59421337841E+05 -2.30700240165E+02   4.21683684              400  0.10769    
      143000 -0.683662785         982161.8        0.000000       -14636.43     -5.98516929153E+07  2.59434896604E+05 -2.30700240016E+02   4.21690074              400  0.10759    
      143100 -0.683786374         982195.4        0.000000       -14633.05     -5.98535914226E+07  2.59443126270E+05 -2.30700239714E+02   4.21695106              400  0.11217    
      143200 -0.683739894         982132.0        0.000000       -14629.76     -5.98525641843E+07  2.59438673644E+05 -2.30700239650E+02   4.21703716              400  0.10769    
      143300 -0.683666220         982148.6        0.000000       -14629.83     -5.98527527346E+07  2.59439490947E+05 -2.30700239644E+02   4.21697015              400  0.10831    
      143400 -0.683545295         982105.0        0.000000       -14631.71     -5.98512342698E+07  2.59432909566E+05 -2.30700239109E+02   4.21704627              400  0.10934    
      143500 -0.683339582         982064.3        0.000000       -14635.12     -5.98499412098E+07  2.59427303884E+05 -2.30700239773E+02   4.21691706              400  0.10789    
      143600 -0.683104001         982032.0        0.000000       -14633.21     -5.98482842317E+07  2.59420121599E+05 -2.30700239684E+02   4.21697163              400  0.11263    
      143700 -0.683204660         982069.0        0.000000       -14634.61     -5.98494956613E+07  2.59425373365E+05 -2.30700239089E+02   4.21692354              400  0.10764    
      143800 -0.683263008         982081.5        0.000000       -14635.09     -5.98502626991E+07  2.59428698800E+05 -2.30700238547E+02   4.21696129              400  0.10770    
      143900 -0.683337370         982080.4        0.000000       -14637.98     -5.98515878366E+07  2.59434442833E+05 -2.30700238500E+02   4.21703705              400  0.11002    
      144000 -0.683326905         982077.9        0.000000       -14635.98     -5.98501943487E+07  2.59428402316E+05 -2.30700238734E+02   4.21696041              400  0.10767    
      144100 -0.683377036         982067.1        0.000000       -14632.51     -5.98497419036E+07  2.59426440475E+05 -2.30700239320E+02   4.21706279              400  0.10800    
      144200 -0.683271850         982088.1        0.000000       -14637.77     -5.98490300966E+07  2.59423354578E+05 -2.30700239745E+02   4.21692015              400  0.10853    
      144300 -0.683387960         982089.2        0.000000       -14642.97     -5.98509297917E+07  2.59431588801E+05 -2.30700239968E+02   4.21701906              400  0.10766    
      144400 -0.683400606         982074.9        0.000000       -14641.75     -5.98501784095E+07  2.59428332286E+05 -2.30700239569E+02   4.21709417              400  0.11405    
      144500 -0.683430795         982110.0        0.000000       -14641.56     -5.98492348883E+07  2.59424242452E+05 -2.30700239587E+02   4.21691633              400  0.10764    
      144600 -0.683629368         982130.4        0.000000       -14643.00     -5.98519159270E+07  2.59435864765E+05 -2.30700238693E+02   4.21701748              400  0.10775    
      144700 -0.683484201         982110.8        0.000000       -14642.61     -5.98503585016E+07  2.59429114391E+05 -2.30700238260E+02   4.21700322              400  0.10847    
      144800 -0.683567889         982125.5        0.000000       -14643.74     -5.98512447601E+07  2.59432956162E+05 -2.30700238110E+02   4.21691429              400  0.10763    
      144900 -0.683425396         982084.3        0.000000       -14642.32     -5.98507115479E+07  2.59430644883E+05 -2.30700238112E+02   4.21704776              400  0.10772    
      145000 -0.683295023         982094.3        0.000000       -14643.65     -5.98489533623E+07  2.59423023218E+05 -2.30700238629E+02   4.21686871              400  0.11118    
      145100 -0.683498506         982141.9        0.000000       -14641.45     -5.98514641129E+07  2.59433905856E+05 -2.30700239104E+02   4.21688669              400  0.10772    
      145200 -0.683629983         982116.0        0.000000       -14643.98     -5.98527561739E+07  2.59439505917E+05 -2.30700239589E+02   4.21704516              400  0.10840    
      145300 -0.683494754         982114.7        0.000000       -14643.05     -5.98513610327E+07  2.59433458428E+05 -2.30700239650E+02   4.21698037              400  0.10837    
      145400 -0.683502526         982116.1        0.000000       -14645.45     -5.98521764333E+07  2.59436992822E+05 -2.30700239709E+02   4.21692759              400  0.10804    
      145500 -0.683402207         982095.3        0.000000       -14647.27     -5.98525030152E+07  2.59438409217E+05 -2.30700239012E+02   4.21694482              400  0.10938    
      145600 -0.683451337         982114.4        0.000000       -14645.56     -5.98534222029E+07  2.59442393211E+05 -2.30700239318E+02   4.21696841              400  0.10760    
      145700 -0.683655193         982149.8        0.000000       -14642.48     -5.98546447901E+07  2.59447691894E+05 -2.30700240010E+02   4.21696922              400  0.10767    
      145800 -0.683502132         982096.0        0.000000       -14646.67     -5.98533946093E+07  2.59442272622E+05 -2.30700240190E+02   4.21698392              400  0.10989    
      145900 -0.683352499         982082.4        0.000000       -14648.85     -5.98514142623E+07  2.59433688495E+05 -2.30700240241E+02   4.21698912              400  0.10766    
      146000 -0.683493019         982129.3        0.000000       -14646.79     -5.98527207519E+07  2.59439351430E+05 -2.30700240430E+02   4.21688462              400  0.11223    
      146100 -0.683444710         982072.6        0.000000       -14641.91     -5.98522675390E+07  2.59437387196E+05 -2.30700240185E+02   4.21712701              400  0.10981    
      146200 -0.683378550         982092.4        0.000000       -14637.80     -5.98511183322E+07  2.59432405246E+05 -2.30700240687E+02   4.21701245              400  0.10772    
      146300 -0.683534946         982134.8        0.000000       -14638.28     -5.98514203910E+07  2.59433714173E+05 -2.30700241030E+02   4.21690242              400  0.10830    
      146400 -0.683562286         982128.5        0.000000       -14631.91     -5.98515165126E+07  2.59434130616E+05 -2.30700241216E+02   4.21693663              400  0.11151    
      146500 -0.683534940         982132.7        0.000000       -14626.78     -5.98513583435E+07  2.59433444715E+05 -2.30700241479E+02   4.21702428              400  0.10780    
      146600 -0.683768165         982198.1        0.000000       -14622.84     -5.98519225161E+07  2.59435890545E+05 -2.30700241167E+02   4.21683386              400  0.10948    
      146700 -0.683776791         982161.4        0.000000       -14616.22     -5.98512247713E+07  2.59432866168E+05 -2.30700241089E+02   4.21708138              400  0.10756    
      146800 -0.683645620         982149.1        0.000000       -14615.56     -5.98485224136E+07  2.59421152503E+05 -2.30700241042E+02   4.21692546              400  0.11271    
      146900 -0.683691832         982156.1        0.000000       -14612.38     -5.98479060332E+07  2.59418480710E+05 -2.30700241053E+02   4.21706559              400  0.10866    
      147000 -0.683764288         982155.3        0.000000       -14616.67     -5.98471030746E+07  2.59415000269E+05 -2.30700240975E+02   4.21709024              400  0.10762    
      147100 -0.683588709         982123.1        0.000000       -14614.50     -5.98448581036E+07  2.59405269593E+05 -2.30700240583E+02   4.21700004              400  0.10765    
      147200 -0.683547364         982110.3        0.000000       -14614.00     -5.98443728228E+07  2.59403166337E+05 -2.30700240355E+02   4.21707784              400  0.10934    
      147300 -0.683427919         982087.2        0.000000       -14614.55     -5.98409179603E+07  2.59388190624E+05 -2.30700240502E+02   4.21706956              400  0.10753    
      147400 -0.683298629         982067.3        0.000000       -14613.36     -5.98386688084E+07  2.59378441333E+05 -2.30700240548E+02   4.21707258              400  0.10775    
      147500 -0.683327129         982072.0        0.000000       -14613.56     -5.98373341844E+07  2.59372656563E+05 -2.30700240254E+02   4.21705420              400  0.11139    
      147600 -0.683294015         982091.8        0.000000       -14613.13     -5.98368800500E+07  2.59370689080E+05 -2.30700239345E+02   4.21691405              400  0.10759    
      147700 -0.683585054         982159.8        0.000000       -14616.12     -5.98401859943E+07  2.59385019602E+05 -2.30700238919E+02   4.21681981              400  0.11488    
      147800 -0.683790649         982182.4        0.000000       -14619.30     -5.98422228004E+07  2.59393848371E+05 -2.30700238946E+02   4.21700485              400  0.10758    
      147900 -0.683747971         982132.4        0.000000       -14619.81     -5.98405108288E+07  2.59386426794E+05 -2.30700239671E+02   4.21709116              400  0.10764    
      148000 -0.683621530         982141.8        0.000000       -14616.14     -5.98393427869E+07  2.59381363303E+05 -2.30700240082E+02   4.21702015              400  0.10850    
      148100 -0.683676689         982127.2        0.000000       -14616.48     -5.98395847072E+07  2.59382412199E+05 -2.30700239850E+02   4.21704286              400  0.10760    
      148200 -0.683662921         982146.4        0.000000       -14617.06     -5.98404604580E+07  2.59386208059E+05 -2.30700240023E+02   4.21695195              400  0.10771    
      148300 -0.683587922         982110.4        0.000000       -14623.15     -5.98410536004E+07  2.59388779325E+05 -2.30700239833E+02   4.21703859              400  0.10833    
      148400 -0.683470284         982073.9        0.000000       -14623.37     -5.98405301960E+07  2.59386510787E+05 -2.30700239633E+02   4.21706508              400  0.10748    
      148500 -0.683187580         982017.6        0.000000       -14622.15     -5.98386001793E+07  2.59378144967E+05 -2.30700239555E+02   4.21705490              400  0.10838    
      148600 -0.683101228         982058.9        0.000000       -14620.62     -5.98389411828E+07  2.59379622717E+05 -2.30700239888E+02   4.21683904              400  0.11156    
      148700 -0.683213056         982057.0        0.000000       -14619.85     -5.98417254019E+07  2.59391690533E+05 -2.30700240547E+02   4.21693340              400  0.10764    
      148800 -0.683319248         982086.6        0.000000       -14617.89     -5.98423092188E+07  2.59394220292E+05 -2.30700241322E+02   4.21694558              400  0.10820    
      148900 -0.683531675         982109.5        0.000000       -14623.36     -5.98454147318E+07  2.59407681517E+05 -2.30700241341E+02   4.21696277              400  0.10904    
      149000 -0.683489680         982112.2        0.000000       -14628.33     -5.98448613598E+07  2.59405283150E+05 -2.30700241078E+02   4.21698966              400  0.10875    
      149100 -0.683425046         982112.2        0.000000       -14624.04     -5.98439022392E+07  2.59401125553E+05 -2.30700241225E+02   4.21692570              400  0.10818    
      149200 -0.683320011         982051.3        0.000000       -14622.74     -5.98421036021E+07  2.59393328800E+05 -2.30700241517E+02   4.21708739              400  0.10765    
      149300 -0.683161829         982047.5        0.000000       -14623.41     -5.98417376779E+07  2.59391742826E+05 -2.30700241364E+02   4.21694112              400  0.10797    
      149400 -0.683184544         982056.9        0.000000       -14628.52     -5.98438733782E+07  2.59401000235E+05 -2.30700241418E+02   4.21689544              400  0.10961    
      149500 -0.683332320         982106.4        0.000000       -14628.09     -5.98464089258E+07  2.59411990962E+05 -2.30700241357E+02   4.21686338              400  0.10767    
      149600 -0.683438338         982066.7        0.000000       -14626.28     -5.98477826877E+07  2.59417946270E+05 -2.30700240859E+02   4.21710497              400  0.10748    
      149700 -0.683250827         982058.5        0.000000       -14622.32     -5.98456283641E+07  2.59408608746E+05 -2.30700240263E+02   4.21708950              400  0.10802    
      149800 -0.683306890         982068.3        0.000000       -14623.17     -5.98457920181E+07  2.59409318529E+05 -2.30700239904E+02   4.21694572              400  0.10758    
      149900 -0.683531141         982129.6        0.000000       -14627.83     -5.98490024298E+07  2.59423234980E+05 -2.30700239454E+02   4.21693210              400  0.10970    
      150000 -0.683547239         982115.4        0.000000       -14629.43     -5.98496895759E+07  2.59426212863E+05 -2.30700240024E+02   4.21700426              400  0.10778    
      150100 -0.683361681         982063.0        0.000000       -14621.34     -5.98466204373E+07  2.59412909242E+05 -2.30700240062E+02   4.21711884              400  0.10766    
      150200 -0.683216480         982032.6        0.000000       -14627.70     -5.98443140871E+07  2.59402912647E+05 -2.30700239548E+02   4.21706737              400  0.11680    
      150300 -0.683289857         982106.5        0.000000       -14633.60     -5.98443840489E+07  2.59403216107E+05 -2.30700239369E+02   4.21683860              400  0.10768    
      150400 -0.683462450         982129.5        0.000000       -14631.63     -5.98456431373E+07  2.59408673327E+05 -2.30700239779E+02   4.21693139              400  0.10767    
      150500 -0.683473800         982077.0        0.000000       -14628.33     -5.98447609837E+07  2.59404849663E+05 -2.30700239650E+02   4.21706504              400  0.10900    
      150600 -0.683337985         982075.1        0.000000       -14622.91     -5.98423072343E+07  2.59394213140E+05 -2.30700240032E+02   4.21697933              400  0.10758    
      150700 -0.683330735         982089.7        0.000000       -14625.89     -5.98429929835E+07  2.59397185127E+05 -2.30700240460E+02   4.21693288              400  0.10786    
      150800 -0.683389251         982100.2        0.000000       -14624.42     -5.98440002109E+07  2.59401551017E+05 -2.30700240520E+02   4.21690106              400  0.10814    
      150900 -0.683192732         982040.1        0.000000       -14622.44     -5.98428717970E+07  2.59396660032E+05 -2.30700240279E+02   4.21705038              400  0.10756    
      151000 -0.683299702         982086.7        0.000000       -14626.80     -5.98448422140E+07  2.59405201353E+05 -2.30700240018E+02   4.21691148              400  0.10893    
      151100 -0.683458795         982139.9        0.000000       -14633.61     -5.98476882764E+07  2.59417538105E+05 -2.30700239905E+02   4.21679863              400  0.11428    
      151200 -0.683603430         982090.5        0.000000       -14637.94     -5.98494292880E+07  2.59425084837E+05 -2.30700239823E+02   4.21712990              400  0.10766    
      151300 -0.683320876         982076.5        0.000000       -14636.20     -5.98464960663E+07  2.59412370917E+05 -2.30700239371E+02   4.21705681              400  0.10874    
      151400 -0.683412448         982083.4        0.000000       -14630.30     -5.98466227519E+07  2.59412920535E+05 -2.30700238942E+02   4.21705731              400  0.10758    
      151500 -0.683301582         982069.1        0.000000       -14627.00     -5.98441214038E+07  2.59402078658E+05 -2.30700238462E+02   4.21706168              400  0.10875    
      151600 -0.683379278         982127.2        0.000000       -14624.79     -5.98437835138E+07  2.59400613983E+05 -2.30700238503E+02   4.21687486              400  0.10885    
      151700 -0.683456471         982108.5        0.000000       -14626.29     -5.98444783217E+07  2.59403625160E+05 -2.30700238999E+02   4.21695933              400  0.10765    
      151800 -0.683388087         982110.2        0.000000       -14624.23     -5.98432501497E+07  2.59398301012E+05 -2.30700239425E+02   4.21692543              400  0.10788    
      151900 -0.683600929         982145.6        0.000000       -14626.39     -5.98463866059E+07  2.59411896364E+05 -2.30700239444E+02   4.21688367              400  0.10968    
      152000 -0.683643211         982155.2        0.000000       -14627.31     -5.98472176945E+07  2.59415498624E+05 -2.30700239623E+02   4.21697358              400  0.10896    
      152100 -0.683791874         982167.1        0.000000       -14632.08     -5.98481907123E+07  2.59419715992E+05 -2.30700239893E+02   4.21694722              400  0.11225    
      152200 -0.683586731         982078.0        0.000000       -14632.77     -5.98467644409E+07  2.59413533702E+05 -2.30700239832E+02   4.21715016              400  0.10778    
      152300 -0.683261609         982062.0        0.000000       -14632.70     -5.98441688941E+07  2.59402283396E+05 -2.30700239453E+02   4.21697986              400  0.10770    
      152400 -0.683126504         982005.2        0.000000       -14632.70     -5.98426131496E+07  2.59395539966E+05 -2.30700239323E+02   4.21717402              400  0.11042    
      152500 -0.683114810         982044.5        0.000000       -14629.99     -5.98429730511E+07  2.59397100246E+05 -2.30700239110E+02   4.21699397              400  0.10772    
      152600 -0.683183890         982086.9        0.000000       -14629.05     -5.98419668412E+07  2.59392738400E+05 -2.30700239376E+02   4.21688783              400  0.10762    
      152700 -0.683360820         982092.7        0.000000       -14630.60     -5.98432404791E+07  2.59398258678E+05 -2.30700239794E+02   4.21688897              400  0.10831    
      152800 -0.683484410         982121.2        0.000000       -14631.94     -5.98454184301E+07  2.59407698828E+05 -2.30700240203E+02   4.21698139              400  0.10754    
      152900 -0.683706381         982167.4        0.000000       -14631.84     -5.98468182313E+07  2.59413765661E+05 -2.30700240902E+02   4.21694933              400  0.10768    
      153000 -0.683780391         982162.6        0.000000       -14633.05     -5.98477390759E+07  2.59417757207E+05 -2.30700240879E+02   4.21690038              400  0.11044    
      153100 -0.683482955         982068.9        0.000000       -14630.24     -5.98462857061E+07  2.59411458147E+05 -2.30700240203E+02   4.21719119              400  0.10771    
      153200 -0.683324920         982080.7        0.000000       -14628.19     -5.98441588448E+07  2.59402239636E+05 -2.30700239631E+02   4.21696023              400  0.10762    
      153300 -0.683366830         982090.8        0.000000       -14628.91     -5.98459358763E+07  2.59409942323E+05 -2.30700239708E+02   4.21693641              400  0.10840    
      153400 -0.683391123         982064.2        0.000000       -14630.66     -5.98462871627E+07  2.59411464688E+05 -2.30700240002E+02   4.21699392              400  0.10767    
      153500 -0.683276705         982048.0        0.000000       -14638.72     -5.98473749338E+07  2.59416179546E+05 -2.30700240203E+02   4.21694783              400  0.11174    
      153600 -0.683108397         982045.6        0.000000       -14637.18     -5.98464095429E+07  2.59411994944E+05 -2.30700240195E+02   4.21698869              400  0.10766    
      153700 -0.683301659         982099.4        0.000000       -14639.28     -5.98477854516E+07  2.59417959171E+05 -2.30700240041E+02   4.21682974              400  0.10776    
      153800 -0.683335240         982095.7        0.000000       -14634.86     -5.98485834318E+07  2.59421417834E+05 -2.30700240294E+02   4.21688746              400  0.11078    
      153900 -0.683486987         982118.3        0.000000       -14635.20     -5.98512811332E+07  2.59433110962E+05 -2.30700240656E+02   4.21701783              400  0.10770    
      154000 -0.683476232         982078.6        0.000000       -14632.99     -5.98500136179E+07  2.59427617317E+05 -2.30700240155E+02   4.21708258              400  0.10772    
      154100 -0.683467550         982141.2        0.000000       -14636.78     -5.98511854159E+07  2.59432697438E+05 -2.30700239434E+02   4.21677437              400  0.10947    
      154200 -0.683600527         982123.5        0.000000       -14634.03     -5.98536324128E+07  2.59443304594E+05 -2.30700239139E+02   4.21705838              400  0.10792    
      154300 -0.683476123         982095.7        0.000000       -14633.46     -5.98515460438E+07  2.59434260777E+05 -2.30700239300E+02   4.21707295              400  0.11035    
      154400 -0.683169463         982023.6        0.000000       -14633.95     -5.98479453573E+07  2.59418652237E+05 -2.30700240099E+02   4.21700085              400  0.10926    
      154500 -0.683208923         982082.3        0.000000       -14631.35     -5.98495815704E+07  2.59425744702E+05 -2.30700240021E+02   4.21693660              400  0.10782    
      154600 -0.683588095         982143.7        0.000000       -14631.06     -5.98521105509E+07  2.59436707230E+05 -2.30700239723E+02   4.21698307              400  0.10896    
      154700 -0.683506469         982067.8        0.000000       -14627.96     -5.98496152723E+07  2.59425891262E+05 -2.30700239599E+02   4.21716958              400  0.10771    
      154800 -0.683381771         982070.7        0.000000       -14627.84     -5.98480517711E+07  2.59419113981E+05 -2.30700239673E+02   4.21697343              400  0.10782    
      154900 -0.683410639         982116.2        0.000000       -14630.44     -5.98504492352E+07  2.59429506059E+05 -2.30700239708E+02   4.21687566              400  0.10819    
      155000 -0.683572733         982146.6        0.000000       -14626.73     -5.98518224896E+07  2.59435459256E+05 -2.30700239132E+02   4.21701048              400  0.10928    
      155100 -0.683746913         982157.4        0.000000       -14628.14     -5.98524211758E+07  2.59438054604E+05 -2.30700238896E+02   4.21706008              400  0.11099    
      155200 -0.683703672         982162.4        0.000000       -14632.26     -5.98527225468E+07  2.59439360856E+05 -2.30700238967E+02   4.21683967              400  0.11207    
      155300 -0.683557645         982103.0        0.000000       -14626.41     -5.98535553278E+07  2.59442970825E+05 -2.30700238814E+02   4.21705497              400  0.10762    
      155400 -0.683499663         982144.2        0.000000       -14626.92     -5.98529771211E+07  2.59440464572E+05 -2.30700238761E+02   4.21685857              400  0.10761    
      155500 -0.683823450         982180.0        0.000000       -14630.59     -5.98556876671E+07  2.59452213826E+05 -2.30700238724E+02   4.21702212              400  0.11149    
      155600 -0.683720148         982120.2        0.000000       -14632.55     -5.98546556992E+07  2.59447740368E+05 -2.30700238955E+02   4.21707748              400  0.10755    
      155700 -0.683387990         982095.9        0.000000       -14631.05     -5.98515090521E+07  2.59434101099E+05 -2.30700238706E+02   4.21696003              400  0.10820    
      155800 -0.683451218         982094.5        0.000000       -14638.92     -5.98533358626E+07  2.59442020072E+05 -2.30700238326E+02   4.21696464              400  0.10770    
      155900 -0.683153098         982033.1        0.000000       -14636.77     -5.98497600120E+07  2.59426519824E+05 -2.30700238559E+02   4.21706833              400  0.10774    
      156000 -0.683224549         982090.9        0.000000       -14630.96     -5.98491211266E+07  2.59423750443E+05 -2.30700238604E+02   4.21700444              400  0.10923    
      156100 -0.683390492         982127.3        0.000000       -14632.00     -5.98501648118E+07  2.59428274700E+05 -2.30700238365E+02   4.21681552              400  0.10772    
      156200 -0.683515664         982137.9        0.000000       -14626.41     -5.98516371368E+07  2.59434656766E+05 -2.30700238291E+02   4.21696857              400  0.10845    
      156300 -0.683608496         982140.9        0.000000       -14626.53     -5.98518564800E+07  2.59435608030E+05 -2.30700237853E+02   4.21697783              400  0.10812    
      156400 -0.683732820         982167.2        0.000000       -14621.75     -5.98521841434E+07  2.59437028110E+05 -2.30700238048E+02   4.21700552              400  0.10767    
      156500 -0.683782016         982141.3        0.000000       -14621.15     -5.98510372146E+07  2.59432056591E+05 -2.30700238055E+02   4.21716836              400  0.10761    
      156600 -0.683390765         982027.9        0.000000       -14621.43     -5.98455764202E+07  2.59408385824E+05 -2.30700238275E+02   4.21723230              400  0.11045    
      156700 -0.682912899         981983.6        0.000000       -14621.97     -5.98410985119E+07  2.59388975410E+05 -2.30700238579E+02   4.21701130              400  0.10760    
      156800 -0.683011558         982033.9        0.000000       -14623.28     -5.98431135484E+07  2.59397710050E+05 -2.30700238398E+02   4.21693016              400  0.10986    
      156900 -0.683207462         982066.8        0.000000       -14626.41     -5.98456982301E+07  2.59408913330E+05 -2.30700238716E+02   4.21685584              400  0.11101    
      157000 -0.683451964         982124.2        0.000000       -14627.97     -5.98506690991E+07  2.59430459925E+05 -2.30700238964E+02   4.21682598              400  0.10769    
      157100 -0.683616979         982154.6        0.000000       -14628.00     -5.98531272922E+07  2.59441114455E+05 -2.30700239697E+02   4.21692922              400  0.10968    
      157200 -0.683585469         982097.4        0.000000       -14628.01     -5.98533476548E+07  2.59442069153E+05 -2.30700240135E+02   4.21710272              400  0.10761    
      157300 -0.683389525         982105.3        0.000000       -14628.81     -5.98514735687E+07  2.59433946245E+05 -2.30700239637E+02   4.21688359              400  0.10769    
      157400 -0.683335846         982087.3        0.000000       -14624.98     -5.98516300350E+07  2.59434624164E+05 -2.30700239907E+02   4.21700170              400  0.10929    
      157500 -0.683558061         982155.7        0.000000       -14628.18     -5.98535279499E+07  2.59442851005E+05 -2.30700239833E+02   4.21691271              400  0.10763    
      157600 -0.683567655         982101.4        0.000000       -14623.13     -5.98527523445E+07  2.59439488978E+05 -2.30700239891E+02   4.21702977              400  0.11082    
      157700 -0.683373824         982066.6        0.000000       -14620.50     -5.98507740350E+07  2.59430913841E+05 -2.30700239801E+02   4.21715239              400  0.10911    
      157800 -0.683491841         982172.4        0.000000       -14622.19     -5.98510083232E+07  2.59431929288E+05 -2.30700239895E+02   4.21675752              400  0.10775    
      157900 -0.683833416         982176.9        0.000000       -14625.85     -5.98549741106E+07  2.59449119729E+05 -2.30700239697E+02   4.21693459              400  0.10806    
      158000 -0.683763820         982157.9        0.000000       -14628.30     -5.98554877340E+07  2.59451346298E+05 -2.30700239518E+02   4.21698935              400  0.10765    
      158100 -0.683676595         982167.3        0.000000       -14630.53     -5.98541636408E+07  2.59445606374E+05 -2.30700239936E+02   4.21692836              400  0.10916    
      158200 -0.683801495         982186.0        0.000000       -14635.82     -5.98555282614E+07  2.59451521465E+05 -2.30700239966E+02   4.21687903              400  0.11017    
      158300 -0.683932299         982222.9        0.000000       -14641.92     -5.98574094017E+07  2.59459676138E+05 -2.30700239408E+02   4.21689554              400  0.10760    
      158400 -0.683839347         982137.9        0.000000       -14640.32     -5.98561201132E+07  2.59454087668E+05 -2.30700239303E+02   4.21717319              400  0.11388    
      158500 -0.683464982         982079.9        0.000000       -14636.92     -5.98516533612E+07  2.59434726259E+05 -2.30700239032E+02   4.21709574              400  0.11196    
      158600 -0.683328158         982080.9        0.000000       -14641.71     -5.98509985941E+07  2.59431887521E+05 -2.30700239535E+02   4.21692558              400  0.10772    
      158700 -0.683234642         982065.0        0.000000       -14637.20     -5.98501016148E+07  2.59427999016E+05 -2.30700239920E+02   4.21692703              400  0.10763    
      158800 -0.683413862         982136.8        0.000000       -14634.69     -5.98526287416E+07  2.59438953083E+05 -2.30700240000E+02   4.21678846              400  0.10932    
      158900 -0.683473680         982109.7        0.000000       -14633.78     -5.98530838581E+07  2.59440926235E+05 -2.30700239653E+02   4.21703418              400  0.10756    
      159000 -0.683445027         982091.3        0.000000       -14633.90     -5.98519821435E+07  2.59436150321E+05 -2.30700239999E+02   4.21703311              400  0.10957    
      159100 -0.683434022         982088.1        0.000000       -14637.95     -5.98520791732E+07  2.59436570437E+05 -2.30700240419E+02   4.21699857              400  0.10774    
      159200 -0.683362916         982065.9        0.000000       -14640.49     -5.98525620824E+07  2.59438663786E+05 -2.30700240314E+02   4.21701139              400  0.10749    
      159300 -0.683276279         982081.8        0.000000       -14636.76     -5.98526103379E+07  2.59438872619E+05 -2.30700240614E+02   4.21691235              400  0.11629    
      159400 -0.683429022         982081.6        0.000000       -14642.04     -5.98552133159E+07  2.59450155367E+05 -2.30700240789E+02   4.21705215              400  0.10757    
      159500 -0.683342922         982094.7        0.000000       -14645.93     -5.98553628084E+07  2.59450803291E+05 -2.30700240852E+02   4.21692065              400  0.10800    
      159600 -0.683535017         982115.4        0.000000       -14646.14     -5.98573677929E+07  2.59459494529E+05 -2.30700240520E+02   4.21702932              400  0.10866    
      159700 -0.683667457         982161.5        0.000000       -14641.42     -5.98577681191E+07  2.59461230106E+05 -2.30700240242E+02   4.21698341              400  0.10781    
      159800 -0.683624461         982124.4        0.000000       -14646.35     -5.98578807511E+07  2.59461718692E+05 -2.30700239916E+02   4.21702527              400  0.10753    
      159900 -0.683492676         982126.8        0.000000       -14640.75     -5.98569375894E+07  2.59457630368E+05 -2.30700239975E+02   4.21697342              400  0.10846    
      160000 -0.683703031         982213.2        0.000000       -14645.46     -5.98585261512E+07  2.59464516048E+05 -2.30700240106E+02   4.21672158              400  0.10771    
      160100 -0.683904372         982166.1        0.000000       -14643.67     -5.98618535879E+07  2.59478939475E+05 -2.30700239908E+02   4.21709174              400  0.11036    
      160200 -0.683791205         982166.6        0.000000       -14640.29     -5.98594721815E+07  2.59468617180E+05 -2.30700239714E+02   4.21706478              400  0.10827    
      160300 -0.683737911         982104.0        0.000000       -14641.52     -5.98572352382E+07  2.59458920916E+05 -2.30700239664E+02   4.21722554              400  0.10765    
      160400 -0.683258624         982061.1        0.000000       -14645.16     -5.98520794212E+07  2.59436572482E+05 -2.30700239556E+02   4.21693240              400  0.10831    
      160500 -0.683433039         982120.4        0.000000       -14642.60     -5.98545250340E+07  2.59447172872E+05 -2.30700239943E+02   4.21695380              400  0.10762    
      160600 -0.683580240         982125.5        0.000000       -14645.23     -5.98555957901E+07  2.59451813845E+05 -2.30700240261E+02   4.21703368              400  0.10768    
      160700 -0.683410610         982069.6        0.000000       -14640.98     -5.98536617185E+07  2.59443430323E+05 -2.30700240295E+02   4.21708788              400  0.11045    
      160800 -0.683323665         982099.7        0.000000       -14635.11     -5.98524396070E+07  2.59438133395E+05 -2.30700239875E+02   4.21688834              400  0.10754    
      160900 -0.683316263         982049.8        0.000000       -14632.86     -5.98531785319E+07  2.59441336009E+05 -2.30700240187E+02   4.21707971              400  0.10779    
      161000 -0.683316022         982099.5        0.000000       -14631.85     -5.98540716160E+07  2.59445207047E+05 -2.30700240322E+02   4.21683453              400  0.10888    
      161100 -0.683365231         982075.2        0.000000       -14631.92     -5.98559951986E+07  2.59453544785E+05 -2.30700240570E+02   4.21694639              400  0.10762    
      161200 -0.683255597         982084.8        0.000000       -14633.43     -5.98562529495E+07  2.59454661498E+05 -2.30700241051E+02   4.21686729              400  0.10769    
      161300 -0.683401188         982119.5        0.000000       -14638.25     -5.98579617885E+07  2.59462068647E+05 -2.30700241082E+02   4.21676790              400  0.11016    
      161400 -0.683548407         982136.1        0.000000       -14637.97     -5.98611660034E+07  2.59475958201E+05 -2.30700240664E+02   4.21698706              400  0.10765    
      161500 -0.683472025         982117.3        0.000000       -14631.66     -5.98583721948E+07  2.59463847856E+05 -2.30700240859E+02   4.21701335              400  0.10794    
      161600 -0.683464537         982077.9        0.000000       -14632.19     -5.98576639853E+07  2.59460778121E+05 -2.30700240779E+02   4.21706687              400  0.10745    
      161700 -0.683428840         982124.4        0.000000       -14632.27     -5.98574619064E+07  2.59459902588E+05 -2.30700240420E+02   4.21690517              400  0.10812    
      161800 -0.683565076         982162.4        0.000000       -14632.09     -5.98579256135E+07  2.59461913210E+05 -2.30700239865E+02   4.21679359              400  0.11129    
      161900 -0.683750278         982160.6        0.000000       -14632.03     -5.98600409277E+07  2.59471082381E+05 -2.30700239805E+02   4.21707716              400  0.10958    
      162000 -0.683616641         982125.5        0.000000       -14628.84     -5.98566417955E+07  2.59456348689E+05 -2.30700239550E+02   4.21703445              400  0.10772    
      162100 -0.683568316         982133.6        0.000000       -14639.23     -5.98557089246E+07  2.59452304400E+05 -2.30700240119E+02   4.21692623              400  0.10816    
      162200 -0.683707282         982154.6        0.000000       -14638.82     -5.98559149188E+07  2.59453196245E+05 -2.30700241065E+02   4.21702721              400  0.10752    
      162300 -0.683603872         982132.1        0.000000       -14637.19     -5.98545490033E+07  2.59447275399E+05 -2.30700241162E+02   4.21705577              400  0.11049    
      162400 -0.683592913         982122.3        0.000000       -14639.54     -5.98535829987E+07  2.59443088243E+05 -2.30700241059E+02   4.21694344              400  0.10822    
      162500 -0.683667129         982158.7        0.000000       -14634.20     -5.98557491280E+07  2.59452477048E+05 -2.30700241558E+02   4.21698137              400  0.10763    
      162600 -0.683781028         982151.5        0.000000       -14637.09     -5.98563985931E+07  2.59455292036E+05 -2.30700241739E+02   4.21704813              400  0.10838    
      162700 -0.683584443         982120.5        0.000000       -14640.85     -5.98541424735E+07  2.59445512855E+05 -2.30700241507E+02   4.21697185              400  0.10836    
      162800 -0.683478592         982093.8        0.000000       -14637.50     -5.98534678771E+07  2.59442589188E+05 -2.30700241100E+02   4.21701009              400  0.10756    
      162900 -0.683486265         982116.5        0.000000       -14642.23     -5.98545134912E+07  2.59447122023E+05 -2.30700240668E+02   4.21683360              400  0.10819    
      163000 -0.683413356         982082.7        0.000000       -14644.73     -5.98552652358E+07  2.59450380347E+05 -2.30700240854E+02   4.21703052              400  0.10787    
      163100 -0.683404994         982135.2        0.000000       -14642.07     -5.98548305588E+07  2.59448496054E+05 -2.30700240970E+02   4.21678952              400  0.10768    
      163200 -0.683743532         982167.1        0.000000       -14644.95     -5.98594632940E+07  2.59468577251E+05 -2.30700240963E+02   4.21700918              400  0.11120    
      163300 -0.683690094         982152.5        0.000000       -14642.14     -5.98574146723E+07  2.59459697201E+05 -2.30700240994E+02   4.21697964              400  0.10778    
      163400 -0.683713027         982134.7        0.000000       -14637.12     -5.98571373143E+07  2.59458494688E+05 -2.30700241232E+02   4.21703889              400  0.10940    
      163500 -0.683516504         982095.5        0.000000       -14641.67     -5.98546953475E+07  2.59447909665E+05 -2.30700241235E+02   4.21705572              400  0.10990    
      163600 -0.683365854         982101.9        0.000000       -14644.79     -5.98534164324E+07  2.59442365774E+05 -2.30700241474E+02   4.21691410              400  0.10769    
      163700 -0.683306410         982057.9        0.000000       -14642.59     -5.98527344933E+07  2.59439410077E+05 -2.30700241245E+02   4.21702992              400  0.10953    
      163800 -0.683546404         982142.7        0.000000       -14644.14     -5.98548844266E+07  2.59448729272E+05 -2.30700241218E+02   4.21691823              400  0.10810    
      163900 -0.683680175         982137.3        0.000000       -14648.02     -5.98564087420E+07  2.59455336058E+05 -2.30700241712E+02   4.21699577              400  0.10776    
      164000 -0.683448183         982091.2        0.000000       -14648.59     -5.98537141250E+07  2.59443656016E+05 -2.30700241602E+02   4.21700648              400  0.10845    
      164100 -0.683564955         982159.0        0.000000       -14647.20     -5.98550391772E+07  2.59449399458E+05 -2.30700241751E+02   4.21681397              400  0.10777    
      164200 -0.683824353         982186.6        0.000000       -14638.91     -5.98570322521E+07  2.59458039471E+05 -2.30700241065E+02   4.21709818              400  0.10808    
      164300 -0.683865365         982203.9        0.000000       -14642.07     -5.98551046117E+07  2.59449683789E+05 -2.30700241132E+02   4.21690006              400  0.10959    
      164400 -0.683794066         982133.9        0.000000       -14644.91     -5.98552552548E+07  2.59450336358E+05 -2.30700241499E+02   4.21702542              400  0.10777    
      164500 -0.683533707         982128.3        0.000000       -14646.69     -5.98526209504E+07  2.59438917943E+05 -2.30700241216E+02   4.21687561              400  0.10857    
      164600 -0.683614464         982140.7        0.000000       -14650.15     -5.98549014004E+07  2.59448802507E+05 -2.30700241520E+02   4.21694481              400  0.10854    
      164700 -0.683725514         982165.1        0.000000       -14649.72     -5.98568669644E+07  2.59457322454E+05 -2.30700241559E+02   4.21694211              400  0.10776    
      164800 -0.683733778         982140.3        0.000000       -14648.49     -5.98577526532E+07  2.59461161849E+05 -2.30700241326E+02   4.21696963              400  0.11102    
      164900 -0.683522180         982102.7        0.000000       -14651.24     -5.98568419972E+07  2.59457214181E+05 -2.30700241603E+02   4.21702598              400  0.10782    
      165000 -0.683436380         982081.9        0.000000       -14647.85     -5.98552588790E+07  2.59450352091E+05 -2.30700241478E+02   4.21701910              400  0.10777    
      165100 -0.683344937         982089.2        0.000000       -14653.97     -5.98551395781E+07  2.59449835446E+05 -2.30700241051E+02   4.21694353              400  0.10985    
      165200 -0.683592682         982148.8        0.000000       -14648.29     -5.98571961501E+07  2.59458750150E+05 -2.30700240849E+02   4.21690762              400  0.10763    
      165300 -0.683844573         982197.2        0.000000       -14645.60     -5.98594215864E+07  2.59468397019E+05 -2.30700240469E+02   4.21698915              400  0.10789    
      165400 -0.683837174         982165.6        0.000000       -14644.03     -5.98582479858E+07  2.59463310107E+05 -2.30700240281E+02   4.21702557              400  0.10931    
      165500 -0.683555752         982123.0        0.000000       -14635.99     -5.98555572127E+07  2.59451646028E+05 -2.30700240793E+02   4.21696674              400  0.10770    
      165600 -0.683550826         982142.1        0.000000       -14639.12     -5.98557997529E+07  2.59452696792E+05 -2.30700241288E+02   4.21683799              400  0.10795    
      165700 -0.683529131         982088.5        0.000000       -14634.60     -5.98555119946E+07  2.59451449509E+05 -2.30700241251E+02   4.21720013              400  0.10836    
      165800 -0.683519694         982143.5        0.000000       -14636.47     -5.98557557846E+07  2.59452506107E+05 -2.30700241377E+02   4.21678620              400  0.10760    
      165900 -0.683816659         982206.5        0.000000       -14640.95     -5.98619225775E+07  2.59479236656E+05 -2.30700241564E+02   4.21686244              400  0.10835    
      166000 -0.683956442         982209.8        0.000000       -14643.09     -5.98626250169E+07  2.59482281665E+05 -2.30700241391E+02   4.21700107              400  0.11103    
      166100 -0.684039392         982218.0        0.000000       -14642.16     -5.98638829265E+07  2.59487733926E+05 -2.30700241667E+02   4.21692182              400  0.10765    
      166200 -0.684104353         982233.2        0.000000       -14641.32     -5.98657489615E+07  2.59495822324E+05 -2.30700241820E+02   4.21697301              400  0.10875    
      166300 -0.684128028         982242.0        0.000000       -14638.91     -5.98656285773E+07  2.59495300892E+05 -2.30700241474E+02   4.21694151              400  0.10767    
      166400 -0.683896623         982206.9        0.000000       -14639.81     -5.98635002207E+07  2.59486075818E+05 -2.30700240974E+02   4.21695914              400  0.10804    
      166500 -0.683838908         982181.5        0.000000       -14639.86     -5.98609308166E+07  2.59474938492E+05 -2.30700240896E+02   4.21699568              400  0.11155    
      166600 -0.683765155         982161.8        0.000000       -14642.90     -5.98611850355E+07  2.59476040849E+05 -2.30700240530E+02   4.21703800              400  0.10764    
      166700 -0.683617378         982140.1        0.000000       -14645.72     -5.98595292088E+07  2.59468863773E+05 -2.30700240245E+02   4.21690207              400  0.10800    
      166800 -0.683567172         982096.3        0.000000       -14650.44     -5.98602799389E+07  2.59472118262E+05 -2.30700239933E+02   4.21705435              400  0.10874    
      166900 -0.683297339         982035.8        0.000000       -14651.04     -5.98574017320E+07  2.59459641918E+05 -2.30700240274E+02   4.21716153              400  0.10793    
      167000 -0.683100026         982004.2        0.000000       -14649.56     -5.98544781827E+07  2.59446969365E+05 -2.30700240319E+02   4.21712900              400  0.10768    
      167100 -0.682957710         982036.3        0.000000       -14643.74     -5.98518894887E+07  2.59435747880E+05 -2.30700240725E+02   4.21693636              400  0.10840    
      167200 -0.683216364         982092.9        0.000000       -14646.53     -5.98532383667E+07  2.59441594900E+05 -2.30700240606E+02   4.21690658              400  0.10770    
      167300 -0.683577745         982162.7        0.000000       -14646.76     -5.98556995653E+07  2.59452263062E+05 -2.30700240803E+02   4.21690017              400  0.10930    
      167400 -0.683591462         982123.1        0.000000       -14644.41     -5.98545169420E+07  2.59447136900E+05 -2.30700240740E+02   4.21697868              400  0.10777    
      167500 -0.683574470         982127.2        0.000000       -14644.57     -5.98546614672E+07  2.59447763640E+05 -2.30700240494E+02   4.21696507              400  0.10775    
      167600 -0.683474234         982095.9        0.000000       -14645.14     -5.98539612909E+07  2.59444728751E+05 -2.30700240391E+02   4.21704952              400  0.11414    
      167700 -0.683347391         982100.4        0.000000       -14648.57     -5.98513939645E+07  2.59433600347E+05 -2.30700240387E+02   4.21688952              400  0.10773    
      167800 -0.683335830         982079.9        0.000000       -14652.76     -5.98520759351E+07  2.59436556697E+05 -2.30700240156E+02   4.21691715              400  0.10780    
      167900 -0.683389246         982102.9        0.000000       -14649.55     -5.98538952620E+07  2.59444442793E+05 -2.30700240165E+02   4.21694339              400  0.11289    
      168000 -0.683375538         982085.9        0.000000       -14647.50     -5.98526665546E+07  2.59439116461E+05 -2.30700240469E+02   4.21702705              400  0.10771    
      168100 -0.683214257         982016.3        0.000000       -14651.39     -5.98502686139E+07  2.59428721686E+05 -2.30700240994E+02   4.21711282              400  0.10935    
      168200 -0.683276619         982100.9        0.000000       -14647.68     -5.98518235875E+07  2.59435462080E+05 -2.30700240853E+02   4.21685013              400  0.10868    
      168300 -0.683330710         982068.7        0.000000       -14645.92     -5.98525182587E+07  2.59438473162E+05 -2.30700240905E+02   4.21701289              400  0.10764    
      168400 -0.683392874         982110.3        0.000000       -14643.48     -5.98520902367E+07  2.59436617974E+05 -2.30700240791E+02   4.21687287              400  0.11151    
      168500 -0.683491504         982136.5        0.000000       -14648.01     -5.98537616707E+07  2.59443862715E+05 -2.30700241063E+02   4.21678213              400  0.10780    
      168600 -0.683769492         982191.9        0.000000       -14651.34     -5.98588282667E+07  2.59465824244E+05 -2.30700241317E+02   4.21685216              400  0.10774    
      168700 -0.683922011         982194.4        0.000000       -14649.64     -5.98601306947E+07  2.59471469759E+05 -2.30700241342E+02   4.21694863              400  0.10908    
      168800 -0.683788152         982152.9        0.000000       -14650.39     -5.98587623879E+07  2.59465538869E+05 -2.30700241153E+02   4.21697744              400  0.10756    
      168900 -0.683698690         982128.3        0.000000       -14646.32     -5.98592633257E+07  2.59467710948E+05 -2.30700240531E+02   4.21715239              400  0.10770    
      169000 -0.683391100         982087.7        0.000000       -14643.26     -5.98540607086E+07  2.59445159525E+05 -2.30700240537E+02   4.21706269              400  0.10949    
      169100 -0.683299754         982095.4        0.000000       -14645.20     -5.98523039076E+07  2.59437544895E+05 -2.30700240136E+02   4.21684603              400  0.10770    
      169200 -0.683440580         982123.9        0.000000       -14646.19     -5.98547344454E+07  2.59448080498E+05 -2.30700240027E+02   4.21683116              400  0.11010    
      169300 -0.683398650         982056.8        0.000000       -14648.79     -5.98550479795E+07  2.59449439166E+05 -2.30700240370E+02   4.21715847              400  0.11083    
      169400 -0.683107288         982044.8        0.000000       -14651.85     -5.98521219127E+07  2.59436754672E+05 -2.30700241330E+02   4.21687725              400  0.10778    
      169500 -0.683174723         982085.9        0.000000       -14654.83     -5.98528955720E+07  2.59440107597E+05 -2.30700241864E+02   4.21687509              400  0.11095    
      169600 -0.683308430         982111.6        0.000000       -14652.81     -5.98544645176E+07  2.59446908219E+05 -2.30700242020E+02   4.21674434              400  0.10766    
      169700 -0.683392512         982092.7        0.000000       -14658.85     -5.98572326960E+07  2.59458907390E+05 -2.30700241892E+02   4.21693314              400  0.10774    
      169800 -0.683470280         982128.1        0.000000       -14656.93     -5.98587845341E+07  2.59465633979E+05 -2.30700241940E+02   4.21690805              400  0.10945    
      169900 -0.683681493         982168.1        0.000000       -14660.20     -5.98623935768E+07  2.59481278402E+05 -2.30700241441E+02   4.21679183              400  0.11071    
      170000 -0.683852986         982180.7        0.000000       -14663.90     -5.98650511199E+07  2.59492798374E+05 -2.30700240990E+02   4.21701505              400  0.10827    
      170100 -0.683841148         982170.7        0.000000       -14660.80     -5.98653378144E+07  2.59494041079E+05 -2.30700240998E+02   4.21694527              400  0.10880    
      170200 -0.683738752         982127.2        0.000000       -14660.44     -5.98659625336E+07  2.59496749502E+05 -2.30700240556E+02   4.21700180              400  0.10780    
      170300 -0.683351668         982030.4        0.000000       -14654.94     -5.98628784254E+07  2.59483381196E+05 -2.30700240414E+02   4.21723539              400  0.10892    
      170400 -0.683153660         982071.2        0.000000       -14652.60     -5.98597219025E+07  2.59469698149E+05 -2.30700241028E+02   4.21688963              400  0.10908    
      170500 -0.683242131         982058.2        0.000000       -14653.09     -5.98592566888E+07  2.59467681792E+05 -2.30700240875E+02   4.21705472              400  0.10770    
      170600 -0.683307241         982117.8        0.000000       -14648.03     -5.98587679708E+07  2.59465563110E+05 -2.30700241116E+02   4.21693868              400  0.11205    
      170700 -0.683460580         982116.1        0.000000       -14649.48     -5.98579247834E+07  2.59461908170E+05 -2.30700241148E+02   4.21700982              400  0.10778    
      170800 -0.683450553         982092.8        0.000000       -14652.51     -5.98565459729E+07  2.59455932014E+05 -2.30700240724E+02   4.21707247              400  0.10771    
      170900 -0.683339037         982061.0        0.000000       -14654.38     -5.98548041232E+07  2.59448382059E+05 -2.30700240442E+02   4.21708667              400  0.10888    
      171000 -0.683368378         982119.7        0.000000       -14657.03     -5.98549031072E+07  2.59448811239E+05 -2.30700240334E+02   4.21687365              400  0.10785    
      171100 -0.683736254         982160.9        0.000000       -14654.14     -5.98588841332E+07  2.59466067922E+05 -2.30700239968E+02   4.21693327              400  0.10776    
      171200 -0.683577439         982089.1        0.000000       -14654.52     -5.98572541237E+07  2.59459002142E+05 -2.30700240229E+02   4.21718908              400  0.10892    
      171300 -0.683260740         982049.0        0.000000       -14653.16     -5.98533198974E+07  2.59441948725E+05 -2.30700240233E+02   4.21707410              400  0.10768    
      171400 -0.683109838         982032.4        0.000000       -14649.45     -5.98519417897E+07  2.59435975152E+05 -2.30700240221E+02   4.21690486              400  0.10791    
      171500 -0.683221310         982116.0        0.000000       -14647.57     -5.98537549068E+07  2.59443835041E+05 -2.30700239601E+02   4.21676950              400  0.10873    
      171600 -0.683576594         982144.9        0.000000       -14647.41     -5.98575490356E+07  2.59460281138E+05 -2.30700239640E+02   4.21691939              400  0.10776    
      171700 -0.683599463         982146.8        0.000000       -14643.17     -5.98573627548E+07  2.59459474174E+05 -2.30700239201E+02   4.21699801              400  0.10898    
      171800 -0.683639267         982102.7        0.000000       -14643.05     -5.98569084215E+07  2.59457504507E+05 -2.30700239468E+02   4.21720904              400  0.11202    
      171900 -0.683546682         982124.7        0.000000       -14645.07     -5.98544948405E+07  2.59447042096E+05 -2.30700239852E+02   4.21691411              400  0.10763    
      172000 -0.683586991         982155.9        0.000000       -14642.07     -5.98553837766E+07  2.59450895092E+05 -2.30700240041E+02   4.21690895              400  0.11019    
      172100 -0.683736216         982181.8        0.000000       -14640.96     -5.98572596591E+07  2.59459027036E+05 -2.30700239428E+02   4.21683225              400  0.10771    
      172200 -0.684055142         982252.5        0.000000       -14643.88     -5.98614257038E+07  2.59477085080E+05 -2.30700239620E+02   4.21683303              400  0.10786    
      172300 -0.684013884         982189.6        0.000000       -14643.20     -5.98621449555E+07  2.59480202697E+05 -2.30700239684E+02   4.21698260              400  0.11042    
      172400 -0.683812734         982114.0        0.000000       -14637.22     -5.98596026127E+07  2.59469182878E+05 -2.30700239423E+02   4.21722118              400  0.10766    
      172500 -0.683557535         982149.9        0.000000       -14636.20     -5.98561065705E+07  2.59454028472E+05 -2.30700239742E+02   4.21689229              400  0.10843    
      172600 -0.683651461         982118.3        0.000000       -14633.91     -5.98569227950E+07  2.59457566160E+05 -2.30700240047E+02   4.21703765              400  0.11256    
      172700 -0.683506298         982073.2        0.000000       -14631.10     -5.98560516012E+07  2.59453789432E+05 -2.30700240425E+02   4.21721646              400  0.10764    
      172800 -0.683473109         982144.3        0.000000       -14631.81     -5.98547178089E+07  2.59448007557E+05 -2.30700240763E+02   4.21688388              400  0.11423    
      172900 -0.683687501         982147.6        0.000000       -14627.27     -5.98556561961E+07  2.59452075410E+05 -2.30700240503E+02   4.21705982              400  0.10798    
      173000 -0.683597189         982162.1        0.000000       -14626.73     -5.98533146579E+07  2.59441925878E+05 -2.30700240353E+02   4.21694139              400  0.10768    
      173100 -0.683671726         982114.9        0.000000       -14627.00     -5.98524462359E+07  2.59438161479E+05 -2.30700240453E+02   4.21702619              400  0.10874    
      173200 -0.683458095         982099.1        0.000000       -14628.89     -5.98524205791E+07  2.59438050198E+05 -2.30700240514E+02   4.21700957              400  0.10768    
      173300 -0.683387662         982102.3        0.000000       -14635.76     -5.98523872641E+07  2.59437905639E+05 -2.30700240648E+02   4.21684609              400  0.10766    
      173400 -0.683321633         982096.6        0.000000       -14634.13     -5.98518963021E+07  2.59435777694E+05 -2.30700240476E+02   4.21694944              400  0.11038    
      173500 -0.683509957         982128.6        0.000000       -14633.21     -5.98536477560E+07  2.59443369185E+05 -2.30700240843E+02   4.21690200              400  0.10773    
      173600 -0.683590915         982100.8        0.000000       -14636.78     -5.98553344462E+07  2.59450680634E+05 -2.30700240601E+02   4.21712319              400  0.10759    
      173700 -0.683330716         982076.1        0.000000       -14631.06     -5.98514486331E+07  2.59433837208E+05 -2.30700240482E+02   4.21704064              400  0.10799    
      173800 -0.683430337         982111.7        0.000000       -14630.83     -5.98516422024E+07  2.59434676412E+05 -2.30700240347E+02   4.21693263              400  0.10756    
      173900 -0.683396188         982109.6        0.000000       -14638.82     -5.98527114325E+07  2.59439310921E+05 -2.30700240531E+02   4.21692900              400  0.10891    
      174000 -0.683629301         982156.5        0.000000       -14643.15     -5.98552189330E+07  2.59450180037E+05 -2.30700240503E+02   4.21692526              400  0.10983    
      174100 -0.683790593         982169.7        0.000000       -14640.24     -5.98576708297E+07  2.59460807647E+05 -2.30700240906E+02   4.21702938              400  0.10765    
      174200 -0.683540374         982075.4        0.000000       -14638.34     -5.98550294239E+07  2.59449358454E+05 -2.30700240619E+02   4.21720331              400  0.10973    
      174300 -0.683210381         982050.8        0.000000       -14640.66     -5.98516715253E+07  2.59434803472E+05 -2.30700240386E+02   4.21693999              400  0.11065    
      174400 -0.683288215         982089.0        0.000000       -14637.41     -5.98533013055E+07  2.59441867623E+05 -2.30700240689E+02   4.21688163              400  0.10767    
      174500 -0.683229721         982046.2        0.000000       -14638.71     -5.98523964622E+07  2.59437945903E+05 -2.30700240298E+02   4.21704353              400  0.10927    
      174600 -0.683319658         982103.5        0.000000       -14638.86     -5.98521910393E+07  2.59437055970E+05 -2.30700239854E+02   4.21691198              400  0.10756    
      174700 -0.683468259         982122.0        0.000000       -14635.23     -5.98540933362E+07  2.59445301816E+05 -2.30700239770E+02   4.21690678              400  0.10769    
      174800 -0.683635099         982137.3        0.000000       -14636.65     -5.98557054080E+07  2.59452290083E+05 -2.30700239296E+02   4.21702531              400  0.10807    
      174900 -0.683661002         982169.2        0.000000       -14639.01     -5.98555104982E+07  2.59451445607E+05 -2.30700238952E+02   4.21690715              400  0.10756    
      175000 -0.683710028         982149.5        0.000000       -14637.02     -5.98552591719E+07  2.59450356330E+05 -2.30700238838E+02   4.21699573              400  0.10802    
      175100 -0.683636850         982095.6        0.000000       -14635.46     -5.98547904431E+07  2.59448324392E+05 -2.30700238991E+02   4.21708801              400  0.11134    
      175200 -0.683210330         982054.4        0.000000       -14633.19     -5.98518655783E+07  2.59435646473E+05 -2.30700238737E+02   4.21694087              400  0.10781    
      175300 -0.683300742         982104.5        0.000000       -14627.23     -5.98527173688E+07  2.59439338655E+05 -2.30700238750E+02   4.21698719              400  0.10968    
      175400 -0.683362694         982074.5        0.000000       -14628.68     -5.98525294908E+07  2.59438524427E+05 -2.30700238613E+02   4.21699556              400  0.10773    
      175500 -0.683352524         982087.1        0.000000       -14632.06     -5.98532457893E+07  2.59441629624E+05 -2.30700238339E+02   4.21687507              400  0.10752    
      175600 -0.683304736         982081.0        0.000000       -14628.92     -5.98542184675E+07  2.59445845771E+05 -2.30700238386E+02   4.21698721              400  0.10849    
      175700 -0.683449992         982112.4        0.000000       -14634.14     -5.98559434906E+07  2.59453322016E+05 -2.30700239356E+02   4.21694345              400  0.10754    
      175800 -0.683468926         982087.7        0.000000       -14641.08     -5.98563601269E+07  2.59455127519E+05 -2.30700239765E+02   4.21700254              400  0.10776    
      175900 -0.683368451         982085.5        0.000000       -14642.44     -5.98558083289E+07  2.59452735111E+05 -2.30700240271E+02   4.21695935              400  0.11286    
      176000 -0.683342718         982111.9        0.000000       -14647.02     -5.98558807105E+07  2.59453048953E+05 -2.30700240186E+02   4.21683445              400  0.10861    
      176100 -0.683527273         982141.9        0.000000       -14643.14     -5.98567368257E+07  2.59456760242E+05 -2.30700239878E+02   4.21694372              400  0.10777    
      176200 -0.683637187         982131.4        0.000000       -14643.89     -5.98568994843E+07  2.59457465848E+05 -2.30700239396E+02   4.21698167              400  0.10779    
      176300 -0.683595924         982131.2        0.000000       -14646.49     -5.98579551009E+07  2.59462041655E+05 -2.30700239307E+02   4.21694257              400  0.10770    
      176400 -0.683614664         982122.7        0.000000       -14646.28     -5.98590199912E+07  2.59466657912E+05 -2.30700238994E+02   4.21700318              400  0.10809    
      176500 -0.683586473         982126.0        0.000000       -14648.60     -5.98598580366E+07  2.59470290663E+05 -2.30700238874E+02   4.21691787              400  0.10764    
      176600 -0.683597524         982110.9        0.000000       -14647.12     -5.98609910169E+07  2.59475201285E+05 -2.30700239254E+02   4.21704774              400  0.10756    
      176700 -0.683413953         982092.1        0.000000       -14645.90     -5.98603405477E+07  2.59472381553E+05 -2.30700239423E+02   4.21697558              400  0.11061    
      176800 -0.683411136         982100.0        0.000000       -14644.54     -5.98589080940E+07  2.59466172145E+05 -2.30700239646E+02   4.21701486              400  0.10770    
      176900 -0.683339262         982078.3        0.000000       -14642.69     -5.98565486939E+07  2.59455945170E+05 -2.30700239513E+02   4.21704469              400  0.10819    
      177000 -0.683277695         982096.0        0.000000       -14644.72     -5.98554109732E+07  2.59451014228E+05 -2.30700238931E+02   4.21682326              400  0.10927    
      177100 -0.683431746         982140.1        0.000000       -14646.38     -5.98577552619E+07  2.59461176435E+05 -2.30700238411E+02   4.21684650              400  0.10775    
      177200 -0.683664636         982130.6        0.000000       -14640.03     -5.98599432664E+07  2.59470660271E+05 -2.30700238724E+02   4.21705175              400  0.10768    
      177300 -0.683542630         982124.2        0.000000       -14644.45     -5.98590753977E+07  2.59466897550E+05 -2.30700239464E+02   4.21697278              400  0.10835    
      177400 -0.683420238         982076.9        0.000000       -14647.88     -5.98575777425E+07  2.59460405671E+05 -2.30700239552E+02   4.21699042              400  0.10776    
      177500 -0.683189832         982038.9        0.000000       -14645.51     -5.98558891384E+07  2.59453085856E+05 -2.30700239856E+02   4.21702876              400  0.10916    
      177600 -0.683208502         982088.5        0.000000       -14645.25     -5.98559701259E+07  2.59453436667E+05 -2.30700240070E+02   4.21687691              400  0.11232    
      177700 -0.683374398         982095.0        0.000000       -14640.28     -5.98569109638E+07  2.59457514873E+05 -2.30700240049E+02   4.21701067              400  0.10781    
      177800 -0.683323476         982061.3        0.000000       -14634.56     -5.98550291130E+07  2.59449357861E+05 -2.30700239948E+02   4.21712809              400  0.10838    
      177900 -0.683232921         982091.8        0.000000       -14635.97     -5.98518604484E+07  2.59435622883E+05 -2.30700239941E+02   4.21690279              400  0.10770    
      178000 -0.683547073         982156.5        0.000000       -14636.17     -5.98554812702E+07  2.59451317876E+05 -2.30700239876E+02   4.21685664              400  0.10786    
      178100 -0.683897178         982204.2        0.000000       -14633.33     -5.98585561303E+07  2.59464646747E+05 -2.30700239438E+02   4.21698522              400  0.10978    
      178200 -0.683825518         982132.5        0.000000       -14633.36     -5.98568194131E+07  2.59457118755E+05 -2.30700239408E+02   4.21715788              400  0.10777    
      178300 -0.683557986         982132.0        0.000000       -14632.42     -5.98536977368E+07  2.59443587170E+05 -2.30700239654E+02   4.21693118              400  0.11381    
      178400 -0.683732588         982181.8        0.000000       -14640.72     -5.98560492302E+07  2.59453779980E+05 -2.30700239691E+02   4.21690393              400  0.11019    
      178500 -0.683714387         982143.9        0.000000       -14639.46     -5.98546939695E+07  2.59447905090E+05 -2.30700239992E+02   4.21700475              400  0.10762    
      178600 -0.683573609         982095.0        0.000000       -14639.19     -5.98531968141E+07  2.59441415810E+05 -2.30700239695E+02   4.21714005              400  0.10917    
      178700 -0.683420315         982094.5        0.000000       -14640.12     -5.98512247183E+07  2.59432867525E+05 -2.30700239678E+02   4.21706794              400  0.10778    
      178800 -0.683358542         982074.4        0.000000       -14641.15     -5.98493172139E+07  2.59424598973E+05 -2.30700239880E+02   4.21698917              400  0.10767    
      178900 -0.683448898         982158.6        0.000000       -14634.60     -5.98491269962E+07  2.59423774187E+05 -2.30700240114E+02   4.21686535              400  0.10826    
      179000 -0.683690890         982145.2        0.000000       -14633.68     -5.98504024454E+07  2.59429302525E+05 -2.30700240346E+02   4.21698742              400  0.10764    
      179100 -0.683509790         982083.8        0.000000       -14636.87     -5.98499185872E+07  2.59427205478E+05 -2.30700240081E+02   4.21711236              400  0.11122    
      179200 -0.683367762         982115.7        0.000000       -14631.25     -5.98479676851E+07  2.59418749116E+05 -2.30700240013E+02   4.21695996              400  0.10994    
      179300 -0.683572737         982112.7        0.000000       -14632.40     -5.98488951417E+07  2.59422769297E+05 -2.30700240013E+02   4.21697763              400  0.10774    
      179400 -0.683394725         982059.5        0.000000       -14631.29     -5.98478128141E+07  2.59418077542E+05 -2.30700240250E+02   4.21715709              400  0.11137    
      179500 -0.683271426         982069.9        0.000000       -14627.87     -5.98451874671E+07  2.59406697101E+05 -2.30700240726E+02   4.21707554              400  0.11288    
      179600 -0.683231255         982042.2        0.000000       -14626.78     -5.98429395131E+07  2.59396952874E+05 -2.30700240886E+02   4.21704104              400  0.10749    
      179700 -0.683233098         982093.2        0.000000       -14629.05     -5.98430602525E+07  2.59397475990E+05 -2.30700241103E+02   4.21673684              400  0.10829    
      179800 -0.683314546         982069.2        0.000000       -14628.02     -5.98463193964E+07  2.59411603766E+05 -2.30700240574E+02   4.21698916              400  0.10782    
      179900 -0.683225738         982054.2        0.000000       -14631.50     -5.98462217791E+07  2.59411179966E+05 -2.30700241165E+02   4.21693520              400  0.10763    
      180000 -0.683068051         982015.1        0.000000       -14632.89     -5.98451804270E+07  2.59406665958E+05 -2.30700241284E+02   4.21700908              400  0.11136    
      180100 -0.683040162         982051.5        0.000000       -14640.56     -5.98462002253E+07  2.59411086094E+05 -2.30700241560E+02   4.21674238              400  0.10765    
      180200 -0.683244465         982118.1        0.000000       -14640.52     -5.98495993863E+07  2.59425820797E+05 -2.30700241027E+02   4.21674743              400  0.10753    
      180300 -0.683584784         982161.0        0.000000       -14642.74     -5.98536639945E+07  2.59443439215E+05 -2.30700241160E+02   4.21690977              400  0.11153    
      180400 -0.683613840         982109.4        0.000000       -14645.63     -5.98531107688E+07  2.59441041214E+05 -2.30700241137E+02   4.21716702              400  0.10760    
      180500 -0.683278903         982046.7        0.000000       -14649.48     -5.98487555263E+07  2.59422162978E+05 -2.30700241025E+02   4.21703242              400  0.10768    
      180600 -0.683351893         982094.6        0.000000       -14652.23     -5.98491330792E+07  2.59423799479E+05 -2.30700241070E+02   4.21699734              400  0.10946    
      180700 -0.683394028         982101.6        0.000000       -14655.06     -5.98492361414E+07  2.59424246742E+05 -2.30700240602E+02   4.21689520              400  0.10783    
      180800 -0.683487722         982085.3        0.000000       -14653.03     -5.98512769080E+07  2.59433092844E+05 -2.30700240481E+02   4.21709451              400  0.10956    
      180900 -0.683385906         982097.2        0.000000       -14650.24     -5.98495413850E+07  2.59425569826E+05 -2.30700240633E+02   4.21697016              400  0.10816    
      181000 -0.683532587         982137.2        0.000000       -14651.67     -5.98513792863E+07  2.59433536526E+05 -2.30700240561E+02   4.21689379              400  0.10766    
      181100 -0.683760961         982172.6        0.000000       -14650.85     -5.98535837254E+07  2.59443092691E+05 -2.30700239904E+02   4.21703375              400  0.11404    
      181200 -0.683669175         982153.2        0.000000       -14647.13     -5.98513790819E+07  2.59433536080E+05 -2.30700240170E+02   4.21694846              400  0.10770    
      181300 -0.683568514         982075.5        0.000000       -14649.86     -5.98514634719E+07  2.59433901609E+05 -2.30700240410E+02   4.21706858              400  0.10784    
      181400 -0.683418312         982123.2        0.000000       -14649.19     -5.98523944254E+07  2.59437937033E+05 -2.30700240334E+02   4.21688968              400  0.11178    
      181500 -0.683562542         982146.2        0.000000       -14643.96     -5.98538967112E+07  2.59444448857E+05 -2.30700240359E+02   4.21686138              400  0.10767    
      181600 -0.683580033         982093.3        0.000000       -14648.32     -5.98556333320E+07  2.59451976068E+05 -2.30700240712E+02   4.21700518              400  0.10781    
      181700 -0.683533654         982124.4        0.000000       -14647.29     -5.98557539078E+07  2.59452498697E+05 -2.30700240732E+02   4.21700304              400  0.11397    
      181800 -0.683537644         982114.9        0.000000       -14646.69     -5.98556945975E+07  2.59452241245E+05 -2.30700241055E+02   4.21695949              400  0.10781    
      181900 -0.683410555         982077.8        0.000000       -14645.39     -5.98540310991E+07  2.59445030592E+05 -2.30700241059E+02   4.21704807              400  0.10865    
      182000 -0.683463019         982098.1        0.000000       -14643.57     -5.98546059105E+07  2.59447521995E+05 -2.30700241229E+02   4.21700389              400  0.10765    
      182100 -0.683607535         982159.3        0.000000       -14641.95     -5.98557615540E+07  2.59452531603E+05 -2.30700240943E+02   4.21690072              400  0.10776    
      182200 -0.683773759         982134.9        0.000000       -14640.21     -5.98576100945E+07  2.59460544405E+05 -2.30700240885E+02   4.21718834              400  0.10986    
      182300 -0.683494313         982103.3        0.000000       -14641.87     -5.98535209464E+07  2.59442819441E+05 -2.30700240906E+02   4.21694871              400  0.10757    
      182400 -0.683466887         982077.8        0.000000       -14639.74     -5.98536374637E+07  2.59443324364E+05 -2.30700241027E+02   4.21713656              400  0.10842    
      182500 -0.683339344         982062.6        0.000000       -14635.78     -5.98512936533E+07  2.59433164643E+05 -2.30700241181E+02   4.21705839              400  0.10838    
      182600 -0.683318829         982101.3        0.000000       -14641.70     -5.98517421404E+07  2.59435108407E+05 -2.30700241412E+02   4.21680719              400  0.10751    
      182700 -0.683721626         982183.1        0.000000       -14639.89     -5.98571447681E+07  2.59458526413E+05 -2.30700241752E+02   4.21685900              400  0.10770    
      182800 -0.683867682         982164.9        0.000000       -14641.87     -5.98592382112E+07  2.59467601248E+05 -2.30700241276E+02   4.21703783              400  0.10817    
      182900 -0.683508750         982058.0        0.000000       -14643.69     -5.98565725073E+07  2.59456046804E+05 -2.30700240926E+02   4.21710220              400  0.10768    
      183000 -0.683066168         982037.9        0.000000       -14645.01     -5.98531713248E+07  2.59441303747E+05 -2.30700241096E+02   4.21698264              400  0.10954    
      183100 -0.683245159         982092.4        0.000000       -14643.16     -5.98541120932E+07  2.59445382182E+05 -2.30700240605E+02   4.21692774              400  0.10782    
      183200 -0.683545236         982140.7        0.000000       -14647.15     -5.98570084547E+07  2.59457937086E+05 -2.30700240382E+02   4.21681711              400  0.10771    
      183300 -0.683616793         982125.1        0.000000       -14645.12     -5.98591910227E+07  2.59467397926E+05 -2.30700240189E+02   4.21706476              400  0.10894    
      183400 -0.683551521         982117.2        0.000000       -14648.43     -5.98584698892E+07  2.59464271588E+05 -2.30700240626E+02   4.21701889              400  0.10842    
      183500 -0.683460746         982105.9        0.000000       -14647.01     -5.98554617569E+07  2.59451232626E+05 -2.30700240470E+02   4.21708774              400  0.10787    
      183600 -0.683441351         982098.0        0.000000       -14650.67     -5.98539168845E+07  2.59444536297E+05 -2.30700240363E+02   4.21704176              400  0.10908    
      183700 -0.683349189         982079.1        0.000000       -14651.34     -5.98520215511E+07  2.59436321094E+05 -2.30700240039E+02   4.21700901              400  0.10773    
      183800 -0.683260515         982082.3        0.000000       -14648.85     -5.98505258290E+07  2.59429838079E+05 -2.30700239696E+02   4.21695356              400  0.10765    
      183900 -0.683447792         982095.7        0.000000       -14649.21     -5.98528960723E+07  2.59440112569E+05 -2.30700239372E+02   4.21701280              400  0.10980    
      184000 -0.683466944         982132.4        0.000000       -14649.18     -5.98534438646E+07  2.59442487410E+05 -2.30700239048E+02   4.21681162              400  0.10776    
      184100 -0.683533135         982109.9        0.000000       -14651.50     -5.98551293557E+07  2.59449793040E+05 -2.30700239358E+02   4.21692497              400  0.10849    
      184200 -0.683416056         982089.2        0.000000       -14646.04     -5.98548561683E+07  2.59448608484E+05 -2.30700239705E+02   4.21709563              400  0.10836    
      184300 -0.683525228         982153.0        0.000000       -14648.61     -5.98548320816E+07  2.59448503046E+05 -2.30700240622E+02   4.21681521              400  0.10775    
      184400 -0.683635630         982133.0        0.000000       -14651.55     -5.98549858209E+07  2.59449169280E+05 -2.30700240771E+02   4.21702771              400  0.10851    
      184500 -0.683516236         982124.8        0.000000       -14655.88     -5.98534785616E+07  2.59442635643E+05 -2.30700240974E+02   4.21691792              400  0.10855    
      184600 -0.683465460         982077.0        0.000000       -14651.21     -5.98527400666E+07  2.59439434480E+05 -2.30700241027E+02   4.21710221              400  0.10764    
      184700 -0.683382041         982123.7        0.000000       -14652.58     -5.98520811569E+07  2.59436578610E+05 -2.30700240797E+02   4.21675964              400  0.10956    
      184800 -0.683491626         982131.5        0.000000       -14652.43     -5.98545777366E+07  2.59447400982E+05 -2.30700240242E+02   4.21681052              400  0.10771    
      184900 -0.683505959         982107.1        0.000000       -14654.79     -5.98565976773E+07  2.59456157051E+05 -2.30700239908E+02   4.21693095              400  0.10794    
      185000 -0.683415687         982077.2        0.000000       -14656.45     -5.98565188319E+07  2.59455815431E+05 -2.30700239779E+02   4.21705429              400  0.10872    
      185100 -0.683222258         982051.4        0.000000       -14653.79     -5.98539702207E+07  2.59444768503E+05 -2.30700239462E+02   4.21699184              400  0.10784    
      185200 -0.683280200         982105.0        0.000000       -14651.79     -5.98551736159E+07  2.59449984942E+05 -2.30700239314E+02   4.21681882              400  0.10813    
      185300 -0.683373171         982098.0        0.000000       -14648.29     -5.98562264334E+07  2.59454548456E+05 -2.30700239366E+02   4.21692941              400  0.10850    
      185400 -0.683439489         982113.6        0.000000       -14648.88     -5.98574056798E+07  2.59459661151E+05 -2.30700238389E+02   4.21689138              400  0.10788    
      185500 -0.683613651         982159.5        0.000000       -14650.51     -5.98600361655E+07  2.59471063745E+05 -2.30700238021E+02   4.21698843              400  0.10905    
      185600 -0.683641841         982124.8        0.000000       -14648.62     -5.98588489277E+07  2.59465917295E+05 -2.30700238211E+02   4.21713716              400  0.10801    
      185700 -0.683408035         982066.6        0.000000       -14651.78     -5.98539611212E+07  2.59444730189E+05 -2.30700238457E+02   4.21718726              400  0.10775    
      185800 -0.683224074         982073.9        0.000000       -14652.86     -5.98515863532E+07  2.59434436545E+05 -2.30700238373E+02   4.21690752              400  0.11736    
      185900 -0.683421133         982109.4        0.000000       -14649.98     -5.98541910248E+07  2.59445726584E+05 -2.30700238592E+02   4.21703125              400  0.10757    
      186000 -0.683420310         982103.6        0.000000       -14650.07     -5.98519650773E+07  2.59436077694E+05 -2.30700238800E+02   4.21704722              400  0.10777    
      186100 -0.683538892         982142.6        0.000000       -14649.95     -5.98525497148E+07  2.59438612100E+05 -2.30700238605E+02   4.21694424              400  0.10914    
      186200 -0.683643779         982157.7        0.000000       -14646.55     -5.98527599708E+07  2.59439523050E+05 -2.30700238989E+02   4.21687709              400  0.10763    
      186300 -0.683662580         982127.0        0.000000       -14645.91     -5.98523021751E+07  2.59437538171E+05 -2.30700239437E+02   4.21711546              400  0.10815    
      186400 -0.683473609         982072.6        0.000000       -14644.15     -5.98501230555E+07  2.59428092266E+05 -2.30700239642E+02   4.21709737              400  0.10863    
      186500 -0.683331078         982100.2        0.000000       -14639.42     -5.98483261230E+07  2.59420302648E+05 -2.30700240159E+02   4.21686089              400  0.10775    
      186600 -0.683452996         982117.1        0.000000       -14630.01     -5.98485747528E+07  2.59421379987E+05 -2.30700240496E+02   4.21702543              400  0.11316    
      186700 -0.683667000         982159.6        0.000000       -14625.52     -5.98480311088E+07  2.59419023608E+05 -2.30700240392E+02   4.21701117              400  0.10782    
      186800 -0.683576195         982101.6        0.000000       -14623.69     -5.98467473993E+07  2.59413459774E+05 -2.30700239886E+02   4.21705568              400  0.10753    
      186900 -0.683192565         982031.4        0.000000       -14622.31     -5.98431863816E+07  2.59398024089E+05 -2.30700239879E+02   4.21704487              400  0.10793    
      187000 -0.683220520         982084.3        0.000000       -14622.91     -5.98432174608E+07  2.59398158312E+05 -2.30700240319E+02   4.21692449              400  0.10769    
      187100 -0.683424825         982154.0        0.000000       -14622.99     -5.98450578434E+07  2.59406135587E+05 -2.30700240409E+02   4.21671948              400  0.10777    
      187200 -0.683569503         982131.5        0.000000       -14622.16     -5.98481081770E+07  2.59419358004E+05 -2.30700240096E+02   4.21700105              400  0.10871    
      187300 -0.683593173         982151.2        0.000000       -14618.85     -5.98461699487E+07  2.59410956512E+05 -2.30700240088E+02   4.21693200              400  0.10773    
      187400 -0.683737898         982172.1        0.000000       -14622.83     -5.98487143393E+07  2.59421985299E+05 -2.30700240268E+02   4.21683916              400  0.11204    
      187500 -0.683651909         982119.8        0.000000       -14618.70     -5.98485684136E+07  2.59421352907E+05 -2.30700240142E+02   4.21714190              400  0.11217    
      187600 -0.683486126         982104.6        0.000000       -14619.08     -5.98457160890E+07  2.59408989160E+05 -2.30700240122E+02   4.21705670              400  0.10775    
      187700 -0.683413988         982081.2        0.000000       -14616.31     -5.98432715389E+07  2.59398393194E+05 -2.30700239898E+02   4.21713268              400  0.10909    
      187800 -0.683341608         982089.7        0.000000       -14615.40     -5.98411225143E+07  2.59389078308E+05 -2.30700239597E+02   4.21694515              400  0.10786    
      187900 -0.683375569         982074.8        0.000000       -14614.13     -5.98418114295E+07  2.59392064444E+05 -2.30700239646E+02   4.21698071              400  0.10932    
      188000 -0.683369623         982089.2        0.000000       -14618.01     -5.98427766953E+07  2.59396248270E+05 -2.30700239863E+02   4.21696050              400  0.10987    
      188100 -0.683268302         982066.4        0.000000       -14617.43     -5.98416125787E+07  2.59391202427E+05 -2.30700239711E+02   4.21705306              400  0.10768    
      188200 -0.683468657         982136.0        0.000000       -14613.26     -5.98415095098E+07  2.59390755928E+05 -2.30700239474E+02   4.21696646              400  0.10799    
      188300 -0.683644149         982138.1        0.000000       -14612.60     -5.98428080273E+07  2.59396384767E+05 -2.30700239253E+02   4.21691982              400  0.11369    
      188400 -0.683534085         982086.9        0.000000       -14612.53     -5.98434334692E+07  2.59399096109E+05 -2.30700239002E+02   4.21705578              400  0.10769    
      188500 -0.683243184         982014.0        0.000000       -14608.72     -5.98401816638E+07  2.59385000415E+05 -2.30700239289E+02   4.21723277              400  0.10782    
      188600 -0.683062664         982039.8        0.000000       -14603.88     -5.98374367833E+07  2.59373101800E+05 -2.30700239801E+02   4.21690552              400  0.11117    
      188700 -0.683363334         982129.3        0.000000       -14610.96     -5.98415763971E+07  2.59391045753E+05 -2.30700239569E+02   4.21682647              400  0.10751    
      188800 -0.683628193         982167.2        0.000000       -14612.38     -5.98450119061E+07  2.59405937348E+05 -2.30700239624E+02   4.21692677              400  0.10946    
      188900 -0.683724136         982139.0        0.000000       -14612.57     -5.98451062760E+07  2.59406346300E+05 -2.30700239719E+02   4.21700903              400  0.10780    
      189000 -0.683461512         982067.8        0.000000       -14607.60     -5.98438902682E+07  2.59401075463E+05 -2.30700239625E+02   4.21712568              400  0.10762    
      189100 -0.683436682         982101.3        0.000000       -14601.72     -5.98429104235E+07  2.59396828356E+05 -2.30700239485E+02   4.21696476              400  0.11216    
      189200 -0.683444092         982076.3        0.000000       -14603.36     -5.98433300868E+07  2.59398647625E+05 -2.30700239321E+02   4.21707862              400  0.10800    
      189300 -0.683347706         982071.2        0.000000       -14604.55     -5.98436719438E+07  2.59400129165E+05 -2.30700239573E+02   4.21700033              400  0.10779    
      189400 -0.683128577         982031.0        0.000000       -14600.29     -5.98410397730E+07  2.59388719457E+05 -2.30700239772E+02   4.21699573              400  0.10985    
      189500 -0.683251979         982089.6        0.000000       -14603.55     -5.98429647131E+07  2.59397063285E+05 -2.30700239838E+02   4.21684453              400  0.10871    
      189600 -0.683429337         982095.8        0.000000       -14603.77     -5.98449247060E+07  2.59405559599E+05 -2.30700239418E+02   4.21698126              400  0.10784    
      189700 -0.683550912         982141.1        0.000000       -14612.21     -5.98483495044E+07  2.59420404949E+05 -2.30700239313E+02   4.21687089              400  0.10879    
      189800 -0.683681260         982167.3        0.000000       -14613.27     -5.98502070022E+07  2.59428456952E+05 -2.30700238923E+02   4.21699520              400  0.10765    
      189900 -0.683740135         982138.1        0.000000       -14619.57     -5.98511892215E+07  2.59432713899E+05 -2.30700239465E+02   4.21698751              400  0.11381    
      190000 -0.683552456         982127.5        0.000000       -14622.41     -5.98504136465E+07  2.59429351970E+05 -2.30700239553E+02   4.21693586              400  0.11012    
      190100 -0.683512243         982126.1        0.000000       -14617.99     -5.98498940769E+07  2.59427099623E+05 -2.30700239735E+02   4.21707331              400  0.10766    
      190200 -0.683639945         982143.0        0.000000       -14620.61     -5.98501889782E+07  2.59428378075E+05 -2.30700239589E+02   4.21692043              400  0.10797    
      190300 -0.683475139         982072.3        0.000000       -14626.03     -5.98501366945E+07  2.59428151300E+05 -2.30700239718E+02   4.21709781              400  0.10780    
      190400 -0.683240598         982072.1        0.000000       -14629.66     -5.98466133777E+07  2.59412878840E+05 -2.30700239885E+02   4.21703921              400  0.10748    
      190500 -0.683269960         982064.7        0.000000       -14630.87     -5.98455523928E+07  2.59408279992E+05 -2.30700239772E+02   4.21689874              400  0.10872    
      190600 -0.683282361         982107.8        0.000000       -14630.92     -5.98463563792E+07  2.59411764639E+05 -2.30700240070E+02   4.21683008              400  0.10769    
      190700 -0.683529103         982126.8        0.000000       -14628.50     -5.98492085734E+07  2.59424128260E+05 -2.30700239699E+02   4.21695781              400  0.10825    
      190800 -0.683554849         982112.5        0.000000       -14624.12     -5.98490508675E+07  2.59423445078E+05 -2.30700239331E+02   4.21703280              400  0.10973    
      190900 -0.683502396         982102.2        0.000000       -14624.28     -5.98478550907E+07  2.59418261853E+05 -2.30700239310E+02   4.21706306              400  0.10774    
      191000 -0.683611548         982133.5        0.000000       -14626.70     -5.98493731752E+07  2.59424842406E+05 -2.30700239114E+02   4.21701766              400  0.10896    
      191100 -0.683376574         982077.2        0.000000       -14629.47     -5.98472111951E+07  2.59415471438E+05 -2.30700238746E+02   4.21707418              400  0.10925    
      191200 -0.683384678         982112.8        0.000000       -14635.70     -5.98471396514E+07  2.59415161075E+05 -2.30700238966E+02   4.21688994              400  0.10772    
      191300 -0.683674371         982138.7        0.000000       -14641.46     -5.98506591313E+07  2.59430416262E+05 -2.30700239369E+02   4.21700139              400  0.10994    
      191400 -0.683668455         982161.2        0.000000       -14637.35     -5.98492839575E+07  2.59424455234E+05 -2.30700239511E+02   4.21698083              400  0.10921    
      191500 -0.683411754         982088.0        0.000000       -14637.17     -5.98460447619E+07  2.59410415052E+05 -2.30700239040E+02   4.21704278              400  0.10805    
      191600 -0.683334054         982093.5        0.000000       -14635.31     -5.98457043691E+07  2.59408940240E+05 -2.30700238449E+02   4.21694099              400  0.11385    
      191700 -0.683407282         982089.9        0.000000       -14636.70     -5.98470325453E+07  2.59414697025E+05 -2.30700238775E+02   4.21695641              400  0.10767    
      191800 -0.683271521         982068.2        0.000000       -14636.92     -5.98466956839E+07  2.59413237065E+05 -2.30700238589E+02   4.21693342              400  0.10770    
      191900 -0.683249790         982061.9        0.000000       -14636.95     -5.98476817645E+07  2.59417511701E+05 -2.30700238284E+02   4.21692974              400  0.10911    
      192000 -0.683380547         982117.4        0.000000       -14638.93     -5.98500559683E+07  2.59427802447E+05 -2.30700238771E+02   4.21685710              400  0.10772    
      192100 -0.683629650         982149.8        0.000000       -14635.24     -5.98523322698E+07  2.59437669357E+05 -2.30700238783E+02   4.21696781              400  0.10856    
      192200 -0.683538573         982075.1        0.000000       -14635.23     -5.98507512371E+07  2.59430815946E+05 -2.30700238978E+02   4.21722630              400  0.10793    
      192300 -0.683159283         982028.8        0.000000       -14630.65     -5.98452698456E+07  2.59407056369E+05 -2.30700238780E+02   4.21708180              400  0.10774    
      192400 -0.683207722         982109.8        0.000000       -14638.68     -5.98461710403E+07  2.59410962836E+05 -2.30700238671E+02   4.21666282              400  0.10869    
      192500 -0.683637957         982148.2        0.000000       -14634.68     -5.98528527396E+07  2.59439925747E+05 -2.30700238474E+02   4.21695786              400  0.10826    
      192600 -0.683401055         982059.9        0.000000       -14639.58     -5.98502244850E+07  2.59428532905E+05 -2.30700238770E+02   4.21711352              400  0.10777    
      192700 -0.683231962         982060.6        0.000000       -14636.63     -5.98490609558E+07  2.59423488677E+05 -2.30700239446E+02   4.21698286              400  0.11021    
      192800 -0.683282417         982082.5        0.000000       -14637.27     -5.98498221824E+07  2.59426787721E+05 -2.30700239972E+02   4.21696563              400  0.10769    
      192900 -0.683444828         982117.2        0.000000       -14639.55     -5.98512469242E+07  2.59432963261E+05 -2.30700240139E+02   4.21688759              400  0.10774    
      193000 -0.683656923         982185.0        0.000000       -14640.28     -5.98527124433E+07  2.59439315793E+05 -2.30700240094E+02   4.21676235              400  0.10842    
      193100 -0.683852481         982190.3        0.000000       -14641.52     -5.98552708305E+07  2.59450404889E+05 -2.30700240596E+02   4.21699275              400  0.10978    
      193200 -0.683831531         982183.8        0.000000       -14642.33     -5.98535897094E+07  2.59443117345E+05 -2.30700241047E+02   4.21694237              400  0.11035    
      193300 -0.683617292         982118.5        0.000000       -14639.57     -5.98517381302E+07  2.59435091472E+05 -2.30700241015E+02   4.21707432              400  0.10913    
      193400 -0.683461143         982121.3        0.000000       -14644.80     -5.98500564779E+07  2.59427802038E+05 -2.30700241099E+02   4.21693541              400  0.10768    
      193500 -0.683460190         982110.0        0.000000       -14638.15     -5.98489251023E+07  2.59422898236E+05 -2.30700240839E+02   4.21703127              400  0.10842    
      193600 -0.683610895         982148.5        0.000000       -14635.82     -5.98496484184E+07  2.59426033581E+05 -2.30700240806E+02   4.21694628              400  0.10781    
      193700 -0.683597208         982100.9        0.000000       -14631.58     -5.98491515725E+07  2.59423880567E+05 -2.30700240247E+02   4.21713592              400  0.10777    
      193800 -0.683413464         982101.9        0.000000       -14629.43     -5.98460835715E+07  2.59410582170E+05 -2.30700240024E+02   4.21698646              400  0.10831    
      193900 -0.683431229         982110.7        0.000000       -14629.71     -5.98460725420E+07  2.59410533965E+05 -2.30700240377E+02   4.21701375              400  0.10784    
      194000 -0.683568908         982176.9        0.000000       -14634.23     -5.98471257966E+07  2.59415099369E+05 -2.30700240434E+02   4.21676457              400  0.11200    
      194100 -0.683719873         982142.2        0.000000       -14633.92     -5.98503622992E+07  2.59429128007E+05 -2.30700240790E+02   4.21701331              400  0.10877    
      194200 -0.683574777         982122.9        0.000000       -14635.73     -5.98495591536E+07  2.59425646606E+05 -2.30700240845E+02   4.21696834              400  0.10770    
      194300 -0.683579566         982136.3        0.000000       -14637.70     -5.98508172566E+07  2.59431100610E+05 -2.30700240317E+02   4.21696430              400  0.11053    
      194400 -0.683400114         982047.2        0.000000       -14640.03     -5.98483158176E+07  2.59420258615E+05 -2.30700239592E+02   4.21717105              400  0.10775    
      194500 -0.683261358         982096.1        0.000000       -14638.85     -5.98469474036E+07  2.59414327101E+05 -2.30700239545E+02   4.21687379              400  0.10776    
      194600 -0.683511936         982113.5        0.000000       -14641.48     -5.98493847470E+07  2.59424892089E+05 -2.30700239538E+02   4.21696403              400  0.10846    
      194700 -0.683504402         982126.3        0.000000       -14640.72     -5.98499918933E+07  2.59427524022E+05 -2.30700239379E+02   4.21691285              400  0.10769    
      194800 -0.683482989         982120.8        0.000000       -14638.57     -5.98500986358E+07  2.59427986971E+05 -2.30700239147E+02   4.21696288              400  0.10776    
      194900 -0.683516020         982112.0        0.000000       -14639.59     -5.98507362080E+07  2.59430750378E+05 -2.30700239354E+02   4.21692425              400  0.11260    
      195000 -0.683487498         982099.5        0.000000       -14637.06     -5.98518192949E+07  2.59435445022E+05 -2.30700239475E+02   4.21693993              400  0.11168    
      195100 -0.683328732         982076.8        0.000000       -14637.24     -5.98526089058E+07  2.59438867269E+05 -2.30700239852E+02   4.21692614              400  0.10778    
      195200 -0.683374238         982084.8        0.000000       -14632.74     -5.98547903996E+07  2.59448323840E+05 -2.30700239315E+02   4.21696859              400  0.10915    
      195300 -0.683503551         982149.9        0.000000       -14638.50     -5.98573988729E+07  2.59459630903E+05 -2.30700239049E+02   4.21681175              400  0.10780    
      195400 -0.683719234         982175.5        0.000000       -14641.74     -5.98597649169E+07  2.59469886534E+05 -2.30700239309E+02   4.21683676              400  0.10818    
      195500 -0.683850833         982182.7        0.000000       -14636.41     -5.98621469951E+07  2.59480212095E+05 -2.30700239189E+02   4.21706318              400  0.10796    
      195600 -0.683844322         982184.8        0.000000       -14632.09     -5.98607414424E+07  2.59474119688E+05 -2.30700239062E+02   4.21701086              400  0.10783    
      195700 -0.683813808         982199.7        0.000000       -14636.48     -5.98601480210E+07  2.59471547537E+05 -2.30700238964E+02   4.21690444              400  0.10976    
      195800 -0.683821524         982172.8        0.000000       -14628.98     -5.98605292380E+07  2.59473199735E+05 -2.30700239173E+02   4.21699678              400  0.11107    
      195900 -0.683814996         982187.3        0.000000       -14630.02     -5.98611989736E+07  2.59476102359E+05 -2.30700239557E+02   4.21697525              400  0.10766    
      196000 -0.683867809         982195.5        0.000000       -14631.31     -5.98612155832E+07  2.59476174235E+05 -2.30700239664E+02   4.21698101              400  0.10839    
      196100 -0.683980937         982202.5        0.000000       -14631.63     -5.98621898986E+07  2.59480397911E+05 -2.30700239327E+02   4.21691966              400  0.10784    
      196200 -0.683794216         982161.1        0.000000       -14630.34     -5.98619731902E+07  2.59479458952E+05 -2.30700238978E+02   4.21715422              400  0.10949    
      196300 -0.683799142         982184.1        0.000000       -14629.56     -5.98595495454E+07  2.59468953266E+05 -2.30700239053E+02   4.21695680              400  0.10882    
      196400 -0.683691615         982133.7        0.000000       -14627.09     -5.98589311777E+07  2.59466273016E+05 -2.30700238925E+02   4.21704334              400  0.10765    
      196500 -0.683567107         982119.9        0.000000       -14626.33     -5.98578817214E+07  2.59461723899E+05 -2.30700239025E+02   4.21702725              400  0.10830    
      196600 -0.683705050         982179.0        0.000000       -14626.64     -5.98581013133E+07  2.59462676047E+05 -2.30700238760E+02   4.21695832              400  0.10971    
      196700 -0.683743189         982180.0        0.000000       -14628.40     -5.98573831019E+07  2.59459562178E+05 -2.30700239372E+02   4.21678269              400  0.10778    
      196800 -0.683797263         982213.5        0.000000       -14631.28     -5.98605993017E+07  2.59473503000E+05 -2.30700239561E+02   4.21681738              400  0.10944    
      196900 -0.684106617         982232.5        0.000000       -14624.01     -5.98617493611E+07  2.59478488494E+05 -2.30700239194E+02   4.21711428              400  0.10793    
      197000 -0.683990186         982189.7        0.000000       -14621.93     -5.98580961259E+07  2.59462652618E+05 -2.30700239599E+02   4.21712232              400  0.10749    
      197100 -0.683766477         982133.9        0.000000       -14618.97     -5.98544506576E+07  2.59446850555E+05 -2.30700239874E+02   4.21728440              400  0.10970    
      197200 -0.683545653         982090.0        0.000000       -14614.47     -5.98482113310E+07  2.59419805003E+05 -2.30700240216E+02   4.21711137              400  0.10759    
      197300 -0.683263116         982050.4        0.000000       -14609.25     -5.98448521004E+07  2.59405244629E+05 -2.30700239642E+02   4.21708423              400  0.10757    
      197400 -0.683256415         982090.2        0.000000       -14613.22     -5.98462186432E+07  2.59411168280E+05 -2.30700239469E+02   4.21686645              400  0.11050    
      197500 -0.683531248         982148.2        0.000000       -14614.13     -5.98482384429E+07  2.59419923703E+05 -2.30700239167E+02   4.21692404              400  0.10764    
      197600 -0.683575185         982130.7        0.000000       -14616.80     -5.98490913759E+07  2.59423621342E+05 -2.30700238731E+02   4.21697459              400  0.10772    
      197700 -0.683568843         982133.8        0.000000       -14618.98     -5.98490489770E+07  2.59423437828E+05 -2.30700238491E+02   4.21689432              400  0.10874    
      197800 -0.683537870         982117.1        0.000000       -14614.92     -5.98497628940E+07  2.59426532106E+05 -2.30700238747E+02   4.21705523              400  0.10772    
      197900 -0.683367486         982064.2        0.000000       -14614.68     -5.98459570557E+07  2.59410034847E+05 -2.30700239068E+02   4.21710949              400  0.10869    
      198000 -0.683337422         982080.8        0.000000       -14616.67     -5.98456696498E+07  2.59408788604E+05 -2.30700239464E+02   4.21695370              400  0.10790    
      198100 -0.683480596         982142.8        0.000000       -14620.25     -5.98477782788E+07  2.59417928406E+05 -2.30700239750E+02   4.21681050              400  0.10768    
      198200 -0.683628602         982105.1        0.000000       -14618.33     -5.98497598647E+07  2.59426518024E+05 -2.30700239593E+02   4.21711193              400  0.10822    
      198300 -0.683402876         982076.8        0.000000       -14618.19     -5.98476681103E+07  2.59417451532E+05 -2.30700239158E+02   4.21709876              400  0.10812    
      198400 -0.683331346         982060.2        0.000000       -14614.32     -5.98459663068E+07  2.59410075125E+05 -2.30700238909E+02   4.21706913              400  0.10811    
      198500 -0.683187908         982094.0        0.000000       -14620.91     -5.98450407104E+07  2.59406063120E+05 -2.30700238809E+02   4.21680672              400  0.10815    
      198600 -0.683496190         982146.5        0.000000       -14622.24     -5.98498118501E+07  2.59426744575E+05 -2.30700238513E+02   4.21685861              400  0.10763    
      198700 -0.683626402         982152.5        0.000000       -14622.78     -5.98522793899E+07  2.59437440219E+05 -2.30700238714E+02   4.21693120              400  0.10770    
      198800 -0.683750771         982142.0        0.000000       -14625.75     -5.98545265006E+07  2.59447180328E+05 -2.30700238965E+02   4.21705922              400  0.11007    
      198900 -0.683665728         982139.9        0.000000       -14626.84     -5.98543283091E+07  2.59446320722E+05 -2.30700239428E+02   4.21695803              400  0.10761    
      199000 -0.683725239         982173.7        0.000000       -14627.44     -5.98570587238E+07  2.59458156032E+05 -2.30700239450E+02   4.21681468              400  0.10980    
      199100 -0.683764597         982147.3        0.000000       -14631.89     -5.98600379940E+07  2.59471069701E+05 -2.30700239772E+02   4.21701740              400  0.11084    
      199200 -0.683614910         982114.0        0.000000       -14637.49     -5.98605130319E+07  2.59473128121E+05 -2.30700240389E+02   4.21704286              400  0.10773    
      199300 -0.683346832         982034.4        0.000000       -14638.20     -5.98585454165E+07  2.59464599689E+05 -2.30700239987E+02   4.21709384              400  0.10966    
      199400 -0.683037615         982042.0        0.000000       -14635.46     -5.98559346617E+07  2.59453283474E+05 -2.30700239597E+02   4.21696368              400  0.10788    
      199500 -0.683096291         982054.7        0.000000       -14633.65     -5.98558457560E+07  2.59452898145E+05 -2.30700239557E+02   4.21693496              400  0.10755    
      199600 -0.683516426         982149.3        0.000000       -14635.57     -5.98598051707E+07  2.59470061140E+05 -2.30700239201E+02   4.21686448              400  0.11326    
      199700 -0.683665849         982151.9        0.000000       -14633.29     -5.98603749200E+07  2.59472531316E+05 -2.30700238736E+02   4.21696184              400  0.10758    
      199800 -0.683776100         982184.8        0.000000       -14633.41     -5.98618597505E+07  2.59478967609E+05 -2.30700238644E+02   4.21690775              400  0.10799    
      199900 -0.683813385         982162.8        0.000000       -14637.93     -5.98630025143E+07  2.59483920714E+05 -2.30700238957E+02   4.21702201              400  0.10892    
      200000 -0.683760137         982136.7        0.000000       -14637.64     -5.98621468191E+07  2.59480211647E+05 -2.30700238908E+02   4.21702030              400  0.10763    
      200100 -0.683480979         982097.3        0.000000       -14639.27     -5.98596296554E+07  2.59469300813E+05 -2.30700238786E+02   4.21708965              400  0.10947    
      200200 -0.683352440         982104.3        0.000000       -14637.54     -5.98574173712E+07  2.59459711083E+05 -2.30700239051E+02   4.21691238              400  0.10824    
      200300 -0.683460520         982119.9        0.000000       -14640.94     -5.98582762581E+07  2.59463434142E+05 -2.30700238960E+02   4.21693319              400  0.10771    
      200400 -0.683410851         982116.5        0.000000       -14641.45     -5.98577305879E+07  2.59461069613E+05 -2.30700238295E+02   4.21695330              400  0.11044    
      200500 -0.683496800         982098.3        0.000000       -14639.35     -5.98587358078E+07  2.59465427028E+05 -2.30700238153E+02   4.21707706              400  0.10798    
      200600 -0.683380237         982087.2        0.000000       -14633.63     -5.98561948129E+07  2.59454412048E+05 -2.30700238784E+02   4.21704576              400  0.10771    
      200700 -0.683420346         982118.8        0.000000       -14634.46     -5.98562310305E+07  2.59454568990E+05 -2.30700238826E+02   4.21693976              400  0.11603    
      200800 -0.683484979         982119.8        0.000000       -14633.16     -5.98566114332E+07  2.59456217439E+05 -2.30700239231E+02   4.21700442              400  0.10770    
      200900 -0.683388411         982069.3        0.000000       -14629.64     -5.98544828567E+07  2.59446989985E+05 -2.30700240000E+02   4.21706445              400  0.10784    
      201000 -0.683367007         982098.7        0.000000       -14626.78     -5.98535754332E+07  2.59443056176E+05 -2.30700240413E+02   4.21698170              400  0.10828    
      201100 -0.683393936         982074.8        0.000000       -14626.27     -5.98526856992E+07  2.59439199590E+05 -2.30700240340E+02   4.21702760              400  0.10780    
      201200 -0.683302341         982050.8        0.000000       -14625.52     -5.98516478684E+07  2.59434700926E+05 -2.30700240387E+02   4.21706817              400  0.10952    
      201300 -0.683293162         982097.0        0.000000       -14624.42     -5.98511779726E+07  2.59432663620E+05 -2.30700240816E+02   4.21687613              400  0.10771    
      201400 -0.683379910         982091.9        0.000000       -14630.18     -5.98525976123E+07  2.59438817178E+05 -2.30700240864E+02   4.21698786              400  0.10764    
      201500 -0.683328527         982097.3        0.000000       -14627.39     -5.98506729842E+07  2.59430475005E+05 -2.30700240529E+02   4.21696464              400  0.10993    
      201600 -0.683253090         982046.3        0.000000       -14635.63     -5.98501666339E+07  2.59428280139E+05 -2.30700240551E+02   4.21699732              400  0.11056    
      201700 -0.683131174         982033.6        0.000000       -14633.87     -5.98488678757E+07  2.59422650373E+05 -2.30700240668E+02   4.21702835              400  0.10774    
      201800 -0.683208151         982066.1        0.000000       -14634.09     -5.98502398164E+07  2.59428597079E+05 -2.30700240799E+02   4.21696912              400  0.11011    
      201900 -0.683209863         982072.8        0.000000       -14632.06     -5.98498248848E+07  2.59426798691E+05 -2.30700240634E+02   4.21695048              400  0.10779    
      202000 -0.683341543         982117.6        0.000000       -14629.20     -5.98520819339E+07  2.59436582204E+05 -2.30700240596E+02   4.21684545              400  0.10789    
      202100 -0.683700003         982165.4        0.000000       -14627.02     -5.98559994747E+07  2.59453564087E+05 -2.30700239888E+02   4.21688430              400  0.11098    
      202200 -0.683761130         982177.7        0.000000       -14620.79     -5.98566130675E+07  2.59456223725E+05 -2.30700239941E+02   4.21701814              400  0.10777    
      202300 -0.683595679         982119.0        0.000000       -14621.06     -5.98529680610E+07  2.59440423670E+05 -2.30700240211E+02   4.21700858              400  0.11521    
      202400 -0.683585902         982121.0        0.000000       -14619.00     -5.98526462067E+07  2.59439028781E+05 -2.30700240006E+02   4.21699242              400  0.11320    
      202500 -0.683535508         982125.4        0.000000       -14620.15     -5.98513029411E+07  2.59433206856E+05 -2.30700239443E+02   4.21700247              400  0.10767    
      202600 -0.683629372         982100.5        0.000000       -14621.01     -5.98506994174E+07  2.59430590302E+05 -2.30700239890E+02   4.21716274              400  0.10878    
      202700 -0.683447936         982099.9        0.000000       -14621.41     -5.98477257032E+07  2.59417700079E+05 -2.30700240134E+02   4.21701538              400  0.10791    
      202800 -0.683343044         982076.0        0.000000       -14623.31     -5.98468957877E+07  2.59414102768E+05 -2.30700240076E+02   4.21695551              400  0.10782    
      202900 -0.683485116         982136.4        0.000000       -14623.33     -5.98490557148E+07  2.59423465329E+05 -2.30700240007E+02   4.21689308              400  0.11018    
      203000 -0.683419397         982093.4        0.000000       -14618.95     -5.98474330281E+07  2.59416431283E+05 -2.30700240274E+02   4.21706753              400  0.10827    
      203100 -0.683244610         982020.2        0.000000       -14619.30     -5.98441440374E+07  2.59402174714E+05 -2.30700240287E+02   4.21710052              400  0.10825    
      203200 -0.683149260         982054.2        0.000000       -14621.03     -5.98446725096E+07  2.59404465679E+05 -2.30700240079E+02   4.21693530              400  0.10908    
      203300 -0.683446037         982125.2        0.000000       -14622.26     -5.98477716416E+07  2.59417899275E+05 -2.30700240072E+02   4.21686586              400  0.10766    
      203400 -0.683734899         982193.1        0.000000       -14625.80     -5.98517330252E+07  2.59435070806E+05 -2.30700239714E+02   4.21684791              400  0.11033    
      203500 -0.683831830         982181.6        0.000000       -14626.37     -5.98529950878E+07  2.59440541198E+05 -2.30700239875E+02   4.21695998              400  0.10985    
      203600 -0.683794815         982143.2        0.000000       -14625.99     -5.98527122104E+07  2.59439314792E+05 -2.30700240087E+02   4.21707483              400  0.10762    
      203700 -0.683620649         982151.0        0.000000       -14634.72     -5.98521433367E+07  2.59436848727E+05 -2.30700240272E+02   4.21690364              400  0.10956    
      203800 -0.683569004         982079.3        0.000000       -14630.37     -5.98523886414E+07  2.59437911739E+05 -2.30700240533E+02   4.21716107              400  0.10780    
      203900 -0.683380566         982089.4        0.000000       -14629.94     -5.98497109626E+07  2.59426305142E+05 -2.30700240401E+02   4.21701238              400  0.10812    
      204000 -0.683578176         982140.7        0.000000       -14630.24     -5.98518085428E+07  2.59435397509E+05 -2.30700240281E+02   4.21697442              400  0.10912    
      204100 -0.683762257         982160.1        0.000000       -14634.81     -5.98534916433E+07  2.59442693383E+05 -2.30700240052E+02   4.21695541              400  0.11288    
      204200 -0.683615944         982121.7        0.000000       -14631.44     -5.98527773036E+07  2.59439596864E+05 -2.30700240160E+02   4.21709181              400  0.10801    
      204300 -0.683353654         982092.9        0.000000       -14636.36     -5.98498374315E+07  2.59426854184E+05 -2.30700239649E+02   4.21694117              400  0.10990    
      204400 -0.683419490         982080.7        0.000000       -14637.31     -5.98507008876E+07  2.59430597482E+05 -2.30700239172E+02   4.21702462              400  0.10777    
      204500 -0.683379095         982099.1        0.000000       -14640.24     -5.98509470805E+07  2.59431664140E+05 -2.30700239613E+02   4.21687807              400  0.11089    
      204600 -0.683533118         982121.1        0.000000       -14641.18     -5.98543258916E+07  2.59446310037E+05 -2.30700239610E+02   4.21696823              400  0.10781    
      204700 -0.683517997         982103.7        0.000000       -14647.95     -5.98542717031E+07  2.59446075192E+05 -2.30700239573E+02   4.21701191              400  0.10772    
      204800 -0.683494979         982144.7        0.000000       -14648.95     -5.98542998643E+07  2.59446197429E+05 -2.30700239423E+02   4.21675420              400  0.11121    
      204900 -0.683558701         982081.7        0.000000       -14644.56     -5.98580604382E+07  2.59462498444E+05 -2.30700239137E+02   4.21710589              400  0.10899    
      205000 -0.683273743         982043.3        0.000000       -14648.72     -5.98557115614E+07  2.59452317099E+05 -2.30700238990E+02   4.21708775              400  0.10771    
      205100 -0.683221121         982073.3        0.000000       -14651.65     -5.98565942764E+07  2.59456143125E+05 -2.30700239183E+02   4.21691117              400  0.10930    
      205200 -0.683418379         982127.4        0.000000       -14651.29     -5.98586450965E+07  2.59465031610E+05 -2.30700240125E+02   4.21682146              400  0.10802    
      205300 -0.683534212         982144.4        0.000000       -14647.04     -5.98596076446E+07  2.59469203541E+05 -2.30700240444E+02   4.21695009              400  0.10795    
      205400 -0.683779799         982175.6        0.000000       -14645.44     -5.98599155397E+07  2.59470538562E+05 -2.30700240079E+02   4.21694058              400  0.11345    
      205500 -0.683627490         982129.3        0.000000       -14646.41     -5.98584889065E+07  2.59464354857E+05 -2.30700239882E+02   4.21704857              400  0.10773    
      205600 -0.683475326         982074.8        0.000000       -14646.61     -5.98554423538E+07  2.59451148999E+05 -2.30700240044E+02   4.21715620              400  0.10906    
      205700 -0.683085028         982023.0        0.000000       -14648.75     -5.98499746800E+07  2.59427448659E+05 -2.30700240046E+02   4.21706655              400  0.10815    
      205800 -0.683083411         982039.7        0.000000       -14646.45     -5.98493554573E+07  2.59424764690E+05 -2.30700239928E+02   4.21700045              400  0.10775    
      205900 -0.683280041         982113.0        0.000000       -14650.58     -5.98516224133E+07  2.59434591064E+05 -2.30700239964E+02   4.21674875              400  0.11052    
      206000 -0.683518070         982110.4        0.000000       -14650.54     -5.98561955885E+07  2.59454414314E+05 -2.30700239758E+02   4.21698705              400  0.10771    
      206100 -0.683452296         982102.9        0.000000       -14651.34     -5.98566859205E+07  2.59456539599E+05 -2.30700239867E+02   4.21697761              400  0.10786    
      206200 -0.683499763         982109.3        0.000000       -14655.66     -5.98569796761E+07  2.59457813162E+05 -2.30700239652E+02   4.21695591              400  0.10857    
      206300 -0.683423378         982112.8        0.000000       -14659.56     -5.98562694723E+07  2.59454734633E+05 -2.30700239704E+02   4.21697511              400  0.10835    
      206400 -0.683663786         982171.6        0.000000       -14658.80     -5.98579321606E+07  2.59461941239E+05 -2.30700240177E+02   4.21684364              400  0.10785    
      206500 -0.683845479         982191.8        0.000000       -14654.97     -5.98602404742E+07  2.59471946995E+05 -2.30700240113E+02   4.21697335              400  0.11161    
      206600 -0.683804384         982157.0        0.000000       -14651.33     -5.98585467165E+07  2.59464604552E+05 -2.30700240674E+02   4.21709267              400  0.10779    
      206700 -0.683744219         982150.3        0.000000       -14654.54     -5.98575300941E+07  2.59460197317E+05 -2.30700241166E+02   4.21701458              400  0.10820    
      206800 -0.683616384         982133.3        0.000000       -14651.13     -5.98566355071E+07  2.59456320023E+05 -2.30700240803E+02   4.21697958              400  0.10782    
      206900 -0.683649310         982109.2        0.000000       -14651.61     -5.98567932194E+07  2.59457003984E+05 -2.30700240504E+02   4.21711673              400  0.10777    
      207000 -0.683411219         982079.9        0.000000       -14650.10     -5.98538682496E+07  2.59444325373E+05 -2.30700240460E+02   4.21708941              400  0.11081    
      207100 -0.683254251         982063.6        0.000000       -14652.39     -5.98518565522E+07  2.59435605233E+05 -2.30700240619E+02   4.21699442              400  0.10799    
      207200 -0.683329979         982085.8        0.000000       -14646.73     -5.98515132237E+07  2.59434116868E+05 -2.30700240764E+02   4.21698471              400  0.10771    
      207300 -0.683330258         982065.3        0.000000       -14641.56     -5.98500388965E+07  2.59427725634E+05 -2.30700241272E+02   4.21703478              400  0.11116    
      207400 -0.683487594         982134.9        0.000000       -14644.35     -5.98514617956E+07  2.59433893543E+05 -2.30700241122E+02   4.21686070              400  0.10800    
      207500 -0.683569152         982134.1        0.000000       -14644.50     -5.98530230856E+07  2.59440660948E+05 -2.30700241307E+02   4.21701191              400  0.10776    
      207600 -0.683373043         982021.8        0.000000       -14641.63     -5.98496463470E+07  2.59426024348E+05 -2.30700241032E+02   4.21726055              400  0.11326    
      207700 -0.683095989         982040.2        0.000000       -14644.88     -5.98464497455E+07  2.59412169219E+05 -2.30700240184E+02   4.21693726              400  0.10864    
      207800 -0.683094872         982054.2        0.000000       -14644.96     -5.98459515400E+07  2.59410009489E+05 -2.30700240356E+02   4.21688888              400  0.10974    
      207900 -0.683288529         982085.5        0.000000       -14637.52     -5.98481857223E+07  2.59419693844E+05 -2.30700240353E+02   4.21693892              400  0.10787    
      208000 -0.683455578         982132.6        0.000000       -14635.27     -5.98497588426E+07  2.59426512848E+05 -2.30700240255E+02   4.21687312              400  0.10776    
      208100 -0.683460604         982107.9        0.000000       -14641.20     -5.98510324895E+07  2.59432033685E+05 -2.30700240211E+02   4.21685854              400  0.11450    
      208200 -0.683533341         982116.1        0.000000       -14643.85     -5.98537262940E+07  2.59443709955E+05 -2.30700240542E+02   4.21699148              400  0.10776    
      208300 -0.683595146         982152.2        0.000000       -14644.53     -5.98547727277E+07  2.59448246224E+05 -2.30700240217E+02   4.21681071              400  0.10788    
      208400 -0.683672297         982127.8        0.000000       -14645.47     -5.98557148599E+07  2.59452330421E+05 -2.30700239858E+02   4.21701440              400  0.11281    
      208500 -0.683514661         982119.4        0.000000       -14651.71     -5.98543509720E+07  2.59446418943E+05 -2.30700239440E+02   4.21694422              400  0.10779    
      208600 -0.683483227         982091.7        0.000000       -14651.62     -5.98542799752E+07  2.59446110734E+05 -2.30700239853E+02   4.21704773              400  0.11179    
      208700 -0.683389226         982109.8        0.000000       -14647.68     -5.98524108939E+07  2.59438008323E+05 -2.30700240419E+02   4.21691807              400  0.11146    
      208800 -0.683633471         982174.6        0.000000       -14646.90     -5.98548275636E+07  2.59448483903E+05 -2.30700240229E+02   4.21690154              400  0.10973    
      208900 -0.683742134         982170.2        0.000000       -14655.39     -5.98566892547E+07  2.59456553411E+05 -2.30700240436E+02   4.21682735              400  0.11210    
      209000 -0.683718479         982135.0        0.000000       -14659.75     -5.98572448369E+07  2.59458961193E+05 -2.30700240846E+02   4.21698160              400  0.10861    
      209100 -0.683539613         982107.2        0.000000       -14657.34     -5.98561703161E+07  2.59454303211E+05 -2.30700241142E+02   4.21698855              400  0.10789    
      209200 -0.683388239         982061.8        0.000000       -14652.25     -5.98554777361E+07  2.59451301208E+05 -2.30700241075E+02   4.21709901              400  0.10905    
      209300 -0.683360207         982100.0        0.000000       -14649.50     -5.98560982522E+07  2.59453991106E+05 -2.30700240906E+02   4.21692031              400  0.10797    
      209400 -0.683321133         982063.9        0.000000       -14651.05     -5.98553968015E+07  2.59450950904E+05 -2.30700240616E+02   4.21696982              400  0.10790    
      209500 -0.683249798         982045.8        0.000000       -14644.51     -5.98554459749E+07  2.59451164292E+05 -2.30700240403E+02   4.21717368              400  0.10828    
      209600 -0.683113354         982057.1        0.000000       -14648.66     -5.98529589944E+07  2.59440384089E+05 -2.30700240461E+02   4.21686179              400  0.10768    
      209700 -0.683461178         982125.7        0.000000       -14646.01     -5.98566539339E+07  2.59456400214E+05 -2.30700240520E+02   4.21693974              400  0.10792    
      209800 -0.683461581         982108.6        0.000000       -14645.14     -5.98560362709E+07  2.59453723439E+05 -2.30700240017E+02   4.21696065              400  0.11105    
      209900 -0.683677137         982185.9        0.000000       -14643.56     -5.98574487725E+07  2.59459845938E+05 -2.30700240171E+02   4.21690322              400  0.10886    
      210000 -0.683854000         982193.5        0.000000       -14642.37     -5.98577249856E+07  2.59461043606E+05 -2.30700239827E+02   4.21700002              400  0.10837    
      210100 -0.683666752         982118.0        0.000000       -14646.09     -5.98547719589E+07  2.59448243298E+05 -2.30700239855E+02   4.21710504              400  0.10784    
      210200 -0.683431035         982107.7        0.000000       -14648.68     -5.98533269425E+07  2.59441979598E+05 -2.30700239935E+02   4.21688914              400  0.10876    
      210300 -0.683713225         982148.9        0.000000       -14651.22     -5.98579746669E+07  2.59462126083E+05 -2.30700239648E+02   4.21697778              400  0.10858    
      210400 -0.683651889         982137.1        0.000000       -14645.06     -5.98570604815E+07  2.59458163243E+05 -2.30700239813E+02   4.21702310              400  0.10798    
      210500 -0.683541000         982111.7        0.000000       -14643.10     -5.98563199446E+07  2.59454953052E+05 -2.30700240025E+02   4.21704625              400  0.10777    
      210600 -0.683369153         982084.7        0.000000       -14643.73     -5.98544392622E+07  2.59446801365E+05 -2.30700239692E+02   4.21696024              400  0.11244    
      210700 -0.683435198         982110.8        0.000000       -14642.85     -5.98552965067E+07  2.59450517612E+05 -2.30700239327E+02   4.21695243              400  0.10935    
      210800 -0.683506164         982126.9        0.000000       -14643.06     -5.98559753484E+07  2.59453460489E+05 -2.30700239016E+02   4.21692554              400  0.10838    
      210900 -0.683636732         982162.0        0.000000       -14643.73     -5.98573612579E+07  2.59459467696E+05 -2.30700239191E+02   4.21690152              400  0.10818    
      211000 -0.683907438         982220.3        0.000000       -14648.71     -5.98604389369E+07  2.59472808382E+05 -2.30700239112E+02   4.21688388              400  0.10782    
      211100 -0.683733346         982125.7        0.000000       -14653.27     -5.98591101072E+07  2.59467048020E+05 -2.30700239448E+02   4.21710891              400  0.11222    
      211200 -0.683457564         982096.7        0.000000       -14655.72     -5.98564254865E+07  2.59455411476E+05 -2.30700239190E+02   4.21693143              400  0.10802    
      211300 -0.683367899         982084.4        0.000000       -14653.61     -5.98560567695E+07  2.59453812972E+05 -2.30700239413E+02   4.21705795              400  0.10786    
      211400 -0.683424622         982105.1        0.000000       -14655.71     -5.98559963056E+07  2.59453550619E+05 -2.30700239649E+02   4.21698590              400  0.10971    
      211500 -0.683534259         982094.3        0.000000       -14658.85     -5.98570682800E+07  2.59458197290E+05 -2.30700239596E+02   4.21697834              400  0.10843    
      211600 -0.683494377         982110.4        0.000000       -14656.79     -5.98570685548E+07  2.59458198504E+05 -2.30700239576E+02   4.21705501              400  0.10782    
      211700 -0.683613893         982135.6        0.000000       -14657.93     -5.98570401116E+07  2.59458074983E+05 -2.30700239781E+02   4.21698961              400  0.10861    
      211800 -0.683658443         982142.1        0.000000       -14657.59     -5.98578266113E+07  2.59461484188E+05 -2.30700239763E+02   4.21697862              400  0.10813    
      211900 -0.683547361         982093.4        0.000000       -14654.80     -5.98565617510E+07  2.59456001250E+05 -2.30700239973E+02   4.21713479              400  0.10786    
      212000 -0.683471052         982131.1        0.000000       -14656.35     -5.98549442129E+07  2.59448989998E+05 -2.30700239817E+02   4.21685120              400  0.11073    
      212100 -0.683541260         982136.5        0.000000       -14653.15     -5.98563516283E+07  2.59455090148E+05 -2.30700240238E+02   4.21690944              400  0.10769    
      212200 -0.683640682         982119.5        0.000000       -14659.31     -5.98586244434E+07  2.59464941563E+05 -2.30700240591E+02   4.21706532              400  0.11454    
      212300 -0.683443255         982083.3        0.000000       -14662.00     -5.98568095873E+07  2.59457074972E+05 -2.30700240469E+02   4.21705742              400  0.10827    
      212400 -0.683486824         982130.0        0.000000       -14656.32     -5.98566383943E+07  2.59456332795E+05 -2.30700240574E+02   4.21704667              400  0.10779    
      212500 -0.683519182         982089.4        0.000000       -14652.89     -5.98544810902E+07  2.59446981271E+05 -2.30700240940E+02   4.21710279              400  0.10928    
      212600 -0.683216558         982081.0        0.000000       -14649.49     -5.98502835622E+07  2.59428786429E+05 -2.30700241041E+02   4.21693113              400  0.10786    
      212700 -0.683353867         982113.0        0.000000       -14651.03     -5.98507476460E+07  2.59430797698E+05 -2.30700241364E+02   4.21684034              400  0.10768    
      212800 -0.683515458         982095.9        0.000000       -14652.63     -5.98534130973E+07  2.59442351834E+05 -2.30700241014E+02   4.21697320              400  0.11144    
      212900 -0.683305943         982097.1        0.000000       -14653.22     -5.98534203533E+07  2.59442383263E+05 -2.30700241035E+02   4.21688745              400  0.10793    
      213000 -0.683536107         982105.7        0.000000       -14651.20     -5.98558101160E+07  2.59452742060E+05 -2.30700240980E+02   4.21700891              400  0.10776    
      213100 -0.683537339         982150.9        0.000000       -14649.28     -5.98563807515E+07  2.59455215343E+05 -2.30700241166E+02   4.21680302              400  0.10997    
      213200 -0.683750643         982141.6        0.000000       -14643.42     -5.98596019475E+07  2.59469178101E+05 -2.30700241106E+02   4.21707726              400  0.10763    
      213300 -0.683666080         982154.4        0.000000       -14640.68     -5.98585548593E+07  2.59464639240E+05 -2.30700241215E+02   4.21700703              400  0.10922    
      213400 -0.683721734         982159.5        0.000000       -14639.07     -5.98572276168E+07  2.59458886241E+05 -2.30700241121E+02   4.21696172              400  0.10782    
      213500 -0.683369955         982032.8        0.000000       -14635.50     -5.98532496160E+07  2.59441643139E+05 -2.30700241071E+02   4.21725322              400  0.10775    
      213600 -0.683181675         982060.7        0.000000       -14638.06     -5.98504243403E+07  2.59429397109E+05 -2.30700240633E+02   4.21698180              400  0.10825    
      213700 -0.683389809         982111.8        0.000000       -14645.58     -5.98527965289E+07  2.59439679363E+05 -2.30700240903E+02   4.21682437              400  0.10777    
      213800 -0.683620066         982170.9        0.000000       -14640.94     -5.98555208539E+07  2.59451488215E+05 -2.30700240980E+02   4.21688769              400  0.10762    
      213900 -0.683768324         982169.6        0.000000       -14638.22     -5.98560358272E+07  2.59453720931E+05 -2.30700240538E+02   4.21705144              400  0.11104    
      214000 -0.683813240         982199.7        0.000000       -14639.80     -5.98562884221E+07  2.59454815714E+05 -2.30700240647E+02   4.21681218              400  0.10776    
      214100 -0.683930988         982191.8        0.000000       -14640.49     -5.98587205267E+07  2.59465357577E+05 -2.30700241010E+02   4.21706815              400  0.10777    
      214200 -0.683778371         982174.7        0.000000       -14640.79     -5.98564581107E+07  2.59455550795E+05 -2.30700241052E+02   4.21701139              400  0.11181    
      214300 -0.683653716         982137.6        0.000000       -14638.07     -5.98539801936E+07  2.59444809668E+05 -2.30700241297E+02   4.21700878              400  0.10950    
      214400 -0.683446094         982083.7        0.000000       -14635.44     -5.98506628186E+07  2.59430430390E+05 -2.30700241019E+02   4.21706245              400  0.10986    
      214500 -0.683384827         982071.8        0.000000       -14635.02     -5.98505382195E+07  2.59429890327E+05 -2.30700240994E+02   4.21698520              400  0.10783    
      214600 -0.683438518         982075.0        0.000000       -14634.44     -5.98517025031E+07  2.59434936822E+05 -2.30700241210E+02   4.21715881              400  0.10779    
      214700 -0.683253824         982055.3        0.000000       -14634.32     -5.98492026712E+07  2.59424101511E+05 -2.30700240736E+02   4.21698250              400  0.11064    
      214800 -0.683117974         982010.1        0.000000       -14633.82     -5.98483040215E+07  2.59420205801E+05 -2.30700241089E+02   4.21704576              400  0.11004    
      214900 -0.683051797         982054.5        0.000000       -14634.65     -5.98480562187E+07  2.59419131367E+05 -2.30700241356E+02   4.21681273              400  0.10770    
      215000 -0.683327631         982109.8        0.000000       -14632.96     -5.98512713579E+07  2.59433067610E+05 -2.30700241528E+02   4.21681697              400  0.10959    
      215100 -0.683334903         982058.7        0.000000       -14634.48     -5.98520367952E+07  2.59436385648E+05 -2.30700241393E+02   4.21708687              400  0.10806    
      215200 -0.683320987         982110.2        0.000000       -14631.12     -5.98509426677E+07  2.59431643566E+05 -2.30700240900E+02   4.21684218              400  0.10764    
      215300 -0.683648225         982184.6        0.000000       -14629.32     -5.98536772828E+07  2.59443496802E+05 -2.30700241172E+02   4.21689343              400  0.10976    
      215400 -0.683770552         982135.9        0.000000       -14626.58     -5.98536457461E+07  2.59443360251E+05 -2.30700241040E+02   4.21705716              400  0.10777    
      215500 -0.683307793         982025.0        0.000000       -14622.95     -5.98487065838E+07  2.59421950910E+05 -2.30700240954E+02   4.21720083              400  0.11045    
      215600 -0.683050155         982038.5        0.000000       -14630.09     -5.98472819302E+07  2.59415776094E+05 -2.30700240484E+02   4.21691049              400  0.10785    
      215700 -0.683284827         982120.0        0.000000       -14630.84     -5.98495950646E+07  2.59425802824E+05 -2.30700240351E+02   4.21680991              400  0.10758    
      215800 -0.683504072         982119.4        0.000000       -14631.29     -5.98514963059E+07  2.59434044513E+05 -2.30700239894E+02   4.21685126              400  0.11203    
      215900 -0.683627916         982122.4        0.000000       -14636.57     -5.98542715690E+07  2.59446073883E+05 -2.30700240220E+02   4.21699940              400  0.10797    
      216000 -0.683536348         982120.0        0.000000       -14635.79     -5.98544780692E+07  2.59446968924E+05 -2.30700240274E+02   4.21700402              400  0.10768    
      216100 -0.683497677         982090.4        0.000000       -14637.36     -5.98536780473E+07  2.59443501886E+05 -2.30700239598E+02   4.21704618              400  0.11003    
      216200 -0.683391611         982072.0        0.000000       -14641.10     -5.98524286531E+07  2.59438085859E+05 -2.30700239924E+02   4.21706051              400  0.10786    
      216300 -0.683239861         982030.1        0.000000       -14641.29     -5.98513966362E+07  2.59433612876E+05 -2.30700239544E+02   4.21708162              400  0.10769    
      216400 -0.683377649         982128.3        0.000000       -14644.73     -5.98534730031E+07  2.59442613048E+05 -2.30700239640E+02   4.21683857              400  0.11300    
      216500 -0.683715644         982186.6        0.000000       -14642.23     -5.98577424430E+07  2.59461119487E+05 -2.30700239640E+02   4.21684901              400  0.10771    
      216600 -0.683870175         982194.7        0.000000       -14642.76     -5.98603833687E+07  2.59472566784E+05 -2.30700239762E+02   4.21693177              400  0.10859    
      216700 -0.683846656         982168.8        0.000000       -14640.63     -5.98605532820E+07  2.59473303328E+05 -2.30700239732E+02   4.21702511              400  0.10812    
      216800 -0.683705536         982176.4        0.000000       -14642.89     -5.98588633798E+07  2.59465978258E+05 -2.30700239706E+02   4.21690952              400  0.10763    
      216900 -0.683579656         982132.6        0.000000       -14643.50     -5.98563877310E+07  2.59455247023E+05 -2.30700239898E+02   4.21697910              400  0.11053    
      217000 -0.683372170         982050.4        0.000000       -14641.75     -5.98535410403E+07  2.59442907164E+05 -2.30700240352E+02   4.21722319              400  0.10777    
      217100 -0.683246226         982061.0        0.000000       -14636.86     -5.98504229153E+07  2.59429390567E+05 -2.30700240958E+02   4.21701522              400  0.10767    
      217200 -0.683185789         982054.4        0.000000       -14635.68     -5.98493629699E+07  2.59424796348E+05 -2.30700240734E+02   4.21694024              400  0.11424    
      217300 -0.683190774         982061.0        0.000000       -14634.63     -5.98494798653E+07  2.59425303412E+05 -2.30700240409E+02   4.21693633              400  0.10923    
      217400 -0.683217253         982041.6        0.000000       -14637.85     -5.98503201638E+07  2.59428946122E+05 -2.30700240118E+02   4.21701443              400  0.10881    
      217500 -0.683097668         982021.4        0.000000       -14634.94     -5.98496136889E+07  2.59425883431E+05 -2.30700240459E+02   4.21698677              400  0.11022    
      217600 -0.683117153         982057.3        0.000000       -14632.80     -5.98501684083E+07  2.59428287957E+05 -2.30700240439E+02   4.21685846              400  0.10781    
      217700 -0.683377367         982106.4        0.000000       -14635.09     -5.98533183143E+07  2.59441941982E+05 -2.30700240127E+02   4.21690198              400  0.11217    
      217800 -0.683439002         982118.1        0.000000       -14637.73     -5.98539472319E+07  2.59444668347E+05 -2.30700239913E+02   4.21689466              400  0.10814    
      217900 -0.683409371         982052.7        0.000000       -14635.91     -5.98531257960E+07  2.59441107859E+05 -2.30700239796E+02   4.21710930              400  0.10786    
      218000 -0.683019693         982004.8        0.000000       -14635.26     -5.98479270675E+07  2.59418573550E+05 -2.30700239572E+02   4.21711996              400  0.10804    
      218100 -0.683027999         982042.0        0.000000       -14631.82     -5.98473440110E+07  2.59416046137E+05 -2.30700239643E+02   4.21684146              400  0.11128    
      218200 -0.683298169         982119.9        0.000000       -14634.52     -5.98524399164E+07  2.59438134774E+05 -2.30700239842E+02   4.21680239              400  0.10783    
      218300 -0.683630907         982157.0        0.000000       -14639.98     -5.98556118611E+07  2.59451883816E+05 -2.30700239986E+02   4.21694557              400  0.10953    
      218400 -0.683690651         982149.4        0.000000       -14636.64     -5.98553279162E+07  2.59450652858E+05 -2.30700240130E+02   4.21691730              400  0.10791    
      218500 -0.683664344         982128.5        0.000000       -14632.30     -5.98556743640E+07  2.59452154954E+05 -2.30700239798E+02   4.21701244              400  0.10776    
      218600 -0.683501379         982083.0        0.000000       -14632.99     -5.98528736407E+07  2.59440015175E+05 -2.30700239515E+02   4.21712058              400  0.10811    
      218700 -0.683475120         982101.0        0.000000       -14631.62     -5.98524591374E+07  2.59438218606E+05 -2.30700239382E+02   4.21700076              400  0.10779    
      218800 -0.683345559         982070.7        0.000000       -14628.79     -5.98511474379E+07  2.59432532717E+05 -2.30700239523E+02   4.21696124              400  0.11234    
      218900 -0.683294617         982085.7        0.000000       -14631.28     -5.98526473431E+07  2.59439033886E+05 -2.30700239847E+02   4.21688045              400  0.10804    
      219000 -0.683398707         982122.5        0.000000       -14633.52     -5.98537028539E+07  2.59443609060E+05 -2.30700239913E+02   4.21687366              400  0.10771    
      219100 -0.683721012         982162.3        0.000000       -14636.32     -5.98572224908E+07  2.59458865541E+05 -2.30700239770E+02   4.21683671              400  0.10821    
      219200 -0.683714148         982146.7        0.000000       -14634.40     -5.98591977396E+07  2.59467427233E+05 -2.30700240018E+02   4.21708095              400  0.10783    
      219300 -0.683449157         982099.0        0.000000       -14632.71     -5.98559101886E+07  2.59453177174E+05 -2.30700239791E+02   4.21695529              400  0.10785    
      219400 -0.683478279         982084.1        0.000000       -14633.51     -5.98568948235E+07  2.59457444949E+05 -2.30700240015E+02   4.21715955              400  0.10933    
      219500 -0.683417954         982116.9        0.000000       -14633.70     -5.98550111876E+07  2.59449280517E+05 -2.30700239632E+02   4.21693949              400  0.10781    
      219600 -0.683696044         982139.0        0.000000       -14627.01     -5.98558645574E+07  2.59452980001E+05 -2.30700239238E+02   4.21711227              400  0.10775    
      219700 -0.683643968         982167.5        0.000000       -14624.62     -5.98536914565E+07  2.59443560112E+05 -2.30700239508E+02   4.21694381              400  0.10913    
      219800 -0.683713465         982124.7        0.000000       -14627.02     -5.98535691321E+07  2.59443029689E+05 -2.30700239678E+02   4.21710201              400  0.11002    
      219900 -0.683453298         982087.3        0.000000       -14631.38     -5.98515279117E+07  2.59434182414E+05 -2.30700239093E+02   4.21707809              400  0.10784    
      220000 -0.683344236         982075.9        0.000000       -14630.19     -5.98498507120E+07  2.59426912764E+05 -2.30700238747E+02   4.21708637              400  0.10891    
      220100 -0.683252752         982069.0        0.000000       -14634.14     -5.98480774992E+07  2.59419227084E+05 -2.30700238267E+02   4.21693635              400  0.10771    
      220200 -0.683393427         982121.6        0.000000       -14635.18     -5.98503786461E+07  2.59429202121E+05 -2.30700237894E+02   4.21680772              400  0.10984    
      220300 -0.683735731         982165.7        0.000000       -14638.66     -5.98553199416E+07  2.59450620841E+05 -2.30700237862E+02   4.21692092              400  0.10794    
      220400 -0.683717814         982164.0        0.000000       -14642.37     -5.98561095381E+07  2.59454043272E+05 -2.30700238020E+02   4.21698073              400  0.10768    
      220500 -0.683610521         982100.2        0.000000       -14639.83     -5.98546496323E+07  2.59447714914E+05 -2.30700238205E+02   4.21707601              400  0.11087    
      220600 -0.683521049         982127.7        0.000000       -14635.66     -5.98549948323E+07  2.59449211530E+05 -2.30700237936E+02   4.21694968              400  0.10806    
      220700 -0.683357814         982081.0        0.000000       -14639.12     -5.98549892513E+07  2.59449187797E+05 -2.30700237528E+02   4.21694389              400  0.10785    
      220800 -0.683234531         982066.5        0.000000       -14640.17     -5.98543084440E+07  2.59446237339E+05 -2.30700237004E+02   4.21691219              400  0.10969    
      220900 -0.683204613         982048.9        0.000000       -14639.16     -5.98560604193E+07  2.59453831195E+05 -2.30700237278E+02   4.21695232              400  0.10913    
      221000 -0.683394704         982099.7        0.000000       -14641.66     -5.98592768106E+07  2.59467773025E+05 -2.30700237308E+02   4.21695499              400  0.10782    
      221100 -0.683473338         982149.0        0.000000       -14646.36     -5.98599537219E+07  2.59470707193E+05 -2.30700237301E+02   4.21690404              400  0.10828    
      221200 -0.683618454         982137.6        0.000000       -14647.08     -5.98601146743E+07  2.59471404363E+05 -2.30700237744E+02   4.21705817              400  0.10786    
      221300 -0.683546024         982103.6        0.000000       -14646.73     -5.98587542046E+07  2.59465506721E+05 -2.30700238198E+02   4.21704274              400  0.11515    
      221400 -0.683398276         982109.1        0.000000       -14649.09     -5.98572828852E+07  2.59459128382E+05 -2.30700238833E+02   4.21695633              400  0.11203    
      221500 -0.683404489         982122.9        0.000000       -14645.22     -5.98563743837E+07  2.59455190604E+05 -2.30700238620E+02   4.21690184              400  0.10786    
      221600 -0.683474743         982079.1        0.000000       -14639.41     -5.98567871859E+07  2.59456979549E+05 -2.30700238976E+02   4.21707103              400  0.10891    
      221700 -0.683280029         982073.3        0.000000       -14643.21     -5.98575410620E+07  2.59460247455E+05 -2.30700238858E+02   4.21684570              400  0.10794    
      221800 -0.683518893         982154.3        0.000000       -14648.90     -5.98621762836E+07  2.59480339512E+05 -2.30700238778E+02   4.21684957              400  0.10786    
      221900 -0.683857529         982207.1        0.000000       -14647.32     -5.98651122757E+07  2.59493065696E+05 -2.30700239003E+02   4.21691132              400  0.10929    
      222000 -0.683808017         982139.7        0.000000       -14650.81     -5.98643736542E+07  2.59489863488E+05 -2.30700239499E+02   4.21711251              400  0.10780    
      222100 -0.683656087         982154.9        0.000000       -14651.46     -5.98627052629E+07  2.59482631571E+05 -2.30700239551E+02   4.21697776              400  0.10805    
      222200 -0.683719249         982182.7        0.000000       -14652.48     -5.98634261951E+07  2.59485756286E+05 -2.30700239781E+02   4.21684758              400  0.11329    
      222300 -0.683733918         982153.1        0.000000       -14650.26     -5.98637795853E+07  2.59487288015E+05 -2.30700239859E+02   4.21708478              400  0.10772    
      222400 -0.683683026         982126.0        0.000000       -14648.20     -5.98617866626E+07  2.59478649211E+05 -2.30700240057E+02   4.21710579              400  0.11135    
      222500 -0.683550858         982144.1        0.000000       -14639.79     -5.98580266212E+07  2.59462351327E+05 -2.30700239611E+02   4.21705332              400  0.10890    
      222600 -0.683653359         982159.2        0.000000       -14635.22     -5.98551257581E+07  2.59449777507E+05 -2.30700239303E+02   4.21703731              400  0.10777    
      222700 -0.683841987         982200.0        0.000000       -14630.43     -5.98555424933E+07  2.59451584175E+05 -2.30700239059E+02   4.21690112              400  0.11151    
      222800 -0.683867810         982184.6        0.000000       -14632.06     -5.98551053389E+07  2.59449689239E+05 -2.30700239089E+02   4.21696536              400  0.10820    
      222900 -0.683668130         982141.6        0.000000       -14632.72     -5.98530691265E+07  2.59440862426E+05 -2.30700239611E+02   4.21701309              400  0.11022    
      223000 -0.683699089         982171.9        0.000000       -14635.05     -5.98537460275E+07  2.59443796274E+05 -2.30700239848E+02   4.21693562              400  0.11027    
      223100 -0.684030471         982238.7        0.000000       -14635.09     -5.98572556690E+07  2.59459008980E+05 -2.30700240104E+02   4.21691902              400  0.10940    
      223200 -0.683974048         982181.5        0.000000       -14635.82     -5.98571795154E+07  2.59458678297E+05 -2.30700240625E+02   4.21708552              400  0.10930    
      223300 -0.683744831         982153.1        0.000000       -14632.43     -5.98541307514E+07  2.59445462422E+05 -2.30700241170E+02   4.21700843              400  0.10780    
      223400 -0.683783439         982186.4        0.000000       -14629.56     -5.98536143184E+07  2.59443224061E+05 -2.30700241007E+02   4.21704925              400  0.10776    
      223500 -0.683745737         982146.4        0.000000       -14626.88     -5.98506273168E+07  2.59430277119E+05 -2.30700240471E+02   4.21709740              400  0.11286    
      223600 -0.683487214         982059.4        0.000000       -14624.13     -5.98470610431E+07  2.59414819087E+05 -2.30700240078E+02   4.21726606              400  0.10782    
      223700 -0.683268463         982065.9        0.000000       -14627.60     -5.98438371672E+07  2.59400845025E+05 -2.30700239860E+02   4.21700516              400  0.10777    
      223800 -0.683193542         982078.6        0.000000       -14631.87     -5.98435396878E+07  2.59399555464E+05 -2.30700239948E+02   4.21685667              400  0.11210    
      223900 -0.683414087         982107.0        0.000000       -14633.65     -5.98461088014E+07  2.59410691438E+05 -2.30700240108E+02   4.21687606              400  0.11112    
      224000 -0.683492745         982118.9        0.000000       -14637.22     -5.98480842247E+07  2.59419254578E+05 -2.30700239742E+02   4.21688621              400  0.10767    
      224100 -0.683371789         982072.9        0.000000       -14632.09     -5.98462117759E+07  2.59411138467E+05 -2.30700239510E+02   4.21707620              400  0.10894    
      224200 -0.683327524         982114.2        0.000000       -14635.58     -5.98456786084E+07  2.59408827021E+05 -2.30700239832E+02   4.21678915              400  0.10776    
      224300 -0.683437814         982085.1        0.000000       -14633.85     -5.98467593039E+07  2.59413510635E+05 -2.30700240544E+02   4.21701510              400  0.10951    
      224400 -0.683236577         982047.5        0.000000       -14636.33     -5.98466136067E+07  2.59412879085E+05 -2.30700240550E+02   4.21700056              400  0.10788    
      224500 -0.683120697         982032.5        0.000000       -14636.55     -5.98464196009E+07  2.59412037726E+05 -2.30700240920E+02   4.21696662              400  0.10785    
      224600 -0.683353155         982119.2        0.000000       -14640.24     -5.98491983588E+07  2.59424082937E+05 -2.30700240630E+02   4.21679440              400  0.10984    
      224700 -0.683475568         982091.8        0.000000       -14638.19     -5.98510798292E+07  2.59432238442E+05 -2.30700240605E+02   4.21705416              400  0.10812    
      224800 -0.683588445         982149.2        0.000000       -14635.35     -5.98523290032E+07  2.59437653156E+05 -2.30700240597E+02   4.21688933              400  0.10777    
      224900 -0.683660649         982131.9        0.000000       -14634.18     -5.98543226261E+07  2.59446294534E+05 -2.30700240809E+02   4.21705517              400  0.10897    
      225000 -0.683661188         982143.0        0.000000       -14631.27     -5.98530370158E+07  2.59440721756E+05 -2.30700240928E+02   4.21701321              400  0.10803    
      225100 -0.683666612         982118.9        0.000000       -14630.95     -5.98530205796E+07  2.59440650333E+05 -2.30700241087E+02   4.21709676              400  0.10765    
      225200 -0.683571404         982121.1        0.000000       -14629.81     -5.98518444406E+07  2.59435551470E+05 -2.30700241741E+02   4.21695888              400  0.11201    
      225300 -0.683480485         982098.5        0.000000       -14628.77     -5.98500746548E+07  2.59427879795E+05 -2.30700242017E+02   4.21711806              400  0.10768    
      225400 -0.683554917         982124.3        0.000000       -14627.71     -5.98478930870E+07  2.59418423667E+05 -2.30700241876E+02   4.21704654              400  0.11012    
      225500 -0.683532882         982102.3        0.000000       -14627.01     -5.98465057097E+07  2.59412410258E+05 -2.30700241558E+02   4.21702504              400  0.11001    
      225600 -0.683378838         982110.2        0.000000       -14626.71     -5.98462378534E+07  2.59411249733E+05 -2.30700241084E+02   4.21683785              400  0.10772    
      225700 -0.683608545         982138.5        0.000000       -14625.78     -5.98493924772E+07  2.59424923987E+05 -2.30700240969E+02   4.21692086              400  0.11071    
      225800 -0.683662111         982121.2        0.000000       -14629.20     -5.98508486852E+07  2.59431236187E+05 -2.30700240899E+02   4.21707350              400  0.10762    
      225900 -0.683479116         982086.5        0.000000       -14628.99     -5.98483516089E+07  2.59420412596E+05 -2.30700240625E+02   4.21709976              400  0.10770    
      226000 -0.683374342         982078.4        0.000000       -14628.11     -5.98473974613E+07  2.59416276940E+05 -2.30700240429E+02   4.21699653              400  0.11049    
      226100 -0.683401970         982088.9        0.000000       -14632.12     -5.98484686051E+07  2.59420919899E+05 -2.30700240476E+02   4.21696280              400  0.10776    
      226200 -0.683405548         982121.3        0.000000       -14630.19     -5.98491668364E+07  2.59423946612E+05 -2.30700240352E+02   4.21695996              400  0.10774    
      226300 -0.683566035         982131.9        0.000000       -14631.82     -5.98507810781E+07  2.59430943874E+05 -2.30700240243E+02   4.21694425              400  0.11227    
      226400 -0.683546680         982122.9        0.000000       -14632.98     -5.98520053479E+07  2.59436250978E+05 -2.30700239933E+02   4.21697348              400  0.10792    
      226500 -0.683492731         982067.6        0.000000       -14632.37     -5.98519591264E+07  2.59436050863E+05 -2.30700239721E+02   4.21713922              400  0.11199    
      226600 -0.683349657         982079.6        0.000000       -14628.50     -5.98518477828E+07  2.59435567957E+05 -2.30700239963E+02   4.21695332              400  0.10772    
      226700 -0.683339794         982107.7        0.000000       -14622.81     -5.98522200790E+07  2.59437181766E+05 -2.30700239925E+02   4.21690185              400  0.10781    
      226800 -0.683718144         982187.5        0.000000       -14624.62     -5.98561340021E+07  2.59454147107E+05 -2.30700239982E+02   4.21682663              400  0.11059    
      226900 -0.683852516         982178.6        0.000000       -14625.12     -5.98574765300E+07  2.59459966598E+05 -2.30700239867E+02   4.21699494              400  0.10769    
      227000 -0.683805246         982162.1        0.000000       -14622.16     -5.98560314624E+07  2.59453702649E+05 -2.30700239971E+02   4.21709593              400  0.10749    
      227100 -0.683628766         982104.4        0.000000       -14625.97     -5.98531646498E+07  2.59441275984E+05 -2.30700240056E+02   4.21709268              400  0.10900    
      227200 -0.683339734         982068.0        0.000000       -14632.09     -5.98497533883E+07  2.59426489125E+05 -2.30700240327E+02   4.21700766              400  0.10836    
      227300 -0.683315776         982092.3        0.000000       -14628.05     -5.98494047190E+07  2.59424977630E+05 -2.30700240455E+02   4.21692344              400  0.10768    
      227400 -0.683477950         982112.6        0.000000       -14633.39     -5.98526244855E+07  2.59438934623E+05 -2.30700240010E+02   4.21685472              400  0.10896    
      227500 -0.683322918         982066.4        0.000000       -14632.70     -5.98521497707E+07  2.59436877162E+05 -2.30700239786E+02   4.21710286              400  0.10801    
      227600 -0.683185790         982043.2        0.000000       -14631.17     -5.98500261238E+07  2.59427671700E+05 -2.30700240000E+02   4.21705622              400  0.10762    
      227700 -0.683132530         982078.7        0.000000       -14628.47     -5.98488026293E+07  2.59422368123E+05 -2.30700240161E+02   4.21684440              400  0.11169    
      227800 -0.683547622         982155.7        0.000000       -14628.20     -5.98538433024E+07  2.59444217420E+05 -2.30700240297E+02   4.21682730              400  0.10762    
      227900 -0.683791211         982172.0        0.000000       -14621.98     -5.98564633870E+07  2.59455574598E+05 -2.30700240224E+02   4.21703352              400  0.10997    
      228000 -0.683687032         982134.0        0.000000       -14624.75     -5.98552472444E+07  2.59450302809E+05 -2.30700240455E+02   4.21707302              400  0.10781    
      228100 -0.683731643         982186.2        0.000000       -14620.97     -5.98544631819E+07  2.59446904630E+05 -2.30700240063E+02   4.21693699              400  0.10774    
      228200 -0.683965317         982203.1        0.000000       -14620.24     -5.98565058065E+07  2.59455758603E+05 -2.30700240105E+02   4.21699037              400  0.11143    
      228300 -0.683908478         982174.8        0.000000       -14625.70     -5.98546832539E+07  2.59447858894E+05 -2.30700239767E+02   4.21706118              400  0.10767    
      228400 -0.683651912         982141.5        0.000000       -14623.73     -5.98519414982E+07  2.59435974408E+05 -2.30700239759E+02   4.21699086              400  0.10758    
      228500 -0.683728197         982164.8        0.000000       -14625.61     -5.98529888453E+07  2.59440514669E+05 -2.30700239404E+02   4.21694146              400  0.11018    
      228600 -0.683700878         982160.7        0.000000       -14627.75     -5.98522722434E+07  2.59437409024E+05 -2.30700238908E+02   4.21697892              400  0.10792    
      228700 -0.683658909         982160.9        0.000000       -14624.50     -5.98509292435E+07  2.59431587242E+05 -2.30700239241E+02   4.21699214              400  0.10773    
      228800 -0.683783830         982185.8        0.000000       -14629.54     -5.98510749844E+07  2.59432218799E+05 -2.30700239398E+02   4.21695339              400  0.11215    
      228900 -0.683707409         982127.9        0.000000       -14627.05     -5.98486741534E+07  2.59421812102E+05 -2.30700239384E+02   4.21710567              400  0.10767    
      229000 -0.683382231         982056.2        0.000000       -14624.87     -5.98441316731E+07  2.59402121478E+05 -2.30700239967E+02   4.21714886              400  0.10864    
      229100 -0.683326387         982071.8        0.000000       -14624.04     -5.98432601469E+07  2.59398343348E+05 -2.30700240312E+02   4.21695184              400  0.10824    
      229200 -0.683496353         982112.3        0.000000       -14627.19     -5.98451890771E+07  2.59406704753E+05 -2.30700240127E+02   4.21695510              400  0.10770    
      229300 -0.683349587         982084.9        0.000000       -14628.64     -5.98448965178E+07  2.59405436302E+05 -2.30700240407E+02   4.21696029              400  0.10907    
      229400 -0.683289754         982098.5        0.000000       -14628.79     -5.98441244488E+07  2.59402089063E+05 -2.30700240946E+02   4.21689801              400  0.10791    
      229500 -0.683560425         982152.3        0.000000       -14633.72     -5.98472316798E+07  2.59415558193E+05 -2.30700240558E+02   4.21686298              400  0.10774    
      229600 -0.683453505         982064.3        0.000000       -14631.73     -5.98454780044E+07  2.59407957020E+05 -2.30700240239E+02   4.21716151              400  0.11140    
      229700 -0.683155535         982003.8        0.000000       -14633.06     -5.98432965618E+07  2.59398501658E+05 -2.30700239898E+02   4.21708224              400  0.10909    
      229800 -0.683048525         982047.9        0.000000       -14631.02     -5.98420434078E+07  2.59393069934E+05 -2.30700239690E+02   4.21702328              400  0.10779    
      229900 -0.683365353         982114.6        0.000000       -14629.01     -5.98437365722E+07  2.59400409021E+05 -2.30700239827E+02   4.21683767              400  0.11049    
      230000 -0.683457090         982074.0        0.000000       -14630.04     -5.98460406883E+07  2.59410396380E+05 -2.30700239942E+02   4.21703669              400  0.10812    
      230100 -0.683451955         982110.3        0.000000       -14629.70     -5.98473654528E+07  2.59416139293E+05 -2.30700239452E+02   4.21694896              400  0.11086    
      230200 -0.683439154         982084.1        0.000000       -14632.85     -5.98476617837E+07  2.59417424017E+05 -2.30700239239E+02   4.21704909              400  0.10790    
      230300 -0.683439083         982126.3        0.000000       -14632.71     -5.98477843607E+07  2.59417955453E+05 -2.30700239142E+02   4.21685983              400  0.10777    
      230400 -0.683751349         982197.8        0.000000       -14629.24     -5.98508110631E+07  2.59431074694E+05 -2.30700239490E+02   4.21691674              400  0.10915    
      230500 -0.683850529         982194.8        0.000000       -14631.66     -5.98503502306E+07  2.59429077078E+05 -2.30700239559E+02   4.21692698              400  0.10829    
      230600 -0.683794268         982152.7        0.000000       -14634.62     -5.98498232453E+07  2.59426793348E+05 -2.30700239066E+02   4.21702176              400  0.10761    
      230700 -0.683466805         982051.3        0.000000       -14633.44     -5.98473946234E+07  2.59416266497E+05 -2.30700238776E+02   4.21715354              400  0.10885    
      230800 -0.683327801         982119.5        0.000000       -14635.67     -5.98467980267E+07  2.59413680478E+05 -2.30700238771E+02   4.21681861              400  0.10803    
      230900 -0.683462985         982104.0        0.000000       -14638.27     -5.98488524013E+07  2.59422585214E+05 -2.30700238963E+02   4.21697353              400  0.10782    
      231000 -0.683326037         982110.8        0.000000       -14632.62     -5.98477293633E+07  2.59417717389E+05 -2.30700238849E+02   4.21686122              400  0.11095    
      231100 -0.683514923         982115.6        0.000000       -14632.64     -5.98513124888E+07  2.59433248962E+05 -2.30700238803E+02   4.21685559              400  0.10785    
      231200 -0.683442469         982118.9        0.000000       -14637.66     -5.98524517636E+07  2.59438186913E+05 -2.30700239142E+02   4.21686106              400  0.10969    
      231300 -0.683560012         982112.3        0.000000       -14639.16     -5.98545092168E+07  2.59447105766E+05 -2.30700238648E+02   4.21703866              400  0.10791    
      231400 -0.683524800         982118.3        0.000000       -14638.62     -5.98547406057E+07  2.59448108936E+05 -2.30700238484E+02   4.21699985              400  0.10776    
      231500 -0.683635875         982131.1        0.000000       -14631.10     -5.98548031175E+07  2.59448378983E+05 -2.30700239301E+02   4.21705429              400  0.11228    
      231600 -0.683592848         982137.3        0.000000       -14634.39     -5.98545476396E+07  2.59447271478E+05 -2.30700239392E+02   4.21695555              400  0.10786    
      231700 -0.683434843         982080.2        0.000000       -14628.63     -5.98527863994E+07  2.59439637019E+05 -2.30700239513E+02   4.21711162              400  0.10783    
      231800 -0.683272718         982067.1        0.000000       -14625.35     -5.98512590630E+07  2.59433016055E+05 -2.30700239982E+02   4.21692416              400  0.11000    
      231900 -0.683301333         982067.9        0.000000       -14625.37     -5.98521943231E+07  2.59437069738E+05 -2.30700240269E+02   4.21690073              400  0.10768    
      232000 -0.683289087         982082.0        0.000000       -14626.32     -5.98534149565E+07  2.59442360391E+05 -2.30700240570E+02   4.21694103              400  0.10782    
      232100 -0.683514358         982144.1        0.000000       -14621.83     -5.98544833684E+07  2.59446991068E+05 -2.30700241009E+02   4.21697949              400  0.10939    
      232200 -0.683727573         982169.0        0.000000       -14622.89     -5.98560150830E+07  2.59453630775E+05 -2.30700240750E+02   4.21690262              400  0.10785    
      232300 -0.683488416         982081.2        0.000000       -14624.77     -5.98536998792E+07  2.59443596021E+05 -2.30700240042E+02   4.21712484              400  0.11173    
      232400 -0.683398536         982106.8        0.000000       -14622.59     -5.98515920151E+07  2.59434459145E+05 -2.30700240101E+02   4.21694488              400  0.10765    
      232500 -0.683473695         982124.3        0.000000       -14626.52     -5.98519821418E+07  2.59436149906E+05 -2.30700240361E+02   4.21693548              400  0.10763    
      232600 -0.683546244         982118.4        0.000000       -14626.64     -5.98520455391E+07  2.59436425077E+05 -2.30700240035E+02   4.21701841              400  0.10852    
      232700 -0.683530447         982099.3        0.000000       -14626.24     -5.98517594814E+07  2.59435185269E+05 -2.30700239905E+02   4.21709289              400  0.11204    
      232800 -0.683280252         982065.0        0.000000       -14627.09     -5.98471394996E+07  2.59415159297E+05 -2.30700239962E+02   4.21706419              400  0.10771    
      232900 -0.683277531         982074.4        0.000000       -14631.32     -5.98472714263E+07  2.59415731047E+05 -2.30700240054E+02   4.21691560              400  0.10959    
      233000 -0.683307000         982120.6        0.000000       -14630.98     -5.98477225080E+07  2.59417686306E+05 -2.30700240065E+02   4.21682347              400  0.10847    
      233100 -0.683436834         982075.4        0.000000       -14630.68     -5.98481817272E+07  2.59419677053E+05 -2.30700239885E+02   4.21707912              400  0.10783    
      233200 -0.683256768         982053.1        0.000000       -14636.18     -5.98475841970E+07  2.59417086724E+05 -2.30700240115E+02   4.21695386              400  0.10902    
      233300 -0.683407655         982100.2        0.000000       -14637.36     -5.98494615070E+07  2.59425223982E+05 -2.30700240278E+02   4.21692004              400  0.10782    
      233400 -0.683348345         982066.8        0.000000       -14636.21     -5.98487892310E+07  2.59422309943E+05 -2.30700240254E+02   4.21706258              400  0.10847    
      233500 -0.683410314         982101.5        0.000000       -14628.41     -5.98492448827E+07  2.59424284233E+05 -2.30700240957E+02   4.21703468              400  0.10798    
      233600 -0.683500098         982119.2        0.000000       -14636.33     -5.98498427305E+07  2.59426875519E+05 -2.30700241102E+02   4.21686600              400  0.10760    
      233700 -0.683619841         982123.6        0.000000       -14638.34     -5.98534404770E+07  2.59442469912E+05 -2.30700241550E+02   4.21709331              400  0.10891    
      233800 -0.683477885         982081.6        0.000000       -14643.47     -5.98520091073E+07  2.59436265425E+05 -2.30700241576E+02   4.21696614              400  0.10789    
      233900 -0.683423103         982093.3        0.000000       -14642.98     -5.98537257013E+07  2.59443707147E+05 -2.30700240755E+02   4.21692833              400  0.10794    
      234000 -0.683374397         982078.1        0.000000       -14638.64     -5.98543449036E+07  2.59446391433E+05 -2.30700240512E+02   4.21709405              400  0.10870    
      234100 -0.683402354         982104.8        0.000000       -14644.68     -5.98552664789E+07  2.59450386890E+05 -2.30700239828E+02   4.21682957              400  0.10829    
      234200 -0.683468052         982097.7        0.000000       -14650.49     -5.98570496015E+07  2.59458115780E+05 -2.30700240081E+02   4.21696974              400  0.10778    
      234300 -0.683592780         982158.9        0.000000       -14646.59     -5.98578844384E+07  2.59461734632E+05 -2.30700239954E+02   4.21686335              400  0.11213    
      234400 -0.683655616         982159.8        0.000000       -14648.34     -5.98585684801E+07  2.59464699646E+05 -2.30700240001E+02   4.21697735              400  0.10813    
      234500 -0.683779858         982192.1        0.000000       -14652.24     -5.98595466969E+07  2.59468939099E+05 -2.30700240671E+02   4.21692070              400  0.10974    
      234600 -0.683849853         982171.0        0.000000       -14645.56     -5.98591986388E+07  2.59467430418E+05 -2.30700240653E+02   4.21710225              400  0.11193    
      234700 -0.683601903         982090.6        0.000000       -14639.79     -5.98555238424E+07  2.59451501846E+05 -2.30700240378E+02   4.21722482              400  0.10782    
      234800 -0.683385942         982100.3        0.000000       -14641.82     -5.98516447380E+07  2.59434687806E+05 -2.30700239988E+02   4.21699761              400  0.10894    
      234900 -0.683347062         982087.5        0.000000       -14637.20     -5.98498752633E+07  2.59427018303E+05 -2.30700239531E+02   4.21696261              400  0.10806    
      235000 -0.683347898         982088.7        0.000000       -14635.60     -5.98507156537E+07  2.59430660546E+05 -2.30700240010E+02   4.21699568              400  0.10778    
      235100 -0.683614962         982197.1        0.000000       -14633.71     -5.98511565831E+07  2.59432571248E+05 -2.30700240511E+02   4.21686279              400  0.10992    
      235200 -0.683918811         982213.0        0.000000       -14628.62     -5.98519235230E+07  2.59435895552E+05 -2.30700240595E+02   4.21690258              400  0.10772    
      235300 -0.683952475         982203.8        0.000000       -14630.58     -5.98529879855E+07  2.59440509421E+05 -2.30700240757E+02   4.21698377              400  0.10792    
      235400 -0.684003186         982179.7        0.000000       -14631.84     -5.98528227997E+07  2.59439793298E+05 -2.30700240849E+02   4.21709730              400  0.11061    
      235500 -0.683807367         982151.9        0.000000       -14631.54     -5.98516152323E+07  2.59434559098E+05 -2.30700240709E+02   4.21702445              400  0.10884    
      235600 -0.683660756         982136.7        0.000000       -14633.72     -5.98500561822E+07  2.59427801205E+05 -2.30700240700E+02   4.21694312              400  0.10949    
      235700 -0.683563920         982109.5        0.000000       -14631.79     -5.98494851861E+07  2.59425326299E+05 -2.30700240566E+02   4.21702979              400  0.10875    
      235800 -0.683513734         982119.9        0.000000       -14634.27     -5.98488377744E+07  2.59422520091E+05 -2.30700240493E+02   4.21695780              400  0.10778    
      235900 -0.683369709         982073.0        0.000000       -14631.89     -5.98468871136E+07  2.59414064582E+05 -2.30700240598E+02   4.21702379              400  0.10932    
      236000 -0.683234701         982041.6        0.000000       -14633.08     -5.98453608272E+07  2.59407448401E+05 -2.30700240860E+02   4.21701512              400  0.10775    
      236100 -0.683249171         982079.1        0.000000       -14636.31     -5.98466386747E+07  2.59412987432E+05 -2.30700240829E+02   4.21684521              400  0.10938    
      236200 -0.683150087         982045.6        0.000000       -14637.85     -5.98472513966E+07  2.59415643233E+05 -2.30700240936E+02   4.21687371              400  0.10893    
      236300 -0.683336774         982104.2        0.000000       -14637.47     -5.98498823804E+07  2.59427047461E+05 -2.30700241036E+02   4.21694545              400  0.10872    
      236400 -0.683390163         982114.2        0.000000       -14635.03     -5.98496962228E+07  2.59426240658E+05 -2.30700240928E+02   4.21690893              400  0.10771    
      236500 -0.683620781         982160.4        0.000000       -14632.67     -5.98520297458E+07  2.59436355860E+05 -2.30700240710E+02   4.21686148              400  0.10926    
      236600 -0.683734942         982152.2        0.000000       -14632.95     -5.98536129492E+07  2.59443218250E+05 -2.30700240896E+02   4.21701973              400  0.10767    
      236700 -0.683592501         982130.6        0.000000       -14632.79     -5.98524802295E+07  2.59438307795E+05 -2.30700241372E+02   4.21705858              400  0.10947    
      236800 -0.683618414         982119.6        0.000000       -14631.51     -5.98518116515E+07  2.59435410544E+05 -2.30700240673E+02   4.21709524              400  0.10872    
      236900 -0.683352986         982042.5        0.000000       -14629.08     -5.98482635761E+07  2.59420031250E+05 -2.30700240409E+02   4.21717437              400  0.10769    
      237000 -0.683332737         982108.2        0.000000       -14627.05     -5.98470738318E+07  2.59414874443E+05 -2.30700240147E+02   4.21691639              400  0.10985    
      237100 -0.683603396         982118.5        0.000000       -14629.93     -5.98499107235E+07  2.59427171385E+05 -2.30700240087E+02   4.21704453              400  0.10845    
      237200 -0.683472354         982099.7        0.000000       -14624.80     -5.98471571167E+07  2.59415235448E+05 -2.30700240151E+02   4.21708807              400  0.10760    
      237300 -0.683282302         982045.1        0.000000       -14621.95     -5.98444497372E+07  2.59403500225E+05 -2.30700239917E+02   4.21706641              400  0.10959    
      237400 -0.682976391         981968.1        0.000000       -14625.43     -5.98409792409E+07  2.59388456490E+05 -2.30700240291E+02   4.21709962              400  0.10763    
      237500 -0.682858155         982024.5        0.000000       -14627.18     -5.98411356128E+07  2.59389134790E+05 -2.30700239859E+02   4.21679602              400  0.10761    
      237600 -0.683135689         982033.6        0.000000       -14627.48     -5.98445925252E+07  2.59404119360E+05 -2.30700239737E+02   4.21698724              400  0.10893    
      237700 -0.683343513         982116.3        0.000000       -14629.08     -5.98482230783E+07  2.59419856573E+05 -2.30700239638E+02   4.21676896              400  0.11242    
      237800 -0.683548099         982132.0        0.000000       -14624.55     -5.98509093519E+07  2.59431501117E+05 -2.30700239154E+02   4.21700270              400  0.10860    
      237900 -0.683669793         982160.1        0.000000       -14624.79     -5.98524413479E+07  2.59438141865E+05 -2.30700239054E+02   4.21692246              400  0.10825    
      238000 -0.683670999         982153.5        0.000000       -14624.93     -5.98534263522E+07  2.59442411381E+05 -2.30700239153E+02   4.21685973              400  0.10777    
      238100 -0.683706981         982141.4        0.000000       -14628.60     -5.98556775908E+07  2.59452169322E+05 -2.30700239460E+02   4.21705153              400  0.10850    
      238200 -0.683709889         982188.2        0.000000       -14633.80     -5.98552093902E+07  2.59450140291E+05 -2.30700239063E+02   4.21684183              400  0.10806    
      238300 -0.683818859         982149.1        0.000000       -14630.15     -5.98556255853E+07  2.59451944453E+05 -2.30700238965E+02   4.21719728              400  0.10774    
      238400 -0.683596298         982109.9        0.000000       -14622.65     -5.98521983323E+07  2.59437088685E+05 -2.30700238873E+02   4.21714259              400  0.10921    
      238500 -0.683555217         982116.0        0.000000       -14625.21     -5.98501928570E+07  2.59428396031E+05 -2.30700238573E+02   4.21707797              400  0.10771    
      238600 -0.683457618         982117.3        0.000000       -14626.63     -5.98489163502E+07  2.59422863090E+05 -2.30700238358E+02   4.21683996              400  0.10776    
      238700 -0.683547411         982118.1        0.000000       -14629.70     -5.98519820425E+07  2.59436151028E+05 -2.30700238981E+02   4.21687310              400  0.11004    
      238800 -0.683536459         982112.7        0.000000       -14628.62     -5.98532147543E+07  2.59441494594E+05 -2.30700238787E+02   4.21698337              400  0.10868    
      238900 -0.683572096         982128.3        0.000000       -14626.59     -5.98535271200E+07  2.59442848259E+05 -2.30700239076E+02   4.21694047              400  0.10784    
      239000 -0.683555002         982108.3        0.000000       -14629.79     -5.98548396656E+07  2.59448537547E+05 -2.30700239174E+02   4.21708951              400  0.10897    
      239100 -0.683382918         982089.0        0.000000       -14626.96     -5.98508045867E+07  2.59431047005E+05 -2.30700239149E+02   4.21708338              400  0.10767    
      239200 -0.683362519         982122.8        0.000000       -14631.32     -5.98485221651E+07  2.59421153423E+05 -2.30700239265E+02   4.21686047              400  0.10953    
      239300 -0.683708109         982169.9        0.000000       -14634.31     -5.98516385598E+07  2.59434662121E+05 -2.30700239014E+02   4.21688612              400  0.10875    
      239400 -0.683699610         982145.2        0.000000       -14634.97     -5.98518749671E+07  2.59435687093E+05 -2.30700238806E+02   4.21703537              400  0.10767    
      239500 -0.683569260         982103.2        0.000000       -14631.52     -5.98499538180E+07  2.59427359869E+05 -2.30700238588E+02   4.21699878              400  0.10970    
      239600 -0.683347882         982057.4        0.000000       -14627.12     -5.98477950768E+07  2.59418002586E+05 -2.30700238535E+02   4.21719894              400  0.11243    
      239700 -0.683311432         982137.3        0.000000       -14626.40     -5.98463588368E+07  2.59411776749E+05 -2.30700238774E+02   4.21673199              400  0.10769    
      239800 -0.683575722         982141.0        0.000000       -14630.03     -5.98510675483E+07  2.59432186943E+05 -2.30700239063E+02   4.21686618              400  0.10907    
      239900 -0.683525671         982097.3        0.000000       -14633.35     -5.98524731935E+07  2.59438279188E+05 -2.30700239691E+02   4.21696864              400  0.10785    
      240000 -0.683616262         982160.6        0.000000       -14633.81     -5.98554249944E+07  2.59451074471E+05 -2.30700239405E+02   4.21687907              400  0.10777    
      240100 -0.683555567         982143.6        0.000000       -14636.20     -5.98551784951E+07  2.59450006280E+05 -2.30700239146E+02   4.21688469              400  0.10915    
      240200 -0.683544341         982114.9        0.000000       -14632.39     -5.98545373221E+07  2.59447226841E+05 -2.30700239316E+02   4.21710873              400  0.10803    
      240300 -0.683661534         982156.4        0.000000       -14634.47     -5.98534051428E+07  2.59442318873E+05 -2.30700239664E+02   4.21696189              400  0.11081    
      240400 -0.683781903         982176.2        0.000000       -14637.31     -5.98540401686E+07  2.59445070998E+05 -2.30700240087E+02   4.21695254              400  0.11362    
      240500 -0.683537692         982076.3        0.000000       -14631.93     -5.98500676479E+07  2.59427851965E+05 -2.30700239757E+02   4.21712586              400  0.10876    
      240600 -0.683381765         982085.9        0.000000       -14630.17     -5.98481844507E+07  2.59419689369E+05 -2.30700239431E+02   4.21702061              400  0.10944    
      240700 -0.683491455         982132.0        0.000000       -14630.41     -5.98497464041E+07  2.59426459937E+05 -2.30700239362E+02   4.21688894              400  0.10771    
      240800 -0.683649994         982138.3        0.000000       -14630.91     -5.98523929039E+07  2.59437931006E+05 -2.30700239829E+02   4.21691148              400  0.10768    
      240900 -0.683599916         982118.6        0.000000       -14637.97     -5.98537826390E+07  2.59443954929E+05 -2.30700239886E+02   4.21698988              400  0.10929    
      241000 -0.683438600         982099.4        0.000000       -14635.31     -5.98522387967E+07  2.59437262365E+05 -2.30700240401E+02   4.21706374              400  0.10773    
      241100 -0.683560845         982121.1        0.000000       -14635.85     -5.98530698211E+07  2.59440864601E+05 -2.30700240354E+02   4.21694048              400  0.10779    
      241200 -0.683655269         982155.1        0.000000       -14631.10     -5.98538953836E+07  2.59444443008E+05 -2.30700240443E+02   4.21702254              400  0.10847    
      241300 -0.683732045         982142.6        0.000000       -14628.90     -5.98536639597E+07  2.59443439196E+05 -2.30700241044E+02   4.21707911              400  0.10989    
      241400 -0.683546528         982111.2        0.000000       -14628.87     -5.98516546547E+07  2.59434729925E+05 -2.30700240758E+02   4.21702510              400  0.11294    
      241500 -0.683504385         982117.6        0.000000       -14622.83     -5.98502032515E+07  2.59428438324E+05 -2.30700241031E+02   4.21701847              400  0.10781    
      241600 -0.683314672         982064.6        0.000000       -14618.68     -5.98466095425E+07  2.59412861181E+05 -2.30700240806E+02   4.21702205              400  0.10764    
      241700 -0.683233163         982059.5        0.000000       -14623.87     -5.98471013930E+07  2.59414993001E+05 -2.30700240956E+02   4.21691018              400  0.11024    
      241800 -0.683155327         982022.2        0.000000       -14624.94     -5.98472008331E+07  2.59415423671E+05 -2.30700241282E+02   4.21709478              400  0.10773    
      241900 -0.683330848         982151.3        0.000000       -14625.12     -5.98479760380E+07  2.59418784106E+05 -2.30700241095E+02   4.21677064              400  0.10775    
      242000 -0.683725321         982144.3        0.000000       -14622.63     -5.98517220291E+07  2.59435021343E+05 -2.30700241314E+02   4.21703033              400  0.10996    
      242100 -0.683672811         982129.2        0.000000       -14625.49     -5.98508612448E+07  2.59431290385E+05 -2.30700241116E+02   4.21699958              400  0.11139    
      242200 -0.683571789         982163.5        0.000000       -14627.33     -5.98512584227E+07  2.59433012309E+05 -2.30700240844E+02   4.21680206              400  0.10773    
      242300 -0.683737453         982160.8        0.000000       -14621.19     -5.98536061401E+07  2.59443188532E+05 -2.30700241077E+02   4.21696184              400  0.10910    
      242400 -0.683737813         982176.2        0.000000       -14624.13     -5.98541574882E+07  2.59445578817E+05 -2.30700240726E+02   4.21690535              400  0.10782    
      242500 -0.683865245         982164.0        0.000000       -14624.97     -5.98555375872E+07  2.59451561334E+05 -2.30700240459E+02   4.21705410              400  0.11025    
      242600 -0.683622119         982082.9        0.000000       -14621.30     -5.98528674335E+07  2.59439987688E+05 -2.30700240032E+02   4.21721420              400  0.10774    
      242700 -0.683355299         982078.9        0.000000       -14622.78     -5.98497906872E+07  2.59426651097E+05 -2.30700240064E+02   4.21697570              400  0.10770    
      242800 -0.683353411         982091.6        0.000000       -14619.51     -5.98502029872E+07  2.59428437724E+05 -2.30700240546E+02   4.21692284              400  0.11123    
      242900 -0.683373956         982106.1        0.000000       -14620.93     -5.98511900900E+07  2.59432716077E+05 -2.30700240875E+02   4.21692192              400  0.10812    
      243000 -0.683577322         982169.7        0.000000       -14621.56     -5.98521889022E+07  2.59437045303E+05 -2.30700241102E+02   4.21678551              400  0.10772    
      243100 -0.683878382         982189.1        0.000000       -14619.93     -5.98562335723E+07  2.59454577796E+05 -2.30700240793E+02   4.21695972              400  0.10963    
      243200 -0.683694061         982163.4        0.000000       -14619.70     -5.98548749768E+07  2.59448689405E+05 -2.30700240244E+02   4.21693557              400  0.10788    
      243300 -0.683597828         982112.4        0.000000       -14620.11     -5.98528466184E+07  2.59439897264E+05 -2.30700240208E+02   4.21705202              400  0.10825    
      243400 -0.683371292         982044.6        0.000000       -14624.85     -5.98504479833E+07  2.59429500167E+05 -2.30700240122E+02   4.21716598              400  0.11138    
      243500 -0.683199595         982053.7        0.000000       -14627.98     -5.98483985459E+07  2.59420616115E+05 -2.30700240567E+02   4.21685036              400  0.10781    
      243600 -0.683391060         982143.9        0.000000       -14630.75     -5.98515700375E+07  2.59434363436E+05 -2.30700240495E+02   4.21675262              400  0.11241    
      243700 -0.683741242         982165.4        0.000000       -14631.98     -5.98549650598E+07  2.59449079727E+05 -2.30700240382E+02   4.21695778              400  0.11302    
      243800 -0.683713127         982132.0        0.000000       -14629.51     -5.98559225842E+07  2.59453230225E+05 -2.30700240395E+02   4.21702418              400  0.10788    
      243900 -0.683508547         982117.5        0.000000       -14627.15     -5.98536087035E+07  2.59443200967E+05 -2.30700239900E+02   4.21692017              400  0.10988    
      244000 -0.683608563         982149.5        0.000000       -14629.58     -5.98535133223E+07  2.59442787248E+05 -2.30700240146E+02   4.21693960              400  0.10787    
      244100 -0.683696231         982156.9        0.000000       -14625.48     -5.98549605027E+07  2.59449059778E+05 -2.30700240556E+02   4.21702106              400  0.10777    
      244200 -0.683610211         982117.3        0.000000       -14622.65     -5.98519359531E+07  2.59435949249E+05 -2.30700240758E+02   4.21710566              400  0.11287    
      244300 -0.683315391         982068.2        0.000000       -14614.97     -5.98475085910E+07  2.59416757747E+05 -2.30700241229E+02   4.21701720              400  0.10762    
      244400 -0.683354635         982109.6        0.000000       -14619.37     -5.98484833680E+07  2.59420983611E+05 -2.30700240724E+02   4.21690871              400  0.10909    
      244500 -0.683576297         982146.5        0.000000       -14620.51     -5.98514042478E+07  2.59433645025E+05 -2.30700240294E+02   4.21681692              400  0.10864    
      244600 -0.683663712         982148.0        0.000000       -14622.42     -5.98543696296E+07  2.59446499541E+05 -2.30700239685E+02   4.21696276              400  0.10791    
      244700 -0.683670414         982155.4        0.000000       -14619.53     -5.98541889145E+07  2.59445716520E+05 -2.30700239407E+02   4.21697321              400  0.11051    
      244800 -0.683725254         982157.6        0.000000       -14623.19     -5.98549178807E+07  2.59448876388E+05 -2.30700239346E+02   4.21691498              400  0.10777    
      244900 -0.683575977         982109.2        0.000000       -14623.32     -5.98550571545E+07  2.59449479830E+05 -2.30700239576E+02   4.21704186              400  0.10770    
      245000 -0.683543192         982113.8        0.000000       -14623.98     -5.98542917963E+07  2.59446162220E+05 -2.30700239634E+02   4.21698193              400  0.10990    
      245100 -0.683521158         982130.5        0.000000       -14619.59     -5.98553510352E+07  2.59450753876E+05 -2.30700239414E+02   4.21693209              400  0.10780    
      245200 -0.683445515         982073.5        0.000000       -14621.37     -5.98544225280E+07  2.59446729286E+05 -2.30700239285E+02   4.21713840              400  0.10783    
      245300 -0.683156972         982012.7        0.000000       -14624.97     -5.98521897009E+07  2.59437051081E+05 -2.30700239043E+02   4.21703730              400  0.10925    
      245400 -0.683090504         982038.4        0.000000       -14632.47     -5.98533310417E+07  2.59441998223E+05 -2.30700239174E+02   4.21686014              400  0.11202    
      245500 -0.683091988         982060.7        0.000000       -14638.99     -5.98554045218E+07  2.59450986122E+05 -2.30700239057E+02   4.21679465              400  0.10771    
      245600 -0.683607222         982185.0        0.000000       -14642.78     -5.98625626822E+07  2.59482014094E+05 -2.30700239056E+02   4.21683455              400  0.10942    
      245700 -0.684050907         982252.8        0.000000       -14643.70     -5.98658292027E+07  2.59496173735E+05 -2.30700238624E+02   4.21691317              400  0.10779    
      245800 -0.683858868         982123.5        0.000000       -14640.28     -5.98636245970E+07  2.59486617995E+05 -2.30700238262E+02   4.21722266              400  0.10918    
      245900 -0.683378518         982044.2        0.000000       -14639.29     -5.98574672475E+07  2.59459927883E+05 -2.30700238514E+02   4.21720688              400  0.10790    
      246000 -0.683172052         982069.4        0.000000       -14641.92     -5.98552525727E+07  2.59450328637E+05 -2.30700238027E+02   4.21687008              400  0.10783    
      246100 -0.683381862         982109.6        0.000000       -14642.28     -5.98580170638E+07  2.59462311969E+05 -2.30700237771E+02   4.21694516              400  0.11381    
      246200 -0.683504204         982116.6        0.000000       -14636.39     -5.98578193196E+07  2.59461455381E+05 -2.30700237273E+02   4.21700137              400  0.11246    
      246300 -0.683467366         982094.8        0.000000       -14639.12     -5.98558167036E+07  2.59452774517E+05 -2.30700237510E+02   4.21703156              400  0.10766    
      246400 -0.683318923         982074.8        0.000000       -14641.17     -5.98544224072E+07  2.59446730667E+05 -2.30700237592E+02   4.21696431              400  0.10893    
      246500 -0.683282122         982052.9        0.000000       -14643.61     -5.98551263417E+07  2.59449781607E+05 -2.30700237908E+02   4.21702667              400  0.10805    
      246600 -0.683420732         982144.7        0.000000       -14648.14     -5.98580915068E+07  2.59462633711E+05 -2.30700238608E+02   4.21671958              400  0.10773    
      246700 -0.683655073         982180.7        0.000000       -14648.34     -5.98629185720E+07  2.59483556566E+05 -2.30700239214E+02   4.21673489              400  0.10953    
      246800 -0.683850538         982179.3        0.000000       -14648.77     -5.98663585365E+07  2.59498467033E+05 -2.30700239662E+02   4.21694798              400  0.10773    
      246900 -0.683688353         982136.2        0.000000       -14643.45     -5.98648964339E+07  2.59492130109E+05 -2.30700238997E+02   4.21710241              400  0.10819    
      247000 -0.683517474         982085.4        0.000000       -14643.36     -5.98620415200E+07  2.59479755311E+05 -2.30700238823E+02   4.21711244              400  0.10809    
      247100 -0.683258862         982047.5        0.000000       -14644.08     -5.98602556752E+07  2.59472014296E+05 -2.30700238858E+02   4.21706497              400  0.10777    
      247200 -0.683229159         982094.0        0.000000       -14640.55     -5.98581610938E+07  2.59462934752E+05 -2.30700239134E+02   4.21692232              400  0.10891    
      247300 -0.683464762         982144.5        0.000000       -14645.08     -5.98597048736E+07  2.59469626860E+05 -2.30700238783E+02   4.21679249              400  0.10797    
      247400 -0.683775387         982174.8        0.000000       -14645.95     -5.98639217992E+07  2.59487905568E+05 -2.30700238873E+02   4.21696132              400  0.10769    
      247500 -0.683786125         982156.6        0.000000       -14648.79     -5.98639681025E+07  2.59488105986E+05 -2.30700239131E+02   4.21702275              400  0.11178    
      247600 -0.683613372         982116.2        0.000000       -14644.76     -5.98618324962E+07  2.59478848001E+05 -2.30700239952E+02   4.21705794              400  0.10769    
      247700 -0.683575729         982136.9        0.000000       -14643.00     -5.98603024923E+07  2.59472215190E+05 -2.30700240673E+02   4.21692334              400  0.10776    
      247800 -0.683445456         982090.6        0.000000       -14639.22     -5.98583566414E+07  2.59463780758E+05 -2.30700240575E+02   4.21700929              400  0.10969    
      247900 -0.683405526         982090.8        0.000000       -14634.14     -5.98575229133E+07  2.59460167588E+05 -2.30700239924E+02   4.21701761              400  0.10855    
      248000 -0.683397273         982117.9        0.000000       -14635.03     -5.98572126915E+07  2.59458823116E+05 -2.30700239725E+02   4.21685993              400  0.10857    
      248100 -0.683528509         982134.3        0.000000       -14636.42     -5.98578212268E+07  2.59461460733E+05 -2.30700239865E+02   4.21695803              400  0.10783    
      248200 -0.683735977         982173.3        0.000000       -14632.32     -5.98600801165E+07  2.59471252386E+05 -2.30700239684E+02   4.21695772              400  0.10768    
      248300 -0.683731301         982146.6        0.000000       -14632.08     -5.98590780425E+07  2.59466909588E+05 -2.30700238954E+02   4.21699934              400  0.10925    
      248400 -0.683600712         982118.3        0.000000       -14631.86     -5.98580544348E+07  2.59462472485E+05 -2.30700239081E+02   4.21702691              400  0.10952    
      248500 -0.683691526         982136.9        0.000000       -14631.90     -5.98594534874E+07  2.59468536516E+05 -2.30700239386E+02   4.21708189              400  0.10777    
      248600 -0.683540215         982122.5        0.000000       -14634.11     -5.98575474669E+07  2.59460274358E+05 -2.30700239622E+02   4.21693804              400  0.10913    
      248700 -0.683361757         982071.3        0.000000       -14638.60     -5.98567462834E+07  2.59456800837E+05 -2.30700240234E+02   4.21699998              400  0.10837    
      248800 -0.683378549         982093.1        0.000000       -14641.80     -5.98569728791E+07  2.59457783325E+05 -2.30700239985E+02   4.21695244              400  0.10777    
      248900 -0.683300669         982059.5        0.000000       -14638.66     -5.98562553094E+07  2.59454673045E+05 -2.30700239879E+02   4.21702623              400  0.10912    
      249000 -0.683291944         982091.3        0.000000       -14639.75     -5.98561308159E+07  2.59454133679E+05 -2.30700239642E+02   4.21682288              400  0.10787    
      249100 -0.683341327         982078.4        0.000000       -14637.41     -5.98572372268E+07  2.59458929253E+05 -2.30700239915E+02   4.21705851              400  0.10991    
      249200 -0.683238085         982037.8        0.000000       -14635.28     -5.98541683167E+07  2.59445626407E+05 -2.30700240145E+02   4.21712659              400  0.10931    
      249300 -0.683306737         982067.1        0.000000       -14632.30     -5.98539008943E+07  2.59444467035E+05 -2.30700240319E+02   4.21704457              400  0.10764    
      249400 -0.683311482         982056.9        0.000000       -14633.42     -5.98537162102E+07  2.59443666417E+05 -2.30700240391E+02   4.21702143              400  0.11019    
      249500 -0.683369284         982092.9        0.000000       -14637.06     -5.98555772861E+07  2.59451733592E+05 -2.30700240301E+02   4.21691812              400  0.11201    
      249600 -0.683412450         982116.4        0.000000       -14633.70     -5.98555972621E+07  2.59451820552E+05 -2.30700239970E+02   4.21696672              400  0.10775    
      249700 -0.683350133         982057.3        0.000000       -14629.96     -5.98543869268E+07  2.59446574088E+05 -2.30700240068E+02   4.21708982              400  0.10967    
      249800 -0.683074648         982021.0        0.000000       -14629.54     -5.98502295749E+07  2.59428553637E+05 -2.30700239953E+02   4.21705172              400  0.10766    
      249900 -0.683139122         982080.3        0.000000       -14624.41     -5.98498279632E+07  2.59426812175E+05 -2.30700240509E+02   4.21683297              400  0.10761    
      250000 -0.683416200         982120.1        0.000000       -14627.78     -5.98538786840E+07  2.59444370420E+05 -2.30700240622E+02   4.21685170              400  0.10961    
      250100 -0.683530244         982136.1        0.000000       -14625.62     -5.98558145668E+07  2.59452761764E+05 -2.30700240613E+02   4.21681882              400  0.10767    
      250200 -0.683514041         982111.2        0.000000       -14627.93     -5.98567705276E+07  2.59456904404E+05 -2.30700241588E+02   4.21693377              400  0.10926    
      250300 -0.683545465         982153.0        0.000000       -14629.68     -5.98574225564E+07  2.59459730430E+05 -2.30700241834E+02   4.21683871              400  0.11565    
      250400 -0.683697052         982177.4        0.000000       -14624.40     -5.98585929493E+07  2.59464803715E+05 -2.30700241776E+02   4.21687493              400  0.10764    
      250500 -0.683771403         982152.4        0.000000       -14628.08     -5.98597217857E+07  2.59469697000E+05 -2.30700241600E+02   4.21699626              400  0.11044    
      250600 -0.683609994         982103.1        0.000000       -14630.22     -5.98585549839E+07  2.59464639146E+05 -2.30700241778E+02   4.21703032              400  0.10778    
      250700 -0.683585393         982179.5        0.000000       -14629.41     -5.98598791021E+07  2.59470378641E+05 -2.30700241837E+02   4.21688654              400  0.10789    
      250800 -0.683853864         982202.2        0.000000       -14630.57     -5.98605214206E+07  2.59473162841E+05 -2.30700241848E+02   4.21691609              400  0.10937    
      250900 -0.683783194         982156.4        0.000000       -14627.78     -5.98598847210E+07  2.59470402970E+05 -2.30700241861E+02   4.21702074              400  0.10783    
      251000 -0.683552964         982087.0        0.000000       -14625.38     -5.98572602952E+07  2.59459026945E+05 -2.30700241961E+02   4.21715532              400  0.10756    
      251100 -0.683510503         982128.0        0.000000       -14629.99     -5.98558107895E+07  2.59452743494E+05 -2.30700242300E+02   4.21687834              400  0.10961    
      251200 -0.683624106         982146.6        0.000000       -14629.44     -5.98566886010E+07  2.59456548114E+05 -2.30700242627E+02   4.21696141              400  0.11183    
      251300 -0.683610788         982115.8        0.000000       -14632.06     -5.98576307075E+07  2.59460631887E+05 -2.30700242546E+02   4.21701812              400  0.10943    
      251400 -0.683520755         982099.1        0.000000       -14630.39     -5.98577578849E+07  2.59461183388E+05 -2.30700242337E+02   4.21693849              400  0.10814    
      251500 -0.683356790         982025.1        0.000000       -14629.62     -5.98580476821E+07  2.59462439711E+05 -2.30700242196E+02   4.21718385              400  0.10779    
      251600 -0.682949539         981977.1        0.000000       -14632.12     -5.98540038121E+07  2.59444911631E+05 -2.30700241666E+02   4.21706864              400  0.10958    
      251700 -0.682837002         982001.6        0.000000       -14631.27     -5.98524762897E+07  2.59438290748E+05 -2.30700241344E+02   4.21696234              400  0.10822    
      251800 -0.683140708         982086.6        0.000000       -14634.65     -5.98539297805E+07  2.59444591089E+05 -2.30700241347E+02   4.21682733              400  0.10826    
      251900 -0.683617514         982171.0        0.000000       -14633.47     -5.98584141414E+07  2.59464029125E+05 -2.30700241353E+02   4.21692102              400  0.11454    
      252000 -0.683828153         982207.9        0.000000       -14631.75     -5.98586731759E+07  2.59465152234E+05 -2.30700241094E+02   4.21681674              400  0.10831    
      252100 -0.684016719         982198.6        0.000000       -14634.53     -5.98601633258E+07  2.59471611424E+05 -2.30700241145E+02   4.21702914              400  0.10773    
      252200 -0.683730814         982119.2        0.000000       -14631.64     -5.98580364711E+07  2.59462392448E+05 -2.30700241012E+02   4.21716393              400  0.11036    
      252300 -0.683465169         982062.9        0.000000       -14631.02     -5.98546264512E+07  2.59447611929E+05 -2.30700240431E+02   4.21716189              400  0.10779    
      252400 -0.683128518         982015.9        0.000000       -14630.72     -5.98500109154E+07  2.59427605510E+05 -2.30700240237E+02   4.21714456              400  0.10964    
      252500 -0.682993119         982026.8        0.000000       -14633.72     -5.98484654083E+07  2.59420906444E+05 -2.30700240118E+02   4.21694243              400  0.10810    
      252600 -0.683348265         982142.5        0.000000       -14637.56     -5.98526124279E+07  2.59438882460E+05 -2.30700239919E+02   4.21668793              400  0.10789    
      252700 -0.683643229         982127.6        0.000000       -14642.15     -5.98558446144E+07  2.59452892933E+05 -2.30700239792E+02   4.21706630              400  0.11051    
      252800 -0.683413819         982124.4        0.000000       -14640.60     -5.98525656663E+07  2.59438680181E+05 -2.30700239550E+02   4.21685771              400  0.10765    
      252900 -0.683704073         982201.2        0.000000       -14644.23     -5.98578529737E+07  2.59461598522E+05 -2.30700239707E+02   4.21670858              400  0.10790    
      253000 -0.683747306         982158.1        0.000000       -14643.70     -5.98603958405E+07  2.59472621141E+05 -2.30700239499E+02   4.21703501              400  0.11034    
      253100 -0.683726594         982174.4        0.000000       -14645.18     -5.98596201659E+07  2.59469259123E+05 -2.30700239282E+02   4.21686588              400  0.10819    
      253200 -0.683710906         982131.6        0.000000       -14643.76     -5.98606306119E+07  2.59473639299E+05 -2.30700239044E+02   4.21711742              400  0.10843    
      253300 -0.683560266         982152.2        0.000000       -14640.91     -5.98581152626E+07  2.59462735830E+05 -2.30700239366E+02   4.21690292              400  0.10965    
      253400 -0.683659881         982106.7        0.000000       -14638.74     -5.98583066868E+07  2.59463565314E+05 -2.30700239605E+02   4.21711237              400  0.10805    
      253500 -0.683576931         982093.6        0.000000       -14630.78     -5.98562352749E+07  2.59454586287E+05 -2.30700239805E+02   4.21720810              400  0.10933    
      253600 -0.683283664         982031.1        0.000000       -14629.16     -5.98517459093E+07  2.59435125985E+05 -2.30700240309E+02   4.21716779              400  0.10806    
      253700 -0.683213576         982048.3        0.000000       -14630.84     -5.98508860797E+07  2.59431399137E+05 -2.30700240136E+02   4.21705371              400  0.10781    
      253800 -0.683393300         982110.9        0.000000       -14629.91     -5.98520439498E+07  2.59436418071E+05 -2.30700240139E+02   4.21699987              400  0.10987    
      253900 -0.683499673         982142.7        0.000000       -14624.23     -5.98512799172E+07  2.59433105940E+05 -2.30700240435E+02   4.21694758              400  0.10820    
      254000 -0.683670546         982165.3        0.000000       -14623.18     -5.98514325247E+07  2.59433767114E+05 -2.30700240723E+02   4.21688424              400  0.10760    
      254100 -0.683844859         982170.1        0.000000       -14624.58     -5.98529172666E+07  2.59440203384E+05 -2.30700240310E+02   4.21696811              400  0.10962    
      254200 -0.683714330         982141.3        0.000000       -14623.11     -5.98521792462E+07  2.59437005053E+05 -2.30700239675E+02   4.21715653              400  0.10835    
      254300 -0.683481783         982110.1        0.000000       -14630.57     -5.98490377615E+07  2.59423388001E+05 -2.30700239568E+02   4.21691922              400  0.10772    
      254400 -0.683513246         982119.7        0.000000       -14627.62     -5.98506563152E+07  2.59430403959E+05 -2.30700239454E+02   4.21697339              400  0.10954    
      254500 -0.683329269         982060.0        0.000000       -14626.34     -5.98481854159E+07  2.59419693277E+05 -2.30700239677E+02   4.21708720              400  0.10774    
      254600 -0.683129048         982077.9        0.000000       -14625.82     -5.98461839807E+07  2.59411018005E+05 -2.30700239492E+02   4.21684252              400  0.10874    
      254700 -0.683272130         982108.9        0.000000       -14622.30     -5.98470047698E+07  2.59414575688E+05 -2.30700239611E+02   4.21684496              400  0.10996    
      254800 -0.683455416         982092.7        0.000000       -14619.29     -5.98475750164E+07  2.59417047861E+05 -2.30700239286E+02   4.21708516              400  0.10764    
