# FIXEDNODEStats VERSION 1 - REAL : NEl=  10 | PQ-Partition= F | P-Space Type= " SEMI-STOCH-INIT " | Trial Proj. Energy= T | Stochastic Sign-Flip-Potential= F | Back-Flow Correlations= T | Jastrow Correlations= T | Time-Reversal Initialization= F | Importance Sampling= F | Singles Only= F
#     1.Step   2.Shift    3.TotWalkers  4.Annihil  5.NoatHF  6.TrialNum    7.TrialDenom     8.TrialProj.E  9.TrialOverlap  10.UniqueDets  13.IterTime 
#           0   0.00000000         1000.000        0.000000       -1000.000      0.00000000000E+00  0.00000000000E+00    0.000000       0.00000000                1   0.0000    
         100   0.00000000         2120.279        0.000000       -1013.339     -2.11692995704E+06  1.27832922421E+03 -1.65601311223E+03   1.22532699              124  0.65328E-02
         200   0.00000000         3950.119        0.000000       -1083.892     -3.38164304865E+06  2.04203758888E+03 -1.65601410428E+03   1.69451848              203  0.68637E-02
         300   0.00000000         6934.807        0.000000       -1222.248     -5.36436474252E+06  3.23932040892E+03 -1.65601548021E+03   2.13043356              256  0.75272E-02
         400   0.00000000         11827.86        0.000000       -1447.400     -8.53917523965E+06  5.15645445516E+03 -1.65601680649E+03   2.50048068              302  0.84403E-02
         500   0.00000000         19757.24        0.000000       -1786.419     -1.36105304714E+07  8.21883048752E+03 -1.65601790815E+03   2.79664149              338  0.10154E-01
         600   0.00000000         32543.30        0.000000       -2300.649     -2.16564585918E+07  1.30774229647E+04 -1.65601882345E+03   3.01190104              350  0.12029E-01
         700   0.00000000         53127.25        0.000000       -3061.453     -3.44431204538E+07  2.07987402737E+04 -1.65601954737E+03   3.16288224              373  0.15339E-01
         800   0.00000000         86174.12        0.000000       -4193.590     -5.47218228723E+07  3.30441779826E+04 -1.65602009834E+03   3.26510567              385  0.20318E-01
         900   0.00000000         139262.7        0.000000       -5895.215     -8.70688654332E+07  5.25771641051E+04 -1.65602057310E+03   3.33340397              406  0.27212E-01
        1000   0.00000000         224548.4        0.000000       -8497.974     -1.38664382777E+08  8.37334716948E+04 -1.65602094325E+03   3.37874479              418  0.37974E-01
        1100   0.00000000         360683.2        0.000000       -12453.56     -2.20789208825E+08  1.33325107678E+05 -1.65602123013E+03   3.41005502              425  0.60631E-01
        1200   0.00000000         578612.8        0.000000       -18557.29     -3.51468836734E+08  2.12236887335E+05 -1.65602144447E+03   3.43079523              432  0.87742E-01
        1300   0.00000000         926917.2        0.000000       -28052.51     -5.59629863517E+08  3.37936321603E+05 -1.65602164592E+03   3.44373725              436  0.13836    
        1400  -4.15345841         1483044.        0.000000       -42720.79     -8.91130886874E+08  5.38115429955E+05 -1.65602180734E+03   3.45315400              439  0.22507    
        1500  -5.43145201         1567211.        0.000000       -43546.88     -1.14564571874E+09  6.91805883304E+05 -1.65602193677E+03   4.22537163              439  0.29100    
        1600  -5.38881541         1456065.        0.000000       -39218.19     -1.13179960667E+09  6.83444768982E+05 -1.65602204894E+03   4.51328513              439  0.28610    
        1700  -5.03225201         1358378.        0.000000       -35602.08     -1.05067572885E+09  6.34457534695E+05 -1.65602214711E+03   4.50703646              438  0.26515    
        1800  -4.77080764         1312699.        0.000000       -33659.84     -9.94576341541E+08  6.00581515978E+05 -1.65602223026E+03   4.42790617              439  0.24297    
        1900  -4.66168475         1301032.        0.000000       -32780.37     -9.71062058274E+08  5.86382236609E+05 -1.65602229680E+03   4.37138802              439  0.23951    
        2000  -4.64400973         1303369.        0.000000       -32374.94     -9.65917508019E+08  5.83275644620E+05 -1.65602235740E+03   4.34780774              438  0.23486    
        2100  -4.65776571         1308246.        0.000000       -32098.75     -9.67206321973E+08  5.84053886286E+05 -1.65602240595E+03   4.34526759              439  0.23658    
        2200  -4.67052595         1310529.        0.000000       -31876.05     -9.68246008481E+08  5.84681689882E+05 -1.65602245673E+03   4.34782795              435  0.23537    
        2300  -4.67682147         1311273.        0.000000       -31633.30     -9.68545680034E+08  5.84862634503E+05 -1.65602249639E+03   4.35043185              437  0.23282    
        2400  -4.67769226         1310890.        0.000000       -31445.63     -9.67894441694E+08  5.84469369878E+05 -1.65602252501E+03   4.35238791              437  0.23413    
        2500  -4.67620542         1310238.        0.000000       -31323.86     -9.66868198170E+08  5.83849657731E+05 -1.65602254856E+03   4.35377217              436  0.23966    
        2600  -4.67348065         1309533.        0.000000       -31150.24     -9.65648020307E+08  5.83112837056E+05 -1.65602257220E+03   4.35285142              438  0.23622    
        2700  -4.67069416         1309171.        0.000000       -30994.04     -9.64552041171E+08  5.82451013764E+05 -1.65602259826E+03   4.35156549              439  0.23487    
        2800  -4.66952497         1308820.        0.000000       -30882.34     -9.64037782061E+08  5.82140469665E+05 -1.65602261361E+03   4.35162710              438  0.23656    
        2900  -4.66887470         1308594.        0.000000       -30799.50     -9.63561277778E+08  5.81852723420E+05 -1.65602263080E+03   4.35190220              440  0.23306    
        3000  -4.66824692         1308623.        0.000000       -30763.54     -9.63159886375E+08  5.81610336147E+05 -1.65602264354E+03   4.35068470              439  0.23608    
        3100  -4.66893709         1308770.        0.000000       -30722.87     -9.63112508444E+08  5.81581725397E+05 -1.65602264718E+03   4.35078640              438  0.23664    
        3200  -4.66903417         1308844.        0.000000       -30678.64     -9.62960220250E+08  5.81489761795E+05 -1.65602265684E+03   4.35042479              437  0.23681    
        3300  -4.66906013         1308740.        0.000000       -30646.87     -9.62756123244E+08  5.81366514433E+05 -1.65602266272E+03   4.35162839              437  0.23430    
        3400  -4.66730197         1308271.        0.000000       -30629.96     -9.62135500376E+08  5.80991743375E+05 -1.65602267390E+03   4.35112438              440  0.23293    
        3500  -4.66699761         1308226.        0.000000       -30597.23     -9.61842031829E+08  5.80814528863E+05 -1.65602267855E+03   4.35062326              440  0.23391    
        3600  -4.66646100         1308004.        0.000000       -30579.83     -9.61738370617E+08  5.80751928162E+05 -1.65602269055E+03   4.35132092              440  0.23385    
        3700  -4.66521230         1307572.        0.000000       -30511.82     -9.61362377770E+08  5.80524879901E+05 -1.65602269783E+03   4.35160534              439  0.23492    
        3800  -4.66392784         1307379.        0.000000       -30515.05     -9.60941397680E+08  5.80270666343E+05 -1.65602270357E+03   4.35063975              440  0.23238    
        3900  -4.66433274         1307880.        0.000000       -30557.45     -9.60941563010E+08  5.80270765209E+05 -1.65602270634E+03   4.34973906              438  0.23486    
        4000  -4.66547266         1308003.        0.000000       -30503.76     -9.61014032929E+08  5.80314522915E+05 -1.65602271696E+03   4.34984430              438  0.23717    
        4100  -4.66615853         1307760.        0.000000       -30534.22     -9.61042298370E+08  5.80331588904E+05 -1.65602272346E+03   4.35096875              437  0.23402    
        4200  -4.66506843         1307487.        0.000000       -30495.12     -9.60804822115E+08  5.80188188146E+05 -1.65602272115E+03   4.35160567              438  0.23380    
        4300  -4.66468094         1307812.        0.000000       -30465.17     -9.60533565425E+08  5.80024385316E+05 -1.65602272894E+03   4.35035173              440  0.23142    
        4400  -4.66527560         1308011.        0.000000       -30458.60     -9.60572795444E+08  5.80048073918E+05 -1.65602273094E+03   4.34940013              440  0.23789    
        4500  -4.66544587         1307912.        0.000000       -30469.10     -9.60750119615E+08  5.80155153707E+05 -1.65602272681E+03   4.35033279              437  0.24260    
        4600  -4.66522719         1307760.        0.000000       -30453.31     -9.60626762209E+08  5.80080665151E+05 -1.65602272222E+03   4.35021596              438  0.23601    
        4700  -4.66555714         1307781.        0.000000       -30450.03     -9.60652087739E+08  5.80095957007E+05 -1.65602272544E+03   4.35071018              439  0.23173    
        4800  -4.66424399         1307354.        0.000000       -30395.68     -9.60422361910E+08  5.79957234476E+05 -1.65602272860E+03   4.35135016              440  0.23313    
        4900  -4.66360577         1307637.        0.000000       -30400.37     -9.60177459011E+08  5.79809348599E+05 -1.65602272770E+03   4.34905885              440  0.23699    
        5000  -4.66443799         1307807.        0.000000       -30420.95     -9.60431219826E+08  5.79962585272E+05 -1.65602272322E+03   4.34984744              438  0.23430    
        5100  -4.66510010         1307995.        0.000000       -30435.68     -9.60497446417E+08  5.80002574074E+05 -1.65602273050E+03   4.35017585              436  0.23594    
        5200  -4.66599210         1308048.        0.000000       -30429.03     -9.60496413373E+08  5.80001950267E+05 -1.65602273049E+03   4.34985845              437  0.23149    
        5300  -4.66590019         1307820.        0.000000       -30456.50     -9.60497640111E+08  5.80002692835E+05 -1.65602272537E+03   4.35053727              438  0.23429    
        5400  -4.66477394         1307366.        0.000000       -30398.34     -9.60271479387E+08  5.79866124235E+05 -1.65602272534E+03   4.35112357              439  0.23501    
        5500  -4.66406556         1307573.        0.000000       -30450.02     -9.60214901168E+08  5.79831957222E+05 -1.65602273074E+03   4.35000202              439  0.23650    
        5600  -4.66412573         1307607.        0.000000       -30425.07     -9.60281444433E+08  5.79872139410E+05 -1.65602273186E+03   4.35007907              438  0.23505    
        5700  -4.66448990         1307539.        0.000000       -30443.62     -9.60337932981E+08  5.79906250677E+05 -1.65602273102E+03   4.35024675              438  0.23110    
        5800  -4.66370589         1307300.        0.000000       -30446.23     -9.60319887713E+08  5.79895355288E+05 -1.65602272713E+03   4.35037705              440  0.23240    
        5900  -4.66343447         1307336.        0.000000       -30395.01     -9.60300975422E+08  5.79883935510E+05 -1.65602272561E+03   4.35034689              439  0.23295    
        6000  -4.66376960         1307329.        0.000000       -30418.32     -9.60424892315E+08  5.79958765666E+05 -1.65602271950E+03   4.35041457              439  0.23465    
        6100  -4.66279818         1307222.        0.000000       -30417.78     -9.60311329087E+08  5.79890188261E+05 -1.65602272383E+03   4.35030434              439  0.23176    
        6200  -4.66422529         1308003.        0.000000       -30436.40     -9.60440646514E+08  5.79968276649E+05 -1.65602272604E+03   4.34932448              439  0.23395    
        6300  -4.66654028         1308330.        0.000000       -30406.39     -9.60812402414E+08  5.80192762216E+05 -1.65602273069E+03   4.34964271              438  0.23440    
        6400  -4.66638671         1307871.        0.000000       -30379.57     -9.60722072783E+08  5.80138213794E+05 -1.65602273724E+03   4.35160287              437  0.23364    
        6500  -4.66506039         1307700.        0.000000       -30399.59     -9.60441952963E+08  5.79969062326E+05 -1.65602273527E+03   4.35085041              440  0.23671    
        6600  -4.66433312         1307481.        0.000000       -30429.68     -9.60253722150E+08  5.79855398176E+05 -1.65602273458E+03   4.35075102              440  0.23050    
        6700  -4.66412388         1307749.        0.000000       -30429.56     -9.60138300287E+08  5.79785696115E+05 -1.65602274551E+03   4.34964980              440  0.23130    
        6800  -4.66464116         1307758.        0.000000       -30417.42     -9.60225606416E+08  5.79838415852E+05 -1.65602274731E+03   4.35033729              437  0.23436    
        6900  -4.66460681         1307611.        0.000000       -30382.74     -9.60076010998E+08  5.79748079853E+05 -1.65602275258E+03   4.35019022              439  0.23253    
        7000  -4.66573810         1308178.        0.000000       -30428.93     -9.60294112202E+08  5.79879783737E+05 -1.65602274667E+03   4.34953033              438  0.23459    
        7100  -4.66609465         1307995.        0.000000       -30426.12     -9.60418232749E+08  5.79954735790E+05 -1.65602274364E+03   4.35063085              439  0.23561    
        7200  -4.66485182         1307662.        0.000000       -30405.39     -9.60148722905E+08  5.79791987834E+05 -1.65602275135E+03   4.35087678              438  0.24053    
        7300  -4.66413076         1307404.        0.000000       -30400.20     -9.59936129679E+08  5.79663612678E+05 -1.65602274955E+03   4.35076313              438  0.23338    
        7400  -4.66444782         1307545.        0.000000       -30448.35     -9.59998198012E+08  5.79701093653E+05 -1.65602274780E+03   4.34969322              440  0.23701    
        7500  -4.66449908         1307516.        0.000000       -30454.81     -9.60203559631E+08  5.79825104914E+05 -1.65602274116E+03   4.35067958              438  0.23090    
        7600  -4.66468317         1307592.        0.000000       -30475.27     -9.60239057101E+08  5.79846539432E+05 -1.65602274361E+03   4.35007696              439  0.23268    
        7700  -4.66493139         1307935.        0.000000       -30455.62     -9.60314922791E+08  5.79892347942E+05 -1.65602275353E+03   4.34972078              439  0.23260    
        7800  -4.66541755         1307899.        0.000000       -30431.73     -9.60386334425E+08  5.79935470054E+05 -1.65602275428E+03   4.35010976              440  0.23194    
        7900  -4.66528082         1307846.        0.000000       -30447.00     -9.60409538124E+08  5.79949483574E+05 -1.65602274909E+03   4.35008855              440  0.23173    
        8000  -4.66601278         1308216.        0.000000       -30486.14     -9.60641360245E+08  5.80089471456E+05 -1.65602274738E+03   4.34949320              440  0.23493    
        8100  -4.66671677         1308253.        0.000000       -30465.49     -9.60828187429E+08  5.80202288907E+05 -1.65602274551E+03   4.35031147              439  0.23366    
        8200  -4.66632206         1307972.        0.000000       -30436.22     -9.60841104799E+08  5.80210091389E+05 -1.65602273910E+03   4.35043106              439  0.23379    
        8300  -4.66532640         1307914.        0.000000       -30425.30     -9.60722554592E+08  5.80138504717E+05 -1.65602273729E+03   4.34999225              438  0.23492    
        8400  -4.66424221         1307665.        0.000000       -30432.74     -9.60588272046E+08  5.80057418396E+05 -1.65602273427E+03   4.35031076              436  0.23218    
        8500  -4.66500746         1308017.        0.000000       -30438.39     -9.60632382476E+08  5.80084057500E+05 -1.65602272646E+03   4.34934853              439  0.23320    
        8600  -4.66693535         1308335.        0.000000       -30446.43     -9.60936725392E+08  5.80267836928E+05 -1.65602272647E+03   4.35022727              438  0.23205    
        8700  -4.66609604         1308137.        0.000000       -30479.64     -9.60867804565E+08  5.80226221104E+05 -1.65602271944E+03   4.35020207              437  0.23540    
        8800  -4.66585905         1307684.        0.000000       -30444.49     -9.60847714145E+08  5.80214088933E+05 -1.65602272070E+03   4.35111964              440  0.23262    
        8900  -4.66566750         1308088.        0.000000       -30421.27     -9.60846424773E+08  5.80213309623E+05 -1.65602272274E+03   4.34988762              438  0.23424    
        9000  -4.66568184         1307706.        0.000000       -30466.38     -9.60858826590E+08  5.80220796233E+05 -1.65602272933E+03   4.35014645              440  0.23713    
        9100  -4.66502365         1307729.        0.000000       -30444.16     -9.60806341510E+08  5.80189103589E+05 -1.65602272701E+03   4.35074006              438  0.23468    
        9200  -4.66457520         1307521.        0.000000       -30426.61     -9.60654651916E+08  5.80097504030E+05 -1.65602272935E+03   4.35059150              439  0.23293    
        9300  -4.66564303         1308430.        0.000000       -30468.18     -9.60784087373E+08  5.80175663877E+05 -1.65602273104E+03   4.34892529              438  0.23141    
        9400  -4.66682340         1308237.        0.000000       -30429.93     -9.60904840947E+08  5.80248580541E+05 -1.65602273434E+03   4.35051690              438  0.23110    
        9500  -4.66735724         1308224.        0.000000       -30424.34     -9.60948028782E+08  5.80274659120E+05 -1.65602273627E+03   4.35042409              440  0.23309    
        9600  -4.66619324         1307867.        0.000000       -30423.76     -9.60815283053E+08  5.80194502747E+05 -1.65602272773E+03   4.35053053              440  0.23323    
        9700  -4.66544645         1307986.        0.000000       -30441.41     -9.60705172020E+08  5.80128012234E+05 -1.65602272561E+03   4.35041398              440  0.23479    
        9800  -4.66634106         1308206.        0.000000       -30404.57     -9.60603704904E+08  5.80066738709E+05 -1.65602273118E+03   4.35034557              440  0.23185    
        9900  -4.66585750         1307798.        0.000000       -30397.19     -9.60519096806E+08  5.80015647944E+05 -1.65602273010E+03   4.35121584              439  0.23557    
       10000  -4.66463360         1307523.        0.000000       -30444.25     -9.60249571740E+08  5.79852893679E+05 -1.65602272957E+03   4.35089511              440  0.23531    
       10100  -4.66479430         1307804.        0.000000       -30422.65     -9.60162506841E+08  5.79800319257E+05 -1.65602272877E+03   4.34990672              438  0.23448    
       10200  -4.66393921         1307418.        0.000000       -30418.91     -9.60109360293E+08  5.79768223584E+05 -1.65602273674E+03   4.35033725              438  0.23391    
       10300  -4.66437162         1307599.        0.000000       -30441.43     -9.60230454374E+08  5.79841346433E+05 -1.65602273843E+03   4.34998389              439  0.23379    
       10400  -4.66496858         1307889.        0.000000       -30462.94     -9.60355305541E+08  5.79916740189E+05 -1.65602273393E+03   4.34992188              439  0.23231    
       10500  -4.66564457         1307899.        0.000000       -30423.28     -9.60433025536E+08  5.79963670016E+05 -1.65602273934E+03   4.34988768              437  0.23522    
       10600  -4.66521376         1307586.        0.000000       -30464.15     -9.60383674613E+08  5.79933869464E+05 -1.65602273842E+03   4.35086453              440  0.23137    
       10700  -4.66286709         1306972.        0.000000       -30416.31     -9.60067715999E+08  5.79743077899E+05 -1.65602273248E+03   4.35059496              439  0.23758    
       10800  -4.66362642         1307599.        0.000000       -30431.67     -9.60242259431E+08  5.79848477701E+05 -1.65602273069E+03   4.34967637              440  0.23408    
       10900  -4.66524789         1307913.        0.000000       -30476.22     -9.60560633984E+08  5.80040729410E+05 -1.65602273303E+03   4.34996766              440  0.23669    
       11000  -4.66530633         1307826.        0.000000       -30476.44     -9.60605678084E+08  5.80067928430E+05 -1.65602273631E+03   4.34993204              437  0.23306    
       11100  -4.66594401         1307806.        0.000000       -30505.59     -9.60646984231E+08  5.80092873569E+05 -1.65602273015E+03   4.35064977              438  0.23199    
       11200  -4.66486077         1307754.        0.000000       -30467.72     -9.60552906623E+08  5.80036065202E+05 -1.65602272729E+03   4.34998242              438  0.23445    
       11300  -4.66536915         1308104.        0.000000       -30485.04     -9.60762748870E+08  5.80162780289E+05 -1.65602272588E+03   4.34913792              440  0.23411    
       11400  -4.66603251         1308211.        0.000000       -30525.67     -9.60916188725E+08  5.80255435214E+05 -1.65602272794E+03   4.34971113              440  0.23707    
       11500  -4.66653968         1308240.        0.000000       -30505.09     -9.60978774432E+08  5.80293226592E+05 -1.65602273195E+03   4.35000011              439  0.23195    
       11600  -4.66597955         1307817.        0.000000       -30445.24     -9.60757413285E+08  5.80159556230E+05 -1.65602273197E+03   4.35125405              439  0.23053    
       11700  -4.66493261         1307689.        0.000000       -30445.70     -9.60513297772E+08  5.80012145521E+05 -1.65602273192E+03   4.35078612              440  0.23322    
       11800  -4.66544509         1308292.        0.000000       -30453.25     -9.60530165758E+08  5.80022329498E+05 -1.65602273724E+03   4.34937622              438  0.23576    
       11900  -4.66699451         1308385.        0.000000       -30429.66     -9.60726666078E+08  5.80140986033E+05 -1.65602274138E+03   4.35010084              439  0.23500    
       12000  -4.66619109         1307992.        0.000000       -30457.42     -9.60587133464E+08  5.80056727637E+05 -1.65602274346E+03   4.35019091              439  0.23470    
       12100  -4.66579827         1308046.        0.000000       -30465.52     -9.60599403605E+08  5.80064140539E+05 -1.65602273347E+03   4.34995047              440  0.23535    
       12200  -4.66558771         1307761.        0.000000       -30457.35     -9.60680805410E+08  5.80113298053E+05 -1.65602272631E+03   4.35067184              437  0.23407    
       12300  -4.66491448         1307726.        0.000000       -30435.36     -9.60565829469E+08  5.80043870700E+05 -1.65602272171E+03   4.35067983              438  0.23627    
       12400  -4.66439818         1307651.        0.000000       -30469.02     -9.60395794784E+08  5.79941192196E+05 -1.65602272732E+03   4.35014604              438  0.23228    
       12500  -4.66413749         1307429.        0.000000       -30431.91     -9.60290302511E+08  5.79877489269E+05 -1.65602272943E+03   4.35117566              439  0.23077    
       12600  -4.66335817         1307265.        0.000000       -30419.40     -9.60014004484E+08  5.79710641451E+05 -1.65602273935E+03   4.35029899              436  0.23537    
       12700  -4.66291926         1307140.        0.000000       -30475.42     -9.59950436354E+08  5.79672255087E+05 -1.65602274031E+03   4.35012819              437  0.23359    
       12800  -4.66341113         1307669.        0.000000       -30499.88     -9.60233289368E+08  5.79843057933E+05 -1.65602273966E+03   4.34876139              440  0.23147    
       12900  -4.66649386         1308323.        0.000000       -30520.07     -9.60881905690E+08  5.80234731308E+05 -1.65602273329E+03   4.34959564              439  0.23209    
       13000  -4.66718275         1308505.        0.000000       -30489.86     -9.60974019950E+08  5.80290356730E+05 -1.65602272863E+03   4.34929851              439  0.23512    
       13100  -4.66850657         1308708.        0.000000       -30479.38     -9.61258907696E+08  5.80462387983E+05 -1.65602272877E+03   4.34988597              439  0.23356    
       13200  -4.66940514         1308951.        0.000000       -30500.83     -9.61469982939E+08  5.80589849098E+05 -1.65602272315E+03   4.34984524              437  0.23579    
       13300  -4.66854385         1308662.        0.000000       -30531.23     -9.61482910082E+08  5.80597658361E+05 -1.65602271424E+03   4.35032895              439  0.23282    
       13400  -4.66713413         1308132.        0.000000       -30519.88     -9.61236700561E+08  5.80448983861E+05 -1.65602271222E+03   4.35059116              439  0.23151    
       13500  -4.66646413         1308312.        0.000000       -30492.49     -9.61070260895E+08  5.80348474968E+05 -1.65602272143E+03   4.35020388              438  0.23559    
       13600  -4.66573827         1307768.        0.000000       -30497.99     -9.60799161354E+08  5.80184767958E+05 -1.65602272658E+03   4.35123793              437  0.23305    
       13700  -4.66534520         1308043.        0.000000       -30487.89     -9.60683547305E+08  5.80114951232E+05 -1.65602273354E+03   4.34983192              440  0.23293    
       13800  -4.66546734         1307853.        0.000000       -30467.39     -9.60741523768E+08  5.80149963236E+05 -1.65602272628E+03   4.35044631              435  0.23249    
       13900  -4.66548805         1307778.        0.000000       -30463.04     -9.60621201018E+08  5.80077305259E+05 -1.65602272716E+03   4.35106647              439  0.23412    
       14000  -4.66516617         1307673.        0.000000       -30458.48     -9.60417384381E+08  5.79954229912E+05 -1.65602272532E+03   4.35052362              438  0.23137    
       14100  -4.66474236         1307742.        0.000000       -30432.43     -9.60351937618E+08  5.79914709522E+05 -1.65602272515E+03   4.35047390              440  0.23426    
       14200  -4.66484258         1307907.        0.000000       -30444.82     -9.60339747565E+08  5.79907346389E+05 -1.65602273112E+03   4.34948818              439  0.23235    
       14300  -4.66512672         1307921.        0.000000       -30428.96     -9.60567080864E+08  5.80044624301E+05 -1.65602272760E+03   4.35014456              440  0.23075    
       14400  -4.66467009         1307904.        0.000000       -30454.36     -9.60466826984E+08  5.79984086212E+05 -1.65602272513E+03   4.34940737              438  0.23247    
       14500  -4.66556346         1307869.        0.000000       -30452.40     -9.60716904101E+08  5.80135098498E+05 -1.65602272055E+03   4.35036193              436  0.23382    
       14600  -4.66532987         1307887.        0.000000       -30456.82     -9.60758727074E+08  5.80160351575E+05 -1.65602272625E+03   4.34979224              438  0.23422    
       14700  -4.66521552         1307648.        0.000000       -30411.55     -9.60815459291E+08  5.80194606797E+05 -1.65602273450E+03   4.35128107              439  0.23158    
       14800  -4.66434184         1307621.        0.000000       -30422.12     -9.60611373104E+08  5.80071368509E+05 -1.65602273316E+03   4.35022787              436  0.23295    
       14900  -4.66350556         1307405.        0.000000       -30431.44     -9.60433364104E+08  5.79963876099E+05 -1.65602273466E+03   4.35029504              439  0.23812    
       15000  -4.66355497         1307514.        0.000000       -30473.82     -9.60438998134E+08  5.79967278116E+05 -1.65602273503E+03   4.34967364              438  0.23699    
       15100  -4.66505597         1307988.        0.000000       -30469.34     -9.60663016027E+08  5.80102553360E+05 -1.65602273333E+03   4.34955336              437  0.23509    
       15200  -4.66550327         1307827.        0.000000       -30439.11     -9.60755138498E+08  5.80158182324E+05 -1.65602273271E+03   4.35049522              439  0.23091    
       15300  -4.66568184         1308034.        0.000000       -30433.81     -9.60779707347E+08  5.80173019213E+05 -1.65602273034E+03   4.35017215              440  0.23840    
       15400  -4.66523172         1307724.        0.000000       -30400.46     -9.60647041646E+08  5.80092908605E+05 -1.65602272911E+03   4.35078104              438  0.23417    
       15500  -4.66458724         1307792.        0.000000       -30380.48     -9.60470643830E+08  5.79986388532E+05 -1.65602273229E+03   4.34999063              436  0.23554    
       15600  -4.66398255         1307360.        0.000000       -30390.95     -9.60304263277E+08  5.79885917151E+05 -1.65602273633E+03   4.35044782              438  0.23131    
       15700  -4.66353800         1307508.        0.000000       -30387.43     -9.60178509873E+08  5.79809976815E+05 -1.65602274584E+03   4.35030125              438  0.23401    
       15800  -4.66375306         1307716.        0.000000       -30362.30     -9.60173206194E+08  5.79806775205E+05 -1.65602274284E+03   4.34917366              440  0.23544    
       15900  -4.66482887         1307872.        0.000000       -30427.10     -9.60532420757E+08  5.80023689383E+05 -1.65602274241E+03   4.34906248              439  0.23424    
       16000  -4.66575376         1308115.        0.000000       -30446.26     -9.60784523034E+08  5.80175921975E+05 -1.65602274524E+03   4.35023623              440  0.23229    
       16100  -4.66615669         1308018.        0.000000       -30439.07     -9.60710306089E+08  5.80131106169E+05 -1.65602274361E+03   4.35070827              437  0.23165    
       16200  -4.66464834         1307632.        0.000000       -30440.61     -9.60551181353E+08  5.80035019131E+05 -1.65602273944E+03   4.35057751              439  0.23374    
       16300  -4.66395969         1307698.        0.000000       -30424.75     -9.60329244455E+08  5.79900999904E+05 -1.65602274287E+03   4.34989565              439  0.23672    
       16400  -4.66482701         1307728.        0.000000       -30435.80     -9.60542649960E+08  5.80029866539E+05 -1.65602274188E+03   4.35018163              440  0.23330    
       16500  -4.66556773         1308206.        0.000000       -30448.10     -9.60716598955E+08  5.80134908807E+05 -1.65602273604E+03   4.34945289              439  0.23238    
       16600  -4.66694105         1308421.        0.000000       -30424.35     -9.61073342085E+08  5.80350332338E+05 -1.65602273064E+03   4.34989743              439  0.23509    
       16700  -4.66689042         1308102.        0.000000       -30439.47     -9.61025118722E+08  5.80321209903E+05 -1.65602273762E+03   4.35118744              440  0.23397    
       16800  -4.66552385         1307661.        0.000000       -30421.60     -9.60645887750E+08  5.80092210454E+05 -1.65602273300E+03   4.35107489              439  0.23536    
       16900  -4.66490830         1307882.        0.000000       -30438.61     -9.60483772221E+08  5.79994316309E+05 -1.65602273197E+03   4.35000260              438  0.23644    
       17000  -4.66491863         1307746.        0.000000       -30472.56     -9.60509755986E+08  5.80010005509E+05 -1.65602273558E+03   4.35001728              440  0.23114    
       17100  -4.66526535         1307836.        0.000000       -30451.57     -9.60604873622E+08  5.80067445040E+05 -1.65602272949E+03   4.34958013              438  0.23568    
       17200  -4.66480416         1307730.        0.000000       -30461.01     -9.60559275331E+08  5.80039909729E+05 -1.65602273088E+03   4.35029175              439  0.23396    
       17300  -4.66465067         1307806.        0.000000       -30475.58     -9.60438541713E+08  5.79967002245E+05 -1.65602273577E+03   4.34996931              438  0.23147    
       17400  -4.66478423         1307562.        0.000000       -30480.78     -9.60443568050E+08  5.79970037463E+05 -1.65602273568E+03   4.35056619              439  0.23284    
       17500  -4.66350813         1307058.        0.000000       -30494.55     -9.60254258562E+08  5.79855720750E+05 -1.65602273841E+03   4.35121341              438  0.23153    
       17600  -4.66341531         1307689.        0.000000       -30506.19     -9.60209910168E+08  5.79828940401E+05 -1.65602273923E+03   4.34948449              437  0.23452    
       17700  -4.66408736         1307430.        0.000000       -30479.20     -9.60297626480E+08  5.79881906305E+05 -1.65602274539E+03   4.35029946              438  0.23363    
       17800  -4.66442607         1307989.        0.000000       -30459.21     -9.60373749429E+08  5.79927871833E+05 -1.65602275054E+03   4.34946293              440  0.23663    
       17900  -4.66517735         1307586.        0.000000       -30493.28     -9.60468064525E+08  5.79984826635E+05 -1.65602274476E+03   4.35061614              439  0.23110    
       18000  -4.66393688         1307347.        0.000000       -30494.07     -9.60207261227E+08  5.79827340564E+05 -1.65602273996E+03   4.35060042              439  0.23386    
       18100  -4.66405336         1307549.        0.000000       -30474.80     -9.60336619408E+08  5.79905455553E+05 -1.65602273649E+03   4.35005034              440  0.23590    
       18200  -4.66362361         1307660.        0.000000       -30478.18     -9.60315424848E+08  5.79892657441E+05 -1.65602273546E+03   4.34976621              438  0.23582    
       18300  -4.66487259         1307949.        0.000000       -30499.30     -9.60419057867E+08  5.79955235102E+05 -1.65602274062E+03   4.34926324              439  0.23538    
       18400  -4.66597605         1308274.        0.000000       -30506.96     -9.60706383013E+08  5.80128739889E+05 -1.65602273591E+03   4.34944587              439  0.23187    
       18500  -4.66640160         1307950.        0.000000       -30525.51     -9.60748077081E+08  5.80153916721E+05 -1.65602273705E+03   4.35094571              440  0.23626    
       18600  -4.66536577         1307571.        0.000000       -30486.82     -9.60560118281E+08  5.80040415694E+05 -1.65602273961E+03   4.35091147              439  0.24480    
       18700  -4.66409530         1307347.        0.000000       -30465.86     -9.60410223382E+08  5.79949901846E+05 -1.65602273632E+03   4.35067718              439  0.23416    
       18800  -4.66410443         1307535.        0.000000       -30482.92     -9.60408643467E+08  5.79948948830E+05 -1.65602273339E+03   4.34996385              440  0.23285    
       18900  -4.66508154         1307835.        0.000000       -30482.86     -9.60526238750E+08  5.80019959210E+05 -1.65602273421E+03   4.34985425              438  0.23355    
       19000  -4.66551123         1307907.        0.000000       -30497.86     -9.60600533123E+08  5.80064823388E+05 -1.65602273124E+03   4.35080341              439  0.23487    
       19100  -4.66470043         1307502.        0.000000       -30492.10     -9.60390327597E+08  5.79937886882E+05 -1.65602273850E+03   4.35047590              439  0.23818    
       19200  -4.66454701         1307698.        0.000000       -30513.46     -9.60358434980E+08  5.79918627415E+05 -1.65602274109E+03   4.34971595              440  0.23526    
       19300  -4.66540822         1307957.        0.000000       -30466.59     -9.60477748751E+08  5.79990676649E+05 -1.65602273868E+03   4.35023122              438  0.23170    
       19400  -4.66576461         1307975.        0.000000       -30433.94     -9.60505920552E+08  5.80007687239E+05 -1.65602274191E+03   4.35019827              438  0.23381    
       19500  -4.66603597         1308084.        0.000000       -30444.12     -9.60550826814E+08  5.80034805938E+05 -1.65602273688E+03   4.34994085              439  0.23265    
       19600  -4.66668124         1308309.        0.000000       -30448.61     -9.60701520265E+08  5.80125803410E+05 -1.65602273614E+03   4.34985162              438  0.24425    
       19700  -4.66643001         1308018.        0.000000       -30465.30     -9.60688618717E+08  5.80118013510E+05 -1.65602273390E+03   4.35106187              440  0.24332    
       19800  -4.66508234         1307628.        0.000000       -30457.27     -9.60402642012E+08  5.79945322730E+05 -1.65602273934E+03   4.35076988              440  0.24242    
       19900  -4.66451026         1307624.        0.000000       -30489.43     -9.60281817902E+08  5.79872363281E+05 -1.65602273657E+03   4.35021095              437  0.24299    
       20000  -4.66452748         1307669.        0.000000       -30492.91     -9.60289541793E+08  5.79877029084E+05 -1.65602273177E+03   4.34977597              437  0.24119    
       20100  -4.66425899         1307462.        0.000000       -30462.10     -9.60438169340E+08  5.79966779706E+05 -1.65602272914E+03   4.35047141              438  0.23851    
       20200  -4.66439841         1307741.        0.000000       -30430.16     -9.60474407648E+08  5.79988662495E+05 -1.65602272899E+03   4.35038380              438  0.23393    
       20300  -4.66537207         1308062.        0.000000       -30430.12     -9.60472592519E+08  5.79987567628E+05 -1.65602272553E+03   4.34964974              437  0.23259    
       20400  -4.66633388         1307857.        0.000000       -30455.27     -9.60640873211E+08  5.80089185569E+05 -1.65602272394E+03   4.35086802              439  0.23349    
       20500  -4.66549871         1307839.        0.000000       -30469.88     -9.60533695474E+08  5.80024463788E+05 -1.65602272911E+03   4.35035690              438  0.23326    
       20600  -4.66518971         1307995.        0.000000       -30478.16     -9.60513787302E+08  5.80012443058E+05 -1.65602272641E+03   4.34902202              439  0.23310    
       20700  -4.66679480         1308158.        0.000000       -30445.99     -9.60858256155E+08  5.80220452261E+05 -1.65602272793E+03   4.35017632              439  0.23227    
       20800  -4.66590637         1308148.        0.000000       -30458.39     -9.60767618081E+08  5.80165718375E+05 -1.65602273221E+03   4.34989304              440  0.23196    
       20900  -4.66616702         1307916.        0.000000       -30468.80     -9.60937024300E+08  5.80268017330E+05 -1.65602272674E+03   4.35079403              439  0.23203    
       21000  -4.66626900         1308286.        0.000000       -30461.35     -9.60855170963E+08  5.80218588146E+05 -1.65602273108E+03   4.35030312              438  0.23444    
       21100  -4.66572393         1307743.        0.000000       -30443.22     -9.60691063030E+08  5.80119488959E+05 -1.65602273551E+03   4.35086112              437  0.23568    
       21200  -4.66482873         1307753.        0.000000       -30437.00     -9.60538413151E+08  5.80027312434E+05 -1.65602272955E+03   4.35003124              437  0.23122    
       21300  -4.66503836         1307528.        0.000000       -30408.32     -9.60622941834E+08  5.80078357637E+05 -1.65602272380E+03   4.35123533              437  0.23409    
       21400  -4.66501556         1307730.        0.000000       -30396.13     -9.60515971098E+08  5.80013760840E+05 -1.65602272902E+03   4.35026430              438  0.23416    
       21500  -4.66478327         1307593.        0.000000       -30378.77     -9.60401772374E+08  5.79944797470E+05 -1.65602273969E+03   4.35044697              440  0.23236    
       21600  -4.66460237         1307491.        0.000000       -30400.27     -9.60373483024E+08  5.79927714867E+05 -1.65602273939E+03   4.35051912              440  0.23373    
       21700  -4.66379507         1307233.        0.000000       -30403.61     -9.60193412941E+08  5.79818978022E+05 -1.65602274044E+03   4.35095280              440  0.23210    
       21800  -4.66336053         1307326.        0.000000       -30390.00     -9.60102583136E+08  5.79764129750E+05 -1.65602274075E+03   4.35015395              438  0.23440    
       21900  -4.66378173         1307417.        0.000000       -30437.92     -9.60181891135E+08  5.79812017886E+05 -1.65602274792E+03   4.34988006              435  0.23347    
       22000  -4.66431330         1307838.        0.000000       -30511.51     -9.60407040373E+08  5.79947975473E+05 -1.65602274857E+03   4.34918110              437  0.23394    
       22100  -4.66573719         1308041.        0.000000       -30464.11     -9.60751569146E+08  5.80156021283E+05 -1.65602274888E+03   4.35017718              438  0.23166    
       22200  -4.66580587         1308113.        0.000000       -30457.26     -9.60742167500E+08  5.80150346128E+05 -1.65602274292E+03   4.34985352              438  0.23496    
       22300  -4.66598105         1308186.        0.000000       -30468.35     -9.60769625028E+08  5.80166925570E+05 -1.65602274567E+03   4.35013282              439  0.23477    
       22400  -4.66668553         1308193.        0.000000       -30464.61     -9.60755201732E+08  5.80158215601E+05 -1.65602274672E+03   4.35018721              437  0.23309    
       22500  -4.66564339         1307932.        0.000000       -30408.51     -9.60480758474E+08  5.79992493572E+05 -1.65602274015E+03   4.35057985              436  0.23434    
       22600  -4.66555809         1307934.        0.000000       -30425.62     -9.60464274636E+08  5.79982538306E+05 -1.65602274413E+03   4.35050095              439  0.23306    
       22700  -4.66577012         1307957.        0.000000       -30451.35     -9.60461246425E+08  5.79980709288E+05 -1.65602274531E+03   4.35006107              438  0.23379    
       22800  -4.66578920         1308001.        0.000000       -30414.50     -9.60504421560E+08  5.80006782637E+05 -1.65602274027E+03   4.35070630              440  0.23301    
       22900  -4.66546455         1307967.        0.000000       -30395.11     -9.60341425575E+08  5.79908356445E+05 -1.65602274032E+03   4.34988304              440  0.23577    
       23000  -4.66551531         1307776.        0.000000       -30384.03     -9.60373929822E+08  5.79927985061E+05 -1.65602273827E+03   4.35074632              437  0.23221    
       23100  -4.66568939         1308115.        0.000000       -30419.36     -9.60367566270E+08  5.79924141960E+05 -1.65602273950E+03   4.34940206              440  0.23418    
       23200  -4.66670011         1308091.        0.000000       -30431.57     -9.60626898388E+08  5.80080739366E+05 -1.65602274511E+03   4.35067723              439  0.23519    
       23300  -4.66588497         1307798.        0.000000       -30421.16     -9.60387897319E+08  5.79936418236E+05 -1.65602274167E+03   4.35125620              440  0.23257    
       23400  -4.66511997         1307836.        0.000000       -30446.10     -9.60178569926E+08  5.79810015338E+05 -1.65602273939E+03   4.34989537              439  0.23534    
       23500  -4.66544791         1307881.        0.000000       -30418.01     -9.60285765656E+08  5.79874744955E+05 -1.65602274286E+03   4.35029022              440  0.23264    
       23600  -4.66522053         1307794.        0.000000       -30428.35     -9.60188936122E+08  5.79816273187E+05 -1.65602274466E+03   4.34984824              439  0.23346    
       23700  -4.66484412         1307658.        0.000000       -30422.02     -9.60115496813E+08  5.79771926797E+05 -1.65602274349E+03   4.35015919              440  0.23273    
       23800  -4.66497233         1307810.        0.000000       -30434.97     -9.60254158561E+08  5.79855660707E+05 -1.65602273743E+03   4.34972021              438  0.23341    
       23900  -4.66484610         1307718.        0.000000       -30457.09     -9.60244057298E+08  5.79849560709E+05 -1.65602273825E+03   4.34943644              437  0.23119    
       24000  -4.66453612         1307577.        0.000000       -30459.63     -9.60299510632E+08  5.79883046425E+05 -1.65602273864E+03   4.35046817              440  0.23410    
       24100  -4.66385232         1307464.        0.000000       -30415.25     -9.60219895433E+08  5.79834973455E+05 -1.65602272956E+03   4.34995697              438  0.23617    
       24200  -4.66442609         1307756.        0.000000       -30441.10     -9.60423275226E+08  5.79957785149E+05 -1.65602273100E+03   4.34992842              436  0.23660    
       24300  -4.66437392         1307504.        0.000000       -30439.38     -9.60494950082E+08  5.80001066745E+05 -1.65602273022E+03   4.35061273              440  0.23309    
       24400  -4.66491044         1307925.        0.000000       -30432.59     -9.60580757667E+08  5.80052880690E+05 -1.65602273456E+03   4.34996586              438  0.23310    
       24500  -4.66563647         1307876.        0.000000       -30456.31     -9.60669534366E+08  5.80106490379E+05 -1.65602273082E+03   4.35062261              437  0.23495    
       24600  -4.66451149         1307418.        0.000000       -30447.71     -9.60554401036E+08  5.80036968220E+05 -1.65602272556E+03   4.35039280              436  0.23260    
       24700  -4.66459621         1307791.        0.000000       -30449.78     -9.60674395683E+08  5.80109429012E+05 -1.65602272199E+03   4.35032694              439  0.23607    
       24800  -4.66517061         1307724.        0.000000       -30462.13     -9.60741390100E+08  5.80149881446E+05 -1.65602272934E+03   4.35023320              438  0.23055    
       24900  -4.66399283         1307401.        0.000000       -30397.72     -9.60552932113E+08  5.80036081093E+05 -1.65602272587E+03   4.35082137              439  0.23513    
       25000  -4.66388534         1307436.        0.000000       -30431.46     -9.60426265296E+08  5.79959594003E+05 -1.65602272163E+03   4.35011632              440  0.23268    
       25100  -4.66407999         1307627.        0.000000       -30422.59     -9.60416273937E+08  5.79953559298E+05 -1.65602272551E+03   4.34980575              437  0.23579    
       25200  -4.66412370         1307649.        0.000000       -30437.87     -9.60520239841E+08  5.80016339847E+05 -1.65602272531E+03   4.34969342              437  0.23283    
       25300  -4.66568559         1308149.        0.000000       -30465.68     -9.60866767881E+08  5.80225594086E+05 -1.65602272232E+03   4.34973720              440  0.23516    
       25400  -4.66645226         1308194.        0.000000       -30503.34     -9.60999387761E+08  5.80305679315E+05 -1.65602271702E+03   4.35012623              438  0.23299    
       25500  -4.66637280         1307980.        0.000000       -30446.74     -9.61023201048E+08  5.80320058439E+05 -1.65602271897E+03   4.35048375              438  0.23434    
       25600  -4.66592210         1307936.        0.000000       -30497.75     -9.61010420836E+08  5.80312340255E+05 -1.65602272117E+03   4.34993596              439  0.23421    
       25700  -4.66596115         1308196.        0.000000       -30453.95     -9.61014829021E+08  5.80315003315E+05 -1.65602271789E+03   4.35033256              438  0.23156    
       25800  -4.66577125         1308045.        0.000000       -30465.58     -9.60911365702E+08  5.80252525539E+05 -1.65602272012E+03   4.35033270              438  0.23830    
       25900  -4.66614527         1308320.        0.000000       -30443.87     -9.60939106281E+08  5.80269275307E+05 -1.65602272458E+03   4.34961946              440  0.23750    
       26000  -4.66707495         1308316.        0.000000       -30445.83     -9.60988217883E+08  5.80298928469E+05 -1.65602273369E+03   4.35032575              436  0.23568    
       26100  -4.66604658         1307935.        0.000000       -30478.52     -9.60822322594E+08  5.80198751255E+05 -1.65602273448E+03   4.35079419              439  0.23593    
       26200  -4.66543835         1307704.        0.000000       -30484.16     -9.60751284172E+08  5.80155853033E+05 -1.65602273794E+03   4.35042621              439  0.23156    
       26300  -4.66615336         1308439.        0.000000       -30521.91     -9.60951420226E+08  5.80276706344E+05 -1.65602273833E+03   4.34866027              440  0.23703    
       26400  -4.66706760         1308190.        0.000000       -30493.49     -9.61120361229E+08  5.80378722503E+05 -1.65602273819E+03   4.35046240              437  0.23512    
       26500  -4.66610788         1307800.        0.000000       -30451.86     -9.60812952273E+08  5.80193095106E+05 -1.65602272826E+03   4.35155023              440  0.23275    
       26600  -4.66447175         1307748.        0.000000       -30406.49     -9.60388514956E+08  5.79936794659E+05 -1.65602273179E+03   4.35079890              438  0.23263    
       26700  -4.66419946         1307264.        0.000000       -30386.17     -9.60223314680E+08  5.79837033250E+05 -1.65602274366E+03   4.35077113              439  0.23567    
       26800  -4.66368986         1307456.        0.000000       -30410.30     -9.60220315063E+08  5.79835223685E+05 -1.65602273860E+03   4.34957356              437  0.23696    
       26900  -4.66404264         1307551.        0.000000       -30438.77     -9.60419443514E+08  5.79955470270E+05 -1.65602273407E+03   4.34955953              439  0.23377    
       27000  -4.66481216         1307906.        0.000000       -30471.01     -9.60691870198E+08  5.80119977207E+05 -1.65602273313E+03   4.34952309              438  0.23376    
       27100  -4.66596261         1308041.        0.000000       -30459.56     -9.60811875862E+08  5.80192440039E+05 -1.65602274272E+03   4.35002287              439  0.23142    
       27200  -4.66516715         1307656.        0.000000       -30474.36     -9.60656303473E+08  5.80098497656E+05 -1.65602273985E+03   4.35079162              439  0.23458    
       27300  -4.66446047         1307525.        0.000000       -30536.34     -9.60581908939E+08  5.80053576504E+05 -1.65602273281E+03   4.35037043              439  0.23443    
       27400  -4.66336282         1307257.        0.000000       -30503.12     -9.60429905008E+08  5.79961787825E+05 -1.65602273317E+03   4.35063361              437  0.23506    
       27500  -4.66330346         1307410.        0.000000       -30436.58     -9.60440955024E+08  5.79968458652E+05 -1.65602273830E+03   4.35001042              437  0.23518    
       27600  -4.66466976         1307817.        0.000000       -30461.73     -9.60647176165E+08  5.80092986625E+05 -1.65602273828E+03   4.34934156              439  0.23620    
       27700  -4.66562228         1307899.        0.000000       -30450.62     -9.60793172468E+08  5.80181148159E+05 -1.65602273620E+03   4.35035902              439  0.23891    
       27800  -4.66548545         1307924.        0.000000       -30442.69     -9.60665184781E+08  5.80103860945E+05 -1.65602273913E+03   4.35062723              439  0.23822    
       27900  -4.66530810         1307907.        0.000000       -30422.57     -9.60539493417E+08  5.80027959650E+05 -1.65602274414E+03   4.35030329              440  0.23402    
       28000  -4.66611237         1308207.        0.000000       -30469.75     -9.60693343857E+08  5.80120862430E+05 -1.65602274642E+03   4.34967142              439  0.23551    
       28100  -4.66659225         1308093.        0.000000       -30471.06     -9.60747011457E+08  5.80153270691E+05 -1.65602274432E+03   4.35064269              438  0.23312    
       28200  -4.66620655         1307985.        0.000000       -30454.54     -9.60661095628E+08  5.80101391843E+05 -1.65602273867E+03   4.35071523              439  0.23387    
       28300  -4.66572489         1307802.        0.000000       -30468.25     -9.60635392836E+08  5.80085872892E+05 -1.65602273340E+03   4.35043606              435  0.23433    
       28400  -4.66407203         1307340.        0.000000       -30468.14     -9.60256033051E+08  5.79856793031E+05 -1.65602273629E+03   4.35077617              438  0.23843    
       28500  -4.66276435         1306943.        0.000000       -30443.75     -9.60029860795E+08  5.79720214857E+05 -1.65602274371E+03   4.35090238              438  0.23202    
       28600  -4.66242676         1307318.        0.000000       -30450.55     -9.60009990982E+08  5.79708216803E+05 -1.65602274240E+03   4.34916699              439  0.23313    
       28700  -4.66481682         1308237.        0.000000       -30446.15     -9.60548604393E+08  5.80033464015E+05 -1.65602273659E+03   4.34837245              438  0.23489    
       28800  -4.66696602         1308475.        0.000000       -30479.69     -9.61096988789E+08  5.80364612425E+05 -1.65602272815E+03   4.34992774              440  0.23510    
       28900  -4.66809861         1308406.        0.000000       -30492.54     -9.61220072049E+08  5.80438936346E+05 -1.65602273014E+03   4.34993878              438  0.23376    
       29000  -4.66799736         1308423.        0.000000       -30531.05     -9.61249649806E+08  5.80456796346E+05 -1.65602273219E+03   4.35105283              439  0.23341    
       29100  -4.66744495         1308315.        0.000000       -30505.76     -9.61015963371E+08  5.80315684275E+05 -1.65602272937E+03   4.35054152              437  0.23917    
       29200  -4.66652913         1308055.        0.000000       -30533.41     -9.60836304781E+08  5.80207197524E+05 -1.65602272581E+03   4.35065793              440  0.23424    
       29300  -4.66505676         1307775.        0.000000       -30482.94     -9.60576041314E+08  5.80050034157E+05 -1.65602273037E+03   4.35054223              440  0.23235    
       29400  -4.66471282         1307510.        0.000000       -30450.43     -9.60498494580E+08  5.80003205820E+05 -1.65602273391E+03   4.35083852              438  0.23140    
       29500  -4.66514551         1307948.        0.000000       -30501.63     -9.60584828390E+08  5.80055338513E+05 -1.65602273544E+03   4.35000141              436  0.23398    
       29600  -4.66488072         1307506.        0.000000       -30472.27     -9.60615897850E+08  5.80074099343E+05 -1.65602273733E+03   4.35054764              439  0.23213    
       29700  -4.66462036         1307705.        0.000000       -30468.66     -9.60575755962E+08  5.80049859165E+05 -1.65602273802E+03   4.35050629              439  0.23621    
       29800  -4.66606895         1308464.        0.000000       -30497.26     -9.60809798235E+08  5.80191190886E+05 -1.65602272721E+03   4.34896579              438  0.23387    
       29900  -4.66668283         1307979.        0.000000       -30492.62     -9.60959321540E+08  5.80281482558E+05 -1.65602272418E+03   4.35046990              438  0.23168    
       30000  -4.66520434         1307790.        0.000000       -30483.20     -9.60718399957E+08  5.80135999843E+05 -1.65602272608E+03   4.35062458              439  0.23437    
       30100  -4.66465525         1307431.        0.000000       -30449.65     -9.60519879237E+08  5.80016121404E+05 -1.65602272729E+03   4.35093515              439  0.23525    
       30200  -4.66373377         1307496.        0.000000       -30411.78     -9.60356968982E+08  5.79917745542E+05 -1.65602273144E+03   4.35035109              435  0.23438    
       30300  -4.66373237         1307355.        0.000000       -30433.62     -9.60271013022E+08  5.79865842928E+05 -1.65602272445E+03   4.35063382              439  0.23210    
       30400  -4.66367089         1307748.        0.000000       -30507.90     -9.60296864827E+08  5.79881454740E+05 -1.65602272150E+03   4.34965098              440  0.23290    
       30500  -4.66483223         1307809.        0.000000       -30454.73     -9.60539320835E+08  5.80027864267E+05 -1.65602271892E+03   4.35023738              438  0.23543    
       30600  -4.66538980         1307948.        0.000000       -30462.42     -9.60635480329E+08  5.80085929762E+05 -1.65602272188E+03   4.35009908              440  0.23605    
       30700  -4.66580367         1308317.        0.000000       -30455.65     -9.60717218610E+08  5.80135286372E+05 -1.65602272639E+03   4.34965209              440  0.23594    
       30800  -4.66706104         1308302.        0.000000       -30459.13     -9.60876306789E+08  5.80231351184E+05 -1.65602273098E+03   4.35063685              439  0.23117    
       30900  -4.66564688         1307767.        0.000000       -30396.93     -9.60595831521E+08  5.80061984149E+05 -1.65602273166E+03   4.35097360              437  0.23260    
       31000  -4.66537136         1307951.        0.000000       -30405.31     -9.60523462575E+08  5.80018282309E+05 -1.65602273561E+03   4.34952837              438  0.23734    
       31100  -4.66579871         1308221.        0.000000       -30460.17     -9.60701792697E+08  5.80125967609E+05 -1.65602273702E+03   4.34979874              440  0.23376    
       31200  -4.66661596         1308103.        0.000000       -30433.85     -9.60829181272E+08  5.80202891822E+05 -1.65602273759E+03   4.35064915              440  0.23415    
       31300  -4.66635808         1308232.        0.000000       -30431.23     -9.60697369958E+08  5.80123295797E+05 -1.65602274020E+03   4.35021572              437  0.23393    
       31400  -4.66574049         1307573.        0.000000       -30458.60     -9.60544339948E+08  5.80030888741E+05 -1.65602273705E+03   4.35153777              438  0.23719    
       31500  -4.66397600         1307601.        0.000000       -30439.81     -9.60131360885E+08  5.79781507592E+05 -1.65602274014E+03   4.35015149              439  0.23435    
       31600  -4.66396182         1307116.        0.000000       -30453.05     -9.60130265900E+08  5.79780846040E+05 -1.65602274111E+03   4.35122277              438  0.23383    
       31700  -4.66275384         1307003.        0.000000       -30448.61     -9.59750513928E+08  5.79551529932E+05 -1.65602274234E+03   4.35086833              440  0.23106    
       31800  -4.66222143         1307188.        0.000000       -30430.55     -9.59648279829E+08  5.79489796865E+05 -1.65602273762E+03   4.34946687              438  0.23367    
       31900  -4.66312418         1307505.        0.000000       -30423.64     -9.60008011427E+08  5.79707024976E+05 -1.65602273229E+03   4.34917992              437  0.23609    
       32000  -4.66442336         1307738.        0.000000       -30440.28     -9.60474655741E+08  5.79988811526E+05 -1.65602273122E+03   4.34940013              439  0.23350    
       32100  -4.66530044         1307997.        0.000000       -30460.50     -9.60623950206E+08  5.80078963929E+05 -1.65602273128E+03   4.35023348              437  0.23301    
       32200  -4.66503264         1307633.        0.000000       -30447.69     -9.60542916521E+08  5.80030031707E+05 -1.65602272988E+03   4.35014399              439  0.23150    
       32300  -4.66497716         1307753.        0.000000       -30455.62     -9.60642027877E+08  5.80089879775E+05 -1.65602273263E+03   4.35010243              439  0.23565    
       32400  -4.66529898         1307987.        0.000000       -30444.04     -9.60657438662E+08  5.80099186928E+05 -1.65602272906E+03   4.35010291              440  0.23513    
       32500  -4.66489939         1307732.        0.000000       -30457.98     -9.60533315111E+08  5.80024232338E+05 -1.65602273415E+03   4.35001297              439  0.23602    
       32600  -4.66566986         1307952.        0.000000       -30471.39     -9.60728545825E+08  5.80142122851E+05 -1.65602273647E+03   4.35022757              438  0.23216    
       32700  -4.66514895         1307743.        0.000000       -30425.27     -9.60625718233E+08  5.80080031925E+05 -1.65602273025E+03   4.35049326              439  0.23713    
       32800  -4.66472118         1307815.        0.000000       -30421.15     -9.60465017607E+08  5.79982989463E+05 -1.65602273697E+03   4.35036243              439  0.23798    
       32900  -4.66524623         1308002.        0.000000       -30405.04     -9.60481215176E+08  5.79992771068E+05 -1.65602273526E+03   4.34939828              437  0.23399    
       33000  -4.66484996         1307785.        0.000000       -30424.16     -9.60498710789E+08  5.80003340987E+05 -1.65602272076E+03   4.35050694              438  0.23389    
       33100  -4.66420224         1307551.        0.000000       -30390.64     -9.60361697005E+08  5.79920605393E+05 -1.65602271772E+03   4.35064362              438  0.23151    
       33200  -4.66454252         1307869.        0.000000       -30411.33     -9.60355952337E+08  5.79917132638E+05 -1.65602272857E+03   4.34950877              435  0.23632    
       33300  -4.66589227         1307940.        0.000000       -30443.51     -9.60663082565E+08  5.80102595232E+05 -1.65602272850E+03   4.35004023              440  0.23455    
       33400  -4.66652841         1308359.        0.000000       -30483.28     -9.60753331162E+08  5.80157091566E+05 -1.65602273096E+03   4.34991559              438  0.23485    
       33500  -4.66751585         1308368.        0.000000       -30455.87     -9.60907896277E+08  5.80250427405E+05 -1.65602272897E+03   4.35037274              438  0.23420    
       33600  -4.66635439         1308178.        0.000000       -30430.66     -9.60736732466E+08  5.80147070029E+05 -1.65602272613E+03   4.34981856              439  0.23214    
       33700  -4.66670769         1308253.        0.000000       -30409.97     -9.60764893953E+08  5.80164075506E+05 -1.65602272618E+03   4.35027535              438  0.23572    
       33800  -4.66656101         1308211.        0.000000       -30466.34     -9.60864736821E+08  5.80224361927E+05 -1.65602273857E+03   4.34992047              438  0.23240    
       33900  -4.66683196         1308390.        0.000000       -30502.08     -9.61016660127E+08  5.80316101868E+05 -1.65602273835E+03   4.34954522              440  0.23329    
       34000  -4.66765334         1308516.        0.000000       -30455.10     -9.61147879638E+08  5.80395338286E+05 -1.65602274215E+03   4.34984928              437  0.23138    
       34100  -4.66783450         1308413.        0.000000       -30469.73     -9.61239224424E+08  5.80450501689E+05 -1.65602272998E+03   4.35018867              437  0.23192    
       34200  -4.66708012         1308258.        0.000000       -30471.98     -9.61134689527E+08  5.80387377412E+05 -1.65602273056E+03   4.35060238              440  0.23346    
       34300  -4.66554272         1307627.        0.000000       -30439.31     -9.60858631256E+08  5.80220675648E+05 -1.65602273684E+03   4.35098386              439  0.23757    
       34400  -4.66479122         1307643.        0.000000       -30422.22     -9.60664408423E+08  5.80103394474E+05 -1.65602273246E+03   4.35084333              439  0.23246    
       34500  -4.66394451         1307548.        0.000000       -30422.28     -9.60513619227E+08  5.80012341441E+05 -1.65602272676E+03   4.35004463              440  0.23238    
       34600  -4.66401550         1307289.        0.000000       -30438.55     -9.60497246306E+08  5.80002456125E+05 -1.65602272225E+03   4.35097800              438  0.23506    
       34700  -4.66290329         1307383.        0.000000       -30448.93     -9.60211968984E+08  5.79830188850E+05 -1.65602272432E+03   4.35006334              439  0.23735    
       34800  -4.66355676         1307452.        0.000000       -30475.33     -9.60385398269E+08  5.79934916747E+05 -1.65602272003E+03   4.34973101              439  0.23798    
       34900  -4.66501343         1308013.        0.000000       -30487.28     -9.60634415286E+08  5.80085284230E+05 -1.65602272873E+03   4.34937370              440  0.23645    
       35000  -4.66627967         1308171.        0.000000       -30508.29     -9.60984917031E+08  5.80296938325E+05 -1.65602272486E+03   4.35042787              438  0.23579    
       35100  -4.66675880         1308329.        0.000000       -30528.75     -9.61046091458E+08  5.80333879030E+05 -1.65602272448E+03   4.34965253              439  0.23311    
       35200  -4.66677371         1308173.        0.000000       -30464.43     -9.60966834576E+08  5.80286018477E+05 -1.65602272669E+03   4.35030723              440  0.23424    
       35300  -4.66600310         1307835.        0.000000       -30467.67     -9.60922002566E+08  5.80258946873E+05 -1.65602272527E+03   4.35079860              438  0.23343    
       35400  -4.66389693         1307203.        0.000000       -30454.69     -9.60454152160E+08  5.79976432805E+05 -1.65602272409E+03   4.35126992              438  0.23363    
       35500  -4.66288282         1307190.        0.000000       -30455.68     -9.60282667357E+08  5.79872880151E+05 -1.65602272537E+03   4.35015084              438  0.23799    
       35600  -4.66379673         1307605.        0.000000       -30451.45     -9.60443137326E+08  5.79969783864E+05 -1.65602271713E+03   4.35030791              440  0.23783    
       35700  -4.66497018         1307965.        0.000000       -30453.69     -9.60602021595E+08  5.80065726463E+05 -1.65602271910E+03   4.34961684              439  0.25192    
       35800  -4.66545011         1307796.        0.000000       -30413.14     -9.60686411917E+08  5.80116684163E+05 -1.65602272464E+03   4.35042779              437  0.24466    
       35900  -4.66537824         1307747.        0.000000       -30404.44     -9.60716902063E+08  5.80135095696E+05 -1.65602272504E+03   4.35039183              440  0.23204    
       36000  -4.66539718         1307990.        0.000000       -30426.92     -9.60857777028E+08  5.80220164903E+05 -1.65602272232E+03   4.34995213              439  0.23337    
       36100  -4.66616719         1308195.        0.000000       -30406.31     -9.60878337460E+08  5.80232581547E+05 -1.65602271920E+03   4.34953054              439  0.23453    
       36200  -4.66698042         1308323.        0.000000       -30431.23     -9.61096819708E+08  5.80364513375E+05 -1.65602271944E+03   4.35011335              440  0.23453    
       36300  -4.66556481         1307562.        0.000000       -30442.96     -9.60775473089E+08  5.80170463569E+05 -1.65602272680E+03   4.35173793              439  0.23237    
       36400  -4.66445509         1307398.        0.000000       -30444.02     -9.60383003359E+08  5.79933465994E+05 -1.65602273308E+03   4.35086836              438  0.23627    
       36500  -4.66428399         1307813.        0.000000       -30436.98     -9.60402390608E+08  5.79945174284E+05 -1.65602272972E+03   4.34956991              440  0.23158    
       36600  -4.66411432         1307535.        0.000000       -30460.71     -9.60546279845E+08  5.80032062994E+05 -1.65602272896E+03   4.35065786              438  0.23583    
       36700  -4.66495960         1307891.        0.000000       -30468.22     -9.60576596943E+08  5.80050370172E+05 -1.65602272895E+03   4.34966874              440  0.23729    
       36800  -4.66573818         1307858.        0.000000       -30484.93     -9.60837186699E+08  5.80207732211E+05 -1.65602271972E+03   4.35009458              439  0.23219    
       36900  -4.66467739         1307720.        0.000000       -30467.42     -9.60730889932E+08  5.80143543150E+05 -1.65602272278E+03   4.35017844              438  0.23297    
       37000  -4.66482141         1307651.        0.000000       -30497.82     -9.60735710115E+08  5.80146452567E+05 -1.65602272644E+03   4.35032433              438  0.23850    
       37100  -4.66492641         1307804.        0.000000       -30472.32     -9.60737967916E+08  5.80147817871E+05 -1.65602272097E+03   4.35041725              439  0.23290    
       37200  -4.66516701         1307781.        0.000000       -30449.33     -9.60603080798E+08  5.80066363084E+05 -1.65602272762E+03   4.35019742              440  0.23347    
       37300  -4.66504728         1308112.        0.000000       -30452.86     -9.60550334577E+08  5.80034511065E+05 -1.65602273012E+03   4.34971672              440  0.23386    
       37400  -4.66569734         1307976.        0.000000       -30492.50     -9.60599504214E+08  5.80064203511E+05 -1.65602272714E+03   4.35019143              437  0.23398    
       37500  -4.66574573         1307608.        0.000000       -30481.83     -9.60573181682E+08  5.80048307404E+05 -1.65602273021E+03   4.35110769              438  0.23315    
       37600  -4.66444010         1307328.        0.000000       -30468.09     -9.60322820073E+08  5.79897120866E+05 -1.65602274182E+03   4.35073260              436  0.23263    
       37700  -4.66353752         1307375.        0.000000       -30497.52     -9.60161469174E+08  5.79799690524E+05 -1.65602273486E+03   4.35013089              436  0.23100    
       37800  -4.66386609         1307542.        0.000000       -30499.09     -9.60204304914E+08  5.79825556566E+05 -1.65602273656E+03   4.34981125              437  0.23212    
       37900  -4.66368744         1307421.        0.000000       -30473.15     -9.60319005084E+08  5.79894819166E+05 -1.65602273610E+03   4.34977548              438  0.23656    
       38000  -4.66401180         1307831.        0.000000       -30458.06     -9.60513998465E+08  5.80012570883E+05 -1.65602272551E+03   4.34924531              439  0.23405    
       38100  -4.66590290         1307912.        0.000000       -30456.53     -9.60812106083E+08  5.80192582931E+05 -1.65602273168E+03   4.35039757              439  0.23679    
       38200  -4.66634754         1308307.        0.000000       -30445.85     -9.60943766739E+08  5.80272087051E+05 -1.65602273172E+03   4.34983099              439  0.23322    
       38300  -4.66769565         1308695.        0.000000       -30463.66     -9.61172726817E+08  5.80410346864E+05 -1.65602272945E+03   4.34982709              438  0.23404    
       38400  -4.66725568         1308193.        0.000000       -30454.05     -9.61112763903E+08  5.80374138566E+05 -1.65602272747E+03   4.35122579              438  0.23269    
       38500  -4.66588313         1307970.        0.000000       -30459.86     -9.60788454843E+08  5.80178303269E+05 -1.65602272513E+03   4.35076997              439  0.23286    
       38600  -4.66565900         1307913.        0.000000       -30443.83     -9.60609063980E+08  5.80069977915E+05 -1.65602272235E+03   4.35052557              440  0.23150    
       38700  -4.66579846         1307803.        0.000000       -30414.30     -9.60481893841E+08  5.79993184755E+05 -1.65602272421E+03   4.35093733              439  0.23475    
       38800  -4.66410544         1307291.        0.000000       -30419.06     -9.60332829474E+08  5.79903169801E+05 -1.65602272842E+03   4.35054152              439  0.23135    
       38900  -4.66324254         1307482.        0.000000       -30452.85     -9.60282799638E+08  5.79872958956E+05 -1.65602272844E+03   4.34993292              439  0.23560    
       39000  -4.66426626         1307656.        0.000000       -30441.93     -9.60409721507E+08  5.79949601630E+05 -1.65602272820E+03   4.35006231              438  0.23137    
       39100  -4.66552433         1308030.        0.000000       -30440.85     -9.60555048224E+08  5.80037356105E+05 -1.65602273391E+03   4.34972767              438  0.23551    
       39200  -4.66579831         1307999.        0.000000       -30435.38     -9.60613779907E+08  5.80072821731E+05 -1.65602273356E+03   4.34944401              438  0.23479    
       39300  -4.66493625         1307590.        0.000000       -30430.12     -9.60600313505E+08  5.80064693614E+05 -1.65602272312E+03   4.35106563              438  0.23452    
       39400  -4.66488290         1307820.        0.000000       -30430.88     -9.60425551285E+08  5.79959160462E+05 -1.65602272843E+03   4.35014711              438  0.23534    
       39500  -4.66479591         1307585.        0.000000       -30424.10     -9.60423956707E+08  5.79958197285E+05 -1.65602272923E+03   4.35019087              437  0.23225    
       39600  -4.66434647         1307734.        0.000000       -30438.09     -9.60407215719E+08  5.79948086140E+05 -1.65602273492E+03   4.34996278              436  0.23657    
       39700  -4.66484887         1307927.        0.000000       -30410.44     -9.60450700184E+08  5.79974342803E+05 -1.65602273980E+03   4.34956963              439  0.23858    
       39800  -4.66583951         1307921.        0.000000       -30425.55     -9.60576907968E+08  5.80050553300E+05 -1.65602274233E+03   4.35038582              437  0.23288    
       39900  -4.66642691         1308112.        0.000000       -30450.57     -9.60679481657E+08  5.80112492590E+05 -1.65602274374E+03   4.35018882              439  0.23228    
       40000  -4.66697192         1308650.        0.000000       -30431.18     -9.60760979909E+08  5.80161707809E+05 -1.65602273810E+03   4.34897823              439  0.23170    
       40100  -4.66827133         1308375.        0.000000       -30394.66     -9.61123761033E+08  5.80380776118E+05 -1.65602273642E+03   4.35100103              438  0.23589    
       40200  -4.66640358         1307649.        0.000000       -30393.55     -9.60739075317E+08  5.80148479949E+05 -1.65602273990E+03   4.35147007              440  0.23435    
       40300  -4.66496601         1307912.        0.000000       -30434.96     -9.60494590690E+08  5.80000845293E+05 -1.65602274287E+03   4.34974257              440  0.23485    
       40400  -4.66509935         1307411.        0.000000       -30453.06     -9.60437366729E+08  5.79966291058E+05 -1.65602274052E+03   4.35093615              439  0.23073    
       40500  -4.66381498         1307455.        0.000000       -30398.10     -9.60252458867E+08  5.79854634235E+05 -1.65602273772E+03   4.35027928              437  0.23289    
       40600  -4.66375587         1307265.        0.000000       -30403.23     -9.60202047641E+08  5.79824191628E+05 -1.65602274190E+03   4.35111556              438  0.23396    
       40700  -4.66368676         1307897.        0.000000       -30411.60     -9.60152895556E+08  5.79794508966E+05 -1.65602274721E+03   4.34892389              438  0.23294    
       40800  -4.66568300         1307880.        0.000000       -30420.15     -9.60476323015E+08  5.79989813600E+05 -1.65602274470E+03   4.35029601              440  0.23555    
       40900  -4.66535600         1307900.        0.000000       -30456.15     -9.60505406250E+08  5.80007374452E+05 -1.65602274826E+03   4.34962059              439  0.23202    
       41000  -4.66616494         1308116.        0.000000       -30440.16     -9.60678699421E+08  5.80112020983E+05 -1.65602274160E+03   4.35018015              440  0.23329    
       41100  -4.66623122         1308007.        0.000000       -30443.27     -9.60707043778E+08  5.80129138638E+05 -1.65602273665E+03   4.35037201              439  0.23426    
       41200  -4.66590582         1308118.        0.000000       -30427.96     -9.60662347342E+08  5.80102148024E+05 -1.65602273774E+03   4.35025179              438  0.23253    
       41300  -4.66534961         1307968.        0.000000       -30418.73     -9.60580942529E+08  5.80052992117E+05 -1.65602273513E+03   4.34956505              439  0.23059    
       41400  -4.66532120         1307839.        0.000000       -30436.82     -9.60648345880E+08  5.80093694250E+05 -1.65602273461E+03   4.35071270              438  0.23499    
       41500  -4.66518759         1307973.        0.000000       -30460.48     -9.60665005698E+08  5.80103754513E+05 -1.65602273425E+03   4.34926783              440  0.23291    
       41600  -4.66538472         1307839.        0.000000       -30487.32     -9.60804321526E+08  5.80187883121E+05 -1.65602272898E+03   4.34990047              440  0.23609    
       41700  -4.66507946         1307595.        0.000000       -30445.31     -9.60706121017E+08  5.80128584833E+05 -1.65602272692E+03   4.35116535              438  0.23507    
       41800  -4.66406497         1307663.        0.000000       -30446.30     -9.60433853694E+08  5.79964175793E+05 -1.65602272310E+03   4.35014342              438  0.23366    
       41900  -4.66562864         1308278.        0.000000       -30442.60     -9.60674616309E+08  5.80109561006E+05 -1.65602272551E+03   4.34882999              438  0.23408    
       42000  -4.66721089         1308397.        0.000000       -30427.65     -9.61105924206E+08  5.80370010334E+05 -1.65602272187E+03   4.35013117              439  0.23402    
       42100  -4.66585505         1307768.        0.000000       -30428.77     -9.60769563506E+08  5.80166894941E+05 -1.65602272705E+03   4.35107976              438  0.23509    
       42200  -4.66446344         1307322.        0.000000       -30434.21     -9.60502435796E+08  5.80005588001E+05 -1.65602272748E+03   4.35108744              439  0.23397    
       42300  -4.66415185         1307574.        0.000000       -30445.22     -9.60415378793E+08  5.79953017660E+05 -1.65602272865E+03   4.34969212              438  0.23308    
       42400  -4.66461601         1307797.        0.000000       -30432.92     -9.60529002350E+08  5.80021628250E+05 -1.65602273358E+03   4.35007967              437  0.23254    
       42500  -4.66454821         1307658.        0.000000       -30477.00     -9.60500085301E+08  5.80004165985E+05 -1.65602273506E+03   4.35002414              438  0.23702    
       42600  -4.66487217         1307656.        0.000000       -30478.17     -9.60512654110E+08  5.80011758106E+05 -1.65602272831E+03   4.35028698              438  0.23295    
       42700  -4.66400673         1307780.        0.000000       -30466.19     -9.60418213618E+08  5.79954725811E+05 -1.65602273915E+03   4.34931474              438  0.23185    
       42800  -4.66467444         1307919.        0.000000       -30487.52     -9.60719661440E+08  5.80136757752E+05 -1.65602273706E+03   4.34981541              434  0.23307    
       42900  -4.66549842         1307887.        0.000000       -30440.93     -9.60850986173E+08  5.80216061138E+05 -1.65602273107E+03   4.35059146              436  0.23183    
       43000  -4.66432357         1307813.        0.000000       -30439.28     -9.60614123330E+08  5.80073030306E+05 -1.65602273014E+03   4.34978170              439  0.23356    
       43100  -4.66596416         1308161.        0.000000       -30429.74     -9.60858100905E+08  5.80220356427E+05 -1.65602273388E+03   4.35014184              439  0.23487    
       43200  -4.66656673         1308062.        0.000000       -30441.72     -9.60844776617E+08  5.80212308683E+05 -1.65602273898E+03   4.35072534              440  0.23908    
       43300  -4.66555578         1307835.        0.000000       -30467.42     -9.60647822459E+08  5.80093377637E+05 -1.65602273615E+03   4.35035607              439  0.24761    
       43400  -4.66485619         1307909.        0.000000       -30497.33     -9.60516504777E+08  5.80014080415E+05 -1.65602273671E+03   4.35016372              439  0.24307    
       43500  -4.66543292         1307894.        0.000000       -30500.27     -9.60492562964E+08  5.79999624513E+05 -1.65602273238E+03   4.35045794              439  0.24555    
       43600  -4.66546844         1307507.        0.000000       -30483.25     -9.60450844664E+08  5.79974431584E+05 -1.65602273542E+03   4.35174696              439  0.24709    
       43700  -4.66408192         1307548.        0.000000       -30458.35     -9.60167699814E+08  5.79803452082E+05 -1.65602273730E+03   4.35013840              438  0.23652    
       43800  -4.66438669         1307863.        0.000000       -30488.61     -9.60308782346E+08  5.79888644720E+05 -1.65602274004E+03   4.34907755              437  0.24725    
       43900  -4.66536371         1307952.        0.000000       -30479.52     -9.60533928472E+08  5.80024600582E+05 -1.65602274026E+03   4.34990524              438  0.24774    
       44000  -4.66459884         1307247.        0.000000       -30455.84     -9.60335960063E+08  5.79905057274E+05 -1.65602273686E+03   4.35151494              435  0.24299    
       44100  -4.66313447         1307264.        0.000000       -30458.27     -9.60040599997E+08  5.79726699649E+05 -1.65602274413E+03   4.35004810              437  0.23479    
       44200  -4.66503817         1308241.        0.000000       -30511.98     -9.60459898265E+08  5.79979897840E+05 -1.65602273776E+03   4.34876845              440  0.23861    
       44300  -4.66746603         1308623.        0.000000       -30495.71     -9.60961109625E+08  5.80282558138E+05 -1.65602273608E+03   4.34938479              438  0.24385    
       44400  -4.66722190         1308109.        0.000000       -30480.73     -9.61078372697E+08  5.80353370228E+05 -1.65602273029E+03   4.35121140              440  0.24636    
       44500  -4.66573608         1307690.        0.000000       -30468.00     -9.60774996425E+08  5.80170176652E+05 -1.65602272418E+03   4.35126129              437  0.24606    
       44600  -4.66435555         1307675.        0.000000       -30405.09     -9.60547132450E+08  5.80032578807E+05 -1.65602272621E+03   4.35057461              439  0.24443    
       44700  -4.66361373         1307312.        0.000000       -30423.31     -9.60428479352E+08  5.79960927435E+05 -1.65602273174E+03   4.35034942              439  0.24150    
       44800  -4.66356484         1307292.        0.000000       -30390.62     -9.60498091811E+08  5.80002964023E+05 -1.65602272987E+03   4.35032818              438  0.23729    
       44900  -4.66408489         1307793.        0.000000       -30430.19     -9.60642481503E+08  5.80090155251E+05 -1.65602272820E+03   4.34950241              439  0.23539    
       45000  -4.66560481         1308152.        0.000000       -30437.97     -9.60733049178E+08  5.80144843429E+05 -1.65602273305E+03   4.34979664              440  0.23478    
       45100  -4.66624966         1307908.        0.000000       -30444.52     -9.60895410366E+08  5.80242890622E+05 -1.65602272065E+03   4.35059340              440  0.23435    
       45200  -4.66616386         1308040.        0.000000       -30486.91     -9.60914493913E+08  5.80254416466E+05 -1.65602271460E+03   4.35022744              439  0.23186    
       45300  -4.66616459         1307958.        0.000000       -30451.44     -9.60856686071E+08  5.80219507641E+05 -1.65602271799E+03   4.35048552              439  0.23532    
       45400  -4.66475915         1307463.        0.000000       -30422.45     -9.60520539766E+08  5.80016520280E+05 -1.65602272725E+03   4.35113006              438  0.23459    
       45500  -4.66356824         1307642.        0.000000       -30440.29     -9.60261011441E+08  5.79859801586E+05 -1.65602272966E+03   4.34954654              438  0.23465    
       45600  -4.66413983         1307594.        0.000000       -30476.33     -9.60425128557E+08  5.79958907026E+05 -1.65602272320E+03   4.34969626              437  0.23363    
       45700  -4.66478158         1307842.        0.000000       -30469.80     -9.60544274694E+08  5.80030852310E+05 -1.65602272856E+03   4.35034147              438  0.23265    
       45800  -4.66452784         1307694.        0.000000       -30454.27     -9.60421877155E+08  5.79956939632E+05 -1.65602273466E+03   4.35022177              440  0.23637    
       45900  -4.66442358         1307672.        0.000000       -30454.01     -9.60365366589E+08  5.79922814341E+05 -1.65602273758E+03   4.34975490              438  0.23873    
       46000  -4.66471467         1307772.        0.000000       -30440.03     -9.60405903455E+08  5.79947291654E+05 -1.65602274082E+03   4.35008852              440  0.24349    
       46100  -4.66436720         1307436.        0.000000       -30428.70     -9.60351473840E+08  5.79914420919E+05 -1.65602274956E+03   4.35098748              438  0.24259    
       46200  -4.66381429         1307658.        0.000000       -30431.19     -9.60150632177E+08  5.79793140745E+05 -1.65602275140E+03   4.34983192              438  0.24250    
       46300  -4.66444100         1307801.        0.000000       -30443.18     -9.60195421650E+08  5.79820188628E+05 -1.65602274719E+03   4.34968716              437  0.24627    
       46400  -4.66541489         1308073.        0.000000       -30431.92     -9.60349126008E+08  5.79913003252E+05 -1.65602274931E+03   4.34949979              437  0.24340    
       46500  -4.66454312         1307126.        0.000000       -30420.23     -9.60209622106E+08  5.79828764592E+05 -1.65602274455E+03   4.35162767              438  0.24358    
       46600  -4.66452146         1307768.        0.000000       -30440.89     -9.60187496145E+08  5.79815406187E+05 -1.65602273741E+03   4.34989546              437  0.24583    
       46700  -4.66554396         1307898.        0.000000       -30434.21     -9.60330297317E+08  5.79901637703E+05 -1.65602273710E+03   4.35065060              438  0.24237    
       46800  -4.66502229         1307847.        0.000000       -30438.59     -9.60223241839E+08  5.79836992288E+05 -1.65602273503E+03   4.34975587              437  0.24405    
       46900  -4.66427187         1307259.        0.000000       -30445.87     -9.60176713947E+08  5.79808896480E+05 -1.65602273400E+03   4.35141574              437  0.24343    
       47000  -4.66260462         1307210.        0.000000       -30467.34     -9.59901819722E+08  5.79642899379E+05 -1.65602273529E+03   4.34973795              437  0.24350    
       47100  -4.66435839         1307969.        0.000000       -30509.05     -9.60430143118E+08  5.79961928971E+05 -1.65602274070E+03   4.34867264              439  0.24402    
       47200  -4.66534972         1307944.        0.000000       -30505.48     -9.60697434524E+08  5.80123334704E+05 -1.65602274043E+03   4.35007238              438  0.24286    
       47300  -4.66606276         1308244.        0.000000       -30505.47     -9.60764339873E+08  5.80163738854E+05 -1.65602273208E+03   4.34963781              436  0.24679    
       47400  -4.66609037         1307852.        0.000000       -30507.66     -9.60725278952E+08  5.80140151427E+05 -1.65602273276E+03   4.35051241              440  0.24464    
       47500  -4.66542784         1307793.        0.000000       -30497.13     -9.60606099896E+08  5.80068184337E+05 -1.65602273290E+03   4.35129603              439  0.24844    
       47600  -4.66570844         1307964.        0.000000       -30447.74     -9.60588660522E+08  5.80057653127E+05 -1.65602273385E+03   4.35029098              439  0.24323    
       47700  -4.66631759         1307764.        0.000000       -30428.83     -9.60672844426E+08  5.80108489081E+05 -1.65602273111E+03   4.35125989              438  0.24287    
       47800  -4.66474227         1307479.        0.000000       -30452.80     -9.60453415399E+08  5.79975986451E+05 -1.65602272825E+03   4.35083575              439  0.24469    
       47900  -4.66454653         1307708.        0.000000       -30470.43     -9.60416540448E+08  5.79953717399E+05 -1.65602273360E+03   4.34961289              439  0.24414    
       48000  -4.66575487         1308075.        0.000000       -30480.19     -9.60649940380E+08  5.80094656222E+05 -1.65602273711E+03   4.34987866              438  0.24671    
       48100  -4.66606491         1308133.        0.000000       -30490.73     -9.60737761863E+08  5.80147688262E+05 -1.65602273576E+03   4.35031025              438  0.24621    
       48200  -4.66501871         1307626.        0.000000       -30488.23     -9.60627896717E+08  5.80081346570E+05 -1.65602273267E+03   4.35088438              439  0.24400    
       48300  -4.66577229         1308248.        0.000000       -30498.88     -9.60619552080E+08  5.80076306169E+05 -1.65602273677E+03   4.34975486              437  0.24274    
       48400  -4.66656085         1308105.        0.000000       -30475.88     -9.60719046677E+08  5.80136385272E+05 -1.65602274063E+03   4.35070912              438  0.24715    
       48500  -4.66595673         1307849.        0.000000       -30504.37     -9.60599844267E+08  5.80064404364E+05 -1.65602273996E+03   4.35070886              438  0.24406    
       48600  -4.66548661         1307669.        0.000000       -30455.51     -9.60549789402E+08  5.80034178531E+05 -1.65602273962E+03   4.35088783              438  0.24686    
       48700  -4.66489670         1307796.        0.000000       -30416.64     -9.60448435871E+08  5.79972975213E+05 -1.65602274057E+03   4.34999843              438  0.24340    
       48800  -4.66542463         1307846.        0.000000       -30444.82     -9.60460102886E+08  5.79980016786E+05 -1.65602275094E+03   4.34991879              439  0.23638    
       48900  -4.66517506         1307766.        0.000000       -30418.48     -9.60497719208E+08  5.80002734528E+05 -1.65602274270E+03   4.35073362              438  0.23653    
       49000  -4.66451366         1307628.        0.000000       -30425.88     -9.60424465890E+08  5.79958502705E+05 -1.65602273509E+03   4.34999469              438  0.23368    
       49100  -4.66436762         1307600.        0.000000       -30435.02     -9.60367565165E+08  5.79924142175E+05 -1.65602273698E+03   4.34968881              438  0.23533    
       49200  -4.66425450         1307374.        0.000000       -30432.12     -9.60370126906E+08  5.79925688152E+05 -1.65602273968E+03   4.35096014              435  0.24301    
       49300  -4.66335867         1307287.        0.000000       -30441.01     -9.60180116973E+08  5.79810949364E+05 -1.65602273987E+03   4.35078179              440  0.24294    
       49400  -4.66335737         1307440.        0.000000       -30439.62     -9.60178208681E+08  5.79809797530E+05 -1.65602273844E+03   4.35019927              438  0.24639    
       49500  -4.66346923         1307545.        0.000000       -30459.89     -9.60125600225E+08  5.79778030349E+05 -1.65602273623E+03   4.34986806              437  0.24402    
       49600  -4.66361609         1307349.        0.000000       -30458.75     -9.60079103896E+08  5.79749952872E+05 -1.65602273729E+03   4.35001100              439  0.24294    
       49700  -4.66260281         1307120.        0.000000       -30451.47     -9.59952807559E+08  5.79673685933E+05 -1.65602274323E+03   4.35057765              438  0.24510    
       49800  -4.66310693         1307222.        0.000000       -30453.81     -9.59941724788E+08  5.79666990230E+05 -1.65602275266E+03   4.35052373              439  0.24401    
       49900  -4.66217117         1307178.        0.000000       -30440.10     -9.59809136303E+08  5.79586925761E+05 -1.65602275283E+03   4.34991922              438  0.24419    
       50000  -4.66359739         1307660.        0.000000       -30421.85     -9.60059592805E+08  5.79738165435E+05 -1.65602275311E+03   4.34937222              437  0.24455    
       50100  -4.66571063         1308313.        0.000000       -30433.80     -9.60396098007E+08  5.79941368950E+05 -1.65602274545E+03   4.34852033              440  0.23597    
       50200  -4.66587306         1307801.        0.000000       -30406.93     -9.60631805715E+08  5.80083705794E+05 -1.65602273624E+03   4.35060642              440  0.23501    
       50300  -4.66432949         1307554.        0.000000       -30415.14     -9.60411053079E+08  5.79950402839E+05 -1.65602273639E+03   4.35059587              439  0.23182    
       50400  -4.66508193         1307571.        0.000000       -30456.62     -9.60493502515E+08  5.80000189795E+05 -1.65602273829E+03   4.35070619              440  0.23171    
       50500  -4.66458226         1307647.        0.000000       -30463.74     -9.60334666679E+08  5.79904275150E+05 -1.65602274001E+03   4.35023939              438  0.23963    
       50600  -4.66483698         1307809.        0.000000       -30456.21     -9.60358211630E+08  5.79918492847E+05 -1.65602274022E+03   4.35019943              439  0.24585    
       50700  -4.66497568         1308106.        0.000000       -30469.51     -9.60382157913E+08  5.79932953552E+05 -1.65602273854E+03   4.34962446              439  0.24469    
       50800  -4.66634687         1308003.        0.000000       -30466.69     -9.60578301696E+08  5.80051395326E+05 -1.65602274115E+03   4.35002874              439  0.24660    
       50900  -4.66633942         1308140.        0.000000       -30452.70     -9.60609164976E+08  5.80070034923E+05 -1.65602273371E+03   4.34991269              439  0.24764    
       51000  -4.66516075         1307616.        0.000000       -30428.97     -9.60529854612E+08  5.80022141530E+05 -1.65602273747E+03   4.35080605              438  0.24474    
       51100  -4.66399617         1307427.        0.000000       -30476.76     -9.60309528229E+08  5.79889096471E+05 -1.65602273620E+03   4.35017363              438  0.24583    
       51200  -4.66411325         1307694.        0.000000       -30471.14     -9.60320164475E+08  5.79895518707E+05 -1.65602273771E+03   4.34968302              439  0.24512    
       51300  -4.66505257         1307845.        0.000000       -30509.72     -9.60541613487E+08  5.80029246512E+05 -1.65602272517E+03   4.34987330              438  0.24490    
       51400  -4.66544536         1307815.        0.000000       -30519.14     -9.60677764221E+08  5.80111461213E+05 -1.65602272745E+03   4.35051557              439  0.24201    
       51500  -4.66473270         1307406.        0.000000       -30463.37     -9.60395116869E+08  5.79940780193E+05 -1.65602273485E+03   4.35115275              438  0.24850    
       51600  -4.66395414         1307304.        0.000000       -30430.25     -9.60131474038E+08  5.79781574830E+05 -1.65602274325E+03   4.35127149              439  0.24509    
       51700  -4.66389799         1307405.        0.000000       -30451.93     -9.59906618783E+08  5.79645791749E+05 -1.65602275121E+03   4.35045771              437  0.24669    
       51800  -4.66464739         1307673.        0.000000       -30426.01     -9.60101455895E+08  5.79763445275E+05 -1.65602275155E+03   4.34969783              440  0.24605    
       51900  -4.66498797         1307827.        0.000000       -30473.07     -9.60283173424E+08  5.79873178612E+05 -1.65602274574E+03   4.34983415              438  0.24627    
       52000  -4.66430359         1307571.        0.000000       -30473.16     -9.60208282518E+08  5.79827954383E+05 -1.65602274823E+03   4.35047234              440  0.24208    
       52100  -4.66486642         1307907.        0.000000       -30491.60     -9.60292337261E+08  5.79878712734E+05 -1.65602274436E+03   4.34978457              438  0.24275    
       52200  -4.66476353         1307580.        0.000000       -30459.92     -9.60328881978E+08  5.79900782279E+05 -1.65602273928E+03   4.35042271              436  0.23966    
       52300  -4.66354063         1307038.        0.000000       -30455.52     -9.60142858201E+08  5.79788452594E+05 -1.65602273365E+03   4.35102893              438  0.23416    
       52400  -4.66266432         1307198.        0.000000       -30459.95     -9.60127384158E+08  5.79779109415E+05 -1.65602273101E+03   4.35002186              439  0.23389    
       52500  -4.66375012         1307883.        0.000000       -30470.80     -9.60307090251E+08  5.79887626198E+05 -1.65602273073E+03   4.34910262              440  0.23370    
       52600  -4.66524046         1307795.        0.000000       -30443.14     -9.60625109571E+08  5.80079664744E+05 -1.65602272921E+03   4.35036923              438  0.23517    
       52700  -4.66539588         1307845.        0.000000       -30447.75     -9.60629531221E+08  5.80082333479E+05 -1.65602273295E+03   4.35050175              438  0.24041    
       52800  -4.66623011         1308042.        0.000000       -30464.01     -9.60774000864E+08  5.80169571395E+05 -1.65602273583E+03   4.35019445              440  0.24462    
       52900  -4.66586884         1307817.        0.000000       -30529.21     -9.60839745417E+08  5.80209273806E+05 -1.65602272972E+03   4.35071076              439  0.24398    
       53000  -4.66484479         1307581.        0.000000       -30504.43     -9.60720373537E+08  5.80137190109E+05 -1.65602273034E+03   4.35097238              437  0.24447    
       53100  -4.66519099         1308279.        0.000000       -30485.87     -9.60670049565E+08  5.80106802071E+05 -1.65602272915E+03   4.34964568              439  0.24418    
       53200  -4.66618797         1307947.        0.000000       -30487.41     -9.60693478574E+08  5.80120949331E+05 -1.65602273057E+03   4.35070961              439  0.23770    
       53300  -4.66476784         1307597.        0.000000       -30462.62     -9.60494773822E+08  5.80000959056E+05 -1.65602273380E+03   4.35005169              439  0.23529    
       53400  -4.66526273         1307861.        0.000000       -30456.98     -9.60633774375E+08  5.80084897221E+05 -1.65602272870E+03   4.35002086              438  0.23456    
       53500  -4.66467094         1307441.        0.000000       -30430.58     -9.60542396049E+08  5.80029719727E+05 -1.65602272329E+03   4.35088366              437  0.23345    
       53600  -4.66528268         1308246.        0.000000       -30451.23     -9.60600774202E+08  5.80064969445E+05 -1.65602272987E+03   4.34898071              439  0.23305    
       53700  -4.66630536         1308010.        0.000000       -30490.84     -9.60889445673E+08  5.80239288800E+05 -1.65602272066E+03   4.35048657              438  0.23243    
       53800  -4.66567232         1308061.        0.000000       -30460.57     -9.60867323879E+08  5.80225930903E+05 -1.65602271926E+03   4.34997720              439  0.23464    
       53900  -4.66575753         1307771.        0.000000       -30477.92     -9.60875710052E+08  5.80230992480E+05 -1.65602272630E+03   4.35069235              439  0.23542    
       54000  -4.66576226         1308075.        0.000000       -30503.13     -9.60920278159E+08  5.80257903878E+05 -1.65602273013E+03   4.35002806              438  0.24463    
       54100  -4.66607111         1308294.        0.000000       -30495.68     -9.60988948222E+08  5.80299370336E+05 -1.65602273128E+03   4.34946782              440  0.24555    
       54200  -4.66614217         1308219.        0.000000       -30446.22     -9.60961484177E+08  5.80282788901E+05 -1.65602272298E+03   4.35063916              437  0.24611    
       54300  -4.66656943         1308012.        0.000000       -30445.73     -9.60837854794E+08  5.80208135124E+05 -1.65602272121E+03   4.35093645              437  0.24064    
       54400  -4.66496168         1307573.        0.000000       -30453.59     -9.60556866242E+08  5.80038459296E+05 -1.65602271858E+03   4.35069450              439  0.23096    
       54500  -4.66390937         1307389.        0.000000       -30463.20     -9.60326011436E+08  5.79899054438E+05 -1.65602272342E+03   4.35064531              439  0.23864    
       54600  -4.66391035         1307645.        0.000000       -30472.72     -9.60287392505E+08  5.79875733326E+05 -1.65602272576E+03   4.35007549              440  0.23389    
       54700  -4.66474673         1307631.        0.000000       -30464.02     -9.60460441695E+08  5.79980230758E+05 -1.65602272415E+03   4.35065041              438  0.23664    
       54800  -4.66447451         1307570.        0.000000       -30467.20     -9.60405672617E+08  5.79947156528E+05 -1.65602272863E+03   4.35006895              440  0.23116    
       54900  -4.66513682         1307772.        0.000000       -30494.38     -9.60585455669E+08  5.80055720260E+05 -1.65602272699E+03   4.35002842              439  0.23181    
       55000  -4.66474153         1307728.        0.000000       -30529.85     -9.60600001322E+08  5.80064504464E+05 -1.65602272494E+03   4.35042839              438  0.23402    
       55100  -4.66397419         1307615.        0.000000       -30465.68     -9.60383970294E+08  5.79934052619E+05 -1.65602272527E+03   4.34971580              440  0.23452    
       55200  -4.66490848         1307750.        0.000000       -30482.51     -9.60634729276E+08  5.80085473905E+05 -1.65602272853E+03   4.34986538              439  0.23389    
       55300  -4.66539410         1307856.        0.000000       -30472.67     -9.60692163580E+08  5.80120155677E+05 -1.65602272939E+03   4.34984258              439  0.23454    
       55400  -4.66606961         1308113.        0.000000       -30460.68     -9.60828917336E+08  5.80202735801E+05 -1.65602272800E+03   4.34993668              437  0.23223    
       55500  -4.66619903         1307915.        0.000000       -30496.00     -9.60762940162E+08  5.80162893287E+05 -1.65602273306E+03   4.35058794              439  0.23470    
       55600  -4.66507089         1307803.        0.000000       -30484.23     -9.60610328769E+08  5.80070737415E+05 -1.65602273449E+03   4.35077032              435  0.23233    
       55700  -4.66486415         1307692.        0.000000       -30549.90     -9.60494982664E+08  5.80001085992E+05 -1.65602273144E+03   4.34996881              439  0.23580    
       55800  -4.66611666         1308339.        0.000000       -30501.70     -9.60729674538E+08  5.80142807548E+05 -1.65602272757E+03   4.34995692              440  0.23903    
       55900  -4.66681962         1308019.        0.000000       -30487.47     -9.60794629980E+08  5.80182031710E+05 -1.65602272643E+03   4.35062057              440  0.24317    
       56000  -4.66597901         1308221.        0.000000       -30445.35     -9.60627917203E+08  5.80081359048E+05 -1.65602273236E+03   4.34975141              440  0.24219    
       56100  -4.66661672         1308238.        0.000000       -30469.88     -9.60703199272E+08  5.80126818961E+05 -1.65602273136E+03   4.35008226              438  0.23956    
       56200  -4.66717710         1308204.        0.000000       -30442.83     -9.60785347758E+08  5.80176425137E+05 -1.65602273055E+03   4.35118131              439  0.23395    
       56300  -4.66585635         1307989.        0.000000       -30487.62     -9.60616096821E+08  5.80074221380E+05 -1.65602273195E+03   4.34973476              439  0.23182    
       56400  -4.66523952         1307746.        0.000000       -30481.51     -9.60632000523E+08  5.80083825329E+05 -1.65602273081E+03   4.34994467              438  0.23178    
       56500  -4.66511051         1308009.        0.000000       -30461.74     -9.60793576592E+08  5.80181392802E+05 -1.65602273446E+03   4.34958660              438  0.23406    
       56600  -4.66591349         1307797.        0.000000       -30479.27     -9.60837186815E+08  5.80207729379E+05 -1.65602272800E+03   4.35072736              440  0.23349    
       56700  -4.66553468         1308088.        0.000000       -30482.69     -9.60750655141E+08  5.80155477226E+05 -1.65602272642E+03   4.34906219              438  0.23618    
       56800  -4.66655662         1308269.        0.000000       -30489.74     -9.61079184994E+08  5.80353862092E+05 -1.65602272643E+03   4.35028600              439  0.23649    
       56900  -4.66712987         1308384.        0.000000       -30479.31     -9.61084143398E+08  5.80356855437E+05 -1.65602272876E+03   4.35025897              440  0.24538    
       57000  -4.66570682         1307767.        0.000000       -30485.63     -9.60786956063E+08  5.80177398788E+05 -1.65602272352E+03   4.35111634              439  0.24343    
       57100  -4.66443733         1307401.        0.000000       -30428.73     -9.60461574337E+08  5.79980915999E+05 -1.65602272048E+03   4.35135118              439  0.24454    
       57200  -4.66399103         1307608.        0.000000       -30429.94     -9.60241218868E+08  5.79847851457E+05 -1.65602272468E+03   4.35022618              437  0.24470    
       57300  -4.66357737         1307342.        0.000000       -30433.83     -9.60250021987E+08  5.79853166779E+05 -1.65602272610E+03   4.35006995              438  0.24296    
       57400  -4.66396162         1307517.        0.000000       -30446.18     -9.60492205170E+08  5.79999410994E+05 -1.65602272514E+03   4.34975373              439  0.24422    
       57500  -4.66493388         1307698.        0.000000       -30460.85     -9.60768747210E+08  5.80166404446E+05 -1.65602272012E+03   4.35010208              439  0.24671    
       57600  -4.66470641         1307687.        0.000000       -30466.77     -9.60716754481E+08  5.80135008384E+05 -1.65602271988E+03   4.35037627              437  0.24510    
       57700  -4.66511652         1307901.        0.000000       -30515.18     -9.60678645087E+08  5.80111995191E+05 -1.65602272156E+03   4.34958081              437  0.24489    
       57800  -4.66664786         1308574.        0.000000       -30523.98     -9.60984279971E+08  5.80296551993E+05 -1.65602272953E+03   4.34941031              438  0.24241    
       57900  -4.66701247         1308005.        0.000000       -30467.91     -9.61022623793E+08  5.80319705477E+05 -1.65602273148E+03   4.35125609              439  0.24977    
       58000  -4.66549148         1307897.        0.000000       -30497.51     -9.60654130074E+08  5.80097187035E+05 -1.65602273471E+03   4.35040661              438  0.24523    
       58100  -4.66547395         1307948.        0.000000       -30519.68     -9.60562387326E+08  5.80041787423E+05 -1.65602273518E+03   4.35053589              439  0.24578    
       58200  -4.66454802         1307364.        0.000000       -30481.23     -9.60304314710E+08  5.79885951859E+05 -1.65602272590E+03   4.35070413              438  0.24253    
       58300  -4.66360168         1307569.        0.000000       -30425.29     -9.60215470813E+08  5.79832302066E+05 -1.65602272828E+03   4.34959792              435  0.24347    
       58400  -4.66396051         1307440.        0.000000       -30447.11     -9.60330404261E+08  5.79901704981E+05 -1.65602272939E+03   4.35068006              437  0.24171    
       58500  -4.66472109         1307705.        0.000000       -30475.07     -9.60453800639E+08  5.79976219388E+05 -1.65602272737E+03   4.34963753              440  0.24548    
       58600  -4.66486511         1307691.        0.000000       -30454.22     -9.60541428729E+08  5.80029134198E+05 -1.65602272730E+03   4.35021302              439  0.24617    
       58700  -4.66502446         1307989.        0.000000       -30471.22     -9.60592009216E+08  5.80059677005E+05 -1.65602272886E+03   4.34971081              438  0.24163    
       58800  -4.66520908         1307725.        0.000000       -30476.71     -9.60660098368E+08  5.80100793140E+05 -1.65602272868E+03   4.35047629              437  0.23302    
       58900  -4.66503637         1307765.        0.000000       -30517.99     -9.60614542024E+08  5.80073282789E+05 -1.65602273114E+03   4.35031821              438  0.23154    
       59000  -4.66596606         1308366.        0.000000       -30505.30     -9.60808176925E+08  5.80190211937E+05 -1.65602272696E+03   4.34945278              439  0.23727    
       59100  -4.66805609         1308567.        0.000000       -30513.46     -9.61068673269E+08  5.80347512557E+05 -1.65602273202E+03   4.35001002              439  0.23314    
       59200  -4.66760951         1308261.        0.000000       -30503.58     -9.61000749190E+08  5.80306500024E+05 -1.65602272101E+03   4.35088350              437  0.23668    
       59300  -4.66651986         1308145.        0.000000       -30502.41     -9.60863825218E+08  5.80223818248E+05 -1.65602271916E+03   4.35006976              439  0.23122    
       59400  -4.66639583         1308048.        0.000000       -30462.81     -9.60896120886E+08  5.80243317084E+05 -1.65602272804E+03   4.35081795              440  0.23401    
       59500  -4.66557429         1308048.        0.000000       -30450.82     -9.60697282213E+08  5.80123243927E+05 -1.65602273701E+03   4.35010484              439  0.23473    
       59600  -4.66627025         1308221.        0.000000       -30474.01     -9.60854309341E+08  5.80218066178E+05 -1.65602273585E+03   4.34974778              438  0.23336    
       59700  -4.66686810         1308317.        0.000000       -30490.85     -9.60911723422E+08  5.80252735561E+05 -1.65602273722E+03   4.34949905              439  0.23435    
       59800  -4.66620175         1307994.        0.000000       -30497.02     -9.61016082332E+08  5.80315754985E+05 -1.65602273258E+03   4.35044708              440  0.23507    
       59900  -4.66514037         1307767.        0.000000       -30466.65     -9.60853438126E+08  5.80217542567E+05 -1.65602272878E+03   4.35023134              440  0.23505    
       60000  -4.66575140         1307901.        0.000000       -30494.14     -9.60861684080E+08  5.80222518919E+05 -1.65602273740E+03   4.35029655              439  0.24535    
       60100  -4.66690759         1307991.        0.000000       -30496.91     -9.60961407780E+08  5.80282737992E+05 -1.65602273662E+03   4.35031248              439  0.23221    
       60200  -4.66438838         1307348.        0.000000       -30454.51     -9.60545009254E+08  5.80031294122E+05 -1.65602273358E+03   4.35157808              439  0.23487    
       60300  -4.66357583         1307416.        0.000000       -30472.42     -9.60270695205E+08  5.79865647112E+05 -1.65602273559E+03   4.34970539              438  0.23442    
       60400  -4.66391246         1307668.        0.000000       -30446.37     -9.60345260189E+08  5.79910675372E+05 -1.65602273070E+03   4.34994328              439  0.23408    
       60500  -4.66438793         1307729.        0.000000       -30444.40     -9.60383418213E+08  5.79933714952E+05 -1.65602273752E+03   4.35001279              437  0.23425    
       60600  -4.66497839         1307651.        0.000000       -30425.75     -9.60506797976E+08  5.80008218169E+05 -1.65602273880E+03   4.35035877              439  0.23766    
       60700  -4.66428105         1307747.        0.000000       -30509.68     -9.60477325801E+08  5.79990421085E+05 -1.65602273914E+03   4.34946694              437  0.23540    
       60800  -4.66616092         1308232.        0.000000       -30497.66     -9.60700074401E+08  5.80124929682E+05 -1.65602273794E+03   4.34978115              437  0.23353    
       60900  -4.66602392         1307614.        0.000000       -30499.00     -9.60756828192E+08  5.80159200477E+05 -1.65602273893E+03   4.35060659              440  0.23531    
       61000  -4.66482229         1307671.        0.000000       -30490.26     -9.60620470803E+08  5.80076861676E+05 -1.65602273469E+03   4.35047013              440  0.23513    
       61100  -4.66550993         1308291.        0.000000       -30484.16     -9.60617420996E+08  5.80075019782E+05 -1.65602273540E+03   4.34932329              440  0.23569    
       61200  -4.66721533         1308122.        0.000000       -30459.87     -9.60765325774E+08  5.80164330568E+05 -1.65602274244E+03   4.35068141              438  0.23213    
       61300  -4.66562127         1307731.        0.000000       -30422.70     -9.60315101513E+08  5.79892458433E+05 -1.65602274620E+03   4.35101739              440  0.23728    
       61400  -4.66529982         1307677.        0.000000       -30472.50     -9.60347502953E+08  5.79912026067E+05 -1.65602274101E+03   4.35003989              438  0.23891    
       61500  -4.66477345         1307763.        0.000000       -30447.68     -9.60338307356E+08  5.79906476872E+05 -1.65602273066E+03   4.35015693              437  0.24889    
       61600  -4.66541391         1307779.        0.000000       -30446.16     -9.60281923075E+08  5.79872426099E+05 -1.65602273854E+03   4.35083166              440  0.24139    
       61700  -4.66470538         1307768.        0.000000       -30441.69     -9.60162985903E+08  5.79800604000E+05 -1.65602274175E+03   4.35035954              438  0.23841    
       61800  -4.66482597         1307857.        0.000000       -30460.11     -9.60211471897E+08  5.79829881607E+05 -1.65602274452E+03   4.34971875              439  0.24506    
       61900  -4.66549555         1307829.        0.000000       -30461.68     -9.60307381349E+08  5.79887798833E+05 -1.65602273971E+03   4.35030055              439  0.23804    
       62000  -4.66525394         1307953.        0.000000       -30478.15     -9.60423620973E+08  5.79957990829E+05 -1.65602273985E+03   4.34993755              439  0.23489    
       62100  -4.66543454         1308203.        0.000000       -30479.23     -9.60379311691E+08  5.79931233154E+05 -1.65602274337E+03   4.34935490              439  0.23124    
       62200  -4.66541594         1307724.        0.000000       -30470.14     -9.60428912534E+08  5.79961186221E+05 -1.65602273972E+03   4.35068616              439  0.23279    
       62300  -4.66488131         1307597.        0.000000       -30466.41     -9.60327490845E+08  5.79899941488E+05 -1.65602274141E+03   4.35061517              439  0.23958    
       62400  -4.66374044         1307239.        0.000000       -30474.09     -9.60137816181E+08  5.79785407470E+05 -1.65602273498E+03   4.35076459              439  0.24235    
       62500  -4.66370734         1307626.        0.000000       -30498.37     -9.60167883673E+08  5.79803565837E+05 -1.65602272950E+03   4.34939515              440  0.24639    
       62600  -4.66486097         1307565.        0.000000       -30472.55     -9.60433769191E+08  5.79964123618E+05 -1.65602272637E+03   4.35079046              440  0.24286    
       62700  -4.66498528         1308022.        0.000000       -30477.52     -9.60376897362E+08  5.79929780563E+05 -1.65602272818E+03   4.34912197              440  0.23613    
       62800  -4.66651855         1308227.        0.000000       -30485.65     -9.60740345123E+08  5.80149251188E+05 -1.65602272718E+03   4.34979312              439  0.23668    
       62900  -4.66528750         1307768.        0.000000       -30488.39     -9.60659916217E+08  5.80100684175E+05 -1.65602272575E+03   4.35099774              439  0.23456    
       63000  -4.66486682         1307599.        0.000000       -30526.00     -9.60564067240E+08  5.80042805822E+05 -1.65602272384E+03   4.35046540              438  0.23529    
       63100  -4.66493029         1307892.        0.000000       -30532.27     -9.60564919591E+08  5.80043320084E+05 -1.65602272508E+03   4.34985806              439  0.23281    
       63200  -4.66534480         1307810.        0.000000       -30528.40     -9.60637406492E+08  5.80087090659E+05 -1.65602272824E+03   4.35082015              440  0.23696    
       63300  -4.66506537         1307727.        0.000000       -30454.01     -9.60493791372E+08  5.80000368817E+05 -1.65602272518E+03   4.35098653              439  0.23569    
       63400  -4.66477166         1307687.        0.000000       -30419.39     -9.60295872910E+08  5.79880852181E+05 -1.65602273174E+03   4.35010804              438  0.23362    
       63500  -4.66417087         1307408.        0.000000       -30463.14     -9.60261331411E+08  5.79859995865E+05 -1.65602272662E+03   4.35060637              439  0.23298    
       63600  -4.66338356         1307275.        0.000000       -30426.27     -9.60031200311E+08  5.79721027752E+05 -1.65602273223E+03   4.35008799              439  0.23300    
       63700  -4.66391952         1307513.        0.000000       -30460.44     -9.60308521555E+08  5.79888489854E+05 -1.65602273257E+03   4.34970822              437  0.23354    
       63800  -4.66541635         1307853.        0.000000       -30442.24     -9.60553056731E+08  5.80036151180E+05 -1.65602274061E+03   4.35048419              437  0.23433    
       63900  -4.66524786         1307732.        0.000000       -30415.80     -9.60438093893E+08  5.79966730955E+05 -1.65602273825E+03   4.35060639              440  0.23293    
       64000  -4.66500597         1307659.        0.000000       -30460.62     -9.60390504126E+08  5.79937995075E+05 -1.65602273395E+03   4.35053632              437  0.24069    
       64100  -4.66470628         1307792.        0.000000       -30480.72     -9.60476516291E+08  5.79989933208E+05 -1.65602273643E+03   4.34987029              437  0.24425    
       64200  -4.66491986         1307920.        0.000000       -30468.24     -9.60558070027E+08  5.80039182029E+05 -1.65602273051E+03   4.34986993              438  0.24438    
       64300  -4.66628471         1308277.        0.000000       -30471.30     -9.60736035142E+08  5.80146647382E+05 -1.65602273059E+03   4.34930155              439  0.24522    
       64400  -4.66790810         1308737.        0.000000       -30470.17     -9.61072076039E+08  5.80349569958E+05 -1.65602272456E+03   4.35006339              438  0.24421    
       64500  -4.66729448         1308124.        0.000000       -30455.99     -9.60884001025E+08  5.80235996985E+05 -1.65602273216E+03   4.35072566              439  0.24641    
       64600  -4.66522091         1307599.        0.000000       -30448.98     -9.60499003746E+08  5.80003512533E+05 -1.65602273605E+03   4.35117688              439  0.24224    
       64700  -4.66421307         1307563.        0.000000       -30444.00     -9.60196993818E+08  5.79821143094E+05 -1.65602273262E+03   4.35076040              438  0.25018    
       64800  -4.66457655         1307458.        0.000000       -30513.65     -9.60299737624E+08  5.79883187923E+05 -1.65602272600E+03   4.35051756              439  0.24096    
       64900  -4.66463359         1307822.        0.000000       -30483.75     -9.60368562574E+08  5.79924749047E+05 -1.65602272390E+03   4.35007278              438  0.23639    
       65000  -4.66469644         1307791.        0.000000       -30472.05     -9.60317858351E+08  5.79894128540E+05 -1.65602273085E+03   4.34994262              438  0.24072    
       65100  -4.66400478         1307366.        0.000000       -30440.11     -9.60200506709E+08  5.79823264893E+05 -1.65602273115E+03   4.35075402              439  0.24228    
       65200  -4.66467179         1307733.        0.000000       -30399.92     -9.60247292090E+08  5.79851513646E+05 -1.65602273943E+03   4.34975346              438  0.24501    
       65300  -4.66467335         1307936.        0.000000       -30442.69     -9.60344120015E+08  5.79909983257E+05 -1.65602274101E+03   4.34985932              438  0.24358    
       65400  -4.66577865         1308148.        0.000000       -30429.92     -9.60560792909E+08  5.80040821942E+05 -1.65602274284E+03   4.34934249              440  0.24801    
       65500  -4.66680926         1308345.        0.000000       -30436.90     -9.60807489758E+08  5.80189790769E+05 -1.65602274470E+03   4.34978696              440  0.24623    
       65600  -4.66797293         1308312.        0.000000       -30396.67     -9.61008377498E+08  5.80311098310E+05 -1.65602274417E+03   4.35099527              437  0.23456    
       65700  -4.66607238         1308015.        0.000000       -30405.78     -9.60702261455E+08  5.80126249772E+05 -1.65602273959E+03   4.34990096              439  0.23496    
       65800  -4.66564737         1307998.        0.000000       -30401.79     -9.60706114893E+08  5.80128581657E+05 -1.65602272543E+03   4.35018552              440  0.24083    
       65900  -4.66599232         1308123.        0.000000       -30425.19     -9.60681970021E+08  5.80113999324E+05 -1.65602273198E+03   4.34990180              439  0.23515    
       66000  -4.66668623         1308281.        0.000000       -30463.05     -9.60910118373E+08  5.80251768883E+05 -1.65602272997E+03   4.35034060              437  0.23543    
       66100  -4.66659929         1307978.        0.000000       -30439.48     -9.60873599595E+08  5.80229717708E+05 -1.65602272733E+03   4.35062065              440  0.23113    
       66200  -4.66635235         1307934.        0.000000       -30387.40     -9.60790244875E+08  5.80179379594E+05 -1.65602273825E+03   4.35073905              438  0.23619    
       66300  -4.66550085         1307566.        0.000000       -30430.03     -9.60686448697E+08  5.80116699748E+05 -1.65602274355E+03   4.35062608              438  0.23430    
       66400  -4.66435946         1307414.        0.000000       -30396.73     -9.60474115320E+08  5.79988481069E+05 -1.65602274298E+03   4.35101686              440  0.23867    
       66500  -4.66400010         1307722.        0.000000       -30431.67     -9.60344039070E+08  5.79909933738E+05 -1.65602274284E+03   4.34931466              438  0.24108    
       66600  -4.66544064         1308174.        0.000000       -30401.10     -9.60608961549E+08  5.80069910696E+05 -1.65602273767E+03   4.34963015              438  0.24694    
       66700  -4.66651226         1308248.        0.000000       -30433.70     -9.60761051724E+08  5.80161752640E+05 -1.65602273392E+03   4.35010434              436  0.24533    
       66800  -4.66646218         1307787.        0.000000       -30438.49     -9.60702823850E+08  5.80126592485E+05 -1.65602273072E+03   4.35120089              440  0.24477    
       66900  -4.66523861         1307521.        0.000000       -30446.71     -9.60418288265E+08  5.79954773177E+05 -1.65602273261E+03   4.35089892              438  0.24766    
       67000  -4.66412921         1307355.        0.000000       -30432.95     -9.60249088005E+08  5.79852599691E+05 -1.65602273495E+03   4.35068632              437  0.23365    
       67100  -4.66375933         1307402.        0.000000       -30477.63     -9.60128596311E+08  5.79779841032E+05 -1.65602273201E+03   4.35041907              439  0.23053    
       67200  -4.66367518         1307416.        0.000000       -30469.95     -9.60180364357E+08  5.79811098832E+05 -1.65602273963E+03   4.34963262              439  0.23435    
       67300  -4.66428447         1307746.        0.000000       -30489.70     -9.60392946248E+08  5.79939469048E+05 -1.65602273600E+03   4.34938831              439  0.23544    
       67400  -4.66547619         1308085.        0.000000       -30472.53     -9.60705611978E+08  5.80128276285E+05 -1.65602273023E+03   4.34959938              438  0.24168    
       67500  -4.66594819         1307900.        0.000000       -30478.62     -9.60801393186E+08  5.80186115338E+05 -1.65602272751E+03   4.35038846              439  0.24395    
       67600  -4.66584996         1307789.        0.000000       -30459.78     -9.60781531313E+08  5.80174121879E+05 -1.65602272677E+03   4.35070498              439  0.24227    
       67700  -4.66479249         1307571.        0.000000       -30426.01     -9.60613566270E+08  5.80072696948E+05 -1.65602272150E+03   4.35079976              439  0.24408    
       67800  -4.66461309         1307916.        0.000000       -30445.97     -9.60528501220E+08  5.80021326948E+05 -1.65602272984E+03   4.34917528              437  0.24399    
       67900  -4.66627943         1308118.        0.000000       -30488.49     -9.60740073140E+08  5.80149086705E+05 -1.65602272788E+03   4.35005846              438  0.24454    
       68000  -4.66702347         1308351.        0.000000       -30456.20     -9.60956497286E+08  5.80279775929E+05 -1.65602272757E+03   4.34988456              439  0.24164    
       68100  -4.66679148         1308195.        0.000000       -30414.94     -9.60890554457E+08  5.80239956032E+05 -1.65602272727E+03   4.35115073              438  0.24771    
       68200  -4.66588339         1307705.        0.000000       -30449.65     -9.60657765226E+08  5.80099385140E+05 -1.65602272616E+03   4.35021200              440  0.24407    
       68300  -4.66453700         1307376.        0.000000       -30465.33     -9.60631477518E+08  5.80083513658E+05 -1.65602271897E+03   4.35091988              439  0.24246    
       68400  -4.66315717         1307371.        0.000000       -30434.71     -9.60396619652E+08  5.79941692375E+05 -1.65602272139E+03   4.34998830              440  0.24368    
       68500  -4.66524645         1308305.        0.000000       -30424.33     -9.60743921489E+08  5.80151409308E+05 -1.65602273144E+03   4.34918807              439  0.24599    
       68600  -4.66771327         1308392.        0.000000       -30473.28     -9.61112683119E+08  5.80374088774E+05 -1.65602273036E+03   4.35007264              439  0.24005    
       68700  -4.66687334         1308055.        0.000000       -30471.02     -9.60840481813E+08  5.80209718520E+05 -1.65602272962E+03   4.35143790              439  0.24325    
       68800  -4.66619043         1307730.        0.000000       -30437.83     -9.60502631161E+08  5.80005701941E+05 -1.65602273900E+03   4.35100243              439  0.23917    
       68900  -4.66416803         1307230.        0.000000       -30423.57     -9.60137562766E+08  5.79785253064E+05 -1.65602273892E+03   4.35107027              440  0.23344    
       69000  -4.66272230         1307237.        0.000000       -30417.62     -9.59823874770E+08  5.79595829914E+05 -1.65602274073E+03   4.35011834              440  0.24116    
       69100  -4.66328799         1307331.        0.000000       -30412.45     -9.60008085606E+08  5.79707067548E+05 -1.65602273863E+03   4.34985810              439  0.24634    
       69200  -4.66477286         1308163.        0.000000       -30397.86     -9.60327691959E+08  5.79900064547E+05 -1.65602273680E+03   4.34886663              437  0.24201    
       69300  -4.66670560         1307965.        0.000000       -30426.26     -9.60653741307E+08  5.80096953071E+05 -1.65602273244E+03   4.35031553              439  0.24758    
       69400  -4.66613576         1308162.        0.000000       -30444.71     -9.60686916779E+08  5.80116988179E+05 -1.65602272706E+03   4.35031840              437  0.23835    
       69500  -4.66545876         1307737.        0.000000       -30442.63     -9.60449072092E+08  5.79973362632E+05 -1.65602273134E+03   4.35088380              436  0.23191    
       69600  -4.66482456         1307789.        0.000000       -30430.06     -9.60276298962E+08  5.79869033449E+05 -1.65602272853E+03   4.34992001              438  0.24112    
       69700  -4.66460044         1307685.        0.000000       -30445.92     -9.60329207035E+08  5.79900982478E+05 -1.65602272811E+03   4.34971942              438  0.24249    
       69800  -4.66513487         1307913.        0.000000       -30444.95     -9.60610455484E+08  5.80070816003E+05 -1.65602272857E+03   4.34949994              436  0.24396    
       69900  -4.66553551         1307776.        0.000000       -30482.27     -9.60801199551E+08  5.80185999072E+05 -1.65602272562E+03   4.35059213              438  0.24620    
       70000  -4.66535732         1307991.        0.000000       -30475.48     -9.60785446644E+08  5.80176486711E+05 -1.65602272524E+03   4.34979196              438  0.23819    
       70100  -4.66655509         1308199.        0.000000       -30480.88     -9.60985866799E+08  5.80297511063E+05 -1.65602272710E+03   4.35006755              440  0.23670    
       70200  -4.66676103         1308391.        0.000000       -30468.94     -9.61002977111E+08  5.80307844310E+05 -1.65602272403E+03   4.34991105              440  0.23164    
       70300  -4.66635131         1307978.        0.000000       -30446.26     -9.60816440770E+08  5.80195202414E+05 -1.65602272610E+03   4.35105155              439  0.23489    
       70400  -4.66578925         1307874.        0.000000       -30467.10     -9.60702774336E+08  5.80126562505E+05 -1.65602273095E+03   4.35043725              439  0.23884    
       70500  -4.66602830         1308336.        0.000000       -30468.99     -9.60701861453E+08  5.80126011386E+05 -1.65602273057E+03   4.34982479              438  0.24465    
       70600  -4.66662814         1308093.        0.000000       -30494.49     -9.60702767296E+08  5.80126556937E+05 -1.65602273471E+03   4.35039929              439  0.24424    
       70700  -4.66639927         1307871.        0.000000       -30435.60     -9.60585829781E+08  5.80055942047E+05 -1.65602273876E+03   4.35117746              440  0.24217    
       70800  -4.66399992         1307300.        0.000000       -30451.90     -9.60266002350E+08  5.79862811881E+05 -1.65602273965E+03   4.35076305              439  0.24360    
       70900  -4.66426899         1307764.        0.000000       -30460.73     -9.60355436578E+08  5.79916818513E+05 -1.65602273623E+03   4.34927401              437  0.23726    
       71000  -4.66583725         1308118.        0.000000       -30475.44     -9.60743516536E+08  5.80151163592E+05 -1.65602273481E+03   4.34988287              440  0.23205    
       71100  -4.66610137         1307773.        0.000000       -30448.55     -9.60681391767E+08  5.80113648292E+05 -1.65602273726E+03   4.35099095              439  0.23301    
       71200  -4.66486520         1307982.        0.000000       -30432.56     -9.60476993686E+08  5.79990220092E+05 -1.65602274041E+03   4.34957822              437  0.23519    
       71300  -4.66647780         1308521.        0.000000       -30451.17     -9.60828430199E+08  5.80202438496E+05 -1.65602273698E+03   4.34908925              437  0.23448    
       71400  -4.66806845         1308489.        0.000000       -30509.59     -9.61094950727E+08  5.80363380633E+05 -1.65602273127E+03   4.34996462              437  0.23505    
       71500  -4.66661574         1307791.        0.000000       -30479.23     -9.60928220579E+08  5.80262701655E+05 -1.65602272529E+03   4.35104702              440  0.23976    
       71600  -4.66446615         1307218.        0.000000       -30455.78     -9.60570463829E+08  5.80046666959E+05 -1.65602272808E+03   4.35196495              438  0.23065    
       71700  -4.66232941         1307114.        0.000000       -30484.51     -9.60155826565E+08  5.79796286770E+05 -1.65602272466E+03   4.34964637              439  0.23492    
       71800  -4.66313358         1307451.        0.000000       -30495.60     -9.60383577481E+08  5.79933814920E+05 -1.65602272668E+03   4.34952449              438  0.23378    
       71900  -4.66431391         1307752.        0.000000       -30497.18     -9.60586361859E+08  5.80056267910E+05 -1.65602272573E+03   4.34946385              437  0.23274    
       72000  -4.66457541         1307647.        0.000000       -30492.21     -9.60549118837E+08  5.80033777093E+05 -1.65602272966E+03   4.35044163              437  0.23666    
       72100  -4.66481905         1307917.        0.000000       -30484.32     -9.60471362198E+08  5.79986820946E+05 -1.65602273623E+03   4.34984730              439  0.23110    
       72200  -4.66601725         1308255.        0.000000       -30445.44     -9.60628262179E+08  5.80081565965E+05 -1.65602273636E+03   4.34972606              439  0.23227    
       72300  -4.66656974         1308301.        0.000000       -30473.93     -9.60763228841E+08  5.80163067706E+05 -1.65602273278E+03   4.34992028              438  0.23410    
       72400  -4.66642039         1308273.        0.000000       -30517.06     -9.60859747351E+08  5.80221353892E+05 -1.65602272461E+03   4.34903194              439  0.23770    
       72500  -4.66669942         1308438.        0.000000       -30492.97     -9.61047111008E+08  5.80334494927E+05 -1.65602272381E+03   4.34996757              440  0.23320    
       72600  -4.66719687         1308270.        0.000000       -30473.37     -9.61003329539E+08  5.80308053737E+05 -1.65602273370E+03   4.35048722              438  0.23420    
       72700  -4.66700288         1308144.        0.000000       -30431.94     -9.60958739081E+08  5.80281129355E+05 -1.65602272841E+03   4.35105214              437  0.23352    
       72800  -4.66594214         1308078.        0.000000       -30467.00     -9.60828165885E+08  5.80202281754E+05 -1.65602272880E+03   4.34987683              439  0.23521    
       72900  -4.66559975         1307873.        0.000000       -30468.95     -9.60760460391E+08  5.80161398790E+05 -1.65602272470E+03   4.35076194              437  0.23670    
       73000  -4.66505754         1307503.        0.000000       -30454.32     -9.60587162566E+08  5.80056751540E+05 -1.65602272539E+03   4.35137783              437  0.23383    
       73100  -4.66413728         1307598.        0.000000       -30486.36     -9.60322531796E+08  5.79896949850E+05 -1.65602273308E+03   4.34999426              438  0.23402    
       73200  -4.66494387         1308245.        0.000000       -30472.86     -9.60514862748E+08  5.80013091389E+05 -1.65602272950E+03   4.34873934              437  0.23531    
       73300  -4.66728982         1308272.        0.000000       -30481.04     -9.60922745763E+08  5.80259393249E+05 -1.65602273215E+03   4.35017177              439  0.23530    
       73400  -4.66617529         1308224.        0.000000       -30448.13     -9.60800063469E+08  5.80185309480E+05 -1.65602273579E+03   4.34998884              438  0.23251    
       73500  -4.66580886         1308066.        0.000000       -30474.99     -9.60727709930E+08  5.80141617844E+05 -1.65602273717E+03   4.35023404              440  0.23295    
       73600  -4.66489928         1307681.        0.000000       -30482.36     -9.60622519745E+08  5.80078098020E+05 -1.65602273733E+03   4.35013302              437  0.23467    
       73700  -4.66472344         1307665.        0.000000       -30499.31     -9.60663927951E+08  5.80103104381E+05 -1.65602273233E+03   4.35032173              439  0.23314    
       73800  -4.66463068         1307578.        0.000000       -30491.47     -9.60622923760E+08  5.80078343890E+05 -1.65602273189E+03   4.35093437              436  0.23775    
       73900  -4.66314342         1307130.        0.000000       -30473.90     -9.60281329629E+08  5.79872069466E+05 -1.65602273362E+03   4.35110280              440  0.23202    
       74000  -4.66282980         1307286.        0.000000       -30462.99     -9.60172349205E+08  5.79806261147E+05 -1.65602273302E+03   4.34997009              440  0.23433    
       74100  -4.66348979         1307449.        0.000000       -30482.28     -9.60248480310E+08  5.79852233074E+05 -1.65602273396E+03   4.34977837              438  0.23724    
       74200  -4.66489381         1307833.        0.000000       -30483.97     -9.60570943519E+08  5.80046955928E+05 -1.65602273006E+03   4.34973263              438  0.23683    
       74300  -4.66547773         1307959.        0.000000       -30487.36     -9.60850504996E+08  5.80215771748E+05 -1.65602272772E+03   4.35055128              439  0.23292    
       74400  -4.66560229         1308025.        0.000000       -30463.50     -9.60766556324E+08  5.80165079354E+05 -1.65602272614E+03   4.34972053              438  0.23222    
       74500  -4.66594812         1307934.        0.000000       -30469.35     -9.60916692856E+08  5.80255739098E+05 -1.65602272948E+03   4.35065669              438  0.23296    
       74600  -4.66568564         1307756.        0.000000       -30413.08     -9.60618699620E+08  5.80075789899E+05 -1.65602274108E+03   4.35114486              440  0.23265    
       74700  -4.66396264         1307456.        0.000000       -30403.16     -9.60170694652E+08  5.79805259367E+05 -1.65602274064E+03   4.35106638              438  0.23394    
       74800  -4.66362844         1307420.        0.000000       -30465.36     -9.59947664263E+08  5.79670581212E+05 -1.65602274012E+03   4.35019407              440  0.23100    
       74900  -4.66413901         1307692.        0.000000       -30434.49     -9.60013317088E+08  5.79710229298E+05 -1.65602273096E+03   4.34945464              437  0.23536    
       75000  -4.66496569         1307800.        0.000000       -30468.48     -9.60418522314E+08  5.79954916306E+05 -1.65602272748E+03   4.34923440              439  0.23461    
       75100  -4.66498908         1307800.        0.000000       -30464.00     -9.60690274502E+08  5.80119016811E+05 -1.65602272407E+03   4.34945153              439  0.23534    
       75200  -4.66553239         1308055.        0.000000       -30483.60     -9.60898810927E+08  5.80244944371E+05 -1.65602271980E+03   4.35019321              438  0.23233    
       75300  -4.66640616         1308202.        0.000000       -30490.99     -9.60990239414E+08  5.80300152450E+05 -1.65602272437E+03   4.35016565              438  0.23303    
       75400  -4.66689401         1307974.        0.000000       -30460.03     -9.60975013571E+08  5.80290957349E+05 -1.65602272688E+03   4.35123181              440  0.23416    
       75500  -4.66603633         1307845.        0.000000       -30426.73     -9.60681881107E+08  5.80113947037E+05 -1.65602272797E+03   4.35068438              439  0.23384    
       75600  -4.66491110         1307570.        0.000000       -30437.90     -9.60467203019E+08  5.79984313023E+05 -1.65602272588E+03   4.35036961              439  0.23483    
       75700  -4.66555654         1307820.        0.000000       -30481.73     -9.60636404599E+08  5.80086485199E+05 -1.65602272956E+03   4.35028142              437  0.23191    
       75800  -4.66530395         1307487.        0.000000       -30505.76     -9.60529154510E+08  5.80021720020E+05 -1.65602273390E+03   4.35118604              439  0.23257    
       75900  -4.66373573         1307286.        0.000000       -30473.78     -9.60230742185E+08  5.79841523284E+05 -1.65602272970E+03   4.35044554              437  0.23717    
       76000  -4.66344827         1307571.        0.000000       -30455.07     -9.60201214257E+08  5.79823692812E+05 -1.65602272925E+03   4.34922884              439  0.23266    
       76100  -4.66467203         1307831.        0.000000       -30501.99     -9.60585987373E+08  5.80056041282E+05 -1.65602272713E+03   4.34973518              438  0.23895    
       76200  -4.66636273         1308255.        0.000000       -30456.44     -9.60885323657E+08  5.80236798408E+05 -1.65602272433E+03   4.35053003              437  0.23178    
       76300  -4.66503595         1307561.        0.000000       -30431.20     -9.60568269736E+08  5.80045343100E+05 -1.65602272506E+03   4.35120340              437  0.23643    
       76400  -4.66360103         1307340.        0.000000       -30466.47     -9.60288331033E+08  5.79876299791E+05 -1.65602272654E+03   4.35030813              439  0.23065    
       76500  -4.66327284         1307342.        0.000000       -30446.13     -9.60218173914E+08  5.79833935870E+05 -1.65602272394E+03   4.35014509              437  0.23264    
       76600  -4.66442799         1307795.        0.000000       -30459.46     -9.60351832260E+08  5.79914646771E+05 -1.65602272267E+03   4.34996933              439  0.23256    
       76700  -4.66535898         1307898.        0.000000       -30477.50     -9.60492620561E+08  5.79999662487E+05 -1.65602272326E+03   4.35001523              439  0.23133    
       76800  -4.66551904         1307964.        0.000000       -30475.95     -9.60479565511E+08  5.79991779574E+05 -1.65602272194E+03   4.35003589              436  0.23520    
       76900  -4.66478229         1307572.        0.000000       -30502.99     -9.60419911454E+08  5.79955757536E+05 -1.65602272065E+03   4.35076688              439  0.23602    
       77000  -4.66418789         1307682.        0.000000       -30480.15     -9.60369221001E+08  5.79925148418E+05 -1.65602271883E+03   4.34999875              437  0.23575    
       77100  -4.66481872         1307685.        0.000000       -30500.65     -9.60447540417E+08  5.79972438899E+05 -1.65602272798E+03   4.35070249              438  0.23230    
       77200  -4.66508216         1308005.        0.000000       -30481.75     -9.60460862528E+08  5.79980483248E+05 -1.65602272882E+03   4.34940803              438  0.23273    
       77300  -4.66554359         1307757.        0.000000       -30476.03     -9.60684706274E+08  5.80115649862E+05 -1.65602273702E+03   4.35066159              437  0.23371    
       77400  -4.66554268         1308241.        0.000000       -30474.02     -9.60689206292E+08  5.80118365714E+05 -1.65602274134E+03   4.34941371              439  0.23393    
       77500  -4.66680568         1308233.        0.000000       -30441.28     -9.60814367883E+08  5.80193945445E+05 -1.65602274106E+03   4.35080568              439  0.23341    
       77600  -4.66608698         1308146.        0.000000       -30453.47     -9.60716156998E+08  5.80134639510E+05 -1.65602274294E+03   4.34963638              437  0.23687    
       77700  -4.66668775         1308263.        0.000000       -30445.02     -9.60816885806E+08  5.80195467698E+05 -1.65602273596E+03   4.35028586              438  0.23412    
       77800  -4.66706464         1308315.        0.000000       -30448.80     -9.60848251505E+08  5.80214409735E+05 -1.65602273122E+03   4.35008410              439  0.23390    
       77900  -4.66647339         1307934.        0.000000       -30501.93     -9.60758754317E+08  5.80160365671E+05 -1.65602273297E+03   4.35053427              438  0.23624    
       78000  -4.66459510         1307342.        0.000000       -30487.85     -9.60435599345E+08  5.79965225689E+05 -1.65602273516E+03   4.35085848              440  0.23390    
       78100  -4.66383238         1307618.        0.000000       -30471.96     -9.60458372507E+08  5.79978979565E+05 -1.65602272901E+03   4.34993045              438  0.23339    
       78200  -4.66386632         1307382.        0.000000       -30448.43     -9.60447094286E+08  5.79972169900E+05 -1.65602272684E+03   4.35056161              438  0.23255    
       78300  -4.66358751         1307305.        0.000000       -30391.00     -9.60281246479E+08  5.79872021829E+05 -1.65602272627E+03   4.35048142              437  0.23564    
       78400  -4.66495669         1307926.        0.000000       -30446.04     -9.60479727715E+08  5.79991873448E+05 -1.65602273357E+03   4.34971797              439  0.23241    
       78500  -4.66495176         1307795.        0.000000       -30415.85     -9.60451025698E+08  5.79974540055E+05 -1.65602273784E+03   4.35035949              438  0.23095    
       78600  -4.66517855         1307687.        0.000000       -30420.02     -9.60492105479E+08  5.79999346240E+05 -1.65602273814E+03   4.35005696              438  0.23842    
       78700  -4.66448287         1307452.        0.000000       -30425.77     -9.60448511402E+08  5.79973022182E+05 -1.65602273669E+03   4.35109252              437  0.23376    
       78800  -4.66324262         1307173.        0.000000       -30423.75     -9.60246124318E+08  5.79850809195E+05 -1.65602273739E+03   4.35057255              437  0.23514    
       78900  -4.66387502         1307764.        0.000000       -30451.75     -9.60442446671E+08  5.79969361988E+05 -1.65602273089E+03   4.34956297              438  0.23140    
       79000  -4.66509922         1307755.        0.000000       -30481.90     -9.60732175919E+08  5.80144318323E+05 -1.65602272672E+03   4.35025231              439  0.23242    
       79100  -4.66471217         1307796.        0.000000       -30497.01     -9.60636741213E+08  5.80086688774E+05 -1.65602272868E+03   4.35010058              437  0.23304    
       79200  -4.66577435         1308052.        0.000000       -30559.02     -9.60832063361E+08  5.80204635845E+05 -1.65602272716E+03   4.34985134              437  0.24226    
       79300  -4.66559110         1307750.        0.000000       -30531.74     -9.60736152137E+08  5.80146719269E+05 -1.65602272706E+03   4.35069277              437  0.23659    
       79400  -4.66474072         1307553.        0.000000       -30512.59     -9.60619528905E+08  5.80076295689E+05 -1.65602272674E+03   4.35020541              436  0.23100    
       79500  -4.66381001         1307337.        0.000000       -30503.06     -9.60544753775E+08  5.80031143897E+05 -1.65602272202E+03   4.35049954              438  0.23555    
       79600  -4.66403844         1307682.        0.000000       -30485.96     -9.60643794398E+08  5.80090950456E+05 -1.65602272134E+03   4.35006637              438  0.23456    
       79700  -4.66410446         1307429.        0.000000       -30507.17     -9.60625742263E+08  5.80080047903E+05 -1.65602272606E+03   4.35065634              436  0.23505    
       79800  -4.66481262         1308031.        0.000000       -30487.39     -9.60682999139E+08  5.80114621290E+05 -1.65602273048E+03   4.34926582              439  0.23461    
       79900  -4.66615120         1308211.        0.000000       -30490.03     -9.60891541652E+08  5.80240551151E+05 -1.65602273014E+03   4.34976118              438  0.23342    
       80000  -4.66755897         1308562.        0.000000       -30467.89     -9.61185417630E+08  5.80418008291E+05 -1.65602273517E+03   4.35019157              439  0.23119    
       80100  -4.66747487         1308299.        0.000000       -30456.76     -9.61132089429E+08  5.80385806556E+05 -1.65602273276E+03   4.35101841              438  0.23287    
       80200  -4.66648108         1307863.        0.000000       -30466.92     -9.60918835876E+08  5.80257031101E+05 -1.65602273540E+03   4.35137612              437  0.23702    
       80300  -4.66567401         1308105.        0.000000       -30485.99     -9.60798864982E+08  5.80184588553E+05 -1.65602272783E+03   4.34952120              439  0.23306    
       80400  -4.66671922         1308299.        0.000000       -30456.20     -9.61016967385E+08  5.80316293892E+05 -1.65602271985E+03   4.34964190              437  0.23777    
       80500  -4.66660640         1308212.        0.000000       -30425.07     -9.61043082530E+08  5.80332063402E+05 -1.65602272067E+03   4.35046598              438  0.23472    
       80600  -4.66695478         1308311.        0.000000       -30419.43     -9.61100502717E+08  5.80366737232E+05 -1.65602271988E+03   4.35005825              439  0.23313    
       80700  -4.66687543         1308270.        0.000000       -30405.82     -9.60926564749E+08  5.80261704106E+05 -1.65602271863E+03   4.35048440              439  0.23583    
       80800  -4.66652182         1308048.        0.000000       -30423.85     -9.60720227146E+08  5.80137105222E+05 -1.65602272032E+03   4.35077533              439  0.23323    
       80900  -4.66482844         1307692.        0.000000       -30425.58     -9.60537630046E+08  5.80026840986E+05 -1.65602272545E+03   4.35026481              438  0.23412    
       81000  -4.66492526         1307623.        0.000000       -30396.99     -9.60454928023E+08  5.79976900859E+05 -1.65602272539E+03   4.35059429              438  0.23541    
       81100  -4.66481347         1307777.        0.000000       -30424.13     -9.60514641276E+08  5.80012957827E+05 -1.65602272900E+03   4.34981273              438  0.23648    
       81200  -4.66530858         1307877.        0.000000       -30392.36     -9.60585517000E+08  5.80055755787E+05 -1.65602273129E+03   4.35043045              440  0.23229    
       81300  -4.66533026         1307662.        0.000000       -30406.78     -9.60465502736E+08  5.79983283356E+05 -1.65602273427E+03   4.35159023              439  0.23125    
       81400  -4.66354533         1307274.        0.000000       -30424.55     -9.60003181264E+08  5.79704104740E+05 -1.65602274232E+03   4.35052622              439  0.23274    
       81500  -4.66363772         1307600.        0.000000       -30413.00     -9.60082172184E+08  5.79751804578E+05 -1.65602274043E+03   4.34932583              438  0.23471    
       81600  -4.66514963         1308086.        0.000000       -30436.41     -9.60272552892E+08  5.79866766723E+05 -1.65602274177E+03   4.34989427              439  0.23285    
       81700  -4.66605154         1307838.        0.000000       -30437.10     -9.60330114758E+08  5.79901527370E+05 -1.65602273737E+03   4.35074106              437  0.23180    
       81800  -4.66479410         1307298.        0.000000       -30433.10     -9.60058977713E+08  5.79737798477E+05 -1.65602274034E+03   4.35149322              439  0.23402    
       81900  -4.66315565         1307247.        0.000000       -30434.71     -9.59792869364E+08  5.79577104888E+05 -1.65602274705E+03   4.35003860              438  0.23410    
       82000  -4.66332614         1307274.        0.000000       -30423.24     -9.59844557502E+08  5.79608317636E+05 -1.65602274553E+03   4.35011345              438  0.23065    
       82100  -4.66335330         1307426.        0.000000       -30410.26     -9.59875462139E+08  5.79626980126E+05 -1.65602274402E+03   4.35001216              439  0.23191    
       82200  -4.66457612         1308006.        0.000000       -30429.23     -9.60064952303E+08  5.79741403776E+05 -1.65602274747E+03   4.34905484              438  0.23322    
       82300  -4.66609295         1308187.        0.000000       -30432.21     -9.60437874655E+08  5.79966596539E+05 -1.65602274405E+03   4.34977458              438  0.23780    
       82400  -4.66605744         1308010.        0.000000       -30436.42     -9.60523127209E+08  5.80018078926E+05 -1.65602273810E+03   4.35009268              440  0.23206    
       82500  -4.66617617         1308361.        0.000000       -30435.20     -9.60523611932E+08  5.80018370380E+05 -1.65602274166E+03   4.34988292              439  0.23480    
       82600  -4.66743616         1308519.        0.000000       -30438.12     -9.60742877346E+08  5.80150775741E+05 -1.65602274016E+03   4.34999230              439  0.23151    
       82700  -4.66619042         1307699.        0.000000       -30457.51     -9.60631337094E+08  5.80083424075E+05 -1.65602273264E+03   4.35125556              438  0.23374    
       82800  -4.66464030         1307655.        0.000000       -30427.76     -9.60370789147E+08  5.79926089846E+05 -1.65602273456E+03   4.35022599              439  0.23436    
       82900  -4.66400929         1307472.        0.000000       -30384.68     -9.60374758604E+08  5.79928487991E+05 -1.65602273124E+03   4.35050263              439  0.23541    
       83000  -4.66456038         1307730.        0.000000       -30439.07     -9.60400544371E+08  5.79944056756E+05 -1.65602273734E+03   4.34972315              439  0.23434    
       83100  -4.66546126         1307865.        0.000000       -30435.76     -9.60717514312E+08  5.80135462930E+05 -1.65602273210E+03   4.35043708              437  0.23356    
       83200  -4.66569944         1308032.        0.000000       -30459.85     -9.60777168269E+08  5.80171486944E+05 -1.65602272757E+03   4.34971583              438  0.23458    
       83300  -4.66609663         1308182.        0.000000       -30471.20     -9.61032381349E+08  5.80325600178E+05 -1.65602272423E+03   4.35001160              439  0.23138    
       83400  -4.66682853         1308133.        0.000000       -30485.07     -9.61093925268E+08  5.80362762109E+05 -1.65602272926E+03   4.35019828              438  0.23559    
       83500  -4.66653778         1307852.        0.000000       -30496.50     -9.61079234175E+08  5.80353891415E+05 -1.65602272750E+03   4.35104495              439  0.23416    
       83600  -4.66601386         1308026.        0.000000       -30508.86     -9.61011284384E+08  5.80312863591E+05 -1.65602271581E+03   4.35019703              440  0.23527    
       83700  -4.66613544         1308116.        0.000000       -30501.12     -9.61034729877E+08  5.80327021250E+05 -1.65602271596E+03   4.35029466              439  0.23181    
       83800  -4.66496611         1307354.        0.000000       -30462.74     -9.60733984509E+08  5.80145409903E+05 -1.65602272828E+03   4.35133577              438  0.23553    
       83900  -4.66368902         1307510.        0.000000       -30462.92     -9.60372723073E+08  5.79927259697E+05 -1.65602272874E+03   4.34996393              440  0.23075    
       84000  -4.66361964         1307418.        0.000000       -30491.96     -9.60343037960E+08  5.79909334686E+05 -1.65602272721E+03   4.35009104              437  0.23155    
       84100  -4.66480770         1307881.        0.000000       -30476.61     -9.60606076838E+08  5.80068173393E+05 -1.65602272440E+03   4.34963553              437  0.23475    
       84200  -4.66544708         1307748.        0.000000       -30426.46     -9.60694366800E+08  5.80121487786E+05 -1.65602272460E+03   4.35070765              438  0.23540    
       84300  -4.66474280         1307532.        0.000000       -30465.66     -9.60604772040E+08  5.80067385144E+05 -1.65602272536E+03   4.35087452              436  0.23512    
       84400  -4.66410395         1307634.        0.000000       -30497.27     -9.60427138914E+08  5.79960118641E+05 -1.65602272991E+03   4.35041681              439  0.23165    
       84500  -4.66465613         1307772.        0.000000       -30500.33     -9.60480335642E+08  5.79992244029E+05 -1.65602272363E+03   4.34944158              439  0.23321    
       84600  -4.66560796         1307722.        0.000000       -30490.68     -9.60698502410E+08  5.80123987466E+05 -1.65602271785E+03   4.35058245              440  0.23611    
       84700  -4.66548282         1307987.        0.000000       -30476.00     -9.60777478006E+08  5.80171676309E+05 -1.65602272093E+03   4.34987508              438  0.23361    
       84800  -4.66574686         1307951.        0.000000       -30501.54     -9.60882161074E+08  5.80234889699E+05 -1.65602272137E+03   4.34986860              438  0.23455    
       84900  -4.66580581         1308056.        0.000000       -30495.91     -9.60980067349E+08  5.80294012048E+05 -1.65602271848E+03   4.35087754              440  0.23381    
       85000  -4.66682215         1308238.        0.000000       -30478.48     -9.60958341061E+08  5.80280893626E+05 -1.65602271524E+03   4.35028551              439  0.23496    
       85100  -4.66658551         1308053.        0.000000       -30445.72     -9.60954654943E+08  5.80278663931E+05 -1.65602272610E+03   4.35072965              440  0.23279    
       85200  -4.66697303         1308664.        0.000000       -30469.58     -9.61114397262E+08  5.80375126315E+05 -1.65602272338E+03   4.34936763              440  0.23362    
       85300  -4.66800125         1308325.        0.000000       -30471.74     -9.61296741999E+08  5.80485235144E+05 -1.65602272685E+03   4.35070492              440  0.23220    
       85400  -4.66728256         1307822.        0.000000       -30449.90     -9.61136189443E+08  5.80388281995E+05 -1.65602273385E+03   4.35164006              439  0.23143    
       85500  -4.66497025         1307258.        0.000000       -30435.55     -9.60632304506E+08  5.80084007129E+05 -1.65602273585E+03   4.35241613              439  0.23266    
       85600  -4.66348935         1307571.        0.000000       -30494.52     -9.60252964440E+08  5.79854941704E+05 -1.65602273151E+03   4.34973367              439  0.23162    
       85700  -4.66432641         1307613.        0.000000       -30517.87     -9.60337756423E+08  5.79906144049E+05 -1.65602273105E+03   4.35043416              440  0.23335    
       85800  -4.66485952         1307748.        0.000000       -30493.04     -9.60323561988E+08  5.79897570321E+05 -1.65602273770E+03   4.34979616              440  0.23080    
       85900  -4.66481605         1308082.        0.000000       -30486.36     -9.60347679555E+08  5.79912132333E+05 -1.65602274209E+03   4.34908343              438  0.23377    
       86000  -4.66702960         1308304.        0.000000       -30490.42     -9.60792918254E+08  5.80180993229E+05 -1.65602274026E+03   4.35006140              439  0.23258    
       86100  -4.66678323         1307790.        0.000000       -30460.51     -9.60697793133E+08  5.80123550375E+05 -1.65602274294E+03   4.35183847              439  0.23683    
       86200  -4.66417708         1307278.        0.000000       -30465.82     -9.60235612796E+08  5.79844458879E+05 -1.65602274557E+03   4.35054894              438  0.23347    
       86300  -4.66373446         1307514.        0.000000       -30425.72     -9.60118813268E+08  5.79773928553E+05 -1.65602274608E+03   4.35028103              438  0.23603    
       86400  -4.66490011         1307875.        0.000000       -30440.14     -9.60313397449E+08  5.79891428883E+05 -1.65602274774E+03   4.34922826              438  0.23565    
       86500  -4.66592651         1307934.        0.000000       -30432.05     -9.60536925735E+08  5.80026408706E+05 -1.65602274537E+03   4.35021931              439  0.23809    
       86600  -4.66619151         1307909.        0.000000       -30376.95     -9.60640936508E+08  5.80089218612E+05 -1.65602273872E+03   4.35059948              436  0.23193    
       86700  -4.66557198         1307793.        0.000000       -30412.71     -9.60618945735E+08  5.80075939976E+05 -1.65602273691E+03   4.35068742              438  0.23238    
       86800  -4.66382636         1307237.        0.000000       -30412.23     -9.60291215907E+08  5.79878039951E+05 -1.65602273193E+03   4.35092415              438  0.23313    
       86900  -4.66317273         1307301.        0.000000       -30402.29     -9.60198475739E+08  5.79822037867E+05 -1.65602273289E+03   4.35011924              438  0.23456    
       87000  -4.66379734         1307763.        0.000000       -30410.81     -9.60332054812E+08  5.79902698839E+05 -1.65602273749E+03   4.34911751              439  0.23398    
       87100  -4.66516124         1307825.        0.000000       -30434.29     -9.60682649794E+08  5.80114410841E+05 -1.65602272903E+03   4.34999424              439  0.23147    
       87200  -4.66516585         1307801.        0.000000       -30466.56     -9.60761051027E+08  5.80161755833E+05 -1.65602272361E+03   4.35026061              439  0.23443    
       87300  -4.66620796         1308150.        0.000000       -30490.02     -9.61014010074E+08  5.80314506726E+05 -1.65602272377E+03   4.35045310              439  0.23530    
       87400  -4.66663010         1308217.        0.000000       -30470.08     -9.60984748336E+08  5.80296835685E+05 -1.65602272706E+03   4.35046934              438  0.23494    
       87500  -4.66592067         1307613.        0.000000       -30465.07     -9.60790008898E+08  5.80179240156E+05 -1.65602272953E+03   4.35163728              439  0.23298    
       87600  -4.66410154         1307246.        0.000000       -30454.65     -9.60505361609E+08  5.80007357002E+05 -1.65602272111E+03   4.35115387              439  0.23578    
       87700  -4.66441506         1307654.        0.000000       -30495.57     -9.60607223790E+08  5.80068867692E+05 -1.65602271953E+03   4.34988141              440  0.23275    
       87800  -4.66540794         1308174.        0.000000       -30481.68     -9.60788834578E+08  5.80178533373E+05 -1.65602272286E+03   4.34943521              437  0.23145    
       87900  -4.66676478         1308255.        0.000000       -30492.17     -9.61069288504E+08  5.80347888515E+05 -1.65602271934E+03   4.35047703              439  0.23392    
       88000  -4.66567478         1307943.        0.000000       -30465.98     -9.60887945304E+08  5.80238381894E+05 -1.65602272323E+03   4.35050310              437  0.23209    
       88100  -4.66560548         1308078.        0.000000       -30450.04     -9.60931197271E+08  5.80264497981E+05 -1.65602272862E+03   4.34959621              438  0.23233    
       88200  -4.66700971         1308242.        0.000000       -30502.02     -9.61254173275E+08  5.80459529902E+05 -1.65602272640E+03   4.35002901              437  0.23387    
       88300  -4.66605168         1308006.        0.000000       -30516.32     -9.61127923766E+08  5.80383293025E+05 -1.65602272725E+03   4.34985912              437  0.23343    
       88400  -4.66671017         1308487.        0.000000       -30490.43     -9.61210719522E+08  5.80433289271E+05 -1.65602272869E+03   4.34993991              439  0.23117    
       88500  -4.66737681         1308452.        0.000000       -30478.85     -9.61195924045E+08  5.80424354155E+05 -1.65602273089E+03   4.35063338              438  0.23434    
       88600  -4.66673829         1308147.        0.000000       -30483.72     -9.60871972344E+08  5.80228733394E+05 -1.65602273215E+03   4.35081470              438  0.23157    
       88700  -4.66533223         1307699.        0.000000       -30463.47     -9.60541906475E+08  5.80029423849E+05 -1.65602272399E+03   4.35137647              438  0.23224    
       88800  -4.66375664         1307104.        0.000000       -30447.29     -9.60141583849E+08  5.79787683846E+05 -1.65602273142E+03   4.35155820              436  0.23582    
       88900  -4.66232782         1307173.        0.000000       -30404.64     -9.59843578352E+08  5.79607731261E+05 -1.65602273155E+03   4.34945588              438  0.23124    
       89000  -4.66366259         1307703.        0.000000       -30441.60     -9.60249029139E+08  5.79852567466E+05 -1.65602272546E+03   4.34932416              439  0.23601    
       89100  -4.66529945         1308187.        0.000000       -30490.20     -9.60616052212E+08  5.80074198472E+05 -1.65602272044E+03   4.34936229              437  0.23505    
       89200  -4.66645754         1308011.        0.000000       -30482.65     -9.60837319817E+08  5.80207809192E+05 -1.65602272943E+03   4.35057795              439  0.23842    
       89300  -4.66574604         1307939.        0.000000       -30501.57     -9.60776119916E+08  5.80170853576E+05 -1.65602272847E+03   4.35020166              436  0.23458    
       89400  -4.66467520         1307541.        0.000000       -30470.01     -9.60700929904E+08  5.80125452041E+05 -1.65602272151E+03   4.35055347              439  0.23240    
       89500  -4.66478006         1307851.        0.000000       -30441.54     -9.60683783725E+08  5.80115097214E+05 -1.65602272435E+03   4.34983944              439  0.23505    
       89600  -4.66499216         1307856.        0.000000       -30451.83     -9.60768259720E+08  5.80166107937E+05 -1.65602272621E+03   4.35035883              440  0.23485    
       89700  -4.66525678         1307837.        0.000000       -30472.82     -9.60788550189E+08  5.80178362188E+05 -1.65602272130E+03   4.35007763              438  0.23446    
       89800  -4.66522163         1307932.        0.000000       -30475.62     -9.60798028912E+08  5.80184084613E+05 -1.65602272519E+03   4.35016398              439  0.23134    
       89900  -4.66462327         1307393.        0.000000       -30459.44     -9.60682719891E+08  5.80114455400E+05 -1.65602272267E+03   4.35120636              437  0.23465    
       90000  -4.66334905         1307097.        0.000000       -30486.21     -9.60487401841E+08  5.79996511648E+05 -1.65602272178E+03   4.35045321              438  0.23422    
       90100  -4.66293429         1307535.        0.000000       -30455.77     -9.60430325829E+08  5.79962044774E+05 -1.65602272508E+03   4.34976986              438  0.23439    
       90200  -4.66450318         1307547.        0.000000       -30455.55     -9.60659687842E+08  5.80100546728E+05 -1.65602272444E+03   4.35032392              439  0.23141    
       90300  -4.66480226         1307764.        0.000000       -30476.87     -9.60834757964E+08  5.80206263783E+05 -1.65602272492E+03   4.35066729              439  0.23282    
       90400  -4.66573365         1307896.        0.000000       -30481.08     -9.60946578231E+08  5.80273786706E+05 -1.65602272625E+03   4.35016388              440  0.23698    
       90500  -4.66570348         1307912.        0.000000       -30487.11     -9.60792035272E+08  5.80180464743E+05 -1.65602272682E+03   4.35032307              440  0.23452    
       90600  -4.66569694         1307708.        0.000000       -30462.87     -9.60637131821E+08  5.80086926434E+05 -1.65602272357E+03   4.35108071              438  0.23248    
       90700  -4.66514483         1307910.        0.000000       -30497.14     -9.60540332285E+08  5.80028472501E+05 -1.65602272617E+03   4.34960569              439  0.23514    
       90800  -4.66494024         1307910.        0.000000       -30511.41     -9.60660142250E+08  5.80100822532E+05 -1.65602272043E+03   4.34950722              440  0.23181    
       90900  -4.66587023         1308363.        0.000000       -30451.59     -9.60886734235E+08  5.80237650217E+05 -1.65602272427E+03   4.34916234              439  0.23423    
       91000  -4.66715749         1308218.        0.000000       -30462.68     -9.61154999855E+08  5.80399640843E+05 -1.65602273368E+03   4.35021078              436  0.23444    
       91100  -4.66749261         1308671.        0.000000       -30459.87     -9.61232752298E+08  5.80446590970E+05 -1.65602273707E+03   4.35014752              440  0.23405    
       91200  -4.66794960         1308717.        0.000000       -30494.41     -9.61245331758E+08  5.80454189393E+05 -1.65602273069E+03   4.34958294              440  0.23160    
       91300  -4.66807387         1308376.        0.000000       -30493.87     -9.61328597423E+08  5.80504473180E+05 -1.65602272134E+03   4.35110648              439  0.23443    
       91400  -4.66593609         1307752.        0.000000       -30475.73     -9.60834024345E+08  5.80205819652E+05 -1.65602272814E+03   4.35156820              440  0.23101    
       91500  -4.66438985         1307744.        0.000000       -30475.96     -9.60343980138E+08  5.79909903639E+05 -1.65602272717E+03   4.34999116              437  0.23598    
       91600  -4.66512025         1307921.        0.000000       -30432.05     -9.60416983834E+08  5.79953985275E+05 -1.65602273321E+03   4.34984892              440  0.23124    
       91700  -4.66602369         1308248.        0.000000       -30434.25     -9.60530994590E+08  5.80022830856E+05 -1.65602273478E+03   4.34996618              440  0.23418    
       91800  -4.66533832         1307751.        0.000000       -30464.44     -9.60378411856E+08  5.79930690316E+05 -1.65602274184E+03   4.35060300              439  0.23380    
       91900  -4.66539639         1307978.        0.000000       -30479.68     -9.60466616906E+08  5.79983954964E+05 -1.65602273767E+03   4.34969009              439  0.23448    
       92000  -4.66611753         1308165.        0.000000       -30471.19     -9.60661223371E+08  5.80101470555E+05 -1.65602273418E+03   4.34911825              438  0.23424    
       92100  -4.66675529         1308159.        0.000000       -30447.44     -9.60942563590E+08  5.80271362818E+05 -1.65602272517E+03   4.35010306              438  0.23161    
       92200  -4.66699968         1308399.        0.000000       -30435.13     -9.60956285111E+08  5.80279648986E+05 -1.65602272420E+03   4.34984725              440  0.23669    
       92300  -4.66786338         1308409.        0.000000       -30457.49     -9.61081529720E+08  5.80355279217E+05 -1.65602272287E+03   4.35013115              437  0.23580    
       92400  -4.66638509         1307927.        0.000000       -30404.21     -9.60883921483E+08  5.80235950922E+05 -1.65602272654E+03   4.35097085              438  0.23522    
       92500  -4.66598428         1307947.        0.000000       -30449.65     -9.60650112331E+08  5.80094764583E+05 -1.65602272418E+03   4.35046883              438  0.23212    
       92600  -4.66402054         1307232.        0.000000       -30444.33     -9.60197601210E+08  5.79821512735E+05 -1.65602272444E+03   4.35149675              439  0.23260    
       92700  -4.66362375         1307711.        0.000000       -30473.43     -9.60121870889E+08  5.79775781732E+05 -1.65602272662E+03   4.34936200              439  0.23177    
       92800  -4.66494422         1307931.        0.000000       -30460.18     -9.60391911690E+08  5.79938846823E+05 -1.65602272886E+03   4.34936027              439  0.23216    
       92900  -4.66626254         1308150.        0.000000       -30429.84     -9.60787493801E+08  5.80177721386E+05 -1.65602272956E+03   4.34955574              440  0.23406    
       93000  -4.66695796         1308194.        0.000000       -30409.75     -9.60876913114E+08  5.80231717915E+05 -1.65602272928E+03   4.35088962              439  0.23130    
       93100  -4.66575145         1307651.        0.000000       -30380.29     -9.60443605021E+08  5.79970059132E+05 -1.65602273755E+03   4.35101184              440  0.23496    
       93200  -4.66506151         1307797.        0.000000       -30452.25     -9.60401791306E+08  5.79944809207E+05 -1.65602273882E+03   4.34938481              436  0.23562    
       93300  -4.66609761         1308226.        0.000000       -30468.50     -9.60726146353E+08  5.80140675768E+05 -1.65602273118E+03   4.35016423              438  0.23731    
       93400  -4.66594028         1308012.        0.000000       -30456.51     -9.60627737218E+08  5.80081251723E+05 -1.65602272848E+03   4.34996331              439  0.23218    
       93500  -4.66639097         1308215.        0.000000       -30445.81     -9.60784779398E+08  5.80176081082E+05 -1.65602273297E+03   4.35027770              439  0.23270    
       93600  -4.66576561         1307898.        0.000000       -30411.55     -9.60563536200E+08  5.80042479706E+05 -1.65602273938E+03   4.35071755              439  0.23308    
       93700  -4.66409335         1307227.        0.000000       -30426.51     -9.60299210851E+08  5.79882866309E+05 -1.65602273605E+03   4.35140773              438  0.23508    
       93800  -4.66307212         1307386.        0.000000       -30428.66     -9.60062944339E+08  5.79740197430E+05 -1.65602272983E+03   4.34992517              437  0.23440    
       93900  -4.66318593         1307289.        0.000000       -30444.30     -9.60134359960E+08  5.79783323240E+05 -1.65602272689E+03   4.34997320              439  0.23361    
       94000  -4.66362691         1307362.        0.000000       -30397.98     -9.60231338783E+08  5.79841882555E+05 -1.65602273253E+03   4.35011264              437  0.23411    
       94100  -4.66472643         1307768.        0.000000       -30381.49     -9.60359627905E+08  5.79919349654E+05 -1.65602273571E+03   4.35005907              439  0.23296    
       94200  -4.66553629         1307623.        0.000000       -30389.16     -9.60575799744E+08  5.80049886376E+05 -1.65602273581E+03   4.35070464              438  0.23673    
       94300  -4.66496561         1307803.        0.000000       -30412.85     -9.60521696158E+08  5.80017214507E+05 -1.65602273887E+03   4.35028789              439  0.23870    
       94400  -4.66504899         1307833.        0.000000       -30438.84     -9.60509840985E+08  5.80010055155E+05 -1.65602274038E+03   4.35001715              440  0.23097    
       94500  -4.66485070         1307574.        0.000000       -30437.06     -9.60508768391E+08  5.80009407117E+05 -1.65602274136E+03   4.35066253              438  0.23455    
       94600  -4.66430324         1307667.        0.000000       -30431.01     -9.60419711151E+08  5.79955629677E+05 -1.65602274037E+03   4.34950830              438  0.23244    
       94700  -4.66570229         1308180.        0.000000       -30432.19     -9.60640258286E+08  5.80088807640E+05 -1.65602274278E+03   4.34975842              439  0.23549    
       94800  -4.66694391         1308359.        0.000000       -30428.52     -9.60829525994E+08  5.80203099153E+05 -1.65602273996E+03   4.34994681              437  0.23173    
       94900  -4.66664271         1307879.        0.000000       -30451.59     -9.60749340977E+08  5.80154682029E+05 -1.65602273107E+03   4.35134333              439  0.23428    
       95000  -4.66566265         1307903.        0.000000       -30457.76     -9.60563634819E+08  5.80042542031E+05 -1.65602273146E+03   4.35010511              438  0.23557    
       95100  -4.66506631         1307719.        0.000000       -30447.71     -9.60571819903E+08  5.80047485389E+05 -1.65602272934E+03   4.35026126              439  0.23541    
       95200  -4.66513094         1307879.        0.000000       -30480.79     -9.60665051058E+08  5.80103785633E+05 -1.65602272361E+03   4.34956601              440  0.23620    
       95300  -4.66588986         1308020.        0.000000       -30470.36     -9.60826338072E+08  5.80201179818E+05 -1.65602272366E+03   4.35071857              437  0.23237    
       95400  -4.66521704         1307821.        0.000000       -30462.07     -9.60665757099E+08  5.80104211814E+05 -1.65602272408E+03   4.35018433              439  0.23466    
       95500  -4.66539654         1307794.        0.000000       -30460.09     -9.60651612269E+08  5.80095670723E+05 -1.65602272307E+03   4.35020268              438  0.23386    
       95600  -4.66522681         1307838.        0.000000       -30416.48     -9.60580699761E+08  5.80052848929E+05 -1.65602272540E+03   4.35037208              439  0.23752    
       95700  -4.66462858         1307942.        0.000000       -30402.29     -9.60467735132E+08  5.79984634261E+05 -1.65602272611E+03   4.34968582              438  0.23233    
       95800  -4.66527805         1307686.        0.000000       -30420.65     -9.60518285684E+08  5.80015158543E+05 -1.65602272895E+03   4.35093358              438  0.23531    
       95900  -4.66460510         1307408.        0.000000       -30454.46     -9.60342484783E+08  5.79908999494E+05 -1.65602273050E+03   4.35049167              439  0.23459    
       96000  -4.66426674         1307767.        0.000000       -30483.13     -9.60409868106E+08  5.79949690297E+05 -1.65602272779E+03   4.34946082              437  0.23455    
       96100  -4.66453436         1307674.        0.000000       -30475.54     -9.60529939352E+08  5.80022195254E+05 -1.65602273018E+03   4.35056425              437  0.23733    
       96200  -4.66457857         1307421.        0.000000       -30456.89     -9.60574551444E+08  5.80049135865E+05 -1.65602272644E+03   4.35087442              438  0.23070    
       96300  -4.66402345         1307616.        0.000000       -30465.25     -9.60509407336E+08  5.80009799111E+05 -1.65602272377E+03   4.35008423              439  0.23777    
       96400  -4.66563336         1308333.        0.000000       -30443.59     -9.60848179485E+08  5.80214371349E+05 -1.65602271666E+03   4.34920883              438  0.23796    
       96500  -4.66602314         1307940.        0.000000       -30481.83     -9.61051925396E+08  5.80337403833E+05 -1.65602271893E+03   4.35097861              438  0.23514    
       96600  -4.66541164         1307854.        0.000000       -30512.77     -9.60980287207E+08  5.80294143505E+05 -1.65602272221E+03   4.34984619              437  0.23640    
       96700  -4.66489465         1307949.        0.000000       -30486.84     -9.60906855175E+08  5.80249802509E+05 -1.65602271818E+03   4.34973860              438  0.23193    
       96800  -4.66514565         1307940.        0.000000       -30481.77     -9.60796040178E+08  5.80182883831E+05 -1.65602272482E+03   4.35042993              438  0.23440    
       96900  -4.66467078         1307485.        0.000000       -30431.94     -9.60598168644E+08  5.80063395409E+05 -1.65602273173E+03   4.35089080              438  0.23509    
       97000  -4.66482443         1307902.        0.000000       -30470.38     -9.60657245184E+08  5.80099071439E+05 -1.65602272522E+03   4.34946596              439  0.23361    
       97100  -4.66561980         1307789.        0.000000       -30466.84     -9.60806667120E+08  5.80189301045E+05 -1.65602272463E+03   4.35074854              437  0.23391    
       97200  -4.66463195         1307551.        0.000000       -30506.68     -9.60613977029E+08  5.80072944562E+05 -1.65602272272E+03   4.35030218              438  0.23643    
       97300  -4.66404304         1307539.        0.000000       -30471.57     -9.60474671816E+08  5.79988821284E+05 -1.65602273108E+03   4.35061866              438  0.23310    
       97400  -4.66398458         1307794.        0.000000       -30479.16     -9.60417002560E+08  5.79953997278E+05 -1.65602273123E+03   4.34984201              439  0.23834    
       97500  -4.66488623         1307709.        0.000000       -30462.13     -9.60496435879E+08  5.80001965712E+05 -1.65602272520E+03   4.35023815              439  0.23259    
       97600  -4.66477607         1307820.        0.000000       -30480.57     -9.60570368671E+08  5.80046611653E+05 -1.65602272192E+03   4.35002621              437  0.23211    
       97700  -4.66575855         1308061.        0.000000       -30483.36     -9.60764745689E+08  5.80163986855E+05 -1.65602272367E+03   4.34949692              440  0.23434    
       97800  -4.66663443         1308113.        0.000000       -30460.28     -9.61026906427E+08  5.80322293692E+05 -1.65602272543E+03   4.35034730              437  0.23412    
       97900  -4.66595691         1307594.        0.000000       -30444.75     -9.60752260379E+08  5.80156444741E+05 -1.65602273160E+03   4.35176011              438  0.23429    
       98000  -4.66429845         1307424.        0.000000       -30393.35     -9.60204903527E+08  5.79825918729E+05 -1.65602273460E+03   4.35057381              438  0.23250    
       98100  -4.66361748         1307571.        0.000000       -30418.57     -9.60099344362E+08  5.79762178439E+05 -1.65602272806E+03   4.34947117              439  0.23625    
       98200  -4.66482422         1307905.        0.000000       -30434.14     -9.60358768809E+08  5.79918832164E+05 -1.65602273205E+03   4.34958849              438  0.23349    
       98300  -4.66614081         1308252.        0.000000       -30463.70     -9.60624250306E+08  5.80079144194E+05 -1.65602273400E+03   4.34955388              440  0.23165    
       98400  -4.66630914         1308147.        0.000000       -30473.48     -9.60756653596E+08  5.80159096678E+05 -1.65602273428E+03   4.35013760              439  0.23744    
       98500  -4.66644224         1308004.        0.000000       -30480.53     -9.60743310114E+08  5.80151035215E+05 -1.65602274545E+03   4.35118180              437  0.23128    
       98600  -4.66600198         1307898.        0.000000       -30449.01     -9.60519361955E+08  5.80015802409E+05 -1.65602274622E+03   4.35049347              439  0.23275    
       98700  -4.66529718         1307645.        0.000000       -30475.32     -9.60380043576E+08  5.79931676082E+05 -1.65602274058E+03   4.35078553              439  0.23620    
       98800  -4.66419687         1307690.        0.000000       -30510.62     -9.60336995411E+08  5.79905685233E+05 -1.65602272898E+03   4.34979443              439  0.23668    
       98900  -4.66429881         1307562.        0.000000       -30468.46     -9.60335542506E+08  5.79904806304E+05 -1.65602273350E+03   4.35070509              439  0.23342    
       99000  -4.66397625         1307439.        0.000000       -30459.20     -9.60189685917E+08  5.79816730277E+05 -1.65602273232E+03   4.35034269              438  0.23205    
       99100  -4.66307046         1307343.        0.000000       -30439.29     -9.60075967855E+08  5.79748061329E+05 -1.65602273107E+03   4.35026912              438  0.23776    
       99200  -4.66385668         1307528.        0.000000       -30406.23     -9.60143794401E+08  5.79789020786E+05 -1.65602272547E+03   4.35011573              437  0.23145    
       99300  -4.66467529         1308044.        0.000000       -30391.98     -9.60213189867E+08  5.79830924101E+05 -1.65602273000E+03   4.34941400              437  0.23245    
       99400  -4.66719766         1308736.        0.000000       -30454.22     -9.60694835271E+08  5.80121766938E+05 -1.65602273526E+03   4.34937180              439  0.23133    
       99500  -4.66797254         1308309.        0.000000       -30415.90     -9.60809448137E+08  5.80190975129E+05 -1.65602273962E+03   4.35110205              438  0.23385    
       99600  -4.66556293         1307625.        0.000000       -30409.44     -9.60378834870E+08  5.79930947667E+05 -1.65602273639E+03   4.35060045              438  0.23323    
       99700  -4.66455757         1307601.        0.000000       -30429.64     -9.60265056154E+08  5.79862240309E+05 -1.65602274023E+03   4.35068441              440  0.23332    
       99800  -4.66433456         1307585.        0.000000       -30412.64     -9.60226355920E+08  5.79838872440E+05 -1.65602273590E+03   4.34983798              440  0.23371    
       99900  -4.66415790         1307456.        0.000000       -30389.92     -9.60287528657E+08  5.79875813579E+05 -1.65602273137E+03   4.35074694              438  0.23185    
      100000  -4.66392280         1307382.        0.000000       -30409.01     -9.60230636749E+08  5.79841458071E+05 -1.65602273412E+03   4.35059679              440  0.23443    
      100100  -4.66403975         1307683.        0.000000       -30397.10     -9.60258141567E+08  5.79858067188E+05 -1.65602273367E+03   4.34960281              439  0.23376    
      100200  -4.66467043         1307855.        0.000000       -30411.86     -9.60414992128E+08  5.79952782052E+05 -1.65602273470E+03   4.34974245              438  0.23397    
      100300  -4.66536674         1307680.        0.000000       -30411.97     -9.60471085896E+08  5.79986652609E+05 -1.65602274048E+03   4.35063774              437  0.23259    
      100400  -4.66481904         1307821.        0.000000       -30441.63     -9.60561662035E+08  5.80041346825E+05 -1.65602274268E+03   4.34996747              438  0.23395    
      100500  -4.66532181         1308185.        0.000000       -30449.14     -9.60754314089E+08  5.80157682828E+05 -1.65602273748E+03   4.34954070              440  0.23354    
      100600  -4.66698611         1308264.        0.000000       -30465.38     -9.61053367277E+08  5.80338270695E+05 -1.65602272986E+03   4.35001441              439  0.23397    
      100700  -4.66591940         1308096.        0.000000       -30443.22     -9.60868150567E+08  5.80226427147E+05 -1.65602272770E+03   4.35051119              439  0.23428    
      100800  -4.66538278         1307941.        0.000000       -30433.00     -9.60767430804E+08  5.80165606914E+05 -1.65602272757E+03   4.35021584              438  0.23227    
      100900  -4.66508699         1307978.        0.000000       -30434.21     -9.60788511641E+08  5.80178334796E+05 -1.65602273304E+03   4.34966202              439  0.23417    
      101000  -4.66491215         1307712.        0.000000       -30455.81     -9.60851940616E+08  5.80216636569E+05 -1.65602273368E+03   4.35000356              439  0.23431    
      101100  -4.66468190         1307436.        0.000000       -30429.77     -9.60863321027E+08  5.80223510168E+05 -1.65602272950E+03   4.35068896              439  0.23542    
      101200  -4.66397346         1307486.        0.000000       -30447.20     -9.60709468395E+08  5.80130607437E+05 -1.65602272330E+03   4.35088442              440  0.23116    
      101300  -4.66422244         1307595.        0.000000       -30441.26     -9.60653567685E+08  5.80096849280E+05 -1.65602272944E+03   4.34993189              438  0.23180    
      101400  -4.66519879         1308101.        0.000000       -30426.86     -9.60749457853E+08  5.80154751782E+05 -1.65602273342E+03   4.34952351              439  0.23572    
      101500  -4.66659161         1308071.        0.000000       -30451.72     -9.60996694095E+08  5.80304048829E+05 -1.65602272814E+03   4.35104631              439  0.23629    
      101600  -4.66578336         1308138.        0.000000       -30449.42     -9.60739302863E+08  5.80148620527E+05 -1.65602273085E+03   4.34984168              440  0.23456    
      101700  -4.66557979         1307976.        0.000000       -30486.42     -9.60722426061E+08  5.80138428263E+05 -1.65602273398E+03   4.35014610              439  0.23490    
      101800  -4.66511343         1307795.        0.000000       -30463.83     -9.60554612868E+08  5.80037095491E+05 -1.65602272740E+03   4.35059033              439  0.23540    
      101900  -4.66511693         1307895.        0.000000       -30427.36     -9.60586042505E+08  5.80056075829E+05 -1.65602272355E+03   4.35045431              437  0.23251    
      102000  -4.66488774         1307668.        0.000000       -30411.95     -9.60526127473E+08  5.80019895634E+05 -1.65602272388E+03   4.35027247              440  0.23379    
      102100  -4.66502105         1307964.        0.000000       -30392.92     -9.60604115579E+08  5.80066990977E+05 -1.65602271896E+03   4.34963740              438  0.23250    
      102200  -4.66506781         1307586.        0.000000       -30373.38     -9.60581974683E+08  5.80053623291E+05 -1.65602271258E+03   4.35070655              438  0.23309    
      102300  -4.66454020         1307577.        0.000000       -30392.77     -9.60491485915E+08  5.79998980786E+05 -1.65602271337E+03   4.35051321              438  0.23308    
      102400  -4.66409068         1307520.        0.000000       -30417.26     -9.60367543049E+08  5.79924136489E+05 -1.65602271508E+03   4.35073733              439  0.23545    
      102500  -4.66472916         1307953.        0.000000       -30442.25     -9.60409191441E+08  5.79949282862E+05 -1.65602272444E+03   4.34967651              438  0.23426    
      102600  -4.66514324         1307764.        0.000000       -30442.19     -9.60511876193E+08  5.80011286752E+05 -1.65602273289E+03   4.35036237              438  0.23133    
      102700  -4.66566263         1308053.        0.000000       -30476.42     -9.60646525207E+08  5.80092595199E+05 -1.65602273354E+03   4.35012949              440  0.23341    
      102800  -4.66559665         1307795.        0.000000       -30473.49     -9.60669960612E+08  5.80106745013E+05 -1.65602273870E+03   4.35041766              439  0.23119    
      102900  -4.66513772         1307899.        0.000000       -30482.78     -9.60701189981E+08  5.80125603978E+05 -1.65602273610E+03   4.34947953              438  0.23493    
      103000  -4.66631624         1307977.        0.000000       -30472.85     -9.60988478771E+08  5.80299088313E+05 -1.65602272712E+03   4.35056670              438  0.23214    
      103100  -4.66563722         1307753.        0.000000       -30425.28     -9.60791125995E+08  5.80179914245E+05 -1.65602273089E+03   4.35103902              440  0.23329    
      103200  -4.66577802         1307902.        0.000000       -30405.15     -9.60746234338E+08  5.80152806712E+05 -1.65602272922E+03   4.35024355              436  0.23577    
      103300  -4.66538253         1307766.        0.000000       -30442.81     -9.60676816408E+08  5.80110889893E+05 -1.65602272453E+03   4.35049949              439  0.23208    
      103400  -4.66479611         1307790.        0.000000       -30464.29     -9.60558201564E+08  5.80039266451E+05 -1.65602271626E+03   4.35020490              438  0.23746    
      103500  -4.66519294         1307834.        0.000000       -30457.18     -9.60519154736E+08  5.80015686476E+05 -1.65602271996E+03   4.35030912              440  0.23155    
      103600  -4.66410980         1307386.        0.000000       -30415.24     -9.60412664786E+08  5.79951381234E+05 -1.65602272167E+03   4.35050210              439  0.23164    
      103700  -4.66371909         1307477.        0.000000       -30469.02     -9.60304531427E+08  5.79886084486E+05 -1.65602272087E+03   4.34976754              438  0.23164    
      103800  -4.66422324         1307482.        0.000000       -30421.94     -9.60418177397E+08  5.79954711965E+05 -1.65602271623E+03   4.35091968              438  0.23409    
      103900  -4.66340239         1307461.        0.000000       -30393.83     -9.60209890973E+08  5.79828934759E+05 -1.65602272224E+03   4.34990639              440  0.23164    
      104000  -4.66490464         1307653.        0.000000       -30456.28     -9.60473173068E+08  5.79987917099E+05 -1.65602272867E+03   4.34984471              440  0.23412    
      104100  -4.66480421         1307418.        0.000000       -30446.87     -9.60613620865E+08  5.80072726273E+05 -1.65602273190E+03   4.35108847              438  0.23691    
      104200  -4.66438361         1307551.        0.000000       -30475.89     -9.60532335398E+08  5.80023643068E+05 -1.65602272748E+03   4.35032526              438  0.23442    
      104300  -4.66443755         1307390.        0.000000       -30453.47     -9.60525931923E+08  5.80019778237E+05 -1.65602272192E+03   4.35143438              439  0.23130    
      104400  -4.66341081         1307374.        0.000000       -30467.65     -9.60285869413E+08  5.79874813902E+05 -1.65602272489E+03   4.35026212              438  0.23130    
      104500  -4.66352007         1307401.        0.000000       -30467.74     -9.60242418075E+08  5.79848574387E+05 -1.65602272816E+03   4.34999770              439  0.23499    
      104600  -4.66358506         1307439.        0.000000       -30518.02     -9.60290953650E+08  5.79877882691E+05 -1.65602272877E+03   4.35043622              439  0.23274    
      104700  -4.66320459         1307314.        0.000000       -30466.99     -9.60240974467E+08  5.79847704227E+05 -1.65602272367E+03   4.34989192              437  0.23431    
      104800  -4.66373612         1307515.        0.000000       -30440.87     -9.60382292096E+08  5.79933039045E+05 -1.65602272579E+03   4.35048983              438  0.23221    
      104900  -4.66469905         1307915.        0.000000       -30519.67     -9.60558584523E+08  5.80039494884E+05 -1.65602272431E+03   4.34879960              440  0.23211    
      105000  -4.66608621         1307897.        0.000000       -30533.92     -9.61015235883E+08  5.80315248294E+05 -1.65602271991E+03   4.35034006              437  0.23575    
      105100  -4.66557868         1307955.        0.000000       -30522.87     -9.60934156118E+08  5.80266289143E+05 -1.65602271595E+03   4.35087695              440  0.23492    
      105200  -4.66606459         1308304.        0.000000       -30530.97     -9.60903298561E+08  5.80247654251E+05 -1.65602271982E+03   4.34965197              439  0.24247    
      105300  -4.66686368         1308404.        0.000000       -30521.81     -9.60987029108E+08  5.80298212995E+05 -1.65602272692E+03   4.35001246              437  0.24226    
      105400  -4.66606915         1307814.        0.000000       -30476.47     -9.60750403906E+08  5.80155326240E+05 -1.65602272435E+03   4.35116354              439  0.24441    
      105500  -4.66461560         1307562.        0.000000       -30461.13     -9.60398715965E+08  5.79942956619E+05 -1.65602272603E+03   4.35045848              440  0.23732    
      105600  -4.66375874         1307384.        0.000000       -30420.89     -9.60289370004E+08  5.79876927759E+05 -1.65602272488E+03   4.35062756              438  0.23254    
      105700  -4.66393209         1307593.        0.000000       -30407.68     -9.60355220911E+08  5.79916696036E+05 -1.65602271408E+03   4.34971725              439  0.23763    
      105800  -4.66328212         1307184.        0.000000       -30404.69     -9.60254442141E+08  5.79855838232E+05 -1.65602271949E+03   4.35082942              439  0.23077    
      105900  -4.66319311         1307504.        0.000000       -30441.50     -9.60238681347E+08  5.79846316009E+05 -1.65602273367E+03   4.34937385              439  0.23541    
      106000  -4.66433429         1307469.        0.000000       -30429.33     -9.60405655333E+08  5.79947145367E+05 -1.65602273070E+03   4.35073651              439  0.23591    
      106100  -4.66496977         1307826.        0.000000       -30414.95     -9.60571389514E+08  5.80047227967E+05 -1.65602272229E+03   4.34972377              438  0.23804    
      106200  -4.66665607         1308462.        0.000000       -30459.24     -9.60918200683E+08  5.80256650891E+05 -1.65602272582E+03   4.34969008              438  0.23265    
      106300  -4.66735675         1308294.        0.000000       -30482.98     -9.60954503932E+08  5.80278571215E+05 -1.65602273046E+03   4.35067631              437  0.23288    
      106400  -4.66675117         1308102.        0.000000       -30496.49     -9.60719956684E+08  5.80136935779E+05 -1.65602273779E+03   4.35011907              437  0.23351    
      106500  -4.66623229         1308048.        0.000000       -30492.45     -9.60697811043E+08  5.80123563271E+05 -1.65602273699E+03   4.35020579              437  0.23242    
      106600  -4.66555983         1307909.        0.000000       -30483.45     -9.60578609626E+08  5.80051581982E+05 -1.65602273912E+03   4.35042397              439  0.23550    
      106700  -4.66544458         1307895.        0.000000       -30432.98     -9.60526645606E+08  5.80020202072E+05 -1.65602274227E+03   4.35033053              440  0.23530    
      106800  -4.66463644         1307572.        0.000000       -30429.88     -9.60330423951E+08  5.79901712125E+05 -1.65602274294E+03   4.35024871              438  0.24649    
      106900  -4.66478038         1307866.        0.000000       -30461.57     -9.60288029465E+08  5.79876114322E+05 -1.65602273615E+03   4.35002919              437  0.23627    
      107000  -4.66510008         1307809.        0.000000       -30448.21     -9.60277419842E+08  5.79869707317E+05 -1.65602273705E+03   4.35012980              438  0.23109    
      107100  -4.66530200         1307679.        0.000000       -30431.58     -9.60206317999E+08  5.79826771257E+05 -1.65602273920E+03   4.35060225              438  0.23266    
      107200  -4.66444300         1307681.        0.000000       -30449.21     -9.60133752297E+08  5.79782950640E+05 -1.65602274306E+03   4.35010010              439  0.23113    
      107300  -4.66456425         1307514.        0.000000       -30402.41     -9.60100809710E+08  5.79763057318E+05 -1.65602274514E+03   4.35061436              437  0.23695    
      107400  -4.66368317         1307445.        0.000000       -30429.94     -9.59987950818E+08  5.79694906523E+05 -1.65602274579E+03   4.34971907              438  0.23821    
      107500  -4.66354909         1307489.        0.000000       -30441.33     -9.60007686329E+08  5.79706825140E+05 -1.65602274235E+03   4.34994605              439  0.24444    
      107600  -4.66339331         1307249.        0.000000       -30441.23     -9.59928095334E+08  5.79658763206E+05 -1.65602274349E+03   4.35060294              438  0.24332    
      107700  -4.66358603         1307657.        0.000000       -30430.21     -9.59947664293E+08  5.79670580709E+05 -1.65602274161E+03   4.34963230              439  0.23205    
      107800  -4.66474082         1307708.        0.000000       -30446.90     -9.60241871025E+08  5.79848240449E+05 -1.65602273843E+03   4.34952884              440  0.23160    
      107900  -4.66462872         1307597.        0.000000       -30441.34     -9.60356447342E+08  5.79917428345E+05 -1.65602273772E+03   4.35043682              439  0.23689    
      108000  -4.66480927         1307737.        0.000000       -30453.56     -9.60377788601E+08  5.79930315988E+05 -1.65602273605E+03   4.34992934              440  0.23640    
      108100  -4.66490206         1307823.        0.000000       -30488.19     -9.60478689592E+08  5.79991245008E+05 -1.65602273803E+03   4.34972025              440  0.23438    
      108200  -4.66396315         1307456.        0.000000       -30473.97     -9.60357489017E+08  5.79918057170E+05 -1.65602273829E+03   4.35016508              439  0.23987    
      108300  -4.66486508         1307892.        0.000000       -30444.17     -9.60477220846E+08  5.79990356795E+05 -1.65602274175E+03   4.34961662              438  0.23453    
      108400  -4.66648866         1308580.        0.000000       -30442.36     -9.60688075452E+08  5.80117682799E+05 -1.65602274148E+03   4.34970480              440  0.23488    
      108500  -4.66761602         1308431.        0.000000       -30427.69     -9.60714629954E+08  5.80133718100E+05 -1.65602274093E+03   4.35065265              438  0.23255    
      108600  -4.66750872         1308388.        0.000000       -30405.67     -9.60638024050E+08  5.80087459705E+05 -1.65602273929E+03   4.35031395              439  0.23160    
      108700  -4.66631644         1308036.        0.000000       -30472.73     -9.60502119747E+08  5.80005392767E+05 -1.65602274000E+03   4.34995943              437  0.23342    
      108800  -4.66517950         1307600.        0.000000       -30432.93     -9.60328314060E+08  5.79900439430E+05 -1.65602273901E+03   4.35073215              439  0.23249    
      108900  -4.66409239         1307306.        0.000000       -30449.48     -9.60181558876E+08  5.79811822356E+05 -1.65602273333E+03   4.35096581              439  0.23534    
      109000  -4.66369889         1307621.        0.000000       -30430.42     -9.60128506390E+08  5.79779786274E+05 -1.65602273332E+03   4.34923261              440  0.23345    
      109100  -4.66464524         1307559.        0.000000       -30460.50     -9.60409808805E+08  5.79949650683E+05 -1.65602273865E+03   4.35010983              438  0.23604    
      109200  -4.66406689         1307361.        0.000000       -30484.23     -9.60298386216E+08  5.79882366123E+05 -1.65602274240E+03   4.35019362              438  0.23461    
      109300  -4.66447775         1307969.        0.000000       -30440.47     -9.60399638109E+08  5.79943508578E+05 -1.65602273998E+03   4.34902184              437  0.23226    
      109400  -4.66601021         1308340.        0.000000       -30450.21     -9.60737540332E+08  5.80147555801E+05 -1.65602273202E+03   4.34929634              440  0.23369    
      109500  -4.66685304         1308202.        0.000000       -30451.34     -9.60943971496E+08  5.80272212911E+05 -1.65602272539E+03   4.35043022              440  0.23215    
      109600  -4.66726461         1308450.        0.000000       -30502.84     -9.60954882875E+08  5.80278802411E+05 -1.65602272370E+03   4.34988044              439  0.23607    
      109700  -4.66574734         1307693.        0.000000       -30440.00     -9.60753374830E+08  5.80157119941E+05 -1.65602272524E+03   4.35144590              439  0.23178    
      109800  -4.66471118         1307554.        0.000000       -30396.67     -9.60449859278E+08  5.79973836685E+05 -1.65602273504E+03   4.35066049              438  0.23134    
      109900  -4.66492111         1308055.        0.000000       -30440.07     -9.60520927556E+08  5.80016749077E+05 -1.65602274259E+03   4.34937624              439  0.23333    
      110000  -4.66549651         1307840.        0.000000       -30465.52     -9.60699925081E+08  5.80124838038E+05 -1.65602274216E+03   4.35015646              440  0.23511    
      110100  -4.66554414         1307856.        0.000000       -30445.13     -9.60759034331E+08  5.80160533783E+05 -1.65602273575E+03   4.35029413              439  0.23376    
      110200  -4.66483361         1307607.        0.000000       -30448.64     -9.60571285527E+08  5.80047158843E+05 -1.65602274036E+03   4.35072409              440  0.23342    
      110300  -4.66416617         1307492.        0.000000       -30432.65     -9.60291178417E+08  5.79878012928E+05 -1.65602274445E+03   4.35071099              440  0.23301    
      110400  -4.66345078         1307527.        0.000000       -30412.00     -9.60030025117E+08  5.79720312940E+05 -1.65602274699E+03   4.34976285              439  0.23155    
      110500  -4.66433194         1307928.        0.000000       -30457.54     -9.60268568174E+08  5.79864360255E+05 -1.65602274255E+03   4.34945388              439  0.23726    
      110600  -4.66673102         1308476.        0.000000       -30469.48     -9.60710396910E+08  5.80131161138E+05 -1.65602274325E+03   4.34980644              438  0.23206    
      110700  -4.66700557         1308266.        0.000000       -30423.53     -9.60667899315E+08  5.80105497635E+05 -1.65602274626E+03   4.35032044              440  0.23785    
      110800  -4.66598537         1307856.        0.000000       -30397.29     -9.60496598445E+08  5.80002056227E+05 -1.65602274704E+03   4.35094619              438  0.23727    
      110900  -4.66519517         1307783.        0.000000       -30424.21     -9.60380825407E+08  5.79932147320E+05 -1.65602274308E+03   4.35017454              438  0.23184    
      111000  -4.66497218         1307833.        0.000000       -30437.43     -9.60436102386E+08  5.79965529045E+05 -1.65602273633E+03   4.34928879              439  0.23485    
      111100  -4.66625044         1308049.        0.000000       -30452.66     -9.60780366502E+08  5.80173416961E+05 -1.65602273116E+03   4.35065915              437  0.24427    
      111200  -4.66583431         1308053.        0.000000       -30413.73     -9.60482583770E+08  5.79993596242E+05 -1.65602273886E+03   4.35029231              439  0.23404    
      111300  -4.66505366         1307741.        0.000000       -30432.14     -9.60224426178E+08  5.79837704947E+05 -1.65602274220E+03   4.35006295              439  0.23341    
      111400  -4.66501729         1307787.        0.000000       -30446.49     -9.60318256349E+08  5.79894365409E+05 -1.65602274075E+03   4.34991950              439  0.23104    
      111500  -4.66561857         1307949.        0.000000       -30499.96     -9.60587714926E+08  5.80057080476E+05 -1.65602273855E+03   4.34963746              439  0.23462    
      111600  -4.66630977         1308239.        0.000000       -30514.70     -9.60925901310E+08  5.80261298988E+05 -1.65602273146E+03   4.34966700              438  0.23506    
      111700  -4.66614269         1308066.        0.000000       -30468.17     -9.60866002577E+08  5.80225129671E+05 -1.65602272884E+03   4.35044467              440  0.23377    
      111800  -4.66523857         1307364.        0.000000       -30468.66     -9.60676505341E+08  5.80110700981E+05 -1.65602272759E+03   4.35140898              440  0.23715    
      111900  -4.66376563         1307201.        0.000000       -30430.69     -9.60388382011E+08  5.79936716870E+05 -1.65602272468E+03   4.35057635              440  0.24705    
      112000  -4.66359849         1307509.        0.000000       -30434.14     -9.60359563665E+08  5.79919314859E+05 -1.65602272430E+03   4.35009918              439  0.24698    
      112100  -4.66398208         1307343.        0.000000       -30463.44     -9.60450203047E+08  5.79974048003E+05 -1.65602272439E+03   4.35064355              437  0.24200    
      112200  -4.66382721         1307470.        0.000000       -30489.66     -9.60365884245E+08  5.79923131456E+05 -1.65602272466E+03   4.34986794              437  0.24217    
      112300  -4.66443788         1307997.        0.000000       -30483.50     -9.60591615807E+08  5.80059443069E+05 -1.65602271851E+03   4.34927661              440  0.23139    
      112400  -4.66595221         1308307.        0.000000       -30512.21     -9.60873454866E+08  5.80229633169E+05 -1.65602271917E+03   4.34914926              438  0.23360    
      112500  -4.66768185         1308276.        0.000000       -30499.53     -9.61125707422E+08  5.80381954625E+05 -1.65602272738E+03   4.35077216              439  0.23424    
      112600  -4.66589072         1307745.        0.000000       -30465.94     -9.60789913220E+08  5.80179182663E+05 -1.65602272872E+03   4.35121143              438  0.23768    
      112700  -4.66469501         1307682.        0.000000       -30428.87     -9.60538056341E+08  5.80027096290E+05 -1.65602273150E+03   4.35085180              438  0.23298    
      112800  -4.66428359         1307623.        0.000000       -30424.88     -9.60408356568E+08  5.79948774016E+05 -1.65602273786E+03   4.34982402              438  0.23086    
      112900  -4.66509812         1308088.        0.000000       -30464.56     -9.60572249335E+08  5.80047741509E+05 -1.65602273847E+03   4.34902849              438  0.23559    
      113000  -4.66551330         1307670.        0.000000       -30464.23     -9.60653104838E+08  5.80096568282E+05 -1.65602273374E+03   4.35114684              438  0.23473    
      113100  -4.66360868         1307257.        0.000000       -30442.36     -9.60246530351E+08  5.79851055949E+05 -1.65602273290E+03   4.35092534              439  0.23444    
      113200  -4.66373264         1307772.        0.000000       -30480.35     -9.60363965918E+08  5.79921972214E+05 -1.65602272708E+03   4.34897841              440  0.23125    
      113300  -4.66508833         1307954.        0.000000       -30499.49     -9.60646420985E+08  5.80092531802E+05 -1.65602273486E+03   4.35011434              438  0.23484    
      113400  -4.66523499         1307595.        0.000000       -30450.04     -9.60599337078E+08  5.80064102028E+05 -1.65602272873E+03   4.35090638              438  0.23814    
      113500  -4.66424520         1307612.        0.000000       -30437.84     -9.60341668391E+08  5.79908508076E+05 -1.65602272603E+03   4.35013015              440  0.23395    
      113600  -4.66476923         1307636.        0.000000       -30443.21     -9.60454130881E+08  5.79976420986E+05 -1.65602272114E+03   4.35014950              438  0.23631    
      113700  -4.66414905         1307531.        0.000000       -30399.35     -9.60373024326E+08  5.79927444271E+05 -1.65602272114E+03   4.34987985              440  0.23229    
      113800  -4.66439808         1307824.        0.000000       -30406.40     -9.60490218081E+08  5.79998213307E+05 -1.65602271877E+03   4.34989587              438  0.23483    
      113900  -4.66586909         1308320.        0.000000       -30452.24     -9.60818549411E+08  5.80196477712E+05 -1.65602272044E+03   4.34918491              440  0.23576    
      114000  -4.66757399         1308491.        0.000000       -30477.60     -9.61094714776E+08  5.80363239609E+05 -1.65602272712E+03   4.35008065              438  0.23606    
      114100  -4.66716969         1308311.        0.000000       -30432.23     -9.61078233860E+08  5.80353290311E+05 -1.65602271910E+03   4.35060714              438  0.23422    
      114200  -4.66547001         1307457.        0.000000       -30461.54     -9.60605215898E+08  5.80067653965E+05 -1.65602272309E+03   4.35130476              437  0.23283    
      114300  -4.66420198         1307655.        0.000000       -30440.56     -9.60435636599E+08  5.79965252878E+05 -1.65602272176E+03   4.35017559              440  0.23630    
      114400  -4.66402609         1307707.        0.000000       -30448.70     -9.60463494271E+08  5.79982075314E+05 -1.65602272062E+03   4.34961830              438  0.23505    
      114500  -4.66475252         1307709.        0.000000       -30446.42     -9.60646037424E+08  5.80092305038E+05 -1.65602272101E+03   4.35012131              438  0.23949    
      114600  -4.66526817         1307975.        0.000000       -30454.04     -9.60722289929E+08  5.80138347714E+05 -1.65602272926E+03   4.34985286              439  0.23206    
      114700  -4.66467434         1307183.        0.000000       -30450.14     -9.60617432763E+08  5.80075029513E+05 -1.65602272790E+03   4.35119990              440  0.23524    
      114800  -4.66291337         1307093.        0.000000       -30440.78     -9.60341354140E+08  5.79908316371E+05 -1.65602273158E+03   4.35111000              438  0.23518    
      114900  -4.66272952         1307089.        0.000000       -30436.89     -9.60246867544E+08  5.79851259777E+05 -1.65602273230E+03   4.35012343              440  0.23673    
      115000  -4.66401510         1307664.        0.000000       -30463.49     -9.60407309370E+08  5.79948143917E+05 -1.65602273142E+03   4.34968494              439  0.23454    
      115100  -4.66437982         1307644.        0.000000       -30476.10     -9.60513476803E+08  5.80012255354E+05 -1.65602272700E+03   4.35019707              437  0.23073    
      115200  -4.66529510         1307949.        0.000000       -30509.81     -9.60643971625E+08  5.80091055499E+05 -1.65602272698E+03   4.35030324              437  0.23906    
      115300  -4.66598150         1307993.        0.000000       -30492.09     -9.60548650278E+08  5.80033492322E+05 -1.65602273488E+03   4.35022969              439  0.24571    
      115400  -4.66559427         1307802.        0.000000       -30483.73     -9.60647251349E+08  5.80093032135E+05 -1.65602273796E+03   4.35037013              440  0.23601    
      115500  -4.66431651         1307773.        0.000000       -30475.03     -9.60544641797E+08  5.80031071956E+05 -1.65602273437E+03   4.34945806              440  0.23518    
      115600  -4.66488074         1307791.        0.000000       -30478.28     -9.60643528617E+08  5.80090784430E+05 -1.65602273713E+03   4.35064835              439  0.23325    
      115700  -4.66421081         1307694.        0.000000       -30441.92     -9.60483439737E+08  5.79994114816E+05 -1.65602273403E+03   4.35013813              438  0.23342    
      115800  -4.66487954         1307875.        0.000000       -30483.50     -9.60675972667E+08  5.80110378110E+05 -1.65602273105E+03   4.34972228              440  0.23379    
      115900  -4.66685352         1308418.        0.000000       -30427.66     -9.60944503376E+08  5.80272533628E+05 -1.65602272671E+03   4.34983030              439  0.23307    
      116000  -4.66735091         1308461.        0.000000       -30479.20     -9.60935550624E+08  5.80267127037E+05 -1.65602272790E+03   4.35014948              439  0.23435    
      116100  -4.66703953         1307975.        0.000000       -30510.50     -9.60908832105E+08  5.80250992817E+05 -1.65602272809E+03   4.35105444              438  0.23479    
      116200  -4.66492180         1307401.        0.000000       -30478.71     -9.60496554487E+08  5.80002036205E+05 -1.65602272842E+03   4.35145621              438  0.23427    
      116300  -4.66378272         1307454.        0.000000       -30497.60     -9.60211556349E+08  5.79829938261E+05 -1.65602272837E+03   4.35001976              439  0.23423    
      116400  -4.66390779         1307424.        0.000000       -30509.21     -9.60335356358E+08  5.79904692014E+05 -1.65602273888E+03   4.34999548              439  0.23105    
      116500  -4.66436012         1307598.        0.000000       -30493.75     -9.60395476366E+08  5.79940996416E+05 -1.65602273731E+03   4.35049365              440  0.23265    
      116600  -4.66403821         1307619.        0.000000       -30489.50     -9.60345070852E+08  5.79910559374E+05 -1.65602273545E+03   4.34995681              439  0.23316    
      116700  -4.66473236         1307897.        0.000000       -30444.86     -9.60516159467E+08  5.80013872842E+05 -1.65602273401E+03   4.34973472              438  0.23266    
      116800  -4.66616140         1308030.        0.000000       -30447.99     -9.60775141633E+08  5.80170261128E+05 -1.65602273333E+03   4.35016767              439  0.23200    
      116900  -4.66546031         1307705.        0.000000       -30404.71     -9.60690283920E+08  5.80119016670E+05 -1.65602274070E+03   4.35087256              440  0.23130    
      117000  -4.66598119         1308035.        0.000000       -30487.18     -9.60869682913E+08  5.80227349452E+05 -1.65602273629E+03   4.35011144              438  0.23286    
      117100  -4.66665583         1308058.        0.000000       -30479.63     -9.60852077679E+08  5.80216719728E+05 -1.65602273256E+03   4.35061079              440  0.23721    
      117200  -4.66573389         1308146.        0.000000       -30464.41     -9.60752132055E+08  5.80156367768E+05 -1.65602273013E+03   4.34961238              437  0.23388    
      117300  -4.66640377         1307979.        0.000000       -30465.22     -9.60885897528E+08  5.80237142712E+05 -1.65602273070E+03   4.35109319              440  0.23471    
      117400  -4.66633111         1307890.        0.000000       -30449.83     -9.60825676902E+08  5.80200778157E+05 -1.65602273053E+03   4.35114650              439  0.23146    
      117500  -4.66491683         1307475.        0.000000       -30465.13     -9.60505754767E+08  5.80007589101E+05 -1.65602273628E+03   4.35124464              438  0.23293    
      117600  -4.66438085         1307907.        0.000000       -30456.98     -9.60369061895E+08  5.79925043360E+05 -1.65602274448E+03   4.34956552              437  0.24114    
      117700  -4.66618774         1308193.        0.000000       -30463.25     -9.60623191967E+08  5.80078501617E+05 -1.65602274397E+03   4.34970065              439  0.23412    
      117800  -4.66631147         1308109.        0.000000       -30443.37     -9.60572478550E+08  5.80047880064E+05 -1.65602273806E+03   4.35045628              438  0.23066    
      117900  -4.66524308         1307768.        0.000000       -30485.28     -9.60384771611E+08  5.79934531552E+05 -1.65602273940E+03   4.35053530              437  0.23542    
      118000  -4.66427719         1307683.        0.000000       -30502.29     -9.60239746518E+08  5.79846958094E+05 -1.65602273688E+03   4.34998433              439  0.23301    
      118100  -4.66419443         1307685.        0.000000       -30471.09     -9.60237395851E+08  5.79845537786E+05 -1.65602273929E+03   4.35001259              440  0.23171    
      118200  -4.66473410         1307507.        0.000000       -30439.47     -9.60349981736E+08  5.79913524198E+05 -1.65602273730E+03   4.35107443              439  0.23167    
      118300  -4.66351515         1307322.        0.000000       -30442.54     -9.60130660006E+08  5.79781085452E+05 -1.65602273703E+03   4.35064092              438  0.23130    
      118400  -4.66328220         1307471.        0.000000       -30432.69     -9.60038111404E+08  5.79725197491E+05 -1.65602274243E+03   4.34925785              437  0.23504    
      118500  -4.66386740         1307463.        0.000000       -30449.13     -9.60199303359E+08  5.79822533888E+05 -1.65602274358E+03   4.35072411              439  0.23440    
      118600  -4.66385364         1307637.        0.000000       -30399.59     -9.60034253948E+08  5.79722866681E+05 -1.65602274660E+03   4.34971488              440  0.23529    
      118700  -4.66512692         1307798.        0.000000       -30396.05     -9.60306815682E+08  5.79887455116E+05 -1.65602274581E+03   4.35046361              438  0.23133    
      118800  -4.66456425         1307671.        0.000000       -30403.61     -9.60191203342E+08  5.79817640859E+05 -1.65602274867E+03   4.35082361              439  0.23409    
      118900  -4.66432605         1307565.        0.000000       -30430.84     -9.60122781145E+08  5.79776324388E+05 -1.65602274663E+03   4.34973283              437  0.23656    
      119000  -4.66381681         1307339.        0.000000       -30365.18     -9.60141648595E+08  5.79787718470E+05 -1.65602274420E+03   4.35050835              440  0.23210    
      119100  -4.66429488         1307759.        0.000000       -30383.98     -9.60161238459E+08  5.79799546771E+05 -1.65602274753E+03   4.35021275              440  0.23396    
      119200  -4.66409748         1307400.        0.000000       -30403.00     -9.60135570497E+08  5.79784048555E+05 -1.65602274311E+03   4.35044057              438  0.23133    
      119300  -4.66426029         1307539.        0.000000       -30443.80     -9.60263245209E+08  5.79861145712E+05 -1.65602274322E+03   4.34980687              439  0.23309    
      119400  -4.66463643         1307707.        0.000000       -30461.80     -9.60487354592E+08  5.79996476490E+05 -1.65602274070E+03   4.34992869              439  0.23502    
      119500  -4.66549113         1307778.        0.000000       -30440.98     -9.60545904577E+08  5.80031834559E+05 -1.65602273418E+03   4.35034465              438  0.23369    
      119600  -4.66457915         1307516.        0.000000       -30465.53     -9.60444775394E+08  5.79970771070E+05 -1.65602272270E+03   4.35059625              440  0.23077    
      119700  -4.66461195         1307831.        0.000000       -30455.14     -9.60442412068E+08  5.79969341783E+05 -1.65602272892E+03   4.34963079              439  0.23137    
      119800  -4.66607214         1308131.        0.000000       -30468.48     -9.60711878691E+08  5.80132059537E+05 -1.65602273292E+03   4.35019570              438  0.23601    
      119900  -4.66631964         1308286.        0.000000       -30502.20     -9.60707207791E+08  5.80129237892E+05 -1.65602273604E+03   4.34987733              438  0.23551    
      120000  -4.66528105         1307630.        0.000000       -30466.57     -9.60588048727E+08  5.80057283197E+05 -1.65602273526E+03   4.35064536              440  0.23584    
      120100  -4.66359929         1307276.        0.000000       -30466.06     -9.60285052815E+08  5.79874317819E+05 -1.65602273339E+03   4.35042095              438  0.23124    
      120200  -4.66398611         1307581.        0.000000       -30489.08     -9.60388089619E+08  5.79936538039E+05 -1.65602273115E+03   4.34995205              439  0.23470    
      120300  -4.66384634         1307713.        0.000000       -30492.66     -9.60469454481E+08  5.79985672446E+05 -1.65602272627E+03   4.34923295              439  0.23964    
      120400  -4.66628246         1308337.        0.000000       -30480.55     -9.60982578974E+08  5.80295528288E+05 -1.65602271968E+03   4.34993939              438  0.23561    
      120500  -4.66659288         1308150.        0.000000       -30455.12     -9.60914083113E+08  5.80254166093E+05 -1.65602272119E+03   4.35018639              436  0.23259    
      120600  -4.66635670         1308071.        0.000000       -30433.03     -9.60884288873E+08  5.80236172516E+05 -1.65602272727E+03   4.35066871              437  0.23157    
      120700  -4.66521068         1307594.        0.000000       -30468.50     -9.60665514957E+08  5.80104065287E+05 -1.65602272496E+03   4.35117817              440  0.23489    
      120800  -4.66346191         1307208.        0.000000       -30449.16     -9.60214458786E+08  5.79831690834E+05 -1.65602272860E+03   4.35113585              438  0.23421    
      120900  -4.66251376         1307023.        0.000000       -30454.52     -9.59974190596E+08  5.79686602701E+05 -1.65602273042E+03   4.35039037              439  0.23417    
      121000  -4.66335848         1307490.        0.000000       -30469.24     -9.60164698484E+08  5.79801641771E+05 -1.65602273142E+03   4.34940488              438  0.23276    
      121100  -4.66411242         1307497.        0.000000       -30478.50     -9.60374459276E+08  5.79928307178E+05 -1.65602273141E+03   4.35005803              439  0.23450    
      121200  -4.66512917         1308116.        0.000000       -30447.60     -9.60533247306E+08  5.80024192479E+05 -1.65602273105E+03   4.34896328              439  0.23476    
      121300  -4.66676829         1308221.        0.000000       -30471.04     -9.60951107909E+08  5.80276523659E+05 -1.65602272146E+03   4.34956140              437  0.23460    
      121400  -4.66612361         1307952.        0.000000       -30475.61     -9.60943544306E+08  5.80271958537E+05 -1.65602271516E+03   4.35035846              439  0.23265    
      121500  -4.66601016         1308097.        0.000000       -30470.01     -9.61058322312E+08  5.80341270920E+05 -1.65602270676E+03   4.35025817              438  0.23182    
      121600  -4.66665000         1308167.        0.000000       -30481.37     -9.61060962496E+08  5.80342863305E+05 -1.65602271220E+03   4.35046713              440  0.23214    
      121700  -4.66715789         1308296.        0.000000       -30463.59     -9.61134578780E+08  5.80387318511E+05 -1.65602270781E+03   4.35057048              440  0.23170    
      121800  -4.66695449         1308125.        0.000000       -30477.70     -9.61025555757E+08  5.80321484777E+05 -1.65602270632E+03   4.35094048              437  0.23624    
      121900  -4.66581137         1307741.        0.000000       -30450.84     -9.60762487493E+08  5.80162626522E+05 -1.65602271427E+03   4.35042320              438  0.23157    
      122000  -4.66495244         1307383.        0.000000       -30431.55     -9.60616208391E+08  5.80074293080E+05 -1.65602271959E+03   4.35126427              438  0.23221    
      122100  -4.66410948         1307409.        0.000000       -30452.24     -9.60515880740E+08  5.80013707687E+05 -1.65602272500E+03   4.34986798              437  0.23587    
      122200  -4.66357091         1307473.        0.000000       -30442.10     -9.60497108432E+08  5.80002370868E+05 -1.65602272797E+03   4.34987145              438  0.23479    
      122300  -4.66339788         1307312.        0.000000       -30420.16     -9.60439217839E+08  5.79967412759E+05 -1.65602272940E+03   4.35087459              439  0.23310    
      122400  -4.66335472         1307614.        0.000000       -30393.77     -9.60225610973E+08  5.79838425777E+05 -1.65602272682E+03   4.35026010              438  0.23155    
      122500  -4.66485250         1307959.        0.000000       -30382.25     -9.60439042812E+08  5.79967306192E+05 -1.65602273190E+03   4.34929638              438  0.23322    
      122600  -4.66451106         1307281.        0.000000       -30406.49     -9.60483890512E+08  5.79994387291E+05 -1.65602273325E+03   4.35109259              438  0.23738    
      122700  -4.66314417         1307305.        0.000000       -30443.92     -9.60277289984E+08  5.79869627801E+05 -1.65602274019E+03   4.35001880              438  0.23750    
      122800  -4.66369379         1307679.        0.000000       -30456.53     -9.60502094974E+08  5.80005381432E+05 -1.65602272965E+03   4.34953587              439  0.23257    
      122900  -4.66358822         1307257.        0.000000       -30452.96     -9.60537781138E+08  5.80026930111E+05 -1.65602273149E+03   4.35115902              438  0.23296    
      123000  -4.66314132         1307459.        0.000000       -30453.75     -9.60279249390E+08  5.79870811074E+05 -1.65602273998E+03   4.35019214              437  0.23521    
      123100  -4.66396866         1307467.        0.000000       -30466.30     -9.60370120044E+08  5.79925686938E+05 -1.65602273132E+03   4.34989230              438  0.23462    
      123200  -4.66413975         1307465.        0.000000       -30475.74     -9.60394842642E+08  5.79940615543E+05 -1.65602273216E+03   4.35078681              439  0.23812    
      123300  -4.66468648         1307863.        0.000000       -30464.60     -9.60454561193E+08  5.79976677630E+05 -1.65602273029E+03   4.34955023              439  0.23156    
      123400  -4.66604739         1308114.        0.000000       -30432.05     -9.60814610946E+08  5.80194094756E+05 -1.65602273382E+03   4.34969832              438  0.24125    
      123500  -4.66546976         1307875.        0.000000       -30449.67     -9.60793207442E+08  5.80181173672E+05 -1.65602272366E+03   4.35020966              439  0.23312    
      123600  -4.66521813         1307727.        0.000000       -30474.58     -9.60719613495E+08  5.80136734033E+05 -1.65602272212E+03   4.35104188              438  0.23286    
      123700  -4.66459153         1307491.        0.000000       -30497.01     -9.60452581231E+08  5.79975481190E+05 -1.65602273265E+03   4.35110597              437  0.23227    
      123800  -4.66361975         1307400.        0.000000       -30482.65     -9.60279334563E+08  5.79870865378E+05 -1.65602273178E+03   4.35016454              439  0.23316    
      123900  -4.66446013         1307641.        0.000000       -30478.69     -9.60438015466E+08  5.79966683441E+05 -1.65602273870E+03   4.35053698              439  0.23257    
      124000  -4.66426381         1307660.        0.000000       -30443.06     -9.60370589677E+08  5.79925970219E+05 -1.65602273220E+03   4.34962490              438  0.23341    
      124100  -4.66543653         1307896.        0.000000       -30508.66     -9.60658487433E+08  5.80099820363E+05 -1.65602272869E+03   4.34999484              438  0.23349    
      124200  -4.66648881         1308568.        0.000000       -30494.67     -9.60922704319E+08  5.80259370866E+05 -1.65602272460E+03   4.34887276              438  0.23107    
      124300  -4.66746711         1308331.        0.000000       -30493.08     -9.61072203482E+08  5.80349644557E+05 -1.65602273129E+03   4.35060300              437  0.23514    
      124400  -4.66622303         1308011.        0.000000       -30457.88     -9.60767013978E+08  5.80165353241E+05 -1.65602273319E+03   4.35084324              440  0.23464    
      124500  -4.66572795         1307618.        0.000000       -30486.81     -9.60716898746E+08  5.80135093138E+05 -1.65602272662E+03   4.35081639              439  0.23328    
      124600  -4.66448347         1307573.        0.000000       -30461.42     -9.60651358708E+08  5.80095520650E+05 -1.65602271438E+03   4.35070477              440  0.23194    
      124700  -4.66553887         1308230.        0.000000       -30471.71     -9.60945238255E+08  5.80272981767E+05 -1.65602271422E+03   4.34879867              440  0.23516    
      124800  -4.66815029         1308653.        0.000000       -30489.50     -9.61423256754E+08  5.80561636347E+05 -1.65602271415E+03   4.34994919              437  0.23503    
      124900  -4.66929446         1308887.        0.000000       -30481.91     -9.61617151688E+08  5.80678719649E+05 -1.65602271816E+03   4.34998343              439  0.23506    
      125000  -4.66912808         1308467.        0.000000       -30406.58     -9.61490410053E+08  5.80602186030E+05 -1.65602271777E+03   4.35139744              439  0.23464    
      125100  -4.66654331         1308129.        0.000000       -30377.58     -9.60972742718E+08  5.80289587925E+05 -1.65602272161E+03   4.35016214              439  0.23252    
      125200  -4.66625880         1307887.        0.000000       -30426.78     -9.60964828549E+08  5.80284807968E+05 -1.65602272428E+03   4.35087562              437  0.23522    
      125300  -4.66476957         1307692.        0.000000       -30418.86     -9.60613337876E+08  5.80072556234E+05 -1.65602272949E+03   4.35071493              437  0.23640    
      125400  -4.66575954         1307975.        0.000000       -30432.20     -9.60753056631E+08  5.80156925920E+05 -1.65602273059E+03   4.34998105              440  0.23231    
      125500  -4.66539412         1307685.        0.000000       -30444.22     -9.60698381715E+08  5.80123910735E+05 -1.65602272883E+03   4.35065085              440  0.23326    
      125600  -4.66560780         1308076.        0.000000       -30439.95     -9.60757264184E+08  5.80159466420E+05 -1.65602273133E+03   4.35019213              440  0.23161    
      125700  -4.66558151         1308062.        0.000000       -30450.08     -9.60764487565E+08  5.80163828409E+05 -1.65602273103E+03   4.34971694              436  0.23743    
      125800  -4.66573149         1307733.        0.000000       -30422.82     -9.60754967985E+08  5.80158080057E+05 -1.65602273072E+03   4.35085152              435  0.23924    
      125900  -4.66423838         1307464.        0.000000       -30454.03     -9.60471958053E+08  5.79987181396E+05 -1.65602273440E+03   4.35085702              438  0.23502    
      126000  -4.66381056         1307416.        0.000000       -30468.17     -9.60393627314E+08  5.79939883346E+05 -1.65602272734E+03   4.34967407              438  0.23258    
      126100  -4.66351312         1307419.        0.000000       -30507.78     -9.60437410958E+08  5.79966320779E+05 -1.65602273192E+03   4.35072695              438  0.23311    
      126200  -4.66438007         1307728.        0.000000       -30508.58     -9.60606985228E+08  5.80068719974E+05 -1.65602272998E+03   4.34971289              438  0.23257    
      126300  -4.66497192         1307884.        0.000000       -30509.22     -9.60680350753E+08  5.80113024205E+05 -1.65602272431E+03   4.34993392              437  0.23437    
      126400  -4.66625892         1308496.        0.000000       -30471.99     -9.60836063496E+08  5.80207048243E+05 -1.65602273603E+03   4.34990763              439  0.23384    
      126500  -4.66732082         1308301.        0.000000       -30455.18     -9.60872525536E+08  5.80229066014E+05 -1.65602273622E+03   4.35029218              438  0.23136    
      126600  -4.66660869         1308114.        0.000000       -30432.95     -9.60657185393E+08  5.80099032770E+05 -1.65602273254E+03   4.35131136              439  0.23849    
      126700  -4.66501917         1307654.        0.000000       -30398.96     -9.60200355856E+08  5.79823171170E+05 -1.65602273865E+03   4.35078703              440  0.23445    
      126800  -4.66526092         1307623.        0.000000       -30414.51     -9.60154706548E+08  5.79795605411E+05 -1.65602273903E+03   4.35097980              438  0.23582    
      126900  -4.66484534         1307710.        0.000000       -30387.17     -9.60054579683E+08  5.79735141735E+05 -1.65602274309E+03   4.35049626              437  0.23104    
      127000  -4.66410762         1307425.        0.000000       -30395.66     -9.59919366370E+08  5.79653491349E+05 -1.65602274583E+03   4.35057281              437  0.23531    
      127100  -4.66294956         1307373.        0.000000       -30421.14     -9.59717919130E+08  5.79531846634E+05 -1.65602274440E+03   4.34969011              436  0.23630    
      127200  -4.66424618         1307817.        0.000000       -30427.89     -9.60016817670E+08  5.79712337111E+05 -1.65602274820E+03   4.34948778              440  0.23420    
      127300  -4.66503888         1307725.        0.000000       -30443.75     -9.60101696497E+08  5.79763589944E+05 -1.65602275333E+03   4.35044252              439  0.23567    
      127400  -4.66468667         1307602.        0.000000       -30478.36     -9.60061246567E+08  5.79739165978E+05 -1.65602274766E+03   4.34995846              437  0.23059    
      127500  -4.66503903         1308058.        0.000000       -30488.47     -9.60284113295E+08  5.79873745910E+05 -1.65602274645E+03   4.34901307              440  0.23376    
      127600  -4.66648839         1308109.        0.000000       -30468.12     -9.60573644400E+08  5.80048583708E+05 -1.65602273910E+03   4.35012348              439  0.23479    
      127700  -4.66581731         1307707.        0.000000       -30461.68     -9.60505075698E+08  5.80007178096E+05 -1.65602273898E+03   4.35115578              439  0.23608    
      127800  -4.66486081         1307520.        0.000000       -30452.97     -9.60288197353E+08  5.79876213848E+05 -1.65602274144E+03   4.35089344              440  0.23352    
      127900  -4.66511077         1307968.        0.000000       -30428.66     -9.60267157596E+08  5.79863509445E+05 -1.65602273976E+03   4.34954550              439  0.23180    
      128000  -4.66723430         1308546.        0.000000       -30430.65     -9.60654686395E+08  5.80097522526E+05 -1.65602273599E+03   4.34963535              438  0.23353    
      128100  -4.66723702         1308163.        0.000000       -30408.94     -9.60573284604E+08  5.80048365606E+05 -1.65602274148E+03   4.35055675              439  0.23314    
      128200  -4.66618413         1308034.        0.000000       -30410.26     -9.60395257735E+08  5.79940862716E+05 -1.65602274211E+03   4.35065430              439  0.23377    
      128300  -4.66560604         1307763.        0.000000       -30396.69     -9.60260980369E+08  5.79859777070E+05 -1.65602274609E+03   4.35039473              438  0.23111    
      128400  -4.66457206         1307828.        0.000000       -30427.12     -9.60226654035E+08  5.79839048590E+05 -1.65602274695E+03   4.34960563              438  0.23924    
      128500  -4.66547221         1307951.        0.000000       -30481.75     -9.60429044603E+08  5.79961264161E+05 -1.65602274489E+03   4.34956292              438  0.23589    
      128600  -4.66543921         1307903.        0.000000       -30488.31     -9.60423169265E+08  5.79957716406E+05 -1.65602274458E+03   4.34954919              436  0.23291    
      128700  -4.66587941         1308112.        0.000000       -30466.53     -9.60599583059E+08  5.80064247968E+05 -1.65602273614E+03   4.34987168              438  0.23470    
      128800  -4.66685338         1308295.        0.000000       -30446.09     -9.60732820029E+08  5.80144702388E+05 -1.65602274066E+03   4.35002325              439  0.23595    
      128900  -4.66620269         1308237.        0.000000       -30425.42     -9.60659719002E+08  5.80100562049E+05 -1.65602273442E+03   4.34984790              439  0.23755    
      129000  -4.66660265         1308303.        0.000000       -30418.97     -9.60688903508E+08  5.80118183803E+05 -1.65602273870E+03   4.35018345              438  0.23424    
      129100  -4.66633746         1307908.        0.000000       -30397.69     -9.60596097894E+08  5.80062141027E+05 -1.65602274300E+03   4.35129430              437  0.23781    
      129200  -4.66492470         1307590.        0.000000       -30389.68     -9.60294749706E+08  5.79880168609E+05 -1.65602274692E+03   4.35058617              437  0.23051    
      129300  -4.66391842         1307463.        0.000000       -30424.69     -9.60225835728E+08  5.79838556372E+05 -1.65602274146E+03   4.34994277              436  0.23370    
      129400  -4.66602393         1308383.        0.000000       -30446.77     -9.60626918174E+08  5.80080752939E+05 -1.65602274047E+03   4.34918039              439  0.23301    
      129500  -4.66712414         1308272.        0.000000       -30454.07     -9.60894392948E+08  5.80242271886E+05 -1.65602273310E+03   4.35007310              440  0.23439    
      129600  -4.66598303         1307677.        0.000000       -30457.97     -9.60725201516E+08  5.80140101511E+05 -1.65602274177E+03   4.35115059              437  0.23564    
      129700  -4.66412236         1307452.        0.000000       -30434.78     -9.60404351224E+08  5.79946355012E+05 -1.65602273887E+03   4.35064917              439  0.23165    
      129800  -4.66451279         1307669.        0.000000       -30480.20     -9.60503943417E+08  5.80006496293E+05 -1.65602273346E+03   4.35005142              438  0.23423    
      129900  -4.66419617         1307592.        0.000000       -30479.61     -9.60419438799E+08  5.79955464545E+05 -1.65602274229E+03   4.35018291              438  0.23371    
      130000  -4.66493354         1307818.        0.000000       -30455.59     -9.60680791508E+08  5.80113286121E+05 -1.65602273641E+03   4.34940602              439  0.23602    
      130100  -4.66636386         1308078.        0.000000       -30449.34     -9.60911255051E+08  5.80252454350E+05 -1.65602273260E+03   4.35093725              440  0.23095    
      130200  -4.66614711         1308075.        0.000000       -30442.26     -9.60777118932E+08  5.80171452751E+05 -1.65602274013E+03   4.35028759              437  0.23265    
      130300  -4.66623825         1308050.        0.000000       -30431.40     -9.60643127458E+08  5.80090539974E+05 -1.65602274345E+03   4.35062575              435  0.23467    
      130400  -4.66557696         1307986.        0.000000       -30473.15     -9.60506932085E+08  5.80008297801E+05 -1.65602274265E+03   4.34982546              439  0.23350    
      130500  -4.66668222         1308293.        0.000000       -30483.20     -9.60690029677E+08  5.80118863417E+05 -1.65602273992E+03   4.35011610              440  0.23292    
      130600  -4.66649769         1308359.        0.000000       -30484.51     -9.60642221338E+08  5.80089992173E+05 -1.65602274526E+03   4.35034298              440  0.23095    
      130700  -4.66749771         1308459.        0.000000       -30514.83     -9.60839405997E+08  5.80209063697E+05 -1.65602274441E+03   4.34978672              438  0.23506    
      130800  -4.66622800         1307798.        0.000000       -30464.02     -9.60606458537E+08  5.80068395160E+05 -1.65602274930E+03   4.35146291              437  0.23370    
      130900  -4.66417237         1307379.        0.000000       -30425.86     -9.60275311814E+08  5.79868429716E+05 -1.65602275034E+03   4.35044752              439  0.23424    
      131000  -4.66322384         1307261.        0.000000       -30467.91     -9.60150263059E+08  5.79792920051E+05 -1.65602274511E+03   4.35055335              440  0.23096    
      131100  -4.66396241         1307628.        0.000000       -30481.53     -9.60253297213E+08  5.79855139507E+05 -1.65602274049E+03   4.35048334              440  0.23338    
      131200  -4.66554428         1308231.        0.000000       -30464.19     -9.60335156381E+08  5.79904570001E+05 -1.65602274247E+03   4.34910623              439  0.23410    
      131300  -4.66645883         1308184.        0.000000       -30482.04     -9.60461803418E+08  5.79981046179E+05 -1.65602274375E+03   4.35014664              439  0.23383    
      131400  -4.66646951         1308242.        0.000000       -30453.79     -9.60654285944E+08  5.80097281473E+05 -1.65602273382E+03   4.34995859              437  0.23472    
      131500  -4.66598650         1307611.        0.000000       -30455.50     -9.60548094407E+08  5.80033157884E+05 -1.65602273137E+03   4.35095213              439  0.23166    
      131600  -4.66474867         1307738.        0.000000       -30448.92     -9.60417991800E+08  5.79954594793E+05 -1.65602273079E+03   4.34962468              439  0.23290    
      131700  -4.66513234         1307971.        0.000000       -30487.77     -9.60599243840E+08  5.80064046355E+05 -1.65602272693E+03   4.34969795              440  0.23732    
      131800  -4.66643166         1308138.        0.000000       -30509.81     -9.60749991939E+08  5.80155074637E+05 -1.65602273244E+03   4.35003044              438  0.23363    
      131900  -4.66656085         1308186.        0.000000       -30459.22     -9.60716491910E+08  5.80134843714E+05 -1.65602273733E+03   4.34955934              439  0.23107    
      132000  -4.66647263         1308020.        0.000000       -30461.78     -9.60829088233E+08  5.80202836970E+05 -1.65602273379E+03   4.35102275              438  0.23235    
      132100  -4.66539462         1307784.        0.000000       -30437.55     -9.60591669952E+08  5.80059471901E+05 -1.65602272954E+03   4.35079041              439  0.23390    
      132200  -4.66538471         1308013.        0.000000       -30442.46     -9.60524808578E+08  5.80019096816E+05 -1.65602273072E+03   4.35029052              438  0.23251    
      132300  -4.66542386         1307678.        0.000000       -30466.31     -9.60485438189E+08  5.79995319761E+05 -1.65602273926E+03   4.35045496              438  0.23452    
      132400  -4.66467144         1307692.        0.000000       -30435.36     -9.60330178492E+08  5.79901567214E+05 -1.65602273349E+03   4.35026967              438  0.23086    
      132500  -4.66424948         1307585.        0.000000       -30448.70     -9.60263824937E+08  5.79861497968E+05 -1.65602273698E+03   4.35041694              439  0.23401    
      132600  -4.66473516         1307653.        0.000000       -30468.84     -9.60351587713E+08  5.79914491590E+05 -1.65602274411E+03   4.34999585              438  0.23829    
      132700  -4.66387287         1307324.        0.000000       -30477.29     -9.60324483615E+08  5.79898123483E+05 -1.65602274732E+03   4.35081426              438  0.23584    
      132800  -4.66391134         1307744.        0.000000       -30507.14     -9.60290987098E+08  5.79877895942E+05 -1.65602274861E+03   4.34955891              440  0.23246    
      132900  -4.66481443         1307835.        0.000000       -30500.19     -9.60382076167E+08  5.79932902370E+05 -1.65602274374E+03   4.34971583              437  0.23354    
      133000  -4.66488887         1307895.        0.000000       -30487.11     -9.60446312046E+08  5.79971691234E+05 -1.65602274484E+03   4.34984309              438  0.23515    
      133100  -4.66614597         1307906.        0.000000       -30449.17     -9.60686447566E+08  5.80116698449E+05 -1.65602274531E+03   4.35039091              439  0.23301    
      133200  -4.66487294         1307520.        0.000000       -30451.53     -9.60529465745E+08  5.80021904730E+05 -1.65602274313E+03   4.35055909              435  0.23427    
      133300  -4.66398739         1307692.        0.000000       -30488.73     -9.60416833722E+08  5.79953890416E+05 -1.65602274524E+03   4.34987722              439  0.23132    
      133400  -4.66509701         1307726.        0.000000       -30473.95     -9.60498756885E+08  5.80003361477E+05 -1.65602274173E+03   4.35030396              438  0.23495    
      133500  -4.66477841         1307700.        0.000000       -30450.28     -9.60429463628E+08  5.79961520915E+05 -1.65602273425E+03   4.35008680              439  0.23460    
      133600  -4.66381526         1307228.        0.000000       -30426.66     -9.60206793138E+08  5.79827061449E+05 -1.65602272985E+03   4.35133126              440  0.23258    
      133700  -4.66301993         1307497.        0.000000       -30443.92     -9.60077704960E+08  5.79749108690E+05 -1.65602273564E+03   4.34982023              439  0.23412    
      133800  -4.66466871         1307962.        0.000000       -30425.32     -9.60283275542E+08  5.79873242210E+05 -1.65602274022E+03   4.34927836              439  0.23473    
      133900  -4.66578744         1307977.        0.000000       -30451.08     -9.60525657703E+08  5.80019607894E+05 -1.65602273549E+03   4.34990553              437  0.23464    
      134000  -4.66586099         1308192.        0.000000       -30435.25     -9.60591768981E+08  5.80059528000E+05 -1.65602274010E+03   4.34963653              438  0.23671    
      134100  -4.66647064         1308159.        0.000000       -30480.20     -9.60665443320E+08  5.80104016729E+05 -1.65602274009E+03   4.35061329              437  0.23315    
      134200  -4.66487632         1307472.        0.000000       -30434.46     -9.60374345420E+08  5.79928233521E+05 -1.65602274542E+03   4.35077942              440  0.23179    
      134300  -4.66453938         1307736.        0.000000       -30484.37     -9.60273065488E+08  5.79867074042E+05 -1.65602274810E+03   4.34960743              437  0.23452    
      134400  -4.66513123         1307940.        0.000000       -30434.15     -9.60411810421E+08  5.79950859386E+05 -1.65602273861E+03   4.35010475              437  0.23428    
      134500  -4.66515718         1307639.        0.000000       -30452.60     -9.60359995303E+08  5.79919571333E+05 -1.65602273621E+03   4.35081235              439  0.23581    
      134600  -4.66601404         1307995.        0.000000       -30427.73     -9.60501438005E+08  5.80004981407E+05 -1.65602273911E+03   4.35021444              438  0.23072    
      134700  -4.66556991         1307668.        0.000000       -30431.58     -9.60464631307E+08  5.79982753227E+05 -1.65602274544E+03   4.35091170              440  0.23586    
      134800  -4.66377289         1307363.        0.000000       -30444.37     -9.60165133276E+08  5.79801899554E+05 -1.65602274503E+03   4.34984570              439  0.24647    
      134900  -4.66296397         1307369.        0.000000       -30457.41     -9.60171049945E+08  5.79805474025E+05 -1.65602274032E+03   4.34993628              439  0.24269    
      135000  -4.66360999         1307559.        0.000000       -30452.20     -9.60232654384E+08  5.79842673489E+05 -1.65602274253E+03   4.35005034              438  0.23477    
      135100  -4.66443529         1307459.        0.000000       -30459.85     -9.60323745952E+08  5.79897681789E+05 -1.65602273661E+03   4.35036221              435  0.23142    
      135200  -4.66404879         1307510.        0.000000       -30445.49     -9.60357746999E+08  5.79918211989E+05 -1.65602274104E+03   4.34996691              439  0.23129    
      135300  -4.66472740         1307935.        0.000000       -30458.58     -9.60535643260E+08  5.80025636569E+05 -1.65602273883E+03   4.34952738              439  0.23877    
      135400  -4.66540310         1307919.        0.000000       -30492.27     -9.60654699365E+08  5.80097532311E+05 -1.65602273041E+03   4.35002104              438  0.23763    
      135500  -4.66589080         1308183.        0.000000       -30471.83     -9.60730865165E+08  5.80143526159E+05 -1.65602272859E+03   4.34996205              438  0.23437    
      135600  -4.66682087         1308283.        0.000000       -30476.17     -9.60832494447E+08  5.80204895713E+05 -1.65602272843E+03   4.34998599              439  0.23133    
      135700  -4.66767564         1308435.        0.000000       -30481.82     -9.60958412165E+08  5.80280929793E+05 -1.65602273455E+03   4.35043133              439  0.23275    
      135800  -4.66673385         1307950.        0.000000       -30456.86     -9.60685560151E+08  5.80116166067E+05 -1.65602273535E+03   4.35147236              440  0.23347    
      135900  -4.66435533         1307077.        0.000000       -30443.29     -9.60107215377E+08  5.79766926896E+05 -1.65602274093E+03   4.35180174              439  0.23415    
      136000  -4.66164313         1306662.        0.000000       -30413.57     -9.59529364188E+08  5.79417986580E+05 -1.65602274422E+03   4.35070215              439  0.23473    
      136100  -4.66120420         1306916.        0.000000       -30403.25     -9.59480634893E+08  5.79388560856E+05 -1.65602274487E+03   4.35017220              436  0.23219    
      136200  -4.66253074         1307482.        0.000000       -30413.41     -9.59693381964E+08  5.79517028976E+05 -1.65602274649E+03   4.34911121              440  0.23506    
      136300  -4.66449727         1308029.        0.000000       -30387.52     -9.59982155852E+08  5.79691406203E+05 -1.65602274862E+03   4.34902282              440  0.23232    
      136400  -4.66532393         1307844.        0.000000       -30393.27     -9.60197995075E+08  5.79821743750E+05 -1.65602274393E+03   4.34996037              439  0.23167    
      136500  -4.66620776         1308277.        0.000000       -30407.69     -9.60476916352E+08  5.79990172642E+05 -1.65602274255E+03   4.34910045              440  0.23495    
      136600  -4.66716351         1308200.        0.000000       -30398.79     -9.60776785884E+08  5.80171252306E+05 -1.65602273823E+03   4.35030931              439  0.23257    
      136700  -4.66703655         1308152.        0.000000       -30424.05     -9.60739834181E+08  5.80148938993E+05 -1.65602273762E+03   4.35056299              439  0.23705    
      136800  -4.66589749         1307793.        0.000000       -30401.45     -9.60595089609E+08  5.80061533785E+05 -1.65602273838E+03   4.35060829              437  0.23465    
      136900  -4.66464950         1307626.        0.000000       -30380.72     -9.60272829338E+08  5.79866937000E+05 -1.65602273222E+03   4.35033965              438  0.23536    
      137000  -4.66437816         1307585.        0.000000       -30357.94     -9.60172476213E+08  5.79806339420E+05 -1.65602272851E+03   4.35045623              439  0.23122    
      137100  -4.66407889         1307611.        0.000000       -30402.00     -9.60109068064E+08  5.79768048743E+05 -1.65602273210E+03   4.34978753              440  0.23240    
      137200  -4.66396994         1307361.        0.000000       -30402.06     -9.60168801191E+08  5.79804119455E+05 -1.65602273073E+03   4.35063276              436  0.23724    
      137300  -4.66404724         1307792.        0.000000       -30442.93     -9.60077918476E+08  5.79749237773E+05 -1.65602273521E+03   4.34909300              437  0.23198    
      137400  -4.66602905         1308358.        0.000000       -30437.35     -9.60544727187E+08  5.80031123613E+05 -1.65602273410E+03   4.34906435              439  0.23130    
      137500  -4.66630419         1307871.        0.000000       -30468.21     -9.60659619385E+08  5.80100501619E+05 -1.65602273521E+03   4.35034301              440  0.23320    
      137600  -4.66604733         1308365.        0.000000       -30500.69     -9.60778233536E+08  5.80172127791E+05 -1.65602273448E+03   4.34962831              437  0.23827    
      137700  -4.66604433         1307988.        0.000000       -30472.76     -9.60694086154E+08  5.80121314228E+05 -1.65602273627E+03   4.35083643              439  0.23414    
      137800  -4.66532318         1307900.        0.000000       -30462.94     -9.60523133488E+08  5.80018083854E+05 -1.65602273485E+03   4.35026511              437  0.23687    
      137900  -4.66458325         1307637.        0.000000       -30454.80     -9.60491776840E+08  5.79999150280E+05 -1.65602273103E+03   4.35028226              437  0.23107    
      138000  -4.66444994         1307761.        0.000000       -30482.76     -9.60491048861E+08  5.79998710618E+05 -1.65602273122E+03   4.35004284              437  0.23611    
      138100  -4.66491328         1307968.        0.000000       -30491.42     -9.60559067456E+08  5.80039784809E+05 -1.65602272915E+03   4.34945589              438  0.23523    
      138200  -4.66510009         1307718.        0.000000       -30532.05     -9.60589693446E+08  5.80058279334E+05 -1.65602272680E+03   4.35051506              440  0.23118    
      138300  -4.66604902         1308470.        0.000000       -30498.73     -9.60736580469E+08  5.80146976613E+05 -1.65602273079E+03   4.34900616              439  0.23145    
      138400  -4.66865190         1308691.        0.000000       -30506.95     -9.61188503624E+08  5.80419874687E+05 -1.65602272690E+03   4.34998913              439  0.24150    
      138500  -4.66758534         1307922.        0.000000       -30497.93     -9.61068184504E+08  5.80347219590E+05 -1.65602272581E+03   4.35157563              438  0.23292    
      138600  -4.66428475         1307250.        0.000000       -30512.06     -9.60525222688E+08  5.80019346541E+05 -1.65602273168E+03   4.35154471              438  0.23228    
      138700  -4.66324476         1307452.        0.000000       -30506.10     -9.60348806840E+08  5.79912815994E+05 -1.65602273368E+03   4.34950612              437  0.23507    
      138800  -4.66482868         1308009.        0.000000       -30499.80     -9.60663177646E+08  5.80102653519E+05 -1.65602272601E+03   4.34915335              438  0.23139    
      138900  -4.66574646         1308016.        0.000000       -30480.88     -9.60780084723E+08  5.80173246345E+05 -1.65602273248E+03   4.35017668              438  0.23648    
      139000  -4.66590624         1307839.        0.000000       -30467.61     -9.60911331856E+08  5.80252504280E+05 -1.65602272247E+03   4.35018271              439  0.23298    
      139100  -4.66601742         1308143.        0.000000       -30482.86     -9.60877440331E+08  5.80232037957E+05 -1.65602272448E+03   4.35028483              437  0.23610    
      139200  -4.66537557         1307745.        0.000000       -30523.95     -9.60674970857E+08  5.80109772446E+05 -1.65602273309E+03   4.35055673              439  0.23143    
      139300  -4.66464896         1307516.        0.000000       -30463.71     -9.60534053737E+08  5.80024677779E+05 -1.65602273582E+03   4.35060203              436  0.23313    
      139400  -4.66417899         1307392.        0.000000       -30472.61     -9.60472683054E+08  5.79987620487E+05 -1.65602273070E+03   4.35070303              439  0.23478    
      139500  -4.66428595         1307596.        0.000000       -30447.81     -9.60303721760E+08  5.79885589899E+05 -1.65602273705E+03   4.35046852              438  0.23667    
      139600  -4.66547268         1308142.        0.000000       -30454.18     -9.60474422256E+08  5.79988669113E+05 -1.65602273528E+03   4.34933123              438  0.23325    
      139700  -4.66664986         1308236.        0.000000       -30480.03     -9.60790891926E+08  5.80179771942E+05 -1.65602273363E+03   4.34938184              438  0.23128    
      139800  -4.66665751         1308093.        0.000000       -30496.24     -9.60930973795E+08  5.80264361725E+05 -1.65602273236E+03   4.35051893              439  0.23608    
      139900  -4.66659429         1308152.        0.000000       -30473.08     -9.60938136404E+08  5.80268685931E+05 -1.65602273516E+03   4.34993302              439  0.23646    
      140000  -4.66621266         1307999.        0.000000       -30462.47     -9.60934730346E+08  5.80266631158E+05 -1.65602272946E+03   4.35060226              438  0.23642    
      140100  -4.66622683         1308054.        0.000000       -30437.81     -9.60863037667E+08  5.80223337314E+05 -1.65602273448E+03   4.35034396              439  0.23284    
      140200  -4.66677906         1308140.        0.000000       -30462.95     -9.60908302165E+08  5.80250672024E+05 -1.65602273034E+03   4.35061798              438  0.23330    
      140300  -4.66530659         1307754.        0.000000       -30457.87     -9.60611667896E+08  5.80071545997E+05 -1.65602273465E+03   4.35050595              439  0.23511    
      140400  -4.66616359         1308359.        0.000000       -30472.94     -9.60865564673E+08  5.80224862284E+05 -1.65602273727E+03   4.34966264              440  0.23309    
      140500  -4.66687171         1308391.        0.000000       -30468.17     -9.60948943528E+08  5.80275214558E+05 -1.65602272753E+03   4.34961039              438  0.23319    
      140600  -4.66754966         1308454.        0.000000       -30408.70     -9.61111434776E+08  5.80373335580E+05 -1.65602272857E+03   4.34986809              440  0.23489    
      140700  -4.66765797         1308566.        0.000000       -30426.87     -9.61160672114E+08  5.80403068118E+05 -1.65602272784E+03   4.35035418              437  0.24356    
      140800  -4.66728261         1308369.        0.000000       -30486.14     -9.61064804984E+08  5.80345177817E+05 -1.65602272875E+03   4.34986967              439  0.23410    
      140900  -4.66598628         1308006.        0.000000       -30472.55     -9.60861978771E+08  5.80222699602E+05 -1.65602272960E+03   4.35058367              439  0.23226    
      141000  -4.66534889         1307725.        0.000000       -30508.66     -9.60736930959E+08  5.80147190016E+05 -1.65602272577E+03   4.35062809              438  0.23472    
      141100  -4.66453515         1307478.        0.000000       -30462.51     -9.60530963852E+08  5.80022813499E+05 -1.65602273134E+03   4.35050683              440  0.23149    
      141200  -4.66449944         1307639.        0.000000       -30493.52     -9.60531006883E+08  5.80022840204E+05 -1.65602272928E+03   4.35028524              437  0.23212    
      141300  -4.66398623         1307297.        0.000000       -30471.40     -9.60418598036E+08  5.79954962103E+05 -1.65602272727E+03   4.35046934              440  0.23526    
      141400  -4.66376248         1307330.        0.000000       -30448.53     -9.60474569793E+08  5.79988761192E+05 -1.65602272675E+03   4.35047492              438  0.23367    
      141500  -4.66425155         1307938.        0.000000       -30483.31     -9.60540068948E+08  5.80028310736E+05 -1.65602273401E+03   4.34922657              440  0.23119    
      141600  -4.66508112         1307715.        0.000000       -30478.81     -9.60721260471E+08  5.80137722535E+05 -1.65602273935E+03   4.35024848              438  0.23471    
      141700  -4.66620865         1308283.        0.000000       -30519.89     -9.61045403726E+08  5.80333460783E+05 -1.65602273291E+03   4.34944879              438  0.23539    
      141800  -4.66608799         1308022.        0.000000       -30476.26     -9.61087862801E+08  5.80359100935E+05 -1.65602273015E+03   4.35075417              437  0.23357    
      141900  -4.66649803         1308166.        0.000000       -30478.61     -9.61024896581E+08  5.80321079449E+05 -1.65602272710E+03   4.35058293              436  0.23227    
      142000  -4.66538084         1307759.        0.000000       -30465.55     -9.60833696278E+08  5.80205624295E+05 -1.65602272030E+03   4.35073177              439  0.23158    
      142100  -4.66519007         1307748.        0.000000       -30450.99     -9.60739136417E+08  5.80148522037E+05 -1.65602272508E+03   4.35069849              440  0.23450    
      142200  -4.66450070         1307654.        0.000000       -30461.63     -9.60598121187E+08  5.80063368987E+05 -1.65602272535E+03   4.34979965              436  0.23715    
      142300  -4.66526149         1307963.        0.000000       -30463.58     -9.60691812609E+08  5.80119945828E+05 -1.65602272343E+03   4.34986042              439  0.23245    
      142400  -4.66606280         1308216.        0.000000       -30468.30     -9.60823314115E+08  5.80199353631E+05 -1.65602272409E+03   4.34963268              439  0.23136    
      142500  -4.66580806         1308057.        0.000000       -30474.87     -9.60856744901E+08  5.80219539741E+05 -1.65602272776E+03   4.35022770              440  0.23251    
      142600  -4.66568005         1307895.        0.000000       -30489.59     -9.60836934644E+08  5.80207575929E+05 -1.65602273136E+03   4.34994593              438  0.23549    
      142700  -4.66592991         1308177.        0.000000       -30462.49     -9.60896518125E+08  5.80243555618E+05 -1.65602273187E+03   4.35032931              439  0.23381    
      142800  -4.66654088         1308414.        0.000000       -30479.48     -9.60882328973E+08  5.80234988650E+05 -1.65602272833E+03   4.34949605              440  0.23196    
      142900  -4.66757460         1308259.        0.000000       -30435.87     -9.60994880130E+08  5.80302954851E+05 -1.65602272416E+03   4.35078774              440  0.23111    
      143000  -4.66623619         1307928.        0.000000       -30442.58     -9.60721844663E+08  5.80138078838E+05 -1.65602272926E+03   4.35067207              440  0.23329    
      143100  -4.66458951         1307651.        0.000000       -30428.41     -9.60494388758E+08  5.80000729894E+05 -1.65602272420E+03   4.35066175              438  0.23429    
      143200  -4.66443670         1307694.        0.000000       -30421.76     -9.60461597810E+08  5.79980928406E+05 -1.65602272552E+03   4.34984638              439  0.23320    
      143300  -4.66478086         1307741.        0.000000       -30401.01     -9.60554596381E+08  5.80037086246E+05 -1.65602272537E+03   4.34981405              440  0.23665    
      143400  -4.66518906         1307874.        0.000000       -30431.52     -9.60616475659E+08  5.80074451413E+05 -1.65602272832E+03   4.35025464              440  0.24086    
      143500  -4.66533612         1307876.        0.000000       -30428.71     -9.60548536038E+08  5.80033425176E+05 -1.65602272963E+03   4.35041168              438  0.23501    
      143600  -4.66515345         1307874.        0.000000       -30404.72     -9.60424331807E+08  5.79958418828E+05 -1.65602274340E+03   4.34993595              439  0.23760    
      143700  -4.66535630         1307909.        0.000000       -30443.20     -9.60519201538E+08  5.80015704907E+05 -1.65602274803E+03   4.34988807              439  0.24786    
      143800  -4.66475254         1307873.        0.000000       -30462.15     -9.60492765427E+08  5.79999743470E+05 -1.65602274180E+03   4.34959493              437  0.23320    
      143900  -4.66583224         1307997.        0.000000       -30454.99     -9.60754511861E+08  5.80157804575E+05 -1.65602273086E+03   4.34979670              440  0.23326    
      144000  -4.66522288         1307823.        0.000000       -30434.27     -9.60703556733E+08  5.80127035061E+05 -1.65602273066E+03   4.35010900              440  0.23688    
      144100  -4.66541548         1307856.        0.000000       -30465.15     -9.60692295473E+08  5.80120235511E+05 -1.65602272885E+03   4.34978971              438  0.23457    
      144200  -4.66464896         1308000.        0.000000       -30445.98     -9.60754757357E+08  5.80157955157E+05 -1.65602272418E+03   4.34927164              439  0.23413    
      144300  -4.66577720         1307844.        0.000000       -30427.60     -9.60946828248E+08  5.80273939653E+05 -1.65602272062E+03   4.35029361              437  0.23161    
      144400  -4.66594259         1307890.        0.000000       -30416.50     -9.60868230735E+08  5.80226477825E+05 -1.65602272123E+03   4.35066211              439  0.23290    
      144500  -4.66636285         1308175.        0.000000       -30392.34     -9.60961202644E+08  5.80282617030E+05 -1.65602272831E+03   4.34996292              439  0.24178    
      144600  -4.66608710         1307722.        0.000000       -30434.05     -9.60845018044E+08  5.80212458344E+05 -1.65602272793E+03   4.35061568              440  0.23507    
      144700  -4.66542224         1307941.        0.000000       -30447.10     -9.60795605243E+08  5.80182623217E+05 -1.65602271905E+03   4.35002231              439  0.23405    
      144800  -4.66502904         1307806.        0.000000       -30454.45     -9.60688812418E+08  5.80118136698E+05 -1.65602271614E+03   4.34975047              439  0.23194    
      144900  -4.66545520         1308067.        0.000000       -30463.26     -9.60915386741E+08  5.80254955893E+05 -1.65602271378E+03   4.34956797              439  0.23854    
      145000  -4.66657034         1308362.        0.000000       -30487.68     -9.61096431262E+08  5.80364278205E+05 -1.65602272117E+03   4.34992191              437  0.23469    
      145100  -4.66714943         1308435.        0.000000       -30463.85     -9.61024307383E+08  5.80320725980E+05 -1.65602272047E+03   4.35013379              439  0.23525    
      145200  -4.66637863         1308136.        0.000000       -30474.21     -9.60891098912E+08  5.80240286398E+05 -1.65602272272E+03   4.34995316              437  0.23179    
      145300  -4.66677752         1308277.        0.000000       -30496.52     -9.61029829024E+08  5.80324057298E+05 -1.65602272892E+03   4.35015702              440  0.23417    
      145400  -4.66639660         1307925.        0.000000       -30473.10     -9.60941376112E+08  5.80270645734E+05 -1.65602272522E+03   4.35093505              438  0.23572    
      145500  -4.66649177         1308065.        0.000000       -30453.15     -9.60975322809E+08  5.80291143310E+05 -1.65602272909E+03   4.35043362              438  0.23211    
      145600  -4.66632455         1308383.        0.000000       -30432.75     -9.60921418682E+08  5.80258592111E+05 -1.65602273150E+03   4.35004687              439  0.23382    
      145700  -4.66709384         1308498.        0.000000       -30420.73     -9.60992377345E+08  5.80301439815E+05 -1.65602273476E+03   4.34960032              438  0.23319    
      145800  -4.66753711         1308285.        0.000000       -30469.55     -9.61042260737E+08  5.80331561563E+05 -1.65602273664E+03   4.35065625              438  0.23267    
      145900  -4.66695939         1308072.        0.000000       -30435.98     -9.60835460817E+08  5.80206685407E+05 -1.65602273290E+03   4.35103164              438  0.23656    
      146000  -4.66570711         1308053.        0.000000       -30451.18     -9.60615656443E+08  5.80073954647E+05 -1.65602273425E+03   4.34952900              440  0.23153    
      146100  -4.66531588         1307801.        0.000000       -30459.35     -9.60586482548E+08  5.80056338083E+05 -1.65602273345E+03   4.35075770              440  0.23158    
      146200  -4.66583176         1308169.        0.000000       -30468.73     -9.60570340131E+08  5.80046591560E+05 -1.65602273008E+03   4.34981907              439  0.23343    
      146300  -4.66660166         1308326.        0.000000       -30459.83     -9.60659491385E+08  5.80100425385E+05 -1.65602273218E+03   4.34978549              438  0.23330    
      146400  -4.66688413         1308257.        0.000000       -30468.63     -9.60778968731E+08  5.80172570923E+05 -1.65602273683E+03   4.35006796              436  0.23510    
      146500  -4.66635673         1307990.        0.000000       -30461.97     -9.60781793066E+08  5.80174277162E+05 -1.65602273469E+03   4.35094513              440  0.23197    
      146600  -4.66537486         1307902.        0.000000       -30475.75     -9.60627886119E+08  5.80081341522E+05 -1.65602272881E+03   4.35016799              439  0.23084    
      146700  -4.66618941         1308042.        0.000000       -30445.87     -9.60731403926E+08  5.80143850621E+05 -1.65602273108E+03   4.35072508              439  0.23450    
      146800  -4.66635965         1308010.        0.000000       -30473.00     -9.60686548025E+08  5.80116761688E+05 -1.65602273796E+03   4.35023227              438  0.23519    
      146900  -4.66633079         1307928.        0.000000       -30458.47     -9.60737720536E+08  5.80147664138E+05 -1.65602273339E+03   4.35069130              439  0.23403    
      147000  -4.66612261         1308105.        0.000000       -30481.66     -9.60717343639E+08  5.80135359323E+05 -1.65602273366E+03   4.35016001              436  0.23176    
      147100  -4.66668507         1308259.        0.000000       -30501.93     -9.60852900548E+08  5.80217218481E+05 -1.65602272725E+03   4.35016980              440  0.23359    
      147200  -4.66662244         1308135.        0.000000       -30501.81     -9.60772213226E+08  5.80168497746E+05 -1.65602271919E+03   4.35047890              439  0.23540    
      147300  -4.66524172         1307891.        0.000000       -30536.24     -9.60655529387E+08  5.80098035219E+05 -1.65602272558E+03   4.35049617              437  0.23393    
      147400  -4.66580953         1308040.        0.000000       -30516.44     -9.60681568855E+08  5.80113757998E+05 -1.65602272935E+03   4.35014557              440  0.23381    
      147500  -4.66544805         1307801.        0.000000       -30504.40     -9.60736080273E+08  5.80146676301E+05 -1.65602272584E+03   4.35053076              438  0.23107    
      147600  -4.66447052         1307429.        0.000000       -30481.98     -9.60620289467E+08  5.80076754452E+05 -1.65602272819E+03   4.35064088              436  0.23629    
      147700  -4.66464686         1307819.        0.000000       -30439.95     -9.60602885621E+08  5.80066244946E+05 -1.65602272842E+03   4.34988190              437  0.23542    
      147800  -4.66543052         1307851.        0.000000       -30480.27     -9.60646801661E+08  5.80092762738E+05 -1.65602273182E+03   4.35034338              440  0.23183    
      147900  -4.66536667         1308163.        0.000000       -30453.69     -9.60746407443E+08  5.80152912132E+05 -1.65602272669E+03   4.34958207              439  0.23160    
      148000  -4.66627103         1308125.        0.000000       -30460.77     -9.60923654473E+08  5.80259944537E+05 -1.65602272485E+03   4.34968740              437  0.23853    
      148100  -4.66645720         1308252.        0.000000       -30463.08     -9.60948940813E+08  5.80275211974E+05 -1.65602273022E+03   4.34992474              439  0.23918    
      148200  -4.66713804         1308305.        0.000000       -30474.99     -9.61027909307E+08  5.80322898706E+05 -1.65602272709E+03   4.35020785              439  0.24703    
      148300  -4.66678343         1308172.        0.000000       -30439.16     -9.60900158456E+08  5.80245752931E+05 -1.65602273451E+03   4.35043053              438  0.24607    
      148400  -4.66601699         1307940.        0.000000       -30460.26     -9.60774334400E+08  5.80169772207E+05 -1.65602273752E+03   4.35059902              440  0.23927    
      148500  -4.66514485         1307799.        0.000000       -30446.32     -9.60528410727E+08  5.80021268486E+05 -1.65602274074E+03   4.35025247              439  0.23789    
      148600  -4.66506624         1307943.        0.000000       -30430.68     -9.60500866437E+08  5.80004637572E+05 -1.65602273536E+03   4.34978904              439  0.23853    
      148700  -4.66638535         1308314.        0.000000       -30425.29     -9.60765177106E+08  5.80164244197E+05 -1.65602273273E+03   4.34975639              439  0.23437    
      148800  -4.66632649         1308148.        0.000000       -30429.84     -9.60761175113E+08  5.80161826789E+05 -1.65602273495E+03   4.35013833              440  0.23358    
      148900  -4.66683297         1308258.        0.000000       -30424.14     -9.60843844562E+08  5.80211745353E+05 -1.65602274042E+03   4.35013447              439  0.23174    
      149000  -4.66686426         1308056.        0.000000       -30459.29     -9.60807945556E+08  5.80190068619E+05 -1.65602273724E+03   4.35058013              440  0.23240    
      149100  -4.66574048         1308109.        0.000000       -30426.09     -9.60560109722E+08  5.80040412555E+05 -1.65602273381E+03   4.35059345              439  0.23422    
      149200  -4.66609509         1308308.        0.000000       -30446.22     -9.60563991998E+08  5.80042756292E+05 -1.65602273553E+03   4.34962283              439  0.23376    
      149300  -4.66572942         1307814.        0.000000       -30441.05     -9.60558008275E+08  5.80039143647E+05 -1.65602273363E+03   4.35054414              438  0.23202    
      149400  -4.66572077         1308088.        0.000000       -30439.27     -9.60542232577E+08  5.80029615913E+05 -1.65602273785E+03   4.34948904              439  0.24026    
      149500  -4.66639518         1308023.        0.000000       -30477.48     -9.60700816321E+08  5.80125378744E+05 -1.65602273495E+03   4.35016188              440  0.24442    
      149600  -4.66565925         1307849.        0.000000       -30478.23     -9.60534888620E+08  5.80025184455E+05 -1.65602272861E+03   4.35035764              439  0.24029    
      149700  -4.66511055         1307785.        0.000000       -30458.61     -9.60429085113E+08  5.79961294870E+05 -1.65602272705E+03   4.34985482              439  0.24642    
      149800  -4.66624069         1308147.        0.000000       -30457.61     -9.60677075046E+08  5.80111042728E+05 -1.65602273408E+03   4.34952054              437  0.24048    
      149900  -4.66655806         1308072.        0.000000       -30453.29     -9.60814818817E+08  5.80194221129E+05 -1.65602273140E+03   4.35047401              439  0.23128    
      150000  -4.66568464         1307794.        0.000000       -30457.41     -9.60730321343E+08  5.80143195843E+05 -1.65602273409E+03   4.35059715              439  0.23181    
      150100  -4.66519752         1307969.        0.000000       -30458.81     -9.60594324235E+08  5.80061072791E+05 -1.65602273501E+03   4.35006298              436  0.23442    
      150200  -4.66470849         1307387.        0.000000       -30477.61     -9.60360377720E+08  5.79919799994E+05 -1.65602274268E+03   4.35095053              439  0.23578    
      150300  -4.66395625         1307826.        0.000000       -30513.10     -9.60344848451E+08  5.79910425254E+05 -1.65602273494E+03   4.34899784              438  0.23288    
      150400  -4.66566897         1307952.        0.000000       -30468.35     -9.60680313195E+08  5.80112998792E+05 -1.65602273212E+03   4.34989238              438  0.23540    
      150500  -4.66580870         1308094.        0.000000       -30491.63     -9.60711100379E+08  5.80131589964E+05 -1.65602273174E+03   4.34991230              438  0.23451    
      150600  -4.66656036         1308269.        0.000000       -30517.95     -9.60785702172E+08  5.80176638857E+05 -1.65602273140E+03   4.35006796              439  0.23661    
      150700  -4.66597933         1308080.        0.000000       -30490.24     -9.60827856078E+08  5.80202096612E+05 -1.65602272327E+03   4.35009517              439  0.23518    
      150800  -4.66620904         1308202.        0.000000       -30487.16     -9.60871664557E+08  5.80228550471E+05 -1.65602272376E+03   4.35073269              436  0.23103    
      150900  -4.66567051         1307719.        0.000000       -30457.32     -9.60802259798E+08  5.80186638007E+05 -1.65602272934E+03   4.35005310              439  0.23581    
      151000  -4.66473021         1307783.        0.000000       -30442.76     -9.60680908633E+08  5.80113361221E+05 -1.65602272392E+03   4.35004398              440  0.23664    
      151100  -4.66568603         1307953.        0.000000       -30480.87     -9.60815173625E+08  5.80194436835E+05 -1.65602272725E+03   4.35039960              439  0.23430    
      151200  -4.66561825         1307914.        0.000000       -30473.13     -9.60770331189E+08  5.80167356247E+05 -1.65602273352E+03   4.35042995              439  0.23346    
      151300  -4.66555665         1307812.        0.000000       -30477.78     -9.60728055384E+08  5.80141826910E+05 -1.65602273585E+03   4.35049680              439  0.23204    
      151400  -4.66487967         1307837.        0.000000       -30491.61     -9.60637690453E+08  5.80087261533E+05 -1.65602272995E+03   4.34967880              437  0.23826    
      151500  -4.66449457         1307665.        0.000000       -30471.78     -9.60600297645E+08  5.80064681643E+05 -1.65602272996E+03   4.35033103              439  0.23578    
      151600  -4.66459430         1307721.        0.000000       -30489.07     -9.60679400925E+08  5.80112451169E+05 -1.65602272282E+03   4.34976321              439  0.23692    
      151700  -4.66532897         1307697.        0.000000       -30506.43     -9.60795938011E+08  5.80182825970E+05 -1.65602271388E+03   4.35087482              439  0.23125    
      151800  -4.66548628         1308251.        0.000000       -30493.76     -9.60761073160E+08  5.80161769061E+05 -1.65602272400E+03   4.34930860              438  0.23499    
      151900  -4.66672872         1308204.        0.000000       -30465.81     -9.60904862398E+08  5.80248595246E+05 -1.65602272935E+03   4.35049605              440  0.23703    
      152000  -4.66657699         1308303.        0.000000       -30462.19     -9.60734936487E+08  5.80145983242E+05 -1.65602273262E+03   4.35007910              437  0.24450    
      152100  -4.66615164         1307989.        0.000000       -30505.48     -9.60685705107E+08  5.80116254970E+05 -1.65602273144E+03   4.35050908              439  0.23726    
      152200  -4.66549198         1308034.        0.000000       -30522.08     -9.60574097857E+08  5.80048856494E+05 -1.65602274206E+03   4.34985388              438  0.23752    
      152300  -4.66567344         1307756.        0.000000       -30518.21     -9.60589514770E+08  5.80058167067E+05 -1.65602273928E+03   4.35115588              438  0.24263    
      152400  -4.66445661         1307204.        0.000000       -30461.67     -9.60303342868E+08  5.79885361686E+05 -1.65602273538E+03   4.35096110              438  0.23994    
      152500  -4.66342256         1307150.        0.000000       -30453.31     -9.60215318803E+08  5.79832208604E+05 -1.65602273305E+03   4.35052658              436  0.24685    
      152600  -4.66343211         1307567.        0.000000       -30433.34     -9.60337269115E+08  5.79905850609E+05 -1.65602272870E+03   4.35010783              439  0.24431    
      152700  -4.66509168         1307982.        0.000000       -30449.65     -9.60620453779E+08  5.80076852774E+05 -1.65602273075E+03   4.34940272              438  0.23373    
      152800  -4.66540024         1308094.        0.000000       -30485.83     -9.60770388244E+08  5.80167390571E+05 -1.65602273388E+03   4.34960442              439  0.23306    
      152900  -4.66587592         1308066.        0.000000       -30449.56     -9.60729360688E+08  5.80142613723E+05 -1.65602273986E+03   4.35112167              439  0.23466    
      153000  -4.66500847         1307524.        0.000000       -30443.39     -9.60434461030E+08  5.79964536126E+05 -1.65602274140E+03   4.35093842              437  0.23277    
      153100  -4.66325229         1307155.        0.000000       -30452.65     -9.60095288936E+08  5.79759725095E+05 -1.65602274076E+03   4.35068602              439  0.23224    
      153200  -4.66281563         1307496.        0.000000       -30520.43     -9.60025184399E+08  5.79717392077E+05 -1.65602274060E+03   4.34933671              439  0.23161    
      153300  -4.66351296         1307582.        0.000000       -30503.65     -9.60110599376E+08  5.79768969012E+05 -1.65602274474E+03   4.34920961              438  0.23886    
      153400  -4.66381036         1307380.        0.000000       -30497.68     -9.60179288998E+08  5.79810446979E+05 -1.65602274675E+03   4.34971371              436  0.23452    
      153500  -4.66538861         1308130.        0.000000       -30475.26     -9.60566803397E+08  5.80044453578E+05 -1.65602273666E+03   4.34917324              439  0.24076    
      153600  -4.66652224         1308058.        0.000000       -30481.08     -9.60891906148E+08  5.80240770596E+05 -1.65602273201E+03   4.35027999              439  0.23550    
      153700  -4.66591663         1308013.        0.000000       -30503.85     -9.60763744276E+08  5.80163378863E+05 -1.65602273304E+03   4.35037426              439  0.23651    
      153800  -4.66504467         1307789.        0.000000       -30484.22     -9.60710822527E+08  5.80131420347E+05 -1.65602273697E+03   4.34997079              440  0.23461    
      153900  -4.66551502         1307881.        0.000000       -30476.28     -9.60837312648E+08  5.80207803888E+05 -1.65602273222E+03   4.35052586              439  0.23495    
      154000  -4.66593859         1307929.        0.000000       -30459.67     -9.60814781205E+08  5.80194197523E+05 -1.65602273395E+03   4.35073362              437  0.23466    
      154100  -4.66519063         1307914.        0.000000       -30473.46     -9.60612866164E+08  5.80072269526E+05 -1.65602273480E+03   4.35018863              438  0.23426    
      154200  -4.66505733         1307708.        0.000000       -30430.17     -9.60590945139E+08  5.80059033697E+05 -1.65602273102E+03   4.35048106              437  0.23402    
      154300  -4.66588668         1308262.        0.000000       -30491.33     -9.60760640693E+08  5.80161503825E+05 -1.65602273567E+03   4.34902693              438  0.23360    
      154400  -4.66659372         1307949.        0.000000       -30472.91     -9.60818447941E+08  5.80196409102E+05 -1.65602274138E+03   4.35084139              437  0.23239    
      154500  -4.66561339         1307826.        0.000000       -30441.32     -9.60566770043E+08  5.80044432176E+05 -1.65602274026E+03   4.35055661              437  0.23149    
      154600  -4.66531915         1307807.        0.000000       -30461.40     -9.60618171459E+08  5.80075469627E+05 -1.65602274490E+03   4.34965118              437  0.23172    
      154700  -4.66523188         1307996.        0.000000       -30440.34     -9.60631169538E+08  5.80083320056E+05 -1.65602274074E+03   4.35047643              440  0.23673    
      154800  -4.66564091         1307976.        0.000000       -30403.07     -9.60594782506E+08  5.80061347036E+05 -1.65602274210E+03   4.35047332              440  0.23693    
      154900  -4.66618702         1308098.        0.000000       -30497.51     -9.60718350168E+08  5.80135967961E+05 -1.65602273127E+03   4.34920346              439  0.23388    
      155000  -4.66609485         1307829.        0.000000       -30515.74     -9.60869922289E+08  5.80227495222E+05 -1.65602273281E+03   4.35088145              439  0.23245    
      155100  -4.66549945         1307779.        0.000000       -30495.86     -9.60697779579E+08  5.80123544886E+05 -1.65602273524E+03   4.35067548              438  0.23551    
      155200  -4.66455101         1307824.        0.000000       -30542.01     -9.60650995132E+08  5.80095293312E+05 -1.65602273662E+03   4.34980033              439  0.23814    
      155300  -4.66490611         1307655.        0.000000       -30505.40     -9.60622377791E+08  5.80078012999E+05 -1.65602273533E+03   4.35026008              439  0.23319    
      155400  -4.66490877         1307656.        0.000000       -30506.33     -9.60662667687E+08  5.80102339770E+05 -1.65602274259E+03   4.34973466              435  0.23317    
      155500  -4.66566969         1307947.        0.000000       -30536.18     -9.60846655717E+08  5.80213443149E+05 -1.65602273967E+03   4.35031669              439  0.23267    
      155600  -4.66518150         1308065.        0.000000       -30493.28     -9.60811188496E+08  5.80192026055E+05 -1.65602273963E+03   4.35003310              439  0.23595    
      155700  -4.66607463         1307966.        0.000000       -30530.78     -9.60844869929E+08  5.80212366347E+05 -1.65602273522E+03   4.35049565              438  0.23572    
      155800  -4.66669385         1308252.        0.000000       -30509.44     -9.61007832456E+08  5.80310775530E+05 -1.65602272606E+03   4.34969724              437  0.23610    
      155900  -4.66702813         1308686.        0.000000       -30469.06     -9.61214290033E+08  5.80435450171E+05 -1.65602271493E+03   4.34952991              438  0.23118    
      156000  -4.66781106         1308348.        0.000000       -30479.82     -9.61210405890E+08  5.80433103561E+05 -1.65602271820E+03   4.35101184              439  0.23528    
      156100  -4.66579610         1307885.        0.000000       -30484.92     -9.60836817343E+08  5.80207506784E+05 -1.65602272654E+03   4.35026097              440  0.23575    
      156200  -4.66594995         1307886.        0.000000       -30445.96     -9.60778992905E+08  5.80172591019E+05 -1.65602272113E+03   4.35092044              438  0.24009    
      156300  -4.66542552         1307621.        0.000000       -30402.91     -9.60530153599E+08  5.80022324946E+05 -1.65602272928E+03   4.35136920              440  0.24607    
      156400  -4.66427247         1307768.        0.000000       -30378.27     -9.60267239809E+08  5.79863563166E+05 -1.65602272811E+03   4.34966351              440  0.24297    
      156500  -4.66542035         1308248.        0.000000       -30436.20     -9.60465927269E+08  5.79983540133E+05 -1.65602273308E+03   4.34915902              440  0.23770    
      156600  -4.66703867         1308370.        0.000000       -30475.89     -9.60832935019E+08  5.80205161312E+05 -1.65602272970E+03   4.35007410              440  0.23868    
      156700  -4.66550364         1307437.        0.000000       -30435.72     -9.60640850647E+08  5.80089170101E+05 -1.65602272920E+03   4.35148982              439  0.24625    
      156800  -4.66409723         1307567.        0.000000       -30462.72     -9.60332138207E+08  5.79902752505E+05 -1.65602272805E+03   4.35014842              439  0.24510    
      156900  -4.66468313         1307915.        0.000000       -30453.60     -9.60478130691E+08  5.79990911710E+05 -1.65602272605E+03   4.34959329              440  0.23783    
      157000  -4.66570228         1308203.        0.000000       -30463.30     -9.60668827647E+08  5.80106064654E+05 -1.65602272788E+03   4.34954608              437  0.23293    
      157100  -4.66592080         1307891.        0.000000       -30381.19     -9.60682411183E+08  5.80114264403E+05 -1.65602273575E+03   4.35050585              438  0.23377    
      157200  -4.66554766         1308069.        0.000000       -30410.85     -9.60760169253E+08  5.80161221102E+05 -1.65602273007E+03   4.34985358              438  0.23520    
      157300  -4.66656058         1308094.        0.000000       -30397.42     -9.60897925949E+08  5.80244407022E+05 -1.65602272822E+03   4.35030602              439  0.23178    
      157400  -4.66583621         1307690.        0.000000       -30399.05     -9.60776205345E+08  5.80170904478E+05 -1.65602273042E+03   4.35093327              440  0.23089    
      157500  -4.66519315         1307921.        0.000000       -30411.39     -9.60710951905E+08  5.80131498515E+05 -1.65602273685E+03   4.34976935              440  0.23320    
      157600  -4.66557204         1307819.        0.000000       -30467.79     -9.60918228012E+08  5.80256668178E+05 -1.65602272358E+03   4.35039020              439  0.23385    
      157700  -4.66544012         1307863.        0.000000       -30469.81     -9.60895791082E+08  5.80243119159E+05 -1.65602272453E+03   4.35066976              439  0.23220    
      157800  -4.66539612         1308304.        0.000000       -30487.63     -9.60768495281E+08  5.80166248472E+05 -1.65602273109E+03   4.34965543              437  0.23207    
      157900  -4.66641854         1308061.        0.000000       -30507.40     -9.60931371270E+08  5.80264602630E+05 -1.65602272983E+03   4.34986332              439  0.23392    
      158000  -4.66631746         1308247.        0.000000       -30509.94     -9.61098833411E+08  5.80365729577E+05 -1.65602271883E+03   4.34998126              439  0.23802    
      158100  -4.66681611         1308159.        0.000000       -30466.05     -9.61128418128E+08  5.80383591979E+05 -1.65602272602E+03   4.35031540              438  0.23351    
      158200  -4.66648798         1308050.        0.000000       -30454.21     -9.61000415920E+08  5.80306294788E+05 -1.65602273239E+03   4.35073159              440  0.23288    
      158300  -4.66625328         1308240.        0.000000       -30432.30     -9.60899346647E+08  5.80245259614E+05 -1.65602274336E+03   4.34974001              439  0.23176    
      158400  -4.66617381         1308060.        0.000000       -30443.16     -9.60883818134E+08  5.80235884336E+05 -1.65602273847E+03   4.35048406              436  0.23498    
      158500  -4.66640566         1308057.        0.000000       -30440.73     -9.60895586971E+08  5.80242989898E+05 -1.65602274168E+03   4.35058447              440  0.23558    
      158600  -4.66519492         1307917.        0.000000       -30451.56     -9.60637289737E+08  5.80087014102E+05 -1.65602274553E+03   4.35023251              438  0.23366    
      158700  -4.66554954         1308054.        0.000000       -30438.29     -9.60534299966E+08  5.80024822540E+05 -1.65602274703E+03   4.34986055              439  0.23158    
      158800  -4.66673218         1308285.        0.000000       -30475.37     -9.60774042961E+08  5.80169596763E+05 -1.65602273598E+03   4.34961224              439  0.23308    
      158900  -4.66579276         1307570.        0.000000       -30499.98     -9.60797862688E+08  5.80183980510E+05 -1.65602273583E+03   4.35119113              438  0.23562    
      159000  -4.66568645         1308078.        0.000000       -30475.24     -9.60740333172E+08  5.80149239891E+05 -1.65602273882E+03   4.34997293              439  0.23341    
      159100  -4.66665533         1308359.        0.000000       -30475.92     -9.60893566658E+08  5.80241772305E+05 -1.65602273487E+03   4.35024442              438  0.23440    
      159200  -4.66632222         1308054.        0.000000       -30502.47     -9.60768342075E+08  5.80166153624E+05 -1.65602273775E+03   4.35034149              438  0.23196    
      159300  -4.66607055         1307933.        0.000000       -30499.98     -9.60762536569E+08  5.80162648983E+05 -1.65602273475E+03   4.35075355              439  0.24495    
      159400  -4.66496676         1307708.        0.000000       -30467.24     -9.60581051276E+08  5.80053060503E+05 -1.65602272737E+03   4.34997452              440  0.23598    
      159500  -4.66538201         1307651.        0.000000       -30507.39     -9.60634171056E+08  5.80085138314E+05 -1.65602272426E+03   4.35121854              439  0.23363    
      159600  -4.66435784         1307412.        0.000000       -30525.56     -9.60439073111E+08  5.79967323198E+05 -1.65602273558E+03   4.35037572              437  0.23654    
      159700  -4.66443608         1307768.        0.000000       -30502.09     -9.60497651378E+08  5.80002698154E+05 -1.65602272961E+03   4.34979307              436  0.23132    
      159800  -4.66466350         1307594.        0.000000       -30469.87     -9.60449999680E+08  5.79973920977E+05 -1.65602273644E+03   4.35069951              440  0.23648    
      159900  -4.66367586         1307349.        0.000000       -30457.54     -9.60156342408E+08  5.79796590419E+05 -1.65602274707E+03   4.35102355              439  0.23385    
      160000  -4.66422237         1307758.        0.000000       -30480.32     -9.60231862399E+08  5.79842195522E+05 -1.65602274173E+03   4.34945524              436  0.23636    
      160100  -4.66482716         1307788.        0.000000       -30501.38     -9.60444614852E+08  5.79970670229E+05 -1.65602273382E+03   4.35017060              439  0.23466    
      160200  -4.66575890         1308108.        0.000000       -30511.65     -9.60540165696E+08  5.80028370128E+05 -1.65602273124E+03   4.34963582              439  0.23678    
      160300  -4.66530713         1307704.        0.000000       -30513.15     -9.60429814001E+08  5.79961734949E+05 -1.65602272723E+03   4.35051113              439  0.23616    
      160400  -4.66519678         1307854.        0.000000       -30461.59     -9.60396226366E+08  5.79941452656E+05 -1.65602272776E+03   4.34996367              440  0.23131    
      160500  -4.66549814         1308312.        0.000000       -30473.31     -9.60491324658E+08  5.79998877304E+05 -1.65602273081E+03   4.34960901              438  0.23577    
      160600  -4.66697229         1308273.        0.000000       -30480.60     -9.60684374133E+08  5.80115449436E+05 -1.65602273663E+03   4.35018488              439  0.23241    
      160700  -4.66525372         1307327.        0.000000       -30457.42     -9.60319656401E+08  5.79895209829E+05 -1.65602274364E+03   4.35200312              439  0.23253    
      160800  -4.66425018         1307553.        0.000000       -30495.43     -9.60278991702E+08  5.79870656309E+05 -1.65602273758E+03   4.35022914              439  0.23217    
      160900  -4.66453085         1307696.        0.000000       -30418.29     -9.60302428253E+08  5.79884809490E+05 -1.65602273510E+03   4.35022594              438  0.23258    
      161000  -4.66474487         1307623.        0.000000       -30441.81     -9.60385031993E+08  5.79934691026E+05 -1.65602273300E+03   4.34954210              439  0.23447    
      161100  -4.66589569         1308229.        0.000000       -30477.97     -9.60715785259E+08  5.80134417562E+05 -1.65602273572E+03   4.34930752              437  0.24348    
      161200  -4.66643945         1308062.        0.000000       -30459.56     -9.60808061894E+08  5.80190139980E+05 -1.65602273408E+03   4.35074985              439  0.24491    
      161300  -4.66670980         1308212.        0.000000       -30447.67     -9.60733439385E+08  5.80145079435E+05 -1.65602273197E+03   4.34993655              438  0.23341    
      161400  -4.66663800         1307976.        0.000000       -30456.24     -9.60918240517E+08  5.80256671093E+05 -1.65602273681E+03   4.35079721              440  0.23263    
      161500  -4.66577831         1307809.        0.000000       -30457.82     -9.60701183664E+08  5.80125598541E+05 -1.65602274073E+03   4.35073009              439  0.23233    
      161600  -4.66542936         1307657.        0.000000       -30472.84     -9.60534590638E+08  5.80025001264E+05 -1.65602273789E+03   4.35079334              437  0.23508    
      161700  -4.66549769         1307907.        0.000000       -30434.88     -9.60503974874E+08  5.80006514429E+05 -1.65602273592E+03   4.35049040              439  0.23232    
      161800  -4.66461662         1307432.        0.000000       -30424.08     -9.60224781393E+08  5.79837918971E+05 -1.65602274356E+03   4.35089248              438  0.23124    
      161900  -4.66397779         1307507.        0.000000       -30439.47     -9.60103462400E+08  5.79764660938E+05 -1.65602274007E+03   4.34962655              439  0.23487    
      162000  -4.66380541         1307257.        0.000000       -30420.27     -9.60107076661E+08  5.79766843085E+05 -1.65602274106E+03   4.35078973              440  0.23151    
      162100  -4.66332971         1307326.        0.000000       -30418.41     -9.60040149848E+08  5.79726428496E+05 -1.65602274221E+03   4.35042317              440  0.23364    
      162200  -4.66235197         1307121.        0.000000       -30400.25     -9.59806035519E+08  5.79585057832E+05 -1.65602273997E+03   4.35041970              438  0.23164    
      162300  -4.66212109         1307038.        0.000000       -30373.60     -9.59721398897E+08  5.79533950596E+05 -1.65602273673E+03   4.35010268              440  0.23395    
      162400  -4.66266589         1307186.        0.000000       -30410.05     -9.59869316960E+08  5.79623272330E+05 -1.65602273543E+03   4.34932360              440  0.23108    
      162500  -4.66300884         1307288.        0.000000       -30380.75     -9.60030611441E+08  5.79720670098E+05 -1.65602273812E+03   4.35043892              439  0.23827    
      162600  -4.66326990         1307500.        0.000000       -30412.73     -9.59921336445E+08  5.79654682463E+05 -1.65602274162E+03   4.35013806              439  0.23327    
      162700  -4.66488389         1307977.        0.000000       -30402.36     -9.60115084391E+08  5.79771677465E+05 -1.65602274431E+03   4.34915024              439  0.23375    
      162800  -4.66513278         1307805.        0.000000       -30426.75     -9.60244606976E+08  5.79849892351E+05 -1.65602273906E+03   4.35016414              438  0.23628    
      162900  -4.66479457         1307798.        0.000000       -30390.56     -9.60283210020E+08  5.79873204861E+05 -1.65602273388E+03   4.34983673              438  0.23193    
      163000  -4.66560166         1307984.        0.000000       -30454.70     -9.60550198140E+08  5.80034425863E+05 -1.65602273815E+03   4.34938657              440  0.23636    
      163100  -4.66627293         1308362.        0.000000       -30470.15     -9.60749817544E+08  5.80154968185E+05 -1.65602273570E+03   4.34985146              438  0.23553    
      163200  -4.66729554         1308382.        0.000000       -30444.23     -9.60826673818E+08  5.80201378156E+05 -1.65602273623E+03   4.35043168              440  0.23450    
      163300  -4.66703585         1307910.        0.000000       -30412.08     -9.60829512097E+08  5.80203092238E+05 -1.65602273575E+03   4.35078738              440  0.23404    
      163400  -4.66691552         1308386.        0.000000       -30428.82     -9.60996394148E+08  5.80303864216E+05 -1.65602273810E+03   4.34987327              439  0.23215    
      163500  -4.66657886         1308183.        0.000000       -30422.88     -9.61024675314E+08  5.80320941724E+05 -1.65602273883E+03   4.35062393              438  0.23293    
      163600  -4.66646692         1308208.        0.000000       -30475.81     -9.61058047294E+08  5.80341095477E+05 -1.65602273350E+03   4.35020503              438  0.23273    
      163700  -4.66668299         1308160.        0.000000       -30500.82     -9.61032356267E+08  5.80325581835E+05 -1.65602273336E+03   4.35050596              436  0.23544    
      163800  -4.66692603         1308435.        0.000000       -30498.30     -9.61034827764E+08  5.80327072449E+05 -1.65602273854E+03   4.34975795              439  0.23194    
      163900  -4.66734565         1308302.        0.000000       -30491.34     -9.61037383512E+08  5.80328617633E+05 -1.65602273317E+03   4.35037176              438  0.23672    
      164000  -4.66696001         1308085.        0.000000       -30484.48     -9.60908076479E+08  5.80250535417E+05 -1.65602273126E+03   4.35117699              440  0.23433    
      164100  -4.66616011         1307812.        0.000000       -30476.07     -9.60725765331E+08  5.80140443453E+05 -1.65602273755E+03   4.35041023              438  0.23212    
      164200  -4.66486224         1307753.        0.000000       -30499.83     -9.60553971725E+08  5.80036705936E+05 -1.65602273424E+03   4.34986036              438  0.23514    
      164300  -4.66576538         1307968.        0.000000       -30435.96     -9.60761616040E+08  5.80162091890E+05 -1.65602273825E+03   4.35048854              439  0.23426    
      164400  -4.66630777         1308070.        0.000000       -30417.01     -9.60916036847E+08  5.80255339538E+05 -1.65602273925E+03   4.35024880              440  0.23575    
      164500  -4.66611303         1308187.        0.000000       -30455.44     -9.60945373633E+08  5.80273056124E+05 -1.65602273532E+03   4.35032352              439  0.23451    
      164600  -4.66592101         1307913.        0.000000       -30424.06     -9.60802300683E+08  5.80186657892E+05 -1.65602274305E+03   4.35040759              439  0.23405    
      164700  -4.66510154         1307709.        0.000000       -30368.01     -9.60626601216E+08  5.80080564178E+05 -1.65602273294E+03   4.35094953              439  0.23147    
      164800  -4.66317830         1307165.        0.000000       -30407.33     -9.60188104610E+08  5.79815773950E+05 -1.65602273644E+03   4.35074457              437  0.23689    
      164900  -4.66328350         1307278.        0.000000       -30405.44     -9.60172958614E+08  5.79806627134E+05 -1.65602273875E+03   4.35019402              439  0.23235    
      165000  -4.66364580         1307545.        0.000000       -30411.88     -9.60275001628E+08  5.79868246713E+05 -1.65602273805E+03   4.35032442              440  0.23224    
      165100  -4.66387708         1307333.        0.000000       -30430.45     -9.60248353119E+08  5.79852152748E+05 -1.65602274402E+03   4.35046566              437  0.23315    
      165200  -4.66311549         1307408.        0.000000       -30423.03     -9.60218755851E+08  5.79834281688E+05 -1.65602273991E+03   4.34968150              438  0.23318    
      165300  -4.66484231         1307883.        0.000000       -30462.44     -9.60558270998E+08  5.80039301719E+05 -1.65602273527E+03   4.34979856              439  0.23302    
      165400  -4.66529049         1307718.        0.000000       -30439.10     -9.60578950267E+08  5.80051789111E+05 -1.65602273504E+03   4.35093386              438  0.23560    
      165500  -4.66471528         1307657.        0.000000       -30443.88     -9.60436022151E+08  5.79965480731E+05 -1.65602273594E+03   4.35051846              439  0.23220    
      165600  -4.66426606         1307289.        0.000000       -30453.48     -9.60296191157E+08  5.79881042939E+05 -1.65602273578E+03   4.35112857              439  0.23234    
      165700  -4.66390994         1307541.        0.000000       -30477.80     -9.60260773255E+08  5.79859656989E+05 -1.65602273185E+03   4.34983796              439  0.23403    
      165800  -4.66374326         1307209.        0.000000       -30438.93     -9.60195318219E+08  5.79820131731E+05 -1.65602273131E+03   4.35105623              439  0.23359    
      165900  -4.66274355         1307228.        0.000000       -30453.62     -9.59960935446E+08  5.79678597434E+05 -1.65602273345E+03   4.34987791              440  0.23658    
      166000  -4.66349348         1307442.        0.000000       -30451.00     -9.60138812042E+08  5.79786012126E+05 -1.65602272556E+03   4.34984722              438  0.23641    
      166100  -4.66456407         1307518.        0.000000       -30424.14     -9.60283620048E+08  5.79873454070E+05 -1.65602272928E+03   4.35033776              439  0.23218    
      166200  -4.66426694         1307652.        0.000000       -30433.35     -9.60344468990E+08  5.79910197982E+05 -1.65602272961E+03   4.34961392              439  0.23477    
      166300  -4.66541983         1308331.        0.000000       -30433.84     -9.60693058724E+08  5.80120695894E+05 -1.65602273031E+03   4.34928506              438  0.23637    
      166400  -4.66671329         1308139.        0.000000       -30443.94     -9.60854996228E+08  5.80218482027E+05 -1.65602273280E+03   4.35050978              438  0.23243    
      166500  -4.66682022         1308294.        0.000000       -30425.40     -9.60729894515E+08  5.80142937108E+05 -1.65602273692E+03   4.34999499              439  0.23183    
      166600  -4.66745714         1308485.        0.000000       -30453.83     -9.60850950213E+08  5.80216038284E+05 -1.65602273431E+03   4.35003653              438  0.23388    
      166700  -4.66684721         1307968.        0.000000       -30481.20     -9.60806469948E+08  5.80189179694E+05 -1.65602273116E+03   4.35108947              438  0.23359    
      166800  -4.66616256         1308090.        0.000000       -30498.67     -9.60726323691E+08  5.80140783931E+05 -1.65602272810E+03   4.34980765              439  0.23219    
      166900  -4.66673912         1308317.        0.000000       -30495.83     -9.60938544106E+08  5.80268935778E+05 -1.65602272473E+03   4.35037721              438  0.23276    
      167000  -4.66705414         1308174.        0.000000       -30506.94     -9.60857327853E+08  5.80219889611E+05 -1.65602273389E+03   4.35084944              438  0.23124    
      167100  -4.66640161         1308082.        0.000000       -30473.12     -9.60630468115E+08  5.80082896935E+05 -1.65602273949E+03   4.35049233              439  0.23985    
      167200  -4.66442001         1307473.        0.000000       -30480.82     -9.60303897917E+08  5.79885696340E+05 -1.65602273686E+03   4.35048534              438  0.23240    
      167300  -4.66398001         1307380.        0.000000       -30511.45     -9.60308911939E+08  5.79888724552E+05 -1.65602273554E+03   4.35048157              436  0.23482    
      167400  -4.66386095         1307558.        0.000000       -30477.75     -9.60210024743E+08  5.79829012006E+05 -1.65602273232E+03   4.35010128              439  0.23214    
      167500  -4.66446086         1307659.        0.000000       -30485.58     -9.60264557433E+08  5.79861940006E+05 -1.65602273780E+03   4.34989020              436  0.23530    
      167600  -4.66454182         1307364.        0.000000       -30454.33     -9.60398693991E+08  5.79942942015E+05 -1.65602272985E+03   4.35087000              439  0.23360    
      167700  -4.66429014         1307669.        0.000000       -30481.51     -9.60437990318E+08  5.79966671419E+05 -1.65602272966E+03   4.35025739              439  0.23326    
      167800  -4.66499667         1307753.        0.000000       -30490.11     -9.60631630043E+08  5.80083602634E+05 -1.65602272790E+03   4.34960941              438  0.23287    
      167900  -4.66584342         1307919.        0.000000       -30503.59     -9.60887837351E+08  5.80238316097E+05 -1.65602272496E+03   4.35034358              436  0.23120    
      168000  -4.66598880         1308332.        0.000000       -30447.46     -9.60969708276E+08  5.80287753936E+05 -1.65602272624E+03   4.34922073              437  0.23352    
      168100  -4.66638197         1307991.        0.000000       -30422.20     -9.61012351436E+08  5.80313502208E+05 -1.65602273216E+03   4.35154685              440  0.23515    
      168200  -4.66562395         1307809.        0.000000       -30437.69     -9.60549955535E+08  5.80034281324E+05 -1.65602273256E+03   4.35100083              440  0.23508    
      168300  -4.66443030         1307453.        0.000000       -30443.01     -9.60284207250E+08  5.79873806058E+05 -1.65602273670E+03   4.35048412              438  0.23368    
      168400  -4.66404388         1307682.        0.000000       -30456.24     -9.60376582274E+08  5.79929588446E+05 -1.65602273346E+03   4.34989739              439  0.23258    
      168500  -4.66515301         1308038.        0.000000       -30471.22     -9.60553621684E+08  5.80036494740E+05 -1.65602273373E+03   4.34896662              439  0.23371    
      168600  -4.66602324         1308092.        0.000000       -30456.73     -9.60895891384E+08  5.80243179643E+05 -1.65602272477E+03   4.35026086              438  0.23414    
      168700  -4.66579467         1307916.        0.000000       -30428.23     -9.60811225052E+08  5.80192052126E+05 -1.65602272822E+03   4.35046710              436  0.24356    
      168800  -4.66513538         1307789.        0.000000       -30464.58     -9.60753368609E+08  5.80157114754E+05 -1.65602272932E+03   4.34978441              438  0.23432    
      168900  -4.66686036         1308451.        0.000000       -30452.62     -9.61039599135E+08  5.80329955922E+05 -1.65602273212E+03   4.34991378              438  0.23729    
      169000  -4.66870664         1309021.        0.000000       -30509.36     -9.61343449520E+08  5.80513437652E+05 -1.65602273292E+03   4.34943492              439  0.23997    
      169100  -4.66807031         1308211.        0.000000       -30488.65     -9.61249434992E+08  5.80456666754E+05 -1.65602273184E+03   4.35129042              439  0.23765    
      169200  -4.66562889         1307610.        0.000000       -30507.96     -9.60814230676E+08  5.80193864685E+05 -1.65602273509E+03   4.35101668              437  0.23438    
      169300  -4.66412292         1307229.        0.000000       -30485.48     -9.60487165813E+08  5.79996364098E+05 -1.65602273612E+03   4.35151545              438  0.23228    
      169400  -4.66322403         1307581.        0.000000       -30478.65     -9.60274872544E+08  5.79868170745E+05 -1.65602273239E+03   4.34980619              439  0.23686    
      169500  -4.66442803         1307690.        0.000000       -30457.12     -9.60372658631E+08  5.79927219608E+05 -1.65602273209E+03   4.35071585              438  0.23215    
      169600  -4.66436647         1307639.        0.000000       -30454.77     -9.60191723372E+08  5.79817958773E+05 -1.65602273756E+03   4.35019722              439  0.23362    
      169700  -4.66493529         1307771.        0.000000       -30434.67     -9.60315911091E+08  5.79892950236E+05 -1.65602273782E+03   4.35018972              435  0.23152    
      169800  -4.66435625         1307687.        0.000000       -30421.32     -9.60187939948E+08  5.79815675266E+05 -1.65602273431E+03   4.35069569              439  0.23240    
      169900  -4.66429718         1307359.        0.000000       -30434.27     -9.60036964700E+08  5.79724506239E+05 -1.65602273902E+03   4.35080534              439  0.23314    
      170000  -4.66372203         1307435.        0.000000       -30421.13     -9.59887288255E+08  5.79634122430E+05 -1.65602274109E+03   4.35027048              437  0.23354    
      170100  -4.66395398         1307426.        0.000000       -30385.26     -9.59956289300E+08  5.79675790621E+05 -1.65602273690E+03   4.35056901              437  0.23147    
      170200  -4.66344466         1307389.        0.000000       -30394.64     -9.59899260039E+08  5.79641352235E+05 -1.65602273947E+03   4.35008622              439  0.23142    
      170300  -4.66446824         1307925.        0.000000       -30439.35     -9.60102947379E+08  5.79764350267E+05 -1.65602273913E+03   4.34886553              439  0.23355    
      170400  -4.66629123         1308274.        0.000000       -30444.20     -9.60520636789E+08  5.80016576129E+05 -1.65602273507E+03   4.34963860              439  0.23358    
      170500  -4.66732783         1308264.        0.000000       -30422.37     -9.60693450860E+08  5.80120930175E+05 -1.65602273748E+03   4.35024450              438  0.23260    
      170600  -4.66631602         1308133.        0.000000       -30410.92     -9.60697756277E+08  5.80123532501E+05 -1.65602273043E+03   4.35022248              440  0.23135    
      170700  -4.66621630         1307968.        0.000000       -30416.53     -9.60822846415E+08  5.80199071471E+05 -1.65602272334E+03   4.35030221              437  0.23359    
      170800  -4.66502615         1307449.        0.000000       -30423.56     -9.60620300806E+08  5.80076760661E+05 -1.65602273001E+03   4.35073183              438  0.23459    
      170900  -4.66481755         1308174.        0.000000       -30437.98     -9.60662939779E+08  5.80102507658E+05 -1.65602273236E+03   4.34884352              437  0.23394    
      171000  -4.66550679         1308063.        0.000000       -30470.88     -9.60772664853E+08  5.80168765957E+05 -1.65602273205E+03   4.34991667              437  0.23619    
      171100  -4.66619655         1308198.        0.000000       -30459.29     -9.60843421541E+08  5.80211491769E+05 -1.65602273511E+03   4.35014122              440  0.23095    
      171200  -4.66568461         1307611.        0.000000       -30430.28     -9.60645231514E+08  5.80091812231E+05 -1.65602273857E+03   4.35164745              439  0.23284    
      171300  -4.66462097         1307654.        0.000000       -30432.06     -9.60274387701E+08  5.79867875560E+05 -1.65602273927E+03   4.35018305              438  0.23341    
      171400  -4.66452138         1307631.        0.000000       -30456.40     -9.60250866821E+08  5.79853673094E+05 -1.65602273708E+03   4.35026137              438  0.23691    
      171500  -4.66414768         1307639.        0.000000       -30448.67     -9.60204544860E+08  5.79825701318E+05 -1.65602273696E+03   4.35072589              438  0.24599    
      171600  -4.66400823         1307377.        0.000000       -30425.59     -9.60190244529E+08  5.79817068190E+05 -1.65602273063E+03   4.35020796              440  0.24252    
      171700  -4.66369843         1307938.        0.000000       -30451.64     -9.60272705091E+08  5.79866862002E+05 -1.65602273214E+03   4.34818515              439  0.24770    
      171800  -4.66547698         1307944.        0.000000       -30476.64     -9.60821581201E+08  5.80198308369E+05 -1.65602272075E+03   4.35006377              438  0.24072    
      171900  -4.66601903         1307993.        0.000000       -30458.14     -9.60811615125E+08  5.80192288818E+05 -1.65602272495E+03   4.35047096              439  0.23456    
      172000  -4.66541712         1308115.        0.000000       -30455.44     -9.60635550170E+08  5.80085969654E+05 -1.65602272839E+03   4.34954454              438  0.23457    
      172100  -4.66545204         1307802.        0.000000       -30446.06     -9.60708402999E+08  5.80129960787E+05 -1.65602273273E+03   4.34998935              436  0.23239    
      172200  -4.66554110         1307903.        0.000000       -30423.96     -9.60618340756E+08  5.80075575669E+05 -1.65602273402E+03   4.35076170              439  0.23623    
      172300  -4.66592320         1307796.        0.000000       -30409.53     -9.60578294219E+08  5.80051393361E+05 -1.65602273387E+03   4.35067298              438  0.23435    
      172400  -4.66443815         1307575.        0.000000       -30404.68     -9.60304432321E+08  5.79886021170E+05 -1.65602273078E+03   4.35025382              440  0.23565    
      172500  -4.66408401         1307481.        0.000000       -30390.65     -9.60173212888E+08  5.79806784746E+05 -1.65602272714E+03   4.35082997              440  0.23184    
      172600  -4.66414448         1307496.        0.000000       -30418.79     -9.60125132376E+08  5.79777748385E+05 -1.65602273466E+03   4.34992938              438  0.23399    
      172700  -4.66455034         1307791.        0.000000       -30480.84     -9.60271608083E+08  5.79866198067E+05 -1.65602273642E+03   4.34999966              438  0.23257    
      172800  -4.66607024         1308349.        0.000000       -30421.74     -9.60479854602E+08  5.79991949187E+05 -1.65602273609E+03   4.34937097              439  0.23516    
      172900  -4.66639748         1307809.        0.000000       -30424.09     -9.60514485629E+08  5.80012861234E+05 -1.65602273644E+03   4.35138197              439  0.23312    
      173000  -4.66527162         1307989.        0.000000       -30438.87     -9.60233971182E+08  5.79843468948E+05 -1.65602274166E+03   4.35021857              439  0.23129    
      173100  -4.66586409         1307991.        0.000000       -30432.60     -9.60282891908E+08  5.79873008132E+05 -1.65602274712E+03   4.34990794              438  0.23551    
      173200  -4.66482787         1307388.        0.000000       -30425.90     -9.60193936189E+08  5.79819292719E+05 -1.65602274406E+03   4.35121485              440  0.23430    
      173300  -4.66467664         1307813.        0.000000       -30406.10     -9.60201644705E+08  5.79823948211E+05 -1.65602274219E+03   4.34986570              438  0.23156    
      173400  -4.66604028         1308285.        0.000000       -30455.93     -9.60464998378E+08  5.79982976709E+05 -1.65602274023E+03   4.34964342              439  0.23179    
      173500  -4.66583900         1307642.        0.000000       -30478.28     -9.60567839620E+08  5.80045081415E+05 -1.65602273064E+03   4.35086634              439  0.23480    
      173600  -4.66405178         1307231.        0.000000       -30509.81     -9.60392374370E+08  5.79939127207E+05 -1.65602272603E+03   4.35092083              437  0.23091    
      173700  -4.66243449         1307081.        0.000000       -30490.69     -9.60094810754E+08  5.79759440384E+05 -1.65602272922E+03   4.35031008              439  0.23391    
      173800  -4.66285459         1307315.        0.000000       -30467.45     -9.60092020695E+08  5.79757754485E+05 -1.65602273237E+03   4.35066396              440  0.23192    
      173900  -4.66267329         1307150.        0.000000       -30459.57     -9.59951516236E+08  5.79672910411E+05 -1.65602273109E+03   4.34998180              439  0.23169    
      174000  -4.66302323         1307218.        0.000000       -30457.20     -9.60103676541E+08  5.79764793111E+05 -1.65602273189E+03   4.35017194              439  0.23349    
      174100  -4.66486003         1308053.        0.000000       -30436.46     -9.60495364415E+08  5.80001315378E+05 -1.65602273469E+03   4.34953850              439  0.23456    
      174200  -4.66628718         1308133.        0.000000       -30434.22     -9.60656995977E+08  5.80098919241E+05 -1.65602273011E+03   4.34972993              437  0.23444    
      174300  -4.66619256         1307947.        0.000000       -30427.15     -9.60681715070E+08  5.80113845831E+05 -1.65602273067E+03   4.35085352              438  0.23173    
      174400  -4.66429819         1307397.        0.000000       -30425.92     -9.60374595380E+08  5.79928390165E+05 -1.65602272913E+03   4.35058543              438  0.23404    
      174500  -4.66408056         1307591.        0.000000       -30430.53     -9.60269682125E+08  5.79865037491E+05 -1.65602272950E+03   4.34968828              439  0.23394    
      174600  -4.66514424         1307861.        0.000000       -30440.85     -9.60655961530E+08  5.80098296266E+05 -1.65602272531E+03   4.34925732              439  0.23338    
      174700  -4.66538088         1307971.        0.000000       -30484.70     -9.60962802056E+08  5.80283585218E+05 -1.65602272154E+03   4.34963685              437  0.23376    
      174800  -4.66627829         1308219.        0.000000       -30494.74     -9.61115828228E+08  5.80375990423E+05 -1.65602272335E+03   4.35007529              439  0.23185    
      174900  -4.66614660         1307857.        0.000000       -30521.70     -9.61026056510E+08  5.80321781724E+05 -1.65602272183E+03   4.35064891              439  0.23551    
      175000  -4.66505317         1307388.        0.000000       -30486.42     -9.60786127795E+08  5.80176899482E+05 -1.65602272109E+03   4.35123151              439  0.23601    
      175100  -4.66300684         1307108.        0.000000       -30486.90     -9.60448859983E+08  5.79973237588E+05 -1.65602272266E+03   4.35093491              439  0.23151    
      175200  -4.66379471         1307571.        0.000000       -30515.62     -9.60499728331E+08  5.80003955140E+05 -1.65602272160E+03   4.34974177              440  0.23569    
      175300  -4.66467071         1307609.        0.000000       -30473.82     -9.60714303616E+08  5.80133526969E+05 -1.65602272400E+03   4.34992398              435  0.23451    
      175400  -4.66592011         1308348.        0.000000       -30496.58     -9.61010423100E+08  5.80312341144E+05 -1.65602272253E+03   4.34995006              439  0.23591    
      175500  -4.66828812         1308722.        0.000000       -30523.56     -9.61361692522E+08  5.80524457265E+05 -1.65602272306E+03   4.34940091              438  0.23715    
      175600  -4.66775656         1308321.        0.000000       -30495.19     -9.61366550207E+08  5.80527391291E+05 -1.65602272111E+03   4.35115565              438  0.23337    
      175700  -4.66588196         1307915.        0.000000       -30492.41     -9.61041327539E+08  5.80331004558E+05 -1.65602271805E+03   4.35040346              438  0.23521    
      175800  -4.66579603         1307939.        0.000000       -30470.63     -9.60855801586E+08  5.80218971164E+05 -1.65602272476E+03   4.35098987              440  0.23407    
      175900  -4.66541345         1307631.        0.000000       -30482.29     -9.60691439772E+08  5.80119721241E+05 -1.65602272186E+03   4.35034075              438  0.23630    
      176000  -4.66506664         1307556.        0.000000       -30485.03     -9.60693473906E+08  5.80120951994E+05 -1.65602271493E+03   4.35105890              439  0.23537    
      176100  -4.66390918         1307560.        0.000000       -30468.62     -9.60499832828E+08  5.80004019445E+05 -1.65602271817E+03   4.34995299              437  0.23244    
      176200  -4.66435744         1307799.        0.000000       -30463.94     -9.60655095201E+08  5.80097773348E+05 -1.65602272468E+03   4.34953130              438  0.23269    
      176300  -4.66615409         1308227.        0.000000       -30519.09     -9.60961937692E+08  5.80283061728E+05 -1.65602272593E+03   4.34989198              437  0.23568    
      176400  -4.66668368         1308186.        0.000000       -30454.35     -9.60969150131E+08  5.80287415300E+05 -1.65602273080E+03   4.35065958              438  0.24461    
      176500  -4.66693075         1308170.        0.000000       -30423.76     -9.61027382385E+08  5.80322579089E+05 -1.65602273117E+03   4.35078205              439  0.24849    
      176600  -4.66620371         1308027.        0.000000       -30427.17     -9.60722234661E+08  5.80138313275E+05 -1.65602273230E+03   4.35087853              439  0.24255    
      176700  -4.66461147         1307631.        0.000000       -30425.35     -9.60428594766E+08  5.79960997371E+05 -1.65602273105E+03   4.35017488              437  0.24319    
      176800  -4.66421872         1307523.        0.000000       -30438.62     -9.60455521989E+08  5.79977259098E+05 -1.65602272662E+03   4.35033409              439  0.24548    
      176900  -4.66330635         1307272.        0.000000       -30420.79     -9.60176461554E+08  5.79808746519E+05 -1.65602272701E+03   4.35044265              436  0.24921    
      177000  -4.66341419         1307700.        0.000000       -30471.69     -9.60198195048E+08  5.79821870221E+05 -1.65602272760E+03   4.34939266              439  0.23708    
      177100  -4.66525404         1308041.        0.000000       -30471.43     -9.60513011478E+08  5.80011975125E+05 -1.65602272483E+03   4.34951950              437  0.23480    
      177200  -4.66598046         1308140.        0.000000       -30459.40     -9.60602024499E+08  5.80065726116E+05 -1.65602272510E+03   4.35028346              438  0.23511    
      177300  -4.66603817         1307943.        0.000000       -30439.82     -9.60565365600E+08  5.80043588160E+05 -1.65602272865E+03   4.35024825              440  0.23248    
      177400  -4.66631289         1308270.        0.000000       -30446.00     -9.60732664778E+08  5.80144611997E+05 -1.65602273108E+03   4.35018437              438  0.23776    
      177500  -4.66567200         1307879.        0.000000       -30423.43     -9.60567116359E+08  5.80044644541E+05 -1.65602273101E+03   4.35004703              436  0.23568    
      177600  -4.66485619         1307511.        0.000000       -30416.65     -9.60503741181E+08  5.80006375970E+05 -1.65602272833E+03   4.35115834              439  0.23144    
      177700  -4.66404615         1307692.        0.000000       -30457.79     -9.60418137817E+08  5.79954684230E+05 -1.65602272718E+03   4.34984361              437  0.23413    
      177800  -4.66477441         1308058.        0.000000       -30457.82     -9.60547104115E+08  5.80032562125E+05 -1.65602272499E+03   4.34937961              438  0.24301    
      177900  -4.66559442         1308013.        0.000000       -30442.78     -9.60664840597E+08  5.80103656769E+05 -1.65602272867E+03   4.34967671              438  0.24761    
      178000  -4.66580950         1307897.        0.000000       -30477.69     -9.60854216108E+08  5.80218012420E+05 -1.65602272860E+03   4.35030718              439  0.24547    
      178100  -4.66526755         1307778.        0.000000       -30468.46     -9.60780541473E+08  5.80173522658E+05 -1.65602273105E+03   4.35089791              437  0.24451    
      178200  -4.66365736         1307629.        0.000000       -30453.71     -9.60480640245E+08  5.79992424542E+05 -1.65602273341E+03   4.35006084              438  0.24394    
      178300  -4.66488189         1307957.        0.000000       -30427.91     -9.60670255729E+08  5.80106926882E+05 -1.65602272824E+03   4.34998709              439  0.24446    
      178400  -4.66617183         1307865.        0.000000       -30488.63     -9.60799369287E+08  5.80184891449E+05 -1.65602273249E+03   4.35058580              437  0.24572    
      178500  -4.66577220         1308019.        0.000000       -30485.75     -9.60730642612E+08  5.80143391166E+05 -1.65602273031E+03   4.35027661              438  0.24422    
      178600  -4.66534606         1307605.        0.000000       -30450.14     -9.60534129720E+08  5.80024728980E+05 -1.65602272063E+03   4.35092984              438  0.23713    
      178700  -4.66482662         1307921.        0.000000       -30497.43     -9.60467451429E+08  5.79984463633E+05 -1.65602272415E+03   4.34929199              437  0.23149    
      178800  -4.66557293         1307698.        0.000000       -30455.92     -9.60733860635E+08  5.80145336903E+05 -1.65602272314E+03   4.35085958              438  0.23476    
      178900  -4.66516456         1307752.        0.000000       -30444.15     -9.60737226252E+08  5.80147369637E+05 -1.65602272204E+03   4.35046121              439  0.24308    
      179000  -4.66567325         1308200.        0.000000       -30441.82     -9.60848723060E+08  5.80214695454E+05 -1.65602272846E+03   4.34961431              439  0.24382    
      179100  -4.66689844         1308418.        0.000000       -30497.75     -9.60977136661E+08  5.80292239787E+05 -1.65602272574E+03   4.34982544              440  0.23929    
      179200  -4.66688699         1308242.        0.000000       -30468.47     -9.61014179141E+08  5.80314608740E+05 -1.65602272400E+03   4.35010654              438  0.23640    
      179300  -4.66636642         1307927.        0.000000       -30425.89     -9.60849217195E+08  5.80214993721E+05 -1.65602272880E+03   4.35128598              440  0.23541    
      179400  -4.66519852         1307620.        0.000000       -30416.62     -9.60635838273E+08  5.80086145172E+05 -1.65602272398E+03   4.35128917              438  0.23505    
      179500  -4.66401821         1307498.        0.000000       -30407.26     -9.60330367920E+08  5.79901685345E+05 -1.65602272280E+03   4.35073447              435  0.23489    
      179600  -4.66479420         1308092.        0.000000       -30424.52     -9.60435207204E+08  5.79964994928E+05 -1.65602271793E+03   4.34922060              440  0.23281    
      179700  -4.66589375         1307802.        0.000000       -30420.42     -9.60639676280E+08  5.80088464282E+05 -1.65602271969E+03   4.35042950              439  0.23333    
      179800  -4.66559539         1307932.        0.000000       -30455.92     -9.60620595398E+08  5.80076940538E+05 -1.65602272434E+03   4.34987772              438  0.23721    
      179900  -4.66557708         1307942.        0.000000       -30454.22     -9.60766640618E+08  5.80165130246E+05 -1.65602272617E+03   4.35053148              438  0.23486    
      180000  -4.66547274         1307941.        0.000000       -30468.40     -9.60696255178E+08  5.80122627107E+05 -1.65602272742E+03   4.35056101              439  0.24431    
      180100  -4.66559690         1307973.        0.000000       -30432.13     -9.60648691732E+08  5.80093904002E+05 -1.65602273202E+03   4.35020801              437  0.23309    
      180200  -4.66512065         1307694.        0.000000       -30421.13     -9.60562217999E+08  5.80041685347E+05 -1.65602273468E+03   4.35049262              438  0.23789    
      180300  -4.66554703         1308068.        0.000000       -30420.68     -9.60627942122E+08  5.80081375478E+05 -1.65602272841E+03   4.35002113              438  0.23441    
      180400  -4.66655964         1308255.        0.000000       -30426.61     -9.60739931056E+08  5.80148999888E+05 -1.65602273078E+03   4.34941572              438  0.23366    
      180500  -4.66718942         1308140.        0.000000       -30437.79     -9.60963674028E+08  5.80284108499E+05 -1.65602273085E+03   4.35081833              438  0.23692    
      180600  -4.66599250         1308242.        0.000000       -30442.28     -9.60804042000E+08  5.80187716154E+05 -1.65602272376E+03   4.35013581              438  0.23248    
      180700  -4.66554949         1307564.        0.000000       -30441.24     -9.60754113259E+08  5.80157566321E+05 -1.65602272388E+03   4.35110246              438  0.23139    
      180800  -4.66456618         1307590.        0.000000       -30436.74     -9.60648306315E+08  5.80093674726E+05 -1.65602272214E+03   4.34978208              440  0.23457    
      180900  -4.66465018         1307680.        0.000000       -30452.26     -9.60782876186E+08  5.80174935232E+05 -1.65602272322E+03   4.34985486              439  0.23370    
      181000  -4.66526972         1307897.        0.000000       -30456.29     -9.61003454002E+08  5.80308134674E+05 -1.65602271721E+03   4.34978849              438  0.23193    
      181100  -4.66546749         1307864.        0.000000       -30472.13     -9.60994960338E+08  5.80303003543E+05 -1.65602272342E+03   4.35060129              439  0.23480    
      181200  -4.66528404         1307980.        0.000000       -30450.47     -9.60942697276E+08  5.80271444331E+05 -1.65602272292E+03   4.34996473              439  0.23617    
      181300  -4.66535822         1307910.        0.000000       -30400.28     -9.60867189185E+08  5.80225847135E+05 -1.65602272620E+03   4.35006886              435  0.23412    
      181400  -4.66645614         1308241.        0.000000       -30420.35     -9.61007324038E+08  5.80310470025E+05 -1.65602272176E+03   4.35020618              438  0.23264    
      181500  -4.66658772         1307870.        0.000000       -30463.41     -9.61065516654E+08  5.80345609820E+05 -1.65602272231E+03   4.35087089              440  0.23204    
      181600  -4.66487093         1307753.        0.000000       -30483.99     -9.60817470342E+08  5.80195825021E+05 -1.65602272355E+03   4.35021760              436  0.23488    
      181700  -4.66451260         1307742.        0.000000       -30480.93     -9.60785139296E+08  5.80176300735E+05 -1.65602272633E+03   4.34955188              439  0.23410    
      181800  -4.66484947         1307605.        0.000000       -30452.87     -9.60811191491E+08  5.80192033350E+05 -1.65602272397E+03   4.35059783              440  0.24033    
      181900  -4.66504400         1307877.        0.000000       -30494.11     -9.60787435218E+08  5.80177688185E+05 -1.65602272335E+03   4.34989195              438  0.23223    
      182000  -4.66631906         1308324.        0.000000       -30436.72     -9.60946417805E+08  5.80273692228E+05 -1.65602271941E+03   4.34992441              436  0.23501    
      182100  -4.66594174         1307881.        0.000000       -30459.95     -9.60756194413E+08  5.80158824274E+05 -1.65602272036E+03   4.35104498              438  0.23427    
      182200  -4.66469433         1307300.        0.000000       -30453.27     -9.60491574193E+08  5.79999030640E+05 -1.65602272323E+03   4.35108363              439  0.23481    
      182300  -4.66273806         1306949.        0.000000       -30420.65     -9.60206847512E+08  5.79827096952E+05 -1.65602272222E+03   4.35071242              440  0.23208    
      182400  -4.66279219         1307254.        0.000000       -30447.12     -9.60242424489E+08  5.79848578928E+05 -1.65602272625E+03   4.34971828              437  0.23203    
      182500  -4.66361314         1307564.        0.000000       -30468.69     -9.60359165519E+08  5.79919074301E+05 -1.65602272468E+03   4.34953471              440  0.23590    
      182600  -4.66413514         1307561.        0.000000       -30441.62     -9.60498543843E+08  5.80003238703E+05 -1.65602272496E+03   4.35031167              438  0.23338    
      182700  -4.66465076         1308041.        0.000000       -30435.79     -9.60566344895E+08  5.80044182146E+05 -1.65602272113E+03   4.34978755              439  0.23472    
      182800  -4.66604337         1308016.        0.000000       -30454.68     -9.60697645608E+08  5.80123469491E+05 -1.65602271953E+03   4.35018649              439  0.23437    
      182900  -4.66599327         1307955.        0.000000       -30456.71     -9.60638828848E+08  5.80087950937E+05 -1.65602272431E+03   4.35054658              440  0.23401    
      183000  -4.66430288         1307331.        0.000000       -30460.38     -9.60409602605E+08  5.79949532460E+05 -1.65602272069E+03   4.35091243              439  0.23555    
      183100  -4.66469486         1307876.        0.000000       -30480.77     -9.60550241193E+08  5.80034457120E+05 -1.65602272314E+03   4.34940893              439  0.23344    
      183200  -4.66595760         1308031.        0.000000       -30479.03     -9.60774973712E+08  5.80170163286E+05 -1.65602272318E+03   4.35006587              436  0.23408    
      183300  -4.66590226         1308127.        0.000000       -30477.75     -9.60861876009E+08  5.80222639721E+05 -1.65602272340E+03   4.35020390              437  0.23174    
      183400  -4.66620960         1308050.        0.000000       -30488.66     -9.60905931500E+08  5.80249239713E+05 -1.65602273253E+03   4.34977726              440  0.23235    
      183500  -4.66611542         1307973.        0.000000       -30483.87     -9.60985854715E+08  5.80297505184E+05 -1.65602272305E+03   4.35100145              439  0.23270    
      183600  -4.66571159         1307998.        0.000000       -30484.19     -9.60817175007E+08  5.80195646053E+05 -1.65602272534E+03   4.35044831              440  0.23568    
      183700  -4.66603087         1307866.        0.000000       -30453.94     -9.60778009961E+08  5.80171993919E+05 -1.65602273124E+03   4.35087080              439  0.23538    
      183800  -4.66499571         1307503.        0.000000       -30455.84     -9.60472704964E+08  5.79987631557E+05 -1.65602273687E+03   4.35099796              437  0.23581    
      183900  -4.66362022         1307310.        0.000000       -30457.75     -9.60148960670E+08  5.79792134247E+05 -1.65602274325E+03   4.34998517              440  0.23365    
      184000  -4.66414284         1307906.        0.000000       -30444.09     -9.60341759104E+08  5.79908555992E+05 -1.65602274562E+03   4.34963449              438  0.23593    
      184100  -4.66553298         1307904.        0.000000       -30454.25     -9.60508403619E+08  5.80009187348E+05 -1.65602273994E+03   4.35037582              440  0.23285    
      184200  -4.66478843         1307633.        0.000000       -30427.87     -9.60223203745E+08  5.79836965061E+05 -1.65602274709E+03   4.35034866              438  0.23167    
      184300  -4.66457893         1307652.        0.000000       -30423.70     -9.60134212223E+08  5.79783228113E+05 -1.65602274379E+03   4.35038506              439  0.23414    
      184400  -4.66539807         1307978.        0.000000       -30431.12     -9.60274990147E+08  5.79868238937E+05 -1.65602274045E+03   4.34961958              437  0.23452    
      184500  -4.66506537         1307662.        0.000000       -30460.29     -9.60145643469E+08  5.79790131588E+05 -1.65602274195E+03   4.35106018              438  0.23192    
      184600  -4.66484005         1307700.        0.000000       -30481.62     -9.60079537996E+08  5.79750213444E+05 -1.65602274175E+03   4.34925708              439  0.23173    
      184700  -4.66521903         1307809.        0.000000       -30432.55     -9.60283090171E+08  5.79873130255E+05 -1.65602274026E+03   4.34993531              439  0.23812    
      184800  -4.66534267         1307713.        0.000000       -30451.05     -9.60299642521E+08  5.79883127952E+05 -1.65602273326E+03   4.35077445              440  0.23322    
      184900  -4.66570680         1307860.        0.000000       -30421.47     -9.60266280185E+08  5.79862982803E+05 -1.65602273065E+03   4.34995607              439  0.23451    
      185000  -4.66505965         1307876.        0.000000       -30410.46     -9.60224900330E+08  5.79837995425E+05 -1.65602273033E+03   4.35010128              440  0.23405    
      185100  -4.66514309         1307675.        0.000000       -30425.26     -9.60262884350E+08  5.79860931158E+05 -1.65602273364E+03   4.35020151              440  0.23162    
      185200  -4.66441517         1307789.        0.000000       -30395.56     -9.60322821537E+08  5.79897125231E+05 -1.65602273188E+03   4.34910181              439  0.23761    
      185300  -4.66437144         1307611.        0.000000       -30397.68     -9.60420517117E+08  5.79956116878E+05 -1.65602273891E+03   4.35054188              439  0.23368    
      185400  -4.66455405         1307686.        0.000000       -30387.07     -9.60367665888E+08  5.79924202860E+05 -1.65602273737E+03   4.34991248              439  0.23588    
      185500  -4.66467488         1307570.        0.000000       -30409.06     -9.60419124721E+08  5.79955275535E+05 -1.65602274044E+03   4.35068843              439  0.23630    
      185600  -4.66476423         1307937.        0.000000       -30474.27     -9.60473575253E+08  5.79988155423E+05 -1.65602274162E+03   4.34928911              439  0.23155    
      185700  -4.66662563         1308420.        0.000000       -30527.38     -9.60846400445E+08  5.80213289700E+05 -1.65602273768E+03   4.34984284              440  0.23470    
      185800  -4.66773479         1308568.        0.000000       -30514.67     -9.61011124084E+08  5.80312759831E+05 -1.65602273568E+03   4.34965130              440  0.23537    
      185900  -4.66720197         1308378.        0.000000       -30487.16     -9.60972049923E+08  5.80289164222E+05 -1.65602273689E+03   4.35061969              438  0.23488    
      186000  -4.66667223         1308323.        0.000000       -30503.52     -9.60832919156E+08  5.80205149741E+05 -1.65602273538E+03   4.34990804              439  0.23168    
      186100  -4.66666349         1308025.        0.000000       -30526.65     -9.60890010376E+08  5.80239626022E+05 -1.65602273144E+03   4.35108975              437  0.23575    
      186200  -4.66445530         1307409.        0.000000       -30542.15     -9.60516697107E+08  5.80014199768E+05 -1.65602272753E+03   4.35136208              438  0.23269    
      186300  -4.66308453         1307263.        0.000000       -30535.55     -9.60206661413E+08  5.79826982071E+05 -1.65602272937E+03   4.35020091              439  0.23676    
      186400  -4.66344062         1307575.        0.000000       -30547.26     -9.60296455717E+08  5.79881203182E+05 -1.65602273439E+03   4.34921221              440  0.23221    
      186500  -4.66492692         1307939.        0.000000       -30517.15     -9.60577495623E+08  5.80050911193E+05 -1.65602273367E+03   4.34972429              440  0.23128    
      186600  -4.66624024         1308317.        0.000000       -30498.32     -9.60721262445E+08  5.80137724477E+05 -1.65602273721E+03   4.35019170              439  0.23188    
      186700  -4.66588435         1307727.        0.000000       -30506.59     -9.60615734088E+08  5.80074002368E+05 -1.65602273187E+03   4.35120691              439  0.23632    
      186800  -4.66559972         1308095.        0.000000       -30514.40     -9.60595951291E+08  5.80062057573E+05 -1.65602272852E+03   4.34973662              438  0.23704    
      186900  -4.66673085         1308169.        0.000000       -30519.12     -9.60821185755E+08  5.80198067597E+05 -1.65602272640E+03   4.35025587              437  0.23354    
      187000  -4.66619703         1308107.        0.000000       -30481.94     -9.60697587173E+08  5.80123430982E+05 -1.65602272873E+03   4.35000315              438  0.23495    
      187100  -4.66576812         1307989.        0.000000       -30520.14     -9.60687421826E+08  5.80117289224E+05 -1.65602273828E+03   4.35013643              439  0.23272    
      187200  -4.66524642         1307830.        0.000000       -30493.35     -9.60596948794E+08  5.80062657230E+05 -1.65602273620E+03   4.35005252              439  0.23753    
      187300  -4.66499614         1308046.        0.000000       -30488.14     -9.60642718808E+08  5.80090297148E+05 -1.65602273220E+03   4.34936176              438  0.23399    
      187400  -4.66583516         1307976.        0.000000       -30488.79     -9.60931225053E+08  5.80264517271E+05 -1.65602272145E+03   4.34977084              437  0.23156    
      187500  -4.66653715         1308243.        0.000000       -30498.00     -9.61083770575E+08  5.80356630405E+05 -1.65602272848E+03   4.35052416              437  0.23410    
      187600  -4.66651457         1308419.        0.000000       -30507.79     -9.61058501730E+08  5.80341371144E+05 -1.65602272992E+03   4.34930399              438  0.23264    
      187700  -4.66690697         1308204.        0.000000       -30479.27     -9.61139501602E+08  5.80390287093E+05 -1.65602271950E+03   4.35051446              437  0.23466    
      187800  -4.66632881         1308035.        0.000000       -30531.54     -9.61000214694E+08  5.80306174995E+05 -1.65602272749E+03   4.35021026              437  0.23436    
      187900  -4.66590106         1307808.        0.000000       -30489.85     -9.60985965158E+08  5.80297569443E+05 -1.65602272999E+03   4.35069644              439  0.23345    
      188000  -4.66545900         1307636.        0.000000       -30463.53     -9.60900706582E+08  5.80246087317E+05 -1.65602272482E+03   4.35042299              438  0.23673    
      188100  -4.66489650         1307920.        0.000000       -30511.05     -9.60750977227E+08  5.80155672821E+05 -1.65602272327E+03   4.34908369              438  0.23484    
      188200  -4.66653748         1308140.        0.000000       -30480.38     -9.61090683522E+08  5.80360806869E+05 -1.65602272267E+03   4.35022994              437  0.23627    
      188300  -4.66659926         1308213.        0.000000       -30489.04     -9.61183085156E+08  5.80416603910E+05 -1.65602272347E+03   4.35007374              438  0.23312    
      188400  -4.66633282         1307962.        0.000000       -30452.92     -9.61090948394E+08  5.80360967544E+05 -1.65602272059E+03   4.35111598              437  0.23389    
      188500  -4.66619520         1308176.        0.000000       -30477.55     -9.61038279850E+08  5.80329162763E+05 -1.65602272213E+03   4.34998356              440  0.23476    
      188600  -4.66558659         1307769.        0.000000       -30482.99     -9.60865558800E+08  5.80224863360E+05 -1.65602272408E+03   4.35050335              438  0.23489    
      188700  -4.66485892         1308171.        0.000000       -30484.53     -9.60809914743E+08  5.80191263526E+05 -1.65602272069E+03   4.34910742              435  0.23514    
      188800  -4.66672592         1308204.        0.000000       -30463.40     -9.61135598359E+08  5.80387928225E+05 -1.65602272483E+03   4.34990231              437  0.23189    
      188900  -4.66567515         1307662.        0.000000       -30456.66     -9.60893102972E+08  5.80241494000E+05 -1.65602273003E+03   4.35110260              437  0.23488    
      189000  -4.66535190         1308011.        0.000000       -30468.29     -9.60793706161E+08  5.80181473630E+05 -1.65602272708E+03   4.34967404              437  0.23587    
      189100  -4.66635924         1308040.        0.000000       -30463.66     -9.60886021975E+08  5.80237220130E+05 -1.65602272422E+03   4.35097070              439  0.23432    
      189200  -4.66650993         1308118.        0.000000       -30466.65     -9.60808145350E+08  5.80190192430E+05 -1.65602272821E+03   4.35008009              439  0.23057    
      189300  -4.66591679         1307925.        0.000000       -30454.41     -9.60693043230E+08  5.80120685772E+05 -1.65602273250E+03   4.35044510              437  0.23508    
      189400  -4.66497327         1307302.        0.000000       -30465.71     -9.60493977281E+08  5.80000476684E+05 -1.65602273773E+03   4.35147002              440  0.23648    
      189500  -4.66334231         1307495.        0.000000       -30451.04     -9.60100393742E+08  5.79762810466E+05 -1.65602273276E+03   4.35001929              436  0.23488    
      189600  -4.66306561         1307198.        0.000000       -30443.61     -9.60093339985E+08  5.79758551475E+05 -1.65602273143E+03   4.35047343              439  0.23558    
      189700  -4.66351728         1307512.        0.000000       -30439.79     -9.60242727710E+08  5.79848760304E+05 -1.65602273118E+03   4.34986388              438  0.23230    
      189800  -4.66415674         1307649.        0.000000       -30427.16     -9.60333551634E+08  5.79903603901E+05 -1.65602273408E+03   4.35019900              440  0.23488    
      189900  -4.66520786         1307970.        0.000000       -30440.08     -9.60457163408E+08  5.79978248215E+05 -1.65602273251E+03   4.34988786              439  0.23453    
      190000  -4.66478369         1307581.        0.000000       -30450.39     -9.60438198877E+08  5.79966797952E+05 -1.65602272797E+03   4.35018906              438  0.23388    
      190100  -4.66508304         1307612.        0.000000       -30436.25     -9.60455326636E+08  5.79977139743E+05 -1.65602273059E+03   4.35085684              438  0.23248    
      190200  -4.66290113         1306980.        0.000000       -30462.92     -9.60096055803E+08  5.79760191923E+05 -1.65602273005E+03   4.35122242              439  0.23460    
      190300  -4.66329856         1307556.        0.000000       -30469.46     -9.60142488740E+08  5.79788228145E+05 -1.65602273749E+03   4.34924984              438  0.23464    
      190400  -4.66445601         1307679.        0.000000       -30458.63     -9.60398628633E+08  5.79942900161E+05 -1.65602273666E+03   4.34955496              436  0.23294    
      190500  -4.66593228         1308327.        0.000000       -30479.39     -9.60589275763E+08  5.80058024677E+05 -1.65602273376E+03   4.35004731              440  0.23726    
      190600  -4.66724067         1308489.        0.000000       -30481.44     -9.60807913749E+08  5.80190051514E+05 -1.65602273124E+03   4.34967223              438  0.23168    
      190700  -4.66760517         1308409.        0.000000       -30494.15     -9.60945490228E+08  5.80273129886E+05 -1.65602272574E+03   4.35027457              440  0.23497    
      190800  -4.66641514         1307777.        0.000000       -30474.63     -9.60828928585E+08  5.80202746055E+05 -1.65602271812E+03   4.35120969              439  0.23339    
      190900  -4.66460077         1307521.        0.000000       -30495.02     -9.60548392113E+08  5.80033342964E+05 -1.65602271622E+03   4.35050719              440  0.23734    
      191000  -4.66476885         1307913.        0.000000       -30479.98     -9.60652022232E+08  5.80095919296E+05 -1.65602272017E+03   4.34982294              438  0.23172    
      191100  -4.66505342         1307833.        0.000000       -30484.35     -9.60753099621E+08  5.80156957112E+05 -1.65602271565E+03   4.34989931              438  0.23194    
      191200  -4.66514782         1307700.        0.000000       -30524.36     -9.60793627058E+08  5.80181431116E+05 -1.65602271209E+03   4.35037231              438  0.23670    
      191300  -4.66547501         1308042.        0.000000       -30524.06     -9.60904733042E+08  5.80248523033E+05 -1.65602271251E+03   4.35016258              435  0.23529    
      191400  -4.66599960         1308237.        0.000000       -30534.88     -9.61021397596E+08  5.80318967408E+05 -1.65602272469E+03   4.34914157              440  0.23421    
      191500  -4.66666913         1308403.        0.000000       -30493.38     -9.61154537263E+08  5.80399364175E+05 -1.65602272606E+03   4.35056510              438  0.23182    
      191600  -4.66627539         1307719.        0.000000       -30437.74     -9.60916320593E+08  5.80255517115E+05 -1.65602272146E+03   4.35137295              435  0.23290    
      191700  -4.66479693         1307670.        0.000000       -30466.22     -9.60578456724E+08  5.80051498136E+05 -1.65602271490E+03   4.35082428              439  0.23285    
      191800  -4.66419749         1307726.        0.000000       -30482.78     -9.60389474527E+08  5.79937378195E+05 -1.65602272010E+03   4.35005134              438  0.23748    
      191900  -4.66470295         1307865.        0.000000       -30449.10     -9.60475152765E+08  5.79989114133E+05 -1.65602272415E+03   4.35000092              440  0.23263    
      192000  -4.66480604         1307556.        0.000000       -30455.67     -9.60382275400E+08  5.79933025921E+05 -1.65602273448E+03   4.35040912              439  0.23211    
      192100  -4.66387842         1307552.        0.000000       -30429.18     -9.60151338801E+08  5.79793571155E+05 -1.65602274080E+03   4.35021709              438  0.23503    
      192200  -4.66447972         1307718.        0.000000       -30458.68     -9.60219394213E+08  5.79834665483E+05 -1.65602274471E+03   4.34921568              438  0.23632    
      192300  -4.66405336         1307486.        0.000000       -30476.63     -9.60348829226E+08  5.79912829323E+05 -1.65602273422E+03   4.35045104              439  0.23548    
      192400  -4.66359763         1307336.        0.000000       -30450.99     -9.60181826925E+08  5.79811981590E+05 -1.65602274084E+03   4.35094382              440  0.23201    
      192500  -4.66411525         1307725.        0.000000       -30488.60     -9.60192441320E+08  5.79818391888E+05 -1.65602273876E+03   4.34910577              439  0.23170    
      192600  -4.66464116         1307671.        0.000000       -30510.51     -9.60467453062E+08  5.79984461367E+05 -1.65602273344E+03   4.34998948              436  0.23300    
      192700  -4.66523817         1307949.        0.000000       -30465.92     -9.60552075138E+08  5.80035562061E+05 -1.65602273027E+03   4.34991156              440  0.23489    
      192800  -4.66482549         1307583.        0.000000       -30440.79     -9.60452323409E+08  5.79975326148E+05 -1.65602273081E+03   4.35058734              437  0.23352    
      192900  -4.66511210         1307641.        0.000000       -30435.18     -9.60413697281E+08  5.79951999712E+05 -1.65602273595E+03   4.35036021              438  0.23210    
      193000  -4.66513818         1308019.        0.000000       -30418.11     -9.60479792191E+08  5.79991909413E+05 -1.65602274205E+03   4.34943565              438  0.23751    
      193100  -4.66534551         1307850.        0.000000       -30424.99     -9.60574314269E+08  5.80048988261E+05 -1.65602273896E+03   4.35024532              438  0.23582    
      193200  -4.66499450         1307969.        0.000000       -30450.62     -9.60594416855E+08  5.80061126829E+05 -1.65602274041E+03   4.34992611              439  0.23476    
      193300  -4.66612223         1308048.        0.000000       -30455.68     -9.60653473165E+08  5.80096788417E+05 -1.65602274025E+03   4.34999013              438  0.23250    
      193400  -4.66539138         1307710.        0.000000       -30435.65     -9.60683720721E+08  5.80115055180E+05 -1.65602273574E+03   4.35089461              439  0.23099    
      193500  -4.66568579         1307740.        0.000000       -30440.05     -9.60666300283E+08  5.80104536511E+05 -1.65602273352E+03   4.35043803              437  0.23628    
      193600  -4.66478651         1307518.        0.000000       -30473.26     -9.60676868749E+08  5.80110921145E+05 -1.65602272554E+03   4.35044717              437  0.23270    
      193700  -4.66524863         1308157.        0.000000       -30492.33     -9.60823445657E+08  5.80199431279E+05 -1.65602272918E+03   4.34858971              437  0.23175    
      193800  -4.66726026         1308372.        0.000000       -30509.58     -9.61255571925E+08  5.80460373278E+05 -1.65602272985E+03   4.35046901              440  0.23315    
      193900  -4.66675864         1307942.        0.000000       -30473.15     -9.60999438528E+08  5.80305704222E+05 -1.65602273342E+03   4.35142195              440  0.23509    
      194000  -4.66490389         1307688.        0.000000       -30476.60     -9.60569875359E+08  5.80046311522E+05 -1.65602272832E+03   4.35080254              440  0.23252    
      194100  -4.66523190         1307948.        0.000000       -30465.42     -9.60589339947E+08  5.80058065708E+05 -1.65602272727E+03   4.34955825              438  0.23475    
      194200  -4.66455200         1307342.        0.000000       -30442.60     -9.60557353103E+08  5.80038749853E+05 -1.65602272839E+03   4.35140771              438  0.23400    
      194300  -4.66227895         1306887.        0.000000       -30376.70     -9.59979414558E+08  5.79689756204E+05 -1.65602273334E+03   4.35145355              440  0.23147    
      194400  -4.66174711         1307072.        0.000000       -30418.09     -9.59729907949E+08  5.79539088242E+05 -1.65602273845E+03   4.34999834              438  0.23602    
      194500  -4.66320923         1307636.        0.000000       -30432.32     -9.60013648270E+08  5.79710425520E+05 -1.65602274172E+03   4.34900888              437  0.23343    
      194600  -4.66460496         1307909.        0.000000       -30478.33     -9.60328669593E+08  5.79900653230E+05 -1.65602274156E+03   4.35012240              436  0.23273    
      194700  -4.66582104         1308203.        0.000000       -30487.52     -9.60469554391E+08  5.79985727088E+05 -1.65602274251E+03   4.35004954              438  0.23208    
      194800  -4.66598162         1307989.        0.000000       -30478.81     -9.60536964463E+08  5.80026433059E+05 -1.65602274261E+03   4.35008160              440  0.23227    
      194900  -4.66647445         1308348.        0.000000       -30484.34     -9.60618233158E+08  5.80075507518E+05 -1.65602274309E+03   4.34961057              439  0.23341    
      195000  -4.66734604         1308601.        0.000000       -30490.02     -9.60809574782E+08  5.80191049621E+05 -1.65602274528E+03   4.34912142              440  0.23579    
      195100  -4.66729244         1307920.        0.000000       -30475.39     -9.60816551037E+08  5.80195266243E+05 -1.65602273396E+03   4.35177355              437  0.23545    
      195200  -4.66531148         1307619.        0.000000       -30449.34     -9.60380875282E+08  5.79932180373E+05 -1.65602273470E+03   4.35114896              438  0.23239    
      195300  -4.66410432         1307428.        0.000000       -30480.62     -9.60175801267E+08  5.79808344659E+05 -1.65602273598E+03   4.35041195              438  0.23185    
      195400  -4.66350512         1307352.        0.000000       -30451.19     -9.60106171216E+08  5.79766299974E+05 -1.65602273064E+03   4.35005955              438  0.23154    
      195500  -4.66435481         1307592.        0.000000       -30455.37     -9.60391446933E+08  5.79938567867E+05 -1.65602272404E+03   4.35009395              438  0.23389    
      195600  -4.66491290         1307914.        0.000000       -30441.79     -9.60557070791E+08  5.80038577954E+05 -1.65602273245E+03   4.34957549              439  0.23339    
      195700  -4.66493157         1307590.        0.000000       -30485.31     -9.60750391235E+08  5.80155314385E+05 -1.65602273635E+03   4.35034796              440  0.23342    
      195800  -4.66439011         1307572.        0.000000       -30501.87     -9.60687366317E+08  5.80117259203E+05 -1.65602272829E+03   4.35053529              439  0.23291    
      195900  -4.66469084         1307969.        0.000000       -30509.76     -9.60646092826E+08  5.80092335484E+05 -1.65602272960E+03   4.34966859              440  0.42577    
      196000  -4.66538469         1307566.        0.000000       -30484.92     -9.60743627635E+08  5.80151234623E+05 -1.65602272356E+03   4.35072971              439  0.23456    
      196100  -4.66385951         1307515.        0.000000       -30474.20     -9.60486595750E+08  5.79996022579E+05 -1.65602272836E+03   4.34995982              439  0.24667    
      196200  -4.66389859         1307675.        0.000000       -30437.09     -9.60485622157E+08  5.79995433000E+05 -1.65602273312E+03   4.35010983              437  0.23406    
      196300  -4.66510435         1307873.        0.000000       -30440.99     -9.60587105605E+08  5.80056713910E+05 -1.65602273462E+03   4.35032109              437  0.27930    
      196400  -4.66512459         1307718.        0.000000       -30425.84     -9.60617478510E+08  5.80075055843E+05 -1.65602273160E+03   4.35049082              439  0.23157    
      196500  -4.66507104         1307817.        0.000000       -30420.87     -9.60498514725E+08  5.80003220492E+05 -1.65602272676E+03   4.35078761              438  0.23442    
      196600  -4.66507102         1308031.        0.000000       -30430.23     -9.60477061733E+08  5.79990267399E+05 -1.65602272266E+03   4.34993417              438  0.23599    
      196700  -4.66600009         1307938.        0.000000       -30436.15     -9.60566648743E+08  5.80044363987E+05 -1.65602272581E+03   4.35013497              438  0.23509    
      196800  -4.66551184         1307756.        0.000000       -30425.24     -9.60535128278E+08  5.80025329097E+05 -1.65602272882E+03   4.35104651              438  0.24018    
      196900  -4.66342722         1307184.        0.000000       -30442.82     -9.60162204102E+08  5.79800134308E+05 -1.65602273488E+03   4.35097808              438  0.23144    
      197000  -4.66268475         1307139.        0.000000       -30431.66     -9.59996893294E+08  5.79700309442E+05 -1.65602273736E+03   4.35017733              440  0.23404    
      197100  -4.66217044         1307211.        0.000000       -30483.98     -9.59915831108E+08  5.79651361713E+05 -1.65602273110E+03   4.35012736              438  0.23470    
      197200  -4.66335697         1307518.        0.000000       -30466.85     -9.60096263008E+08  5.79760317373E+05 -1.65602272911E+03   4.34962036              440  0.23571    
      197300  -4.66515962         1307961.        0.000000       -30470.28     -9.60366948928E+08  5.79923771273E+05 -1.65602273350E+03   4.34974570              437  0.23209    
      197400  -4.66527895         1308149.        0.000000       -30460.25     -9.60466034858E+08  5.79983606011E+05 -1.65602273048E+03   4.34966923              439  0.23367    
      197500  -4.66584246         1307785.        0.000000       -30459.79     -9.60475499093E+08  5.79989319508E+05 -1.65602273488E+03   4.35040761              438  0.23392    
      197600  -4.66471265         1307501.        0.000000       -30404.11     -9.60304058733E+08  5.79885793445E+05 -1.65602273687E+03   4.35055496              437  0.23226    
      197700  -4.66380647         1307320.        0.000000       -30428.38     -9.60127458840E+08  5.79779152721E+05 -1.65602273613E+03   4.35093491              439  0.23671    
      197800  -4.66264529         1306966.        0.000000       -30433.76     -9.59967893854E+08  5.79682798701E+05 -1.65602273520E+03   4.35039468              438  0.23092    
      197900  -4.66314161         1307533.        0.000000       -30419.28     -9.60100991304E+08  5.79763170743E+05 -1.65602273438E+03   4.34935319              439  0.23470    
      198000  -4.66514762         1307999.        0.000000       -30441.75     -9.60450795455E+08  5.79974402386E+05 -1.65602273394E+03   4.34952046              439  0.23738    
      198100  -4.66657038         1307936.        0.000000       -30451.99     -9.60674326792E+08  5.80109381058E+05 -1.65602274012E+03   4.35064849              438  0.23277    
      198200  -4.66508929         1307683.        0.000000       -30401.97     -9.60418057064E+08  5.79954630152E+05 -1.65602274235E+03   4.35052028              438  0.23331    
      198300  -4.66445970         1307852.        0.000000       -30374.93     -9.60241096211E+08  5.79847771636E+05 -1.65602274111E+03   4.34972515              439  0.23213    
      198400  -4.66489471         1307501.        0.000000       -30419.70     -9.60247568010E+08  5.79851679244E+05 -1.65602274234E+03   4.35091973              437  0.23666    
      198500  -4.66279525         1307182.        0.000000       -30392.21     -9.59901017910E+08  5.79642414665E+05 -1.65602273682E+03   4.35041933              439  0.23783    
      198600  -4.66374719         1307659.        0.000000       -30446.33     -9.60104166636E+08  5.79765088536E+05 -1.65602273338E+03   4.34934077              439  0.23641    
      198700  -4.66504247         1307850.        0.000000       -30422.09     -9.60402818606E+08  5.79945429890E+05 -1.65602273784E+03   4.34964162              439  0.23143    
      198800  -4.66554905         1308107.        0.000000       -30438.66     -9.60644374477E+08  5.80091293287E+05 -1.65602274262E+03   4.34958021              438  0.23526    
      198900  -4.66655333         1308187.        0.000000       -30434.17     -9.60753767833E+08  5.80157353669E+05 -1.65602273548E+03   4.35034723              436  0.23460    
      199000  -4.66562826         1307724.        0.000000       -30437.80     -9.60649407334E+08  5.80094335426E+05 -1.65602273401E+03   4.35038083              438  0.23424    
      199100  -4.66505977         1307675.        0.000000       -30413.92     -9.60693593162E+08  5.80121018635E+05 -1.65602273026E+03   4.35052001              439  0.23509    
      199200  -4.66505980         1307725.        0.000000       -30405.93     -9.60613162295E+08  5.80072451707E+05 -1.65602272521E+03   4.35022175              440  0.23128    
      199300  -4.66524831         1308036.        0.000000       -30392.02     -9.60680726414E+08  5.80113250084E+05 -1.65602272707E+03   4.35013733              437  0.23643    
      199400  -4.66601250         1308110.        0.000000       -30411.29     -9.60637366886E+08  5.80087065319E+05 -1.65602273231E+03   4.35011946              439  0.23559    
      199500  -4.66662874         1308424.        0.000000       -30428.11     -9.60712418061E+08  5.80132386089E+05 -1.65602273050E+03   4.35012231              437  0.23588    
      199600  -4.66698312         1308000.        0.000000       -30458.46     -9.60782525976E+08  5.80174720870E+05 -1.65602273145E+03   4.35062798              440  0.23207    
      199700  -4.66534923         1307887.        0.000000       -30440.84     -9.60540004466E+08  5.80028272031E+05 -1.65602273334E+03   4.35045993              438  0.23380    
      199800  -4.66445345         1307470.        0.000000       -30390.24     -9.60408179425E+08  5.79948666202E+05 -1.65602274028E+03   4.35067023              439  0.23324    
      199900  -4.66474575         1307649.        0.000000       -30420.50     -9.60462702852E+08  5.79981592084E+05 -1.65602273582E+03   4.35002940              438  0.23483    
      200000  -4.66552719         1307893.        0.000000       -30423.87     -9.60549183020E+08  5.80033814369E+05 -1.65602273389E+03   4.35046324              439  0.23459    
      200100  -4.66382885         1307222.        0.000000       -30440.89     -9.60196957977E+08  5.79821121239E+05 -1.65602273323E+03   4.35074175              440  0.23096    
      200200  -4.66234129         1307239.        0.000000       -30432.02     -9.59943161911E+08  5.79667861239E+05 -1.65602274354E+03   4.35010078              438  0.23322    
      200300  -4.66394997         1307777.        0.000000       -30458.41     -9.60188699710E+08  5.79816130669E+05 -1.65602274397E+03   4.34982583              438  0.23357    
      200400  -4.66547115         1308008.        0.000000       -30446.92     -9.60440272229E+08  5.79968042863E+05 -1.65602274823E+03   4.34931893              438  0.23369    
      200500  -4.66566278         1307992.        0.000000       -30445.86     -9.60710833759E+08  5.80131424838E+05 -1.65602274351E+03   4.34963617              440  0.23259    
      200600  -4.66578870         1308091.        0.000000       -30478.33     -9.60735343037E+08  5.80146227798E+05 -1.65602273531E+03   4.35024832              438  0.23345    
      200700  -4.66477291         1307765.        0.000000       -30495.95     -9.60550934392E+08  5.80034874895E+05 -1.65602272547E+03   4.34979235              437  0.23473    
      200800  -4.66565005         1307964.        0.000000       -30543.87     -9.60856082293E+08  5.80219140105E+05 -1.65602272638E+03   4.34959550              438  0.23334    
      200900  -4.66623113         1308091.        0.000000       -30506.80     -9.60880024364E+08  5.80233597273E+05 -1.65602272754E+03   4.35059630              439  0.23522    
      201000  -4.66631170         1308029.        0.000000       -30491.04     -9.60777230127E+08  5.80171521796E+05 -1.65602273471E+03   4.35047957              435  0.23131    
      201100  -4.66573310         1307970.        0.000000       -30505.50     -9.60654635560E+08  5.80097492031E+05 -1.65602273541E+03   4.35023478              439  0.23314    
      201200  -4.66545600         1308115.        0.000000       -30514.33     -9.60629748964E+08  5.80082465207E+05 -1.65602273225E+03   4.34990697              440  0.23222    
      201300  -4.66587209         1307900.        0.000000       -30477.92     -9.60673341643E+08  5.80108788923E+05 -1.65602273226E+03   4.35054432              440  0.23422    
      201400  -4.66534128         1307850.        0.000000       -30455.51     -9.60476865611E+08  5.79990144166E+05 -1.65602273637E+03   4.34984670              440  0.23337    
      201500  -4.66630086         1308209.        0.000000       -30470.61     -9.60783753072E+08  5.80175459205E+05 -1.65602273903E+03   4.34922774              438  0.23305    
      201600  -4.66645357         1308089.        0.000000       -30454.74     -9.61001226716E+08  5.80306783625E+05 -1.65602273458E+03   4.35061590              438  0.23436    
      201700  -4.66613668         1307893.        0.000000       -30459.47     -9.60884813265E+08  5.80236487025E+05 -1.65602273341E+03   4.35079134              437  0.23409    
      201800  -4.66466648         1307396.        0.000000       -30488.86     -9.60580876288E+08  5.80052952515E+05 -1.65602273400E+03   4.35077318              438  0.23559    
      201900  -4.66363578         1307222.        0.000000       -30448.06     -9.60420765936E+08  5.79956270346E+05 -1.65602272972E+03   4.35091749              440  0.23237    
      202000  -4.66333349         1307305.        0.000000       -30462.10     -9.60254258741E+08  5.79855725200E+05 -1.65602272601E+03   4.35043095              437  0.23459    
      202100  -4.66488561         1307741.        0.000000       -30421.55     -9.60441826076E+08  5.79968987138E+05 -1.65602273117E+03   4.34982457              437  0.23370    
      202200  -4.66568677         1308307.        0.000000       -30401.77     -9.60667677643E+08  5.80105367042E+05 -1.65602273694E+03   4.34938648              440  0.23211    
      202300  -4.66612746         1308076.        0.000000       -30414.03     -9.60728591247E+08  5.80142150250E+05 -1.65602273655E+03   4.34956156              440  0.23376    
      202400  -4.66561421         1307777.        0.000000       -30477.14     -9.60743974717E+08  5.80151436538E+05 -1.65602274546E+03   4.35037549              439  0.23158    
      202500  -4.66495017         1308011.        0.000000       -30486.37     -9.60674057044E+08  5.80109218579E+05 -1.65602273896E+03   4.34955769              438  0.23557    
      202600  -4.66597057         1308211.        0.000000       -30477.86     -9.60821003221E+08  5.80197954226E+05 -1.65602273538E+03   4.34981995              437  0.23393    
      202700  -4.66617960         1307949.        0.000000       -30486.89     -9.60804755975E+08  5.80188142920E+05 -1.65602273624E+03   4.34968865              439  0.23562    
      202800  -4.66535279         1307766.        0.000000       -30487.93     -9.60820119140E+08  5.80197421229E+05 -1.65602273292E+03   4.35031741              435  0.23230    
      202900  -4.66541146         1308031.        0.000000       -30517.72     -9.60986068633E+08  5.80297631696E+05 -1.65602273065E+03   4.35007693              438  0.23345    
      203000  -4.66504023         1307712.        0.000000       -30459.78     -9.60826563079E+08  5.80201310790E+05 -1.65602273764E+03   4.35019268              440  0.23377    
      203100  -4.66491551         1307729.        0.000000       -30434.45     -9.60765254589E+08  5.80164289746E+05 -1.65602273627E+03   4.35057983              437  0.23519    
      203200  -4.66512338         1307979.        0.000000       -30469.40     -9.60737723180E+08  5.80147665229E+05 -1.65602273483E+03   4.35056557              438  0.23415    
      203300  -4.66539046         1307692.        0.000000       -30439.72     -9.60638248236E+08  5.80087593493E+05 -1.65602274383E+03   4.35080188              439  0.23311    
      203400  -4.66505363         1307669.        0.000000       -30463.63     -9.60384292992E+08  5.79934240748E+05 -1.65602274450E+03   4.35106990              439  0.23466    
      203500  -4.66438282         1307776.        0.000000       -30455.31     -9.60136765203E+08  5.79784769932E+05 -1.65602274326E+03   4.34937745              438  0.23170    
      203600  -4.66527799         1308089.        0.000000       -30473.68     -9.60363338573E+08  5.79921588680E+05 -1.65602274052E+03   4.34918786              440  0.23305    
      203700  -4.66528357         1307701.        0.000000       -30384.76     -9.60446055836E+08  5.79971539157E+05 -1.65602273731E+03   4.35035070              438  0.23185    
      203800  -4.66476782         1307972.        0.000000       -30435.81     -9.60486842550E+08  5.79996168093E+05 -1.65602273840E+03   4.34933756              438  0.23296    
      203900  -4.66537029         1308059.        0.000000       -30418.51     -9.60700539061E+08  5.80125209047E+05 -1.65602274144E+03   4.34938670              440  0.23464    
      204000  -4.66614268         1307948.        0.000000       -30445.51     -9.60870073855E+08  5.80227585266E+05 -1.65602273703E+03   4.35011342              437  0.23184    
      204100  -4.66612263         1308153.        0.000000       -30455.72     -9.60976007304E+08  5.80291555882E+05 -1.65602273127E+03   4.34975895              439  0.23335    
      204200  -4.66682422         1308400.        0.000000       -30470.16     -9.61108239918E+08  5.80371406670E+05 -1.65602272764E+03   4.35030460              438  0.23299    
      204300  -4.66682440         1308281.        0.000000       -30476.52     -9.61025447916E+08  5.80321411928E+05 -1.65602272838E+03   4.34998599              437  0.23478    
      204400  -4.66648055         1307935.        0.000000       -30449.86     -9.60947025420E+08  5.80274053498E+05 -1.65602273551E+03   4.35109005              439  0.23502    
      204500  -4.66496201         1307683.        0.000000       -30447.22     -9.60653316497E+08  5.80096696589E+05 -1.65602273232E+03   4.34981964              438  0.23640    
      204600  -4.66464259         1307648.        0.000000       -30439.88     -9.60679121186E+08  5.80112279931E+05 -1.65602272943E+03   4.35020835              440  0.23229    
      204700  -4.66510820         1308136.        0.000000       -30479.59     -9.60787896614E+08  5.80177965604E+05 -1.65602272677E+03   4.34959716              436  0.23351    
      204800  -4.66619787         1308276.        0.000000       -30450.01     -9.60800002584E+08  5.80185273739E+05 -1.65602273286E+03   4.35000977              438  0.23474    
      204900  -4.66581645         1307845.        0.000000       -30432.94     -9.60668701176E+08  5.80105986367E+05 -1.65602273335E+03   4.35042795              439  0.23178    
      205000  -4.66536025         1307940.        0.000000       -30463.58     -9.60612205884E+08  5.80071872514E+05 -1.65602272994E+03   4.35006406              438  0.23163    
      205100  -4.66466868         1307533.        0.000000       -30460.41     -9.60486574585E+08  5.79996007033E+05 -1.65602273626E+03   4.35043068              438  0.23153    
      205200  -4.66390180         1307616.        0.000000       -30447.89     -9.60405146981E+08  5.79946837142E+05 -1.65602273428E+03   4.34992726              440  0.23230    
      205300  -4.66349239         1307305.        0.000000       -30427.29     -9.60157023390E+08  5.79797005290E+05 -1.65602273663E+03   4.35044675              440  0.23160    
      205400  -4.66311756         1307367.        0.000000       -30429.40     -9.60046606938E+08  5.79730328458E+05 -1.65602273990E+03   4.34975572              438  0.23832    
      205500  -4.66430018         1307902.        0.000000       -30427.10     -9.60349054649E+08  5.79912966382E+05 -1.65602273155E+03   4.34921387              438  0.23150    
      205600  -4.66546061         1307853.        0.000000       -30418.03     -9.60542047865E+08  5.80029504795E+05 -1.65602273664E+03   4.35078726              439  0.23410    
      205700  -4.66733756         1308445.        0.000000       -30460.73     -9.60776682712E+08  5.80171190476E+05 -1.65602273688E+03   4.34983338              439  0.23444    
      205800  -4.66732925         1308134.        0.000000       -30442.57     -9.60737812193E+08  5.80147717377E+05 -1.65602273941E+03   4.35090146              438  0.23384    
      205900  -4.66610477         1307936.        0.000000       -30429.70     -9.60529263932E+08  5.80021784174E+05 -1.65602273939E+03   4.35059486              439  0.23480    
      206000  -4.66615973         1308164.        0.000000       -30465.68     -9.60668635850E+08  5.80105945051E+05 -1.65602273868E+03   4.34880324              438  0.23202    
      206100  -4.66631176         1308209.        0.000000       -30451.89     -9.60861251601E+08  5.80222258571E+05 -1.65602273509E+03   4.35038867              440  0.23323    
      206200  -4.66658125         1308223.        0.000000       -30470.80     -9.60813472390E+08  5.80193406121E+05 -1.65602273699E+03   4.35073186              439  0.23758    
      206300  -4.66593385         1308049.        0.000000       -30450.78     -9.60642801071E+08  5.80090347945E+05 -1.65602272900E+03   4.35015466              439  0.23619    
      206400  -4.66656607         1308213.        0.000000       -30415.00     -9.60776842807E+08  5.80171288488E+05 -1.65602273306E+03   4.35036351              440  0.23159    
      206500  -4.66675739         1308527.        0.000000       -30411.45     -9.60716262465E+08  5.80134705871E+05 -1.65602273531E+03   4.34923898              438  0.23351    
      206600  -4.66739432         1308134.        0.000000       -30399.49     -9.60896214651E+08  5.80243372511E+05 -1.65602273145E+03   4.35075393              438  0.23236    
      206700  -4.66589208         1307843.        0.000000       -30380.90     -9.60609165843E+08  5.80070034636E+05 -1.65602273602E+03   4.35106168              439  0.23541    
      206800  -4.66599591         1307934.        0.000000       -30416.53     -9.60525258555E+08  5.80019366192E+05 -1.65602273741E+03   4.35035776              438  0.23588    
      206900  -4.66567172         1307717.        0.000000       -30441.88     -9.60575685382E+08  5.80049816871E+05 -1.65602273709E+03   4.35076289              439  0.23305    
      207000  -4.66481119         1307510.        0.000000       -30426.72     -9.60395251348E+08  5.79940861636E+05 -1.65602273418E+03   4.35119385              439  0.23490    
      207100  -4.66352642         1307140.        0.000000       -30442.84     -9.60117884365E+08  5.79773371094E+05 -1.65602273618E+03   4.35091059              439  0.23293    
      207200  -4.66313761         1307503.        0.000000       -30447.36     -9.59971015309E+08  5.79684683072E+05 -1.65602273674E+03   4.34897770              437  0.23250    
      207300  -4.66380711         1307511.        0.000000       -30460.70     -9.60290279252E+08  5.79877474822E+05 -1.65602273057E+03   4.34976446              438  0.23171    
      207400  -4.66469814         1307917.        0.000000       -30433.39     -9.60542206939E+08  5.80029604739E+05 -1.65602272555E+03   4.35005194              439  0.23069    
      207500  -4.66425375         1307516.        0.000000       -30428.10     -9.60378846143E+08  5.79930957598E+05 -1.65602272746E+03   4.35073843              435  0.23375    
      207600  -4.66466651         1307743.        0.000000       -30456.50     -9.60486618726E+08  5.79996037806E+05 -1.65602272450E+03   4.35025902              440  0.23555    
      207700  -4.66504074         1307859.        0.000000       -30425.66     -9.60482113323E+08  5.79993315023E+05 -1.65602273068E+03   4.35010640              439  0.23815    
      207800  -4.66566606         1308008.        0.000000       -30420.17     -9.60551534151E+08  5.80035235366E+05 -1.65602273032E+03   4.35055355              439  0.23109    
      207900  -4.66568809         1307779.        0.000000       -30446.15     -9.60535472150E+08  5.80025534699E+05 -1.65602273467E+03   4.34983863              440  0.23490    
      208000  -4.66643253         1308132.        0.000000       -30441.43     -9.60722470036E+08  5.80138454110E+05 -1.65602273600E+03   4.35043724              437  0.23460    
      208100  -4.66647188         1308131.        0.000000       -30477.55     -9.60766217500E+08  5.80164874276E+05 -1.65602272750E+03   4.35038174              438  0.23344    
      208200  -4.66626112         1308001.        0.000000       -30417.80     -9.60704972380E+08  5.80127892567E+05 -1.65602272307E+03   4.35072192              438  0.23210    
      208300  -4.66565757         1308151.        0.000000       -30402.36     -9.60469892770E+08  5.79985936744E+05 -1.65602272731E+03   4.34977506              438  0.23131    
      208400  -4.66631494         1308090.        0.000000       -30431.94     -9.60686469875E+08  5.80116716011E+05 -1.65602273363E+03   4.34998716              437  0.23878    
      208500  -4.66619548         1307945.        0.000000       -30456.98     -9.60740929236E+08  5.80149601972E+05 -1.65602273271E+03   4.35040687              440  0.23402    
      208600  -4.66477616         1307473.        0.000000       -30483.54     -9.60590940300E+08  5.80059031339E+05 -1.65602272942E+03   4.35112558              438  0.23281    
      208700  -4.66420641         1307758.        0.000000       -30456.75     -9.60378566958E+08  5.79930789421E+05 -1.65602272629E+03   4.34972349              440  0.23180    
      208800  -4.66500757         1307644.        0.000000       -30453.74     -9.60407676521E+08  5.79948365130E+05 -1.65602273283E+03   4.35022961              438  0.23287    
      208900  -4.66442309         1307536.        0.000000       -30442.45     -9.60346294496E+08  5.79911297910E+05 -1.65602273651E+03   4.35042201              439  0.23398    
      209000  -4.66421802         1307608.        0.000000       -30402.46     -9.60292161788E+08  5.79878608887E+05 -1.65602273833E+03   4.35005651              439  0.23191    
      209100  -4.66395578         1307627.        0.000000       -30447.67     -9.60237365035E+08  5.79845518689E+05 -1.65602274069E+03   4.34984702              439  0.23367    
      209200  -4.66450484         1307884.        0.000000       -30442.57     -9.60384851640E+08  5.79934580942E+05 -1.65602273636E+03   4.34939984              437  0.23215    
      209300  -4.66685028         1308457.        0.000000       -30482.43     -9.60823790862E+08  5.80199637922E+05 -1.65602273435E+03   4.34939734              440  0.23205    
      209400  -4.66770984         1308278.        0.000000       -30474.72     -9.61068717985E+08  5.80347540689E+05 -1.65602272880E+03   4.35055861              440  0.23289    
      209500  -4.66759192         1308281.        0.000000       -30460.04     -9.61016642111E+08  5.80316093682E+05 -1.65602273067E+03   4.35089321              438  0.23471    
      209600  -4.66660716         1308293.        0.000000       -30487.43     -9.60694790501E+08  5.80121740271E+05 -1.65602273422E+03   4.35023606              439  0.23174    
      209700  -4.66697375         1308151.        0.000000       -30434.47     -9.60730249306E+08  5.80143153865E+05 -1.65602272974E+03   4.35050845              440  0.23376    
      209800  -4.66601399         1307886.        0.000000       -30496.18     -9.60672937282E+08  5.80108545769E+05 -1.65602272935E+03   4.35071432              440  0.23452    
      209900  -4.66509922         1307601.        0.000000       -30513.26     -9.60513707186E+08  5.80012394068E+05 -1.65602272815E+03   4.35099924              439  0.23647    
      210000  -4.66369011         1307496.        0.000000       -30472.08     -9.60253329141E+08  5.79855164505E+05 -1.65602272416E+03   4.35015040              439  0.23228    
      210100  -4.66392899         1307576.        0.000000       -30462.39     -9.60293238638E+08  5.79879263805E+05 -1.65602272503E+03   4.34979363              439  0.23106    
      210200  -4.66478743         1308032.        0.000000       -30431.69     -9.60385571116E+08  5.79935020780E+05 -1.65602272100E+03   4.34907330              438  0.23387    
      210300  -4.66600889         1308003.        0.000000       -30441.88     -9.60672936807E+08  5.80108546613E+05 -1.65602272612E+03   4.35058898              440  0.23235    
      210400  -4.66466228         1307516.        0.000000       -30422.49     -9.60411468447E+08  5.79950656714E+05 -1.65602272767E+03   4.35074308              440  0.23304    
      210500  -4.66462694         1307787.        0.000000       -30436.92     -9.60284880790E+08  5.79874213963E+05 -1.65602273332E+03   4.34980863              439  0.23102    
      210600  -4.66551511         1307747.        0.000000       -30410.51     -9.60505858537E+08  5.80007656059E+05 -1.65602272402E+03   4.35047840              437  0.23552    
      210700  -4.66521409         1307711.        0.000000       -30400.97     -9.60436501871E+08  5.79965775711E+05 -1.65602272081E+03   4.35063501              440  0.23511    
      210800  -4.66526376         1307953.        0.000000       -30427.11     -9.60414070053E+08  5.79952229798E+05 -1.65602272171E+03   4.34990505              436  0.23656    
      210900  -4.66536434         1307985.        0.000000       -30426.27     -9.60455832889E+08  5.79977446739E+05 -1.65602272690E+03   4.34980260              439  0.23486    
      211000  -4.66599325         1307992.        0.000000       -30453.10     -9.60558634663E+08  5.80039520555E+05 -1.65602273746E+03   4.35008684              440  0.23266    
      211100  -4.66587671         1307838.        0.000000       -30428.28     -9.60564213022E+08  5.80042887495E+05 -1.65602274199E+03   4.35099613              439  0.23649    
      211200  -4.66477264         1307614.        0.000000       -30455.44     -9.60240733894E+08  5.79847553904E+05 -1.65602273810E+03   4.35069896              440  0.23385    
      211300  -4.66488688         1307878.        0.000000       -30464.79     -9.60221368849E+08  5.79835859673E+05 -1.65602273959E+03   4.34930714              439  0.23277    
      211400  -4.66567122         1308039.        0.000000       -30430.95     -9.60420501272E+08  5.79956108171E+05 -1.65602273644E+03   4.34976710              439  0.23158    
      211500  -4.66558841         1307994.        0.000000       -30416.16     -9.60553090637E+08  5.80036174025E+05 -1.65602273384E+03   4.35001423              437  0.23692    
      211600  -4.66593615         1307827.        0.000000       -30425.40     -9.60507488388E+08  5.80008634150E+05 -1.65602274145E+03   4.35092674              438  0.23902    
      211700  -4.66448841         1307530.        0.000000       -30422.39     -9.60314639410E+08  5.79892180904E+05 -1.65602274187E+03   4.35002915              439  0.23801    
      211800  -4.66406296         1307845.        0.000000       -30448.02     -9.60401757520E+08  5.79944791324E+05 -1.65602273162E+03   4.34968564              439  0.23486    
      211900  -4.66555216         1308080.        0.000000       -30457.98     -9.60620299844E+08  5.80076758884E+05 -1.65602273343E+03   4.34957084              438  0.23157    
      212000  -4.66664047         1308449.        0.000000       -30472.52     -9.60812403865E+08  5.80192762493E+05 -1.65602273240E+03   4.35005745              438  0.23162    
      212100  -4.66699657         1308247.        0.000000       -30468.23     -9.60764940425E+08  5.80164100593E+05 -1.65602273468E+03   4.35014581              438  0.23726    
      212200  -4.66649906         1307930.        0.000000       -30428.66     -9.60690046844E+08  5.80118875908E+05 -1.65602273386E+03   4.35112763              437  0.23693    
      212300  -4.66552349         1307798.        0.000000       -30432.78     -9.60444727757E+08  5.79970736266E+05 -1.65602273994E+03   4.35087072              439  0.23335    
      212400  -4.66485619         1307559.        0.000000       -30440.75     -9.60333978112E+08  5.79903861482E+05 -1.65602273394E+03   4.35029681              438  0.23264    
      212500  -4.66411604         1307436.        0.000000       -30423.30     -9.60307713458E+08  5.79888001453E+05 -1.65602273379E+03   4.35045084              438  0.23529    
      212600  -4.66369441         1307366.        0.000000       -30456.48     -9.60286164019E+08  5.79874989011E+05 -1.65602273286E+03   4.35060733              439  0.23706    
      212700  -4.66384321         1307661.        0.000000       -30414.70     -9.60249570419E+08  5.79852890432E+05 -1.65602273657E+03   4.34983811              440  0.23535    
      212800  -4.66471850         1307682.        0.000000       -30427.13     -9.60416808977E+08  5.79953878765E+05 -1.65602273585E+03   4.35032508              439  0.23110    
      212900  -4.66449677         1307749.        0.000000       -30434.88     -9.60352637425E+08  5.79915127564E+05 -1.65602273812E+03   4.35000828              440  0.23537    
      213000  -4.66490701         1307836.        0.000000       -30458.68     -9.60388030913E+08  5.79936497964E+05 -1.65602274436E+03   4.35026520              436  0.23277    
      213100  -4.66466540         1307379.        0.000000       -30457.00     -9.60217090027E+08  5.79833275716E+05 -1.65602274006E+03   4.35112292              439  0.23686    
      213200  -4.66317456         1307139.        0.000000       -30444.65     -9.59974126507E+08  5.79686561319E+05 -1.65602273808E+03   4.35000723              438  0.23156    
      213300  -4.66338326         1307592.        0.000000       -30495.04     -9.60163707599E+08  5.79801041987E+05 -1.65602273550E+03   4.34941291              439  0.23391    
      213400  -4.66446969         1307645.        0.000000       -30488.43     -9.60385314027E+08  5.79934859533E+05 -1.65602273814E+03   4.35014280              439  0.23892    
      213500  -4.66481226         1308000.        0.000000       -30430.76     -9.60428269699E+08  5.79960799690E+05 -1.65602273501E+03   4.34984754              439  0.23158    
      213600  -4.66545310         1307664.        0.000000       -30437.68     -9.60471015659E+08  5.79986611476E+05 -1.65602273683E+03   4.35090007              439  0.23249    
      213700  -4.66513968         1307917.        0.000000       -30477.33     -9.60405349560E+08  5.79946958434E+05 -1.65602273724E+03   4.34987019              439  0.23139    
      213800  -4.66576936         1308111.        0.000000       -30476.81     -9.60513887442E+08  5.80012498928E+05 -1.65602273954E+03   4.34991625              437  0.23250    
      213900  -4.66507340         1307734.        0.000000       -30450.69     -9.60414283806E+08  5.79952353752E+05 -1.65602273634E+03   4.35056043              438  0.23693    
      214000  -4.66388026         1307353.        0.000000       -30441.93     -9.60234693583E+08  5.79843907958E+05 -1.65602273371E+03   4.35056042              439  0.23105    
      214100  -4.66387021         1307430.        0.000000       -30421.99     -9.60221349485E+08  5.79835851155E+05 -1.65602273052E+03   4.35004475              438  0.23137    
      214200  -4.66478044         1307844.        0.000000       -30462.15     -9.60542073258E+08  5.80029523694E+05 -1.65602272647E+03   4.34946723              438  0.23455    
      214300  -4.66627055         1308210.        0.000000       -30490.87     -9.60848232953E+08  5.80214398498E+05 -1.65602273132E+03   4.35004717              438  0.23774    
      214400  -4.66506747         1307632.        0.000000       -30425.07     -9.60587310924E+08  5.80056838343E+05 -1.65602273334E+03   4.35120082              438  0.23492    
      214500  -4.66393357         1307485.        0.000000       -30452.64     -9.60450988716E+08  5.79974520135E+05 -1.65602273095E+03   4.34967388              439  0.23499    
      214600  -4.66549321         1308271.        0.000000       -30488.75     -9.60841128537E+08  5.80210109505E+05 -1.65602272831E+03   4.34914666              440  0.23279    
      214700  -4.66615069         1307879.        0.000000       -30507.40     -9.61015577053E+08  5.80315450328E+05 -1.65602273128E+03   4.35013833              439  0.23309    
      214800  -4.66497536         1307892.        0.000000       -30494.13     -9.60878460182E+08  5.80232653006E+05 -1.65602272675E+03   4.35039007              440  0.23371    
      214900  -4.66615578         1308094.        0.000000       -30505.80     -9.61035062747E+08  5.80327217998E+05 -1.65602272811E+03   4.35040592              438  0.23356    
      215000  -4.66681119         1308326.        0.000000       -30482.39     -9.60989644876E+08  5.80299791345E+05 -1.65602273034E+03   4.35001037              437  0.23188    
      215100  -4.66625251         1307980.        0.000000       -30471.05     -9.60917910770E+08  5.80256472419E+05 -1.65602273554E+03   4.35087072              438  0.23279    
      215200  -4.66526368         1307799.        0.000000       -30483.44     -9.60658132280E+08  5.80099603826E+05 -1.65602273462E+03   4.35001494              438  0.23462    
      215300  -4.66502972         1307717.        0.000000       -30521.02     -9.60720902210E+08  5.80137509999E+05 -1.65602272849E+03   4.34978642              438  0.23420    
      215400  -4.66576646         1308122.        0.000000       -30463.47     -9.60897858348E+08  5.80244366379E+05 -1.65602272771E+03   4.34998886              439  0.23781    
      215500  -4.66639233         1308168.        0.000000       -30438.11     -9.61029450014E+08  5.80323828830E+05 -1.65602272778E+03   4.35109167              439  0.23150    
      215600  -4.66583340         1307935.        0.000000       -30403.92     -9.60812158983E+08  5.80192615903E+05 -1.65602272874E+03   4.35054310              440  0.23157    
      215700  -4.66490437         1307780.        0.000000       -30446.56     -9.60626697004E+08  5.80080623918E+05 -1.65602272752E+03   4.35046926              437  0.23269    
      215800  -4.66586709         1307964.        0.000000       -30422.37     -9.60681062049E+08  5.80113450872E+05 -1.65602273246E+03   4.35008057              438  0.23158    
      215900  -4.66532965         1307794.        0.000000       -30384.86     -9.60465397092E+08  5.79983217394E+05 -1.65602274046E+03   4.35091933              439  0.23413    
      216000  -4.66452518         1307455.        0.000000       -30373.73     -9.60178365561E+08  5.79809892060E+05 -1.65602273902E+03   4.35018491              440  0.23237    
      216100  -4.66498605         1308004.        0.000000       -30404.05     -9.60392610394E+08  5.79939265711E+05 -1.65602273751E+03   4.34960815              438  0.23280    
      216200  -4.66648768         1308476.        0.000000       -30437.83     -9.60768732365E+08  5.80166389674E+05 -1.65602273669E+03   4.34934921              439  0.23483    
      216300  -4.66742218         1308436.        0.000000       -30423.77     -9.60998348111E+08  5.80305045789E+05 -1.65602273336E+03   4.35016554              439  0.23296    
      216400  -4.66728311         1308221.        0.000000       -30433.34     -9.60951181037E+08  5.80276564668E+05 -1.65602273045E+03   4.35092762              438  0.23108    
      216500  -4.66593420         1308025.        0.000000       -30413.93     -9.60601183616E+08  5.80065217418E+05 -1.65602272774E+03   4.35073256              438  0.23475    
      216600  -4.66514151         1307537.        0.000000       -30474.60     -9.60305441075E+08  5.79886631228E+05 -1.65602272817E+03   4.35079106              439  0.23333    
      216700  -4.66427300         1307792.        0.000000       -30469.71     -9.60186523285E+08  5.79814823421E+05 -1.65602272398E+03   4.34964001              439  0.23336    
      216800  -4.66469442         1307584.        0.000000       -30466.68     -9.60320824057E+08  5.79895921219E+05 -1.65602272566E+03   4.35083966              438  0.23136    
      216900  -4.66428344         1307813.        0.000000       -30503.90     -9.60374821951E+08  5.79928530113E+05 -1.65602272018E+03   4.34973219              439  0.23487    
      217000  -4.66596428         1308226.        0.000000       -30490.62     -9.60655495581E+08  5.80098015271E+05 -1.65602272425E+03   4.34984149              439  0.23118    
      217100  -4.66686973         1308307.        0.000000       -30464.84     -9.60832730299E+08  5.80205037432E+05 -1.65602273043E+03   4.35031217              438  0.23365    
      217200  -4.66616763         1308113.        0.000000       -30452.80     -9.60649970672E+08  5.80094679603E+05 -1.65602272258E+03   4.34993782              439  0.23158    
      217300  -4.66614960         1307621.        0.000000       -30467.50     -9.60729611546E+08  5.80142770327E+05 -1.65602272524E+03   4.35154954              440  0.23763    
      217400  -4.66557922         1308139.        0.000000       -30523.92     -9.60567759196E+08  5.80045033938E+05 -1.65602272753E+03   4.34924724              438  0.23715    
      217500  -4.66624441         1308030.        0.000000       -30495.73     -9.60739422379E+08  5.80148694133E+05 -1.65602272675E+03   4.35049214              438  0.23424    
      217600  -4.66603617         1308124.        0.000000       -30501.29     -9.60623310863E+08  5.80078575801E+05 -1.65602273716E+03   4.34979528              438  0.23555    
      217700  -4.66526374         1307784.        0.000000       -30469.14     -9.60427367697E+08  5.79960253817E+05 -1.65602273841E+03   4.35056116              439  0.23543    
      217800  -4.66402223         1307447.        0.000000       -30464.13     -9.60228910825E+08  5.79840414502E+05 -1.65602273800E+03   4.34976646              439  0.23184    
      217900  -4.66358661         1307576.        0.000000       -30485.05     -9.60304147108E+08  5.79885845664E+05 -1.65602274014E+03   4.35003362              438  0.23131    
      218000  -4.66453311         1307743.        0.000000       -30478.63     -9.60336898620E+08  5.79905621729E+05 -1.65602274342E+03   4.34983868              437  0.23203    
      218100  -4.66531646         1307766.        0.000000       -30458.89     -9.60487263444E+08  5.79996420504E+05 -1.65602274340E+03   4.35031810              438  0.23402    
      218200  -4.66441425         1307638.        0.000000       -30442.93     -9.60314259204E+08  5.79891952540E+05 -1.65602273837E+03   4.35037631              439  0.23177    
      218300  -4.66400936         1307348.        0.000000       -30483.80     -9.60257468720E+08  5.79857660668E+05 -1.65602273429E+03   4.35053049              440  0.23383    
      218400  -4.66435968         1307834.        0.000000       -30476.39     -9.60328334545E+08  5.79900451194E+05 -1.65602274074E+03   4.35021881              439  0.23262    
      218500  -4.66458313         1307807.        0.000000       -30479.67     -9.60380211246E+08  5.79931776588E+05 -1.65602274270E+03   4.34945906              438  0.23383    
      218600  -4.66484950         1307798.        0.000000       -30496.61     -9.60571886857E+08  5.80047522290E+05 -1.65602273942E+03   4.34982085              439  0.23824    
      218700  -4.66469986         1307828.        0.000000       -30460.74     -9.60566145137E+08  5.80044055804E+05 -1.65602273746E+03   4.34967664              439  0.23163    
      218800  -4.66651554         1308388.        0.000000       -30454.99     -9.60890230617E+08  5.80239756346E+05 -1.65602273906E+03   4.34965861              437  0.23340    
      218900  -4.66724570         1308180.        0.000000       -30464.38     -9.60963800685E+08  5.80284182160E+05 -1.65602273891E+03   4.35100536              440  0.23245    
      219000  -4.66565408         1307697.        0.000000       -30431.18     -9.60522646721E+08  5.80017787743E+05 -1.65602274106E+03   4.35089850              440  0.23360    
      219100  -4.66398970         1307556.        0.000000       -30427.28     -9.60240387711E+08  5.79847344159E+05 -1.65602274009E+03   4.35046719              438  0.23044    
      219200  -4.66368378         1307468.        0.000000       -30397.06     -9.60050415812E+08  5.79732627342E+05 -1.65602274313E+03   4.35005586              438  0.23186    
      219300  -4.66364454         1307585.        0.000000       -30390.20     -9.60147754092E+08  5.79791405542E+05 -1.65602274355E+03   4.34945452              439  0.23573    
      219400  -4.66463616         1307752.        0.000000       -30375.96     -9.60286276788E+08  5.79875054229E+05 -1.65602274108E+03   4.34989632              437  0.23161    
      219500  -4.66529654         1307825.        0.000000       -30411.40     -9.60495993026E+08  5.80001694464E+05 -1.65602273613E+03   4.35032592              435  0.23491    
      219600  -4.66495867         1307718.        0.000000       -30408.57     -9.60475164700E+08  5.79989116357E+05 -1.65602273838E+03   4.35071293              437  0.23152    
      219700  -4.66499302         1307724.        0.000000       -30443.75     -9.60469822968E+08  5.79985887043E+05 -1.65602274887E+03   4.35032529              440  0.23277    
      219800  -4.66488706         1308152.        0.000000       -30426.07     -9.60522561985E+08  5.80017735291E+05 -1.65602274472E+03   4.34896358              438  0.23380    
      219900  -4.66668407         1308390.        0.000000       -30437.54     -9.60870390771E+08  5.80227776635E+05 -1.65602273704E+03   4.34944498              437  0.23351    
      220000  -4.66737089         1308356.        0.000000       -30450.34     -9.61071896676E+08  5.80349458019E+05 -1.65602273492E+03   4.35027625              440  0.23125    
      220100  -4.66749952         1308250.        0.000000       -30462.45     -9.61217687331E+08  5.80437494678E+05 -1.65602273482E+03   4.35059303              437  0.23465    
      220200  -4.66661271         1308174.        0.000000       -30449.88     -9.61087776793E+08  5.80359048551E+05 -1.65602273143E+03   4.35054236              439  0.23317    
      220300  -4.66618201         1308004.        0.000000       -30488.64     -9.60921825275E+08  5.80258838344E+05 -1.65602272947E+03   4.35021516              440  0.23205    
      220400  -4.66574400         1307957.        0.000000       -30457.15     -9.60827737620E+08  5.80202024650E+05 -1.65602272450E+03   4.35073023              439  0.23242    
      220500  -4.66492211         1307644.        0.000000       -30413.26     -9.60682688992E+08  5.80114438613E+05 -1.65602271733E+03   4.35062573              439  0.23176    
      220600  -4.66463891         1307710.        0.000000       -30451.92     -9.60596710688E+08  5.80062520596E+05 -1.65602271579E+03   4.35028497              435  0.23347    
      220700  -4.66557158         1308066.        0.000000       -30508.02     -9.60735592013E+08  5.80146385260E+05 -1.65602271500E+03   4.34967403              437  0.23343    
      220800  -4.66626370         1308201.        0.000000       -30505.83     -9.60917767516E+08  5.80256391629E+05 -1.65602271923E+03   4.35003550              439  0.23539    
      220900  -4.66637795         1308019.        0.000000       -30523.64     -9.60990020760E+08  5.80300021102E+05 -1.65602272241E+03   4.35059041              438  0.23163    
      221000  -4.66496927         1307495.        0.000000       -30502.46     -9.60694865921E+08  5.80121790866E+05 -1.65602271979E+03   4.35113345              438  0.23777    
      221100  -4.66432666         1307777.        0.000000       -30483.65     -9.60540182750E+08  5.80028384780E+05 -1.65602271881E+03   4.35003471              439  0.23567    
      221200  -4.66432492         1307696.        0.000000       -30468.18     -9.60523167772E+08  5.80018109826E+05 -1.65602271981E+03   4.34999562              437  0.23217    
      221300  -4.66493549         1307732.        0.000000       -30477.67     -9.60610818472E+08  5.80071036880E+05 -1.65602272377E+03   4.35040235              438  0.23909    
      221400  -4.66586659         1308247.        0.000000       -30471.71     -9.60847849385E+08  5.80214168809E+05 -1.65602272581E+03   4.34894462              438  0.23168    
      221500  -4.66730976         1308200.        0.000000       -30469.02     -9.61176821694E+08  5.80412822213E+05 -1.65602272195E+03   4.35039008              440  0.23435    
      221600  -4.66576489         1307673.        0.000000       -30439.38     -9.60971885806E+08  5.80289072731E+05 -1.65602271517E+03   4.35111723              437  0.23532    
      221700  -4.66469823         1307790.        0.000000       -30423.26     -9.60767109323E+08  5.80165418641E+05 -1.65602271086E+03   4.35016187              440  0.23250    
      221800  -4.66563167         1307980.        0.000000       -30425.55     -9.60859447916E+08  5.80221175311E+05 -1.65602271823E+03   4.35027587              440  0.23360    
      221900  -4.66482957         1307479.        0.000000       -30450.23     -9.60693564845E+08  5.80121004796E+05 -1.65602272096E+03   4.35091012              438  0.23247    
      222000  -4.66483270         1307770.        0.000000       -30406.76     -9.60592295792E+08  5.80059848707E+05 -1.65602273271E+03   4.35005236              439  0.23396    
      222100  -4.66506136         1307648.        0.000000       -30436.42     -9.60637121185E+08  5.80086916016E+05 -1.65602273498E+03   4.35053692              440  0.23410    
      222200  -4.66493955         1307855.        0.000000       -30378.33     -9.60590616856E+08  5.80058833083E+05 -1.65602273781E+03   4.35032317              438  0.23345    
      222300  -4.66478092         1307845.        0.000000       -30427.92     -9.60525710336E+08  5.80019640577E+05 -1.65602273292E+03   4.34951768              436  0.23359    
      222400  -4.66567288         1308054.        0.000000       -30420.81     -9.60766875763E+08  5.80165273046E+05 -1.65602272387E+03   4.35003552              439  0.23514    
      222500  -4.66661569         1308453.        0.000000       -30405.32     -9.60869876075E+08  5.80227468470E+05 -1.65602272951E+03   4.34969405              439  0.23417    
      222600  -4.66600487         1307748.        0.000000       -30442.01     -9.60792522024E+08  5.80180756320E+05 -1.65602273353E+03   4.35100913              437  0.23590    
      222700  -4.66559434         1308147.        0.000000       -30464.93     -9.60722933065E+08  5.80138736232E+05 -1.65602272881E+03   4.34956936              438  0.23190    
      222800  -4.66636834         1308112.        0.000000       -30475.57     -9.60910170800E+08  5.80251803308E+05 -1.65602272207E+03   4.35023903              438  0.23319    
      222900  -4.66653846         1308186.        0.000000       -30484.17     -9.60951925907E+08  5.80277017755E+05 -1.65602272105E+03   4.35000052              440  0.23455    
      223000  -4.66651701         1308172.        0.000000       -30458.74     -9.60996204542E+08  5.80303755621E+05 -1.65602272126E+03   4.35025072              440  0.23311    
      223100  -4.66610832         1307740.        0.000000       -30497.33     -9.60831770079E+08  5.80204458321E+05 -1.65602272837E+03   4.35102453              439  0.23638    
      223200  -4.66429683         1307490.        0.000000       -30492.57     -9.60556372806E+08  5.80038158110E+05 -1.65602272777E+03   4.35062712              439  0.23140    
      223300  -4.66400019         1307650.        0.000000       -30467.03     -9.60495132552E+08  5.80001176988E+05 -1.65602273006E+03   4.35026625              438  0.23201    
      223400  -4.66424991         1307672.        0.000000       -30462.76     -9.60471963508E+08  5.79987186584E+05 -1.65602272899E+03   4.34957566              440  0.23383    
      223500  -4.66648491         1308205.        0.000000       -30459.26     -9.60915189329E+08  5.80254834868E+05 -1.65602271896E+03   4.35025024              440  0.23710    
      223600  -4.66573771         1307875.        0.000000       -30455.48     -9.60823273998E+08  5.80199329039E+05 -1.65602272514E+03   4.35041580              438  0.23176    
      223700  -4.66556256         1307975.        0.000000       -30431.44     -9.60862188569E+08  5.80222825446E+05 -1.65602273201E+03   4.35036537              438  0.23201    
      223800  -4.66658694         1308392.        0.000000       -30454.84     -9.60863434030E+08  5.80223579181E+05 -1.65602272729E+03   4.34943944              437  0.23253    
      223900  -4.66580876         1307539.        0.000000       -30456.55     -9.60722801407E+08  5.80138656790E+05 -1.65602272864E+03   4.35153588              439  0.23532    
      224000  -4.66335659         1307211.        0.000000       -30432.97     -9.60363681628E+08  5.79921799696E+05 -1.65602272950E+03   4.35015621              437  0.23629    
      224100  -4.66362899         1307812.        0.000000       -30440.14     -9.60511046737E+08  5.80010788813E+05 -1.65602272451E+03   4.34910345              439  0.23179    
      224200  -4.66585361         1308279.        0.000000       -30444.68     -9.61081199474E+08  5.80355080867E+05 -1.65602271981E+03   4.34909300              439  0.23620    
      224300  -4.66667593         1308187.        0.000000       -30414.36     -9.61202719493E+08  5.80428460165E+05 -1.65602272366E+03   4.35022786              438  0.23645    
      224400  -4.66585857         1307799.        0.000000       -30446.07     -9.61095730023E+08  5.80363854361E+05 -1.65602272230E+03   4.35063517              438  0.23545    
      224500  -4.66513178         1307764.        0.000000       -30433.99     -9.60887524247E+08  5.80238125930E+05 -1.65602272809E+03   4.35041972              439  0.23378    
      224600  -4.66545113         1308080.        0.000000       -30425.27     -9.60856772940E+08  5.80219557423E+05 -1.65602272562E+03   4.34977815              440  0.23325    
      224700  -4.66539989         1307957.        0.000000       -30423.78     -9.60807367059E+08  5.80189724910E+05 -1.65602272120E+03   4.34961349              436  0.23417    
      224800  -4.66713340         1308555.        0.000000       -30450.30     -9.61132717428E+08  5.80386190197E+05 -1.65602272015E+03   4.34959786              438  0.23140    
      224900  -4.66665292         1308005.        0.000000       -30410.80     -9.60973897332E+08  5.80290283029E+05 -1.65602272765E+03   4.35145265              440  0.23430    
      225000  -4.66559762         1307393.        0.000000       -30420.77     -9.60670921147E+08  5.80107329247E+05 -1.65602272668E+03   4.35146412              439  0.23217    
      225100  -4.66328444         1307167.        0.000000       -30414.06     -9.60232852331E+08  5.79842797878E+05 -1.65602272865E+03   4.35103389              438  0.23472    
      225200  -4.66341227         1307636.        0.000000       -30419.44     -9.60090401821E+08  5.79756777619E+05 -1.65602273036E+03   4.34968553              439  0.23485    
      225300  -4.66336351         1307074.        0.000000       -30376.08     -9.60058404304E+08  5.79737454719E+05 -1.65602273320E+03   4.35113672              435  0.23462    
      225400  -4.66236545         1307202.        0.000000       -30380.09     -9.59866578967E+08  5.79621620058E+05 -1.65602273233E+03   4.34945983              440  0.23679    
      225500  -4.66352827         1307435.        0.000000       -30387.88     -9.60143182735E+08  5.79788651435E+05 -1.65602272545E+03   4.35005529              439  0.23160    
      225600  -4.66356558         1307113.        0.000000       -30389.03     -9.60166111364E+08  5.79802494862E+05 -1.65602273166E+03   4.35096588              437  0.23424    
      225700  -4.66269181         1307088.        0.000000       -30404.39     -9.60025078020E+08  5.79717332362E+05 -1.65602272768E+03   4.34994846              438  0.23236    
      225800  -4.66297895         1307340.        0.000000       -30376.63     -9.60061161269E+08  5.79739121250E+05 -1.65602272829E+03   4.35029713              438  0.23281    
      225900  -4.66303353         1307230.        0.000000       -30421.22     -9.60114637840E+08  5.79771413542E+05 -1.65602272795E+03   4.35012180              439  0.23117    
      226000  -4.66391558         1307713.        0.000000       -30486.80     -9.60379695157E+08  5.79931468988E+05 -1.65602273116E+03   4.34947187              439  0.23418    
      226100  -4.66591187         1308421.        0.000000       -30484.97     -9.60757715860E+08  5.80159738032E+05 -1.65602273457E+03   4.34864687              436  0.23386    
      226200  -4.66824146         1308786.        0.000000       -30496.50     -9.61227537365E+08  5.80443441120E+05 -1.65602273929E+03   4.35045055              440  0.23691    
      226300  -4.66780876         1308401.        0.000000       -30476.86     -9.60902812935E+08  5.80247353817E+05 -1.65602274032E+03   4.35106412              440  0.23184    
      226400  -4.66539757         1307609.        0.000000       -30434.37     -9.60311928199E+08  5.79890541716E+05 -1.65602274760E+03   4.35141479              438  0.23139    
      226500  -4.66404784         1307518.        0.000000       -30410.41     -9.60005792643E+08  5.79705680088E+05 -1.65602274675E+03   4.35030045              440  0.23604    
      226600  -4.66371569         1307359.        0.000000       -30424.95     -9.59901723130E+08  5.79642837298E+05 -1.65602274601E+03   4.35064834              439  0.23280    
      226700  -4.66352574         1307414.        0.000000       -30448.22     -9.59847258937E+08  5.79609948943E+05 -1.65602274545E+03   4.34984827              435  0.23766    
      226800  -4.66443462         1307670.        0.000000       -30439.34     -9.60140253221E+08  5.79786874949E+05 -1.65602274681E+03   4.35000578              438  0.23377    
      226900  -4.66433649         1307682.        0.000000       -30446.92     -9.60166793062E+08  5.79802902364E+05 -1.65602274350E+03   4.34987303              435  0.23510    
      227000  -4.66503183         1307831.        0.000000       -30469.81     -9.60316599013E+08  5.79893363948E+05 -1.65602274266E+03   4.34980253              438  0.23417    
      227100  -4.66614507         1308018.        0.000000       -30463.51     -9.60596960162E+08  5.80062663512E+05 -1.65602273786E+03   4.35036441              437  0.23291    
      227200  -4.66568719         1307807.        0.000000       -30420.76     -9.60533758511E+08  5.80024499304E+05 -1.65602273639E+03   4.34990863              438  0.23329    
      227300  -4.66468118         1307727.        0.000000       -30452.07     -9.60470973451E+08  5.79986585751E+05 -1.65602273750E+03   4.35064102              439  0.23271    
      227400  -4.66495448         1307574.        0.000000       -30457.73     -9.60432736438E+08  5.79963496278E+05 -1.65602273695E+03   4.34991494              440  0.23414    
      227500  -4.66360256         1307309.        0.000000       -30468.67     -9.60292103865E+08  5.79878574644E+05 -1.65602273623E+03   4.35079302              439  0.23217    
      227600  -4.66396939         1307666.        0.000000       -30456.41     -9.60336840008E+08  5.79905590151E+05 -1.65602273252E+03   4.34941224              437  0.23362    
      227700  -4.66504616         1307812.        0.000000       -30467.75     -9.60574750750E+08  5.80049253274E+05 -1.65602273484E+03   4.35000338              437  0.23579    
      227800  -4.66562972         1308034.        0.000000       -30493.08     -9.60601131985E+08  5.80065183562E+05 -1.65602273539E+03   4.34991533              440  0.23182    
      227900  -4.66569533         1307904.        0.000000       -30508.90     -9.60545398493E+08  5.80031529220E+05 -1.65602273343E+03   4.35050309              439  0.23493    
      228000  -4.66586755         1308058.        0.000000       -30534.34     -9.60559255256E+08  5.80039894830E+05 -1.65602273881E+03   4.35003331              437  0.23369    
      228100  -4.66491507         1307586.        0.000000       -30483.54     -9.60426263970E+08  5.79959585745E+05 -1.65602274292E+03   4.35076948              439  0.23316    
      228200  -4.66397900         1307539.        0.000000       -30470.99     -9.60208641611E+08  5.79828171741E+05 -1.65602274675E+03   4.34989301              437  0.23132    
      228300  -4.66489784         1307788.        0.000000       -30520.06     -9.60429612610E+08  5.79961608465E+05 -1.65602274115E+03   4.34986569              439  0.23658    
      228400  -4.66611510         1308368.        0.000000       -30508.68     -9.60713768498E+08  5.80133196438E+05 -1.65602274512E+03   4.34937161              437  0.23434    
      228500  -4.66670667         1308257.        0.000000       -30497.86     -9.60885062386E+08  5.80236634143E+05 -1.65602274287E+03   4.34977490              435  0.24071    
      228600  -4.66627359         1307970.        0.000000       -30479.58     -9.60814791757E+08  5.80194203059E+05 -1.65602273634E+03   4.35054566              439  0.23728    
      228700  -4.66550837         1308105.        0.000000       -30474.65     -9.60716446169E+08  5.80134817962E+05 -1.65602273200E+03   4.34999461              438  0.23094    
      228800  -4.66532489         1307617.        0.000000       -30492.68     -9.60721107749E+08  5.80137633503E+05 -1.65602273024E+03   4.35090160              440  0.23228    
      228900  -4.66557964         1307930.        0.000000       -30499.29     -9.60823767262E+08  5.80199625047E+05 -1.65602273042E+03   4.34989563              440  0.23679    
      229000  -4.66628983         1308083.        0.000000       -30464.86     -9.60956417457E+08  5.80279725048E+05 -1.65602273520E+03   4.35056751              438  0.23361    
      229100  -4.66581935         1308239.        0.000000       -30501.76     -9.60882576410E+08  5.80235136651E+05 -1.65602273237E+03   4.34916434              436  0.23362    
      229200  -4.66667358         1308272.        0.000000       -30518.87     -9.61138815703E+08  5.80389867665E+05 -1.65602273446E+03   4.35035342              439  0.23651    
      229300  -4.66695242         1308555.        0.000000       -30527.85     -9.61098062670E+08  5.80365260160E+05 -1.65602273025E+03   4.34944878              440  0.23258    
      229400  -4.66769951         1308317.        0.000000       -30513.24     -9.61284674640E+08  5.80477951181E+05 -1.65602271832E+03   4.35063993              439  0.23320    
      229500  -4.66638106         1308023.        0.000000       -30502.21     -9.61102018660E+08  5.80367650507E+05 -1.65602272597E+03   4.35118295              437  0.23260    
      229600  -4.66606402         1307878.        0.000000       -30494.78     -9.60938182788E+08  5.80268718878E+05 -1.65602272107E+03   4.35074144              438  0.23117    
      229700  -4.66599937         1308252.        0.000000       -30493.34     -9.60828001441E+08  5.80202179994E+05 -1.65602273582E+03   4.34970125              440  0.23569    
      229800  -4.66612015         1307996.        0.000000       -30481.36     -9.60864001512E+08  5.80223919193E+05 -1.65602273489E+03   4.34986559              439  0.23377    
      229900  -4.66557010         1307905.        0.000000       -30454.80     -9.60829567797E+08  5.80203125774E+05 -1.65602273603E+03   4.35045506              438  0.23550    
      230000  -4.66588334         1308102.        0.000000       -30448.82     -9.60846737404E+08  5.80213495278E+05 -1.65602273167E+03   4.35053054              440  0.23140    
      230100  -4.66576964         1307937.        0.000000       -30429.99     -9.60700917874E+08  5.80125440203E+05 -1.65602273456E+03   4.35047422              439  0.23604    
      230200  -4.66581477         1307881.        0.000000       -30428.99     -9.60742069776E+08  5.80150290210E+05 -1.65602273409E+03   4.35003341              440  0.23373    
      230300  -4.66600680         1308148.        0.000000       -30423.63     -9.60774097791E+08  5.80169631956E+05 -1.65602273003E+03   4.35030571              438  0.23518    
      230400  -4.66656526         1308012.        0.000000       -30404.54     -9.60735247523E+08  5.80146170563E+05 -1.65602273405E+03   4.35086364              439  0.23312    
      230500  -4.66573367         1307890.        0.000000       -30453.36     -9.60531022242E+08  5.80022847598E+05 -1.65602273466E+03   4.35055908              436  0.23227    
      230600  -4.66497215         1307745.        0.000000       -30448.95     -9.60442589342E+08  5.79969449232E+05 -1.65602272777E+03   4.35041385              439  0.23471    
      230700  -4.66453530         1307596.        0.000000       -30486.75     -9.60360183286E+08  5.79919690968E+05 -1.65602271874E+03   4.34971966              438  0.23517    
      230800  -4.66501976         1308067.        0.000000       -30477.08     -9.60551550990E+08  5.80035246684E+05 -1.65602272704E+03   4.34982384              439  0.23723    
      230900  -4.66567042         1307926.        0.000000       -30468.58     -9.60639029643E+08  5.80088071264E+05 -1.65602272695E+03   4.35015714              439  0.23307    
      231000  -4.66583418         1308010.        0.000000       -30465.45     -9.60700128182E+08  5.80124966068E+05 -1.65602272678E+03   4.35007565              439  0.23251    
      231100  -4.66533469         1307620.        0.000000       -30440.87     -9.60646127440E+08  5.80092356401E+05 -1.65602272955E+03   4.35121672              439  0.23335    
      231200  -4.66463361         1307565.        0.000000       -30462.28     -9.60349430070E+08  5.79913192210E+05 -1.65602273404E+03   4.35069894              440  0.23390    
      231300  -4.66571345         1307993.        0.000000       -30512.96     -9.60572390452E+08  5.80047828238E+05 -1.65602273414E+03   4.34963149              438  0.23489    
      231400  -4.66517843         1307776.        0.000000       -30506.26     -9.60550647644E+08  5.80034698449E+05 -1.65602273487E+03   4.35052771              439  0.23181    
      231500  -4.66503941         1307530.        0.000000       -30477.26     -9.60563600884E+08  5.80042519935E+05 -1.65602273604E+03   4.35061557              438  0.23420    
      231600  -4.66474066         1307846.        0.000000       -30439.72     -9.60533348429E+08  5.80024252418E+05 -1.65602273427E+03   4.35018919              440  0.23579    
      231700  -4.66502665         1308058.        0.000000       -30492.10     -9.60580178780E+08  5.80052531660E+05 -1.65602273303E+03   4.34901027              437  0.23592    
      231800  -4.66602577         1308154.        0.000000       -30461.49     -9.60801019049E+08  5.80185887055E+05 -1.65602273424E+03   4.34973942              438  0.23231    
      231900  -4.66600454         1307869.        0.000000       -30468.11     -9.60811924757E+08  5.80192473007E+05 -1.65602273290E+03   4.35066630              440  0.23535    
      232000  -4.66536508         1307777.        0.000000       -30437.35     -9.60671708975E+08  5.80107803794E+05 -1.65602273007E+03   4.35087439              438  0.23339    
      232100  -4.66542751         1307945.        0.000000       -30499.85     -9.60654593552E+08  5.80097466591E+05 -1.65602273562E+03   4.34995508              439  0.23455    
      232200  -4.66534237         1308012.        0.000000       -30508.33     -9.60617420682E+08  5.80075018554E+05 -1.65602273836E+03   4.34958532              440  0.23582    
      232300  -4.66545009         1308165.        0.000000       -30528.11     -9.60748172517E+08  5.80153974567E+05 -1.65602273644E+03   4.34946772              439  0.23193    
      232400  -4.66635045         1308165.        0.000000       -30499.09     -9.60876544036E+08  5.80231493387E+05 -1.65602273401E+03   4.35061085              438  0.23597    
      232500  -4.66648751         1308025.        0.000000       -30487.59     -9.60739305499E+08  5.80148621779E+05 -1.65602273182E+03   4.35088210              438  0.23388    
      232600  -4.66593651         1308109.        0.000000       -30459.51     -9.60635028289E+08  5.80085652550E+05 -1.65602273400E+03   4.35019734              438  0.23155    
      232700  -4.66646097         1308215.        0.000000       -30511.15     -9.60685153903E+08  5.80115921252E+05 -1.65602273392E+03   4.34948782              439  0.23482    
      232800  -4.66602512         1307823.        0.000000       -30474.75     -9.60640492052E+08  5.80088952441E+05 -1.65602273239E+03   4.35115198              439  0.23145    
      232900  -4.66563114         1307816.        0.000000       -30467.75     -9.60550259485E+08  5.80034462744E+05 -1.65602273862E+03   4.35126220              437  0.23344    
      233000  -4.66494827         1307839.        0.000000       -30460.84     -9.60290218206E+08  5.79877433505E+05 -1.65602274329E+03   4.35020335              438  0.23475    
      233100  -4.66591305         1308029.        0.000000       -30430.74     -9.60508456279E+08  5.80009219743E+05 -1.65602273823E+03   4.35037659              437  0.23391    
      233200  -4.66599269         1308071.        0.000000       -30480.64     -9.60627746246E+08  5.80081255311E+05 -1.65602273380E+03   4.34959738              438  0.23128    
      233300  -4.66673459         1308078.        0.000000       -30479.66     -9.60871890942E+08  5.80228684176E+05 -1.65602273232E+03   4.35045238              438  0.23306    
      233400  -4.66693196         1308347.        0.000000       -30493.46     -9.60900410063E+08  5.80245903749E+05 -1.65602273770E+03   4.35031582              438  0.23237    
      233500  -4.66623269         1307750.        0.000000       -30468.36     -9.60793012001E+08  5.80181051957E+05 -1.65602273421E+03   4.35108673              440  0.23703    
      233600  -4.66551038         1307914.        0.000000       -30477.90     -9.60568113950E+08  5.80045246725E+05 -1.65602273163E+03   4.35051965              438  0.23407    
      233700  -4.66506043         1307710.        0.000000       -30435.84     -9.60500709029E+08  5.80004544311E+05 -1.65602273025E+03   4.35082446              438  0.23126    
      233800  -4.66498690         1307734.        0.000000       -30460.71     -9.60503165177E+08  5.80006029336E+05 -1.65602272493E+03   4.34984609              439  0.23436    
      233900  -4.66390361         1307312.        0.000000       -30479.05     -9.60401519497E+08  5.79944650049E+05 -1.65602272461E+03   4.35072767              440  0.23225    
      234000  -4.66404730         1307591.        0.000000       -30506.78     -9.60463134741E+08  5.79981855503E+05 -1.65602272835E+03   4.34938035              439  0.23361    
      234100  -4.66425671         1307746.        0.000000       -30523.09     -9.60609896582E+08  5.80070479533E+05 -1.65602272564E+03   4.34955469              439  0.23139    
      234200  -4.66467995         1308007.        0.000000       -30476.67     -9.60626067770E+08  5.80080242221E+05 -1.65602273246E+03   4.34976282              439  0.23664    
      234300  -4.66560433         1307711.        0.000000       -30465.16     -9.60741591174E+08  5.80150003115E+05 -1.65602272863E+03   4.35031392              439  0.23371    
      234400  -4.66519290         1307862.        0.000000       -30449.10     -9.60812592140E+08  5.80192878777E+05 -1.65602272500E+03   4.35051366              438  0.23411    
      234500  -4.66460244         1307623.        0.000000       -30434.99     -9.60672294670E+08  5.80108161334E+05 -1.65602271904E+03   4.35050953              440  0.23258    
      234600  -4.66397349         1307694.        0.000000       -30433.02     -9.60500650055E+08  5.80004513499E+05 -1.65602271655E+03   4.34937384              438  0.23096    
      234700  -4.66538164         1307952.        0.000000       -30491.48     -9.60806878535E+08  5.80189432083E+05 -1.65602271500E+03   4.34966171              438  0.23321    
      234800  -4.66627280         1308208.        0.000000       -30467.40     -9.61002983148E+08  5.80307853392E+05 -1.65602270852E+03   4.35019653              439  0.23270    
      234900  -4.66588787         1307981.        0.000000       -30461.87     -9.60856284001E+08  5.80219265918E+05 -1.65602271493E+03   4.35078835              439  0.23735    
      235000  -4.66543582         1307879.        0.000000       -30477.69     -9.60767127660E+08  5.80165427492E+05 -1.65602271720E+03   4.35020947              440  0.23223    
      235100  -4.66612088         1308180.        0.000000       -30490.74     -9.60941331841E+08  5.80270622228E+05 -1.65602271601E+03   4.34989761              436  0.23521    
      235200  -4.66632112         1308152.        0.000000       -30467.59     -9.60909194496E+08  5.80251213713E+05 -1.65602272221E+03   4.35015967              439  0.23609    
      235300  -4.66630313         1308158.        0.000000       -30495.59     -9.60890265763E+08  5.80239783728E+05 -1.65602272148E+03   4.35018049              440  0.23199    
      235400  -4.66620018         1308125.        0.000000       -30450.08     -9.60894007578E+08  5.80242044083E+05 -1.65602271910E+03   4.34996448              437  0.23277    
      235500  -4.66647345         1307990.        0.000000       -30495.59     -9.60931140740E+08  5.80264468087E+05 -1.65602271652E+03   4.35072780              438  0.23201    
      235600  -4.66460231         1307685.        0.000000       -30453.48     -9.60658541623E+08  5.80099854544E+05 -1.65602272453E+03   4.35047668              440  0.23332    
      235700  -4.66433875         1307661.        0.000000       -30486.14     -9.60537625548E+08  5.80026839066E+05 -1.65602272318E+03   4.35044530              439  0.23324    
      235800  -4.66413365         1307495.        0.000000       -30476.16     -9.60461667818E+08  5.79980971960E+05 -1.65602272187E+03   4.35026740              437  0.23551    
      235900  -4.66492394         1307966.        0.000000       -30465.52     -9.60554628739E+08  5.80037105384E+05 -1.65602272652E+03   4.34979339              438  0.23138    
      236000  -4.66593879         1308103.        0.000000       -30488.65     -9.60711551835E+08  5.80131863102E+05 -1.65602273024E+03   4.35007430              440  0.23505    
      236100  -4.66622180         1308243.        0.000000       -30475.61     -9.60654807306E+08  5.80097595929E+05 -1.65602273488E+03   4.34973620              440  0.23209    
      236200  -4.66756877         1308275.        0.000000       -30492.57     -9.61023974321E+08  5.80320519941E+05 -1.65602273450E+03   4.35010242              437  0.23297    
      236300  -4.66651955         1307883.        0.000000       -30441.66     -9.60860023372E+08  5.80221515262E+05 -1.65602273976E+03   4.35159934              439  0.23297    
      236400  -4.66541135         1307673.        0.000000       -30457.15     -9.60563328355E+08  5.80042354041E+05 -1.65602273983E+03   4.35087572              438  0.23182    
      236500  -4.66451274         1307788.        0.000000       -30487.30     -9.60490704645E+08  5.79998500772E+05 -1.65602273690E+03   4.34900982              438  0.23237    
      236600  -4.66592360         1308300.        0.000000       -30466.08     -9.60902922848E+08  5.80247423486E+05 -1.65602273092E+03   4.34947025              439  0.23866    
      236700  -4.66683603         1308154.        0.000000       -30487.23     -9.60986304170E+08  5.80297772517E+05 -1.65602273468E+03   4.35123323              440  0.23492    
      236800  -4.66503432         1307548.        0.000000       -30461.82     -9.60512076073E+08  5.80011406305E+05 -1.65602273616E+03   4.35096013              437  0.23141    
      236900  -4.66434470         1307752.        0.000000       -30443.71     -9.60338550167E+08  5.79906624304E+05 -1.65602272835E+03   4.35007380              438  0.23556    
      237000  -4.66467161         1307837.        0.000000       -30491.98     -9.60335811435E+08  5.79904968890E+05 -1.65602273295E+03   4.34974999              438  0.23247    
      237100  -4.66464143         1307384.        0.000000       -30447.22     -9.60326075806E+08  5.79899089135E+05 -1.65602273533E+03   4.35116181              440  0.23450    
      237200  -4.66307561         1307238.        0.000000       -30465.95     -9.60011922567E+08  5.79709384552E+05 -1.65602273855E+03   4.35013135              439  0.23367    
      237300  -4.66282500         1307375.        0.000000       -30463.06     -9.60043541724E+08  5.79728479395E+05 -1.65602273452E+03   4.34963608              439  0.23131    
      237400  -4.66483814         1307936.        0.000000       -30472.51     -9.60429131845E+08  5.79961319811E+05 -1.65602273641E+03   4.34901856              438  0.23495    
      237500  -4.66692683         1308675.        0.000000       -30476.00     -9.60912484888E+08  5.80253197085E+05 -1.65602273234E+03   4.34910392              438  0.23653    
      237600  -4.66715664         1308059.        0.000000       -30472.83     -9.61042433421E+08  5.80331667251E+05 -1.65602273261E+03   4.35136825              440  0.23569    
      237700  -4.66512060         1307595.        0.000000       -30432.69     -9.60695802121E+08  5.80122352270E+05 -1.65602273100E+03   4.35076609              439  0.23673    
      237800  -4.66396202         1307413.        0.000000       -30421.97     -9.60514898955E+08  5.80013113060E+05 -1.65602273005E+03   4.35094655              438  0.23257    
      237900  -4.66377493         1307470.        0.000000       -30415.79     -9.60363560342E+08  5.79921729083E+05 -1.65602272200E+03   4.35059431              437  0.23398    
      238000  -4.66373894         1307469.        0.000000       -30412.19     -9.60299047683E+08  5.79882771225E+05 -1.65602272620E+03   4.35048733              440  0.23166    
      238100  -4.66420807         1307975.        0.000000       -30463.41     -9.60275205319E+08  5.79868372304E+05 -1.65602273065E+03   4.34903708              437  0.23545    
      238200  -4.66658740         1308267.        0.000000       -30465.51     -9.60714707931E+08  5.80133768904E+05 -1.65602273032E+03   4.35003788              440  0.23134    
      238300  -4.66642161         1307850.        0.000000       -30441.30     -9.60513799909E+08  5.80012447372E+05 -1.65602273583E+03   4.35088166              437  0.23624    
      238400  -4.66558454         1308057.        0.000000       -30443.31     -9.60304474350E+08  5.79886042784E+05 -1.65602274154E+03   4.34990689              439  0.23711    
      238500  -4.66654297         1308099.        0.000000       -30433.29     -9.60468320450E+08  5.79984981460E+05 -1.65602274396E+03   4.34985338              437  0.23269    
      238600  -4.66522008         1307769.        0.000000       -30388.84     -9.60282051147E+08  5.79872502881E+05 -1.65602274013E+03   4.35027362              439  0.23229    
      238700  -4.66545257         1308127.        0.000000       -30388.30     -9.60488152079E+08  5.79996960013E+05 -1.65602273512E+03   4.34934904              440  0.23426    
      238800  -4.66619737         1308014.        0.000000       -30438.21     -9.60623210591E+08  5.80078517883E+05 -1.65602272964E+03   4.35059802              438  0.23621    
      238900  -4.66632604         1308112.        0.000000       -30442.51     -9.60549895917E+08  5.80034248541E+05 -1.65602272337E+03   4.34983916              440  0.23204    
      239000  -4.66581178         1308022.        0.000000       -30446.18     -9.60622312631E+08  5.80077977569E+05 -1.65602272415E+03   4.34987869              440  0.23317    
      239100  -4.66533232         1307839.        0.000000       -30484.04     -9.60650267117E+08  5.80094855832E+05 -1.65602273052E+03   4.34985824              439  0.23495    
      239200  -4.66418767         1307439.        0.000000       -30495.57     -9.60546729712E+08  5.80032334659E+05 -1.65602272893E+03   4.35046661              438  0.23117    
      239300  -4.66491728         1307789.        0.000000       -30468.16     -9.60638502889E+08  5.80087753076E+05 -1.65602272724E+03   4.35016911              438  0.23430    
      239400  -4.66468788         1307644.        0.000000       -30482.33     -9.60592362078E+08  5.80059890223E+05 -1.65602272846E+03   4.35076345              438  0.23311    
      239500  -4.66517673         1307821.        0.000000       -30513.27     -9.60607986593E+08  5.80069328490E+05 -1.65602271903E+03   4.34970858              437  0.23357    
      239600  -4.66607909         1307758.        0.000000       -30494.24     -9.60772863777E+08  5.80168891084E+05 -1.65602271777E+03   4.35083719              438  0.23157    
      239700  -4.66541603         1307692.        0.000000       -30452.79     -9.60607945944E+08  5.80069301312E+05 -1.65602272655E+03   4.35088533              438  0.23731    
      239800  -4.66381024         1307328.        0.000000       -30440.64     -9.60191002755E+08  5.79817525484E+05 -1.65602273224E+03   4.35083883              440  0.23301    
      239900  -4.66398140         1307631.        0.000000       -30477.32     -9.60229230241E+08  5.79840609170E+05 -1.65602273289E+03   4.34970202              440  0.23447    
      240000  -4.66490249         1307779.        0.000000       -30480.53     -9.60413382067E+08  5.79951812360E+05 -1.65602272740E+03   4.34980990              437  0.23480    
      240100  -4.66482899         1307621.        0.000000       -30438.88     -9.60406295995E+08  5.79947535817E+05 -1.65602272047E+03   4.35065677              437  0.23566    
      240200  -4.66419000         1307632.        0.000000       -30414.69     -9.60250239819E+08  5.79853297609E+05 -1.65602272813E+03   4.34964537              439  0.23496    
      240300  -4.66456479         1307505.        0.000000       -30393.48     -9.60371002416E+08  5.79926222394E+05 -1.65602272381E+03   4.35065792              440  0.23650    
      240400  -4.66470170         1307896.        0.000000       -30426.28     -9.60518174021E+08  5.80015090997E+05 -1.65602272929E+03   4.34946136              440  0.23408    
      240500  -4.66621691         1308135.        0.000000       -30394.90     -9.60746737945E+08  5.80153110706E+05 -1.65602272954E+03   4.35022904              438  0.23166    
      240600  -4.66665268         1308301.        0.000000       -30366.28     -9.60759479946E+08  5.80160803862E+05 -1.65602273292E+03   4.35006861              437  0.23374    
      240700  -4.66674714         1308359.        0.000000       -30360.88     -9.60765781082E+08  5.80164608698E+05 -1.65602273334E+03   4.35058130              437  0.23660    
      240800  -4.66516185         1307389.        0.000000       -30349.06     -9.60306869954E+08  5.79887489506E+05 -1.65602274119E+03   4.35195424              438  0.23557    
      240900  -4.66387249         1307331.        0.000000       -30401.85     -9.59997539154E+08  5.79700696167E+05 -1.65602274674E+03   4.35003952              439  0.23570    
      241000  -4.66393038         1307458.        0.000000       -30430.36     -9.60028159575E+08  5.79719187016E+05 -1.65602274528E+03   4.35028358              439  0.23035    
      241100  -4.66394688         1307478.        0.000000       -30436.51     -9.60038351155E+08  5.79725342850E+05 -1.65602274076E+03   4.35052348              437  0.23267    
      241200  -4.66362459         1307559.        0.000000       -30430.29     -9.59986923342E+08  5.79694287597E+05 -1.65602274144E+03   4.34999155              438  0.23433    
      241300  -4.66428414         1307300.        0.000000       -30448.10     -9.60055643410E+08  5.79735785158E+05 -1.65602273999E+03   4.35078485              438  0.23404    
      241400  -4.66335127         1307076.        0.000000       -30438.72     -9.59963173753E+08  5.79679942624E+05 -1.65602275181E+03   4.35096516              439  0.23137    
      241500  -4.66298073         1307547.        0.000000       -30444.71     -9.59860278529E+08  5.79617809306E+05 -1.65602275002E+03   4.34961290              438  0.23673    
      241600  -4.66553315         1308336.        0.000000       -30444.62     -9.60263468974E+08  5.79861277797E+05 -1.65602275189E+03   4.34930498              438  0.23569    
      241700  -4.66689939         1308337.        0.000000       -30435.19     -9.60463449677E+08  5.79982036909E+05 -1.65602275339E+03   4.35005628              439  0.23285    
      241800  -4.66591740         1307968.        0.000000       -30466.25     -9.60365551248E+08  5.79922921435E+05 -1.65602275018E+03   4.35062908              438  0.23445    
      241900  -4.66509352         1307501.        0.000000       -30460.57     -9.60126372430E+08  5.79778491603E+05 -1.65602275065E+03   4.35093261              439  0.23188    
      242000  -4.66391155         1307319.        0.000000       -30422.52     -9.60049326725E+08  5.79731966865E+05 -1.65602275120E+03   4.35011918              440  0.23383    
      242100  -4.66434432         1307481.        0.000000       -30387.92     -9.60278220701E+08  5.79870185602E+05 -1.65602275224E+03   4.35042779              439  0.23614    
      242200  -4.66390366         1307436.        0.000000       -30419.38     -9.60232343203E+08  5.79842484462E+05 -1.65602274572E+03   4.35044483              440  0.23276    
      242300  -4.66355753         1307664.        0.000000       -30398.47     -9.60163197207E+08  5.79800731352E+05 -1.65602274245E+03   4.34949845              436  0.23214    
      242400  -4.66426135         1307574.        0.000000       -30397.21     -9.60300145401E+08  5.79883430192E+05 -1.65602273733E+03   4.35027048              440  0.23382    
      242500  -4.66472819         1307596.        0.000000       -30444.54     -9.60383329136E+08  5.79933659443E+05 -1.65602274243E+03   4.35027166              438  0.23288    
      242600  -4.66437242         1307533.        0.000000       -30468.83     -9.60350144681E+08  5.79913622423E+05 -1.65602273778E+03   4.35038912              438  0.23391    
      242700  -4.66441504         1307794.        0.000000       -30422.05     -9.60374602465E+08  5.79928392868E+05 -1.65602273363E+03   4.34955606              439  0.23652    
      242800  -4.66509313         1307826.        0.000000       -30415.03     -9.60608822929E+08  5.80069828953E+05 -1.65602273206E+03   4.34965600              440  0.23316    
      242900  -4.66519820         1307776.        0.000000       -30425.74     -9.60754521884E+08  5.80157811348E+05 -1.65602272880E+03   4.35003969              438  0.23505    
      243000  -4.66472036         1307782.        0.000000       -30446.33     -9.60720208775E+08  5.80137089804E+05 -1.65602273266E+03   4.34952478              438  0.23296    
      243100  -4.66646298         1308428.        0.000000       -30503.23     -9.61128951300E+08  5.80383913373E+05 -1.65602272764E+03   4.34949776              440  0.23171    
      243200  -4.66798795         1308375.        0.000000       -30493.08     -9.61401792643E+08  5.80548671294E+05 -1.65602272502E+03   4.35061901              439  0.23185    
      243300  -4.66500020         1307582.        0.000000       -30411.29     -9.60907198623E+08  5.80250007392E+05 -1.65602272534E+03   4.35086121              438  0.23838    
      243400  -4.66378002         1307599.        0.000000       -30416.05     -9.60569085081E+08  5.80045835060E+05 -1.65602272617E+03   4.35013863              439  0.23275    
      243500  -4.66435191         1307473.        0.000000       -30410.37     -9.60561603603E+08  5.80041316985E+05 -1.65602272713E+03   4.35027892              438  0.23739    
      243600  -4.66458967         1307869.        0.000000       -30432.37     -9.60602985898E+08  5.80066305867E+05 -1.65602272737E+03   4.35016313              439  0.23562    
      243700  -4.66512731         1307903.        0.000000       -30393.42     -9.60561569258E+08  5.80041296005E+05 -1.65602272782E+03   4.34961216              436  0.23150    
      243800  -4.66554218         1307836.        0.000000       -30438.64     -9.60609287371E+08  5.80070110793E+05 -1.65602272811E+03   4.34974853              440  0.23479    
      243900  -4.66627648         1308069.        0.000000       -30464.20     -9.60793342728E+08  5.80181253339E+05 -1.65602272945E+03   4.35043272              439  0.23615    
      244000  -4.66579313         1307831.        0.000000       -30414.79     -9.60686850561E+08  5.80116947031E+05 -1.65602273038E+03   4.35127345              440  0.23525    
      244100  -4.66368945         1307162.        0.000000       -30411.38     -9.60196216350E+08  5.79820673817E+05 -1.65602273204E+03   4.35078249              440  0.23171    
      244200  -4.66309892         1307528.        0.000000       -30415.73     -9.60059476217E+08  5.79738100788E+05 -1.65602273667E+03   4.34986814              439  0.23503    
      244300  -4.66468019         1307782.        0.000000       -30450.35     -9.60471819634E+08  5.79987099901E+05 -1.65602272843E+03   4.34917687              440  0.23727    
      244400  -4.66538526         1307809.        0.000000       -30478.05     -9.60748034891E+08  5.80153893746E+05 -1.65602272991E+03   4.35061764              437  0.23658    
      244500  -4.66452060         1307639.        0.000000       -30451.83     -9.60566186399E+08  5.80044081919E+05 -1.65602273403E+03   4.35058477              438  0.23582    
      244600  -4.66457161         1307763.        0.000000       -30441.84     -9.60533551182E+08  5.80024373318E+05 -1.65602273864E+03   4.34977607              438  0.23042    
      244700  -4.66586871         1308227.        0.000000       -30457.73     -9.60673580501E+08  5.80108930207E+05 -1.65602274069E+03   4.34960606              438  0.23581    
      244800  -4.66637342         1307888.        0.000000       -30442.34     -9.60689640855E+08  5.80118627567E+05 -1.65602274294E+03   4.35069352              438  0.23190    
      244900  -4.66526062         1307976.        0.000000       -30422.76     -9.60611406896E+08  5.80071386448E+05 -1.65602274020E+03   4.34962316              438  0.23402    
      245000  -4.66467744         1307672.        0.000000       -30468.51     -9.60624144325E+08  5.80079081064E+05 -1.65602273153E+03   4.35032125              438  0.23353    
      245100  -4.66426146         1307523.        0.000000       -30480.44     -9.60530172865E+08  5.80022338327E+05 -1.65602272429E+03   4.35041721              437  0.23180    
      245200  -4.66421356         1307649.        0.000000       -30514.03     -9.60486315875E+08  5.79995853191E+05 -1.65602272946E+03   4.35032448              438  0.23232    
      245300  -4.66481578         1307892.        0.000000       -30486.04     -9.60474492178E+08  5.79988710825E+05 -1.65602273674E+03   4.35007696              436  0.23653    
      245400  -4.66520767         1307828.        0.000000       -30535.86     -9.60513153972E+08  5.80012057190E+05 -1.65602273619E+03   4.35006447              440  0.23509    
      245500  -4.66532943         1307754.        0.000000       -30497.44     -9.60611355630E+08  5.80071358323E+05 -1.65602273211E+03   4.35047735              438  0.23089    
      245600  -4.66502277         1307765.        0.000000       -30486.38     -9.60600118231E+08  5.80064570467E+05 -1.65602273805E+03   4.35067303              440  0.23637    
      245700  -4.66412589         1307603.        0.000000       -30469.00     -9.60324020927E+08  5.79897844178E+05 -1.65602274706E+03   4.35062676              439  0.23365    
      245800  -4.66478287         1307726.        0.000000       -30412.69     -9.60294401712E+08  5.79879958066E+05 -1.65602274808E+03   4.35022803              440  0.23366    
      245900  -4.66386798         1307065.        0.000000       -30426.89     -9.60172619602E+08  5.79806421207E+05 -1.65602274222E+03   4.35165435              438  0.23452    
      246000  -4.66280297         1307128.        0.000000       -30433.91     -9.59932119419E+08  5.79661194632E+05 -1.65602273933E+03   4.35025247              440  0.23459    
      246100  -4.66397102         1307429.        0.000000       -30427.13     -9.60098074167E+08  5.79761408507E+05 -1.65602273639E+03   4.35019383              440  0.23247    
      246200  -4.66329903         1307210.        0.000000       -30425.68     -9.60025137413E+08  5.79717365604E+05 -1.65602273517E+03   4.35078723              436  0.23765    
      246300  -4.66312869         1307445.        0.000000       -30432.27     -9.59907906528E+08  5.79646573767E+05 -1.65602273863E+03   4.34991955              438  0.23457    
      246400  -4.66440156         1307798.        0.000000       -30430.32     -9.60193593302E+08  5.79819087325E+05 -1.65602273932E+03   4.34900453              439  0.23054    
      246500  -4.66589365         1307907.        0.000000       -30424.97     -9.60546679920E+08  5.80032300600E+05 -1.65602274033E+03   4.35020637              439  0.23365    
      246600  -4.66543524         1307695.        0.000000       -30386.67     -9.60470065525E+08  5.79986034727E+05 -1.65602274541E+03   4.35083950              440  0.23725    
      246700  -4.66403932         1307229.        0.000000       -30415.52     -9.60166214833E+08  5.79802551290E+05 -1.65602274895E+03   4.35050923              437  0.23281    
      246800  -4.66256148         1306978.        0.000000       -30384.29     -9.59996121134E+08  5.79699840175E+05 -1.65602274592E+03   4.35084495              439  0.23128    
      246900  -4.66253958         1307331.        0.000000       -30387.56     -9.59791467376E+08  5.79576261379E+05 -1.65602273822E+03   4.34981269              439  0.23119    
      247000  -4.66388587         1307729.        0.000000       -30429.00     -9.60070300626E+08  5.79744635806E+05 -1.65602274058E+03   4.34925187              439  0.23162    
      247100  -4.66395886         1307478.        0.000000       -30436.86     -9.60219949538E+08  5.79835001018E+05 -1.65602274414E+03   4.35018542              439  0.23351    
      247200  -4.66347275         1307308.        0.000000       -30494.01     -9.60168709910E+08  5.79804062605E+05 -1.65602273567E+03   4.34969692              439  0.23580    
      247300  -4.66506189         1308039.        0.000000       -30440.25     -9.60615592339E+08  5.80073915575E+05 -1.65602273529E+03   4.34957849              440  0.23120    
      247400  -4.66622057         1307963.        0.000000       -30433.24     -9.60834009596E+08  5.80205808342E+05 -1.65602273500E+03   4.34986765              439  0.23635    
      247500  -4.66654724         1308187.        0.000000       -30433.89     -9.60924867022E+08  5.80260676205E+05 -1.65602272638E+03   4.35007290              440  0.23394    
      247600  -4.66531843         1307870.        0.000000       -30413.62     -9.60742058100E+08  5.80150285013E+05 -1.65602272880E+03   4.35001065              440  0.23472    
      247700  -4.66579391         1308047.        0.000000       -30431.00     -9.60866825070E+08  5.80225626727E+05 -1.65602272773E+03   4.35049934              438  0.23474    
      247800  -4.66612056         1307878.        0.000000       -30468.35     -9.60831287350E+08  5.80204169430E+05 -1.65602272092E+03   4.35054947              440  0.23196    
      247900  -4.66429946         1307464.        0.000000       -30437.72     -9.60513541728E+08  5.80012293674E+05 -1.65602272952E+03   4.35130572              438  0.23427    
      248000  -4.66353087         1307369.        0.000000       -30424.41     -9.60272785589E+08  5.79866909636E+05 -1.65602273493E+03   4.35067228              438  0.23415    
      248100  -4.66288864         1307048.        0.000000       -30457.76     -9.60097406569E+08  5.79761008199E+05 -1.65602272832E+03   4.35057191              436  0.23747    
      248200  -4.66238572         1306958.        0.000000       -30436.87     -9.60020823833E+08  5.79714763614E+05 -1.65602272719E+03   4.35027261              436  0.23055    
      248300  -4.66421231         1307808.        0.000000       -30476.02     -9.60303449016E+08  5.79885427337E+05 -1.65602273095E+03   4.34961658              437  0.23415    
      248400  -4.66527873         1307907.        0.000000       -30452.07     -9.60414826113E+08  5.79952685816E+05 -1.65602272324E+03   4.35037880              438  0.23463    
      248500  -4.66584894         1307849.        0.000000       -30461.49     -9.60568523029E+08  5.80045494366E+05 -1.65602272987E+03   4.35007441              437  0.23366    
      248600  -4.66433434         1307438.        0.000000       -30442.65     -9.60450972448E+08  5.79974509669E+05 -1.65602273279E+03   4.35065608              437  0.23670    
      248700  -4.66369055         1307619.        0.000000       -30451.68     -9.60377453768E+08  5.79930113755E+05 -1.65602273617E+03   4.34998718              436  0.23123    
      248800  -4.66465495         1307742.        0.000000       -30473.00     -9.60540713329E+08  5.80028699537E+05 -1.65602273490E+03   4.34995503              438  0.23281    
      248900  -4.66500933         1307919.        0.000000       -30451.64     -9.60579970174E+08  5.80052405414E+05 -1.65602273382E+03   4.35007972              439  0.23405    
      249000  -4.66622123         1308192.        0.000000       -30458.64     -9.60771212920E+08  5.80167888118E+05 -1.65602273514E+03   4.35069222              439  0.23221    
      249100  -4.66575989         1307823.        0.000000       -30436.31     -9.60435763090E+08  5.79965323176E+05 -1.65602273914E+03   4.35090550              437  0.23134    
      249200  -4.66532456         1307882.        0.000000       -30430.77     -9.60430775885E+08  5.79962311745E+05 -1.65602273878E+03   4.34941278              438  0.23327    
      249300  -4.66577974         1308024.        0.000000       -30420.62     -9.60592954257E+08  5.80060247239E+05 -1.65602273010E+03   4.35007211              439  0.23270    
      249400  -4.66563302         1307864.        0.000000       -30426.51     -9.60581977287E+08  5.80053617325E+05 -1.65602273410E+03   4.34996044              440  0.23308    
      249500  -4.66552760         1307957.        0.000000       -30446.70     -9.60734878372E+08  5.80145950916E+05 -1.65602272472E+03   4.34984899              440  0.23311    
      249600  -4.66574606         1307947.        0.000000       -30476.94     -9.60846759663E+08  5.80213510511E+05 -1.65602272656E+03   4.35015439              436  0.23087    
      249700  -4.66602073         1307849.        0.000000       -30459.25     -9.60943819604E+08  5.80272120599E+05 -1.65602272708E+03   4.35070096              440  0.23390    
      249800  -4.66435154         1307335.        0.000000       -30457.77     -9.60587551547E+08  5.80056987227E+05 -1.65602272311E+03   4.35142122              438  0.23278    
      249900  -4.66418751         1307653.        0.000000       -30501.49     -9.60461033551E+08  5.79980588661E+05 -1.65602272271E+03   4.34966904              435  0.23283    
      250000  -4.66434305         1307656.        0.000000       -30506.24     -9.60629853999E+08  5.80082531649E+05 -1.65602272364E+03   4.34991650              439  0.23121    
      250100  -4.66515303         1307630.        0.000000       -30467.74     -9.60790476441E+08  5.80179524847E+05 -1.65602272279E+03   4.35079305              438  0.23525    
      250200  -4.66582300         1308200.        0.000000       -30461.68     -9.60798774329E+08  5.80184536303E+05 -1.65602272072E+03   4.34978923              437  0.23394    
      250300  -4.66575662         1308017.        0.000000       -30474.82     -9.60832746644E+08  5.80205050050E+05 -1.65602272259E+03   4.35053659              439  0.23516    
      250400  -4.66643779         1308269.        0.000000       -30530.93     -9.60937358724E+08  5.80268219864E+05 -1.65602272506E+03   4.34963692              438  0.23379    
      250500  -4.66635058         1307878.        0.000000       -30496.66     -9.61021551467E+08  5.80319059899E+05 -1.65602272590E+03   4.35126345              438  0.23219    
      250600  -4.66586503         1308264.        0.000000       -30509.74     -9.60863293632E+08  5.80223494701E+05 -1.65602272643E+03   4.34960666              437  0.23310    
      250700  -4.66628629         1308130.        0.000000       -30493.71     -9.60919804071E+08  5.80257619360E+05 -1.65602272510E+03   4.35012555              440  0.23501    
      250800  -4.66677689         1308346.        0.000000       -30481.29     -9.60982038800E+08  5.80295197983E+05 -1.65602273143E+03   4.34971395              437  0.23525    
      250900  -4.66699667         1308156.        0.000000       -30476.36     -9.61027401515E+08  5.80322590660E+05 -1.65602273112E+03   4.35031395              438  0.23185    
      251000  -4.66579101         1307933.        0.000000       -30483.00     -9.60856473085E+08  5.80219373264E+05 -1.65602273444E+03   4.35024667              437  0.23469    
      251100  -4.66637269         1308222.        0.000000       -30472.68     -9.60929028456E+08  5.80263186835E+05 -1.65602273289E+03   4.34962911              439  0.23493    
      251200  -4.66743002         1308357.        0.000000       -30466.66     -9.61122239458E+08  5.80379858859E+05 -1.65602273199E+03   4.35057194              439  0.23309    
      251300  -4.66630428         1307885.        0.000000       -30445.42     -9.60846500382E+08  5.80213350249E+05 -1.65602273710E+03   4.35103053              439  0.23288    
      251400  -4.66568476         1308006.        0.000000       -30476.54     -9.60723970197E+08  5.80139360280E+05 -1.65602273518E+03   4.35065813              438  0.23164    
      251500  -4.66563987         1307788.        0.000000       -30462.54     -9.60613961767E+08  5.80072928922E+05 -1.65602274106E+03   4.35060778              437  0.23513    
      251600  -4.66543880         1307614.        0.000000       -30416.33     -9.60548573098E+08  5.80033444841E+05 -1.65602273738E+03   4.35119257              439  0.23612    
      251700  -4.66455125         1307508.        0.000000       -30471.63     -9.60332146521E+08  5.79902753249E+05 -1.65602274026E+03   4.35036119              440  0.23188    
      251800  -4.66351130         1307360.        0.000000       -30477.08     -9.60207597924E+08  5.79827546079E+05 -1.65602273369E+03   4.35027267              436  0.23103    
      251900  -4.66365593         1307441.        0.000000       -30442.36     -9.60268735395E+08  5.79864463835E+05 -1.65602273511E+03   4.35009159              440  0.23252    
      252000  -4.66427579         1307740.        0.000000       -30466.39     -9.60250315324E+08  5.79853339809E+05 -1.65602273782E+03   4.35024044              440  0.23644    
      252100  -4.66435643         1307624.        0.000000       -30458.66     -9.60302914602E+08  5.79885101401E+05 -1.65602274016E+03   4.35014549              440  0.23368    
      252200  -4.66448299         1307682.        0.000000       -30480.44     -9.60296411909E+08  5.79881173499E+05 -1.65602274362E+03   4.35018213              438  0.23647    
      252300  -4.66510113         1307893.        0.000000       -30499.47     -9.60408250538E+08  5.79948706950E+05 -1.65602274654E+03   4.35006792              439  0.23132    
      252400  -4.66464371         1307688.        0.000000       -30523.90     -9.60358585648E+08  5.79918717233E+05 -1.65602274441E+03   4.34997538              439  0.23440    
      252500  -4.66494489         1307668.        0.000000       -30473.17     -9.60536478666E+08  5.80026140879E+05 -1.65602273927E+03   4.35041183              438  0.23393    
      252600  -4.66426953         1307340.        0.000000       -30490.81     -9.60426928619E+08  5.79959989533E+05 -1.65602273597E+03   4.35085334              440  0.23294    
      252700  -4.66470035         1307984.        0.000000       -30467.28     -9.60551063611E+08  5.80034948505E+05 -1.65602273809E+03   4.34928948              438  0.23234    
      252800  -4.66630049         1307971.        0.000000       -30455.05     -9.60833296976E+08  5.80205376725E+05 -1.65602273871E+03   4.35040305              438  0.23382    
      252900  -4.66519649         1307675.        0.000000       -30464.83     -9.60664059058E+08  5.80103182321E+05 -1.65602273584E+03   4.35046174              440  0.23301    
      253000  -4.66535595         1307941.        0.000000       -30479.29     -9.60665577237E+08  5.80104098246E+05 -1.65602273823E+03   4.35031474              437  0.23298    
      253100  -4.66598939         1307986.        0.000000       -30446.29     -9.60548495635E+08  5.80033395629E+05 -1.65602274434E+03   4.35086086              439  0.23452    
      253200  -4.66436284         1307438.        0.000000       -30469.25     -9.60233764209E+08  5.79843343369E+05 -1.65602274337E+03   4.35063043              437  0.23137    
      253300  -4.66507757         1308054.        0.000000       -30515.27     -9.60459223465E+08  5.79979489891E+05 -1.65602273909E+03   4.34888105              439  0.23520    
      253400  -4.66568392         1307791.        0.000000       -30470.15     -9.60634109921E+08  5.80085100256E+05 -1.65602272752E+03   4.35076475              439  0.23419    
      253500  -4.66579339         1308124.        0.000000       -30523.41     -9.60613347865E+08  5.80072560962E+05 -1.65602273321E+03   4.34978785              436  0.23583    
      253600  -4.66624281         1308060.        0.000000       -30445.86     -9.60609606968E+08  5.80070300343E+05 -1.65602273793E+03   4.35108968              439  0.23398    
      253700  -4.66565609         1307665.        0.000000       -30450.95     -9.60537778136E+08  5.80026929938E+05 -1.65602272680E+03   4.35080656              439  0.23363    
      253800  -4.66474129         1307500.        0.000000       -30447.22     -9.60403081976E+08  5.79945592140E+05 -1.65602272867E+03   4.35083576              439  0.23301    
      253900  -4.66383367         1307362.        0.000000       -30460.41     -9.60175692755E+08  5.79808280998E+05 -1.65602273066E+03   4.35054491              438  0.23523    
      254000  -4.66400494         1307560.        0.000000       -30442.51     -9.60155924971E+08  5.79796340701E+05 -1.65602274035E+03   4.35003800              438  0.23338    
      254100  -4.66505416         1308075.        0.000000       -30482.26     -9.60355369468E+08  5.79916775373E+05 -1.65602274370E+03   4.34959682              439  0.23121    
      254200  -4.66670840         1308271.        0.000000       -30521.40     -9.60696323720E+08  5.80122662839E+05 -1.65602274357E+03   4.34974292              439  0.23247    
      254300  -4.66719802         1308234.        0.000000       -30488.15     -9.60909744985E+08  5.80251540824E+05 -1.65602273735E+03   4.35046398              438  0.23235    
      254400  -4.66682901         1308017.        0.000000       -30450.27     -9.60846101193E+08  5.80213110164E+05 -1.65602273434E+03   4.35072005              440  0.23263    
      254500  -4.66563790         1307958.        0.000000       -30487.21     -9.60660237187E+08  5.80100875844E+05 -1.65602273189E+03   4.34996075              437  0.23295    
      254600  -4.66625879         1308328.        0.000000       -30456.88     -9.60867968776E+08  5.80226317414E+05 -1.65602272758E+03   4.34949714              438  0.23398    
      254700  -4.66775731         1308456.        0.000000       -30464.82     -9.61243122489E+08  5.80452857646E+05 -1.65602272403E+03   4.35036321              439  0.23469    
      254800  -4.66654249         1307753.        0.000000       -30430.16     -9.60986114820E+08  5.80297662295E+05 -1.65602272292E+03   4.35121108              439  0.23435    
