# FIXEDNODEStats VERSION 1 - REAL : NEl=  14 | PQ-Partition= F | P-Space Type= " SEMI-STOCH-INIT " | Trial Proj. Energy= T | Stochastic Sign-Flip-Potential= F | Back-Flow Correlations= T | Jastrow Correlations= T | Time-Reversal Initialization= T | Importance Sampling= F | Singles Only= F
#     1.Step   2.Shift    3.TotWalkers  4.Annihil  5.NoatHF  6.TrialNum    7.TrialDenom     8.TrialProj.E  9.TrialOverlap  10.UniqueDets  13.IterTime 
#           0   0.00000000         2000.000        0.000000       -1000.000      0.00000000000E+00  0.00000000000E+00    0.000000       0.00000000                2   0.0000    
         100   0.00000000         3022.843        0.000000       -999.2551     -1.16075737958E+06  2.16564762983E+03 -5.35986262767E+02   1.52888718              239  0.31613E-01
         200   0.00000000         4501.432        0.000000       -1003.391     -1.36797275645E+06  2.55224998879E+03 -5.35986977160E+02   1.77878193              700  0.38836E-01
         300   0.00000000         6669.735        0.000000       -1009.692     -1.62118865468E+06  3.02467532954E+03 -5.35987660840E+02   2.06146423             1445  0.43421E-01
         400   0.00000000         9596.747        0.000000       -1024.613     -1.92189093012E+06  3.58569589580E+03 -5.35988267262E+02   2.36398428             2442  0.37199E-01
         500   0.00000000         13528.96        0.000000       -1045.274     -2.27524728396E+06  4.24495263407E+03 -5.35988850781E+02   2.68118187             3936  0.42284E-01
         600   0.00000000         18824.54        0.000000       -1074.265     -2.68857438626E+06  5.01609634154E+03 -5.35989383616E+02   3.00707189             6194  0.45902E-01
         700   0.00000000         25879.78        0.000000       -1109.912     -3.17673657316E+06  5.92685914794E+03 -5.35989888383E+02   3.34769475             9362  0.50817E-01
         800   0.00000000         35019.21        0.000000       -1152.212     -3.75088087583E+06  6.99803819131E+03 -5.35990340905E+02   3.69612779            13471  0.56989E-01
         900   0.00000000         46988.83        0.000000       -1198.231     -4.42685399369E+06  8.25919819176E+03 -5.35990769431E+02   4.06205216            18943  0.68446E-01
        1000   0.00000000         62621.19        0.000000       -1252.924     -5.22746832653E+06  9.75290016655E+03 -5.35991165424E+02   4.43258906            26073  0.67725E-01
        1100   0.00000000         82506.77        0.000000       -1315.719     -6.18138678231E+06  1.15326203052E+04 -5.35991528267E+02   4.81737609            35106  0.70511E-01
        1200   0.00000000         108066.9        0.000000       -1384.047     -7.30396369171E+06  1.36270049408E+04 -5.35991857599E+02   5.20170165            47003  0.81833E-01
        1300   0.00000000         140376.8        0.000000       -1461.079     -8.63120044369E+06  1.61032209826E+04 -5.35992175292E+02   5.60215195            61849  0.94818E-01
        1400   0.00000000         181204.8        0.000000       -1560.333     -1.01995085523E+07  1.90292018017E+04 -5.35992452999E+02   5.99357659            80426  0.97236E-01
        1500   0.00000000         232813.9        0.000000       -1664.758     -1.20638262609E+07  2.25074448796E+04 -5.35992704878E+02   6.39540766           103629  0.11009    
        1600   0.00000000         297498.0        0.000000       -1775.178     -1.42615203709E+07  2.66076646217E+04 -5.35992939389E+02   6.80806901           132002  0.13355    
        1700   0.00000000         378690.2        0.000000       -1902.403     -1.68620427895E+07  3.14594368695E+04 -5.35993153961E+02   7.21500398           166734  0.13363    
        1800   0.00000000         479484.8        0.000000       -2046.010     -1.99466234550E+07  3.72143114551E+04 -5.35993349737E+02   7.62418927           208650  0.14845    
        1900   0.00000000         604807.6        0.000000       -2211.055     -2.35853622418E+07  4.40030725055E+04 -5.35993531788E+02   8.02904743           259519  0.16061    
        2000   0.00000000         759480.0        0.000000       -2389.534     -2.78844930415E+07  5.20239197862E+04 -5.35993695902E+02   8.44497772           320197  0.18257    
        2100   0.00000000         950627.7        0.000000       -2599.856     -3.29592181964E+07  6.14917859774E+04 -5.35993835153E+02   8.84922311           392374  0.20586    
        2200 -0.871298687         1185875.        0.000000       -2832.768     -3.89732796086E+07  7.27121619112E+04 -5.35993960078E+02   9.25402227           477000  0.22241    
        2300  -1.74684538         1351750.        0.000000       -2843.974     -4.41144985582E+07  8.23040791061E+04 -5.35994072679E+02   10.0858550           552285  0.24952    
        2400  -2.17405749         1407790.        0.000000       -2619.151     -4.57751966103E+07  8.54024147498E+04 -5.35994172347E+02   10.9770680           602552  0.25124    
        2500  -2.26536961         1400910.        0.000000       -2313.668     -4.45072174130E+07  8.30367425684E+04 -5.35994260328E+02   11.6591385           630859  0.25212    
        2600  -2.21266562         1378426.        0.000000       -2023.710     -4.21665924807E+07  7.86698465376E+04 -5.35994340100E+02   12.1475194           649737  0.24325    
        2700  -2.13882772         1360045.        0.000000       -1788.639     -3.98706047419E+07  7.43862322360E+04 -5.35994411108E+02   12.5445347           666320  0.23800    
        2800  -2.08483573         1349332.        0.000000       -1594.314     -3.79305465317E+07  7.07666749318E+04 -5.35994471526E+02   12.9118187           683129  0.24064    
        2900  -2.05124911         1342087.        0.000000       -1430.506     -3.63197781445E+07  6.77614714379E+04 -5.35994531610E+02   13.2883796           699215  0.23327    
        3000  -2.02915526         1337558.        0.000000       -1293.731     -3.49149232496E+07  6.51404399056E+04 -5.35994588004E+02   13.6621033           715605  0.23583    
        3100  -2.01443776         1333955.        0.000000       -1173.410     -3.36687737982E+07  6.28155059097E+04 -5.35994629202E+02   14.0331025           731377  0.23476    
        3200  -2.00072350         1330473.        0.000000       -1071.070     -3.25387015801E+07  6.07071372627E+04 -5.35994663021E+02   14.4065658           746849  0.23577    
        3300  -1.98470707         1325584.        0.000000       -979.8902     -3.14838436236E+07  5.87390964465E+04 -5.35994687155E+02   14.7661910           760299  0.23327    
        3400  -1.96742991         1321395.        0.000000       -895.7259     -3.05057068062E+07  5.69141940364E+04 -5.35994707870E+02   15.1113814           773225  0.23332    
        3500  -1.95246217         1317720.        0.000000       -821.5600     -2.96153114846E+07  5.52529895710E+04 -5.35994734666E+02   15.4506124           785728  0.23883    
        3600  -1.93975738         1314568.        0.000000       -762.3194     -2.87903964047E+07  5.37139511868E+04 -5.35994760552E+02   15.7648565           797865  0.24048    
        3700  -1.92909916         1311588.        0.000000       -706.5299     -2.80334416025E+07  5.23017067170E+04 -5.35994776504E+02   16.0778509           809486  0.23352    
        3800  -1.91656462         1307792.        0.000000       -650.9739     -2.73215764464E+07  5.09735859248E+04 -5.35994789275E+02   16.3916467           819745  0.24205    
        3900  -1.90184146         1304445.        0.000000       -605.4100     -2.66558749426E+07  4.97315930851E+04 -5.35994793028E+02   16.6752988           829555  0.23699    
        4000  -1.89159814         1302430.        0.000000       -567.1427     -2.60525521716E+07  4.86059795263E+04 -5.35994797872E+02   16.9513738           839740  0.23559    
        4100  -1.88259255         1299690.        0.000000       -528.7756     -2.54948912251E+07  4.75655576776E+04 -5.35994792658E+02   17.2226570           848499  0.24476    
        4200  -1.87043147         1296771.        0.000000       -494.2859     -2.49649978774E+07  4.65769415394E+04 -5.35994787383E+02   17.4885939           856793  0.23073    
        4300  -1.86343917         1295418.        0.000000       -465.6857     -2.44780733854E+07  4.56684910317E+04 -5.35994792743E+02   17.7277500           865792  0.23886    
        4400  -1.85578331         1293813.        0.000000       -435.8405     -2.40258981679E+07  4.48248718853E+04 -5.35994798366E+02   17.9658928           873920  0.24345    
        4500  -1.84845102         1290531.        0.000000       -409.4536     -2.35922696504E+07  4.40158557619E+04 -5.35994796467E+02   18.1928063           880107  0.25100    
        4600  -1.83765220         1288692.        0.000000       -383.4679     -2.31810143449E+07  4.32485814914E+04 -5.35994789783E+02   18.4112444           887510  0.24499    
        4700  -1.83271111         1288138.        0.000000       -361.6989     -2.27984436283E+07  4.25348235949E+04 -5.35994785014E+02   18.6124616           895455  0.23779    
        4800  -1.82901747         1286135.        0.000000       -341.9832     -2.24409434640E+07  4.18678389602E+04 -5.35994787918E+02   18.8022913           901640  0.25198    
        4900  -1.82057147         1283817.        0.000000       -325.3372     -2.21080158599E+07  4.12466998764E+04 -5.35994780824E+02   18.9729960           907182  0.24871    
        5000  -1.81101813         1281509.        0.000000       -310.7485     -2.17885787707E+07  4.06507294310E+04 -5.35994779815E+02   19.1423529           912457  0.24965    
        5100  -1.80342405         1280008.        0.000000       -296.2639     -2.14862597090E+07  4.00866962775E+04 -5.35994773933E+02   19.2993413           917701  0.24861    
        5200  -1.79866133         1279195.        0.000000       -281.9666     -2.12176181777E+07  3.95854949873E+04 -5.35994767389E+02   19.4464863           923257  0.24139    
        5300  -1.79760480         1278950.        0.000000       -266.6968     -2.09686260388E+07  3.91209540105E+04 -5.35994751897E+02   19.5955134           929137  0.24240    
        5400  -1.79241795         1277259.        0.000000       -256.1957     -2.07196957853E+07  3.86565278551E+04 -5.35994744871E+02   19.7267375           933425  0.25312    
        5500  -1.78512106         1275390.        0.000000       -244.6492     -2.04866025873E+07  3.82216491530E+04 -5.35994731814E+02   19.8543785           937168  0.24847    
        5600  -1.77969778         1273999.        0.000000       -232.4482     -2.02694924212E+07  3.78165896160E+04 -5.35994721550E+02   19.9632061           941268  0.24193    
        5700  -1.77470714         1272650.        0.000000       -223.6388     -2.00588697230E+07  3.74236336774E+04 -5.35994711149E+02   20.0646463           944933  0.24459    
        5800  -1.76890623         1271919.        0.000000       -211.3836     -1.98542986889E+07  3.70419679979E+04 -5.35994704440E+02   20.1618192           949176  0.23993    
        5900  -1.77072205         1272554.        0.000000       -203.1421     -1.96736933248E+07  3.67050153755E+04 -5.35994689649E+02   20.2539158           954217  0.24897    
        6000  -1.76981498         1271384.        0.000000       -193.9086     -1.94959789286E+07  3.63734561954E+04 -5.35994677655E+02   20.3551823           957597  0.24552    
        6100  -1.76257894         1269431.        0.000000       -187.8864     -1.93201314824E+07  3.60453797649E+04 -5.35994671395E+02   20.4282475           960289  0.24661    
        6200  -1.75489711         1267891.        0.000000       -180.4867     -1.91598905392E+07  3.57464204737E+04 -5.35994661433E+02   20.4940267           962745  0.24972    
        6300  -1.75067806         1267088.        0.000000       -175.4815     -1.90113614840E+07  3.54693122138E+04 -5.35994647130E+02   20.5558296           965569  0.24846    
        6400  -1.74655631         1265716.        0.000000       -168.3236     -1.88708352667E+07  3.52071348491E+04 -5.35994631418E+02   20.6268455           967792  0.24612    
        6500  -1.74372472         1265505.        0.000000       -162.3794     -1.87316555435E+07  3.49474697697E+04 -5.35994613256E+02   20.6869967           970798  0.24669    
        6600  -1.74256435         1265724.        0.000000       -155.9965     -1.86059636827E+07  3.47129680813E+04 -5.35994606946E+02   20.7322653           973853  0.25271    
        6700  -1.74380067         1265127.        0.000000       -151.2472     -1.84934093166E+07  3.45029779556E+04 -5.35994584016E+02   20.7903933           976308  0.25132    
        6800  -1.73979047         1264711.        0.000000       -145.8565     -1.83723265879E+07  3.42770760523E+04 -5.35994568495E+02   20.8343613           979098  0.24970    
        6900  -1.74015547         1264915.        0.000000       -141.4435     -1.82596512509E+07  3.40668591066E+04 -5.35994562745E+02   20.8762228           981968  0.24822    
        7000  -1.73996586         1264093.        0.000000       -139.0335     -1.81530649906E+07  3.38680020428E+04 -5.35994564062E+02   20.9154442           984010  0.24254    
        7100  -1.73468762         1261817.        0.000000       -133.4094     -1.80378185855E+07  3.36529888789E+04 -5.35994548669E+02   20.9554099           984789  0.24895    
        7200  -1.72825510         1261236.        0.000000       -128.9918     -1.79286118050E+07  3.34492430345E+04 -5.35994545122E+02   20.9823896           986916  0.24728    
        7300  -1.72693124         1262132.        0.000000       -124.0581     -1.78299353522E+07  3.32651430873E+04 -5.35994548571E+02   21.0062145           989833  0.24576    
        7400  -1.73071847         1262351.        0.000000       -121.5209     -1.77434911545E+07  3.31038648562E+04 -5.35994550230E+02   21.0268222           991975  0.25609    
        7500  -1.72821943         1261193.        0.000000       -120.0565     -1.76593497531E+07  3.29468830419E+04 -5.35994550097E+02   21.0574962           993157  0.24585    
        7600  -1.72464916         1260196.        0.000000       -117.5529     -1.75741024128E+07  3.27878382840E+04 -5.35994543482E+02   21.0716687           994261  0.25712    
        7700  -1.72181717         1259906.        0.000000       -115.3547     -1.74890314959E+07  3.26291228194E+04 -5.35994534474E+02   21.0822984           995956  0.25673    
        7800  -1.71803366         1258807.        0.000000       -110.5401     -1.74079715303E+07  3.24778904312E+04 -5.35994527329E+02   21.1024061           996888  0.25323    
        7900  -1.71464319         1257453.        0.000000       -105.7337     -1.73310182666E+07  3.23343204210E+04 -5.35994511123E+02   21.1166424           997267  0.24880    
        8000  -1.71039269         1257046.        0.000000       -103.6999     -1.72554975389E+07  3.21934226729E+04 -5.35994501555E+02   21.1257608           998597  0.25307    
        8100  -1.71193907         1258203.        0.000000       -99.57766     -1.71936114884E+07  3.20779629588E+04 -5.35994492871E+02   21.1304424          1001190  0.25649    
        8200  -1.71286655         1257527.        0.000000       -98.74940     -1.71331772637E+07  3.19652114420E+04 -5.35994491850E+02   21.1433635          1002094  0.24947    
        8300  -1.71073367         1257233.        0.000000       -97.33298     -1.70780234302E+07  3.18623109570E+04 -5.35994499997E+02   21.1520930          1003236  0.25423    
        8400  -1.70966732         1256651.        0.000000       -93.06361     -1.70256222096E+07  3.17645463259E+04 -5.35994502640E+02   21.1633461          1003809  0.25513    
        8500  -1.70889046         1256864.        0.000000       -89.94842     -1.69733558533E+07  3.16670333272E+04 -5.35994505007E+02   21.1723860          1005338  0.25560    
        8600  -1.70865113         1256544.        0.000000       -88.73185     -1.69219783773E+07  3.15711790656E+04 -5.35994501253E+02   21.1835474          1006353  0.25514    
        8700  -1.70819134         1257164.        0.000000       -87.67246     -1.68678164005E+07  3.14701295573E+04 -5.35994501384E+02   21.1800680          1008248  0.25841    
        8800  -1.71097143         1256745.        0.000000       -86.14424     -1.68216587863E+07  3.13840137218E+04 -5.35994501386E+02   21.1862987          1009083  0.24779    
        8900  -1.70721661         1255354.        0.000000       -85.52504     -1.67723786309E+07  3.12920721095E+04 -5.35994502767E+02   21.1841568          1008773  0.25294    
        9000  -1.70418277         1256113.        0.000000       -83.51007     -1.67270976480E+07  3.12075916412E+04 -5.35994505448E+02   21.1810701          1010492  0.25544    
        9100  -1.70464610         1255385.        0.000000       -82.06417     -1.66871896654E+07  3.11331358744E+04 -5.35994502216E+02   21.1784945          1010694  0.25266    
        9200  -1.70225062         1255376.        0.000000       -80.06159     -1.66486502980E+07  3.10612338747E+04 -5.35994492850E+02   21.1829693          1011632  0.26083    
        9300  -1.70325967         1255725.        0.000000       -78.89199     -1.66066811185E+07  3.09829329493E+04 -5.35994482694E+02   21.1780419          1013030  0.25489    
        9400  -1.70303566         1255118.        0.000000       -78.09214     -1.65643931721E+07  3.09040367555E+04 -5.35994481988E+02   21.1760157          1013570  0.25619    
        9500  -1.69985507         1253962.        0.000000       -77.05253     -1.65266015871E+07  3.08335297506E+04 -5.35994474872E+02   21.1760744          1013339  0.24902    
        9600  -1.69701220         1253619.        0.000000       -73.88401     -1.64884433396E+07  3.07623387087E+04 -5.35994466993E+02   21.1749538          1013864  0.25566    
        9700  -1.69458579         1252800.        0.000000       -75.05010     -1.64571793861E+07  3.07040104299E+04 -5.35994456609E+02   21.1726838          1013675  0.25648    
        9800  -1.69643602         1253883.        0.000000       -75.24320     -1.64292285657E+07  3.06518632507E+04 -5.35994449386E+02   21.1691140          1015418  0.25151    
        9900  -1.69573014         1253132.        0.000000       -74.63786     -1.63987290531E+07  3.05949606314E+04 -5.35994448584E+02   21.1703621          1015526  0.25396    
       10000  -1.69451276         1253044.        0.000000       -74.48106     -1.63750945640E+07  3.05508659581E+04 -5.35994448944E+02   21.1654271          1015764  0.25268    
       10100  -1.69530982         1253951.        0.000000       -73.81478     -1.63574216452E+07  3.05178944941E+04 -5.35994435931E+02   21.1636710          1017073  0.25168    
       10200  -1.69806604         1254718.        0.000000       -72.78634     -1.63340851282E+07  3.04743564318E+04 -5.35994424190E+02   21.1603847          1018315  0.25737    
       10300  -1.70321325         1255534.        0.000000       -72.02069     -1.63166435300E+07  3.04418155284E+04 -5.35994428940E+02   21.1572179          1019385  0.25391    
       10400  -1.69986026         1253956.        0.000000       -71.86177     -1.62932007254E+07  3.03980791446E+04 -5.35994417539E+02   21.1633385          1018638  0.25593    
       10500  -1.69748162         1253499.        0.000000       -72.42484     -1.62681526301E+07  3.03513473166E+04 -5.35994414362E+02   21.1629758          1019153  0.25423    
       10600  -1.69832744         1254258.        0.000000       -69.69508     -1.62378408855E+07  3.02947950224E+04 -5.35994413347E+02   21.1548502          1020718  0.26120    
       10700  -1.69839730         1253756.        0.000000       -67.61107     -1.62057112722E+07  3.02348509184E+04 -5.35994416374E+02   21.1519941          1020912  0.25836    
       10800  -1.69317885         1252267.        0.000000       -67.95507     -1.61675691689E+07  3.01636892451E+04 -5.35994421557E+02   21.1396322          1020279  0.25256    
       10900  -1.68739357         1250917.        0.000000       -67.12618     -1.61409634869E+07  3.01140512188E+04 -5.35994422325E+02   21.1271577          1019238  0.25167    
       11000  -1.68738717         1251206.        0.000000       -64.95907     -1.61267869705E+07  3.00876017341E+04 -5.35994430963E+02   21.1271074          1019594  0.25560    
       11100  -1.68478886         1251242.        0.000000       -66.23901     -1.61083915218E+07  3.00532819637E+04 -5.35994422879E+02   21.1174807          1019965  0.25692    
       11200  -1.68792653         1251633.        0.000000       -67.37795     -1.61020330231E+07  3.00414186365E+04 -5.35994428823E+02   21.1177653          1020460  0.25805    
       11300  -1.68779581         1251812.        0.000000       -66.31287     -1.60949711567E+07  3.00282435808E+04 -5.35994425164E+02   21.1191489          1020823  0.25262    
       11400  -1.68711149         1251349.        0.000000       -64.48664     -1.60785370429E+07  2.99975824697E+04 -5.35994427521E+02   21.1195968          1020693  0.25255    
       11500  -1.68658804         1251200.        0.000000       -65.23137     -1.60598321695E+07  2.99626853380E+04 -5.35994420673E+02   21.1163774          1020991  0.25007    
       11600  -1.68569508         1250906.        0.000000       -64.93766     -1.60410959447E+07  2.99277293207E+04 -5.35994420852E+02   21.1085952          1021314  0.26047    
       11700  -1.68375924         1250358.        0.000000       -63.06848     -1.60280250135E+07  2.99033434604E+04 -5.35994412622E+02   21.1087593          1021145  0.26129    
       11800  -1.68391244         1250671.        0.000000       -61.63031     -1.60123790723E+07  2.98741533050E+04 -5.35994406565E+02   21.1018975          1021768  0.26625    
       11900  -1.68557544         1251341.        0.000000       -62.21446     -1.59999333623E+07  2.98509331967E+04 -5.35994411191E+02   21.0944994          1022762  0.25709    
       12000  -1.68627850         1251132.        0.000000       -60.55945     -1.59931640860E+07  2.98383033500E+04 -5.35994419603E+02   21.0961771          1022822  0.26054    
       12100  -1.68485916         1250934.        0.000000       -61.67820     -1.59818779412E+07  2.98172466820E+04 -5.35994423351E+02   21.0931156          1022714  0.25671    
       12200  -1.68629909         1251383.        0.000000       -59.71663     -1.59657043153E+07  2.97870719469E+04 -5.35994418779E+02   21.0957214          1023786  0.25381    
       12300  -1.68804961         1251683.        0.000000       -57.88793     -1.59457660349E+07  2.97498736109E+04 -5.35994412733E+02   21.0827103          1024221  0.25653    
       12400  -1.68823700         1251421.        0.000000       -57.23941     -1.59319271986E+07  2.97240546484E+04 -5.35994412169E+02   21.0792230          1024239  0.25744    
       12500  -1.68645237         1251033.        0.000000       -55.61010     -1.59192080067E+07  2.97003241914E+04 -5.35994418922E+02   21.0814208          1024167  0.25823    
       12600  -1.68463801         1250584.        0.000000       -54.34246     -1.58990846823E+07  2.96627804844E+04 -5.35994415314E+02   21.0726289          1024183  0.25475    
       12700  -1.68169364         1249417.        0.000000       -55.29319     -1.58829572680E+07  2.96326921475E+04 -5.35994407423E+02   21.0655562          1023287  0.26329    
       12800  -1.67957504         1250074.        0.000000       -54.91576     -1.58734132357E+07  2.96148862393E+04 -5.35994401851E+02   21.0587032          1024108  0.25711    
       12900  -1.68521716         1251469.        0.000000       -55.42415     -1.58771304884E+07  2.96218215938E+04 -5.35994399876E+02   21.0553360          1025166  0.25270    
       13000  -1.68698380         1251229.        0.000000       -54.39277     -1.58752438085E+07  2.96183019320E+04 -5.35994394444E+02   21.0617432          1025164  0.25654    
       13100  -1.68611127         1250712.        0.000000       -55.24550     -1.58615976106E+07  2.95928428278E+04 -5.35994385632E+02   21.0671408          1025271  0.25894    
       13200  -1.68388305         1250464.        0.000000       -55.67843     -1.58381270596E+07  2.95490541847E+04 -5.35994382783E+02   21.0512996          1025430  0.26046    
       13300  -1.68360907         1250491.        0.000000       -54.61123     -1.58295448881E+07  2.95330422055E+04 -5.35994388184E+02   21.0481382          1025574  0.25986    
       13400  -1.68375638         1250839.        0.000000       -54.14022     -1.58199585258E+07  2.95151571231E+04 -5.35994386199E+02   21.0457509          1026238  0.25555    
       13500  -1.68473537         1250813.        0.000000       -54.04837     -1.58083567084E+07  2.94935108789E+04 -5.35994401390E+02   21.0432880          1026394  0.26345    
       13600  -1.68139460         1249313.        0.000000       -53.35796     -1.57915598804E+07  2.94621723734E+04 -5.35994416170E+02   21.0368045          1025484  0.25589    
       13700  -1.67858071         1249152.        0.000000       -53.43912     -1.57766647156E+07  2.94343826389E+04 -5.35994415413E+02   21.0253216          1025437  0.25536    
       13800  -1.67762575         1248554.        0.000000       -52.29522     -1.57713614915E+07  2.94244885259E+04 -5.35994414232E+02   21.0237851          1024839  0.26187    
       13900  -1.67751097         1249437.        0.000000       -52.92465     -1.57670657308E+07  2.94164742094E+04 -5.35994409748E+02   21.0192280          1025869  0.26000    
       14000  -1.68171821         1250283.        0.000000       -52.85229     -1.57646680242E+07  2.94120009639E+04 -5.35994407302E+02   21.0132905          1026732  0.25153    
       14100  -1.68142263         1249693.        0.000000       -51.69889     -1.57711896530E+07  2.94241687995E+04 -5.35994398364E+02   21.0248877          1026204  0.25505    
       14200  -1.68099868         1250001.        0.000000       -52.14867     -1.57703167411E+07  2.94225406961E+04 -5.35994389606E+02   21.0264803          1026579  0.25475    
       14300  -1.68125108         1249742.        0.000000       -51.53164     -1.57625288164E+07  2.94080108719E+04 -5.35994388914E+02   21.0243711          1026678  0.25692    
       14400  -1.68045047         1249524.        0.000000       -52.33628     -1.57576907651E+07  2.93989839530E+04 -5.35994400020E+02   21.0178904          1026318  0.26022    
       14500  -1.67928561         1249173.        0.000000       -52.57053     -1.57571490659E+07  2.93979729863E+04 -5.35994405916E+02   21.0206469          1026056  0.25726    
       14600  -1.67911814         1249370.        0.000000       -51.17981     -1.57610371920E+07  2.94052267457E+04 -5.35994411070E+02   21.0243916          1026078  0.25909    
       14700  -1.67871397         1249440.        0.000000       -51.07714     -1.57585096151E+07  2.94005113996E+04 -5.35994405026E+02   21.0275268          1026249  0.25898    
       14800  -1.68131919         1250570.        0.000000       -50.54159     -1.57618689858E+07  2.94067787362E+04 -5.35994408881E+02   21.0207326          1027053  0.25921    
       14900  -1.68480072         1250604.        0.000000       -50.81700     -1.57650232752E+07  2.94126636085E+04 -5.35994409925E+02   21.0290216          1027055  0.25646    
       15000  -1.68399717         1250406.        0.000000       -50.63988     -1.57566918464E+07  2.93971196236E+04 -5.35994411975E+02   21.0275166          1027134  0.25639    
       15100  -1.68012307         1248887.        0.000000       -50.25015     -1.57500793646E+07  2.93847826468E+04 -5.35994414315E+02   21.0365338          1025921  0.25416    
       15200  -1.67549519         1248452.        0.000000       -50.98421     -1.57381919211E+07  2.93626044775E+04 -5.35994411980E+02   21.0245329          1025649  0.25448    
       15300  -1.67663637         1249310.        0.000000       -51.14465     -1.57389611448E+07  2.93640398456E+04 -5.35994407705E+02   21.0129139          1025980  0.25274    
       15400  -1.68183373         1250146.        0.000000       -51.48196     -1.57480971428E+07  2.93810855676E+04 -5.35994393625E+02   21.0220975          1026878  0.25598    
       15500  -1.68213442         1250589.        0.000000       -51.85903     -1.57468811338E+07  2.93788174233E+04 -5.35994383534E+02   21.0185228          1027331  0.26099    
       15600  -1.68400537         1250631.        0.000000       -51.90335     -1.57412063957E+07  2.93682298012E+04 -5.35994389252E+02   21.0195848          1027630  0.26290    
       15700  -1.68587435         1251232.        0.000000       -53.37175     -1.57327233519E+07  2.93524026622E+04 -5.35994396541E+02   21.0150104          1028404  0.25900    
       15800  -1.68441350         1249680.        0.000000       -51.69098     -1.57184864376E+07  2.93258411406E+04 -5.35994393554E+02   21.0153616          1027347  0.25621    
       15900  -1.67993007         1249384.        0.000000       -52.15758     -1.57022536539E+07  2.92955558045E+04 -5.35994393097E+02   21.0067535          1027373  0.25940    
       16000  -1.68094849         1250143.        0.000000       -51.51364     -1.56940861546E+07  2.92803165082E+04 -5.35994416256E+02   20.9939394          1027910  0.27025    
       16100  -1.68045134         1249177.        0.000000       -51.21453     -1.56844241754E+07  2.92622900734E+04 -5.35994419304E+02   20.9928108          1027232  0.26138    
       16200  -1.67773653         1249090.        0.000000       -50.20567     -1.56799201376E+07  2.92538873087E+04 -5.35994412369E+02   20.9912306          1027377  0.26986    
       16300  -1.67908272         1249706.        0.000000       -49.44548     -1.56723862456E+07  2.92398313662E+04 -5.35994412871E+02   20.9810293          1027912  0.25823    
       16400  -1.68086950         1249580.        0.000000       -48.85610     -1.56707637773E+07  2.92368049555E+04 -5.35994401615E+02   20.9807847          1027907  0.25858    
       16500  -1.67621967         1248278.        0.000000       -48.21977     -1.56635028941E+07  2.92232583952E+04 -5.35994401525E+02   20.9851869          1026956  0.25950    
       16600  -1.67422062         1248424.        0.000000       -48.34019     -1.56580209264E+07  2.92130305922E+04 -5.35994404177E+02   20.9801504          1027005  0.25409    
       16700  -1.67523240         1249063.        0.000000       -48.83800     -1.56571373781E+07  2.92113824516E+04 -5.35994398897E+02   20.9710677          1027414  0.25979    
       16800  -1.67788215         1249145.        0.000000       -49.27713     -1.56640968770E+07  2.92243671739E+04 -5.35994390703E+02   20.9765967          1027464  0.26188    
       16900  -1.67897218         1249984.        0.000000       -49.03503     -1.56717325148E+07  2.92386128869E+04 -5.35994391232E+02   20.9790353          1028140  0.26342    
       17000  -1.68278253         1250529.        0.000000       -47.62473     -1.56783964745E+07  2.92510456785E+04 -5.35994393047E+02   20.9855466          1028624  0.26620    
       17100  -1.68287674         1249703.        0.000000       -46.46683     -1.56732874546E+07  2.92415139584E+04 -5.35994390610E+02   20.9939709          1028218  0.26263    
       17200  -1.68016404         1249580.        0.000000       -45.15225     -1.56646578405E+07  2.92254140450E+04 -5.35994385447E+02   20.9876048          1028018  0.25436    
       17300  -1.67607144         1247762.        0.000000       -44.64016     -1.56550993886E+07  2.92075809641E+04 -5.35994384741E+02   20.9911482          1026350  0.25169    
       17400  -1.67385412         1248721.        0.000000       -45.36801     -1.56534403962E+07  2.92044865278E+04 -5.35994371319E+02   20.9825808          1027056  0.25630    
       17500  -1.67932301         1249887.        0.000000       -45.76870     -1.56570550473E+07  2.92112301604E+04 -5.35994374811E+02   20.9739429          1027972  0.25976    
       17600  -1.68006153         1249536.        0.000000       -44.98524     -1.56629949140E+07  2.92223128824E+04 -5.35994360784E+02   20.9859807          1027784  0.25660    
       17700  -1.68144595         1250082.        0.000000       -45.36608     -1.56654430182E+07  2.92268801080E+04 -5.35994364105E+02   20.9807578          1027970  0.25845    
       17800  -1.68168506         1250139.        0.000000       -44.70627     -1.56696111902E+07  2.92346567058E+04 -5.35994362714E+02   20.9867221          1028090  0.26302    
       17900  -1.67989939         1249271.        0.000000       -44.53240     -1.56628065393E+07  2.92219614140E+04 -5.35994361139E+02   20.9897041          1027622  0.26743    
       18000  -1.67899765         1249371.        0.000000       -44.70872     -1.56555124141E+07  2.92083523094E+04 -5.35994370661E+02   20.9804528          1027662  0.25426    
       18100  -1.67821936         1249739.        0.000000       -45.18922     -1.56559425160E+07  2.92091548198E+04 -5.35994369321E+02   20.9764580          1027968  0.25893    
       18200  -1.68126170         1250030.        0.000000       -44.47571     -1.56587875332E+07  2.92144629914E+04 -5.35994364771E+02   20.9792330          1028165  0.25916    
       18300  -1.68201887         1250051.        0.000000       -44.21204     -1.56585522354E+07  2.92140238041E+04 -5.35994368334E+02   20.9811306          1028201  0.25494    
       18400  -1.68165334         1249516.        0.000000       -43.93494     -1.56534575847E+07  2.92045181987E+04 -5.35994378617E+02   20.9843891          1027870  0.25507    
       18500  -1.67964173         1249702.        0.000000       -44.44687     -1.56455826969E+07  2.91898261116E+04 -5.35994378216E+02   20.9761743          1028106  0.26120    
       18600  -1.68179709         1249418.        0.000000       -45.28021     -1.56455157636E+07  2.91897010511E+04 -5.35994381586E+02   20.9794431          1027744  0.25665    
       18700  -1.67918447         1249545.        0.000000       -42.76102     -1.56378820000E+07  2.91754590910E+04 -5.35994376343E+02   20.9808663          1028411  0.26205    
       18800  -1.67866225         1249452.        0.000000       -44.13291     -1.56257325620E+07  2.91527921391E+04 -5.35994373624E+02   20.9701513          1028443  0.25058    
       18900  -1.67981414         1249930.        0.000000       -45.40281     -1.56227780490E+07  2.91472802266E+04 -5.35994368174E+02   20.9618651          1028688  0.26140    
       19000  -1.67818370         1248683.        0.000000       -44.54160     -1.56215929017E+07  2.91450693803E+04 -5.35994363159E+02   20.9691119          1027720  0.25886    
       19100  -1.67775286         1248761.        0.000000       -44.15127     -1.56195449921E+07  2.91412486793E+04 -5.35994361943E+02   20.9663875          1027782  0.25910    
       19200  -1.67689298         1249019.        0.000000       -45.34936     -1.56179904407E+07  2.91383483757E+04 -5.35994361773E+02   20.9615720          1028116  0.25763    
       19300  -1.67689954         1248404.        0.000000       -43.30639     -1.56135242983E+07  2.91300159759E+04 -5.35994360978E+02   20.9639623          1027595  0.25960    
       19400  -1.67774089         1249564.        0.000000       -43.50942     -1.56089559911E+07  2.91214929737E+04 -5.35994360085E+02   20.9572869          1028762  0.25659    
       19500  -1.67778044         1249326.        0.000000       -43.24185     -1.56083278318E+07  2.91203212889E+04 -5.35994355175E+02   20.9534484          1028397  0.25261    
       19600  -1.67971005         1248801.        0.000000       -43.79705     -1.56042246246E+07  2.91126652940E+04 -5.35994367644E+02   20.9616657          1028293  0.25940    
       19700  -1.67621394         1248358.        0.000000       -43.27729     -1.55948296568E+07  2.90951368868E+04 -5.35994373131E+02   20.9507834          1027809  0.25506    
       19800  -1.67525378         1248356.        0.000000       -41.48291     -1.55953826343E+07  2.90961684834E+04 -5.35994374763E+02   20.9517415          1027817  0.25723    
       19900  -1.67390618         1248240.        0.000000       -41.07425     -1.55953116061E+07  2.90960363335E+04 -5.35994368008E+02   20.9495846          1027570  0.26216    
       20000  -1.67576451         1248867.        0.000000       -40.71491     -1.55974117985E+07  2.90999548365E+04 -5.35994364463E+02   20.9481064          1027945  0.26747    
       20100  -1.67629624         1248188.        0.000000       -42.76359     -1.56001833750E+07  2.91051260343E+04 -5.35994359090E+02   20.9521674          1027334  0.26310    
       20200  -1.67398278         1248384.        0.000000       -41.02853     -1.56053687078E+07  2.91148001872E+04 -5.35994360513E+02   20.9502027          1027483  0.25350    
       20300  -1.67590163         1249273.        0.000000       -40.04097     -1.56159060823E+07  2.91344595425E+04 -5.35994362948E+02   20.9538593          1028105  0.25586    
       20400  -1.67927389         1250112.        0.000000       -39.86260     -1.56267172929E+07  2.91546295112E+04 -5.35994370530E+02   20.9583072          1028668  0.25092    
       20500  -1.68316700         1250616.        0.000000       -41.00674     -1.56315364447E+07  2.91636207751E+04 -5.35994366586E+02   20.9614919          1029194  0.25955    
       20600  -1.68258691         1250261.        0.000000       -40.67253     -1.56317513812E+07  2.91640221591E+04 -5.35994359624E+02   20.9637276          1028978  0.25944    
       20700  -1.67838788         1248461.        0.000000       -39.07414     -1.56235139470E+07  2.91486537987E+04 -5.35994356889E+02   20.9704205          1027584  0.25963    
       20800  -1.67728451         1249799.        0.000000       -40.14492     -1.56206129045E+07  2.91432407399E+04 -5.35994368092E+02   20.9565960          1028724  0.26157    
       20900  -1.68118869         1249844.        0.000000       -41.83359     -1.56259770186E+07  2.91532484383E+04 -5.35994369603E+02   20.9629928          1028654  0.25331    
       21000  -1.67975660         1249810.        0.000000       -42.39764     -1.56265318663E+07  2.91542839236E+04 -5.35994363889E+02   20.9646007          1028845  0.26006    
       21100  -1.68385998         1251184.        0.000000       -42.97787     -1.56326908945E+07  2.91657744800E+04 -5.35994369197E+02   20.9613478          1030101  0.25789    
       21200  -1.68520720         1250574.        0.000000       -41.95629     -1.56362255564E+07  2.91723686909E+04 -5.35994376119E+02   20.9715413          1029560  0.25617    
       21300  -1.68206928         1249957.        0.000000       -41.99809     -1.56284089762E+07  2.91577849716E+04 -5.35994383369E+02   20.9707007          1029196  0.26228    
       21400  -1.67942877         1248729.        0.000000       -40.78019     -1.56142396163E+07  2.91313496912E+04 -5.35994376567E+02   20.9660800          1028306  0.26488    
       21500  -1.67872421         1249981.        0.000000       -41.70322     -1.56106596820E+07  2.91246709213E+04 -5.35994371375E+02   20.9447655          1029247  0.25740    
       21600  -1.68063615         1249409.        0.000000       -42.87112     -1.56226040124E+07  2.91469554297E+04 -5.35994369980E+02   20.9588786          1028568  0.25659    
       21700  -1.67573619         1248443.        0.000000       -42.36803     -1.56233134736E+07  2.91482792941E+04 -5.35994365771E+02   20.9645402          1027493  0.25820    
       21800  -1.67572347         1248894.        0.000000       -42.76655     -1.56257635838E+07  2.91528509160E+04 -5.35994357079E+02   20.9626696          1027681  0.25801    
       21900  -1.67674120         1249278.        0.000000       -44.25494     -1.56347068583E+07  2.91695361617E+04 -5.35994359719E+02   20.9675393          1027864  0.25559    
       22000  -1.67768056         1249380.        0.000000       -44.01871     -1.56383602685E+07  2.91763525469E+04 -5.35994355135E+02   20.9705141          1027790  0.25999    
       22100  -1.68105208         1249906.        0.000000       -45.54884     -1.56447484832E+07  2.91882708039E+04 -5.35994358430E+02   20.9752312          1028315  0.25749    
       22200  -1.68070227         1249935.        0.000000       -45.50776     -1.56374069267E+07  2.91745733689E+04 -5.35994364989E+02   20.9736603          1028679  0.25891    
       22300  -1.68148489         1250018.        0.000000       -47.24108     -1.56311282630E+07  2.91628590344E+04 -5.35994370255E+02   20.9659772          1028881  0.25773    
       22400  -1.68112632         1249332.        0.000000       -47.27586     -1.56285789704E+07  2.91581026022E+04 -5.35994374656E+02   20.9696924          1028334  0.25125    
       22500  -1.67812710         1249298.        0.000000       -49.88238     -1.56252444994E+07  2.91518812339E+04 -5.35994379714E+02   20.9673736          1028394  0.25705    
       22600  -1.67475680         1247835.        0.000000       -49.64749     -1.56140837159E+07  2.91310580741E+04 -5.35994390460E+02   20.9638826          1026884  0.26074    
       22700  -1.67433734         1248955.        0.000000       -48.17700     -1.56136938784E+07  2.91303302550E+04 -5.35994399709E+02   20.9558883          1027749  0.25788    
       22800  -1.67868852         1250022.        0.000000       -47.56179     -1.56240561743E+07  2.91496631953E+04 -5.35994397932E+02   20.9571079          1028671  0.25986    
       22900  -1.68093674         1249928.        0.000000       -46.90803     -1.56250597590E+07  2.91515354228E+04 -5.35994400720E+02   20.9657947          1028724  0.25703    
       23000  -1.68007543         1249182.        0.000000       -47.50739     -1.56225895632E+07  2.91469273518E+04 -5.35994390579E+02   20.9706823          1028162  0.25912    
       23100  -1.67649768         1248803.        0.000000       -45.90866     -1.56131890861E+07  2.91293891561E+04 -5.35994387058E+02   20.9659146          1028124  0.25229    
       23200  -1.67607800         1248765.        0.000000       -45.73687     -1.56126655758E+07  2.91284124077E+04 -5.35994387790E+02   20.9602877          1027663  0.25574    
       23300  -1.67922470         1249935.        0.000000       -45.43578     -1.56148679018E+07  2.91325215429E+04 -5.35994382730E+02   20.9541542          1028693  0.25770    
       23400  -1.67987651         1248865.        0.000000       -45.13116     -1.56156123191E+07  2.91339104208E+04 -5.35994382270E+02   20.9630758          1027739  0.25851    
       23500  -1.67463363         1247770.        0.000000       -45.06521     -1.56067797170E+07  2.91174321040E+04 -5.35994371387E+02   20.9622541          1026858  0.25825    
       23600  -1.67420029         1248476.        0.000000       -45.64827     -1.56068442457E+07  2.91175523515E+04 -5.35994374022E+02   20.9573659          1027413  0.25625    
       23700  -1.67750566         1249315.        0.000000       -46.05489     -1.56066354053E+07  2.91171628109E+04 -5.35994372345E+02   20.9528063          1028267  0.25836    
       23800  -1.67869645         1248891.        0.000000       -47.44651     -1.56130570420E+07  2.91291434427E+04 -5.35994375280E+02   20.9572824          1027707  0.25371    
       23900  -1.67753790         1249171.        0.000000       -46.91489     -1.56169887839E+07  2.91364790268E+04 -5.35994372194E+02   20.9578836          1027930  0.25518    
       24000  -1.67793859         1249155.        0.000000       -45.82795     -1.56151425156E+07  2.91330346075E+04 -5.35994369486E+02   20.9612548          1028017  0.26080    
       24100  -1.68036366         1250190.        0.000000       -45.18125     -1.56146537825E+07  2.91321224870E+04 -5.35994374920E+02   20.9534830          1029088  0.26196    
       24200  -1.68310279         1250259.        0.000000       -44.91979     -1.56224316367E+07  2.91466335672E+04 -5.35994374812E+02   20.9571705          1028931  0.26930    
       24300  -1.68166057         1249187.        0.000000       -45.00251     -1.56224083441E+07  2.91465899704E+04 -5.35994377386E+02   20.9660143          1027938  0.25325    
       24400  -1.67921295         1249053.        0.000000       -46.53483     -1.56218125315E+07  2.91454785606E+04 -5.35994373845E+02   20.9679080          1028026  0.25808    
       24500  -1.67576522         1248645.        0.000000       -47.24024     -1.56192796669E+07  2.91407532700E+04 -5.35994369198E+02   20.9654425          1027628  0.25326    
       24600  -1.67644459         1249209.        0.000000       -48.27341     -1.56218108037E+07  2.91454757607E+04 -5.35994366055E+02   20.9576699          1027850  0.25366    
       24700  -1.67869744         1249881.        0.000000       -47.41396     -1.56341139481E+07  2.91684296499E+04 -5.35994365679E+02   20.9678332          1028320  0.25530    
       24800  -1.67920598         1248836.        0.000000       -48.00812     -1.56432244013E+07  2.91854268295E+04 -5.35994367761E+02   20.9829250          1027419  0.25616    
       24900  -1.67805225         1249095.        0.000000       -48.84468     -1.56384766148E+07  2.91765683832E+04 -5.35994377730E+02   20.9750711          1027839  0.26248    
       25000  -1.67895493         1249417.        0.000000       -48.18355     -1.56380535529E+07  2.91757793387E+04 -5.35994372981E+02   20.9738136          1027984  0.26002    
       25100  -1.67917579         1249422.        0.000000       -47.84460     -1.56388480059E+07  2.91772612706E+04 -5.35994377978E+02   20.9707060          1027889  0.25643    
       25200  -1.67972536         1249877.        0.000000       -46.19309     -1.56384676077E+07  2.91765512498E+04 -5.35994383771E+02   20.9684094          1028311  0.25149    
       25300  -1.68009162         1249632.        0.000000       -47.15345     -1.56349828598E+07  2.91700496152E+04 -5.35994386915E+02   20.9696252          1028140  0.26339    
       25400  -1.67794932         1249012.        0.000000       -46.65433     -1.56268311741E+07  2.91548414475E+04 -5.35994380289E+02   20.9687808          1027761  0.25438    
       25500  -1.67747833         1249036.        0.000000       -44.99705     -1.56221693939E+07  2.91461437402E+04 -5.35994385162E+02   20.9647595          1028029  0.25773    
       25600  -1.67796244         1249566.        0.000000       -45.26871     -1.56211563758E+07  2.91442532665E+04 -5.35994394264E+02   20.9633042          1028418  0.25578    
       25700  -1.68023470         1249164.        0.000000       -45.59948     -1.56179287304E+07  2.91382317981E+04 -5.35994388355E+02   20.9666569          1028166  0.25888    
       25800  -1.67901992         1249612.        0.000000       -45.53666     -1.56145124757E+07  2.91318584752E+04 -5.35994381857E+02   20.9567644          1028538  0.25828    
       25900  -1.67984071         1249629.        0.000000       -45.94968     -1.56163306262E+07  2.91352510366E+04 -5.35994373501E+02   20.9596650          1028644  0.26057    
       26000  -1.68113123         1249833.        0.000000       -44.79152     -1.56192923547E+07  2.91407772772E+04 -5.35994363024E+02   20.9594160          1028652  0.25709    
       26100  -1.68373859         1250675.        0.000000       -43.45408     -1.56236791965E+07  2.91489620951E+04 -5.35994357036E+02   20.9597043          1029761  0.25900    
       26200  -1.68047551         1249090.        0.000000       -45.13713     -1.56173788761E+07  2.91372073467E+04 -5.35994362476E+02   20.9654988          1028324  0.25760    
       26300  -1.67579855         1248253.        0.000000       -44.70519     -1.56083256205E+07  2.91203165394E+04 -5.35994366660E+02   20.9597286          1027507  0.25630    
       26400  -1.67551875         1248636.        0.000000       -43.87889     -1.56125915224E+07  2.91282747973E+04 -5.35994377662E+02   20.9576135          1027664  0.25343    
       26500  -1.67677068         1249036.        0.000000       -44.35253     -1.56165771903E+07  2.91357099735E+04 -5.35994393291E+02   20.9560748          1027801  0.25809    
       26600  -1.67844680         1249342.        0.000000       -44.03738     -1.56212375706E+07  2.91444051142E+04 -5.35994387581E+02   20.9577216          1028028  0.25787    
       26700  -1.67615488         1248269.        0.000000       -43.69532     -1.56230682039E+07  2.91478205548E+04 -5.35994386771E+02   20.9699587          1027132  0.25627    
       26800  -1.67287121         1247498.        0.000000       -43.68245     -1.56181880353E+07  2.91387160922E+04 -5.35994378953E+02   20.9699011          1026452  0.25903    
       26900  -1.67050870         1247603.        0.000000       -46.19073     -1.56201125949E+07  2.91423061453E+04 -5.35994389635E+02   20.9670319          1026268  0.26087    
       27000  -1.67396436         1248721.        0.000000       -45.13879     -1.56281927554E+07  2.91573810750E+04 -5.35994392474E+02   20.9634731          1026905  0.26536    
       27100  -1.67868997         1250113.        0.000000       -45.34338     -1.56417800283E+07  2.91827305812E+04 -5.35994395207E+02   20.9645538          1027997  0.25729    
       27200  -1.68155581         1250065.        0.000000       -46.96366     -1.56495211078E+07  2.91971740843E+04 -5.35994376120E+02   20.9792971          1028098  0.25879    
       27300  -1.68248559         1250154.        0.000000       -48.28786     -1.56532353581E+07  2.92041033288E+04 -5.35994383457E+02   20.9822611          1028193  0.25409    
       27400  -1.68003056         1249167.        0.000000       -48.14282     -1.56466969763E+07  2.91919040395E+04 -5.35994396088E+02   20.9854933          1027384  0.26024    
       27500  -1.67929589         1249720.        0.000000       -48.20988     -1.56464554430E+07  2.91914534417E+04 -5.35994395561E+02   20.9788464          1027934  0.25852    
       27600  -1.68176657         1250393.        0.000000       -46.72182     -1.56474984003E+07  2.91933991146E+04 -5.35994398560E+02   20.9787362          1028651  0.25990    
       27700  -1.68200830         1249671.        0.000000       -46.17824     -1.56420601928E+07  2.91832531210E+04 -5.35994398154E+02   20.9803970          1028113  0.26455    
       27800  -1.67806554         1248913.        0.000000       -45.41865     -1.56328451769E+07  2.91660613072E+04 -5.35994387869E+02   20.9750113          1027677  0.25325    
       27900  -1.67754103         1249320.        0.000000       -45.45652     -1.56325419979E+07  2.91654960381E+04 -5.35994381084E+02   20.9690644          1027945  0.26460    
       28000  -1.67994185         1249534.        0.000000       -46.99539     -1.56386473377E+07  2.91768866681E+04 -5.35994381977E+02   20.9722589          1027785  0.25837    
       28100  -1.67807823         1249248.        0.000000       -44.52085     -1.56380243381E+07  2.91757245388E+04 -5.35994378387E+02   20.9738375          1027534  0.25179    
       28200  -1.67733121         1249186.        0.000000       -44.62474     -1.56353648968E+07  2.91707634308E+04 -5.35994367574E+02   20.9715641          1027412  0.25791    
       28300  -1.67788500         1249281.        0.000000       -43.92954     -1.56356535184E+07  2.91713015954E+04 -5.35994373348E+02   20.9712133          1027479  0.25926    
       28400  -1.67839580         1249081.        0.000000       -43.68476     -1.56391077330E+07  2.91777461210E+04 -5.35994372839E+02   20.9751990          1027283  0.25372    
       28500  -1.67775403         1248770.        0.000000       -43.21387     -1.56426640394E+07  2.91843813339E+04 -5.35994368374E+02   20.9734362          1026805  0.25594    
       28600  -1.67590975         1248660.        0.000000       -42.92684     -1.56461634809E+07  2.91909097108E+04 -5.35994377563E+02   20.9831849          1026820  0.25833    
       28700  -1.67726099         1248977.        0.000000       -42.91398     -1.56419053328E+07  2.91829654320E+04 -5.35994375529E+02   20.9746130          1026973  0.26725    
       28800  -1.67705842         1248714.        0.000000       -43.25885     -1.56454845714E+07  2.91896435006E+04 -5.35994369754E+02   20.9777261          1026723  0.25760    
       28900  -1.67852526         1249759.        0.000000       -43.45563     -1.56471652820E+07  2.91927785123E+04 -5.35994382152E+02   20.9751872          1027722  0.25820    
       29000  -1.67884446         1248709.        0.000000       -43.77336     -1.56506406544E+07  2.91992621515E+04 -5.35994388254E+02   20.9817423          1026653  0.26028    
       29100  -1.67757959         1249079.        0.000000       -44.50889     -1.56535751644E+07  2.92047369515E+04 -5.35994389896E+02   20.9809114          1027020  0.25302    
       29200  -1.67648971         1248446.        0.000000       -44.24647     -1.56501480098E+07  2.91983427578E+04 -5.35994393230E+02   20.9814163          1026463  0.26213    
       29300  -1.67449360         1248549.        0.000000       -44.61928     -1.56507355953E+07  2.91994391484E+04 -5.35994390707E+02   20.9791191          1026350  0.25411    
       29400  -1.67737118         1249209.        0.000000       -45.43973     -1.56541509117E+07  2.92058116937E+04 -5.35994379335E+02   20.9822640          1027154  0.26074    
       29500  -1.67815252         1249735.        0.000000       -45.32304     -1.56545385878E+07  2.92065346809E+04 -5.35994384778E+02   20.9775624          1027432  0.25294    
       29600  -1.68074824         1250002.        0.000000       -46.18515     -1.56529293776E+07  2.92035325019E+04 -5.35994382754E+02   20.9830253          1027878  0.26099    
       29700  -1.67931064         1249362.        0.000000       -46.45323     -1.56451639622E+07  2.91890449741E+04 -5.35994376524E+02   20.9784243          1027401  0.25357    
       29800  -1.68120549         1249992.        0.000000       -46.89766     -1.56477344936E+07  2.91938412465E+04 -5.35994368178E+02   20.9714052          1027935  0.25888    
       29900  -1.68221694         1249733.        0.000000       -46.29640     -1.56484671476E+07  2.91952081559E+04 -5.35994368118E+02   20.9793501          1027965  0.25574    
       30000  -1.67887801         1248653.        0.000000       -46.60792     -1.56417765303E+07  2.91827251573E+04 -5.35994374959E+02   20.9798815          1026950  0.25909    
       30100  -1.67717330         1249647.        0.000000       -46.71917     -1.56364653914E+07  2.91728158343E+04 -5.35994381902E+02   20.9687966          1028017  0.25572    
       30200  -1.68054434         1250049.        0.000000       -45.60630     -1.56393050092E+07  2.91781134225E+04 -5.35994386709E+02   20.9717641          1028315  0.25432    
       30300  -1.68054515         1248963.        0.000000       -43.00368     -1.56380804754E+07  2.91758284861E+04 -5.35994392855E+02   20.9735627          1027312  0.25680    
       30400  -1.67594684         1249027.        0.000000       -44.75547     -1.56345888520E+07  2.91693144380E+04 -5.35994388392E+02   20.9726401          1027659  0.25446    
       30500  -1.67679362         1248907.        0.000000       -44.48852     -1.56375226551E+07  2.91747880206E+04 -5.35994388169E+02   20.9722848          1027283  0.25387    
       30600  -1.67694916         1248977.        0.000000       -44.93153     -1.56359043926E+07  2.91717684034E+04 -5.35994396238E+02   20.9735555          1027385  0.25255    
       30700  -1.68122381         1250932.        0.000000       -44.90580     -1.56391850494E+07  2.91778884276E+04 -5.35994408515E+02   20.9644337          1029185  0.26265    
       30800  -1.68476786         1250908.        0.000000       -45.99616     -1.56398929891E+07  2.91792095081E+04 -5.35994403302E+02   20.9719440          1029405  0.26727    
       30900  -1.68524578         1250780.        0.000000       -47.14885     -1.56351611410E+07  2.91703818499E+04 -5.35994393951E+02   20.9715328          1029678  0.25700    
       31000  -1.68157529         1249208.        0.000000       -46.97059     -1.56236569450E+07  2.91489180375E+04 -5.35994403805E+02   20.9712822          1028361  0.25817    
       31100  -1.67737480         1248722.        0.000000       -46.79304     -1.56106343548E+07  2.91246209908E+04 -5.35994420656E+02   20.9622671          1027957  0.26559    
       31200  -1.67474360         1248164.        0.000000       -45.55009     -1.56068198292E+07  2.91175046139E+04 -5.35994414224E+02   20.9599406          1027343  0.25904    
       31300  -1.67561893         1248718.        0.000000       -44.71660     -1.56072528873E+07  2.91183131435E+04 -5.35994403604E+02   20.9593324          1027861  0.25498    
       31400  -1.67603263         1248560.        0.000000       -44.34215     -1.56090300006E+07  2.91216290458E+04 -5.35994397017E+02   20.9573016          1027590  0.25595    
       31500  -1.67357047         1247369.        0.000000       -45.10702     -1.56106795959E+07  2.91247070589E+04 -5.35994390066E+02   20.9615468          1026181  0.25502    
       31600  -1.67012516         1246910.        0.000000       -44.93239     -1.56116777601E+07  2.91265696232E+04 -5.35994384580E+02   20.9642522          1025640  0.25121    
       31700  -1.67020080         1247832.        0.000000       -45.64928     -1.56216316970E+07  2.91451403359E+04 -5.35994389353E+02   20.9588485          1026115  0.25339    
       31800  -1.67615087         1248713.        0.000000       -47.49475     -1.56334652316E+07  2.91672180141E+04 -5.35994390141E+02   20.9672549          1026881  0.25839    
       31900  -1.67661828         1248674.        0.000000       -46.27069     -1.56404188408E+07  2.91801911878E+04 -5.35994392228E+02   20.9720362          1026717  0.26480    
       32000  -1.67785341         1248890.        0.000000       -45.71101     -1.56462284635E+07  2.91910302820E+04 -5.35994389794E+02   20.9803537          1027036  0.25554    
       32100  -1.67747158         1249461.        0.000000       -44.52525     -1.56463950390E+07  2.91913419502E+04 -5.35994373458E+02   20.9760047          1027493  0.25500    
       32200  -1.68213413         1250338.        0.000000       -45.15645     -1.56569972222E+07  2.92111223585E+04 -5.35994373309E+02   20.9811729          1028149  0.25682    
       32300  -1.68079199         1249281.        0.000000       -45.79445     -1.56541122188E+07  2.92057398035E+04 -5.35994373849E+02   20.9827901          1027316  0.25905    
       32400  -1.67734479         1248475.        0.000000       -46.89076     -1.56530893947E+07  2.92038315537E+04 -5.35994373407E+02   20.9882639          1026631  0.25855    
       32500  -1.67729832         1249534.        0.000000       -46.08922     -1.56547599717E+07  2.92069480933E+04 -5.35994377835E+02   20.9816790          1027403  0.26524    
       32600  -1.68018854         1249969.        0.000000       -46.63776     -1.56545208196E+07  2.92065020887E+04 -5.35994374543E+02   20.9790573          1027941  0.25967    
       32700  -1.68402068         1250811.        0.000000       -46.50917     -1.56585998590E+07  2.92141126129E+04 -5.35994369109E+02   20.9798935          1028653  0.26177    
       32800  -1.68448075         1250944.        0.000000       -47.35112     -1.56573440254E+07  2.92117690605E+04 -5.35994379284E+02   20.9809166          1028870  0.26135    
       32900  -1.68404337         1250261.        0.000000       -47.33054     -1.56532104082E+07  2.92040571327E+04 -5.35994376983E+02   20.9832429          1028364  0.25558    
       33000  -1.67967063         1249003.        0.000000       -45.78352     -1.56411923192E+07  2.91816355116E+04 -5.35994369232E+02   20.9833123          1027542  0.25990    
       33100  -1.67420538         1248376.        0.000000       -43.78207     -1.56310802588E+07  2.91627699017E+04 -5.35994362384E+02   20.9717659          1026752  0.25252    
       33200  -1.67893253         1249983.        0.000000       -43.38782     -1.56404748753E+07  2.91802973353E+04 -5.35994362759E+02   20.9712822          1028133  0.26085    
       33300  -1.68305707         1250541.        0.000000       -42.91008     -1.56469396609E+07  2.91923588120E+04 -5.35994359403E+02   20.9740298          1028526  0.25274    
       33400  -1.68106904         1248582.        0.000000       -43.43076     -1.56466845541E+07  2.91918835894E+04 -5.35994346036E+02   20.9890751          1026867  0.25584    
       33500  -1.67383028         1247273.        0.000000       -43.17106     -1.56384779918E+07  2.91765730245E+04 -5.35994339659E+02   20.9823080          1025523  0.24913    
       33600  -1.67135906         1248302.        0.000000       -43.92546     -1.56372442957E+07  2.91742709754E+04 -5.35994346146E+02   20.9723569          1026294  0.26426    
       33700  -1.67806609         1249914.        0.000000       -44.36924     -1.56485850232E+07  2.91954289252E+04 -5.35994352516E+02   20.9745665          1027579  0.25448    
       33800  -1.68238951         1250524.        0.000000       -43.96082     -1.56551505404E+07  2.92076779030E+04 -5.35994357114E+02   20.9827566          1028203  0.25573    
       33900  -1.68431015         1250628.        0.000000       -43.91372     -1.56565687568E+07  2.92103241888E+04 -5.35994351024E+02   20.9847580          1028488  0.26035    
       34000  -1.68069088         1248860.        0.000000       -42.92559     -1.56476400920E+07  2.91936656179E+04 -5.35994359079E+02   20.9890828          1027035  0.26139    
       34100  -1.67856019         1249266.        0.000000       -43.82595     -1.56401725655E+07  2.91797335749E+04 -5.35994358047E+02   20.9775728          1027343  0.25400    
       34200  -1.67714165         1249104.        0.000000       -41.92627     -1.56368750551E+07  2.91735808698E+04 -5.35994368496E+02   20.9767449          1027088  0.25746    
       34300  -1.67625873         1248905.        0.000000       -42.19332     -1.56336013349E+07  2.91674728448E+04 -5.35994373531E+02   20.9771881          1027196  0.25792    
       34400  -1.67924053         1249824.        0.000000       -42.16564     -1.56362522465E+07  2.91724190440E+04 -5.35994365874E+02   20.9693086          1027866  0.25582    
       34500  -1.67905173         1249697.        0.000000       -41.50608     -1.56438181895E+07  2.91865347765E+04 -5.35994365527E+02   20.9744239          1027567  0.25307    
       34600  -1.67904702         1249094.        0.000000       -41.95755     -1.56415897762E+07  2.91823781568E+04 -5.35994348787E+02   20.9809750          1027321  0.25696    
       34700  -1.67761837         1248595.        0.000000       -43.61221     -1.56360238381E+07  2.91719939929E+04 -5.35994345875E+02   20.9747773          1026986  0.25689    
       34800  -1.67577121         1248422.        0.000000       -41.57165     -1.56284399432E+07  2.91578448844E+04 -5.35994344066E+02   20.9712088          1026974  0.25606    
       34900  -1.67447540         1248044.        0.000000       -40.87442     -1.56259498270E+07  2.91531987664E+04 -5.35994350132E+02   20.9691378          1026428  0.25458    
       35000  -1.67520813         1249126.        0.000000       -40.62452     -1.56267731458E+07  2.91547347385E+04 -5.35994351723E+02   20.9625507          1027500  0.26819    
       35100  -1.67897337         1249643.        0.000000       -41.17173     -1.56330371958E+07  2.91664220135E+04 -5.35994342690E+02   20.9667331          1027914  0.25383    
       35200  -1.68204568         1251030.        0.000000       -40.73253     -1.56347711569E+07  2.91696566742E+04 -5.35994349593E+02   20.9601355          1029357  0.25180    
       35300  -1.68488932         1250455.        0.000000       -41.49467     -1.56340254444E+07  2.91682649688E+04 -5.35994357604E+02   20.9660513          1029058  0.26148    
       35400  -1.68198062         1249741.        0.000000       -42.77788     -1.56267719630E+07  2.91547320654E+04 -5.35994360297E+02   20.9646288          1028626  0.25326    
       35500  -1.68015646         1249005.        0.000000       -43.06396     -1.56161227242E+07  2.91348641073E+04 -5.35994355997E+02   20.9592537          1028192  0.25745    
       35600  -1.67934670         1250281.        0.000000       -42.10026     -1.56138135126E+07  2.91305550901E+04 -5.35994369633E+02   20.9456582          1029267  0.25658    
       35700  -1.68384866         1251141.        0.000000       -41.42307     -1.56194078994E+07  2.91409919297E+04 -5.35994379911E+02   20.9523580          1030207  0.25776    
       35800  -1.68568484         1250642.        0.000000       -41.93381     -1.56144476268E+07  2.91317376316E+04 -5.35994379197E+02   20.9561142          1029978  0.25388    
       35900  -1.68247742         1249623.        0.000000       -42.66054     -1.56076646346E+07  2.91190830977E+04 -5.35994371190E+02   20.9585071          1029097  0.25460    
       36000  -1.67950128         1249224.        0.000000       -41.58206     -1.55989979748E+07  2.91029136802E+04 -5.35994373147E+02   20.9536721          1028723  0.25741    
       36100  -1.67933740         1249842.        0.000000       -40.50381     -1.55982954547E+07  2.91016036767E+04 -5.35994360586E+02   20.9475689          1029247  0.25597    
       36200  -1.68126100         1250268.        0.000000       -40.94255     -1.56034909545E+07  2.91112972979E+04 -5.35994352804E+02   20.9499346          1029655  0.25937    
       36300  -1.68115715         1249735.        0.000000       -41.63963     -1.56017024596E+07  2.91079602103E+04 -5.35994358481E+02   20.9508750          1029242  0.25867    
       36400  -1.67924789         1249083.        0.000000       -42.47303     -1.56007944006E+07  2.91062659703E+04 -5.35994359996E+02   20.9527734          1028821  0.25919    
       36500  -1.67715840         1248887.        0.000000       -42.09758     -1.55979990752E+07  2.91010503060E+04 -5.35994368284E+02   20.9427459          1028253  0.25560    
       36600  -1.67930015         1250033.        0.000000       -42.70082     -1.56042507206E+07  2.91127134047E+04 -5.35994378254E+02   20.9462133          1029520  0.25882    
       36700  -1.68248785         1250172.        0.000000       -42.37349     -1.56080821136E+07  2.91198614996E+04 -5.35994380119E+02   20.9464343          1029470  0.25909    
       36800  -1.68245367         1250565.        0.000000       -42.77294     -1.56127840667E+07  2.91286339314E+04 -5.35994379395E+02   20.9520437          1030015  0.26010    
       36900  -1.68386953         1250292.        0.000000       -43.72275     -1.56100733400E+07  2.91235770591E+04 -5.35994370070E+02   20.9529315          1029806  0.26261    
       37000  -1.68283233         1249968.        0.000000       -42.30877     -1.56062235738E+07  2.91163943681E+04 -5.35994374046E+02   20.9532272          1029754  0.26182    
       37100  -1.67866554         1248700.        0.000000       -43.73347     -1.55974732864E+07  2.91000694341E+04 -5.35994366671E+02   20.9550811          1028817  0.25405    
       37200  -1.67491303         1248122.        0.000000       -43.33704     -1.55855897329E+07  2.90778992207E+04 -5.35994351400E+02   20.9456092          1028318  0.25315    
       37300  -1.67460657         1248717.        0.000000       -44.95651     -1.55841893792E+07  2.90752866134E+04 -5.35994351026E+02   20.9417535          1028785  0.25744    
       37400  -1.67649919         1248627.        0.000000       -46.74846     -1.55880499773E+07  2.90824897416E+04 -5.35994342842E+02   20.9404438          1028389  0.25881    
       37500  -1.67637441         1248540.        0.000000       -47.35318     -1.55899213836E+07  2.90859816012E+04 -5.35994335600E+02   20.9432493          1028313  0.25296    
       37600  -1.67631748         1249478.        0.000000       -47.15528     -1.55898413080E+07  2.90858316762E+04 -5.35994345342E+02   20.9413804          1029186  0.25725    
       37700  -1.68123403         1250169.        0.000000       -46.11430     -1.55933213904E+07  2.90923242783E+04 -5.35994348241E+02   20.9430968          1029819  0.25567    
       37800  -1.68114381         1249878.        0.000000       -44.95300     -1.55928133725E+07  2.90913762494E+04 -5.35994352374E+02   20.9416745          1029712  0.25880    
       37900  -1.67964871         1248698.        0.000000       -44.46903     -1.55909080920E+07  2.90878216251E+04 -5.35994351621E+02   20.9511324          1028636  0.25867    
       38000  -1.67524885         1248386.        0.000000       -45.24090     -1.55806104522E+07  2.90686099195E+04 -5.35994342191E+02   20.9458957          1028491  0.25429    
       38100  -1.67677309         1249453.        0.000000       -45.08716     -1.55796059712E+07  2.90667360773E+04 -5.35994338331E+02   20.9341109          1029331  0.25376    
       38200  -1.67960389         1249606.        0.000000       -45.11697     -1.55842817568E+07  2.90754594267E+04 -5.35994342450E+02   20.9441708          1029628  0.25590    
       38300  -1.67674319         1248843.        0.000000       -44.88293     -1.55774416175E+07  2.90626975905E+04 -5.35994347016E+02   20.9437952          1028905  0.25977    
       38400  -1.67881926         1249467.        0.000000       -44.49431     -1.55733643208E+07  2.90550901327E+04 -5.35994355884E+02   20.9364600          1029488  0.25547    
       38500  -1.67918066         1249454.        0.000000       -43.67969     -1.55700155993E+07  2.90488427112E+04 -5.35994351103E+02   20.9351457          1029690  0.26393    
       38600  -1.67719691         1248203.        0.000000       -43.42940     -1.55617290472E+07  2.90333830059E+04 -5.35994342929E+02   20.9359334          1028801  0.25774    
       38700  -1.67176041         1247370.        0.000000       -43.27749     -1.55534140356E+07  2.90178696469E+04 -5.35994345033E+02   20.9310157          1027899  0.25412    
       38800  -1.67213486         1247680.        0.000000       -43.44039     -1.55559901433E+07  2.90226754377E+04 -5.35994352993E+02   20.9271568          1027860  0.26288    
       38900  -1.67128824         1247451.        0.000000       -43.06251     -1.55632004192E+07  2.90361272630E+04 -5.35994358968E+02   20.9355543          1027409  0.25423    
       39000  -1.67470998         1249154.        0.000000       -43.82787     -1.55730744013E+07  2.90545488056E+04 -5.35994363756E+02   20.9287559          1028769  0.25707    
       39100  -1.67633885         1248676.        0.000000       -45.14168     -1.55815566097E+07  2.90703736754E+04 -5.35994369515E+02   20.9385909          1028303  0.25240    
       39200  -1.67810162         1249608.        0.000000       -44.46370     -1.55863526240E+07  2.90793215871E+04 -5.35994368965E+02   20.9386194          1029262  0.26151    
       39300  -1.67715883         1248199.        0.000000       -45.20109     -1.55872706918E+07  2.90810350827E+04 -5.35994356717E+02   20.9495015          1027972  0.25606    
       39400  -1.67378941         1247432.        0.000000       -44.01038     -1.55824167884E+07  2.90719791294E+04 -5.35994357971E+02   20.9535138          1027464  0.24929    
       39500  -1.67171484         1247371.        0.000000       -43.80351     -1.55819930671E+07  2.90711892697E+04 -5.35994345555E+02   20.9496336          1027066  0.26067    
       39600  -1.67386125         1249254.        0.000000       -44.21828     -1.55916708489E+07  2.90892451783E+04 -5.35994342695E+02   20.9418236          1028405  0.25822    
       39700  -1.67923893         1249738.        0.000000       -44.15116     -1.56067837575E+07  2.91174410058E+04 -5.35994346289E+02   20.9542082          1028685  0.25392    
       39800  -1.67893673         1249521.        0.000000       -45.01971     -1.56033976124E+07  2.91111230989E+04 -5.35994353754E+02   20.9565118          1028628  0.25386    
       39900  -1.67964100         1249587.        0.000000       -44.19863     -1.56030015461E+07  2.91103842863E+04 -5.35994351454E+02   20.9518236          1028649  0.25730    
       40000  -1.67892449         1249169.        0.000000       -44.12765     -1.55999882245E+07  2.91047619894E+04 -5.35994358250E+02   20.9567021          1028534  0.26470    
       40100  -1.67852426         1249452.        0.000000       -44.41554     -1.55916869728E+07  2.90892740844E+04 -5.35994364369E+02   20.9464802          1028926  0.25612    
       40200  -1.67840999         1249321.        0.000000       -44.58500     -1.55943303103E+07  2.90942062696E+04 -5.35994354539E+02   20.9478879          1028795  0.26818    
       40300  -1.67692766         1248559.        0.000000       -43.92404     -1.55962006557E+07  2.90976953971E+04 -5.35994361165E+02   20.9508262          1028003  0.26145    
       40400  -1.67856494         1249543.        0.000000       -43.81671     -1.55997345883E+07  2.91042888599E+04 -5.35994356825E+02   20.9496700          1028960  0.26062    
       40500  -1.68163364         1250352.        0.000000       -43.98168     -1.56048422024E+07  2.91138172367E+04 -5.35994372552E+02   20.9489655          1029650  0.25901    
       40600  -1.68129228         1249578.        0.000000       -43.33108     -1.56092000567E+07  2.91219476567E+04 -5.35994372378E+02   20.9563261          1028688  0.25867    
       40700  -1.67923594         1249207.        0.000000       -43.22652     -1.56085943127E+07  2.91208169754E+04 -5.35994382501E+02   20.9586739          1028389  0.25908    
       40800  -1.67794145         1249382.        0.000000       -43.20809     -1.56080254607E+07  2.91197555021E+04 -5.35994385651E+02   20.9524896          1028403  0.24821    
       40900  -1.67681092         1248453.        0.000000       -44.40331     -1.56074596369E+07  2.91187002004E+04 -5.35994379195E+02   20.9598435          1027696  0.26074    
       41000  -1.67586392         1248834.        0.000000       -44.59406     -1.56089594621E+07  2.91214984552E+04 -5.35994378383E+02   20.9589782          1027941  0.26004    
       41100  -1.67957441         1250331.        0.000000       -44.75979     -1.56156502986E+07  2.91339815339E+04 -5.35994377576E+02   20.9547034          1029099  0.25683    
       41200  -1.68088843         1249411.        0.000000       -44.38150     -1.56145180254E+07  2.91318686578E+04 -5.35994385007E+02   20.9626403          1028526  0.25978    
       41300  -1.67726527         1248155.        0.000000       -45.15308     -1.56095987078E+07  2.91226903783E+04 -5.35994391485E+02   20.9638188          1027508  0.25963    
       41400  -1.67303759         1247369.        0.000000       -45.25391     -1.56064991137E+07  2.91169074707E+04 -5.35994391896E+02   20.9591455          1026594  0.25316    
       41500  -1.67234699         1248507.        0.000000       -44.49504     -1.56117745575E+07  2.91267502739E+04 -5.35994383537E+02   20.9568092          1027628  0.25409    
       41600  -1.67694336         1249104.        0.000000       -44.54387     -1.56217038659E+07  2.91452754055E+04 -5.35994381543E+02   20.9602315          1027678  0.25796    
       41700  -1.67925221         1249258.        0.000000       -44.36723     -1.56283221115E+07  2.91576230456E+04 -5.35994380854E+02   20.9655418          1027907  0.25057    
       41800  -1.67708936         1248410.        0.000000       -44.26753     -1.56251027561E+07  2.91516169620E+04 -5.35994376451E+02   20.9736611          1027305  0.25716    
       41900  -1.67231914         1247474.        0.000000       -44.82548     -1.56196090782E+07  2.91413675426E+04 -5.35994374847E+02   20.9676095          1026500  0.25865    
       42000  -1.67510483         1248605.        0.000000       -45.53028     -1.56287150127E+07  2.91583560150E+04 -5.35994382011E+02   20.9654422          1027095  0.25336    
       42100  -1.67617860         1249277.        0.000000       -45.81311     -1.56329182156E+07  2.91661978336E+04 -5.35994383116E+02   20.9636526          1027467  0.25718    
       42200  -1.68063061         1249623.        0.000000       -45.76887     -1.56461455301E+07  2.91908762129E+04 -5.35994377695E+02   20.9780870          1027796  0.25125    
       42300  -1.67912502         1249442.        0.000000       -44.12308     -1.56401548949E+07  2.91796995031E+04 -5.35994378326E+02   20.9779093          1027828  0.25845    
       42400  -1.67893120         1248983.        0.000000       -42.43365     -1.56372664436E+07  2.91743106543E+04 -5.35994376318E+02   20.9755118          1027470  0.25717    
       42500  -1.67591537         1248280.        0.000000       -43.65819     -1.56359562172E+07  2.91718664744E+04 -5.35994370843E+02   20.9801475          1026855  0.25739    
       42600  -1.67654401         1248820.        0.000000       -44.60049     -1.56401934562E+07  2.91797719449E+04 -5.35994369172E+02   20.9796742          1027103  0.25346    
       42700  -1.67806893         1248888.        0.000000       -44.59485     -1.56435054987E+07  2.91859521356E+04 -5.35994351873E+02   20.9852857          1027155  0.25631    
       42800  -1.67960921         1249523.        0.000000       -46.04510     -1.56422600054E+07  2.91836290161E+04 -5.35994341103E+02   20.9795709          1027764  0.26548    
       42900  -1.67914822         1249371.        0.000000       -45.43612     -1.56392514738E+07  2.91780156647E+04 -5.35994347715E+02   20.9756369          1027766  0.25132    
       43000  -1.67970060         1249519.        0.000000       -45.53342     -1.56447790711E+07  2.91883281428E+04 -5.35994353446E+02   20.9797618          1027857  0.26762    
       43100  -1.67996222         1249365.        0.000000       -45.19276     -1.56437432091E+07  2.91863952082E+04 -5.35994359614E+02   20.9809307          1027624  0.25987    
       43200  -1.67998857         1249708.        0.000000       -44.33524     -1.56426362531E+07  2.91843296498E+04 -5.35994365496E+02   20.9780533          1028041  0.25922    
       43300  -1.67944559         1249148.        0.000000       -45.15226     -1.56408343161E+07  2.91809681435E+04 -5.35994359036E+02   20.9832270          1027534  0.26001    
       43400  -1.68087004         1249904.        0.000000       -44.57915     -1.56345292116E+07  2.91692049218E+04 -5.35994356156E+02   20.9758051          1028419  0.26093    
       43500  -1.67843526         1248509.        0.000000       -44.01849     -1.56262833085E+07  2.91538210999E+04 -5.35994347187E+02   20.9775381          1027421  0.25804    
       43600  -1.67707641         1249093.        0.000000       -44.75751     -1.56268082058E+07  2.91548009376E+04 -5.35994337236E+02   20.9682065          1027778  0.25730    
       43700  -1.67848400         1249191.        0.000000       -45.33773     -1.56289184835E+07  2.91587380518E+04 -5.35994337467E+02   20.9704030          1027932  0.25905    
       43800  -1.67860559         1249579.        0.000000       -44.56231     -1.56285983910E+07  2.91581411158E+04 -5.35994332730E+02   20.9637125          1028119  0.25913    
       43900  -1.68012611         1249838.        0.000000       -44.85025     -1.56359786281E+07  2.91719104595E+04 -5.35994330910E+02   20.9683410          1028519  0.25577    
       44000  -1.68025710         1249511.        0.000000       -45.21416     -1.56364960277E+07  2.91728754462E+04 -5.35994336813E+02   20.9738047          1028289  0.25995    
       44100  -1.67987892         1249656.        0.000000       -45.42023     -1.56364904559E+07  2.91728649513E+04 -5.35994338644E+02   20.9712151          1028480  0.25413    
       44200  -1.67934679         1249243.        0.000000       -45.01658     -1.56357253692E+07  2.91714381892E+04 -5.35994326636E+02   20.9719290          1028173  0.25313    
       44300  -1.68035347         1250344.        0.000000       -44.63935     -1.56337356488E+07  2.91677255721E+04 -5.35994334221E+02   20.9652426          1029222  0.25550    
       44400  -1.68276550         1250023.        0.000000       -44.45876     -1.56357599285E+07  2.91715016429E+04 -5.35994345437E+02   20.9738921          1028994  0.25571    
       44500  -1.67880961         1248266.        0.000000       -45.24224     -1.56289378216E+07  2.91587732552E+04 -5.35994353563E+02   20.9750515          1027519  0.26201    
       44600  -1.67278241         1247283.        0.000000       -46.05666     -1.56213232417E+07  2.91445665755E+04 -5.35994357688E+02   20.9753475          1026658  0.25534    
       44700  -1.67002533         1246596.        0.000000       -45.25078     -1.56169684110E+07  2.91364421652E+04 -5.35994351078E+02   20.9667296          1025739  0.25306    
       44800  -1.66978400         1246940.        0.000000       -45.55699     -1.56291722443E+07  2.91592106110E+04 -5.35994353646E+02   20.9694436          1025563  0.25853    
       44900  -1.67258152         1248441.        0.000000       -45.17376     -1.56418132401E+07  2.91827947728E+04 -5.35994354273E+02   20.9687245          1026619  0.25800    
       45000  -1.67766647         1250075.        0.000000       -47.10484     -1.56587625670E+07  2.92144168226E+04 -5.35994357242E+02   20.9777889          1027854  0.25940    
       45100  -1.68268105         1250459.        0.000000       -48.49261     -1.56684373798E+07  2.92324667960E+04 -5.35994361651E+02   20.9847876          1028033  0.25661    
       45200  -1.68045295         1248893.        0.000000       -47.85312     -1.56658941884E+07  2.92277215110E+04 -5.35994370362E+02   20.9962274          1026831  0.25808    
       45300  -1.67727000         1249278.        0.000000       -48.27484     -1.56619721717E+07  2.92204042592E+04 -5.35994369988E+02   20.9920311          1027388  0.25915    
       45400  -1.67894997         1248802.        0.000000       -47.20653     -1.56600125994E+07  2.92167480124E+04 -5.35994375307E+02   20.9914619          1026662  0.25934    
       45500  -1.67723539         1249192.        0.000000       -46.39487     -1.56608083899E+07  2.92182328225E+04 -5.35994373275E+02   20.9874258          1027047  0.26868    
       45600  -1.67643517         1248905.        0.000000       -46.29404     -1.56557951501E+07  2.92088803591E+04 -5.35994360538E+02   20.9842513          1026762  0.25462    
       45700  -1.67813984         1249134.        0.000000       -46.57397     -1.56548843302E+07  2.92071812798E+04 -5.35994356329E+02   20.9848832          1027164  0.25510    
       45800  -1.67651680         1248021.        0.000000       -47.48837     -1.56524418336E+07  2.92026247423E+04 -5.35994348853E+02   20.9901110          1026106  0.25755    
       45900  -1.67484350         1248370.        0.000000       -47.42316     -1.56465662865E+07  2.91916624996E+04 -5.35994354098E+02   20.9817093          1026507  0.25966    
       46000  -1.67785317         1249733.        0.000000       -45.93026     -1.56537359730E+07  2.92050385452E+04 -5.35994360999E+02   20.9789135          1027533  0.26190    
       46100  -1.68020228         1249719.        0.000000       -46.27955     -1.56603744598E+07  2.92174238355E+04 -5.35994362405E+02   20.9864552          1027547  0.25848    
       46200  -1.67816517         1249035.        0.000000       -46.45779     -1.56544658514E+07  2.92064002339E+04 -5.35994361717E+02   20.9850761          1027179  0.26098    
       46300  -1.67816001         1249384.        0.000000       -46.42719     -1.56565710169E+07  2.92103281677E+04 -5.35994355389E+02   20.9802334          1027230  0.25781    
       46400  -1.68151571         1250419.        0.000000       -47.30796     -1.56633738905E+07  2.92230198544E+04 -5.35994362270E+02   20.9819503          1028282  0.26421    
       46500  -1.68274038         1249630.        0.000000       -47.33038     -1.56631859751E+07  2.92226689734E+04 -5.35994367570E+02   20.9901866          1027749  0.25200    
       46600  -1.68205296         1250411.        0.000000       -46.78200     -1.56551382925E+07  2.92076539781E+04 -5.35994376826E+02   20.9831506          1028660  0.25392    
       46700  -1.68363686         1250114.        0.000000       -45.96220     -1.56483571738E+07  2.91950020645E+04 -5.35994384901E+02   20.9812142          1028535  0.25533    
       46800  -1.68102364         1249794.        0.000000       -44.25661     -1.56389548974E+07  2.91774602265E+04 -5.35994386625E+02   20.9744692          1028372  0.25698    
       46900  -1.68102241         1249196.        0.000000       -42.68179     -1.56374024570E+07  2.91745636655E+04 -5.35994390056E+02   20.9768630          1027778  0.25816    
       47000  -1.67778405         1248539.        0.000000       -42.24162     -1.56338337256E+07  2.91679052945E+04 -5.35994394105E+02   20.9776965          1027281  0.26044    
       47100  -1.67568538         1248188.        0.000000       -42.20237     -1.56340637380E+07  2.91683340041E+04 -5.35994401867E+02   20.9749655          1026753  0.25736    
       47200  -1.67484048         1248161.        0.000000       -43.10276     -1.56357360415E+07  2.91714543299E+04 -5.35994395913E+02   20.9744060          1026514  0.25643    
       47300  -1.67266136         1247403.        0.000000       -44.17004     -1.56347309362E+07  2.91695793143E+04 -5.35994392230E+02   20.9777298          1025756  0.25849    
       47400  -1.67217503         1247390.        0.000000       -45.22279     -1.56381262135E+07  2.91759136004E+04 -5.35994396877E+02   20.9764862          1025422  0.25444    
       47500  -1.67262755         1248027.        0.000000       -44.79667     -1.56464977452E+07  2.91915323493E+04 -5.35994395838E+02   20.9782003          1025804  0.25800    
       47600  -1.67693884         1249432.        0.000000       -44.94093     -1.56603310758E+07  2.92173416032E+04 -5.35994386090E+02   20.9817379          1026874  0.26060    
       47700  -1.68053470         1250598.        0.000000       -44.20299     -1.56692986902E+07  2.92340726124E+04 -5.35994382237E+02   20.9878217          1027860  0.25537    
       47800  -1.68144745         1249779.        0.000000       -44.31211     -1.56675571596E+07  2.92308231303E+04 -5.35994388176E+02   20.9914114          1027210  0.25728    
       47900  -1.68223163         1250187.        0.000000       -44.57797     -1.56699719623E+07  2.92353281812E+04 -5.35994392304E+02   20.9932048          1027590  0.25756    
       48000  -1.68216286         1249648.        0.000000       -46.07279     -1.56651994795E+07  2.92264240488E+04 -5.35994395120E+02   20.9959056          1027348  0.25999    
       48100  -1.68032212         1249888.        0.000000       -45.85914     -1.56602961060E+07  2.92172760439E+04 -5.35994391896E+02   20.9881408          1027589  0.25598    
       48200  -1.68136482         1249804.        0.000000       -46.38161     -1.56580070473E+07  2.92130055008E+04 -5.35994389447E+02   20.9867271          1027604  0.25392    
       48300  -1.67964911         1249217.        0.000000       -47.29860     -1.56557171572E+07  2.92087337554E+04 -5.35994380594E+02   20.9907822          1027283  0.26276    
       48400  -1.67926594         1249814.        0.000000       -48.17565     -1.56493083447E+07  2.91967768123E+04 -5.35994382025E+02   20.9767337          1027880  0.26024    
       48500  -1.67958901         1249441.        0.000000       -47.33167     -1.56546976280E+07  2.92068314430E+04 -5.35994384006E+02   20.9833015          1027271  0.25851    
       48600  -1.67864606         1248760.        0.000000       -46.42831     -1.56584400280E+07  2.92138139815E+04 -5.35994377109E+02   20.9919587          1026676  0.26247    
       48700  -1.67562314         1248882.        0.000000       -47.16501     -1.56559467606E+07  2.92091617720E+04 -5.35994387065E+02   20.9860236          1026729  0.25613    
       48800  -1.67985225         1250204.        0.000000       -47.86413     -1.56575376568E+07  2.92121294594E+04 -5.35994395018E+02   20.9779506          1027832  0.25438    
       48900  -1.68116227         1249736.        0.000000       -48.49149     -1.56617272149E+07  2.92199459023E+04 -5.35994394625E+02   20.9867141          1027336  0.24976    
       49000  -1.67976311         1249736.        0.000000       -48.28997     -1.56581091187E+07  2.92131964077E+04 -5.35994380764E+02   20.9829526          1027429  0.26615    
       49100  -1.67987041         1248958.        0.000000       -47.18985     -1.56568300383E+07  2.92108104827E+04 -5.35994372618E+02   20.9905502          1026843  0.25943    
       49200  -1.67686036         1249027.        0.000000       -45.96573     -1.56522552851E+07  2.92022755307E+04 -5.35994370322E+02   20.9814680          1026927  0.26138    
       49300  -1.67860545         1249772.        0.000000       -45.41590     -1.56549245645E+07  2.92072551153E+04 -5.35994378887E+02   20.9813688          1027743  0.25595    
       49400  -1.67957007         1249104.        0.000000       -44.66133     -1.56523351253E+07  2.92024235521E+04 -5.35994387499E+02   20.9835794          1027282  0.25274    
       49500  -1.67773594         1248666.        0.000000       -46.76776     -1.56530276596E+07  2.92037163760E+04 -5.35994373391E+02   20.9872391          1026868  0.25657    
       49600  -1.67941295         1249547.        0.000000       -47.01212     -1.56580121753E+07  2.92130158810E+04 -5.35994374529E+02   20.9842159          1027440  0.25828    
       49700  -1.67751329         1249256.        0.000000       -47.67757     -1.56586027608E+07  2.92141176569E+04 -5.35994375892E+02   20.9912167          1027245  0.27088    
       49800  -1.67844620         1249438.        0.000000       -48.21774     -1.56568377536E+07  2.92108248260E+04 -5.35994373554E+02   20.9828228          1027191  0.25877    
       49900  -1.67732618         1249007.        0.000000       -48.86627     -1.56660977079E+07  2.92281009771E+04 -5.35994374735E+02   20.9889690          1026580  0.25772    
       50000  -1.67788724         1248436.        0.000000       -48.91622     -1.56698602729E+07  2.92351208197E+04 -5.35994373668E+02   20.9999225          1026051  0.25370    
       50100  -1.67477438         1248060.        0.000000       -47.12779     -1.56648272862E+07  2.92257300130E+04 -5.35994388481E+02   20.9975836          1025803  0.25151    
       50200  -1.67575006         1248985.        0.000000       -45.87639     -1.56658621039E+07  2.92276607228E+04 -5.35994387389E+02   20.9909351          1026520  0.25827    
       50300  -1.67880297         1249420.        0.000000       -45.50130     -1.56714688760E+07  2.92381217255E+04 -5.35994378266E+02   20.9957006          1026860  0.25717    
       50400  -1.67991583         1249260.        0.000000       -46.40845     -1.56717967086E+07  2.92387336132E+04 -5.35994373624E+02   20.9949767          1026770  0.26136    
       50500  -1.67783584         1249162.        0.000000       -45.59224     -1.56703804182E+07  2.92360915426E+04 -5.35994368309E+02   20.9969697          1026811  0.26090    
       50600  -1.67948425         1249257.        0.000000       -45.84290     -1.56671207982E+07  2.92300095579E+04 -5.35994378215E+02   20.9939251          1026900  0.25393    
       50700  -1.68183925         1250678.        0.000000       -44.67014     -1.56711244328E+07  2.92374790512E+04 -5.35994379181E+02   20.9893336          1028117  0.26301    
       50800  -1.68270109         1249832.        0.000000       -45.40611     -1.56662660577E+07  2.92284150998E+04 -5.35994374112E+02   20.9998578          1027732  0.25269    
       50900  -1.68092912         1250155.        0.000000       -44.73190     -1.56535575025E+07  2.92047049536E+04 -5.35994372390E+02   20.9854182          1028008  0.25627    
       51000  -1.67926954         1248730.        0.000000       -44.11483     -1.56463956718E+07  2.91913426751E+04 -5.35994381825E+02   20.9893115          1026898  0.25983    
       51100  -1.67350845         1247761.        0.000000       -42.80623     -1.56389511485E+07  2.91774531188E+04 -5.35994388709E+02   20.9833063          1025939  0.25798    
       51200  -1.67338290         1248211.        0.000000       -44.56775     -1.56373755202E+07  2.91745132111E+04 -5.35994393703E+02   20.9839904          1026414  0.25922    
       51300  -1.67435322         1248672.        0.000000       -45.40689     -1.56384507929E+07  2.91765194027E+04 -5.35994392514E+02   20.9742457          1026594  0.26368    
       51400  -1.67943130         1249807.        0.000000       -46.97650     -1.56482735790E+07  2.91948462792E+04 -5.35994381657E+02   20.9767101          1027579  0.25938    
       51500  -1.68110490         1249425.        0.000000       -45.85526     -1.56515705947E+07  2.92009978868E+04 -5.35994374418E+02   20.9878572          1027376  0.25358    
       51600  -1.68057573         1249980.        0.000000       -45.11106     -1.56426310635E+07  2.91843194828E+04 -5.35994374399E+02   20.9816456          1028232  0.25952    
       51700  -1.68219141         1250266.        0.000000       -46.12823     -1.56344238995E+07  2.91690071011E+04 -5.35994380792E+02   20.9744417          1028800  0.25528    
       51800  -1.68223082         1250127.        0.000000       -45.11997     -1.56317234635E+07  2.91639692965E+04 -5.35994373898E+02   20.9721515          1028753  0.25954    
       51900  -1.68191308         1249907.        0.000000       -45.15900     -1.56258006730E+07  2.91529190112E+04 -5.35994377338E+02   20.9662900          1028800  0.26325    
       52000  -1.68056503         1248907.        0.000000       -47.28756     -1.56245347425E+07  2.91505569238E+04 -5.35994381972E+02   20.9707516          1027992  0.25771    
       52100  -1.67588314         1248530.        0.000000       -48.35952     -1.56206207428E+07  2.91432549024E+04 -5.35994376574E+02   20.9658347          1027642  0.26565    
       52200  -1.67739769         1249037.        0.000000       -49.99713     -1.56311456047E+07  2.91628908092E+04 -5.35994380905E+02   20.9646355          1027837  0.25441    
       52300  -1.67875299         1249767.        0.000000       -49.21297     -1.56432136579E+07  2.91854062662E+04 -5.35994377301E+02   20.9713813          1028295  0.25467    
       52400  -1.67959469         1249530.        0.000000       -47.63585     -1.56467763858E+07  2.91920531170E+04 -5.35994379123E+02   20.9762567          1027952  0.26359    
       52500  -1.67917803         1249237.        0.000000       -48.56972     -1.56488899849E+07  2.91959966798E+04 -5.35994374726E+02   20.9791265          1027553  0.25796    
       52600  -1.67821441         1248849.        0.000000       -47.15837     -1.56503059318E+07  2.91986393425E+04 -5.35994357414E+02   20.9831072          1027223  0.25556    
       52700  -1.67648279         1248874.        0.000000       -46.12245     -1.56459707776E+07  2.91905513529E+04 -5.35994356133E+02   20.9826405          1027427  0.25779    
       52800  -1.67901529         1249706.        0.000000       -45.93920     -1.56445174181E+07  2.91878398851E+04 -5.35994355171E+02   20.9776417          1028144  0.25940    
       52900  -1.68251449         1250447.        0.000000       -45.57471     -1.56416465649E+07  2.91824840774E+04 -5.35994349331E+02   20.9703407          1028822  0.25307    
       53000  -1.68172644         1249300.        0.000000       -46.44466     -1.56372982711E+07  2.91743713459E+04 -5.35994352222E+02   20.9770395          1027933  0.25036    
       53100  -1.67859946         1248703.        0.000000       -47.42204     -1.56325883206E+07  2.91655841134E+04 -5.35994350731E+02   20.9724390          1027356  0.25613    
       53200  -1.67692684         1249254.        0.000000       -46.57883     -1.56331024663E+07  2.91665432406E+04 -5.35994352755E+02   20.9689366          1027819  0.26540    
       53300  -1.67797054         1249332.        0.000000       -45.34400     -1.56361683242E+07  2.91722631481E+04 -5.35994353432E+02   20.9731819          1027852  0.25466    
       53400  -1.67981448         1249546.        0.000000       -44.87343     -1.56362069226E+07  2.91723349614E+04 -5.35994357095E+02   20.9724127          1028226  0.25598    
       53500  -1.67767673         1249012.        0.000000       -43.56824     -1.56326352723E+07  2.91656716736E+04 -5.35994351417E+02   20.9733827          1027801  0.26215    
       53600  -1.67777259         1248497.        0.000000       -45.09675     -1.56249803959E+07  2.91513899412E+04 -5.35994353183E+02   20.9739048          1027489  0.25314    
       53700  -1.67457224         1247609.        0.000000       -46.01738     -1.56130036831E+07  2.91290449735E+04 -5.35994355369E+02   20.9697445          1026782  0.25509    
       53800  -1.67287496         1248257.        0.000000       -44.27600     -1.56031457644E+07  2.91106536614E+04 -5.35994345778E+02   20.9571573          1027454  0.26082    
       53900  -1.67481601         1248000.        0.000000       -43.47568     -1.56095491948E+07  2.91226003203E+04 -5.35994348825E+02   20.9562293          1026599  0.26604    
       54000  -1.67291239         1248017.        0.000000       -42.74399     -1.56146116666E+07  2.91320453629E+04 -5.35994348220E+02   20.9658890          1026670  0.25929    
       54100  -1.67650738         1249250.        0.000000       -42.18616     -1.56200959928E+07  2.91422772881E+04 -5.35994350693E+02   20.9612717          1027448  0.25784    
       54200  -1.67811024         1249217.        0.000000       -43.99662     -1.56281151313E+07  2.91572381056E+04 -5.35994358405E+02   20.9659641          1027419  0.26014    
       54300  -1.67977759         1250024.        0.000000       -44.02935     -1.56321586834E+07  2.91647820573E+04 -5.35994359659E+02   20.9661461          1028249  0.25692    
       54400  -1.68301774         1250243.        0.000000       -43.20332     -1.56353881341E+07  2.91708074049E+04 -5.35994356176E+02   20.9725183          1028808  0.25079    
       54500  -1.68032362         1249217.        0.000000       -43.15919     -1.56303022103E+07  2.91613187335E+04 -5.35994354479E+02   20.9740103          1027945  0.25603    
       54600  -1.67859451         1248877.        0.000000       -43.25637     -1.56281819290E+07  2.91573631661E+04 -5.35994350378E+02   20.9762015          1027817  0.25889    
       54700  -1.67583313         1248323.        0.000000       -43.50235     -1.56292362257E+07  2.91593297309E+04 -5.35994358236E+02   20.9693305          1027083  0.25300    
       54800  -1.67718340         1249418.        0.000000       -44.85118     -1.56362047236E+07  2.91723304320E+04 -5.35994364936E+02   20.9718035          1027914  0.25939    
       54900  -1.67744547         1248987.        0.000000       -44.89988     -1.56404036402E+07  2.91801646036E+04 -5.35994359616E+02   20.9734729          1027386  0.25910    
       55000  -1.67867235         1249682.        0.000000       -43.85178     -1.56437011797E+07  2.91863165378E+04 -5.35994364326E+02   20.9702885          1027864  0.25261    
       55100  -1.68207283         1250237.        0.000000       -44.10417     -1.56541725903E+07  2.92058526810E+04 -5.35994369390E+02   20.9761598          1028239  0.25305    
       55200  -1.68076858         1249718.        0.000000       -44.16847     -1.56547466232E+07  2.92069237555E+04 -5.35994367440E+02   20.9781184          1027810  0.26148    
       55300  -1.67862072         1248957.        0.000000       -44.34211     -1.56565390925E+07  2.92102685501E+04 -5.35994356424E+02   20.9888604          1027324  0.25723    
       55400  -1.67776468         1249116.        0.000000       -42.96573     -1.56520218503E+07  2.92018406945E+04 -5.35994357822E+02   20.9806245          1027180  0.25867    
       55500  -1.67769059         1249349.        0.000000       -42.74108     -1.56533269359E+07  2.92042750619E+04 -5.35994367356E+02   20.9831527          1027524  0.26066    
       55600  -1.67752689         1248394.        0.000000       -44.05479     -1.56592017800E+07  2.92152354553E+04 -5.35994371976E+02   20.9908096          1026376  0.26710    
       55700  -1.67219167         1247852.        0.000000       -44.04818     -1.56558586294E+07  2.92089980139E+04 -5.35994374813E+02   20.9849053          1025876  0.25953    
       55800  -1.67527813         1249120.        0.000000       -43.44979     -1.56642914247E+07  2.92247311190E+04 -5.35994372744E+02   20.9828705          1026745  0.25638    
       55900  -1.67867042         1249578.        0.000000       -42.09203     -1.56675700261E+07  2.92308486253E+04 -5.35994360854E+02   20.9864771          1027393  0.25746    
       56000  -1.68277850         1250766.        0.000000       -41.74741     -1.56737356531E+07  2.92423515083E+04 -5.35994365863E+02   20.9851248          1028313  0.26073    
       56100  -1.68507156         1251336.        0.000000       -41.80762     -1.56804829153E+07  2.92549393235E+04 -5.35994374896E+02   20.9917870          1028952  0.26275    
       56200  -1.68642873         1251409.        0.000000       -40.51005     -1.56756472239E+07  2.92459179822E+04 -5.35994364527E+02   20.9922346          1029326  0.26055    
       56300  -1.68838843         1251776.        0.000000       -39.47500     -1.56704528103E+07  2.92362278349E+04 -5.35994345742E+02   20.9934704          1030024  0.26610    
       56400  -1.68471116         1250601.        0.000000       -41.25306     -1.56511514551E+07  2.92002175433E+04 -5.35994344285E+02   20.9856756          1029429  0.25874    
       56500  -1.68167957         1248902.        0.000000       -42.37356     -1.56363003218E+07  2.91725093827E+04 -5.35994354024E+02   20.9772107          1028062  0.25439    
       56600  -1.67423211         1248016.        0.000000       -41.69886     -1.56228312550E+07  2.91473798220E+04 -5.35994362114E+02   20.9699663          1027310  0.24944    
       56700  -1.67391976         1247282.        0.000000       -42.31719     -1.56210241415E+07  2.91440078288E+04 -5.35994370893E+02   20.9725798          1026552  0.25432    
       56800  -1.67392185         1248973.        0.000000       -42.47855     -1.56270630140E+07  2.91552745178E+04 -5.35994370569E+02   20.9607244          1027744  0.25363    
       56900  -1.67830636         1249239.        0.000000       -42.34375     -1.56391691654E+07  2.91778607924E+04 -5.35994371782E+02   20.9717475          1027730  0.25400    
       57000  -1.67981854         1249518.        0.000000       -41.84023     -1.56440625982E+07  2.91869904424E+04 -5.35994371502E+02   20.9767541          1028021  0.25778    
       57100  -1.67512207         1247928.        0.000000       -41.16491     -1.56356069650E+07  2.91712148860E+04 -5.35994370688E+02   20.9820819          1026729  0.25615    
       57200  -1.67510171         1248327.        0.000000       -41.12389     -1.56364505886E+07  2.91727886140E+04 -5.35994374605E+02   20.9757321          1026974  0.25016    
       57300  -1.67581801         1248575.        0.000000       -41.04267     -1.56438304615E+07  2.91865573600E+04 -5.35994371263E+02   20.9759849          1026906  0.25376    
       57400  -1.67556951         1248157.        0.000000       -40.44054     -1.56503398158E+07  2.91987018154E+04 -5.35994371078E+02   20.9836110          1026257  0.25401    
       57500  -1.67358049         1248466.        0.000000       -40.90832     -1.56514593795E+07  2.92007905460E+04 -5.35994371619E+02   20.9785814          1026447  0.25664    
       57600  -1.67867522         1249366.        0.000000       -41.18005     -1.56618188438E+07  2.92201178301E+04 -5.35994376713E+02   20.9804645          1027049  0.25379    
       57700  -1.67887324         1248929.        0.000000       -41.04535     -1.56623411837E+07  2.92210920044E+04 -5.35994383146E+02   20.9881465          1026881  0.26046    
       57800  -1.67977616         1249512.        0.000000       -40.63397     -1.56616774120E+07  2.92198537340E+04 -5.35994380893E+02   20.9844722          1027339  0.25418    
       57900  -1.67724806         1248450.        0.000000       -40.09732     -1.56554637866E+07  2.92082615124E+04 -5.35994372004E+02   20.9856454          1026397  0.24800    
       58000  -1.67514532         1248242.        0.000000       -41.22186     -1.56525313519E+07  2.92027903221E+04 -5.35994375170E+02   20.9811912          1026272  0.25296    
       58100  -1.67470459         1248793.        0.000000       -42.35334     -1.56542689216E+07  2.92060321590E+04 -5.35994373914E+02   20.9803629          1026629  0.25851    
       58200  -1.67916029         1249607.        0.000000       -44.02998     -1.56616626551E+07  2.92198264093E+04 -5.35994377095E+02   20.9774390          1027098  0.25739    
       58300  -1.67917123         1249430.        0.000000       -44.23805     -1.56688328298E+07  2.92332036616E+04 -5.35994378557E+02   20.9877288          1027018  0.25615    
       58400  -1.67768393         1248858.        0.000000       -44.29311     -1.56672838171E+07  2.92303136032E+04 -5.35994380005E+02   20.9908073          1026592  0.25466    
       58500  -1.67802176         1249411.        0.000000       -42.85611     -1.56638086023E+07  2.92238298940E+04 -5.35994380581E+02   20.9878848          1027175  0.25238    
       58600  -1.68006865         1249247.        0.000000       -43.04253     -1.56607689482E+07  2.92181589828E+04 -5.35994377927E+02   20.9845397          1026990  0.25202    
       58700  -1.67903936         1249384.        0.000000       -43.06732     -1.56565278591E+07  2.92102462501E+04 -5.35994381048E+02   20.9801465          1027354  0.26309    
       58800  -1.68055617         1250436.        0.000000       -41.95707     -1.56566185600E+07  2.92104154874E+04 -5.35994380731E+02   20.9808438          1028468  0.25760    
       58900  -1.68449085         1250893.        0.000000       -42.49342     -1.56572874358E+07  2.92116637892E+04 -5.35994373644E+02   20.9764107          1028952  0.25435    
       59000  -1.68275884         1249801.        0.000000       -42.37714     -1.56534577307E+07  2.92045185745E+04 -5.35994376720E+02   20.9862726          1028106  0.25453    
       59100  -1.67855599         1249074.        0.000000       -42.24504     -1.56424844222E+07  2.91840463281E+04 -5.35994366453E+02   20.9784950          1027748  0.25372    
       59200  -1.67711097         1249477.        0.000000       -43.24449     -1.56422752920E+07  2.91836569554E+04 -5.35994351767E+02   20.9737779          1028049  0.24952    
       59300  -1.67813261         1248486.        0.000000       -43.69892     -1.56472787409E+07  2.91929912492E+04 -5.35994362733E+02   20.9819558          1026996  0.25563    
       59400  -1.67767321         1249737.        0.000000       -43.67797     -1.56523827099E+07  2.92025138439E+04 -5.35994359716E+02   20.9761015          1027881  0.25927    
       59500  -1.68061965         1249959.        0.000000       -43.66149     -1.56520025175E+07  2.92018044486E+04 -5.35994361069E+02   20.9777772          1028003  0.26899    
       59600  -1.68075759         1249718.        0.000000       -43.28649     -1.56483837589E+07  2.91950531592E+04 -5.35994357454E+02   20.9780422          1028029  0.25732    
       59700  -1.68187847         1250350.        0.000000       -45.00840     -1.56480911965E+07  2.91945072625E+04 -5.35994358656E+02   20.9780133          1028634  0.25669    
       59800  -1.68413846         1250694.        0.000000       -45.09981     -1.56437305381E+07  2.91863715750E+04 -5.35994359488E+02   20.9719099          1029179  0.25946    
       59900  -1.68215608         1249940.        0.000000       -44.66136     -1.56324040383E+07  2.91652404855E+04 -5.35994347313E+02   20.9730813          1028920  0.25558    
       60000  -1.68195314         1249841.        0.000000       -44.04998     -1.56233447132E+07  2.91483382609E+04 -5.35994353206E+02   20.9685814          1029141  0.25071    
       60100  -1.67992207         1249163.        0.000000       -44.35310     -1.56131077530E+07  2.91292383008E+04 -5.35994370734E+02   20.9641989          1028436  0.26037    
       60200  -1.67567453         1248754.        0.000000       -45.76879     -1.55993171312E+07  2.91035093215E+04 -5.35994369578E+02   20.9532621          1028069  0.26586    
       60300  -1.67632932         1249005.        0.000000       -45.49050     -1.56015238981E+07  2.91076268859E+04 -5.35994361866E+02   20.9505760          1028171  0.25314    
       60400  -1.67757963         1249427.        0.000000       -45.83410     -1.56113560436E+07  2.91259701930E+04 -5.35994369976E+02   20.9511897          1028228  0.25953    
       60500  -1.67993847         1249998.        0.000000       -45.22219     -1.56191073187E+07  2.91404314099E+04 -5.35994374926E+02   20.9584429          1028721  0.25973    
       60600  -1.68058676         1249563.        0.000000       -44.73682     -1.56189567554E+07  2.91401504412E+04 -5.35994376105E+02   20.9630634          1028348  0.25696    
       60700  -1.67947942         1249197.        0.000000       -43.53564     -1.56183188481E+07  2.91389596208E+04 -5.35994388660E+02   20.9601161          1028101  0.25119    
       60800  -1.67753080         1248731.        0.000000       -44.28671     -1.56182067883E+07  2.91387510555E+04 -5.35994379394E+02   20.9654751          1027801  0.26175    
       60900  -1.67883035         1249195.        0.000000       -44.47273     -1.56159115189E+07  2.91344686970E+04 -5.35994381133E+02   20.9582175          1028125  0.25797    
       61000  -1.67722835         1248781.        0.000000       -44.47459     -1.56170743582E+07  2.91366374345E+04 -5.35994395143E+02   20.9610291          1027654  0.25527    
       61100  -1.67816822         1249587.        0.000000       -44.48305     -1.56208384247E+07  2.91436595564E+04 -5.35994403672E+02   20.9597837          1028365  0.26151    
       61200  -1.68272847         1250602.        0.000000       -44.97497     -1.56275558647E+07  2.91561929673E+04 -5.35994390015E+02   20.9616379          1029195  0.25281    
       61300  -1.68183704         1249822.        0.000000       -45.21160     -1.56241873514E+07  2.91499091436E+04 -5.35994375639E+02   20.9709918          1028675  0.25517    
       61400  -1.67891352         1248518.        0.000000       -44.06190     -1.56123507365E+07  2.91278250700E+04 -5.35994386776E+02   20.9656992          1027630  0.25190    
       61500  -1.67617626         1248425.        0.000000       -43.94537     -1.56060829982E+07  2.91161317881E+04 -5.35994379741E+02   20.9617930          1027556  0.25839    
       61600  -1.67600014         1249440.        0.000000       -44.62647     -1.56015456654E+07  2.91076663994E+04 -5.35994382077E+02   20.9456734          1028463  0.25971    
       61700  -1.67933563         1249753.        0.000000       -42.57318     -1.56109980917E+07  2.91253020973E+04 -5.35994374910E+02   20.9545083          1028590  0.25770    
       61800  -1.67921983         1248858.        0.000000       -41.49085     -1.56115075384E+07  2.91262526846E+04 -5.35994372757E+02   20.9611565          1027771  0.25679    
       61900  -1.67988027         1249987.        0.000000       -42.87315     -1.56114211284E+07  2.91260918236E+04 -5.35994366252E+02   20.9540191          1028734  0.25640    
       62000  -1.68062406         1250316.        0.000000       -42.46115     -1.56150026553E+07  2.91327730779E+04 -5.35994380404E+02   20.9543929          1029037  0.25221    
       62100  -1.68188307         1250462.        0.000000       -41.30697     -1.56149633603E+07  2.91326995567E+04 -5.35994384246E+02   20.9606645          1029219  0.25534    
       62200  -1.68121627         1249642.        0.000000       -42.44467     -1.56126315202E+07  2.91283491651E+04 -5.35994382371E+02   20.9610079          1028307  0.25554    
       62300  -1.67843391         1249022.        0.000000       -42.65724     -1.56114660925E+07  2.91261745317E+04 -5.35994387986E+02   20.9642893          1027865  0.26470    
       62400  -1.67712755         1248819.        0.000000       -42.60970     -1.56120378214E+07  2.91272415514E+04 -5.35994381545E+02   20.9594356          1027379  0.25384    
       62500  -1.67580840         1248102.        0.000000       -43.05652     -1.56170945956E+07  2.91366761190E+04 -5.35994378078E+02   20.9632857          1026622  0.25850    
       62600  -1.67605809         1248856.        0.000000       -43.47002     -1.56236223894E+07  2.91488548175E+04 -5.35994380815E+02   20.9622891          1027193  0.26748    
       62700  -1.67787707         1249147.        0.000000       -43.38751     -1.56265963367E+07  2.91544028116E+04 -5.35994389514E+02   20.9644242          1027454  0.25417    
       62800  -1.67943445         1249479.        0.000000       -42.68424     -1.56280209282E+07  2.91570603397E+04 -5.35994395394E+02   20.9633111          1028088  0.25839    
       62900  -1.67951960         1249359.        0.000000       -42.52895     -1.56273366363E+07  2.91557834282E+04 -5.35994399698E+02   20.9671969          1028120  0.25637    
       63000  -1.67800354         1249768.        0.000000       -44.20924     -1.56242305748E+07  2.91499885814E+04 -5.35994397775E+02   20.9590896          1028401  0.27158    
       63100  -1.68024743         1249856.        0.000000       -44.59687     -1.56241241178E+07  2.91497900304E+04 -5.35994396582E+02   20.9644645          1028676  0.25642    
       63200  -1.68175048         1250318.        0.000000       -44.82366     -1.56190000729E+07  2.91402304247E+04 -5.35994391439E+02   20.9595311          1029268  0.26089    
       63300  -1.68025613         1249320.        0.000000       -45.02804     -1.56169601378E+07  2.91364246457E+04 -5.35994389417E+02   20.9599893          1028419  0.25921    
       63400  -1.67733890         1248789.        0.000000       -45.67449     -1.56168543523E+07  2.91362273918E+04 -5.35994387411E+02   20.9607995          1027967  0.25281    
       63500  -1.67858821         1249067.        0.000000       -46.30611     -1.56186470527E+07  2.91395718306E+04 -5.35994390841E+02   20.9587140          1028186  0.25438    
       63600  -1.67691023         1248855.        0.000000       -45.10866     -1.56178187606E+07  2.91380263880E+04 -5.35994392778E+02   20.9614529          1027996  0.25880    
       63700  -1.67753132         1249202.        0.000000       -46.00593     -1.56194983004E+07  2.91411593269E+04 -5.35994403144E+02   20.9592192          1028280  0.25969    
       63800  -1.67719599         1248233.        0.000000       -44.55121     -1.56175239807E+07  2.91374753118E+04 -5.35994413160E+02   20.9646675          1027292  0.25743    
       63900  -1.67578599         1248300.        0.000000       -45.99899     -1.56132613791E+07  2.91295227668E+04 -5.35994410349E+02   20.9640427          1027499  0.25772    
       64000  -1.67450655         1247698.        0.000000       -45.68297     -1.56128204396E+07  2.91287007498E+04 -5.35994398573E+02   20.9630062          1026805  0.25645    
       64100  -1.67248693         1247903.        0.000000       -45.96201     -1.56169551701E+07  2.91364150138E+04 -5.35994396108E+02   20.9631150          1026821  0.25870    
       64200  -1.67374059         1248202.        0.000000       -44.93238     -1.56180188960E+07  2.91384002585E+04 -5.35994383953E+02   20.9605360          1026745  0.25599    
       64300  -1.67528128         1248773.        0.000000       -44.67390     -1.56256453458E+07  2.91526286852E+04 -5.35994387144E+02   20.9605914          1027063  0.25291    
       64400  -1.67527239         1247974.        0.000000       -44.77486     -1.56288251850E+07  2.91585611045E+04 -5.35994390428E+02   20.9707465          1026171  0.26125    
       64500  -1.67440697         1248178.        0.000000       -45.60621     -1.56279398810E+07  2.91569098334E+04 -5.35994382475E+02   20.9686386          1026422  0.25597    
       64600  -1.67500065         1248576.        0.000000       -45.18029     -1.56315840152E+07  2.91637088199E+04 -5.35994379580E+02   20.9659483          1026629  0.25732    
       64700  -1.67629706         1248891.        0.000000       -45.13649     -1.56422143415E+07  2.91835414779E+04 -5.35994384141E+02   20.9704603          1026761  0.25815    
       64800  -1.67809827         1249469.        0.000000       -44.73335     -1.56468726517E+07  2.91922317538E+04 -5.35994396852E+02   20.9721020          1027430  0.25254    
       64900  -1.68000201         1250017.        0.000000       -45.99372     -1.56497863616E+07  2.91976681491E+04 -5.35994391118E+02   20.9728484          1028062  0.25232    
       65000  -1.68487757         1250959.        0.000000       -46.41728     -1.56537504657E+07  2.92050646751E+04 -5.35994377682E+02   20.9761725          1028949  0.25609    
       65100  -1.68457229         1250312.        0.000000       -44.88541     -1.56443509160E+07  2.91875277023E+04 -5.35994383477E+02   20.9760712          1028744  0.26142    
       65200  -1.68060691         1249125.        0.000000       -44.94625     -1.56324161446E+07  2.91652606162E+04 -5.35994392451E+02   20.9759496          1027969  0.25678    
       65300  -1.67751823         1248897.        0.000000       -44.48784     -1.56179731487E+07  2.91383144713E+04 -5.35994391991E+02   20.9636090          1027756  0.25714    
       65400  -1.67747026         1249116.        0.000000       -44.62742     -1.56158415057E+07  2.91343374308E+04 -5.35994392968E+02   20.9572318          1027763  0.26026    
       65500  -1.67913753         1249500.        0.000000       -44.53187     -1.56151329226E+07  2.91330154309E+04 -5.35994393015E+02   20.9594334          1028336  0.25791    
       65600  -1.68142417         1249923.        0.000000       -44.11668     -1.56235822046E+07  2.91487791767E+04 -5.35994393107E+02   20.9625560          1028580  0.25041    
       65700  -1.68181418         1250028.        0.000000       -43.94106     -1.56277407730E+07  2.91565382492E+04 -5.35994384498E+02   20.9653671          1028661  0.26050    
       65800  -1.68381003         1250835.        0.000000       -42.55527     -1.56292119291E+07  2.91592830504E+04 -5.35994383059E+02   20.9689255          1029488  0.25510    
       65900  -1.68156858         1250316.        0.000000       -43.39993     -1.56171753615E+07  2.91368263441E+04 -5.35994386520E+02   20.9607535          1029159  0.25837    
       66000  -1.68269854         1250051.        0.000000       -43.20813     -1.56114545369E+07  2.91261529189E+04 -5.35994388974E+02   20.9593611          1029142  0.25428    
       66100  -1.68245925         1249788.        0.000000       -43.87912     -1.56024308339E+07  2.91093168613E+04 -5.35994400290E+02   20.9562950          1029200  0.25511    
       66200  -1.68018416         1249187.        0.000000       -43.73228     -1.55947876021E+07  2.90950572278E+04 -5.35994395198E+02   20.9510720          1028685  0.25598    
       66300  -1.67796861         1248617.        0.000000       -45.20394     -1.55885888335E+07  2.90834926795E+04 -5.35994387100E+02   20.9523374          1028528  0.25201    
       66400  -1.67546597         1248585.        0.000000       -44.39734     -1.55894548946E+07  2.90851079779E+04 -5.35994396391E+02   20.9489779          1028291  0.25421    
       66500  -1.67601912         1248458.        0.000000       -43.50274     -1.55916989510E+07  2.90892950122E+04 -5.35994390532E+02   20.9483165          1027995  0.25813    
       66600  -1.67735080         1248902.        0.000000       -44.75631     -1.55960141522E+07  2.90973460269E+04 -5.35994387180E+02   20.9476635          1028202  0.25793    
       66700  -1.67492485         1248436.        0.000000       -44.96128     -1.55963725901E+07  2.90980150817E+04 -5.35994381278E+02   20.9504336          1027861  0.25736    
       66800  -1.67662827         1249006.        0.000000       -45.10161     -1.56009912339E+07  2.91066323695E+04 -5.35994375296E+02   20.9550594          1028300  0.26609    
       66900  -1.68010996         1250002.        0.000000       -45.74836     -1.56066124646E+07  2.91171200245E+04 -5.35994372088E+02   20.9482756          1029011  0.25699    
       67000  -1.68293480         1251296.        0.000000       -45.03347     -1.56119718402E+07  2.91271189101E+04 -5.35994373091E+02   20.9495537          1030285  0.25974    
       67100  -1.68622191         1250680.        0.000000       -45.05447     -1.56118519861E+07  2.91268949690E+04 -5.35994379173E+02   20.9551688          1029806  0.26319    
       67200  -1.68287299         1249311.        0.000000       -45.28423     -1.56020658793E+07  2.91086370627E+04 -5.35994380147E+02   20.9581014          1028805  0.25640    
       67300  -1.67620514         1248475.        0.000000       -44.41098     -1.55905400286E+07  2.90871336669E+04 -5.35994374943E+02   20.9516893          1028035  0.25528    
       67400  -1.67669401         1249041.        0.000000       -43.61733     -1.55942687491E+07  2.90940906475E+04 -5.35994368684E+02   20.9471604          1028434  0.25927    
       67500  -1.67538095         1249034.        0.000000       -43.66088     -1.55943336209E+07  2.90942113746E+04 -5.35994374279E+02   20.9479483          1028329  0.25801    
       67600  -1.67803996         1249319.        0.000000       -43.54585     -1.56005826750E+07  2.91058698880E+04 -5.35994379659E+02   20.9498813          1028482  0.26147    
       67700  -1.67808184         1249254.        0.000000       -44.20777     -1.56094362314E+07  2.91223877611E+04 -5.35994382035E+02   20.9529835          1028153  0.25186    
       67800  -1.67624183         1248458.        0.000000       -43.56777     -1.56148741839E+07  2.91325331921E+04 -5.35994384043E+02   20.9609121          1027366  0.25437    
       67900  -1.67587773         1248694.        0.000000       -43.90511     -1.56129211023E+07  2.91288894963E+04 -5.35994381257E+02   20.9588654          1027656  0.25894    
       68000  -1.67851360         1249961.        0.000000       -44.09265     -1.56176312052E+07  2.91376774358E+04 -5.35994374968E+02   20.9549514          1028670  0.26035    
       68100  -1.68096203         1249509.        0.000000       -44.55176     -1.56174617143E+07  2.91373613027E+04 -5.35994373411E+02   20.9606383          1028202  0.26585    
       68200  -1.67744989         1248424.        0.000000       -43.17126     -1.56144362029E+07  2.91317169139E+04 -5.35994368235E+02   20.9635080          1027335  0.26141    
       68300  -1.67538872         1248915.        0.000000       -43.89218     -1.56145654825E+07  2.91319584896E+04 -5.35994361244E+02   20.9579593          1027732  0.25878    
       68400  -1.67789335         1249069.        0.000000       -44.78593     -1.56147095867E+07  2.91322276343E+04 -5.35994355896E+02   20.9542554          1027669  0.25783    
       68500  -1.67689860         1249128.        0.000000       -44.65947     -1.56172726676E+07  2.91370096483E+04 -5.35994354127E+02   20.9610737          1027928  0.25555    
       68600  -1.68103387         1249155.        0.000000       -44.50056     -1.56194833441E+07  2.91411332716E+04 -5.35994369146E+02   20.9600241          1027853  0.26023    
       68700  -1.67893474         1248928.        0.000000       -44.99240     -1.56213474476E+07  2.91446112526E+04 -5.35994366581E+02   20.9617055          1027655  0.26026    
       68800  -1.67583474         1248867.        0.000000       -43.09996     -1.56184823673E+07  2.91392656216E+04 -5.35994371653E+02   20.9606510          1027672  0.25446    
       68900  -1.67660900         1249412.        0.000000       -44.09866     -1.56204103298E+07  2.91428620884E+04 -5.35994381141E+02   20.9539313          1028060  0.26028    
       69000  -1.68152285         1250389.        0.000000       -43.30360     -1.56339311894E+07  2.91680870926E+04 -5.35994394824E+02   20.9592811          1028671  0.25471    
       69100  -1.68141382         1250200.        0.000000       -42.42844     -1.56368726080E+07  2.91735747415E+04 -5.35994397208E+02   20.9680443          1028414  0.25673    
       69200  -1.68047406         1249590.        0.000000       -42.67249     -1.56273413681E+07  2.91557928308E+04 -5.35994389136E+02   20.9680221          1028259  0.25294    
       69300  -1.67841014         1249362.        0.000000       -44.07190     -1.56262451117E+07  2.91537483422E+04 -5.35994374660E+02   20.9635417          1028025  0.25610    
       69400  -1.67818360         1248986.        0.000000       -43.24232     -1.56311573723E+07  2.91629134056E+04 -5.35994369110E+02   20.9722584          1027620  0.25812    
       69500  -1.67741340         1248776.        0.000000       -43.23628     -1.56354944852E+07  2.91710060082E+04 -5.35994352775E+02   20.9728251          1027238  0.25769    
       69600  -1.67839077         1249897.        0.000000       -43.31241     -1.56358994796E+07  2.91717617890E+04 -5.35994349353E+02   20.9668446          1028362  0.26412    
       69700  -1.68212750         1251037.        0.000000       -43.76466     -1.56381299922E+07  2.91759229930E+04 -5.35994353834E+02   20.9658855          1029460  0.26144    
       69800  -1.68438945         1250417.        0.000000       -44.09908     -1.56353076517E+07  2.91706571430E+04 -5.35994358133E+02   20.9664991          1029021  0.25741    
       69900  -1.68275094         1250397.        0.000000       -43.56242     -1.56310351292E+07  2.91626857638E+04 -5.35994361282E+02   20.9652531          1029138  0.24608    
       70000  -1.67988643         1249547.        0.000000       -43.20052     -1.56239905687E+07  2.91495429092E+04 -5.35994359066E+02   20.9621892          1028432  0.25670    
       70100  -1.67845911         1249369.        0.000000       -44.12287     -1.56200527642E+07  2.91421959329E+04 -5.35994363641E+02   20.9591378          1028120  0.25454    
       70200  -1.68176521         1250387.        0.000000       -43.28615     -1.56240948790E+07  2.91497369578E+04 -5.35994369405E+02   20.9589915          1028915  0.25561    
       70300  -1.68303218         1250523.        0.000000       -43.32207     -1.56208803947E+07  2.91437400356E+04 -5.35994363646E+02   20.9580609          1029281  0.26483    
       70400  -1.68070897         1249320.        0.000000       -42.48549     -1.56135797451E+07  2.91301193388E+04 -5.35994362520E+02   20.9638041          1028511  0.25618    
       70500  -1.67753386         1248636.        0.000000       -42.55573     -1.56045280052E+07  2.91132312935E+04 -5.35994367918E+02   20.9572237          1027889  0.26486    
       70600  -1.67545432         1248713.        0.000000       -43.12843     -1.55979271813E+07  2.91009161217E+04 -5.35994369254E+02   20.9506018          1028057  0.25163    
       70700  -1.67760208         1249693.        0.000000       -43.68544     -1.55994175779E+07  2.91036963457E+04 -5.35994376540E+02   20.9446490          1028839  0.26011    
       70800  -1.68113129         1249879.        0.000000       -43.13212     -1.55988276734E+07  2.91025961073E+04 -5.35994370258E+02   20.9474056          1029163  0.26292    
       70900  -1.68032102         1249672.        0.000000       -42.69152     -1.55929191470E+07  2.90915727841E+04 -5.35994367262E+02   20.9413896          1029070  0.25942    
       71000  -1.67865240         1248914.        0.000000       -42.88700     -1.55931023357E+07  2.90919140987E+04 -5.35994375715E+02   20.9459756          1028363  0.26066    
       71100  -1.67703728         1248455.        0.000000       -44.38166     -1.55898140512E+07  2.90857793229E+04 -5.35994372995E+02   20.9466215          1028034  0.25546    
       71200  -1.67604536         1248177.        0.000000       -42.41551     -1.55888106434E+07  2.90839071694E+04 -5.35994374916E+02   20.9475727          1027712  0.26408    
       71300  -1.67369815         1247834.        0.000000       -41.90363     -1.55870075251E+07  2.90805431170E+04 -5.35994374740E+02   20.9443140          1027411  0.24776    
       71400  -1.67381984         1248477.        0.000000       -41.82852     -1.55913899274E+07  2.90887187101E+04 -5.35994386100E+02   20.9424416          1027794  0.25574    
       71500  -1.67624591         1248809.        0.000000       -42.80017     -1.56015305158E+07  2.91076380116E+04 -5.35994384346E+02   20.9508837          1027972  0.25484    
       71600  -1.68108216         1250648.        0.000000       -45.06416     -1.56063669051E+07  2.91166614430E+04 -5.35994380250E+02   20.9478054          1029724  0.25303    
       71700  -1.68259943         1250285.        0.000000       -44.79123     -1.56056793107E+07  2.91153786246E+04 -5.35994379875E+02   20.9533764          1029578  0.26529    
       71800  -1.68412244         1251086.        0.000000       -45.13303     -1.56054725701E+07  2.91149928461E+04 -5.35994381059E+02   20.9489153          1030363  0.25478    
       71900  -1.68341100         1249905.        0.000000       -46.20011     -1.56006630929E+07  2.91060196351E+04 -5.35994384958E+02   20.9497577          1029376  0.25351    
       72000  -1.67949867         1249099.        0.000000       -46.53208     -1.55969409371E+07  2.90990755905E+04 -5.35994378535E+02   20.9516373          1028732  0.25396    
       72100  -1.67468378         1248026.        0.000000       -45.86070     -1.55903405544E+07  2.90867613155E+04 -5.35994378517E+02   20.9484050          1027662  0.26098    
       72200  -1.67542377         1248871.        0.000000       -45.04144     -1.55928942554E+07  2.90915255179E+04 -5.35994382480E+02   20.9436259          1028298  0.25338    
       72300  -1.67701385         1249306.        0.000000       -45.48807     -1.55947849824E+07  2.90950527211E+04 -5.35994388185E+02   20.9478264          1028707  0.26026    
       72400  -1.67887676         1249166.        0.000000       -47.15478     -1.55934088212E+07  2.90924850545E+04 -5.35994391404E+02   20.9434010          1028457  0.25804    
       72500  -1.67534905         1247522.        0.000000       -46.75468     -1.55945993441E+07  2.90947069516E+04 -5.35994377602E+02   20.9510260          1026917  0.25895    
       72600  -1.67258600         1247638.        0.000000       -45.11344     -1.55937835101E+07  2.90931850233E+04 -5.35994374544E+02   20.9504794          1027022  0.26136    
       72700  -1.67176286         1247706.        0.000000       -47.19332     -1.55956362651E+07  2.90966411115E+04 -5.35994385238E+02   20.9480245          1026866  0.25158    
       72800  -1.67252034         1247885.        0.000000       -47.05255     -1.56030725751E+07  2.91105137604E+04 -5.35994407504E+02   20.9533565          1026898  0.25683    
       72900  -1.67570666         1249165.        0.000000       -47.41334     -1.56120530476E+07  2.91272679892E+04 -5.35994417788E+02   20.9497321          1027751  0.25892    
       73000  -1.68009514         1250118.        0.000000       -46.43389     -1.56278146839E+07  2.91566742845E+04 -5.35994418683E+02   20.9544955          1028415  0.26404    
       73100  -1.68057949         1249735.        0.000000       -45.97874     -1.56312586428E+07  2.91630998496E+04 -5.35994414976E+02   20.9653314          1028319  0.25757    
       73200  -1.67875816         1249255.        0.000000       -46.00548     -1.56193220207E+07  2.91408310775E+04 -5.35994391481E+02   20.9622902          1028182  0.25795    
       73300  -1.67807303         1248967.        0.000000       -44.88768     -1.56044179142E+07  2.91130253882E+04 -5.35994377298E+02   20.9526094          1028225  0.26403    
       73400  -1.67691876         1248743.        0.000000       -44.00488     -1.56001060319E+07  2.91049809316E+04 -5.35994373901E+02   20.9443456          1027843  0.25052    
       73500  -1.67708046         1248554.        0.000000       -43.38735     -1.56070783017E+07  2.91179885331E+04 -5.35994383129E+02   20.9519011          1027635  0.25955    
       73600  -1.67820708         1249640.        0.000000       -43.22241     -1.56137050655E+07  2.91303511957E+04 -5.35994398441E+02   20.9507331          1028554  0.25581    
       73700  -1.67819965         1248557.        0.000000       -44.50539     -1.56213228557E+07  2.91445632389E+04 -5.35994405805E+02   20.9620694          1027333  0.26236    
       73800  -1.67708544         1249391.        0.000000       -46.29402     -1.56223042276E+07  2.91463941438E+04 -5.35994406391E+02   20.9617214          1028316  0.25704    
       73900  -1.67786935         1248669.        0.000000       -45.44222     -1.56208829764E+07  2.91437430760E+04 -5.35994396317E+02   20.9617652          1027596  0.25548    
       74000  -1.67375503         1248122.        0.000000       -44.26991     -1.56196178437E+07  2.91413832852E+04 -5.35994386088E+02   20.9623597          1027053  0.26406    
       74100  -1.67669073         1248953.        0.000000       -43.08143     -1.56238249057E+07  2.91492322485E+04 -5.35994388206E+02   20.9631702          1027728  0.25750    
       74200  -1.67655526         1248379.        0.000000       -42.75909     -1.56226050571E+07  2.91469565307E+04 -5.35994385576E+02   20.9677510          1027099  0.25191    
       74300  -1.67662343         1249391.        0.000000       -42.47604     -1.56201919058E+07  2.91424541336E+04 -5.35994389290E+02   20.9591352          1027957  0.25336    
       74400  -1.68068873         1249823.        0.000000       -43.68392     -1.56232109171E+07  2.91480869477E+04 -5.35994384302E+02   20.9578657          1028333  0.25998    
       74500  -1.68162441         1250140.        0.000000       -46.12970     -1.56253029027E+07  2.91519907924E+04 -5.35994368753E+02   20.9609477          1028721  0.25484    
       74600  -1.68183907         1249889.        0.000000       -46.26497     -1.56209070922E+07  2.91437894464E+04 -5.35994370976E+02   20.9586075          1028723  0.25538    
       74700  -1.67877942         1248883.        0.000000       -45.22545     -1.56100472677E+07  2.91235284897E+04 -5.35994368719E+02   20.9545196          1027989  0.25454    
       74800  -1.67860484         1248836.        0.000000       -45.47124     -1.56052849081E+07  2.91146431990E+04 -5.35994372365E+02   20.9507282          1028157  0.25045    
       74900  -1.67550960         1247844.        0.000000       -46.60045     -1.56059519074E+07  2.91158878011E+04 -5.35994368916E+02   20.9567013          1027043  0.26209    
       75000  -1.67369521         1247936.        0.000000       -45.65729     -1.56039306465E+07  2.91121161502E+04 -5.35994380003E+02   20.9537060          1027307  0.25806    
       75100  -1.67561414         1248645.        0.000000       -45.66429     -1.56094399198E+07  2.91223941548E+04 -5.35994391013E+02   20.9488260          1027643  0.26529    
       75200  -1.67649348         1248484.        0.000000       -45.73440     -1.56190014490E+07  2.91402329428E+04 -5.35994392346E+02   20.9582737          1027216  0.26088    
       75300  -1.67526381         1248886.        0.000000       -44.90279     -1.56212789189E+07  2.91444825130E+04 -5.35994382878E+02   20.9542755          1027558  0.25495    
       75400  -1.67673392         1248632.        0.000000       -44.00626     -1.56336732542E+07  2.91676065967E+04 -5.35994381382E+02   20.9672253          1026889  0.25957    
       75500  -1.67445348         1248208.        0.000000       -44.04185     -1.56335633602E+07  2.91674016033E+04 -5.35994380740E+02   20.9722031          1026696  0.26207    
       75600  -1.67501989         1248321.        0.000000       -43.83595     -1.56339904996E+07  2.91681985043E+04 -5.35994380912E+02   20.9705244          1026661  0.25746    
       75700  -1.67484725         1248791.        0.000000       -42.65370     -1.56370583118E+07  2.91739218213E+04 -5.35994385930E+02   20.9730479          1027052  0.25648    
       75800  -1.67800228         1249436.        0.000000       -42.72395     -1.56412995713E+07  2.91818349350E+04 -5.35994381644E+02   20.9722398          1027633  0.25231    
       75900  -1.68087038         1250338.        0.000000       -42.87536     -1.56474590899E+07  2.91933269834E+04 -5.35994376344E+02   20.9689361          1028304  0.26021    
       76000  -1.68083431         1249214.        0.000000       -42.40284     -1.56479367346E+07  2.91942180524E+04 -5.35994377601E+02   20.9836876          1027477  0.25550    
       76100  -1.67781696         1249097.        0.000000       -42.66413     -1.56398653964E+07  2.91791589628E+04 -5.35994386141E+02   20.9734779          1027528  0.26045    
       76200  -1.67745973         1248847.        0.000000       -42.84817     -1.56426591661E+07  2.91843716755E+04 -5.35994378774E+02   20.9799247          1027231  0.25515    
       76300  -1.67832866         1248596.        0.000000       -43.45126     -1.56436465763E+07  2.91862139746E+04 -5.35994377000E+02   20.9797402          1027085  0.26030    
       76400  -1.67628741         1248315.        0.000000       -45.15449     -1.56437043556E+07  2.91863214658E+04 -5.35994382641E+02   20.9757355          1026516  0.25718    
       76500  -1.67452001         1248391.        0.000000       -45.17278     -1.56484299591E+07  2.91951377786E+04 -5.35994386387E+02   20.9783795          1026334  0.25626    
       76600  -1.67580353         1248644.        0.000000       -45.22738     -1.56554980678E+07  2.92083244667E+04 -5.35994390424E+02   20.9806053          1026514  0.26170    
       76700  -1.67521165         1248700.        0.000000       -43.93773     -1.56607251376E+07  2.92180762635E+04 -5.35994395949E+02   20.9851217          1026508  0.25661    
       76800  -1.67952618         1249696.        0.000000       -45.13076     -1.56666681365E+07  2.92291643319E+04 -5.35994391033E+02   20.9825261          1027545  0.25671    
       76900  -1.68201342         1251111.        0.000000       -45.06408     -1.56664751068E+07  2.92288042966E+04 -5.35994389227E+02   20.9769129          1029063  0.27215    
       77000  -1.68548523         1251150.        0.000000       -44.67690     -1.56670894339E+07  2.92299509230E+04 -5.35994380394E+02   20.9805073          1028983  0.25168    
       77100  -1.68452901         1249833.        0.000000       -43.62168     -1.56595416143E+07  2.92158691265E+04 -5.35994378483E+02   20.9889003          1028223  0.26021    
       77200  -1.67935914         1249439.        0.000000       -43.71999     -1.56440967435E+07  2.91870541983E+04 -5.35994370559E+02   20.9752514          1028047  0.25923    
       77300  -1.67964144         1249192.        0.000000       -44.94126     -1.56410231649E+07  2.91813203495E+04 -5.35994361380E+02   20.9730912          1027657  0.26293    
       77400  -1.68000744         1249880.        0.000000       -44.89618     -1.56474543182E+07  2.91933190007E+04 -5.35994359456E+02   20.9731120          1028202  0.25394    
       77500  -1.68225687         1249673.        0.000000       -44.91471     -1.56467116521E+07  2.91919331685E+04 -5.35994363985E+02   20.9802792          1028252  0.25524    
       77600  -1.67906704         1249064.        0.000000       -43.85382     -1.56367051569E+07  2.91732636338E+04 -5.35994373245E+02   20.9750639          1027716  0.26250    
       77700  -1.67705713         1248770.        0.000000       -43.90947     -1.56290672620E+07  2.91590136784E+04 -5.35994373278E+02   20.9714459          1027421  0.25014    
       77800  -1.67804976         1249564.        0.000000       -43.13115     -1.56275820820E+07  2.91562431383E+04 -5.35994366897E+02   20.9648774          1028029  0.25820    
       77900  -1.68011347         1249806.        0.000000       -44.79388     -1.56350237548E+07  2.91701268156E+04 -5.35994370324E+02   20.9700302          1028151  0.25780    
       78000  -1.68017539         1248819.        0.000000       -44.13056     -1.56300902191E+07  2.91609223738E+04 -5.35994370095E+02   20.9793580          1027537  0.25756    
       78100  -1.67650060         1248753.        0.000000       -44.70421     -1.56185150005E+07  2.91393267285E+04 -5.35994367543E+02   20.9655718          1027484  0.25973    
       78200  -1.67472623         1248341.        0.000000       -43.58973     -1.56160033136E+07  2.91346404574E+04 -5.35994371940E+02   20.9638896          1027117  0.26439    
       78300  -1.67442593         1248667.        0.000000       -43.19236     -1.56148090000E+07  2.91324120402E+04 -5.35994375557E+02   20.9642049          1027564  0.26058    
       78400  -1.67442473         1248355.        0.000000       -42.06845     -1.56136447134E+07  2.91302394680E+04 -5.35994382420E+02   20.9619691          1027120  0.25535    
       78500  -1.67690151         1249478.        0.000000       -41.59998     -1.56174928751E+07  2.91374184782E+04 -5.35994391088E+02   20.9549804          1027948  0.26121    
       78600  -1.68091443         1249756.        0.000000       -41.06088     -1.56282770476E+07  2.91575384457E+04 -5.35994390498E+02   20.9683710          1028191  0.26274    
       78700  -1.68011670         1249700.        0.000000       -42.56526     -1.56277039217E+07  2.91564698336E+04 -5.35994378296E+02   20.9661007          1028130  0.25623    
       78800  -1.68055537         1249752.        0.000000       -42.56326     -1.56310700118E+07  2.91627500760E+04 -5.35994375397E+02   20.9720680          1028322  0.25368    
       78900  -1.67971145         1249478.        0.000000       -42.68018     -1.56264383186E+07  2.91541081324E+04 -5.35994387058E+02   20.9644955          1028134  0.26283    
       79000  -1.68028572         1250098.        0.000000       -43.58279     -1.56251239096E+07  2.91516556015E+04 -5.35994391647E+02   20.9619023          1028713  0.26291    
       79100  -1.68061461         1249774.        0.000000       -43.87249     -1.56226298171E+07  2.91470027621E+04 -5.35994384900E+02   20.9632598          1028659  0.25778    
       79200  -1.67989250         1249157.        0.000000       -42.22674     -1.56165850218E+07  2.91357251690E+04 -5.35994382539E+02   20.9681071          1028289  0.25049    
       79300  -1.67830835         1248989.        0.000000       -43.70072     -1.56124073330E+07  2.91279305781E+04 -5.35994388313E+02   20.9640683          1028253  0.26212    
       79400  -1.67889787         1249942.        0.000000       -43.92499     -1.56102378779E+07  2.91238824707E+04 -5.35994398877E+02   20.9564900          1029200  0.25677    
       79500  -1.68073842         1249604.        0.000000       -43.54139     -1.56081794023E+07  2.91200427663E+04 -5.35994384607E+02   20.9541602          1028833  0.26220    
       79600  -1.68210023         1250159.        0.000000       -44.76928     -1.56068758002E+07  2.91176102724E+04 -5.35994391510E+02   20.9526162          1029540  0.26090    
       79700  -1.68136735         1249579.        0.000000       -44.56730     -1.56045838644E+07  2.91133340682E+04 -5.35994394454E+02   20.9556025          1029120  0.25672    
       79800  -1.68023418         1249763.        0.000000       -44.58117     -1.55992510027E+07  2.91033848269E+04 -5.35994390187E+02   20.9514103          1029439  0.26066    
       79900  -1.68077234         1249667.        0.000000       -44.62753     -1.56018591820E+07  2.91082511851E+04 -5.35994384642E+02   20.9534917          1029239  0.25239    
       80000  -1.68077914         1249613.        0.000000       -45.46393     -1.56059489338E+07  2.91158813672E+04 -5.35994385229E+02   20.9571247          1029047  0.25366    
       80100  -1.67997270         1249641.        0.000000       -46.77795     -1.56051347013E+07  2.91143618957E+04 -5.35994391950E+02   20.9590106          1029162  0.25652    
       80200  -1.67717145         1248393.        0.000000       -45.63603     -1.55980577805E+07  2.91011584987E+04 -5.35994392842E+02   20.9568760          1027953  0.25775    
       80300  -1.67709871         1249391.        0.000000       -44.82613     -1.55991736244E+07  2.91032408131E+04 -5.35994383737E+02   20.9511668          1028704  0.26012    
       80400  -1.67733454         1248582.        0.000000       -43.17826     -1.56009691489E+07  2.91065908211E+04 -5.35994381644E+02   20.9567633          1027867  0.26421    
       80500  -1.67590633         1249137.        0.000000       -44.78221     -1.56078447160E+07  2.91194182227E+04 -5.35994386861E+02   20.9560219          1028168  0.25746    
       80600  -1.67933596         1249802.        0.000000       -44.61551     -1.56115603723E+07  2.91263504901E+04 -5.35994386857E+02   20.9521328          1028781  0.25299    
       80700  -1.67988189         1249692.        0.000000       -44.19811     -1.56144881141E+07  2.91318130335E+04 -5.35994381679E+02   20.9558559          1028810  0.25548    
       80800  -1.68235919         1250064.        0.000000       -44.37366     -1.56164294226E+07  2.91354350434E+04 -5.35994379330E+02   20.9591727          1029145  0.25833    
       80900  -1.68019685         1249190.        0.000000       -45.10938     -1.56106795899E+07  2.91247085750E+04 -5.35994361959E+02   20.9624947          1028505  0.26107    
       81000  -1.67570936         1248026.        0.000000       -45.49506     -1.56007962055E+07  2.91062692042E+04 -5.35994362454E+02   20.9599456          1027508  0.25695    
       81100  -1.67565913         1248679.        0.000000       -44.11371     -1.55999823124E+07  2.91047506187E+04 -5.35994364521E+02   20.9556934          1027952  0.26087    
       81200  -1.67975274         1250083.        0.000000       -43.00532     -1.56079533329E+07  2.91196225551E+04 -5.35994355813E+02   20.9493343          1029141  0.25920    
       81300  -1.68003348         1249573.        0.000000       -41.91029     -1.56076171720E+07  2.91189956034E+04 -5.35994351748E+02   20.9558362          1028710  0.25184    
       81400  -1.67872017         1248971.        0.000000       -41.89705     -1.56048027366E+07  2.91137446641E+04 -5.35994353070E+02   20.9592394          1028277  0.25391    
       81500  -1.67679852         1248577.        0.000000       -41.02595     -1.56000336858E+07  2.91048470246E+04 -5.35994354225E+02   20.9549773          1027941  0.26200    
       81600  -1.67614228         1247992.        0.000000       -41.12508     -1.56011294640E+07  2.91068915435E+04 -5.35994351740E+02   20.9574980          1027190  0.25628    
       81700  -1.67393510         1247893.        0.000000       -40.79768     -1.55981665920E+07  2.91013637052E+04 -5.35994352362E+02   20.9547746          1027042  0.25919    
       81800  -1.67623266         1249218.        0.000000       -40.79535     -1.55996084570E+07  2.91040534125E+04 -5.35994359132E+02   20.9452501          1028202  0.25491    
       81900  -1.67918438         1250227.        0.000000       -39.91601     -1.56075389928E+07  2.91188489138E+04 -5.35994367051E+02   20.9460150          1029018  0.25799    
       82000  -1.68152412         1249609.        0.000000       -40.07053     -1.56104844582E+07  2.91243442956E+04 -5.35994366079E+02   20.9511015          1028483  0.25207    
       82100  -1.67920976         1249095.        0.000000       -40.64394     -1.56105383530E+07  2.91244449992E+04 -5.35994363273E+02   20.9569805          1028261  0.25627    
       82200  -1.67626400         1248374.        0.000000       -42.08140     -1.56090816918E+07  2.91217270967E+04 -5.35994367364E+02   20.9589831          1027493  0.25921    
       82300  -1.67710694         1249701.        0.000000       -42.23411     -1.56147465277E+07  2.91322953821E+04 -5.35994377472E+02   20.9531655          1028569  0.25268    
       82400  -1.68016072         1249668.        0.000000       -42.66016     -1.56202472021E+07  2.91425577341E+04 -5.35994381297E+02   20.9615317          1028603  0.25547    
       82500  -1.67974816         1249859.        0.000000       -41.69561     -1.56138322448E+07  2.91305894110E+04 -5.35994381183E+02   20.9570710          1029036  0.25866    
       82600  -1.68209394         1249601.        0.000000       -40.69831     -1.56107353849E+07  2.91248116198E+04 -5.35994381309E+02   20.9588890          1028935  0.25478    
       82700  -1.68231733         1250219.        0.000000       -40.86646     -1.56047529290E+07  2.91136501990E+04 -5.35994381411E+02   20.9513626          1029516  0.25532    
       82800  -1.68125191         1249358.        0.000000       -42.31089     -1.55984318802E+07  2.91018565556E+04 -5.35994390956E+02   20.9507668          1028806  0.25630    
       82900  -1.67674746         1248487.        0.000000       -41.51989     -1.55878510670E+07  2.90821156756E+04 -5.35994397413E+02   20.9462181          1028140  0.25724    
       83000  -1.67550826         1248068.        0.000000       -42.16651     -1.55829852493E+07  2.90730370870E+04 -5.35994406180E+02   20.9451806          1027664  0.25096    
       83100  -1.67341320         1247862.        0.000000       -41.14945     -1.55799702656E+07  2.90674118282E+04 -5.35994410431E+02   20.9421180          1027363  0.25356    
       83200  -1.67397055         1248331.        0.000000       -41.50866     -1.55833993501E+07  2.90738091547E+04 -5.35994415702E+02   20.9405244          1027528  0.26171    
       83300  -1.67501549         1248517.        0.000000       -42.14396     -1.55899030678E+07  2.90859434865E+04 -5.35994408263E+02   20.9422809          1027548  0.25221    
       83400  -1.67678911         1249144.        0.000000       -43.12637     -1.55986766735E+07  2.91023123509E+04 -5.35994407777E+02   20.9447107          1027889  0.25269    
       83500  -1.67769374         1249223.        0.000000       -42.92347     -1.55997095220E+07  2.91042396835E+04 -5.35994401216E+02   20.9510350          1028036  0.25648    
       83600  -1.67498491         1247515.        0.000000       -41.92507     -1.56033594875E+07  2.91110498054E+04 -5.35994393599E+02   20.9606397          1026307  0.26123    
       83700  -1.67263319         1248156.        0.000000       -42.59019     -1.56011002389E+07  2.91068350275E+04 -5.35994388402E+02   20.9563070          1027002  0.25617    
       83800  -1.67539103         1249473.        0.000000       -42.62082     -1.56066423562E+07  2.91171750325E+04 -5.35994386088E+02   20.9494978          1027994  0.25600    
       83900  -1.67993416         1249607.        0.000000       -42.66934     -1.56180091493E+07  2.91383822017E+04 -5.35994381610E+02   20.9597759          1027819  0.25874    
       84000  -1.67871785         1248927.        0.000000       -42.56145     -1.56184107838E+07  2.91391321518E+04 -5.35994370128E+02   20.9627818          1027282  0.24903    
       84100  -1.67650737         1248617.        0.000000       -42.00566     -1.56130550409E+07  2.91291398597E+04 -5.35994372513E+02   20.9684143          1027416  0.25562    
       84200  -1.67727353         1248377.        0.000000       -40.46729     -1.56108247108E+07  2.91249784762E+04 -5.35994377595E+02   20.9665339          1027068  0.25803    
       84300  -1.67302202         1247621.        0.000000       -40.60805     -1.56011048703E+07  2.91068446043E+04 -5.35994371166E+02   20.9584458          1026433  0.25387    
       84400  -1.67193778         1247828.        0.000000       -42.56331     -1.56024418933E+07  2.91093385752E+04 -5.35994380395E+02   20.9592909          1026616  0.25888    
       84500  -1.67380096         1248049.        0.000000       -42.25515     -1.56014766725E+07  2.91075374271E+04 -5.35994386731E+02   20.9504374          1026603  0.25455    
       84600  -1.67472324         1248387.        0.000000       -42.55055     -1.56083565176E+07  2.91203726930E+04 -5.35994394102E+02   20.9567540          1027023  0.25665    
       84700  -1.67688173         1249413.        0.000000       -42.24303     -1.56116296947E+07  2.91264794920E+04 -5.35994392973E+02   20.9542610          1027727  0.24796    
       84800  -1.68139564         1250242.        0.000000       -41.06198     -1.56168410686E+07  2.91362021492E+04 -5.35994395860E+02   20.9533833          1028389  0.25707    
       84900  -1.68063393         1249326.        0.000000       -40.79084     -1.56154078461E+07  2.91335280674E+04 -5.35994398274E+02   20.9615123          1027997  0.25649    
       85000  -1.67850573         1248423.        0.000000       -40.34148     -1.56050127570E+07  2.91141339282E+04 -5.35994400367E+02   20.9602703          1027235  0.25626    
       85100  -1.67455895         1248211.        0.000000       -41.72002     -1.56035369713E+07  2.91113806927E+04 -5.35994398067E+02   20.9540595          1027143  0.25270    
       85200  -1.67623828         1248819.        0.000000       -42.62769     -1.56123907654E+07  2.91278995622E+04 -5.35994390262E+02   20.9569755          1027421  0.25903    
       85300  -1.68025622         1250619.        0.000000       -43.59888     -1.56206691955E+07  2.91433453909E+04 -5.35994374907E+02   20.9533814          1029164  0.26173    
       85400  -1.68240985         1250233.        0.000000       -44.26867     -1.56216321943E+07  2.91451419719E+04 -5.35994376331E+02   20.9632624          1028838  0.25206    
       85500  -1.68233924         1249742.        0.000000       -43.20110     -1.56145684873E+07  2.91319635931E+04 -5.35994370494E+02   20.9619658          1028637  0.25668    
       85600  -1.67968282         1249019.        0.000000       -42.39186     -1.56068743787E+07  2.91176087137E+04 -5.35994371384E+02   20.9611736          1028208  0.25585    
       85700  -1.67693568         1248330.        0.000000       -42.79998     -1.56014596509E+07  2.91075068338E+04 -5.35994365300E+02   20.9538294          1027456  0.25771    
       85800  -1.67580291         1248812.        0.000000       -43.47517     -1.56072750079E+07  2.91183565753E+04 -5.35994363815E+02   20.9559194          1027776  0.25606    
       85900  -1.67630355         1248352.        0.000000       -42.65337     -1.56076183947E+07  2.91189968931E+04 -5.35994370000E+02   20.9635195          1027404  0.26108    
       86000  -1.67428469         1248009.        0.000000       -42.82516     -1.56056287520E+07  2.91152854234E+04 -5.35994359150E+02   20.9604242          1027088  0.25705    
       86100  -1.67448018         1248593.        0.000000       -43.13925     -1.56097182764E+07  2.91229150179E+04 -5.35994362749E+02   20.9575456          1027413  0.25546    
       86200  -1.67626229         1249143.        0.000000       -43.56331     -1.56119857805E+07  2.91271450512E+04 -5.35994370647E+02   20.9594477          1027880  0.25986    
       86300  -1.67925010         1250057.        0.000000       -43.79132     -1.56145187058E+07  2.91318703960E+04 -5.35994376382E+02   20.9599297          1028611  0.25727    
       86400  -1.68281024         1250331.        0.000000       -42.90798     -1.56193462552E+07  2.91408769045E+04 -5.35994380209E+02   20.9640492          1028826  0.26274    
       86500  -1.68030319         1249767.        0.000000       -44.22750     -1.56146891044E+07  2.91321879454E+04 -5.35994383041E+02   20.9602955          1028599  0.25405    
       86600  -1.67951722         1249581.        0.000000       -43.96691     -1.56118090769E+07  2.91268142582E+04 -5.35994391235E+02   20.9605934          1028467  0.25874    
       86700  -1.67682407         1248801.        0.000000       -43.85952     -1.56033537126E+07  2.91110389692E+04 -5.35994394743E+02   20.9600414          1028008  0.26049    
       86800  -1.67804957         1249067.        0.000000       -44.07187     -1.55990339603E+07  2.91029795235E+04 -5.35994396989E+02   20.9533599          1028261  0.25103    
       86900  -1.67814185         1249073.        0.000000       -42.60858     -1.55921105015E+07  2.90900623880E+04 -5.35994398825E+02   20.9538263          1028594  0.25955    
       87000  -1.67711573         1249219.        0.000000       -43.23001     -1.55827333923E+07  2.90725680126E+04 -5.35994391191E+02   20.9433504          1028752  0.25808    
       87100  -1.67934361         1249472.        0.000000       -42.84139     -1.55878776308E+07  2.90821657283E+04 -5.35994388329E+02   20.9409820          1028851  0.25569    
       87200  -1.67665224         1249162.        0.000000       -42.25280     -1.55875166484E+07  2.90814923331E+04 -5.35994386735E+02   20.9390910          1028357  0.25729    
       87300  -1.67757467         1249450.        0.000000       -42.48766     -1.55970682145E+07  2.90993128533E+04 -5.35994382174E+02   20.9502345          1028892  0.26505    
       87400  -1.68054888         1249641.        0.000000       -41.88183     -1.55961106736E+07  2.90975263699E+04 -5.35994382316E+02   20.9492812          1028992  0.25741    
       87500  -1.67985399         1249096.        0.000000       -41.10034     -1.55949659915E+07  2.90953904451E+04 -5.35994387873E+02   20.9517914          1028489  0.25664    
       87600  -1.67674729         1248333.        0.000000       -41.29769     -1.55930021414E+07  2.90917258255E+04 -5.35994400433E+02   20.9548149          1027871  0.25114    
       87700  -1.67251060         1246861.        0.000000       -40.91619     -1.55899625737E+07  2.90860548604E+04 -5.35994401734E+02   20.9553203          1026214  0.25600    
       87800  -1.66885166         1247238.        0.000000       -40.48193     -1.55891222532E+07  2.90844873216E+04 -5.35994397318E+02   20.9543281          1026655  0.25770    
       87900  -1.67501499         1248922.        0.000000       -41.88760     -1.55940592729E+07  2.90936975499E+04 -5.35994410684E+02   20.9458073          1028094  0.25873    
       88000  -1.67905077         1249571.        0.000000       -42.02964     -1.56061156376E+07  2.91161913557E+04 -5.35994404178E+02   20.9519705          1028247  0.25675    
       88100  -1.67813229         1248776.        0.000000       -42.43719     -1.56086372176E+07  2.91208962998E+04 -5.35994395809E+02   20.9578602          1027724  0.25757    
       88200  -1.67446054         1247869.        0.000000       -42.87296     -1.56098641375E+07  2.91231855654E+04 -5.35994391907E+02   20.9591739          1026678  0.25035    
       88300  -1.67351479         1248541.        0.000000       -42.26193     -1.56185116368E+07  2.91393190656E+04 -5.35994393063E+02   20.9558985          1026916  0.25699    
       88400  -1.67706050         1249563.        0.000000       -40.62080     -1.56300498217E+07  2.91608460992E+04 -5.35994386739E+02   20.9629367          1027812  0.26089    
       88500  -1.68055031         1249515.        0.000000       -41.23060     -1.56383340918E+07  2.91763026067E+04 -5.35994375387E+02   20.9771880          1027890  0.25793    
       88600  -1.67906746         1249456.        0.000000       -40.53599     -1.56295455815E+07  2.91599061658E+04 -5.35994371609E+02   20.9641194          1027840  0.25367    
       88700  -1.68196017         1250284.        0.000000       -39.48602     -1.56376400422E+07  2.91750078077E+04 -5.35994373857E+02   20.9643971          1028419  0.25997    
       88800  -1.68357240         1250910.        0.000000       -39.97466     -1.56478796490E+07  2.91941120845E+04 -5.35994367757E+02   20.9697018          1028812  0.25626    
       88900  -1.68469864         1250846.        0.000000       -39.99848     -1.56446885051E+07  2.91881577976E+04 -5.35994378735E+02   20.9735932          1029056  0.25085    
       89000  -1.68222042         1249488.        0.000000       -40.53663     -1.56351607687E+07  2.91703825190E+04 -5.35994368893E+02   20.9747435          1028154  0.25775    
       89100  -1.67801487         1249066.        0.000000       -40.59565     -1.56264424845E+07  2.91541171577E+04 -5.35994364019E+02   20.9706638          1027813  0.25102    
       89200  -1.67475560         1248145.        0.000000       -39.91788     -1.56200432622E+07  2.91421777575E+04 -5.35994371874E+02   20.9674595          1026847  0.25913    
       89300  -1.67387504         1248439.        0.000000       -40.61299     -1.56182011757E+07  2.91387407373E+04 -5.35994376574E+02   20.9639849          1027109  0.25917    
       89400  -1.67564801         1248184.        0.000000       -41.18311     -1.56171104218E+07  2.91367056059E+04 -5.35994378809E+02   20.9607583          1026654  0.25290    
       89500  -1.67320119         1247889.        0.000000       -40.77786     -1.56151936834E+07  2.91331299815E+04 -5.35994371126E+02   20.9632073          1026585  0.25617    
       89600  -1.67197631         1247640.        0.000000       -41.22740     -1.56144213307E+07  2.91316890313E+04 -5.35994370730E+02   20.9585426          1026185  0.24890    
       89700  -1.67627193         1249340.        0.000000       -41.38619     -1.56301922020E+07  2.91611128749E+04 -5.35994365822E+02   20.9619617          1027433  0.25222    
       89800  -1.67950878         1249632.        0.000000       -41.06988     -1.56391188609E+07  2.91777675452E+04 -5.35994360662E+02   20.9752889          1027909  0.25464    
       89900  -1.68074970         1249710.        0.000000       -39.79196     -1.56403267232E+07  2.91800215355E+04 -5.35994351620E+02   20.9789009          1027989  0.26280    
       90000  -1.68144070         1249343.        0.000000       -40.60577     -1.56390108243E+07  2.91775667293E+04 -5.35994346937E+02   20.9811848          1027566  0.25622    
       90100  -1.67694947         1248511.        0.000000       -41.19846     -1.56356989631E+07  2.91713875608E+04 -5.35994351675E+02   20.9798392          1026694  0.25838    
       90200  -1.67283545         1247825.        0.000000       -41.72214     -1.56283667595E+07  2.91577076810E+04 -5.35994356293E+02   20.9736860          1026244  0.25518    
       90300  -1.67490152         1248755.        0.000000       -42.65156     -1.56379635461E+07  2.91756121874E+04 -5.35994358770E+02   20.9715652          1026847  0.25649    
       90400  -1.68020884         1250236.        0.000000       -44.69445     -1.56541474420E+07  2.92058063654E+04 -5.35994358320E+02   20.9802031          1027931  0.25454    
       90500  -1.68117033         1249447.        0.000000       -43.42221     -1.56549129728E+07  2.92072344695E+04 -5.35994360887E+02   20.9877815          1027358  0.25349    
       90600  -1.67842844         1249556.        0.000000       -44.69705     -1.56494389297E+07  2.91970219758E+04 -5.35994353900E+02   20.9858441          1027696  0.25645    
       90700  -1.67813654         1248806.        0.000000       -45.00931     -1.56425759996E+07  2.91842178437E+04 -5.35994354325E+02   20.9837617          1027121  0.25496    
       90800  -1.67460767         1248883.        0.000000       -44.48597     -1.56362086697E+07  2.91723382179E+04 -5.35994357152E+02   20.9784190          1027257  0.26016    
       90900  -1.67962155         1249532.        0.000000       -46.20937     -1.56443329443E+07  2.91874952991E+04 -5.35994362790E+02   20.9798169          1027655  0.25206    
       91000  -1.67795503         1248542.        0.000000       -46.45731     -1.56453086176E+07  2.91893158596E+04 -5.35994358104E+02   20.9871713          1026769  0.25276    
       91100  -1.67352290         1247489.        0.000000       -45.81413     -1.56356386575E+07  2.91712744716E+04 -5.35994362286E+02   20.9846286          1025779  0.25353    
       91200  -1.67205092         1248407.        0.000000       -44.73512     -1.56372999755E+07  2.91743742769E+04 -5.35994356799E+02   20.9736543          1026471  0.25776    
       91300  -1.67466982         1248285.        0.000000       -45.30915     -1.56511106214E+07  2.92001414902E+04 -5.35994341899E+02   20.9807056          1025891  0.25971    
       91400  -1.67458751         1248044.        0.000000       -47.23789     -1.56602388287E+07  2.92171718348E+04 -5.35994343233E+02   20.9924920          1025605  0.25865    
       91500  -1.67671986         1249547.        0.000000       -46.40203     -1.56670038595E+07  2.92297931281E+04 -5.35994346279E+02   20.9864765          1026767  0.25724    
       91600  -1.67873324         1248930.        0.000000       -47.16114     -1.56723782971E+07  2.92398203357E+04 -5.35994343234E+02   21.0035257          1026295  0.25443    
       91700  -1.67986683         1249850.        0.000000       -46.84987     -1.56680215620E+07  2.92316916936E+04 -5.35994349086E+02   20.9961262          1027352  0.26002    
       91800  -1.67888701         1249124.        0.000000       -47.74830     -1.56626816901E+07  2.92217294911E+04 -5.35994342666E+02   20.9954467          1026865  0.25253    
       91900  -1.67808900         1248944.        0.000000       -48.12527     -1.56620987461E+07  2.92206417271E+04 -5.35994345792E+02   20.9965549          1026535  0.25154    
       92000  -1.68139738         1250713.        0.000000       -47.35847     -1.56607085801E+07  2.92180476501E+04 -5.35994354163E+02   20.9830697          1028121  0.25811    
       92100  -1.68267927         1249978.        0.000000       -46.46288     -1.56649239527E+07  2.92259115946E+04 -5.35994365890E+02   20.9925218          1027279  0.26195    
       92200  -1.68059051         1249359.        0.000000       -46.02667     -1.56636823506E+07  2.92235950768E+04 -5.35994367204E+02   20.9979490          1026747  0.25212    
       92300  -1.68037117         1249743.        0.000000       -44.35508     -1.56580953227E+07  2.92131709783E+04 -5.35994375082E+02   20.9954169          1027335  0.25049    
       92400  -1.68154806         1249712.        0.000000       -43.84586     -1.56554896915E+07  2.92083095857E+04 -5.35994376721E+02   20.9901696          1027268  0.25340    
       92500  -1.68077724         1250041.        0.000000       -43.79657     -1.56539320218E+07  2.92054042570E+04 -5.35994362004E+02   20.9865124          1027873  0.25271    
       92600  -1.68033835         1250064.        0.000000       -45.01948     -1.56508771435E+07  2.91997047503E+04 -5.35994362864E+02   20.9862533          1027977  0.25621    
       92700  -1.68339076         1250968.        0.000000       -43.65141     -1.56486778006E+07  2.91956011518E+04 -5.35994368441E+02   20.9800637          1028936  0.26251    
       92800  -1.68449588         1250466.        0.000000       -43.57338     -1.56458673958E+07  2.91903579234E+04 -5.35994366253E+02   20.9853196          1028586  0.25647    
       92900  -1.68339059         1250114.        0.000000       -44.47999     -1.56416590631E+07  2.91825059229E+04 -5.35994376373E+02   20.9861520          1028384  0.25801    
       93000  -1.68030045         1249160.        0.000000       -44.14848     -1.56311836919E+07  2.91629616725E+04 -5.35994384500E+02   20.9835547          1027638  0.25087    
       93100  -1.67795441         1248815.        0.000000       -44.91375     -1.56215480052E+07  2.91449842927E+04 -5.35994387519E+02   20.9678782          1027060  0.26068    
       93200  -1.67715757         1249047.        0.000000       -44.23012     -1.56227526828E+07  2.91472316475E+04 -5.35994391224E+02   20.9744664          1027399  0.25525    
       93300  -1.67701844         1248551.        0.000000       -44.36209     -1.56222927543E+07  2.91463740541E+04 -5.35994382194E+02   20.9739532          1026951  0.25636    
       93400  -1.67911173         1249633.        0.000000       -44.53277     -1.56315990041E+07  2.91637365356E+04 -5.35994384157E+02   20.9716709          1027776  0.25990    
       93500  -1.67972933         1249533.        0.000000       -43.69827     -1.56313409415E+07  2.91632548706E+04 -5.35994387831E+02   20.9716127          1027665  0.25413    
       93600  -1.68069209         1249691.        0.000000       -42.84976     -1.56300680037E+07  2.91608801684E+04 -5.35994384031E+02   20.9719069          1027792  0.25894    
       93700  -1.67778377         1248595.        0.000000       -42.75044     -1.56300281338E+07  2.91608064718E+04 -5.35994371380E+02   20.9748708          1026698  0.25271    
       93800  -1.67765290         1249145.        0.000000       -44.36062     -1.56348969163E+07  2.91698901020E+04 -5.35994371649E+02   20.9736449          1027347  0.26309    
       93900  -1.67913860         1249662.        0.000000       -45.29104     -1.56360001756E+07  2.91719487898E+04 -5.35994365280E+02   20.9713048          1027808  0.25463    
       94000  -1.68098030         1249720.        0.000000       -44.92880     -1.56397796456E+07  2.91789995606E+04 -5.35994375444E+02   20.9760858          1027979  0.25577    
       94100  -1.68008557         1249118.        0.000000       -44.45116     -1.56364440589E+07  2.91727759715E+04 -5.35994383059E+02   20.9778377          1027372  0.26270    
       94200  -1.67731006         1249112.        0.000000       -44.64195     -1.56357894977E+07  2.91715548774E+04 -5.35994380943E+02   20.9724134          1027138  0.25653    
       94300  -1.67857777         1249629.        0.000000       -43.10212     -1.56421293004E+07  2.91833834982E+04 -5.35994371639E+02   20.9751365          1027462  0.25482    
       94400  -1.68145722         1250123.        0.000000       -42.24788     -1.56407648004E+07  2.91808384700E+04 -5.35994358644E+02   20.9736422          1028015  0.25396    
       94500  -1.68152556         1249424.        0.000000       -42.14900     -1.56400263662E+07  2.91794599167E+04 -5.35994374497E+02   20.9770714          1027348  0.25453    
       94600  -1.67930530         1249031.        0.000000       -42.63945     -1.56349545985E+07  2.91699976909E+04 -5.35994372168E+02   20.9745184          1027223  0.25228    
       94700  -1.67708034         1248741.        0.000000       -42.58355     -1.56336394849E+07  2.91675444773E+04 -5.35994365144E+02   20.9728367          1026783  0.25126    
       94800  -1.67470619         1247865.        0.000000       -43.76415     -1.56360194599E+07  2.91719846991E+04 -5.35994366553E+02   20.9756253          1026032  0.25998    
       94900  -1.67153728         1247144.        0.000000       -44.09149     -1.56400604167E+07  2.91795234763E+04 -5.35994373912E+02   20.9798480          1025273  0.25245    
       95000  -1.67277146         1248469.        0.000000       -44.63593     -1.56446041410E+07  2.91880013081E+04 -5.35994362061E+02   20.9764349          1026333  0.25310    
       95100  -1.67577822         1248813.        0.000000       -42.67044     -1.56511714971E+07  2.92002535309E+04 -5.35994370067E+02   20.9816592          1026306  0.25081    
       95200  -1.67711493         1248965.        0.000000       -41.91657     -1.56528206054E+07  2.92033300606E+04 -5.35994373687E+02   20.9831842          1026548  0.26015    
       95300  -1.67983276         1250091.        0.000000       -44.33981     -1.56583024093E+07  2.92135568797E+04 -5.35994383490E+02   20.9780967          1027354  0.26158    
       95400  -1.67947050         1249574.        0.000000       -45.69262     -1.56615320553E+07  2.92195823122E+04 -5.35994385134E+02   20.9859832          1026981  0.26185    
       95500  -1.68037519         1249766.        0.000000       -43.88861     -1.56545999996E+07  2.92066487381E+04 -5.35994394288E+02   20.9834375          1027212  0.25827    
       95600  -1.68002162         1249345.        0.000000       -43.68959     -1.56498983862E+07  2.91978769900E+04 -5.35994394097E+02   20.9848164          1026987  0.25664    
       95700  -1.67960207         1249607.        0.000000       -43.26677     -1.56423720597E+07  2.91838354613E+04 -5.35994389102E+02   20.9758351          1027472  0.25381    
       95800  -1.68127617         1250048.        0.000000       -44.46278     -1.56432295044E+07  2.91854357083E+04 -5.35994379549E+02   20.9764671          1027970  0.25736    
       95900  -1.68152607         1249679.        0.000000       -43.72518     -1.56379006905E+07  2.91754939180E+04 -5.35994377147E+02   20.9761529          1027726  0.25504    
       96000  -1.68018369         1249518.        0.000000       -43.08077     -1.56374889440E+07  2.91747257614E+04 -5.35994376498E+02   20.9727320          1027708  0.25152    
       96100  -1.67934326         1249593.        0.000000       -43.98690     -1.56441026297E+07  2.91870655232E+04 -5.35994364261E+02   20.9759301          1027663  0.25693    
       96200  -1.67887092         1248352.        0.000000       -44.02587     -1.56495940686E+07  2.91973110825E+04 -5.35994360042E+02   20.9931632          1026600  0.26296    
       96300  -1.67482804         1248886.        0.000000       -43.39800     -1.56318610871E+07  2.91642271254E+04 -5.35994354310E+02   20.9763453          1027324  0.25447    
       96400  -1.67738613         1249161.        0.000000       -43.95721     -1.56294567666E+07  2.91597418804E+04 -5.35994345587E+02   20.9685326          1027466  0.25148    
       96500  -1.67813178         1249393.        0.000000       -42.40498     -1.56316634869E+07  2.91638587085E+04 -5.35994349825E+02   20.9731796          1027745  0.25573    
       96600  -1.67978926         1249691.        0.000000       -42.25547     -1.56310929765E+07  2.91627941843E+04 -5.35994352178E+02   20.9712898          1028230  0.25671    
       96700  -1.67712548         1248261.        0.000000       -42.57959     -1.56251104811E+07  2.91516331010E+04 -5.35994344704E+02   20.9778778          1027099  0.25511    
       96800  -1.67496453         1248157.        0.000000       -43.10849     -1.56199180362E+07  2.91419457661E+04 -5.35994341682E+02   20.9731522          1026904  0.25510    
       96900  -1.67799459         1249679.        0.000000       -43.71702     -1.56260391875E+07  2.91533661462E+04 -5.35994337983E+02   20.9681903          1028200  0.25721    
       97000  -1.67926945         1248877.        0.000000       -44.20897     -1.56295990212E+07  2.91600073603E+04 -5.35994344173E+02   20.9767735          1027363  0.25283    
       97100  -1.67607331         1248544.        0.000000       -44.57972     -1.56272535400E+07  2.91556307206E+04 -5.35994356965E+02   20.9693930          1026984  0.24728    
       97200  -1.67494549         1248113.        0.000000       -45.33901     -1.56325559173E+07  2.91655231879E+04 -5.35994359388E+02   20.9751004          1026442  0.25460    
       97300  -1.67544589         1248672.        0.000000       -46.56549     -1.56386759512E+07  2.91769412607E+04 -5.35994359773E+02   20.9810683          1026909  0.26490    
       97400  -1.67783324         1249071.        0.000000       -46.68092     -1.56433896163E+07  2.91857357984E+04 -5.35994354376E+02   20.9784814          1026951  0.25375    
       97500  -1.68015362         1249906.        0.000000       -47.64122     -1.56525287643E+07  2.92027863066E+04 -5.35994360264E+02   20.9782893          1027623  0.25810    
       97600  -1.68099372         1249531.        0.000000       -48.77052     -1.56537567276E+07  2.92050767058E+04 -5.35994371298E+02   20.9818431          1027355  0.26003    
       97700  -1.67858623         1248936.        0.000000       -48.87750     -1.56501535980E+07  2.91983542899E+04 -5.35994372922E+02   20.9868664          1027257  0.25471    
       97800  -1.67582201         1248154.        0.000000       -47.78095     -1.56443359292E+07  2.91875009433E+04 -5.35994361407E+02   20.9812682          1026444  0.25042    
       97900  -1.67323361         1247925.        0.000000       -47.31303     -1.56505313185E+07  2.91990594054E+04 -5.35994365476E+02   20.9829449          1025910  0.25613    
       98000  -1.67213196         1248341.        0.000000       -48.31227     -1.56546149820E+07  2.92066784514E+04 -5.35994361978E+02   20.9831281          1025955  0.26744    
       98100  -1.67772360         1249470.        0.000000       -47.95818     -1.56675858569E+07  2.92308788211E+04 -5.35994348743E+02   20.9846362          1026627  0.25993    
       98200  -1.67905805         1249467.        0.000000       -46.79699     -1.56718134912E+07  2.92387660460E+04 -5.35994353064E+02   20.9942922          1026814  0.26133    
       98300  -1.67795323         1248599.        0.000000       -46.94809     -1.56676322904E+07  2.92309654739E+04 -5.35994348336E+02   20.9949143          1026147  0.25480    
       98400  -1.67738220         1249074.        0.000000       -46.85438     -1.56707713164E+07  2.92368216773E+04 -5.35994352923E+02   20.9864449          1026297  0.25536    
       98500  -1.67712243         1248872.        0.000000       -45.86880     -1.56785601484E+07  2.92513534042E+04 -5.35994349790E+02   20.9962936          1026223  0.24874    
       98600  -1.67585273         1248308.        0.000000       -45.67677     -1.56752003631E+07  2.92450851565E+04 -5.35994348428E+02   20.9924375          1025669  0.25196    
       98700  -1.67378613         1248054.        0.000000       -45.87556     -1.56747035194E+07  2.92441576211E+04 -5.35994359027E+02   20.9909240          1025341  0.26013    
       98800  -1.67423052         1247998.        0.000000       -44.65279     -1.56772999108E+07  2.92490025648E+04 -5.35994342922E+02   20.9954847          1025239  0.25608    
       98900  -1.67514435         1248605.        0.000000       -45.21912     -1.56825376977E+07  2.92587747481E+04 -5.35994341277E+02   20.9908745          1025564  0.25377    
       99000  -1.67896663         1249308.        0.000000       -46.35671     -1.56923460278E+07  2.92770741181E+04 -5.35994340297E+02   20.9972241          1026105  0.25962    
       99100  -1.68018849         1250166.        0.000000       -46.91267     -1.56948852022E+07  2.92818115716E+04 -5.35994337777E+02   20.9961060          1027059  0.25061    
       99200  -1.68194545         1250149.        0.000000       -46.67587     -1.57028233013E+07  2.92966205536E+04 -5.35994357183E+02   20.9971722          1026848  0.25490    
       99300  -1.68396794         1250545.        0.000000       -45.65227     -1.57075275352E+07  2.93053967181E+04 -5.35994366030E+02   21.0052506          1027311  0.25921    
       99400  -1.68135795         1249634.        0.000000       -47.09328     -1.56997123838E+07  2.92908162029E+04 -5.35994363390E+02   21.0054394          1026836  0.26046    
       99500  -1.68050254         1249419.        0.000000       -46.17529     -1.56947545931E+07  2.92815670248E+04 -5.35994353711E+02   21.0036895          1026847  0.25652    
       99600  -1.67880979         1249632.        0.000000       -46.96070     -1.56856134706E+07  2.92645128869E+04 -5.35994346846E+02   20.9985287          1027354  0.25584    
       99700  -1.67943506         1249711.        0.000000       -45.50632     -1.56791117554E+07  2.92523824421E+04 -5.35994351448E+02   20.9946935          1027398  0.25899    
       99800  -1.68028390         1249962.        0.000000       -46.15856     -1.56775531437E+07  2.92494743051E+04 -5.35994356007E+02   20.9869651          1027486  0.25678    
       99900  -1.68195117         1250099.        0.000000       -45.43941     -1.56770080305E+07  2.92484572961E+04 -5.35994355935E+02   20.9889123          1027913  0.25922    
      100000  -1.68338684         1250274.        0.000000       -45.88917     -1.56764915990E+07  2.92474935420E+04 -5.35994360558E+02   20.9887370          1027939  0.25711    
      100100  -1.68026845         1249251.        0.000000       -44.84115     -1.56661349552E+07  2.92281715109E+04 -5.35994355629E+02   20.9914855          1027430  0.25835    
      100200  -1.67693911         1248531.        0.000000       -45.03241     -1.56536652443E+07  2.92049063547E+04 -5.35994365267E+02   20.9837657          1026855  0.26606    
      100300  -1.67501411         1248080.        0.000000       -46.02770     -1.56542196057E+07  2.92059404324E+04 -5.35994368747E+02   20.9828049          1026371  0.25532    
      100400  -1.67581880         1248824.        0.000000       -46.06944     -1.56558254254E+07  2.92089359882E+04 -5.35994376232E+02   20.9757143          1026918  0.26196    
      100500  -1.67829434         1249566.        0.000000       -45.08454     -1.56606178142E+07  2.92178772032E+04 -5.35994374448E+02   20.9777035          1027544  0.25614    
      100600  -1.67957282         1249396.        0.000000       -45.11288     -1.56623935914E+07  2.92211900141E+04 -5.35994378868E+02   20.9869137          1027680  0.25452    
      100700  -1.67927168         1249607.        0.000000       -44.79768     -1.56545546117E+07  2.92065649980E+04 -5.35994377046E+02   20.9798829          1028019  0.26453    
      100800  -1.67737890         1248575.        0.000000       -44.55285     -1.56461506642E+07  2.91908861050E+04 -5.35994371938E+02   20.9788891          1027151  0.26344    
      100900  -1.67668040         1248750.        0.000000       -45.14109     -1.56438700903E+07  2.91866313153E+04 -5.35994370894E+02   20.9773730          1027256  0.25987    
      101000  -1.67669934         1249388.        0.000000       -46.14773     -1.56436704477E+07  2.91862589774E+04 -5.35994368440E+02   20.9734076          1027861  0.25858    
      101100  -1.67844445         1249377.        0.000000       -45.68920     -1.56448479645E+07  2.91884553720E+04 -5.35994377406E+02   20.9767514          1027783  0.25840    
      101200  -1.68071920         1249432.        0.000000       -45.20326     -1.56477670870E+07  2.91939018159E+04 -5.35994372580E+02   20.9824993          1027777  0.25849    
      101300  -1.67715154         1248094.        0.000000       -45.36721     -1.56460596905E+07  2.91907158718E+04 -5.35994381201E+02   20.9828051          1026341  0.25213    
      101400  -1.67730192         1249294.        0.000000       -45.20382     -1.56490078314E+07  2.91962158083E+04 -5.35994388250E+02   20.9750435          1027283  0.26106    
      101500  -1.68059137         1249959.        0.000000       -44.79998     -1.56545779236E+07  2.92066080816E+04 -5.35994384553E+02   20.9777978          1027876  0.26081    
      101600  -1.68144548         1249774.        0.000000       -44.86269     -1.56547550807E+07  2.92069383847E+04 -5.35994388544E+02   20.9846738          1028011  0.26509    
      101700  -1.68259498         1250124.        0.000000       -44.55117     -1.56532471864E+07  2.92041258304E+04 -5.35994375497E+02   20.9807912          1028362  0.26700    
      101800  -1.67843042         1248662.        0.000000       -44.38415     -1.56419767535E+07  2.91830983643E+04 -5.35994381343E+02   20.9800632          1027198  0.25944    
      101900  -1.67461192         1248042.        0.000000       -44.11925     -1.56400710604E+07  2.91795427748E+04 -5.35994384187E+02   20.9811103          1026519  0.25877    
      102000  -1.67567752         1248934.        0.000000       -44.47036     -1.56427375579E+07  2.91845181558E+04 -5.35994374634E+02   20.9769431          1027260  0.25757    
      102100  -1.67565166         1248731.        0.000000       -43.86226     -1.56424471681E+07  2.91839763680E+04 -5.35994374820E+02   20.9757961          1026925  0.25370    
      102200  -1.67689553         1248860.        0.000000       -43.91343     -1.56553790295E+07  2.92081036316E+04 -5.35994367417E+02   20.9810445          1026872  0.26134    
      102300  -1.67642986         1248443.        0.000000       -44.06823     -1.56580890734E+07  2.92131599082E+04 -5.35994364273E+02   20.9860461          1026482  0.25551    
      102400  -1.67607319         1248798.        0.000000       -44.43730     -1.56558495823E+07  2.92089816415E+04 -5.35994365515E+02   20.9842595          1026701  0.25397    
      102500  -1.67679307         1248757.        0.000000       -44.90034     -1.56573097582E+07  2.92117059945E+04 -5.35994363396E+02   20.9879551          1026826  0.26406    
      102600  -1.67443566         1247595.        0.000000       -43.23782     -1.56543890985E+07  2.92062561450E+04 -5.35994378081E+02   20.9871943          1025668  0.25979    
      102700  -1.67231372         1247954.        0.000000       -44.35330     -1.56590806078E+07  2.92150083637E+04 -5.35994390720E+02   20.9866548          1025961  0.25631    
      102800  -1.67677672         1249253.        0.000000       -43.90980     -1.56706026052E+07  2.92365048663E+04 -5.35994390468E+02   20.9863116          1026853  0.25376    
      102900  -1.67835426         1249546.        0.000000       -43.73833     -1.56765661166E+07  2.92476307832E+04 -5.35994393283E+02   20.9931946          1026976  0.26163    
      103000  -1.68152256         1250360.        0.000000       -43.68833     -1.56757337139E+07  2.92460781151E+04 -5.35994387084E+02   20.9899297          1027723  0.25882    
      103100  -1.68208665         1249741.        0.000000       -42.41386     -1.56791707680E+07  2.92524906293E+04 -5.35994386485E+02   20.9973474          1027227  0.26292    
      103200  -1.68238614         1250411.        0.000000       -42.66171     -1.56758946531E+07  2.92463785902E+04 -5.35994383195E+02   20.9924898          1027885  0.26705    
      103300  -1.68184752         1249702.        0.000000       -44.30303     -1.56745299289E+07  2.92438331560E+04 -5.35994370000E+02   20.9958470          1027301  0.26016    
      103400  -1.67953482         1248974.        0.000000       -44.22237     -1.56682368133E+07  2.92320920810E+04 -5.35994371182E+02   20.9945295          1026710  0.25813    
      103500  -1.67599018         1248177.        0.000000       -44.01795     -1.56576228387E+07  2.92122894223E+04 -5.35994375941E+02   20.9948792          1026223  0.25245    
      103600  -1.67394430         1248326.        0.000000       -44.12124     -1.56517125247E+07  2.92012626800E+04 -5.35994374497E+02   20.9831033          1026437  0.25412    
      103700  -1.67782850         1249720.        0.000000       -44.69138     -1.56569579587E+07  2.92110498218E+04 -5.35994360155E+02   20.9795733          1027617  0.26103    
      103800  -1.67869015         1248804.        0.000000       -45.33122     -1.56643833056E+07  2.92249038593E+04 -5.35994348554E+02   20.9882336          1026620  0.25904    
      103900  -1.67888613         1250058.        0.000000       -45.85914     -1.56684713698E+07  2.92325312993E+04 -5.35994341693E+02   20.9876842          1027839  0.25844    
      104000  -1.68405964         1251646.        0.000000       -46.81924     -1.56697505675E+07  2.92349175096E+04 -5.35994348619E+02   20.9769467          1029160  0.25404    
      104100  -1.68768714         1251222.        0.000000       -47.49670     -1.56721684079E+07  2.92394283622E+04 -5.35994350290E+02   20.9875955          1028901  0.25637    
      104200  -1.68209341         1249576.        0.000000       -46.38826     -1.56546772006E+07  2.92067947022E+04 -5.35994358855E+02   20.9889004          1027965  0.25499    
      104300  -1.67989050         1249724.        0.000000       -46.92214     -1.56446566670E+07  2.91880993825E+04 -5.35994360645E+02   20.9759718          1028200  0.26339    
      104400  -1.67878758         1248944.        0.000000       -45.41659     -1.56417566487E+07  2.91826891691E+04 -5.35994354670E+02   20.9834537          1027485  0.25761    
      104500  -1.67681421         1248955.        0.000000       -44.96636     -1.56422280191E+07  2.91835687630E+04 -5.35994351689E+02   20.9759601          1027334  0.25901    
      104600  -1.68057533         1250465.        0.000000       -43.52727     -1.56524409700E+07  2.92026232621E+04 -5.35994346451E+02   20.9816505          1028614  0.25372    
      104700  -1.68256397         1250208.        0.000000       -43.23137     -1.56488317671E+07  2.91958900212E+04 -5.35994338783E+02   20.9800520          1028650  0.26085    
      104800  -1.68236392         1250678.        0.000000       -43.07072     -1.56436133479E+07  2.91861538711E+04 -5.35994342283E+02   20.9808456          1029288  0.25564    
      104900  -1.68394086         1250749.        0.000000       -42.00074     -1.56392765166E+07  2.91780627991E+04 -5.35994340140E+02   20.9759920          1029416  0.25807    
      105000  -1.68243097         1249246.        0.000000       -42.97729     -1.56335518596E+07  2.91673822359E+04 -5.35994342348E+02   20.9814865          1027992  0.26151    
      105100  -1.67758115         1248738.        0.000000       -42.72293     -1.56211852104E+07  2.91443093847E+04 -5.35994351560E+02   20.9720973          1027829  0.25756    
      105200  -1.67491602         1248265.        0.000000       -43.18102     -1.56209098037E+07  2.91437954457E+04 -5.35994353680E+02   20.9709100          1027017  0.25704    
      105300  -1.67448215         1248439.        0.000000       -43.15722     -1.56266563245E+07  2.91545163392E+04 -5.35994359939E+02   20.9720080          1026890  0.25796    
      105400  -1.67729936         1249672.        0.000000       -44.07581     -1.56350042989E+07  2.91700906149E+04 -5.35994368525E+02   20.9704063          1027944  0.25674    
      105500  -1.68208110         1250463.        0.000000       -43.55140     -1.56441701327E+07  2.91871910016E+04 -5.35994372731E+02   20.9777372          1028723  0.26217    
      105600  -1.68289023         1250094.        0.000000       -43.49714     -1.56410680695E+07  2.91814032038E+04 -5.35994378346E+02   20.9809474          1028567  0.25600    
      105700  -1.68166364         1250115.        0.000000       -42.17763     -1.56329876154E+07  2.91663270079E+04 -5.35994388705E+02   20.9779568          1028644  0.25440    
      105800  -1.68136661         1249784.        0.000000       -43.33406     -1.56300851466E+07  2.91609118102E+04 -5.35994390310E+02   20.9762987          1028200  0.25871    
      105900  -1.68108201         1250145.        0.000000       -42.82269     -1.56286985747E+07  2.91583252141E+04 -5.35994384451E+02   20.9734148          1028856  0.25864    
      106000  -1.67999802         1249260.        0.000000       -44.25452     -1.56212566147E+07  2.91444411867E+04 -5.35994377611E+02   20.9720324          1028137  0.26085    
      106100  -1.67936488         1248746.        0.000000       -43.87542     -1.56198267810E+07  2.91417737111E+04 -5.35994374806E+02   20.9729080          1027559  0.25862    
      106200  -1.67797099         1249651.        0.000000       -43.01546     -1.56203701338E+07  2.91427881861E+04 -5.35994361078E+02   20.9686947          1028510  0.26012    
      106300  -1.68150112         1250148.        0.000000       -43.79710     -1.56204004316E+07  2.91428447595E+04 -5.35994360211E+02   20.9660332          1029193  0.25628    
      106400  -1.68005930         1249232.        0.000000       -42.57581     -1.56098775352E+07  2.91232121251E+04 -5.35994363126E+02   20.9664867          1028772  0.25178    
      106500  -1.67723359         1248517.        0.000000       -41.73374     -1.55977658626E+07  2.91006153328E+04 -5.35994365899E+02   20.9600573          1028137  0.25131    
      106600  -1.67655355         1248976.        0.000000       -41.69100     -1.55908768021E+07  2.90877622109E+04 -5.35994370728E+02   20.9489827          1028527  0.25475    
      106700  -1.67473811         1248411.        0.000000       -41.79403     -1.55931487238E+07  2.90920008529E+04 -5.35994371878E+02   20.9501898          1027809  0.26257    
      106800  -1.67674465         1248885.        0.000000       -41.49537     -1.55982556828E+07  2.91015297157E+04 -5.35994356144E+02   20.9535291          1028170  0.25604    
      106900  -1.67539654         1248560.        0.000000       -42.05750     -1.55977655234E+07  2.91006149293E+04 -5.35994361675E+02   20.9544456          1027898  0.25327    
      107000  -1.67671275         1249196.        0.000000       -42.50914     -1.56042851059E+07  2.91127782085E+04 -5.35994366259E+02   20.9464624          1028100  0.25380    
      107100  -1.67947733         1249629.        0.000000       -42.00164     -1.56165440234E+07  2.91356493312E+04 -5.35994370535E+02   20.9551302          1028476  0.25555    
      107200  -1.67649611         1248371.        0.000000       -41.29456     -1.56131595846E+07  2.91293352861E+04 -5.35994365516E+02   20.9587872          1027144  0.25376    
      107300  -1.67550808         1248159.        0.000000       -40.88601     -1.56145995097E+07  2.91320221518E+04 -5.35994357974E+02   20.9590962          1026916  0.26155    
      107400  -1.67265882         1247252.        0.000000       -41.24659     -1.56122141065E+07  2.91275718250E+04 -5.35994356149E+02   20.9653836          1026219  0.25642    
      107500  -1.67557116         1248754.        0.000000       -41.27499     -1.56198728672E+07  2.91418614544E+04 -5.35994342424E+02   20.9568656          1027419  0.26051    
      107600  -1.67674141         1248880.        0.000000       -41.61076     -1.56304356788E+07  2.91615685952E+04 -5.35994338841E+02   20.9683525          1027528  0.26183    
      107700  -1.67781574         1248952.        0.000000       -41.21821     -1.56332952815E+07  2.91669036784E+04 -5.35994339814E+02   20.9694358          1027306  0.26110    
      107800  -1.67743919         1249475.        0.000000       -42.80802     -1.56355228898E+07  2.91710592093E+04 -5.35994348976E+02   20.9658303          1027778  0.25020    
      107900  -1.68070561         1249522.        0.000000       -42.09045     -1.56449840461E+07  2.91887101429E+04 -5.35994361161E+02   20.9735281          1027608  0.25722    
      108000  -1.67951591         1249605.        0.000000       -42.35659     -1.56410924093E+07  2.91814494826E+04 -5.35994362398E+02   20.9771490          1027986  0.25140    
      108100  -1.67968864         1249497.        0.000000       -40.76661     -1.56357032422E+07  2.91713947496E+04 -5.35994366276E+02   20.9694787          1027735  0.26077    
      108200  -1.68032192         1250008.        0.000000       -42.41623     -1.56411998995E+07  2.91816495116E+04 -5.35994371850E+02   20.9694369          1028074  0.26011    
      108300  -1.67973727         1249261.        0.000000       -42.81258     -1.56451001483E+07  2.91889259857E+04 -5.35994375263E+02   20.9788852          1027466  0.25542    
      108400  -1.67967480         1249421.        0.000000       -43.37642     -1.56443459894E+07  2.91875190548E+04 -5.35994373486E+02   20.9755963          1027617  0.25548    
      108500  -1.67599758         1248236.        0.000000       -45.34815     -1.56401438613E+07  2.91796794127E+04 -5.35994369235E+02   20.9806711          1026683  0.25125    
      108600  -1.67562585         1248952.        0.000000       -45.36181     -1.56367223600E+07  2.91732955528E+04 -5.35994376490E+02   20.9702349          1027226  0.25130    
      108700  -1.67641411         1248966.        0.000000       -44.02711     -1.56403865269E+07  2.91801310510E+04 -5.35994389455E+02   20.9727767          1027132  0.25640    
      108800  -1.67780301         1249282.        0.000000       -44.21987     -1.56493057113E+07  2.91967716480E+04 -5.35994386640E+02   20.9738577          1027200  0.26084    
      108900  -1.67952490         1249618.        0.000000       -44.16252     -1.56537948383E+07  2.92051468977E+04 -5.35994388013E+02   20.9797439          1027704  0.25654    
      109000  -1.67908410         1249652.        0.000000       -44.67670     -1.56497509974E+07  2.91976024860E+04 -5.35994385324E+02   20.9740817          1027820  0.26335    
      109100  -1.68300103         1250150.        0.000000       -43.39667     -1.56535701156E+07  2.92047275938E+04 -5.35994388762E+02   20.9748986          1028244  0.26149    
      109200  -1.68175803         1249804.        0.000000       -44.43307     -1.56503915994E+07  2.91987982656E+04 -5.35994374051E+02   20.9750512          1028070  0.24995    
      109300  -1.68069384         1249349.        0.000000       -44.72669     -1.56483440700E+07  2.91949782500E+04 -5.35994373279E+02   20.9747778          1027729  0.25842    
      109400  -1.67929038         1249647.        0.000000       -44.03346     -1.56473622273E+07  2.91931465662E+04 -5.35994370866E+02   20.9682168          1027880  0.26255    
      109500  -1.67962910         1249257.        0.000000       -43.90749     -1.56519391085E+07  2.92016856643E+04 -5.35994369927E+02   20.9800935          1027573  0.25725    
      109600  -1.67878044         1249571.        0.000000       -42.58365     -1.56461916403E+07  2.91909623444E+04 -5.35994375781E+02   20.9726628          1028012  0.26664    
      109700  -1.68049837         1249366.        0.000000       -43.72232     -1.56467530535E+07  2.91920100667E+04 -5.35994370302E+02   20.9720947          1027718  0.26099    
      109800  -1.67857624         1249424.        0.000000       -45.40793     -1.56461292735E+07  2.91908463439E+04 -5.35994369235E+02   20.9688390          1027924  0.25802    
      109900  -1.68013854         1250099.        0.000000       -45.00303     -1.56522335044E+07  2.92022347389E+04 -5.35994373182E+02   20.9688917          1028423  0.25914    
      110000  -1.68392105         1251330.        0.000000       -46.28422     -1.56590891423E+07  2.92150249323E+04 -5.35994378872E+02   20.9707666          1029578  0.25245    
      110100  -1.68454933         1250510.        0.000000       -45.00228     -1.56562832384E+07  2.92097899099E+04 -5.35994380194E+02   20.9736781          1028790  0.25768    
      110200  -1.68344732         1250494.        0.000000       -47.24340     -1.56516519134E+07  2.92011492198E+04 -5.35994381439E+02   20.9701878          1029057  0.26162    
      110300  -1.68081772         1249045.        0.000000       -47.42854     -1.56421282175E+07  2.91833812311E+04 -5.35994376169E+02   20.9756015          1027981  0.25720    
      110400  -1.67667016         1249092.        0.000000       -48.60326     -1.56370997994E+07  2.91739998997E+04 -5.35994373523E+02   20.9626174          1027764  0.25452    
      110500  -1.67783394         1249355.        0.000000       -47.65626     -1.56444218733E+07  2.91876604961E+04 -5.35994375959E+02   20.9668316          1027743  0.25195    
      110600  -1.68033764         1250237.        0.000000       -46.83035     -1.56510118398E+07  2.91999545682E+04 -5.35994390104E+02   20.9685554          1028335  0.25629    
      110700  -1.68157104         1249678.        0.000000       -46.79074     -1.56547664452E+07  2.92069596537E+04 -5.35994387323E+02   20.9742588          1027771  0.25481    
      110800  -1.67971034         1249616.        0.000000       -46.00644     -1.56500358534E+07  2.91981341169E+04 -5.35994382063E+02   20.9769962          1027963  0.25313    
      110900  -1.67882016         1248989.        0.000000       -46.99603     -1.56415349752E+07  2.91822739590E+04 -5.35994384712E+02   20.9738308          1027547  0.26106    
      111000  -1.67648028         1248149.        0.000000       -46.65411     -1.56349668074E+07  2.91700202701E+04 -5.35994375824E+02   20.9771629          1026923  0.25681    
      111100  -1.67421351         1248475.        0.000000       -45.84157     -1.56287635810E+07  2.91584477792E+04 -5.35994360857E+02   20.9661112          1027190  0.25416    
      111200  -1.67796288         1249372.        0.000000       -44.59236     -1.56326113513E+07  2.91656266205E+04 -5.35994359205E+02   20.9662902          1028134  0.25591    
      111300  -1.68115760         1249883.        0.000000       -45.05738     -1.56377755318E+07  2.91752605140E+04 -5.35994375245E+02   20.9675426          1028520  0.25322    
      111400  -1.67738769         1248516.        0.000000       -44.79667     -1.56353330654E+07  2.91707032727E+04 -5.35994381734E+02   20.9733963          1027371  0.25280    
      111500  -1.67600333         1248418.        0.000000       -44.70087     -1.56341968208E+07  2.91685832228E+04 -5.35994384828E+02   20.9702601          1027284  0.25358    
      111600  -1.67540499         1248742.        0.000000       -43.42156     -1.56355014455E+07  2.91710174157E+04 -5.35994381776E+02   20.9693775          1027540  0.26008    
      111700  -1.67491877         1248064.        0.000000       -43.37204     -1.56330881601E+07  2.91665146750E+04 -5.35994387204E+02   20.9693191          1026715  0.25554    
      111800  -1.67427689         1248013.        0.000000       -44.76147     -1.56371569294E+07  2.91741053991E+04 -5.35994393503E+02   20.9716119          1026534  0.25796    
      111900  -1.67270024         1247464.        0.000000       -44.76354     -1.56406279907E+07  2.91805809218E+04 -5.35994400953E+02   20.9742724          1025867  0.25825    
      112000  -1.67242564         1247730.        0.000000       -44.02667     -1.56444811407E+07  2.91877694193E+04 -5.35994406284E+02   20.9772023          1025888  0.25209    
      112100  -1.67453635         1249174.        0.000000       -43.75062     -1.56546139758E+07  2.92066741051E+04 -5.35994407287E+02   20.9731320          1026927  0.25943    
      112200  -1.68028843         1250072.        0.000000       -44.92512     -1.56669913471E+07  2.92297672460E+04 -5.35994392814E+02   20.9819228          1027649  0.26061    
      112300  -1.68220598         1249672.        0.000000       -44.25786     -1.56673533642E+07  2.92304431962E+04 -5.35994382946E+02   20.9872175          1027325  0.25769    
      112400  -1.68045836         1249443.        0.000000       -46.89192     -1.56633358763E+07  2.92229478667E+04 -5.35994381803E+02   20.9851796          1027190  0.26023    
      112500  -1.67995378         1249670.        0.000000       -46.60872     -1.56578366641E+07  2.92126886139E+04 -5.35994371181E+02   20.9820932          1027743  0.26742    
      112600  -1.67990520         1249565.        0.000000       -45.21134     -1.56524785290E+07  2.92026920676E+04 -5.35994369723E+02   20.9773074          1027704  0.25437    
      112700  -1.67596489         1247735.        0.000000       -43.45494     -1.56469553066E+07  2.91923872817E+04 -5.35994372629E+02   20.9846514          1026063  0.25380    
      112800  -1.67165512         1247094.        0.000000       -44.88476     -1.56446909286E+07  2.91881629148E+04 -5.35994367794E+02   20.9810620          1025289  0.25742    
      112900  -1.67241423         1248361.        0.000000       -46.41335     -1.56516318346E+07  2.92011123088E+04 -5.35994371348E+02   20.9739981          1026079  0.25732    
      113000  -1.67701056         1249069.        0.000000       -46.32766     -1.56627711376E+07  2.92218943493E+04 -5.35994379775E+02   20.9805631          1026427  0.25654    
      113100  -1.67916960         1249296.        0.000000       -46.26590     -1.56661863001E+07  2.92282669516E+04 -5.35994362104E+02   20.9839101          1026807  0.25812    
      113200  -1.68025185         1249927.        0.000000       -46.51753     -1.56683656238E+07  2.92323334895E+04 -5.35994351234E+02   20.9810305          1027389  0.26117    
      113300  -1.67732561         1249073.        0.000000       -46.06067     -1.56692096548E+07  2.92339077968E+04 -5.35994358459E+02   20.9871209          1026601  0.26493    
      113400  -1.68042951         1250293.        0.000000       -47.38693     -1.56793130327E+07  2.92527576432E+04 -5.35994357318E+02   20.9915389          1027722  0.25500    
      113500  -1.68265662         1250447.        0.000000       -48.17946     -1.56803248621E+07  2.92546459722E+04 -5.35994346915E+02   20.9936371          1027798  0.25442    
      113600  -1.68330803         1250281.        0.000000       -46.29405     -1.56803061270E+07  2.92546109577E+04 -5.35994348025E+02   21.0004229          1027818  0.25513    
      113700  -1.68260524         1250008.        0.000000       -46.66471     -1.56680741345E+07  2.92317900525E+04 -5.35994344045E+02   20.9923174          1027851  0.25593    
      113800  -1.68085815         1249256.        0.000000       -46.58181     -1.56619460738E+07  2.92203563479E+04 -5.35994355692E+02   20.9910655          1027348  0.26145    
      113900  -1.67843841         1249230.        0.000000       -43.50990     -1.56549389907E+07  2.92072825423E+04 -5.35994369487E+02   20.9848610          1027363  0.25447    
      114000  -1.67777941         1248647.        0.000000       -44.82269     -1.56539981272E+07  2.92055279431E+04 -5.35994355512E+02   20.9824807          1026796  0.25955    
      114100  -1.67446395         1247865.        0.000000       -46.14725     -1.56540198297E+07  2.92055685199E+04 -5.35994353921E+02   20.9838001          1025886  0.25981    
      114200  -1.67396254         1248276.        0.000000       -46.28163     -1.56573157624E+07  2.92117173467E+04 -5.35994360638E+02   20.9836318          1026126  0.26048    
      114300  -1.67337517         1248168.        0.000000       -47.06572     -1.56615346001E+07  2.92195881753E+04 -5.35994364676E+02   20.9834838          1025888  0.25665    
      114400  -1.67710011         1249068.        0.000000       -46.28558     -1.56712593237E+07  2.92377303824E+04 -5.35994385295E+02   20.9842831          1026529  0.26340    
      114500  -1.67938242         1249494.        0.000000       -45.97241     -1.56827220710E+07  2.92591163808E+04 -5.35994384345E+02   20.9915373          1026753  0.26164    
      114600  -1.68065653         1250154.        0.000000       -46.57169     -1.56807660121E+07  2.92554671312E+04 -5.35994381555E+02   20.9924475          1027609  0.25738    
      114700  -1.68310113         1250256.        0.000000       -45.62368     -1.56816890752E+07  2.92571893320E+04 -5.35994380637E+02   20.9951664          1027783  0.25501    
      114800  -1.68138131         1249991.        0.000000       -44.98583     -1.56716181565E+07  2.92383997244E+04 -5.35994387660E+02   20.9908299          1027731  0.25570    
      114900  -1.67604790         1248032.        0.000000       -45.35187     -1.56554459159E+07  2.92082272234E+04 -5.35994389396E+02   20.9873919          1026103  0.26037    
      115000  -1.67397641         1248406.        0.000000       -45.32887     -1.56548171408E+07  2.92070541154E+04 -5.35994389538E+02   20.9813919          1026256  0.26027    
      115100  -1.67548631         1248872.        0.000000       -44.65829     -1.56662590029E+07  2.92284010907E+04 -5.35994389645E+02   20.9835720          1026471  0.25722    
      115200  -1.67869286         1249324.        0.000000       -47.00010     -1.56797654816E+07  2.92536002293E+04 -5.35994385602E+02   20.9922900          1026700  0.25524    
      115300  -1.67786321         1249637.        0.000000       -46.55179     -1.56764239629E+07  2.92473659071E+04 -5.35994387076E+02   20.9898667          1027225  0.26037    
      115400  -1.67915746         1249641.        0.000000       -47.29468     -1.56740656807E+07  2.92429659467E+04 -5.35994389531E+02   20.9882106          1027186  0.26016    
      115500  -1.67895721         1248596.        0.000000       -46.89059     -1.56744772287E+07  2.92437338431E+04 -5.35994388157E+02   20.9922368          1026212  0.26064    
      115600  -1.67443891         1247765.        0.000000       -46.16616     -1.56699252067E+07  2.92352411411E+04 -5.35994388796E+02   20.9939447          1025599  0.25320    
      115700  -1.67250498         1247701.        0.000000       -44.90006     -1.56671948168E+07  2.92301476435E+04 -5.35994378402E+02   20.9882091          1025302  0.25436    
      115800  -1.67216710         1247429.        0.000000       -45.08781     -1.56734028975E+07  2.92417303146E+04 -5.35994372728E+02   20.9937333          1024783  0.25377    
      115900  -1.67268794         1248305.        0.000000       -45.79518     -1.56752780944E+07  2.92452293511E+04 -5.35994363600E+02   20.9894024          1025458  0.25605    
      116000  -1.67658106         1248777.        0.000000       -46.37502     -1.56869168924E+07  2.92669447649E+04 -5.35994345103E+02   20.9959212          1025567  0.25970    
      116100  -1.67435812         1247856.        0.000000       -45.68741     -1.56872950948E+07  2.92676501960E+04 -5.35994348361E+02   21.0035831          1024896  0.25490    
      116200  -1.67708231         1249897.        0.000000       -46.76700     -1.56917757517E+07  2.92760090760E+04 -5.35994360125E+02   20.9966303          1026653  0.25962    
      116300  -1.68110364         1250257.        0.000000       -45.99656     -1.57005959820E+07  2.92924649047E+04 -5.35994360090E+02   21.0050559          1026913  0.25188    
      116400  -1.68440319         1251020.        0.000000       -47.02374     -1.57025945800E+07  2.92961939721E+04 -5.35994354590E+02   21.0055434          1027724  0.25572    
      116500  -1.68405771         1250458.        0.000000       -45.40248     -1.56945647175E+07  2.92812121977E+04 -5.35994364288E+02   21.0062269          1027573  0.26545    
      116600  -1.68211966         1249624.        0.000000       -45.63510     -1.56868493845E+07  2.92668174094E+04 -5.35994370862E+02   21.0081976          1026988  0.25790    
      116700  -1.67771503         1248493.        0.000000       -44.36461     -1.56713362768E+07  2.92378743581E+04 -5.35994377868E+02   21.0001580          1026149  0.25920    
      116800  -1.67628022         1248811.        0.000000       -43.79170     -1.56650288830E+07  2.92261067258E+04 -5.35994377562E+02   20.9912365          1026525  0.25515    
      116900  -1.67748166         1249880.        0.000000       -44.31866     -1.56665800539E+07  2.92290008319E+04 -5.35994375725E+02   20.9838346          1027227  0.25984    
      117000  -1.68201194         1250468.        0.000000       -44.39159     -1.56743952899E+07  2.92435822100E+04 -5.35994365444E+02   20.9926884          1027851  0.25569    
      117100  -1.68240950         1249855.        0.000000       -43.14269     -1.56687236640E+07  2.92330007367E+04 -5.35994364902E+02   20.9967646          1027524  0.26631    
      117200  -1.67907944         1248375.        0.000000       -44.04679     -1.56539634210E+07  2.92054622149E+04 -5.35994373445E+02   20.9895805          1026525  0.25795    
      117300  -1.67628348         1248667.        0.000000       -43.55520     -1.56527204926E+07  2.92031430910E+04 -5.35994377174E+02   20.9838851          1026875  0.26057    
      117400  -1.67745020         1249037.        0.000000       -43.36366     -1.56569199698E+07  2.92109786682E+04 -5.35994365259E+02   20.9840810          1027033  0.26029    
      117500  -1.67707622         1248850.        0.000000       -42.51684     -1.56608458309E+07  2.92183034319E+04 -5.35994359406E+02   20.9815552          1026395  0.25709    
      117600  -1.67692270         1248582.        0.000000       -41.65893     -1.56677750324E+07  2.92312316574E+04 -5.35994350702E+02   20.9904159          1026164  0.25695    
      117700  -1.67597299         1248806.        0.000000       -41.43759     -1.56688345047E+07  2.92332086908E+04 -5.35994343639E+02   20.9887246          1026217  0.25127    
      117800  -1.67738097         1248398.        0.000000       -41.72253     -1.56765333872E+07  2.92475718881E+04 -5.35994353555E+02   20.9952854          1025653  0.25770    
      117900  -1.67478247         1248409.        0.000000       -42.56941     -1.56755217965E+07  2.92456840672E+04 -5.35994362808E+02   20.9928788          1025803  0.26098    
      118000  -1.67658271         1249747.        0.000000       -42.79607     -1.56818223979E+07  2.92574389040E+04 -5.35994365376E+02   20.9887546          1026814  0.25554    
      118100  -1.68210891         1250645.        0.000000       -41.74843     -1.56897808607E+07  2.92722867133E+04 -5.35994369499E+02   20.9978795          1027823  0.26241    
      118200  -1.68378164         1250165.        0.000000       -42.26659     -1.56868741131E+07  2.92668637394E+04 -5.35994367306E+02   21.0011204          1027572  0.25507    
      118300  -1.68373311         1250785.        0.000000       -41.51406     -1.56787378739E+07  2.92516841893E+04 -5.35994364374E+02   20.9948189          1028403  0.25772    
      118400  -1.68263237         1249805.        0.000000       -42.14365     -1.56674523666E+07  2.92306297689E+04 -5.35994348750E+02   20.9893612          1027775  0.25264    
      118500  -1.67929641         1249504.        0.000000       -42.99814     -1.56639741260E+07  2.92241411302E+04 -5.35994336197E+02   20.9850044          1027481  0.25682    
      118600  -1.67755807         1248789.        0.000000       -42.73238     -1.56604303416E+07  2.92175293501E+04 -5.35994339355E+02   20.9884241          1026867  0.25855    
      118700  -1.67980237         1249733.        0.000000       -43.56823     -1.56588231178E+07  2.92145306184E+04 -5.35994342073E+02   20.9806224          1027610  0.25584    
      118800  -1.67952591         1249053.        0.000000       -45.93022     -1.56570972323E+07  2.92113101487E+04 -5.35994351250E+02   20.9851508          1027101  0.25977    
      118900  -1.67671989         1248890.        0.000000       -44.77960     -1.56514272193E+07  2.92007310827E+04 -5.35994361751E+02   20.9811546          1027036  0.25604    
      119000  -1.67508966         1248189.        0.000000       -45.15125     -1.56521006422E+07  2.92019875039E+04 -5.35994361347E+02   20.9803032          1026157  0.25419    
      119100  -1.67379529         1248034.        0.000000       -44.55283     -1.56574805037E+07  2.92120243625E+04 -5.35994366890E+02   20.9874543          1026010  0.25129    
      119200  -1.67662849         1249496.        0.000000       -44.23233     -1.56644211806E+07  2.92249737035E+04 -5.35994363571E+02   20.9856878          1027229  0.26254    
      119300  -1.68094028         1249798.        0.000000       -43.93844     -1.56688718677E+07  2.92332770214E+04 -5.35994368890E+02   20.9859445          1027411  0.26352    
      119400  -1.68190148         1250307.        0.000000       -42.34024     -1.56696120420E+07  2.92346580992E+04 -5.35994366305E+02   20.9897162          1027956  0.25524    
      119500  -1.68288338         1250009.        0.000000       -42.28056     -1.56658274731E+07  2.92275974381E+04 -5.35994363078E+02   20.9885388          1027845  0.25660    
      119600  -1.67881125         1249142.        0.000000       -42.12899     -1.56535610506E+07  2.92047117741E+04 -5.35994368707E+02   20.9812886          1027337  0.26009    
      119700  -1.67798573         1249154.        0.000000       -42.49476     -1.56516414443E+07  2.92011308053E+04 -5.35994360926E+02   20.9791953          1027171  0.25720    
      119800  -1.67981950         1250094.        0.000000       -43.90944     -1.56504386280E+07  2.91988868806E+04 -5.35994358004E+02   20.9708944          1028084  0.25511    
      119900  -1.68274568         1250425.        0.000000       -42.82546     -1.56516717158E+07  2.92011873216E+04 -5.35994360208E+02   20.9782189          1028466  0.25818    
      120000  -1.68212669         1249847.        0.000000       -42.52482     -1.56437566508E+07  2.91864198804E+04 -5.35994367068E+02   20.9753559          1028143  0.26406    
      120100  -1.67848269         1248651.        0.000000       -42.99156     -1.56371648992E+07  2.91741215172E+04 -5.35994370559E+02   20.9782339          1027307  0.26098    
      120200  -1.67857208         1250294.        0.000000       -42.14776     -1.56322052402E+07  2.91648682278E+04 -5.35994372341E+02   20.9632209          1028949  0.26124    
      120300  -1.68298439         1250127.        0.000000       -42.71820     -1.56304711164E+07  2.91616324975E+04 -5.35994379522E+02   20.9681004          1028767  0.25973    
      120400  -1.68104264         1249513.        0.000000       -43.30315     -1.56213622902E+07  2.91446374751E+04 -5.35994393601E+02   20.9655278          1028582  0.25475    
      120500  -1.67838293         1248935.        0.000000       -44.93261     -1.56158278357E+07  2.91343119592E+04 -5.35994392371E+02   20.9576356          1027893  0.25413    
      120600  -1.67726986         1248728.        0.000000       -43.70762     -1.56106664904E+07  2.91246825840E+04 -5.35994390508E+02   20.9581695          1027939  0.25490    
      120700  -1.67713469         1248972.        0.000000       -44.72173     -1.56037812310E+07  2.91118370281E+04 -5.35994386613E+02   20.9473939          1028134  0.26155    
      120800  -1.67835542         1249718.        0.000000       -44.88713     -1.56050563029E+07  2.91142157388E+04 -5.35994389920E+02   20.9443670          1028718  0.25847    
      120900  -1.67921727         1249068.        0.000000       -45.25452     -1.56055323338E+07  2.91151035995E+04 -5.35994394817E+02   20.9479258          1028287  0.26142    
      121000  -1.67770615         1248672.        0.000000       -45.07980     -1.56086804969E+07  2.91209769613E+04 -5.35994397361E+02   20.9480689          1027927  0.26461    
      121100  -1.67928506         1249796.        0.000000       -45.25691     -1.56172057473E+07  2.91368827441E+04 -5.35994391866E+02   20.9493272          1028569  0.26196    
      121200  -1.68110566         1249925.        0.000000       -44.24841     -1.56235245875E+07  2.91486719360E+04 -5.35994388415E+02   20.9582400          1028683  0.25688    
      121300  -1.67980165         1249150.        0.000000       -43.42788     -1.56213942369E+07  2.91446980519E+04 -5.35994375686E+02   20.9627864          1028078  0.25395    
      121400  -1.67881475         1249174.        0.000000       -43.74875     -1.56176456575E+07  2.91377037349E+04 -5.35994387189E+02   20.9552773          1028211  0.26191    
      121500  -1.67792369         1248337.        0.000000       -44.40802     -1.56157133618E+07  2.91340992714E+04 -5.35994376085E+02   20.9599534          1027600  0.25882    
      121600  -1.67401330         1248395.        0.000000       -43.90290     -1.56115910320E+07  2.91264088722E+04 -5.35994365131E+02   20.9554061          1027445  0.25534    
      121700  -1.67526412         1248721.        0.000000       -43.66582     -1.56164407662E+07  2.91354570609E+04 -5.35994363623E+02   20.9574582          1027722  0.25815    
      121800  -1.67702563         1248708.        0.000000       -43.58731     -1.56185399824E+07  2.91393735480E+04 -5.35994363663E+02   20.9597357          1027505  0.25943    
      121900  -1.67790214         1249635.        0.000000       -43.87990     -1.56197344933E+07  2.91416023696E+04 -5.35994359376E+02   20.9559699          1028417  0.26082    
      122000  -1.68209907         1250805.        0.000000       -43.58096     -1.56250520999E+07  2.91515232452E+04 -5.35994361888E+02   20.9532621          1029374  0.25700    
      122100  -1.68569816         1250391.        0.000000       -43.58992     -1.56314515923E+07  2.91634628078E+04 -5.35994360315E+02   20.9646737          1029095  0.25767    
      122200  -1.68143303         1249413.        0.000000       -43.40977     -1.56254886487E+07  2.91523374695E+04 -5.35994366319E+02   20.9668985          1028374  0.25554    
      122300  -1.67672864         1248159.        0.000000       -44.99677     -1.56112712418E+07  2.91258117344E+04 -5.35994374479E+02   20.9627843          1027491  0.26045    
      122400  -1.67409416         1248268.        0.000000       -44.93618     -1.56088670183E+07  2.91213262126E+04 -5.35994374170E+02   20.9506034          1027345  0.26363    
      122500  -1.67566930         1248798.        0.000000       -44.65238     -1.56136971718E+07  2.91303382438E+04 -5.35994365774E+02   20.9544011          1027731  0.26422    
      122600  -1.67658890         1248728.        0.000000       -44.89380     -1.56202671438E+07  2.91425962137E+04 -5.35994357857E+02   20.9605845          1027537  0.26213    
      122700  -1.67545557         1249005.        0.000000       -44.22339     -1.56205411387E+07  2.91431074180E+04 -5.35994357588E+02   20.9576899          1027765  0.25689    
      122800  -1.67627808         1248999.        0.000000       -45.66903     -1.56256365450E+07  2.91526139385E+04 -5.35994356388E+02   20.9636915          1027874  0.25127    
      122900  -1.67953178         1250285.        0.000000       -44.75548     -1.56285981280E+07  2.91581393595E+04 -5.35994355993E+02   20.9557186          1028764  0.26130    
      123000  -1.68323282         1250734.        0.000000       -44.27753     -1.56374774432E+07  2.91747047354E+04 -5.35994368581E+02   20.9642203          1029208  0.25734    
      123100  -1.68193098         1249904.        0.000000       -44.45040     -1.56319446439E+07  2.91643821383E+04 -5.35994370455E+02   20.9665849          1028810  0.26083    
      123200  -1.67897258         1248843.        0.000000       -45.03803     -1.56269150048E+07  2.91549984779E+04 -5.35994368740E+02   20.9698430          1027875  0.25409    
      123300  -1.67375529         1247593.        0.000000       -45.68838     -1.56152272836E+07  2.91331927172E+04 -5.35994370242E+02   20.9631658          1026946  0.25459    
      123400  -1.67100810         1247044.        0.000000       -44.95455     -1.56147973907E+07  2.91323913672E+04 -5.35994357411E+02   20.9682564          1026073  0.25694    
      123500  -1.66958721         1246898.        0.000000       -46.32145     -1.56194610387E+07  2.91410923299E+04 -5.35994356764E+02   20.9640053          1025443  0.25487    
      123600  -1.66967368         1247196.        0.000000       -46.26245     -1.56293458287E+07  2.91595336381E+04 -5.35994368861E+02   20.9703002          1025461  0.25898    
      123700  -1.67149808         1248137.        0.000000       -45.98331     -1.56377866119E+07  2.91752812941E+04 -5.35994373258E+02   20.9688736          1025960  0.25749    
      123800  -1.67570289         1248615.        0.000000       -46.91448     -1.56514698009E+07  2.92008100060E+04 -5.35994371307E+02   20.9779142          1025980  0.25684    
      123900  -1.67621582         1248485.        0.000000       -45.18863     -1.56494257357E+07  2.91969968810E+04 -5.35994362691E+02   20.9853645          1026126  0.25671    
      124000  -1.67813578         1249572.        0.000000       -45.81728     -1.56516983797E+07  2.92012364514E+04 -5.35994371533E+02   20.9816085          1027020  0.26586    
      124100  -1.67863035         1249434.        0.000000       -46.63705     -1.56500677955E+07  2.91981944015E+04 -5.35994369387E+02   20.9805383          1027010  0.25603    
      124200  -1.68216518         1250813.        0.000000       -48.10406     -1.56533727731E+07  2.92043601603E+04 -5.35994375059E+02   20.9768553          1028317  0.25523    
      124300  -1.68362404         1249834.        0.000000       -47.64616     -1.56494406519E+07  2.91970241140E+04 -5.35994373630E+02   20.9875710          1027983  0.25543    
      124400  -1.68157145         1250081.        0.000000       -47.53062     -1.56401172165E+07  2.91796297449E+04 -5.35994368442E+02   20.9777745          1028408  0.25963    
      124500  -1.68136582         1249388.        0.000000       -47.42084     -1.56361541080E+07  2.91722364700E+04 -5.35994356281E+02   20.9757404          1027802  0.25707    
      124600  -1.68113159         1249683.        0.000000       -46.00243     -1.56301442032E+07  2.91610236104E+04 -5.35994360554E+02   20.9709490          1028234  0.26205    
      124700  -1.67844542         1248837.        0.000000       -45.59143     -1.56275992025E+07  2.91562747965E+04 -5.35994372106E+02   20.9732941          1027451  0.26207    
      124800  -1.67813580         1249376.        0.000000       -47.91192     -1.56289469242E+07  2.91587889547E+04 -5.35994377148E+02   20.9712831          1027881  0.25762    
      124900  -1.68140798         1250579.        0.000000       -47.55510     -1.56326514924E+07  2.91657004686E+04 -5.35994378370E+02   20.9645098          1028883  0.25473    
      125000  -1.68498519         1250954.        0.000000       -48.00830     -1.56395339169E+07  2.91785412472E+04 -5.35994372865E+02   20.9711373          1029441  0.25829    
      125100  -1.68264229         1249405.        0.000000       -47.58253     -1.56316943376E+07  2.91639152490E+04 -5.35994368525E+02   20.9795031          1028302  0.25908    
      125200  -1.67624998         1247880.        0.000000       -46.16733     -1.56120496800E+07  2.91272641495E+04 -5.35994372830E+02   20.9657104          1027157  0.25937    
      125300  -1.67177317         1247592.        0.000000       -45.21580     -1.56034132392E+07  2.91111511269E+04 -5.35994374500E+02   20.9570833          1026605  0.25854    
      125400  -1.67341765         1248418.        0.000000       -46.93788     -1.56086449834E+07  2.91209115037E+04 -5.35994382642E+02   20.9536346          1027433  0.26006    
      125500  -1.67558885         1248558.        0.000000       -46.85512     -1.56161956672E+07  2.91349985709E+04 -5.35994385900E+02   20.9603187          1027434  0.25473    
      125600  -1.67568220         1248934.        0.000000       -44.53099     -1.56149849438E+07  2.91327392864E+04 -5.35994394153E+02   20.9581470          1027791  0.25522    
      125700  -1.67781799         1249068.        0.000000       -43.74016     -1.56156351928E+07  2.91339516765E+04 -5.35994408388E+02   20.9573109          1027854  0.26357    
      125800  -1.67786756         1249403.        0.000000       -43.19060     -1.56160017552E+07  2.91346354828E+04 -5.35994409965E+02   20.9597739          1028363  0.25857    
      125900  -1.67821746         1248837.        0.000000       -42.92982     -1.56166588731E+07  2.91358614489E+04 -5.35994410203E+02   20.9619600          1027766  0.26027    
      126000  -1.67616437         1248187.        0.000000       -44.69915     -1.56158766888E+07  2.91344026912E+04 -5.35994399965E+02   20.9671991          1027343  0.25817    
      126100  -1.67358398         1247752.        0.000000       -45.80883     -1.56149952376E+07  2.91327577221E+04 -5.35994408307E+02   20.9655670          1026833  0.25940    
      126200  -1.67383780         1248708.        0.000000       -45.78544     -1.56224127704E+07  2.91465960430E+04 -5.35994417578E+02   20.9615289          1027460  0.26092    
      126300  -1.67914444         1250241.        0.000000       -46.05456     -1.56405542154E+07  2.91804429859E+04 -5.35994406354E+02   20.9693064          1028598  0.26860    
      126400  -1.68409556         1250844.        0.000000       -46.12140     -1.56462278345E+07  2.91910286062E+04 -5.35994399018E+02   20.9745957          1029199  0.25350    
      126500  -1.68588924         1251494.        0.000000       -45.51302     -1.56463517645E+07  2.91912600652E+04 -5.35994394541E+02   20.9729130          1029907  0.25792    
      126600  -1.68584300         1250248.        0.000000       -45.29414     -1.56362950923E+07  2.91724977162E+04 -5.35994389113E+02   20.9762192          1029097  0.26639    
      126700  -1.67958562         1249078.        0.000000       -44.27979     -1.56193092490E+07  2.91408075055E+04 -5.35994386774E+02   20.9677912          1028293  0.25684    
      126800  -1.67820765         1248860.        0.000000       -43.29528     -1.56134126930E+07  2.91298068834E+04 -5.35994377014E+02   20.9635821          1028103  0.25116    
      126900  -1.67519955         1247653.        0.000000       -46.01351     -1.56004417684E+07  2.91056065650E+04 -5.35994387665E+02   20.9590400          1027318  0.26137    
      127000  -1.67387449         1248235.        0.000000       -44.06054     -1.55997922914E+07  2.91043953223E+04 -5.35994378808E+02   20.9527497          1027775  0.26426    
      127100  -1.67585754         1249170.        0.000000       -44.61019     -1.56022473307E+07  2.91089762480E+04 -5.35994368123E+02   20.9494248          1028488  0.25661    
      127200  -1.68025587         1249761.        0.000000       -45.22230     -1.56016915355E+07  2.91079391731E+04 -5.35994370565E+02   20.9508946          1029090  0.26194    
      127300  -1.68166849         1250016.        0.000000       -44.98561     -1.56015686514E+07  2.91077099836E+04 -5.35994369196E+02   20.9521345          1029453  0.25647    
      127400  -1.68003455         1249939.        0.000000       -45.09669     -1.55970013270E+07  2.90991887408E+04 -5.35994369670E+02   20.9507547          1029392  0.25900    
      127500  -1.68267081         1249964.        0.000000       -45.38558     -1.55982968603E+07  2.91016061879E+04 -5.35994362633E+02   20.9477681          1029322  0.26027    
      127600  -1.68051836         1249163.        0.000000       -45.17731     -1.55915940320E+07  2.90891004362E+04 -5.35994368965E+02   20.9515558          1028940  0.25934    
      127700  -1.67742537         1249003.        0.000000       -45.38538     -1.55824665372E+07  2.90720711620E+04 -5.35994372411E+02   20.9417095          1028898  0.25987    
      127800  -1.67819026         1249580.        0.000000       -45.70631     -1.55868149992E+07  2.90801838530E+04 -5.35994376031E+02   20.9392506          1029195  0.25612    
      127900  -1.67867699         1248761.        0.000000       -45.97015     -1.55895199089E+07  2.90852301077E+04 -5.35994381036E+02   20.9505992          1028328  0.25914    
      128000  -1.67618140         1248697.        0.000000       -44.52951     -1.55840144731E+07  2.90749583329E+04 -5.35994387151E+02   20.9438027          1028292  0.25743    
      128100  -1.67831482         1249790.        0.000000       -44.45828     -1.55903376860E+07  2.90867555275E+04 -5.35994386561E+02   20.9411158          1029098  0.25600    
      128200  -1.67988374         1249016.        0.000000       -45.13503     -1.55964895475E+07  2.90982340947E+04 -5.35994366419E+02   20.9491322          1028436  0.25720    
      128300  -1.67589011         1248487.        0.000000       -45.13848     -1.55951912982E+07  2.90958117917E+04 -5.35994369561E+02   20.9496442          1028023  0.25459    
      128400  -1.67641089         1249225.        0.000000       -44.04009     -1.55996172588E+07  2.91040694995E+04 -5.35994365291E+02   20.9454106          1028585  0.25818    
      128500  -1.68009567         1249758.        0.000000       -44.84814     -1.56069216985E+07  2.91176975143E+04 -5.35994361875E+02   20.9487083          1028838  0.25056    
      128600  -1.68181179         1250229.        0.000000       -45.14293     -1.56104340503E+07  2.91242502317E+04 -5.35994366417E+02   20.9436009          1029217  0.25551    
      128700  -1.68249553         1250183.        0.000000       -45.92853     -1.56135548629E+07  2.91300722267E+04 -5.35994375209E+02   20.9537026          1029252  0.26215    
      128800  -1.67858403         1248247.        0.000000       -47.63780     -1.56086746832E+07  2.91209678340E+04 -5.35994365717E+02   20.9613608          1027799  0.26072    
      128900  -1.67436763         1248416.        0.000000       -48.18474     -1.56050559182E+07  2.91142173041E+04 -5.35994347890E+02   20.9519847          1027674  0.26132    
      129000  -1.67742868         1249575.        0.000000       -47.93005     -1.56055227515E+07  2.91150873961E+04 -5.35994363994E+02   20.9489233          1028743  0.26144    
      129100  -1.68273767         1250175.        0.000000       -45.58093     -1.56119556147E+07  2.91270890264E+04 -5.35994365950E+02   20.9552529          1029392  0.26271    
      129200  -1.68026381         1249429.        0.000000       -45.45860     -1.56048148426E+07  2.91137664479E+04 -5.35994367835E+02   20.9577507          1028807  0.25324    
      129300  -1.67516912         1247962.        0.000000       -45.28791     -1.55935544189E+07  2.90927578213E+04 -5.35994370648E+02   20.9612826          1027648  0.25177    
      129400  -1.67649873         1249609.        0.000000       -44.66610     -1.55915244015E+07  2.90889705368E+04 -5.35994368787E+02   20.9436942          1028856  0.26011    
      129500  -1.68088805         1249766.        0.000000       -45.11735     -1.56007515984E+07  2.91061857712E+04 -5.35994366320E+02   20.9504256          1028830  0.26140    
      129600  -1.67972042         1248681.        0.000000       -44.13768     -1.56022902409E+07  2.91090565969E+04 -5.35994362750E+02   20.9609821          1027859  0.25700    
      129700  -1.67673680         1249151.        0.000000       -44.49815     -1.56009901512E+07  2.91066311189E+04 -5.35994361128E+02   20.9566330          1028308  0.26008    
      129800  -1.68166762         1250204.        0.000000       -44.87835     -1.56061588563E+07  2.91162741401E+04 -5.35994364568E+02   20.9526214          1029114  0.25960    
      129900  -1.68155473         1249704.        0.000000       -44.36546     -1.56058689915E+07  2.91157337099E+04 -5.35994357793E+02   20.9591030          1028962  0.25430    
      130000  -1.67807867         1248381.        0.000000       -44.22118     -1.56000905104E+07  2.91049530176E+04 -5.35994354671E+02   20.9579237          1027765  0.25726    
      130100  -1.67477423         1248124.        0.000000       -42.19909     -1.55993465379E+07  2.91035648996E+04 -5.35994356420E+02   20.9533937          1027255  0.26672    
      130200  -1.67283261         1247108.        0.000000       -41.05961     -1.55981001975E+07  2.91012385022E+04 -5.35994376884E+02   20.9637103          1026320  0.25707    
      130300  -1.67028619         1247174.        0.000000       -40.31245     -1.55983471022E+07  2.91016989982E+04 -5.35994379680E+02   20.9590086          1026189  0.25704    
      130400  -1.67287867         1248102.        0.000000       -40.83521     -1.56132651502E+07  2.91295318893E+04 -5.35994371951E+02   20.9626853          1026424  0.25463    
      130500  -1.67650329         1248657.        0.000000       -41.18829     -1.56260504386E+07  2.91533855240E+04 -5.35994367644E+02   20.9707162          1026927  0.26086    
      130600  -1.67640361         1248946.        0.000000       -41.05320     -1.56314334123E+07  2.91634287007E+04 -5.35994363788E+02   20.9718322          1027161  0.25330    
      130700  -1.68088047         1250104.        0.000000       -41.49997     -1.56404489271E+07  2.91802489474E+04 -5.35994362328E+02   20.9731457          1028038  0.25284    
      130800  -1.68294738         1250512.        0.000000       -41.44840     -1.56458607569E+07  2.91903455664E+04 -5.35994365716E+02   20.9721809          1028371  0.25625    
      130900  -1.68014184         1249580.        0.000000       -42.25553     -1.56474718548E+07  2.91933516123E+04 -5.35994361409E+02   20.9818610          1027605  0.26133    
      131000  -1.67995306         1249883.        0.000000       -42.04368     -1.56413507137E+07  2.91819310136E+04 -5.35994369476E+02   20.9758889          1028199  0.25828    
      131100  -1.68255859         1250300.        0.000000       -40.97359     -1.56399913624E+07  2.91793948522E+04 -5.35994370056E+02   20.9769684          1028547  0.25787    
      131200  -1.68373579         1251386.        0.000000       -41.79685     -1.56378878748E+07  2.91754703588E+04 -5.35994370698E+02   20.9641181          1029535  0.25879    
      131300  -1.68464688         1250544.        0.000000       -40.99162     -1.56331368601E+07  2.91666066282E+04 -5.35994367099E+02   20.9738136          1029024  0.25935    
      131400  -1.68174522         1249802.        0.000000       -41.69982     -1.56194526253E+07  2.91410762264E+04 -5.35994364241E+02   20.9647434          1028732  0.25517    
      131500  -1.68111522         1249866.        0.000000       -41.92189     -1.56150542695E+07  2.91328704330E+04 -5.35994360918E+02   20.9632122          1028889  0.25960    
      131600  -1.68084138         1250269.        0.000000       -43.01845     -1.56114480250E+07  2.91261419708E+04 -5.35994366871E+02   20.9573025          1029391  0.25579    
      131700  -1.68089515         1249909.        0.000000       -43.20513     -1.56081922074E+07  2.91200673809E+04 -5.35994371278E+02   20.9576777          1029025  0.26169    
      131800  -1.67998511         1249184.        0.000000       -43.27755     -1.56102872785E+07  2.91239758018E+04 -5.35994377440E+02   20.9613430          1028198  0.26159    
      131900  -1.67617781         1248669.        0.000000       -43.33785     -1.56026915153E+07  2.91098041232E+04 -5.35994383518E+02   20.9560079          1027901  0.25286    
      132000  -1.67632792         1248839.        0.000000       -42.79037     -1.56005408310E+07  2.91057920233E+04 -5.35994375913E+02   20.9542580          1028058  0.25733    
      132100  -1.67637769         1248731.        0.000000       -41.63034     -1.55963736918E+07  2.90980169582E+04 -5.35994384572E+02   20.9503568          1027934  0.25112    
      132200  -1.67877787         1249144.        0.000000       -41.90346     -1.56003226645E+07  2.91053843104E+04 -5.35994388466E+02   20.9538020          1028119  0.26325    
      132300  -1.67753094         1248534.        0.000000       -43.99180     -1.55923133472E+07  2.90904411722E+04 -5.35994392623E+02   20.9525063          1027691  0.25709    
      132400  -1.67767208         1249261.        0.000000       -44.77140     -1.55934147607E+07  2.90924955846E+04 -5.35994401559E+02   20.9477082          1028489  0.25576    
      132500  -1.67936425         1249461.        0.000000       -44.95248     -1.55935827116E+07  2.90928092710E+04 -5.35994395261E+02   20.9469236          1028597  0.25803    
      132600  -1.67900824         1249216.        0.000000       -44.96814     -1.55953674393E+07  2.90961386825E+04 -5.35994401507E+02   20.9533090          1028573  0.26642    
      132700  -1.67946161         1249799.        0.000000       -46.68329     -1.55915057367E+07  2.90889342381E+04 -5.35994395981E+02   20.9481583          1029225  0.25612    
      132800  -1.68214563         1250517.        0.000000       -46.06356     -1.55909026692E+07  2.90878098297E+04 -5.35994382541E+02   20.9431046          1029997  0.25614    
      132900  -1.68297929         1249685.        0.000000       -44.58642     -1.55911288330E+07  2.90882318244E+04 -5.35994381752E+02   20.9503132          1029323  0.25350    
      133000  -1.67964214         1249355.        0.000000       -44.20887     -1.55790809539E+07  2.90657542743E+04 -5.35994380427E+02   20.9437641          1029468  0.26048    
      133100  -1.68033695         1249700.        0.000000       -44.72071     -1.55749408372E+07  2.90580301055E+04 -5.35994380232E+02   20.9355594          1029936  0.25727    
      133200  -1.67947549         1249357.        0.000000       -46.63979     -1.55754867639E+07  2.90590488410E+04 -5.35994376453E+02   20.9354769          1029388  0.25862    
      133300  -1.68085940         1250506.        0.000000       -46.25599     -1.55820124716E+07  2.90712233091E+04 -5.35994385441E+02   20.9295730          1030257  0.25513    
      133400  -1.68458224         1250673.        0.000000       -45.37086     -1.55920108468E+07  2.90898776738E+04 -5.35994376520E+02   20.9440643          1030321  0.25508    
      133500  -1.68314586         1249984.        0.000000       -43.52456     -1.55815365756E+07  2.90703365107E+04 -5.35994365592E+02   20.9465056          1030108  0.26160    
      133600  -1.68094042         1249616.        0.000000       -43.65706     -1.55738596428E+07  2.90560133681E+04 -5.35994372163E+02   20.9405175          1029948  0.25386    
      133700  -1.67568869         1247803.        0.000000       -43.57362     -1.55654344773E+07  2.90402943233E+04 -5.35994377469E+02   20.9419931          1028260  0.25245    
      133800  -1.67399188         1247951.        0.000000       -42.46914     -1.55611726261E+07  2.90323427850E+04 -5.35994381898E+02   20.9341324          1028236  0.25399    
      133900  -1.67271074         1248008.        0.000000       -42.05053     -1.55595554429E+07  2.90293256259E+04 -5.35994381799E+02   20.9286201          1028115  0.25777    
      134000  -1.67268776         1247993.        0.000000       -42.25883     -1.55644031045E+07  2.90383703171E+04 -5.35994373462E+02   20.9321216          1027794  0.25870    
      134100  -1.67182612         1247734.        0.000000       -41.28472     -1.55688903476E+07  2.90467416833E+04 -5.35994381653E+02   20.9337658          1027320  0.25771    
      134200  -1.67238479         1248090.        0.000000       -42.33807     -1.55787891591E+07  2.90652100284E+04 -5.35994377603E+02   20.9394131          1027563  0.25136    
      134300  -1.67558641         1249111.        0.000000       -42.87422     -1.55882155852E+07  2.90827969184E+04 -5.35994375952E+02   20.9412258          1028233  0.25855    
      134400  -1.68033571         1249918.        0.000000       -44.14432     -1.56005039320E+07  2.91057228916E+04 -5.35994381245E+02   20.9474830          1029088  0.25657    
      134500  -1.67928979         1248694.        0.000000       -43.40917     -1.56050476157E+07  2.91141994975E+04 -5.35994390540E+02   20.9577228          1027850  0.25484    
      134600  -1.67680923         1248685.        0.000000       -42.14050     -1.56115209630E+07  2.91262764534E+04 -5.35994396262E+02   20.9622374          1027655  0.25782    
      134700  -1.67874562         1249989.        0.000000       -42.76447     -1.56150247323E+07  2.91328132579E+04 -5.35994398966E+02   20.9580407          1028748  0.25408    
      134800  -1.68103540         1250249.        0.000000       -43.46556     -1.56223668140E+07  2.91465117028E+04 -5.35994391827E+02   20.9568016          1028723  0.25299    
      134900  -1.68337797         1250834.        0.000000       -43.21615     -1.56272853727E+07  2.91556881165E+04 -5.35994393625E+02   20.9669438          1029608  0.25382    
      135000  -1.68284999         1249524.        0.000000       -43.41148     -1.56156188184E+07  2.91339223039E+04 -5.35994386733E+02   20.9694446          1028734  0.26621    
      135100  -1.67900503         1249097.        0.000000       -45.17602     -1.56059681378E+07  2.91159170677E+04 -5.35994387589E+02   20.9572280          1028244  0.26351    
      135200  -1.67737576         1249149.        0.000000       -46.19538     -1.56015897566E+07  2.91077486664E+04 -5.35994381955E+02   20.9556971          1028445  0.26191    
      135300  -1.67842737         1249414.        0.000000       -44.50117     -1.55980769899E+07  2.91011949533E+04 -5.35994381500E+02   20.9526237          1028836  0.25710    
      135400  -1.68012980         1249458.        0.000000       -43.60805     -1.55966815020E+07  2.90985914316E+04 -5.35994380988E+02   20.9535162          1028938  0.26159    
      135500  -1.67870783         1249841.        0.000000       -43.45944     -1.55955200535E+07  2.90964248523E+04 -5.35994375004E+02   20.9467977          1029212  0.26111    
      135600  -1.67904179         1249516.        0.000000       -44.10081     -1.55993289512E+07  2.91035311893E+04 -5.35994372976E+02   20.9527846          1028794  0.25261    
      135700  -1.68063732         1249553.        0.000000       -44.39416     -1.56037587539E+07  2.91117956176E+04 -5.35994376949E+02   20.9505164          1028723  0.25525    
      135800  -1.67906043         1249173.        0.000000       -43.97526     -1.56076880525E+07  2.91191264259E+04 -5.35994377862E+02   20.9579364          1028485  0.25945    
      135900  -1.67890419         1249579.        0.000000       -42.82617     -1.56055272773E+07  2.91150952183E+04 -5.35994375438E+02   20.9531306          1028956  0.26192    
      136000  -1.67881219         1249071.        0.000000       -42.08349     -1.56072730607E+07  2.91183522478E+04 -5.35994376601E+02   20.9589590          1028517  0.25789    
      136100  -1.67630078         1248232.        0.000000       -42.60388     -1.55996012838E+07  2.91040391732E+04 -5.35994374905E+02   20.9547763          1027785  0.25566    
      136200  -1.67653613         1248565.        0.000000       -43.32847     -1.56039408621E+07  2.91121365215E+04 -5.35994355844E+02   20.9542292          1027960  0.25972    
      136300  -1.67654909         1248405.        0.000000       -43.27257     -1.56036995168E+07  2.91116857247E+04 -5.35994365439E+02   20.9533108          1027635  0.25456    
      136400  -1.67498851         1248811.        0.000000       -43.37679     -1.55990441132E+07  2.91030000280E+04 -5.35994368214E+02   20.9504467          1028159  0.25750    
      136500  -1.67815508         1249263.        0.000000       -42.76751     -1.56013786812E+07  2.91073558784E+04 -5.35994363293E+02   20.9512761          1028610  0.25567    
      136600  -1.67606167         1248530.        0.000000       -42.81374     -1.56002161450E+07  2.91051871851E+04 -5.35994358866E+02   20.9496419          1027729  0.25673    
      136700  -1.67923418         1249891.        0.000000       -42.36416     -1.56062222000E+07  2.91163924612E+04 -5.35994361964E+02   20.9473140          1028978  0.26091    
      136800  -1.68149047         1249865.        0.000000       -43.91795     -1.56078759427E+07  2.91194781998E+04 -5.35994355242E+02   20.9510842          1029049  0.26057    
      136900  -1.67962255         1249474.        0.000000       -45.15977     -1.56009365274E+07  2.91065314484E+04 -5.35994354225E+02   20.9483532          1028850  0.25709    
      137000  -1.68178865         1250204.        0.000000       -46.01468     -1.56019334878E+07  2.91083916307E+04 -5.35994351243E+02   20.9477323          1029539  0.26221    
      137100  -1.68173981         1249725.        0.000000       -45.87282     -1.55990672931E+07  2.91030436670E+04 -5.35994360990E+02   20.9477084          1029138  0.25430    
      137200  -1.67864449         1248803.        0.000000       -45.56607     -1.55959371425E+07  2.90972032547E+04 -5.35994370524E+02   20.9560126          1028427  0.26293    
      137300  -1.67799393         1249261.        0.000000       -46.28929     -1.55964278968E+07  2.90981191440E+04 -5.35994365118E+02   20.9457395          1028636  0.25294    
      137400  -1.67856983         1249251.        0.000000       -47.22408     -1.56011780183E+07  2.91069811253E+04 -5.35994370257E+02   20.9474620          1028569  0.25957    
      137500  -1.67826353         1249050.        0.000000       -45.64228     -1.55978192263E+07  2.91007144692E+04 -5.35994373706E+02   20.9524683          1028590  0.25927    
      137600  -1.67945370         1249614.        0.000000       -46.26141     -1.55965048682E+07  2.90982617414E+04 -5.35994383678E+02   20.9433707          1029077  0.25759    
      137700  -1.68003282         1248964.        0.000000       -47.38992     -1.56050368212E+07  2.91141800362E+04 -5.35994378060E+02   20.9528277          1028311  0.25689    
      137800  -1.67654976         1248738.        0.000000       -47.20547     -1.56000600416E+07  2.91048950819E+04 -5.35994374750E+02   20.9509294          1028139  0.25330    
      137900  -1.67692519         1248453.        0.000000       -46.11981     -1.56004680728E+07  2.91056562077E+04 -5.35994377224E+02   20.9462069          1027620  0.25285    
      138000  -1.67812327         1249298.        0.000000       -45.61287     -1.56070425798E+07  2.91179223051E+04 -5.35994375432E+02   20.9504727          1028425  0.25559    
      138100  -1.67903893         1249083.        0.000000       -44.50311     -1.56064426044E+07  2.91168032589E+04 -5.35994369494E+02   20.9565445          1028454  0.25642    
      138200  -1.67903271         1249482.        0.000000       -44.65137     -1.56020343455E+07  2.91085792917E+04 -5.35994360603E+02   20.9503708          1028999  0.25814    
      138300  -1.67908040         1248938.        0.000000       -44.94511     -1.56044736938E+07  2.91131303382E+04 -5.35994361052E+02   20.9545223          1028326  0.25346    
      138400  -1.67649148         1248976.        0.000000       -44.19170     -1.56028426765E+07  2.91100870811E+04 -5.35994366248E+02   20.9545674          1028298  0.25316    
      138500  -1.67951676         1249615.        0.000000       -43.02480     -1.56026473035E+07  2.91097222081E+04 -5.35994373015E+02   20.9455653          1028612  0.25209    
      138600  -1.67706963         1247978.        0.000000       -42.45974     -1.56063507745E+07  2.91166312832E+04 -5.35994381449E+02   20.9610122          1027232  0.25797    
      138700  -1.67304119         1248261.        0.000000       -42.63830     -1.56011896491E+07  2.91070021276E+04 -5.35994383094E+02   20.9520333          1027469  0.26193    
      138800  -1.67450656         1248563.        0.000000       -42.01571     -1.56034925482E+07  2.91112988743E+04 -5.35994378525E+02   20.9542880          1027618  0.26163    
      138900  -1.67592659         1248629.        0.000000       -43.00488     -1.56101678477E+07  2.91237533364E+04 -5.35994370897E+02   20.9586366          1027573  0.25727    
      139000  -1.67820385         1250205.        0.000000       -45.12482     -1.56153050998E+07  2.91333386129E+04 -5.35994357093E+02   20.9533988          1028907  0.25667    
      139100  -1.68184820         1250218.        0.000000       -44.41299     -1.56228322264E+07  2.91473824153E+04 -5.35994347751E+02   20.9644993          1029027  0.25835    
      139200  -1.68254633         1250381.        0.000000       -44.59766     -1.56161457324E+07  2.91349074250E+04 -5.35994348793E+02   20.9638666          1029399  0.25551    
      139300  -1.68131203         1249807.        0.000000       -44.63133     -1.56037641950E+07  2.91118070232E+04 -5.35994353856E+02   20.9544495          1029166  0.25588    
      139400  -1.67879844         1248812.        0.000000       -45.01158     -1.55965336643E+07  2.90983165960E+04 -5.35994362863E+02   20.9545774          1028322  0.25079    
      139500  -1.67643323         1249007.        0.000000       -45.02236     -1.55895377409E+07  2.90852642350E+04 -5.35994365218E+02   20.9491630          1028683  0.25745    
      139600  -1.67743804         1249018.        0.000000       -44.46848     -1.55891437043E+07  2.90845296357E+04 -5.35994355060E+02   20.9470419          1028533  0.25720    
      139700  -1.67776405         1248898.        0.000000       -43.77868     -1.55862302401E+07  2.90790938695E+04 -5.35994357665E+02   20.9457710          1028534  0.25679    
      139800  -1.67946683         1249955.        0.000000       -45.11082     -1.55910985040E+07  2.90881760666E+04 -5.35994366520E+02   20.9404341          1029514  0.25279    
      139900  -1.68205999         1249903.        0.000000       -44.01936     -1.55985830359E+07  2.91021391999E+04 -5.35994379271E+02   20.9498893          1029323  0.25645    
      140000  -1.68011955         1249273.        0.000000       -45.35968     -1.56003920342E+07  2.91055141497E+04 -5.35994380787E+02   20.9555393          1028827  0.26174    
      140100  -1.67933220         1249202.        0.000000       -46.28858     -1.55966021556E+07  2.90984436378E+04 -5.35994376530E+02   20.9464924          1028506  0.25167    
      140200  -1.67725444         1249583.        0.000000       -46.00581     -1.55973545322E+07  2.90998476281E+04 -5.35994371226E+02   20.9507113          1028872  0.25937    
      140300  -1.67800345         1249005.        0.000000       -44.37327     -1.55927593396E+07  2.90912743630E+04 -5.35994372230E+02   20.9529488          1028371  0.25834    
      140400  -1.67752191         1249383.        0.000000       -43.39133     -1.55977346269E+07  2.91005559661E+04 -5.35994385985E+02   20.9515440          1028512  0.25259    
      140500  -1.67864365         1249483.        0.000000       -43.17068     -1.55983388245E+07  2.91016838605E+04 -5.35994374047E+02   20.9538665          1028695  0.25892    
      140600  -1.68069733         1249482.        0.000000       -41.97120     -1.55989625282E+07  2.91028471510E+04 -5.35994380456E+02   20.9566811          1028655  0.25768    
      140700  -1.67862965         1249051.        0.000000       -42.44886     -1.55945725892E+07  2.90946570027E+04 -5.35994378205E+02   20.9543062          1028230  0.25560    
      140800  -1.67713113         1248342.        0.000000       -42.23444     -1.55897008388E+07  2.90855675570E+04 -5.35994383064E+02   20.9519722          1027754  0.25360    
      140900  -1.67307244         1246941.        0.000000       -42.90771     -1.55862720601E+07  2.90791709444E+04 -5.35994375146E+02   20.9553028          1026587  0.26495    
      141000  -1.66925698         1247145.        0.000000       -43.38703     -1.55823115292E+07  2.90717822719E+04 -5.35994366751E+02   20.9477944          1026728  0.25717    
      141100  -1.67205025         1248461.        0.000000       -44.44720     -1.55915331791E+07  2.90889872418E+04 -5.35994362729E+02   20.9418350          1027607  0.25385    
      141200  -1.67651451         1249048.        0.000000       -44.21862     -1.56052800126E+07  2.91146345763E+04 -5.35994362962E+02   20.9497918          1027861  0.25442    
      141300  -1.67966059         1249507.        0.000000       -44.58049     -1.56096699611E+07  2.91228246010E+04 -5.35994367819E+02   20.9530584          1028460  0.26148    
      141400  -1.67735499         1248469.        0.000000       -44.94021     -1.56113708595E+07  2.91259980890E+04 -5.35994365303E+02   20.9610275          1027640  0.25690    
      141500  -1.67703230         1249134.        0.000000       -45.49874     -1.56114416983E+07  2.91261301756E+04 -5.35994366715E+02   20.9525579          1028373  0.25855    
      141600  -1.67661937         1248524.        0.000000       -44.26855     -1.56181489458E+07  2.91386435742E+04 -5.35994371394E+02   20.9585023          1027588  0.25773    
      141700  -1.67443192         1248357.        0.000000       -44.41059     -1.56209293606E+07  2.91438310965E+04 -5.35994369062E+02   20.9622458          1027334  0.25303    
      141800  -1.67628679         1248971.        0.000000       -44.38337     -1.56234830002E+07  2.91485951091E+04 -5.35994374402E+02   20.9553586          1027696  0.25441    
      141900  -1.67921278         1249668.        0.000000       -44.10742     -1.56302924845E+07  2.91612987476E+04 -5.35994388308E+02   20.9593428          1028344  0.25587    
      142000  -1.67858957         1248733.        0.000000       -43.37773     -1.56330402420E+07  2.91664250202E+04 -5.35994391880E+02   20.9699132          1027575  0.25946    
      142100  -1.67417416         1247634.        0.000000       -43.02785     -1.56339397242E+07  2.91681029868E+04 -5.35994395359E+02   20.9711143          1026352  0.25402    
      142200  -1.67154836         1246920.        0.000000       -43.71264     -1.56353615211E+07  2.91707553807E+04 -5.35994399771E+02   20.9781081          1025582  0.25411    
      142300  -1.67100124         1247692.        0.000000       -41.73026     -1.56330519130E+07  2.91664466932E+04 -5.35994393746E+02   20.9683366          1025996  0.26958    
      142400  -1.67409320         1248499.        0.000000       -43.07996     -1.56454218049E+07  2.91895250162E+04 -5.35994395122E+02   20.9688958          1026438  0.25630    
      142500  -1.67874373         1249855.        0.000000       -42.74223     -1.56551701639E+07  2.92077116203E+04 -5.35994410221E+02   20.9722416          1027521  0.25709    
      142600  -1.67997518         1249698.        0.000000       -43.43042     -1.56605877751E+07  2.92178194616E+04 -5.35994405594E+02   20.9781805          1027370  0.25237    
      142700  -1.68110267         1249750.        0.000000       -42.71615     -1.56619362444E+07  2.92203350686E+04 -5.35994409635E+02   20.9830156          1027579  0.25480    
      142800  -1.68044869         1249464.        0.000000       -43.91819     -1.56572009035E+07  2.92114994580E+04 -5.35994426646E+02   20.9825423          1027439  0.26162    
      142900  -1.67817329         1248773.        0.000000       -45.05865     -1.56535823176E+07  2.92047488125E+04 -5.35994417145E+02   20.9825848          1027038  0.25735    
      143000  -1.67750368         1248823.        0.000000       -44.91719     -1.56526477611E+07  2.92030064088E+04 -5.35994395304E+02   20.9839145          1027070  0.26426    
      143100  -1.67631124         1248186.        0.000000       -44.14432     -1.56466159145E+07  2.91917539329E+04 -5.35994375345E+02   20.9845069          1026773  0.26225    
      143200  -1.67357835         1248295.        0.000000       -43.42955     -1.56356917287E+07  2.91713727892E+04 -5.35994375093E+02   20.9750677          1026783  0.25589    
      143300  -1.67479365         1248517.        0.000000       -43.50301     -1.56363380485E+07  2.91725782385E+04 -5.35994382142E+02   20.9708346          1026858  0.25573    
      143400  -1.67410517         1247951.        0.000000       -44.67036     -1.56382544179E+07  2.91761534577E+04 -5.35994384611E+02   20.9800099          1026273  0.25440    
      143500  -1.67502961         1248344.        0.000000       -44.12071     -1.56371575165E+07  2.91741069285E+04 -5.35994385529E+02   20.9746387          1026595  0.25749    
      143600  -1.67656781         1248592.        0.000000       -44.99087     -1.56467905994E+07  2.91920789364E+04 -5.35994391954E+02   20.9778564          1026507  0.25766    
      143700  -1.67349952         1247412.        0.000000       -46.40720     -1.56464989051E+07  2.91915348564E+04 -5.35994389540E+02   20.9881570          1025486  0.25464    
      143800  -1.67415585         1248329.        0.000000       -45.40348     -1.56486179799E+07  2.91954891085E+04 -5.35994376452E+02   20.9808994          1026213  0.25683    
      143900  -1.67438426         1248039.        0.000000       -47.35220     -1.56534208594E+07  2.92044498765E+04 -5.35994375020E+02   20.9811011          1025625  0.25287    
      144000  -1.67467400         1248332.        0.000000       -47.39005     -1.56617861649E+07  2.92200568149E+04 -5.35994377564E+02   20.9888238          1025966  0.25638    
      144100  -1.67705186         1249201.        0.000000       -46.84655     -1.56644304268E+07  2.92249905073E+04 -5.35994371765E+02   20.9901773          1026607  0.25305    
      144200  -1.67985011         1249664.        0.000000       -46.09889     -1.56658670147E+07  2.92276703047E+04 -5.35994379689E+02   20.9851993          1026876  0.26063    
      144300  -1.68081786         1250115.        0.000000       -46.15739     -1.56687640261E+07  2.92330748595E+04 -5.35994386544E+02   20.9869002          1027330  0.25779    
      144400  -1.68389046         1251234.        0.000000       -45.84142     -1.56716812523E+07  2.92385174963E+04 -5.35994386661E+02   20.9843857          1028292  0.25716    
      144500  -1.68400171         1250400.        0.000000       -45.66277     -1.56670713641E+07  2.92299170063E+04 -5.35994384134E+02   20.9886455          1027777  0.25648    
      144600  -1.68325377         1250288.        0.000000       -45.66503     -1.56611106597E+07  2.92187962347E+04 -5.35994382997E+02   20.9877263          1028022  0.25463    
      144700  -1.68096827         1249197.        0.000000       -43.88985     -1.56583196667E+07  2.92135885629E+04 -5.35994392915E+02   20.9900273          1027082  0.25488    
      144800  -1.67853606         1248787.        0.000000       -44.28551     -1.56536244796E+07  2.92048286118E+04 -5.35994396259E+02   20.9861871          1026716  0.25622    
      144900  -1.67803013         1249094.        0.000000       -45.86300     -1.56524814791E+07  2.92026962148E+04 -5.35994394626E+02   20.9811729          1027141  0.25737    
      145000  -1.67574901         1248051.        0.000000       -45.07321     -1.56497370885E+07  2.91975766981E+04 -5.35994382353E+02   20.9829179          1026313  0.25467    
      145100  -1.67675545         1249550.        0.000000       -43.93115     -1.56547811089E+07  2.92069874563E+04 -5.35994379164E+02   20.9702442          1027319  0.25434    
      145200  -1.68266490         1250353.        0.000000       -44.44544     -1.56690583064E+07  2.92336240316E+04 -5.35994384051E+02   20.9823199          1028008  0.25772    
      145300  -1.68202353         1249714.        0.000000       -44.91285     -1.56713846116E+07  2.92379644744E+04 -5.35994378998E+02   20.9901005          1027433  0.25782    
      145400  -1.67910356         1249164.        0.000000       -45.70726     -1.56628932846E+07  2.92221221341E+04 -5.35994381679E+02   20.9904952          1027219  0.25815    
      145500  -1.67772646         1249235.        0.000000       -47.69097     -1.56559056841E+07  2.92090856712E+04 -5.35994377239E+02   20.9801467          1027222  0.26012    
      145600  -1.67970168         1249256.        0.000000       -47.41035     -1.56581530457E+07  2.92132786556E+04 -5.35994375375E+02   20.9797818          1027153  0.25811    
      145700  -1.67825798         1248986.        0.000000       -48.37259     -1.56544919694E+07  2.92064480117E+04 -5.35994379158E+02   20.9816153          1026964  0.25356    
      145800  -1.67695961         1248374.        0.000000       -47.26294     -1.56504394010E+07  2.91988862196E+04 -5.35994396612E+02   20.9807315          1026642  0.25996    
      145900  -1.67584882         1248360.        0.000000       -47.78174     -1.56544201371E+07  2.92063129045E+04 -5.35994399167E+02   20.9786699          1026673  0.25829    
      146000  -1.67554123         1248467.        0.000000       -47.44356     -1.56614445540E+07  2.92194184735E+04 -5.35994395927E+02   20.9838591          1026427  0.25343    
      146100  -1.67530295         1248496.        0.000000       -46.91786     -1.56636092905E+07  2.92234568775E+04 -5.35994401898E+02   20.9830350          1026160  0.25424    
      146200  -1.67740904         1249146.        0.000000       -47.00297     -1.56725808723E+07  2.92401941695E+04 -5.35994418554E+02   20.9854968          1026643  0.25705    
      146300  -1.68145875         1250056.        0.000000       -46.31949     -1.56816914499E+07  2.92571914489E+04 -5.35994423021E+02   20.9881543          1027464  0.25466    
      146400  -1.67863209         1248719.        0.000000       -46.64899     -1.56816904662E+07  2.92571894873E+04 -5.35994425336E+02   20.9985731          1026307  0.25495    
      146500  -1.67594588         1248655.        0.000000       -45.86764     -1.56794632302E+07  2.92530344065E+04 -5.35994420692E+02   20.9976720          1026190  0.25361    
      146600  -1.67849519         1249812.        0.000000       -45.72220     -1.56831748346E+07  2.92599592159E+04 -5.35994418818E+02   20.9955439          1027131  0.25588    
      146700  -1.68150742         1250021.        0.000000       -46.02818     -1.56909038291E+07  2.92743800463E+04 -5.35994402076E+02   20.9997015          1027240  0.25387    
      146800  -1.68247239         1250458.        0.000000       -46.48044     -1.56883725131E+07  2.92696581308E+04 -5.35994388558E+02   21.0004658          1027817  0.25281    
      146900  -1.68389729         1250775.        0.000000       -47.09796     -1.56877779006E+07  2.92685491220E+04 -5.35994382065E+02   20.9950750          1028068  0.26076    
      147000  -1.68350575         1250389.        0.000000       -47.01040     -1.56840363095E+07  2.92615686667E+04 -5.35994378434E+02   21.0001208          1027973  0.25737    
      147100  -1.68276429         1249821.        0.000000       -47.64667     -1.56772545863E+07  2.92489162258E+04 -5.35994375491E+02   20.9977369          1027536  0.25803    
      147200  -1.68075463         1249278.        0.000000       -47.80536     -1.56693772789E+07  2.92342196904E+04 -5.35994373884E+02   21.0008579          1027400  0.25365    
      147300  -1.67848237         1249372.        0.000000       -47.22942     -1.56566810438E+07  2.92105326922E+04 -5.35994369180E+02   20.9870270          1027487  0.25439    
      147400  -1.67989559         1249575.        0.000000       -46.64674     -1.56588450767E+07  2.92145703858E+04 -5.35994364109E+02   20.9789429          1027509  0.25078    
      147500  -1.67713299         1248306.        0.000000       -46.29764     -1.56634086633E+07  2.92230846220E+04 -5.35994364246E+02   20.9878975          1026337  0.25779    
      147600  -1.67348806         1247562.        0.000000       -44.95267     -1.56617586901E+07  2.92200061568E+04 -5.35994366534E+02   20.9920186          1025536  0.25432    
      147700  -1.67502542         1248966.        0.000000       -45.16805     -1.56584515767E+07  2.92138357810E+04 -5.35994372462E+02   20.9797457          1026616  0.25389    
      147800  -1.67947586         1250000.        0.000000       -46.14018     -1.56667569741E+07  2.92293314017E+04 -5.35994366714E+02   20.9849544          1027682  0.25789    
      147900  -1.67914579         1249144.        0.000000       -47.20627     -1.56656558103E+07  2.92272772929E+04 -5.35994360793E+02   20.9906039          1026909  0.25920    
      148000  -1.67895085         1249472.        0.000000       -46.52897     -1.56613359730E+07  2.92192178785E+04 -5.35994359539E+02   20.9853864          1027320  0.25397    
      148100  -1.67944765         1249493.        0.000000       -45.94816     -1.56630143926E+07  2.92223502554E+04 -5.35994341856E+02   20.9893066          1027329  0.25095    
      148200  -1.68149945         1250334.        0.000000       -45.99763     -1.56651243163E+07  2.92262876352E+04 -5.35994325104E+02   20.9799382          1028050  0.25748    
      148300  -1.68412253         1250533.        0.000000       -46.56281     -1.56733453689E+07  2.92416254740E+04 -5.35994327088E+02   20.9929196          1028265  0.25680    
      148400  -1.68076205         1249850.        0.000000       -46.05926     -1.56592735400E+07  2.92153713451E+04 -5.35994335141E+02   20.9838371          1028053  0.25746    
      148500  -1.68070763         1249790.        0.000000       -44.83721     -1.56565817742E+07  2.92103487847E+04 -5.35994345346E+02   20.9837340          1027964  0.26112    
      148600  -1.67901164         1248754.        0.000000       -46.96444     -1.56483525726E+07  2.91949954210E+04 -5.35994349271E+02   20.9832826          1027241  0.25618    
      148700  -1.67887197         1249904.        0.000000       -46.17010     -1.56462312807E+07  2.91910377539E+04 -5.35994349109E+02   20.9713036          1028220  0.25872    
      148800  -1.68111022         1250094.        0.000000       -46.24176     -1.56488128558E+07  2.91958535863E+04 -5.35994359937E+02   20.9778301          1028461  0.25247    
      148900  -1.68178724         1250209.        0.000000       -45.25574     -1.56466503637E+07  2.91918192253E+04 -5.35994356600E+02   20.9764934          1028567  0.25654    
      149000  -1.68093249         1249369.        0.000000       -45.59038     -1.56347737324E+07  2.91696612561E+04 -5.35994353693E+02   20.9767371          1028209  0.26034    
      149100  -1.67652644         1248140.        0.000000       -46.18751     -1.56227501878E+07  2.91472292556E+04 -5.35994349611E+02   20.9699860          1027016  0.25889    
      149200  -1.67439738         1248411.        0.000000       -44.95549     -1.56223273402E+07  2.91464396869E+04 -5.35994361850E+02   20.9645963          1027299  0.25830    
      149300  -1.67352397         1247810.        0.000000       -46.36523     -1.56229509498E+07  2.91476027189E+04 -5.35994369776E+02   20.9669568          1026587  0.25985    
      149400  -1.67538862         1249541.        0.000000       -45.66844     -1.56303340489E+07  2.91613772174E+04 -5.35994371333E+02   20.9587945          1027796  0.26312    
      149500  -1.67914403         1250012.        0.000000       -46.53665     -1.56470790919E+07  2.91926181969E+04 -5.35994373179E+02   20.9685983          1027890  0.25845    
      149600  -1.67981923         1249075.        0.000000       -46.85295     -1.56480738821E+07  2.91944742914E+04 -5.35994370919E+02   20.9793607          1027215  0.25028    
      149700  -1.67493391         1247849.        0.000000       -45.21438     -1.56412277839E+07  2.91817026051E+04 -5.35994352199E+02   20.9824994          1026178  0.25880    
      149800  -1.67302946         1247572.        0.000000       -44.55027     -1.56397735783E+07  2.91789893916E+04 -5.35994354307E+02   20.9793984          1025759  0.25665    
      149900  -1.67208736         1247826.        0.000000       -43.84642     -1.56422707872E+07  2.91836488888E+04 -5.35994345561E+02   20.9748156          1025856  0.25436    
      150000  -1.67475727         1249247.        0.000000       -44.30356     -1.56471427547E+07  2.91927377807E+04 -5.35994358332E+02   20.9701575          1026943  0.25493    
      150100  -1.67903264         1249712.        0.000000       -43.91194     -1.56550915533E+07  2.92075679628E+04 -5.35994355069E+02   20.9749015          1027325  0.25633    
      150200  -1.67970900         1249462.        0.000000       -44.46801     -1.56578213935E+07  2.92126609630E+04 -5.35994355781E+02   20.9853314          1027211  0.25267    
      150300  -1.67750575         1248691.        0.000000       -43.90973     -1.56531373587E+07  2.92039223101E+04 -5.35994350092E+02   20.9832932          1026516  0.25652    
      150400  -1.67587136         1248435.        0.000000       -44.46677     -1.56572874373E+07  2.92116650606E+04 -5.35994350367E+02   20.9856269          1026126  0.25211    
      150500  -1.67518340         1248287.        0.000000       -46.21509     -1.56592469334E+07  2.92153212058E+04 -5.35994344305E+02   20.9883295          1026024  0.25310    
      150600  -1.67473921         1248317.        0.000000       -46.21284     -1.56647102870E+07  2.92255141121E+04 -5.35994344766E+02   20.9893001          1025911  0.25939    
      150700  -1.67596369         1249101.        0.000000       -45.70266     -1.56684199221E+07  2.92324347611E+04 -5.35994351829E+02   20.9873371          1026502  0.26051    
      150800  -1.67884044         1249090.        0.000000       -46.72822     -1.56727616218E+07  2.92405349418E+04 -5.35994353489E+02   20.9864076          1026637  0.25109    
      150900  -1.67889536         1249224.        0.000000       -45.98122     -1.56813989016E+07  2.92566493335E+04 -5.35994355433E+02   20.9938819          1026667  0.25073    
      151000  -1.68041006         1249818.        0.000000       -45.68260     -1.56810408737E+07  2.92559816593E+04 -5.35994350020E+02   20.9917617          1027470  0.25700    
      151100  -1.67901694         1249256.        0.000000       -46.00590     -1.56833646607E+07  2.92603175609E+04 -5.35994342101E+02   20.9930730          1026725  0.26199    
      151200  -1.67858539         1249055.        0.000000       -45.90776     -1.56872292982E+07  2.92675278070E+04 -5.35994341636E+02   21.0015773          1026579  0.25763    
      151300  -1.68026883         1249853.        0.000000       -44.04025     -1.56828409816E+07  2.92593404946E+04 -5.35994342884E+02   20.9958741          1027346  0.26539    
      151400  -1.67833374         1249065.        0.000000       -43.34181     -1.56758740524E+07  2.92463423486E+04 -5.35994343006E+02   20.9956531          1026851  0.26038    
      151500  -1.67725655         1248869.        0.000000       -44.47514     -1.56762129843E+07  2.92469741839E+04 -5.35994352294E+02   20.9927130          1026487  0.25966    
      151600  -1.67752827         1249397.        0.000000       -44.98011     -1.56761416865E+07  2.92468408210E+04 -5.35994358587E+02   20.9913578          1027077  0.25706    
      151700  -1.68069469         1250568.        0.000000       -44.36867     -1.56783751021E+07  2.92510076351E+04 -5.35994359499E+02   20.9868580          1028091  0.25090    
      151800  -1.68312685         1250693.        0.000000       -43.49314     -1.56719173361E+07  2.92389596757E+04 -5.35994355132E+02   20.9851563          1028426  0.26058    
      151900  -1.68566252         1251561.        0.000000       -43.23506     -1.56717890925E+07  2.92387202492E+04 -5.35994358130E+02   20.9816683          1029389  0.25654    
      152000  -1.68622602         1251192.        0.000000       -43.41418     -1.56684208481E+07  2.92324359813E+04 -5.35994361129E+02   20.9889805          1029467  0.25660    
      152100  -1.68436201         1249859.        0.000000       -42.48715     -1.56573212705E+07  2.92117275533E+04 -5.35994361920E+02   20.9858179          1028192  0.25612    
      152200  -1.67785278         1248377.        0.000000       -42.30398     -1.56510312606E+07  2.91999920569E+04 -5.35994367059E+02   20.9846770          1026874  0.25519    
      152300  -1.67728659         1249320.        0.000000       -42.49014     -1.56506202017E+07  2.91992256088E+04 -5.35994358595E+02   20.9762059          1027742  0.24823    
      152400  -1.68013365         1249517.        0.000000       -41.66416     -1.56580603073E+07  2.92131065210E+04 -5.35994359110E+02   20.9780997          1027764  0.26191    
      152500  -1.68178091         1250035.        0.000000       -43.14310     -1.56630842538E+07  2.92224803500E+04 -5.35994346348E+02   20.9815043          1028159  0.25741    
      152600  -1.68339518         1250180.        0.000000       -44.24138     -1.56600890972E+07  2.92168924962E+04 -5.35994342972E+02   20.9828019          1028457  0.25392    
      152700  -1.67923849         1248759.        0.000000       -43.90307     -1.56447494690E+07  2.91882726927E+04 -5.35994357520E+02   20.9812615          1027383  0.25392    
      152800  -1.67635526         1248390.        0.000000       -44.48875     -1.56322195989E+07  2.91648954930E+04 -5.35994363590E+02   20.9692675          1026971  0.25073    
      152900  -1.67658602         1248954.        0.000000       -45.40473     -1.56367516241E+07  2.91733509399E+04 -5.35994361989E+02   20.9696328          1027321  0.26250    
      153000  -1.68041296         1249972.        0.000000       -44.96791     -1.56406972573E+07  2.91807128116E+04 -5.35994352100E+02   20.9679912          1028142  0.25145    
      153100  -1.68307648         1250154.        0.000000       -43.85165     -1.56450571318E+07  2.91888471120E+04 -5.35994349888E+02   20.9761174          1028550  0.25529    
      153200  -1.67788856         1248455.        0.000000       -44.31853     -1.56396877719E+07  2.91788293464E+04 -5.35994353519E+02   20.9790440          1027029  0.25450    
      153300  -1.67537670         1248927.        0.000000       -46.76676     -1.56386744945E+07  2.91769395258E+04 -5.35994341719E+02   20.9732907          1027390  0.25801    
      153400  -1.67920780         1249938.        0.000000       -46.11409     -1.56419392146E+07  2.91830303679E+04 -5.35994343885E+02   20.9707399          1028115  0.26203    
      153500  -1.68073288         1249521.        0.000000       -45.11221     -1.56423620495E+07  2.91838193695E+04 -5.35994341641E+02   20.9737174          1027726  0.25743    
      153600  -1.68128975         1249809.        0.000000       -44.78580     -1.56417962529E+07  2.91827641418E+04 -5.35994334768E+02   20.9800446          1028287  0.25386    
      153700  -1.67747721         1248441.        0.000000       -44.73993     -1.56323511260E+07  2.91651422412E+04 -5.35994338608E+02   20.9787032          1027139  0.25355    
      153800  -1.67515864         1248211.        0.000000       -44.78709     -1.56237503425E+07  2.91490956183E+04 -5.35994342571E+02   20.9710478          1027074  0.25804    
      153900  -1.67453131         1248234.        0.000000       -44.47657     -1.56210370902E+07  2.91440339127E+04 -5.35994335477E+02   20.9705433          1026836  0.26123    
      154000  -1.67795870         1249234.        0.000000       -43.48266     -1.56314721623E+07  2.91635018682E+04 -5.35994347763E+02   20.9667801          1027359  0.25468    
      154100  -1.67973374         1249366.        0.000000       -42.54806     -1.56441692355E+07  2.91871905359E+04 -5.35994350546E+02   20.9796142          1027561  0.26579    
      154200  -1.67803933         1249204.        0.000000       -44.69707     -1.56388120009E+07  2.91771957944E+04 -5.35994346787E+02   20.9805540          1027681  0.25547    
      154300  -1.68129536         1250285.        0.000000       -43.61208     -1.56368081160E+07  2.91734567347E+04 -5.35994354670E+02   20.9717410          1028583  0.25782    
      154400  -1.68220384         1249585.        0.000000       -44.11264     -1.56317894524E+07  2.91640931417E+04 -5.35994360478E+02   20.9779570          1028277  0.25248    
      154500  -1.67582652         1247496.        0.000000       -44.36425     -1.56188783678E+07  2.91400040948E+04 -5.35994377934E+02   20.9772712          1026428  0.26439    
      154600  -1.67265600         1247641.        0.000000       -45.87654     -1.56170439743E+07  2.91365813024E+04 -5.35994384935E+02   20.9676492          1026407  0.26021    
      154700  -1.67362305         1248405.        0.000000       -45.89395     -1.56252235629E+07  2.91518418780E+04 -5.35994385133E+02   20.9703337          1026966  0.25767    
      154800  -1.67546306         1248559.        0.000000       -45.80495     -1.56306969317E+07  2.91620547765E+04 -5.35994361558E+02   20.9723494          1026943  0.25352    
      154900  -1.67638688         1248927.        0.000000       -46.37704     -1.56409024397E+07  2.91810951955E+04 -5.35994359873E+02   20.9761057          1026991  0.25300    
      155000  -1.67811043         1249184.        0.000000       -46.93325     -1.56485124573E+07  2.91952929294E+04 -5.35994363718E+02   20.9776557          1026955  0.26092    
      155100  -1.67942192         1250147.        0.000000       -46.51280     -1.56542728796E+07  2.92060398952E+04 -5.35994367457E+02   20.9869731          1027977  0.25741    
      155200  -1.68200775         1250323.        0.000000       -48.17515     -1.56517577830E+07  2.92013479824E+04 -5.35994358631E+02   20.9807898          1028277  0.25857    
      155300  -1.68015800         1249272.        0.000000       -46.69214     -1.56486241831E+07  2.91955017634E+04 -5.35994356594E+02   20.9892900          1027609  0.25761    
      155400  -1.68095096         1250433.        0.000000       -46.75821     -1.56466919527E+07  2.91918967740E+04 -5.35994357403E+02   20.9782504          1028599  0.25681    
      155500  -1.68526927         1251736.        0.000000       -46.58414     -1.56479027187E+07  2.91941561560E+04 -5.35994348839E+02   20.9733699          1029895  0.26218    
      155600  -1.68530541         1250502.        0.000000       -46.91660     -1.56415350298E+07  2.91822761885E+04 -5.35994345635E+02   20.9777787          1028988  0.25451    
      155700  -1.68331564         1250585.        0.000000       -46.83778     -1.56380960993E+07  2.91758597443E+04 -5.35994354114E+02   20.9753735          1029284  0.25537    
      155800  -1.68349399         1250443.        0.000000       -45.96256     -1.56314351757E+07  2.91634317115E+04 -5.35994368919E+02   20.9711842          1029208  0.25364    
      155900  -1.68277565         1250097.        0.000000       -47.11813     -1.56256578290E+07  2.91526529288E+04 -5.35994369609E+02   20.9688167          1029021  0.25625    
      156000  -1.68235026         1250107.        0.000000       -44.47178     -1.56171452610E+07  2.91367715366E+04 -5.35994361675E+02   20.9683067          1029240  0.25730    
      156100  -1.68178808         1249744.        0.000000       -43.19617     -1.56092640245E+07  2.91220671826E+04 -5.35994369032E+02   20.9628527          1028928  0.25641    
      156200  -1.67935858         1248828.        0.000000       -43.63661     -1.56015795726E+07  2.91077307396E+04 -5.35994362191E+02   20.9610802          1028027  0.25458    
      156300  -1.67584924         1248344.        0.000000       -42.56950     -1.55944507994E+07  2.90944312428E+04 -5.35994351265E+02   20.9553631          1027511  0.25707    
      156400  -1.67474646         1247900.        0.000000       -43.10344     -1.55954722953E+07  2.90963367733E+04 -5.35994356155E+02   20.9565719          1027177  0.25671    
      156500  -1.67325145         1247951.        0.000000       -42.97358     -1.55965684314E+07  2.90983819882E+04 -5.35994353146E+02   20.9531220          1027198  0.25340    
      156600  -1.67436286         1248230.        0.000000       -44.01148     -1.56007864451E+07  2.91062510422E+04 -5.35994361571E+02   20.9560919          1027211  0.26337    
      156700  -1.67353126         1247930.        0.000000       -42.96625     -1.56036179478E+07  2.91115336261E+04 -5.35994363889E+02   20.9562199          1026678  0.25459    
      156800  -1.67378823         1248163.        0.000000       -42.46560     -1.56082579894E+07  2.91201905083E+04 -5.35994363944E+02   20.9606906          1026970  0.25655    
      156900  -1.67488619         1248040.        0.000000       -42.76578     -1.56113866646E+07  2.91260280360E+04 -5.35994356845E+02   20.9604316          1026598  0.25621    
      157000  -1.67536180         1249003.        0.000000       -43.69475     -1.56153763263E+07  2.91334718768E+04 -5.35994350153E+02   20.9591750          1027617  0.25861    
      157100  -1.67833576         1249345.        0.000000       -43.32718     -1.56216962863E+07  2.91452629737E+04 -5.35994350105E+02   20.9600201          1027897  0.25684    
      157200  -1.67669805         1248740.        0.000000       -42.80312     -1.56228334685E+07  2.91473844265E+04 -5.35994353382E+02   20.9706214          1027453  0.25233    
      157300  -1.67627736         1248401.        0.000000       -42.72095     -1.56205744076E+07  2.91431690775E+04 -5.35994365131E+02   20.9717958          1027097  0.25983    
      157400  -1.67807802         1249880.        0.000000       -41.49320     -1.56231419501E+07  2.91479596791E+04 -5.35994358509E+02   20.9651768          1028363  0.26626    
      157500  -1.68338311         1250925.        0.000000       -41.60261     -1.56282831960E+07  2.91575519184E+04 -5.35994353701E+02   20.9675612          1029255  0.25714    
      157600  -1.68432839         1250419.        0.000000       -40.94450     -1.56274526394E+07  2.91560018946E+04 -5.35994362187E+02   20.9712812          1028843  0.25420    
      157700  -1.68165407         1249113.        0.000000       -40.62605     -1.56215954215E+07  2.91450734840E+04 -5.35994374147E+02   20.9751605          1027945  0.25855    
      157800  -1.67638247         1248223.        0.000000       -40.42426     -1.56105312363E+07  2.91244306846E+04 -5.35994382358E+02   20.9726895          1027374  0.25525    
      157900  -1.67710817         1249651.        0.000000       -41.06008     -1.56111628106E+07  2.91256090431E+04 -5.35994381697E+02   20.9580257          1028387  0.25395    
      158000  -1.67948465         1249715.        0.000000       -41.35061     -1.56127270618E+07  2.91285276024E+04 -5.35994378943E+02   20.9621355          1028622  0.25885    
      158100  -1.67990760         1249309.        0.000000       -41.16115     -1.56099689691E+07  2.91233821751E+04 -5.35994373018E+02   20.9613281          1028366  0.25845    
      158200  -1.67783979         1248878.        0.000000       -40.44505     -1.56099720115E+07  2.91233877567E+04 -5.35994374756E+02   20.9680791          1027950  0.25477    
      158300  -1.67630372         1248781.        0.000000       -41.43362     -1.55969278956E+07  2.90990518297E+04 -5.35994368025E+02   20.9539840          1027998  0.25464    
      158400  -1.67508617         1247879.        0.000000       -43.05769     -1.55920858344E+07  2.90900184451E+04 -5.35994360535E+02   20.9510009          1026982  0.25125    
      158500  -1.67306021         1248034.        0.000000       -43.10567     -1.55942373047E+07  2.90940329263E+04 -5.35994351289E+02   20.9530915          1027136  0.26211    
      158600  -1.67407591         1248734.        0.000000       -43.12415     -1.55973527309E+07  2.90998456283E+04 -5.35994346159E+02   20.9495875          1027643  0.25614    
      158700  -1.67884833         1249521.        0.000000       -43.62315     -1.56103038436E+07  2.91240088706E+04 -5.35994337625E+02   20.9568331          1028189  0.25827    
      158800  -1.67991978         1249195.        0.000000       -43.07322     -1.56139607050E+07  2.91308317696E+04 -5.35994331660E+02   20.9670359          1028113  0.26200    
      158900  -1.68046549         1250284.        0.000000       -43.13483     -1.56149050880E+07  2.91325932479E+04 -5.35994339918E+02   20.9585823          1028963  0.25753    
      159000  -1.68401833         1250488.        0.000000       -43.26977     -1.56140572257E+07  2.91310112637E+04 -5.35994342397E+02   20.9605985          1029558  0.25719    
      159100  -1.68128972         1249489.        0.000000       -44.59707     -1.56062283189E+07  2.91164051293E+04 -5.35994338915E+02   20.9599644          1028923  0.25691    
      159200  -1.68063238         1249478.        0.000000       -42.70308     -1.56035602119E+07  2.91114274465E+04 -5.35994335577E+02   20.9613824          1028944  0.26214    
      159300  -1.67643893         1248200.        0.000000       -42.87953     -1.56018035767E+07  2.91081498890E+04 -5.35994339599E+02   20.9615923          1027512  0.25258    
      159400  -1.67102007         1246545.        0.000000       -43.11995     -1.56011627129E+07  2.91069541562E+04 -5.35994341048E+02   20.9644116          1025653  0.25706    
      159500  -1.67018364         1248016.        0.000000       -43.95932     -1.56056516990E+07  2.91153290164E+04 -5.35994344771E+02   20.9611878          1027014  0.25838    
      159600  -1.67657775         1250033.        0.000000       -44.40149     -1.56103257635E+07  2.91240488421E+04 -5.35994354635E+02   20.9532129          1028844  0.25366    
      159700  -1.68138470         1249695.        0.000000       -42.98293     -1.56174906319E+07  2.91374161857E+04 -5.35994356273E+02   20.9621366          1028419  0.25412    
      159800  -1.67931357         1249518.        0.000000       -42.04695     -1.56189295413E+07  2.91401002447E+04 -5.35994365502E+02   20.9643908          1028468  0.26128    
      159900  -1.67861048         1249277.        0.000000       -42.02482     -1.56177154314E+07  2.91378351651E+04 -5.35994364127E+02   20.9683994          1028241  0.25680    
      160000  -1.67773934         1249142.        0.000000       -41.23847     -1.56125880480E+07  2.91282688629E+04 -5.35994367586E+02   20.9601377          1028023  0.25543    
      160100  -1.67742099         1248832.        0.000000       -41.88237     -1.56140881044E+07  2.91310675984E+04 -5.35994365865E+02   20.9620906          1027649  0.25521    
      160200  -1.67761044         1248919.        0.000000       -41.93354     -1.56180714289E+07  2.91384988981E+04 -5.35994372379E+02   20.9616687          1027559  0.26264    
      160300  -1.67750844         1249204.        0.000000       -42.58183     -1.56206537890E+07  2.91433172125E+04 -5.35994364511E+02   20.9615471          1027762  0.26161    
      160400  -1.67666381         1248725.        0.000000       -43.20264     -1.56185324071E+07  2.91393592907E+04 -5.35994365945E+02   20.9690312          1027656  0.25886    
      160500  -1.67743392         1248931.        0.000000       -44.49464     -1.56174365989E+07  2.91373145047E+04 -5.35994372316E+02   20.9688206          1027822  0.26278    
      160600  -1.67810975         1249102.        0.000000       -45.21439     -1.56178309026E+07  2.91380504529E+04 -5.35994366813E+02   20.9685909          1027956  0.25913    
      160700  -1.67867813         1249200.        0.000000       -45.47331     -1.56161909308E+07  2.91349907543E+04 -5.35994367135E+02   20.9639260          1028092  0.25742    
      160800  -1.67620058         1248480.        0.000000       -45.25706     -1.56168697759E+07  2.91362567386E+04 -5.35994376906E+02   20.9675484          1027389  0.24936    
      160900  -1.67431653         1247970.        0.000000       -44.53773     -1.56196696200E+07  2.91414794379E+04 -5.35994394290E+02   20.9724291          1026918  0.25398    
      161000  -1.67294362         1247299.        0.000000       -43.72852     -1.56242086787E+07  2.91499479408E+04 -5.35994393898E+02   20.9749253          1025994  0.25577    
      161100  -1.67240520         1248186.        0.000000       -43.88018     -1.56294738217E+07  2.91597711425E+04 -5.35994392596E+02   20.9717928          1026701  0.25961    
      161200  -1.67680105         1249471.        0.000000       -45.31626     -1.56389689144E+07  2.91774855144E+04 -5.35994402487E+02   20.9693206          1027533  0.25655    
      161300  -1.67866067         1249017.        0.000000       -44.90657     -1.56479928401E+07  2.91943207974E+04 -5.35994413048E+02   20.9813300          1027129  0.26983    
      161400  -1.67547597         1248039.        0.000000       -44.94209     -1.56473892840E+07  2.91931950749E+04 -5.35994407047E+02   20.9871653          1026290  0.25811    
      161500  -1.67444716         1248075.        0.000000       -46.95934     -1.56510874074E+07  2.92000947567E+04 -5.35994404737E+02   20.9810238          1025980  0.25156    
      161600  -1.67316170         1247780.        0.000000       -46.11237     -1.56596058384E+07  2.92159880518E+04 -5.35994394940E+02   20.9936653          1025541  0.26012    
      161700  -1.67506936         1249252.        0.000000       -47.39753     -1.56625520972E+07  2.92214845381E+04 -5.35994400860E+02   20.9861138          1026733  0.26152    
      161800  -1.68127432         1250463.        0.000000       -47.19135     -1.56725741348E+07  2.92401817901E+04 -5.35994415060E+02   20.9862156          1027542  0.25112    
      161900  -1.68169261         1249608.        0.000000       -47.22297     -1.56721584684E+07  2.92394067695E+04 -5.35994406179E+02   20.9957395          1027050  0.26085    
      162000  -1.68078708         1249720.        0.000000       -47.12792     -1.56670793136E+07  2.92299312382E+04 -5.35994395127E+02   20.9956159          1027420  0.26063    
      162100  -1.68023587         1249989.        0.000000       -46.44434     -1.56649216687E+07  2.92259064999E+04 -5.35994381175E+02   20.9869570          1027585  0.25817    
      162200  -1.68144752         1249694.        0.000000       -47.37641     -1.56725257789E+07  2.92400937270E+04 -5.35994375575E+02   20.9947335          1027281  0.25418    
      162300  -1.67879016         1248742.        0.000000       -45.26024     -1.56671100538E+07  2.92299898747E+04 -5.35994371567E+02   20.9963336          1026476  0.26193    
      162400  -1.67665943         1248739.        0.000000       -46.19325     -1.56634486771E+07  2.92231586207E+04 -5.35994376254E+02   20.9879608          1026490  0.25957    
      162500  -1.67819169         1249782.        0.000000       -45.35765     -1.56655606473E+07  2.92270982342E+04 -5.35994388556E+02   20.9903818          1027533  0.25772    
      162600  -1.67902820         1249041.        0.000000       -45.41293     -1.56619366823E+07  2.92203365042E+04 -5.35994398285E+02   20.9883923          1026772  0.26072    
      162700  -1.67630207         1248524.        0.000000       -45.72753     -1.56613716597E+07  2.92192823452E+04 -5.35994398311E+02   20.9893344          1026175  0.25635    
      162800  -1.67813286         1250150.        0.000000       -44.45040     -1.56628349390E+07  2.92220119034E+04 -5.35994406915E+02   20.9809569          1027761  0.25910    
      162900  -1.68288240         1250117.        0.000000       -44.74464     -1.56670715430E+07  2.92299160870E+04 -5.35994407113E+02   20.9837136          1027696  0.25813    
      163000  -1.68398133         1250840.        0.000000       -44.85646     -1.56672376872E+07  2.92302267859E+04 -5.35994393817E+02   20.9817975          1028526  0.26038    
      163100  -1.68283191         1249619.        0.000000       -44.82117     -1.56623749329E+07  2.92211543779E+04 -5.35994394004E+02   20.9904546          1027634  0.25865    
      163200  -1.67910026         1249295.        0.000000       -44.41756     -1.56509878808E+07  2.91999097209E+04 -5.35994392805E+02   20.9800893          1027515  0.26432    
      163300  -1.67942275         1249077.        0.000000       -43.66946     -1.56523449237E+07  2.92024412324E+04 -5.35994398520E+02   20.9802891          1027165  0.26368    
      163400  -1.67687791         1248390.        0.000000       -45.18382     -1.56475234380E+07  2.91934462052E+04 -5.35994391618E+02   20.9769562          1026584  0.26227    
      163500  -1.67477059         1248004.        0.000000       -46.47657     -1.56442131940E+07  2.91872706564E+04 -5.35994385297E+02   20.9751685          1026152  0.25947    
      163600  -1.67370629         1248038.        0.000000       -47.38738     -1.56486941769E+07  2.91956302130E+04 -5.35994395830E+02   20.9804092          1026204  0.26255    
      163700  -1.67665168         1249093.        0.000000       -46.13746     -1.56575405981E+07  2.92121349487E+04 -5.35994394987E+02   20.9825894          1027181  0.25487    
      163800  -1.67691719         1249218.        0.000000       -44.83332     -1.56596647732E+07  2.92160977313E+04 -5.35994399978E+02   20.9849817          1027206  0.26175    
      163900  -1.67793485         1249295.        0.000000       -43.76352     -1.56604636551E+07  2.92175880449E+04 -5.35994402792E+02   20.9868101          1027191  0.25850    
      164000  -1.67744232         1249004.        0.000000       -42.80906     -1.56631895382E+07  2.92226739869E+04 -5.35994397542E+02   20.9818818          1026640  0.26071    
      164100  -1.67651062         1249100.        0.000000       -42.03138     -1.56676293825E+07  2.92309573413E+04 -5.35994397978E+02   20.9855259          1026737  0.26355    
      164200  -1.67679043         1248170.        0.000000       -42.38306     -1.56687344888E+07  2.92330190898E+04 -5.35994398687E+02   20.9927923          1025800  0.25425    
      164300  -1.67713749         1249672.        0.000000       -41.56716     -1.56675646738E+07  2.92308366093E+04 -5.35994398083E+02   20.9820229          1027274  0.25312    
      164400  -1.68124009         1249686.        0.000000       -41.57620     -1.56741139460E+07  2.92430559480E+04 -5.35994390391E+02   20.9891091          1027286  0.26016    
      164500  -1.68281963         1250542.        0.000000       -42.28138     -1.56722603987E+07  2.92395984627E+04 -5.35994378265E+02   20.9873148          1028392  0.25171    
      164600  -1.68062018         1249434.        0.000000       -43.01244     -1.56647870000E+07  2.92256558446E+04 -5.35994370264E+02   20.9871442          1027697  0.26082    
      164700  -1.67874365         1249471.        0.000000       -43.47102     -1.56630821153E+07  2.92224752343E+04 -5.35994366996E+02   20.9798150          1027485  0.25626    
      164800  -1.68072423         1250257.        0.000000       -43.90933     -1.56682846858E+07  2.92321817167E+04 -5.35994365307E+02   20.9816607          1028113  0.25635    
      164900  -1.67924240         1249638.        0.000000       -43.31644     -1.56688680098E+07  2.92332710941E+04 -5.35994345598E+02   20.9873102          1027762  0.25911    
      165000  -1.67967911         1249398.        0.000000       -46.66187     -1.56710354202E+07  2.92373153497E+04 -5.35994335756E+02   20.9899854          1027489  0.25987    
      165100  -1.68216394         1250371.        0.000000       -47.09480     -1.56791555120E+07  2.92524645889E+04 -5.35994342096E+02   20.9904004          1028045  0.25668    
      165200  -1.68213269         1249966.        0.000000       -46.51416     -1.56769330789E+07  2.92483181733E+04 -5.35994342855E+02   20.9919384          1027954  0.25647    
      165300  -1.68017815         1249237.        0.000000       -46.44347     -1.56752981603E+07  2.92452674605E+04 -5.35994351273E+02   20.9962034          1027314  0.25594    
      165400  -1.67997541         1249986.        0.000000       -45.06111     -1.56739934083E+07  2.92428331747E+04 -5.35994351666E+02   20.9859416          1027814  0.25908    
      165500  -1.67961751         1248961.        0.000000       -46.28680     -1.56774944090E+07  2.92493648153E+04 -5.35994354340E+02   20.9985982          1026729  0.26140    
      165600  -1.67804985         1249625.        0.000000       -45.28830     -1.56732158863E+07  2.92413827654E+04 -5.35994347874E+02   20.9944767          1027447  0.26086    
      165700  -1.68215855         1250724.        0.000000       -44.29458     -1.56736975415E+07  2.92422809874E+04 -5.35994355171E+02   20.9902327          1028156  0.25988    
      165800  -1.68339810         1250152.        0.000000       -46.43541     -1.56699146446E+07  2.92352227310E+04 -5.35994365042E+02   20.9961597          1027866  0.26173    
      165900  -1.68146032         1250686.        0.000000       -47.89264     -1.56625924285E+07  2.92215613123E+04 -5.35994372822E+02   20.9834666          1028573  0.25675    
      166000  -1.68084982         1249714.        0.000000       -47.86677     -1.56566396945E+07  2.92104555802E+04 -5.35994368573E+02   20.9856902          1027579  0.26638    
      166100  -1.67875797         1249451.        0.000000       -47.55636     -1.56522129678E+07  2.92021962825E+04 -5.35994375779E+02   20.9816511          1027453  0.26138    
      166200  -1.67888636         1249098.        0.000000       -46.55879     -1.56559633203E+07  2.92091933321E+04 -5.35994374864E+02   20.9855811          1026867  0.26074    
      166300  -1.67610028         1248336.        0.000000       -45.90444     -1.56568369114E+07  2.92108240023E+04 -5.35994359834E+02   20.9892752          1026104  0.25864    
      166400  -1.67452288         1248159.        0.000000       -46.43409     -1.56568427256E+07  2.92108344936E+04 -5.35994366371E+02   20.9895871          1025890  0.25849    
      166500  -1.67468823         1248603.        0.000000       -46.34265     -1.56606535674E+07  2.92179440561E+04 -5.35994371724E+02   20.9881746          1026242  0.26041    
      166600  -1.67778069         1249277.        0.000000       -46.52018     -1.56682569865E+07  2.92321293021E+04 -5.35994378808E+02   20.9918716          1026687  0.24990    
      166700  -1.68016175         1249995.        0.000000       -45.84123     -1.56692995592E+07  2.92340744324E+04 -5.35994378596E+02   20.9918330          1027516  0.25975    
      166800  -1.68231488         1250648.        0.000000       -46.10427     -1.56686255230E+07  2.92328172624E+04 -5.35994371749E+02   20.9871788          1028207  0.26086    
      166900  -1.68277729         1250290.        0.000000       -45.12935     -1.56643415159E+07  2.92248247560E+04 -5.35994369401E+02   20.9887758          1027932  0.25285    
      167000  -1.67830834         1248750.        0.000000       -44.25958     -1.56511802137E+07  2.92002700865E+04 -5.35994364686E+02   20.9878576          1026872  0.25449    
      167100  -1.67709958         1249325.        0.000000       -44.44977     -1.56404600666E+07  2.91802694785E+04 -5.35994366951E+02   20.9728975          1027538  0.26988    
      167200  -1.67893120         1250317.        0.000000       -45.05124     -1.56416482761E+07  2.91824864436E+04 -5.35994364510E+02   20.9681838          1028437  0.25955    
      167300  -1.68255787         1250828.        0.000000       -44.03825     -1.56441677539E+07  2.91871870643E+04 -5.35994363536E+02   20.9704241          1029060  0.25284    
      167400  -1.68211348         1249438.        0.000000       -45.86686     -1.56457491134E+07  2.91901381652E+04 -5.35994349354E+02   20.9778921          1027781  0.25654    
      167500  -1.68040576         1249689.        0.000000       -45.35059     -1.56462985653E+07  2.91911636625E+04 -5.35994342197E+02   20.9815660          1028236  0.25875    
      167600  -1.68046753         1249103.        0.000000       -45.51482     -1.56443989488E+07  2.91876194584E+04 -5.35994344145E+02   20.9811860          1027655  0.26098    
      167700  -1.67910318         1249057.        0.000000       -46.13884     -1.56469012585E+07  2.91922883187E+04 -5.35994338220E+02   20.9803978          1027270  0.25401    
      167800  -1.67675428         1248595.        0.000000       -45.95070     -1.56506692700E+07  2.91993182572E+04 -5.35994338363E+02   20.9861618          1026812  0.25748    
      167900  -1.67600883         1248795.        0.000000       -45.20597     -1.56491411652E+07  2.91964674844E+04 -5.35994334710E+02   20.9794571          1026849  0.26270    
      168000  -1.67724323         1248755.        0.000000       -44.69819     -1.56542510429E+07  2.92060014674E+04 -5.35994325013E+02   20.9852714          1026766  0.26396    
      168100  -1.67677436         1248275.        0.000000       -43.76180     -1.56546085441E+07  2.92066683136E+04 -5.35994327596E+02   20.9858274          1026210  0.25605    
      168200  -1.67577982         1249524.        0.000000       -44.90230     -1.56572664057E+07  2.92116263645E+04 -5.35994340417E+02   20.9795403          1027359  0.25411    
      168300  -1.68077675         1250274.        0.000000       -43.05730     -1.56640676293E+07  2.92243146394E+04 -5.35994353420E+02   20.9802142          1027868  0.25894    
      168400  -1.68406615         1250765.        0.000000       -43.60722     -1.56688411720E+07  2.92332205426E+04 -5.35994354408E+02   20.9898051          1028437  0.25611    
      168500  -1.68352273         1250119.        0.000000       -43.59291     -1.56627624697E+07  2.92218794845E+04 -5.35994355807E+02   20.9908062          1028042  0.26101    
      168600  -1.68352323         1250936.        0.000000       -43.59776     -1.56542528057E+07  2.92060030048E+04 -5.35994357158E+02   20.9805771          1029023  0.25365    
      168700  -1.68369617         1250657.        0.000000       -43.41868     -1.56495076353E+07  2.91971493030E+04 -5.35994369618E+02   20.9801378          1028821  0.25375    
      168800  -1.68204779         1249935.        0.000000       -43.98216     -1.56418819442E+07  2.91829220149E+04 -5.35994371512E+02   20.9778031          1028388  0.25034    
      168900  -1.68050104         1249453.        0.000000       -44.68556     -1.56390765333E+07  2.91776884041E+04 -5.35994363801E+02   20.9811371          1028079  0.25578    
      169000  -1.68091590         1249755.        0.000000       -45.23195     -1.56403744913E+07  2.91801098730E+04 -5.35994366004E+02   20.9805786          1028148  0.25716    
      169100  -1.68123896         1249977.        0.000000       -44.25724     -1.56385014951E+07  2.91766144602E+04 -5.35994384011E+02   20.9781516          1028394  0.25586    
      169200  -1.67912456         1248652.        0.000000       -44.75398     -1.56278760249E+07  2.91567905678E+04 -5.35994384861E+02   20.9747508          1027289  0.25867    
      169300  -1.67735054         1248695.        0.000000       -43.39996     -1.56264847415E+07  2.91541949146E+04 -5.35994383905E+02   20.9706673          1027147  0.25923    
      169400  -1.67546651         1248512.        0.000000       -43.37318     -1.56298867469E+07  2.91605419579E+04 -5.35994384790E+02   20.9721918          1026810  0.25435    
      169500  -1.67374870         1248119.        0.000000       -42.48259     -1.56315529923E+07  2.91636504315E+04 -5.35994388941E+02   20.9734127          1026587  0.25682    
      169600  -1.67568666         1248638.        0.000000       -44.11880     -1.56410725783E+07  2.91814109636E+04 -5.35994390327E+02   20.9702492          1026588  0.26168    
      169700  -1.67680073         1248686.        0.000000       -44.15423     -1.56505872423E+07  2.91991620936E+04 -5.35994395733E+02   20.9810829          1026678  0.25767    
      169800  -1.67770245         1249809.        0.000000       -44.83585     -1.56517884047E+07  2.92014029929E+04 -5.35994397547E+02   20.9720141          1027660  0.25959    
      169900  -1.68275950         1250613.        0.000000       -44.94845     -1.56639612402E+07  2.92241145177E+04 -5.35994383364E+02   20.9774904          1028287  0.25346    
      170000  -1.68105367         1249431.        0.000000       -45.50289     -1.56653234456E+07  2.92266560161E+04 -5.35994382559E+02   20.9905516          1027279  0.25532    
      170100  -1.68036864         1249988.        0.000000       -45.11934     -1.56609458452E+07  2.92184884187E+04 -5.35994388922E+02   20.9829716          1027932  0.25070    
      170200  -1.68122232         1249191.        0.000000       -45.39838     -1.56596704865E+07  2.92161092038E+04 -5.35994385059E+02   20.9891076          1027280  0.25145    
      170300  -1.67708861         1248898.        0.000000       -45.51138     -1.56542933149E+07  2.92060771149E+04 -5.35994384092E+02   20.9848294          1027252  0.26045    
      170400  -1.67968479         1250281.        0.000000       -44.57519     -1.56551358613E+07  2.92076498497E+04 -5.35994369346E+02   20.9773595          1028285  0.25922    
      170500  -1.68431895         1250867.        0.000000       -44.92576     -1.56578038594E+07  2.92126275649E+04 -5.35994368347E+02   20.9783182          1028818  0.26086    
      170600  -1.68379790         1250436.        0.000000       -44.42170     -1.56526619920E+07  2.92030350264E+04 -5.35994357362E+02   20.9797800          1028687  0.25652    
      170700  -1.68426331         1250708.        0.000000       -43.75464     -1.56477016273E+07  2.91937804336E+04 -5.35994358898E+02   20.9764556          1029068  0.26133    
      170800  -1.68203375         1249454.        0.000000       -44.46752     -1.56395206998E+07  2.91785170262E+04 -5.35994364818E+02   20.9770768          1028055  0.25566    
      170900  -1.67959333         1249423.        0.000000       -45.03196     -1.56332221636E+07  2.91667661748E+04 -5.35994359809E+02   20.9712479          1028102  0.25747    
      171000  -1.67895937         1249164.        0.000000       -44.27981     -1.56260905882E+07  2.91534602850E+04 -5.35994370322E+02   20.9661632          1027980  0.25356    
      171100  -1.67555011         1247799.        0.000000       -43.28742     -1.56231164027E+07  2.91479108405E+04 -5.35994380116E+02   20.9706703          1026706  0.26176    
      171200  -1.67346492         1248920.        0.000000       -43.58796     -1.56246579118E+07  2.91507867278E+04 -5.35994381821E+02   20.9600738          1027517  0.25272    
      171300  -1.67626202         1248443.        0.000000       -44.63217     -1.56365796566E+07  2.91730295466E+04 -5.35994372185E+02   20.9735492          1026765  0.25911    
      171400  -1.67564070         1249283.        0.000000       -44.93998     -1.56324815154E+07  2.91653839457E+04 -5.35994367314E+02   20.9674088          1027765  0.25581    
      171500  -1.67658235         1248250.        0.000000       -43.67243     -1.56293800172E+07  2.91595974243E+04 -5.35994368847E+02   20.9676419          1026719  0.25124    
      171600  -1.67618276         1248673.        0.000000       -43.17293     -1.56352894419E+07  2.91706231919E+04 -5.35994357714E+02   20.9665554          1026952  0.25531    
      171700  -1.67716345         1249394.        0.000000       -43.54650     -1.56421250288E+07  2.91833763784E+04 -5.35994356032E+02   20.9697915          1027423  0.25998    
      171800  -1.67809789         1248549.        0.000000       -43.54473     -1.56421633324E+07  2.91834473913E+04 -5.35994364294E+02   20.9767495          1026813  0.25685    
      171900  -1.67588464         1248813.        0.000000       -43.62365     -1.56389101819E+07  2.91773781921E+04 -5.35994361073E+02   20.9710923          1027121  0.25821    
      172000  -1.67567278         1248540.        0.000000       -43.32322     -1.56410884779E+07  2.91814423019E+04 -5.35994359570E+02   20.9743736          1026819  0.25830    
      172100  -1.67411919         1247789.        0.000000       -43.03679     -1.56416602572E+07  2.91825093310E+04 -5.35994354693E+02   20.9757669          1025952  0.25358    
      172200  -1.67479998         1248984.        0.000000       -42.49850     -1.56470586094E+07  2.91925808047E+04 -5.35994358088E+02   20.9712786          1026901  0.25047    
      172300  -1.67934189         1249961.        0.000000       -43.12571     -1.56562890313E+07  2.92098014442E+04 -5.35994366864E+02   20.9758383          1027829  0.25714    
      172400  -1.68021177         1249571.        0.000000       -42.37449     -1.56591633941E+07  2.92151634795E+04 -5.35994378572E+02   20.9814876          1027374  0.25621    
      172500  -1.67873273         1249195.        0.000000       -41.75225     -1.56544397955E+07  2.92063517222E+04 -5.35994359870E+02   20.9806925          1027231  0.25665    
      172600  -1.67908854         1249053.        0.000000       -41.74112     -1.56525590628E+07  2.92028427092E+04 -5.35994362559E+02   20.9794715          1027061  0.26262    
      172700  -1.67685106         1249316.        0.000000       -42.50418     -1.56571504101E+07  2.92114080231E+04 -5.35994375819E+02   20.9787308          1027195  0.25921    
      172800  -1.68060054         1249794.        0.000000       -42.96884     -1.56599415919E+07  2.92166153094E+04 -5.35994379433E+02   20.9809425          1027490  0.25604    
      172900  -1.68108131         1250349.        0.000000       -42.39356     -1.56611781593E+07  2.92189217559E+04 -5.35994390560E+02   20.9797391          1028126  0.25459    
      173000  -1.68257723         1250599.        0.000000       -43.49305     -1.56578189265E+07  2.92126539706E+04 -5.35994399628E+02   20.9798378          1028526  0.25983    
      173100  -1.68210709         1249490.        0.000000       -43.92653     -1.56550806074E+07  2.92075450938E+04 -5.35994399979E+02   20.9855687          1027572  0.25547    
      173200  -1.67716621         1248486.        0.000000       -43.78283     -1.56406187293E+07  2.91805634033E+04 -5.35994405357E+02   20.9786738          1026881  0.25721    
      173300  -1.67648267         1248623.        0.000000       -43.80618     -1.56365175606E+07  2.91729118657E+04 -5.35994405788E+02   20.9742652          1027099  0.25616    
      173400  -1.67726897         1249271.        0.000000       -42.56533     -1.56381556662E+07  2.91759684181E+04 -5.35994399297E+02   20.9676601          1027549  0.26177    
      173500  -1.68156976         1250094.        0.000000       -42.58297     -1.56436861447E+07  2.91862865266E+04 -5.35994400332E+02   20.9775670          1028535  0.26210    
      173600  -1.68090499         1249486.        0.000000       -43.03768     -1.56344222684E+07  2.91690025982E+04 -5.35994407618E+02   20.9730360          1028108  0.24803    
      173700  -1.67958372         1248926.        0.000000       -44.64533     -1.56292355018E+07  2.91593255097E+04 -5.35994411004E+02   20.9692825          1027580  0.25607    
      173800  -1.67751347         1248778.        0.000000       -45.38160     -1.56239147776E+07  2.91493992311E+04 -5.35994400904E+02   20.9685871          1027673  0.26438    
      173900  -1.67693690         1248761.        0.000000       -44.84478     -1.56255401848E+07  2.91524315817E+04 -5.35994403795E+02   20.9619394          1027298  0.26201    
      174000  -1.67667183         1248833.        0.000000       -45.20774     -1.56315342956E+07  2.91636152570E+04 -5.35994394311E+02   20.9659708          1027191  0.25266    
      174100  -1.67575645         1248635.        0.000000       -45.25771     -1.56334875623E+07  2.91672595963E+04 -5.35994391613E+02   20.9691727          1026957  0.25816    
      174200  -1.67627760         1249050.        0.000000       -45.91641     -1.56391003522E+07  2.91777310258E+04 -5.35994397177E+02   20.9721627          1027201  0.26124    
      174300  -1.67901865         1249388.        0.000000       -46.07934     -1.56408883467E+07  2.91810671454E+04 -5.35994392142E+02   20.9714140          1027415  0.25265    
      174400  -1.68092470         1249136.        0.000000       -44.36177     -1.56457242936E+07  2.91900898831E+04 -5.35994385640E+02   20.9798436          1027241  0.25553    
      174500  -1.67630503         1248169.        0.000000       -45.15909     -1.56373049407E+07  2.91743821047E+04 -5.35994383175E+02   20.9799905          1026691  0.25579    
      174600  -1.67530025         1248524.        0.000000       -42.47200     -1.56344392947E+07  2.91690355693E+04 -5.35994385470E+02   20.9735372          1026982  0.25787    
      174700  -1.67554927         1248983.        0.000000       -42.68655     -1.56341980172E+07  2.91685856387E+04 -5.35994381449E+02   20.9707105          1027327  0.25197    
      174800  -1.68023619         1250089.        0.000000       -42.85906     -1.56435366509E+07  2.91860092118E+04 -5.35994371051E+02   20.9735194          1028088  0.25276    
      174900  -1.68268756         1250349.        0.000000       -41.34334     -1.56456294477E+07  2.91899135879E+04 -5.35994373556E+02   20.9802516          1028479  0.26239    
      175000  -1.68200540         1249433.        0.000000       -41.43012     -1.56393230149E+07  2.91781474889E+04 -5.35994378012E+02   20.9781667          1027983  0.25021    
      175100  -1.67702189         1248139.        0.000000       -42.11521     -1.56293422212E+07  2.91595266326E+04 -5.35994373918E+02   20.9762517          1026935  0.25940    
      175200  -1.67343671         1247905.        0.000000       -40.99534     -1.56197883847E+07  2.91417016010E+04 -5.35994383533E+02   20.9676339          1026732  0.25623    
      175300  -1.67650385         1248932.        0.000000       -41.60240     -1.56237527802E+07  2.91490980494E+04 -5.35994381497E+02   20.9621589          1027428  0.25839    
      175400  -1.67743058         1248902.        0.000000       -42.57058     -1.56285825771E+07  2.91581097855E+04 -5.35994366303E+02   20.9652950          1027373  0.26470    
      175500  -1.67659928         1249135.        0.000000       -42.07303     -1.56322067108E+07  2.91648709963E+04 -5.35994371885E+02   20.9660988          1027517  0.25953    
      175600  -1.67795272         1249094.        0.000000       -41.59091     -1.56418593611E+07  2.91828796924E+04 -5.35994374989E+02   20.9769678          1027327  0.25753    
      175700  -1.68035472         1250029.        0.000000       -41.44497     -1.56431796175E+07  2.91853428516E+04 -5.35994375567E+02   20.9754104          1028239  0.25603    
      175800  -1.68212094         1250338.        0.000000       -42.46079     -1.56370132386E+07  2.91738383451E+04 -5.35994374604E+02   20.9704599          1028751  0.25065    
      175900  -1.68053680         1249439.        0.000000       -41.75280     -1.56269032511E+07  2.91549758985E+04 -5.35994380701E+02   20.9668752          1028211  0.25496    
      176000  -1.67895799         1249995.        0.000000       -42.30988     -1.56198095096E+07  2.91417417707E+04 -5.35994369604E+02   20.9576566          1028868  0.26605    
      176100  -1.68242031         1250076.        0.000000       -42.03221     -1.56204107222E+07  2.91428634194E+04 -5.35994370128E+02   20.9593618          1028911  0.25975    
      176200  -1.67936988         1248726.        0.000000       -43.07535     -1.56149260769E+07  2.91326308844E+04 -5.35994367924E+02   20.9603696          1027774  0.25442    
      176300  -1.67628925         1248396.        0.000000       -44.33161     -1.56215331735E+07  2.91449574630E+04 -5.35994372041E+02   20.9690431          1027393  0.26856    
      176400  -1.67479594         1248277.        0.000000       -43.89431     -1.56242966992E+07  2.91501133142E+04 -5.35994372672E+02   20.9667299          1026876  0.26067    
      176500  -1.67616000         1248607.        0.000000       -45.65649     -1.56346089025E+07  2.91693524374E+04 -5.35994377525E+02   20.9746502          1027001  0.25452    
      176600  -1.67574341         1248592.        0.000000       -45.44642     -1.56418712470E+07  2.91829020376E+04 -5.35994371871E+02   20.9797299          1026944  0.26112    
      176700  -1.67559003         1248825.        0.000000       -44.82083     -1.56390336295E+07  2.91776075425E+04 -5.35994378798E+02   20.9808425          1027141  0.25400    
      176800  -1.67555719         1248336.        0.000000       -44.49449     -1.56374388475E+07  2.91746326372E+04 -5.35994370244E+02   20.9800572          1026704  0.25212    
      176900  -1.67229541         1247684.        0.000000       -45.97551     -1.56327341851E+07  2.91658555863E+04 -5.35994362956E+02   20.9713311          1025915  0.25686    
      177000  -1.67129540         1247399.        0.000000       -46.23691     -1.56433601022E+07  2.91856809743E+04 -5.35994349968E+02   20.9787058          1025615  0.25712    
      177100  -1.67321989         1249262.        0.000000       -45.76182     -1.56560376506E+07  2.92093337024E+04 -5.35994343798E+02   20.9773844          1027057  0.26098    
      177200  -1.67897181         1249501.        0.000000       -44.45607     -1.56575149638E+07  2.92120898613E+04 -5.35994344744E+02   20.9787615          1027124  0.24918    
      177300  -1.68120386         1250100.        0.000000       -46.31588     -1.56597820430E+07  2.92163190567E+04 -5.35994353452E+02   20.9841804          1027889  0.26634    
      177400  -1.67913203         1248899.        0.000000       -45.00776     -1.56477718212E+07  2.91939112423E+04 -5.35994361677E+02   20.9792391          1026886  0.25228    
      177500  -1.67833236         1249519.        0.000000       -45.22563     -1.56539890404E+07  2.92055107347E+04 -5.35994360192E+02   20.9815057          1027286  0.25504    
      177600  -1.67980408         1249748.        0.000000       -45.28596     -1.56588038671E+07  2.92144941804E+04 -5.35994351656E+02   20.9824111          1027403  0.26251    
      177700  -1.68096852         1249866.        0.000000       -45.88433     -1.56611539681E+07  2.92188786861E+04 -5.35994352704E+02   20.9868330          1027787  0.25784    
      177800  -1.68145952         1249799.        0.000000       -45.98510     -1.56584085638E+07  2.92137559808E+04 -5.35994364234E+02   20.9825763          1027741  0.25688    
      177900  -1.67980483         1249220.        0.000000       -44.74657     -1.56628982852E+07  2.92221327289E+04 -5.35994358473E+02   20.9873772          1027183  0.25032    
      178000  -1.67866159         1249379.        0.000000       -43.88342     -1.56569996669E+07  2.92111285126E+04 -5.35994344079E+02   20.9822954          1027264  0.25504    
      178100  -1.67688856         1248490.        0.000000       -43.64989     -1.56517677171E+07  2.92013680389E+04 -5.35994330684E+02   20.9825197          1026449  0.25410    
      178200  -1.67877084         1249535.        0.000000       -45.15194     -1.56548471293E+07  2.92071131561E+04 -5.35994332807E+02   20.9819091          1027372  0.25088    
      178300  -1.68057687         1249352.        0.000000       -44.96905     -1.56557190682E+07  2.92087394703E+04 -5.35994341148E+02   20.9826523          1027122  0.25362    
      178400  -1.67997005         1249538.        0.000000       -44.37897     -1.56589108869E+07  2.92146944488E+04 -5.35994340599E+02   20.9848472          1027394  0.25641    
      178500  -1.67774150         1248606.        0.000000       -44.50263     -1.56542393691E+07  2.92059788370E+04 -5.35994340627E+02   20.9889981          1026610  0.25939    
      178600  -1.67604277         1248598.        0.000000       -43.12509     -1.56532921436E+07  2.92042115119E+04 -5.35994342364E+02   20.9857279          1026508  0.25458    
      178700  -1.67809643         1249662.        0.000000       -42.49648     -1.56562209821E+07  2.92096751691E+04 -5.35994354320E+02   20.9875523          1027636  0.25508    
      178800  -1.68135922         1250392.        0.000000       -43.81840     -1.56595601079E+07  2.92159047944E+04 -5.35994357118E+02   20.9838882          1028301  0.25246    
      178900  -1.68277265         1250458.        0.000000       -43.53120     -1.56641507955E+07  2.92244692302E+04 -5.35994363906E+02   20.9861864          1028061  0.26033    
      179000  -1.68357744         1249648.        0.000000       -42.92901     -1.56580931415E+07  2.92131677142E+04 -5.35994360306E+02   20.9948032          1027792  0.25637    
      179100  -1.67925096         1249519.        0.000000       -42.80619     -1.56430038240E+07  2.91850159057E+04 -5.35994356641E+02   20.9824702          1027892  0.26001    
      179200  -1.68155452         1250321.        0.000000       -42.72908     -1.56397061559E+07  2.91788641705E+04 -5.35994343870E+02   20.9732806          1028599  0.25177    
      179300  -1.68121159         1249221.        0.000000       -41.47405     -1.56390807780E+07  2.91776971463E+04 -5.35994348684E+02   20.9795614          1027681  0.25889    
      179400  -1.67795798         1248755.        0.000000       -40.42647     -1.56352087771E+07  2.91704726974E+04 -5.35994357695E+02   20.9815372          1027401  0.25523    
      179500  -1.67752407         1249093.        0.000000       -41.79209     -1.56316355091E+07  2.91638061897E+04 -5.35994355725E+02   20.9763309          1027752  0.25497    
      179600  -1.67929025         1249312.        0.000000       -42.41765     -1.56270593620E+07  2.91552683513E+04 -5.35994358674E+02   20.9697330          1027966  0.26254    
      179700  -1.67724416         1248236.        0.000000       -43.11043     -1.56252079679E+07  2.91518140507E+04 -5.35994361816E+02   20.9735589          1026966  0.26018    
      179800  -1.67443953         1248076.        0.000000       -42.97757     -1.56201980860E+07  2.91424670144E+04 -5.35994364454E+02   20.9684470          1026654  0.25897    
      179900  -1.67470110         1248319.        0.000000       -42.73634     -1.56187390402E+07  2.91397444829E+04 -5.35994371858E+02   20.9648882          1026800  0.25164    
      180000  -1.67497697         1248209.        0.000000       -41.92301     -1.56201176111E+07  2.91423157241E+04 -5.35994385585E+02   20.9698986          1026680  0.25727    
      180100  -1.67413066         1248229.        0.000000       -42.09713     -1.56224051746E+07  2.91465838396E+04 -5.35994381385E+02   20.9718583          1026702  0.25741    
      180200  -1.67708668         1249847.        0.000000       -41.04136     -1.56279067149E+07  2.91568478027E+04 -5.35994385287E+02   20.9628624          1027898  0.25861    
      180300  -1.68270341         1250422.        0.000000       -41.55610     -1.56367149898E+07  2.91732813060E+04 -5.35994385610E+02   20.9699733          1028387  0.25670    
      180400  -1.68167475         1249534.        0.000000       -40.76461     -1.56361991956E+07  2.91723193135E+04 -5.35994379725E+02   20.9778333          1027755  0.25580    
      180500  -1.67897633         1249331.        0.000000       -41.53294     -1.56324527455E+07  2.91653304157E+04 -5.35994364633E+02   20.9741994          1027761  0.25611    
      180600  -1.67980085         1250361.        0.000000       -42.41098     -1.56322965393E+07  2.91650399923E+04 -5.35994346089E+02   20.9698551          1028673  0.25100    
      180700  -1.68154252         1250217.        0.000000       -42.93820     -1.56349280182E+07  2.91699496514E+04 -5.35994343665E+02   20.9747337          1028530  0.25987    
      180800  -1.68437322         1251097.        0.000000       -42.22624     -1.56351206122E+07  2.91703085876E+04 -5.35994350736E+02   20.9698987          1029494  0.25687    
      180900  -1.68279926         1249868.        0.000000       -42.90803     -1.56338190596E+07  2.91678806704E+04 -5.35994343787E+02   20.9755909          1028404  0.26269    
      181000  -1.67912625         1249466.        0.000000       -42.73896     -1.56302617771E+07  2.91612441423E+04 -5.35994338954E+02   20.9729934          1027992  0.25875    
      181100  -1.67954329         1249401.        0.000000       -43.05734     -1.56295056147E+07  2.91598330805E+04 -5.35994344395E+02   20.9739761          1028079  0.25783    
      181200  -1.67702371         1248378.        0.000000       -46.16421     -1.56201453753E+07  2.91423696734E+04 -5.35994346045E+02   20.9703411          1027306  0.25664    
      181300  -1.67515725         1248095.        0.000000       -47.14944     -1.56110861338E+07  2.91254674327E+04 -5.35994355107E+02   20.9644147          1027162  0.25303    
      181400  -1.67502477         1248612.        0.000000       -47.68907     -1.56124473532E+07  2.91280060658E+04 -5.35994373179E+02   20.9535830          1027270  0.26458    
      181500  -1.67734525         1249495.        0.000000       -46.08385     -1.56229071960E+07  2.91475206352E+04 -5.35994378099E+02   20.9566209          1027932  0.25618    
      181600  -1.67955777         1249902.        0.000000       -44.72797     -1.56246306992E+07  2.91507361594E+04 -5.35994378109E+02   20.9568111          1028435  0.25585    
      181700  -1.68398639         1251190.        0.000000       -44.20771     -1.56282455229E+07  2.91574804468E+04 -5.35994375489E+02   20.9545602          1029696  0.25830    
      181800  -1.68293162         1249304.        0.000000       -42.88620     -1.56297955828E+07  2.91603730749E+04 -5.35994362714E+02   20.9758016          1028240  0.25850    
      181900  -1.67868660         1249176.        0.000000       -43.03225     -1.56158832176E+07  2.91344163002E+04 -5.35994373689E+02   20.9591526          1028206  0.26445    
      182000  -1.68185766         1250652.        0.000000       -43.76083     -1.56203075786E+07  2.91426703925E+04 -5.35994381031E+02   20.9557868          1029490  0.25597    
      182100  -1.68485473         1250096.        0.000000       -44.23271     -1.56236417835E+07  2.91488914575E+04 -5.35994372421E+02   20.9642410          1028941  0.25762    
      182200  -1.67857502         1248542.        0.000000       -44.25070     -1.56135766001E+07  2.91301130008E+04 -5.35994371172E+02   20.9638536          1027779  0.25178    
      182300  -1.67565935         1248261.        0.000000       -44.40425     -1.56050659704E+07  2.91142346830E+04 -5.35994373210E+02   20.9535268          1027520  0.26387    
      182400  -1.67659564         1248504.        0.000000       -45.89956     -1.56103023298E+07  2.91240041188E+04 -5.35994373099E+02   20.9534585          1027416  0.25477    
      182500  -1.67488531         1247997.        0.000000       -46.85870     -1.56188122309E+07  2.91398814534E+04 -5.35994364145E+02   20.9647215          1026789  0.26580    
      182600  -1.67560989         1248613.        0.000000       -45.85832     -1.56236156845E+07  2.91488434306E+04 -5.35994360178E+02   20.9668689          1027272  0.26837    
      182700  -1.67617324         1248807.        0.000000       -45.72300     -1.56256601288E+07  2.91526572962E+04 -5.35994368198E+02   20.9668927          1027331  0.25680    
      182800  -1.67698394         1249053.        0.000000       -44.64657     -1.56253887917E+07  2.91521503457E+04 -5.35994381422E+02   20.9672389          1027678  0.25267    
      182900  -1.67670424         1248687.        0.000000       -44.34658     -1.56242168463E+07  2.91499636804E+04 -5.35994384678E+02   20.9698406          1027296  0.25511    
      183000  -1.67744375         1249468.        0.000000       -44.30215     -1.56210471921E+07  2.91440497878E+04 -5.35994390135E+02   20.9613261          1028081  0.25917    
      183100  -1.68050649         1250119.        0.000000       -45.21921     -1.56232748867E+07  2.91482061237E+04 -5.35994387456E+02   20.9596959          1028594  0.25551    
      183200  -1.68127165         1249841.        0.000000       -46.35654     -1.56243036962E+07  2.91501257701E+04 -5.35994383674E+02   20.9670893          1028515  0.26210    
      183300  -1.67774142         1248610.        0.000000       -45.65606     -1.56170192888E+07  2.91365353598E+04 -5.35994382857E+02   20.9661572          1027395  0.26282    
      183400  -1.67687499         1249010.        0.000000       -45.70399     -1.56163541673E+07  2.91352943781E+04 -5.35994384151E+02   20.9596363          1027785  0.26184    
      183500  -1.67583208         1248680.        0.000000       -44.59299     -1.56170935105E+07  2.91366742817E+04 -5.35994374635E+02   20.9604090          1027349  0.25098    
      183600  -1.67683031         1249938.        0.000000       -44.45561     -1.56267581226E+07  2.91547059731E+04 -5.35994365267E+02   20.9572525          1028226  0.25235    
      183700  -1.67951615         1249144.        0.000000       -44.40871     -1.56381910812E+07  2.91760369398E+04 -5.35994354322E+02   20.9728839          1027316  0.26311    
      183800  -1.68000517         1249428.        0.000000       -44.45086     -1.56361639974E+07  2.91722555314E+04 -5.35994345059E+02   20.9741095          1027835  0.25114    
      183900  -1.67663300         1248252.        0.000000       -45.05898     -1.56255331117E+07  2.91524220273E+04 -5.35994336836E+02   20.9732728          1027019  0.25892    
      184000  -1.67729972         1249369.        0.000000       -45.33922     -1.56287050141E+07  2.91583393043E+04 -5.35994346281E+02   20.9657892          1027870  0.25816    
      184100  -1.67806276         1248706.        0.000000       -44.41254     -1.56311055219E+07  2.91628178827E+04 -5.35994346802E+02   20.9751323          1027268  0.25517    
      184200  -1.67602982         1248730.        0.000000       -44.28362     -1.56250540232E+07  2.91515275480E+04 -5.35994348754E+02   20.9686968          1027337  0.25445    
      184300  -1.67939140         1249544.        0.000000       -42.98693     -1.56243666060E+07  2.91502449587E+04 -5.35994350241E+02   20.9695627          1028165  0.26126    
      184400  -1.68122990         1249964.        0.000000       -42.97302     -1.56235360267E+07  2.91486943904E+04 -5.35994367964E+02   20.9616085          1028585  0.25969    
      184500  -1.67874234         1248511.        0.000000       -43.83507     -1.56270549017E+07  2.91552591705E+04 -5.35994374473E+02   20.9755560          1027064  0.25661    
      184600  -1.67718332         1248700.        0.000000       -43.43653     -1.56254657557E+07  2.91522940042E+04 -5.35994380182E+02   20.9746446          1027285  0.25777    
      184700  -1.67652593         1249332.        0.000000       -41.30047     -1.56217976095E+07  2.91454500617E+04 -5.35994385966E+02   20.9664705          1027774  0.25687    
      184800  -1.67808111         1249612.        0.000000       -42.13827     -1.56209311201E+07  2.91438329733E+04 -5.35994394916E+02   20.9632244          1028015  0.25786    
      184900  -1.68239142         1250485.        0.000000       -42.83412     -1.56263915199E+07  2.91540206153E+04 -5.35994390827E+02   20.9645816          1029009  0.25180    
      185000  -1.68223851         1249392.        0.000000       -43.30398     -1.56262169646E+07  2.91536946752E+04 -5.35994395865E+02   20.9742363          1028060  0.25816    
      185100  -1.67852184         1249217.        0.000000       -44.30620     -1.56175315574E+07  2.91374902485E+04 -5.35994398427E+02   20.9676401          1028258  0.25942    
      185200  -1.67855191         1249386.        0.000000       -42.20466     -1.56148025015E+07  2.91323988725E+04 -5.35994394758E+02   20.9645232          1028454  0.25523    
      185300  -1.67917086         1249986.        0.000000       -41.90617     -1.56127733819E+07  2.91286136870E+04 -5.35994385097E+02   20.9595202          1029100  0.25790    
      185400  -1.68137443         1249137.        0.000000       -42.09955     -1.56127448846E+07  2.91285600553E+04 -5.35994393647E+02   20.9655379          1028196  0.25416    
      185500  -1.67576308         1248187.        0.000000       -41.97908     -1.56068888919E+07  2.91176344788E+04 -5.35994395536E+02   20.9645797          1027166  0.25729    
      185600  -1.67388940         1248289.        0.000000       -42.43037     -1.56027197204E+07  2.91098563393E+04 -5.35994390989E+02   20.9594113          1027229  0.25688    
      185700  -1.67685809         1249548.        0.000000       -43.09479     -1.56076958889E+07  2.91191397145E+04 -5.35994402374E+02   20.9509327          1028176  0.25768    
      185800  -1.67920582         1249374.        0.000000       -43.62849     -1.56171589228E+07  2.91367944736E+04 -5.35994408616E+02   20.9597682          1028103  0.25782    
      185900  -1.67745334         1248643.        0.000000       -43.64364     -1.56227598989E+07  2.91472439404E+04 -5.35994412744E+02   20.9631642          1027102  0.25636    
      186000  -1.67536690         1248204.        0.000000       -42.55631     -1.56272222681E+07  2.91555698093E+04 -5.35994404167E+02   20.9657758          1026430  0.25382    
      186100  -1.67486789         1248355.        0.000000       -42.38308     -1.56301193613E+07  2.91609755256E+04 -5.35994392493E+02   20.9678513          1026626  0.25761    
      186200  -1.67593430         1249420.        0.000000       -42.57427     -1.56311371345E+07  2.91628745711E+04 -5.35994388908E+02   20.9586276          1027652  0.26417    
      186300  -1.67971413         1249982.        0.000000       -42.75581     -1.56413133787E+07  2.91818600039E+04 -5.35994394345E+02   20.9648386          1027949  0.25547    
      186400  -1.68468619         1251158.        0.000000       -42.46923     -1.56503274947E+07  2.91986773361E+04 -5.35994398463E+02   20.9682304          1029004  0.25751    
      186500  -1.68369945         1250171.        0.000000       -43.04804     -1.56548408872E+07  2.92070985021E+04 -5.35994388011E+02   20.9794341          1028416  0.26148    
      186600  -1.67838215         1248832.        0.000000       -44.10925     -1.56545417884E+07  2.92065408339E+04 -5.35994381445E+02   20.9798451          1027166  0.26023    
      186700  -1.67669749         1248524.        0.000000       -44.34278     -1.56549059636E+07  2.92072201290E+04 -5.35994384075E+02   20.9860120          1026826  0.25516    
      186800  -1.67429875         1247939.        0.000000       -42.61068     -1.56472842420E+07  2.91930004159E+04 -5.35994382869E+02   20.9771819          1026207  0.25210    
      186900  -1.67318945         1247840.        0.000000       -42.67914     -1.56477672176E+07  2.91939015849E+04 -5.35994381295E+02   20.9724053          1025938  0.25579    
      187000  -1.67416686         1248732.        0.000000       -42.61422     -1.56526469984E+07  2.92030060442E+04 -5.35994375877E+02   20.9754222          1026838  0.25213    
      187100  -1.67967495         1250399.        0.000000       -43.07692     -1.56604780957E+07  2.92176163596E+04 -5.35994377603E+02   20.9723499          1028013  0.26612    
      187200  -1.68358814         1250786.        0.000000       -42.40797     -1.56575214795E+07  2.92120992501E+04 -5.35994395521E+02   20.9775211          1028807  0.25889    
      187300  -1.68337535         1249912.        0.000000       -41.47572     -1.56481375970E+07  2.91945918581E+04 -5.35994394889E+02   20.9742901          1028333  0.25566    
      187400  -1.68094337         1249855.        0.000000       -42.25184     -1.56429511557E+07  2.91849158958E+04 -5.35994388729E+02   20.9687859          1028429  0.26352    
      187500  -1.68026738         1249135.        0.000000       -42.75015     -1.56413298843E+07  2.91818912645E+04 -5.35994385782E+02   20.9696052          1027595  0.25459    
      187600  -1.67779263         1248806.        0.000000       -43.81774     -1.56406946747E+07  2.91807064725E+04 -5.35994380035E+02   20.9677231          1027301  0.25502    
      187700  -1.67309424         1247328.        0.000000       -43.47265     -1.56401269236E+07  2.91796479825E+04 -5.35994366107E+02   20.9790604          1026048  0.25653    
      187800  -1.67044929         1247564.        0.000000       -43.01140     -1.56374843786E+07  2.91747177933E+04 -5.35994366400E+02   20.9694769          1025978  0.25527    
      187900  -1.67457953         1249116.        0.000000       -44.82412     -1.56495230393E+07  2.91971780402E+04 -5.35994369652E+02   20.9644132          1027019  0.25760    
      188000  -1.67832432         1249238.        0.000000       -45.80907     -1.56610552409E+07  2.92186938921E+04 -5.35994363702E+02   20.9765421          1027252  0.25770    
      188100  -1.67935493         1249458.        0.000000       -45.01324     -1.56650037990E+07  2.92260603198E+04 -5.35994370352E+02   20.9815736          1027313  0.25364    
      188200  -1.67969520         1249515.        0.000000       -44.70226     -1.56581153752E+07  2.92132085763E+04 -5.35994371668E+02   20.9758410          1027716  0.24978    
      188300  -1.67700571         1248232.        0.000000       -45.27012     -1.56543239866E+07  2.92061352400E+04 -5.35994367553E+02   20.9790256          1026695  0.25382    
      188400  -1.67582875         1248788.        0.000000       -46.09003     -1.56548045246E+07  2.92070320059E+04 -5.35994363324E+02   20.9754857          1027194  0.25841    
      188500  -1.67681617         1248850.        0.000000       -46.97022     -1.56532763314E+07  2.92041807108E+04 -5.35994366232E+02   20.9757557          1027244  0.25838    
      188600  -1.67684631         1248903.        0.000000       -48.68895     -1.56503297921E+07  2.91986833933E+04 -5.35994365955E+02   20.9745877          1027348  0.26499    
      188700  -1.67566310         1248291.        0.000000       -47.77406     -1.56458771739E+07  2.91903765024E+04 -5.35994360080E+02   20.9750742          1026844  0.25024    
      188800  -1.67714151         1248687.        0.000000       -46.41874     -1.56500285976E+07  2.91981216476E+04 -5.35994362461E+02   20.9784596          1027035  0.25528    
      188900  -1.67658207         1249095.        0.000000       -45.24786     -1.56480329034E+07  2.91943983448E+04 -5.35994361609E+02   20.9764327          1027382  0.26112    
      189000  -1.67885878         1249335.        0.000000       -44.17255     -1.56478757625E+07  2.91941054975E+04 -5.35994355566E+02   20.9776317          1027641  0.26125    
      189100  -1.67880249         1249117.        0.000000       -43.06335     -1.56422161074E+07  2.91835467776E+04 -5.35994347316E+02   20.9759870          1027662  0.25936    
      189200  -1.67828803         1248881.        0.000000       -43.37267     -1.56411026722E+07  2.91814692817E+04 -5.35994350430E+02   20.9736130          1027425  0.25375    
      189300  -1.67775579         1249412.        0.000000       -42.65487     -1.56468325655E+07  2.91921593993E+04 -5.35994352165E+02   20.9747885          1027806  0.25461    
      189400  -1.67985959         1249861.        0.000000       -43.33269     -1.56480038606E+07  2.91943440841E+04 -5.35994363001E+02   20.9756200          1028137  0.25393    
      189500  -1.68131047         1250212.        0.000000       -43.11068     -1.56441565261E+07  2.91871660060E+04 -5.35994365566E+02   20.9690672          1028565  0.25756    
      189600  -1.68272816         1249611.        0.000000       -44.90255     -1.56454871514E+07  2.91896481422E+04 -5.35994372908E+02   20.9765877          1028011  0.25997    
      189700  -1.67695803         1247790.        0.000000       -44.49771     -1.56345791208E+07  2.91692974738E+04 -5.35994366502E+02   20.9717412          1026426  0.25702    
      189800  -1.67190685         1247511.        0.000000       -44.19615     -1.56318757801E+07  2.91642540007E+04 -5.35994364188E+02   20.9729945          1026021  0.25211    
      189900  -1.67301775         1247680.        0.000000       -43.78180     -1.56377711219E+07  2.91752526851E+04 -5.35994367921E+02   20.9735146          1025901  0.25484    
      190000  -1.67229336         1247718.        0.000000       -43.47400     -1.56428110471E+07  2.91846550164E+04 -5.35994379182E+02   20.9727385          1025674  0.25706    
      190100  -1.67755034         1250196.        0.000000       -45.17155     -1.56612753860E+07  2.92191042138E+04 -5.35994371059E+02   20.9731795          1027624  0.26096    
      190200  -1.68420399         1251003.        0.000000       -43.90176     -1.56711909311E+07  2.92376037985E+04 -5.35994366677E+02   20.9809030          1028281  0.25410    
      190300  -1.68192189         1249627.        0.000000       -44.02674     -1.56659840412E+07  2.92278890680E+04 -5.35994371840E+02   20.9894578          1027350  0.25594    
      190400  -1.68193716         1249956.        0.000000       -45.72343     -1.56612082430E+07  2.92189786418E+04 -5.35994376634E+02   20.9840147          1027916  0.25873    
      190500  -1.67910892         1248963.        0.000000       -44.75203     -1.56554785048E+07  2.92082882075E+04 -5.35994386033E+02   20.9882415          1027254  0.25446    
      190600  -1.67788829         1249335.        0.000000       -45.42294     -1.56518970902E+07  2.92016066838E+04 -5.35994380711E+02   20.9806589          1027563  0.25771    
      190700  -1.68052605         1250103.        0.000000       -45.16922     -1.56550543208E+07  2.92074974612E+04 -5.35994374103E+02   20.9800656          1028155  0.26427    
      190800  -1.68108765         1249796.        0.000000       -45.22654     -1.56547971205E+07  2.92070177297E+04 -5.35994371810E+02   20.9818186          1027917  0.25622    
      190900  -1.67970222         1249250.        0.000000       -44.22055     -1.56537852214E+07  2.92051298529E+04 -5.35994371545E+02   20.9819111          1027337  0.25817    
      191000  -1.67759068         1249119.        0.000000       -43.87768     -1.56504990274E+07  2.91989983490E+04 -5.35994380366E+02   20.9844715          1027346  0.25883    
      191100  -1.67945721         1249928.        0.000000       -45.87615     -1.56476207123E+07  2.91936278741E+04 -5.35994388220E+02   20.9722176          1028028  0.25594    
      191200  -1.68256180         1250755.        0.000000       -45.65254     -1.56539598943E+07  2.92054549660E+04 -5.35994385725E+02   20.9743073          1028607  0.25399    
      191300  -1.68272155         1250081.        0.000000       -44.28902     -1.56534631394E+07  2.92045281691E+04 -5.35994385829E+02   20.9805862          1028073  0.25950    
      191400  -1.68446434         1250813.        0.000000       -43.34271     -1.56500429424E+07  2.91981470892E+04 -5.35994386719E+02   20.9742403          1028995  0.26461    
      191500  -1.68367771         1250606.        0.000000       -43.94622     -1.56494550464E+07  2.91970505042E+04 -5.35994382177E+02   20.9702963          1028626  0.25637    
      191600  -1.68204954         1249095.        0.000000       -43.24274     -1.56474641887E+07  2.91933365277E+04 -5.35994375766E+02   20.9790967          1027239  0.25456    
      191700  -1.67836176         1248937.        0.000000       -41.63832     -1.56420215051E+07  2.91831821885E+04 -5.35994375255E+02   20.9748323          1027112  0.25518    
      191800  -1.67828812         1249783.        0.000000       -42.96707     -1.56428741670E+07  2.91847727200E+04 -5.35994380257E+02   20.9678221          1027737  0.26215    
      191900  -1.68023627         1249400.        0.000000       -43.47974     -1.56468464048E+07  2.91921837808E+04 -5.35994378576E+02   20.9759154          1027463  0.25149    
      192000  -1.67960924         1249926.        0.000000       -44.35543     -1.56437467240E+07  2.91864004173E+04 -5.35994384382E+02   20.9683322          1028024  0.26258    
      192100  -1.68158881         1249127.        0.000000       -45.33375     -1.56489027860E+07  2.91960200549E+04 -5.35994384050E+02   20.9809934          1027289  0.25981    
      192200  -1.67815379         1249418.        0.000000       -45.92981     -1.56457662382E+07  2.91901679521E+04 -5.35994389064E+02   20.9760555          1027640  0.25826    
      192300  -1.67721547         1248200.        0.000000       -44.81715     -1.56370512477E+07  2.91739090368E+04 -5.35994378674E+02   20.9779127          1026670  0.25659    
      192400  -1.67242873         1248001.        0.000000       -46.55794     -1.56327895070E+07  2.91659575559E+04 -5.35994385817E+02   20.9674863          1026529  0.26429    
      192500  -1.67586607         1249196.        0.000000       -45.84585     -1.56469995701E+07  2.91924692345E+04 -5.35994384182E+02   20.9674238          1027261  0.25917    
      192600  -1.67982064         1249180.        0.000000       -46.89068     -1.56535340361E+07  2.92046602537E+04 -5.35994389256E+02   20.9784114          1027196  0.25612    
      192700  -1.67812320         1249322.        0.000000       -46.18087     -1.56440583271E+07  2.91869810332E+04 -5.35994397957E+02   20.9740300          1027719  0.25967    
      192800  -1.67881531         1249261.        0.000000       -45.44866     -1.56402754362E+07  2.91799233702E+04 -5.35994397168E+02   20.9725544          1027544  0.25678    
      192900  -1.67930896         1248928.        0.000000       -44.08785     -1.56373108557E+07  2.91743924655E+04 -5.35994395570E+02   20.9675777          1027180  0.26495    
      193000  -1.67524753         1248059.        0.000000       -45.52913     -1.56432422634E+07  2.91854592245E+04 -5.35994384841E+02   20.9752274          1026215  0.26220    
      193100  -1.67557696         1248388.        0.000000       -45.23126     -1.56431774070E+07  2.91853385220E+04 -5.35994379340E+02   20.9768037          1026683  0.26453    
      193200  -1.67666545         1248955.        0.000000       -45.59879     -1.56409391179E+07  2.91811623849E+04 -5.35994382662E+02   20.9710792          1027215  0.25900    
      193300  -1.67991386         1250271.        0.000000       -44.77825     -1.56446744054E+07  2.91881309820E+04 -5.35994388096E+02   20.9710961          1028515  0.26013    
      193400  -1.68499119         1250934.        0.000000       -44.85952     -1.56487130953E+07  2.91956656823E+04 -5.35994392646E+02   20.9732572          1029141  0.26099    
      193500  -1.68221439         1249382.        0.000000       -43.89106     -1.56439389682E+07  2.91867584937E+04 -5.35994395252E+02   20.9809238          1027765  0.26229    
      193600  -1.67742104         1248608.        0.000000       -43.51692     -1.56343971050E+07  2.91689562210E+04 -5.35994397144E+02   20.9749005          1027213  0.25393    
      193700  -1.67390686         1247986.        0.000000       -43.92678     -1.56311621221E+07  2.91629207042E+04 -5.35994397838E+02   20.9722166          1026504  0.26467    
      193800  -1.67679685         1249678.        0.000000       -43.00825     -1.56347207526E+07  2.91695600894E+04 -5.35994396372E+02   20.9646150          1027892  0.25389    
      193900  -1.68229775         1250972.        0.000000       -43.15838     -1.56452388574E+07  2.91891838960E+04 -5.35994391386E+02   20.9646978          1028995  0.26340    
      194000  -1.68479601         1250153.        0.000000       -43.27550     -1.56486076697E+07  2.91954693251E+04 -5.35994386506E+02   20.9789897          1028298  0.25829    
      194100  -1.67977899         1248925.        0.000000       -43.59315     -1.56397472727E+07  2.91789388757E+04 -5.35994380717E+02   20.9791425          1027306  0.25573    
      194200  -1.67659546         1248787.        0.000000       -44.34899     -1.56331966167E+07  2.91667174747E+04 -5.35994378877E+02   20.9736475          1027285  0.25754    
      194300  -1.67682864         1249207.        0.000000       -45.08881     -1.56311523722E+07  2.91629044289E+04 -5.35994362645E+02   20.9718617          1027711  0.26108    
      194400  -1.67859101         1249221.        0.000000       -45.43847     -1.56274578589E+07  2.91560114842E+04 -5.35994364913E+02   20.9663429          1027818  0.25577    
      194500  -1.67830433         1249329.        0.000000       -46.01926     -1.56324618184E+07  2.91653472736E+04 -5.35994365909E+02   20.9663960          1027739  0.25665    
      194600  -1.67713999         1248421.        0.000000       -46.93933     -1.56347109262E+07  2.91695432699E+04 -5.35994368560E+02   20.9749375          1026911  0.25877    
      194700  -1.67443637         1248591.        0.000000       -46.30908     -1.56353855422E+07  2.91708021588E+04 -5.35994363715E+02   20.9719636          1026957  0.26271    
      194800  -1.67632549         1249379.        0.000000       -45.44372     -1.56403384567E+07  2.91800427643E+04 -5.35994363785E+02   20.9702490          1027338  0.26054    
      194900  -1.68118760         1249775.        0.000000       -45.32220     -1.56482938017E+07  2.91948849632E+04 -5.35994364128E+02   20.9785167          1027808  0.25008    
      195000  -1.67757487         1248656.        0.000000       -45.11545     -1.56460899365E+07  2.91907733879E+04 -5.35994361251E+02   20.9852358          1026916  0.25634    
      195100  -1.67744138         1249611.        0.000000       -44.79965     -1.56454712471E+07  2.91896193081E+04 -5.35994357513E+02   20.9821921          1027778  0.25255    
      195200  -1.67892474         1249300.        0.000000       -46.84384     -1.56466239628E+07  2.91917700180E+04 -5.35994355710E+02   20.9794344          1027464  0.25530    
      195300  -1.68013021         1249753.        0.000000       -45.51195     -1.56524006559E+07  2.92025473505E+04 -5.35994359260E+02   20.9804414          1027757  0.26027    
      195400  -1.68067574         1249379.        0.000000       -46.23076     -1.56523155809E+07  2.92023888531E+04 -5.35994355107E+02   20.9864256          1027609  0.25836    
      195500  -1.67569105         1247953.        0.000000       -48.96603     -1.56464544867E+07  2.91914538672E+04 -5.35994354989E+02   20.9843706          1026160  0.26329    
      195600  -1.67521915         1248853.        0.000000       -47.98308     -1.56406479148E+07  2.91806198327E+04 -5.35994369017E+02   20.9763254          1027070  0.24909    
      195700  -1.67845324         1249430.        0.000000       -48.51946     -1.56443474389E+07  2.91875216152E+04 -5.35994376130E+02   20.9737372          1027559  0.25540    
      195800  -1.67912908         1248593.        0.000000       -49.30442     -1.56506814025E+07  2.91993388431E+04 -5.35994375988E+02   20.9863770          1026507  0.25642    
      195900  -1.67331146         1247529.        0.000000       -48.17217     -1.56409472555E+07  2.91811782850E+04 -5.35994369477E+02   20.9861842          1025751  0.25628    
      196000  -1.67473780         1248731.        0.000000       -49.26103     -1.56399589685E+07  2.91793346848E+04 -5.35994365103E+02   20.9706977          1026664  0.25850    
      196100  -1.67876270         1250356.        0.000000       -48.73059     -1.56552472399E+07  2.92078578092E+04 -5.35994366383E+02   20.9771234          1028288  0.25767    
      196200  -1.68441366         1250678.        0.000000       -49.61670     -1.56631332996E+07  2.92225709232E+04 -5.35994363423E+02   20.9831234          1028356  0.26298    
      196300  -1.68316433         1250236.        0.000000       -49.48511     -1.56600649177E+07  2.92168462250E+04 -5.35994364246E+02   20.9884096          1028364  0.25473    
      196400  -1.68221555         1249843.        0.000000       -50.18719     -1.56511170744E+07  2.92001519047E+04 -5.35994371725E+02   20.9801100          1028068  0.25972    
      196500  -1.68163031         1249792.        0.000000       -48.91459     -1.56451667968E+07  2.91890508176E+04 -5.35994366331E+02   20.9787660          1028207  0.25874    
      196600  -1.68045859         1248852.        0.000000       -47.95414     -1.56404654242E+07  2.91802798562E+04 -5.35994359934E+02   20.9766761          1027300  0.26449    
      196700  -1.67798968         1249343.        0.000000       -48.61207     -1.56356253305E+07  2.91712498586E+04 -5.35994357675E+02   20.9689641          1027678  0.25892    
      196800  -1.67966858         1249723.        0.000000       -48.24734     -1.56402096262E+07  2.91798022162E+04 -5.35994367280E+02   20.9708326          1027985  0.25914    
      196900  -1.67868046         1249220.        0.000000       -46.95860     -1.56410180576E+07  2.91813105016E+04 -5.35994367245E+02   20.9759330          1027477  0.25315    
      197000  -1.67737927         1248829.        0.000000       -45.40729     -1.56323238004E+07  2.91650898640E+04 -5.35994364265E+02   20.9736303          1027412  0.25220    
      197100  -1.67739140         1248790.        0.000000       -46.09815     -1.56321013901E+07  2.91646748535E+04 -5.35994365395E+02   20.9680638          1027132  0.25854    
      197200  -1.67605152         1248535.        0.000000       -45.24724     -1.56368683549E+07  2.91735683871E+04 -5.35994368171E+02   20.9755629          1026853  0.25232    
      197300  -1.67469800         1248440.        0.000000       -46.42494     -1.56351513779E+07  2.91703657079E+04 -5.35994355865E+02   20.9743266          1026791  0.26234    
      197400  -1.67738400         1249587.        0.000000       -45.92637     -1.56404701294E+07  2.91802885624E+04 -5.35994361261E+02   20.9678189          1027451  0.26113    
      197500  -1.68230425         1250631.        0.000000       -45.52192     -1.56486107046E+07  2.91954761188E+04 -5.35994365736E+02   20.9740395          1028609  0.25561    
      197600  -1.68210627         1249630.        0.000000       -46.69220     -1.56462628050E+07  2.91910956366E+04 -5.35994366221E+02   20.9776627          1027726  0.25622    
      197700  -1.68170539         1250520.        0.000000       -44.81949     -1.56450794258E+07  2.91888880062E+04 -5.35994362735E+02   20.9774403          1028728  0.25482    
      197800  -1.68006830         1249305.        0.000000       -45.29723     -1.56363251010E+07  2.91725553491E+04 -5.35994358873E+02   20.9734330          1027742  0.25474    
      197900  -1.67857124         1248703.        0.000000       -45.03737     -1.56372377780E+07  2.91742586828E+04 -5.35994348580E+02   20.9775404          1026989  0.25872    
      198000  -1.67579169         1248019.        0.000000       -44.77778     -1.56327370275E+07  2.91658615526E+04 -5.35994350768E+02   20.9765551          1026178  0.26419    
      198100  -1.67236996         1247598.        0.000000       -44.34935     -1.56293248451E+07  2.91594948482E+04 -5.35994362264E+02   20.9732612          1025806  0.26008    
      198200  -1.67388774         1248231.        0.000000       -44.67036     -1.56360796803E+07  2.91720965775E+04 -5.35994375266E+02   20.9773926          1026287  0.25657    
      198300  -1.67753090         1249445.        0.000000       -44.59518     -1.56440811412E+07  2.91870246467E+04 -5.35994378687E+02   20.9726096          1027196  0.26131    
      198400  -1.68046995         1249824.        0.000000       -44.16272     -1.56540708577E+07  2.92056625385E+04 -5.35994375647E+02   20.9792868          1027535  0.25408    
      198500  -1.68024321         1249701.        0.000000       -44.75078     -1.56603736267E+07  2.92174215769E+04 -5.35994375325E+02   20.9896735          1027483  0.26017    
      198600  -1.68062196         1249623.        0.000000       -44.89661     -1.56561761064E+07  2.92095898491E+04 -5.35994383601E+02   20.9847498          1027349  0.25711    
      198700  -1.67582821         1248066.        0.000000       -44.82708     -1.56482932479E+07  2.91948825882E+04 -5.35994388765E+02   20.9834814          1026120  0.26207    
      198800  -1.67748051         1249790.        0.000000       -43.88638     -1.56574700396E+07  2.92120037979E+04 -5.35994386005E+02   20.9796879          1027562  0.26254    
      198900  -1.68019087         1249693.        0.000000       -44.42079     -1.56597008390E+07  2.92161656050E+04 -5.35994389228E+02   20.9826462          1027627  0.25674    
      199000  -1.67880021         1249139.        0.000000       -44.26417     -1.56551704577E+07  2.92077128207E+04 -5.35994398255E+02   20.9873516          1027267  0.25919    
      199100  -1.67985094         1249276.        0.000000       -44.92641     -1.56540655787E+07  2.92056516886E+04 -5.35994394016E+02   20.9786623          1027335  0.25730    
      199200  -1.67800480         1248611.        0.000000       -44.20296     -1.56572039547E+07  2.92115068427E+04 -5.35994395597E+02   20.9919329          1026717  0.25563    
      199300  -1.67999742         1249951.        0.000000       -46.84309     -1.56512838750E+07  2.92004622169E+04 -5.35994387992E+02   20.9765620          1027842  0.25539    
      199400  -1.68360499         1250853.        0.000000       -46.39511     -1.56540865197E+07  2.92056914578E+04 -5.35994381173E+02   20.9824580          1028910  0.26423    
      199500  -1.68186503         1249851.        0.000000       -47.07570     -1.56437664910E+07  2.91864377849E+04 -5.35994375412E+02   20.9780012          1028106  0.26042    
      199600  -1.68403075         1251618.        0.000000       -47.50194     -1.56431019663E+07  2.91851974515E+04 -5.35994385245E+02   20.9693610          1029921  0.25766    
      199700  -1.68730985         1250610.        0.000000       -47.73601     -1.56356450804E+07  2.91712847583E+04 -5.35994393455E+02   20.9737159          1029244  0.26397    
      199800  -1.67977195         1248430.        0.000000       -47.21652     -1.56209614271E+07  2.91438890313E+04 -5.35994403847E+02   20.9755778          1027549  0.26078    
      199900  -1.67648743         1248644.        0.000000       -47.60617     -1.56117065915E+07  2.91266225448E+04 -5.35994400569E+02   20.9618442          1027790  0.25673    
      200000  -1.67375545         1248259.        0.000000       -47.87326     -1.56103621147E+07  2.91241145695E+04 -5.35994393149E+02   20.9621068          1027415  0.25931    
      200100  -1.67617285         1249092.        0.000000       -46.97576     -1.56144412895E+07  2.91317251358E+04 -5.35994391570E+02   20.9600328          1027996  0.25972    
      200200  -1.67749110         1248846.        0.000000       -47.59748     -1.56193234702E+07  2.91408341459E+04 -5.35994384788E+02   20.9633772          1027542  0.25543    
      200300  -1.67662588         1249085.        0.000000       -49.16847     -1.56211257522E+07  2.91441972993E+04 -5.35994372802E+02   20.9606992          1027739  0.25238    
      200400  -1.68002793         1249422.        0.000000       -49.05195     -1.56295290411E+07  2.91598754544E+04 -5.35994368890E+02   20.9648633          1027921  0.25746    
      200500  -1.67823626         1249088.        0.000000       -48.03953     -1.56305077930E+07  2.91617016436E+04 -5.35994366312E+02   20.9703020          1027729  0.25973    
      200600  -1.68054204         1250396.        0.000000       -47.89525     -1.56332630249E+07  2.91668424573E+04 -5.35994358930E+02   20.9576269          1028676  0.25382    
      200700  -1.68351788         1249749.        0.000000       -46.68264     -1.56364527313E+07  2.91727930154E+04 -5.35994367185E+02   20.9726221          1028352  0.26216    
      200800  -1.67987272         1248691.        0.000000       -45.65186     -1.56306675852E+07  2.91619996115E+04 -5.35994369159E+02   20.9748164          1027538  0.25914    
      200900  -1.67676406         1248484.        0.000000       -45.68122     -1.56232254257E+07  2.91481153757E+04 -5.35994359305E+02   20.9641466          1027336  0.25682    
      201000  -1.67832024         1249669.        0.000000       -45.95972     -1.56220755469E+07  2.91459697994E+04 -5.35994364036E+02   20.9583292          1028557  0.25864    
      201100  -1.68044216         1249980.        0.000000       -46.02177     -1.56241443177E+07  2.91498291314E+04 -5.35994370575E+02   20.9616222          1028734  0.25848    
      201200  -1.68243587         1250170.        0.000000       -45.99872     -1.56244421500E+07  2.91503842623E+04 -5.35994380361E+02   20.9634388          1028933  0.25704    
      201300  -1.67822490         1248721.        0.000000       -45.52919     -1.56099507124E+07  2.91233474980E+04 -5.35994384351E+02   20.9660386          1027991  0.25408    
      201400  -1.67530650         1248447.        0.000000       -46.02335     -1.56030234728E+07  2.91104232101E+04 -5.35994387994E+02   20.9560270          1027556  0.25305    
      201500  -1.67749882         1249704.        0.000000       -44.50471     -1.56039838003E+07  2.91122149215E+04 -5.35994387319E+02   20.9496311          1028712  0.26815    
      201600  -1.68050672         1249356.        0.000000       -45.04867     -1.56077466350E+07  2.91192355903E+04 -5.35994380300E+02   20.9568183          1028301  0.25764    
      201700  -1.67756426         1249253.        0.000000       -46.18226     -1.56038694809E+07  2.91120017904E+04 -5.35994384489E+02   20.9519745          1028356  0.26216    
      201800  -1.67802981         1249081.        0.000000       -46.73744     -1.56064400663E+07  2.91167970274E+04 -5.35994397034E+02   20.9578342          1028229  0.26345    
      201900  -1.67896369         1249038.        0.000000       -46.43598     -1.56061027708E+07  2.91161671724E+04 -5.35994407452E+02   20.9591744          1028037  0.25468    
      202000  -1.67790659         1249109.        0.000000       -44.69544     -1.56046600744E+07  2.91134748334E+04 -5.35994420580E+02   20.9522508          1027889  0.25246    
      202100  -1.67769502         1249028.        0.000000       -45.41067     -1.56120075360E+07  2.91271829770E+04 -5.35994419655E+02   20.9585484          1027758  0.25452    
      202200  -1.67768187         1249150.        0.000000       -44.77661     -1.56109630042E+07  2.91252347413E+04 -5.35994409759E+02   20.9609512          1027876  0.25698    
      202300  -1.67953820         1249332.        0.000000       -43.82448     -1.56154564648E+07  2.91336187087E+04 -5.35994399491E+02   20.9592104          1027939  0.25771    
      202400  -1.67913098         1249210.        0.000000       -44.64035     -1.56216756873E+07  2.91452224261E+04 -5.35994389027E+02   20.9652090          1027944  0.25606    
      202500  -1.67909622         1249976.        0.000000       -44.72210     -1.56266957823E+07  2.91545885561E+04 -5.35994385660E+02   20.9644835          1028541  0.25389    
      202600  -1.68069393         1250012.        0.000000       -44.34765     -1.56311720049E+07  2.91629400903E+04 -5.35994380420E+02   20.9663083          1028440  0.25282    
      202700  -1.68348657         1250663.        0.000000       -44.37636     -1.56306311957E+07  2.91619310492E+04 -5.35994381486E+02   20.9703370          1029381  0.25261    
      202800  -1.68280052         1250247.        0.000000       -44.31447     -1.56218783720E+07  2.91456011841E+04 -5.35994377789E+02   20.9639476          1029145  0.25741    
      202900  -1.68116767         1249253.        0.000000       -44.00755     -1.56205996171E+07  2.91432150827E+04 -5.35994384038E+02   20.9675631          1028266  0.25646    
      203000  -1.67931230         1249906.        0.000000       -45.24819     -1.56155635091E+07  2.91338187616E+04 -5.35994393211E+02   20.9576314          1028786  0.25721    
      203100  -1.68012968         1249709.        0.000000       -45.58793     -1.56193334503E+07  2.91408522751E+04 -5.35994393809E+02   20.9619937          1028705  0.26001    
      203200  -1.68081252         1249368.        0.000000       -45.97282     -1.56164267621E+07  2.91354298109E+04 -5.35994384277E+02   20.9633830          1028513  0.25917    
      203300  -1.67834720         1249208.        0.000000       -46.30180     -1.56144316317E+07  2.91317074741E+04 -5.35994385006E+02   20.9634822          1028497  0.25826    
      203400  -1.67960986         1249836.        0.000000       -46.93084     -1.56128950689E+07  2.91288408048E+04 -5.35994383489E+02   20.9516529          1029046  0.25659    
      203500  -1.67990800         1249786.        0.000000       -45.34208     -1.56180275531E+07  2.91384165953E+04 -5.35994380548E+02   20.9572089          1028977  0.25405    
      203600  -1.68305539         1250407.        0.000000       -43.91645     -1.56196723338E+07  2.91414851182E+04 -5.35994382937E+02   20.9574034          1029541  0.25635    
      203700  -1.68110788         1249950.        0.000000       -44.16315     -1.56144685516E+07  2.91317762584E+04 -5.35994386788E+02   20.9573397          1029259  0.25965    
      203800  -1.68144804         1250286.        0.000000       -43.23813     -1.56094698584E+07  2.91224503045E+04 -5.35994385608E+02   20.9481570          1029424  0.25599    
      203900  -1.68120379         1250132.        0.000000       -42.88813     -1.56149777156E+07  2.91327261304E+04 -5.35994388090E+02   20.9551389          1029324  0.26294    
      204000  -1.67919157         1249034.        0.000000       -45.21247     -1.56141731173E+07  2.91312248560E+04 -5.35994390709E+02   20.9580666          1028316  0.25945    
      204100  -1.67888583         1249058.        0.000000       -44.80054     -1.56134458218E+07  2.91298681973E+04 -5.35994386107E+02   20.9572765          1028283  0.25576    
      204200  -1.67558946         1248267.        0.000000       -44.01560     -1.56077132573E+07  2.91191730277E+04 -5.35994385640E+02   20.9569070          1027603  0.25724    
      204300  -1.67447155         1248539.        0.000000       -42.56359     -1.56054130987E+07  2.91148821883E+04 -5.35994375582E+02   20.9518987          1027768  0.26044    
      204400  -1.67644584         1248820.        0.000000       -42.74427     -1.56088632897E+07  2.91213198505E+04 -5.35994363230E+02   20.9525290          1027713  0.25464    
      204500  -1.67924051         1249558.        0.000000       -42.52430     -1.56223648892E+07  2.91465100199E+04 -5.35994356734E+02   20.9541502          1028128  0.25738    
      204600  -1.67728189         1248910.        0.000000       -43.83196     -1.56290473395E+07  2.91589773149E+04 -5.35994358468E+02   20.9709966          1027669  0.25450    
      204700  -1.67704121         1248731.        0.000000       -44.35494     -1.56293194309E+07  2.91594850411E+04 -5.35994356856E+02   20.9712284          1027378  0.26086    
      204800  -1.67652020         1248288.        0.000000       -44.53085     -1.56304471559E+07  2.91615884329E+04 -5.35994367793E+02   20.9735778          1026943  0.25316    
      204900  -1.67431184         1247999.        0.000000       -44.97495     -1.56342595698E+07  2.91687006816E+04 -5.35994377687E+02   20.9724459          1026394  0.25845    
      205000  -1.67479553         1248690.        0.000000       -45.66479     -1.56421384304E+07  2.91834004322E+04 -5.35994373470E+02   20.9709613          1026754  0.25233    
      205100  -1.67784468         1249377.        0.000000       -45.20123     -1.56563742431E+07  2.92099593610E+04 -5.35994386352E+02   20.9792994          1027208  0.25958    
      205200  -1.67942930         1249607.        0.000000       -44.31099     -1.56608932537E+07  2.92183898300E+04 -5.35994397531E+02   20.9834689          1027425  0.25808    
      205300  -1.67850864         1249063.        0.000000       -43.46728     -1.56651785431E+07  2.92263848784E+04 -5.35994397125E+02   20.9918152          1026877  0.25521    
      205400  -1.67894567         1249419.        0.000000       -43.49829     -1.56625997501E+07  2.92215740331E+04 -5.35994390047E+02   20.9872980          1027118  0.26166    
      205500  -1.67774618         1248971.        0.000000       -43.15778     -1.56626922107E+07  2.92217471651E+04 -5.35994378508E+02   20.9866744          1026471  0.25911    
      205600  -1.67717446         1248797.        0.000000       -43.14563     -1.56608787471E+07  2.92183637830E+04 -5.35994378857E+02   20.9923045          1026448  0.25474    
      205700  -1.68222676         1251175.        0.000000       -45.03356     -1.56678809827E+07  2.92314273555E+04 -5.35994386869E+02   20.9789499          1028682  0.26118    
      205800  -1.68464989         1250124.        0.000000       -44.69323     -1.56712915812E+07  2.92377902794E+04 -5.35994390530E+02   20.9938163          1027868  0.25376    
      205900  -1.68082361         1249585.        0.000000       -45.10546     -1.56630602838E+07  2.92224330525E+04 -5.35994393611E+02   20.9915088          1027529  0.26027    
      206000  -1.67989446         1249696.        0.000000       -44.09537     -1.56561244540E+07  2.92094928136E+04 -5.35994395859E+02   20.9852122          1027781  0.26209    
      206100  -1.67863529         1249099.        0.000000       -45.26930     -1.56511449278E+07  2.92002019812E+04 -5.35994406404E+02   20.9805973          1027291  0.25801    
      206200  -1.67525583         1248029.        0.000000       -44.22342     -1.56480788613E+07  2.91944814687E+04 -5.35994409699E+02   20.9873936          1026299  0.25546    
      206300  -1.67459796         1249094.        0.000000       -45.03699     -1.56464797830E+07  2.91914976554E+04 -5.35994417541E+02   20.9751897          1027039  0.25698    
      206400  -1.67718853         1249122.        0.000000       -45.91363     -1.56505841255E+07  2.91991548629E+04 -5.35994421722E+02   20.9781743          1027042  0.26245    
      206500  -1.68138925         1250424.        0.000000       -45.49379     -1.56542982168E+07  2.92060846507E+04 -5.35994413629E+02   20.9756114          1028302  0.25781    
      206600  -1.68115201         1249505.        0.000000       -44.43291     -1.56519541069E+07  2.92017114324E+04 -5.35994410573E+02   20.9823375          1027517  0.26246    
      206700  -1.67789936         1249407.        0.000000       -43.26909     -1.56408807372E+07  2.91810521924E+04 -5.35994406032E+02   20.9756454          1027786  0.26431    
      206800  -1.67988488         1249179.        0.000000       -43.65300     -1.56381890304E+07  2.91760300134E+04 -5.35994411275E+02   20.9710074          1027397  0.25767    
      206900  -1.67804875         1248850.        0.000000       -41.56809     -1.56360196881E+07  2.91719829813E+04 -5.35994405939E+02   20.9713975          1027096  0.26337    
      207000  -1.67558323         1248558.        0.000000       -42.77982     -1.56355959999E+07  2.91711926188E+04 -5.35994403939E+02   20.9719720          1026845  0.25518    
      207100  -1.67862520         1249613.        0.000000       -42.59120     -1.56412380400E+07  2.91817185885E+04 -5.35994410081E+02   20.9693242          1027484  0.25786    
      207200  -1.68000803         1249768.        0.000000       -43.05455     -1.56416311717E+07  2.91824523572E+04 -5.35994404455E+02   20.9729564          1027862  0.25531    
      207300  -1.68165357         1250142.        0.000000       -43.71441     -1.56368059806E+07  2.91734500885E+04 -5.35994403581E+02   20.9672900          1028218  0.25528    
      207400  -1.68225085         1250269.        0.000000       -43.70925     -1.56336122082E+07  2.91674917107E+04 -5.35994399632E+02   20.9676248          1028702  0.26004    
      207500  -1.68091693         1249273.        0.000000       -43.41365     -1.56252087902E+07  2.91518137021E+04 -5.35994396432E+02   20.9704353          1028065  0.25905    
      207600  -1.68001697         1249322.        0.000000       -44.05561     -1.56183334899E+07  2.91389871431E+04 -5.35994384884E+02   20.9608375          1028083  0.26057    
      207700  -1.67758099         1248776.        0.000000       -42.92402     -1.56154802226E+07  2.91336643208E+04 -5.35994375808E+02   20.9602552          1027648  0.25396    
      207800  -1.67595312         1248390.        0.000000       -42.95586     -1.56180619054E+07  2.91384809567E+04 -5.35994375567E+02   20.9660601          1027160  0.25573    
      207900  -1.67574063         1248676.        0.000000       -42.96496     -1.56156585842E+07  2.91339972558E+04 -5.35994372730E+02   20.9614316          1027491  0.26082    
      208000  -1.67683540         1249172.        0.000000       -42.23800     -1.56174108017E+07  2.91372664385E+04 -5.35994371148E+02   20.9568391          1027783  0.25584    
      208100  -1.68004551         1249834.        0.000000       -43.78256     -1.56250024444E+07  2.91514301016E+04 -5.35994371115E+02   20.9616275          1028298  0.25414    
      208200  -1.68242904         1250582.        0.000000       -45.81623     -1.56293204760E+07  2.91594859369E+04 -5.35994376232E+02   20.9630518          1029113  0.25825    
      208300  -1.68207406         1249800.        0.000000       -46.38781     -1.56268870810E+07  2.91549464195E+04 -5.35994368027E+02   20.9666405          1028515  0.25611    
      208400  -1.68001652         1249620.        0.000000       -46.24248     -1.56238340193E+07  2.91492502944E+04 -5.35994369033E+02   20.9657963          1028535  0.25640    
      208500  -1.67855630         1248384.        0.000000       -45.51172     -1.56226260320E+07  2.91469965549E+04 -5.35994369182E+02   20.9706587          1027391  0.25924    
      208600  -1.67489561         1248152.        0.000000       -44.48660     -1.56165720998E+07  2.91357018848E+04 -5.35994367375E+02   20.9672687          1027318  0.25540    
      208700  -1.67351476         1247773.        0.000000       -46.02790     -1.56183294906E+07  2.91389812787E+04 -5.35994355507E+02   20.9665923          1026614  0.25657    
      208800  -1.67702939         1249446.        0.000000       -44.91256     -1.56297040367E+07  2.91602029800E+04 -5.35994349812E+02   20.9671923          1027926  0.26362    
      208900  -1.67930888         1249721.        0.000000       -44.05965     -1.56333568870E+07  2.91670181143E+04 -5.35994349019E+02   20.9713644          1028167  0.25743    
      209000  -1.67934965         1249420.        0.000000       -45.17811     -1.56325153763E+07  2.91654485292E+04 -5.35994341409E+02   20.9702164          1027980  0.26268    
      209100  -1.67631060         1248833.        0.000000       -47.08919     -1.56239249932E+07  2.91494218601E+04 -5.35994335263E+02   20.9672868          1027443  0.25653    
      209200  -1.67966565         1249594.        0.000000       -48.31046     -1.56262280476E+07  2.91537186235E+04 -5.35994335728E+02   20.9651115          1028075  0.25838    
      209300  -1.68051314         1249468.        0.000000       -48.79876     -1.56246970445E+07  2.91508618862E+04 -5.35994342312E+02   20.9691568          1028169  0.25691    
      209400  -1.68167761         1250178.        0.000000       -48.00049     -1.56260344809E+07  2.91533570751E+04 -5.35994343314E+02   20.9675339          1028742  0.25953    
      209500  -1.68139890         1249723.        0.000000       -47.27102     -1.56247499678E+07  2.91509601606E+04 -5.35994350847E+02   20.9683700          1028509  0.26021    
      209600  -1.68114918         1249954.        0.000000       -46.53555     -1.56224151563E+07  2.91466037971E+04 -5.35994356838E+02   20.9617944          1028743  0.25873    
      209700  -1.68123050         1249459.        0.000000       -45.12589     -1.56229803646E+07  2.91476580114E+04 -5.35994362169E+02   20.9656090          1028414  0.26022    
      209800  -1.67821693         1249183.        0.000000       -46.56762     -1.56264834772E+07  2.91541939620E+04 -5.35994358053E+02   20.9644620          1028014  0.25949    
      209900  -1.67868829         1249249.        0.000000       -46.92016     -1.56301605613E+07  2.91610542928E+04 -5.35994357556E+02   20.9679953          1027929  0.25627    
      210000  -1.67809487         1248889.        0.000000       -46.59272     -1.56295103792E+07  2.91598408081E+04 -5.35994365745E+02   20.9710870          1027807  0.25995    
      210100  -1.67678727         1248797.        0.000000       -44.99403     -1.56247740161E+07  2.91510040701E+04 -5.35994368447E+02   20.9625014          1027522  0.25607    
      210200  -1.67710588         1248822.        0.000000       -45.47188     -1.56268147043E+07  2.91548119886E+04 -5.35994356966E+02   20.9643785          1027395  0.25948    
      210300  -1.67610329         1248222.        0.000000       -45.14765     -1.56262235571E+07  2.91537093709E+04 -5.35994351809E+02   20.9694350          1026828  0.26357    
      210400  -1.67217955         1246606.        0.000000       -44.50429     -1.56240580342E+07  2.91496691458E+04 -5.35994352322E+02   20.9741466          1025185  0.25928    
      210500  -1.67261978         1248441.        0.000000       -45.12165     -1.56225624551E+07  2.91468784186E+04 -5.35994360381E+02   20.9617020          1026879  0.25730    
      210600  -1.67636552         1249194.        0.000000       -45.42507     -1.56306747550E+07  2.91620132462E+04 -5.35994364418E+02   20.9601511          1027366  0.25027    
      210700  -1.67893498         1249222.        0.000000       -45.64619     -1.56463780280E+07  2.91913111037E+04 -5.35994357103E+02   20.9756773          1027463  0.25839    
      210800  -1.67856799         1249848.        0.000000       -45.31531     -1.56531686635E+07  2.92039797939E+04 -5.35994366998E+02   20.9796206          1028069  0.25876    
      210900  -1.67880821         1248852.        0.000000       -45.91339     -1.56502451299E+07  2.91985254623E+04 -5.35994365542E+02   20.9818520          1027165  0.26081    
      211000  -1.67623028         1248488.        0.000000       -45.03029     -1.56428242050E+07  2.91846803309E+04 -5.35994365113E+02   20.9766070          1026983  0.25411    
      211100  -1.67463058         1247472.        0.000000       -46.33952     -1.56432943926E+07  2.91855576680E+04 -5.35994363051E+02   20.9766060          1025878  0.25853    
      211200  -1.67509717         1248777.        0.000000       -44.71869     -1.56498388141E+07  2.91977674622E+04 -5.35994364445E+02   20.9742341          1027032  0.26189    
      211300  -1.67836952         1249082.        0.000000       -46.20471     -1.56520466936E+07  2.92018864745E+04 -5.35994368283E+02   20.9751886          1027427  0.25096    
      211400  -1.67831316         1249340.        0.000000       -47.45966     -1.56557630804E+07  2.92088189695E+04 -5.35994389119E+02   20.9735016          1027564  0.25755    
      211500  -1.67992402         1249025.        0.000000       -46.32743     -1.56645770418E+07  2.92252629904E+04 -5.35994391119E+02   20.9852927          1027113  0.26126    
      211600  -1.67644664         1249042.        0.000000       -46.82561     -1.56597426832E+07  2.92162438555E+04 -5.35994385885E+02   20.9807984          1027206  0.25219    
      211700  -1.67852535         1249941.        0.000000       -45.45958     -1.56610637950E+07  2.92187079127E+04 -5.35994399268E+02   20.9733952          1027971  0.26274    
      211800  -1.68345463         1251037.        0.000000       -46.38809     -1.56700046514E+07  2.92353882418E+04 -5.35994409305E+02   20.9795427          1028814  0.26093    
      211900  -1.68531184         1250851.        0.000000       -46.06869     -1.56637171117E+07  2.92236578413E+04 -5.35994405516E+02   20.9824453          1028957  0.26392    
      212000  -1.68292830         1249668.        0.000000       -46.88068     -1.56496010710E+07  2.91973217843E+04 -5.35994403413E+02   20.9830455          1028439  0.24811    
      212100  -1.68179950         1250200.        0.000000       -45.92024     -1.56391838124E+07  2.91778871863E+04 -5.35994388917E+02   20.9654184          1029046  0.26269    
      212200  -1.67969057         1248689.        0.000000       -46.89721     -1.56367894935E+07  2.91734205982E+04 -5.35994380258E+02   20.9709747          1027630  0.25040    
      212300  -1.67487699         1247709.        0.000000       -45.26934     -1.56374454682E+07  2.91746440996E+04 -5.35994386591E+02   20.9699758          1026308  0.25626    
      212400  -1.67207573         1247838.        0.000000       -45.15339     -1.56411598554E+07  2.91815745479E+04 -5.35994376510E+02   20.9794189          1026454  0.25344    
      212500  -1.67316454         1248455.        0.000000       -45.15595     -1.56400965938E+07  2.91795907892E+04 -5.35994377261E+02   20.9716544          1026754  0.25175    
      212600  -1.67582051         1248145.        0.000000       -46.49331     -1.56494294836E+07  2.91970030604E+04 -5.35994377615E+02   20.9759401          1026227  0.26825    
      212700  -1.67706499         1249199.        0.000000       -46.22191     -1.56572963339E+07  2.92116800002E+04 -5.35994380800E+02   20.9786892          1027084  0.24779    
      212800  -1.68090770         1250067.        0.000000       -45.79858     -1.56637601063E+07  2.92237389889E+04 -5.35994388406E+02   20.9805203          1027802  0.24970    
      212900  -1.68321533         1250552.        0.000000       -44.87240     -1.56667630555E+07  2.92293412249E+04 -5.35994394638E+02   20.9826877          1028404  0.25867    
      213000  -1.68146580         1249127.        0.000000       -45.02790     -1.56615601054E+07  2.92196344143E+04 -5.35994389366E+02   20.9876930          1027126  0.26315    
      213100  -1.67748408         1248986.        0.000000       -44.05889     -1.56555311050E+07  2.92083862319E+04 -5.35994388075E+02   20.9835737          1026971  0.25246    
      213200  -1.67797205         1249136.        0.000000       -43.98449     -1.56523830621E+07  2.92025134803E+04 -5.35994378450E+02   20.9857818          1027345  0.25656    
      213300  -1.67778302         1249254.        0.000000       -42.46661     -1.56456885581E+07  2.91900229640E+04 -5.35994390185E+02   20.9767428          1027632  0.25617    
      213400  -1.67946929         1249327.        0.000000       -40.51675     -1.56478718448E+07  2.91940964766E+04 -5.35994386993E+02   20.9810270          1027474  0.25436    
      213500  -1.67748767         1248817.        0.000000       -40.20143     -1.56459459126E+07  2.91905041874E+04 -5.35994370369E+02   20.9776118          1026887  0.26132    
      213600  -1.67922781         1249682.        0.000000       -39.90566     -1.56475221271E+07  2.91934448981E+04 -5.35994370714E+02   20.9764197          1027742  0.25968    
      213700  -1.68139002         1249737.        0.000000       -41.74607     -1.56486638944E+07  2.91955749266E+04 -5.35994373590E+02   20.9808624          1027783  0.25431    
      213800  -1.68193026         1249464.        0.000000       -42.11234     -1.56506181733E+07  2.91992209273E+04 -5.35994375065E+02   20.9844202          1027611  0.25569    
      213900  -1.68049977         1249826.        0.000000       -42.66675     -1.56464418537E+07  2.91914293475E+04 -5.35994372440E+02   20.9800485          1028102  0.25302    
      214000  -1.67948413         1249150.        0.000000       -41.75143     -1.56427721993E+07  2.91845824469E+04 -5.35994380859E+02   20.9780633          1027482  0.25273    
      214100  -1.67790187         1248610.        0.000000       -41.55097     -1.56440538139E+07  2.91869733062E+04 -5.35994385228E+02   20.9832289          1027025  0.25361    
      214200  -1.67870488         1249878.        0.000000       -42.22733     -1.56469147637E+07  2.91923111796E+04 -5.35994381103E+02   20.9749592          1028058  0.25859    
      214300  -1.68123226         1250251.        0.000000       -43.14510     -1.56506718834E+07  2.91993209110E+04 -5.35994379152E+02   20.9789274          1028463  0.25079    
      214400  -1.68261020         1249912.        0.000000       -44.42090     -1.56526344836E+07  2.92029829420E+04 -5.35994371353E+02   20.9833393          1028120  0.25708    
      214500  -1.67975636         1248872.        0.000000       -43.69745     -1.56465483005E+07  2.91916281662E+04 -5.35994368365E+02   20.9864388          1027604  0.25916    
      214600  -1.67845261         1249598.        0.000000       -45.52529     -1.56417765161E+07  2.91827254692E+04 -5.35994368742E+02   20.9753641          1028301  0.25639    
      214700  -1.68090016         1250235.        0.000000       -45.09385     -1.56429947577E+07  2.91849979218E+04 -5.35994376275E+02   20.9723379          1028788  0.25610    
      214800  -1.67893309         1249387.        0.000000       -44.46822     -1.56429301928E+07  2.91848774012E+04 -5.35994377422E+02   20.9701530          1027931  0.25722    
      214900  -1.67814164         1248934.        0.000000       -44.73489     -1.56479438561E+07  2.91942315460E+04 -5.35994373801E+02   20.9800099          1027575  0.25779    
      215000  -1.67725366         1249477.        0.000000       -44.67384     -1.56509116700E+07  2.91997689269E+04 -5.35994367255E+02   20.9754392          1027811  0.25543    
      215100  -1.68105096         1250212.        0.000000       -45.92629     -1.56579202460E+07  2.92128442633E+04 -5.35994376474E+02   20.9779242          1028493  0.26496    
      215200  -1.68294188         1250533.        0.000000       -45.96715     -1.56605050250E+07  2.92176656958E+04 -5.35994394215E+02   20.9766533          1028726  0.25918    
      215300  -1.68187525         1249500.        0.000000       -45.87343     -1.56601385441E+07  2.92169814925E+04 -5.35994402712E+02   20.9872135          1027900  0.25680    
      215400  -1.67978610         1249577.        0.000000       -45.92136     -1.56512312663E+07  2.92003628576E+04 -5.35994410159E+02   20.9776893          1028118  0.25770    
      215500  -1.67850826         1248718.        0.000000       -44.55257     -1.56482290272E+07  2.91947609805E+04 -5.35994421659E+02   20.9775256          1027233  0.25379    
      215600  -1.67465012         1247689.        0.000000       -45.53720     -1.56436677946E+07  2.91862514199E+04 -5.35994416326E+02   20.9787392          1026126  0.25556    
      215700  -1.67202053         1247966.        0.000000       -45.16118     -1.56417722062E+07  2.91827154517E+04 -5.35994405046E+02   20.9778591          1026335  0.25454    
      215800  -1.67677203         1249351.        0.000000       -44.11253     -1.56461529474E+07  2.91908884478E+04 -5.35994407137E+02   20.9726424          1027501  0.26821    
      215900  -1.68007807         1250199.        0.000000       -43.61182     -1.56522565803E+07  2.92022759397E+04 -5.35994407170E+02   20.9730213          1028098  0.25704    
      216000  -1.67833690         1248183.        0.000000       -42.76798     -1.56551155141E+07  2.92076105410E+04 -5.35994394069E+02   20.9901532          1026075  0.25900    
      216100  -1.67618369         1248857.        0.000000       -42.76212     -1.56566429699E+07  2.92104603662E+04 -5.35994392887E+02   20.9854626          1026690  0.25583    
      216200  -1.67681774         1249236.        0.000000       -43.38861     -1.56596030131E+07  2.92159828030E+04 -5.35994394531E+02   20.9861824          1026998  0.25124    
      216300  -1.67951814         1249744.        0.000000       -43.86618     -1.56627303081E+07  2.92218176263E+04 -5.35994389821E+02   20.9858994          1027362  0.25324    
      216400  -1.68009605         1249552.        0.000000       -42.60027     -1.56644261965E+07  2.92249817656E+04 -5.35994387340E+02   20.9915920          1027510  0.25472    
      216500  -1.68038450         1249545.        0.000000       -42.71554     -1.56617588623E+07  2.92200052502E+04 -5.35994389055E+02   20.9893655          1027505  0.26169    
      216600  -1.67887266         1249049.        0.000000       -43.19000     -1.56569015584E+07  2.92109431576E+04 -5.35994386552E+02   20.9860586          1026960  0.25884    
      216700  -1.67889394         1249199.        0.000000       -42.50480     -1.56592523712E+07  2.92153296233E+04 -5.35994376006E+02   20.9893959          1027117  0.25379    
      216800  -1.67730609         1248905.        0.000000       -44.93752     -1.56599980903E+07  2.92167215106E+04 -5.35994364894E+02   20.9892204          1027030  0.25344    
      216900  -1.67691551         1249456.        0.000000       -43.92247     -1.56624691589E+07  2.92213321410E+04 -5.35994357932E+02   20.9884915          1027602  0.25727    
      217000  -1.68224469         1250607.        0.000000       -43.44792     -1.56655168074E+07  2.92270178819E+04 -5.35994362158E+02   20.9854521          1028459  0.25631    
      217100  -1.68313556         1249733.        0.000000       -43.83788     -1.56640532815E+07  2.92242877838E+04 -5.35994355018E+02   20.9920632          1027781  0.25407    
      217200  -1.67875986         1249036.        0.000000       -43.46910     -1.56546943394E+07  2.92068272418E+04 -5.35994348506E+02   20.9901773          1027363  0.26556    
      217300  -1.67840029         1249940.        0.000000       -42.50931     -1.56530371459E+07  2.92037353495E+04 -5.35994349989E+02   20.9807802          1027936  0.26026    
      217400  -1.68233480         1250560.        0.000000       -42.92710     -1.56611227220E+07  2.92188207951E+04 -5.35994345284E+02   20.9819238          1028335  0.25873    
      217500  -1.68558825         1251299.        0.000000       -43.76284     -1.56669251429E+07  2.92296464562E+04 -5.35994342811E+02   20.9820505          1028981  0.25613    
      217600  -1.68446740         1250326.        0.000000       -44.15422     -1.56716824155E+07  2.92385221328E+04 -5.35994341449E+02   20.9923376          1028081  0.25661    
      217700  -1.67978316         1249081.        0.000000       -44.13735     -1.56626604605E+07  2.92216898546E+04 -5.35994343189E+02   20.9924360          1027318  0.26175    
      217800  -1.67543039         1248422.        0.000000       -44.84700     -1.56570956292E+07  2.92113074138E+04 -5.35994346550E+02   20.9874519          1026763  0.25362    
      217900  -1.67582689         1248699.        0.000000       -44.64968     -1.56600521699E+07  2.92168228680E+04 -5.35994356426E+02   20.9860432          1026775  0.25585    
      218000  -1.67717700         1249223.        0.000000       -43.00172     -1.56623890848E+07  2.92211819073E+04 -5.35994373345E+02   20.9831812          1027049  0.25787    
      218100  -1.67717163         1248773.        0.000000       -42.86114     -1.56644912055E+07  2.92251034329E+04 -5.35994380360E+02   20.9882097          1026589  0.25371    
      218200  -1.67884856         1249994.        0.000000       -42.17448     -1.56639917624E+07  2.92241716476E+04 -5.35994379973E+02   20.9792115          1027725  0.26166    
      218300  -1.68178435         1250313.        0.000000       -42.99101     -1.56662296209E+07  2.92283474398E+04 -5.35994368249E+02   20.9817419          1028020  0.25556    
      218400  -1.67962808         1248467.        0.000000       -42.62693     -1.56595984250E+07  2.92159755033E+04 -5.35994371407E+02   20.9876877          1026441  0.25748    
      218500  -1.67775834         1249546.        0.000000       -44.73344     -1.56589205293E+07  2.92147107811E+04 -5.35994371008E+02   20.9811575          1027503  0.25579    
      218600  -1.68038339         1249854.        0.000000       -46.69770     -1.56659527676E+07  2.92278309103E+04 -5.35994368371E+02   20.9849173          1027584  0.26441    
      218700  -1.68163087         1250134.        0.000000       -46.02499     -1.56647647989E+07  2.92256148451E+04 -5.35994362545E+02   20.9885494          1027993  0.25991    
      218800  -1.68463078         1251015.        0.000000       -46.36407     -1.56633825736E+07  2.92230361086E+04 -5.35994361276E+02   20.9761477          1028713  0.25713    
      218900  -1.68207991         1249011.        0.000000       -47.36838     -1.56634768359E+07  2.92232119872E+04 -5.35994361015E+02   20.9927027          1027058  0.26987    
      219000  -1.67791883         1249043.        0.000000       -47.36357     -1.56539354964E+07  2.92054105852E+04 -5.35994364837E+02   20.9829531          1027226  0.25225    
      219100  -1.68075486         1250016.        0.000000       -46.82621     -1.56558426983E+07  2.92089693303E+04 -5.35994355750E+02   20.9777472          1028130  0.25732    
      219200  -1.68045071         1249437.        0.000000       -47.06930     -1.56587925276E+07  2.92144728499E+04 -5.35994354856E+02   20.9791229          1027390  0.25662    
      219300  -1.67904969         1249462.        0.000000       -47.22269     -1.56598541592E+07  2.92164530808E+04 -5.35994363035E+02   20.9813666          1027446  0.26686    
      219400  -1.67715951         1248411.        0.000000       -47.83541     -1.56581567063E+07  2.92132861559E+04 -5.35994363070E+02   20.9857102          1026458  0.25468    
      219500  -1.67940654         1249529.        0.000000       -47.78346     -1.56625463654E+07  2.92214759790E+04 -5.35994361706E+02   20.9800885          1027384  0.25757    
      219600  -1.68050601         1250128.        0.000000       -47.35480     -1.56605833966E+07  2.92178135491E+04 -5.35994364203E+02   20.9807224          1028087  0.25815    
      219700  -1.68441360         1250642.        0.000000       -46.56911     -1.56572517129E+07  2.92115973435E+04 -5.35994369936E+02   20.9752716          1028637  0.25441    
      219800  -1.68251789         1249729.        0.000000       -46.56211     -1.56539282143E+07  2.92053973039E+04 -5.35994359240E+02   20.9829292          1028105  0.25917    
      219900  -1.68031639         1248854.        0.000000       -46.40069     -1.56477413419E+07  2.91938547176E+04 -5.35994355430E+02   20.9839095          1027398  0.26115    
      220000  -1.67745881         1249045.        0.000000       -45.37717     -1.56405596966E+07  2.91804549078E+04 -5.35994375209E+02   20.9753322          1027674  0.26187    
      220100  -1.67767602         1249162.        0.000000       -45.61403     -1.56434004291E+07  2.91857543264E+04 -5.35994384593E+02   20.9722823          1027411  0.25126    
      220200  -1.67781461         1248743.        0.000000       -45.10888     -1.56407835127E+07  2.91808713132E+04 -5.35994396629E+02   20.9790761          1027267  0.26499    
      220300  -1.67569842         1248812.        0.000000       -45.23545     -1.56353986213E+07  2.91708247941E+04 -5.35994396171E+02   20.9720407          1027395  0.25898    
      220400  -1.67560243         1248196.        0.000000       -44.69416     -1.56392145396E+07  2.91779438274E+04 -5.35994401527E+02   20.9762749          1026512  0.24905    
      220500  -1.67959613         1250456.        0.000000       -45.02905     -1.56447251374E+07  2.91882247134E+04 -5.35994404968E+02   20.9734974          1028651  0.25569    
      220600  -1.68526776         1251568.        0.000000       -45.50722     -1.56475147813E+07  2.91934295753E+04 -5.35994400414E+02   20.9707700          1029536  0.25852    
      220700  -1.68420314         1250200.        0.000000       -45.30073     -1.56392836024E+07  2.91780733041E+04 -5.35994390015E+02   20.9813289          1028753  0.26182    
      220800  -1.68066930         1249243.        0.000000       -44.24923     -1.56317030002E+07  2.91639304391E+04 -5.35994386384E+02   20.9762474          1028027  0.25731    
      220900  -1.67909676         1249088.        0.000000       -43.87925     -1.56303200969E+07  2.91613501802E+04 -5.35994389846E+02   20.9732082          1027846  0.25139    
      221000  -1.67632201         1248273.        0.000000       -44.05017     -1.56210439977E+07  2.91440438061E+04 -5.35994390537E+02   20.9705385          1027173  0.26222    
      221100  -1.67410233         1248223.        0.000000       -44.04535     -1.56204839080E+07  2.91429988489E+04 -5.35994390591E+02   20.9689624          1026920  0.25231    
      221200  -1.67359734         1247893.        0.000000       -45.01791     -1.56227980247E+07  2.91473162625E+04 -5.35994390839E+02   20.9693399          1026307  0.25246    
      221300  -1.67299853         1248228.        0.000000       -44.60530     -1.56267892163E+07  2.91547627580E+04 -5.35994387815E+02   20.9677039          1026450  0.25236    
      221400  -1.67426332         1248207.        0.000000       -44.18276     -1.56327502187E+07  2.91658848550E+04 -5.35994374811E+02   20.9714047          1026394  0.25825    
      221500  -1.67541043         1248464.        0.000000       -44.52493     -1.56407802952E+07  2.91808668756E+04 -5.35994367882E+02   20.9747235          1026444  0.26259    
      221600  -1.67638450         1248366.        0.000000       -45.90073     -1.56449218246E+07  2.91885939248E+04 -5.35994363583E+02   20.9837207          1026451  0.25813    
      221700  -1.67436638         1247456.        0.000000       -44.87940     -1.56350852087E+07  2.91702420973E+04 -5.35994358791E+02   20.9795156          1025726  0.25818    
      221800  -1.67363592         1248104.        0.000000       -45.02659     -1.56379654083E+07  2.91756152150E+04 -5.35994366975E+02   20.9739611          1026258  0.25486    
      221900  -1.67489261         1248939.        0.000000       -45.38712     -1.56420116331E+07  2.91831642063E+04 -5.35994367250E+02   20.9745799          1027034  0.25267    
      222000  -1.67900756         1249794.        0.000000       -44.41492     -1.56434167763E+07  2.91857866933E+04 -5.35994350285E+02   20.9712892          1027848  0.25695    
      222100  -1.67839840         1248458.        0.000000       -44.02495     -1.56427455073E+07  2.91845347204E+04 -5.35994342798E+02   20.9826453          1026805  0.25892    
      222200  -1.67506199         1248073.        0.000000       -43.88216     -1.56329393409E+07  2.91662390793E+04 -5.35994349437E+02   20.9735794          1026476  0.25730    
      222300  -1.67345964         1248414.        0.000000       -43.70988     -1.56349966581E+07  2.91700772274E+04 -5.35994352576E+02   20.9713101          1026499  0.25747    
      222400  -1.67642151         1248690.        0.000000       -44.38700     -1.56412465368E+07  2.91817374741E+04 -5.35994354370E+02   20.9743063          1026823  0.26567    
      222500  -1.67690800         1249059.        0.000000       -44.70375     -1.56473416421E+07  2.91931088775E+04 -5.35994357704E+02   20.9758495          1026888  0.25276    
      222600  -1.67606597         1248651.        0.000000       -44.90035     -1.56547728122E+07  2.92069735036E+04 -5.35994351154E+02   20.9835049          1026413  0.25803    
      222700  -1.67799947         1248859.        0.000000       -43.94354     -1.56650527759E+07  2.92261531492E+04 -5.35994343693E+02   20.9912195          1026523  0.25884    
      222800  -1.67699178         1249620.        0.000000       -44.22441     -1.56633619097E+07  2.92229981138E+04 -5.35994351050E+02   20.9854390          1027268  0.26744    
      222900  -1.68104342         1250340.        0.000000       -45.49985     -1.56668814278E+07  2.92295644958E+04 -5.35994350173E+02   20.9876368          1028185  0.25962    
      223000  -1.68237532         1249778.        0.000000       -45.72967     -1.56614298981E+07  2.92193926508E+04 -5.35994368030E+02   20.9927864          1027902  0.26099    
      223100  -1.67982466         1250221.        0.000000       -44.17858     -1.56495528655E+07  2.91972334843E+04 -5.35994373368E+02   20.9776512          1028430  0.26204    
      223200  -1.68212415         1250291.        0.000000       -43.80902     -1.56547522433E+07  2.92069339040E+04 -5.35994373621E+02   20.9799133          1028430  0.25950    
      223300  -1.68098482         1249369.        0.000000       -44.14015     -1.56551908642E+07  2.92077520140E+04 -5.35994377680E+02   20.9891988          1027583  0.25417    
      223400  -1.67806522         1249865.        0.000000       -43.15925     -1.56484952078E+07  2.91952594181E+04 -5.35994388119E+02   20.9762610          1028035  0.26218    
      223500  -1.67928631         1248701.        0.000000       -41.65221     -1.56468722271E+07  2.91922312265E+04 -5.35994391990E+02   20.9856220          1027079  0.25957    
      223600  -1.67891058         1249069.        0.000000       -41.19022     -1.56440816084E+07  2.91870250491E+04 -5.35994387305E+02   20.9778386          1027280  0.26008    
      223700  -1.67857408         1249097.        0.000000       -41.27383     -1.56412132803E+07  2.91816743273E+04 -5.35994374580E+02   20.9771529          1027256  0.25805    
      223800  -1.67807997         1249295.        0.000000       -41.34046     -1.56396237977E+07  2.91787094630E+04 -5.35994363204E+02   20.9725237          1027549  0.26987    
      223900  -1.68024078         1249743.        0.000000       -43.30178     -1.56478804597E+07  2.91941136014E+04 -5.35994367677E+02   20.9730210          1027919  0.25697    
      224000  -1.68168778         1250165.        0.000000       -42.28777     -1.56449439755E+07  2.91886345970E+04 -5.35994375601E+02   20.9754034          1028677  0.26062    
      224100  -1.68127611         1249676.        0.000000       -43.04470     -1.56391614038E+07  2.91778459276E+04 -5.35994378838E+02   20.9755209          1028389  0.24883    
      224200  -1.67931072         1249255.        0.000000       -44.26742     -1.56329433099E+07  2.91662451996E+04 -5.35994373049E+02   20.9690450          1027959  0.26025    
      224300  -1.67955911         1249192.        0.000000       -44.59788     -1.56298675085E+07  2.91605065343E+04 -5.35994376164E+02   20.9694777          1028016  0.25430    
      224400  -1.67690040         1248523.        0.000000       -44.35548     -1.56220972740E+07  2.91460097776E+04 -5.35994374296E+02   20.9668621          1027441  0.25867    
      224500  -1.67843142         1249688.        0.000000       -44.27080     -1.56242779811E+07  2.91500791937E+04 -5.35994357933E+02   20.9582637          1028301  0.26397    
      224600  -1.67959916         1249907.        0.000000       -44.90841     -1.56251624653E+07  2.91517295087E+04 -5.35994355348E+02   20.9633474          1028852  0.25663    
      224700  -1.67894138         1249288.        0.000000       -45.55354     -1.56264106496E+07  2.91540579380E+04 -5.35994360813E+02   20.9666869          1028210  0.25389    
      224800  -1.67875574         1249654.        0.000000       -45.79521     -1.56323030172E+07  2.91650508578E+04 -5.35994368515E+02   20.9665312          1028262  0.25111    
      224900  -1.68115149         1249746.        0.000000       -46.90551     -1.56409154657E+07  2.91811189461E+04 -5.35994370009E+02   20.9734480          1028301  0.25839    
      225000  -1.67763088         1248796.        0.000000       -46.09209     -1.56347989165E+07  2.91697077975E+04 -5.35994361857E+02   20.9748398          1027474  0.25417    
      225100  -1.67654581         1248871.        0.000000       -43.95817     -1.56288088023E+07  2.91585324017E+04 -5.35994356195E+02   20.9717489          1027474  0.25487    
      225200  -1.67914400         1249915.        0.000000       -44.06840     -1.56333331651E+07  2.91669734357E+04 -5.35994356754E+02   20.9604743          1028156  0.25947    
      225300  -1.67961672         1248762.        0.000000       -44.53271     -1.56410888737E+07  2.91814430041E+04 -5.35994360236E+02   20.9817344          1027098  0.25683    
      225400  -1.67814490         1249020.        0.000000       -45.12555     -1.56323320387E+07  2.91651052316E+04 -5.35994364313E+02   20.9721680          1027550  0.25610    
      225500  -1.67802571         1249214.        0.000000       -45.42072     -1.56291953187E+07  2.91592534066E+04 -5.35994358319E+02   20.9713402          1027848  0.26031    
      225600  -1.67644018         1248554.        0.000000       -46.13254     -1.56230201555E+07  2.91477322716E+04 -5.35994361754E+02   20.9683679          1027242  0.25318    
      225700  -1.67393345         1248173.        0.000000       -46.63298     -1.56183885971E+07  2.91390911783E+04 -5.35994362402E+02   20.9635544          1026787  0.25762    
      225800  -1.67419399         1247942.        0.000000       -46.27211     -1.56274038124E+07  2.91559113238E+04 -5.35994352529E+02   20.9748514          1026599  0.25610    
      225900  -1.67687651         1249145.        0.000000       -47.63206     -1.56331040999E+07  2.91665458669E+04 -5.35994360501E+02   20.9748595          1027689  0.26057    
      226000  -1.67802239         1248744.        0.000000       -46.82735     -1.56353554189E+07  2.91707463548E+04 -5.35994356427E+02   20.9746705          1027156  0.25078    
      226100  -1.67802891         1249841.        0.000000       -47.05379     -1.56393502653E+07  2.91781992193E+04 -5.35994361673E+02   20.9706901          1028038  0.25656    
      226200  -1.68352057         1250833.        0.000000       -47.98996     -1.56426532269E+07  2.91843610825E+04 -5.35994369817E+02   20.9710108          1028970  0.25706    
      226300  -1.68383831         1250869.        0.000000       -46.80850     -1.56408761630E+07  2.91810467580E+04 -5.35994349095E+02   20.9714058          1029120  0.25753    
      226400  -1.68338868         1250237.        0.000000       -45.76508     -1.56296915503E+07  2.91601800433E+04 -5.35994343214E+02   20.9687356          1028982  0.25801    
      226500  -1.67854007         1247938.        0.000000       -44.48248     -1.56152230842E+07  2.91331858734E+04 -5.35994352011E+02   20.9719310          1026960  0.25875    
      226600  -1.67382390         1247697.        0.000000       -44.31974     -1.56102245714E+07  2.91238607277E+04 -5.35994342143E+02   20.9610939          1026571  0.25938    
      226700  -1.67301032         1248252.        0.000000       -46.30772     -1.56166657617E+07  2.91358779025E+04 -5.35994343948E+02   20.9600791          1026926  0.25364    
      226800  -1.67379352         1248404.        0.000000       -45.23159     -1.56258307999E+07  2.91529769674E+04 -5.35994345186E+02   20.9650988          1026712  0.25174    
      226900  -1.67658500         1249109.        0.000000       -45.58444     -1.56406408820E+07  2.91806078114E+04 -5.35994348817E+02   20.9706863          1027109  0.25995    
      227000  -1.67959612         1249566.        0.000000       -45.28077     -1.56472140332E+07  2.91928707125E+04 -5.35994359285E+02   20.9784927          1027559  0.26447    
      227100  -1.68157164         1250663.        0.000000       -44.49182     -1.56457275352E+07  2.91900967543E+04 -5.35994370517E+02   20.9727681          1028716  0.25648    
      227200  -1.68017454         1248670.        0.000000       -43.46233     -1.56378740907E+07  2.91754445684E+04 -5.35994372049E+02   20.9824406          1027152  0.25964    
      227300  -1.67710046         1248854.        0.000000       -43.88426     -1.56294768806E+07  2.91597778353E+04 -5.35994374473E+02   20.9688175          1027324  0.25568    
      227400  -1.67479152         1248011.        0.000000       -43.75466     -1.56284132193E+07  2.91577931208E+04 -5.35994379086E+02   20.9734417          1026529  0.25349    
      227500  -1.67458777         1248575.        0.000000       -44.26390     -1.56296168040E+07  2.91600376048E+04 -5.35994398081E+02   20.9703574          1026950  0.25742    
      227600  -1.67694754         1248742.        0.000000       -43.73042     -1.56357511984E+07  2.91714824355E+04 -5.35994399086E+02   20.9689907          1026835  0.25325    
      227700  -1.68009770         1249430.        0.000000       -43.24238     -1.56427905747E+07  2.91846157949E+04 -5.35994398030E+02   20.9755968          1027673  0.25671    
      227800  -1.67891739         1249634.        0.000000       -42.27294     -1.56417249449E+07  2.91826276250E+04 -5.35994398649E+02   20.9753129          1027977  0.25644    
      227900  -1.67978644         1249438.        0.000000       -43.55491     -1.56383570865E+07  2.91763432567E+04 -5.35994416741E+02   20.9793871          1027868  0.25895    
      228000  -1.67819071         1249269.        0.000000       -43.56432     -1.56290779136E+07  2.91590310517E+04 -5.35994419221E+02   20.9690529          1027850  0.25905    
      228100  -1.67948654         1249664.        0.000000       -44.83868     -1.56326797803E+07  2.91657519233E+04 -5.35994402661E+02   20.9677774          1028142  0.26230    
      228200  -1.67792419         1248889.        0.000000       -45.16816     -1.56323170556E+07  2.91650756891E+04 -5.35994393508E+02   20.9776228          1027680  0.25311    
      228300  -1.67718937         1249508.        0.000000       -44.80934     -1.56244816808E+07  2.91504580462E+04 -5.35994379780E+02   20.9615201          1028190  0.25746    
      228400  -1.67904860         1249890.        0.000000       -43.38424     -1.56313928001E+07  2.91633526376E+04 -5.35994369179E+02   20.9654203          1028226  0.26006    
      228500  -1.68164763         1249968.        0.000000       -42.22794     -1.56341829203E+07  2.91685583552E+04 -5.35994365232E+02   20.9674690          1028351  0.25457    
      228600  -1.67998726         1249271.        0.000000       -42.83541     -1.56310036091E+07  2.91626264698E+04 -5.35994370235E+02   20.9735143          1027866  0.26055    
      228700  -1.67738149         1248879.        0.000000       -42.40007     -1.56235541617E+07  2.91487283132E+04 -5.35994366336E+02   20.9642825          1027451  0.25581    
      228800  -1.67578795         1248291.        0.000000       -43.80906     -1.56278162203E+07  2.91566801086E+04 -5.35994364314E+02   20.9670461          1026761  0.25304    
      228900  -1.67568241         1248673.        0.000000       -44.84948     -1.56307903903E+07  2.91622287669E+04 -5.35994368441E+02   20.9658287          1027021  0.26125    
      229000  -1.67655845         1248772.        0.000000       -46.12032     -1.56354058851E+07  2.91708394606E+04 -5.35994375691E+02   20.9644889          1027120  0.25793    
      229100  -1.68130554         1250627.        0.000000       -46.62836     -1.56455784764E+07  2.91898185774E+04 -5.35994371974E+02   20.9624372          1028878  0.25928    
      229200  -1.68339760         1250841.        0.000000       -44.97299     -1.56561409897E+07  2.92095249492E+04 -5.35994372277E+02   20.9750853          1029062  0.25446    
      229300  -1.68302286         1250359.        0.000000       -45.68443     -1.56575686162E+07  2.92121884244E+04 -5.35994372920E+02   20.9800482          1028649  0.25957    
      229400  -1.68259997         1249948.        0.000000       -44.94331     -1.56541301923E+07  2.92057731246E+04 -5.35994377738E+02   20.9836682          1028435  0.26283    
      229500  -1.68164939         1249679.        0.000000       -44.44659     -1.56497182417E+07  2.91975422576E+04 -5.35994369102E+02   20.9801286          1028220  0.26138    
      229600  -1.67792448         1248739.        0.000000       -43.53862     -1.56390331193E+07  2.91776077761E+04 -5.35994357018E+02   20.9784316          1027569  0.25776    
      229700  -1.67752854         1248825.        0.000000       -43.16872     -1.56383144379E+07  2.91762675502E+04 -5.35994345782E+02   20.9770122          1027412  0.25114    
      229800  -1.67793077         1249816.        0.000000       -42.14597     -1.56421486491E+07  2.91834215253E+04 -5.35994336222E+02   20.9696449          1028049  0.25788    
      229900  -1.67967586         1249449.        0.000000       -42.07150     -1.56476750600E+07  2.91937316712E+04 -5.35994344137E+02   20.9819040          1027659  0.25754    
      230000  -1.68124344         1249710.        0.000000       -42.53541     -1.56515975047E+07  2.92010495520E+04 -5.35994347629E+02   20.9790368          1027819  0.25755    
      230100  -1.68142948         1249399.        0.000000       -42.86811     -1.56557838270E+07  2.92088593527E+04 -5.35994358354E+02   20.9863234          1027546  0.26000    
      230200  -1.68198062         1250543.        0.000000       -43.46065     -1.56522068731E+07  2.92021858486E+04 -5.35994358580E+02   20.9770371          1028794  0.25777    
      230300  -1.68350880         1250512.        0.000000       -43.59245     -1.56503098891E+07  2.91986467931E+04 -5.35994356177E+02   20.9764636          1028991  0.26055    
      230400  -1.68352222         1250516.        0.000000       -43.30951     -1.56456172756E+07  2.91898919748E+04 -5.35994353424E+02   20.9745647          1029297  0.25248    
      230500  -1.68295817         1250014.        0.000000       -44.46531     -1.56455290261E+07  2.91897271629E+04 -5.35994356466E+02   20.9785410          1028730  0.26290    
      230600  -1.68036120         1248556.        0.000000       -44.87397     -1.56373253127E+07  2.91744213414E+04 -5.35994360598E+02   20.9814919          1027425  0.26030    
      230700  -1.67621702         1248940.        0.000000       -45.53701     -1.56302883561E+07  2.91612925748E+04 -5.35994360197E+02   20.9713920          1027772  0.25898    
      230800  -1.67933711         1249432.        0.000000       -45.67294     -1.56370812589E+07  2.91739662744E+04 -5.35994355785E+02   20.9706280          1028046  0.25992    
      230900  -1.67857988         1248953.        0.000000       -44.21727     -1.56351722129E+07  2.91704047619E+04 -5.35994352514E+02   20.9738996          1027587  0.25767    
      231000  -1.67767781         1249516.        0.000000       -44.89957     -1.56323011149E+07  2.91650481705E+04 -5.35994352674E+02   20.9660623          1028039  0.25687    
      231100  -1.67929190         1249315.        0.000000       -45.57954     -1.56380839137E+07  2.91758370172E+04 -5.35994353973E+02   20.9726532          1027693  0.25204    
      231200  -1.67979782         1250331.        0.000000       -46.16740     -1.56382073944E+07  2.91760672696E+04 -5.35994356261E+02   20.9643074          1028748  0.26010    
      231300  -1.68233352         1249719.        0.000000       -45.39530     -1.56428599139E+07  2.91847475791E+04 -5.35994353608E+02   20.9755957          1028264  0.25829    
      231400  -1.68054903         1249905.        0.000000       -44.00318     -1.56385595067E+07  2.91767248873E+04 -5.35994343679E+02   20.9726856          1028637  0.26709    
      231500  -1.68300209         1250825.        0.000000       -44.18389     -1.56445449129E+07  2.91878913385E+04 -5.35994352296E+02   20.9718472          1029236  0.26012    
      231600  -1.68330875         1250259.        0.000000       -43.75037     -1.56382134254E+07  2.91760779141E+04 -5.35994367423E+02   20.9745960          1028935  0.26175    
      231700  -1.68046486         1249251.        0.000000       -43.67101     -1.56298755740E+07  2.91605219497E+04 -5.35994369408E+02   20.9727144          1027986  0.25896    
      231800  -1.67819971         1249128.        0.000000       -44.59213     -1.56230545003E+07  2.91477958413E+04 -5.35994371080E+02   20.9674151          1028112  0.25305    
      231900  -1.67845643         1249375.        0.000000       -44.14411     -1.56170392241E+07  2.91365731027E+04 -5.35994372746E+02   20.9553609          1028243  0.25251    
      232000  -1.67984015         1249446.        0.000000       -43.61381     -1.56223764497E+07  2.91465307925E+04 -5.35994371369E+02   20.9578029          1028097  0.25411    
      232100  -1.68001905         1248984.        0.000000       -43.02577     -1.56246333084E+07  2.91507405082E+04 -5.35994387657E+02   20.9637061          1027698  0.25782    
      232200  -1.67748407         1249212.        0.000000       -42.52604     -1.56189243342E+07  2.91400894652E+04 -5.35994385083E+02   20.9575065          1028203  0.26121    
      232300  -1.67728289         1248457.        0.000000       -42.30276     -1.56234666502E+07  2.91485644489E+04 -5.35994377274E+02   20.9637383          1027117  0.25461    
      232400  -1.67503006         1248074.        0.000000       -42.89690     -1.56325975042E+07  2.91656004714E+04 -5.35994364990E+02   20.9730459          1026508  0.25585    
      232500  -1.67172474         1247386.        0.000000       -43.76167     -1.56318234181E+07  2.91641562943E+04 -5.35994364465E+02   20.9767623          1025687  0.24808    
      232600  -1.67388677         1248628.        0.000000       -43.90644     -1.56348458283E+07  2.91697955225E+04 -5.35994358146E+02   20.9702527          1026662  0.25651    
      232700  -1.67856181         1249481.        0.000000       -43.54684     -1.56449470377E+07  2.91886416320E+04 -5.35994351328E+02   20.9736657          1027244  0.26041    
      232800  -1.68190952         1250557.        0.000000       -43.43205     -1.56513045803E+07  2.92005028376E+04 -5.35994351445E+02   20.9801335          1028274  0.25744    
      232900  -1.68323404         1249916.        0.000000       -43.19201     -1.56455481881E+07  2.91897623752E+04 -5.35994366347E+02   20.9865733          1028146  0.25941    
      233000  -1.68127465         1249793.        0.000000       -44.27420     -1.56354618918E+07  2.91709443188E+04 -5.35994368951E+02   20.9724666          1028065  0.25684    
      233100  -1.67833616         1248701.        0.000000       -42.26071     -1.56294643132E+07  2.91597544676E+04 -5.35994373017E+02   20.9805625          1027352  0.25420    
      233200  -1.67713011         1249259.        0.000000       -42.38052     -1.56231697017E+07  2.91480103274E+04 -5.35994379245E+02   20.9692399          1027776  0.25064    
      233300  -1.68083848         1249773.        0.000000       -43.32395     -1.56280010858E+07  2.91570244660E+04 -5.35994374323E+02   20.9692183          1028268  0.26644    
      233400  -1.67726354         1248287.        0.000000       -43.50132     -1.56223758836E+07  2.91465299857E+04 -5.35994366782E+02   20.9751400          1027136  0.25456    
      233500  -1.67575512         1248743.        0.000000       -44.04335     -1.56219881122E+07  2.91458065863E+04 -5.35994365638E+02   20.9651030          1027381  0.26146    
      233600  -1.67642862         1248371.        0.000000       -43.78840     -1.56218352101E+07  2.91455215284E+04 -5.35994361770E+02   20.9704878          1027066  0.26284    
      233700  -1.67547549         1248129.        0.000000       -43.37181     -1.56195323491E+07  2.91412251951E+04 -5.35994360035E+02   20.9656065          1026663  0.25745    
      233800  -1.67537140         1248205.        0.000000       -45.54430     -1.56229158761E+07  2.91475376804E+04 -5.35994362456E+02   20.9655674          1026609  0.25641    
      233900  -1.67666545         1249274.        0.000000       -44.86487     -1.56270230801E+07  2.91551998312E+04 -5.35994373922E+02   20.9670530          1027389  0.25421    
      234000  -1.68104330         1250333.        0.000000       -44.38534     -1.56349450461E+07  2.91699799404E+04 -5.35994370856E+02   20.9684674          1028346  0.26641    
      234100  -1.68041081         1248843.        0.000000       -44.14116     -1.56400120146E+07  2.91794337037E+04 -5.35994364161E+02   20.9793568          1027048  0.25993    
      234200  -1.67631325         1248179.        0.000000       -43.37766     -1.56375078084E+07  2.91747618652E+04 -5.35994359804E+02   20.9788734          1026585  0.25342    
      234300  -1.67668770         1248740.        0.000000       -43.55878     -1.56353284537E+07  2.91706954317E+04 -5.35994367713E+02   20.9739193          1026981  0.25724    
      234400  -1.67576346         1248217.        0.000000       -42.77506     -1.56337071009E+07  2.91676701857E+04 -5.35994373268E+02   20.9732639          1026583  0.26127    
      234500  -1.67319411         1247857.        0.000000       -43.94536     -1.56319746922E+07  2.91644384243E+04 -5.35994366314E+02   20.9701671          1026276  0.25639    
      234600  -1.67350042         1247802.        0.000000       -44.59808     -1.56328502107E+07  2.91660718296E+04 -5.35994367085E+02   20.9699083          1026022  0.25754    
      234700  -1.67494872         1247998.        0.000000       -44.57365     -1.56408319500E+07  2.91809633713E+04 -5.35994365607E+02   20.9741556          1026162  0.25187    
      234800  -1.67596525         1249046.        0.000000       -44.05840     -1.56468294195E+07  2.91921529316E+04 -5.35994363149E+02   20.9724337          1026945  0.26121    
      234900  -1.67821882         1249335.        0.000000       -42.77279     -1.56470054576E+07  2.91924811057E+04 -5.35994367897E+02   20.9737990          1027132  0.25805    
      235000  -1.68134677         1249979.        0.000000       -44.25094     -1.56561442205E+07  2.92095309606E+04 -5.35994372577E+02   20.9745990          1027607  0.25457    
      235100  -1.68070808         1249780.        0.000000       -44.74277     -1.56533174270E+07  2.92042567935E+04 -5.35994377040E+02   20.9824710          1027840  0.25816    
      235200  -1.67975818         1249353.        0.000000       -44.32991     -1.56454280857E+07  2.91895373871E+04 -5.35994383130E+02   20.9773125          1027577  0.25651    
      235300  -1.67655451         1248762.        0.000000       -44.69897     -1.56377611165E+07  2.91752325142E+04 -5.35994395553E+02   20.9737386          1027021  0.25618    
      235400  -1.67792579         1249135.        0.000000       -44.63102     -1.56379684156E+07  2.91756194190E+04 -5.35994392819E+02   20.9683548          1027328  0.25658    
      235500  -1.67635022         1248839.        0.000000       -44.55962     -1.56427438032E+07  2.91845288443E+04 -5.35994392326E+02   20.9731470          1027054  0.25997    
      235600  -1.67951288         1250743.        0.000000       -44.48827     -1.56477717375E+07  2.91939092404E+04 -5.35994395564E+02   20.9646639          1028784  0.25565    
      235700  -1.68297966         1249677.        0.000000       -43.92184     -1.56509399945E+07  2.91998198505E+04 -5.35994402522E+02   20.9752698          1027808  0.26516    
      235800  -1.67982539         1248919.        0.000000       -45.00637     -1.56472019525E+07  2.91928462268E+04 -5.35994395027E+02   20.9786800          1027261  0.25429    
      235900  -1.67664489         1248938.        0.000000       -44.70122     -1.56424791933E+07  2.91840359787E+04 -5.35994377363E+02   20.9771739          1027422  0.26154    
      236000  -1.67842976         1249234.        0.000000       -43.72313     -1.56435125707E+07  2.91859634585E+04 -5.35994386237E+02   20.9729768          1027571  0.26045    
      236100  -1.67868862         1249248.        0.000000       -43.11976     -1.56407141312E+07  2.91807423375E+04 -5.35994388022E+02   20.9702079          1027716  0.25589    
      236200  -1.67755933         1249091.        0.000000       -42.89043     -1.56382586947E+07  2.91761611460E+04 -5.35994389955E+02   20.9711314          1027681  0.25676    
      236300  -1.68033883         1250612.        0.000000       -43.39876     -1.56438339535E+07  2.91865626347E+04 -5.35994394039E+02   20.9617935          1028840  0.25889    
      236400  -1.68197844         1250400.        0.000000       -42.85580     -1.56474062450E+07  2.91932273623E+04 -5.35994395234E+02   20.9693053          1028721  0.25665    
      236500  -1.68276635         1249889.        0.000000       -43.60876     -1.56432886531E+07  2.91855457724E+04 -5.35994384859E+02   20.9715716          1028356  0.25464    
      236600  -1.67947330         1249696.        0.000000       -44.99846     -1.56380173314E+07  2.91757111882E+04 -5.35994383497E+02   20.9644826          1028287  0.25778    
      236700  -1.68187646         1250375.        0.000000       -45.70201     -1.56434443838E+07  2.91858365133E+04 -5.35994381272E+02   20.9613943          1028664  0.25788    
      236800  -1.67997267         1249199.        0.000000       -45.93343     -1.56400803333E+07  2.91795605116E+04 -5.35994376169E+02   20.9713179          1027752  0.25790    
      236900  -1.67698693         1249074.        0.000000       -45.98045     -1.56363124085E+07  2.91725306775E+04 -5.35994377085E+02   20.9699032          1027688  0.25705    
      237000  -1.67658706         1248470.        0.000000       -46.52063     -1.56349804466E+07  2.91700454410E+04 -5.35994380887E+02   20.9751457          1027089  0.26586    
      237100  -1.67559382         1248965.        0.000000       -45.67824     -1.56312103957E+07  2.91630112290E+04 -5.35994389366E+02   20.9660439          1027663  0.25576    
      237200  -1.67803603         1249302.        0.000000       -45.38969     -1.56342152796E+07  2.91686171202E+04 -5.35994394769E+02   20.9658086          1027763  0.25748    
      237300  -1.68027801         1250015.        0.000000       -44.30809     -1.56417982215E+07  2.91827644191E+04 -5.35994397134E+02   20.9650879          1028153  0.26460    
      237400  -1.68273734         1250284.        0.000000       -43.22284     -1.56478598893E+07  2.91940741460E+04 -5.35994387457E+02   20.9764946          1028497  0.25442    
      237500  -1.68192848         1249263.        0.000000       -43.99627     -1.56365977543E+07  2.91730628039E+04 -5.35994381510E+02   20.9760849          1027790  0.26227    
      237600  -1.67782825         1248657.        0.000000       -44.16227     -1.56286838715E+07  2.91582981299E+04 -5.35994378063E+02   20.9695555          1027319  0.25858    
      237700  -1.67574502         1248578.        0.000000       -44.55485     -1.56274153198E+07  2.91559319619E+04 -5.35994367808E+02   20.9674324          1027167  0.25927    
      237800  -1.67559862         1248796.        0.000000       -46.12310     -1.56291307644E+07  2.91591327644E+04 -5.35994362065E+02   20.9697275          1027475  0.25616    
      237900  -1.67875021         1249518.        0.000000       -46.55178     -1.56313208312E+07  2.91632187977E+04 -5.35994361240E+02   20.9708721          1028038  0.25455    
      238000  -1.67999131         1249475.        0.000000       -46.94173     -1.56307235083E+07  2.91621038311E+04 -5.35994371286E+02   20.9699539          1028043  0.26084    
      238100  -1.67962757         1250132.        0.000000       -45.87312     -1.56274885852E+07  2.91560680461E+04 -5.35994378957E+02   20.9609710          1028666  0.25946    
      238200  -1.68181005         1250365.        0.000000       -47.28594     -1.56343593642E+07  2.91688867178E+04 -5.35994380433E+02   20.9629472          1028718  0.25605    
      238300  -1.68091048         1249364.        0.000000       -46.86439     -1.56324563133E+07  2.91653360011E+04 -5.35994384316E+02   20.9733381          1027911  0.25638    
      238400  -1.67761014         1248568.        0.000000       -45.73148     -1.56262411174E+07  2.91537395483E+04 -5.35994399327E+02   20.9723497          1027246  0.25913    
      238500  -1.67760667         1249719.        0.000000       -45.32815     -1.56219129584E+07  2.91456645898E+04 -5.35994398420E+02   20.9606353          1028296  0.25796    
      238600  -1.68339074         1250105.        0.000000       -45.48267     -1.56319765611E+07  2.91644405211E+04 -5.35994391862E+02   20.9649529          1028442  0.25496    
      238700  -1.67934811         1249336.        0.000000       -46.15857     -1.56316011693E+07  2.91637402560E+04 -5.35994390023E+02   20.9707838          1028031  0.25975    
      238800  -1.67930096         1249169.        0.000000       -46.93045     -1.56381126281E+07  2.91758886443E+04 -5.35994389707E+02   20.9741214          1027919  0.26011    
      238900  -1.67838180         1249813.        0.000000       -47.40501     -1.56334170424E+07  2.91671283021E+04 -5.35994386574E+02   20.9715950          1028547  0.25898    
      239000  -1.68254284         1250273.        0.000000       -45.35188     -1.56316529365E+07  2.91638372200E+04 -5.35994382994E+02   20.9672324          1028883  0.25514    
      239100  -1.68147421         1249390.        0.000000       -46.00361     -1.56292337573E+07  2.91593239712E+04 -5.35994379456E+02   20.9723456          1028430  0.27000    
      239200  -1.67772628         1248439.        0.000000       -46.95668     -1.56223147055E+07  2.91464147653E+04 -5.35994386659E+02   20.9671288          1027556  0.26208    
      239300  -1.67497709         1248325.        0.000000       -46.49339     -1.56246292654E+07  2.91507330185E+04 -5.35994386675E+02   20.9724936          1027518  0.25849    
      239400  -1.67615341         1248935.        0.000000       -45.46508     -1.56278732318E+07  2.91567852979E+04 -5.35994385942E+02   20.9673740          1027707  0.26140    
      239500  -1.68052543         1249942.        0.000000       -46.02487     -1.56383352658E+07  2.91763038526E+04 -5.35994392738E+02   20.9731416          1028277  0.25739    
      239600  -1.68046328         1249922.        0.000000       -45.36758     -1.56358154328E+07  2.91716031716E+04 -5.35994382649E+02   20.9723903          1028550  0.26198    
      239700  -1.68015885         1248856.        0.000000       -44.65869     -1.56368070129E+07  2.91734529753E+04 -5.35994385927E+02   20.9777026          1027510  0.24879    
      239800  -1.67759008         1249245.        0.000000       -45.50989     -1.56360482615E+07  2.91720374717E+04 -5.35994384236E+02   20.9718531          1027896  0.25599    
      239900  -1.68008221         1250628.        0.000000       -45.46721     -1.56447742006E+07  2.91883176291E+04 -5.35994379649E+02   20.9665550          1028902  0.26202    
      240000  -1.68437604         1250578.        0.000000       -45.99802     -1.56502357446E+07  2.91985075046E+04 -5.35994373757E+02   20.9778315          1028978  0.25444    
      240100  -1.68236985         1249478.        0.000000       -45.75527     -1.56455726155E+07  2.91898076379E+04 -5.35994372063E+02   20.9801166          1028075  0.25606    
      240200  -1.68017893         1249486.        0.000000       -46.03680     -1.56364975559E+07  2.91728762751E+04 -5.35994373967E+02   20.9731883          1028241  0.25367    
      240300  -1.68067348         1250178.        0.000000       -46.67077     -1.56357081908E+07  2.91714045654E+04 -5.35994355561E+02   20.9699509          1028929  0.25786    
      240400  -1.68254409         1249834.        0.000000       -46.58786     -1.56353767161E+07  2.91707853650E+04 -5.35994369724E+02   20.9723065          1028535  0.25224    
      240500  -1.68160698         1250150.        0.000000       -48.05637     -1.56323475569E+07  2.91651332703E+04 -5.35994381098E+02   20.9655469          1028761  0.25973    
      240600  -1.68125338         1249763.        0.000000       -46.74009     -1.56272160907E+07  2.91555595200E+04 -5.35994381449E+02   20.9664317          1028624  0.25700    
      240700  -1.68220829         1249468.        0.000000       -46.94027     -1.56224633086E+07  2.91466931628E+04 -5.35994365513E+02   20.9667386          1028715  0.25747    
      240800  -1.67905785         1249051.        0.000000       -46.40744     -1.56089135856E+07  2.91214135002E+04 -5.35994366669E+02   20.9587740          1028462  0.26301    
      240900  -1.67461318         1247454.        0.000000       -44.12651     -1.55947641784E+07  2.90950152218E+04 -5.35994363965E+02   20.9562996          1027082  0.25648    
      241000  -1.67500953         1248608.        0.000000       -43.39242     -1.55980805880E+07  2.91012025169E+04 -5.35994365833E+02   20.9508122          1028033  0.26109    
      241100  -1.67734901         1248853.        0.000000       -44.77530     -1.56041195135E+07  2.91124689289E+04 -5.35994372431E+02   20.9543329          1027960  0.25084    
      241200  -1.67745146         1248830.        0.000000       -46.36431     -1.56098017944E+07  2.91230702761E+04 -5.35994373065E+02   20.9587592          1027969  0.26079    
      241300  -1.67741495         1248287.        0.000000       -46.30387     -1.56112745644E+07  2.91258184287E+04 -5.35994365364E+02   20.9688473          1027519  0.26117    
      241400  -1.67361524         1248196.        0.000000       -44.86458     -1.56062904985E+07  2.91165193004E+04 -5.35994372731E+02   20.9585037          1027377  0.25535    
      241500  -1.67256664         1247475.        0.000000       -45.10913     -1.56107363099E+07  2.91248130536E+04 -5.35994386682E+02   20.9602606          1026349  0.25832    
      241600  -1.67374580         1248385.        0.000000       -45.31708     -1.56183877742E+07  2.91390885431E+04 -5.35994382635E+02   20.9630009          1027025  0.25755    
      241700  -1.67563333         1249361.        0.000000       -43.95670     -1.56292345871E+07  2.91593254332E+04 -5.35994381038E+02   20.9655787          1027674  0.25488    
      241800  -1.68025858         1249954.        0.000000       -43.84166     -1.56389765262E+07  2.91775008097E+04 -5.35994382389E+02   20.9671537          1027876  0.25735    
      241900  -1.67957685         1249346.        0.000000       -44.52400     -1.56441832165E+07  2.91872155276E+04 -5.35994370607E+02   20.9804523          1027651  0.25613    
      242000  -1.67884385         1248882.        0.000000       -44.95052     -1.56388460784E+07  2.91772574527E+04 -5.35994382054E+02   20.9829974          1027525  0.25510    
      242100  -1.67835701         1249517.        0.000000       -44.21436     -1.56366692118E+07  2.91731961915E+04 -5.35994380225E+02   20.9757464          1028024  0.26087    
      242200  -1.67774091         1249173.        0.000000       -44.63232     -1.56368577566E+07  2.91735476899E+04 -5.35994385147E+02   20.9767661          1027588  0.25845    
      242300  -1.67820868         1249595.        0.000000       -44.48773     -1.56364491861E+07  2.91727854426E+04 -5.35994384799E+02   20.9753610          1027964  0.25358    
      242400  -1.68394929         1251297.        0.000000       -45.41587     -1.56396747477E+07  2.91788038702E+04 -5.35994375141E+02   20.9705528          1029489  0.25773    
      242500  -1.68692871         1251469.        0.000000       -44.56334     -1.56436797836E+07  2.91862760663E+04 -5.35994374482E+02   20.9726003          1029693  0.26032    
      242600  -1.68620888         1250852.        0.000000       -45.44435     -1.56403116460E+07  2.91799924125E+04 -5.35994369873E+02   20.9774288          1029482  0.26042    
      242700  -1.68356400         1249315.        0.000000       -45.36914     -1.56309742569E+07  2.91625720600E+04 -5.35994363759E+02   20.9822820          1028223  0.25585    
      242800  -1.67868847         1249175.        0.000000       -46.11638     -1.56160497775E+07  2.91347279889E+04 -5.35994356406E+02   20.9658611          1028214  0.25903    
      242900  -1.67810404         1248796.        0.000000       -45.48527     -1.56153791839E+07  2.91334767774E+04 -5.35994358078E+02   20.9678463          1027885  0.25921    
      243000  -1.67299509         1246938.        0.000000       -45.89385     -1.56118268849E+07  2.91268490951E+04 -5.35994361557E+02   20.9707278          1026176  0.25648    
      243100  -1.66953391         1246793.        0.000000       -45.08421     -1.56150398883E+07  2.91328436729E+04 -5.35994359617E+02   20.9712048          1025745  0.25457    
      243200  -1.67232541         1248087.        0.000000       -45.23642     -1.56248932865E+07  2.91512273085E+04 -5.35994355269E+02   20.9676772          1026530  0.25560    
      243300  -1.67469708         1248653.        0.000000       -44.50074     -1.56335949447E+07  2.91674616251E+04 -5.35994360619E+02   20.9692669          1026884  0.25954    
      243400  -1.67681543         1249403.        0.000000       -45.50104     -1.56419454482E+07  2.91830414042E+04 -5.35994354789E+02   20.9707508          1027412  0.25904    
      243500  -1.68019481         1249937.        0.000000       -46.35221     -1.56483885217E+07  2.91950623873E+04 -5.35994351171E+02   20.9752377          1027926  0.25492    
      243600  -1.67979790         1250034.        0.000000       -45.98060     -1.56487598717E+07  2.91957560183E+04 -5.35994336367E+02   20.9730391          1028134  0.25624    
      243700  -1.67982036         1248977.        0.000000       -46.85258     -1.56491935827E+07  2.91965651079E+04 -5.35994337858E+02   20.9840125          1027277  0.26897    
      243800  -1.67879081         1249117.        0.000000       -47.25057     -1.56493732019E+07  2.91969001204E+04 -5.35994339719E+02   20.9838055          1027192  0.26073    
      243900  -1.67932547         1249370.        0.000000       -47.62485     -1.56522190568E+07  2.92022089944E+04 -5.35994350968E+02   20.9847530          1027252  0.26235    
      244000  -1.67789306         1249053.        0.000000       -46.81954     -1.56457971203E+07  2.91902271435E+04 -5.35994360147E+02   20.9805971          1027122  0.24812    
      244100  -1.68061841         1250190.        0.000000       -46.91752     -1.56462977615E+07  2.91911606351E+04 -5.35994370252E+02   20.9735733          1028203  0.25498    
      244200  -1.67984484         1249105.        0.000000       -45.31320     -1.56400357434E+07  2.91794779557E+04 -5.35994364503E+02   20.9792081          1027502  0.25254    
      244300  -1.67888292         1249290.        0.000000       -44.78137     -1.56335901789E+07  2.91674527570E+04 -5.35994360192E+02   20.9673959          1027662  0.25642    
      244400  -1.67915075         1249217.        0.000000       -43.97303     -1.56347930685E+07  2.91696974597E+04 -5.35994351334E+02   20.9705254          1027794  0.25963    
      244500  -1.67897704         1249760.        0.000000       -44.70744     -1.56358550680E+07  2.91716788132E+04 -5.35994351513E+02   20.9681512          1028270  0.25588    
      244600  -1.67938009         1249454.        0.000000       -44.69701     -1.56376714374E+07  2.91750675669E+04 -5.35994352079E+02   20.9749998          1028032  0.26100    
      244700  -1.67815295         1249311.        0.000000       -44.00533     -1.56296156600E+07  2.91600381493E+04 -5.35994348840E+02   20.9700251          1028106  0.25733    
      244800  -1.67666483         1248292.        0.000000       -42.78900     -1.56267884412E+07  2.91547638229E+04 -5.35994341650E+02   20.9748344          1027177  0.25982    
      244900  -1.67555371         1248185.        0.000000       -44.96358     -1.56233150913E+07  2.91482839339E+04 -5.35994335954E+02   20.9671666          1027063  0.25396    
      245000  -1.67756440         1249553.        0.000000       -46.02025     -1.56278563735E+07  2.91567573908E+04 -5.35994320767E+02   20.9650632          1028275  0.26411    
      245100  -1.68029934         1249908.        0.000000       -46.30301     -1.56275599531E+07  2.91562038950E+04 -5.35994329351E+02   20.9644843          1028659  0.25489    
      245200  -1.68022406         1249898.        0.000000       -45.09140     -1.56297543600E+07  2.91602983754E+04 -5.35994322103E+02   20.9653525          1028552  0.25132    
      245300  -1.67942934         1249508.        0.000000       -45.64538     -1.56275184812E+07  2.91561268187E+04 -5.35994323881E+02   20.9697471          1028368  0.25880    
      245400  -1.67954928         1250367.        0.000000       -45.46876     -1.56211830416E+07  2.91443066068E+04 -5.35994328236E+02   20.9570285          1029395  0.24903    
      245500  -1.68309812         1249939.        0.000000       -46.02333     -1.56259281526E+07  2.91531590417E+04 -5.35994337021E+02   20.9668209          1028986  0.26090    
      245600  -1.67786535         1248219.        0.000000       -45.44134     -1.56165505274E+07  2.91356630102E+04 -5.35994342123E+02   20.9706935          1027700  0.25608    
      245700  -1.67589056         1248432.        0.000000       -46.95420     -1.56180401169E+07  2.91384418465E+04 -5.35994347235E+02   20.9633583          1027674  0.25388    
      245800  -1.67412490         1247746.        0.000000       -46.98592     -1.56194023289E+07  2.91409834456E+04 -5.35994344803E+02   20.9725125          1026976  0.25710    
      245900  -1.67279981         1248230.        0.000000       -46.74740     -1.56175016026E+07  2.91374369062E+04 -5.35994351625E+02   20.9592385          1027097  0.25452    
      246000  -1.67639354         1249106.        0.000000       -46.74008     -1.56276672676E+07  2.91564022381E+04 -5.35994363777E+02   20.9608238          1027560  0.25782    
      246100  -1.67849679         1249011.        0.000000       -44.92700     -1.56320381889E+07  2.91645563192E+04 -5.35994376797E+02   20.9704889          1027526  0.26140    
      246200  -1.67730079         1248901.        0.000000       -42.75130     -1.56205869951E+07  2.91431922547E+04 -5.35994370780E+02   20.9657867          1027607  0.26495    
      246300  -1.67667938         1248585.        0.000000       -42.08701     -1.56206500077E+07  2.91433095978E+04 -5.35994374808E+02   20.9686915          1027475  0.25512    
      246400  -1.67760159         1249044.        0.000000       -42.82057     -1.56216144997E+07  2.91451093835E+04 -5.35994368527E+02   20.9660423          1027873  0.25343    
      246500  -1.67861537         1248992.        0.000000       -43.59434     -1.56207373086E+07  2.91434725484E+04 -5.35994373445E+02   20.9625546          1027666  0.25324    
      246600  -1.67817945         1249444.        0.000000       -43.80513     -1.56241565936E+07  2.91498512975E+04 -5.35994384127E+02   20.9593381          1028014  0.26516    
      246700  -1.67863179         1249228.        0.000000       -43.69772     -1.56269889304E+07  2.91551351793E+04 -5.35994391188E+02   20.9635605          1027866  0.26154    
      246800  -1.67753087         1248694.        0.000000       -44.08863     -1.56281336516E+07  2.91572705929E+04 -5.35994396384E+02   20.9707163          1027336  0.24994    
      246900  -1.67782079         1249557.        0.000000       -43.78377     -1.56303247779E+07  2.91613583486E+04 -5.35994400228E+02   20.9665481          1027938  0.25639    
      247000  -1.67941704         1249566.        0.000000       -43.02359     -1.56325136898E+07  2.91654425279E+04 -5.35994393874E+02   20.9671630          1027900  0.25421    
      247100  -1.68159406         1250527.        0.000000       -43.44368     -1.56364260876E+07  2.91727418585E+04 -5.35994393789E+02   20.9672052          1028779  0.25666    
      247200  -1.68359729         1250425.        0.000000       -43.57153     -1.56367225152E+07  2.91732952185E+04 -5.35994387953E+02   20.9739036          1028775  0.25430    
      247300  -1.68024119         1248981.        0.000000       -43.68424     -1.56236437115E+07  2.91488943484E+04 -5.35994385403E+02   20.9756052          1027798  0.25064    
      247400  -1.67879076         1248761.        0.000000       -43.53729     -1.56193270657E+07  2.91408406538E+04 -5.35994388469E+02   20.9666322          1027496  0.24680    
      247500  -1.67484618         1248521.        0.000000       -44.25997     -1.56141665517E+07  2.91312124761E+04 -5.35994393110E+02   20.9626873          1027327  0.26230    
      247600  -1.67708241         1249342.        0.000000       -45.10046     -1.56118987645E+07  2.91269814578E+04 -5.35994393622E+02   20.9540456          1028110  0.25371    
      247700  -1.68289898         1250946.        0.000000       -45.15683     -1.56251962521E+07  2.91517907067E+04 -5.35994389138E+02   20.9571717          1029558  0.25295    
      247800  -1.68391426         1250044.        0.000000       -45.67416     -1.56231065074E+07  2.91478923710E+04 -5.35994380264E+02   20.9682529          1029124  0.25648    
      247900  -1.68082195         1249078.        0.000000       -44.76099     -1.56080390210E+07  2.91197813684E+04 -5.35994375215E+02   20.9625098          1028688  0.25651    
      248000  -1.67677249         1248828.        0.000000       -43.97071     -1.55991979044E+07  2.91032864185E+04 -5.35994378094E+02   20.9504900          1028479  0.25571    
      248100  -1.67648951         1248957.        0.000000       -42.60991     -1.56044123628E+07  2.91130146759E+04 -5.35994383837E+02   20.9502170          1028168  0.25128    
      248200  -1.67649386         1248659.        0.000000       -42.31957     -1.56064199331E+07  2.91167597106E+04 -5.35994392515E+02   20.9540746          1027731  0.25275    
      248300  -1.67722152         1249480.        0.000000       -42.52166     -1.56068402847E+07  2.91175441665E+04 -5.35994388656E+02   20.9460533          1028390  0.26020    
      248400  -1.68091709         1250066.        0.000000       -42.42624     -1.56164207865E+07  2.91354184316E+04 -5.35994388519E+02   20.9552357          1028843  0.26310    
      248500  -1.67828152         1248223.        0.000000       -42.95231     -1.56152487964E+07  2.91332315129E+04 -5.35994394905E+02   20.9653595          1027147  0.25534    
      248600  -1.67472469         1247868.        0.000000       -43.75836     -1.56136929345E+07  2.91303291797E+04 -5.35994387095E+02   20.9637300          1026857  0.25251    
      248700  -1.67477031         1248787.        0.000000       -42.96204     -1.56200132291E+07  2.91421207152E+04 -5.35994390446E+02   20.9613189          1027372  0.25451    
      248800  -1.67650017         1248827.        0.000000       -41.63941     -1.56250815621E+07  2.91515768676E+04 -5.35994386619E+02   20.9658545          1027236  0.25298    
      248900  -1.67595273         1248069.        0.000000       -41.35346     -1.56259673357E+07  2.91532292890E+04 -5.35994389533E+02   20.9694738          1026412  0.25445    
      249000  -1.67415434         1248231.        0.000000       -42.92048     -1.56259346285E+07  2.91531687623E+04 -5.35994380438E+02   20.9696476          1026477  0.25852    
      249100  -1.67390291         1248700.        0.000000       -42.76791     -1.56271153960E+07  2.91553712078E+04 -5.35994389665E+02   20.9673447          1026971  0.25703    
      249200  -1.67954362         1250032.        0.000000       -42.60423     -1.56341606956E+07  2.91685156545E+04 -5.35994387950E+02   20.9632405          1027878  0.25464    
      249300  -1.68337011         1250858.        0.000000       -43.00535     -1.56414816708E+07  2.91821739575E+04 -5.35994394851E+02   20.9719587          1028717  0.25745    
      249400  -1.68397449         1250385.        0.000000       -41.85527     -1.56414964512E+07  2.91822021023E+04 -5.35994384400E+02   20.9816426          1028621  0.25158    
      249500  -1.68146606         1249329.        0.000000       -42.63496     -1.56305660594E+07  2.91618091071E+04 -5.35994389167E+02   20.9800597          1027791  0.25555    
      249600  -1.68122850         1249747.        0.000000       -43.20942     -1.56256859347E+07  2.91527047714E+04 -5.35994380527E+02   20.9734890          1028413  0.25590    
      249700  -1.68086649         1249842.        0.000000       -43.27409     -1.56181035631E+07  2.91385587929E+04 -5.35994373437E+02   20.9664564          1028697  0.25473    
      249800  -1.68203351         1250222.        0.000000       -44.46693     -1.56170149902E+07  2.91365284597E+04 -5.35994362258E+02   20.9638542          1029106  0.25914    
      249900  -1.68282329         1250163.        0.000000       -43.20005     -1.56172472320E+07  2.91369618946E+04 -5.35994359623E+02   20.9675629          1029110  0.25718    
      250000  -1.67907148         1248597.        0.000000       -42.54326     -1.56100997895E+07  2.91236270914E+04 -5.35994357451E+02   20.9644359          1027710  0.26314    
      250100  -1.67858864         1249455.        0.000000       -44.50332     -1.56054639905E+07  2.91149771850E+04 -5.35994374692E+02   20.9592471          1028796  0.25615    
      250200  -1.67691976         1248409.        0.000000       -43.75694     -1.56008536108E+07  2.91063755732E+04 -5.35994375925E+02   20.9591743          1027868  0.25408    
      250300  -1.67504889         1248424.        0.000000       -43.97378     -1.55983483838E+07  2.91017017224E+04 -5.35994373544E+02   20.9539392          1027878  0.25955    
      250400  -1.67457693         1248045.        0.000000       -44.55329     -1.56003042659E+07  2.91053511584E+04 -5.35994366842E+02   20.9566931          1027413  0.26053    
      250500  -1.67266574         1247528.        0.000000       -43.01833     -1.56003588277E+07  2.91054528448E+04 -5.35994368852E+02   20.9596926          1026828  0.25920    
      250600  -1.67194652         1247880.        0.000000       -41.63051     -1.55977189312E+07  2.91005277216E+04 -5.35994366852E+02   20.9525596          1027055  0.25805    
      250700  -1.67367094         1248770.        0.000000       -41.92477     -1.56075689611E+07  2.91189049992E+04 -5.35994363850E+02   20.9520215          1027606  0.25602    
      250800  -1.67843844         1249490.        0.000000       -43.37853     -1.56175551092E+07  2.91375359659E+04 -5.35994365738E+02   20.9536699          1027871  0.26070    
      250900  -1.67852924         1249194.        0.000000       -44.04126     -1.56226008032E+07  2.91469498205E+04 -5.35994363027E+02   20.9642238          1027742  0.25175    
      251000  -1.67892964         1249791.        0.000000       -44.70535     -1.56262742944E+07  2.91538033876E+04 -5.35994363639E+02   20.9621569          1028187  0.25758    
      251100  -1.68205440         1250224.        0.000000       -44.24136     -1.56251622679E+07  2.91517288604E+04 -5.35994360497E+02   20.9667668          1028888  0.25789    
      251200  -1.68097343         1249711.        0.000000       -43.80173     -1.56177646600E+07  2.91379269253E+04 -5.35994365693E+02   20.9640551          1028841  0.25681    
      251300  -1.67756652         1248499.        0.000000       -42.75030     -1.56094095708E+07  2.91223385288E+04 -5.35994372684E+02   20.9656699          1027838  0.25223    
      251400  -1.67364321         1248150.        0.000000       -42.83306     -1.56095232450E+07  2.91225509852E+04 -5.35994365773E+02   20.9587067          1027150  0.25308    
      251500  -1.67439578         1248403.        0.000000       -43.79127     -1.56144867937E+07  2.91318115889E+04 -5.35994362933E+02   20.9639703          1027269  0.26516    
      251600  -1.67759584         1249676.        0.000000       -43.90305     -1.56163513415E+07  2.91352897707E+04 -5.35994371925E+02   20.9529883          1028240  0.24704    
      251700  -1.68082288         1250327.        0.000000       -43.69161     -1.56248897890E+07  2.91512198304E+04 -5.35994372790E+02   20.9564791          1028769  0.25380    
      251800  -1.68304481         1250223.        0.000000       -45.03112     -1.56314041518E+07  2.91633737869E+04 -5.35994369720E+02   20.9660457          1028597  0.25896    
      251900  -1.68165105         1250070.        0.000000       -44.19933     -1.56276031086E+07  2.91562822888E+04 -5.35994368344E+02   20.9624558          1028649  0.25688    
      252000  -1.68156413         1250035.        0.000000       -44.08131     -1.56266069008E+07  2.91544233891E+04 -5.35994373555E+02   20.9615083          1028707  0.25907    
      252100  -1.68178038         1250008.        0.000000       -44.92347     -1.56274719332E+07  2.91560374924E+04 -5.35994369512E+02   20.9668102          1028895  0.25684    
      252200  -1.68138653         1250446.        0.000000       -44.62712     -1.56212903632E+07  2.91445049401E+04 -5.35994363099E+02   20.9576731          1029580  0.25442    
      252300  -1.68410737         1250592.        0.000000       -44.71175     -1.56186221241E+07  2.91395267885E+04 -5.35994363856E+02   20.9587318          1029836  0.26429    
      252400  -1.68087648         1249541.        0.000000       -46.68644     -1.56082071497E+07  2.91200953430E+04 -5.35994369723E+02   20.9568571          1029000  0.25807    
      252500  -1.68052025         1250139.        0.000000       -46.43961     -1.56016636203E+07  2.91078867917E+04 -5.35994376093E+02   20.9469850          1029815  0.25526    
      252600  -1.68176836         1250145.        0.000000       -45.21689     -1.55961438406E+07  2.90975884373E+04 -5.35994378855E+02   20.9459376          1029941  0.25795    
      252700  -1.68130761         1249676.        0.000000       -44.76957     -1.55946552545E+07  2.90948109468E+04 -5.35994383433E+02   20.9481700          1029673  0.25701    
      252800  -1.67932902         1249642.        0.000000       -44.88397     -1.55930505737E+07  2.90918169770E+04 -5.35994385845E+02   20.9455610          1029684  0.25543    
      252900  -1.67980650         1249531.        0.000000       -44.84093     -1.55934922148E+07  2.90926408687E+04 -5.35994387213E+02   20.9413611          1029288  0.25983    
      253000  -1.67946031         1249391.        0.000000       -45.08073     -1.55927800059E+07  2.90913116698E+04 -5.35994395264E+02   20.9404332          1029356  0.25181    
      253100  -1.68032382         1249858.        0.000000       -45.48968     -1.55971668400E+07  2.90994967757E+04 -5.35994383690E+02   20.9459912          1029802  0.26628    
      253200  -1.67924286         1249268.        0.000000       -44.95995     -1.55919903757E+07  2.90898393913E+04 -5.35994378175E+02   20.9454675          1029329  0.25923    
      253300  -1.67702234         1248589.        0.000000       -45.34642     -1.55889552178E+07  2.90841766996E+04 -5.35994378621E+02   20.9414677          1028625  0.26296    
      253400  -1.67759641         1249652.        0.000000       -45.97830     -1.55990691594E+07  2.91030463711E+04 -5.35994375313E+02   20.9396963          1029274  0.25931    
      253500  -1.67746218         1249027.        0.000000       -47.25197     -1.56061522933E+07  2.91162614609E+04 -5.35994372570E+02   20.9487592          1028634  0.26217    
      253600  -1.67735875         1248589.        0.000000       -46.11537     -1.56093311795E+07  2.91221920665E+04 -5.35994376516E+02   20.9539105          1028059  0.25480    
      253700  -1.67573676         1248768.        0.000000       -45.46021     -1.56089708559E+07  2.91215196704E+04 -5.35994379160E+02   20.9522058          1028184  0.25649    
      253800  -1.67706432         1249250.        0.000000       -45.51412     -1.56083481836E+07  2.91203575409E+04 -5.35994386803E+02   20.9507876          1028660  0.25608    
      253900  -1.67745786         1248383.        0.000000       -48.29470     -1.56071288205E+07  2.91180823852E+04 -5.35994390496E+02   20.9510507          1027720  0.25672    
      254000  -1.67532786         1249007.        0.000000       -48.34105     -1.56127843478E+07  2.91286343330E+04 -5.35994381654E+02   20.9481472          1028151  0.25711    
      254100  -1.67924669         1250242.        0.000000       -48.16646     -1.56214666250E+07  2.91448327558E+04 -5.35994382121E+02   20.9447622          1029051  0.26293    
      254200  -1.68038023         1249179.        0.000000       -48.25965     -1.56279049250E+07  2.91568446026E+04 -5.35994382726E+02   20.9625979          1028030  0.26013    
      254300  -1.67644029         1247976.        0.000000       -46.44104     -1.56251636718E+07  2.91517298875E+04 -5.35994389769E+02   20.9674921          1026768  0.26288    
      254400  -1.67184347         1246865.        0.000000       -46.63241     -1.56212705300E+07  2.91444664506E+04 -5.35994390442E+02   20.9686656          1025806  0.25628    
      254500  -1.67023516         1247355.        0.000000       -46.13431     -1.56253819591E+07  2.91521375199E+04 -5.35994382861E+02   20.9621909          1025943  0.26317    
      254600  -1.67364219         1248609.        0.000000       -46.82609     -1.56422487486E+07  2.91836063049E+04 -5.35994372499E+02   20.9643386          1026655  0.25797    
      254700  -1.67552264         1248711.        0.000000       -45.60495     -1.56591912395E+07  2.92152163231E+04 -5.35994362195E+02   20.9803360          1026547  0.25968    
      254800  -1.67673227         1249005.        0.000000       -45.06188     -1.56680386093E+07  2.92317230733E+04 -5.35994356886E+02   20.9897593          1026789  0.25509    
