Run started: Sun Feb  1 19:25:18 CET 2026
Using VDAGGER_ARCH = gnu7_fkfamd_cluster
Running 1x128 MPI processes.

                               xx
                              +##
                               #X
                               Xx
                          X##XxXxxX##x
                           +   Xx  ++
                               ##
                              +##
                              +##
     ++++         ++          +##
   xX+++##+      ####         +##
  Xx    ###      +X##          ##
 xX    X##+        ##          #X
 +    x##X         #x          #X
      ###         +#           x+
     X##+         #+
     ###         Xx                    _______
     ##X       +X+   __________________VDAGGER
     +##x    +xX     2nd quantized variational
       +xxxxx+       ______quantum Monte Carlo

* Running 512 MPI processes.
* Input file: "input.11.casl"

############# Start of input file dump #############
General:
  Random seed: timer

Plan:
  VMC-optimization:
    Minimum cycles: 10
    Convergence cycles: 5

System:
  Hubbard model:
    Primitive cell:
      a_1: [ 1.0, 1.0 ]
      a_2: [ -1.0, 1.0 ]
    Simulation cell:
      a_1: [ 10.0, 0.0 ]
      a_2: [ 0.0, 10.0 ]
    U: 8.0
    Dump Hamiltonian: FCIDUMP.new
    Dump orbitals: LTSC.new
  netot: 50

VMC:
  nstep: 40000000
  nconfig: 1000000

Jastrow: wfn.casl

Backflow: wfn.casl
############## End of input file dump ##############

General setup:
* Random seed: 59967546 (from timer)

Hubbard system:
* Dimensionality        : 2
* Simulation cell:
  > a_1 =   1.000000000000E+01   0.000000000000E+00
  > a_2 =   0.000000000000E+00   1.000000000000E+01
* Primitive cell:
  > a_1 =   1.000000000000E+00   1.000000000000E+00
  > a_2 =  -1.000000000000E+00   1.000000000000E+00
* Prim.cells in sim.cell: 50
* Number of sublattices : 1
* # real-space shells   : 11
  > Shell #1: 4 sites, rij =  1.4142E+00
  > Shell #2: 4 sites, rij =  2.0000E+00
  > Shell #3: 4 sites, rij =  2.8284E+00
  > Shell #4: 8 sites, rij =  3.1623E+00
  > Shell #5: 4 sites, rij =  4.0000E+00
  > Shell #6: 4 sites, rij =  4.2426E+00
  > Shell #7: 8 sites, rij =  4.4721E+00
  > Shell #8: 4 sites, rij =  5.0990E+00
  > Shell #9: 4 sites, rij =  5.6569E+00
  > Shell #10: 4 sites, rij =  5.8310E+00
  > Shell #11: 1 sites, rij =  7.0711E+00
* Site labels:
  +-----------------------------+
  |   10    19    28    37    46|
  |45     9    18    27    36   |
  |   44     8    17    26    35|
  |34    43     7    16    25   |
  |   33    42     6    15    24|
  |23    32    41     5    14   |
  |   22    31    50     4    13|
  |12    21    40    49     3   |
  |   11    30    39    48     2|
  | 1    20    29    38    47   |
  +-----------------------------+
* Shell diagram:
  +-----------------------------+
  |   10     8     8    10    11|
  | 9     7     5     7     9   |
  |    6     4     4     6    10|
  | 7     3     2     3     7   |
  |    4     1     1     4     8|
  | 5     2     0     2     5   |
  |    4     1     1     4     8|
  | 7     3     2     3     7   |
  |    6     4     4     6    10|
  | 9     7     5     7     9   |
  +-----------------------------+
* Hop multiplicity diagram:
  +-------------------+
  |  -   -   -   -   -|
  |-   -   -   -   -  |
  |  -   -   -   -   -|
  |-   -   -   -   -  |
  |  -   1   1   -   -|
  |-   -   0   -   -  |
  |  -   1   1   -   -|
  |-   -   -   -   -  |
  |  -   -   -   -   -|
  |-   -   -   -   -  |
  +-------------------+
* Reciprocal lattice of the simulation cell:
  > b_1 =   6.283185307180E-01  -0.000000000000E+00
  > b_2 =  -0.000000000000E+00   6.283185307180E-01
* k-vector offset:
  > Fractional:   0.000000000000E+00   0.000000000000E+00
  > Absolute  :   0.000000000000E+00   0.000000000000E+00
* G-vector occupation diagram:
  +----------0----------+
  |          -          |
  |        - - -        |
  |      - - - - -      |
  |    - 2 2 2 2 2 -    |
  |  - - 2 2 2 2 2 - -  |
  0- - - 2 2 2 2 2 - - -0
  |  - - 2 2 2 2 2 - -  |
  |    - 2 2 2 2 2 -    |
  |      - - - - -      |
  |        - - -        |
  |          -          |
  +----------0----------+
* G-vectors and non-interacting energy levels:
  > G_1 = [   0.0000E+00,  0.0000E+00,  0.0000E+00 ], e =  -4.0000E+00
  > G_2 = [   6.2832E-01,  0.0000E+00,  0.0000E+00 ], e =  -3.2361E+00
  > G_3 = [  -6.2832E-01,  0.0000E+00,  0.0000E+00 ], e =  -3.2361E+00
  > G_4 = [   0.0000E+00, -6.2832E-01,  0.0000E+00 ], e =  -3.2361E+00
  > G_5 = [   0.0000E+00,  6.2832E-01,  0.0000E+00 ], e =  -3.2361E+00
  > G_6 = [   6.2832E-01,  6.2832E-01,  0.0000E+00 ], e =  -2.6180E+00
  > G_7 = [  -6.2832E-01, -6.2832E-01,  0.0000E+00 ], e =  -2.6180E+00
  > G_8 = [  -6.2832E-01,  6.2832E-01,  0.0000E+00 ], e =  -2.6180E+00
  > G_9 = [   6.2832E-01, -6.2832E-01,  0.0000E+00 ], e =  -2.6180E+00
  > G_10 = [   1.2566E+00,  0.0000E+00,  0.0000E+00 ], e =  -1.2361E+00
  > G_11 = [  -1.2566E+00,  0.0000E+00,  0.0000E+00 ], e =  -1.2361E+00
  > G_12 = [   0.0000E+00, -1.2566E+00,  0.0000E+00 ], e =  -1.2361E+00
  > G_13 = [   0.0000E+00,  1.2566E+00,  0.0000E+00 ], e =  -1.2361E+00
  > G_14 = [  -1.2566E+00,  6.2832E-01,  0.0000E+00 ], e =  -1.0000E+00
  > G_15 = [   1.2566E+00, -6.2832E-01,  0.0000E+00 ], e =  -1.0000E+00
  > G_16 = [  -6.2832E-01,  1.2566E+00,  0.0000E+00 ], e =  -1.0000E+00
  > G_17 = [   6.2832E-01, -1.2566E+00,  0.0000E+00 ], e =  -1.0000E+00
  > G_18 = [  -6.2832E-01, -1.2566E+00,  0.0000E+00 ], e =  -1.0000E+00
  > G_19 = [   6.2832E-01,  1.2566E+00,  0.0000E+00 ], e =  -1.0000E+00
  > G_20 = [   1.2566E+00,  6.2832E-01,  0.0000E+00 ], e =  -1.0000E+00
  > G_21 = [  -1.2566E+00, -6.2832E-01,  0.0000E+00 ], e =  -1.0000E+00
  > G_22 = [  -1.2566E+00,  1.2566E+00,  0.0000E+00 ], e =  -3.8197E-01
  > G_23 = [   1.2566E+00, -1.2566E+00,  0.0000E+00 ], e =  -3.8197E-01
  > G_24 = [   1.2566E+00,  1.2566E+00,  0.0000E+00 ], e =  -3.8197E-01
  > G_25 = [  -1.2566E+00, -1.2566E+00,  0.0000E+00 ], e =  -3.8197E-01 = e_F
  > G_26 = [   1.8850E+00, -1.2566E+00,  0.0000E+00 ], e =   3.8197E-01
  > G_27 = [  -1.8850E+00,  1.2566E+00,  0.0000E+00 ], e =   3.8197E-01
  > G_28 = [   1.2566E+00, -1.8850E+00,  0.0000E+00 ], e =   3.8197E-01
  > G_29 = [  -1.2566E+00,  1.8850E+00,  0.0000E+00 ], e =   3.8197E-01
  > ...
* U/t                   :  8.00000000000E+00
* Hartree-Fock Etot/t   :  1.62229123600E+01
  > Ttot/t              : -8.37770876400E+01
  > Utot/t              :  1.00000000000E+02
* Writing Hamiltonian to "FCIDUMP.new".
* Writing orbitals to "LTSC.new".
* Analysis of Hamiltonian connecitivity performed:
  - U_iiii [opp] (local, 1-site): 50 (i) values
  - T_ji (single, 2-site): 200 contribs. from 50 (i) values
  - Max. no. wfn. ratios in Eloc: 4
* Site labels:
  +-----------------------------+
  |   10    19    28    37    46|
  |45     9    18    27    36   |
  |   44     8    17    26    35|
  |34    43     7    16    25   |
  |   33    42     6    15    24|
  |23    32    41     5    14   |
  |   22    31    50     4    13|
  |12    21    40    49     3   |
  |   11    30    39    48     2|
  | 1    20    29    38    47   |
  +-----------------------------+
* Model system Site kinds:
  [ 1, 1, 1, 1, 1, 1, 1, 1, 1, 1, 1, 1, 1, 1, 1, 1, 1, 1, 1, 1, 1, 1, 1, 1, 1, 1, 1, 1, 1, 1, 1, 1, 1, 1, 1, 1, 1, 1, 1, 1, 1, 1, 1, 1, 1, 1, 1, 1, 1, 1 ]
  +-------------------+
  |  1   1   1   1   1|
  |1   1   1   1   1  |
  |  1   1   1   1   1|
  |1   1   1   1   1  |
  |  1   1   1   1   1|
  |1   1   1   1   1  |
  |  1   1   1   1   1|
  |1   1   1   1   1  |
  |  1   1   1   1   1|
  |1   1   1   1   1  |
  +-------------------+
* Maximum Site kind: 1
* Model system Site pair kinds:
  Site 1: [ 0, 1, 3, 6, 9, 11, 9, 6, 3, 1, 1, 2, 4, 7, 10, 9, 10, 7, 4, 2, 3, 4, 5, 8, 7, 6, 7, 8, 5, 4, 6, 7, 8, 5, 4, 3, 4, 5, 8, 7, 9, 10, 7, 4, 2, 1, 2, 4, 7, 10 ]
  Site 2: [ 1, 0, 1, 3, 6, 9, 11, 9, 6, 3, 2, 1, 2, 4, 7, 10, 9, 10, 7, 4, 4, 3, 4, 5, 8, 7, 6, 7, 8, 5, 7, 6, 7, 8, 5, 4, 3, 4, 5, 8, 10, 9, 10, 7, 4, 2, 1, 2, 4, 7 ]
  Site 3: [ 3, 1, 0, 1, 3, 6, 9, 11, 9, 6, 4, 2, 1, 2, 4, 7, 10, 9, 10, 7, 5, 4, 3, 4, 5, 8, 7, 6, 7, 8, 8, 7, 6, 7, 8, 5, 4, 3, 4, 5, 7, 10, 9, 10, 7, 4, 2, 1, 2, 4 ]
  Site 4: [ 6, 3, 1, 0, 1, 3, 6, 9, 11, 9, 7, 4, 2, 1, 2, 4, 7, 10, 9, 10, 8, 5, 4, 3, 4, 5, 8, 7, 6, 7, 5, 8, 7, 6, 7, 8, 5, 4, 3, 4, 4, 7, 10, 9, 10, 7, 4, 2, 1, 2 ]
  Site 5: [ 9, 6, 3, 1, 0, 1, 3, 6, 9, 11, 10, 7, 4, 2, 1, 2, 4, 7, 10, 9, 7, 8, 5, 4, 3, 4, 5, 8, 7, 6, 4, 5, 8, 7, 6, 7, 8, 5, 4, 3, 2, 4, 7, 10, 9, 10, 7, 4, 2, 1 ]
  Site 6: [ 11, 9, 6, 3, 1, 0, 1, 3, 6, 9, 9, 10, 7, 4, 2, 1, 2, 4, 7, 10, 6, 7, 8, 5, 4, 3, 4, 5, 8, 7, 3, 4, 5, 8, 7, 6, 7, 8, 5, 4, 1, 2, 4, 7, 10, 9, 10, 7, 4, 2 ]
  Site 7: [ 9, 11, 9, 6, 3, 1, 0, 1, 3, 6, 10, 9, 10, 7, 4, 2, 1, 2, 4, 7, 7, 6, 7, 8, 5, 4, 3, 4, 5, 8, 4, 3, 4, 5, 8, 7, 6, 7, 8, 5, 2, 1, 2, 4, 7, 10, 9, 10, 7, 4 ]
  Site 8: [ 6, 9, 11, 9, 6, 3, 1, 0, 1, 3, 7, 10, 9, 10, 7, 4, 2, 1, 2, 4, 8, 7, 6, 7, 8, 5, 4, 3, 4, 5, 5, 4, 3, 4, 5, 8, 7, 6, 7, 8, 4, 2, 1, 2, 4, 7, 10, 9, 10, 7 ]
  Site 9: [ 3, 6, 9, 11, 9, 6, 3, 1, 0, 1, 4, 7, 10, 9, 10, 7, 4, 2, 1, 2, 5, 8, 7, 6, 7, 8, 5, 4, 3, 4, 8, 5, 4, 3, 4, 5, 8, 7, 6, 7, 7, 4, 2, 1, 2, 4, 7, 10, 9, 10 ]
  Site 10: [ 1, 3, 6, 9, 11, 9, 6, 3, 1, 0, 2, 4, 7, 10, 9, 10, 7, 4, 2, 1, 4, 5, 8, 7, 6, 7, 8, 5, 4, 3, 7, 8, 5, 4, 3, 4, 5, 8, 7, 6, 10, 7, 4, 2, 1, 2, 4, 7, 10, 9 ]
  Site 11: [ 1, 2, 4, 7, 10, 9, 10, 7, 4, 2, 0, 1, 3, 6, 9, 11, 9, 6, 3, 1, 1, 2, 4, 7, 10, 9, 10, 7, 4, 2, 3, 4, 5, 8, 7, 6, 7, 8, 5, 4, 6, 7, 8, 5, 4, 3, 4, 5, 8, 7 ]
  Site 12: [ 2, 1, 2, 4, 7, 10, 9, 10, 7, 4, 1, 0, 1, 3, 6, 9, 11, 9, 6, 3, 2, 1, 2, 4, 7, 10, 9, 10, 7, 4, 4, 3, 4, 5, 8, 7, 6, 7, 8, 5, 7, 6, 7, 8, 5, 4, 3, 4, 5, 8 ]
  Site 13: [ 4, 2, 1, 2, 4, 7, 10, 9, 10, 7, 3, 1, 0, 1, 3, 6, 9, 11, 9, 6, 4, 2, 1, 2, 4, 7, 10, 9, 10, 7, 5, 4, 3, 4, 5, 8, 7, 6, 7, 8, 8, 7, 6, 7, 8, 5, 4, 3, 4, 5 ]
  Site 14: [ 7, 4, 2, 1, 2, 4, 7, 10, 9, 10, 6, 3, 1, 0, 1, 3, 6, 9, 11, 9, 7, 4, 2, 1, 2, 4, 7, 10, 9, 10, 8, 5, 4, 3, 4, 5, 8, 7, 6, 7, 5, 8, 7, 6, 7, 8, 5, 4, 3, 4 ]
  Site 15: [ 10, 7, 4, 2, 1, 2, 4, 7, 10, 9, 9, 6, 3, 1, 0, 1, 3, 6, 9, 11, 10, 7, 4, 2, 1, 2, 4, 7, 10, 9, 7, 8, 5, 4, 3, 4, 5, 8, 7, 6, 4, 5, 8, 7, 6, 7, 8, 5, 4, 3 ]
  Site 16: [ 9, 10, 7, 4, 2, 1, 2, 4, 7, 10, 11, 9, 6, 3, 1, 0, 1, 3, 6, 9, 9, 10, 7, 4, 2, 1, 2, 4, 7, 10, 6, 7, 8, 5, 4, 3, 4, 5, 8, 7, 3, 4, 5, 8, 7, 6, 7, 8, 5, 4 ]
  Site 17: [ 10, 9, 10, 7, 4, 2, 1, 2, 4, 7, 9, 11, 9, 6, 3, 1, 0, 1, 3, 6, 10, 9, 10, 7, 4, 2, 1, 2, 4, 7, 7, 6, 7, 8, 5, 4, 3, 4, 5, 8, 4, 3, 4, 5, 8, 7, 6, 7, 8, 5 ]
  Site 18: [ 7, 10, 9, 10, 7, 4, 2, 1, 2, 4, 6, 9, 11, 9, 6, 3, 1, 0, 1, 3, 7, 10, 9, 10, 7, 4, 2, 1, 2, 4, 8, 7, 6, 7, 8, 5, 4, 3, 4, 5, 5, 4, 3, 4, 5, 8, 7, 6, 7, 8 ]
  Site 19: [ 4, 7, 10, 9, 10, 7, 4, 2, 1, 2, 3, 6, 9, 11, 9, 6, 3, 1, 0, 1, 4, 7, 10, 9, 10, 7, 4, 2, 1, 2, 5, 8, 7, 6, 7, 8, 5, 4, 3, 4, 8, 5, 4, 3, 4, 5, 8, 7, 6, 7 ]
  Site 20: [ 2, 4, 7, 10, 9, 10, 7, 4, 2, 1, 1, 3, 6, 9, 11, 9, 6, 3, 1, 0, 2, 4, 7, 10, 9, 10, 7, 4, 2, 1, 4, 5, 8, 7, 6, 7, 8, 5, 4, 3, 7, 8, 5, 4, 3, 4, 5, 8, 7, 6 ]
  Site 21: [ 3, 4, 5, 8, 7, 6, 7, 8, 5, 4, 1, 2, 4, 7, 10, 9, 10, 7, 4, 2, 0, 1, 3, 6, 9, 11, 9, 6, 3, 1, 1, 2, 4, 7, 10, 9, 10, 7, 4, 2, 3, 4, 5, 8, 7, 6, 7, 8, 5, 4 ]
  Site 22: [ 4, 3, 4, 5, 8, 7, 6, 7, 8, 5, 2, 1, 2, 4, 7, 10, 9, 10, 7, 4, 1, 0, 1, 3, 6, 9, 11, 9, 6, 3, 2, 1, 2, 4, 7, 10, 9, 10, 7, 4, 4, 3, 4, 5, 8, 7, 6, 7, 8, 5 ]
  Site 23: [ 5, 4, 3, 4, 5, 8, 7, 6, 7, 8, 4, 2, 1, 2, 4, 7, 10, 9, 10, 7, 3, 1, 0, 1, 3, 6, 9, 11, 9, 6, 4, 2, 1, 2, 4, 7, 10, 9, 10, 7, 5, 4, 3, 4, 5, 8, 7, 6, 7, 8 ]
  Site 24: [ 8, 5, 4, 3, 4, 5, 8, 7, 6, 7, 7, 4, 2, 1, 2, 4, 7, 10, 9, 10, 6, 3, 1, 0, 1, 3, 6, 9, 11, 9, 7, 4, 2, 1, 2, 4, 7, 10, 9, 10, 8, 5, 4, 3, 4, 5, 8, 7, 6, 7 ]
  Site 25: [ 7, 8, 5, 4, 3, 4, 5, 8, 7, 6, 10, 7, 4, 2, 1, 2, 4, 7, 10, 9, 9, 6, 3, 1, 0, 1, 3, 6, 9, 11, 10, 7, 4, 2, 1, 2, 4, 7, 10, 9, 7, 8, 5, 4, 3, 4, 5, 8, 7, 6 ]
  Site 26: [ 6, 7, 8, 5, 4, 3, 4, 5, 8, 7, 9, 10, 7, 4, 2, 1, 2, 4, 7, 10, 11, 9, 6, 3, 1, 0, 1, 3, 6, 9, 9, 10, 7, 4, 2, 1, 2, 4, 7, 10, 6, 7, 8, 5, 4, 3, 4, 5, 8, 7 ]
  Site 27: [ 7, 6, 7, 8, 5, 4, 3, 4, 5, 8, 10, 9, 10, 7, 4, 2, 1, 2, 4, 7, 9, 11, 9, 6, 3, 1, 0, 1, 3, 6, 10, 9, 10, 7, 4, 2, 1, 2, 4, 7, 7, 6, 7, 8, 5, 4, 3, 4, 5, 8 ]
  Site 28: [ 8, 7, 6, 7, 8, 5, 4, 3, 4, 5, 7, 10, 9, 10, 7, 4, 2, 1, 2, 4, 6, 9, 11, 9, 6, 3, 1, 0, 1, 3, 7, 10, 9, 10, 7, 4, 2, 1, 2, 4, 8, 7, 6, 7, 8, 5, 4, 3, 4, 5 ]
  Site 29: [ 5, 8, 7, 6, 7, 8, 5, 4, 3, 4, 4, 7, 10, 9, 10, 7, 4, 2, 1, 2, 3, 6, 9, 11, 9, 6, 3, 1, 0, 1, 4, 7, 10, 9, 10, 7, 4, 2, 1, 2, 5, 8, 7, 6, 7, 8, 5, 4, 3, 4 ]
  Site 30: [ 4, 5, 8, 7, 6, 7, 8, 5, 4, 3, 2, 4, 7, 10, 9, 10, 7, 4, 2, 1, 1, 3, 6, 9, 11, 9, 6, 3, 1, 0, 2, 4, 7, 10, 9, 10, 7, 4, 2, 1, 4, 5, 8, 7, 6, 7, 8, 5, 4, 3 ]
  Site 31: [ 6, 7, 8, 5, 4, 3, 4, 5, 8, 7, 3, 4, 5, 8, 7, 6, 7, 8, 5, 4, 1, 2, 4, 7, 10, 9, 10, 7, 4, 2, 0, 1, 3, 6, 9, 11, 9, 6, 3, 1, 1, 2, 4, 7, 10, 9, 10, 7, 4, 2 ]
  Site 32: [ 7, 6, 7, 8, 5, 4, 3, 4, 5, 8, 4, 3, 4, 5, 8, 7, 6, 7, 8, 5, 2, 1, 2, 4, 7, 10, 9, 10, 7, 4, 1, 0, 1, 3, 6, 9, 11, 9, 6, 3, 2, 1, 2, 4, 7, 10, 9, 10, 7, 4 ]
  Site 33: [ 8, 7, 6, 7, 8, 5, 4, 3, 4, 5, 5, 4, 3, 4, 5, 8, 7, 6, 7, 8, 4, 2, 1, 2, 4, 7, 10, 9, 10, 7, 3, 1, 0, 1, 3, 6, 9, 11, 9, 6, 4, 2, 1, 2, 4, 7, 10, 9, 10, 7 ]
  Site 34: [ 5, 8, 7, 6, 7, 8, 5, 4, 3, 4, 8, 5, 4, 3, 4, 5, 8, 7, 6, 7, 7, 4, 2, 1, 2, 4, 7, 10, 9, 10, 6, 3, 1, 0, 1, 3, 6, 9, 11, 9, 7, 4, 2, 1, 2, 4, 7, 10, 9, 10 ]
  Site 35: [ 4, 5, 8, 7, 6, 7, 8, 5, 4, 3, 7, 8, 5, 4, 3, 4, 5, 8, 7, 6, 10, 7, 4, 2, 1, 2, 4, 7, 10, 9, 9, 6, 3, 1, 0, 1, 3, 6, 9, 11, 10, 7, 4, 2, 1, 2, 4, 7, 10, 9 ]
  Site 36: [ 3, 4, 5, 8, 7, 6, 7, 8, 5, 4, 6, 7, 8, 5, 4, 3, 4, 5, 8, 7, 9, 10, 7, 4, 2, 1, 2, 4, 7, 10, 11, 9, 6, 3, 1, 0, 1, 3, 6, 9, 9, 10, 7, 4, 2, 1, 2, 4, 7, 10 ]
  Site 37: [ 4, 3, 4, 5, 8, 7, 6, 7, 8, 5, 7, 6, 7, 8, 5, 4, 3, 4, 5, 8, 10, 9, 10, 7, 4, 2, 1, 2, 4, 7, 9, 11, 9, 6, 3, 1, 0, 1, 3, 6, 10, 9, 10, 7, 4, 2, 1, 2, 4, 7 ]
  Site 38: [ 5, 4, 3, 4, 5, 8, 7, 6, 7, 8, 8, 7, 6, 7, 8, 5, 4, 3, 4, 5, 7, 10, 9, 10, 7, 4, 2, 1, 2, 4, 6, 9, 11, 9, 6, 3, 1, 0, 1, 3, 7, 10, 9, 10, 7, 4, 2, 1, 2, 4 ]
  Site 39: [ 8, 5, 4, 3, 4, 5, 8, 7, 6, 7, 5, 8, 7, 6, 7, 8, 5, 4, 3, 4, 4, 7, 10, 9, 10, 7, 4, 2, 1, 2, 3, 6, 9, 11, 9, 6, 3, 1, 0, 1, 4, 7, 10, 9, 10, 7, 4, 2, 1, 2 ]
  Site 40: [ 7, 8, 5, 4, 3, 4, 5, 8, 7, 6, 4, 5, 8, 7, 6, 7, 8, 5, 4, 3, 2, 4, 7, 10, 9, 10, 7, 4, 2, 1, 1, 3, 6, 9, 11, 9, 6, 3, 1, 0, 2, 4, 7, 10, 9, 10, 7, 4, 2, 1 ]
  Site 41: [ 9, 10, 7, 4, 2, 1, 2, 4, 7, 10, 6, 7, 8, 5, 4, 3, 4, 5, 8, 7, 3, 4, 5, 8, 7, 6, 7, 8, 5, 4, 1, 2, 4, 7, 10, 9, 10, 7, 4, 2, 0, 1, 3, 6, 9, 11, 9, 6, 3, 1 ]
  Site 42: [ 10, 9, 10, 7, 4, 2, 1, 2, 4, 7, 7, 6, 7, 8, 5, 4, 3, 4, 5, 8, 4, 3, 4, 5, 8, 7, 6, 7, 8, 5, 2, 1, 2, 4, 7, 10, 9, 10, 7, 4, 1, 0, 1, 3, 6, 9, 11, 9, 6, 3 ]
  Site 43: [ 7, 10, 9, 10, 7, 4, 2, 1, 2, 4, 8, 7, 6, 7, 8, 5, 4, 3, 4, 5, 5, 4, 3, 4, 5, 8, 7, 6, 7, 8, 4, 2, 1, 2, 4, 7, 10, 9, 10, 7, 3, 1, 0, 1, 3, 6, 9, 11, 9, 6 ]
  Site 44: [ 4, 7, 10, 9, 10, 7, 4, 2, 1, 2, 5, 8, 7, 6, 7, 8, 5, 4, 3, 4, 8, 5, 4, 3, 4, 5, 8, 7, 6, 7, 7, 4, 2, 1, 2, 4, 7, 10, 9, 10, 6, 3, 1, 0, 1, 3, 6, 9, 11, 9 ]
  Site 45: [ 2, 4, 7, 10, 9, 10, 7, 4, 2, 1, 4, 5, 8, 7, 6, 7, 8, 5, 4, 3, 7, 8, 5, 4, 3, 4, 5, 8, 7, 6, 10, 7, 4, 2, 1, 2, 4, 7, 10, 9, 9, 6, 3, 1, 0, 1, 3, 6, 9, 11 ]
  Site 46: [ 1, 2, 4, 7, 10, 9, 10, 7, 4, 2, 3, 4, 5, 8, 7, 6, 7, 8, 5, 4, 6, 7, 8, 5, 4, 3, 4, 5, 8, 7, 9, 10, 7, 4, 2, 1, 2, 4, 7, 10, 11, 9, 6, 3, 1, 0, 1, 3, 6, 9 ]
  Site 47: [ 2, 1, 2, 4, 7, 10, 9, 10, 7, 4, 4, 3, 4, 5, 8, 7, 6, 7, 8, 5, 7, 6, 7, 8, 5, 4, 3, 4, 5, 8, 10, 9, 10, 7, 4, 2, 1, 2, 4, 7, 9, 11, 9, 6, 3, 1, 0, 1, 3, 6 ]
  Site 48: [ 4, 2, 1, 2, 4, 7, 10, 9, 10, 7, 5, 4, 3, 4, 5, 8, 7, 6, 7, 8, 8, 7, 6, 7, 8, 5, 4, 3, 4, 5, 7, 10, 9, 10, 7, 4, 2, 1, 2, 4, 6, 9, 11, 9, 6, 3, 1, 0, 1, 3 ]
  Site 49: [ 7, 4, 2, 1, 2, 4, 7, 10, 9, 10, 8, 5, 4, 3, 4, 5, 8, 7, 6, 7, 5, 8, 7, 6, 7, 8, 5, 4, 3, 4, 4, 7, 10, 9, 10, 7, 4, 2, 1, 2, 3, 6, 9, 11, 9, 6, 3, 1, 0, 1 ]
  Site 50: [ 10, 7, 4, 2, 1, 2, 4, 7, 10, 9, 7, 8, 5, 4, 3, 4, 5, 8, 7, 6, 4, 5, 8, 7, 6, 7, 8, 5, 4, 3, 2, 4, 7, 10, 9, 10, 7, 4, 2, 1, 1, 3, 6, 9, 11, 9, 6, 3, 1, 0 ]
  For site 1 of kind 1:
  +-----------------------------+
  |    1     4     8     4     1|
  | 2     3     7     7     3   |
  |    4     6    10     6     4|
  | 5     7     9     9     7   |
  |    8    10    11    10     8|
  | 5     7     9     9     7   |
  |    4     6    10     6     4|
  | 2     3     7     7     3   |
  |    1     4     8     4     1|
  | 0     2     5     5     2   |
  +-----------------------------+
* Maximum (unsigned) Site pair kind: 11

General system setup:
* Number of sites       : 50
* Number of electrons   : 50
* Spin imbalance MS2    : 0
* Filling               : 0.500000
* Number of orbitals in pool: 53
* Using real-valued orbitals
* Using double-precision arithmetic for orbitals

Trial wave function setup:
* Jastrow parameter file: "wfn.casl"
* Not using multideterminants
* Not using an orbital rotation
* Backflow parameter file: "wfn.casl"
* Not using wave function manipulation

VMC #1:
* Size of Hilbert space =   1.5980E+28
* Number of equil. steps   = 1000
* Running VMC equilibration.
  Done. [total walltime: 2.85s]
* Equil. acc.ratio (%)     =   2.9004
* Sample config after equilibration:
  +-------------------+
  |  u   u   u   u   u|
  |d   2   d   d   d  |
  |  0   u   u   u   0|
  |d   d   d   d   2  |
  |  u   u   u   u   u|
  |d   d   d   u   0  |
  |  u   u   d   2   u|
  |d   d   d   d   d  |
  |  u   u   u   u   u|
  |d   d   d   d   d  |
  +-------------------+
* Number of accum. steps   = 40017920 x 10
* Running VMC accumulation.
    [walltime: 1m elapsed, 48m50s remaining]
  Done. [total walltime: 50m3s]
* Acceptance ratio (%)     =   2.5169
* Etot/t                   =  -2.525050302930E+01 +/-   4.726613119167E-04
  > Ttot/t                 =  -4.599268812860E+01 +/-   3.513388367648E-03
  > Utot/t                 =   2.074218510107E+01 +/-   3.483761073063E-03
* var[Eloc/t]              =   7.125284663339E+00 +/-   6.763980373933E-02
* Correlation length       =   1.254736131666E+00
* log10 Psi^2 range: 10.345166697102970 -- 39.794223964900496
* log10 Pgen range : 10.345166697102970 -- 39.794223964900496
* Site occupation (ave. no. electrons per config.):
  > Site_  ___eu____  ___ed____
      1        0.496      0.505
      2        0.504      0.496
      3        0.496      0.503
      4        0.504      0.496
      5        0.496      0.504
      6        0.504      0.496
      7        0.496      0.505
      8        0.505      0.495
      9        0.496      0.505
     10        0.504      0.496
     11        0.504      0.496
     12        0.496      0.504
     13        0.504      0.496
     14        0.496      0.504
     15        0.505      0.495
     16        0.496      0.505
     17        0.505      0.496
     18        0.495      0.504
     19        0.504      0.496
     20        0.496      0.504
     21        0.496      0.504
     22        0.505      0.496
     23        0.495      0.504
     24        0.504      0.496
     25        0.496      0.504
     26        0.504      0.495
     27        0.496      0.504
     28        0.504      0.496
     29        0.495      0.505
     30        0.504      0.496
     31        0.504      0.496
     32        0.496      0.504
     33        0.504      0.496
     34        0.496      0.504
     35        0.504      0.496
     36        0.496      0.504
     37        0.504      0.495
     38        0.496      0.504
     39        0.504      0.496
     40        0.496      0.504
     41        0.495      0.505
     42        0.504      0.495
     43        0.496      0.504
     44        0.504      0.496
     45        0.496      0.504
     46        0.504      0.496
     47        0.496      0.504
     48        0.504      0.496
     49        0.496      0.504
     50        0.504      0.496
* Pair-correlation analysis (ave. no. pairs per config.):
  > Shell  nsite  ___dh____  __eueu___  __eued___
      0      1        0          0          2.590
      1      4        2.559     13.272     84.472
      2      4        0.618     82.577     17.246
      3      4        0.583     82.777     17.158
      4      8        1.125     34.267    165.667
      5      4        0.543     82.804     17.188
      6      4        0.542     17.203     82.791
      7      8        1.080    165.597     34.397
      8      4        0.541     17.198     82.798
      9      4        0.538     82.799     17.202
     10      4        0.539     17.207     82.792
     11      1        0.135      4.300     20.699

Optimization #1:
* Method          : lls
* Target function : energy
* No. of configs. : 1000448
* No. of params.  : 77
* Before optimization:
  -1.2086E+00   1.1027E-01   2.3312E-01   1.6455E-01   1.1220E-01   8.5281E-02
   5.4881E-02   5.0394E-02   4.1828E-02  -5.8175E-03   6.8785E-03  -2.3265E-02
  -1.5327E-01  -8.1436E-02  -7.1225E-02  -7.3299E-02  -5.9514E-02  -3.8380E-02
  -9.2764E-02  -2.5307E-03  -4.0162E-02  -2.0091E-02  -5.6877E-02  -2.9299E-02
  -1.4707E-02  -1.1023E-02  -3.8751E-02   4.3063E-02   1.6311E-02   4.9497E-04
  -2.1224E-02  -1.4155E-02   4.4568E-02   1.4484E-01  -1.9049E-03  -8.8581E-04
  -5.2426E-03   1.2784E-04   8.6395E-04   7.8985E-04   1.5170E-03  -5.9174E-04
   6.3172E-05  -9.5047E-04   5.1773E-02   1.8921E-02   6.8855E-03   3.5825E-03
  -4.3560E-03   7.8479E-04  -3.1073E-03  -7.4621E-03  -2.1378E-04  -3.0753E-03
   2.6857E-03   1.1554E+00  -4.7304E-01  -1.8136E-01   8.1121E-02   1.0871E-01
   3.0422E-02   7.6537E-02  -1.4533E-01  -7.6351E-03  -5.7944E-02   2.7928E-02
   6.5626E-01  -8.6024E-03  -7.7946E-03   2.1063E-01   8.7182E-05  -1.7624E-02
  -3.5293E-03  -2.8607E-01  -1.6901E-03  -6.3551E-02   4.7330E-02
  > E    =  -2.524546460522E+01 +/-   2.648560345887E-03
  > varE =   7.018014568417E+00
* Computing derivatives.
    [walltime: 1m1s elapsed, 24m1s remaining]
  Done. [total walltime: 24m57s]
* Optimizing manipulation constant:
  #igrid a___________ E____________________________________ varE____________
     1     Infinity    -2.52454646E+01 +/-   2.64856035E-03   7.01801457E+00
     2     1.0000E+06  -2.52454646E+01 +/-   2.64856021E-03   7.01801382E+00
     3     2.1544E+05  -2.52454648E+01 +/-   2.64855957E-03   7.01801045E+00
     4     4.6416E+04  -2.52454652E+01 +/-   2.64855406E-03   7.01798123E+00
     5     1.0000E+04  -2.52454661E+01 +/-   2.64847369E-03   7.01755533E+00
     6     2.1544E+03  -2.52454314E+01 +/-   2.64696357E-03   7.00955500E+00
     7     4.6416E+02  -2.52403638E+01 +/-   2.62603711E-03   6.89916033E+00
     8     1.0000E+02  -2.41776691E+01 +/-   3.99723357E-03   1.59850343E+01
     9     2.1544E+01  -3.22138576E+00 +/-   1.42835270E-02   2.04110543E+02
    10     4.6416E+00  -3.07870186E-07 +/-   1.50789609E-02   2.27476926E+02
    11     1.0000E+00  -3.37011726E-43 +/-   1.50784344E-02   2.27461041E+02
    12     2.1544E-01   0.00000000E+00 +/-   0.00000000E+00   0.00000000E+00
    13     4.6416E-02   0.00000000E+00 +/-   0.00000000E+00   0.00000000E+00
    14     1.0000E-02   0.00000000E+00 +/-   0.00000000E+00   0.00000000E+00
    15     2.1544E-03   0.00000000E+00 +/-   0.00000000E+00   0.00000000E+00
    16     4.6416E-04   0.00000000E+00 +/-   0.00000000E+00   0.00000000E+00
    17     1.0000E-04   0.00000000E+00 +/-   0.00000000E+00   0.00000000E+00
    18     2.1544E-05   0.00000000E+00 +/-   0.00000000E+00   0.00000000E+00
    19     4.6416E-06   0.00000000E+00 +/-   0.00000000E+00   0.00000000E+00
    20     1.0000E-06   0.00000000E+00 +/-   0.00000000E+00   0.00000000E+00
    21     0.0000E+00   0.00000000E+00 +/-   0.00000000E+00   0.00000000E+00
  ParMin   2.0424E+04  -2.52454658E+01 +/-   2.64853619E-03   7.01788657E+00
  # Using grid point #5
* Iteration # 1: E =  -2.524546606930E+01 +/-   2.648473688239E-03
* Convergence: exiting.
* After optimization:
  -1.2206E+00   1.1028E-01   2.3312E-01   1.6456E-01   1.1221E-01   8.5289E-02
   5.4884E-02   5.0398E-02   4.1833E-02  -5.8156E-03   6.8806E-03  -2.3265E-02
  -1.5326E-01  -8.1443E-02  -7.1228E-02  -7.3308E-02  -5.9516E-02  -3.8389E-02
  -9.2765E-02  -2.5342E-03  -4.0165E-02  -2.0098E-02  -5.6877E-02  -2.9302E-02
  -1.4708E-02  -1.1026E-02  -3.8752E-02   4.3060E-02   1.6311E-02   4.9413E-04
  -2.1224E-02  -1.4157E-02   4.4830E-02   1.4569E-01  -1.9132E-03  -8.8885E-04
  -5.2735E-03   1.2638E-04   8.6915E-04   7.9382E-04   1.5254E-03  -5.9502E-04
   6.2285E-05  -9.5560E-04   5.2078E-02   1.9035E-02   6.9272E-03   3.6037E-03
  -4.3831E-03   7.8978E-04  -3.1261E-03  -7.5059E-03  -2.1431E-04  -3.0935E-03
   2.7015E-03   1.1555E+00  -4.7301E-01  -1.8134E-01   8.1119E-02   1.0868E-01
   3.0430E-02   7.6512E-02  -1.4534E-01  -7.6372E-03  -5.7962E-02   2.7942E-02
   6.5630E-01  -8.5712E-03  -7.7800E-03   2.1064E-01   6.8323E-05  -1.7616E-02
  -3.5361E-03  -2.8608E-01  -1.6797E-03  -6.3548E-02   4.7342E-02
  > Energy =  -2.524546606930E+01 +/-   2.648473688239E-03
  > varE =   7.017555334264E+00

VMC #2:
* Size of Hilbert space =   1.5980E+28
* Number of equil. steps   = 1000
* Running VMC equilibration.
  Done. [total walltime: 2.85s]
* Equil. acc.ratio (%)     =   2.8568
* Sample config after equilibration:
  +-------------------+
  |  d   d   2   2   d|
  |u   u   0   u   u  |
  |  d   d   d   d   d|
  |u   u   u   u   u  |
  |  d   d   d   d   d|
  |u   u   u   u   u  |
  |  d   d   d   d   d|
  |u   u   u   u   u  |
  |  d   d   d   d   d|
  |u   u   u   u   0  |
  +-------------------+
* Number of accum. steps   = 40017920 x 10
* Running VMC accumulation.
    [walltime: 1m elapsed, 48m58s remaining]
  Done. [total walltime: 49m48s]
* Acceptance ratio (%)     =   2.5171
* Etot/t                   =  -2.525138408710E+01 +/-   4.748088790801E-04
  > Ttot/t                 =  -4.599672357494E+01 +/-   3.526429604435E-03
  > Utot/t                 =   2.074533948791E+01 +/-   3.493078843642E-03
* var[Eloc/t]              =   7.079117676886E+00 +/-   2.200179882225E-02
* Correlation length       =   1.274421365052E+00
* log10 Psi^2 range: 10.292216293027749 -- 39.792563170624703
* log10 Pgen range : 10.292216293027749 -- 39.792563170624703
* Site occupation (ave. no. electrons per config.):
  > Site_  ___eu____  ___ed____
      1        0.503      0.496
      2        0.497      0.503
      3        0.503      0.497
      4        0.497      0.503
      5        0.504      0.496
      6        0.497      0.504
      7        0.503      0.496
      8        0.496      0.503
      9        0.504      0.497
     10        0.497      0.503
     11        0.497      0.503
     12        0.503      0.497
     13        0.497      0.503
     14        0.503      0.497
     15        0.497      0.503
     16        0.504      0.497
     17        0.496      0.504
     18        0.503      0.497
     19        0.497      0.503
     20        0.503      0.497
     21        0.503      0.497
     22        0.497      0.503
     23        0.504      0.497
     24        0.496      0.504
     25        0.504      0.496
     26        0.496      0.504
     27        0.503      0.497
     28        0.497      0.502
     29        0.503      0.497
     30        0.497      0.503
     31        0.497      0.503
     32        0.503      0.497
     33        0.497      0.503
     34        0.503      0.497
     35        0.497      0.503
     36        0.503      0.497
     37        0.497      0.503
     38        0.503      0.497
     39        0.497      0.503
     40        0.503      0.497
     41        0.503      0.497
     42        0.496      0.503
     43        0.503      0.497
     44        0.497      0.503
     45        0.503      0.497
     46        0.497      0.503
     47        0.502      0.497
     48        0.497      0.503
     49        0.503      0.497
     50        0.496      0.504
* Pair-correlation analysis (ave. no. pairs per config.):
  > Shell  nsite  ___dh____  __eueu___  __eued___
      0      1        0          0          2.593
      1      4        2.564     13.279     84.463
      2      4        0.619     82.566     17.257
      3      4        0.584     82.767     17.168
      4      8        1.128     34.291    165.641
      5      4        0.543     82.790     17.204
      6      4        0.542     17.216     82.781
      7      8        1.085    165.572     34.417
      8      4        0.542     17.212     82.784
      9      4        0.539     82.785     17.215
     10      4        0.539     17.218     82.782
     11      1        0.135      4.304     20.695

Optimization #2:
* Method          : lls
* Target function : energy
* No. of configs. : 1000448
* No. of params.  : 77
* Before optimization:
  -1.2206E+00   1.1028E-01   2.3312E-01   1.6456E-01   1.1221E-01   8.5289E-02
   5.4884E-02   5.0398E-02   4.1833E-02  -5.8156E-03   6.8806E-03  -2.3265E-02
  -1.5326E-01  -8.1443E-02  -7.1228E-02  -7.3308E-02  -5.9516E-02  -3.8389E-02
  -9.2765E-02  -2.5342E-03  -4.0165E-02  -2.0098E-02  -5.6877E-02  -2.9302E-02
  -1.4708E-02  -1.1026E-02  -3.8752E-02   4.3060E-02   1.6311E-02   4.9413E-04
  -2.1224E-02  -1.4157E-02   4.4830E-02   1.4569E-01  -1.9132E-03  -8.8885E-04
  -5.2735E-03   1.2638E-04   8.6915E-04   7.9382E-04   1.5254E-03  -5.9502E-04
   6.2285E-05  -9.5560E-04   5.2078E-02   1.9035E-02   6.9272E-03   3.6037E-03
  -4.3831E-03   7.8978E-04  -3.1261E-03  -7.5059E-03  -2.1431E-04  -3.0935E-03
   2.7015E-03   1.1555E+00  -4.7301E-01  -1.8134E-01   8.1119E-02   1.0868E-01
   3.0430E-02   7.6512E-02  -1.4534E-01  -7.6372E-03  -5.7962E-02   2.7942E-02
   6.5630E-01  -8.5712E-03  -7.7800E-03   2.1064E-01   6.8323E-05  -1.7616E-02
  -3.5361E-03  -2.8608E-01  -1.6797E-03  -6.3548E-02   4.7342E-02
  > E    =  -2.525105006775E+01 +/-   2.690696425025E-03
  > varE =   7.243090703209E+00
* Computing derivatives.
    [walltime: 1m1s elapsed, 23m53s remaining]
  Done. [total walltime: 24m52s]
* Optimizing manipulation constant:
  #igrid a___________ E____________________________________ varE____________
     1     Infinity    -2.52510501E+01 +/-   2.69069643E-03   7.24309070E+00
     2     1.0000E+06  -2.52510502E+01 +/-   2.69069594E-03   7.24308809E+00
     3     2.1544E+05  -2.52510505E+01 +/-   2.69069333E-03   7.24307403E+00
     4     4.6416E+04  -2.52510516E+01 +/-   2.69066390E-03   7.24291558E+00
     5     1.0000E+04  -2.52510468E+01 +/-   2.69015989E-03   7.24020241E+00
     6     2.1544E+03  -2.52504010E+01 +/-   2.68109868E-03   7.19151050E+00
     7     4.6416E+02  -2.50992862E+01 +/-   2.80097051E-03   7.84895057E+00
     8     1.0000E+02  -1.31984086E+01 +/-   1.09662868E-02   1.20313323E+02
     9     2.1544E+01  -1.78077078E-03 +/-   1.49778702E-02   2.24437098E+02
    10     4.6416E+00  -2.85984126E-25 +/-   1.49781753E-02   2.24446242E+02
    11     1.0000E+00  -9.38635564-192 +/-   4.33180547E-74   1.87729452-141
    12     2.1544E-01   0.00000000E+00 +/-   0.00000000E+00   0.00000000E+00
    13     4.6416E-02   0.00000000E+00 +/-   0.00000000E+00   0.00000000E+00
    14     1.0000E-02   0.00000000E+00 +/-   0.00000000E+00   0.00000000E+00
    15     2.1544E-03   0.00000000E+00 +/-   0.00000000E+00   0.00000000E+00
    16     4.6416E-04   0.00000000E+00 +/-   0.00000000E+00   0.00000000E+00
    17     1.0000E-04   0.00000000E+00 +/-   0.00000000E+00   0.00000000E+00
    18     2.1544E-05   0.00000000E+00 +/-   0.00000000E+00   0.00000000E+00
    19     4.6416E-06   0.00000000E+00 +/-   0.00000000E+00   0.00000000E+00
    20     1.0000E-06   0.00000000E+00 +/-   0.00000000E+00   0.00000000E+00
    21     0.0000E+00   0.00000000E+00 +/-   0.00000000E+00   0.00000000E+00
  ParMin   6.6283E+04  -2.52510513E+01 +/-   2.69067850E-03   7.24299419E+00
  # Using grid point #4
* Iteration # 1: E =  -2.525105159750E+01 +/-   2.690663897748E-03
* Convergence: exiting.
* After optimization:
  -1.2270E+00   1.1028E-01   2.3313E-01   1.6456E-01   1.1221E-01   8.5287E-02
   5.4883E-02   5.0396E-02   4.1831E-02  -5.8169E-03   6.8788E-03  -2.3266E-02
  -1.5326E-01  -8.1443E-02  -7.1229E-02  -7.3309E-02  -5.9514E-02  -3.8389E-02
  -9.2763E-02  -2.5338E-03  -4.0163E-02  -2.0098E-02  -5.6875E-02  -2.9301E-02
  -1.4707E-02  -1.1025E-02  -3.8751E-02   4.3061E-02   1.6312E-02   4.9498E-04
  -2.1223E-02  -1.4156E-02   4.4975E-02   1.4617E-01  -1.9203E-03  -8.9174E-04
  -5.2906E-03   1.2718E-04   8.7246E-04   7.9670E-04   1.5303E-03  -5.9628E-04
   6.2047E-05  -9.5878E-04   5.2247E-02   1.9097E-02   6.9497E-03   3.6155E-03
  -4.3973E-03   7.9263E-04  -3.1361E-03  -7.5304E-03  -2.1465E-04  -3.1035E-03
   2.7102E-03   1.1555E+00  -4.7302E-01  -1.8133E-01   8.1118E-02   1.0868E-01
   3.0436E-02   7.6515E-02  -1.4534E-01  -7.6320E-03  -5.7972E-02   2.7943E-02
   6.5631E-01  -8.5759E-03  -7.7790E-03   2.1064E-01   6.7294E-05  -1.7613E-02
  -3.5325E-03  -2.8608E-01  -1.6738E-03  -6.3548E-02   4.7344E-02
  > Energy =  -2.525105159750E+01 +/-   2.690663897748E-03
  > varE =   7.242915583795E+00

VMC #3:
* Size of Hilbert space =   1.5980E+28
* Number of equil. steps   = 1000
* Running VMC equilibration.
  Done. [total walltime: 2.85s]
* Equil. acc.ratio (%)     =   2.8827
* Sample config after equilibration:
  +-------------------+
  |  d   d   d   d   d|
  |u   u   u   u   u  |
  |  d   d   d   d   d|
  |u   2   u   u   u  |
  |  d   0   d   d   d|
  |u   2   u   u   u  |
  |  0   d   d   d   d|
  |u   u   u   u   u  |
  |  d   d   d   d   d|
  |u   u   u   u   u  |
  +-------------------+
* Number of accum. steps   = 40017920 x 10
* Running VMC accumulation.
    [walltime: 1m elapsed, 48m54s remaining]
  Done. [total walltime: 49m53s]
* Acceptance ratio (%)     =   2.5170
* Etot/t                   =  -2.525088529566E+01 +/-   4.757355360801E-04
  > Ttot/t                 =  -4.599175618514E+01 +/-   3.538222740376E-03
  > Utot/t                 =   2.074087088984E+01 +/-   3.512116632073E-03
* var[Eloc/t]              =   7.122937854841E+00 +/-   1.948532461844E-02
* Correlation length       =   1.271529799587E+00
* log10 Psi^2 range: 11.345778780507713 -- 39.793587442049080
* log10 Pgen range : 11.345778780507713 -- 39.793587442049080
* Site occupation (ave. no. electrons per config.):
  > Site_  ___eu____  ___ed____
      1        0.508      0.491
      2        0.492      0.508
      3        0.509      0.491
      4        0.491      0.509
      5        0.509      0.491
      6        0.491      0.509
      7        0.508      0.491
      8        0.491      0.509
      9        0.509      0.491
     10        0.491      0.509
     11        0.491      0.509
     12        0.508      0.491
     13        0.492      0.509
     14        0.509      0.491
     15        0.492      0.509
     16        0.509      0.491
     17        0.491      0.509
     18        0.508      0.491
     19        0.491      0.509
     20        0.509      0.491
     21        0.508      0.491
     22        0.491      0.509
     23        0.508      0.491
     24        0.492      0.509
     25        0.509      0.491
     26        0.491      0.509
     27        0.508      0.491
     28        0.492      0.508
     29        0.509      0.491
     30        0.492      0.508
     31        0.491      0.509
     32        0.508      0.491
     33        0.492      0.509
     34        0.509      0.491
     35        0.491      0.509
     36        0.509      0.491
     37        0.491      0.509
     38        0.508      0.492
     39        0.491      0.509
     40        0.509      0.492
     41        0.509      0.491
     42        0.492      0.509
     43        0.509      0.491
     44        0.491      0.509
     45        0.508      0.491
     46        0.492      0.508
     47        0.508      0.492
     48        0.492      0.509
     49        0.509      0.491
     50        0.491      0.509
* Pair-correlation analysis (ave. no. pairs per config.):
  > Shell  nsite  ___dh____  __eueu___  __eued___
      0      1        0          0          2.592
      1      4        2.563     13.273     84.468
      2      4        0.619     82.575     17.249
      3      4        0.583     82.773     17.163
      4      8        1.125     34.274    165.658
      5      4        0.542     82.799     17.193
      6      4        0.541     17.209     82.786
      7      8        1.081    165.588     34.403
      8      4        0.541     17.202     82.794
      9      4        0.538     82.795     17.206
     10      4        0.539     17.210     82.789
     11      1        0.135      4.301     20.699

Optimization #3:
* Method          : lls
* Target function : energy
* No. of configs. : 1000448
* No. of params.  : 77
* Before optimization:
  -1.2270E+00   1.1028E-01   2.3313E-01   1.6456E-01   1.1221E-01   8.5287E-02
   5.4883E-02   5.0396E-02   4.1831E-02  -5.8169E-03   6.8788E-03  -2.3266E-02
  -1.5326E-01  -8.1443E-02  -7.1229E-02  -7.3309E-02  -5.9514E-02  -3.8389E-02
  -9.2763E-02  -2.5338E-03  -4.0163E-02  -2.0098E-02  -5.6875E-02  -2.9301E-02
  -1.4707E-02  -1.1025E-02  -3.8751E-02   4.3061E-02   1.6312E-02   4.9498E-04
  -2.1223E-02  -1.4156E-02   4.4975E-02   1.4617E-01  -1.9203E-03  -8.9174E-04
  -5.2906E-03   1.2718E-04   8.7246E-04   7.9670E-04   1.5303E-03  -5.9628E-04
   6.2047E-05  -9.5878E-04   5.2247E-02   1.9097E-02   6.9497E-03   3.6155E-03
  -4.3973E-03   7.9263E-04  -3.1361E-03  -7.5304E-03  -2.1465E-04  -3.1035E-03
   2.7102E-03   1.1555E+00  -4.7302E-01  -1.8133E-01   8.1118E-02   1.0868E-01
   3.0436E-02   7.6515E-02  -1.4534E-01  -7.6320E-03  -5.7972E-02   2.7943E-02
   6.5631E-01  -8.5759E-03  -7.7790E-03   2.1064E-01   6.7294E-05  -1.7613E-02
  -3.5325E-03  -2.8608E-01  -1.6738E-03  -6.3548E-02   4.7344E-02
  > E    =  -2.524943078054E+01 +/-   2.687090566968E-03
  > varE =   7.223690479248E+00
* Computing derivatives.
    [walltime: 1m1s elapsed, 24m1s remaining]
  Done. [total walltime: 25m1s]
* Optimizing manipulation constant:
  #igrid a___________ E____________________________________ varE____________
     1     Infinity    -2.52494308E+01 +/-   2.68709057E-03   7.22369048E+00
     2     1.0000E+06  -2.52494309E+01 +/-   2.68708965E-03   7.22368556E+00
     3     2.1544E+05  -2.52494316E+01 +/-   2.68708632E-03   7.22366763E+00
     4     4.6416E+04  -2.52494344E+01 +/-   2.68707084E-03   7.22358444E+00
     5     1.0000E+04  -2.52494477E+01 +/-   2.68699904E-03   7.22319837E+00
     6     2.1544E+03  -2.52495085E+01 +/-   2.68666603E-03   7.22140810E+00
     7     4.6416E+02  -2.52497779E+01 +/-   2.68512843E-03   7.21314472E+00
     8     1.0000E+02  -2.52507887E+01 +/-   2.67830009E-03   7.17650502E+00
     9     2.1544E+01  -2.52527230E+01 +/-   2.65632904E-03   7.05924508E+00
    10     4.6416E+00  -2.52537083E+01 +/-   2.63713531E-03   6.95759826E+00
    11     1.0000E+00  -2.52528882E+01 +/-   2.65338108E-03   7.04358529E+00
    12     2.1544E-01  -2.50512198E+01 +/-   2.84810989E-03   8.11536398E+00
    13     4.6416E-02  -8.08992133E+00 +/-   1.28243179E-02   1.64536810E+02
    14     1.0000E-02  -8.73820437E-03 +/-   1.50166218E-02   2.25599954E+02
    15     2.1544E-03  -1.50056217E-05 +/-   1.50186950E-02   2.25662251E+02
    16     4.6416E-04  -1.93762113E-06 +/-   1.50187134E-02   2.25662803E+02
    17     1.0000E-04  -1.19957503E-06 +/-   1.50187170E-02   2.25662911E+02
    18     2.1544E-05  -1.07984944E-06 +/-   1.50187177E-02   2.25662934E+02
    19     4.6416E-06  -1.05557188E-06 +/-   1.50187179E-02   2.25662939E+02
    20     1.0000E-06  -1.05040912E-06 +/-   1.50187179E-02   2.25662940E+02
    21     0.0000E+00  -1.04899557E-06 +/-   1.50187179E-02   2.25662940E+02
  ParMin   4.3284E+00  -2.52537537E+01 +/-   2.63716704E-03   6.95776569E+00
  # Using parabolic minimum
* Iteration # 1: E =  -2.525375367583E+01 +/-   2.637167042639E-03
* Computing derivatives.
    [walltime: 1m elapsed, 24m4s remaining]
  Done. [total walltime: 25m12s]
* Optimizing manipulation constant:
  #igrid a___________ E____________________________________ varE____________
     1     Infinity    -2.52537537E+01 +/-   2.63716704E-03   6.95776569E+00
     2     1.0000E+06  -2.52537518E+01 +/-   2.63714432E-03   6.95764580E+00
     3     2.1544E+05  -2.52537101E+01 +/-   2.63668104E-03   6.95520143E+00
     4     4.6416E+04  -2.52521165E+01 +/-   2.62792753E-03   6.90909701E+00
     5     1.0000E+04  -2.48597270E+01 +/-   3.11901891E-03   9.73263721E+00
     6     2.1544E+03  -2.38531084E+01 +/-   4.38434665E-03   1.92311072E+01
     7     4.6416E+02 (error)
     8     1.0000E+02 (error)
     9     2.1544E+01 (error)
    10     4.6416E+00   3.77563519E+01 +/-   7.32551299E-02   5.36871817E+03
    11     1.0000E+00   1.31517481E+01 +/-   1.71484585E-02   2.94201371E+02
    12     2.1544E-01   1.16934225E+01 +/-   1.78800016E-02   3.19837682E+02
    13     4.6416E-02   1.07242814E+01 +/-   1.39304562E-02   1.94144548E+02
    14     1.0000E-02   1.03406272E+01 +/-   1.33125065E-02   1.77302226E+02
    15     2.1544E-03   1.02465743E+01 +/-   1.32087613E-02   1.74549539E+02
    16     4.6416E-04   1.02257383E+01 +/-   1.31879063E-02   1.73998790E+02
    17     1.0000E-04   1.02212223E+01 +/-   1.31834838E-02   1.73882110E+02
    18     2.1544E-05   1.02202481E+01 +/-   1.31825343E-02   1.73857064E+02
    19     4.6416E-06   1.02200381E+01 +/-   1.31823299E-02   1.73851672E+02
    20     1.0000E-06   1.02199929E+01 +/-   1.31822859E-02   1.73850511E+02
    21     0.0000E+00   1.02199805E+01 +/-   1.31822738E-02   1.73850192E+02
* Iteration # 2: E =  -2.525375367583E+01 +/-   2.637167042639E-03
* Convergence: exiting.
* After optimization:
  -9.6251E-01   1.0120E-01   2.3289E-01   1.6240E-01   1.0947E-01   8.3670E-02
   5.3506E-02   4.9441E-02   3.9208E-02  -6.9861E-03   6.0724E-03  -2.5372E-02
  -1.4755E-01  -8.2144E-02  -7.3867E-02  -7.3070E-02  -5.5608E-02  -4.1377E-02
  -9.0888E-02  -4.2328E-03  -3.8705E-02  -2.0201E-02  -5.4877E-02  -3.1096E-02
  -1.4224E-02  -1.1843E-02  -3.8469E-02   3.9638E-02   1.7311E-02   2.9059E-04
  -2.0950E-02  -1.4577E-02   3.9098E-02   1.3651E-01   6.9595E-04   3.5032E-04
  -5.4845E-03   5.5361E-04   1.3954E-03  -1.6855E-04   1.0230E-03  -2.6284E-04
  -2.1119E-04  -3.4055E-04   4.8177E-02   1.9114E-02   7.5998E-03   3.5140E-03
  -3.4393E-03   1.6454E-03  -2.3784E-03  -6.5393E-03  -2.5254E-04  -2.3425E-03
   2.2794E-03   1.2234E+00  -4.5617E-01  -1.6670E-01   7.5334E-02   1.0037E-01
   4.5307E-02   6.3079E-02  -1.4851E-01   1.1906E-03  -7.7008E-02   5.0554E-02
   6.8225E-01   3.0308E-02   1.1485E-02   2.1688E-01   1.2336E-03  -6.4800E-04
  -7.9126E-04  -2.7293E-01   2.5684E-03  -6.1308E-02   5.2218E-02
  > Energy =  -2.525375367583E+01 +/-   2.637167042639E-03
  > varE =   6.957765693987E+00

VMC #4:
* Size of Hilbert space =   1.5980E+28
* Number of equil. steps   = 1000
* Running VMC equilibration.
  Done. [total walltime: 2.87s]
* Equil. acc.ratio (%)     =   2.9119
* Sample config after equilibration:
  +-------------------+
  |  d   d   d   d   d|
  |u   u   u   u   u  |
  |  2   d   d   d   d|
  |0   u   u   u   u  |
  |  d   d   d   2   d|
  |u   u   u   d   u  |
  |  d   d   d   0   d|
  |u   u   u   u   u  |
  |  d   d   d   d   2|
  |0   u   u   u   u  |
  +-------------------+
* Number of accum. steps   = 40017920 x 10
* Running VMC accumulation.
    [walltime: 1m elapsed, 49m17s remaining]
  Done. [total walltime: 50m6s]
* Acceptance ratio (%)     =   2.5136
* Etot/t                   =  -2.524988210460E+01 +/-   4.721443638957E-04
  > Ttot/t                 =  -4.591071225304E+01 +/-   3.554117504008E-03
  > Utot/t                 =   2.066083014809E+01 +/-   4.056903417687E-03
* var[Eloc/t]              =   6.951874149087E+00 +/-   1.836001840889E-02
* Correlation length       =   1.283223279768E+00
* log10 Psi^2 range: 10.227388555321971 -- 41.007746330321346
* log10 Pgen range : 10.227388555321971 -- 41.007746330321346
* Site occupation (ave. no. electrons per config.):
  > Site_  ___eu____  ___ed____
      1        0.490      0.510
      2        0.510      0.490
      3        0.490      0.510
      4        0.510      0.490
      5        0.489      0.510
      6        0.510      0.490
      7        0.490      0.510
      8        0.510      0.490
      9        0.490      0.510
     10        0.510      0.489
     11        0.510      0.489
     12        0.490      0.510
     13        0.510      0.489
     14        0.490      0.510
     15        0.510      0.490
     16        0.490      0.511
     17        0.510      0.490
     18        0.490      0.510
     19        0.510      0.490
     20        0.490      0.511
     21        0.490      0.510
     22        0.511      0.490
     23        0.490      0.510
     24        0.510      0.490
     25        0.490      0.510
     26        0.511      0.489
     27        0.489      0.510
     28        0.510      0.490
     29        0.490      0.510
     30        0.510      0.490
     31        0.511      0.490
     32        0.490      0.510
     33        0.510      0.490
     34        0.489      0.510
     35        0.511      0.490
     36        0.490      0.511
     37        0.511      0.490
     38        0.490      0.510
     39        0.510      0.490
     40        0.490      0.511
     41        0.490      0.510
     42        0.510      0.490
     43        0.490      0.510
     44        0.510      0.489
     45        0.490      0.511
     46        0.511      0.490
     47        0.490      0.510
     48        0.510      0.490
     49        0.490      0.510
     50        0.511      0.490
* Pair-correlation analysis (ave. no. pairs per config.):
  > Shell  nsite  ___dh____  __eueu___  __eued___
      0      1        0          0          2.585
      1      4        2.553     13.252     84.497
      2      4        0.614     82.603     17.221
      3      4        0.581     82.800     17.134
      4      8        1.116     34.220    165.716
      5      4        0.540     82.825     17.164
      6      4        0.539     17.183     82.811
      7      8        1.075    165.642     34.350
      8      4        0.537     17.176     82.821
      9      4        0.536     82.819     17.181
     10      4        0.536     17.184     82.815
     11      1        0.134      4.295     20.705

Optimization #4:
* Method          : lls
* Target function : energy
* No. of configs. : 1000448
* No. of params.  : 77
* Before optimization:
  -9.6251E-01   1.0120E-01   2.3289E-01   1.6240E-01   1.0947E-01   8.3670E-02
   5.3506E-02   4.9441E-02   3.9208E-02  -6.9861E-03   6.0724E-03  -2.5372E-02
  -1.4755E-01  -8.2144E-02  -7.3867E-02  -7.3070E-02  -5.5608E-02  -4.1377E-02
  -9.0888E-02  -4.2328E-03  -3.8705E-02  -2.0201E-02  -5.4877E-02  -3.1096E-02
  -1.4224E-02  -1.1843E-02  -3.8469E-02   3.9638E-02   1.7311E-02   2.9059E-04
  -2.0950E-02  -1.4577E-02   3.9098E-02   1.3651E-01   6.9595E-04   3.5032E-04
  -5.4845E-03   5.5361E-04   1.3954E-03  -1.6855E-04   1.0230E-03  -2.6284E-04
  -2.1119E-04  -3.4055E-04   4.8177E-02   1.9114E-02   7.5998E-03   3.5140E-03
  -3.4393E-03   1.6454E-03  -2.3784E-03  -6.5393E-03  -2.5254E-04  -2.3425E-03
   2.2794E-03   1.2234E+00  -4.5617E-01  -1.6670E-01   7.5334E-02   1.0037E-01
   4.5307E-02   6.3079E-02  -1.4851E-01   1.1906E-03  -7.7008E-02   5.0554E-02
   6.8225E-01   3.0308E-02   1.1485E-02   2.1688E-01   1.2336E-03  -6.4800E-04
  -7.9126E-04  -2.7293E-01   2.5684E-03  -6.1308E-02   5.2218E-02
  > E    =  -2.525076970295E+01 +/-   2.612583471962E-03
  > varE =   6.828650263365E+00
* Computing derivatives.
    [walltime: 1m1s elapsed, 24m5s remaining]
  Done. [total walltime: 25m13s]
* Optimizing manipulation constant:
  #igrid a___________ E____________________________________ varE____________
     1     Infinity    -2.52507697E+01 +/-   2.61258347E-03   6.82865026E+00
     2     1.0000E+06  -2.52507697E+01 +/-   2.61258267E-03   6.82864609E+00
     3     2.1544E+05  -2.52507687E+01 +/-   2.61256549E-03   6.82855629E+00
     4     4.6416E+04  -2.52507417E+01 +/-   2.61219743E-03   6.82663238E+00
     5     1.0000E+04  -2.52497600E+01 +/-   2.60538960E-03   6.79109603E+00
     6     2.1544E+03  -2.51036200E+01 +/-   2.74908282E-03   7.56084208E+00
     7     4.6416E+02  -1.41703338E+01 +/-   1.06091039E-02   1.12603509E+02
     8     1.0000E+02  -1.16102577E-02 +/-   1.50633368E-02   2.27005769E+02
     9     2.1544E+01  -9.77177604E-14 +/-   1.50669753E-02   2.27115448E+02
    10     4.6416E+00  -7.55782337E-25 +/-   1.50687480E-02   2.27168891E+02
    11     1.0000E+00 (error)
    12     2.1544E-01 (error)
    13     4.6416E-02 (error)
    14     1.0000E-02 (error)
    15     2.1544E-03 (error)
    16     4.6416E-04 (error)
    17     1.0000E-04 (error)
    18     2.1544E-05 (error)
    19     4.6416E-06 (error)
    20     1.0000E-06 (error)
    21     0.0000E+00 (error)
  ParMin   2.0784E+06  -2.52507697E+01 +/-   2.61258330E-03   6.82864936E+00
  # Using parabolic minimum
* Iteration # 1: E =  -2.525076972824E+01 +/-   2.612583299565E-03
* Convergence: exiting.
* After optimization:
  -9.6317E-01   1.0120E-01   2.3289E-01   1.6240E-01   1.0947E-01   8.3670E-02
   5.3506E-02   4.9441E-02   3.9208E-02  -6.9861E-03   6.0724E-03  -2.5372E-02
  -1.4755E-01  -8.2144E-02  -7.3867E-02  -7.3070E-02  -5.5608E-02  -4.1377E-02
  -9.0888E-02  -4.2328E-03  -3.8705E-02  -2.0201E-02  -5.4877E-02  -3.1096E-02
  -1.4224E-02  -1.1843E-02  -3.8469E-02   3.9638E-02   1.7311E-02   2.9060E-04
  -2.0950E-02  -1.4577E-02   3.9111E-02   1.3655E-01   6.9618E-04   3.5043E-04
  -5.4863E-03   5.5380E-04   1.3959E-03  -1.6861E-04   1.0233E-03  -2.6292E-04
  -2.1126E-04  -3.4066E-04   4.8193E-02   1.9121E-02   7.6023E-03   3.5152E-03
  -3.4405E-03   1.6459E-03  -2.3792E-03  -6.5415E-03  -2.5262E-04  -2.3432E-03
   2.2802E-03   1.2234E+00  -4.5617E-01  -1.6670E-01   7.5334E-02   1.0037E-01
   4.5307E-02   6.3079E-02  -1.4851E-01   1.1906E-03  -7.7008E-02   5.0554E-02
   6.8225E-01   3.0308E-02   1.1485E-02   2.1688E-01   1.2337E-03  -6.4803E-04
  -7.9117E-04  -2.7293E-01   2.5684E-03  -6.1308E-02   5.2218E-02
  > Energy =  -2.525076972824E+01 +/-   2.612583299565E-03
  > varE =   6.828649362157E+00

VMC #5:
* Size of Hilbert space =   1.5980E+28
* Number of equil. steps   = 1000
* Running VMC equilibration.
  Done. [total walltime: 2.87s]
* Equil. acc.ratio (%)     =   2.8671
* Sample config after equilibration:
  +-------------------+
  |  d   d   d   d   d|
  |u   u   u   u   u  |
  |  d   d   d   d   d|
  |u   u   u   u   u  |
  |  d   d   d   d   d|
  |u   u   u   u   u  |
  |  d   d   d   d   d|
  |u   u   u   u   u  |
  |  d   u   d   d   d|
  |u   d   u   u   u  |
  +-------------------+
* Number of accum. steps   = 40017920 x 10
* Running VMC accumulation.
    [walltime: 1m elapsed, 49m20s remaining]
  Done. [total walltime: 50m16s]
* Acceptance ratio (%)     =   2.5119
* Etot/t                   =  -2.524965622100E+01 +/-   4.709279810525E-04
  > Ttot/t                 =  -4.589848494731E+01 +/-   3.548994130139E-03
  > Utot/t                 =   2.064882872473E+01 +/-   4.990040304575E-03
* var[Eloc/t]              =   7.027674000943E+00 +/-   6.413944823777E-02
* Correlation length       =   1.262850369471E+00
* log10 Psi^2 range: 9.9137531992731596 -- 41.007727920213156
* log10 Pgen range : 9.9137531992731596 -- 41.007727920213156
* Site occupation (ave. no. electrons per config.):
  > Site_  ___eu____  ___ed____
      1        0.502      0.498
      2        0.498      0.502
      3        0.502      0.499
      4        0.498      0.502
      5        0.501      0.498
      6        0.499      0.501
      7        0.502      0.498
      8        0.499      0.502
      9        0.502      0.498
     10        0.498      0.501
     11        0.499      0.502
     12        0.502      0.499
     13        0.499      0.501
     14        0.502      0.498
     15        0.499      0.501
     16        0.502      0.499
     17        0.498      0.502
     18        0.501      0.499
     19        0.499      0.501
     20        0.501      0.499
     21        0.502      0.498
     22        0.498      0.502
     23        0.501      0.498
     24        0.499      0.501
     25        0.501      0.499
     26        0.498      0.501
     27        0.501      0.498
     28        0.498      0.502
     29        0.502      0.498
     30        0.498      0.501
     31        0.499      0.502
     32        0.501      0.498
     33        0.499      0.501
     34        0.501      0.499
     35        0.499      0.501
     36        0.502      0.499
     37        0.499      0.502
     38        0.502      0.499
     39        0.498      0.502
     40        0.501      0.498
     41        0.502      0.499
     42        0.498      0.502
     43        0.501      0.498
     44        0.498      0.502
     45        0.502      0.498
     46        0.498      0.501
     47        0.502      0.499
     48        0.499      0.502
     49        0.501      0.498
     50        0.498      0.502
* Pair-correlation analysis (ave. no. pairs per config.):
  > Shell  nsite  ___dh____  __eueu___  __eued___
      0      1        0          0          2.582
      1      4        2.552     13.245     84.504
      2      4        0.612     82.612     17.214
      3      4        0.579     82.812     17.124
      4      8        1.116     34.200    165.735
      5      4        0.539     82.835     17.157
      6      4        0.539     17.173     82.823
      7      8        1.075    165.658     34.332
      8      4        0.535     17.168     82.829
      9      4        0.537     82.830     17.168
     10      4        0.535     17.175     82.825
     11      1        0.133      4.293     20.708

Optimization #5:
* Method          : lls
* Target function : energy
* No. of configs. : 1000448
* No. of params.  : 77
* Before optimization:
  -9.6317E-01   1.0120E-01   2.3289E-01   1.6240E-01   1.0947E-01   8.3670E-02
   5.3506E-02   4.9441E-02   3.9208E-02  -6.9861E-03   6.0724E-03  -2.5372E-02
  -1.4755E-01  -8.2144E-02  -7.3867E-02  -7.3070E-02  -5.5608E-02  -4.1377E-02
  -9.0888E-02  -4.2328E-03  -3.8705E-02  -2.0201E-02  -5.4877E-02  -3.1096E-02
  -1.4224E-02  -1.1843E-02  -3.8469E-02   3.9638E-02   1.7311E-02   2.9060E-04
  -2.0950E-02  -1.4577E-02   3.9111E-02   1.3655E-01   6.9618E-04   3.5043E-04
  -5.4863E-03   5.5380E-04   1.3959E-03  -1.6861E-04   1.0233E-03  -2.6292E-04
  -2.1126E-04  -3.4066E-04   4.8193E-02   1.9121E-02   7.6023E-03   3.5152E-03
  -3.4405E-03   1.6459E-03  -2.3792E-03  -6.5415E-03  -2.5262E-04  -2.3432E-03
   2.2802E-03   1.2234E+00  -4.5617E-01  -1.6670E-01   7.5334E-02   1.0037E-01
   4.5307E-02   6.3079E-02  -1.4851E-01   1.1906E-03  -7.7008E-02   5.0554E-02
   6.8225E-01   3.0308E-02   1.1485E-02   2.1688E-01   1.2337E-03  -6.4803E-04
  -7.9117E-04  -2.7293E-01   2.5684E-03  -6.1308E-02   5.2218E-02
  > E    =  -2.525203903996E+01 +/-   2.620371290765E-03
  > varE =   6.869421824339E+00
* Computing derivatives.
    [walltime: 1m1s elapsed, 23m52s remaining]
  Done. [total walltime: 25m10s]
* Optimizing manipulation constant:
  #igrid a___________ E____________________________________ varE____________
     1     Infinity    -2.52520390E+01 +/-   2.62037129E-03   6.86942182E+00
     2     1.0000E+06  -2.52520391E+01 +/-   2.62037130E-03   6.86942190E+00
     3     2.1544E+05  -2.52520394E+01 +/-   2.62037134E-03   6.86942210E+00
     4     4.6416E+04  -2.52520405E+01 +/-   2.62037129E-03   6.86942183E+00
     5     1.0000E+04  -2.52520453E+01 +/-   2.62036601E-03   6.86939415E+00
     6     2.1544E+03  -2.52520582E+01 +/-   2.62023573E-03   6.86871108E+00
     7     4.6416E+02  -2.52518945E+01 +/-   2.61768258E-03   6.85533192E+00
     8     1.0000E+02  -2.52375839E+01 +/-   2.60172190E-03   6.77198935E+00
     9     2.1544E+01  -2.46610628E+01 +/-   3.38665863E-03   1.14745950E+01
    10     4.6416E+00  -2.15817129E+01 +/-   6.44838314E-03   4.16002737E+01
    11     1.0000E+00  -1.65206211E+01 +/-   9.50771567E-03   9.04371550E+01
    12     2.1544E-01  -4.71870694E+00 +/-   1.38143894E-02   1.90922851E+02
    13     4.6416E-02  -4.84380441E-06 +/-   1.50116719E-02   2.25451251E+02
    14     1.0000E-02   0.00000000E+00 +/-   0.00000000E+00   0.00000000E+00
    15     2.1544E-03   0.00000000E+00 +/-   0.00000000E+00   0.00000000E+00
    16     4.6416E-04   0.00000000E+00 +/-   0.00000000E+00   0.00000000E+00
    17     1.0000E-04   0.00000000E+00 +/-   0.00000000E+00   0.00000000E+00
    18     2.1544E-05   0.00000000E+00 +/-   0.00000000E+00   0.00000000E+00
    19     4.6416E-06   0.00000000E+00 +/-   0.00000000E+00   0.00000000E+00
    20     1.0000E-06   0.00000000E+00 +/-   0.00000000E+00   0.00000000E+00
    21     0.0000E+00   0.00000000E+00 +/-   0.00000000E+00   0.00000000E+00
  ParMin   4.1131E+03  -2.52520522E+01 +/-   2.62033530E-03   6.86923312E+00
  # Using grid point #6
* Iteration # 1: E =  -2.525205820272E+01 +/-   2.620235728458E-03
* Diminishing returns: exiting.
* After optimization:
  -9.8226E-01   1.0125E-01   2.3289E-01   1.6241E-01   1.0948E-01   8.3667E-02
   5.3513E-02   4.9449E-02   3.9218E-02  -6.9666E-03   6.0857E-03  -2.5336E-02
  -1.4757E-01  -8.2133E-02  -7.3872E-02  -7.3085E-02  -5.5620E-02  -4.1386E-02
  -9.0890E-02  -4.2361E-03  -3.8701E-02  -2.0202E-02  -5.4872E-02  -3.1094E-02
  -1.4232E-02  -1.1849E-02  -3.8475E-02   3.9636E-02   1.7290E-02   2.7575E-04
  -2.0949E-02  -1.4576E-02   3.9478E-02   1.3778E-01   6.9612E-04   3.4170E-04
  -5.5352E-03   5.5299E-04   1.4079E-03  -1.7118E-04   1.0261E-03  -2.6112E-04
  -2.1704E-04  -3.4728E-04   4.8620E-02   1.9284E-02   7.6616E-03   3.5446E-03
  -3.4730E-03   1.6600E-03  -2.4007E-03  -6.6041E-03  -2.5053E-04  -2.3668E-03
   2.2967E-03   1.2230E+00  -4.5618E-01  -1.6682E-01   7.5406E-02   1.0024E-01
   4.5245E-02   6.3047E-02  -1.4861E-01   1.2013E-03  -7.6893E-02   5.0501E-02
   6.8195E-01   2.9968E-02   1.1283E-02   2.1683E-01   1.2046E-03  -6.6132E-04
  -7.9378E-04  -2.7292E-01   2.5274E-03  -6.1251E-02   5.2244E-02
  > Energy =  -2.525205820272E+01 +/-   2.620235728458E-03
  > varE =   6.868711077288E+00

VMC #6:
* Size of Hilbert space =   1.5980E+28
* Number of equil. steps   = 1000
* Running VMC equilibration.
  Done. [total walltime: 2.86s]
* Equil. acc.ratio (%)     =   2.8711
* Sample config after equilibration:
  +-------------------+
  |  d   2   d   d   d|
  |u   u   2   u   u  |
  |  d   d   0   d   d|
  |u   u   u   u   u  |
  |  d   d   u   d   d|
  |u   u   2   0   u  |
  |  d   d   d   d   d|
  |u   u   u   u   u  |
  |  d   d   2   d   d|
  |u   u   0   0   u  |
  +-------------------+
* Number of accum. steps   = 40017920 x 10
* Running VMC accumulation.
    [walltime: 1m elapsed, 49m1s remaining]
  Done. [total walltime: 50m8s]
* Acceptance ratio (%)     =   2.5134
* Etot/t                   =  -2.525012935536E+01 +/-   4.728028685826E-04
  > Ttot/t                 =  -4.590471490166E+01 +/-   3.556326462542E-03
  > Utot/t                 =   2.065458554568E+01 +/-   5.619072087617E-03
* var[Eloc/t]              =   6.950165440317E+00 +/-   2.768223703485E-02
* Correlation length       =   1.287121588825E+00
* log10 Psi^2 range: 12.929665965490136 -- 40.992769519497003
* log10 Pgen range : 12.929665965490136 -- 40.992769519497003
* Site occupation (ave. no. electrons per config.):
  > Site_  ___eu____  ___ed____
      1        0.509      0.491
      2        0.491      0.508
      3        0.509      0.491
      4        0.492      0.509
      5        0.509      0.491
      6        0.492      0.509
      7        0.509      0.491
      8        0.491      0.509
      9        0.509      0.491
     10        0.491      0.509
     11        0.491      0.509
     12        0.509      0.492
     13        0.491      0.509
     14        0.509      0.491
     15        0.491      0.509
     16        0.509      0.491
     17        0.491      0.509
     18        0.508      0.491
     19        0.491      0.509
     20        0.509      0.491
     21        0.509      0.491
     22        0.491      0.509
     23        0.509      0.491
     24        0.491      0.509
     25        0.509      0.491
     26        0.491      0.509
     27        0.509      0.491
     28        0.491      0.509
     29        0.509      0.491
     30        0.492      0.509
     31        0.491      0.509
     32        0.509      0.491
     33        0.491      0.509
     34        0.509      0.491
     35        0.491      0.509
     36        0.509      0.491
     37        0.491      0.509
     38        0.509      0.492
     39        0.491      0.509
     40        0.509      0.491
     41        0.509      0.491
     42        0.491      0.509
     43        0.509      0.491
     44        0.491      0.509
     45        0.509      0.491
     46        0.491      0.509
     47        0.509      0.491
     48        0.491      0.509
     49        0.509      0.491
     50        0.491      0.509
* Pair-correlation analysis (ave. no. pairs per config.):
  > Shell  nsite  ___dh____  __eueu___  __eued___
      0      1        0          0          2.583
      1      4        2.553     13.245     84.506
      2      4        0.615     82.614     17.211
      3      4        0.580     82.810     17.125
      4      8        1.119     34.199    165.733
      5      4        0.540     82.833     17.157
      6      4        0.539     17.175     82.820
      7      8        1.073    165.658     34.336
      8      4        0.536     17.170     82.828
      9      4        0.536     82.827     17.172
     10      4        0.537     17.174     82.823
     11      1        0.133      4.294     20.707

Optimization #6:
* Method          : lls
* Target function : energy
* No. of configs. : 1000448
* No. of params.  : 77
* Before optimization:
  -9.8226E-01   1.0125E-01   2.3289E-01   1.6241E-01   1.0948E-01   8.3667E-02
   5.3513E-02   4.9449E-02   3.9218E-02  -6.9666E-03   6.0857E-03  -2.5336E-02
  -1.4757E-01  -8.2133E-02  -7.3872E-02  -7.3085E-02  -5.5620E-02  -4.1386E-02
  -9.0890E-02  -4.2361E-03  -3.8701E-02  -2.0202E-02  -5.4872E-02  -3.1094E-02
  -1.4232E-02  -1.1849E-02  -3.8475E-02   3.9636E-02   1.7290E-02   2.7575E-04
  -2.0949E-02  -1.4576E-02   3.9478E-02   1.3778E-01   6.9612E-04   3.4170E-04
  -5.5352E-03   5.5299E-04   1.4079E-03  -1.7118E-04   1.0261E-03  -2.6112E-04
  -2.1704E-04  -3.4728E-04   4.8620E-02   1.9284E-02   7.6616E-03   3.5446E-03
  -3.4730E-03   1.6600E-03  -2.4007E-03  -6.6041E-03  -2.5053E-04  -2.3668E-03
   2.2967E-03   1.2230E+00  -4.5618E-01  -1.6682E-01   7.5406E-02   1.0024E-01
   4.5245E-02   6.3047E-02  -1.4861E-01   1.2013E-03  -7.6893E-02   5.0501E-02
   6.8195E-01   2.9968E-02   1.1283E-02   2.1683E-01   1.2046E-03  -6.6132E-04
  -7.9378E-04  -2.7292E-01   2.5274E-03  -6.1251E-02   5.2244E-02
  > E    =  -2.525621063874E+01 +/-   2.645345707211E-03
  > varE =   7.000988949212E+00
* Computing derivatives.
    [walltime: 1m elapsed, 23m45s remaining]
  Done. [total walltime: 25m8s]
* Optimizing manipulation constant:
  #igrid a___________ E____________________________________ varE____________
     1     Infinity    -2.52562106E+01 +/-   2.64534571E-03   7.00098895E+00
     2     1.0000E+06  -2.52562108E+01 +/-   2.64534550E-03   7.00098785E+00
     3     2.1544E+05  -2.52562112E+01 +/-   2.64534469E-03   7.00098356E+00
     4     4.6416E+04  -2.52562131E+01 +/-   2.64533980E-03   7.00095770E+00
     5     1.0000E+04  -2.52562199E+01 +/-   2.64529306E-03   7.00071027E+00
     6     2.1544E+03  -2.52562089E+01 +/-   2.64457118E-03   6.99688994E+00
     7     4.6416E+02  -2.52542846E+01 +/-   2.63326695E-03   6.93720132E+00
     8     1.0000E+02  -2.49450111E+01 +/-   3.00088262E-03   9.00933086E+00
     9     2.1544E+01  -1.13304322E+01 +/-   1.16711208E-02   1.36276086E+02
    10     4.6416E+00  -5.40022532E-03 +/-   1.49573397E-02   2.23822238E+02
    11     1.0000E+00  -3.35838127E-20 +/-   1.49579155E-02   2.23839473E+02
    12     2.1544E-01  -1.59675945-165 +/-   5.64986807E-61   3.19353098-115
    13     4.6416E-02   0.00000000E+00 +/-   0.00000000E+00   0.00000000E+00
    14     1.0000E-02   0.00000000E+00 +/-   0.00000000E+00   0.00000000E+00
    15     2.1544E-03 (error)
    16     4.6416E-04 (error)
    17     1.0000E-04 (error)
    18     2.1544E-05 (error)
    19     4.6416E-06 (error)
    20     1.0000E-06 (error)
    21     0.0000E+00 (error)
  ParMin   1.0928E+04  -2.52562193E+01 +/-   2.64530002E-03   7.00074712E+00
  # Using grid point #5
* Iteration # 1: E =  -2.525621986812E+01 +/-   2.645293056686E-03
* Convergence: exiting.
* After optimization:
  -9.9080E-01   1.0126E-01   2.3290E-01   1.6241E-01   1.0949E-01   8.3667E-02
   5.3516E-02   4.9449E-02   3.9219E-02  -6.9653E-03   6.0858E-03  -2.5332E-02
  -1.4757E-01  -8.2131E-02  -7.3873E-02  -7.3091E-02  -5.5626E-02  -4.1387E-02
  -9.0892E-02  -4.2362E-03  -3.8700E-02  -2.0202E-02  -5.4873E-02  -3.1094E-02
  -1.4234E-02  -1.1850E-02  -3.8474E-02   3.9638E-02   1.7287E-02   2.7350E-04
  -2.0947E-02  -1.4574E-02   3.9645E-02   1.3835E-01   6.9874E-04   3.4031E-04
  -5.5573E-03   5.5624E-04   1.4127E-03  -1.7130E-04   1.0301E-03  -2.6448E-04
  -2.1747E-04  -3.4667E-04   4.8819E-02   1.9361E-02   7.6913E-03   3.5584E-03
  -3.4877E-03   1.6661E-03  -2.4114E-03  -6.6316E-03  -2.5328E-04  -2.3774E-03
   2.3053E-03   1.2229E+00  -4.5616E-01  -1.6685E-01   7.5427E-02   1.0024E-01
   4.5211E-02   6.3026E-02  -1.4862E-01   1.1707E-03  -7.6836E-02   5.0520E-02
   6.8187E-01   2.9867E-02   1.1226E-02   2.1682E-01   1.2090E-03  -6.7035E-04
  -7.9966E-04  -2.7292E-01   2.4898E-03  -6.1239E-02   5.2240E-02
  > Energy =  -2.525621986812E+01 +/-   2.645293056686E-03
  > varE =   7.000710269512E+00

VMC #7:
* Size of Hilbert space =   1.5980E+28
* Number of equil. steps   = 1000
* Running VMC equilibration.
  Done. [total walltime: 2.85s]
* Equil. acc.ratio (%)     =   2.8993
* Sample config after equilibration:
  +-------------------+
  |  d   d   d   d   d|
  |u   u   u   u   u  |
  |  d   u   0   d   d|
  |u   d   d   2   u  |
  |  0   d   d   u   d|
  |u   d   u   d   u  |
  |  d   u   d   d   d|
  |u   u   u   u   u  |
  |  d   d   0   2   d|
  |u   u   2   u   u  |
  +-------------------+
* Number of accum. steps   = 40017920 x 10
* Running VMC accumulation.
    [walltime: 1m elapsed, 49m12s remaining]
  Done. [total walltime: 50m11s]
* Acceptance ratio (%)     =   2.5130
* Etot/t                   =  -2.525060575113E+01 +/-   4.709563291647E-04
  > Ttot/t                 =  -4.590311822464E+01 +/-   3.555322726528E-03
  > Utot/t                 =   2.065251247441E+01 +/-   3.864342640616E-03
* var[Eloc/t]              =   6.987949981614E+00 +/-   2.556755217285E-02
* Correlation length       =   1.270182132976E+00
* log10 Psi^2 range: 12.222819195981307 -- 40.989299097414296
* log10 Pgen range : 12.222819195981307 -- 40.989299097414296
* Site occupation (ave. no. electrons per config.):
  > Site_  ___eu____  ___ed____
      1        0.498      0.502
      2        0.502      0.498
      3        0.498      0.502
      4        0.502      0.498
      5        0.498      0.502
      6        0.502      0.498
      7        0.498      0.502
      8        0.502      0.498
      9        0.499      0.501
     10        0.502      0.498
     11        0.502      0.498
     12        0.498      0.502
     13        0.502      0.498
     14        0.498      0.502
     15        0.502      0.498
     16        0.498      0.502
     17        0.502      0.498
     18        0.498      0.501
     19        0.502      0.498
     20        0.499      0.502
     21        0.498      0.502
     22        0.502      0.499
     23        0.498      0.502
     24        0.502      0.498
     25        0.499      0.501
     26        0.502      0.498
     27        0.498      0.502
     28        0.501      0.498
     29        0.498      0.502
     30        0.502      0.498
     31        0.502      0.498
     32        0.499      0.501
     33        0.502      0.498
     34        0.498      0.502
     35        0.501      0.498
     36        0.499      0.502
     37        0.502      0.498
     38        0.498      0.502
     39        0.502      0.498
     40        0.498      0.502
     41        0.498      0.502
     42        0.502      0.498
     43        0.498      0.502
     44        0.502      0.498
     45        0.498      0.502
     46        0.502      0.498
     47        0.498      0.502
     48        0.501      0.498
     49        0.498      0.502
     50        0.502      0.498
* Pair-correlation analysis (ave. no. pairs per config.):
  > Shell  nsite  ___dh____  __eueu___  __eued___
      0      1        0          0          2.580
      1      4        2.547     13.243     84.511
      2      4        0.614     82.614     17.209
      3      4        0.579     82.812     17.123
      4      8        1.115     34.197    165.737
      5      4        0.538     82.837     17.155
      6      4        0.537     17.173     82.823
      7      8        1.073    165.661     34.330
      8      4        0.537     17.165     82.830
      9      4        0.535     82.829     17.170
     10      4        0.534     17.177     82.823
     11      1        0.134      4.292     20.708

Optimization #7:
* Method          : lls
* Target function : energy
* No. of configs. : 1000448
* No. of params.  : 77
* Before optimization:
  -9.9080E-01   1.0126E-01   2.3290E-01   1.6241E-01   1.0949E-01   8.3667E-02
   5.3516E-02   4.9449E-02   3.9219E-02  -6.9653E-03   6.0858E-03  -2.5332E-02
  -1.4757E-01  -8.2131E-02  -7.3873E-02  -7.3091E-02  -5.5626E-02  -4.1387E-02
  -9.0892E-02  -4.2362E-03  -3.8700E-02  -2.0202E-02  -5.4873E-02  -3.1094E-02
  -1.4234E-02  -1.1850E-02  -3.8474E-02   3.9638E-02   1.7287E-02   2.7350E-04
  -2.0947E-02  -1.4574E-02   3.9645E-02   1.3835E-01   6.9874E-04   3.4031E-04
  -5.5573E-03   5.5624E-04   1.4127E-03  -1.7130E-04   1.0301E-03  -2.6448E-04
  -2.1747E-04  -3.4667E-04   4.8819E-02   1.9361E-02   7.6913E-03   3.5584E-03
  -3.4877E-03   1.6661E-03  -2.4114E-03  -6.6316E-03  -2.5328E-04  -2.3774E-03
   2.3053E-03   1.2229E+00  -4.5616E-01  -1.6685E-01   7.5427E-02   1.0024E-01
   4.5211E-02   6.3026E-02  -1.4862E-01   1.1707E-03  -7.6836E-02   5.0520E-02
   6.8187E-01   2.9867E-02   1.1226E-02   2.1682E-01   1.2090E-03  -6.7035E-04
  -7.9966E-04  -2.7292E-01   2.4898E-03  -6.1239E-02   5.2240E-02
  > E    =  -2.525005217735E+01 +/-   2.658584454930E-03
  > varE =   7.071237799941E+00
* Computing derivatives.
    [walltime: 1m1s elapsed, 24m17s remaining]
  Done. [total walltime: 25m9s]
* Optimizing manipulation constant:
  #igrid a___________ E____________________________________ varE____________
     1     Infinity    -2.52500522E+01 +/-   2.65858445E-03   7.07123780E+00
     2     1.0000E+06  -2.52500523E+01 +/-   2.65858459E-03   7.07123852E+00
     3     2.1544E+05  -2.52500528E+01 +/-   2.65858508E-03   7.07124115E+00
     4     4.6416E+04  -2.52500553E+01 +/-   2.65858738E-03   7.07125335E+00
     5     1.0000E+04  -2.52500665E+01 +/-   2.65859807E-03   7.07131020E+00
     6     2.1544E+03  -2.52501184E+01 +/-   2.65864848E-03   7.07157840E+00
     7     4.6416E+02  -2.52503506E+01 +/-   2.65889998E-03   7.07291635E+00
     8     1.0000E+02  -2.52512764E+01 +/-   2.66043581E-03   7.08108963E+00
     9     2.1544E+01  -2.52537914E+01 +/-   2.67391424E-03   7.15302048E+00
    10     4.6416E+00  -2.52568805E+01 +/-   2.77437633E-03   7.70061234E+00
    11     1.0000E+00  -2.52545869E+01 +/-   3.02041319E-03   9.12698290E+00
    12     2.1544E-01  -2.52463690E+01 +/-   3.18266470E-03   1.01338926E+01
    13     4.6416E-02  -2.52422271E+01 +/-   3.23205484E-03   1.04508584E+01
    14     1.0000E-02  -2.52411193E+01 +/-   3.24362707E-03   1.05258300E+01
    15     2.1544E-03  -2.52408687E+01 +/-   3.24616714E-03   1.05423219E+01
    16     4.6416E-04  -2.52408141E+01 +/-   3.24671660E-03   1.05458911E+01
    17     1.0000E-04  -2.52408023E+01 +/-   3.24683508E-03   1.05466608E+01
    18     2.1544E-05  -2.52407998E+01 +/-   3.24686061E-03   1.05468267E+01
    19     4.6416E-06  -2.52407992E+01 +/-   3.24686611E-03   1.05468624E+01
    20     1.0000E-06  -2.52407991E+01 +/-   3.24686729E-03   1.05468701E+01
    21     0.0000E+00  -2.52407991E+01 +/-   3.24686762E-03   1.05468722E+01
  ParMin   4.7934E+00  -2.52568391E+01 +/-   2.77039592E-03   7.67853202E+00
  # Using grid point #10
* Iteration # 1: E =  -2.525688054104E+01 +/-   2.774376328496E-03
* Computing derivatives.
    [walltime: 1m elapsed, 24m24s remaining]
  Done. [total walltime: 25m10s]
* Optimizing manipulation constant:
  #igrid a___________ E____________________________________ varE____________
     1     Infinity    -2.52568805E+01 +/-   2.77437633E-03   7.70061234E+00
     2     1.0000E+06  -2.52568809E+01 +/-   2.77437320E-03   7.70059496E+00
     3     2.1544E+05  -2.52568823E+01 +/-   2.77436179E-03   7.70053166E+00
     4     4.6416E+04  -2.52568888E+01 +/-   2.77430887E-03   7.70023789E+00
     5     1.0000E+04  -2.52569187E+01 +/-   2.77406341E-03   7.69887538E+00
     6     2.1544E+03  -2.52570553E+01 +/-   2.77292787E-03   7.69257369E+00
     7     4.6416E+02  -2.52576408E+01 +/-   2.76774679E-03   7.66385418E+00
     8     1.0000E+02  -2.52594956E+01 +/-   2.74611622E-03   7.54453271E+00
     9     2.1544E+01  -2.52596764E+01 +/-   2.69254301E-03   7.25303577E+00
    10     4.6416E+00  -2.52517250E+01 +/-   2.66453049E-03   7.10290342E+00
    11     1.0000E+00  -2.52452697E+01 +/-   2.67208157E-03   7.14321865E+00
    12     2.1544E-01  -2.52417196E+01 +/-   2.67950963E-03   7.18298838E+00
    13     4.6416E-02  -2.52405285E+01 +/-   2.68196608E-03   7.19616448E+00
    14     1.0000E-02  -2.52402383E+01 +/-   2.68255683E-03   7.19933499E+00
    15     2.1544E-03  -2.52401740E+01 +/-   2.68268731E-03   7.20003537E+00
    16     4.6416E-04  -2.52401601E+01 +/-   2.68271557E-03   7.20018709E+00
    17     1.0000E-04  -2.52401571E+01 +/-   2.68272167E-03   7.20021981E+00
    18     2.1544E-05  -2.52401564E+01 +/-   2.68272298E-03   7.20022686E+00
    19     4.6416E-06  -2.52401563E+01 +/-   2.68272327E-03   7.20022838E+00
    20     1.0000E-06  -2.52401563E+01 +/-   2.68272333E-03   7.20022871E+00
    21     0.0000E+00  -2.52401563E+01 +/-   2.68272334E-03   7.20022880E+00
  ParMin   4.3544E+01  -2.52605164E+01 +/-   2.71961784E-03   7.39963474E+00
  # Using parabolic minimum
* Iteration # 2: E =  -2.526051639749E+01 +/-   2.719617839488E-03
* Computing derivatives.
    [walltime: 1m elapsed, 24m22s remaining]
  Done. [total walltime: 25m9s]
* Optimizing manipulation constant:
  #igrid a___________ E____________________________________ varE____________
     1     Infinity    -2.52605164E+01 +/-   2.71961784E-03   7.39963474E+00
     2     1.0000E+06  -2.52605165E+01 +/-   2.71961716E-03   7.39963102E+00
     3     2.1544E+05  -2.52605169E+01 +/-   2.71961466E-03   7.39961747E+00
     4     4.6416E+04  -2.52605186E+01 +/-   2.71960309E-03   7.39955446E+00
     5     1.0000E+04  -2.52605267E+01 +/-   2.71954898E-03   7.39926003E+00
     6     2.1544E+03  -2.52605631E+01 +/-   2.71929021E-03   7.39785198E+00
     7     4.6416E+02  -2.52607081E+01 +/-   2.71793758E-03   7.39049412E+00
     8     1.0000E+02  -2.52609177E+01 +/-   2.70948244E-03   7.34458398E+00
     9     2.1544E+01  -2.52525824E+01 +/-   2.67203261E-03   7.14295689E+00
    10     4.6416E+00  -2.51478140E+01 +/-   2.73440218E-03   7.48030496E+00
    11     1.0000E+00  -2.48659116E+01 +/-   3.11648278E-03   9.71681611E+00
    12     2.1544E-01  -2.46446979E+01 +/-   3.42127249E-03   1.17103493E+01
    13     4.6416E-02  -2.45688288E+01 +/-   3.52244811E-03   1.24131993E+01
    14     1.0000E-02  -2.45503790E+01 +/-   3.54676134E-03   1.25851516E+01
    15     2.1544E-03  -2.45462936E+01 +/-   3.55212950E-03   1.26232767E+01
    16     4.6416E-04  -2.45454082E+01 +/-   3.55329222E-03   1.26315420E+01
    17     1.0000E-04  -2.45452172E+01 +/-   3.55354301E-03   1.26333251E+01
    18     2.1544E-05  -2.45451760E+01 +/-   3.55359705E-03   1.26337094E+01
    19     4.6416E-06  -2.45451671E+01 +/-   3.55360870E-03   1.26337922E+01
    20     1.0000E-06  -2.45451652E+01 +/-   3.55361121E-03   1.26338100E+01
    21     0.0000E+00  -2.45451647E+01 +/-   3.55361190E-03   1.26338149E+01
  ParMin   2.0645E+02  -2.52608638E+01 +/-   2.71536126E-03   7.37648997E+00
  # Using grid point #8
* Iteration # 3: E =  -2.526091768367E+01 +/-   2.709482437852E-03
* Diminishing returns: exiting.
* After optimization:
  -1.1002E+00   1.1426E-01   2.3300E-01   1.6703E-01   1.1487E-01   8.4714E-02
   5.7877E-02   5.1741E-02   4.4817E-02  -5.9521E-03   7.7937E-03  -2.5234E-02
  -1.5639E-01  -9.0608E-02  -7.0171E-02  -7.6105E-02  -6.0581E-02  -4.2969E-02
  -9.4519E-02  -8.9910E-03  -3.8879E-02  -2.1941E-02  -5.7527E-02  -3.2590E-02
  -1.6240E-02  -1.3823E-02  -4.0907E-02   3.5109E-02   1.5967E-02  -8.0183E-04
  -2.1075E-02  -1.5338E-02   3.8470E-02   1.2238E-01   2.9283E-03   7.3718E-03
  -3.6068E-03  -2.4811E-03   9.4554E-04   7.2284E-04  -3.1888E-04  -1.0146E-04
  -8.5886E-04  -1.8453E-03   4.1308E-02   1.6674E-02   6.2785E-03   3.0125E-03
  -3.1588E-03   8.7968E-04  -1.0536E-03  -5.7253E-03   1.9803E-03  -1.5180E-03
   2.1429E-03   1.1606E+00  -3.7514E-01  -1.3390E-01   1.0499E-01   6.8109E-02
   3.4821E-02   6.6404E-02  -1.5517E-01   1.6072E-02  -5.6746E-02   2.6692E-02
   6.2339E-01   1.1062E-02  -9.6852E-03   2.1372E-01  -2.3435E-02  -9.6086E-03
   6.9216E-03  -2.5657E-01   2.0094E-02  -5.0021E-02   3.6159E-02
  > Energy =  -2.526091768367E+01 +/-   2.709482437852E-03
  > varE =   7.344583981227E+00

VMC #8:
* Size of Hilbert space =   1.5980E+28
* Number of equil. steps   = 1000
* Running VMC equilibration.
  Done. [total walltime: 2.88s]
* Equil. acc.ratio (%)     =   2.8908
* Sample config after equilibration:
  +-------------------+
  |  u   u   u   2   u|
  |d   d   d   d   d  |
  |  u   2   u   u   u|
  |d   0   d   2   d  |
  |  u   u   u   0   2|
  |d   d   d   d   0  |
  |  0   u   u   u   u|
  |2   d   d   d   d  |
  |  u   u   u   u   u|
  |d   d   d   0   d  |
  +-------------------+
* Number of accum. steps   = 40017920 x 10
* Running VMC accumulation.
    [walltime: 1m elapsed, 49m22s remaining]
  Done. [total walltime: 50m18s]
* Acceptance ratio (%)     =   2.5213
* Etot/t                   =  -2.524059590175E+01 +/-   4.765957743657E-04
  > Ttot/t                 =  -4.594623017608E+01 +/-   3.551288809986E-03
  > Utot/t                 =   2.070563427584E+01 +/-   3.847079330726E-03
* var[Eloc/t]              =   6.963347999910E+00 +/-   1.259072335786E-02
* Correlation length       =   1.305379495315E+00
* log10 Psi^2 range: 7.6659345216580714 -- 36.241886672851187
* log10 Pgen range : 7.6659345216580714 -- 36.241886672851187
* Site occupation (ave. no. electrons per config.):
  > Site_  ___eu____  ___ed____
      1        0.503      0.497
      2        0.496      0.504
      3        0.504      0.496
      4        0.496      0.504
      5        0.504      0.496
      6        0.496      0.504
      7        0.504      0.496
      8        0.496      0.504
      9        0.504      0.496
     10        0.496      0.504
     11        0.496      0.504
     12        0.503      0.496
     13        0.496      0.504
     14        0.504      0.496
     15        0.496      0.504
     16        0.504      0.496
     17        0.496      0.503
     18        0.503      0.497
     19        0.497      0.504
     20        0.504      0.496
     21        0.504      0.496
     22        0.497      0.504
     23        0.504      0.496
     24        0.496      0.503
     25        0.504      0.496
     26        0.496      0.504
     27        0.504      0.496
     28        0.496      0.504
     29        0.504      0.496
     30        0.495      0.504
     31        0.496      0.504
     32        0.504      0.496
     33        0.496      0.504
     34        0.504      0.496
     35        0.496      0.504
     36        0.504      0.496
     37        0.496      0.504
     38        0.504      0.496
     39        0.497      0.504
     40        0.504      0.496
     41        0.504      0.496
     42        0.496      0.504
     43        0.504      0.496
     44        0.497      0.504
     45        0.503      0.496
     46        0.496      0.504
     47        0.504      0.496
     48        0.496      0.504
     49        0.503      0.496
     50        0.496      0.504
* Pair-correlation analysis (ave. no. pairs per config.):
  > Shell  nsite  ___dh____  __eueu___  __eued___
      0      1        0          0          2.591
      1      4        2.558     13.221     84.525
      2      4        0.619     82.645     17.177
      3      4        0.584     82.846     17.088
      4      8        1.125     34.129    165.804
      5      4        0.542     82.872     17.121
      6      4        0.543     17.139     82.855
      7      8        1.082    165.729     34.263
      8      4        0.541     17.132     82.864
      9      4        0.539     82.866     17.134
     10      4        0.540     17.137     82.861
     11      1        0.134      4.284     20.717

Optimization #8:
* Method          : lls
* Target function : energy
* No. of configs. : 1000448
* No. of params.  : 77
* Before optimization:
  -1.1002E+00   1.1426E-01   2.3300E-01   1.6703E-01   1.1487E-01   8.4714E-02
   5.7877E-02   5.1741E-02   4.4817E-02  -5.9521E-03   7.7937E-03  -2.5234E-02
  -1.5639E-01  -9.0608E-02  -7.0171E-02  -7.6105E-02  -6.0581E-02  -4.2969E-02
  -9.4519E-02  -8.9910E-03  -3.8879E-02  -2.1941E-02  -5.7527E-02  -3.2590E-02
  -1.6240E-02  -1.3823E-02  -4.0907E-02   3.5109E-02   1.5967E-02  -8.0183E-04
  -2.1075E-02  -1.5338E-02   3.8470E-02   1.2238E-01   2.9283E-03   7.3718E-03
  -3.6068E-03  -2.4811E-03   9.4554E-04   7.2284E-04  -3.1888E-04  -1.0146E-04
  -8.5886E-04  -1.8453E-03   4.1308E-02   1.6674E-02   6.2785E-03   3.0125E-03
  -3.1588E-03   8.7968E-04  -1.0536E-03  -5.7253E-03   1.9803E-03  -1.5180E-03
   2.1429E-03   1.1606E+00  -3.7514E-01  -1.3390E-01   1.0499E-01   6.8109E-02
   3.4821E-02   6.6404E-02  -1.5517E-01   1.6072E-02  -5.6746E-02   2.6692E-02
   6.2339E-01   1.1062E-02  -9.6852E-03   2.1372E-01  -2.3435E-02  -9.6086E-03
   6.9216E-03  -2.5657E-01   2.0094E-02  -5.0021E-02   3.6159E-02
  > E    =  -2.524071783079E+01 +/-   2.644718867042E-03
  > varE =   6.997671438662E+00
* Computing derivatives.
    [walltime: 1m1s elapsed, 24m18s remaining]
  Done. [total walltime: 25m12s]
* Optimizing manipulation constant:
  #igrid a___________ E____________________________________ varE____________
     1     Infinity    -2.52407178E+01 +/-   2.64471887E-03   6.99767144E+00
     2     1.0000E+06  -2.52407181E+01 +/-   2.64471523E-03   6.99765219E+00
     3     2.1544E+05  -2.52407177E+01 +/-   2.64465478E-03   6.99733229E+00
     4     4.6416E+04  -2.52406775E+01 +/-   2.64340590E-03   6.99072517E+00
     5     1.0000E+04  -2.52348422E+01 +/-   2.62477047E-03   6.89250646E+00
     6     2.1544E+03  -2.14359307E+01 +/-   6.56423720E-03   4.31085140E+01
     7     4.6416E+02 (error)
     8     1.0000E+02 (error)
     9     2.1544E+01 (error)
    10     4.6416E+00 (error)
    11     1.0000E+00 (error)
    12     2.1544E-01   0.00000000E+00 +/-   0.00000000E+00   0.00000000E+00
    13     4.6416E-02   0.00000000E+00 +/-   0.00000000E+00   0.00000000E+00
    14     1.0000E-02   0.00000000E+00 +/-   0.00000000E+00   0.00000000E+00
    15     2.1544E-03   0.00000000E+00 +/-   0.00000000E+00   0.00000000E+00
    16     4.6416E-04   0.00000000E+00 +/-   0.00000000E+00   0.00000000E+00
    17     1.0000E-04   0.00000000E+00 +/-   0.00000000E+00   0.00000000E+00
    18     2.1544E-05   0.00000000E+00 +/-   0.00000000E+00   0.00000000E+00
    19     4.6416E-06   0.00000000E+00 +/-   0.00000000E+00   0.00000000E+00
    20     1.0000E-06   0.00000000E+00 +/-   0.00000000E+00   0.00000000E+00
    21     0.0000E+00   0.00000000E+00 +/-   0.00000000E+00   0.00000000E+00
* Iteration # 1: E =  -2.524071811411E+01 +/-   2.644715229830E-03
* Convergence: exiting.
* After optimization:
  -1.0978E+00   1.1426E-01   2.3300E-01   1.6703E-01   1.1487E-01   8.4714E-02
   5.7877E-02   5.1741E-02   4.4817E-02  -5.9522E-03   7.7936E-03  -2.5234E-02
  -1.5639E-01  -9.0608E-02  -7.0171E-02  -7.6105E-02  -6.0581E-02  -4.2969E-02
  -9.4519E-02  -8.9908E-03  -3.8879E-02  -2.1941E-02  -5.7527E-02  -3.2590E-02
  -1.6240E-02  -1.3823E-02  -4.0907E-02   3.5109E-02   1.5967E-02  -8.0179E-04
  -2.1075E-02  -1.5338E-02   3.8423E-02   1.2223E-01   2.9247E-03   7.3628E-03
  -3.6024E-03  -2.4781E-03   9.4440E-04   7.2196E-04  -3.1848E-04  -1.0136E-04
  -8.5782E-04  -1.8430E-03   4.1258E-02   1.6654E-02   6.2710E-03   3.0088E-03
  -3.1550E-03   8.7863E-04  -1.0524E-03  -5.7184E-03   1.9778E-03  -1.5162E-03
   2.1403E-03   1.1606E+00  -3.7514E-01  -1.3390E-01   1.0499E-01   6.8109E-02
   3.4821E-02   6.6404E-02  -1.5517E-01   1.6072E-02  -5.6746E-02   2.6693E-02
   6.2339E-01   1.1063E-02  -9.6849E-03   2.1372E-01  -2.3434E-02  -9.6084E-03
   6.9215E-03  -2.5657E-01   2.0093E-02  -5.0021E-02   3.6160E-02
  > Energy =  -2.524071811411E+01 +/-   2.644715229830E-03
  > varE =   6.997652191248E+00

VMC #9:
* Size of Hilbert space =   1.5980E+28
* Number of equil. steps   = 1000
* Running VMC equilibration.
  Done. [total walltime: 2.88s]
* Equil. acc.ratio (%)     =   2.8797
* Sample config after equilibration:
  +-------------------+
  |  u   u   u   2   u|
  |d   d   d   0   d  |
  |  u   u   u   u   u|
  |d   d   d   d   d  |
  |  u   u   u   u   u|
  |d   d   d   d   0  |
  |  u   u   d   u   2|
  |d   d   d   u   d  |
  |  u   u   u   u   u|
  |d   d   d   d   d  |
  +-------------------+
* Number of accum. steps   = 40017920 x 10
* Running VMC accumulation.
    [walltime: 1m elapsed, 49m17s remaining]
  Done. [total walltime: 50m17s]
* Acceptance ratio (%)     =   2.5211
* Etot/t                   =  -2.524170123715E+01 +/-   4.744864134822E-04
  > Ttot/t                 =  -4.594763117883E+01 +/-   3.564299547187E-03
  > Utot/t                 =   2.070592994339E+01 +/-   4.552649880230E-03
* var[Eloc/t]              =   6.989299223477E+00 +/-   2.675469759157E-02
* Correlation length       =   1.289046074081E+00
* log10 Psi^2 range: 5.5392222799033224 -- 36.241998192837841
* log10 Pgen range : 5.5392222799033224 -- 36.241998192837841
* Site occupation (ave. no. electrons per config.):
  > Site_  ___eu____  ___ed____
      1        0.500      0.500
      2        0.500      0.500
      3        0.500      0.500
      4        0.500      0.500
      5        0.500      0.500
      6        0.500      0.499
      7        0.500      0.500
      8        0.500      0.500
      9        0.500      0.500
     10        0.501      0.500
     11        0.500      0.500
     12        0.500      0.500
     13        0.500      0.500
     14        0.500      0.500
     15        0.500      0.500
     16        0.500      0.500
     17        0.500      0.500
     18        0.500      0.500
     19        0.500      0.500
     20        0.500      0.500
     21        0.500      0.501
     22        0.500      0.500
     23        0.500      0.500
     24        0.500      0.500
     25        0.500      0.501
     26        0.500      0.501
     27        0.500      0.499
     28        0.500      0.500
     29        0.500      0.500
     30        0.500      0.500
     31        0.500      0.500
     32        0.500      0.500
     33        0.500      0.500
     34        0.500      0.500
     35        0.500      0.500
     36        0.500      0.500
     37        0.500      0.500
     38        0.500      0.500
     39        0.500      0.500
     40        0.500      0.500
     41        0.500      0.500
     42        0.500      0.499
     43        0.500      0.500
     44        0.500      0.500
     45        0.500      0.500
     46        0.500      0.500
     47        0.500      0.500
     48        0.500      0.500
     49        0.500      0.500
     50        0.500      0.500
* Pair-correlation analysis (ave. no. pairs per config.):
  > Shell  nsite  ___dh____  __eueu___  __eued___
      0      1        0          0          2.591
      1      4        2.559     13.222     84.524
      2      4        0.621     82.644     17.178
      3      4        0.584     82.844     17.090
      4      8        1.123     34.133    165.804
      5      4        0.543     82.871     17.120
      6      4        0.543     17.140     82.852
      7      8        1.080    165.724     34.268
      8      4        0.540     17.133     82.863
      9      4        0.538     82.863     17.139
     10      4        0.540     17.141     82.855
     11      1        0.134      4.284     20.717

Optimization #9:
* Method          : lls
* Target function : energy
* No. of configs. : 1000448
* No. of params.  : 77
* Before optimization:
  -1.0978E+00   1.1426E-01   2.3300E-01   1.6703E-01   1.1487E-01   8.4714E-02
   5.7877E-02   5.1741E-02   4.4817E-02  -5.9522E-03   7.7936E-03  -2.5234E-02
  -1.5639E-01  -9.0608E-02  -7.0171E-02  -7.6105E-02  -6.0581E-02  -4.2969E-02
  -9.4519E-02  -8.9908E-03  -3.8879E-02  -2.1941E-02  -5.7527E-02  -3.2590E-02
  -1.6240E-02  -1.3823E-02  -4.0907E-02   3.5109E-02   1.5967E-02  -8.0179E-04
  -2.1075E-02  -1.5338E-02   3.8423E-02   1.2223E-01   2.9247E-03   7.3628E-03
  -3.6024E-03  -2.4781E-03   9.4440E-04   7.2196E-04  -3.1848E-04  -1.0136E-04
  -8.5782E-04  -1.8430E-03   4.1258E-02   1.6654E-02   6.2710E-03   3.0088E-03
  -3.1550E-03   8.7863E-04  -1.0524E-03  -5.7184E-03   1.9778E-03  -1.5162E-03
   2.1403E-03   1.1606E+00  -3.7514E-01  -1.3390E-01   1.0499E-01   6.8109E-02
   3.4821E-02   6.6404E-02  -1.5517E-01   1.6072E-02  -5.6746E-02   2.6693E-02
   6.2339E-01   1.1063E-02  -9.6849E-03   2.1372E-01  -2.3434E-02  -9.6084E-03
   6.9215E-03  -2.5657E-01   2.0093E-02  -5.0021E-02   3.6160E-02
  > E    =  -2.524014233362E+01 +/-   2.651795517362E-03
  > varE =   7.035169810624E+00
* Computing derivatives.
    [walltime: 1m1s elapsed, 23m56s remaining]
  Done. [total walltime: 25m9s]
* Optimizing manipulation constant:
  #igrid a___________ E____________________________________ varE____________
     1     Infinity    -2.52401423E+01 +/-   2.65179552E-03   7.03516981E+00
     2     1.0000E+06  -2.52401428E+01 +/-   2.65179445E-03   7.03516415E+00
     3     2.1544E+05  -2.52401443E+01 +/-   2.65179054E-03   7.03514342E+00
     4     4.6416E+04  -2.52401513E+01 +/-   2.65177193E-03   7.03504467E+00
     5     1.0000E+04  -2.52401834E+01 +/-   2.65167534E-03   7.03453215E+00
     6     2.1544E+03  -2.52403226E+01 +/-   2.65100910E-03   7.03099774E+00
     7     4.6416E+02  -2.52405682E+01 +/-   2.64374298E-03   6.99250818E+00
     8     1.0000E+02  -2.51596287E+01 +/-   2.68480921E-03   7.21142976E+00
     9     2.1544E+01  -1.25750136E+01 +/-   1.12750597E-02   1.27183924E+02
    10     4.6416E+00 (error)
    11     1.0000E+00 (error)
    12     2.1544E-01 (error)
    13     4.6416E-02 (error)
    14     1.0000E-02 (error)
    15     2.1544E-03 (error)
    16     4.6416E-04 (error)
    17     1.0000E-04 (error)
    18     2.1544E-05 (error)
    19     4.6416E-06 (error)
    20     1.0000E-06 (error)
    21     0.0000E+00 (error)
  ParMin   9.9497E+02  -2.52404925E+01 +/-   2.64938114E-03   7.02236506E+00
  # Using grid point #7
* Iteration # 1: E =  -2.524056818632E+01 +/-   2.643742978272E-03
* Diminishing returns: exiting.
* After optimization:
  -9.7236E-01   1.1389E-01   2.3290E-01   1.6676E-01   1.1466E-01   8.4602E-02
   5.7638E-02   5.1618E-02   4.4655E-02  -6.0718E-03   7.6494E-03  -2.5310E-02
  -1.5599E-01  -9.0376E-02  -7.0109E-02  -7.6088E-02  -6.0386E-02  -4.2867E-02
  -9.4376E-02  -8.8386E-03  -3.8774E-02  -2.1840E-02  -5.7416E-02  -3.2500E-02
  -1.6120E-02  -1.3708E-02  -4.0885E-02   3.5198E-02   1.6082E-02  -6.8623E-04
  -2.1049E-02  -1.5293E-02   3.6209E-02   1.1541E-01   2.7608E-03   6.6678E-03
  -3.4314E-03  -2.2667E-03   9.1009E-04   6.5263E-04  -2.8110E-04  -1.4415E-04
  -7.8397E-04  -1.6654E-03   3.9046E-02   1.5774E-02   5.9138E-03   2.8454E-03
  -2.9736E-03   8.5131E-04  -1.0352E-03  -5.3970E-03   1.7509E-03  -1.4765E-03
   2.0159E-03   1.1616E+00  -3.7625E-01  -1.3496E-01   1.0432E-01   6.8636E-02
   3.4804E-02   6.6002E-02  -1.5527E-01   1.4753E-02  -5.6283E-02   2.7882E-02
   6.2504E-01   1.1985E-02  -9.4134E-03   2.1392E-01  -2.2624E-02  -9.4418E-03
   6.5435E-03  -2.5694E-01   1.8525E-02  -5.0227E-02   3.6401E-02
  > Energy =  -2.524056818632E+01 +/-   2.643742978272E-03
  > varE =   6.992508176028E+00

VMC #10:
* Size of Hilbert space =   1.5980E+28
* Number of equil. steps   = 1000
* Running VMC equilibration.
  Done. [total walltime: 2.89s]
* Equil. acc.ratio (%)     =   2.8906
* Sample config after equilibration:
  +-------------------+
  |  u   u   u   u   u|
  |d   d   d   d   d  |
  |  u   u   u   0   u|
  |d   d   d   2   d  |
  |  0   u   u   u   u|
  |2   d   d   2   d  |
  |  d   u   0   u   u|
  |u   d   d   d   d  |
  |  u   u   u   u   u|
  |d   d   d   d   d  |
  +-------------------+
* Number of accum. steps   = 40017920 x 10
* Running VMC accumulation.
    [walltime: 1m elapsed, 49m16s remaining]
  Done. [total walltime: 50m26s]
* Acceptance ratio (%)     =   2.5071
* Etot/t                   =  -2.524090675691E+01 +/-   4.745470190786E-04
  > Ttot/t                 =  -4.584021266889E+01 +/-   3.554455139227E-03
  > Utot/t                 =   2.059930591095E+01 +/-   4.140923172407E-03
* var[Eloc/t]              =   6.990792373240E+00 +/-   4.776413248884E-02
* Correlation length       =   1.289099996630E+00
* log10 Psi^2 range: 6.4483489098825215 -- 36.420083336339694
* log10 Pgen range : 6.4483489098825215 -- 36.420083336339694
* Site occupation (ave. no. electrons per config.):
  > Site_  ___eu____  ___ed____
      1        0.494      0.506
      2        0.506      0.494
      3        0.494      0.506
      4        0.506      0.494
      5        0.494      0.506
      6        0.506      0.495
      7        0.494      0.506
      8        0.506      0.494
      9        0.494      0.506
     10        0.506      0.494
     11        0.506      0.494
     12        0.494      0.506
     13        0.506      0.494
     14        0.494      0.506
     15        0.507      0.493
     16        0.494      0.506
     17        0.506      0.494
     18        0.495      0.505
     19        0.506      0.494
     20        0.494      0.506
     21        0.494      0.506
     22        0.506      0.494
     23        0.494      0.506
     24        0.506      0.494
     25        0.493      0.506
     26        0.506      0.494
     27        0.494      0.506
     28        0.506      0.494
     29        0.494      0.506
     30        0.506      0.494
     31        0.506      0.494
     32        0.495      0.506
     33        0.506      0.494
     34        0.494      0.506
     35        0.506      0.494
     36        0.494      0.507
     37        0.506      0.494
     38        0.494      0.505
     39        0.506      0.494
     40        0.494      0.506
     41        0.494      0.505
     42        0.506      0.494
     43        0.494      0.506
     44        0.506      0.494
     45        0.495      0.506
     46        0.505      0.494
     47        0.494      0.506
     48        0.506      0.494
     49        0.494      0.506
     50        0.506      0.495
* Pair-correlation analysis (ave. no. pairs per config.):
  > Shell  nsite  ___dh____  __eueu___  __eued___
      0      1        0          0          2.575
      1      4        2.540     13.179     84.581
      2      4        0.613     82.701     17.121
      3      4        0.576     82.902     17.034
      4      8        1.109     34.019    165.917
      5      4        0.536     82.926     17.065
      6      4        0.535     17.079     82.915
      7      8        1.069    165.845     34.144
      8      4        0.533     17.075     82.922
      9      4        0.532     82.920     17.079
     10      4        0.532     17.083     82.916
     11      1        0.133      4.270     20.731

Optimization #10:
* Method          : lls
* Target function : energy
* No. of configs. : 1000448
* No. of params.  : 77
* Before optimization:
  -9.7236E-01   1.1389E-01   2.3290E-01   1.6676E-01   1.1466E-01   8.4602E-02
   5.7638E-02   5.1618E-02   4.4655E-02  -6.0718E-03   7.6494E-03  -2.5310E-02
  -1.5599E-01  -9.0376E-02  -7.0109E-02  -7.6088E-02  -6.0386E-02  -4.2867E-02
  -9.4376E-02  -8.8386E-03  -3.8774E-02  -2.1840E-02  -5.7416E-02  -3.2500E-02
  -1.6120E-02  -1.3708E-02  -4.0885E-02   3.5198E-02   1.6082E-02  -6.8623E-04
  -2.1049E-02  -1.5293E-02   3.6209E-02   1.1541E-01   2.7608E-03   6.6678E-03
  -3.4314E-03  -2.2667E-03   9.1009E-04   6.5263E-04  -2.8110E-04  -1.4415E-04
  -7.8397E-04  -1.6654E-03   3.9046E-02   1.5774E-02   5.9138E-03   2.8454E-03
  -2.9736E-03   8.5131E-04  -1.0352E-03  -5.3970E-03   1.7509E-03  -1.4765E-03
   2.0159E-03   1.1616E+00  -3.7625E-01  -1.3496E-01   1.0432E-01   6.8636E-02
   3.4804E-02   6.6002E-02  -1.5527E-01   1.4753E-02  -5.6283E-02   2.7882E-02
   6.2504E-01   1.1985E-02  -9.4134E-03   2.1392E-01  -2.2624E-02  -9.4418E-03
   6.5435E-03  -2.5694E-01   1.8525E-02  -5.0227E-02   3.6401E-02
  > E    =  -2.524291429207E+01 +/-   2.658621955010E-03
  > varE =   7.071437284935E+00
* Computing derivatives.
    [walltime: 1m elapsed, 23m46s remaining]
  Done. [total walltime: 25m8s]
* Optimizing manipulation constant:
  #igrid a___________ E____________________________________ varE____________
     1     Infinity    -2.52429143E+01 +/-   2.65862196E-03   7.07143728E+00
     2     1.0000E+06  -2.52429143E+01 +/-   2.65861783E-03   7.07141535E+00
     3     2.1544E+05  -2.52429072E+01 +/-   2.65855327E-03   7.07107190E+00
     4     4.6416E+04  -2.52427141E+01 +/-   2.65724407E-03   7.06410937E+00
     5     1.0000E+04  -2.52308526E+01 +/-   2.64224382E-03   6.98458009E+00
     6     2.1544E+03  -1.93737920E+01 +/-   7.94759901E-03   6.31926276E+01
     7     4.6416E+02 (error)
     8     1.0000E+02 (error)
     9     2.1544E+01 (error)
    10     4.6416E+00 (error)
    11     1.0000E+00 (error)
    12     2.1544E-01 (error)
    13     4.6416E-02 (error)
    14     1.0000E-02 (error)
    15     2.1544E-03 (error)
    16     4.6416E-04 (error)
    17     1.0000E-04 (error)
    18     2.1544E-05 (error)
    19     4.6416E-06 (error)
    20     1.0000E-06 (error)
    21     0.0000E+00 (error)
* Iteration # 1: E =  -2.524291429207E+01 +/-   2.658621955010E-03
* Convergence: exiting.
* After optimization:
  -9.7236E-01   1.1389E-01   2.3290E-01   1.6676E-01   1.1466E-01   8.4602E-02
   5.7638E-02   5.1618E-02   4.4655E-02  -6.0718E-03   7.6494E-03  -2.5310E-02
  -1.5599E-01  -9.0376E-02  -7.0109E-02  -7.6088E-02  -6.0386E-02  -4.2867E-02
  -9.4376E-02  -8.8386E-03  -3.8774E-02  -2.1840E-02  -5.7416E-02  -3.2500E-02
  -1.6120E-02  -1.3708E-02  -4.0885E-02   3.5198E-02   1.6082E-02  -6.8623E-04
  -2.1049E-02  -1.5293E-02   3.6209E-02   1.1541E-01   2.7608E-03   6.6678E-03
  -3.4314E-03  -2.2667E-03   9.1009E-04   6.5263E-04  -2.8110E-04  -1.4415E-04
  -7.8397E-04  -1.6654E-03   3.9046E-02   1.5774E-02   5.9138E-03   2.8454E-03
  -2.9736E-03   8.5131E-04  -1.0352E-03  -5.3970E-03   1.7509E-03  -1.4765E-03
   2.0159E-03   1.1616E+00  -3.7625E-01  -1.3496E-01   1.0432E-01   6.8636E-02
   3.4804E-02   6.6002E-02  -1.5527E-01   1.4753E-02  -5.6283E-02   2.7882E-02
   6.2504E-01   1.1985E-02  -9.4134E-03   2.1392E-01  -2.2624E-02  -9.4418E-03
   6.5435E-03  -2.5694E-01   1.8525E-02  -5.0227E-02   3.6401E-02
  > Energy =  -2.524291429207E+01 +/-   2.658621955010E-03
  > varE =   7.071437284935E+00

VMC #11:
* Size of Hilbert space =   1.5980E+28
* Number of equil. steps   = 1000
* Running VMC equilibration.
  Done. [total walltime: 2.90s]
* Equil. acc.ratio (%)     =   2.8910
* Sample config after equilibration:
  +-------------------+
  |  d   d   d   d   d|
  |u   u   u   u   u  |
  |  d   d   d   d   u|
  |d   u   u   u   u  |
  |  d   d   d   d   d|
  |u   2   u   u   u  |
  |  d   u   d   d   d|
  |u   0   u   u   u  |
  |  d   0   d   d   d|
  |u   2   u   u   u  |
  +-------------------+
* Number of accum. steps   = 40017920 x 10
* Running VMC accumulation.
    [walltime: 1m elapsed, 49m23s remaining]
  Done. [total walltime: 50m20s]
* Acceptance ratio (%)     =   2.5082
* Etot/t                   =  -2.524165377038E+01 +/-   4.734443177412E-04
  > Ttot/t                 =  -4.584879517205E+01 +/-   3.577927314055E-03
  > Utot/t                 =   2.060714140065E+01 +/-   3.695311638476E-03
* var[Eloc/t]              =   7.011458243244E+00 +/-   2.178713488114E-02
* Correlation length       =   1.279334102593E+00
* log10 Psi^2 range: 7.1797881168553266 -- 36.420083336338941
* log10 Pgen range : 7.1797881168553266 -- 36.420083336338941
* Site occupation (ave. no. electrons per config.):
  > Site_  ___eu____  ___ed____
      1        0.507      0.493
      2        0.493      0.507
      3        0.507      0.492
      4        0.492      0.507
      5        0.507      0.493
      6        0.493      0.507
      7        0.507      0.493
      8        0.493      0.507
      9        0.507      0.493
     10        0.493      0.507
     11        0.493      0.507
     12        0.507      0.493
     13        0.493      0.507
     14        0.507      0.493
     15        0.492      0.507
     16        0.507      0.493
     17        0.493      0.507
     18        0.508      0.493
     19        0.493      0.507
     20        0.507      0.493
     21        0.507      0.493
     22        0.493      0.507
     23        0.507      0.493
     24        0.493      0.507
     25        0.507      0.493
     26        0.493      0.507
     27        0.507      0.493
     28        0.493      0.507
     29        0.507      0.493
     30        0.492      0.508
     31        0.493      0.507
     32        0.507      0.493
     33        0.493      0.507
     34        0.508      0.492
     35        0.493      0.508
     36        0.507      0.492
     37        0.493      0.507
     38        0.508      0.492
     39        0.493      0.507
     40        0.508      0.492
     41        0.507      0.493
     42        0.493      0.507
     43        0.508      0.493
     44        0.493      0.507
     45        0.507      0.493
     46        0.493      0.507
     47        0.507      0.493
     48        0.493      0.508
     49        0.507      0.493
     50        0.493      0.507
* Pair-correlation analysis (ave. no. pairs per config.):
  > Shell  nsite  ___dh____  __eueu___  __eued___
      0      1        0          0          2.575
      1      4        2.542     13.188     84.572
      2      4        0.614     82.690     17.133
      3      4        0.577     82.890     17.044
      4      8        1.112     34.041    165.893
      5      4        0.536     82.917     17.076
      6      4        0.537     17.094     82.899
      7      8        1.069    165.813     34.178
      8      4        0.533     17.090     82.906
      9      4        0.532     82.911     17.091
     10      4        0.534     17.094     82.905
     11      1        0.133      4.272     20.727

Optimization #11:
* Method          : lls
* Target function : energy
* No. of configs. : 1000448
* No. of params.  : 77
* Before optimization:
  -9.7236E-01   1.1389E-01   2.3290E-01   1.6676E-01   1.1466E-01   8.4602E-02
   5.7638E-02   5.1618E-02   4.4655E-02  -6.0718E-03   7.6494E-03  -2.5310E-02
  -1.5599E-01  -9.0376E-02  -7.0109E-02  -7.6088E-02  -6.0386E-02  -4.2867E-02
  -9.4376E-02  -8.8386E-03  -3.8774E-02  -2.1840E-02  -5.7416E-02  -3.2500E-02
  -1.6120E-02  -1.3708E-02  -4.0885E-02   3.5198E-02   1.6082E-02  -6.8623E-04
  -2.1049E-02  -1.5293E-02   3.6209E-02   1.1541E-01   2.7608E-03   6.6678E-03
  -3.4314E-03  -2.2667E-03   9.1009E-04   6.5263E-04  -2.8110E-04  -1.4415E-04
  -7.8397E-04  -1.6654E-03   3.9046E-02   1.5774E-02   5.9138E-03   2.8454E-03
  -2.9736E-03   8.5131E-04  -1.0352E-03  -5.3970E-03   1.7509E-03  -1.4765E-03
   2.0159E-03   1.1616E+00  -3.7625E-01  -1.3496E-01   1.0432E-01   6.8636E-02
   3.4804E-02   6.6002E-02  -1.5527E-01   1.4753E-02  -5.6283E-02   2.7882E-02
   6.2504E-01   1.1985E-02  -9.4134E-03   2.1392E-01  -2.2624E-02  -9.4418E-03
   6.5435E-03  -2.5694E-01   1.8525E-02  -5.0227E-02   3.6401E-02
  > E    =  -2.524446044105E+01 +/-   2.630386963760E-03
  > varE =   6.922035262259E+00
* Computing derivatives.
    [walltime: 1m1s elapsed, 24m12s remaining]
  Done. [total walltime: 25m7s]
* Optimizing manipulation constant:
  #igrid a___________ E____________________________________ varE____________
     1     Infinity    -2.52444604E+01 +/-   2.63038696E-03   6.92203526E+00
     2     1.0000E+06  -2.52444607E+01 +/-   2.63038501E-03   6.92202499E+00
     3     2.1544E+05  -2.52444589E+01 +/-   2.63035882E-03   6.92188712E+00
     4     4.6416E+04  -2.52443969E+01 +/-   2.62984468E-03   6.91918143E+00
     5     1.0000E+04  -2.52418620E+01 +/-   2.62064944E-03   6.87088025E+00
     6     2.1544E+03  -2.44899115E+01 +/-   3.61395124E-03   1.30664948E+01
     7     4.6416E+02 (error)
     8     1.0000E+02 (error)
     9     2.1544E+01 (error)
    10     4.6416E+00 (error)
    11     1.0000E+00 (error)
    12     2.1544E-01 (error)
    13     4.6416E-02 (error)
    14     1.0000E-02 (error)
    15     2.1544E-03 (error)
    16     4.6416E-04 (error)
    17     1.0000E-04 (error)
    18     2.1544E-05 (error)
    19     4.6416E-06 (error)
    20     1.0000E-06 (error)
    21     0.0000E+00 (error)
  ParMin   1.8016E+06  -2.52444606E+01 +/-   2.63038616E-03   6.92203103E+00
  # Using grid point #2
* Iteration # 1: E =  -2.524446065298E+01 +/-   2.630385012830E-03
* Convergence: exiting.
* After optimization:
  -9.7069E-01   1.1389E-01   2.3290E-01   1.6676E-01   1.1466E-01   8.4603E-02
   5.7637E-02   5.1618E-02   4.4655E-02  -6.0717E-03   7.6494E-03  -2.5309E-02
  -1.5599E-01  -9.0376E-02  -7.0109E-02  -7.6088E-02  -6.0386E-02  -4.2866E-02
  -9.4376E-02  -8.8385E-03  -3.8774E-02  -2.1840E-02  -5.7416E-02  -3.2500E-02
  -1.6120E-02  -1.3708E-02  -4.0885E-02   3.5198E-02   1.6082E-02  -6.8625E-04
  -2.1049E-02  -1.5293E-02   3.6179E-02   1.1532E-01   2.7586E-03   6.6622E-03
  -3.4285E-03  -2.2648E-03   9.0934E-04   6.5207E-04  -2.8085E-04  -1.4402E-04
  -7.8332E-04  -1.6640E-03   3.9014E-02   1.5761E-02   5.9089E-03   2.8431E-03
  -2.9711E-03   8.5061E-04  -1.0344E-03  -5.3925E-03   1.7494E-03  -1.4753E-03
   2.0142E-03   1.1616E+00  -3.7625E-01  -1.3496E-01   1.0432E-01   6.8637E-02
   3.4804E-02   6.6002E-02  -1.5527E-01   1.4753E-02  -5.6283E-02   2.7883E-02
   6.2504E-01   1.1986E-02  -9.4130E-03   2.1392E-01  -2.2624E-02  -9.4417E-03
   6.5434E-03  -2.5694E-01   1.8525E-02  -5.0227E-02   3.6401E-02
  > Energy =  -2.524446065298E+01 +/-   2.630385012830E-03
  > varE =   6.922024994264E+00

VMC #12:
* Size of Hilbert space =   1.5980E+28
* Number of equil. steps   = 1000
* Running VMC equilibration.
  Done. [total walltime: 2.87s]
* Equil. acc.ratio (%)     =   2.8693
* Sample config after equilibration:
  +-------------------+
  |  d   d   d   d   d|
  |u   u   u   u   u  |
  |  d   d   d   d   d|
  |u   u   2   u   u  |
  |  d   d   0   u   d|
  |u   u   u   0   2  |
  |  d   d   d   d   d|
  |u   u   u   u   u  |
  |  2   d   d   d   d|
  |u   0   u   u   u  |
  +-------------------+
* Number of accum. steps   = 40017920 x 10
* Running VMC accumulation.
    [walltime: 1m elapsed, 49m33s remaining]
  Done. [total walltime: 50m20s]
* Acceptance ratio (%)     =   2.5078
* Etot/t                   =  -2.524012210777E+01 +/-   4.743086219335E-04
  > Ttot/t                 =  -4.584086077635E+01 +/-   3.569625797947E-03
  > Utot/t                 =   2.060073866908E+01 +/-   8.308562737117E-03
* var[Eloc/t]              =   6.954489254340E+00 +/-   1.535194683897E-02
* Correlation length       =   1.294527586846E+00
* log10 Psi^2 range: 6.6443171973011044 -- 36.420126349571142
* log10 Pgen range : 6.6443171973011044 -- 36.420126349571142
* Site occupation (ave. no. electrons per config.):
  > Site_  ___eu____  ___ed____
      1        0.505      0.495
      2        0.495      0.504
      3        0.505      0.495
      4        0.495      0.504
      5        0.504      0.496
      6        0.496      0.504
      7        0.504      0.495
      8        0.495      0.505
      9        0.504      0.495
     10        0.495      0.504
     11        0.496      0.505
     12        0.504      0.496
     13        0.495      0.504
     14        0.505      0.496
     15        0.495      0.504
     16        0.505      0.495
     17        0.496      0.504
     18        0.504      0.496
     19        0.496      0.504
     20        0.504      0.496
     21        0.505      0.495
     22        0.496      0.504
     23        0.504      0.496
     24        0.496      0.504
     25        0.504      0.495
     26        0.496      0.505
     27        0.505      0.496
     28        0.495      0.505
     29        0.504      0.496
     30        0.496      0.504
     31        0.495      0.505
     32        0.505      0.496
     33        0.495      0.504
     34        0.504      0.495
     35        0.496      0.505
     36        0.504      0.495
     37        0.495      0.505
     38        0.504      0.495
     39        0.496      0.504
     40        0.504      0.496
     41        0.505      0.495
     42        0.496      0.505
     43        0.504      0.495
     44        0.496      0.505
     45        0.504      0.496
     46        0.496      0.505
     47        0.504      0.495
     48        0.495      0.504
     49        0.504      0.496
     50        0.496      0.504
* Pair-correlation analysis (ave. no. pairs per config.):
  > Shell  nsite  ___dh____  __eueu___  __eued___
      0      1        0          0          2.573
      1      4        2.538     13.178     84.584
      2      4        0.613     82.702     17.121
      3      4        0.578     82.898     17.035
      4      8        1.110     34.023    165.912
      5      4        0.534     82.926     17.068
      6      4        0.534     17.085     82.910
      7      8        1.068    165.835     34.155
      8      4        0.533     17.079     82.916
      9      4        0.532     82.919     17.082
     10      4        0.533     17.085     82.913
     11      1        0.133      4.270     20.730

Optimization #12:
* Method          : lls
* Target function : energy
* No. of configs. : 1000448
* No. of params.  : 77
* Before optimization:
  -9.7069E-01   1.1389E-01   2.3290E-01   1.6676E-01   1.1466E-01   8.4603E-02
   5.7637E-02   5.1618E-02   4.4655E-02  -6.0717E-03   7.6494E-03  -2.5309E-02
  -1.5599E-01  -9.0376E-02  -7.0109E-02  -7.6088E-02  -6.0386E-02  -4.2866E-02
  -9.4376E-02  -8.8385E-03  -3.8774E-02  -2.1840E-02  -5.7416E-02  -3.2500E-02
  -1.6120E-02  -1.3708E-02  -4.0885E-02   3.5198E-02   1.6082E-02  -6.8625E-04
  -2.1049E-02  -1.5293E-02   3.6179E-02   1.1532E-01   2.7586E-03   6.6622E-03
  -3.4285E-03  -2.2648E-03   9.0934E-04   6.5207E-04  -2.8085E-04  -1.4402E-04
  -7.8332E-04  -1.6640E-03   3.9014E-02   1.5761E-02   5.9089E-03   2.8431E-03
  -2.9711E-03   8.5061E-04  -1.0344E-03  -5.3925E-03   1.7494E-03  -1.4753E-03
   2.0142E-03   1.1616E+00  -3.7625E-01  -1.3496E-01   1.0432E-01   6.8637E-02
   3.4804E-02   6.6002E-02  -1.5527E-01   1.4753E-02  -5.6283E-02   2.7883E-02
   6.2504E-01   1.1986E-02  -9.4130E-03   2.1392E-01  -2.2624E-02  -9.4417E-03
   6.5434E-03  -2.5694E-01   1.8525E-02  -5.0227E-02   3.6401E-02
  > E    =  -2.523572446372E+01 +/-   2.611520546235E-03
  > varE =   6.823094941130E+00
* Computing derivatives.
    [walltime: 1m1s elapsed, 24m36s remaining]
  Done. [total walltime: 25m12s]
* Optimizing manipulation constant:
  #igrid a___________ E____________________________________ varE____________
     1     Infinity    -2.52357245E+01 +/-   2.61152055E-03   6.82309494E+00
     2     1.0000E+06  -2.52357248E+01 +/-   2.61151983E-03   6.82309120E+00
     3     2.1544E+05  -2.52357257E+01 +/-   2.61151607E-03   6.82307153E+00
     4     4.6416E+04  -2.52357268E+01 +/-   2.61147487E-03   6.82285629E+00
     5     1.0000E+04  -2.52356536E+01 +/-   2.61077164E-03   6.81918220E+00
     6     2.1544E+03  -2.52317446E+01 +/-   2.59934946E-03   6.75964458E+00
     7     4.6416E+02  -2.37737967E+01 +/-   4.44437579E-03   1.97613253E+01
     8     1.0000E+02 (error)
     9     2.1544E+01 (error)
    10     4.6416E+00 (error)
    11     1.0000E+00 (error)
    12     2.1544E-01 (error)
    13     4.6416E-02 (error)
    14     1.0000E-02 (error)
    15     2.1544E-03 (error)
    16     4.6416E-04 (error)
    17     1.0000E-04 (error)
    18     2.1544E-05 (error)
    19     4.6416E-06 (error)
    20     1.0000E-06 (error)
    21     0.0000E+00 (error)
  ParMin   9.7564E+04  -2.52357267E+01 +/-   2.61150673E-03   6.82302276E+00
  # Using grid point #4
* Iteration # 1: E =  -2.523572676748E+01 +/-   2.611474873843E-03
* Convergence: exiting.
* After optimization:
  -9.6170E-01   1.1388E-01   2.3290E-01   1.6676E-01   1.1466E-01   8.4601E-02
   5.7635E-02   5.1617E-02   4.4653E-02  -6.0731E-03   7.6477E-03  -2.5310E-02
  -1.5598E-01  -9.0373E-02  -7.0108E-02  -7.6087E-02  -6.0385E-02  -4.2866E-02
  -9.4374E-02  -8.8362E-03  -3.8773E-02  -2.1840E-02  -5.7414E-02  -3.2498E-02
  -1.6119E-02  -1.3707E-02  -4.0884E-02   3.5200E-02   1.6083E-02  -6.8521E-04
  -2.1049E-02  -1.5292E-02   3.6019E-02   1.1481E-01   2.7461E-03   6.6307E-03
  -3.4136E-03  -2.2542E-03   9.0539E-04   6.4888E-04  -2.7937E-04  -1.4355E-04
  -7.7988E-04  -1.6564E-03   3.8843E-02   1.5692E-02   5.8829E-03   2.8306E-03
  -2.9581E-03   8.4711E-04  -1.0301E-03  -5.3686E-03   1.7411E-03  -1.4691E-03
   2.0052E-03   1.1616E+00  -3.7626E-01  -1.3497E-01   1.0432E-01   6.8644E-02
   3.4803E-02   6.6000E-02  -1.5528E-01   1.4744E-02  -5.6282E-02   2.7890E-02
   6.2506E-01   1.1996E-02  -9.4062E-03   2.1392E-01  -2.2615E-02  -9.4400E-03
   6.5423E-03  -2.5695E-01   1.8516E-02  -5.0229E-02   3.6406E-02
  > Energy =  -2.523572676748E+01 +/-   2.611474873843E-03
  > varE =   6.822856287567E+00

VMC #13:
* Size of Hilbert space =   1.5980E+28
* Number of equil. steps   = 1000
* Running VMC equilibration.
  Done. [total walltime: 2.86s]
* Equil. acc.ratio (%)     =   2.8961
* Sample config after equilibration:
  +-------------------+
  |  d   d   d   d   d|
  |u   u   u   d   u  |
  |  d   d   u   d   d|
  |u   u   u   u   u  |
  |  d   d   d   d   0|
  |2   u   u   u   u  |
  |  d   d   d   d   d|
  |u   u   u   u   d  |
  |  d   d   d   d   u|
  |u   u   u   u   u  |
  +-------------------+
* Number of accum. steps   = 40017920 x 10
* Running VMC accumulation.
    [walltime: 1m elapsed, 49m12s remaining]
  Done. [total walltime: 50m7s]
* Acceptance ratio (%)     =   2.5054
* Etot/t                   =  -2.524078374031E+01 +/-   4.729520022356E-04
  > Ttot/t                 =  -4.582882309631E+01 +/-   3.579636998780E-03
  > Utot/t                 =   2.058803935837E+01 +/-   3.774925445858E-03
* var[Eloc/t]              =   6.981963526266E+00 +/-   3.814565964068E-02
* Correlation length       =   1.282068036179E+00
* log10 Psi^2 range: 7.6144416045310335 -- 36.422314874113191
* log10 Pgen range : 7.6144416045310335 -- 36.422314874113191
* Site occupation (ave. no. electrons per config.):
  > Site_  ___eu____  ___ed____
      1        0.499      0.501
      2        0.501      0.499
      3        0.500      0.500
      4        0.500      0.499
      5        0.499      0.501
      6        0.500      0.500
      7        0.499      0.500
      8        0.500      0.499
      9        0.499      0.500
     10        0.501      0.499
     11        0.501      0.499
     12        0.500      0.501
     13        0.500      0.500
     14        0.500      0.500
     15        0.500      0.499
     16        0.500      0.500
     17        0.500      0.499
     18        0.500      0.501
     19        0.500      0.499
     20        0.499      0.501
     21        0.499      0.501
     22        0.501      0.499
     23        0.500      0.501
     24        0.500      0.499
     25        0.499      0.501
     26        0.500      0.500
     27        0.499      0.501
     28        0.501      0.499
     29        0.499      0.501
     30        0.500      0.499
     31        0.501      0.500
     32        0.499      0.500
     33        0.500      0.499
     34        0.500      0.500
     35        0.501      0.500
     36        0.499      0.501
     37        0.501      0.498
     38        0.499      0.501
     39        0.501      0.499
     40        0.499      0.501
     41        0.500      0.500
     42        0.501      0.499
     43        0.500      0.500
     44        0.500      0.500
     45        0.500      0.501
     46        0.500      0.500
     47        0.500      0.501
     48        0.500      0.500
     49        0.499      0.501
     50        0.501      0.500
* Pair-correlation analysis (ave. no. pairs per config.):
  > Shell  nsite  ___dh____  __eueu___  __eued___
      0      1        0          0          2.572
      1      4        2.538     13.170     84.593
      2      4        0.614     82.713     17.108
      3      4        0.576     82.911     17.025
      4      8        1.108     33.997    165.938
      5      4        0.534     82.940     17.053
      6      4        0.535     17.073     82.920
      7      8        1.066    165.862     34.130
      8      4        0.533     17.065     82.930
      9      4        0.531     82.931     17.070
     10      4        0.533     17.072     82.926
     11      1        0.132      4.267     20.734

VDAGGER finished.
Total VDAGGER walltime: 19h23m

Run ended: Mon Feb  2 14:49:04 CET 2026
