 # List of sign-inconsistent amplitudes in the trial wave function.
 # (Det. Index, FCI Amp., Trial Wfn. Amp., Occupation Numbers ...)

  33321 -7.81131493190E-03  1.86711002765E-04    1  4  5 10 12 13 16 17 18 19
  33322  7.81131459785E-03 -1.86714519546E-04    2  4  5  9 12 13 14 15 18 19
  33323  7.81131430817E-03 -1.86714519546E-04    1  3  6 10 11 13 14 16 17 20
  33324 -7.81131297861E-03  1.86693020253E-04    3  4  5  8 10 11 14 15 17 20
  33325 -7.81131242864E-03  1.86711763711E-04    3  6  7 10 12 14 15 17 19 20
  33326 -7.81131213897E-03  1.86711763711E-04    4  5  8  9 11 13 16 18 19 20
  33327 -7.81130519990E-03  1.86711002765E-04    2  3  6  9 11 14 15 17 18 20
  33328 -7.81130324662E-03  1.86693020253E-04    3  4  6  7  9 12 13 16 18 19
  36757 -5.98446446983E-03  2.85632319778E-05    1  2  3  6  7 10 12 14 15 17
  36758  5.98446319922E-03 -2.85647500704E-05    2  4  5  7  8  9 12 15 18 19
  36759 -5.98446114170E-03  2.85603779522E-05    1  2  5  8 10 11 14 15 17 20
  36760 -5.98445857328E-03  2.85651168289E-05    1  4  5  7  8 10 12 13 16 19
  36761 -5.98445847212E-03  2.85632319778E-05    1  2  4  5  8  9 11 13 16 18
  36762  5.98445720150E-03 -2.85647500704E-05    1  3  6  7  8 10 11 16 17 20
  36763 -5.98444437980E-03  2.85603779522E-05    1  2  6  7  9 12 13 16 18 19
  36764 -5.98444181138E-03  2.85651168289E-05    2  3  6  7  8  9 11 14 15 20
  38665  5.06563101914E-03 -6.76157630605E-04    1  2  3  6 10 12 13 14 15 17
  38666  5.06562938886E-03 -6.76158392342E-04    4  5  7  8  9 12 15 18 19 20
  38667 -5.06562577956E-03  6.76157630605E-04    1  2  4  5  9 11 13 14 16 18
  38668 -5.06562414927E-03  6.76158392342E-04    3  6  7  8 10 11 16 17 19 20
  38669  5.06562339463E-03 -6.76073132499E-04    1  2  5 10 11 14 15 17 18 20
  38670 -5.06562187929E-03  6.76073132499E-04    1  2  6  9 12 13 16 17 18 19
  38671  5.06562136922E-03 -6.76144902963E-04    3  4  5  7  8 10 12 13 16 19
  38672 -5.06561985387E-03  6.76144902963E-04    3  4  6  7  8  9 11 14 15 20
  40029 -4.57980387658E-03  4.40737950703E-04    2  4  5  9 12 13 14 15 17 18
  40030  4.57980246862E-03 -4.40738740650E-04    3  4  6  7 10 12 15 17 19 20
  40031  4.57979781326E-03 -4.40737950703E-04    1  3  6 10 11 13 14 16 17 18
  40032  4.57979673054E-03 -4.40738220165E-04    1  5 10 12 13 14 16 17 18 19
  40033 -4.57979640531E-03  4.40738740650E-04    3  4  5  8  9 11 16 18 19 20
  40034 -4.57979537017E-03  4.40684032012E-04    3  4  5  8 10 11 14 15 19 20
  40035 -4.57978939161E-03  4.40738220165E-04    2  6  9 11 13 14 15 17 18 20
  40036  4.57978803124E-03 -4.40684032012E-04    3  4  6  7  9 12 13 16 19 20
  40077 -4.56408641361E-03  8.88753522912E-04    1  2  3  6 10 11 13 14 16 17
  40078  4.56408589843E-03 -8.88753522912E-04    1  2  4  5  9 12 13 14 15 18
  40079 -4.56408460073E-03  8.88754381599E-04    4  5  7  8  9 11 16 18 19 20
  40080  4.56408408554E-03 -8.88754381599E-04    3  6  7  8 10 12 15 17 19 20
  40081  4.56408116942E-03 -8.88735359581E-04    1  2  5 10 12 13 16 17 18 19
  40082  4.56407936798E-03 -8.88643644970E-04    3  4  5  7  8 10 11 14 15 20
  40083 -4.56407628504E-03  8.88735359581E-04    1  2  6  9 11 14 15 17 18 20
  40084 -4.56407448360E-03  8.88643644970E-04    3  4  6  7  8  9 12 13 16 19
  40157  4.53452575348E-03 -2.53690027245E-03    1  2  6  9 10 12 13 14 15 17
  40158 -4.53452424205E-03  2.53685922016E-03    4  5  6  7  8  9 12 15 19 20
  40159  4.53452262668E-03 -2.53690027245E-03    1  2  5  9 10 11 13 14 16 18
  40160 -4.53452111525E-03  2.53685922016E-03    3  5  6  7  8 10 11 16 19 20
  40161  4.53451980472E-03 -2.53658278548E-03    1  2  5 10 11 14 15 16 17 18
  40162  4.53451719741E-03 -2.53690225683E-03    3  4  5  7  8 10 11 12 16 19
  40163  4.53450916626E-03 -2.53658278548E-03    1  2  6  9 12 13 15 16 17 18
  40164  4.53450655895E-03 -2.53690225683E-03    3  4  6  7  8  9 11 12 15 20
  41637 -3.99259253456E-03  1.59787791630E-03    2  3  5 10 11 12 14 15 18 19
  41638  3.99258964063E-03 -1.59787980038E-03    3  5  7 10 12 14 15 16 18 19
  41639 -3.99258834646E-03  1.59787791630E-03    1  4  6  9 11 12 13 16 17 20
  41640  3.99258545252E-03 -1.59787980038E-03    4  6  8  9 11 13 15 16 17 20
  41641 -3.99257198174E-03  1.59807870432E-03    2  3  5  6  9 11 14 16 18 19
  41642 -3.99257053527E-03  1.59807870432E-03    1  4  5  6 10 12 13 15 17 20
  41643  3.99256885623E-03 -1.59804842508E-03    3  6  7  9 10 11 14 16 18 19
  41644  3.99256740977E-03 -1.59804842508E-03    4  5  8  9 10 12 13 15 17 20
  41985 -3.86822875681E-03  2.85771697958E-03    1  2  3 10 11 13 14 16 17 18
  41986 -3.86822825235E-03  2.85771697958E-03    1  2  4  9 12 13 14 15 17 18
  41987  3.86822678051E-03 -2.85730704478E-03    3  4  5  7  8 11 16 18 19 20
  41988  3.86822627605E-03 -2.85730704478E-03    3  4  6  7  8 12 15 17 19 20
  41989  3.86822253233E-03 -2.85730619625E-03    1  2  5 10 13 14 16 17 18 19
  41990  3.86822028229E-03 -2.85695004091E-03    3  4  5  7  8 10 11 14 19 20
  41991  3.86821359937E-03 -2.85730619625E-03    1  2  6  9 13 14 15 17 18 20
  41992  3.86821134934E-03 -2.85695004091E-03    3  4  6  7  8  9 12 13 19 20
  42057  3.85180809110E-03 -3.11769423925E-04    2  3  6  7 10 12 13 14 15 17
  42058  3.85180669974E-03 -3.11770397687E-04    2  4  5  7  9 12 15 18 19 20
  42059  3.85180292059E-03 -3.11730574557E-04    1  5  8 10 11 14 15 17 18 20
  42060  3.85180117379E-03 -3.11769423925E-04    1  4  5  8  9 11 13 14 16 18
  42061  3.85180114753E-03 -3.11764716990E-04    1  3  4  5  8 10 12 13 16 19
  42062  3.85179978243E-03 -3.11770397687E-04    1  3  6  8 10 11 16 17 19 20
  42063  3.85179469517E-03 -3.11730574557E-04    2  6  7  9 12 13 16 17 18 19
  42064  3.85179292210E-03 -3.11764716990E-04    2  3  4  6  7  9 11 14 15 20
  42777  3.63562872894E-03 -3.60226870222E-04    1  2  6  7 10 12 13 14 15 17
  42778 -3.63562789813E-03  3.60227507848E-04    2  4  5  7  8  9 12 15 19 20
  42779 -3.63562485825E-03  3.60226870222E-04    1  2  5  8  9 11 13 14 16 18
  42780  3.63562402745E-03 -3.60227507848E-04    1  3  6  7  8 10 11 16 19 20
  42781 -3.63562268910E-03  3.60181866734E-04    1  2  5  8 10 11 14 15 17 18
  42782  3.63562096133E-03 -3.60228148449E-04    1  3  4  5  7  8 10 12 16 19
  42783  3.63560963597E-03 -3.60181866734E-04    1  2  6  7  9 12 13 16 17 18
  42784 -3.63560790820E-03  3.60228148449E-04    2  3  4  6  7  8  9 11 15 20
  43985 -3.21520946048E-03  2.69115403443E-03    1  2  3  6  9 10 12 14 15 17
  43986  3.21520937185E-03 -2.69087314741E-03    1  2  5 10 11 14 15 16 17 20
  43987  3.21520829474E-03 -2.69116612718E-03    4  5  6  7  8  9 12 15 18 19
  43988  3.21520734353E-03 -2.69115558241E-03    4  5  7  8 10 11 12 13 16 19
  43989  3.21520479108E-03 -2.69115403443E-03    1  2  4  5  9 10 11 13 16 18
  43990 -3.21520362533E-03  2.69116612718E-03    3  5  6  7  8 10 11 16 17 20
  43991 -3.21519312853E-03  2.69087314741E-03    1  2  6  9 12 13 15 16 18 19
  43992 -3.21519110020E-03  2.69115558241E-03    3  6  7  8  9 11 12 14 15 20
  44141  3.14821886706E-03 -6.22604229585E-04    1  3  6  8 10 11 13 14 16 17
  44142  3.14821729857E-03 -6.22605315135E-04    1  4  5  8  9 11 16 18 19 20
  44143  3.14821567368E-03 -6.22604229585E-04    2  4  5  7  9 12 13 14 15 18
  44144  3.14821410519E-03 -6.22605315135E-04    2  3  6  7 10 12 15 17 19 20
  44145  3.14821220581E-03 -6.22591660306E-04    1  5  8 10 12 13 16 17 18 19
  44150  3.14821055115E-03 -6.22528089034E-04    1  3  4  5  8 10 11 14 15 20
  44151  3.14820712925E-03 -6.22591660306E-04    2  6  7  9 11 14 15 17 18 20
  44156  3.14820547459E-03 -6.22528089034E-04    2  3  4  6  7  9 12 13 16 19
  44221  3.13020768954E-03 -9.63403376007E-04    2  3  6  9 10 11 12 14 15 17
  44222 -3.13020684833E-03  9.63403376007E-04    1  4  5  9 10 11 12 13 16 18
  44223  3.13020662030E-03 -9.63407995833E-04    4  5  6  7  9 12 15 16 18 19
  44224 -3.13020602187E-03  9.63423536367E-04    1  5  6 10 11 14 15 16 17 20
  44225 -3.13020577909E-03  9.63407995833E-04    3  5  6  8 10 11 15 16 17 20
  44226 -3.13020464565E-03  9.63404490578E-04    4  5  8  9 10 11 12 13 16 19
  44227  3.13019737055E-03 -9.63423536367E-04    2  5  6  9 12 13 15 16 18 19
  44228  3.13019599433E-03 -9.63404490578E-04    3  6  7  9 10 11 12 14 15 20
  44245  3.11759066996E-03 -2.96594673564E-03    1  2  4  9 12 13 14 15 18 19
  44246 -3.11758909475E-03  2.96545917194E-03    3  6  7  8 12 14 15 17 19 20
  44247 -3.11758695122E-03  2.96594673564E-03    1  2  3 10 11 13 14 16 17 20
  44248  3.11758592800E-03 -2.96545853458E-03    1  2  4  5 10 13 16 17 18 19
  44249  3.11758537602E-03 -2.96545917194E-03    4  5  7  8 11 13 16 18 19 20
  44250  3.11758428649E-03 -2.96515020980E-03    3  4  5  7  8 10 11 14 17 20
  44251 -3.11757164410E-03  2.96545853458E-03    1  2  3  6  9 14 15 17 18 20
  44252 -3.11757000259E-03  2.96515020980E-03    3  4  6  7  8  9 12 13 18 19
  45061  2.91260436496E-03 -1.87530144654E-04    2  3  5  6  7  9 11 14 18 20
  45062  2.91260372646E-03 -1.87507147850E-04    2  3  6  7  9 10 13 16 18 19
  45063  2.91260369080E-03 -1.87530144654E-04    1  4  5  6  8 10 12 13 17 19
  45064  2.91260305230E-03 -1.87507147850E-04    1  4  5  8  9 10 14 15 17 20
  45065  2.91260240660E-03 -1.87506610620E-04    2  4  5  7 11 12 14 15 18 19
  45066  2.91260186284E-03 -1.87530445631E-04    2  3  7 10 12 14 15 16 17 19
  45067  2.91258859074E-03 -1.87506610620E-04    1  3  6  8 11 12 13 16 17 20
  45068  2.91258804699E-03 -1.87530445631E-04    1  4  8  9 11 13 15 16 18 20
  45121  2.89633950899E-03 -1.31294062828E-03    2  3  6  7 10 11 12 14 15 19
  45122 -2.89633882542E-03  1.31280405068E-03    2  5  7  9 12 14 15 16 18 19
  45123  2.89633457914E-03 -1.31294062828E-03    1  4  5  8  9 11 12 13 16 20
  45124  2.89633434407E-03 -1.31294621155E-03    1  4  5  6  8 10 11 15 17 20
  45125 -2.89633389558E-03  1.31280405068E-03    1  6  8 10 11 13 15 16 17 20
  45126  2.89633329291E-03 -1.31294168139E-03    1  4  5  8  9 10 12 13 16 17
  45127  2.89632171524E-03 -1.31294621155E-03    2  3  5  6  7  9 12 16 18 19
  45128  2.89632066407E-03 -1.31294168139E-03    2  3  6  7  9 10 11 14 15 18
  45347  2.82343279538E-03 -6.73881724896E-05    3  4  5  7  8  9 11 12 14 20
  45348  2.82343241931E-03 -6.73881724896E-05    3  4  6  7  8 10 11 12 13 19
  45349  2.82343227451E-03 -6.73883164256E-05    1  2  6 10 13 15 16 17 18 19
  45350  2.82343189843E-03 -6.73883164256E-05    1  2  5  9 14 15 16 17 18 20
  45351 -2.82343080752E-03  6.73956981665E-05    3  5  6  7  8 12 16 17 19 20
  45352 -2.82343072275E-03  6.74065026742E-05    1  2  4  9 10 11 13 14 15 18
  45353 -2.82343054545E-03  6.73956981665E-05    4  5  6  7  8 11 15 18 19 20
  45354 -2.82343046067E-03  6.74065026742E-05    1  2  3  9 10 12 13 14 16 17
  45511  2.79086863070E-03 -1.27487407832E-03    1  2  3  6 10 12 13 14 15 19
  45512  2.79086767533E-03 -1.27471491238E-03    5  7  8  9 12 14 15 18 19 20
  45513 -2.79086417465E-03  1.27487407832E-03    1  2  4  5  9 11 13 14 16 20
  45514 -2.79086321929E-03  1.27471491238E-03    6  7  8 10 11 13 16 17 19 20
  45515 -2.79086109686E-03  1.27487414415E-03    1  2  3  6  9 12 16 17 18 19
  45516 -2.79086000885E-03  1.27484840327E-03    3  4  6  7  8  9 11 14 15 18
  45517  2.79085950912E-03 -1.27487414415E-03    1  2  4  5 10 11 15 17 18 20
  45518  2.79085842110E-03 -1.27484840327E-03    3  4  5  7  8 10 12 13 16 17
  45579 -2.75667890581E-03  5.09084478171E-06    2  4  5  7  8 13 15 16 19 20
  45580 -2.75667846484E-03  5.09188133563E-06    1  2  7 10 11 12 13 14 17 20
  45581  2.75667799543E-03 -5.09057893399E-06    2  3  4  7  8  9 10 11 17 20
  45582  2.75667763008E-03 -5.09057893399E-06    1  3  4  7  8  9 10 12 18 19
  45583 -2.75667718076E-03  5.09106051579E-06    1  2  4  5  6  7 13 16 17 18
  45584 -2.75667689131E-03  5.09084478171E-06    1  3  6  7  8 14 15 16 19 20
  45585 -2.75667681541E-03  5.09106051579E-06    1  2  3  5  6  8 14 15 17 18
  45586 -2.75667645035E-03  5.09188133563E-06    1  2  8  9 11 12 13 14 18 19
  46339 -2.57173301088E-03  5.78839559620E-04    4  6  7  8  9 10 11 12 13 19
  46340 -2.57173271705E-03  5.78839559620E-04    3  5  7  8  9 10 11 12 14 20
  46341 -2.57173234899E-03  5.78912328725E-04    1  2  5  6  9 14 15 16 17 20
  46342 -2.57173205516E-03  5.78912328725E-04    1  2  5  6 10 13 15 16 18 19
  46343 -2.57173021771E-03  5.78902735499E-04    4  5  6  7  8 11 15 16 18 19
  46344 -2.57172996175E-03  5.78912461774E-04    1  2  3  9 10 11 12 14 16 17
  46345 -2.57172915466E-03  5.78902735499E-04    3  5  6  7  8 12 15 16 17 20
  46346 -2.57172889869E-03  5.78912461774E-04    1  2  4  9 10 11 12 13 15 18
  46511  2.52354237310E-03 -6.45317594402E-04    3  4  7  8  9 11 12 14 17 20
  46512  2.52354176263E-03 -6.45237055494E-04    1  2  4  6 13 15 16 17 18 19
  46513  2.52353944082E-03 -6.45317594402E-04    3  4  7  8 10 11 12 13 18 19
  46514  2.52353908991E-03 -6.45317876629E-04    4  5  6  7  8 13 15 18 19 20
  46515  2.52353887802E-03 -6.45410831459E-04    1  2  3  9 10 12 13 14 17 20
  46516  2.52353883035E-03 -6.45237055494E-04    1  2  3  5 14 15 16 17 18 20
  46517  2.52353806674E-03 -6.45317876629E-04    3  5  6  7  8 14 16 17 19 20
  46518  2.52353785485E-03 -6.45410831459E-04    1  2  4  9 10 11 13 14 18 19
  46839 -2.43795369873E-03  1.53819266273E-03    1  3  4  6  8 10 11 13 17 20
  46840  2.43795272589E-03 -1.53835381706E-03    1  4  5  8  9 13 16 17 18 20
  46841  2.43794859661E-03 -1.53835346551E-03    1  4  5  8 12 13 16 17 19 20
  46842  2.43794775145E-03 -1.53860771218E-03    1  4  8 10 11 13 14 15 17 20
  46843 -2.43794765838E-03  1.53819266273E-03    2  3  4  5  7  9 12 14 18 19
  46844  2.43794668554E-03 -1.53835381706E-03    2  3  6  7 10 14 15 17 18 19
  46845  2.43794009187E-03 -1.53835346551E-03    2  3  6  7 11 14 15 18 19 20
  46846  2.43793924672E-03 -1.53860771218E-03    2  3  7  9 12 13 14 16 18 19
  46947  2.39718160668E-03 -1.47809870620E-03    1  2  3  4  6 10 11 13 16 17
  46948 -2.39718097889E-03  1.47809870620E-03    1  2  3  4  5  9 12 14 15 18
  46949  2.39718074073E-03 -1.47828429852E-03    4  5  7  8  9 11 16 17 18 20
  46950 -2.39718011295E-03  1.47828429852E-03    3  6  7  8 10 12 15 17 18 19
  46951 -2.39717738792E-03  1.47825319558E-03    1  2  5 10 12 13 16 17 19 20
  46952  2.39717689089E-03 -1.47825319558E-03    1  2  6  9 11 14 15 18 19 20
  46953 -2.39717640162E-03  1.47828471091E-03    4  5  7  8 10 11 13 14 15 20
  46954  2.39717590458E-03 -1.47828471091E-03    3  6  7  8  9 12 13 14 16 19
  47035  2.37984508184E-03 -3.56348897066E-04    1  2  3  5 10 11 12 14 18 19
  47036 -2.37984400040E-03  3.56348897066E-04    1  2  4  6  9 11 12 13 17 20
  47037  2.37984293371E-03 -3.56349793637E-04    3  5  7  8 10 14 15 16 18 19
  47038 -2.37984185226E-03  3.56349793637E-04    4  6  7  8  9 13 15 16 17 20
  47039  2.37983933539E-03 -3.56393889742E-04    1  2  3  5  6 11 14 16 18 19
  47040 -2.37983924356E-03  3.56393889742E-04    1  2  4  5  6 12 13 15 17 20
  47041  2.37983696616E-03 -3.56395310438E-04    3  7  8  9 10 11 14 16 18 19
  47042 -2.37983687433E-03  3.56395310438E-04    4  7  8  9 10 12 13 15 17 20
  47251  2.31579877619E-03 -3.52150567906E-04    2  3  4  5  9 11 12 14 15 18
  47252 -2.31579772132E-03  3.52195057984E-04    3  6  7 10 12 15 16 17 18 19
  47253 -2.31579731111E-03  3.52150567906E-04    1  3  4  6 10 11 12 13 16 17
  47254  2.31579625623E-03 -3.52195057984E-04    4  5  8  9 11 15 16 17 18 20
  47255  2.31579495147E-03 -3.52194831684E-04    1  5  6 10 12 13 16 17 19 20
  47256 -2.31579416857E-03  3.52194831684E-04    2  5  6  9 11 14 15 18 19 20
  47257  2.31579399005E-03 -3.52195348889E-04    4  5  8  9 10 11 13 14 15 20
  47258 -2.31579320715E-03  3.52195348889E-04    3  6  7  9 10 12 13 14 16 19
  47315  2.31002030052E-03 -1.66660941851E-04    2  3  5  6  7 10 12 14 17 19
  47316  2.31001998446E-03 -1.66640325131E-04    2  4  5  7  9 10 14 15 18 19
  47317  2.31001952262E-03 -1.66640077504E-04    1  4  5  8 11 12 14 15 17 20
  47318  2.31001878622E-03 -1.66661528421E-04    1  4  8 10 12 13 15 16 17 19
  47319  2.31001763468E-03 -1.66640077504E-04    2  3  6  7 11 12 13 16 18 19
  47320  2.31001689827E-03 -1.66661528421E-04    2  3  7  9 11 14 15 16 18 20
  47321  2.31000328040E-03 -1.66660941851E-04    1  4  5  6  8  9 11 13 18 20
  47322  2.31000296433E-03 -1.66640325131E-04    1  3  6  8  9 10 13 16 17 20
  47543  2.25091972669E-03 -3.07949162070E-03    2  3  5  7 10 11 12 14 18 19
  47544  2.25091935050E-03 -3.07949162070E-03    1  4  6  8  9 11 12 13 17 20
  47545  2.25091413890E-03 -3.07949477472E-03    2  3  5  7 10 14 15 16 18 19
  47546  2.25091376269E-03 -3.07949477472E-03    1  4  6  8  9 13 15 16 17 20
  47547 -2.25089889123E-03  3.07987856814E-03    2  3  5  6  7 11 14 16 18 19
  47548 -2.25089502232E-03  3.07987856814E-03    1  4  5  6  8 12 13 15 17 20
  47549 -2.25089261963E-03  3.07988360839E-03    2  3  7  9 10 11 14 16 18 19
  47550 -2.25088875071E-03  3.07988360839E-03    1  4  8  9 10 12 13 15 17 20
  47751  2.20301679575E-03 -1.09738440722E-03    2  6  9 10 11 12 13 14 15 17
  47752 -2.20301603003E-03  1.09736661075E-03    4  5  6  7  9 12 15 16 19 20
  47753  2.20301601442E-03 -1.09738440722E-03    1  5  9 10 11 12 13 14 16 18
  47754 -2.20301524870E-03  1.09736661075E-03    3  5  6  8 10 11 15 16 19 20
  47755 -2.20301441951E-03  1.09738450214E-03    1  5  6 10 11 14 15 16 17 18
  47756 -2.20301341489E-03  1.09738522355E-03    3  4  5  8  9 10 11 12 16 19
  47757 -2.20301015406E-03  1.09738450214E-03    2  5  6  9 12 13 15 16 17 18
  47758 -2.20300914944E-03  1.09738522355E-03    3  4  6  7  9 10 11 12 15 20
  47899  2.17547082849E-03 -5.14473182687E-04    1  2  6  9 10 11 12 14 15 19
  47900 -2.17547038897E-03  5.14484317138E-04    5  6  7  8  9 12 14 15 16 19
  47901  2.17546744848E-03 -5.14473182687E-04    1  2  5  9 10 11 12 13 16 20
  47902 -2.17546700897E-03  5.14484317138E-04    5  6  7  8 10 11 13 15 16 20
  47903 -2.17546496948E-03  5.14475404030E-04    1  2  4  5  6 10 11 15 16 17
  47904 -2.17546413405E-03  5.14484632235E-04    4  5  7  8  9 10 11 12 16 17
  47905 -2.17545976152E-03  5.14475404030E-04    1  2  3  5  6  9 12 15 16 18
  47906 -2.17545892608E-03  5.14484632235E-04    3  6  7  8  9 10 11 12 15 18
  47955 -2.16729932270E-03  4.76331990247E-04    1  3  6 10 11 12 13 14 16 17
  47956  2.16729930424E-03 -4.76331990247E-04    2  4  5  9 11 12 13 14 15 18
  47957 -2.16729827854E-03  4.76332322640E-04    4  5  8  9 11 15 16 18 19 20
  47958  2.16729826007E-03 -4.76332322640E-04    3  6  7 10 12 15 16 17 19 20
  47959 -2.16729772157E-03  4.76332143097E-04    1  5  6 10 12 13 16 17 18 19
  47960 -2.16729680718E-03  4.76272908985E-04    3  4  5  8  9 10 11 14 15 20
  47961  2.16729647208E-03 -4.76332143097E-04    2  5  6  9 11 14 15 17 18 20
  47962  2.16729555769E-03 -4.76272908985E-04    3  4  6  7  9 10 12 13 16 19
  48027  2.14700656887E-03 -1.11121340111E-03    1  2  3  8 10 11 13 14 17 20
  48028 -2.14700599226E-03  1.11121340111E-03    1  2  4  7  9 12 13 14 18 19
  48029  2.14700535148E-03 -1.11103060084E-03    1  2  4  5  8 13 16 17 18 19
  48030  2.14700517688E-03 -1.11103102796E-03    1  4  5  7  8 13 16 18 19 20
  48031 -2.14700460027E-03  1.11103102796E-03    2  3  6  7  8 14 15 17 19 20
  48032  2.14700413522E-03 -1.11105454459E-03    1  3  4  7  8 10 11 14 17 20
  48033 -2.14699603754E-03  1.11103060084E-03    1  2  3  6  7 14 15 17 18 20
  48034 -2.14699482127E-03  1.11105454459E-03    2  3  4  7  8  9 12 13 18 19
  48551 -2.03487516485E-03  7.64022815257E-04    1  4  7  8  9 10 13 14 18 19
  48552 -2.03487488010E-03  7.63913184682E-04    1  3  7  8 14 15 16 17 18 20
  48553 -2.03487469808E-03  7.64022815257E-04    2  3  7  8  9 10 13 14 17 20
  48554  2.03487456525E-03 -7.63913504362E-04    1  2  3  4  8 11 12 13 18 19
  48555  2.03487444914E-03 -7.63913371320E-04    1  2  3  5  6  8 14 17 19 20
  48556  2.03487398237E-03 -7.63913371320E-04    1  2  4  5  6  7 13 18 19 20
  48557 -2.03487246451E-03  7.63913184682E-04    2  4  7  8 13 15 16 17 18 19
  48558  2.03487214965E-03 -7.63913504362E-04    1  2  3  4  7 11 12 14 17 20
  48895 -1.97555373833E-03  7.41879330358E-04    1  2  3  4 10 11 13 17 18 20
  48896  1.97555309939E-03 -7.41864333094E-04    3  4  5  7  8 13 16 17 18 20
  48897 -1.97555286041E-03  7.41879330358E-04    1  2  3  4  9 12 14 17 18 19
  48898  1.97555222146E-03 -7.41864333094E-04    3  4  6  7  8 14 15 17 18 19
  48899 -1.97555001857E-03  7.41879500666E-04    1  2  4  5 13 14 16 17 19 20
  48900 -1.97554928670E-03  7.41986878214E-04    4  7  8 10 11 13 14 17 19 20
  48901 -1.97554404205E-03  7.41879500666E-04    1  2  3  6 13 14 15 18 19 20
  48902 -1.97554331017E-03  7.41986878214E-04    3  7  8  9 12 13 14 18 19 20
  49119 -1.93808965526E-03  1.30337351832E-04    3  4  5  6  7 10 15 16 17 20
  49120 -1.93808945533E-03  1.30339231600E-04    3  8  9 10 11 12 14 15 19 20
  49121 -1.93808908665E-03  1.30337049919E-04    2  4  5  9 10 11 12 13 17 18
  49122  1.93808876470E-03 -1.30339661030E-04    1  5  6 12 13 14 15 16 18 19
  49123 -1.93808837334E-03  1.30337351832E-04    3  4  5  6  8  9 15 16 18 19
  49124 -1.93808800798E-03  1.30339231600E-04    4  7  9 10 11 12 13 16 19 20
  49125 -1.93808780473E-03  1.30337049919E-04    1  3  6  9 10 11 12 14 17 18
  49126  1.93808731734E-03 -1.30339661030E-04    2  5  6 11 13 14 15 16 17 20
  49235 -1.90628646185E-03  1.60890004885E-04    1  2  3  6  7 10 12 13 14 19
  49236  1.90628614060E-03 -1.60890004885E-04    1  2  4  5  8  9 11 13 14 20
  49237  1.90628550948E-03 -1.60870219242E-04    2  5  7  8  9 14 15 18 19 20
  49238 -1.90628518822E-03  1.60870219242E-04    1  6  7  8 10 13 16 17 19 20
  49239  1.90628354923E-03 -1.60890083539E-04    1  2  4  5  8 11 15 17 18 20
  49240 -1.90628270122E-03  1.60890083539E-04    1  2  3  6  7 12 16 17 18 19
  49241  1.90628252160E-03 -1.60890588961E-04    1  3  4  7  8 10 12 13 16 17
  49242 -1.90628167360E-03  1.60890588961E-04    2  3  4  7  8  9 11 14 15 18
  49747 -1.79096855601E-03  3.37368989586E-04    1  2  3  6  7 10 12 13 14 17
  49748  1.79096827461E-03 -3.37368989586E-04    1  2  4  5  8  9 11 13 14 18
  49749 -1.79096772318E-03  3.37369289022E-04    2  4  5  7  8  9 15 18 19 20
  49750  1.79096744179E-03 -3.37369289022E-04    1  3  6  7  8 10 16 17 19 20
  49751  1.79096528045E-03 -3.37326823900E-04    1  2  5  8 11 14 15 17 18 20
  49752 -1.79096490959E-03  3.37326823900E-04    1  2  6  7 12 13 16 17 18 19
  49753  1.79096427172E-03 -3.37369467232E-04    1  3  4  7  8 10 12 13 16 19
  49754 -1.79096390085E-03  3.37369467232E-04    2  3  4  7  8  9 11 14 15 20
  49811 -1.78414944174E-03  2.76877048831E-04    5  7  8 10 12 13 14 15 19 20
  49812 -1.78414907043E-03  2.76876993065E-04    3  4  5  7  8 10 12 15 17 18
  49813 -1.78414895390E-03  2.76877580517E-04    1  2  5 10 12 13 14 15 19 20
  49814 -1.78414863154E-03  2.76877481311E-04    1  2  3  4  5 10 12 15 17 18
  49815 -1.78414523633E-03  2.76876993065E-04    3  4  6  7  8  9 11 16 17 18
  49816 -1.78414479745E-03  2.76877481311E-04    1  2  3  4  6  9 11 16 17 18
  49817 -1.78414294077E-03  2.76877048831E-04    6  7  8  9 11 13 14 16 19 20
  49818 -1.78414245293E-03  2.76877580517E-04    1  2  6  9 11 13 14 16 19 20
  50755 -1.63177625168E-03  1.08563870917E-04    2  4  5  7 11 12 14 15 17 18
  50756  1.63177586595E-03 -1.08577743009E-04    2  3  4  7 10 12 15 16 17 19
  50757 -1.63177366533E-03  1.08577523318E-04    1  5  6  8 10 12 13 14 17 19
  50758  1.63177317481E-03 -1.08564280103E-04    1  4  5  8  9 10 14 15 19 20
  50759  1.63176763686E-03 -1.08563870917E-04    1  3  6  8 11 12 13 16 17 18
  50760 -1.63176725112E-03  1.08577743009E-04    1  3  4  8  9 11 15 16 18 20
  50761  1.63176591178E-03 -1.08577523318E-04    2  5  6  7  9 11 13 14 18 20
  50762 -1.63176542125E-03  1.08564280103E-04    2  3  6  7  9 10 13 16 19 20
  50867  1.60203877324E-03 -6.59418730012E-05    1  2  3  4 11 13 14 16 17 20
  50868  1.60203846877E-03 -6.59418730012E-05    1  2  3  4 12 13 14 15 18 19
  50869 -1.60203787888E-03  6.59327278291E-05    4  7  8 11 13 16 17 18 19 20
  50870 -1.60203757440E-03  6.59327278291E-05    3  7  8 12 14 15 17 18 19 20
  50871 -1.60203563055E-03  6.59311340341E-05    1  2  3  6  9 14 17 18 19 20
  50872 -1.60203514344E-03  6.59311340341E-05    1  2  4  5 10 13 17 18 19 20
  50873 -1.60203484430E-03  6.59329351388E-05    3  4  6  7  8  9 13 14 18 19
  50874 -1.60203435720E-03  6.59329351388E-05    3  4  5  7  8 10 13 14 17 20
  50875 -1.59866384947E-03  1.67483239462E-03    1  2  3  5  7 10 12 14 18 19
  50876  1.59866185563E-03 -1.67483429037E-03    2  3  5  7  8 10 14 15 18 19
  50877 -1.59865439454E-03  1.67483239462E-03    1  2  4  6  8  9 11 13 17 20
  50878  1.59865240071E-03 -1.67483429037E-03    1  4  6  7  8  9 13 16 17 20
  50879 -1.59864429189E-03  1.67500801985E-03    1  2  4  5  8 12 13 15 17 20
  50880  1.59864105773E-03 -1.67504571507E-03    1  4  7  8 10 12 13 15 17 20
  50881 -1.59863726465E-03  1.67500801985E-03    1  2  3  6  7 11 14 16 18 19
  50882  1.59863403049E-03 -1.67504571507E-03    2  3  7  8  9 11 14 16 18 19
  51323 -1.50119126223E-03  1.63059062757E-03    2  6  7  9 10 12 13 14 15 17
  51324  1.50119041197E-03 -1.63056445000E-03    2  4  5  6  7  9 12 15 19 20
  51325  1.50118768479E-03 -1.63038658003E-03    1  5  8 10 11 14 15 16 17 18
  51326  1.50118622728E-03 -1.63059228539E-03    1  3  4  5  8 10 11 12 16 19
  51327  1.50118529727E-03 -1.63059062757E-03    1  5  8  9 10 11 13 14 16 18
  51328 -1.50118444701E-03  1.63056445000E-03    1  3  5  6  8 10 11 16 19 20
  51329 -1.50118057971E-03  1.63038658003E-03    2  6  7  9 12 13 15 16 17 18
  51330 -1.50117912219E-03  1.63059228539E-03    2  3  4  6  7  9 11 12 15 20
  51363 -1.49302140162E-03  3.03738740977E-03    1  3  4  6 10 11 13 16 17 20
  51364  1.49302088110E-03 -3.03770487396E-03    4  5  8  9 11 13 16 17 18 20
  51365  1.49301750521E-03 -3.03770463385E-03    1  4  5 10 12 13 16 17 19 20
  51366 -1.49301687309E-03  3.03776846284E-03    4  5  8 10 11 13 14 15 17 20
  51367 -1.49301547196E-03  3.03738740977E-03    2  3  4  5  9 12 14 15 18 19
  51368  1.49301495145E-03 -3.03770487396E-03    3  6  7 10 12 14 15 17 18 19
  51369  1.49300232528E-03 -3.03770463385E-03    2  3  6  9 11 14 15 18 19 20
  51370 -1.49300169316E-03  3.03776846284E-03    3  6  7  9 12 13 14 16 18 19
  51463  1.47926708367E-03 -4.17720284070E-05    1  3  5 10 11 12 13 14 16 20
  51464 -1.47926669074E-03  4.17720284070E-05    2  4  6  9 11 12 13 14 15 19
  51465 -1.47926662847E-03  4.17713120010E-05    5  8 10 11 13 15 16 18 19 20
  51466 -1.47926624362E-03  4.17713709127E-05    1  4  5  6 10 11 16 17 18 19
  51467  1.47926623553E-03 -4.17713120010E-05    6  7  9 12 14 15 16 17 19 20
  51468  1.47926593548E-03 -4.17670183068E-05    3  4  5  8  9 10 11 14 16 17
  51469  1.47926473249E-03 -4.17713709127E-05    2  3  5  6  9 12 15 17 18 20
  51470 -1.47926442435E-03  4.17670183068E-05    3  4  6  7  9 10 12 13 15 18
  51511  1.47232811905E-03 -2.97411915215E-03    3  7  8  9 10 11 12 14 17 20
  51512  1.47232735518E-03 -2.97411969727E-03    1  2  4  5  6 13 15 16 18 19
  51513  1.47232719207E-03 -2.97411915215E-03    4  7  8  9 10 11 12 13 18 19
  51514  1.47232642820E-03 -2.97411969727E-03    1  2  3  5  6 14 15 16 17 20
  51515  1.47232639913E-03 -2.97411957384E-03    3  5  6  7  8 14 15 16 17 20
  51516  1.47232630923E-03 -2.97411957384E-03    4  5  6  7  8 13 15 16 18 19
  51517  1.47232588368E-03 -2.97411985300E-03    1  2  4  9 10 11 12 13 18 19
  51518  1.47232579378E-03 -2.97411985300E-03    1  2  3  9 10 11 12 14 17 20
  51519 -1.47027082243E-03  7.66204498723E-04    1  4  5  9 11 12 13 14 16 18
  51520  1.47027079684E-03 -7.66204498723E-04    2  3  6 10 11 12 13 14 15 17
  51521 -1.47027027688E-03  7.66204687183E-04    3  6  8 10 11 15 16 17 19 20
  51522  1.47027025129E-03 -7.66204687183E-04    4  5  7  9 12 15 16 18 19 20
  51523 -1.47027022564E-03  7.66204546666E-04    1  5  6 10 11 14 15 17 18 20
  51524 -1.47026966136E-03  7.66188925405E-04    3  4  5  8  9 10 12 13 16 19
  51525  1.47026808608E-03 -7.66204546666E-04    2  5  6  9 12 13 16 17 18 19
  51526  1.47026752179E-03 -7.66188925405E-04    3  4  6  7  9 10 11 14 15 20
  51583  1.45965588842E-03 -9.83352484137E-05    2  5  6  7 10 12 13 14 17 19
  51584 -1.45965560735E-03  9.83231377717E-05    2  4  5  7  9 10 14 15 19 20
  51585  1.45965376691E-03 -9.83229439520E-05    1  4  5  8 11 12 14 15 17 18
  51586 -1.45965319757E-03  9.83356945206E-05    1  3  4  8 10 12 15 16 17 19
  51587 -1.45964796458E-03  9.83352484137E-05    1  5  6  8  9 11 13 14 18 20
  51588  1.45964768350E-03 -9.83231377717E-05    1  3  6  8  9 10 13 16 19 20
  51589 -1.45964725043E-03  9.83229439520E-05    2  3  6  7 11 12 13 16 17 18
  51590  1.45964668108E-03 -9.83356945206E-05    2  3  4  7  9 11 15 16 18 20
  51927  1.38262156081E-03 -1.61584680284E-03    1  3 10 11 12 13 14 16 17 18
  51928  1.38262147396E-03 -1.61584680284E-03    2  4  9 11 12 13 14 15 17 18
  51929 -1.38262064544E-03  1.61561468230E-03    3  4  5  8 11 15 16 18 19 20
  51930 -1.38262055859E-03  1.61561468230E-03    3  4  6  7 12 15 16 17 19 20
  51931 -1.38261875758E-03  1.61561445219E-03    1  5  6 10 13 14 16 17 18 19
  51932 -1.38261783786E-03  1.61541267056E-03    3  4  5  8  9 10 11 14 19 20
  51933 -1.38261692041E-03  1.61561445219E-03    2  5  6  9 13 14 15 17 18 20
  51934 -1.38261600068E-03  1.61541267056E-03    3  4  6  7  9 10 12 13 19 20
  52551  1.27069330219E-03 -1.41612651483E-03    1  2  6  7  9 10 12 13 14 17
  52552  1.27069267213E-03 -1.41612651483E-03    1  2  5  8  9 10 11 13 14 18
  52553 -1.27069262619E-03  1.41610333633E-03    2  4  5  6  7  8  9 15 19 20
  52554 -1.27069199614E-03  1.41610333633E-03    1  3  5  6  7  8 10 16 19 20
  52555  1.27069143267E-03 -1.41594924331E-03    1  2  5  8 11 14 15 16 17 18
  52556  1.27069040173E-03 -1.41612709517E-03    1  3  4  7  8 10 11 12 16 19
  52557  1.27068829871E-03 -1.41594924331E-03    1  2  6  7 12 13 15 16 17 18
  52558  1.27068726777E-03 -1.41612709517E-03    2  3  4  7  8  9 11 12 15 20
  52575 -1.26772385298E-03  8.45614922757E-04    1  4  8  9 10 13 14 15 18 19
  52576  1.26772293933E-03 -8.45494070613E-04    1  3  5  6  8 12 14 17 19 20
  52577  1.26772126693E-03 -8.45493780814E-04    1  3  8  9 14 15 16 17 18 20
  52578  1.26772044775E-03 -8.45614922757E-04    2  3  7  9 10 13 14 16 17 20
  52579  1.26772034554E-03 -8.45388567480E-04    1  3  4  6  8 11 12 13 18 19
  52580 -1.26771953410E-03  8.45494070613E-04    2  4  5  6  7 11 13 18 19 20
  52581 -1.26771628075E-03  8.45493780814E-04    2  4  7 10 13 15 16 17 18 19
  52582 -1.26771535935E-03  8.45388567480E-04    2  3  4  5  7 11 12 14 17 20
  52991  1.18342337092E-03 -2.56576006597E-05    1  5  8 10 11 12 14 17 19 20
  52992  1.18342299712E-03 -2.56611272465E-05    1  4  5  8 10 13 14 15 16 19
  52993  1.18342231681E-03 -2.56608664782E-05    1  3  4  5  6  8 11 13 16 18
  52994 -1.18342206343E-03  2.56610573774E-05    1  3  8  9 10 11 16 17 18 20
  52995 -1.18342023551E-03  2.56608664782E-05    2  3  4  5  6  7 12 14 15 17
  52996  1.18341998212E-03 -2.56610573774E-05    2  4  7  9 10 12 15 17 18 19
  52997 -1.18341612554E-03  2.56576006597E-05    2  6  7  9 11 12 13 18 19 20
  52998 -1.18341575173E-03  2.56611272465E-05    2  3  6  7  9 13 14 15 16 20
  53099  1.16470294189E-03 -1.15128593676E-03    1  2  4  7  9 12 13 14 17 18
  53100 -1.16470200111E-03  1.15112078078E-03    2  3  4  6  7  8 15 17 19 20
  53101  1.16470108937E-03 -1.15112044345E-03    1  2  5  8 13 14 16 17 18 19
  53102  1.16470094023E-03 -1.15128593676E-03    1  2  3  8 10 11 13 14 17 18
  53103  1.16470014552E-03 -1.15112103429E-03    1  3  4  7  8 10 11 14 19 20
  53104 -1.16469999946E-03  1.15112078078E-03    1  3  4  5  7  8 16 18 19 20
  53105  1.16469651151E-03 -1.15112044345E-03    1  2  6  7 13 14 15 17 18 20
  53106  1.16469556767E-03 -1.15112103429E-03    2  3  4  7  8  9 12 13 19 20
  53331  1.12230494082E-03 -3.27604779450E-03    1  2  6  9 10 12 13 14 15 19
  53332  1.12230427853E-03 -3.27604845538E-03    5  6  7  8  9 12 14 15 19 20
  53333  1.12230024896E-03 -3.27604779450E-03    1  2  5  9 10 11 13 14 16 20
  53334  1.12229958667E-03 -3.27604845538E-03    5  6  7  8 10 11 13 16 19 20
  53335  1.12229880883E-03 -3.27604784441E-03    1  2  4  5 10 11 15 16 17 18
  53336  1.12229754853E-03 -3.27604896381E-03    3  4  5  7  8 10 11 12 16 17
  53337  1.12228975241E-03 -3.27604784441E-03    1  2  3  6  9 12 15 16 17 18
  53338  1.12228849212E-03 -3.27604896381E-03    3  4  6  7  8  9 11 12 15 18
  53379 -1.11403667554E-03  1.23497880827E-03    2  5  6  9 10 12 13 14 15 17
  53380  1.11403602256E-03 -1.23495881650E-03    4  5  6  7  9 10 12 15 19 20
  53381 -1.11403205135E-03  1.23482421961E-03    1  5 10 11 12 14 15 16 17 18
  53382 -1.11403088475E-03  1.23497880827E-03    1  5  6  9 10 11 13 14 16 18
  53383 -1.11403086235E-03  1.23497976740E-03    3  4  5  8 10 11 12 15 16 19
  53384  1.11403023177E-03 -1.23495881650E-03    3  5  6  8  9 10 11 16 19 20
  53385 -1.11402507766E-03  1.23482421961E-03    2  6  9 11 12 13 15 16 17 18
  53386 -1.11402388865E-03  1.23497976740E-03    3  4  6  7  9 11 12 15 16 20
  53435  1.10171748576E-03 -1.63387277798E-05    2  5  6  9 10 12 13 14 17 19
  53436 -1.10171707862E-03  1.63389765483E-05    4  5  6  7  9 10 14 15 19 20
  53437 -1.10171542094E-03  1.63367199894E-05    1  4  5 11 12 14 15 16 17 18
  53438  1.10171502383E-03 -1.63387277798E-05    1  5  6  9 10 11 13 14 18 20
  53439 -1.10171476237E-03  1.63392175891E-05    3  4  8 10 11 12 15 16 17 19
  53440 -1.10171461669E-03  1.63389765483E-05    3  5  6  8  9 10 13 16 19 20
  53441 -1.10171288690E-03  1.63367199894E-05    2  3  6 11 12 13 15 16 17 18
  53442 -1.10171222833E-03  1.63392175891E-05    3  4  7  9 11 12 15 16 18 20
  53467 -1.09749665007E-03  1.00070579127E-05    1  2  3  4  5  8 10 11 13 18
  53468  1.09749629025E-03 -1.00074328490E-05    1  3  5  7  8 10 16 17 18 20
  53469  1.09749626321E-03 -1.00070579127E-05    1  2  3  4  6  7  9 12 14 17
  53470  1.09749597250E-03 -1.00060707007E-05    1  2  5  8 11 14 16 17 19 20
  53471 -1.09749590338E-03  1.00074328490E-05    2  4  6  7  8  9 15 17 18 19
  53472 -1.09749564776E-03  1.00089357433E-05    1  4  7  8 10 11 13 14 16 19
  53473 -1.09749273366E-03  1.00060707007E-05    1  2  6  7 12 13 15 18 19 20
  53474  1.09749240891E-03 -1.00089357433E-05    2  3  7  8  9 12 13 14 15 20
  53483  1.09683963104E-03 -1.49611969785E-03    2  3  6  7 10 12 13 14 15 19
  53484 -1.09683917680E-03  1.49593271347E-03    2  5  7  9 12 14 15 18 19 20
  53485 -1.09683632953E-03  1.49611972598E-03    1  4  5  8 10 11 15 17 18 20
  53486  1.09683572092E-03 -1.49608928134E-03    1  3  4  5  8 10 12 13 16 17
  53487  1.09683498261E-03 -1.49611969785E-03    1  4  5  8  9 11 13 14 16 20
  53488 -1.09683452836E-03  1.49593271347E-03    1  6  8 10 11 13 16 17 19 20
  53489 -1.09683024957E-03  1.49611972598E-03    2  3  6  7  9 12 16 17 18 19
  53490  1.09682964096E-03 -1.49608928134E-03    2  3  4  6  7  9 11 14 15 18
  53559 -1.08561528169E-03  2.53152250105E-03    2  4  5  9 11 12 14 15 17 20
  53560  1.08561350122E-03 -2.53152350302E-03    4  6  7 10 12 13 15 16 17 19
  53561 -1.08560487045E-03  2.53184017453E-03    2  4  5  6  9 11 13 15 18 20
  53562  1.08560324450E-03 -2.53152444363E-03    3  6  7  9 10 12 13 16 17 20
  53563 -1.08559973469E-03  2.53152250105E-03    1  3  6 10 11 12 13 16 18 19
  53564 -1.08559902750E-03  2.53184017453E-03    1  3  5  6 10 12 14 16 17 19
  53565  1.08559795422E-03 -2.53152350302E-03    3  5  8  9 11 14 15 16 18 20
  53566  1.08559740156E-03 -2.53152444363E-03    4  5  8  9 10 11 14 15 18 19
  53671  1.07183663204E-03 -5.12375674814E-04    2  6  7 10 11 12 13 14 15 19
  53672  1.07183635211E-03 -5.12311723758E-04    2  5  7  9 12 14 15 16 19 20
  53673 -1.07183545545E-03  5.12375674814E-04    1  5  8  9 11 12 13 14 16 20
  53674 -1.07183517552E-03  5.12311723758E-04    1  6  8 10 11 13 15 16 19 20
  53675  1.07183313503E-03 -5.12367202017E-04    1  4  5  6  8 10 11 15 17 18
  53676 -1.07183271840E-03  5.12376115770E-04    1  3  4  5  8  9 10 12 16 17
  53677 -1.07183105347E-03  5.12367202017E-04    2  3  5  6  7  9 12 16 17 18
  53678  1.07183063684E-03 -5.12376115770E-04    2  3  4  6  7  9 10 11 15 18
  54071  1.00700869701E-03 -9.72851068028E-04    3  8  9 10 11 12 14 15 16 17
  54072 -1.00700788948E-03  9.72835458550E-04    1  4  5  6 11 12 15 16 18 19
  54073  1.00700666539E-03 -9.72851068028E-04    4  7  9 10 11 12 13 15 16 18
  54074  1.00700625560E-03 -9.72851425604E-04    5  6  8  9 10 13 15 16 18 19
  54075 -1.00700587560E-03  9.72851716752E-04    1  3  5  6  9 10 11 12 14 20
  54076 -1.00700585785E-03  9.72835458550E-04    2  3  5  6 11 12 15 16 17 20
  54077  1.00700364737E-03 -9.72851425604E-04    5  6  7  9 10 14 15 16 17 20
  54078 -1.00700326737E-03  9.72851716752E-04    2  4  5  6  9 10 11 12 13 19
  54223  9.89446572794E-04 -4.07323733318E-04    2  3  6  9 10 12 13 14 15 17
  54224 -9.89446110592E-04  4.07323733318E-04    1  4  5  9 10 11 13 14 16 18
  54225  9.89446078034E-04 -4.07317222689E-04    4  5  6  7  9 12 15 18 19 20
  54226 -9.89445615843E-04  4.07317222689E-04    3  5  6  8 10 11 16 17 19 20
  54227 -9.89445372375E-04  4.07272772105E-04    1  5 10 11 14 15 16 17 18 20
  54228 -9.89444821765E-04  4.07315753240E-04    3  4  5  8 10 11 12 13 16 19
  54229  9.89442741472E-04 -4.07272772105E-04    2  6  9 12 13 15 16 17 18 19
  54230  9.89442190873E-04 -4.07315753240E-04    3  4  6  7  9 11 12 14 15 20
  54531 -9.37423950204E-04  4.58116517090E-04    5  6  7  8 13 14 15 16 19 20
  54532 -9.37423767471E-04  4.58116294385E-04    3  4  7  8  9 10 11 12 17 18
  54533 -9.37423680095E-04  4.58182591420E-04    1  2  9 10 11 12 13 14 19 20
  54534 -9.37423356580E-04  4.58108915388E-04    1  2  3  4  5  6 15 16 17 18
  54607 -9.26487715183E-04  2.29386316352E-03    1  3  4  6 10 11 13 16 17 18
  54608  9.26487314590E-04 -2.29415074765E-03    3  4  5  8  9 11 16 17 18 20
  54609  9.26482453556E-04 -2.29386316352E-03    2  3  4  5  9 12 14 15 17 18
  54610 -9.26482052953E-04  2.29415074765E-03    3  4  6  7 10 12 15 17 18 19
  54611 -9.26480785839E-04  2.29415048483E-03    1  5 10 12 13 14 16 17 19 20
  54612 -9.26480257878E-04  2.29415101958E-03    4  5  8 10 11 13 14 15 19 20
  54613  9.26472287934E-04 -2.29415048483E-03    2  6  9 11 13 14 15 18 19 20
  54614  9.26471759985E-04 -2.29415101958E-03    3  6  7  9 12 13 14 16 19 20
  54655 -9.22287540319E-04  8.59594200631E-04    2  6  7  9 10 11 12 14 15 19
  54656 -9.22287369306E-04  8.59612393026E-04    2  5  6  7  9 12 14 15 16 19
  54657 -9.22286766742E-04  8.59597839370E-04    1  4  5  6  8 10 11 15 16 17
  54658  9.22286284566E-04 -8.59612653977E-04    1  4  5  8  9 10 11 12 16 17
  54659  9.22285456203E-04 -8.59594200631E-04    1  5  8  9 10 11 12 13 16 20
  54660  9.22285285201E-04 -8.59612393026E-04    1  5  6  8 10 11 13 15 16 20
  54661  9.22279035623E-04 -8.59597839370E-04    2  3  5  6  7  9 12 15 16 18
  54662 -9.22278553446E-04  8.59612653977E-04    2  3  6  7  9 10 11 12 15 18
  54787  9.00285497141E-04 -4.41329215461E-05    2  3  4  5  7  8  9 13 14 16
  54788 -9.00285373470E-04  4.41329968984E-05    1  2  6  7 10 11 17 18 19 20
  54789  9.00285304637E-04 -4.41329215461E-05    1  3  4  6  7  8 10 13 14 15
  54790 -9.00285180965E-04  4.41329968984E-05    1  2  5  8  9 12 17 18 19 20
  54791  9.00285129380E-04 -4.41329805279E-05    1  2  3  4  5  7 12 13 14 16
  54792  9.00285000855E-04 -4.41329805279E-05    1  2  3  4  6  8 11 13 14 15
  54793  9.00284983186E-04 -4.41329974464E-05    2  7  8 10 11 15 17 18 19 20
  54794  9.00284854649E-04 -4.41329974464E-05    1  7  8  9 12 16 17 18 19 20
  54795 -8.95416695707E-04  1.33015439775E-04    1  3  4  6 10 11 13 14 16 17
  54796  8.95416579586E-04 -1.33012746574E-04    2  6  9 11 14 15 17 18 19 20
  54797 -8.95416181478E-04  1.33015631396E-04    4  5  8  9 11 16 17 18 19 20
  54798 -8.95416162430E-04  1.33015774428E-04    3  4  6  7  9 12 13 14 16 19
  54799  8.95416135800E-04 -1.33015439775E-04    2  3  4  5  9 12 13 14 15 18
  54800 -8.95416084794E-04  1.33012746574E-04    1  5 10 12 13 16 17 18 19 20
  54801  8.95415667649E-04 -1.33015774428E-04    3  4  5  8 10 11 13 14 15 20
  54802  8.95415621571E-04 -1.33015631396E-04    3  6  7 10 12 15 17 18 19 20
  54863 -8.87486050380E-04  7.67898226281E-04    1  2  4  5  7  9 12 13 14 18
  54864  8.87485825023E-04 -7.67898226281E-04    1  2  3  6  8 10 11 13 14 17
  54865 -8.87485507594E-04  7.67898442926E-04    2  3  6  7  8 10 15 17 19 20
  54866  8.87485282237E-04 -7.67898442926E-04    1  4  5  7  8  9 16 18 19 20
  54867  8.87485241255E-04 -7.67882324682E-04    1  2  5  8 12 13 16 17 18 19
  54868 -8.87484786550E-04  7.67882324682E-04    1  2  6  7 11 14 15 17 18 20
  54869  8.87484716180E-04 -7.67898580076E-04    1  3  4  7  8 10 11 14 15 20
  54870 -8.87484261476E-04  7.67898580076E-04    2  3  4  7  8  9 12 13 16 19
  54895  8.82843272051E-04 -4.59569506139E-04    3  4  5  7  8 12 14 15 16 17
  54896 -8.82843174809E-04  4.59627192772E-04    1  2  4 10 11 12 15 17 18 19
  54897 -8.82841248545E-04  4.59627188274E-04    1  2  4  5  6 10 13 14 15 19
  54898  8.82841245617E-04 -4.59569473328E-04    5  7  8  9 10 12 14 17 19 20
  54899 -8.82839086615E-04  4.59627188274E-04    1  2  3  5  6  9 13 14 16 20
  54900  8.82839083677E-04 -4.59569473328E-04    6  7  8  9 10 11 13 18 19 20
  54901  8.82838035401E-04 -4.59569506139E-04    3  4  6  7  8 11 13 15 16 18
  54902 -8.82837938159E-04  4.59627192772E-04    1  2  3  9 11 12 16 17 18 20
  54935 -8.66666817295E-04  4.44115697554E-05    2  3  5  7  8  9 10 13 14 16
  54936 -8.66666640427E-04  4.44109315059E-05    1  2  5  6  7 10 11 18 19 20
  54937 -8.66666395327E-04  4.44115697554E-05    1  4  6  7  8  9 10 13 14 15
  54938 -8.66666218470E-04  4.44109315059E-05    1  2  5  6  8  9 12 17 19 20
  54939  8.66665999925E-04 -4.44061043971E-05    1  2  3  4  5  7 11 12 14 16
  54940 -8.66665901778E-04  4.44116575921E-05    2  7  8 10 11 15 16 17 18 19
  54941  8.66665545947E-04 -4.44061043971E-05    1  2  3  4  6  8 11 12 13 15
  54942 -8.66665447800E-04  4.44116575921E-05    1  7  8  9 12 15 16 17 18 20
  54983 -8.58376649215E-04  1.31884769030E-04    3  4  8  9 12 13 14 15 16 17
  54984 -8.58376492985E-04  1.31865891761E-04    1  4  6 11 12 15 17 18 19 20
  54985 -8.58376009987E-04  1.31884769030E-04    3  4  7 10 11 13 14 15 16 18
  54986 -8.58375853758E-04  1.31865891761E-04    2  3  5 11 12 16 17 18 19 20
  54987 -8.58375078339E-04  1.31865887361E-04    2  3  4  5  6 10 11 13 14 19
  54988  8.58374968608E-04 -1.31849360956E-04    5  7  9 10 14 16 17 18 19 20
  54989 -8.58374952614E-04  1.31865887361E-04    1  3  4  5  6  9 12 13 14 20
  54990  8.58374842884E-04 -1.31849360956E-04    6  8  9 10 13 15 17 18 19 20
  54991 -8.57208210483E-04  5.31612721758E-04    2  5  6  7 10 11 12 14 15 17
  54992 -8.57208000646E-04  5.31612888561E-04    2  4  5  7  9 10 12 15 16 19
  54993  8.57205976213E-04 -5.31612719863E-04    1  5  6  8 10 11 12 14 15 17
  54994  8.57205510452E-04 -5.31613031964E-04    1  4  5  8  9 10 12 15 16 19
  54995  8.57201845910E-04 -5.31612721758E-04    1  5  6  8  9 11 12 13 16 18
  54996  8.57201636074E-04 -5.31612888561E-04    1  3  6  8  9 10 11 15 16 20
  54997 -8.57199553569E-04  5.31612719863E-04    2  5  6  7  9 11 12 13 16 18
  54998 -8.57199087808E-04  5.31613031964E-04    2  3  6  7  9 10 11 15 16 20
  55039 -8.44901579854E-04  7.40269977546E-04    1  3  4  6 10 11 13 17 18 20
  55040 -8.44901327004E-04  7.40347410035E-04    3  4  5  8  9 13 16 17 18 20
  55041  8.44900541477E-04 -7.40269977546E-04    2  3  4  5  9 12 14 17 18 19
  55042  8.44900288627E-04 -7.40347410035E-04    3  4  6  7 10 14 15 17 18 19
  55043 -8.44900084150E-04  7.40362727683E-04    1  4  5 12 13 14 16 17 19 20
  55044 -8.44899797626E-04  7.40469488437E-04    4  8 10 11 13 14 15 17 19 20
  55045  8.44894482824E-04 -7.40362727683E-04    2  3  6 11 13 14 15 18 19 20
  55046  8.44894196311E-04 -7.40469488437E-04    3  7  9 12 13 14 16 18 19 20
  55127  8.32170827429E-04 -1.06623095835E-04    3  4  5  8  9 12 13 14 15 16
  55128 -8.32170693597E-04  1.06623183906E-04    1  6 10 11 12 15 17 18 19 20
  55129  8.32170647582E-04 -1.06623095835E-04    3  4  6  7 10 11 13 14 15 16
  55130 -8.32170513749E-04  1.06623183906E-04    2  5  9 11 12 16 17 18 19 20
  55131 -8.32169860412E-04  1.06623163769E-04    1  3  4  5  6  9 12 13 14 16
  55132 -8.32169733244E-04  1.06623179078E-04    6  8  9 10 11 15 17 18 19 20
  55133 -8.32169472276E-04  1.06623163769E-04    2  3  4  5  6 10 11 13 14 15
  55134 -8.32169345108E-04  1.06623179078E-04    5  7  9 10 12 16 17 18 19 20
  55299 -8.07062472514E-04  6.17902376767E-04    2  4  5  7 12 13 14 17 18 19
  55300 -8.07062125697E-04  6.17902546264E-04    2  3  4  7 10 14 15 17 19 20
  55301  8.07060640091E-04 -6.17902436038E-04    1  4  5  8 12 13 14 17 18 19
  55302  8.07060224588E-04 -6.17902686230E-04    1  3  4  8 10 14 15 17 19 20
  55303  8.07058556038E-04 -6.17902376767E-04    1  3  6  8 11 13 14 17 18 20
  55304  8.07058209210E-04 -6.17902546264E-04    1  3  4  8  9 13 16 18 19 20
  55305 -8.07053297160E-04  6.17902436038E-04    2  3  6  7 11 13 14 17 18 20
  55306 -8.07052881657E-04  6.17902686230E-04    2  3  4  7  9 13 16 18 19 20
  55355 -7.93814013797E-04  5.36559551412E-04    2  4  6  7  9 11 12 13 14 17
  55356 -7.93813643877E-04  5.36559642335E-04    2  4  6  7  9 15 16 17 19 20
  55357  7.93813573570E-04 -5.36559551412E-04    1  3  5  8 10 11 12 13 14 18
  55358  7.93813258005E-04 -5.36559582223E-04    1  5  6  8 11 14 16 17 18 19
  55359  7.93813203651E-04 -5.36559642335E-04    1  3  5  8 10 15 16 18 19 20
  55360  7.93812948453E-04 -5.36559694065E-04    1  3  4  8  9 10 11 14 16 19
  55361 -7.93812743070E-04  5.36559582223E-04    2  5  6  7 12 13 15 17 18 20
  55362 -7.93812433518E-04  5.36559694065E-04    2  3  4  7  9 10 12 13 15 20
  55379 -7.93277148502E-04  5.68693495235E-04    3  4  5  6  7  8 15 16 17 18
  55380 -7.93276926136E-04  5.68703066568E-04    1  2  3  4  9 10 11 12 17 18
  55381 -7.93276374905E-04  5.68784614141E-04    7  8  9 10 11 12 13 14 19 20
  55382 -7.93275959865E-04  5.68702998737E-04    1  2  5  6 13 14 15 16 19 20
  55421  7.86178875924E-04 -5.13250375249E-05    2  3  4  6 11 12 13 14 15 17
  55422 -7.86178875103E-04  5.13250614657E-05    2  5  6  9 12 13 17 18 19 20
  55423 -7.86178675238E-04  5.13251168769E-05    3  4  6  7  9 10 13 14 15 20
  55425 -7.86178563518E-04  5.13250614657E-05    1  5  6 10 11 14 17 18 19 20
  55426 -7.86178551904E-04  5.13250968698E-05    4  7  9 12 15 16 17 18 19 20
  55427 -7.86178363653E-04  5.13251168769E-05    3  4  5  8  9 10 13 14 16 19
  55428  7.86178186944E-04 -5.13250375249E-05    1  3  4  5 11 12 13 14 16 18
  55429 -7.86177862923E-04  5.13250968698E-05    3  8 10 11 15 16 17 18 19 20
  55463 -7.81912804575E-04  4.26517576175E-04    4  5  6  7  8 10 13 14 15 19
  55464  7.81912766405E-04 -4.26464327458E-04    1  2  5  9 10 12 14 17 19 20
  55465 -7.81911126559E-04  4.26517576175E-04    3  5  6  7  8  9 13 14 16 20
  55466  7.81911088389E-04 -4.26464327458E-04    1  2  6  9 10 11 13 18 19 20
  55467 -7.81910763621E-04  4.26517583909E-04    4  7  8 10 11 12 15 17 18 19
  55468  7.81910695651E-04 -4.26464396569E-04    1  2  3  4  5 12 14 15 16 17
  55469 -7.81908533195E-04  4.26517583909E-04    3  7  8  9 11 12 16 17 18 20
  55470  7.81908465225E-04 -4.26464396569E-04    1  2  3  4  6 11 13 15 16 18
  55495 -7.78157442668E-04  1.04463099296E-04    1  6  7  8  9 14 15 16 19 20
  55496 -7.78157430896E-04  1.04465156256E-04    2  3  4  7  8  9 10 11 16 17
  55497 -7.78157353144E-04  1.04463099296E-04    2  5  7  8 10 13 15 16 19 20
  55498 -7.78157347385E-04  1.04465330483E-04    1  2  6  8  9 11 12 13 14 19
  55499 -7.78157257861E-04  1.04465330483E-04    1  2  5  7 10 11 12 13 14 20
  55500 -7.78157171507E-04  1.04465156256E-04    1  3  4  7  8  9 10 12 15 18
  55501  7.78157114520E-04 -1.04463579236E-04    1  2  4  5  6  7 11 16 17 18
  55502  7.78156855131E-04 -1.04463579236E-04    1  2  3  5  6  8 12 15 17 18
  55543  7.66953159467E-04 -3.56864241254E-04    2  3  5  6  9 10 12 14 17 19
  55544  7.66952916030E-04 -3.56864417007E-04    4  5  6  7  9 10 14 15 18 19
  55545 -7.66952445941E-04  3.56819569217E-04    1  4  5 11 12 14 15 16 17 20
  55546 -7.66951976347E-04  3.56864603246E-04    4  8 10 11 12 13 15 16 17 19
  55547  7.66947730586E-04 -3.56819569217E-04    2  3  6 11 12 13 15 16 18 19
  55548  7.66947260992E-04 -3.56864603246E-04    3  7  9 11 12 14 15 16 18 20
  55549 -7.66945351986E-04  3.56864241254E-04    1  4  5  6  9 10 11 13 18 20
  55550 -7.66945108538E-04  3.56864417007E-04    3  5  6  8  9 10 13 16 17 20
  55559  7.60217678813E-04 -2.82960673043E-03    1  2  4  5  8 10 11 15 17 20
  55560 -7.60217230805E-04  2.82954783543E-03    1  2  4  5  8  9 11 13 16 20
  55561  7.60216999004E-04 -2.82925270755E-03    1  6  7  8 10 11 13 16 17 20
  55562 -7.60216826159E-04  2.82954855973E-03    1  4  5  7  8 10 12 13 16 17
  55563 -7.60216529642E-04  2.82954783543E-03    1  2  3  6  7 10 12 14 15 19
  55564  7.60216297841E-04 -2.82925270755E-03    2  5  7  8  9 12 14 15 18 19
  55565  7.60201808980E-04 -2.82960673043E-03    1  2  3  6  7  9 12 16 18 19
  55566 -7.60200956315E-04  2.82954855973E-03    2  3  6  7  8  9 11 14 15 18
  55575 -7.57366691113E-04  5.77126789855E-04    1  3  4  6  8 10 11 13 17 18
  55576 -7.57366313370E-04  5.77199302398E-04    1  3  4  5  8  9 16 17 18 20
  55577 -7.57363371272E-04  5.77199143759E-04    1  5  8 12 13 14 16 17 19 20
  55578  7.57363275346E-04 -5.77126789855E-04    2  3  4  5  7  9 12 14 17 18
  55579  7.57363021401E-04 -5.77282543506E-04    1  4  8 10 11 13 14 15 19 20
  55580  7.57362897603E-04 -5.77199302398E-04    2  3  4  6  7 10 15 17 18 19
  55581  7.57359508908E-04 -5.77199143759E-04    2  6  7 11 13 14 15 18 19 20
  55582 -7.57359159037E-04  5.77282543506E-04    2  3  7  9 12 13 14 16 19 20
  55591  7.56047490324E-04 -1.63841165417E-03    1  3  4  6  8 10 11 13 16 17
  55592 -7.56047042684E-04  1.63861719409E-03    1  4  5  8  9 11 16 17 18 20
  55593 -7.56043577364E-04  1.63858281982E-03    1  5  8 10 12 13 16 17 19 20
  55594  7.56043048594E-04 -1.63841165417E-03    2  3  4  5  7  9 12 14 15 18
  55595  7.56043027155E-04 -1.63861755347E-03    1  4  5  8 10 11 13 14 15 20
  55596 -7.56042600954E-04  1.63861719409E-03    2  3  6  7 10 12 15 17 18 19
  55597 -7.56040987054E-04  1.63858281982E-03    2  6  7  9 11 14 15 18 19 20
  55598  7.56040436855E-04 -1.63861755347E-03    2  3  6  7  9 12 13 14 16 19
  55679  7.42609003649E-04 -2.27978750950E-04    2  3  7  8  9 10 11 14 19 20
  55680  7.42607467236E-04 -2.27978750950E-04    1  4  7  8  9 10 12 13 19 20
  55681 -7.42607376291E-04  2.27979743989E-04    1  2  5  6  7 13 14 16 18 19
  55682 -7.42606581287E-04  2.27979336984E-04    2  3  4  5  7  8 15 16 18 19
  55683 -7.42606264743E-04  2.27979336984E-04    1  3  4  6  7  8 15 16 17 20
  55684 -7.42605839889E-04  2.27979743989E-04    1  2  5  6  8 13 14 15 17 20
  55685  7.42605478983E-04 -2.27979926945E-04    1  2  3  7 10 11 12 14 17 18
  55686  7.42605162450E-04 -2.27979926945E-04    1  2  4  8  9 11 12 13 17 18
  55711 -7.40822681103E-04  6.60915996034E-05    1  2  4  7 11 12 14 15 17 18
  55712  7.40822308993E-04 -6.60918974110E-05    2  3  4  7  8 12 15 16 17 19
  55713 -7.40820578308E-04  6.60916972880E-05    1  2  5  6  8 10 13 14 17 19
  55714 -7.40819986643E-04  6.60837964378E-05    1  4  5  7  8  9 10 14 19 20
  55715 -7.40819559105E-04  6.60915996034E-05    1  2  3  8 11 12 13 16 17 18
  55716  7.40819186995E-04 -6.60918974110E-05    1  3  4  7  8 11 15 16 18 20
  55717 -7.40818115849E-04  6.60916972880E-05    1  2  5  6  7  9 13 14 18 20
  55718 -7.40817524184E-04  6.60837964378E-05    2  3  6  7  8  9 10 13 19 20
  55735 -7.38968303659E-04  1.64472958713E-03    1  3  4 10 11 12 13 16 17 18
  55736  7.38967639845E-04 -1.64472994835E-03    3  4  5  8 11 15 16 17 18 20
  55737 -7.38967436463E-04  1.64472958713E-03    2  3  4  9 11 12 14 15 17 18
  55738  7.38966772649E-04 -1.64472994835E-03    3  4  6  7 12 15 16 17 18 19
  55739  7.38965365910E-04 -1.64472973152E-03    1  5  6 10 13 14 16 17 19 20
  55740  7.38964572590E-04 -1.64473025152E-03    4  5  8  9 10 11 13 14 19 20
  55741  7.38962628488E-04 -1.64472973152E-03    2  5  6  9 13 14 15 18 19 20
  55742  7.38961835158E-04 -1.64473025152E-03    3  6  7  9 10 12 13 14 19 20
  55751 -7.37997656699E-04  5.27302328718E-04    3  5  7  8  9 10 12 13 14 20
  55752 -7.37997551812E-04  5.27302328718E-04    4  6  7  8  9 10 11 13 14 19
  55753 -7.37997456318E-04  5.27302414631E-04    1  2  5  6 10 13 15 18 19 20
  55754 -7.37997418769E-04  5.27302413177E-04    4  6  7  8 11 15 16 17 18 19
  55755 -7.37997367310E-04  5.27302463235E-04    1  2  3  4  9 11 12 14 16 17
  55756 -7.37997351421E-04  5.27302414631E-04    1  2  5  6  9 14 16 17 19 20
  55757 -7.37996033184E-04  5.27302413177E-04    3  5  7  8 12 15 16 17 18 20
  55758 -7.37995981715E-04  5.27302463235E-04    1  2  3  4 10 11 12 13 15 18
  55791  7.31650639193E-04 -9.71001922240E-04    2  3  6 10 11 12 13 14 15 19
  55792 -7.31650332957E-04  9.70880415032E-04    5  7  9 12 14 15 16 18 19 20
  55793 -7.31649409880E-04  9.71001922240E-04    1  4  5  9 11 12 13 14 16 20
  55794  7.31649103644E-04 -9.70880415032E-04    6  8 10 11 13 15 16 17 19 20
  55795 -7.31647988252E-04  9.70985795942E-04    2  3  5  6  9 12 16 17 18 19
  55796  7.31647869203E-04 -9.70985795942E-04    1  4  5  6 10 11 15 17 18 20
  55797  7.31647705750E-04 -9.70981915981E-04    3  4  6  7  9 10 11 14 15 18
  55798 -7.31647586701E-04  9.70981915981E-04    3  4  5  8  9 10 12 13 16 17
  55799  7.30793845246E-04 -2.03309774759E-03    1  4  5  6 10 11 15 16 17 20
  55800 -7.30793348580E-04  2.03308966307E-03    4  5  8  9 10 11 12 13 16 17
  55801 -7.30792733402E-04  2.03308921718E-03    1  4  5  9 10 11 12 13 16 20
  55802 -7.30792364715E-04  2.03313172214E-03    5  6  8 10 11 13 15 16 17 20
  55803  7.30790930788E-04 -2.03308921718E-03    2  3  6  9 10 11 12 14 15 19
  55804  7.30790562090E-04 -2.03313172214E-03    5  6  7  9 12 14 15 16 18 19
  55805 -7.30784438332E-04  2.03309774759E-03    2  3  5  6  9 12 15 16 18 19
  55806  7.30783941667E-04 -2.03308966307E-03    3  6  7  9 10 11 12 14 15 18
  55911 -7.13429066194E-04  3.58654994231E-03    1  2  3  4 10 11 13 16 17 18
  55912 -7.13428730486E-04  3.58654994231E-03    1  2  3  4  9 12 14 15 17 18
  55913 -7.13428354322E-04  3.58655065152E-03    3  4  5  7  8 11 16 17 18 20
  55914 -7.13428018624E-04  3.58655065152E-03    3  4  6  7  8 12 15 17 18 19
  55915 -7.13426319970E-04  3.58655014215E-03    1  2  5 10 13 14 16 17 19 20
  55916 -7.13425232545E-04  3.58655116805E-03    4  5  7  8 10 11 13 14 19 20
  55917 -7.13415355890E-04  3.58655014215E-03    1  2  6  9 13 14 15 18 19 20
  55918 -7.13414268454E-04  3.58655116805E-03    3  6  7  8  9 12 13 14 19 20
  55935  7.09004783844E-04 -3.70114703242E-04    3  4  5  7  8  9 12 13 14 20
  55936  7.09004702143E-04 -3.70114703242E-04    3  4  6  7  8 10 11 13 14 19
  55937 -7.09004663584E-04  3.70068384132E-04    1  2  6 10 13 15 17 18 19 20
  55938 -7.09004581894E-04  3.70068384132E-04    1  2  5  9 14 16 17 18 19 20
  55939 -7.09003675991E-04  3.70168017861E-04    1  2  3  4  9 12 13 14 16 17
  55940  7.09003658554E-04 -3.70114753242E-04    4  6  7  8 11 15 17 18 19 20
  55941 -7.09003331237E-04  3.70168017861E-04    1  2  3  4 10 11 13 14 15 18
  55942  7.09003313800E-04 -3.70114753242E-04    3  5  7  8 12 16 17 18 19 20
  56079  6.83487664410E-04 -1.67365752562E-03    1  3 10 11 12 13 14 16 17 20
  56080  6.83487062100E-04 -1.67338208467E-03    4  5  8 11 13 15 16 18 19 20
  56081 -6.83486484945E-04  1.67365752562E-03    2  4  9 11 12 13 14 15 18 19
  56082  6.83486449481E-04 -1.67341679904E-03    1  4  5  6 10 13 16 17 18 19
  56083 -6.83485882634E-04  1.67338208467E-03    3  6  7 12 14 15 16 17 19 20
  56084 -6.83485861944E-04  1.67320759987E-03    3  4  5  8  9 10 11 14 17 20
  56085 -6.83484816658E-04  1.67341679904E-03    2  3  5  6  9 14 15 17 18 20
  56086  6.83484229111E-04 -1.67320759987E-03    3  4  6  7  9 10 12 13 18 19
  56087  6.82490615644E-04 -4.19764797232E-05    1  2  4  5  8  9 11 13 14 16
  56088  6.82490225528E-04 -4.19766519020E-05    1  6  7  8 10 11 16 17 19 20
  56089 -6.82490170837E-04  4.19765213569E-05    1  2  5  8 10 11 15 17 18 20
  56090  6.82489708972E-04 -4.19758963365E-05    1  3  4  5  7  8 10 12 13 16
  56091  6.82488371634E-04 -4.19765213569E-05    1  2  6  7  9 12 16 17 18 19
  56092 -6.82487958143E-04  4.19764797232E-05    1  2  3  6  7 10 12 13 14 15
  56093 -6.82487909769E-04  4.19758963365E-05    2  3  4  6  7  8  9 11 14 15
  56094 -6.82487568027E-04  4.19766519020E-05    2  5  7  8  9 12 15 18 19 20
  56263  6.67659979131E-04 -3.82214185555E-04    1  2  4  7 11 12 14 15 18 19
  56264  6.67659699788E-04 -3.82214406779E-04    2  3  7  8 12 14 15 16 17 19
  56265 -6.67656899315E-04  3.82214258580E-04    1  2  4  5  6  8 10 13 17 19
  56266 -6.67656506135E-04  3.82166689094E-04    1  4  5  7  8  9 10 14 17 20
  56267 -6.67653982825E-04  3.82214185555E-04    1  2  3  8 11 12 13 16 17 20
  56268 -6.67653703493E-04  3.82214406779E-04    1  4  7  8 11 13 15 16 18 20
  56269  6.67652384456E-04 -3.82214258580E-04    1  2  3  5  6  7  9 14 18 20
  56270  6.67651991276E-04 -3.82166689094E-04    2  3  6  7  8  9 10 13 18 19
  56335 -6.62228645424E-04  1.51353209616E-03    1  2  4  5  8  9 10 11 13 18
  56336 -6.62228197732E-04  1.51353864293E-03    1  3  5  6  7  8 10 16 17 20
  56337  6.62227634950E-04 -1.51353209616E-03    1  2  3  6  7  9 10 12 14 17
  56338  6.62227543594E-04 -1.51337407441E-03    1  2  5  8 11 14 15 16 17 20
  56339  6.62227187258E-04 -1.51353864293E-03    2  4  5  6  7  8  9 15 18 19
  56340 -6.62226866217E-04  1.51356396071E-03    1  4  7  8 10 11 12 13 16 19
  56341 -6.62223145194E-04  1.51337407441E-03    1  2  6  7 12 13 15 16 18 19
  56342  6.62222467806E-04 -1.51356396071E-03    2  3  7  8  9 11 12 14 15 20
  56431  6.51267385242E-04 -1.77470050398E-03    1  5  9 10 11 12 13 14 16 20
  56432 -6.51267060927E-04  1.77470071007E-03    5  6  8 10 11 13 15 16 19 20
  56433  6.51266995085E-04 -1.77470050398E-03    2  6  9 10 11 12 13 14 15 19
  56434 -6.51266670769E-04  1.77470071007E-03    5  6  7  9 12 14 15 16 19 20
  56435  6.51265436623E-04 -1.77467103279E-03    1  4  5  6 10 11 15 16 17 18
  56436 -6.51265016266E-04  1.77470091943E-03    3  4  5  8  9 10 11 12 16 17
  56437  6.51262299030E-04 -1.77467103279E-03    2  3  5  6  9 12 15 16 17 18
  56438 -6.51261878673E-04  1.77470091943E-03    3  4  6  7  9 10 11 12 15 18
  56439  6.49523927570E-04 -1.40871955072E-03    1  2  5  8  9 10 11 13 14 20
  56440  6.49523832676E-04 -1.40871958534E-03    1  2  4  5  8 11 15 16 17 18
  56441 -6.49523361977E-04  1.40871988975E-03    1  5  6  7  8 10 13 16 19 20
  56442  6.49523308970E-04 -1.40871955072E-03    1  2  6  7  9 10 12 13 14 19
  56443  6.49522977453E-04 -1.40872011563E-03    1  3  4  7  8 10 11 12 16 17
  56444 -6.49522743366E-04  1.40871988975E-03    2  5  6  7  8  9 14 15 19 20
  56445  6.49520248434E-04 -1.40871958534E-03    1  2  3  6  7 12 15 16 17 18
  56446  6.49519393210E-04 -1.40872011563E-03    2  3  4  7  8  9 11 12 15 18
  56495 -6.41610550023E-04  4.80181536673E-04    1  2  3  8 10 11 13 14 16 17
  56496 -6.41610535429E-04  4.80102543036E-04    1  2  5  8 10 13 16 17 18 19
  56497 -6.41610042828E-04  4.80112714296E-04    1  4  5  7  8 11 16 18 19 20
  56498 -6.41609993390E-04  4.80052805389E-04    1  3  4  5  7  8 10 11 14 20
  56499  6.41609477824E-04 -4.80181536673E-04    1  2  4  7  9 12 13 14 15 18
  56500  6.41608970618E-04 -4.80112714296E-04    2  3  6  7  8 12 15 17 19 20
  56501  6.41606354172E-04 -4.80102543036E-04    1  2  6  7  9 14 15 17 18 20
  56502  6.41605812134E-04 -4.80052805389E-04    2  3  4  6  7  8  9 12 13 19
  56503  6.41414505058E-04 -1.01141261937E-03    1  3  4  8 10 11 13 17 18 20
  56504  6.41414451578E-04 -1.01141273601E-03    1  4  5  8 13 14 16 17 19 20
  56505  6.41414176162E-04 -1.01139189817E-03    1  3  4  5  8 13 16 17 18 20
  56506 -6.41414086586E-04  1.01155875614E-03    1  4  8 10 11 13 14 17 19 20
  56507 -6.41410522066E-04  1.01141261937E-03    2  3  4  7  9 12 14 17 18 19
  56508 -6.41410193159E-04  1.01139189817E-03    2  3  4  6  7 14 15 17 18 19
  56509 -6.41408868310E-04  1.01141273601E-03    2  3  6  7 13 14 15 18 19 20
  56510  6.41408503329E-04 -1.01155875614E-03    2  3  7  9 12 13 14 18 19 20
  56551  6.35097190804E-04 -2.89952681602E-04    2  4  5  9 11 12 14 17 19 20
  56552 -6.35097095731E-04  2.89952681602E-04    1  3  6 10 11 12 13 18 19 20
  56553  6.35096445689E-04 -2.89989335937E-04    4  6  7 10 13 14 15 16 17 19
  56554 -6.35096350616E-04  2.89989335937E-04    3  5  8  9 13 14 15 16 18 20
  56555 -6.35092025956E-04  2.89989207690E-04    2  3  4  5  6 11 13 15 18 20
  56556  6.35091687825E-04 -2.89989207690E-04    1  3  4  5  6 12 14 16 17 19
  56557 -6.35091403249E-04  2.89989615016E-04    3  7  9 10 12 13 16 17 18 20
  56558  6.35091065119E-04 -2.89989615016E-04    4  8  9 10 11 14 15 17 18 19
  56711 -6.25013662462E-04  1.26050306161E-04    2  3  4  5 11 12 13 14 15 18
  56712  6.25013282739E-04 -1.26050368131E-04    3  7 10 12 15 16 17 18 19 20
  56713 -6.25013122540E-04  1.26050306161E-04    1  3  4  6 11 12 13 14 16 17
  56714  6.25012742806E-04 -1.26050368131E-04    4  8  9 11 15 16 17 18 19 20
  56715  6.25012314742E-04 -1.26050338694E-04    2  5  6  9 11 14 17 18 19 20
  56716  6.25012031924E-04 -1.26050413800E-04    3  4  6  7  9 10 13 14 16 19
  56717  6.25011827563E-04 -1.26050338694E-04    1  5  6 10 12 13 17 18 19 20
  56718  6.25011544735E-04 -1.26050413800E-04    3  4  5  8  9 10 13 14 15 20
  56735  6.24139939465E-04 -2.19692008788E-04    4  5  7  8  9 10 11 12 13 20
  56736  6.24139213673E-04 -2.19696931323E-04    1  2  5  6 10 13 15 16 17 20
  56737  6.24138785650E-04 -2.19692008788E-04    3  6  7  8  9 10 11 12 14 19
  56738  6.24138059858E-04 -2.19696931323E-04    1  2  5  6  9 14 15 16 18 19
  56739  6.24137768585E-04 -2.19693195782E-04    4  5  6  7  8 11 15 16 17 20
  56740  6.24137323567E-04 -2.19697085536E-04    1  2  4  9 10 11 12 13 16 17
  56741  6.24135256531E-04 -2.19693195782E-04    3  5  6  7  8 12 15 16 18 19
  56742  6.24134811513E-04 -2.19697085536E-04    1  2  3  9 10 11 12 14 15 18
  56791 -6.19608184784E-04  5.73807746128E-04    3  4  7  8  9 11 12 14 16 17
  56792 -6.19608000545E-04  5.73807821330E-04    1  2  4  6 11 15 16 17 18 19
  56793 -6.19607091904E-04  5.73807861288E-04    1  2  4  6  9 10 11 13 14 19
  56794 -6.19607086544E-04  5.73807824058E-04    5  6  7  8  9 14 16 17 19 20
  56795 -6.19606941403E-04  5.73807861288E-04    1  2  3  5  9 10 12 13 14 20
  56796 -6.19606936043E-04  5.73807824058E-04    5  6  7  8 10 13 15 18 19 20
  56797 -6.19606816436E-04  5.73807746128E-04    3  4  7  8 10 11 12 13 15 18
  56798 -6.19606632198E-04  5.73807821330E-04    1  2  3  5 12 15 16 17 18 20
  56815 -6.18402345260E-04  1.96527669161E-04    1  5  6  8  9 10 11 13 14 16
  56816 -6.18402292074E-04  1.96527756125E-04    1  5  8 10 11 12 15 16 17 18
  56817 -6.18402198170E-04  1.96527669161E-04    2  5  6  7  9 10 12 13 14 15
  56818 -6.18401779951E-04  1.96524843554E-04    1  5  6  8  9 10 11 16 19 20
  56819 -6.18401632850E-04  1.96524843554E-04    2  5  6  7  9 10 12 15 19 20
  56820 -6.18401350370E-04  1.96528479511E-04    1  3  4  5  8 10 11 12 15 16
  56821 -6.18400644721E-04  1.96527756125E-04    2  6  7  9 11 12 15 16 17 18
  56822 -6.18399703016E-04  1.96528479511E-04    2  3  4  6  7  9 11 12 15 16
  56903  6.09934653663E-04 -6.44315945946E-05    1  3  4  7  8 10 13 14 15 18
  56904  6.09934364896E-04 -6.44224714388E-05    1  2  3  5  8 12 17 18 19 20
  56905 -6.09934179742E-04  6.44224294467E-05    1  7  8  9 14 16 17 18 19 20
  56906  6.09934107550E-04 -6.44224965901E-05    1  2  3  4  6  8 11 13 14 19
  56907  6.09933899662E-04 -6.44315945946E-05    2  3  4  7  8  9 13 14 16 17
  56908  6.09933610895E-04 -6.44224714388E-05    1  2  4  6  7 11 17 18 19 20
  56909 -6.09932712720E-04  6.44224294467E-05    2  7  8 10 13 15 17 18 19 20
  56910  6.09932640529E-04 -6.44224965901E-05    1  2  3  4  5  7 12 13 14 20
  56943 -6.04563423906E-04  9.47555562452E-04    1  4  5  8  9 11 12 13 14 18
  56944 -6.04563072139E-04  9.47555615513E-04    1  3  6  8 10 15 16 17 19 20
  56945  6.04562222454E-04 -9.47555562452E-04    2  3  6  7 10 11 12 13 14 17
  56946 -6.04562100141E-04  9.47555567726E-04    1  5  6  8 11 14 15 17 18 20
  56947  6.04561870698E-04 -9.47555615513E-04    2  4  5  7  9 15 16 18 19 20
  56948 -6.04561730306E-04  9.47555697327E-04    1  3  4  8  9 10 12 13 16 19
  56949  6.04560830773E-04 -9.47555567726E-04    2  5  6  7 12 13 16 17 18 19
  56950  6.04560460938E-04 -9.47555697327E-04    2  3  4  7  9 10 11 14 15 20
  56967 -6.02174458251E-04  9.10349068190E-05    5  6  7  8 11 12 17 18 19 20
  56968 -6.02174388754E-04  9.10495261326E-05    1  2  3  4  9 10 13 14 15 16
  56969 -6.02173780347E-04  9.10363915163E-05    3  4  5  6  7  8 11 12 13 14
  56970 -6.02173527981E-04  9.10364240544E-05    1  2  9 10 15 16 17 18 19 20
  57019  5.95556626512E-04 -4.74790699995E-04    1  4  7  8 10 13 14 15 18 19
  57020  5.95556329753E-04 -4.74663375913E-04    1  2  3  5  8 12 14 17 19 20
  57021 -5.95553026296E-04  4.74790699995E-04    2  3  7  8  9 13 14 16 17 20
  57022 -5.95552729537E-04  4.74663375913E-04    1  2  4  6  7 11 13 18 19 20
  57023  5.95550525224E-04 -4.74722680768E-04    1  3  7  8  9 14 16 17 18 20
  57024 -5.95550231624E-04  4.74663659612E-04    1  2  3  4  6  8 11 13 18 19
  57025 -5.95548035272E-04  4.74722680768E-04    2  4  7  8 10 13 15 17 18 19
  57026  5.95547741662E-04 -4.74663659612E-04    1  2  3  4  5  7 12 14 17 20
  57043  5.91329222690E-04 -3.16144560631E-05    1  2  4  5  6  7  9 12 13 14
  57044  5.91329101367E-04 -3.16144560631E-05    1  2  3  5  6  8 10 11 13 14
  57045 -5.91328960258E-04  3.16145207592E-05    2  6  7  8  9 10 15 17 19 20
  57046 -5.91328838935E-04  3.16145207592E-05    1  5  7  8  9 10 16 18 19 20
  57047  5.91328535710E-04 -3.16144877383E-05    1  2  5  8 11 12 16 17 18 19
  57048  5.91328342132E-04 -3.16145367608E-05    1  3  4  7  8 10 11 14 15 16
  57049  5.91327851837E-04 -3.16144877383E-05    1  2  6  7 11 12 15 17 18 20
  57050  5.91327658258E-04 -3.16145367608E-05    2  3  4  7  8  9 12 13 15 16
  57067  5.88995204276E-04 -6.61398939399E-05    2  3  6  7  9 12 13 17 18 20
  57068 -5.88995048373E-04  6.61401015432E-05    2  3  4  6  7  9 13 15 18 20
  57069  5.88994403523E-04 -6.61398939399E-05    1  4  5  8 10 11 14 17 18 19
  57070 -5.88994247620E-04  6.61401015432E-05    1  3  4  5  8 10 14 16 17 19
  57071 -5.88993179843E-04  6.61482499743E-05    1  3  5  8 11 13 14 16 18 20
  57072 -5.88993048506E-04  6.61483888295E-05    1  3  8 10 11 13 16 18 19 20
  57073 -5.88991845875E-04  6.61482499743E-05    2  4  6  7 12 13 14 15 17 19
  57074 -5.88991714527E-04  6.61483888295E-05    2  4  7  9 12 14 15 17 19 20
  57139 -5.81399579878E-04  3.51048324294E-04    2  4  6  7  9 11 12 13 14 19
  57140 -5.81399283445E-04  3.51041083557E-04    2  6  7  9 14 15 16 17 19 20
  57141  5.81398812767E-04 -3.51048324294E-04    1  3  5  8 10 11 12 13 14 20
  57142  5.81398672027E-04 -3.51042507871E-04    2  3  5  6  7 12 15 17 18 20
  57143 -5.81398545270E-04  3.51042507871E-04    1  4  5  6  8 11 16 17 18 19
  57144  5.81398516334E-04 -3.51041083557E-04    1  5  8 10 13 15 16 18 19 20
  57145 -5.81398465044E-04  3.51048437132E-04    2  3  4  7  9 10 12 13 15 18
  57146  5.81398338287E-04 -3.51048437132E-04    1  3  4  8  9 10 11 14 16 17
  57147 -5.81121759539E-04  3.38240732711E-04    1  3  4  5  8 10 11 12 13 18
  57148 -5.81121500382E-04  3.38247841880E-04    1  3  5  8 10 15 16 17 18 20
  57149  5.81121425357E-04 -3.38240732711E-04    2  3  4  6  7  9 11 12 14 17
  57150  5.81121166189E-04 -3.38247841880E-04    2  4  6  7  9 15 16 17 18 19
  57151 -5.81121066410E-04  3.38247795303E-04    1  5  6  8 11 14 16 17 19 20
  57152  5.81120847244E-04 -3.38296581304E-04    1  4  8  9 10 11 13 14 16 19
  57153  5.81120636050E-04 -3.38247795303E-04    2  5  6  7 12 13 15 18 19 20
  57154 -5.81120416884E-04  3.38296581304E-04    2  3  7  9 10 12 13 14 15 20
  57203  5.76685910977E-04 -6.36966599638E-04    1  2  6  7 10 11 12 14 15 19
  57204  5.76685812450E-04 -6.36900236803E-04    2  5  7  8  9 12 14 15 16 19
  57205 -5.76682352132E-04  6.36966599638E-04    1  2  5  8  9 11 12 13 16 20
  57206 -5.76682253595E-04  6.36900236803E-04    1  6  7  8 10 11 13 15 16 20
  57207 -5.76681534794E-04  6.36969291329E-04    1  2  4  5  6  8 10 11 15 17
  57208 -5.76681226411E-04  6.36980133081E-04    1  4  5  7  8  9 10 12 16 17
  57209  5.76679310749E-04 -6.36969291329E-04    1  2  3  5  6  7  9 12 16 18
  57210  5.76679002365E-04 -6.36980133081E-04    2  3  6  7  8  9 10 11 15 18
  57219 -5.73774371751E-04  2.70775727099E-04    3  4  7  8  9 11 12 14 18 19
  57220 -5.73773690436E-04  2.70770422536E-04    1  2  3  6 14 15 16 17 18 19
  57221 -5.73772608645E-04  2.70775727099E-04    3  4  7  8 10 11 12 13 17 20
  57222 -5.73772296765E-04  2.70775961064E-04    4  5  6  7  8 13 16 17 19 20
  57223 -5.73772045947E-04  2.70775961064E-04    3  5  6  7  8 14 15 18 19 20
  57224 -5.73771927330E-04  2.70770422536E-04    1  2  4  5 13 15 16 17 18 20
  57225 -5.73771750104E-04  2.70815150725E-04    1  2  4  9 10 11 13 14 17 20
  57226 -5.73771499297E-04  2.70815150725E-04    1  2  3  9 10 12 13 14 18 19
  57239  5.70864524451E-04 -4.70652318331E-04    2  3  7  8  9 10 13 14 16 17
  57240 -5.70864236969E-04  4.70576962098E-04    1  2  4  5  6  7 11 18 19 20
  57241  5.70864207222E-04 -4.70652318331E-04    1  4  7  8  9 10 13 14 15 18
  57242  5.70863935029E-04 -4.70584696053E-04    1  7  8  9 14 15 16 17 18 20
  57243 -5.70863919729E-04  4.70576962098E-04    1  2  3  5  6  8 12 17 19 20
  57244  5.70863857425E-04 -4.70525907616E-04    1  2  3  4  6  8 11 12 13 19
  57245  5.70863506301E-04 -4.70584696053E-04    2  7  8 10 13 15 16 17 18 19
  57246  5.70863428697E-04 -4.70525907616E-04    1  2  3  4  5  7 11 12 14 20
  57271  5.68875742183E-04 -1.72843570967E-04    3  4  6  7  8  9 10 11 19 20
  57272 -5.68875453585E-04  1.72843570967E-04    3  4  5  7  8  9 10 12 19 20
  57273  5.68874946673E-04 -1.72844041694E-04    1  2  5  6  9 13 14 16 17 18
  57274 -5.68874658085E-04  1.72844041694E-04    1  2  5  6 10 13 14 15 17 18
  57275 -5.68873897261E-04  1.72843899908E-04    3  4  5  7  8 12 15 16 19 20
  57276 -5.68873344156E-04  1.72869036356E-04    1  2 10 11 12 13 14 15 17 18
  57277  5.68872339863E-04 -1.72843899908E-04    3  4  6  7  8 11 15 16 19 20
  57278  5.68871786758E-04 -1.72869036356E-04    1  2  9 11 12 13 14 16 17 18
  57279 -5.68227579132E-04  1.55338001579E-03    1  5  8  9 10 11 12 13 14 18
  57280 -5.68227341065E-04  1.55338001579E-03    2  6  7  9 10 11 12 13 14 17
  57281  5.68227247319E-04 -1.55335433161E-03    1  3  5  6  8 10 15 16 19 20
  57282  5.68227009253E-04 -1.55335433161E-03    2  4  5  6  7  9 15 16 19 20
  57283 -5.68227007621E-04  1.55338002353E-03    1  5  6  8 11 14 15 16 17 18
  57284 -5.68226597636E-04  1.55338026322E-03    1  3  4  8  9 10 11 12 16 19
  57285 -5.68226366403E-04  1.55338002353E-03    2  5  6  7 12 13 15 16 17 18
  57286 -5.68225956418E-04  1.55338026322E-03    2  3  4  7  9 10 11 12 15 20
  57363 -5.61210301971E-04  1.16133035183E-03    2  4  7  9 10 11 13 15 16 18
  57364  5.61210265959E-04 -1.16133035183E-03    1  3  8  9 10 12 14 15 16 17
  57365  5.61209068351E-04 -1.16131202623E-03    2  3  5  6  7 11 12 16 17 20
  57366 -5.61209032350E-04  1.16131202623E-03    1  4  5  6  8 11 12 15 18 19
  57367  5.61205169501E-04 -1.16118552837E-03    1  6  8  9 10 13 15 16 18 19
  57368  5.61204593041E-04 -1.16133147090E-03    1  3  5  6  8  9 11 12 14 20
  57369 -5.61200811830E-04  1.16118552837E-03    2  5  7  9 10 14 15 16 17 20
  57370 -5.61200235370E-04  1.16133147090E-03    2  4  5  6  7 10 11 12 13 19
  57443  5.48995648845E-04 -3.89469794056E-04    3  4  5  7  8  9 11 12 14 16
  57444 -5.48995529291E-04  3.89518587295E-04    1  2  6 10 11 15 16 17 18 19
  57445  5.48995439872E-04 -3.89469794056E-04    3  4  6  7  8 10 11 12 13 15
  57446 -5.48995320328E-04  3.89518587295E-04    1  2  5  9 12 15 16 17 18 20
  57447 -5.48994475171E-04  3.89518607178E-04    1  2  3  5  9 10 12 13 14 16
  57448  5.48994453754E-04 -3.89512137781E-04    5  6  7  8 10 11 15 18 19 20
  57449 -5.48994427903E-04  3.89518607178E-04    1  2  4  6  9 10 11 13 14 15
  57450  5.48994406486E-04 -3.89512137781E-04    5  6  7  8  9 12 16 17 19 20
  57531  5.35058086593E-04 -1.49971773515E-04    3  4  5  7 10 15 16 17 18 20
  57532  5.35057880632E-04 -1.49968734963E-04    2  3  4  5 10 11 12 13 17 18
  57533 -5.35057609586E-04  1.49993267254E-04    3  8  9 10 12 13 14 15 19 20
  57534  5.35057477186E-04 -1.49971773515E-04    3  4  6  8  9 15 16 17 18 19
  57535 -5.35057414323E-04  1.49993267254E-04    4  7  9 10 11 13 14 16 19 20
  57536  5.35057353756E-04 -1.49971822312E-04    1  5  6 12 13 14 15 18 19 20
  57537  5.35057271224E-04 -1.49968734963E-04    1  3  4  6  9 11 12 14 17 18
  57538  5.35057158493E-04 -1.49971822312E-04    2  5  6 11 13 14 16 17 19 20
  57547  5.33943547553E-04 -3.61452908152E-03    2  4  5  7 12 13 14 15 18 19
  57548  5.33943137873E-04 -3.61452937578E-03    2  3  7 10 12 14 15 17 19 20
  57549 -5.33941098246E-04  3.61445391047E-03    1  4  5  8 10 12 13 17 18 19
  57550  5.33940513025E-04 -3.61407712536E-03    1  3  4  5  8 10 14 15 17 20
  57551  5.33936651640E-04 -3.61452908152E-03    1  3  6  8 11 13 14 16 17 20
  57552  5.33936241960E-04 -3.61452937578E-03    1  4  8  9 11 13 16 18 19 20
  57553 -5.33927482656E-04  3.61445391047E-03    2  3  6  7  9 11 14 17 18 20
  57554  5.33926897425E-04 -3.61407712536E-03    2  3  4  6  7  9 13 16 18 19
  57747 -5.13733338576E-04  9.70627869142E-04    1  3  6  8 10 11 12 13 14 17
  57748  5.13733168753E-04 -9.70627869142E-04    2  4  5  7  9 11 12 13 14 18
  57749 -5.13732952167E-04  9.70627927904E-04    1  4  5  8  9 15 16 18 19 20
  57750  5.13732782344E-04 -9.70627927904E-04    2  3  6  7 10 15 16 17 19 20
  57751 -5.13732714564E-04  9.70627894025E-04    1  5  6  8 12 13 16 17 18 19
  57752  5.13732610456E-04 -9.70627894025E-04    2  5  6  7 11 14 15 17 18 20
  57753 -5.13732361313E-04  9.70628018206E-04    1  3  4  8  9 10 11 14 15 20
  57754  5.13732257205E-04 -9.70628018206E-04    2  3  4  7  9 10 12 13 16 19
  57779 -5.09014686107E-04  2.11709807055E-03    1  2  5  8  9 11 13 14 16 20
  57780  5.09014458538E-04 -2.11683328751E-03    1  6  7  8 10 11 13 16 19 20
  57781  5.09014050817E-04 -2.11709807055E-03    1  2  6  7 10 12 13 14 15 19
  57782 -5.09013823249E-04  2.11683328751E-03    2  5  7  8  9 12 14 15 19 20
  57783  5.09011391884E-04 -2.11709810299E-03    1  2  4  5  8 10 11 15 17 18
  57784  5.09010730649E-04 -2.11709872309E-03    1  3  4  5  7  8 10 12 16 17
  57785 -5.08999961664E-04  2.11709810299E-03    1  2  3  6  7  9 12 16 17 18
  57786 -5.08999300429E-04  2.11709872309E-03    2  3  4  6  7  8  9 11 15 18
  57811 -5.06082484646E-04  3.09241896659E-04    1  3  4 11 12 13 14 16 17 18
  57812  5.06082246642E-04 -3.09241896659E-04    2  3  4 11 12 13 14 15 17 18
  57813 -5.06082118338E-04  3.09197470007E-04    3  4  8 11 15 16 17 18 19 20
  57814 -5.06082055044E-04  3.09197434476E-04    2  5  6  9 13 14 17 18 19 20
  57815  5.06081945661E-04 -3.09197434476E-04    1  5  6 10 13 14 17 18 19 20
  57816  5.06081880334E-04 -3.09197470007E-04    3  4  7 12 15 16 17 18 19 20
  57817 -5.06081742553E-04  3.09197533061E-04    3  4  6  7  9 10 13 14 19 20
  57818  5.06081633170E-04 -3.09197533061E-04    3  4  5  8  9 10 13 14 19 20
  57819 -5.04473351677E-04  1.64760497923E-03    1  4  5  8  9 10 11 12 13 18
  57820  5.04473027003E-04 -1.64761197629E-03    1  3  5  6  8 10 15 16 17 20
  57821 -5.04471676483E-04  1.64763925797E-03    1  5  6  8 11 14 15 16 17 20
  57822  5.04471295349E-04 -1.64763949227E-03    1  4  8  9 10 11 12 13 16 19
  57823  5.04470253317E-04 -1.64760497923E-03    2  3  6  7  9 10 11 12 14 17
  57824 -5.04469928655E-04  1.64761197629E-03    2  4  5  6  7  9 15 16 18 19
  57825  5.04467161603E-04 -1.64763925797E-03    2  5  6  7 12 13 15 16 18 19
  57826 -5.04466780469E-04  1.64763949227E-03    2  3  7  9 10 11 12 14 15 20
  57923  4.92793296460E-04 -1.01147386286E-05    2  3  4  6 11 12 13 14 15 19
  57924  4.92793277591E-04 -1.01145827269E-05    2  3  5  6  9 12 17 18 19 20
  57925 -4.92793163944E-04  1.01147904332E-05    3  4  6  7  9 10 13 14 15 18
  57926 -4.92793086414E-04  1.01147752920E-05    7  9 12 14 15 16 17 18 19 20
  57927  4.92792164484E-04 -1.01147386286E-05    1  3  4  5 11 12 13 14 16 20
  57928  4.92792085027E-04 -1.01145827269E-05    1  4  5  6 10 11 17 18 19 20
  57929 -4.92791971380E-04  1.01147904332E-05    3  4  5  8  9 10 13 14 16 17
  57930 -4.92791954437E-04  1.01147752920E-05    8 10 11 13 15 16 17 18 19 20
  57979 -4.88037861336E-04  1.72098323927E-04    3  4  7  8  9 11 12 16 19 20
  57980  4.88037609739E-04 -1.72098323927E-04    3  4  7  8 10 11 12 15 19 20
  57981 -4.88037135828E-04  1.72098765725E-04    1  2  6 11 13 14 15 16 17 18
  57982  4.88036884231E-04 -1.72098765725E-04    1  2  5 12 13 14 15 16 17 18
  57983  4.88036466032E-04 -1.72095752948E-04    3  4  5  6  7  8 10 15 19 20
  57984 -4.88035983171E-04  1.72095752948E-04    3  4  5  6  7  8  9 16 19 20
  57985  4.88035853645E-04 -1.72098901106E-04    1  2  5  9 10 12 13 14 17 18
  57986 -4.88035370784E-04  1.72098901106E-04    1  2  6  9 10 11 13 14 17 18
  58019 -4.78062296410E-04  6.94201539411E-05    1  2  4  6 10 11 12 13 15 17
  58020 -4.78061844306E-04  6.94290381892E-05    4  5  7  8  9 12 15 16 17 20
  58021 -4.78059695927E-04  6.94288931793E-05    1  2  5  6  9 12 13 16 17 20
  58022 -4.78058812737E-04  6.94207449166E-05    4  6  7  8  9 10 11 13 15 20
  58023  4.78058603416E-04 -6.94201539411E-05    1  2  3  5  9 11 12 14 16 18
  58024  4.78058151302E-04 -6.94290381892E-05    3  6  7  8 10 11 15 16 18 19
  58025  4.78056161027E-04 -6.94288931793E-05    1  2  5  6 10 11 14 15 18 19
  58026  4.78055277836E-04 -6.94207449166E-05    3  5  7  8  9 10 12 14 16 19
  58067 -4.72346994893E-04  1.02311204583E-04    1  2  3  5  6  7 10 12 13 14
  58068  4.72346721910E-04 -1.02311261513E-04    2  5  7  8  9 10 15 18 19 20
  58069 -4.72346649781E-04  1.02311204583E-04    1  2  4  5  6  8  9 11 13 14
  58070  4.72346376809E-04 -1.02311261513E-04    1  6  7  8  9 10 16 17 19 20
  58071 -4.72346105268E-04  1.02311222940E-04    1  2  6  7 11 12 16 17 18 19
  58072 -4.72345970309E-04  1.02311222940E-04    1  2  5  8 11 12 15 17 18 20
  58073 -4.72345798390E-04  1.02311301278E-04    2  3  4  7  8  9 11 14 15 16
  58074 -4.72345663431E-04  1.02311301278E-04    1  3  4  7  8 10 12 13 15 16
  58139 -4.65379944236E-04  9.85016663371E-04    1  4  5  8  9 11 12 13 14 20
  58140 -4.65379656701E-04  9.84893344404E-04    1  6  8 10 13 15 16 17 19 20
  58141  4.65378763876E-04 -9.85016663371E-04    2  3  6  7 10 11 12 13 14 19
  58142  4.65378476330E-04 -9.84893344404E-04    2  5  7  9 14 15 16 18 19 20
  58143  4.65378461705E-04 -9.85000287381E-04    1  4  5  6  8 11 15 17 18 20
  58144 -4.65378195429E-04  9.85016762450E-04    1  3  4  8  9 10 12 13 16 17
  58145 -4.65378076106E-04  9.85000287381E-04    2  3  5  6  7 12 16 17 18 19
  58146  4.65377809841E-04 -9.85016762450E-04    2  3  4  7  9 10 11 14 15 18
  58499  4.21445151295E-04 -8.48796212118E-04    1  3  4 10 11 13 16 17 18 20
  58500  4.21445055865E-04 -8.48778679956E-04    3  4  5  8 11 13 16 17 18 20
  58501  4.21442943445E-04 -8.48796259617E-04    1  4  5 10 13 14 16 17 19 20
  58502  4.21442782509E-04 -8.48796454212E-04    4  5  8 10 11 13 14 17 19 20
  58503 -4.21439437565E-04  8.48796212118E-04    2  3  4  9 12 14 15 17 18 19
  58504 -4.21439342134E-04  8.48778679956E-04    3  4  6  7 12 14 15 17 18 19
  58505 -4.21438080316E-04  8.48796259617E-04    2  3  6  9 13 14 15 18 19 20
  58506 -4.21437919379E-04  8.48796454212E-04    3  6  7  9 12 13 14 18 19 20
  58515 -4.17940088149E-04  2.45941632069E-03    1  5  8 10 11 12 14 15 17 18
  58516 -4.17939410572E-04  2.45972434687E-03    2  5  6  7 10 12 13 14 15 17
  58517  4.17939356207E-04 -2.45972497524E-03    1  3  4  5  8 10 12 15 16 19
  58518  4.17939094744E-04 -2.45972466432E-03    2  4  5  7  9 10 12 15 19 20
  58519  4.17936246939E-04 -2.45972434687E-03    1  5  6  8  9 11 13 14 16 18
  58520 -4.17935931111E-04  2.45972466432E-03    1  3  6  8  9 10 11 16 19 20
  58521  4.17932089564E-04 -2.45941632069E-03    2  6  7  9 11 12 13 16 17 18
  58522 -4.17931357623E-04  2.45972497524E-03    2  3  4  6  7  9 11 15 16 20
  58547 -4.11858102586E-04  2.71275525926E-04    1  2  5  6  7  9 10 12 13 14
  58548  4.11858054981E-04 -2.71275525926E-04    1  2  5  6  8  9 10 11 13 14
  58549 -4.11857848462E-04  2.71271083455E-04    2  5  6  7  8  9 10 15 19 20
  58550  4.11857800857E-04 -2.71271083455E-04    1  5  6  7  8  9 10 16 19 20
  58551 -4.11857387239E-04  2.71275535785E-04    1  2  5  8 11 12 15 16 17 18
  58552  4.11857293988E-04 -2.71275535785E-04    1  2  6  7 11 12 15 16 17 18
  58553 -4.11857028723E-04  2.71275649798E-04    1  3  4  7  8 10 11 12 15 16
  58554  4.11856935472E-04 -2.71275649798E-04    2  3  4  7  8  9 11 12 15 16
  58571  4.10410162203E-04 -2.78865687030E-05    3  7  8  9 10 12 13 14 17 18
  58572  4.10409920599E-04 -2.78822379099E-05    1  2  3  4  5  6 15 18 19 20
  58573 -4.10409674877E-04  2.78865687030E-05    4  7  8  9 10 11 13 14 17 18
  58574 -4.10409433263E-04  2.78822379099E-05    1  2  3  4  5  6 16 17 19 20
  58575 -4.10409149760E-04  2.78826967181E-05    6  7  8 13 14 15 16 17 18 19
  58576  4.10408992668E-04 -2.78827972353E-05    1  2  3  4  9 11 12 14 19 20
  58577  4.10408711177E-04 -2.78826967181E-05    5  7  8 13 14 15 16 17 18 20
  58578 -4.10408554084E-04  2.78827972353E-05    1  2  3  4 10 11 12 13 19 20
  58611 -4.07160484420E-04  1.10167920158E-04    4  7  8 12 13 14 15 16 17 19
  58612 -4.07160432940E-04  1.10152122685E-04    1  2  4 11 12 14 15 17 19 20
  58613 -4.07160139466E-04  1.10138262429E-04    4  5  7  8  9 10 14 17 18 19
  58614 -4.07160122587E-04  1.10152095908E-04    1  2  3  4  5  6 10 14 17 19
  58615 -4.07159511326E-04  1.10138262429E-04    3  6  7  8  9 10 13 17 18 20
  58616 -4.07159494447E-04  1.10152095908E-04    1  2  3  4  5  6  9 13 18 20
  58617 -4.07158706487E-04  1.10167920158E-04    3  7  8 11 13 14 15 16 18 20
  58618 -4.07158655007E-04  1.10152122685E-04    1  2  3 11 12 13 16 18 19 20
  58643  3.98669476973E-04 -1.02651532263E-03    1  3  4  6  8 10 11 12 13 17
  58644  3.98669195945E-04 -1.02664388690E-03    1  4  5  8  9 15 16 17 18 20
  58645  3.98668994101E-04 -1.02664387683E-03    1  5  6  8 12 13 16 17 19 20
  58646 -3.98668727657E-04  1.02679173973E-03    1  4  8  9 10 11 13 14 15 20
  58647 -3.98668614283E-04  1.02664387683E-03    2  5  6  7 11 14 15 18 19 20
  58648  3.98668347839E-04 -1.02679173973E-03    2  3  7  9 10 12 13 14 16 19
  58649 -3.98668198338E-04  1.02651532263E-03    2  3  4  5  7  9 11 12 14 18
  58650 -3.98667917311E-04  1.02664388690E-03    2  3  6  7 10 15 16 17 18 19
  58659 -3.98496463904E-04  7.08554608777E-04    2  3  4  7  8  9 10 13 17 20
  58660 -3.98496347424E-04  7.08554608777E-04    1  3  4  7  8  9 10 14 18 19
  58661 -3.98496196449E-04  7.08554758080E-04    1  2  4  5  6  7 13 17 18 20
  58662 -3.98496079969E-04  7.08554758080E-04    1  2  3  5  6  8 14 17 18 19
  58663  3.98495965300E-04 -7.08554681811E-04    2  4  7  8 13 15 16 17 19 20
  58664 -3.98495779904E-04  7.08656768055E-04    1  2  4  7 11 12 13 14 17 20
  58665  3.98495408784E-04 -7.08554681811E-04    1  3  7  8 14 15 16 18 19 20
  58666 -3.98495223387E-04  7.08656768055E-04    1  2  3  8 11 12 13 14 18 19
  58819 -3.81808779969E-04  5.19840253632E-06    1  4  5  6 13 14 17 18 19 20
  58820 -3.81808732206E-04  5.19912956151E-06    1  3  4 11 12 13 14 17 18 20
  58821 -3.81808604270E-04  5.19920057194E-06    3  4  8  9 10 13 14 17 19 20
  58822  3.81808485568E-04 -5.19842467304E-06    3  4  8 13 15 16 17 18 19 20
  58823  3.81808447977E-04 -5.19912956151E-06    2  3  4 11 12 13 14 17 18 19
  58824 -3.81808201339E-04  5.19842467304E-06    3  4  7 14 15 16 17 18 19 20
  58825  3.81808200402E-04 -5.19840253632E-06    2  3  5  6 13 14 17 18 19 20
  58826  3.81808024714E-04 -5.19920057194E-06    3  4  7  9 10 13 14 18 19 20
  58843 -3.79039686776E-04  9.78625106014E-04    1  2  3  4  5  7  9 12 14 18
  58844  3.79039600127E-04 -9.78625106014E-04    1  2  3  4  6  8 10 11 13 17
  58845  3.79039448193E-04 -9.78747737190E-04    2  3  6  7  8 10 15 17 18 19
  58846 -3.79039361544E-04  9.78747737190E-04    1  4  5  7  8  9 16 17 18 20
  58847 -3.79039047011E-04  9.78727292960E-04    1  2  5  8 12 13 16 17 19 20
  58848  3.79038779230E-04 -9.78888693778E-04    1  4  7  8 10 11 13 14 15 20
  58849  3.79038415839E-04 -9.78727292960E-04    1  2  6  7 11 14 15 18 19 20
  58850 -3.79038148058E-04  9.78888693778E-04    2  3  7  8  9 12 13 14 16 19
  58947 -3.62298126809E-04  5.96191448863E-05    1  3  4  6  8  9 10 13 14 15
  58948  3.62298113152E-04 -5.96181614367E-05    1  5  6  8  9 12 17 18 19 20
  58949 -3.62297621488E-04  5.96191448863E-05    2  3  4  5  7  9 10 13 14 16
  58950  3.62297607831E-04 -5.96181614367E-05    2  5  6  7 10 11 17 18 19 20
  58951 -3.62297474956E-04  5.96191425775E-05    1  3  4  6  8 11 12 13 14 15
  58952  3.62297391961E-04 -5.96191576599E-05    1  8  9 12 15 16 17 18 19 20
  58953 -3.62296488132E-04  5.96191425775E-05    2  3  4  5  7 11 12 13 14 16
  58954  3.62296405147E-04 -5.96191576599E-05    2  7 10 11 15 16 17 18 19 20
  58987  3.59671631256E-04 -3.51817608458E-04    2  3  4  6  7  8  9 10 11 19
  58988  3.59671289599E-04 -3.51817608458E-04    1  3  4  5  7  8  9 10 12 20
  58989  3.59671131484E-04 -3.51817842852E-04    1  2  5  6  7  9 14 16 17 18
  58990  3.59670789827E-04 -3.51817842852E-04    1  2  5  6  8 10 13 15 17 18
  58991 -3.59669241663E-04  3.51817782809E-04    1  4  6  7  8 11 15 16 19 20
  58992 -3.59669114959E-04  3.51817782809E-04    2  3  5  7  8 12 15 16 19 20
  58993 -3.59668946641E-04  3.51868561312E-04    1  2  8  9 11 12 13 14 16 17
  58994 -3.59668819937E-04  3.51868561312E-04    1  2  7 10 11 12 13 14 15 18
  59011 -3.58119514218E-04  1.93860529681E-03    1  3  8 10 11 13 14 16 17 18
  59012  3.58118760385E-04 -1.93860529681E-03    2  4  7  9 12 13 14 15 17 18
  59013  3.58118506640E-04 -1.93832736821E-03    1  3  4  5  8 11 16 18 19 20
  59014 -3.58117752796E-04  1.93832736821E-03    2  3  4  6  7 12 15 17 19 20
  59015  3.58117588206E-04 -1.93832665531E-03    1  5  8 10 13 14 16 17 18 19
  59016  3.58116227430E-04 -1.93808533809E-03    1  3  4  5  8 10 11 14 19 20
  59017 -3.58109892151E-04  1.93832665531E-03    2  6  7  9 13 14 15 17 18 20
  59018 -3.58108531374E-04  1.93808533809E-03    2  3  4  6  7  9 12 13 19 20
  59059 -3.54591786137E-04  2.56578561133E-03    2  4  5  7 12 13 14 15 17 18
  59060  3.54591380016E-04 -2.56578596737E-03    2  3  4  7 10 12 15 17 19 20
  59061 -3.54589913458E-04  2.56578568312E-03    1  5  8 10 12 13 14 17 18 19
  59062  3.54589311421E-04 -2.56546498809E-03    1  3  4  5  8 10 14 15 19 20
  59063  3.54584527475E-04 -2.56578561133E-03    1  3  6  8 11 13 14 16 17 18
  59064  3.54584420462E-04 -2.56578568312E-03    2  6  7  9 11 13 14 17 18 20
  59065 -3.54584121344E-04  2.56578596737E-03    1  3  4  8  9 11 16 18 19 20
  59066 -3.54583818425E-04  2.56546498809E-03    2  3  4  6  7  9 13 16 19 20
  59143  3.46746707988E-04 -2.69543897046E-05    5  6  9 11 12 16 17 18 19 20
  59144  3.46746694763E-04 -2.69548414266E-05    3  4  6  9 10 11 13 14 15 16
  59145 -3.46746593551E-04  2.69548263679E-05    3  4  5  6 10 11 12 13 14 15
  59146  3.46746522496E-04 -2.69548263679E-05    3  4  5  6  9 11 12 13 14 16
  59147 -3.46746484474E-04  2.69548489455E-05    5  9 10 12 15 16 17 18 19 20
  59148  3.46746413419E-04 -2.69548489455E-05    6  9 10 11 15 16 17 18 19 20
  59149 -3.46746360223E-04  2.69543897046E-05    5  6 10 11 12 15 17 18 19 20
  59150 -3.46746346998E-04  2.69548414266E-05    3  4  5  9 10 12 13 14 15 16
  59215 -3.40394732722E-04  3.05209637420E-04    1  3  4 11 12 13 14 16 17 20
  59216 -3.40394460402E-04  3.05165761963E-04    4  8 11 13 15 16 17 18 19 20
  59217 -3.40394269572E-04  3.05209637420E-04    2  3  4 11 12 13 14 15 18 19
  59218 -3.40393997253E-04  3.05165761963E-04    3  7 12 14 15 16 17 18 19 20
  59219 -3.40393362110E-04  3.05165744684E-04    1  4  5  6 10 13 17 18 19 20
  59220  3.40393137248E-04 -3.05165818211E-04    3  4  5  8  9 10 13 14 17 20
  59221 -3.40393089380E-04  3.05165744684E-04    2  3  5  6  9 14 17 18 19 20
  59222  3.40392864508E-04 -3.05165818211E-04    3  4  6  7  9 10 13 14 18 19
  59271  3.36476115899E-04 -1.60724846528E-03    1  3  8 10 11 12 13 14 17 18
  59272 -3.36475924732E-04  1.60701724009E-03    1  5  6  8 13 14 16 17 18 19
  59273  3.36475818845E-04 -1.60724846528E-03    2  4  7  9 11 12 13 14 17 18
  59274 -3.36475718023E-04  1.60701733472E-03    1  3  4  5  8 15 16 18 19 20
  59275 -3.36475542524E-04  1.60701744643E-03    1  3  4  8  9 10 11 14 19 20
  59276 -3.36475420980E-04  1.60701733472E-03    2  3  4  6  7 15 16 17 19 20
  59277 -3.36474956272E-04  1.60701724009E-03    2  5  6  7 13 14 15 17 18 20
  59278 -3.36474574064E-04  1.60701744643E-03    2  3  4  7  9 10 12 13 19 20
  59307 -3.33378215901E-04  3.63717039585E-05    1  3  4  7  8 11 12 13 14 18
  59308  3.33378104254E-04 -3.63664897152E-05    1  2  3  8 15 16 17 18 19 20
  59309  3.33377830945E-04 -3.63664816328E-05    1  5  6  7  8 14 17 18 19 20
  59310 -3.33377796418E-04  3.63717241211E-05    1  2  3  4  8  9 10 13 14 19
  59311 -3.33377570387E-04  3.63664816328E-05    2  5  6  7  8 13 17 18 19 20
  59312  3.33377535850E-04 -3.63717241211E-05    1  2  3  4  7  9 10 13 14 20
  59313  3.33377479463E-04 -3.63717039585E-05    2  3  4  7  8 11 12 13 14 17
  59314 -3.33377367827E-04  3.63664897152E-05    1  2  4  7 15 16 17 18 19 20
  59315 -3.28892661781E-04  4.37221817247E-06    2  5  6  9 11 12 17 18 19 20
  59316 -3.28892565950E-04  4.37230986732E-06    3  4  6  7  9 10 13 14 15 16
  59317  3.28892558822E-04 -4.37227965541E-06    2  3  4  5  6 11 12 13 14 15
  59318  3.28892391747E-04 -4.37230453038E-06    7  9 10 12 15 16 17 18 19 20
  59319  3.28891932188E-04 -4.37221817247E-06    1  5  6 10 11 12 17 18 19 20
  59320 -3.28891876443E-04  4.37227965541E-06    1  3  4  5  6 11 12 13 14 16
  59321  3.28891836346E-04 -4.37230986732E-06    3  4  5  8  9 10 13 14 15 16
  59322 -3.28891709368E-04  4.37230453038E-06    8  9 10 11 15 16 17 18 19 20
  59355 -3.25640555234E-04  1.58819958298E-04    2  5  6  7 12 13 17 18 19 20
  59356 -3.25640411535E-04  1.58842840713E-04    2  3  4  7  9 10 13 14 15 20
  59357 -3.25640299204E-04  1.58819948377E-04    2  3  4  6  7 11 12 13 14 17
  59358 -3.25640226843E-04  1.58819948377E-04    1  3  4  5  8 11 12 13 14 18
  59359 -3.25640115144E-04  1.58819958298E-04    1  5  6  8 11 14 17 18 19 20
  59360  3.25640099086E-04 -1.58819969337E-04    2  4  7  9 15 16 17 18 19 20
  59361  3.25640026716E-04 -1.58819969337E-04    1  3  8 10 15 16 17 18 19 20
  59362 -3.25639971445E-04  1.58842840713E-04    1  3  4  8  9 10 13 14 16 19
  59371  3.25407996953E-04 -5.61476324647E-04    3  8  9 10 12 13 14 15 16 17
  59372 -3.25407688706E-04  5.61386414922E-04    1  4  5  6 11 12 15 18 19 20
  59373  3.25407572079E-04 -5.61476324647E-04    4  7  9 10 11 13 14 15 16 18
  59374 -3.25407263843E-04  5.61386414922E-04    2  3  5  6 11 12 16 17 19 20
  59375 -3.25407195105E-04  5.61325357062E-04    6  8  9 10 13 15 16 17 18 19
  59376 -3.25407061346E-04  5.61395782734E-04    1  3  4  5  6  9 11 12 14 20
  59377 -3.25406273533E-04  5.61325357062E-04    5  7  9 10 14 15 16 17 18 20
  59378 -3.25406139774E-04  5.61395782734E-04    2  3  4  5  6 10 11 12 13 19
  59395  3.24411006153E-04 -1.22082175830E-04    3  5  8  9 10 12 13 14 15 16
  59396  3.24410674435E-04 -1.22080331863E-04    1  5  6 10 11 12 15 18 19 20
  59397  3.24410239905E-04 -1.22082303388E-04    6  8  9 10 11 15 16 17 18 19
  59398  3.24410231008E-04 -1.22082175830E-04    4  6  7  9 10 11 13 14 15 16
  59399 -3.24410130333E-04  1.22082366781E-04    1  3  4  5  6  9 11 12 14 16
  59400  3.24409899290E-04 -1.22080331863E-04    2  5  6  9 11 12 16 17 19 20
  59401  3.24408529584E-04 -1.22082303388E-04    5  7  9 10 12 15 16 17 18 20
  59402 -3.24408420012E-04  1.22082366781E-04    2  3  4  5  6 10 11 12 13 15
  59467 -3.17795124171E-04  1.05582348230E-03    1  4  5  6  8 10 11 12 15 17
  59468 -3.17794848566E-04  1.05584104480E-03    2  5  6  7 10 11 12 14 15 19
  59469  3.17794842880E-04 -1.05584133875E-03    1  4  5  8  9 10 12 15 16 17
  59470 -3.17794736351E-04  1.05570899740E-03    2  5  7  9 10 12 14 15 16 19
  59471  3.17790448144E-04 -1.05584104480E-03    1  5  6  8  9 11 12 13 16 20
  59472  3.17790335929E-04 -1.05570899740E-03    1  6  8  9 10 11 13 15 16 20
  59473  3.17787535603E-04 -1.05582348230E-03    2  3  5  6  7  9 11 12 16 18
  59474 -3.17787254312E-04  1.05584133875E-03    2  3  6  7  9 10 11 15 16 18
  59475  3.16281873903E-04 -1.54832466594E-04    2  4  5  6  7  9 11 12 13 14
  59476 -3.16281824877E-04  1.54829901529E-04    2  5  6  7 11 12 15 17 18 20
  59477 -3.16281695667E-04  1.54832488090E-04    2  6  7  9 10 15 16 17 19 20
  59478  3.16281684916E-04 -1.54832466594E-04    1  3  5  6  8 10 11 12 13 14
  59479 -3.16281683663E-04  1.54832505104E-04    2  3  4  7  9 10 12 13 15 16
  59480 -3.16281598899E-04  1.54829901529E-04    1  5  6  8 11 12 16 17 18 19
  59481 -3.16281506679E-04  1.54832488090E-04    1  5  8  9 10 15 16 18 19 20
  59482 -3.16281457684E-04  1.54832505104E-04    1  3  4  8  9 10 11 14 15 16
  59483 -3.13790098666E-04  1.16011707915E-05    1  2  6  7  8 11 17 18 19 20
  59484 -3.13790091148E-04  1.16028408885E-05    1  2  3  4  7  8  9 13 14 16
  59485  3.13789609266E-04 -1.16011573264E-05    1  2  3  4  5  7  8 12 13 14
  59486  3.13789504042E-04 -1.16011814576E-05    1  2  7  8 10 15 17 18 19 20
  59487  3.13789029026E-04 -1.16011707915E-05    1  2  5  7  8 12 17 18 19 20
  59488  3.13789021507E-04 -1.16028408885E-05    1  2  3  4  7  8 10 13 14 15
  59489 -3.13788701899E-04  1.16011573264E-05    1  2  3  4  6  7  8 11 13 14
  59490 -3.13788596675E-04  1.16011814576E-05    1  2  7  8  9 16 17 18 19 20
  59555 -3.08719009092E-04  2.11091215364E-03    1  2  4  5  8 13 16 17 19 20
  59556  3.08718594631E-04 -2.11126023584E-03    1  4  7  8 10 11 13 14 17 20
  59557 -3.08716618709E-04  2.11095603384E-03    1  2  3  4  8 10 11 13 17 20
  59558  3.08716309872E-04 -2.11095603384E-03    1  2  3  4  7  9 12 14 18 19
  59559 -3.08716215420E-04  2.11091230188E-03    1  4  5  7  8 13 16 17 18 20
  59560  3.08715906573E-04 -2.11091230188E-03    2  3  6  7  8 14 15 17 18 19
  59561  3.08710188568E-04 -2.11091215364E-03    1  2  3  6  7 14 15 18 19 20
  59562 -3.08709774107E-04  2.11126023584E-03    2  3  7  8  9 12 13 14 18 19
  59563 -3.08657719075E-04  2.64800228075E-05    2  3  4  6  7 11 12 13 14 19
  59564 -3.08657604385E-04  2.64800228075E-05    1  3  4  5  8 11 12 13 14 20
  59565 -3.08657534962E-04  2.64800492404E-05    2  7  9 14 15 16 17 18 19 20
  59566 -3.08657420273E-04  2.64800492404E-05    1  8 10 13 15 16 17 18 19 20
  59567  3.08657067180E-04 -2.64795918245E-05    1  4  5  6  8 11 17 18 19 20
  59568  3.08656971654E-04 -2.64795918245E-05    2  3  5  6  7 12 17 18 19 20
  59569 -3.08656954701E-04  2.64838733197E-05    1  3  4  8  9 10 13 14 16 17
  59570 -3.08656859176E-04  2.64838733197E-05    2  3  4  7  9 10 13 14 15 18
  59587  3.07462657023E-04 -5.00255768348E-05    8  9 10 11 12 13 14 15 16 19
  59588 -3.07462414797E-04  5.00185011107E-05    1  5  6 11 12 14 15 16 19 20
  59589 -3.07462349776E-04  5.00176286096E-05    3  5  6  8  9 10 15 16 17 18
  59590  3.07462237730E-04 -5.00176931528E-05    1  3  4  5  6  9 10 11 12 18
  59591 -3.07462088334E-04  5.00255768348E-05    7  9 10 11 12 13 14 15 16 20
  59592  3.07461943224E-04 -5.00176286096E-05    4  5  6  7  9 10 15 16 17 18
  59593  3.07461846098E-04 -5.00185011107E-05    2  5  6 11 12 13 15 16 19 20
  59594 -3.07461831177E-04  5.00176931528E-05    2  3  4  5  6  9 10 11 12 17
  59627  3.03939995347E-04 -1.29664104064E-04    7  8  9 10 11 12 13 14 16 17
  59628  3.03939713562E-04 -1.29643438693E-04    1  2  4  5  6 11 15 16 19 20
  59629 -3.03939598861E-04  1.29664104064E-04    7  8  9 10 11 12 13 14 15 18
  59630 -3.03939317076E-04  1.29643438693E-04    1  2  3  5  6 12 15 16 19 20
  59631 -3.03938359829E-04  1.29645552630E-04    5  6  7  8  9 14 15 16 17 18
  59632  3.03938319553E-04 -1.29645552630E-04    5  6  7  8 10 13 15 16 17 18
  59633  3.03938252921E-04 -1.29645643601E-04    1  2  3  4  6  9 10 11 12 19
  59634 -3.03938212656E-04  1.29645643601E-04    1  2  3  4  5  9 10 11 12 20
  59687 -2.98741236684E-04  2.89089766740E-04    1  4  5  6  8  9 10 11 12 13
  59688  2.98741040294E-04 -2.89084991970E-04    1  5  6  8  9 10 15 16 17 20
  59689  2.98740828046E-04 -2.89084964168E-04    1  5  6  8 11 12 15 16 17 20
  59690 -2.98740825867E-04  2.89089766740E-04    2  3  5  6  7  9 10 11 12 14
  59691  2.98740705059E-04 -2.89084964168E-04    2  5  6  7 11 12 15 16 18 19
  59692  2.98740629477E-04 -2.89084991970E-04    2  5  6  7  9 10 15 16 18 19
  59693 -2.98740603985E-04  2.89089854896E-04    1  4  8  9 10 11 12 13 15 16
  59694 -2.98740480997E-04  2.89089854896E-04    2  3  7  9 10 11 12 14 15 16
  59743  2.96171060731E-04 -1.88309327153E-05    1  5  6  8 11 12 16 17 19 20
  59744 -2.96170943357E-04  1.88339933706E-05    1  4  8  9 10 11 13 14 15 16
  59745  2.96170924256E-04 -1.88312325590E-05    1  3  4  5  6  8 10 11 12 13
  59746  2.96170814420E-04 -1.88312325590E-05    2  3  4  5  6  7  9 11 12 14
  59747  2.96170773038E-04 -1.88312614289E-05    1  5  8  9 10 15 16 17 18 20
  59748  2.96170694624E-04 -1.88309327152E-05    2  5  6  7 11 12 15 18 19 20
  59749  2.96170663203E-04 -1.88312614289E-05    2  6  7  9 10 15 16 17 18 19
  59750 -2.96170577249E-04  1.88339933706E-05    2  3  7  9 10 12 13 14 15 16
  59823 -2.90245129863E-04  2.04385413692E-03    1  2  4  5  9 12 14 15 19 20
  59824  2.90244816709E-04 -2.04411040091E-03    6  7  8 10 12 13 14 15 17 19
  59825  2.90235415007E-04 -2.04385413692E-03    1  2  3  6 10 11 13 16 19 20
  59826 -2.90235101864E-04  2.04411040091E-03    5  7  8  9 11 13 14 16 18 20
  59827  2.90234430731E-04 -2.04411031839E-03    1  2  3  4  6  9 11 15 18 20
  59828 -2.90234009574E-04  2.04385481130E-03    3  6  7  8  9 12 13 16 17 18
  59829 -2.90231738683E-04  2.04411031839E-03    1  2  3  4  5 10 12 16 17 19
  59830  2.90231317525E-04 -2.04385481130E-03    4  5  7  8 10 11 14 15 17 18
  59895  2.82941479514E-04 -2.69915923472E-04    1  2  4  5  6  8  9 10 11 13
  59896 -2.82941390496E-04  2.69915922707E-04    1  2  5  8 11 12 15 16 17 20
  59897  2.82941287347E-04 -2.69911477579E-04    1  5  6  7  8  9 10 16 17 20
  59898  2.82941162106E-04 -2.69915923472E-04    1  2  3  5  6  7  9 10 12 14
  59899  2.82941119187E-04 -2.69916014874E-04    1  4  7  8 10 11 12 13 15 16
  59900  2.82940969939E-04 -2.69911477579E-04    2  5  6  7  8  9 10 15 18 19
  59901 -2.82940241177E-04  2.69915922707E-04    1  2  6  7 11 12 15 16 18 19
  59902  2.82939969879E-04 -2.69916014874E-04    2  3  7  8  9 11 12 14 15 16
  59903 -2.80225092133E-04  2.51300888209E-05    3  4  6  8  9 10 11 12 13 15
  59904  2.80225087342E-04 -2.51328147870E-05    1  5  6  9 12 15 16 17 18 20
  59905  2.80225050319E-04 -2.51332282101E-05    1  4  6  9 10 11 12 13 14 15
  59906  2.80224998724E-04 -2.51328311528E-05    5  6  8  9 12 15 16 17 19 20
  59907 -2.80224816697E-04  2.51300888209E-05    3  4  5  7  9 10 11 12 14 16
  59908  2.80224811906E-04 -2.51328147870E-05    2  5  6 10 11 15 16 17 18 19
  59909  2.80224569964E-04 -2.51332282101E-05    2  3  5  9 10 11 12 13 14 16
  59910  2.80224518369E-04 -2.51328311528E-05    5  6  7 10 11 15 16 18 19 20
  59919 -2.79702433282E-04  3.94392065473E-04    3  4  7  9 11 12 14 16 19 20
  59920 -2.79701981526E-04  3.94392283757E-04    2  6 11 13 14 15 16 17 18 19
  59921  2.79701510415E-04 -3.94385668519E-04    3  4  5  6  7 10 15 18 19 20
  59922 -2.79701277119E-04  3.94392065473E-04    3  4  8 10 11 12 13 15 19 20
  59923  2.79701094386E-04 -3.94392371527E-04    2  3  5  9 10 12 13 14 17 18
  59924 -2.79700825362E-04  3.94392283757E-04    1  5 12 13 14 15 16 17 18 20
  59925  2.79700330034E-04 -3.94385668519E-04    3  4  5  6  8  9 16 17 19 20
  59926  2.79699914005E-04 -3.94392371527E-04    1  4  6  9 10 11 13 14 17 18
  59935  2.76852850468E-04 -1.68426535533E-05    1  2  3  4  7 10 11 13 14 18
  59936  2.76852791417E-04 -1.68402493664E-05    2  3  5  7  8 16 17 18 19 20
  59937  2.76852243282E-04 -1.68426521601E-05    2  3  4  7  8 10 11 13 14 19
  59938 -2.76852234237E-04  1.68381205755E-05    1  2  5  7 14 16 17 18 19 20
  59939  2.76852211177E-04 -1.68426535533E-05    1  2  3  4  8  9 12 13 14 17
  59940  2.76852152137E-04 -1.68402493664E-05    1  4  6  7  8 15 17 18 19 20
  59941  2.76852116504E-04 -1.68426521601E-05    1  3  4  7  8  9 12 13 14 20
  59942 -2.76852107459E-04  1.68381205755E-05    1  2  6  8 13 15 17 18 19 20
  59959  2.72718615039E-04 -1.16072821159E-04    7  8 10 11 12 14 15 16 17 19
  59960  2.72718546438E-04 -1.16058369224E-04    1  2  4  5 11 12 14 15 16 19
  59961  2.72718173980E-04 -1.16072859508E-04    4  5  6  7  8  9 10 14 15 17
  59962  2.72718152742E-04 -1.16070959863E-04    1  2  4  5  6  9 10 12 17 19
  59963  2.72717296191E-04 -1.16072821159E-04    7  8  9 11 12 13 15 16 18 20
  59964  2.72717227580E-04 -1.16058369224E-04    1  2  3  6 11 12 13 15 16 20
  59965  2.72714708987E-04 -1.16072859508E-04    3  5  6  7  8  9 10 13 16 18
  59966  2.72714687748E-04 -1.16070959863E-04    1  2  3  5  6  9 10 11 18 20
  60015 -2.67560358895E-04  6.25440583981E-04    3  5  8  9 10 12 14 15 16 17
  60016 -2.67559878340E-04  6.25509062266E-04    1  4  5  6 10 11 12 15 18 19
  60017  2.67558392049E-04 -6.25440583981E-04    4  6  7  9 10 11 13 15 16 18
  60018  2.67557911505E-04 -6.25509062266E-04    2  3  5  6  9 11 12 16 17 20
  60019 -2.67556531195E-04  1.22036718849E-03    1  4  5  8 12 13 14 17 19 20
  60020  2.67556265352E-04 -1.22054305911E-03    1  4  8 10 13 14 15 17 19 20
  60021  2.67555630683E-04 -1.22021433971E-03    2  3  4  5  7 12 14 17 18 19
  60022  2.67555472748E-04 -1.22036725536E-03    2  3  4  7 10 14 15 17 18 19
  60023  2.67554021595E-04 -6.25440920972E-04    6  8  9 10 11 13 15 16 18 19
  60024 -2.67553800839E-04  6.25519553015E-04    1  3  5  6  9 11 12 14 16 20
  60025 -2.67553027063E-04  1.22021433971E-03    1  3  4  6  8 11 13 17 18 20
  60026 -2.67552869138E-04  1.22036725536E-03    1  3  4  8  9 13 16 17 18 20
  60027 -2.67550490296E-04  6.25440920972E-04    5  7  9 10 12 14 15 16 17 20
  60028  2.67550269540E-04 -6.25519553015E-04    2  4  5  6 10 11 12 13 15 19
  60029  2.67544712565E-04 -1.22036718849E-03    2  3  6  7 11 13 14 18 19 20
  60030 -2.67544446732E-04  1.22054305911E-03    2  3  7  9 13 14 16 18 19 20
  60039 -2.64952607379E-04  2.84868867143E-04    1  2  4  6  7 10 11 12 17 19
  60040 -2.64952295436E-04  2.84833446605E-04    2  4  5  7  8  9 14 15 16 17
  60041  2.64950900280E-04 -2.84868867143E-04    1  2  3  5  8  9 11 12 18 20
  60042  2.64950588337E-04 -2.84833446605E-04    1  3  6  7  8 10 13 15 16 18
  60043  2.64949730270E-04 -2.84868966359E-04    1  2  3  5  6  7 12 13 16 20
  60044  2.64948965571E-04 -2.84869489482E-04    2  7  8  9 10 11 13 15 18 20
  60045 -2.64946695763E-04  2.84868966359E-04    1  2  4  5  6  8 11 14 15 19
  60046 -2.64945931064E-04  2.84869489482E-04    1  7  8  9 10 12 14 16 17 19
  60047  2.61261950424E-04 -8.13034489764E-04    3  4  7  8  9 12 13 14 17 20
  60048 -2.61261817097E-04  8.12815768887E-04    3  5  7  8 14 16 17 18 19 20
  60049 -2.61261769029E-04  8.12815787836E-04    1  2  4  6 13 15 17 18 19 20
  60050 -2.61261700238E-04  8.12815768887E-04    4  6  7  8 13 15 17 18 19 20
  60051  2.61261679031E-04 -8.13034616978E-04    1  2  3  4 10 11 13 14 18 19
  60052  2.61261562173E-04 -8.13034616978E-04    1  2  3  4  9 12 13 14 17 20
  60053  2.61261399362E-04 -8.13034489764E-04    3  4  7  8 10 11 13 14 18 19
  60054 -2.61261217956E-04  8.12815787836E-04    1  2  3  5 14 16 17 18 19 20
  60063  2.60576720679E-04 -1.62085963472E-04    1  5  8 10 11 12 14 16 17 19
  60064 -2.60576533008E-04  1.62086186487E-04    1  4  5  8 10 11 14 15 16 19
  60065  2.60573119031E-04 -1.62106329021E-04    1  3  5  6  8 10 11 13 16 18
  60066  2.60573058243E-04 -1.62106439766E-04    1  3  5  8  9 10 11 16 18 20
  60067  2.60571280563E-04 -1.62085963472E-04    2  6  7  9 11 12 13 15 18 20
  60068 -2.60571092892E-04  1.62086186487E-04    2  3  6  7  9 12 13 15 16 20
  60069  2.60570384789E-04 -1.62106329021E-04    2  4  5  6  7  9 12 14 15 17
  60070  2.60570324001E-04 -1.62106439766E-04    2  4  6  7  9 10 12 15 17 19
  60135  2.54396528516E-04 -1.71812428237E-03    1  3  8 10 11 12 13 14 17 20
  60136 -2.54396145624E-04  1.71784138791E-03    1  4  5  8 13 15 16 18 19 20
  60137 -2.54395600595E-04  1.71812428237E-03    2  4  7  9 11 12 13 14 18 19
  60138  2.54395217703E-04 -1.71784138791E-03    2  3  6  7 14 15 16 17 19 20
  60139  2.54394949300E-04 -1.71787709511E-03    1  4  5  6  8 13 16 17 18 19
  60140 -2.54394616961E-04  1.71787726897E-03    1  3  4  8  9 10 11 14 17 20
  60141 -2.54392194336E-04  1.71787709511E-03    2  3  5  6  7 14 15 17 18 20
  60142  2.54391861997E-04 -1.71787726897E-03    2  3  4  7  9 10 12 13 18 19
  60143  2.53963264691E-04 -6.29399844047E-04    3  4  7  8  9 11 12 14 19 20
  60144 -2.53963078304E-04  6.29389477850E-04    3  4  5  6  7  8 16 17 19 20
  60145 -2.53962907428E-04  6.29399944824E-04    1  2  6 13 14 15 16 17 18 19
  60146 -2.53962823538E-04  6.29490590303E-04    1  2  4  9 10 11 13 14 17 18
  60147  2.53962628633E-04 -6.29389477850E-04    3  4  5  6  7  8 15 18 19 20
  60148 -2.53962468560E-04  6.29399844047E-04    3  4  7  8 10 11 12 13 19 20
  60149  2.53962373866E-04 -6.29490590303E-04    1  2  3  9 10 12 13 14 17 18
  60150  2.53962111297E-04 -6.29399944824E-04    1  2  5 13 14 15 16 17 18 20
  60159  2.51762085921E-04 -2.97019198544E-04    1  5  6  8  9 10 11 12 13 14
  60160 -2.51762031072E-04  2.97019198544E-04    2  5  6  7  9 10 11 12 13 14
  60161  2.51761919510E-04 -2.97014290165E-04    1  5  6  8  9 10 15 16 19 20
  60162 -2.51761864650E-04  2.97014290165E-04    2  5  6  7  9 10 15 16 19 20
  60163  2.51761464847E-04 -2.97014264541E-04    1  5  6  8 11 12 15 16 17 18
  60164 -2.51761339027E-04  2.97014264541E-04    2  5  6  7 11 12 15 16 17 18
  60165  2.51761268383E-04 -2.97019268872E-04    1  3  4  8  9 10 11 12 15 16
  60166 -2.51761142564E-04  2.97019268872E-04    2  3  4  7  9 10 11 12 15 16
  60175  2.50996177630E-04 -2.88608072954E-03    1  2  3  5 10 12 13 14 18 19
  60176 -2.50995683080E-04  2.88608072954E-03    1  2  4  6  9 11 13 14 17 20
  60177  2.50994240699E-04 -2.88572013534E-03    3  5  7  8 10 14 15 18 19 20
  60178 -2.50993746149E-04  2.88572013534E-03    4  6  7  8  9 13 16 17 19 20
  60179  2.50990659489E-04 -2.88602097612E-03    1  2  3  6 11 14 16 17 18 19
  60180 -2.50990265940E-04  2.88602097612E-03    1  2  4  5 12 13 15 17 18 20
  60181  2.50988525589E-04 -2.88608240111E-03    3  4  7  8  9 11 14 16 18 19
  60182 -2.50988132040E-04  2.88608240111E-03    3  4  7  8 10 12 13 15 17 20
  60199  2.48588387175E-04 -3.67962309215E-05    5  6  8 11 12 15 16 17 18 19
  60200 -2.48588355418E-04  3.67968487546E-05    1  3  4  9 10 11 12 14 15 16
  60201  2.48588243139E-04 -3.67968309620E-05    4  5  6  7  9 10 11 12 13 14
  60202 -2.48588153268E-04  3.67962400350E-05    2  5  6  9 10 15 16 17 19 20
  60203 -2.48588025122E-04  3.67968309620E-05    3  5  6  8  9 10 11 12 13 14
  60204 -2.48587943506E-04  3.67962309215E-05    5  6  7 11 12 15 16 17 18 20
  60205  2.48587935250E-04 -3.67962400350E-05    1  5  6  9 10 15 16 18 19 20
  60206  2.48587911748E-04 -3.67968487546E-05    2  3  4  9 10 11 12 13 15 16
  60215 -2.46704469343E-04  5.73397911220E-04    3  4  5  7  8  9 10 11 12 20
  60216  2.46704267467E-04 -5.73397911220E-04    3  4  6  7  8  9 10 11 12 19
  60217  2.46704074089E-04 -5.73398036978E-04    1  2  5  6 10 13 15 16 17 18
  60218  2.46704072246E-04 -5.73388500129E-04    4  5  6  7  8 11 15 16 19 20
  60219 -2.46703872213E-04  5.73398036978E-04    1  2  5  6  9 14 15 16 17 18
  60220  2.46703805623E-04 -5.73480642394E-04    1  2  9 10 11 12 13 14 16 17
  60221 -2.46702819894E-04  5.73388500129E-04    3  5  6  7  8 12 15 16 19 20
  60222 -2.46702553271E-04  5.73480642394E-04    1  2  9 10 11 12 13 14 15 18
  60231  2.43523503554E-04 -6.37843209409E-05    1  3  4  8  9 12 13 14 15 16
  60232 -2.43523476651E-04  6.37751638131E-05    1  6  8 11 12 15 17 18 19 20
  60233  2.43522849785E-04 -6.37751512091E-05    1  3  4  5  6  8  9 12 13 14
  60234 -2.43522779541E-04  6.37751697714E-05    1  6  8  9 10 15 17 18 19 20
  60235  2.43522698747E-04 -6.37843209409E-05    2  3  4  7 10 11 13 14 15 16
  60236 -2.43522671843E-04  6.37751638131E-05    2  5  7 11 12 16 17 18 19 20
  60237  2.43522232417E-04 -6.37751512091E-05    2  3  4  5  6  7 10 11 13 14
  60238 -2.43522162163E-04  6.37751697714E-05    2  5  7  9 10 16 17 18 19 20
  60271 -2.36328286826E-04  6.23429610693E-04    2  3  4  9 12 13 14 15 17 18
  60272 -2.36328119498E-04  6.23429610693E-04    1  3  4 10 11 13 14 16 17 18
  60273 -2.36327992468E-04  6.23340058936E-04    3  4  6  7 12 15 17 18 19 20
  60274 -2.36327825140E-04  6.23340058936E-04    3  4  5  8 11 16 17 18 19 20
  60275 -2.36326730913E-04  6.23339947295E-04    1  5 10 13 14 16 17 18 19 20
  60276  2.36326413294E-04 -6.23340195576E-04    3  4  5  8 10 11 13 14 19 20
  60277 -2.36326253590E-04  6.23339947295E-04    2  6  9 13 14 15 17 18 19 20
  60278  2.36325935982E-04 -6.23340195576E-04    3  4  6  7  9 12 13 14 19 20
  60351  2.29439802802E-04 -1.74868947378E-03    1  5  8 10 11 14 15 16 17 20
  60352 -2.29439044778E-04  1.74887289076E-03    1  4  5  8 10 11 12 13 16 19
  60353 -2.29437783981E-04  1.74887202852E-03    1  4  5  8  9 10 11 13 16 18
  60354 -2.29437341406E-04  1.74887982448E-03    1  3  5  6  8 10 11 16 17 20
  60355 -2.29436519667E-04  1.74887202852E-03    2  3  6  7  9 10 12 14 15 17
  60356 -2.29436077093E-04  1.74887982448E-03    2  4  5  6  7  9 12 15 18 19
  60357  2.29428027670E-04 -1.74868947378E-03    2  6  7  9 12 13 15 16 18 19
  60358 -2.29427269657E-04  1.74887289076E-03    2  3  6  7  9 11 12 14 15 20
  60399  2.25178530993E-04 -8.67612610966E-04    1  4  5  6  8 10 11 14 15 17
  60400  2.25178384272E-04 -8.67612884948E-04    1  4  5  8  9 10 12 16 17 19
  60401  2.25175469225E-04 -8.67594551623E-04    1  5  8  9 11 12 13 16 18 20
  60402 -2.25175393727E-04  8.67504154954E-04    1  3  6  8 10 11 13 15 16 20
  60403  2.25175024544E-04 -8.67594551623E-04    2  6  7 10 11 12 14 15 17 19
  60404 -2.25174949057E-04  8.67504154954E-04    2  4  5  7  9 12 14 15 16 19
  60405  2.25169914893E-04 -8.67612610966E-04    2  3  5  6  7  9 12 13 16 18
  60406  2.25169768172E-04 -8.67612884948E-04    2  3  6  7  9 10 11 15 18 20
  60487 -2.17942561243E-04  2.08513143849E-04    2  3  5  6  7 10 11 12 13 14
  60488 -2.17942509332E-04  2.08513143849E-04    1  4  5  6  8  9 11 12 13 14
  60489  2.17942407362E-04 -2.08513153778E-04    2  5  7  9 10 15 16 18 19 20
  60490  2.17942355450E-04 -2.08513153778E-04    1  6  8  9 10 15 16 17 19 20
  60491  2.17942317680E-04 -2.08509678282E-04    2  5  6  7 11 12 16 17 18 19
  60492  2.17942160208E-04 -2.08513178872E-04    2  3  4  7  9 10 11 14 15 16
  60493  2.17941933187E-04 -2.08509678282E-04    1  5  6  8 11 12 15 17 18 20
  60494  2.17941775715E-04 -2.08513178872E-04    1  3  4  8  9 10 12 13 15 16
  60527  2.14246981845E-04 -3.13786627833E-04    1  3  4  8 11 12 13 14 17 20
  60528  2.14246861806E-04 -3.13786627833E-04    2  3  4  7 11 12 13 14 18 19
  60529 -2.14246740472E-04  3.13741504275E-04    1  4  8 13 15 16 17 18 19 20
  60530 -2.14246620433E-04  3.13741504275E-04    2  3  7 14 15 16 17 18 19 20
  60531 -2.14246347956E-04  3.13741493856E-04    2  3  5  6  7 14 17 18 19 20
  60532  2.14246162527E-04 -3.13786706358E-04    2  3  4  7  9 10 13 14 18 19
  60533 -2.14245648983E-04  3.13741493856E-04    1  4  5  6  8 13 17 18 19 20
  60534  2.14245463565E-04 -3.13786706358E-04    1  3  4  8  9 10 13 14 17 20
  60615 -2.03714860440E-04  7.77118861107E-04    1  2  4  5  8 10 11 15 16 17
  60616 -2.03714605115E-04  7.77119082683E-04    1  4  5  7  8 10 11 12 16 17
  60617 -2.03713198450E-04  7.77102691201E-04    1  2  5  8  9 10 11 13 16 20
  60618 -2.03713183961E-04  7.77118972088E-04    1  5  6  7  8 10 11 13 16 20
  60619  2.03711391255E-04 -7.77102691201E-04    1  2  6  7  9 10 12 14 15 19
  60620  2.03711376766E-04 -7.77118972088E-04    2  5  6  7  8  9 12 14 15 19
  60621  2.03708487664E-04 -7.77118861107E-04    1  2  3  6  7  9 12 15 16 18
  60622  2.03708232350E-04 -7.77119082683E-04    2  3  6  7  8  9 11 12 15 18
  60679 -1.99095034212E-04  7.45437953155E-04    1  4  5 10 11 15 16 17 18 20
  60680 -1.99094851838E-04  7.45422633724E-04    3  4  5  8 10 11 12 13 16 17
  60681 -1.99093705025E-04  7.45437963615E-04    1  4  5  9 10 11 13 14 16 20
  60682 -1.99093549806E-04  7.45438041273E-04    5  6  8 10 11 13 16 17 19 20
  60683  1.99091134089E-04 -7.45437963615E-04    2  3  6  9 10 12 13 14 15 19
  60684  1.99090978870E-04 -7.45438041273E-04    5  6  7  9 12 14 15 18 19 20
  60685  1.99090068660E-04 -7.45437953155E-04    2  3  6  9 12 15 16 17 18 19
  60686  1.99089886286E-04 -7.45422633724E-04    3  4  6  7  9 11 12 14 15 18
  60703  1.97902191141E-04 -2.12185759834E-04    2  3  4  5  7 11 12 13 14 18
  60704 -1.97902009419E-04  2.12185770682E-04    2  3  7 10 15 16 17 18 19 20
  60705  1.97901537414E-04 -2.12185767746E-04    2  5  6  7 11 14 17 18 19 20
  60706  1.97901387208E-04 -2.12216332499E-04    2  3  4  7  9 10 13 14 16 19
  60707  1.97901310804E-04 -2.12185759834E-04    1  3  4  6  8 11 12 13 14 17
  60708 -1.97901129082E-04  2.12185770682E-04    1  4  8  9 15 16 17 18 19 20
  60709  1.97900768871E-04 -2.12185767746E-04    1  5  6  8 12 13 17 18 19 20
  60710  1.97900618654E-04 -2.12216332499E-04    1  3  4  8  9 10 13 14 15 20
  60711  1.97161086770E-04 -1.10250770927E-03    1  3  4  8  9 10 14 15 18 19
  60712 -1.97160686283E-04  1.10250801868E-03    1  3  5  6  8 12 14 17 18 19
  60713 -1.97160321102E-04  1.10250770927E-03    2  3  4  7  9 10 13 16 17 20
  60714  1.97159920615E-04 -1.10250801868E-03    2  4  5  6  7 11 13 17 18 20
  60715  1.97159535817E-04 -1.10250787324E-03    2  4  7 10 13 15 16 17 19 20
  60716 -1.97159082091E-04  1.10250815073E-03    2  4  5  7 11 12 13 14 17 20
  60717 -1.97158613582E-04  1.10250787324E-03    1  3  8  9 14 15 16 18 19 20
  60718  1.97158159856E-04 -1.10250815073E-03    1  3  6  8 11 12 13 14 18 19
  60791  1.90569163857E-04 -4.99788416583E-04    1  4  5  6  8 11 16 17 19 20
  60792  1.90569049167E-04 -4.99868713970E-04    1  4  8  9 10 11 13 14 16 17
  60793 -1.90568913387E-04  4.99786316816E-04    1  3  4  5  8 10 11 12 13 20
  60794 -1.90568762096E-04  4.99786339859E-04    1  5  8 10 13 15 16 17 18 20
  60795  1.90567938187E-04 -4.99786316816E-04    2  3  4  6  7  9 11 12 14 19
  60796  1.90567786896E-04 -4.99786339859E-04    2  6  7  9 14 15 16 17 18 19
  60797 -1.90566552719E-04  4.99788416583E-04    2  3  5  6  7 12 15 18 19 20
  60798 -1.90566438029E-04  4.99868713970E-04    2  3  7  9 10 12 13 14 15 18
  60807 -1.87449504638E-04  3.52488643427E-03    2  3  5  6  7 10 12 14 15 17
  60808 -1.87449237994E-04  3.52488666301E-03    2  4  5  7  9 10 12 15 18 19
  60809 -1.87449018818E-04  3.52444498245E-03    1  5  8 10 11 12 14 15 17 20
  60810  1.87448265743E-04 -3.52481363924E-03    1  4  5  8 10 12 13 15 16 19
  60811 -1.87446721612E-04  3.52488643427E-03    1  4  5  6  8  9 11 13 16 18
  60812 -1.87446454958E-04  3.52488666301E-03    1  3  6  8  9 10 11 16 17 20
  60813 -1.87428693723E-04  3.52444498245E-03    2  6  7  9 11 12 13 16 18 19
  60814  1.87427940648E-04 -3.52481363924E-03    2  3  6  7  9 11 14 15 16 20
  60839  1.84250876815E-04 -5.12276969496E-04    1  2  5  8  9 10 11 13 14 16
  60840  1.84250645540E-04 -5.12268593984E-04    1  5  6  7  8 10 11 16 19 20
  60841 -1.84250338177E-04  5.12276986584E-04    1  2  5  8 10 11 15 16 17 18
  60842  1.84250177441E-04 -5.12276969496E-04    1  2  6  7  9 10 12 13 14 15
  60843  1.84249996162E-04 -5.12277226845E-04    1  3  4  5  7  8 10 11 12 16
  60844  1.84249946167E-04 -5.12268593984E-04    2  5  6  7  8  9 12 15 19 20
  60845 -1.84249172780E-04  5.12276986584E-04    1  2  6  7  9 12 15 16 17 18
  60846  1.84248830753E-04 -5.12277226845E-04    2  3  4  6  7  8  9 11 12 15
  60855 -1.83000342479E-04  2.15434131095E-03    1  2  4  6  7 10 12 13 17 19
  60856  1.82999603124E-04 -2.15434201691E-03    2  4  5  7  8  9 14 15 17 20
  60857 -1.82994016171E-04  2.15434131095E-03    1  2  3  5  8  9 11 14 18 20
  60858  1.82993276816E-04 -2.15434201691E-03    1  3  6  7  8 10 13 16 18 19
  60859 -1.82985975078E-04  2.15434156823E-03    1  2  4  5  8 11 14 15 18 19
  60860  1.82983866807E-04 -2.15461294741E-03    1  3  7  8 10 12 14 16 17 19
  60861 -1.82983493107E-04  2.15434156823E-03    1  2  3  6  7 12 13 16 17 20
  60862  1.82981384836E-04 -2.15461294741E-03    2  4  7  8  9 11 13 15 18 20
  60871 -1.82277662262E-04  7.35856655364E-05    3  4  6  8  9 10 11 13 14 19
  60872 -1.82277658387E-04  7.35962493782E-05    1  3  4 10 11 12 13 14 15 18
  60873  1.82277647668E-04 -7.35856605696E-05    1  5  6  9 14 16 17 18 19 20
  60874 -1.82277637622E-04  7.35856680838E-05    3  5  8 12 15 16 17 18 19 20
  60875 -1.82277224942E-04  7.35856655364E-05    3  4  5  7  9 10 12 13 14 20
  60876  1.82277210358E-04 -7.35856605696E-05    2  5  6 10 13 15 17 18 19 20
  60877 -1.82276970333E-04  7.35962493782E-05    2  3  4  9 11 12 13 14 16 17
  60878 -1.82276949579E-04  7.35856680838E-05    4  6  7 11 15 16 17 18 19 20
  60911 -1.79049269999E-04  3.10249004701E-04    2  3  4  7 11 12 13 14 17 18
  60912 -1.79049064364E-04  3.10204391480E-04    2  3  4  7 15 16 17 18 19 20
  60913  1.79048951296E-04 -3.10249004701E-04    1  3  4  8 11 12 13 14 17 18
  60914  1.79048858835E-04 -3.10204377904E-04    1  5  6  8 13 14 17 18 19 20
  60915  1.79048745672E-04 -3.10204391480E-04    1  3  4  8 15 16 17 18 19 20
  60916  1.79048682188E-04 -3.10249071368E-04    1  3  4  8  9 10 13 14 19 20
  60917 -1.79048672501E-04  3.10204377904E-04    2  5  6  7 13 14 17 18 19 20
  60918 -1.79048495844E-04  3.10249071368E-04    2  3  4  7  9 10 13 14 19 20
  60919  1.78479979921E-04 -3.56301319069E-05    1  4  7  9 10 11 12 13 14 18
  60920  1.78479945215E-04 -3.56244245593E-05    2  3  5  6  8 15 16 17 19 20
  60921 -1.78479816836E-04  3.56250095843E-05    1  5  6  7 14 15 16 17 18 20
  60922 -1.78479815878E-04  3.56250144223E-05    2  3  4  8  9 10 11 12 13 19
  60923  1.78479809129E-04 -3.56301319069E-05    2  3  8  9 10 11 12 13 14 17
  60924  1.78479774433E-04 -3.56244245593E-05    1  4  5  6  7 15 16 18 19 20
  60925 -1.78479504967E-04  3.56250095843E-05    2  5  6  8 13 15 16 17 18 19
  60926 -1.78479503998E-04  3.56250144223E-05    1  3  4  7  9 10 11 12 14 20
  60927 -1.76509618774E-04  3.69834741549E-04    2  3  4  7 12 13 14 15 17 18
  60928 -1.76508989760E-04  3.69782005395E-04    2  3  4  7 12 15 17 18 19 20
  60929 -1.76508881357E-04  3.69781702537E-04    1  5  8 10 13 14 17 18 19 20
  60930 -1.76508512701E-04  3.69834741549E-04    1  3  4  8 11 13 14 16 17 18
  60931 -1.76508075970E-04  3.69781702537E-04    2  6  7  9 13 14 17 18 19 20
  60932 -1.76508036663E-04  3.69782353928E-04    1  3  4  5  8 10 13 14 19 20
  60933 -1.76507883677E-04  3.69782005395E-04    1  3  4  8 11 16 17 18 19 20
  60934 -1.76507231276E-04  3.69782353928E-04    2  3  4  6  7  9 13 14 19 20
  60943  1.74579942807E-04 -5.13740808035E-05    2  3  4  5  7  8  9 10 13 16
  60944  1.74579864919E-04 -5.13743233327E-05    1  2  5  6  7 10 11 17 18 20
  60945  1.74579842638E-04 -5.13751721672E-05    2  7  8 10 11 15 16 17 19 20
  60946  1.74579838037E-04 -5.13751814346E-05    1  2  4  5  7 11 12 13 14 16
  60947  1.74579835668E-04 -5.13740808035E-05    1  3  4  6  7  8  9 10 14 15
  60948  1.74579775796E-04 -5.13751721672E-05    1  7  8  9 12 15 16 18 19 20
  60949  1.74579771194E-04 -5.13751814346E-05    1  2  3  6  8 11 12 13 14 15
  60950  1.74579757779E-04 -5.13743233327E-05    1  2  5  6  8  9 12 17 18 19
  60959  1.72322099158E-04 -1.67340564704E-03    1  2  3  4  6 10 12 15 17 19
  60960 -1.72321912002E-04  1.67319637585E-03    4  5  7  8  9 12 14 15 17 18
  60961 -1.72319704584E-04  1.67319617853E-03    1  2  3  6  9 12 13 16 19 20
  60962  1.72319159323E-04 -1.67340622498E-03    6  7  8  9 11 13 14 15 18 20
  60963  1.72310801780E-04 -1.67319617853E-03    1  2  4  5 10 11 14 15 19 20
  60964 -1.72310256520E-04  1.67340622498E-03    5  7  8 10 12 13 14 16 17 19
  60965 -1.72308826258E-04  1.67340564704E-03    1  2  3  4  5  9 11 16 18 20
  60966  1.72308639102E-04 -1.67319637585E-03    3  6  7  8 10 11 13 16 17 18
  60975 -1.68991417649E-04  1.67589847593E-03    1  5  8  9 10 11 12 13 14 20
  60976 -1.68991225250E-04  1.67589853815E-03    1  5  6  8 10 13 15 16 19 20
  60977 -1.68991152795E-04  1.67589847593E-03    2  6  7  9 10 11 12 13 14 19
  60978 -1.68990960396E-04  1.67589853815E-03    2  5  6  7  9 14 15 16 19 20
  60979  1.68990042352E-04 -1.67587060829E-03    1  4  5  6  8 11 15 16 17 18
  60980 -1.68989819343E-04  1.67589861865E-03    1  3  4  8  9 10 11 12 16 17
  60981  1.68988817872E-04 -1.67587060829E-03    2  3  5  6  7 12 15 16 17 18
  60982 -1.68988594853E-04  1.67589861865E-03    2  3  4  7  9 10 11 12 15 18
  60995 -1.67932787771E-04  1.91239446199E-03    2  3  5  6  9 10 12 14 15 17
  60996 -1.67932431498E-04  1.91236298066E-03    4  5  6  7  9 10 12 15 18 19
  60997 -1.67931655500E-04  1.91215498135E-03    1  5 10 11 12 14 15 16 17 20
  60998  1.67930894254E-04 -1.91235525935E-03    4  5  8 10 11 12 13 15 16 19
  60999  1.67927236314E-04 -1.91215498135E-03    2  6  9 11 12 13 15 16 18 19
  61000  1.67927083296E-04 -1.91239446199E-03    1  4  5  6  9 10 11 13 16 18
  61001  1.67926727023E-04 -1.91236298066E-03    3  5  6  8  9 10 11 16 17 20
  61002 -1.67926475068E-04  1.91235525935E-03    3  6  7  9 11 12 14 15 16 20
  61059 -1.64151784083E-04  7.99652861204E-05    3  4  8  9 12 13 14 15 16 19
  61060 -1.64151724285E-04  7.99521394608E-05    1  6 11 12 14 15 17 18 19 20
  61061 -1.64151689021E-04  7.99652861204E-05    3  4  7 10 11 13 14 15 16 20
  61062 -1.64151629223E-04  7.99521394608E-05    2  5 11 12 13 16 17 18 19 20
  61063 -1.64151545901E-04  7.99537981105E-05    4  5  7  9 10 16 17 18 19 20
  61064 -1.64151536477E-04  7.99538082463E-05    2  3  4  5  6 10 11 13 14 17
  61065 -1.64151245162E-04  7.99537981105E-05    3  6  8  9 10 15 17 18 19 20
  61066 -1.64151235748E-04  7.99538082463E-05    1  3  4  5  6  9 12 13 14 18
  61131 -1.57195341065E-04  1.13468032989E-03    1  4  5  8 10 13 14 17 18 19
  61132 -1.57195206959E-04  1.13453842777E-03    1  3  4  5  8 10 14 17 19 20
  61133  1.57194608513E-04 -1.13468032989E-03    2  3  6  7  9 13 14 17 18 20
  61134  1.57194474406E-04 -1.13453842777E-03    2  3  4  6  7  9 13 18 19 20
  61135 -1.57191144804E-04  1.13484359940E-03    2  4  7 12 13 14 15 17 18 19
  61136  1.57191061693E-04 -1.13468042818E-03    2  3  4  7 12 14 15 17 19 20
  61137  1.57191020975E-04 -1.13484359940E-03    1  3  8 11 13 14 16 17 18 20
  61138 -1.57190937874E-04  1.13468042818E-03    1  3  4  8 11 13 16 18 19 20
  61247  1.38001481145E-04 -3.75996902434E-04    3  4  5  7  8  9 12 13 14 16
  61248  1.38001455842E-04 -3.75996901315E-04    1  2  6 10 11 15 17 18 19 20
  61249  1.38001148532E-04 -3.75996902434E-04    3  4  6  7  8 10 11 13 14 15
  61250  1.38001123219E-04 -3.75996901315E-04    1  2  5  9 12 16 17 18 19 20
  61251  1.38001074308E-04 -3.75996919186E-04    1  2  3  4  6 10 11 13 14 15
  61252  1.38001058387E-04 -3.75996902464E-04    5  7  8  9 12 16 17 18 19 20
  61253  1.38001044519E-04 -3.75996919186E-04    1  2  3  4  5  9 12 13 14 16
  61254  1.38001028598E-04 -3.75996902464E-04    6  7  8 10 11 15 17 18 19 20
  61255  1.37305712372E-04 -1.15050525947E-03    2  3  5  9 10 11 12 14 18 19
  61256 -1.37305422363E-04  1.15050525947E-03    1  4  6  9 10 11 12 13 17 20
  61257  1.37303456633E-04 -1.15065037152E-03    3  5  6  7 10 14 15 16 18 19
  61258 -1.37303166623E-04  1.15065037152E-03    4  5  6  8  9 13 15 16 17 20
  61259  1.37299589994E-04 -1.15064979883E-03    2  3  5  6 11 14 15 16 18 19
  61260 -1.37299535745E-04  1.15064979883E-03    1  4  5  6 12 13 15 16 17 20
  61261  1.37297211930E-04 -1.15065146074E-03    3  7  9 10 11 12 14 16 18 19
  61262 -1.37297157681E-04  1.15065146074E-03    4  8  9 10 11 12 13 15 17 20
  61263 -1.36468460730E-04  5.91357459123E-05    1  3  4  6  7  8 11 12 13 14
  61264  1.36468400616E-04 -5.91357515375E-05    1  2  8  9 15 16 17 18 19 20
  61265  1.36468392677E-04 -5.91357459123E-05    2  3  4  5  7  8 11 12 13 14
  61266 -1.36468358424E-04  5.91347669184E-05    1  5  6  7  8 12 17 18 19 20
  61267 -1.36468335058E-04  5.91442660021E-05    1  2  3  4  8  9 10 13 14 15
  61268 -1.36468332552E-04  5.91357515375E-05    1  2  7 10 15 16 17 18 19 20
  61269  1.36468280556E-04 -5.91347669184E-05    2  5  6  7  8 11 17 18 19 20
  61270  1.36468257191E-04 -5.91442660021E-05    1  2  3  4  7  9 10 13 14 16
  61339  1.32340850442E-04 -4.05197512581E-04    1  3  4  6  8 10 11 13 14 17
  61340 -1.32340747104E-04  4.05197526293E-04    1  4  5  8  9 16 17 18 19 20
  61341 -1.32340568615E-04  4.05189072526E-04    1  5  8 12 13 16 17 18 19 20
  61342  1.32340487915E-04 -4.05255889288E-04    1  3  4  8 10 11 13 14 15 20
  61343 -1.32340056575E-04  4.05197512581E-04    2  3  4  5  7  9 12 13 14 18
  61344  1.32339978698E-04 -4.05189072526E-04    2  6  7 11 14 15 17 18 19 20
  61345  1.32339953226E-04 -4.05197526293E-04    2  3  6  7 10 15 17 18 19 20
  61346 -1.32339897987E-04  4.05255889288E-04    2  3  4  7  9 12 13 14 16 19
  61395 -1.27970981908E-04  1.39757142637E-03    1  2  4  7 12 13 14 15 17 18
  61396  1.27970338626E-04 -1.39737090391E-03    2  3  4  7  8 12 15 17 19 20
  61397 -1.27967821139E-04  1.39757142637E-03    1  2  3  8 11 13 14 16 17 18
  61398  1.27967791835E-04 -1.39737053303E-03    1  2  5  8 10 13 14 17 18 19
  61399  1.27967177858E-04 -1.39737090391E-03    1  3  4  7  8 11 16 18 19 20
  61400  1.27966698261E-04 -1.39719637212E-03    1  3  4  5  7  8 10 14 19 20
  61401  1.27957663688E-04 -1.39737053303E-03    1  2  6  7  9 13 14 17 18 20
  61402  1.27956570114E-04 -1.39719637212E-03    2  3  4  6  7  8  9 13 19 20
  61435 -1.26030877413E-04  1.65273318274E-05    1  2  4  5  6 11 12 14 17 19
  61436 -1.26030806432E-04  1.65273477379E-05    4  7  8  9 10 14 15 16 17 19
  61437 -1.26029648911E-04  1.65273318274E-05    1  2  3  5  6 11 12 13 18 20
  61438 -1.26029577930E-04  1.65273477379E-05    3  7  8  9 10 13 15 16 18 20
  61447 -1.24731409053E-04  7.35988046844E-05    1  3  4  5  8 10 11 13 14 18
  61448  1.24731339620E-04 -7.35988294336E-05    1  3  5  8 10 16 17 18 19 20
  61449  1.24731229342E-04 -7.35895949481E-05    1  5  8 11 14 16 17 18 19 20
  61450 -1.24731180147E-04  7.36094475751E-05    1  3  4  8 10 11 13 14 16 19
  61451  1.24731139429E-04 -7.35988046844E-05    2  3  4  6  7  9 12 13 14 17
  61452 -1.24731069996E-04  7.35988294336E-05    2  4  6  7  9 15 17 18 19 20
  61453 -1.24731047325E-04  7.35895949481E-05    2  6  7 12 13 15 17 18 19 20
  61454  1.24730998131E-04 -7.36094475751E-05    2  3  4  7  9 12 13 14 15 20
  61471 -1.24295096148E-04  1.82177547930E-03    1  2  3  4  8 10 11 13 17 18
  61472  1.24294784437E-04 -1.82177570732E-03    1  3  4  5  7  8 16 17 18 20
  61473 -1.24294464291E-04  1.82177547930E-03    1  2  3  4  7  9 12 14 17 18
  61474  1.24294152580E-04 -1.82177570732E-03    2  3  4  6  7  8 15 17 18 19
  61475 -1.24293387185E-04  1.82177552175E-03    1  2  5  8 13 14 16 17 19 20
  61476  1.24292997680E-04 -1.82203803720E-03    1  4  7  8 10 11 13 14 19 20
  61477 -1.24289698403E-04  1.82177552175E-03    1  2  6  7 13 14 15 18 19 20
  61478  1.24289308899E-04 -1.82203803720E-03    2  3  7  8  9 12 13 14 19 20
  61479  1.23140465531E-04 -7.58191243068E-05    1  4  5  9 10 11 12 13 14 20
  61480 -1.23140400689E-04  7.58178681704E-05    1  4  5  6 11 15 16 17 18 20
  61481 -1.23140390222E-04  7.58191337746E-05    5  6  8 10 13 15 16 17 19 20
  61482  1.23140337363E-04 -7.58191456327E-05    3  4  8  9 10 11 12 13 16 17
  61483 -1.23140098401E-04  7.58178681704E-05    2  3  5  6 12 15 16 17 18 19
  61484  1.23140035086E-04 -7.58191456327E-05    3  4  7  9 10 11 12 14 15 18
  61485  1.23139792934E-04 -7.58191243068E-05    2  3  6  9 10 11 12 13 14 19
  61486 -1.23139717636E-04  7.58191337746E-05    5  6  7  9 14 15 16 18 19 20
  61527 -1.19881489900E-04  3.76420330513E-04    1  4  5  8  9 11 12 13 14 16
  61528  1.19881415160E-04 -3.76420338820E-04    1  6  8 10 11 15 16 17 19 20
  61529  1.19880678722E-04 -3.76414067486E-04    1  5  6  8 10 11 15 17 18 20
  61530 -1.19880602561E-04  3.76412548637E-04    1  3  4  5  8  9 10 12 13 16
  61531  1.19880204021E-04 -3.76420330513E-04    2  3  6  7 10 11 12 13 14 15
  61532 -1.19880129281E-04  3.76420338820E-04    2  5  7  9 12 15 16 18 19 20
  61533 -1.19879892594E-04  3.76414067486E-04    2  5  6  7  9 12 16 17 18 19
  61534  1.19879816433E-04 -3.76412548637E-04    2  3  4  6  7  9 10 11 14 15
  61591 -1.15993335216E-04  6.66508875863E-05    2  3  4  5  6  7 11 12 13 14
  61592 -1.15993249610E-04  6.66508896256E-05    2  7  9 10 15 16 17 18 19 20
  61593 -1.15993148956E-04  6.66497810924E-05    2  5  6  7 11 12 17 18 19 20
  61594  1.15993098266E-04 -6.66508875863E-05    1  3  4  5  6  8 11 12 13 14
  61595 -1.15993088147E-04  6.66604868300E-05    2  3  4  7  9 10 13 14 15 16
  61596  1.15993012659E-04 -6.66508896256E-05    1  8  9 10 15 16 17 18 19 20
  61597  1.15992796505E-04 -6.66497810924E-05    1  5  6  8 11 12 17 18 19 20
  61598  1.15992735686E-04 -6.66604868300E-05    1  3  4  8  9 10 13 14 15 16
  61599 -1.15636035866E-04  6.05154928716E-05    5  6  8 11 12 15 17 18 19 20
  61600 -1.15636014049E-04  6.05252120168E-05    1  3  4  9 10 12 13 14 15 16
  61601 -1.15635980238E-04  6.05164957491E-05    3  4  5  6  7 10 11 12 13 14
  61602  1.15635921303E-04 -6.05165023017E-05    2  5  9 10 15 16 17 18 19 20
  61603  1.15635901212E-04 -6.05164957491E-05    3  4  5  6  8  9 11 12 13 14
  61604  1.15635882891E-04 -6.05154928716E-05    5  6  7 11 12 16 17 18 19 20
  61605  1.15635861073E-04 -6.05252120168E-05    2  3  4  9 10 11 13 14 15 16
  61606 -1.15635842277E-04  6.05165023017E-05    1  6  9 10 15 16 17 18 19 20
  61627  1.13018895105E-04 -9.51440723015E-06    2  5  6  9 11 16 17 18 19 20
  61628  1.13018885397E-04 -9.51457193827E-06    3  4  6  7  9 10 11 13 14 16
  61629  1.13018697831E-04 -9.51440723015E-06    1  5  6 10 12 15 17 18 19 20
  61630  1.13018688133E-04 -9.51457193827E-06    3  4  5  8  9 10 12 13 14 15
  61631  1.13018519468E-04 -9.51456108919E-06    1  3  4  6  9 11 12 13 14 16
  61632 -1.13018484109E-04  9.51457096967E-06    6  8  9 11 15 16 17 18 19 20
  61633  1.13018168555E-04 -9.51456108919E-06    2  3  4  5 10 11 12 13 14 15
  61634 -1.13018133206E-04  9.51457096967E-06    5  7 10 12 15 16 17 18 19 20
  61635 -1.12589246006E-04  7.12913242853E-05    1  2  4  6  7  9 10 11 13 14
  61636 -1.12589231096E-04  7.12901475358E-05    2  5  6  7  8  9 16 17 19 20
  61637 -1.12589178089E-04  7.12913242853E-05    1  2  3  5  8  9 10 12 13 14
  61638 -1.12589163179E-04  7.12901475358E-05    1  5  6  7  8 10 15 18 19 20
  61639  1.12588660375E-04 -7.12913247307E-05    1  3  4  7  8  9 11 12 14 16
  61640  1.12588659711E-04 -7.12913247307E-05    2  3  4  7  8 10 11 12 13 15
  61641 -1.12588641263E-04  7.12913223227E-05    1  2  6  8 11 15 16 17 18 19
  61642 -1.12588640600E-04  7.12913223227E-05    1  2  5  7 12 15 16 17 18 20
  61651  1.11234962100E-04 -7.72472591818E-04    3  8  9 10 11 12 14 15 16 19
  61652  1.11234691802E-04 -7.72472747224E-04    1  5  6 11 12 14 15 16 18 19
  61653  1.11234059366E-04 -7.72459850875E-04    4  5  6  7  9 10 15 16 17 20
  61654  1.11233955217E-04 -7.72459850875E-04    3  5  6  8  9 10 15 16 18 19
  61655  1.11233919195E-04 -7.72472591818E-04    4  7  9 10 11 12 13 15 16 20
  61656 -1.11233890354E-04  7.72472794208E-04    2  4  5  6  9 10 11 12 13 17
  61657 -1.11233786215E-04  7.72472794208E-04    1  3  5  6  9 10 11 12 14 18
  61658  1.11233648907E-04 -7.72472747224E-04    2  5  6 11 12 13 15 16 17 20
  61659 -1.10475169143E-04  2.80549369572E-04    1  7  8  9 14 15 16 18 19 20
  61660  1.10475122801E-04 -2.80549415911E-04    1  2  3  6  8 11 12 13 14 19
  61661 -1.10474512941E-04  2.80549369572E-04    2  7  8 10 13 15 16 17 19 20
  61662  1.10474466600E-04 -2.80549415911E-04    1  2  4  5  7 11 12 13 14 20
  61663  1.10474312919E-04 -2.80549348894E-04    1  3  4  7  8  9 10 14 15 18
  61664  1.10474220331E-04 -2.80544736285E-04    1  2  3  5  6  8 12 17 18 19
  61665  1.10473552525E-04 -2.80549348894E-04    2  3  4  7  8  9 10 13 16 17
  61666  1.10473459938E-04 -2.80544736285E-04    1  2  4  5  6  7 11 17 18 20
  61667 -1.10366453852E-04  8.49187507463E-05    1  5  6 11 14 15 16 17 18 20
  61668  1.10366385282E-04 -8.49187625105E-05    3  4  8  9 10 11 12 13 16 19
  61669  1.10366323526E-04 -8.49187475680E-05    1  4  5  9 10 11 12 13 14 18
  61670  1.10366251165E-04 -8.49173438260E-05    3  5  6  8 10 15 16 17 19 20
  61671 -1.10366191841E-04  8.49187507463E-05    2  5  6 12 13 15 16 17 18 19
  61672  1.10366123271E-04 -8.49187625105E-05    3  4  7  9 10 11 12 14 15 20
  61673  1.10365701893E-04 -8.49187475680E-05    2  3  6  9 10 11 12 13 14 17
  61674  1.10365629533E-04 -8.49173438260E-05    4  5  6  7  9 15 16 18 19 20
  61675 -1.08448342359E-04  9.27822330710E-04    1  3  4  7  8 10 14 15 18 19
  61676 -1.08448079632E-04  9.27706403318E-04    1  2  3  5  8 12 14 17 18 19
  61677  1.08446145797E-04 -9.27822485721E-04    2  4  7  8 10 13 15 17 19 20
  61678  1.08446079165E-04 -9.27822330710E-04    2  3  4  7  8  9 13 16 17 20
  61679 -1.08446050524E-04  9.27822485721E-04    1  3  7  8  9 14 16 18 19 20
  61680 -1.08445832243E-04  9.27822740778E-04    1  2  4  5  7 12 13 14 17 20
  61681  1.08445816438E-04 -9.27706403318E-04    1  2  4  6  7 11 13 17 18 20
  61682  1.08445736970E-04 -9.27822740778E-04    1  2  3  6  8 11 13 14 18 19
  61683  1.08269261498E-04 -1.22844030645E-06    7  8  9 10 12 13 14 15 16 19
  61684 -1.08269128770E-04  1.22832554935E-06    3  6  7  8  9 10 15 16 17 18
  61685 -1.08269038657E-04  1.22836260145E-06    1  2  5  6 11 12 14 15 19 20
  61686  1.08269036046E-04 -1.22835103648E-06    1  2  3  4  5  6  9 11 12 18
  61687 -1.08268300387E-04  1.22844030645E-06    7  8  9 10 11 13 14 15 16 20
  61688  1.08268169839E-04 -1.22832554935E-06    4  5  7  8  9 10 15 16 17 18
  61689  1.08268077546E-04 -1.22836260145E-06    1  2  5  6 11 12 13 16 19 20
  61690 -1.08268077125E-04  1.22835103648E-06    1  2  3  4  5  6 10 11 12 17
  61695 -1.06704975790E-04  8.07796313981E-04    4  6  7  8  9 10 11 12 13 15
  61696 -1.06704808999E-04  8.07796313981E-04    3  5  7  8  9 10 11 12 14 16
  61697  1.06704758383E-04 -8.07884126674E-04    1  2  5  6  9 12 15 16 17 20
  61698  1.06704591592E-04 -8.07884126674E-04    1  2  5  6 10 11 15 16 18 19
  61699  1.06704533005E-04 -8.07884102227E-04    5  6  7  8 10 11 15 16 18 19
  61700 -1.06704426339E-04  8.07796443928E-04    1  2  3  5  9 10 11 12 14 16
  61701  1.06704070097E-04 -8.07884102227E-04    5  6  7  8  9 12 15 16 17 20
  61702 -1.06703963442E-04  8.07796443928E-04    1  2  4  6  9 10 11 12 13 15
  61719  1.05064754206E-04 -9.78886290114E-05    3  4  8 10 11 13 14 15 18 19
  61720 -1.05064615172E-04  9.78886290114E-05    3  4  7  9 12 13 14 16 17 20
  61721 -1.05064522994E-04  9.78624180764E-05    1  3  5 12 14 16 17 18 19 20
  61722  1.05064383960E-04 -9.78624180764E-05    2  4  6 11 13 15 17 18 19 20
  61723  1.05064189434E-04 -9.78623998133E-05    3  5  8  9 14 16 17 18 19 20
  61724  1.05063929234E-04 -9.78747418885E-05    1  3  4  6 10 11 13 14 18 19
  61725 -1.05063086077E-04  9.78623998133E-05    4  6  7 10 13 15 17 18 19 20
  61726 -1.05062825877E-04  9.78747418885E-05    2  3  4  5  9 12 13 14 17 20
  61727 -1.03704640911E-04  1.03067149959E-03    1  4  5  8 12 13 14 16 17 19
  61728 -1.03704490262E-04  1.03067172008E-03    1  4  8 10 11 14 15 17 19 20
  61729  1.03701356060E-04 -1.03054241608E-03    2  4  5  7  9 12 14 17 18 19
  61730 -1.03701287364E-04  1.03065014579E-03    2  3  4  6  7 10 14 15 17 19
  61731  1.03700176099E-04 -1.03054241608E-03    1  3  6  8 10 11 13 17 18 20
  61732 -1.03700107404E-04  1.03065014579E-03    1  3  4  5  8  9 13 16 18 20
  61733 -1.03692220571E-04  1.03067149959E-03    2  3  6  7 11 13 14 15 18 20
  61734 -1.03692069922E-04  1.03067172008E-03    2  3  7  9 12 13 16 18 19 20
  61735 -1.03196630172E-04  2.09064214699E-04    1  3  4  6 11 13 14 18 19 20
  61736  1.03196257694E-04 -2.09094424739E-04    3  8  9 13 14 16 17 18 19 20
  61737 -1.03195447801E-04  2.09064214699E-04    2  3  4  5 12 13 14 17 19 20
  61738  1.03195075323E-04 -2.09094424739E-04    4  7 10 13 14 15 17 18 19 20
  61739 -1.03194604518E-04  2.09038103642E-04    2  3  4  6 11 13 17 18 19 20
  61740  1.03194224279E-04 -2.09094540005E-04    3  4  7  9 13 14 16 17 18 20
  61741 -1.03193040802E-04  2.09038103642E-04    1  3  4  5 12 14 17 18 19 20
  61742  1.03192660563E-04 -2.09094540005E-04    3  4  8 10 13 14 15 17 18 19
  61743  1.02964991010E-04 -8.69980072068E-05    1  2  4  7  9 11 12 13 14 18
  61744  1.02964912037E-04 -8.69854968856E-05    2  3  6  7  8 15 16 17 19 20
  61745  1.02964821376E-04 -8.69980072068E-05    1  2  3  8 10 11 12 13 14 17
  61746  1.02964751712E-04 -8.69854996704E-05    1  2  5  6  7 14 15 17 18 20
  61747  1.02964742414E-04 -8.69854968856E-05    1  4  5  7  8 15 16 18 19 20
  61748  1.02964685374E-04 -8.69854996704E-05    1  2  5  6  8 13 16 17 18 19
  61749 -1.02964676351E-04  8.69855139423E-05    2  3  4  7  8  9 10 12 13 19
  61750 -1.02964610013E-04  8.69855139423E-05    1  3  4  7  8  9 10 11 14 20
  61751 -1.02672778715E-04  4.51408799000E-04    1  4  5  6  8  9 10 11 13 18
  61752  1.02672522927E-04 -4.51401459382E-04    1  3  5  6  8  9 10 16 17 20
  61753  1.02672062252E-04 -4.51408799000E-04    2  3  5  6  7  9 10 12 14 17
  61754 -1.02671806464E-04  4.51401459382E-04    2  4  5  6  7  9 10 15 18 19
  61755 -1.02671619983E-04  4.51352294331E-04    1  5  8 11 12 14 15 16 17 20
  61756 -1.02671193276E-04  4.51409107203E-04    1  4  8 10 11 12 13 15 16 19
  61757  1.02669476111E-04 -4.51352294331E-04    2  6  7 11 12 13 15 16 18 19
  61758  1.02669049394E-04 -4.51409107203E-04    2  3  7  9 11 12 14 15 16 20
  61771  1.02272100810E-04 -1.62652824825E-04    1  2  5  6 10 11 12 14 17 19
  61772  1.02272038306E-04 -1.62632471087E-04    4  5  7  8  9 10 14 15 16 19
  61773  1.02272032662E-04 -1.62652826827E-04    1  2  4  5  6 11 12 14 15 17
  61774  1.02271953236E-04 -1.62652841789E-04    4  7  8  9 10 12 15 16 17 19
  61775  1.02270882406E-04 -1.62652826827E-04    1  2  3  5  6 11 12 13 16 18
  61776  1.02270802980E-04 -1.62652841789E-04    3  7  8  9 10 11 15 16 18 20
  61777  1.02270167743E-04 -1.62652824825E-04    1  2  5  6  9 11 12 13 18 20
  61778  1.02270105239E-04 -1.62632471087E-04    3  6  7  8  9 10 13 15 16 20
  61779  1.01969202914E-04 -5.47554357674E-04    2  3  6  7  9 10 12 13 14 17
  61780 -1.01969104303E-04  5.47545289492E-04    2  4  5  6  7  9 15 18 19 20
  61781 -1.01968756844E-04  5.47554357674E-04    1  4  5  8  9 10 11 13 14 18
  61782  1.01968658243E-04 -5.47545289492E-04    1  3  5  6  8 10 16 17 19 20
  61783  1.01968428875E-04 -5.47485777948E-04    2  6  7 12 13 15 16 17 18 19
  61784  1.01968334286E-04 -5.47554444589E-04    2  3  4  7  9 11 12 14 15 20
  61785 -1.01967607167E-04  5.47485777948E-04    1  5  8 11 14 15 16 17 18 20
  61786 -1.01967512579E-04  5.47554444589E-04    1  3  4  8 10 11 12 13 16 19
  61843  9.72938401608E-05 -8.25852691534E-05    1  2  3  4  7  9 11 12 14 18
  61844 -9.72937691800E-05  8.25852796198E-05    2  3  6  7  8 15 16 17 18 19
  61845  9.72934570475E-05 -8.25852691534E-05    1  2  3  4  8 10 11 12 13 17
  61846 -9.72933860772E-05  8.25852796198E-05    1  4  5  7  8 15 16 17 18 20
  61847 -9.72933710302E-05  8.25852822405E-05    1  2  5  6  7 14 15 18 19 20
  61848  9.72933002284E-05 -8.25971883281E-05    2  3  7  8  9 10 12 13 14 19
  61849 -9.72930632466E-05  8.25852822405E-05    1  2  5  6  8 13 16 17 19 20
  61850  9.72929924447E-05 -8.25971883281E-05    1  4  7  8  9 10 11 13 14 20
  61851  9.67663221290E-05 -1.12713205953E-04    1  2  3  6  8 11 13 16 18 19
  61852 -9.67662887182E-05  1.12727284638E-04    1  3  7  8  9 11 14 16 18 20
  61853 -9.67580104956E-05  1.12713080369E-04    1  4  5  7  8 10 14 15 18 19
  61854  9.67579529402E-05 -1.12713156200E-04    1  2  3  5  8 10 12 14 17 19
  61855  9.67525210900E-05 -1.12713205953E-04    1  2  4  5  7 12 14 15 17 20
  61856 -9.67524876792E-05  1.12727284638E-04    2  4  7  8 10 12 13 15 17 19
  61857 -9.67508464436E-05  1.12713080369E-04    2  3  6  7  8  9 13 16 17 20
  61858  9.67507888882E-05 -1.12713156200E-04    1  2  4  6  7  9 11 13 18 20
  61859  9.65453202042E-05 -3.33545803750E-03    1  2  4  5 10 11 15 16 17 20
  61860  9.65444566094E-05 -3.33538938508E-03    4  5  7  8 10 11 12 13 16 17
  61861  9.65433429547E-05 -3.33538863475E-03    1  2  4  5  9 10 11 13 16 20
  61862  9.65429629582E-05 -3.33545843002E-03    5  6  7  8 10 11 13 16 17 20
  61863 -9.65422808115E-05  3.33538863475E-03    1  2  3  6  9 10 12 14 15 19
  61864 -9.65419008255E-05  3.33545843002E-03    5  6  7  8  9 12 14 15 18 19
  61865 -9.65302117217E-05  3.33545803750E-03    1  2  3  6  9 12 15 16 18 19
  61866 -9.65293481163E-05  3.33538938508E-03    3  6  7  8  9 11 12 14 15 18
  61987 -8.89561265790E-05  5.62740964032E-06    1  2  6  7 11 16 17 18 19 20
  61988 -8.89561162283E-05  5.62822415888E-06    2  3  4  7  8  9 11 13 14 16
  61989 -8.89554535510E-05  5.62740964032E-06    1  2  5  8 12 15 17 18 19 20
  61990 -8.89554432003E-05  5.62822415888E-06    1  3  4  7  8 10 12 13 14 15
  61991  8.89554336498E-05 -5.62740425721E-06    1  2  3  4  6  8  9 11 13 14
  61992 -8.89553994388E-05  5.62741486246E-06    1  6  7  8  9 16 17 18 19 20
  61993  8.89552630894E-05 -5.62740425721E-06    1  2  3  4  5  7 10 12 13 14
  61994 -8.89552288679E-05  5.62741486246E-06    2  5  7  8 10 15 17 18 19 20
  62011 -8.73234202131E-05  8.02534471786E-05    2  4  6  7  9 11 12 13 14 15
  62012  8.73233530861E-05 -8.02534674425E-05    2  6  7  9 12 15 16 17 19 20
  62013  8.73227954322E-05 -8.02521147729E-05    2  5  6  7  9 12 15 17 18 20
  62014 -8.73227503545E-05  8.02434374168E-05    2  3  4  6  7  9 10 12 13 15
  62015  8.73227133847E-05 -8.02534471786E-05    1  3  5  8 10 11 12 13 14 16
  62016 -8.73226462577E-05  8.02534674425E-05    1  5  8 10 11 15 16 18 19 20
  62017 -8.73222399264E-05  8.02521147729E-05    1  5  6  8 10 11 16 17 18 19
  62018  8.73221948592E-05 -8.02434374168E-05    1  3  4  5  8  9 10 11 14 16
  62035 -8.62571288069E-05  9.58848746720E-05    2  3  5  6  7  9 10 12 13 14
  62036  8.62570522348E-05 -9.58832973710E-05    2  5  6  7  9 10 15 18 19 20
  62037 -8.62569538872E-05  9.58848746720E-05    1  4  5  6  8  9 10 11 13 14
  62038  8.62568773046E-05 -9.58832973710E-05    1  5  6  8  9 10 16 17 19 20
  62039  8.62565515256E-05 -9.58848741496E-05    1  5  8 11 12 15 16 17 18 20
  62040  8.62565197259E-05 -9.58848741496E-05    2  6  7 11 12 15 16 17 18 19
  62041  8.62564727317E-05 -9.58849174233E-05    1  3  4  8 10 11 12 13 15 16
  62042  8.62564409425E-05 -9.58849174233E-05    2  3  4  7  9 11 12 14 15 16
  62051  8.39853176011E-05 -1.55783683456E-05    1  3  4  8  9 11 12 13 14 18
  62052 -8.39852916349E-05  1.55761301522E-05    1  5  6  8 14 15 17 18 19 20
  62053 -8.39852821686E-05  1.55761348981E-05    1  3  6  8 15 16 17 18 19 20
  62054  8.39852771565E-05 -1.55783777444E-05    1  3  4  8  9 10 12 13 14 19
  62055 -8.39850437126E-05  1.55761301522E-05    2  5  6  7 13 16 17 18 19 20
  62056  8.39850292343E-05 -1.55783777444E-05    2  3  4  7  9 10 11 13 14 20
  62057  8.39850135555E-05 -1.55783683456E-05    2  3  4  7 10 11 12 13 14 17
  62058 -8.39849781125E-05  1.55761348981E-05    2  4  5  7 15 16 17 18 19 20
  62075 -8.31636930936E-05  5.88798764922E-05    3  4  7  9 10 12 13 14 17 20
  62076 -8.31636500797E-05  5.88714094027E-05    2  4  5  6 13 15 17 18 19 20
  62077 -8.31634240383E-05  5.88798764922E-05    3  4  8  9 10 11 13 14 18 19
  62078 -8.31633810244E-05  5.88714094027E-05    1  3  5  6 14 16 17 18 19 20
  62079  8.31631846767E-05 -5.88640414788E-05    3  5  8 14 15 16 17 18 19 20
  62080  8.31631555726E-05 -5.88798850934E-05    1  3  4 10 11 12 13 14 18 19
  62081  8.31630804746E-05 -5.88640414788E-05    4  6  7 13 15 16 17 18 19 20
  62082  8.31630513599E-05 -5.88798850934E-05    2  3  4  9 11 12 13 14 17 20
  62099 -8.12680692785E-05  1.70046564824E-04    1  2  4  5 11 12 14 17 18 19
  62100 -8.12679942016E-05  1.70067873579E-04    3  4  7  8 10 14 15 16 17 19
  62101 -8.12679854619E-05  1.70067868044E-04    1  2  4  5  6 12 13 14 17 19
  62102 -8.12679184087E-05  1.70067875408E-04    4  7  8  9 10 14 15 17 19 20
  62103 -8.12670331437E-05  1.70067868044E-04    1  2  3  5  6 11 13 14 18 20
  62104 -8.12670142112E-05  1.70046564824E-04    1  2  3  6 11 12 13 17 18 20
  62105 -8.12669660799E-05  1.70067875408E-04    3  7  8  9 10 13 16 18 19 20
  62106 -8.12669391343E-05  1.70067873579E-04    3  4  7  8  9 13 15 16 18 20
  62135 -7.69973248930E-05  1.86544889675E-04    1  3  5  7  8  9 10 12 14 16
  62136  7.69971547327E-05 -1.86544889675E-04    2  4  6  7  8  9 10 11 13 15
  62137  7.69970311138E-05 -1.86565302545E-04    1  2  5  6  8 10 11 15 18 19
  62138 -7.69968906895E-05  1.49983765962E-05    1  5  6  8 12 15 16 17 18 19
  62139  7.69968750107E-05 -1.49986316568E-05    1  3  4  8  9 10 11 12 14 15
  62140 -7.69968609536E-05  1.86565302545E-04    1  2  5  6  7  9 12 16 17 20
  62141 -7.69966273939E-05  1.49983765962E-05    2  5  6  7 11 15 16 17 18 20
  62142  7.69966117046E-05 -1.49986316568E-05    2  3  4  7  9 10 11 12 13 16
  62143  7.69965573818E-05 -1.86568362354E-04    1  6  7  8 10 11 15 16 18 19
  62144  7.69964224540E-05 -1.86545068952E-04    1  2  3  5  8  9 11 12 14 16
  62145  7.69963359944E-05 -1.49986221739E-05    1  3  6  8  9 10 11 12 13 14
  62146 -7.69963069956E-05  1.49983811601E-05    1  5  6  8  9 15 16 18 19 20
  62147  7.69961977919E-05 -1.49986221739E-05    2  4  5  7  9 10 11 12 13 14
  62148 -7.69961687930E-05  1.49983811601E-05    2  5  6  7 10 15 16 17 19 20
  62149 -7.69943324944E-05  1.86568362354E-04    2  5  7  8  9 12 15 16 17 20
  62150 -7.69941975665E-05  1.86545068952E-04    1  2  4  6  7 10 11 12 13 15
  62175  7.52702402591E-05 -7.62463110475E-04    1  2  3  4  8 10 11 13 16 17
  62176  7.52701035834E-05 -7.62463181611E-04    1  4  5  7  8 11 16 17 18 20
  62177  7.52700583266E-05 -7.62447257473E-04    1  2  5  8 10 13 16 17 19 20
  62178  7.52698904513E-05 -7.62463288362E-04    1  4  5  7  8 10 11 13 14 20
  62179 -7.52680123391E-05  7.62463110475E-04    1  2  3  4  7  9 12 14 15 18
  62180 -7.52678756529E-05  7.62463181611E-04    2  3  6  7  8 12 15 17 18 19
  62181 -7.52666749596E-05  7.62447257473E-04    1  2  6  7  9 14 15 18 19 20
  62182 -7.52665070948E-05  7.62463288362E-04    2  3  6  7  8  9 12 13 14 19
  62191  7.45973457103E-05 -3.61259019808E-05    1  5  6  7 14 16 17 18 19 20
  62192 -7.45973379499E-05  3.61311056629E-05    2  3  4  8  9 10 11 13 14 19
  62193 -7.45971806675E-05  3.61310996029E-05    1  3  4  7 10 11 12 13 14 18
  62194  7.45971542063E-05 -3.61259058012E-05    2  3  5  8 15 16 17 18 19 20
  62195  7.45970795084E-05 -3.61259019808E-05    2  5  6  8 13 15 17 18 19 20
  62196 -7.45970717480E-05  3.61311056629E-05    1  3  4  7  9 10 12 13 14 20
  62197 -7.45970041578E-05  3.61310996029E-05    2  3  4  8  9 11 12 13 14 17
  62198  7.45969776966E-05 -3.61259058012E-05    1  4  6  7 15 16 17 18 19 20
  62233  7.00892167584E-05 -1.91632425071E-05    1  2  4  6  7  9 11 12 13 14
  62234  7.00891774930E-05 -1.91632469621E-05    2  6  7  8  9 15 16 17 19 20
  62235  7.00887911787E-05 -1.91632425071E-05    1  2  3  5  8 10 11 12 13 14
  62236  7.00887519239E-05 -1.91632469621E-05    1  5  7  8 10 15 16 18 19 20
  62237 -7.00886615895E-05  1.91629275638E-05    1  2  5  6  7 12 15 17 18 20
  62238 -7.00886282735E-05  1.91632508878E-05    2  3  4  7  8  9 10 12 13 15
  62239 -7.00884506897E-05  1.91629275638E-05    1  2  5  6  8 11 16 17 18 19
  62240 -7.00884173843E-05  1.91632508878E-05    1  3  4  7  8  9 10 11 14 16
  62241 -6.99537932051E-05  8.17310974794E-05    2  5  6 10 11 15 17 18 19 20
  62242 -6.99537925312E-05  8.17324612509E-05    3  4  5  7  9 10 12 13 14 16
  62243 -6.99536255931E-05  8.17310974794E-05    1  5  6  9 12 16 17 18 19 20
  62244 -6.99536249297E-05  8.17324612509E-05    3  4  6  8  9 10 11 13 14 15
  62245 -6.99533784184E-05  8.17324566352E-05    2  3  4  5  9 11 12 13 14 16
  62246  6.99533603284E-05 -8.17324584662E-05    6  7 10 11 15 16 17 18 19 20
  62247 -6.99532421849E-05  8.17324566352E-05    1  3  4  6 10 11 12 13 14 15
  62248  6.99532240844E-05 -8.17324584662E-05    5  8  9 12 15 16 17 18 19 20
  62265  6.91099159169E-05 -2.74794562918E-04    1  2  3  6  8 11 13 18 19 20
  62266  6.91098875709E-05 -2.74868517237E-04    1  3  7  8  9 13 14 16 18 20
  62267 -6.91069409976E-05  2.74794553391E-04    1  2  3  4  5  8 12 14 17 19
  62268  6.91069387442E-05 -2.74828925344E-04    1  4  7  8 10 14 15 17 18 19
  62269  6.91062516064E-05 -2.74794553391E-04    1  2  3  4  6  7 11 13 18 20
  62270 -6.91062493530E-05  2.74828925344E-04    2  3  7  8  9 13 16 17 18 20
  62271 -6.91050524294E-05  2.74794562918E-04    1  2  4  5  7 12 14 17 19 20
  62272 -6.91050240834E-05  2.74868517237E-04    2  4  7  8 10 13 14 15 17 19
  62273  6.88078481631E-05 -2.01659961339E-05    2  5  6 12 13 15 17 18 19 20
  62274  6.88078169004E-05 -2.01689015946E-05    3  4  7  9 10 12 13 14 15 20
  62275  6.88076844260E-05 -2.01659961339E-05    1  5  6 11 14 16 17 18 19 20
  62276  6.88076531633E-05 -2.01689015946E-05    3  4  8  9 10 11 13 14 16 19
  62277 -6.88074879941E-05  2.01659934874E-05    2  3  4  6  9 11 12 13 14 17
  62278 -6.88074397153E-05  2.01659981906E-05    4  6  7  9 15 16 17 18 19 20
  62279 -6.88074084737E-05  2.01659934874E-05    1  3  4  5 10 11 12 13 14 18
  62280 -6.88073602054E-05  2.01659981906E-05    3  5  8 10 15 16 17 18 19 20
  62373 -6.41080810916E-05  3.55807142616E-05    2  3  5  8  9 10 11 12 13 14
  62374  6.41080593056E-05 -3.55801281935E-05    1  5  6  7 10 15 16 18 19 20
  62375 -6.41079924103E-05  3.55807142616E-05    1  4  6  7  9 10 11 12 13 14
  62376  6.41079706243E-05 -3.55801281935E-05    2  5  6  8  9 15 16 17 19 20
  62377  6.41078738246E-05 -3.55801241860E-05    2  5  6  8 11 15 16 17 18 19
  62378 -6.41078660115E-05  3.55807202366E-05    1  3  4  7  9 10 11 12 14 16
  62379  6.41075795611E-05 -3.55801241860E-05    1  5  6  7 12 15 16 17 18 20
  62380 -6.41075717375E-05  3.55807202366E-05    2  3  4  8  9 10 11 12 13 15
  62393  6.25260804592E-05 -2.06442757220E-06    1  2  6  7  9 10 11 12 13 14
  62394  6.25260411517E-05 -2.06439917282E-06    2  5  6  7  8  9 15 16 19 20
  62395  6.25260073408E-05 -2.06439952632E-06    1  2  5  6  8 11 15 16 17 18
  62396  6.25259601571E-05 -2.06444220406E-06    1  3  4  7  8  9 10 11 12 16
  62397 -6.25259283047E-05  2.06439952632E-06    1  2  5  6  7 12 15 16 17 18
  62398 -6.25259229767E-05  2.06442757220E-06    1  2  5  8  9 10 11 12 13 14
  62399 -6.25258836693E-05  2.06439917282E-06    1  5  6  7  8 10 15 16 19 20
  62400 -6.25258811316E-05  2.06444220406E-06    2  3  4  7  8  9 10 11 12 15
  62417  6.04765657334E-05 -9.70035385828E-05    1  3  4  6 11 12 13 14 19 20
  62418 -6.04763232655E-05  9.70175350192E-05    8  9 13 14 15 16 17 18 19 20
  62419 -6.04760728478E-05  9.70035385828E-05    2  3  4  5 11 12 13 14 19 20
  62420  6.04760274226E-05 -9.70019549774E-05    1  3  4  5  6 12 17 18 19 20
  62421 -6.04759966863E-05  9.70019549774E-05    2  3  4  5  6 11 17 18 19 20
  62422  6.04758303694E-05 -9.70175350192E-05    7 10 13 14 15 16 17 18 19 20
  62423  6.04758015180E-05 -9.70175941815E-05    3  4  8  9 10 13 14 15 17 18
  62424 -6.04757707817E-05  9.70175941815E-05    3  4  7  9 10 13 14 16 17 18
  62433  5.96696426821E-05 -3.56629619299E-05    2  3  6  9 10 11 12 13 14 15
  62434  5.96696151258E-05 -3.56623778987E-05    5  6  7  9 12 15 16 18 19 20
  62435  5.96693125333E-05 -3.56629619299E-05    1  4  5  9 10 11 12 13 14 16
  62436  5.96692849770E-05 -3.56623778987E-05    5  6  8 10 11 15 16 17 19 20
  62437  5.96688748550E-05 -3.56623710034E-05    2  5  6  9 12 15 16 17 18 19
  62438 -5.96688470039E-05  3.56622368222E-05    3  4  6  7  9 10 11 12 14 15
  62439  5.96682280986E-05 -3.56623710034E-05    1  5  6 10 11 15 16 17 18 20
  62440 -5.96682002475E-05  3.56622368222E-05    3  4  5  8  9 10 11 12 13 16
  62449 -5.93148738026E-05  2.47172491357E-05    3  4  5  6  7  8  9 10 13 14
  62450 -5.93148456040E-05  2.47168411027E-05    1  2  5  6  9 10 17 18 19 20
  62451 -5.93145407897E-05  2.47172522084E-05    7  8 11 12 15 16 17 18 19 20
  62452 -5.93145388206E-05  2.47208109842E-05    1  2  3  4 11 12 13 14 15 16
  62453  5.89562279333E-05 -1.97811931408E-05    2  3  4  5  7  8  9 10 13 14
  62454 -5.89562255536E-05  1.97808628453E-05    1  2  5  6  7 10 17 18 19 20
  62455  5.89561703042E-05 -1.97840376505E-05    1  2  3  4  7 11 12 13 14 16
  62456  5.89561528986E-05 -1.97811924816E-05    2  7  8 11 15 16 17 18 19 20
  62457 -5.89559745883E-05  1.97840376505E-05    1  2  3  4  8 11 12 13 14 15
  62458 -5.89559571827E-05  1.97811924816E-05    1  7  8 12 15 16 17 18 19 20
  62459 -5.89559479376E-05  1.97811931408E-05    1  3  4  6  7  8  9 10 13 14
  62460  5.89559455579E-05 -1.97808628453E-05    1  2  5  6  8  9 17 18 19 20
  62481 -5.78039948067E-05  1.58222867576E-06    3  4  5  7  8  9 10 11 12 14
  62482  5.78039935747E-05 -1.58239987102E-06    1  2  5  6 10 15 16 17 18 19
  62483  5.78039727995E-05 -1.58222867576E-06    3  4  6  7  8  9 10 11 12 13
  62484 -5.78039715676E-05  1.58239987102E-06    1  2  5  6  9 15 16 17 18 20
  62485 -5.78034199893E-05  1.58265292551E-06    1  2  4  9 10 11 12 13 14 15
  62486 -5.78034079854E-05  1.58240168864E-06    5  6  7  8 12 15 16 17 19 20
  62487  5.78032189980E-05 -1.58265292551E-06    1  2  3  9 10 11 12 13 14 16
  62488  5.78032070047E-05 -1.58240168864E-06    5  6  7  8 11 15 16 18 19 20
  62489 -5.75759268932E-05  4.98017163288E-04    3  4  7  8  9 12 13 14 16 17
  62490  5.75758705697E-05 -4.97945528163E-04    1  2  4  6 11 15 17 18 19 20
  62491 -5.75755438957E-05  4.98017163288E-04    3  4  7  8 10 11 13 14 15 18
  62492  5.75754875828E-05 -4.97945528163E-04    1  2  3  5 12 16 17 18 19 20
  62493 -5.75749671304E-05  4.97883160120E-04    5  7  8  9 14 16 17 18 19 20
  62494 -5.75749586540E-05  4.97883160120E-04    6  7  8 10 13 15 17 18 19 20
  62495  5.75749346146E-05 -4.97945556145E-04    1  2  3  4  6 10 11 13 14 19
  62496  5.75749261382E-05 -4.97945556145E-04    1  2  3  4  5  9 12 13 14 20
  62497  5.73786807191E-05 -1.62878805639E-03    4  6  7  8 13 15 16 17 18 19
  62498  5.73786056948E-05 -1.62922638097E-03    3  7  8  9 10 12 13 14 17 20
  62499  5.73784588684E-05 -1.62899219559E-03    1  2  3  4  9 11 12 14 17 20
  62500  5.73783661648E-05 -1.62899213723E-03    1  2  4  5  6 13 15 18 19 20
  62501  5.73776278736E-05 -1.62922638097E-03    4  7  8  9 10 11 13 14 18 19
  62502  5.73775590408E-05 -1.62878805639E-03    3  5  7  8 14 15 16 17 18 20
  62503  5.73773883435E-05 -1.62899213723E-03    1  2  3  5  6 14 16 17 19 20
  62504  5.73773372007E-05 -1.62899219559E-03    1  2  3  4 10 11 12 13 18 19
  62513  5.61823088337E-05 -2.44447348256E-04    1  2  4  5  9 12 13 14 17 20
  62514  5.61815718060E-05 -2.44417038484E-04    4  6  7  8 10 13 15 17 19 20
  62515  5.61812039819E-05 -2.44416956775E-04    1  2  4  6 11 13 15 17 18 20
  62516  5.61805731254E-05 -2.44447974782E-04    3  4  7  8  9 12 13 16 17 20
  62517 -5.61782340116E-05  2.44447348256E-04    1  2  3  6 10 11 13 14 18 19
  62518 -5.61774969839E-05  2.44417038484E-04    3  5  7  8  9 14 16 18 19 20
  62519 -5.61769874614E-05  2.44416956775E-04    1  2  3  5 12 14 16 17 18 19
  62520 -5.61763566049E-05  2.44447974782E-04    3  4  7  8 10 11 14 15 18 19
  62553 -5.37619732515E-05  3.75121190524E-06    1  2  5  6  7  8 15 17 18 20
  62554 -5.37619706928E-05  3.75127556383E-06    1  2  3  4  7  8  9 10 12 13
  62555 -5.37619429680E-05  3.75181217481E-06    1  2  4  7  8  9 11 12 13 14
  62556  5.37619251307E-05 -3.75127545350E-06    1  2  6  7  8 15 16 17 19 20
  62557  5.37617274036E-05 -3.75121190524E-06    1  2  5  6  7  8 16 17 18 19
  62558  5.37617248449E-05 -3.75127556383E-06    1  2  3  4  7  8  9 10 11 14
  62559  5.37617160842E-05 -3.75181217481E-06    1  2  3  7  8 10 11 12 13 14
  62560 -5.37616982468E-05  3.75127545350E-06    1  2  5  7  8 15 16 18 19 20
  62577 -5.16335284711E-05  4.57578566241E-05    2  3  7  8  9 10 11 14 16 19
  62578  5.16333778540E-05 -4.57578566241E-05    1  4  7  8  9 10 12 13 15 20
  62579  5.16332986284E-05 -4.57581147184E-05    1  4  6  7  8  9 15 16 17 20
  62580  5.16328552220E-05 -4.57526148233E-05    1  2  4  6  8  9 11 12 13 17
  62581  5.16328152406E-05 -4.57582600338E-05    1  2  5  6  7 11 14 16 18 19
  62582 -5.16326646235E-05  4.57582600338E-05    1  2  5  6  8 12 13 15 17 20
  62583 -5.16326366250E-05  4.57581147184E-05    2  3  5  7  8 10 15 16 18 19
  62584 -5.16321932291E-05  4.57526148233E-05    1  2  3  5  7 10 11 12 14 18
  62593 -5.13795512479E-05  2.63963696400E-06    2  3  4  9 11 12 13 14 17 18
  62594 -5.13794973884E-05  2.63926313222E-06    3  4  6  7 15 16 17 18 19 20
  62595  5.13794069170E-05 -2.63926168770E-06    2  5  6 13 14 15 17 18 19 20
  62596 -5.13793885637E-05  2.63926168770E-06    1  5  6 13 14 16 17 18 19 20
  62597  5.13793815825E-05 -2.63963696400E-06    1  3  4 10 11 12 13 14 17 18
  62598  5.13793681887E-05 -2.63964686806E-06    3  4  7  9 10 12 13 14 19 20
  62599 -5.13793498354E-05  2.63964686806E-06    3  4  8  9 10 11 13 14 19 20
  62600  5.13793277230E-05 -2.63926313222E-06    3  4  5  8 15 16 17 18 19 20
  62621 -4.98492326751E-05  1.05791418892E-04    2  3  4  7 11 12 13 14 15 18
  62622  4.98491623050E-05 -1.05776209773E-04    2  3  7 12 15 16 17 18 19 20
  62623 -4.98490885969E-05  1.05791418892E-04    1  3  4  8 11 12 13 14 16 17
  62624  4.98490182268E-05 -1.05776209773E-04    1  4  8 11 15 16 17 18 19 20
  62625 -4.98484329745E-05  1.05776200900E-04    2  5  6  7  9 14 17 18 19 20
  62626 -4.98483684484E-05  1.05776234003E-04    2  3  4  6  7  9 10 13 14 19
  62627 -4.98480207255E-05  1.05776200900E-04    1  5  6  8 10 13 17 18 19 20
  62628 -4.98479561889E-05  1.05776234003E-04    1  3  4  5  8  9 10 13 14 20
  62629  4.97562188270E-05 -3.83653938367E-04    1  2  3  6 10 11 12 13 14 17
  62630  4.97561464036E-05 -3.83653923299E-04    4  5  7  8  9 15 16 18 19 20
  62631  4.97561387485E-05 -3.83653938367E-04    1  2  4  5  9 11 12 13 14 18
  62632  4.97560663357E-05 -3.83653923299E-04    3  6  7  8 10 15 16 17 19 20
  62633  4.97558454538E-05 -3.83653928310E-04    1  2  5  6 11 14 15 17 18 20
  62634  4.97557824755E-05 -3.83653928310E-04    1  2  5  6 12 13 16 17 18 19
  62635  4.97557627428E-05 -3.83653936379E-04    3  4  7  8  9 10 12 13 16 19
  62636  4.97556997646E-05 -3.83653936379E-04    3  4  7  8  9 10 11 14 15 20
  62653 -4.80561901577E-05  7.88199599964E-05    1  2  3  4  5  8  9 12 13 14
  62654  4.80561746264E-05 -7.88199613781E-05    1  6  7  8 10 15 17 18 19 20
  62655  4.80560759419E-05 -7.88313037967E-05    1  3  4  7  8  9 12 13 14 16
  62656  4.80560744361E-05 -7.88199567078E-05    1  2  6  8 11 15 17 18 19 20
  62657 -4.80555935649E-05  7.88199599964E-05    1  2  3  4  6  7 10 11 13 14
  62658  4.80555846568E-05 -7.88313037967E-05    2  3  4  7  8 10 11 13 14 15
  62659  4.80555831616E-05 -7.88199567078E-05    1  2  5  7 12 16 17 18 19 20
  62660  4.80555780336E-05 -7.88199613781E-05    2  5  7  8  9 16 17 18 19 20
  62661 -4.78946135001E-05  1.45639102875E-06    1  2  3  6  7  9 10 12 13 14
  62662 -4.78945818478E-05  1.45637576234E-06    2  5  6  7  8  9 15 18 19 20
  62663 -4.78942040099E-05  1.45639102875E-06    1  2  4  5  8  9 10 11 13 14
  62664 -4.78941723681E-05  1.45637576234E-06    1  5  6  7  8 10 16 17 19 20
  62665 -4.78933173971E-05  1.45639479003E-06    1  2  6  7 12 15 16 17 18 19
  62666  4.78932807852E-05 -1.45640731536E-06    2  3  4  7  8  9 11 12 14 15
  62667 -4.78932418885E-05  1.45639479003E-06    1  2  5  8 11 15 16 17 18 20
  62668  4.78932052661E-05 -1.45640731536E-06    1  3  4  7  8 10 11 12 13 16
  62669 -4.65668702447E-05  4.81785721896E-06    1  3  4 10 11 12 13 14 16 17
  62670 -4.65668344331E-05  4.81717293620E-06    4  5  8 11 15 16 17 18 19 20
  62671 -4.65667979266E-05  4.81785721896E-06    2  3  4  9 11 12 13 14 15 18
  62672 -4.65667621150E-05  4.81717293620E-06    3  6  7 12 15 16 17 18 19 20
  62673  4.65663603536E-05 -4.81716754521E-06    1  5  6 10 13 16 17 18 19 20
  62674 -4.65663352718E-05  4.81717909769E-06    3  4  5  8  9 10 11 13 14 20
  62675  4.65662592893E-05 -4.81716754521E-06    2  5  6  9 14 15 17 18 19 20
  62676 -4.65662342181E-05  4.81717909769E-06    3  4  6  7  9 10 12 13 14 19
  62677  4.65230347208E-05 -6.83426134239E-07    3  4  7  8 10 11 12 13 14 19
  62678 -4.65230344470E-05  6.83242118421E-07    1  2  5 14 15 16 17 18 19 20
  62679 -4.65230290558E-05  6.83426134239E-07    3  4  7  8  9 11 12 13 14 20
  62680  4.65230287715E-05 -6.83242118421E-07    1  2  6 13 15 16 17 18 19 20
  62681 -4.65227746894E-05  6.83425252981E-07    1  2  3  4  9 10 12 13 14 17
  62682 -4.65227601373E-05  6.83318267262E-07    4  5  6  7  8 15 17 18 19 20
  62683  4.65225531441E-05 -6.83425252981E-07    1  2  3  4  9 10 11 13 14 18
  62684  4.65225385815E-05 -6.83318267262E-07    3  5  6  7  8 16 17 18 19 20
  62693 -4.50902097069E-05  8.52921678853E-04    1  4  5  8 11 14 15 16 17 20
  62694 -4.50895066270E-05  8.53029295942E-04    1  4  8 10 11 12 13 16 17 19
  62695  4.50893907896E-05 -8.53010673504E-04    2  3  6  7  9 10 12 14 17 19
  62696  4.50889555437E-05 -8.53028879769E-04    2  4  5  6  7  9 14 15 18 19
  62697  4.50853819888E-05 -8.53010673504E-04    1  4  5  8  9 10 11 13 18 20
  62698  4.50849467534E-05 -8.53028879769E-04    1  3  5  6  8 10 13 16 17 20
  62699 -4.50835734570E-05  8.52921678853E-04    2  3  6  7 12 13 15 16 18 19
  62700 -4.50828703877E-05  8.53029295942E-04    2  3  7  9 11 12 14 15 18 20
  62701  4.48673665661E-05 -4.03802186744E-05    1  2  3  4  7  9 12 13 14 18
  62702  4.48673561838E-05 -4.03802186744E-05    1  2  3  4  8 10 11 13 14 17
  62703  4.48673283748E-05 -4.03744178165E-05    2  3  6  7  8 15 17 18 19 20
  62704  4.48673179925E-05 -4.03744178165E-05    1  4  5  7  8 16 17 18 19 20
  62705 -4.48667255905E-05  4.03735733533E-05    1  2  5  8 13 16 17 18 19 20
  62706  4.48666944962E-05 -4.03802413003E-05    1  3  4  7  8 10 11 13 14 20
  62707 -4.48666235154E-05  4.03735733533E-05    1  2  6  7 14 15 17 18 19 20
  62708  4.48665924317E-05 -4.03802413003E-05    2  3  4  7  8  9 12 13 14 19
  62709  4.46726545372E-05 -1.27261521268E-05    1  2  5  6  8 11 15 17 18 20
  62710  4.46726185361E-05 -1.27263679727E-05    1  3  4  7  8  9 10 12 13 16
  62711  4.46724929166E-05 -1.27261521268E-05    1  2  5  6  7 12 16 17 18 19
  62712  4.46724569155E-05 -1.27263679727E-05    2  3  4  7  8  9 10 11 14 15
  62713 -4.46722510595E-05  1.27263604084E-05    1  2  3  6  7 10 11 12 13 14
  62714 -4.46722378025E-05  1.27263604084E-05    1  2  4  5  8  9 11 12 13 14
  62715 -4.46722176803E-05  1.27263634809E-05    2  5  7  8  9 15 16 18 19 20
  62716 -4.46722044233E-05  1.27263634809E-05    1  6  7  8 10 15 16 17 19 20
  62733  4.37655862701E-05 -8.04538550520E-05    1  2  3  4  5  6  7 10 11 12
  62734 -4.37654495944E-05  8.04552103997E-05    2  5  7  8  9 10 15 16 17 18
  62735  4.37651251843E-05 -8.04538460118E-05    1  2  5  6  8 11 12 15 19 20
  62736 -4.37650085150E-05  8.04538550520E-05    1  2  3  4  5  6  8  9 11 12
  62737  4.37648718393E-05 -8.04552103997E-05    1  6  7  8  9 10 15 16 17 18
  62738  4.37648370070E-05 -8.04668536779E-05    1  7  8  9 10 12 13 14 15 16
  62739 -4.37648322370E-05  8.04538460118E-05    1  2  5  6  7 11 12 16 19 20
  62740 -4.37645440597E-05  8.04668536779E-05    2  7  8  9 10 11 13 14 15 16
  62769  4.16538942088E-05 -3.10621787097E-04    3  6  8  9 10 15 16 17 18 19
  62770 -4.16538389173E-05  3.10621833772E-04    1  3  4  5  6  9 11 12 14 18
  62771  4.16537665992E-05 -3.10666464208E-04    3  8  9 10 12 13 14 15 16 19
  62772  4.16537619556E-05 -3.10621787097E-04    4  5  7  9 10 15 16 17 18 20
  62773 -4.16537066640E-05  3.10621833772E-04    2  3  4  5  6 10 11 12 13 17
  62774  4.16536765490E-05 -3.10621814214E-04    1  5  6 11 12 14 15 18 19 20
  62775  4.16531635938E-05 -3.10666464208E-04    4  7  9 10 11 13 14 15 16 20
  62776  4.16530735436E-05 -3.10621814214E-04    2  5  6 11 12 13 16 17 19 20
  62793 -3.99555135142E-05  5.48427167677E-06    3  4  5  9 10 11 12 13 14 18
  62794  3.99554940342E-05 -5.48418376693E-06    3  5  6 10 15 16 17 18 19 20
  62795  3.99554032575E-05 -5.48427341584E-06    5  6 11 14 15 16 17 18 19 20
  62796  3.99553991088E-05 -5.48506371637E-06    3  4  9 10 11 12 13 14 16 19
  62797  3.99551921577E-05 -5.48427167677E-06    3  4  6  9 10 11 12 13 14 17
  62798 -3.99551726777E-05  5.48418376693E-06    4  5  6  9 15 16 17 18 19 20
  62799 -3.99550845545E-05  5.48427341584E-06    5  6 12 13 15 16 17 18 19 20
  62800 -3.99550803953E-05  5.48506371637E-06    3  4  9 10 11 12 13 14 15 20
  62801  3.96982453854E-05 -1.21005419546E-05    2  3  4  5  9 11 12 13 14 18
  62802  3.96982030033E-05 -1.21005450844E-05    3  6  7 10 15 16 17 18 19 20
  62803  3.96977243854E-05 -1.21005419546E-05    1  3  4  6 10 11 12 13 14 17
  62804  3.96976820138E-05 -1.21005450844E-05    4  5  8  9 15 16 17 18 19 20
  62805 -3.96976254061E-05  1.21005442003E-05    2  5  6 11 14 15 17 18 19 20
  62806 -3.96975931114E-05  1.21022882830E-05    3  4  7  9 10 12 13 14 16 19
  62807 -3.96970511889E-05  1.21005442003E-05    1  5  6 12 13 16 17 18 19 20
  62808 -3.96970189048E-05  1.21022882830E-05    3  4  8  9 10 11 13 14 15 20
  62809 -3.74725016037E-05  2.55013453992E-05    1  2  3  4  7 11 12 13 14 18
  62810 -3.74724665397E-05  2.54976772858E-05    2  3  7  8 15 16 17 18 19 20
  62811  3.74724103426E-05 -2.55013453992E-05    1  2  3  4  8 11 12 13 14 17
  62812  3.74723772161E-05 -2.54976781384E-05    1  2  5  6  7 14 17 18 19 20
  62813  3.74723752892E-05 -2.54976772858E-05    1  4  7  8 15 16 17 18 19 20
  62814 -3.74723466800E-05  2.55013506990E-05    2  3  4  7  8  9 10 13 14 19
  62815 -3.74721364331E-05  2.54976781384E-05    1  2  5  6  8 13 17 18 19 20
  62816  3.74721058969E-05 -2.55013506990E-05    1  3  4  7  8  9 10 13 14 20
  62841  3.60392151354E-05 -2.27522028996E-05    1  5  6  8 12 15 17 18 19 20
  62842  3.60392057429E-05 -2.27558593640E-05    1  3  4  8  9 10 12 13 14 15
  62843  3.60390960864E-05 -2.27522028996E-05    2  5  6  7 11 16 17 18 19 20
  62844  3.60390866939E-05 -2.27558593640E-05    2  3  4  7  9 10 11 13 14 16
  62845  3.60388971379E-05 -2.27525798004E-05    1  3  4  6  8  9 11 12 13 14
  62846  3.60388787004E-05 -2.27525827944E-05    1  6  8  9 15 16 17 18 19 20
  62847  3.60385957036E-05 -2.27525798004E-05    2  3  4  5  7 10 11 12 13 14
  62848  3.60385772766E-05 -2.27525827944E-05    2  5  7 10 15 16 17 18 19 20
  62857 -3.51339426802E-05  2.58250011739E-05    2  5  6 11 12 15 16 17 18 19
  62858  3.51339152503E-05 -2.58254333301E-05    3  4  7  9 10 11 12 14 15 16
  62859  3.51338898526E-05 -2.58254303536E-05    1  4  5  6  9 10 11 12 13 14
  62860  3.51338609907E-05 -2.58250024797E-05    5  6  8  9 10 15 16 17 19 20
  62861 -3.51338381623E-05  2.58254303536E-05    2  3  5  6  9 10 11 12 13 14
  62862 -3.51338092898E-05  2.58250024797E-05    5  6  7  9 10 15 16 18 19 20
  62863  3.51336122261E-05 -2.58250011739E-05    1  5  6 11 12 15 16 17 18 20
  62864 -3.51335847962E-05  2.58254333301E-05    3  4  8  9 10 11 12 13 15 16
  62865  3.49880715507E-05 -3.44181260758E-04    1  2  3  4  6 11 13 16 19 20
  62866  3.49880576410E-05 -3.44181260758E-04    1  2  3  4  5 12 14 15 19 20
  62867  3.49878269769E-05 -3.44274205607E-04    7  8  9 11 13 14 16 17 18 20
  62868  3.49878130672E-05 -3.44274205607E-04    7  8 10 12 13 14 15 17 18 19
  62869 -3.49803033035E-05  3.44224519073E-04    1  2  3  4  6  9 11 18 19 20
  62870 -3.49802236567E-05  3.44224519073E-04    1  2  3  4  5 10 12 17 19 20
  62871 -3.49799778088E-05  3.44224883104E-04    3  6  7  8  9 13 14 16 17 18
  62872 -3.49798981620E-05  3.44224883104E-04    4  5  7  8 10 13 14 15 17 18
  62905 -3.08386406218E-05  6.42412463470E-04    2  3  7  8  9 11 12 16 19 20
  62906  3.08382066078E-05 -6.42412825134E-04    1  2  6  7 11 13 14 15 16 18
  62907 -3.08373465299E-05  6.42412463470E-04    1  4  7  8 10 11 12 15 19 20
  62908  3.08369125265E-05 -6.42412825134E-04    1  2  5  8 12 13 14 15 16 17
  62909  3.08357489610E-05 -6.42401999759E-04    1  3  4  5  6  7  8  9 16 20
  62910  3.08355374716E-05 -6.42332455113E-04    1  2  6  8  9 10 11 13 17 18
  62911  3.08337289187E-05 -6.42401999759E-04    2  3  4  5  6  7  8 10 15 19
  62912  3.08335174398E-05 -6.42332455113E-04    1  2  5  7  9 10 12 14 17 18
  62921 -2.92520574453E-05  6.79797935879E-05    1  2  4  5  6  9 11 12 13 14
  62922  2.92520228552E-05 -6.79797899052E-05    6  7  8  9 10 15 16 17 19 20
  62923 -2.92519061438E-05  6.79786603014E-05    1  2  5  6 11 12 15 17 18 20
  62924 -2.92518674260E-05  6.79797938097E-05    3  4  7  8  9 10 12 13 15 16
  62925  2.92518168834E-05 -6.79797935879E-05    1  2  3  5  6 10 11 12 13 14
  62926 -2.92517822932E-05  6.79797899052E-05    5  7  8  9 10 15 16 18 19 20
  62927  2.92516586322E-05 -6.79786603014E-05    1  2  5  6 11 12 16 17 18 19
  62928  2.92516199039E-05 -6.79797938097E-05    3  4  7  8  9 10 11 14 15 16
  62949  2.86075713401E-05 -6.06478017443E-05    3  4  8  9 10 11 13 14 15 18
  62950  2.86075479010E-05 -6.06380692417E-05    1  3  5  6 12 16 17 18 19 20
  62951 -2.86075097729E-05  6.06314842344E-05    5  8  9 14 15 16 17 18 19 20
  62952 -2.86074958526E-05  6.06390793079E-05    1  3  4  6 10 11 12 13 14 19
  62953  2.86072750760E-05 -6.06478017443E-05    3  4  7  9 10 12 13 14 16 17
  62954  2.86072516368E-05 -6.06380692417E-05    2  4  5  6 11 15 17 18 19 20
  62955 -2.86069866775E-05  6.06314842344E-05    6  7 10 13 15 16 17 18 19 20
  62956 -2.86069727572E-05  6.06390793079E-05    2  3  4  5  9 11 12 13 14 20
  62961  2.72984763427E-05 -1.93780075772E-05    3  4  8  9 11 12 13 14 15 16
  62962 -2.72984745737E-05  1.93752196066E-05    1  6 11 12 15 16 17 18 19 20
  62963 -2.72984062358E-05  1.93752186619E-05    1  3  4  5  6  9 10 12 13 14
  62964 -2.72983941582E-05  1.93748993409E-05    5  6  8  9 10 15 17 18 19 20
  62965  2.72981988951E-05 -1.93752186619E-05    2  3  4  5  6  9 10 11 13 14
  62966  2.72981868175E-05 -1.93748993409E-05    5  6  7  9 10 16 17 18 19 20
  62967 -2.72980932189E-05  1.93780075772E-05    3  4  7 10 11 12 13 14 15 16
  62968  2.72980914499E-05 -1.93752196066E-05    2  5 11 12 15 16 17 18 19 20
  62969 -2.72307773597E-05  3.35508318398E-05    1  3  4  6  7 10 11 12 13 14
  62970 -2.72307660402E-05  3.35502739654E-05    1  5  6  7 12 16 17 18 19 20
  62971 -2.72307630498E-05  3.35508328066E-05    2  5  8  9 15 16 17 18 19 20
  62972 -2.72307592907E-05  3.35556633510E-05    2  3  4  8  9 10 11 13 14 15
  62973 -2.72306927218E-05  3.35508318398E-05    2  3  4  5  8  9 11 12 13 14
  62974 -2.72306784224E-05  3.35508328066E-05    1  6  7 10 15 16 17 18 19 20
  62975 -2.72306124327E-05  3.35502739654E-05    2  5  6  8 11 15 17 18 19 20
  62976 -2.72306056831E-05  3.35556633510E-05    1  3  4  7  9 10 12 13 14 16
  62977 -2.67938434749E-05  4.86665705407E-04    3  5  7  8  9 10 12 13 14 16
  62978 -2.67938248584E-05  4.86665705407E-04    4  6  7  8  9 10 11 13 14 15
  62979  2.67937758320E-05 -4.86657648649E-04    1  2  5  6 10 11 15 18 19 20
  62980  2.67937572154E-05 -4.86657648649E-04    1  2  5  6  9 12 16 17 19 20
  62981 -2.67928817115E-05  4.86665710665E-04    6  7  8 10 11 15 16 17 18 19
  62982  2.67928475741E-05 -4.86604825354E-04    1  2  3  4  5  9 11 12 14 16
  62983 -2.67924808030E-05  4.86665710665E-04    5  7  8  9 12 15 16 17 18 20
  62984  2.67924466656E-05 -4.86604825354E-04    1  2  3  4  6 10 11 12 13 15
  62993 -2.63524183177E-05  5.72310636713E-05    1  5  6  7  8 10 15 16 18 19
  62994 -2.63523898453E-05  5.72248493259E-05    1  2  3  5  8  9 10 11 12 14
  62995 -2.63521884855E-05  5.72310636713E-05    2  5  6  7  8  9 15 16 17 20
  62996 -2.63521600132E-05  5.72248493259E-05    1  2  4  6  7  9 10 11 12 13
  62997  2.63514874484E-05 -5.72319982159E-05    2  4  7  8  9 10 11 12 13 15
  62998  2.63514292612E-05 -5.72310574788E-05    1  2  5  6  7 12 15 16 17 20
  62999  2.63514263340E-05 -5.72319982159E-05    1  3  7  8  9 10 11 12 14 16
  63000  2.63513681467E-05 -5.72310574788E-05    1  2  5  6  8 11 15 16 18 19
  63001 -2.63493738391E-05  6.80748246630E-05    1  2  3  4  5 11 12 13 14 18
  63002  2.63493359216E-05 -6.80748210136E-05    3  7  8 10 15 16 17 18 19 20
  63003  2.63492922864E-05 -6.80748246630E-05    1  2  3  4  6 11 12 13 14 17
  63004  2.63492915388E-05 -6.80748231764E-05    1  2  5  6 11 14 17 18 19 20
  63005  2.63492556641E-05 -6.80846224041E-05    3  4  7  8  9 10 13 14 16 19
  63006 -2.63492543689E-05  6.80748210136E-05    4  7  8  9 15 16 17 18 19 20
  63007 -2.63492459767E-05  6.80748231764E-05    1  2  5  6 12 13 17 18 19 20
  63008 -2.63492101125E-05  6.80846224041E-05    3  4  7  8  9 10 13 14 15 20
  63021  2.51369671508E-05 -1.74253781566E-03    1  3  4  8 10 11 12 13 17 18
  63022  2.51368912947E-05 -1.74253781566E-03    2  3  4  7  9 11 12 14 17 18
  63023  2.51367766892E-05 -1.74253788120E-03    1  3  4  5  8 15 16 17 18 20
  63024  2.51367008226E-05 -1.74253788120E-03    2  3  4  6  7 15 16 17 18 19
  63025  2.51364623455E-05 -1.74253783497E-03    1  5  6  8 13 14 16 17 19 20
  63026 -2.51362409161E-05  1.74278876105E-03    1  4  8  9 10 11 13 14 19 20
  63027  2.51350788563E-05 -1.74253783497E-03    2  5  6  7 13 14 15 18 19 20
  63028 -2.51348574269E-05  1.74278876105E-03    2  3  7  9 10 12 13 14 19 20
  63065  2.38114118655E-05 -1.41311313229E-05    1  2  5  6  8 11 17 18 19 20
  63066  2.38113974293E-05 -1.41334010096E-05    1  3  4  7  8  9 10 13 14 16
  63067 -2.38113215627E-05  1.41311313229E-05    1  2  5  6  7 12 17 18 19 20
  63068 -2.38113071264E-05  1.41334010096E-05    2  3  4  7  8  9 10 13 14 15
  63069  2.38112622488E-05 -1.41313656568E-05    1  2  3  4  6  7 11 12 13 14
  63070  2.38112439060E-05 -1.41313658037E-05    2  7  8  9 15 16 17 18 19 20
  63071 -2.38111133480E-05  1.41313656568E-05    1  2  3  4  5  8 11 12 13 14
  63072 -2.38110950053E-05  1.41313658037E-05    1  7  8 10 15 16 17 18 19 20
  63073 -2.35665464817E-05  3.56384558660E-03    1  2  3  4 10 11 13 16 17 20
  63074 -2.35660901447E-05  3.56377181897E-03    4  5  7  8 11 13 16 17 18 20
  63075 -2.35653794730E-05  3.56377153929E-03    1  2  4  5 10 13 16 17 19 20
  63076 -2.35646867544E-05  3.56384637880E-03    4  5  7  8 10 11 13 14 17 20
  63077  2.35641100733E-05 -3.56384558660E-03    1  2  3  4  9 12 14 15 18 19
  63078  2.35636537363E-05 -3.56377181897E-03    3  6  7  8 12 14 15 17 18 19
  63079  2.35526176330E-05 -3.56377153929E-03    1  2  3  6  9 14 15 18 19 20
  63080  2.35519249039E-05 -3.56384637880E-03    3  6  7  8  9 12 13 14 18 19
  63081 -2.21265460647E-05  5.60892579053E-04    1  3  8 10 11 12 13 14 16 17
  63082  2.21264562462E-05 -5.60811891241E-04    1  4  5  8 11 15 16 18 19 20
  63083  2.21254670107E-05 -5.60892579053E-04    2  4  7  9 11 12 13 14 15 18
  63084 -2.21253771922E-05  5.60811891241E-04    2  3  6  7 12 15 16 17 19 20
  63085  2.21248507800E-05 -5.60811868772E-04    1  5  6  8 10 13 16 17 18 19
  63086  2.21247685008E-05 -5.60741731464E-04    1  3  4  5  8  9 10 11 14 20
  63087 -2.21238963031E-05  5.60811868772E-04    2  5  6  7  9 14 15 17 18 20
  63088 -2.21238140345E-05  5.60741731464E-04    2  3  4  6  7  9 10 12 13 19
  63089  2.18468360519E-05 -1.43157496265E-05    2  5  6 11 12 15 17 18 19 20
  63090  2.18468227424E-05 -1.43180485430E-05    3  4  7  9 10 12 13 14 15 16
  63091 -2.18467653449E-05  1.43157496265E-05    1  5  6 11 12 16 17 18 19 20
  63092 -2.18467520353E-05  1.43180485430E-05    3  4  8  9 10 11 13 14 15 16
  63093 -2.18466522031E-05  1.43159874306E-05    2  3  4  5  6  9 11 12 13 14
  63094  2.18466333022E-05 -1.43159874306E-05    1  3  4  5  6 10 11 12 13 14
  63095 -2.18466326810E-05  1.43159877613E-05    6  7  9 10 15 16 17 18 19 20
  63096  2.18466137906E-05 -1.43159877613E-05    5  8  9 10 15 16 17 18 19 20
  63105 -2.04973637955E-05  3.52161904984E-04    3  4  7  8  9 11 12 14 16 19
  63106 -2.04972551920E-05  3.52161904984E-04    3  4  7  8 10 11 12 13 15 20
  63107  2.04972455257E-05 -3.52154595511E-04    1  2  6 11 14 15 16 17 18 19
  63108  2.04971369222E-05 -3.52154595511E-04    1  2  5 12 13 15 16 17 18 20
  63109 -2.04965931991E-05  3.52156075205E-04    4  5  6  7  8  9 16 17 19 20
  63110 -2.04965278622E-05  3.52161956691E-04    1  2  4  6  9 10 11 13 14 17
  63111 -2.04962348307E-05  3.52156075205E-04    3  5  6  7  8 10 15 18 19 20
  63112 -2.04961694938E-05  3.52161956691E-04    1  2  3  5  9 10 12 13 14 18
  63113 -2.03810124267E-05  1.08048514415E-05    1  2  5  6  7  8 17 18 19 20
  63114 -2.03810088361E-05  1.08065872586E-05    1  2  3  4  7  8  9 10 13 14
  63115 -2.03807106134E-05  1.08065856493E-05    1  2  3  4  7  8 11 12 13 14
  63116 -2.03807002838E-05  1.08050310341E-05    1  2  7  8 15 16 17 18 19 20
  63141 -1.89401658521E-05  1.03296881423E-04    3  5  8  9 10 12 14 16 17 19
  63142  1.89397049032E-05 -1.03310398003E-04    1  4  5  6 10 11 14 15 18 19
  63143 -1.89373564811E-05  1.03296881423E-04    4  6  7  9 10 11 13 15 18 20
  63144  1.89368955427E-05 -1.03310398003E-04    2  3  5  6  9 12 13 16 17 20
  63145 -1.89338668902E-05  1.03297311376E-04    3  6  8 10 11 13 15 16 18 19
  63146  1.89335880738E-05 -1.03297568245E-04    1  3  5  9 11 12 14 16 18 20
  63147 -1.89272459611E-05  1.03297311376E-04    4  5  7  9 12 14 15 16 17 20
  63148  1.89269671447E-05 -1.03297568245E-04    2  4  6 10 11 12 13 15 17 19
  63197 -1.56314668897E-05  2.43735382395E-05    5  6  7  8  9 10 17 18 19 20
  63198 -1.56314608035E-05  2.43739418494E-05    1  2  3  4  5  6  9 10 13 14
  63199 -1.56314342686E-05  2.43774437571E-05    3  4  7  8 11 12 13 14 15 16
  63200 -1.56314058384E-05  2.43739424551E-05    1  2 11 12 15 16 17 18 19 20
  63201  1.54849754229E-05 -9.30120510481E-06    1  2  5  6  9 16 17 18 19 20
  63202  1.54849752755E-05 -9.30136114747E-06    3  4  6  7  8  9 10 11 13 14
  63203 -1.54847525930E-05  9.30120510481E-06    1  2  5  6 10 15 17 18 19 20
  63204 -1.54847524455E-05  9.30136114747E-06    3  4  5  7  8  9 10 12 13 14
  63205 -1.54845350490E-05  9.30269778552E-06    1  2  3  4 10 11 12 13 14 15
  63206 -1.54845304475E-05  9.30136004305E-06    5  7  8 12 15 16 17 18 19 20
  63207  1.54842450921E-05 -9.30269778552E-06    1  2  3  4  9 11 12 13 14 16
  63208  1.54842404906E-05 -9.30136004305E-06    6  7  8 11 15 16 17 18 19 20
  63217 -1.44027216477E-05  1.59855397217E-05    1  2  3  4  5  6 11 12 13 14
  63218 -1.44027041052E-05  1.59855385561E-05    7  8  9 10 15 16 17 18 19 20
  63219 -1.44026950075E-05  1.59852733965E-05    1  2  5  6 11 12 17 18 19 20
  63220 -1.44026793919E-05  1.59878401636E-05    3  4  7  8  9 10 13 14 15 16
  63225 -1.30760015439E-05  1.08970496645E-05    5  6 11 12 15 16 17 18 19 20
  63226 -1.30759979638E-05  1.08987999290E-05    3  4  9 10 11 12 13 14 15 16
  63229 -1.30754412155E-05  1.08972307271E-05    3  4  5  6  9 10 11 12 13 14
  63230 -1.30754321284E-05  1.08970502446E-05    5  6  9 10 15 16 17 18 19 20
  63233 -1.28888692804E-05  6.70414810009E-06    2  3  6  7  9 10 11 12 13 14
  63234  1.28888620781E-05 -6.70403930038E-06    2  5  6  7  9 15 16 18 19 20
  63235 -1.28888073340E-05  6.70414810009E-06    1  4  5  8  9 10 11 12 13 14
  63236  1.28888001317E-05 -6.70403930038E-06    1  5  6  8 10 15 16 17 19 20
  63237  1.28884612643E-05 -6.70403690593E-06    1  5  6  8 11 15 16 17 18 20
  63238 -1.28884533986E-05  6.70415190620E-06    1  3  4  8  9 10 11 12 13 16
  63239  1.28884269690E-05 -6.70403690593E-06    2  5  6  7 12 15 16 17 18 19
  63240 -1.28884191033E-05  6.70415190620E-06    2  3  4  7  9 10 11 12 14 15
  63265  1.26220778003E-05 -5.02814728804E-06    1  2  4  7  9 10 11 12 13 14
  63266 -1.26220730514E-05  5.02734100047E-06    2  5  6  7  8 15 16 17 19 20
  63267  1.26220728092E-05 -5.02734053820E-06    1  2  5  6  8 15 16 17 18 19
  63268 -1.26220709876E-05  5.02742496105E-06    1  3  4  7  8  9 10 11 12 14
  63269 -1.26220349970E-05  5.02814728804E-06    1  2  3  8  9 10 11 12 13 14
  63270  1.26220302375E-05 -5.02734100047E-06    1  5  6  7  8 15 16 18 19 20
  63271 -1.26219846755E-05  5.02734053820E-06    1  2  5  6  7 15 16 17 18 20
  63272  1.26219828538E-05 -5.02742496105E-06    2  3  4  7  8  9 10 11 12 13
  63273 -1.19016139946E-05  1.42660709124E-04    1  2  5  6  9 10 11 12 13 14
  63274 -1.19015971787E-05  1.42658330753E-04    1  2  5  6 11 12 15 16 17 18
  63275 -1.19015866489E-05  1.42658333013E-04    5  6  7  8  9 10 15 16 19 20
  63276 -1.19015573447E-05  1.42660709916E-04    3  4  7  8  9 10 11 12 15 16
  63277 -1.16829758022E-05  5.18060776098E-06    1  3  4  9 10 11 12 13 14 18
  63278  1.16829699792E-05 -5.17977701231E-06    3  5  6  8 15 16 17 18 19 20
  63279  1.16828981244E-05 -5.17986256409E-06    1  5  6 14 15 16 17 18 19 20
  63280 -1.16828964081E-05  5.18060884254E-06    3  4  8  9 10 11 12 13 14 19
  63281  1.16825986908E-05 -5.18060776098E-06    2  3  4  9 10 11 12 13 14 17
  63282 -1.16825928679E-05  5.17977701231E-06    4  5  6  7 15 16 17 18 19 20
  63283 -1.16823428187E-05  5.17986256409E-06    2  5  6 13 15 16 17 18 19 20
  63284  1.16823411129E-05 -5.18060884254E-06    3  4  7  9 10 11 12 13 14 20
  63293 -1.04831937410E-05  5.71052962455E-05    1  6  7  8 10 15 16 17 18 19
  63294 -1.04831811896E-05  5.70981489283E-05    1  2  3  4  5  8  9 11 12 14
  63295  1.04829481564E-05 -5.71135084650E-05    2  4  7  8  9 10 11 13 14 15
  63296  1.04829194629E-05 -5.71043458996E-05    1  2  5  6  7 12 16 17 19 20
  63297  1.04828440280E-05 -5.71135084650E-05    1  3  7  8  9 10 12 13 14 16
  63298 -1.04828159663E-05  5.71052962455E-05    2  5  7  8  9 15 16 17 18 20
  63299  1.04828153451E-05 -5.71043458996E-05    1  2  5  6  8 11 15 18 19 20
  63300 -1.04828034254E-05  5.70981489283E-05    1  2  3  4  6  7 10 11 12 13
  63309  9.52500381653E-06 -5.85148551549E-06    1  2  5  6 12 15 16 17 18 19
  63310 -9.52499481362E-06  5.85158399897E-06    3  4  7  8  9 10 11 12 14 15
  63311 -9.52491690423E-06  5.85148551549E-06    1  2  5  6 11 15 16 17 18 20
  63312  9.52490791185E-06 -5.85158399897E-06    3  4  7  8  9 10 11 12 13 16
  63313  9.52477750129E-06 -5.85158258027E-06    1  2  4  5  9 10 11 12 13 14
  63314 -9.52476897222E-06  5.85148622571E-06    5  6  7  8 10 15 16 17 19 20
  63315 -9.52463371798E-06  5.85158258027E-06    1  2  3  6  9 10 11 12 13 14
  63316  9.52462518891E-06 -5.85148622571E-06    5  6  7  8  9 15 16 18 19 20
  63317 -9.38847987609E-06  7.15746215610E-06    2  3  4  7  9 11 12 13 14 18
  63318  9.38847089424E-06 -7.15643490078E-06    2  3  6  7 15 16 17 18 19 20
  63319  9.38805074794E-06 -7.15643285370E-06    2  5  6  7 14 15 17 18 19 20
  63320 -9.38804402998E-06  7.15746639997E-06    2  3  4  7  9 10 12 13 14 19
  63321 -9.38792010572E-06  7.15746215610E-06    1  3  4  8 10 11 12 13 14 17
  63322  9.38791112387E-06 -7.15643490078E-06    1  4  5  8 15 16 17 18 19 20
  63323  9.38746397937E-06 -7.15643285370E-06    1  5  6  8 13 16 17 18 19 20
  63324 -9.38745726141E-06  7.15746639997E-06    1  3  4  8  9 10 11 13 14 20
  63325 -9.37269257423E-06  5.65582727592E-06    1  2  3  4  9 11 12 13 14 18
  63326  9.37268187604E-06 -5.65501433715E-06    3  6  7  8 15 16 17 18 19 20
  63327  9.37232558195E-06 -5.65501372369E-06    1  2  5  6 14 15 17 18 19 20
  63328 -9.37231665275E-06  5.65582869322E-06    3  4  7  8  9 10 12 13 14 19
  63329  9.37230641786E-06 -5.65582727592E-06    1  2  3  4 10 11 12 13 14 17
  63330 -9.37229570914E-06  5.65501433715E-06    4  5  7  8 15 16 17 18 19 20
  63331 -9.37217022648E-06  5.65501372369E-06    1  2  5  6 13 16 17 18 19 20
  63332  9.37216129728E-06 -5.65582869322E-06    3  4  7  8  9 10 11 13 14 20
  63341 -8.41718599056E-06  4.54280036897E-06    6  7  8 13 15 16 17 18 19 20
  63342  8.41718471647E-06 -4.54402289916E-06    1  2  3  4  9 11 12 13 14 20
  63343  8.41680300364E-06 -4.54402338207E-06    3  4  7  8  9 10 12 13 14 17
  63344  8.41679826526E-06 -4.54329387396E-06    1  2  4  5  6 15 17 18 19 20
  63345  8.41630475841E-06 -4.54280036897E-06    5  7  8 14 15 16 17 18 19 20
  63346 -8.41630348432E-06  4.54402289916E-06    1  2  3  4 10 11 12 13 14 19
  63347 -8.41626191299E-06  4.54402338207E-06    3  4  7  8  9 10 11 13 14 18
  63348 -8.41625717461E-06  4.54329387396E-06    1  2  3  5  6 16 17 18 19 20
  63349 -7.90176646853E-06  8.74566775806E-06    1  2  6 11 15 16 17 18 19 20
  63350 -7.90176612105E-06  8.74692750455E-06    3  4  7  8  9 11 12 13 14 16
  63351  7.90152048377E-06 -8.74566775806E-06    1  2  5 12 15 16 17 18 19 20
  63352  7.90152013629E-06 -8.74692750455E-06    3  4  7  8 10 11 12 13 14 15
  63353 -7.90146089609E-06  8.74566759833E-06    1  2  3  4  6  9 10 11 13 14
  63354  7.90145790565E-06 -8.74566759833E-06    1  2  3  4  5  9 10 12 13 14
  63355 -7.90145741076E-06  8.74552313149E-06    5  6  7  8  9 16 17 18 19 20
  63356  7.90145442032E-06 -8.74552313149E-06    5  6  7  8 10 15 17 18 19 20
  63381  6.01120853260E-06 -4.17586989633E-06    1  2  5  6 11 16 17 18 19 20
  63382  6.01120414171E-06 -4.17654080954E-06    3  4  7  8  9 10 11 13 14 16
  63383 -6.01117439525E-06  4.17593920975E-06    1  2  3  4  5 10 11 12 13 14
  63384 -6.01116887768E-06  4.17593946243E-06    5  7  8 10 15 16 17 18 19 20
  63385 -6.01113996307E-06  4.17586989633E-06    1  2  5  6 12 15 17 18 19 20
  63386 -6.01113557218E-06  4.17654080954E-06    3  4  7  8  9 10 12 13 14 15
  63387  6.01096498021E-06 -4.17593920975E-06    1  2  3  4  6  9 11 12 13 14
  63388  6.01095946264E-06 -4.17593946243E-06    6  7  8  9 15 16 17 18 19 20
  63397  5.47829593641E-06 -4.66180548863E-06    1  2  3  4  8  9 11 12 13 14
  63398 -5.47829290385E-06  4.66113492928E-06    1  6  7  8 15 16 17 18 19 20
  63399 -5.47810887596E-06  4.66105734955E-06    1  2  5  6  8 15 17 18 19 20
  63400 -5.47810745445E-06  4.66180631515E-06    1  3  4  7  8  9 10 12 13 14
  63401  5.47805850179E-06 -4.66105734955E-06    1  2  5  6  7 16 17 18 19 20
  63402 -5.47805824907E-06  4.66180548863E-06    1  2  3  4  7 10 11 12 13 14
  63403  5.47805708027E-06 -4.66180631515E-06    2  3  4  7  8  9 10 11 13 14
  63404  5.47805520598E-06 -4.66113492928E-06    2  5  7  8 15 16 17 18 19 20
  63425  4.43744449882E-06 -4.66906719497E-06    2  5  6 11 15 16 17 18 19 20
  63426  4.43744301413E-06 -4.66981739861E-06    3  4  7  9 10 11 12 13 14 16
  63427  4.43739349286E-06 -4.66914475113E-06    2  3  4  5  9 10 11 12 13 14
  63428 -4.43739051295E-06  4.66906741848E-06    5  6  7 10 15 16 17 18 19 20
  63429 -4.43737043278E-06  4.66914475113E-06    1  3  4  6  9 10 11 12 13 14
  63430  4.43736745287E-06 -4.66906741848E-06    5  6  8  9 15 16 17 18 19 20
  63431 -4.43723278830E-06  4.66906719497E-06    1  5  6 12 15 16 17 18 19 20
  63432 -4.43723129308E-06  4.66981739861E-06    3  4  8  9 10 11 12 13 14 15
  63457 -3.43968758775E-06  5.05098963921E-05    7  8 12 13 15 16 17 18 19 20
  63458  3.43967052961E-06 -5.05098886268E-05    3  4  6  7  8  9 10 13 14 17
  63459 -3.43966322198E-06  5.05098886268E-05    3  4  5  7  8  9 10 13 14 18
  63460 -3.43964306810E-06  5.05171771550E-05    1  2  3  4 11 12 13 14 15 20
  63461 -3.43960921506E-06  5.05090606441E-05    1  2  4  5  6  9 17 18 19 20
  63462  3.43960190743E-06 -5.05090606441E-05    1  2  3  5  6 10 17 18 19 20
  63463  3.43946157787E-06 -5.05098963921E-05    7  8 11 14 15 16 17 18 19 20
  63464  3.43941705822E-06 -5.05171771550E-05    1  2  3  4 11 12 13 14 16 19
  63465 -1.97040090659E-06  2.74088521872E-04    1  3  5  6  9 11 12 16 18 20
  63466 -1.97039648410E-06  2.74058684218E-04    6  7  9 10 11 13 15 16 18 20
  63467  1.97037508772E-06 -2.74093066413E-04    2  3  5  6  9 11 12 13 16 20
  63468 -1.97036997027E-06  2.74058771364E-04    3  6  8  9 10 11 13 15 16 18
  63469  1.96983389177E-06 -2.74058684218E-04    5  8  9 10 12 14 15 16 17 19
  63470 -1.96981249538E-06  2.74093066413E-04    1  4  5  6 10 11 12 14 15 19
  63471  1.96943323598E-06 -2.74088521872E-04    2  4  5  6 10 11 12 15 17 19
  63472  1.96940229966E-06 -2.74058771364E-04    4  5  7  9 10 12 14 15 16 17
  63473  1.56901163483E-06 -3.73392791402E-06    5  6  7  8  9 15 16 17 18 20
  63474 -1.56900941305E-06  3.73352216815E-06    1  2  3  4  6  9 10 11 12 13
  63475 -1.56885571075E-06  3.73452710311E-06    3  7  8  9 10 11 12 13 14 16
  63476 -1.56885064596E-06  3.73392795267E-06    1  2  5  6 11 15 16 18 19 20
  63477  1.56879650214E-06 -3.73452710311E-06    4  7  8  9 10 11 12 13 14 15
  63478  1.56879143735E-06 -3.73392795267E-06    1  2  5  6 12 15 16 17 19 20
  63479 -1.56873966272E-06  3.73392791402E-06    5  6  7  8 10 15 16 17 18 19
  63480  1.56873744095E-06 -3.73352216815E-06    1  2  3  4  5  9 10 11 12 14
  63497  1.11760439915E-06 -7.36769345471E-08    1  3  4  8  9 10 11 12 13 14
  63498  1.11760422014E-06 -7.36651304297E-08    1  5  6  8 15 16 17 18 19 20
  63499 -1.11743154329E-06  7.36769345471E-08    2  3  4  7  9 10 11 12 13 14
  63500 -1.11743135375E-06  7.36651304297E-08    2  5  6  7 15 16 17 18 19 20
  63501 -9.30105090656E-07  8.55770913131E-07    1  2  5  6 15 16 17 18 19 20
  63502 -9.30104774764E-07  8.55908420877E-07    3  4  7  8  9 10 11 12 13 14
  63503 -9.29805983470E-07  8.55908277572E-07    1  2  3  4  9 10 11 12 13 14
  63504 -9.29805362216E-07  8.55770930403E-07    5  6  7  8 15 16 17 18 19 20
