Run started: Sat Feb 21 17:41:41 CET 2026
Using VDAGGER_ARCH = gnu7_fkfamd_cluster
Running 1x128 MPI processes.

                               xx
                              +##
                               #X
                               Xx
                          X##XxXxxX##x
                           +   Xx  ++
                               ##
                              +##
                              +##
     ++++         ++          +##
   xX+++##+      ####         +##
  Xx    ###      +X##          ##
 xX    X##+        ##          #X
 +    x##X         #x          #X
      ###         +#           x+
     X##+         #+
     ###         Xx                    _______
     ##X       +X+   __________________VDAGGER
     +##x    +xX     2nd quantized variational
       +xxxxx+       ______quantum Monte Carlo

* Running 256 MPI processes.
* Input file: "input.11.casl"

############# Start of input file dump #############
General:
  Random seed: timer

Plan:
  VMC-optimization:
    Minimum cycles: 15
    Convergence cycles: 10

System:
  Hubbard model:
    Primitive cell:
      a_1: [ 1.0, 1.0 ]
      a_2: [ -1.0, 1.0 ]
    Simulation cell:
      a_1: [ 10.0, 0.0 ]
      a_2: [ 0.0, 10.0 ]
    U: 10.0
    Dump Hamiltonian: FCIDUMP.new
    Dump orbitals: LTSC.new
  netot: 50

VMC:
  nstep: 500000
  nconfig: 100000

Jastrow: wfn.casl

Backflow: wfn.casl
############## End of input file dump ##############

General setup:
* Random seed: 1615283485 (from timer)

Hubbard system:
* Dimensionality        : 2
* Simulation cell:
  > a_1 =   1.000000000000E+01   0.000000000000E+00
  > a_2 =   0.000000000000E+00   1.000000000000E+01
* Primitive cell:
  > a_1 =   1.000000000000E+00   1.000000000000E+00
  > a_2 =  -1.000000000000E+00   1.000000000000E+00
* Prim.cells in sim.cell: 50
* Number of sublattices : 1
* # real-space shells   : 11
  > Shell #1: 4 sites, rij =  1.4142E+00
  > Shell #2: 4 sites, rij =  2.0000E+00
  > Shell #3: 4 sites, rij =  2.8284E+00
  > Shell #4: 8 sites, rij =  3.1623E+00
  > Shell #5: 4 sites, rij =  4.0000E+00
  > Shell #6: 4 sites, rij =  4.2426E+00
  > Shell #7: 8 sites, rij =  4.4721E+00
  > Shell #8: 4 sites, rij =  5.0990E+00
  > Shell #9: 4 sites, rij =  5.6569E+00
  > Shell #10: 4 sites, rij =  5.8310E+00
  > Shell #11: 1 sites, rij =  7.0711E+00
* Site labels:
  +-----------------------------+
  |   10    19    28    37    46|
  |45     9    18    27    36   |
  |   44     8    17    26    35|
  |34    43     7    16    25   |
  |   33    42     6    15    24|
  |23    32    41     5    14   |
  |   22    31    50     4    13|
  |12    21    40    49     3   |
  |   11    30    39    48     2|
  | 1    20    29    38    47   |
  +-----------------------------+
* Shell diagram:
  +-----------------------------+
  |   10     8     8    10    11|
  | 9     7     5     7     9   |
  |    6     4     4     6    10|
  | 7     3     2     3     7   |
  |    4     1     1     4     8|
  | 5     2     0     2     5   |
  |    4     1     1     4     8|
  | 7     3     2     3     7   |
  |    6     4     4     6    10|
  | 9     7     5     7     9   |
  +-----------------------------+
* Hop multiplicity diagram:
  +-------------------+
  |  -   -   -   -   -|
  |-   -   -   -   -  |
  |  -   -   -   -   -|
  |-   -   -   -   -  |
  |  -   1   1   -   -|
  |-   -   0   -   -  |
  |  -   1   1   -   -|
  |-   -   -   -   -  |
  |  -   -   -   -   -|
  |-   -   -   -   -  |
  +-------------------+
* Reciprocal lattice of the simulation cell:
  > b_1 =   6.283185307180E-01  -0.000000000000E+00
  > b_2 =  -0.000000000000E+00   6.283185307180E-01
* k-vector offset:
  > Fractional:   0.000000000000E+00   0.000000000000E+00
  > Absolute  :   0.000000000000E+00   0.000000000000E+00
* G-vector occupation diagram:
  +----------0----------+
  |          -          |
  |        - - -        |
  |      - - - - -      |
  |    - 2 2 2 2 2 -    |
  |  - - 2 2 2 2 2 - -  |
  0- - - 2 2 2 2 2 - - -0
  |  - - 2 2 2 2 2 - -  |
  |    - 2 2 2 2 2 -    |
  |      - - - - -      |
  |        - - -        |
  |          -          |
  +----------0----------+
* G-vectors and non-interacting energy levels:
  > G_1 = [   0.0000E+00,  0.0000E+00,  0.0000E+00 ], e =  -4.0000E+00
  > G_2 = [   6.2832E-01,  0.0000E+00,  0.0000E+00 ], e =  -3.2361E+00
  > G_3 = [  -6.2832E-01,  0.0000E+00,  0.0000E+00 ], e =  -3.2361E+00
  > G_4 = [   0.0000E+00, -6.2832E-01,  0.0000E+00 ], e =  -3.2361E+00
  > G_5 = [   0.0000E+00,  6.2832E-01,  0.0000E+00 ], e =  -3.2361E+00
  > G_6 = [   6.2832E-01,  6.2832E-01,  0.0000E+00 ], e =  -2.6180E+00
  > G_7 = [  -6.2832E-01, -6.2832E-01,  0.0000E+00 ], e =  -2.6180E+00
  > G_8 = [  -6.2832E-01,  6.2832E-01,  0.0000E+00 ], e =  -2.6180E+00
  > G_9 = [   6.2832E-01, -6.2832E-01,  0.0000E+00 ], e =  -2.6180E+00
  > G_10 = [   1.2566E+00,  0.0000E+00,  0.0000E+00 ], e =  -1.2361E+00
  > G_11 = [  -1.2566E+00,  0.0000E+00,  0.0000E+00 ], e =  -1.2361E+00
  > G_12 = [   0.0000E+00, -1.2566E+00,  0.0000E+00 ], e =  -1.2361E+00
  > G_13 = [   0.0000E+00,  1.2566E+00,  0.0000E+00 ], e =  -1.2361E+00
  > G_14 = [  -1.2566E+00,  6.2832E-01,  0.0000E+00 ], e =  -1.0000E+00
  > G_15 = [   1.2566E+00, -6.2832E-01,  0.0000E+00 ], e =  -1.0000E+00
  > G_16 = [  -6.2832E-01,  1.2566E+00,  0.0000E+00 ], e =  -1.0000E+00
  > G_17 = [   6.2832E-01, -1.2566E+00,  0.0000E+00 ], e =  -1.0000E+00
  > G_18 = [  -6.2832E-01, -1.2566E+00,  0.0000E+00 ], e =  -1.0000E+00
  > G_19 = [   6.2832E-01,  1.2566E+00,  0.0000E+00 ], e =  -1.0000E+00
  > G_20 = [   1.2566E+00,  6.2832E-01,  0.0000E+00 ], e =  -1.0000E+00
  > G_21 = [  -1.2566E+00, -6.2832E-01,  0.0000E+00 ], e =  -1.0000E+00
  > G_22 = [  -1.2566E+00,  1.2566E+00,  0.0000E+00 ], e =  -3.8197E-01
  > G_23 = [   1.2566E+00, -1.2566E+00,  0.0000E+00 ], e =  -3.8197E-01
  > G_24 = [   1.2566E+00,  1.2566E+00,  0.0000E+00 ], e =  -3.8197E-01
  > G_25 = [  -1.2566E+00, -1.2566E+00,  0.0000E+00 ], e =  -3.8197E-01 = e_F
  > G_26 = [   1.8850E+00, -1.2566E+00,  0.0000E+00 ], e =   3.8197E-01
  > G_27 = [  -1.8850E+00,  1.2566E+00,  0.0000E+00 ], e =   3.8197E-01
  > G_28 = [   1.2566E+00, -1.8850E+00,  0.0000E+00 ], e =   3.8197E-01
  > G_29 = [  -1.2566E+00,  1.8850E+00,  0.0000E+00 ], e =   3.8197E-01
  > ...
* U/t                   :  1.00000000000E+01
* Hartree-Fock Etot/t   :  4.12229123600E+01
  > Ttot/t              : -8.37770876400E+01
  > Utot/t              :  1.25000000000E+02
* Writing Hamiltonian to "FCIDUMP.new".
* Writing orbitals to "LTSC.new".
* Analysis of Hamiltonian connecitivity performed:
  - U_iiii [opp] (local, 1-site): 50 (i) values
  - T_ji (single, 2-site): 200 contribs. from 50 (i) values
  - Max. no. wfn. ratios in Eloc: 4
* Site labels:
  +-----------------------------+
  |   10    19    28    37    46|
  |45     9    18    27    36   |
  |   44     8    17    26    35|
  |34    43     7    16    25   |
  |   33    42     6    15    24|
  |23    32    41     5    14   |
  |   22    31    50     4    13|
  |12    21    40    49     3   |
  |   11    30    39    48     2|
  | 1    20    29    38    47   |
  +-----------------------------+
* Model system Site kinds:
  [ 1, 1, 1, 1, 1, 1, 1, 1, 1, 1, 1, 1, 1, 1, 1, 1, 1, 1, 1, 1, 1, 1, 1, 1, 1, 1, 1, 1, 1, 1, 1, 1, 1, 1, 1, 1, 1, 1, 1, 1, 1, 1, 1, 1, 1, 1, 1, 1, 1, 1 ]
  +-------------------+
  |  1   1   1   1   1|
  |1   1   1   1   1  |
  |  1   1   1   1   1|
  |1   1   1   1   1  |
  |  1   1   1   1   1|
  |1   1   1   1   1  |
  |  1   1   1   1   1|
  |1   1   1   1   1  |
  |  1   1   1   1   1|
  |1   1   1   1   1  |
  +-------------------+
* Maximum Site kind: 1
* Model system Site pair kinds:
  Site 1: [ 0, 1, 3, 6, 9, 11, 9, 6, 3, 1, 1, 2, 4, 7, 10, 9, 10, 7, 4, 2, 3, 4, 5, 8, 7, 6, 7, 8, 5, 4, 6, 7, 8, 5, 4, 3, 4, 5, 8, 7, 9, 10, 7, 4, 2, 1, 2, 4, 7, 10 ]
  Site 2: [ 1, 0, 1, 3, 6, 9, 11, 9, 6, 3, 2, 1, 2, 4, 7, 10, 9, 10, 7, 4, 4, 3, 4, 5, 8, 7, 6, 7, 8, 5, 7, 6, 7, 8, 5, 4, 3, 4, 5, 8, 10, 9, 10, 7, 4, 2, 1, 2, 4, 7 ]
  Site 3: [ 3, 1, 0, 1, 3, 6, 9, 11, 9, 6, 4, 2, 1, 2, 4, 7, 10, 9, 10, 7, 5, 4, 3, 4, 5, 8, 7, 6, 7, 8, 8, 7, 6, 7, 8, 5, 4, 3, 4, 5, 7, 10, 9, 10, 7, 4, 2, 1, 2, 4 ]
  Site 4: [ 6, 3, 1, 0, 1, 3, 6, 9, 11, 9, 7, 4, 2, 1, 2, 4, 7, 10, 9, 10, 8, 5, 4, 3, 4, 5, 8, 7, 6, 7, 5, 8, 7, 6, 7, 8, 5, 4, 3, 4, 4, 7, 10, 9, 10, 7, 4, 2, 1, 2 ]
  Site 5: [ 9, 6, 3, 1, 0, 1, 3, 6, 9, 11, 10, 7, 4, 2, 1, 2, 4, 7, 10, 9, 7, 8, 5, 4, 3, 4, 5, 8, 7, 6, 4, 5, 8, 7, 6, 7, 8, 5, 4, 3, 2, 4, 7, 10, 9, 10, 7, 4, 2, 1 ]
  Site 6: [ 11, 9, 6, 3, 1, 0, 1, 3, 6, 9, 9, 10, 7, 4, 2, 1, 2, 4, 7, 10, 6, 7, 8, 5, 4, 3, 4, 5, 8, 7, 3, 4, 5, 8, 7, 6, 7, 8, 5, 4, 1, 2, 4, 7, 10, 9, 10, 7, 4, 2 ]
  Site 7: [ 9, 11, 9, 6, 3, 1, 0, 1, 3, 6, 10, 9, 10, 7, 4, 2, 1, 2, 4, 7, 7, 6, 7, 8, 5, 4, 3, 4, 5, 8, 4, 3, 4, 5, 8, 7, 6, 7, 8, 5, 2, 1, 2, 4, 7, 10, 9, 10, 7, 4 ]
  Site 8: [ 6, 9, 11, 9, 6, 3, 1, 0, 1, 3, 7, 10, 9, 10, 7, 4, 2, 1, 2, 4, 8, 7, 6, 7, 8, 5, 4, 3, 4, 5, 5, 4, 3, 4, 5, 8, 7, 6, 7, 8, 4, 2, 1, 2, 4, 7, 10, 9, 10, 7 ]
  Site 9: [ 3, 6, 9, 11, 9, 6, 3, 1, 0, 1, 4, 7, 10, 9, 10, 7, 4, 2, 1, 2, 5, 8, 7, 6, 7, 8, 5, 4, 3, 4, 8, 5, 4, 3, 4, 5, 8, 7, 6, 7, 7, 4, 2, 1, 2, 4, 7, 10, 9, 10 ]
  Site 10: [ 1, 3, 6, 9, 11, 9, 6, 3, 1, 0, 2, 4, 7, 10, 9, 10, 7, 4, 2, 1, 4, 5, 8, 7, 6, 7, 8, 5, 4, 3, 7, 8, 5, 4, 3, 4, 5, 8, 7, 6, 10, 7, 4, 2, 1, 2, 4, 7, 10, 9 ]
  Site 11: [ 1, 2, 4, 7, 10, 9, 10, 7, 4, 2, 0, 1, 3, 6, 9, 11, 9, 6, 3, 1, 1, 2, 4, 7, 10, 9, 10, 7, 4, 2, 3, 4, 5, 8, 7, 6, 7, 8, 5, 4, 6, 7, 8, 5, 4, 3, 4, 5, 8, 7 ]
  Site 12: [ 2, 1, 2, 4, 7, 10, 9, 10, 7, 4, 1, 0, 1, 3, 6, 9, 11, 9, 6, 3, 2, 1, 2, 4, 7, 10, 9, 10, 7, 4, 4, 3, 4, 5, 8, 7, 6, 7, 8, 5, 7, 6, 7, 8, 5, 4, 3, 4, 5, 8 ]
  Site 13: [ 4, 2, 1, 2, 4, 7, 10, 9, 10, 7, 3, 1, 0, 1, 3, 6, 9, 11, 9, 6, 4, 2, 1, 2, 4, 7, 10, 9, 10, 7, 5, 4, 3, 4, 5, 8, 7, 6, 7, 8, 8, 7, 6, 7, 8, 5, 4, 3, 4, 5 ]
  Site 14: [ 7, 4, 2, 1, 2, 4, 7, 10, 9, 10, 6, 3, 1, 0, 1, 3, 6, 9, 11, 9, 7, 4, 2, 1, 2, 4, 7, 10, 9, 10, 8, 5, 4, 3, 4, 5, 8, 7, 6, 7, 5, 8, 7, 6, 7, 8, 5, 4, 3, 4 ]
  Site 15: [ 10, 7, 4, 2, 1, 2, 4, 7, 10, 9, 9, 6, 3, 1, 0, 1, 3, 6, 9, 11, 10, 7, 4, 2, 1, 2, 4, 7, 10, 9, 7, 8, 5, 4, 3, 4, 5, 8, 7, 6, 4, 5, 8, 7, 6, 7, 8, 5, 4, 3 ]
  Site 16: [ 9, 10, 7, 4, 2, 1, 2, 4, 7, 10, 11, 9, 6, 3, 1, 0, 1, 3, 6, 9, 9, 10, 7, 4, 2, 1, 2, 4, 7, 10, 6, 7, 8, 5, 4, 3, 4, 5, 8, 7, 3, 4, 5, 8, 7, 6, 7, 8, 5, 4 ]
  Site 17: [ 10, 9, 10, 7, 4, 2, 1, 2, 4, 7, 9, 11, 9, 6, 3, 1, 0, 1, 3, 6, 10, 9, 10, 7, 4, 2, 1, 2, 4, 7, 7, 6, 7, 8, 5, 4, 3, 4, 5, 8, 4, 3, 4, 5, 8, 7, 6, 7, 8, 5 ]
  Site 18: [ 7, 10, 9, 10, 7, 4, 2, 1, 2, 4, 6, 9, 11, 9, 6, 3, 1, 0, 1, 3, 7, 10, 9, 10, 7, 4, 2, 1, 2, 4, 8, 7, 6, 7, 8, 5, 4, 3, 4, 5, 5, 4, 3, 4, 5, 8, 7, 6, 7, 8 ]
  Site 19: [ 4, 7, 10, 9, 10, 7, 4, 2, 1, 2, 3, 6, 9, 11, 9, 6, 3, 1, 0, 1, 4, 7, 10, 9, 10, 7, 4, 2, 1, 2, 5, 8, 7, 6, 7, 8, 5, 4, 3, 4, 8, 5, 4, 3, 4, 5, 8, 7, 6, 7 ]
  Site 20: [ 2, 4, 7, 10, 9, 10, 7, 4, 2, 1, 1, 3, 6, 9, 11, 9, 6, 3, 1, 0, 2, 4, 7, 10, 9, 10, 7, 4, 2, 1, 4, 5, 8, 7, 6, 7, 8, 5, 4, 3, 7, 8, 5, 4, 3, 4, 5, 8, 7, 6 ]
  Site 21: [ 3, 4, 5, 8, 7, 6, 7, 8, 5, 4, 1, 2, 4, 7, 10, 9, 10, 7, 4, 2, 0, 1, 3, 6, 9, 11, 9, 6, 3, 1, 1, 2, 4, 7, 10, 9, 10, 7, 4, 2, 3, 4, 5, 8, 7, 6, 7, 8, 5, 4 ]
  Site 22: [ 4, 3, 4, 5, 8, 7, 6, 7, 8, 5, 2, 1, 2, 4, 7, 10, 9, 10, 7, 4, 1, 0, 1, 3, 6, 9, 11, 9, 6, 3, 2, 1, 2, 4, 7, 10, 9, 10, 7, 4, 4, 3, 4, 5, 8, 7, 6, 7, 8, 5 ]
  Site 23: [ 5, 4, 3, 4, 5, 8, 7, 6, 7, 8, 4, 2, 1, 2, 4, 7, 10, 9, 10, 7, 3, 1, 0, 1, 3, 6, 9, 11, 9, 6, 4, 2, 1, 2, 4, 7, 10, 9, 10, 7, 5, 4, 3, 4, 5, 8, 7, 6, 7, 8 ]
  Site 24: [ 8, 5, 4, 3, 4, 5, 8, 7, 6, 7, 7, 4, 2, 1, 2, 4, 7, 10, 9, 10, 6, 3, 1, 0, 1, 3, 6, 9, 11, 9, 7, 4, 2, 1, 2, 4, 7, 10, 9, 10, 8, 5, 4, 3, 4, 5, 8, 7, 6, 7 ]
  Site 25: [ 7, 8, 5, 4, 3, 4, 5, 8, 7, 6, 10, 7, 4, 2, 1, 2, 4, 7, 10, 9, 9, 6, 3, 1, 0, 1, 3, 6, 9, 11, 10, 7, 4, 2, 1, 2, 4, 7, 10, 9, 7, 8, 5, 4, 3, 4, 5, 8, 7, 6 ]
  Site 26: [ 6, 7, 8, 5, 4, 3, 4, 5, 8, 7, 9, 10, 7, 4, 2, 1, 2, 4, 7, 10, 11, 9, 6, 3, 1, 0, 1, 3, 6, 9, 9, 10, 7, 4, 2, 1, 2, 4, 7, 10, 6, 7, 8, 5, 4, 3, 4, 5, 8, 7 ]
  Site 27: [ 7, 6, 7, 8, 5, 4, 3, 4, 5, 8, 10, 9, 10, 7, 4, 2, 1, 2, 4, 7, 9, 11, 9, 6, 3, 1, 0, 1, 3, 6, 10, 9, 10, 7, 4, 2, 1, 2, 4, 7, 7, 6, 7, 8, 5, 4, 3, 4, 5, 8 ]
  Site 28: [ 8, 7, 6, 7, 8, 5, 4, 3, 4, 5, 7, 10, 9, 10, 7, 4, 2, 1, 2, 4, 6, 9, 11, 9, 6, 3, 1, 0, 1, 3, 7, 10, 9, 10, 7, 4, 2, 1, 2, 4, 8, 7, 6, 7, 8, 5, 4, 3, 4, 5 ]
  Site 29: [ 5, 8, 7, 6, 7, 8, 5, 4, 3, 4, 4, 7, 10, 9, 10, 7, 4, 2, 1, 2, 3, 6, 9, 11, 9, 6, 3, 1, 0, 1, 4, 7, 10, 9, 10, 7, 4, 2, 1, 2, 5, 8, 7, 6, 7, 8, 5, 4, 3, 4 ]
  Site 30: [ 4, 5, 8, 7, 6, 7, 8, 5, 4, 3, 2, 4, 7, 10, 9, 10, 7, 4, 2, 1, 1, 3, 6, 9, 11, 9, 6, 3, 1, 0, 2, 4, 7, 10, 9, 10, 7, 4, 2, 1, 4, 5, 8, 7, 6, 7, 8, 5, 4, 3 ]
  Site 31: [ 6, 7, 8, 5, 4, 3, 4, 5, 8, 7, 3, 4, 5, 8, 7, 6, 7, 8, 5, 4, 1, 2, 4, 7, 10, 9, 10, 7, 4, 2, 0, 1, 3, 6, 9, 11, 9, 6, 3, 1, 1, 2, 4, 7, 10, 9, 10, 7, 4, 2 ]
  Site 32: [ 7, 6, 7, 8, 5, 4, 3, 4, 5, 8, 4, 3, 4, 5, 8, 7, 6, 7, 8, 5, 2, 1, 2, 4, 7, 10, 9, 10, 7, 4, 1, 0, 1, 3, 6, 9, 11, 9, 6, 3, 2, 1, 2, 4, 7, 10, 9, 10, 7, 4 ]
  Site 33: [ 8, 7, 6, 7, 8, 5, 4, 3, 4, 5, 5, 4, 3, 4, 5, 8, 7, 6, 7, 8, 4, 2, 1, 2, 4, 7, 10, 9, 10, 7, 3, 1, 0, 1, 3, 6, 9, 11, 9, 6, 4, 2, 1, 2, 4, 7, 10, 9, 10, 7 ]
  Site 34: [ 5, 8, 7, 6, 7, 8, 5, 4, 3, 4, 8, 5, 4, 3, 4, 5, 8, 7, 6, 7, 7, 4, 2, 1, 2, 4, 7, 10, 9, 10, 6, 3, 1, 0, 1, 3, 6, 9, 11, 9, 7, 4, 2, 1, 2, 4, 7, 10, 9, 10 ]
  Site 35: [ 4, 5, 8, 7, 6, 7, 8, 5, 4, 3, 7, 8, 5, 4, 3, 4, 5, 8, 7, 6, 10, 7, 4, 2, 1, 2, 4, 7, 10, 9, 9, 6, 3, 1, 0, 1, 3, 6, 9, 11, 10, 7, 4, 2, 1, 2, 4, 7, 10, 9 ]
  Site 36: [ 3, 4, 5, 8, 7, 6, 7, 8, 5, 4, 6, 7, 8, 5, 4, 3, 4, 5, 8, 7, 9, 10, 7, 4, 2, 1, 2, 4, 7, 10, 11, 9, 6, 3, 1, 0, 1, 3, 6, 9, 9, 10, 7, 4, 2, 1, 2, 4, 7, 10 ]
  Site 37: [ 4, 3, 4, 5, 8, 7, 6, 7, 8, 5, 7, 6, 7, 8, 5, 4, 3, 4, 5, 8, 10, 9, 10, 7, 4, 2, 1, 2, 4, 7, 9, 11, 9, 6, 3, 1, 0, 1, 3, 6, 10, 9, 10, 7, 4, 2, 1, 2, 4, 7 ]
  Site 38: [ 5, 4, 3, 4, 5, 8, 7, 6, 7, 8, 8, 7, 6, 7, 8, 5, 4, 3, 4, 5, 7, 10, 9, 10, 7, 4, 2, 1, 2, 4, 6, 9, 11, 9, 6, 3, 1, 0, 1, 3, 7, 10, 9, 10, 7, 4, 2, 1, 2, 4 ]
  Site 39: [ 8, 5, 4, 3, 4, 5, 8, 7, 6, 7, 5, 8, 7, 6, 7, 8, 5, 4, 3, 4, 4, 7, 10, 9, 10, 7, 4, 2, 1, 2, 3, 6, 9, 11, 9, 6, 3, 1, 0, 1, 4, 7, 10, 9, 10, 7, 4, 2, 1, 2 ]
  Site 40: [ 7, 8, 5, 4, 3, 4, 5, 8, 7, 6, 4, 5, 8, 7, 6, 7, 8, 5, 4, 3, 2, 4, 7, 10, 9, 10, 7, 4, 2, 1, 1, 3, 6, 9, 11, 9, 6, 3, 1, 0, 2, 4, 7, 10, 9, 10, 7, 4, 2, 1 ]
  Site 41: [ 9, 10, 7, 4, 2, 1, 2, 4, 7, 10, 6, 7, 8, 5, 4, 3, 4, 5, 8, 7, 3, 4, 5, 8, 7, 6, 7, 8, 5, 4, 1, 2, 4, 7, 10, 9, 10, 7, 4, 2, 0, 1, 3, 6, 9, 11, 9, 6, 3, 1 ]
  Site 42: [ 10, 9, 10, 7, 4, 2, 1, 2, 4, 7, 7, 6, 7, 8, 5, 4, 3, 4, 5, 8, 4, 3, 4, 5, 8, 7, 6, 7, 8, 5, 2, 1, 2, 4, 7, 10, 9, 10, 7, 4, 1, 0, 1, 3, 6, 9, 11, 9, 6, 3 ]
  Site 43: [ 7, 10, 9, 10, 7, 4, 2, 1, 2, 4, 8, 7, 6, 7, 8, 5, 4, 3, 4, 5, 5, 4, 3, 4, 5, 8, 7, 6, 7, 8, 4, 2, 1, 2, 4, 7, 10, 9, 10, 7, 3, 1, 0, 1, 3, 6, 9, 11, 9, 6 ]
  Site 44: [ 4, 7, 10, 9, 10, 7, 4, 2, 1, 2, 5, 8, 7, 6, 7, 8, 5, 4, 3, 4, 8, 5, 4, 3, 4, 5, 8, 7, 6, 7, 7, 4, 2, 1, 2, 4, 7, 10, 9, 10, 6, 3, 1, 0, 1, 3, 6, 9, 11, 9 ]
  Site 45: [ 2, 4, 7, 10, 9, 10, 7, 4, 2, 1, 4, 5, 8, 7, 6, 7, 8, 5, 4, 3, 7, 8, 5, 4, 3, 4, 5, 8, 7, 6, 10, 7, 4, 2, 1, 2, 4, 7, 10, 9, 9, 6, 3, 1, 0, 1, 3, 6, 9, 11 ]
  Site 46: [ 1, 2, 4, 7, 10, 9, 10, 7, 4, 2, 3, 4, 5, 8, 7, 6, 7, 8, 5, 4, 6, 7, 8, 5, 4, 3, 4, 5, 8, 7, 9, 10, 7, 4, 2, 1, 2, 4, 7, 10, 11, 9, 6, 3, 1, 0, 1, 3, 6, 9 ]
  Site 47: [ 2, 1, 2, 4, 7, 10, 9, 10, 7, 4, 4, 3, 4, 5, 8, 7, 6, 7, 8, 5, 7, 6, 7, 8, 5, 4, 3, 4, 5, 8, 10, 9, 10, 7, 4, 2, 1, 2, 4, 7, 9, 11, 9, 6, 3, 1, 0, 1, 3, 6 ]
  Site 48: [ 4, 2, 1, 2, 4, 7, 10, 9, 10, 7, 5, 4, 3, 4, 5, 8, 7, 6, 7, 8, 8, 7, 6, 7, 8, 5, 4, 3, 4, 5, 7, 10, 9, 10, 7, 4, 2, 1, 2, 4, 6, 9, 11, 9, 6, 3, 1, 0, 1, 3 ]
  Site 49: [ 7, 4, 2, 1, 2, 4, 7, 10, 9, 10, 8, 5, 4, 3, 4, 5, 8, 7, 6, 7, 5, 8, 7, 6, 7, 8, 5, 4, 3, 4, 4, 7, 10, 9, 10, 7, 4, 2, 1, 2, 3, 6, 9, 11, 9, 6, 3, 1, 0, 1 ]
  Site 50: [ 10, 7, 4, 2, 1, 2, 4, 7, 10, 9, 7, 8, 5, 4, 3, 4, 5, 8, 7, 6, 4, 5, 8, 7, 6, 7, 8, 5, 4, 3, 2, 4, 7, 10, 9, 10, 7, 4, 2, 1, 1, 3, 6, 9, 11, 9, 6, 3, 1, 0 ]
  For site 1 of kind 1:
  +-----------------------------+
  |    1     4     8     4     1|
  | 2     3     7     7     3   |
  |    4     6    10     6     4|
  | 5     7     9     9     7   |
  |    8    10    11    10     8|
  | 5     7     9     9     7   |
  |    4     6    10     6     4|
  | 2     3     7     7     3   |
  |    1     4     8     4     1|
  | 0     2     5     5     2   |
  +-----------------------------+
* Maximum (unsigned) Site pair kind: 11

General system setup:
* Number of sites       : 50
* Number of electrons   : 50
* Spin imbalance MS2    : 0
* Filling               : 0.500000
* Number of orbitals in pool: 53
* Using real-valued orbitals
* Using double-precision arithmetic for orbitals

Trial wave function setup:
* Jastrow parameter file: "wfn.casl"
* Not using multideterminants
* Not using an orbital rotation
* Backflow parameter file: "wfn.casl"
* Not using wave function manipulation

VMC #1:
* Size of Hilbert space =   1.5980E+28
* Number of equil. steps   = 1000
* Running VMC equilibration.
  Done. [total walltime: 2.88s]
* Equil. acc.ratio (%)     =   2.0885
* Sample config after equilibration:
  +-------------------+
  |  u   0   u   u   u|
  |d   2   d   d   d  |
  |  u   u   u   u   u|
  |d   d   d   d   d  |
  |  d   u   u   u   u|
  |d   u   d   d   0  |
  |  u   d   u   d   2|
  |d   d   u   u   d  |
  |  u   u   u   u   u|
  |d   d   d   d   d  |
  +-------------------+
* Number of accum. steps   = 500480 x 10
* Running VMC accumulation.
    [walltime: 1m elapsed, 15.7s remaining]
  Done. [total walltime: 1m15s]
* Acceptance ratio (%)     =   1.6834
* Etot/t                   =  -2.084402021289E+01 +/-   3.935096784072E-03
  > Ttot/t                 =  -3.882583766813E+01 +/-   3.462648610754E-02
  > Utot/t                 =   1.798181745524E+01 +/-   3.436293058001E-02
* var[Eloc/t]              =   6.652133967753E+00 +/-   1.156319814924E-01
* Correlation length       =   1.165028572965E+00
* log10 Psi^2 range: -84.866222927585554 -- -59.265129580995556
* log10 Pgen range : -84.866222927585554 -- -59.265129580995556
* Site occupation (ave. no. electrons per config.):
  > Site_  ___eu____  ___ed____
      1        0.535      0.464
      2        0.464      0.535
      3        0.536      0.465
      4        0.464      0.535
      5        0.537      0.463
      6        0.464      0.536
      7        0.536      0.464
      8        0.464      0.535
      9        0.536      0.465
     10        0.464      0.536
     11        0.464      0.537
     12        0.535      0.463
     13        0.465      0.535
     14        0.534      0.466
     15        0.465      0.535
     16        0.535      0.465
     17        0.466      0.534
     18        0.535      0.464
     19        0.464      0.535
     20        0.536      0.464
     21        0.535      0.465
     22        0.466      0.535
     23        0.537      0.463
     24        0.463      0.536
     25        0.536      0.464
     26        0.464      0.536
     27        0.535      0.465
     28        0.464      0.536
     29        0.536      0.464
     30        0.463      0.538
     31        0.465      0.534
     32        0.536      0.464
     33        0.462      0.538
     34        0.538      0.464
     35        0.464      0.535
     36        0.536      0.464
     37        0.465      0.536
     38        0.535      0.464
     39        0.464      0.536
     40        0.536      0.464
     41        0.536      0.464
     42        0.464      0.536
     43        0.536      0.465
     44        0.462      0.536
     45        0.536      0.465
     46        0.463      0.537
     47        0.538      0.463
     48        0.464      0.536
     49        0.535      0.465
     50        0.464      0.536
* Pair-correlation analysis (ave. no. pairs per config.):
  > Shell  nsite  ___dh____  __eueu___  __eued___
      0      1        0          0          1.797
      1      4        1.779     11.139     87.227
      2      4        0.302     85.302     14.604
      3      4        0.284     85.421     14.545
      4      8        0.538     29.090    170.885
      5      4        0.262     85.407     14.588
      6      4        0.263     14.597     85.400
      7      8        0.520    170.796     29.202
      8      4        0.260     14.589     85.410
      9      4        0.259     85.356     14.646
     10      4        0.261     14.630     85.368
     11      1        0.066      3.671     21.328

Optimization #1:
* Method          : lls
* Target function : energy
* No. of configs. : 100096
* No. of params.  : 77
* Before optimization:
  -7.6965E+00   2.7283E-01   4.8548E-01   3.8263E-01   3.1486E-01   2.6458E-01
   2.2321E-01   2.1463E-01   2.1622E-01   1.4232E-01   1.5173E-01   1.1177E-01
  -3.5500E-01  -1.7136E-01  -2.1163E-01  -8.4034E-02  -1.5077E-01  -7.9710E-02
  -2.4329E-01  -1.8681E-01  -4.8059E-02  -1.0351E-01  -1.3652E-01  -1.6360E-01
  -4.9146E-02  -9.1945E-02  -1.1902E-01  -1.7709E-01   4.4561E-02  -1.0200E-01
  -6.2296E-02  -1.3376E-01   9.2512E-03   3.8882E-02  -3.1133E-03   4.0127E-03
  -1.1847E-03   4.5355E-04   1.9517E-03  -1.4180E-03   3.2409E-03  -3.8459E-04
   1.1860E-03   1.8624E-03   8.9403E-03   1.2255E-03   2.8092E-03   4.5260E-04
   4.3532E-04   4.3536E-05  -2.0765E-03   2.5871E-03  -2.8020E-03  -4.6138E-04
  -3.4253E-03   9.3520E-01  -4.9926E-01   9.4836E-02   8.6483E-02   4.3693E-02
   9.3686E-02   5.9868E-02   2.3921E-01   4.3998E-01  -3.3239E-01  -2.8189E-01
   4.5216E-01  -1.6647E-01   1.3381E-01   1.2476E-01   3.6752E-02  -8.0398E-02
  -4.9661E-02   1.1357E-01   1.0357E-01  -3.4023E-01  -5.9104E-01
  > E    =  -2.085295158292E+01 +/-   7.975615475394E-03
  > varE =   6.367150823587E+00
* Computing derivatives.
    [walltime: 1m1s elapsed, 4m14s remaining]
  Done. [total walltime: 5m14s]
* Optimizing manipulation constant:
  #igrid a___________ E____________________________________ varE____________
     1     Infinity    -2.08529516E+01 +/-   7.97561548E-03   6.36715082E+00
     2     1.0000E+06  -2.08529519E+01 +/-   7.97561337E-03   6.36714746E+00
     3     2.1544E+05  -2.08529530E+01 +/-   7.97560565E-03   6.36713514E+00
     4     4.6416E+04  -2.08529579E+01 +/-   7.97556881E-03   6.36707631E+00
     5     1.0000E+04  -2.08529801E+01 +/-   7.97537563E-03   6.36676788E+00
     6     2.1544E+03  -2.08530656E+01 +/-   7.97400186E-03   6.36457470E+00
     7     4.6416E+02  -2.08529230E+01 +/-   7.95837494E-03   6.33965340E+00
     8     1.0000E+02  -2.07518320E+01 +/-   8.33480782E-03   6.95357117E+00
     9     2.1544E+01  -1.54131084E+00 +/-   4.57339713E-02   2.09360406E+02
    10     4.6416E+00 (error)
    11     1.0000E+00 (error)
    12     2.1544E-01 (error)
    13     4.6416E-02 (error)
    14     1.0000E-02 (error)
    15     2.1544E-03 (error)
    16     4.6416E-04 (error)
    17     1.0000E-04 (error)
    18     2.1544E-05 (error)
    19     4.6416E-06 (error)
    20     1.0000E-06 (error)
    21     0.0000E+00 (error)
  ParMin   2.2097E+03  -2.08530633E+01 +/-   7.97405771E-03   6.36466385E+00
  # Using grid point #6
* Iteration # 1: E =  -2.085306561028E+01 +/-   7.974001862100E-03
* Diminishing returns: exiting.
* After optimization:
  -7.6630E+00   2.7238E-01   4.8514E-01   3.8234E-01   3.1463E-01   2.6440E-01
   2.2304E-01   2.1449E-01   2.1607E-01   1.4220E-01   1.5163E-01   1.1156E-01
  -3.5483E-01  -1.7126E-01  -2.1143E-01  -8.3881E-02  -1.5058E-01  -7.9526E-02
  -2.4323E-01  -1.8675E-01  -4.7926E-02  -1.0340E-01  -1.3650E-01  -1.6359E-01
  -4.9021E-02  -9.1838E-02  -1.1898E-01  -1.7707E-01   4.4672E-02  -1.0186E-01
  -6.2279E-02  -1.3378E-01   9.1455E-03   3.8431E-02  -3.0789E-03   3.9658E-03
  -1.1696E-03   4.5105E-04   1.9338E-03  -1.4013E-03   3.2023E-03  -3.7152E-04
   1.1669E-03   1.8558E-03   8.8310E-03   1.2133E-03   2.7749E-03   4.5420E-04
   4.3142E-04   4.0348E-05  -2.0497E-03   2.5521E-03  -2.7726E-03  -4.6376E-04
  -3.3809E-03   9.3572E-01  -4.9955E-01   9.5136E-02   8.6108E-02   4.3978E-02
   9.4357E-02   5.9715E-02   2.3992E-01   4.3976E-01  -3.3221E-01  -2.8008E-01
   4.5226E-01  -1.6585E-01   1.3436E-01   1.2476E-01   3.6968E-02  -8.0264E-02
  -4.9903E-02   1.1372E-01   1.0274E-01  -3.4022E-01  -5.9067E-01
  > Energy =  -2.085306561028E+01 +/-   7.974001862100E-03
  > varE =   6.364574701424E+00

VMC #2:
* Size of Hilbert space =   1.5980E+28
* Number of equil. steps   = 1000
* Running VMC equilibration.
  Done. [total walltime: 2.87s]
* Equil. acc.ratio (%)     =   2.0241
* Sample config after equilibration:
  +-------------------+
  |  u   d   d   d   d|
  |u   d   u   u   u  |
  |  d   d   d   0   d|
  |u   u   u   u   2  |
  |  d   d   d   d   2|
  |0   u   u   u   u  |
  |  d   d   d   d   d|
  |u   u   u   u   u  |
  |  d   d   d   d   d|
  |u   u   u   u   u  |
  +-------------------+
* Number of accum. steps   = 500480 x 10
* Running VMC accumulation.
    [walltime: 1m elapsed, 16.3s remaining]
  Done. [total walltime: 1m16s]
* Acceptance ratio (%)     =   1.6842
* Etot/t                   =  -2.084450706356E+01 +/-   3.937117194542E-03
  > Ttot/t                 =  -3.881941115565E+01 +/-   3.487816289008E-02
  > Utot/t                 =   1.797490409207E+01 +/-   3.448242905774E-02
* var[Eloc/t]              =   6.491370752069E+00 +/-   6.280940863309E-02
* Correlation length       =   1.195107570673E+00
* log10 Psi^2 range: -87.680128742142372 -- -59.156518396679289
* log10 Pgen range : -87.680128742142372 -- -59.156518396679289
* Site occupation (ave. no. electrons per config.):
  > Site_  ___eu____  ___ed____
      1        0.511      0.489
      2        0.486      0.513
      3        0.513      0.489
      4        0.486      0.513
      5        0.513      0.487
      6        0.488      0.513
      7        0.512      0.488
      8        0.488      0.513
      9        0.511      0.488
     10        0.488      0.514
     11        0.488      0.512
     12        0.514      0.488
     13        0.488      0.513
     14        0.512      0.485
     15        0.488      0.513
     16        0.513      0.486
     17        0.487      0.512
     18        0.513      0.488
     19        0.489      0.512
     20        0.513      0.487
     21        0.512      0.489
     22        0.486      0.513
     23        0.513      0.486
     24        0.488      0.513
     25        0.511      0.491
     26        0.487      0.512
     27        0.514      0.488
     28        0.486      0.512
     29        0.513      0.488
     30        0.488      0.511
     31        0.486      0.513
     32        0.513      0.488
     33        0.489      0.513
     34        0.512      0.488
     35        0.488      0.511
     36        0.512      0.488
     37        0.487      0.512
     38        0.513      0.487
     39        0.487      0.513
     40        0.513      0.487
     41        0.514      0.487
     42        0.486      0.513
     43        0.512      0.487
     44        0.488      0.511
     45        0.513      0.488
     46        0.488      0.511
     47        0.513      0.486
     48        0.487      0.513
     49        0.513      0.486
     50        0.488      0.513
* Pair-correlation analysis (ave. no. pairs per config.):
  > Shell  nsite  ___dh____  __eueu___  __eued___
      0      1        0          0          1.795
      1      4        1.775     11.165     87.202
      2      4        0.298     85.271     14.641
      3      4        0.279     85.388     14.582
      4      8        0.538     29.141    170.824
      5      4        0.258     85.384     14.616
      6      4        0.262     14.626     85.370
      7      8        0.517    170.751     29.247
      8      4        0.259     14.615     85.383
      9      4        0.257     85.318     14.684
     10      4        0.259     14.658     85.341
     11      1        0.065      3.683     21.316

Optimization #2:
* Method          : lls
* Target function : energy
* No. of configs. : 100096
* No. of params.  : 77
* Before optimization:
  -7.6630E+00   2.7238E-01   4.8514E-01   3.8234E-01   3.1463E-01   2.6440E-01
   2.2304E-01   2.1449E-01   2.1607E-01   1.4220E-01   1.5163E-01   1.1156E-01
  -3.5483E-01  -1.7126E-01  -2.1143E-01  -8.3881E-02  -1.5058E-01  -7.9526E-02
  -2.4323E-01  -1.8675E-01  -4.7926E-02  -1.0340E-01  -1.3650E-01  -1.6359E-01
  -4.9021E-02  -9.1838E-02  -1.1898E-01  -1.7707E-01   4.4672E-02  -1.0186E-01
  -6.2279E-02  -1.3378E-01   9.1455E-03   3.8431E-02  -3.0789E-03   3.9658E-03
  -1.1696E-03   4.5105E-04   1.9338E-03  -1.4013E-03   3.2023E-03  -3.7152E-04
   1.1669E-03   1.8558E-03   8.8310E-03   1.2133E-03   2.7749E-03   4.5420E-04
   4.3142E-04   4.0348E-05  -2.0497E-03   2.5521E-03  -2.7726E-03  -4.6376E-04
  -3.3809E-03   9.3572E-01  -4.9955E-01   9.5136E-02   8.6108E-02   4.3978E-02
   9.4357E-02   5.9715E-02   2.3992E-01   4.3976E-01  -3.3221E-01  -2.8008E-01
   4.5226E-01  -1.6585E-01   1.3436E-01   1.2476E-01   3.6968E-02  -8.0264E-02
  -4.9903E-02   1.1372E-01   1.0274E-01  -3.4022E-01  -5.9067E-01
  > E    =  -2.084213986984E+01 +/-   8.073643464897E-03
  > varE =   6.524629516832E+00
* Computing derivatives.
    [walltime: 1m1s elapsed, 4m13s remaining]
  Done. [total walltime: 5m12s]
* Optimizing manipulation constant:
  #igrid a___________ E____________________________________ varE____________
     1     Infinity    -2.08421399E+01 +/-   8.07364346E-03   6.52462952E+00
     2     1.0000E+06  -2.08421393E+01 +/-   8.07359775E-03   6.52455563E+00
     3     2.1544E+05  -2.08421204E+01 +/-   8.07271962E-03   6.52313641E+00
     4     4.6416E+04  -2.08414911E+01 +/-   8.05491164E-03   6.49438878E+00
     5     1.0000E+04  -2.07137761E+01 +/-   8.49128354E-03   7.21711139E+00
     6     2.1544E+03  -1.65561486E+01 +/-   2.31889296E-02   5.38242675E+01
     7     4.6416E+02 (error)
     8     1.0000E+02 (error)
     9     2.1544E+01 (error)
    10     4.6416E+00 (error)
    11     1.0000E+00 (error)
    12     2.1544E-01 (error)
    13     4.6416E-02 (error)
    14     1.0000E-02 (error)
    15     2.1544E-03 (error)
    16     4.6416E-04 (error)
    17     1.0000E-04 (error)
    18     2.1544E-05 (error)
    19     4.6416E-06 (error)
    20     1.0000E-06 (error)
    21     0.0000E+00 (error)
* Iteration # 1: E =  -2.084213986984E+01 +/-   8.073643464897E-03
* Convergence: exiting.
* After optimization:
  -7.6630E+00   2.7238E-01   4.8514E-01   3.8234E-01   3.1463E-01   2.6440E-01
   2.2304E-01   2.1449E-01   2.1607E-01   1.4220E-01   1.5163E-01   1.1156E-01
  -3.5483E-01  -1.7126E-01  -2.1143E-01  -8.3881E-02  -1.5058E-01  -7.9526E-02
  -2.4323E-01  -1.8675E-01  -4.7926E-02  -1.0340E-01  -1.3650E-01  -1.6359E-01
  -4.9021E-02  -9.1838E-02  -1.1898E-01  -1.7707E-01   4.4672E-02  -1.0186E-01
  -6.2279E-02  -1.3378E-01   9.1455E-03   3.8431E-02  -3.0789E-03   3.9658E-03
  -1.1696E-03   4.5105E-04   1.9338E-03  -1.4013E-03   3.2023E-03  -3.7152E-04
   1.1669E-03   1.8558E-03   8.8310E-03   1.2133E-03   2.7749E-03   4.5420E-04
   4.3142E-04   4.0348E-05  -2.0497E-03   2.5521E-03  -2.7726E-03  -4.6376E-04
  -3.3809E-03   9.3572E-01  -4.9955E-01   9.5136E-02   8.6108E-02   4.3978E-02
   9.4357E-02   5.9715E-02   2.3992E-01   4.3976E-01  -3.3221E-01  -2.8008E-01
   4.5226E-01  -1.6585E-01   1.3436E-01   1.2476E-01   3.6968E-02  -8.0264E-02
  -4.9903E-02   1.1372E-01   1.0274E-01  -3.4022E-01  -5.9067E-01
  > Energy =  -2.084213986984E+01 +/-   8.073643464897E-03
  > varE =   6.524629516832E+00

VMC #3:
* Size of Hilbert space =   1.5980E+28
* Number of equil. steps   = 1000
* Running VMC equilibration.
  Done. [total walltime: 2.89s]
* Equil. acc.ratio (%)     =   2.0327
* Sample config after equilibration:
  +-------------------+
  |  u   d   u   u   u|
  |d   u   d   d   d  |
  |  u   u   u   u   u|
  |d   d   d   d   d  |
  |  u   u   u   u   u|
  |d   d   d   d   d  |
  |  u   u   u   u   u|
  |d   2   d   d   d  |
  |  u   0   u   u   u|
  |d   d   d   d   d  |
  +-------------------+
* Number of accum. steps   = 500480 x 10
* Running VMC accumulation.
    [walltime: 1m elapsed, 17.0s remaining]
  Done. [total walltime: 1m16s]
* Acceptance ratio (%)     =   1.6808
* Etot/t                   =  -2.084168072705E+01 +/-   3.852267245688E-03
  > Ttot/t                 =  -3.877664316313E+01 +/-   3.518525311927E-02
  > Utot/t                 =   1.793496243606E+01 +/-   3.468412050436E-02
* var[Eloc/t]              =   6.483347557565E+00 +/-   9.040563949689E-02
* Correlation length       =   1.145566327019E+00
* log10 Psi^2 range: -85.214158582444185 -- -59.156518396679324
* log10 Pgen range : -85.214158582444185 -- -59.156518396679324
* Site occupation (ave. no. electrons per config.):
  > Site_  ___eu____  ___ed____
      1        0.488      0.513
      2        0.513      0.488
      3        0.489      0.512
      4        0.512      0.486
      5        0.488      0.513
      6        0.511      0.489
      7        0.490      0.512
      8        0.512      0.487
      9        0.488      0.513
     10        0.513      0.488
     11        0.512      0.487
     12        0.486      0.512
     13        0.512      0.488
     14        0.490      0.510
     15        0.513      0.487
     16        0.488      0.513
     17        0.513      0.488
     18        0.487      0.514
     19        0.512      0.487
     20        0.488      0.512
     21        0.488      0.512
     22        0.513      0.489
     23        0.487      0.513
     24        0.512      0.488
     25        0.486      0.513
     26        0.513      0.488
     27        0.488      0.512
     28        0.512      0.487
     29        0.488      0.513
     30        0.512      0.488
     31        0.512      0.487
     32        0.488      0.512
     33        0.512      0.488
     34        0.487      0.512
     35        0.514      0.486
     36        0.488      0.512
     37        0.512      0.487
     38        0.488      0.513
     39        0.514      0.487
     40        0.487      0.512
     41        0.486      0.512
     42        0.512      0.488
     43        0.488      0.512
     44        0.512      0.488
     45        0.488      0.513
     46        0.512      0.487
     47        0.487      0.515
     48        0.512      0.488
     49        0.487      0.513
     50        0.512      0.488
* Pair-correlation analysis (ave. no. pairs per config.):
  > Shell  nsite  ___dh____  __eueu___  __eued___
      0      1        0          0          1.795
      1      4        1.776     11.117     87.251
      2      4        0.300     85.334     14.572
      3      4        0.285     85.447     14.515
      4      8        0.533     29.021    170.962
      5      4        0.263     85.445     14.549
      6      4        0.260     14.567     85.430
      7      8        0.516    170.872     29.128
      8      4        0.259     14.554     85.444
      9      4        0.257     85.385     14.618
     10      4        0.260     14.593     85.403
     11      1        0.066      3.665     21.334

Optimization #3:
* Method          : lls
* Target function : energy
* No. of configs. : 100096
* No. of params.  : 77
* Before optimization:
  -7.6630E+00   2.7238E-01   4.8514E-01   3.8234E-01   3.1463E-01   2.6440E-01
   2.2304E-01   2.1449E-01   2.1607E-01   1.4220E-01   1.5163E-01   1.1156E-01
  -3.5483E-01  -1.7126E-01  -2.1143E-01  -8.3881E-02  -1.5058E-01  -7.9526E-02
  -2.4323E-01  -1.8675E-01  -4.7926E-02  -1.0340E-01  -1.3650E-01  -1.6359E-01
  -4.9021E-02  -9.1838E-02  -1.1898E-01  -1.7707E-01   4.4672E-02  -1.0186E-01
  -6.2279E-02  -1.3378E-01   9.1455E-03   3.8431E-02  -3.0789E-03   3.9658E-03
  -1.1696E-03   4.5105E-04   1.9338E-03  -1.4013E-03   3.2023E-03  -3.7152E-04
   1.1669E-03   1.8558E-03   8.8310E-03   1.2133E-03   2.7749E-03   4.5420E-04
   4.3142E-04   4.0348E-05  -2.0497E-03   2.5521E-03  -2.7726E-03  -4.6376E-04
  -3.3809E-03   9.3572E-01  -4.9955E-01   9.5136E-02   8.6108E-02   4.3978E-02
   9.4357E-02   5.9715E-02   2.3992E-01   4.3976E-01  -3.3221E-01  -2.8008E-01
   4.5226E-01  -1.6585E-01   1.3436E-01   1.2476E-01   3.6968E-02  -8.0264E-02
  -4.9903E-02   1.1372E-01   1.0274E-01  -3.4022E-01  -5.9067E-01
  > E    =  -2.085736273429E+01 +/-   8.182103284854E-03
  > varE =   6.701108310562E+00
* Computing derivatives.
    [walltime: 1m1s elapsed, 4m5s remaining]
  Done. [total walltime: 5m11s]
* Optimizing manipulation constant:
  #igrid a___________ E____________________________________ varE____________
     1     Infinity    -2.08573627E+01 +/-   8.18210328E-03   6.70110831E+00
     2     1.0000E+06  -2.08573632E+01 +/-   8.18209723E-03   6.70109840E+00
     3     2.1544E+05  -2.08573645E+01 +/-   8.18206816E-03   6.70105077E+00
     4     4.6416E+04  -2.08573654E+01 +/-   8.18178804E-03   6.70059196E+00
     5     1.0000E+04  -2.08572408E+01 +/-   8.17738418E-03   6.69338068E+00
     6     2.1544E+03  -2.08482340E+01 +/-   8.12666575E-03   6.61060973E+00
     7     4.6416E+02  -1.66339611E+01 +/-   2.30745087E-02   5.32944089E+01
     8     1.0000E+02 (error)
     9     2.1544E+01 (error)
    10     4.6416E+00 (error)
    11     1.0000E+00 (error)
    12     2.1544E-01 (error)
    13     4.6416E-02 (error)
    14     1.0000E-02 (error)
    15     2.1544E-03 (error)
    16     4.6416E-04 (error)
    17     1.0000E-04 (error)
    18     2.1544E-05 (error)
    19     4.6416E-06 (error)
    20     1.0000E-06 (error)
    21     0.0000E+00 (error)
  ParMin   9.7719E+04  -2.08573658E+01 +/-   8.18200195E-03   6.70094233E+00
  # Using grid point #4
* Iteration # 1: E =  -2.085736538395E+01 +/-   8.181788042289E-03
* Convergence: exiting.
* After optimization:
  -7.6505E+00   2.7237E-01   4.8513E-01   3.8233E-01   3.1462E-01   2.6439E-01
   2.2303E-01   2.1448E-01   2.1605E-01   1.4219E-01   1.5162E-01   1.1154E-01
  -3.5482E-01  -1.7126E-01  -2.1143E-01  -8.3881E-02  -1.5057E-01  -7.9523E-02
  -2.4322E-01  -1.8675E-01  -4.7919E-02  -1.0340E-01  -1.3649E-01  -1.6358E-01
  -4.9014E-02  -9.1834E-02  -1.1897E-01  -1.7707E-01   4.4679E-02  -1.0186E-01
  -6.2273E-02  -1.3378E-01   9.0912E-03   3.8201E-02  -3.0605E-03   3.9425E-03
  -1.1627E-03   4.4913E-04   1.9225E-03  -1.3925E-03   3.1832E-03  -3.6882E-04
   1.1595E-03   1.8454E-03   8.7783E-03   1.2063E-03   2.7586E-03   4.5164E-04
   4.2905E-04   3.9848E-05  -2.0373E-03   2.5367E-03  -2.7563E-03  -4.6139E-04
  -3.3608E-03   9.3571E-01  -4.9954E-01   9.5167E-02   8.6096E-02   4.4001E-02
   9.4395E-02   5.9703E-02   2.3993E-01   4.3975E-01  -3.3221E-01  -2.7995E-01
   4.5225E-01  -1.6581E-01   1.3438E-01   1.2476E-01   3.6979E-02  -8.0253E-02
  -4.9912E-02   1.1372E-01   1.0269E-01  -3.4022E-01  -5.9064E-01
  > Energy =  -2.085736538395E+01 +/-   8.181788042289E-03
  > varE =   6.700591955829E+00

VMC #4:
* Size of Hilbert space =   1.5980E+28
* Number of equil. steps   = 1000
* Running VMC equilibration.
  Done. [total walltime: 2.90s]
* Equil. acc.ratio (%)     =   2.0410
* Sample config after equilibration:
  +-------------------+
  |  d   2   u   d   d|
  |u   0   d   u   u  |
  |  d   d   d   d   d|
  |u   u   u   u   u  |
  |  d   d   d   d   d|
  |u   u   u   u   u  |
  |  d   d   d   d   d|
  |u   u   u   u   u  |
  |  d   d   d   d   d|
  |u   u   u   u   u  |
  +-------------------+
* Number of accum. steps   = 500480 x 10
* Running VMC accumulation.
    [walltime: 1m elapsed, 16.3s remaining]
  Done. [total walltime: 1m16s]
* Acceptance ratio (%)     =   1.6904
* Etot/t                   =  -2.084825997348E+01 +/-   3.893923669649E-03
  > Ttot/t                 =  -3.887643292744E+01 +/-   3.346507956298E-02
  > Utot/t                 =   1.802817295396E+01 +/-   3.321945363515E-02
* var[Eloc/t]              =   6.598546861651E+00 +/-   1.064724040669E-01
* Correlation length       =   1.150040910457E+00
* log10 Psi^2 range: -86.470204538687582 -- -59.150658384162369
* log10 Pgen range : -86.470204538687582 -- -59.150658384162369
* Site occupation (ave. no. electrons per config.):
  > Site_  ___eu____  ___ed____
      1        0.510      0.489
      2        0.488      0.512
      3        0.512      0.487
      4        0.488      0.511
      5        0.513      0.486
      6        0.488      0.513
      7        0.513      0.486
      8        0.489      0.512
      9        0.512      0.488
     10        0.488      0.511
     11        0.489      0.510
     12        0.511      0.488
     13        0.488      0.512
     14        0.512      0.490
     15        0.489      0.511
     16        0.511      0.489
     17        0.487      0.512
     18        0.511      0.488
     19        0.489      0.512
     20        0.511      0.488
     21        0.511      0.489
     22        0.488      0.512
     23        0.514      0.488
     24        0.489      0.512
     25        0.511      0.489
     26        0.489      0.511
     27        0.512      0.488
     28        0.488      0.512
     29        0.511      0.488
     30        0.489      0.512
     31        0.488      0.512
     32        0.513      0.487
     33        0.488      0.512
     34        0.510      0.488
     35        0.491      0.510
     36        0.510      0.489
     37        0.489      0.511
     38        0.512      0.489
     39        0.489      0.512
     40        0.510      0.489
     41        0.512      0.487
     42        0.488      0.513
     43        0.512      0.489
     44        0.490      0.510
     45        0.510      0.490
     46        0.491      0.510
     47        0.511      0.489
     48        0.488      0.512
     49        0.511      0.489
     50        0.488      0.512
* Pair-correlation analysis (ave. no. pairs per config.):
  > Shell  nsite  ___dh____  __eueu___  __eued___
      0      1        0          0          1.806
      1      4        1.790     11.155     87.201
      2      4        0.303     85.287     14.621
      3      4        0.282     85.396     14.574
      4      8        0.545     29.124    170.846
      5      4        0.267     85.391     14.603
      6      4        0.263     14.625     85.368
      7      8        0.525    170.749     29.246
      8      4        0.262     14.608     85.396
      9      4        0.260     85.331     14.669
     10      4        0.260     14.653     85.350
     11      1        0.066      3.680     21.319

Optimization #4:
* Method          : lls
* Target function : energy
* No. of configs. : 100096
* No. of params.  : 77
* Before optimization:
  -7.6505E+00   2.7237E-01   4.8513E-01   3.8233E-01   3.1462E-01   2.6439E-01
   2.2303E-01   2.1448E-01   2.1605E-01   1.4219E-01   1.5162E-01   1.1154E-01
  -3.5482E-01  -1.7126E-01  -2.1143E-01  -8.3881E-02  -1.5057E-01  -7.9523E-02
  -2.4322E-01  -1.8675E-01  -4.7919E-02  -1.0340E-01  -1.3649E-01  -1.6358E-01
  -4.9014E-02  -9.1834E-02  -1.1897E-01  -1.7707E-01   4.4679E-02  -1.0186E-01
  -6.2273E-02  -1.3378E-01   9.0912E-03   3.8201E-02  -3.0605E-03   3.9425E-03
  -1.1627E-03   4.4913E-04   1.9225E-03  -1.3925E-03   3.1832E-03  -3.6882E-04
   1.1595E-03   1.8454E-03   8.7783E-03   1.2063E-03   2.7586E-03   4.5164E-04
   4.2905E-04   3.9848E-05  -2.0373E-03   2.5367E-03  -2.7563E-03  -4.6139E-04
  -3.3608E-03   9.3571E-01  -4.9954E-01   9.5167E-02   8.6096E-02   4.4001E-02
   9.4395E-02   5.9703E-02   2.3993E-01   4.3975E-01  -3.3221E-01  -2.7995E-01
   4.5225E-01  -1.6581E-01   1.3438E-01   1.2476E-01   3.6979E-02  -8.0253E-02
  -4.9912E-02   1.1372E-01   1.0269E-01  -3.4022E-01  -5.9064E-01
  > E    =  -2.085543755381E+01 +/-   8.173943163238E-03
  > varE =   6.687748764881E+00
* Computing derivatives.
    [walltime: 1m1s elapsed, 4m14s remaining]
  Done. [total walltime: 5m14s]
* Optimizing manipulation constant:
  #igrid a___________ E____________________________________ varE____________
     1     Infinity    -2.08554376E+01 +/-   8.17394316E-03   6.68774876E+00
     2     1.0000E+06  -2.08554378E+01 +/-   8.17393646E-03   6.68773779E+00
     3     2.1544E+05  -2.08554384E+01 +/-   8.17386512E-03   6.68762105E+00
     4     4.6416E+04  -2.08554301E+01 +/-   8.17258668E-03   6.68552926E+00
     5     1.0000E+04  -2.08547828E+01 +/-   8.15015448E-03   6.64887860E+00
     6     2.1544E+03  -2.07169981E+01 +/-   8.70469842E-03   7.58445154E+00
     7     4.6416E+02  -1.08103736E+01 +/-   3.45532783E-02   1.19507521E+02
     8     1.0000E+02  -1.65649707E-03 +/-   4.77932584E-02   2.28638837E+02
     9     2.1544E+01  -9.03811080E-26 +/-   4.78002728E-02   2.28705955E+02
    10     4.6416E+00  -9.02300201-238 +/-   1.34273295E-96   1.80466259-187
    11     1.0000E+00   0.00000000E+00 +/-   0.00000000E+00   0.00000000E+00
    12     2.1544E-01   0.00000000E+00 +/-   0.00000000E+00   0.00000000E+00
    13     4.6416E-02 (error)
    14     1.0000E-02 (error)
    15     2.1544E-03 (error)
    16     4.6416E-04 (error)
    17     1.0000E-04 (error)
    18     2.1544E-05 (error)
    19     4.6416E-06 (error)
    20     1.0000E-06 (error)
    21     0.0000E+00 (error)
  ParMin   3.7296E+05  -2.08554382E+01 +/-   8.17391266E-03   6.68769884E+00
  # Using grid point #3
* Iteration # 1: E =  -2.085543835448E+01 +/-   8.173865116434E-03
* Convergence: exiting.
* After optimization:
  -7.6571E+00   2.7237E-01   4.8512E-01   3.8233E-01   3.1462E-01   2.6439E-01
   2.2303E-01   2.1448E-01   2.1605E-01   1.4219E-01   1.5162E-01   1.1154E-01
  -3.5482E-01  -1.7126E-01  -2.1143E-01  -8.3881E-02  -1.5057E-01  -7.9523E-02
  -2.4322E-01  -1.8675E-01  -4.7920E-02  -1.0340E-01  -1.3649E-01  -1.6358E-01
  -4.9015E-02  -9.1835E-02  -1.1897E-01  -1.7706E-01   4.4678E-02  -1.0186E-01
  -6.2274E-02  -1.3378E-01   9.1211E-03   3.8327E-02  -3.0706E-03   3.9555E-03
  -1.1666E-03   4.5059E-04   1.9289E-03  -1.3971E-03   3.1937E-03  -3.6998E-04
   1.1633E-03   1.8516E-03   8.8072E-03   1.2103E-03   2.7677E-03   4.5310E-04
   4.3050E-04   3.9989E-05  -2.0440E-03   2.5450E-03  -2.7653E-03  -4.6290E-04
  -3.3718E-03   9.3571E-01  -4.9955E-01   9.5165E-02   8.6096E-02   4.4002E-02
   9.4394E-02   5.9701E-02   2.3994E-01   4.3975E-01  -3.3221E-01  -2.7995E-01
   4.5226E-01  -1.6582E-01   1.3438E-01   1.2476E-01   3.6979E-02  -8.0252E-02
  -4.9912E-02   1.1372E-01   1.0269E-01  -3.4022E-01  -5.9064E-01
  > Energy =  -2.085543835448E+01 +/-   8.173865116434E-03
  > varE =   6.687621052976E+00

VMC #5:
* Size of Hilbert space =   1.5980E+28
* Number of equil. steps   = 1000
* Running VMC equilibration.
  Done. [total walltime: 2.90s]
* Equil. acc.ratio (%)     =   2.0600
* Sample config after equilibration:
  +-------------------+
  |  d   2   d   d   d|
  |u   0   u   u   u  |
  |  d   d   d   d   d|
  |2   u   u   u   u  |
  |  0   d   d   d   d|
  |u   u   u   u   u  |
  |  d   d   d   d   d|
  |u   u   u   u   u  |
  |  d   d   d   d   d|
  |u   u   u   u   u  |
  +-------------------+
* Number of accum. steps   = 500480 x 10
* Running VMC accumulation.
    [walltime: 1m elapsed, 16.7s remaining]
  Done. [total walltime: 1m16s]
* Acceptance ratio (%)     =   1.6721
* Etot/t                   =  -2.084258755056E+01 +/-   3.884171009310E-03
  > Ttot/t                 =  -3.872500043418E+01 +/-   3.369118521284E-02
  > Utot/t                 =   1.788241288363E+01 +/-   3.315780080370E-02
* var[Eloc/t]              =   6.695938120144E+00 +/-   3.780558055077E-01
* Correlation length       =   1.127643914240E+00
* log10 Psi^2 range: -85.248150500083455 -- -59.150440909194607
* log10 Pgen range : -85.248150500083455 -- -59.150440909194607
* Site occupation (ave. no. electrons per config.):
  > Site_  ___eu____  ___ed____
      1        0.478      0.522
      2        0.521      0.479
      3        0.477      0.523
      4        0.524      0.475
      5        0.477      0.524
      6        0.522      0.477
      7        0.476      0.523
      8        0.523      0.476
      9        0.477      0.523
     10        0.523      0.478
     11        0.523      0.476
     12        0.478      0.523
     13        0.523      0.476
     14        0.476      0.524
     15        0.523      0.477
     16        0.478      0.522
     17        0.522      0.477
     18        0.476      0.523
     19        0.523      0.477
     20        0.476      0.523
     21        0.478      0.522
     22        0.522      0.478
     23        0.476      0.524
     24        0.523      0.477
     25        0.477      0.523
     26        0.524      0.475
     27        0.477      0.524
     28        0.524      0.477
     29        0.477      0.524
     30        0.524      0.476
     31        0.522      0.478
     32        0.476      0.523
     33        0.525      0.477
     34        0.477      0.523
     35        0.523      0.475
     36        0.476      0.525
     37        0.522      0.477
     38        0.476      0.524
     39        0.524      0.476
     40        0.476      0.525
     41        0.477      0.522
     42        0.524      0.476
     43        0.475      0.523
     44        0.524      0.476
     45        0.477      0.524
     46        0.523      0.476
     47        0.479      0.522
     48        0.523      0.477
     49        0.478      0.522
     50        0.524      0.478
* Pair-correlation analysis (ave. no. pairs per config.):
  > Shell  nsite  ___dh____  __eueu___  __eued___
      0      1        0          0          1.786
      1      4        1.768     11.085     87.289
      2      4        0.293     85.373     14.539
      3      4        0.279     85.493     14.475
      4      8        0.527     28.944    171.030
      5      4        0.257     85.479     14.515
      6      4        0.256     14.530     85.464
      7      8        0.511    170.946     29.051
      8      4        0.255     14.516     85.484
      9      4        0.254     85.421     14.579
     10      4        0.256     14.552     85.446
     11      1        0.062      3.660     21.342

Optimization #5:
* Method          : lls
* Target function : energy
* No. of configs. : 100096
* No. of params.  : 77
* Before optimization:
  -7.6571E+00   2.7237E-01   4.8512E-01   3.8233E-01   3.1462E-01   2.6439E-01
   2.2303E-01   2.1448E-01   2.1605E-01   1.4219E-01   1.5162E-01   1.1154E-01
  -3.5482E-01  -1.7126E-01  -2.1143E-01  -8.3881E-02  -1.5057E-01  -7.9523E-02
  -2.4322E-01  -1.8675E-01  -4.7920E-02  -1.0340E-01  -1.3649E-01  -1.6358E-01
  -4.9015E-02  -9.1835E-02  -1.1897E-01  -1.7706E-01   4.4678E-02  -1.0186E-01
  -6.2274E-02  -1.3378E-01   9.1211E-03   3.8327E-02  -3.0706E-03   3.9555E-03
  -1.1666E-03   4.5059E-04   1.9289E-03  -1.3971E-03   3.1937E-03  -3.6998E-04
   1.1633E-03   1.8516E-03   8.8072E-03   1.2103E-03   2.7677E-03   4.5310E-04
   4.3050E-04   3.9989E-05  -2.0440E-03   2.5450E-03  -2.7653E-03  -4.6290E-04
  -3.3718E-03   9.3571E-01  -4.9955E-01   9.5165E-02   8.6096E-02   4.4002E-02
   9.4394E-02   5.9701E-02   2.3994E-01   4.3975E-01  -3.3221E-01  -2.7995E-01
   4.5226E-01  -1.6582E-01   1.3438E-01   1.2476E-01   3.6979E-02  -8.0252E-02
  -4.9912E-02   1.1372E-01   1.0269E-01  -3.4022E-01  -5.9064E-01
  > E    =  -2.084891185265E+01 +/-   8.987911538560E-03
  > varE =   8.086010507666E+00
* Computing derivatives.
    [walltime: 1m1s elapsed, 4m14s remaining]
  Done. [total walltime: 5m12s]
* Optimizing manipulation constant:
  #igrid a___________ E____________________________________ varE____________
     1     Infinity    -2.08489119E+01 +/-   8.98791154E-03   8.08601051E+00
     2     1.0000E+06  -2.08489130E+01 +/-   8.98789557E-03   8.08598178E+00
     3     2.1544E+05  -2.08489172E+01 +/-   8.98783569E-03   8.08587404E+00
     4     4.6416E+04  -2.08489355E+01 +/-   8.98752190E-03   8.08530945E+00
     5     1.0000E+04  -2.08489939E+01 +/-   8.98530233E-03   8.08131642E+00
     6     2.1544E+03  -2.08486047E+01 +/-   8.96003375E-03   8.03592757E+00
     7     4.6416E+02  -2.07985998E+01 +/-   8.84846813E-03   7.83705518E+00
     8     1.0000E+02  -1.62087838E+01 +/-   2.40801171E-02   5.80408700E+01
     9     2.1544E+01  -2.48952953E-01 +/-   4.71023446E-02   2.22076075E+02
    10     4.6416E+00  -8.87140067E-11 +/-   4.72936797E-02   2.23883936E+02
    11     1.0000E+00  -5.33308524E-60 +/-   1.03207179E-07   1.06619474E-09
    12     2.1544E-01   0.00000000E+00 +/-   0.00000000E+00   0.00000000E+00
    13     4.6416E-02   0.00000000E+00 +/-   0.00000000E+00   0.00000000E+00
    14     1.0000E-02   0.00000000E+00 +/-   0.00000000E+00   0.00000000E+00
    15     2.1544E-03   0.00000000E+00 +/-   0.00000000E+00   0.00000000E+00
    16     4.6416E-04   0.00000000E+00 +/-   0.00000000E+00   0.00000000E+00
    17     1.0000E-04   0.00000000E+00 +/-   0.00000000E+00   0.00000000E+00
    18     2.1544E-05   0.00000000E+00 +/-   0.00000000E+00   0.00000000E+00
    19     4.6416E-06   0.00000000E+00 +/-   0.00000000E+00   0.00000000E+00
    20     1.0000E-06   0.00000000E+00 +/-   0.00000000E+00   0.00000000E+00
    21     0.0000E+00   0.00000000E+00 +/-   0.00000000E+00   0.00000000E+00
  ParMin   1.6551E+04  -2.08489700E+01 +/-   8.98657790E-03   8.08361105E+00
  # Using grid point #5
* Iteration # 1: E =  -2.084899388966E+01 +/-   8.985302332276E-03
* Diminishing returns: exiting.
* After optimization:
  -7.6803E+00   2.7237E-01   4.8516E-01   3.8235E-01   3.1465E-01   2.6442E-01
   2.2305E-01   2.1452E-01   2.1609E-01   1.4220E-01   1.5165E-01   1.1149E-01
  -3.5481E-01  -1.7124E-01  -2.1148E-01  -8.3916E-02  -1.5062E-01  -7.9539E-02
  -2.4323E-01  -1.8674E-01  -4.7963E-02  -1.0343E-01  -1.3650E-01  -1.6357E-01
  -4.9054E-02  -9.1862E-02  -1.1898E-01  -1.7706E-01   4.4652E-02  -1.0187E-01
  -6.2271E-02  -1.3377E-01   9.2223E-03   3.8755E-02  -3.0996E-03   4.0040E-03
  -1.1798E-03   4.6003E-04   1.9509E-03  -1.4114E-03   3.2298E-03  -3.7160E-04
   1.1735E-03   1.8795E-03   8.9054E-03   1.2254E-03   2.7995E-03   4.5879E-04
   4.3565E-04   3.8873E-05  -2.0653E-03   2.5724E-03  -2.7972E-03  -4.7115E-04
  -3.4083E-03   9.3600E-01  -4.9970E-01   9.5368E-02   8.6048E-02   4.4167E-02
   9.4599E-02   5.9687E-02   2.4016E-01   4.3986E-01  -3.3230E-01  -2.7921E-01
   4.5242E-01  -1.6563E-01   1.3462E-01   1.2475E-01   3.7066E-02  -8.0254E-02
  -4.9961E-02   1.1379E-01   1.0244E-01  -3.4033E-01  -5.9059E-01
  > Energy =  -2.084899388966E+01 +/-   8.985302332276E-03
  > varE =   8.081316423409E+00

VMC #6:
* Size of Hilbert space =   1.5980E+28
* Number of equil. steps   = 1000
* Running VMC equilibration.
  Done. [total walltime: 2.89s]
* Equil. acc.ratio (%)     =   2.0494
* Sample config after equilibration:
  +-------------------+
  |  d   d   0   d   d|
  |u   u   u   u   u  |
  |  d   d   d   d   d|
  |u   u   u   u   u  |
  |  d   d   d   d   d|
  |u   u   u   u   u  |
  |  d   d   d   2   d|
  |u   u   u   0   u  |
  |  d   d   d   d   d|
  |u   u   2   u   u  |
  +-------------------+
* Number of accum. steps   = 500480 x 10
* Running VMC accumulation.
    [walltime: 1m elapsed, 16.1s remaining]
  Done. [total walltime: 1m16s]
* Acceptance ratio (%)     =   1.6822
* Etot/t                   =  -2.084660764137E+01 +/-   3.865336745962E-03
  > Ttot/t                 =  -3.881220067207E+01 +/-   3.528645001242E-02
  > Utot/t                 =   1.796559303069E+01 +/-   3.483842502687E-02
* var[Eloc/t]              =   6.502535227042E+00 +/-   9.271174609527E-02
* Correlation length       =   1.149949276132E+00
* log10 Psi^2 range: -86.007227933208554 -- -59.157698702412723
* log10 Pgen range : -86.007227933208554 -- -59.157698702412723
* Site occupation (ave. no. electrons per config.):
  > Site_  ___eu____  ___ed____
      1        0.518      0.482
      2        0.482      0.517
      3        0.517      0.483
      4        0.482      0.518
      5        0.519      0.482
      6        0.484      0.517
      7        0.517      0.484
      8        0.482      0.517
      9        0.518      0.483
     10        0.484      0.516
     11        0.481      0.518
     12        0.518      0.484
     13        0.483      0.516
     14        0.517      0.483
     15        0.482      0.518
     16        0.517      0.482
     17        0.482      0.518
     18        0.516      0.483
     19        0.484      0.517
     20        0.516      0.484
     21        0.518      0.482
     22        0.481      0.518
     23        0.518      0.482
     24        0.483      0.518
     25        0.517      0.483
     26        0.484      0.517
     27        0.518      0.481
     28        0.482      0.517
     29        0.517      0.482
     30        0.484      0.517
     31        0.482      0.517
     32        0.517      0.483
     33        0.483      0.515
     34        0.517      0.485
     35        0.483      0.515
     36        0.517      0.482
     37        0.483      0.519
     38        0.516      0.482
     39        0.483      0.518
     40        0.518      0.483
     41        0.517      0.483
     42        0.483      0.518
     43        0.516      0.483
     44        0.482      0.519
     45        0.519      0.481
     46        0.483      0.517
     47        0.516      0.483
     48        0.483      0.517
     49        0.517      0.483
     50        0.485      0.517
* Pair-correlation analysis (ave. no. pairs per config.):
  > Shell  nsite  ___dh____  __eueu___  __eued___
      0      1        0          0          1.797
      1      4        1.778     11.157     87.210
      2      4        0.300     85.286     14.622
      3      4        0.282     85.400     14.565
      4      8        0.535     29.108    170.865
      5      4        0.261     85.401     14.597
      6      4        0.263     14.617     85.379
      7      8        0.520    170.770     29.229
      8      4        0.263     14.598     85.400
      9      4        0.259     85.338     14.661
     10      4        0.258     14.648     85.353
     11      1        0.066      3.677     21.323

Optimization #6:
* Method          : lls
* Target function : energy
* No. of configs. : 100096
* No. of params.  : 77
* Before optimization:
  -7.6803E+00   2.7237E-01   4.8516E-01   3.8235E-01   3.1465E-01   2.6442E-01
   2.2305E-01   2.1452E-01   2.1609E-01   1.4220E-01   1.5165E-01   1.1149E-01
  -3.5481E-01  -1.7124E-01  -2.1148E-01  -8.3916E-02  -1.5062E-01  -7.9539E-02
  -2.4323E-01  -1.8674E-01  -4.7963E-02  -1.0343E-01  -1.3650E-01  -1.6357E-01
  -4.9054E-02  -9.1862E-02  -1.1898E-01  -1.7706E-01   4.4652E-02  -1.0187E-01
  -6.2271E-02  -1.3377E-01   9.2223E-03   3.8755E-02  -3.0996E-03   4.0040E-03
  -1.1798E-03   4.6003E-04   1.9509E-03  -1.4114E-03   3.2298E-03  -3.7160E-04
   1.1735E-03   1.8795E-03   8.9054E-03   1.2254E-03   2.7995E-03   4.5879E-04
   4.3565E-04   3.8873E-05  -2.0653E-03   2.5724E-03  -2.7972E-03  -4.7115E-04
  -3.4083E-03   9.3600E-01  -4.9970E-01   9.5368E-02   8.6048E-02   4.4167E-02
   9.4599E-02   5.9687E-02   2.4016E-01   4.3986E-01  -3.3230E-01  -2.7921E-01
   4.5242E-01  -1.6563E-01   1.3462E-01   1.2475E-01   3.7066E-02  -8.0254E-02
  -4.9961E-02   1.1379E-01   1.0244E-01  -3.4033E-01  -5.9059E-01
  > E    =  -2.084505097268E+01 +/-   8.199188014116E-03
  > varE =   6.729122170756E+00
* Computing derivatives.
    [walltime: 1m1s elapsed, 4m12s remaining]
  Done. [total walltime: 5m15s]
* Optimizing manipulation constant:
  #igrid a___________ E____________________________________ varE____________
     1     Infinity    -2.08450510E+01 +/-   8.19918801E-03   6.72912217E+00
     2     1.0000E+06  -2.08450515E+01 +/-   8.19918080E-03   6.72911034E+00
     3     2.1544E+05  -2.08450534E+01 +/-   8.19914743E-03   6.72905556E+00
     4     4.6416E+04  -2.08450597E+01 +/-   8.19884697E-03   6.72856239E+00
     5     1.0000E+04  -2.08450297E+01 +/-   8.19443788E-03   6.72132751E+00
     6     2.1544E+03  -2.08405439E+01 +/-   8.13913143E-03   6.63090561E+00
     7     4.6416E+02  -2.00355643E+01 +/-   1.20605560E-02   1.45596650E+01
     8     1.0000E+02  -3.65078223E+00 +/-   4.37067435E-02   1.91211329E+02
     9     2.1544E+01  -3.91666917E-05 +/-   4.74890353E-02   2.25737347E+02
    10     4.6416E+00  -7.84071062E-23 +/-   4.74859272E-02   2.25707800E+02
    11     1.0000E+00  -4.40680607-120 +/-   9.38385967E-38   8.81413569E-70
    12     2.1544E-01   0.00000000E+00 +/-   0.00000000E+00   0.00000000E+00
    13     4.6416E-02   0.00000000E+00 +/-   0.00000000E+00   0.00000000E+00
    14     1.0000E-02   0.00000000E+00 +/-   0.00000000E+00   0.00000000E+00
    15     2.1544E-03   0.00000000E+00 +/-   0.00000000E+00   0.00000000E+00
    16     4.6416E-04   0.00000000E+00 +/-   0.00000000E+00   0.00000000E+00
    17     1.0000E-04   0.00000000E+00 +/-   0.00000000E+00   0.00000000E+00
    18     2.1544E-05   0.00000000E+00 +/-   0.00000000E+00   0.00000000E+00
    19     4.6416E-06   0.00000000E+00 +/-   0.00000000E+00   0.00000000E+00
    20     1.0000E-06   0.00000000E+00 +/-   0.00000000E+00   0.00000000E+00
    21     0.0000E+00   0.00000000E+00 +/-   0.00000000E+00   0.00000000E+00
  ParMin   6.3107E+04  -2.08450580E+01 +/-   8.19897491E-03   6.72877239E+00
  # Using grid point #4
* Iteration # 1: E =  -2.084505970756E+01 +/-   8.198846969900E-03
* Convergence: exiting.
* After optimization:
  -7.6911E+00   2.7235E-01   4.8514E-01   3.8234E-01   3.1464E-01   2.6441E-01
   2.2304E-01   2.1451E-01   2.1608E-01   1.4219E-01   1.5164E-01   1.1147E-01
  -3.5480E-01  -1.7123E-01  -2.1148E-01  -8.3910E-02  -1.5062E-01  -7.9531E-02
  -2.4322E-01  -1.8673E-01  -4.7960E-02  -1.0343E-01  -1.3650E-01  -1.6357E-01
  -4.9051E-02  -9.1856E-02  -1.1898E-01  -1.7706E-01   4.4659E-02  -1.0186E-01
  -6.2271E-02  -1.3377E-01   9.2749E-03   3.8975E-02  -3.1172E-03   4.0268E-03
  -1.1866E-03   4.6261E-04   1.9621E-03  -1.4192E-03   3.2481E-03  -3.7287E-04
   1.1799E-03   1.8911E-03   8.9565E-03   1.2325E-03   2.8157E-03   4.6151E-04
   4.3822E-04   3.8919E-05  -2.0770E-03   2.5871E-03  -2.8133E-03  -4.7423E-04
  -3.4277E-03   9.3598E-01  -4.9972E-01   9.5371E-02   8.6046E-02   4.4168E-02
   9.4616E-02   5.9661E-02   2.4017E-01   4.3986E-01  -3.3231E-01  -2.7912E-01
   4.5244E-01  -1.6562E-01   1.3464E-01   1.2475E-01   3.7072E-02  -8.0250E-02
  -4.9973E-02   1.1380E-01   1.0241E-01  -3.4034E-01  -5.9058E-01
  > Energy =  -2.084505970756E+01 +/-   8.198846969900E-03
  > varE =   6.728562388381E+00

VMC #7:
* Size of Hilbert space =   1.5980E+28
* Number of equil. steps   = 1000
* Running VMC equilibration.
  Done. [total walltime: 2.89s]
* Equil. acc.ratio (%)     =   2.0797
* Sample config after equilibration:
  +-------------------+
  |  d   d   d   d   d|
  |u   u   u   u   u  |
  |  d   d   d   d   d|
  |u   u   u   u   u  |
  |  d   d   d   d   d|
  |u   u   u   u   u  |
  |  d   d   d   d   d|
  |u   u   u   u   u  |
  |  d   d   d   d   d|
  |u   u   u   u   u  |
  +-------------------+
* Number of accum. steps   = 500480 x 10
* Running VMC accumulation.
    [walltime: 1m elapsed, 16.8s remaining]
  Done. [total walltime: 1m16s]
* Acceptance ratio (%)     =   1.6819
* Etot/t                   =  -2.084941388396E+01 +/-   3.870977786270E-03
  > Ttot/t                 =  -3.881718482387E+01 +/-   3.425488878482E-02
  > Utot/t                 =   1.796777093990E+01 +/-   3.385818243167E-02
* var[Eloc/t]              =   6.333872534560E+00 +/-   1.174753151893E-01
* Correlation length       =   1.184019257588E+00
* log10 Psi^2 range: -84.758807810234288 -- -59.151012612247726
* log10 Pgen range : -84.758807810234288 -- -59.151012612247726
* Site occupation (ave. no. electrons per config.):
  > Site_  ___eu____  ___ed____
      1        0.504      0.496
      2        0.495      0.505
      3        0.505      0.494
      4        0.495      0.505
      5        0.505      0.494
      6        0.495      0.505
      7        0.505      0.494
      8        0.493      0.506
      9        0.505      0.495
     10        0.497      0.504
     11        0.494      0.506
     12        0.505      0.495
     13        0.494      0.506
     14        0.505      0.495
     15        0.495      0.505
     16        0.505      0.495
     17        0.496      0.505
     18        0.506      0.494
     19        0.496      0.506
     20        0.504      0.494
     21        0.504      0.496
     22        0.496      0.505
     23        0.506      0.494
     24        0.494      0.505
     25        0.506      0.494
     26        0.496      0.506
     27        0.505      0.494
     28        0.494      0.505
     29        0.506      0.495
     30        0.495      0.504
     31        0.495      0.506
     32        0.506      0.494
     33        0.495      0.506
     34        0.505      0.496
     35        0.495      0.505
     36        0.505      0.494
     37        0.493      0.505
     38        0.508      0.493
     39        0.493      0.507
     40        0.506      0.493
     41        0.504      0.496
     42        0.496      0.505
     43        0.506      0.494
     44        0.494      0.505
     45        0.505      0.495
     46        0.495      0.506
     47        0.505      0.495
     48        0.494      0.507
     49        0.505      0.495
     50        0.494      0.506
* Pair-correlation analysis (ave. no. pairs per config.):
  > Shell  nsite  ___dh____  __eueu___  __eued___
      0      1        0          0          1.799
      1      4        1.781     11.136     87.228
      2      4        0.300     85.311     14.597
      3      4        0.284     85.429     14.535
      4      8        0.537     29.063    170.914
      5      4        0.265     85.422     14.567
      6      4        0.260     14.586     85.414
      7      8        0.524    170.831     29.160
      8      4        0.258     14.569     85.437
      9      4        0.259     85.364     14.632
     10      4        0.257     14.617     85.386
     11      1        0.063      3.671     21.330

Optimization #7:
* Method          : lls
* Target function : energy
* No. of configs. : 100096
* No. of params.  : 77
* Before optimization:
  -7.6911E+00   2.7235E-01   4.8514E-01   3.8234E-01   3.1464E-01   2.6441E-01
   2.2304E-01   2.1451E-01   2.1608E-01   1.4219E-01   1.5164E-01   1.1147E-01
  -3.5480E-01  -1.7123E-01  -2.1148E-01  -8.3910E-02  -1.5062E-01  -7.9531E-02
  -2.4322E-01  -1.8673E-01  -4.7960E-02  -1.0343E-01  -1.3650E-01  -1.6357E-01
  -4.9051E-02  -9.1856E-02  -1.1898E-01  -1.7706E-01   4.4659E-02  -1.0186E-01
  -6.2271E-02  -1.3377E-01   9.2749E-03   3.8975E-02  -3.1172E-03   4.0268E-03
  -1.1866E-03   4.6261E-04   1.9621E-03  -1.4192E-03   3.2481E-03  -3.7287E-04
   1.1799E-03   1.8911E-03   8.9565E-03   1.2325E-03   2.8157E-03   4.6151E-04
   4.3822E-04   3.8919E-05  -2.0770E-03   2.5871E-03  -2.8133E-03  -4.7423E-04
  -3.4277E-03   9.3598E-01  -4.9972E-01   9.5371E-02   8.6046E-02   4.4168E-02
   9.4616E-02   5.9661E-02   2.4017E-01   4.3986E-01  -3.3231E-01  -2.7912E-01
   4.5244E-01  -1.6562E-01   1.3464E-01   1.2475E-01   3.7072E-02  -8.0250E-02
  -4.9973E-02   1.1380E-01   1.0241E-01  -3.4034E-01  -5.9058E-01
  > E    =  -2.084911666755E+01 +/-   7.932432429408E-03
  > varE =   6.298389079201E+00
* Computing derivatives.
    [walltime: 1m1s elapsed, 4m14s remaining]
  Done. [total walltime: 5m11s]
* Optimizing manipulation constant:
  #igrid a___________ E____________________________________ varE____________
     1     Infinity    -2.08491167E+01 +/-   7.93243243E-03   6.29838908E+00
     2     1.0000E+06  -2.08491169E+01 +/-   7.93242792E-03   6.29838192E+00
     3     2.1544E+05  -2.08491167E+01 +/-   7.93236646E-03   6.29828432E+00
     4     4.6416E+04  -2.08490943E+01 +/-   7.93117403E-03   6.29639088E+00
     5     1.0000E+04  -2.08480839E+01 +/-   7.91073454E-03   6.26397974E+00
     6     2.1544E+03  -2.06794966E+01 +/-   8.69856213E-03   7.57376215E+00
     7     4.6416E+02  -9.86027443E+00 +/-   3.58347270E-02   1.28536042E+02
     8     1.0000E+02  -6.84352613E-04 +/-   4.75876554E-02   2.26675895E+02
     9     2.1544E+01  -1.74854308E-28 +/-   4.75870463E-02   2.26670092E+02
    10     4.6416E+00   0.00000000E+00 +/-   0.00000000E+00   0.00000000E+00
    11     1.0000E+00   0.00000000E+00 +/-   0.00000000E+00   0.00000000E+00
    12     2.1544E-01   0.00000000E+00 +/-   0.00000000E+00   0.00000000E+00
    13     4.6416E-02   0.00000000E+00 +/-   0.00000000E+00   0.00000000E+00
    14     1.0000E-02   0.00000000E+00 +/-   0.00000000E+00   0.00000000E+00
    15     2.1544E-03   0.00000000E+00 +/-   0.00000000E+00   0.00000000E+00
    16     4.6416E-04   0.00000000E+00 +/-   0.00000000E+00   0.00000000E+00
    17     1.0000E-04   0.00000000E+00 +/-   0.00000000E+00   0.00000000E+00
    18     2.1544E-05   0.00000000E+00 +/-   0.00000000E+00   0.00000000E+00
    19     4.6416E-06   0.00000000E+00 +/-   0.00000000E+00   0.00000000E+00
    20     1.0000E-06   0.00000000E+00 +/-   0.00000000E+00   0.00000000E+00
    21     0.0000E+00   0.00000000E+00 +/-   0.00000000E+00   0.00000000E+00
* Iteration # 1: E =  -2.084911687918E+01 +/-   7.932427922088E-03
* Convergence: exiting.
* After optimization:
  -7.6926E+00   2.7235E-01   4.8514E-01   3.8234E-01   3.1464E-01   2.6441E-01
   2.2304E-01   2.1451E-01   2.1608E-01   1.4219E-01   1.5164E-01   1.1147E-01
  -3.5480E-01  -1.7123E-01  -2.1148E-01  -8.3910E-02  -1.5062E-01  -7.9531E-02
  -2.4322E-01  -1.8673E-01  -4.7960E-02  -1.0343E-01  -1.3650E-01  -1.6357E-01
  -4.9051E-02  -9.1857E-02  -1.1898E-01  -1.7706E-01   4.4660E-02  -1.0186E-01
  -6.2270E-02  -1.3377E-01   9.2818E-03   3.9004E-02  -3.1195E-03   4.0298E-03
  -1.1875E-03   4.6296E-04   1.9636E-03  -1.4203E-03   3.2506E-03  -3.7313E-04
   1.1808E-03   1.8925E-03   8.9632E-03   1.2334E-03   2.8178E-03   4.6186E-04
   4.3855E-04   3.8939E-05  -2.0786E-03   2.5891E-03  -2.8154E-03  -4.7459E-04
  -3.4303E-03   9.3598E-01  -4.9972E-01   9.5371E-02   8.6046E-02   4.4168E-02
   9.4616E-02   5.9660E-02   2.4017E-01   4.3986E-01  -3.3231E-01  -2.7912E-01
   4.5244E-01  -1.6562E-01   1.3464E-01   1.2475E-01   3.7072E-02  -8.0250E-02
  -4.9973E-02   1.1380E-01   1.0241E-01  -3.4034E-01  -5.9058E-01
  > Energy =  -2.084911687918E+01 +/-   7.932427922088E-03
  > varE =   6.298381921536E+00

VMC #8:
* Size of Hilbert space =   1.5980E+28
* Number of equil. steps   = 1000
* Running VMC equilibration.
  Done. [total walltime: 2.90s]
* Equil. acc.ratio (%)     =   2.0564
* Sample config after equilibration:
  +-------------------+
  |  d   d   d   d   d|
  |u   u   u   u   u  |
  |  d   d   d   d   d|
  |0   u   u   u   u  |
  |  d   d   d   d   2|
  |u   u   u   u   u  |
  |  d   d   d   d   2|
  |0   u   u   u   u  |
  |  d   d   d   d   d|
  |u   u   u   u   u  |
  +-------------------+
* Number of accum. steps   = 500480 x 10
* Running VMC accumulation.
    [walltime: 1m elapsed, 16.5s remaining]
  Done. [total walltime: 1m16s]
* Acceptance ratio (%)     =   1.6837
* Etot/t                   =  -2.084039900485E+01 +/-   3.804373811790E-03
  > Ttot/t                 =  -3.879911863402E+01 +/-   3.500433917491E-02
  > Utot/t                 =   1.795871962916E+01 +/-   3.464187983792E-02
* var[Eloc/t]              =   6.539023356956E+00 +/-   7.722252928675E-02
* Correlation length       =   1.107746037802E+00
* log10 Psi^2 range: -85.600331803546553 -- -59.150801297076434
* log10 Pgen range : -85.600331803546553 -- -59.150801297076434
* Site occupation (ave. no. electrons per config.):
  > Site_  ___eu____  ___ed____
      1        0.550      0.449
      2        0.451      0.550
      3        0.549      0.450
      4        0.450      0.550
      5        0.551      0.450
      6        0.450      0.551
      7        0.550      0.449
      8        0.447      0.552
      9        0.551      0.448
     10        0.450      0.550
     11        0.449      0.550
     12        0.550      0.450
     13        0.451      0.550
     14        0.550      0.450
     15        0.447      0.552
     16        0.550      0.449
     17        0.451      0.550
     18        0.550      0.449
     19        0.450      0.551
     20        0.550      0.451
     21        0.551      0.450
     22        0.449      0.551
     23        0.550      0.449
     24        0.450      0.551
     25        0.551      0.449
     26        0.450      0.550
     27        0.550      0.451
     28        0.451      0.549
     29        0.549      0.450
     30        0.450      0.550
     31        0.450      0.550
     32        0.550      0.450
     33        0.450      0.549
     34        0.550      0.450
     35        0.451      0.551
     36        0.549      0.450
     37        0.449      0.551
     38        0.550      0.449
     39        0.451      0.550
     40        0.550      0.450
     41        0.551      0.449
     42        0.450      0.550
     43        0.549      0.450
     44        0.450      0.551
     45        0.551      0.449
     46        0.450      0.550
     47        0.551      0.449
     48        0.448      0.551
     49        0.550      0.449
     50        0.448      0.549
* Pair-correlation analysis (ave. no. pairs per config.):
  > Shell  nsite  ___dh____  __eueu___  __eued___
      0      1        0          0          1.797
      1      4        1.775     11.128     87.243
      2      4        0.299     85.319     14.587
      3      4        0.284     85.439     14.524
      4      8        0.541     29.041    170.928
      5      4        0.260     85.432     14.567
      6      4        0.261     14.581     85.412
      7      8        0.512    170.853     29.157
      8      4        0.261     14.566     85.430
      9      4        0.260     85.377     14.621
     10      4        0.260     14.597     85.402
     11      1        0.064      3.667     21.332

Optimization #8:
* Method          : lls
* Target function : energy
* No. of configs. : 100096
* No. of params.  : 77
* Before optimization:
  -7.6926E+00   2.7235E-01   4.8514E-01   3.8234E-01   3.1464E-01   2.6441E-01
   2.2304E-01   2.1451E-01   2.1608E-01   1.4219E-01   1.5164E-01   1.1147E-01
  -3.5480E-01  -1.7123E-01  -2.1148E-01  -8.3910E-02  -1.5062E-01  -7.9531E-02
  -2.4322E-01  -1.8673E-01  -4.7960E-02  -1.0343E-01  -1.3650E-01  -1.6357E-01
  -4.9051E-02  -9.1857E-02  -1.1898E-01  -1.7706E-01   4.4660E-02  -1.0186E-01
  -6.2270E-02  -1.3377E-01   9.2818E-03   3.9004E-02  -3.1195E-03   4.0298E-03
  -1.1875E-03   4.6296E-04   1.9636E-03  -1.4203E-03   3.2506E-03  -3.7313E-04
   1.1808E-03   1.8925E-03   8.9632E-03   1.2334E-03   2.8178E-03   4.6186E-04
   4.3855E-04   3.8939E-05  -2.0786E-03   2.5891E-03  -2.8154E-03  -4.7459E-04
  -3.4303E-03   9.3598E-01  -4.9972E-01   9.5371E-02   8.6046E-02   4.4168E-02
   9.4616E-02   5.9660E-02   2.4017E-01   4.3986E-01  -3.3231E-01  -2.7912E-01
   4.5244E-01  -1.6562E-01   1.3464E-01   1.2475E-01   3.7072E-02  -8.0250E-02
  -4.9973E-02   1.1380E-01   1.0241E-01  -3.4034E-01  -5.9058E-01
  > E    =  -2.084200149238E+01 +/-   8.095064733020E-03
  > varE =   6.559298190189E+00
* Computing derivatives.
    [walltime: 1m1s elapsed, 4m13s remaining]
  Done. [total walltime: 5m11s]
* Optimizing manipulation constant:
  #igrid a___________ E____________________________________ varE____________
     1     Infinity    -2.08420015E+01 +/-   8.09506473E-03   6.55929819E+00
     2     1.0000E+06  -2.08420014E+01 +/-   8.09505138E-03   6.55927654E+00
     3     2.1544E+05  -2.08419946E+01 +/-   8.09483343E-03   6.55892335E+00
     4     4.6416E+04  -2.08418054E+01 +/-   8.09040401E-03   6.55174736E+00
     5     1.0000E+04  -2.08275949E+01 +/-   8.06228024E-03   6.50627630E+00
     6     2.1544E+03  -1.32835217E+01 +/-   3.01896740E-02   9.12291377E+01
     7     4.6416E+02 (error)
     8     1.0000E+02 (error)
     9     2.1544E+01 (error)
    10     4.6416E+00 (error)
    11     1.0000E+00 (error)
    12     2.1544E-01 (error)
    13     4.6416E-02 (error)
    14     1.0000E-02 (error)
    15     2.1544E-03 (error)
    16     4.6416E-04 (error)
    17     1.0000E-04 (error)
    18     2.1544E-05 (error)
    19     4.6416E-06 (error)
    20     1.0000E-06 (error)
    21     0.0000E+00 (error)
* Iteration # 1: E =  -2.084200149238E+01 +/-   8.095064733020E-03
* Convergence: exiting.
* After optimization:
  -7.6926E+00   2.7235E-01   4.8514E-01   3.8234E-01   3.1464E-01   2.6441E-01
   2.2304E-01   2.1451E-01   2.1608E-01   1.4219E-01   1.5164E-01   1.1147E-01
  -3.5480E-01  -1.7123E-01  -2.1148E-01  -8.3910E-02  -1.5062E-01  -7.9531E-02
  -2.4322E-01  -1.8673E-01  -4.7960E-02  -1.0343E-01  -1.3650E-01  -1.6357E-01
  -4.9051E-02  -9.1857E-02  -1.1898E-01  -1.7706E-01   4.4660E-02  -1.0186E-01
  -6.2270E-02  -1.3377E-01   9.2818E-03   3.9004E-02  -3.1195E-03   4.0298E-03
  -1.1875E-03   4.6296E-04   1.9636E-03  -1.4203E-03   3.2506E-03  -3.7313E-04
   1.1808E-03   1.8925E-03   8.9632E-03   1.2334E-03   2.8178E-03   4.6186E-04
   4.3855E-04   3.8939E-05  -2.0786E-03   2.5891E-03  -2.8154E-03  -4.7459E-04
  -3.4303E-03   9.3598E-01  -4.9972E-01   9.5371E-02   8.6046E-02   4.4168E-02
   9.4616E-02   5.9660E-02   2.4017E-01   4.3986E-01  -3.3231E-01  -2.7912E-01
   4.5244E-01  -1.6562E-01   1.3464E-01   1.2475E-01   3.7072E-02  -8.0250E-02
  -4.9973E-02   1.1380E-01   1.0241E-01  -3.4034E-01  -5.9058E-01
  > Energy =  -2.084200149238E+01 +/-   8.095064733020E-03
  > varE =   6.559298190189E+00

VMC #9:
* Size of Hilbert space =   1.5980E+28
* Number of equil. steps   = 1000
* Running VMC equilibration.
  Done. [total walltime: 2.91s]
* Equil. acc.ratio (%)     =   2.0469
* Sample config after equilibration:
  +-------------------+
  |  d   d   d   d   d|
  |u   u   u   u   d  |
  |  d   d   d   d   u|
  |u   u   u   u   u  |
  |  d   d   d   d   d|
  |u   u   0   u   u  |
  |  d   d   2   d   d|
  |u   u   u   u   u  |
  |  d   d   d   d   d|
  |u   u   u   u   u  |
  +-------------------+
* Number of accum. steps   = 500480 x 10
* Running VMC accumulation.
    [walltime: 1m elapsed, 16.9s remaining]
  Done. [total walltime: 1m16s]
* Acceptance ratio (%)     =   1.6839
* Etot/t                   =  -2.085117494475E+01 +/-   3.955145752994E-03
  > Ttot/t                 =  -3.884118453555E+01 +/-   3.423922728808E-02
  > Utot/t                 =   1.799000959079E+01 +/-   3.387005529043E-02
* var[Eloc/t]              =   6.560428005063E+00 +/-   1.050518085924E-01
* Correlation length       =   1.193382151756E+00
* log10 Psi^2 range: -85.561153567940224 -- -59.150801297075851
* log10 Pgen range : -85.561153567940224 -- -59.150801297075851
* Site occupation (ave. no. electrons per config.):
  > Site_  ___eu____  ___ed____
      1        0.464      0.535
      2        0.536      0.465
      3        0.466      0.535
      4        0.535      0.465
      5        0.464      0.536
      6        0.535      0.465
      7        0.467      0.534
      8        0.534      0.466
      9        0.466      0.534
     10        0.535      0.466
     11        0.536      0.465
     12        0.464      0.535
     13        0.535      0.464
     14        0.466      0.533
     15        0.535      0.466
     16        0.464      0.535
     17        0.535      0.465
     18        0.466      0.535
     19        0.535      0.465
     20        0.466      0.533
     21        0.465      0.534
     22        0.534      0.467
     23        0.466      0.534
     24        0.535      0.466
     25        0.465      0.535
     26        0.534      0.466
     27        0.465      0.535
     28        0.534      0.465
     29        0.465      0.534
     30        0.533      0.466
     31        0.535      0.466
     32        0.466      0.533
     33        0.534      0.467
     34        0.464      0.534
     35        0.535      0.465
     36        0.467      0.533
     37        0.534      0.466
     38        0.465      0.534
     39        0.535      0.465
     40        0.464      0.536
     41        0.465      0.534
     42        0.534      0.465
     43        0.466      0.534
     44        0.535      0.466
     45        0.465      0.535
     46        0.535      0.465
     47        0.465      0.536
     48        0.535      0.465
     49        0.464      0.536
     50        0.536      0.464
* Pair-correlation analysis (ave. no. pairs per config.):
  > Shell  nsite  ___dh____  __eueu___  __eued___
      0      1        0          0          1.798
      1      4        1.781     11.155     87.206
      2      4        0.299     85.283     14.627
      3      4        0.281     85.403     14.565
      4      8        0.539     29.117    170.855
      5      4        0.260     85.393     14.605
      6      4        0.261     14.617     85.375
      7      8        0.515    170.773     29.233
      8      4        0.263     14.601     85.394
      9      4        0.256     85.329     14.669
     10      4        0.257     14.648     85.352
     11      1        0.063      3.679     21.322

Optimization #9:
* Method          : lls
* Target function : energy
* No. of configs. : 100096
* No. of params.  : 77
* Before optimization:
  -7.6926E+00   2.7235E-01   4.8514E-01   3.8234E-01   3.1464E-01   2.6441E-01
   2.2304E-01   2.1451E-01   2.1608E-01   1.4219E-01   1.5164E-01   1.1147E-01
  -3.5480E-01  -1.7123E-01  -2.1148E-01  -8.3910E-02  -1.5062E-01  -7.9531E-02
  -2.4322E-01  -1.8673E-01  -4.7960E-02  -1.0343E-01  -1.3650E-01  -1.6357E-01
  -4.9051E-02  -9.1857E-02  -1.1898E-01  -1.7706E-01   4.4660E-02  -1.0186E-01
  -6.2270E-02  -1.3377E-01   9.2818E-03   3.9004E-02  -3.1195E-03   4.0298E-03
  -1.1875E-03   4.6296E-04   1.9636E-03  -1.4203E-03   3.2506E-03  -3.7313E-04
   1.1808E-03   1.8925E-03   8.9632E-03   1.2334E-03   2.8178E-03   4.6186E-04
   4.3855E-04   3.8939E-05  -2.0786E-03   2.5891E-03  -2.8154E-03  -4.7459E-04
  -3.4303E-03   9.3598E-01  -4.9972E-01   9.5371E-02   8.6046E-02   4.4168E-02
   9.4616E-02   5.9660E-02   2.4017E-01   4.3986E-01  -3.3231E-01  -2.7912E-01
   4.5244E-01  -1.6562E-01   1.3464E-01   1.2475E-01   3.7072E-02  -8.0250E-02
  -4.9973E-02   1.1380E-01   1.0241E-01  -3.4034E-01  -5.9058E-01
  > E    =  -2.084738011029E+01 +/-   8.002087345021E-03
  > varE =   6.409487394316E+00
* Computing derivatives.
    [walltime: 1m1s elapsed, 4m9s remaining]
  Done. [total walltime: 5m11s]
* Optimizing manipulation constant:
  #igrid a___________ E____________________________________ varE____________
     1     Infinity    -2.08473801E+01 +/-   8.00208735E-03   6.40948739E+00
     2     1.0000E+06  -2.08473804E+01 +/-   8.00208206E-03   6.40947893E+00
     3     2.1544E+05  -2.08473810E+01 +/-   8.00203338E-03   6.40940094E+00
     4     4.6416E+04  -2.08473715E+01 +/-   8.00120013E-03   6.40806620E+00
     5     1.0000E+04  -2.08469001E+01 +/-   7.98504605E-03   6.38221710E+00
     6     2.1544E+03  -2.07391547E+01 +/-   8.35502037E-03   6.98733794E+00
     7     4.6416E+02  -1.11233847E+01 +/-   3.39506003E-02   1.15374980E+02
     8     1.0000E+02 (error)
     9     2.1544E+01 (error)
    10     4.6416E+00 (error)
    11     1.0000E+00 (error)
    12     2.1544E-01 (error)
    13     4.6416E-02 (error)
    14     1.0000E-02 (error)
    15     2.1544E-03 (error)
    16     4.6416E-04 (error)
    17     1.0000E-04 (error)
    18     2.1544E-05 (error)
    19     4.6416E-06 (error)
    20     1.0000E-06 (error)
    21     0.0000E+00 (error)
  ParMin   4.0436E+05  -2.08473807E+01 +/-   8.00206794E-03   6.40945631E+00
  # Using grid point #3
* Iteration # 1: E =  -2.084738096014E+01 +/-   8.002033376065E-03
* Convergence: exiting.
* After optimization:
  -7.6876E+00   2.7235E-01   4.8514E-01   3.8234E-01   3.1464E-01   2.6441E-01
   2.2304E-01   2.1451E-01   2.1608E-01   1.4219E-01   1.5164E-01   1.1147E-01
  -3.5480E-01  -1.7123E-01  -2.1148E-01  -8.3911E-02  -1.5062E-01  -7.9532E-02
  -2.4322E-01  -1.8673E-01  -4.7960E-02  -1.0343E-01  -1.3650E-01  -1.6357E-01
  -4.9051E-02  -9.1857E-02  -1.1898E-01  -1.7706E-01   4.4660E-02  -1.0186E-01
  -6.2271E-02  -1.3377E-01   9.2584E-03   3.8906E-02  -3.1116E-03   4.0197E-03
  -1.1845E-03   4.6183E-04   1.9586E-03  -1.4166E-03   3.2423E-03  -3.7203E-04
   1.1778E-03   1.8879E-03   8.9405E-03   1.2303E-03   2.8107E-03   4.6070E-04
   4.3746E-04   3.8790E-05  -2.0733E-03   2.5825E-03  -2.8083E-03  -4.7343E-04
  -3.4216E-03   9.3599E-01  -4.9972E-01   9.5372E-02   8.6047E-02   4.4169E-02
   9.4619E-02   5.9661E-02   2.4017E-01   4.3986E-01  -3.3231E-01  -2.7912E-01
   4.5244E-01  -1.6562E-01   1.3464E-01   1.2475E-01   3.7073E-02  -8.0250E-02
  -4.9974E-02   1.1380E-01   1.0240E-01  -3.4034E-01  -5.9059E-01
  > Energy =  -2.084738096014E+01 +/-   8.002033376065E-03
  > varE =   6.409400938828E+00

VMC #10:
* Size of Hilbert space =   1.5980E+28
* Number of equil. steps   = 1000
* Running VMC equilibration.
  Done. [total walltime: 2.89s]
* Equil. acc.ratio (%)     =   2.0739
* Sample config after equilibration:
  +-------------------+
  |  d   d   2   d   d|
  |u   0   0   u   u  |
  |  2   d   d   d   d|
  |0   u   u   u   u  |
  |  d   d   d   d   2|
  |u   u   d   u   u  |
  |  d   d   u   d   d|
  |u   u   u   u   u  |
  |  d   d   d   2   d|
  |u   u   u   u   0  |
  +-------------------+
* Number of accum. steps   = 500480 x 10
* Running VMC accumulation.
    [walltime: 1m elapsed, 16.5s remaining]
  Done. [total walltime: 1m16s]
* Acceptance ratio (%)     =   1.6826
* Etot/t                   =  -2.083977095711E+01 +/-   3.890649196810E-03
  > Ttot/t                 =  -3.877725097629E+01 +/-   3.347401221981E-02
  > Utot/t                 =   1.793748001918E+01 +/-   3.306504267875E-02
* var[Eloc/t]              =   6.436680888244E+00 +/-   9.606570014646E-02
* Correlation length       =   1.176979494621E+00
* log10 Psi^2 range: -85.424055739137955 -- -59.151138993146851
* log10 Pgen range : -85.424055739137955 -- -59.151138993146851
* Site occupation (ave. no. electrons per config.):
  > Site_  ___eu____  ___ed____
      1        0.551      0.449
      2        0.448      0.552
      3        0.553      0.447
      4        0.449      0.551
      5        0.551      0.450
      6        0.449      0.549
      7        0.551      0.449
      8        0.451      0.550
      9        0.550      0.448
     10        0.450      0.552
     11        0.449      0.552
     12        0.551      0.448
     13        0.449      0.551
     14        0.551      0.450
     15        0.447      0.552
     16        0.551      0.449
     17        0.450      0.552
     18        0.550      0.449
     19        0.448      0.552
     20        0.550      0.448
     21        0.551      0.450
     22        0.450      0.549
     23        0.552      0.449
     24        0.449      0.551
     25        0.552      0.448
     26        0.449      0.551
     27        0.552      0.448
     28        0.448      0.552
     29        0.551      0.449
     30        0.449      0.551
     31        0.448      0.551
     32        0.550      0.450
     33        0.450      0.551
     34        0.551      0.448
     35        0.449      0.552
     36        0.551      0.448
     37        0.448      0.552
     38        0.551      0.448
     39        0.450      0.551
     40        0.551      0.449
     41        0.551      0.449
     42        0.448      0.552
     43        0.550      0.448
     44        0.450      0.552
     45        0.552      0.448
     46        0.448      0.552
     47        0.552      0.447
     48        0.448      0.553
     49        0.552      0.448
     50        0.449      0.552
* Pair-correlation analysis (ave. no. pairs per config.):
  > Shell  nsite  ___dh____  __eueu___  __eued___
      0      1        0          0          1.799
      1      4        1.780     11.156     87.206
      2      4        0.299     85.284     14.623
      3      4        0.282     85.397     14.570
      4      8        0.536     29.123    170.852
      5      4        0.260     85.393     14.604
      6      4        0.261     14.620     85.379
      7      8        0.520    170.763     29.232
      8      4        0.260     14.602     85.395
      9      4        0.260     85.327     14.671
     10      4        0.258     14.654     85.347
     11      1        0.065      3.680     21.319

Optimization #10:
* Method          : lls
* Target function : energy
* No. of configs. : 100096
* No. of params.  : 77
* Before optimization:
  -7.6876E+00   2.7235E-01   4.8514E-01   3.8234E-01   3.1464E-01   2.6441E-01
   2.2304E-01   2.1451E-01   2.1608E-01   1.4219E-01   1.5164E-01   1.1147E-01
  -3.5480E-01  -1.7123E-01  -2.1148E-01  -8.3911E-02  -1.5062E-01  -7.9532E-02
  -2.4322E-01  -1.8673E-01  -4.7960E-02  -1.0343E-01  -1.3650E-01  -1.6357E-01
  -4.9051E-02  -9.1857E-02  -1.1898E-01  -1.7706E-01   4.4660E-02  -1.0186E-01
  -6.2271E-02  -1.3377E-01   9.2584E-03   3.8906E-02  -3.1116E-03   4.0197E-03
  -1.1845E-03   4.6183E-04   1.9586E-03  -1.4166E-03   3.2423E-03  -3.7203E-04
   1.1778E-03   1.8879E-03   8.9405E-03   1.2303E-03   2.8107E-03   4.6070E-04
   4.3746E-04   3.8790E-05  -2.0733E-03   2.5825E-03  -2.8083E-03  -4.7343E-04
  -3.4216E-03   9.3599E-01  -4.9972E-01   9.5372E-02   8.6047E-02   4.4169E-02
   9.4619E-02   5.9661E-02   2.4017E-01   4.3986E-01  -3.3231E-01  -2.7912E-01
   4.5244E-01  -1.6562E-01   1.3464E-01   1.2475E-01   3.7073E-02  -8.0250E-02
  -4.9974E-02   1.1380E-01   1.0240E-01  -3.4034E-01  -5.9059E-01
  > E    =  -2.084233655491E+01 +/-   8.221959413694E-03
  > varE =   6.766551319237E+00
* Computing derivatives.
    [walltime: 1m1s elapsed, 4m9s remaining]
  Done. [total walltime: 5m13s]
* Optimizing manipulation constant:
  #igrid a___________ E____________________________________ varE____________
     1     Infinity    -2.08423366E+01 +/-   8.22195941E-03   6.76655132E+00
     2     1.0000E+06  -2.08423370E+01 +/-   8.22195389E-03   6.76654223E+00
     3     2.1544E+05  -2.08423384E+01 +/-   8.22193376E-03   6.76650910E+00
     4     4.6416E+04  -2.08423451E+01 +/-   8.22183991E-03   6.76635463E+00
     5     1.0000E+04  -2.08423758E+01 +/-   8.22139535E-03   6.76562291E+00
     6     2.1544E+03  -2.08425121E+01 +/-   8.21914297E-03   6.76191633E+00
     7     4.6416E+02  -2.08430005E+01 +/-   8.20509115E-03   6.73881514E+00
     8     1.0000E+02  -2.08393727E+01 +/-   8.11786444E-03   6.59629868E+00
     9     2.1544E+01  -2.05798688E+01 +/-   9.29788814E-03   8.65337166E+00
    10     4.6416E+00  -1.91236778E+01 +/-   1.57613395E-02   2.48658306E+01
    11     1.0000E+00  -1.80127271E+01 +/-   1.94230552E-02   3.77617238E+01
    12     2.1544E-01  -1.76919517E+01 +/-   2.03695876E-02   4.15318421E+01
    13     4.6416E-02  -1.76176351E+01 +/-   2.05842074E-02   4.24116356E+01
    14     1.0000E-02  -1.76013009E+01 +/-   2.06311878E-02   4.26054531E+01
    15     2.1544E-03  -1.75977653E+01 +/-   2.06413485E-02   4.26474290E+01
    16     4.6416E-04  -1.75970027E+01 +/-   2.06435394E-02   4.26564828E+01
    17     1.0000E-04  -1.75968384E+01 +/-   2.06440115E-02   4.26584339E+01
    18     2.1544E-05  -1.75968030E+01 +/-   2.06441132E-02   4.26588543E+01
    19     4.6416E-06  -1.75967954E+01 +/-   2.06441351E-02   4.26589448E+01
    20     1.0000E-06  -1.75967938E+01 +/-   2.06441399E-02   4.26589644E+01
    21     0.0000E+00  -1.75967933E+01 +/-   2.06441411E-02   4.26589697E+01
  ParMin   8.1139E+02  -2.08427645E+01 +/-   8.21343527E-03   6.75252810E+00
  # Using grid point #7
* Iteration # 1: E =  -2.084300050354E+01 +/-   8.205091149766E-03
* Diminishing returns: exiting.
* After optimization:
  -7.6574E+00   2.6982E-01   4.8324E-01   3.8071E-01   3.1284E-01   2.6258E-01
   2.2140E-01   2.1294E-01   2.1429E-01   1.4029E-01   1.4984E-01   1.0910E-01
  -3.5338E-01  -1.6975E-01  -2.1092E-01  -8.3086E-02  -1.5019E-01  -7.8745E-02
  -2.4245E-01  -1.8541E-01  -4.7141E-02  -1.0218E-01  -1.3600E-01  -1.6248E-01
  -4.8534E-02  -9.0847E-02  -1.1850E-01  -1.7601E-01   4.5108E-02  -1.0078E-01
  -6.1299E-02  -1.3245E-01   9.5405E-03   4.0142E-02  -3.1974E-03   4.1511E-03
  -1.2382E-03   5.0705E-04   2.0300E-03  -1.4814E-03   3.3479E-03  -3.8752E-04
   1.1955E-03   2.0270E-03   9.2366E-03   1.2956E-03   2.9222E-03   4.8528E-04
   4.7444E-04   3.3613E-05  -2.1361E-03   2.6577E-03  -2.9169E-03  -5.1364E-04
  -3.5360E-03   9.3885E-01  -5.0203E-01   9.5989E-02   8.4916E-02   4.5114E-02
   9.6899E-02   5.8414E-02   2.4155E-01   4.3901E-01  -3.3384E-01  -2.7111E-01
   4.5461E-01  -1.6407E-01   1.3623E-01   1.2533E-01   3.8093E-02  -7.9863E-02
  -5.0862E-02   1.1474E-01   9.8553E-02  -3.4197E-01  -5.8862E-01
  > Energy =  -2.084300050354E+01 +/-   8.205091149766E-03
  > varE =   6.738815135591E+00

VMC #11:
* Size of Hilbert space =   1.5980E+28
* Number of equil. steps   = 1000
* Running VMC equilibration.
  Done. [total walltime: 2.90s]
* Equil. acc.ratio (%)     =   2.0402
* Sample config after equilibration:
  +-------------------+
  |  u   u   u   u   u|
  |d   d   d   d   d  |
  |  u   u   u   u   u|
  |d   d   d   d   d  |
  |  0   u   u   u   u|
  |2   d   d   d   d  |
  |  u   u   u   u   u|
  |d   d   d   d   d  |
  |  u   u   u   u   u|
  |d   d   d   d   d  |
  +-------------------+
* Number of accum. steps   = 500480 x 10
* Running VMC accumulation.
    [walltime: 1m elapsed, 16.8s remaining]
  Done. [total walltime: 1m16s]
* Acceptance ratio (%)     =   1.6875
* Etot/t                   =  -2.084450814422E+01 +/-   3.827204330305E-03
  > Ttot/t                 =  -3.885591719154E+01 +/-   3.403784716277E-02
  > Utot/t                 =   1.801140904731E+01 +/-   3.360924923429E-02
* var[Eloc/t]              =   6.500399021499E+00 +/-   9.152463298045E-02
* Correlation length       =   1.127742660926E+00
* log10 Psi^2 range: -85.198425442977054 -- -58.107589010678637
* log10 Pgen range : -85.198425442977054 -- -58.107589010678637
* Site occupation (ave. no. electrons per config.):
  > Site_  ___eu____  ___ed____
      1        0.526      0.475
      2        0.473      0.527
      3        0.525      0.475
      4        0.475      0.524
      5        0.526      0.474
      6        0.474      0.526
      7        0.526      0.473
      8        0.473      0.526
      9        0.525      0.475
     10        0.475      0.525
     11        0.472      0.527
     12        0.526      0.475
     13        0.474      0.525
     14        0.526      0.474
     15        0.474      0.527
     16        0.526      0.474
     17        0.474      0.526
     18        0.526      0.475
     19        0.476      0.525
     20        0.527      0.472
     21        0.527      0.474
     22        0.474      0.524
     23        0.527      0.475
     24        0.474      0.526
     25        0.525      0.474
     26        0.475      0.525
     27        0.526      0.474
     28        0.474      0.525
     29        0.527      0.475
     30        0.474      0.526
     31        0.474      0.526
     32        0.525      0.475
     33        0.474      0.525
     34        0.525      0.474
     35        0.473      0.526
     36        0.527      0.473
     37        0.474      0.526
     38        0.526      0.474
     39        0.473      0.527
     40        0.528      0.473
     41        0.525      0.475
     42        0.475      0.526
     43        0.525      0.475
     44        0.477      0.525
     45        0.525      0.475
     46        0.474      0.526
     47        0.527      0.473
     48        0.474      0.525
     49        0.526      0.474
     50        0.473      0.526
* Pair-correlation analysis (ave. no. pairs per config.):
  > Shell  nsite  ___dh____  __eueu___  __eued___
      0      1        0          0          1.802
      1      4        1.783     11.185     87.175
      2      4        0.301     85.240     14.669
      3      4        0.285     85.361     14.601
      4      8        0.537     29.210    170.766
      5      4        0.262     85.352     14.646
      6      4        0.260     14.662     85.339
      7      8        0.523    170.679     29.316
      8      4        0.261     14.645     85.354
      9      4        0.263     85.291     14.703
     10      4        0.258     14.686     85.318
     11      1        0.063      3.690     21.312

Optimization #11:
* Method          : lls
* Target function : energy
* No. of configs. : 100096
* No. of params.  : 77
* Before optimization:
  -7.6574E+00   2.6982E-01   4.8324E-01   3.8071E-01   3.1284E-01   2.6258E-01
   2.2140E-01   2.1294E-01   2.1429E-01   1.4029E-01   1.4984E-01   1.0910E-01
  -3.5338E-01  -1.6975E-01  -2.1092E-01  -8.3086E-02  -1.5019E-01  -7.8745E-02
  -2.4245E-01  -1.8541E-01  -4.7141E-02  -1.0218E-01  -1.3600E-01  -1.6248E-01
  -4.8534E-02  -9.0847E-02  -1.1850E-01  -1.7601E-01   4.5108E-02  -1.0078E-01
  -6.1299E-02  -1.3245E-01   9.5405E-03   4.0142E-02  -3.1974E-03   4.1511E-03
  -1.2382E-03   5.0705E-04   2.0300E-03  -1.4814E-03   3.3479E-03  -3.8752E-04
   1.1955E-03   2.0270E-03   9.2366E-03   1.2956E-03   2.9222E-03   4.8528E-04
   4.7444E-04   3.3613E-05  -2.1361E-03   2.6577E-03  -2.9169E-03  -5.1364E-04
  -3.5360E-03   9.3885E-01  -5.0203E-01   9.5989E-02   8.4916E-02   4.5114E-02
   9.6899E-02   5.8414E-02   2.4155E-01   4.3901E-01  -3.3384E-01  -2.7111E-01
   4.5461E-01  -1.6407E-01   1.3623E-01   1.2533E-01   3.8093E-02  -7.9863E-02
  -5.0862E-02   1.1474E-01   9.8553E-02  -3.4197E-01  -5.8862E-01
  > E    =  -2.083732151446E+01 +/-   8.117601201020E-03
  > varE =   6.595870889009E+00
* Computing derivatives.
    [walltime: 1m1s elapsed, 4m13s remaining]
  Done. [total walltime: 5m13s]
* Optimizing manipulation constant:
  #igrid a___________ E____________________________________ varE____________
     1     Infinity    -2.08373215E+01 +/-   8.11760120E-03   6.59587089E+00
     2     1.0000E+06  -2.08373219E+01 +/-   8.11759767E-03   6.59586516E+00
     3     2.1544E+05  -2.08373234E+01 +/-   8.11758483E-03   6.59584429E+00
     4     4.6416E+04  -2.08373302E+01 +/-   8.11752515E-03   6.59574731E+00
     5     1.0000E+04  -2.08373615E+01 +/-   8.11724681E-03   6.59529498E+00
     6     2.1544E+03  -2.08375045E+01 +/-   8.11592642E-03   6.59314952E+00
     7     4.6416E+02  -2.08381176E+01 +/-   8.10924319E-03   6.58229545E+00
     8     1.0000E+02  -2.08399655E+01 +/-   8.07211068E-03   6.52215234E+00
     9     2.1544E+01  -2.08387357E+01 +/-   7.98040971E-03   6.37480786E+00
    10     4.6416E+00  -2.07217828E+01 +/-   8.46809000E-03   7.17773885E+00
    11     1.0000E+00  -2.76282618E-01 +/-   4.73078749E-02   2.24018354E+02
    12     2.1544E-01  -4.10701799E-16 +/-   4.75832100E-02   2.26633547E+02
    13     4.6416E-02  -9.47645832-101 +/-   4.35045858E-28   1.89446593E-50
    14     1.0000E-02   0.00000000E+00 +/-   0.00000000E+00   0.00000000E+00
    15     2.1544E-03   0.00000000E+00 +/-   0.00000000E+00   0.00000000E+00
    16     4.6416E-04   0.00000000E+00 +/-   0.00000000E+00   0.00000000E+00
    17     1.0000E-04   0.00000000E+00 +/-   0.00000000E+00   0.00000000E+00
    18     2.1544E-05   0.00000000E+00 +/-   0.00000000E+00   0.00000000E+00
    19     4.6416E-06   0.00000000E+00 +/-   0.00000000E+00   0.00000000E+00
    20     1.0000E-06   0.00000000E+00 +/-   0.00000000E+00   0.00000000E+00
    21     0.0000E+00   0.00000000E+00 +/-   0.00000000E+00   0.00000000E+00
  ParMin   7.6750E+01  -2.08402549E+01 +/-   8.05783868E-03   6.49910959E+00
  # Using parabolic minimum
* Iteration # 1: E =  -2.084025493748E+01 +/-   8.057838684944E-03
* Computing derivatives.
    [walltime: 1m1s elapsed, 4m13s remaining]
  Done. [total walltime: 5m12s]
* Optimizing manipulation constant:
  #igrid a___________ E____________________________________ varE____________
     1     Infinity    -2.08402549E+01 +/-   8.05783868E-03   6.49910959E+00
     2     1.0000E+06  -2.08402293E+01 +/-   8.05753904E-03   6.49862624E+00
     3     2.1544E+05  -2.08396230E+01 +/-   8.05173844E-03   6.48927292E+00
     4     4.6416E+04  -2.07899767E+01 +/-   8.18516519E-03   6.70612463E+00
     5     1.0000E+04  -1.25566749E+00 +/-   4.63519121E-02   2.15056231E+02
     6     2.1544E+03 (error)
     7     4.6416E+02 (error)
     8     1.0000E+02 (error)
     9     2.1544E+01 (error)
    10     4.6416E+00 (error)
    11     1.0000E+00 (error)
    12     2.1544E-01 (error)
    13     4.6416E-02 (error)
    14     1.0000E-02 (error)
    15     2.1544E-03 (error)
    16     4.6416E-04 (error)
    17     1.0000E-04 (error)
    18     2.1544E-05 (error)
    19     4.6416E-06 (error)
    20     1.0000E-06 (error)
    21     0.0000E+00 (error)
* Iteration # 2: E =  -2.084025493748E+01 +/-   8.057838684944E-03
* Convergence: exiting.
* After optimization:
  -7.7294E+00   2.6952E-01   4.8592E-01   3.8452E-01   3.1837E-01   2.6979E-01
   2.2600E-01   2.1895E-01   2.2182E-01   1.4504E-01   1.5513E-01   1.1038E-01
  -3.5305E-01  -1.6867E-01  -2.1460E-01  -8.6029E-02  -1.5477E-01  -8.1806E-02
  -2.4319E-01  -1.8448E-01  -5.4576E-02  -1.0882E-01  -1.3684E-01  -1.6215E-01
  -5.4720E-02  -9.6032E-02  -1.1980E-01  -1.7625E-01   4.0488E-02  -1.0369E-01
  -6.1488E-02  -1.3212E-01   8.9459E-03   3.7032E-02  -2.8069E-03   4.0102E-03
  -1.1797E-03   5.7117E-04   1.9099E-03  -1.3342E-03   3.1049E-03  -3.2237E-04
   1.1857E-03   2.5323E-03   8.6300E-03   1.4589E-03   2.8976E-03   5.0677E-04
   5.0692E-04  -8.7866E-05  -1.9393E-03   2.4459E-03  -2.9712E-03  -6.0299E-04
  -3.1295E-03   9.3119E-01  -4.9921E-01   1.0439E-01   8.2441E-02   5.3358E-02
   1.0800E-01   5.2584E-02   2.4793E-01   4.3503E-01  -3.2839E-01  -2.2768E-01
   4.5901E-01  -1.4973E-01   1.4655E-01   1.2706E-01   4.5384E-02  -7.5350E-02
  -5.5784E-02   1.1849E-01   8.0572E-02  -3.4303E-01  -5.8054E-01
  > Energy =  -2.084025493748E+01 +/-   8.057838684944E-03
  > varE =   6.499109588628E+00

VMC #12:
* Size of Hilbert space =   1.5980E+28
* Number of equil. steps   = 1000
* Running VMC equilibration.
  Done. [total walltime: 2.90s]
* Equil. acc.ratio (%)     =   2.0425
* Sample config after equilibration:
  +-------------------+
  |  u   u   u   u   u|
  |d   d   d   d   0  |
  |  u   u   u   u   2|
  |d   d   d   d   d  |
  |  u   u   u   u   u|
  |d   d   d   d   d  |
  |  u   u   u   u   u|
  |d   d   d   d   d  |
  |  u   u   u   u   u|
  |d   d   d   d   d  |
  +-------------------+
* Number of accum. steps   = 500480 x 10
* Running VMC accumulation.
    [walltime: 1m elapsed, 16.4s remaining]
  Done. [total walltime: 1m16s]
* Acceptance ratio (%)     =   1.6659
* Etot/t                   =  -2.084653828227E+01 +/-   3.938957636316E-03
  > Ttot/t                 =  -3.864169493189E+01 +/-   3.465274173418E-02
  > Utot/t                 =   1.779515664962E+01 +/-   3.389141608737E-02
* var[Eloc/t]              =   6.547649650571E+00 +/-   1.630700841729E-01
* Correlation length       =   1.185943266765E+00
* log10 Psi^2 range: -90.591768528506577 -- -60.385535589291138
* log10 Pgen range : -90.591768528506577 -- -60.385535589291138
* Site occupation (ave. no. electrons per config.):
  > Site_  ___eu____  ___ed____
      1        0.518      0.482
      2        0.482      0.519
      3        0.516      0.482
      4        0.483      0.517
      5        0.518      0.482
      6        0.482      0.517
      7        0.519      0.483
      8        0.483      0.519
      9        0.518      0.481
     10        0.483      0.516
     11        0.482      0.517
     12        0.518      0.482
     13        0.483      0.519
     14        0.518      0.482
     15        0.481      0.519
     16        0.518      0.481
     17        0.483      0.519
     18        0.516      0.483
     19        0.483      0.518
     20        0.517      0.484
     21        0.518      0.482
     22        0.481      0.520
     23        0.518      0.482
     24        0.483      0.517
     25        0.516      0.485
     26        0.483      0.516
     27        0.518      0.482
     28        0.484      0.516
     29        0.517      0.484
     30        0.483      0.517
     31        0.483      0.516
     32        0.518      0.482
     33        0.483      0.517
     34        0.518      0.483
     35        0.483      0.518
     36        0.517      0.482
     37        0.483      0.517
     38        0.517      0.483
     39        0.483      0.518
     40        0.517      0.483
     41        0.518      0.483
     42        0.482      0.518
     43        0.516      0.482
     44        0.483      0.517
     45        0.517      0.483
     46        0.483      0.518
     47        0.516      0.483
     48        0.482      0.517
     49        0.519      0.482
     50        0.481      0.518
* Pair-correlation analysis (ave. no. pairs per config.):
  > Shell  nsite  ___dh____  __eueu___  __eued___
      0      1        0          0          1.781
      1      4        1.762     11.085     87.297
      2      4        0.297     85.374     14.533
      3      4        0.281     85.492     14.473
      4      8        0.525     28.952    171.028
      5      4        0.257     85.470     14.522
      6      4        0.257     14.531     85.466
      7      8        0.512    170.929     29.063
      8      4        0.254     14.529     85.473
      9      4        0.251     85.422     14.578
     10      4        0.252     14.559     85.442
     11      1        0.062      3.658     21.343

Optimization #12:
* Method          : lls
* Target function : energy
* No. of configs. : 100096
* No. of params.  : 77
* Before optimization:
  -7.7294E+00   2.6952E-01   4.8592E-01   3.8452E-01   3.1837E-01   2.6979E-01
   2.2600E-01   2.1895E-01   2.2182E-01   1.4504E-01   1.5513E-01   1.1038E-01
  -3.5305E-01  -1.6867E-01  -2.1460E-01  -8.6029E-02  -1.5477E-01  -8.1806E-02
  -2.4319E-01  -1.8448E-01  -5.4576E-02  -1.0882E-01  -1.3684E-01  -1.6215E-01
  -5.4720E-02  -9.6032E-02  -1.1980E-01  -1.7625E-01   4.0488E-02  -1.0369E-01
  -6.1488E-02  -1.3212E-01   8.9459E-03   3.7032E-02  -2.8069E-03   4.0102E-03
  -1.1797E-03   5.7117E-04   1.9099E-03  -1.3342E-03   3.1049E-03  -3.2237E-04
   1.1857E-03   2.5323E-03   8.6300E-03   1.4589E-03   2.8976E-03   5.0677E-04
   5.0692E-04  -8.7866E-05  -1.9393E-03   2.4459E-03  -2.9712E-03  -6.0299E-04
  -3.1295E-03   9.3119E-01  -4.9921E-01   1.0439E-01   8.2441E-02   5.3358E-02
   1.0800E-01   5.2584E-02   2.4793E-01   4.3503E-01  -3.2839E-01  -2.2768E-01
   4.5901E-01  -1.4973E-01   1.4655E-01   1.2706E-01   4.5384E-02  -7.5350E-02
  -5.5784E-02   1.1849E-01   8.0572E-02  -3.4303E-01  -5.8054E-01
  > E    =  -2.085456792386E+01 +/-   8.156405371209E-03
  > varE =   6.659081445012E+00
* Computing derivatives.
    [walltime: 1m1s elapsed, 4m8s remaining]
  Done. [total walltime: 5m12s]
* Optimizing manipulation constant:
  #igrid a___________ E____________________________________ varE____________
     1     Infinity    -2.08545679E+01 +/-   8.15640537E-03   6.65908145E+00
     2     1.0000E+06  -2.08545681E+01 +/-   8.15639888E-03   6.65907085E+00
     3     2.1544E+05  -2.08545638E+01 +/-   8.15631937E-03   6.65894101E+00
     4     4.6416E+04  -2.08544412E+01 +/-   8.15480695E-03   6.65647172E+00
     5     1.0000E+04  -2.08502508E+01 +/-   8.13158525E-03   6.61861564E+00
     6     2.1544E+03  -1.98722562E+01 +/-   1.28434007E-02   1.65111297E+01
     7     4.6416E+02 (error)
     8     1.0000E+02 (error)
     9     2.1544E+01 (error)
    10     4.6416E+00 (error)
    11     1.0000E+00 (error)
    12     2.1544E-01 (error)
    13     4.6416E-02 (error)
    14     1.0000E-02   0.00000000E+00 +/-   0.00000000E+00   0.00000000E+00
    15     2.1544E-03   0.00000000E+00 +/-   0.00000000E+00   0.00000000E+00
    16     4.6416E-04   0.00000000E+00 +/-   0.00000000E+00   0.00000000E+00
    17     1.0000E-04   0.00000000E+00 +/-   0.00000000E+00   0.00000000E+00
    18     2.1544E-05   0.00000000E+00 +/-   0.00000000E+00   0.00000000E+00
    19     4.6416E-06   0.00000000E+00 +/-   0.00000000E+00   0.00000000E+00
    20     1.0000E-06   0.00000000E+00 +/-   0.00000000E+00   0.00000000E+00
    21     0.0000E+00   0.00000000E+00 +/-   0.00000000E+00   0.00000000E+00
  ParMin   2.0259E+06  -2.08545681E+01 +/-   8.15640299E-03   6.65907756E+00
  # Using grid point #2
* Iteration # 1: E =  -2.085456807294E+01 +/-   8.156398881296E-03
* Convergence: exiting.
* After optimization:
  -7.7275E+00   2.6952E-01   4.8592E-01   3.8451E-01   3.1836E-01   2.6979E-01
   2.2600E-01   2.1895E-01   2.2182E-01   1.4504E-01   1.5513E-01   1.1037E-01
  -3.5305E-01  -1.6867E-01  -2.1460E-01  -8.6028E-02  -1.5477E-01  -8.1806E-02
  -2.4319E-01  -1.8448E-01  -5.4576E-02  -1.0882E-01  -1.3684E-01  -1.6215E-01
  -5.4719E-02  -9.6031E-02  -1.1980E-01  -1.7625E-01   4.0489E-02  -1.0369E-01
  -6.1488E-02  -1.3212E-01   8.9377E-03   3.6998E-02  -2.8044E-03   4.0065E-03
  -1.1786E-03   5.7067E-04   1.9082E-03  -1.3330E-03   3.1021E-03  -3.2207E-04
   1.1846E-03   2.5300E-03   8.6222E-03   1.4576E-03   2.8949E-03   5.0630E-04
   5.0646E-04  -8.7796E-05  -1.9376E-03   2.4437E-03  -2.9685E-03  -6.0244E-04
  -3.1266E-03   9.3119E-01  -4.9921E-01   1.0439E-01   8.2440E-02   5.3359E-02
   1.0800E-01   5.2584E-02   2.4793E-01   4.3503E-01  -3.2840E-01  -2.2768E-01
   4.5901E-01  -1.4973E-01   1.4655E-01   1.2706E-01   4.5384E-02  -7.5350E-02
  -5.5784E-02   1.1849E-01   8.0572E-02  -3.4303E-01  -5.8054E-01
  > Energy =  -2.085456807294E+01 +/-   8.156398881296E-03
  > varE =   6.659070847981E+00

VMC #13:
* Size of Hilbert space =   1.5980E+28
* Number of equil. steps   = 1000
* Running VMC equilibration.
  Done. [total walltime: 2.89s]
* Equil. acc.ratio (%)     =   2.0262
* Sample config after equilibration:
  +-------------------+
  |  u   d   d   d   d|
  |u   d   u   u   u  |
  |  d   d   d   d   d|
  |u   u   u   u   u  |
  |  d   d   2   d   d|
  |u   u   0   u   u  |
  |  d   d   d   d   d|
  |u   u   u   u   u  |
  |  d   d   d   d   d|
  |u   u   u   u   u  |
  +-------------------+
* Number of accum. steps   = 500480 x 10
* Running VMC accumulation.
    [walltime: 1m elapsed, 16.2s remaining]
  Done. [total walltime: 1m16s]
* Acceptance ratio (%)     =   1.6704
* Etot/t                   =  -2.084804353090E+01 +/-   3.829274434558E-03
  > Ttot/t                 =  -3.869790766132E+01 +/-   3.375199160624E-02
  > Utot/t                 =   1.784986413043E+01 +/-   3.320938445698E-02
* var[Eloc/t]              =   6.507583988235E+00 +/-   1.552450355071E-01
* Correlation length       =   1.127716486693E+00
* log10 Psi^2 range: -86.478188610086164 -- -60.385105463298316
* log10 Pgen range : -86.478188610086164 -- -60.385105463298316
* Site occupation (ave. no. electrons per config.):
  > Site_  ___eu____  ___ed____
      1        0.533      0.467
      2        0.467      0.533
      3        0.533      0.467
      4        0.468      0.532
      5        0.532      0.467
      6        0.470      0.531
      7        0.530      0.469
      8        0.468      0.532
      9        0.531      0.470
     10        0.469      0.532
     11        0.468      0.533
     12        0.532      0.467
     13        0.467      0.533
     14        0.533      0.468
     15        0.469      0.532
     16        0.531      0.469
     17        0.469      0.532
     18        0.531      0.469
     19        0.469      0.531
     20        0.531      0.468
     21        0.533      0.468
     22        0.470      0.531
     23        0.533      0.467
     24        0.468      0.531
     25        0.531      0.468
     26        0.468      0.531
     27        0.531      0.468
     28        0.468      0.531
     29        0.531      0.468
     30        0.468      0.532
     31        0.468      0.532
     32        0.531      0.469
     33        0.468      0.532
     34        0.532      0.467
     35        0.468      0.533
     36        0.533      0.469
     37        0.469      0.532
     38        0.533      0.468
     39        0.470      0.531
     40        0.532      0.468
     41        0.531      0.469
     42        0.469      0.530
     43        0.531      0.469
     44        0.469      0.531
     45        0.531      0.468
     46        0.468      0.532
     47        0.532      0.468
     48        0.467      0.533
     49        0.529      0.468
     50        0.468      0.532
* Pair-correlation analysis (ave. no. pairs per config.):
  > Shell  nsite  ___dh____  __eueu___  __eued___
      0      1        0          0          1.784
      1      4        1.764     11.113     87.267
      2      4        0.299     85.342     14.567
      3      4        0.281     85.460     14.505
      4      8        0.535     29.005    170.967
      5      4        0.259     85.442     14.554
      6      4        0.258     14.559     85.437
      7      8        0.505    170.887     29.121
      8      4        0.258     14.552     85.444
      9      4        0.252     85.390     14.613
     10      4        0.258     14.586     85.407
     11      1        0.063      3.664     21.335

Optimization #13:
* Method          : lls
* Target function : energy
* No. of configs. : 100096
* No. of params.  : 77
* Before optimization:
  -7.7275E+00   2.6952E-01   4.8592E-01   3.8451E-01   3.1836E-01   2.6979E-01
   2.2600E-01   2.1895E-01   2.2182E-01   1.4504E-01   1.5513E-01   1.1037E-01
  -3.5305E-01  -1.6867E-01  -2.1460E-01  -8.6028E-02  -1.5477E-01  -8.1806E-02
  -2.4319E-01  -1.8448E-01  -5.4576E-02  -1.0882E-01  -1.3684E-01  -1.6215E-01
  -5.4719E-02  -9.6031E-02  -1.1980E-01  -1.7625E-01   4.0489E-02  -1.0369E-01
  -6.1488E-02  -1.3212E-01   8.9377E-03   3.6998E-02  -2.8044E-03   4.0065E-03
  -1.1786E-03   5.7067E-04   1.9082E-03  -1.3330E-03   3.1021E-03  -3.2207E-04
   1.1846E-03   2.5300E-03   8.6222E-03   1.4576E-03   2.8949E-03   5.0630E-04
   5.0646E-04  -8.7796E-05  -1.9376E-03   2.4437E-03  -2.9685E-03  -6.0244E-04
  -3.1266E-03   9.3119E-01  -4.9921E-01   1.0439E-01   8.2440E-02   5.3359E-02
   1.0800E-01   5.2584E-02   2.4793E-01   4.3503E-01  -3.2840E-01  -2.2768E-01
   4.5901E-01  -1.4973E-01   1.4655E-01   1.2706E-01   4.5384E-02  -7.5350E-02
  -5.5784E-02   1.1849E-01   8.0572E-02  -3.4303E-01  -5.8054E-01
  > E    =  -2.085313963087E+01 +/-   7.968586001178E-03
  > varE =   6.355932128652E+00
* Computing derivatives.
    [walltime: 1m1s elapsed, 4m19s remaining]
  Done. [total walltime: 5m13s]
* Optimizing manipulation constant:
  #igrid a___________ E____________________________________ varE____________
     1     Infinity    -2.08531396E+01 +/-   7.96858600E-03   6.35593213E+00
     2     1.0000E+06  -2.08531399E+01 +/-   7.96858344E-03   6.35592804E+00
     3     2.1544E+05  -2.08531411E+01 +/-   7.96857408E-03   6.35591311E+00
     4     4.6416E+04  -2.08531464E+01 +/-   7.96853027E-03   6.35584322E+00
     5     1.0000E+04  -2.08531702E+01 +/-   7.96831898E-03   6.35550617E+00
     6     2.1544E+03  -2.08532623E+01 +/-   7.96716781E-03   6.35366996E+00
     7     4.6416E+02  -2.08532675E+01 +/-   7.95847707E-03   6.33981612E+00
     8     1.0000E+02  -2.08296023E+01 +/-   7.97316536E-03   6.36323944E+00
     9     2.1544E+01  -1.75196000E+01 +/-   2.07647100E-02   4.31587109E+01
    10     4.6416E+00  -1.41951285E-01 +/-   4.73336070E-02   2.24262120E+02
    11     1.0000E+00  -2.69748249E-15 +/-   4.74822030E-02   2.25672398E+02
    12     2.1544E-01  -4.46366154E-98 +/-   9.44193391E-27   8.92357000E-48
    13     4.6416E-02   0.00000000E+00 +/-   0.00000000E+00   0.00000000E+00
    14     1.0000E-02   0.00000000E+00 +/-   0.00000000E+00   0.00000000E+00
    15     2.1544E-03   0.00000000E+00 +/-   0.00000000E+00   0.00000000E+00
    16     4.6416E-04   0.00000000E+00 +/-   0.00000000E+00   0.00000000E+00
    17     1.0000E-04   0.00000000E+00 +/-   0.00000000E+00   0.00000000E+00
    18     2.1544E-05   0.00000000E+00 +/-   0.00000000E+00   0.00000000E+00
    19     4.6416E-06   0.00000000E+00 +/-   0.00000000E+00   0.00000000E+00
    20     1.0000E-06   0.00000000E+00 +/-   0.00000000E+00   0.00000000E+00
    21     0.0000E+00   0.00000000E+00 +/-   0.00000000E+00   0.00000000E+00
  ParMin   9.9798E+02  -2.08533423E+01 +/-   7.96496685E-03   6.35016001E+00
  # Using parabolic minimum
* Iteration # 1: E =  -2.085334225747E+01 +/-   7.964966854443E-03
* Diminishing returns: exiting.
* After optimization:
  -7.7663E+00   2.6942E-01   4.8590E-01   3.8466E-01   3.1848E-01   2.6990E-01
   2.2616E-01   2.1919E-01   2.2197E-01   1.4514E-01   1.5533E-01   1.1032E-01
  -3.5271E-01  -1.6882E-01  -2.1459E-01  -8.6289E-02  -1.5483E-01  -8.2080E-02
  -2.4307E-01  -1.8449E-01  -5.4642E-02  -1.0906E-01  -1.3692E-01  -1.6235E-01
  -5.4796E-02  -9.6258E-02  -1.1973E-01  -1.7634E-01   4.0572E-02  -1.0366E-01
  -6.1522E-02  -1.3232E-01   9.0950E-03   3.7684E-02  -2.8725E-03   4.0718E-03
  -1.1985E-03   5.7308E-04   1.9442E-03  -1.3678E-03   3.1596E-03  -3.2604E-04
   1.2084E-03   2.5938E-03   8.8084E-03   1.4807E-03   2.9493E-03   5.1861E-04
   5.1426E-04  -8.8846E-05  -1.9769E-03   2.4946E-03  -3.0296E-03  -6.1857E-04
  -3.1767E-03   9.3198E-01  -5.0100E-01   1.0350E-01   8.2481E-02   5.3036E-02
   1.0773E-01   5.2045E-02   2.4827E-01   4.3577E-01  -3.2872E-01  -2.2673E-01
   4.6109E-01  -1.5002E-01   1.4679E-01   1.2739E-01   4.5542E-02  -7.5392E-02
  -5.6036E-02   1.1902E-01   8.0292E-02  -3.4389E-01  -5.8162E-01
  > Energy =  -2.085334225747E+01 +/-   7.964966854443E-03
  > varE =   6.350160006149E+00

VMC #14:
* Size of Hilbert space =   1.5980E+28
* Number of equil. steps   = 1000
* Running VMC equilibration.
  Done. [total walltime: 2.90s]
* Equil. acc.ratio (%)     =   2.0632
* Sample config after equilibration:
  +-------------------+
  |  u   u   u   u   u|
  |d   d   u   d   d  |
  |  u   d   d   u   u|
  |d   u   0   d   d  |
  |  0   2   2   u   u|
  |d   2   d   0   d  |
  |  u   u   u   u   u|
  |d   d   d   d   d  |
  |  u   u   u   u   u|
  |d   d   d   d   d  |
  +-------------------+
* Number of accum. steps   = 500480 x 10
* Running VMC accumulation.
    [walltime: 1m elapsed, 16.5s remaining]
  Done. [total walltime: 1m16s]
* Acceptance ratio (%)     =   1.6714
* Etot/t                   =  -2.084435489294E+01 +/-   4.051421166326E-03
  > Ttot/t                 =  -3.867200035328E+01 +/-   3.490127035516E-02
  > Utot/t                 =   1.782764546036E+01 +/-   3.450283731086E-02
* var[Eloc/t]              =   6.627779439947E+00 +/-   1.543918588314E-01
* Correlation length       =   1.239462709098E+00
* log10 Psi^2 range: -88.542905111308627 -- -60.380216210869264
* log10 Pgen range : -88.542905111308627 -- -60.380216210869264
* Site occupation (ave. no. electrons per config.):
  > Site_  ___eu____  ___ed____
      1        0.491      0.508
      2        0.509      0.491
      3        0.492      0.508
      4        0.509      0.492
      5        0.493      0.507
      6        0.508      0.492
      7        0.491      0.509
      8        0.508      0.494
      9        0.493      0.506
     10        0.507      0.493
     11        0.507      0.493
     12        0.493      0.508
     13        0.507      0.493
     14        0.492      0.509
     15        0.506      0.493
     16        0.493      0.507
     17        0.509      0.491
     18        0.490      0.507
     19        0.508      0.492
     20        0.492      0.507
     21        0.492      0.509
     22        0.508      0.493
     23        0.491      0.508
     24        0.509      0.491
     25        0.494      0.507
     26        0.509      0.491
     27        0.490      0.509
     28        0.510      0.491
     29        0.493      0.509
     30        0.508      0.491
     31        0.508      0.492
     32        0.492      0.506
     33        0.507      0.494
     34        0.491      0.509
     35        0.507      0.492
     36        0.491      0.508
     37        0.508      0.491
     38        0.491      0.509
     39        0.507      0.493
     40        0.492      0.507
     41        0.492      0.507
     42        0.508      0.493
     43        0.493      0.507
     44        0.508      0.492
     45        0.492      0.508
     46        0.508      0.493
     47        0.491      0.509
     48        0.510      0.491
     49        0.492      0.508
     50        0.509      0.490
* Pair-correlation analysis (ave. no. pairs per config.):
  > Shell  nsite  ___dh____  __eueu___  __eued___
      0      1        0          0          1.778
      1      4        1.758     11.121     87.262
      2      4        0.295     85.328     14.582
      3      4        0.278     85.442     14.523
      4      8        0.527     29.042    170.936
      5      4        0.258     85.426     14.567
      6      4        0.256     14.577     85.418
      7      8        0.510    170.845     29.149
      8      4        0.253     14.568     85.433
      9      4        0.252     85.373     14.630
     10      4        0.253     14.608     85.391
     11      1        0.064      3.669     21.330

Optimization #14:
* Method          : lls
* Target function : energy
* No. of configs. : 100096
* No. of params.  : 77
* Before optimization:
  -7.7663E+00   2.6942E-01   4.8590E-01   3.8466E-01   3.1848E-01   2.6990E-01
   2.2616E-01   2.1919E-01   2.2197E-01   1.4514E-01   1.5533E-01   1.1032E-01
  -3.5271E-01  -1.6882E-01  -2.1459E-01  -8.6289E-02  -1.5483E-01  -8.2080E-02
  -2.4307E-01  -1.8449E-01  -5.4642E-02  -1.0906E-01  -1.3692E-01  -1.6235E-01
  -5.4796E-02  -9.6258E-02  -1.1973E-01  -1.7634E-01   4.0572E-02  -1.0366E-01
  -6.1522E-02  -1.3232E-01   9.0950E-03   3.7684E-02  -2.8725E-03   4.0718E-03
  -1.1985E-03   5.7308E-04   1.9442E-03  -1.3678E-03   3.1596E-03  -3.2604E-04
   1.2084E-03   2.5938E-03   8.8084E-03   1.4807E-03   2.9493E-03   5.1861E-04
   5.1426E-04  -8.8846E-05  -1.9769E-03   2.4946E-03  -3.0296E-03  -6.1857E-04
  -3.1767E-03   9.3198E-01  -5.0100E-01   1.0350E-01   8.2481E-02   5.3036E-02
   1.0773E-01   5.2045E-02   2.4827E-01   4.3577E-01  -3.2872E-01  -2.2673E-01
   4.6109E-01  -1.5002E-01   1.4679E-01   1.2739E-01   4.5542E-02  -7.5392E-02
  -5.6036E-02   1.1902E-01   8.0292E-02  -3.4389E-01  -5.8162E-01
  > E    =  -2.084823559497E+01 +/-   8.015950802088E-03
  > varE =   6.431715251007E+00
* Computing derivatives.
    [walltime: 1m1s elapsed, 4m15s remaining]
  Done. [total walltime: 5m12s]
* Optimizing manipulation constant:
  #igrid a___________ E____________________________________ varE____________
     1     Infinity    -2.08482356E+01 +/-   8.01595080E-03   6.43171525E+00
     2     1.0000E+06  -2.08482357E+01 +/-   8.01594742E-03   6.43170982E+00
     3     2.1544E+05  -2.08482331E+01 +/-   8.01590534E-03   6.43164229E+00
     4     4.6416E+04  -2.08481583E+01 +/-   8.01511210E-03   6.43036943E+00
     5     1.0000E+04  -2.08461181E+01 +/-   8.00231299E-03   6.40984887E+00
     6     2.1544E+03  -2.06791245E+01 +/-   8.75655766E-03   7.67509122E+00
     7     4.6416E+02  -1.05687885E+01 +/-   3.46171362E-02   1.19949653E+02
     8     1.0000E+02  -1.73145215E-03 +/-   4.73488382E-02   2.24406472E+02
     9     2.1544E+01  -2.12640350E-24 +/-   4.73536865E-02   2.24452431E+02
    10     4.6416E+00  -1.44814188-194 +/-   5.37929036E-75   2.89645441-144
    11     1.0000E+00   0.00000000E+00 +/-   0.00000000E+00   0.00000000E+00
    12     2.1544E-01   0.00000000E+00 +/-   0.00000000E+00   0.00000000E+00
    13     4.6416E-02   0.00000000E+00 +/-   0.00000000E+00   0.00000000E+00
    14     1.0000E-02   0.00000000E+00 +/-   0.00000000E+00   0.00000000E+00
    15     2.1544E-03   0.00000000E+00 +/-   0.00000000E+00   0.00000000E+00
    16     4.6416E-04   0.00000000E+00 +/-   0.00000000E+00   0.00000000E+00
    17     1.0000E-04   0.00000000E+00 +/-   0.00000000E+00   0.00000000E+00
    18     2.1544E-05   0.00000000E+00 +/-   0.00000000E+00   0.00000000E+00
    19     4.6416E-06   0.00000000E+00 +/-   0.00000000E+00   0.00000000E+00
    20     1.0000E-06   0.00000000E+00 +/-   0.00000000E+00   0.00000000E+00
    21     0.0000E+00   0.00000000E+00 +/-   0.00000000E+00   0.00000000E+00
  ParMin   1.9968E+06  -2.08482357E+01 +/-   8.01594955E-03   6.43171324E+00
  # Using grid point #2
* Iteration # 1: E =  -2.084823571394E+01 +/-   8.015947420136E-03
* Convergence: exiting.
* After optimization:
  -7.7678E+00   2.6942E-01   4.8590E-01   3.8466E-01   3.1848E-01   2.6990E-01
   2.2616E-01   2.1919E-01   2.2197E-01   1.4514E-01   1.5533E-01   1.1032E-01
  -3.5271E-01  -1.6882E-01  -2.1459E-01  -8.6289E-02  -1.5483E-01  -8.2080E-02
  -2.4307E-01  -1.8449E-01  -5.4642E-02  -1.0906E-01  -1.3692E-01  -1.6235E-01
  -5.4796E-02  -9.6258E-02  -1.1974E-01  -1.7634E-01   4.0572E-02  -1.0366E-01
  -6.1522E-02  -1.3232E-01   9.1015E-03   3.7711E-02  -2.8745E-03   4.0748E-03
  -1.1993E-03   5.7351E-04   1.9456E-03  -1.3688E-03   3.1618E-03  -3.2626E-04
   1.2093E-03   2.5957E-03   8.8148E-03   1.4818E-03   2.9514E-03   5.1899E-04
   5.1464E-04  -8.8913E-05  -1.9783E-03   2.4963E-03  -3.0318E-03  -6.1902E-04
  -3.1789E-03   9.3198E-01  -5.0100E-01   1.0350E-01   8.2481E-02   5.3036E-02
   1.0773E-01   5.2044E-02   2.4827E-01   4.3577E-01  -3.2872E-01  -2.2673E-01
   4.6109E-01  -1.5002E-01   1.4679E-01   1.2739E-01   4.5542E-02  -7.5392E-02
  -5.6035E-02   1.1902E-01   8.0292E-02  -3.4389E-01  -5.8162E-01
  > Energy =  -2.084823571394E+01 +/-   8.015947420136E-03
  > varE =   6.431709823891E+00

VMC #15:
* Size of Hilbert space =   1.5980E+28
* Number of equil. steps   = 1000
* Running VMC equilibration.
  Done. [total walltime: 2.90s]
* Equil. acc.ratio (%)     =   2.0310
* Sample config after equilibration:
  +-------------------+
  |  d   d   u   d   d|
  |u   u   d   u   u  |
  |  d   d   d   d   d|
  |u   u   u   u   u  |
  |  d   d   d   d   d|
  |u   u   u   u   u  |
  |  d   d   d   d   d|
  |u   u   2   u   u  |
  |  d   d   0   d   d|
  |u   u   u   u   u  |
  +-------------------+
* Number of accum. steps   = 500480 x 10
* Running VMC accumulation.
    [walltime: 1m elapsed, 16.4s remaining]
  Done. [total walltime: 1m16s]
* Acceptance ratio (%)     =   1.6674
* Etot/t                   =  -2.084170070906E+01 +/-   3.944080599991E-03
  > Ttot/t                 =  -3.863857570905E+01 +/-   3.467928591834E-02
  > Utot/t                 =   1.779687500000E+01 +/-   3.420932366342E-02
* var[Eloc/t]              =   6.428644167492E+00 +/-   1.262252234774E-01
* Correlation length       =   1.211041155371E+00
* log10 Psi^2 range: -87.428707446565852 -- -60.380378364943788
* log10 Pgen range : -87.428707446565852 -- -60.380378364943788
* Site occupation (ave. no. electrons per config.):
  > Site_  ___eu____  ___ed____
      1        0.494      0.506
      2        0.505      0.495
      3        0.495      0.505
      4        0.506      0.494
      5        0.493      0.506
      6        0.505      0.494
      7        0.494      0.507
      8        0.507      0.494
      9        0.493      0.504
     10        0.507      0.494
     11        0.507      0.493
     12        0.494      0.506
     13        0.505      0.496
     14        0.494      0.504
     15        0.507      0.495
     16        0.495      0.506
     17        0.506      0.494
     18        0.493      0.505
     19        0.505      0.496
     20        0.494      0.506
     21        0.494      0.507
     22        0.506      0.494
     23        0.495      0.506
     24        0.505      0.495
     25        0.494      0.505
     26        0.505      0.494
     27        0.493      0.506
     28        0.507      0.494
     29        0.494      0.506
     30        0.505      0.494
     31        0.506      0.493
     32        0.494      0.506
     33        0.506      0.494
     34        0.494      0.506
     35        0.506      0.493
     36        0.494      0.508
     37        0.506      0.493
     38        0.493      0.506
     39        0.507      0.495
     40        0.494      0.506
     41        0.494      0.506
     42        0.506      0.494
     43        0.494      0.506
     44        0.506      0.496
     45        0.495      0.505
     46        0.506      0.494
     47        0.496      0.504
     48        0.506      0.495
     49        0.493      0.505
     50        0.508      0.495
* Pair-correlation analysis (ave. no. pairs per config.):
  > Shell  nsite  ___dh____  __eueu___  __eued___
      0      1        0          0          1.782
      1      4        1.761     11.108     87.275
      2      4        0.295     85.348     14.559
      3      4        0.281     85.464     14.500
      4      8        0.530     28.995    170.981
      5      4        0.258     85.452     14.544
      6      4        0.258     14.552     85.440
      7      8        0.508    170.896     29.106
      8      4        0.256     14.542     85.456
      9      4        0.253     85.404     14.596
     10      4        0.254     14.580     85.421
     11      1        0.063      3.659     21.341

Optimization #15:
* Method          : lls
* Target function : energy
* No. of configs. : 100096
* No. of params.  : 77
* Before optimization:
  -7.7678E+00   2.6942E-01   4.8590E-01   3.8466E-01   3.1848E-01   2.6990E-01
   2.2616E-01   2.1919E-01   2.2197E-01   1.4514E-01   1.5533E-01   1.1032E-01
  -3.5271E-01  -1.6882E-01  -2.1459E-01  -8.6289E-02  -1.5483E-01  -8.2080E-02
  -2.4307E-01  -1.8449E-01  -5.4642E-02  -1.0906E-01  -1.3692E-01  -1.6235E-01
  -5.4796E-02  -9.6258E-02  -1.1974E-01  -1.7634E-01   4.0572E-02  -1.0366E-01
  -6.1522E-02  -1.3232E-01   9.1015E-03   3.7711E-02  -2.8745E-03   4.0748E-03
  -1.1993E-03   5.7351E-04   1.9456E-03  -1.3688E-03   3.1618E-03  -3.2626E-04
   1.2093E-03   2.5957E-03   8.8148E-03   1.4818E-03   2.9514E-03   5.1899E-04
   5.1464E-04  -8.8913E-05  -1.9783E-03   2.4963E-03  -3.0318E-03  -6.1902E-04
  -3.1789E-03   9.3198E-01  -5.0100E-01   1.0350E-01   8.2481E-02   5.3036E-02
   1.0773E-01   5.2044E-02   2.4827E-01   4.3577E-01  -3.2872E-01  -2.2673E-01
   4.6109E-01  -1.5002E-01   1.4679E-01   1.2739E-01   4.5542E-02  -7.5392E-02
  -5.6035E-02   1.1902E-01   8.0292E-02  -3.4389E-01  -5.8162E-01
  > E    =  -2.084095088895E+01 +/-   7.977618642695E-03
  > varE =   6.370349591152E+00
* Computing derivatives.
    [walltime: 1m1s elapsed, 4m11s remaining]
  Done. [total walltime: 5m12s]
* Optimizing manipulation constant:
  #igrid a___________ E____________________________________ varE____________
     1     Infinity    -2.08409509E+01 +/-   7.97761864E-03   6.37034959E+00
     2     1.0000E+06  -2.08409513E+01 +/-   7.97761613E-03   6.37034558E+00
     3     2.1544E+05  -2.08409526E+01 +/-   7.97760681E-03   6.37033069E+00
     4     4.6416E+04  -2.08409585E+01 +/-   7.97756013E-03   6.37025614E+00
     5     1.0000E+04  -2.08409800E+01 +/-   7.97727019E-03   6.36979310E+00
     6     2.1544E+03  -2.08409491E+01 +/-   7.97439315E-03   6.36519934E+00
     7     4.6416E+02  -2.08361111E+01 +/-   7.94532692E-03   6.31888230E+00
     8     1.0000E+02  -2.01514701E+01 +/-   1.14485806E-02   1.31195825E+01
     9     2.1544E+01  -1.35066478E+01 +/-   2.98834917E-02   8.93880379E+01
    10     4.6416E+00  -6.44434395E-01 +/-   4.70231517E-02   2.21329952E+02
    11     1.0000E+00  -2.39357519E-24 +/-   4.76471858E-02   2.27243376E+02
    12     2.1544E-01  -7.05397851-226 +/-   1.18724060E-90   1.41089340-175
    13     4.6416E-02   0.00000000E+00 +/-   0.00000000E+00   0.00000000E+00
    14     1.0000E-02   0.00000000E+00 +/-   0.00000000E+00   0.00000000E+00
    15     2.1544E-03   0.00000000E+00 +/-   0.00000000E+00   0.00000000E+00
    16     4.6416E-04   0.00000000E+00 +/-   0.00000000E+00   0.00000000E+00
    17     1.0000E-04   0.00000000E+00 +/-   0.00000000E+00   0.00000000E+00
    18     2.1544E-05   0.00000000E+00 +/-   0.00000000E+00   0.00000000E+00
    19     4.6416E-06   0.00000000E+00 +/-   0.00000000E+00   0.00000000E+00
    20     1.0000E-06   0.00000000E+00 +/-   0.00000000E+00   0.00000000E+00
    21     0.0000E+00   0.00000000E+00 +/-   0.00000000E+00   0.00000000E+00
* Iteration # 1: E =  -2.084098001765E+01 +/-   7.977270186972E-03
* Diminishing returns: exiting.
* After optimization:
  -7.7564E+00   2.6938E-01   4.8587E-01   3.8463E-01   3.1845E-01   2.6987E-01
   2.2613E-01   2.1917E-01   2.2195E-01   1.4513E-01   1.5533E-01   1.1030E-01
  -3.5268E-01  -1.6881E-01  -2.1456E-01  -8.6289E-02  -1.5482E-01  -8.2081E-02
  -2.4304E-01  -1.8447E-01  -5.4627E-02  -1.0906E-01  -1.3689E-01  -1.6233E-01
  -5.4784E-02  -9.6260E-02  -1.1971E-01  -1.7634E-01   4.0585E-02  -1.0366E-01
  -6.1508E-02  -1.3233E-01   9.0556E-03   3.7523E-02  -2.8604E-03   4.0534E-03
  -1.1940E-03   5.7093E-04   1.9361E-03  -1.3618E-03   3.1454E-03  -3.2237E-04
   1.2030E-03   2.5837E-03   8.7713E-03   1.4747E-03   2.9366E-03   5.1654E-04
   5.1225E-04  -8.8713E-05  -1.9684E-03   2.4838E-03  -3.0168E-03  -6.1617E-04
  -3.1637E-03   9.3207E-01  -5.0115E-01   1.0339E-01   8.2472E-02   5.2939E-02
   1.0775E-01   5.1991E-02   2.4827E-01   4.3577E-01  -3.2869E-01  -2.2665E-01
   4.6117E-01  -1.5005E-01   1.4677E-01   1.2742E-01   4.5525E-02  -7.5390E-02
  -5.6068E-02   1.1905E-01   8.0248E-02  -3.4389E-01  -5.8165E-01
  > Energy =  -2.084098001765E+01 +/-   7.977270186972E-03
  > varE =   6.369793100201E+00

VMC #16:
* Size of Hilbert space =   1.5980E+28
* Number of equil. steps   = 1000
* Running VMC equilibration.
  Done. [total walltime: 2.89s]
* Equil. acc.ratio (%)     =   1.9913
* Sample config after equilibration:
  +-------------------+
  |  d   d   d   d   d|
  |u   u   u   u   u  |
  |  d   d   d   d   d|
  |d   u   u   u   u  |
  |  d   d   d   d   u|
  |u   u   u   u   u  |
  |  d   d   d   d   d|
  |u   u   u   u   u  |
  |  d   d   d   d   d|
  |u   u   u   u   u  |
  +-------------------+
* Number of accum. steps   = 500480 x 10
* Running VMC accumulation.
    [walltime: 1m elapsed, 16.6s remaining]
  Done. [total walltime: 1m16s]
* Acceptance ratio (%)     =   1.6675
* Etot/t                   =  -2.084524311718E+01 +/-   3.918506879062E-03
  > Ttot/t                 =  -3.865288777831E+01 +/-   3.380989318245E-02
  > Utot/t                 =   1.780764466113E+01 +/-   3.311667364445E-02
* var[Eloc/t]              =   6.416171398465E+00 +/-   6.608867918000E-02
* Correlation length       =   1.197710886686E+00
* log10 Psi^2 range: -87.855834910633703 -- -60.365081826473279
* log10 Pgen range : -87.855834910633703 -- -60.365081826473279
* Site occupation (ave. no. electrons per config.):
  > Site_  ___eu____  ___ed____
      1        0.498      0.504
      2        0.501      0.498
      3        0.499      0.501
      4        0.501      0.498
      5        0.498      0.501
      6        0.502      0.498
      7        0.496      0.503
      8        0.502      0.499
      9        0.498      0.502
     10        0.501      0.498
     11        0.504      0.496
     12        0.497      0.503
     13        0.501      0.498
     14        0.498      0.502
     15        0.504      0.497
     16        0.496      0.503
     17        0.503      0.497
     18        0.497      0.501
     19        0.501      0.498
     20        0.498      0.502
     21        0.497      0.502
     22        0.503      0.497
     23        0.497      0.503
     24        0.504      0.497
     25        0.497      0.503
     26        0.502      0.499
     27        0.498      0.502
     28        0.502      0.498
     29        0.498      0.503
     30        0.502      0.497
     31        0.505      0.496
     32        0.496      0.503
     33        0.502      0.499
     34        0.497      0.502
     35        0.502      0.497
     36        0.498      0.503
     37        0.503      0.497
     38        0.498      0.502
     39        0.502      0.498
     40        0.496      0.505
     41        0.499      0.502
     42        0.503      0.499
     43        0.498      0.501
     44        0.503      0.499
     45        0.499      0.500
     46        0.502      0.499
     47        0.497      0.502
     48        0.503      0.498
     49        0.498      0.503
     50        0.503      0.496
* Pair-correlation analysis (ave. no. pairs per config.):
  > Shell  nsite  ___dh____  __eueu___  __eued___
      0      1        0          0          1.780
      1      4        1.760     11.107     87.275
      2      4        0.295     85.345     14.564
      3      4        0.280     85.466     14.497
      4      8        0.528     28.998    170.975
      5      4        0.255     85.447     14.552
      6      4        0.255     14.555     85.445
      7      8        0.513    170.897     29.098
      8      4        0.255     14.545     85.455
      9      4        0.253     85.394     14.607
     10      4        0.255     14.583     85.418
     11      1        0.064      3.665     21.334

VDAGGER finished.
Total VDAGGER walltime: 2h20m

Run ended: Sat Feb 21 20:02:34 CET 2026
