# FIXEDNODEStats VERSION 1 - REAL : NEl=  14 | PQ-Partition= F | P-Space Type= " SEMI-STOCH-INIT " | Trial Proj. Energy= T | Stochastic Sign-Flip-Potential= F | Back-Flow Correlations= T | Jastrow Correlations= T | Time-Reversal Initialization= T | Importance Sampling= F | Singles Only= F
#     1.Step   2.Shift    3.TotWalkers  4.Annihil  5.NoatHF  6.TrialNum    7.TrialDenom     8.TrialProj.E  9.TrialOverlap  10.UniqueDets  13.IterTime 
#           0   0.00000000         2000.000        0.000000       -1000.000      0.00000000000E+00  0.00000000000E+00    0.000000       0.00000000                2   0.0000    
         100   0.00000000         3044.677        0.000000       -998.2897     -1.16202448286E+06  2.16796141200E+03 -5.35998692796E+02   1.53119250              261  0.18557    
         200   0.00000000         4562.432        0.000000       -1001.995     -1.37128072182E+06  2.55836668308E+03 -5.35998506741E+02   1.78446524              756  0.19168    
         300   0.00000000         6682.541        0.000000       -1009.077     -1.62461687386E+06  3.03101095504E+03 -5.35998351031E+02   2.06519531             1470  0.19754    
         400   0.00000000         9593.893        0.000000       -1024.541     -1.92196442433E+06  3.58576639593E+03 -5.35998225238E+02   2.36411504             2464  0.20027    
         500   0.00000000         13550.70        0.000000       -1044.628     -2.28013314824E+06  4.25399484923E+03 -5.35998098035E+02   2.68719662             3986  0.20975    
         600   0.00000000         18841.55        0.000000       -1073.367     -2.69340339594E+06  5.02502504051E+03 -5.35998004831E+02   3.01213791             6267  0.22604    
         700   0.00000000         25773.54        0.000000       -1107.299     -3.18306573273E+06  5.93857862810E+03 -5.35997909948E+02   3.35849212             9377  0.24228    
         800   0.00000000         35011.65        0.000000       -1148.593     -3.75922910601E+06  7.01351555697E+03 -5.35997828119E+02   3.70812452            13595  0.25977    
         900   0.00000000         46909.34        0.000000       -1194.315     -4.44393328866E+06  8.29095496125E+03 -5.35997760141E+02   4.08322346            19007  0.28958    
        1000   0.00000000         62362.92        0.000000       -1255.188     -5.25095007122E+06  9.79659075633E+03 -5.35997695711E+02   4.45204725            26049  0.30706    
        1100   0.00000000         82601.40        0.000000       -1321.094     -6.21644178935E+06  1.15978903633E+04 -5.35997633587E+02   4.84379857            35510  0.32235    
        1200   0.00000000         108295.4        0.000000       -1391.250     -7.35178660015E+06  1.37160820386E+04 -5.35997566904E+02   5.24296601            47451  0.34445    
        1300   0.00000000         140574.4        0.000000       -1470.113     -8.70185122081E+06  1.62348727561E+04 -5.35997500660E+02   5.64480265            62249  0.37455    
        1400   0.00000000         181476.0        0.000000       -1554.967     -1.02877522289E+07  1.91936592015E+04 -5.35997441698E+02   6.06108021            81108  0.40115    
        1500   0.00000000         233167.4        0.000000       -1657.779     -1.21697567438E+07  2.27048808424E+04 -5.35997384362E+02   6.46997741           104393  0.44362    
        1600   0.00000000         298064.1        0.000000       -1774.741     -1.43997103815E+07  2.68652650962E+04 -5.35997330752E+02   6.88790760           132983  0.46202    
        1700   0.00000000         379157.8        0.000000       -1901.972     -1.70373479215E+07  3.17862584443E+04 -5.35997275408E+02   7.30074715           167648  0.50433    
        1800   0.00000000         479870.6        0.000000       -2046.033     -2.01645043338E+07  3.76205387831E+04 -5.35997223487E+02   7.71926999           209635  0.55930    
        1900   0.00000000         604514.8        0.000000       -2209.900     -2.38484418136E+07  4.44935961448E+04 -5.35997174425E+02   8.13485976           260024  0.59951    
        2000   0.00000000         758868.1        0.000000       -2393.118     -2.82052354979E+07  5.26219903236E+04 -5.35997124481E+02   8.55453625           320541  0.66331    
        2100   0.00000000         949607.4        0.000000       -2602.496     -3.33628845984E+07  6.22445278622E+04 -5.35997070655E+02   8.96367655           392363  0.71527    
        2200 -0.870284560         1183460.        0.000000       -2836.407     -3.94601354475E+07  7.36200654497E+04 -5.35997016662E+02   9.38441625           476329  0.77612    
        2300  -1.74392449         1349217.        0.000000       -2836.269     -4.46647925035E+07  8.33303090841E+04 -5.35996961903E+02   10.2307679           551853  0.83031    
        2400  -2.17204814         1405478.        0.000000       -2610.637     -4.63786509726E+07  8.65278335193E+04 -5.35996905115E+02   11.1349809           601673  0.84170    
        2500  -2.26296126         1399456.        0.000000       -2312.189     -4.51312457495E+07  8.42005802151E+04 -5.35996849834E+02   11.8323573           630707  0.83632    
        2600  -2.21374256         1377522.        0.000000       -2030.559     -4.27834007814E+07  7.98202548663E+04 -5.35996794961E+02   12.3182088           649459  0.81139    
        2700  -2.14305685         1359773.        0.000000       -1799.520     -4.04799171743E+07  7.55226931902E+04 -5.35996737727E+02   12.7242146           666507  0.80670    
        2800  -2.08820035         1348221.        0.000000       -1603.869     -3.85131557410E+07  7.18533474021E+04 -5.35996681205E+02   13.1069739           682844  0.80618    
        2900  -2.05445281         1341852.        0.000000       -1442.928     -3.68888169581E+07  6.88228528574E+04 -5.35996626506E+02   13.4854148           699631  0.80407    
        3000  -2.03380639         1337062.        0.000000       -1307.727     -3.54899496564E+07  6.62130159312E+04 -5.35996573442E+02   13.8654205           715703  0.79104    
        3100  -2.01438158         1331786.        0.000000       -1190.675     -3.42247559539E+07  6.38525706841E+04 -5.35996524295E+02   14.2512619           730361  0.79179    
        3200  -1.99852701         1327902.        0.000000       -1082.861     -3.30765426060E+07  6.17103736527E+04 -5.35996472685E+02   14.6228593           745065  0.77930    
        3300  -1.98392629         1324518.        0.000000       -984.7582     -3.20273746169E+07  5.97529634436E+04 -5.35996422120E+02   14.9888513           759264  0.79205    
        3400  -1.97040472         1320877.        0.000000       -900.9720     -3.10500021313E+07  5.79295010171E+04 -5.35996367760E+02   15.3555137           772631  0.78722    
        3500  -1.95550318         1316796.        0.000000       -822.9654     -3.01337803686E+07  5.62201255674E+04 -5.35996319192E+02   15.7066074           785118  0.78325    
        3600  -1.94164307         1313109.        0.000000       -755.3740     -2.92837795509E+07  5.46342973494E+04 -5.35996269224E+02   16.0402496           796752  0.79697    
        3700  -1.92777183         1310102.        0.000000       -697.8071     -2.85152075033E+07  5.32003889774E+04 -5.35996222047E+02   16.3624802           808051  0.78294    
        3800  -1.91619571         1306642.        0.000000       -646.5787     -2.78026589887E+07  5.18710024924E+04 -5.35996176144E+02   16.6677725           818517  0.77367    
        3900  -1.90214520         1302748.        0.000000       -604.7762     -2.71329446665E+07  5.06215302980E+04 -5.35996136561E+02   16.9621230           828080  0.77782    
        4000  -1.88932413         1300172.        0.000000       -564.6048     -2.65187888258E+07  4.94757127121E+04 -5.35996095300E+02   17.2400042           837327  0.78342    
        4100  -1.88127132         1298312.        0.000000       -525.5732     -2.59615102452E+07  4.84360100097E+04 -5.35996054176E+02   17.5206742           846814  0.77025    
        4200  -1.87280388         1296123.        0.000000       -492.5409     -2.54359870203E+07  4.74555530952E+04 -5.35996008080E+02   17.7874877           855483  0.78184    
        4300  -1.86337711         1293204.        0.000000       -460.1446     -2.49387491549E+07  4.65278674337E+04 -5.35995963934E+02   18.0427560           863298  0.77699    
        4400  -1.85180925         1290454.        0.000000       -428.3211     -2.44686831619E+07  4.56508756228E+04 -5.35995921831E+02   18.2855594           870563  0.78429    
        4500  -1.84658248         1290174.        0.000000       -403.7385     -2.40431744307E+07  4.48570132051E+04 -5.35995883648E+02   18.5116609           879244  0.77927    
        4600  -1.84170101         1288559.        0.000000       -381.8235     -2.36486797304E+07  4.41210132489E+04 -5.35995843908E+02   18.7322074           886457  0.78285    
        4700  -1.83479501         1286410.        0.000000       -364.0573     -2.32644846679E+07  4.34042289624E+04 -5.35995805572E+02   18.9388228           893171  0.77016    
        4800  -1.82745760         1283940.        0.000000       -344.7062     -2.29033519671E+07  4.27304717607E+04 -5.35995766565E+02   19.1281368           899114  0.78480    
        4900  -1.82013839         1282716.        0.000000       -327.0030     -2.25638479407E+07  4.20970659765E+04 -5.35995737881E+02   19.3115607           905659  0.77963    
        5000  -1.81143908         1280363.        0.000000       -309.0785     -2.22390032621E+07  4.14910107098E+04 -5.35995698386E+02   19.4888746           911000  0.80231    
        5100  -1.80584617         1278835.        0.000000       -289.6973     -2.19412166368E+07  4.09354366078E+04 -5.35995666713E+02   19.6561916           916110  0.79558    
        5200  -1.79869784         1277796.        0.000000       -274.4349     -2.16544104564E+07  4.04003488006E+04 -5.35995631206E+02   19.8134324           921772  0.78777    
        5300  -1.79518809         1276575.        0.000000       -260.2953     -2.13850733790E+07  3.98978524696E+04 -5.35995600146E+02   19.9527774           926598  0.79336    
        5400  -1.79142151         1276169.        0.000000       -249.8957     -2.11374826900E+07  3.94359277886E+04 -5.35995572447E+02   20.0924403           932144  0.79747    
        5500  -1.78708831         1274470.        0.000000       -237.8052     -2.09000135820E+07  3.89928872301E+04 -5.35995538331E+02   20.2206121           936079  0.78781    
        5600  -1.78249093         1273239.        0.000000       -227.4708     -2.06714374453E+07  3.85664379729E+04 -5.35995506243E+02   20.3383033           940194  0.79305    
        5700  -1.77653326         1272118.        0.000000       -217.8493     -2.04526938722E+07  3.81583326911E+04 -5.35995480665E+02   20.4484050           944333  0.79952    
        5800  -1.77222945         1270926.        0.000000       -209.0688     -2.02455700656E+07  3.77719065310E+04 -5.35995450719E+02   20.5552580           948161  0.78872    
        5900  -1.76763764         1269667.        0.000000       -202.2435     -2.00515641960E+07  3.74099544336E+04 -5.35995418854E+02   20.6415186           951571  0.81092    
        6000  -1.76464833         1269124.        0.000000       -195.1349     -1.98735117673E+07  3.70777668480E+04 -5.35995380971E+02   20.7338442           955489  0.81160    
        6100  -1.76150680         1268332.        0.000000       -189.7174     -1.97039261033E+07  3.67613749361E+04 -5.35995352122E+02   20.8127522           958814  0.79570    
        6200  -1.75740791         1267598.        0.000000       -182.4034     -1.95401397315E+07  3.64558022628E+04 -5.35995329101E+02   20.8891379           962126  0.79972    
        6300  -1.75465704         1266203.        0.000000       -177.0006     -1.93863434838E+07  3.61688682366E+04 -5.35995302839E+02   20.9686259           964652  0.78897    
        6400  -1.75096344         1266007.        0.000000       -169.0660     -1.92363805299E+07  3.58890858000E+04 -5.35995278260E+02   21.0278378           967925  0.80018    
        6500  -1.75209209         1266177.        0.000000       -163.1647     -1.90960159222E+07  3.56272107157E+04 -5.35995255835E+02   21.0879541           971549  0.79568    
        6600  -1.74786544         1264661.        0.000000       -159.4205     -1.89611550986E+07  3.53756039954E+04 -5.35995232791E+02   21.1459881           973554  0.79522    
        6700  -1.74618890         1264745.        0.000000       -153.0919     -1.88375160821E+07  3.51449334372E+04 -5.35995212958E+02   21.1902058           976561  0.80528    
        6800  -1.74470048         1264121.        0.000000       -145.7575     -1.87263435237E+07  3.49375213953E+04 -5.35995193014E+02   21.2455828           978977  0.80960    
        6900  -1.74173251         1262979.        0.000000       -141.9750     -1.86033690343E+07  3.47080906886E+04 -5.35995171881E+02   21.2897972           981054  0.80037    
        7000  -1.73650437         1262145.        0.000000       -137.2343     -1.84819588310E+07  3.44815789436E+04 -5.35995142833E+02   21.3191659           983039  0.79845    
        7100  -1.73311724         1260905.        0.000000       -134.7876     -1.83754703374E+07  3.42829057041E+04 -5.35995125268E+02   21.3557866           984435  0.81225    
        7200  -1.73075691         1260959.        0.000000       -129.6672     -1.82685857333E+07  3.40834932257E+04 -5.35995110957E+02   21.3804134           986887  0.79881    
        7300  -1.72803383         1260128.        0.000000       -126.7716     -1.81666463307E+07  3.38933068253E+04 -5.35995098510E+02   21.4016320           988575  0.80320    
        7400  -1.72735706         1259977.        0.000000       -124.8169     -1.80827418663E+07  3.37367686025E+04 -5.35995076450E+02   21.4276491           990548  0.80813    
        7500  -1.72662631         1259573.        0.000000       -122.4545     -1.80014268874E+07  3.35850616004E+04 -5.35995053444E+02   21.4546253           992245  0.80861    
        7600  -1.72019351         1257539.        0.000000       -121.2211     -1.79191551983E+07  3.34315692285E+04 -5.35995037378E+02   21.4772590           992371  0.81342    
        7700  -1.71972967         1258454.        0.000000       -118.5696     -1.78446072873E+07  3.32924870273E+04 -5.35995021117E+02   21.4944784           995220  0.81092    
        7800  -1.72174553         1258901.        0.000000       -114.9800     -1.77744127995E+07  3.31615266861E+04 -5.35995009149E+02   21.5168173           997339  0.80425    
        7900  -1.72054127         1257546.        0.000000       -112.9163     -1.76980947019E+07  3.30191417172E+04 -5.35994995069E+02   21.5377489           997866  0.80386    
        8000  -1.71626588         1257116.        0.000000       -110.3835     -1.76197936059E+07  3.28730571299E+04 -5.35994980213E+02   21.5459123           999357  0.81746    
        8100  -1.71532915         1256830.        0.000000       -107.5671     -1.75482961444E+07  3.27396662968E+04 -5.35994960527E+02   21.5500775          1000555  0.80729    
        8200  -1.71636984         1257370.        0.000000       -103.8316     -1.74861069306E+07  3.26236411998E+04 -5.35994949904E+02   21.5657584          1002438  0.80580    
        8300  -1.71319863         1255733.        0.000000       -99.70220     -1.74177796045E+07  3.24961645151E+04 -5.35994935538E+02   21.5853478          1002656  0.80986    
        8400  -1.70743966         1254486.        0.000000       -96.68509     -1.73481227948E+07  3.23662066700E+04 -5.35994933595E+02   21.5902292          1002826  0.80817    
        8500  -1.70465467         1254103.        0.000000       -94.30972     -1.72874697797E+07  3.22530475292E+04 -5.35994924637E+02   21.5868990          1003733  0.80796    
        8600  -1.70490826         1254478.        0.000000       -92.81528     -1.72366597073E+07  3.21582522943E+04 -5.35994915071E+02   21.5894213          1005090  0.79809    
        8700  -1.70622240         1254559.        0.000000       -92.50462     -1.71942964270E+07  3.20792163441E+04 -5.35994902199E+02   21.5960459          1006160  0.80083    
        8800  -1.70422798         1253764.        0.000000       -89.12498     -1.71472964512E+07  3.19915298015E+04 -5.35994888571E+02   21.6076037          1006692  0.80514    
        8900  -1.70229666         1253671.        0.000000       -85.75446     -1.71018989117E+07  3.19068329950E+04 -5.35994873397E+02   21.6080932          1007579  0.80614    
        9000  -1.70072307         1253569.        0.000000       -84.19277     -1.70604818397E+07  3.18295620709E+04 -5.35994865456E+02   21.6125471          1008579  0.81230    
        9100  -1.70105087         1253628.        0.000000       -83.54098     -1.70219892800E+07  3.17577477088E+04 -5.35994851905E+02   21.6117855          1009426  0.82339    
        9200  -1.70217256         1254013.        0.000000       -82.69901     -1.69880605414E+07  3.16944480761E+04 -5.35994837348E+02   21.6186601          1010784  0.81853    
        9300  -1.70212338         1253854.        0.000000       -80.62083     -1.69483777800E+07  3.16204134768E+04 -5.35994818426E+02   21.6201219          1011568  0.80936    
        9400  -1.70260943         1253616.        0.000000       -80.12802     -1.69094482474E+07  3.15477836272E+04 -5.35994808613E+02   21.6149874          1012161  0.80866    
        9500  -1.70139038         1253319.        0.000000       -78.52630     -1.68733859669E+07  3.14805027731E+04 -5.35994805690E+02   21.6168885          1012828  0.81560    
        9600  -1.70025018         1253417.        0.000000       -79.70873     -1.68332266331E+07  3.14055786298E+04 -5.35994793523E+02   21.6107509          1013912  0.79832    
        9700  -1.70031134         1252424.        0.000000       -79.65783     -1.68083899788E+07  3.13592416363E+04 -5.35994785007E+02   21.6165536          1013514  0.80623    
        9800  -1.69697522         1251747.        0.000000       -79.54292     -1.67737629789E+07  3.12946386527E+04 -5.35994780608E+02   21.6160168          1013714  0.83005    
        9900  -1.69432967         1252023.        0.000000       -78.77223     -1.67384840761E+07  3.12288191365E+04 -5.35994781070E+02   21.6040143          1014758  0.81345    
       10000  -1.69415391         1251325.        0.000000       -77.29317     -1.67166530355E+07  3.11880893856E+04 -5.35994777647E+02   21.6103725          1014388  0.81186    
       10100  -1.69316188         1251992.        0.000000       -75.73433     -1.66936958039E+07  3.11452586603E+04 -5.35994771659E+02   21.6058993          1015499  0.81985    
       10200  -1.69644178         1252283.        0.000000       -74.67330     -1.66756170785E+07  3.11115301844E+04 -5.35994757558E+02   21.6091324          1016249  0.83330    
       10300  -1.69861218         1253350.        0.000000       -73.63128     -1.66542178094E+07  3.10716064480E+04 -5.35994746111E+02   21.6059348          1017794  0.83044    
       10400  -1.69988136         1253175.        0.000000       -73.92250     -1.66245095484E+07  3.10161805684E+04 -5.35994737060E+02   21.6059502          1018494  0.82358    
       10500  -1.70102649         1253524.        0.000000       -73.50216     -1.65962733142E+07  3.09635011302E+04 -5.35994726322E+02   21.6007175          1019631  0.82466    
       10600  -1.69921849         1252453.        0.000000       -73.33183     -1.65634544650E+07  3.09022719778E+04 -5.35994715109E+02   21.5968460          1019225  0.82031    
       10700  -1.69362783         1250888.        0.000000       -71.84974     -1.65254090724E+07  3.08312917811E+04 -5.35994702710E+02   21.5869480          1018359  0.81949    
       10800  -1.69156121         1250712.        0.000000       -68.51509     -1.65014400197E+07  3.07865734268E+04 -5.35994694536E+02   21.5855091          1018655  0.81408    
       10900  -1.68873551         1249719.        0.000000       -68.19571     -1.64762965437E+07  3.07396635569E+04 -5.35994693410E+02   21.5803626          1018200  0.82788    
       11000  -1.68384342         1249109.        0.000000       -66.06277     -1.64604536546E+07  3.07101058248E+04 -5.35994690102E+02   21.5803648          1017910  0.82290    
       11100  -1.68524578         1249540.        0.000000       -66.05401     -1.64503106412E+07  3.06911824368E+04 -5.35994684306E+02   21.5805617          1018460  0.81980    
       11200  -1.68584847         1249804.        0.000000       -65.93449     -1.64386188545E+07  3.06693691230E+04 -5.35994685401E+02   21.5741443          1018824  0.82416    
       11300  -1.68845870         1250759.        0.000000       -65.46998     -1.64289832043E+07  3.06513928218E+04 -5.35994670775E+02   21.5762189          1020221  0.81056    
       11400  -1.68947554         1250566.        0.000000       -63.75368     -1.64082174977E+07  3.06126509342E+04 -5.35994662237E+02   21.5732399          1020333  0.80979    
       11500  -1.69015916         1250690.        0.000000       -62.62233     -1.63891322635E+07  3.05770443368E+04 -5.35994652816E+02   21.5696419          1020861  0.81052    
       11600  -1.68938896         1250024.        0.000000       -60.69859     -1.63686816226E+07  3.05388898602E+04 -5.35994651329E+02   21.5681930          1020788  0.82232    
       11700  -1.68547173         1249708.        0.000000       -59.14326     -1.63484273457E+07  3.05011022298E+04 -5.35994641194E+02   21.5567174          1020753  0.80887    
       11800  -1.68422429         1249049.        0.000000       -58.90351     -1.63285921310E+07  3.04640957644E+04 -5.35994642917E+02   21.5515449          1020504  0.81666    
       11900  -1.68497008         1249841.        0.000000       -60.08233     -1.63145366483E+07  3.04378729792E+04 -5.35994636007E+02   21.5421238          1021431  0.82292    
       12000  -1.68766750         1250077.        0.000000       -60.68824     -1.63074982057E+07  3.04247412488E+04 -5.35994639111E+02   21.5462843          1022100  0.81659    
       12100  -1.68661917         1249474.        0.000000       -59.38467     -1.62905344523E+07  3.03930922846E+04 -5.35994636536E+02   21.5450833          1021841  0.81324    
       12200  -1.68830164         1250472.        0.000000       -60.14617     -1.62790495571E+07  3.03716650248E+04 -5.35994636575E+02   21.5325124          1022843  0.82724    
       12300  -1.68731472         1249199.        0.000000       -60.66624     -1.62674921574E+07  3.03501026806E+04 -5.35994633317E+02   21.5410578          1022194  0.82623    
       12400  -1.68351110         1248604.        0.000000       -58.84994     -1.62502103359E+07  3.03178601616E+04 -5.35994633172E+02   21.5328711          1021863  0.82259    
       12500  -1.68298967         1249254.        0.000000       -59.45594     -1.62393135271E+07  3.02975300081E+04 -5.35994634637E+02   21.5218426          1022436  0.81051    
       12600  -1.68591077         1249949.        0.000000       -59.09650     -1.62390279768E+07  3.02969970264E+04 -5.35994638763E+02   21.5231469          1023180  0.80803    
       12700  -1.68686410         1249706.        0.000000       -58.18833     -1.62334287255E+07  3.02865505966E+04 -5.35994638073E+02   21.5252804          1023153  0.82389    
       12800  -1.68506282         1248948.        0.000000       -57.07978     -1.62222099753E+07  3.02656203147E+04 -5.35994630430E+02   21.5293727          1022791  0.80706    
       12900  -1.68565838         1249903.        0.000000       -55.89579     -1.62117655623E+07  3.02461346218E+04 -5.35994624272E+02   21.5181786          1023939  0.82262    
       13000  -1.68358431         1249139.        0.000000       -54.00302     -1.61992408904E+07  3.02227681828E+04 -5.35994611493E+02   21.5125119          1023422  0.81046    
       13100  -1.68296390         1248800.        0.000000       -54.95798     -1.61957076098E+07  3.02161766742E+04 -5.35994602639E+02   21.5127621          1023158  0.81834    
       13200  -1.68154255         1248645.        0.000000       -53.90341     -1.61890633827E+07  3.02037807103E+04 -5.35994600742E+02   21.5126279          1023197  0.81027    
       13300  -1.68272378         1248887.        0.000000       -52.83777     -1.61839382716E+07  3.01942186805E+04 -5.35994603564E+02   21.5067504          1023374  0.81137    
       13400  -1.68190635         1248905.        0.000000       -53.19923     -1.61810897750E+07  3.01889044134E+04 -5.35994600977E+02   21.5089417          1023468  0.80309    
       13500  -1.68519483         1250278.        0.000000       -52.94832     -1.61840460013E+07  3.01944198246E+04 -5.35994600834E+02   21.5071022          1024717  0.83102    
       13600  -1.68723028         1249683.        0.000000       -52.06110     -1.61842197543E+07  3.01947439345E+04 -5.35994601887E+02   21.5200061          1024303  0.81845    
       13700  -1.68648832         1249224.        0.000000       -51.24491     -1.61735004722E+07  3.01747451605E+04 -5.35994600323E+02   21.5157366          1024046  0.81305    
       13800  -1.68358221         1248630.        0.000000       -51.28398     -1.61633668121E+07  3.01558387261E+04 -5.35994603198E+02   21.5094014          1023618  0.80942    
       13900  -1.68294416         1248839.        0.000000       -51.05341     -1.61585523056E+07  3.01468565425E+04 -5.35994599730E+02   21.5052291          1023775  0.81933    
       14000  -1.68323727         1249330.        0.000000       -50.46921     -1.61557180051E+07  3.01415683671E+04 -5.35994604141E+02   21.5016512          1024123  0.82102    
       14100  -1.68483320         1249742.        0.000000       -49.92527     -1.61532705166E+07  3.01370022350E+04 -5.35994601941E+02   21.5001512          1024739  0.80712    
       14200  -1.68613133         1248718.        0.000000       -51.86803     -1.61425389421E+07  3.01169806597E+04 -5.35994598012E+02   21.5077643          1024354  0.81639    
       14300  -1.68066352         1248183.        0.000000       -51.86601     -1.61194358686E+07  3.00738776362E+04 -5.35994595163E+02   21.4943080          1024234  0.81863    
       14400  -1.68104276         1248566.        0.000000       -52.48181     -1.61160787017E+07  3.00676143978E+04 -5.35994591674E+02   21.4886646          1024414  0.83208    
       14500  -1.68219097         1248865.        0.000000       -52.01546     -1.61089747067E+07  3.00543612581E+04 -5.35994578901E+02   21.4854474          1024936  0.82566    
       14600  -1.68298241         1248083.        0.000000       -51.39825     -1.61045362797E+07  3.00460806689E+04 -5.35994576370E+02   21.4863739          1024176  0.81011    
       14700  -1.67621528         1246961.        0.000000       -51.58992     -1.60942694967E+07  3.00269260168E+04 -5.35994576592E+02   21.4869130          1023478  0.82266    
       14800  -1.67771169         1247993.        0.000000       -52.27008     -1.60880059406E+07  3.00152397461E+04 -5.35994583975E+02   21.4758610          1024288  0.81285    
       14900  -1.68068581         1249066.        0.000000       -51.28584     -1.60918039604E+07  3.00223255293E+04 -5.35994586586E+02   21.4703932          1025193  0.82622    
       15000  -1.68590906         1249831.        0.000000       -51.84703     -1.60990063072E+07  3.00357630903E+04 -5.35994582817E+02   21.4712110          1025885  0.81688    
       15100  -1.68775883         1249884.        0.000000       -51.33839     -1.60986819796E+07  3.00351582352E+04 -5.35994578538E+02   21.4831277          1026424  0.81546    
       15200  -1.68432172         1248386.        0.000000       -51.89002     -1.60825251010E+07  3.00050151296E+04 -5.35994567294E+02   21.4804897          1025434  0.81233    
       15300  -1.67875817         1247438.        0.000000       -50.12512     -1.60703692322E+07  2.99823364123E+04 -5.35994560637E+02   21.4786047          1024798  0.82194    
       15400  -1.67586494         1247136.        0.000000       -50.56221     -1.60597779970E+07  2.99625765189E+04 -5.35994559307E+02   21.4693005          1024584  0.80631    
       15500  -1.67737876         1247980.        0.000000       -48.82753     -1.60604622873E+07  2.99638534916E+04 -5.35994553963E+02   21.4621874          1024971  0.81509    
       15600  -1.67926181         1248090.        0.000000       -48.86621     -1.60623804043E+07  2.99674319451E+04 -5.35994556814E+02   21.4665105          1024996  0.81094    
       15700  -1.67877708         1247488.        0.000000       -48.44191     -1.60600057350E+07  2.99630016135E+04 -5.35994555622E+02   21.4680666          1024322  0.81369    
       15800  -1.67651625         1246836.        0.000000       -48.95272     -1.60625753367E+07  2.99677959420E+04 -5.35994551209E+02   21.4713460          1023739  0.82546    
       15900  -1.67445840         1247061.        0.000000       -48.77960     -1.60661456070E+07  2.99744570146E+04 -5.35994550266E+02   21.4701933          1023651  0.82260    
       16000  -1.67809154         1247666.        0.000000       -49.59796     -1.60782246668E+07  2.99969929504E+04 -5.35994547632E+02   21.4759911          1023943  0.82833    
       16100  -1.68052184         1248593.        0.000000       -47.68597     -1.60827306044E+07  3.00053995107E+04 -5.35994549867E+02   21.4819852          1024802  0.80660    
       16200  -1.67934191         1247921.        0.000000       -45.56750     -1.60793060676E+07  2.99990103424E+04 -5.35994550623E+02   21.4858726          1024448  0.82327    
       16300  -1.67840776         1247790.        0.000000       -45.61798     -1.60747416760E+07  2.99904944054E+04 -5.35994554100E+02   21.4837025          1024235  0.81279    
       16400  -1.67937476         1248125.        0.000000       -46.06434     -1.60723349431E+07  2.99860037729E+04 -5.35994561489E+02   21.4792913          1024498  0.81511    
       16500  -1.68045368         1248816.        0.000000       -48.25888     -1.60697196724E+07  2.99811243236E+04 -5.35994564413E+02   21.4739204          1025293  0.81466    
       16600  -1.68579961         1250051.        0.000000       -48.13326     -1.60722514447E+07  2.99858473962E+04 -5.35994572119E+02   21.4727239          1026540  0.83029    
       16700  -1.68495060         1249482.        0.000000       -48.35479     -1.60673783220E+07  2.99767554024E+04 -5.35994576675E+02   21.4812897          1026472  0.81527    
       16800  -1.68331132         1248805.        0.000000       -47.61356     -1.60452101028E+07  2.99353963590E+04 -5.35994576799E+02   21.4672669          1026219  0.82925    
       16900  -1.68295278         1249014.        0.000000       -48.70061     -1.60349624412E+07  2.99162773728E+04 -5.35994577181E+02   21.4632958          1026688  0.81275    
       17000  -1.68491957         1249457.        0.000000       -48.68611     -1.60293489048E+07  2.99058047040E+04 -5.35994569063E+02   21.4551692          1027047  0.81087    
       17100  -1.68490844         1249843.        0.000000       -48.93941     -1.60250092512E+07  2.98977084462E+04 -5.35994565603E+02   21.4524112          1027598  0.81577    
       17200  -1.68277826         1248061.        0.000000       -48.70140     -1.60142676852E+07  2.98776677498E+04 -5.35994570235E+02   21.4595347          1026497  0.81691    
       17300  -1.67861417         1248356.        0.000000       -47.92658     -1.59983592924E+07  2.98479872266E+04 -5.35994577154E+02   21.4416227          1026892  0.81566    
       17400  -1.68110800         1248401.        0.000000       -48.35156     -1.59920523784E+07  2.98362209524E+04 -5.35994568613E+02   21.4363320          1027034  0.82160    
       17500  -1.67815779         1247010.        0.000000       -47.60426     -1.59858949345E+07  2.98247332534E+04 -5.35994565272E+02   21.4398817          1026040  0.81917    
       17600  -1.67409132         1247079.        0.000000       -46.75392     -1.59794432319E+07  2.98126962971E+04 -5.35994566632E+02   21.4296061          1026005  0.81969    
       17700  -1.67738723         1247717.        0.000000       -45.18820     -1.59801048117E+07  2.98139306977E+04 -5.35994564880E+02   21.4246793          1026276  0.81342    
       17800  -1.67874985         1247593.        0.000000       -44.44554     -1.59859573381E+07  2.98248499433E+04 -5.35994560523E+02   21.4345784          1026287  0.81528    
       17900  -1.67699982         1247391.        0.000000       -45.45383     -1.59738421562E+07  2.98022470419E+04 -5.35994555503E+02   21.4253394          1026355  0.81198    
       18000  -1.67779258         1247574.        0.000000       -45.99995     -1.59717698847E+07  2.97983813228E+04 -5.35994546537E+02   21.4228409          1026425  0.82650    
       18100  -1.68018478         1248611.        0.000000       -45.61520     -1.59714026714E+07  2.97976959663E+04 -5.35994551036E+02   21.4186790          1027378  0.81409    
       18200  -1.67971243         1247687.        0.000000       -45.51539     -1.59706159173E+07  2.97962278393E+04 -5.35994556204E+02   21.4226830          1026765  0.80524    
       18300  -1.67840811         1248757.        0.000000       -46.49918     -1.59670638947E+07  2.97896004751E+04 -5.35994563205E+02   21.4090805          1027660  0.82071    
       18400  -1.68223449         1249088.        0.000000       -46.85600     -1.59747908993E+07  2.98040165614E+04 -5.35994565244E+02   21.4191205          1027852  0.81156    
       18500  -1.68328107         1248429.        0.000000       -47.09451     -1.59733552008E+07  2.98013381997E+04 -5.35994561509E+02   21.4314878          1027420  0.82908    
       18600  -1.67892998         1247494.        0.000000       -47.61155     -1.59605007836E+07  2.97773560020E+04 -5.35994558501E+02   21.4227738          1026756  0.80824    
       18700  -1.67796984         1247496.        0.000000       -47.17859     -1.59543377819E+07  2.97658584477E+04 -5.35994545895E+02   21.4188501          1026800  0.82330    
       18800  -1.67790217         1247430.        0.000000       -47.91455     -1.59449821589E+07  2.97484037690E+04 -5.35994545548E+02   21.4102978          1026761  0.82287    
       18900  -1.67833707         1247745.        0.000000       -48.19432     -1.59466769614E+07  2.97515657303E+04 -5.35994545832E+02   21.4069984          1027083  0.82703    
       19000  -1.67961649         1248207.        0.000000       -47.95554     -1.59505398416E+07  2.97587730492E+04 -5.35994538998E+02   21.4080448          1027357  0.82501    
       19100  -1.68015622         1248435.        0.000000       -47.95669     -1.59518851261E+07  2.97612830333E+04 -5.35994537205E+02   21.4069994          1027569  0.82662    
       19200  -1.68087624         1248447.        0.000000       -48.43396     -1.59504522137E+07  2.97586100549E+04 -5.35994530130E+02   21.4080759          1027855  0.80493    
       19300  -1.68213096         1248633.        0.000000       -48.41697     -1.59482365475E+07  2.97544761599E+04 -5.35994532782E+02   21.4063002          1028054  0.81414    
       19400  -1.67843943         1247815.        0.000000       -47.40271     -1.59446016596E+07  2.97476949846E+04 -5.35994525555E+02   21.4084112          1027244  0.82355    
       19500  -1.67792876         1247835.        0.000000       -45.61902     -1.59422784931E+07  2.97433613842E+04 -5.35994512765E+02   21.4102202          1027365  0.80987    
       19600  -1.67784246         1247231.        0.000000       -46.15377     -1.59382214059E+07  2.97357920781E+04 -5.35994513413E+02   21.4055306          1026801  0.82435    
       19700  -1.67633719         1247465.        0.000000       -45.30781     -1.59436682595E+07  2.97459539036E+04 -5.35994519160E+02   21.4090198          1027035  0.81836    
       19800  -1.67494848         1246427.        0.000000       -45.09196     -1.59435919401E+07  2.97458115304E+04 -5.35994518885E+02   21.4111453          1025858  0.82521    
       19900  -1.67201843         1245937.        0.000000       -45.33487     -1.59512246522E+07  2.97600517836E+04 -5.35994519370E+02   21.4194791          1025210  0.81409    
       20000  -1.66886685         1245197.        0.000000       -45.53026     -1.59524681464E+07  2.97623717320E+04 -5.35994519861E+02   21.4199486          1024326  0.81605    
       20100  -1.67044187         1246054.        0.000000       -44.12393     -1.59628099448E+07  2.97816662481E+04 -5.35994521321E+02   21.4162921          1024638  0.82321    
       20200  -1.67415523         1247439.        0.000000       -45.13228     -1.59795323726E+07  2.98128652540E+04 -5.35994519026E+02   21.4251872          1025781  0.81411    
       20300  -1.67753591         1247804.        0.000000       -45.02965     -1.59920767688E+07  2.98362693481E+04 -5.35994516680E+02   21.4327397          1025943  0.82178    
       20400  -1.67976062         1248513.        0.000000       -45.96671     -1.59946841492E+07  2.98411342158E+04 -5.35994511251E+02   21.4416641          1026826  0.82431    
       20500  -1.67989853         1247708.        0.000000       -45.88397     -1.59883390444E+07  2.98292957766E+04 -5.35994519086E+02   21.4418276          1026215  0.82266    
       20600  -1.67781123         1247552.        0.000000       -44.80286     -1.59787310332E+07  2.98113704603E+04 -5.35994514391E+02   21.4401872          1026309  0.81813    
       20700  -1.67720135         1246731.        0.000000       -44.34106     -1.59681023667E+07  2.97915403435E+04 -5.35994520009E+02   21.4341586          1025528  0.82487    
       20800  -1.67213460         1246198.        0.000000       -43.44389     -1.59630015619E+07  2.97820238808E+04 -5.35994518900E+02   21.4307183          1024822  0.81285    
       20900  -1.67334675         1247053.        0.000000       -44.19715     -1.59690512037E+07  2.97933102608E+04 -5.35994525748E+02   21.4265961          1025306  0.81721    
       21000  -1.68006778         1249356.        0.000000       -44.57970     -1.59822087004E+07  2.98178581248E+04 -5.35994524942E+02   21.4236496          1027333  0.82040    
       21100  -1.68639786         1249979.        0.000000       -45.61914     -1.59941952501E+07  2.98402211803E+04 -5.35994527434E+02   21.4357529          1028080  0.82076    
       21200  -1.68492645         1248972.        0.000000       -45.01741     -1.59833377391E+07  2.98199640493E+04 -5.35994534154E+02   21.4351927          1027691  0.83251    
       21300  -1.68360894         1248479.        0.000000       -45.53288     -1.59754389918E+07  2.98052274036E+04 -5.35994534632E+02   21.4317170          1027371  0.81384    
       21400  -1.67812779         1247347.        0.000000       -45.32569     -1.59639193338E+07  2.97837352474E+04 -5.35994535313E+02   21.4268085          1026640  0.81161    
       21500  -1.67574457         1247038.        0.000000       -46.01379     -1.59609986541E+07  2.97782866114E+04 -5.35994527232E+02   21.4216865          1026269  0.82218    
       21600  -1.67717441         1248521.        0.000000       -45.86984     -1.59689053691E+07  2.97930383520E+04 -5.35994522626E+02   21.4164775          1027447  0.83662    
       21700  -1.68223422         1248720.        0.000000       -45.84214     -1.59805500388E+07  2.98147631031E+04 -5.35994533431E+02   21.4273433          1027389  0.82063    
       21800  -1.68100379         1248829.        0.000000       -44.73794     -1.59782254083E+07  2.98104261232E+04 -5.35994532324E+02   21.4245191          1027583  0.80853    
       21900  -1.68141311         1248695.        0.000000       -45.34760     -1.59788246850E+07  2.98115445262E+04 -5.35994526246E+02   21.4272723          1027668  0.81680    
       22000  -1.68049940         1248913.        0.000000       -46.30401     -1.59710556370E+07  2.97970498296E+04 -5.35994527255E+02   21.4208494          1028121  0.82138    
       22100  -1.68131091         1248246.        0.000000       -45.37271     -1.59677759356E+07  2.97909312854E+04 -5.35994520701E+02   21.4261988          1027599  0.81185    
       22200  -1.67941024         1247817.        0.000000       -44.57937     -1.59638332954E+07  2.97835757216E+04 -5.35994517400E+02   21.4216228          1027096  0.82355    
       22300  -1.67996829         1247944.        0.000000       -43.73777     -1.59674263859E+07  2.97902792524E+04 -5.35994518568E+02   21.4254613          1027080  0.81961    
       22400  -1.67682637         1246820.        0.000000       -43.57045     -1.59649196512E+07  2.97856025288E+04 -5.35994517343E+02   21.4298851          1025876  0.83270    
       22500  -1.67543127         1247435.        0.000000       -43.38798     -1.59671954053E+07  2.97898484097E+04 -5.35994516847E+02   21.4219348          1026255  0.81024    
       22600  -1.67870693         1248448.        0.000000       -43.89188     -1.59735137319E+07  2.98016361854E+04 -5.35994521659E+02   21.4205947          1026975  0.81368    
       22700  -1.68086560         1248442.        0.000000       -44.56310     -1.59727569882E+07  2.98002241273E+04 -5.35994525408E+02   21.4223830          1027104  0.80816    
       22800  -1.67987388         1248574.        0.000000       -43.34727     -1.59660402045E+07  2.97876927772E+04 -5.35994523778E+02   21.4170815          1027500  0.82263    
       22900  -1.68240736         1248918.        0.000000       -44.01569     -1.59679911491E+07  2.97913325591E+04 -5.35994525168E+02   21.4181238          1027782  0.81619    
       23000  -1.68032029         1248109.        0.000000       -44.21098     -1.59608091226E+07  2.97779332828E+04 -5.35994522218E+02   21.4187269          1027254  0.81941    
       23100  -1.67818354         1247506.        0.000000       -44.20156     -1.59566014489E+07  2.97700830155E+04 -5.35994523110E+02   21.4176601          1026755  0.81810    
       23200  -1.67788871         1247679.        0.000000       -43.83607     -1.59540524474E+07  2.97653273999E+04 -5.35994522520E+02   21.4159147          1027055  0.83195    
       23300  -1.67911161         1248447.        0.000000       -43.00885     -1.59586320877E+07  2.97738714569E+04 -5.35994524956E+02   21.4161419          1027571  0.83516    
       23400  -1.67971466         1247076.        0.000000       -43.78857     -1.59561291196E+07  2.97692019372E+04 -5.35994520552E+02   21.4275493          1026496  0.83122    
       23500  -1.67439726         1246556.        0.000000       -44.05439     -1.59491840625E+07  2.97562448260E+04 -5.35994516639E+02   21.4225024          1026170  0.82582    
       23600  -1.67418241         1246667.        0.000000       -43.61926     -1.59449682228E+07  2.97483789520E+04 -5.35994524223E+02   21.4131640          1026188  0.82180    
       23700  -1.67479607         1246998.        0.000000       -44.51454     -1.59455153967E+07  2.97493994030E+04 -5.35994531544E+02   21.4074568          1026584  0.82735    
       23800  -1.67780500         1248367.        0.000000       -44.40922     -1.59553988753E+07  2.97678392396E+04 -5.35994525734E+02   21.4058826          1027433  0.82120    
       23900  -1.68238128         1248428.        0.000000       -44.07190     -1.59679592767E+07  2.97912730078E+04 -5.35994526735E+02   21.4216920          1027397  0.80676    
       24000  -1.67950858         1247873.        0.000000       -43.90910     -1.59664927836E+07  2.97885368238E+04 -5.35994529642E+02   21.4231378          1026923  0.82211    
       24100  -1.67873138         1248180.        0.000000       -44.16730     -1.59658980739E+07  2.97874271977E+04 -5.35994531114E+02   21.4200957          1027249  0.81380    
       24200  -1.68105575         1248753.        0.000000       -45.40494     -1.59651787403E+07  2.97860851919E+04 -5.35994530244E+02   21.4183397          1027866  0.81600    
       24300  -1.68192544         1248337.        0.000000       -45.73387     -1.59665416598E+07  2.97886278845E+04 -5.35994531931E+02   21.4260848          1027523  0.82395    
       24400  -1.67862541         1247624.        0.000000       -44.19851     -1.59556400607E+07  2.97682889198E+04 -5.35994531084E+02   21.4206373          1026983  0.81581    
       24500  -1.67867521         1248108.        0.000000       -44.56705     -1.59531760920E+07  2.97636920910E+04 -5.35994527937E+02   21.4103102          1027269  0.81506    
       24600  -1.67869771         1248175.        0.000000       -43.38741     -1.59547313081E+07  2.97665935907E+04 -5.35994528884E+02   21.4142300          1027521  0.83249    
       24700  -1.67773949         1247423.        0.000000       -42.74836     -1.59521798050E+07  2.97618332639E+04 -5.35994529086E+02   21.4170287          1026835  0.83763    
       24800  -1.67716185         1247494.        0.000000       -42.74472     -1.59501539306E+07  2.97580538267E+04 -5.35994525162E+02   21.4177896          1026899  0.82900    
       24900  -1.67866254         1247644.        0.000000       -43.55777     -1.59463844390E+07  2.97510212953E+04 -5.35994522028E+02   21.4154027          1026989  0.81349    
       25000  -1.67681923         1246966.        0.000000       -41.88589     -1.59385974471E+07  2.97364931354E+04 -5.35994522774E+02   21.4166175          1026600  0.81574    
       25100  -1.67585059         1247194.        0.000000       -42.65824     -1.59358184484E+07  2.97313082737E+04 -5.35994524754E+02   21.4058138          1026507  0.82011    
       25200  -1.67690391         1248295.        0.000000       -42.00627     -1.59427414630E+07  2.97442248642E+04 -5.35994517784E+02   21.4070608          1027425  0.82532    
       25300  -1.68049685         1247944.        0.000000       -41.16173     -1.59478435274E+07  2.97537438707E+04 -5.35994515404E+02   21.4151145          1027140  0.82954    
       25400  -1.67966467         1248251.        0.000000       -42.02216     -1.59466477577E+07  2.97515131125E+04 -5.35994512191E+02   21.4107730          1027453  0.82115    
       25500  -1.68086373         1248426.        0.000000       -42.97083     -1.59502225618E+07  2.97581825067E+04 -5.35994513716E+02   21.4152247          1027629  0.82060    
       25600  -1.68254754         1249321.        0.000000       -43.22871     -1.59497257713E+07  2.97572556725E+04 -5.35994513298E+02   21.4133943          1028617  0.82290    
       25700  -1.68366651         1248647.        0.000000       -42.14878     -1.59427560325E+07  2.97442521039E+04 -5.35994516750E+02   21.4109151          1027993  0.82938    
       25800  -1.68408107         1249575.        0.000000       -42.82717     -1.59404867533E+07  2.97400177880E+04 -5.35994526533E+02   21.4008240          1028776  0.81879    
       25900  -1.68542057         1249075.        0.000000       -44.29903     -1.59409976038E+07  2.97409708064E+04 -5.35994527804E+02   21.4100495          1028682  0.81659    
       26000  -1.68284525         1248114.        0.000000       -44.08335     -1.59346379313E+07  2.97291061504E+04 -5.35994518323E+02   21.4149120          1027916  0.82750    
       26100  -1.67947837         1247935.        0.000000       -43.99068     -1.59189352381E+07  2.96998102032E+04 -5.35994510712E+02   21.4046591          1028109  0.81688    
       26200  -1.68144564         1249659.        0.000000       -44.14369     -1.59133431601E+07  2.96893774171E+04 -5.35994505258E+02   21.3835790          1029593  0.82557    
       26300  -1.68509048         1249174.        0.000000       -44.00743     -1.59171522477E+07  2.96964833795E+04 -5.35994516397E+02   21.3966154          1029441  0.82558    
       26400  -1.68196784         1247889.        0.000000       -43.88094     -1.59067891771E+07  2.96771493388E+04 -5.35994511988E+02   21.3952566          1028381  0.82391    
       26500  -1.67757782         1247126.        0.000000       -44.05898     -1.58948198198E+07  2.96548182004E+04 -5.35994512340E+02   21.3872125          1027635  0.81435    
       26600  -1.67873650         1248043.        0.000000       -44.66372     -1.58997794067E+07  2.96640708875E+04 -5.35994518992E+02   21.3849758          1028404  0.81713    
       26700  -1.68073788         1248828.        0.000000       -45.60268     -1.59082489662E+07  2.96798724676E+04 -5.35994518962E+02   21.3856169          1029087  0.82078    
       26800  -1.68178969         1248517.        0.000000       -44.82460     -1.59109676077E+07  2.96849446621E+04 -5.35994518054E+02   21.3940206          1028881  0.81820    
       26900  -1.68050376         1248014.        0.000000       -44.43301     -1.59061634088E+07  2.96759815091E+04 -5.35994518123E+02   21.3934150          1028459  0.83471    
       27000  -1.67856433         1247767.        0.000000       -43.60828     -1.59029964422E+07  2.96700731177E+04 -5.35994514713E+02   21.3925028          1028244  0.81383    
       27100  -1.67630780         1246822.        0.000000       -44.36170     -1.58991584368E+07  2.96629128322E+04 -5.35994510274E+02   21.3925187          1027158  0.82387    
       27200  -1.67426292         1246345.        0.000000       -43.59615     -1.59061153744E+07  2.96758920979E+04 -5.35994514400E+02   21.3952918          1026505  0.80696    
       27300  -1.67601300         1247675.        0.000000       -43.37983     -1.59189239935E+07  2.96997887124E+04 -5.35994519948E+02   21.3964508          1027544  0.80989    
       27400  -1.67609039         1247047.        0.000000       -44.59451     -1.59288778988E+07  2.97183594628E+04 -5.35994522804E+02   21.4038280          1026707  0.81556    
       27500  -1.67753177         1247972.        0.000000       -43.27139     -1.59334255674E+07  2.97268442539E+04 -5.35994518333E+02   21.4036692          1027440  0.81422    
       27600  -1.67787837         1247163.        0.000000       -43.33641     -1.59285015595E+07  2.97176575733E+04 -5.35994518419E+02   21.4048029          1026872  0.81451    
       27700  -1.67605732         1246940.        0.000000       -44.35064     -1.59250917469E+07  2.97112958081E+04 -5.35994520392E+02   21.4033528          1026610  0.81357    
       27800  -1.67752687         1247675.        0.000000       -45.10094     -1.59267963388E+07  2.97144762411E+04 -5.35994516934E+02   21.3991821          1027195  0.82098    
       27900  -1.67896819         1248216.        0.000000       -45.75795     -1.59335812276E+07  2.97271345636E+04 -5.35994520207E+02   21.4040076          1027541  0.82213    
       28000  -1.68056932         1248723.        0.000000       -44.53612     -1.59368020517E+07  2.97331435019E+04 -5.35994522433E+02   21.4067009          1028057  0.81130    
       28100  -1.68020960         1247903.        0.000000       -43.95317     -1.59347405560E+07  2.97292978186E+04 -5.35994514679E+02   21.4096311          1027448  0.80937    
       28200  -1.67694777         1246887.        0.000000       -43.83625     -1.59287623054E+07  2.97181437760E+04 -5.35994523260E+02   21.4088818          1026603  0.80586    
       28300  -1.67591286         1247117.        0.000000       -43.64102     -1.59285401477E+07  2.97177295218E+04 -5.35994519230E+02   21.4043050          1026710  0.82266    
       28400  -1.67685445         1247515.        0.000000       -43.76860     -1.59389679875E+07  2.97371843531E+04 -5.35994524506E+02   21.4084894          1026588  0.81402    
       28500  -1.67677512         1247333.        0.000000       -43.56618     -1.59443190680E+07  2.97471678166E+04 -5.35994524466E+02   21.4140400          1026349  0.82793    
       28600  -1.67575543         1246694.        0.000000       -43.03197     -1.59458974447E+07  2.97501125832E+04 -5.35994524396E+02   21.4221627          1025878  0.81096    
       28700  -1.67433236         1246891.        0.000000       -43.49431     -1.59425391612E+07  2.97438468211E+04 -5.35994528789E+02   21.4148613          1025891  0.82165    
       28800  -1.67461178         1246396.        0.000000       -44.11876     -1.59467358137E+07  2.97516768741E+04 -5.35994521627E+02   21.4245403          1025242  0.82272    
       28900  -1.67348820         1246356.        0.000000       -44.67424     -1.59512617606E+07  2.97601208927E+04 -5.35994521598E+02   21.4240712          1025054  0.83360    
       29000  -1.67316457         1246953.        0.000000       -44.82346     -1.59570129825E+07  2.97708505533E+04 -5.35994527734E+02   21.4265625          1025426  0.82083    
       29100  -1.67697997         1247903.        0.000000       -44.03147     -1.59621119613E+07  2.97803640547E+04 -5.35994520818E+02   21.4244312          1026205  0.83492    
       29200  -1.68146671         1248725.        0.000000       -44.40391     -1.59701814391E+07  2.97954197488E+04 -5.35994511029E+02   21.4291771          1026860  0.81398    
       29300  -1.68281166         1249210.        0.000000       -43.02633     -1.59674456178E+07  2.97903160263E+04 -5.35994502499E+02   21.4261386          1027656  0.81408    
       29400  -1.68306691         1248953.        0.000000       -43.15563     -1.59611066677E+07  2.97784896875E+04 -5.35994499226E+02   21.4224275          1027554  0.82186    
       29500  -1.68132244         1248038.        0.000000       -41.97753     -1.59560235541E+07  2.97690057162E+04 -5.35994507382E+02   21.4304198          1027103  0.81936    
       29600  -1.68033229         1248700.        0.000000       -42.86421     -1.59449950873E+07  2.97484299007E+04 -5.35994509308E+02   21.4152887          1027747  0.80160    
       29700  -1.68143923         1248377.        0.000000       -43.69603     -1.59416332182E+07  2.97421576092E+04 -5.35994510810E+02   21.4128203          1027398  0.81363    
       29800  -1.67689702         1247100.        0.000000       -44.13695     -1.59302243349E+07  2.97208725150E+04 -5.35994504429E+02   21.4140858          1026598  0.80622    
       29900  -1.67417741         1246833.        0.000000       -45.26310     -1.59265586691E+07  2.97140337800E+04 -5.35994499669E+02   21.4028751          1026165  0.81656    
       30000  -1.67399319         1246747.        0.000000       -45.20001     -1.59293428573E+07  2.97192280443E+04 -5.35994502736E+02   21.4067411          1026021  0.80923    
       30100  -1.67768361         1247859.        0.000000       -43.63510     -1.59401981840E+07  2.97394810651E+04 -5.35994496645E+02   21.4083174          1026787  0.82453    
       30200  -1.67801457         1247796.        0.000000       -43.83287     -1.59425492223E+07  2.97438675504E+04 -5.35994493495E+02   21.4130406          1026653  0.81487    
       30300  -1.67576117         1246762.        0.000000       -42.01589     -1.59386072331E+07  2.97365131682E+04 -5.35994490778E+02   21.4142326          1025601  0.80773    
       30400  -1.67526744         1247526.        0.000000       -41.86789     -1.59355370182E+07  2.97307850888E+04 -5.35994490916E+02   21.4094314          1026501  0.82280    
       30500  -1.67988735         1248038.        0.000000       -41.84854     -1.59402867890E+07  2.97396464062E+04 -5.35994496079E+02   21.4073888          1026837  0.80312    
       30600  -1.67890394         1247961.        0.000000       -41.60842     -1.59400692909E+07  2.97392403191E+04 -5.35994501537E+02   21.4118563          1026970  0.81889    
       30700  -1.67893216         1248139.        0.000000       -41.08548     -1.59412453879E+07  2.97414341816E+04 -5.35994508219E+02   21.4093972          1027177  0.81047    
       30800  -1.68006570         1248001.        0.000000       -41.04341     -1.59468863528E+07  2.97519585487E+04 -5.35994506939E+02   21.4214988          1027017  0.82082    
       30900  -1.67994394         1247520.        0.000000       -40.73541     -1.59430168178E+07  2.97447387088E+04 -5.35994515666E+02   21.4200953          1026728  0.82182    
       31000  -1.67750202         1247356.        0.000000       -41.25679     -1.59387130977E+07  2.97367094919E+04 -5.35994512171E+02   21.4176922          1026799  0.82352    
       31100  -1.67688605         1247398.        0.000000       -42.05105     -1.59427383262E+07  2.97442194911E+04 -5.35994509151E+02   21.4146356          1026592  0.81639    
       31200  -1.67732866         1247564.        0.000000       -43.81407     -1.59492279987E+07  2.97563273260E+04 -5.35994507115E+02   21.4137867          1026492  0.82958    
       31300  -1.67763148         1247682.        0.000000       -43.43432     -1.59584584958E+07  2.97735484706E+04 -5.35994509070E+02   21.4223891          1026462  0.81637    
       31400  -1.67960801         1248641.        0.000000       -43.38809     -1.59628681801E+07  2.97817756269E+04 -5.35994508188E+02   21.4215439          1027424  0.82125    
       31500  -1.67936981         1247950.        0.000000       -44.81542     -1.59631256610E+07  2.97822559894E+04 -5.35994508499E+02   21.4254635          1026904  0.81868    
       31600  -1.67895618         1248321.        0.000000       -44.24044     -1.59593329562E+07  2.97751798856E+04 -5.35994510110E+02   21.4194561          1027201  0.83093    
       31700  -1.68023499         1248429.        0.000000       -46.34951     -1.59554542789E+07  2.97679432357E+04 -5.35994514388E+02   21.4161714          1027576  0.83733    
       31800  -1.68016551         1248451.        0.000000       -46.63240     -1.59567755776E+07  2.97704084554E+04 -5.35994512858E+02   21.4162076          1027541  0.81623    
       31900  -1.68167598         1248401.        0.000000       -45.81049     -1.59547003511E+07  2.97665364086E+04 -5.35994518546E+02   21.4166386          1027407  0.82442    
       32000  -1.67737031         1246800.        0.000000       -44.48125     -1.59500775068E+07  2.97579116563E+04 -5.35994517730E+02   21.4225442          1026011  0.82666    
       32100  -1.67616000         1247163.        0.000000       -43.91627     -1.59509145189E+07  2.97594735854E+04 -5.35994511902E+02   21.4228748          1026367  0.81263    
       32200  -1.67595449         1247033.        0.000000       -42.47081     -1.59538830845E+07  2.97650123230E+04 -5.35994506281E+02   21.4202712          1025997  0.82588    
       32300  -1.67592549         1247366.        0.000000       -43.71688     -1.59578501939E+07  2.97724136487E+04 -5.35994507606E+02   21.4211323          1026263  0.81464    
       32400  -1.67995591         1248710.        0.000000       -43.28072     -1.59656329198E+07  2.97869333957E+04 -5.35994515033E+02   21.4194941          1027409  0.81897    
       32500  -1.68152459         1248747.        0.000000       -43.44785     -1.59682054889E+07  2.97917324198E+04 -5.35994525727E+02   21.4223696          1027311  0.81747    
       32600  -1.68267828         1248725.        0.000000       -43.13860     -1.59666306068E+07  2.97887941676E+04 -5.35994525894E+02   21.4225156          1027384  0.82262    
       32700  -1.67887696         1247058.        0.000000       -43.90369     -1.59604560535E+07  2.97772739107E+04 -5.35994533996E+02   21.4266601          1026062  0.81374    
       32800  -1.67664810         1247264.        0.000000       -44.29482     -1.59572857821E+07  2.97713592442E+04 -5.35994532572E+02   21.4197390          1026165  0.82681    
       32900  -1.67641949         1247608.        0.000000       -44.01709     -1.59646511043E+07  2.97851006771E+04 -5.35994532212E+02   21.4205697          1026359  0.81833    
       33000  -1.67781963         1248034.        0.000000       -43.19738     -1.59666497406E+07  2.97888295376E+04 -5.35994531789E+02   21.4246905          1026928  0.82282    
       33100  -1.68062718         1248481.        0.000000       -42.40546     -1.59711175197E+07  2.97971648691E+04 -5.35994534711E+02   21.4258360          1027202  0.80444    
       33200  -1.68068205         1247877.        0.000000       -42.07431     -1.59755501080E+07  2.98054352093E+04 -5.35994525690E+02   21.4309344          1026367  0.81807    
       33300  -1.67650125         1246898.        0.000000       -43.58372     -1.59727454736E+07  2.98002029397E+04 -5.35994520100E+02   21.4336985          1025632  0.81128    
       33400  -1.67544592         1246854.        0.000000       -43.60184     -1.59715252102E+07  2.97979261824E+04 -5.35994522317E+02   21.4290738          1025477  0.81739    
       33500  -1.67666026         1247526.        0.000000       -43.67971     -1.59791338946E+07  2.98121216238E+04 -5.35994522506E+02   21.4328496          1025904  0.82803    
       33600  -1.67912901         1248501.        0.000000       -44.69668     -1.59806198049E+07  2.98148935574E+04 -5.35994528175E+02   21.4282828          1026931  0.81408    
       33700  -1.68159067         1248156.        0.000000       -44.27389     -1.59840072045E+07  2.98212133135E+04 -5.35994529682E+02   21.4393073          1026623  0.82752    
       33800  -1.67849920         1247724.        0.000000       -44.50308     -1.59773251140E+07  2.98087466406E+04 -5.35994528941E+02   21.4337280          1026393  0.82214    
       33900  -1.67632172         1246851.        0.000000       -44.85321     -1.59728533939E+07  2.98004037992E+04 -5.35994528849E+02   21.4344522          1025559  0.81638    
       34000  -1.67614021         1247688.        0.000000       -45.58789     -1.59777009912E+07  2.98094481370E+04 -5.35994524884E+02   21.4323286          1026226  0.81767    
       34100  -1.67660158         1247538.        0.000000       -45.66524     -1.59846312668E+07  2.98223779679E+04 -5.35994523443E+02   21.4363559          1025761  0.81986    
       34200  -1.67973461         1248803.        0.000000       -45.13595     -1.59933911528E+07  2.98387211218E+04 -5.35994524952E+02   21.4351514          1026852  0.81384    
       34300  -1.68243523         1248843.        0.000000       -43.48682     -1.59982163105E+07  2.98477234092E+04 -5.35994524313E+02   21.4418904          1026838  0.83345    
       34400  -1.68274183         1249180.        0.000000       -43.06116     -1.59948112909E+07  2.98413704130E+04 -5.35994529393E+02   21.4361024          1027228  0.82700    
       34500  -1.68306970         1248293.        0.000000       -42.91563     -1.59939553129E+07  2.98397736694E+04 -5.35994524963E+02   21.4452631          1026440  0.82860    
       34600  -1.67896146         1247559.        0.000000       -43.90437     -1.59920372424E+07  2.98361952585E+04 -5.35994522890E+02   21.4454411          1025706  0.81834    
       34700  -1.67905654         1247905.        0.000000       -44.41763     -1.59942321205E+07  2.98402898579E+04 -5.35994529433E+02   21.4424448          1025926  0.81253    
       34800  -1.67901856         1247793.        0.000000       -44.39761     -1.59937530447E+07  2.98393960687E+04 -5.35994529107E+02   21.4422219          1025813  0.82451    
       34900  -1.67744125         1247492.        0.000000       -43.72629     -1.59928605230E+07  2.98377309012E+04 -5.35994529073E+02   21.4430129          1025779  0.82203    
       35000  -1.67747240         1247652.        0.000000       -43.85143     -1.59940761445E+07  2.98399991762E+04 -5.35994523662E+02   21.4415899          1025699  0.82009    
       35100  -1.67988407         1248060.        0.000000       -43.40084     -1.59999179573E+07  2.98508981478E+04 -5.35994524454E+02   21.4432813          1025861  0.83873    
       35200  -1.68089479         1248650.        0.000000       -43.43962     -1.60055906197E+07  2.98614813372E+04 -5.35994528838E+02   21.4462469          1026536  0.81640    
       35300  -1.68032830         1248139.        0.000000       -42.83605     -1.60043892499E+07  2.98592396548E+04 -5.35994534185E+02   21.4494563          1026137  0.80408    
       35400  -1.67897811         1247959.        0.000000       -41.88546     -1.59963448656E+07  2.98442314694E+04 -5.35994531539E+02   21.4449902          1025882  0.80778    
       35500  -1.67881760         1247919.        0.000000       -42.91314     -1.59976131117E+07  2.98465971436E+04 -5.35994540172E+02   21.4411359          1025549  0.81823    
       35600  -1.67922255         1248257.        0.000000       -44.73733     -1.60090863434E+07  2.98680028505E+04 -5.35994536480E+02   21.4480542          1025772  0.81397    
       35700  -1.68132012         1248857.        0.000000       -44.94822     -1.60093171449E+07  2.98684330908E+04 -5.35994543009E+02   21.4492006          1026547  0.81468    
       35800  -1.68152411         1248522.        0.000000       -45.01519     -1.60011463659E+07  2.98531889642E+04 -5.35994542661E+02   21.4461023          1026597  0.82762    
       35900  -1.68045841         1247766.        0.000000       -43.49300     -1.59880243559E+07  2.98287072881E+04 -5.35994543830E+02   21.4411562          1026002  0.81801    
       36000  -1.67872117         1248230.        0.000000       -42.81752     -1.59792260329E+07  2.98122920870E+04 -5.35994548365E+02   21.4303837          1026673  0.81485    
       36100  -1.68246761         1248941.        0.000000       -43.83461     -1.59787287105E+07  2.98113654083E+04 -5.35994527311E+02   21.4241428          1027342  0.82273    
       36200  -1.68155402         1248560.        0.000000       -43.75632     -1.59761969383E+07  2.98066422807E+04 -5.35994520545E+02   21.4344203          1027345  0.82209    
       36300  -1.68049601         1248104.        0.000000       -42.89086     -1.59690175162E+07  2.97932478689E+04 -5.35994517500E+02   21.4294998          1026992  0.83877    
       36400  -1.67884512         1248047.        0.000000       -43.16397     -1.59654089377E+07  2.97865150646E+04 -5.35994523130E+02   21.4240978          1026899  0.82353    
       36500  -1.68124941         1248535.        0.000000       -43.38747     -1.59660003860E+07  2.97876185093E+04 -5.35994523394E+02   21.4255907          1027490  0.83159    
       36600  -1.68146425         1248847.        0.000000       -42.52428     -1.59669131076E+07  2.97893218415E+04 -5.35994514833E+02   21.4235669          1027583  0.81392    
       36700  -1.67943093         1247548.        0.000000       -43.88378     -1.59661232751E+07  2.97878479351E+04 -5.35994520647E+02   21.4314329          1026498  0.80997    
       36800  -1.67879945         1247807.        0.000000       -45.46582     -1.59671168308E+07  2.97897009411E+04 -5.35994532551E+02   21.4279694          1026791  0.81948    
       36900  -1.68259720         1249303.        0.000000       -46.23799     -1.59689419955E+07  2.97931062508E+04 -5.35994530447E+02   21.4278496          1028119  0.81731    
       37000  -1.68595663         1249887.        0.000000       -46.11080     -1.59631180076E+07  2.97822406290E+04 -5.35994527964E+02   21.4201712          1028690  0.81132    
       37100  -1.68410974         1248781.        0.000000       -45.47342     -1.59541336603E+07  2.97654786680E+04 -5.35994527023E+02   21.4238645          1027895  0.80994    
       37200  -1.68256142         1249096.        0.000000       -44.77356     -1.59437077770E+07  2.97460272391E+04 -5.35994526223E+02   21.4113139          1028412  0.82559    
       37300  -1.67968692         1247446.        0.000000       -44.28938     -1.59364572274E+07  2.97324996609E+04 -5.35994531543E+02   21.4165452          1027135  0.81439    
       37400  -1.67689385         1247446.        0.000000       -43.43585     -1.59305341393E+07  2.97214488483E+04 -5.35994534473E+02   21.4055671          1027031  0.81965    
       37500  -1.67609606         1247420.        0.000000       -42.98747     -1.59300725248E+07  2.97205875787E+04 -5.35994535190E+02   21.4024897          1026876  0.82677    
       37600  -1.67922017         1248316.        0.000000       -43.76217     -1.59375287892E+07  2.97344986920E+04 -5.35994534639E+02   21.4059331          1027670  0.82734    
       37700  -1.67911171         1247731.        0.000000       -45.57532     -1.59400715310E+07  2.97392425655E+04 -5.35994536375E+02   21.4081638          1026991  0.82708    
       37800  -1.67837767         1247979.        0.000000       -46.97552     -1.59471298275E+07  2.97524111065E+04 -5.35994537397E+02   21.4093936          1026922  0.82627    
       37900  -1.67675532         1247174.        0.000000       -47.19873     -1.59460082479E+07  2.97503188424E+04 -5.35994532778E+02   21.4156584          1026362  0.82217    
       38000  -1.67608274         1247336.        0.000000       -47.40252     -1.59416226788E+07  2.97421367985E+04 -5.35994531488E+02   21.4127849          1026635  0.84077    
       38100  -1.67721507         1247423.        0.000000       -46.16876     -1.59440758885E+07  2.97467136522E+04 -5.35994532872E+02   21.4170856          1026724  0.82172    
       38200  -1.67440756         1246197.        0.000000       -45.49245     -1.59363153883E+07  2.97322351210E+04 -5.35994529958E+02   21.4154171          1025445  0.83582    
       38300  -1.67262027         1246639.        0.000000       -46.62240     -1.59380142876E+07  2.97354050284E+04 -5.35994524789E+02   21.4093006          1025748  0.80198    
       38400  -1.67616509         1248034.        0.000000       -44.98470     -1.59473081190E+07  2.97527445045E+04 -5.35994523685E+02   21.4096406          1027069  0.81940    
       38500  -1.67783037         1247388.        0.000000       -44.29637     -1.59458511795E+07  2.97500261883E+04 -5.35994525803E+02   21.4152186          1026695  0.80933    
       38600  -1.67688651         1247127.        0.000000       -45.50660     -1.59395233919E+07  2.97382201883E+04 -5.35994531314E+02   21.4129979          1026666  0.81473    
       38700  -1.67508570         1246849.        0.000000       -45.46077     -1.59386415790E+07  2.97365753075E+04 -5.35994525738E+02   21.4103669          1026160  0.80994    
       38800  -1.67425302         1247249.        0.000000       -46.03496     -1.59342355545E+07  2.97283547516E+04 -5.35994530733E+02   21.4046493          1026550  0.81929    
       38900  -1.67634431         1247468.        0.000000       -45.11641     -1.59327624609E+07  2.97256066370E+04 -5.35994526721E+02   21.4058372          1026918  0.80945    
       39000  -1.67898356         1248263.        0.000000       -44.38882     -1.59347915026E+07  2.97293924992E+04 -5.35994521348E+02   21.4058163          1027820  0.82343    
       39100  -1.67897758         1247232.        0.000000       -45.09551     -1.59322027910E+07  2.97245626953E+04 -5.35994522588E+02   21.4073994          1026787  0.82233    
       39200  -1.67590578         1247179.        0.000000       -45.51941     -1.59305435383E+07  2.97214668094E+04 -5.35994526801E+02   21.4044367          1026739  0.81165    
       39300  -1.67791290         1247706.        0.000000       -44.21524     -1.59311477552E+07  2.97225939239E+04 -5.35994529818E+02   21.4023713          1027049  0.81287    
       39400  -1.67943994         1248001.        0.000000       -44.84631     -1.59325607868E+07  2.97252297425E+04 -5.35994538133E+02   21.4062520          1027572  0.81858    
       39500  -1.68111742         1248819.        0.000000       -43.86331     -1.59306761540E+07  2.97217137593E+04 -5.35994535277E+02   21.3992455          1028450  0.82137    
       39600  -1.68166215         1248599.        0.000000       -43.08410     -1.59224714294E+07  2.97064066933E+04 -5.35994527841E+02   21.3973787          1028441  0.81845    
       39700  -1.68117696         1247717.        0.000000       -43.97946     -1.59237110944E+07  2.97087193991E+04 -5.35994530105E+02   21.4022045          1027576  0.82643    
       39800  -1.67614511         1246625.        0.000000       -43.41437     -1.59215431069E+07  2.97046749377E+04 -5.35994524105E+02   21.4051781          1026681  0.82472    
       39900  -1.67423934         1247119.        0.000000       -44.08609     -1.59244818607E+07  2.97101577238E+04 -5.35994524457E+02   21.3975463          1026814  0.82247    
       40000  -1.67684940         1247341.        0.000000       -43.65108     -1.59362769073E+07  2.97321633814E+04 -5.35994528986E+02   21.4070065          1026687  0.81109    
       40100  -1.67538175         1246691.        0.000000       -44.36283     -1.59351500204E+07  2.97300612418E+04 -5.35994523886E+02   21.4109799          1026141  0.82695    
       40200  -1.67219512         1246328.        0.000000       -43.90779     -1.59291955696E+07  2.97189521392E+04 -5.35994522789E+02   21.4057504          1025839  0.81462    
       40300  -1.67445347         1247012.        0.000000       -44.67479     -1.59381787666E+07  2.97357121550E+04 -5.35994520108E+02   21.4087729          1026088  0.82050    
       40400  -1.67597326         1247833.        0.000000       -45.27464     -1.59447064274E+07  2.97478909234E+04 -5.35994517005E+02   21.4098006          1026832  0.82448    
       40500  -1.67700210         1247659.        0.000000       -44.47833     -1.59465452410E+07  2.97513216046E+04 -5.35994516576E+02   21.4137482          1026513  0.81600    
       40600  -1.67960423         1248390.        0.000000       -43.36607     -1.59514457504E+07  2.97604640783E+04 -5.35994523084E+02   21.4139197          1027103  0.82122    
       40700  -1.68205456         1248462.        0.000000       -42.87540     -1.59554499810E+07  2.97679348677E+04 -5.35994520677E+02   21.4223228          1027553  0.81417    
       40800  -1.68314158         1249534.        0.000000       -41.91538     -1.59535262506E+07  2.97643462968E+04 -5.35994511405E+02   21.4159709          1028651  0.81932    
       40900  -1.68286356         1248680.        0.000000       -41.95562     -1.59496507016E+07  2.97571156102E+04 -5.35994513397E+02   21.4173017          1027744  0.83119    
       41000  -1.67926435         1247146.        0.000000       -42.87083     -1.59486683050E+07  2.97552827726E+04 -5.35994513206E+02   21.4258206          1026445  0.81007    
       41100  -1.67523028         1246061.        0.000000       -44.27020     -1.59448746680E+07  2.97482046684E+04 -5.35994519526E+02   21.4272153          1025589  0.81467    
       41200  -1.67349440         1246924.        0.000000       -45.71809     -1.59421550308E+07  2.97431310409E+04 -5.35994512779E+02   21.4146338          1026185  0.82066    
       41300  -1.67501859         1247338.        0.000000       -45.07259     -1.59516675024E+07  2.97608786077E+04 -5.35994508520E+02   21.4123988          1026274  0.81303    
       41400  -1.67657606         1247401.        0.000000       -45.09806     -1.59623880402E+07  2.97808793704E+04 -5.35994516538E+02   21.4189705          1026076  0.81872    
       41500  -1.67670843         1247211.        0.000000       -45.03837     -1.59698030992E+07  2.97947138295E+04 -5.35994511999E+02   21.4304703          1025754  0.81317    
       41600  -1.67721387         1247386.        0.000000       -44.13760     -1.59742712013E+07  2.98030498179E+04 -5.35994513946E+02   21.4287206          1025717  0.82559    
       41700  -1.67835777         1248499.        0.000000       -44.20494     -1.59855966090E+07  2.98241796518E+04 -5.35994511690E+02   21.4339973          1026683  0.81563    
       41800  -1.68243795         1248918.        0.000000       -44.47685     -1.59853065839E+07  2.98236384048E+04 -5.35994514381E+02   21.4342606          1027270  0.82570    
       41900  -1.67986321         1247699.        0.000000       -44.54835     -1.59807340822E+07  2.98151072136E+04 -5.35994520083E+02   21.4363520          1026425  0.82910    
       42000  -1.67646908         1246810.        0.000000       -45.70725     -1.59761596739E+07  2.98065727782E+04 -5.35994520160E+02   21.4353733          1025540  0.81158    
       42100  -1.67561850         1247595.        0.000000       -46.69100     -1.59720083551E+07  2.97988277358E+04 -5.35994519539E+02   21.4264673          1026147  0.81927    
       42200  -1.67826011         1248341.        0.000000       -46.49307     -1.59745284877E+07  2.98035297028E+04 -5.35994516322E+02   21.4239052          1026977  0.81723    
       42300  -1.68059022         1248368.        0.000000       -46.00687     -1.59768161173E+07  2.98077976792E+04 -5.35994516913E+02   21.4272864          1026840  0.81550    
       42400  -1.68177652         1248772.        0.000000       -45.35575     -1.59774408841E+07  2.98089634136E+04 -5.35994514886E+02   21.4314701          1027372  0.80955    
       42500  -1.68108902         1247961.        0.000000       -45.85024     -1.59708418085E+07  2.97966514967E+04 -5.35994516375E+02   21.4292164          1026726  0.81005    
       42600  -1.67967223         1247998.        0.000000       -46.57751     -1.59657622255E+07  2.97871742041E+04 -5.35994522881E+02   21.4230314          1026936  0.81016    
       42700  -1.67889960         1247462.        0.000000       -46.91632     -1.59610702572E+07  2.97784201153E+04 -5.35994528770E+02   21.4197602          1026478  0.82318    
       42800  -1.67681327         1247074.        0.000000       -47.09607     -1.59590095457E+07  2.97745756715E+04 -5.35994525052E+02   21.4145666          1025899  0.81444    
       42900  -1.67682998         1247504.        0.000000       -47.51618     -1.59618526120E+07  2.97798798064E+04 -5.35994527707E+02   21.4167293          1026226  0.80162    
       43000  -1.67651470         1246588.        0.000000       -46.67869     -1.59583014035E+07  2.97732547011E+04 -5.35994521380E+02   21.4215595          1025714  0.82777    
       43100  -1.67627789         1248052.        0.000000       -47.55221     -1.59581789996E+07  2.97730264628E+04 -5.35994519049E+02   21.4080344          1027021  0.83430    
       43200  -1.67999729         1247921.        0.000000       -48.02427     -1.59706231533E+07  2.97962434115E+04 -5.35994518930E+02   21.4163883          1026687  0.82643    
       43300  -1.67854846         1247908.        0.000000       -47.33269     -1.59778563006E+07  2.98097383432E+04 -5.35994516848E+02   21.4188779          1026414  0.82301    
       43400  -1.67584543         1246655.        0.000000       -47.15420     -1.59786366286E+07  2.98111944193E+04 -5.35994512796E+02   21.4249772          1025223  0.82507    
       43500  -1.67544400         1247137.        0.000000       -47.23287     -1.59850971753E+07  2.98232478029E+04 -5.35994512769E+02   21.4272307          1025489  0.82423    
       43600  -1.67588289         1248244.        0.000000       -47.70105     -1.59946615841E+07  2.98410917939E+04 -5.35994517045E+02   21.4286638          1026353  0.81866    
       43700  -1.68101057         1248393.        0.000000       -48.40643     -1.60006729836E+07  2.98523072328E+04 -5.35994516565E+02   21.4315694          1026251  0.82367    
       43800  -1.68107072         1248774.        0.000000       -48.11390     -1.60002631944E+07  2.98515426510E+04 -5.35994517319E+02   21.4363262          1026850  0.80764    
       43900  -1.68100248         1247878.        0.000000       -48.55292     -1.59951340235E+07  2.98419731452E+04 -5.35994518382E+02   21.4377300          1025987  0.82066    
       44000  -1.67799539         1247690.        0.000000       -47.46909     -1.59917636012E+07  2.98356852421E+04 -5.35994513666E+02   21.4380960          1025935  0.82697    
       44100  -1.67717298         1247430.        0.000000       -46.27631     -1.59865855824E+07  2.98260243999E+04 -5.35994518345E+02   21.4354808          1025577  0.82314    
       44200  -1.67772749         1247178.        0.000000       -45.55462     -1.59856483192E+07  2.98242756163E+04 -5.35994520870E+02   21.4398125          1025475  0.79971    
       44300  -1.67490331         1247103.        0.000000       -45.37228     -1.59829504615E+07  2.98192419349E+04 -5.35994526500E+02   21.4331631          1025127  0.80554    
       44400  -1.67737194         1247846.        0.000000       -44.67809     -1.59888111486E+07  2.98301766275E+04 -5.35994518176E+02   21.4402201          1025811  0.81877    
       44500  -1.68095502         1248770.        0.000000       -44.28413     -1.59877342659E+07  2.98281677776E+04 -5.35994513142E+02   21.4352213          1026636  0.81286    
       44600  -1.68274709         1249212.        0.000000       -44.78852     -1.59892865472E+07  2.98310635642E+04 -5.35994518358E+02   21.4330667          1026964  0.81560    
       44700  -1.68165214         1247827.        0.000000       -43.14259     -1.59843248407E+07  2.98218067494E+04 -5.35994514855E+02   21.4397172          1025972  0.82181    
       44800  -1.67800948         1247816.        0.000000       -44.38830     -1.59720507091E+07  2.97989069708E+04 -5.35994515663E+02   21.4297255          1026387  0.80206    
       44900  -1.67899813         1248217.        0.000000       -45.13464     -1.59697428014E+07  2.97946009647E+04 -5.35994518615E+02   21.4282078          1026807  0.81426    
       45000  -1.68135952         1248610.        0.000000       -44.01647     -1.59671062600E+07  2.97896818510E+04 -5.35994521186E+02   21.4261449          1027355  0.81933    
       45100  -1.68197685         1248764.        0.000000       -43.56696     -1.59610017473E+07  2.97782932430E+04 -5.35994511743E+02   21.4258366          1027807  0.80611    
       45200  -1.67975023         1247787.        0.000000       -43.50600     -1.59523379872E+07  2.97621293640E+04 -5.35994511419E+02   21.4207967          1026947  0.81414    
       45300  -1.67580753         1246934.        0.000000       -43.59094     -1.59477480018E+07  2.97535657849E+04 -5.35994512964E+02   21.4157369          1026226  0.82299    
       45400  -1.67764252         1247886.        0.000000       -43.28515     -1.59566477927E+07  2.97701699606E+04 -5.35994514438E+02   21.4164119          1026847  0.82453    
       45500  -1.67915542         1247992.        0.000000       -43.19399     -1.59591798367E+07  2.97748942112E+04 -5.35994510123E+02   21.4205842          1026961  0.81913    
       45600  -1.67947354         1248198.        0.000000       -42.86643     -1.59543496138E+07  2.97658826112E+04 -5.35994508281E+02   21.4153143          1027323  0.79723    
       45700  -1.68125684         1248717.        0.000000       -42.74551     -1.59532171310E+07  2.97637697076E+04 -5.35994509021E+02   21.4151969          1027822  0.81871    
       45800  -1.68272733         1248652.        0.000000       -43.51418     -1.59527293766E+07  2.97628598385E+04 -5.35994506681E+02   21.4154199          1027914  0.82494    
       45900  -1.68212139         1248627.        0.000000       -43.08239     -1.59535912996E+07  2.97644677459E+04 -5.35994509825E+02   21.4185874          1027840  0.82496    
       46000  -1.68036218         1247999.        0.000000       -43.88838     -1.59490777292E+07  2.97560467506E+04 -5.35994511061E+02   21.4180834          1027400  0.80820    
       46100  -1.67775876         1247000.        0.000000       -44.24851     -1.59489586536E+07  2.97558249997E+04 -5.35994503723E+02   21.4161032          1026199  0.82418    
       46200  -1.67351703         1246917.        0.000000       -45.50628     -1.59490405172E+07  2.97559777567E+04 -5.35994503277E+02   21.4182284          1026276  0.81024    
       46300  -1.67729807         1247528.        0.000000       -45.57910     -1.59574695952E+07  2.97717037172E+04 -5.35994504942E+02   21.4192620          1026417  0.81788    
       46400  -1.67709865         1247570.        0.000000       -43.35531     -1.59619195909E+07  2.97800063493E+04 -5.35994499252E+02   21.4250421          1026430  0.81576    
       46500  -1.67860416         1247982.        0.000000       -42.91161     -1.59637071576E+07  2.97833410966E+04 -5.35994504641E+02   21.4209109          1026674  0.81943    
       46600  -1.67639999         1246430.        0.000000       -42.59030     -1.59629311017E+07  2.97818928859E+04 -5.35994510587E+02   21.4293822          1025063  0.81088    
       46700  -1.67595394         1247407.        0.000000       -43.01547     -1.59650462413E+07  2.97858389515E+04 -5.35994512938E+02   21.4251197          1025941  0.82686    
       46800  -1.67823830         1247757.        0.000000       -43.45907     -1.59682714819E+07  2.97918565419E+04 -5.35994507741E+02   21.4249817          1026202  0.82393    
       46900  -1.67883645         1247910.        0.000000       -43.88499     -1.59707089510E+07  2.97964043867E+04 -5.35994502682E+02   21.4263189          1026436  0.82829    
       47000  -1.68004648         1248321.        0.000000       -42.61983     -1.59743566956E+07  2.98032098066E+04 -5.35994505265E+02   21.4293350          1026837  0.81119    
       47100  -1.68056704         1248301.        0.000000       -44.15115     -1.59810572932E+07  2.98157107137E+04 -5.35994511306E+02   21.4325014          1026681  0.82131    
       47200  -1.67955434         1247528.        0.000000       -44.00524     -1.59768633017E+07  2.98078858442E+04 -5.35994514514E+02   21.4371200          1026144  0.82770    
       47300  -1.67661421         1247595.        0.000000       -44.07466     -1.59698959717E+07  2.97948869808E+04 -5.35994514159E+02   21.4267947          1026052  0.82799    
       47400  -1.67904643         1248283.        0.000000       -43.64662     -1.59760656762E+07  2.98063979199E+04 -5.35994510948E+02   21.4259189          1026474  0.81671    
       47500  -1.67948504         1248075.        0.000000       -42.26625     -1.59785496230E+07  2.98110322393E+04 -5.35994510179E+02   21.4348252          1026241  0.82002    
       47600  -1.67838459         1247899.        0.000000       -42.68303     -1.59739907835E+07  2.98025267912E+04 -5.35994511319E+02   21.4273801          1026215  0.83253    
       47700  -1.67870853         1247479.        0.000000       -43.50488     -1.59749694230E+07  2.98043526069E+04 -5.35994511733E+02   21.4351225          1026039  0.82035    
       47800  -1.67828090         1247629.        0.000000       -42.79332     -1.59673856722E+07  2.97902036775E+04 -5.35994511656E+02   21.4284523          1026262  0.82742    
       47900  -1.67769770         1247803.        0.000000       -42.67603     -1.59647421748E+07  2.97852718190E+04 -5.35994510032E+02   21.4209164          1026370  0.81439    
       48000  -1.68005383         1247874.        0.000000       -42.95589     -1.59674682288E+07  2.97903575554E+04 -5.35994514302E+02   21.4252075          1026509  0.82237    
       48100  -1.67863888         1247892.        0.000000       -43.18665     -1.59654372159E+07  2.97865680389E+04 -5.35994519243E+02   21.4224451          1026566  0.82889    
       48200  -1.67714001         1246815.        0.000000       -42.49684     -1.59643797588E+07  2.97845955506E+04 -5.35994512051E+02   21.4279088          1025583  0.81719    
       48300  -1.67456651         1247041.        0.000000       -42.23834     -1.59611214769E+07  2.97785166430E+04 -5.35994511353E+02   21.4207220          1025888  0.81458    
       48400  -1.67656538         1247952.        0.000000       -43.61623     -1.59685088360E+07  2.97922992415E+04 -5.35994510077E+02   21.4204087          1026626  0.80805    
       48500  -1.68050710         1248166.        0.000000       -43.99225     -1.59746008494E+07  2.98036650518E+04 -5.35994510124E+02   21.4288964          1026736  0.80642    
       48600  -1.67993815         1247924.        0.000000       -43.94766     -1.59721364584E+07  2.97990674623E+04 -5.35994506494E+02   21.4304387          1026683  0.81414    
       48700  -1.67743796         1247526.        0.000000       -44.29953     -1.59696785215E+07  2.97944818437E+04 -5.35994504126E+02   21.4266114          1026419  0.81739    
       48800  -1.67763618         1247594.        0.000000       -47.33500     -1.59708072509E+07  2.97965878485E+04 -5.35994501522E+02   21.4294073          1026373  0.81934    
       48900  -1.67877805         1248298.        0.000000       -47.41870     -1.59730667257E+07  2.98008028494E+04 -5.35994510161E+02   21.4217268          1027020  0.81836    
       49000  -1.68035625         1248218.        0.000000       -47.59020     -1.59829890392E+07  2.98193150509E+04 -5.35994505974E+02   21.4353215          1026714  0.81716    
       49100  -1.67900662         1247680.        0.000000       -46.77255     -1.59809476770E+07  2.98155063820E+04 -5.35994508099E+02   21.4384654          1026455  0.82317    
       49200  -1.67960588         1248372.        0.000000       -46.97868     -1.59789496299E+07  2.98117784929E+04 -5.35994510817E+02   21.4310649          1026909  0.81328    
       49300  -1.68068944         1248266.        0.000000       -48.36314     -1.59780634092E+07  2.98101248602E+04 -5.35994514756E+02   21.4307468          1026924  0.81619    
       49400  -1.67950148         1247620.        0.000000       -46.84448     -1.59747784176E+07  2.98039960012E+04 -5.35994516206E+02   21.4350965          1026500  0.81783    
       49500  -1.67568070         1247463.        0.000000       -46.47309     -1.59692909935E+07  2.97937583060E+04 -5.35994513665E+02   21.4276975          1026285  0.82120    
       49600  -1.67707755         1247981.        0.000000       -45.80924     -1.59744618031E+07  2.98034052144E+04 -5.35994517678E+02   21.4289693          1026666  0.82613    
       49700  -1.68076459         1248531.        0.000000       -45.08666     -1.59765269520E+07  2.98072583374E+04 -5.35994514195E+02   21.4287539          1027227  0.81783    
       49800  -1.68145564         1248696.        0.000000       -44.96465     -1.59741175706E+07  2.98027630927E+04 -5.35994515707E+02   21.4254018          1027424  0.83321    
       49900  -1.68282321         1248459.        0.000000       -46.79281     -1.59694097220E+07  2.97939793841E+04 -5.35994521446E+02   21.4245009          1027333  0.81874    
       50000  -1.68024520         1248035.        0.000000       -46.03201     -1.59629176209E+07  2.97818668680E+04 -5.35994526189E+02   21.4247487          1027287  0.80898    
       50100  -1.67876264         1247711.        0.000000       -45.73442     -1.59561076255E+07  2.97691618333E+04 -5.35994520599E+02   21.4223231          1026966  0.82110    
       50200  -1.67644404         1247169.        0.000000       -45.74120     -1.59533778641E+07  2.97640690733E+04 -5.35994518249E+02   21.4199728          1026315  0.81788    
       50300  -1.67743913         1248029.        0.000000       -45.42181     -1.59603704650E+07  2.97771149057E+04 -5.35994521817E+02   21.4201963          1027166  0.83489    
       50400  -1.67837760         1247958.        0.000000       -45.34444     -1.59610043527E+07  2.97782975479E+04 -5.35994521750E+02   21.4213114          1027013  0.82786    
       50500  -1.67775240         1247134.        0.000000       -46.92223     -1.59631549702E+07  2.97823098302E+04 -5.35994523636E+02   21.4260301          1026183  0.82343    
       50600  -1.67373265         1246701.        0.000000       -47.14025     -1.59608673099E+07  2.97780417364E+04 -5.35994524126E+02   21.4268764          1025497  0.80815    
       50700  -1.67550914         1247452.        0.000000       -47.02101     -1.59642531024E+07  2.97843580335E+04 -5.35994533925E+02   21.4216036          1026145  0.81174    
       50800  -1.67564312         1247049.        0.000000       -45.71087     -1.59740527704E+07  2.98026406904E+04 -5.35994542779E+02   21.4319132          1025634  0.82693    
       50900  -1.67334639         1246348.        0.000000       -46.38220     -1.59701054054E+07  2.97952761288E+04 -5.35994542772E+02   21.4361910          1025087  0.81509    
       51000  -1.67333434         1247179.        0.000000       -47.21372     -1.59682185066E+07  2.97917563018E+04 -5.35994533011E+02   21.4240247          1025496  0.82015    
       51100  -1.67626896         1247496.        0.000000       -46.66517     -1.59731720781E+07  2.98009983683E+04 -5.35994528797E+02   21.4276288          1025823  0.82478    
       51200  -1.67711218         1247568.        0.000000       -48.07272     -1.59790867125E+07  2.98120329884E+04 -5.35994533439E+02   21.4284226          1025869  0.81430    
       51300  -1.67821101         1247825.        0.000000       -47.82526     -1.59792585775E+07  2.98123536103E+04 -5.35994533890E+02   21.4330202          1026218  0.82295    
       51400  -1.67762244         1247229.        0.000000       -48.01071     -1.59793744799E+07  2.98125695294E+04 -5.35994539625E+02   21.4355774          1025528  0.81249    
       51500  -1.67481952         1246871.        0.000000       -47.25800     -1.59784873699E+07  2.98109143609E+04 -5.35994541342E+02   21.4369465          1025257  0.81252    
       51600  -1.67544200         1248108.        0.000000       -48.55517     -1.59814374066E+07  2.98164187312E+04 -5.35994532097E+02   21.4248700          1026377  0.83546    
       51700  -1.68167311         1248465.        0.000000       -47.50596     -1.59974341183E+07  2.98462638627E+04 -5.35994528224E+02   21.4378074          1026294  0.81318    
       51800  -1.68259483         1248854.        0.000000       -47.97221     -1.59967155718E+07  2.98449229652E+04 -5.35994533826E+02   21.4426092          1026902  0.81227    
       51900  -1.68187035         1248746.        0.000000       -47.57079     -1.59894283080E+07  2.98313269717E+04 -5.35994537660E+02   21.4398641          1026867  0.81639    
       52000  -1.68036716         1248605.        0.000000       -47.44305     -1.59855858741E+07  2.98241587495E+04 -5.35994527402E+02   21.4343364          1026786  0.81563    
       52100  -1.67989123         1248306.        0.000000       -46.48322     -1.59855293294E+07  2.98240530906E+04 -5.35994530348E+02   21.4364899          1026596  0.81151    
       52200  -1.67942860         1247728.        0.000000       -45.66037     -1.59866094792E+07  2.98260682832E+04 -5.35994530937E+02   21.4426419          1026234  0.80938    
       52300  -1.67513384         1246813.        0.000000       -45.40550     -1.59838407945E+07  2.98209026910E+04 -5.35994532431E+02   21.4405780          1025238  0.82626    
       52400  -1.67380087         1246306.        0.000000       -46.15565     -1.59856030291E+07  2.98241906070E+04 -5.35994530071E+02   21.4435855          1024722  0.82108    
       52500  -1.67599339         1247496.        0.000000       -46.36972     -1.59914793822E+07  2.98351539130E+04 -5.35994532785E+02   21.4283466          1025386  0.80883    
       52600  -1.67673295         1247364.        0.000000       -44.75673     -1.60031367555E+07  2.98569033324E+04 -5.35994526202E+02   21.4440332          1025223  0.81815    
       52700  -1.67748103         1247161.        0.000000       -46.16869     -1.60113256565E+07  2.98721811751E+04 -5.35994528243E+02   21.4477986          1024753  0.81450    
       52800  -1.67739404         1247693.        0.000000       -46.10369     -1.60109250947E+07  2.98714334300E+04 -5.35994535790E+02   21.4516563          1025244  0.80607    
       52900  -1.67823649         1247963.        0.000000       -45.77283     -1.60100967096E+07  2.98698880830E+04 -5.35994532859E+02   21.4486209          1025524  0.82794    
       53000  -1.67886707         1247920.        0.000000       -44.96095     -1.60026288533E+07  2.98559553787E+04 -5.35994532759E+02   21.4451769          1025832  0.81105    
       53100  -1.67861418         1248103.        0.000000       -43.90818     -1.60015332687E+07  2.98539111731E+04 -5.35994536058E+02   21.4395924          1025908  0.81985    
       53200  -1.68010665         1247981.        0.000000       -44.78042     -1.60051298835E+07  2.98606214430E+04 -5.35994534273E+02   21.4438336          1025801  0.82901    
       53300  -1.68000567         1248676.        0.000000       -44.25098     -1.60037749511E+07  2.98580932085E+04 -5.35994540552E+02   21.4391701          1026592  0.82928    
       53400  -1.68200796         1248803.        0.000000       -45.46590     -1.60057344156E+07  2.98617492405E+04 -5.35994535576E+02   21.4405799          1026661  0.82237    
       53500  -1.68125944         1248192.        0.000000       -44.27912     -1.60015495289E+07  2.98539417604E+04 -5.35994531553E+02   21.4448176          1026143  0.80762    
       53600  -1.67955448         1247537.        0.000000       -45.10108     -1.59927052656E+07  2.98374408235E+04 -5.35994536536E+02   21.4415749          1025794  0.81515    
       53700  -1.67864927         1248425.        0.000000       -44.67120     -1.59878233474E+07  2.98283327658E+04 -5.35994534892E+02   21.4322277          1026684  0.80987    
       53800  -1.67862543         1247248.        0.000000       -45.31833     -1.59800258127E+07  2.98137852690E+04 -5.35994529663E+02   21.4356759          1025599  0.82918    
       53900  -1.67553625         1246676.        0.000000       -44.54178     -1.59768328833E+07  2.98078283692E+04 -5.35994527526E+02   21.4310661          1025066  0.80901    
       54000  -1.67464241         1247796.        0.000000       -43.76426     -1.59843114118E+07  2.98217814010E+04 -5.35994520143E+02   21.4311895          1025866  0.81805    
       54100  -1.68000773         1248924.        0.000000       -43.36039     -1.59891267873E+07  2.98307657344E+04 -5.35994514175E+02   21.4274914          1026812  0.81499    
       54200  -1.68483650         1249260.        0.000000       -44.48397     -1.59912767054E+07  2.98347765181E+04 -5.35994519541E+02   21.4361400          1027454  0.80706    
       54300  -1.68437835         1249048.        0.000000       -45.44564     -1.59889065238E+07  2.98303548762E+04 -5.35994512640E+02   21.4317526          1027234  0.81045    
       54400  -1.68321984         1249016.        0.000000       -45.36692     -1.59818318045E+07  2.98171556949E+04 -5.35994511617E+02   21.4317625          1027526  0.81065    
       54500  -1.68167067         1248365.        0.000000       -44.58170     -1.59725554740E+07  2.97998487266E+04 -5.35994515293E+02   21.4292876          1027133  0.82574    
       54600  -1.67840731         1246932.        0.000000       -44.38756     -1.59592801133E+07  2.97750811653E+04 -5.35994512482E+02   21.4263494          1026123  0.82835    
       54700  -1.67476036         1246412.        0.000000       -44.27497     -1.59518797080E+07  2.97612737383E+04 -5.35994522556E+02   21.4208408          1025527  0.82172    
       54800  -1.67550973         1247076.        0.000000       -42.00063     -1.59561460080E+07  2.97692326146E+04 -5.35994535517E+02   21.4190068          1025822  0.82401    
       54900  -1.67547180         1247371.        0.000000       -41.50448     -1.59616191234E+07  2.97794437609E+04 -5.35994535409E+02   21.4215642          1025987  0.84100    
       55000  -1.67654140         1247880.        0.000000       -41.10444     -1.59692009145E+07  2.97935893670E+04 -5.35994529487E+02   21.4229380          1026303  0.81926    
       55100  -1.67991371         1248144.        0.000000       -41.01951     -1.59801297863E+07  2.98139797270E+04 -5.35994521113E+02   21.4260039          1026418  0.82149    
       55200  -1.67819692         1247635.        0.000000       -41.93865     -1.59825409733E+07  2.98184783396E+04 -5.35994519615E+02   21.4378027          1026271  0.81526    
       55300  -1.68078071         1248216.        0.000000       -42.23474     -1.59839470626E+07  2.98211019078E+04 -5.35994515294E+02   21.4333437          1026611  0.81644    
       55400  -1.67992250         1248586.        0.000000       -43.00081     -1.59872266479E+07  2.98272204294E+04 -5.35994518353E+02   21.4359625          1027022  0.82210    
       55500  -1.68166121         1249034.        0.000000       -43.93262     -1.59933721815E+07  2.98386857431E+04 -5.35994524664E+02   21.4387845          1027183  0.82760    
       55600  -1.68232946         1248246.        0.000000       -46.26479     -1.59962558565E+07  2.98440659611E+04 -5.35994521569E+02   21.4472035          1026388  0.83319    
       55700  -1.67795234         1247119.        0.000000       -48.02019     -1.59902371542E+07  2.98328370962E+04 -5.35994518478E+02   21.4490305          1025406  0.80515    
       55800  -1.67618813         1247361.        0.000000       -46.99412     -1.59843306233E+07  2.98218176032E+04 -5.35994513680E+02   21.4423254          1025525  0.82434    
       55900  -1.67576423         1247264.        0.000000       -46.96763     -1.59807655508E+07  2.98151665167E+04 -5.35994509434E+02   21.4398974          1025403  0.81957    
       56000  -1.67618801         1247507.        0.000000       -47.71785     -1.59764371455E+07  2.98070906825E+04 -5.35994516061E+02   21.4305803          1025662  0.81850    
       56100  -1.67797926         1248036.        0.000000       -44.94738     -1.59796176396E+07  2.98130240584E+04 -5.35994524012E+02   21.4353559          1026232  0.80923    
       56200  -1.68029646         1248420.        0.000000       -44.18742     -1.59760047273E+07  2.98062835823E+04 -5.35994522202E+02   21.4303913          1026603  0.82210    
       56300  -1.68032586         1248011.        0.000000       -43.66359     -1.59740781348E+07  2.98026892431E+04 -5.35994520647E+02   21.4355008          1026428  0.81320    
       56400  -1.67937584         1247971.        0.000000       -42.89045     -1.59648835087E+07  2.97855351560E+04 -5.35994516302E+02   21.4270093          1026465  0.81878    
       56500  -1.67608102         1247148.        0.000000       -42.78773     -1.59612258004E+07  2.97787107959E+04 -5.35994520039E+02   21.4234921          1025473  0.81726    
       56600  -1.67591910         1247987.        0.000000       -43.25950     -1.59678692346E+07  2.97911055640E+04 -5.35994516897E+02   21.4217744          1026263  0.81471    
       56700  -1.67671286         1247345.        0.000000       -43.70156     -1.59724962689E+07  2.97997379655E+04 -5.35994520736E+02   21.4309767          1025671  0.80928    
       56800  -1.67766562         1247993.        0.000000       -45.29919     -1.59808037892E+07  2.98152374314E+04 -5.35994517097E+02   21.4299608          1026112  0.82169    
       56900  -1.67907891         1248095.        0.000000       -44.62862     -1.59922980672E+07  2.98366823363E+04 -5.35994514635E+02   21.4394766          1025919  0.81111    
       57000  -1.67887174         1247861.        0.000000       -45.51478     -1.59923829073E+07  2.98368401786E+04 -5.35994522594E+02   21.4427425          1025692  0.81472    
       57100  -1.67884868         1247641.        0.000000       -45.51802     -1.59907183406E+07  2.98337348411E+04 -5.35994518480E+02   21.4451271          1025610  0.81893    
       57200  -1.67954132         1247907.        0.000000       -45.96443     -1.59915789535E+07  2.98353406776E+04 -5.35994514905E+02   21.4420268          1025751  0.82730    
       57300  -1.67953638         1248494.        0.000000       -45.84712     -1.59979997610E+07  2.98473199492E+04 -5.35994514356E+02   21.4450779          1026207  0.81420    
       57400  -1.68109964         1248047.        0.000000       -46.09141     -1.59918140563E+07  2.98357795165E+04 -5.35994511136E+02   21.4473246          1025918  0.81514    
       57500  -1.67940507         1247711.        0.000000       -46.46132     -1.59825835554E+07  2.98185580747E+04 -5.35994514401E+02   21.4426222          1026031  0.83163    
       57600  -1.68100799         1248566.        0.000000       -45.72004     -1.59782514323E+07  2.98104752185E+04 -5.35994522569E+02   21.4335787          1026877  0.82094    
       57700  -1.68183732         1248712.        0.000000       -45.15641     -1.59825612662E+07  2.98185156140E+04 -5.35994530147E+02   21.4336298          1026910  0.81548    
       57800  -1.68106878         1248587.        0.000000       -44.64511     -1.59791490411E+07  2.98121497915E+04 -5.35994524141E+02   21.4344584          1027008  0.81096    
       57900  -1.68244797         1248466.        0.000000       -44.94551     -1.59783669771E+07  2.98106909788E+04 -5.35994519164E+02   21.4311581          1027033  0.81467    
       58000  -1.68067824         1248334.        0.000000       -45.04378     -1.59698421006E+07  2.97947861758E+04 -5.35994519523E+02   21.4293615          1027093  0.81344    
       58100  -1.68017681         1248192.        0.000000       -45.95147     -1.59697139065E+07  2.97945468580E+04 -5.35994522172E+02   21.4231832          1026781  0.83884    
       58200  -1.67822169         1247295.        0.000000       -45.36607     -1.59700634282E+07  2.97951988048E+04 -5.35994524918E+02   21.4335973          1026127  0.80291    
       58300  -1.67721155         1247535.        0.000000       -46.64001     -1.59677128855E+07  2.97908134854E+04 -5.35994523726E+02   21.4301514          1026450  0.80728    
       58400  -1.67684913         1247389.        0.000000       -47.44497     -1.59674335639E+07  2.97902925640E+04 -5.35994520013E+02   21.4278451          1026217  0.80834    
       58500  -1.67782336         1247943.        0.000000       -46.19078     -1.59710431690E+07  2.97970266878E+04 -5.35994525102E+02   21.4272443          1026567  0.81089    
       58600  -1.67930915         1247872.        0.000000       -45.95619     -1.59726228355E+07  2.97999736522E+04 -5.35994528783E+02   21.4330157          1026510  0.82648    
       58700  -1.67771220         1247553.        0.000000       -45.49790     -1.59689153830E+07  2.97930566035E+04 -5.35994530387E+02   21.4314217          1026286  0.80965    
       58800  -1.67709337         1247642.        0.000000       -44.50104     -1.59650962720E+07  2.97859316452E+04 -5.35994524602E+02   21.4273296          1026481  0.81210    
       58900  -1.67848874         1247296.        0.000000       -45.39545     -1.59640544878E+07  2.97839878664E+04 -5.35994526971E+02   21.4334391          1026522  0.81145    
       59000  -1.67576637         1246672.        0.000000       -44.85404     -1.59583013516E+07  2.97732539714E+04 -5.35994532775E+02   21.4260443          1025831  0.81754    
       59100  -1.67793359         1248065.        0.000000       -44.87356     -1.59626496463E+07  2.97813666777E+04 -5.35994530372E+02   21.4220231          1026969  0.82260    
       59200  -1.67957981         1248129.        0.000000       -45.48233     -1.59631655699E+07  2.97823295275E+04 -5.35994525047E+02   21.4221460          1026956  0.81601    
       59300  -1.67869773         1247288.        0.000000       -44.89075     -1.59634856290E+07  2.97829267388E+04 -5.35994523608E+02   21.4314444          1026275  0.80828    
       59400  -1.67465174         1246393.        0.000000       -45.47947     -1.59553816883E+07  2.97678077346E+04 -5.35994515636E+02   21.4308020          1025515  0.81359    
       59500  -1.67262774         1247102.        0.000000       -44.75953     -1.59499467572E+07  2.97576678269E+04 -5.35994515766E+02   21.4161394          1026072  0.81400    
       59600  -1.67626324         1247912.        0.000000       -44.19434     -1.59631197447E+07  2.97822440829E+04 -5.35994524130E+02   21.4249707          1026336  0.81914    
       59700  -1.67945785         1248000.        0.000000       -44.14280     -1.59667773882E+07  2.97890677882E+04 -5.35994529998E+02   21.4246959          1026377  0.81520    
       59800  -1.67920384         1247394.        0.000000       -44.59072     -1.59659550553E+07  2.97875330528E+04 -5.35994539290E+02   21.4313796          1026097  0.81023    
       59900  -1.67747630         1248061.        0.000000       -42.74126     -1.59596078586E+07  2.97756909315E+04 -5.35994543178E+02   21.4184684          1026799  0.81482    
       60000  -1.67802729         1248053.        0.000000       -42.86100     -1.59640876036E+07  2.97840490506E+04 -5.35994537763E+02   21.4146729          1026629  0.82988    
       60100  -1.68186035         1248713.        0.000000       -42.47174     -1.59725628301E+07  2.97998613684E+04 -5.35994534762E+02   21.4205401          1027247  0.81046    
       60200  -1.68100027         1248383.        0.000000       -43.01252     -1.59723902639E+07  2.97995395221E+04 -5.35994532802E+02   21.4282033          1027091  0.82728    
       60300  -1.68284659         1249183.        0.000000       -44.39323     -1.59669948145E+07  2.97894736841E+04 -5.35994525579E+02   21.4188982          1027832  0.82574    
       60400  -1.68301856         1248592.        0.000000       -45.31643     -1.59597444880E+07  2.97759471911E+04 -5.35994518850E+02   21.4188620          1027618  0.81753    
       60500  -1.68116711         1248049.        0.000000       -45.92685     -1.59551204366E+07  2.97673202225E+04 -5.35994517389E+02   21.4175838          1027246  0.81810    
       60600  -1.67874400         1247898.        0.000000       -46.06471     -1.59539064685E+07  2.97650550107E+04 -5.35994523201E+02   21.4179177          1027084  0.82259    
       60700  -1.67675502         1247141.        0.000000       -45.96740     -1.59489420414E+07  2.97557927322E+04 -5.35994526675E+02   21.4185565          1026525  0.83007    
       60800  -1.67351356         1246849.        0.000000       -45.50777     -1.59386112203E+07  2.97365183234E+04 -5.35994531941E+02   21.4112845          1026083  0.82882    
       60900  -1.67566550         1247695.        0.000000       -46.26118     -1.59450620276E+07  2.97485532995E+04 -5.35994536174E+02   21.4026466          1026513  0.81866    
       61000  -1.68022470         1249039.        0.000000       -46.48011     -1.59613669774E+07  2.97789733937E+04 -5.35994534344E+02   21.4095847          1027725  0.83175    
       61100  -1.68465548         1249703.        0.000000       -48.06214     -1.59668883368E+07  2.97892750648E+04 -5.35994524943E+02   21.4184157          1028442  0.80546    
       61200  -1.68272902         1248703.        0.000000       -48.46374     -1.59599673642E+07  2.97763626934E+04 -5.35994524536E+02   21.4203377          1027802  0.81548    
       61300  -1.67955310         1247762.        0.000000       -47.28115     -1.59493204861E+07  2.97564986830E+04 -5.35994528657E+02   21.4208514          1027340  0.81800    
       61400  -1.67928397         1247612.        0.000000       -46.41948     -1.59481709894E+07  2.97543539969E+04 -5.35994530112E+02   21.4182453          1027195  0.82499    
       61500  -1.67813433         1247414.        0.000000       -47.28261     -1.59459193367E+07  2.97501535393E+04 -5.35994522369E+02   21.4161822          1026995  0.82480    
       61600  -1.67429889         1246300.        0.000000       -46.61322     -1.59447275280E+07  2.97479300373E+04 -5.35994521570E+02   21.4216194          1025968  0.81848    
       61700  -1.67266675         1245951.        0.000000       -45.17833     -1.59458894206E+07  2.97500978432E+04 -5.35994520241E+02   21.4212392          1025465  0.81253    
       61800  -1.67027527         1246273.        0.000000       -45.15312     -1.59515382080E+07  2.97606369308E+04 -5.35994516688E+02   21.4188017          1025513  0.81876    
       61900  -1.67465026         1247398.        0.000000       -44.98212     -1.59682583088E+07  2.97918312955E+04 -5.35994519786E+02   21.4228695          1026118  0.82701    
       62000  -1.67612681         1247399.        0.000000       -44.26052     -1.59785862601E+07  2.98111000474E+04 -5.35994519985E+02   21.4336556          1025951  0.82071    
       62100  -1.67775124         1248321.        0.000000       -46.15095     -1.59847110087E+07  2.98225266902E+04 -5.35994524365E+02   21.4354432          1026675  0.81783    
       62200  -1.68236735         1249847.        0.000000       -46.04973     -1.59908571077E+07  2.98339935755E+04 -5.35994521391E+02   21.4250393          1027840  0.83539    
       62300  -1.68903917         1250422.        0.000000       -45.41493     -1.60017303891E+07  2.98542799243E+04 -5.35994518364E+02   21.4411187          1028522  0.82754    
       62400  -1.68433679         1248749.        0.000000       -44.99996     -1.59901036441E+07  2.98325882513E+04 -5.35994514101E+02   21.4492508          1027499  0.83526    
       62500  -1.68251035         1248947.        0.000000       -44.71980     -1.59768746336E+07  2.98079067529E+04 -5.35994518705E+02   21.4334238          1027835  0.81885    
       62600  -1.68581743         1250273.        0.000000       -44.98746     -1.59746819197E+07  2.98038153032E+04 -5.35994528124E+02   21.4226646          1029069  0.82837    
       62700  -1.68612202         1249602.        0.000000       -44.02114     -1.59700182452E+07  2.97951147353E+04 -5.35994520816E+02   21.4276337          1028718  0.80568    
       62800  -1.68463545         1249293.        0.000000       -43.82120     -1.59568634298E+07  2.97705717495E+04 -5.35994523856E+02   21.4175621          1028690  0.81839    
       62900  -1.68161939         1248434.        0.000000       -44.14368     -1.59493040979E+07  2.97564682427E+04 -5.35994526228E+02   21.4147788          1028132  0.81103    
       63000  -1.67997841         1247845.        0.000000       -43.74597     -1.59462543355E+07  2.97507783823E+04 -5.35994525274E+02   21.4157076          1027540  0.81592    
       63100  -1.67742181         1247127.        0.000000       -42.97036     -1.59442639309E+07  2.97470649344E+04 -5.35994524705E+02   21.4190023          1026875  0.81491    
       63200  -1.67519199         1246690.        0.000000       -43.68038     -1.59454458598E+07  2.97492701411E+04 -5.35994523030E+02   21.4206386          1026232  0.81442    
       63300  -1.67613056         1247436.        0.000000       -43.79532     -1.59504875717E+07  2.97586764368E+04 -5.35994522658E+02   21.4174840          1026699  0.82486    
       63400  -1.67820710         1247574.        0.000000       -44.82849     -1.59517675260E+07  2.97610640759E+04 -5.35994529139E+02   21.4170478          1026683  0.82849    
       63500  -1.67850282         1247722.        0.000000       -45.11432     -1.59533963741E+07  2.97641032159E+04 -5.35994525295E+02   21.4185430          1026843  0.82677    
       63600  -1.67716495         1247234.        0.000000       -44.85783     -1.59516251864E+07  2.97607987807E+04 -5.35994524337E+02   21.4224533          1026394  0.80506    
       63700  -1.67715674         1247762.        0.000000       -43.78090     -1.59515789296E+07  2.97607127752E+04 -5.35994519019E+02   21.4175270          1026994  0.83418    
       63800  -1.67968806         1248030.        0.000000       -43.75787     -1.59566348963E+07  2.97701454867E+04 -5.35994521876E+02   21.4234031          1027244  0.82041    
       63900  -1.67859849         1247468.        0.000000       -43.29162     -1.59548838874E+07  2.97668784110E+04 -5.35994526101E+02   21.4221043          1026607  0.80260    
       64000  -1.67654838         1247238.        0.000000       -43.61727     -1.59557962695E+07  2.97685806626E+04 -5.35994525584E+02   21.4231608          1026355  0.82266    
       64100  -1.67927180         1247919.        0.000000       -43.94537     -1.59572130039E+07  2.97712240062E+04 -5.35994522784E+02   21.4219987          1026870  0.83179    
       64200  -1.67940185         1248157.        0.000000       -44.15366     -1.59562552114E+07  2.97694370275E+04 -5.35994523398E+02   21.4215393          1026980  0.81492    
       64300  -1.68088808         1248131.        0.000000       -44.71093     -1.59589800479E+07  2.97745204869E+04 -5.35994527768E+02   21.4281356          1027081  0.82302    
       64400  -1.67759464         1247179.        0.000000       -44.34484     -1.59484976776E+07  2.97549636315E+04 -5.35994527673E+02   21.4200697          1026472  0.81217    
       64500  -1.67611481         1246687.        0.000000       -44.80374     -1.59495589534E+07  2.97569432167E+04 -5.35994535367E+02   21.4216961          1025956  0.82075    
       64600  -1.67339014         1246259.        0.000000       -45.41292     -1.59460354914E+07  2.97503690609E+04 -5.35994543755E+02   21.4156476          1025344  0.81761    
       64700  -1.67502097         1248135.        0.000000       -45.84110     -1.59577387836E+07  2.97722041671E+04 -5.35994536850E+02   21.4108014          1026711  0.82386    
       64800  -1.68109641         1248900.        0.000000       -45.02351     -1.59692572910E+07  2.97936943033E+04 -5.35994533891E+02   21.4188581          1027385  0.82712    
       64900  -1.68353555         1249466.        0.000000       -44.56777     -1.59665423159E+07  2.97886288410E+04 -5.35994536745E+02   21.4224398          1028155  0.82680    
       65000  -1.68580943         1250347.        0.000000       -43.91583     -1.59619031699E+07  2.97799737544E+04 -5.35994534501E+02   21.4113630          1029187  0.81154    
       65100  -1.68742258         1250192.        0.000000       -43.30910     -1.59645289386E+07  2.97848727107E+04 -5.35994532983E+02   21.4216830          1029182  0.81140    
       65200  -1.68566900         1248953.        0.000000       -43.56328     -1.59515654849E+07  2.97606868701E+04 -5.35994533814E+02   21.4252287          1028521  0.81689    
       65300  -1.68130183         1248324.        0.000000       -42.94947     -1.59355417759E+07  2.97307921458E+04 -5.35994523716E+02   21.4127256          1027982  0.82308    
       65400  -1.67937534         1247727.        0.000000       -42.64970     -1.59270345526E+07  2.97149204720E+04 -5.35994520584E+02   21.4074965          1027598  0.82352    
       65500  -1.67748077         1247278.        0.000000       -43.13740     -1.59214920665E+07  2.97045804242E+04 -5.35994511254E+02   21.4037500          1027113  0.81648    
       65600  -1.67542901         1246373.        0.000000       -42.84771     -1.59200712982E+07  2.97019294812E+04 -5.35994515383E+02   21.4043016          1026182  0.81482    
       65700  -1.67249092         1246694.        0.000000       -42.31317     -1.59238416009E+07  2.97089633279E+04 -5.35994522096E+02   21.4014512          1026435  0.80718    
       65800  -1.67869379         1248541.        0.000000       -42.42706     -1.59391882000E+07  2.97375954066E+04 -5.35994520811E+02   21.4010278          1027658  0.82313    
       65900  -1.68315039         1249277.        0.000000       -43.02088     -1.59475211952E+07  2.97531424911E+04 -5.35994515535E+02   21.4046911          1028219  0.81930    
       66000  -1.68374313         1248173.        0.000000       -44.52068     -1.59486289995E+07  2.97552094825E+04 -5.35994512454E+02   21.4155993          1027618  0.81743    
       66100  -1.67958534         1247628.        0.000000       -43.71892     -1.59410366068E+07  2.97410443273E+04 -5.35994514228E+02   21.4141642          1027291  0.81196    
       66200  -1.67880156         1247838.        0.000000       -44.63535     -1.59307805765E+07  2.97219100194E+04 -5.35994509307E+02   21.4028098          1027628  0.82643    
       66300  -1.67777417         1247561.        0.000000       -44.74102     -1.59309870234E+07  2.97222952859E+04 -5.35994507497E+02   21.4025914          1027224  0.79752    
       66400  -1.67742406         1247430.        0.000000       -45.58728     -1.59316307920E+07  2.97234961941E+04 -5.35994510468E+02   21.4034084          1026909  0.80561    
       66500  -1.67809451         1248331.        0.000000       -45.01930     -1.59326862703E+07  2.97254650833E+04 -5.35994516003E+02   21.4020107          1027707  0.81817    
       66600  -1.68142024         1248984.        0.000000       -45.75408     -1.59343406661E+07  2.97285517348E+04 -5.35994514911E+02   21.4029847          1028328  0.81209    
       66700  -1.68231702         1248364.        0.000000       -46.89799     -1.59318919376E+07  2.97239830756E+04 -5.35994516518E+02   21.4074625          1027885  0.81122    
       66800  -1.67984382         1247518.        0.000000       -46.56487     -1.59264071023E+07  2.97137502898E+04 -5.35994512539E+02   21.4103487          1027370  0.82654    
       66900  -1.67505340         1246040.        0.000000       -46.54945     -1.59159039381E+07  2.96941545434E+04 -5.35994514167E+02   21.4090509          1026234  0.80561    
       67000  -1.67069596         1245598.        0.000000       -45.33211     -1.59108403882E+07  2.96847071236E+04 -5.35994521422E+02   21.3975113          1025621  0.81990    
       67100  -1.67415980         1246782.        0.000000       -43.81160     -1.59227680504E+07  2.97069605938E+04 -5.35994518865E+02   21.3975479          1026125  0.81286    
       67200  -1.67717797         1248243.        0.000000       -42.96580     -1.59333076270E+07  2.97266245806E+04 -5.35994511716E+02   21.3987516          1027396  0.81055    
       67300  -1.67765856         1247189.        0.000000       -43.46337     -1.59363167449E+07  2.97322381076E+04 -5.35994521745E+02   21.4088153          1026559  0.81229    
       67400  -1.67654043         1246971.        0.000000       -42.40343     -1.59369050750E+07  2.97333355162E+04 -5.35994525953E+02   21.4162227          1026233  0.80347    
       67500  -1.67834741         1248591.        0.000000       -42.03163     -1.59397750694E+07  2.97386904407E+04 -5.35994518696E+02   21.3991206          1027404  0.82091    
       67600  -1.68310172         1249072.        0.000000       -42.00412     -1.59522258964E+07  2.97619199262E+04 -5.35994517021E+02   21.4131182          1027755  0.82334    
       67700  -1.68403970         1249192.        0.000000       -42.25060     -1.59514381791E+07  2.97604503609E+04 -5.35994515728E+02   21.4187041          1028121  0.82141    
       67800  -1.68227280         1248333.        0.000000       -43.48906     -1.59495573235E+07  2.97569417820E+04 -5.35994506438E+02   21.4173490          1027428  0.81670    
       67900  -1.68117368         1248771.        0.000000       -43.81794     -1.59525191810E+07  2.97624673827E+04 -5.35994512008E+02   21.4221173          1027849  0.81463    
       68000  -1.68166231         1248290.        0.000000       -44.31157     -1.59477985764E+07  2.97536597816E+04 -5.35994519446E+02   21.4186168          1027464  0.80854    
       68100  -1.68098001         1248765.        0.000000       -43.55610     -1.59498938572E+07  2.97575688085E+04 -5.35994521589E+02   21.4193383          1027818  0.82273    
       68200  -1.68255289         1247975.        0.000000       -43.65109     -1.59485630521E+07  2.97550860063E+04 -5.35994520356E+02   21.4261690          1027220  0.83210    
       68300  -1.68084187         1248539.        0.000000       -44.72658     -1.59381800142E+07  2.97357141954E+04 -5.35994525287E+02   21.4127311          1027760  0.81721    
       68400  -1.67809678         1247361.        0.000000       -42.93191     -1.59284304642E+07  2.97175246374E+04 -5.35994523721E+02   21.4153585          1026992  0.81798    
       68500  -1.67356700         1246491.        0.000000       -43.11991     -1.59113262847E+07  2.96856139164E+04 -5.35994516722E+02   21.4049348          1026279  0.81279    
       68600  -1.67563528         1247316.        0.000000       -43.57854     -1.59114078287E+07  2.96857663168E+04 -5.35994511944E+02   21.3934756          1026632  0.82272    
       68700  -1.67489188         1246198.        0.000000       -43.25866     -1.59165225592E+07  2.96953087157E+04 -5.35994513866E+02   21.4013541          1025456  0.82229    
       68800  -1.67296608         1246525.        0.000000       -44.06603     -1.59213546115E+07  2.97043236036E+04 -5.35994517967E+02   21.4061673          1025993  0.81270    
       68900  -1.67674462         1247658.        0.000000       -44.02429     -1.59310988468E+07  2.97225032541E+04 -5.35994519393E+02   21.4033381          1026745  0.80666    
       69000  -1.67980607         1248830.        0.000000       -44.70624     -1.59408520297E+07  2.97406991078E+04 -5.35994529647E+02   21.4068838          1027728  0.81817    
       69100  -1.68234700         1248038.        0.000000       -44.61032     -1.59411814634E+07  2.97413137513E+04 -5.35994529250E+02   21.4124282          1026892  0.81448    
       69200  -1.67762995         1247591.        0.000000       -44.48515     -1.59314304279E+07  2.97231216798E+04 -5.35994523035E+02   21.4037023          1026813  0.83249    
       69300  -1.67809387         1247788.        0.000000       -45.55953     -1.59341795333E+07  2.97282508430E+04 -5.35994519738E+02   21.4034331          1026995  0.83259    
       69400  -1.68041496         1248604.        0.000000       -46.63734     -1.59419236597E+07  2.97426990747E+04 -5.35994518174E+02   21.4066000          1027772  0.82298    
       69500  -1.68053724         1248394.        0.000000       -45.49087     -1.59461890374E+07  2.97506575390E+04 -5.35994507567E+02   21.4125613          1027677  0.82327    
       69600  -1.68068704         1247582.        0.000000       -47.66412     -1.59458908414E+07  2.97501009342E+04 -5.35994512310E+02   21.4165543          1026710  0.82066    
       69700  -1.67601402         1246907.        0.000000       -46.65290     -1.59358513408E+07  2.97313701184E+04 -5.35994516139E+02   21.4106573          1026170  0.81833    
       69800  -1.67369352         1246594.        0.000000       -46.26536     -1.59340210647E+07  2.97279554704E+04 -5.35994514676E+02   21.4060409          1025682  0.81821    
       69900  -1.67328522         1246248.        0.000000       -46.10769     -1.59391559291E+07  2.97375348814E+04 -5.35994526538E+02   21.4120820          1025285  0.81522    
       70000  -1.67304530         1246428.        0.000000       -46.21669     -1.59467698941E+07  2.97517402031E+04 -5.35994526211E+02   21.4148738          1025200  0.81923    
       70100  -1.67238370         1246221.        0.000000       -46.93182     -1.59521530460E+07  2.97617835976E+04 -5.35994524446E+02   21.4224067          1025145  0.82187    
       70200  -1.67352964         1246703.        0.000000       -46.28102     -1.59556279910E+07  2.97682665456E+04 -5.35994528489E+02   21.4153759          1025261  0.81776    
       70300  -1.67585641         1247111.        0.000000       -46.83299     -1.59583634662E+07  2.97733701423E+04 -5.35994527657E+02   21.4204342          1025651  0.82405    
       70400  -1.67901263         1248387.        0.000000       -46.29132     -1.59637414846E+07  2.97834038473E+04 -5.35994527906E+02   21.4178396          1026643  0.82123    
       70500  -1.67864083         1247212.        0.000000       -45.41368     -1.59688322393E+07  2.97929014699E+04 -5.35994530624E+02   21.4232887          1025378  0.83637    
       70600  -1.67707763         1247077.        0.000000       -44.51206     -1.59705779847E+07  2.97961586117E+04 -5.35994528450E+02   21.4334920          1025568  0.82727    
       70700  -1.67503666         1246833.        0.000000       -43.37083     -1.59695732175E+07  2.97942839021E+04 -5.35994530694E+02   21.4334016          1025111  0.81227    
       70800  -1.67675409         1247912.        0.000000       -44.53789     -1.59669737649E+07  2.97894343695E+04 -5.35994526343E+02   21.4236235          1025993  0.81390    
       70900  -1.68119236         1248429.        0.000000       -44.41676     -1.59714031013E+07  2.97976982242E+04 -5.35994524849E+02   21.4273667          1026728  0.82387    
       71000  -1.68142770         1249072.        0.000000       -44.45531     -1.59659788815E+07  2.97875783957E+04 -5.35994523269E+02   21.4217707          1027519  0.80575    
       71100  -1.68375535         1249144.        0.000000       -44.53295     -1.59645434876E+07  2.97849001762E+04 -5.35994527199E+02   21.4212624          1027734  0.81935    
       71200  -1.68413102         1249460.        0.000000       -43.50831     -1.59653183515E+07  2.97863461668E+04 -5.35994521183E+02   21.4236916          1028142  0.82516    
       71300  -1.68442745         1248888.        0.000000       -44.13646     -1.59631969133E+07  2.97823879238E+04 -5.35994526502E+02   21.4258096          1027721  0.82301    
       71400  -1.68035307         1248186.        0.000000       -45.59736     -1.59541259020E+07  2.97654638103E+04 -5.35994533924E+02   21.4216274          1027398  0.82345    
       71500  -1.67971254         1248176.        0.000000       -45.86454     -1.59476250818E+07  2.97533350204E+04 -5.35994538792E+02   21.4152243          1027333  0.81116    
       71600  -1.68165946         1248514.        0.000000       -45.76200     -1.59496689246E+07  2.97571478747E+04 -5.35994544630E+02   21.4156031          1027678  0.83288    
       71700  -1.67990389         1247974.        0.000000       -45.27506     -1.59427812098E+07  2.97442974556E+04 -5.35994545967E+02   21.4184068          1027523  0.81436    
       71800  -1.67544299         1245885.        0.000000       -45.59158     -1.59329871531E+07  2.97260251999E+04 -5.35994538319E+02   21.4196763          1025465  0.80385    
       71900  -1.66894987         1245456.        0.000000       -45.21876     -1.59274843098E+07  2.97157589124E+04 -5.35994532623E+02   21.4118256          1024846  0.82222    
       72000  -1.67336839         1247316.        0.000000       -45.77541     -1.59390589288E+07  2.97373536167E+04 -5.35994531803E+02   21.4081516          1026170  0.81831    
       72100  -1.68084438         1249262.        0.000000       -45.51987     -1.59520530451E+07  2.97615963325E+04 -5.35994536950E+02   21.4078467          1027757  0.81755    
       72200  -1.68261295         1248036.        0.000000       -45.63001     -1.59527450326E+07  2.97628872398E+04 -5.35994539242E+02   21.4219513          1026920  0.80706    
       72300  -1.67610203         1246416.        0.000000       -43.95960     -1.59426501723E+07  2.97440534886E+04 -5.35994536804E+02   21.4234628          1025754  0.80843    
       72400  -1.67398305         1246981.        0.000000       -45.52202     -1.59369161023E+07  2.97333556896E+04 -5.35994533164E+02   21.4109653          1026282  0.82803    
       72500  -1.67568710         1247063.        0.000000       -44.98128     -1.59401367990E+07  2.97393649191E+04 -5.35994525852E+02   21.4139760          1026198  0.82250    
       72600  -1.67685993         1248219.        0.000000       -44.18042     -1.59421705548E+07  2.97431595704E+04 -5.35994520592E+02   21.4074589          1027279  0.82631    
       72700  -1.67973015         1248063.        0.000000       -42.48149     -1.59466825476E+07  2.97515776074E+04 -5.35994519619E+02   21.4150143          1027043  0.81737    
       72800  -1.67963650         1248222.        0.000000       -42.57755     -1.59454767654E+07  2.97493275559E+04 -5.35994527455E+02   21.4110611          1027307  0.82448    
       72900  -1.68122092         1248278.        0.000000       -44.23986     -1.59497931402E+07  2.97573806225E+04 -5.35994526619E+02   21.4111878          1027316  0.82527    
       73000  -1.68055729         1248363.        0.000000       -45.16666     -1.59561202665E+07  2.97691850091E+04 -5.35994527954E+02   21.4178211          1027368  0.82759    
       73100  -1.68014451         1248061.        0.000000       -45.63093     -1.59580258744E+07  2.97727400944E+04 -5.35994531365E+02   21.4176355          1026948  0.81486    
       73200  -1.67902781         1248125.        0.000000       -46.91386     -1.59554989214E+07  2.97680257556E+04 -5.35994528236E+02   21.4181235          1027134  0.82673    
       73300  -1.67950906         1247346.        0.000000       -46.34679     -1.59524383869E+07  2.97623157944E+04 -5.35994527343E+02   21.4189372          1026390  0.82419    
       73400  -1.67822098         1247553.        0.000000       -45.37325     -1.59533772285E+07  2.97640674528E+04 -5.35994526079E+02   21.4199535          1026730  0.81623    
       73500  -1.67957856         1248585.        0.000000       -46.16003     -1.59522652061E+07  2.97619924235E+04 -5.35994532191E+02   21.4117401          1027607  0.80785    
       73600  -1.68069356         1247595.        0.000000       -46.23821     -1.59510346769E+07  2.97596966191E+04 -5.35994532505E+02   21.4214750          1026808  0.80412    
       73700  -1.67506664         1245490.        0.000000       -46.25489     -1.59445863979E+07  2.97476661062E+04 -5.35994532848E+02   21.4275259          1024909  0.82616    
       73800  -1.67111161         1245818.        0.000000       -45.70053     -1.59408531518E+07  2.97407012901E+04 -5.35994528049E+02   21.4196248          1024980  0.80798    
       73900  -1.67214222         1246537.        0.000000       -45.55221     -1.59453711454E+07  2.97491305052E+04 -5.35994527393E+02   21.4140852          1025271  0.81625    
       74000  -1.67584306         1247602.        0.000000       -46.44052     -1.59539570238E+07  2.97651486655E+04 -5.35994535190E+02   21.4154067          1026231  0.81734    
       74100  -1.67764117         1247673.        0.000000       -46.50033     -1.59594219234E+07  2.97753444099E+04 -5.35994536409E+02   21.4204685          1026235  0.80986    
       74200  -1.67814004         1247922.        0.000000       -45.42732     -1.59613636652E+07  2.97789676382E+04 -5.35994526712E+02   21.4221846          1026582  0.81418    
       74300  -1.68205924         1248633.        0.000000       -45.31927     -1.59622563244E+07  2.97806333313E+04 -5.35994521906E+02   21.4172602          1027313  0.82195    
       74400  -1.68353158         1249031.        0.000000       -44.71122     -1.59694928213E+07  2.97941345713E+04 -5.35994518755E+02   21.4257385          1027769  0.82143    
       74500  -1.68200057         1248374.        0.000000       -46.14367     -1.59636358342E+07  2.97832072519E+04 -5.35994518629E+02   21.4231316          1027199  0.81116    
       74600  -1.68081654         1248210.        0.000000       -46.24035     -1.59604614906E+07  2.97772848441E+04 -5.35994519786E+02   21.4268375          1027380  0.82083    
       74700  -1.68058335         1249010.        0.000000       -45.95056     -1.59522824055E+07  2.97620251052E+04 -5.35994521511E+02   21.4099655          1027993  0.83148    
       74800  -1.68182684         1248194.        0.000000       -44.80180     -1.59581203670E+07  2.97729166594E+04 -5.35994526487E+02   21.4184778          1027152  0.82245    
       74900  -1.67871819         1247909.        0.000000       -43.85378     -1.59554771966E+07  2.97679853489E+04 -5.35994525984E+02   21.4221610          1027070  0.81079    
       75000  -1.67871407         1247827.        0.000000       -43.14662     -1.59502415378E+07  2.97582174215E+04 -5.35994522516E+02   21.4162469          1026911  0.82713    
       75100  -1.67682083         1246818.        0.000000       -43.96048     -1.59448748165E+07  2.97482050300E+04 -5.35994518003E+02   21.4162051          1025995  0.81456    
       75200  -1.67689456         1247828.        0.000000       -43.61533     -1.59461250775E+07  2.97505377596E+04 -5.35994515673E+02   21.4118055          1026996  0.80778    
       75300  -1.67891502         1248296.        0.000000       -43.27441     -1.59530172221E+07  2.97633959877E+04 -5.35994522558E+02   21.4164297          1027239  0.81224    
       75400  -1.68034377         1248119.        0.000000       -42.44883     -1.59563023313E+07  2.97695249025E+04 -5.35994524049E+02   21.4203072          1026894  0.82316    
       75500  -1.67885058         1248211.        0.000000       -43.15579     -1.59549074527E+07  2.97669222370E+04 -5.35994528614E+02   21.4214054          1027341  0.81202    
       75600  -1.67843781         1247838.        0.000000       -43.48666     -1.59482036790E+07  2.97544148730E+04 -5.35994532143E+02   21.4154670          1026911  0.82116    
       75700  -1.67805418         1247860.        0.000000       -43.06238     -1.59498180953E+07  2.97574270585E+04 -5.35994528827E+02   21.4182760          1026962  0.82794    
       75800  -1.67822617         1247606.        0.000000       -43.56562     -1.59485879326E+07  2.97551320311E+04 -5.35994527464E+02   21.4190447          1026748  0.82576    
       75900  -1.67675910         1246839.        0.000000       -44.72037     -1.59452632079E+07  2.97489291646E+04 -5.35994526715E+02   21.4158545          1025956  0.81929    
       76000  -1.67486805         1246753.        0.000000       -43.82821     -1.59430779318E+07  2.97448522487E+04 -5.35994524313E+02   21.4185785          1026035  0.83468    
       76100  -1.67754855         1248272.        0.000000       -42.99093     -1.59478340684E+07  2.97537260177E+04 -5.35994519105E+02   21.4112512          1027414  0.81518    
       76200  -1.68174321         1248815.        0.000000       -44.98917     -1.59601774304E+07  2.97767550756E+04 -5.35994516186E+02   21.4158154          1027696  0.82716    
       76300  -1.67897570         1247307.        0.000000       -44.91424     -1.59624052140E+07  2.97809115917E+04 -5.35994513292E+02   21.4266479          1026563  0.80079    
       76400  -1.67391485         1246727.        0.000000       -44.28429     -1.59605555591E+07  2.97774607773E+04 -5.35994512038E+02   21.4275479          1025821  0.82009    
       76500  -1.67579199         1247337.        0.000000       -44.32937     -1.59624239483E+07  2.97809467727E+04 -5.35994509177E+02   21.4211386          1026125  0.81856    
       76600  -1.67850604         1248154.        0.000000       -44.15605     -1.59684115575E+07  2.97921176829E+04 -5.35994511281E+02   21.4194772          1026772  0.80531    
       76700  -1.68157960         1249136.        0.000000       -45.63107     -1.59741680990E+07  2.98028571232E+04 -5.35994520020E+02   21.4201053          1027643  0.82656    
       76800  -1.68335210         1248399.        0.000000       -45.17928     -1.59777087630E+07  2.98094628165E+04 -5.35994521652E+02   21.4324630          1027046  0.80380    
       76900  -1.68118866         1248148.        0.000000       -44.66882     -1.59704889466E+07  2.97959930079E+04 -5.35994519209E+02   21.4303777          1027034  0.80558    
       77000  -1.67858863         1247793.        0.000000       -43.10749     -1.59646503533E+07  2.97850996073E+04 -5.35994526248E+02   21.4261353          1026830  0.80625    
       77100  -1.67611338         1246384.        0.000000       -43.86898     -1.59633794890E+07  2.97827282565E+04 -5.35994531847E+02   21.4344675          1025510  0.80147    
       77200  -1.67631261         1247996.        0.000000       -44.66670     -1.59685969466E+07  2.97924626712E+04 -5.35994527301E+02   21.4201426          1026515  0.82228    
       77300  -1.68069003         1248220.        0.000000       -46.31973     -1.59802561941E+07  2.98142152448E+04 -5.35994526870E+02   21.4353473          1026629  0.81516    
       77400  -1.67849412         1247093.        0.000000       -45.60472     -1.59780368852E+07  2.98100749167E+04 -5.35994522986E+02   21.4389034          1025623  0.82198    
       77500  -1.67512792         1247121.        0.000000       -45.85893     -1.59741779816E+07  2.98028754639E+04 -5.35994521768E+02   21.4358356          1025794  0.80899    
       77600  -1.67754409         1247588.        0.000000       -44.06596     -1.59723133657E+07  2.97993964223E+04 -5.35994526175E+02   21.4288589          1026063  0.82017    
       77700  -1.67587423         1246870.        0.000000       -44.92625     -1.59737708312E+07  2.98021155117E+04 -5.35994527804E+02   21.4334388          1025330  0.82666    
       77800  -1.67816326         1247960.        0.000000       -45.11864     -1.59816831378E+07  2.98168773079E+04 -5.35994529968E+02   21.4319077          1026231  0.82005    
       77900  -1.67754883         1247511.        0.000000       -46.38166     -1.59824299414E+07  2.98182711364E+04 -5.35994520549E+02   21.4355614          1025727  0.82657    
       78000  -1.67720252         1247225.        0.000000       -46.64360     -1.59821979439E+07  2.98178387490E+04 -5.35994512495E+02   21.4411154          1025476  0.82161    
       78100  -1.67587847         1247034.        0.000000       -45.95355     -1.59810074113E+07  2.98156175006E+04 -5.35994513982E+02   21.4361227          1025149  0.81441    
       78200  -1.67682474         1248261.        0.000000       -45.06247     -1.59833838563E+07  2.98200514271E+04 -5.35994510117E+02   21.4337158          1026311  0.81580    
       78300  -1.67978057         1247842.        0.000000       -45.35190     -1.59846072196E+07  2.98223338871E+04 -5.35994509356E+02   21.4347482          1025879  0.81022    
       78400  -1.67877319         1248107.        0.000000       -43.70914     -1.59881072784E+07  2.98288640454E+04 -5.35994507000E+02   21.4360826          1026169  0.81496    
       78500  -1.68315961         1249309.        0.000000       -42.83572     -1.59972550425E+07  2.98459310295E+04 -5.35994505473E+02   21.4405702          1027274  0.81808    
       78600  -1.68449022         1249489.        0.000000       -43.58632     -1.59961667381E+07  2.98439007223E+04 -5.35994503096E+02   21.4458410          1027637  0.81390    
       78700  -1.68203597         1248142.        0.000000       -44.17763     -1.59866897194E+07  2.98262190903E+04 -5.35994511103E+02   21.4406280          1026395  0.81125    
       78800  -1.67710576         1246797.        0.000000       -44.24349     -1.59780293476E+07  2.98100610533E+04 -5.35994519402E+02   21.4384293          1025381  0.79799    
       78900  -1.67390205         1246906.        0.000000       -45.08051     -1.59742931460E+07  2.98030902827E+04 -5.35994522531E+02   21.4305006          1025373  0.81585    
       79000  -1.67568369         1247632.        0.000000       -45.08594     -1.59804952687E+07  2.98146614564E+04 -5.35994523772E+02   21.4265551          1025764  0.81702    
       79100  -1.67790713         1248639.        0.000000       -45.17052     -1.59931196833E+07  2.98382147824E+04 -5.35994522458E+02   21.4331562          1026586  0.82739    
       79200  -1.68121727         1248344.        0.000000       -43.53825     -1.59966101362E+07  2.98447271729E+04 -5.35994517343E+02   21.4409986          1026297  0.81169    
       79300  -1.68067836         1248603.        0.000000       -42.82956     -1.59944420725E+07  2.98406824038E+04 -5.35994514338E+02   21.4385793          1026635  0.80651    
       79400  -1.68303765         1249199.        0.000000       -42.90320     -1.59964942598E+07  2.98445111185E+04 -5.35994514914E+02   21.4368166          1027065  0.81919    
       79500  -1.68291139         1248934.        0.000000       -44.43678     -1.59941622827E+07  2.98401602716E+04 -5.35994516691E+02   21.4449609          1027134  0.82369    
       79600  -1.68138008         1247940.        0.000000       -45.80032     -1.59826652901E+07  2.98187106948E+04 -5.35994512093E+02   21.4421554          1026266  0.82428    
       79700  -1.67923183         1247692.        0.000000       -45.55665     -1.59726297210E+07  2.97999874314E+04 -5.35994512004E+02   21.4314125          1026094  0.82167    
       79800  -1.67928071         1248297.        0.000000       -45.06528     -1.59722255153E+07  2.97992331813E+04 -5.35994514292E+02   21.4289131          1026740  0.81464    
       79900  -1.68002423         1248458.        0.000000       -43.16553     -1.59693515813E+07  2.97938715728E+04 -5.35994509551E+02   21.4327722          1027036  0.81218    
       80000  -1.67886707         1248129.        0.000000       -43.20606     -1.59607602194E+07  2.97778427815E+04 -5.35994508954E+02   21.4242395          1026888  0.81568    
       80100  -1.67844972         1247625.        0.000000       -43.79463     -1.59561174446E+07  2.97691802372E+04 -5.35994519077E+02   21.4267710          1026736  0.80376    
       80200  -1.67848841         1247470.        0.000000       -43.20341     -1.59509921976E+07  2.97596177340E+04 -5.35994525878E+02   21.4202754          1026648  0.81667    
       80300  -1.67527059         1246784.        0.000000       -43.84088     -1.59468989031E+07  2.97519807914E+04 -5.35994528060E+02   21.4219666          1026186  0.81533    
       80400  -1.67485198         1247248.        0.000000       -44.04101     -1.59460983977E+07  2.97504872317E+04 -5.35994529215E+02   21.4118888          1026219  0.80545    
       80500  -1.67583596         1247422.        0.000000       -43.42642     -1.59496684977E+07  2.97571479581E+04 -5.35994528781E+02   21.4126050          1026207  0.81099    
       80600  -1.67877448         1247521.        0.000000       -44.42625     -1.59585303441E+07  2.97736815178E+04 -5.35994527065E+02   21.4214017          1026250  0.82243    
       80700  -1.67889630         1247963.        0.000000       -44.96296     -1.59619231667E+07  2.97800111151E+04 -5.35994533549E+02   21.4243074          1026707  0.82069    
       80800  -1.67501072         1245993.        0.000000       -45.06573     -1.59575884297E+07  2.97719232414E+04 -5.35994544266E+02   21.4318318          1024950  0.82398    
       80900  -1.67182739         1245820.        0.000000       -45.04964     -1.59535427012E+07  2.97643751048E+04 -5.35994545328E+02   21.4275782          1024901  0.82240    
       81000  -1.67156950         1246056.        0.000000       -43.79152     -1.59582220854E+07  2.97731053885E+04 -5.35994545317E+02   21.4230406          1024891  0.81702    
       81100  -1.67518313         1247603.        0.000000       -44.02621     -1.59699687396E+07  2.97950213379E+04 -5.35994539441E+02   21.4198948          1025932  0.80992    
       81200  -1.67992822         1248468.        0.000000       -44.42097     -1.59787121731E+07  2.98113340094E+04 -5.35994537114E+02   21.4249372          1026829  0.81764    
       81300  -1.67944210         1247926.        0.000000       -43.02038     -1.59817669997E+07  2.98170336981E+04 -5.35994531232E+02   21.4356200          1026343  0.80890    
