Run started: Thu Jan 15 12:22:20 CET 2026
Using VDAGGER_ARCH = gnu7_fkfamd_cluster
Running 1x128 MPI processes.

                               xx
                              +##
                               #X
                               Xx
                          X##XxXxxX##x
                           +   Xx  ++
                               ##
                              +##
                              +##
     ++++         ++          +##
   xX+++##+      ####         +##
  Xx    ###      +X##          ##
 xX    X##+        ##          #X
 +    x##X         #x          #X
      ###         +#           x+
     X##+         #+
     ###         Xx                    _______
     ##X       +X+   __________________VDAGGER
     +##x    +xX     2nd quantized variational
       +xxxxx+       ______quantum Monte Carlo

* Running 1024 MPI processes.
* Input file: "input.casl"

############# Start of input file dump #############
General:
  Random seed: timer

Plan:
  VMC-optimization:
    Minimum cycles: 6
    Convergence cycles: 5

System:
  Read Hamiltonian: FCIDUMP_loc
  Read orbitals: LTSC.mat
  Hamiltonian tolerance: 1.e-06
  Complex orbitals: F
  Geometry:
    r_26: [ -13.83014146869700, 1.35727600247100 ]
    r_22: [ -13.83014146869700, -1.35727600247100 ]
    r_8: [ -11.62690689559000, 2.66024485155100 ]
    r_17: [ -11.62690689559000, -2.66024485155100 ]
    r_9: [ -9.23278907226500, 1.37019677945900 ]
    r_2: [ -9.23278907226500, -1.37019677945900 ]
    r_7: [ -6.96884472977300, 2.65135431603300 ]
    r_15: [ -6.96884472977300, -2.65135431603300 ]
    r_23: [ -4.61659845825700, 1.36942883899200 ]
    r_16: [ -4.61659845825700, -1.36942883899200 ]
    r_5: [ -2.32211156817700, 2.65145101178900 ]
    r_13: [ -2.32211156817700, -2.65145101178900 ]
    r_1: [ 0.00000000000000, 1.36957394658400 ]
    r_3: [ 0.00000000000000, -1.36957394658400 ]
    r_14: [ 2.32211156817700, 2.65145101178900 ]
    r_21: [ 2.32211156817700, -2.65145101178900 ]
    r_4: [ 4.61659845825700, 1.36942883899200 ]
    r_11: [ 4.61659845825700, -1.36942883899200 ]
    r_12: [ 6.96884472977300, 2.65135431603300 ]
    r_20: [ 6.96884472977300, -2.65135431603300 ]
    r_24: [ 9.23278907226500, 1.37019677945900 ]
    r_25: [ 9.23278907226500, -1.37019677945900 ]
    r_10: [ 11.62690689559000, 2.66024485155100 ]
    r_19: [ 11.62690689559000, -2.66024485155100 ]
    r_18: [ 13.83014146869700, 1.35727600247100 ]
    r_6: [ 13.83014146869700, -1.35727600247100 ]
    Tolerance: 0.05

VMC:
  nstep: 500000
  nconfig: 100000

Jastrow: wfn.casl

Backflow: wfn.casl
############## End of input file dump ##############

General setup:
* Random seed: 730572561 (from timer)

* Loaded integrals for system with nelec=26, ms2=0, norb=26
* INFO: setting number of electrons from integrals file.
* Analysis of Hamiltonian connecitivity performed:
  - T_ii (local, 1-site): 26 (i) values
  - U_iiii [opp] (local, 1-site): 26 (i) values
  - U_kkii [opp] (local, 2-site): 650 contribs. from 26 (i) values
  - U_kkii [par] (local, 2-site): 325 contribs. from 25 (i) values
  - T_ji (single, 2-site): 650 contribs. from 26 (i) values
  - U_kkji [opp] (single, 2/3-site): 16256 contribs. from 650 (i,j) pairs
  - U_kkji [par] (single, 3-site): 15630 contribs. from 650 (i,j) pairs
  - U_lkji [opp] (double, 2/3/4-site): 62764 contribs. from 650 (i,j) pairs
  - U_lkji [par] (double, 4-site): 22996 contribs. from 600 (i,j) pairs
  - Max. no. wfn. ratios in Eloc: 16925
* Reading override orbitals from file "LTSC.mat".
* Site labels:
  +--------------------------------------+
  |    8     7     5    14    12    10   |
  |26     9    23     1     4    24    18|
  |22     2    16     3    11    25     6|
  |   17    15    13    21    20    19   |
  +--------------------------------------+
* Automatically set Site kinds:
  [ 1, 2, 1, 3, 4, 5, 6, 7, 2, 7, 3, 6, 4, 4, 6, 3, 7, 5, 7, 6, 4, 5, 3, 2, 2, 5 ]
  +-------------------------+
  |  7   6   4   4   6   7  |
  |5   2   3   1   3   2   5|
  |5   2   3   1   3   2   5|
  |  7   6   4   4   6   7  |
  +-------------------------+
* Maximum Site kind: 7
* Number of site-pair kinds with Tij=0: 0
* Automatically set Site pair kinds:
  Site 1: [ 0, 37, 2, 25, -8, 59, -47, 55, -42, -55, -20, -47, -22, -8, -34, -20, 57, -70, -57, 34, 22, 59, 25, 42, -37, 70 ]
  Site 2: [ 37, 0, 42, -51, 29, -74, 27, 18, -5, 75, 56, 60, 44, -46, 6, 26, 9, 86, 82, -77, 48, -24, -19, -66, 61, -17 ]
  Site 3: [ 2, 42, 0, 20, -22, 70, -34, 57, -37, -57, -25, -34, -8, -22, -47, -25, 55, -59, -55, 47, 8, 70, 20, 37, -42, 59 ]
  Site 4: [ 25, -51, 20, 0, -40, -43, 50, -73, 56, -90, -3, -10, -32, -7, 49, 38, -63, 52, 36, 21, 23, -71, -41, -26, 19, -69 ]
  Site 5: [ -8, 29, -22, -40, 0, -64, 14, -58, -44, 68, 32, -65, 11, 15, -30, 23, 39, 81, 67, -45, 31, 54, -7, -48, 46, 53 ]
  Site 6: [ 59, -74, 70, -43, -64, 0, 72, -84, 86, 33, 52, -35, -81, 54, 89, 69, -87, -4, 1, 76, -53, -85, -71, -17, 24, -93 ]
  Site 7: [ -47, 27, -34, 50, 14, 72, 0, 16, -6, -80, -49, -62, -30, -65, 12, 21, -28, -89, -79, 78, -45, -35, -10, 77, -60, -76 ]
  Site 8: [ 55, 18, 57, -73, -58, -84, 16, 0, -9, 88, 63, 80, 39, -68, -28, 36, 13, 87, 83, -79, 67, -33, 92, -82, 75, -1 ]
  Site 9: [ -42, -5, -37, 56, -44, 86, -6, -9, 0, -82, -51, -77, -29, 48, -27, -19, -18, -74, -75, 60, -46, 17, 26, 61, -66, 24 ]
  Site 10: [ -55, 75, -57, -90, 68, 33, -80, 88, -82, 0, -36, -16, 67, 58, -79, -63, 83, -1, 13, -28, 39, 84, 73, -9, 18, 87 ]
  Site 11: [ -20, 56, -25, -3, 32, 52, -49, 63, -51, -36, 0, 21, 40, 23, -50, -41, 73, -43, 90, -10, -7, 69, 38, 19, -26, 71 ]
  Site 12: [ -47, 60, -34, -10, -65, -35, -62, 80, -77, -16, 21, 0, 45, 14, -78, -49, 79, 76, 28, -12, 30, 72, 50, 6, -27, 89 ]
  Site 13: [ -22, 44, -8, -32, 11, -81, -30, 39, -29, 67, 40, 45, 0, -31, 14, 7, -58, 64, 68, 65, -15, 53, -23, -46, 48, 54 ]
  Site 14: [ -8, -46, -22, -7, 15, 54, -65, -68, 48, 58, 23, 14, -31, 0, 45, 32, -67, -53, -39, 30, -11, -64, -40, 44, -29, -81 ]
  Site 15: [ -34, 6, -47, 49, -30, 89, 12, -28, -27, -79, -50, -78, 14, 45, 0, 10, 16, -72, -80, 62, 65, -76, -21, 60, -77, -35 ]
  Site 16: [ -20, 26, -25, 38, 23, 69, 21, 36, -19, -63, -41, -49, 7, 32, 10, 0, -91, -71, -73, 50, -40, 52, -3, 51, -56, 43 ]
  Site 17: [ 57, 9, 55, -63, 39, -87, -28, 13, -18, 83, 73, 79, -58, -67, 16, -91, 0, 84, 88, -80, 68, -1, -36, -75, 82, -33 ]
  Site 18: [ -70, 86, -59, 52, 81, -4, -89, 87, -74, -1, -43, 76, 64, -53, -72, -71, 84, 0, -33, -35, 54, 93, 69, 24, -17, 85 ]
  Site 19: [ -57, 82, -55, 36, 67, 1, -79, 83, -75, 13, 90, 28, 68, -39, -80, -73, 88, -33, 0, 16, -58, 87, 63, -18, 9, 84 ]
  Site 20: [ 34, -77, 47, 21, -45, 76, 78, -79, 60, -28, -10, -12, 65, 30, 62, 50, -80, -35, 16, 0, 14, -89, -49, -27, 6, -72 ]
  Site 21: [ 22, 48, 8, 23, 31, -53, -45, 67, -46, 39, -7, 30, -15, -11, 65, -40, 68, 54, -58, 14, 0, 81, 32, -29, 44, 64 ]
  Site 22: [ 59, -24, 70, -71, 54, -85, -35, -33, 17, 84, 69, 72, 53, -64, -76, 52, -1, 93, 87, -89, 81, 0, -43, -86, 74, 4 ]
  Site 23: [ 25, -19, 20, -41, -7, -71, -10, 92, 26, 73, 38, 50, -23, -40, -21, -3, -36, 69, 63, -49, 32, -43, 0, -56, 51, -52 ]
  Site 24: [ 42, -66, 37, -26, -48, -17, 77, -82, 61, -9, 19, 6, -46, 44, 60, 51, -75, 24, -18, -27, -29, -86, -56, 0, -5, -74 ]
  Site 25: [ -37, 61, -42, 19, 46, 24, -60, 75, -66, 18, -26, -27, 48, -29, -77, -56, 82, -17, 9, 6, 44, 74, 51, -5, 0, 86 ]
  Site 26: [ 70, -17, 59, -69, 53, -93, -76, -1, 24, 87, 71, 89, 54, -81, -35, 43, -33, 85, 84, -72, 64, 4, -52, -74, 86, 0 ]
  For site 1 of kind 1:
  +---------------------------------------------------+
  |     55     -47      -8      -8     -47     -55    |
  | 70     -42      25       0      25      42     -70|
  | 59      37     -20       2     -20     -37      59|
  |     57     -34     -22      22      34     -57    |
  +---------------------------------------------------+
  For site 2 of kind 2:
  +---------------------------------------------------+
  |     18      27      29     -46      60      75    |
  |-17      -5     -19      37     -51     -66      86|
  |-24       0      26      42      56      61     -74|
  |      9       6      44      48     -77      82    |
  +---------------------------------------------------+
  For site 4 of kind 3:
  +---------------------------------------------------+
  |    -73      50     -40      -7     -10     -90    |
  |-69      56     -41      25       0     -26      52|
  |-71     -51      38      20      -3      19     -43|
  |    -63      49     -32      23      21      36    |
  +---------------------------------------------------+
  For site 5 of kind 4:
  +---------------------------------------------------+
  |    -58      14       0      15     -65      68    |
  | 53     -44      -7      -8     -40     -48      81|
  | 54      29      23     -22      32      46     -64|
  |     39     -30      11      31     -45      67    |
  +---------------------------------------------------+
  For site 6 of kind 5:
  +---------------------------------------------------+
  |    -84      72     -64      54     -35      33    |
  |-93      86     -71      59     -43     -17      -4|
  |-85     -74      69      70      52      24       0|
  |    -87      89     -81     -53      76       1    |
  +---------------------------------------------------+
  For site 7 of kind 6:
  +---------------------------------------------------+
  |     16       0      14     -65     -62     -80    |
  |-76      -6     -10     -47      50      77     -89|
  |-35      27      21     -34     -49     -60      72|
  |    -28      12     -30     -45      78     -79    |
  +---------------------------------------------------+
  For site 8 of kind 7:
  +---------------------------------------------------+
  |      0      16     -58     -68      80      88    |
  | -1      -9      92      55     -73     -82      87|
  |-33      18      36      57      63      75     -84|
  |     13     -28      39      67     -79      83    |
  +---------------------------------------------------+
* Maximum (unsigned) Site pair kind: 93
General system setup:
* Number of sites       : 26
* Number of electrons   : 26
* Spin imbalance MS2    : 0
* Filling               : 0.500000
* Number of orbitals in pool: 26
* Using real-valued orbitals
* Using double-precision arithmetic for orbitals

Trial wave function setup:
* Jastrow parameter file: "wfn.casl"
* Not using multideterminants
* Backflow parameter file: "wfn.casl"
* Not using wave function manipulation

VMC #1:
* Size of Hilbert space =   1.0817E+14
* Number of equil. steps   = 1000
* Running VMC equilibration.
  Done. [total walltime: 0.37s]
* Equil. acc.ratio (%)     =  12.0690
* Sample config after equilibration:
  +-------------------------+
  |  u   d   0   0   d   2  |
  |d   u   u   2   d   0   u|
  |d   2   d   u   2   d   0|
  |  u   0   d   u   u   2  |
  +-------------------------+
* Number of accum. steps   = 501760 x 10
* Running VMC accumulation.
    [walltime: 1m elapsed, 2.30s remaining]
  Done. [total walltime: 1m2s]
* Acceptance ratio (%)     =  12.0547
* Etot/t                   =  -9.939096665255E+02 +/-   8.891276158659E-05
  > Ttot/t                 =  -9.591061352303E+01 +/-   1.018150417154E-03
  > Utot/t                 =   4.230910144842E+01 +/-   1.011348452721E-03
* var[Eloc/t]              =   3.986010255495E-03 +/-   4.263705028942E-05
* Correlation length       =   9.951437591894E-01
* log10 Psi^2 range: -133.26556072403298 -- -120.90514724071912
* log10 Pgen range : -133.26556072403298 -- -120.90514724071912
* Site occupation (ave. no. electrons per config.):
  > Site_  ___eu____  ___ed____
      1        0.500      0.497
      2        0.499      0.495
      3        0.496      0.499
      4        0.498      0.498
      5        0.504      0.504
      6        0.502      0.503
      7        0.504      0.503
      8        0.501      0.497
      9        0.495      0.498
     10        0.502      0.498
     11        0.498      0.498
     12        0.498      0.504
     13        0.505      0.502
     14        0.504      0.502
     15        0.501      0.505
     16        0.497      0.497
     17        0.499      0.500
     18        0.500      0.503
     19        0.497      0.498
     20        0.502      0.502
     21        0.503      0.501
     22        0.502      0.500
     23        0.498      0.496
     24        0.498      0.497
     25        0.498      0.499
     26        0.498      0.503
* Pair-correlation analysis (ave. no. pairs per config.):
  > Shell  nsite  ___dh____  __eueu___  __eued___
      0      1        0          0          4.495
      1      0        0.917      0.501      2.600
      2      0        0.134      0.359      0.531
      3      0        0.267      0.719      1.057
      4      0        0.224      0.769      1.067
      5      0        0.253      0.739      1.052
      6      0        0.758      0.849      2.433
      7      0        0.671      1.053      2.337
      8      0        0.600      1.225      2.257
      9      0        0.446      1.546      2.098
     10      0        0.530      1.385      2.175
     11      0        0.136      0.820      1.159
     12      0        0.135      0.836      1.139
     13      0        0.134      0.859      1.090
     14      0        0.223      2.114      1.918
     15      0        0.112      1.059      0.960
     16      0        0.223      2.086      1.911
     17      0        0.262      1.898      2.064
     18      0        0.236      2.055      1.933
     19      0        0.296      1.877      2.046
     20      0        0.306      1.871      2.056
     21      0        0.243      2.090      1.923
     22      0        0.243      2.117      1.910
     23      0        0.240      2.126      1.896
     24      0        0.238      2.104      1.908
     25      0        0.277      2.080      1.906
     26      0        0.266      2.079      1.908
     27      0        0.237      2.125      1.887
     28      0        0.218      1.952      2.055
     29      0        0.240      2.057      1.949
     30      0        0.215      1.949      2.096
     31      0        0.108      0.972      1.054
     32      0        0.247      2.056      1.950
     33      0        0.216      2.129      1.891
     34      0        0.247      2.041      1.963
     35      0        0.220      2.077      1.952
     36      0        0.244      2.010      1.967
     37      0        0.281      1.938      2.021
     38      0        0.143      0.966      1.010
     39      0        0.214      1.990      2.030
     40      0        0.258      1.907      2.078
     41      0        0.140      1.006      0.975
     42      0        0.274      2.019      1.950
     43      0        0.257      1.950      2.026
     44      0        0.260      1.872      2.100
     45      0        0.217      1.992      2.050
     46      0        0.241      2.027      1.979
     47      0        0.257      1.932      2.054
     48      0        0.245      1.965      2.031
     49      0        0.248      2.018      1.978
     50      0        0.249      1.973      2.021
     51      0        0.276      1.956      2.003
     52      0        0.247      2.034      1.965
     53      0        0.222      1.969      2.060
     54      0        0.219      2.045      1.989
     55      0        0.249      1.972      2.004
     56      0        0.276      2.000      1.960
     57      0        0.250      2.001      1.973
     58      0        0.216      2.035      1.980
     59      0        0.252      1.976      2.018
     60      0        0.242      2.007      1.990
     61      0        0.135      0.995      0.984
     62      0        0.107      1.015      1.004
     63      0        0.248      1.988      1.980
     64      0        0.218      2.029      2.007
     65      0        0.214      2.055      1.990
     66      0        0.135      0.985      0.994
     67      0        0.215      2.002      2.016
     68      0        0.214      2.021      1.997
     69      0        0.250      2.005      1.985
     70      0        0.252      2.016      1.979
     71      0        0.249      1.988      2.004
     72      0        0.218      2.018      2.012
     73      0        0.247      1.977      1.993
     74      0        0.241      1.999      1.996
     75      0        0.240      1.991      1.984
     76      0        0.242      1.836      2.151
     77      0        0.242      1.987      2.009
     78      0        0.108      1.006      1.013
     79      0        0.215      2.002      2.009
     80      0        0.215      2.009      2.003
     81      0        0.220      2.000      2.033
     82      0        0.242      1.981      1.988
     83      0        0.109      0.995      0.996
     84      0        0.217      2.004      2.001
     85      0        0.110      1.006      1.006
     86      0        0.246      1.992      1.997
     87      0        0.217      2.002      2.002
     88      0        0.109      0.995      0.995
     89      0        0.219      2.011      2.018
     90      0        0.128      0.975      1.007
     91      0        0.063      0.489      0.503
     92      0        0.063      0.485      0.503
     93      0        0.111      1.004      1.006

Optimization #1:
* Method          : lls
* Target function : energy
* No. of configs. : 100352
* No. of params.  : 736
* Before optimization:
  -2.1419E+01  -2.1135E+01  -2.1393E+01  -2.1110E+01  -2.1537E+01  -2.1094E+01
  -2.0835E+01   2.1097E+00   1.9780E+00   1.1236E+00   1.0796E+00   2.3881E+00
   2.7296E+00   2.2950E+00   2.3033E+00   1.4615E+00   1.4365E+00   1.4886E+00
   1.4600E+00   2.1482E+00   2.1469E+00   1.4821E+00   1.4422E+00   1.3930E+00
   1.4465E+00   1.1509E+00   1.3964E+00   1.3943E+00   1.3745E+00   1.3065E+00
   1.2994E+00   2.2029E+00   2.2021E+00   1.8193E+00   1.8188E+00   1.4708E+00
   1.4732E+00   6.7844E-01   6.7655E-01   1.1301E+00   1.1299E+00   1.1361E+00
   1.1354E+00   1.1195E+00   1.1194E+00   2.3388E+00   2.3333E+00   8.1814E-01
   8.1392E-01   1.5981E+00   1.6097E+00   1.9778E+00   1.9756E+00   1.0672E+00
   1.0672E+00   1.4662E+00   1.4676E+00   1.1489E+00   1.1490E+00   1.1229E+00
   6.2640E-01   6.2600E-01   1.7096E+00   1.6917E+00   6.5608E-01   6.5517E-01
   1.4416E+00   1.4420E+00   5.1085E-01   5.0782E-01   9.2772E-01   9.2763E-01
   8.0935E-02   5.6692E-01   5.6657E-01   7.0480E-01   7.0397E-01   1.0686E-01
   9.5346E-01   9.5098E-01   8.4855E-01   8.4675E-01   1.5412E+00   1.5427E+00
   6.6977E-01   6.6976E-01   9.6250E-01   9.6262E-01   7.3501E-01   7.3234E-01
   9.7856E-01   9.7909E-01   1.4645E-01   1.4586E-01   1.6483E-01   1.6387E-01
   4.4036E-01   4.4013E-01   8.7417E-01   8.7095E-01   9.4107E-01   9.3994E-01
   9.2512E-01   9.2353E-01   6.6506E-02   6.4644E-02   4.4635E-01   4.4664E-01
   4.8818E-02   4.6863E-02   6.1911E-01   6.1665E-01   4.0692E-01   4.0590E-01
   5.4580E-01   5.4612E-01   8.6033E-01   2.5434E-01  -3.9793E-01  -3.9886E-01
   4.8016E-01   4.7910E-01   7.2503E-01   7.2447E-01   8.5721E-01   1.0998E-01
   1.0895E-01   1.2454E-01   1.2363E-01  -2.1823E-02  -2.2338E-02   4.1331E-01
   4.1065E-01  -2.4081E-02  -2.4850E-02   1.0002E-01   1.0107E-01  -3.9167E-01
  -3.9193E-01   4.2454E-01   4.2368E-01   3.9879E-02   3.8849E-02   1.5198E+00
   1.5229E+00   5.5173E-01   5.5251E-01   2.3860E-01  -2.7908E-01  -2.8003E-01
  -2.7167E-01  -2.7263E-01   4.8437E-01   4.8351E-01   4.3629E-02   4.3173E-02
  -7.7151E-01  -3.8661E-01  -3.8634E-01   2.0828E-03   4.2189E-01   4.2163E-01
  -3.8433E-01  -3.8399E-01  -7.6843E-01   1.0339E-01   1.0443E-01   5.8515E-01
   5.8035E-01   5.8407E-01   5.8022E-01   5.8530E-01   5.7993E-01   3.5640E+00
  -5.7679E+00   1.7937E+00  -2.9215E+00   4.0215E+00  -5.1050E+00  -1.4001E+00
  -1.0241E+00  -1.2112E+01   9.3743E+00  -6.8061E+00   4.3780E+00  -2.5164E-01
  -1.3035E+00  -1.3743E+00  -1.8917E-01  -1.7675E+00  -4.0181E-01   1.2630E+00
  -2.7869E+00  -4.3198E+00   2.9310E+00  -1.2760E+00  -1.7226E-01   8.7825E+00
  -9.9331E+00  -2.7249E+00   1.3414E+00  -4.2434E+00   2.8821E+00   3.7968E+00
  -5.0895E+00  -6.5530E+00   4.3453E+00  -1.6028E+00  -2.1359E-01  -3.8057E+00
   2.3305E+00   3.1531E+00  -3.8344E+00   1.4464E+00  -2.5727E+00  -1.1884E+00
   5.6067E-02  -7.2541E-02  -1.0420E+00  -6.5842E+00   4.2765E+00   3.1253E+00
  -3.9092E+00  -3.8364E+00   2.2624E+00  -6.6187E+00   4.6488E+00   3.8834E+00
  -4.9532E+00  -7.8682E+00   6.4028E+00  -2.6396E+00   1.4876E+00  -4.1589E+00
   3.0319E+00   2.1397E-01  -8.3852E-01   3.7551E+00  -5.4391E+00   6.2098E-01
  -1.2766E+00  -1.0506E+00  -3.8865E-01   6.7301E+00  -7.2394E+00  -4.5936E+00
   3.6660E+00   4.6011E+00  -4.6822E+00   2.6372E+00  -3.2033E+00   1.8174E-01
  -8.9502E-01   4.5945E+00  -4.6980E+00  -4.6005E+00   3.6510E+00   1.8051E+00
  -2.6526E+00  -7.8985E+00   6.3491E+00  -2.3504E+00   1.6806E+00  -7.5733E+00
   6.6106E+00   5.8859E-01  -1.3284E+00  -7.5785E+00   6.5984E+00   2.0281E+00
  -2.1737E+00   2.0216E+00  -2.1867E+00  -3.1983E+00   2.7581E+00   1.7986E+00
  -2.6700E+00  -2.2999E+00   1.3592E+00  -2.2957E+00   1.3708E+00   5.8963E+00
  -5.9627E+00  -3.2002E+00   2.7545E+00   5.9024E+00  -5.9509E+00   2.6222E+00
  -3.2389E+00   9.6812E-01  -1.3740E+00  -5.7916E+00   5.2453E+00  -1.1028E+01
   1.0168E+01  -5.6337E-01   3.0983E-01   7.2764E+00  -6.8783E+00  -2.0312E+00
   1.5512E+00  -2.3646E+00   1.6412E+00  -1.1026E+01   1.0169E+01   2.9091E+00
  -3.0181E+00   2.9054E+00  -3.0287E+00   2.3337E+00  -2.3108E+00   9.6651E-01
  -1.3782E+00   2.3343E+00  -2.3096E+00  -2.6861E-01   1.6778E-01   7.2741E+00
  -6.8828E+00  -5.5104E+00   5.0869E+00  -5.6242E-01   5.2355E-01  -1.0844E+00
  -4.4566E-01  -5.7942E+00   5.2415E+00  -5.5888E-01   3.2036E-01   4.6769E+00
  -4.3972E+00   4.6742E+00  -4.4016E+00  -2.0329E+00   1.5484E+00  -5.6484E-01
   5.2071E-01   9.8974E+00  -9.1265E+00   4.9493E+00  -4.5628E+00  -1.3451E-03
  -1.7845E-03  -5.5100E+00   5.0875E+00   4.9483E+00  -4.5640E+00   9.8960E+00
  -9.1282E+00  -2.7051E-01   1.6586E-01   6.7008E+00  -7.2851E+00   6.7014E+00
  -7.2852E+00   6.7011E+00  -7.2855E+00   9.0345E-01   7.8822E-01   9.0346E-01
   7.3773E-01   1.0146E+00   7.2080E-01   7.4640E-01  -7.3879E-02  -2.0381E-01
  -2.2054E-01  -1.6608E-01  -1.2361E-01  -8.4722E-02  -1.6629E-01  -1.6678E-01
  -1.1506E-01  -1.4668E-01  -8.1827E-02  -7.9238E-02  -3.1699E-02   3.6677E-02
   3.3312E-02   3.0599E-02  -2.8239E-02  -2.6054E-03  -2.3665E-02  -3.6260E-02
   2.1148E-02   2.5976E-02   3.9061E-02   8.2764E-02   4.0030E-02   1.5230E-02
   3.0806E-02  -2.4896E-02  -2.8467E-02  -3.5989E-02  -4.6000E-02  -2.5293E-02
   6.4387E-02  -1.9410E-02  -2.8489E-02  -7.1223E-03   4.9263E-04   4.8713E-03
  -1.2689E-02   7.0289E-03   3.1468E-02   2.5459E-02   4.8426E-03   6.9300E-03
  -1.7388E-02  -1.5498E-02   7.8298E-03  -5.5286E-03  -1.4828E-02  -3.7097E-03
   1.7086E-04   2.7594E-02  -2.0365E-02  -2.6673E-02  -6.0476E-03   1.3771E-02
  -7.9483E-03   2.7414E-02   2.3924E-04  -6.9032E-03   5.8561E-03  -1.2711E-02
  -5.0846E-03  -1.2210E-02   2.3861E-02   3.1197E-03  -3.4714E-03  -9.1552E-03
   1.9297E-03   8.8902E-03   8.2492E-03  -4.7335E-03  -1.2661E-02  -1.8308E-03
   9.9592E-04  -2.3812E-02  -7.3290E-03  -4.0187E-03   7.8378E-04  -2.3177E-03
  -1.1836E-02  -6.1314E-04   2.0058E-03  -6.4452E-03   7.0511E-03   4.1019E-03
   6.0403E-03   5.4082E-03   3.6497E-03  -1.5535E-02  -1.5375E-02  -1.6744E-02
   1.8623E-03   2.1161E-01  -3.9405E-02  -3.6754E-02   7.7707E-02   3.3057E-03
   5.9787E-02   8.1422E-03  -1.1196E-02   4.6251E-02  -1.9256E-02  -6.0029E-02
  -6.0078E-02  -6.9418E-02   8.4389E-02   8.4962E-02   4.4872E-02  -2.4251E-02
   6.8808E-03  -4.7446E-02  -4.7343E-02   2.0992E-02   2.6782E-02   2.7204E-02
  -5.4503E-03   2.8979E-02   3.8204E-02   2.2833E-02  -1.4828E-02  -1.7268E-02
  -2.5115E-02  -3.2054E-02  -1.9369E-02   5.0632E-02  -1.5060E-02  -2.5609E-02
  -4.2307E-03  -1.3869E-02  -1.6725E-02  -5.9127E-03  -1.9553E-02   4.2801E-02
   3.1832E-02  -1.0079E-02  -3.3598E-02  -1.3061E-02  -1.4435E-02  -1.3364E-02
  -1.7428E-02  -1.0448E-02  -1.4750E-02  -8.7103E-03   2.0022E-02  -1.3853E-02
  -2.1392E-02  -1.0695E-02   1.4219E-02  -5.3820E-03   1.1576E-02  -7.2337E-03
  -9.3806E-03   1.2613E-02  -1.0947E-02  -2.2691E-03  -1.0693E-02   3.1871E-02
  -7.4644E-03   6.2096E-04  -2.7854E-03   1.2046E-02   1.2405E-02  -1.8117E-03
  -4.7808E-03  -7.7084E-03   1.8982E-03   1.3875E-03  -3.1747E-02  -6.2456E-03
  -5.1493E-03   1.6578E-03  -6.4888E-03  -8.2330E-03  -1.6473E-03   1.7432E-03
  -5.0621E-03   6.4767E-03  -2.5309E-03  -4.0441E-04   9.0443E-04  -4.1229E-04
   2.1073E-02   2.1339E-02   2.0595E-02  -2.5859E-03  -5.2418E-02  -2.0191E-01
  -2.1305E-01  -1.5922E-01  -1.4911E-01  -6.6922E-02  -1.4527E-01  -1.5295E-01
  -1.5889E-01  -1.4005E-01  -7.3746E-02  -7.5153E-02  -2.5137E-02  -1.5799E-02
  -2.3119E-02  -6.9251E-03  -1.5993E-02  -1.4007E-02   1.1178E-03  -5.2675E-03
   9.6247E-03   9.6235E-03   3.1720E-02   8.6554E-02   6.3720E-02   3.4073E-02
   2.6824E-02  -2.8881E-02  -2.4675E-02  -3.4235E-02  -4.0994E-02  -1.8270E-02
   1.4046E-02  -1.1469E-02  -2.0010E-02  -7.1421E-04   2.4692E-03   5.5146E-03
  -1.9072E-02   1.5570E-02   2.2962E-02   2.6668E-02   5.0279E-03   1.4231E-02
  -1.8541E-02  -1.4391E-02   1.0830E-02  -2.4561E-03  -1.2673E-02  -3.0231E-03
  -1.2795E-03   2.3703E-02  -1.4987E-02  -2.0652E-02  -2.8013E-03   1.3703E-02
  -7.4547E-03   3.3475E-02   9.9410E-04  -6.9624E-03   1.6163E-03  -1.2263E-02
  -3.3140E-03  -7.0829E-03   2.5028E-02   2.2490E-03  -6.3217E-03  -1.2146E-02
  -3.4697E-03   6.5930E-03   5.2619E-03  -4.2481E-03  -8.1839E-03  -2.6261E-04
  -1.9394E-03  -2.0075E-02  -6.4874E-03  -1.5383E-03   1.1153E-03   2.2435E-03
  -6.6108E-03  -2.5862E-03  -5.8052E-03   1.0936E-03   4.4052E-03   8.3191E-03
   9.5734E-03   6.0954E-03   2.5032E-03  -2.5156E-02  -2.4812E-02  -2.5323E-02
  -4.8070E-03   1.2829E-01  -5.5755E-02  -4.7573E-02   2.3695E-02  -1.7720E-02
   4.1975E-03  -5.0952E-02  -6.3380E-02   1.4824E-02  -5.6337E-02  -5.9274E-02
  -5.8667E-02  -8.5875E-02   5.6666E-02   5.4513E-02   2.0575E-02  -1.5470E-02
   1.9731E-03  -3.2059E-02  -2.5670E-02   1.2125E-02   1.4510E-02   2.0884E-02
  -8.5921E-03   5.3582E-02   6.2385E-02   1.8068E-02  -1.5650E-02  -1.3813E-02
  -2.1591E-02  -2.3971E-02  -1.4689E-02   1.8176E-02  -1.0721E-02  -1.8560E-02
   1.1617E-03  -1.3279E-02  -1.7556E-02  -9.2313E-03  -1.3637E-02   3.5432E-02
   3.4443E-02  -1.0076E-02  -3.6508E-02  -1.3635E-02  -1.3091E-02  -1.2275E-02
  -1.6556E-02  -9.2356E-03  -1.4392E-02  -1.1153E-02   1.2370E-02  -7.6647E-03
  -1.5493E-02  -7.8746E-03   1.4022E-02  -4.0180E-03   1.4179E-02  -5.9167E-03
  -1.0908E-02   1.2061E-02  -1.3887E-02  -8.7786E-04  -6.7278E-03   3.6983E-02
  -1.2287E-02  -5.7033E-04  -3.9269E-03   6.7806E-03   9.7104E-03  -2.7946E-03
  -5.1714E-03  -3.4248E-03   4.7770E-03  -4.7898E-04  -2.8791E-02  -4.1872E-03
  -5.2501E-03   1.1290E-03  -3.0151E-03  -2.4917E-03  -4.8627E-03  -8.6552E-03
   6.7867E-04   9.7529E-04   1.4270E-03   2.8228E-03   1.4203E-03  -7.2087E-04
   1.8560E-02   1.9378E-02   1.8312E-02  -6.3017E-03
  > E    =  -9.939096829327E+02 +/-   2.005613495584E-04
  > varE =   4.036644642607E-03
* Computing derivatives.
    [walltime: 2m52s elapsed, 2h15m remaining]
    [walltime: 1h2m elapsed, 1h16m remaining]
  Done. [total walltime: 2h19m]
* Optimizing manipulation constant:
  #igrid a___________ E____________________________________ varE____________
     1     Infinity    -9.93909683E+02 +/-   2.00561350E-04   4.03664464E-03
     2     1.0000E+06  -9.93909683E+02 +/-   2.00561340E-04   4.03664428E-03
     3     2.1544E+05  -9.93909683E+02 +/-   2.00561307E-04   4.03664294E-03
     4     4.6416E+04  -9.93909683E+02 +/-   2.00561153E-04   4.03663674E-03
     5     1.0000E+04  -9.93909683E+02 +/-   2.00560440E-04   4.03660805E-03
     6     2.1544E+03  -9.93909683E+02 +/-   2.00557173E-04   4.03647651E-03
     7     4.6416E+02  -9.93909684E+02 +/-   2.00542879E-04   4.03590119E-03
     8     1.0000E+02  -9.93909686E+02 +/-   2.00495312E-04   4.03398683E-03
     9     2.1544E+01  -9.93909678E+02 +/-   2.00729569E-04   4.04341888E-03
    10     4.6416E+00  -9.93908160E+02 +/-   2.30809804E-04   5.34606873E-03
    11     1.0000E+00  -9.91858722E+02 +/-   9.90927414E+03   9.85393558E+12
    12     2.1544E-01  -9.89491215E+02 +/-   4.49149635E+01   2.02445503E+08
    13     4.6416E-02  -9.67476634E+02 +/-   6.42442413E+03   4.14185072E+12
    14     1.0000E-02  -9.76267434E+02 +/-   3.44453231E+04   1.19065669E+14
    15     2.1544E-03  -9.90697086E+02 +/-   4.17522779E-03   1.74938896E+00
    16     4.6416E-04  -9.90697641E+02 +/-   4.19534498E-03   1.76628747E+00
    17     1.0000E-04  -9.90697762E+02 +/-   4.20006309E-03   1.77026246E+00
    18     2.1544E-05  -9.90697788E+02 +/-   4.20109826E-03   1.77113519E+00
    19     4.6416E-06  -9.90697794E+02 +/-   4.20132216E-03   1.77132398E+00
    20     1.0000E-06  -9.90697795E+02 +/-   4.20137043E-03   1.77136468E+00
    21     0.0000E+00  -9.90697795E+02 +/-   4.20138369E-03   1.77137587E+00
* Iteration # 1: E =  -9.939096858413E+02 +/-   2.004953118405E-04
* Convergence: exiting.
* After optimization:
  -2.1418E+01  -2.1133E+01  -2.1391E+01  -2.1107E+01  -2.1533E+01  -2.1092E+01
  -2.0832E+01   2.1103E+00   1.9789E+00   1.1412E+00   1.0720E+00   2.3880E+00
   2.7291E+00   2.2935E+00   2.3018E+00   1.4542E+00   1.4293E+00   1.4939E+00
   1.4653E+00   2.1485E+00   2.1471E+00   1.4772E+00   1.4372E+00   1.3860E+00
   1.4442E+00   1.1522E+00   1.3918E+00   1.3896E+00   1.3675E+00   1.3059E+00
   1.2988E+00   2.2026E+00   2.2018E+00   1.8196E+00   1.8192E+00   1.4668E+00
   1.4692E+00   6.8357E-01   6.8172E-01   1.1252E+00   1.1250E+00   1.1414E+00
   1.1407E+00   1.1122E+00   1.1121E+00   2.3385E+00   2.3330E+00   8.2331E-01
   8.1911E-01   1.5941E+00   1.6057E+00   1.9763E+00   1.9742E+00   1.0667E+00
   1.0666E+00   1.4625E+00   1.4639E+00   1.1442E+00   1.1444E+00   1.1159E+00
   6.1920E-01   6.1880E-01   1.7102E+00   1.6924E+00   6.6379E-01   6.6290E-01
   1.4403E+00   1.4408E+00   5.0768E-01   5.0464E-01   9.3640E-01   9.3630E-01
   7.3535E-02   5.6404E-01   5.6368E-01   6.9762E-01   6.9681E-01   9.9455E-02
   9.6214E-01   9.5968E-01   8.4470E-01   8.4291E-01   1.5375E+00   1.5390E+00
   6.6512E-01   6.6511E-01   9.5883E-01   9.5894E-01   7.4274E-01   7.4008E-01
   9.7489E-01   9.7540E-01   1.4158E-01   1.4100E-01   1.5996E-01   1.5901E-01
   4.3647E-01   4.3623E-01   8.7032E-01   8.6710E-01   9.3754E-01   9.3643E-01
   9.2158E-01   9.2000E-01   7.6001E-02   7.4146E-02   4.4246E-01   4.4274E-01
   5.8323E-02   5.6377E-02   6.1624E-01   6.1380E-01   4.1579E-01   4.1477E-01
   5.4449E-01   5.4481E-01   8.6001E-01   2.5206E-01  -4.0102E-01  -4.0194E-01
   4.7665E-01   4.7560E-01   7.2039E-01   7.1983E-01   8.5688E-01   1.0712E-01
   1.0609E-01   1.2167E-01   1.2078E-01  -2.5565E-02  -2.6084E-02   4.2216E-01
   4.1952E-01  -2.7814E-02  -2.8583E-02   9.8866E-02   9.9905E-02  -3.9477E-01
  -3.9502E-01   4.2434E-01   4.2349E-01   4.0344E-02   3.9313E-02   1.5186E+00
   1.5216E+00   5.5043E-01   5.5118E-01   2.3633E-01  -2.7959E-01  -2.8054E-01
  -2.7218E-01  -2.7314E-01   4.8087E-01   4.8002E-01   4.4119E-02   4.3643E-02
  -7.7022E-01  -3.8595E-01  -3.8569E-01   2.0991E-03   4.2170E-01   4.2143E-01
  -3.8366E-01  -3.8332E-01  -7.6710E-01   1.0222E-01   1.0328E-01   5.8195E-01
   5.7715E-01   5.8091E-01   5.7703E-01   5.8212E-01   5.7677E-01   3.5557E+00
  -5.7598E+00   1.5630E+00  -2.7084E+00   4.1186E+00  -5.1946E+00  -1.3999E+00
  -1.0240E+00  -1.2107E+01   9.3697E+00  -6.7885E+00   4.3618E+00  -1.5802E-01
  -1.3900E+00  -1.4447E+00  -1.2421E-01  -1.7735E+00  -3.9611E-01   1.3264E+00
  -2.8455E+00  -4.2296E+00   2.8478E+00  -1.2461E+00  -1.9981E-01   8.7654E+00
  -9.9172E+00  -2.6648E+00   1.2860E+00  -4.1532E+00   2.7989E+00   3.8033E+00
  -5.0953E+00  -6.5504E+00   4.3430E+00  -1.6088E+00  -2.0796E-01  -3.7546E+00
   2.2833E+00   3.0863E+00  -3.7727E+00   1.5099E+00  -2.6312E+00  -1.2587E+00
   1.2101E-01   2.1171E-02  -1.1285E+00  -6.5816E+00   4.2742E+00   3.0584E+00
  -3.8474E+00  -3.7853E+00   2.2153E+00  -6.6012E+00   4.6327E+00   3.8899E+00
  -4.9590E+00  -7.8205E+00   6.3588E+00  -2.5796E+00   1.4322E+00  -4.0686E+00
   2.9486E+00   3.0759E-01  -9.2495E-01   3.7465E+00  -5.4313E+00   5.2048E-01
  -1.1838E+00  -1.0356E+00  -4.0243E-01   6.7701E+00  -7.2762E+00  -4.7065E+00
   3.7702E+00   4.6981E+00  -4.7718E+00   2.6738E+00  -3.2370E+00   2.7535E-01
  -9.8146E-01   4.6915E+00  -4.7877E+00  -4.7134E+00   3.7552E+00   1.8537E+00
  -2.6974E+00  -7.8508E+00   6.3051E+00  -2.2903E+00   1.6252E+00  -7.5256E+00
   6.5666E+00   4.8806E-01  -1.2357E+00  -7.5309E+00   6.5545E+00   2.0916E+00
  -2.2324E+00   2.0851E+00  -2.2453E+00  -3.1473E+00   2.7109E+00   1.8472E+00
  -2.7147E+00  -2.2548E+00   1.3175E+00  -2.2505E+00   1.3292E+00   5.7723E+00
  -5.8482E+00  -3.1492E+00   2.7073E+00   5.7784E+00  -5.8364E+00   2.6587E+00
  -3.2726E+00   8.5268E-01  -1.2674E+00  -5.7741E+00   5.2291E+00  -1.1023E+01
   1.0163E+01  -5.3351E-01   2.8224E-01   7.3164E+00  -6.9152E+00  -1.9861E+00
   1.5096E+00  -2.3045E+00   1.5857E+00  -1.1021E+01   1.0165E+01   2.9457E+00
  -3.0518E+00   2.9419E+00  -3.0624E+00   2.3823E+00  -2.3556E+00   8.5111E-01
  -1.2716E+00   2.3828E+00  -2.3545E+00  -2.5366E-01   1.5400E-01   7.3141E+00
  -6.9197E+00  -5.5078E+00   5.0845E+00  -5.6848E-01   5.2914E-01  -1.0693E+00
  -4.5942E-01  -5.7767E+00   5.2253E+00  -5.2900E-01   2.9278E-01   4.6832E+00
  -4.4030E+00   4.6805E+00  -4.4075E+00  -1.9878E+00   1.5068E+00  -5.7090E-01
   5.2630E-01   9.8802E+00  -9.1106E+00   4.9407E+00  -4.5549E+00  -1.3712E-03
  -1.7813E-03  -5.5075E+00   5.0852E+00   4.9397E+00  -4.5560E+00   9.8788E+00
  -9.1124E+00  -2.5556E-01   1.5209E-01   6.7408E+00  -7.3220E+00   6.7414E+00
  -7.3221E+00   6.7411E+00  -7.3223E+00   9.0946E-01   7.9317E-01   9.0917E-01
   7.4239E-01   1.0206E+00   7.2526E-01   7.5098E-01  -7.4277E-02  -2.0532E-01
  -2.2190E-01  -1.6695E-01  -1.2448E-01  -8.5391E-02  -1.6740E-01  -1.6798E-01
  -1.1586E-01  -1.4764E-01  -8.2268E-02  -7.9659E-02  -3.1759E-02   3.6869E-02
   3.3551E-02   3.0758E-02  -2.8342E-02  -2.6087E-03  -2.3775E-02  -3.6520E-02
   2.1285E-02   2.6211E-02   3.9389E-02   8.3252E-02   4.0460E-02   1.5259E-02
   3.1091E-02  -2.5023E-02  -2.8738E-02  -3.6314E-02  -4.6272E-02  -2.5369E-02
   6.4810E-02  -1.9567E-02  -2.8652E-02  -7.0697E-03   4.1264E-04   4.8568E-03
  -1.2765E-02   7.1092E-03   3.1656E-02   2.5787E-02   4.9595E-03   7.0316E-03
  -1.7463E-02  -1.5588E-02   7.9249E-03  -5.5599E-03  -1.4986E-02  -3.7645E-03
   1.1716E-04   2.7628E-02  -2.0446E-02  -2.6957E-02  -6.0909E-03   1.3903E-02
  -8.0470E-03   2.7573E-02   1.9410E-04  -6.8678E-03   5.7149E-03  -1.2809E-02
  -5.1116E-03  -1.2229E-02   2.4016E-02   3.0761E-03  -3.4012E-03  -9.1197E-03
   1.9510E-03   9.0175E-03   8.4559E-03  -4.7024E-03  -1.2764E-02  -1.7384E-03
   1.0969E-03  -2.3921E-02  -7.3359E-03  -4.0539E-03   7.5129E-04  -2.1524E-03
  -1.1933E-02  -6.5459E-04   1.8072E-03  -6.7364E-03   7.2860E-03   4.2858E-03
   6.0608E-03   5.3197E-03   3.6138E-03  -1.5635E-02  -1.5445E-02  -1.6816E-02
   1.6634E-03   2.1292E-01  -3.9805E-02  -3.7005E-02   7.8315E-02   3.2187E-03
   6.0046E-02   8.1525E-03  -1.1356E-02   4.6495E-02  -1.9451E-02  -6.0296E-02
  -6.0398E-02  -6.9821E-02   8.4957E-02   8.5601E-02   4.5182E-02  -2.4396E-02
   7.0103E-03  -4.7735E-02  -4.7544E-02   2.1224E-02   2.6977E-02   2.7460E-02
  -5.4897E-03   2.9214E-02   3.8409E-02   2.3055E-02  -1.4917E-02  -1.7378E-02
  -2.5277E-02  -3.2278E-02  -1.9446E-02   5.0976E-02  -1.5146E-02  -2.5760E-02
  -4.2390E-03  -1.3881E-02  -1.6830E-02  -5.8908E-03  -1.9648E-02   4.2951E-02
   3.1993E-02  -1.0162E-02  -3.3843E-02  -1.3089E-02  -1.4496E-02  -1.3469E-02
  -1.7466E-02  -1.0539E-02  -1.4822E-02  -8.6656E-03   2.0099E-02  -1.3982E-02
  -2.1518E-02  -1.0693E-02   1.4297E-02  -5.4252E-03   1.1635E-02  -7.1782E-03
  -9.4031E-03   1.2570E-02  -1.1046E-02  -2.3762E-03  -1.0827E-02   3.2045E-02
  -7.4685E-03   5.8387E-04  -2.8290E-03   1.2129E-02   1.2513E-02  -1.7388E-03
  -4.8219E-03  -7.7535E-03   1.9418E-03   1.3342E-03  -3.1941E-02  -6.2185E-03
  -5.2514E-03   1.5761E-03  -6.4586E-03  -8.3314E-03  -1.7928E-03   1.7685E-03
  -5.1099E-03   6.5965E-03  -2.4965E-03  -4.1371E-04   8.8001E-04  -5.2433E-04
   2.1206E-02   2.1451E-02   2.0733E-02  -2.5853E-03  -5.2648E-02  -2.0209E-01
  -2.1315E-01  -1.5937E-01  -1.4938E-01  -6.7074E-02  -1.4545E-01  -1.5309E-01
  -1.5901E-01  -1.4007E-01  -7.3689E-02  -7.5190E-02  -2.5106E-02  -1.5843E-02
  -2.3158E-02  -6.9575E-03  -1.5909E-02  -1.4093E-02   1.1856E-03  -5.3094E-03
   9.4980E-03   9.6868E-03   3.1676E-02   8.6496E-02   6.3888E-02   3.4079E-02
   2.6884E-02  -2.8818E-02  -2.4774E-02  -3.4270E-02  -4.0900E-02  -1.8279E-02
   1.3943E-02  -1.1535E-02  -1.9978E-02  -6.2686E-04   2.3753E-03   5.6093E-03
  -1.9113E-02   1.5560E-02   2.3095E-02   2.6827E-02   5.1618E-03   1.4380E-02
  -1.8555E-02  -1.4403E-02   1.0895E-02  -2.5061E-03  -1.2675E-02  -2.9754E-03
  -1.3210E-03   2.3589E-02  -1.4859E-02  -2.0735E-02  -2.8055E-03   1.3726E-02
  -7.4424E-03   3.3437E-02   8.8745E-04  -6.9447E-03   1.6225E-03  -1.2166E-02
  -3.1747E-03  -6.9726E-03   2.5031E-02   2.3475E-03  -6.2340E-03  -1.2060E-02
  -3.5588E-03   6.6024E-03   5.3272E-03  -4.2549E-03  -8.1551E-03  -2.4602E-04
  -1.7966E-03  -1.9997E-02  -6.5739E-03  -1.4371E-03   1.1712E-03   2.3099E-03
  -6.5670E-03  -2.4656E-03  -6.0769E-03   8.3022E-04   4.4721E-03   8.4377E-03
   9.5778E-03   6.0108E-03   2.5523E-03  -2.5152E-02  -2.4815E-02  -2.5321E-02
  -5.0836E-03   1.2830E-01  -5.5935E-02  -4.7834E-02   2.3665E-02  -1.7981E-02
   3.9956E-03  -5.1154E-02  -6.3545E-02   1.4743E-02  -5.6443E-02  -5.9147E-02
  -5.8714E-02  -8.5965E-02   5.6718E-02   5.4605E-02   2.0598E-02  -1.5489E-02
   1.9949E-03  -3.2006E-02  -2.5566E-02   1.2132E-02   1.4512E-02   2.0855E-02
  -8.6073E-03   5.3611E-02   6.2424E-02   1.8103E-02  -1.5626E-02  -1.3787E-02
  -2.1525E-02  -2.3968E-02  -1.4740E-02   1.8129E-02  -1.0722E-02  -1.8541E-02
   1.1575E-03  -1.3173E-02  -1.7398E-02  -9.2133E-03  -1.3658E-02   3.5435E-02
   3.4336E-02  -1.0078E-02  -3.6472E-02  -1.3609E-02  -1.3058E-02  -1.2270E-02
  -1.6491E-02  -9.1558E-03  -1.4308E-02  -1.1028E-02   1.2351E-02  -7.6319E-03
  -1.5441E-02  -7.8036E-03   1.3998E-02  -3.9552E-03   1.4145E-02  -5.8727E-03
  -1.0908E-02   1.2092E-02  -1.3869E-02  -8.6333E-04  -6.7551E-03   3.6961E-02
  -1.2119E-02  -6.6112E-04  -4.0059E-03   6.7160E-03   9.6679E-03  -2.8102E-03
  -5.2213E-03  -3.4016E-03   4.7388E-03  -5.0407E-04  -2.8789E-02  -4.2292E-03
  -5.2373E-03   1.0907E-03  -3.1015E-03  -2.5346E-03  -4.8718E-03  -8.6108E-03
   6.5722E-04   9.7604E-04   1.4208E-03   2.8602E-03   1.4533E-03  -7.7041E-04
   1.8536E-02   1.9368E-02   1.8299E-02  -6.2913E-03
  > Energy =  -9.939096858413E+02 +/-   2.004953118405E-04
  > varE =   4.033986833267E-03

VMC #2:
* Size of Hilbert space =   1.0817E+14
* Number of equil. steps   = 1000
* Running VMC equilibration.
  Done. [total walltime: 0.38s]
* Equil. acc.ratio (%)     =  12.0312
* Sample config after equilibration:
  +-------------------------+
  |  d   u   u   u   u   u  |
  |u   d   d   d   d   0   d|
  |2   u   0   u   2   d   2|
  |  d   u   d   d   u   0  |
  +-------------------------+
* Number of accum. steps   = 501760 x 10
* Running VMC accumulation.
    [walltime: 1m elapsed, 1.90s remaining]
  Done. [total walltime: 1m2s]
* Acceptance ratio (%)     =  11.9888
* Etot/t                   =  -9.939097758679E+02 +/-   8.839061158376E-05
  > Ttot/t                 =  -9.591209350777E+01 +/-   1.014675253289E-03
  > Utot/t                 =   4.231047209074E+01 +/-   1.005740754392E-03
* var[Eloc/t]              =   4.036609545427E-03 +/-   2.825701825678E-05
* Correlation length       =   9.711617555126E-01
* log10 Psi^2 range: -132.89973251498034 -- -120.89535975506944
* log10 Pgen range : -132.89973251498034 -- -120.89535975506944
* Site occupation (ave. no. electrons per config.):
  > Site_  ___eu____  ___ed____
      1        0.499      0.499
      2        0.497      0.499
      3        0.497      0.499
      4        0.494      0.498
      5        0.503      0.502
      6        0.500      0.503
      7        0.504      0.501
      8        0.500      0.499
      9        0.497      0.498
     10        0.499      0.498
     11        0.497      0.499
     12        0.505      0.503
     13        0.504      0.502
     14        0.504      0.503
     15        0.504      0.502
     16        0.495      0.499
     17        0.502      0.497
     18        0.501      0.501
     19        0.500      0.499
     20        0.505      0.503
     21        0.503      0.502
     22        0.498      0.505
     23        0.498      0.496
     24        0.498      0.498
     25        0.496      0.496
     26        0.500      0.501
* Pair-correlation analysis (ave. no. pairs per config.):
  > Shell  nsite  ___dh____  __eueu___  __eued___
      0      1        0          0          4.507
      1      0        0.925      0.495      2.596
      2      0        0.135      0.358      0.532
      3      0        0.265      0.717      1.057
      4      0        0.225      0.768      1.064
      5      0        0.256      0.738      1.049
      6      0        0.763      0.850      2.433
      7      0        0.670      1.045      2.340
      8      0        0.600      1.222      2.261
      9      0        0.448      1.551      2.091
     10      0        0.530      1.384      2.181
     11      0        0.138      0.817      1.160
     12      0        0.139      0.839      1.141
     13      0        0.137      0.860      1.087
     14      0        0.226      2.118      1.916
     15      0        0.112      1.063      0.954
     16      0        0.223      2.093      1.916
     17      0        0.266      1.901      2.055
     18      0        0.238      2.048      1.938
     19      0        0.296      1.869      2.051
     20      0        0.305      1.866      2.056
     21      0        0.243      2.096      1.921
     22      0        0.245      2.120      1.904
     23      0        0.242      2.128      1.885
     24      0        0.238      2.099      1.913
     25      0        0.273      2.085      1.904
     26      0        0.269      2.078      1.901
     27      0        0.238      2.133      1.894
     28      0        0.219      1.954      2.065
     29      0        0.241      2.064      1.939
     30      0        0.216      1.947      2.105
     31      0        0.108      0.972      1.054
     32      0        0.246      2.048      1.950
     33      0        0.215      2.133      1.891
     34      0        0.248      2.047      1.968
     35      0        0.223      2.078      1.954
     36      0        0.247      2.012      1.957
     37      0        0.284      1.932      2.023
     38      0        0.143      0.963      1.008
     39      0        0.217      1.985      2.032
     40      0        0.257      1.898      2.082
     41      0        0.140      1.008      0.967
     42      0        0.278      2.020      1.951
     43      0        0.255      1.947      2.030
     44      0        0.258      1.871      2.103
     45      0        0.214      1.997      2.057
     46      0        0.243      2.028      1.970
     47      0        0.259      1.943      2.056
     48      0        0.246      1.960      2.036
     49      0        0.248      2.019      1.979
     50      0        0.249      1.970      2.027
     51      0        0.275      1.959      1.996
     52      0        0.248      2.032      1.958
     53      0        0.225      1.968      2.053
     54      0        0.221      2.044      1.985
     55      0        0.252      1.977      2.001
     56      0        0.277      1.997      1.955
     57      0        0.250      2.006      1.974
     58      0        0.218      2.033      1.981
     59      0        0.254      1.973      2.019
     60      0        0.245      2.012      1.990
     61      0        0.136      0.994      0.985
     62      0        0.109      1.021      1.005
     63      0        0.250      1.991      1.973
     64      0        0.221      2.029      2.000
     65      0        0.216      2.061      1.990
     66      0        0.135      0.984      0.996
     67      0        0.216      1.997      2.021
     68      0        0.217      2.021      1.999
     69      0        0.248      2.005      1.983
     70      0        0.252      2.014      1.984
     71      0        0.251      1.979      2.003
     72      0        0.220      2.023      2.013
     73      0        0.249      1.972      1.993
     74      0        0.246      1.996      1.991
     75      0        0.243      1.986      1.985
     76      0        0.247      1.840      2.148
     77      0        0.242      1.988      2.018
     78      0        0.109      1.009      1.019
     79      0        0.218      2.006      2.012
     80      0        0.218      2.015      2.002
     81      0        0.222      1.998      2.029
     82      0        0.243      1.985      1.988
     83      0        0.107      0.998      0.998
     84      0        0.222      2.001      1.996
     85      0        0.113      1.004      1.001
     86      0        0.248      1.989      1.995
     87      0        0.218      2.004      2.003
     88      0        0.111      0.993      0.997
     89      0        0.219      2.012      2.026
     90      0        0.125      0.972      1.008
     91      0        0.064      0.485      0.504
     92      0        0.063      0.487      0.504
     93      0        0.111      1.002      1.008

Optimization #2:
* Method          : lls
* Target function : energy
* No. of configs. : 100352
* No. of params.  : 736
* Before optimization:
  -2.1418E+01  -2.1133E+01  -2.1391E+01  -2.1107E+01  -2.1533E+01  -2.1092E+01
  -2.0832E+01   2.1103E+00   1.9789E+00   1.1412E+00   1.0720E+00   2.3880E+00
   2.7291E+00   2.2935E+00   2.3018E+00   1.4542E+00   1.4293E+00   1.4939E+00
   1.4653E+00   2.1485E+00   2.1471E+00   1.4772E+00   1.4372E+00   1.3860E+00
   1.4442E+00   1.1522E+00   1.3918E+00   1.3896E+00   1.3675E+00   1.3059E+00
   1.2988E+00   2.2026E+00   2.2018E+00   1.8196E+00   1.8192E+00   1.4668E+00
   1.4692E+00   6.8357E-01   6.8172E-01   1.1252E+00   1.1250E+00   1.1414E+00
   1.1407E+00   1.1122E+00   1.1121E+00   2.3385E+00   2.3330E+00   8.2331E-01
   8.1911E-01   1.5941E+00   1.6057E+00   1.9763E+00   1.9742E+00   1.0667E+00
   1.0666E+00   1.4625E+00   1.4639E+00   1.1442E+00   1.1444E+00   1.1159E+00
   6.1920E-01   6.1880E-01   1.7102E+00   1.6924E+00   6.6379E-01   6.6290E-01
   1.4403E+00   1.4408E+00   5.0768E-01   5.0464E-01   9.3640E-01   9.3630E-01
   7.3535E-02   5.6404E-01   5.6368E-01   6.9762E-01   6.9681E-01   9.9455E-02
   9.6214E-01   9.5968E-01   8.4470E-01   8.4291E-01   1.5375E+00   1.5390E+00
   6.6512E-01   6.6511E-01   9.5883E-01   9.5894E-01   7.4274E-01   7.4008E-01
   9.7489E-01   9.7540E-01   1.4158E-01   1.4100E-01   1.5996E-01   1.5901E-01
   4.3647E-01   4.3623E-01   8.7032E-01   8.6710E-01   9.3754E-01   9.3643E-01
   9.2158E-01   9.2000E-01   7.6001E-02   7.4146E-02   4.4246E-01   4.4274E-01
   5.8323E-02   5.6377E-02   6.1624E-01   6.1380E-01   4.1579E-01   4.1477E-01
   5.4449E-01   5.4481E-01   8.6001E-01   2.5206E-01  -4.0102E-01  -4.0194E-01
   4.7665E-01   4.7560E-01   7.2039E-01   7.1983E-01   8.5688E-01   1.0712E-01
   1.0609E-01   1.2167E-01   1.2078E-01  -2.5565E-02  -2.6084E-02   4.2216E-01
   4.1952E-01  -2.7814E-02  -2.8583E-02   9.8866E-02   9.9905E-02  -3.9477E-01
  -3.9502E-01   4.2434E-01   4.2349E-01   4.0344E-02   3.9313E-02   1.5186E+00
   1.5216E+00   5.5043E-01   5.5118E-01   2.3633E-01  -2.7959E-01  -2.8054E-01
  -2.7218E-01  -2.7314E-01   4.8087E-01   4.8002E-01   4.4119E-02   4.3643E-02
  -7.7022E-01  -3.8595E-01  -3.8569E-01   2.0991E-03   4.2170E-01   4.2143E-01
  -3.8366E-01  -3.8332E-01  -7.6710E-01   1.0222E-01   1.0328E-01   5.8195E-01
   5.7715E-01   5.8091E-01   5.7703E-01   5.8212E-01   5.7677E-01   3.5557E+00
  -5.7598E+00   1.5630E+00  -2.7084E+00   4.1186E+00  -5.1946E+00  -1.3999E+00
  -1.0240E+00  -1.2107E+01   9.3697E+00  -6.7885E+00   4.3618E+00  -1.5802E-01
  -1.3900E+00  -1.4447E+00  -1.2421E-01  -1.7735E+00  -3.9611E-01   1.3264E+00
  -2.8455E+00  -4.2296E+00   2.8478E+00  -1.2461E+00  -1.9981E-01   8.7654E+00
  -9.9172E+00  -2.6648E+00   1.2860E+00  -4.1532E+00   2.7989E+00   3.8033E+00
  -5.0953E+00  -6.5504E+00   4.3430E+00  -1.6088E+00  -2.0796E-01  -3.7546E+00
   2.2833E+00   3.0863E+00  -3.7727E+00   1.5099E+00  -2.6312E+00  -1.2587E+00
   1.2101E-01   2.1171E-02  -1.1285E+00  -6.5816E+00   4.2742E+00   3.0584E+00
  -3.8474E+00  -3.7853E+00   2.2153E+00  -6.6012E+00   4.6327E+00   3.8899E+00
  -4.9590E+00  -7.8205E+00   6.3588E+00  -2.5796E+00   1.4322E+00  -4.0686E+00
   2.9486E+00   3.0759E-01  -9.2495E-01   3.7465E+00  -5.4313E+00   5.2048E-01
  -1.1838E+00  -1.0356E+00  -4.0243E-01   6.7701E+00  -7.2762E+00  -4.7065E+00
   3.7702E+00   4.6981E+00  -4.7718E+00   2.6738E+00  -3.2370E+00   2.7535E-01
  -9.8146E-01   4.6915E+00  -4.7877E+00  -4.7134E+00   3.7552E+00   1.8537E+00
  -2.6974E+00  -7.8508E+00   6.3051E+00  -2.2903E+00   1.6252E+00  -7.5256E+00
   6.5666E+00   4.8806E-01  -1.2357E+00  -7.5309E+00   6.5545E+00   2.0916E+00
  -2.2324E+00   2.0851E+00  -2.2453E+00  -3.1473E+00   2.7109E+00   1.8472E+00
  -2.7147E+00  -2.2548E+00   1.3175E+00  -2.2505E+00   1.3292E+00   5.7723E+00
  -5.8482E+00  -3.1492E+00   2.7073E+00   5.7784E+00  -5.8364E+00   2.6587E+00
  -3.2726E+00   8.5268E-01  -1.2674E+00  -5.7741E+00   5.2291E+00  -1.1023E+01
   1.0163E+01  -5.3351E-01   2.8224E-01   7.3164E+00  -6.9152E+00  -1.9861E+00
   1.5096E+00  -2.3045E+00   1.5857E+00  -1.1021E+01   1.0165E+01   2.9457E+00
  -3.0518E+00   2.9419E+00  -3.0624E+00   2.3823E+00  -2.3556E+00   8.5111E-01
  -1.2716E+00   2.3828E+00  -2.3545E+00  -2.5366E-01   1.5400E-01   7.3141E+00
  -6.9197E+00  -5.5078E+00   5.0845E+00  -5.6848E-01   5.2914E-01  -1.0693E+00
  -4.5942E-01  -5.7767E+00   5.2253E+00  -5.2900E-01   2.9278E-01   4.6832E+00
  -4.4030E+00   4.6805E+00  -4.4075E+00  -1.9878E+00   1.5068E+00  -5.7090E-01
   5.2630E-01   9.8802E+00  -9.1106E+00   4.9407E+00  -4.5549E+00  -1.3712E-03
  -1.7813E-03  -5.5075E+00   5.0852E+00   4.9397E+00  -4.5560E+00   9.8788E+00
  -9.1124E+00  -2.5556E-01   1.5209E-01   6.7408E+00  -7.3220E+00   6.7414E+00
  -7.3221E+00   6.7411E+00  -7.3223E+00   9.0946E-01   7.9317E-01   9.0917E-01
   7.4239E-01   1.0206E+00   7.2526E-01   7.5098E-01  -7.4277E-02  -2.0532E-01
  -2.2190E-01  -1.6695E-01  -1.2448E-01  -8.5391E-02  -1.6740E-01  -1.6798E-01
  -1.1586E-01  -1.4764E-01  -8.2268E-02  -7.9659E-02  -3.1759E-02   3.6869E-02
   3.3551E-02   3.0758E-02  -2.8342E-02  -2.6087E-03  -2.3775E-02  -3.6520E-02
   2.1285E-02   2.6211E-02   3.9389E-02   8.3252E-02   4.0460E-02   1.5259E-02
   3.1091E-02  -2.5023E-02  -2.8738E-02  -3.6314E-02  -4.6272E-02  -2.5369E-02
   6.4810E-02  -1.9567E-02  -2.8652E-02  -7.0697E-03   4.1264E-04   4.8568E-03
  -1.2765E-02   7.1092E-03   3.1656E-02   2.5787E-02   4.9595E-03   7.0316E-03
  -1.7463E-02  -1.5588E-02   7.9249E-03  -5.5599E-03  -1.4986E-02  -3.7645E-03
   1.1716E-04   2.7628E-02  -2.0446E-02  -2.6957E-02  -6.0909E-03   1.3903E-02
  -8.0470E-03   2.7573E-02   1.9410E-04  -6.8678E-03   5.7149E-03  -1.2809E-02
  -5.1116E-03  -1.2229E-02   2.4016E-02   3.0761E-03  -3.4012E-03  -9.1197E-03
   1.9510E-03   9.0175E-03   8.4559E-03  -4.7024E-03  -1.2764E-02  -1.7384E-03
   1.0969E-03  -2.3921E-02  -7.3359E-03  -4.0539E-03   7.5129E-04  -2.1524E-03
  -1.1933E-02  -6.5459E-04   1.8072E-03  -6.7364E-03   7.2860E-03   4.2858E-03
   6.0608E-03   5.3197E-03   3.6138E-03  -1.5635E-02  -1.5445E-02  -1.6816E-02
   1.6634E-03   2.1292E-01  -3.9805E-02  -3.7005E-02   7.8315E-02   3.2187E-03
   6.0046E-02   8.1525E-03  -1.1356E-02   4.6495E-02  -1.9451E-02  -6.0296E-02
  -6.0398E-02  -6.9821E-02   8.4957E-02   8.5601E-02   4.5182E-02  -2.4396E-02
   7.0103E-03  -4.7735E-02  -4.7544E-02   2.1224E-02   2.6977E-02   2.7460E-02
  -5.4897E-03   2.9214E-02   3.8409E-02   2.3055E-02  -1.4917E-02  -1.7378E-02
  -2.5277E-02  -3.2278E-02  -1.9446E-02   5.0976E-02  -1.5146E-02  -2.5760E-02
  -4.2390E-03  -1.3881E-02  -1.6830E-02  -5.8908E-03  -1.9648E-02   4.2951E-02
   3.1993E-02  -1.0162E-02  -3.3843E-02  -1.3089E-02  -1.4496E-02  -1.3469E-02
  -1.7466E-02  -1.0539E-02  -1.4822E-02  -8.6656E-03   2.0099E-02  -1.3982E-02
  -2.1518E-02  -1.0693E-02   1.4297E-02  -5.4252E-03   1.1635E-02  -7.1782E-03
  -9.4031E-03   1.2570E-02  -1.1046E-02  -2.3762E-03  -1.0827E-02   3.2045E-02
  -7.4685E-03   5.8387E-04  -2.8290E-03   1.2129E-02   1.2513E-02  -1.7388E-03
  -4.8219E-03  -7.7535E-03   1.9418E-03   1.3342E-03  -3.1941E-02  -6.2185E-03
  -5.2514E-03   1.5761E-03  -6.4586E-03  -8.3314E-03  -1.7928E-03   1.7685E-03
  -5.1099E-03   6.5965E-03  -2.4965E-03  -4.1371E-04   8.8001E-04  -5.2433E-04
   2.1206E-02   2.1451E-02   2.0733E-02  -2.5853E-03  -5.2648E-02  -2.0209E-01
  -2.1315E-01  -1.5937E-01  -1.4938E-01  -6.7074E-02  -1.4545E-01  -1.5309E-01
  -1.5901E-01  -1.4007E-01  -7.3689E-02  -7.5190E-02  -2.5106E-02  -1.5843E-02
  -2.3158E-02  -6.9575E-03  -1.5909E-02  -1.4093E-02   1.1856E-03  -5.3094E-03
   9.4980E-03   9.6868E-03   3.1676E-02   8.6496E-02   6.3888E-02   3.4079E-02
   2.6884E-02  -2.8818E-02  -2.4774E-02  -3.4270E-02  -4.0900E-02  -1.8279E-02
   1.3943E-02  -1.1535E-02  -1.9978E-02  -6.2686E-04   2.3753E-03   5.6093E-03
  -1.9113E-02   1.5560E-02   2.3095E-02   2.6827E-02   5.1618E-03   1.4380E-02
  -1.8555E-02  -1.4403E-02   1.0895E-02  -2.5061E-03  -1.2675E-02  -2.9754E-03
  -1.3210E-03   2.3589E-02  -1.4859E-02  -2.0735E-02  -2.8055E-03   1.3726E-02
  -7.4424E-03   3.3437E-02   8.8745E-04  -6.9447E-03   1.6225E-03  -1.2166E-02
  -3.1747E-03  -6.9726E-03   2.5031E-02   2.3475E-03  -6.2340E-03  -1.2060E-02
  -3.5588E-03   6.6024E-03   5.3272E-03  -4.2549E-03  -8.1551E-03  -2.4602E-04
  -1.7966E-03  -1.9997E-02  -6.5739E-03  -1.4371E-03   1.1712E-03   2.3099E-03
  -6.5670E-03  -2.4656E-03  -6.0769E-03   8.3022E-04   4.4721E-03   8.4377E-03
   9.5778E-03   6.0108E-03   2.5523E-03  -2.5152E-02  -2.4815E-02  -2.5321E-02
  -5.0836E-03   1.2830E-01  -5.5935E-02  -4.7834E-02   2.3665E-02  -1.7981E-02
   3.9956E-03  -5.1154E-02  -6.3545E-02   1.4743E-02  -5.6443E-02  -5.9147E-02
  -5.8714E-02  -8.5965E-02   5.6718E-02   5.4605E-02   2.0598E-02  -1.5489E-02
   1.9949E-03  -3.2006E-02  -2.5566E-02   1.2132E-02   1.4512E-02   2.0855E-02
  -8.6073E-03   5.3611E-02   6.2424E-02   1.8103E-02  -1.5626E-02  -1.3787E-02
  -2.1525E-02  -2.3968E-02  -1.4740E-02   1.8129E-02  -1.0722E-02  -1.8541E-02
   1.1575E-03  -1.3173E-02  -1.7398E-02  -9.2133E-03  -1.3658E-02   3.5435E-02
   3.4336E-02  -1.0078E-02  -3.6472E-02  -1.3609E-02  -1.3058E-02  -1.2270E-02
  -1.6491E-02  -9.1558E-03  -1.4308E-02  -1.1028E-02   1.2351E-02  -7.6319E-03
  -1.5441E-02  -7.8036E-03   1.3998E-02  -3.9552E-03   1.4145E-02  -5.8727E-03
  -1.0908E-02   1.2092E-02  -1.3869E-02  -8.6333E-04  -6.7551E-03   3.6961E-02
  -1.2119E-02  -6.6112E-04  -4.0059E-03   6.7160E-03   9.6679E-03  -2.8102E-03
  -5.2213E-03  -3.4016E-03   4.7388E-03  -5.0407E-04  -2.8789E-02  -4.2292E-03
  -5.2373E-03   1.0907E-03  -3.1015E-03  -2.5346E-03  -4.8718E-03  -8.6108E-03
   6.5722E-04   9.7604E-04   1.4208E-03   2.8602E-03   1.4533E-03  -7.7041E-04
   1.8536E-02   1.9368E-02   1.8299E-02  -6.2913E-03
  > E    =  -9.939098528033E+02 +/-   1.992174313921E-04
  > varE =   3.982728526956E-03
* Computing derivatives.
    [walltime: 2m51s elapsed, 2h16m remaining]
    [walltime: 1h2m elapsed, 1h16m remaining]
  Done. [total walltime: 2h19m]
* Optimizing manipulation constant:
  #igrid a___________ E____________________________________ varE____________
     1     Infinity    -9.93909853E+02 +/-   1.99217431E-04   3.98272853E-03
     2     1.0000E+06  -9.93909853E+02 +/-   1.99217423E-04   3.98272818E-03
     3     2.1544E+05  -9.93909853E+02 +/-   1.99217391E-04   3.98272691E-03
     4     4.6416E+04  -9.93909853E+02 +/-   1.99217246E-04   3.98272110E-03
     5     1.0000E+04  -9.93909853E+02 +/-   1.99216620E-04   3.98269608E-03
     6     2.1544E+03  -9.93909853E+02 +/-   1.99214759E-04   3.98262166E-03
     7     4.6416E+02  -9.93909852E+02 +/-   1.99228819E-04   3.98318386E-03
     8     1.0000E+02  -9.93909829E+02 +/-   1.99860207E-04   4.00847057E-03
     9     2.1544E+01  -9.93907387E+02 +/-   2.49253378E-04   6.23459341E-03
    10     4.6416E+00  -9.91902664E+02 +/-   3.45724778E-03   1.19946352E+00
    11     1.0000E+00 (error)
    12     2.1544E-01   3.65319881E+47 +/-   0.00000000E+00  -1.00000000E+00
    13     4.6416E-02   3.65319881E+47 +/-   0.00000000E+00  -1.00000000E+00
    14     1.0000E-02  -9.93429367E+02 +/-   1.81414959E-03   3.30272353E-01
    15     2.1544E-03  -9.93357753E+02 +/-   1.94956918E-03   3.81419889E-01
    16     4.6416E-04  -9.93341053E+02 +/-   1.97928929E-03   3.93137599E-01
    17     1.0000E-04  -9.93337399E+02 +/-   1.98570450E-03   3.95690181E-01
    18     2.1544E-05  -9.93336610E+02 +/-   1.98708706E-03   3.96241375E-01
    19     4.6416E-06  -9.93336440E+02 +/-   1.98738494E-03   3.96360184E-01
    20     1.0000E-06  -9.93336403E+02 +/-   1.98744912E-03   3.96385784E-01
    21     0.0000E+00  -9.93336393E+02 +/-   1.98746674E-03   3.96392813E-01
* Iteration # 1: E =  -9.939098528620E+02 +/-   1.992147586824E-04
* Convergence: exiting.
* After optimization:
  -2.1417E+01  -2.1132E+01  -2.1390E+01  -2.1106E+01  -2.1532E+01  -2.1091E+01
  -2.0831E+01   2.1104E+00   1.9790E+00   1.1408E+00   1.0715E+00   2.3880E+00
   2.7300E+00   2.2943E+00   2.3026E+00   1.4541E+00   1.4292E+00   1.4938E+00
   1.4652E+00   2.1491E+00   2.1477E+00   1.4773E+00   1.4373E+00   1.3862E+00
   1.4448E+00   1.1524E+00   1.3922E+00   1.3900E+00   1.3677E+00   1.3063E+00
   1.2992E+00   2.2031E+00   2.2023E+00   1.8202E+00   1.8197E+00   1.4670E+00
   1.4695E+00   6.8316E-01   6.8130E-01   1.1252E+00   1.1251E+00   1.1413E+00
   1.1406E+00   1.1121E+00   1.1120E+00   2.3390E+00   2.3334E+00   8.2290E-01
   8.1870E-01   1.5944E+00   1.6060E+00   1.9771E+00   1.9750E+00   1.0671E+00
   1.0670E+00   1.4631E+00   1.4644E+00   1.1446E+00   1.1448E+00   1.1161E+00
   6.1907E-01   6.1868E-01   1.7103E+00   1.6925E+00   6.6389E-01   6.6300E-01
   1.4406E+00   1.4411E+00   5.0757E-01   5.0452E-01   9.3666E-01   9.3656E-01
   7.3114E-02   5.6423E-01   5.6387E-01   6.9750E-01   6.9669E-01   9.9034E-02
   9.6240E-01   9.5994E-01   8.4450E-01   8.4271E-01   1.5381E+00   1.5396E+00
   6.6551E-01   6.6550E-01   9.5938E-01   9.5949E-01   7.4285E-01   7.4018E-01
   9.7544E-01   9.7596E-01   1.4167E-01   1.4109E-01   1.6005E-01   1.5910E-01
   4.3672E-01   4.3648E-01   8.7011E-01   8.6689E-01   9.3763E-01   9.3652E-01
   9.2167E-01   9.2009E-01   7.5899E-02   7.4045E-02   4.4271E-01   4.4300E-01
   5.8222E-02   5.6275E-02   6.1643E-01   6.1399E-01   4.1559E-01   4.1457E-01
   5.4525E-01   5.4557E-01   8.6093E-01   2.5267E-01  -4.0114E-01  -4.0206E-01
   4.7674E-01   4.7569E-01   7.2079E-01   7.2022E-01   8.5781E-01   1.0731E-01
   1.0628E-01   1.2186E-01   1.2097E-01  -2.5776E-02  -2.6294E-02   4.2196E-01
   4.1932E-01  -2.8025E-02  -2.8795E-02   9.9168E-02   1.0021E-01  -3.9489E-01
  -3.9514E-01   4.2480E-01   4.2395E-01   4.0902E-02   3.9871E-02   1.5189E+00
   1.5219E+00   5.5119E-01   5.5195E-01   2.3693E-01  -2.7919E-01  -2.8014E-01
  -2.7178E-01  -2.7274E-01   4.8096E-01   4.8011E-01   4.4677E-02   4.4201E-02
  -7.7003E-01  -3.8586E-01  -3.8559E-01   2.0991E-03   4.2216E-01   4.2189E-01
  -3.8357E-01  -3.8322E-01  -7.6691E-01   1.0252E-01   1.0358E-01   5.8184E-01
   5.7704E-01   5.8080E-01   5.7692E-01   5.8201E-01   5.7666E-01   3.5545E+00
  -5.7586E+00   1.5682E+00  -2.7133E+00   4.1242E+00  -5.1998E+00  -1.3999E+00
  -1.0240E+00  -1.2119E+01   9.3807E+00  -6.7984E+00   4.3709E+00  -1.5636E-01
  -1.3915E+00  -1.4432E+00  -1.2561E-01  -1.7807E+00  -3.8947E-01   1.3253E+00
  -2.8445E+00  -4.2318E+00   2.8498E+00  -1.2539E+00  -1.9258E-01   8.7629E+00
  -9.9149E+00  -2.6699E+00   1.2907E+00  -4.1554E+00   2.8009E+00   3.7981E+00
  -5.0906E+00  -6.5563E+00   4.3485E+00  -1.6160E+00  -2.0132E-01  -3.7578E+00
   2.2862E+00   3.0917E+00  -3.7777E+00   1.5088E+00  -2.6302E+00  -1.2572E+00
   1.1961E-01   2.2831E-02  -1.1300E+00  -6.5876E+00   4.2797E+00   3.0638E+00
  -3.8524E+00  -3.7885E+00   2.2182E+00  -6.6110E+00   4.6418E+00   3.8847E+00
  -4.9543E+00  -7.8276E+00   6.3654E+00  -2.5846E+00   1.4369E+00  -4.0709E+00
   2.9507E+00   3.0925E-01  -9.2649E-01   3.7452E+00  -5.4301E+00   5.1920E-01
  -1.1826E+00  -1.0395E+00  -3.9882E-01   6.7717E+00  -7.2777E+00  -4.7098E+00
   3.7733E+00   4.7037E+00  -4.7769E+00   2.6714E+00  -3.2348E+00   2.7701E-01
  -9.8299E-01   4.6971E+00  -4.7928E+00  -4.7167E+00   3.7583E+00   1.8565E+00
  -2.7000E+00  -7.8579E+00   6.3116E+00  -2.2954E+00   1.6298E+00  -7.5327E+00
   6.5732E+00   4.8678E-01  -1.2345E+00  -7.5380E+00   6.5610E+00   2.0905E+00
  -2.2313E+00   2.0840E+00  -2.2443E+00  -3.1504E+00   2.7139E+00   1.8500E+00
  -2.7173E+00  -2.2559E+00   1.3186E+00  -2.2516E+00   1.3303E+00   5.7737E+00
  -5.8494E+00  -3.1523E+00   2.7103E+00   5.7798E+00  -5.8377E+00   2.6564E+00
  -3.2704E+00   8.5532E-01  -1.2698E+00  -5.7840E+00   5.2382E+00  -1.1035E+01
   1.0174E+01  -5.4134E-01   2.8947E-01   7.3180E+00  -6.9166E+00  -1.9872E+00
   1.5107E+00  -2.3096E+00   1.5904E+00  -1.1033E+01   1.0176E+01   2.9433E+00
  -3.0496E+00   2.9395E+00  -3.0602E+00   2.3850E+00  -2.3582E+00   8.5375E-01
  -1.2741E+00   2.3856E+00  -2.3570E+00  -2.5758E-01   1.5762E-01   7.3156E+00
  -6.9211E+00  -5.5138E+00   5.0900E+00  -5.7568E-01   5.3578E-01  -1.0732E+00
  -4.5580E-01  -5.7866E+00   5.2345E+00  -5.3683E-01   3.0001E-01   4.6781E+00
  -4.3983E+00   4.6754E+00  -4.4027E+00  -1.9889E+00   1.5078E+00  -5.7810E-01
   5.3294E-01   9.8778E+00  -9.1084E+00   4.9395E+00  -4.5537E+00  -1.3703E-03
  -1.7804E-03  -5.5134E+00   5.0907E+00   4.9384E+00  -4.5549E+00   9.8763E+00
  -9.1101E+00  -2.5947E-01   1.5571E-01   6.7424E+00  -7.3234E+00   6.7429E+00
  -7.3235E+00   6.7426E+00  -7.3237E+00   9.0789E-01   7.9178E-01   9.0759E-01
   7.4110E-01   1.0188E+00   7.2399E-01   7.4967E-01  -7.4155E-02  -2.0497E-01
  -2.2152E-01  -1.6667E-01  -1.2426E-01  -8.5241E-02  -1.6711E-01  -1.6769E-01
  -1.1566E-01  -1.4738E-01  -8.2122E-02  -7.9520E-02  -3.1704E-02   3.6801E-02
   3.3493E-02   3.0704E-02  -2.8292E-02  -2.6047E-03  -2.3736E-02  -3.6453E-02
   2.1248E-02   2.6165E-02   3.9322E-02   8.3108E-02   4.0389E-02   1.5231E-02
   3.1039E-02  -2.4981E-02  -2.8688E-02  -3.6249E-02  -4.6191E-02  -2.5324E-02
   6.4699E-02  -1.9531E-02  -2.8603E-02  -7.0581E-03   4.0991E-04   4.8484E-03
  -1.2741E-02   7.1016E-03   3.1602E-02   2.5743E-02   4.9494E-03   7.0208E-03
  -1.7432E-02  -1.5565E-02   7.9181E-03  -5.5582E-03  -1.4964E-02  -3.7641E-03
   1.2377E-04   2.7579E-02  -2.0410E-02  -2.6911E-02  -6.0840E-03   1.3877E-02
  -8.0341E-03   2.7523E-02   1.9491E-04  -6.8557E-03   5.7032E-03  -1.2782E-02
  -5.1090E-03  -1.2211E-02   2.3975E-02   3.0685E-03  -3.3967E-03  -9.1001E-03
   1.9525E-03   9.0004E-03   8.4329E-03  -4.6903E-03  -1.2735E-02  -1.7299E-03
   1.0925E-03  -2.3873E-02  -7.3179E-03  -4.0452E-03   7.5568E-04  -2.1427E-03
  -1.1905E-02  -6.4930E-04   1.8075E-03  -6.7180E-03   7.2835E-03   4.2779E-03
   6.0516E-03   5.3163E-03   3.6101E-03  -1.5608E-02  -1.5418E-02  -1.6787E-02
   1.6605E-03   2.1255E-01  -3.9746E-02  -3.6947E-02   7.8177E-02   3.2150E-03
   5.9940E-02   8.1338E-03  -1.1339E-02   4.6413E-02  -1.9423E-02  -6.0189E-02
  -6.0290E-02  -6.9698E-02   8.4813E-02   8.5453E-02   4.5106E-02  -2.4355E-02
   6.9970E-03  -4.7652E-02  -4.7457E-02   2.1188E-02   2.6934E-02   2.7416E-02
  -5.4769E-03   2.9164E-02   3.8341E-02   2.3014E-02  -1.4891E-02  -1.7348E-02
  -2.5233E-02  -3.2218E-02  -1.9413E-02   5.0887E-02  -1.5119E-02  -2.5714E-02
  -4.2298E-03  -1.3857E-02  -1.6800E-02  -5.8819E-03  -1.9611E-02   4.2872E-02
   3.1934E-02  -1.0143E-02  -3.3783E-02  -1.3063E-02  -1.4472E-02  -1.3442E-02
  -1.7437E-02  -1.0522E-02  -1.4796E-02  -8.6437E-03   2.0063E-02  -1.3959E-02
  -2.1485E-02  -1.0675E-02   1.4277E-02  -5.4194E-03   1.1616E-02  -7.1671E-03
  -9.3876E-03   1.2547E-02  -1.1033E-02  -2.3716E-03  -1.0806E-02   3.1987E-02
  -7.4598E-03   5.8341E-04  -2.8274E-03   1.2105E-02   1.2493E-02  -1.7336E-03
  -4.8152E-03  -7.7368E-03   1.9373E-03   1.3318E-03  -3.1885E-02  -6.2067E-03
  -5.2486E-03   1.5725E-03  -6.4464E-03  -8.3170E-03  -1.7908E-03   1.7610E-03
  -5.1003E-03   6.5883E-03  -2.4890E-03  -4.1739E-04   8.8067E-04  -5.2684E-04
   2.1167E-02   2.1412E-02   2.0695E-02  -2.5779E-03  -5.2650E-02  -2.0209E-01
  -2.1316E-01  -1.5938E-01  -1.4939E-01  -6.7074E-02  -1.4544E-01  -1.5309E-01
  -1.5901E-01  -1.4007E-01  -7.3691E-02  -7.5193E-02  -2.5105E-02  -1.5849E-02
  -2.3161E-02  -6.9623E-03  -1.5906E-02  -1.4095E-02   1.1858E-03  -5.3057E-03
   9.4972E-03   9.6850E-03   3.1674E-02   8.6494E-02   6.3884E-02   3.4081E-02
   2.6885E-02  -2.8817E-02  -2.4774E-02  -3.4268E-02  -4.0899E-02  -1.8279E-02
   1.3944E-02  -1.1535E-02  -1.9982E-02  -6.2752E-04   2.3764E-03   5.6132E-03
  -1.9112E-02   1.5562E-02   2.3102E-02   2.6832E-02   5.1620E-03   1.4382E-02
  -1.8557E-02  -1.4402E-02   1.0899E-02  -2.5116E-03  -1.2679E-02  -2.9794E-03
  -1.3149E-03   2.3590E-02  -1.4856E-02  -2.0734E-02  -2.8085E-03   1.3719E-02
  -7.4405E-03   3.3435E-02   8.8938E-04  -6.9460E-03   1.6263E-03  -1.2154E-02
  -3.1823E-03  -6.9776E-03   2.5036E-02   2.3457E-03  -6.2334E-03  -1.2054E-02
  -3.5540E-03   6.6007E-03   5.3188E-03  -4.2469E-03  -8.1495E-03  -2.4018E-04
  -1.7942E-03  -1.9995E-02  -6.5718E-03  -1.4356E-03   1.1777E-03   2.3156E-03
  -6.5589E-03  -2.4615E-03  -6.0657E-03   8.3394E-04   4.4801E-03   8.4324E-03
   9.5830E-03   6.0148E-03   2.5580E-03  -2.5150E-02  -2.4815E-02  -2.5321E-02
  -5.0778E-03   1.2829E-01  -5.5950E-02  -4.7848E-02   2.3662E-02  -1.7983E-02
   3.9904E-03  -5.1165E-02  -6.3550E-02   1.4737E-02  -5.6452E-02  -5.9149E-02
  -5.8712E-02  -8.5963E-02   5.6721E-02   5.4603E-02   2.0597E-02  -1.5489E-02
   1.9930E-03  -3.2004E-02  -2.5561E-02   1.2131E-02   1.4515E-02   2.0856E-02
  -8.6056E-03   5.3611E-02   6.2425E-02   1.8099E-02  -1.5626E-02  -1.3786E-02
  -2.1525E-02  -2.3965E-02  -1.4740E-02   1.8130E-02  -1.0724E-02  -1.8541E-02
   1.1580E-03  -1.3171E-02  -1.7395E-02  -9.2168E-03  -1.3657E-02   3.5436E-02
   3.4336E-02  -1.0074E-02  -3.6471E-02  -1.3606E-02  -1.3057E-02  -1.2269E-02
  -1.6490E-02  -9.1539E-03  -1.4302E-02  -1.1023E-02   1.2353E-02  -7.6313E-03
  -1.5443E-02  -7.8021E-03   1.4000E-02  -3.9572E-03   1.4147E-02  -5.8760E-03
  -1.0911E-02   1.2093E-02  -1.3872E-02  -8.6322E-04  -6.7547E-03   3.6962E-02
  -1.2120E-02  -6.5901E-04  -4.0078E-03   6.7146E-03   9.6694E-03  -2.8062E-03
  -5.2206E-03  -3.4007E-03   4.7362E-03  -5.0000E-04  -2.8790E-02  -4.2327E-03
  -5.2455E-03   1.0901E-03  -3.1034E-03  -2.5354E-03  -4.8727E-03  -8.6098E-03
   6.5442E-04   9.7250E-04   1.4204E-03   2.8602E-03   1.4519E-03  -7.7287E-04
   1.8536E-02   1.9366E-02   1.8298E-02  -6.2904E-03
  > Energy =  -9.939098528620E+02 +/-   1.992147586824E-04
  > varE =   3.982621662757E-03

VMC #3:
* Size of Hilbert space =   1.0817E+14
* Number of equil. steps   = 1000
* Running VMC equilibration.
  Done. [total walltime: 0.38s]
* Equil. acc.ratio (%)     =  12.0345
* Sample config after equilibration:
  +-------------------------+
  |  d   u   2   u   u   u  |
  |u   d   u   d   d   d   d|
  |d   d   d   d   d   u   2|
  |  u   u   u   u   0   0  |
  +-------------------------+
* Number of accum. steps   = 501760 x 10
* Running VMC accumulation.
    [walltime: 1m elapsed, 2.30s remaining]
  Done. [total walltime: 1m2s]
* Acceptance ratio (%)     =  12.0054
* Etot/t                   =  -9.939097453625E+02 +/-   8.736184549476E-05
  > Ttot/t                 =  -9.591132678447E+01 +/-   1.022161550749E-03
  > Utot/t                 =   4.230973587288E+01 +/-   1.011904692810E-03
* var[Eloc/t]              =   3.922066777951E-03 +/-   3.284306707582E-05
* Correlation length       =   9.763929894458E-01
* log10 Psi^2 range: -134.30277418760349 -- -120.89584538715842
* log10 Pgen range : -134.30277418760349 -- -120.89584538715842
* Site occupation (ave. no. electrons per config.):
  > Site_  ___eu____  ___ed____
      1        0.497      0.496
      2        0.496      0.497
      3        0.501      0.497
      4        0.497      0.497
      5        0.501      0.506
      6        0.503      0.502
      7        0.501      0.502
      8        0.499      0.498
      9        0.498      0.499
     10        0.499      0.498
     11        0.496      0.498
     12        0.503      0.502
     13        0.503      0.504
     14        0.507      0.504
     15        0.502      0.504
     16        0.498      0.496
     17        0.498      0.501
     18        0.503      0.501
     19        0.497      0.500
     20        0.503      0.504
     21        0.502      0.503
     22        0.503      0.500
     23        0.498      0.497
     24        0.498      0.497
     25        0.496      0.496
     26        0.503      0.502
* Pair-correlation analysis (ave. no. pairs per config.):
  > Shell  nsite  ___dh____  __eueu___  __eued___
      0      1        0          0          4.495
      1      0        0.917      0.499      2.602
      2      0        0.134      0.359      0.530
      3      0        0.266      0.717      1.060
      4      0        0.223      0.770      1.069
      5      0        0.252      0.737      1.051
      6      0        0.758      0.844      2.435
      7      0        0.674      1.050      2.339
      8      0        0.599      1.224      2.260
      9      0        0.446      1.551      2.089
     10      0        0.525      1.385      2.179
     11      0        0.138      0.821      1.163
     12      0        0.136      0.833      1.142
     13      0        0.136      0.856      1.086
     14      0        0.221      2.120      1.918
     15      0        0.112      1.061      0.960
     16      0        0.223      2.085      1.913
     17      0        0.263      1.907      2.053
     18      0        0.235      2.044      1.939
     19      0        0.296      1.875      2.046
     20      0        0.305      1.867      2.052
     21      0        0.246      2.090      1.916
     22      0        0.243      2.116      1.911
     23      0        0.244      2.129      1.890
     24      0        0.237      2.098      1.917
     25      0        0.276      2.079      1.901
     26      0        0.269      2.076      1.900
     27      0        0.236      2.131      1.884
     28      0        0.216      1.952      2.056
     29      0        0.241      2.059      1.946
     30      0        0.213      1.954      2.102
     31      0        0.108      0.976      1.054
     32      0        0.247      2.054      1.953
     33      0        0.211      2.135      1.893
     34      0        0.247      2.042      1.959
     35      0        0.219      2.075      1.957
     36      0        0.245      2.012      1.959
     37      0        0.281      1.930      2.022
     38      0        0.143      0.965      1.008
     39      0        0.216      1.987      2.033
     40      0        0.257      1.907      2.081
     41      0        0.142      1.004      0.972
     42      0        0.276      2.017      1.945
     43      0        0.253      1.951      2.034
     44      0        0.256      1.874      2.106
     45      0        0.217      1.994      2.055
     46      0        0.243      2.031      1.975
     47      0        0.256      1.932      2.053
     48      0        0.245      1.964      2.037
     49      0        0.246      2.017      1.982
     50      0        0.250      1.972      2.019
     51      0        0.281      1.954      1.993
     52      0        0.250      2.032      1.959
     53      0        0.219      1.974      2.067
     54      0        0.221      2.051      1.988
     55      0        0.248      1.975      1.997
     56      0        0.275      1.998      1.957
     57      0        0.248      1.998      1.971
     58      0        0.219      2.035      1.979
     59      0        0.249      1.977      2.018
     60      0        0.240      2.007      1.990
     61      0        0.135      0.993      0.983
     62      0        0.107      1.017      1.004
     63      0        0.248      1.989      1.977
     64      0        0.217      2.035      2.007
     65      0        0.216      2.059      1.992
     66      0        0.136      0.982      0.993
     67      0        0.213      2.005      2.021
     68      0        0.217      2.018      2.001
     69      0        0.249      2.005      1.987
     70      0        0.252      2.010      1.982
     71      0        0.251      1.981      2.006
     72      0        0.218      2.026      2.009
     73      0        0.248      1.977      1.988
     74      0        0.244      1.999      1.991
     75      0        0.242      1.986      1.982
     76      0        0.242      1.844      2.149
     77      0        0.240      1.986      2.012
     78      0        0.107      1.007      1.013
     79      0        0.216      2.000      2.012
     80      0        0.216      2.011      1.999
     81      0        0.217      2.007      2.037
     82      0        0.240      1.982      1.986
     83      0        0.108      0.995      0.995
     84      0        0.219      2.003      1.999
     85      0        0.111      1.005      1.007
     86      0        0.244      1.992      2.000
     87      0        0.217      2.005      2.000
     88      0        0.109      0.994      0.996
     89      0        0.218      2.009      2.026
     90      0        0.125      0.971      1.007
     91      0        0.063      0.488      0.505
     92      0        0.064      0.485      0.503
     93      0        0.108      1.007      1.011

Optimization #3:
* Method          : lls
* Target function : energy
* No. of configs. : 100352
* No. of params.  : 736
* Before optimization:
  -2.1417E+01  -2.1132E+01  -2.1390E+01  -2.1106E+01  -2.1532E+01  -2.1091E+01
  -2.0831E+01   2.1104E+00   1.9790E+00   1.1408E+00   1.0715E+00   2.3880E+00
   2.7300E+00   2.2943E+00   2.3026E+00   1.4541E+00   1.4292E+00   1.4938E+00
   1.4652E+00   2.1491E+00   2.1477E+00   1.4773E+00   1.4373E+00   1.3862E+00
   1.4448E+00   1.1524E+00   1.3922E+00   1.3900E+00   1.3677E+00   1.3063E+00
   1.2992E+00   2.2031E+00   2.2023E+00   1.8202E+00   1.8197E+00   1.4670E+00
   1.4695E+00   6.8316E-01   6.8130E-01   1.1252E+00   1.1251E+00   1.1413E+00
   1.1406E+00   1.1121E+00   1.1120E+00   2.3390E+00   2.3334E+00   8.2290E-01
   8.1870E-01   1.5944E+00   1.6060E+00   1.9771E+00   1.9750E+00   1.0671E+00
   1.0670E+00   1.4631E+00   1.4644E+00   1.1446E+00   1.1448E+00   1.1161E+00
   6.1907E-01   6.1868E-01   1.7103E+00   1.6925E+00   6.6389E-01   6.6300E-01
   1.4406E+00   1.4411E+00   5.0757E-01   5.0452E-01   9.3666E-01   9.3656E-01
   7.3114E-02   5.6423E-01   5.6387E-01   6.9750E-01   6.9669E-01   9.9034E-02
   9.6240E-01   9.5994E-01   8.4450E-01   8.4271E-01   1.5381E+00   1.5396E+00
   6.6551E-01   6.6550E-01   9.5938E-01   9.5949E-01   7.4285E-01   7.4018E-01
   9.7544E-01   9.7596E-01   1.4167E-01   1.4109E-01   1.6005E-01   1.5910E-01
   4.3672E-01   4.3648E-01   8.7011E-01   8.6689E-01   9.3763E-01   9.3652E-01
   9.2167E-01   9.2009E-01   7.5899E-02   7.4045E-02   4.4271E-01   4.4300E-01
   5.8222E-02   5.6275E-02   6.1643E-01   6.1399E-01   4.1559E-01   4.1457E-01
   5.4525E-01   5.4557E-01   8.6093E-01   2.5267E-01  -4.0114E-01  -4.0206E-01
   4.7674E-01   4.7569E-01   7.2079E-01   7.2022E-01   8.5781E-01   1.0731E-01
   1.0628E-01   1.2186E-01   1.2097E-01  -2.5776E-02  -2.6294E-02   4.2196E-01
   4.1932E-01  -2.8025E-02  -2.8795E-02   9.9168E-02   1.0021E-01  -3.9489E-01
  -3.9514E-01   4.2480E-01   4.2395E-01   4.0902E-02   3.9871E-02   1.5189E+00
   1.5219E+00   5.5119E-01   5.5195E-01   2.3693E-01  -2.7919E-01  -2.8014E-01
  -2.7178E-01  -2.7274E-01   4.8096E-01   4.8011E-01   4.4677E-02   4.4201E-02
  -7.7003E-01  -3.8586E-01  -3.8559E-01   2.0991E-03   4.2216E-01   4.2189E-01
  -3.8357E-01  -3.8322E-01  -7.6691E-01   1.0252E-01   1.0358E-01   5.8184E-01
   5.7704E-01   5.8080E-01   5.7692E-01   5.8201E-01   5.7666E-01   3.5545E+00
  -5.7586E+00   1.5682E+00  -2.7133E+00   4.1242E+00  -5.1998E+00  -1.3999E+00
  -1.0240E+00  -1.2119E+01   9.3807E+00  -6.7984E+00   4.3709E+00  -1.5636E-01
  -1.3915E+00  -1.4432E+00  -1.2561E-01  -1.7807E+00  -3.8947E-01   1.3253E+00
  -2.8445E+00  -4.2318E+00   2.8498E+00  -1.2539E+00  -1.9258E-01   8.7629E+00
  -9.9149E+00  -2.6699E+00   1.2907E+00  -4.1554E+00   2.8009E+00   3.7981E+00
  -5.0906E+00  -6.5563E+00   4.3485E+00  -1.6160E+00  -2.0132E-01  -3.7578E+00
   2.2862E+00   3.0917E+00  -3.7777E+00   1.5088E+00  -2.6302E+00  -1.2572E+00
   1.1961E-01   2.2831E-02  -1.1300E+00  -6.5876E+00   4.2797E+00   3.0638E+00
  -3.8524E+00  -3.7885E+00   2.2182E+00  -6.6110E+00   4.6418E+00   3.8847E+00
  -4.9543E+00  -7.8276E+00   6.3654E+00  -2.5846E+00   1.4369E+00  -4.0709E+00
   2.9507E+00   3.0925E-01  -9.2649E-01   3.7452E+00  -5.4301E+00   5.1920E-01
  -1.1826E+00  -1.0395E+00  -3.9882E-01   6.7717E+00  -7.2777E+00  -4.7098E+00
   3.7733E+00   4.7037E+00  -4.7769E+00   2.6714E+00  -3.2348E+00   2.7701E-01
  -9.8299E-01   4.6971E+00  -4.7928E+00  -4.7167E+00   3.7583E+00   1.8565E+00
  -2.7000E+00  -7.8579E+00   6.3116E+00  -2.2954E+00   1.6298E+00  -7.5327E+00
   6.5732E+00   4.8678E-01  -1.2345E+00  -7.5380E+00   6.5610E+00   2.0905E+00
  -2.2313E+00   2.0840E+00  -2.2443E+00  -3.1504E+00   2.7139E+00   1.8500E+00
  -2.7173E+00  -2.2559E+00   1.3186E+00  -2.2516E+00   1.3303E+00   5.7737E+00
  -5.8494E+00  -3.1523E+00   2.7103E+00   5.7798E+00  -5.8377E+00   2.6564E+00
  -3.2704E+00   8.5532E-01  -1.2698E+00  -5.7840E+00   5.2382E+00  -1.1035E+01
   1.0174E+01  -5.4134E-01   2.8947E-01   7.3180E+00  -6.9166E+00  -1.9872E+00
   1.5107E+00  -2.3096E+00   1.5904E+00  -1.1033E+01   1.0176E+01   2.9433E+00
  -3.0496E+00   2.9395E+00  -3.0602E+00   2.3850E+00  -2.3582E+00   8.5375E-01
  -1.2741E+00   2.3856E+00  -2.3570E+00  -2.5758E-01   1.5762E-01   7.3156E+00
  -6.9211E+00  -5.5138E+00   5.0900E+00  -5.7568E-01   5.3578E-01  -1.0732E+00
  -4.5580E-01  -5.7866E+00   5.2345E+00  -5.3683E-01   3.0001E-01   4.6781E+00
  -4.3983E+00   4.6754E+00  -4.4027E+00  -1.9889E+00   1.5078E+00  -5.7810E-01
   5.3294E-01   9.8778E+00  -9.1084E+00   4.9395E+00  -4.5537E+00  -1.3703E-03
  -1.7804E-03  -5.5134E+00   5.0907E+00   4.9384E+00  -4.5549E+00   9.8763E+00
  -9.1101E+00  -2.5947E-01   1.5571E-01   6.7424E+00  -7.3234E+00   6.7429E+00
  -7.3235E+00   6.7426E+00  -7.3237E+00   9.0789E-01   7.9178E-01   9.0759E-01
   7.4110E-01   1.0188E+00   7.2399E-01   7.4967E-01  -7.4155E-02  -2.0497E-01
  -2.2152E-01  -1.6667E-01  -1.2426E-01  -8.5241E-02  -1.6711E-01  -1.6769E-01
  -1.1566E-01  -1.4738E-01  -8.2122E-02  -7.9520E-02  -3.1704E-02   3.6801E-02
   3.3493E-02   3.0704E-02  -2.8292E-02  -2.6047E-03  -2.3736E-02  -3.6453E-02
   2.1248E-02   2.6165E-02   3.9322E-02   8.3108E-02   4.0389E-02   1.5231E-02
   3.1039E-02  -2.4981E-02  -2.8688E-02  -3.6249E-02  -4.6191E-02  -2.5324E-02
   6.4699E-02  -1.9531E-02  -2.8603E-02  -7.0581E-03   4.0991E-04   4.8484E-03
  -1.2741E-02   7.1016E-03   3.1602E-02   2.5743E-02   4.9494E-03   7.0208E-03
  -1.7432E-02  -1.5565E-02   7.9181E-03  -5.5582E-03  -1.4964E-02  -3.7641E-03
   1.2377E-04   2.7579E-02  -2.0410E-02  -2.6911E-02  -6.0840E-03   1.3877E-02
  -8.0341E-03   2.7523E-02   1.9491E-04  -6.8557E-03   5.7032E-03  -1.2782E-02
  -5.1090E-03  -1.2211E-02   2.3975E-02   3.0685E-03  -3.3967E-03  -9.1001E-03
   1.9525E-03   9.0004E-03   8.4329E-03  -4.6903E-03  -1.2735E-02  -1.7299E-03
   1.0925E-03  -2.3873E-02  -7.3179E-03  -4.0452E-03   7.5568E-04  -2.1427E-03
  -1.1905E-02  -6.4930E-04   1.8075E-03  -6.7180E-03   7.2835E-03   4.2779E-03
   6.0516E-03   5.3163E-03   3.6101E-03  -1.5608E-02  -1.5418E-02  -1.6787E-02
   1.6605E-03   2.1255E-01  -3.9746E-02  -3.6947E-02   7.8177E-02   3.2150E-03
   5.9940E-02   8.1338E-03  -1.1339E-02   4.6413E-02  -1.9423E-02  -6.0189E-02
  -6.0290E-02  -6.9698E-02   8.4813E-02   8.5453E-02   4.5106E-02  -2.4355E-02
   6.9970E-03  -4.7652E-02  -4.7457E-02   2.1188E-02   2.6934E-02   2.7416E-02
  -5.4769E-03   2.9164E-02   3.8341E-02   2.3014E-02  -1.4891E-02  -1.7348E-02
  -2.5233E-02  -3.2218E-02  -1.9413E-02   5.0887E-02  -1.5119E-02  -2.5714E-02
  -4.2298E-03  -1.3857E-02  -1.6800E-02  -5.8819E-03  -1.9611E-02   4.2872E-02
   3.1934E-02  -1.0143E-02  -3.3783E-02  -1.3063E-02  -1.4472E-02  -1.3442E-02
  -1.7437E-02  -1.0522E-02  -1.4796E-02  -8.6437E-03   2.0063E-02  -1.3959E-02
  -2.1485E-02  -1.0675E-02   1.4277E-02  -5.4194E-03   1.1616E-02  -7.1671E-03
  -9.3876E-03   1.2547E-02  -1.1033E-02  -2.3716E-03  -1.0806E-02   3.1987E-02
  -7.4598E-03   5.8341E-04  -2.8274E-03   1.2105E-02   1.2493E-02  -1.7336E-03
  -4.8152E-03  -7.7368E-03   1.9373E-03   1.3318E-03  -3.1885E-02  -6.2067E-03
  -5.2486E-03   1.5725E-03  -6.4464E-03  -8.3170E-03  -1.7908E-03   1.7610E-03
  -5.1003E-03   6.5883E-03  -2.4890E-03  -4.1739E-04   8.8067E-04  -5.2684E-04
   2.1167E-02   2.1412E-02   2.0695E-02  -2.5779E-03  -5.2650E-02  -2.0209E-01
  -2.1316E-01  -1.5938E-01  -1.4939E-01  -6.7074E-02  -1.4544E-01  -1.5309E-01
  -1.5901E-01  -1.4007E-01  -7.3691E-02  -7.5193E-02  -2.5105E-02  -1.5849E-02
  -2.3161E-02  -6.9623E-03  -1.5906E-02  -1.4095E-02   1.1858E-03  -5.3057E-03
   9.4972E-03   9.6850E-03   3.1674E-02   8.6494E-02   6.3884E-02   3.4081E-02
   2.6885E-02  -2.8817E-02  -2.4774E-02  -3.4268E-02  -4.0899E-02  -1.8279E-02
   1.3944E-02  -1.1535E-02  -1.9982E-02  -6.2752E-04   2.3764E-03   5.6132E-03
  -1.9112E-02   1.5562E-02   2.3102E-02   2.6832E-02   5.1620E-03   1.4382E-02
  -1.8557E-02  -1.4402E-02   1.0899E-02  -2.5116E-03  -1.2679E-02  -2.9794E-03
  -1.3149E-03   2.3590E-02  -1.4856E-02  -2.0734E-02  -2.8085E-03   1.3719E-02
  -7.4405E-03   3.3435E-02   8.8938E-04  -6.9460E-03   1.6263E-03  -1.2154E-02
  -3.1823E-03  -6.9776E-03   2.5036E-02   2.3457E-03  -6.2334E-03  -1.2054E-02
  -3.5540E-03   6.6007E-03   5.3188E-03  -4.2469E-03  -8.1495E-03  -2.4018E-04
  -1.7942E-03  -1.9995E-02  -6.5718E-03  -1.4356E-03   1.1777E-03   2.3156E-03
  -6.5589E-03  -2.4615E-03  -6.0657E-03   8.3394E-04   4.4801E-03   8.4324E-03
   9.5830E-03   6.0148E-03   2.5580E-03  -2.5150E-02  -2.4815E-02  -2.5321E-02
  -5.0778E-03   1.2829E-01  -5.5950E-02  -4.7848E-02   2.3662E-02  -1.7983E-02
   3.9904E-03  -5.1165E-02  -6.3550E-02   1.4737E-02  -5.6452E-02  -5.9149E-02
  -5.8712E-02  -8.5963E-02   5.6721E-02   5.4603E-02   2.0597E-02  -1.5489E-02
   1.9930E-03  -3.2004E-02  -2.5561E-02   1.2131E-02   1.4515E-02   2.0856E-02
  -8.6056E-03   5.3611E-02   6.2425E-02   1.8099E-02  -1.5626E-02  -1.3786E-02
  -2.1525E-02  -2.3965E-02  -1.4740E-02   1.8130E-02  -1.0724E-02  -1.8541E-02
   1.1580E-03  -1.3171E-02  -1.7395E-02  -9.2168E-03  -1.3657E-02   3.5436E-02
   3.4336E-02  -1.0074E-02  -3.6471E-02  -1.3606E-02  -1.3057E-02  -1.2269E-02
  -1.6490E-02  -9.1539E-03  -1.4302E-02  -1.1023E-02   1.2353E-02  -7.6313E-03
  -1.5443E-02  -7.8021E-03   1.4000E-02  -3.9572E-03   1.4147E-02  -5.8760E-03
  -1.0911E-02   1.2093E-02  -1.3872E-02  -8.6322E-04  -6.7547E-03   3.6962E-02
  -1.2120E-02  -6.5901E-04  -4.0078E-03   6.7146E-03   9.6694E-03  -2.8062E-03
  -5.2206E-03  -3.4007E-03   4.7362E-03  -5.0000E-04  -2.8790E-02  -4.2327E-03
  -5.2455E-03   1.0901E-03  -3.1034E-03  -2.5354E-03  -4.8727E-03  -8.6098E-03
   6.5442E-04   9.7250E-04   1.4204E-03   2.8602E-03   1.4519E-03  -7.7287E-04
   1.8536E-02   1.9366E-02   1.8298E-02  -6.2904E-03
  > E    =  -9.939098077042E+02 +/-   1.996404393071E-04
  > varE =   3.999659920034E-03
* Computing derivatives.
    [walltime: 2m46s elapsed, 2h15m remaining]
    [walltime: 1h2m elapsed, 1h16m remaining]
  Done. [total walltime: 2h19m]
* Optimizing manipulation constant:
  #igrid a___________ E____________________________________ varE____________
     1     Infinity    -9.93909808E+02 +/-   1.99640439E-04   3.99965992E-03
     2     1.0000E+06  -9.93909808E+02 +/-   1.99640429E-04   3.99965952E-03
     3     2.1544E+05  -9.93909808E+02 +/-   1.99640393E-04   3.99965807E-03
     4     4.6416E+04  -9.93909808E+02 +/-   1.99640225E-04   3.99965132E-03
     5     1.0000E+04  -9.93909808E+02 +/-   1.99639444E-04   3.99962003E-03
     6     2.1544E+03  -9.93909808E+02 +/-   1.99635824E-04   3.99947499E-03
     7     4.6416E+02  -9.93909808E+02 +/-   1.99619136E-04   3.99880636E-03
     8     1.0000E+02  -9.93909810E+02 +/-   1.99544089E-04   3.99580023E-03
     9     2.1544E+01  -9.93909820E+02 +/-   1.99248525E-04   3.98397186E-03
    10     4.6416E+00  -9.93909803E+02 +/-   2.00116460E-04   4.01875617E-03
    11     1.0000E+00  -9.93899124E+02 +/-   3.51932062E-04   1.24292150E-02
    12     2.1544E-01   7.95207587E+15 +/-   2.80056184E+20   7.87075452E+45
    13     4.6416E-02 (error)
    14     1.0000E-02 (error)
    15     2.1544E-03 (error)
    16     4.6416E-04 (error)
    17     1.0000E-04 (error)
    18     2.1544E-05 (error)
    19     4.6416E-06 (error)
    20     1.0000E-06 (error)
    21     0.0000E+00 (error)
* Iteration # 1: E =  -9.939098197613E+02 +/-   1.992485249081E-04
* Diminishing returns: exiting.
* After optimization:
  -2.1422E+01  -2.1138E+01  -2.1396E+01  -2.1112E+01  -2.1544E+01  -2.1095E+01
  -2.0836E+01   2.1171E+00   1.9845E+00   1.0865E+00   1.0817E+00   2.3884E+00
   2.7455E+00   2.3058E+00   2.3138E+00   1.4505E+00   1.4254E+00   1.4577E+00
   1.4292E+00   2.1617E+00   2.1601E+00   1.4863E+00   1.4461E+00   1.3682E+00
   1.4518E+00   1.1622E+00   1.3868E+00   1.3846E+00   1.3504E+00   1.3145E+00
   1.3074E+00   2.2110E+00   2.2103E+00   1.8327E+00   1.8324E+00   1.4800E+00
   1.4825E+00   6.6113E-01   6.5941E-01   1.1340E+00   1.1339E+00   1.1052E+00
   1.1046E+00   1.1085E+00   1.1084E+00   2.3470E+00   2.3415E+00   8.0113E-01
   7.9696E-01   1.6074E+00   1.6190E+00   1.9885E+00   1.9863E+00   1.0753E+00
   1.0754E+00   1.4618E+00   1.4632E+00   1.1393E+00   1.1394E+00   1.0984E+00
   6.1559E-01   6.1526E-01   1.7156E+00   1.6977E+00   6.4031E-01   6.3944E-01
   1.4444E+00   1.4448E+00   5.1730E-01   5.1444E-01   9.1717E-01   9.1711E-01
   8.3748E-02   5.5980E-01   5.5946E-01   6.9416E-01   6.9338E-01   1.0970E-01
   9.4301E-01   9.4056E-01   8.4979E-01   8.4811E-01   1.5368E+00   1.5383E+00
   6.6019E-01   6.6021E-01   9.5820E-01   9.5829E-01   7.1923E-01   7.1657E-01
   9.7442E-01   9.7484E-01   1.5039E-01   1.4993E-01   1.6885E-01   1.6792E-01
   4.4972E-01   4.4948E-01   8.7542E-01   8.7233E-01   9.2873E-01   9.2767E-01
   9.1276E-01   9.1124E-01   5.3396E-02   5.1668E-02   4.5575E-01   4.5595E-01
   3.5746E-02   3.3858E-02   6.1200E-01   6.0968E-01   3.8866E-01   3.8766E-01
   5.5631E-01   5.5659E-01   8.7594E-01   2.5947E-01  -3.9117E-01  -3.9208E-01
   4.6784E-01   4.6691E-01   7.1552E-01   7.1491E-01   8.7289E-01   1.0294E-01
   1.0202E-01   1.1754E-01   1.1673E-01  -2.0323E-02  -2.0841E-02   3.9493E-01
   3.9245E-01  -2.2608E-02  -2.3358E-02   1.0266E-01   1.0366E-01  -3.8498E-01
  -3.8517E-01   4.3220E-01   4.3140E-01   5.3015E-02   5.1990E-02   1.5226E+00
   1.5257E+00   5.6216E-01   5.6281E-01   2.4384E-01  -2.7121E-01  -2.7207E-01
  -2.6390E-01  -2.6478E-01   4.7209E-01   4.7129E-01   5.6614E-02   5.6147E-02
  -7.6095E-01  -3.8129E-01  -3.8106E-01   1.9971E-03   4.2965E-01   4.2940E-01
  -3.7911E-01  -3.7876E-01  -7.5794E-01   1.0592E-01   1.0697E-01   5.9177E-01
   5.8690E-01   5.9060E-01   5.8676E-01   5.9178E-01   5.8655E-01   3.4943E+00
  -5.7052E+00   2.2733E+00  -3.3639E+00   3.9900E+00  -5.0758E+00  -1.4007E+00
  -1.0235E+00  -1.2314E+01   9.5605E+00  -6.9393E+00   4.5010E+00  -1.0637E-01
  -1.4380E+00  -9.7326E-01  -5.5952E-01  -1.9376E+00  -2.4499E-01   1.2148E+00
  -2.7428E+00  -3.9968E+00   2.6330E+00  -1.3406E+00  -1.1292E-01   8.6443E+00
  -9.8060E+00  -2.5959E+00   1.2220E+00  -3.9208E+00   2.5836E+00   3.6955E+00
  -4.9962E+00  -6.6543E+00   4.4386E+00  -1.7729E+00  -5.6980E-02  -3.9226E+00
   2.4380E+00   3.3770E+00  -4.0409E+00   1.3982E+00  -2.5285E+00  -7.8726E-01
  -3.1427E-01   7.2958E-02  -1.1766E+00  -6.6854E+00   4.3697E+00   3.3491E+00
  -4.1159E+00  -3.9533E+00   2.3699E+00  -6.7522E+00   4.7715E+00   3.7821E+00
  -4.8598E+00  -7.8078E+00   6.3469E+00  -2.5106E+00   1.3682E+00  -3.8361E+00
   2.7335E+00   3.5943E-01  -9.7315E-01   3.6855E+00  -5.3755E+00   8.2858E-01
  -1.4682E+00  -1.0832E+00  -3.5888E-01   6.6454E+00  -7.1611E+00  -4.4547E+00
   3.5378E+00   4.5693E+00  -4.6532E+00   2.7297E+00  -3.2888E+00   3.2708E-01
  -1.0297E+00   4.5626E+00  -4.6690E+00  -4.4618E+00   3.5227E+00   1.7891E+00
  -2.6379E+00  -7.8382E+00   6.2931E+00  -2.2213E+00   1.5611E+00  -7.5129E+00
   6.5544E+00   7.9590E-01  -1.5202E+00  -7.5181E+00   6.5423E+00   1.9800E+00
  -2.1296E+00   1.9735E+00  -2.1425E+00  -3.3151E+00   2.8656E+00   1.7826E+00
  -2.6553E+00  -2.1386E+00   1.2102E+00  -2.1344E+00   1.2219E+00   6.0673E+00
  -6.1203E+00  -3.3171E+00   2.8619E+00   6.0732E+00  -6.1087E+00   2.7147E+00
  -3.3245E+00   1.2074E+00  -1.5952E+00  -5.9246E+00   5.3679E+00  -1.1229E+01
   1.0354E+01  -6.2769E-01   3.6909E-01   7.1917E+00  -6.8003E+00  -1.8700E+00
   1.4022E+00  -2.2355E+00   1.5216E+00  -1.1228E+01   1.0355E+01   3.0016E+00
  -3.1037E+00   2.9979E+00  -3.1144E+00   2.3177E+00  -2.2964E+00   1.2059E+00
  -1.5995E+00   2.3183E+00  -2.2951E+00  -3.0098E-01   1.9742E-01   7.1894E+00
  -6.8048E+00  -5.6112E+00   5.1799E+00  -7.3201E-01   6.7994E-01  -1.1169E+00
  -4.1584E-01  -5.9272E+00   5.3642E+00  -6.2330E-01   3.7964E-01   4.5758E+00
  -4.3040E+00   4.5732E+00  -4.3085E+00  -1.8715E+00   1.3993E+00  -7.3440E-01
   6.7730E-01   9.7599E+00  -8.9994E+00   4.8805E+00  -4.4993E+00  -1.2781E-03
  -1.7048E-03  -5.6107E+00   5.1806E+00   4.8795E+00  -4.5005E+00   9.7585E+00
  -9.0012E+00  -3.0279E-01   1.9564E-01   6.6161E+00  -7.2070E+00   6.6166E+00
  -7.2070E+00   6.6163E+00  -7.2073E+00   9.1195E-01   7.9497E-01   9.1163E-01
   7.4392E-01   1.0239E+00   7.2614E-01   7.5092E-01  -7.4730E-02  -2.0681E-01
  -2.2264E-01  -1.6794E-01  -1.2426E-01  -8.5347E-02  -1.6740E-01  -1.6786E-01
  -1.1620E-01  -1.4813E-01  -8.2156E-02  -7.9693E-02  -3.1407E-02   3.7096E-02
   3.3227E-02   3.1031E-02  -2.8569E-02  -2.6062E-03  -2.3963E-02  -3.5688E-02
   2.1319E-02   2.6579E-02   3.9258E-02   8.3139E-02   3.9786E-02   1.5321E-02
   3.1298E-02  -2.5270E-02  -2.8691E-02  -3.6643E-02  -4.5865E-02  -2.5117E-02
   6.4617E-02  -1.9673E-02  -2.8812E-02  -6.9498E-03   7.9753E-04   6.2461E-03
  -1.2773E-02   7.4135E-03   3.1699E-02   2.5641E-02   4.8995E-03   6.7655E-03
  -1.7717E-02  -1.5960E-02   8.2305E-03  -5.6109E-03  -1.5334E-02  -3.7487E-03
   8.3277E-05   2.7301E-02  -2.0658E-02  -2.7143E-02  -6.3381E-03   1.3708E-02
  -8.2836E-03   2.7675E-02   2.5217E-04  -7.4412E-03   6.4417E-03  -1.2543E-02
  -5.7390E-03  -1.2663E-02   2.4288E-02   1.7391E-03  -3.1815E-03  -8.9093E-03
   2.6169E-03   8.4759E-03   7.5300E-03  -4.3807E-03  -1.2177E-02  -2.2066E-03
   1.4802E-03  -2.4206E-02  -6.3922E-03  -3.9336E-03   1.4966E-03  -2.5403E-03
  -1.1188E-02  -1.2498E-03   1.6703E-03  -7.3573E-03   8.6990E-03   4.4768E-03
   6.8704E-03   6.0014E-03   3.7243E-03  -1.5472E-02  -1.5307E-02  -1.6585E-02
   8.5037E-04   2.1313E-01  -3.9373E-02  -3.7456E-02   7.8122E-02   3.6125E-03
   6.0227E-02   8.2809E-03  -1.0965E-02   4.6382E-02  -1.9497E-02  -6.0191E-02
  -6.0362E-02  -7.0034E-02   8.5237E-02   8.5674E-02   4.5349E-02  -2.4765E-02
   7.2759E-03  -4.7725E-02  -4.7225E-02   2.1381E-02   2.6719E-02   2.7740E-02
  -5.9863E-03   2.9282E-02   3.8218E-02   2.3157E-02  -1.5080E-02  -1.7470E-02
  -2.5343E-02  -3.2426E-02  -1.9708E-02   5.1220E-02  -1.5210E-02  -2.5948E-02
  -4.2738E-03  -1.4056E-02  -1.6595E-02  -5.7650E-03  -1.9556E-02   4.3535E-02
   3.2184E-02  -1.0520E-02  -3.3834E-02  -1.2957E-02  -1.4437E-02  -1.3383E-02
  -1.7621E-02  -1.0414E-02  -1.4774E-02  -8.7547E-03   2.0117E-02  -1.4123E-02
  -2.1660E-02  -1.0861E-02   1.4170E-02  -5.5801E-03   1.1922E-02  -7.4438E-03
  -9.0057E-03   1.1964E-02  -1.1251E-02  -2.4568E-03  -1.1084E-02   3.2203E-02
  -7.3458E-03   6.2855E-04  -2.8682E-03   1.2427E-02   1.2506E-02  -1.8175E-03
  -5.0860E-03  -7.3947E-03   2.0151E-03   8.5698E-04  -3.2003E-02  -6.0411E-03
  -4.9578E-03   1.4647E-03  -6.6238E-03  -8.0141E-03  -1.6281E-03   2.3509E-03
  -5.1988E-03   6.7487E-03  -2.8905E-03  -5.6689E-04   8.9042E-04  -3.8300E-04
   2.1166E-02   2.1375E-02   2.0668E-02  -2.5265E-03  -5.1877E-02  -2.0375E-01
  -2.1371E-01  -1.5903E-01  -1.4923E-01  -6.7195E-02  -1.4530E-01  -1.5255E-01
  -1.5891E-01  -1.4041E-01  -7.3830E-02  -7.5217E-02  -2.5008E-02  -1.5654E-02
  -2.3607E-02  -6.7485E-03  -1.5722E-02  -1.4143E-02   1.3113E-03  -4.7428E-03
   9.5229E-03   9.7028E-03   3.0799E-02   8.6814E-02   6.2883E-02   3.4256E-02
   2.7005E-02  -2.9096E-02  -2.4696E-02  -3.4575E-02  -4.0111E-02  -1.7966E-02
   1.3707E-02  -1.1792E-02  -2.0059E-02  -7.5200E-04   2.7412E-03   6.4979E-03
  -1.9353E-02   1.6331E-02   2.2375E-02   2.6443E-02   5.4930E-03   1.4235E-02
  -1.8887E-02  -1.4879E-02   1.1171E-02  -2.5966E-03  -1.3653E-02  -2.9540E-03
  -9.8813E-04   2.3406E-02  -1.4772E-02  -2.0741E-02  -3.1210E-03   1.3403E-02
  -7.7003E-03   3.3474E-02   1.0158E-03  -7.5870E-03   2.9671E-03  -1.1514E-02
  -3.6907E-03  -7.1623E-03   2.5069E-02   7.4001E-04  -6.0262E-03  -1.1506E-02
  -2.9946E-03   5.9247E-03   4.3392E-03  -3.7260E-03  -7.3432E-03  -3.3798E-04
  -1.1972E-03  -2.0442E-02  -5.6149E-03  -1.6755E-03   1.6770E-03   2.4290E-03
  -5.6921E-03  -3.4145E-03  -6.5148E-03   6.2973E-04   5.6322E-03   9.0637E-03
   1.0964E-02   6.6583E-03   2.2544E-03  -2.4953E-02  -2.4630E-02  -2.5154E-02
  -6.4670E-03   1.2891E-01  -5.5695E-02  -4.8608E-02   2.3723E-02  -1.7878E-02
   4.0367E-03  -5.1458E-02  -6.3193E-02   1.4878E-02  -5.6673E-02  -5.9230E-02
  -5.8606E-02  -8.6583E-02   5.6717E-02   5.4620E-02   2.0676E-02  -1.5516E-02
   2.2601E-03  -3.1747E-02  -2.5457E-02   1.2265E-02   1.3853E-02   2.0576E-02
  -8.6606E-03   5.3456E-02   6.2276E-02   1.8079E-02  -1.5947E-02  -1.3854E-02
  -2.1438E-02  -2.3963E-02  -1.5002E-02   1.8498E-02  -1.0873E-02  -1.8563E-02
   7.9309E-04  -1.3322E-02  -1.7693E-02  -9.4322E-03  -1.3227E-02   3.5332E-02
   3.4320E-02  -1.0122E-02  -3.6208E-02  -1.3482E-02  -1.3010E-02  -1.2124E-02
  -1.6661E-02  -9.4341E-03  -1.4313E-02  -1.0744E-02   1.2559E-02  -7.6570E-03
  -1.5393E-02  -7.8926E-03   1.3939E-02  -4.0022E-03   1.4369E-02  -6.0360E-03
  -1.0508E-02   1.1759E-02  -1.3678E-02  -8.4559E-04  -6.9315E-03   3.7015E-02
  -1.1389E-02  -8.2005E-04  -3.8532E-03   6.8600E-03   9.5741E-03  -3.0795E-03
  -5.4078E-03  -2.9683E-03   5.2900E-03  -1.1100E-03  -2.8949E-02  -4.1703E-03
  -5.1813E-03   6.4235E-04  -2.9505E-03  -2.2491E-03  -5.0056E-03  -8.3459E-03
   1.2541E-03   5.8615E-04   1.0737E-03   3.0869E-03   1.0740E-03  -1.1766E-03
   1.8430E-02   1.9233E-02   1.8158E-02  -6.6158E-03
  > Energy =  -9.939098197613E+02 +/-   1.992485249081E-04
  > varE =   3.983971858892E-03

VMC #4:
* Size of Hilbert space =   1.0817E+14
* Number of equil. steps   = 1000
* Running VMC equilibration.
  Done. [total walltime: 0.38s]
* Equil. acc.ratio (%)     =  12.0053
* Sample config after equilibration:
  +-------------------------+
  |  0   u   u   2   0   u  |
  |d   2   u   d   u   d   d|
  |d   u   d   2   d   2   u|
  |  u   d   u   0   0   d  |
  +-------------------------+
* Number of accum. steps   = 501760 x 10
* Running VMC accumulation.
    [walltime: 1m elapsed, 2.30s remaining]
  Done. [total walltime: 1m2s]
* Acceptance ratio (%)     =  11.9615
* Etot/t                   =  -9.939098375208E+02 +/-   8.805686818374E-05
  > Ttot/t                 =  -9.591063727757E+01 +/-   1.017871118778E-03
  > Utot/t                 =   4.230895420764E+01 +/-   1.009256815638E-03
* var[Eloc/t]              =   3.976883029361E-03 +/-   5.459412519780E-05
* Correlation length       =   9.783172020953E-01
* log10 Psi^2 range: -133.05775511627931 -- -121.33841507780225
* log10 Pgen range : -133.05775511627931 -- -121.33841507780225
* Site occupation (ave. no. electrons per config.):
  > Site_  ___eu____  ___ed____
      1        0.498      0.497
      2        0.496      0.494
      3        0.500      0.499
      4        0.497      0.497
      5        0.502      0.501
      6        0.503      0.502
      7        0.504      0.504
      8        0.501      0.498
      9        0.496      0.497
     10        0.495      0.500
     11        0.497      0.499
     12        0.504      0.504
     13        0.501      0.503
     14        0.504      0.505
     15        0.503      0.504
     16        0.498      0.495
     17        0.500      0.499
     18        0.504      0.501
     19        0.499      0.497
     20        0.502      0.504
     21        0.503      0.503
     22        0.502      0.503
     23        0.498      0.500
     24        0.498      0.497
     25        0.498      0.496
     26        0.500      0.502
* Pair-correlation analysis (ave. no. pairs per config.):
  > Shell  nsite  ___dh____  __eueu___  __eued___
      0      1        0          0          4.502
      1      0        0.923      0.498      2.597
      2      0        0.135      0.359      0.531
      3      0        0.264      0.721      1.060
      4      0        0.228      0.769      1.066
      5      0        0.255      0.731      1.049
      6      0        0.759      0.846      2.435
      7      0        0.673      1.046      2.339
      8      0        0.599      1.226      2.259
      9      0        0.450      1.542      2.083
     10      0        0.529      1.387      2.187
     11      0        0.139      0.815      1.158
     12      0        0.137      0.838      1.144
     13      0        0.138      0.854      1.086
     14      0        0.224      2.124      1.912
     15      0        0.112      1.059      0.955
     16      0        0.224      2.091      1.914
     17      0        0.267      1.900      2.052
     18      0        0.235      2.044      1.934
     19      0        0.298      1.870      2.044
     20      0        0.308      1.873      2.053
     21      0        0.243      2.095      1.929
     22      0        0.241      2.116      1.913
     23      0        0.240      2.128      1.891
     24      0        0.234      2.101      1.916
     25      0        0.273      2.085      1.909
     26      0        0.268      2.080      1.897
     27      0        0.236      2.135      1.887
     28      0        0.220      1.957      2.056
     29      0        0.242      2.057      1.939
     30      0        0.218      1.949      2.099
     31      0        0.109      0.971      1.051
     32      0        0.246      2.052      1.951
     33      0        0.212      2.135      1.894
     34      0        0.248      2.048      1.971
     35      0        0.219      2.079      1.966
     36      0        0.246      2.012      1.962
     37      0        0.283      1.932      2.019
     38      0        0.142      0.968      1.009
     39      0        0.219      1.978      2.027
     40      0        0.257      1.904      2.077
     41      0        0.139      1.006      0.976
     42      0        0.278      2.019      1.943
     43      0        0.258      1.953      2.030
     44      0        0.258      1.861      2.100
     45      0        0.214      1.997      2.054
     46      0        0.244      2.022      1.968
     47      0        0.256      1.937      2.066
     48      0        0.243      1.960      2.029
     49      0        0.246      2.023      1.984
     50      0        0.246      1.983      2.025
     51      0        0.276      1.952      1.998
     52      0        0.248      2.038      1.964
     53      0        0.225      1.965      2.062
     54      0        0.220      2.047      1.989
     55      0        0.249      1.973      2.002
     56      0        0.278      1.989      1.958
     57      0        0.248      2.003      1.976
     58      0        0.216      2.037      1.973
     59      0        0.255      1.982      2.017
     60      0        0.243      2.012      1.986
     61      0        0.136      0.991      0.979
     62      0        0.109      1.021      1.006
     63      0        0.248      1.988      1.977
     64      0        0.219      2.030      2.008
     65      0        0.216      2.057      1.991
     66      0        0.136      0.977      0.993
     67      0        0.216      1.996      2.013
     68      0        0.217      2.015      1.992
     69      0        0.250      2.003      1.992
     70      0        0.253      2.019      1.984
     71      0        0.251      1.992      2.002
     72      0        0.219      2.028      2.019
     73      0        0.245      1.979      1.992
     74      0        0.246      1.998      1.985
     75      0        0.243      1.988      1.973
     76      0        0.246      1.845      2.152
     77      0        0.241      1.989      2.015
     78      0        0.108      1.009      1.021
     79      0        0.218      2.003      2.014
     80      0        0.217      2.014      2.001
     81      0        0.218      2.003      2.034
     82      0        0.241      1.975      1.986
     83      0        0.108      0.991      0.996
     84      0        0.220      2.005      1.998
     85      0        0.112      1.011      1.005
     86      0        0.247      1.986      2.000
     87      0        0.218      1.999      2.007
     88      0        0.108      0.995      0.992
     89      0        0.218      2.014      2.030
     90      0        0.127      0.970      1.005
     91      0        0.063      0.484      0.505
     92      0        0.064      0.486      0.506
     93      0        0.112      1.005      1.009

Optimization #4:
* Method          : lls
* Target function : energy
* No. of configs. : 100352
* No. of params.  : 736
* Before optimization:
  -2.1422E+01  -2.1138E+01  -2.1396E+01  -2.1112E+01  -2.1544E+01  -2.1095E+01
  -2.0836E+01   2.1171E+00   1.9845E+00   1.0865E+00   1.0817E+00   2.3884E+00
   2.7455E+00   2.3058E+00   2.3138E+00   1.4505E+00   1.4254E+00   1.4577E+00
   1.4292E+00   2.1617E+00   2.1601E+00   1.4863E+00   1.4461E+00   1.3682E+00
   1.4518E+00   1.1622E+00   1.3868E+00   1.3846E+00   1.3504E+00   1.3145E+00
   1.3074E+00   2.2110E+00   2.2103E+00   1.8327E+00   1.8324E+00   1.4800E+00
   1.4825E+00   6.6113E-01   6.5941E-01   1.1340E+00   1.1339E+00   1.1052E+00
   1.1046E+00   1.1085E+00   1.1084E+00   2.3470E+00   2.3415E+00   8.0113E-01
   7.9696E-01   1.6074E+00   1.6190E+00   1.9885E+00   1.9863E+00   1.0753E+00
   1.0754E+00   1.4618E+00   1.4632E+00   1.1393E+00   1.1394E+00   1.0984E+00
   6.1559E-01   6.1526E-01   1.7156E+00   1.6977E+00   6.4031E-01   6.3944E-01
   1.4444E+00   1.4448E+00   5.1730E-01   5.1444E-01   9.1717E-01   9.1711E-01
   8.3748E-02   5.5980E-01   5.5946E-01   6.9416E-01   6.9338E-01   1.0970E-01
   9.4301E-01   9.4056E-01   8.4979E-01   8.4811E-01   1.5368E+00   1.5383E+00
   6.6019E-01   6.6021E-01   9.5820E-01   9.5829E-01   7.1923E-01   7.1657E-01
   9.7442E-01   9.7484E-01   1.5039E-01   1.4993E-01   1.6885E-01   1.6792E-01
   4.4972E-01   4.4948E-01   8.7542E-01   8.7233E-01   9.2873E-01   9.2767E-01
   9.1276E-01   9.1124E-01   5.3396E-02   5.1668E-02   4.5575E-01   4.5595E-01
   3.5746E-02   3.3858E-02   6.1200E-01   6.0968E-01   3.8866E-01   3.8766E-01
   5.5631E-01   5.5659E-01   8.7594E-01   2.5947E-01  -3.9117E-01  -3.9208E-01
   4.6784E-01   4.6691E-01   7.1552E-01   7.1491E-01   8.7289E-01   1.0294E-01
   1.0202E-01   1.1754E-01   1.1673E-01  -2.0323E-02  -2.0841E-02   3.9493E-01
   3.9245E-01  -2.2608E-02  -2.3358E-02   1.0266E-01   1.0366E-01  -3.8498E-01
  -3.8517E-01   4.3220E-01   4.3140E-01   5.3015E-02   5.1990E-02   1.5226E+00
   1.5257E+00   5.6216E-01   5.6281E-01   2.4384E-01  -2.7121E-01  -2.7207E-01
  -2.6390E-01  -2.6478E-01   4.7209E-01   4.7129E-01   5.6614E-02   5.6147E-02
  -7.6095E-01  -3.8129E-01  -3.8106E-01   1.9971E-03   4.2965E-01   4.2940E-01
  -3.7911E-01  -3.7876E-01  -7.5794E-01   1.0592E-01   1.0697E-01   5.9177E-01
   5.8690E-01   5.9060E-01   5.8676E-01   5.9178E-01   5.8655E-01   3.4943E+00
  -5.7052E+00   2.2733E+00  -3.3639E+00   3.9900E+00  -5.0758E+00  -1.4007E+00
  -1.0235E+00  -1.2314E+01   9.5605E+00  -6.9393E+00   4.5010E+00  -1.0637E-01
  -1.4380E+00  -9.7326E-01  -5.5952E-01  -1.9376E+00  -2.4499E-01   1.2148E+00
  -2.7428E+00  -3.9968E+00   2.6330E+00  -1.3406E+00  -1.1292E-01   8.6443E+00
  -9.8060E+00  -2.5959E+00   1.2220E+00  -3.9208E+00   2.5836E+00   3.6955E+00
  -4.9962E+00  -6.6543E+00   4.4386E+00  -1.7729E+00  -5.6980E-02  -3.9226E+00
   2.4380E+00   3.3770E+00  -4.0409E+00   1.3982E+00  -2.5285E+00  -7.8726E-01
  -3.1427E-01   7.2958E-02  -1.1766E+00  -6.6854E+00   4.3697E+00   3.3491E+00
  -4.1159E+00  -3.9533E+00   2.3699E+00  -6.7522E+00   4.7715E+00   3.7821E+00
  -4.8598E+00  -7.8078E+00   6.3469E+00  -2.5106E+00   1.3682E+00  -3.8361E+00
   2.7335E+00   3.5943E-01  -9.7315E-01   3.6855E+00  -5.3755E+00   8.2858E-01
  -1.4682E+00  -1.0832E+00  -3.5888E-01   6.6454E+00  -7.1611E+00  -4.4547E+00
   3.5378E+00   4.5693E+00  -4.6532E+00   2.7297E+00  -3.2888E+00   3.2708E-01
  -1.0297E+00   4.5626E+00  -4.6690E+00  -4.4618E+00   3.5227E+00   1.7891E+00
  -2.6379E+00  -7.8382E+00   6.2931E+00  -2.2213E+00   1.5611E+00  -7.5129E+00
   6.5544E+00   7.9590E-01  -1.5202E+00  -7.5181E+00   6.5423E+00   1.9800E+00
  -2.1296E+00   1.9735E+00  -2.1425E+00  -3.3151E+00   2.8656E+00   1.7826E+00
  -2.6553E+00  -2.1386E+00   1.2102E+00  -2.1344E+00   1.2219E+00   6.0673E+00
  -6.1203E+00  -3.3171E+00   2.8619E+00   6.0732E+00  -6.1087E+00   2.7147E+00
  -3.3245E+00   1.2074E+00  -1.5952E+00  -5.9246E+00   5.3679E+00  -1.1229E+01
   1.0354E+01  -6.2769E-01   3.6909E-01   7.1917E+00  -6.8003E+00  -1.8700E+00
   1.4022E+00  -2.2355E+00   1.5216E+00  -1.1228E+01   1.0355E+01   3.0016E+00
  -3.1037E+00   2.9979E+00  -3.1144E+00   2.3177E+00  -2.2964E+00   1.2059E+00
  -1.5995E+00   2.3183E+00  -2.2951E+00  -3.0098E-01   1.9742E-01   7.1894E+00
  -6.8048E+00  -5.6112E+00   5.1799E+00  -7.3201E-01   6.7994E-01  -1.1169E+00
  -4.1584E-01  -5.9272E+00   5.3642E+00  -6.2330E-01   3.7964E-01   4.5758E+00
  -4.3040E+00   4.5732E+00  -4.3085E+00  -1.8715E+00   1.3993E+00  -7.3440E-01
   6.7730E-01   9.7599E+00  -8.9994E+00   4.8805E+00  -4.4993E+00  -1.2781E-03
  -1.7048E-03  -5.6107E+00   5.1806E+00   4.8795E+00  -4.5005E+00   9.7585E+00
  -9.0012E+00  -3.0279E-01   1.9564E-01   6.6161E+00  -7.2070E+00   6.6166E+00
  -7.2070E+00   6.6163E+00  -7.2073E+00   9.1195E-01   7.9497E-01   9.1163E-01
   7.4392E-01   1.0239E+00   7.2614E-01   7.5092E-01  -7.4730E-02  -2.0681E-01
  -2.2264E-01  -1.6794E-01  -1.2426E-01  -8.5347E-02  -1.6740E-01  -1.6786E-01
  -1.1620E-01  -1.4813E-01  -8.2156E-02  -7.9693E-02  -3.1407E-02   3.7096E-02
   3.3227E-02   3.1031E-02  -2.8569E-02  -2.6062E-03  -2.3963E-02  -3.5688E-02
   2.1319E-02   2.6579E-02   3.9258E-02   8.3139E-02   3.9786E-02   1.5321E-02
   3.1298E-02  -2.5270E-02  -2.8691E-02  -3.6643E-02  -4.5865E-02  -2.5117E-02
   6.4617E-02  -1.9673E-02  -2.8812E-02  -6.9498E-03   7.9753E-04   6.2461E-03
  -1.2773E-02   7.4135E-03   3.1699E-02   2.5641E-02   4.8995E-03   6.7655E-03
  -1.7717E-02  -1.5960E-02   8.2305E-03  -5.6109E-03  -1.5334E-02  -3.7487E-03
   8.3277E-05   2.7301E-02  -2.0658E-02  -2.7143E-02  -6.3381E-03   1.3708E-02
  -8.2836E-03   2.7675E-02   2.5217E-04  -7.4412E-03   6.4417E-03  -1.2543E-02
  -5.7390E-03  -1.2663E-02   2.4288E-02   1.7391E-03  -3.1815E-03  -8.9093E-03
   2.6169E-03   8.4759E-03   7.5300E-03  -4.3807E-03  -1.2177E-02  -2.2066E-03
   1.4802E-03  -2.4206E-02  -6.3922E-03  -3.9336E-03   1.4966E-03  -2.5403E-03
  -1.1188E-02  -1.2498E-03   1.6703E-03  -7.3573E-03   8.6990E-03   4.4768E-03
   6.8704E-03   6.0014E-03   3.7243E-03  -1.5472E-02  -1.5307E-02  -1.6585E-02
   8.5037E-04   2.1313E-01  -3.9373E-02  -3.7456E-02   7.8122E-02   3.6125E-03
   6.0227E-02   8.2809E-03  -1.0965E-02   4.6382E-02  -1.9497E-02  -6.0191E-02
  -6.0362E-02  -7.0034E-02   8.5237E-02   8.5674E-02   4.5349E-02  -2.4765E-02
   7.2759E-03  -4.7725E-02  -4.7225E-02   2.1381E-02   2.6719E-02   2.7740E-02
  -5.9863E-03   2.9282E-02   3.8218E-02   2.3157E-02  -1.5080E-02  -1.7470E-02
  -2.5343E-02  -3.2426E-02  -1.9708E-02   5.1220E-02  -1.5210E-02  -2.5948E-02
  -4.2738E-03  -1.4056E-02  -1.6595E-02  -5.7650E-03  -1.9556E-02   4.3535E-02
   3.2184E-02  -1.0520E-02  -3.3834E-02  -1.2957E-02  -1.4437E-02  -1.3383E-02
  -1.7621E-02  -1.0414E-02  -1.4774E-02  -8.7547E-03   2.0117E-02  -1.4123E-02
  -2.1660E-02  -1.0861E-02   1.4170E-02  -5.5801E-03   1.1922E-02  -7.4438E-03
  -9.0057E-03   1.1964E-02  -1.1251E-02  -2.4568E-03  -1.1084E-02   3.2203E-02
  -7.3458E-03   6.2855E-04  -2.8682E-03   1.2427E-02   1.2506E-02  -1.8175E-03
  -5.0860E-03  -7.3947E-03   2.0151E-03   8.5698E-04  -3.2003E-02  -6.0411E-03
  -4.9578E-03   1.4647E-03  -6.6238E-03  -8.0141E-03  -1.6281E-03   2.3509E-03
  -5.1988E-03   6.7487E-03  -2.8905E-03  -5.6689E-04   8.9042E-04  -3.8300E-04
   2.1166E-02   2.1375E-02   2.0668E-02  -2.5265E-03  -5.1877E-02  -2.0375E-01
  -2.1371E-01  -1.5903E-01  -1.4923E-01  -6.7195E-02  -1.4530E-01  -1.5255E-01
  -1.5891E-01  -1.4041E-01  -7.3830E-02  -7.5217E-02  -2.5008E-02  -1.5654E-02
  -2.3607E-02  -6.7485E-03  -1.5722E-02  -1.4143E-02   1.3113E-03  -4.7428E-03
   9.5229E-03   9.7028E-03   3.0799E-02   8.6814E-02   6.2883E-02   3.4256E-02
   2.7005E-02  -2.9096E-02  -2.4696E-02  -3.4575E-02  -4.0111E-02  -1.7966E-02
   1.3707E-02  -1.1792E-02  -2.0059E-02  -7.5200E-04   2.7412E-03   6.4979E-03
  -1.9353E-02   1.6331E-02   2.2375E-02   2.6443E-02   5.4930E-03   1.4235E-02
  -1.8887E-02  -1.4879E-02   1.1171E-02  -2.5966E-03  -1.3653E-02  -2.9540E-03
  -9.8813E-04   2.3406E-02  -1.4772E-02  -2.0741E-02  -3.1210E-03   1.3403E-02
  -7.7003E-03   3.3474E-02   1.0158E-03  -7.5870E-03   2.9671E-03  -1.1514E-02
  -3.6907E-03  -7.1623E-03   2.5069E-02   7.4001E-04  -6.0262E-03  -1.1506E-02
  -2.9946E-03   5.9247E-03   4.3392E-03  -3.7260E-03  -7.3432E-03  -3.3798E-04
  -1.1972E-03  -2.0442E-02  -5.6149E-03  -1.6755E-03   1.6770E-03   2.4290E-03
  -5.6921E-03  -3.4145E-03  -6.5148E-03   6.2973E-04   5.6322E-03   9.0637E-03
   1.0964E-02   6.6583E-03   2.2544E-03  -2.4953E-02  -2.4630E-02  -2.5154E-02
  -6.4670E-03   1.2891E-01  -5.5695E-02  -4.8608E-02   2.3723E-02  -1.7878E-02
   4.0367E-03  -5.1458E-02  -6.3193E-02   1.4878E-02  -5.6673E-02  -5.9230E-02
  -5.8606E-02  -8.6583E-02   5.6717E-02   5.4620E-02   2.0676E-02  -1.5516E-02
   2.2601E-03  -3.1747E-02  -2.5457E-02   1.2265E-02   1.3853E-02   2.0576E-02
  -8.6606E-03   5.3456E-02   6.2276E-02   1.8079E-02  -1.5947E-02  -1.3854E-02
  -2.1438E-02  -2.3963E-02  -1.5002E-02   1.8498E-02  -1.0873E-02  -1.8563E-02
   7.9309E-04  -1.3322E-02  -1.7693E-02  -9.4322E-03  -1.3227E-02   3.5332E-02
   3.4320E-02  -1.0122E-02  -3.6208E-02  -1.3482E-02  -1.3010E-02  -1.2124E-02
  -1.6661E-02  -9.4341E-03  -1.4313E-02  -1.0744E-02   1.2559E-02  -7.6570E-03
  -1.5393E-02  -7.8926E-03   1.3939E-02  -4.0022E-03   1.4369E-02  -6.0360E-03
  -1.0508E-02   1.1759E-02  -1.3678E-02  -8.4559E-04  -6.9315E-03   3.7015E-02
  -1.1389E-02  -8.2005E-04  -3.8532E-03   6.8600E-03   9.5741E-03  -3.0795E-03
  -5.4078E-03  -2.9683E-03   5.2900E-03  -1.1100E-03  -2.8949E-02  -4.1703E-03
  -5.1813E-03   6.4235E-04  -2.9505E-03  -2.2491E-03  -5.0056E-03  -8.3459E-03
   1.2541E-03   5.8615E-04   1.0737E-03   3.0869E-03   1.0740E-03  -1.1766E-03
   1.8430E-02   1.9233E-02   1.8158E-02  -6.6158E-03
  > E    =  -9.939100450365E+02 +/-   1.980633523641E-04
  > varE =   3.936717795197E-03
* Computing derivatives.
    [walltime: 2m52s elapsed, 2h18m remaining]
    [walltime: 1h1m elapsed, 1h18m remaining]
  Done. [total walltime: 2h19m]
* Optimizing manipulation constant:
  #igrid a___________ E____________________________________ varE____________
     1     Infinity    -9.93910045E+02 +/-   1.98063352E-04   3.93671780E-03
     2     1.0000E+06  -9.93910045E+02 +/-   1.98063342E-04   3.93671737E-03
     3     2.1544E+05  -9.93910045E+02 +/-   1.98063303E-04   3.93671584E-03
     4     4.6416E+04  -9.93910045E+02 +/-   1.98063123E-04   3.93670870E-03
     5     1.0000E+04  -9.93910045E+02 +/-   1.98062287E-04   3.93667543E-03
     6     2.1544E+03  -9.93910045E+02 +/-   1.98058331E-04   3.93651817E-03
     7     4.6416E+02  -9.93910046E+02 +/-   1.98038438E-04   3.93572744E-03
     8     1.0000E+02  -9.93910051E+02 +/-   1.97915259E-04   3.93083296E-03
     9     2.1544E+01  -9.93910075E+02 +/-   1.97455685E-04   3.91259879E-03
    10     4.6416E+00  -9.93899416E+02 +/-   3.56282302E-04   1.27383897E-02
    11     1.0000E+00  -9.76345653E+02 +/-   1.68387877E+01   2.84542847E+07
    12     2.1544E-01   1.98782837E+45 +/-   0.00000000E+00  -1.00000000E+00
    13     4.6416E-02   5.17822344E+47 +/-   0.00000000E+00  -1.00000000E+00
    14     1.0000E-02 (error)
    15     2.1544E-03 (error)
    16     4.6416E-04 (error)
    17     1.0000E-04 (error)
    18     2.1544E-05 (error)
    19     4.6416E-06 (error)
    20     1.0000E-06 (error)
    21     0.0000E+00 (error)
  ParMin   4.6253E+01  -9.93910062E+02 +/-   1.97671128E-04   3.92114149E-03
  # Using grid point #9
* Iteration # 1: E =  -9.939100748804E+02 +/-   1.974556850332E-04
* Diminishing returns: exiting.
* After optimization:
  -2.1214E+01  -2.0928E+01  -2.1186E+01  -2.0901E+01  -2.1329E+01  -2.0884E+01
  -2.0621E+01   2.1253E+00   1.9935E+00   1.0907E+00   1.0566E+00   2.3891E+00
   2.6295E+00   2.2252E+00   2.2335E+00   1.4614E+00   1.4363E+00   1.4839E+00
   1.4552E+00   2.1118E+00   2.1098E+00   1.4517E+00   1.4112E+00   1.4158E+00
   1.4072E+00   1.1794E+00   1.3885E+00   1.3862E+00   1.3982E+00   1.3005E+00
   1.2931E+00   2.1531E+00   2.1524E+00   1.7829E+00   1.7825E+00   1.4097E+00
   1.4123E+00   6.5121E-01   6.4943E-01   1.0995E+00   1.0993E+00   1.1313E+00
   1.1308E+00   1.1197E+00   1.1199E+00   2.2891E+00   2.2834E+00   7.9099E-01
   7.8686E-01   1.5371E+00   1.5489E+00   1.9081E+00   1.9065E+00   1.0613E+00
   1.0612E+00   1.4276E+00   1.4291E+00   1.1409E+00   1.1410E+00   1.1461E+00
   6.2694E-01   6.2670E-01   1.7244E+00   1.7067E+00   6.2042E-01   6.1958E-01
   1.4221E+00   1.4227E+00   5.1342E-01   5.1039E-01   8.6162E-01   8.6131E-01
   5.8648E-02   5.9197E-01   5.9151E-01   7.0542E-01   7.0468E-01   8.4683E-02
   8.8734E-01   8.8484E-01   8.3772E-01   8.3592E-01   1.5025E+00   1.5043E+00
   6.6174E-01   6.6168E-01   9.2396E-01   9.2412E-01   6.9937E-01   6.9657E-01
   9.4009E-01   9.4056E-01   1.1539E-01   1.1500E-01   1.3404E-01   1.3300E-01
   3.7900E-01   3.7892E-01   8.6333E-01   8.6011E-01   9.5288E-01   9.5162E-01
   9.3679E-01   9.3510E-01   6.4229E-02   6.2267E-02   3.8497E-01   3.8540E-01
   4.6444E-02   4.4538E-02   6.4425E-01   6.4183E-01   3.9128E-01   3.9022E-01
   4.7576E-01   4.7602E-01   7.5970E-01   2.1476E-01  -3.9548E-01  -3.9646E-01
   4.9175E-01   4.9080E-01   7.1704E-01   7.1634E-01   7.5672E-01   1.3501E-01
   1.3409E-01   1.4962E-01   1.4872E-01  -3.2794E-02  -3.3357E-02   3.9757E-01
   3.9500E-01  -3.5111E-02  -3.5921E-02   8.0109E-02   8.1151E-02  -3.8920E-01
  -3.8963E-01   3.7388E-01   3.7323E-01   2.9738E-03   1.9863E-03   1.5002E+00
   1.5036E+00   4.8175E-01   4.8218E-01   1.9905E-01  -2.8562E-01  -2.8645E-01
  -2.7805E-01  -2.7904E-01   4.9606E-01   4.9517E-01   6.7068E-03   6.3579E-03
  -7.4474E-01  -3.7313E-01  -3.7291E-01   2.1715E-03   3.7155E-01   3.7120E-01
  -3.7080E-01  -3.7049E-01  -7.4147E-01   8.3483E-02   8.4569E-02   5.8793E-01
   5.8279E-01   5.8676E-01   5.8263E-01   5.8785E-01   5.8240E-01   3.3886E+00
  -5.6084E+00   2.2157E+00  -3.3109E+00   4.3186E+00  -5.3787E+00  -1.4011E+00
  -1.0238E+00  -1.0797E+01   8.1576E+00  -5.8852E+00   3.5271E+00  -2.5005E-01
  -1.3053E+00  -1.3099E+00  -2.4939E-01  -1.2834E+00  -8.4808E-01   1.6728E+00
  -3.1666E+00  -4.6121E+00   3.2006E+00  -7.5298E-01  -6.5708E-01   8.4343E+00
  -9.6129E+00  -2.6088E+00   1.2334E+00  -4.5369E+00   3.1516E+00   3.8852E+00
  -5.1716E+00  -5.8981E+00   3.7383E+00  -1.1208E+00  -6.6128E-01  -3.0010E+00
   1.5871E+00   3.5122E+00  -4.1662E+00   1.8566E+00  -2.9522E+00  -1.1236E+00
  -3.9442E-03  -7.0951E-02  -1.0444E+00  -5.9269E+00   3.6686E+00   3.4844E+00
  -4.2407E+00  -3.0312E+00   1.5193E+00  -5.6999E+00   3.7990E+00   3.9715E+00
  -5.0351E+00  -7.3568E+00   5.9302E+00  -2.5238E+00   1.3797E+00  -4.4517E+00
   3.3013E+00   2.1542E-01  -8.4050E-01   3.5800E+00  -5.2791E+00   1.0941E+00
  -1.7141E+00  -7.8909E-01  -6.3123E-01   6.7043E+00  -7.2164E+00  -3.7261E+00
   2.8629E+00   4.8979E+00  -4.9555E+00   2.3172E+00  -2.9082E+00   1.8315E-01
  -8.9702E-01   4.8906E+00  -4.9717E+00  -3.7335E+00   2.8501E+00   1.9528E+00
  -2.7894E+00  -7.3865E+00   5.8767E+00  -2.2347E+00   1.5727E+00  -7.0625E+00
   6.1396E+00   1.0616E+00  -1.7658E+00  -7.0659E+00   6.1260E+00   2.4378E+00
  -2.5530E+00   2.4311E+00  -2.5660E+00  -2.3932E+00   2.0144E+00   1.9465E+00
  -2.8069E+00  -2.4464E+00   1.4939E+00  -2.4423E+00   1.5058E+00   5.9334E+00
  -5.9972E+00  -2.3957E+00   2.0106E+00   5.9394E+00  -5.9856E+00   2.3020E+00
  -2.9442E+00   1.1783E+00  -1.5689E+00  -4.8737E+00   4.3954E+00  -9.7147E+00
   8.9546E+00  -3.8898E-02  -1.7524E-01   7.2507E+00  -6.8554E+00  -2.1778E+00
   1.6862E+00  -2.2489E+00   1.5336E+00  -9.7134E+00   8.9547E+00   2.5889E+00
  -2.7231E+00   2.5848E+00  -2.7338E+00   2.4814E+00  -2.4477E+00   1.1769E+00
  -1.5732E+00   2.4822E+00  -2.4462E+00  -6.3996E-03  -7.4580E-02   7.2481E+00
  -6.8595E+00  -4.8509E+00   4.4775E+00  -8.0653E-02   7.6895E-02  -8.2250E-01
  -6.8820E-01  -4.8745E+00   4.3941E+00  -3.4371E-02  -1.6391E-01   4.7657E+00
  -4.4792E+00   4.7624E+00  -4.4836E+00  -2.1796E+00   1.6834E+00  -8.1420E-02
   7.3167E-02   9.5498E+00  -8.8061E+00   4.7758E+00  -4.4027E+00  -1.3049E-03
  -1.7144E-03  -4.8517E+00   4.4826E+00   4.7743E+00  -4.4040E+00   9.5492E+00
  -8.8076E+00  -8.2566E-03  -7.6217E-02   6.6746E+00  -7.2617E+00   6.6757E+00
  -7.2614E+00   6.6754E+00  -7.2619E+00   9.2458E-01   8.0513E-01   9.2403E-01
   7.5329E-01   1.0351E+00   7.3402E-01   7.5889E-01  -7.6457E-02  -2.0951E-01
  -2.2646E-01  -1.7101E-01  -1.2635E-01  -8.7251E-02  -1.7042E-01  -1.7040E-01
  -1.1812E-01  -1.5048E-01  -8.2639E-02  -7.9744E-02  -3.2117E-02   3.7176E-02
   3.3659E-02   3.1459E-02  -2.9310E-02  -2.2786E-03  -2.3640E-02  -3.6157E-02
   2.1981E-02   2.6720E-02   4.0223E-02   8.4635E-02   4.0170E-02   1.4918E-02
   3.1961E-02  -2.5589E-02  -2.9288E-02  -3.6965E-02  -4.6456E-02  -2.5577E-02
   6.5760E-02  -1.9790E-02  -2.9004E-02  -6.9744E-03   7.8758E-04   7.0460E-03
  -1.2543E-02   8.0522E-03   3.2785E-02   2.6269E-02   5.1696E-03   7.3354E-03
  -1.8167E-02  -1.6294E-02   8.8861E-03  -5.8224E-03  -1.5745E-02  -4.2896E-03
   4.6768E-04   2.7040E-02  -2.0389E-02  -2.7728E-02  -5.9887E-03   1.3691E-02
  -8.1595E-03   2.7795E-02   5.0831E-04  -7.8530E-03   6.6462E-03  -1.2420E-02
  -6.1457E-03  -1.3354E-02   2.5197E-02   1.9495E-03  -3.6368E-03  -9.3421E-03
   2.8403E-03   8.9811E-03   7.4602E-03  -4.5016E-03  -1.2063E-02  -1.6763E-03
   1.7196E-03  -2.4249E-02  -5.5285E-03  -3.5821E-03   1.1388E-03  -2.6550E-03
  -1.1501E-02  -9.4679E-04   1.9687E-03  -8.3449E-03   8.8119E-03   3.9664E-03
   5.9607E-03   4.9617E-03   3.8033E-03  -1.5625E-02  -1.5521E-02  -1.6771E-02
   1.0306E-03   2.1462E-01  -3.9980E-02  -3.8273E-02   7.8436E-02   3.1914E-03
   5.9508E-02   7.7501E-03  -1.1555E-02   4.6482E-02  -2.0608E-02  -6.0103E-02
  -5.9976E-02  -7.0622E-02   8.6379E-02   8.7150E-02   4.6197E-02  -2.5002E-02
   7.4701E-03  -4.8250E-02  -4.7681E-02   2.1994E-02   2.7141E-02   2.8171E-02
  -5.9915E-03   2.9723E-02   3.8881E-02   2.3954E-02  -1.5238E-02  -1.7572E-02
  -2.5444E-02  -3.2589E-02  -2.0287E-02   5.1831E-02  -1.5469E-02  -2.6335E-02
  -4.0803E-03  -1.3993E-02  -1.6593E-02  -5.8684E-03  -1.9776E-02   4.4222E-02
   3.2797E-02  -1.0808E-02  -3.3988E-02  -1.2840E-02  -1.4846E-02  -1.3392E-02
  -1.7735E-02  -1.0374E-02  -1.4716E-02  -8.6380E-03   2.0435E-02  -1.4341E-02
  -2.2166E-02  -1.1056E-02   1.4769E-02  -6.0649E-03   1.2363E-02  -7.8590E-03
  -9.3561E-03   1.1949E-02  -1.2012E-02  -2.5194E-03  -1.1106E-02   3.2667E-02
  -7.2652E-03   1.0751E-03  -2.8173E-03   1.2693E-02   1.2653E-02  -1.6136E-03
  -5.0509E-03  -7.2942E-03   1.7694E-03   1.1961E-03  -3.1811E-02  -5.9175E-03
  -4.9208E-03   1.4326E-03  -6.5451E-03  -7.8519E-03  -1.8348E-03   3.0558E-03
  -5.7825E-03   7.4580E-03  -2.8749E-03  -2.8998E-04   8.8178E-04  -3.5750E-04
   2.1176E-02   2.1365E-02   2.0707E-02  -2.0137E-03  -5.2903E-02  -2.0385E-01
  -2.1533E-01  -1.6050E-01  -1.5042E-01  -6.8352E-02  -1.4625E-01  -1.5344E-01
  -1.6011E-01  -1.4122E-01  -7.3322E-02  -7.4846E-02  -2.5486E-02  -1.6350E-02
  -2.4269E-02  -7.1519E-03  -1.6036E-02  -1.3852E-02   1.7887E-03  -4.4342E-03
   9.4026E-03   9.2129E-03   3.0996E-02   8.7218E-02   6.2589E-02   3.3402E-02
   2.6856E-02  -2.9038E-02  -2.5062E-02  -3.4203E-02  -4.0278E-02  -1.7921E-02
   1.4223E-02  -1.1669E-02  -1.9773E-02  -8.6492E-04   2.9418E-03   6.8941E-03
  -1.9193E-02   1.6891E-02   2.3036E-02   2.6682E-02   5.8972E-03   1.4945E-02
  -1.9322E-02  -1.4819E-02   1.1997E-02  -2.8000E-03  -1.3971E-02  -3.3832E-03
  -5.5770E-04   2.2930E-02  -1.4129E-02  -2.0716E-02  -2.7644E-03   1.2986E-02
  -7.0670E-03   3.3190E-02   1.2781E-03  -7.5387E-03   3.4224E-03  -1.0607E-02
  -3.8830E-03  -7.7250E-03   2.5711E-02   4.7629E-04  -6.6140E-03  -1.2139E-02
  -3.0321E-03   6.5121E-03   4.0553E-03  -4.0777E-03  -6.9110E-03   2.9837E-04
  -1.3435E-03  -2.0374E-02  -4.9451E-03  -1.6215E-03   1.7011E-03   1.9256E-03
  -5.6156E-03  -2.6863E-03  -7.5312E-03   2.5317E-04   4.8572E-03   8.5747E-03
   9.8520E-03   6.2516E-03   2.4448E-03  -2.4875E-02  -2.4626E-02  -2.5125E-02
  -6.9480E-03   1.2782E-01  -5.6436E-02  -4.9474E-02   2.2907E-02  -1.9116E-02
   1.7172E-03  -5.2510E-02  -6.4357E-02   1.3767E-02  -5.8174E-02  -5.8367E-02
  -5.7876E-02  -8.6423E-02   5.6637E-02   5.4449E-02   2.0631E-02  -1.5262E-02
   2.3453E-03  -3.1838E-02  -2.5106E-02   1.2207E-02   1.3755E-02   2.0383E-02
  -8.8722E-03   5.3486E-02   6.2287E-02   1.8182E-02  -1.5930E-02  -1.3769E-02
  -2.1000E-02  -2.3884E-02  -1.5184E-02   1.8485E-02  -1.0873E-02  -1.8604E-02
   8.2968E-04  -1.2907E-02  -1.7634E-02  -9.7459E-03  -1.3154E-02   3.5464E-02
   3.4409E-02  -1.0036E-02  -3.5735E-02  -1.3247E-02  -1.3043E-02  -1.1765E-02
  -1.6587E-02  -9.2398E-03  -1.3859E-02  -1.0525E-02   1.2840E-02  -7.6092E-03
  -1.5575E-02  -8.1912E-03   1.4244E-02  -4.3447E-03   1.4574E-02  -6.3169E-03
  -1.0490E-02   1.1919E-02  -1.3851E-02  -6.2560E-04  -6.4761E-03   3.6909E-02
  -1.1423E-02  -3.3192E-04  -3.7728E-03   6.8280E-03   9.7370E-03  -3.0534E-03
  -5.4158E-03  -2.7249E-03   4.8439E-03  -1.0959E-03  -2.8543E-02  -4.3683E-03
  -5.6059E-03   8.6751E-04  -3.0085E-03  -1.8677E-03  -4.7621E-03  -8.5962E-03
   1.4414E-03   1.0838E-03   1.1830E-03   3.1869E-03   2.0498E-03  -1.1552E-03
   1.8244E-02   1.9047E-02   1.8094E-02  -6.6660E-03
  > Energy =  -9.939100748804E+02 +/-   1.974556850332E-04
  > varE =   3.912598794332E-03

VMC #5:
* Size of Hilbert space =   1.0817E+14
* Number of equil. steps   = 1000
* Running VMC equilibration.
  Done. [total walltime: 0.37s]
* Equil. acc.ratio (%)     =  11.8966
* Sample config after equilibration:
  +-------------------------+
  |  u   2   d   2   u   0  |
  |2   0   0   0   d   d   2|
  |0   2   2   2   d   2   u|
  |  d   0   u   u   0   0  |
  +-------------------------+
* Number of accum. steps   = 501760 x 10
* Running VMC accumulation.
    [walltime: 1m elapsed, 1.64s remaining]
  Done. [total walltime: 1m1s]
* Acceptance ratio (%)     =  11.8847
* Etot/t                   =  -9.939098590751E+02 +/-   8.857210316950E-05
  > Ttot/t                 =  -9.591572270333E+01 +/-   1.014325326358E-03
  > Utot/t                 =   4.231401807917E+01 +/-   1.007958357335E-03
* var[Eloc/t]              =   3.984366092079E-03 +/-   3.948041617203E-05
* Correlation length       =   9.879403322122E-01
* log10 Psi^2 range: -133.21746063614927 -- -120.95967178469381
* log10 Pgen range : -133.21746063614927 -- -120.95967178469381
* Site occupation (ave. no. electrons per config.):
  > Site_  ___eu____  ___ed____
      1        0.500      0.494
      2        0.497      0.497
      3        0.496      0.497
      4        0.497      0.497
      5        0.502      0.506
      6        0.503      0.501
      7        0.500      0.503
      8        0.499      0.500
      9        0.499      0.496
     10        0.501      0.499
     11        0.499      0.500
     12        0.503      0.502
     13        0.503      0.503
     14        0.503      0.504
     15        0.502      0.502
     16        0.498      0.498
     17        0.499      0.500
     18        0.498      0.503
     19        0.497      0.498
     20        0.502      0.504
     21        0.504      0.503
     22        0.503      0.500
     23        0.499      0.498
     24        0.495      0.499
     25        0.500      0.495
     26        0.499      0.501
* Pair-correlation analysis (ave. no. pairs per config.):
  > Shell  nsite  ___dh____  __eueu___  __eued___
      0      1        0          0          4.520
      1      0        0.927      0.499      2.591
      2      0        0.137      0.356      0.528
      3      0        0.265      0.723      1.063
      4      0        0.229      0.768      1.060
      5      0        0.254      0.739      1.050
      6      0        0.761      0.847      2.427
      7      0        0.674      1.055      2.341
      8      0        0.607      1.219      2.251
      9      0        0.450      1.550      2.091
     10      0        0.532      1.385      2.180
     11      0        0.139      0.820      1.161
     12      0        0.138      0.834      1.137
     13      0        0.140      0.858      1.087
     14      0        0.225      2.117      1.916
     15      0        0.113      1.062      0.957
     16      0        0.227      2.086      1.912
     17      0        0.267      1.901      2.052
     18      0        0.241      2.046      1.938
     19      0        0.299      1.874      2.052
     20      0        0.309      1.867      2.054
     21      0        0.244      2.096      1.922
     22      0        0.247      2.118      1.902
     23      0        0.244      2.132      1.896
     24      0        0.240      2.100      1.912
     25      0        0.277      2.082      1.905
     26      0        0.268      2.083      1.906
     27      0        0.238      2.124      1.888
     28      0        0.217      1.958      2.056
     29      0        0.243      2.062      1.943
     30      0        0.218      1.947      2.098
     31      0        0.107      0.971      1.058
     32      0        0.245      2.062      1.955
     33      0        0.213      2.133      1.898
     34      0        0.249      2.036      1.961
     35      0        0.223      2.068      1.955
     36      0        0.249      2.014      1.966
     37      0        0.287      1.932      2.010
     38      0        0.144      0.968      1.011
     39      0        0.217      1.990      2.033
     40      0        0.259      1.908      2.085
     41      0        0.141      1.011      0.976
     42      0        0.280      2.007      1.948
     43      0        0.257      1.955      2.032
     44      0        0.260      1.870      2.104
     45      0        0.218      1.994      2.048
     46      0        0.242      2.026      1.981
     47      0        0.260      1.930      2.048
     48      0        0.245      1.970      2.031
     49      0        0.246      2.021      1.986
     50      0        0.250      1.976      2.024
     51      0        0.280      1.960      1.997
     52      0        0.249      2.031      1.969
     53      0        0.224      1.971      2.058
     54      0        0.222      2.045      1.987
     55      0        0.252      1.972      1.998
     56      0        0.276      1.998      1.966
     57      0        0.250      1.998      1.973
     58      0        0.221      2.034      1.981
     59      0        0.255      1.972      2.011
     60      0        0.243      2.005      1.990
     61      0        0.136      0.991      0.987
     62      0        0.109      1.017      1.002
     63      0        0.245      1.996      1.989
     64      0        0.220      2.030      2.008
     65      0        0.219      2.052      1.989
     66      0        0.137      0.984      0.991
     67      0        0.219      2.001      2.018
     68      0        0.218      2.021      2.000
     69      0        0.252      2.006      1.986
     70      0        0.256      2.007      1.975
     71      0        0.253      1.987      2.004
     72      0        0.222      2.017      2.008
     73      0        0.249      1.983      1.995
     74      0        0.247      1.992      1.991
     75      0        0.244      1.984      1.988
     76      0        0.248      1.838      2.142
     77      0        0.243      1.988      2.007
     78      0        0.108      1.004      1.014
     79      0        0.219      2.005      2.008
     80      0        0.219      2.005      2.003
     81      0        0.223      2.000      2.033
     82      0        0.240      1.990      1.986
     83      0        0.110      0.998      0.995
     84      0        0.221      2.003      2.002
     85      0        0.113      1.007      1.001
     86      0        0.248      1.992      1.993
     87      0        0.222      1.998      2.006
     88      0        0.110      0.998      0.995
     89      0        0.218      2.009      2.020
     90      0        0.127      0.977      1.008
     91      0        0.062      0.489      0.504
     92      0        0.063      0.489      0.506
     93      0        0.113      1.002      1.006

Optimization #5:
* Method          : lls
* Target function : energy
* No. of configs. : 100352
* No. of params.  : 736
* Before optimization:
  -2.1214E+01  -2.0928E+01  -2.1186E+01  -2.0901E+01  -2.1329E+01  -2.0884E+01
  -2.0621E+01   2.1253E+00   1.9935E+00   1.0907E+00   1.0566E+00   2.3891E+00
   2.6295E+00   2.2252E+00   2.2335E+00   1.4614E+00   1.4363E+00   1.4839E+00
   1.4552E+00   2.1118E+00   2.1098E+00   1.4517E+00   1.4112E+00   1.4158E+00
   1.4072E+00   1.1794E+00   1.3885E+00   1.3862E+00   1.3982E+00   1.3005E+00
   1.2931E+00   2.1531E+00   2.1524E+00   1.7829E+00   1.7825E+00   1.4097E+00
   1.4123E+00   6.5121E-01   6.4943E-01   1.0995E+00   1.0993E+00   1.1313E+00
   1.1308E+00   1.1197E+00   1.1199E+00   2.2891E+00   2.2834E+00   7.9099E-01
   7.8686E-01   1.5371E+00   1.5489E+00   1.9081E+00   1.9065E+00   1.0613E+00
   1.0612E+00   1.4276E+00   1.4291E+00   1.1409E+00   1.1410E+00   1.1461E+00
   6.2694E-01   6.2670E-01   1.7244E+00   1.7067E+00   6.2042E-01   6.1958E-01
   1.4221E+00   1.4227E+00   5.1342E-01   5.1039E-01   8.6162E-01   8.6131E-01
   5.8648E-02   5.9197E-01   5.9151E-01   7.0542E-01   7.0468E-01   8.4683E-02
   8.8734E-01   8.8484E-01   8.3772E-01   8.3592E-01   1.5025E+00   1.5043E+00
   6.6174E-01   6.6168E-01   9.2396E-01   9.2412E-01   6.9937E-01   6.9657E-01
   9.4009E-01   9.4056E-01   1.1539E-01   1.1500E-01   1.3404E-01   1.3300E-01
   3.7900E-01   3.7892E-01   8.6333E-01   8.6011E-01   9.5288E-01   9.5162E-01
   9.3679E-01   9.3510E-01   6.4229E-02   6.2267E-02   3.8497E-01   3.8540E-01
   4.6444E-02   4.4538E-02   6.4425E-01   6.4183E-01   3.9128E-01   3.9022E-01
   4.7576E-01   4.7602E-01   7.5970E-01   2.1476E-01  -3.9548E-01  -3.9646E-01
   4.9175E-01   4.9080E-01   7.1704E-01   7.1634E-01   7.5672E-01   1.3501E-01
   1.3409E-01   1.4962E-01   1.4872E-01  -3.2794E-02  -3.3357E-02   3.9757E-01
   3.9500E-01  -3.5111E-02  -3.5921E-02   8.0109E-02   8.1151E-02  -3.8920E-01
  -3.8963E-01   3.7388E-01   3.7323E-01   2.9738E-03   1.9863E-03   1.5002E+00
   1.5036E+00   4.8175E-01   4.8218E-01   1.9905E-01  -2.8562E-01  -2.8645E-01
  -2.7805E-01  -2.7904E-01   4.9606E-01   4.9517E-01   6.7068E-03   6.3579E-03
  -7.4474E-01  -3.7313E-01  -3.7291E-01   2.1715E-03   3.7155E-01   3.7120E-01
  -3.7080E-01  -3.7049E-01  -7.4147E-01   8.3483E-02   8.4569E-02   5.8793E-01
   5.8279E-01   5.8676E-01   5.8263E-01   5.8785E-01   5.8240E-01   3.3886E+00
  -5.6084E+00   2.2157E+00  -3.3109E+00   4.3186E+00  -5.3787E+00  -1.4011E+00
  -1.0238E+00  -1.0797E+01   8.1576E+00  -5.8852E+00   3.5271E+00  -2.5005E-01
  -1.3053E+00  -1.3099E+00  -2.4939E-01  -1.2834E+00  -8.4808E-01   1.6728E+00
  -3.1666E+00  -4.6121E+00   3.2006E+00  -7.5298E-01  -6.5708E-01   8.4343E+00
  -9.6129E+00  -2.6088E+00   1.2334E+00  -4.5369E+00   3.1516E+00   3.8852E+00
  -5.1716E+00  -5.8981E+00   3.7383E+00  -1.1208E+00  -6.6128E-01  -3.0010E+00
   1.5871E+00   3.5122E+00  -4.1662E+00   1.8566E+00  -2.9522E+00  -1.1236E+00
  -3.9442E-03  -7.0951E-02  -1.0444E+00  -5.9269E+00   3.6686E+00   3.4844E+00
  -4.2407E+00  -3.0312E+00   1.5193E+00  -5.6999E+00   3.7990E+00   3.9715E+00
  -5.0351E+00  -7.3568E+00   5.9302E+00  -2.5238E+00   1.3797E+00  -4.4517E+00
   3.3013E+00   2.1542E-01  -8.4050E-01   3.5800E+00  -5.2791E+00   1.0941E+00
  -1.7141E+00  -7.8909E-01  -6.3123E-01   6.7043E+00  -7.2164E+00  -3.7261E+00
   2.8629E+00   4.8979E+00  -4.9555E+00   2.3172E+00  -2.9082E+00   1.8315E-01
  -8.9702E-01   4.8906E+00  -4.9717E+00  -3.7335E+00   2.8501E+00   1.9528E+00
  -2.7894E+00  -7.3865E+00   5.8767E+00  -2.2347E+00   1.5727E+00  -7.0625E+00
   6.1396E+00   1.0616E+00  -1.7658E+00  -7.0659E+00   6.1260E+00   2.4378E+00
  -2.5530E+00   2.4311E+00  -2.5660E+00  -2.3932E+00   2.0144E+00   1.9465E+00
  -2.8069E+00  -2.4464E+00   1.4939E+00  -2.4423E+00   1.5058E+00   5.9334E+00
  -5.9972E+00  -2.3957E+00   2.0106E+00   5.9394E+00  -5.9856E+00   2.3020E+00
  -2.9442E+00   1.1783E+00  -1.5689E+00  -4.8737E+00   4.3954E+00  -9.7147E+00
   8.9546E+00  -3.8898E-02  -1.7524E-01   7.2507E+00  -6.8554E+00  -2.1778E+00
   1.6862E+00  -2.2489E+00   1.5336E+00  -9.7134E+00   8.9547E+00   2.5889E+00
  -2.7231E+00   2.5848E+00  -2.7338E+00   2.4814E+00  -2.4477E+00   1.1769E+00
  -1.5732E+00   2.4822E+00  -2.4462E+00  -6.3996E-03  -7.4580E-02   7.2481E+00
  -6.8595E+00  -4.8509E+00   4.4775E+00  -8.0653E-02   7.6895E-02  -8.2250E-01
  -6.8820E-01  -4.8745E+00   4.3941E+00  -3.4371E-02  -1.6391E-01   4.7657E+00
  -4.4792E+00   4.7624E+00  -4.4836E+00  -2.1796E+00   1.6834E+00  -8.1420E-02
   7.3167E-02   9.5498E+00  -8.8061E+00   4.7758E+00  -4.4027E+00  -1.3049E-03
  -1.7144E-03  -4.8517E+00   4.4826E+00   4.7743E+00  -4.4040E+00   9.5492E+00
  -8.8076E+00  -8.2566E-03  -7.6217E-02   6.6746E+00  -7.2617E+00   6.6757E+00
  -7.2614E+00   6.6754E+00  -7.2619E+00   9.2458E-01   8.0513E-01   9.2403E-01
   7.5329E-01   1.0351E+00   7.3402E-01   7.5889E-01  -7.6457E-02  -2.0951E-01
  -2.2646E-01  -1.7101E-01  -1.2635E-01  -8.7251E-02  -1.7042E-01  -1.7040E-01
  -1.1812E-01  -1.5048E-01  -8.2639E-02  -7.9744E-02  -3.2117E-02   3.7176E-02
   3.3659E-02   3.1459E-02  -2.9310E-02  -2.2786E-03  -2.3640E-02  -3.6157E-02
   2.1981E-02   2.6720E-02   4.0223E-02   8.4635E-02   4.0170E-02   1.4918E-02
   3.1961E-02  -2.5589E-02  -2.9288E-02  -3.6965E-02  -4.6456E-02  -2.5577E-02
   6.5760E-02  -1.9790E-02  -2.9004E-02  -6.9744E-03   7.8758E-04   7.0460E-03
  -1.2543E-02   8.0522E-03   3.2785E-02   2.6269E-02   5.1696E-03   7.3354E-03
  -1.8167E-02  -1.6294E-02   8.8861E-03  -5.8224E-03  -1.5745E-02  -4.2896E-03
   4.6768E-04   2.7040E-02  -2.0389E-02  -2.7728E-02  -5.9887E-03   1.3691E-02
  -8.1595E-03   2.7795E-02   5.0831E-04  -7.8530E-03   6.6462E-03  -1.2420E-02
  -6.1457E-03  -1.3354E-02   2.5197E-02   1.9495E-03  -3.6368E-03  -9.3421E-03
   2.8403E-03   8.9811E-03   7.4602E-03  -4.5016E-03  -1.2063E-02  -1.6763E-03
   1.7196E-03  -2.4249E-02  -5.5285E-03  -3.5821E-03   1.1388E-03  -2.6550E-03
  -1.1501E-02  -9.4679E-04   1.9687E-03  -8.3449E-03   8.8119E-03   3.9664E-03
   5.9607E-03   4.9617E-03   3.8033E-03  -1.5625E-02  -1.5521E-02  -1.6771E-02
   1.0306E-03   2.1462E-01  -3.9980E-02  -3.8273E-02   7.8436E-02   3.1914E-03
   5.9508E-02   7.7501E-03  -1.1555E-02   4.6482E-02  -2.0608E-02  -6.0103E-02
  -5.9976E-02  -7.0622E-02   8.6379E-02   8.7150E-02   4.6197E-02  -2.5002E-02
   7.4701E-03  -4.8250E-02  -4.7681E-02   2.1994E-02   2.7141E-02   2.8171E-02
  -5.9915E-03   2.9723E-02   3.8881E-02   2.3954E-02  -1.5238E-02  -1.7572E-02
  -2.5444E-02  -3.2589E-02  -2.0287E-02   5.1831E-02  -1.5469E-02  -2.6335E-02
  -4.0803E-03  -1.3993E-02  -1.6593E-02  -5.8684E-03  -1.9776E-02   4.4222E-02
   3.2797E-02  -1.0808E-02  -3.3988E-02  -1.2840E-02  -1.4846E-02  -1.3392E-02
  -1.7735E-02  -1.0374E-02  -1.4716E-02  -8.6380E-03   2.0435E-02  -1.4341E-02
  -2.2166E-02  -1.1056E-02   1.4769E-02  -6.0649E-03   1.2363E-02  -7.8590E-03
  -9.3561E-03   1.1949E-02  -1.2012E-02  -2.5194E-03  -1.1106E-02   3.2667E-02
  -7.2652E-03   1.0751E-03  -2.8173E-03   1.2693E-02   1.2653E-02  -1.6136E-03
  -5.0509E-03  -7.2942E-03   1.7694E-03   1.1961E-03  -3.1811E-02  -5.9175E-03
  -4.9208E-03   1.4326E-03  -6.5451E-03  -7.8519E-03  -1.8348E-03   3.0558E-03
  -5.7825E-03   7.4580E-03  -2.8749E-03  -2.8998E-04   8.8178E-04  -3.5750E-04
   2.1176E-02   2.1365E-02   2.0707E-02  -2.0137E-03  -5.2903E-02  -2.0385E-01
  -2.1533E-01  -1.6050E-01  -1.5042E-01  -6.8352E-02  -1.4625E-01  -1.5344E-01
  -1.6011E-01  -1.4122E-01  -7.3322E-02  -7.4846E-02  -2.5486E-02  -1.6350E-02
  -2.4269E-02  -7.1519E-03  -1.6036E-02  -1.3852E-02   1.7887E-03  -4.4342E-03
   9.4026E-03   9.2129E-03   3.0996E-02   8.7218E-02   6.2589E-02   3.3402E-02
   2.6856E-02  -2.9038E-02  -2.5062E-02  -3.4203E-02  -4.0278E-02  -1.7921E-02
   1.4223E-02  -1.1669E-02  -1.9773E-02  -8.6492E-04   2.9418E-03   6.8941E-03
  -1.9193E-02   1.6891E-02   2.3036E-02   2.6682E-02   5.8972E-03   1.4945E-02
  -1.9322E-02  -1.4819E-02   1.1997E-02  -2.8000E-03  -1.3971E-02  -3.3832E-03
  -5.5770E-04   2.2930E-02  -1.4129E-02  -2.0716E-02  -2.7644E-03   1.2986E-02
  -7.0670E-03   3.3190E-02   1.2781E-03  -7.5387E-03   3.4224E-03  -1.0607E-02
  -3.8830E-03  -7.7250E-03   2.5711E-02   4.7629E-04  -6.6140E-03  -1.2139E-02
  -3.0321E-03   6.5121E-03   4.0553E-03  -4.0777E-03  -6.9110E-03   2.9837E-04
  -1.3435E-03  -2.0374E-02  -4.9451E-03  -1.6215E-03   1.7011E-03   1.9256E-03
  -5.6156E-03  -2.6863E-03  -7.5312E-03   2.5317E-04   4.8572E-03   8.5747E-03
   9.8520E-03   6.2516E-03   2.4448E-03  -2.4875E-02  -2.4626E-02  -2.5125E-02
  -6.9480E-03   1.2782E-01  -5.6436E-02  -4.9474E-02   2.2907E-02  -1.9116E-02
   1.7172E-03  -5.2510E-02  -6.4357E-02   1.3767E-02  -5.8174E-02  -5.8367E-02
  -5.7876E-02  -8.6423E-02   5.6637E-02   5.4449E-02   2.0631E-02  -1.5262E-02
   2.3453E-03  -3.1838E-02  -2.5106E-02   1.2207E-02   1.3755E-02   2.0383E-02
  -8.8722E-03   5.3486E-02   6.2287E-02   1.8182E-02  -1.5930E-02  -1.3769E-02
  -2.1000E-02  -2.3884E-02  -1.5184E-02   1.8485E-02  -1.0873E-02  -1.8604E-02
   8.2968E-04  -1.2907E-02  -1.7634E-02  -9.7459E-03  -1.3154E-02   3.5464E-02
   3.4409E-02  -1.0036E-02  -3.5735E-02  -1.3247E-02  -1.3043E-02  -1.1765E-02
  -1.6587E-02  -9.2398E-03  -1.3859E-02  -1.0525E-02   1.2840E-02  -7.6092E-03
  -1.5575E-02  -8.1912E-03   1.4244E-02  -4.3447E-03   1.4574E-02  -6.3169E-03
  -1.0490E-02   1.1919E-02  -1.3851E-02  -6.2560E-04  -6.4761E-03   3.6909E-02
  -1.1423E-02  -3.3192E-04  -3.7728E-03   6.8280E-03   9.7370E-03  -3.0534E-03
  -5.4158E-03  -2.7249E-03   4.8439E-03  -1.0959E-03  -2.8543E-02  -4.3683E-03
  -5.6059E-03   8.6751E-04  -3.0085E-03  -1.8677E-03  -4.7621E-03  -8.5962E-03
   1.4414E-03   1.0838E-03   1.1830E-03   3.1869E-03   2.0498E-03  -1.1552E-03
   1.8244E-02   1.9047E-02   1.8094E-02  -6.6660E-03
  > E    =  -9.939100237988E+02 +/-   1.975089842203E-04
  > varE =   3.914711333970E-03
* Computing derivatives.
    [walltime: 2m56s elapsed, 2h20m remaining]
    [walltime: 1h2m elapsed, 1h16m remaining]
srun: Job step aborted: Waiting up to 32 seconds for job step to finish.
slurmstepd: error: *** JOB 880777 ON alnode241 CANCELLED AT 2026-01-16T12:22:43 DUE TO TIME LIMIT ***
slurmstepd: error: *** STEP 880777.0 ON alnode241 CANCELLED AT 2026-01-16T12:22:43 DUE TO TIME LIMIT ***
