Run started: Mon Jan  5 11:30:13 CET 2026
Using VDAGGER_ARCH = intel24_viper_cluster
Running 1x128 MPI processes.

                               xx
                              +##
                               #X
                               Xx
                          X##XxXxxX##x
                           +   Xx  ++
                               ##
                              +##
                              +##
     ++++         ++          +##
   xX+++##+      ####         +##
  Xx    ###      +X##          ##
 xX    X##+        ##          #X
 +    x##X         #x          #X
      ###         +#           x+
     X##+         #+
     ###         Xx                    _______
     ##X       +X+   __________________VDAGGER
     +##x    +xX     2nd quantized variational
       +xxxxx+       ______quantum Monte Carlo

* Running 32768 MPI processes.
* Input file: "input.casl"

############# Start of input file dump #############
############## End of input file dump ##############

General setup:
* Random seed: 182306307 (from timer)

* Loaded integrals for system with nelec=26, ms2=0, norb=26
* INFO: setting number of electrons from integrals file.
* Analysis of Hamiltonian connecitivity performed:
  - T_ii (local, 1-site): 26 (i) values
  - U_iiii [opp] (local, 1-site): 26 (i) values
  - U_kkii [opp] (local, 2-site): 650 contribs. from 26 (i) values
  - U_kkii [par] (local, 2-site): 325 contribs. from 25 (i) values
  - T_ji (single, 2-site): 650 contribs. from 26 (i) values
  - U_kkji [opp] (single, 2/3-site): 16256 contribs. from 650 (i,j) pairs
  - U_kkji [par] (single, 3-site): 15630 contribs. from 650 (i,j) pairs
  - U_lkji [opp] (double, 2/3/4-site): 62764 contribs. from 650 (i,j) pairs
  - U_lkji [par] (double, 4-site): 22996 contribs. from 600 (i,j) pairs
  - Max. no. wfn. ratios in Eloc: 16925
* Reading override orbitals from file "LTSC.mat".
* Site labels:
  +--------------------------------------+
  |    8     7     5    14    12    10   |
  |26     9    23     1     4    24    18|
  |22     2    16     3    11    25     6|
  |   17    15    13    21    20    19   |
  +--------------------------------------+
* Automatically set Site kinds:
  [ 1, 2, 1, 3, 4, 5, 6, 7, 2, 7, 3, 6, 4, 4, 6, 3, 7, 5, 7, 6, 4, 5, 3, 2, 2, 5 ]
  +-------------------------+
  |  7   6   4   4   6   7  |
  |5   2   3   1   3   2   5|
  |5   2   3   1   3   2   5|
  |  7   6   4   4   6   7  |
  +-------------------------+
* Maximum Site kind: 7
* Number of site-pair kinds with Tij=0: 0
* Automatically set Site pair kinds:
  Site 1: [ 0, 37, 2, 25, -8, 59, -47, 55, -42, -55, -20, -47, -22, -8, -34, -20, 57, -70, -57, 34, 22, 59, 25, 42, -37, 70 ]
  Site 2: [ 37, 0, 42, -51, 29, -74, 27, 18, -5, 75, 56, 60, 44, -46, 6, 26, 9, 86, 82, -77, 48, -24, -19, -66, 61, -17 ]
  Site 3: [ 2, 42, 0, 20, -22, 70, -34, 57, -37, -57, -25, -34, -8, -22, -47, -25, 55, -59, -55, 47, 8, 70, 20, 37, -42, 59 ]
  Site 4: [ 25, -51, 20, 0, -40, -43, 50, -73, 56, -90, -3, -10, -32, -7, 49, 38, -63, 52, 36, 21, 23, -71, -41, -26, 19, -69 ]
  Site 5: [ -8, 29, -22, -40, 0, -64, 14, -58, -44, 68, 32, -65, 11, 15, -30, 23, 39, 81, 67, -45, 31, 54, -7, -48, 46, 53 ]
  Site 6: [ 59, -74, 70, -43, -64, 0, 72, -84, 86, 33, 52, -35, -81, 54, 89, 69, -87, -4, 1, 76, -53, -85, -71, -17, 24, -93 ]
  Site 7: [ -47, 27, -34, 50, 14, 72, 0, 16, -6, -80, -49, -62, -30, -65, 12, 21, -28, -89, -79, 78, -45, -35, -10, 77, -60, -76 ]
  Site 8: [ 55, 18, 57, -73, -58, -84, 16, 0, -9, 88, 63, 80, 39, -68, -28, 36, 13, 87, 83, -79, 67, -33, 92, -82, 75, -1 ]
  Site 9: [ -42, -5, -37, 56, -44, 86, -6, -9, 0, -82, -51, -77, -29, 48, -27, -19, -18, -74, -75, 60, -46, 17, 26, 61, -66, 24 ]
  Site 10: [ -55, 75, -57, -90, 68, 33, -80, 88, -82, 0, -36, -16, 67, 58, -79, -63, 83, -1, 13, -28, 39, 84, 73, -9, 18, 87 ]
  Site 11: [ -20, 56, -25, -3, 32, 52, -49, 63, -51, -36, 0, 21, 40, 23, -50, -41, 73, -43, 90, -10, -7, 69, 38, 19, -26, 71 ]
  Site 12: [ -47, 60, -34, -10, -65, -35, -62, 80, -77, -16, 21, 0, 45, 14, -78, -49, 79, 76, 28, -12, 30, 72, 50, 6, -27, 89 ]
  Site 13: [ -22, 44, -8, -32, 11, -81, -30, 39, -29, 67, 40, 45, 0, -31, 14, 7, -58, 64, 68, 65, -15, 53, -23, -46, 48, 54 ]
  Site 14: [ -8, -46, -22, -7, 15, 54, -65, -68, 48, 58, 23, 14, -31, 0, 45, 32, -67, -53, -39, 30, -11, -64, -40, 44, -29, -81 ]
  Site 15: [ -34, 6, -47, 49, -30, 89, 12, -28, -27, -79, -50, -78, 14, 45, 0, 10, 16, -72, -80, 62, 65, -76, -21, 60, -77, -35 ]
  Site 16: [ -20, 26, -25, 38, 23, 69, 21, 36, -19, -63, -41, -49, 7, 32, 10, 0, -91, -71, -73, 50, -40, 52, -3, 51, -56, 43 ]
  Site 17: [ 57, 9, 55, -63, 39, -87, -28, 13, -18, 83, 73, 79, -58, -67, 16, -91, 0, 84, 88, -80, 68, -1, -36, -75, 82, -33 ]
  Site 18: [ -70, 86, -59, 52, 81, -4, -89, 87, -74, -1, -43, 76, 64, -53, -72, -71, 84, 0, -33, -35, 54, 93, 69, 24, -17, 85 ]
  Site 19: [ -57, 82, -55, 36, 67, 1, -79, 83, -75, 13, 90, 28, 68, -39, -80, -73, 88, -33, 0, 16, -58, 87, 63, -18, 9, 84 ]
  Site 20: [ 34, -77, 47, 21, -45, 76, 78, -79, 60, -28, -10, -12, 65, 30, 62, 50, -80, -35, 16, 0, 14, -89, -49, -27, 6, -72 ]
  Site 21: [ 22, 48, 8, 23, 31, -53, -45, 67, -46, 39, -7, 30, -15, -11, 65, -40, 68, 54, -58, 14, 0, 81, 32, -29, 44, 64 ]
  Site 22: [ 59, -24, 70, -71, 54, -85, -35, -33, 17, 84, 69, 72, 53, -64, -76, 52, -1, 93, 87, -89, 81, 0, -43, -86, 74, 4 ]
  Site 23: [ 25, -19, 20, -41, -7, -71, -10, 92, 26, 73, 38, 50, -23, -40, -21, -3, -36, 69, 63, -49, 32, -43, 0, -56, 51, -52 ]
  Site 24: [ 42, -66, 37, -26, -48, -17, 77, -82, 61, -9, 19, 6, -46, 44, 60, 51, -75, 24, -18, -27, -29, -86, -56, 0, -5, -74 ]
  Site 25: [ -37, 61, -42, 19, 46, 24, -60, 75, -66, 18, -26, -27, 48, -29, -77, -56, 82, -17, 9, 6, 44, 74, 51, -5, 0, 86 ]
  Site 26: [ 70, -17, 59, -69, 53, -93, -76, -1, 24, 87, 71, 89, 54, -81, -35, 43, -33, 85, 84, -72, 64, 4, -52, -74, 86, 0 ]
  For site 1 of kind 1:
  +---------------------------------------------------+
  |     55     -47      -8      -8     -47     -55    |
  | 70     -42      25       0      25      42     -70|
  | 59      37     -20       2     -20     -37      59|
  |     57     -34     -22      22      34     -57    |
  +---------------------------------------------------+
  For site 2 of kind 2:
  +---------------------------------------------------+
  |     18      27      29     -46      60      75    |
  |-17      -5     -19      37     -51     -66      86|
  |-24       0      26      42      56      61     -74|
  |      9       6      44      48     -77      82    |
  +---------------------------------------------------+
  For site 4 of kind 3:
  +---------------------------------------------------+
  |    -73      50     -40      -7     -10     -90    |
  |-69      56     -41      25       0     -26      52|
  |-71     -51      38      20      -3      19     -43|
  |    -63      49     -32      23      21      36    |
  +---------------------------------------------------+
  For site 5 of kind 4:
  +---------------------------------------------------+
  |    -58      14       0      15     -65      68    |
  | 53     -44      -7      -8     -40     -48      81|
  | 54      29      23     -22      32      46     -64|
  |     39     -30      11      31     -45      67    |
  +---------------------------------------------------+
  For site 6 of kind 5:
  +---------------------------------------------------+
  |    -84      72     -64      54     -35      33    |
  |-93      86     -71      59     -43     -17      -4|
  |-85     -74      69      70      52      24       0|
  |    -87      89     -81     -53      76       1    |
  +---------------------------------------------------+
  For site 7 of kind 6:
  +---------------------------------------------------+
  |     16       0      14     -65     -62     -80    |
  |-76      -6     -10     -47      50      77     -89|
  |-35      27      21     -34     -49     -60      72|
  |    -28      12     -30     -45      78     -79    |
  +---------------------------------------------------+
  For site 8 of kind 7:
  +---------------------------------------------------+
  |      0      16     -58     -68      80      88    |
  | -1      -9      92      55     -73     -82      87|
  |-33      18      36      57      63      75     -84|
  |     13     -28      39      67     -79      83    |
  +---------------------------------------------------+
* Maximum (unsigned) Site pair kind: 93
General system setup:
* Number of sites       : 26
* Number of electrons   : 26
* Spin imbalance MS2    : 0
* Filling               : 0.500000
* Number of orbitals in pool: 26
* Using real-valued orbitals
* Using double-precision arithmetic for orbitals

Trial wave function setup:
* Jastrow parameter file: "wfn.casl"
* Not using multideterminants
* Backflow parameter file: "wfn.casl"
* Not using wave function manipulation

VMC #1:
* Size of Hilbert space =   1.0817E+14
* Number of equil. steps   = 1000
* Running VMC equilibration.
  Done. [total walltime: 0.34s]
* Equil. acc.ratio (%)     =  12.2694
* Sample config after equilibration:
  +-------------------------+
  |  u   u   d   0   d   2  |
  |d   d   d   u   2   0   0|
  |2   2   0   d   2   2   u|
  |  0   u   u   u   0   d  |
  +-------------------------+
* Number of accum. steps   = 655360 x 10
* Running VMC accumulation.
  Done. [total walltime: 2.30s]
* Acceptance ratio (%)     =  12.2433
* Etot/t                   =  -9.939098096964E+02 +/-   8.475932863242E-05
  > Ttot/t                 =  -9.591391175689E+01 +/-   9.317743436150E-04
  > Utot/t                 =   4.231225651137E+01 +/-   9.215424942885E-04
* var[Eloc/t]              =   4.242616470016E-03 +/-   6.320945511009E-05
* Correlation length       =   1.109739828625E+00
* log10 Psi^2 range: -133.9272465484155 -- -120.7907038909161
* log10 Pgen range : -133.9272465484155 -- -120.7907038909161
* Site occupation (ave. no. electrons per config.):
  > Site_  ___eu____  ___ed____
      1        0.498      0.500
      2        0.496      0.500
      3        0.498      0.498
      4        0.499      0.498
      5        0.503      0.502
      6        0.503      0.503
      7        0.502      0.502
      8        0.500      0.499
      9        0.499      0.497
     10        0.499      0.499
     11        0.500      0.498
     12        0.501      0.505
     13        0.506      0.502
     14        0.500      0.503
     15        0.504      0.498
     16        0.496      0.498
     17        0.497      0.498
     18        0.501      0.504
     19        0.497      0.496
     20        0.504      0.503
     21        0.503      0.501
     22        0.502      0.503
     23        0.497      0.500
     24        0.498      0.496
     25        0.496      0.498
     26        0.500      0.502
* Pair-correlation analysis (ave. no. pairs per config.):
  > Shell  nsite  ___dh____  __eueu___  __eued___
      0      1        0          0          4.503
      1      0        0.921      0.500      2.596
      2      0        0.136      0.357      0.534
      3      0        0.266      0.723      1.059
      4      0        0.225      0.772      1.068
      5      0        0.252      0.736      1.055
      6      0        0.758      0.846      2.433
      7      0        0.671      1.053      2.339
      8      0        0.598      1.228      2.257
      9      0        0.446      1.546      2.090
     10      0        0.526      1.387      2.184
     11      0        0.140      0.814      1.156
     12      0        0.137      0.835      1.137
     13      0        0.137      0.856      1.083
     14      0        0.225      2.113      1.910
     15      0        0.111      1.058      0.955
     16      0        0.225      2.082      1.909
     17      0        0.264      1.903      2.063
     18      0        0.242      2.046      1.928
     19      0        0.296      1.875      2.052
     20      0        0.306      1.881      2.055
     21      0        0.242      2.090      1.927
     22      0        0.243      2.119      1.908
     23      0        0.241      2.128      1.896
     24      0        0.238      2.103      1.916
     25      0        0.277      2.082      1.913
     26      0        0.268      2.081      1.904
     27      0        0.236      2.135      1.882
     28      0        0.218      1.947      2.059
     29      0        0.240      2.059      1.939
     30      0        0.216      1.945      2.093
     31      0        0.107      0.970      1.052
     32      0        0.246      2.051      1.953
     33      0        0.215      2.130      1.894
     34      0        0.247      2.047      1.963
     35      0        0.222      2.078      1.954
     36      0        0.247      2.009      1.961
     37      0        0.283      1.935      2.024
     38      0        0.144      0.967      1.014
     39      0        0.216      1.984      2.021
     40      0        0.257      1.908      2.077
     41      0        0.140      1.011      0.975
     42      0        0.274      2.022      1.949
     43      0        0.254      1.960      2.034
     44      0        0.258      1.864      2.103
     45      0        0.217      1.986      2.052
     46      0        0.243      2.026      1.970
     47      0        0.255      1.934      2.059
     48      0        0.243      1.963      2.034
     49      0        0.247      2.023      1.982
     50      0        0.246      1.978      2.025
     51      0        0.277      1.962      2.000
     52      0        0.248      2.037      1.971
     53      0        0.224      1.969      2.057
     54      0        0.220      2.042      1.992
     55      0        0.250      1.970      2.004
     56      0        0.277      1.995      1.964
     57      0        0.251      2.000      1.974
     58      0        0.217      2.030      1.975
     59      0        0.253      1.984      2.022
     60      0        0.243      2.006      1.989
     61      0        0.134      0.997      0.982
     62      0        0.109      1.016      1.002
     63      0        0.247      1.990      1.981
     64      0        0.220      2.031      2.005
     65      0        0.219      2.050      1.983
     66      0        0.135      0.986      0.993
     67      0        0.217      1.994      2.011
     68      0        0.218      2.016      1.990
     69      0        0.250      2.014      1.988
     70      0        0.254      2.021      1.984
     71      0        0.252      1.989      2.010
     72      0        0.219      2.022      2.016
     73      0        0.249      1.975      1.992
     74      0        0.245      2.003      1.991
     75      0        0.244      1.983      1.978
     76      0        0.246      1.841      2.148
     77      0        0.242      1.985      2.012
     78      0        0.109      1.002      1.015
     79      0        0.217      2.003      2.003
     80      0        0.217      2.011      1.995
     81      0        0.221      1.999      2.036
     82      0        0.244      1.974      1.989
     83      0        0.109      0.992      0.995
     84      0        0.222      2.001      1.998
     85      0        0.111      1.008      1.009
     86      0        0.246      1.991      2.005
     87      0        0.221      2.002      2.001
     88      0        0.109      0.993      0.993
     89      0        0.219      2.010      2.026
     90      0        0.124      0.974      1.007
     91      0        0.064      0.485      0.501
     92      0        0.064      0.488      0.504
     93      0        0.111      1.010      1.008

Optimization #1:
* Method          : lls
* Target function : energy
* No. of configs. : 163840
* No. of params.  : 736
* Before optimization:
  -2.1305E+01  -2.1042E+01  -2.1284E+01  -2.1015E+01  -2.1445E+01  -2.1006E+01
  -2.0758E+01   2.1016E+00   1.9692E+00   1.1237E+00   1.0757E+00   2.3723E+00
   2.7230E+00   2.2904E+00   2.2983E+00   1.4570E+00   1.4323E+00   1.4890E+00
   1.4610E+00   2.1418E+00   2.1413E+00   1.4792E+00   1.4395E+00   1.3879E+00
   1.4437E+00   1.1392E+00   1.3914E+00   1.3886E+00   1.3733E+00   1.3019E+00
   1.2949E+00   2.1942E+00   2.1936E+00   1.8110E+00   1.8109E+00   1.4650E+00
   1.4684E+00   6.7519E-01   6.7317E-01   1.1267E+00   1.1269E+00   1.1332E+00
   1.1313E+00   1.1136E+00   1.1134E+00   2.3323E+00   2.3269E+00   8.1627E-01
   8.1089E-01   1.5938E+00   1.6047E+00   1.9731E+00   1.9704E+00   1.0617E+00
   1.0615E+00   1.4606E+00   1.4623E+00   1.1449E+00   1.1449E+00   1.1199E+00
   6.2442E-01   6.2394E-01   1.6958E+00   1.6784E+00   6.5324E-01   6.5183E-01
   1.4367E+00   1.4377E+00   5.0631E-01   5.0360E-01   9.2367E-01   9.2432E-01
   8.0220E-02   5.6268E-01   5.6145E-01   7.0371E-01   7.0374E-01   1.0678E-01
   9.5007E-01   9.4754E-01   8.4520E-01   8.4331E-01   1.5352E+00   1.5372E+00
   6.6717E-01   6.6739E-01   9.6072E-01   9.6162E-01   7.3206E-01   7.2922E-01
   9.7691E-01   9.7730E-01   1.4483E-01   1.4374E-01   1.6368E-01   1.6310E-01
   4.3949E-01   4.3998E-01   8.7146E-01   8.6821E-01   9.3727E-01   9.3645E-01
   9.2114E-01   9.1979E-01   6.4281E-02   6.3199E-02   4.4575E-01   4.4609E-01
   4.6434E-02   4.4897E-02   6.1550E-01   6.1301E-01   4.0547E-01   4.0348E-01
   5.4500E-01   5.4534E-01   8.6016E-01   2.5354E-01  -3.9524E-01  -3.9654E-01
   4.8195E-01   4.8085E-01   7.2398E-01   7.2302E-01   8.5746E-01   1.1163E-01
   1.1071E-01   1.2351E-01   1.2382E-01  -2.0310E-02  -2.1290E-02   4.1135E-01
   4.0903E-01  -2.1873E-02  -2.2945E-02   1.0005E-01   1.0197E-01  -3.9013E-01
  -3.9065E-01   4.2479E-01   4.2407E-01   4.1889E-02   4.0857E-02   1.5172E+00
   1.5197E+00   5.5138E-01   5.5145E-01   2.3668E-01  -2.7716E-01  -2.7809E-01
  -2.7084E-01  -2.7158E-01   4.8425E-01   4.8336E-01   4.4953E-02   4.3902E-02
  -7.6917E-01  -3.8547E-01  -3.8496E-01   1.6399E-03   4.2278E-01   4.2234E-01
  -3.8396E-01  -3.8364E-01  -7.6673E-01   1.0358E-01   1.0503E-01   5.8137E-01
   5.7729E-01   5.8199E-01   5.7679E-01   5.8069E-01   5.7672E-01   3.5649E+00
  -5.7634E+00   1.7928E+00  -2.9147E+00   4.0208E+00  -5.0989E+00  -1.3919E+00
  -1.0178E+00  -1.2112E+01   9.3815E+00  -6.8060E+00   4.3867E+00  -2.5296E-01
  -1.2967E+00  -1.3768E+00  -1.8496E-01  -1.7672E+00  -3.9538E-01   1.2632E+00
  -2.7839E+00  -4.3195E+00   2.9367E+00  -1.2771E+00  -1.6653E-01   8.7856E+00
  -9.9232E+00  -2.7246E+00   1.3462E+00  -4.2469E+00   2.8854E+00   3.7950E+00
  -5.0823E+00  -6.5507E+00   4.3506E+00  -1.6020E+00  -2.0586E-01  -3.8058E+00
   2.3350E+00   3.1514E+00  -3.8297E+00   1.4456E+00  -2.5687E+00  -1.1904E+00
   6.0503E-02  -7.2875E-02  -1.0360E+00  -6.5823E+00   4.2812E+00   3.1235E+00
  -3.9045E+00  -3.8362E+00   2.2670E+00  -6.6199E+00   4.6547E+00   3.8822E+00
  -4.9459E+00  -7.8678E+00   6.4085E+00  -2.6401E+00   1.4916E+00  -4.1606E+00
   3.0370E+00   2.1116E-01  -8.3422E-01   3.7607E+00  -5.4314E+00   6.2027E-01
  -1.2722E+00  -1.0510E+00  -3.8414E-01   6.7294E+00  -7.2349E+00  -4.5946E+00
   3.6704E+00   4.5979E+00  -4.6780E+00   2.6370E+00  -3.1989E+00   1.7903E-01
  -8.9028E-01   4.5904E+00  -4.6948E+00  -4.6022E+00   3.6553E+00   1.8056E+00
  -2.6495E+00  -7.8984E+00   6.3550E+00  -2.3522E+00   1.6845E+00  -7.5755E+00
   6.6144E+00   5.8789E-01  -1.3243E+00  -7.5808E+00   6.6028E+00   2.0256E+00
  -2.1702E+00   2.0193E+00  -2.1829E+00  -3.2010E+00   2.7619E+00   1.7990E+00
  -2.6670E+00  -2.2987E+00   1.3619E+00  -2.2944E+00   1.3736E+00   5.8952E+00
  -5.9594E+00  -3.2035E+00   2.7579E+00   5.9015E+00  -5.9474E+00   2.6217E+00
  -3.2347E+00   9.6820E-01  -1.3721E+00  -5.7939E+00   5.2480E+00  -1.1031E+01
   1.0170E+01  -5.6548E-01   3.1210E-01   7.2717E+00  -6.8765E+00  -2.0336E+00
   1.5516E+00  -2.3672E+00   1.6443E+00  -1.1029E+01   1.0172E+01   2.9056E+00
  -3.0161E+00   2.9027E+00  -3.0255E+00   2.3314E+00  -2.3103E+00   9.6647E-01
  -1.3768E+00   2.3316E+00  -2.3087E+00  -2.6974E-01   1.6834E-01   7.2704E+00
  -6.8806E+00  -5.5123E+00   5.0879E+00  -5.6654E-01   5.2506E-01  -1.0860E+00
  -4.4207E-01  -5.7961E+00   5.2445E+00  -5.6017E-01   3.2382E-01   4.6735E+00
  -4.3961E+00   4.6713E+00  -4.3996E+00  -2.0343E+00   1.5495E+00  -5.6809E-01
   5.2362E-01   9.8933E+00  -9.1241E+00   4.9468E+00  -4.5620E+00  -1.3643E-03
  -1.4093E-03  -5.5114E+00   5.0890E+00   4.9462E+00  -4.5620E+00   9.8913E+00
  -9.1256E+00  -2.7185E-01   1.6657E-01   6.6993E+00  -7.2810E+00   6.7000E+00
  -7.2813E+00   6.6997E+00  -7.2813E+00   8.7337E-01   7.7507E-01   8.7702E-01
   7.2487E-01   1.0036E+00   7.1003E-01   7.3989E-01  -7.4298E-02  -1.9222E-01
  -2.0164E-01  -1.6842E-01  -1.2130E-01  -8.0441E-02  -1.5206E-01  -1.5569E-01
  -1.1403E-01  -1.3257E-01  -8.3840E-02  -7.8890E-02  -3.2803E-02   3.6715E-02
   3.1798E-02   2.9559E-02  -2.8444E-02  -3.6762E-03  -2.1207E-02  -3.5515E-02
   1.9830E-02   2.5921E-02   3.9187E-02   7.9580E-02   3.9944E-02   1.4135E-02
   3.1371E-02  -2.4811E-02  -2.9716E-02  -3.6354E-02  -4.5973E-02  -3.0850E-02
   6.7120E-02  -2.0551E-02  -3.1616E-02  -9.0914E-03  -5.5748E-03  -7.2116E-03
  -1.0505E-02   5.8974E-03   4.1358E-02   2.6770E-02   2.2923E-03   7.8145E-03
  -1.0655E-02  -1.3234E-02   6.8027E-03  -3.9969E-03  -8.2481E-03  -6.2875E-03
  -2.2551E-03   2.8621E-02  -1.9819E-02  -2.4819E-02  -4.5466E-03   1.2409E-02
  -4.7765E-03   2.8433E-02   6.0279E-04  -5.5608E-03   1.0557E-02  -9.1985E-03
  -3.6903E-03  -1.2685E-02   2.5555E-02   6.9639E-03  -4.9892E-03  -6.0141E-03
   5.8854E-03   5.6611E-03   7.3923E-03  -3.7773E-03  -1.1506E-02  -1.0213E-02
   1.8876E-04  -2.4959E-02  -5.0978E-03   9.0533E-04  -4.1986E-03  -8.8323E-03
  -1.3000E-02  -8.5123E-03  -3.5624E-03  -2.3806E-03  -2.7441E-04   7.9345E-03
   1.2759E-02   1.2261E-02  -1.6763E-03  -1.5239E-02  -1.4696E-02  -1.6716E-02
  -4.4433E-03   2.0751E-01  -3.2511E-02  -2.2623E-02   7.4627E-02   6.8070E-03
   6.4574E-02   2.2136E-02  -4.7237E-04   4.6615E-02  -8.7040E-03  -6.3346E-02
  -6.1138E-02  -6.9283E-02   8.1889E-02   7.9216E-02   4.1827E-02  -2.7511E-02
   5.6861E-03  -4.8903E-02  -4.6440E-02   1.9490E-02   2.4296E-02   2.5968E-02
  -5.3821E-03   2.4874E-02   3.7736E-02   2.3257E-02  -1.2583E-02  -1.6358E-02
  -2.5349E-02  -3.0754E-02  -1.7799E-02   5.3692E-02  -1.3494E-02  -2.5178E-02
  -2.1688E-03  -1.5786E-02  -1.4900E-02  -5.2718E-03  -2.2171E-02   4.1453E-02
   3.1218E-02  -8.3262E-03  -3.4071E-02  -1.2293E-02  -1.6007E-02  -1.2820E-02
  -1.5499E-02  -9.4083E-03  -1.2235E-02  -1.1598E-02   1.8646E-02  -1.3238E-02
  -2.0468E-02  -9.3365E-03   1.5622E-02  -3.9238E-03   1.2480E-02  -4.9680E-03
  -1.1245E-02   1.1964E-02  -1.2984E-02  -1.8476E-03  -1.1611E-02   3.2826E-02
  -6.7416E-03  -1.3781E-03  -2.1722E-03   8.4060E-03   8.6459E-03  -1.4178E-03
  -3.1693E-03  -1.1698E-02   2.6787E-03   2.4647E-04  -3.3910E-02  -8.5126E-03
  -2.7357E-03   8.3580E-04  -5.1011E-03  -1.1225E-02   1.0531E-05   3.3909E-04
   4.3123E-03  -6.2273E-03  -1.6770E-03   9.6905E-05  -1.3248E-03   2.8321E-03
   2.2613E-02   2.2518E-02   2.1735E-02  -2.4485E-03  -5.2578E-02  -1.9759E-01
  -2.0460E-01  -1.6270E-01  -1.4690E-01  -6.4081E-02  -1.3908E-01  -1.4646E-01
  -1.5653E-01  -1.3422E-01  -7.8718E-02  -7.7435E-02  -2.8962E-02  -1.7963E-02
  -2.0724E-02  -5.9611E-03  -1.4823E-02  -1.3525E-02   1.3397E-03  -8.0936E-03
   6.7861E-03   1.2058E-02   3.0995E-02   8.7322E-02   6.4652E-02   3.0701E-02
   2.8237E-02  -3.1000E-02  -2.7953E-02  -3.6015E-02  -4.5093E-02  -2.5277E-02
   1.6148E-02  -1.4716E-02  -2.2049E-02  -1.9174E-03  -3.5991E-03  -1.2407E-02
  -1.6856E-02   1.8031E-02   3.0531E-02   2.9696E-02   2.0052E-03   1.3898E-02
  -1.3114E-02  -9.0866E-03   8.6133E-03  -2.3643E-03  -8.6126E-03  -7.8623E-03
  -2.4175E-03   2.4945E-02  -1.5296E-02  -1.9449E-02  -3.9365E-03   1.3066E-02
  -4.1457E-03   3.3819E-02   3.4094E-03   2.5366E-03   1.5692E-03  -9.5220E-03
  -8.8651E-04  -7.1998E-03   2.3782E-02   1.3304E-04  -7.8555E-03  -1.2594E-02
  -9.9727E-04   6.5193E-03   4.8286E-03  -2.9953E-03  -6.1987E-03  -1.3704E-02
  -1.6742E-03  -2.1200E-02  -1.4361E-03  -4.0944E-03  -1.4879E-03  -5.2903E-03
  -5.9144E-03  -1.2485E-02  -1.7113E-03  -3.2114E-03   7.2335E-03   8.9374E-03
   1.1064E-02   1.6283E-02  -4.2894E-03  -2.3564E-02  -2.3172E-02  -2.3162E-02
  -1.7965E-03   1.2869E-01  -4.5421E-02  -3.7009E-02   1.9654E-02  -1.1878E-02
   1.4446E-02  -3.5964E-02  -4.9648E-02   1.9002E-02  -4.8461E-02  -6.5212E-02
  -6.3493E-02  -8.9397E-02   5.1098E-02   5.2016E-02   1.7856E-02  -1.7199E-02
   2.1932E-03  -3.5248E-02  -2.7888E-02   8.9559E-03   1.4265E-02   1.7805E-02
  -5.5957E-03   4.9187E-02   6.0122E-02   1.9629E-02  -1.5217E-02  -1.3776E-02
  -2.2627E-02  -2.5378E-02  -1.2662E-02   2.0163E-02  -9.8981E-03  -1.6405E-02
   4.6537E-03  -1.4597E-02  -1.9953E-02  -9.9834E-03  -1.4587E-02   3.1659E-02
   3.4617E-02  -8.7669E-03  -3.9106E-02  -1.6058E-02  -1.2779E-02  -1.3431E-02
  -1.5504E-02  -1.0970E-02  -1.4256E-02  -1.4266E-02   1.2135E-02  -9.5663E-03
  -1.4690E-02  -9.2158E-03   1.6254E-02  -2.2669E-03   1.3550E-02  -3.3119E-03
  -6.6904E-03   5.7518E-03  -1.5878E-02   5.7507E-04  -6.7659E-03   3.5351E-02
  -1.6657E-02  -2.1156E-03  -5.8358E-03   2.2692E-03   7.5759E-03  -2.4251E-03
  -2.8845E-03  -7.5714E-03   3.2812E-03  -4.6788E-04  -3.1102E-02  -5.1545E-03
  -8.5519E-03   2.1919E-03  -1.3066E-03  -3.6971E-03  -3.2800E-03  -2.2215E-03
   2.2867E-03   1.4271E-04  -2.5322E-03  -2.4133E-03   2.0360E-03   1.9839E-03
   2.1107E-02   2.1575E-02   2.0663E-02   1.1958E-03
  > E    =  -9.939093522877E+02 +/-   1.648312474917E-04
  > varE =   4.451424690124E-03
* Computing derivatives.
    [walltime: 2m40s elapsed, 3m54s remaining]
  Done. [total walltime: 6m41s]
* Optimizing manipulation constant:
  #igrid a___________ E____________________________________ varE____________
     1     Infinity    -9.93909352E+02 +/-   1.64831247E-04   4.45142469E-03
     2     1.0000E+06  -9.93909352E+02 +/-   1.64831229E-04   4.45142369E-03
     3     2.1544E+05  -9.93909352E+02 +/-   1.64831161E-04   4.45142004E-03
     4     4.6416E+04  -9.93909352E+02 +/-   1.64830850E-04   4.45140322E-03
     5     1.0000E+04  -9.93909352E+02 +/-   1.64829447E-04   4.45132745E-03
     6     2.1544E+03  -9.93909352E+02 +/-   1.64823849E-04   4.45102509E-03
     7     4.6416E+02  -9.93909352E+02 +/-   1.64817706E-04   4.45069331E-03
     8     1.0000E+02  -9.93909309E+02 +/-   1.65288068E-04   4.47613264E-03
     9     2.1544E+01  -9.93906018E+02 +/-   2.08212414E-04   7.10285876E-03
    10     4.6416E+00  -9.92554855E+02 +/-   2.34456086E-03   9.00622851E-01
    11     1.0000E+00 (error)
    12     2.1544E-01 (error)
    13     4.6416E-02 (error)
    14     1.0000E-02 (error)
    15     2.1544E-03 (error)
    16     4.6416E-04 (error)
    17     1.0000E-04 (error)
    18     2.1544E-05 (error)
    19     4.6416E-06 (error)
    20     1.0000E-06 (error)
    21     0.0000E+00 (error)
* Iteration # 1: E =  -9.939093524920E+02 +/-   1.648238489668E-04
* Convergence: exiting.
* After optimization:
  -2.1302E+01  -2.1038E+01  -2.1280E+01  -2.1012E+01  -2.1442E+01  -2.1002E+01
  -2.0754E+01   2.1017E+00   1.9692E+00   1.1237E+00   1.0757E+00   2.3723E+00
   2.7230E+00   2.2904E+00   2.2984E+00   1.4570E+00   1.4324E+00   1.4890E+00
   1.4610E+00   2.1418E+00   2.1413E+00   1.4792E+00   1.4395E+00   1.3879E+00
   1.4437E+00   1.1392E+00   1.3914E+00   1.3886E+00   1.3733E+00   1.3019E+00
   1.2949E+00   2.1943E+00   2.1936E+00   1.8110E+00   1.8109E+00   1.4650E+00
   1.4684E+00   6.7520E-01   6.7318E-01   1.1267E+00   1.1269E+00   1.1333E+00
   1.1313E+00   1.1136E+00   1.1135E+00   2.3323E+00   2.3269E+00   8.1628E-01
   8.1090E-01   1.5938E+00   1.6047E+00   1.9731E+00   1.9704E+00   1.0618E+00
   1.0616E+00   1.4606E+00   1.4623E+00   1.1449E+00   1.1449E+00   1.1199E+00
   6.2443E-01   6.2395E-01   1.6958E+00   1.6784E+00   6.5325E-01   6.5184E-01
   1.4368E+00   1.4377E+00   5.0632E-01   5.0361E-01   9.2368E-01   9.2434E-01
   8.0231E-02   5.6269E-01   5.6147E-01   7.0372E-01   7.0375E-01   1.0679E-01
   9.5008E-01   9.4755E-01   8.4521E-01   8.4332E-01   1.5352E+00   1.5372E+00
   6.6718E-01   6.6740E-01   9.6074E-01   9.6164E-01   7.3207E-01   7.2923E-01
   9.7692E-01   9.7731E-01   1.4484E-01   1.4375E-01   1.6369E-01   1.6311E-01
   4.3950E-01   4.3999E-01   8.7147E-01   8.6821E-01   9.3728E-01   9.3646E-01
   9.2115E-01   9.1980E-01   6.4294E-02   6.3211E-02   4.4576E-01   4.4611E-01
   4.6447E-02   4.4910E-02   6.1551E-01   6.1302E-01   4.0548E-01   4.0349E-01
   5.4501E-01   5.4535E-01   8.6017E-01   2.5355E-01  -3.9523E-01  -3.9653E-01
   4.8195E-01   4.8085E-01   7.2399E-01   7.2303E-01   8.5747E-01   1.1164E-01
   1.1072E-01   1.2352E-01   1.2383E-01  -2.0307E-02  -2.1288E-02   4.1135E-01
   4.0904E-01  -2.1871E-02  -2.2943E-02   1.0005E-01   1.0197E-01  -3.9012E-01
  -3.9064E-01   4.2480E-01   4.2407E-01   4.1899E-02   4.0867E-02   1.5172E+00
   1.5197E+00   5.5139E-01   5.5146E-01   2.3669E-01  -2.7715E-01  -2.7808E-01
  -2.7083E-01  -2.7158E-01   4.8425E-01   4.8337E-01   4.4962E-02   4.3911E-02
  -7.6917E-01  -3.8547E-01  -3.8496E-01   1.6391E-03   4.2279E-01   4.2234E-01
  -3.8396E-01  -3.8363E-01  -7.6672E-01   1.0359E-01   1.0503E-01   5.8139E-01
   5.7731E-01   5.8201E-01   5.7680E-01   5.8070E-01   5.7673E-01   3.5649E+00
  -5.7634E+00   1.7927E+00  -2.9146E+00   4.0207E+00  -5.0988E+00  -1.3919E+00
  -1.0178E+00  -1.2112E+01   9.3816E+00  -6.8061E+00   4.3868E+00  -2.5308E-01
  -1.2966E+00  -1.3769E+00  -1.8487E-01  -1.7673E+00  -3.9528E-01   1.2631E+00
  -2.7838E+00  -4.3196E+00   2.9368E+00  -1.2772E+00  -1.6643E-01   8.7855E+00
  -9.9231E+00  -2.7248E+00   1.3463E+00  -4.2470E+00   2.8855E+00   3.7948E+00
  -5.0822E+00  -6.5507E+00   4.3506E+00  -1.6021E+00  -2.0575E-01  -3.8060E+00
   2.3351E+00   3.1512E+00  -3.8296E+00   1.4455E+00  -2.5686E+00  -1.1905E+00
   6.0596E-02  -7.2994E-02  -1.0359E+00  -6.5824E+00   4.2813E+00   3.1234E+00
  -3.9044E+00  -3.8363E+00   2.2671E+00  -6.6200E+00   4.6548E+00   3.8820E+00
  -4.9458E+00  -7.8680E+00   6.4087E+00  -2.6402E+00   1.4917E+00  -4.1607E+00
   3.0371E+00   2.1104E-01  -8.3411E-01   3.7606E+00  -5.4313E+00   6.2017E-01
  -1.2721E+00  -1.0511E+00  -3.8409E-01   6.7293E+00  -7.2348E+00  -4.5947E+00
   3.6705E+00   4.5977E+00  -4.6779E+00   2.6369E+00  -3.1988E+00   1.7892E-01
  -8.9018E-01   4.5903E+00  -4.6947E+00  -4.6023E+00   3.6554E+00   1.8056E+00
  -2.6494E+00  -7.8985E+00   6.3551E+00  -2.3523E+00   1.6846E+00  -7.5756E+00
   6.6145E+00   5.8778E-01  -1.3242E+00  -7.5810E+00   6.6029E+00   2.0254E+00
  -2.1701E+00   2.0192E+00  -2.1828E+00  -3.2011E+00   2.7620E+00   1.7989E+00
  -2.6670E+00  -2.2988E+00   1.3619E+00  -2.2945E+00   1.3737E+00   5.8951E+00
  -5.9593E+00  -3.2036E+00   2.7580E+00   5.9014E+00  -5.9473E+00   2.6216E+00
  -3.2346E+00   9.6814E-01  -1.3720E+00  -5.7940E+00   5.2481E+00  -1.1031E+01
   1.0170E+01  -5.6559E-01   3.1220E-01   7.2716E+00  -6.8764E+00  -2.0337E+00
   1.5517E+00  -2.3673E+00   1.6444E+00  -1.1029E+01   1.0173E+01   2.9055E+00
  -3.0160E+00   2.9025E+00  -3.0254E+00   2.3313E+00  -2.3103E+00   9.6642E-01
  -1.3767E+00   2.3315E+00  -2.3086E+00  -2.6979E-01   1.6839E-01   7.2703E+00
  -6.8805E+00  -5.5124E+00   5.0879E+00  -5.6665E-01   5.2517E-01  -1.0860E+00
  -4.4202E-01  -5.7962E+00   5.2446E+00  -5.6028E-01   3.2392E-01   4.6734E+00
  -4.3960E+00   4.6712E+00  -4.3995E+00  -2.0344E+00   1.5496E+00  -5.6820E-01
   5.2372E-01   9.8932E+00  -9.1240E+00   4.9467E+00  -4.5620E+00  -1.3645E-03
  -1.4085E-03  -5.5114E+00   5.0891E+00   4.9461E+00  -4.5619E+00   9.8912E+00
  -9.1255E+00  -2.7191E-01   1.6662E-01   6.6992E+00  -7.2809E+00   6.6999E+00
  -7.2812E+00   6.6996E+00  -7.2812E+00   8.7175E-01   7.7361E-01   8.7540E-01
   7.2353E-01   1.0018E+00   7.0873E-01   7.3851E-01  -7.4137E-02  -1.9185E-01
  -2.0128E-01  -1.6809E-01  -1.2104E-01  -8.0263E-02  -1.5178E-01  -1.5539E-01
  -1.1379E-01  -1.3232E-01  -8.3684E-02  -7.8746E-02  -3.2747E-02   3.6650E-02
   3.1735E-02   2.9498E-02  -2.8392E-02  -3.6732E-03  -2.1168E-02  -3.5443E-02
   1.9795E-02   2.5864E-02   3.9113E-02   7.9419E-02   3.9868E-02   1.4110E-02
   3.1306E-02  -2.4766E-02  -2.9656E-02  -3.6286E-02  -4.5894E-02  -3.0790E-02
   6.6992E-02  -2.0510E-02  -3.1553E-02  -9.0639E-03  -5.5592E-03  -7.1947E-03
  -1.0490E-02   5.8853E-03   4.1277E-02   2.6715E-02   2.2909E-03   7.7932E-03
  -1.0635E-02  -1.3214E-02   6.7854E-03  -3.9868E-03  -8.2379E-03  -6.2709E-03
  -2.2484E-03   2.8556E-02  -1.9783E-02  -2.4777E-02  -4.5394E-03   1.2394E-02
  -4.7689E-03   2.8374E-02   6.0008E-04  -5.5512E-03   1.0530E-02  -9.1849E-03
  -3.6843E-03  -1.2663E-02   2.5505E-02   6.9412E-03  -4.9793E-03  -6.0068E-03
   5.8683E-03   5.6468E-03   7.3763E-03  -3.7677E-03  -1.1486E-02  -1.0187E-02
   1.8942E-04  -2.4915E-02  -5.0913E-03   8.9648E-04  -4.1831E-03  -8.8065E-03
  -1.2972E-02  -8.4873E-03  -3.5521E-03  -2.3687E-03  -2.7525E-04   7.9148E-03
   1.2735E-02   1.2235E-02  -1.6661E-03  -1.5208E-02  -1.4667E-02  -1.6682E-02
  -4.4366E-03   2.0714E-01  -3.2454E-02  -2.2582E-02   7.4488E-02   6.8106E-03
   6.4470E-02   2.2103E-02  -4.6949E-04   4.6537E-02  -8.6813E-03  -6.3234E-02
  -6.1029E-02  -6.9159E-02   8.1735E-02   7.9072E-02   4.1744E-02  -2.7461E-02
   5.6735E-03  -4.8810E-02  -4.6350E-02   1.9453E-02   2.4251E-02   2.5922E-02
  -5.3787E-03   2.4827E-02   3.7664E-02   2.3210E-02  -1.2564E-02  -1.6325E-02
  -2.5301E-02  -3.0700E-02  -1.7768E-02   5.3592E-02  -1.3465E-02  -2.5132E-02
  -2.1614E-03  -1.5753E-02  -1.4879E-02  -5.2638E-03  -2.2132E-02   4.1378E-02
   3.1160E-02  -8.3177E-03  -3.4010E-02  -1.2268E-02  -1.5979E-02  -1.2799E-02
  -1.5475E-02  -9.3922E-03  -1.2214E-02  -1.1573E-02   1.8609E-02  -1.3219E-02
  -2.0430E-02  -9.3206E-03   1.5591E-02  -3.9159E-03   1.2456E-02  -4.9594E-03
  -1.1217E-02   1.1936E-02  -1.2960E-02  -1.8400E-03  -1.1588E-02   3.2767E-02
  -6.7271E-03  -1.3722E-03  -2.1669E-03   8.3915E-03   8.6243E-03  -1.4130E-03
  -3.1652E-03  -1.1668E-02   2.6688E-03   2.4656E-04  -3.3848E-02  -8.4961E-03
  -2.7336E-03   8.3062E-04  -5.0958E-03  -1.1199E-02   9.4553E-06   3.3038E-04
   4.2964E-03  -6.2119E-03  -1.6706E-03   9.8168E-05  -1.3238E-03   2.8225E-03
   2.2566E-02   2.2471E-02   2.1688E-02  -2.4597E-03  -5.2542E-02  -1.9757E-01
  -2.0460E-01  -1.6268E-01  -1.4687E-01  -6.4053E-02  -1.3907E-01  -1.4645E-01
  -1.5650E-01  -1.3422E-01  -7.8718E-02  -7.7434E-02  -2.8967E-02  -1.7953E-02
  -2.0728E-02  -5.9657E-03  -1.4824E-02  -1.3530E-02   1.3353E-03  -8.0899E-03
   6.7911E-03   1.2050E-02   3.0993E-02   8.7315E-02   6.4647E-02   3.0702E-02
   2.8230E-02  -3.1000E-02  -2.7947E-02  -3.6012E-02  -4.5100E-02  -2.5277E-02
   1.6152E-02  -1.4715E-02  -2.2046E-02  -1.9130E-03  -3.5936E-03  -1.2403E-02
  -1.6862E-02   1.8029E-02   3.0523E-02   2.9688E-02   2.0139E-03   1.3888E-02
  -1.3118E-02  -9.0898E-03   8.6091E-03  -2.3604E-03  -8.6135E-03  -7.8571E-03
  -2.4203E-03   2.4936E-02  -1.5294E-02  -1.9452E-02  -3.9377E-03   1.3070E-02
  -4.1480E-03   3.3814E-02   3.4101E-03   2.5234E-03   1.5649E-03  -9.5297E-03
  -8.9059E-04  -7.2007E-03   2.3779E-02   1.3045E-04  -7.8563E-03  -1.2592E-02
  -1.0017E-03   6.5166E-03   4.8257E-03  -2.9937E-03  -6.2053E-03  -1.3691E-02
  -1.6716E-03  -2.1203E-02  -1.4440E-03  -4.0954E-03  -1.4819E-03  -5.2751E-03
  -5.9138E-03  -1.2478E-02  -1.7081E-03  -3.2046E-03   7.2401E-03   8.9335E-03
   1.1064E-02   1.6282E-02  -4.2815E-03  -2.3558E-02  -2.3167E-02  -2.3156E-02
  -1.7891E-03   1.2871E-01  -4.5423E-02  -3.7005E-02   1.9664E-02  -1.1859E-02
   1.4467E-02  -3.5951E-02  -4.9645E-02   1.9021E-02  -4.8446E-02  -6.5220E-02
  -6.3495E-02  -8.9403E-02   5.1098E-02   5.2018E-02   1.7850E-02  -1.7198E-02
   2.1897E-03  -3.5248E-02  -2.7888E-02   8.9584E-03   1.4267E-02   1.7806E-02
  -5.5980E-03   4.9185E-02   6.0118E-02   1.9625E-02  -1.5220E-02  -1.3772E-02
  -2.2626E-02  -2.5384E-02  -1.2666E-02   2.0169E-02  -9.8972E-03  -1.6409E-02
   4.6511E-03  -1.4593E-02  -1.9958E-02  -9.9856E-03  -1.4589E-02   3.1658E-02
   3.4613E-02  -8.7680E-03  -3.9107E-02  -1.6059E-02  -1.2780E-02  -1.3433E-02
  -1.5507E-02  -1.0966E-02  -1.4259E-02  -1.4268E-02   1.2138E-02  -9.5704E-03
  -1.4689E-02  -9.2197E-03   1.6249E-02  -2.2689E-03   1.3551E-02  -3.3106E-03
  -6.6898E-03   5.7485E-03  -1.5880E-02   5.7854E-04  -6.7635E-03   3.5350E-02
  -1.6648E-02  -2.1131E-03  -5.8277E-03   2.2735E-03   7.5728E-03  -2.4230E-03
  -2.8887E-03  -7.5659E-03   3.2790E-03  -4.6587E-04  -3.1103E-02  -5.1556E-03
  -8.5472E-03   2.1835E-03  -1.3081E-03  -3.6955E-03  -3.2844E-03  -2.2307E-03
   2.2757E-03   1.4587E-04  -2.5272E-03  -2.4123E-03   2.0307E-03   1.9756E-03
   2.1104E-02   2.1573E-02   2.0661E-02   1.1851E-03
  > Energy =  -9.939093524920E+02 +/-   1.648238489668E-04
  > varE =   4.451025090682E-03

VMC #2:
* Size of Hilbert space =   1.0817E+14
* Number of equil. steps   = 1000
* Running VMC equilibration.
  Done. [total walltime: 0.34s]
* Equil. acc.ratio (%)     =  12.2836
* Sample config after equilibration:
  +-------------------------+
  |  d   u   u   2   0   d  |
  |u   u   d   d   u   2   u|
  |d   d   u   0   0   d   u|
  |  u   d   d   2   u   d  |
  +-------------------------+
* Number of accum. steps   = 655360 x 10
* Running VMC accumulation.
  Done. [total walltime: 2.30s]
* Acceptance ratio (%)     =  12.2393
* Etot/t                   =  -9.939097715557E+02 +/-   8.168359244579E-05
  > Ttot/t                 =  -9.591115834070E+01 +/-   9.226668703174E-04
  > Utot/t                 =   4.230954123597E+01 +/-   9.153990636898E-04
* var[Eloc/t]              =   3.961821287549E-03 +/-   2.561760297300E-05
* Correlation length       =   1.103709317760E+00
* log10 Psi^2 range: -133.3532605727331 -- -121.1966907758030
* log10 Pgen range : -133.3532605727331 -- -121.1966907758030
* Site occupation (ave. no. electrons per config.):
  > Site_  ___eu____  ___ed____
      1        0.500      0.497
      2        0.496      0.498
      3        0.496      0.498
      4        0.501      0.499
      5        0.505      0.502
      6        0.501      0.501
      7        0.501      0.504
      8        0.500      0.498
      9        0.498      0.497
     10        0.501      0.498
     11        0.496      0.499
     12        0.503      0.502
     13        0.502      0.504
     14        0.500      0.503
     15        0.502      0.502
     16        0.499      0.498
     17        0.499      0.500
     18        0.500      0.503
     19        0.500      0.500
     20        0.504      0.502
     21        0.505      0.500
     22        0.501      0.500
     23        0.498      0.497
     24        0.496      0.498
     25        0.496      0.497
     26        0.502      0.502
* Pair-correlation analysis (ave. no. pairs per config.):
  > Shell  nsite  ___dh____  __eueu___  __eued___
      0      1        0          0          4.500
      1      0        0.922      0.497      2.602
      2      0        0.136      0.360      0.528
      3      0        0.266      0.723      1.064
      4      0        0.226      0.766      1.065
      5      0        0.252      0.737      1.047
      6      0        0.757      0.840      2.437
      7      0        0.672      1.051      2.341
      8      0        0.601      1.219      2.257
      9      0        0.449      1.547      2.092
     10      0        0.529      1.389      2.180
     11      0        0.139      0.816      1.155
     12      0        0.136      0.836      1.139
     13      0        0.138      0.857      1.090
     14      0        0.225      2.111      1.910
     15      0        0.114      1.059      0.953
     16      0        0.223      2.093      1.912
     17      0        0.265      1.898      2.050
     18      0        0.235      2.047      1.943
     19      0        0.295      1.877      2.050
     20      0        0.307      1.875      2.055
     21      0        0.246      2.090      1.924
     22      0        0.243      2.113      1.908
     23      0        0.240      2.131      1.895
     24      0        0.232      2.105      1.912
     25      0        0.276      2.086      1.908
     26      0        0.267      2.081      1.903
     27      0        0.238      2.127      1.883
     28      0        0.216      1.959      2.057
     29      0        0.240      2.054      1.942
     30      0        0.214      1.951      2.092
     31      0        0.107      0.970      1.052
     32      0        0.246      2.057      1.952
     33      0        0.212      2.143      1.891
     34      0        0.248      2.043      1.963
     35      0        0.220      2.069      1.958
     36      0        0.247      2.017      1.966
     37      0        0.284      1.927      2.020
     38      0        0.142      0.970      1.013
     39      0        0.216      1.983      2.035
     40      0        0.259      1.905      2.083
     41      0        0.141      1.010      0.977
     42      0        0.276      2.016      1.946
     43      0        0.254      1.955      2.035
     44      0        0.256      1.869      2.100
     45      0        0.216      1.987      2.051
     46      0        0.241      2.027      1.969
     47      0        0.257      1.933      2.056
     48      0        0.244      1.960      2.028
     49      0        0.243      2.025      1.983
     50      0        0.249      1.978      2.022
     51      0        0.278      1.956      1.999
     52      0        0.248      2.040      1.964
     53      0        0.225      1.963      2.056
     54      0        0.220      2.045      1.982
     55      0        0.253      1.977      1.999
     56      0        0.273      1.998      1.967
     57      0        0.249      2.004      1.976
     58      0        0.217      2.038      1.979
     59      0        0.255      1.975      2.015
     60      0        0.241      2.011      1.983
     61      0        0.134      0.995      0.980
     62      0        0.108      1.016      1.004
     63      0        0.246      2.001      1.984
     64      0        0.219      2.028      2.005
     65      0        0.215      2.053      1.985
     66      0        0.134      0.978      0.996
     67      0        0.217      1.997      2.017
     68      0        0.216      2.017      2.000
     69      0        0.251      2.003      1.991
     70      0        0.253      2.013      1.983
     71      0        0.250      1.988      2.008
     72      0        0.220      2.024      2.003
     73      0        0.247      1.986      1.997
     74      0        0.244      1.997      1.986
     75      0        0.239      1.995      1.979
     76      0        0.246      1.834      2.146
     77      0        0.243      1.980      2.009
     78      0        0.107      1.003      1.016
     79      0        0.217      1.999      2.013
     80      0        0.217      2.011      2.002
     81      0        0.220      2.000      2.028
     82      0        0.242      1.982      1.990
     83      0        0.107      0.996      1.004
     84      0        0.220      2.010      1.993
     85      0        0.111      1.008      1.002
     86      0        0.244      1.983      2.002
     87      0        0.219      2.000      2.006
     88      0        0.108      0.998      0.998
     89      0        0.215      2.010      2.022
     90      0        0.127      0.973      1.015
     91      0        0.063      0.489      0.506
     92      0        0.062      0.488      0.504
     93      0        0.110      1.000      1.011

Optimization #2:
* Method          : lls
* Target function : energy
* No. of configs. : 163840
* No. of params.  : 736
* Before optimization:
  -2.1302E+01  -2.1038E+01  -2.1280E+01  -2.1012E+01  -2.1442E+01  -2.1002E+01
  -2.0754E+01   2.1017E+00   1.9692E+00   1.1237E+00   1.0757E+00   2.3723E+00
   2.7230E+00   2.2904E+00   2.2984E+00   1.4570E+00   1.4324E+00   1.4890E+00
   1.4610E+00   2.1418E+00   2.1413E+00   1.4792E+00   1.4395E+00   1.3879E+00
   1.4437E+00   1.1392E+00   1.3914E+00   1.3886E+00   1.3733E+00   1.3019E+00
   1.2949E+00   2.1943E+00   2.1936E+00   1.8110E+00   1.8109E+00   1.4650E+00
   1.4684E+00   6.7520E-01   6.7318E-01   1.1267E+00   1.1269E+00   1.1333E+00
   1.1313E+00   1.1136E+00   1.1135E+00   2.3323E+00   2.3269E+00   8.1628E-01
   8.1090E-01   1.5938E+00   1.6047E+00   1.9731E+00   1.9704E+00   1.0618E+00
   1.0616E+00   1.4606E+00   1.4623E+00   1.1449E+00   1.1449E+00   1.1199E+00
   6.2443E-01   6.2395E-01   1.6958E+00   1.6784E+00   6.5325E-01   6.5184E-01
   1.4368E+00   1.4377E+00   5.0632E-01   5.0361E-01   9.2368E-01   9.2434E-01
   8.0231E-02   5.6269E-01   5.6147E-01   7.0372E-01   7.0375E-01   1.0679E-01
   9.5008E-01   9.4755E-01   8.4521E-01   8.4332E-01   1.5352E+00   1.5372E+00
   6.6718E-01   6.6740E-01   9.6074E-01   9.6164E-01   7.3207E-01   7.2923E-01
   9.7692E-01   9.7731E-01   1.4484E-01   1.4375E-01   1.6369E-01   1.6311E-01
   4.3950E-01   4.3999E-01   8.7147E-01   8.6821E-01   9.3728E-01   9.3646E-01
   9.2115E-01   9.1980E-01   6.4294E-02   6.3211E-02   4.4576E-01   4.4611E-01
   4.6447E-02   4.4910E-02   6.1551E-01   6.1302E-01   4.0548E-01   4.0349E-01
   5.4501E-01   5.4535E-01   8.6017E-01   2.5355E-01  -3.9523E-01  -3.9653E-01
   4.8195E-01   4.8085E-01   7.2399E-01   7.2303E-01   8.5747E-01   1.1164E-01
   1.1072E-01   1.2352E-01   1.2383E-01  -2.0307E-02  -2.1288E-02   4.1135E-01
   4.0904E-01  -2.1871E-02  -2.2943E-02   1.0005E-01   1.0197E-01  -3.9012E-01
  -3.9064E-01   4.2480E-01   4.2407E-01   4.1899E-02   4.0867E-02   1.5172E+00
   1.5197E+00   5.5139E-01   5.5146E-01   2.3669E-01  -2.7715E-01  -2.7808E-01
  -2.7083E-01  -2.7158E-01   4.8425E-01   4.8337E-01   4.4962E-02   4.3911E-02
  -7.6917E-01  -3.8547E-01  -3.8496E-01   1.6391E-03   4.2279E-01   4.2234E-01
  -3.8396E-01  -3.8363E-01  -7.6672E-01   1.0359E-01   1.0503E-01   5.8139E-01
   5.7731E-01   5.8201E-01   5.7680E-01   5.8070E-01   5.7673E-01   3.5649E+00
  -5.7634E+00   1.7927E+00  -2.9146E+00   4.0207E+00  -5.0988E+00  -1.3919E+00
  -1.0178E+00  -1.2112E+01   9.3816E+00  -6.8061E+00   4.3868E+00  -2.5308E-01
  -1.2966E+00  -1.3769E+00  -1.8487E-01  -1.7673E+00  -3.9528E-01   1.2631E+00
  -2.7838E+00  -4.3196E+00   2.9368E+00  -1.2772E+00  -1.6643E-01   8.7855E+00
  -9.9231E+00  -2.7248E+00   1.3463E+00  -4.2470E+00   2.8855E+00   3.7948E+00
  -5.0822E+00  -6.5507E+00   4.3506E+00  -1.6021E+00  -2.0575E-01  -3.8060E+00
   2.3351E+00   3.1512E+00  -3.8296E+00   1.4455E+00  -2.5686E+00  -1.1905E+00
   6.0596E-02  -7.2994E-02  -1.0359E+00  -6.5824E+00   4.2813E+00   3.1234E+00
  -3.9044E+00  -3.8363E+00   2.2671E+00  -6.6200E+00   4.6548E+00   3.8820E+00
  -4.9458E+00  -7.8680E+00   6.4087E+00  -2.6402E+00   1.4917E+00  -4.1607E+00
   3.0371E+00   2.1104E-01  -8.3411E-01   3.7606E+00  -5.4313E+00   6.2017E-01
  -1.2721E+00  -1.0511E+00  -3.8409E-01   6.7293E+00  -7.2348E+00  -4.5947E+00
   3.6705E+00   4.5977E+00  -4.6779E+00   2.6369E+00  -3.1988E+00   1.7892E-01
  -8.9018E-01   4.5903E+00  -4.6947E+00  -4.6023E+00   3.6554E+00   1.8056E+00
  -2.6494E+00  -7.8985E+00   6.3551E+00  -2.3523E+00   1.6846E+00  -7.5756E+00
   6.6145E+00   5.8778E-01  -1.3242E+00  -7.5810E+00   6.6029E+00   2.0254E+00
  -2.1701E+00   2.0192E+00  -2.1828E+00  -3.2011E+00   2.7620E+00   1.7989E+00
  -2.6670E+00  -2.2988E+00   1.3619E+00  -2.2945E+00   1.3737E+00   5.8951E+00
  -5.9593E+00  -3.2036E+00   2.7580E+00   5.9014E+00  -5.9473E+00   2.6216E+00
  -3.2346E+00   9.6814E-01  -1.3720E+00  -5.7940E+00   5.2481E+00  -1.1031E+01
   1.0170E+01  -5.6559E-01   3.1220E-01   7.2716E+00  -6.8764E+00  -2.0337E+00
   1.5517E+00  -2.3673E+00   1.6444E+00  -1.1029E+01   1.0173E+01   2.9055E+00
  -3.0160E+00   2.9025E+00  -3.0254E+00   2.3313E+00  -2.3103E+00   9.6642E-01
  -1.3767E+00   2.3315E+00  -2.3086E+00  -2.6979E-01   1.6839E-01   7.2703E+00
  -6.8805E+00  -5.5124E+00   5.0879E+00  -5.6665E-01   5.2517E-01  -1.0860E+00
  -4.4202E-01  -5.7962E+00   5.2446E+00  -5.6028E-01   3.2392E-01   4.6734E+00
  -4.3960E+00   4.6712E+00  -4.3995E+00  -2.0344E+00   1.5496E+00  -5.6820E-01
   5.2372E-01   9.8932E+00  -9.1240E+00   4.9467E+00  -4.5620E+00  -1.3645E-03
  -1.4085E-03  -5.5114E+00   5.0891E+00   4.9461E+00  -4.5619E+00   9.8912E+00
  -9.1255E+00  -2.7191E-01   1.6662E-01   6.6992E+00  -7.2809E+00   6.6999E+00
  -7.2812E+00   6.6996E+00  -7.2812E+00   8.7175E-01   7.7361E-01   8.7540E-01
   7.2353E-01   1.0018E+00   7.0873E-01   7.3851E-01  -7.4137E-02  -1.9185E-01
  -2.0128E-01  -1.6809E-01  -1.2104E-01  -8.0263E-02  -1.5178E-01  -1.5539E-01
  -1.1379E-01  -1.3232E-01  -8.3684E-02  -7.8746E-02  -3.2747E-02   3.6650E-02
   3.1735E-02   2.9498E-02  -2.8392E-02  -3.6732E-03  -2.1168E-02  -3.5443E-02
   1.9795E-02   2.5864E-02   3.9113E-02   7.9419E-02   3.9868E-02   1.4110E-02
   3.1306E-02  -2.4766E-02  -2.9656E-02  -3.6286E-02  -4.5894E-02  -3.0790E-02
   6.6992E-02  -2.0510E-02  -3.1553E-02  -9.0639E-03  -5.5592E-03  -7.1947E-03
  -1.0490E-02   5.8853E-03   4.1277E-02   2.6715E-02   2.2909E-03   7.7932E-03
  -1.0635E-02  -1.3214E-02   6.7854E-03  -3.9868E-03  -8.2379E-03  -6.2709E-03
  -2.2484E-03   2.8556E-02  -1.9783E-02  -2.4777E-02  -4.5394E-03   1.2394E-02
  -4.7689E-03   2.8374E-02   6.0008E-04  -5.5512E-03   1.0530E-02  -9.1849E-03
  -3.6843E-03  -1.2663E-02   2.5505E-02   6.9412E-03  -4.9793E-03  -6.0068E-03
   5.8683E-03   5.6468E-03   7.3763E-03  -3.7677E-03  -1.1486E-02  -1.0187E-02
   1.8942E-04  -2.4915E-02  -5.0913E-03   8.9648E-04  -4.1831E-03  -8.8065E-03
  -1.2972E-02  -8.4873E-03  -3.5521E-03  -2.3687E-03  -2.7525E-04   7.9148E-03
   1.2735E-02   1.2235E-02  -1.6661E-03  -1.5208E-02  -1.4667E-02  -1.6682E-02
  -4.4366E-03   2.0714E-01  -3.2454E-02  -2.2582E-02   7.4488E-02   6.8106E-03
   6.4470E-02   2.2103E-02  -4.6949E-04   4.6537E-02  -8.6813E-03  -6.3234E-02
  -6.1029E-02  -6.9159E-02   8.1735E-02   7.9072E-02   4.1744E-02  -2.7461E-02
   5.6735E-03  -4.8810E-02  -4.6350E-02   1.9453E-02   2.4251E-02   2.5922E-02
  -5.3787E-03   2.4827E-02   3.7664E-02   2.3210E-02  -1.2564E-02  -1.6325E-02
  -2.5301E-02  -3.0700E-02  -1.7768E-02   5.3592E-02  -1.3465E-02  -2.5132E-02
  -2.1614E-03  -1.5753E-02  -1.4879E-02  -5.2638E-03  -2.2132E-02   4.1378E-02
   3.1160E-02  -8.3177E-03  -3.4010E-02  -1.2268E-02  -1.5979E-02  -1.2799E-02
  -1.5475E-02  -9.3922E-03  -1.2214E-02  -1.1573E-02   1.8609E-02  -1.3219E-02
  -2.0430E-02  -9.3206E-03   1.5591E-02  -3.9159E-03   1.2456E-02  -4.9594E-03
  -1.1217E-02   1.1936E-02  -1.2960E-02  -1.8400E-03  -1.1588E-02   3.2767E-02
  -6.7271E-03  -1.3722E-03  -2.1669E-03   8.3915E-03   8.6243E-03  -1.4130E-03
  -3.1652E-03  -1.1668E-02   2.6688E-03   2.4656E-04  -3.3848E-02  -8.4961E-03
  -2.7336E-03   8.3062E-04  -5.0958E-03  -1.1199E-02   9.4553E-06   3.3038E-04
   4.2964E-03  -6.2119E-03  -1.6706E-03   9.8168E-05  -1.3238E-03   2.8225E-03
   2.2566E-02   2.2471E-02   2.1688E-02  -2.4597E-03  -5.2542E-02  -1.9757E-01
  -2.0460E-01  -1.6268E-01  -1.4687E-01  -6.4053E-02  -1.3907E-01  -1.4645E-01
  -1.5650E-01  -1.3422E-01  -7.8718E-02  -7.7434E-02  -2.8967E-02  -1.7953E-02
  -2.0728E-02  -5.9657E-03  -1.4824E-02  -1.3530E-02   1.3353E-03  -8.0899E-03
   6.7911E-03   1.2050E-02   3.0993E-02   8.7315E-02   6.4647E-02   3.0702E-02
   2.8230E-02  -3.1000E-02  -2.7947E-02  -3.6012E-02  -4.5100E-02  -2.5277E-02
   1.6152E-02  -1.4715E-02  -2.2046E-02  -1.9130E-03  -3.5936E-03  -1.2403E-02
  -1.6862E-02   1.8029E-02   3.0523E-02   2.9688E-02   2.0139E-03   1.3888E-02
  -1.3118E-02  -9.0898E-03   8.6091E-03  -2.3604E-03  -8.6135E-03  -7.8571E-03
  -2.4203E-03   2.4936E-02  -1.5294E-02  -1.9452E-02  -3.9377E-03   1.3070E-02
  -4.1480E-03   3.3814E-02   3.4101E-03   2.5234E-03   1.5649E-03  -9.5297E-03
  -8.9059E-04  -7.2007E-03   2.3779E-02   1.3045E-04  -7.8563E-03  -1.2592E-02
  -1.0017E-03   6.5166E-03   4.8257E-03  -2.9937E-03  -6.2053E-03  -1.3691E-02
  -1.6716E-03  -2.1203E-02  -1.4440E-03  -4.0954E-03  -1.4819E-03  -5.2751E-03
  -5.9138E-03  -1.2478E-02  -1.7081E-03  -3.2046E-03   7.2401E-03   8.9335E-03
   1.1064E-02   1.6282E-02  -4.2815E-03  -2.3558E-02  -2.3167E-02  -2.3156E-02
  -1.7891E-03   1.2871E-01  -4.5423E-02  -3.7005E-02   1.9664E-02  -1.1859E-02
   1.4467E-02  -3.5951E-02  -4.9645E-02   1.9021E-02  -4.8446E-02  -6.5220E-02
  -6.3495E-02  -8.9403E-02   5.1098E-02   5.2018E-02   1.7850E-02  -1.7198E-02
   2.1897E-03  -3.5248E-02  -2.7888E-02   8.9584E-03   1.4267E-02   1.7806E-02
  -5.5980E-03   4.9185E-02   6.0118E-02   1.9625E-02  -1.5220E-02  -1.3772E-02
  -2.2626E-02  -2.5384E-02  -1.2666E-02   2.0169E-02  -9.8972E-03  -1.6409E-02
   4.6511E-03  -1.4593E-02  -1.9958E-02  -9.9856E-03  -1.4589E-02   3.1658E-02
   3.4613E-02  -8.7680E-03  -3.9107E-02  -1.6059E-02  -1.2780E-02  -1.3433E-02
  -1.5507E-02  -1.0966E-02  -1.4259E-02  -1.4268E-02   1.2138E-02  -9.5704E-03
  -1.4689E-02  -9.2197E-03   1.6249E-02  -2.2689E-03   1.3551E-02  -3.3106E-03
  -6.6898E-03   5.7485E-03  -1.5880E-02   5.7854E-04  -6.7635E-03   3.5350E-02
  -1.6648E-02  -2.1131E-03  -5.8277E-03   2.2735E-03   7.5728E-03  -2.4230E-03
  -2.8887E-03  -7.5659E-03   3.2790E-03  -4.6587E-04  -3.1103E-02  -5.1556E-03
  -8.5472E-03   2.1835E-03  -1.3081E-03  -3.6955E-03  -3.2844E-03  -2.2307E-03
   2.2757E-03   1.4587E-04  -2.5272E-03  -2.4123E-03   2.0307E-03   1.9756E-03
   2.1104E-02   2.1573E-02   2.0661E-02   1.1851E-03
  > E    =  -9.939098853646E+02 +/-   1.570250088710E-04
  > varE =   4.039778862846E-03
* Computing derivatives.
    [walltime: 2m40s elapsed, 3m55s remaining]
  Done. [total walltime: 6m41s]
* Optimizing manipulation constant:
  #igrid a___________ E____________________________________ varE____________
     1     Infinity    -9.93909885E+02 +/-   1.57025009E-04   4.03977886E-03
     2     1.0000E+06  -9.93909885E+02 +/-   1.57025000E-04   4.03977843E-03
     3     2.1544E+05  -9.93909885E+02 +/-   1.57024969E-04   4.03977683E-03
     4     4.6416E+04  -9.93909885E+02 +/-   1.57024826E-04   4.03976943E-03
     5     1.0000E+04  -9.93909885E+02 +/-   1.57024158E-04   4.03973510E-03
     6     2.1544E+03  -9.93909886E+02 +/-   1.57021068E-04   4.03957610E-03
     7     4.6416E+02  -9.93909886E+02 +/-   1.57006866E-04   4.03884540E-03
     8     1.0000E+02  -9.93909889E+02 +/-   1.56943937E-04   4.03560845E-03
     9     2.1544E+01  -9.93909897E+02 +/-   1.56712065E-04   4.02369273E-03
    10     4.6416E+00  -9.93909871E+02 +/-   1.56755537E-04   4.02592539E-03
    11     1.0000E+00  -9.93908283E+02 +/-   1.80020747E-04   5.30963975E-03
    12     2.1544E-01  -9.93894769E+02 +/-   3.19345710E-04   1.67086789E-02
    13     4.6416E-02  -9.93876033E+02 +/-   4.45308756E-04   3.24894537E-02
    14     1.0000E-02  -9.93868025E+02 +/-   4.89167411E-04   3.92044144E-02
    15     2.1544E-03  -9.93865953E+02 +/-   4.99873488E-04   4.09392749E-02
    16     4.6416E-04  -9.93865487E+02 +/-   5.02246143E-04   4.13288346E-02
    17     1.0000E-04  -9.93865386E+02 +/-   5.02760470E-04   4.14135240E-02
    18     2.1544E-05  -9.93865364E+02 +/-   5.02871426E-04   4.14318054E-02
    19     4.6416E-06  -9.93865359E+02 +/-   5.02895338E-04   4.14357456E-02
    20     1.0000E-06  -9.93865358E+02 +/-   5.02900490E-04   4.14365946E-02
    21     0.0000E+00  -9.93865358E+02 +/-   5.02901905E-04   4.14368277E-02
  ParMin   3.1166E+01  -9.93909895E+02 +/-   1.56791956E-04   4.02779625E-03
  # Using grid point #9
* Iteration # 1: E =  -9.939098974164E+02 +/-   1.567120654243E-04
* Diminishing returns: exiting.
* After optimization:
  -2.1318E+01  -2.1054E+01  -2.1298E+01  -2.1031E+01  -2.1462E+01  -2.1020E+01
  -2.0770E+01   2.1029E+00   1.9712E+00   1.1226E+00   1.0753E+00   2.3734E+00
   2.7223E+00   2.2900E+00   2.2981E+00   1.4564E+00   1.4321E+00   1.4883E+00
   1.4602E+00   2.1415E+00   2.1408E+00   1.4789E+00   1.4393E+00   1.3878E+00
   1.4432E+00   1.1389E+00   1.3912E+00   1.3885E+00   1.3731E+00   1.3014E+00
   1.2946E+00   2.1943E+00   2.1938E+00   1.8107E+00   1.8106E+00   1.4648E+00
   1.4682E+00   6.7495E-01   6.7292E-01   1.1263E+00   1.1265E+00   1.1328E+00
   1.1308E+00   1.1135E+00   1.1133E+00   2.3324E+00   2.3271E+00   8.1599E-01
   8.1063E-01   1.5937E+00   1.6047E+00   1.9728E+00   1.9701E+00   1.0614E+00
   1.0614E+00   1.4605E+00   1.4621E+00   1.1447E+00   1.1447E+00   1.1195E+00
   6.2413E-01   6.2363E-01   1.6963E+00   1.6789E+00   6.5286E-01   6.5146E-01
   1.4367E+00   1.4375E+00   5.0605E-01   5.0346E-01   9.2335E-01   9.2393E-01
   8.0025E-02   5.6248E-01   5.6135E-01   7.0349E-01   7.0360E-01   1.0673E-01
   9.4980E-01   9.4730E-01   8.4507E-01   8.4328E-01   1.5350E+00   1.5371E+00
   6.6679E-01   6.6694E-01   9.6034E-01   9.6119E-01   7.3166E-01   7.2889E-01
   9.7670E-01   9.7704E-01   1.4454E-01   1.4352E-01   1.6356E-01   1.6295E-01
   4.3923E-01   4.3967E-01   8.7133E-01   8.6818E-01   9.3719E-01   9.3639E-01
   9.2102E-01   9.1978E-01   6.3906E-02   6.2849E-02   4.4558E-01   4.4594E-01
   4.6125E-02   4.4570E-02   6.1521E-01   6.1287E-01   4.0519E-01   4.0329E-01
   5.4467E-01   5.4491E-01   8.5978E-01   2.5335E-01  -3.9557E-01  -3.9680E-01
   4.8148E-01   4.8041E-01   7.2368E-01   7.2270E-01   8.5703E-01   1.1120E-01
   1.1026E-01   1.2322E-01   1.2346E-01  -2.0569E-02  -2.1545E-02   4.1107E-01
   4.0875E-01  -2.2149E-02  -2.3246E-02   9.9874E-02   1.0173E-01  -3.9047E-01
  -3.9098E-01   4.2446E-01   4.2376E-01   4.1544E-02   4.0514E-02   1.5172E+00
   1.5194E+00   5.5107E-01   5.5111E-01   2.3633E-01  -2.7747E-01  -2.7831E-01
  -2.7125E-01  -2.7192E-01   4.8394E-01   4.8304E-01   4.4554E-02   4.3485E-02
  -7.6926E-01  -3.8547E-01  -3.8504E-01   1.6416E-03   4.2251E-01   4.2205E-01
  -3.8406E-01  -3.8367E-01  -7.6691E-01   1.0338E-01   1.0476E-01   5.8108E-01
   5.7699E-01   5.8172E-01   5.7657E-01   5.8048E-01   5.7642E-01   3.5649E+00
  -5.7641E+00   1.7935E+00  -2.9149E+00   4.0215E+00  -5.0994E+00  -1.3922E+00
  -1.0183E+00  -1.2111E+01   9.3812E+00  -6.8054E+00   4.3864E+00  -2.5212E-01
  -1.2972E+00  -1.3761E+00  -1.8493E-01  -1.7665E+00  -3.9552E-01   1.2637E+00
  -2.7841E+00  -4.3191E+00   2.9362E+00  -1.2764E+00  -1.6685E-01   8.7863E+00
  -9.9236E+00  -2.7240E+00   1.3459E+00  -4.2465E+00   2.8851E+00   3.7955E+00
  -5.0826E+00  -6.5504E+00   4.3503E+00  -1.6014E+00  -2.0629E-01  -3.8053E+00
   2.3347E+00   3.1519E+00  -3.8301E+00   1.4463E+00  -2.5690E+00  -1.1896E+00
   6.0415E-02  -7.2295E-02  -1.0366E+00  -6.5822E+00   4.2808E+00   3.1241E+00
  -3.9048E+00  -3.8359E+00   2.2666E+00  -6.6192E+00   4.6543E+00   3.8828E+00
  -4.9462E+00  -7.8672E+00   6.4081E+00  -2.6394E+00   1.4913E+00  -4.1601E+00
   3.0368E+00   2.1182E-01  -8.3446E-01   3.7605E+00  -5.4319E+00   6.2093E-01
  -1.2724E+00  -1.0508E+00  -3.8441E-01   6.7299E+00  -7.2352E+00  -4.5940E+00
   3.6701E+00   4.5984E+00  -4.6785E+00   2.6375E+00  -3.1993E+00   1.7952E-01
  -8.9063E-01   4.5909E+00  -4.6952E+00  -4.6017E+00   3.6550E+00   1.8058E+00
  -2.6497E+00  -7.8978E+00   6.3546E+00  -2.3515E+00   1.6843E+00  -7.5748E+00
   6.6142E+00   5.8843E-01  -1.3245E+00  -7.5803E+00   6.6025E+00   2.0262E+00
  -2.1705E+00   2.0198E+00  -2.1833E+00  -3.2004E+00   2.7616E+00   1.7992E+00
  -2.6671E+00  -2.2985E+00   1.3616E+00  -2.2940E+00   1.3735E+00   5.8957E+00
  -5.9596E+00  -3.2030E+00   2.7575E+00   5.9021E+00  -5.9476E+00   2.6223E+00
  -3.2349E+00   9.6844E-01  -1.3721E+00  -5.7933E+00   5.2478E+00  -1.1031E+01
   1.0170E+01  -5.6506E-01   3.1178E-01   7.2724E+00  -6.8768E+00  -2.0333E+00
   1.5517E+00  -2.3667E+00   1.6441E+00  -1.1028E+01   1.0172E+01   2.9062E+00
  -3.0163E+00   2.9031E+00  -3.0257E+00   2.3317E+00  -2.3105E+00   9.6678E-01
  -1.3768E+00   2.3319E+00  -2.3088E+00  -2.6947E-01   1.6829E-01   7.2710E+00
  -6.8808E+00  -5.5120E+00   5.0879E+00  -5.6594E-01   5.2482E-01  -1.0856E+00
  -4.4211E-01  -5.7955E+00   5.2442E+00  -5.5961E-01   3.2364E-01   4.6740E+00
  -4.3963E+00   4.6719E+00  -4.3998E+00  -2.0340E+00   1.5496E+00  -5.6751E-01
   5.2333E-01   9.8938E+00  -9.1246E+00   4.9471E+00  -4.5622E+00  -1.2982E-03
  -1.3721E-03  -5.5111E+00   5.0890E+00   4.9464E+00  -4.5623E+00   9.8920E+00
  -9.1259E+00  -2.7160E-01   1.6654E-01   6.6997E+00  -7.2812E+00   6.7004E+00
  -7.2815E+00   6.7001E+00  -7.2816E+00   8.8338E-01   7.8260E-01   8.8640E-01
   7.3340E-01   1.0132E+00   7.1753E-01   7.4643E-01  -7.2413E-02  -1.9613E-01
  -2.0445E-01  -1.6703E-01  -1.2255E-01  -8.1678E-02  -1.5464E-01  -1.5869E-01
  -1.1472E-01  -1.3443E-01  -8.4789E-02  -7.9202E-02  -3.2529E-02   3.6895E-02
   3.2801E-02   3.0027E-02  -2.8309E-02  -3.8370E-03  -2.1102E-02  -3.6058E-02
   2.0071E-02   2.6513E-02   3.9769E-02   7.9685E-02   4.0893E-02   1.4371E-02
   3.1927E-02  -2.5329E-02  -2.9943E-02  -3.6685E-02  -4.6489E-02  -3.1032E-02
   6.6426E-02  -2.0555E-02  -3.1731E-02  -8.8626E-03  -5.0904E-03  -7.2468E-03
  -1.0569E-02   6.3473E-03   4.2316E-02   2.7256E-02   2.0619E-03   8.0062E-03
  -1.1028E-02  -1.3578E-02   6.9351E-03  -4.0969E-03  -8.8036E-03  -6.7224E-03
  -2.0891E-03   2.8390E-02  -2.0184E-02  -2.5113E-02  -4.7022E-03   1.2530E-02
  -4.7508E-03   2.8637E-02   9.6062E-04  -5.1669E-03   1.0007E-02  -8.7645E-03
  -3.9875E-03  -1.3184E-02   2.6048E-02   7.3612E-03  -5.2312E-03  -6.1596E-03
   5.8107E-03   5.6630E-03   6.7615E-03  -3.8770E-03  -1.1230E-02  -9.5383E-03
  -4.1331E-04  -2.5135E-02  -4.7800E-03   1.0931E-03  -3.9361E-03  -8.2732E-03
  -1.2693E-02  -8.0926E-03  -3.4458E-03  -2.0475E-03   4.8819E-04   7.8239E-03
   1.2603E-02   1.1933E-02  -1.7376E-03  -1.5491E-02  -1.4952E-02  -1.6991E-02
  -4.6566E-03   2.1055E-01  -3.3358E-02  -2.3786E-02   7.5781E-02   6.5749E-03
   6.5060E-02   2.1588E-02  -1.0874E-03   4.7237E-02  -9.1534E-03  -6.3666E-02
  -6.1525E-02  -7.0089E-02   8.2633E-02   8.0801E-02   4.2327E-02  -2.7487E-02
   6.0747E-03  -4.8813E-02  -4.6555E-02   1.9911E-02   2.4463E-02   2.6330E-02
  -5.8837E-03   2.5252E-02   3.7856E-02   2.3885E-02  -1.2911E-02  -1.6714E-02
  -2.5574E-02  -3.1084E-02  -1.8074E-02   5.3885E-02  -1.3800E-02  -2.5393E-02
  -2.1273E-03  -1.5733E-02  -1.4942E-02  -4.9981E-03  -2.2180E-02   4.1771E-02
   3.1888E-02  -8.8056E-03  -3.4126E-02  -1.2260E-02  -1.6086E-02  -1.2819E-02
  -1.5582E-02  -9.5099E-03  -1.2135E-02  -1.1259E-02   1.8368E-02  -1.3445E-02
  -2.0569E-02  -9.4535E-03   1.6071E-02  -3.7884E-03   1.2503E-02  -4.7984E-03
  -1.1217E-02   1.1617E-02  -1.3549E-02  -1.6243E-03  -1.1567E-02   3.3259E-02
  -6.9706E-03  -1.3435E-03  -2.4637E-03   7.8515E-03   8.8456E-03  -1.0783E-03
  -3.3865E-03  -1.1632E-02   2.5716E-03   2.1412E-04  -3.4012E-02  -8.6313E-03
  -3.1450E-03   9.9285E-04  -4.9113E-03  -1.1203E-02  -3.7937E-04  -3.0671E-04
   4.0351E-03  -5.2630E-03  -1.1135E-03   6.0410E-04  -1.0702E-03   2.5001E-03
   2.2547E-02   2.2549E-02   2.1706E-02  -3.2985E-03  -5.0325E-02  -1.9955E-01
  -2.0531E-01  -1.5987E-01  -1.4751E-01  -6.4725E-02  -1.4019E-01  -1.4827E-01
  -1.5586E-01  -1.3455E-01  -7.8518E-02  -7.7079E-02  -2.8186E-02  -1.8161E-02
  -2.0588E-02  -5.7884E-03  -1.4185E-02  -1.3876E-02   1.4991E-03  -8.2303E-03
   6.6728E-03   1.2197E-02   3.1064E-02   8.6835E-02   6.5012E-02   3.0644E-02
   2.8070E-02  -3.1004E-02  -2.7815E-02  -3.5721E-02  -4.4832E-02  -2.5248E-02
   1.5333E-02  -1.4281E-02  -2.2142E-02  -2.2024E-03  -3.2945E-03  -1.2077E-02
  -1.6933E-02   1.8240E-02   3.1147E-02   2.9497E-02   2.2494E-03   1.4291E-02
  -1.3344E-02  -9.4148E-03   8.8971E-03  -2.4968E-03  -8.9735E-03  -8.4444E-03
  -2.2655E-03   2.4978E-02  -1.5141E-02  -1.9234E-02  -4.0380E-03   1.2886E-02
  -4.0773E-03   3.3897E-02   3.4407E-03   2.6387E-03   1.4793E-03  -8.9407E-03
  -1.2522E-03  -7.7284E-03   2.4032E-02   9.7048E-04  -7.8951E-03  -1.2507E-02
  -5.7341E-04   6.1449E-03   4.1760E-03  -2.8779E-03  -6.1871E-03  -1.3002E-02
  -1.9492E-03  -2.1134E-02  -1.2981E-03  -3.3419E-03  -1.4591E-03  -4.8329E-03
  -5.6736E-03  -1.1574E-02  -1.1224E-03  -3.2108E-03   7.1641E-03   8.2661E-03
   1.0886E-02   1.5644E-02  -3.5778E-03  -2.3387E-02  -2.2991E-02  -2.2999E-02
  -1.5202E-03   1.3008E-01  -4.6409E-02  -3.8119E-02   2.0524E-02  -1.2794E-02
   1.3815E-02  -3.7235E-02  -5.0949E-02   1.9426E-02  -4.8744E-02  -6.4457E-02
  -6.3405E-02  -8.9424E-02   5.1134E-02   5.2173E-02   1.7919E-02  -1.6876E-02
   2.4082E-03  -3.4831E-02  -2.7485E-02   9.0918E-03   1.3924E-02   1.7767E-02
  -5.9413E-03   4.9167E-02   5.9759E-02   1.9653E-02  -1.5058E-02  -1.3989E-02
  -2.2428E-02  -2.5311E-02  -1.2861E-02   2.0287E-02  -9.8810E-03  -1.6497E-02
   4.1755E-03  -1.4651E-02  -1.9623E-02  -9.6621E-03  -1.4432E-02   3.1485E-02
   3.4622E-02  -8.6235E-03  -3.8472E-02  -1.5807E-02  -1.2760E-02  -1.3007E-02
  -1.5568E-02  -1.0755E-02  -1.4029E-02  -1.3890E-02   1.2158E-02  -9.1954E-03
  -1.4361E-02  -9.1254E-03   1.6505E-02  -1.9696E-03   1.3565E-02  -3.2115E-03
  -6.9000E-03   5.6270E-03  -1.6564E-02   7.0608E-04  -6.8122E-03   3.5416E-02
  -1.6369E-02  -2.0748E-03  -6.0234E-03   2.0065E-03   7.3941E-03  -1.9933E-03
  -2.9147E-03  -7.7430E-03   2.5980E-03   7.1828E-05  -3.0941E-02  -5.5249E-03
  -8.6484E-03   2.2522E-03  -1.3323E-03  -3.8767E-03  -3.3993E-03  -2.2660E-03
   1.4464E-03   8.5825E-04  -2.2524E-03  -1.6537E-03   2.3389E-03   2.0320E-03
   2.1155E-02   2.1571E-02   2.0739E-02   8.3204E-04
  > Energy =  -9.939098974164E+02 +/-   1.567120654243E-04
  > varE =   4.023692730295E-03

VMC #3:
* Size of Hilbert space =   1.0817E+14
* Number of equil. steps   = 1000
* Running VMC equilibration.
  Done. [total walltime: 0.33s]
* Equil. acc.ratio (%)     =  12.1790
* Sample config after equilibration:
  +-------------------------+
  |  d   2   0   2   2   d  |
  |u   u   0   2   0   0   u|
  |d   d   d   d   2   d   d|
  |  u   u   u   u   0   u  |
  +-------------------------+
* Number of accum. steps   = 655360 x 10
* Running VMC accumulation.
  Done. [total walltime: 2.32s]
* Acceptance ratio (%)     =  12.1262
* Etot/t                   =  -9.939098922236E+02 +/-   8.330586731712E-05
  > Ttot/t                 =  -9.591117547925E+01 +/-   9.367014060651E-04
  > Utot/t                 =   4.230943770653E+01 +/-   9.283179962660E-04
* var[Eloc/t]              =   4.022184492359E-03 +/-   4.515247166993E-05
* Correlation length       =   1.130756580844E+00
* log10 Psi^2 range: -132.7163709734828 -- -120.7516366134567
* log10 Pgen range : -132.7163709734828 -- -120.7516366134567
* Site occupation (ave. no. electrons per config.):
  > Site_  ___eu____  ___ed____
      1        0.496      0.501
      2        0.496      0.500
      3        0.499      0.499
      4        0.497      0.497
      5        0.505      0.501
      6        0.503      0.502
      7        0.502      0.501
      8        0.499      0.500
      9        0.498      0.499
     10        0.500      0.495
     11        0.498      0.497
     12        0.505      0.503
     13        0.503      0.503
     14        0.504      0.501
     15        0.505      0.501
     16        0.498      0.496
     17        0.499      0.497
     18        0.501      0.505
     19        0.496      0.499
     20        0.502      0.502
     21        0.500      0.504
     22        0.501      0.502
     23        0.497      0.500
     24        0.495      0.498
     25        0.500      0.498
     26        0.502      0.499
* Pair-correlation analysis (ave. no. pairs per config.):
  > Shell  nsite  ___dh____  __eueu___  __eued___
      0      1        0          0          4.491
      1      0        0.919      0.497      2.600
      2      0        0.135      0.361      0.531
      3      0        0.266      0.718      1.061
      4      0        0.225      0.769      1.070
      5      0        0.254      0.737      1.055
      6      0        0.754      0.847      2.440
      7      0        0.671      1.047      2.337
      8      0        0.596      1.224      2.262
      9      0        0.446      1.547      2.093
     10      0        0.525      1.383      2.183
     11      0        0.138      0.815      1.159
     12      0        0.135      0.833      1.141
     13      0        0.137      0.852      1.084
     14      0        0.223      2.115      1.911
     15      0        0.111      1.060      0.953
     16      0        0.223      2.082      1.908
     17      0        0.262      1.901      2.069
     18      0        0.237      2.052      1.929
     19      0        0.296      1.870      2.055
     20      0        0.304      1.874      2.061
     21      0        0.240      2.093      1.921
     22      0        0.244      2.118      1.908
     23      0        0.241      2.128      1.889
     24      0        0.236      2.109      1.913
     25      0        0.274      2.088      1.906
     26      0        0.267      2.086      1.898
     27      0        0.233      2.136      1.887
     28      0        0.215      1.949      2.057
     29      0        0.241      2.064      1.941
     30      0        0.214      1.946      2.095
     31      0        0.108      0.966      1.055
     32      0        0.245      2.056      1.944
     33      0        0.212      2.136      1.889
     34      0        0.246      2.044      1.968
     35      0        0.220      2.079      1.954
     36      0        0.246      2.012      1.955
     37      0        0.285      1.939      2.021
     38      0        0.143      0.963      1.013
     39      0        0.215      1.978      2.028
     40      0        0.258      1.895      2.081
     41      0        0.141      1.011      0.970
     42      0        0.274      2.024      1.955
     43      0        0.253      1.955      2.036
     44      0        0.257      1.870      2.103
     45      0        0.214      1.988      2.054
     46      0        0.240      2.028      1.975
     47      0        0.254      1.934      2.060
     48      0        0.245      1.961      2.034
     49      0        0.248      2.023      1.974
     50      0        0.244      1.973      2.029
     51      0        0.274      1.957      2.004
     52      0        0.246      2.036      1.968
     53      0        0.223      1.971      2.057
     54      0        0.221      2.044      1.988
     55      0        0.253      1.970      1.999
     56      0        0.277      1.999      1.959
     57      0        0.249      2.000      1.976
     58      0        0.216      2.032      1.972
     59      0        0.254      1.985      2.020
     60      0        0.241      2.008      1.993
     61      0        0.133      0.998      0.986
     62      0        0.109      1.017      0.999
     63      0        0.245      1.991      1.975
     64      0        0.218      2.031      2.007
     65      0        0.216      2.057      1.980
     66      0        0.136      0.986      0.994
     67      0        0.217      1.993      2.011
     68      0        0.215      2.016      1.989
     69      0        0.247      2.011      1.990
     70      0        0.249      2.022      1.990
     71      0        0.250      1.985      2.007
     72      0        0.217      2.025      2.011
     73      0        0.247      1.972      1.989
     74      0        0.244      2.002      1.994
     75      0        0.242      1.987      1.980
     76      0        0.241      1.843      2.149
     77      0        0.238      1.988      2.017
     78      0        0.106      1.005      1.017
     79      0        0.215      1.998      2.007
     80      0        0.214      2.005      1.999
     81      0        0.219      1.999      2.035
     82      0        0.242      1.979      1.987
     83      0        0.109      0.992      0.992
     84      0        0.219      2.004      1.999
     85      0        0.110      1.013      1.006
     86      0        0.242      1.995      2.005
     87      0        0.220      1.994      2.006
     88      0        0.109      0.994      0.990
     89      0        0.216      2.014      2.024
     90      0        0.127      0.970      1.003
     91      0        0.063      0.484      0.503
     92      0        0.063      0.486      0.508
     93      0        0.111      1.006      1.010

Optimization #3:
* Method          : lls
* Target function : energy
* No. of configs. : 163840
* No. of params.  : 736
* Before optimization:
  -2.1318E+01  -2.1054E+01  -2.1298E+01  -2.1031E+01  -2.1462E+01  -2.1020E+01
  -2.0770E+01   2.1029E+00   1.9712E+00   1.1226E+00   1.0753E+00   2.3734E+00
   2.7223E+00   2.2900E+00   2.2981E+00   1.4564E+00   1.4321E+00   1.4883E+00
   1.4602E+00   2.1415E+00   2.1408E+00   1.4789E+00   1.4393E+00   1.3878E+00
   1.4432E+00   1.1389E+00   1.3912E+00   1.3885E+00   1.3731E+00   1.3014E+00
   1.2946E+00   2.1943E+00   2.1938E+00   1.8107E+00   1.8106E+00   1.4648E+00
   1.4682E+00   6.7495E-01   6.7292E-01   1.1263E+00   1.1265E+00   1.1328E+00
   1.1308E+00   1.1135E+00   1.1133E+00   2.3324E+00   2.3271E+00   8.1599E-01
   8.1063E-01   1.5937E+00   1.6047E+00   1.9728E+00   1.9701E+00   1.0614E+00
   1.0614E+00   1.4605E+00   1.4621E+00   1.1447E+00   1.1447E+00   1.1195E+00
   6.2413E-01   6.2363E-01   1.6963E+00   1.6789E+00   6.5286E-01   6.5146E-01
   1.4367E+00   1.4375E+00   5.0605E-01   5.0346E-01   9.2335E-01   9.2393E-01
   8.0025E-02   5.6248E-01   5.6135E-01   7.0349E-01   7.0360E-01   1.0673E-01
   9.4980E-01   9.4730E-01   8.4507E-01   8.4328E-01   1.5350E+00   1.5371E+00
   6.6679E-01   6.6694E-01   9.6034E-01   9.6119E-01   7.3166E-01   7.2889E-01
   9.7670E-01   9.7704E-01   1.4454E-01   1.4352E-01   1.6356E-01   1.6295E-01
   4.3923E-01   4.3967E-01   8.7133E-01   8.6818E-01   9.3719E-01   9.3639E-01
   9.2102E-01   9.1978E-01   6.3906E-02   6.2849E-02   4.4558E-01   4.4594E-01
   4.6125E-02   4.4570E-02   6.1521E-01   6.1287E-01   4.0519E-01   4.0329E-01
   5.4467E-01   5.4491E-01   8.5978E-01   2.5335E-01  -3.9557E-01  -3.9680E-01
   4.8148E-01   4.8041E-01   7.2368E-01   7.2270E-01   8.5703E-01   1.1120E-01
   1.1026E-01   1.2322E-01   1.2346E-01  -2.0569E-02  -2.1545E-02   4.1107E-01
   4.0875E-01  -2.2149E-02  -2.3246E-02   9.9874E-02   1.0173E-01  -3.9047E-01
  -3.9098E-01   4.2446E-01   4.2376E-01   4.1544E-02   4.0514E-02   1.5172E+00
   1.5194E+00   5.5107E-01   5.5111E-01   2.3633E-01  -2.7747E-01  -2.7831E-01
  -2.7125E-01  -2.7192E-01   4.8394E-01   4.8304E-01   4.4554E-02   4.3485E-02
  -7.6926E-01  -3.8547E-01  -3.8504E-01   1.6416E-03   4.2251E-01   4.2205E-01
  -3.8406E-01  -3.8367E-01  -7.6691E-01   1.0338E-01   1.0476E-01   5.8108E-01
   5.7699E-01   5.8172E-01   5.7657E-01   5.8048E-01   5.7642E-01   3.5649E+00
  -5.7641E+00   1.7935E+00  -2.9149E+00   4.0215E+00  -5.0994E+00  -1.3922E+00
  -1.0183E+00  -1.2111E+01   9.3812E+00  -6.8054E+00   4.3864E+00  -2.5212E-01
  -1.2972E+00  -1.3761E+00  -1.8493E-01  -1.7665E+00  -3.9552E-01   1.2637E+00
  -2.7841E+00  -4.3191E+00   2.9362E+00  -1.2764E+00  -1.6685E-01   8.7863E+00
  -9.9236E+00  -2.7240E+00   1.3459E+00  -4.2465E+00   2.8851E+00   3.7955E+00
  -5.0826E+00  -6.5504E+00   4.3503E+00  -1.6014E+00  -2.0629E-01  -3.8053E+00
   2.3347E+00   3.1519E+00  -3.8301E+00   1.4463E+00  -2.5690E+00  -1.1896E+00
   6.0415E-02  -7.2295E-02  -1.0366E+00  -6.5822E+00   4.2808E+00   3.1241E+00
  -3.9048E+00  -3.8359E+00   2.2666E+00  -6.6192E+00   4.6543E+00   3.8828E+00
  -4.9462E+00  -7.8672E+00   6.4081E+00  -2.6394E+00   1.4913E+00  -4.1601E+00
   3.0368E+00   2.1182E-01  -8.3446E-01   3.7605E+00  -5.4319E+00   6.2093E-01
  -1.2724E+00  -1.0508E+00  -3.8441E-01   6.7299E+00  -7.2352E+00  -4.5940E+00
   3.6701E+00   4.5984E+00  -4.6785E+00   2.6375E+00  -3.1993E+00   1.7952E-01
  -8.9063E-01   4.5909E+00  -4.6952E+00  -4.6017E+00   3.6550E+00   1.8058E+00
  -2.6497E+00  -7.8978E+00   6.3546E+00  -2.3515E+00   1.6843E+00  -7.5748E+00
   6.6142E+00   5.8843E-01  -1.3245E+00  -7.5803E+00   6.6025E+00   2.0262E+00
  -2.1705E+00   2.0198E+00  -2.1833E+00  -3.2004E+00   2.7616E+00   1.7992E+00
  -2.6671E+00  -2.2985E+00   1.3616E+00  -2.2940E+00   1.3735E+00   5.8957E+00
  -5.9596E+00  -3.2030E+00   2.7575E+00   5.9021E+00  -5.9476E+00   2.6223E+00
  -3.2349E+00   9.6844E-01  -1.3721E+00  -5.7933E+00   5.2478E+00  -1.1031E+01
   1.0170E+01  -5.6506E-01   3.1178E-01   7.2724E+00  -6.8768E+00  -2.0333E+00
   1.5517E+00  -2.3667E+00   1.6441E+00  -1.1028E+01   1.0172E+01   2.9062E+00
  -3.0163E+00   2.9031E+00  -3.0257E+00   2.3317E+00  -2.3105E+00   9.6678E-01
  -1.3768E+00   2.3319E+00  -2.3088E+00  -2.6947E-01   1.6829E-01   7.2710E+00
  -6.8808E+00  -5.5120E+00   5.0879E+00  -5.6594E-01   5.2482E-01  -1.0856E+00
  -4.4211E-01  -5.7955E+00   5.2442E+00  -5.5961E-01   3.2364E-01   4.6740E+00
  -4.3963E+00   4.6719E+00  -4.3998E+00  -2.0340E+00   1.5496E+00  -5.6751E-01
   5.2333E-01   9.8938E+00  -9.1246E+00   4.9471E+00  -4.5622E+00  -1.2982E-03
  -1.3721E-03  -5.5111E+00   5.0890E+00   4.9464E+00  -4.5623E+00   9.8920E+00
  -9.1259E+00  -2.7160E-01   1.6654E-01   6.6997E+00  -7.2812E+00   6.7004E+00
  -7.2815E+00   6.7001E+00  -7.2816E+00   8.8338E-01   7.8260E-01   8.8640E-01
   7.3340E-01   1.0132E+00   7.1753E-01   7.4643E-01  -7.2413E-02  -1.9613E-01
  -2.0445E-01  -1.6703E-01  -1.2255E-01  -8.1678E-02  -1.5464E-01  -1.5869E-01
  -1.1472E-01  -1.3443E-01  -8.4789E-02  -7.9202E-02  -3.2529E-02   3.6895E-02
   3.2801E-02   3.0027E-02  -2.8309E-02  -3.8370E-03  -2.1102E-02  -3.6058E-02
   2.0071E-02   2.6513E-02   3.9769E-02   7.9685E-02   4.0893E-02   1.4371E-02
   3.1927E-02  -2.5329E-02  -2.9943E-02  -3.6685E-02  -4.6489E-02  -3.1032E-02
   6.6426E-02  -2.0555E-02  -3.1731E-02  -8.8626E-03  -5.0904E-03  -7.2468E-03
  -1.0569E-02   6.3473E-03   4.2316E-02   2.7256E-02   2.0619E-03   8.0062E-03
  -1.1028E-02  -1.3578E-02   6.9351E-03  -4.0969E-03  -8.8036E-03  -6.7224E-03
  -2.0891E-03   2.8390E-02  -2.0184E-02  -2.5113E-02  -4.7022E-03   1.2530E-02
  -4.7508E-03   2.8637E-02   9.6062E-04  -5.1669E-03   1.0007E-02  -8.7645E-03
  -3.9875E-03  -1.3184E-02   2.6048E-02   7.3612E-03  -5.2312E-03  -6.1596E-03
   5.8107E-03   5.6630E-03   6.7615E-03  -3.8770E-03  -1.1230E-02  -9.5383E-03
  -4.1331E-04  -2.5135E-02  -4.7800E-03   1.0931E-03  -3.9361E-03  -8.2732E-03
  -1.2693E-02  -8.0926E-03  -3.4458E-03  -2.0475E-03   4.8819E-04   7.8239E-03
   1.2603E-02   1.1933E-02  -1.7376E-03  -1.5491E-02  -1.4952E-02  -1.6991E-02
  -4.6566E-03   2.1055E-01  -3.3358E-02  -2.3786E-02   7.5781E-02   6.5749E-03
   6.5060E-02   2.1588E-02  -1.0874E-03   4.7237E-02  -9.1534E-03  -6.3666E-02
  -6.1525E-02  -7.0089E-02   8.2633E-02   8.0801E-02   4.2327E-02  -2.7487E-02
   6.0747E-03  -4.8813E-02  -4.6555E-02   1.9911E-02   2.4463E-02   2.6330E-02
  -5.8837E-03   2.5252E-02   3.7856E-02   2.3885E-02  -1.2911E-02  -1.6714E-02
  -2.5574E-02  -3.1084E-02  -1.8074E-02   5.3885E-02  -1.3800E-02  -2.5393E-02
  -2.1273E-03  -1.5733E-02  -1.4942E-02  -4.9981E-03  -2.2180E-02   4.1771E-02
   3.1888E-02  -8.8056E-03  -3.4126E-02  -1.2260E-02  -1.6086E-02  -1.2819E-02
  -1.5582E-02  -9.5099E-03  -1.2135E-02  -1.1259E-02   1.8368E-02  -1.3445E-02
  -2.0569E-02  -9.4535E-03   1.6071E-02  -3.7884E-03   1.2503E-02  -4.7984E-03
  -1.1217E-02   1.1617E-02  -1.3549E-02  -1.6243E-03  -1.1567E-02   3.3259E-02
  -6.9706E-03  -1.3435E-03  -2.4637E-03   7.8515E-03   8.8456E-03  -1.0783E-03
  -3.3865E-03  -1.1632E-02   2.5716E-03   2.1412E-04  -3.4012E-02  -8.6313E-03
  -3.1450E-03   9.9285E-04  -4.9113E-03  -1.1203E-02  -3.7937E-04  -3.0671E-04
   4.0351E-03  -5.2630E-03  -1.1135E-03   6.0410E-04  -1.0702E-03   2.5001E-03
   2.2547E-02   2.2549E-02   2.1706E-02  -3.2985E-03  -5.0325E-02  -1.9955E-01
  -2.0531E-01  -1.5987E-01  -1.4751E-01  -6.4725E-02  -1.4019E-01  -1.4827E-01
  -1.5586E-01  -1.3455E-01  -7.8518E-02  -7.7079E-02  -2.8186E-02  -1.8161E-02
  -2.0588E-02  -5.7884E-03  -1.4185E-02  -1.3876E-02   1.4991E-03  -8.2303E-03
   6.6728E-03   1.2197E-02   3.1064E-02   8.6835E-02   6.5012E-02   3.0644E-02
   2.8070E-02  -3.1004E-02  -2.7815E-02  -3.5721E-02  -4.4832E-02  -2.5248E-02
   1.5333E-02  -1.4281E-02  -2.2142E-02  -2.2024E-03  -3.2945E-03  -1.2077E-02
  -1.6933E-02   1.8240E-02   3.1147E-02   2.9497E-02   2.2494E-03   1.4291E-02
  -1.3344E-02  -9.4148E-03   8.8971E-03  -2.4968E-03  -8.9735E-03  -8.4444E-03
  -2.2655E-03   2.4978E-02  -1.5141E-02  -1.9234E-02  -4.0380E-03   1.2886E-02
  -4.0773E-03   3.3897E-02   3.4407E-03   2.6387E-03   1.4793E-03  -8.9407E-03
  -1.2522E-03  -7.7284E-03   2.4032E-02   9.7048E-04  -7.8951E-03  -1.2507E-02
  -5.7341E-04   6.1449E-03   4.1760E-03  -2.8779E-03  -6.1871E-03  -1.3002E-02
  -1.9492E-03  -2.1134E-02  -1.2981E-03  -3.3419E-03  -1.4591E-03  -4.8329E-03
  -5.6736E-03  -1.1574E-02  -1.1224E-03  -3.2108E-03   7.1641E-03   8.2661E-03
   1.0886E-02   1.5644E-02  -3.5778E-03  -2.3387E-02  -2.2991E-02  -2.2999E-02
  -1.5202E-03   1.3008E-01  -4.6409E-02  -3.8119E-02   2.0524E-02  -1.2794E-02
   1.3815E-02  -3.7235E-02  -5.0949E-02   1.9426E-02  -4.8744E-02  -6.4457E-02
  -6.3405E-02  -8.9424E-02   5.1134E-02   5.2173E-02   1.7919E-02  -1.6876E-02
   2.4082E-03  -3.4831E-02  -2.7485E-02   9.0918E-03   1.3924E-02   1.7767E-02
  -5.9413E-03   4.9167E-02   5.9759E-02   1.9653E-02  -1.5058E-02  -1.3989E-02
  -2.2428E-02  -2.5311E-02  -1.2861E-02   2.0287E-02  -9.8810E-03  -1.6497E-02
   4.1755E-03  -1.4651E-02  -1.9623E-02  -9.6621E-03  -1.4432E-02   3.1485E-02
   3.4622E-02  -8.6235E-03  -3.8472E-02  -1.5807E-02  -1.2760E-02  -1.3007E-02
  -1.5568E-02  -1.0755E-02  -1.4029E-02  -1.3890E-02   1.2158E-02  -9.1954E-03
  -1.4361E-02  -9.1254E-03   1.6505E-02  -1.9696E-03   1.3565E-02  -3.2115E-03
  -6.9000E-03   5.6270E-03  -1.6564E-02   7.0608E-04  -6.8122E-03   3.5416E-02
  -1.6369E-02  -2.0748E-03  -6.0234E-03   2.0065E-03   7.3941E-03  -1.9933E-03
  -2.9147E-03  -7.7430E-03   2.5980E-03   7.1828E-05  -3.0941E-02  -5.5249E-03
  -8.6484E-03   2.2522E-03  -1.3323E-03  -3.8767E-03  -3.3993E-03  -2.2660E-03
   1.4464E-03   8.5825E-04  -2.2524E-03  -1.6537E-03   2.3389E-03   2.0320E-03
   2.1155E-02   2.1571E-02   2.0739E-02   8.3204E-04
  > E    =  -9.939097847950E+02 +/-   1.562898904594E-04
  > varE =   4.002042652230E-03
* Computing derivatives.
    [walltime: 2m43s elapsed, 4m2s remaining]
  Done. [total walltime: 6m43s]
* Optimizing manipulation constant:
  #igrid a___________ E____________________________________ varE____________
     1     Infinity    -9.93909785E+02 +/-   1.56289890E-04   4.00204265E-03
     2     1.0000E+06  -9.93909785E+02 +/-   1.56289882E-04   4.00204223E-03
     3     2.1544E+05  -9.93909785E+02 +/-   1.56289852E-04   4.00204068E-03
     4     4.6416E+04  -9.93909785E+02 +/-   1.56289715E-04   4.00203364E-03
     5     1.0000E+04  -9.93909785E+02 +/-   1.56289131E-04   4.00200376E-03
     6     2.1544E+03  -9.93909785E+02 +/-   1.56287591E-04   4.00192487E-03
     7     4.6416E+02  -9.93909783E+02 +/-   1.56305785E-04   4.00285672E-03
     8     1.0000E+02  -9.93909719E+02 +/-   1.57051484E-04   4.04114125E-03
     9     2.1544E+01  -9.93905073E+02 +/-   2.16514900E-04   7.68060652E-03
    10     4.6416E+00  -9.92949305E+02 +/-   2.10809633E-03   7.28116449E-01
    11     1.0000E+00  -9.90675043E+02 +/-   3.22726155E-03   1.70642917E+00
    12     2.1544E-01 (error)
    13     4.6416E-02 (error)
    14     1.0000E-02 (error)
    15     2.1544E-03 (error)
    16     4.6416E-04 (error)
    17     1.0000E-04 (error)
    18     2.1544E-05 (error)
    19     4.6416E-06 (error)
    20     1.0000E-06 (error)
    21     0.0000E+00 (error)
* Iteration # 1: E =  -9.939097848261E+02 +/-   1.562875906052E-04
* Convergence: exiting.
* After optimization:
  -2.1322E+01  -2.1058E+01  -2.1303E+01  -2.1035E+01  -2.1466E+01  -2.1024E+01
  -2.0774E+01   2.1029E+00   1.9711E+00   1.1226E+00   1.0753E+00   2.3734E+00
   2.7223E+00   2.2900E+00   2.2980E+00   1.4564E+00   1.4321E+00   1.4883E+00
   1.4602E+00   2.1414E+00   2.1408E+00   1.4789E+00   1.4393E+00   1.3878E+00
   1.4432E+00   1.1389E+00   1.3911E+00   1.3884E+00   1.3730E+00   1.3014E+00
   1.2946E+00   2.1943E+00   2.1938E+00   1.8107E+00   1.8106E+00   1.4647E+00
   1.4681E+00   6.7494E-01   6.7291E-01   1.1263E+00   1.1265E+00   1.1328E+00
   1.1308E+00   1.1135E+00   1.1133E+00   2.3324E+00   2.3271E+00   8.1598E-01
   8.1062E-01   1.5937E+00   1.6047E+00   1.9728E+00   1.9701E+00   1.0614E+00
   1.0614E+00   1.4605E+00   1.4621E+00   1.1447E+00   1.1447E+00   1.1195E+00
   6.2412E-01   6.2362E-01   1.6963E+00   1.6789E+00   6.5286E-01   6.5146E-01
   1.4367E+00   1.4375E+00   5.0603E-01   5.0344E-01   9.2334E-01   9.2392E-01
   8.0013E-02   5.6247E-01   5.6134E-01   7.0348E-01   7.0359E-01   1.0672E-01
   9.4979E-01   9.4729E-01   8.4506E-01   8.4327E-01   1.5350E+00   1.5371E+00
   6.6678E-01   6.6693E-01   9.6033E-01   9.6118E-01   7.3165E-01   7.2888E-01
   9.7669E-01   9.7703E-01   1.4453E-01   1.4351E-01   1.6355E-01   1.6294E-01
   4.3922E-01   4.3966E-01   8.7132E-01   8.6817E-01   9.3719E-01   9.3638E-01
   9.2102E-01   9.1977E-01   6.3897E-02   6.2840E-02   4.4557E-01   4.4593E-01
   4.6117E-02   4.4562E-02   6.1520E-01   6.1286E-01   4.0519E-01   4.0329E-01
   5.4466E-01   5.4490E-01   8.5977E-01   2.5334E-01  -3.9558E-01  -3.9681E-01
   4.8148E-01   4.8041E-01   7.2367E-01   7.2269E-01   8.5702E-01   1.1119E-01
   1.1025E-01   1.2321E-01   1.2345E-01  -2.0576E-02  -2.1552E-02   4.1106E-01
   4.0875E-01  -2.2155E-02  -2.3253E-02   9.9868E-02   1.0172E-01  -3.9048E-01
  -3.9099E-01   4.2445E-01   4.2375E-01   4.1534E-02   4.0505E-02   1.5172E+00
   1.5194E+00   5.5106E-01   5.5109E-01   2.3632E-01  -2.7748E-01  -2.7832E-01
  -2.7126E-01  -2.7193E-01   4.8393E-01   4.8304E-01   4.4542E-02   4.3475E-02
  -7.6927E-01  -3.8548E-01  -3.8504E-01   1.6398E-03   4.2250E-01   4.2205E-01
  -3.8407E-01  -3.8368E-01  -7.6692E-01   1.0337E-01   1.0475E-01   5.8106E-01
   5.7698E-01   5.8170E-01   5.7655E-01   5.8047E-01   5.7641E-01   3.5649E+00
  -5.7642E+00   1.7936E+00  -2.9150E+00   4.0217E+00  -5.0996E+00  -1.3922E+00
  -1.0183E+00  -1.2111E+01   9.3811E+00  -6.8052E+00   4.3862E+00  -2.5199E-01
  -1.2973E+00  -1.3760E+00  -1.8504E-01  -1.7664E+00  -3.9565E-01   1.2638E+00
  -2.7842E+00  -4.3190E+00   2.9361E+00  -1.2762E+00  -1.6697E-01   8.7865E+00
  -9.9237E+00  -2.7239E+00   1.3458E+00  -4.2464E+00   2.8850E+00   3.7957E+00
  -5.0827E+00  -6.5503E+00   4.3502E+00  -1.6013E+00  -2.0642E-01  -3.8052E+00
   2.3345E+00   3.1520E+00  -3.8302E+00   1.4464E+00  -2.5691E+00  -1.1895E+00
   6.0302E-02  -7.2155E-02  -1.0367E+00  -6.5822E+00   4.2807E+00   3.1242E+00
  -3.9050E+00  -3.8357E+00   2.2664E+00  -6.6191E+00   4.6542E+00   3.8830E+00
  -4.9463E+00  -7.8671E+00   6.4080E+00  -2.6393E+00   1.4911E+00  -4.1599E+00
   3.0366E+00   2.1196E-01  -8.3459E-01   3.7606E+00  -5.4320E+00   6.2105E-01
  -1.2725E+00  -1.0507E+00  -3.8447E-01   6.7301E+00  -7.2353E+00  -4.5939E+00
   3.6699E+00   4.5985E+00  -4.6786E+00   2.6376E+00  -3.1995E+00   1.7966E-01
  -8.9076E-01   4.5911E+00  -4.6953E+00  -4.6015E+00   3.6549E+00   1.8059E+00
  -2.6498E+00  -7.8977E+00   6.3544E+00  -2.3514E+00   1.6842E+00  -7.5747E+00
   6.6141E+00   5.8855E-01  -1.3246E+00  -7.5801E+00   6.6024E+00   2.0263E+00
  -2.1706E+00   2.0200E+00  -2.1834E+00  -3.2003E+00   2.7614E+00   1.7993E+00
  -2.6672E+00  -2.2984E+00   1.3615E+00  -2.2940E+00   1.3734E+00   5.8958E+00
  -5.9597E+00  -3.2028E+00   2.7573E+00   5.9022E+00  -5.9477E+00   2.6225E+00
  -3.2351E+00   9.6849E-01  -1.3722E+00  -5.7932E+00   5.2477E+00  -1.1030E+01
   1.0169E+01  -5.6493E-01   3.1166E-01   7.2725E+00  -6.8769E+00  -2.0332E+00
   1.5516E+00  -2.3665E+00   1.6440E+00  -1.1028E+01   1.0172E+01   2.9063E+00
  -3.0164E+00   2.9032E+00  -3.0258E+00   2.3317E+00  -2.3105E+00   9.6684E-01
  -1.3768E+00   2.3320E+00  -2.3089E+00  -2.6941E-01   1.6823E-01   7.2712E+00
  -6.8809E+00  -5.5119E+00   5.0878E+00  -5.6580E-01   5.2469E-01  -1.0855E+00
  -4.4216E-01  -5.7953E+00   5.2441E+00  -5.5948E-01   3.2352E-01   4.6741E+00
  -4.3965E+00   4.6721E+00  -4.3999E+00  -2.0339E+00   1.5496E+00  -5.6737E-01
   5.2320E-01   9.8939E+00  -9.1247E+00   4.9471E+00  -4.5622E+00  -1.2967E-03
  -1.3706E-03  -5.5110E+00   5.0889E+00   4.9465E+00  -4.5623E+00   9.8921E+00
  -9.1260E+00  -2.7153E-01   1.6648E-01   6.6999E+00  -7.2814E+00   6.7006E+00
  -7.2817E+00   6.7003E+00  -7.2817E+00   8.8529E-01   7.8429E-01   8.8832E-01
   7.3499E-01   1.0154E+00   7.1908E-01   7.4805E-01  -7.2576E-02  -1.9654E-01
  -2.0489E-01  -1.6740E-01  -1.2282E-01  -8.1862E-02  -1.5497E-01  -1.5903E-01
  -1.1497E-01  -1.3473E-01  -8.4975E-02  -7.9367E-02  -3.2598E-02   3.6975E-02
   3.2873E-02   3.0091E-02  -2.8371E-02  -3.8448E-03  -2.1142E-02  -3.6137E-02
   2.0111E-02   2.6566E-02   3.9855E-02   7.9860E-02   4.0979E-02   1.4400E-02
   3.1994E-02  -2.5383E-02  -3.0009E-02  -3.6766E-02  -4.6591E-02  -3.1099E-02
   6.6572E-02  -2.0600E-02  -3.1794E-02  -8.8767E-03  -5.1025E-03  -7.2614E-03
  -1.0590E-02   6.3589E-03   4.2400E-02   2.7315E-02   2.0710E-03   8.0254E-03
  -1.1050E-02  -1.3605E-02   6.9494E-03  -4.1061E-03  -8.8192E-03  -6.7338E-03
  -2.0900E-03   2.8448E-02  -2.0228E-02  -2.5167E-02  -4.7168E-03   1.2553E-02
  -4.7566E-03   2.8699E-02   9.6590E-04  -5.1812E-03   1.0032E-02  -8.7822E-03
  -3.9950E-03  -1.3214E-02   2.6103E-02   7.3851E-03  -5.2434E-03  -6.1735E-03
   5.8174E-03   5.6680E-03   6.7765E-03  -3.8898E-03  -1.1249E-02  -9.5612E-03
  -4.1419E-04  -2.5186E-02  -4.7890E-03   1.0943E-03  -3.9514E-03  -8.2900E-03
  -1.2714E-02  -8.1077E-03  -3.4411E-03  -2.0623E-03   5.0826E-04   7.8317E-03
   1.2628E-02   1.1965E-02  -1.7409E-03  -1.5526E-02  -1.4986E-02  -1.7028E-02
  -4.6659E-03   2.1101E-01  -3.3431E-02  -2.3845E-02   7.5949E-02   6.5812E-03
   6.5192E-02   2.1632E-02  -1.0883E-03   4.7336E-02  -9.1759E-03  -6.3804E-02
  -6.1658E-02  -7.0240E-02   8.2812E-02   8.0979E-02   4.2421E-02  -2.7545E-02
   6.0880E-03  -4.8916E-02  -4.6656E-02   1.9957E-02   2.4516E-02   2.6387E-02
  -5.8947E-03   2.5305E-02   3.7936E-02   2.3939E-02  -1.2941E-02  -1.6750E-02
  -2.5630E-02  -3.1151E-02  -1.8115E-02   5.4001E-02  -1.3832E-02  -2.5449E-02
  -2.1326E-03  -1.5768E-02  -1.4975E-02  -5.0079E-03  -2.2227E-02   4.1858E-02
   3.1958E-02  -8.8295E-03  -3.4197E-02  -1.2283E-02  -1.6119E-02  -1.2847E-02
  -1.5614E-02  -9.5300E-03  -1.2157E-02  -1.1284E-02   1.8410E-02  -1.3477E-02
  -2.0612E-02  -9.4755E-03   1.6104E-02  -3.7967E-03   1.2533E-02  -4.8127E-03
  -1.1244E-02   1.1647E-02  -1.3578E-02  -1.6283E-03  -1.1591E-02   3.3328E-02
  -6.9825E-03  -1.3439E-03  -2.4704E-03   7.8653E-03   8.8625E-03  -1.0811E-03
  -3.3932E-03  -1.1654E-02   2.5754E-03   2.2155E-04  -3.4084E-02  -8.6480E-03
  -3.1501E-03   9.9147E-04  -4.9214E-03  -1.1225E-02  -3.7852E-04  -3.0006E-04
   4.0344E-03  -5.2674E-03  -1.1217E-03   5.9681E-04  -1.0695E-03   2.5049E-03
   2.2593E-02   2.2594E-02   2.1751E-02  -3.2964E-03  -5.0335E-02  -1.9954E-01
  -2.0531E-01  -1.5988E-01  -1.4752E-01  -6.4735E-02  -1.4019E-01  -1.4827E-01
  -1.5586E-01  -1.3455E-01  -7.8516E-02  -7.7067E-02  -2.8179E-02  -1.8163E-02
  -2.0592E-02  -5.7904E-03  -1.4185E-02  -1.3874E-02   1.5070E-03  -8.2274E-03
   6.6690E-03   1.2193E-02   3.1066E-02   8.6835E-02   6.5011E-02   3.0640E-02
   2.8069E-02  -3.1000E-02  -2.7819E-02  -3.5722E-02  -4.4833E-02  -2.5250E-02
   1.5334E-02  -1.4281E-02  -2.2138E-02  -2.2008E-03  -3.2949E-03  -1.2071E-02
  -1.6934E-02   1.8235E-02   3.1143E-02   2.9498E-02   2.2570E-03   1.4294E-02
  -1.3343E-02  -9.4119E-03   8.8968E-03  -2.4957E-03  -8.9685E-03  -8.4409E-03
  -2.2595E-03   2.4976E-02  -1.5142E-02  -1.9234E-02  -4.0403E-03   1.2883E-02
  -4.0743E-03   3.3897E-02   3.4483E-03   2.6389E-03   1.4764E-03  -8.9406E-03
  -1.2513E-03  -7.7297E-03   2.4028E-02   9.7328E-04  -7.8968E-03  -1.2503E-02
  -5.7178E-04   6.1386E-03   4.1791E-03  -2.8842E-03  -6.1843E-03  -1.2998E-02
  -1.9578E-03  -2.1130E-02  -1.2930E-03  -3.3458E-03  -1.4656E-03  -4.8334E-03
  -5.6695E-03  -1.1577E-02  -1.1244E-03  -3.2079E-03   7.1644E-03   8.2609E-03
   1.0900E-02   1.5645E-02  -3.5761E-03  -2.3389E-02  -2.2994E-02  -2.3002E-02
  -1.5376E-03   1.3008E-01  -4.6414E-02  -3.8128E-02   2.0526E-02  -1.2803E-02
   1.3801E-02  -3.7240E-02  -5.0953E-02   1.9418E-02  -4.8753E-02  -6.4454E-02
  -6.3402E-02  -8.9418E-02   5.1133E-02   5.2171E-02   1.7923E-02  -1.6873E-02
   2.4106E-03  -3.4828E-02  -2.7480E-02   9.0966E-03   1.3925E-02   1.7768E-02
  -5.9414E-03   4.9167E-02   5.9758E-02   1.9657E-02  -1.5059E-02  -1.3991E-02
  -2.2428E-02  -2.5311E-02  -1.2864E-02   2.0287E-02  -9.8841E-03  -1.6500E-02
   4.1714E-03  -1.4651E-02  -1.9619E-02  -9.6628E-03  -1.4434E-02   3.1487E-02
   3.4623E-02  -8.6258E-03  -3.8468E-02  -1.5804E-02  -1.2757E-02  -1.3006E-02
  -1.5565E-02  -1.0753E-02  -1.4024E-02  -1.3888E-02   1.2161E-02  -9.1982E-03
  -1.4359E-02  -9.1269E-03   1.6507E-02  -1.9709E-03   1.3568E-02  -3.2115E-03
  -6.8998E-03   5.6286E-03  -1.6562E-02   7.0792E-04  -6.8103E-03   3.5413E-02
  -1.6374E-02  -2.0734E-03  -6.0221E-03   2.0076E-03   7.3936E-03  -1.9919E-03
  -2.9141E-03  -7.7428E-03   2.6011E-03   7.1752E-05  -3.0939E-02  -5.5201E-03
  -8.6490E-03   2.2522E-03  -1.3319E-03  -3.8757E-03  -3.4020E-03  -2.2715E-03
   1.4526E-03   8.4526E-04  -2.2517E-03  -1.6487E-03   2.3297E-03   2.0317E-03
   2.1151E-02   2.1566E-02   2.0736E-02   8.2616E-04
  > Energy =  -9.939097848261E+02 +/-   1.562875906052E-04
  > varE =   4.001924870502E-03

VMC #4:
* Size of Hilbert space =   1.0817E+14
* Number of equil. steps   = 1000
* Running VMC equilibration.
  Done. [total walltime: 0.34s]
* Equil. acc.ratio (%)     =  12.1623
* Sample config after equilibration:
  +-------------------------+
  |  0   d   u   d   0   u  |
  |2   u   d   d   u   2   d|
  |u   d   0   u   2   d   d|
  |  d   u   2   0   u   u  |
  +-------------------------+
* Number of accum. steps   = 655360 x 10
* Running VMC accumulation.
  Done. [total walltime: 2.31s]
* Acceptance ratio (%)     =  12.1241
* Etot/t                   =  -9.939098761575E+02 +/-   8.362981288114E-05
  > Ttot/t                 =  -9.591260482644E+01 +/-   9.513694123557E-04
  > Utot/t                 =   4.231088311980E+01 +/-   9.429740387020E-04
* var[Eloc/t]              =   4.087058553588E-03 +/-   1.085717332960E-04
* Correlation length       =   1.121479452760E+00
* log10 Psi^2 range: -133.7089721763158 -- -120.7512132642673
* log10 Pgen range : -133.7089721763158 -- -120.7512132642673
* Site occupation (ave. no. electrons per config.):
  > Site_  ___eu____  ___ed____
      1        0.497      0.499
      2        0.497      0.500
      3        0.499      0.498
      4        0.501      0.499
      5        0.503      0.504
      6        0.502      0.499
      7        0.502      0.502
      8        0.499      0.501
      9        0.498      0.493
     10        0.501      0.497
     11        0.498      0.497
     12        0.503      0.501
     13        0.504      0.501
     14        0.500      0.505
     15        0.503      0.501
     16        0.495      0.498
     17        0.499      0.498
     18        0.500      0.505
     19        0.498      0.500
     20        0.501      0.503
     21        0.504      0.504
     22        0.501      0.504
     23        0.497      0.497
     24        0.497      0.498
     25        0.498      0.498
     26        0.504      0.500
* Pair-correlation analysis (ave. no. pairs per config.):
  > Shell  nsite  ___dh____  __eueu___  __eued___
      0      1        0          0          4.503
      1      0        0.923      0.499      2.598
      2      0        0.134      0.359      0.531
      3      0        0.266      0.723      1.058
      4      0        0.226      0.769      1.067
      5      0        0.253      0.739      1.052
      6      0        0.758      0.846      2.431
      7      0        0.675      1.048      2.339
      8      0        0.600      1.227      2.255
      9      0        0.448      1.548      2.092
     10      0        0.529      1.382      2.179
     11      0        0.137      0.822      1.158
     12      0        0.137      0.834      1.137
     13      0        0.137      0.858      1.088
     14      0        0.224      2.117      1.910
     15      0        0.112      1.061      0.956
     16      0        0.227      2.080      1.912
     17      0        0.266      1.900      2.058
     18      0        0.236      2.048      1.937
     19      0        0.298      1.876      2.048
     20      0        0.305      1.877      2.051
     21      0        0.242      2.090      1.926
     22      0        0.240      2.115      1.914
     23      0        0.243      2.127      1.895
     24      0        0.236      2.105      1.915
     25      0        0.274      2.080      1.911
     26      0        0.267      2.082      1.903
     27      0        0.238      2.127      1.884
     28      0        0.217      1.951      2.053
     29      0        0.242      2.060      1.942
     30      0        0.216      1.947      2.095
     31      0        0.109      0.971      1.052
     32      0        0.247      2.051      1.955
     33      0        0.214      2.137      1.892
     34      0        0.249      2.037      1.964
     35      0        0.217      2.074      1.958
     36      0        0.246      2.013      1.963
     37      0        0.280      1.937      2.022
     38      0        0.145      0.968      1.007
     39      0        0.216      1.987      2.030
     40      0        0.258      1.904      2.082
     41      0        0.139      1.010      0.976
     42      0        0.276      2.017      1.948
     43      0        0.254      1.952      2.034
     44      0        0.260      1.865      2.105
     45      0        0.218      1.990      2.051
     46      0        0.243      2.030      1.970
     47      0        0.256      1.934      2.054
     48      0        0.243      1.962      2.038
     49      0        0.247      2.017      1.982
     50      0        0.249      1.977      2.018
     51      0        0.279      1.959      1.998
     52      0        0.247      2.030      1.971
     53      0        0.224      1.974      2.054
     54      0        0.220      2.045      1.990
     55      0        0.251      1.973      1.999
     56      0        0.277      1.996      1.963
     57      0        0.248      2.002      1.979
     58      0        0.217      2.032      1.982
     59      0        0.254      1.979      2.012
     60      0        0.244      2.004      1.991
     61      0        0.136      0.993      0.982
     62      0        0.109      1.013      1.003
     63      0        0.249      1.992      1.981
     64      0        0.217      2.029      2.012
     65      0        0.218      2.053      1.985
     66      0        0.135      0.986      0.994
     67      0        0.219      2.000      2.011
     68      0        0.218      2.018      1.997
     69      0        0.250      2.004      1.989
     70      0        0.250      2.016      1.986
     71      0        0.251      1.987      2.007
     72      0        0.222      2.020      2.008
     73      0        0.247      1.980      1.993
     74      0        0.246      1.997      1.996
     75      0        0.242      1.989      1.982
     76      0        0.246      1.842      2.143
     77      0        0.242      1.987      2.011
     78      0        0.109      1.004      1.011
     79      0        0.217      2.000      2.010
     80      0        0.217      2.006      2.002
     81      0        0.219      2.005      2.034
     82      0        0.242      1.983      1.988
     83      0        0.110      0.998      0.993
     84      0        0.220      2.000      2.007
     85      0        0.111      1.007      1.007
     86      0        0.247      1.991      1.998
     87      0        0.221      2.003      2.001
     88      0        0.109      0.994      0.996
     89      0        0.220      2.015      2.016
     90      0        0.127      0.978      1.004
     91      0        0.062      0.486      0.502
     92      0        0.063      0.490      0.504
     93      0        0.112      1.008      1.006

Optimization #4:
* Method          : lls
* Target function : energy
* No. of configs. : 163840
* No. of params.  : 736
* Before optimization:
  -2.1322E+01  -2.1058E+01  -2.1303E+01  -2.1035E+01  -2.1466E+01  -2.1024E+01
  -2.0774E+01   2.1029E+00   1.9711E+00   1.1226E+00   1.0753E+00   2.3734E+00
   2.7223E+00   2.2900E+00   2.2980E+00   1.4564E+00   1.4321E+00   1.4883E+00
   1.4602E+00   2.1414E+00   2.1408E+00   1.4789E+00   1.4393E+00   1.3878E+00
   1.4432E+00   1.1389E+00   1.3911E+00   1.3884E+00   1.3730E+00   1.3014E+00
   1.2946E+00   2.1943E+00   2.1938E+00   1.8107E+00   1.8106E+00   1.4647E+00
   1.4681E+00   6.7494E-01   6.7291E-01   1.1263E+00   1.1265E+00   1.1328E+00
   1.1308E+00   1.1135E+00   1.1133E+00   2.3324E+00   2.3271E+00   8.1598E-01
   8.1062E-01   1.5937E+00   1.6047E+00   1.9728E+00   1.9701E+00   1.0614E+00
   1.0614E+00   1.4605E+00   1.4621E+00   1.1447E+00   1.1447E+00   1.1195E+00
   6.2412E-01   6.2362E-01   1.6963E+00   1.6789E+00   6.5286E-01   6.5146E-01
   1.4367E+00   1.4375E+00   5.0603E-01   5.0344E-01   9.2334E-01   9.2392E-01
   8.0013E-02   5.6247E-01   5.6134E-01   7.0348E-01   7.0359E-01   1.0672E-01
   9.4979E-01   9.4729E-01   8.4506E-01   8.4327E-01   1.5350E+00   1.5371E+00
   6.6678E-01   6.6693E-01   9.6033E-01   9.6118E-01   7.3165E-01   7.2888E-01
   9.7669E-01   9.7703E-01   1.4453E-01   1.4351E-01   1.6355E-01   1.6294E-01
   4.3922E-01   4.3966E-01   8.7132E-01   8.6817E-01   9.3719E-01   9.3638E-01
   9.2102E-01   9.1977E-01   6.3897E-02   6.2840E-02   4.4557E-01   4.4593E-01
   4.6117E-02   4.4562E-02   6.1520E-01   6.1286E-01   4.0519E-01   4.0329E-01
   5.4466E-01   5.4490E-01   8.5977E-01   2.5334E-01  -3.9558E-01  -3.9681E-01
   4.8148E-01   4.8041E-01   7.2367E-01   7.2269E-01   8.5702E-01   1.1119E-01
   1.1025E-01   1.2321E-01   1.2345E-01  -2.0576E-02  -2.1552E-02   4.1106E-01
   4.0875E-01  -2.2155E-02  -2.3253E-02   9.9868E-02   1.0172E-01  -3.9048E-01
  -3.9099E-01   4.2445E-01   4.2375E-01   4.1534E-02   4.0505E-02   1.5172E+00
   1.5194E+00   5.5106E-01   5.5109E-01   2.3632E-01  -2.7748E-01  -2.7832E-01
  -2.7126E-01  -2.7193E-01   4.8393E-01   4.8304E-01   4.4542E-02   4.3475E-02
  -7.6927E-01  -3.8548E-01  -3.8504E-01   1.6398E-03   4.2250E-01   4.2205E-01
  -3.8407E-01  -3.8368E-01  -7.6692E-01   1.0337E-01   1.0475E-01   5.8106E-01
   5.7698E-01   5.8170E-01   5.7655E-01   5.8047E-01   5.7641E-01   3.5649E+00
  -5.7642E+00   1.7936E+00  -2.9150E+00   4.0217E+00  -5.0996E+00  -1.3922E+00
  -1.0183E+00  -1.2111E+01   9.3811E+00  -6.8052E+00   4.3862E+00  -2.5199E-01
  -1.2973E+00  -1.3760E+00  -1.8504E-01  -1.7664E+00  -3.9565E-01   1.2638E+00
  -2.7842E+00  -4.3190E+00   2.9361E+00  -1.2762E+00  -1.6697E-01   8.7865E+00
  -9.9237E+00  -2.7239E+00   1.3458E+00  -4.2464E+00   2.8850E+00   3.7957E+00
  -5.0827E+00  -6.5503E+00   4.3502E+00  -1.6013E+00  -2.0642E-01  -3.8052E+00
   2.3345E+00   3.1520E+00  -3.8302E+00   1.4464E+00  -2.5691E+00  -1.1895E+00
   6.0302E-02  -7.2155E-02  -1.0367E+00  -6.5822E+00   4.2807E+00   3.1242E+00
  -3.9050E+00  -3.8357E+00   2.2664E+00  -6.6191E+00   4.6542E+00   3.8830E+00
  -4.9463E+00  -7.8671E+00   6.4080E+00  -2.6393E+00   1.4911E+00  -4.1599E+00
   3.0366E+00   2.1196E-01  -8.3459E-01   3.7606E+00  -5.4320E+00   6.2105E-01
  -1.2725E+00  -1.0507E+00  -3.8447E-01   6.7301E+00  -7.2353E+00  -4.5939E+00
   3.6699E+00   4.5985E+00  -4.6786E+00   2.6376E+00  -3.1995E+00   1.7966E-01
  -8.9076E-01   4.5911E+00  -4.6953E+00  -4.6015E+00   3.6549E+00   1.8059E+00
  -2.6498E+00  -7.8977E+00   6.3544E+00  -2.3514E+00   1.6842E+00  -7.5747E+00
   6.6141E+00   5.8855E-01  -1.3246E+00  -7.5801E+00   6.6024E+00   2.0263E+00
  -2.1706E+00   2.0200E+00  -2.1834E+00  -3.2003E+00   2.7614E+00   1.7993E+00
  -2.6672E+00  -2.2984E+00   1.3615E+00  -2.2940E+00   1.3734E+00   5.8958E+00
  -5.9597E+00  -3.2028E+00   2.7573E+00   5.9022E+00  -5.9477E+00   2.6225E+00
  -3.2351E+00   9.6849E-01  -1.3722E+00  -5.7932E+00   5.2477E+00  -1.1030E+01
   1.0169E+01  -5.6493E-01   3.1166E-01   7.2725E+00  -6.8769E+00  -2.0332E+00
   1.5516E+00  -2.3665E+00   1.6440E+00  -1.1028E+01   1.0172E+01   2.9063E+00
  -3.0164E+00   2.9032E+00  -3.0258E+00   2.3317E+00  -2.3105E+00   9.6684E-01
  -1.3768E+00   2.3320E+00  -2.3089E+00  -2.6941E-01   1.6823E-01   7.2712E+00
  -6.8809E+00  -5.5119E+00   5.0878E+00  -5.6580E-01   5.2469E-01  -1.0855E+00
  -4.4216E-01  -5.7953E+00   5.2441E+00  -5.5948E-01   3.2352E-01   4.6741E+00
  -4.3965E+00   4.6721E+00  -4.3999E+00  -2.0339E+00   1.5496E+00  -5.6737E-01
   5.2320E-01   9.8939E+00  -9.1247E+00   4.9471E+00  -4.5622E+00  -1.2967E-03
  -1.3706E-03  -5.5110E+00   5.0889E+00   4.9465E+00  -4.5623E+00   9.8921E+00
  -9.1260E+00  -2.7153E-01   1.6648E-01   6.6999E+00  -7.2814E+00   6.7006E+00
  -7.2817E+00   6.7003E+00  -7.2817E+00   8.8529E-01   7.8429E-01   8.8832E-01
   7.3499E-01   1.0154E+00   7.1908E-01   7.4805E-01  -7.2576E-02  -1.9654E-01
  -2.0489E-01  -1.6740E-01  -1.2282E-01  -8.1862E-02  -1.5497E-01  -1.5903E-01
  -1.1497E-01  -1.3473E-01  -8.4975E-02  -7.9367E-02  -3.2598E-02   3.6975E-02
   3.2873E-02   3.0091E-02  -2.8371E-02  -3.8448E-03  -2.1142E-02  -3.6137E-02
   2.0111E-02   2.6566E-02   3.9855E-02   7.9860E-02   4.0979E-02   1.4400E-02
   3.1994E-02  -2.5383E-02  -3.0009E-02  -3.6766E-02  -4.6591E-02  -3.1099E-02
   6.6572E-02  -2.0600E-02  -3.1794E-02  -8.8767E-03  -5.1025E-03  -7.2614E-03
  -1.0590E-02   6.3589E-03   4.2400E-02   2.7315E-02   2.0710E-03   8.0254E-03
  -1.1050E-02  -1.3605E-02   6.9494E-03  -4.1061E-03  -8.8192E-03  -6.7338E-03
  -2.0900E-03   2.8448E-02  -2.0228E-02  -2.5167E-02  -4.7168E-03   1.2553E-02
  -4.7566E-03   2.8699E-02   9.6590E-04  -5.1812E-03   1.0032E-02  -8.7822E-03
  -3.9950E-03  -1.3214E-02   2.6103E-02   7.3851E-03  -5.2434E-03  -6.1735E-03
   5.8174E-03   5.6680E-03   6.7765E-03  -3.8898E-03  -1.1249E-02  -9.5612E-03
  -4.1419E-04  -2.5186E-02  -4.7890E-03   1.0943E-03  -3.9514E-03  -8.2900E-03
  -1.2714E-02  -8.1077E-03  -3.4411E-03  -2.0623E-03   5.0826E-04   7.8317E-03
   1.2628E-02   1.1965E-02  -1.7409E-03  -1.5526E-02  -1.4986E-02  -1.7028E-02
  -4.6659E-03   2.1101E-01  -3.3431E-02  -2.3845E-02   7.5949E-02   6.5812E-03
   6.5192E-02   2.1632E-02  -1.0883E-03   4.7336E-02  -9.1759E-03  -6.3804E-02
  -6.1658E-02  -7.0240E-02   8.2812E-02   8.0979E-02   4.2421E-02  -2.7545E-02
   6.0880E-03  -4.8916E-02  -4.6656E-02   1.9957E-02   2.4516E-02   2.6387E-02
  -5.8947E-03   2.5305E-02   3.7936E-02   2.3939E-02  -1.2941E-02  -1.6750E-02
  -2.5630E-02  -3.1151E-02  -1.8115E-02   5.4001E-02  -1.3832E-02  -2.5449E-02
  -2.1326E-03  -1.5768E-02  -1.4975E-02  -5.0079E-03  -2.2227E-02   4.1858E-02
   3.1958E-02  -8.8295E-03  -3.4197E-02  -1.2283E-02  -1.6119E-02  -1.2847E-02
  -1.5614E-02  -9.5300E-03  -1.2157E-02  -1.1284E-02   1.8410E-02  -1.3477E-02
  -2.0612E-02  -9.4755E-03   1.6104E-02  -3.7967E-03   1.2533E-02  -4.8127E-03
  -1.1244E-02   1.1647E-02  -1.3578E-02  -1.6283E-03  -1.1591E-02   3.3328E-02
  -6.9825E-03  -1.3439E-03  -2.4704E-03   7.8653E-03   8.8625E-03  -1.0811E-03
  -3.3932E-03  -1.1654E-02   2.5754E-03   2.2155E-04  -3.4084E-02  -8.6480E-03
  -3.1501E-03   9.9147E-04  -4.9214E-03  -1.1225E-02  -3.7852E-04  -3.0006E-04
   4.0344E-03  -5.2674E-03  -1.1217E-03   5.9681E-04  -1.0695E-03   2.5049E-03
   2.2593E-02   2.2594E-02   2.1751E-02  -3.2964E-03  -5.0335E-02  -1.9954E-01
  -2.0531E-01  -1.5988E-01  -1.4752E-01  -6.4735E-02  -1.4019E-01  -1.4827E-01
  -1.5586E-01  -1.3455E-01  -7.8516E-02  -7.7067E-02  -2.8179E-02  -1.8163E-02
  -2.0592E-02  -5.7904E-03  -1.4185E-02  -1.3874E-02   1.5070E-03  -8.2274E-03
   6.6690E-03   1.2193E-02   3.1066E-02   8.6835E-02   6.5011E-02   3.0640E-02
   2.8069E-02  -3.1000E-02  -2.7819E-02  -3.5722E-02  -4.4833E-02  -2.5250E-02
   1.5334E-02  -1.4281E-02  -2.2138E-02  -2.2008E-03  -3.2949E-03  -1.2071E-02
  -1.6934E-02   1.8235E-02   3.1143E-02   2.9498E-02   2.2570E-03   1.4294E-02
  -1.3343E-02  -9.4119E-03   8.8968E-03  -2.4957E-03  -8.9685E-03  -8.4409E-03
  -2.2595E-03   2.4976E-02  -1.5142E-02  -1.9234E-02  -4.0403E-03   1.2883E-02
  -4.0743E-03   3.3897E-02   3.4483E-03   2.6389E-03   1.4764E-03  -8.9406E-03
  -1.2513E-03  -7.7297E-03   2.4028E-02   9.7328E-04  -7.8968E-03  -1.2503E-02
  -5.7178E-04   6.1386E-03   4.1791E-03  -2.8842E-03  -6.1843E-03  -1.2998E-02
  -1.9578E-03  -2.1130E-02  -1.2930E-03  -3.3458E-03  -1.4656E-03  -4.8334E-03
  -5.6695E-03  -1.1577E-02  -1.1244E-03  -3.2079E-03   7.1644E-03   8.2609E-03
   1.0900E-02   1.5645E-02  -3.5761E-03  -2.3389E-02  -2.2994E-02  -2.3002E-02
  -1.5376E-03   1.3008E-01  -4.6414E-02  -3.8128E-02   2.0526E-02  -1.2803E-02
   1.3801E-02  -3.7240E-02  -5.0953E-02   1.9418E-02  -4.8753E-02  -6.4454E-02
  -6.3402E-02  -8.9418E-02   5.1133E-02   5.2171E-02   1.7923E-02  -1.6873E-02
   2.4106E-03  -3.4828E-02  -2.7480E-02   9.0966E-03   1.3925E-02   1.7768E-02
  -5.9414E-03   4.9167E-02   5.9758E-02   1.9657E-02  -1.5059E-02  -1.3991E-02
  -2.2428E-02  -2.5311E-02  -1.2864E-02   2.0287E-02  -9.8841E-03  -1.6500E-02
   4.1714E-03  -1.4651E-02  -1.9619E-02  -9.6628E-03  -1.4434E-02   3.1487E-02
   3.4623E-02  -8.6258E-03  -3.8468E-02  -1.5804E-02  -1.2757E-02  -1.3006E-02
  -1.5565E-02  -1.0753E-02  -1.4024E-02  -1.3888E-02   1.2161E-02  -9.1982E-03
  -1.4359E-02  -9.1269E-03   1.6507E-02  -1.9709E-03   1.3568E-02  -3.2115E-03
  -6.8998E-03   5.6286E-03  -1.6562E-02   7.0792E-04  -6.8103E-03   3.5413E-02
  -1.6374E-02  -2.0734E-03  -6.0221E-03   2.0076E-03   7.3936E-03  -1.9919E-03
  -2.9141E-03  -7.7428E-03   2.6011E-03   7.1752E-05  -3.0939E-02  -5.5201E-03
  -8.6490E-03   2.2522E-03  -1.3319E-03  -3.8757E-03  -3.4020E-03  -2.2715E-03
   1.4526E-03   8.4526E-04  -2.2517E-03  -1.6487E-03   2.3297E-03   2.0317E-03
   2.1151E-02   2.1566E-02   2.0736E-02   8.2616E-04
  > E    =  -9.939099346876E+02 +/-   1.546321117637E-04
  > varE =   3.917592983718E-03
* Computing derivatives.
    [walltime: 2m40s elapsed, 3m57s remaining]
  Done. [total walltime: 6m39s]
* Optimizing manipulation constant:
  #igrid a___________ E____________________________________ varE____________
     1     Infinity    -9.93909935E+02 +/-   1.54632112E-04   3.91759298E-03
     2     1.0000E+06  -9.93909935E+02 +/-   1.54632105E-04   3.91759263E-03
     3     2.1544E+05  -9.93909935E+02 +/-   1.54632079E-04   3.91759133E-03
     4     4.6416E+04  -9.93909935E+02 +/-   1.54631960E-04   3.91758530E-03
     5     1.0000E+04  -9.93909935E+02 +/-   1.54631409E-04   3.91755735E-03
     6     2.1544E+03  -9.93909935E+02 +/-   1.54628860E-04   3.91742821E-03
     7     4.6416E+02  -9.93909935E+02 +/-   1.54617278E-04   3.91684139E-03
     8     1.0000E+02  -9.93909937E+02 +/-   1.54568786E-04   3.91438495E-03
     9     2.1544E+01  -9.93909939E+02 +/-   1.54451774E-04   3.90846065E-03
    10     4.6416E+00  -9.93909779E+02 +/-   1.56671820E-04   4.02162631E-03
    11     1.0000E+00  -9.93900643E+02 +/-   2.65862348E-04   1.15806680E-02
    12     2.1544E-01  -9.93807919E+02 +/-   7.32164225E-04   8.78288000E-02
    13     4.6416E-02  -9.93706604E+02 +/-   1.01606182E-03   1.69145405E-01
    14     1.0000E-02  -9.93674889E+02 +/-   1.08873050E-03   1.94205140E-01
    15     2.1544E-03  -9.93667649E+02 +/-   1.10458305E-03   1.99901793E-01
    16     4.6416E-04  -9.93666073E+02 +/-   1.10799983E-03   2.01140409E-01
    17     1.0000E-04  -9.93665733E+02 +/-   1.10873593E-03   2.01407753E-01
    18     2.1544E-05  -9.93665660E+02 +/-   1.10889452E-03   2.01465373E-01
    19     4.6416E-06  -9.93665644E+02 +/-   1.10892868E-03   2.01477788E-01
    20     1.0000E-06  -9.93665641E+02 +/-   1.10893604E-03   2.01480462E-01
    21     0.0000E+00  -9.93665640E+02 +/-   1.10893807E-03   2.01481197E-01
  ParMin   4.5609E+01  -9.93909939E+02 +/-   1.54511193E-04   3.91146844E-03
  # Using grid point #9
* Iteration # 1: E =  -9.939099385484E+02 +/-   1.544517744911E-04
* Convergence: exiting.
* After optimization:
  -2.1289E+01  -2.1020E+01  -2.1268E+01  -2.0998E+01  -2.1437E+01  -2.0987E+01
  -2.0738E+01   2.1043E+00   1.9710E+00   1.1232E+00   1.0752E+00   2.3740E+00
   2.7221E+00   2.2898E+00   2.2976E+00   1.4568E+00   1.4321E+00   1.4885E+00
   1.4605E+00   2.1412E+00   2.1407E+00   1.4793E+00   1.4397E+00   1.3883E+00
   1.4433E+00   1.1396E+00   1.3915E+00   1.3890E+00   1.3734E+00   1.3014E+00
   1.2947E+00   2.1945E+00   2.1940E+00   1.8109E+00   1.8109E+00   1.4651E+00
   1.4684E+00   6.7529E-01   6.7330E-01   1.1266E+00   1.1268E+00   1.1331E+00
   1.1313E+00   1.1137E+00   1.1135E+00   2.3323E+00   2.3273E+00   8.1639E-01
   8.1102E-01   1.5938E+00   1.6049E+00   1.9728E+00   1.9702E+00   1.0617E+00
   1.0616E+00   1.4610E+00   1.4625E+00   1.1451E+00   1.1451E+00   1.1197E+00
   6.2436E-01   6.2385E-01   1.6970E+00   1.6795E+00   6.5334E-01   6.5193E-01
   1.4368E+00   1.4377E+00   5.0646E-01   5.0380E-01   9.2386E-01   9.2424E-01
   8.0231E-02   5.6296E-01   5.6184E-01   7.0382E-01   7.0387E-01   1.0693E-01
   9.5021E-01   9.4772E-01   8.4532E-01   8.4349E-01   1.5355E+00   1.5375E+00
   6.6702E-01   6.6723E-01   9.6051E-01   9.6127E-01   7.3212E-01   7.2936E-01
   9.7690E-01   9.7721E-01   1.4469E-01   1.4373E-01   1.6372E-01   1.6312E-01
   4.3926E-01   4.3972E-01   8.7148E-01   8.6838E-01   9.3759E-01   9.3673E-01
   9.2149E-01   9.2010E-01   6.4208E-02   6.3139E-02   4.4557E-01   4.4599E-01
   4.6372E-02   4.4848E-02   6.1564E-01   6.1334E-01   4.0542E-01   4.0357E-01
   5.4470E-01   5.4492E-01   8.5963E-01   2.5348E-01  -3.9559E-01  -3.9680E-01
   4.8139E-01   4.8032E-01   7.2389E-01   7.2295E-01   8.5683E-01   1.1105E-01
   1.1020E-01   1.2329E-01   1.2344E-01  -2.0668E-02  -2.1596E-02   4.1130E-01
   4.0909E-01  -2.2197E-02  -2.3231E-02   1.0007E-01   1.0182E-01  -3.9048E-01
  -3.9096E-01   4.2442E-01   4.2377E-01   4.1495E-02   4.0508E-02   1.5172E+00
   1.5193E+00   5.5105E-01   5.5116E-01   2.3652E-01  -2.7735E-01  -2.7810E-01
  -2.7114E-01  -2.7181E-01   4.8391E-01   4.8304E-01   4.4468E-02   4.3459E-02
  -7.6917E-01  -3.8541E-01  -3.8502E-01   1.6328E-03   4.2247E-01   4.2203E-01
  -3.8399E-01  -3.8364E-01  -7.6679E-01   1.0353E-01   1.0480E-01   5.8137E-01
   5.7730E-01   5.8195E-01   5.7679E-01   5.8082E-01   5.7678E-01   3.5632E+00
  -5.7644E+00   1.7927E+00  -2.9147E+00   4.0207E+00  -5.0985E+00  -1.3925E+00
  -1.0184E+00  -1.2112E+01   9.3824E+00  -6.8059E+00   4.3875E+00  -2.5318E-01
  -1.2962E+00  -1.3771E+00  -1.8414E-01  -1.7673E+00  -3.9444E-01   1.2626E+00
  -2.7832E+00  -4.3203E+00   2.9367E+00  -1.2771E+00  -1.6587E-01   8.7847E+00
  -9.9232E+00  -2.7253E+00   1.3466E+00  -4.2476E+00   2.8859E+00   3.7947E+00
  -5.0817E+00  -6.5510E+00   4.3507E+00  -1.6025E+00  -2.0542E-01  -3.8064E+00
   2.3356E+00   3.1509E+00  -3.8293E+00   1.4451E+00  -2.5682E+00  -1.1906E+00
   6.0948E-02  -7.3281E-02  -1.0357E+00  -6.5827E+00   4.2814E+00   3.1228E+00
  -3.9042E+00  -3.8370E+00   2.2674E+00  -6.6202E+00   4.6551E+00   3.8818E+00
  -4.9455E+00  -7.8685E+00   6.4088E+00  -2.6405E+00   1.4921E+00  -4.1611E+00
   3.0376E+00   2.1073E-01  -8.3359E-01   3.7597E+00  -5.4315E+00   6.1979E-01
  -1.2718E+00  -1.0512E+00  -3.8404E-01   6.7288E+00  -7.2344E+00  -4.5950E+00
   3.6708E+00   4.5972E+00  -4.6776E+00   2.6362E+00  -3.1986E+00   1.7835E-01
  -8.8979E-01   4.5898E+00  -4.6942E+00  -4.6028E+00   3.6557E+00   1.8052E+00
  -2.6493E+00  -7.8990E+00   6.3554E+00  -2.3526E+00   1.6851E+00  -7.5759E+00
   6.6151E+00   5.8736E-01  -1.3239E+00  -7.5812E+00   6.6035E+00   2.0251E+00
  -2.1696E+00   2.0187E+00  -2.1824E+00  -3.2014E+00   2.7626E+00   1.7986E+00
  -2.6667E+00  -2.2992E+00   1.3619E+00  -2.2947E+00   1.3738E+00   5.8947E+00
  -5.9588E+00  -3.2040E+00   2.7585E+00   5.9010E+00  -5.9468E+00   2.6211E+00
  -3.2342E+00   9.6787E-01  -1.3718E+00  -5.7943E+00   5.2488E+00  -1.1031E+01
   1.0171E+01  -5.6604E-01   3.1264E-01   7.2714E+00  -6.8758E+00  -2.0337E+00
   1.5522E+00  -2.3677E+00   1.6449E+00  -1.1029E+01   1.0173E+01   2.9053E+00
  -3.0153E+00   2.9021E+00  -3.0248E+00   2.3312E+00  -2.3098E+00   9.6623E-01
  -1.3765E+00   2.3314E+00  -2.3083E+00  -2.6999E-01   1.6875E-01   7.2700E+00
  -6.8798E+00  -5.5125E+00   5.0884E+00  -5.6694E-01   5.2576E-01  -1.0860E+00
  -4.4168E-01  -5.7965E+00   5.2452E+00  -5.6062E-01   3.2449E-01   4.6729E+00
  -4.3955E+00   4.6708E+00  -4.3989E+00  -2.0344E+00   1.5502E+00  -5.6842E-01
   5.2436E-01   9.8927E+00  -9.1236E+00   4.9465E+00  -4.5617E+00  -1.2036E-03
  -1.2877E-03  -5.5115E+00   5.0895E+00   4.9459E+00  -4.5619E+00   9.8910E+00
  -9.1250E+00  -2.7212E-01   1.6702E-01   6.6986E+00  -7.2804E+00   6.6993E+00
  -7.2807E+00   6.6991E+00  -7.2808E+00   8.6834E-01   7.6895E-01   8.7163E-01
   7.2001E-01   9.9725E-01   7.0409E-01   7.3305E-01  -7.1220E-02  -1.9260E-01
  -2.0198E-01  -1.6495E-01  -1.2122E-01  -8.0939E-02  -1.5237E-01  -1.5562E-01
  -1.1296E-01  -1.3268E-01  -8.3467E-02  -7.7471E-02  -3.2261E-02   3.6185E-02
   3.1981E-02   2.9972E-02  -2.7893E-02  -3.1334E-03  -2.0336E-02  -3.5655E-02
   1.9796E-02   2.5882E-02   3.9593E-02   7.8751E-02   4.0488E-02   1.3734E-02
   3.1843E-02  -2.4997E-02  -2.9554E-02  -3.6092E-02  -4.5555E-02  -3.0050E-02
   6.5252E-02  -1.9674E-02  -3.1003E-02  -8.8665E-03  -4.3256E-03  -7.0137E-03
  -1.0374E-02   6.2486E-03   4.0924E-02   2.6293E-02   1.8936E-03   7.6583E-03
  -1.1129E-02  -1.3841E-02   6.6275E-03  -4.0446E-03  -8.9481E-03  -6.3752E-03
  -1.8427E-03   2.7458E-02  -1.9826E-02  -2.4683E-02  -4.5258E-03   1.2328E-02
  -4.9841E-03   2.8070E-02   5.8649E-04  -5.6368E-03   1.0132E-02  -8.4246E-03
  -3.9039E-03  -1.2831E-02   2.5231E-02   7.2575E-03  -4.5997E-03  -6.0041E-03
   5.9027E-03   5.4615E-03   6.8465E-03  -3.8495E-03  -1.0733E-02  -8.8128E-03
  -2.1132E-04  -2.4494E-02  -5.1131E-03   4.6910E-04  -3.7090E-03  -7.7610E-03
  -1.2147E-02  -7.3605E-03  -3.5246E-03  -2.6286E-03   1.7287E-03   7.3838E-03
   1.1971E-02   1.1734E-02  -1.5433E-03  -1.5306E-02  -1.4881E-02  -1.6780E-02
  -4.8169E-03   2.0716E-01  -3.3638E-02  -2.3750E-02   7.4220E-02   6.7040E-03
   6.3762E-02   2.0638E-02  -1.5671E-03   4.6531E-02  -9.5379E-03  -6.2487E-02
  -5.9853E-02  -6.8852E-02   8.1214E-02   7.9542E-02   4.1804E-02  -2.6878E-02
   6.0870E-03  -4.7604E-02  -4.5640E-02   1.9589E-02   2.4250E-02   2.5945E-02
  -5.5840E-03   2.5298E-02   3.6837E-02   2.3481E-02  -1.2856E-02  -1.6615E-02
  -2.5350E-02  -3.0578E-02  -1.7807E-02   5.2677E-02  -1.3597E-02  -2.4824E-02
  -2.2128E-03  -1.5330E-02  -1.5367E-02  -4.9455E-03  -2.1602E-02   4.1198E-02
   3.1197E-02  -8.8144E-03  -3.3712E-02  -1.1794E-02  -1.5798E-02  -1.2712E-02
  -1.5468E-02  -9.3967E-03  -1.2071E-02  -1.0795E-02   1.7726E-02  -1.3279E-02
  -2.0233E-02  -9.3409E-03   1.5557E-02  -3.7244E-03   1.2254E-02  -4.9415E-03
  -1.1005E-02   1.1728E-02  -1.2830E-02  -1.7153E-03  -1.1378E-02   3.2498E-02
  -6.2263E-03  -1.0702E-03  -2.3187E-03   8.0797E-03   8.4403E-03  -8.3304E-04
  -3.5497E-03  -1.1048E-02   2.5128E-03   2.9656E-05  -3.3213E-02  -8.6352E-03
  -3.3770E-03   6.9353E-04  -4.9091E-03  -1.0667E-02  -2.4326E-04   1.0779E-04
   3.9043E-03  -4.4014E-03  -1.4380E-03   3.8675E-04  -7.1390E-04   2.0982E-03
   2.2022E-02   2.2080E-02   2.1166E-02  -2.6711E-03  -4.9532E-02  -1.9981E-01
  -2.0647E-01  -1.5936E-01  -1.4907E-01  -6.5693E-02  -1.4080E-01  -1.4828E-01
  -1.5665E-01  -1.3499E-01  -7.8865E-02  -7.6978E-02  -2.8235E-02  -1.7981E-02
  -2.1118E-02  -5.4550E-03  -1.4381E-02  -1.3291E-02   2.1290E-03  -8.3219E-03
   6.7235E-03   1.2065E-02   3.1556E-02   8.6961E-02   6.5315E-02   3.0339E-02
   2.8298E-02  -3.0821E-02  -2.7900E-02  -3.5653E-02  -4.4749E-02  -2.4994E-02
   1.5799E-02  -1.3780E-02  -2.2272E-02  -2.6160E-03  -2.4693E-03  -1.1482E-02
  -1.6783E-02   1.8149E-02   3.0742E-02   2.8895E-02   2.2951E-03   1.4284E-02
  -1.3835E-02  -1.0013E-02   8.6431E-03  -2.3221E-03  -8.8010E-03  -8.1650E-03
  -2.1230E-03   2.4992E-02  -1.5056E-02  -1.9167E-02  -4.0302E-03   1.2990E-02
  -4.5994E-03   3.3909E-02   3.2698E-03   2.1189E-03   1.0674E-03  -9.4387E-03
  -9.8907E-04  -7.4901E-03   2.3641E-02   1.9231E-04  -7.1905E-03  -1.2215E-02
  -4.8849E-04   6.1920E-03   4.1744E-03  -3.1361E-03  -6.0808E-03  -1.2149E-02
  -2.0030E-03  -2.1357E-02  -1.2116E-03  -3.7191E-03  -1.0640E-03  -4.6223E-03
  -5.3781E-03  -1.1112E-02  -1.4192E-03  -3.7032E-03   7.3228E-03   8.3798E-03
   1.1271E-02   1.4763E-02  -3.2056E-03  -2.3343E-02  -2.2942E-02  -2.2865E-02
  -2.4377E-03   1.3038E-01  -4.7721E-02  -3.8722E-02   2.1196E-02  -1.2936E-02
   1.3547E-02  -3.8089E-02  -5.1842E-02   1.9166E-02  -4.9199E-02  -6.4351E-02
  -6.3035E-02  -8.8939E-02   5.1587E-02   5.2280E-02   1.7991E-02  -1.6807E-02
   2.3944E-03  -3.4327E-02  -2.7298E-02   9.0710E-03   1.4066E-02   1.7831E-02
  -5.9855E-03   4.9593E-02   5.9508E-02   1.9336E-02  -1.5020E-02  -1.4099E-02
  -2.2697E-02  -2.5318E-02  -1.3173E-02   2.0640E-02  -1.0018E-02  -1.6621E-02
   3.8896E-03  -1.4546E-02  -1.9743E-02  -9.5383E-03  -1.4369E-02   3.1889E-02
   3.4379E-02  -8.5188E-03  -3.8546E-02  -1.5694E-02  -1.2713E-02  -1.3097E-02
  -1.5746E-02  -1.0305E-02  -1.4273E-02  -1.3645E-02   1.2126E-02  -9.0857E-03
  -1.4417E-02  -9.2812E-03   1.6295E-02  -2.1617E-03   1.3625E-02  -3.2312E-03
  -6.8449E-03   5.4403E-03  -1.6584E-02   9.1734E-04  -6.7525E-03   3.5300E-02
  -1.6215E-02  -1.8016E-03  -5.7107E-03   2.3583E-03   7.3643E-03  -2.0631E-03
  -3.3760E-03  -7.2988E-03   2.8166E-03  -5.2669E-04  -3.1074E-02  -5.3226E-03
  -8.7001E-03   2.1556E-03  -1.6178E-03  -3.5609E-03  -3.5948E-03  -1.7375E-03
   1.7361E-03   6.4851E-04  -2.3897E-03  -1.2616E-03   2.1871E-03   1.8867E-03
   2.1104E-02   2.1660E-02   2.0685E-02   9.7560E-04
  > Energy =  -9.939099385484E+02 +/-   1.544517744911E-04
  > varE =   3.908460649425E-03

VMC #5:
* Size of Hilbert space =   1.0817E+14
* Number of equil. steps   = 1000
* Running VMC equilibration.
  Done. [total walltime: 0.34s]
* Equil. acc.ratio (%)     =  12.3342
* Sample config after equilibration:
  +-------------------------+
  |  u   d   u   d   0   2  |
  |d   u   d   0   d   u   0|
  |d   d   0   2   u   d   u|
  |  u   u   2   u   d   2  |
  +-------------------------+
* Number of accum. steps   = 655360 x 10
* Running VMC accumulation.
  Done. [total walltime: 2.33s]
* Acceptance ratio (%)     =  12.2941
* Etot/t                   =  -9.939099224760E+02 +/-   8.296632932027E-05
  > Ttot/t                 =  -9.591296465828E+01 +/-   9.377895378107E-04
  > Utot/t                 =   4.231119663320E+01 +/-   9.320514621371E-04
* var[Eloc/t]              =   4.028431428278E-03 +/-   4.542199464869E-05
* Correlation length       =   1.119818678347E+00
* log10 Psi^2 range: -133.6833184004363 -- -121.1626223285051
* log10 Pgen range : -133.6833184004363 -- -121.1626223285051
* Site occupation (ave. no. electrons per config.):
  > Site_  ___eu____  ___ed____
      1        0.498      0.500
      2        0.498      0.498
      3        0.499      0.496
      4        0.499      0.499
      5        0.502      0.501
      6        0.501      0.500
      7        0.502      0.502
      8        0.497      0.498
      9        0.498      0.498
     10        0.500      0.500
     11        0.497      0.497
     12        0.503      0.502
     13        0.503      0.502
     14        0.503      0.501
     15        0.501      0.502
     16        0.498      0.499
     17        0.501      0.497
     18        0.502      0.501
     19        0.498      0.499
     20        0.503      0.502
     21        0.504      0.506
     22        0.500      0.502
     23        0.498      0.499
     24        0.497      0.499
     25        0.497      0.496
     26        0.504      0.503
* Pair-correlation analysis (ave. no. pairs per config.):
  > Shell  nsite  ___dh____  __eueu___  __eued___
      0      1        0          0          4.492
      1      0        0.917      0.496      2.604
      2      0        0.134      0.359      0.532
      3      0        0.267      0.723      1.062
      4      0        0.226      0.766      1.067
      5      0        0.252      0.737      1.055
      6      0        0.755      0.847      2.434
      7      0        0.672      1.049      2.341
      8      0        0.596      1.225      2.257
      9      0        0.447      1.547      2.095
     10      0        0.527      1.385      2.183
     11      0        0.140      0.815      1.155
     12      0        0.136      0.830      1.140
     13      0        0.136      0.856      1.088
     14      0        0.223      2.110      1.912
     15      0        0.111      1.058      0.955
     16      0        0.222      2.091      1.904
     17      0        0.261      1.904      2.060
     18      0        0.238      2.046      1.936
     19      0        0.296      1.877      2.056
     20      0        0.306      1.875      2.055
     21      0        0.241      2.098      1.921
     22      0        0.243      2.114      1.909
     23      0        0.240      2.131      1.897
     24      0        0.237      2.105      1.911
     25      0        0.274      2.084      1.911
     26      0        0.270      2.083      1.905
     27      0        0.235      2.131      1.882
     28      0        0.217      1.948      2.056
     29      0        0.240      2.059      1.942
     30      0        0.215      1.944      2.092
     31      0        0.106      0.970      1.052
     32      0        0.245      2.053      1.955
     33      0        0.211      2.139      1.888
     34      0        0.246      2.042      1.962
     35      0        0.219      2.076      1.952
     36      0        0.246      2.019      1.962
     37      0        0.282      1.938      2.019
     38      0        0.143      0.971      1.011
     39      0        0.214      1.983      2.030
     40      0        0.258      1.909      2.077
     41      0        0.140      1.011      0.978
     42      0        0.276      2.019      1.950
     43      0        0.255      1.955      2.035
     44      0        0.258      1.868      2.102
     45      0        0.216      1.986      2.051
     46      0        0.242      2.026      1.972
     47      0        0.255      1.931      2.055
     48      0        0.242      1.963      2.035
     49      0        0.247      2.019      1.984
     50      0        0.246      1.979      2.021
     51      0        0.277      1.963      2.000
     52      0        0.245      2.036      1.972
     53      0        0.225      1.973      2.046
     54      0        0.220      2.044      1.986
     55      0        0.249      1.975      1.999
     56      0        0.276      1.998      1.966
     57      0        0.249      2.004      1.968
     58      0        0.216      2.030      1.982
     59      0        0.251      1.974      2.021
     60      0        0.240      2.010      1.987
     61      0        0.136      0.995      0.983
     62      0        0.107      1.016      1.001
     63      0        0.245      1.996      1.985
     64      0        0.218      2.028      2.004
     65      0        0.215      2.052      1.983
     66      0        0.135      0.984      0.995
     67      0        0.215      1.996      2.017
     68      0        0.216      2.016      1.993
     69      0        0.248      2.010      1.990
     70      0        0.249      2.013      1.987
     71      0        0.250      1.988      2.006
     72      0        0.217      2.019      2.011
     73      0        0.247      1.978      1.999
     74      0        0.242      2.001      1.992
     75      0        0.243      1.985      1.981
     76      0        0.242      1.833      2.151
     77      0        0.242      1.984      2.011
     78      0        0.107      1.002      1.014
     79      0        0.214      2.000      2.009
     80      0        0.216      2.011      1.995
     81      0        0.218      2.000      2.030
     82      0        0.240      1.981      1.992
     83      0        0.108      0.994      0.995
     84      0        0.217      2.003      2.002
     85      0        0.111      1.007      1.003
     86      0        0.241      1.993      2.001
     87      0        0.217      1.996      2.009
     88      0        0.109      0.999      0.991
     89      0        0.219      2.007      2.020
     90      0        0.127      0.972      1.009
     91      0        0.063      0.487      0.506
     92      0        0.063      0.487      0.502
     93      0        0.112      1.006      1.005

Optimization #5:
* Method          : lls
* Target function : energy
* No. of configs. : 163840
* No. of params.  : 736
* Before optimization:
  -2.1289E+01  -2.1020E+01  -2.1268E+01  -2.0998E+01  -2.1437E+01  -2.0987E+01
  -2.0738E+01   2.1043E+00   1.9710E+00   1.1232E+00   1.0752E+00   2.3740E+00
   2.7221E+00   2.2898E+00   2.2976E+00   1.4568E+00   1.4321E+00   1.4885E+00
   1.4605E+00   2.1412E+00   2.1407E+00   1.4793E+00   1.4397E+00   1.3883E+00
   1.4433E+00   1.1396E+00   1.3915E+00   1.3890E+00   1.3734E+00   1.3014E+00
   1.2947E+00   2.1945E+00   2.1940E+00   1.8109E+00   1.8109E+00   1.4651E+00
   1.4684E+00   6.7529E-01   6.7330E-01   1.1266E+00   1.1268E+00   1.1331E+00
   1.1313E+00   1.1137E+00   1.1135E+00   2.3323E+00   2.3273E+00   8.1639E-01
   8.1102E-01   1.5938E+00   1.6049E+00   1.9728E+00   1.9702E+00   1.0617E+00
   1.0616E+00   1.4610E+00   1.4625E+00   1.1451E+00   1.1451E+00   1.1197E+00
   6.2436E-01   6.2385E-01   1.6970E+00   1.6795E+00   6.5334E-01   6.5193E-01
   1.4368E+00   1.4377E+00   5.0646E-01   5.0380E-01   9.2386E-01   9.2424E-01
   8.0231E-02   5.6296E-01   5.6184E-01   7.0382E-01   7.0387E-01   1.0693E-01
   9.5021E-01   9.4772E-01   8.4532E-01   8.4349E-01   1.5355E+00   1.5375E+00
   6.6702E-01   6.6723E-01   9.6051E-01   9.6127E-01   7.3212E-01   7.2936E-01
   9.7690E-01   9.7721E-01   1.4469E-01   1.4373E-01   1.6372E-01   1.6312E-01
   4.3926E-01   4.3972E-01   8.7148E-01   8.6838E-01   9.3759E-01   9.3673E-01
   9.2149E-01   9.2010E-01   6.4208E-02   6.3139E-02   4.4557E-01   4.4599E-01
   4.6372E-02   4.4848E-02   6.1564E-01   6.1334E-01   4.0542E-01   4.0357E-01
   5.4470E-01   5.4492E-01   8.5963E-01   2.5348E-01  -3.9559E-01  -3.9680E-01
   4.8139E-01   4.8032E-01   7.2389E-01   7.2295E-01   8.5683E-01   1.1105E-01
   1.1020E-01   1.2329E-01   1.2344E-01  -2.0668E-02  -2.1596E-02   4.1130E-01
   4.0909E-01  -2.2197E-02  -2.3231E-02   1.0007E-01   1.0182E-01  -3.9048E-01
  -3.9096E-01   4.2442E-01   4.2377E-01   4.1495E-02   4.0508E-02   1.5172E+00
   1.5193E+00   5.5105E-01   5.5116E-01   2.3652E-01  -2.7735E-01  -2.7810E-01
  -2.7114E-01  -2.7181E-01   4.8391E-01   4.8304E-01   4.4468E-02   4.3459E-02
  -7.6917E-01  -3.8541E-01  -3.8502E-01   1.6328E-03   4.2247E-01   4.2203E-01
  -3.8399E-01  -3.8364E-01  -7.6679E-01   1.0353E-01   1.0480E-01   5.8137E-01
   5.7730E-01   5.8195E-01   5.7679E-01   5.8082E-01   5.7678E-01   3.5632E+00
  -5.7644E+00   1.7927E+00  -2.9147E+00   4.0207E+00  -5.0985E+00  -1.3925E+00
  -1.0184E+00  -1.2112E+01   9.3824E+00  -6.8059E+00   4.3875E+00  -2.5318E-01
  -1.2962E+00  -1.3771E+00  -1.8414E-01  -1.7673E+00  -3.9444E-01   1.2626E+00
  -2.7832E+00  -4.3203E+00   2.9367E+00  -1.2771E+00  -1.6587E-01   8.7847E+00
  -9.9232E+00  -2.7253E+00   1.3466E+00  -4.2476E+00   2.8859E+00   3.7947E+00
  -5.0817E+00  -6.5510E+00   4.3507E+00  -1.6025E+00  -2.0542E-01  -3.8064E+00
   2.3356E+00   3.1509E+00  -3.8293E+00   1.4451E+00  -2.5682E+00  -1.1906E+00
   6.0948E-02  -7.3281E-02  -1.0357E+00  -6.5827E+00   4.2814E+00   3.1228E+00
  -3.9042E+00  -3.8370E+00   2.2674E+00  -6.6202E+00   4.6551E+00   3.8818E+00
  -4.9455E+00  -7.8685E+00   6.4088E+00  -2.6405E+00   1.4921E+00  -4.1611E+00
   3.0376E+00   2.1073E-01  -8.3359E-01   3.7597E+00  -5.4315E+00   6.1979E-01
  -1.2718E+00  -1.0512E+00  -3.8404E-01   6.7288E+00  -7.2344E+00  -4.5950E+00
   3.6708E+00   4.5972E+00  -4.6776E+00   2.6362E+00  -3.1986E+00   1.7835E-01
  -8.8979E-01   4.5898E+00  -4.6942E+00  -4.6028E+00   3.6557E+00   1.8052E+00
  -2.6493E+00  -7.8990E+00   6.3554E+00  -2.3526E+00   1.6851E+00  -7.5759E+00
   6.6151E+00   5.8736E-01  -1.3239E+00  -7.5812E+00   6.6035E+00   2.0251E+00
  -2.1696E+00   2.0187E+00  -2.1824E+00  -3.2014E+00   2.7626E+00   1.7986E+00
  -2.6667E+00  -2.2992E+00   1.3619E+00  -2.2947E+00   1.3738E+00   5.8947E+00
  -5.9588E+00  -3.2040E+00   2.7585E+00   5.9010E+00  -5.9468E+00   2.6211E+00
  -3.2342E+00   9.6787E-01  -1.3718E+00  -5.7943E+00   5.2488E+00  -1.1031E+01
   1.0171E+01  -5.6604E-01   3.1264E-01   7.2714E+00  -6.8758E+00  -2.0337E+00
   1.5522E+00  -2.3677E+00   1.6449E+00  -1.1029E+01   1.0173E+01   2.9053E+00
  -3.0153E+00   2.9021E+00  -3.0248E+00   2.3312E+00  -2.3098E+00   9.6623E-01
  -1.3765E+00   2.3314E+00  -2.3083E+00  -2.6999E-01   1.6875E-01   7.2700E+00
  -6.8798E+00  -5.5125E+00   5.0884E+00  -5.6694E-01   5.2576E-01  -1.0860E+00
  -4.4168E-01  -5.7965E+00   5.2452E+00  -5.6062E-01   3.2449E-01   4.6729E+00
  -4.3955E+00   4.6708E+00  -4.3989E+00  -2.0344E+00   1.5502E+00  -5.6842E-01
   5.2436E-01   9.8927E+00  -9.1236E+00   4.9465E+00  -4.5617E+00  -1.2036E-03
  -1.2877E-03  -5.5115E+00   5.0895E+00   4.9459E+00  -4.5619E+00   9.8910E+00
  -9.1250E+00  -2.7212E-01   1.6702E-01   6.6986E+00  -7.2804E+00   6.6993E+00
  -7.2807E+00   6.6991E+00  -7.2808E+00   8.6834E-01   7.6895E-01   8.7163E-01
   7.2001E-01   9.9725E-01   7.0409E-01   7.3305E-01  -7.1220E-02  -1.9260E-01
  -2.0198E-01  -1.6495E-01  -1.2122E-01  -8.0939E-02  -1.5237E-01  -1.5562E-01
  -1.1296E-01  -1.3268E-01  -8.3467E-02  -7.7471E-02  -3.2261E-02   3.6185E-02
   3.1981E-02   2.9972E-02  -2.7893E-02  -3.1334E-03  -2.0336E-02  -3.5655E-02
   1.9796E-02   2.5882E-02   3.9593E-02   7.8751E-02   4.0488E-02   1.3734E-02
   3.1843E-02  -2.4997E-02  -2.9554E-02  -3.6092E-02  -4.5555E-02  -3.0050E-02
   6.5252E-02  -1.9674E-02  -3.1003E-02  -8.8665E-03  -4.3256E-03  -7.0137E-03
  -1.0374E-02   6.2486E-03   4.0924E-02   2.6293E-02   1.8936E-03   7.6583E-03
  -1.1129E-02  -1.3841E-02   6.6275E-03  -4.0446E-03  -8.9481E-03  -6.3752E-03
  -1.8427E-03   2.7458E-02  -1.9826E-02  -2.4683E-02  -4.5258E-03   1.2328E-02
  -4.9841E-03   2.8070E-02   5.8649E-04  -5.6368E-03   1.0132E-02  -8.4246E-03
  -3.9039E-03  -1.2831E-02   2.5231E-02   7.2575E-03  -4.5997E-03  -6.0041E-03
   5.9027E-03   5.4615E-03   6.8465E-03  -3.8495E-03  -1.0733E-02  -8.8128E-03
  -2.1132E-04  -2.4494E-02  -5.1131E-03   4.6910E-04  -3.7090E-03  -7.7610E-03
  -1.2147E-02  -7.3605E-03  -3.5246E-03  -2.6286E-03   1.7287E-03   7.3838E-03
   1.1971E-02   1.1734E-02  -1.5433E-03  -1.5306E-02  -1.4881E-02  -1.6780E-02
  -4.8169E-03   2.0716E-01  -3.3638E-02  -2.3750E-02   7.4220E-02   6.7040E-03
   6.3762E-02   2.0638E-02  -1.5671E-03   4.6531E-02  -9.5379E-03  -6.2487E-02
  -5.9853E-02  -6.8852E-02   8.1214E-02   7.9542E-02   4.1804E-02  -2.6878E-02
   6.0870E-03  -4.7604E-02  -4.5640E-02   1.9589E-02   2.4250E-02   2.5945E-02
  -5.5840E-03   2.5298E-02   3.6837E-02   2.3481E-02  -1.2856E-02  -1.6615E-02
  -2.5350E-02  -3.0578E-02  -1.7807E-02   5.2677E-02  -1.3597E-02  -2.4824E-02
  -2.2128E-03  -1.5330E-02  -1.5367E-02  -4.9455E-03  -2.1602E-02   4.1198E-02
   3.1197E-02  -8.8144E-03  -3.3712E-02  -1.1794E-02  -1.5798E-02  -1.2712E-02
  -1.5468E-02  -9.3967E-03  -1.2071E-02  -1.0795E-02   1.7726E-02  -1.3279E-02
  -2.0233E-02  -9.3409E-03   1.5557E-02  -3.7244E-03   1.2254E-02  -4.9415E-03
  -1.1005E-02   1.1728E-02  -1.2830E-02  -1.7153E-03  -1.1378E-02   3.2498E-02
  -6.2263E-03  -1.0702E-03  -2.3187E-03   8.0797E-03   8.4403E-03  -8.3304E-04
  -3.5497E-03  -1.1048E-02   2.5128E-03   2.9656E-05  -3.3213E-02  -8.6352E-03
  -3.3770E-03   6.9353E-04  -4.9091E-03  -1.0667E-02  -2.4326E-04   1.0779E-04
   3.9043E-03  -4.4014E-03  -1.4380E-03   3.8675E-04  -7.1390E-04   2.0982E-03
   2.2022E-02   2.2080E-02   2.1166E-02  -2.6711E-03  -4.9532E-02  -1.9981E-01
  -2.0647E-01  -1.5936E-01  -1.4907E-01  -6.5693E-02  -1.4080E-01  -1.4828E-01
  -1.5665E-01  -1.3499E-01  -7.8865E-02  -7.6978E-02  -2.8235E-02  -1.7981E-02
  -2.1118E-02  -5.4550E-03  -1.4381E-02  -1.3291E-02   2.1290E-03  -8.3219E-03
   6.7235E-03   1.2065E-02   3.1556E-02   8.6961E-02   6.5315E-02   3.0339E-02
   2.8298E-02  -3.0821E-02  -2.7900E-02  -3.5653E-02  -4.4749E-02  -2.4994E-02
   1.5799E-02  -1.3780E-02  -2.2272E-02  -2.6160E-03  -2.4693E-03  -1.1482E-02
  -1.6783E-02   1.8149E-02   3.0742E-02   2.8895E-02   2.2951E-03   1.4284E-02
  -1.3835E-02  -1.0013E-02   8.6431E-03  -2.3221E-03  -8.8010E-03  -8.1650E-03
  -2.1230E-03   2.4992E-02  -1.5056E-02  -1.9167E-02  -4.0302E-03   1.2990E-02
  -4.5994E-03   3.3909E-02   3.2698E-03   2.1189E-03   1.0674E-03  -9.4387E-03
  -9.8907E-04  -7.4901E-03   2.3641E-02   1.9231E-04  -7.1905E-03  -1.2215E-02
  -4.8849E-04   6.1920E-03   4.1744E-03  -3.1361E-03  -6.0808E-03  -1.2149E-02
  -2.0030E-03  -2.1357E-02  -1.2116E-03  -3.7191E-03  -1.0640E-03  -4.6223E-03
  -5.3781E-03  -1.1112E-02  -1.4192E-03  -3.7032E-03   7.3228E-03   8.3798E-03
   1.1271E-02   1.4763E-02  -3.2056E-03  -2.3343E-02  -2.2942E-02  -2.2865E-02
  -2.4377E-03   1.3038E-01  -4.7721E-02  -3.8722E-02   2.1196E-02  -1.2936E-02
   1.3547E-02  -3.8089E-02  -5.1842E-02   1.9166E-02  -4.9199E-02  -6.4351E-02
  -6.3035E-02  -8.8939E-02   5.1587E-02   5.2280E-02   1.7991E-02  -1.6807E-02
   2.3944E-03  -3.4327E-02  -2.7298E-02   9.0710E-03   1.4066E-02   1.7831E-02
  -5.9855E-03   4.9593E-02   5.9508E-02   1.9336E-02  -1.5020E-02  -1.4099E-02
  -2.2697E-02  -2.5318E-02  -1.3173E-02   2.0640E-02  -1.0018E-02  -1.6621E-02
   3.8896E-03  -1.4546E-02  -1.9743E-02  -9.5383E-03  -1.4369E-02   3.1889E-02
   3.4379E-02  -8.5188E-03  -3.8546E-02  -1.5694E-02  -1.2713E-02  -1.3097E-02
  -1.5746E-02  -1.0305E-02  -1.4273E-02  -1.3645E-02   1.2126E-02  -9.0857E-03
  -1.4417E-02  -9.2812E-03   1.6295E-02  -2.1617E-03   1.3625E-02  -3.2312E-03
  -6.8449E-03   5.4403E-03  -1.6584E-02   9.1734E-04  -6.7525E-03   3.5300E-02
  -1.6215E-02  -1.8016E-03  -5.7107E-03   2.3583E-03   7.3643E-03  -2.0631E-03
  -3.3760E-03  -7.2988E-03   2.8166E-03  -5.2669E-04  -3.1074E-02  -5.3226E-03
  -8.7001E-03   2.1556E-03  -1.6178E-03  -3.5609E-03  -3.5948E-03  -1.7375E-03
   1.7361E-03   6.4851E-04  -2.3897E-03  -1.2616E-03   2.1871E-03   1.8867E-03
   2.1104E-02   2.1660E-02   2.0685E-02   9.7560E-04
  > E    =  -9.939093372725E+02 +/-   1.586703699528E-04
  > varE =   4.124882747547E-03
* Computing derivatives.
    [walltime: 2m38s elapsed, 4m remaining]
  Done. [total walltime: 6m39s]
* Optimizing manipulation constant:
  #igrid a___________ E____________________________________ varE____________
     1     Infinity    -9.93909337E+02 +/-   1.58670370E-04   4.12488275E-03
     2     1.0000E+06  -9.93909337E+02 +/-   1.58670357E-04   4.12488208E-03
     3     2.1544E+05  -9.93909337E+02 +/-   1.58670310E-04   4.12487965E-03
     4     4.6416E+04  -9.93909337E+02 +/-   1.58670093E-04   4.12486835E-03
     5     1.0000E+04  -9.93909337E+02 +/-   1.58669087E-04   4.12481605E-03
     6     2.1544E+03  -9.93909338E+02 +/-   1.58664464E-04   4.12457570E-03
     7     4.6416E+02  -9.93909338E+02 +/-   1.58643997E-04   4.12351167E-03
     8     1.0000E+02  -9.93909340E+02 +/-   1.58570373E-04   4.11968523E-03
     9     2.1544E+01  -9.93909300E+02 +/-   1.58768574E-04   4.12999025E-03
    10     4.6416E+00  -9.93905555E+02 +/-   2.05735534E-04   6.93487372E-03
    11     1.0000E+00  -9.93074650E+02 +/-   1.95300904E-03   6.24925787E-01
    12     2.1544E-01  -9.93771596E+02 +/-   8.83699258E-04   1.27946650E-01
    13     4.6416E-02  -9.90830421E+02 +/-   3.82172050E-03   2.39297292E+00
    14     1.0000E-02  -9.90911934E+02 +/-   4.47690246E-03   3.28378869E+00
    15     2.1544E-03  -9.90939666E+02 +/-   4.61403429E-03   3.48804096E+00
    16     4.6416E-04  -9.90945562E+02 +/-   4.64233642E-03   3.53096294E+00
    17     1.0000E-04  -9.90946823E+02 +/-   4.64836321E-03   3.54013684E+00
    18     2.1544E-05  -9.90947094E+02 +/-   4.64965822E-03   3.54210965E+00
    19     4.6416E-06  -9.90947153E+02 +/-   4.64993706E-03   3.54253450E+00
    20     1.0000E-06  -9.90947165E+02 +/-   4.64999713E-03   3.54262603E+00
    21     0.0000E+00  -9.90947169E+02 +/-   4.65001363E-03   3.54265116E+00
  ParMin   2.0048E+02  -9.93909339E+02 +/-   1.58613340E-04   4.12191812E-03
  # Using grid point #8
* Iteration # 1: E =  -9.939093401241E+02 +/-   1.585703729042E-04
* Convergence: exiting.
* After optimization:
  -2.1272E+01  -2.1001E+01  -2.1250E+01  -2.0980E+01  -2.1419E+01  -2.0968E+01
  -2.0720E+01   2.1044E+00   1.9708E+00   1.1233E+00   1.0754E+00   2.3740E+00
   2.7221E+00   2.2899E+00   2.2977E+00   1.4570E+00   1.4323E+00   1.4885E+00
   1.4604E+00   2.1412E+00   2.1407E+00   1.4794E+00   1.4397E+00   1.3883E+00
   1.4434E+00   1.1396E+00   1.3916E+00   1.3892E+00   1.3734E+00   1.3015E+00
   1.2947E+00   2.1945E+00   2.1940E+00   1.8109E+00   1.8109E+00   1.4651E+00
   1.4685E+00   6.7534E-01   6.7337E-01   1.1267E+00   1.1269E+00   1.1332E+00
   1.1313E+00   1.1138E+00   1.1136E+00   2.3322E+00   2.3273E+00   8.1640E-01
   8.1105E-01   1.5939E+00   1.6050E+00   1.9728E+00   1.9703E+00   1.0617E+00
   1.0617E+00   1.4610E+00   1.4626E+00   1.1451E+00   1.1451E+00   1.1197E+00
   6.2437E-01   6.2385E-01   1.6971E+00   1.6796E+00   6.5338E-01   6.5197E-01
   1.4368E+00   1.4377E+00   5.0647E-01   5.0381E-01   9.2391E-01   9.2429E-01
   8.0222E-02   5.6303E-01   5.6191E-01   7.0379E-01   7.0384E-01   1.0692E-01
   9.5028E-01   9.4781E-01   8.4530E-01   8.4346E-01   1.5356E+00   1.5376E+00
   6.6702E-01   6.6723E-01   9.6052E-01   9.6125E-01   7.3218E-01   7.2943E-01
   9.7694E-01   9.7723E-01   1.4469E-01   1.4373E-01   1.6372E-01   1.6312E-01
   4.3927E-01   4.3970E-01   8.7145E-01   8.6834E-01   9.3763E-01   9.3674E-01
   9.2153E-01   9.2012E-01   6.4299E-02   6.3233E-02   4.4558E-01   4.4601E-01
   4.6463E-02   4.4940E-02   6.1573E-01   6.1342E-01   4.0549E-01   4.0362E-01
   5.4469E-01   5.4490E-01   8.5961E-01   2.5349E-01  -3.9558E-01  -3.9679E-01
   4.8140E-01   4.8031E-01   7.2387E-01   7.2296E-01   8.5680E-01   1.1107E-01
   1.1023E-01   1.2334E-01   1.2349E-01  -2.0669E-02  -2.1581E-02   4.1137E-01
   4.0914E-01  -2.2199E-02  -2.3218E-02   1.0009E-01   1.0179E-01  -3.9046E-01
  -3.9093E-01   4.2437E-01   4.2375E-01   4.1509E-02   4.0536E-02   1.5172E+00
   1.5193E+00   5.5104E-01   5.5114E-01   2.3652E-01  -2.7734E-01  -2.7808E-01
  -2.7115E-01  -2.7179E-01   4.8392E-01   4.8306E-01   4.4457E-02   4.3473E-02
  -7.6910E-01  -3.8537E-01  -3.8498E-01   1.6410E-03   4.2245E-01   4.2203E-01
  -3.8395E-01  -3.8361E-01  -7.6673E-01   1.0351E-01   1.0477E-01   5.8138E-01
   5.7729E-01   5.8196E-01   5.7679E-01   5.8087E-01   5.7679E-01   3.5628E+00
  -5.7641E+00   1.7921E+00  -2.9143E+00   4.0200E+00  -5.0980E+00  -1.3926E+00
  -1.0184E+00  -1.2112E+01   9.3830E+00  -6.8066E+00   4.3880E+00  -2.5377E-01
  -1.2956E+00  -1.3776E+00  -1.8362E-01  -1.7679E+00  -3.9384E-01   1.2620E+00
  -2.7826E+00  -4.3208E+00   2.9373E+00  -1.2777E+00  -1.6540E-01   8.7841E+00
  -9.9227E+00  -2.7259E+00   1.3471E+00  -4.2482E+00   2.8865E+00   3.7941E+00
  -5.0812E+00  -6.5513E+00   4.3510E+00  -1.6031E+00  -2.0488E-01  -3.8071E+00
   2.3362E+00   3.1503E+00  -3.8288E+00   1.4445E+00  -2.5676E+00  -1.1912E+00
   6.1436E-02  -7.3942E-02  -1.0352E+00  -6.5830E+00   4.2817E+00   3.1223E+00
  -3.9036E+00  -3.8377E+00   2.2680E+00  -6.6208E+00   4.6557E+00   3.8812E+00
  -4.9450E+00  -7.8691E+00   6.4093E+00  -2.6411E+00   1.4926E+00  -4.1616E+00
   3.0382E+00   2.1015E-01  -8.3302E-01   3.7594E+00  -5.4312E+00   6.1927E-01
  -1.2713E+00  -1.0515E+00  -3.8375E-01   6.7282E+00  -7.2338E+00  -4.5956E+00
   3.6713E+00   4.5967E+00  -4.6770E+00   2.6356E+00  -3.1981E+00   1.7779E-01
  -8.8922E-01   4.5892E+00  -4.6936E+00  -4.6033E+00   3.6561E+00   1.8049E+00
  -2.6490E+00  -7.8996E+00   6.3559E+00  -2.3532E+00   1.6856E+00  -7.5765E+00
   6.6156E+00   5.8682E-01  -1.3234E+00  -7.5818E+00   6.6040E+00   2.0246E+00
  -2.1691E+00   2.0182E+00  -2.1819E+00  -3.2020E+00   2.7631E+00   1.7983E+00
  -2.6664E+00  -2.2995E+00   1.3622E+00  -2.2950E+00   1.3741E+00   5.8941E+00
  -5.9583E+00  -3.2046E+00   2.7590E+00   5.9005E+00  -5.9463E+00   2.6205E+00
  -3.2337E+00   9.6761E-01  -1.3716E+00  -5.7948E+00   5.2494E+00  -1.1032E+01
   1.0171E+01  -5.6656E-01   3.1319E-01   7.2708E+00  -6.8752E+00  -2.0340E+00
   1.5525E+00  -2.3682E+00   1.6454E+00  -1.1030E+01   1.0174E+01   2.9047E+00
  -3.0147E+00   2.9015E+00  -3.0242E+00   2.3309E+00  -2.3095E+00   9.6595E-01
  -1.3763E+00   2.3311E+00  -2.3080E+00  -2.7027E-01   1.6904E-01   7.2694E+00
  -6.8792E+00  -5.5127E+00   5.0887E+00  -5.6753E-01   5.2633E-01  -1.0863E+00
  -4.4142E-01  -5.7970E+00   5.2458E+00  -5.6117E-01   3.2502E-01   4.6723E+00
  -4.3949E+00   4.6702E+00  -4.3983E+00  -2.0347E+00   1.5505E+00  -5.6900E-01
   5.2494E-01   9.8922E+00  -9.1230E+00   4.9462E+00  -4.5614E+00  -1.2125E-03
  -1.3001E-03  -5.5118E+00   5.0898E+00   4.9456E+00  -4.5616E+00   9.8904E+00
  -9.1245E+00  -2.7240E-01   1.6731E-01   6.6980E+00  -7.2798E+00   6.6987E+00
  -7.2801E+00   6.6985E+00  -7.2801E+00   8.6078E-01   7.6168E-01   8.6354E-01
   7.1336E-01   9.8821E-01   6.9746E-01   7.2615E-01  -7.0477E-02  -1.9052E-01
  -2.0003E-01  -1.6336E-01  -1.2013E-01  -8.0137E-02  -1.5099E-01  -1.5399E-01
  -1.1182E-01  -1.3148E-01  -8.2647E-02  -7.6904E-02  -3.1853E-02   3.5866E-02
   3.1673E-02   2.9771E-02  -2.7487E-02  -3.0853E-03  -2.0278E-02  -3.5468E-02
   1.9568E-02   2.5729E-02   3.9106E-02   7.7966E-02   4.0211E-02   1.3630E-02
   3.1678E-02  -2.4813E-02  -2.9286E-02  -3.5703E-02  -4.4980E-02  -2.9644E-02
   6.4558E-02  -1.9423E-02  -3.0729E-02  -8.6819E-03  -4.2418E-03  -6.7632E-03
  -1.0301E-02   6.2417E-03   4.0481E-02   2.5968E-02   1.8569E-03   7.5335E-03
  -1.1146E-02  -1.3718E-02   6.5199E-03  -4.0761E-03  -8.8488E-03  -6.3286E-03
  -1.7216E-03   2.7071E-02  -1.9611E-02  -2.4513E-02  -4.5252E-03   1.2259E-02
  -4.9490E-03   2.7756E-02   4.9196E-04  -5.7007E-03   9.9355E-03  -8.3855E-03
  -3.8686E-03  -1.2752E-02   2.4888E-02   7.0566E-03  -4.5416E-03  -6.0291E-03
   5.7040E-03   5.4587E-03   6.7949E-03  -3.9206E-03  -1.0598E-02  -8.4536E-03
  -2.7214E-04  -2.4241E-02  -5.0523E-03   2.6653E-04  -3.6193E-03  -7.4732E-03
  -1.2038E-02  -7.1603E-03  -3.3328E-03  -2.5584E-03   1.6929E-03   7.0623E-03
   1.1664E-02   1.1393E-02  -1.4640E-03  -1.5143E-02  -1.4715E-02  -1.6563E-02
  -4.5811E-03   2.0536E-01  -3.3105E-02  -2.3567E-02   7.3609E-02   6.6933E-03
   6.3309E-02   2.0429E-02  -1.3726E-03   4.6133E-02  -9.3972E-03  -6.1908E-02
  -5.9344E-02  -6.8234E-02   8.0365E-02   7.8832E-02   4.1414E-02  -2.6646E-02
   6.0944E-03  -4.7121E-02  -4.5271E-02   1.9303E-02   2.4114E-02   2.5628E-02
  -5.4727E-03   2.5103E-02   3.6378E-02   2.3255E-02  -1.2762E-02  -1.6482E-02
  -2.5085E-02  -3.0246E-02  -1.7707E-02   5.2187E-02  -1.3476E-02  -2.4540E-02
  -2.1901E-03  -1.5175E-02  -1.5188E-02  -4.9131E-03  -2.1296E-02   4.0926E-02
   3.0834E-02  -8.8359E-03  -3.3368E-02  -1.1724E-02  -1.5680E-02  -1.2603E-02
  -1.5394E-02  -9.3296E-03  -1.2033E-02  -1.0694E-02   1.7544E-02  -1.3211E-02
  -2.0046E-02  -9.2833E-03   1.5424E-02  -3.7117E-03   1.2135E-02  -4.9886E-03
  -1.0823E-02   1.1605E-02  -1.2633E-02  -1.6996E-03  -1.1281E-02   3.2141E-02
  -6.1818E-03  -9.9044E-04  -2.3139E-03   8.0727E-03   8.3579E-03  -8.9080E-04
  -3.4707E-03  -1.0791E-02   2.4860E-03   1.1373E-04  -3.2886E-02  -8.4574E-03
  -3.2764E-03   6.8871E-04  -4.8283E-03  -1.0507E-02  -3.1409E-04   1.1363E-04
   3.6712E-03  -4.1922E-03  -1.3723E-03   3.9596E-04  -6.9627E-04   1.9553E-03
   2.1718E-02   2.1791E-02   2.0877E-02  -2.7121E-03  -4.9322E-02  -1.9958E-01
  -2.0622E-01  -1.5912E-01  -1.4922E-01  -6.5616E-02  -1.4075E-01  -1.4811E-01
  -1.5665E-01  -1.3486E-01  -7.8814E-02  -7.7181E-02  -2.8099E-02  -1.7825E-02
  -2.1334E-02  -5.3680E-03  -1.4270E-02  -1.3320E-02   2.0180E-03  -8.5036E-03
   6.8078E-03   1.2064E-02   3.1556E-02   8.6832E-02   6.5357E-02   3.0427E-02
   2.8463E-02  -3.0802E-02  -2.7894E-02  -3.5694E-02  -4.4497E-02  -2.4776E-02
   1.5715E-02  -1.3722E-02  -2.2375E-02  -2.6240E-03  -2.4511E-03  -1.1302E-02
  -1.6815E-02   1.8085E-02   3.0744E-02   2.8821E-02   2.3350E-03   1.4250E-02
  -1.3948E-02  -1.0035E-02   8.5479E-03  -2.3260E-03  -8.7403E-03  -8.1271E-03
  -2.0451E-03   2.4906E-02  -1.5046E-02  -1.9237E-02  -4.0852E-03   1.3003E-02
  -4.6156E-03   3.3881E-02   3.2482E-03   1.9053E-03   1.0426E-03  -9.4896E-03
  -1.0304E-03  -7.4805E-03   2.3608E-02   4.1760E-05  -7.2065E-03  -1.2233E-02
  -5.8448E-04   6.2265E-03   4.1984E-03  -3.2279E-03  -6.1500E-03  -1.1849E-02
  -2.0755E-03  -2.1415E-02  -1.2432E-03  -3.9534E-03  -1.0123E-03  -4.4825E-03
  -5.3673E-03  -1.0869E-02  -1.4304E-03  -3.6244E-03   7.2989E-03   8.1280E-03
   1.1044E-02   1.4655E-02  -3.0068E-03  -2.3295E-02  -2.2900E-02  -2.2814E-02
  -2.2932E-03   1.3053E-01  -4.7672E-02  -3.8525E-02   2.1370E-02  -1.2930E-02
   1.3751E-02  -3.7963E-02  -5.1740E-02   1.9184E-02  -4.8953E-02  -6.4356E-02
  -6.3055E-02  -8.8956E-02   5.1595E-02   5.2133E-02   1.7967E-02  -1.6889E-02
   2.4404E-03  -3.4290E-02  -2.7346E-02   9.0682E-03   1.4082E-02   1.7855E-02
  -5.9867E-03   4.9545E-02   5.9412E-02   1.9309E-02  -1.4984E-02  -1.4100E-02
  -2.2715E-02  -2.5284E-02  -1.3223E-02   2.0701E-02  -1.0034E-02  -1.6628E-02
   3.8274E-03  -1.4528E-02  -1.9769E-02  -9.5501E-03  -1.4340E-02   3.2032E-02
   3.4307E-02  -8.5597E-03  -3.8492E-02  -1.5724E-02  -1.2748E-02  -1.3107E-02
  -1.5766E-02  -1.0323E-02  -1.4357E-02  -1.3674E-02   1.2163E-02  -9.1282E-03
  -1.4440E-02  -9.3055E-03   1.6249E-02  -2.2495E-03   1.3629E-02  -3.2777E-03
  -6.7778E-03   5.5099E-03  -1.6411E-02   9.4165E-04  -6.7105E-03   3.5317E-02
  -1.6239E-02  -1.7651E-03  -5.6782E-03   2.4715E-03   7.4015E-03  -2.1489E-03
  -3.3222E-03  -7.2139E-03   2.7610E-03  -4.7014E-04  -3.1116E-02  -5.2499E-03
  -8.6052E-03   2.1833E-03  -1.6740E-03  -3.4962E-03  -3.5942E-03  -1.8323E-03
   1.6178E-03   7.6474E-04  -2.3062E-03  -1.2714E-03   2.2215E-03   1.8190E-03
   2.1048E-02   2.1596E-02   2.0618E-02   8.7091E-04
  > Energy =  -9.939093401241E+02 +/-   1.585703729042E-04
  > varE =   4.119685228620E-03

VMC #6:
* Size of Hilbert space =   1.0817E+14
* Number of equil. steps   = 1000
* Running VMC equilibration.
  Done. [total walltime: 0.34s]
* Equil. acc.ratio (%)     =  12.4065
* Sample config after equilibration:
  +-------------------------+
  |  u   0   2   d   u   u  |
  |d   0   u   d   0   d   2|
  |u   2   d   d   d   d   u|
  |  d   u   u   u   u   d  |
  +-------------------------+
* Number of accum. steps   = 655360 x 10
* Running VMC accumulation.
  Done. [total walltime: 2.30s]
* Acceptance ratio (%)     =  12.3701
* Etot/t                   =  -9.939097373717E+02 +/-   8.160564014944E-05
  > Ttot/t                 =  -9.591336277398E+01 +/-   9.158419232936E-04
  > Utot/t                 =   4.231177985323E+01 +/-   9.082822071520E-04
* var[Eloc/t]              =   3.958528172625E-03 +/-   2.991260078053E-05
* Correlation length       =   1.102520167322E+00
* log10 Psi^2 range: -133.7872464783974 -- -120.7610713629329
* log10 Pgen range : -133.7872464783974 -- -120.7610713629329
* Site occupation (ave. no. electrons per config.):
  > Site_  ___eu____  ___ed____
      1        0.499      0.498
      2        0.496      0.497
      3        0.496      0.499
      4        0.495      0.498
      5        0.500      0.505
      6        0.498      0.502
      7        0.502      0.501
      8        0.499      0.501
      9        0.498      0.497
     10        0.501      0.498
     11        0.495      0.494
     12        0.504      0.505
     13        0.503      0.502
     14        0.503      0.503
     15        0.503      0.504
     16        0.498      0.499
     17        0.500      0.499
     18        0.499      0.502
     19        0.503      0.499
     20        0.504      0.503
     21        0.504      0.504
     22        0.501      0.502
     23        0.500      0.495
     24        0.498      0.497
     25        0.497      0.497
     26        0.502      0.500
* Pair-correlation analysis (ave. no. pairs per config.):
  > Shell  nsite  ___dh____  __eueu___  __eued___
      0      1        0          0          4.497
      1      0        0.915      0.499      2.606
      2      0        0.136      0.359      0.531
      3      0        0.266      0.719      1.057
      4      0        0.224      0.765      1.063
      5      0        0.251      0.738      1.050
      6      0        0.761      0.844      2.435
      7      0        0.672      1.049      2.337
      8      0        0.602      1.220      2.260
      9      0        0.445      1.553      2.095
     10      0        0.529      1.392      2.173
     11      0        0.138      0.819      1.159
     12      0        0.137      0.839      1.139
     13      0        0.135      0.862      1.091
     14      0        0.226      2.114      1.920
     15      0        0.111      1.065      0.955
     16      0        0.224      2.092      1.920
     17      0        0.261      1.896      2.055
     18      0        0.237      2.049      1.938
     19      0        0.296      1.874      2.042
     20      0        0.308      1.867      2.050
     21      0        0.243      2.086      1.927
     22      0        0.244      2.119      1.908
     23      0        0.241      2.127      1.893
     24      0        0.237      2.098      1.906
     25      0        0.275      2.084      1.902
     26      0        0.267      2.072      1.903
     27      0        0.238      2.130      1.887
     28      0        0.216      1.960      2.064
     29      0        0.239      2.056      1.948
     30      0        0.216      1.954      2.096
     31      0        0.107      0.971      1.054
     32      0        0.246      2.052      1.951
     33      0        0.209      2.137      1.895
     34      0        0.249      2.048      1.965
     35      0        0.219      2.076      1.952
     36      0        0.246      2.012      1.965
     37      0        0.286      1.928      2.016
     38      0        0.143      0.964      1.008
     39      0        0.216      1.992      2.032
     40      0        0.258      1.899      2.080
     41      0        0.141      1.006      0.970
     42      0        0.276      2.019      1.945
     43      0        0.254      1.947      2.025
     44      0        0.256      1.872      2.100
     45      0        0.217      1.996      2.056
     46      0        0.243      2.028      1.970
     47      0        0.260      1.932      2.060
     48      0        0.244      1.963      2.032
     49      0        0.249      2.017      1.981
     50      0        0.249      1.976      2.022
     51      0        0.278      1.953      1.994
     52      0        0.249      2.023      1.962
     53      0        0.220      1.965      2.057
     54      0        0.217      2.044      1.987
     55      0        0.249      1.975      2.010
     56      0        0.276      1.995      1.959
     57      0        0.247      2.006      1.979
     58      0        0.215      2.040      1.983
     59      0        0.251      1.974      2.014
     60      0        0.240      2.012      1.990
     61      0        0.134      0.990      0.985
     62      0        0.109      1.018      1.006
     63      0        0.248      1.993      1.981
     64      0        0.218      2.023      2.005
     65      0        0.215      2.058      1.991
     66      0        0.135      0.981      0.991
     67      0        0.214      2.004      2.026
     68      0        0.217      2.020      2.001
     69      0        0.251      1.993      1.982
     70      0        0.251      2.016      1.975
     71      0        0.249      1.983      2.000
     72      0        0.219      2.021      2.008
     73      0        0.244      1.986      1.993
     74      0        0.243      1.991      1.987
     75      0        0.240      1.991      1.986
     76      0        0.242      1.842      2.147
     77      0        0.245      1.989      2.008
     78      0        0.109      1.005      1.019
     79      0        0.216      2.010      2.015
     80      0        0.216      2.015      2.010
     81      0        0.218      2.003      2.028
     82      0        0.240      1.987      1.989
     83      0        0.108      0.999      1.002
     84      0        0.219      2.005      2.001
     85      0        0.110      1.006      1.001
     86      0        0.243      1.986      1.995
     87      0        0.217      1.999      2.008
     88      0        0.110      1.002      0.996
     89      0        0.218      2.009      2.022
     90      0        0.126      0.974      1.004
     91      0        0.062      0.490      0.505
     92      0        0.063      0.490      0.505
     93      0        0.110      1.002      1.003

Optimization #6:
* Method          : lls
* Target function : energy
* No. of configs. : 163840
* No. of params.  : 736
* Before optimization:
  -2.1272E+01  -2.1001E+01  -2.1250E+01  -2.0980E+01  -2.1419E+01  -2.0968E+01
  -2.0720E+01   2.1044E+00   1.9708E+00   1.1233E+00   1.0754E+00   2.3740E+00
   2.7221E+00   2.2899E+00   2.2977E+00   1.4570E+00   1.4323E+00   1.4885E+00
   1.4604E+00   2.1412E+00   2.1407E+00   1.4794E+00   1.4397E+00   1.3883E+00
   1.4434E+00   1.1396E+00   1.3916E+00   1.3892E+00   1.3734E+00   1.3015E+00
   1.2947E+00   2.1945E+00   2.1940E+00   1.8109E+00   1.8109E+00   1.4651E+00
   1.4685E+00   6.7534E-01   6.7337E-01   1.1267E+00   1.1269E+00   1.1332E+00
   1.1313E+00   1.1138E+00   1.1136E+00   2.3322E+00   2.3273E+00   8.1640E-01
   8.1105E-01   1.5939E+00   1.6050E+00   1.9728E+00   1.9703E+00   1.0617E+00
   1.0617E+00   1.4610E+00   1.4626E+00   1.1451E+00   1.1451E+00   1.1197E+00
   6.2437E-01   6.2385E-01   1.6971E+00   1.6796E+00   6.5338E-01   6.5197E-01
   1.4368E+00   1.4377E+00   5.0647E-01   5.0381E-01   9.2391E-01   9.2429E-01
   8.0222E-02   5.6303E-01   5.6191E-01   7.0379E-01   7.0384E-01   1.0692E-01
   9.5028E-01   9.4781E-01   8.4530E-01   8.4346E-01   1.5356E+00   1.5376E+00
   6.6702E-01   6.6723E-01   9.6052E-01   9.6125E-01   7.3218E-01   7.2943E-01
   9.7694E-01   9.7723E-01   1.4469E-01   1.4373E-01   1.6372E-01   1.6312E-01
   4.3927E-01   4.3970E-01   8.7145E-01   8.6834E-01   9.3763E-01   9.3674E-01
   9.2153E-01   9.2012E-01   6.4299E-02   6.3233E-02   4.4558E-01   4.4601E-01
   4.6463E-02   4.4940E-02   6.1573E-01   6.1342E-01   4.0549E-01   4.0362E-01
   5.4469E-01   5.4490E-01   8.5961E-01   2.5349E-01  -3.9558E-01  -3.9679E-01
   4.8140E-01   4.8031E-01   7.2387E-01   7.2296E-01   8.5680E-01   1.1107E-01
   1.1023E-01   1.2334E-01   1.2349E-01  -2.0669E-02  -2.1581E-02   4.1137E-01
   4.0914E-01  -2.2199E-02  -2.3218E-02   1.0009E-01   1.0179E-01  -3.9046E-01
  -3.9093E-01   4.2437E-01   4.2375E-01   4.1509E-02   4.0536E-02   1.5172E+00
   1.5193E+00   5.5104E-01   5.5114E-01   2.3652E-01  -2.7734E-01  -2.7808E-01
  -2.7115E-01  -2.7179E-01   4.8392E-01   4.8306E-01   4.4457E-02   4.3473E-02
  -7.6910E-01  -3.8537E-01  -3.8498E-01   1.6410E-03   4.2245E-01   4.2203E-01
  -3.8395E-01  -3.8361E-01  -7.6673E-01   1.0351E-01   1.0477E-01   5.8138E-01
   5.7729E-01   5.8196E-01   5.7679E-01   5.8087E-01   5.7679E-01   3.5628E+00
  -5.7641E+00   1.7921E+00  -2.9143E+00   4.0200E+00  -5.0980E+00  -1.3926E+00
  -1.0184E+00  -1.2112E+01   9.3830E+00  -6.8066E+00   4.3880E+00  -2.5377E-01
  -1.2956E+00  -1.3776E+00  -1.8362E-01  -1.7679E+00  -3.9384E-01   1.2620E+00
  -2.7826E+00  -4.3208E+00   2.9373E+00  -1.2777E+00  -1.6540E-01   8.7841E+00
  -9.9227E+00  -2.7259E+00   1.3471E+00  -4.2482E+00   2.8865E+00   3.7941E+00
  -5.0812E+00  -6.5513E+00   4.3510E+00  -1.6031E+00  -2.0488E-01  -3.8071E+00
   2.3362E+00   3.1503E+00  -3.8288E+00   1.4445E+00  -2.5676E+00  -1.1912E+00
   6.1436E-02  -7.3942E-02  -1.0352E+00  -6.5830E+00   4.2817E+00   3.1223E+00
  -3.9036E+00  -3.8377E+00   2.2680E+00  -6.6208E+00   4.6557E+00   3.8812E+00
  -4.9450E+00  -7.8691E+00   6.4093E+00  -2.6411E+00   1.4926E+00  -4.1616E+00
   3.0382E+00   2.1015E-01  -8.3302E-01   3.7594E+00  -5.4312E+00   6.1927E-01
  -1.2713E+00  -1.0515E+00  -3.8375E-01   6.7282E+00  -7.2338E+00  -4.5956E+00
   3.6713E+00   4.5967E+00  -4.6770E+00   2.6356E+00  -3.1981E+00   1.7779E-01
  -8.8922E-01   4.5892E+00  -4.6936E+00  -4.6033E+00   3.6561E+00   1.8049E+00
  -2.6490E+00  -7.8996E+00   6.3559E+00  -2.3532E+00   1.6856E+00  -7.5765E+00
   6.6156E+00   5.8682E-01  -1.3234E+00  -7.5818E+00   6.6040E+00   2.0246E+00
  -2.1691E+00   2.0182E+00  -2.1819E+00  -3.2020E+00   2.7631E+00   1.7983E+00
  -2.6664E+00  -2.2995E+00   1.3622E+00  -2.2950E+00   1.3741E+00   5.8941E+00
  -5.9583E+00  -3.2046E+00   2.7590E+00   5.9005E+00  -5.9463E+00   2.6205E+00
  -3.2337E+00   9.6761E-01  -1.3716E+00  -5.7948E+00   5.2494E+00  -1.1032E+01
   1.0171E+01  -5.6656E-01   3.1319E-01   7.2708E+00  -6.8752E+00  -2.0340E+00
   1.5525E+00  -2.3682E+00   1.6454E+00  -1.1030E+01   1.0174E+01   2.9047E+00
  -3.0147E+00   2.9015E+00  -3.0242E+00   2.3309E+00  -2.3095E+00   9.6595E-01
  -1.3763E+00   2.3311E+00  -2.3080E+00  -2.7027E-01   1.6904E-01   7.2694E+00
  -6.8792E+00  -5.5127E+00   5.0887E+00  -5.6753E-01   5.2633E-01  -1.0863E+00
  -4.4142E-01  -5.7970E+00   5.2458E+00  -5.6117E-01   3.2502E-01   4.6723E+00
  -4.3949E+00   4.6702E+00  -4.3983E+00  -2.0347E+00   1.5505E+00  -5.6900E-01
   5.2494E-01   9.8922E+00  -9.1230E+00   4.9462E+00  -4.5614E+00  -1.2125E-03
  -1.3001E-03  -5.5118E+00   5.0898E+00   4.9456E+00  -4.5616E+00   9.8904E+00
  -9.1245E+00  -2.7240E-01   1.6731E-01   6.6980E+00  -7.2798E+00   6.6987E+00
  -7.2801E+00   6.6985E+00  -7.2801E+00   8.6078E-01   7.6168E-01   8.6354E-01
   7.1336E-01   9.8821E-01   6.9746E-01   7.2615E-01  -7.0477E-02  -1.9052E-01
  -2.0003E-01  -1.6336E-01  -1.2013E-01  -8.0137E-02  -1.5099E-01  -1.5399E-01
  -1.1182E-01  -1.3148E-01  -8.2647E-02  -7.6904E-02  -3.1853E-02   3.5866E-02
   3.1673E-02   2.9771E-02  -2.7487E-02  -3.0853E-03  -2.0278E-02  -3.5468E-02
   1.9568E-02   2.5729E-02   3.9106E-02   7.7966E-02   4.0211E-02   1.3630E-02
   3.1678E-02  -2.4813E-02  -2.9286E-02  -3.5703E-02  -4.4980E-02  -2.9644E-02
   6.4558E-02  -1.9423E-02  -3.0729E-02  -8.6819E-03  -4.2418E-03  -6.7632E-03
  -1.0301E-02   6.2417E-03   4.0481E-02   2.5968E-02   1.8569E-03   7.5335E-03
  -1.1146E-02  -1.3718E-02   6.5199E-03  -4.0761E-03  -8.8488E-03  -6.3286E-03
  -1.7216E-03   2.7071E-02  -1.9611E-02  -2.4513E-02  -4.5252E-03   1.2259E-02
  -4.9490E-03   2.7756E-02   4.9196E-04  -5.7007E-03   9.9355E-03  -8.3855E-03
  -3.8686E-03  -1.2752E-02   2.4888E-02   7.0566E-03  -4.5416E-03  -6.0291E-03
   5.7040E-03   5.4587E-03   6.7949E-03  -3.9206E-03  -1.0598E-02  -8.4536E-03
  -2.7214E-04  -2.4241E-02  -5.0523E-03   2.6653E-04  -3.6193E-03  -7.4732E-03
  -1.2038E-02  -7.1603E-03  -3.3328E-03  -2.5584E-03   1.6929E-03   7.0623E-03
   1.1664E-02   1.1393E-02  -1.4640E-03  -1.5143E-02  -1.4715E-02  -1.6563E-02
  -4.5811E-03   2.0536E-01  -3.3105E-02  -2.3567E-02   7.3609E-02   6.6933E-03
   6.3309E-02   2.0429E-02  -1.3726E-03   4.6133E-02  -9.3972E-03  -6.1908E-02
  -5.9344E-02  -6.8234E-02   8.0365E-02   7.8832E-02   4.1414E-02  -2.6646E-02
   6.0944E-03  -4.7121E-02  -4.5271E-02   1.9303E-02   2.4114E-02   2.5628E-02
  -5.4727E-03   2.5103E-02   3.6378E-02   2.3255E-02  -1.2762E-02  -1.6482E-02
  -2.5085E-02  -3.0246E-02  -1.7707E-02   5.2187E-02  -1.3476E-02  -2.4540E-02
  -2.1901E-03  -1.5175E-02  -1.5188E-02  -4.9131E-03  -2.1296E-02   4.0926E-02
   3.0834E-02  -8.8359E-03  -3.3368E-02  -1.1724E-02  -1.5680E-02  -1.2603E-02
  -1.5394E-02  -9.3296E-03  -1.2033E-02  -1.0694E-02   1.7544E-02  -1.3211E-02
  -2.0046E-02  -9.2833E-03   1.5424E-02  -3.7117E-03   1.2135E-02  -4.9886E-03
  -1.0823E-02   1.1605E-02  -1.2633E-02  -1.6996E-03  -1.1281E-02   3.2141E-02
  -6.1818E-03  -9.9044E-04  -2.3139E-03   8.0727E-03   8.3579E-03  -8.9080E-04
  -3.4707E-03  -1.0791E-02   2.4860E-03   1.1373E-04  -3.2886E-02  -8.4574E-03
  -3.2764E-03   6.8871E-04  -4.8283E-03  -1.0507E-02  -3.1409E-04   1.1363E-04
   3.6712E-03  -4.1922E-03  -1.3723E-03   3.9596E-04  -6.9627E-04   1.9553E-03
   2.1718E-02   2.1791E-02   2.0877E-02  -2.7121E-03  -4.9322E-02  -1.9958E-01
  -2.0622E-01  -1.5912E-01  -1.4922E-01  -6.5616E-02  -1.4075E-01  -1.4811E-01
  -1.5665E-01  -1.3486E-01  -7.8814E-02  -7.7181E-02  -2.8099E-02  -1.7825E-02
  -2.1334E-02  -5.3680E-03  -1.4270E-02  -1.3320E-02   2.0180E-03  -8.5036E-03
   6.8078E-03   1.2064E-02   3.1556E-02   8.6832E-02   6.5357E-02   3.0427E-02
   2.8463E-02  -3.0802E-02  -2.7894E-02  -3.5694E-02  -4.4497E-02  -2.4776E-02
   1.5715E-02  -1.3722E-02  -2.2375E-02  -2.6240E-03  -2.4511E-03  -1.1302E-02
  -1.6815E-02   1.8085E-02   3.0744E-02   2.8821E-02   2.3350E-03   1.4250E-02
  -1.3948E-02  -1.0035E-02   8.5479E-03  -2.3260E-03  -8.7403E-03  -8.1271E-03
  -2.0451E-03   2.4906E-02  -1.5046E-02  -1.9237E-02  -4.0852E-03   1.3003E-02
  -4.6156E-03   3.3881E-02   3.2482E-03   1.9053E-03   1.0426E-03  -9.4896E-03
  -1.0304E-03  -7.4805E-03   2.3608E-02   4.1760E-05  -7.2065E-03  -1.2233E-02
  -5.8448E-04   6.2265E-03   4.1984E-03  -3.2279E-03  -6.1500E-03  -1.1849E-02
  -2.0755E-03  -2.1415E-02  -1.2432E-03  -3.9534E-03  -1.0123E-03  -4.4825E-03
  -5.3673E-03  -1.0869E-02  -1.4304E-03  -3.6244E-03   7.2989E-03   8.1280E-03
   1.1044E-02   1.4655E-02  -3.0068E-03  -2.3295E-02  -2.2900E-02  -2.2814E-02
  -2.2932E-03   1.3053E-01  -4.7672E-02  -3.8525E-02   2.1370E-02  -1.2930E-02
   1.3751E-02  -3.7963E-02  -5.1740E-02   1.9184E-02  -4.8953E-02  -6.4356E-02
  -6.3055E-02  -8.8956E-02   5.1595E-02   5.2133E-02   1.7967E-02  -1.6889E-02
   2.4404E-03  -3.4290E-02  -2.7346E-02   9.0682E-03   1.4082E-02   1.7855E-02
  -5.9867E-03   4.9545E-02   5.9412E-02   1.9309E-02  -1.4984E-02  -1.4100E-02
  -2.2715E-02  -2.5284E-02  -1.3223E-02   2.0701E-02  -1.0034E-02  -1.6628E-02
   3.8274E-03  -1.4528E-02  -1.9769E-02  -9.5501E-03  -1.4340E-02   3.2032E-02
   3.4307E-02  -8.5597E-03  -3.8492E-02  -1.5724E-02  -1.2748E-02  -1.3107E-02
  -1.5766E-02  -1.0323E-02  -1.4357E-02  -1.3674E-02   1.2163E-02  -9.1282E-03
  -1.4440E-02  -9.3055E-03   1.6249E-02  -2.2495E-03   1.3629E-02  -3.2777E-03
  -6.7778E-03   5.5099E-03  -1.6411E-02   9.4165E-04  -6.7105E-03   3.5317E-02
  -1.6239E-02  -1.7651E-03  -5.6782E-03   2.4715E-03   7.4015E-03  -2.1489E-03
  -3.3222E-03  -7.2139E-03   2.7610E-03  -4.7014E-04  -3.1116E-02  -5.2499E-03
  -8.6052E-03   2.1833E-03  -1.6740E-03  -3.4962E-03  -3.5942E-03  -1.8323E-03
   1.6178E-03   7.6474E-04  -2.3062E-03  -1.2714E-03   2.2215E-03   1.8190E-03
   2.1048E-02   2.1596E-02   2.0618E-02   8.7091E-04
  > E    =  -9.939098354018E+02 +/-   1.556382058661E-04
  > varE =   3.968737464357E-03
* Computing derivatives.
    [walltime: 2m35s elapsed, 3m55s remaining]
  Done. [total walltime: 6m39s]
* Optimizing manipulation constant:
  #igrid a___________ E____________________________________ varE____________
     1     Infinity    -9.93909835E+02 +/-   1.55638206E-04   3.96873746E-03
     2     1.0000E+06  -9.93909835E+02 +/-   1.55638197E-04   3.96873700E-03
     3     2.1544E+05  -9.93909835E+02 +/-   1.55638163E-04   3.96873529E-03
     4     4.6416E+04  -9.93909835E+02 +/-   1.55638010E-04   3.96872746E-03
     5     1.0000E+04  -9.93909835E+02 +/-   1.55637329E-04   3.96869275E-03
     6     2.1544E+03  -9.93909836E+02 +/-   1.55634868E-04   3.96856725E-03
     7     4.6416E+02  -9.93909835E+02 +/-   1.55638639E-04   3.96875957E-03
     8     1.0000E+02  -9.93909805E+02 +/-   1.56033136E-04   3.98890425E-03
     9     2.1544E+01  -9.93907510E+02 +/-   1.88599579E-04   5.82775625E-03
    10     4.6416E+00  -9.91939784E+02 +/-   2.72067463E-03   1.21275522E+00
    11     1.0000E+00   1.40791433E+04 +/-   1.65107513E+02   4.46635883E+09
    12     2.1544E-01 (error)
    13     4.6416E-02 (error)
    14     1.0000E-02  -9.90677629E+02 +/-   3.18485340E-03   1.66187683E+00
    15     2.1544E-03  -9.90677684E+02 +/-   3.18642150E-03   1.66351372E+00
    16     4.6416E-04  -9.90677699E+02 +/-   3.18677266E-03   1.66388039E+00
    17     1.0000E-04  -9.90677702E+02 +/-   3.18684892E-03   1.66396003E+00
    18     2.1544E-05  -9.90677703E+02 +/-   3.18686538E-03   1.66397722E+00
    19     4.6416E-06  -9.90677703E+02 +/-   3.18686893E-03   1.66398092E+00
    20     1.0000E-06  -9.90677703E+02 +/-   3.18686969E-03   1.66398172E+00
    21     0.0000E+00  -9.90677703E+02 +/-   3.18686990E-03   1.66398194E+00
* Iteration # 1: E =  -9.939098355355E+02 +/-   1.556348683371E-04
* Convergence: exiting.
* After optimization:
  -2.1269E+01  -2.0998E+01  -2.1247E+01  -2.0976E+01  -2.1416E+01  -2.0965E+01
  -2.0717E+01   2.1044E+00   1.9708E+00   1.1233E+00   1.0754E+00   2.3740E+00
   2.7221E+00   2.2900E+00   2.2978E+00   1.4570E+00   1.4323E+00   1.4885E+00
   1.4604E+00   2.1412E+00   2.1407E+00   1.4794E+00   1.4397E+00   1.3883E+00
   1.4434E+00   1.1396E+00   1.3916E+00   1.3892E+00   1.3734E+00   1.3015E+00
   1.2947E+00   2.1945E+00   2.1940E+00   1.8110E+00   1.8109E+00   1.4651E+00
   1.4685E+00   6.7535E-01   6.7338E-01   1.1267E+00   1.1269E+00   1.1332E+00
   1.1313E+00   1.1139E+00   1.1136E+00   2.3323E+00   2.3273E+00   8.1641E-01
   8.1106E-01   1.5939E+00   1.6050E+00   1.9728E+00   1.9703E+00   1.0618E+00
   1.0617E+00   1.4610E+00   1.4626E+00   1.1451E+00   1.1451E+00   1.1197E+00
   6.2439E-01   6.2386E-01   1.6971E+00   1.6796E+00   6.5339E-01   6.5198E-01
   1.4369E+00   1.4377E+00   5.0649E-01   5.0383E-01   9.2392E-01   9.2431E-01
   8.0234E-02   5.6304E-01   5.6192E-01   7.0380E-01   7.0385E-01   1.0693E-01
   9.5029E-01   9.4782E-01   8.4531E-01   8.4347E-01   1.5356E+00   1.5376E+00
   6.6703E-01   6.6724E-01   9.6053E-01   9.6126E-01   7.3219E-01   7.2944E-01
   9.7695E-01   9.7724E-01   1.4470E-01   1.4375E-01   1.6374E-01   1.6313E-01
   4.3928E-01   4.3971E-01   8.7146E-01   8.6835E-01   9.3763E-01   9.3675E-01
   9.2154E-01   9.2013E-01   6.4310E-02   6.3242E-02   4.4559E-01   4.4602E-01
   4.6473E-02   4.4950E-02   6.1574E-01   6.1342E-01   4.0549E-01   4.0363E-01
   5.4470E-01   5.4491E-01   8.5962E-01   2.5350E-01  -3.9557E-01  -3.9678E-01
   4.8141E-01   4.8031E-01   7.2388E-01   7.2297E-01   8.5681E-01   1.1108E-01
   1.1024E-01   1.2335E-01   1.2350E-01  -2.0665E-02  -2.1577E-02   4.1137E-01
   4.0914E-01  -2.2196E-02  -2.3214E-02   1.0009E-01   1.0179E-01  -3.9045E-01
  -3.9092E-01   4.2438E-01   4.2375E-01   4.1517E-02   4.0544E-02   1.5172E+00
   1.5193E+00   5.5106E-01   5.5115E-01   2.3653E-01  -2.7734E-01  -2.7807E-01
  -2.7114E-01  -2.7178E-01   4.8393E-01   4.8306E-01   4.4465E-02   4.3481E-02
  -7.6910E-01  -3.8537E-01  -3.8498E-01   1.6414E-03   4.2245E-01   4.2203E-01
  -3.8394E-01  -3.8361E-01  -7.6672E-01   1.0352E-01   1.0478E-01   5.8139E-01
   5.7731E-01   5.8198E-01   5.7680E-01   5.8089E-01   5.7680E-01   3.5627E+00
  -5.7641E+00   1.7921E+00  -2.9142E+00   4.0199E+00  -5.0979E+00  -1.3926E+00
  -1.0184E+00  -1.2112E+01   9.3831E+00  -6.8067E+00   4.3881E+00  -2.5387E-01
  -1.2955E+00  -1.3777E+00  -1.8354E-01  -1.7680E+00  -3.9374E-01   1.2619E+00
  -2.7825E+00  -4.3209E+00   2.9373E+00  -1.2778E+00  -1.6531E-01   8.7840E+00
  -9.9226E+00  -2.7260E+00   1.3472E+00  -4.2483E+00   2.8866E+00   3.7940E+00
  -5.0811E+00  -6.5513E+00   4.3511E+00  -1.6032E+00  -2.0479E-01  -3.8072E+00
   2.3362E+00   3.1502E+00  -3.8287E+00   1.4444E+00  -2.5675E+00  -1.1912E+00
   6.1518E-02  -7.4047E-02  -1.0351E+00  -6.5830E+00   4.2817E+00   3.1222E+00
  -3.9036E+00  -3.8378E+00   2.2681E+00  -6.6209E+00   4.6558E+00   3.8811E+00
  -4.9449E+00  -7.8692E+00   6.4094E+00  -2.6412E+00   1.4927E+00  -4.1617E+00
   3.0382E+00   2.1004E-01  -8.3293E-01   3.7593E+00  -5.4311E+00   6.1918E-01
  -1.2712E+00  -1.0515E+00  -3.8370E-01   6.7281E+00  -7.2337E+00  -4.5957E+00
   3.6714E+00   4.5966E+00  -4.6769E+00   2.6355E+00  -3.1980E+00   1.7768E-01
  -8.8912E-01   4.5891E+00  -4.6935E+00  -4.6034E+00   3.6562E+00   1.8048E+00
  -2.6490E+00  -7.8997E+00   6.3560E+00  -2.3533E+00   1.6857E+00  -7.5766E+00
   6.6157E+00   5.8672E-01  -1.3234E+00  -7.5819E+00   6.6041E+00   2.0245E+00
  -2.1690E+00   2.0181E+00  -2.1818E+00  -3.2021E+00   2.7632E+00   1.7983E+00
  -2.6664E+00  -2.2995E+00   1.3622E+00  -2.2951E+00   1.3741E+00   5.8940E+00
  -5.9582E+00  -3.2047E+00   2.7591E+00   5.9004E+00  -5.9462E+00   2.6204E+00
  -3.2336E+00   9.6756E-01  -1.3716E+00  -5.7949E+00   5.2494E+00  -1.1032E+01
   1.0171E+01  -5.6666E-01   3.1328E-01   7.2707E+00  -6.8751E+00  -2.0340E+00
   1.5525E+00  -2.3683E+00   1.6455E+00  -1.1030E+01   1.0174E+01   2.9046E+00
  -3.0146E+00   2.9014E+00  -3.0241E+00   2.3308E+00  -2.3095E+00   9.6591E-01
  -1.3762E+00   2.3310E+00  -2.3079E+00  -2.7032E-01   1.6908E-01   7.2693E+00
  -6.8791E+00  -5.5128E+00   5.0887E+00  -5.6763E-01   5.2643E-01  -1.0863E+00
  -4.4137E-01  -5.7971E+00   5.2459E+00  -5.6127E-01   3.2511E-01   4.6722E+00
  -4.3948E+00   4.6701E+00  -4.3982E+00  -2.0348E+00   1.5506E+00  -5.6911E-01
   5.2503E-01   9.8921E+00  -9.1229E+00   4.9462E+00  -4.5614E+00  -1.2125E-03
  -1.2994E-03  -5.5118E+00   5.0899E+00   4.9455E+00  -4.5616E+00   9.8903E+00
  -9.1244E+00  -2.7245E-01   1.6736E-01   6.6979E+00  -7.2797E+00   6.6986E+00
  -7.2800E+00   6.6984E+00  -7.2800E+00   8.5941E-01   7.6044E-01   8.6215E-01
   7.1221E-01   9.8662E-01   6.9632E-01   7.2497E-01  -7.0358E-02  -1.9020E-01
  -1.9972E-01  -1.6309E-01  -1.1993E-01  -8.0008E-02  -1.5075E-01  -1.5375E-01
  -1.1164E-01  -1.3127E-01  -8.2509E-02  -7.6775E-02  -3.1802E-02   3.5808E-02
   3.1624E-02   2.9723E-02  -2.7443E-02  -3.0803E-03  -2.0247E-02  -3.5415E-02
   1.9542E-02   2.5688E-02   3.9049E-02   7.7839E-02   4.0152E-02   1.3608E-02
   3.1628E-02  -2.4772E-02  -2.9241E-02  -3.5644E-02  -4.4908E-02  -2.9594E-02
   6.4455E-02  -1.9392E-02  -3.0677E-02  -8.6661E-03  -4.2331E-03  -6.7478E-03
  -1.0284E-02   6.2331E-03   4.0416E-02   2.5929E-02   1.8551E-03   7.5215E-03
  -1.1132E-02  -1.3696E-02   6.5080E-03  -4.0683E-03  -8.8400E-03  -6.3189E-03
  -1.7196E-03   2.7019E-02  -1.9576E-02  -2.4474E-02  -4.5167E-03   1.2244E-02
  -4.9369E-03   2.7708E-02   4.9057E-04  -5.6911E-03   9.9161E-03  -8.3741E-03
  -3.8683E-03  -1.2739E-02   2.4850E-02   7.0434E-03  -4.5351E-03  -6.0190E-03
   5.6966E-03   5.4500E-03   6.7787E-03  -3.9174E-03  -1.0579E-02  -8.4337E-03
  -2.8008E-04  -2.4200E-02  -5.0396E-03   2.6800E-04  -3.6138E-03  -7.4555E-03
  -1.2016E-02  -7.1461E-03  -3.3180E-03  -2.5503E-03   1.7113E-03   7.0410E-03
   1.1648E-02   1.1383E-02  -1.4579E-03  -1.5118E-02  -1.4690E-02  -1.6534E-02
  -4.5749E-03   2.0504E-01  -3.3047E-02  -2.3536E-02   7.3495E-02   6.6779E-03
   6.3202E-02   2.0390E-02  -1.3679E-03   4.6058E-02  -9.3864E-03  -6.1804E-02
  -5.9244E-02  -6.8126E-02   8.0237E-02   7.8706E-02   4.1349E-02  -2.6604E-02
   6.0872E-03  -4.7041E-02  -4.5195E-02   1.9277E-02   2.4078E-02   2.5591E-02
  -5.4662E-03   2.5060E-02   3.6317E-02   2.3219E-02  -1.2741E-02  -1.6459E-02
  -2.5045E-02  -3.0197E-02  -1.7682E-02   5.2102E-02  -1.3458E-02  -2.4501E-02
  -2.1892E-03  -1.5149E-02  -1.5165E-02  -4.9041E-03  -2.1257E-02   4.0862E-02
   3.0786E-02  -8.8250E-03  -3.3312E-02  -1.1704E-02  -1.5653E-02  -1.2583E-02
  -1.5367E-02  -9.3159E-03  -1.2013E-02  -1.0676E-02   1.7512E-02  -1.3191E-02
  -2.0011E-02  -9.2673E-03   1.5404E-02  -3.7018E-03   1.2115E-02  -4.9811E-03
  -1.0803E-02   1.1578E-02  -1.2619E-02  -1.6999E-03  -1.1266E-02   3.2090E-02
  -6.1707E-03  -9.8738E-04  -2.3110E-03   8.0594E-03   8.3417E-03  -8.8795E-04
  -3.4654E-03  -1.0774E-02   2.4812E-03   1.1111E-04  -3.2832E-02  -8.4436E-03
  -3.2705E-03   6.8752E-04  -4.8162E-03  -1.0492E-02  -3.1374E-04   1.1252E-04
   3.6638E-03  -4.1744E-03  -1.3682E-03   3.9387E-04  -6.8907E-04   1.9513E-03
   2.1681E-02   2.1753E-02   2.0841E-02  -2.7019E-03  -4.9314E-02  -1.9959E-01
  -2.0624E-01  -1.5912E-01  -1.4922E-01  -6.5620E-02  -1.4076E-01  -1.4812E-01
  -1.5665E-01  -1.3486E-01  -7.8811E-02  -7.7179E-02  -2.8099E-02  -1.7826E-02
  -2.1338E-02  -5.3691E-03  -1.4269E-02  -1.3320E-02   2.0188E-03  -8.5058E-03
   6.8109E-03   1.2061E-02   3.1558E-02   8.6832E-02   6.5363E-02   3.0427E-02
   2.8465E-02  -3.0800E-02  -2.7893E-02  -3.5692E-02  -4.4498E-02  -2.4772E-02
   1.5716E-02  -1.3719E-02  -2.2372E-02  -2.6225E-03  -2.4516E-03  -1.1295E-02
  -1.6813E-02   1.8087E-02   3.0748E-02   2.8823E-02   2.3393E-03   1.4252E-02
  -1.3953E-02  -1.0037E-02   8.5508E-03  -2.3249E-03  -8.7446E-03  -8.1255E-03
  -2.0451E-03   2.4901E-02  -1.5041E-02  -1.9236E-02  -4.0850E-03   1.3008E-02
  -4.6124E-03   3.3878E-02   3.2512E-03   1.9030E-03   1.0477E-03  -9.4879E-03
  -1.0330E-03  -7.4840E-03   2.3608E-02   4.4764E-05  -7.2127E-03  -1.2234E-02
  -5.8459E-04   6.2267E-03   4.1896E-03  -3.2303E-03  -6.1467E-03  -1.1841E-02
  -2.0834E-03  -2.1414E-02  -1.2419E-03  -3.9515E-03  -1.0144E-03  -4.4766E-03
  -5.3635E-03  -1.0865E-02  -1.4205E-03  -3.6149E-03   7.3096E-03   8.1150E-03
   1.1054E-02   1.4663E-02  -2.9987E-03  -2.3293E-02  -2.2897E-02  -2.2813E-02
  -2.3020E-03   1.3054E-01  -4.7680E-02  -3.8541E-02   2.1376E-02  -1.2940E-02
   1.3741E-02  -3.7977E-02  -5.1747E-02   1.9182E-02  -4.8963E-02  -6.4353E-02
  -6.3053E-02  -8.8959E-02   5.1597E-02   5.2126E-02   1.7969E-02  -1.6888E-02
   2.4442E-03  -3.4284E-02  -2.7339E-02   9.0717E-03   1.4080E-02   1.7857E-02
  -5.9891E-03   4.9542E-02   5.9409E-02   1.9310E-02  -1.4985E-02  -1.4103E-02
  -2.2715E-02  -2.5284E-02  -1.3227E-02   2.0702E-02  -1.0036E-02  -1.6628E-02
   3.8233E-03  -1.4528E-02  -1.9768E-02  -9.5472E-03  -1.4334E-02   3.2037E-02
   3.4307E-02  -8.5605E-03  -3.8489E-02  -1.5722E-02  -1.2747E-02  -1.3105E-02
  -1.5764E-02  -1.0322E-02  -1.4355E-02  -1.3671E-02   1.2162E-02  -9.1271E-03
  -1.4437E-02  -9.3051E-03   1.6254E-02  -2.2476E-03   1.3630E-02  -3.2756E-03
  -6.7769E-03   5.5065E-03  -1.6417E-02   9.4275E-04  -6.7099E-03   3.5317E-02
  -1.6231E-02  -1.7683E-03  -5.6812E-03   2.4674E-03   7.4008E-03  -2.1521E-03
  -3.3211E-03  -7.2129E-03   2.7583E-03  -4.6996E-04  -3.1116E-02  -5.2540E-03
  -8.6041E-03   2.1830E-03  -1.6698E-03  -3.4947E-03  -3.5922E-03  -1.8296E-03
   1.6212E-03   7.6381E-04  -2.3067E-03  -1.2668E-03   2.2280E-03   1.8192E-03
   2.1046E-02   2.1594E-02   2.0617E-02   8.6595E-04
  > Energy =  -9.939098355355E+02 +/-   1.556348683371E-04
  > varE =   3.968567253780E-03

VMC #7:
* Size of Hilbert space =   1.0817E+14
* Number of equil. steps   = 1000
* Running VMC equilibration.
  Done. [total walltime: 0.34s]
* Equil. acc.ratio (%)     =  12.4174
* Sample config after equilibration:
  +-------------------------+
  |  u   2   d   u   d   0  |
  |2   0   u   d   d   u   2|
  |0   u   u   u   u   d   0|
  |  d   d   d   d   u   2  |
  +-------------------------+
* Number of accum. steps   = 655360 x 10
* Running VMC accumulation.
  Done. [total walltime: 2.31s]
* Acceptance ratio (%)     =  12.3797
* Etot/t                   =  -9.939098150919E+02 +/-   8.263373187784E-05
  > Ttot/t                 =  -9.591508674137E+01 +/-   9.482632718967E-04
  > Utot/t                 =   4.231342610035E+01 +/-   9.404282638678E-04
* var[Eloc/t]              =   3.965223730957E-03 +/-   2.941582046437E-05
* Correlation length       =   1.128566013068E+00
* log10 Psi^2 range: -133.4546094330152 -- -120.7613536141447
* log10 Pgen range : -133.4546094330152 -- -120.7613536141447
* Site occupation (ave. no. electrons per config.):
  > Site_  ___eu____  ___ed____
      1        0.498      0.501
      2        0.498      0.496
      3        0.502      0.495
      4        0.496      0.499
      5        0.505      0.503
      6        0.502      0.500
      7        0.505      0.503
      8        0.496      0.501
      9        0.499      0.495
     10        0.497      0.498
     11        0.498      0.499
     12        0.503      0.501
     13        0.500      0.505
     14        0.502      0.502
     15        0.502      0.504
     16        0.498      0.497
     17        0.500      0.497
     18        0.503      0.501
     19        0.499      0.501
     20        0.502      0.503
     21        0.502      0.502
     22        0.502      0.503
     23        0.497      0.498
     24        0.499      0.499
     25        0.497      0.497
     26        0.502      0.499
* Pair-correlation analysis (ave. no. pairs per config.):
  > Shell  nsite  ___dh____  __eueu___  __eued___
      0      1        0          0          4.503
      1      0        0.922      0.494      2.597
      2      0        0.136      0.359      0.533
      3      0        0.267      0.719      1.060
      4      0        0.224      0.768      1.067
      5      0        0.254      0.739      1.051
      6      0        0.760      0.846      2.436
      7      0        0.671      1.051      2.337
      8      0        0.601      1.225      2.260
      9      0        0.450      1.548      2.088
     10      0        0.527      1.391      2.178
     11      0        0.137      0.814      1.159
     12      0        0.137      0.834      1.141
     13      0        0.137      0.855      1.087
     14      0        0.224      2.110      1.916
     15      0        0.112      1.059      0.953
     16      0        0.222      2.089      1.911
     17      0        0.265      1.901      2.057
     18      0        0.238      2.046      1.939
     19      0        0.295      1.875      2.054
     20      0        0.305      1.877      2.061
     21      0        0.240      2.097      1.925
     22      0        0.242      2.122      1.908
     23      0        0.242      2.126      1.892
     24      0        0.236      2.104      1.915
     25      0        0.277      2.087      1.910
     26      0        0.270      2.078      1.902
     27      0        0.237      2.133      1.885
     28      0        0.218      1.952      2.058
     29      0        0.244      2.059      1.937
     30      0        0.215      1.946      2.097
     31      0        0.106      0.969      1.053
     32      0        0.247      2.052      1.946
     33      0        0.213      2.136      1.888
     34      0        0.248      2.047      1.970
     35      0        0.221      2.073      1.955
     36      0        0.246      2.013      1.960
     37      0        0.284      1.938      2.027
     38      0        0.144      0.966      1.012
     39      0        0.217      1.983      2.026
     40      0        0.259      1.900      2.081
     41      0        0.140      1.012      0.971
     42      0        0.279      2.024      1.952
     43      0        0.255      1.953      2.030
     44      0        0.255      1.871      2.102
     45      0        0.214      1.990      2.051
     46      0        0.242      2.027      1.969
     47      0        0.259      1.939      2.058
     48      0        0.244      1.960      2.035
     49      0        0.246      2.023      1.980
     50      0        0.248      1.976      2.026
     51      0        0.278      1.956      2.005
     52      0        0.245      2.032      1.970
     53      0        0.224      1.968      2.051
     54      0        0.219      2.043      1.985
     55      0        0.250      1.979      2.001
     56      0        0.275      2.000      1.964
     57      0        0.249      2.005      1.978
     58      0        0.217      2.029      1.978
     59      0        0.254      1.978      2.019
     60      0        0.241      2.015      1.987
     61      0        0.138      0.995      0.982
     62      0        0.107      1.018      1.004
     63      0        0.247      1.990      1.981
     64      0        0.219      2.027      2.003
     65      0        0.216      2.055      1.983
     66      0        0.136      0.983      0.995
     67      0        0.217      1.996      2.012
     68      0        0.218      2.011      1.995
     69      0        0.249      2.004      1.988
     70      0        0.250      2.018      1.988
     71      0        0.251      1.987      2.003
     72      0        0.220      2.014      2.015
     73      0        0.248      1.979      1.991
     74      0        0.245      1.995      1.996
     75      0        0.243      1.984      1.983
     76      0        0.245      1.839      2.147
     77      0        0.244      1.986      2.013
     78      0        0.108      1.004      1.018
     79      0        0.215      2.008      2.007
     80      0        0.217      2.007      2.004
     81      0        0.218      2.003      2.029
     82      0        0.243      1.984      1.984
     83      0        0.109      0.993      0.995
     84      0        0.219      2.003      1.996
     85      0        0.109      1.010      1.003
     86      0        0.242      1.996      1.998
     87      0        0.219      1.996      2.002
     88      0        0.108      0.996      0.994
     89      0        0.219      2.013      2.018
     90      0        0.126      0.976      1.007
     91      0        0.063      0.484      0.504
     92      0        0.064      0.487      0.503
     93      0        0.111      1.001      1.007

Optimization #7:
* Method          : lls
* Target function : energy
* No. of configs. : 163840
* No. of params.  : 736
* Before optimization:
  -2.1269E+01  -2.0998E+01  -2.1247E+01  -2.0976E+01  -2.1416E+01  -2.0965E+01
  -2.0717E+01   2.1044E+00   1.9708E+00   1.1233E+00   1.0754E+00   2.3740E+00
   2.7221E+00   2.2900E+00   2.2978E+00   1.4570E+00   1.4323E+00   1.4885E+00
   1.4604E+00   2.1412E+00   2.1407E+00   1.4794E+00   1.4397E+00   1.3883E+00
   1.4434E+00   1.1396E+00   1.3916E+00   1.3892E+00   1.3734E+00   1.3015E+00
   1.2947E+00   2.1945E+00   2.1940E+00   1.8110E+00   1.8109E+00   1.4651E+00
   1.4685E+00   6.7535E-01   6.7338E-01   1.1267E+00   1.1269E+00   1.1332E+00
   1.1313E+00   1.1139E+00   1.1136E+00   2.3323E+00   2.3273E+00   8.1641E-01
   8.1106E-01   1.5939E+00   1.6050E+00   1.9728E+00   1.9703E+00   1.0618E+00
   1.0617E+00   1.4610E+00   1.4626E+00   1.1451E+00   1.1451E+00   1.1197E+00
   6.2439E-01   6.2386E-01   1.6971E+00   1.6796E+00   6.5339E-01   6.5198E-01
   1.4369E+00   1.4377E+00   5.0649E-01   5.0383E-01   9.2392E-01   9.2431E-01
   8.0234E-02   5.6304E-01   5.6192E-01   7.0380E-01   7.0385E-01   1.0693E-01
   9.5029E-01   9.4782E-01   8.4531E-01   8.4347E-01   1.5356E+00   1.5376E+00
   6.6703E-01   6.6724E-01   9.6053E-01   9.6126E-01   7.3219E-01   7.2944E-01
   9.7695E-01   9.7724E-01   1.4470E-01   1.4375E-01   1.6374E-01   1.6313E-01
   4.3928E-01   4.3971E-01   8.7146E-01   8.6835E-01   9.3763E-01   9.3675E-01
   9.2154E-01   9.2013E-01   6.4310E-02   6.3242E-02   4.4559E-01   4.4602E-01
   4.6473E-02   4.4950E-02   6.1574E-01   6.1342E-01   4.0549E-01   4.0363E-01
   5.4470E-01   5.4491E-01   8.5962E-01   2.5350E-01  -3.9557E-01  -3.9678E-01
   4.8141E-01   4.8031E-01   7.2388E-01   7.2297E-01   8.5681E-01   1.1108E-01
   1.1024E-01   1.2335E-01   1.2350E-01  -2.0665E-02  -2.1577E-02   4.1137E-01
   4.0914E-01  -2.2196E-02  -2.3214E-02   1.0009E-01   1.0179E-01  -3.9045E-01
  -3.9092E-01   4.2438E-01   4.2375E-01   4.1517E-02   4.0544E-02   1.5172E+00
   1.5193E+00   5.5106E-01   5.5115E-01   2.3653E-01  -2.7734E-01  -2.7807E-01
  -2.7114E-01  -2.7178E-01   4.8393E-01   4.8306E-01   4.4465E-02   4.3481E-02
  -7.6910E-01  -3.8537E-01  -3.8498E-01   1.6414E-03   4.2245E-01   4.2203E-01
  -3.8394E-01  -3.8361E-01  -7.6672E-01   1.0352E-01   1.0478E-01   5.8139E-01
   5.7731E-01   5.8198E-01   5.7680E-01   5.8089E-01   5.7680E-01   3.5627E+00
  -5.7641E+00   1.7921E+00  -2.9142E+00   4.0199E+00  -5.0979E+00  -1.3926E+00
  -1.0184E+00  -1.2112E+01   9.3831E+00  -6.8067E+00   4.3881E+00  -2.5387E-01
  -1.2955E+00  -1.3777E+00  -1.8354E-01  -1.7680E+00  -3.9374E-01   1.2619E+00
  -2.7825E+00  -4.3209E+00   2.9373E+00  -1.2778E+00  -1.6531E-01   8.7840E+00
  -9.9226E+00  -2.7260E+00   1.3472E+00  -4.2483E+00   2.8866E+00   3.7940E+00
  -5.0811E+00  -6.5513E+00   4.3511E+00  -1.6032E+00  -2.0479E-01  -3.8072E+00
   2.3362E+00   3.1502E+00  -3.8287E+00   1.4444E+00  -2.5675E+00  -1.1912E+00
   6.1518E-02  -7.4047E-02  -1.0351E+00  -6.5830E+00   4.2817E+00   3.1222E+00
  -3.9036E+00  -3.8378E+00   2.2681E+00  -6.6209E+00   4.6558E+00   3.8811E+00
  -4.9449E+00  -7.8692E+00   6.4094E+00  -2.6412E+00   1.4927E+00  -4.1617E+00
   3.0382E+00   2.1004E-01  -8.3293E-01   3.7593E+00  -5.4311E+00   6.1918E-01
  -1.2712E+00  -1.0515E+00  -3.8370E-01   6.7281E+00  -7.2337E+00  -4.5957E+00
   3.6714E+00   4.5966E+00  -4.6769E+00   2.6355E+00  -3.1980E+00   1.7768E-01
  -8.8912E-01   4.5891E+00  -4.6935E+00  -4.6034E+00   3.6562E+00   1.8048E+00
  -2.6490E+00  -7.8997E+00   6.3560E+00  -2.3533E+00   1.6857E+00  -7.5766E+00
   6.6157E+00   5.8672E-01  -1.3234E+00  -7.5819E+00   6.6041E+00   2.0245E+00
  -2.1690E+00   2.0181E+00  -2.1818E+00  -3.2021E+00   2.7632E+00   1.7983E+00
  -2.6664E+00  -2.2995E+00   1.3622E+00  -2.2951E+00   1.3741E+00   5.8940E+00
  -5.9582E+00  -3.2047E+00   2.7591E+00   5.9004E+00  -5.9462E+00   2.6204E+00
  -3.2336E+00   9.6756E-01  -1.3716E+00  -5.7949E+00   5.2494E+00  -1.1032E+01
   1.0171E+01  -5.6666E-01   3.1328E-01   7.2707E+00  -6.8751E+00  -2.0340E+00
   1.5525E+00  -2.3683E+00   1.6455E+00  -1.1030E+01   1.0174E+01   2.9046E+00
  -3.0146E+00   2.9014E+00  -3.0241E+00   2.3308E+00  -2.3095E+00   9.6591E-01
  -1.3762E+00   2.3310E+00  -2.3079E+00  -2.7032E-01   1.6908E-01   7.2693E+00
  -6.8791E+00  -5.5128E+00   5.0887E+00  -5.6763E-01   5.2643E-01  -1.0863E+00
  -4.4137E-01  -5.7971E+00   5.2459E+00  -5.6127E-01   3.2511E-01   4.6722E+00
  -4.3948E+00   4.6701E+00  -4.3982E+00  -2.0348E+00   1.5506E+00  -5.6911E-01
   5.2503E-01   9.8921E+00  -9.1229E+00   4.9462E+00  -4.5614E+00  -1.2125E-03
  -1.2994E-03  -5.5118E+00   5.0899E+00   4.9455E+00  -4.5616E+00   9.8903E+00
  -9.1244E+00  -2.7245E-01   1.6736E-01   6.6979E+00  -7.2797E+00   6.6986E+00
  -7.2800E+00   6.6984E+00  -7.2800E+00   8.5941E-01   7.6044E-01   8.6215E-01
   7.1221E-01   9.8662E-01   6.9632E-01   7.2497E-01  -7.0358E-02  -1.9020E-01
  -1.9972E-01  -1.6309E-01  -1.1993E-01  -8.0008E-02  -1.5075E-01  -1.5375E-01
  -1.1164E-01  -1.3127E-01  -8.2509E-02  -7.6775E-02  -3.1802E-02   3.5808E-02
   3.1624E-02   2.9723E-02  -2.7443E-02  -3.0803E-03  -2.0247E-02  -3.5415E-02
   1.9542E-02   2.5688E-02   3.9049E-02   7.7839E-02   4.0152E-02   1.3608E-02
   3.1628E-02  -2.4772E-02  -2.9241E-02  -3.5644E-02  -4.4908E-02  -2.9594E-02
   6.4455E-02  -1.9392E-02  -3.0677E-02  -8.6661E-03  -4.2331E-03  -6.7478E-03
  -1.0284E-02   6.2331E-03   4.0416E-02   2.5929E-02   1.8551E-03   7.5215E-03
  -1.1132E-02  -1.3696E-02   6.5080E-03  -4.0683E-03  -8.8400E-03  -6.3189E-03
  -1.7196E-03   2.7019E-02  -1.9576E-02  -2.4474E-02  -4.5167E-03   1.2244E-02
  -4.9369E-03   2.7708E-02   4.9057E-04  -5.6911E-03   9.9161E-03  -8.3741E-03
  -3.8683E-03  -1.2739E-02   2.4850E-02   7.0434E-03  -4.5351E-03  -6.0190E-03
   5.6966E-03   5.4500E-03   6.7787E-03  -3.9174E-03  -1.0579E-02  -8.4337E-03
  -2.8008E-04  -2.4200E-02  -5.0396E-03   2.6800E-04  -3.6138E-03  -7.4555E-03
  -1.2016E-02  -7.1461E-03  -3.3180E-03  -2.5503E-03   1.7113E-03   7.0410E-03
   1.1648E-02   1.1383E-02  -1.4579E-03  -1.5118E-02  -1.4690E-02  -1.6534E-02
  -4.5749E-03   2.0504E-01  -3.3047E-02  -2.3536E-02   7.3495E-02   6.6779E-03
   6.3202E-02   2.0390E-02  -1.3679E-03   4.6058E-02  -9.3864E-03  -6.1804E-02
  -5.9244E-02  -6.8126E-02   8.0237E-02   7.8706E-02   4.1349E-02  -2.6604E-02
   6.0872E-03  -4.7041E-02  -4.5195E-02   1.9277E-02   2.4078E-02   2.5591E-02
  -5.4662E-03   2.5060E-02   3.6317E-02   2.3219E-02  -1.2741E-02  -1.6459E-02
  -2.5045E-02  -3.0197E-02  -1.7682E-02   5.2102E-02  -1.3458E-02  -2.4501E-02
  -2.1892E-03  -1.5149E-02  -1.5165E-02  -4.9041E-03  -2.1257E-02   4.0862E-02
   3.0786E-02  -8.8250E-03  -3.3312E-02  -1.1704E-02  -1.5653E-02  -1.2583E-02
  -1.5367E-02  -9.3159E-03  -1.2013E-02  -1.0676E-02   1.7512E-02  -1.3191E-02
  -2.0011E-02  -9.2673E-03   1.5404E-02  -3.7018E-03   1.2115E-02  -4.9811E-03
  -1.0803E-02   1.1578E-02  -1.2619E-02  -1.6999E-03  -1.1266E-02   3.2090E-02
  -6.1707E-03  -9.8738E-04  -2.3110E-03   8.0594E-03   8.3417E-03  -8.8795E-04
  -3.4654E-03  -1.0774E-02   2.4812E-03   1.1111E-04  -3.2832E-02  -8.4436E-03
  -3.2705E-03   6.8752E-04  -4.8162E-03  -1.0492E-02  -3.1374E-04   1.1252E-04
   3.6638E-03  -4.1744E-03  -1.3682E-03   3.9387E-04  -6.8907E-04   1.9513E-03
   2.1681E-02   2.1753E-02   2.0841E-02  -2.7019E-03  -4.9314E-02  -1.9959E-01
  -2.0624E-01  -1.5912E-01  -1.4922E-01  -6.5620E-02  -1.4076E-01  -1.4812E-01
  -1.5665E-01  -1.3486E-01  -7.8811E-02  -7.7179E-02  -2.8099E-02  -1.7826E-02
  -2.1338E-02  -5.3691E-03  -1.4269E-02  -1.3320E-02   2.0188E-03  -8.5058E-03
   6.8109E-03   1.2061E-02   3.1558E-02   8.6832E-02   6.5363E-02   3.0427E-02
   2.8465E-02  -3.0800E-02  -2.7893E-02  -3.5692E-02  -4.4498E-02  -2.4772E-02
   1.5716E-02  -1.3719E-02  -2.2372E-02  -2.6225E-03  -2.4516E-03  -1.1295E-02
  -1.6813E-02   1.8087E-02   3.0748E-02   2.8823E-02   2.3393E-03   1.4252E-02
  -1.3953E-02  -1.0037E-02   8.5508E-03  -2.3249E-03  -8.7446E-03  -8.1255E-03
  -2.0451E-03   2.4901E-02  -1.5041E-02  -1.9236E-02  -4.0850E-03   1.3008E-02
  -4.6124E-03   3.3878E-02   3.2512E-03   1.9030E-03   1.0477E-03  -9.4879E-03
  -1.0330E-03  -7.4840E-03   2.3608E-02   4.4764E-05  -7.2127E-03  -1.2234E-02
  -5.8459E-04   6.2267E-03   4.1896E-03  -3.2303E-03  -6.1467E-03  -1.1841E-02
  -2.0834E-03  -2.1414E-02  -1.2419E-03  -3.9515E-03  -1.0144E-03  -4.4766E-03
  -5.3635E-03  -1.0865E-02  -1.4205E-03  -3.6149E-03   7.3096E-03   8.1150E-03
   1.1054E-02   1.4663E-02  -2.9987E-03  -2.3293E-02  -2.2897E-02  -2.2813E-02
  -2.3020E-03   1.3054E-01  -4.7680E-02  -3.8541E-02   2.1376E-02  -1.2940E-02
   1.3741E-02  -3.7977E-02  -5.1747E-02   1.9182E-02  -4.8963E-02  -6.4353E-02
  -6.3053E-02  -8.8959E-02   5.1597E-02   5.2126E-02   1.7969E-02  -1.6888E-02
   2.4442E-03  -3.4284E-02  -2.7339E-02   9.0717E-03   1.4080E-02   1.7857E-02
  -5.9891E-03   4.9542E-02   5.9409E-02   1.9310E-02  -1.4985E-02  -1.4103E-02
  -2.2715E-02  -2.5284E-02  -1.3227E-02   2.0702E-02  -1.0036E-02  -1.6628E-02
   3.8233E-03  -1.4528E-02  -1.9768E-02  -9.5472E-03  -1.4334E-02   3.2037E-02
   3.4307E-02  -8.5605E-03  -3.8489E-02  -1.5722E-02  -1.2747E-02  -1.3105E-02
  -1.5764E-02  -1.0322E-02  -1.4355E-02  -1.3671E-02   1.2162E-02  -9.1271E-03
  -1.4437E-02  -9.3051E-03   1.6254E-02  -2.2476E-03   1.3630E-02  -3.2756E-03
  -6.7769E-03   5.5065E-03  -1.6417E-02   9.4275E-04  -6.7099E-03   3.5317E-02
  -1.6231E-02  -1.7683E-03  -5.6812E-03   2.4674E-03   7.4008E-03  -2.1521E-03
  -3.3211E-03  -7.2129E-03   2.7583E-03  -4.6996E-04  -3.1116E-02  -5.2540E-03
  -8.6041E-03   2.1830E-03  -1.6698E-03  -3.4947E-03  -3.5922E-03  -1.8296E-03
   1.6212E-03   7.6381E-04  -2.3067E-03  -1.2668E-03   2.2280E-03   1.8192E-03
   2.1046E-02   2.1594E-02   2.0617E-02   8.6595E-04
  > E    =  -9.939098200393E+02 +/-   1.545660362441E-04
  > varE =   3.914245662345E-03
* Computing derivatives.
    [walltime: 2m40s elapsed, 3m56s remaining]
  Done. [total walltime: 6m46s]
* Optimizing manipulation constant:
  #igrid a___________ E____________________________________ varE____________
     1     Infinity    -9.93909820E+02 +/-   1.54566036E-04   3.91424566E-03
     2     1.0000E+06  -9.93909820E+02 +/-   1.54566028E-04   3.91424526E-03
     3     2.1544E+05  -9.93909820E+02 +/-   1.54566001E-04   3.91424386E-03
     4     4.6416E+04  -9.93909820E+02 +/-   1.54565893E-04   3.91423841E-03
     5     1.0000E+04  -9.93909820E+02 +/-   1.54565847E-04   3.91423608E-03
     6     2.1544E+03  -9.93909819E+02 +/-   1.54575401E-04   3.91471997E-03
     7     4.6416E+02  -9.93909803E+02 +/-   1.54842839E-04   3.92827780E-03
     8     1.0000E+02  -9.93909052E+02 +/-   1.66941474E-04   4.56613160E-03
     9     2.1544E+01  -9.93792311E+02 +/-   7.91101715E-04   1.02537941E-01
    10     4.6416E+00  -9.91116272E+02 +/-   3.24479182E-03   1.72501794E+00
    11     1.0000E+00  -9.90675059E+02 +/-   3.35257221E-03   1.84151907E+00
    12     2.1544E-01  -9.90675932E+02 +/-   3.38690943E-03   1.87943411E+00
    13     4.6416E-02  -9.90677994E+02 +/-   3.48093471E-03   1.98523395E+00
    14     1.0000E-02  -9.90678789E+02 +/-   3.53197122E-03   2.04387463E+00
    15     2.1544E-03  -9.90678978E+02 +/-   3.54575517E-03   2.05985870E+00
    16     4.6416E-04  -9.90679020E+02 +/-   3.54887566E-03   2.06348590E+00
    17     1.0000E-04  -9.90679029E+02 +/-   3.54955518E-03   2.06427619E+00
    18     2.1544E-05  -9.90679031E+02 +/-   3.54970192E-03   2.06444687E+00
    19     4.6416E-06  -9.90679031E+02 +/-   3.54973355E-03   2.06448366E+00
    20     1.0000E-06  -9.90679031E+02 +/-   3.54974036E-03   2.06449158E+00
    21     0.0000E+00  -9.90679032E+02 +/-   3.54974223E-03   2.06449376E+00
* Iteration # 1: E =  -9.939098200447E+02 +/-   1.545658929907E-04
* Convergence: exiting.
* After optimization:
  -2.1269E+01  -2.0999E+01  -2.1247E+01  -2.0977E+01  -2.1417E+01  -2.0966E+01
  -2.0717E+01   2.1044E+00   1.9708E+00   1.1233E+00   1.0754E+00   2.3740E+00
   2.7221E+00   2.2900E+00   2.2978E+00   1.4570E+00   1.4323E+00   1.4885E+00
   1.4604E+00   2.1412E+00   2.1407E+00   1.4794E+00   1.4397E+00   1.3883E+00
   1.4434E+00   1.1396E+00   1.3916E+00   1.3892E+00   1.3734E+00   1.3015E+00
   1.2947E+00   2.1945E+00   2.1940E+00   1.8110E+00   1.8109E+00   1.4651E+00
   1.4685E+00   6.7535E-01   6.7338E-01   1.1267E+00   1.1269E+00   1.1332E+00
   1.1313E+00   1.1138E+00   1.1136E+00   2.3323E+00   2.3273E+00   8.1641E-01
   8.1106E-01   1.5939E+00   1.6050E+00   1.9728E+00   1.9703E+00   1.0618E+00
   1.0617E+00   1.4610E+00   1.4626E+00   1.1451E+00   1.1451E+00   1.1197E+00
   6.2438E-01   6.2386E-01   1.6971E+00   1.6796E+00   6.5339E-01   6.5198E-01
   1.4369E+00   1.4377E+00   5.0648E-01   5.0383E-01   9.2392E-01   9.2431E-01
   8.0233E-02   5.6304E-01   5.6192E-01   7.0380E-01   7.0385E-01   1.0693E-01
   9.5029E-01   9.4782E-01   8.4531E-01   8.4347E-01   1.5356E+00   1.5376E+00
   6.6703E-01   6.6723E-01   9.6053E-01   9.6126E-01   7.3219E-01   7.2944E-01
   9.7695E-01   9.7724E-01   1.4470E-01   1.4375E-01   1.6373E-01   1.6313E-01
   4.3928E-01   4.3971E-01   8.7146E-01   8.6835E-01   9.3763E-01   9.3675E-01
   9.2154E-01   9.2012E-01   6.4309E-02   6.3241E-02   4.4559E-01   4.4602E-01
   4.6472E-02   4.4948E-02   6.1574E-01   6.1342E-01   4.0549E-01   4.0363E-01
   5.4470E-01   5.4491E-01   8.5962E-01   2.5349E-01  -3.9557E-01  -3.9678E-01
   4.8140E-01   4.8031E-01   7.2388E-01   7.2297E-01   8.5680E-01   1.1108E-01
   1.1024E-01   1.2335E-01   1.2349E-01  -2.0666E-02  -2.1578E-02   4.1137E-01
   4.0914E-01  -2.2196E-02  -2.3215E-02   1.0009E-01   1.0179E-01  -3.9045E-01
  -3.9093E-01   4.2438E-01   4.2375E-01   4.1515E-02   4.0542E-02   1.5172E+00
   1.5193E+00   5.5105E-01   5.5115E-01   2.3653E-01  -2.7734E-01  -2.7807E-01
  -2.7114E-01  -2.7178E-01   4.8392E-01   4.8306E-01   4.4464E-02   4.3479E-02
  -7.6910E-01  -3.8537E-01  -3.8498E-01   1.6414E-03   4.2245E-01   4.2203E-01
  -3.8394E-01  -3.8361E-01  -7.6672E-01   1.0352E-01   1.0477E-01   5.8139E-01
   5.7730E-01   5.8198E-01   5.7680E-01   5.8089E-01   5.7680E-01   3.5627E+00
  -5.7641E+00   1.7921E+00  -2.9142E+00   4.0199E+00  -5.0979E+00  -1.3926E+00
  -1.0184E+00  -1.2112E+01   9.3831E+00  -6.8067E+00   4.3881E+00  -2.5385E-01
  -1.2956E+00  -1.3776E+00  -1.8355E-01  -1.7679E+00  -3.9376E-01   1.2619E+00
  -2.7826E+00  -4.3209E+00   2.9373E+00  -1.2778E+00  -1.6533E-01   8.7840E+00
  -9.9226E+00  -2.7260E+00   1.3472E+00  -4.2482E+00   2.8866E+00   3.7940E+00
  -5.0811E+00  -6.5513E+00   4.3511E+00  -1.6032E+00  -2.0480E-01  -3.8071E+00
   2.3362E+00   3.1502E+00  -3.8288E+00   1.4444E+00  -2.5675E+00  -1.1912E+00
   6.1502E-02  -7.4029E-02  -1.0351E+00  -6.5830E+00   4.2817E+00   3.1222E+00
  -3.9036E+00  -3.8378E+00   2.2681E+00  -6.6209E+00   4.6558E+00   3.8811E+00
  -4.9449E+00  -7.8692E+00   6.4094E+00  -2.6412E+00   1.4926E+00  -4.1617E+00
   3.0382E+00   2.1006E-01  -8.3295E-01   3.7593E+00  -5.4311E+00   6.1920E-01
  -1.2712E+00  -1.0515E+00  -3.8371E-01   6.7281E+00  -7.2337E+00  -4.5957E+00
   3.6714E+00   4.5966E+00  -4.6769E+00   2.6356E+00  -3.1980E+00   1.7770E-01
  -8.8914E-01   4.5891E+00  -4.6935E+00  -4.6034E+00   3.6562E+00   1.8048E+00
  -2.6490E+00  -7.8997E+00   6.3559E+00  -2.3532E+00   1.6857E+00  -7.5766E+00
   6.6157E+00   5.8674E-01  -1.3234E+00  -7.5819E+00   6.6041E+00   2.0245E+00
  -2.1690E+00   2.0181E+00  -2.1818E+00  -3.2021E+00   2.7632E+00   1.7983E+00
  -2.6664E+00  -2.2995E+00   1.3622E+00  -2.2950E+00   1.3741E+00   5.8940E+00
  -5.9582E+00  -3.2047E+00   2.7591E+00   5.9004E+00  -5.9463E+00   2.6204E+00
  -3.2336E+00   9.6757E-01  -1.3716E+00  -5.7949E+00   5.2494E+00  -1.1032E+01
   1.0171E+01  -5.6664E-01   3.1326E-01   7.2707E+00  -6.8751E+00  -2.0340E+00
   1.5525E+00  -2.3683E+00   1.6455E+00  -1.1030E+01   1.0174E+01   2.9046E+00
  -3.0147E+00   2.9014E+00  -3.0241E+00   2.3308E+00  -2.3095E+00   9.6591E-01
  -1.3762E+00   2.3310E+00  -2.3079E+00  -2.7031E-01   1.6907E-01   7.2693E+00
  -6.8791E+00  -5.5128E+00   5.0887E+00  -5.6761E-01   5.2641E-01  -1.0863E+00
  -4.4138E-01  -5.7971E+00   5.2458E+00  -5.6125E-01   3.2510E-01   4.6723E+00
  -4.3948E+00   4.6702E+00  -4.3982E+00  -2.0347E+00   1.5505E+00  -5.6909E-01
   5.2501E-01   9.8921E+00  -9.1230E+00   4.9462E+00  -4.5614E+00  -1.2125E-03
  -1.2994E-03  -5.5118E+00   5.0899E+00   4.9455E+00  -4.5616E+00   9.8903E+00
  -9.1244E+00  -2.7244E-01   1.6735E-01   6.6979E+00  -7.2797E+00   6.6986E+00
  -7.2800E+00   6.6984E+00  -7.2801E+00   8.5965E-01   7.6066E-01   8.6240E-01
   7.1241E-01   9.8690E-01   6.9652E-01   7.2517E-01  -7.0377E-02  -1.9025E-01
  -1.9977E-01  -1.6314E-01  -1.1996E-01  -8.0031E-02  -1.5080E-01  -1.5379E-01
  -1.1167E-01  -1.3131E-01  -8.2533E-02  -7.6797E-02  -3.1811E-02   3.5818E-02
   3.1633E-02   2.9731E-02  -2.7451E-02  -3.0812E-03  -2.0253E-02  -3.5425E-02
   1.9548E-02   2.5695E-02   3.9060E-02   7.7861E-02   4.0163E-02   1.3612E-02
   3.1637E-02  -2.4778E-02  -2.9249E-02  -3.5654E-02  -4.4920E-02  -2.9602E-02
   6.4473E-02  -1.9397E-02  -3.0685E-02  -8.6683E-03  -4.2342E-03  -6.7495E-03
  -1.0287E-02   6.2349E-03   4.0427E-02   2.5937E-02   1.8556E-03   7.5235E-03
  -1.1136E-02  -1.3700E-02   6.5099E-03  -4.0694E-03  -8.8426E-03  -6.3205E-03
  -1.7202E-03   2.7026E-02  -1.9582E-02  -2.4481E-02  -4.5178E-03   1.2248E-02
  -4.9384E-03   2.7715E-02   4.9057E-04  -5.6928E-03   9.9186E-03  -8.3768E-03
  -3.8694E-03  -1.2743E-02   2.4857E-02   7.0455E-03  -4.5363E-03  -6.0208E-03
   5.6982E-03   5.4517E-03   6.7808E-03  -3.9184E-03  -1.0583E-02  -8.4356E-03
  -2.8021E-04  -2.4207E-02  -5.0412E-03   2.6797E-04  -3.6150E-03  -7.4574E-03
  -1.2020E-02  -7.1478E-03  -3.3189E-03  -2.5507E-03   1.7115E-03   7.0426E-03
   1.1651E-02   1.1386E-02  -1.4581E-03  -1.5122E-02  -1.4694E-02  -1.6539E-02
  -4.5763E-03   2.0510E-01  -3.3057E-02  -2.3543E-02   7.3516E-02   6.6799E-03
   6.3220E-02   2.0396E-02  -1.3683E-03   4.6071E-02  -9.3892E-03  -6.1822E-02
  -5.9260E-02  -6.8145E-02   8.0260E-02   7.8728E-02   4.1361E-02  -2.6611E-02
   6.0887E-03  -4.7054E-02  -4.5207E-02   1.9283E-02   2.4085E-02   2.5598E-02
  -5.4677E-03   2.5067E-02   3.6327E-02   2.3226E-02  -1.2745E-02  -1.6464E-02
  -2.5052E-02  -3.0206E-02  -1.7687E-02   5.2116E-02  -1.3462E-02  -2.4508E-02
  -2.1897E-03  -1.5154E-02  -1.5169E-02  -4.9055E-03  -2.1263E-02   4.0873E-02
   3.0794E-02  -8.8275E-03  -3.3322E-02  -1.1707E-02  -1.5657E-02  -1.2587E-02
  -1.5371E-02  -9.3185E-03  -1.2017E-02  -1.0679E-02   1.7517E-02  -1.3195E-02
  -2.0017E-02  -9.2701E-03   1.5408E-02  -3.7030E-03   1.2119E-02  -4.9826E-03
  -1.0806E-02   1.1581E-02  -1.2622E-02  -1.7005E-03  -1.1269E-02   3.2099E-02
  -6.1724E-03  -9.8759E-04  -2.3116E-03   8.0618E-03   8.3439E-03  -8.8809E-04
  -3.4661E-03  -1.0777E-02   2.4818E-03   1.1120E-04  -3.2842E-02  -8.4458E-03
  -3.2716E-03   6.8757E-04  -4.8175E-03  -1.0495E-02  -3.1403E-04   1.1282E-04
   3.6652E-03  -4.1760E-03  -1.3687E-03   3.9397E-04  -6.8918E-04   1.9518E-03
   2.1687E-02   2.1759E-02   2.0846E-02  -2.7022E-03  -4.9314E-02  -1.9959E-01
  -2.0624E-01  -1.5912E-01  -1.4922E-01  -6.5620E-02  -1.4076E-01  -1.4812E-01
  -1.5665E-01  -1.3486E-01  -7.8811E-02  -7.7179E-02  -2.8098E-02  -1.7826E-02
  -2.1338E-02  -5.3692E-03  -1.4269E-02  -1.3320E-02   2.0186E-03  -8.5058E-03
   6.8111E-03   1.2061E-02   3.1558E-02   8.6832E-02   6.5363E-02   3.0427E-02
   2.8465E-02  -3.0800E-02  -2.7893E-02  -3.5692E-02  -4.4498E-02  -2.4772E-02
   1.5716E-02  -1.3719E-02  -2.2372E-02  -2.6225E-03  -2.4514E-03  -1.1294E-02
  -1.6813E-02   1.8087E-02   3.0747E-02   2.8822E-02   2.3395E-03   1.4252E-02
  -1.3953E-02  -1.0037E-02   8.5510E-03  -2.3249E-03  -8.7447E-03  -8.1252E-03
  -2.0452E-03   2.4901E-02  -1.5041E-02  -1.9236E-02  -4.0848E-03   1.3008E-02
  -4.6124E-03   3.3878E-02   3.2510E-03   1.9028E-03   1.0475E-03  -9.4883E-03
  -1.0329E-03  -7.4839E-03   2.3608E-02   4.4942E-05  -7.2126E-03  -1.2234E-02
  -5.8470E-04   6.2269E-03   4.1897E-03  -3.2306E-03  -6.1468E-03  -1.1841E-02
  -2.0836E-03  -2.1414E-02  -1.2422E-03  -3.9515E-03  -1.0143E-03  -4.4762E-03
  -5.3637E-03  -1.0864E-02  -1.4203E-03  -3.6148E-03   7.3100E-03   8.1148E-03
   1.1053E-02   1.4663E-02  -2.9986E-03  -2.3293E-02  -2.2897E-02  -2.2813E-02
  -2.3013E-03   1.3054E-01  -4.7680E-02  -3.8542E-02   2.1376E-02  -1.2940E-02
   1.3740E-02  -3.7977E-02  -5.1747E-02   1.9182E-02  -4.8963E-02  -6.4353E-02
  -6.3053E-02  -8.8958E-02   5.1597E-02   5.2125E-02   1.7969E-02  -1.6888E-02
   2.4439E-03  -3.4283E-02  -2.7339E-02   9.0715E-03   1.4080E-02   1.7857E-02
  -5.9891E-03   4.9542E-02   5.9409E-02   1.9310E-02  -1.4984E-02  -1.4103E-02
  -2.2715E-02  -2.5284E-02  -1.3227E-02   2.0702E-02  -1.0036E-02  -1.6629E-02
   3.8232E-03  -1.4528E-02  -1.9768E-02  -9.5474E-03  -1.4334E-02   3.2037E-02
   3.4307E-02  -8.5604E-03  -3.8488E-02  -1.5722E-02  -1.2747E-02  -1.3105E-02
  -1.5764E-02  -1.0322E-02  -1.4355E-02  -1.3671E-02   1.2162E-02  -9.1273E-03
  -1.4437E-02  -9.3052E-03   1.6254E-02  -2.2476E-03   1.3630E-02  -3.2756E-03
  -6.7771E-03   5.5068E-03  -1.6417E-02   9.4274E-04  -6.7099E-03   3.5317E-02
  -1.6231E-02  -1.7683E-03  -5.6810E-03   2.4674E-03   7.4006E-03  -2.1521E-03
  -3.3211E-03  -7.2127E-03   2.7582E-03  -4.7002E-04  -3.1116E-02  -5.2540E-03
  -8.6041E-03   2.1831E-03  -1.6699E-03  -3.4947E-03  -3.5924E-03  -1.8292E-03
   1.6215E-03   7.6386E-04  -2.3066E-03  -1.2670E-03   2.2282E-03   1.8190E-03
   2.1046E-02   2.1594E-02   2.0617E-02   8.6678E-04
  > Energy =  -9.939098200447E+02 +/-   1.545658929907E-04
  > varE =   3.914238406824E-03

VMC #8:
* Size of Hilbert space =   1.0817E+14
* Number of equil. steps   = 1000
* Running VMC equilibration.
  Done. [total walltime: 0.34s]
* Equil. acc.ratio (%)     =  12.4173
* Sample config after equilibration:
  +-------------------------+
  |  d   u   u   u   u   d  |
  |u   2   d   d   d   d   u|
  |d   0   u   u   u   u   u|
  |  u   d   d   d   d   d  |
  +-------------------------+
* Number of accum. steps   = 655360 x 10
* Running VMC accumulation.
  Done. [total walltime: 2.32s]
* Acceptance ratio (%)     =  12.3782
* Etot/t                   =  -9.939098337007E+02 +/-   8.275702802660E-05
  > Ttot/t                 =  -9.591247351746E+01 +/-   9.548668048271E-04
  > Utot/t                 =   4.231079426770E+01 +/-   9.454151716147E-04
* var[Eloc/t]              =   3.994237167729E-03 +/-   4.857523233760E-05
* Correlation length       =   1.123714160746E+00
* log10 Psi^2 range: -134.6215295899537 -- -120.7613509411451
* log10 Pgen range : -134.6215295899537 -- -120.7613509411451
* Site occupation (ave. no. electrons per config.):
  > Site_  ___eu____  ___ed____
      1        0.497      0.499
      2        0.497      0.497
      3        0.500      0.497
      4        0.499      0.497
      5        0.504      0.505
      6        0.501      0.503
      7        0.500      0.503
      8        0.499      0.497
      9        0.498      0.498
     10        0.496      0.500
     11        0.497      0.498
     12        0.501      0.502
     13        0.505      0.503
     14        0.505      0.500
     15        0.503      0.505
     16        0.497      0.497
     17        0.500      0.498
     18        0.502      0.502
     19        0.500      0.498
     20        0.504      0.503
     21        0.501      0.504
     22        0.500      0.502
     23        0.496      0.494
     24        0.498      0.498
     25        0.497      0.497
     26        0.501      0.503
* Pair-correlation analysis (ave. no. pairs per config.):
  > Shell  nsite  ___dh____  __eueu___  __eued___
      0      1        0          0          4.506
      1      0        0.924      0.498      2.595
      2      0        0.135      0.360      0.531
      3      0        0.268      0.718      1.055
      4      0        0.227      0.769      1.067
      5      0        0.251      0.739      1.053
      6      0        0.758      0.848      2.435
      7      0        0.670      1.053      2.338
      8      0        0.601      1.223      2.262
      9      0        0.448      1.547      2.092
     10      0        0.529      1.385      2.176
     11      0        0.137      0.820      1.160
     12      0        0.137      0.835      1.139
     13      0        0.138      0.854      1.086
     14      0        0.223      2.118      1.915
     15      0        0.114      1.060      0.957
     16      0        0.225      2.086      1.910
     17      0        0.265      1.902      2.059
     18      0        0.238      2.046      1.936
     19      0        0.293      1.875      2.051
     20      0        0.304      1.870      2.057
     21      0        0.246      2.088      1.919
     22      0        0.243      2.119      1.908
     23      0        0.242      2.125      1.896
     24      0        0.238      2.105      1.915
     25      0        0.278      2.081      1.900
     26      0        0.270      2.075      1.899
     27      0        0.237      2.130      1.886
     28      0        0.218      1.953      2.056
     29      0        0.242      2.064      1.942
     30      0        0.215      1.949      2.102
     31      0        0.107      0.973      1.055
     32      0        0.247      2.053      1.949
     33      0        0.213      2.139      1.892
     34      0        0.250      2.044      1.961
     35      0        0.221      2.077      1.958
     36      0        0.250      2.011      1.955
     37      0        0.282      1.934      2.020
     38      0        0.143      0.965      1.009
     39      0        0.218      1.985      2.028
     40      0        0.256      1.905      2.082
     41      0        0.142      1.005      0.970
     42      0        0.275      2.020      1.948
     43      0        0.257      1.950      2.031
     44      0        0.258      1.868      2.107
     45      0        0.215      1.999      2.050
     46      0        0.241      2.027      1.978
     47      0        0.255      1.932      2.059
     48      0        0.243      1.969      2.035
     49      0        0.246      2.017      1.981
     50      0        0.248      1.976      2.020
     51      0        0.277      1.957      1.996
     52      0        0.249      2.033      1.965
     53      0        0.223      1.974      2.060
     54      0        0.219      2.050      1.991
     55      0        0.247      1.973      2.002
     56      0        0.277      1.994      1.960
     57      0        0.249      1.999      1.974
     58      0        0.218      2.035      1.979
     59      0        0.252      1.980      2.019
     60      0        0.241      2.003      1.995
     61      0        0.135      0.993      0.985
     62      0        0.108      1.013      1.007
     63      0        0.248      1.986      1.979
     64      0        0.221      2.033      2.007
     65      0        0.217      2.053      1.991
     66      0        0.134      0.984      0.994
     67      0        0.218      1.999      2.018
     68      0        0.219      2.015      1.996
     69      0        0.253      1.999      1.986
     70      0        0.252      2.016      1.982
     71      0        0.252      1.986      2.004
     72      0        0.217      2.024      2.014
     73      0        0.245      1.982      1.987
     74      0        0.243      2.004      1.993
     75      0        0.243      1.988      1.978
     76      0        0.246      1.839      2.149
     77      0        0.241      1.994      2.005
     78      0        0.108      1.008      1.013
     79      0        0.217      2.001      2.006
     80      0        0.213      2.010      2.005
     81      0        0.217      2.005      2.038
     82      0        0.245      1.978      1.986
     83      0        0.108      0.993      0.997
     84      0        0.224      2.003      1.997
     85      0        0.112      1.010      1.005
     86      0        0.242      1.992      2.006
     87      0        0.222      1.996      2.005
     88      0        0.108      0.999      0.992
     89      0        0.222      2.009      2.019
     90      0        0.126      0.974      1.010
     91      0        0.064      0.486      0.504
     92      0        0.065      0.483      0.500
     93      0        0.111      1.007      1.010

Optimization #8:
* Method          : lls
* Target function : energy
* No. of configs. : 163840
* No. of params.  : 736
* Before optimization:
  -2.1269E+01  -2.0999E+01  -2.1247E+01  -2.0977E+01  -2.1417E+01  -2.0966E+01
  -2.0717E+01   2.1044E+00   1.9708E+00   1.1233E+00   1.0754E+00   2.3740E+00
   2.7221E+00   2.2900E+00   2.2978E+00   1.4570E+00   1.4323E+00   1.4885E+00
   1.4604E+00   2.1412E+00   2.1407E+00   1.4794E+00   1.4397E+00   1.3883E+00
   1.4434E+00   1.1396E+00   1.3916E+00   1.3892E+00   1.3734E+00   1.3015E+00
   1.2947E+00   2.1945E+00   2.1940E+00   1.8110E+00   1.8109E+00   1.4651E+00
   1.4685E+00   6.7535E-01   6.7338E-01   1.1267E+00   1.1269E+00   1.1332E+00
   1.1313E+00   1.1138E+00   1.1136E+00   2.3323E+00   2.3273E+00   8.1641E-01
   8.1106E-01   1.5939E+00   1.6050E+00   1.9728E+00   1.9703E+00   1.0618E+00
   1.0617E+00   1.4610E+00   1.4626E+00   1.1451E+00   1.1451E+00   1.1197E+00
   6.2438E-01   6.2386E-01   1.6971E+00   1.6796E+00   6.5339E-01   6.5198E-01
   1.4369E+00   1.4377E+00   5.0648E-01   5.0383E-01   9.2392E-01   9.2431E-01
   8.0233E-02   5.6304E-01   5.6192E-01   7.0380E-01   7.0385E-01   1.0693E-01
   9.5029E-01   9.4782E-01   8.4531E-01   8.4347E-01   1.5356E+00   1.5376E+00
   6.6703E-01   6.6723E-01   9.6053E-01   9.6126E-01   7.3219E-01   7.2944E-01
   9.7695E-01   9.7724E-01   1.4470E-01   1.4375E-01   1.6373E-01   1.6313E-01
   4.3928E-01   4.3971E-01   8.7146E-01   8.6835E-01   9.3763E-01   9.3675E-01
   9.2154E-01   9.2012E-01   6.4309E-02   6.3241E-02   4.4559E-01   4.4602E-01
   4.6472E-02   4.4948E-02   6.1574E-01   6.1342E-01   4.0549E-01   4.0363E-01
   5.4470E-01   5.4491E-01   8.5962E-01   2.5349E-01  -3.9557E-01  -3.9678E-01
   4.8140E-01   4.8031E-01   7.2388E-01   7.2297E-01   8.5680E-01   1.1108E-01
   1.1024E-01   1.2335E-01   1.2349E-01  -2.0666E-02  -2.1578E-02   4.1137E-01
   4.0914E-01  -2.2196E-02  -2.3215E-02   1.0009E-01   1.0179E-01  -3.9045E-01
  -3.9093E-01   4.2438E-01   4.2375E-01   4.1515E-02   4.0542E-02   1.5172E+00
   1.5193E+00   5.5105E-01   5.5115E-01   2.3653E-01  -2.7734E-01  -2.7807E-01
  -2.7114E-01  -2.7178E-01   4.8392E-01   4.8306E-01   4.4464E-02   4.3479E-02
  -7.6910E-01  -3.8537E-01  -3.8498E-01   1.6414E-03   4.2245E-01   4.2203E-01
  -3.8394E-01  -3.8361E-01  -7.6672E-01   1.0352E-01   1.0477E-01   5.8139E-01
   5.7730E-01   5.8198E-01   5.7680E-01   5.8089E-01   5.7680E-01   3.5627E+00
  -5.7641E+00   1.7921E+00  -2.9142E+00   4.0199E+00  -5.0979E+00  -1.3926E+00
  -1.0184E+00  -1.2112E+01   9.3831E+00  -6.8067E+00   4.3881E+00  -2.5385E-01
  -1.2956E+00  -1.3776E+00  -1.8355E-01  -1.7679E+00  -3.9376E-01   1.2619E+00
  -2.7826E+00  -4.3209E+00   2.9373E+00  -1.2778E+00  -1.6533E-01   8.7840E+00
  -9.9226E+00  -2.7260E+00   1.3472E+00  -4.2482E+00   2.8866E+00   3.7940E+00
  -5.0811E+00  -6.5513E+00   4.3511E+00  -1.6032E+00  -2.0480E-01  -3.8071E+00
   2.3362E+00   3.1502E+00  -3.8288E+00   1.4444E+00  -2.5675E+00  -1.1912E+00
   6.1502E-02  -7.4029E-02  -1.0351E+00  -6.5830E+00   4.2817E+00   3.1222E+00
  -3.9036E+00  -3.8378E+00   2.2681E+00  -6.6209E+00   4.6558E+00   3.8811E+00
  -4.9449E+00  -7.8692E+00   6.4094E+00  -2.6412E+00   1.4926E+00  -4.1617E+00
   3.0382E+00   2.1006E-01  -8.3295E-01   3.7593E+00  -5.4311E+00   6.1920E-01
  -1.2712E+00  -1.0515E+00  -3.8371E-01   6.7281E+00  -7.2337E+00  -4.5957E+00
   3.6714E+00   4.5966E+00  -4.6769E+00   2.6356E+00  -3.1980E+00   1.7770E-01
  -8.8914E-01   4.5891E+00  -4.6935E+00  -4.6034E+00   3.6562E+00   1.8048E+00
  -2.6490E+00  -7.8997E+00   6.3559E+00  -2.3532E+00   1.6857E+00  -7.5766E+00
   6.6157E+00   5.8674E-01  -1.3234E+00  -7.5819E+00   6.6041E+00   2.0245E+00
  -2.1690E+00   2.0181E+00  -2.1818E+00  -3.2021E+00   2.7632E+00   1.7983E+00
  -2.6664E+00  -2.2995E+00   1.3622E+00  -2.2950E+00   1.3741E+00   5.8940E+00
  -5.9582E+00  -3.2047E+00   2.7591E+00   5.9004E+00  -5.9463E+00   2.6204E+00
  -3.2336E+00   9.6757E-01  -1.3716E+00  -5.7949E+00   5.2494E+00  -1.1032E+01
   1.0171E+01  -5.6664E-01   3.1326E-01   7.2707E+00  -6.8751E+00  -2.0340E+00
   1.5525E+00  -2.3683E+00   1.6455E+00  -1.1030E+01   1.0174E+01   2.9046E+00
  -3.0147E+00   2.9014E+00  -3.0241E+00   2.3308E+00  -2.3095E+00   9.6591E-01
  -1.3762E+00   2.3310E+00  -2.3079E+00  -2.7031E-01   1.6907E-01   7.2693E+00
  -6.8791E+00  -5.5128E+00   5.0887E+00  -5.6761E-01   5.2641E-01  -1.0863E+00
  -4.4138E-01  -5.7971E+00   5.2458E+00  -5.6125E-01   3.2510E-01   4.6723E+00
  -4.3948E+00   4.6702E+00  -4.3982E+00  -2.0347E+00   1.5505E+00  -5.6909E-01
   5.2501E-01   9.8921E+00  -9.1230E+00   4.9462E+00  -4.5614E+00  -1.2125E-03
  -1.2994E-03  -5.5118E+00   5.0899E+00   4.9455E+00  -4.5616E+00   9.8903E+00
  -9.1244E+00  -2.7244E-01   1.6735E-01   6.6979E+00  -7.2797E+00   6.6986E+00
  -7.2800E+00   6.6984E+00  -7.2801E+00   8.5965E-01   7.6066E-01   8.6240E-01
   7.1241E-01   9.8690E-01   6.9652E-01   7.2517E-01  -7.0377E-02  -1.9025E-01
  -1.9977E-01  -1.6314E-01  -1.1996E-01  -8.0031E-02  -1.5080E-01  -1.5379E-01
  -1.1167E-01  -1.3131E-01  -8.2533E-02  -7.6797E-02  -3.1811E-02   3.5818E-02
   3.1633E-02   2.9731E-02  -2.7451E-02  -3.0812E-03  -2.0253E-02  -3.5425E-02
   1.9548E-02   2.5695E-02   3.9060E-02   7.7861E-02   4.0163E-02   1.3612E-02
   3.1637E-02  -2.4778E-02  -2.9249E-02  -3.5654E-02  -4.4920E-02  -2.9602E-02
   6.4473E-02  -1.9397E-02  -3.0685E-02  -8.6683E-03  -4.2342E-03  -6.7495E-03
  -1.0287E-02   6.2349E-03   4.0427E-02   2.5937E-02   1.8556E-03   7.5235E-03
  -1.1136E-02  -1.3700E-02   6.5099E-03  -4.0694E-03  -8.8426E-03  -6.3205E-03
  -1.7202E-03   2.7026E-02  -1.9582E-02  -2.4481E-02  -4.5178E-03   1.2248E-02
  -4.9384E-03   2.7715E-02   4.9057E-04  -5.6928E-03   9.9186E-03  -8.3768E-03
  -3.8694E-03  -1.2743E-02   2.4857E-02   7.0455E-03  -4.5363E-03  -6.0208E-03
   5.6982E-03   5.4517E-03   6.7808E-03  -3.9184E-03  -1.0583E-02  -8.4356E-03
  -2.8021E-04  -2.4207E-02  -5.0412E-03   2.6797E-04  -3.6150E-03  -7.4574E-03
  -1.2020E-02  -7.1478E-03  -3.3189E-03  -2.5507E-03   1.7115E-03   7.0426E-03
   1.1651E-02   1.1386E-02  -1.4581E-03  -1.5122E-02  -1.4694E-02  -1.6539E-02
  -4.5763E-03   2.0510E-01  -3.3057E-02  -2.3543E-02   7.3516E-02   6.6799E-03
   6.3220E-02   2.0396E-02  -1.3683E-03   4.6071E-02  -9.3892E-03  -6.1822E-02
  -5.9260E-02  -6.8145E-02   8.0260E-02   7.8728E-02   4.1361E-02  -2.6611E-02
   6.0887E-03  -4.7054E-02  -4.5207E-02   1.9283E-02   2.4085E-02   2.5598E-02
  -5.4677E-03   2.5067E-02   3.6327E-02   2.3226E-02  -1.2745E-02  -1.6464E-02
  -2.5052E-02  -3.0206E-02  -1.7687E-02   5.2116E-02  -1.3462E-02  -2.4508E-02
  -2.1897E-03  -1.5154E-02  -1.5169E-02  -4.9055E-03  -2.1263E-02   4.0873E-02
   3.0794E-02  -8.8275E-03  -3.3322E-02  -1.1707E-02  -1.5657E-02  -1.2587E-02
  -1.5371E-02  -9.3185E-03  -1.2017E-02  -1.0679E-02   1.7517E-02  -1.3195E-02
  -2.0017E-02  -9.2701E-03   1.5408E-02  -3.7030E-03   1.2119E-02  -4.9826E-03
  -1.0806E-02   1.1581E-02  -1.2622E-02  -1.7005E-03  -1.1269E-02   3.2099E-02
  -6.1724E-03  -9.8759E-04  -2.3116E-03   8.0618E-03   8.3439E-03  -8.8809E-04
  -3.4661E-03  -1.0777E-02   2.4818E-03   1.1120E-04  -3.2842E-02  -8.4458E-03
  -3.2716E-03   6.8757E-04  -4.8175E-03  -1.0495E-02  -3.1403E-04   1.1282E-04
   3.6652E-03  -4.1760E-03  -1.3687E-03   3.9397E-04  -6.8918E-04   1.9518E-03
   2.1687E-02   2.1759E-02   2.0846E-02  -2.7022E-03  -4.9314E-02  -1.9959E-01
  -2.0624E-01  -1.5912E-01  -1.4922E-01  -6.5620E-02  -1.4076E-01  -1.4812E-01
  -1.5665E-01  -1.3486E-01  -7.8811E-02  -7.7179E-02  -2.8098E-02  -1.7826E-02
  -2.1338E-02  -5.3692E-03  -1.4269E-02  -1.3320E-02   2.0186E-03  -8.5058E-03
   6.8111E-03   1.2061E-02   3.1558E-02   8.6832E-02   6.5363E-02   3.0427E-02
   2.8465E-02  -3.0800E-02  -2.7893E-02  -3.5692E-02  -4.4498E-02  -2.4772E-02
   1.5716E-02  -1.3719E-02  -2.2372E-02  -2.6225E-03  -2.4514E-03  -1.1294E-02
  -1.6813E-02   1.8087E-02   3.0747E-02   2.8822E-02   2.3395E-03   1.4252E-02
  -1.3953E-02  -1.0037E-02   8.5510E-03  -2.3249E-03  -8.7447E-03  -8.1252E-03
  -2.0452E-03   2.4901E-02  -1.5041E-02  -1.9236E-02  -4.0848E-03   1.3008E-02
  -4.6124E-03   3.3878E-02   3.2510E-03   1.9028E-03   1.0475E-03  -9.4883E-03
  -1.0329E-03  -7.4839E-03   2.3608E-02   4.4942E-05  -7.2126E-03  -1.2234E-02
  -5.8470E-04   6.2269E-03   4.1897E-03  -3.2306E-03  -6.1468E-03  -1.1841E-02
  -2.0836E-03  -2.1414E-02  -1.2422E-03  -3.9515E-03  -1.0143E-03  -4.4762E-03
  -5.3637E-03  -1.0864E-02  -1.4203E-03  -3.6148E-03   7.3100E-03   8.1148E-03
   1.1053E-02   1.4663E-02  -2.9986E-03  -2.3293E-02  -2.2897E-02  -2.2813E-02
  -2.3013E-03   1.3054E-01  -4.7680E-02  -3.8542E-02   2.1376E-02  -1.2940E-02
   1.3740E-02  -3.7977E-02  -5.1747E-02   1.9182E-02  -4.8963E-02  -6.4353E-02
  -6.3053E-02  -8.8958E-02   5.1597E-02   5.2125E-02   1.7969E-02  -1.6888E-02
   2.4439E-03  -3.4283E-02  -2.7339E-02   9.0715E-03   1.4080E-02   1.7857E-02
  -5.9891E-03   4.9542E-02   5.9409E-02   1.9310E-02  -1.4984E-02  -1.4103E-02
  -2.2715E-02  -2.5284E-02  -1.3227E-02   2.0702E-02  -1.0036E-02  -1.6629E-02
   3.8232E-03  -1.4528E-02  -1.9768E-02  -9.5474E-03  -1.4334E-02   3.2037E-02
   3.4307E-02  -8.5604E-03  -3.8488E-02  -1.5722E-02  -1.2747E-02  -1.3105E-02
  -1.5764E-02  -1.0322E-02  -1.4355E-02  -1.3671E-02   1.2162E-02  -9.1273E-03
  -1.4437E-02  -9.3052E-03   1.6254E-02  -2.2476E-03   1.3630E-02  -3.2756E-03
  -6.7771E-03   5.5068E-03  -1.6417E-02   9.4274E-04  -6.7099E-03   3.5317E-02
  -1.6231E-02  -1.7683E-03  -5.6810E-03   2.4674E-03   7.4006E-03  -2.1521E-03
  -3.3211E-03  -7.2127E-03   2.7582E-03  -4.7002E-04  -3.1116E-02  -5.2540E-03
  -8.6041E-03   2.1831E-03  -1.6699E-03  -3.4947E-03  -3.5924E-03  -1.8292E-03
   1.6215E-03   7.6386E-04  -2.3066E-03  -1.2670E-03   2.2282E-03   1.8190E-03
   2.1046E-02   2.1594E-02   2.0617E-02   8.6678E-04
  > E    =  -9.939098060511E+02 +/-   1.588709886249E-04
  > varE =   4.135320129805E-03
* Computing derivatives.
    [walltime: 2m39s elapsed, 3m56s remaining]
  Done. [total walltime: 6m40s]
* Optimizing manipulation constant:
  #igrid a___________ E____________________________________ varE____________
     1     Infinity    -9.93909806E+02 +/-   1.58870989E-04   4.13532013E-03
     2     1.0000E+06  -9.93909806E+02 +/-   1.58870977E-04   4.13531955E-03
     3     2.1544E+05  -9.93909806E+02 +/-   1.58870937E-04   4.13531743E-03
     4     4.6416E+04  -9.93909806E+02 +/-   1.58870748E-04   4.13530761E-03
     5     1.0000E+04  -9.93909806E+02 +/-   1.58869873E-04   4.13526204E-03
     6     2.1544E+03  -9.93909806E+02 +/-   1.58865814E-04   4.13505073E-03
     7     4.6416E+02  -9.93909807E+02 +/-   1.58847062E-04   4.13407462E-03
     8     1.0000E+02  -9.93909809E+02 +/-   1.58761915E-04   4.12964383E-03
     9     2.1544E+01  -9.93909818E+02 +/-   1.58405964E-04   4.11114691E-03
    10     4.6416E+00  -9.93909834E+02 +/-   1.57515650E-04   4.06506371E-03
    11     1.0000E+00  -9.93908222E+02 +/-   1.81970545E-04   5.42527968E-03
    12     2.1544E-01  -9.93805734E+02 +/-   7.42205095E-04   9.02542791E-02
    13     4.6416E-02  -9.93339962E+02 +/-   1.65024317E-03   4.46185887E-01
    14     1.0000E-02  -9.93034540E+02 +/-   1.99999529E-03   6.55356914E-01
    15     2.1544E-03  -9.92948165E+02 +/-   2.08293398E-03   7.10838515E-01
    16     4.6416E-04  -9.92928439E+02 +/-   2.10106908E-03   7.23270252E-01
    17     1.0000E-04  -9.92924136E+02 +/-   2.10498714E-03   7.25970266E-01
    18     2.1544E-05  -9.92923206E+02 +/-   2.10583176E-03   7.26552966E-01
    19     4.6416E-06  -9.92923006E+02 +/-   2.10601374E-03   7.26678551E-01
    20     1.0000E-06  -9.92922962E+02 +/-   2.10605295E-03   7.26705610E-01
    21     0.0000E+00  -9.92922951E+02 +/-   2.10606372E-03   7.26713040E-01
  ParMin   9.8339E+00  -9.93909829E+02 +/-   1.57981027E-04   4.08911952E-03
  # Using grid point #10
* Iteration # 1: E =  -9.939098342873E+02 +/-   1.575156496345E-04
* Diminishing returns: exiting.
* After optimization:
  -2.1182E+01  -2.0913E+01  -2.1160E+01  -2.0881E+01  -2.1319E+01  -2.0865E+01
  -2.0613E+01   2.1021E+00   1.9701E+00   1.1174E+00   1.0766E+00   2.3795E+00
   2.7225E+00   2.2896E+00   2.2966E+00   1.4569E+00   1.4329E+00   1.4858E+00
   1.4556E+00   2.1429E+00   2.1417E+00   1.4794E+00   1.4384E+00   1.3889E+00
   1.4437E+00   1.1434E+00   1.3928E+00   1.3898E+00   1.3716E+00   1.3012E+00
   1.2946E+00   2.1965E+00   2.1959E+00   1.8132E+00   1.8132E+00   1.4659E+00
   1.4687E+00   6.7441E-01   6.7264E-01   1.1268E+00   1.1269E+00   1.1313E+00
   1.1297E+00   1.1150E+00   1.1148E+00   2.3323E+00   2.3281E+00   8.1536E-01
   8.1038E-01   1.5938E+00   1.6049E+00   1.9732E+00   1.9706E+00   1.0627E+00
   1.0626E+00   1.4624E+00   1.4634E+00   1.1460E+00   1.1457E+00   1.1187E+00
   6.2343E-01   6.2334E-01   1.7006E+00   1.6834E+00   6.5264E-01   6.5166E-01
   1.4371E+00   1.4374E+00   5.0644E-01   5.0414E-01   9.2333E-01   9.2349E-01
   7.9529E-02   5.6401E-01   5.6312E-01   7.0235E-01   7.0243E-01   1.0545E-01
   9.4980E-01   9.4763E-01   8.4485E-01   8.4306E-01   1.5371E+00   1.5389E+00
   6.6655E-01   6.6707E-01   9.5977E-01   9.6027E-01   7.3163E-01   7.2895E-01
   9.7636E-01   9.7657E-01   1.4445E-01   1.4357E-01   1.6285E-01   1.6218E-01
   4.3852E-01   4.3893E-01   8.7068E-01   8.6791E-01   9.3806E-01   9.3767E-01
   9.2229E-01   9.2097E-01   6.3935E-02   6.2845E-02   4.4453E-01   4.4513E-01
   4.5694E-02   4.4316E-02   6.1669E-01   6.1459E-01   4.0474E-01   4.0323E-01
   5.4484E-01   5.4501E-01   8.5958E-01   2.5319E-01  -3.9739E-01  -3.9837E-01
   4.8020E-01   4.7949E-01   7.2295E-01   7.2242E-01   8.5702E-01   1.0990E-01
   1.0904E-01   1.2264E-01   1.2301E-01  -2.1807E-02  -2.2247E-02   4.1058E-01
   4.0880E-01  -2.3679E-02  -2.4608E-02   9.9990E-02   1.0149E-01  -3.9157E-01
  -3.9190E-01   4.2443E-01   4.2427E-01   4.0751E-02   4.0136E-02   1.5165E+00
   1.5183E+00   5.5092E-01   5.5109E-01   2.3685E-01  -2.7817E-01  -2.7887E-01
  -2.7145E-01  -2.7208E-01   4.8321E-01   4.8252E-01   4.3933E-02   4.3178E-02
  -7.6967E-01  -3.8562E-01  -3.8510E-01   1.6511E-03   4.2231E-01   4.2213E-01
  -3.8456E-01  -3.8420E-01  -7.6782E-01   1.0423E-01   1.0474E-01   5.8127E-01
   5.7735E-01   5.8142E-01   5.7653E-01   5.8085E-01   5.7653E-01   3.5628E+00
  -5.7618E+00   1.7919E+00  -2.9104E+00   4.0170E+00  -5.0954E+00  -1.3963E+00
  -1.0203E+00  -1.2116E+01   9.3858E+00  -6.8101E+00   4.3911E+00  -2.5665E-01
  -1.2929E+00  -1.3793E+00  -1.8012E-01  -1.7713E+00  -3.9174E-01   1.2589E+00
  -2.7796E+00  -4.3243E+00   2.9396E+00  -1.2809E+00  -1.6270E-01   8.7791E+00
  -9.9213E+00  -2.7290E+00   1.3500E+00  -4.2501E+00   2.8909E+00   3.7917E+00
  -5.0788E+00  -6.5537E+00   4.3517E+00  -1.6072E+00  -2.0312E-01  -3.8103E+00
   2.3394E+00   3.1480E+00  -3.8255E+00   1.4414E+00  -2.5647E+00  -1.1924E+00
   6.5172E-02  -7.7679E-02  -1.0331E+00  -6.5846E+00   4.2825E+00   3.1197E+00
  -3.9004E+00  -3.8411E+00   2.2713E+00  -6.6240E+00   4.6586E+00   3.8781E+00
  -4.9428E+00  -7.8728E+00   6.4118E+00  -2.6443E+00   1.4953E+00  -4.1641E+00
   3.0412E+00   2.0745E-01  -8.2956E-01   3.7557E+00  -5.4313E+00   6.1699E-01
  -1.2681E+00  -1.0524E+00  -3.8227E-01   6.7251E+00  -7.2310E+00  -4.5982E+00
   3.6745E+00   4.5940E+00  -4.6729E+00   2.6320E+00  -3.1957E+00   1.7494E-01
  -8.8565E-01   4.5869E+00  -4.6892E+00  -4.6057E+00   3.6595E+00   1.8035E+00
  -2.6473E+00  -7.9037E+00   6.3581E+00  -2.3563E+00   1.6885E+00  -7.5793E+00
   6.6193E+00   5.8405E-01  -1.3205E+00  -7.5848E+00   6.6074E+00   2.0214E+00
  -2.1656E+00   2.0152E+00  -2.1784E+00  -3.2051E+00   2.7671E+00   1.7970E+00
  -2.6648E+00  -2.3013E+00   1.3636E+00  -2.2971E+00   1.3753E+00   5.8913E+00
  -5.9552E+00  -3.2073E+00   2.7630E+00   5.8979E+00  -5.9429E+00   2.6169E+00
  -3.2312E+00   9.6629E-01  -1.3698E+00  -5.7980E+00   5.2525E+00  -1.1035E+01
   1.0175E+01  -5.6936E-01   3.1661E-01   7.2681E+00  -6.8708E+00  -2.0352E+00
   1.5548E+00  -2.3708E+00   1.6493E+00  -1.1033E+01   1.0177E+01   2.9022E+00
  -3.0109E+00   2.8984E+00  -3.0207E+00   2.3293E+00  -2.3070E+00   9.6469E-01
  -1.3744E+00   2.3297E+00  -2.3053E+00  -2.7205E-01   1.7086E-01   7.2664E+00
  -6.8751E+00  -5.5146E+00   5.0902E+00  -5.7034E-01   5.2989E-01  -1.0868E+00
  -4.3975E-01  -5.8002E+00   5.2488E+00  -5.6439E-01   3.2814E-01   4.6697E+00
  -4.3910E+00   4.6671E+00  -4.3948E+00  -2.0363E+00   1.5527E+00  -5.7213E-01
   5.2812E-01   9.8893E+00  -9.1199E+00   4.9449E+00  -4.5598E+00  -1.0277E-03
  -1.0529E-03  -5.5135E+00   5.0914E+00   4.9443E+00  -4.5600E+00   9.8882E+00
  -9.1207E+00  -2.7439E-01   1.6903E-01   6.6955E+00  -7.2767E+00   6.6960E+00
  -7.2768E+00   6.6956E+00  -7.2771E+00   8.3567E-01   7.3291E-01   8.3313E-01
   6.8500E-01   9.4059E-01   6.6523E-01   6.8946E-01  -6.9804E-02  -1.9503E-01
  -1.9562E-01  -1.5611E-01  -1.1765E-01  -7.9810E-02  -1.4772E-01  -1.5347E-01
  -1.0875E-01  -1.3180E-01  -7.7781E-02  -7.3721E-02  -3.0126E-02   3.5297E-02
   3.1954E-02   2.9889E-02  -2.6328E-02  -2.1864E-03  -2.0883E-02  -3.1144E-02
   2.0265E-02   2.6836E-02   3.5595E-02   7.6931E-02   3.8698E-02   1.4792E-02
   3.1072E-02  -2.4584E-02  -2.7932E-02  -3.5423E-02  -4.2756E-02  -2.6421E-02
   6.0439E-02  -1.9731E-02  -2.9530E-02  -8.4231E-03  -9.2411E-04  -6.3373E-04
  -1.1344E-02   7.1990E-03   3.5763E-02   2.4199E-02   1.8976E-03   5.3817E-03
  -1.3004E-02  -1.3856E-02   8.0692E-03  -5.6569E-03  -1.1759E-02  -5.1367E-03
  -2.4442E-04   2.5735E-02  -1.8860E-02  -2.3756E-02  -3.3594E-03   1.2556E-02
  -6.6308E-03   2.5594E-02  -1.7807E-03  -5.9312E-03   6.9285E-03  -9.0328E-03
  -4.4520E-03  -1.1730E-02   2.3408E-02   6.8519E-03  -3.1415E-03  -6.3628E-03
   4.2209E-03   7.0015E-03   6.7007E-03  -4.6570E-03  -9.8552E-03  -2.6515E-03
  -1.8265E-03  -2.3275E-02  -6.4194E-03  -9.7409E-04  -2.5214E-03  -3.7177E-03
  -1.1818E-02  -2.2187E-03  -3.5727E-03  -2.1150E-03   5.7601E-03   4.1692E-03
   9.3125E-03   9.4351E-03   1.0011E-03  -1.4115E-02  -1.4141E-02  -1.5633E-02
  -4.3099E-03   1.9266E-01  -3.5795E-02  -2.5515E-02   6.7493E-02   2.5188E-03
   5.6917E-02   1.5604E-02  -4.3850E-03   4.2628E-02  -1.2732E-02  -5.7259E-02
  -5.6263E-02  -6.5330E-02   7.7437E-02   7.7209E-02   4.0913E-02  -2.4337E-02
   7.3216E-03  -4.4833E-02  -4.2126E-02   1.9082E-02   2.4609E-02   2.3788E-02
  -4.7779E-03   2.6328E-02   3.5014E-02   2.3782E-02  -1.2373E-02  -1.6102E-02
  -2.4268E-02  -2.9270E-02  -1.7113E-02   4.9793E-02  -1.3612E-02  -2.3683E-02
  -2.8153E-03  -1.2888E-02  -1.4680E-02  -5.0609E-03  -1.8352E-02   4.0904E-02
   2.9725E-02  -8.4926E-03  -3.1973E-02  -1.1885E-02  -1.4250E-02  -1.1615E-02
  -1.5354E-02  -9.0862E-03  -1.2872E-02  -8.5323E-03   1.6751E-02  -1.3396E-02
  -1.8498E-02  -9.3360E-03   1.5362E-02  -2.7271E-03   1.1729E-02  -3.7525E-03
  -9.7975E-03   1.2017E-02  -1.0527E-02  -2.0737E-03  -1.1929E-02   3.0071E-02
  -5.1213E-03  -8.4431E-04  -3.0155E-03   7.6737E-03   7.1392E-03  -2.2911E-04
  -3.6014E-03  -9.7830E-03   2.7906E-03  -7.3454E-04  -3.0436E-02  -7.7171E-03
  -3.8912E-03   2.6378E-04  -3.8662E-03  -9.7856E-03  -8.6827E-04   1.5260E-03
   4.2954E-03  -1.9500E-03  -1.2618E-03  -8.2951E-04   1.4920E-03   6.8840E-04
   2.0016E-02   2.0125E-02   1.9366E-02  -1.2932E-05  -5.3089E-02  -2.1150E-01
  -2.0959E-01  -1.5885E-01  -1.5300E-01  -7.0218E-02  -1.4413E-01  -1.5443E-01
  -1.6137E-01  -1.3954E-01  -7.5965E-02  -7.8330E-02  -2.6909E-02  -1.4982E-02
  -2.0814E-02  -4.9240E-03  -1.4467E-02  -1.3069E-02   1.0440E-03  -4.9846E-03
   8.3180E-03   1.2217E-02   2.9533E-02   8.8213E-02   6.2859E-02   3.3360E-02
   2.8749E-02  -3.1613E-02  -2.6986E-02  -3.6641E-02  -4.1344E-02  -2.2635E-02
   1.6051E-02  -1.4495E-02  -2.2639E-02  -2.7382E-03   1.6426E-04  -3.0734E-03
  -1.8065E-02   1.7922E-02   2.8092E-02   2.7797E-02   1.8297E-03   1.3088E-02
  -1.5860E-02  -1.1865E-02   1.0076E-02  -2.3567E-03  -1.1972E-02  -5.9414E-03
  -2.1783E-03   2.4990E-02  -1.4364E-02  -2.0662E-02  -2.8523E-03   1.1514E-02
  -7.5554E-03   3.3148E-02   3.6901E-04  -1.2988E-03  -2.6829E-03  -1.1475E-02
  -3.0820E-03  -7.3929E-03   2.6726E-02   1.8522E-03  -5.2957E-03  -1.2029E-02
  -1.7690E-03   7.5797E-03   4.9001E-03  -4.1775E-03  -6.2402E-03  -6.1193E-03
  -2.9645E-03  -2.2027E-02  -3.2109E-03  -2.9136E-03  -6.1041E-04   3.1859E-04
  -5.4341E-03  -4.9827E-03  -1.1876E-03  -3.3458E-03   9.5899E-03   4.2268E-03
   9.9344E-03   1.0082E-02   1.5796E-03  -2.3031E-02  -2.2537E-02  -2.2492E-02
  -3.0896E-03   1.2667E-01  -5.4328E-02  -4.1200E-02   1.9478E-02  -1.9085E-02
   7.1784E-03  -4.3951E-02  -5.8087E-02   1.4968E-02  -5.2318E-02  -6.0580E-02
  -6.2516E-02  -8.8718E-02   5.3957E-02   5.2718E-02   1.9142E-02  -1.6057E-02
   3.7285E-03  -3.3663E-02  -2.5918E-02   9.6649E-03   1.3588E-02   1.7536E-02
  -7.3644E-03   5.0144E-02   6.0137E-02   2.0654E-02  -1.4839E-02  -1.4313E-02
  -2.2697E-02  -2.3183E-02  -1.4086E-02   2.2022E-02  -1.0261E-02  -1.6823E-02
   3.3341E-03  -1.3781E-02  -1.9187E-02  -8.8890E-03  -1.2972E-02   3.5048E-02
   3.3886E-02  -8.9785E-03  -3.7242E-02  -1.4634E-02  -1.3007E-02  -1.3100E-02
  -1.4696E-02  -9.5979E-03  -1.4354E-02  -1.3023E-02   1.2205E-02  -9.2313E-03
  -1.4301E-02  -9.6052E-03   1.5040E-02  -1.4616E-03   1.4445E-02  -1.8985E-03
  -7.9469E-03   6.4032E-03  -1.5232E-02  -5.8825E-04  -8.2870E-03   3.7390E-02
  -1.4046E-02  -1.6985E-03  -6.4740E-03   2.3590E-03   6.1877E-03  -1.4380E-03
  -3.2009E-03  -7.0115E-03   2.4760E-03  -1.2866E-03  -3.0377E-02  -4.2704E-03
  -7.2408E-03   1.3289E-03  -2.1347E-03  -3.0702E-03  -3.9292E-03   2.7714E-04
   3.1059E-03  -5.4054E-04  -3.0724E-03  -5.7070E-04   2.9563E-03   1.8495E-03
   2.0676E-02   2.1360E-02   2.0355E-02   2.5606E-03
  > Energy =  -9.939098342873E+02 +/-   1.575156496345E-04
  > varE =   4.065063711502E-03

VMC #9:
* Size of Hilbert space =   1.0817E+14
* Number of equil. steps   = 1000
* Running VMC equilibration.
  Done. [total walltime: 0.34s]
* Equil. acc.ratio (%)     =  12.6600
* Sample config after equilibration:
  +-------------------------+
  |  2   2   d   d   2   0  |
  |0   0   u   u   d   u   2|
  |0   2   d   0   d   0   d|
  |  d   u   u   2   u   u  |
  +-------------------------+
* Number of accum. steps   = 655360 x 10
* Running VMC accumulation.
  Done. [total walltime: 2.33s]
* Acceptance ratio (%)     =  12.6282
* Etot/t                   =  -9.939096626222E+02 +/-   8.519968185192E-05
  > Ttot/t                 =  -9.591216077822E+01 +/-   9.293430945580E-04
  > Utot/t                 =   4.231065260694E+01 +/-   9.218082733194E-04
* var[Eloc/t]              =   4.032384688792E-03 +/-   6.070314981369E-05
* Correlation length       =   1.179760685787E+00
* log10 Psi^2 range: -133.2073298753817 -- -120.5371026495498
* log10 Pgen range : -133.2073298753817 -- -120.5371026495498
* Site occupation (ave. no. electrons per config.):
  > Site_  ___eu____  ___ed____
      1        0.496      0.497
      2        0.495      0.498
      3        0.498      0.501
      4        0.496      0.499
      5        0.507      0.504
      6        0.504      0.502
      7        0.502      0.503
      8        0.499      0.497
      9        0.500      0.498
     10        0.499      0.497
     11        0.498      0.499
     12        0.501      0.504
     13        0.501      0.503
     14        0.506      0.499
     15        0.504      0.501
     16        0.497      0.496
     17        0.496      0.501
     18        0.499      0.504
     19        0.496      0.497
     20        0.504      0.504
     21        0.502      0.503
     22        0.505      0.502
     23        0.497      0.496
     24        0.500      0.495
     25        0.498      0.495
     26        0.500      0.503
* Pair-correlation analysis (ave. no. pairs per config.):
  > Shell  nsite  ___dh____  __eueu___  __eued___
      0      1        0          0          4.503
      1      0        0.921      0.497      2.599
      2      0        0.136      0.359      0.529
      3      0        0.265      0.715      1.061
      4      0        0.229      0.768      1.071
      5      0        0.255      0.736      1.052
      6      0        0.758      0.849      2.435
      7      0        0.671      1.049      2.341
      8      0        0.604      1.222      2.256
      9      0        0.446      1.544      2.090
     10      0        0.529      1.383      2.179
     11      0        0.137      0.818      1.162
     12      0        0.138      0.833      1.142
     13      0        0.138      0.850      1.084
     14      0        0.224      2.122      1.912
     15      0        0.113      1.061      0.958
     16      0        0.223      2.088      1.906
     17      0        0.265      1.902      2.063
     18      0        0.237      2.046      1.931
     19      0        0.295      1.873      2.051
     20      0        0.307      1.864      2.057
     21      0        0.244      2.094      1.918
     22      0        0.242      2.119      1.909
     23      0        0.241      2.134      1.887
     24      0        0.239      2.108      1.913
     25      0        0.275      2.084      1.902
     26      0        0.266      2.084      1.900
     27      0        0.236      2.134      1.888
     28      0        0.217      1.949      2.056
     29      0        0.245      2.057      1.942
     30      0        0.215      1.946      2.105
     31      0        0.107      0.973      1.055
     32      0        0.246      2.057      1.950
     33      0        0.211      2.142      1.889
     34      0        0.251      2.047      1.960
     35      0        0.221      2.080      1.959
     36      0        0.249      2.000      1.956
     37      0        0.283      1.932      2.024
     38      0        0.145      0.961      1.010
     39      0        0.212      1.988      2.028
     40      0        0.259      1.902      2.080
     41      0        0.139      1.010      0.971
     42      0        0.281      2.018      1.942
     43      0        0.253      1.961      2.032
     44      0        0.256      1.873      2.110
     45      0        0.217      1.992      2.057
     46      0        0.242      2.031      1.973
     47      0        0.258      1.933      2.060
     48      0        0.244      1.965      2.033
     49      0        0.247      2.025      1.977
     50      0        0.250      1.973      2.023
     51      0        0.278      1.956      1.995
     52      0        0.250      2.036      1.965
     53      0        0.223      1.974      2.065
     54      0        0.224      2.045      1.991
     55      0        0.250      1.965      1.998
     56      0        0.275      1.994      1.963
     57      0        0.252      1.996      1.966
     58      0        0.217      2.032      1.975
     59      0        0.254      1.979      2.023
     60      0        0.244      2.010      1.989
     61      0        0.134      0.997      0.983
     62      0        0.108      1.017      1.005
     63      0        0.247      1.989      1.971
     64      0        0.219      2.037      2.007
     65      0        0.216      2.057      1.991
     66      0        0.137      0.981      0.997
     67      0        0.214      1.993      2.017
     68      0        0.215      2.016      1.993
     69      0        0.251      2.006      1.989
     70      0        0.251      2.021      1.983
     71      0        0.252      1.984      2.011
     72      0        0.220      2.027      2.014
     73      0        0.247      1.973      1.987
     74      0        0.244      2.004      1.996
     75      0        0.241      1.988      1.975
     76      0        0.246      1.840      2.155
     77      0        0.241      1.987      2.015
     78      0        0.109      1.008      1.016
     79      0        0.216      1.997      2.009
     80      0        0.216      2.006      2.000
     81      0        0.220      2.006      2.038
     82      0        0.243      1.975      1.982
     83      0        0.107      0.988      0.995
     84      0        0.216      2.009      1.996
     85      0        0.111      1.011      1.011
     86      0        0.246      1.992      2.006
     87      0        0.222      1.998      1.999
     88      0        0.107      0.993      0.992
     89      0        0.219      2.018      2.024
     90      0        0.127      0.968      1.006
     91      0        0.064      0.485      0.502
     92      0        0.063      0.485      0.503
     93      0        0.112      1.006      1.011

Optimization #9:
* Method          : lls
* Target function : energy
* No. of configs. : 163840
* No. of params.  : 736
* Before optimization:
  -2.1182E+01  -2.0913E+01  -2.1160E+01  -2.0881E+01  -2.1319E+01  -2.0865E+01
  -2.0613E+01   2.1021E+00   1.9701E+00   1.1174E+00   1.0766E+00   2.3795E+00
   2.7225E+00   2.2896E+00   2.2966E+00   1.4569E+00   1.4329E+00   1.4858E+00
   1.4556E+00   2.1429E+00   2.1417E+00   1.4794E+00   1.4384E+00   1.3889E+00
   1.4437E+00   1.1434E+00   1.3928E+00   1.3898E+00   1.3716E+00   1.3012E+00
   1.2946E+00   2.1965E+00   2.1959E+00   1.8132E+00   1.8132E+00   1.4659E+00
   1.4687E+00   6.7441E-01   6.7264E-01   1.1268E+00   1.1269E+00   1.1313E+00
   1.1297E+00   1.1150E+00   1.1148E+00   2.3323E+00   2.3281E+00   8.1536E-01
   8.1038E-01   1.5938E+00   1.6049E+00   1.9732E+00   1.9706E+00   1.0627E+00
   1.0626E+00   1.4624E+00   1.4634E+00   1.1460E+00   1.1457E+00   1.1187E+00
   6.2343E-01   6.2334E-01   1.7006E+00   1.6834E+00   6.5264E-01   6.5166E-01
   1.4371E+00   1.4374E+00   5.0644E-01   5.0414E-01   9.2333E-01   9.2349E-01
   7.9529E-02   5.6401E-01   5.6312E-01   7.0235E-01   7.0243E-01   1.0545E-01
   9.4980E-01   9.4763E-01   8.4485E-01   8.4306E-01   1.5371E+00   1.5389E+00
   6.6655E-01   6.6707E-01   9.5977E-01   9.6027E-01   7.3163E-01   7.2895E-01
   9.7636E-01   9.7657E-01   1.4445E-01   1.4357E-01   1.6285E-01   1.6218E-01
   4.3852E-01   4.3893E-01   8.7068E-01   8.6791E-01   9.3806E-01   9.3767E-01
   9.2229E-01   9.2097E-01   6.3935E-02   6.2845E-02   4.4453E-01   4.4513E-01
   4.5694E-02   4.4316E-02   6.1669E-01   6.1459E-01   4.0474E-01   4.0323E-01
   5.4484E-01   5.4501E-01   8.5958E-01   2.5319E-01  -3.9739E-01  -3.9837E-01
   4.8020E-01   4.7949E-01   7.2295E-01   7.2242E-01   8.5702E-01   1.0990E-01
   1.0904E-01   1.2264E-01   1.2301E-01  -2.1807E-02  -2.2247E-02   4.1058E-01
   4.0880E-01  -2.3679E-02  -2.4608E-02   9.9990E-02   1.0149E-01  -3.9157E-01
  -3.9190E-01   4.2443E-01   4.2427E-01   4.0751E-02   4.0136E-02   1.5165E+00
   1.5183E+00   5.5092E-01   5.5109E-01   2.3685E-01  -2.7817E-01  -2.7887E-01
  -2.7145E-01  -2.7208E-01   4.8321E-01   4.8252E-01   4.3933E-02   4.3178E-02
  -7.6967E-01  -3.8562E-01  -3.8510E-01   1.6511E-03   4.2231E-01   4.2213E-01
  -3.8456E-01  -3.8420E-01  -7.6782E-01   1.0423E-01   1.0474E-01   5.8127E-01
   5.7735E-01   5.8142E-01   5.7653E-01   5.8085E-01   5.7653E-01   3.5628E+00
  -5.7618E+00   1.7919E+00  -2.9104E+00   4.0170E+00  -5.0954E+00  -1.3963E+00
  -1.0203E+00  -1.2116E+01   9.3858E+00  -6.8101E+00   4.3911E+00  -2.5665E-01
  -1.2929E+00  -1.3793E+00  -1.8012E-01  -1.7713E+00  -3.9174E-01   1.2589E+00
  -2.7796E+00  -4.3243E+00   2.9396E+00  -1.2809E+00  -1.6270E-01   8.7791E+00
  -9.9213E+00  -2.7290E+00   1.3500E+00  -4.2501E+00   2.8909E+00   3.7917E+00
  -5.0788E+00  -6.5537E+00   4.3517E+00  -1.6072E+00  -2.0312E-01  -3.8103E+00
   2.3394E+00   3.1480E+00  -3.8255E+00   1.4414E+00  -2.5647E+00  -1.1924E+00
   6.5172E-02  -7.7679E-02  -1.0331E+00  -6.5846E+00   4.2825E+00   3.1197E+00
  -3.9004E+00  -3.8411E+00   2.2713E+00  -6.6240E+00   4.6586E+00   3.8781E+00
  -4.9428E+00  -7.8728E+00   6.4118E+00  -2.6443E+00   1.4953E+00  -4.1641E+00
   3.0412E+00   2.0745E-01  -8.2956E-01   3.7557E+00  -5.4313E+00   6.1699E-01
  -1.2681E+00  -1.0524E+00  -3.8227E-01   6.7251E+00  -7.2310E+00  -4.5982E+00
   3.6745E+00   4.5940E+00  -4.6729E+00   2.6320E+00  -3.1957E+00   1.7494E-01
  -8.8565E-01   4.5869E+00  -4.6892E+00  -4.6057E+00   3.6595E+00   1.8035E+00
  -2.6473E+00  -7.9037E+00   6.3581E+00  -2.3563E+00   1.6885E+00  -7.5793E+00
   6.6193E+00   5.8405E-01  -1.3205E+00  -7.5848E+00   6.6074E+00   2.0214E+00
  -2.1656E+00   2.0152E+00  -2.1784E+00  -3.2051E+00   2.7671E+00   1.7970E+00
  -2.6648E+00  -2.3013E+00   1.3636E+00  -2.2971E+00   1.3753E+00   5.8913E+00
  -5.9552E+00  -3.2073E+00   2.7630E+00   5.8979E+00  -5.9429E+00   2.6169E+00
  -3.2312E+00   9.6629E-01  -1.3698E+00  -5.7980E+00   5.2525E+00  -1.1035E+01
   1.0175E+01  -5.6936E-01   3.1661E-01   7.2681E+00  -6.8708E+00  -2.0352E+00
   1.5548E+00  -2.3708E+00   1.6493E+00  -1.1033E+01   1.0177E+01   2.9022E+00
  -3.0109E+00   2.8984E+00  -3.0207E+00   2.3293E+00  -2.3070E+00   9.6469E-01
  -1.3744E+00   2.3297E+00  -2.3053E+00  -2.7205E-01   1.7086E-01   7.2664E+00
  -6.8751E+00  -5.5146E+00   5.0902E+00  -5.7034E-01   5.2989E-01  -1.0868E+00
  -4.3975E-01  -5.8002E+00   5.2488E+00  -5.6439E-01   3.2814E-01   4.6697E+00
  -4.3910E+00   4.6671E+00  -4.3948E+00  -2.0363E+00   1.5527E+00  -5.7213E-01
   5.2812E-01   9.8893E+00  -9.1199E+00   4.9449E+00  -4.5598E+00  -1.0277E-03
  -1.0529E-03  -5.5135E+00   5.0914E+00   4.9443E+00  -4.5600E+00   9.8882E+00
  -9.1207E+00  -2.7439E-01   1.6903E-01   6.6955E+00  -7.2767E+00   6.6960E+00
  -7.2768E+00   6.6956E+00  -7.2771E+00   8.3567E-01   7.3291E-01   8.3313E-01
   6.8500E-01   9.4059E-01   6.6523E-01   6.8946E-01  -6.9804E-02  -1.9503E-01
  -1.9562E-01  -1.5611E-01  -1.1765E-01  -7.9810E-02  -1.4772E-01  -1.5347E-01
  -1.0875E-01  -1.3180E-01  -7.7781E-02  -7.3721E-02  -3.0126E-02   3.5297E-02
   3.1954E-02   2.9889E-02  -2.6328E-02  -2.1864E-03  -2.0883E-02  -3.1144E-02
   2.0265E-02   2.6836E-02   3.5595E-02   7.6931E-02   3.8698E-02   1.4792E-02
   3.1072E-02  -2.4584E-02  -2.7932E-02  -3.5423E-02  -4.2756E-02  -2.6421E-02
   6.0439E-02  -1.9731E-02  -2.9530E-02  -8.4231E-03  -9.2411E-04  -6.3373E-04
  -1.1344E-02   7.1990E-03   3.5763E-02   2.4199E-02   1.8976E-03   5.3817E-03
  -1.3004E-02  -1.3856E-02   8.0692E-03  -5.6569E-03  -1.1759E-02  -5.1367E-03
  -2.4442E-04   2.5735E-02  -1.8860E-02  -2.3756E-02  -3.3594E-03   1.2556E-02
  -6.6308E-03   2.5594E-02  -1.7807E-03  -5.9312E-03   6.9285E-03  -9.0328E-03
  -4.4520E-03  -1.1730E-02   2.3408E-02   6.8519E-03  -3.1415E-03  -6.3628E-03
   4.2209E-03   7.0015E-03   6.7007E-03  -4.6570E-03  -9.8552E-03  -2.6515E-03
  -1.8265E-03  -2.3275E-02  -6.4194E-03  -9.7409E-04  -2.5214E-03  -3.7177E-03
  -1.1818E-02  -2.2187E-03  -3.5727E-03  -2.1150E-03   5.7601E-03   4.1692E-03
   9.3125E-03   9.4351E-03   1.0011E-03  -1.4115E-02  -1.4141E-02  -1.5633E-02
  -4.3099E-03   1.9266E-01  -3.5795E-02  -2.5515E-02   6.7493E-02   2.5188E-03
   5.6917E-02   1.5604E-02  -4.3850E-03   4.2628E-02  -1.2732E-02  -5.7259E-02
  -5.6263E-02  -6.5330E-02   7.7437E-02   7.7209E-02   4.0913E-02  -2.4337E-02
   7.3216E-03  -4.4833E-02  -4.2126E-02   1.9082E-02   2.4609E-02   2.3788E-02
  -4.7779E-03   2.6328E-02   3.5014E-02   2.3782E-02  -1.2373E-02  -1.6102E-02
  -2.4268E-02  -2.9270E-02  -1.7113E-02   4.9793E-02  -1.3612E-02  -2.3683E-02
  -2.8153E-03  -1.2888E-02  -1.4680E-02  -5.0609E-03  -1.8352E-02   4.0904E-02
   2.9725E-02  -8.4926E-03  -3.1973E-02  -1.1885E-02  -1.4250E-02  -1.1615E-02
  -1.5354E-02  -9.0862E-03  -1.2872E-02  -8.5323E-03   1.6751E-02  -1.3396E-02
  -1.8498E-02  -9.3360E-03   1.5362E-02  -2.7271E-03   1.1729E-02  -3.7525E-03
  -9.7975E-03   1.2017E-02  -1.0527E-02  -2.0737E-03  -1.1929E-02   3.0071E-02
  -5.1213E-03  -8.4431E-04  -3.0155E-03   7.6737E-03   7.1392E-03  -2.2911E-04
  -3.6014E-03  -9.7830E-03   2.7906E-03  -7.3454E-04  -3.0436E-02  -7.7171E-03
  -3.8912E-03   2.6378E-04  -3.8662E-03  -9.7856E-03  -8.6827E-04   1.5260E-03
   4.2954E-03  -1.9500E-03  -1.2618E-03  -8.2951E-04   1.4920E-03   6.8840E-04
   2.0016E-02   2.0125E-02   1.9366E-02  -1.2932E-05  -5.3089E-02  -2.1150E-01
  -2.0959E-01  -1.5885E-01  -1.5300E-01  -7.0218E-02  -1.4413E-01  -1.5443E-01
  -1.6137E-01  -1.3954E-01  -7.5965E-02  -7.8330E-02  -2.6909E-02  -1.4982E-02
  -2.0814E-02  -4.9240E-03  -1.4467E-02  -1.3069E-02   1.0440E-03  -4.9846E-03
   8.3180E-03   1.2217E-02   2.9533E-02   8.8213E-02   6.2859E-02   3.3360E-02
   2.8749E-02  -3.1613E-02  -2.6986E-02  -3.6641E-02  -4.1344E-02  -2.2635E-02
   1.6051E-02  -1.4495E-02  -2.2639E-02  -2.7382E-03   1.6426E-04  -3.0734E-03
  -1.8065E-02   1.7922E-02   2.8092E-02   2.7797E-02   1.8297E-03   1.3088E-02
  -1.5860E-02  -1.1865E-02   1.0076E-02  -2.3567E-03  -1.1972E-02  -5.9414E-03
  -2.1783E-03   2.4990E-02  -1.4364E-02  -2.0662E-02  -2.8523E-03   1.1514E-02
  -7.5554E-03   3.3148E-02   3.6901E-04  -1.2988E-03  -2.6829E-03  -1.1475E-02
  -3.0820E-03  -7.3929E-03   2.6726E-02   1.8522E-03  -5.2957E-03  -1.2029E-02
  -1.7690E-03   7.5797E-03   4.9001E-03  -4.1775E-03  -6.2402E-03  -6.1193E-03
  -2.9645E-03  -2.2027E-02  -3.2109E-03  -2.9136E-03  -6.1041E-04   3.1859E-04
  -5.4341E-03  -4.9827E-03  -1.1876E-03  -3.3458E-03   9.5899E-03   4.2268E-03
   9.9344E-03   1.0082E-02   1.5796E-03  -2.3031E-02  -2.2537E-02  -2.2492E-02
  -3.0896E-03   1.2667E-01  -5.4328E-02  -4.1200E-02   1.9478E-02  -1.9085E-02
   7.1784E-03  -4.3951E-02  -5.8087E-02   1.4968E-02  -5.2318E-02  -6.0580E-02
  -6.2516E-02  -8.8718E-02   5.3957E-02   5.2718E-02   1.9142E-02  -1.6057E-02
   3.7285E-03  -3.3663E-02  -2.5918E-02   9.6649E-03   1.3588E-02   1.7536E-02
  -7.3644E-03   5.0144E-02   6.0137E-02   2.0654E-02  -1.4839E-02  -1.4313E-02
  -2.2697E-02  -2.3183E-02  -1.4086E-02   2.2022E-02  -1.0261E-02  -1.6823E-02
   3.3341E-03  -1.3781E-02  -1.9187E-02  -8.8890E-03  -1.2972E-02   3.5048E-02
   3.3886E-02  -8.9785E-03  -3.7242E-02  -1.4634E-02  -1.3007E-02  -1.3100E-02
  -1.4696E-02  -9.5979E-03  -1.4354E-02  -1.3023E-02   1.2205E-02  -9.2313E-03
  -1.4301E-02  -9.6052E-03   1.5040E-02  -1.4616E-03   1.4445E-02  -1.8985E-03
  -7.9469E-03   6.4032E-03  -1.5232E-02  -5.8825E-04  -8.2870E-03   3.7390E-02
  -1.4046E-02  -1.6985E-03  -6.4740E-03   2.3590E-03   6.1877E-03  -1.4380E-03
  -3.2009E-03  -7.0115E-03   2.4760E-03  -1.2866E-03  -3.0377E-02  -4.2704E-03
  -7.2408E-03   1.3289E-03  -2.1347E-03  -3.0702E-03  -3.9292E-03   2.7714E-04
   3.1059E-03  -5.4054E-04  -3.0724E-03  -5.7070E-04   2.9563E-03   1.8495E-03
   2.0676E-02   2.1360E-02   2.0355E-02   2.5606E-03
  > E    =  -9.939094679357E+02 +/-   1.619011606719E-04
  > varE =   4.294571757880E-03
* Computing derivatives.
    [walltime: 2m40s elapsed, 3m59s remaining]
  Done. [total walltime: 6m42s]
* Optimizing manipulation constant:
  #igrid a___________ E____________________________________ varE____________
     1     Infinity    -9.93909468E+02 +/-   1.61901161E-04   4.29457176E-03
     2     1.0000E+06  -9.93909468E+02 +/-   1.61901145E-04   4.29457091E-03
     3     2.1544E+05  -9.93909468E+02 +/-   1.61901087E-04   4.29456787E-03
     4     4.6416E+04  -9.93909468E+02 +/-   1.61900838E-04   4.29455464E-03
     5     1.0000E+04  -9.93909468E+02 +/-   1.61900032E-04   4.29451188E-03
     6     2.1544E+03  -9.93909468E+02 +/-   1.61903874E-04   4.29471572E-03
     7     4.6416E+02  -9.93909456E+02 +/-   1.62092967E-04   4.30475346E-03
     8     1.0000E+02  -9.93908919E+02 +/-   1.70660403E-04   4.77183559E-03
     9     2.1544E+01  -9.93823219E+02 +/-   6.85255320E-04   7.69351441E-02
    10     4.6416E+00  -9.91210115E+02 +/-   2.95685389E-03   1.43245065E+00
    11     1.0000E+00  -9.90674531E+02 +/-   3.05935565E-03   1.53348620E+00
    12     2.1544E-01  -9.90674503E+02 +/-   3.05076491E-03   1.52488617E+00
    13     4.6416E-02  -9.90674910E+02 +/-   1.90279644E-05   5.93204725E-05
    14     1.0000E-02  -9.90679702E+02 +/-   3.15611159E-05   1.63201685E-04
    15     2.1544E-03  -9.90681373E+02 +/-   3.34891258E-05   1.83750091E-04
    16     4.6416E-04  -9.90681816E+02 +/-   3.39558467E-05   1.88907442E-04
    17     1.0000E-04  -9.90681916E+02 +/-   3.40598886E-05   1.90066853E-04
    18     2.1544E-05  -9.90681938E+02 +/-   3.40824826E-05   1.90319104E-04
    19     4.6416E-06  -9.90681943E+02 +/-   3.40873589E-05   1.90373566E-04
    20     1.0000E-06  -9.90681944E+02 +/-   3.40884098E-05   1.90385305E-04
    21     0.0000E+00  -9.90681944E+02 +/-   3.40886985E-05   1.90388529E-04
* Iteration # 1: E =  -9.939094679548E+02 +/-   1.619000320603E-04
* Convergence: exiting.
* After optimization:
  -2.1184E+01  -2.0915E+01  -2.1162E+01  -2.0883E+01  -2.1321E+01  -2.0867E+01
  -2.0615E+01   2.1021E+00   1.9701E+00   1.1174E+00   1.0765E+00   2.3795E+00
   2.7225E+00   2.2896E+00   2.2966E+00   1.4569E+00   1.4329E+00   1.4858E+00
   1.4556E+00   2.1429E+00   2.1417E+00   1.4794E+00   1.4384E+00   1.3889E+00
   1.4437E+00   1.1434E+00   1.3928E+00   1.3898E+00   1.3716E+00   1.3012E+00
   1.2946E+00   2.1965E+00   2.1959E+00   1.8132E+00   1.8132E+00   1.4659E+00
   1.4687E+00   6.7440E-01   6.7263E-01   1.1268E+00   1.1269E+00   1.1313E+00
   1.1297E+00   1.1150E+00   1.1148E+00   2.3323E+00   2.3281E+00   8.1535E-01
   8.1038E-01   1.5938E+00   1.6049E+00   1.9732E+00   1.9705E+00   1.0627E+00
   1.0626E+00   1.4623E+00   1.4634E+00   1.1460E+00   1.1457E+00   1.1187E+00
   6.2342E-01   6.2333E-01   1.7006E+00   1.6834E+00   6.5264E-01   6.5166E-01
   1.4371E+00   1.4374E+00   5.0644E-01   5.0413E-01   9.2333E-01   9.2348E-01
   7.9524E-02   5.6400E-01   5.6311E-01   7.0234E-01   7.0243E-01   1.0544E-01
   9.4980E-01   9.4763E-01   8.4485E-01   8.4306E-01   1.5371E+00   1.5389E+00
   6.6655E-01   6.6707E-01   9.5977E-01   9.6027E-01   7.3162E-01   7.2895E-01
   9.7636E-01   9.7656E-01   1.4444E-01   1.4357E-01   1.6285E-01   1.6218E-01
   4.3851E-01   4.3892E-01   8.7068E-01   8.6791E-01   9.3805E-01   9.3767E-01
   9.2229E-01   9.2097E-01   6.3930E-02   6.2841E-02   4.4452E-01   4.4513E-01
   4.5689E-02   4.4311E-02   6.1669E-01   6.1459E-01   4.0474E-01   4.0323E-01
   5.4483E-01   5.4500E-01   8.5958E-01   2.5318E-01  -3.9739E-01  -3.9837E-01
   4.8019E-01   4.7948E-01   7.2294E-01   7.2241E-01   8.5701E-01   1.0990E-01
   1.0903E-01   1.2263E-01   1.2300E-01  -2.1809E-02  -2.2249E-02   4.1057E-01
   4.0879E-01  -2.3682E-02  -2.4610E-02   9.9987E-02   1.0148E-01  -3.9158E-01
  -3.9191E-01   4.2443E-01   4.2427E-01   4.0745E-02   4.0130E-02   1.5165E+00
   1.5183E+00   5.5091E-01   5.5108E-01   2.3684E-01  -2.7818E-01  -2.7888E-01
  -2.7146E-01  -2.7209E-01   4.8321E-01   4.8252E-01   4.3927E-02   4.3172E-02
  -7.6967E-01  -3.8562E-01  -3.8510E-01   1.6509E-03   4.2230E-01   4.2213E-01
  -3.8457E-01  -3.8420E-01  -7.6783E-01   1.0423E-01   1.0474E-01   5.8127E-01
   5.7735E-01   5.8141E-01   5.7653E-01   5.8084E-01   5.7653E-01   3.5628E+00
  -5.7618E+00   1.7920E+00  -2.9105E+00   4.0171E+00  -5.0955E+00  -1.3963E+00
  -1.0203E+00  -1.2116E+01   9.3857E+00  -6.8100E+00   4.3910E+00  -2.5657E-01
  -1.2930E+00  -1.3793E+00  -1.8018E-01  -1.7713E+00  -3.9181E-01   1.2589E+00
  -2.7797E+00  -4.3242E+00   2.9395E+00  -1.2808E+00  -1.6277E-01   8.7791E+00
  -9.9214E+00  -2.7289E+00   1.3499E+00  -4.2500E+00   2.8909E+00   3.7918E+00
  -5.0789E+00  -6.5537E+00   4.3516E+00  -1.6071E+00  -2.0319E-01  -3.8102E+00
   2.3393E+00   3.1481E+00  -3.8255E+00   1.4415E+00  -2.5648E+00  -1.1923E+00
   6.5108E-02  -7.7602E-02  -1.0332E+00  -6.5846E+00   4.2824E+00   3.1198E+00
  -3.9005E+00  -3.8410E+00   2.2712E+00  -6.6239E+00   4.6585E+00   3.8782E+00
  -4.9429E+00  -7.8727E+00   6.4118E+00  -2.6443E+00   1.4952E+00  -4.1640E+00
   3.0412E+00   2.0753E-01  -8.2963E-01   3.7558E+00  -5.4313E+00   6.1706E-01
  -1.2682E+00  -1.0524E+00  -3.8230E-01   6.7252E+00  -7.2311E+00  -4.5982E+00
   3.6744E+00   4.5941E+00  -4.6730E+00   2.6321E+00  -3.1957E+00   1.7502E-01
  -8.8572E-01   4.5870E+00  -4.6893E+00  -4.6056E+00   3.6594E+00   1.8036E+00
  -2.6473E+00  -7.9037E+00   6.3580E+00  -2.3562E+00   1.6885E+00  -7.5792E+00
   6.6192E+00   5.8412E-01  -1.3205E+00  -7.5847E+00   6.6073E+00   2.0215E+00
  -2.1656E+00   2.0153E+00  -2.1785E+00  -3.2050E+00   2.7670E+00   1.7970E+00
  -2.6648E+00  -2.3013E+00   1.3635E+00  -2.2970E+00   1.3753E+00   5.8913E+00
  -5.9553E+00  -3.2072E+00   2.7629E+00   5.8980E+00  -5.9430E+00   2.6170E+00
  -3.2312E+00   9.6632E-01  -1.3698E+00  -5.7979E+00   5.2524E+00  -1.1035E+01
   1.0175E+01  -5.6929E-01   3.1655E-01   7.2682E+00  -6.8709E+00  -2.0352E+00
   1.5547E+00  -2.3707E+00   1.6492E+00  -1.1033E+01   1.0177E+01   2.9023E+00
  -3.0109E+00   2.8985E+00  -3.0208E+00   2.3293E+00  -2.3070E+00   9.6472E-01
  -1.3744E+00   2.3297E+00  -2.3054E+00  -2.7201E-01   1.7083E-01   7.2665E+00
  -6.8752E+00  -5.5146E+00   5.0902E+00  -5.7026E-01   5.2982E-01  -1.0867E+00
  -4.3979E-01  -5.8001E+00   5.2488E+00  -5.6432E-01   3.2807E-01   4.6697E+00
  -4.3910E+00   4.6672E+00  -4.3949E+00  -2.0362E+00   1.5527E+00  -5.7205E-01
   5.2805E-01   9.8894E+00  -9.1200E+00   4.9450E+00  -4.5599E+00  -1.0276E-03
  -1.0530E-03  -5.5135E+00   5.0913E+00   4.9443E+00  -4.5600E+00   9.8883E+00
  -9.1208E+00  -2.7436E-01   1.6900E-01   6.6955E+00  -7.2768E+00   6.6961E+00
  -7.2769E+00   6.6957E+00  -7.2771E+00   8.3667E-01   7.3378E-01   8.3412E-01
   6.8582E-01   9.4170E-01   6.6603E-01   6.9028E-01  -6.9889E-02  -1.9527E-01
  -1.9585E-01  -1.5629E-01  -1.1779E-01  -7.9905E-02  -1.4790E-01  -1.5366E-01
  -1.0888E-01  -1.3195E-01  -7.7872E-02  -7.3808E-02  -3.0162E-02   3.5339E-02
   3.1991E-02   2.9924E-02  -2.6360E-02  -2.1888E-03  -2.0908E-02  -3.1180E-02
   2.0289E-02   2.6870E-02   3.5637E-02   7.7021E-02   3.8745E-02   1.4811E-02
   3.1110E-02  -2.4613E-02  -2.7965E-02  -3.5466E-02  -4.2807E-02  -2.6453E-02
   6.0510E-02  -1.9755E-02  -2.9564E-02  -8.4328E-03  -9.2556E-04  -6.3529E-04
  -1.1356E-02   7.2081E-03   3.5808E-02   2.4228E-02   1.8991E-03   5.3883E-03
  -1.3020E-02  -1.3872E-02   8.0795E-03  -5.6637E-03  -1.1772E-02  -5.1442E-03
  -2.4506E-04   2.5766E-02  -1.8882E-02  -2.3785E-02  -3.3639E-03   1.2570E-02
  -6.6386E-03   2.5624E-02  -1.7819E-03  -5.9376E-03   6.9355E-03  -9.0424E-03
  -4.4572E-03  -1.1744E-02   2.3437E-02   6.8593E-03  -3.1442E-03  -6.3707E-03
   4.2250E-03   7.0098E-03   6.7110E-03  -4.6621E-03  -9.8672E-03  -2.6540E-03
  -1.8282E-03  -2.3303E-02  -6.4251E-03  -9.7437E-04  -2.5253E-03  -3.7213E-03
  -1.1832E-02  -2.2219E-03  -3.5762E-03  -2.1181E-03   5.7643E-03   4.1745E-03
   9.3216E-03   9.4439E-03   1.0023E-03  -1.4132E-02  -1.4159E-02  -1.5652E-02
  -4.3125E-03   1.9288E-01  -3.5842E-02  -2.5548E-02   6.7572E-02   2.5229E-03
   5.6986E-02   1.5622E-02  -4.3931E-03   4.2678E-02  -1.2747E-02  -5.7327E-02
  -5.6329E-02  -6.5408E-02   7.7529E-02   7.7301E-02   4.0961E-02  -2.4366E-02
   7.3299E-03  -4.4884E-02  -4.2175E-02   1.9106E-02   2.4640E-02   2.3818E-02
  -4.7845E-03   2.6359E-02   3.5054E-02   2.3811E-02  -1.2389E-02  -1.6121E-02
  -2.4296E-02  -2.9306E-02  -1.7134E-02   4.9851E-02  -1.3628E-02  -2.3711E-02
  -2.8184E-03  -1.2902E-02  -1.4697E-02  -5.0664E-03  -1.8374E-02   4.0953E-02
   2.9759E-02  -8.5033E-03  -3.2011E-02  -1.1899E-02  -1.4267E-02  -1.1628E-02
  -1.5372E-02  -9.0957E-03  -1.2887E-02  -8.5408E-03   1.6772E-02  -1.3412E-02
  -1.8521E-02  -9.3467E-03   1.5379E-02  -2.7310E-03   1.1743E-02  -3.7564E-03
  -9.8096E-03   1.2029E-02  -1.0540E-02  -2.0784E-03  -1.1944E-02   3.0107E-02
  -5.1270E-03  -8.4542E-04  -3.0191E-03   7.6847E-03   7.1485E-03  -2.3001E-04
  -3.6046E-03  -9.7934E-03   2.7936E-03  -7.3539E-04  -3.0472E-02  -7.7257E-03
  -3.8967E-03   2.6408E-04  -3.8704E-03  -9.7966E-03  -8.6981E-04   1.5283E-03
   4.2989E-03  -1.9507E-03  -1.2633E-03  -8.2988E-04   1.4934E-03   6.8820E-04
   2.0039E-02   2.0148E-02   1.9388E-02  -1.2960E-05  -5.3088E-02  -2.1151E-01
  -2.0959E-01  -1.5885E-01  -1.5300E-01  -7.0219E-02  -1.4413E-01  -1.5444E-01
  -1.6137E-01  -1.3954E-01  -7.5964E-02  -7.8329E-02  -2.6909E-02  -1.4982E-02
  -2.0814E-02  -4.9239E-03  -1.4467E-02  -1.3068E-02   1.0443E-03  -4.9842E-03
   8.3182E-03   1.2217E-02   2.9532E-02   8.8213E-02   6.2860E-02   3.3360E-02
   2.8750E-02  -3.1613E-02  -2.6986E-02  -3.6641E-02  -4.1343E-02  -2.2635E-02
   1.6053E-02  -1.4495E-02  -2.2640E-02  -2.7387E-03   1.6406E-04  -3.0750E-03
  -1.8065E-02   1.7923E-02   2.8095E-02   2.7798E-02   1.8294E-03   1.3089E-02
  -1.5859E-02  -1.1865E-02   1.0077E-02  -2.3570E-03  -1.1972E-02  -5.9436E-03
  -2.1782E-03   2.4990E-02  -1.4365E-02  -2.0661E-02  -2.8528E-03   1.1513E-02
  -7.5548E-03   3.3149E-02   3.6966E-04  -1.2983E-03  -2.6811E-03  -1.1472E-02
  -3.0804E-03  -7.3918E-03   2.6727E-02   1.8522E-03  -5.2951E-03  -1.2029E-02
  -1.7707E-03   7.5792E-03   4.9010E-03  -4.1776E-03  -6.2405E-03  -6.1190E-03
  -2.9640E-03  -2.2027E-02  -3.2100E-03  -2.9125E-03  -6.1059E-04   3.1788E-04
  -5.4342E-03  -4.9813E-03  -1.1884E-03  -3.3451E-03   9.5874E-03   4.2270E-03
   9.9314E-03   1.0081E-02   1.5804E-03  -2.3031E-02  -2.2537E-02  -2.2492E-02
  -3.0876E-03   1.2667E-01  -5.4333E-02  -4.1203E-02   1.9478E-02  -1.9084E-02
   7.1785E-03  -4.3953E-02  -5.8091E-02   1.4969E-02  -5.2318E-02  -6.0581E-02
  -6.2515E-02  -8.8718E-02   5.3957E-02   5.2720E-02   1.9141E-02  -1.6057E-02
   3.7283E-03  -3.3662E-02  -2.5917E-02   9.6659E-03   1.3590E-02   1.7538E-02
  -7.3643E-03   5.0143E-02   6.0135E-02   2.0654E-02  -1.4839E-02  -1.4312E-02
  -2.2696E-02  -2.3183E-02  -1.4087E-02   2.2023E-02  -1.0261E-02  -1.6824E-02
   3.3331E-03  -1.3780E-02  -1.9188E-02  -8.8893E-03  -1.2971E-02   3.5048E-02
   3.3885E-02  -8.9784E-03  -3.7242E-02  -1.4633E-02  -1.3006E-02  -1.3099E-02
  -1.4696E-02  -9.5968E-03  -1.4354E-02  -1.3020E-02   1.2206E-02  -9.2307E-03
  -1.4301E-02  -9.6045E-03   1.5038E-02  -1.4619E-03   1.4445E-02  -1.8986E-03
  -7.9476E-03   6.4020E-03  -1.5234E-02  -5.8968E-04  -8.2878E-03   3.7391E-02
  -1.4044E-02  -1.6995E-03  -6.4738E-03   2.3605E-03   6.1882E-03  -1.4403E-03
  -3.2006E-03  -7.0096E-03   2.4748E-03  -1.2868E-03  -3.0376E-02  -4.2714E-03
  -7.2423E-03   1.3296E-03  -2.1356E-03  -3.0693E-03  -3.9283E-03   2.7669E-04
   3.1051E-03  -5.3919E-04  -3.0718E-03  -5.7053E-04   2.9575E-03   1.8488E-03
   2.0675E-02   2.1359E-02   2.0354E-02   2.5592E-03
  > Energy =  -9.939094679548E+02 +/-   1.619000320603E-04
  > varE =   4.294511883244E-03

VMC #10:
* Size of Hilbert space =   1.0817E+14
* Number of equil. steps   = 1000
* Running VMC equilibration.
  Done. [total walltime: 0.34s]
* Equil. acc.ratio (%)     =  12.6629
* Sample config after equilibration:
  +-------------------------+
  |  d   u   d   d   d   0  |
  |u   d   d   u   u   u   2|
  |u   d   u   d   0   2   0|
  |  d   u   u   2   u   d  |
  +-------------------------+
* Number of accum. steps   = 655360 x 10
* Running VMC accumulation.
  Done. [total walltime: 2.34s]
* Acceptance ratio (%)     =  12.6247
* Etot/t                   =  -9.939097866859E+02 +/-   8.206842369428E-05
  > Ttot/t                 =  -9.591308686480E+01 +/-   9.276151429009E-04
  > Utot/t                 =   4.231145462978E+01 +/-   9.194001237409E-04
* var[Eloc/t]              =   4.025714002848E-03 +/-   1.119098870130E-04
* Correlation length       =   1.096450919792E+00
* log10 Psi^2 range: -133.4236194551603 -- -120.9426000830029
* log10 Pgen range : -133.4236194551603 -- -120.9426000830029
* Site occupation (ave. no. electrons per config.):
  > Site_  ___eu____  ___ed____
      1        0.499      0.496
      2        0.497      0.500
      3        0.497      0.499
      4        0.496      0.503
      5        0.505      0.502
      6        0.503      0.501
      7        0.501      0.503
      8        0.500      0.499
      9        0.495      0.498
     10        0.502      0.497
     11        0.500      0.494
     12        0.505      0.501
     13        0.505      0.501
     14        0.503      0.502
     15        0.505      0.501
     16        0.496      0.497
     17        0.499      0.496
     18        0.499      0.505
     19        0.498      0.498
     20        0.503      0.506
     21        0.500      0.502
     22        0.501      0.502
     23        0.498      0.499
     24        0.496      0.498
     25        0.496      0.496
     26        0.502      0.502
* Pair-correlation analysis (ave. no. pairs per config.):
  > Shell  nsite  ___dh____  __eueu___  __eued___
      0      1        0          0          4.498
      1      0        0.920      0.496      2.601
      2      0        0.134      0.359      0.531
      3      0        0.266      0.722      1.060
      4      0        0.225      0.770      1.067
      5      0        0.254      0.738      1.045
      6      0        0.757      0.848      2.434
      7      0        0.674      1.048      2.338
      8      0        0.603      1.219      2.256
      9      0        0.450      1.540      2.089
     10      0        0.527      1.388      2.187
     11      0        0.137      0.816      1.159
     12      0        0.137      0.838      1.139
     13      0        0.136      0.856      1.087
     14      0        0.224      2.118      1.914
     15      0        0.111      1.061      0.951
     16      0        0.221      2.092      1.912
     17      0        0.264      1.903      2.053
     18      0        0.234      2.045      1.936
     19      0        0.298      1.871      2.049
     20      0        0.304      1.874      2.058
     21      0        0.240      2.097      1.927
     22      0        0.243      2.114      1.905
     23      0        0.241      2.128      1.891
     24      0        0.234      2.107      1.913
     25      0        0.274      2.086      1.908
     26      0        0.267      2.082      1.903
     27      0        0.233      2.127      1.895
     28      0        0.217      1.957      2.053
     29      0        0.241      2.057      1.940
     30      0        0.215      1.953      2.094
     31      0        0.107      0.968      1.053
     32      0        0.246      2.056      1.948
     33      0        0.214      2.136      1.890
     34      0        0.250      2.042      1.964
     35      0        0.220      2.072      1.965
     36      0        0.244      2.013      1.961
     37      0        0.283      1.931      2.021
     38      0        0.143      0.967      1.013
     39      0        0.217      1.976      2.028
     40      0        0.259      1.899      2.083
     41      0        0.139      1.010      0.977
     42      0        0.276      2.020      1.944
     43      0        0.253      1.960      2.031
     44      0        0.259      1.860      2.103
     45      0        0.213      1.991      2.058
     46      0        0.243      2.026      1.966
     47      0        0.256      1.936      2.060
     48      0        0.242      1.959      2.033
     49      0        0.247      2.025      1.981
     50      0        0.247      1.979      2.027
     51      0        0.277      1.955      2.000
     52      0        0.247      2.034      1.971
     53      0        0.223      1.970      2.055
     54      0        0.218      2.048      1.987
     55      0        0.251      1.970      1.998
     56      0        0.275      1.997      1.960
     57      0        0.247      2.008      1.969
     58      0        0.215      2.033      1.976
     59      0        0.255      1.972      2.020
     60      0        0.240      2.010      1.991
     61      0        0.136      0.989      0.984
     62      0        0.108      1.018      1.008
     63      0        0.247      1.993      1.979
     64      0        0.219      2.029      2.004
     65      0        0.216      2.056      1.985
     66      0        0.135      0.983      0.992
     67      0        0.216      1.994      2.015
     68      0        0.217      2.013      1.994
     69      0        0.249      2.009      1.991
     70      0        0.249      2.016      1.987
     71      0        0.249      1.989      2.010
     72      0        0.217      2.022      2.016
     73      0        0.250      1.978      1.991
     74      0        0.248      1.999      1.987
     75      0        0.244      1.984      1.976
     76      0        0.246      1.842      2.151
     77      0        0.242      1.989      2.009
     78      0        0.107      1.008      1.016
     79      0        0.215      2.005      2.009
     80      0        0.216      2.009      2.004
     81      0        0.219      2.002      2.031
     82      0        0.241      1.979      1.989
     83      0        0.108      0.994      0.995
     84      0        0.219      2.003      2.000
     85      0        0.111      1.008      1.003
     86      0        0.245      1.991      1.999
     87      0        0.216      1.999      2.009
     88      0        0.111      0.995      0.991
     89      0        0.218      2.016      2.025
     90      0        0.127      0.973      1.010
     91      0        0.063      0.484      0.502
     92      0        0.063      0.489      0.505
     93      0        0.109      1.008      1.009

Optimization #10:
* Method          : lls
* Target function : energy
* No. of configs. : 163840
* No. of params.  : 736
* Before optimization:
  -2.1184E+01  -2.0915E+01  -2.1162E+01  -2.0883E+01  -2.1321E+01  -2.0867E+01
  -2.0615E+01   2.1021E+00   1.9701E+00   1.1174E+00   1.0765E+00   2.3795E+00
   2.7225E+00   2.2896E+00   2.2966E+00   1.4569E+00   1.4329E+00   1.4858E+00
   1.4556E+00   2.1429E+00   2.1417E+00   1.4794E+00   1.4384E+00   1.3889E+00
   1.4437E+00   1.1434E+00   1.3928E+00   1.3898E+00   1.3716E+00   1.3012E+00
   1.2946E+00   2.1965E+00   2.1959E+00   1.8132E+00   1.8132E+00   1.4659E+00
   1.4687E+00   6.7440E-01   6.7263E-01   1.1268E+00   1.1269E+00   1.1313E+00
   1.1297E+00   1.1150E+00   1.1148E+00   2.3323E+00   2.3281E+00   8.1535E-01
   8.1038E-01   1.5938E+00   1.6049E+00   1.9732E+00   1.9705E+00   1.0627E+00
   1.0626E+00   1.4623E+00   1.4634E+00   1.1460E+00   1.1457E+00   1.1187E+00
   6.2342E-01   6.2333E-01   1.7006E+00   1.6834E+00   6.5264E-01   6.5166E-01
   1.4371E+00   1.4374E+00   5.0644E-01   5.0413E-01   9.2333E-01   9.2348E-01
   7.9524E-02   5.6400E-01   5.6311E-01   7.0234E-01   7.0243E-01   1.0544E-01
   9.4980E-01   9.4763E-01   8.4485E-01   8.4306E-01   1.5371E+00   1.5389E+00
   6.6655E-01   6.6707E-01   9.5977E-01   9.6027E-01   7.3162E-01   7.2895E-01
   9.7636E-01   9.7656E-01   1.4444E-01   1.4357E-01   1.6285E-01   1.6218E-01
   4.3851E-01   4.3892E-01   8.7068E-01   8.6791E-01   9.3805E-01   9.3767E-01
   9.2229E-01   9.2097E-01   6.3930E-02   6.2841E-02   4.4452E-01   4.4513E-01
   4.5689E-02   4.4311E-02   6.1669E-01   6.1459E-01   4.0474E-01   4.0323E-01
   5.4483E-01   5.4500E-01   8.5958E-01   2.5318E-01  -3.9739E-01  -3.9837E-01
   4.8019E-01   4.7948E-01   7.2294E-01   7.2241E-01   8.5701E-01   1.0990E-01
   1.0903E-01   1.2263E-01   1.2300E-01  -2.1809E-02  -2.2249E-02   4.1057E-01
   4.0879E-01  -2.3682E-02  -2.4610E-02   9.9987E-02   1.0148E-01  -3.9158E-01
  -3.9191E-01   4.2443E-01   4.2427E-01   4.0745E-02   4.0130E-02   1.5165E+00
   1.5183E+00   5.5091E-01   5.5108E-01   2.3684E-01  -2.7818E-01  -2.7888E-01
  -2.7146E-01  -2.7209E-01   4.8321E-01   4.8252E-01   4.3927E-02   4.3172E-02
  -7.6967E-01  -3.8562E-01  -3.8510E-01   1.6509E-03   4.2230E-01   4.2213E-01
  -3.8457E-01  -3.8420E-01  -7.6783E-01   1.0423E-01   1.0474E-01   5.8127E-01
   5.7735E-01   5.8141E-01   5.7653E-01   5.8084E-01   5.7653E-01   3.5628E+00
  -5.7618E+00   1.7920E+00  -2.9105E+00   4.0171E+00  -5.0955E+00  -1.3963E+00
  -1.0203E+00  -1.2116E+01   9.3857E+00  -6.8100E+00   4.3910E+00  -2.5657E-01
  -1.2930E+00  -1.3793E+00  -1.8018E-01  -1.7713E+00  -3.9181E-01   1.2589E+00
  -2.7797E+00  -4.3242E+00   2.9395E+00  -1.2808E+00  -1.6277E-01   8.7791E+00
  -9.9214E+00  -2.7289E+00   1.3499E+00  -4.2500E+00   2.8909E+00   3.7918E+00
  -5.0789E+00  -6.5537E+00   4.3516E+00  -1.6071E+00  -2.0319E-01  -3.8102E+00
   2.3393E+00   3.1481E+00  -3.8255E+00   1.4415E+00  -2.5648E+00  -1.1923E+00
   6.5108E-02  -7.7602E-02  -1.0332E+00  -6.5846E+00   4.2824E+00   3.1198E+00
  -3.9005E+00  -3.8410E+00   2.2712E+00  -6.6239E+00   4.6585E+00   3.8782E+00
  -4.9429E+00  -7.8727E+00   6.4118E+00  -2.6443E+00   1.4952E+00  -4.1640E+00
   3.0412E+00   2.0753E-01  -8.2963E-01   3.7558E+00  -5.4313E+00   6.1706E-01
  -1.2682E+00  -1.0524E+00  -3.8230E-01   6.7252E+00  -7.2311E+00  -4.5982E+00
   3.6744E+00   4.5941E+00  -4.6730E+00   2.6321E+00  -3.1957E+00   1.7502E-01
  -8.8572E-01   4.5870E+00  -4.6893E+00  -4.6056E+00   3.6594E+00   1.8036E+00
  -2.6473E+00  -7.9037E+00   6.3580E+00  -2.3562E+00   1.6885E+00  -7.5792E+00
   6.6192E+00   5.8412E-01  -1.3205E+00  -7.5847E+00   6.6073E+00   2.0215E+00
  -2.1656E+00   2.0153E+00  -2.1785E+00  -3.2050E+00   2.7670E+00   1.7970E+00
  -2.6648E+00  -2.3013E+00   1.3635E+00  -2.2970E+00   1.3753E+00   5.8913E+00
  -5.9553E+00  -3.2072E+00   2.7629E+00   5.8980E+00  -5.9430E+00   2.6170E+00
  -3.2312E+00   9.6632E-01  -1.3698E+00  -5.7979E+00   5.2524E+00  -1.1035E+01
   1.0175E+01  -5.6929E-01   3.1655E-01   7.2682E+00  -6.8709E+00  -2.0352E+00
   1.5547E+00  -2.3707E+00   1.6492E+00  -1.1033E+01   1.0177E+01   2.9023E+00
  -3.0109E+00   2.8985E+00  -3.0208E+00   2.3293E+00  -2.3070E+00   9.6472E-01
  -1.3744E+00   2.3297E+00  -2.3054E+00  -2.7201E-01   1.7083E-01   7.2665E+00
  -6.8752E+00  -5.5146E+00   5.0902E+00  -5.7026E-01   5.2982E-01  -1.0867E+00
  -4.3979E-01  -5.8001E+00   5.2488E+00  -5.6432E-01   3.2807E-01   4.6697E+00
  -4.3910E+00   4.6672E+00  -4.3949E+00  -2.0362E+00   1.5527E+00  -5.7205E-01
   5.2805E-01   9.8894E+00  -9.1200E+00   4.9450E+00  -4.5599E+00  -1.0276E-03
  -1.0530E-03  -5.5135E+00   5.0913E+00   4.9443E+00  -4.5600E+00   9.8883E+00
  -9.1208E+00  -2.7436E-01   1.6900E-01   6.6955E+00  -7.2768E+00   6.6961E+00
  -7.2769E+00   6.6957E+00  -7.2771E+00   8.3667E-01   7.3378E-01   8.3412E-01
   6.8582E-01   9.4170E-01   6.6603E-01   6.9028E-01  -6.9889E-02  -1.9527E-01
  -1.9585E-01  -1.5629E-01  -1.1779E-01  -7.9905E-02  -1.4790E-01  -1.5366E-01
  -1.0888E-01  -1.3195E-01  -7.7872E-02  -7.3808E-02  -3.0162E-02   3.5339E-02
   3.1991E-02   2.9924E-02  -2.6360E-02  -2.1888E-03  -2.0908E-02  -3.1180E-02
   2.0289E-02   2.6870E-02   3.5637E-02   7.7021E-02   3.8745E-02   1.4811E-02
   3.1110E-02  -2.4613E-02  -2.7965E-02  -3.5466E-02  -4.2807E-02  -2.6453E-02
   6.0510E-02  -1.9755E-02  -2.9564E-02  -8.4328E-03  -9.2556E-04  -6.3529E-04
  -1.1356E-02   7.2081E-03   3.5808E-02   2.4228E-02   1.8991E-03   5.3883E-03
  -1.3020E-02  -1.3872E-02   8.0795E-03  -5.6637E-03  -1.1772E-02  -5.1442E-03
  -2.4506E-04   2.5766E-02  -1.8882E-02  -2.3785E-02  -3.3639E-03   1.2570E-02
  -6.6386E-03   2.5624E-02  -1.7819E-03  -5.9376E-03   6.9355E-03  -9.0424E-03
  -4.4572E-03  -1.1744E-02   2.3437E-02   6.8593E-03  -3.1442E-03  -6.3707E-03
   4.2250E-03   7.0098E-03   6.7110E-03  -4.6621E-03  -9.8672E-03  -2.6540E-03
  -1.8282E-03  -2.3303E-02  -6.4251E-03  -9.7437E-04  -2.5253E-03  -3.7213E-03
  -1.1832E-02  -2.2219E-03  -3.5762E-03  -2.1181E-03   5.7643E-03   4.1745E-03
   9.3216E-03   9.4439E-03   1.0023E-03  -1.4132E-02  -1.4159E-02  -1.5652E-02
  -4.3125E-03   1.9288E-01  -3.5842E-02  -2.5548E-02   6.7572E-02   2.5229E-03
   5.6986E-02   1.5622E-02  -4.3931E-03   4.2678E-02  -1.2747E-02  -5.7327E-02
  -5.6329E-02  -6.5408E-02   7.7529E-02   7.7301E-02   4.0961E-02  -2.4366E-02
   7.3299E-03  -4.4884E-02  -4.2175E-02   1.9106E-02   2.4640E-02   2.3818E-02
  -4.7845E-03   2.6359E-02   3.5054E-02   2.3811E-02  -1.2389E-02  -1.6121E-02
  -2.4296E-02  -2.9306E-02  -1.7134E-02   4.9851E-02  -1.3628E-02  -2.3711E-02
  -2.8184E-03  -1.2902E-02  -1.4697E-02  -5.0664E-03  -1.8374E-02   4.0953E-02
   2.9759E-02  -8.5033E-03  -3.2011E-02  -1.1899E-02  -1.4267E-02  -1.1628E-02
  -1.5372E-02  -9.0957E-03  -1.2887E-02  -8.5408E-03   1.6772E-02  -1.3412E-02
  -1.8521E-02  -9.3467E-03   1.5379E-02  -2.7310E-03   1.1743E-02  -3.7564E-03
  -9.8096E-03   1.2029E-02  -1.0540E-02  -2.0784E-03  -1.1944E-02   3.0107E-02
  -5.1270E-03  -8.4542E-04  -3.0191E-03   7.6847E-03   7.1485E-03  -2.3001E-04
  -3.6046E-03  -9.7934E-03   2.7936E-03  -7.3539E-04  -3.0472E-02  -7.7257E-03
  -3.8967E-03   2.6408E-04  -3.8704E-03  -9.7966E-03  -8.6981E-04   1.5283E-03
   4.2989E-03  -1.9507E-03  -1.2633E-03  -8.2988E-04   1.4934E-03   6.8820E-04
   2.0039E-02   2.0148E-02   1.9388E-02  -1.2960E-05  -5.3088E-02  -2.1151E-01
  -2.0959E-01  -1.5885E-01  -1.5300E-01  -7.0219E-02  -1.4413E-01  -1.5444E-01
  -1.6137E-01  -1.3954E-01  -7.5964E-02  -7.8329E-02  -2.6909E-02  -1.4982E-02
  -2.0814E-02  -4.9239E-03  -1.4467E-02  -1.3068E-02   1.0443E-03  -4.9842E-03
   8.3182E-03   1.2217E-02   2.9532E-02   8.8213E-02   6.2860E-02   3.3360E-02
   2.8750E-02  -3.1613E-02  -2.6986E-02  -3.6641E-02  -4.1343E-02  -2.2635E-02
   1.6053E-02  -1.4495E-02  -2.2640E-02  -2.7387E-03   1.6406E-04  -3.0750E-03
  -1.8065E-02   1.7923E-02   2.8095E-02   2.7798E-02   1.8294E-03   1.3089E-02
  -1.5859E-02  -1.1865E-02   1.0077E-02  -2.3570E-03  -1.1972E-02  -5.9436E-03
  -2.1782E-03   2.4990E-02  -1.4365E-02  -2.0661E-02  -2.8528E-03   1.1513E-02
  -7.5548E-03   3.3149E-02   3.6966E-04  -1.2983E-03  -2.6811E-03  -1.1472E-02
  -3.0804E-03  -7.3918E-03   2.6727E-02   1.8522E-03  -5.2951E-03  -1.2029E-02
  -1.7707E-03   7.5792E-03   4.9010E-03  -4.1776E-03  -6.2405E-03  -6.1190E-03
  -2.9640E-03  -2.2027E-02  -3.2100E-03  -2.9125E-03  -6.1059E-04   3.1788E-04
  -5.4342E-03  -4.9813E-03  -1.1884E-03  -3.3451E-03   9.5874E-03   4.2270E-03
   9.9314E-03   1.0081E-02   1.5804E-03  -2.3031E-02  -2.2537E-02  -2.2492E-02
  -3.0876E-03   1.2667E-01  -5.4333E-02  -4.1203E-02   1.9478E-02  -1.9084E-02
   7.1785E-03  -4.3953E-02  -5.8091E-02   1.4969E-02  -5.2318E-02  -6.0581E-02
  -6.2515E-02  -8.8718E-02   5.3957E-02   5.2720E-02   1.9141E-02  -1.6057E-02
   3.7283E-03  -3.3662E-02  -2.5917E-02   9.6659E-03   1.3590E-02   1.7538E-02
  -7.3643E-03   5.0143E-02   6.0135E-02   2.0654E-02  -1.4839E-02  -1.4312E-02
  -2.2696E-02  -2.3183E-02  -1.4087E-02   2.2023E-02  -1.0261E-02  -1.6824E-02
   3.3331E-03  -1.3780E-02  -1.9188E-02  -8.8893E-03  -1.2971E-02   3.5048E-02
   3.3885E-02  -8.9784E-03  -3.7242E-02  -1.4633E-02  -1.3006E-02  -1.3099E-02
  -1.4696E-02  -9.5968E-03  -1.4354E-02  -1.3020E-02   1.2206E-02  -9.2307E-03
  -1.4301E-02  -9.6045E-03   1.5038E-02  -1.4619E-03   1.4445E-02  -1.8986E-03
  -7.9476E-03   6.4020E-03  -1.5234E-02  -5.8968E-04  -8.2878E-03   3.7391E-02
  -1.4044E-02  -1.6995E-03  -6.4738E-03   2.3605E-03   6.1882E-03  -1.4403E-03
  -3.2006E-03  -7.0096E-03   2.4748E-03  -1.2868E-03  -3.0376E-02  -4.2714E-03
  -7.2423E-03   1.3296E-03  -2.1356E-03  -3.0693E-03  -3.9283E-03   2.7669E-04
   3.1051E-03  -5.3919E-04  -3.0718E-03  -5.7053E-04   2.9575E-03   1.8488E-03
   2.0675E-02   2.1359E-02   2.0354E-02   2.5592E-03
  > E    =  -9.939096961696E+02 +/-   1.523868862186E-04
  > varE =   3.804653664896E-03
* Computing derivatives.
    [walltime: 2m37s elapsed, 3m55s remaining]
  Done. [total walltime: 6m35s]
* Optimizing manipulation constant:
  #igrid a___________ E____________________________________ varE____________
     1     Infinity    -9.93909696E+02 +/-   1.52386886E-04   3.80465366E-03
     2     1.0000E+06  -9.93909696E+02 +/-   1.52386880E-04   3.80465333E-03
     3     2.1544E+05  -9.93909696E+02 +/-   1.52386855E-04   3.80465213E-03
     4     4.6416E+04  -9.93909696E+02 +/-   1.52386744E-04   3.80464654E-03
     5     1.0000E+04  -9.93909696E+02 +/-   1.52386224E-04   3.80462061E-03
     6     2.1544E+03  -9.93909696E+02 +/-   1.52383816E-04   3.80450036E-03
     7     4.6416E+02  -9.93909697E+02 +/-   1.52372690E-04   3.80394483E-03
     8     1.0000E+02  -9.93909699E+02 +/-   1.52322143E-04   3.80142143E-03
     9     2.1544E+01  -9.93909710E+02 +/-   1.52109246E-04   3.79080257E-03
    10     4.6416E+00  -9.93909744E+02 +/-   1.51458232E-04   3.75842339E-03
    11     1.0000E+00  -9.93909749E+02 +/-   1.51206152E-04   3.74592312E-03
    12     2.1544E-01  -9.93909353E+02 +/-   1.57584273E-04   4.06860647E-03
    13     4.6416E-02  -9.93908599E+02 +/-   1.69227424E-04   4.69203696E-03
    14     1.0000E-02  -9.93908235E+02 +/-   1.74572281E-04   4.99310283E-03
    15     2.1544E-03  -9.93908139E+02 +/-   1.75964978E-04   5.07308829E-03
    16     4.6416E-04  -9.93908117E+02 +/-   1.76277941E-04   5.09114980E-03
    17     1.0000E-04  -9.93908112E+02 +/-   1.76345984E-04   5.09508096E-03
    18     2.1544E-05  -9.93908111E+02 +/-   1.76360673E-04   5.09592976E-03
    19     4.6416E-06  -9.93908111E+02 +/-   1.76363839E-04   5.09611272E-03
    20     1.0000E-06  -9.93908111E+02 +/-   1.76364521E-04   5.09615214E-03
    21     0.0000E+00  -9.93908111E+02 +/-   1.76364708E-04   5.09616297E-03
  ParMin   2.1028E+00  -9.93909763E+02 +/-   1.51060015E-04   3.73868596E-03
  # Using parabolic minimum
* Iteration # 1: E =  -9.939097626702E+02 +/-   1.510600151486E-04
* Computing derivatives.
    [walltime: 2m38s elapsed, 3m56s remaining]
  Done. [total walltime: 6m35s]
* Optimizing manipulation constant:
  #igrid a___________ E____________________________________ varE____________
     1     Infinity    -9.93909763E+02 +/-   1.51060015E-04   3.73868596E-03
     2     1.0000E+06  -9.93909763E+02 +/-   1.51060012E-04   3.73868578E-03
     3     2.1544E+05  -9.93909763E+02 +/-   1.51059998E-04   3.73868513E-03
     4     4.6416E+04  -9.93909763E+02 +/-   1.51059938E-04   3.73868213E-03
     5     1.0000E+04  -9.93909763E+02 +/-   1.51059659E-04   3.73866833E-03
     6     2.1544E+03  -9.93909763E+02 +/-   1.51058418E-04   3.73860692E-03
     7     4.6416E+02  -9.93909763E+02 +/-   1.51053814E-04   3.73837904E-03
     8     1.0000E+02  -9.93909763E+02 +/-   1.51057428E-04   3.73855791E-03
     9     2.1544E+01  -9.93909720E+02 +/-   1.51722985E-04   3.77157456E-03
    10     4.6416E+00  -9.93905046E+02 +/-   2.16974758E-04   7.71326701E-03
    11     1.0000E+00  -9.91835723E+02 +/-   2.81511266E-03   1.29840894E+00
    12     2.1544E-01 (error)
    13     4.6416E-02 (error)
    14     1.0000E-02 (error)
    15     2.1544E-03 (error)
    16     4.6416E-04 (error)
    17     1.0000E-04 (error)
    18     2.1544E-05 (error)
    19     4.6416E-06 (error)
    20     1.0000E-06 (error)
    21     0.0000E+00 (error)
* Iteration # 2: E =  -9.939097630036E+02 +/-   1.510538144679E-04
* Convergence: exiting.
* After optimization:
  -2.1322E+01  -2.1049E+01  -2.1296E+01  -2.1029E+01  -2.1495E+01  -2.1012E+01
  -2.0769E+01   2.1148E+00   1.9783E+00   1.1215E+00   1.0765E+00   2.3870E+00
   2.7276E+00   2.2954E+00   2.3025E+00   1.4570E+00   1.4324E+00   1.4885E+00
   1.4603E+00   2.1469E+00   2.1475E+00   1.4840E+00   1.4450E+00   1.3917E+00
   1.4450E+00   1.1491E+00   1.3939E+00   1.3918E+00   1.3745E+00   1.3066E+00
   1.2998E+00   2.2006E+00   2.2007E+00   1.8172E+00   1.8176E+00   1.4702E+00
   1.4724E+00   6.7671E-01   6.7521E-01   1.1295E+00   1.1297E+00   1.1343E+00
   1.1334E+00   1.1171E+00   1.1166E+00   2.3378E+00   2.3327E+00   8.1580E-01
   8.1214E-01   1.5990E+00   1.6104E+00   1.9765E+00   1.9738E+00   1.0665E+00
   1.0670E+00   1.4646E+00   1.4656E+00   1.1477E+00   1.1483E+00   1.1222E+00
   6.2579E-01   6.2509E-01   1.7075E+00   1.6901E+00   6.5551E-01   6.5477E-01
   1.4414E+00   1.4409E+00   5.1137E-01   5.0925E-01   9.2687E-01   9.2706E-01
   7.9927E-02   5.6658E-01   5.6657E-01   7.0410E-01   7.0340E-01   1.0533E-01
   9.5297E-01   9.5057E-01   8.4914E-01   8.4782E-01   1.5403E+00   1.5410E+00
   6.6926E-01   6.6980E-01   9.6256E-01   9.6261E-01   7.3434E-01   7.3176E-01
   9.7929E-01   9.7942E-01   1.4565E-01   1.4507E-01   1.6438E-01   1.6359E-01
   4.4010E-01   4.3956E-01   8.7536E-01   8.7264E-01   9.4041E-01   9.3958E-01
   9.2444E-01   9.2355E-01   6.6418E-02   6.4920E-02   4.4631E-01   4.4647E-01
   4.8770E-02   4.7714E-02   6.1895E-01   6.1705E-01   4.0660E-01   4.0614E-01
   5.4592E-01   5.4615E-01   8.6061E-01   2.5430E-01  -3.9817E-01  -3.9906E-01
   4.8037E-01   4.7981E-01   7.2526E-01   7.2475E-01   8.5753E-01   1.1036E-01
   1.0982E-01   1.2496E-01   1.2442E-01  -2.1892E-02  -2.2126E-02   4.1271E-01
   4.1056E-01  -2.4221E-02  -2.4937E-02   9.9883E-02   1.0146E-01  -3.9151E-01
  -3.9158E-01   4.2486E-01   4.2398E-01   4.0401E-02   3.9051E-02   1.5207E+00
   1.5225E+00   5.5189E-01   5.5251E-01   2.3836E-01  -2.7849E-01  -2.7971E-01
  -2.7132E-01  -2.7193E-01   4.8435E-01   4.8395E-01   4.4546E-02   4.3804E-02
  -7.7121E-01  -3.8643E-01  -3.8607E-01   2.2108E-03   4.2221E-01   4.2166E-01
  -3.8439E-01  -3.8379E-01  -7.6811E-01   1.0363E-01   1.0474E-01   5.8665E-01
   5.8229E-01   5.8571E-01   5.8231E-01   5.8689E-01   5.8187E-01   3.5618E+00
  -5.7730E+00   1.7949E+00  -2.9161E+00   4.0207E+00  -5.1014E+00  -1.3971E+00
  -1.0254E+00  -1.2114E+01   9.3777E+00  -6.8066E+00   4.3811E+00  -2.5082E-01
  -1.2988E+00  -1.3761E+00  -1.8518E-01  -1.7689E+00  -3.9812E-01   1.2593E+00
  -2.7858E+00  -4.3214E+00   2.9332E+00  -1.2769E+00  -1.6941E-01   8.7821E+00
  -9.9313E+00  -2.7254E+00   1.3443E+00  -4.2469E+00   2.8850E+00   3.7941E+00
  -5.0873E+00  -6.5527E+00   4.3462E+00  -1.6040E+00  -2.1029E-01  -3.8075E+00
   2.3328E+00   3.1515E+00  -3.8315E+00   1.4445E+00  -2.5704E+00  -1.1899E+00
   5.9044E-02  -7.2985E-02  -1.0385E+00  -6.5839E+00   4.2780E+00   3.1243E+00
  -3.9058E+00  -3.8392E+00   2.2642E+00  -6.6198E+00   4.6519E+00   3.8815E+00
  -4.9509E+00  -7.8690E+00   6.4056E+00  -2.6411E+00   1.4897E+00  -4.1615E+00
   3.0351E+00   2.1143E-01  -8.3526E-01   3.7565E+00  -5.4379E+00   6.1931E-01
  -1.2741E+00  -1.0504E+00  -3.8782E-01   6.7274E+00  -7.2377E+00  -4.5956E+00
   3.6685E+00   4.5985E+00  -4.6787E+00   2.6352E+00  -3.2016E+00   1.7915E-01
  -8.9178E-01   4.5925E+00  -4.6946E+00  -4.6027E+00   3.6533E+00   1.8040E+00
  -2.6526E+00  -7.8996E+00   6.3515E+00  -2.3529E+00   1.6835E+00  -7.5761E+00
   6.6134E+00   5.8681E-01  -1.3261E+00  -7.5817E+00   6.6012E+00   2.0255E+00
  -2.1706E+00   2.0190E+00  -2.1838E+00  -3.2009E+00   2.7613E+00   1.7972E+00
  -2.6701E+00  -2.2997E+00   1.3596E+00  -2.2954E+00   1.3713E+00   5.8941E+00
  -5.9603E+00  -3.2030E+00   2.7573E+00   5.9000E+00  -5.9486E+00   2.6202E+00
  -3.2372E+00   9.6740E-01  -1.3733E+00  -5.7944E+00   5.2481E+00  -1.1031E+01
   1.0170E+01  -5.6596E-01   3.1278E-01   7.2735E+00  -6.8749E+00  -2.0330E+00
   1.5522E+00  -2.3676E+00   1.6439E+00  -1.1029E+01   1.0172E+01   2.9058E+00
  -3.0152E+00   2.9018E+00  -3.0258E+00   2.3325E+00  -2.3094E+00   9.6616E-01
  -1.3775E+00   2.3328E+00  -2.3082E+00  -2.7002E-01   1.6907E-01   7.2708E+00
  -6.8799E+00  -5.5121E+00   5.0881E+00  -5.6594E-01   5.2634E-01  -1.0849E+00
  -4.4533E-01  -5.7970E+00   5.2442E+00  -5.6170E-01   3.2317E-01   4.6735E+00
  -4.3943E+00   4.6708E+00  -4.3986E+00  -2.0347E+00   1.5494E+00  -5.6845E-01
   5.2369E-01   9.8938E+00  -9.1231E+00   4.9474E+00  -4.5611E+00  -1.5380E-03
  -1.4437E-03  -5.5112E+00   5.0890E+00   4.9463E+00  -4.5619E+00   9.8919E+00
  -9.1248E+00  -2.7217E-01   1.6723E-01   6.6974E+00  -7.2836E+00   6.6981E+00
  -7.2837E+00   6.6977E+00  -7.2838E+00   8.6244E-01   7.5593E-01   8.6223E-01
   7.1130E-01   9.8257E-01   6.9276E-01   7.1676E-01  -6.9022E-02  -1.9830E-01
  -2.0978E-01  -1.5979E-01  -1.1857E-01  -7.8492E-02  -1.6159E-01  -1.6208E-01
  -1.0943E-01  -1.3844E-01  -8.1364E-02  -7.6749E-02  -3.1815E-02   3.6291E-02
   3.4183E-02   3.0834E-02  -2.8410E-02  -2.3101E-03  -2.1407E-02  -3.7057E-02
   2.0769E-02   2.6321E-02   3.8882E-02   7.7310E-02   4.1524E-02   1.5547E-02
   3.0273E-02  -2.3451E-02  -2.8927E-02  -3.6658E-02  -4.3940E-02  -2.3939E-02
   6.0138E-02  -1.9257E-02  -2.8456E-02  -9.2608E-03  -7.5838E-04   2.6968E-03
  -9.9124E-03   4.4599E-03   2.8589E-02   2.5387E-02   3.3247E-03   4.2895E-03
  -1.5922E-02  -1.4488E-02   4.6103E-03  -5.2362E-03  -1.3885E-02  -3.8647E-03
  -1.0732E-03   2.5917E-02  -1.9277E-02  -2.2875E-02  -5.4360E-03   1.2395E-02
  -5.9296E-03   2.5497E-02   1.4308E-03  -7.0249E-03   8.1455E-03  -1.1053E-02
  -3.7508E-03  -1.1023E-02   2.1722E-02   1.3396E-03  -2.1434E-03  -6.4953E-03
   3.4106E-03   7.1291E-03   8.7949E-03  -5.2537E-03  -1.1766E-02  -2.3654E-03
   1.0024E-03  -2.4856E-02  -6.9636E-03  -3.9077E-03  -1.8912E-04  -4.5238E-03
  -1.0847E-02  -2.9323E-03   2.2736E-03  -3.1839E-03   3.5258E-03   4.8487E-03
   4.6653E-03   5.5810E-03   1.5699E-03  -1.3221E-02  -1.3054E-02  -1.4584E-02
   3.9976E-03   2.0461E-01  -3.7961E-02  -3.0277E-02   7.3164E-02   6.7314E-03
   6.2721E-02   1.1064E-02  -7.4113E-03   4.5439E-02  -1.3761E-02  -6.0512E-02
  -5.7922E-02  -6.7350E-02   7.9250E-02   7.9600E-02   4.2405E-02  -2.5148E-02
   5.6313E-03  -4.4832E-02  -4.6378E-02   1.9987E-02   2.5321E-02   2.6007E-02
  -6.4258E-03   2.6155E-02   3.4869E-02   2.0767E-02  -1.3648E-02  -1.6150E-02
  -2.5204E-02  -3.0849E-02  -1.7068E-02   4.7739E-02  -1.3816E-02  -2.4809E-02
  -3.9321E-03  -1.2589E-02  -1.6067E-02  -6.5538E-03  -1.8916E-02   4.0187E-02
   3.1039E-02  -8.5225E-03  -3.3814E-02  -1.3695E-02  -1.3875E-02  -1.4110E-02
  -1.6465E-02  -1.0781E-02  -1.5068E-02  -9.7217E-03   1.8531E-02  -1.4000E-02
  -2.0569E-02  -9.5604E-03   1.3540E-02  -5.0310E-03   1.2122E-02  -6.5720E-03
  -8.6703E-03   1.1572E-02  -9.6215E-03  -2.4266E-03  -1.1500E-02   3.0786E-02
  -6.1569E-03   2.0497E-04  -2.5797E-03   1.0494E-02   1.0931E-02  -1.1254E-03
  -5.1866E-03  -9.6155E-03   3.7478E-03   1.0763E-04  -3.2076E-02  -7.2482E-03
  -3.9630E-03   1.5216E-03  -4.8851E-03  -1.0003E-02  -5.2519E-04   1.2990E-03
  -3.9927E-03   7.7920E-03  -2.4036E-03   4.7808E-04   6.7426E-04   8.9017E-04
   2.0115E-02   2.0534E-02   1.9552E-02  -4.5090E-03  -4.0496E-02  -2.0459E-01
  -2.1421E-01  -1.5090E-01  -1.4756E-01  -6.4933E-02  -1.4909E-01  -1.5541E-01
  -1.5484E-01  -1.3864E-01  -7.6750E-02  -7.6974E-02  -2.5775E-02  -1.3352E-02
  -1.9114E-02  -4.8277E-03  -1.5280E-02  -1.1741E-02   2.3071E-03  -9.2451E-03
   8.4221E-03   1.2897E-02   3.2170E-02   8.7199E-02   6.7086E-02   3.5516E-02
   2.8049E-02  -2.9821E-02  -2.7078E-02  -3.6353E-02  -4.1397E-02  -1.7933E-02
   1.6034E-02  -1.2197E-02  -2.0002E-02  -3.1186E-03  -5.7857E-04   2.6405E-03
  -1.5066E-02   1.2334E-02   2.1589E-02   2.5855E-02   1.9814E-03   1.2769E-02
  -1.7021E-02  -1.4486E-02   7.4167E-03  -3.0221E-03  -1.2462E-02  -3.6698E-03
  -2.4960E-03   2.2730E-02  -1.4804E-02  -1.8171E-02  -4.2853E-03   1.3650E-02
  -5.2683E-03   3.1078E-02   1.8936E-03  -7.3923E-03   3.8788E-03  -1.2569E-02
  -1.5141E-03  -6.1799E-03   2.4098E-02   7.2167E-04  -4.5462E-03  -1.0911E-02
  -2.0270E-03   5.3992E-03   5.9894E-03  -4.7814E-03  -6.2430E-03  -2.7768E-03
  -6.7160E-04  -2.2564E-02  -4.2757E-03  -1.5991E-03   1.3044E-04  -2.3044E-04
  -4.4873E-03  -5.0501E-03  -2.0548E-03   8.6408E-04   2.7416E-03   7.3077E-03
   8.7034E-03   5.2815E-03   9.6630E-04  -2.2885E-02  -2.2394E-02  -2.3288E-02
   6.4604E-04   1.3525E-01  -5.1722E-02  -4.4346E-02   2.8951E-02  -1.1921E-02
   1.1933E-02  -4.6896E-02  -5.7677E-02   1.9489E-02  -5.0742E-02  -6.2203E-02
  -6.0171E-02  -8.5626E-02   5.5101E-02   5.2964E-02   1.9488E-02  -1.5359E-02
   2.2270E-03  -3.1415E-02  -2.7652E-02   1.0071E-02   1.5156E-02   1.9331E-02
  -6.8934E-03   5.1316E-02   6.0496E-02   1.6903E-02  -1.6526E-02  -1.2897E-02
  -2.2244E-02  -2.3885E-02  -1.2736E-02   2.0868E-02  -9.1386E-03  -1.7259E-02
   2.3197E-03  -1.3798E-02  -1.7901E-02  -9.9559E-03  -1.3981E-02   3.4993E-02
   3.2942E-02  -9.4653E-03  -3.6725E-02  -1.4830E-02  -1.4051E-02  -1.3462E-02
  -1.6827E-02  -1.0927E-02  -1.5895E-02  -1.2616E-02   1.2139E-02  -9.0809E-03
  -1.6062E-02  -8.9732E-03   1.4294E-02  -4.0970E-03   1.4130E-02  -6.0356E-03
  -1.0217E-02   1.0187E-02  -1.4014E-02  -1.1095E-03  -7.5024E-03   3.7726E-02
  -1.0634E-02  -1.3440E-03  -5.3970E-03   4.5305E-03   9.1741E-03  -2.8063E-03
  -5.4045E-03  -5.5658E-03   5.5154E-03  -8.8412E-04  -3.0699E-02  -4.7869E-03
  -3.7016E-03   8.4984E-04  -1.4806E-03  -3.0157E-03  -3.7303E-03  -6.2388E-03
  -1.3474E-03   2.9075E-03  -1.0334E-03   3.9118E-03   1.1788E-03   1.3841E-03
   1.8590E-02   1.9569E-02   1.8463E-02  -6.1846E-03
  > Energy =  -9.939097630036E+02 +/-   1.510538144679E-04
  > varE =   3.738379037132E-03

VMC #11:
* Size of Hilbert space =   1.0817E+14
* Number of equil. steps   = 1000
* Running VMC equilibration.
  Done. [total walltime: 0.34s]
* Equil. acc.ratio (%)     =  12.3984
* Sample config after equilibration:
  +-------------------------+
  |  d   2   d   u   u   d  |
  |u   0   0   0   2   d   u|
  |d   2   u   u   d   d   d|
  |  u   0   2   d   u   u  |
  +-------------------------+
* Number of accum. steps   = 655360 x 10
* Running VMC accumulation.
  Done. [total walltime: 2.32s]
* Acceptance ratio (%)     =  12.3542
* Etot/t                   =  -9.939099936293E+02 +/-   8.201589227225E-05
  > Ttot/t                 =  -9.591365251121E+01 +/-   9.276755026528E-04
  > Utot/t                 =   4.231181333277E+01 +/-   9.193961720946E-04
* var[Eloc/t]              =   3.957238029455E-03 +/-   3.361224886038E-05
* Correlation length       =   1.113996393159E+00
* log10 Psi^2 range: -133.2866576699181 -- -121.0430679640316
* log10 Pgen range : -133.2866576699181 -- -121.0430679640316
* Site occupation (ave. no. electrons per config.):
  > Site_  ___eu____  ___ed____
      1        0.500      0.496
      2        0.499      0.497
      3        0.498      0.497
      4        0.497      0.498
      5        0.502      0.506
      6        0.502      0.503
      7        0.500      0.503
      8        0.500      0.499
      9        0.499      0.495
     10        0.499      0.500
     11        0.496      0.501
     12        0.505      0.504
     13        0.503      0.502
     14        0.502      0.502
     15        0.503      0.502
     16        0.498      0.500
     17        0.497      0.501
     18        0.501      0.500
     19        0.496      0.498
     20        0.504      0.501
     21        0.506      0.501
     22        0.502      0.501
     23        0.497      0.497
     24        0.498      0.496
     25        0.497      0.499
     26        0.501      0.501
* Pair-correlation analysis (ave. no. pairs per config.):
  > Shell  nsite  ___dh____  __eueu___  __eued___
      0      1        0          0          4.503
      1      0        0.922      0.498      2.594
      2      0        0.135      0.358      0.531
      3      0        0.266      0.723      1.061
      4      0        0.228      0.766      1.064
      5      0        0.254      0.735      1.054
      6      0        0.757      0.850      2.432
      7      0        0.668      1.055      2.343
      8      0        0.599      1.222      2.258
      9      0        0.448      1.547      2.091
     10      0        0.530      1.388      2.180
     11      0        0.137      0.817      1.161
     12      0        0.137      0.831      1.143
     13      0        0.138      0.856      1.087
     14      0        0.223      2.116      1.915
     15      0        0.111      1.063      0.955
     16      0        0.227      2.083      1.910
     17      0        0.266      1.897      2.058
     18      0        0.239      2.050      1.933
     19      0        0.297      1.875      2.051
     20      0        0.306      1.870      2.058
     21      0        0.241      2.096      1.926
     22      0        0.244      2.118      1.905
     23      0        0.244      2.127      1.894
     24      0        0.235      2.102      1.913
     25      0        0.275      2.083      1.905
     26      0        0.270      2.077      1.905
     27      0        0.238      2.135      1.881
     28      0        0.215      1.956      2.058
     29      0        0.239      2.062      1.942
     30      0        0.214      1.947      2.100
     31      0        0.109      0.968      1.055
     32      0        0.244      2.064      1.950
     33      0        0.212      2.134      1.894
     34      0        0.250      2.044      1.957
     35      0        0.222      2.073      1.953
     36      0        0.247      2.013      1.963
     37      0        0.284      1.928      2.021
     38      0        0.144      0.966      1.013
     39      0        0.215      1.984      2.031
     40      0        0.258      1.901      2.085
     41      0        0.141      1.012      0.974
     42      0        0.277      2.018      1.946
     43      0        0.253      1.959      2.030
     44      0        0.256      1.871      2.103
     45      0        0.216      1.989      2.056
     46      0        0.240      2.030      1.974
     47      0        0.257      1.933      2.057
     48      0        0.244      1.966      2.031
     49      0        0.248      2.024      1.980
     50      0        0.247      1.975      2.028
     51      0        0.277      1.961      2.000
     52      0        0.249      2.031      1.965
     53      0        0.223      1.963      2.062
     54      0        0.220      2.043      1.988
     55      0        0.249      1.965      2.003
     56      0        0.278      1.995      1.964
     57      0        0.250      2.002      1.969
     58      0        0.217      2.040      1.971
     59      0        0.252      1.972      2.020
     60      0        0.244      2.007      1.987
     61      0        0.135      0.992      0.987
     62      0        0.109      1.016      1.004
     63      0        0.246      1.994      1.983
     64      0        0.218      2.031      2.002
     65      0        0.216      2.056      1.988
     66      0        0.135      0.982      0.995
     67      0        0.215      1.997      2.017
     68      0        0.214      2.016      1.999
     69      0        0.250      2.004      1.990
     70      0        0.251      2.020      1.974
     71      0        0.252      1.988      2.004
     72      0        0.219      2.021      2.011
     73      0        0.247      1.981      1.992
     74      0        0.246      1.998      1.990
     75      0        0.244      1.988      1.979
     76      0        0.243      1.843      2.148
     77      0        0.243      1.992      2.007
     78      0        0.107      1.006      1.016
     79      0        0.216      2.001      2.012
     80      0        0.218      2.009      2.001
     81      0        0.219      2.001      2.031
     82      0        0.243      1.983      1.986
     83      0        0.108      0.993      0.999
     84      0        0.221      2.005      1.995
     85      0        0.111      1.007      1.004
     86      0        0.246      1.989      2.000
     87      0        0.220      1.999      2.002
     88      0        0.110      0.995      0.994
     89      0        0.220      2.008      2.022
     90      0        0.126      0.974      1.008
     91      0        0.062      0.489      0.508
     92      0        0.062      0.486      0.505
     93      0        0.112      1.002      1.008

Optimization #11:
* Method          : lls
* Target function : energy
* No. of configs. : 163840
* No. of params.  : 736
* Before optimization:
  -2.1322E+01  -2.1049E+01  -2.1296E+01  -2.1029E+01  -2.1495E+01  -2.1012E+01
  -2.0769E+01   2.1148E+00   1.9783E+00   1.1215E+00   1.0765E+00   2.3870E+00
   2.7276E+00   2.2954E+00   2.3025E+00   1.4570E+00   1.4324E+00   1.4885E+00
   1.4603E+00   2.1469E+00   2.1475E+00   1.4840E+00   1.4450E+00   1.3917E+00
   1.4450E+00   1.1491E+00   1.3939E+00   1.3918E+00   1.3745E+00   1.3066E+00
   1.2998E+00   2.2006E+00   2.2007E+00   1.8172E+00   1.8176E+00   1.4702E+00
   1.4724E+00   6.7671E-01   6.7521E-01   1.1295E+00   1.1297E+00   1.1343E+00
   1.1334E+00   1.1171E+00   1.1166E+00   2.3378E+00   2.3327E+00   8.1580E-01
   8.1214E-01   1.5990E+00   1.6104E+00   1.9765E+00   1.9738E+00   1.0665E+00
   1.0670E+00   1.4646E+00   1.4656E+00   1.1477E+00   1.1483E+00   1.1222E+00
   6.2579E-01   6.2509E-01   1.7075E+00   1.6901E+00   6.5551E-01   6.5477E-01
   1.4414E+00   1.4409E+00   5.1137E-01   5.0925E-01   9.2687E-01   9.2706E-01
   7.9927E-02   5.6658E-01   5.6657E-01   7.0410E-01   7.0340E-01   1.0533E-01
   9.5297E-01   9.5057E-01   8.4914E-01   8.4782E-01   1.5403E+00   1.5410E+00
   6.6926E-01   6.6980E-01   9.6256E-01   9.6261E-01   7.3434E-01   7.3176E-01
   9.7929E-01   9.7942E-01   1.4565E-01   1.4507E-01   1.6438E-01   1.6359E-01
   4.4010E-01   4.3956E-01   8.7536E-01   8.7264E-01   9.4041E-01   9.3958E-01
   9.2444E-01   9.2355E-01   6.6418E-02   6.4920E-02   4.4631E-01   4.4647E-01
   4.8770E-02   4.7714E-02   6.1895E-01   6.1705E-01   4.0660E-01   4.0614E-01
   5.4592E-01   5.4615E-01   8.6061E-01   2.5430E-01  -3.9817E-01  -3.9906E-01
   4.8037E-01   4.7981E-01   7.2526E-01   7.2475E-01   8.5753E-01   1.1036E-01
   1.0982E-01   1.2496E-01   1.2442E-01  -2.1892E-02  -2.2126E-02   4.1271E-01
   4.1056E-01  -2.4221E-02  -2.4937E-02   9.9883E-02   1.0146E-01  -3.9151E-01
  -3.9158E-01   4.2486E-01   4.2398E-01   4.0401E-02   3.9051E-02   1.5207E+00
   1.5225E+00   5.5189E-01   5.5251E-01   2.3836E-01  -2.7849E-01  -2.7971E-01
  -2.7132E-01  -2.7193E-01   4.8435E-01   4.8395E-01   4.4546E-02   4.3804E-02
  -7.7121E-01  -3.8643E-01  -3.8607E-01   2.2108E-03   4.2221E-01   4.2166E-01
  -3.8439E-01  -3.8379E-01  -7.6811E-01   1.0363E-01   1.0474E-01   5.8665E-01
   5.8229E-01   5.8571E-01   5.8231E-01   5.8689E-01   5.8187E-01   3.5618E+00
  -5.7730E+00   1.7949E+00  -2.9161E+00   4.0207E+00  -5.1014E+00  -1.3971E+00
  -1.0254E+00  -1.2114E+01   9.3777E+00  -6.8066E+00   4.3811E+00  -2.5082E-01
  -1.2988E+00  -1.3761E+00  -1.8518E-01  -1.7689E+00  -3.9812E-01   1.2593E+00
  -2.7858E+00  -4.3214E+00   2.9332E+00  -1.2769E+00  -1.6941E-01   8.7821E+00
  -9.9313E+00  -2.7254E+00   1.3443E+00  -4.2469E+00   2.8850E+00   3.7941E+00
  -5.0873E+00  -6.5527E+00   4.3462E+00  -1.6040E+00  -2.1029E-01  -3.8075E+00
   2.3328E+00   3.1515E+00  -3.8315E+00   1.4445E+00  -2.5704E+00  -1.1899E+00
   5.9044E-02  -7.2985E-02  -1.0385E+00  -6.5839E+00   4.2780E+00   3.1243E+00
  -3.9058E+00  -3.8392E+00   2.2642E+00  -6.6198E+00   4.6519E+00   3.8815E+00
  -4.9509E+00  -7.8690E+00   6.4056E+00  -2.6411E+00   1.4897E+00  -4.1615E+00
   3.0351E+00   2.1143E-01  -8.3526E-01   3.7565E+00  -5.4379E+00   6.1931E-01
  -1.2741E+00  -1.0504E+00  -3.8782E-01   6.7274E+00  -7.2377E+00  -4.5956E+00
   3.6685E+00   4.5985E+00  -4.6787E+00   2.6352E+00  -3.2016E+00   1.7915E-01
  -8.9178E-01   4.5925E+00  -4.6946E+00  -4.6027E+00   3.6533E+00   1.8040E+00
  -2.6526E+00  -7.8996E+00   6.3515E+00  -2.3529E+00   1.6835E+00  -7.5761E+00
   6.6134E+00   5.8681E-01  -1.3261E+00  -7.5817E+00   6.6012E+00   2.0255E+00
  -2.1706E+00   2.0190E+00  -2.1838E+00  -3.2009E+00   2.7613E+00   1.7972E+00
  -2.6701E+00  -2.2997E+00   1.3596E+00  -2.2954E+00   1.3713E+00   5.8941E+00
  -5.9603E+00  -3.2030E+00   2.7573E+00   5.9000E+00  -5.9486E+00   2.6202E+00
  -3.2372E+00   9.6740E-01  -1.3733E+00  -5.7944E+00   5.2481E+00  -1.1031E+01
   1.0170E+01  -5.6596E-01   3.1278E-01   7.2735E+00  -6.8749E+00  -2.0330E+00
   1.5522E+00  -2.3676E+00   1.6439E+00  -1.1029E+01   1.0172E+01   2.9058E+00
  -3.0152E+00   2.9018E+00  -3.0258E+00   2.3325E+00  -2.3094E+00   9.6616E-01
  -1.3775E+00   2.3328E+00  -2.3082E+00  -2.7002E-01   1.6907E-01   7.2708E+00
  -6.8799E+00  -5.5121E+00   5.0881E+00  -5.6594E-01   5.2634E-01  -1.0849E+00
  -4.4533E-01  -5.7970E+00   5.2442E+00  -5.6170E-01   3.2317E-01   4.6735E+00
  -4.3943E+00   4.6708E+00  -4.3986E+00  -2.0347E+00   1.5494E+00  -5.6845E-01
   5.2369E-01   9.8938E+00  -9.1231E+00   4.9474E+00  -4.5611E+00  -1.5380E-03
  -1.4437E-03  -5.5112E+00   5.0890E+00   4.9463E+00  -4.5619E+00   9.8919E+00
  -9.1248E+00  -2.7217E-01   1.6723E-01   6.6974E+00  -7.2836E+00   6.6981E+00
  -7.2837E+00   6.6977E+00  -7.2838E+00   8.6244E-01   7.5593E-01   8.6223E-01
   7.1130E-01   9.8257E-01   6.9276E-01   7.1676E-01  -6.9022E-02  -1.9830E-01
  -2.0978E-01  -1.5979E-01  -1.1857E-01  -7.8492E-02  -1.6159E-01  -1.6208E-01
  -1.0943E-01  -1.3844E-01  -8.1364E-02  -7.6749E-02  -3.1815E-02   3.6291E-02
   3.4183E-02   3.0834E-02  -2.8410E-02  -2.3101E-03  -2.1407E-02  -3.7057E-02
   2.0769E-02   2.6321E-02   3.8882E-02   7.7310E-02   4.1524E-02   1.5547E-02
   3.0273E-02  -2.3451E-02  -2.8927E-02  -3.6658E-02  -4.3940E-02  -2.3939E-02
   6.0138E-02  -1.9257E-02  -2.8456E-02  -9.2608E-03  -7.5838E-04   2.6968E-03
  -9.9124E-03   4.4599E-03   2.8589E-02   2.5387E-02   3.3247E-03   4.2895E-03
  -1.5922E-02  -1.4488E-02   4.6103E-03  -5.2362E-03  -1.3885E-02  -3.8647E-03
  -1.0732E-03   2.5917E-02  -1.9277E-02  -2.2875E-02  -5.4360E-03   1.2395E-02
  -5.9296E-03   2.5497E-02   1.4308E-03  -7.0249E-03   8.1455E-03  -1.1053E-02
  -3.7508E-03  -1.1023E-02   2.1722E-02   1.3396E-03  -2.1434E-03  -6.4953E-03
   3.4106E-03   7.1291E-03   8.7949E-03  -5.2537E-03  -1.1766E-02  -2.3654E-03
   1.0024E-03  -2.4856E-02  -6.9636E-03  -3.9077E-03  -1.8912E-04  -4.5238E-03
  -1.0847E-02  -2.9323E-03   2.2736E-03  -3.1839E-03   3.5258E-03   4.8487E-03
   4.6653E-03   5.5810E-03   1.5699E-03  -1.3221E-02  -1.3054E-02  -1.4584E-02
   3.9976E-03   2.0461E-01  -3.7961E-02  -3.0277E-02   7.3164E-02   6.7314E-03
   6.2721E-02   1.1064E-02  -7.4113E-03   4.5439E-02  -1.3761E-02  -6.0512E-02
  -5.7922E-02  -6.7350E-02   7.9250E-02   7.9600E-02   4.2405E-02  -2.5148E-02
   5.6313E-03  -4.4832E-02  -4.6378E-02   1.9987E-02   2.5321E-02   2.6007E-02
  -6.4258E-03   2.6155E-02   3.4869E-02   2.0767E-02  -1.3648E-02  -1.6150E-02
  -2.5204E-02  -3.0849E-02  -1.7068E-02   4.7739E-02  -1.3816E-02  -2.4809E-02
  -3.9321E-03  -1.2589E-02  -1.6067E-02  -6.5538E-03  -1.8916E-02   4.0187E-02
   3.1039E-02  -8.5225E-03  -3.3814E-02  -1.3695E-02  -1.3875E-02  -1.4110E-02
  -1.6465E-02  -1.0781E-02  -1.5068E-02  -9.7217E-03   1.8531E-02  -1.4000E-02
  -2.0569E-02  -9.5604E-03   1.3540E-02  -5.0310E-03   1.2122E-02  -6.5720E-03
  -8.6703E-03   1.1572E-02  -9.6215E-03  -2.4266E-03  -1.1500E-02   3.0786E-02
  -6.1569E-03   2.0497E-04  -2.5797E-03   1.0494E-02   1.0931E-02  -1.1254E-03
  -5.1866E-03  -9.6155E-03   3.7478E-03   1.0763E-04  -3.2076E-02  -7.2482E-03
  -3.9630E-03   1.5216E-03  -4.8851E-03  -1.0003E-02  -5.2519E-04   1.2990E-03
  -3.9927E-03   7.7920E-03  -2.4036E-03   4.7808E-04   6.7426E-04   8.9017E-04
   2.0115E-02   2.0534E-02   1.9552E-02  -4.5090E-03  -4.0496E-02  -2.0459E-01
  -2.1421E-01  -1.5090E-01  -1.4756E-01  -6.4933E-02  -1.4909E-01  -1.5541E-01
  -1.5484E-01  -1.3864E-01  -7.6750E-02  -7.6974E-02  -2.5775E-02  -1.3352E-02
  -1.9114E-02  -4.8277E-03  -1.5280E-02  -1.1741E-02   2.3071E-03  -9.2451E-03
   8.4221E-03   1.2897E-02   3.2170E-02   8.7199E-02   6.7086E-02   3.5516E-02
   2.8049E-02  -2.9821E-02  -2.7078E-02  -3.6353E-02  -4.1397E-02  -1.7933E-02
   1.6034E-02  -1.2197E-02  -2.0002E-02  -3.1186E-03  -5.7857E-04   2.6405E-03
  -1.5066E-02   1.2334E-02   2.1589E-02   2.5855E-02   1.9814E-03   1.2769E-02
  -1.7021E-02  -1.4486E-02   7.4167E-03  -3.0221E-03  -1.2462E-02  -3.6698E-03
  -2.4960E-03   2.2730E-02  -1.4804E-02  -1.8171E-02  -4.2853E-03   1.3650E-02
  -5.2683E-03   3.1078E-02   1.8936E-03  -7.3923E-03   3.8788E-03  -1.2569E-02
  -1.5141E-03  -6.1799E-03   2.4098E-02   7.2167E-04  -4.5462E-03  -1.0911E-02
  -2.0270E-03   5.3992E-03   5.9894E-03  -4.7814E-03  -6.2430E-03  -2.7768E-03
  -6.7160E-04  -2.2564E-02  -4.2757E-03  -1.5991E-03   1.3044E-04  -2.3044E-04
  -4.4873E-03  -5.0501E-03  -2.0548E-03   8.6408E-04   2.7416E-03   7.3077E-03
   8.7034E-03   5.2815E-03   9.6630E-04  -2.2885E-02  -2.2394E-02  -2.3288E-02
   6.4604E-04   1.3525E-01  -5.1722E-02  -4.4346E-02   2.8951E-02  -1.1921E-02
   1.1933E-02  -4.6896E-02  -5.7677E-02   1.9489E-02  -5.0742E-02  -6.2203E-02
  -6.0171E-02  -8.5626E-02   5.5101E-02   5.2964E-02   1.9488E-02  -1.5359E-02
   2.2270E-03  -3.1415E-02  -2.7652E-02   1.0071E-02   1.5156E-02   1.9331E-02
  -6.8934E-03   5.1316E-02   6.0496E-02   1.6903E-02  -1.6526E-02  -1.2897E-02
  -2.2244E-02  -2.3885E-02  -1.2736E-02   2.0868E-02  -9.1386E-03  -1.7259E-02
   2.3197E-03  -1.3798E-02  -1.7901E-02  -9.9559E-03  -1.3981E-02   3.4993E-02
   3.2942E-02  -9.4653E-03  -3.6725E-02  -1.4830E-02  -1.4051E-02  -1.3462E-02
  -1.6827E-02  -1.0927E-02  -1.5895E-02  -1.2616E-02   1.2139E-02  -9.0809E-03
  -1.6062E-02  -8.9732E-03   1.4294E-02  -4.0970E-03   1.4130E-02  -6.0356E-03
  -1.0217E-02   1.0187E-02  -1.4014E-02  -1.1095E-03  -7.5024E-03   3.7726E-02
  -1.0634E-02  -1.3440E-03  -5.3970E-03   4.5305E-03   9.1741E-03  -2.8063E-03
  -5.4045E-03  -5.5658E-03   5.5154E-03  -8.8412E-04  -3.0699E-02  -4.7869E-03
  -3.7016E-03   8.4984E-04  -1.4806E-03  -3.0157E-03  -3.7303E-03  -6.2388E-03
  -1.3474E-03   2.9075E-03  -1.0334E-03   3.9118E-03   1.1788E-03   1.3841E-03
   1.8590E-02   1.9569E-02   1.8463E-02  -6.1846E-03
  > E    =  -9.939101540888E+02 +/-   1.549894929564E-04
  > varE =   3.935722361138E-03
* Computing derivatives.
    [walltime: 2m40s elapsed, 4m5s remaining]
  Done. [total walltime: 6m40s]
* Optimizing manipulation constant:
  #igrid a___________ E____________________________________ varE____________
     1     Infinity    -9.93910154E+02 +/-   1.54989493E-04   3.93572236E-03
     2     1.0000E+06  -9.93910154E+02 +/-   1.54989487E-04   3.93572206E-03
     3     2.1544E+05  -9.93910154E+02 +/-   1.54989466E-04   3.93572099E-03
     4     4.6416E+04  -9.93910154E+02 +/-   1.54989367E-04   3.93571599E-03
     5     1.0000E+04  -9.93910154E+02 +/-   1.54988915E-04   3.93569300E-03
     6     2.1544E+03  -9.93910154E+02 +/-   1.54986905E-04   3.93559093E-03
     7     4.6416E+02  -9.93910155E+02 +/-   1.54979518E-04   3.93521580E-03
     8     1.0000E+02  -9.93910154E+02 +/-   1.54986698E-04   3.93558039E-03
     9     2.1544E+01  -9.93910089E+02 +/-   1.56073797E-04   3.99098351E-03
    10     4.6416E+00  -9.93904628E+02 +/-   2.30454007E-04   8.70138666E-03
    11     1.0000E+00  -9.93469300E+02 +/-   1.47590482E-03   3.56891858E-01
    12     2.1544E-01  -9.91118271E+02 +/-   3.04063094E-03   1.51477232E+00
    13     4.6416E-02  -9.90712246E+02 +/-   3.07676596E-03   1.55098952E+00
    14     1.0000E-02  -9.90694709E+02 +/-   3.05624980E-03   1.53037420E+00
    15     2.1544E-03  -9.90693298E+02 +/-   3.04694686E-03   1.52107175E+00
    16     4.6416E-04  -9.90693097E+02 +/-   3.04446320E-03   1.51859301E+00
    17     1.0000E-04  -9.90693059E+02 +/-   3.04390165E-03   1.51803285E+00
    18     2.1544E-05  -9.90693051E+02 +/-   3.04377939E-03   1.51791091E+00
    19     4.6416E-06  -9.90693049E+02 +/-   3.04375299E-03   1.51788458E+00
    20     1.0000E-06  -9.90693049E+02 +/-   3.04374730E-03   1.51787891E+00
    21     0.0000E+00  -9.90693049E+02 +/-   3.04374574E-03   1.51787735E+00
* Iteration # 1: E =  -9.939101546108E+02 +/-   1.549795184523E-04
* Convergence: exiting.
* After optimization:
  -2.1327E+01  -2.1054E+01  -2.1301E+01  -2.1033E+01  -2.1499E+01  -2.1016E+01
  -2.0774E+01   2.1148E+00   1.9783E+00   1.1214E+00   1.0764E+00   2.3870E+00
   2.7275E+00   2.2954E+00   2.3024E+00   1.4570E+00   1.4323E+00   1.4884E+00
   1.4603E+00   2.1468E+00   2.1474E+00   1.4840E+00   1.4449E+00   1.3916E+00
   1.4450E+00   1.1490E+00   1.3939E+00   1.3918E+00   1.3744E+00   1.3066E+00
   1.2997E+00   2.2005E+00   2.2006E+00   1.8171E+00   1.8176E+00   1.4701E+00
   1.4724E+00   6.7667E-01   6.7517E-01   1.1295E+00   1.1297E+00   1.1342E+00
   1.1334E+00   1.1171E+00   1.1165E+00   2.3377E+00   2.3327E+00   8.1578E-01
   8.1211E-01   1.5989E+00   1.6104E+00   1.9764E+00   1.9738E+00   1.0664E+00
   1.0670E+00   1.4645E+00   1.4656E+00   1.1477E+00   1.1483E+00   1.1222E+00
   6.2575E-01   6.2505E-01   1.7075E+00   1.6900E+00   6.5547E-01   6.5472E-01
   1.4414E+00   1.4409E+00   5.1132E-01   5.0920E-01   9.2684E-01   9.2703E-01
   7.9892E-02   5.6655E-01   5.6653E-01   7.0407E-01   7.0337E-01   1.0530E-01
   9.5294E-01   9.5054E-01   8.4910E-01   8.4778E-01   1.5402E+00   1.5409E+00
   6.6922E-01   6.6976E-01   9.6253E-01   9.6258E-01   7.3430E-01   7.3172E-01
   9.7926E-01   9.7938E-01   1.4562E-01   1.4504E-01   1.6435E-01   1.6356E-01
   4.4008E-01   4.3954E-01   8.7532E-01   8.7260E-01   9.4038E-01   9.3956E-01
   9.2442E-01   9.2352E-01   6.6385E-02   6.4885E-02   4.4629E-01   4.4645E-01
   4.8736E-02   4.7674E-02   6.1892E-01   6.1702E-01   4.0658E-01   4.0612E-01
   5.4589E-01   5.4612E-01   8.6058E-01   2.5426E-01  -3.9819E-01  -3.9908E-01
   4.8035E-01   4.7979E-01   7.2523E-01   7.2472E-01   8.5751E-01   1.1034E-01
   1.0979E-01   1.2493E-01   1.2439E-01  -2.1903E-02  -2.2134E-02   4.1269E-01
   4.1053E-01  -2.4235E-02  -2.4950E-02   9.9867E-02   1.0144E-01  -3.9153E-01
  -3.9159E-01   4.2483E-01   4.2396E-01   4.0374E-02   3.9029E-02   1.5206E+00
   1.5225E+00   5.5186E-01   5.5248E-01   2.3833E-01  -2.7852E-01  -2.7973E-01
  -2.7135E-01  -2.7195E-01   4.8433E-01   4.8393E-01   4.4518E-02   4.3775E-02
  -7.7123E-01  -3.8644E-01  -3.8608E-01   2.2030E-03   4.2219E-01   4.2165E-01
  -3.8441E-01  -3.8382E-01  -7.6814E-01   1.0361E-01   1.0472E-01   5.8660E-01
   5.8223E-01   5.8565E-01   5.8226E-01   5.8683E-01   5.8181E-01   3.5619E+00
  -5.7731E+00   1.7950E+00  -2.9162E+00   4.0209E+00  -5.1015E+00  -1.3971E+00
  -1.0253E+00  -1.2113E+01   9.3776E+00  -6.8065E+00   4.3810E+00  -2.5067E-01
  -1.2989E+00  -1.3759E+00  -1.8528E-01  -1.7688E+00  -3.9821E-01   1.2595E+00
  -2.7859E+00  -4.3212E+00   2.9331E+00  -1.2767E+00  -1.6951E-01   8.7823E+00
  -9.9314E+00  -2.7253E+00   1.3442E+00  -4.2468E+00   2.8849E+00   3.7943E+00
  -5.0874E+00  -6.5526E+00   4.3462E+00  -1.6038E+00  -2.1039E-01  -3.8074E+00
   2.3326E+00   3.1516E+00  -3.8316E+00   1.4447E+00  -2.5705E+00  -1.1897E+00
   5.8938E-02  -7.2829E-02  -1.0386E+00  -6.5838E+00   4.2779E+00   3.1244E+00
  -3.9059E+00  -3.8390E+00   2.2641E+00  -6.6197E+00   4.6518E+00   3.8816E+00
  -4.9510E+00  -7.8689E+00   6.4055E+00  -2.6410E+00   1.4896E+00  -4.1614E+00
   3.0350E+00   2.1158E-01  -8.3537E-01   3.7566E+00  -5.4380E+00   6.1945E-01
  -1.2742E+00  -1.0503E+00  -3.8787E-01   6.7275E+00  -7.2378E+00  -4.5954E+00
   3.6684E+00   4.5987E+00  -4.6788E+00   2.6354E+00  -3.2017E+00   1.7930E-01
  -8.9190E-01   4.5926E+00  -4.6947E+00  -4.6026E+00   3.6532E+00   1.8041E+00
  -2.6527E+00  -7.8995E+00   6.3514E+00  -2.3527E+00   1.6834E+00  -7.5760E+00
   6.6133E+00   5.8695E-01  -1.3262E+00  -7.5816E+00   6.6011E+00   2.0257E+00
  -2.1707E+00   2.0192E+00  -2.1839E+00  -3.2008E+00   2.7611E+00   1.7973E+00
  -2.6701E+00  -2.2996E+00   1.3596E+00  -2.2953E+00   1.3713E+00   5.8943E+00
  -5.9604E+00  -3.2029E+00   2.7572E+00   5.9001E+00  -5.9487E+00   2.6203E+00
  -3.2373E+00   9.6747E-01  -1.3734E+00  -5.7942E+00   5.2480E+00  -1.1031E+01
   1.0170E+01  -5.6583E-01   3.1267E-01   7.2736E+00  -6.8750E+00  -2.0329E+00
   1.5522E+00  -2.3674E+00   1.6438E+00  -1.1029E+01   1.0172E+01   2.9060E+00
  -3.0153E+00   2.9020E+00  -3.0259E+00   2.3326E+00  -2.3094E+00   9.6622E-01
  -1.3775E+00   2.3329E+00  -2.3083E+00  -2.6995E-01   1.6901E-01   7.2709E+00
  -6.8800E+00  -5.5120E+00   5.0881E+00  -5.6579E-01   5.2621E-01  -1.0848E+00
  -4.4538E-01  -5.7969E+00   5.2441E+00  -5.6156E-01   3.2306E-01   4.6736E+00
  -4.3944E+00   4.6709E+00  -4.3987E+00  -2.0346E+00   1.5493E+00  -5.6829E-01
   5.2357E-01   9.8939E+00  -9.1232E+00   4.9474E+00  -4.5611E+00  -1.5336E-03
  -1.4394E-03  -5.5111E+00   5.0890E+00   4.9464E+00  -4.5620E+00   9.8921E+00
  -9.1249E+00  -2.7210E-01   1.6718E-01   6.6976E+00  -7.2837E+00   6.6983E+00
  -7.2838E+00   6.6979E+00  -7.2840E+00   8.6478E-01   7.5794E-01   8.6452E-01
   7.1313E-01   9.8514E-01   6.9455E-01   7.1864E-01  -6.9159E-02  -1.9890E-01
  -2.1037E-01  -1.6015E-01  -1.1894E-01  -7.8749E-02  -1.6201E-01  -1.6252E-01
  -1.0975E-01  -1.3883E-01  -8.1557E-02  -7.6938E-02  -3.1880E-02   3.6377E-02
   3.4279E-02   3.0914E-02  -2.8470E-02  -2.3183E-03  -2.1446E-02  -3.7104E-02
   2.0810E-02   2.6392E-02   3.8968E-02   7.7526E-02   4.1607E-02   1.5596E-02
   3.0356E-02  -2.3517E-02  -2.9008E-02  -3.6749E-02  -4.4056E-02  -2.4002E-02
   6.0273E-02  -1.9310E-02  -2.8530E-02  -9.2880E-03  -7.4013E-04   2.7364E-03
  -9.9173E-03   4.4884E-03   2.8637E-02   2.5443E-02   3.3301E-03   4.3054E-03
  -1.5960E-02  -1.4542E-02   4.6475E-03  -5.2482E-03  -1.3944E-02  -3.8798E-03
  -1.0447E-03   2.5977E-02  -1.9323E-02  -2.2925E-02  -5.4458E-03   1.2419E-02
  -5.9456E-03   2.5541E-02   1.4678E-03  -7.0572E-03   8.1845E-03  -1.1071E-02
  -3.7696E-03  -1.1065E-02   2.1781E-02   1.3217E-03  -2.1516E-03  -6.5048E-03
   3.4305E-03   7.1466E-03   8.8294E-03  -5.2730E-03  -1.1776E-02  -2.3580E-03
   9.9894E-04  -2.4926E-02  -6.9414E-03  -3.9263E-03  -1.7938E-04  -4.5318E-03
  -1.0879E-02  -2.9651E-03   2.2772E-03  -3.1861E-03   3.5383E-03   4.8808E-03
   4.6334E-03   5.5841E-03   1.5466E-03  -1.3246E-02  -1.3081E-02  -1.4609E-02
   4.0502E-03   2.0515E-01  -3.8132E-02  -3.0427E-02   7.3356E-02   6.6992E-03
   6.2843E-02   1.1060E-02  -7.4692E-03   4.5536E-02  -1.3828E-02  -6.0658E-02
  -5.8076E-02  -6.7532E-02   7.9466E-02   7.9839E-02   4.2520E-02  -2.5202E-02
   5.6474E-03  -4.4945E-02  -4.6484E-02   2.0047E-02   2.5404E-02   2.6087E-02
  -6.4268E-03   2.6244E-02   3.4968E-02   2.0839E-02  -1.3692E-02  -1.6190E-02
  -2.5255E-02  -3.0925E-02  -1.7119E-02   4.7869E-02  -1.3847E-02  -2.4884E-02
  -3.9448E-03  -1.2601E-02  -1.6098E-02  -6.5706E-03  -1.8957E-02   4.0283E-02
   3.1116E-02  -8.5615E-03  -3.3892E-02  -1.3727E-02  -1.3926E-02  -1.4139E-02
  -1.6504E-02  -1.0819E-02  -1.5104E-02  -9.7296E-03   1.8597E-02  -1.4047E-02
  -2.0631E-02  -9.5871E-03   1.3583E-02  -5.0645E-03   1.2159E-02  -6.5845E-03
  -8.7020E-03   1.1579E-02  -9.6593E-03  -2.4435E-03  -1.1535E-02   3.0865E-02
  -6.1765E-03   2.0543E-04  -2.5802E-03   1.0529E-02   1.0963E-02  -1.1195E-03
  -5.2019E-03  -9.6316E-03   3.7947E-03   9.8700E-05  -3.2158E-02  -7.2609E-03
  -3.9932E-03   1.5269E-03  -4.8669E-03  -1.0026E-02  -5.2187E-04   1.2814E-03
  -4.0195E-03   7.8571E-03  -2.4025E-03   4.5426E-04   6.6917E-04   8.8741E-04
   2.0157E-02   2.0577E-02   1.9595E-02  -4.5121E-03  -4.0514E-02  -2.0469E-01
  -2.1426E-01  -1.5088E-01  -1.4765E-01  -6.5002E-02  -1.4909E-01  -1.5544E-01
  -1.5489E-01  -1.3867E-01  -7.6739E-02  -7.6960E-02  -2.5748E-02  -1.3371E-02
  -1.9123E-02  -4.8229E-03  -1.5259E-02  -1.1743E-02   2.3290E-03  -9.1950E-03
   8.4115E-03   1.2878E-02   3.2146E-02   8.7203E-02   6.7029E-02   3.5524E-02
   2.8043E-02  -2.9820E-02  -2.7089E-02  -3.6349E-02  -4.1389E-02  -1.7935E-02
   1.6001E-02  -1.2205E-02  -2.0004E-02  -3.1384E-03  -5.4540E-04   2.6846E-03
  -1.5059E-02   1.2342E-02   2.1560E-02   2.5847E-02   1.9953E-03   1.2774E-02
  -1.7030E-02  -1.4494E-02   7.4356E-03  -3.0110E-03  -1.2476E-02  -3.6594E-03
  -2.4743E-03   2.2720E-02  -1.4787E-02  -1.8144E-02  -4.2681E-03   1.3624E-02
  -5.2505E-03   3.1051E-02   1.9135E-03  -7.4170E-03   3.9258E-03  -1.2542E-02
  -1.5121E-03  -6.1845E-03   2.4111E-02   6.9276E-04  -4.5457E-03  -1.0908E-02
  -2.0230E-03   5.3914E-03   5.9808E-03  -4.7815E-03  -6.2245E-03  -2.7834E-03
  -6.5395E-04  -2.2555E-02  -4.2349E-03  -1.6071E-03   1.3397E-04  -2.5348E-04
  -4.4751E-03  -5.0560E-03  -2.0532E-03   8.7948E-04   2.6971E-03   7.3090E-03
   8.6727E-03   5.2781E-03   9.5286E-04  -2.2877E-02  -2.2387E-02  -2.3280E-02
   6.7564E-04   1.3521E-01  -5.1835E-02  -4.4424E-02   2.8925E-02  -1.1997E-02
   1.1854E-02  -4.6961E-02  -5.7759E-02   1.9444E-02  -5.0791E-02  -6.2198E-02
  -6.0173E-02  -8.5622E-02   5.5110E-02   5.2983E-02   1.9502E-02  -1.5345E-02
   2.2316E-03  -3.1409E-02  -2.7637E-02   1.0090E-02   1.5160E-02   1.9339E-02
  -6.8838E-03   5.1317E-02   6.0503E-02   1.6916E-02  -1.6529E-02  -1.2895E-02
  -2.2227E-02  -2.3881E-02  -1.2742E-02   2.0869E-02  -9.1369E-03  -1.7269E-02
   2.2994E-03  -1.3763E-02  -1.7892E-02  -9.9721E-03  -1.3982E-02   3.4988E-02
   3.2937E-02  -9.4656E-03  -3.6708E-02  -1.4832E-02  -1.4062E-02  -1.3457E-02
  -1.6816E-02  -1.0929E-02  -1.5880E-02  -1.2595E-02   1.2158E-02  -9.0844E-03
  -1.6052E-02  -8.9706E-03   1.4294E-02  -4.1029E-03   1.4139E-02  -6.0432E-03
  -1.0231E-02   1.0173E-02  -1.4023E-02  -1.1088E-03  -7.5012E-03   3.7735E-02
  -1.0634E-02  -1.3392E-03  -5.3969E-03   4.5310E-03   9.1697E-03  -2.8169E-03
  -5.4086E-03  -5.5589E-03   5.5350E-03  -8.7939E-04  -3.0683E-02  -4.7956E-03
  -3.7110E-03   8.5686E-04  -1.4684E-03  -3.0039E-03  -3.6974E-03  -6.2545E-03
  -1.3651E-03   2.9177E-03  -1.0409E-03   3.9048E-03   1.1566E-03   1.4027E-03
   1.8571E-02   1.9553E-02   1.8445E-02  -6.2069E-03
  > Energy =  -9.939101546108E+02 +/-   1.549795184523E-04
  > varE =   3.935215802727E-03

VMC #12:
* Size of Hilbert space =   1.0817E+14
* Number of equil. steps   = 1000
* Running VMC equilibration.
  Done. [total walltime: 0.34s]
* Equil. acc.ratio (%)     =  12.3728
* Sample config after equilibration:
  +-------------------------+
  |  d   u   u   d   d   2  |
  |u   d   d   0   u   u   0|
  |2   u   2   2   u   d   0|
  |  0   d   0   2   d   u  |
  +-------------------------+
* Number of accum. steps   = 655360 x 10
* Running VMC accumulation.
  Done. [total walltime: 2.36s]
* Acceptance ratio (%)     =  12.3383
* Etot/t                   =  -9.939096410670E+02 +/-   8.112975484147E-05
  > Ttot/t                 =  -9.591324086198E+01 +/-   9.292454850510E-04
  > Utot/t                 =   4.231175424597E+01 +/-   9.234237564410E-04
* var[Eloc/t]              =   3.991141564453E-03 +/-   1.442562738153E-05
* Correlation length       =   1.080794498947E+00
* log10 Psi^2 range: -133.9936387113224 -- -121.0372692822915
* log10 Pgen range : -133.9936387113224 -- -121.0372692822915
* Site occupation (ave. no. electrons per config.):
  > Site_  ___eu____  ___ed____
      1        0.501      0.497
      2        0.499      0.499
      3        0.499      0.497
      4        0.496      0.502
      5        0.503      0.504
      6        0.500      0.499
      7        0.499      0.502
      8        0.497      0.495
      9        0.501      0.498
     10        0.498      0.500
     11        0.499      0.498
     12        0.501      0.503
     13        0.501      0.503
     14        0.502      0.501
     15        0.503      0.501
     16        0.499      0.496
     17        0.496      0.498
     18        0.504      0.502
     19        0.499      0.501
     20        0.501      0.502
     21        0.503      0.503
     22        0.502      0.501
     23        0.499      0.499
     24        0.497      0.496
     25        0.498      0.499
     26        0.503      0.506
* Pair-correlation analysis (ave. no. pairs per config.):
  > Shell  nsite  ___dh____  __eueu___  __eued___
      0      1        0          0          4.510
      1      0        0.922      0.498      2.594
      2      0        0.135      0.360      0.530
      3      0        0.264      0.727      1.063
      4      0        0.227      0.771      1.066
      5      0        0.255      0.740      1.055
      6      0        0.761      0.848      2.431
      7      0        0.675      1.050      2.339
      8      0        0.596      1.224      2.259
      9      0        0.447      1.553      2.088
     10      0        0.532      1.384      2.176
     11      0        0.135      0.819      1.156
     12      0        0.139      0.831      1.133
     13      0        0.136      0.855      1.083
     14      0        0.223      2.107      1.911
     15      0        0.110      1.059      0.954
     16      0        0.227      2.078      1.903
     17      0        0.266      1.911      2.057
     18      0        0.237      2.046      1.940
     19      0        0.296      1.885      2.056
     20      0        0.309      1.877      2.056
     21      0        0.245      2.091      1.924
     22      0        0.243      2.111      1.911
     23      0        0.243      2.127      1.893
     24      0        0.237      2.104      1.925
     25      0        0.279      2.088      1.910
     26      0        0.270      2.085      1.910
     27      0        0.237      2.132      1.888
     28      0        0.219      1.946      2.050
     29      0        0.240      2.060      1.945
     30      0        0.214      1.944      2.092
     31      0        0.107      0.970      1.050
     32      0        0.246      2.055      1.956
     33      0        0.215      2.131      1.893
     34      0        0.249      2.041      1.961
     35      0        0.224      2.069      1.953
     36      0        0.250      2.008      1.963
     37      0        0.285      1.938      2.027
     38      0        0.145      0.970      1.012
     39      0        0.216      1.981      2.022
     40      0        0.260      1.904      2.079
     41      0        0.140      1.013      0.979
     42      0        0.279      2.022      1.951
     43      0        0.257      1.964      2.032
     44      0        0.257      1.872      2.105
     45      0        0.218      1.985      2.045
     46      0        0.242      2.030      1.975
     47      0        0.258      1.931      2.054
     48      0        0.242      1.969      2.036
     49      0        0.250      2.018      1.980
     50      0        0.249      1.978      2.022
     51      0        0.277      1.966      2.008
     52      0        0.252      2.033      1.975
     53      0        0.226      1.975      2.050
     54      0        0.220      2.042      1.991
     55      0        0.252      1.973      1.998
     56      0        0.278      2.002      1.969
     57      0        0.249      2.005      1.967
     58      0        0.220      2.023      1.978
     59      0        0.254      1.975      2.024
     60      0        0.242      2.009      1.990
     61      0        0.136      0.997      0.988
     62      0        0.110      1.011      1.000
     63      0        0.249      1.995      1.976
     64      0        0.216      2.035      2.002
     65      0        0.217      2.047      1.982
     66      0        0.137      0.988      0.997
     67      0        0.216      1.988      2.014
     68      0        0.217      2.010      1.993
     69      0        0.253      2.007      1.993
     70      0        0.253      2.017      1.988
     71      0        0.252      1.987      2.015
     72      0        0.223      2.020      2.004
     73      0        0.247      1.981      1.991
     74      0        0.251      2.003      1.994
     75      0        0.242      1.990      1.982
     76      0        0.245      1.840      2.145
     77      0        0.243      1.987      2.011
     78      0        0.108      1.002      1.011
     79      0        0.218      1.992      2.005
     80      0        0.220      2.003      1.991
     81      0        0.219      2.003      2.029
     82      0        0.243      1.983      1.991
     83      0        0.108      0.993      0.992
     84      0        0.221      1.998      2.000
     85      0        0.111      1.008      1.008
     86      0        0.247      1.996      2.006
     87      0        0.220      2.000      2.000
     88      0        0.109      0.993      0.991
     89      0        0.220      2.009      2.023
     90      0        0.126      0.981      1.010
     91      0        0.063      0.486      0.503
     92      0        0.064      0.483      0.503
     93      0        0.110      1.009      1.008

Optimization #12:
* Method          : lls
* Target function : energy
* No. of configs. : 163840
* No. of params.  : 736
* Before optimization:
  -2.1327E+01  -2.1054E+01  -2.1301E+01  -2.1033E+01  -2.1499E+01  -2.1016E+01
  -2.0774E+01   2.1148E+00   1.9783E+00   1.1214E+00   1.0764E+00   2.3870E+00
   2.7275E+00   2.2954E+00   2.3024E+00   1.4570E+00   1.4323E+00   1.4884E+00
   1.4603E+00   2.1468E+00   2.1474E+00   1.4840E+00   1.4449E+00   1.3916E+00
   1.4450E+00   1.1490E+00   1.3939E+00   1.3918E+00   1.3744E+00   1.3066E+00
   1.2997E+00   2.2005E+00   2.2006E+00   1.8171E+00   1.8176E+00   1.4701E+00
   1.4724E+00   6.7667E-01   6.7517E-01   1.1295E+00   1.1297E+00   1.1342E+00
   1.1334E+00   1.1171E+00   1.1165E+00   2.3377E+00   2.3327E+00   8.1578E-01
   8.1211E-01   1.5989E+00   1.6104E+00   1.9764E+00   1.9738E+00   1.0664E+00
   1.0670E+00   1.4645E+00   1.4656E+00   1.1477E+00   1.1483E+00   1.1222E+00
   6.2575E-01   6.2505E-01   1.7075E+00   1.6900E+00   6.5547E-01   6.5472E-01
   1.4414E+00   1.4409E+00   5.1132E-01   5.0920E-01   9.2684E-01   9.2703E-01
   7.9892E-02   5.6655E-01   5.6653E-01   7.0407E-01   7.0337E-01   1.0530E-01
   9.5294E-01   9.5054E-01   8.4910E-01   8.4778E-01   1.5402E+00   1.5409E+00
   6.6922E-01   6.6976E-01   9.6253E-01   9.6258E-01   7.3430E-01   7.3172E-01
   9.7926E-01   9.7938E-01   1.4562E-01   1.4504E-01   1.6435E-01   1.6356E-01
   4.4008E-01   4.3954E-01   8.7532E-01   8.7260E-01   9.4038E-01   9.3956E-01
   9.2442E-01   9.2352E-01   6.6385E-02   6.4885E-02   4.4629E-01   4.4645E-01
   4.8736E-02   4.7674E-02   6.1892E-01   6.1702E-01   4.0658E-01   4.0612E-01
   5.4589E-01   5.4612E-01   8.6058E-01   2.5426E-01  -3.9819E-01  -3.9908E-01
   4.8035E-01   4.7979E-01   7.2523E-01   7.2472E-01   8.5751E-01   1.1034E-01
   1.0979E-01   1.2493E-01   1.2439E-01  -2.1903E-02  -2.2134E-02   4.1269E-01
   4.1053E-01  -2.4235E-02  -2.4950E-02   9.9867E-02   1.0144E-01  -3.9153E-01
  -3.9159E-01   4.2483E-01   4.2396E-01   4.0374E-02   3.9029E-02   1.5206E+00
   1.5225E+00   5.5186E-01   5.5248E-01   2.3833E-01  -2.7852E-01  -2.7973E-01
  -2.7135E-01  -2.7195E-01   4.8433E-01   4.8393E-01   4.4518E-02   4.3775E-02
  -7.7123E-01  -3.8644E-01  -3.8608E-01   2.2030E-03   4.2219E-01   4.2165E-01
  -3.8441E-01  -3.8382E-01  -7.6814E-01   1.0361E-01   1.0472E-01   5.8660E-01
   5.8223E-01   5.8565E-01   5.8226E-01   5.8683E-01   5.8181E-01   3.5619E+00
  -5.7731E+00   1.7950E+00  -2.9162E+00   4.0209E+00  -5.1015E+00  -1.3971E+00
  -1.0253E+00  -1.2113E+01   9.3776E+00  -6.8065E+00   4.3810E+00  -2.5067E-01
  -1.2989E+00  -1.3759E+00  -1.8528E-01  -1.7688E+00  -3.9821E-01   1.2595E+00
  -2.7859E+00  -4.3212E+00   2.9331E+00  -1.2767E+00  -1.6951E-01   8.7823E+00
  -9.9314E+00  -2.7253E+00   1.3442E+00  -4.2468E+00   2.8849E+00   3.7943E+00
  -5.0874E+00  -6.5526E+00   4.3462E+00  -1.6038E+00  -2.1039E-01  -3.8074E+00
   2.3326E+00   3.1516E+00  -3.8316E+00   1.4447E+00  -2.5705E+00  -1.1897E+00
   5.8938E-02  -7.2829E-02  -1.0386E+00  -6.5838E+00   4.2779E+00   3.1244E+00
  -3.9059E+00  -3.8390E+00   2.2641E+00  -6.6197E+00   4.6518E+00   3.8816E+00
  -4.9510E+00  -7.8689E+00   6.4055E+00  -2.6410E+00   1.4896E+00  -4.1614E+00
   3.0350E+00   2.1158E-01  -8.3537E-01   3.7566E+00  -5.4380E+00   6.1945E-01
  -1.2742E+00  -1.0503E+00  -3.8787E-01   6.7275E+00  -7.2378E+00  -4.5954E+00
   3.6684E+00   4.5987E+00  -4.6788E+00   2.6354E+00  -3.2017E+00   1.7930E-01
  -8.9190E-01   4.5926E+00  -4.6947E+00  -4.6026E+00   3.6532E+00   1.8041E+00
  -2.6527E+00  -7.8995E+00   6.3514E+00  -2.3527E+00   1.6834E+00  -7.5760E+00
   6.6133E+00   5.8695E-01  -1.3262E+00  -7.5816E+00   6.6011E+00   2.0257E+00
  -2.1707E+00   2.0192E+00  -2.1839E+00  -3.2008E+00   2.7611E+00   1.7973E+00
  -2.6701E+00  -2.2996E+00   1.3596E+00  -2.2953E+00   1.3713E+00   5.8943E+00
  -5.9604E+00  -3.2029E+00   2.7572E+00   5.9001E+00  -5.9487E+00   2.6203E+00
  -3.2373E+00   9.6747E-01  -1.3734E+00  -5.7942E+00   5.2480E+00  -1.1031E+01
   1.0170E+01  -5.6583E-01   3.1267E-01   7.2736E+00  -6.8750E+00  -2.0329E+00
   1.5522E+00  -2.3674E+00   1.6438E+00  -1.1029E+01   1.0172E+01   2.9060E+00
  -3.0153E+00   2.9020E+00  -3.0259E+00   2.3326E+00  -2.3094E+00   9.6622E-01
  -1.3775E+00   2.3329E+00  -2.3083E+00  -2.6995E-01   1.6901E-01   7.2709E+00
  -6.8800E+00  -5.5120E+00   5.0881E+00  -5.6579E-01   5.2621E-01  -1.0848E+00
  -4.4538E-01  -5.7969E+00   5.2441E+00  -5.6156E-01   3.2306E-01   4.6736E+00
  -4.3944E+00   4.6709E+00  -4.3987E+00  -2.0346E+00   1.5493E+00  -5.6829E-01
   5.2357E-01   9.8939E+00  -9.1232E+00   4.9474E+00  -4.5611E+00  -1.5336E-03
  -1.4394E-03  -5.5111E+00   5.0890E+00   4.9464E+00  -4.5620E+00   9.8921E+00
  -9.1249E+00  -2.7210E-01   1.6718E-01   6.6976E+00  -7.2837E+00   6.6983E+00
  -7.2838E+00   6.6979E+00  -7.2840E+00   8.6478E-01   7.5794E-01   8.6452E-01
   7.1313E-01   9.8514E-01   6.9455E-01   7.1864E-01  -6.9159E-02  -1.9890E-01
  -2.1037E-01  -1.6015E-01  -1.1894E-01  -7.8749E-02  -1.6201E-01  -1.6252E-01
  -1.0975E-01  -1.3883E-01  -8.1557E-02  -7.6938E-02  -3.1880E-02   3.6377E-02
   3.4279E-02   3.0914E-02  -2.8470E-02  -2.3183E-03  -2.1446E-02  -3.7104E-02
   2.0810E-02   2.6392E-02   3.8968E-02   7.7526E-02   4.1607E-02   1.5596E-02
   3.0356E-02  -2.3517E-02  -2.9008E-02  -3.6749E-02  -4.4056E-02  -2.4002E-02
   6.0273E-02  -1.9310E-02  -2.8530E-02  -9.2880E-03  -7.4013E-04   2.7364E-03
  -9.9173E-03   4.4884E-03   2.8637E-02   2.5443E-02   3.3301E-03   4.3054E-03
  -1.5960E-02  -1.4542E-02   4.6475E-03  -5.2482E-03  -1.3944E-02  -3.8798E-03
  -1.0447E-03   2.5977E-02  -1.9323E-02  -2.2925E-02  -5.4458E-03   1.2419E-02
  -5.9456E-03   2.5541E-02   1.4678E-03  -7.0572E-03   8.1845E-03  -1.1071E-02
  -3.7696E-03  -1.1065E-02   2.1781E-02   1.3217E-03  -2.1516E-03  -6.5048E-03
   3.4305E-03   7.1466E-03   8.8294E-03  -5.2730E-03  -1.1776E-02  -2.3580E-03
   9.9894E-04  -2.4926E-02  -6.9414E-03  -3.9263E-03  -1.7938E-04  -4.5318E-03
  -1.0879E-02  -2.9651E-03   2.2772E-03  -3.1861E-03   3.5383E-03   4.8808E-03
   4.6334E-03   5.5841E-03   1.5466E-03  -1.3246E-02  -1.3081E-02  -1.4609E-02
   4.0502E-03   2.0515E-01  -3.8132E-02  -3.0427E-02   7.3356E-02   6.6992E-03
   6.2843E-02   1.1060E-02  -7.4692E-03   4.5536E-02  -1.3828E-02  -6.0658E-02
  -5.8076E-02  -6.7532E-02   7.9466E-02   7.9839E-02   4.2520E-02  -2.5202E-02
   5.6474E-03  -4.4945E-02  -4.6484E-02   2.0047E-02   2.5404E-02   2.6087E-02
  -6.4268E-03   2.6244E-02   3.4968E-02   2.0839E-02  -1.3692E-02  -1.6190E-02
  -2.5255E-02  -3.0925E-02  -1.7119E-02   4.7869E-02  -1.3847E-02  -2.4884E-02
  -3.9448E-03  -1.2601E-02  -1.6098E-02  -6.5706E-03  -1.8957E-02   4.0283E-02
   3.1116E-02  -8.5615E-03  -3.3892E-02  -1.3727E-02  -1.3926E-02  -1.4139E-02
  -1.6504E-02  -1.0819E-02  -1.5104E-02  -9.7296E-03   1.8597E-02  -1.4047E-02
  -2.0631E-02  -9.5871E-03   1.3583E-02  -5.0645E-03   1.2159E-02  -6.5845E-03
  -8.7020E-03   1.1579E-02  -9.6593E-03  -2.4435E-03  -1.1535E-02   3.0865E-02
  -6.1765E-03   2.0543E-04  -2.5802E-03   1.0529E-02   1.0963E-02  -1.1195E-03
  -5.2019E-03  -9.6316E-03   3.7947E-03   9.8700E-05  -3.2158E-02  -7.2609E-03
  -3.9932E-03   1.5269E-03  -4.8669E-03  -1.0026E-02  -5.2187E-04   1.2814E-03
  -4.0195E-03   7.8571E-03  -2.4025E-03   4.5426E-04   6.6917E-04   8.8741E-04
   2.0157E-02   2.0577E-02   1.9595E-02  -4.5121E-03  -4.0514E-02  -2.0469E-01
  -2.1426E-01  -1.5088E-01  -1.4765E-01  -6.5002E-02  -1.4909E-01  -1.5544E-01
  -1.5489E-01  -1.3867E-01  -7.6739E-02  -7.6960E-02  -2.5748E-02  -1.3371E-02
  -1.9123E-02  -4.8229E-03  -1.5259E-02  -1.1743E-02   2.3290E-03  -9.1950E-03
   8.4115E-03   1.2878E-02   3.2146E-02   8.7203E-02   6.7029E-02   3.5524E-02
   2.8043E-02  -2.9820E-02  -2.7089E-02  -3.6349E-02  -4.1389E-02  -1.7935E-02
   1.6001E-02  -1.2205E-02  -2.0004E-02  -3.1384E-03  -5.4540E-04   2.6846E-03
  -1.5059E-02   1.2342E-02   2.1560E-02   2.5847E-02   1.9953E-03   1.2774E-02
  -1.7030E-02  -1.4494E-02   7.4356E-03  -3.0110E-03  -1.2476E-02  -3.6594E-03
  -2.4743E-03   2.2720E-02  -1.4787E-02  -1.8144E-02  -4.2681E-03   1.3624E-02
  -5.2505E-03   3.1051E-02   1.9135E-03  -7.4170E-03   3.9258E-03  -1.2542E-02
  -1.5121E-03  -6.1845E-03   2.4111E-02   6.9276E-04  -4.5457E-03  -1.0908E-02
  -2.0230E-03   5.3914E-03   5.9808E-03  -4.7815E-03  -6.2245E-03  -2.7834E-03
  -6.5395E-04  -2.2555E-02  -4.2349E-03  -1.6071E-03   1.3397E-04  -2.5348E-04
  -4.4751E-03  -5.0560E-03  -2.0532E-03   8.7948E-04   2.6971E-03   7.3090E-03
   8.6727E-03   5.2781E-03   9.5286E-04  -2.2877E-02  -2.2387E-02  -2.3280E-02
   6.7564E-04   1.3521E-01  -5.1835E-02  -4.4424E-02   2.8925E-02  -1.1997E-02
   1.1854E-02  -4.6961E-02  -5.7759E-02   1.9444E-02  -5.0791E-02  -6.2198E-02
  -6.0173E-02  -8.5622E-02   5.5110E-02   5.2983E-02   1.9502E-02  -1.5345E-02
   2.2316E-03  -3.1409E-02  -2.7637E-02   1.0090E-02   1.5160E-02   1.9339E-02
  -6.8838E-03   5.1317E-02   6.0503E-02   1.6916E-02  -1.6529E-02  -1.2895E-02
  -2.2227E-02  -2.3881E-02  -1.2742E-02   2.0869E-02  -9.1369E-03  -1.7269E-02
   2.2994E-03  -1.3763E-02  -1.7892E-02  -9.9721E-03  -1.3982E-02   3.4988E-02
   3.2937E-02  -9.4656E-03  -3.6708E-02  -1.4832E-02  -1.4062E-02  -1.3457E-02
  -1.6816E-02  -1.0929E-02  -1.5880E-02  -1.2595E-02   1.2158E-02  -9.0844E-03
  -1.6052E-02  -8.9706E-03   1.4294E-02  -4.1029E-03   1.4139E-02  -6.0432E-03
  -1.0231E-02   1.0173E-02  -1.4023E-02  -1.1088E-03  -7.5012E-03   3.7735E-02
  -1.0634E-02  -1.3392E-03  -5.3969E-03   4.5310E-03   9.1697E-03  -2.8169E-03
  -5.4086E-03  -5.5589E-03   5.5350E-03  -8.7939E-04  -3.0683E-02  -4.7956E-03
  -3.7110E-03   8.5686E-04  -1.4684E-03  -3.0039E-03  -3.6974E-03  -6.2545E-03
  -1.3651E-03   2.9177E-03  -1.0409E-03   3.9048E-03   1.1566E-03   1.4027E-03
   1.8571E-02   1.9553E-02   1.8445E-02  -6.2069E-03
  > E    =  -9.939097661718E+02 +/-   1.542524677313E-04
  > varE =   3.898380091586E-03
* Computing derivatives.
    [walltime: 2m36s elapsed, 3m49s remaining]
  Done. [total walltime: 6m40s]
* Optimizing manipulation constant:
  #igrid a___________ E____________________________________ varE____________
     1     Infinity    -9.93909766E+02 +/-   1.54252468E-04   3.89838009E-03
     2     1.0000E+06  -9.93909766E+02 +/-   1.54252461E-04   3.89837975E-03
     3     2.1544E+05  -9.93909766E+02 +/-   1.54252436E-04   3.89837849E-03
     4     4.6416E+04  -9.93909766E+02 +/-   1.54252321E-04   3.89837270E-03
     5     1.0000E+04  -9.93909766E+02 +/-   1.54251813E-04   3.89834701E-03
     6     2.1544E+03  -9.93909766E+02 +/-   1.54249954E-04   3.89825302E-03
     7     4.6416E+02  -9.93909766E+02 +/-   1.54251996E-04   3.89835626E-03
     8     1.0000E+02  -9.93909755E+02 +/-   1.54500146E-04   3.91090916E-03
     9     2.1544E+01  -9.93909089E+02 +/-   1.66253722E-04   4.52858675E-03
    10     4.6416E+00  -9.93850375E+02 +/-   5.77515624E-04   5.46446207E-02
    11     1.0000E+00  -9.93075064E+02 +/-   1.96271612E-03   6.31153391E-01
    12     2.1544E-01  -9.92180072E+02 +/-   2.60089135E-03   1.10831794E+00
    13     4.6416E-02  -9.91889667E+02 +/-   2.73073451E-03   1.22174029E+00
    14     1.0000E-02  -9.91817457E+02 +/-   2.75879173E-03   1.24697507E+00
    15     2.1544E-03  -9.91801171E+02 +/-   2.76490309E-03   1.25250586E+00
    16     4.6416E-04  -9.91797624E+02 +/-   2.76622396E-03   1.25370286E+00
    17     1.0000E-04  -9.91796858E+02 +/-   2.76650874E-03   1.25396101E+00
    18     2.1544E-05  -9.91796692E+02 +/-   2.76657010E-03   1.25401664E+00
    19     4.6416E-06  -9.91796657E+02 +/-   2.76658332E-03   1.25402862E+00
    20     1.0000E-06  -9.91796649E+02 +/-   2.76658617E-03   1.25403120E+00
    21     0.0000E+00  -9.91796647E+02 +/-   2.76658695E-03   1.25403191E+00
* Iteration # 1: E =  -9.939097663043E+02 +/-   1.542499537970E-04
* Convergence: exiting.
* After optimization:
  -2.1329E+01  -2.1056E+01  -2.1303E+01  -2.1036E+01  -2.1502E+01  -2.1018E+01
  -2.0776E+01   2.1148E+00   1.9783E+00   1.1214E+00   1.0764E+00   2.3870E+00
   2.7275E+00   2.2954E+00   2.3024E+00   1.4569E+00   1.4323E+00   1.4884E+00
   1.4603E+00   2.1468E+00   2.1474E+00   1.4840E+00   1.4449E+00   1.3916E+00
   1.4450E+00   1.1490E+00   1.3939E+00   1.3918E+00   1.3744E+00   1.3066E+00
   1.2997E+00   2.2005E+00   2.2006E+00   1.8171E+00   1.8175E+00   1.4701E+00
   1.4724E+00   6.7666E-01   6.7516E-01   1.1294E+00   1.1296E+00   1.1342E+00
   1.1334E+00   1.1171E+00   1.1165E+00   2.3377E+00   2.3327E+00   8.1577E-01
   8.1210E-01   1.5989E+00   1.6103E+00   1.9764E+00   1.9737E+00   1.0664E+00
   1.0670E+00   1.4645E+00   1.4655E+00   1.1477E+00   1.1483E+00   1.1222E+00
   6.2574E-01   6.2504E-01   1.7074E+00   1.6900E+00   6.5547E-01   6.5471E-01
   1.4414E+00   1.4409E+00   5.1131E-01   5.0919E-01   9.2683E-01   9.2702E-01
   7.9883E-02   5.6654E-01   5.6652E-01   7.0406E-01   7.0336E-01   1.0529E-01
   9.5293E-01   9.5053E-01   8.4909E-01   8.4777E-01   1.5402E+00   1.5409E+00
   6.6921E-01   6.6975E-01   9.6252E-01   9.6257E-01   7.3429E-01   7.3171E-01
   9.7925E-01   9.7938E-01   1.4561E-01   1.4503E-01   1.6434E-01   1.6355E-01
   4.4007E-01   4.3953E-01   8.7531E-01   8.7259E-01   9.4038E-01   9.3955E-01
   9.2442E-01   9.2352E-01   6.6378E-02   6.4877E-02   4.4628E-01   4.4644E-01
   4.8728E-02   4.7665E-02   6.1891E-01   6.1701E-01   4.0658E-01   4.0611E-01
   5.4588E-01   5.4611E-01   8.6057E-01   2.5425E-01  -3.9820E-01  -3.9909E-01
   4.8035E-01   4.7978E-01   7.2522E-01   7.2471E-01   8.5750E-01   1.1033E-01
   1.0978E-01   1.2492E-01   1.2438E-01  -2.1908E-02  -2.2140E-02   4.1269E-01
   4.1053E-01  -2.4240E-02  -2.4955E-02   9.9862E-02   1.0143E-01  -3.9154E-01
  -3.9160E-01   4.2483E-01   4.2396E-01   4.0362E-02   3.9019E-02   1.5206E+00
   1.5225E+00   5.5185E-01   5.5247E-01   2.3832E-01  -2.7853E-01  -2.7974E-01
  -2.7136E-01  -2.7197E-01   4.8433E-01   4.8393E-01   4.4506E-02   4.3764E-02
  -7.7124E-01  -3.8644E-01  -3.8609E-01   2.2026E-03   4.2218E-01   4.2164E-01
  -3.8442E-01  -3.8382E-01  -7.6815E-01   1.0360E-01   1.0472E-01   5.8659E-01
   5.8222E-01   5.8564E-01   5.8225E-01   5.8682E-01   5.8180E-01   3.5619E+00
  -5.7731E+00   1.7951E+00  -2.9163E+00   4.0210E+00  -5.1016E+00  -1.3971E+00
  -1.0253E+00  -1.2113E+01   9.3775E+00  -6.8064E+00   4.3809E+00  -2.5058E-01
  -1.2990E+00  -1.3758E+00  -1.8536E-01  -1.7687E+00  -3.9829E-01   1.2596E+00
  -2.7860E+00  -4.3212E+00   2.9330E+00  -1.2767E+00  -1.6959E-01   8.7824E+00
  -9.9315E+00  -2.7252E+00   1.3441E+00  -4.2467E+00   2.8848E+00   3.7944E+00
  -5.0875E+00  -6.5526E+00   4.3461E+00  -1.6037E+00  -2.1047E-01  -3.8073E+00
   2.3325E+00   3.1517E+00  -3.8317E+00   1.4448E+00  -2.5706E+00  -1.1897E+00
   5.8865E-02  -7.2740E-02  -1.0387E+00  -6.5837E+00   4.2779E+00   3.1245E+00
  -3.9060E+00  -3.8389E+00   2.2640E+00  -6.6196E+00   4.6517E+00   3.8817E+00
  -4.9511E+00  -7.8688E+00   6.4054E+00  -2.6409E+00   1.4895E+00  -4.1613E+00
   3.0349E+00   2.1168E-01  -8.3545E-01   3.7566E+00  -5.4380E+00   6.1953E-01
  -1.2743E+00  -1.0502E+00  -3.8790E-01   6.7276E+00  -7.2379E+00  -4.5953E+00
   3.6684E+00   4.5988E+00  -4.6789E+00   2.6355E+00  -3.2018E+00   1.7939E-01
  -8.9198E-01   4.5927E+00  -4.6948E+00  -4.6025E+00   3.6531E+00   1.8042E+00
  -2.6527E+00  -7.8994E+00   6.3513E+00  -2.3526E+00   1.6833E+00  -7.5759E+00
   6.6132E+00   5.8703E-01  -1.3263E+00  -7.5815E+00   6.6010E+00   2.0258E+00
  -2.1708E+00   2.0192E+00  -2.1840E+00  -3.2007E+00   2.7610E+00   1.7973E+00
  -2.6701E+00  -2.2995E+00   1.3595E+00  -2.2953E+00   1.3712E+00   5.8943E+00
  -5.9605E+00  -3.2028E+00   2.7571E+00   5.9002E+00  -5.9487E+00   2.6204E+00
  -3.2374E+00   9.6750E-01  -1.3734E+00  -5.7941E+00   5.2479E+00  -1.1031E+01
   1.0170E+01  -5.6574E-01   3.1259E-01   7.2737E+00  -6.8751E+00  -2.0329E+00
   1.5522E+00  -2.3673E+00   1.6437E+00  -1.1029E+01   1.0172E+01   2.9060E+00
  -3.0154E+00   2.9021E+00  -3.0260E+00   2.3326E+00  -2.3095E+00   9.6626E-01
  -1.3776E+00   2.3330E+00  -2.3083E+00  -2.6991E-01   1.6898E-01   7.2710E+00
  -6.8801E+00  -5.5120E+00   5.0880E+00  -5.6570E-01   5.2613E-01  -1.0848E+00
  -4.4542E-01  -5.7968E+00   5.2441E+00  -5.6147E-01   3.2299E-01   4.6737E+00
  -4.3945E+00   4.6710E+00  -4.3988E+00  -2.0346E+00   1.5493E+00  -5.6820E-01
   5.2349E-01   9.8940E+00  -9.1233E+00   4.9475E+00  -4.5612E+00  -1.5336E-03
  -1.4387E-03  -5.5111E+00   5.0889E+00   4.9464E+00  -4.5620E+00   9.8922E+00
  -9.1250E+00  -2.7206E-01   1.6715E-01   6.6977E+00  -7.2838E+00   6.6984E+00
  -7.2839E+00   6.6980E+00  -7.2840E+00   8.6600E-01   7.5900E-01   8.6575E-01
   7.1413E-01   9.8654E-01   6.9552E-01   7.1965E-01  -6.9257E-02  -1.9918E-01
  -2.1067E-01  -1.6038E-01  -1.1911E-01  -7.8860E-02  -1.6223E-01  -1.6274E-01
  -1.0990E-01  -1.3902E-01  -8.1672E-02  -7.7046E-02  -3.1920E-02   3.6427E-02
   3.4324E-02   3.0955E-02  -2.8510E-02  -2.3215E-03  -2.1480E-02  -3.7155E-02
   2.0837E-02   2.6427E-02   3.9019E-02   7.7632E-02   4.1665E-02   1.5619E-02
   3.0401E-02  -2.3547E-02  -2.9047E-02  -3.6795E-02  -4.4113E-02  -2.4037E-02
   6.0352E-02  -1.9336E-02  -2.8570E-02  -9.2963E-03  -7.3818E-04   2.7440E-03
  -9.9345E-03   4.4988E-03   2.8681E-02   2.5478E-02   3.3402E-03   4.3116E-03
  -1.5981E-02  -1.4565E-02   4.6550E-03  -5.2533E-03  -1.3964E-02  -3.8829E-03
  -1.0424E-03   2.6015E-02  -1.9352E-02  -2.2961E-02  -5.4562E-03   1.2443E-02
  -5.9563E-03   2.5578E-02   1.4742E-03  -7.0690E-03   8.1962E-03  -1.1087E-02
  -3.7759E-03  -1.1081E-02   2.1811E-02   1.3241E-03  -2.1578E-03  -6.5144E-03
   3.4386E-03   7.1576E-03   8.8349E-03  -5.2774E-03  -1.1789E-02  -2.3575E-03
   1.0024E-03  -2.4962E-02  -6.9521E-03  -3.9306E-03  -1.7525E-04  -4.5370E-03
  -1.0890E-02  -2.9677E-03   2.2762E-03  -3.1880E-03   3.5359E-03   4.8928E-03
   4.6389E-03   5.5842E-03   1.5466E-03  -1.3264E-02  -1.3099E-02  -1.4629E-02
   4.0528E-03   2.0544E-01  -3.8185E-02  -3.0480E-02   7.3452E-02   6.7063E-03
   6.2930E-02   1.1068E-02  -7.4815E-03   4.5597E-02  -1.3849E-02  -6.0741E-02
  -5.8156E-02  -6.7629E-02   7.9580E-02   7.9955E-02   4.2577E-02  -2.5238E-02
   5.6563E-03  -4.5005E-02  -4.6548E-02   2.0072E-02   2.5437E-02   2.6122E-02
  -6.4375E-03   2.6286E-02   3.5013E-02   2.0869E-02  -1.3713E-02  -1.6217E-02
  -2.5288E-02  -3.0965E-02  -1.7146E-02   4.7942E-02  -1.3868E-02  -2.4922E-02
  -3.9523E-03  -1.2617E-02  -1.6121E-02  -6.5798E-03  -1.8981E-02   4.0346E-02
   3.1160E-02  -8.5750E-03  -3.3936E-02  -1.3743E-02  -1.3947E-02  -1.4159E-02
  -1.6526E-02  -1.0833E-02  -1.5126E-02  -9.7383E-03   1.8627E-02  -1.4069E-02
  -2.0660E-02  -9.6026E-03   1.3605E-02  -5.0720E-03   1.2179E-02  -6.5906E-03
  -8.7154E-03   1.1595E-02  -9.6731E-03  -2.4461E-03  -1.1550E-02   3.0909E-02
  -6.1815E-03   2.0393E-04  -2.5856E-03   1.0542E-02   1.0979E-02  -1.1222E-03
  -5.2090E-03  -9.6434E-03   3.8007E-03   9.8818E-05  -3.2204E-02  -7.2713E-03
  -3.9991E-03   1.5301E-03  -4.8732E-03  -1.0037E-02  -5.2548E-04   1.2797E-03
  -4.0228E-03   7.8629E-03  -2.4006E-03   4.5887E-04   6.6801E-04   8.8628E-04
   2.0184E-02   2.0603E-02   1.9620E-02  -4.5216E-03  -4.0513E-02  -2.0468E-01
  -2.1426E-01  -1.5088E-01  -1.4765E-01  -6.5002E-02  -1.4909E-01  -1.5544E-01
  -1.5489E-01  -1.3867E-01  -7.6738E-02  -7.6960E-02  -2.5744E-02  -1.3376E-02
  -1.9135E-02  -4.8216E-03  -1.5257E-02  -1.1744E-02   2.3261E-03  -9.1939E-03
   8.4136E-03   1.2877E-02   3.2144E-02   8.7204E-02   6.7023E-02   3.5526E-02
   2.8047E-02  -2.9816E-02  -2.7082E-02  -3.6347E-02  -4.1386E-02  -1.7934E-02
   1.5993E-02  -1.2203E-02  -2.0001E-02  -3.1325E-03  -5.4273E-04   2.6849E-03
  -1.5064E-02   1.2347E-02   2.1563E-02   2.5843E-02   1.9990E-03   1.2776E-02
  -1.7031E-02  -1.4494E-02   7.4366E-03  -3.0085E-03  -1.2476E-02  -3.6560E-03
  -2.4742E-03   2.2718E-02  -1.4788E-02  -1.8145E-02  -4.2703E-03   1.3628E-02
  -5.2515E-03   3.1053E-02   1.9129E-03  -7.4180E-03   3.9247E-03  -1.2543E-02
  -1.5155E-03  -6.1881E-03   2.4108E-02   6.8903E-04  -4.5471E-03  -1.0910E-02
  -2.0214E-03   5.3882E-03   5.9749E-03  -4.7755E-03  -6.2224E-03  -2.7820E-03
  -6.4805E-04  -2.2552E-02  -4.2367E-03  -1.6086E-03   1.3756E-04  -2.4976E-04
  -4.4716E-03  -5.0535E-03  -2.0524E-03   8.7580E-04   2.6915E-03   7.3104E-03
   8.6674E-03   5.2706E-03   9.5124E-04  -2.2879E-02  -2.2390E-02  -2.3282E-02
   6.7764E-04   1.3521E-01  -5.1836E-02  -4.4430E-02   2.8916E-02  -1.2002E-02
   1.1853E-02  -4.6972E-02  -5.7768E-02   1.9444E-02  -5.0793E-02  -6.2193E-02
  -6.0171E-02  -8.5627E-02   5.5111E-02   5.2981E-02   1.9503E-02  -1.5345E-02
   2.2326E-03  -3.1402E-02  -2.7635E-02   1.0089E-02   1.5159E-02   1.9338E-02
  -6.8827E-03   5.1318E-02   6.0498E-02   1.6916E-02  -1.6530E-02  -1.2896E-02
  -2.2229E-02  -2.3881E-02  -1.2744E-02   2.0873E-02  -9.1374E-03  -1.7271E-02
   2.2970E-03  -1.3764E-02  -1.7894E-02  -9.9715E-03  -1.3980E-02   3.4993E-02
   3.2935E-02  -9.4679E-03  -3.6703E-02  -1.4831E-02  -1.4061E-02  -1.3457E-02
  -1.6817E-02  -1.0925E-02  -1.5880E-02  -1.2593E-02   1.2159E-02  -9.0858E-03
  -1.6051E-02  -8.9729E-03   1.4294E-02  -4.1021E-03   1.4142E-02  -6.0432E-03
  -1.0231E-02   1.0172E-02  -1.4023E-02  -1.1091E-03  -7.5017E-03   3.7733E-02
  -1.0633E-02  -1.3399E-03  -5.3977E-03   4.5300E-03   9.1670E-03  -2.8183E-03
  -5.4070E-03  -5.5578E-03   5.5311E-03  -8.7666E-04  -3.0680E-02  -4.7963E-03
  -3.7136E-03   8.5689E-04  -1.4676E-03  -3.0020E-03  -3.6992E-03  -6.2519E-03
  -1.3679E-03   2.9171E-03  -1.0400E-03   3.9063E-03   1.1566E-03   1.3988E-03
   1.8565E-02   1.9547E-02   1.8440E-02  -6.2052E-03
  > Energy =  -9.939097663043E+02 +/-   1.542499537970E-04
  > varE =   3.898253024688E-03

VMC #13:
* Size of Hilbert space =   1.0817E+14
* Number of equil. steps   = 1000
* Running VMC equilibration.
  Done. [total walltime: 0.34s]
* Equil. acc.ratio (%)     =  12.3580
* Sample config after equilibration:
  +-------------------------+
  |  u   u   u   0   u   0  |
  |d   d   d   d   2   2   2|
  |0   2   0   u   0   0   0|
  |  2   u   d   2   d   2  |
  +-------------------------+
* Number of accum. steps   = 655360 x 10
* Running VMC accumulation.
  Done. [total walltime: 2.33s]
* Acceptance ratio (%)     =  12.3257
* Etot/t                   =  -9.939096685393E+02 +/-   8.207493922626E-05
  > Ttot/t                 =  -9.591328304480E+01 +/-   9.371590866290E-04
  > Utot/t                 =   4.231176895643E+01 +/-   9.308257402465E-04
* var[Eloc/t]              =   3.940142307455E-03 +/-   4.711598344580E-05
* Correlation length       =   1.120441438923E+00
* log10 Psi^2 range: -132.8760892823268 -- -121.0367475238106
* log10 Pgen range : -132.8760892823268 -- -121.0367475238106
* Site occupation (ave. no. electrons per config.):
  > Site_  ___eu____  ___ed____
      1        0.500      0.497
      2        0.496      0.498
      3        0.498      0.498
      4        0.499      0.496
      5        0.502      0.502
      6        0.498      0.503
      7        0.503      0.501
      8        0.499      0.496
      9        0.498      0.497
     10        0.499      0.500
     11        0.499      0.496
     12        0.502      0.503
     13        0.503      0.501
     14        0.501      0.504
     15        0.502      0.504
     16        0.496      0.500
     17        0.498      0.497
     18        0.503      0.500
     19        0.500      0.497
     20        0.503      0.502
     21        0.503      0.502
     22        0.504      0.504
     23        0.498      0.498
     24        0.496      0.498
     25        0.498      0.500
     26        0.501      0.503
* Pair-correlation analysis (ave. no. pairs per config.):
  > Shell  nsite  ___dh____  __eueu___  __eued___
      0      1        0          0          4.507
      1      0        0.918      0.497      2.601
      2      0        0.136      0.360      0.531
      3      0        0.266      0.721      1.060
      4      0        0.225      0.772      1.068
      5      0        0.255      0.739      1.052
      6      0        0.764      0.846      2.431
      7      0        0.671      1.053      2.335
      8      0        0.603      1.224      2.254
      9      0        0.443      1.550      2.092
     10      0        0.530      1.388      2.177
     11      0        0.138      0.815      1.156
     12      0        0.139      0.833      1.138
     13      0        0.136      0.855      1.084
     14      0        0.226      2.109      1.914
     15      0        0.113      1.056      0.953
     16      0        0.225      2.083      1.906
     17      0        0.263      1.906      2.065
     18      0        0.240      2.044      1.934
     19      0        0.299      1.879      2.048
     20      0        0.307      1.875      2.058
     21      0        0.244      2.089      1.928
     22      0        0.247      2.114      1.906
     23      0        0.242      2.127      1.892
     24      0        0.237      2.106      1.915
     25      0        0.277      2.084      1.910
     26      0        0.268      2.082      1.908
     27      0        0.237      2.136      1.888
     28      0        0.218      1.950      2.056
     29      0        0.242      2.056      1.945
     30      0        0.216      1.947      2.092
     31      0        0.108      0.972      1.049
     32      0        0.246      2.049      1.956
     33      0        0.211      2.133      1.894
     34      0        0.252      2.042      1.963
     35      0        0.223      2.077      1.955
     36      0        0.246      2.010      1.961
     37      0        0.285      1.937      2.024
     38      0        0.144      0.967      1.010
     39      0        0.217      1.979      2.022
     40      0        0.259      1.902      2.079
     41      0        0.140      1.013      0.973
     42      0        0.279      2.024      1.951
     43      0        0.253      1.960      2.034
     44      0        0.260      1.868      2.102
     45      0        0.218      1.991      2.045
     46      0        0.243      2.024      1.976
     47      0        0.262      1.932      2.057
     48      0        0.246      1.964      2.031
     49      0        0.247      2.021      1.984
     50      0        0.252      1.974      2.023
     51      0        0.279      1.964      1.997
     52      0        0.247      2.037      1.969
     53      0        0.224      1.969      2.057
     54      0        0.219      2.046      1.991
     55      0        0.251      1.973      1.999
     56      0        0.277      1.999      1.966
     57      0        0.249      2.002      1.973
     58      0        0.217      2.030      1.972
     59      0        0.255      1.981      2.017
     60      0        0.241      2.010      1.994
     61      0        0.136      0.996      0.987
     62      0        0.108      1.017      1.005
     63      0        0.246      1.987      1.982
     64      0        0.217      2.032      2.006
     65      0        0.219      2.053      1.983
     66      0        0.137      0.984      0.995
     67      0        0.217      1.993      2.010
     68      0        0.216      2.012      1.992
     69      0        0.252      2.007      1.990
     70      0        0.253      2.015      1.989
     71      0        0.249      1.990      2.009
     72      0        0.219      2.021      2.013
     73      0        0.246      1.979      1.990
     74      0        0.247      2.004      1.990
     75      0        0.244      1.985      1.979
     76      0        0.245      1.842      2.150
     77      0        0.246      1.988      2.010
     78      0        0.109      1.003      1.014
     79      0        0.216      2.001      2.004
     80      0        0.218      2.008      1.994
     81      0        0.219      2.000      2.034
     82      0        0.239      1.980      1.992
     83      0        0.108      0.993      0.992
     84      0        0.218      2.001      2.003
     85      0        0.110      1.011      1.008
     86      0        0.244      1.996      2.004
     87      0        0.217      1.996      2.008
     88      0        0.110      0.995      0.988
     89      0        0.219      2.012      2.027
     90      0        0.126      0.974      1.009
     91      0        0.063      0.485      0.503
     92      0        0.064      0.483      0.504
     93      0        0.111      1.009      1.007

Optimization #13:
* Method          : lls
* Target function : energy
* No. of configs. : 163840
* No. of params.  : 736
* Before optimization:
  -2.1329E+01  -2.1056E+01  -2.1303E+01  -2.1036E+01  -2.1502E+01  -2.1018E+01
  -2.0776E+01   2.1148E+00   1.9783E+00   1.1214E+00   1.0764E+00   2.3870E+00
   2.7275E+00   2.2954E+00   2.3024E+00   1.4569E+00   1.4323E+00   1.4884E+00
   1.4603E+00   2.1468E+00   2.1474E+00   1.4840E+00   1.4449E+00   1.3916E+00
   1.4450E+00   1.1490E+00   1.3939E+00   1.3918E+00   1.3744E+00   1.3066E+00
   1.2997E+00   2.2005E+00   2.2006E+00   1.8171E+00   1.8175E+00   1.4701E+00
   1.4724E+00   6.7666E-01   6.7516E-01   1.1294E+00   1.1296E+00   1.1342E+00
   1.1334E+00   1.1171E+00   1.1165E+00   2.3377E+00   2.3327E+00   8.1577E-01
   8.1210E-01   1.5989E+00   1.6103E+00   1.9764E+00   1.9737E+00   1.0664E+00
   1.0670E+00   1.4645E+00   1.4655E+00   1.1477E+00   1.1483E+00   1.1222E+00
   6.2574E-01   6.2504E-01   1.7074E+00   1.6900E+00   6.5547E-01   6.5471E-01
   1.4414E+00   1.4409E+00   5.1131E-01   5.0919E-01   9.2683E-01   9.2702E-01
   7.9883E-02   5.6654E-01   5.6652E-01   7.0406E-01   7.0336E-01   1.0529E-01
   9.5293E-01   9.5053E-01   8.4909E-01   8.4777E-01   1.5402E+00   1.5409E+00
   6.6921E-01   6.6975E-01   9.6252E-01   9.6257E-01   7.3429E-01   7.3171E-01
   9.7925E-01   9.7938E-01   1.4561E-01   1.4503E-01   1.6434E-01   1.6355E-01
   4.4007E-01   4.3953E-01   8.7531E-01   8.7259E-01   9.4038E-01   9.3955E-01
   9.2442E-01   9.2352E-01   6.6378E-02   6.4877E-02   4.4628E-01   4.4644E-01
   4.8728E-02   4.7665E-02   6.1891E-01   6.1701E-01   4.0658E-01   4.0611E-01
   5.4588E-01   5.4611E-01   8.6057E-01   2.5425E-01  -3.9820E-01  -3.9909E-01
   4.8035E-01   4.7978E-01   7.2522E-01   7.2471E-01   8.5750E-01   1.1033E-01
   1.0978E-01   1.2492E-01   1.2438E-01  -2.1908E-02  -2.2140E-02   4.1269E-01
   4.1053E-01  -2.4240E-02  -2.4955E-02   9.9862E-02   1.0143E-01  -3.9154E-01
  -3.9160E-01   4.2483E-01   4.2396E-01   4.0362E-02   3.9019E-02   1.5206E+00
   1.5225E+00   5.5185E-01   5.5247E-01   2.3832E-01  -2.7853E-01  -2.7974E-01
  -2.7136E-01  -2.7197E-01   4.8433E-01   4.8393E-01   4.4506E-02   4.3764E-02
  -7.7124E-01  -3.8644E-01  -3.8609E-01   2.2026E-03   4.2218E-01   4.2164E-01
  -3.8442E-01  -3.8382E-01  -7.6815E-01   1.0360E-01   1.0472E-01   5.8659E-01
   5.8222E-01   5.8564E-01   5.8225E-01   5.8682E-01   5.8180E-01   3.5619E+00
  -5.7731E+00   1.7951E+00  -2.9163E+00   4.0210E+00  -5.1016E+00  -1.3971E+00
  -1.0253E+00  -1.2113E+01   9.3775E+00  -6.8064E+00   4.3809E+00  -2.5058E-01
  -1.2990E+00  -1.3758E+00  -1.8536E-01  -1.7687E+00  -3.9829E-01   1.2596E+00
  -2.7860E+00  -4.3212E+00   2.9330E+00  -1.2767E+00  -1.6959E-01   8.7824E+00
  -9.9315E+00  -2.7252E+00   1.3441E+00  -4.2467E+00   2.8848E+00   3.7944E+00
  -5.0875E+00  -6.5526E+00   4.3461E+00  -1.6037E+00  -2.1047E-01  -3.8073E+00
   2.3325E+00   3.1517E+00  -3.8317E+00   1.4448E+00  -2.5706E+00  -1.1897E+00
   5.8865E-02  -7.2740E-02  -1.0387E+00  -6.5837E+00   4.2779E+00   3.1245E+00
  -3.9060E+00  -3.8389E+00   2.2640E+00  -6.6196E+00   4.6517E+00   3.8817E+00
  -4.9511E+00  -7.8688E+00   6.4054E+00  -2.6409E+00   1.4895E+00  -4.1613E+00
   3.0349E+00   2.1168E-01  -8.3545E-01   3.7566E+00  -5.4380E+00   6.1953E-01
  -1.2743E+00  -1.0502E+00  -3.8790E-01   6.7276E+00  -7.2379E+00  -4.5953E+00
   3.6684E+00   4.5988E+00  -4.6789E+00   2.6355E+00  -3.2018E+00   1.7939E-01
  -8.9198E-01   4.5927E+00  -4.6948E+00  -4.6025E+00   3.6531E+00   1.8042E+00
  -2.6527E+00  -7.8994E+00   6.3513E+00  -2.3526E+00   1.6833E+00  -7.5759E+00
   6.6132E+00   5.8703E-01  -1.3263E+00  -7.5815E+00   6.6010E+00   2.0258E+00
  -2.1708E+00   2.0192E+00  -2.1840E+00  -3.2007E+00   2.7610E+00   1.7973E+00
  -2.6701E+00  -2.2995E+00   1.3595E+00  -2.2953E+00   1.3712E+00   5.8943E+00
  -5.9605E+00  -3.2028E+00   2.7571E+00   5.9002E+00  -5.9487E+00   2.6204E+00
  -3.2374E+00   9.6750E-01  -1.3734E+00  -5.7941E+00   5.2479E+00  -1.1031E+01
   1.0170E+01  -5.6574E-01   3.1259E-01   7.2737E+00  -6.8751E+00  -2.0329E+00
   1.5522E+00  -2.3673E+00   1.6437E+00  -1.1029E+01   1.0172E+01   2.9060E+00
  -3.0154E+00   2.9021E+00  -3.0260E+00   2.3326E+00  -2.3095E+00   9.6626E-01
  -1.3776E+00   2.3330E+00  -2.3083E+00  -2.6991E-01   1.6898E-01   7.2710E+00
  -6.8801E+00  -5.5120E+00   5.0880E+00  -5.6570E-01   5.2613E-01  -1.0848E+00
  -4.4542E-01  -5.7968E+00   5.2441E+00  -5.6147E-01   3.2299E-01   4.6737E+00
  -4.3945E+00   4.6710E+00  -4.3988E+00  -2.0346E+00   1.5493E+00  -5.6820E-01
   5.2349E-01   9.8940E+00  -9.1233E+00   4.9475E+00  -4.5612E+00  -1.5336E-03
  -1.4387E-03  -5.5111E+00   5.0889E+00   4.9464E+00  -4.5620E+00   9.8922E+00
  -9.1250E+00  -2.7206E-01   1.6715E-01   6.6977E+00  -7.2838E+00   6.6984E+00
  -7.2839E+00   6.6980E+00  -7.2840E+00   8.6600E-01   7.5900E-01   8.6575E-01
   7.1413E-01   9.8654E-01   6.9552E-01   7.1965E-01  -6.9257E-02  -1.9918E-01
  -2.1067E-01  -1.6038E-01  -1.1911E-01  -7.8860E-02  -1.6223E-01  -1.6274E-01
  -1.0990E-01  -1.3902E-01  -8.1672E-02  -7.7046E-02  -3.1920E-02   3.6427E-02
   3.4324E-02   3.0955E-02  -2.8510E-02  -2.3215E-03  -2.1480E-02  -3.7155E-02
   2.0837E-02   2.6427E-02   3.9019E-02   7.7632E-02   4.1665E-02   1.5619E-02
   3.0401E-02  -2.3547E-02  -2.9047E-02  -3.6795E-02  -4.4113E-02  -2.4037E-02
   6.0352E-02  -1.9336E-02  -2.8570E-02  -9.2963E-03  -7.3818E-04   2.7440E-03
  -9.9345E-03   4.4988E-03   2.8681E-02   2.5478E-02   3.3402E-03   4.3116E-03
  -1.5981E-02  -1.4565E-02   4.6550E-03  -5.2533E-03  -1.3964E-02  -3.8829E-03
  -1.0424E-03   2.6015E-02  -1.9352E-02  -2.2961E-02  -5.4562E-03   1.2443E-02
  -5.9563E-03   2.5578E-02   1.4742E-03  -7.0690E-03   8.1962E-03  -1.1087E-02
  -3.7759E-03  -1.1081E-02   2.1811E-02   1.3241E-03  -2.1578E-03  -6.5144E-03
   3.4386E-03   7.1576E-03   8.8349E-03  -5.2774E-03  -1.1789E-02  -2.3575E-03
   1.0024E-03  -2.4962E-02  -6.9521E-03  -3.9306E-03  -1.7525E-04  -4.5370E-03
  -1.0890E-02  -2.9677E-03   2.2762E-03  -3.1880E-03   3.5359E-03   4.8928E-03
   4.6389E-03   5.5842E-03   1.5466E-03  -1.3264E-02  -1.3099E-02  -1.4629E-02
   4.0528E-03   2.0544E-01  -3.8185E-02  -3.0480E-02   7.3452E-02   6.7063E-03
   6.2930E-02   1.1068E-02  -7.4815E-03   4.5597E-02  -1.3849E-02  -6.0741E-02
  -5.8156E-02  -6.7629E-02   7.9580E-02   7.9955E-02   4.2577E-02  -2.5238E-02
   5.6563E-03  -4.5005E-02  -4.6548E-02   2.0072E-02   2.5437E-02   2.6122E-02
  -6.4375E-03   2.6286E-02   3.5013E-02   2.0869E-02  -1.3713E-02  -1.6217E-02
  -2.5288E-02  -3.0965E-02  -1.7146E-02   4.7942E-02  -1.3868E-02  -2.4922E-02
  -3.9523E-03  -1.2617E-02  -1.6121E-02  -6.5798E-03  -1.8981E-02   4.0346E-02
   3.1160E-02  -8.5750E-03  -3.3936E-02  -1.3743E-02  -1.3947E-02  -1.4159E-02
  -1.6526E-02  -1.0833E-02  -1.5126E-02  -9.7383E-03   1.8627E-02  -1.4069E-02
  -2.0660E-02  -9.6026E-03   1.3605E-02  -5.0720E-03   1.2179E-02  -6.5906E-03
  -8.7154E-03   1.1595E-02  -9.6731E-03  -2.4461E-03  -1.1550E-02   3.0909E-02
  -6.1815E-03   2.0393E-04  -2.5856E-03   1.0542E-02   1.0979E-02  -1.1222E-03
  -5.2090E-03  -9.6434E-03   3.8007E-03   9.8818E-05  -3.2204E-02  -7.2713E-03
  -3.9991E-03   1.5301E-03  -4.8732E-03  -1.0037E-02  -5.2548E-04   1.2797E-03
  -4.0228E-03   7.8629E-03  -2.4006E-03   4.5887E-04   6.6801E-04   8.8628E-04
   2.0184E-02   2.0603E-02   1.9620E-02  -4.5216E-03  -4.0513E-02  -2.0468E-01
  -2.1426E-01  -1.5088E-01  -1.4765E-01  -6.5002E-02  -1.4909E-01  -1.5544E-01
  -1.5489E-01  -1.3867E-01  -7.6738E-02  -7.6960E-02  -2.5744E-02  -1.3376E-02
  -1.9135E-02  -4.8216E-03  -1.5257E-02  -1.1744E-02   2.3261E-03  -9.1939E-03
   8.4136E-03   1.2877E-02   3.2144E-02   8.7204E-02   6.7023E-02   3.5526E-02
   2.8047E-02  -2.9816E-02  -2.7082E-02  -3.6347E-02  -4.1386E-02  -1.7934E-02
   1.5993E-02  -1.2203E-02  -2.0001E-02  -3.1325E-03  -5.4273E-04   2.6849E-03
  -1.5064E-02   1.2347E-02   2.1563E-02   2.5843E-02   1.9990E-03   1.2776E-02
  -1.7031E-02  -1.4494E-02   7.4366E-03  -3.0085E-03  -1.2476E-02  -3.6560E-03
  -2.4742E-03   2.2718E-02  -1.4788E-02  -1.8145E-02  -4.2703E-03   1.3628E-02
  -5.2515E-03   3.1053E-02   1.9129E-03  -7.4180E-03   3.9247E-03  -1.2543E-02
  -1.5155E-03  -6.1881E-03   2.4108E-02   6.8903E-04  -4.5471E-03  -1.0910E-02
  -2.0214E-03   5.3882E-03   5.9749E-03  -4.7755E-03  -6.2224E-03  -2.7820E-03
  -6.4805E-04  -2.2552E-02  -4.2367E-03  -1.6086E-03   1.3756E-04  -2.4976E-04
  -4.4716E-03  -5.0535E-03  -2.0524E-03   8.7580E-04   2.6915E-03   7.3104E-03
   8.6674E-03   5.2706E-03   9.5124E-04  -2.2879E-02  -2.2390E-02  -2.3282E-02
   6.7764E-04   1.3521E-01  -5.1836E-02  -4.4430E-02   2.8916E-02  -1.2002E-02
   1.1853E-02  -4.6972E-02  -5.7768E-02   1.9444E-02  -5.0793E-02  -6.2193E-02
  -6.0171E-02  -8.5627E-02   5.5111E-02   5.2981E-02   1.9503E-02  -1.5345E-02
   2.2326E-03  -3.1402E-02  -2.7635E-02   1.0089E-02   1.5159E-02   1.9338E-02
  -6.8827E-03   5.1318E-02   6.0498E-02   1.6916E-02  -1.6530E-02  -1.2896E-02
  -2.2229E-02  -2.3881E-02  -1.2744E-02   2.0873E-02  -9.1374E-03  -1.7271E-02
   2.2970E-03  -1.3764E-02  -1.7894E-02  -9.9715E-03  -1.3980E-02   3.4993E-02
   3.2935E-02  -9.4679E-03  -3.6703E-02  -1.4831E-02  -1.4061E-02  -1.3457E-02
  -1.6817E-02  -1.0925E-02  -1.5880E-02  -1.2593E-02   1.2159E-02  -9.0858E-03
  -1.6051E-02  -8.9729E-03   1.4294E-02  -4.1021E-03   1.4142E-02  -6.0432E-03
  -1.0231E-02   1.0172E-02  -1.4023E-02  -1.1091E-03  -7.5017E-03   3.7733E-02
  -1.0633E-02  -1.3399E-03  -5.3977E-03   4.5300E-03   9.1670E-03  -2.8183E-03
  -5.4070E-03  -5.5578E-03   5.5311E-03  -8.7666E-04  -3.0680E-02  -4.7963E-03
  -3.7136E-03   8.5689E-04  -1.4676E-03  -3.0020E-03  -3.6992E-03  -6.2519E-03
  -1.3679E-03   2.9171E-03  -1.0400E-03   3.9063E-03   1.1566E-03   1.3988E-03
   1.8565E-02   1.9547E-02   1.8440E-02  -6.2052E-03
  > E    =  -9.939097794630E+02 +/-   1.568222783293E-04
  > varE =   4.029354308470E-03
* Computing derivatives.
    [walltime: 2m41s elapsed, 3m58s remaining]
  Done. [total walltime: 6m44s]
* Optimizing manipulation constant:
  #igrid a___________ E____________________________________ varE____________
     1     Infinity    -9.93909779E+02 +/-   1.56822278E-04   4.02935431E-03
     2     1.0000E+06  -9.93909779E+02 +/-   1.56822268E-04   4.02935376E-03
     3     2.1544E+05  -9.93909779E+02 +/-   1.56822229E-04   4.02935178E-03
     4     4.6416E+04  -9.93909779E+02 +/-   1.56822050E-04   4.02934259E-03
     5     1.0000E+04  -9.93909779E+02 +/-   1.56821220E-04   4.02929992E-03
     6     2.1544E+03  -9.93909780E+02 +/-   1.56817371E-04   4.02910212E-03
     7     4.6416E+02  -9.93909780E+02 +/-   1.56799604E-04   4.02818924E-03
     8     1.0000E+02  -9.93909783E+02 +/-   1.56719287E-04   4.02406357E-03
     9     2.1544E+01  -9.93909793E+02 +/-   1.56390566E-04   4.00720021E-03
    10     4.6416E+00  -9.93909806E+02 +/-   1.55697472E-04   3.97176060E-03
    11     1.0000E+00  -9.93908357E+02 +/-   1.78581046E-04   5.22505257E-03
    12     2.1544E-01  -9.93854898E+02 +/-   5.55324930E-04   5.05259259E-02
    13     4.6416E-02  -9.93682406E+02 +/-   1.07892432E-03   1.90722487E-01
    14     1.0000E-02  -9.93582604E+02 +/-   1.27981780E-03   2.68359042E-01
    15     2.1544E-03  -9.93554887E+02 +/-   1.32923338E-03   2.89482568E-01
    16     4.6416E-04  -9.93548566E+02 +/-   1.34018666E-03   2.94273070E-01
    17     1.0000E-04  -9.93547188E+02 +/-   1.34256093E-03   2.95316659E-01
    18     2.1544E-05  -9.93546890E+02 +/-   1.34307312E-03   2.95542031E-01
    19     4.6416E-06  -9.93546826E+02 +/-   1.34318350E-03   2.95590611E-01
    20     1.0000E-06  -9.93546812E+02 +/-   1.34320728E-03   2.95601079E-01
    21     0.0000E+00  -9.93546808E+02 +/-   1.34321381E-03   2.95603953E-01
  ParMin   9.8502E+00  -9.93909803E+02 +/-   1.56019860E-04   3.98822553E-03
  # Using grid point #10
* Iteration # 1: E =  -9.939098059477E+02 +/-   1.556974722365E-04
* Diminishing returns: exiting.
* After optimization:
  -2.1419E+01  -2.1135E+01  -2.1392E+01  -2.1110E+01  -2.1535E+01  -2.1094E+01
  -2.0834E+01   2.1091E+00   1.9779E+00   1.1233E+00   1.0797E+00   2.3880E+00
   2.7294E+00   2.2949E+00   2.3030E+00   1.4610E+00   1.4363E+00   1.4883E+00
   1.4597E+00   2.1479E+00   2.1467E+00   1.4822E+00   1.4425E+00   1.3928E+00
   1.4463E+00   1.1506E+00   1.3962E+00   1.3941E+00   1.3741E+00   1.3062E+00
   1.2991E+00   2.2027E+00   2.2019E+00   1.8190E+00   1.8185E+00   1.4707E+00
   1.4730E+00   6.7818E-01   6.7628E-01   1.1300E+00   1.1298E+00   1.1359E+00
   1.1351E+00   1.1193E+00   1.1192E+00   2.3386E+00   2.3331E+00   8.1779E-01
   8.1355E-01   1.5981E+00   1.6096E+00   1.9775E+00   1.9753E+00   1.0669E+00
   1.0669E+00   1.4659E+00   1.4673E+00   1.1487E+00   1.1489E+00   1.1226E+00
   6.2609E-01   6.2565E-01   1.7092E+00   1.6914E+00   6.5589E-01   6.5498E-01
   1.4414E+00   1.4417E+00   5.1080E-01   5.0775E-01   9.2744E-01   9.2734E-01
   8.0615E-02   5.6670E-01   5.6637E-01   7.0442E-01   7.0359E-01   1.0648E-01
   9.5316E-01   9.5067E-01   8.4853E-01   8.4673E-01   1.5410E+00   1.5425E+00
   6.6955E-01   6.6954E-01   9.6221E-01   9.6234E-01   7.3479E-01   7.3213E-01
   9.7823E-01   9.7878E-01   1.4623E-01   1.4562E-01   1.6460E-01   1.6360E-01
   4.4008E-01   4.3982E-01   8.7413E-01   8.7092E-01   9.4094E-01   9.3981E-01
   9.2496E-01   9.2339E-01   6.6259E-02   6.4403E-02   4.4607E-01   4.4635E-01
   4.8536E-02   4.6588E-02   6.1896E-01   6.1652E-01   4.0668E-01   4.0566E-01
   5.4560E-01   5.4595E-01   8.6016E-01   2.5419E-01  -3.9820E-01  -3.9912E-01
   4.7993E-01   4.7892E-01   7.2478E-01   7.2425E-01   8.5700E-01   1.0968E-01
   1.0869E-01   1.2433E-01   1.2345E-01  -2.2016E-02  -2.2503E-02   4.1308E-01
   4.1039E-01  -2.4276E-02  -2.5051E-02   9.9862E-02   1.0094E-01  -3.9188E-01
  -3.9210E-01   4.2446E-01   4.2353E-01   3.9649E-02   3.8582E-02   1.5196E+00
   1.5227E+00   5.5157E-01   5.5237E-01   2.3844E-01  -2.7926E-01  -2.8025E-01
  -2.7176E-01  -2.7276E-01   4.8421E-01   4.8332E-01   4.3488E-02   4.3003E-02
  -7.7164E-01  -3.8667E-01  -3.8643E-01   2.1458E-03   4.2171E-01   4.2146E-01
  -3.8437E-01  -3.8400E-01  -7.6852E-01   1.0326E-01   1.0434E-01   5.8513E-01
   5.8032E-01   5.8404E-01   5.8018E-01   5.8531E-01   5.7987E-01   3.5642E+00
  -5.7677E+00   1.7939E+00  -2.9213E+00   4.0215E+00  -5.1049E+00  -1.4001E+00
  -1.0240E+00  -1.2112E+01   9.3743E+00  -6.8061E+00   4.3780E+00  -2.5132E-01
  -1.3034E+00  -1.3742E+00  -1.8889E-01  -1.7674E+00  -4.0162E-01   1.2628E+00
  -2.7869E+00  -4.3197E+00   2.9312E+00  -1.2760E+00  -1.7219E-01   8.7826E+00
  -9.9329E+00  -2.7248E+00   1.3415E+00  -4.2433E+00   2.8823E+00   3.7968E+00
  -5.0893E+00  -6.5529E+00   4.3454E+00  -1.6026E+00  -2.1341E-01  -3.8057E+00
   2.3306E+00   3.1533E+00  -3.8342E+00   1.4464E+00  -2.5726E+00  -1.1884E+00
   5.6240E-02  -7.2460E-02  -1.0419E+00  -6.5841E+00   4.2767E+00   3.1255E+00
  -3.9090E+00  -3.8365E+00   2.2625E+00  -6.6185E+00   4.6490E+00   3.8835E+00
  -4.9530E+00  -7.8681E+00   6.4029E+00  -2.6395E+00   1.4877E+00  -4.1588E+00
   3.0321E+00   2.1409E-01  -8.3829E-01   3.7552E+00  -5.4389E+00   6.2101E-01
  -1.2765E+00  -1.0504E+00  -3.8851E-01   6.7301E+00  -7.2393E+00  -4.5935E+00
   3.6662E+00   4.6012E+00  -4.6820E+00   2.6373E+00  -3.2032E+00   1.8188E-01
  -8.9483E-01   4.5947E+00  -4.6979E+00  -4.6004E+00   3.6512E+00   1.8051E+00
  -2.6525E+00  -7.8984E+00   6.3492E+00  -2.3503E+00   1.6807E+00  -7.5732E+00
   6.6108E+00   5.8866E-01  -1.3283E+00  -7.5784E+00   6.5987E+00   2.0282E+00
  -2.1736E+00   2.0217E+00  -2.1866E+00  -3.1982E+00   2.7583E+00   1.7986E+00
  -2.6699E+00  -2.2998E+00   1.3592E+00  -2.2956E+00   1.3709E+00   5.8964E+00
  -5.9625E+00  -3.2001E+00   2.7547E+00   5.9026E+00  -5.9507E+00   2.6222E+00
  -3.2389E+00   9.6825E-01  -1.3739E+00  -5.7915E+00   5.2454E+00  -1.1028E+01
   1.0168E+01  -5.6332E-01   3.0997E-01   7.2765E+00  -6.8781E+00  -2.0312E+00
   1.5513E+00  -2.3645E+00   1.6413E+00  -1.1026E+01   1.0169E+01   2.9092E+00
  -3.0179E+00   2.9054E+00  -3.0286E+00   2.3339E+00  -2.3107E+00   9.6668E-01
  -1.3781E+00   2.3344E+00  -2.3095E+00  -2.6854E-01   1.6784E-01   7.2742E+00
  -6.8827E+00  -5.5103E+00   5.0869E+00  -5.6233E-01   5.2371E-01  -1.0842E+00
  -4.4557E-01  -5.7942E+00   5.2416E+00  -5.5885E-01   3.2047E-01   4.6769E+00
  -4.3970E+00   4.6742E+00  -4.4016E+00  -2.0328E+00   1.5485E+00  -5.6479E-01
   5.2081E-01   9.8974E+00  -9.1264E+00   4.9493E+00  -4.5627E+00  -1.3715E-03
  -1.8875E-03  -5.5099E+00   5.0876E+00   4.9483E+00  -4.5640E+00   9.8960E+00
  -9.1282E+00  -2.7043E-01   1.6592E-01   6.7008E+00  -7.2850E+00   6.7014E+00
  -7.2851E+00   6.7010E+00  -7.2854E+00   9.0535E-01   7.8997E-01   9.0485E-01
   7.3970E-01   1.0161E+00   7.2239E-01   7.4802E-01  -7.3726E-02  -2.0436E-01
  -2.2074E-01  -1.6598E-01  -1.2399E-01  -8.4591E-02  -1.6683E-01  -1.6759E-01
  -1.1519E-01  -1.4650E-01  -8.2170E-02  -7.9719E-02  -3.1809E-02   3.6724E-02
   3.3625E-02   3.0764E-02  -2.8263E-02  -2.6428E-03  -2.3801E-02  -3.6452E-02
   2.1220E-02   2.5951E-02   3.8962E-02   8.3153E-02   4.0246E-02   1.5322E-02
   3.0737E-02  -2.4808E-02  -2.8412E-02  -3.6046E-02  -4.6331E-02  -2.5365E-02
   6.4312E-02  -1.9407E-02  -2.8435E-02  -7.2132E-03   5.3468E-04   4.7263E-03
  -1.2781E-02   6.8047E-03   3.1226E-02   2.5496E-02   5.0056E-03   6.9994E-03
  -1.7406E-02  -1.5506E-02   7.6467E-03  -5.3962E-03  -1.4817E-02  -3.5541E-03
   2.2624E-05   2.7752E-02  -2.0434E-02  -2.6584E-02  -6.0522E-03   1.3986E-02
  -7.8233E-03   2.7505E-02   2.7070E-04  -6.9154E-03   6.1290E-03  -1.2901E-02
  -5.0598E-03  -1.2362E-02   2.3758E-02   3.2194E-03  -3.4926E-03  -9.3128E-03
   1.8447E-03   8.8847E-03   8.3593E-03  -4.8897E-03  -1.3062E-02  -1.8622E-03
   9.1525E-04  -2.3992E-02  -7.7097E-03  -4.0590E-03   8.0032E-04  -2.4012E-03
  -1.1990E-02  -4.2527E-04   2.0859E-03  -6.3508E-03   7.0634E-03   3.9675E-03
   6.2050E-03   5.6696E-03   4.0134E-03  -1.5533E-02  -1.5368E-02  -1.6780E-02
   2.0234E-03   2.1234E-01  -3.9452E-02  -3.6511E-02   7.7842E-02   3.3519E-03
   6.0264E-02   8.1659E-03  -1.1183E-02   4.6716E-02  -1.9009E-02  -6.0227E-02
  -6.0458E-02  -6.9694E-02   8.4471E-02   8.5042E-02   4.4843E-02  -2.4170E-02
   6.8024E-03  -4.7660E-02  -4.7543E-02   2.0920E-02   2.6765E-02   2.6898E-02
  -5.5075E-03   2.8896E-02   3.8410E-02   2.2694E-02  -1.4738E-02  -1.7146E-02
  -2.5210E-02  -3.2097E-02  -1.9152E-02   5.0676E-02  -1.5042E-02  -2.5578E-02
  -4.1971E-03  -1.3858E-02  -1.6635E-02  -6.1200E-03  -1.9664E-02   4.2704E-02
   3.1914E-02  -9.7893E-03  -3.3751E-02  -1.3147E-02  -1.4372E-02  -1.3456E-02
  -1.7496E-02  -1.0446E-02  -1.4817E-02  -8.6999E-03   2.0091E-02  -1.3714E-02
  -2.1440E-02  -1.0650E-02   1.4133E-02  -5.3879E-03   1.1446E-02  -7.4207E-03
  -9.4240E-03   1.2946E-02  -1.0925E-02  -2.2569E-03  -1.0695E-02   3.1995E-02
  -7.4529E-03   6.5401E-04  -2.7681E-03   1.2224E-02   1.2588E-02  -1.8087E-03
  -4.8014E-03  -7.7978E-03   1.4667E-03   1.3331E-03  -3.1731E-02  -6.3924E-03
  -5.1699E-03   1.6845E-03  -6.9621E-03  -8.3657E-03  -1.7588E-03   2.0287E-03
  -4.8443E-03   6.3865E-03  -2.4973E-03  -3.0837E-04   1.2292E-03  -4.7112E-04
   2.1199E-02   2.1462E-02   2.0670E-02  -2.3305E-03  -5.2358E-02  -2.0168E-01
  -2.1273E-01  -1.5883E-01  -1.4883E-01  -6.6469E-02  -1.4543E-01  -1.5323E-01
  -1.5874E-01  -1.3970E-01  -7.3493E-02  -7.5294E-02  -2.5031E-02  -1.5798E-02
  -2.2703E-02  -6.7338E-03  -1.6170E-02  -1.4014E-02   9.9174E-04  -5.3563E-03
   9.7866E-03   9.5981E-03   3.1866E-02   8.6641E-02   6.3956E-02   3.4093E-02
   2.6886E-02  -2.8734E-02  -2.4559E-02  -3.4239E-02  -4.1174E-02  -1.8372E-02
   1.3980E-02  -1.1393E-02  -1.9943E-02  -6.0286E-04   2.4276E-03   5.4658E-03
  -1.8950E-02   1.5283E-02   2.2734E-02   2.6630E-02   4.9409E-03   1.4176E-02
  -1.8452E-02  -1.4416E-02   1.0608E-02  -2.3117E-03  -1.2709E-02  -2.8752E-03
  -1.3760E-03   2.3592E-02  -1.5073E-02  -2.0648E-02  -2.7527E-03   1.4006E-02
  -7.4011E-03   3.3591E-02   1.0331E-03  -6.9949E-03   1.4520E-03  -1.2497E-02
  -3.3812E-03  -7.2122E-03   2.4864E-02   2.4057E-03  -6.3736E-03  -1.2346E-02
  -3.5960E-03   6.4643E-03   5.4135E-03  -4.2977E-03  -8.4131E-03  -7.8586E-06
  -2.1963E-03  -2.0159E-02  -6.6250E-03  -1.5471E-03   1.0643E-03   2.5763E-03
  -6.8014E-03  -2.7404E-03  -5.7590E-03   1.4723E-03   4.3836E-03   8.2987E-03
   9.8190E-03   6.1278E-03   2.4769E-03  -2.5226E-02  -2.4847E-02  -2.5306E-02
  -4.8049E-03   1.2848E-01  -5.5336E-02  -4.6981E-02   2.3817E-02  -1.7374E-02
   4.7381E-03  -5.0811E-02  -6.3077E-02   1.5260E-02  -5.6061E-02  -5.8999E-02
  -5.8713E-02  -8.5858E-02   5.6557E-02   5.4465E-02   2.0528E-02  -1.5480E-02
   1.8774E-03  -3.2212E-02  -2.5767E-02   1.2107E-02   1.4562E-02   2.0765E-02
  -8.8377E-03   5.3515E-02   6.2473E-02   1.8071E-02  -1.5516E-02  -1.3625E-02
  -2.1667E-02  -2.3738E-02  -1.4475E-02   1.8198E-02  -1.0645E-02  -1.8535E-02
   1.4119E-03  -1.3326E-02  -1.7371E-02  -9.2750E-03  -1.3645E-02   3.5296E-02
   3.4468E-02  -1.0036E-02  -3.6664E-02  -1.3671E-02  -1.3072E-02  -1.2311E-02
  -1.6681E-02  -9.2796E-03  -1.4424E-02  -1.1083E-02   1.2183E-02  -7.5482E-03
  -1.5689E-02  -7.7050E-03   1.4012E-02  -4.1366E-03   1.4126E-02  -6.0645E-03
  -1.1027E-02   1.2168E-02  -1.3982E-02  -1.0122E-03  -6.7406E-03   3.7026E-02
  -1.2290E-02  -5.1083E-04  -3.9490E-03   6.8420E-03   9.8006E-03  -2.6722E-03
  -5.1724E-03  -3.2999E-03   4.6445E-03  -6.7407E-04  -2.8636E-02  -4.1165E-03
  -5.3201E-03   1.0230E-03  -3.1443E-03  -2.6295E-03  -5.3550E-03  -8.5810E-03
   1.0223E-03   7.6797E-04   1.6462E-03   3.0775E-03   1.7041E-03  -1.1094E-03
   1.8608E-02   1.9408E-02   1.8286E-02  -6.1362E-03
  > Energy =  -9.939098059477E+02 +/-   1.556974722365E-04
  > varE =   3.971760596717E-03

VMC #14:
* Size of Hilbert space =   1.0817E+14
* Number of equil. steps   = 1000
* Running VMC equilibration.
  Done. [total walltime: 0.34s]
* Equil. acc.ratio (%)     =  12.0619
* Sample config after equilibration:
  +-------------------------+
  |  0   u   d   0   d   d  |
  |2   d   2   2   u   d   u|
  |d   u   u   u   u   u   0|
  |  u   d   d   0   d   2  |
  +-------------------------+
* Number of accum. steps   = 655360 x 10
* Running VMC accumulation.
  Done. [total walltime: 2.32s]
* Acceptance ratio (%)     =  12.0241
* Etot/t                   =  -9.939098112095E+02 +/-   8.038277122993E-05
  > Ttot/t                 =  -9.591149894772E+01 +/-   9.333323439792E-04
  > Utot/t                 =   4.230984218915E+01 +/-   9.264171268860E-04
* var[Eloc/t]              =   3.960778825593E-03 +/-   3.930444887820E-05
* Correlation length       =   1.069117130311E+00
* log10 Psi^2 range: -134.4523214761022 -- -120.8856328532717
* log10 Pgen range : -134.4523214761022 -- -120.8856328532717
* Site occupation (ave. no. electrons per config.):
  > Site_  ___eu____  ___ed____
      1        0.499      0.497
      2        0.498      0.497
      3        0.499      0.499
      4        0.498      0.500
      5        0.503      0.500
      6        0.502      0.500
      7        0.500      0.503
      8        0.498      0.500
      9        0.500      0.496
     10        0.500      0.498
     11        0.498      0.495
     12        0.503      0.501
     13        0.502      0.501
     14        0.503      0.503
     15        0.504      0.504
     16        0.498      0.499
     17        0.498      0.499
     18        0.501      0.502
     19        0.497      0.501
     20        0.503      0.505
     21        0.502      0.503
     22        0.502      0.502
     23        0.496      0.500
     24        0.496      0.497
     25        0.497      0.497
     26        0.502      0.502
* Pair-correlation analysis (ave. no. pairs per config.):
  > Shell  nsite  ___dh____  __eueu___  __eued___
      0      1        0          0          4.494
      1      0        0.919      0.497      2.601
      2      0        0.137      0.359      0.530
      3      0        0.262      0.723      1.063
      4      0        0.227      0.766      1.066
      5      0        0.252      0.739      1.051
      6      0        0.761      0.848      2.432
      7      0        0.666      1.048      2.343
      8      0        0.601      1.218      2.258
      9      0        0.445      1.552      2.091
     10      0        0.528      1.386      2.183
     11      0        0.137      0.816      1.154
     12      0        0.136      0.837      1.142
     13      0        0.135      0.857      1.089
     14      0        0.225      2.112      1.910
     15      0        0.110      1.061      0.949
     16      0        0.223      2.088      1.913
     17      0        0.266      1.899      2.056
     18      0        0.236      2.048      1.939
     19      0        0.295      1.877      2.051
     20      0        0.304      1.875      2.060
     21      0        0.243      2.096      1.922
     22      0        0.242      2.115      1.907
     23      0        0.241      2.127      1.889
     24      0        0.236      2.102      1.915
     25      0        0.273      2.088      1.908
     26      0        0.264      2.080      1.909
     27      0        0.238      2.130      1.888
     28      0        0.217      1.954      2.060
     29      0        0.242      2.053      1.941
     30      0        0.214      1.946      2.099
     31      0        0.106      0.968      1.051
     32      0        0.243      2.055      1.949
     33      0        0.213      2.137      1.888
     34      0        0.250      2.048      1.964
     35      0        0.219      2.077      1.957
     36      0        0.243      2.013      1.966
     37      0        0.283      1.935      2.021
     38      0        0.143      0.965      1.010
     39      0        0.215      1.986      2.020
     40      0        0.257      1.896      2.083
     41      0        0.138      1.013      0.974
     42      0        0.275      2.023      1.947
     43      0        0.255      1.953      2.028
     44      0        0.256      1.870      2.099
     45      0        0.218      1.985      2.051
     46      0        0.240      2.025      1.972
     47      0        0.258      1.934      2.060
     48      0        0.241      1.960      2.034
     49      0        0.244      2.025      1.985
     50      0        0.246      1.976      2.027
     51      0        0.276      1.959      1.999
     52      0        0.246      2.034      1.965
     53      0        0.222      1.967      2.055
     54      0        0.217      2.037      1.990
     55      0        0.250      1.972      2.007
     56      0        0.274      1.997      1.963
     57      0        0.247      2.004      1.978
     58      0        0.216      2.032      1.976
     59      0        0.256      1.974      2.017
     60      0        0.239      2.013      1.995
     61      0        0.135      0.996      0.983
     62      0        0.109      1.018      1.004
     63      0        0.243      1.996      1.985
     64      0        0.214      2.033      2.001
     65      0        0.217      2.058      1.981
     66      0        0.136      0.983      0.993
     67      0        0.217      1.990      2.015
     68      0        0.216      2.019      1.990
     69      0        0.246      2.009      1.988
     70      0        0.254      2.019      1.980
     71      0        0.254      1.983      2.002
     72      0        0.218      2.023      2.011
     73      0        0.247      1.979      1.993
     74      0        0.245      2.000      1.988
     75      0        0.241      1.987      1.982
     76      0        0.243      1.842      2.146
     77      0        0.242      1.985      2.016
     78      0        0.109      1.006      1.014
     79      0        0.216      2.002      2.013
     80      0        0.215      2.015      2.001
     81      0        0.219      1.993      2.032
     82      0        0.241      1.983      1.989
     83      0        0.107      0.995      0.998
     84      0        0.219      2.007      1.994
     85      0        0.110      1.007      1.003
     86      0        0.244      1.987      2.000
     87      0        0.218      2.001      2.003
     88      0        0.109      0.994      0.997
     89      0        0.219      2.009      2.025
     90      0        0.125      0.976      1.011
     91      0        0.063      0.487      0.503
     92      0        0.063      0.486      0.505
     93      0        0.111      1.001      1.010

Optimization #14:
* Method          : lls
* Target function : energy
* No. of configs. : 163840
* No. of params.  : 736
* Before optimization:
  -2.1419E+01  -2.1135E+01  -2.1392E+01  -2.1110E+01  -2.1535E+01  -2.1094E+01
  -2.0834E+01   2.1091E+00   1.9779E+00   1.1233E+00   1.0797E+00   2.3880E+00
   2.7294E+00   2.2949E+00   2.3030E+00   1.4610E+00   1.4363E+00   1.4883E+00
   1.4597E+00   2.1479E+00   2.1467E+00   1.4822E+00   1.4425E+00   1.3928E+00
   1.4463E+00   1.1506E+00   1.3962E+00   1.3941E+00   1.3741E+00   1.3062E+00
   1.2991E+00   2.2027E+00   2.2019E+00   1.8190E+00   1.8185E+00   1.4707E+00
   1.4730E+00   6.7818E-01   6.7628E-01   1.1300E+00   1.1298E+00   1.1359E+00
   1.1351E+00   1.1193E+00   1.1192E+00   2.3386E+00   2.3331E+00   8.1779E-01
   8.1355E-01   1.5981E+00   1.6096E+00   1.9775E+00   1.9753E+00   1.0669E+00
   1.0669E+00   1.4659E+00   1.4673E+00   1.1487E+00   1.1489E+00   1.1226E+00
   6.2609E-01   6.2565E-01   1.7092E+00   1.6914E+00   6.5589E-01   6.5498E-01
   1.4414E+00   1.4417E+00   5.1080E-01   5.0775E-01   9.2744E-01   9.2734E-01
   8.0615E-02   5.6670E-01   5.6637E-01   7.0442E-01   7.0359E-01   1.0648E-01
   9.5316E-01   9.5067E-01   8.4853E-01   8.4673E-01   1.5410E+00   1.5425E+00
   6.6955E-01   6.6954E-01   9.6221E-01   9.6234E-01   7.3479E-01   7.3213E-01
   9.7823E-01   9.7878E-01   1.4623E-01   1.4562E-01   1.6460E-01   1.6360E-01
   4.4008E-01   4.3982E-01   8.7413E-01   8.7092E-01   9.4094E-01   9.3981E-01
   9.2496E-01   9.2339E-01   6.6259E-02   6.4403E-02   4.4607E-01   4.4635E-01
   4.8536E-02   4.6588E-02   6.1896E-01   6.1652E-01   4.0668E-01   4.0566E-01
   5.4560E-01   5.4595E-01   8.6016E-01   2.5419E-01  -3.9820E-01  -3.9912E-01
   4.7993E-01   4.7892E-01   7.2478E-01   7.2425E-01   8.5700E-01   1.0968E-01
   1.0869E-01   1.2433E-01   1.2345E-01  -2.2016E-02  -2.2503E-02   4.1308E-01
   4.1039E-01  -2.4276E-02  -2.5051E-02   9.9862E-02   1.0094E-01  -3.9188E-01
  -3.9210E-01   4.2446E-01   4.2353E-01   3.9649E-02   3.8582E-02   1.5196E+00
   1.5227E+00   5.5157E-01   5.5237E-01   2.3844E-01  -2.7926E-01  -2.8025E-01
  -2.7176E-01  -2.7276E-01   4.8421E-01   4.8332E-01   4.3488E-02   4.3003E-02
  -7.7164E-01  -3.8667E-01  -3.8643E-01   2.1458E-03   4.2171E-01   4.2146E-01
  -3.8437E-01  -3.8400E-01  -7.6852E-01   1.0326E-01   1.0434E-01   5.8513E-01
   5.8032E-01   5.8404E-01   5.8018E-01   5.8531E-01   5.7987E-01   3.5642E+00
  -5.7677E+00   1.7939E+00  -2.9213E+00   4.0215E+00  -5.1049E+00  -1.4001E+00
  -1.0240E+00  -1.2112E+01   9.3743E+00  -6.8061E+00   4.3780E+00  -2.5132E-01
  -1.3034E+00  -1.3742E+00  -1.8889E-01  -1.7674E+00  -4.0162E-01   1.2628E+00
  -2.7869E+00  -4.3197E+00   2.9312E+00  -1.2760E+00  -1.7219E-01   8.7826E+00
  -9.9329E+00  -2.7248E+00   1.3415E+00  -4.2433E+00   2.8823E+00   3.7968E+00
  -5.0893E+00  -6.5529E+00   4.3454E+00  -1.6026E+00  -2.1341E-01  -3.8057E+00
   2.3306E+00   3.1533E+00  -3.8342E+00   1.4464E+00  -2.5726E+00  -1.1884E+00
   5.6240E-02  -7.2460E-02  -1.0419E+00  -6.5841E+00   4.2767E+00   3.1255E+00
  -3.9090E+00  -3.8365E+00   2.2625E+00  -6.6185E+00   4.6490E+00   3.8835E+00
  -4.9530E+00  -7.8681E+00   6.4029E+00  -2.6395E+00   1.4877E+00  -4.1588E+00
   3.0321E+00   2.1409E-01  -8.3829E-01   3.7552E+00  -5.4389E+00   6.2101E-01
  -1.2765E+00  -1.0504E+00  -3.8851E-01   6.7301E+00  -7.2393E+00  -4.5935E+00
   3.6662E+00   4.6012E+00  -4.6820E+00   2.6373E+00  -3.2032E+00   1.8188E-01
  -8.9483E-01   4.5947E+00  -4.6979E+00  -4.6004E+00   3.6512E+00   1.8051E+00
  -2.6525E+00  -7.8984E+00   6.3492E+00  -2.3503E+00   1.6807E+00  -7.5732E+00
   6.6108E+00   5.8866E-01  -1.3283E+00  -7.5784E+00   6.5987E+00   2.0282E+00
  -2.1736E+00   2.0217E+00  -2.1866E+00  -3.1982E+00   2.7583E+00   1.7986E+00
  -2.6699E+00  -2.2998E+00   1.3592E+00  -2.2956E+00   1.3709E+00   5.8964E+00
  -5.9625E+00  -3.2001E+00   2.7547E+00   5.9026E+00  -5.9507E+00   2.6222E+00
  -3.2389E+00   9.6825E-01  -1.3739E+00  -5.7915E+00   5.2454E+00  -1.1028E+01
   1.0168E+01  -5.6332E-01   3.0997E-01   7.2765E+00  -6.8781E+00  -2.0312E+00
   1.5513E+00  -2.3645E+00   1.6413E+00  -1.1026E+01   1.0169E+01   2.9092E+00
  -3.0179E+00   2.9054E+00  -3.0286E+00   2.3339E+00  -2.3107E+00   9.6668E-01
  -1.3781E+00   2.3344E+00  -2.3095E+00  -2.6854E-01   1.6784E-01   7.2742E+00
  -6.8827E+00  -5.5103E+00   5.0869E+00  -5.6233E-01   5.2371E-01  -1.0842E+00
  -4.4557E-01  -5.7942E+00   5.2416E+00  -5.5885E-01   3.2047E-01   4.6769E+00
  -4.3970E+00   4.6742E+00  -4.4016E+00  -2.0328E+00   1.5485E+00  -5.6479E-01
   5.2081E-01   9.8974E+00  -9.1264E+00   4.9493E+00  -4.5627E+00  -1.3715E-03
  -1.8875E-03  -5.5099E+00   5.0876E+00   4.9483E+00  -4.5640E+00   9.8960E+00
  -9.1282E+00  -2.7043E-01   1.6592E-01   6.7008E+00  -7.2850E+00   6.7014E+00
  -7.2851E+00   6.7010E+00  -7.2854E+00   9.0535E-01   7.8997E-01   9.0485E-01
   7.3970E-01   1.0161E+00   7.2239E-01   7.4802E-01  -7.3726E-02  -2.0436E-01
  -2.2074E-01  -1.6598E-01  -1.2399E-01  -8.4591E-02  -1.6683E-01  -1.6759E-01
  -1.1519E-01  -1.4650E-01  -8.2170E-02  -7.9719E-02  -3.1809E-02   3.6724E-02
   3.3625E-02   3.0764E-02  -2.8263E-02  -2.6428E-03  -2.3801E-02  -3.6452E-02
   2.1220E-02   2.5951E-02   3.8962E-02   8.3153E-02   4.0246E-02   1.5322E-02
   3.0737E-02  -2.4808E-02  -2.8412E-02  -3.6046E-02  -4.6331E-02  -2.5365E-02
   6.4312E-02  -1.9407E-02  -2.8435E-02  -7.2132E-03   5.3468E-04   4.7263E-03
  -1.2781E-02   6.8047E-03   3.1226E-02   2.5496E-02   5.0056E-03   6.9994E-03
  -1.7406E-02  -1.5506E-02   7.6467E-03  -5.3962E-03  -1.4817E-02  -3.5541E-03
   2.2624E-05   2.7752E-02  -2.0434E-02  -2.6584E-02  -6.0522E-03   1.3986E-02
  -7.8233E-03   2.7505E-02   2.7070E-04  -6.9154E-03   6.1290E-03  -1.2901E-02
  -5.0598E-03  -1.2362E-02   2.3758E-02   3.2194E-03  -3.4926E-03  -9.3128E-03
   1.8447E-03   8.8847E-03   8.3593E-03  -4.8897E-03  -1.3062E-02  -1.8622E-03
   9.1525E-04  -2.3992E-02  -7.7097E-03  -4.0590E-03   8.0032E-04  -2.4012E-03
  -1.1990E-02  -4.2527E-04   2.0859E-03  -6.3508E-03   7.0634E-03   3.9675E-03
   6.2050E-03   5.6696E-03   4.0134E-03  -1.5533E-02  -1.5368E-02  -1.6780E-02
   2.0234E-03   2.1234E-01  -3.9452E-02  -3.6511E-02   7.7842E-02   3.3519E-03
   6.0264E-02   8.1659E-03  -1.1183E-02   4.6716E-02  -1.9009E-02  -6.0227E-02
  -6.0458E-02  -6.9694E-02   8.4471E-02   8.5042E-02   4.4843E-02  -2.4170E-02
   6.8024E-03  -4.7660E-02  -4.7543E-02   2.0920E-02   2.6765E-02   2.6898E-02
  -5.5075E-03   2.8896E-02   3.8410E-02   2.2694E-02  -1.4738E-02  -1.7146E-02
  -2.5210E-02  -3.2097E-02  -1.9152E-02   5.0676E-02  -1.5042E-02  -2.5578E-02
  -4.1971E-03  -1.3858E-02  -1.6635E-02  -6.1200E-03  -1.9664E-02   4.2704E-02
   3.1914E-02  -9.7893E-03  -3.3751E-02  -1.3147E-02  -1.4372E-02  -1.3456E-02
  -1.7496E-02  -1.0446E-02  -1.4817E-02  -8.6999E-03   2.0091E-02  -1.3714E-02
  -2.1440E-02  -1.0650E-02   1.4133E-02  -5.3879E-03   1.1446E-02  -7.4207E-03
  -9.4240E-03   1.2946E-02  -1.0925E-02  -2.2569E-03  -1.0695E-02   3.1995E-02
  -7.4529E-03   6.5401E-04  -2.7681E-03   1.2224E-02   1.2588E-02  -1.8087E-03
  -4.8014E-03  -7.7978E-03   1.4667E-03   1.3331E-03  -3.1731E-02  -6.3924E-03
  -5.1699E-03   1.6845E-03  -6.9621E-03  -8.3657E-03  -1.7588E-03   2.0287E-03
  -4.8443E-03   6.3865E-03  -2.4973E-03  -3.0837E-04   1.2292E-03  -4.7112E-04
   2.1199E-02   2.1462E-02   2.0670E-02  -2.3305E-03  -5.2358E-02  -2.0168E-01
  -2.1273E-01  -1.5883E-01  -1.4883E-01  -6.6469E-02  -1.4543E-01  -1.5323E-01
  -1.5874E-01  -1.3970E-01  -7.3493E-02  -7.5294E-02  -2.5031E-02  -1.5798E-02
  -2.2703E-02  -6.7338E-03  -1.6170E-02  -1.4014E-02   9.9174E-04  -5.3563E-03
   9.7866E-03   9.5981E-03   3.1866E-02   8.6641E-02   6.3956E-02   3.4093E-02
   2.6886E-02  -2.8734E-02  -2.4559E-02  -3.4239E-02  -4.1174E-02  -1.8372E-02
   1.3980E-02  -1.1393E-02  -1.9943E-02  -6.0286E-04   2.4276E-03   5.4658E-03
  -1.8950E-02   1.5283E-02   2.2734E-02   2.6630E-02   4.9409E-03   1.4176E-02
  -1.8452E-02  -1.4416E-02   1.0608E-02  -2.3117E-03  -1.2709E-02  -2.8752E-03
  -1.3760E-03   2.3592E-02  -1.5073E-02  -2.0648E-02  -2.7527E-03   1.4006E-02
  -7.4011E-03   3.3591E-02   1.0331E-03  -6.9949E-03   1.4520E-03  -1.2497E-02
  -3.3812E-03  -7.2122E-03   2.4864E-02   2.4057E-03  -6.3736E-03  -1.2346E-02
  -3.5960E-03   6.4643E-03   5.4135E-03  -4.2977E-03  -8.4131E-03  -7.8586E-06
  -2.1963E-03  -2.0159E-02  -6.6250E-03  -1.5471E-03   1.0643E-03   2.5763E-03
  -6.8014E-03  -2.7404E-03  -5.7590E-03   1.4723E-03   4.3836E-03   8.2987E-03
   9.8190E-03   6.1278E-03   2.4769E-03  -2.5226E-02  -2.4847E-02  -2.5306E-02
  -4.8049E-03   1.2848E-01  -5.5336E-02  -4.6981E-02   2.3817E-02  -1.7374E-02
   4.7381E-03  -5.0811E-02  -6.3077E-02   1.5260E-02  -5.6061E-02  -5.8999E-02
  -5.8713E-02  -8.5858E-02   5.6557E-02   5.4465E-02   2.0528E-02  -1.5480E-02
   1.8774E-03  -3.2212E-02  -2.5767E-02   1.2107E-02   1.4562E-02   2.0765E-02
  -8.8377E-03   5.3515E-02   6.2473E-02   1.8071E-02  -1.5516E-02  -1.3625E-02
  -2.1667E-02  -2.3738E-02  -1.4475E-02   1.8198E-02  -1.0645E-02  -1.8535E-02
   1.4119E-03  -1.3326E-02  -1.7371E-02  -9.2750E-03  -1.3645E-02   3.5296E-02
   3.4468E-02  -1.0036E-02  -3.6664E-02  -1.3671E-02  -1.3072E-02  -1.2311E-02
  -1.6681E-02  -9.2796E-03  -1.4424E-02  -1.1083E-02   1.2183E-02  -7.5482E-03
  -1.5689E-02  -7.7050E-03   1.4012E-02  -4.1366E-03   1.4126E-02  -6.0645E-03
  -1.1027E-02   1.2168E-02  -1.3982E-02  -1.0122E-03  -6.7406E-03   3.7026E-02
  -1.2290E-02  -5.1083E-04  -3.9490E-03   6.8420E-03   9.8006E-03  -2.6722E-03
  -5.1724E-03  -3.2999E-03   4.6445E-03  -6.7407E-04  -2.8636E-02  -4.1165E-03
  -5.3201E-03   1.0230E-03  -3.1443E-03  -2.6295E-03  -5.3550E-03  -8.5810E-03
   1.0223E-03   7.6797E-04   1.6462E-03   3.0775E-03   1.7041E-03  -1.1094E-03
   1.8608E-02   1.9408E-02   1.8286E-02  -6.1362E-03
  > E    =  -9.939095352462E+02 +/-   1.549446301146E-04
  > varE =   3.933444243675E-03
* Computing derivatives.
    [walltime: 2m41s elapsed, 3m58s remaining]
  Done. [total walltime: 6m42s]
* Optimizing manipulation constant:
  #igrid a___________ E____________________________________ varE____________
     1     Infinity    -9.93909535E+02 +/-   1.54944630E-04   3.93344424E-03
     2     1.0000E+06  -9.93909535E+02 +/-   1.54944623E-04   3.93344386E-03
     3     2.1544E+05  -9.93909535E+02 +/-   1.54944595E-04   3.93344245E-03
     4     4.6416E+04  -9.93909535E+02 +/-   1.54944467E-04   3.93343596E-03
     5     1.0000E+04  -9.93909535E+02 +/-   1.54943884E-04   3.93340634E-03
     6     2.1544E+03  -9.93909535E+02 +/-   1.54941402E-04   3.93328036E-03
     7     4.6416E+02  -9.93909536E+02 +/-   1.54934729E-04   3.93294156E-03
     8     1.0000E+02  -9.93909530E+02 +/-   1.55007535E-04   3.93663872E-03
     9     2.1544E+01  -9.93909305E+02 +/-   1.58476336E-04   4.11480047E-03
    10     4.6416E+00  -9.93892496E+02 +/-   3.35078499E-04   1.83955621E-02
    11     1.0000E+00  -9.93482042E+02 +/-   1.46514486E-03   3.51707049E-01
    12     2.1544E-01  -9.92654684E+02 +/-   2.33266459E-03   8.91506538E-01
    13     4.6416E-02  -9.92354406E+02 +/-   2.51995279E-03   1.04041055E+00
    14     1.0000E-02  -9.92285703E+02 +/-   2.55698587E-03   1.07121487E+00
    15     2.1544E-03  -9.92270725E+02 +/-   2.56480768E-03   1.07777859E+00
    16     4.6416E-04  -9.92267488E+02 +/-   2.56648624E-03   1.07918977E+00
    17     1.0000E-04  -9.92266791E+02 +/-   2.56684758E-03   1.07949367E+00
    18     2.1544E-05  -9.92266640E+02 +/-   2.56692541E-03   1.07955914E+00
    19     4.6416E-06  -9.92266608E+02 +/-   2.56694218E-03   1.07957324E+00
    20     1.0000E-06  -9.92266601E+02 +/-   2.56694579E-03   1.07957628E+00
    21     0.0000E+00  -9.92266599E+02 +/-   2.56694678E-03   1.07957711E+00
* Iteration # 1: E =  -9.939095355851E+02 +/-   1.549347290877E-04
* Convergence: exiting.
* After optimization:
  -2.1427E+01  -2.1143E+01  -2.1400E+01  -2.1118E+01  -2.1543E+01  -2.1102E+01
  -2.0842E+01   2.1091E+00   1.9779E+00   1.1233E+00   1.0797E+00   2.3880E+00
   2.7294E+00   2.2948E+00   2.3029E+00   1.4610E+00   1.4363E+00   1.4883E+00
   1.4597E+00   2.1479E+00   2.1466E+00   1.4822E+00   1.4424E+00   1.3928E+00
   1.4463E+00   1.1505E+00   1.3962E+00   1.3941E+00   1.3741E+00   1.3062E+00
   1.2991E+00   2.2027E+00   2.2019E+00   1.8189E+00   1.8185E+00   1.4707E+00
   1.4730E+00   6.7816E-01   6.7626E-01   1.1300E+00   1.1298E+00   1.1358E+00
   1.1351E+00   1.1192E+00   1.1191E+00   2.3386E+00   2.3331E+00   8.1778E-01
   8.1353E-01   1.5981E+00   1.6096E+00   1.9775E+00   1.9753E+00   1.0669E+00
   1.0669E+00   1.4659E+00   1.4673E+00   1.1487E+00   1.1488E+00   1.1226E+00
   6.2605E-01   6.2561E-01   1.7092E+00   1.6914E+00   6.5587E-01   6.5497E-01
   1.4414E+00   1.4417E+00   5.1079E-01   5.0774E-01   9.2743E-01   9.2732E-01
   8.0568E-02   5.6669E-01   5.6637E-01   7.0439E-01   7.0355E-01   1.0642E-01
   9.5314E-01   9.5066E-01   8.4853E-01   8.4673E-01   1.5410E+00   1.5425E+00
   6.6953E-01   6.6952E-01   9.6219E-01   9.6231E-01   7.3478E-01   7.3212E-01
   9.7821E-01   9.7875E-01   1.4619E-01   1.4559E-01   1.6455E-01   1.6356E-01
   4.4004E-01   4.3979E-01   8.7413E-01   8.7092E-01   9.4094E-01   9.3982E-01
   9.2497E-01   9.2340E-01   6.6246E-02   6.4396E-02   4.4603E-01   4.4631E-01
   4.8528E-02   4.6584E-02   6.1896E-01   6.1652E-01   4.0668E-01   4.0567E-01
   5.4558E-01   5.4592E-01   8.6014E-01   2.5416E-01  -3.9823E-01  -3.9915E-01
   4.7992E-01   4.7891E-01   7.2476E-01   7.2422E-01   8.5698E-01   1.0967E-01
   1.0867E-01   1.2430E-01   1.2343E-01  -2.2043E-02  -2.2530E-02   4.1308E-01
   4.1039E-01  -2.4293E-02  -2.5071E-02   9.9856E-02   1.0093E-01  -3.9191E-01
  -3.9213E-01   4.2445E-01   4.2352E-01   3.9627E-02   3.8565E-02   1.5196E+00
   1.5227E+00   5.5154E-01   5.5235E-01   2.3841E-01  -2.7928E-01  -2.8027E-01
  -2.7178E-01  -2.7278E-01   4.8420E-01   4.8331E-01   4.3467E-02   4.2981E-02
  -7.7167E-01  -3.8669E-01  -3.8644E-01   2.1434E-03   4.2170E-01   4.2145E-01
  -3.8438E-01  -3.8402E-01  -7.6855E-01   1.0325E-01   1.0433E-01   5.8512E-01
   5.8031E-01   5.8403E-01   5.8017E-01   5.8530E-01   5.7986E-01   3.5643E+00
  -5.7679E+00   1.7942E+00  -2.9215E+00   4.0218E+00  -5.1051E+00  -1.4001E+00
  -1.0241E+00  -1.2112E+01   9.3741E+00  -6.8058E+00   4.3778E+00  -2.5106E-01
  -1.3036E+00  -1.3740E+00  -1.8911E-01  -1.7671E+00  -4.0188E-01   1.2630E+00
  -2.7872E+00  -4.3195E+00   2.9310E+00  -1.2757E+00  -1.7242E-01   8.7829E+00
  -9.9331E+00  -2.7245E+00   1.3412E+00  -4.2430E+00   2.8821E+00   3.7971E+00
  -5.0896E+00  -6.5527E+00   4.3453E+00  -1.6024E+00  -2.1367E-01  -3.8054E+00
   2.3303E+00   3.1535E+00  -3.8345E+00   1.4466E+00  -2.5728E+00  -1.1881E+00
   5.6017E-02  -7.2201E-02  -1.0422E+00  -6.5839E+00   4.2766E+00   3.1257E+00
  -3.9092E+00  -3.8362E+00   2.2623E+00  -6.6183E+00   4.6488E+00   3.8838E+00
  -4.9533E+00  -7.8678E+00   6.4027E+00  -2.6393E+00   1.4875E+00  -4.1586E+00
   3.0318E+00   2.1436E-01  -8.3853E-01   3.7554E+00  -5.4390E+00   6.2125E-01
  -1.2767E+00  -1.0503E+00  -3.8864E-01   6.7303E+00  -7.2396E+00  -4.5932E+00
   3.6660E+00   4.6015E+00  -4.6822E+00   2.6375E+00  -3.2035E+00   1.8216E-01
  -8.9507E-01   4.5949E+00  -4.6981E+00  -4.6002E+00   3.6510E+00   1.8052E+00
  -2.6527E+00  -7.8981E+00   6.3489E+00  -2.3501E+00   1.6805E+00  -7.5729E+00
   6.6105E+00   5.8889E-01  -1.3285E+00  -7.5781E+00   6.5984E+00   2.0285E+00
  -2.1738E+00   2.0220E+00  -2.1868E+00  -3.1979E+00   2.7581E+00   1.7987E+00
  -2.6701E+00  -2.2996E+00   1.3591E+00  -2.2954E+00   1.3708E+00   5.8967E+00
  -5.9628E+00  -3.1998E+00   2.7544E+00   5.9028E+00  -5.9510E+00   2.6224E+00
  -3.2391E+00   9.6836E-01  -1.3740E+00  -5.7913E+00   5.2452E+00  -1.1028E+01
   1.0168E+01  -5.6307E-01   3.0975E-01   7.2768E+00  -6.8784E+00  -2.0310E+00
   1.5512E+00  -2.3643E+00   1.6411E+00  -1.1026E+01   1.0169E+01   2.9095E+00
  -3.0182E+00   2.9057E+00  -3.0288E+00   2.3340E+00  -2.3108E+00   9.6678E-01
  -1.3782E+00   2.3345E+00  -2.3097E+00  -2.6842E-01   1.6773E-01   7.2744E+00
  -6.8830E+00  -5.5102E+00   5.0868E+00  -5.6207E-01   5.2347E-01  -1.0841E+00
  -4.4569E-01  -5.7939E+00   5.2414E+00  -5.5860E-01   3.2024E-01   4.6772E+00
  -4.3973E+00   4.6745E+00  -4.4018E+00  -2.0327E+00   1.5484E+00  -5.6453E-01
   5.2058E-01   9.8977E+00  -9.1266E+00   4.9495E+00  -4.5629E+00  -1.3675E-03
  -1.8821E-03  -5.5098E+00   5.0875E+00   4.9484E+00  -4.5641E+00   9.8962E+00
  -9.1284E+00  -2.7030E-01   1.6580E-01   6.7010E+00  -7.2853E+00   6.7016E+00
  -7.2854E+00   6.7013E+00  -7.2856E+00   9.0908E-01   7.9319E-01   9.0857E-01
   7.4270E-01   1.0203E+00   7.2528E-01   7.5104E-01  -7.4046E-02  -2.0522E-01
  -2.2170E-01  -1.6666E-01  -1.2451E-01  -8.4992E-02  -1.6756E-01  -1.6828E-01
  -1.1569E-01  -1.4715E-01  -8.2481E-02  -8.0014E-02  -3.1914E-02   3.6868E-02
   3.3749E-02   3.0891E-02  -2.8384E-02  -2.6460E-03  -2.3898E-02  -3.6571E-02
   2.1327E-02   2.6040E-02   3.9136E-02   8.3481E-02   4.0392E-02   1.5374E-02
   3.0881E-02  -2.4911E-02  -2.8518E-02  -3.6191E-02  -4.6513E-02  -2.5493E-02
   6.4554E-02  -1.9481E-02  -2.8554E-02  -7.2435E-03   5.5256E-04   4.7395E-03
  -1.2832E-02   6.8829E-03   3.1367E-02   2.5573E-02   5.0306E-03   7.0187E-03
  -1.7471E-02  -1.5573E-02   7.6921E-03  -5.4246E-03  -1.4847E-02  -3.5773E-03
   4.9030E-05   2.7847E-02  -2.0508E-02  -2.6712E-02  -6.0717E-03   1.4021E-02
  -7.8870E-03   2.7599E-02   2.6131E-04  -6.9775E-03   6.1301E-03  -1.2957E-02
  -5.0863E-03  -1.2397E-02   2.3860E-02   3.2399E-03  -3.5159E-03  -9.3556E-03
   1.8624E-03   8.9646E-03   8.3711E-03  -4.9177E-03  -1.3088E-02  -1.8257E-03
   9.1679E-04  -2.4088E-02  -7.7426E-03  -4.0691E-03   8.2272E-04  -2.3997E-03
  -1.2021E-02  -4.0743E-04   2.0652E-03  -6.4033E-03   7.0811E-03   4.0015E-03
   6.2147E-03   5.6329E-03   4.0225E-03  -1.5591E-02  -1.5429E-02  -1.6844E-02
   2.0159E-03   2.1317E-01  -3.9651E-02  -3.6681E-02   7.8142E-02   3.3629E-03
   6.0462E-02   8.1590E-03  -1.1282E-02   4.6875E-02  -1.9117E-02  -6.0448E-02
  -6.0662E-02  -6.9978E-02   8.4811E-02   8.5439E-02   4.5033E-02  -2.4284E-02
   6.8416E-03  -4.7846E-02  -4.7740E-02   2.1009E-02   2.6876E-02   2.7026E-02
  -5.5304E-03   2.9046E-02   3.8544E-02   2.2795E-02  -1.4796E-02  -1.7224E-02
  -2.5313E-02  -3.2215E-02  -1.9236E-02   5.0897E-02  -1.5099E-02  -2.5684E-02
  -4.2154E-03  -1.3923E-02  -1.6683E-02  -6.1387E-03  -1.9740E-02   4.2853E-02
   3.2046E-02  -9.8398E-03  -3.3877E-02  -1.3202E-02  -1.4438E-02  -1.3498E-02
  -1.7566E-02  -1.0484E-02  -1.4863E-02  -8.7426E-03   2.0174E-02  -1.3784E-02
  -2.1540E-02  -1.0706E-02   1.4204E-02  -5.4159E-03   1.1500E-02  -7.4441E-03
  -9.4747E-03   1.2999E-02  -1.0984E-02  -2.2639E-03  -1.0731E-02   3.2119E-02
  -7.4721E-03   6.4414E-04  -2.7972E-03   1.2265E-02   1.2659E-02  -1.8330E-03
  -4.8414E-03  -7.8305E-03   1.4889E-03   1.3218E-03  -3.1859E-02  -6.4265E-03
  -5.1748E-03   1.6988E-03  -6.9866E-03  -8.3968E-03  -1.7846E-03   2.0645E-03
  -4.8542E-03   6.3876E-03  -2.5002E-03  -3.0812E-04   1.2159E-03  -4.8870E-04
   2.1278E-02   2.1540E-02   2.0739E-02  -2.3051E-03  -5.2371E-02  -2.0171E-01
  -2.1280E-01  -1.5882E-01  -1.4890E-01  -6.6542E-02  -1.4547E-01  -1.5324E-01
  -1.5879E-01  -1.3976E-01  -7.3469E-02  -7.5286E-02  -2.5008E-02  -1.5798E-02
  -2.2742E-02  -6.7363E-03  -1.6160E-02  -1.4011E-02   9.8896E-04  -5.3172E-03
   9.7941E-03   9.5938E-03   3.1870E-02   8.6642E-02   6.3929E-02   3.4084E-02
   2.6883E-02  -2.8730E-02  -2.4555E-02  -3.4227E-02  -4.1178E-02  -1.8383E-02
   1.3947E-02  -1.1394E-02  -1.9943E-02  -6.1037E-04   2.4591E-03   5.4417E-03
  -1.8959E-02   1.5332E-02   2.2762E-02   2.6604E-02   4.9547E-03   1.4171E-02
  -1.8440E-02  -1.4415E-02   1.0619E-02  -2.3077E-03  -1.2695E-02  -2.8783E-03
  -1.3305E-03   2.3579E-02  -1.5047E-02  -2.0660E-02  -2.7286E-03   1.3978E-02
  -7.4261E-03   3.3579E-02   1.0130E-03  -7.0075E-03   1.4270E-03  -1.2494E-02
  -3.4049E-03  -7.2155E-03   2.4877E-02   2.3871E-03  -6.3611E-03  -1.2340E-02
  -3.5654E-03   6.4890E-03   5.4190E-03  -4.2925E-03  -8.4056E-03   2.8201E-05
  -2.1899E-03  -2.0161E-02  -6.6386E-03  -1.5888E-03   1.0877E-03   2.5693E-03
  -6.7965E-03  -2.6955E-03  -5.7835E-03   1.4176E-03   4.3764E-03   8.3022E-03
   9.7879E-03   6.0450E-03   2.4864E-03  -2.5217E-02  -2.4834E-02  -2.5297E-02
  -4.8206E-03   1.2845E-01  -5.5375E-02  -4.7012E-02   2.3790E-02  -1.7414E-02
   4.6738E-03  -5.0863E-02  -6.3157E-02   1.5210E-02  -5.6097E-02  -5.8973E-02
  -5.8689E-02  -8.5866E-02   5.6556E-02   5.4506E-02   2.0529E-02  -1.5487E-02
   1.8867E-03  -3.2201E-02  -2.5762E-02   1.2102E-02   1.4567E-02   2.0776E-02
  -8.8275E-03   5.3545E-02   6.2452E-02   1.8057E-02  -1.5514E-02  -1.3636E-02
  -2.1659E-02  -2.3745E-02  -1.4470E-02   1.8208E-02  -1.0643E-02  -1.8533E-02
   1.3985E-03  -1.3323E-02  -1.7362E-02  -9.2761E-03  -1.3654E-02   3.5275E-02
   3.4482E-02  -1.0035E-02  -3.6643E-02  -1.3667E-02  -1.3074E-02  -1.2300E-02
  -1.6669E-02  -9.2918E-03  -1.4401E-02  -1.1083E-02   1.2197E-02  -7.5502E-03
  -1.5694E-02  -7.7075E-03   1.4024E-02  -4.1365E-03   1.4143E-02  -6.0628E-03
  -1.1017E-02   1.2173E-02  -1.3995E-02  -1.0198E-03  -6.7537E-03   3.7025E-02
  -1.2292E-02  -5.1224E-04  -3.9625E-03   6.8550E-03   9.8123E-03  -2.6653E-03
  -5.1782E-03  -3.3214E-03   4.6437E-03  -6.8275E-04  -2.8638E-02  -4.1324E-03
  -5.3346E-03   1.0284E-03  -3.1608E-03  -2.6405E-03  -5.3581E-03  -8.5330E-03
   1.0383E-03   7.5823E-04   1.6378E-03   3.0770E-03   1.6923E-03  -1.1104E-03
   1.8601E-02   1.9402E-02   1.8276E-02  -6.0924E-03
  > Energy =  -9.939095355851E+02 +/-   1.549347290877E-04
  > varE =   3.932941562263E-03

VMC #15:
* Size of Hilbert space =   1.0817E+14
* Number of equil. steps   = 1000
* Running VMC equilibration.
  Done. [total walltime: 0.34s]
* Equil. acc.ratio (%)     =  12.0252
* Sample config after equilibration:
  +-------------------------+
  |  d   u   u   2   d   d  |
  |d   2   d   0   d   u   u|
  |u   2   u   u   u   0   2|
  |  0   0   d   d   2   0  |
  +-------------------------+
* Number of accum. steps   = 655360 x 10
* Running VMC accumulation.
  Done. [total walltime: 2.31s]
* Acceptance ratio (%)     =  11.9876
* Etot/t                   =  -9.939098640934E+02 +/-   8.361167554222E-05
  > Ttot/t                 =  -9.591221539072E+01 +/-   9.284140251042E-04
  > Utot/t                 =   4.231050574821E+01 +/-   9.203965561720E-04
* var[Eloc/t]              =   4.008780906273E-03 +/-   4.324946019972E-05
* Correlation length       =   1.142882183764E+00
* log10 Psi^2 range: -133.7253752912520 -- -120.8841413457342
* log10 Pgen range : -133.7253752912520 -- -120.8841413457342
* Site occupation (ave. no. electrons per config.):
  > Site_  ___eu____  ___ed____
      1        0.500      0.497
      2        0.498      0.496
      3        0.499      0.498
      4        0.498      0.498
      5        0.504      0.502
      6        0.501      0.503
      7        0.501      0.506
      8        0.499      0.499
      9        0.496      0.497
     10        0.500      0.498
     11        0.499      0.497
     12        0.503      0.499
     13        0.504      0.503
     14        0.502      0.504
     15        0.503      0.503
     16        0.497      0.498
     17        0.500      0.500
     18        0.499      0.503
     19        0.498      0.499
     20        0.503      0.503
     21        0.502      0.504
     22        0.500      0.500
     23        0.498      0.496
     24        0.497      0.499
     25        0.499      0.494
     26        0.502      0.502
* Pair-correlation analysis (ave. no. pairs per config.):
  > Shell  nsite  ___dh____  __eueu___  __eued___
      0      1        0          0          4.495
      1      0        0.914      0.495      2.607
      2      0        0.133      0.360      0.531
      3      0        0.268      0.719      1.060
      4      0        0.225      0.766      1.065
      5      0        0.255      0.738      1.047
      6      0        0.759      0.848      2.430
      7      0        0.677      1.049      2.337
      8      0        0.599      1.223      2.263
      9      0        0.448      1.545      2.094
     10      0        0.530      1.381      2.184
     11      0        0.138      0.817      1.161
     12      0        0.137      0.834      1.140
     13      0        0.138      0.859      1.085
     14      0        0.222      2.122      1.913
     15      0        0.112      1.062      0.956
     16      0        0.222      2.090      1.911
     17      0        0.263      1.898      2.056
     18      0        0.236      2.048      1.937
     19      0        0.300      1.874      2.047
     20      0        0.305      1.871      2.060
     21      0        0.242      2.095      1.924
     22      0        0.241      2.117      1.911
     23      0        0.242      2.135      1.891
     24      0        0.236      2.103      1.906
     25      0        0.275      2.088      1.905
     26      0        0.268      2.082      1.901
     27      0        0.238      2.126      1.889
     28      0        0.214      1.957      2.060
     29      0        0.243      2.055      1.948
     30      0        0.216      1.949      2.096
     31      0        0.108      0.971      1.052
     32      0        0.245      2.055      1.954
     33      0        0.209      2.138      1.894
     34      0        0.246      2.045      1.966
     35      0        0.220      2.072      1.951
     36      0        0.247      2.018      1.958
     37      0        0.284      1.939      2.014
     38      0        0.144      0.966      1.010
     39      0        0.217      1.985      2.028
     40      0        0.260      1.903      2.082
     41      0        0.141      1.010      0.974
     42      0        0.276      2.016      1.951
     43      0        0.252      1.947      2.038
     44      0        0.260      1.867      2.103
     45      0        0.217      1.992      2.051
     46      0        0.242      2.026      1.976
     47      0        0.256      1.933      2.057
     48      0        0.246      1.965      2.029
     49      0        0.248      2.020      1.981
     50      0        0.249      1.978      2.021
     51      0        0.280      1.954      1.998
     52      0        0.247      2.033      1.963
     53      0        0.221      1.971      2.055
     54      0        0.216      2.048      1.986
     55      0        0.248      1.978      2.001
     56      0        0.276      1.997      1.964
     57      0        0.245      2.000      1.982
     58      0        0.216      2.033      1.983
     59      0        0.251      1.977      2.015
     60      0        0.242      2.013      1.983
     61      0        0.136      0.993      0.983
     62      0        0.108      1.015      1.004
     63      0        0.247      1.992      1.985
     64      0        0.218      2.030      2.003
     65      0        0.217      2.053      1.990
     66      0        0.137      0.980      0.994
     67      0        0.217      2.002      2.014
     68      0        0.215      2.017      2.002
     69      0        0.247      2.004      1.989
     70      0        0.248      2.015      1.983
     71      0        0.252      1.983      2.004
     72      0        0.215      2.024      2.008
     73      0        0.249      1.982      1.988
     74      0        0.244      1.996      1.987
     75      0        0.241      1.992      1.981
     76      0        0.241      1.836      2.150
     77      0        0.243      1.986      2.010
     78      0        0.106      1.004      1.019
     79      0        0.216      2.000      2.011
     80      0        0.215      2.009      2.006
     81      0        0.218      2.001      2.031
     82      0        0.241      1.982      1.988
     83      0        0.107      0.994      0.998
     84      0        0.213      2.006      2.001
     85      0        0.109      1.006      1.004
     86      0        0.246      1.982      1.999
     87      0        0.218      1.998      2.001
     88      0        0.106      0.999      0.996
     89      0        0.217      2.011      2.019
     90      0        0.127      0.973      1.008
     91      0        0.063      0.490      0.504
     92      0        0.063      0.485      0.504
     93      0        0.109      1.002      1.005

Optimization #15:
* Method          : lls
* Target function : energy
* No. of configs. : 163840
* No. of params.  : 736
* Before optimization:
  -2.1427E+01  -2.1143E+01  -2.1400E+01  -2.1118E+01  -2.1543E+01  -2.1102E+01
  -2.0842E+01   2.1091E+00   1.9779E+00   1.1233E+00   1.0797E+00   2.3880E+00
   2.7294E+00   2.2948E+00   2.3029E+00   1.4610E+00   1.4363E+00   1.4883E+00
   1.4597E+00   2.1479E+00   2.1466E+00   1.4822E+00   1.4424E+00   1.3928E+00
   1.4463E+00   1.1505E+00   1.3962E+00   1.3941E+00   1.3741E+00   1.3062E+00
   1.2991E+00   2.2027E+00   2.2019E+00   1.8189E+00   1.8185E+00   1.4707E+00
   1.4730E+00   6.7816E-01   6.7626E-01   1.1300E+00   1.1298E+00   1.1358E+00
   1.1351E+00   1.1192E+00   1.1191E+00   2.3386E+00   2.3331E+00   8.1778E-01
   8.1353E-01   1.5981E+00   1.6096E+00   1.9775E+00   1.9753E+00   1.0669E+00
   1.0669E+00   1.4659E+00   1.4673E+00   1.1487E+00   1.1488E+00   1.1226E+00
   6.2605E-01   6.2561E-01   1.7092E+00   1.6914E+00   6.5587E-01   6.5497E-01
   1.4414E+00   1.4417E+00   5.1079E-01   5.0774E-01   9.2743E-01   9.2732E-01
   8.0568E-02   5.6669E-01   5.6637E-01   7.0439E-01   7.0355E-01   1.0642E-01
   9.5314E-01   9.5066E-01   8.4853E-01   8.4673E-01   1.5410E+00   1.5425E+00
   6.6953E-01   6.6952E-01   9.6219E-01   9.6231E-01   7.3478E-01   7.3212E-01
   9.7821E-01   9.7875E-01   1.4619E-01   1.4559E-01   1.6455E-01   1.6356E-01
   4.4004E-01   4.3979E-01   8.7413E-01   8.7092E-01   9.4094E-01   9.3982E-01
   9.2497E-01   9.2340E-01   6.6246E-02   6.4396E-02   4.4603E-01   4.4631E-01
   4.8528E-02   4.6584E-02   6.1896E-01   6.1652E-01   4.0668E-01   4.0567E-01
   5.4558E-01   5.4592E-01   8.6014E-01   2.5416E-01  -3.9823E-01  -3.9915E-01
   4.7992E-01   4.7891E-01   7.2476E-01   7.2422E-01   8.5698E-01   1.0967E-01
   1.0867E-01   1.2430E-01   1.2343E-01  -2.2043E-02  -2.2530E-02   4.1308E-01
   4.1039E-01  -2.4293E-02  -2.5071E-02   9.9856E-02   1.0093E-01  -3.9191E-01
  -3.9213E-01   4.2445E-01   4.2352E-01   3.9627E-02   3.8565E-02   1.5196E+00
   1.5227E+00   5.5154E-01   5.5235E-01   2.3841E-01  -2.7928E-01  -2.8027E-01
  -2.7178E-01  -2.7278E-01   4.8420E-01   4.8331E-01   4.3467E-02   4.2981E-02
  -7.7167E-01  -3.8669E-01  -3.8644E-01   2.1434E-03   4.2170E-01   4.2145E-01
  -3.8438E-01  -3.8402E-01  -7.6855E-01   1.0325E-01   1.0433E-01   5.8512E-01
   5.8031E-01   5.8403E-01   5.8017E-01   5.8530E-01   5.7986E-01   3.5643E+00
  -5.7679E+00   1.7942E+00  -2.9215E+00   4.0218E+00  -5.1051E+00  -1.4001E+00
  -1.0241E+00  -1.2112E+01   9.3741E+00  -6.8058E+00   4.3778E+00  -2.5106E-01
  -1.3036E+00  -1.3740E+00  -1.8911E-01  -1.7671E+00  -4.0188E-01   1.2630E+00
  -2.7872E+00  -4.3195E+00   2.9310E+00  -1.2757E+00  -1.7242E-01   8.7829E+00
  -9.9331E+00  -2.7245E+00   1.3412E+00  -4.2430E+00   2.8821E+00   3.7971E+00
  -5.0896E+00  -6.5527E+00   4.3453E+00  -1.6024E+00  -2.1367E-01  -3.8054E+00
   2.3303E+00   3.1535E+00  -3.8345E+00   1.4466E+00  -2.5728E+00  -1.1881E+00
   5.6017E-02  -7.2201E-02  -1.0422E+00  -6.5839E+00   4.2766E+00   3.1257E+00
  -3.9092E+00  -3.8362E+00   2.2623E+00  -6.6183E+00   4.6488E+00   3.8838E+00
  -4.9533E+00  -7.8678E+00   6.4027E+00  -2.6393E+00   1.4875E+00  -4.1586E+00
   3.0318E+00   2.1436E-01  -8.3853E-01   3.7554E+00  -5.4390E+00   6.2125E-01
  -1.2767E+00  -1.0503E+00  -3.8864E-01   6.7303E+00  -7.2396E+00  -4.5932E+00
   3.6660E+00   4.6015E+00  -4.6822E+00   2.6375E+00  -3.2035E+00   1.8216E-01
  -8.9507E-01   4.5949E+00  -4.6981E+00  -4.6002E+00   3.6510E+00   1.8052E+00
  -2.6527E+00  -7.8981E+00   6.3489E+00  -2.3501E+00   1.6805E+00  -7.5729E+00
   6.6105E+00   5.8889E-01  -1.3285E+00  -7.5781E+00   6.5984E+00   2.0285E+00
  -2.1738E+00   2.0220E+00  -2.1868E+00  -3.1979E+00   2.7581E+00   1.7987E+00
  -2.6701E+00  -2.2996E+00   1.3591E+00  -2.2954E+00   1.3708E+00   5.8967E+00
  -5.9628E+00  -3.1998E+00   2.7544E+00   5.9028E+00  -5.9510E+00   2.6224E+00
  -3.2391E+00   9.6836E-01  -1.3740E+00  -5.7913E+00   5.2452E+00  -1.1028E+01
   1.0168E+01  -5.6307E-01   3.0975E-01   7.2768E+00  -6.8784E+00  -2.0310E+00
   1.5512E+00  -2.3643E+00   1.6411E+00  -1.1026E+01   1.0169E+01   2.9095E+00
  -3.0182E+00   2.9057E+00  -3.0288E+00   2.3340E+00  -2.3108E+00   9.6678E-01
  -1.3782E+00   2.3345E+00  -2.3097E+00  -2.6842E-01   1.6773E-01   7.2744E+00
  -6.8830E+00  -5.5102E+00   5.0868E+00  -5.6207E-01   5.2347E-01  -1.0841E+00
  -4.4569E-01  -5.7939E+00   5.2414E+00  -5.5860E-01   3.2024E-01   4.6772E+00
  -4.3973E+00   4.6745E+00  -4.4018E+00  -2.0327E+00   1.5484E+00  -5.6453E-01
   5.2058E-01   9.8977E+00  -9.1266E+00   4.9495E+00  -4.5629E+00  -1.3675E-03
  -1.8821E-03  -5.5098E+00   5.0875E+00   4.9484E+00  -4.5641E+00   9.8962E+00
  -9.1284E+00  -2.7030E-01   1.6580E-01   6.7010E+00  -7.2853E+00   6.7016E+00
  -7.2854E+00   6.7013E+00  -7.2856E+00   9.0908E-01   7.9319E-01   9.0857E-01
   7.4270E-01   1.0203E+00   7.2528E-01   7.5104E-01  -7.4046E-02  -2.0522E-01
  -2.2170E-01  -1.6666E-01  -1.2451E-01  -8.4992E-02  -1.6756E-01  -1.6828E-01
  -1.1569E-01  -1.4715E-01  -8.2481E-02  -8.0014E-02  -3.1914E-02   3.6868E-02
   3.3749E-02   3.0891E-02  -2.8384E-02  -2.6460E-03  -2.3898E-02  -3.6571E-02
   2.1327E-02   2.6040E-02   3.9136E-02   8.3481E-02   4.0392E-02   1.5374E-02
   3.0881E-02  -2.4911E-02  -2.8518E-02  -3.6191E-02  -4.6513E-02  -2.5493E-02
   6.4554E-02  -1.9481E-02  -2.8554E-02  -7.2435E-03   5.5256E-04   4.7395E-03
  -1.2832E-02   6.8829E-03   3.1367E-02   2.5573E-02   5.0306E-03   7.0187E-03
  -1.7471E-02  -1.5573E-02   7.6921E-03  -5.4246E-03  -1.4847E-02  -3.5773E-03
   4.9030E-05   2.7847E-02  -2.0508E-02  -2.6712E-02  -6.0717E-03   1.4021E-02
  -7.8870E-03   2.7599E-02   2.6131E-04  -6.9775E-03   6.1301E-03  -1.2957E-02
  -5.0863E-03  -1.2397E-02   2.3860E-02   3.2399E-03  -3.5159E-03  -9.3556E-03
   1.8624E-03   8.9646E-03   8.3711E-03  -4.9177E-03  -1.3088E-02  -1.8257E-03
   9.1679E-04  -2.4088E-02  -7.7426E-03  -4.0691E-03   8.2272E-04  -2.3997E-03
  -1.2021E-02  -4.0743E-04   2.0652E-03  -6.4033E-03   7.0811E-03   4.0015E-03
   6.2147E-03   5.6329E-03   4.0225E-03  -1.5591E-02  -1.5429E-02  -1.6844E-02
   2.0159E-03   2.1317E-01  -3.9651E-02  -3.6681E-02   7.8142E-02   3.3629E-03
   6.0462E-02   8.1590E-03  -1.1282E-02   4.6875E-02  -1.9117E-02  -6.0448E-02
  -6.0662E-02  -6.9978E-02   8.4811E-02   8.5439E-02   4.5033E-02  -2.4284E-02
   6.8416E-03  -4.7846E-02  -4.7740E-02   2.1009E-02   2.6876E-02   2.7026E-02
  -5.5304E-03   2.9046E-02   3.8544E-02   2.2795E-02  -1.4796E-02  -1.7224E-02
  -2.5313E-02  -3.2215E-02  -1.9236E-02   5.0897E-02  -1.5099E-02  -2.5684E-02
  -4.2154E-03  -1.3923E-02  -1.6683E-02  -6.1387E-03  -1.9740E-02   4.2853E-02
   3.2046E-02  -9.8398E-03  -3.3877E-02  -1.3202E-02  -1.4438E-02  -1.3498E-02
  -1.7566E-02  -1.0484E-02  -1.4863E-02  -8.7426E-03   2.0174E-02  -1.3784E-02
  -2.1540E-02  -1.0706E-02   1.4204E-02  -5.4159E-03   1.1500E-02  -7.4441E-03
  -9.4747E-03   1.2999E-02  -1.0984E-02  -2.2639E-03  -1.0731E-02   3.2119E-02
  -7.4721E-03   6.4414E-04  -2.7972E-03   1.2265E-02   1.2659E-02  -1.8330E-03
  -4.8414E-03  -7.8305E-03   1.4889E-03   1.3218E-03  -3.1859E-02  -6.4265E-03
  -5.1748E-03   1.6988E-03  -6.9866E-03  -8.3968E-03  -1.7846E-03   2.0645E-03
  -4.8542E-03   6.3876E-03  -2.5002E-03  -3.0812E-04   1.2159E-03  -4.8870E-04
   2.1278E-02   2.1540E-02   2.0739E-02  -2.3051E-03  -5.2371E-02  -2.0171E-01
  -2.1280E-01  -1.5882E-01  -1.4890E-01  -6.6542E-02  -1.4547E-01  -1.5324E-01
  -1.5879E-01  -1.3976E-01  -7.3469E-02  -7.5286E-02  -2.5008E-02  -1.5798E-02
  -2.2742E-02  -6.7363E-03  -1.6160E-02  -1.4011E-02   9.8896E-04  -5.3172E-03
   9.7941E-03   9.5938E-03   3.1870E-02   8.6642E-02   6.3929E-02   3.4084E-02
   2.6883E-02  -2.8730E-02  -2.4555E-02  -3.4227E-02  -4.1178E-02  -1.8383E-02
   1.3947E-02  -1.1394E-02  -1.9943E-02  -6.1037E-04   2.4591E-03   5.4417E-03
  -1.8959E-02   1.5332E-02   2.2762E-02   2.6604E-02   4.9547E-03   1.4171E-02
  -1.8440E-02  -1.4415E-02   1.0619E-02  -2.3077E-03  -1.2695E-02  -2.8783E-03
  -1.3305E-03   2.3579E-02  -1.5047E-02  -2.0660E-02  -2.7286E-03   1.3978E-02
  -7.4261E-03   3.3579E-02   1.0130E-03  -7.0075E-03   1.4270E-03  -1.2494E-02
  -3.4049E-03  -7.2155E-03   2.4877E-02   2.3871E-03  -6.3611E-03  -1.2340E-02
  -3.5654E-03   6.4890E-03   5.4190E-03  -4.2925E-03  -8.4056E-03   2.8201E-05
  -2.1899E-03  -2.0161E-02  -6.6386E-03  -1.5888E-03   1.0877E-03   2.5693E-03
  -6.7965E-03  -2.6955E-03  -5.7835E-03   1.4176E-03   4.3764E-03   8.3022E-03
   9.7879E-03   6.0450E-03   2.4864E-03  -2.5217E-02  -2.4834E-02  -2.5297E-02
  -4.8206E-03   1.2845E-01  -5.5375E-02  -4.7012E-02   2.3790E-02  -1.7414E-02
   4.6738E-03  -5.0863E-02  -6.3157E-02   1.5210E-02  -5.6097E-02  -5.8973E-02
  -5.8689E-02  -8.5866E-02   5.6556E-02   5.4506E-02   2.0529E-02  -1.5487E-02
   1.8867E-03  -3.2201E-02  -2.5762E-02   1.2102E-02   1.4567E-02   2.0776E-02
  -8.8275E-03   5.3545E-02   6.2452E-02   1.8057E-02  -1.5514E-02  -1.3636E-02
  -2.1659E-02  -2.3745E-02  -1.4470E-02   1.8208E-02  -1.0643E-02  -1.8533E-02
   1.3985E-03  -1.3323E-02  -1.7362E-02  -9.2761E-03  -1.3654E-02   3.5275E-02
   3.4482E-02  -1.0035E-02  -3.6643E-02  -1.3667E-02  -1.3074E-02  -1.2300E-02
  -1.6669E-02  -9.2918E-03  -1.4401E-02  -1.1083E-02   1.2197E-02  -7.5502E-03
  -1.5694E-02  -7.7075E-03   1.4024E-02  -4.1365E-03   1.4143E-02  -6.0628E-03
  -1.1017E-02   1.2173E-02  -1.3995E-02  -1.0198E-03  -6.7537E-03   3.7025E-02
  -1.2292E-02  -5.1224E-04  -3.9625E-03   6.8550E-03   9.8123E-03  -2.6653E-03
  -5.1782E-03  -3.3214E-03   4.6437E-03  -6.8275E-04  -2.8638E-02  -4.1324E-03
  -5.3346E-03   1.0284E-03  -3.1608E-03  -2.6405E-03  -5.3581E-03  -8.5330E-03
   1.0383E-03   7.5823E-04   1.6378E-03   3.0770E-03   1.6923E-03  -1.1104E-03
   1.8601E-02   1.9402E-02   1.8276E-02  -6.0924E-03
  > E    =  -9.939097670412E+02 +/-   1.538221954801E-04
  > varE =   3.876662120011E-03
* Computing derivatives.
    [walltime: 2m36s elapsed, 3m54s remaining]
  Done. [total walltime: 6m34s]
* Optimizing manipulation constant:
  #igrid a___________ E____________________________________ varE____________
     1     Infinity    -9.93909767E+02 +/-   1.53822195E-04   3.87666212E-03
     2     1.0000E+06  -9.93909767E+02 +/-   1.53822190E-04   3.87666183E-03
     3     2.1544E+05  -9.93909767E+02 +/-   1.53822169E-04   3.87666076E-03
     4     4.6416E+04  -9.93909767E+02 +/-   1.53822070E-04   3.87665582E-03
     5     1.0000E+04  -9.93909767E+02 +/-   1.53821617E-04   3.87663297E-03
     6     2.1544E+03  -9.93909767E+02 +/-   1.53819562E-04   3.87652936E-03
     7     4.6416E+02  -9.93909767E+02 +/-   1.53811045E-04   3.87610012E-03
     8     1.0000E+02  -9.93909768E+02 +/-   1.53793411E-04   3.87521138E-03
     9     2.1544E+01  -9.93909735E+02 +/-   1.54220189E-04   3.89674873E-03
    10     4.6416E+00  -9.93907522E+02 +/-   1.86808625E-04   5.71760021E-03
    11     1.0000E+00  -9.93574588E+02 +/-   1.29954839E-03   2.76697255E-01
    12     2.1544E-01  -9.91182267E+02 +/-   3.18667452E-03   1.66377792E+00
    13     4.6416E-02  -9.91833216E+02 +/-   2.79367978E-03   1.27871332E+00
    14     1.0000E-02  -9.90183163E+02 +/-   3.25468594E-03   1.73555394E+00
    15     2.1544E-03  -9.89977416E+02 +/-   3.50233104E-03   2.00971432E+00
    16     4.6416E-04  -9.89938748E+02 +/-   3.56854066E-03   2.08641760E+00
    17     1.0000E-04  -9.89930656E+02 +/-   3.58343213E-03   2.10386712E+00
    18     2.1544E-05  -9.89928924E+02 +/-   3.58666978E-03   2.10767054E+00
    19     4.6416E-06  -9.89928551E+02 +/-   3.58736867E-03   2.10849202E+00
    20     1.0000E-06  -9.89928471E+02 +/-   3.58751931E-03   2.10866910E+00
    21     0.0000E+00  -9.89928449E+02 +/-   3.58756068E-03   2.10871773E+00
  ParMin   2.1449E+02  -9.93909768E+02 +/-   1.53801501E-04   3.87561908E-03
  # Using parabolic minimum
* Iteration # 1: E =  -9.939097677341E+02 +/-   1.538015007626E-04
* Convergence: exiting.
* After optimization:
  -2.1420E+01  -2.1137E+01  -2.1393E+01  -2.1111E+01  -2.1537E+01  -2.1095E+01
  -2.0836E+01   2.1093E+00   1.9780E+00   1.1234E+00   1.0797E+00   2.3880E+00
   2.7295E+00   2.2949E+00   2.3030E+00   1.4611E+00   1.4364E+00   1.4884E+00
   1.4598E+00   2.1480E+00   2.1467E+00   1.4823E+00   1.4425E+00   1.3928E+00
   1.4464E+00   1.1507E+00   1.3963E+00   1.3942E+00   1.3742E+00   1.3063E+00
   1.2992E+00   2.2028E+00   2.2020E+00   1.8191E+00   1.8187E+00   1.4707E+00
   1.4731E+00   6.7826E-01   6.7637E-01   1.1300E+00   1.1298E+00   1.1359E+00
   1.1352E+00   1.1193E+00   1.1192E+00   2.3387E+00   2.3332E+00   8.1790E-01
   8.1367E-01   1.5981E+00   1.6097E+00   1.9776E+00   1.9754E+00   1.0670E+00
   1.0670E+00   1.4660E+00   1.4674E+00   1.1488E+00   1.1489E+00   1.1227E+00
   6.2616E-01   6.2572E-01   1.7093E+00   1.6915E+00   6.5595E-01   6.5505E-01
   1.4414E+00   1.4418E+00   5.1085E-01   5.0780E-01   9.2752E-01   9.2741E-01
   8.0697E-02   5.6677E-01   5.6645E-01   7.0451E-01   7.0367E-01   1.0656E-01
   9.5324E-01   9.5075E-01   8.4858E-01   8.4677E-01   1.5411E+00   1.5425E+00
   6.6962E-01   6.6961E-01   9.6229E-01   9.6241E-01   7.3486E-01   7.3221E-01
   9.7832E-01   9.7885E-01   1.4630E-01   1.4570E-01   1.6465E-01   1.6367E-01
   4.4016E-01   4.3991E-01   8.7418E-01   8.7097E-01   9.4100E-01   9.3987E-01
   9.2503E-01   9.2346E-01   6.6323E-02   6.4482E-02   4.4615E-01   4.4642E-01
   4.8600E-02   4.6661E-02   6.1903E-01   6.1659E-01   4.0674E-01   4.0572E-01
   5.4569E-01   5.4602E-01   8.6025E-01   2.5425E-01  -3.9812E-01  -3.9905E-01
   4.7999E-01   4.7899E-01   7.2485E-01   7.2432E-01   8.5708E-01   1.0976E-01
   1.0877E-01   1.2438E-01   1.2351E-01  -2.1976E-02  -2.2458E-02   4.1314E-01
   4.1046E-01  -2.4219E-02  -2.4986E-02   9.9926E-02   1.0099E-01  -3.9183E-01
  -3.9204E-01   4.2450E-01   4.2358E-01   3.9701E-02   3.8636E-02   1.5197E+00
   1.5227E+00   5.5165E-01   5.5245E-01   2.3852E-01  -2.7920E-01  -2.8018E-01
  -2.7170E-01  -2.7269E-01   4.8425E-01   4.8337E-01   4.3542E-02   4.3060E-02
  -7.7162E-01  -3.8666E-01  -3.8642E-01   2.1349E-03   4.2175E-01   4.2150E-01
  -3.8436E-01  -3.8400E-01  -7.6851E-01   1.0332E-01   1.0439E-01   5.8519E-01
   5.8038E-01   5.8409E-01   5.8024E-01   5.8536E-01   5.7992E-01   3.5641E+00
  -5.7678E+00   1.7939E+00  -2.9214E+00   4.0216E+00  -5.1050E+00  -1.4001E+00
  -1.0240E+00  -1.2112E+01   9.3742E+00  -6.8061E+00   4.3780E+00  -2.5134E-01
  -1.3035E+00  -1.3742E+00  -1.8900E-01  -1.7674E+00  -4.0174E-01   1.2629E+00
  -2.7870E+00  -4.3197E+00   2.9311E+00  -1.2760E+00  -1.7226E-01   8.7826E+00
  -9.9330E+00  -2.7247E+00   1.3414E+00  -4.2433E+00   2.8822E+00   3.7969E+00
  -5.0894E+00  -6.5529E+00   4.3454E+00  -1.6026E+00  -2.1353E-01  -3.8057E+00
   2.3305E+00   3.1533E+00  -3.8343E+00   1.4464E+00  -2.5727E+00  -1.1884E+00
   5.6152E-02  -7.2433E-02  -1.0420E+00  -6.5841E+00   4.2766E+00   3.1255E+00
  -3.9091E+00  -3.8364E+00   2.2624E+00  -6.6185E+00   4.6489E+00   3.8835E+00
  -4.9531E+00  -7.8681E+00   6.4028E+00  -2.6395E+00   1.4876E+00  -4.1588E+00
   3.0320E+00   2.1410E-01  -8.3837E-01   3.7552E+00  -5.4390E+00   6.2103E-01
  -1.2766E+00  -1.0505E+00  -3.8857E-01   6.7301E+00  -7.2394E+00  -4.5934E+00
   3.6661E+00   4.6012E+00  -4.6820E+00   2.6373E+00  -3.2033E+00   1.8188E-01
  -8.9492E-01   4.5947E+00  -4.6980E+00  -4.6004E+00   3.6511E+00   1.8051E+00
  -2.6526E+00  -7.8984E+00   6.3491E+00  -2.3503E+00   1.6807E+00  -7.5732E+00
   6.6107E+00   5.8867E-01  -1.3284E+00  -7.5784E+00   6.5986E+00   2.0282E+00
  -2.1737E+00   2.0217E+00  -2.1867E+00  -3.1982E+00   2.7582E+00   1.7986E+00
  -2.6700E+00  -2.2998E+00   1.3592E+00  -2.2956E+00   1.3708E+00   5.8965E+00
  -5.9626E+00  -3.2001E+00   2.7546E+00   5.9026E+00  -5.9508E+00   2.6222E+00
  -3.2390E+00   9.6826E-01  -1.3739E+00  -5.7915E+00   5.2453E+00  -1.1028E+01
   1.0168E+01  -5.6330E-01   3.0987E-01   7.2766E+00  -6.8782E+00  -2.0312E+00
   1.5513E+00  -2.3645E+00   1.6412E+00  -1.1026E+01   1.0169E+01   2.9093E+00
  -3.0180E+00   2.9055E+00  -3.0287E+00   2.3339E+00  -2.3108E+00   9.6667E-01
  -1.3781E+00   2.3344E+00  -2.3096E+00  -2.6854E-01   1.6779E-01   7.2742E+00
  -6.8828E+00  -5.5103E+00   5.0869E+00  -5.6229E-01   5.2362E-01  -1.0842E+00
  -4.4562E-01  -5.7941E+00   5.2415E+00  -5.5882E-01   3.2037E-01   4.6769E+00
  -4.3971E+00   4.6742E+00  -4.4017E+00  -2.0328E+00   1.5485E+00  -5.6475E-01
   5.2073E-01   9.8975E+00  -9.1265E+00   4.9494E+00  -4.5628E+00  -1.3583E-03
  -1.8747E-03  -5.5099E+00   5.0876E+00   4.9483E+00  -4.5640E+00   9.8960E+00
  -9.1283E+00  -2.7042E-01   1.6587E-01   6.7008E+00  -7.2851E+00   6.7014E+00
  -7.2852E+00   6.7011E+00  -7.2855E+00   9.0541E-01   7.8995E-01   9.0485E-01
   7.3969E-01   1.0164E+00   7.2232E-01   7.4810E-01  -7.3781E-02  -2.0429E-01
  -2.2078E-01  -1.6609E-01  -1.2395E-01  -8.4638E-02  -1.6681E-01  -1.6751E-01
  -1.1519E-01  -1.4655E-01  -8.2112E-02  -7.9657E-02  -3.1776E-02   3.6682E-02
   3.3574E-02   3.0716E-02  -2.8238E-02  -2.6507E-03  -2.3807E-02  -3.6397E-02
   2.1246E-02   2.5881E-02   3.8978E-02   8.3104E-02   4.0188E-02   1.5265E-02
   3.0764E-02  -2.4821E-02  -2.8400E-02  -3.6022E-02  -4.6333E-02  -2.5379E-02
   6.4365E-02  -1.9398E-02  -2.8459E-02  -7.1970E-03   5.9232E-04   4.7561E-03
  -1.2824E-02   6.8625E-03   3.1253E-02   2.5456E-02   5.0559E-03   6.9922E-03
  -1.7417E-02  -1.5526E-02   7.6742E-03  -5.3939E-03  -1.4829E-02  -3.5787E-03
   4.8693E-05   2.7710E-02  -2.0389E-02  -2.6632E-02  -6.0222E-03   1.3955E-02
  -7.8699E-03   2.7466E-02   2.0632E-04  -6.9572E-03   6.1733E-03  -1.2822E-02
  -5.0635E-03  -1.2325E-02   2.3768E-02   3.1640E-03  -3.4743E-03  -9.3486E-03
   1.8140E-03   8.9647E-03   8.4056E-03  -4.8569E-03  -1.3067E-02  -1.8156E-03
   9.4638E-04  -2.3954E-02  -7.6561E-03  -4.0518E-03   8.2774E-04  -2.3824E-03
  -1.2005E-02  -4.5405E-04   2.0654E-03  -6.3262E-03   6.9900E-03   4.0160E-03
   6.2511E-03   5.5742E-03   4.0301E-03  -1.5512E-02  -1.5359E-02  -1.6760E-02
   1.9668E-03   2.1233E-01  -3.9493E-02  -3.6527E-02   7.7841E-02   3.3466E-03
   6.0212E-02   8.1400E-03  -1.1197E-02   4.6653E-02  -1.9065E-02  -6.0197E-02
  -6.0399E-02  -6.9684E-02   8.4471E-02   8.5058E-02   4.4866E-02  -2.4186E-02
   6.8327E-03  -4.7646E-02  -4.7546E-02   2.0935E-02   2.6785E-02   2.6922E-02
  -5.4843E-03   2.8933E-02   3.8349E-02   2.2730E-02  -1.4751E-02  -1.7172E-02
  -2.5209E-02  -3.2041E-02  -1.9145E-02   5.0727E-02  -1.5042E-02  -2.5601E-02
  -4.2228E-03  -1.3860E-02  -1.6606E-02  -6.1125E-03  -1.9664E-02   4.2679E-02
   3.1916E-02  -9.8124E-03  -3.3741E-02  -1.3130E-02  -1.4349E-02  -1.3451E-02
  -1.7509E-02  -1.0422E-02  -1.4798E-02  -8.6550E-03   2.0099E-02  -1.3754E-02
  -2.1427E-02  -1.0679E-02   1.4120E-02  -5.3736E-03   1.1467E-02  -7.4087E-03
  -9.4375E-03   1.2910E-02  -1.0932E-02  -2.2674E-03  -1.0695E-02   3.1985E-02
  -7.4319E-03   6.4910E-04  -2.7737E-03   1.2223E-02   1.2578E-02  -1.7550E-03
  -4.8316E-03  -7.7888E-03   1.5263E-03   1.3121E-03  -3.1753E-02  -6.4049E-03
  -5.2013E-03   1.6497E-03  -6.9480E-03  -8.3573E-03  -1.7688E-03   2.0204E-03
  -4.8257E-03   6.2855E-03  -2.4885E-03  -2.9294E-04   1.1205E-03  -4.8163E-04
   2.1188E-02   2.1453E-02   2.0650E-02  -2.3890E-03  -5.2418E-02  -2.0161E-01
  -2.1280E-01  -1.5894E-01  -1.4888E-01  -6.6521E-02  -1.4539E-01  -1.5317E-01
  -1.5877E-01  -1.3973E-01  -7.3441E-02  -7.5282E-02  -2.5023E-02  -1.5830E-02
  -2.2789E-02  -6.8007E-03  -1.6121E-02  -1.4048E-02   1.0056E-03  -5.2858E-03
   9.7988E-03   9.5334E-03   3.1848E-02   8.6583E-02   6.3892E-02   3.4057E-02
   2.6873E-02  -2.8741E-02  -2.4529E-02  -3.4198E-02  -4.1194E-02  -1.8368E-02
   1.3976E-02  -1.1386E-02  -1.9953E-02  -5.7952E-04   2.4926E-03   5.5088E-03
  -1.8986E-02   1.5349E-02   2.2755E-02   2.6581E-02   5.0146E-03   1.4202E-02
  -1.8476E-02  -1.4437E-02   1.0659E-02  -2.2934E-03  -1.2714E-02  -2.8983E-03
  -1.3535E-03   2.3559E-02  -1.4998E-02  -2.0711E-02  -2.6998E-03   1.3959E-02
  -7.4783E-03   3.3548E-02   1.0050E-03  -7.0423E-03   1.5333E-03  -1.2414E-02
  -3.3660E-03  -7.1448E-03   2.4850E-02   2.3402E-03  -6.3675E-03  -1.2362E-02
  -3.6403E-03   6.5576E-03   5.4271E-03  -4.2812E-03  -8.4389E-03   1.2729E-05
  -2.1294E-03  -2.0118E-02  -6.5653E-03  -1.5501E-03   1.1051E-03   2.5828E-03
  -6.8278E-03  -2.7012E-03  -5.7779E-03   1.4110E-03   4.4067E-03   8.2929E-03
   9.7777E-03   6.1022E-03   2.5380E-03  -2.5215E-02  -2.4828E-02  -2.5288E-02
  -4.7858E-03   1.2843E-01  -5.5410E-02  -4.7037E-02   2.3767E-02  -1.7454E-02
   4.6524E-03  -5.0862E-02  -6.3137E-02   1.5153E-02  -5.6105E-02  -5.8971E-02
  -5.8699E-02  -8.5877E-02   5.6584E-02   5.4456E-02   2.0531E-02  -1.5495E-02
   1.8832E-03  -3.2175E-02  -2.5760E-02   1.2106E-02   1.4584E-02   2.0761E-02
  -8.7976E-03   5.3559E-02   6.2439E-02   1.8070E-02  -1.5533E-02  -1.3640E-02
  -2.1652E-02  -2.3706E-02  -1.4447E-02   1.8214E-02  -1.0653E-02  -1.8548E-02
   1.3784E-03  -1.3326E-02  -1.7341E-02  -9.2572E-03  -1.3643E-02   3.5264E-02
   3.4466E-02  -1.0044E-02  -3.6620E-02  -1.3666E-02  -1.3043E-02  -1.2295E-02
  -1.6681E-02  -9.2319E-03  -1.4408E-02  -1.1039E-02   1.2219E-02  -7.5679E-03
  -1.5676E-02  -7.7320E-03   1.3985E-02  -4.1458E-03   1.4155E-02  -6.0135E-03
  -1.1034E-02   1.2156E-02  -1.3999E-02  -9.9096E-04  -6.7060E-03   3.7006E-02
  -1.2242E-02  -5.3171E-04  -3.9422E-03   6.8341E-03   9.7954E-03  -2.6623E-03
  -5.2091E-03  -3.3035E-03   4.6377E-03  -6.7432E-04  -2.8662E-02  -4.1376E-03
  -5.3558E-03   9.9993E-04  -3.1567E-03  -2.6182E-03  -5.3087E-03  -8.5475E-03
   9.9229E-04   7.4862E-04   1.5991E-03   3.0165E-03   1.6506E-03  -1.1030E-03
   1.8595E-02   1.9389E-02   1.8279E-02  -6.0978E-03
  > Energy =  -9.939097677341E+02 +/-   1.538015007626E-04
  > varE =   3.875619084176E-03

VMC #16:
* Size of Hilbert space =   1.0817E+14
* Number of equil. steps   = 1000
* Running VMC equilibration.
  Done. [total walltime: 0.34s]
* Equil. acc.ratio (%)     =  12.0672
* Sample config after equilibration:
  +-------------------------+
  |  2   u   d   u   0   0  |
  |0   d   2   2   0   2   2|
  |2   u   0   d   0   0   d|
  |  0   d   u   2   2   u  |
  +-------------------------+
* Number of accum. steps   = 655360 x 10
* Running VMC accumulation.
  Done. [total walltime: 2.34s]
* Acceptance ratio (%)     =  12.0233
* Etot/t                   =  -9.939096048976E+02 +/-   8.129456837327E-05
  > Ttot/t                 =  -9.591137929050E+01 +/-   9.280390632957E-04
  > Utot/t                 =   4.230992884382E+01 +/-   9.207134123719E-04
* var[Eloc/t]              =   3.954688188421E-03 +/-   4.288279474811E-05
* Correlation length       =   1.095193210916E+00
* log10 Psi^2 range: -133.4515239385867 -- -120.8933681451120
* log10 Pgen range : -133.4515239385867 -- -120.8933681451120
* Site occupation (ave. no. electrons per config.):
  > Site_  ___eu____  ___ed____
      1        0.497      0.499
      2        0.496      0.499
      3        0.500      0.499
      4        0.493      0.498
      5        0.507      0.500
      6        0.502      0.502
      7        0.503      0.502
      8        0.500      0.499
      9        0.499      0.498
     10        0.497      0.499
     11        0.500      0.498
     12        0.504      0.501
     13        0.500      0.505
     14        0.505      0.502
     15        0.501      0.501
     16        0.498      0.497
     17        0.499      0.500
     18        0.503      0.501
     19        0.498      0.498
     20        0.502      0.502
     21        0.503      0.502
     22        0.501      0.500
     23        0.496      0.500
     24        0.496      0.497
     25        0.498      0.498
     26        0.501      0.502
* Pair-correlation analysis (ave. no. pairs per config.):
  > Shell  nsite  ___dh____  __eueu___  __eued___
      0      1        0          0          4.505
      1      0        0.923      0.496      2.596
      2      0        0.138      0.361      0.530
      3      0        0.267      0.718      1.058
      4      0        0.227      0.768      1.064
      5      0        0.252      0.737      1.057
      6      0        0.758      0.848      2.432
      7      0        0.672      1.054      2.335
      8      0        0.605      1.229      2.254
      9      0        0.446      1.550      2.093
     10      0        0.529      1.381      2.179
     11      0        0.138      0.817      1.159
     12      0        0.138      0.830      1.139
     13      0        0.137      0.856      1.086
     14      0        0.224      2.113      1.915
     15      0        0.112      1.058      0.959
     16      0        0.224      2.085      1.907
     17      0        0.264      1.903      2.058
     18      0        0.237      2.048      1.935
     19      0        0.295      1.881      2.047
     20      0        0.308      1.877      2.055
     21      0        0.243      2.087      1.923
     22      0        0.245      2.115      1.917
     23      0        0.241      2.129      1.892
     24      0        0.234      2.104      1.919
     25      0        0.278      2.082      1.912
     26      0        0.270      2.081      1.903
     27      0        0.237      2.131      1.885
     28      0        0.217      1.951      2.055
     29      0        0.241      2.056      1.947
     30      0        0.214      1.951      2.093
     31      0        0.108      0.972      1.054
     32      0        0.246      2.056      1.950
     33      0        0.211      2.136      1.894
     34      0        0.249      2.047      1.965
     35      0        0.221      2.073      1.951
     36      0        0.248      2.009      1.961
     37      0        0.286      1.939      2.022
     38      0        0.142      0.967      1.012
     39      0        0.216      1.992      2.023
     40      0        0.259      1.903      2.080
     41      0        0.142      1.007      0.973
     42      0        0.280      2.025      1.950
     43      0        0.255      1.953      2.030
     44      0        0.257      1.871      2.106
     45      0        0.217      1.991      2.049
     46      0        0.241      2.025      1.980
     47      0        0.260      1.932      2.059
     48      0        0.241      1.968      2.038
     49      0        0.248      2.015      1.980
     50      0        0.249      1.973      2.020
     51      0        0.276      1.967      1.996
     52      0        0.247      2.033      1.965
     53      0        0.225      1.971      2.055
     54      0        0.221      2.040      1.993
     55      0        0.253      1.975      2.003
     56      0        0.279      1.993      1.964
     57      0        0.253      1.996      1.980
     58      0        0.218      2.034      1.979
     59      0        0.256      1.983      2.017
     60      0        0.241      2.010      1.988
     61      0        0.133      0.994      0.988
     62      0        0.109      1.013      1.003
     63      0        0.248      1.992      1.977
     64      0        0.220      2.027      2.007
     65      0        0.218      2.055      1.982
     66      0        0.136      0.984      0.996
     67      0        0.216      2.002      2.013
     68      0        0.220      2.014      1.993
     69      0        0.250      2.009      1.983
     70      0        0.254      2.018      1.986
     71      0        0.251      1.982      2.007
     72      0        0.219      2.018      2.011
     73      0        0.246      1.976      1.996
     74      0        0.245      1.998      1.994
     75      0        0.240      1.990      1.982
     76      0        0.243      1.839      2.146
     77      0        0.240      1.990      2.009
     78      0        0.108      1.003      1.013
     79      0        0.217      2.000      2.008
     80      0        0.218      2.006      1.997
     81      0        0.218      2.004      2.033
     82      0        0.242      1.983      1.988
     83      0        0.109      0.992      0.996
     84      0        0.219      2.003      2.001
     85      0        0.111      1.006      1.008
     86      0        0.244      1.993      1.999
     87      0        0.222      2.001      1.999
     88      0        0.109      0.995      0.994
     89      0        0.218      2.011      2.019
     90      0        0.127      0.970      1.006
     91      0        0.062      0.488      0.505
     92      0        0.062      0.487      0.507
     93      0        0.112      1.006      1.006

Optimization #16:
* Method          : lls
* Target function : energy
* No. of configs. : 163840
* No. of params.  : 736
* Before optimization:
  -2.1420E+01  -2.1137E+01  -2.1393E+01  -2.1111E+01  -2.1537E+01  -2.1095E+01
  -2.0836E+01   2.1093E+00   1.9780E+00   1.1234E+00   1.0797E+00   2.3880E+00
   2.7295E+00   2.2949E+00   2.3030E+00   1.4611E+00   1.4364E+00   1.4884E+00
   1.4598E+00   2.1480E+00   2.1467E+00   1.4823E+00   1.4425E+00   1.3928E+00
   1.4464E+00   1.1507E+00   1.3963E+00   1.3942E+00   1.3742E+00   1.3063E+00
   1.2992E+00   2.2028E+00   2.2020E+00   1.8191E+00   1.8187E+00   1.4707E+00
   1.4731E+00   6.7826E-01   6.7637E-01   1.1300E+00   1.1298E+00   1.1359E+00
   1.1352E+00   1.1193E+00   1.1192E+00   2.3387E+00   2.3332E+00   8.1790E-01
   8.1367E-01   1.5981E+00   1.6097E+00   1.9776E+00   1.9754E+00   1.0670E+00
   1.0670E+00   1.4660E+00   1.4674E+00   1.1488E+00   1.1489E+00   1.1227E+00
   6.2616E-01   6.2572E-01   1.7093E+00   1.6915E+00   6.5595E-01   6.5505E-01
   1.4414E+00   1.4418E+00   5.1085E-01   5.0780E-01   9.2752E-01   9.2741E-01
   8.0697E-02   5.6677E-01   5.6645E-01   7.0451E-01   7.0367E-01   1.0656E-01
   9.5324E-01   9.5075E-01   8.4858E-01   8.4677E-01   1.5411E+00   1.5425E+00
   6.6962E-01   6.6961E-01   9.6229E-01   9.6241E-01   7.3486E-01   7.3221E-01
   9.7832E-01   9.7885E-01   1.4630E-01   1.4570E-01   1.6465E-01   1.6367E-01
   4.4016E-01   4.3991E-01   8.7418E-01   8.7097E-01   9.4100E-01   9.3987E-01
   9.2503E-01   9.2346E-01   6.6323E-02   6.4482E-02   4.4615E-01   4.4642E-01
   4.8600E-02   4.6661E-02   6.1903E-01   6.1659E-01   4.0674E-01   4.0572E-01
   5.4569E-01   5.4602E-01   8.6025E-01   2.5425E-01  -3.9812E-01  -3.9905E-01
   4.7999E-01   4.7899E-01   7.2485E-01   7.2432E-01   8.5708E-01   1.0976E-01
   1.0877E-01   1.2438E-01   1.2351E-01  -2.1976E-02  -2.2458E-02   4.1314E-01
   4.1046E-01  -2.4219E-02  -2.4986E-02   9.9926E-02   1.0099E-01  -3.9183E-01
  -3.9204E-01   4.2450E-01   4.2358E-01   3.9701E-02   3.8636E-02   1.5197E+00
   1.5227E+00   5.5165E-01   5.5245E-01   2.3852E-01  -2.7920E-01  -2.8018E-01
  -2.7170E-01  -2.7269E-01   4.8425E-01   4.8337E-01   4.3542E-02   4.3060E-02
  -7.7162E-01  -3.8666E-01  -3.8642E-01   2.1349E-03   4.2175E-01   4.2150E-01
  -3.8436E-01  -3.8400E-01  -7.6851E-01   1.0332E-01   1.0439E-01   5.8519E-01
   5.8038E-01   5.8409E-01   5.8024E-01   5.8536E-01   5.7992E-01   3.5641E+00
  -5.7678E+00   1.7939E+00  -2.9214E+00   4.0216E+00  -5.1050E+00  -1.4001E+00
  -1.0240E+00  -1.2112E+01   9.3742E+00  -6.8061E+00   4.3780E+00  -2.5134E-01
  -1.3035E+00  -1.3742E+00  -1.8900E-01  -1.7674E+00  -4.0174E-01   1.2629E+00
  -2.7870E+00  -4.3197E+00   2.9311E+00  -1.2760E+00  -1.7226E-01   8.7826E+00
  -9.9330E+00  -2.7247E+00   1.3414E+00  -4.2433E+00   2.8822E+00   3.7969E+00
  -5.0894E+00  -6.5529E+00   4.3454E+00  -1.6026E+00  -2.1353E-01  -3.8057E+00
   2.3305E+00   3.1533E+00  -3.8343E+00   1.4464E+00  -2.5727E+00  -1.1884E+00
   5.6152E-02  -7.2433E-02  -1.0420E+00  -6.5841E+00   4.2766E+00   3.1255E+00
  -3.9091E+00  -3.8364E+00   2.2624E+00  -6.6185E+00   4.6489E+00   3.8835E+00
  -4.9531E+00  -7.8681E+00   6.4028E+00  -2.6395E+00   1.4876E+00  -4.1588E+00
   3.0320E+00   2.1410E-01  -8.3837E-01   3.7552E+00  -5.4390E+00   6.2103E-01
  -1.2766E+00  -1.0505E+00  -3.8857E-01   6.7301E+00  -7.2394E+00  -4.5934E+00
   3.6661E+00   4.6012E+00  -4.6820E+00   2.6373E+00  -3.2033E+00   1.8188E-01
  -8.9492E-01   4.5947E+00  -4.6980E+00  -4.6004E+00   3.6511E+00   1.8051E+00
  -2.6526E+00  -7.8984E+00   6.3491E+00  -2.3503E+00   1.6807E+00  -7.5732E+00
   6.6107E+00   5.8867E-01  -1.3284E+00  -7.5784E+00   6.5986E+00   2.0282E+00
  -2.1737E+00   2.0217E+00  -2.1867E+00  -3.1982E+00   2.7582E+00   1.7986E+00
  -2.6700E+00  -2.2998E+00   1.3592E+00  -2.2956E+00   1.3708E+00   5.8965E+00
  -5.9626E+00  -3.2001E+00   2.7546E+00   5.9026E+00  -5.9508E+00   2.6222E+00
  -3.2390E+00   9.6826E-01  -1.3739E+00  -5.7915E+00   5.2453E+00  -1.1028E+01
   1.0168E+01  -5.6330E-01   3.0987E-01   7.2766E+00  -6.8782E+00  -2.0312E+00
   1.5513E+00  -2.3645E+00   1.6412E+00  -1.1026E+01   1.0169E+01   2.9093E+00
  -3.0180E+00   2.9055E+00  -3.0287E+00   2.3339E+00  -2.3108E+00   9.6667E-01
  -1.3781E+00   2.3344E+00  -2.3096E+00  -2.6854E-01   1.6779E-01   7.2742E+00
  -6.8828E+00  -5.5103E+00   5.0869E+00  -5.6229E-01   5.2362E-01  -1.0842E+00
  -4.4562E-01  -5.7941E+00   5.2415E+00  -5.5882E-01   3.2037E-01   4.6769E+00
  -4.3971E+00   4.6742E+00  -4.4017E+00  -2.0328E+00   1.5485E+00  -5.6475E-01
   5.2073E-01   9.8975E+00  -9.1265E+00   4.9494E+00  -4.5628E+00  -1.3583E-03
  -1.8747E-03  -5.5099E+00   5.0876E+00   4.9483E+00  -4.5640E+00   9.8960E+00
  -9.1283E+00  -2.7042E-01   1.6587E-01   6.7008E+00  -7.2851E+00   6.7014E+00
  -7.2852E+00   6.7011E+00  -7.2855E+00   9.0541E-01   7.8995E-01   9.0485E-01
   7.3969E-01   1.0164E+00   7.2232E-01   7.4810E-01  -7.3781E-02  -2.0429E-01
  -2.2078E-01  -1.6609E-01  -1.2395E-01  -8.4638E-02  -1.6681E-01  -1.6751E-01
  -1.1519E-01  -1.4655E-01  -8.2112E-02  -7.9657E-02  -3.1776E-02   3.6682E-02
   3.3574E-02   3.0716E-02  -2.8238E-02  -2.6507E-03  -2.3807E-02  -3.6397E-02
   2.1246E-02   2.5881E-02   3.8978E-02   8.3104E-02   4.0188E-02   1.5265E-02
   3.0764E-02  -2.4821E-02  -2.8400E-02  -3.6022E-02  -4.6333E-02  -2.5379E-02
   6.4365E-02  -1.9398E-02  -2.8459E-02  -7.1970E-03   5.9232E-04   4.7561E-03
  -1.2824E-02   6.8625E-03   3.1253E-02   2.5456E-02   5.0559E-03   6.9922E-03
  -1.7417E-02  -1.5526E-02   7.6742E-03  -5.3939E-03  -1.4829E-02  -3.5787E-03
   4.8693E-05   2.7710E-02  -2.0389E-02  -2.6632E-02  -6.0222E-03   1.3955E-02
  -7.8699E-03   2.7466E-02   2.0632E-04  -6.9572E-03   6.1733E-03  -1.2822E-02
  -5.0635E-03  -1.2325E-02   2.3768E-02   3.1640E-03  -3.4743E-03  -9.3486E-03
   1.8140E-03   8.9647E-03   8.4056E-03  -4.8569E-03  -1.3067E-02  -1.8156E-03
   9.4638E-04  -2.3954E-02  -7.6561E-03  -4.0518E-03   8.2774E-04  -2.3824E-03
  -1.2005E-02  -4.5405E-04   2.0654E-03  -6.3262E-03   6.9900E-03   4.0160E-03
   6.2511E-03   5.5742E-03   4.0301E-03  -1.5512E-02  -1.5359E-02  -1.6760E-02
   1.9668E-03   2.1233E-01  -3.9493E-02  -3.6527E-02   7.7841E-02   3.3466E-03
   6.0212E-02   8.1400E-03  -1.1197E-02   4.6653E-02  -1.9065E-02  -6.0197E-02
  -6.0399E-02  -6.9684E-02   8.4471E-02   8.5058E-02   4.4866E-02  -2.4186E-02
   6.8327E-03  -4.7646E-02  -4.7546E-02   2.0935E-02   2.6785E-02   2.6922E-02
  -5.4843E-03   2.8933E-02   3.8349E-02   2.2730E-02  -1.4751E-02  -1.7172E-02
  -2.5209E-02  -3.2041E-02  -1.9145E-02   5.0727E-02  -1.5042E-02  -2.5601E-02
  -4.2228E-03  -1.3860E-02  -1.6606E-02  -6.1125E-03  -1.9664E-02   4.2679E-02
   3.1916E-02  -9.8124E-03  -3.3741E-02  -1.3130E-02  -1.4349E-02  -1.3451E-02
  -1.7509E-02  -1.0422E-02  -1.4798E-02  -8.6550E-03   2.0099E-02  -1.3754E-02
  -2.1427E-02  -1.0679E-02   1.4120E-02  -5.3736E-03   1.1467E-02  -7.4087E-03
  -9.4375E-03   1.2910E-02  -1.0932E-02  -2.2674E-03  -1.0695E-02   3.1985E-02
  -7.4319E-03   6.4910E-04  -2.7737E-03   1.2223E-02   1.2578E-02  -1.7550E-03
  -4.8316E-03  -7.7888E-03   1.5263E-03   1.3121E-03  -3.1753E-02  -6.4049E-03
  -5.2013E-03   1.6497E-03  -6.9480E-03  -8.3573E-03  -1.7688E-03   2.0204E-03
  -4.8257E-03   6.2855E-03  -2.4885E-03  -2.9294E-04   1.1205E-03  -4.8163E-04
   2.1188E-02   2.1453E-02   2.0650E-02  -2.3890E-03  -5.2418E-02  -2.0161E-01
  -2.1280E-01  -1.5894E-01  -1.4888E-01  -6.6521E-02  -1.4539E-01  -1.5317E-01
  -1.5877E-01  -1.3973E-01  -7.3441E-02  -7.5282E-02  -2.5023E-02  -1.5830E-02
  -2.2789E-02  -6.8007E-03  -1.6121E-02  -1.4048E-02   1.0056E-03  -5.2858E-03
   9.7988E-03   9.5334E-03   3.1848E-02   8.6583E-02   6.3892E-02   3.4057E-02
   2.6873E-02  -2.8741E-02  -2.4529E-02  -3.4198E-02  -4.1194E-02  -1.8368E-02
   1.3976E-02  -1.1386E-02  -1.9953E-02  -5.7952E-04   2.4926E-03   5.5088E-03
  -1.8986E-02   1.5349E-02   2.2755E-02   2.6581E-02   5.0146E-03   1.4202E-02
  -1.8476E-02  -1.4437E-02   1.0659E-02  -2.2934E-03  -1.2714E-02  -2.8983E-03
  -1.3535E-03   2.3559E-02  -1.4998E-02  -2.0711E-02  -2.6998E-03   1.3959E-02
  -7.4783E-03   3.3548E-02   1.0050E-03  -7.0423E-03   1.5333E-03  -1.2414E-02
  -3.3660E-03  -7.1448E-03   2.4850E-02   2.3402E-03  -6.3675E-03  -1.2362E-02
  -3.6403E-03   6.5576E-03   5.4271E-03  -4.2812E-03  -8.4389E-03   1.2729E-05
  -2.1294E-03  -2.0118E-02  -6.5653E-03  -1.5501E-03   1.1051E-03   2.5828E-03
  -6.8278E-03  -2.7012E-03  -5.7779E-03   1.4110E-03   4.4067E-03   8.2929E-03
   9.7777E-03   6.1022E-03   2.5380E-03  -2.5215E-02  -2.4828E-02  -2.5288E-02
  -4.7858E-03   1.2843E-01  -5.5410E-02  -4.7037E-02   2.3767E-02  -1.7454E-02
   4.6524E-03  -5.0862E-02  -6.3137E-02   1.5153E-02  -5.6105E-02  -5.8971E-02
  -5.8699E-02  -8.5877E-02   5.6584E-02   5.4456E-02   2.0531E-02  -1.5495E-02
   1.8832E-03  -3.2175E-02  -2.5760E-02   1.2106E-02   1.4584E-02   2.0761E-02
  -8.7976E-03   5.3559E-02   6.2439E-02   1.8070E-02  -1.5533E-02  -1.3640E-02
  -2.1652E-02  -2.3706E-02  -1.4447E-02   1.8214E-02  -1.0653E-02  -1.8548E-02
   1.3784E-03  -1.3326E-02  -1.7341E-02  -9.2572E-03  -1.3643E-02   3.5264E-02
   3.4466E-02  -1.0044E-02  -3.6620E-02  -1.3666E-02  -1.3043E-02  -1.2295E-02
  -1.6681E-02  -9.2319E-03  -1.4408E-02  -1.1039E-02   1.2219E-02  -7.5679E-03
  -1.5676E-02  -7.7320E-03   1.3985E-02  -4.1458E-03   1.4155E-02  -6.0135E-03
  -1.1034E-02   1.2156E-02  -1.3999E-02  -9.9096E-04  -6.7060E-03   3.7006E-02
  -1.2242E-02  -5.3171E-04  -3.9422E-03   6.8341E-03   9.7954E-03  -2.6623E-03
  -5.2091E-03  -3.3035E-03   4.6377E-03  -6.7432E-04  -2.8662E-02  -4.1376E-03
  -5.3558E-03   9.9993E-04  -3.1567E-03  -2.6182E-03  -5.3087E-03  -8.5475E-03
   9.9229E-04   7.4862E-04   1.5991E-03   3.0165E-03   1.6506E-03  -1.1030E-03
   1.8595E-02   1.9389E-02   1.8279E-02  -6.0978E-03
  > E    =  -9.939095200821E+02 +/-   1.552620600615E-04
  > varE =   3.949577387135E-03
* Computing derivatives.
    [walltime: 2m43s elapsed, 4m3s remaining]
  Done. [total walltime: 6m42s]
* Optimizing manipulation constant:
  #igrid a___________ E____________________________________ varE____________
     1     Infinity    -9.93909520E+02 +/-   1.55262060E-04   3.94957739E-03
     2     1.0000E+06  -9.93909520E+02 +/-   1.55262052E-04   3.94957698E-03
     3     2.1544E+05  -9.93909520E+02 +/-   1.55262023E-04   3.94957551E-03
     4     4.6416E+04  -9.93909520E+02 +/-   1.55261890E-04   3.94956874E-03
     5     1.0000E+04  -9.93909520E+02 +/-   1.55261296E-04   3.94953852E-03
     6     2.1544E+03  -9.93909520E+02 +/-   1.55259044E-04   3.94942396E-03
     7     4.6416E+02  -9.93909520E+02 +/-   1.55259426E-04   3.94944339E-03
     8     1.0000E+02  -9.93909507E+02 +/-   1.55501617E-04   3.96177457E-03
     9     2.1544E+01  -9.93908876E+02 +/-   1.66537142E-04   4.54404008E-03
    10     4.6416E+00  -9.93828504E+02 +/-   6.66380549E-04   7.27552879E-02
    11     1.0000E+00  -9.91864904E+02 +/-   2.73236833E-03   1.22320269E+00
    12     2.1544E-01  -9.90716121E+02 +/-   3.00788382E-03   1.48232030E+00
    13     4.6416E-02  -9.90678592E+02 +/-   3.01185420E-03   1.48623618E+00
    14     1.0000E-02  -9.90676818E+02 +/-   3.01138516E-03   1.48577330E+00
    15     2.1544E-03  -9.90676576E+02 +/-   3.01123205E-03   1.48562222E+00
    16     4.6416E-04  -9.90676529E+02 +/-   3.01119656E-03   1.48558721E+00
    17     1.0000E-04  -9.90676519E+02 +/-   3.01118880E-03   1.48557955E+00
    18     2.1544E-05  -9.90676517E+02 +/-   3.01118712E-03   1.48557789E+00
    19     4.6416E-06  -9.90676516E+02 +/-   3.01118676E-03   1.48557753E+00
    20     1.0000E-06  -9.90676516E+02 +/-   3.01118668E-03   1.48557746E+00
    21     0.0000E+00  -9.90676516E+02 +/-   3.01118666E-03   1.48557744E+00
* Iteration # 1: E =  -9.939095201926E+02 +/-   1.552590444026E-04
* Convergence: exiting.
* After optimization:
  -2.1423E+01  -2.1139E+01  -2.1396E+01  -2.1114E+01  -2.1539E+01  -2.1098E+01
  -2.0839E+01   2.1092E+00   1.9780E+00   1.1234E+00   1.0797E+00   2.3880E+00
   2.7295E+00   2.2949E+00   2.3030E+00   1.4611E+00   1.4364E+00   1.4884E+00
   1.4598E+00   2.1480E+00   2.1467E+00   1.4823E+00   1.4425E+00   1.3928E+00
   1.4464E+00   1.1507E+00   1.3963E+00   1.3942E+00   1.3742E+00   1.3063E+00
   1.2992E+00   2.2028E+00   2.2020E+00   1.8191E+00   1.8186E+00   1.4707E+00
   1.4731E+00   6.7826E-01   6.7636E-01   1.1300E+00   1.1298E+00   1.1359E+00
   1.1352E+00   1.1193E+00   1.1192E+00   2.3387E+00   2.3332E+00   8.1790E-01
   8.1366E-01   1.5981E+00   1.6097E+00   1.9776E+00   1.9754E+00   1.0670E+00
   1.0670E+00   1.4660E+00   1.4674E+00   1.1488E+00   1.1489E+00   1.1227E+00
   6.2615E-01   6.2572E-01   1.7093E+00   1.6915E+00   6.5595E-01   6.5505E-01
   1.4414E+00   1.4418E+00   5.1085E-01   5.0779E-01   9.2751E-01   9.2741E-01
   8.0691E-02   5.6676E-01   5.6644E-01   7.0451E-01   7.0367E-01   1.0655E-01
   9.5323E-01   9.5075E-01   8.4858E-01   8.4677E-01   1.5411E+00   1.5425E+00
   6.6961E-01   6.6961E-01   9.6229E-01   9.6240E-01   7.3486E-01   7.3220E-01
   9.7831E-01   9.7884E-01   1.4630E-01   1.4570E-01   1.6465E-01   1.6367E-01
   4.4016E-01   4.3990E-01   8.7418E-01   8.7097E-01   9.4099E-01   9.3987E-01
   9.2503E-01   9.2345E-01   6.6318E-02   6.4477E-02   4.4614E-01   4.4641E-01
   4.8597E-02   4.6657E-02   6.1902E-01   6.1658E-01   4.0673E-01   4.0572E-01
   5.4569E-01   5.4602E-01   8.6025E-01   2.5425E-01  -3.9813E-01  -3.9906E-01
   4.7998E-01   4.7899E-01   7.2485E-01   7.2432E-01   8.5708E-01   1.0976E-01
   1.0877E-01   1.2438E-01   1.2351E-01  -2.1981E-02  -2.2463E-02   4.1314E-01
   4.1045E-01  -2.4223E-02  -2.4991E-02   9.9924E-02   1.0098E-01  -3.9183E-01
  -3.9204E-01   4.2450E-01   4.2358E-01   3.9699E-02   3.8634E-02   1.5197E+00
   1.5227E+00   5.5165E-01   5.5245E-01   2.3851E-01  -2.7921E-01  -2.8018E-01
  -2.7171E-01  -2.7270E-01   4.8425E-01   4.8337E-01   4.3539E-02   4.3057E-02
  -7.7162E-01  -3.8666E-01  -3.8642E-01   2.1343E-03   4.2175E-01   4.2150E-01
  -3.8437E-01  -3.8400E-01  -7.6851E-01   1.0332E-01   1.0439E-01   5.8518E-01
   5.8037E-01   5.8408E-01   5.8023E-01   5.8536E-01   5.7992E-01   3.5641E+00
  -5.7678E+00   1.7940E+00  -2.9214E+00   4.0217E+00  -5.1050E+00  -1.4001E+00
  -1.0240E+00  -1.2112E+01   9.3742E+00  -6.8060E+00   4.3779E+00  -2.5126E-01
  -1.3035E+00  -1.3742E+00  -1.8907E-01  -1.7673E+00  -4.0182E-01   1.2629E+00
  -2.7871E+00  -4.3196E+00   2.9310E+00  -1.2759E+00  -1.7233E-01   8.7827E+00
  -9.9331E+00  -2.7247E+00   1.3413E+00  -4.2432E+00   2.8822E+00   3.7970E+00
  -5.0895E+00  -6.5529E+00   4.3453E+00  -1.6026E+00  -2.1360E-01  -3.8056E+00
   2.3304E+00   3.1533E+00  -3.8344E+00   1.4465E+00  -2.5727E+00  -1.1883E+00
   5.6080E-02  -7.2348E-02  -1.0421E+00  -6.5840E+00   4.2766E+00   3.1256E+00
  -3.9092E+00  -3.8363E+00   2.2623E+00  -6.6184E+00   4.6488E+00   3.8836E+00
  -4.9532E+00  -7.8680E+00   6.4027E+00  -2.6394E+00   1.4876E+00  -4.1587E+00
   3.0319E+00   2.1418E-01  -8.3845E-01   3.7552E+00  -5.4390E+00   6.2111E-01
  -1.2766E+00  -1.0504E+00  -3.8861E-01   6.7302E+00  -7.2395E+00  -4.5934E+00
   3.6660E+00   4.6013E+00  -4.6821E+00   2.6374E+00  -3.2034E+00   1.8197E-01
  -8.9500E-01   4.5947E+00  -4.6981E+00  -4.6003E+00   3.6510E+00   1.8052E+00
  -2.6527E+00  -7.8983E+00   6.3490E+00  -2.3502E+00   1.6806E+00  -7.5731E+00
   6.6106E+00   5.8875E-01  -1.3285E+00  -7.5783E+00   6.5985E+00   2.0283E+00
  -2.1738E+00   2.0218E+00  -2.1867E+00  -3.1981E+00   2.7581E+00   1.7987E+00
  -2.6700E+00  -2.2997E+00   1.3591E+00  -2.2955E+00   1.3708E+00   5.8965E+00
  -5.9627E+00  -3.2000E+00   2.7545E+00   5.9026E+00  -5.9509E+00   2.6223E+00
  -3.2391E+00   9.6829E-01  -1.3739E+00  -5.7914E+00   5.2452E+00  -1.1028E+01
   1.0168E+01  -5.6322E-01   3.0980E-01   7.2766E+00  -6.8783E+00  -2.0311E+00
   1.5512E+00  -2.3644E+00   1.6411E+00  -1.1026E+01   1.0169E+01   2.9093E+00
  -3.0181E+00   2.9055E+00  -3.0288E+00   2.3339E+00  -2.3108E+00   9.6671E-01
  -1.3782E+00   2.3344E+00  -2.3096E+00  -2.6850E-01   1.6775E-01   7.2743E+00
  -6.8829E+00  -5.5103E+00   5.0868E+00  -5.6221E-01   5.2354E-01  -1.0842E+00
  -4.4566E-01  -5.7941E+00   5.2414E+00  -5.5875E-01   3.2030E-01   4.6770E+00
  -4.3972E+00   4.6743E+00  -4.4018E+00  -2.0328E+00   1.5484E+00  -5.6466E-01
   5.2065E-01   9.8976E+00  -9.1265E+00   4.9494E+00  -4.5628E+00  -1.3567E-03
  -1.8736E-03  -5.5099E+00   5.0875E+00   4.9484E+00  -4.5640E+00   9.8961E+00
  -9.1283E+00  -2.7038E-01   1.6584E-01   6.7009E+00  -7.2852E+00   6.7015E+00
  -7.2853E+00   6.7012E+00  -7.2855E+00   9.0658E-01   7.9098E-01   9.0603E-01
   7.4064E-01   1.0177E+00   7.2326E-01   7.4906E-01  -7.3882E-02  -2.0453E-01
  -2.2107E-01  -1.6632E-01  -1.2410E-01  -8.4745E-02  -1.6703E-01  -1.6772E-01
  -1.1533E-01  -1.4674E-01  -8.2213E-02  -7.9757E-02  -3.1827E-02   3.6729E-02
   3.3610E-02   3.0758E-02  -2.8276E-02  -2.6537E-03  -2.3838E-02  -3.6447E-02
   2.1273E-02   2.5907E-02   3.9032E-02   8.3208E-02   4.0239E-02   1.5285E-02
   3.0803E-02  -2.4856E-02  -2.8438E-02  -3.6068E-02  -4.6393E-02  -2.5411E-02
   6.4449E-02  -1.9420E-02  -2.8495E-02  -7.2087E-03   5.9319E-04   4.7635E-03
  -1.2838E-02   6.8723E-03   3.1303E-02   2.5494E-02   5.0609E-03   6.9981E-03
  -1.7442E-02  -1.5547E-02   7.6835E-03  -5.4068E-03  -1.4847E-02  -3.5918E-03
   5.1370E-05   2.7741E-02  -2.0413E-02  -2.6664E-02  -6.0338E-03   1.3966E-02
  -7.8775E-03   2.7498E-02   2.1273E-04  -6.9689E-03   6.1836E-03  -1.2832E-02
  -5.0664E-03  -1.2339E-02   2.3804E-02   3.1651E-03  -3.4790E-03  -9.3547E-03
   1.8144E-03   8.9716E-03   8.4168E-03  -4.8698E-03  -1.3079E-02  -1.8095E-03
   9.4293E-04  -2.3982E-02  -7.6628E-03  -4.0555E-03   8.3091E-04  -2.3863E-03
  -1.2014E-02  -4.5217E-04   2.0665E-03  -6.3283E-03   6.9940E-03   4.0214E-03
   6.2609E-03   5.5741E-03   4.0371E-03  -1.5527E-02  -1.5374E-02  -1.6777E-02
   1.9613E-03   2.1260E-01  -3.9543E-02  -3.6570E-02   7.7928E-02   3.3492E-03
   6.0288E-02   8.1509E-03  -1.1212E-02   4.6715E-02  -1.9091E-02  -6.0272E-02
  -6.0476E-02  -6.9781E-02   8.4582E-02   8.5166E-02   4.4926E-02  -2.4217E-02
   6.8433E-03  -4.7708E-02  -4.7606E-02   2.0962E-02   2.6818E-02   2.6959E-02
  -5.4918E-03   2.8970E-02   3.8398E-02   2.2763E-02  -1.4772E-02  -1.7197E-02
  -2.5245E-02  -3.2081E-02  -1.9172E-02   5.0789E-02  -1.5065E-02  -2.5635E-02
  -4.2287E-03  -1.3879E-02  -1.6625E-02  -6.1216E-03  -1.9692E-02   4.2734E-02
   3.1958E-02  -9.8269E-03  -3.3786E-02  -1.3145E-02  -1.4366E-02  -1.3471E-02
  -1.7531E-02  -1.0432E-02  -1.4816E-02  -8.6633E-03   2.0127E-02  -1.3775E-02
  -2.1455E-02  -1.0694E-02   1.4138E-02  -5.3814E-03   1.1485E-02  -7.4173E-03
  -9.4507E-03   1.2927E-02  -1.0946E-02  -2.2681E-03  -1.0707E-02   3.2024E-02
  -7.4418E-03   6.4868E-04  -2.7783E-03   1.2234E-02   1.2593E-02  -1.7550E-03
  -4.8418E-03  -7.8010E-03   1.5313E-03   1.3132E-03  -3.1791E-02  -6.4149E-03
  -5.2089E-03   1.6557E-03  -6.9563E-03  -8.3686E-03  -1.7700E-03   2.0130E-03
  -4.8355E-03   6.2938E-03  -2.4838E-03  -2.9020E-04   1.1170E-03  -4.8139E-04
   2.1213E-02   2.1479E-02   2.0676E-02  -2.4043E-03  -5.2422E-02  -2.0158E-01
  -2.1280E-01  -1.5895E-01  -1.4888E-01  -6.6524E-02  -1.4539E-01  -1.5316E-01
  -1.5877E-01  -1.3973E-01  -7.3435E-02  -7.5279E-02  -2.5028E-02  -1.5828E-02
  -2.2798E-02  -6.8033E-03  -1.6120E-02  -1.4045E-02   1.0059E-03  -5.2888E-03
   9.7953E-03   9.5269E-03   3.1847E-02   8.6578E-02   6.3893E-02   3.4060E-02
   2.6871E-02  -2.8745E-02  -2.4530E-02  -3.4196E-02  -4.1196E-02  -1.8365E-02
   1.3989E-02  -1.1382E-02  -1.9953E-02  -5.8095E-04   2.4898E-03   5.5079E-03
  -1.8981E-02   1.5352E-02   2.2763E-02   2.6581E-02   5.0150E-03   1.4202E-02
  -1.8479E-02  -1.4438E-02   1.0661E-02  -2.3025E-03  -1.2715E-02  -2.9072E-03
  -1.3486E-03   2.3554E-02  -1.4995E-02  -2.0708E-02  -2.7052E-03   1.3951E-02
  -7.4749E-03   3.3544E-02   1.0104E-03  -7.0446E-03   1.5351E-03  -1.2407E-02
  -3.3627E-03  -7.1448E-03   2.4854E-02   2.3363E-03  -6.3660E-03  -1.2354E-02
  -3.6387E-03   6.5527E-03   5.4299E-03  -4.2834E-03  -8.4334E-03   2.0384E-05
  -2.1292E-03  -2.0117E-02  -6.5567E-03  -1.5504E-03   1.1018E-03   2.5860E-03
  -6.8212E-03  -2.7003E-03  -5.7725E-03   1.4095E-03   4.4067E-03   8.2883E-03
   9.7761E-03   6.0975E-03   2.5393E-03  -2.5210E-02  -2.4823E-02  -2.5282E-02
  -4.7829E-03   1.2843E-01  -5.5406E-02  -4.7040E-02   2.3763E-02  -1.7458E-02
   4.6460E-03  -5.0864E-02  -6.3137E-02   1.5150E-02  -5.6108E-02  -5.8969E-02
  -5.8699E-02  -8.5877E-02   5.6588E-02   5.4456E-02   2.0529E-02  -1.5492E-02
   1.8871E-03  -3.2174E-02  -2.5757E-02   1.2102E-02   1.4584E-02   2.0758E-02
  -8.8010E-03   5.3559E-02   6.2439E-02   1.8073E-02  -1.5534E-02  -1.3643E-02
  -2.1655E-02  -2.3708E-02  -1.4448E-02   1.8220E-02  -1.0657E-02  -1.8549E-02
   1.3786E-03  -1.3330E-02  -1.7341E-02  -9.2580E-03  -1.3645E-02   3.5262E-02
   3.4463E-02  -1.0045E-02  -3.6618E-02  -1.3662E-02  -1.3043E-02  -1.2295E-02
  -1.6683E-02  -9.2292E-03  -1.4407E-02  -1.1034E-02   1.2222E-02  -7.5703E-03
  -1.5676E-02  -7.7347E-03   1.3987E-02  -4.1468E-03   1.4159E-02  -6.0136E-03
  -1.1035E-02   1.2152E-02  -1.4001E-02  -9.8966E-04  -6.7047E-03   3.7002E-02
  -1.2242E-02  -5.3354E-04  -3.9441E-03   6.8295E-03   9.7930E-03  -2.6593E-03
  -5.2085E-03  -3.3038E-03   4.6394E-03  -6.6861E-04  -2.8661E-02  -4.1370E-03
  -5.3579E-03   9.9810E-04  -3.1517E-03  -2.6193E-03  -5.3068E-03  -8.5535E-03
   9.8102E-04   7.5206E-04   1.6006E-03   3.0178E-03   1.6436E-03  -1.1011E-03
   1.8593E-02   1.9386E-02   1.8277E-02  -6.1049E-03
  > Energy =  -9.939095201926E+02 +/-   1.552590444026E-04
  > varE =   3.949423963147E-03

VMC #17:
* Size of Hilbert space =   1.0817E+14
* Number of equil. steps   = 1000
* Running VMC equilibration.
  Done. [total walltime: 0.34s]
* Equil. acc.ratio (%)     =  12.0544
* Sample config after equilibration:
  +-------------------------+
  |  2   u   d   0   0   u  |
  |0   d   u   0   2   2   2|
  |d   u   2   2   d   d   0|
  |  u   d   0   u   u   d  |
  +-------------------------+
* Number of accum. steps   = 655360 x 10
* Running VMC accumulation.
  Done. [total walltime: 2.31s]
* Acceptance ratio (%)     =  12.0120
* Etot/t                   =  -9.939098396110E+02 +/-   8.137472266694E-05
  > Ttot/t                 =  -9.591214109919E+01 +/-   9.259485642108E-04
  > Utot/t                 =   4.231045593912E+01 +/-   9.187024876141E-04
* var[Eloc/t]              =   3.917405229060E-03 +/-   2.262991598139E-05
* Correlation length       =   1.107797740085E+00
* log10 Psi^2 range: -133.0888978795980 -- -121.2976643838336
* log10 Pgen range : -133.0888978795980 -- -121.2976643838336
* Site occupation (ave. no. electrons per config.):
  > Site_  ___eu____  ___ed____
      1        0.496      0.499
      2        0.497      0.497
      3        0.497      0.495
      4        0.498      0.499
      5        0.506      0.503
      6        0.501      0.503
      7        0.505      0.501
      8        0.498      0.498
      9        0.497      0.499
     10        0.495      0.501
     11        0.496      0.499
     12        0.501      0.501
     13        0.503      0.503
     14        0.503      0.502
     15        0.501      0.504
     16        0.497      0.499
     17        0.499      0.499
     18        0.505      0.499
     19        0.498      0.497
     20        0.502      0.504
     21        0.505      0.502
     22        0.503      0.501
     23        0.495      0.498
     24        0.500      0.497
     25        0.500      0.497
     26        0.502      0.503
* Pair-correlation analysis (ave. no. pairs per config.):
  > Shell  nsite  ___dh____  __eueu___  __eued___
      0      1        0          0          4.495
      1      0        0.918      0.493      2.604
      2      0        0.135      0.356      0.529
      3      0        0.266      0.720      1.059
      4      0        0.224      0.767      1.071
      5      0        0.254      0.740      1.054
      6      0        0.758      0.850      2.433
      7      0        0.673      1.052      2.340
      8      0        0.601      1.222      2.253
      9      0        0.444      1.548      2.093
     10      0        0.529      1.385      2.178
     11      0        0.140      0.817      1.161
     12      0        0.138      0.833      1.139
     13      0        0.136      0.853      1.086
     14      0        0.222      2.116      1.920
     15      0        0.113      1.061      0.958
     16      0        0.223      2.084      1.909
     17      0        0.264      1.905      2.060
     18      0        0.237      2.044      1.938
     19      0        0.295      1.881      2.046
     20      0        0.305      1.868      2.050
     21      0        0.243      2.086      1.926
     22      0        0.242      2.113      1.907
     23      0        0.240      2.133      1.895
     24      0        0.236      2.106      1.916
     25      0        0.274      2.078      1.904
     26      0        0.267      2.083      1.906
     27      0        0.238      2.130      1.889
     28      0        0.215      1.951      2.053
     29      0        0.242      2.063      1.948
     30      0        0.216      1.954      2.095
     31      0        0.106      0.976      1.055
     32      0        0.247      2.055      1.954
     33      0        0.211      2.141      1.884
     34      0        0.245      2.036      1.961
     35      0        0.218      2.075      1.957
     36      0        0.245      2.010      1.957
     37      0        0.282      1.932      2.017
     38      0        0.143      0.967      1.009
     39      0        0.216      1.983      2.030
     40      0        0.257      1.907      2.083
     41      0        0.140      1.008      0.973
     42      0        0.276      2.017      1.945
     43      0        0.252      1.957      2.035
     44      0        0.259      1.875      2.106
     45      0        0.217      1.996      2.050
     46      0        0.242      2.028      1.981
     47      0        0.256      1.928      2.053
     48      0        0.245      1.966      2.039
     49      0        0.246      2.017      1.983
     50      0        0.247      1.976      2.022
     51      0        0.278      1.959      1.999
     52      0        0.247      2.031      1.970
     53      0        0.221      1.978      2.058
     54      0        0.219      2.048      1.991
     55      0        0.247      1.969      1.992
     56      0        0.275      1.998      1.966
     57      0        0.248      1.991      1.969
     58      0        0.217      2.029      1.981
     59      0        0.251      1.976      2.011
     60      0        0.242      2.008      1.993
     61      0        0.137      0.994      0.987
     62      0        0.108      1.014      1.004
     63      0        0.247      1.986      1.980
     64      0        0.216      2.030      2.013
     65      0        0.215      2.057      1.989
     66      0        0.135      0.989      0.996
     67      0        0.215      2.003      2.010
     68      0        0.213      2.018      2.000
     69      0        0.247      2.005      1.993
     70      0        0.250      2.010      1.979
     71      0        0.250      1.990      2.004
     72      0        0.217      2.020      2.017
     73      0        0.248      1.978      1.983
     74      0        0.245      1.999      1.998
     75      0        0.242      1.984      1.983
     76      0        0.243      1.842      2.147
     77      0        0.242      1.993      2.009
     78      0        0.107      1.005      1.015
     79      0        0.216      2.004      2.001
     80      0        0.216      2.001      2.003
     81      0        0.219      2.005      2.035
     82      0        0.241      1.986      1.984
     83      0        0.108      0.991      0.994
     84      0        0.218      2.003      1.998
     85      0        0.111      1.007      1.006
     86      0        0.246      1.991      2.002
     87      0        0.215      2.003      2.003
     88      0        0.109      0.992      0.992
     89      0        0.219      2.017      2.016
     90      0        0.125      0.974      1.006
     91      0        0.064      0.486      0.503
     92      0        0.062      0.486      0.502
     93      0        0.110      1.007      1.009

Optimization #17:
* Method          : lls
* Target function : energy
* No. of configs. : 163840
* No. of params.  : 736
* Before optimization:
  -2.1423E+01  -2.1139E+01  -2.1396E+01  -2.1114E+01  -2.1539E+01  -2.1098E+01
  -2.0839E+01   2.1092E+00   1.9780E+00   1.1234E+00   1.0797E+00   2.3880E+00
   2.7295E+00   2.2949E+00   2.3030E+00   1.4611E+00   1.4364E+00   1.4884E+00
   1.4598E+00   2.1480E+00   2.1467E+00   1.4823E+00   1.4425E+00   1.3928E+00
   1.4464E+00   1.1507E+00   1.3963E+00   1.3942E+00   1.3742E+00   1.3063E+00
   1.2992E+00   2.2028E+00   2.2020E+00   1.8191E+00   1.8186E+00   1.4707E+00
   1.4731E+00   6.7826E-01   6.7636E-01   1.1300E+00   1.1298E+00   1.1359E+00
   1.1352E+00   1.1193E+00   1.1192E+00   2.3387E+00   2.3332E+00   8.1790E-01
   8.1366E-01   1.5981E+00   1.6097E+00   1.9776E+00   1.9754E+00   1.0670E+00
   1.0670E+00   1.4660E+00   1.4674E+00   1.1488E+00   1.1489E+00   1.1227E+00
   6.2615E-01   6.2572E-01   1.7093E+00   1.6915E+00   6.5595E-01   6.5505E-01
   1.4414E+00   1.4418E+00   5.1085E-01   5.0779E-01   9.2751E-01   9.2741E-01
   8.0691E-02   5.6676E-01   5.6644E-01   7.0451E-01   7.0367E-01   1.0655E-01
   9.5323E-01   9.5075E-01   8.4858E-01   8.4677E-01   1.5411E+00   1.5425E+00
   6.6961E-01   6.6961E-01   9.6229E-01   9.6240E-01   7.3486E-01   7.3220E-01
   9.7831E-01   9.7884E-01   1.4630E-01   1.4570E-01   1.6465E-01   1.6367E-01
   4.4016E-01   4.3990E-01   8.7418E-01   8.7097E-01   9.4099E-01   9.3987E-01
   9.2503E-01   9.2345E-01   6.6318E-02   6.4477E-02   4.4614E-01   4.4641E-01
   4.8597E-02   4.6657E-02   6.1902E-01   6.1658E-01   4.0673E-01   4.0572E-01
   5.4569E-01   5.4602E-01   8.6025E-01   2.5425E-01  -3.9813E-01  -3.9906E-01
   4.7998E-01   4.7899E-01   7.2485E-01   7.2432E-01   8.5708E-01   1.0976E-01
   1.0877E-01   1.2438E-01   1.2351E-01  -2.1981E-02  -2.2463E-02   4.1314E-01
   4.1045E-01  -2.4223E-02  -2.4991E-02   9.9924E-02   1.0098E-01  -3.9183E-01
  -3.9204E-01   4.2450E-01   4.2358E-01   3.9699E-02   3.8634E-02   1.5197E+00
   1.5227E+00   5.5165E-01   5.5245E-01   2.3851E-01  -2.7921E-01  -2.8018E-01
  -2.7171E-01  -2.7270E-01   4.8425E-01   4.8337E-01   4.3539E-02   4.3057E-02
  -7.7162E-01  -3.8666E-01  -3.8642E-01   2.1343E-03   4.2175E-01   4.2150E-01
  -3.8437E-01  -3.8400E-01  -7.6851E-01   1.0332E-01   1.0439E-01   5.8518E-01
   5.8037E-01   5.8408E-01   5.8023E-01   5.8536E-01   5.7992E-01   3.5641E+00
  -5.7678E+00   1.7940E+00  -2.9214E+00   4.0217E+00  -5.1050E+00  -1.4001E+00
  -1.0240E+00  -1.2112E+01   9.3742E+00  -6.8060E+00   4.3779E+00  -2.5126E-01
  -1.3035E+00  -1.3742E+00  -1.8907E-01  -1.7673E+00  -4.0182E-01   1.2629E+00
  -2.7871E+00  -4.3196E+00   2.9310E+00  -1.2759E+00  -1.7233E-01   8.7827E+00
  -9.9331E+00  -2.7247E+00   1.3413E+00  -4.2432E+00   2.8822E+00   3.7970E+00
  -5.0895E+00  -6.5529E+00   4.3453E+00  -1.6026E+00  -2.1360E-01  -3.8056E+00
   2.3304E+00   3.1533E+00  -3.8344E+00   1.4465E+00  -2.5727E+00  -1.1883E+00
   5.6080E-02  -7.2348E-02  -1.0421E+00  -6.5840E+00   4.2766E+00   3.1256E+00
  -3.9092E+00  -3.8363E+00   2.2623E+00  -6.6184E+00   4.6488E+00   3.8836E+00
  -4.9532E+00  -7.8680E+00   6.4027E+00  -2.6394E+00   1.4876E+00  -4.1587E+00
   3.0319E+00   2.1418E-01  -8.3845E-01   3.7552E+00  -5.4390E+00   6.2111E-01
  -1.2766E+00  -1.0504E+00  -3.8861E-01   6.7302E+00  -7.2395E+00  -4.5934E+00
   3.6660E+00   4.6013E+00  -4.6821E+00   2.6374E+00  -3.2034E+00   1.8197E-01
  -8.9500E-01   4.5947E+00  -4.6981E+00  -4.6003E+00   3.6510E+00   1.8052E+00
  -2.6527E+00  -7.8983E+00   6.3490E+00  -2.3502E+00   1.6806E+00  -7.5731E+00
   6.6106E+00   5.8875E-01  -1.3285E+00  -7.5783E+00   6.5985E+00   2.0283E+00
  -2.1738E+00   2.0218E+00  -2.1867E+00  -3.1981E+00   2.7581E+00   1.7987E+00
  -2.6700E+00  -2.2997E+00   1.3591E+00  -2.2955E+00   1.3708E+00   5.8965E+00
  -5.9627E+00  -3.2000E+00   2.7545E+00   5.9026E+00  -5.9509E+00   2.6223E+00
  -3.2391E+00   9.6829E-01  -1.3739E+00  -5.7914E+00   5.2452E+00  -1.1028E+01
   1.0168E+01  -5.6322E-01   3.0980E-01   7.2766E+00  -6.8783E+00  -2.0311E+00
   1.5512E+00  -2.3644E+00   1.6411E+00  -1.1026E+01   1.0169E+01   2.9093E+00
  -3.0181E+00   2.9055E+00  -3.0288E+00   2.3339E+00  -2.3108E+00   9.6671E-01
  -1.3782E+00   2.3344E+00  -2.3096E+00  -2.6850E-01   1.6775E-01   7.2743E+00
  -6.8829E+00  -5.5103E+00   5.0868E+00  -5.6221E-01   5.2354E-01  -1.0842E+00
  -4.4566E-01  -5.7941E+00   5.2414E+00  -5.5875E-01   3.2030E-01   4.6770E+00
  -4.3972E+00   4.6743E+00  -4.4018E+00  -2.0328E+00   1.5484E+00  -5.6466E-01
   5.2065E-01   9.8976E+00  -9.1265E+00   4.9494E+00  -4.5628E+00  -1.3567E-03
  -1.8736E-03  -5.5099E+00   5.0875E+00   4.9484E+00  -4.5640E+00   9.8961E+00
  -9.1283E+00  -2.7038E-01   1.6584E-01   6.7009E+00  -7.2852E+00   6.7015E+00
  -7.2853E+00   6.7012E+00  -7.2855E+00   9.0658E-01   7.9098E-01   9.0603E-01
   7.4064E-01   1.0177E+00   7.2326E-01   7.4906E-01  -7.3882E-02  -2.0453E-01
  -2.2107E-01  -1.6632E-01  -1.2410E-01  -8.4745E-02  -1.6703E-01  -1.6772E-01
  -1.1533E-01  -1.4674E-01  -8.2213E-02  -7.9757E-02  -3.1827E-02   3.6729E-02
   3.3610E-02   3.0758E-02  -2.8276E-02  -2.6537E-03  -2.3838E-02  -3.6447E-02
   2.1273E-02   2.5907E-02   3.9032E-02   8.3208E-02   4.0239E-02   1.5285E-02
   3.0803E-02  -2.4856E-02  -2.8438E-02  -3.6068E-02  -4.6393E-02  -2.5411E-02
   6.4449E-02  -1.9420E-02  -2.8495E-02  -7.2087E-03   5.9319E-04   4.7635E-03
  -1.2838E-02   6.8723E-03   3.1303E-02   2.5494E-02   5.0609E-03   6.9981E-03
  -1.7442E-02  -1.5547E-02   7.6835E-03  -5.4068E-03  -1.4847E-02  -3.5918E-03
   5.1370E-05   2.7741E-02  -2.0413E-02  -2.6664E-02  -6.0338E-03   1.3966E-02
  -7.8775E-03   2.7498E-02   2.1273E-04  -6.9689E-03   6.1836E-03  -1.2832E-02
  -5.0664E-03  -1.2339E-02   2.3804E-02   3.1651E-03  -3.4790E-03  -9.3547E-03
   1.8144E-03   8.9716E-03   8.4168E-03  -4.8698E-03  -1.3079E-02  -1.8095E-03
   9.4293E-04  -2.3982E-02  -7.6628E-03  -4.0555E-03   8.3091E-04  -2.3863E-03
  -1.2014E-02  -4.5217E-04   2.0665E-03  -6.3283E-03   6.9940E-03   4.0214E-03
   6.2609E-03   5.5741E-03   4.0371E-03  -1.5527E-02  -1.5374E-02  -1.6777E-02
   1.9613E-03   2.1260E-01  -3.9543E-02  -3.6570E-02   7.7928E-02   3.3492E-03
   6.0288E-02   8.1509E-03  -1.1212E-02   4.6715E-02  -1.9091E-02  -6.0272E-02
  -6.0476E-02  -6.9781E-02   8.4582E-02   8.5166E-02   4.4926E-02  -2.4217E-02
   6.8433E-03  -4.7708E-02  -4.7606E-02   2.0962E-02   2.6818E-02   2.6959E-02
  -5.4918E-03   2.8970E-02   3.8398E-02   2.2763E-02  -1.4772E-02  -1.7197E-02
  -2.5245E-02  -3.2081E-02  -1.9172E-02   5.0789E-02  -1.5065E-02  -2.5635E-02
  -4.2287E-03  -1.3879E-02  -1.6625E-02  -6.1216E-03  -1.9692E-02   4.2734E-02
   3.1958E-02  -9.8269E-03  -3.3786E-02  -1.3145E-02  -1.4366E-02  -1.3471E-02
  -1.7531E-02  -1.0432E-02  -1.4816E-02  -8.6633E-03   2.0127E-02  -1.3775E-02
  -2.1455E-02  -1.0694E-02   1.4138E-02  -5.3814E-03   1.1485E-02  -7.4173E-03
  -9.4507E-03   1.2927E-02  -1.0946E-02  -2.2681E-03  -1.0707E-02   3.2024E-02
  -7.4418E-03   6.4868E-04  -2.7783E-03   1.2234E-02   1.2593E-02  -1.7550E-03
  -4.8418E-03  -7.8010E-03   1.5313E-03   1.3132E-03  -3.1791E-02  -6.4149E-03
  -5.2089E-03   1.6557E-03  -6.9563E-03  -8.3686E-03  -1.7700E-03   2.0130E-03
  -4.8355E-03   6.2938E-03  -2.4838E-03  -2.9020E-04   1.1170E-03  -4.8139E-04
   2.1213E-02   2.1479E-02   2.0676E-02  -2.4043E-03  -5.2422E-02  -2.0158E-01
  -2.1280E-01  -1.5895E-01  -1.4888E-01  -6.6524E-02  -1.4539E-01  -1.5316E-01
  -1.5877E-01  -1.3973E-01  -7.3435E-02  -7.5279E-02  -2.5028E-02  -1.5828E-02
  -2.2798E-02  -6.8033E-03  -1.6120E-02  -1.4045E-02   1.0059E-03  -5.2888E-03
   9.7953E-03   9.5269E-03   3.1847E-02   8.6578E-02   6.3893E-02   3.4060E-02
   2.6871E-02  -2.8745E-02  -2.4530E-02  -3.4196E-02  -4.1196E-02  -1.8365E-02
   1.3989E-02  -1.1382E-02  -1.9953E-02  -5.8095E-04   2.4898E-03   5.5079E-03
  -1.8981E-02   1.5352E-02   2.2763E-02   2.6581E-02   5.0150E-03   1.4202E-02
  -1.8479E-02  -1.4438E-02   1.0661E-02  -2.3025E-03  -1.2715E-02  -2.9072E-03
  -1.3486E-03   2.3554E-02  -1.4995E-02  -2.0708E-02  -2.7052E-03   1.3951E-02
  -7.4749E-03   3.3544E-02   1.0104E-03  -7.0446E-03   1.5351E-03  -1.2407E-02
  -3.3627E-03  -7.1448E-03   2.4854E-02   2.3363E-03  -6.3660E-03  -1.2354E-02
  -3.6387E-03   6.5527E-03   5.4299E-03  -4.2834E-03  -8.4334E-03   2.0384E-05
  -2.1292E-03  -2.0117E-02  -6.5567E-03  -1.5504E-03   1.1018E-03   2.5860E-03
  -6.8212E-03  -2.7003E-03  -5.7725E-03   1.4095E-03   4.4067E-03   8.2883E-03
   9.7761E-03   6.0975E-03   2.5393E-03  -2.5210E-02  -2.4823E-02  -2.5282E-02
  -4.7829E-03   1.2843E-01  -5.5406E-02  -4.7040E-02   2.3763E-02  -1.7458E-02
   4.6460E-03  -5.0864E-02  -6.3137E-02   1.5150E-02  -5.6108E-02  -5.8969E-02
  -5.8699E-02  -8.5877E-02   5.6588E-02   5.4456E-02   2.0529E-02  -1.5492E-02
   1.8871E-03  -3.2174E-02  -2.5757E-02   1.2102E-02   1.4584E-02   2.0758E-02
  -8.8010E-03   5.3559E-02   6.2439E-02   1.8073E-02  -1.5534E-02  -1.3643E-02
  -2.1655E-02  -2.3708E-02  -1.4448E-02   1.8220E-02  -1.0657E-02  -1.8549E-02
   1.3786E-03  -1.3330E-02  -1.7341E-02  -9.2580E-03  -1.3645E-02   3.5262E-02
   3.4463E-02  -1.0045E-02  -3.6618E-02  -1.3662E-02  -1.3043E-02  -1.2295E-02
  -1.6683E-02  -9.2292E-03  -1.4407E-02  -1.1034E-02   1.2222E-02  -7.5703E-03
  -1.5676E-02  -7.7347E-03   1.3987E-02  -4.1468E-03   1.4159E-02  -6.0136E-03
  -1.1035E-02   1.2152E-02  -1.4001E-02  -9.8966E-04  -6.7047E-03   3.7002E-02
  -1.2242E-02  -5.3354E-04  -3.9441E-03   6.8295E-03   9.7930E-03  -2.6593E-03
  -5.2085E-03  -3.3038E-03   4.6394E-03  -6.6861E-04  -2.8661E-02  -4.1370E-03
  -5.3579E-03   9.9810E-04  -3.1517E-03  -2.6193E-03  -5.3068E-03  -8.5535E-03
   9.8102E-04   7.5206E-04   1.6006E-03   3.0178E-03   1.6436E-03  -1.1011E-03
   1.8593E-02   1.9386E-02   1.8277E-02  -6.1049E-03
  > E    =  -9.939097542925E+02 +/-   1.530912556127E-04
  > varE =   3.839907028186E-03
* Computing derivatives.
    [walltime: 2m37s elapsed, 3m51s remaining]
  Done. [total walltime: 6m43s]
* Optimizing manipulation constant:
  #igrid a___________ E____________________________________ varE____________
     1     Infinity    -9.93909754E+02 +/-   1.53091256E-04   3.83990703E-03
     2     1.0000E+06  -9.93909754E+02 +/-   1.53091248E-04   3.83990666E-03
     3     2.1544E+05  -9.93909754E+02 +/-   1.53091221E-04   3.83990532E-03
     4     4.6416E+04  -9.93909754E+02 +/-   1.53091100E-04   3.83989920E-03
     5     1.0000E+04  -9.93909754E+02 +/-   1.53090579E-04   3.83987310E-03
     6     2.1544E+03  -9.93909754E+02 +/-   1.53089153E-04   3.83980157E-03
     7     4.6416E+02  -9.93909753E+02 +/-   1.53103870E-04   3.84053986E-03
     8     1.0000E+02  -9.93909712E+02 +/-   1.53681792E-04   3.86958841E-03
     9     2.1544E+01  -9.93907348E+02 +/-   1.87906267E-04   5.78498807E-03
    10     4.6416E+00  -9.93472961E+02 +/-   1.47315671E-03   3.55564041E-01
    11     1.0000E+00  -9.90675624E+02 +/-   3.22215666E-03   1.70103498E+00
    12     2.1544E-01 (error)
    13     4.6416E-02 (error)
    14     1.0000E-02 (error)
    15     2.1544E-03 (error)
    16     4.6416E-04 (error)
    17     1.0000E-04 (error)
    18     2.1544E-05 (error)
    19     4.6416E-06 (error)
    20     1.0000E-06 (error)
    21     0.0000E+00 (error)
* Iteration # 1: E =  -9.939097543426E+02 +/-   1.530891533258E-04
* Convergence: exiting.
* After optimization:
  -2.1427E+01  -2.1143E+01  -2.1399E+01  -2.1117E+01  -2.1543E+01  -2.1101E+01
  -2.0842E+01   2.1092E+00   1.9780E+00   1.1234E+00   1.0797E+00   2.3880E+00
   2.7295E+00   2.2949E+00   2.3030E+00   1.4611E+00   1.4364E+00   1.4884E+00
   1.4598E+00   2.1480E+00   2.1467E+00   1.4823E+00   1.4425E+00   1.3928E+00
   1.4464E+00   1.1507E+00   1.3963E+00   1.3942E+00   1.3742E+00   1.3063E+00
   1.2992E+00   2.2028E+00   2.2020E+00   1.8191E+00   1.8186E+00   1.4707E+00
   1.4731E+00   6.7826E-01   6.7636E-01   1.1300E+00   1.1298E+00   1.1359E+00
   1.1352E+00   1.1193E+00   1.1192E+00   2.3387E+00   2.3332E+00   8.1790E-01
   8.1366E-01   1.5981E+00   1.6096E+00   1.9776E+00   1.9754E+00   1.0670E+00
   1.0670E+00   1.4660E+00   1.4674E+00   1.1488E+00   1.1489E+00   1.1227E+00
   6.2615E-01   6.2571E-01   1.7093E+00   1.6915E+00   6.5595E-01   6.5504E-01
   1.4414E+00   1.4418E+00   5.1084E-01   5.0778E-01   9.2751E-01   9.2740E-01
   8.0684E-02   5.6676E-01   5.6644E-01   7.0450E-01   7.0366E-01   1.0655E-01
   9.5323E-01   9.5074E-01   8.4857E-01   8.4677E-01   1.5411E+00   1.5425E+00
   6.6961E-01   6.6960E-01   9.6228E-01   9.6239E-01   7.3486E-01   7.3220E-01
   9.7831E-01   9.7883E-01   1.4629E-01   1.4569E-01   1.6464E-01   1.6366E-01
   4.4015E-01   4.3990E-01   8.7417E-01   8.7097E-01   9.4099E-01   9.3987E-01
   9.2502E-01   9.2345E-01   6.6311E-02   6.4471E-02   4.4614E-01   4.4641E-01
   4.8590E-02   4.6652E-02   6.1902E-01   6.1658E-01   4.0673E-01   4.0572E-01
   5.4568E-01   5.4602E-01   8.6024E-01   2.5424E-01  -3.9814E-01  -3.9906E-01
   4.7998E-01   4.7898E-01   7.2484E-01   7.2431E-01   8.5707E-01   1.0975E-01
   1.0876E-01   1.2437E-01   1.2350E-01  -2.1984E-02  -2.2467E-02   4.1313E-01
   4.1045E-01  -2.4227E-02  -2.4994E-02   9.9919E-02   1.0098E-01  -3.9184E-01
  -3.9205E-01   4.2449E-01   4.2357E-01   3.9691E-02   3.8626E-02   1.5197E+00
   1.5227E+00   5.5164E-01   5.5244E-01   2.3851E-01  -2.7921E-01  -2.8019E-01
  -2.7172E-01  -2.7271E-01   4.8424E-01   4.8337E-01   4.3529E-02   4.3047E-02
  -7.7163E-01  -3.8667E-01  -3.8642E-01   2.1339E-03   4.2175E-01   4.2150E-01
  -3.8437E-01  -3.8400E-01  -7.6852E-01   1.0331E-01   1.0438E-01   5.8518E-01
   5.8036E-01   5.8408E-01   5.8022E-01   5.8535E-01   5.7991E-01   3.5642E+00
  -5.7679E+00   1.7941E+00  -2.9215E+00   4.0218E+00  -5.1052E+00  -1.4001E+00
  -1.0240E+00  -1.2112E+01   9.3741E+00  -6.8059E+00   4.3778E+00  -2.5114E-01
  -1.3036E+00  -1.3741E+00  -1.8917E-01  -1.7672E+00  -4.0193E-01   1.2631E+00
  -2.7872E+00  -4.3195E+00   2.9309E+00  -1.2758E+00  -1.7244E-01   8.7828E+00
  -9.9332E+00  -2.7245E+00   1.3412E+00  -4.2431E+00   2.8821E+00   3.7971E+00
  -5.0896E+00  -6.5528E+00   4.3453E+00  -1.6024E+00  -2.1371E-01  -3.8054E+00
   2.3303E+00   3.1534E+00  -3.8345E+00   1.4466E+00  -2.5728E+00  -1.1882E+00
   5.5983E-02  -7.2231E-02  -1.0422E+00  -6.5840E+00   4.2765E+00   3.1257E+00
  -3.9093E+00  -3.8362E+00   2.2622E+00  -6.6183E+00   4.6487E+00   3.8837E+00
  -4.9533E+00  -7.8679E+00   6.4026E+00  -2.6393E+00   1.4875E+00  -4.1586E+00
   3.0318E+00   2.1430E-01  -8.3856E-01   3.7553E+00  -5.4391E+00   6.2121E-01
  -1.2767E+00  -1.0504E+00  -3.8866E-01   6.7303E+00  -7.2396E+00  -4.5933E+00
   3.6659E+00   4.6014E+00  -4.6822E+00   2.6375E+00  -3.2035E+00   1.8208E-01
  -8.9511E-01   4.5949E+00  -4.6982E+00  -4.6002E+00   3.6510E+00   1.8052E+00
  -2.6527E+00  -7.8982E+00   6.3489E+00  -2.3501E+00   1.6805E+00  -7.5730E+00
   6.6105E+00   5.8885E-01  -1.3286E+00  -7.5782E+00   6.5984E+00   2.0284E+00
  -2.1739E+00   2.0219E+00  -2.1868E+00  -3.1980E+00   2.7580E+00   1.7987E+00
  -2.6701E+00  -2.2997E+00   1.3591E+00  -2.2955E+00   1.3707E+00   5.8966E+00
  -5.9628E+00  -3.1999E+00   2.7544E+00   5.9028E+00  -5.9510E+00   2.6224E+00
  -3.2392E+00   9.6834E-01  -1.3740E+00  -5.7913E+00   5.2451E+00  -1.1028E+01
   1.0168E+01  -5.6311E-01   3.0970E-01   7.2768E+00  -6.8784E+00  -2.0311E+00
   1.5512E+00  -2.3643E+00   1.6410E+00  -1.1026E+01   1.0169E+01   2.9095E+00
  -3.0182E+00   2.9056E+00  -3.0289E+00   2.3340E+00  -2.3109E+00   9.6676E-01
  -1.3782E+00   2.3345E+00  -2.3097E+00  -2.6844E-01   1.6770E-01   7.2744E+00
  -6.8830E+00  -5.5102E+00   5.0868E+00  -5.6209E-01   5.2343E-01  -1.0842E+00
  -4.4571E-01  -5.7940E+00   5.2413E+00  -5.5864E-01   3.2019E-01   4.6771E+00
  -4.3973E+00   4.6744E+00  -4.4019E+00  -2.0327E+00   1.5484E+00  -5.6455E-01
   5.2055E-01   9.8977E+00  -9.1267E+00   4.9495E+00  -4.5629E+00  -1.3559E-03
  -1.8722E-03  -5.5098E+00   5.0875E+00   4.9484E+00  -4.5641E+00   9.8962E+00
  -9.1284E+00  -2.7033E-01   1.6579E-01   6.7010E+00  -7.2853E+00   6.7016E+00
  -7.2854E+00   6.7013E+00  -7.2857E+00   9.0821E-01   7.9240E-01   9.0765E-01
   7.4197E-01   1.0195E+00   7.2455E-01   7.5040E-01  -7.4022E-02  -2.0491E-01
  -2.2146E-01  -1.6663E-01  -1.2434E-01  -8.4909E-02  -1.6734E-01  -1.6804E-01
  -1.1555E-01  -1.4701E-01  -8.2358E-02  -7.9898E-02  -3.1885E-02   3.6792E-02
   3.3668E-02   3.0816E-02  -2.8326E-02  -2.6590E-03  -2.3881E-02  -3.6518E-02
   2.1307E-02   2.5952E-02   3.9104E-02   8.3354E-02   4.0315E-02   1.5310E-02
   3.0863E-02  -2.4900E-02  -2.8493E-02  -3.6131E-02  -4.6476E-02  -2.5457E-02
   6.4566E-02  -1.9452E-02  -2.8549E-02  -7.2214E-03   5.9241E-04   4.7637E-03
  -1.2863E-02   6.8854E-03   3.1363E-02   2.5541E-02   5.0716E-03   7.0157E-03
  -1.7471E-02  -1.5574E-02   7.6999E-03  -5.4201E-03  -1.4870E-02  -3.6012E-03
   5.5776E-05   2.7784E-02  -2.0448E-02  -2.6711E-02  -6.0481E-03   1.3991E-02
  -7.8876E-03   2.7547E-02   2.1410E-04  -6.9830E-03   6.1914E-03  -1.2858E-02
  -5.0755E-03  -1.2362E-02   2.3846E-02   3.1660E-03  -3.4826E-03  -9.3691E-03
   1.8193E-03   8.9820E-03   8.4308E-03  -4.8793E-03  -1.3096E-02  -1.8136E-03
   9.4122E-04  -2.4025E-02  -7.6738E-03  -4.0680E-03   8.3283E-04  -2.3892E-03
  -1.2032E-02  -4.5453E-04   2.0618E-03  -6.3376E-03   7.0036E-03   4.0334E-03
   6.2679E-03   5.5841E-03   4.0408E-03  -1.5553E-02  -1.5400E-02  -1.6805E-02
   1.9665E-03   2.1299E-01  -3.9624E-02  -3.6635E-02   7.8069E-02   3.3525E-03
   6.0389E-02   8.1569E-03  -1.1249E-02   4.6795E-02  -1.9127E-02  -6.0369E-02
  -6.0582E-02  -6.9907E-02   8.4733E-02   8.5321E-02   4.5007E-02  -2.4263E-02
   6.8572E-03  -4.7794E-02  -4.7687E-02   2.0997E-02   2.6862E-02   2.7002E-02
  -5.5052E-03   2.9022E-02   3.8462E-02   2.2805E-02  -1.4798E-02  -1.7228E-02
  -2.5289E-02  -3.2137E-02  -1.9207E-02   5.0878E-02  -1.5092E-02  -2.5683E-02
  -4.2393E-03  -1.3903E-02  -1.6655E-02  -6.1331E-03  -1.9727E-02   4.2809E-02
   3.2014E-02  -9.8499E-03  -3.3842E-02  -1.3167E-02  -1.4393E-02  -1.3492E-02
  -1.7563E-02  -1.0452E-02  -1.4842E-02  -8.6772E-03   2.0166E-02  -1.3801E-02
  -2.1490E-02  -1.0714E-02   1.4165E-02  -5.3905E-03   1.1507E-02  -7.4331E-03
  -9.4680E-03   1.2948E-02  -1.0967E-02  -2.2741E-03  -1.0727E-02   3.2080E-02
  -7.4588E-03   6.5120E-04  -2.7849E-03   1.2256E-02   1.2614E-02  -1.7588E-03
  -4.8504E-03  -7.8111E-03   1.5369E-03   1.3154E-03  -3.1846E-02  -6.4231E-03
  -5.2200E-03   1.6598E-03  -6.9656E-03  -8.3818E-03  -1.7722E-03   2.0043E-03
  -4.8464E-03   6.3073E-03  -2.4827E-03  -2.9359E-04   1.1210E-03  -4.8327E-04
   2.1249E-02   2.1516E-02   2.0711E-02  -2.4169E-03  -5.2423E-02  -2.0159E-01
  -2.1281E-01  -1.5895E-01  -1.4890E-01  -6.6538E-02  -1.4540E-01  -1.5317E-01
  -1.5877E-01  -1.3974E-01  -7.3431E-02  -7.5279E-02  -2.5026E-02  -1.5835E-02
  -2.2800E-02  -6.8012E-03  -1.6114E-02  -1.4045E-02   1.0085E-03  -5.2925E-03
   9.7919E-03   9.5278E-03   3.1848E-02   8.6575E-02   6.3900E-02   3.4058E-02
   2.6873E-02  -2.8746E-02  -2.4530E-02  -3.4196E-02  -4.1195E-02  -1.8366E-02
   1.3993E-02  -1.1379E-02  -1.9954E-02  -5.8044E-04   2.4870E-03   5.5046E-03
  -1.8980E-02   1.5353E-02   2.2773E-02   2.6585E-02   5.0197E-03   1.4208E-02
  -1.8479E-02  -1.4438E-02   1.0663E-02  -2.3052E-03  -1.2708E-02  -2.9065E-03
  -1.3428E-03   2.3550E-02  -1.4993E-02  -2.0710E-02  -2.7104E-03   1.3948E-02
  -7.4731E-03   3.3544E-02   1.0158E-03  -7.0455E-03   1.5364E-03  -1.2406E-02
  -3.3614E-03  -7.1446E-03   2.4854E-02   2.3330E-03  -6.3666E-03  -1.2349E-02
  -3.6343E-03   6.5491E-03   5.4293E-03  -4.2809E-03  -8.4305E-03   1.6362E-05
  -2.1244E-03  -2.0118E-02  -6.5584E-03  -1.5572E-03   1.1023E-03   2.5828E-03
  -6.8156E-03  -2.7008E-03  -5.7721E-03   1.4086E-03   4.4025E-03   8.2878E-03
   9.7718E-03   6.0917E-03   2.5379E-03  -2.5207E-02  -2.4820E-02  -2.5279E-02
  -4.7816E-03   1.2843E-01  -5.5414E-02  -4.7042E-02   2.3768E-02  -1.7467E-02
   4.6385E-03  -5.0876E-02  -6.3153E-02   1.5147E-02  -5.6113E-02  -5.8954E-02
  -5.8697E-02  -8.5876E-02   5.6583E-02   5.4461E-02   2.0528E-02  -1.5491E-02
   1.8893E-03  -3.2172E-02  -2.5751E-02   1.2101E-02   1.4581E-02   2.0751E-02
  -8.8023E-03   5.3561E-02   6.2435E-02   1.8070E-02  -1.5535E-02  -1.3640E-02
  -2.1655E-02  -2.3707E-02  -1.4449E-02   1.8221E-02  -1.0656E-02  -1.8550E-02
   1.3757E-03  -1.3328E-02  -1.7337E-02  -9.2560E-03  -1.3645E-02   3.5265E-02
   3.4462E-02  -1.0049E-02  -3.6613E-02  -1.3661E-02  -1.3043E-02  -1.2294E-02
  -1.6681E-02  -9.2278E-03  -1.4404E-02  -1.1032E-02   1.2226E-02  -7.5714E-03
  -1.5674E-02  -7.7349E-03   1.3987E-02  -4.1492E-03   1.4161E-02  -6.0127E-03
  -1.1034E-02   1.2153E-02  -1.3997E-02  -9.8934E-04  -6.7039E-03   3.7001E-02
  -1.2245E-02  -5.3399E-04  -3.9431E-03   6.8318E-03   9.7939E-03  -2.6605E-03
  -5.2059E-03  -3.3040E-03   4.6409E-03  -6.6280E-04  -2.8660E-02  -4.1372E-03
  -5.3610E-03   9.9891E-04  -3.1515E-03  -2.6181E-03  -5.3033E-03  -8.5569E-03
   9.7300E-04   7.5494E-04   1.6007E-03   3.0177E-03   1.6383E-03  -1.0999E-03
   1.8590E-02   1.9383E-02   1.8274E-02  -6.1128E-03
  > Energy =  -9.939097543426E+02 +/-   1.530891533258E-04
  > varE =   3.839801567806E-03

VMC #18:
* Size of Hilbert space =   1.0817E+14
* Number of equil. steps   = 1000
* Running VMC equilibration.
  Done. [total walltime: 0.34s]
* Equil. acc.ratio (%)     =  12.0355
* Sample config after equilibration:
  +-------------------------+
  |  2   u   d   u   u   0  |
  |d   u   d   u   d   2   2|
  |0   d   u   d   2   d   0|
  |  u   d   u   d   0   u  |
  +-------------------------+
* Number of accum. steps   = 655360 x 10
* Running VMC accumulation.
  Done. [total walltime: 2.31s]
* Acceptance ratio (%)     =  11.9979
* Etot/t                   =  -9.939096227592E+02 +/-   8.266238000512E-05
  > Ttot/t                 =  -9.591079509581E+01 +/-   9.279797396397E-04
  > Utot/t                 =   4.230932678752E+01 +/-   9.212421102282E-04
* var[Eloc/t]              =   3.969475951866E-03 +/-   3.237325253319E-05
* Correlation length       =   1.128138877469E+00
* log10 Psi^2 range: -133.5588139237379 -- -120.8933776172418
* log10 Pgen range : -133.5588139237379 -- -120.8933776172418
* Site occupation (ave. no. electrons per config.):
  > Site_  ___eu____  ___ed____
      1        0.496      0.501
      2        0.495      0.498
      3        0.499      0.496
      4        0.498      0.497
      5        0.505      0.501
      6        0.502      0.500
      7        0.504      0.500
      8        0.501      0.498
      9        0.495      0.499
     10        0.497      0.497
     11        0.499      0.494
     12        0.505      0.500
     13        0.502      0.505
     14        0.501      0.502
     15        0.504      0.503
     16        0.498      0.497
     17        0.499      0.497
     18        0.505      0.506
     19        0.496      0.500
     20        0.502      0.505
     21        0.501      0.505
     22        0.500      0.502
     23        0.497      0.499
     24        0.496      0.501
     25        0.498      0.494
     26        0.502      0.503
* Pair-correlation analysis (ave. no. pairs per config.):
  > Shell  nsite  ___dh____  __eueu___  __eued___
      0      1        0          0          4.490
      1      0        0.918      0.497      2.605
      2      0        0.135      0.359      0.532
      3      0        0.263      0.720      1.062
      4      0        0.222      0.775      1.070
      5      0        0.252      0.737      1.051
      6      0        0.757      0.848      2.436
      7      0        0.668      1.046      2.344
      8      0        0.603      1.222      2.256
      9      0        0.443      1.549      2.090
     10      0        0.525      1.386      2.184
     11      0        0.140      0.813      1.159
     12      0        0.136      0.835      1.140
     13      0        0.134      0.858      1.085
     14      0        0.226      2.114      1.914
     15      0        0.110      1.061      0.955
     16      0        0.224      2.084      1.909
     17      0        0.259      1.906      2.065
     18      0        0.236      2.041      1.933
     19      0        0.294      1.873      2.050
     20      0        0.306      1.869      2.057
     21      0        0.242      2.094      1.922
     22      0        0.245      2.118      1.904
     23      0        0.242      2.132      1.884
     24      0        0.237      2.104      1.911
     25      0        0.274      2.083      1.904
     26      0        0.267      2.076      1.902
     27      0        0.233      2.133      1.888
     28      0        0.216      1.952      2.057
     29      0        0.240      2.056      1.945
     30      0        0.216      1.949      2.098
     31      0        0.105      0.973      1.054
     32      0        0.244      2.053      1.949
     33      0        0.215      2.130      1.892
     34      0        0.247      2.047      1.965
     35      0        0.221      2.081      1.956
     36      0        0.247      2.007      1.957
     37      0        0.282      1.936      2.019
     38      0        0.142      0.966      1.007
     39      0        0.215      1.986      2.025
     40      0        0.257      1.896      2.081
     41      0        0.137      1.009      0.973
     42      0        0.280      2.014      1.946
     43      0        0.253      1.955      2.035
     44      0        0.257      1.871      2.099
     45      0        0.218      1.986      2.053
     46      0        0.239      2.029      1.974
     47      0        0.253      1.939      2.063
     48      0        0.242      1.965      2.033
     49      0        0.243      2.023      1.981
     50      0        0.244      1.980      2.023
     51      0        0.276      1.953      1.998
     52      0        0.246      2.034      1.966
     53      0        0.222      1.970      2.064
     54      0        0.219      2.048      1.991
     55      0        0.248      1.973      2.001
     56      0        0.274      1.994      1.961
     57      0        0.250      1.994      1.975
     58      0        0.219      2.030      1.971
     59      0        0.252      1.983      2.018
     60      0        0.239      2.008      1.995
     61      0        0.134      0.992      0.985
     62      0        0.109      1.013      1.008
     63      0        0.245      1.988      1.979
     64      0        0.217      2.033      2.008
     65      0        0.218      2.055      1.986
     66      0        0.135      0.984      0.992
     67      0        0.216      1.996      2.011
     68      0        0.217      2.013      1.993
     69      0        0.249      2.004      1.991
     70      0        0.252      2.017      1.985
     71      0        0.248      1.987      2.008
     72      0        0.217      2.030      2.012
     73      0        0.246      1.977      1.986
     74      0        0.245      2.000      1.993
     75      0        0.241      1.991      1.973
     76      0        0.240      1.846      2.156
     77      0        0.240      1.993      2.007
     78      0        0.107      1.009      1.015
     79      0        0.216      1.998      2.009
     80      0        0.217      2.004      2.003
     81      0        0.218      2.005      2.035
     82      0        0.242      1.978      1.985
     83      0        0.108      0.991      0.994
     84      0        0.215      2.009      1.999
     85      0        0.108      1.014      1.008
     86      0        0.242      1.990      2.008
     87      0        0.221      1.996      2.002
     88      0        0.107      0.995      0.993
     89      0        0.215      2.021      2.027
     90      0        0.123      0.972      1.006
     91      0        0.062      0.487      0.501
     92      0        0.062      0.488      0.506
     93      0        0.110      1.004      1.011

Optimization #18:
* Method          : lls
* Target function : energy
* No. of configs. : 163840
* No. of params.  : 736
* Before optimization:
  -2.1427E+01  -2.1143E+01  -2.1399E+01  -2.1117E+01  -2.1543E+01  -2.1101E+01
  -2.0842E+01   2.1092E+00   1.9780E+00   1.1234E+00   1.0797E+00   2.3880E+00
   2.7295E+00   2.2949E+00   2.3030E+00   1.4611E+00   1.4364E+00   1.4884E+00
   1.4598E+00   2.1480E+00   2.1467E+00   1.4823E+00   1.4425E+00   1.3928E+00
   1.4464E+00   1.1507E+00   1.3963E+00   1.3942E+00   1.3742E+00   1.3063E+00
   1.2992E+00   2.2028E+00   2.2020E+00   1.8191E+00   1.8186E+00   1.4707E+00
   1.4731E+00   6.7826E-01   6.7636E-01   1.1300E+00   1.1298E+00   1.1359E+00
   1.1352E+00   1.1193E+00   1.1192E+00   2.3387E+00   2.3332E+00   8.1790E-01
   8.1366E-01   1.5981E+00   1.6096E+00   1.9776E+00   1.9754E+00   1.0670E+00
   1.0670E+00   1.4660E+00   1.4674E+00   1.1488E+00   1.1489E+00   1.1227E+00
   6.2615E-01   6.2571E-01   1.7093E+00   1.6915E+00   6.5595E-01   6.5504E-01
   1.4414E+00   1.4418E+00   5.1084E-01   5.0778E-01   9.2751E-01   9.2740E-01
   8.0684E-02   5.6676E-01   5.6644E-01   7.0450E-01   7.0366E-01   1.0655E-01
   9.5323E-01   9.5074E-01   8.4857E-01   8.4677E-01   1.5411E+00   1.5425E+00
   6.6961E-01   6.6960E-01   9.6228E-01   9.6239E-01   7.3486E-01   7.3220E-01
   9.7831E-01   9.7883E-01   1.4629E-01   1.4569E-01   1.6464E-01   1.6366E-01
   4.4015E-01   4.3990E-01   8.7417E-01   8.7097E-01   9.4099E-01   9.3987E-01
   9.2502E-01   9.2345E-01   6.6311E-02   6.4471E-02   4.4614E-01   4.4641E-01
   4.8590E-02   4.6652E-02   6.1902E-01   6.1658E-01   4.0673E-01   4.0572E-01
   5.4568E-01   5.4602E-01   8.6024E-01   2.5424E-01  -3.9814E-01  -3.9906E-01
   4.7998E-01   4.7898E-01   7.2484E-01   7.2431E-01   8.5707E-01   1.0975E-01
   1.0876E-01   1.2437E-01   1.2350E-01  -2.1984E-02  -2.2467E-02   4.1313E-01
   4.1045E-01  -2.4227E-02  -2.4994E-02   9.9919E-02   1.0098E-01  -3.9184E-01
  -3.9205E-01   4.2449E-01   4.2357E-01   3.9691E-02   3.8626E-02   1.5197E+00
   1.5227E+00   5.5164E-01   5.5244E-01   2.3851E-01  -2.7921E-01  -2.8019E-01
  -2.7172E-01  -2.7271E-01   4.8424E-01   4.8337E-01   4.3529E-02   4.3047E-02
  -7.7163E-01  -3.8667E-01  -3.8642E-01   2.1339E-03   4.2175E-01   4.2150E-01
  -3.8437E-01  -3.8400E-01  -7.6852E-01   1.0331E-01   1.0438E-01   5.8518E-01
   5.8036E-01   5.8408E-01   5.8022E-01   5.8535E-01   5.7991E-01   3.5642E+00
  -5.7679E+00   1.7941E+00  -2.9215E+00   4.0218E+00  -5.1052E+00  -1.4001E+00
  -1.0240E+00  -1.2112E+01   9.3741E+00  -6.8059E+00   4.3778E+00  -2.5114E-01
  -1.3036E+00  -1.3741E+00  -1.8917E-01  -1.7672E+00  -4.0193E-01   1.2631E+00
  -2.7872E+00  -4.3195E+00   2.9309E+00  -1.2758E+00  -1.7244E-01   8.7828E+00
  -9.9332E+00  -2.7245E+00   1.3412E+00  -4.2431E+00   2.8821E+00   3.7971E+00
  -5.0896E+00  -6.5528E+00   4.3453E+00  -1.6024E+00  -2.1371E-01  -3.8054E+00
   2.3303E+00   3.1534E+00  -3.8345E+00   1.4466E+00  -2.5728E+00  -1.1882E+00
   5.5983E-02  -7.2231E-02  -1.0422E+00  -6.5840E+00   4.2765E+00   3.1257E+00
  -3.9093E+00  -3.8362E+00   2.2622E+00  -6.6183E+00   4.6487E+00   3.8837E+00
  -4.9533E+00  -7.8679E+00   6.4026E+00  -2.6393E+00   1.4875E+00  -4.1586E+00
   3.0318E+00   2.1430E-01  -8.3856E-01   3.7553E+00  -5.4391E+00   6.2121E-01
  -1.2767E+00  -1.0504E+00  -3.8866E-01   6.7303E+00  -7.2396E+00  -4.5933E+00
   3.6659E+00   4.6014E+00  -4.6822E+00   2.6375E+00  -3.2035E+00   1.8208E-01
  -8.9511E-01   4.5949E+00  -4.6982E+00  -4.6002E+00   3.6510E+00   1.8052E+00
  -2.6527E+00  -7.8982E+00   6.3489E+00  -2.3501E+00   1.6805E+00  -7.5730E+00
   6.6105E+00   5.8885E-01  -1.3286E+00  -7.5782E+00   6.5984E+00   2.0284E+00
  -2.1739E+00   2.0219E+00  -2.1868E+00  -3.1980E+00   2.7580E+00   1.7987E+00
  -2.6701E+00  -2.2997E+00   1.3591E+00  -2.2955E+00   1.3707E+00   5.8966E+00
  -5.9628E+00  -3.1999E+00   2.7544E+00   5.9028E+00  -5.9510E+00   2.6224E+00
  -3.2392E+00   9.6834E-01  -1.3740E+00  -5.7913E+00   5.2451E+00  -1.1028E+01
   1.0168E+01  -5.6311E-01   3.0970E-01   7.2768E+00  -6.8784E+00  -2.0311E+00
   1.5512E+00  -2.3643E+00   1.6410E+00  -1.1026E+01   1.0169E+01   2.9095E+00
  -3.0182E+00   2.9056E+00  -3.0289E+00   2.3340E+00  -2.3109E+00   9.6676E-01
  -1.3782E+00   2.3345E+00  -2.3097E+00  -2.6844E-01   1.6770E-01   7.2744E+00
  -6.8830E+00  -5.5102E+00   5.0868E+00  -5.6209E-01   5.2343E-01  -1.0842E+00
  -4.4571E-01  -5.7940E+00   5.2413E+00  -5.5864E-01   3.2019E-01   4.6771E+00
  -4.3973E+00   4.6744E+00  -4.4019E+00  -2.0327E+00   1.5484E+00  -5.6455E-01
   5.2055E-01   9.8977E+00  -9.1267E+00   4.9495E+00  -4.5629E+00  -1.3559E-03
  -1.8722E-03  -5.5098E+00   5.0875E+00   4.9484E+00  -4.5641E+00   9.8962E+00
  -9.1284E+00  -2.7033E-01   1.6579E-01   6.7010E+00  -7.2853E+00   6.7016E+00
  -7.2854E+00   6.7013E+00  -7.2857E+00   9.0821E-01   7.9240E-01   9.0765E-01
   7.4197E-01   1.0195E+00   7.2455E-01   7.5040E-01  -7.4022E-02  -2.0491E-01
  -2.2146E-01  -1.6663E-01  -1.2434E-01  -8.4909E-02  -1.6734E-01  -1.6804E-01
  -1.1555E-01  -1.4701E-01  -8.2358E-02  -7.9898E-02  -3.1885E-02   3.6792E-02
   3.3668E-02   3.0816E-02  -2.8326E-02  -2.6590E-03  -2.3881E-02  -3.6518E-02
   2.1307E-02   2.5952E-02   3.9104E-02   8.3354E-02   4.0315E-02   1.5310E-02
   3.0863E-02  -2.4900E-02  -2.8493E-02  -3.6131E-02  -4.6476E-02  -2.5457E-02
   6.4566E-02  -1.9452E-02  -2.8549E-02  -7.2214E-03   5.9241E-04   4.7637E-03
  -1.2863E-02   6.8854E-03   3.1363E-02   2.5541E-02   5.0716E-03   7.0157E-03
  -1.7471E-02  -1.5574E-02   7.6999E-03  -5.4201E-03  -1.4870E-02  -3.6012E-03
   5.5776E-05   2.7784E-02  -2.0448E-02  -2.6711E-02  -6.0481E-03   1.3991E-02
  -7.8876E-03   2.7547E-02   2.1410E-04  -6.9830E-03   6.1914E-03  -1.2858E-02
  -5.0755E-03  -1.2362E-02   2.3846E-02   3.1660E-03  -3.4826E-03  -9.3691E-03
   1.8193E-03   8.9820E-03   8.4308E-03  -4.8793E-03  -1.3096E-02  -1.8136E-03
   9.4122E-04  -2.4025E-02  -7.6738E-03  -4.0680E-03   8.3283E-04  -2.3892E-03
  -1.2032E-02  -4.5453E-04   2.0618E-03  -6.3376E-03   7.0036E-03   4.0334E-03
   6.2679E-03   5.5841E-03   4.0408E-03  -1.5553E-02  -1.5400E-02  -1.6805E-02
   1.9665E-03   2.1299E-01  -3.9624E-02  -3.6635E-02   7.8069E-02   3.3525E-03
   6.0389E-02   8.1569E-03  -1.1249E-02   4.6795E-02  -1.9127E-02  -6.0369E-02
  -6.0582E-02  -6.9907E-02   8.4733E-02   8.5321E-02   4.5007E-02  -2.4263E-02
   6.8572E-03  -4.7794E-02  -4.7687E-02   2.0997E-02   2.6862E-02   2.7002E-02
  -5.5052E-03   2.9022E-02   3.8462E-02   2.2805E-02  -1.4798E-02  -1.7228E-02
  -2.5289E-02  -3.2137E-02  -1.9207E-02   5.0878E-02  -1.5092E-02  -2.5683E-02
  -4.2393E-03  -1.3903E-02  -1.6655E-02  -6.1331E-03  -1.9727E-02   4.2809E-02
   3.2014E-02  -9.8499E-03  -3.3842E-02  -1.3167E-02  -1.4393E-02  -1.3492E-02
  -1.7563E-02  -1.0452E-02  -1.4842E-02  -8.6772E-03   2.0166E-02  -1.3801E-02
  -2.1490E-02  -1.0714E-02   1.4165E-02  -5.3905E-03   1.1507E-02  -7.4331E-03
  -9.4680E-03   1.2948E-02  -1.0967E-02  -2.2741E-03  -1.0727E-02   3.2080E-02
  -7.4588E-03   6.5120E-04  -2.7849E-03   1.2256E-02   1.2614E-02  -1.7588E-03
  -4.8504E-03  -7.8111E-03   1.5369E-03   1.3154E-03  -3.1846E-02  -6.4231E-03
  -5.2200E-03   1.6598E-03  -6.9656E-03  -8.3818E-03  -1.7722E-03   2.0043E-03
  -4.8464E-03   6.3073E-03  -2.4827E-03  -2.9359E-04   1.1210E-03  -4.8327E-04
   2.1249E-02   2.1516E-02   2.0711E-02  -2.4169E-03  -5.2423E-02  -2.0159E-01
  -2.1281E-01  -1.5895E-01  -1.4890E-01  -6.6538E-02  -1.4540E-01  -1.5317E-01
  -1.5877E-01  -1.3974E-01  -7.3431E-02  -7.5279E-02  -2.5026E-02  -1.5835E-02
  -2.2800E-02  -6.8012E-03  -1.6114E-02  -1.4045E-02   1.0085E-03  -5.2925E-03
   9.7919E-03   9.5278E-03   3.1848E-02   8.6575E-02   6.3900E-02   3.4058E-02
   2.6873E-02  -2.8746E-02  -2.4530E-02  -3.4196E-02  -4.1195E-02  -1.8366E-02
   1.3993E-02  -1.1379E-02  -1.9954E-02  -5.8044E-04   2.4870E-03   5.5046E-03
  -1.8980E-02   1.5353E-02   2.2773E-02   2.6585E-02   5.0197E-03   1.4208E-02
  -1.8479E-02  -1.4438E-02   1.0663E-02  -2.3052E-03  -1.2708E-02  -2.9065E-03
  -1.3428E-03   2.3550E-02  -1.4993E-02  -2.0710E-02  -2.7104E-03   1.3948E-02
  -7.4731E-03   3.3544E-02   1.0158E-03  -7.0455E-03   1.5364E-03  -1.2406E-02
  -3.3614E-03  -7.1446E-03   2.4854E-02   2.3330E-03  -6.3666E-03  -1.2349E-02
  -3.6343E-03   6.5491E-03   5.4293E-03  -4.2809E-03  -8.4305E-03   1.6362E-05
  -2.1244E-03  -2.0118E-02  -6.5584E-03  -1.5572E-03   1.1023E-03   2.5828E-03
  -6.8156E-03  -2.7008E-03  -5.7721E-03   1.4086E-03   4.4025E-03   8.2878E-03
   9.7718E-03   6.0917E-03   2.5379E-03  -2.5207E-02  -2.4820E-02  -2.5279E-02
  -4.7816E-03   1.2843E-01  -5.5414E-02  -4.7042E-02   2.3768E-02  -1.7467E-02
   4.6385E-03  -5.0876E-02  -6.3153E-02   1.5147E-02  -5.6113E-02  -5.8954E-02
  -5.8697E-02  -8.5876E-02   5.6583E-02   5.4461E-02   2.0528E-02  -1.5491E-02
   1.8893E-03  -3.2172E-02  -2.5751E-02   1.2101E-02   1.4581E-02   2.0751E-02
  -8.8023E-03   5.3561E-02   6.2435E-02   1.8070E-02  -1.5535E-02  -1.3640E-02
  -2.1655E-02  -2.3707E-02  -1.4449E-02   1.8221E-02  -1.0656E-02  -1.8550E-02
   1.3757E-03  -1.3328E-02  -1.7337E-02  -9.2560E-03  -1.3645E-02   3.5265E-02
   3.4462E-02  -1.0049E-02  -3.6613E-02  -1.3661E-02  -1.3043E-02  -1.2294E-02
  -1.6681E-02  -9.2278E-03  -1.4404E-02  -1.1032E-02   1.2226E-02  -7.5714E-03
  -1.5674E-02  -7.7349E-03   1.3987E-02  -4.1492E-03   1.4161E-02  -6.0127E-03
  -1.1034E-02   1.2153E-02  -1.3997E-02  -9.8934E-04  -6.7039E-03   3.7001E-02
  -1.2245E-02  -5.3399E-04  -3.9431E-03   6.8318E-03   9.7939E-03  -2.6605E-03
  -5.2059E-03  -3.3040E-03   4.6409E-03  -6.6280E-04  -2.8660E-02  -4.1372E-03
  -5.3610E-03   9.9891E-04  -3.1515E-03  -2.6181E-03  -5.3033E-03  -8.5569E-03
   9.7300E-04   7.5494E-04   1.6007E-03   3.0177E-03   1.6383E-03  -1.0999E-03
   1.8590E-02   1.9383E-02   1.8274E-02  -6.1128E-03
  > E    =  -9.939096189112E+02 +/-   1.562232515694E-04
  > varE =   3.998630597578E-03
* Computing derivatives.
    [walltime: 2m45s elapsed, 4m10s remaining]
  Done. [total walltime: 6m46s]
* Optimizing manipulation constant:
  #igrid a___________ E____________________________________ varE____________
     1     Infinity    -9.93909619E+02 +/-   1.56223252E-04   3.99863060E-03
     2     1.0000E+06  -9.93909619E+02 +/-   1.56223242E-04   3.99863013E-03
     3     2.1544E+05  -9.93909619E+02 +/-   1.56223209E-04   3.99862843E-03
     4     4.6416E+04  -9.93909619E+02 +/-   1.56223055E-04   3.99862056E-03
     5     1.0000E+04  -9.93909619E+02 +/-   1.56222344E-04   3.99858412E-03
     6     2.1544E+03  -9.93909619E+02 +/-   1.56219094E-04   3.99841779E-03
     7     4.6416E+02  -9.93909620E+02 +/-   1.56205173E-04   3.99770520E-03
     8     1.0000E+02  -9.93909621E+02 +/-   1.56165490E-04   3.99567428E-03
     9     2.1544E+01  -9.93909582E+02 +/-   1.56578592E-04   4.01684162E-03
    10     4.6416E+00  -9.93906475E+02 +/-   1.98930295E-04   6.48368327E-03
    11     1.0000E+00  -9.93395148E+02 +/-   1.57950308E-03   4.08752943E-01
    12     2.1544E-01  -9.90695942E+02 +/-   3.05777644E-03   1.53190347E+00
    13     4.6416E-02  -9.90675714E+02 +/-   3.06879083E-03   1.54295945E+00
    14     1.0000E-02  -9.90712551E+02 +/-   2.40528325E-03   9.47877894E-01
    15     2.1544E-03  -9.90729788E+02 +/-   5.99787105E-05   5.89405505E-04
    16     4.6416E-04  -9.90736511E+02 +/-   5.46200947E-05   4.88792842E-04
    17     1.0000E-04  -9.90736641E+02 +/-   5.56366225E-05   5.07155867E-04
    18     2.1544E-05  -9.90736623E+02 +/-   5.62193022E-05   5.17834333E-04
    19     4.6416E-06  -9.90736618E+02 +/-   5.63637287E-05   5.20498367E-04
    20     1.0000E-06  -9.90736617E+02 +/-   5.63957383E-05   5.21089728E-04
    21     0.0000E+00  -9.90736616E+02 +/-   5.64045840E-05   5.21253207E-04
  ParMin   2.0522E+02  -9.93909621E+02 +/-   1.56186779E-04   3.99676376E-03
  # Using grid point #8
* Iteration # 1: E =  -9.939096209624E+02 +/-   1.561654904483E-04
* Convergence: exiting.
* After optimization:
  -2.1444E+01  -2.1160E+01  -2.1417E+01  -2.1135E+01  -2.1560E+01  -2.1119E+01
  -2.0860E+01   2.1092E+00   1.9779E+00   1.1234E+00   1.0796E+00   2.3881E+00
   2.7294E+00   2.2949E+00   2.3030E+00   1.4613E+00   1.4366E+00   1.4884E+00
   1.4598E+00   2.1480E+00   2.1467E+00   1.4821E+00   1.4423E+00   1.3928E+00
   1.4464E+00   1.1507E+00   1.3963E+00   1.3942E+00   1.3742E+00   1.3062E+00
   1.2991E+00   2.2027E+00   2.2019E+00   1.8190E+00   1.8186E+00   1.4706E+00
   1.4730E+00   6.7827E-01   6.7639E-01   1.1300E+00   1.1297E+00   1.1359E+00
   1.1352E+00   1.1193E+00   1.1192E+00   2.3386E+00   2.3332E+00   8.1797E-01
   8.1372E-01   1.5980E+00   1.6095E+00   1.9775E+00   1.9754E+00   1.0670E+00
   1.0670E+00   1.4660E+00   1.4674E+00   1.1488E+00   1.1489E+00   1.1226E+00
   6.2616E-01   6.2574E-01   1.7093E+00   1.6915E+00   6.5593E-01   6.5503E-01
   1.4414E+00   1.4418E+00   5.1073E-01   5.0767E-01   9.2750E-01   9.2738E-01
   8.0750E-02   5.6677E-01   5.6642E-01   7.0455E-01   7.0370E-01   1.0663E-01
   9.5322E-01   9.5072E-01   8.4849E-01   8.4666E-01   1.5411E+00   1.5425E+00
   6.6956E-01   6.6955E-01   9.6222E-01   9.6233E-01   7.3484E-01   7.3218E-01
   9.7825E-01   9.7877E-01   1.4626E-01   1.4566E-01   1.6461E-01   1.6364E-01
   4.4010E-01   4.3985E-01   8.7410E-01   8.7087E-01   9.4101E-01   9.3986E-01
   9.2504E-01   9.2343E-01   6.6325E-02   6.4464E-02   4.4608E-01   4.4636E-01
   4.8619E-02   4.6663E-02   6.1902E-01   6.1656E-01   4.0677E-01   4.0575E-01
   5.4556E-01   5.4589E-01   8.6008E-01   2.5415E-01  -3.9815E-01  -3.9907E-01
   4.7996E-01   4.7893E-01   7.2479E-01   7.2425E-01   8.5692E-01   1.0973E-01
   1.0873E-01   1.2434E-01   1.2344E-01  -2.2003E-02  -2.2517E-02   4.1317E-01
   4.1047E-01  -2.4235E-02  -2.5024E-02   9.9841E-02   1.0091E-01  -3.9187E-01
  -3.9211E-01   4.2439E-01   4.2348E-01   3.9608E-02   3.8545E-02   1.5197E+00
   1.5227E+00   5.5152E-01   5.5231E-01   2.3841E-01  -2.7927E-01  -2.8025E-01
  -2.7179E-01  -2.7278E-01   4.8422E-01   4.8332E-01   4.3425E-02   4.2959E-02
  -7.7165E-01  -3.8668E-01  -3.8643E-01   2.1009E-03   4.2166E-01   4.2141E-01
  -3.8438E-01  -3.8403E-01  -7.6854E-01   1.0323E-01   1.0431E-01   5.8507E-01
   5.8026E-01   5.8397E-01   5.8011E-01   5.8522E-01   5.7981E-01   3.5646E+00
  -5.7680E+00   1.7945E+00  -2.9220E+00   4.0224E+00  -5.1057E+00  -1.4001E+00
  -1.0241E+00  -1.2111E+01   9.3736E+00  -6.8053E+00   4.3772E+00  -2.5071E-01
  -1.3043E+00  -1.3736E+00  -1.8971E-01  -1.7666E+00  -4.0253E-01   1.2637E+00
  -2.7877E+00  -4.3190E+00   2.9304E+00  -1.2753E+00  -1.7295E-01   8.7834E+00
  -9.9337E+00  -2.7240E+00   1.3407E+00  -4.2425E+00   2.8815E+00   3.7977E+00
  -5.0901E+00  -6.5525E+00   4.3450E+00  -1.6018E+00  -2.1428E-01  -3.8048E+00
   2.3298E+00   3.1540E+00  -3.8350E+00   1.4472E+00  -2.5734E+00  -1.1877E+00
   5.5489E-02  -7.1681E-02  -1.0428E+00  -6.5837E+00   4.2762E+00   3.1261E+00
  -3.9098E+00  -3.8356E+00   2.2617E+00  -6.6178E+00   4.6482E+00   3.8843E+00
  -4.9538E+00  -7.8673E+00   6.4021E+00  -2.6388E+00   1.4869E+00  -4.1580E+00
   3.0313E+00   2.1485E-01  -8.3914E-01   3.7556E+00  -5.4394E+00   6.2172E-01
  -1.2772E+00  -1.0501E+00  -3.8894E-01   6.7310E+00  -7.2401E+00  -4.5928E+00
   3.6654E+00   4.6020E+00  -4.6829E+00   2.6381E+00  -3.2041E+00   1.8263E-01
  -8.9565E-01   4.5954E+00  -4.6988E+00  -4.5997E+00   3.6505E+00   1.8056E+00
  -2.6530E+00  -7.8976E+00   6.3484E+00  -2.3496E+00   1.6800E+00  -7.5724E+00
   6.6100E+00   5.8935E-01  -1.3290E+00  -7.5776E+00   6.5979E+00   2.0290E+00
  -2.1744E+00   2.0225E+00  -2.1874E+00  -3.1974E+00   2.7575E+00   1.7991E+00
  -2.6704E+00  -2.2994E+00   1.3588E+00  -2.2952E+00   1.3705E+00   5.8971E+00
  -5.9633E+00  -3.1993E+00   2.7539E+00   5.9032E+00  -5.9515E+00   2.6230E+00
  -3.2397E+00   9.6854E-01  -1.3742E+00  -5.7907E+00   5.2446E+00  -1.1027E+01
   1.0167E+01  -5.6254E-01   3.0921E-01   7.2773E+00  -6.8790E+00  -2.0308E+00
   1.5509E+00  -2.3638E+00   1.6405E+00  -1.1025E+01   1.0169E+01   2.9100E+00
  -3.0187E+00   2.9062E+00  -3.0294E+00   2.3342E+00  -2.3111E+00   9.6696E-01
  -1.3784E+00   2.3348E+00  -2.3100E+00  -2.6816E-01   1.6747E-01   7.2750E+00
  -6.8835E+00  -5.5099E+00   5.0865E+00  -5.6151E-01   5.2292E-01  -1.0839E+00
  -4.4599E-01  -5.7933E+00   5.2409E+00  -5.5807E-01   3.1971E-01   4.6777E+00
  -4.3978E+00   4.6750E+00  -4.4024E+00  -2.0324E+00   1.5481E+00  -5.6395E-01
   5.2005E-01   9.8982E+00  -9.1272E+00   4.9497E+00  -4.5631E+00  -1.3467E-03
  -1.8300E-03  -5.5095E+00   5.0873E+00   4.9487E+00  -4.5644E+00   9.8968E+00
  -9.1290E+00  -2.7003E-01   1.6557E-01   6.7017E+00  -7.2859E+00   6.7023E+00
  -7.2859E+00   6.7019E+00  -7.2862E+00   9.1650E-01   7.9965E-01   9.1610E-01
   7.4870E-01   1.0288E+00   7.3121E-01   7.5727E-01  -7.4768E-02  -2.0665E-01
  -2.2351E-01  -1.6826E-01  -1.2559E-01  -8.5843E-02  -1.6869E-01  -1.6932E-01
  -1.1668E-01  -1.4848E-01  -8.3143E-02  -8.0643E-02  -3.2175E-02   3.7122E-02
   3.3862E-02   3.1057E-02  -2.8526E-02  -2.6460E-03  -2.4086E-02  -3.6889E-02
   2.1429E-02   2.6239E-02   3.9506E-02   8.4003E-02   4.0650E-02   1.5421E-02
   3.1245E-02  -2.5152E-02  -2.8844E-02  -3.6534E-02  -4.6785E-02  -2.5639E-02
   6.5186E-02  -1.9661E-02  -2.8794E-02  -7.1918E-03   5.1064E-04   4.9479E-03
  -1.2988E-02   6.9455E-03   3.1781E-02   2.5908E-02   5.1684E-03   7.0832E-03
  -1.7664E-02  -1.5710E-02   7.8246E-03  -5.5691E-03  -1.5045E-02  -3.6565E-03
   1.3702E-04   2.7948E-02  -2.0646E-02  -2.7047E-02  -6.1592E-03   1.4061E-02
  -7.9175E-03   2.7866E-02   2.4611E-04  -7.1514E-03   6.3117E-03  -1.2856E-02
  -5.1668E-03  -1.2465E-02   2.4136E-02   3.0927E-03  -3.5674E-03  -9.4100E-03
   1.8066E-03   8.9900E-03   8.4350E-03  -4.7884E-03  -1.3086E-02  -1.7838E-03
   1.1431E-03  -2.4231E-02  -7.6252E-03  -4.1521E-03   8.3037E-04  -2.3315E-03
  -1.2090E-02  -5.5432E-04   2.0475E-03  -6.3952E-03   6.7576E-03   4.1929E-03
   6.2707E-03   5.3757E-03   3.9479E-03  -1.5683E-02  -1.5526E-02  -1.6944E-02
   1.9260E-03   2.1471E-01  -4.0036E-02  -3.7170E-02   7.8750E-02   3.4516E-03
   6.0794E-02   8.1632E-03  -1.1421E-02   4.7090E-02  -1.9452E-02  -6.0911E-02
  -6.1054E-02  -7.0471E-02   8.5567E-02   8.6163E-02   4.5415E-02  -2.4480E-02
   6.8866E-03  -4.8222E-02  -4.8118E-02   2.1231E-02   2.7142E-02   2.7380E-02
  -5.5252E-03   2.9390E-02   3.8810E-02   2.2981E-02  -1.5033E-02  -1.7386E-02
  -2.5491E-02  -3.2436E-02  -1.9498E-02   5.1343E-02  -1.5244E-02  -2.5925E-02
  -4.2522E-03  -1.4037E-02  -1.6819E-02  -6.1585E-03  -1.9935E-02   4.3277E-02
   3.2325E-02  -1.0035E-02  -3.4141E-02  -1.3265E-02  -1.4564E-02  -1.3623E-02
  -1.7693E-02  -1.0587E-02  -1.4910E-02  -8.7825E-03   2.0373E-02  -1.3986E-02
  -2.1685E-02  -1.0831E-02   1.4407E-02  -5.4336E-03   1.1703E-02  -7.4324E-03
  -9.5170E-03   1.2967E-02  -1.1071E-02  -2.2851E-03  -1.0867E-02   3.2345E-02
  -7.3723E-03   6.0703E-04  -2.8307E-03   1.2314E-02   1.2631E-02  -1.8098E-03
  -4.8980E-03  -7.8249E-03   1.8165E-03   1.3831E-03  -3.2158E-02  -6.4937E-03
  -5.2552E-03   1.5619E-03  -6.8121E-03  -8.3947E-03  -1.7303E-03   1.9339E-03
  -5.0036E-03   6.3313E-03  -2.5967E-03  -2.4004E-04   9.1339E-04  -4.6372E-04
   2.1413E-02   2.1679E-02   2.0910E-02  -2.7426E-03  -5.2535E-02  -2.0159E-01
  -2.1287E-01  -1.5906E-01  -1.4906E-01  -6.6682E-02  -1.4527E-01  -1.5298E-01
  -1.5880E-01  -1.3985E-01  -7.3611E-02  -7.5276E-02  -2.5037E-02  -1.5855E-02
  -2.2969E-02  -6.8004E-03  -1.6023E-02  -1.4016E-02   1.0637E-03  -5.2821E-03
   9.7005E-03   9.5597E-03   3.1818E-02   8.6487E-02   6.3886E-02   3.4051E-02
   2.6997E-02  -2.8720E-02  -2.4641E-02  -3.4283E-02  -4.1113E-02  -1.8228E-02
   1.4001E-02  -1.1403E-02  -1.9974E-02  -5.2979E-04   2.4092E-03   5.6299E-03
  -1.9038E-02   1.5407E-02   2.2833E-02   2.6725E-02   5.1524E-03   1.4258E-02
  -1.8582E-02  -1.4374E-02   1.0738E-02  -2.3917E-03  -1.2667E-02  -2.9672E-03
  -1.3183E-03   2.3510E-02  -1.5008E-02  -2.0794E-02  -2.8191E-03   1.3837E-02
  -7.4148E-03   3.3595E-02   1.0688E-03  -7.1209E-03   1.7043E-03  -1.2370E-02
  -3.3740E-03  -7.1276E-03   2.4915E-02   2.0482E-03  -6.4168E-03  -1.2282E-02
  -3.6263E-03   6.5253E-03   5.3489E-03  -4.2225E-03  -8.3732E-03  -1.8124E-04
  -1.9385E-03  -2.0086E-02  -6.4607E-03  -1.5507E-03   1.2462E-03   2.4282E-03
  -6.7436E-03  -2.6045E-03  -5.9526E-03   1.3114E-03   4.2794E-03   8.3912E-03
   9.4808E-03   6.1129E-03   2.5790E-03  -2.5180E-02  -2.4822E-02  -2.5294E-02
  -4.6950E-03   1.2825E-01  -5.5602E-02  -4.7343E-02   2.3674E-02  -1.7390E-02
   4.4838E-03  -5.1019E-02  -6.3345E-02   1.5023E-02  -5.6332E-02  -5.9037E-02
  -5.8580E-02  -8.5797E-02   5.6620E-02   5.4493E-02   2.0580E-02  -1.5470E-02
   1.8225E-03  -3.2146E-02  -2.5685E-02   1.2138E-02   1.4573E-02   2.0814E-02
  -8.7199E-03   5.3674E-02   6.2453E-02   1.8008E-02  -1.5595E-02  -1.3648E-02
  -2.1604E-02  -2.3827E-02  -1.4507E-02   1.8212E-02  -1.0662E-02  -1.8592E-02
   1.3281E-03  -1.3303E-02  -1.7357E-02  -9.2739E-03  -1.3675E-02   3.5318E-02
   3.4488E-02  -1.0058E-02  -3.6598E-02  -1.3648E-02  -1.2995E-02  -1.2298E-02
  -1.6596E-02  -9.1814E-03  -1.4345E-02  -1.1136E-02   1.2304E-02  -7.6441E-03
  -1.5642E-02  -7.8073E-03   1.4055E-02  -4.1132E-03   1.4226E-02  -5.9131E-03
  -1.0920E-02   1.2064E-02  -1.4030E-02  -9.3702E-04  -6.7494E-03   3.6952E-02
  -1.2209E-02  -5.9544E-04  -3.9254E-03   6.8238E-03   9.7450E-03  -2.7421E-03
  -5.3112E-03  -3.3424E-03   4.6981E-03  -7.0517E-04  -2.8662E-02  -4.1812E-03
  -5.2305E-03   1.0348E-03  -3.1392E-03  -2.5387E-03  -4.9960E-03  -8.7188E-03
   8.2378E-04   9.8705E-04   1.4594E-03   2.8509E-03   1.6112E-03  -8.7760E-04
   1.8538E-02   1.9348E-02   1.8241E-02  -6.2805E-03
  > Energy =  -9.939096209624E+02 +/-   1.561654904483E-04
  > varE =   3.995674281077E-03

VMC #19:
* Size of Hilbert space =   1.0817E+14
* Number of equil. steps   = 1000
* Running VMC equilibration.
  Done. [total walltime: 0.34s]
* Equil. acc.ratio (%)     =  11.9500
* Sample config after equilibration:
  +-------------------------+
  |  u   0   2   u   d   u  |
  |2   0   d   d   u   2   0|
  |0   d   0   d   0   0   d|
  |  2   2   u   u   2   2  |
  +-------------------------+
* Number of accum. steps   = 655360 x 10
* Running VMC accumulation.
  Done. [total walltime: 2.29s]
* Acceptance ratio (%)     =  11.9064
* Etot/t                   =  -9.939097831980E+02 +/-   8.124635453513E-05
  > Ttot/t                 =  -9.591151205671E+01 +/-   9.322411325612E-04
  > Utot/t                 =   4.230988330961E+01 +/-   9.251306573765E-04
* var[Eloc/t]              =   3.931583366420E-03 +/-   2.804060376543E-05
* Correlation length       =   1.100323044967E+00
* log10 Psi^2 range: -133.9618273540160 -- -120.8886545609755
* log10 Pgen range : -133.9618273540160 -- -120.8886545609755
* Site occupation (ave. no. electrons per config.):
  > Site_  ___eu____  ___ed____
      1        0.498      0.499
      2        0.500      0.495
      3        0.497      0.498
      4        0.498      0.497
      5        0.506      0.503
      6        0.500      0.500
      7        0.501      0.501
      8        0.499      0.496
      9        0.497      0.498
     10        0.497      0.500
     11        0.500      0.497
     12        0.505      0.503
     13        0.501      0.505
     14        0.501      0.502
     15        0.501      0.505
     16        0.499      0.496
     17        0.499      0.500
     18        0.503      0.501
     19        0.498      0.501
     20        0.504      0.503
     21        0.502      0.501
     22        0.501      0.501
     23        0.495      0.499
     24        0.497      0.499
     25        0.498      0.497
     26        0.503      0.504
* Pair-correlation analysis (ave. no. pairs per config.):
  > Shell  nsite  ___dh____  __eueu___  __eued___
      0      1        0          0          4.495
      1      0        0.920      0.497      2.599
      2      0        0.134      0.357      0.533
      3      0        0.265      0.723      1.059
      4      0        0.226      0.767      1.067
      5      0        0.254      0.737      1.053
      6      0        0.759      0.851      2.433
      7      0        0.668      1.050      2.342
      8      0        0.595      1.222      2.262
      9      0        0.444      1.549      2.096
     10      0        0.528      1.384      2.184
     11      0        0.134      0.817      1.161
     12      0        0.139      0.831      1.141
     13      0        0.136      0.855      1.087
     14      0        0.224      2.116      1.910
     15      0        0.112      1.059      0.954
     16      0        0.224      2.087      1.911
     17      0        0.265      1.900      2.058
     18      0        0.238      2.046      1.936
     19      0        0.294      1.875      2.055
     20      0        0.305      1.872      2.054
     21      0        0.243      2.095      1.923
     22      0        0.242      2.116      1.902
     23      0        0.242      2.126      1.890
     24      0        0.237      2.105      1.913
     25      0        0.277      2.081      1.904
     26      0        0.272      2.082      1.898
     27      0        0.237      2.136      1.887
     28      0        0.216      1.957      2.056
     29      0        0.240      2.059      1.942
     30      0        0.214      1.948      2.097
     31      0        0.107      0.970      1.051
     32      0        0.243      2.051      1.956
     33      0        0.210      2.137      1.891
     34      0        0.246      2.043      1.965
     35      0        0.220      2.076      1.959
     36      0        0.247      2.010      1.963
     37      0        0.282      1.933      2.020
     38      0        0.145      0.966      1.009
     39      0        0.215      1.983      2.029
     40      0        0.258      1.903      2.078
     41      0        0.140      1.009      0.974
     42      0        0.275      2.021      1.948
     43      0        0.257      1.954      2.028
     44      0        0.258      1.866      2.105
     45      0        0.215      1.992      2.052
     46      0        0.240      2.028      1.973
     47      0        0.255      1.935      2.056
     48      0        0.242      1.964      2.035
     49      0        0.247      2.020      1.983
     50      0        0.247      1.977      2.028
     51      0        0.277      1.961      1.998
     52      0        0.248      2.034      1.965
     53      0        0.220      1.968      2.058
     54      0        0.219      2.044      1.987
     55      0        0.248      1.971      2.000
     56      0        0.277      1.995      1.963
     57      0        0.248      1.995      1.975
     58      0        0.216      2.034      1.975
     59      0        0.250      1.983      2.014
     60      0        0.241      2.008      1.995
     61      0        0.134      0.998      0.985
     62      0        0.109      1.017      1.005
     63      0        0.245      1.994      1.977
     64      0        0.218      2.027      2.001
     65      0        0.217      2.055      1.985
     66      0        0.135      0.983      0.996
     67      0        0.213      1.997      2.016
     68      0        0.215      2.018      1.993
     69      0        0.250      2.008      1.987
     70      0        0.250      2.013      1.982
     71      0        0.252      1.984      2.007
     72      0        0.217      2.024      2.016
     73      0        0.246      1.978      1.993
     74      0        0.243      1.999      1.995
     75      0        0.240      1.992      1.981
     76      0        0.245      1.840      2.150
     77      0        0.244      1.987      2.011
     78      0        0.107      1.008      1.015
     79      0        0.218      2.002      2.008
     80      0        0.214      2.009      2.006
     81      0        0.219      1.997      2.035
     82      0        0.241      1.982      1.986
     83      0        0.109      0.995      0.993
     84      0        0.217      2.001      2.004
     85      0        0.109      1.006      1.009
     86      0        0.246      1.987      1.999
     87      0        0.218      2.003      1.997
     88      0        0.106      0.994      0.997
     89      0        0.221      2.015      2.017
     90      0        0.127      0.973      1.011
     91      0        0.062      0.488      0.503
     92      0        0.062      0.486      0.503
     93      0        0.112      1.006      1.004

Optimization #19:
* Method          : lls
* Target function : energy
* No. of configs. : 163840
* No. of params.  : 736
* Before optimization:
  -2.1444E+01  -2.1160E+01  -2.1417E+01  -2.1135E+01  -2.1560E+01  -2.1119E+01
  -2.0860E+01   2.1092E+00   1.9779E+00   1.1234E+00   1.0796E+00   2.3881E+00
   2.7294E+00   2.2949E+00   2.3030E+00   1.4613E+00   1.4366E+00   1.4884E+00
   1.4598E+00   2.1480E+00   2.1467E+00   1.4821E+00   1.4423E+00   1.3928E+00
   1.4464E+00   1.1507E+00   1.3963E+00   1.3942E+00   1.3742E+00   1.3062E+00
   1.2991E+00   2.2027E+00   2.2019E+00   1.8190E+00   1.8186E+00   1.4706E+00
   1.4730E+00   6.7827E-01   6.7639E-01   1.1300E+00   1.1297E+00   1.1359E+00
   1.1352E+00   1.1193E+00   1.1192E+00   2.3386E+00   2.3332E+00   8.1797E-01
   8.1372E-01   1.5980E+00   1.6095E+00   1.9775E+00   1.9754E+00   1.0670E+00
   1.0670E+00   1.4660E+00   1.4674E+00   1.1488E+00   1.1489E+00   1.1226E+00
   6.2616E-01   6.2574E-01   1.7093E+00   1.6915E+00   6.5593E-01   6.5503E-01
   1.4414E+00   1.4418E+00   5.1073E-01   5.0767E-01   9.2750E-01   9.2738E-01
   8.0750E-02   5.6677E-01   5.6642E-01   7.0455E-01   7.0370E-01   1.0663E-01
   9.5322E-01   9.5072E-01   8.4849E-01   8.4666E-01   1.5411E+00   1.5425E+00
   6.6956E-01   6.6955E-01   9.6222E-01   9.6233E-01   7.3484E-01   7.3218E-01
   9.7825E-01   9.7877E-01   1.4626E-01   1.4566E-01   1.6461E-01   1.6364E-01
   4.4010E-01   4.3985E-01   8.7410E-01   8.7087E-01   9.4101E-01   9.3986E-01
   9.2504E-01   9.2343E-01   6.6325E-02   6.4464E-02   4.4608E-01   4.4636E-01
   4.8619E-02   4.6663E-02   6.1902E-01   6.1656E-01   4.0677E-01   4.0575E-01
   5.4556E-01   5.4589E-01   8.6008E-01   2.5415E-01  -3.9815E-01  -3.9907E-01
   4.7996E-01   4.7893E-01   7.2479E-01   7.2425E-01   8.5692E-01   1.0973E-01
   1.0873E-01   1.2434E-01   1.2344E-01  -2.2003E-02  -2.2517E-02   4.1317E-01
   4.1047E-01  -2.4235E-02  -2.5024E-02   9.9841E-02   1.0091E-01  -3.9187E-01
  -3.9211E-01   4.2439E-01   4.2348E-01   3.9608E-02   3.8545E-02   1.5197E+00
   1.5227E+00   5.5152E-01   5.5231E-01   2.3841E-01  -2.7927E-01  -2.8025E-01
  -2.7179E-01  -2.7278E-01   4.8422E-01   4.8332E-01   4.3425E-02   4.2959E-02
  -7.7165E-01  -3.8668E-01  -3.8643E-01   2.1009E-03   4.2166E-01   4.2141E-01
  -3.8438E-01  -3.8403E-01  -7.6854E-01   1.0323E-01   1.0431E-01   5.8507E-01
   5.8026E-01   5.8397E-01   5.8011E-01   5.8522E-01   5.7981E-01   3.5646E+00
  -5.7680E+00   1.7945E+00  -2.9220E+00   4.0224E+00  -5.1057E+00  -1.4001E+00
  -1.0241E+00  -1.2111E+01   9.3736E+00  -6.8053E+00   4.3772E+00  -2.5071E-01
  -1.3043E+00  -1.3736E+00  -1.8971E-01  -1.7666E+00  -4.0253E-01   1.2637E+00
  -2.7877E+00  -4.3190E+00   2.9304E+00  -1.2753E+00  -1.7295E-01   8.7834E+00
  -9.9337E+00  -2.7240E+00   1.3407E+00  -4.2425E+00   2.8815E+00   3.7977E+00
  -5.0901E+00  -6.5525E+00   4.3450E+00  -1.6018E+00  -2.1428E-01  -3.8048E+00
   2.3298E+00   3.1540E+00  -3.8350E+00   1.4472E+00  -2.5734E+00  -1.1877E+00
   5.5489E-02  -7.1681E-02  -1.0428E+00  -6.5837E+00   4.2762E+00   3.1261E+00
  -3.9098E+00  -3.8356E+00   2.2617E+00  -6.6178E+00   4.6482E+00   3.8843E+00
  -4.9538E+00  -7.8673E+00   6.4021E+00  -2.6388E+00   1.4869E+00  -4.1580E+00
   3.0313E+00   2.1485E-01  -8.3914E-01   3.7556E+00  -5.4394E+00   6.2172E-01
  -1.2772E+00  -1.0501E+00  -3.8894E-01   6.7310E+00  -7.2401E+00  -4.5928E+00
   3.6654E+00   4.6020E+00  -4.6829E+00   2.6381E+00  -3.2041E+00   1.8263E-01
  -8.9565E-01   4.5954E+00  -4.6988E+00  -4.5997E+00   3.6505E+00   1.8056E+00
  -2.6530E+00  -7.8976E+00   6.3484E+00  -2.3496E+00   1.6800E+00  -7.5724E+00
   6.6100E+00   5.8935E-01  -1.3290E+00  -7.5776E+00   6.5979E+00   2.0290E+00
  -2.1744E+00   2.0225E+00  -2.1874E+00  -3.1974E+00   2.7575E+00   1.7991E+00
  -2.6704E+00  -2.2994E+00   1.3588E+00  -2.2952E+00   1.3705E+00   5.8971E+00
  -5.9633E+00  -3.1993E+00   2.7539E+00   5.9032E+00  -5.9515E+00   2.6230E+00
  -3.2397E+00   9.6854E-01  -1.3742E+00  -5.7907E+00   5.2446E+00  -1.1027E+01
   1.0167E+01  -5.6254E-01   3.0921E-01   7.2773E+00  -6.8790E+00  -2.0308E+00
   1.5509E+00  -2.3638E+00   1.6405E+00  -1.1025E+01   1.0169E+01   2.9100E+00
  -3.0187E+00   2.9062E+00  -3.0294E+00   2.3342E+00  -2.3111E+00   9.6696E-01
  -1.3784E+00   2.3348E+00  -2.3100E+00  -2.6816E-01   1.6747E-01   7.2750E+00
  -6.8835E+00  -5.5099E+00   5.0865E+00  -5.6151E-01   5.2292E-01  -1.0839E+00
  -4.4599E-01  -5.7933E+00   5.2409E+00  -5.5807E-01   3.1971E-01   4.6777E+00
  -4.3978E+00   4.6750E+00  -4.4024E+00  -2.0324E+00   1.5481E+00  -5.6395E-01
   5.2005E-01   9.8982E+00  -9.1272E+00   4.9497E+00  -4.5631E+00  -1.3467E-03
  -1.8300E-03  -5.5095E+00   5.0873E+00   4.9487E+00  -4.5644E+00   9.8968E+00
  -9.1290E+00  -2.7003E-01   1.6557E-01   6.7017E+00  -7.2859E+00   6.7023E+00
  -7.2859E+00   6.7019E+00  -7.2862E+00   9.1650E-01   7.9965E-01   9.1610E-01
   7.4870E-01   1.0288E+00   7.3121E-01   7.5727E-01  -7.4768E-02  -2.0665E-01
  -2.2351E-01  -1.6826E-01  -1.2559E-01  -8.5843E-02  -1.6869E-01  -1.6932E-01
  -1.1668E-01  -1.4848E-01  -8.3143E-02  -8.0643E-02  -3.2175E-02   3.7122E-02
   3.3862E-02   3.1057E-02  -2.8526E-02  -2.6460E-03  -2.4086E-02  -3.6889E-02
   2.1429E-02   2.6239E-02   3.9506E-02   8.4003E-02   4.0650E-02   1.5421E-02
   3.1245E-02  -2.5152E-02  -2.8844E-02  -3.6534E-02  -4.6785E-02  -2.5639E-02
   6.5186E-02  -1.9661E-02  -2.8794E-02  -7.1918E-03   5.1064E-04   4.9479E-03
  -1.2988E-02   6.9455E-03   3.1781E-02   2.5908E-02   5.1684E-03   7.0832E-03
  -1.7664E-02  -1.5710E-02   7.8246E-03  -5.5691E-03  -1.5045E-02  -3.6565E-03
   1.3702E-04   2.7948E-02  -2.0646E-02  -2.7047E-02  -6.1592E-03   1.4061E-02
  -7.9175E-03   2.7866E-02   2.4611E-04  -7.1514E-03   6.3117E-03  -1.2856E-02
  -5.1668E-03  -1.2465E-02   2.4136E-02   3.0927E-03  -3.5674E-03  -9.4100E-03
   1.8066E-03   8.9900E-03   8.4350E-03  -4.7884E-03  -1.3086E-02  -1.7838E-03
   1.1431E-03  -2.4231E-02  -7.6252E-03  -4.1521E-03   8.3037E-04  -2.3315E-03
  -1.2090E-02  -5.5432E-04   2.0475E-03  -6.3952E-03   6.7576E-03   4.1929E-03
   6.2707E-03   5.3757E-03   3.9479E-03  -1.5683E-02  -1.5526E-02  -1.6944E-02
   1.9260E-03   2.1471E-01  -4.0036E-02  -3.7170E-02   7.8750E-02   3.4516E-03
   6.0794E-02   8.1632E-03  -1.1421E-02   4.7090E-02  -1.9452E-02  -6.0911E-02
  -6.1054E-02  -7.0471E-02   8.5567E-02   8.6163E-02   4.5415E-02  -2.4480E-02
   6.8866E-03  -4.8222E-02  -4.8118E-02   2.1231E-02   2.7142E-02   2.7380E-02
  -5.5252E-03   2.9390E-02   3.8810E-02   2.2981E-02  -1.5033E-02  -1.7386E-02
  -2.5491E-02  -3.2436E-02  -1.9498E-02   5.1343E-02  -1.5244E-02  -2.5925E-02
  -4.2522E-03  -1.4037E-02  -1.6819E-02  -6.1585E-03  -1.9935E-02   4.3277E-02
   3.2325E-02  -1.0035E-02  -3.4141E-02  -1.3265E-02  -1.4564E-02  -1.3623E-02
  -1.7693E-02  -1.0587E-02  -1.4910E-02  -8.7825E-03   2.0373E-02  -1.3986E-02
  -2.1685E-02  -1.0831E-02   1.4407E-02  -5.4336E-03   1.1703E-02  -7.4324E-03
  -9.5170E-03   1.2967E-02  -1.1071E-02  -2.2851E-03  -1.0867E-02   3.2345E-02
  -7.3723E-03   6.0703E-04  -2.8307E-03   1.2314E-02   1.2631E-02  -1.8098E-03
  -4.8980E-03  -7.8249E-03   1.8165E-03   1.3831E-03  -3.2158E-02  -6.4937E-03
  -5.2552E-03   1.5619E-03  -6.8121E-03  -8.3947E-03  -1.7303E-03   1.9339E-03
  -5.0036E-03   6.3313E-03  -2.5967E-03  -2.4004E-04   9.1339E-04  -4.6372E-04
   2.1413E-02   2.1679E-02   2.0910E-02  -2.7426E-03  -5.2535E-02  -2.0159E-01
  -2.1287E-01  -1.5906E-01  -1.4906E-01  -6.6682E-02  -1.4527E-01  -1.5298E-01
  -1.5880E-01  -1.3985E-01  -7.3611E-02  -7.5276E-02  -2.5037E-02  -1.5855E-02
  -2.2969E-02  -6.8004E-03  -1.6023E-02  -1.4016E-02   1.0637E-03  -5.2821E-03
   9.7005E-03   9.5597E-03   3.1818E-02   8.6487E-02   6.3886E-02   3.4051E-02
   2.6997E-02  -2.8720E-02  -2.4641E-02  -3.4283E-02  -4.1113E-02  -1.8228E-02
   1.4001E-02  -1.1403E-02  -1.9974E-02  -5.2979E-04   2.4092E-03   5.6299E-03
  -1.9038E-02   1.5407E-02   2.2833E-02   2.6725E-02   5.1524E-03   1.4258E-02
  -1.8582E-02  -1.4374E-02   1.0738E-02  -2.3917E-03  -1.2667E-02  -2.9672E-03
  -1.3183E-03   2.3510E-02  -1.5008E-02  -2.0794E-02  -2.8191E-03   1.3837E-02
  -7.4148E-03   3.3595E-02   1.0688E-03  -7.1209E-03   1.7043E-03  -1.2370E-02
  -3.3740E-03  -7.1276E-03   2.4915E-02   2.0482E-03  -6.4168E-03  -1.2282E-02
  -3.6263E-03   6.5253E-03   5.3489E-03  -4.2225E-03  -8.3732E-03  -1.8124E-04
  -1.9385E-03  -2.0086E-02  -6.4607E-03  -1.5507E-03   1.2462E-03   2.4282E-03
  -6.7436E-03  -2.6045E-03  -5.9526E-03   1.3114E-03   4.2794E-03   8.3912E-03
   9.4808E-03   6.1129E-03   2.5790E-03  -2.5180E-02  -2.4822E-02  -2.5294E-02
  -4.6950E-03   1.2825E-01  -5.5602E-02  -4.7343E-02   2.3674E-02  -1.7390E-02
   4.4838E-03  -5.1019E-02  -6.3345E-02   1.5023E-02  -5.6332E-02  -5.9037E-02
  -5.8580E-02  -8.5797E-02   5.6620E-02   5.4493E-02   2.0580E-02  -1.5470E-02
   1.8225E-03  -3.2146E-02  -2.5685E-02   1.2138E-02   1.4573E-02   2.0814E-02
  -8.7199E-03   5.3674E-02   6.2453E-02   1.8008E-02  -1.5595E-02  -1.3648E-02
  -2.1604E-02  -2.3827E-02  -1.4507E-02   1.8212E-02  -1.0662E-02  -1.8592E-02
   1.3281E-03  -1.3303E-02  -1.7357E-02  -9.2739E-03  -1.3675E-02   3.5318E-02
   3.4488E-02  -1.0058E-02  -3.6598E-02  -1.3648E-02  -1.2995E-02  -1.2298E-02
  -1.6596E-02  -9.1814E-03  -1.4345E-02  -1.1136E-02   1.2304E-02  -7.6441E-03
  -1.5642E-02  -7.8073E-03   1.4055E-02  -4.1132E-03   1.4226E-02  -5.9131E-03
  -1.0920E-02   1.2064E-02  -1.4030E-02  -9.3702E-04  -6.7494E-03   3.6952E-02
  -1.2209E-02  -5.9544E-04  -3.9254E-03   6.8238E-03   9.7450E-03  -2.7421E-03
  -5.3112E-03  -3.3424E-03   4.6981E-03  -7.0517E-04  -2.8662E-02  -4.1812E-03
  -5.2305E-03   1.0348E-03  -3.1392E-03  -2.5387E-03  -4.9960E-03  -8.7188E-03
   8.2378E-04   9.8705E-04   1.4594E-03   2.8509E-03   1.6112E-03  -8.7760E-04
   1.8538E-02   1.9348E-02   1.8241E-02  -6.2805E-03
  > E    =  -9.939097276908E+02 +/-   1.538647556501E-04
  > varE =   3.878807639042E-03
* Computing derivatives.
    [walltime: 2m41s elapsed, 4m2s remaining]
  Done. [total walltime: 6m41s]
* Optimizing manipulation constant:
  #igrid a___________ E____________________________________ varE____________
     1     Infinity    -9.93909728E+02 +/-   1.53864756E-04   3.87880764E-03
     2     1.0000E+06  -9.93909728E+02 +/-   1.53864749E-04   3.87880731E-03
     3     2.1544E+05  -9.93909728E+02 +/-   1.53864726E-04   3.87880615E-03
     4     4.6416E+04  -9.93909728E+02 +/-   1.53864630E-04   3.87880129E-03
     5     1.0000E+04  -9.93909728E+02 +/-   1.53864407E-04   3.87879006E-03
     6     2.1544E+03  -9.93909727E+02 +/-   1.53868205E-04   3.87898157E-03
     7     4.6416E+02  -9.93909719E+02 +/-   1.53992056E-04   3.88522859E-03
     8     1.0000E+02  -9.93909439E+02 +/-   1.58243942E-04   4.10274123E-03
     9     2.1544E+01  -9.93876777E+02 +/-   4.38503153E-04   3.15039769E-02
    10     4.6416E+00  -9.92112608E+02 +/-   2.70744282E-03   1.20098760E+00
    11     1.0000E+00  -9.90678861E+02 +/-   3.20293659E-03   1.68080225E+00
    12     2.1544E-01  -9.90675433E+02 +/-   3.20750257E-03   1.68559784E+00
    13     4.6416E-02  -9.90675425E+02 +/-   3.21066513E-03   1.68892344E+00
    14     1.0000E-02  -9.90675426E+02 +/-   3.21159038E-03   1.68989700E+00
    15     2.1544E-03  -9.90675426E+02 +/-   3.21179780E-03   1.69011530E+00
    16     4.6416E-04  -9.90675426E+02 +/-   3.21184271E-03   1.69016256E+00
    17     1.0000E-04  -9.90675426E+02 +/-   3.21185240E-03   1.69017276E+00
    18     2.1544E-05  -9.90675426E+02 +/-   3.21185448E-03   1.69017495E+00
    19     4.6416E-06  -9.90675426E+02 +/-   3.21185493E-03   1.69017543E+00
    20     1.0000E-06  -9.90675426E+02 +/-   3.21185503E-03   1.69017553E+00
    21     0.0000E+00  -9.90675426E+02 +/-   3.21185506E-03   1.69017556E+00
* Iteration # 1: E =  -9.939097277051E+02 +/-   1.538644070055E-04
* Convergence: exiting.
* After optimization:
  -2.1446E+01  -2.1162E+01  -2.1419E+01  -2.1137E+01  -2.1562E+01  -2.1121E+01
  -2.0861E+01   2.1092E+00   1.9779E+00   1.1234E+00   1.0795E+00   2.3881E+00
   2.7294E+00   2.2949E+00   2.3030E+00   1.4613E+00   1.4365E+00   1.4884E+00
   1.4598E+00   2.1480E+00   2.1467E+00   1.4821E+00   1.4423E+00   1.3928E+00
   1.4464E+00   1.1506E+00   1.3963E+00   1.3942E+00   1.3742E+00   1.3062E+00
   1.2991E+00   2.2027E+00   2.2019E+00   1.8190E+00   1.8186E+00   1.4706E+00
   1.4730E+00   6.7827E-01   6.7638E-01   1.1300E+00   1.1297E+00   1.1359E+00
   1.1352E+00   1.1193E+00   1.1192E+00   2.3386E+00   2.3332E+00   8.1796E-01
   8.1372E-01   1.5980E+00   1.6095E+00   1.9775E+00   1.9753E+00   1.0670E+00
   1.0670E+00   1.4660E+00   1.4674E+00   1.1488E+00   1.1489E+00   1.1226E+00
   6.2616E-01   6.2573E-01   1.7093E+00   1.6915E+00   6.5593E-01   6.5503E-01
   1.4414E+00   1.4418E+00   5.1073E-01   5.0767E-01   9.2749E-01   9.2738E-01
   8.0746E-02   5.6676E-01   5.6641E-01   7.0455E-01   7.0370E-01   1.0663E-01
   9.5322E-01   9.5072E-01   8.4849E-01   8.4666E-01   1.5411E+00   1.5425E+00
   6.6956E-01   6.6954E-01   9.6222E-01   9.6233E-01   7.3484E-01   7.3218E-01
   9.7825E-01   9.7877E-01   1.4626E-01   1.4566E-01   1.6461E-01   1.6364E-01
   4.4010E-01   4.3985E-01   8.7410E-01   8.7087E-01   9.4101E-01   9.3986E-01
   9.2504E-01   9.2343E-01   6.6321E-02   6.4461E-02   4.4608E-01   4.4636E-01
   4.8615E-02   4.6659E-02   6.1902E-01   6.1655E-01   4.0677E-01   4.0575E-01
   5.4556E-01   5.4589E-01   8.6008E-01   2.5415E-01  -3.9816E-01  -3.9907E-01
   4.7996E-01   4.7893E-01   7.2478E-01   7.2424E-01   8.5692E-01   1.0973E-01
   1.0873E-01   1.2434E-01   1.2344E-01  -2.2006E-02  -2.2519E-02   4.1316E-01
   4.1047E-01  -2.4237E-02  -2.5026E-02   9.9839E-02   1.0091E-01  -3.9187E-01
  -3.9211E-01   4.2438E-01   4.2348E-01   3.9603E-02   3.8541E-02   1.5197E+00
   1.5227E+00   5.5151E-01   5.5231E-01   2.3840E-01  -2.7928E-01  -2.8026E-01
  -2.7179E-01  -2.7278E-01   4.8422E-01   4.8332E-01   4.3421E-02   4.2955E-02
  -7.7165E-01  -3.8668E-01  -3.8643E-01   2.1006E-03   4.2166E-01   4.2140E-01
  -3.8439E-01  -3.8403E-01  -7.6855E-01   1.0323E-01   1.0431E-01   5.8506E-01
   5.8025E-01   5.8397E-01   5.8011E-01   5.8522E-01   5.7980E-01   3.5646E+00
  -5.7680E+00   1.7945E+00  -2.9220E+00   4.0225E+00  -5.1058E+00  -1.4001E+00
  -1.0241E+00  -1.2111E+01   9.3735E+00  -6.8053E+00   4.3772E+00  -2.5065E-01
  -1.3043E+00  -1.3735E+00  -1.8976E-01  -1.7665E+00  -4.0259E-01   1.2637E+00
  -2.7878E+00  -4.3189E+00   2.9303E+00  -1.2752E+00  -1.7301E-01   8.7834E+00
  -9.9338E+00  -2.7240E+00   1.3406E+00  -4.2425E+00   2.8815E+00   3.7977E+00
  -5.0902E+00  -6.5524E+00   4.3449E+00  -1.6018E+00  -2.1433E-01  -3.8047E+00
   2.3297E+00   3.1540E+00  -3.8351E+00   1.4473E+00  -2.5734E+00  -1.1876E+00
   5.5441E-02  -7.1622E-02  -1.0428E+00  -6.5836E+00   4.2762E+00   3.1262E+00
  -3.9099E+00  -3.8355E+00   2.2616E+00  -6.6177E+00   4.6482E+00   3.8843E+00
  -4.9539E+00  -7.8673E+00   6.4020E+00  -2.6387E+00   1.4869E+00  -4.1580E+00
   3.0312E+00   2.1491E-01  -8.3919E-01   3.7556E+00  -5.4394E+00   6.2177E-01
  -1.2773E+00  -1.0501E+00  -3.8897E-01   6.7310E+00  -7.2402E+00  -4.5927E+00
   3.6654E+00   4.6020E+00  -4.6829E+00   2.6381E+00  -3.2041E+00   1.8269E-01
  -8.9570E-01   4.5954E+00  -4.6988E+00  -4.5996E+00   3.6504E+00   1.8056E+00
  -2.6530E+00  -7.8976E+00   6.3483E+00  -2.3495E+00   1.6799E+00  -7.5723E+00
   6.6099E+00   5.8940E-01  -1.3291E+00  -7.5776E+00   6.5978E+00   2.0291E+00
  -2.1745E+00   2.0226E+00  -2.1874E+00  -3.1974E+00   2.7574E+00   1.7991E+00
  -2.6704E+00  -2.2994E+00   1.3588E+00  -2.2952E+00   1.3704E+00   5.8972E+00
  -5.9633E+00  -3.1992E+00   2.7538E+00   5.9033E+00  -5.9516E+00   2.6230E+00
  -3.2398E+00   9.6856E-01  -1.3743E+00  -5.7906E+00   5.2446E+00  -1.1027E+01
   1.0167E+01  -5.6249E-01   3.0916E-01   7.2774E+00  -6.8791E+00  -2.0307E+00
   1.5509E+00  -2.3637E+00   1.6405E+00  -1.1025E+01   1.0169E+01   2.9101E+00
  -3.0188E+00   2.9063E+00  -3.0294E+00   2.3343E+00  -2.3112E+00   9.6699E-01
  -1.3785E+00   2.3348E+00  -2.3100E+00  -2.6813E-01   1.6744E-01   7.2751E+00
  -6.8836E+00  -5.5099E+00   5.0865E+00  -5.6145E-01   5.2286E-01  -1.0839E+00
  -4.4602E-01  -5.7933E+00   5.2408E+00  -5.5802E-01   3.1966E-01   4.6778E+00
  -4.3979E+00   4.6751E+00  -4.4024E+00  -2.0324E+00   1.5481E+00  -5.6389E-01
   5.1999E-01   9.8983E+00  -9.1272E+00   4.9498E+00  -4.5632E+00  -1.3464E-03
  -1.8297E-03  -5.5095E+00   5.0872E+00   4.9487E+00  -4.5644E+00   9.8969E+00
  -9.1290E+00  -2.7000E-01   1.6555E-01   6.7017E+00  -7.2859E+00   6.7023E+00
  -7.2860E+00   6.7020E+00  -7.2863E+00   9.1733E-01   8.0037E-01   9.1692E-01
   7.4937E-01   1.0297E+00   7.3187E-01   7.5795E-01  -7.4840E-02  -2.0684E-01
  -2.2371E-01  -1.6841E-01  -1.2570E-01  -8.5919E-02  -1.6884E-01  -1.6947E-01
  -1.1679E-01  -1.4861E-01  -8.3218E-02  -8.0716E-02  -3.2204E-02   3.7155E-02
   3.3892E-02   3.1084E-02  -2.8552E-02  -2.6489E-03  -2.4107E-02  -3.6922E-02
   2.1448E-02   2.6263E-02   3.9541E-02   8.4081E-02   4.0686E-02   1.5434E-02
   3.1273E-02  -2.5175E-02  -2.8870E-02  -3.6567E-02  -4.6827E-02  -2.5663E-02
   6.5245E-02  -1.9678E-02  -2.8819E-02  -7.1973E-03   5.1092E-04   4.9519E-03
  -1.3000E-02   6.9527E-03   3.1809E-02   2.5931E-02   5.1726E-03   7.0895E-03
  -1.7679E-02  -1.5724E-02   7.8322E-03  -5.5744E-03  -1.5058E-02  -3.6594E-03
   1.3786E-04   2.7973E-02  -2.0665E-02  -2.7072E-02  -6.1641E-03   1.4075E-02
  -7.9248E-03   2.7891E-02   2.4576E-04  -7.1580E-03   6.3173E-03  -1.2869E-02
  -5.1710E-03  -1.2476E-02   2.4158E-02   3.0951E-03  -3.5712E-03  -9.4185E-03
   1.8098E-03   8.9983E-03   8.4403E-03  -4.7934E-03  -1.3096E-02  -1.7847E-03
   1.1434E-03  -2.4252E-02  -7.6318E-03  -4.1564E-03   8.3120E-04  -2.3341E-03
  -1.2100E-02  -5.5415E-04   2.0475E-03  -6.4009E-03   6.7630E-03   4.1964E-03
   6.2750E-03   5.3791E-03   3.9499E-03  -1.5698E-02  -1.5542E-02  -1.6960E-02
   1.9260E-03   2.1490E-01  -4.0073E-02  -3.7205E-02   7.8819E-02   3.4538E-03
   6.0848E-02   8.1690E-03  -1.1432E-02   4.7131E-02  -1.9470E-02  -6.0966E-02
  -6.1108E-02  -7.0534E-02   8.5644E-02   8.6241E-02   4.5457E-02  -2.4502E-02
   6.8928E-03  -4.8265E-02  -4.8161E-02   2.1250E-02   2.7167E-02   2.7405E-02
  -5.5290E-03   2.9417E-02   3.8844E-02   2.3002E-02  -1.5047E-02  -1.7401E-02
  -2.5514E-02  -3.2465E-02  -1.9516E-02   5.1389E-02  -1.5257E-02  -2.5948E-02
  -4.2557E-03  -1.4049E-02  -1.6834E-02  -6.1634E-03  -1.9952E-02   4.3316E-02
   3.2353E-02  -1.0045E-02  -3.4172E-02  -1.3278E-02  -1.4578E-02  -1.3635E-02
  -1.7708E-02  -1.0598E-02  -1.4924E-02  -8.7904E-03   2.0391E-02  -1.3999E-02
  -2.1705E-02  -1.0841E-02   1.4421E-02  -5.4383E-03   1.1714E-02  -7.4386E-03
  -9.5256E-03   1.2981E-02  -1.1080E-02  -2.2861E-03  -1.0877E-02   3.2373E-02
  -7.3802E-03   6.0740E-04  -2.8340E-03   1.2324E-02   1.2642E-02  -1.8114E-03
  -4.9028E-03  -7.8319E-03   1.8180E-03   1.3842E-03  -3.2187E-02  -6.4985E-03
  -5.2594E-03   1.5637E-03  -6.8178E-03  -8.4024E-03  -1.7324E-03   1.9353E-03
  -5.0071E-03   6.3362E-03  -2.5985E-03  -2.4005E-04   9.1480E-04  -4.6414E-04
   2.1432E-02   2.1698E-02   2.0928E-02  -2.7445E-03  -5.2537E-02  -2.0160E-01
  -2.1287E-01  -1.5906E-01  -1.4906E-01  -6.6681E-02  -1.4528E-01  -1.5298E-01
  -1.5880E-01  -1.3985E-01  -7.3612E-02  -7.5276E-02  -2.5036E-02  -1.5856E-02
  -2.2971E-02  -6.8017E-03  -1.6023E-02  -1.4016E-02   1.0639E-03  -5.2815E-03
   9.7011E-03   9.5598E-03   3.1818E-02   8.6488E-02   6.3885E-02   3.4051E-02
   2.6997E-02  -2.8720E-02  -2.4641E-02  -3.4283E-02  -4.1113E-02  -1.8229E-02
   1.4000E-02  -1.1403E-02  -1.9974E-02  -5.2947E-04   2.4096E-03   5.6299E-03
  -1.9038E-02   1.5409E-02   2.2833E-02   2.6725E-02   5.1530E-03   1.4259E-02
  -1.8582E-02  -1.4374E-02   1.0739E-02  -2.3916E-03  -1.2667E-02  -2.9665E-03
  -1.3178E-03   2.3511E-02  -1.5008E-02  -2.0794E-02  -2.8192E-03   1.3837E-02
  -7.4147E-03   3.3594E-02   1.0686E-03  -7.1217E-03   1.7048E-03  -1.2372E-02
  -3.3745E-03  -7.1286E-03   2.4915E-02   2.0488E-03  -6.4170E-03  -1.2282E-02
  -3.6230E-03   6.5262E-03   5.3481E-03  -4.2225E-03  -8.3719E-03  -1.8085E-04
  -1.9379E-03  -2.0085E-02  -6.4608E-03  -1.5516E-03   1.2457E-03   2.4263E-03
  -6.7427E-03  -2.6038E-03  -5.9530E-03   1.3098E-03   4.2774E-03   8.3899E-03
   9.4798E-03   6.1106E-03   2.5788E-03  -2.5181E-02  -2.4823E-02  -2.5295E-02
  -4.6962E-03   1.2825E-01  -5.5604E-02  -4.7346E-02   2.3674E-02  -1.7390E-02
   4.4821E-03  -5.1022E-02  -6.3346E-02   1.5021E-02  -5.6333E-02  -5.9037E-02
  -5.8579E-02  -8.5796E-02   5.6620E-02   5.4493E-02   2.0580E-02  -1.5470E-02
   1.8227E-03  -3.2145E-02  -2.5685E-02   1.2139E-02   1.4572E-02   2.0814E-02
  -8.7178E-03   5.3674E-02   6.2454E-02   1.8009E-02  -1.5595E-02  -1.3649E-02
  -2.1603E-02  -2.3827E-02  -1.4507E-02   1.8212E-02  -1.0662E-02  -1.8592E-02
   1.3276E-03  -1.3302E-02  -1.7356E-02  -9.2738E-03  -1.3674E-02   3.5318E-02
   3.4487E-02  -1.0057E-02  -3.6597E-02  -1.3649E-02  -1.2996E-02  -1.2298E-02
  -1.6595E-02  -9.1821E-03  -1.4345E-02  -1.1137E-02   1.2304E-02  -7.6443E-03
  -1.5641E-02  -7.8074E-03   1.4056E-02  -4.1126E-03   1.4226E-02  -5.9126E-03
  -1.0921E-02   1.2066E-02  -1.4029E-02  -9.3671E-04  -6.7495E-03   3.6952E-02
  -1.2210E-02  -5.9500E-04  -3.9261E-03   6.8234E-03   9.7451E-03  -2.7409E-03
  -5.3110E-03  -3.3437E-03   4.6976E-03  -7.0384E-04  -2.8662E-02  -4.1803E-03
  -5.2295E-03   1.0348E-03  -3.1400E-03  -2.5392E-03  -4.9963E-03  -8.7175E-03
   8.2420E-04   9.8636E-04   1.4588E-03   2.8515E-03   1.6114E-03  -8.7641E-04
   1.8538E-02   1.9348E-02   1.8241E-02  -6.2796E-03
  > Energy =  -9.939097277051E+02 +/-   1.538644070055E-04
  > varE =   3.878790060958E-03

VMC #20:
* Size of Hilbert space =   1.0817E+14
* Number of equil. steps   = 1000
* Running VMC equilibration.
  Done. [total walltime: 0.34s]
* Equil. acc.ratio (%)     =  11.9446
* Sample config after equilibration:
  +-------------------------+
  |  2   d   u   2   u   2  |
  |0   u   2   0   d   0   0|
  |u   u   0   u   u   u   2|
  |  d   d   d   d   d   d  |
  +-------------------------+
* Number of accum. steps   = 655360 x 10
* Running VMC accumulation.
  Done. [total walltime: 2.28s]
* Acceptance ratio (%)     =  11.8986
* Etot/t                   =  -9.939097189714E+02 +/-   8.287885396380E-05
  > Ttot/t                 =  -9.591145241715E+01 +/-   9.276373169988E-04
  > Utot/t                 =   4.230988789662E+01 +/-   9.179966585689E-04
* var[Eloc/t]              =   4.036872557859E-03 +/-   5.875991404374E-05
* Correlation length       =   1.115121952843E+00
* log10 Psi^2 range: -132.9144916202006 -- -120.8886684478148
* log10 Pgen range : -132.9144916202006 -- -120.8886684478148
* Site occupation (ave. no. electrons per config.):
  > Site_  ___eu____  ___ed____
      1        0.495      0.498
      2        0.497      0.493
      3        0.498      0.498
      4        0.499      0.496
      5        0.504      0.503
      6        0.500      0.501
      7        0.504      0.502
      8        0.498      0.501
      9        0.497      0.500
     10        0.498      0.498
     11        0.498      0.500
     12        0.500      0.503
     13        0.502      0.502
     14        0.505      0.503
     15        0.502      0.505
     16        0.498      0.499
     17        0.498      0.502
     18        0.502      0.502
     19        0.499      0.499
     20        0.504      0.501
     21        0.503      0.504
     22        0.504      0.498
     23        0.498      0.497
     24        0.499      0.499
     25        0.498      0.496
     26        0.502      0.501
* Pair-correlation analysis (ave. no. pairs per config.):
  > Shell  nsite  ___dh____  __eueu___  __eued___
      0      1        0          0          4.497
      1      0        0.919      0.500      2.599
      2      0        0.135      0.355      0.529
      3      0        0.265      0.722      1.062
      4      0        0.226      0.766      1.064
      5      0        0.252      0.737      1.054
      6      0        0.759      0.847      2.433
      7      0        0.670      1.053      2.344
      8      0        0.599      1.220      2.255
      9      0        0.447      1.553      2.092
     10      0        0.529      1.386      2.181
     11      0        0.137      0.817      1.161
     12      0        0.137      0.832      1.142
     13      0        0.138      0.858      1.088
     14      0        0.225      2.113      1.914
     15      0        0.111      1.063      0.956
     16      0        0.224      2.086      1.914
     17      0        0.261      1.903      2.054
     18      0        0.236      2.049      1.938
     19      0        0.295      1.874      2.054
     20      0        0.305      1.869      2.054
     21      0        0.242      2.097      1.922
     22      0        0.240      2.116      1.907
     23      0        0.242      2.132      1.894
     24      0        0.237      2.095      1.917
     25      0        0.276      2.082      1.900
     26      0        0.267      2.083      1.904
     27      0        0.236      2.135      1.881
     28      0        0.216      1.955      2.059
     29      0        0.239      2.060      1.945
     30      0        0.215      1.948      2.097
     31      0        0.110      0.971      1.051
     32      0        0.244      2.055      1.959
     33      0        0.213      2.134      1.894
     34      0        0.249      2.034      1.962
     35      0        0.221      2.073      1.952
     36      0        0.246      2.017      1.963
     37      0        0.283      1.934      2.012
     38      0        0.143      0.970      1.011
     39      0        0.218      1.983      2.032
     40      0        0.258      1.904      2.083
     41      0        0.140      1.011      0.976
     42      0        0.277      2.014      1.945
     43      0        0.255      1.953      2.032
     44      0        0.258      1.870      2.103
     45      0        0.214      1.995      2.050
     46      0        0.238      2.025      1.981
     47      0        0.255      1.932      2.054
     48      0        0.241      1.964      2.034
     49      0        0.247      2.023      1.981
     50      0        0.250      1.972      2.028
     51      0        0.278      1.959      2.000
     52      0        0.248      2.035      1.965
     53      0        0.221      1.972      2.056
     54      0        0.220      2.045      1.987
     55      0        0.248      1.970      2.001
     56      0        0.274      2.004      1.961
     57      0        0.249      1.999      1.972
     58      0        0.217      2.037      1.980
     59      0        0.251      1.976      2.011
     60      0        0.241      2.011      1.988
     61      0        0.137      0.993      0.983
     62      0        0.109      1.019      1.001
     63      0        0.245      1.996      1.986
     64      0        0.219      2.028      2.004
     65      0        0.216      2.057      1.983
     66      0        0.136      0.983      0.995
     67      0        0.217      2.000      2.016
     68      0        0.215      2.023      1.996
     69      0        0.251      2.008      1.984
     70      0        0.254      2.005      1.974
     71      0        0.250      1.985      2.007
     72      0        0.216      2.022      2.011
     73      0        0.249      1.979      1.998
     74      0        0.246      1.994      1.991
     75      0        0.240      1.991      1.982
     76      0        0.246      1.837      2.144
     77      0        0.240      1.986      2.015
     78      0        0.109      1.002      1.016
     79      0        0.218      2.003      2.008
     80      0        0.219      2.007      2.002
     81      0        0.218      1.998      2.035
     82      0        0.241      1.987      1.988
     83      0        0.107      0.993      1.003
     84      0        0.221      2.008      1.991
     85      0        0.111      1.005      1.004
     86      0        0.245      1.986      2.000
     87      0        0.220      2.000      2.002
     88      0        0.109      0.997      0.996
     89      0        0.218      2.009      2.020
     90      0        0.127      0.975      1.007
     91      0        0.063      0.488      0.507
     92      0        0.063      0.486      0.507
     93      0        0.110      1.002      1.008

VDAGGER finished.
Total VDAGGER walltime: 21h43m

Run ended: Tue Jan  6 09:13:20 CET 2026
                                  
================================= 
Global information about the job: 
================================= 
  
Job owner: mdimauro(31184)
Job name:  vd[n
Node list: vipc[2001-2017,2019-2036,2038-2048,2077,2097-2100,2103-2111,2118-2130,2135,2138-2141,2144-2153,2155-2156,2161-2181,2193,2195-2224,2226-2278,2280-2301,2304-2309,2318,2330-2331,2333,2335,2337-2345,2353-2354,2356-2358,2360-2363,2367,2369-2375,2382-2383]
Job start: Mon Jan  5 11:30:10 CET 2026
Job end:   Tue Jan  6 09:13:20 CET 2026
Work dir:  /viper/u1/mdimauro/calcs/vmc/polyacenes/06-hexacene/11-sjb1
Command:   /viper/u1/mdimauro/calcs/vmc/polyacenes/06-hexacene/11-sjb1/vdagger
  
  
  
==========================================================================================
Information on jobsteps (Note: MaxRSS/AveRSS is the maximum/average over all 
tasks of the per-task memory high-water marks; cf. "man sacct"): 
==========================================================================================
  
JobID            JobName NNodes NTasks  NCPUS       MaxRSS       AveRSS    Elapsed ExitCode
------------- ---------- ------ ------ ------ ------------ ------------ ---------- --------
5370914          vd[n=6]    256         65536                             21:43:10      0:0
5370914.0        vdagger    256  32768  65536      703.48M      352.12M   21:43:07      0:0
  
Maximum memory per node: 94.419419 GB (defined as MaxRSS*Ntasks/NNodes)
CPU utilization: 98.6 %
  
