Run started: Thu Dec 25 11:38:05 CET 2025
Using VDAGGER_ARCH = intel24_viper_cluster
Running 1x128 MPI processes.

                               xx
                              +##
                               #X
                               Xx
                          X##XxXxxX##x
                           +   Xx  ++
                               ##
                              +##
                              +##
     ++++         ++          +##
   xX+++##+      ####         +##
  Xx    ###      +X##          ##
 xX    X##+        ##          #X
 +    x##X         #x          #X
      ###         +#           x+
     X##+         #+
     ###         Xx                    _______
     ##X       +X+   __________________VDAGGER
     +##x    +xX     2nd quantized variational
       +xxxxx+       ______quantum Monte Carlo

* Running 32768 MPI processes.
* Input file: "input.casl"

############# Start of input file dump #############
############## End of input file dump ##############

General setup:
* Random seed: 1420427826 (from timer)

* Loaded integrals for system with nelec=26, ms2=0, norb=26
* INFO: setting number of electrons from integrals file.
* Analysis of Hamiltonian connecitivity performed:
  - T_ii (local, 1-site): 26 (i) values
  - U_iiii [opp] (local, 1-site): 26 (i) values
  - U_kkii [opp] (local, 2-site): 650 contribs. from 26 (i) values
  - U_kkii [par] (local, 2-site): 325 contribs. from 25 (i) values
  - T_ji (single, 2-site): 650 contribs. from 26 (i) values
  - U_kkji [opp] (single, 2/3-site): 16256 contribs. from 650 (i,j) pairs
  - U_kkji [par] (single, 3-site): 15630 contribs. from 650 (i,j) pairs
  - U_lkji [opp] (double, 2/3/4-site): 62764 contribs. from 650 (i,j) pairs
  - U_lkji [par] (double, 4-site): 22996 contribs. from 600 (i,j) pairs
  - Max. no. wfn. ratios in Eloc: 16925
* Reading override orbitals from file "LTSC.mat".
* Site labels:
  +--------------------------------------+
  |    8     7     5    14    12    10   |
  |26     9    23     1     4    24    18|
  |22     2    16     3    11    25     6|
  |   17    15    13    21    20    19   |
  +--------------------------------------+
* Automatically set Site kinds:
  [ 1, 2, 1, 3, 4, 5, 6, 7, 2, 7, 3, 6, 4, 4, 6, 3, 7, 5, 7, 6, 4, 5, 3, 2, 2, 5 ]
  +-------------------------+
  |  7   6   4   4   6   7  |
  |5   2   3   1   3   2   5|
  |5   2   3   1   3   2   5|
  |  7   6   4   4   6   7  |
  +-------------------------+
* Maximum Site kind: 7
* Number of site-pair kinds with Tij=0: 0
* Automatically set Site pair kinds:
  Site 1: [ 0, 37, 2, 25, -8, 59, -47, 55, -42, -55, -20, -47, -22, -8, -34, -20, 57, -70, -57, 34, 22, 59, 25, 42, -37, 70 ]
  Site 2: [ 37, 0, 42, -51, 29, -74, 27, 18, -5, 75, 56, 60, 44, -46, 6, 26, 9, 86, 82, -77, 48, -24, -19, -66, 61, -17 ]
  Site 3: [ 2, 42, 0, 20, -22, 70, -34, 57, -37, -57, -25, -34, -8, -22, -47, -25, 55, -59, -55, 47, 8, 70, 20, 37, -42, 59 ]
  Site 4: [ 25, -51, 20, 0, -40, -43, 50, -73, 56, -90, -3, -10, -32, -7, 49, 38, -63, 52, 36, 21, 23, -71, -41, -26, 19, -69 ]
  Site 5: [ -8, 29, -22, -40, 0, -64, 14, -58, -44, 68, 32, -65, 11, 15, -30, 23, 39, 81, 67, -45, 31, 54, -7, -48, 46, 53 ]
  Site 6: [ 59, -74, 70, -43, -64, 0, 72, -84, 86, 33, 52, -35, -81, 54, 89, 69, -87, -4, 1, 76, -53, -85, -71, -17, 24, -93 ]
  Site 7: [ -47, 27, -34, 50, 14, 72, 0, 16, -6, -80, -49, -62, -30, -65, 12, 21, -28, -89, -79, 78, -45, -35, -10, 77, -60, -76 ]
  Site 8: [ 55, 18, 57, -73, -58, -84, 16, 0, -9, 88, 63, 80, 39, -68, -28, 36, 13, 87, 83, -79, 67, -33, 92, -82, 75, -1 ]
  Site 9: [ -42, -5, -37, 56, -44, 86, -6, -9, 0, -82, -51, -77, -29, 48, -27, -19, -18, -74, -75, 60, -46, 17, 26, 61, -66, 24 ]
  Site 10: [ -55, 75, -57, -90, 68, 33, -80, 88, -82, 0, -36, -16, 67, 58, -79, -63, 83, -1, 13, -28, 39, 84, 73, -9, 18, 87 ]
  Site 11: [ -20, 56, -25, -3, 32, 52, -49, 63, -51, -36, 0, 21, 40, 23, -50, -41, 73, -43, 90, -10, -7, 69, 38, 19, -26, 71 ]
  Site 12: [ -47, 60, -34, -10, -65, -35, -62, 80, -77, -16, 21, 0, 45, 14, -78, -49, 79, 76, 28, -12, 30, 72, 50, 6, -27, 89 ]
  Site 13: [ -22, 44, -8, -32, 11, -81, -30, 39, -29, 67, 40, 45, 0, -31, 14, 7, -58, 64, 68, 65, -15, 53, -23, -46, 48, 54 ]
  Site 14: [ -8, -46, -22, -7, 15, 54, -65, -68, 48, 58, 23, 14, -31, 0, 45, 32, -67, -53, -39, 30, -11, -64, -40, 44, -29, -81 ]
  Site 15: [ -34, 6, -47, 49, -30, 89, 12, -28, -27, -79, -50, -78, 14, 45, 0, 10, 16, -72, -80, 62, 65, -76, -21, 60, -77, -35 ]
  Site 16: [ -20, 26, -25, 38, 23, 69, 21, 36, -19, -63, -41, -49, 7, 32, 10, 0, -91, -71, -73, 50, -40, 52, -3, 51, -56, 43 ]
  Site 17: [ 57, 9, 55, -63, 39, -87, -28, 13, -18, 83, 73, 79, -58, -67, 16, -91, 0, 84, 88, -80, 68, -1, -36, -75, 82, -33 ]
  Site 18: [ -70, 86, -59, 52, 81, -4, -89, 87, -74, -1, -43, 76, 64, -53, -72, -71, 84, 0, -33, -35, 54, 93, 69, 24, -17, 85 ]
  Site 19: [ -57, 82, -55, 36, 67, 1, -79, 83, -75, 13, 90, 28, 68, -39, -80, -73, 88, -33, 0, 16, -58, 87, 63, -18, 9, 84 ]
  Site 20: [ 34, -77, 47, 21, -45, 76, 78, -79, 60, -28, -10, -12, 65, 30, 62, 50, -80, -35, 16, 0, 14, -89, -49, -27, 6, -72 ]
  Site 21: [ 22, 48, 8, 23, 31, -53, -45, 67, -46, 39, -7, 30, -15, -11, 65, -40, 68, 54, -58, 14, 0, 81, 32, -29, 44, 64 ]
  Site 22: [ 59, -24, 70, -71, 54, -85, -35, -33, 17, 84, 69, 72, 53, -64, -76, 52, -1, 93, 87, -89, 81, 0, -43, -86, 74, 4 ]
  Site 23: [ 25, -19, 20, -41, -7, -71, -10, 92, 26, 73, 38, 50, -23, -40, -21, -3, -36, 69, 63, -49, 32, -43, 0, -56, 51, -52 ]
  Site 24: [ 42, -66, 37, -26, -48, -17, 77, -82, 61, -9, 19, 6, -46, 44, 60, 51, -75, 24, -18, -27, -29, -86, -56, 0, -5, -74 ]
  Site 25: [ -37, 61, -42, 19, 46, 24, -60, 75, -66, 18, -26, -27, 48, -29, -77, -56, 82, -17, 9, 6, 44, 74, 51, -5, 0, 86 ]
  Site 26: [ 70, -17, 59, -69, 53, -93, -76, -1, 24, 87, 71, 89, 54, -81, -35, 43, -33, 85, 84, -72, 64, 4, -52, -74, 86, 0 ]
  For site 1 of kind 1:
  +---------------------------------------------------+
  |     55     -47      -8      -8     -47     -55    |
  | 70     -42      25       0      25      42     -70|
  | 59      37     -20       2     -20     -37      59|
  |     57     -34     -22      22      34     -57    |
  +---------------------------------------------------+
  For site 2 of kind 2:
  +---------------------------------------------------+
  |     18      27      29     -46      60      75    |
  |-17      -5     -19      37     -51     -66      86|
  |-24       0      26      42      56      61     -74|
  |      9       6      44      48     -77      82    |
  +---------------------------------------------------+
  For site 4 of kind 3:
  +---------------------------------------------------+
  |    -73      50     -40      -7     -10     -90    |
  |-69      56     -41      25       0     -26      52|
  |-71     -51      38      20      -3      19     -43|
  |    -63      49     -32      23      21      36    |
  +---------------------------------------------------+
  For site 5 of kind 4:
  +---------------------------------------------------+
  |    -58      14       0      15     -65      68    |
  | 53     -44      -7      -8     -40     -48      81|
  | 54      29      23     -22      32      46     -64|
  |     39     -30      11      31     -45      67    |
  +---------------------------------------------------+
  For site 6 of kind 5:
  +---------------------------------------------------+
  |    -84      72     -64      54     -35      33    |
  |-93      86     -71      59     -43     -17      -4|
  |-85     -74      69      70      52      24       0|
  |    -87      89     -81     -53      76       1    |
  +---------------------------------------------------+
  For site 7 of kind 6:
  +---------------------------------------------------+
  |     16       0      14     -65     -62     -80    |
  |-76      -6     -10     -47      50      77     -89|
  |-35      27      21     -34     -49     -60      72|
  |    -28      12     -30     -45      78     -79    |
  +---------------------------------------------------+
  For site 8 of kind 7:
  +---------------------------------------------------+
  |      0      16     -58     -68      80      88    |
  | -1      -9      92      55     -73     -82      87|
  |-33      18      36      57      63      75     -84|
  |     13     -28      39      67     -79      83    |
  +---------------------------------------------------+
* Maximum (unsigned) Site pair kind: 93
General system setup:
* Number of sites       : 26
* Number of electrons   : 26
* Spin imbalance MS2    : 0
* Filling               : 0.500000
* Number of orbitals in pool: 26
* Using real-valued orbitals
* Using double-precision arithmetic for orbitals

Trial wave function setup:
* Jastrow parameter file: "wfn.casl"
* Not using multideterminants
* Backflow parameter file: "wfn.casl"
* Not using wave function manipulation

VMC #1:
* Size of Hilbert space =   1.0817E+14
* Number of equil. steps   = 1000
* Running VMC equilibration.
  Done. [total walltime: 0.34s]
* Equil. acc.ratio (%)     =  12.4024
* Sample config after equilibration:
  +-------------------------+
  |  d   0   d   0   u   d  |
  |u   2   2   u   d   d   u|
  |d   u   d   d   2   u   u|
  |  u   d   u   u   0   d  |
  +-------------------------+
* Number of accum. steps   = 524288 x 10
* Running VMC accumulation.
  Done. [total walltime: 1.82s]
* Acceptance ratio (%)     =  12.3744
* Etot/t                   =  -9.939095014453E+02 +/-   9.136022497548E-05
  > Ttot/t                 =  -9.591841036825E+01 +/-   1.050153440843E-03
  > Utot/t                 =   4.231706337387E+01 +/-   1.046167385183E-03
* var[Eloc/t]              =   3.979547066546E-03 +/-   4.073882060815E-05
* Correlation length       =   1.099640161183E+00
* log10 Psi^2 range: -129.4709683039047 -- -117.6720503241953
* log10 Pgen range : -129.4709683039047 -- -117.6720503241953
* Site occupation (ave. no. electrons per config.):
  > Site_  ___eu____  ___ed____
      1        0.497      0.502
      2        0.498      0.497
      3        0.497      0.494
      4        0.496      0.497
      5        0.504      0.501
      6        0.502      0.498
      7        0.502      0.501
      8        0.500      0.502
      9        0.495      0.499
     10        0.501      0.500
     11        0.501      0.496
     12        0.499      0.502
     13        0.504      0.504
     14        0.505      0.503
     15        0.504      0.500
     16        0.496      0.498
     17        0.497      0.502
     18        0.499      0.502
     19        0.497      0.503
     20        0.497      0.505
     21        0.505      0.508
     22        0.502      0.499
     23        0.499      0.496
     24        0.500      0.495
     25        0.501      0.496
     26        0.500      0.499
* Pair-correlation analysis (ave. no. pairs per config.):
  > Shell  nsite  ___dh____  __eueu___  __eued___
      0      1        0          0          4.511
      1      0        0.916      0.498      2.606
      2      0        0.135      0.358      0.530
      3      0        0.266      0.719      1.058
      4      0        0.224      0.766      1.060
      5      0        0.256      0.740      1.052
      6      0        0.763      0.837      2.432
      7      0        0.675      1.057      2.338
      8      0        0.604      1.229      2.254
      9      0        0.446      1.560      2.096
     10      0        0.529      1.384      2.167
     11      0        0.141      0.826      1.159
     12      0        0.139      0.828      1.136
     13      0        0.136      0.865      1.092
     14      0        0.228      2.112      1.914
     15      0        0.114      1.060      0.967
     16      0        0.223      2.086      1.914
     17      0        0.262      1.903      2.052
     18      0        0.238      2.053      1.946
     19      0        0.298      1.877      2.048
     20      0        0.306      1.872      2.052
     21      0        0.245      2.082      1.918
     22      0        0.247      2.115      1.911
     23      0        0.245      2.128      1.901
     24      0        0.235      2.098      1.915
     25      0        0.276      2.078      1.905
     26      0        0.269      2.078      1.907
     27      0        0.238      2.134      1.880
     28      0        0.218      1.956      2.055
     29      0        0.245      2.060      1.954
     30      0        0.217      1.953      2.092
     31      0        0.109      0.979      1.055
     32      0        0.251      2.055      1.954
     33      0        0.216      2.130      1.892
     34      0        0.249      2.031      1.960
     35      0        0.220      2.061      1.948
     36      0        0.247      2.022      1.964
     37      0        0.285      1.939      2.014
     38      0        0.144      0.961      1.012
     39      0        0.219      1.991      2.043
     40      0        0.263      1.907      2.081
     41      0        0.140      1.011      0.970
     42      0        0.277      2.018      1.951
     43      0        0.256      1.943      2.027
     44      0        0.261      1.878      2.107
     45      0        0.218      1.996      2.047
     46      0        0.244      2.027      1.992
     47      0        0.256      1.927      2.051
     48      0        0.249      1.973      2.035
     49      0        0.247      2.016      1.973
     50      0        0.247      1.966      2.021
     51      0        0.280      1.959      1.998
     52      0        0.248      2.025      1.960
     53      0        0.223      1.975      2.054
     54      0        0.221      2.049      1.988
     55      0        0.248      1.981      2.004
     56      0        0.279      1.998      1.960
     57      0        0.249      2.007      1.978
     58      0        0.219      2.042      1.989
     59      0        0.252      1.972      2.008
     60      0        0.242      2.011      1.983
     61      0        0.135      0.996      0.989
     62      0        0.108      1.009      0.999
     63      0        0.244      1.996      1.990
     64      0        0.220      2.026      2.010
     65      0        0.220      2.052      1.989
     66      0        0.136      0.985      0.997
     67      0        0.219      2.012      2.024
     68      0        0.218      2.030      2.007
     69      0        0.249      2.002      1.979
     70      0        0.252      2.001      1.979
     71      0        0.252      1.980      1.994
     72      0        0.218      2.006      2.007
     73      0        0.248      1.981      2.001
     74      0        0.245      1.996      1.991
     75      0        0.241      1.997      1.989
     76      0        0.245      1.831      2.133
     77      0        0.244      1.985      2.006
     78      0        0.109      0.999      1.010
     79      0        0.217      2.004      2.009
     80      0        0.221      2.008      1.997
     81      0        0.224      2.002      2.028
     82      0        0.244      1.988      1.998
     83      0        0.110      0.999      1.002
     84      0        0.219      2.006      2.001
     85      0        0.110      1.001      1.002
     86      0        0.246      1.988      1.994
     87      0        0.219      2.004      1.999
     88      0        0.108      1.000      1.003
     89      0        0.216      2.004      2.011
     90      0        0.127      0.975      1.010
     91      0        0.062      0.490      0.504
     92      0        0.062      0.490      0.505
     93      0        0.111      0.999      1.002

Optimization #1:
* Method          : lls
* Target function : energy
* No. of configs. : 131072
* No. of params.  : 736
* Before optimization:
  -2.0473E+01  -2.0265E+01  -2.0482E+01  -2.0293E+01  -2.0520E+01  -2.0290E+01
  -2.0105E+01   2.0136E+00   1.9074E+00   1.0924E+00   1.0604E+00   2.3035E+00
   2.6845E+00   2.2604E+00   2.2684E+00   1.4325E+00   1.4106E+00   1.4630E+00
   1.4455E+00   2.0902E+00   2.0940E+00   1.4321E+00   1.4017E+00   1.3521E+00
   1.3924E+00   1.0794E+00   1.3490E+00   1.3528E+00   1.3565E+00   1.2486E+00
   1.2412E+00   2.1398E+00   2.1378E+00   1.7615E+00   1.7594E+00   1.4269E+00
   1.4277E+00   6.4970E-01   6.4990E-01   1.0861E+00   1.0861E+00   1.1049E+00
   1.1037E+00   1.0875E+00   1.0830E+00   2.2780E+00   2.2623E+00   7.9170E-01
   7.8911E-01   1.5531E+00   1.5623E+00   1.9320E+00   1.9280E+00   1.0128E+00
   1.0134E+00   1.4281E+00   1.4271E+00   1.1041E+00   1.1064E+00   1.0993E+00
   6.0691E-01   6.0395E-01   1.6313E+00   1.6169E+00   6.2313E-01   6.2233E-01
   1.3820E+00   1.3846E+00   4.6068E-01   4.5560E-01   8.9689E-01   8.9746E-01
   6.3005E-02   5.2211E-01   5.2253E-01   6.8652E-01   6.8612E-01   9.2504E-02
   9.2077E-01   9.2105E-01   7.9416E-01   7.9158E-01   1.5028E+00   1.5029E+00
   6.4141E-01   6.4292E-01   9.3792E-01   9.3564E-01   6.9927E-01   6.9794E-01
   9.5640E-01   9.5491E-01   1.2782E-01   1.2644E-01   1.4832E-01   1.4515E-01
   4.2538E-01   4.2579E-01   8.1860E-01   8.1392E-01   8.9117E-01   8.8943E-01
   8.7768E-01   8.7658E-01   3.2639E-02   3.0578E-02   4.3285E-01   4.3306E-01
   1.3864E-02   1.3247E-02   5.6929E-01   5.6608E-01   3.7253E-01   3.6917E-01
   5.3139E-01   5.3094E-01   8.5001E-01   2.3822E-01  -4.0971E-01  -4.1189E-01
   4.5420E-01   4.5424E-01   6.9818E-01   6.9732E-01   8.4697E-01   8.3493E-02
   8.2887E-02   9.9063E-02   9.7184E-02  -3.4747E-02  -3.6488E-02   3.8015E-01
   3.7864E-01  -3.7427E-02  -3.7236E-02   9.1693E-02   9.1946E-02  -4.0678E-01
  -4.0569E-01   4.1714E-01   4.1718E-01   3.6251E-02   3.5142E-02   1.4578E+00
   1.4625E+00   5.3837E-01   5.3937E-01   2.1831E-01  -2.8998E-01  -2.8914E-01
  -2.8128E-01  -2.8205E-01   4.5987E-01   4.5750E-01   3.6398E-02   3.6994E-02
  -7.7240E-01  -3.8746E-01  -3.8783E-01   2.9939E-03   4.1731E-01   4.1759E-01
  -3.8392E-01  -3.8452E-01  -7.7023E-01   9.4558E-02   9.4100E-02   5.2699E-01
   5.2335E-01   5.2763E-01   5.2331E-01   5.2624E-01   5.2293E-01   3.6321E+00
  -5.6867E+00   1.7941E+00  -2.8826E+00   4.0077E+00  -5.0628E+00  -1.3527E+00
  -9.6376E-01  -1.2114E+01   9.4262E+00  -6.8050E+00   4.4376E+00  -2.5060E-01
  -1.2583E+00  -1.3852E+00  -1.4779E-01  -1.7681E+00  -3.4216E-01   1.2549E+00
  -2.7259E+00  -4.3199E+00   2.9752E+00  -1.2763E+00  -1.1511E-01   8.7962E+00
  -9.8624E+00  -2.7305E+00   1.3884E+00  -4.2660E+00   2.9192E+00   3.7943E+00
  -5.0315E+00  -6.5407E+00   4.3993E+00  -1.6057E+00  -1.5607E-01  -3.8125E+00
   2.3831E+00   3.1431E+00  -3.7959E+00   1.4371E+00  -2.5216E+00  -1.1963E+00
   9.3173E-02  -8.1905E-02  -1.0013E+00  -6.5745E+00   4.3297E+00   3.1140E+00
  -3.8731E+00  -3.8468E+00   2.3173E+00  -6.6258E+00   4.7004E+00   3.8812E+00
  -4.8959E+00  -7.8769E+00   6.4490E+00  -2.6427E+00   1.5378E+00  -4.1707E+00
   3.0690E+00   1.9808E-01  -8.0084E-01   3.7691E+00  -5.3857E+00   6.1203E-01
  -1.2358E+00  -1.0428E+00  -3.3936E-01   6.7272E+00  -7.1848E+00  -4.6040E+00
   3.7076E+00   4.5808E+00  -4.6462E+00   2.6339E+00  -3.1543E+00   1.6371E-01
  -8.5542E-01   4.5704E+00  -4.6615E+00  -4.6121E+00   3.6922E+00   1.8138E+00
  -2.6063E+00  -7.9041E+00   6.3973E+00  -2.3626E+00   1.7207E+00  -7.5891E+00
   6.6514E+00   5.8197E-01  -1.2856E+00  -7.5966E+00   6.6412E+00   2.0120E+00
  -2.1386E+00   2.0045E+00  -2.1512E+00  -3.2181E+00   2.7913E+00   1.8072E+00
  -2.6209E+00  -2.2927E+00   1.4003E+00  -2.2888E+00   1.4121E+00   5.8892E+00
  -5.9202E+00  -3.2213E+00   2.7887E+00   5.8959E+00  -5.9075E+00   2.6219E+00
  -3.1871E+00   9.6770E-01  -1.3413E+00  -5.8055E+00   5.2751E+00  -1.1049E+01
   1.0198E+01  -5.7550E-01   3.3665E-01   7.2558E+00  -6.8445E+00  -2.0372E+00
   1.5831E+00  -2.3797E+00   1.6831E+00  -1.1046E+01   1.0199E+01   2.8944E+00
  -2.9764E+00   2.8897E+00  -2.9878E+00   2.3243E+00  -2.2883E+00   9.6684E-01
  -1.3455E+00   2.3229E+00  -2.2860E+00  -2.7699E-01   1.8627E-01   7.2563E+00
  -6.8486E+00  -5.5204E+00   5.1046E+00  -5.8300E-01   5.4981E-01  -1.0728E+00
  -3.9327E-01  -5.8090E+00   5.2720E+00  -5.6978E-01   3.4835E-01   4.6586E+00
  -4.3704E+00   4.6554E+00  -4.3755E+00  -2.0381E+00   1.5790E+00  -5.8584E-01
   5.4867E-01   9.8786E+00  -9.1065E+00   4.9396E+00  -4.5510E+00  -1.8156E-03
  -2.0752E-03  -5.5221E+00   5.1032E+00   4.9362E+00  -4.5530E+00   9.8753E+00
  -9.1031E+00  -2.7820E-01   1.8280E-01   6.6999E+00  -7.2275E+00   6.7010E+00
  -7.2303E+00   6.6993E+00  -7.2280E+00   8.2839E-01   7.4708E-01   8.2669E-01
   7.4097E-01   9.4144E-01   7.2080E-01   7.8509E-01  -6.7499E-02  -1.3836E-01
  -1.5350E-01  -1.2569E-01  -7.7105E-02  -4.5489E-02  -1.1785E-01  -1.1396E-01
  -9.6347E-02  -1.0675E-01  -8.3176E-02  -7.5781E-02  -2.0847E-02   2.9278E-02
   3.2410E-02   1.4785E-02  -2.2334E-02  -9.2346E-03  -2.1309E-02  -3.7750E-02
   3.7582E-03   2.3575E-02   2.9518E-02   5.9909E-02   4.2013E-02   5.9252E-03
   2.1595E-02  -3.0404E-02  -2.8247E-02  -3.1199E-02  -4.5197E-02  -2.4033E-02
   6.6455E-02  -1.6240E-02  -3.2031E-02  -3.0220E-03  -1.8990E-03  -7.9263E-03
  -1.5891E-02   7.9563E-03   4.1034E-02   3.0434E-02   3.3513E-03   2.9294E-05
  -1.3194E-02  -1.6415E-02   3.7898E-03  -9.6482E-03  -1.0734E-02  -1.1245E-02
  -6.7154E-03   2.8666E-02  -6.2957E-03  -3.4063E-02  -1.3297E-03   8.1556E-03
  -2.0031E-02   2.3031E-02  -1.8455E-02   7.7077E-04   4.4778E-03  -1.0741E-02
  -7.6468E-03  -1.2155E-03   2.3118E-02   7.3485E-03   8.8878E-03   4.6748E-03
   2.3060E-02   2.1254E-02  -5.8967E-03   2.5090E-03  -1.7052E-06   6.5009E-03
  -1.7953E-03  -1.8937E-02  -1.7271E-04   5.0185E-03   5.9482E-03   5.1312E-05
  -5.4801E-03  -6.1864E-03   1.6441E-02  -1.3407E-03   3.4854E-02   7.7268E-03
   1.6986E-02   3.5205E-03  -5.2700E-03  -1.0247E-02  -8.3659E-03  -9.9447E-03
  -1.4677E-03   2.3097E-01   1.8773E-02   2.3420E-03   1.1551E-01   2.8596E-02
   9.0415E-02   4.5717E-02   3.8124E-02   5.7294E-02   1.4650E-02  -6.5809E-02
  -7.2495E-02  -6.3150E-02   7.0906E-02   7.4730E-02   3.2983E-02  -3.2610E-02
   7.8876E-03  -5.1080E-02  -4.8068E-02   9.9835E-03   1.8241E-02   1.6732E-02
  -7.1411E-03   2.6003E-02   2.8421E-02   2.1453E-02  -1.4454E-02  -1.3143E-02
  -2.2692E-02  -2.9737E-02  -1.0474E-02   4.1756E-02  -8.0330E-03  -1.8060E-02
   1.3158E-03  -1.5792E-02  -1.3225E-02  -2.6782E-04  -2.1587E-02   3.5601E-02
   3.2313E-02  -1.4702E-02  -4.1313E-02  -1.6004E-02  -1.3453E-02  -1.7730E-02
  -1.5049E-02  -8.3325E-03  -1.2328E-02  -1.3310E-02   2.3015E-02  -1.8043E-02
  -1.5192E-02  -1.0218E-02   2.0506E-02  -2.0573E-03   1.4588E-02  -2.8882E-03
  -8.1774E-03  -2.6966E-03  -2.6290E-02   6.6040E-04  -7.5269E-03   2.8006E-02
  -7.1458E-03  -1.6662E-03  -3.0056E-03   3.8769E-03   7.5078E-03   5.5493E-03
  -4.8050E-03  -1.7768E-02   1.7210E-02   1.8569E-03  -4.3018E-02  -1.3715E-02
  -9.6948E-03   2.6246E-03   1.0494E-02  -1.5471E-02   5.1704E-03  -1.0069E-02
  -1.4055E-02  -1.0057E-02  -5.1978E-05  -5.8151E-03  -2.4542E-02   2.5585E-03
   2.3720E-02   2.3471E-02   2.2744E-02  -1.3719E-03  -5.2943E-02  -1.6410E-01
  -1.5946E-01  -1.3862E-01  -9.6820E-02  -1.9121E-02  -1.0369E-01  -1.1463E-01
  -1.2562E-01  -9.9470E-02  -7.9575E-02  -6.8282E-02  -1.3218E-02  -2.3947E-02
  -3.4295E-02  -1.5876E-02  -1.4310E-02  -2.3685E-02   1.5976E-03  -1.6655E-02
   1.6535E-03   2.8545E-03   2.2623E-02   6.7330E-02   6.8120E-02   2.9877E-02
   1.9409E-02  -2.8076E-02  -2.3454E-02  -3.7844E-02  -3.9421E-02  -2.1933E-02
   1.2019E-02  -1.0336E-02  -2.9118E-02  -1.7420E-03  -4.0050E-03  -8.5315E-03
  -2.6856E-02   1.1520E-02   4.5576E-02   2.8300E-02   4.6000E-03   1.0113E-02
  -1.6089E-02  -1.7423E-02   8.0725E-03  -1.4775E-02  -9.2025E-03  -1.1247E-02
  -8.8301E-03   1.9833E-02  -5.2279E-03  -2.6907E-02  -1.2311E-03   1.2749E-02
  -2.1312E-02   2.0267E-02  -2.2556E-02   3.8389E-03   3.1511E-05   2.5455E-03
   4.8142E-04   1.8307E-03   2.5103E-02   3.2304E-03   7.8178E-03  -2.3288E-04
   1.7046E-02   2.4646E-02  -1.6989E-02   9.3817E-03   1.0546E-02  -1.2721E-03
   7.8285E-03  -1.1568E-02  -1.2783E-03   2.8549E-03   5.3696E-03  -5.8764E-04
   6.4514E-03  -2.1605E-03   2.5959E-02  -1.3803E-04   2.2363E-02  -2.2308E-03
   2.6420E-02   1.5029E-02   4.4974E-03  -2.5790E-02  -2.5266E-02  -2.3729E-02
  -9.6774E-03   1.6422E-01  -4.8749E-03   1.1472E-03   6.8652E-02   1.9725E-02
   6.6979E-02   4.0480E-03  -5.8504E-03   4.2823E-02  -5.9775E-03  -7.2001E-02
  -7.3187E-02  -8.2693E-02   4.1383E-02   3.2742E-02   1.3651E-02  -3.1239E-02
   9.6440E-04  -4.0871E-02  -3.7674E-02   7.5309E-03  -1.9161E-03   8.1534E-03
  -3.1864E-03   5.0858E-02   5.7213E-02   1.8652E-02  -8.0521E-03  -1.0067E-02
  -2.6748E-02  -2.3635E-02  -6.4545E-03   4.6470E-03  -1.7680E-03  -1.5774E-02
   3.3474E-03  -2.0222E-02  -1.5475E-02  -9.4885E-03  -2.4821E-02   3.6348E-02
   2.8913E-02  -1.3514E-02  -4.5109E-02  -2.1343E-02  -1.2753E-02  -1.7282E-02
  -2.2791E-02  -4.6069E-03  -9.4657E-03  -1.4171E-02   1.5042E-02  -1.8145E-02
  -4.1425E-03  -1.3671E-02   2.6959E-02   3.0903E-03   1.2330E-02  -3.4093E-03
  -3.2162E-03  -9.5076E-03  -2.4523E-02   8.0744E-03  -4.2035E-03   3.0197E-02
  -1.1785E-02  -3.9387E-03  -1.0694E-02  -6.4523E-03   9.9696E-03   4.1309E-04
  -1.8882E-03  -1.1763E-02   1.0630E-02   1.1839E-02  -4.1106E-02  -2.1358E-02
  -1.3312E-02   1.9205E-04   8.6115E-03  -6.1219E-03   1.1950E-02  -1.1098E-02
  -1.3593E-02  -1.9972E-02  -9.8920E-03  -1.3409E-02  -2.1589E-02   9.3192E-03
   1.6571E-02   1.4961E-02   1.5561E-02  -7.0231E-03
  > E    =  -9.939095307395E+02 +/-   1.754930337227E-04
  > varE =   4.036729881911E-03
* Computing derivatives.
    [walltime: 2m41s elapsed, 2m42s remaining]
  Done. [total walltime: 5m20s]
* Optimizing manipulation constant:
  #igrid a___________ E____________________________________ varE____________
     1     Infinity    -9.93909531E+02 +/-   1.75493034E-04   4.03672988E-03
     2     1.0000E+06  -9.93909531E+02 +/-   1.75493015E-04   4.03672901E-03
     3     2.1544E+05  -9.93909531E+02 +/-   1.75492946E-04   4.03672585E-03
     4     4.6416E+04  -9.93909531E+02 +/-   1.75492627E-04   4.03671119E-03
     5     1.0000E+04  -9.93909531E+02 +/-   1.75491148E-04   4.03664312E-03
     6     2.1544E+03  -9.93909531E+02 +/-   1.75484287E-04   4.03632752E-03
     7     4.6416E+02  -9.93909533E+02 +/-   1.75452597E-04   4.03486982E-03
     8     1.0000E+02  -9.93909539E+02 +/-   1.75308718E-04   4.02825499E-03
     9     2.1544E+01  -9.93909568E+02 +/-   1.74703966E-04   4.00051088E-03
    10     4.6416E+00  -9.93909646E+02 +/-   1.72874847E-04   3.91718015E-03
    11     1.0000E+00  -9.93909657E+02 +/-   1.71920990E-04   3.87407239E-03
    12     2.1544E-01  -9.93909587E+02 +/-   1.73474604E-04   3.94440711E-03
    13     4.6416E-02  -9.93909640E+02 +/-   1.73128309E-04   3.92867498E-03
    14     1.0000E-02  -9.93909673E+02 +/-   1.72791172E-04   3.91338908E-03
    15     2.1544E-03  -9.93909682E+02 +/-   1.72697405E-04   3.90914291E-03
    16     4.6416E-04  -9.93909684E+02 +/-   1.72676102E-04   3.90817858E-03
    17     1.0000E-04  -9.93909684E+02 +/-   1.72671460E-04   3.90796847E-03
    18     2.1544E-05  -9.93909684E+02 +/-   1.72670458E-04   3.90792309E-03
    19     4.6416E-06  -9.93909684E+02 +/-   1.72670242E-04   3.90791331E-03
    20     1.0000E-06  -9.93909684E+02 +/-   1.72670195E-04   3.90791120E-03
    21     0.0000E+00  -9.93909684E+02 +/-   1.72670183E-04   3.90791062E-03
* Iteration # 1: E =  -9.939096843860E+02 +/-   1.726701825359E-04
* Computing derivatives.
    [walltime: 2m41s elapsed, 2m41s remaining]
  Done. [total walltime: 5m20s]
* Optimizing manipulation constant:
  #igrid a___________ E____________________________________ varE____________
     1     Infinity    -9.93909684E+02 +/-   1.72670183E-04   3.90791062E-03
     2     1.0000E+06  -9.93909684E+02 +/-   1.72670174E-04   3.90791022E-03
     3     2.1544E+05  -9.93909684E+02 +/-   1.72670141E-04   3.90790873E-03
     4     4.6416E+04  -9.93909684E+02 +/-   1.72669988E-04   3.90790184E-03
     5     1.0000E+04  -9.93909684E+02 +/-   1.72669284E-04   3.90786995E-03
     6     2.1544E+03  -9.93909685E+02 +/-   1.72666059E-04   3.90772397E-03
     7     4.6416E+02  -9.93909686E+02 +/-   1.72652058E-04   3.90709028E-03
     8     1.0000E+02  -9.93909689E+02 +/-   1.72607581E-04   3.90507750E-03
     9     2.1544E+01  -9.93909681E+02 +/-   1.72821189E-04   3.91474883E-03
    10     4.6416E+00  -9.93908999E+02 +/-   1.84810418E-04   4.47674983E-03
    11     1.0000E+00  -9.93863656E+02 +/-   5.67072053E-04   4.21489165E-02
    12     2.1544E-01  -9.93083618E+02 +/-   2.16497348E-03   6.14348907E-01
    13     4.6416E-02  -9.91912970E+02 +/-   2.96408849E-03   1.15157508E+00
    14     1.0000E-02  -9.91550399E+02 +/-   3.08711978E-03   1.24915660E+00
    15     2.1544E-03  -9.91470763E+02 +/-   3.10983512E-03   1.26760708E+00
    16     4.6416E-04  -9.91453625E+02 +/-   3.11455836E-03   1.27146050E+00
    17     1.0000E-04  -9.91449935E+02 +/-   3.11556811E-03   1.27228506E+00
    18     2.1544E-05  -9.91449140E+02 +/-   3.11578530E-03   1.27246244E+00
    19     4.6416E-06  -9.91448968E+02 +/-   3.11583207E-03   1.27250065E+00
    20     1.0000E-06  -9.91448931E+02 +/-   3.11584215E-03   1.27250888E+00
    21     0.0000E+00  -9.91448921E+02 +/-   3.11584491E-03   1.27251114E+00
* Iteration # 2: E =  -9.939096890640E+02 +/-   1.726075806906E-04
* Convergence: exiting.
* After optimization:
  -2.1043E+01  -2.0850E+01  -2.1067E+01  -2.0848E+01  -2.1129E+01  -2.0853E+01
  -2.0630E+01   2.0732E+00   1.9592E+00   1.1205E+00   1.0808E+00   2.3472E+00
   2.7253E+00   2.2769E+00   2.2859E+00   1.4538E+00   1.4280E+00   1.4714E+00
   1.4538E+00   2.1266E+00   2.1282E+00   1.4735E+00   1.4409E+00   1.3801E+00
   1.4279E+00   1.1135E+00   1.3820E+00   1.3829E+00   1.3590E+00   1.2780E+00
   1.2705E+00   2.1751E+00   2.1740E+00   1.7973E+00   1.7945E+00   1.4566E+00
   1.4599E+00   6.6581E-01   6.6346E-01   1.1201E+00   1.1183E+00   1.1267E+00
   1.1211E+00   1.1082E+00   1.1080E+00   2.3109E+00   2.3017E+00   8.0220E-01
   7.9886E-01   1.5821E+00   1.5934E+00   1.9630E+00   1.9602E+00   1.0407E+00
   1.0402E+00   1.4522E+00   1.4532E+00   1.1367E+00   1.1361E+00   1.1108E+00
   6.1351E-01   6.1430E-01   1.6687E+00   1.6507E+00   6.4559E-01   6.4274E-01
   1.4118E+00   1.4130E+00   4.9135E-01   4.8576E-01   9.1519E-01   9.1262E-01
   6.8889E-02   5.5079E-01   5.4688E-01   6.8993E-01   6.8912E-01   9.0894E-02
   9.4164E-01   9.3857E-01   8.2941E-01   8.2512E-01   1.5283E+00   1.5298E+00
   6.5321E-01   6.5633E-01   9.4534E-01   9.4552E-01   7.2388E-01   7.1984E-01
   9.6215E-01   9.6289E-01   1.3295E-01   1.3406E-01   1.5036E-01   1.5013E-01
   4.2339E-01   4.2438E-01   8.5251E-01   8.4887E-01   9.2339E-01   9.1884E-01
   9.0863E-01   9.0449E-01   5.1058E-02   4.6693E-02   4.3104E-01   4.3154E-01
   3.5368E-02   3.0785E-02   6.0136E-01   5.9741E-01   3.9337E-01   3.8821E-01
   5.2988E-01   5.3091E-01   8.4751E-01   2.3903E-01  -4.1436E-01  -4.1494E-01
   4.6455E-01   4.6112E-01   7.0745E-01   7.0825E-01   8.4340E-01   9.3293E-02
   8.9744E-02   1.0580E-01   1.0357E-01  -3.7743E-02  -4.0122E-02   3.9761E-01
   3.9191E-01  -3.7851E-02  -4.2038E-02   8.5601E-02   8.6644E-02  -4.0842E-01
  -4.1153E-01   4.1519E-01   4.1449E-01   3.0933E-02   2.9704E-02   1.4917E+00
   1.4907E+00   5.3681E-01   5.3620E-01   2.2649E-01  -2.9404E-01  -2.9537E-01
  -2.8884E-01  -2.8911E-01   4.6792E-01   4.6340E-01   3.1905E-02   3.0692E-02
  -7.7639E-01  -3.8839E-01  -3.8839E-01  -5.0404E-03   4.1462E-01   4.1386E-01
  -3.9368E-01  -3.9379E-01  -7.7930E-01   8.9039E-02   8.9965E-02   5.6285E-01
   5.5703E-01   5.6403E-01   5.6036E-01   5.6424E-01   5.5742E-01   3.6033E+00
  -5.7166E+00   1.7921E+00  -2.9110E+00   4.0087E+00  -5.0881E+00  -1.3674E+00
  -1.0051E+00  -1.2121E+01   9.3913E+00  -6.7974E+00   4.4143E+00  -2.5423E-01
  -1.2812E+00  -1.3711E+00  -1.7574E-01  -1.7626E+00  -3.7910E-01   1.2575E+00
  -2.7720E+00  -4.3265E+00   2.9519E+00  -1.2782E+00  -1.5085E-01   8.7945E+00
  -9.9023E+00  -2.7305E+00   1.3586E+00  -4.2386E+00   2.8918E+00   3.7992E+00
  -5.0642E+00  -6.5454E+00   4.3664E+00  -1.6030E+00  -1.9118E-01  -3.8081E+00
   2.3503E+00   3.1513E+00  -3.8203E+00   1.4391E+00  -2.5567E+00  -1.1907E+00
   6.9557E-02  -8.0435E-02  -1.0227E+00  -6.5794E+00   4.2973E+00   3.1264E+00
  -3.8945E+00  -3.8406E+00   2.2802E+00  -6.6255E+00   4.6690E+00   3.8851E+00
  -4.9268E+00  -7.8750E+00   6.4226E+00  -2.6443E+00   1.5064E+00  -4.1595E+00
   3.0447E+00   2.1196E-01  -8.2475E-01   3.7695E+00  -5.4156E+00   6.1917E-01
  -1.2625E+00  -1.0446E+00  -3.6590E-01   6.7300E+00  -7.2188E+00  -4.5959E+00
   3.6826E+00   4.5982E+00  -4.6669E+00   2.6348E+00  -3.1823E+00   1.8480E-01
  -8.8020E-01   4.5928E+00  -4.6823E+00  -4.6042E+00   3.6668E+00   1.8078E+00
  -2.6357E+00  -7.9048E+00   6.3706E+00  -2.3500E+00   1.6943E+00  -7.5722E+00
   6.6264E+00   5.8707E-01  -1.3154E+00  -7.5763E+00   6.6138E+00   2.0275E+00
  -2.1603E+00   2.0213E+00  -2.1717E+00  -3.1975E+00   2.7741E+00   1.8020E+00
  -2.6514E+00  -2.2984E+00   1.3785E+00  -2.2959E+00   1.3878E+00   5.8951E+00
  -5.9449E+00  -3.2015E+00   2.7708E+00   5.9009E+00  -5.9328E+00   2.6190E+00
  -3.2188E+00   9.6807E-01  -1.3600E+00  -5.7888E+00   5.2596E+00  -1.1027E+01
   1.0179E+01  -5.6039E-01   3.2303E-01   7.2758E+00  -6.8624E+00  -2.0266E+00
   1.5642E+00  -2.3621E+00   1.6551E+00  -1.1026E+01   1.0182E+01   2.9109E+00
  -3.0027E+00   2.9091E+00  -3.0133E+00   2.3363E+00  -2.2973E+00   9.6830E-01
  -1.3625E+00   2.3355E+00  -2.2960E+00  -2.6477E-01   1.7899E-01   7.2744E+00
  -6.8664E+00  -5.5087E+00   5.0948E+00  -5.6387E-01   5.3375E-01  -1.0766E+00
  -4.2119E-01  -5.7915E+00   5.2540E+00  -5.5937E-01   3.3002E-01   4.6775E+00
  -4.3842E+00   4.6774E+00  -4.3878E+00  -2.0271E+00   1.5616E+00  -5.6435E-01
   5.3181E-01   9.8941E+00  -9.1159E+00   4.9464E+00  -4.5591E+00   5.6046E-03
   4.4221E-03  -5.5099E+00   5.0943E+00   4.9487E+00  -4.5571E+00   9.8952E+00
  -9.1163E+00  -2.6659E-01   1.7653E-01   6.7022E+00  -7.2639E+00   6.7024E+00
  -7.2648E+00   6.7014E+00  -7.2658E+00   8.9759E-01   8.2645E-01   9.1976E-01
   7.9618E-01   1.0311E+00   7.8394E-01   8.3554E-01  -7.3750E-02  -1.5707E-01
  -1.8095E-01  -1.5881E-01  -1.0013E-01  -6.5057E-02  -1.3761E-01  -1.3685E-01
  -1.1507E-01  -1.2347E-01  -1.0114E-01  -8.8912E-02  -3.8512E-02   4.1110E-02
   3.6990E-02   2.5538E-02  -3.1033E-02  -8.7594E-03  -2.6071E-02  -4.8861E-02
   1.8642E-02   2.6004E-02   4.2718E-02   7.2656E-02   4.7696E-02   2.0479E-02
   3.2680E-02  -3.5855E-02  -3.2817E-02  -3.7699E-02  -4.7055E-02  -2.6164E-02
   6.7208E-02  -1.5066E-02  -3.8651E-02  -1.0807E-02  -9.0904E-03  -1.9836E-02
  -5.2681E-03   5.2005E-03   4.4920E-02   3.1302E-02  -1.2898E-02  -5.9102E-03
  -1.3253E-02  -1.9996E-02   1.5844E-03  -1.3060E-02  -1.3272E-02  -1.7957E-02
  -1.3910E-03   2.7777E-02  -9.4882E-03  -2.1935E-02   5.2973E-03   1.2357E-02
  -4.8159E-03   1.7700E-02  -1.1711E-02   1.9819E-03   2.6428E-04  -1.2269E-02
   5.6931E-03  -9.2438E-03   2.9372E-02   1.8719E-02  -2.9676E-03  -3.0471E-03
   7.9352E-03   1.7161E-02   1.4693E-03  -8.2258E-03   6.6575E-04   2.3565E-04
  -6.2968E-03  -2.6616E-02  -2.4654E-03   8.3631E-04  -8.3553E-03   7.5159E-04
  -1.4021E-02  -2.3312E-03   8.5486E-03  -5.7991E-03   2.1795E-02  -1.3983E-03
   3.4091E-03   1.1622E-02  -6.0332E-03  -1.1038E-02  -8.8472E-03  -8.8323E-03
  -6.1160E-03   2.4170E-01  -3.6901E-03  -3.1248E-03   1.0708E-01   1.9681E-02
   8.1767E-02   3.7015E-02   1.7473E-02   5.0512E-02   7.4720E-03  -7.0445E-02
  -7.9307E-02  -7.8476E-02   8.2885E-02   8.8029E-02   4.6885E-02  -3.3017E-02
   5.9634E-03  -5.7806E-02  -5.0551E-02   2.2266E-02   1.9715E-02   1.9464E-02
  -5.4631E-03   3.2058E-02   4.0197E-02   2.9864E-02  -1.6618E-02  -1.5830E-02
  -2.7549E-02  -3.3828E-02  -1.2854E-02   3.9282E-02  -1.6046E-02  -2.1421E-02
   3.0729E-03  -2.4566E-02  -1.5874E-02  -5.5219E-03  -2.7833E-02   3.1345E-02
   3.6943E-02  -1.3800E-02  -4.0966E-02  -9.1735E-03  -1.3980E-02  -2.0783E-02
  -1.6942E-02  -1.6609E-02  -1.0537E-02  -1.3162E-02   1.3111E-02  -1.6084E-02
  -1.7037E-02  -1.1761E-02   2.2912E-02   2.9786E-03   1.4324E-02  -5.2810E-03
  -2.9398E-03   3.2024E-04  -2.0533E-02   4.5876E-03  -1.0964E-02   2.7112E-02
   1.5822E-03  -3.6613E-03  -1.4134E-03   7.2407E-03   2.2472E-03  -6.8732E-03
  -3.0364E-03  -4.8234E-03   6.5874E-03   4.6187E-03  -5.0435E-02  -8.8252E-03
   9.6941E-04   3.5423E-04   2.5607E-03  -9.5933E-03   1.1165E-03  -6.6290E-03
  -6.3512E-03  -9.4014E-03   1.7839E-03  -1.9120E-02  -1.0055E-02  -9.9103E-03
   2.9913E-02   2.8322E-02   3.1707E-02   8.3585E-03  -4.9009E-02  -1.6796E-01
  -1.7680E-01  -1.5530E-01  -1.0910E-01  -3.9646E-02  -1.1333E-01  -1.2409E-01
  -1.3916E-01  -1.1477E-01  -9.2925E-02  -8.3580E-02  -2.4222E-02  -1.3300E-02
  -1.9554E-02  -6.1629E-03  -1.5821E-02  -1.5532E-02  -6.5019E-03  -2.2650E-02
   5.3279E-03   8.4509E-03   3.4506E-02   7.8095E-02   7.4579E-02   3.9307E-02
   2.9445E-02  -3.8681E-02  -3.2219E-02  -3.7037E-02  -4.1852E-02  -1.9099E-02
   1.5838E-02  -5.3394E-03  -2.6849E-02  -9.1435E-03  -1.1114E-02  -1.9086E-02
  -9.6954E-03   1.3346E-02   4.3508E-02   2.8734E-02  -1.4078E-02  -3.5378E-03
  -1.7078E-02  -9.6865E-03   3.1583E-03  -7.8136E-03  -5.6635E-03  -1.2864E-02
  -1.0419E-02   2.1301E-02  -6.2035E-03  -1.3405E-02   2.9656E-03   3.8747E-03
  -1.2247E-03   1.4400E-02  -8.4296E-03   4.3320E-03  -7.3752E-03  -3.9916E-03
   2.9824E-03   6.0851E-04   3.2631E-02   1.4817E-02  -4.4669E-03  -7.2601E-03
   2.9351E-03   2.0808E-02   9.4040E-04  -7.8263E-03  -9.1963E-04  -2.6183E-03
  -9.4163E-03  -2.0582E-02  -5.6488E-03   1.8680E-03  -1.5361E-02  -4.1482E-03
  -5.2282E-03  -5.4225E-03  -2.4240E-03   2.2361E-03   7.6707E-03  -4.0665E-03
   1.2021E-02   5.5685E-03  -1.8188E-03  -1.7442E-02  -1.4627E-02  -1.5732E-02
  -2.2849E-02   1.6337E-01  -2.7103E-02  -1.4326E-02   4.8341E-02   7.8900E-03
   4.1928E-02  -1.3496E-02  -3.3235E-02   2.7949E-02  -2.6013E-02  -6.7841E-02
  -7.9616E-02  -8.6694E-02   4.6711E-02   5.0786E-02   2.6183E-02  -2.2747E-02
   3.8418E-03  -4.7552E-02  -3.0601E-02   1.2391E-02   3.2620E-03   8.8395E-03
  -1.5764E-03   5.6409E-02   6.1569E-02   2.7016E-02  -1.7040E-02  -1.3729E-02
  -2.4506E-02  -2.2913E-02  -8.0837E-03   3.8013E-03  -8.4532E-03  -1.0428E-02
   6.3320E-03  -2.8068E-02  -1.5369E-02  -9.9051E-03  -2.5555E-02   2.5229E-02
   3.6295E-02  -1.2281E-02  -4.5578E-02  -9.4945E-03  -5.6495E-03  -1.9902E-02
  -1.2522E-02  -1.1551E-02  -7.1741E-03  -2.0661E-02   3.9928E-03  -1.3595E-02
  -1.1725E-02  -1.6564E-02   1.9190E-02   4.4821E-03   1.1438E-02  -3.7159E-03
  -4.2343E-04  -3.6148E-03  -1.7676E-02   1.0483E-03  -3.4161E-03   2.9235E-02
  -5.0006E-03  -4.3586E-03  -2.9695E-03   7.3339E-03   3.9018E-03  -7.4270E-03
   1.7139E-03  -7.1764E-03   3.2016E-03   7.1429E-03  -4.6524E-02  -1.1034E-02
   4.7610E-03   1.2311E-03  -6.1453E-04   1.3401E-04   1.4478E-03  -1.1756E-02
   1.5695E-03  -2.2731E-02  -2.2181E-04  -1.1013E-02  -2.0041E-02  -3.9348E-03
   2.7381E-02   2.6443E-02   2.7935E-02  -6.0180E-03
  > Energy =  -9.939096890640E+02 +/-   1.726075806906E-04
  > varE =   3.905077498590E-03

VMC #2:
* Size of Hilbert space =   1.0817E+14
* Number of equil. steps   = 1000
* Running VMC equilibration.
  Done. [total walltime: 0.34s]
* Equil. acc.ratio (%)     =  11.5365
* Sample config after equilibration:
  +-------------------------+
  |  0   2   d   0   0   d  |
  |u   d   u   2   u   2   u|
  |0   d   d   d   d   u   d|
  |  2   u   u   u   d   u  |
  +-------------------------+
* Number of accum. steps   = 524288 x 10
* Running VMC accumulation.
  Done. [total walltime: 1.80s]
* Acceptance ratio (%)     =  11.4948
* Etot/t                   =  -9.939094340679E+02 +/-   9.551494232597E-05
  > Ttot/t                 =  -9.590800040534E+01 +/-   1.073322721809E-03
  > Utot/t                 =   4.230672078836E+01 +/-   1.058557698350E-03
* var[Eloc/t]              =   4.097611127526E-03 +/-   5.222529526343E-05
* Correlation length       =   1.167298191531E+00
* log10 Psi^2 range: -131.9490809284200 -- -119.5176951152213
* log10 Pgen range : -131.9490809284200 -- -119.5176951152213
* Site occupation (ave. no. electrons per config.):
  > Site_  ___eu____  ___ed____
      1        0.499      0.496
      2        0.497      0.495
      3        0.496      0.497
      4        0.498      0.501
      5        0.502      0.505
      6        0.501      0.500
      7        0.505      0.503
      8        0.500      0.501
      9        0.496      0.497
     10        0.500      0.498
     11        0.499      0.492
     12        0.504      0.501
     13        0.505      0.505
     14        0.502      0.501
     15        0.505      0.504
     16        0.498      0.496
     17        0.500      0.500
     18        0.498      0.505
     19        0.501      0.499
     20        0.503      0.503
     21        0.505      0.505
     22        0.499      0.500
     23        0.496      0.497
     24        0.494      0.498
     25        0.497      0.498
     26        0.501      0.500
* Pair-correlation analysis (ave. no. pairs per config.):
  > Shell  nsite  ___dh____  __eueu___  __eued___
      0      1        0          0          4.487
      1      0        0.915      0.499      2.604
      2      0        0.132      0.359      0.531
      3      0        0.263      0.718      1.061
      4      0        0.224      0.766      1.061
      5      0        0.250      0.734      1.052
      6      0        0.753      0.846      2.443
      7      0        0.669      1.050      2.344
      8      0        0.600      1.217      2.262
      9      0        0.446      1.552      2.092
     10      0        0.526      1.390      2.181
     11      0        0.136      0.822      1.163
     12      0        0.137      0.838      1.143
     13      0        0.136      0.863      1.091
     14      0        0.224      2.121      1.923
     15      0        0.110      1.068      0.955
     16      0        0.222      2.097      1.919
     17      0        0.264      1.892      2.050
     18      0        0.235      2.049      1.939
     19      0        0.296      1.868      2.046
     20      0        0.304      1.864      2.050
     21      0        0.240      2.092      1.929
     22      0        0.245      2.115      1.902
     23      0        0.242      2.130      1.894
     24      0        0.235      2.096      1.904
     25      0        0.272      2.080      1.898
     26      0        0.268      2.076      1.893
     27      0        0.237      2.133      1.883
     28      0        0.216      1.961      2.067
     29      0        0.237      2.064      1.942
     30      0        0.216      1.954      2.099
     31      0        0.107      0.973      1.059
     32      0        0.244      2.058      1.952
     33      0        0.214      2.130      1.894
     34      0        0.244      2.042      1.968
     35      0        0.220      2.075      1.953
     36      0        0.244      2.017      1.963
     37      0        0.284      1.926      2.006
     38      0        0.144      0.961      1.007
     39      0        0.217      1.994      2.034
     40      0        0.258      1.900      2.086
     41      0        0.139      1.010      0.970
     42      0        0.272      2.013      1.945
     43      0        0.252      1.950      2.021
     44      0        0.255      1.869      2.106
     45      0        0.217      1.998      2.056
     46      0        0.236      2.026      1.981
     47      0        0.257      1.933      2.052
     48      0        0.243      1.965      2.030
     49      0        0.243      2.028      1.983
     50      0        0.247      1.980      2.025
     51      0        0.276      1.952      1.992
     52      0        0.243      2.028      1.961
     53      0        0.221      1.965      2.058
     54      0        0.217      2.042      1.991
     55      0        0.248      1.970      2.005
     56      0        0.272      1.988      1.963
     57      0        0.247      2.000      1.978
     58      0        0.215      2.043      1.984
     59      0        0.251      1.971      2.006
     60      0        0.242      2.012      1.987
     61      0        0.134      0.992      0.979
     62      0        0.109      1.020      1.007
     63      0        0.243      2.001      1.980
     64      0        0.218      2.028      2.003
     65      0        0.219      2.063      1.991
     66      0        0.133      0.981      0.993
     67      0        0.214      2.006      2.026
     68      0        0.215      2.030      2.000
     69      0        0.244      2.000      1.985
     70      0        0.251      2.007      1.970
     71      0        0.249      1.975      2.002
     72      0        0.219      2.019      2.011
     73      0        0.246      1.980      1.992
     74      0        0.242      1.997      1.981
     75      0        0.241      1.992      1.981
     76      0        0.244      1.838      2.145
     77      0        0.238      1.988      2.014
     78      0        0.109      1.005      1.021
     79      0        0.217      2.009      2.019
     80      0        0.214      2.021      2.010
     81      0        0.219      1.996      2.033
     82      0        0.242      1.978      1.995
     83      0        0.107      0.998      1.003
     84      0        0.215      2.006      1.998
     85      0        0.109      1.002      1.002
     86      0        0.245      1.980      1.991
     87      0        0.217      2.002      2.002
     88      0        0.108      1.001      0.999
     89      0        0.220      2.008      2.018
     90      0        0.124      0.974      1.012
     91      0        0.064      0.487      0.502
     92      0        0.062      0.486      0.507
     93      0        0.111      0.999      1.002

Optimization #2:
* Method          : lls
* Target function : energy
* No. of configs. : 131072
* No. of params.  : 736
* Before optimization:
  -2.1043E+01  -2.0850E+01  -2.1067E+01  -2.0848E+01  -2.1129E+01  -2.0853E+01
  -2.0630E+01   2.0732E+00   1.9592E+00   1.1205E+00   1.0808E+00   2.3472E+00
   2.7253E+00   2.2769E+00   2.2859E+00   1.4538E+00   1.4280E+00   1.4714E+00
   1.4538E+00   2.1266E+00   2.1282E+00   1.4735E+00   1.4409E+00   1.3801E+00
   1.4279E+00   1.1135E+00   1.3820E+00   1.3829E+00   1.3590E+00   1.2780E+00
   1.2705E+00   2.1751E+00   2.1740E+00   1.7973E+00   1.7945E+00   1.4566E+00
   1.4599E+00   6.6581E-01   6.6346E-01   1.1201E+00   1.1183E+00   1.1267E+00
   1.1211E+00   1.1082E+00   1.1080E+00   2.3109E+00   2.3017E+00   8.0220E-01
   7.9886E-01   1.5821E+00   1.5934E+00   1.9630E+00   1.9602E+00   1.0407E+00
   1.0402E+00   1.4522E+00   1.4532E+00   1.1367E+00   1.1361E+00   1.1108E+00
   6.1351E-01   6.1430E-01   1.6687E+00   1.6507E+00   6.4559E-01   6.4274E-01
   1.4118E+00   1.4130E+00   4.9135E-01   4.8576E-01   9.1519E-01   9.1262E-01
   6.8889E-02   5.5079E-01   5.4688E-01   6.8993E-01   6.8912E-01   9.0894E-02
   9.4164E-01   9.3857E-01   8.2941E-01   8.2512E-01   1.5283E+00   1.5298E+00
   6.5321E-01   6.5633E-01   9.4534E-01   9.4552E-01   7.2388E-01   7.1984E-01
   9.6215E-01   9.6289E-01   1.3295E-01   1.3406E-01   1.5036E-01   1.5013E-01
   4.2339E-01   4.2438E-01   8.5251E-01   8.4887E-01   9.2339E-01   9.1884E-01
   9.0863E-01   9.0449E-01   5.1058E-02   4.6693E-02   4.3104E-01   4.3154E-01
   3.5368E-02   3.0785E-02   6.0136E-01   5.9741E-01   3.9337E-01   3.8821E-01
   5.2988E-01   5.3091E-01   8.4751E-01   2.3903E-01  -4.1436E-01  -4.1494E-01
   4.6455E-01   4.6112E-01   7.0745E-01   7.0825E-01   8.4340E-01   9.3293E-02
   8.9744E-02   1.0580E-01   1.0357E-01  -3.7743E-02  -4.0122E-02   3.9761E-01
   3.9191E-01  -3.7851E-02  -4.2038E-02   8.5601E-02   8.6644E-02  -4.0842E-01
  -4.1153E-01   4.1519E-01   4.1449E-01   3.0933E-02   2.9704E-02   1.4917E+00
   1.4907E+00   5.3681E-01   5.3620E-01   2.2649E-01  -2.9404E-01  -2.9537E-01
  -2.8884E-01  -2.8911E-01   4.6792E-01   4.6340E-01   3.1905E-02   3.0692E-02
  -7.7639E-01  -3.8839E-01  -3.8839E-01  -5.0404E-03   4.1462E-01   4.1386E-01
  -3.9368E-01  -3.9379E-01  -7.7930E-01   8.9039E-02   8.9965E-02   5.6285E-01
   5.5703E-01   5.6403E-01   5.6036E-01   5.6424E-01   5.5742E-01   3.6033E+00
  -5.7166E+00   1.7921E+00  -2.9110E+00   4.0087E+00  -5.0881E+00  -1.3674E+00
  -1.0051E+00  -1.2121E+01   9.3913E+00  -6.7974E+00   4.4143E+00  -2.5423E-01
  -1.2812E+00  -1.3711E+00  -1.7574E-01  -1.7626E+00  -3.7910E-01   1.2575E+00
  -2.7720E+00  -4.3265E+00   2.9519E+00  -1.2782E+00  -1.5085E-01   8.7945E+00
  -9.9023E+00  -2.7305E+00   1.3586E+00  -4.2386E+00   2.8918E+00   3.7992E+00
  -5.0642E+00  -6.5454E+00   4.3664E+00  -1.6030E+00  -1.9118E-01  -3.8081E+00
   2.3503E+00   3.1513E+00  -3.8203E+00   1.4391E+00  -2.5567E+00  -1.1907E+00
   6.9557E-02  -8.0435E-02  -1.0227E+00  -6.5794E+00   4.2973E+00   3.1264E+00
  -3.8945E+00  -3.8406E+00   2.2802E+00  -6.6255E+00   4.6690E+00   3.8851E+00
  -4.9268E+00  -7.8750E+00   6.4226E+00  -2.6443E+00   1.5064E+00  -4.1595E+00
   3.0447E+00   2.1196E-01  -8.2475E-01   3.7695E+00  -5.4156E+00   6.1917E-01
  -1.2625E+00  -1.0446E+00  -3.6590E-01   6.7300E+00  -7.2188E+00  -4.5959E+00
   3.6826E+00   4.5982E+00  -4.6669E+00   2.6348E+00  -3.1823E+00   1.8480E-01
  -8.8020E-01   4.5928E+00  -4.6823E+00  -4.6042E+00   3.6668E+00   1.8078E+00
  -2.6357E+00  -7.9048E+00   6.3706E+00  -2.3500E+00   1.6943E+00  -7.5722E+00
   6.6264E+00   5.8707E-01  -1.3154E+00  -7.5763E+00   6.6138E+00   2.0275E+00
  -2.1603E+00   2.0213E+00  -2.1717E+00  -3.1975E+00   2.7741E+00   1.8020E+00
  -2.6514E+00  -2.2984E+00   1.3785E+00  -2.2959E+00   1.3878E+00   5.8951E+00
  -5.9449E+00  -3.2015E+00   2.7708E+00   5.9009E+00  -5.9328E+00   2.6190E+00
  -3.2188E+00   9.6807E-01  -1.3600E+00  -5.7888E+00   5.2596E+00  -1.1027E+01
   1.0179E+01  -5.6039E-01   3.2303E-01   7.2758E+00  -6.8624E+00  -2.0266E+00
   1.5642E+00  -2.3621E+00   1.6551E+00  -1.1026E+01   1.0182E+01   2.9109E+00
  -3.0027E+00   2.9091E+00  -3.0133E+00   2.3363E+00  -2.2973E+00   9.6830E-01
  -1.3625E+00   2.3355E+00  -2.2960E+00  -2.6477E-01   1.7899E-01   7.2744E+00
  -6.8664E+00  -5.5087E+00   5.0948E+00  -5.6387E-01   5.3375E-01  -1.0766E+00
  -4.2119E-01  -5.7915E+00   5.2540E+00  -5.5937E-01   3.3002E-01   4.6775E+00
  -4.3842E+00   4.6774E+00  -4.3878E+00  -2.0271E+00   1.5616E+00  -5.6435E-01
   5.3181E-01   9.8941E+00  -9.1159E+00   4.9464E+00  -4.5591E+00   5.6046E-03
   4.4221E-03  -5.5099E+00   5.0943E+00   4.9487E+00  -4.5571E+00   9.8952E+00
  -9.1163E+00  -2.6659E-01   1.7653E-01   6.7022E+00  -7.2639E+00   6.7024E+00
  -7.2648E+00   6.7014E+00  -7.2658E+00   8.9759E-01   8.2645E-01   9.1976E-01
   7.9618E-01   1.0311E+00   7.8394E-01   8.3554E-01  -7.3750E-02  -1.5707E-01
  -1.8095E-01  -1.5881E-01  -1.0013E-01  -6.5057E-02  -1.3761E-01  -1.3685E-01
  -1.1507E-01  -1.2347E-01  -1.0114E-01  -8.8912E-02  -3.8512E-02   4.1110E-02
   3.6990E-02   2.5538E-02  -3.1033E-02  -8.7594E-03  -2.6071E-02  -4.8861E-02
   1.8642E-02   2.6004E-02   4.2718E-02   7.2656E-02   4.7696E-02   2.0479E-02
   3.2680E-02  -3.5855E-02  -3.2817E-02  -3.7699E-02  -4.7055E-02  -2.6164E-02
   6.7208E-02  -1.5066E-02  -3.8651E-02  -1.0807E-02  -9.0904E-03  -1.9836E-02
  -5.2681E-03   5.2005E-03   4.4920E-02   3.1302E-02  -1.2898E-02  -5.9102E-03
  -1.3253E-02  -1.9996E-02   1.5844E-03  -1.3060E-02  -1.3272E-02  -1.7957E-02
  -1.3910E-03   2.7777E-02  -9.4882E-03  -2.1935E-02   5.2973E-03   1.2357E-02
  -4.8159E-03   1.7700E-02  -1.1711E-02   1.9819E-03   2.6428E-04  -1.2269E-02
   5.6931E-03  -9.2438E-03   2.9372E-02   1.8719E-02  -2.9676E-03  -3.0471E-03
   7.9352E-03   1.7161E-02   1.4693E-03  -8.2258E-03   6.6575E-04   2.3565E-04
  -6.2968E-03  -2.6616E-02  -2.4654E-03   8.3631E-04  -8.3553E-03   7.5159E-04
  -1.4021E-02  -2.3312E-03   8.5486E-03  -5.7991E-03   2.1795E-02  -1.3983E-03
   3.4091E-03   1.1622E-02  -6.0332E-03  -1.1038E-02  -8.8472E-03  -8.8323E-03
  -6.1160E-03   2.4170E-01  -3.6901E-03  -3.1248E-03   1.0708E-01   1.9681E-02
   8.1767E-02   3.7015E-02   1.7473E-02   5.0512E-02   7.4720E-03  -7.0445E-02
  -7.9307E-02  -7.8476E-02   8.2885E-02   8.8029E-02   4.6885E-02  -3.3017E-02
   5.9634E-03  -5.7806E-02  -5.0551E-02   2.2266E-02   1.9715E-02   1.9464E-02
  -5.4631E-03   3.2058E-02   4.0197E-02   2.9864E-02  -1.6618E-02  -1.5830E-02
  -2.7549E-02  -3.3828E-02  -1.2854E-02   3.9282E-02  -1.6046E-02  -2.1421E-02
   3.0729E-03  -2.4566E-02  -1.5874E-02  -5.5219E-03  -2.7833E-02   3.1345E-02
   3.6943E-02  -1.3800E-02  -4.0966E-02  -9.1735E-03  -1.3980E-02  -2.0783E-02
  -1.6942E-02  -1.6609E-02  -1.0537E-02  -1.3162E-02   1.3111E-02  -1.6084E-02
  -1.7037E-02  -1.1761E-02   2.2912E-02   2.9786E-03   1.4324E-02  -5.2810E-03
  -2.9398E-03   3.2024E-04  -2.0533E-02   4.5876E-03  -1.0964E-02   2.7112E-02
   1.5822E-03  -3.6613E-03  -1.4134E-03   7.2407E-03   2.2472E-03  -6.8732E-03
  -3.0364E-03  -4.8234E-03   6.5874E-03   4.6187E-03  -5.0435E-02  -8.8252E-03
   9.6941E-04   3.5423E-04   2.5607E-03  -9.5933E-03   1.1165E-03  -6.6290E-03
  -6.3512E-03  -9.4014E-03   1.7839E-03  -1.9120E-02  -1.0055E-02  -9.9103E-03
   2.9913E-02   2.8322E-02   3.1707E-02   8.3585E-03  -4.9009E-02  -1.6796E-01
  -1.7680E-01  -1.5530E-01  -1.0910E-01  -3.9646E-02  -1.1333E-01  -1.2409E-01
  -1.3916E-01  -1.1477E-01  -9.2925E-02  -8.3580E-02  -2.4222E-02  -1.3300E-02
  -1.9554E-02  -6.1629E-03  -1.5821E-02  -1.5532E-02  -6.5019E-03  -2.2650E-02
   5.3279E-03   8.4509E-03   3.4506E-02   7.8095E-02   7.4579E-02   3.9307E-02
   2.9445E-02  -3.8681E-02  -3.2219E-02  -3.7037E-02  -4.1852E-02  -1.9099E-02
   1.5838E-02  -5.3394E-03  -2.6849E-02  -9.1435E-03  -1.1114E-02  -1.9086E-02
  -9.6954E-03   1.3346E-02   4.3508E-02   2.8734E-02  -1.4078E-02  -3.5378E-03
  -1.7078E-02  -9.6865E-03   3.1583E-03  -7.8136E-03  -5.6635E-03  -1.2864E-02
  -1.0419E-02   2.1301E-02  -6.2035E-03  -1.3405E-02   2.9656E-03   3.8747E-03
  -1.2247E-03   1.4400E-02  -8.4296E-03   4.3320E-03  -7.3752E-03  -3.9916E-03
   2.9824E-03   6.0851E-04   3.2631E-02   1.4817E-02  -4.4669E-03  -7.2601E-03
   2.9351E-03   2.0808E-02   9.4040E-04  -7.8263E-03  -9.1963E-04  -2.6183E-03
  -9.4163E-03  -2.0582E-02  -5.6488E-03   1.8680E-03  -1.5361E-02  -4.1482E-03
  -5.2282E-03  -5.4225E-03  -2.4240E-03   2.2361E-03   7.6707E-03  -4.0665E-03
   1.2021E-02   5.5685E-03  -1.8188E-03  -1.7442E-02  -1.4627E-02  -1.5732E-02
  -2.2849E-02   1.6337E-01  -2.7103E-02  -1.4326E-02   4.8341E-02   7.8900E-03
   4.1928E-02  -1.3496E-02  -3.3235E-02   2.7949E-02  -2.6013E-02  -6.7841E-02
  -7.9616E-02  -8.6694E-02   4.6711E-02   5.0786E-02   2.6183E-02  -2.2747E-02
   3.8418E-03  -4.7552E-02  -3.0601E-02   1.2391E-02   3.2620E-03   8.8395E-03
  -1.5764E-03   5.6409E-02   6.1569E-02   2.7016E-02  -1.7040E-02  -1.3729E-02
  -2.4506E-02  -2.2913E-02  -8.0837E-03   3.8013E-03  -8.4532E-03  -1.0428E-02
   6.3320E-03  -2.8068E-02  -1.5369E-02  -9.9051E-03  -2.5555E-02   2.5229E-02
   3.6295E-02  -1.2281E-02  -4.5578E-02  -9.4945E-03  -5.6495E-03  -1.9902E-02
  -1.2522E-02  -1.1551E-02  -7.1741E-03  -2.0661E-02   3.9928E-03  -1.3595E-02
  -1.1725E-02  -1.6564E-02   1.9190E-02   4.4821E-03   1.1438E-02  -3.7159E-03
  -4.2343E-04  -3.6148E-03  -1.7676E-02   1.0483E-03  -3.4161E-03   2.9235E-02
  -5.0006E-03  -4.3586E-03  -2.9695E-03   7.3339E-03   3.9018E-03  -7.4270E-03
   1.7139E-03  -7.1764E-03   3.2016E-03   7.1429E-03  -4.6524E-02  -1.1034E-02
   4.7610E-03   1.2311E-03  -6.1453E-04   1.3401E-04   1.4478E-03  -1.1756E-02
   1.5695E-03  -2.2731E-02  -2.2181E-04  -1.1013E-02  -2.0041E-02  -3.9348E-03
   2.7381E-02   2.6443E-02   2.7935E-02  -6.0180E-03
  > E    =  -9.939093106219E+02 +/-   1.777492245995E-04
  > varE =   4.141191901445E-03
* Computing derivatives.
    [walltime: 2m41s elapsed, 2m35s remaining]
  Done. [total walltime: 5m22s]
* Optimizing manipulation constant:
  #igrid a___________ E____________________________________ varE____________
     1     Infinity    -9.93909311E+02 +/-   1.77749225E-04   4.14119190E-03
     2     1.0000E+06  -9.93909311E+02 +/-   1.77749204E-04   4.14119093E-03
     3     2.1544E+05  -9.93909311E+02 +/-   1.77749128E-04   4.14118740E-03
     4     4.6416E+04  -9.93909311E+02 +/-   1.77748777E-04   4.14117103E-03
     5     1.0000E+04  -9.93909311E+02 +/-   1.77747150E-04   4.14109522E-03
     6     2.1544E+03  -9.93909311E+02 +/-   1.77739681E-04   4.14074723E-03
     7     4.6416E+02  -9.93909313E+02 +/-   1.77706810E-04   4.13921580E-03
     8     1.0000E+02  -9.93909318E+02 +/-   1.77592285E-04   4.13388237E-03
     9     2.1544E+01  -9.93909307E+02 +/-   1.77861062E-04   4.14640469E-03
    10     4.6416E+00  -9.93907790E+02 +/-   2.05418677E-04   5.53082325E-03
    11     1.0000E+00  -9.93763443E+02 +/-   9.88328203E-04   1.28030164E-01
    12     2.1544E-01  -9.91632121E+02 +/-   3.15265948E-03   1.30275892E+00
    13     4.6416E-02  -9.90694610E+02 +/-   3.42503584E-03   1.53758865E+00
    14     1.0000E-02  -9.90913531E+02 +/-   3.38215522E-03   1.49932919E+00
    15     2.1544E-03  -9.91009389E+02 +/-   3.35842809E-03   1.47836623E+00
    16     4.6416E-04  -9.91032777E+02 +/-   3.35222705E-03   1.47291192E+00
    17     1.0000E-04  -9.91037948E+02 +/-   3.35083459E-03   1.47168854E+00
    18     2.1544E-05  -9.91039068E+02 +/-   3.35053191E-03   1.47142267E+00
    19     4.6416E-06  -9.91039309E+02 +/-   3.35046658E-03   1.47136529E+00
    20     1.0000E-06  -9.91039361E+02 +/-   3.35045249E-03   1.47135292E+00
    21     0.0000E+00  -9.91039376E+02 +/-   3.35044863E-03   1.47134952E+00
* Iteration # 1: E =  -9.939093184849E+02 +/-   1.775922845649E-04
* Convergence: exiting.
* After optimization:
  -2.1027E+01  -2.0833E+01  -2.1050E+01  -2.0831E+01  -2.1111E+01  -2.0836E+01
  -2.0614E+01   2.0726E+00   1.9589E+00   1.1204E+00   1.0807E+00   2.3472E+00
   2.7251E+00   2.2767E+00   2.2857E+00   1.4539E+00   1.4282E+00   1.4714E+00
   1.4537E+00   2.1266E+00   2.1281E+00   1.4734E+00   1.4407E+00   1.3800E+00
   1.4278E+00   1.1135E+00   1.3820E+00   1.3828E+00   1.3590E+00   1.2780E+00
   1.2704E+00   2.1751E+00   2.1740E+00   1.7973E+00   1.7944E+00   1.4564E+00
   1.4597E+00   6.6578E-01   6.6346E-01   1.1199E+00   1.1181E+00   1.1267E+00
   1.1211E+00   1.1082E+00   1.1080E+00   2.3108E+00   2.3017E+00   8.0225E-01
   7.9891E-01   1.5820E+00   1.5933E+00   1.9628E+00   1.9600E+00   1.0407E+00
   1.0402E+00   1.4521E+00   1.4532E+00   1.1366E+00   1.1361E+00   1.1107E+00
   6.1351E-01   6.1429E-01   1.6687E+00   1.6507E+00   6.4549E-01   6.4266E-01
   1.4118E+00   1.4130E+00   4.9129E-01   4.8571E-01   9.1513E-01   9.1259E-01
   6.8927E-02   5.5081E-01   5.4694E-01   6.8998E-01   6.8917E-01   9.1014E-02
   9.4159E-01   9.3854E-01   8.2936E-01   8.2510E-01   1.5283E+00   1.5298E+00
   6.5320E-01   6.5630E-01   9.4537E-01   9.4555E-01   7.2379E-01   7.1977E-01
   9.6217E-01   9.6292E-01   1.3297E-01   1.3405E-01   1.5042E-01   1.5017E-01
   4.2347E-01   4.2444E-01   8.5253E-01   8.4888E-01   9.2344E-01   9.1890E-01
   9.0868E-01   9.0454E-01   5.1058E-02   4.6707E-02   4.3111E-01   4.3161E-01
   3.5364E-02   3.0769E-02   6.0140E-01   5.9745E-01   3.9336E-01   3.8824E-01
   5.2993E-01   5.3094E-01   8.4752E-01   2.3903E-01  -4.1429E-01  -4.1488E-01
   4.6456E-01   4.6116E-01   7.0748E-01   7.0826E-01   8.4341E-01   9.3332E-02
   8.9796E-02   1.0585E-01   1.0363E-01  -3.7665E-02  -4.0037E-02   3.9762E-01
   3.9194E-01  -3.7800E-02  -4.1971E-02   8.5622E-02   8.6667E-02  -4.0833E-01
  -4.1143E-01   4.1520E-01   4.1451E-01   3.0970E-02   2.9731E-02   1.4916E+00
   1.4907E+00   5.3682E-01   5.3623E-01   2.2648E-01  -2.9400E-01  -2.9533E-01
  -2.8879E-01  -2.8909E-01   4.6794E-01   4.6345E-01   3.1949E-02   3.0746E-02
  -7.7635E-01  -3.8838E-01  -3.8837E-01  -4.9924E-03   4.1463E-01   4.1386E-01
  -3.9362E-01  -3.9372E-01  -7.7922E-01   8.9044E-02   8.9974E-02   5.6285E-01
   5.5703E-01   5.6399E-01   5.6031E-01   5.6421E-01   5.5741E-01   3.6030E+00
  -5.7162E+00   1.7917E+00  -2.9106E+00   4.0083E+00  -5.0875E+00  -1.3677E+00
  -1.0052E+00  -1.2121E+01   9.3919E+00  -6.7978E+00   4.4148E+00  -2.5489E-01
  -1.2808E+00  -1.3715E+00  -1.7522E-01  -1.7632E+00  -3.7852E-01   1.2570E+00
  -2.7713E+00  -4.3270E+00   2.9524E+00  -1.2786E+00  -1.5031E-01   8.7939E+00
  -9.9017E+00  -2.7310E+00   1.3591E+00  -4.2391E+00   2.8924E+00   3.7987E+00
  -5.0637E+00  -6.5457E+00   4.3667E+00  -1.6035E+00  -1.9063E-01  -3.8086E+00
   2.3509E+00   3.1509E+00  -3.8198E+00   1.4387E+00  -2.5561E+00  -1.1911E+00
   7.0054E-02  -8.0955E-02  -1.0222E+00  -6.5797E+00   4.2976E+00   3.1259E+00
  -3.8940E+00  -3.8412E+00   2.2809E+00  -6.6259E+00   4.6696E+00   3.8846E+00
  -4.9263E+00  -7.8755E+00   6.4231E+00  -2.6448E+00   1.5069E+00  -4.1600E+00
   3.0452E+00   2.1142E-01  -8.2421E-01   3.7693E+00  -5.4153E+00   6.1874E-01
  -1.2620E+00  -1.0448E+00  -3.6568E-01   6.7294E+00  -7.2182E+00  -4.5963E+00
   3.6831E+00   4.5976E+00  -4.6664E+00   2.6343E+00  -3.1819E+00   1.8420E-01
  -8.7969E-01   4.5922E+00  -4.6818E+00  -4.6047E+00   3.6673E+00   1.8075E+00
  -2.6354E+00  -7.9053E+00   6.3711E+00  -2.3505E+00   1.6949E+00  -7.5727E+00
   6.6269E+00   5.8663E-01  -1.3149E+00  -7.5769E+00   6.6144E+00   2.0269E+00
  -2.1598E+00   2.0207E+00  -2.1711E+00  -3.1981E+00   2.7746E+00   1.8017E+00
  -2.6511E+00  -2.2987E+00   1.3787E+00  -2.2962E+00   1.3881E+00   5.8946E+00
  -5.9444E+00  -3.2021E+00   2.7714E+00   5.9004E+00  -5.9323E+00   2.6184E+00
  -3.2183E+00   9.6786E-01  -1.3598E+00  -5.7894E+00   5.2601E+00  -1.1027E+01
   1.0180E+01  -5.6095E-01   3.2355E-01   7.2752E+00  -6.8619E+00  -2.0269E+00
   1.5645E+00  -2.3627E+00   1.6557E+00  -1.1027E+01   1.0183E+01   2.9103E+00
  -3.0022E+00   2.9086E+00  -3.0128E+00   2.3360E+00  -2.2970E+00   9.6806E-01
  -1.3623E+00   2.3352E+00  -2.2957E+00  -2.6505E-01   1.7925E-01   7.2739E+00
  -6.8659E+00  -5.5090E+00   5.0951E+00  -5.6443E-01   5.3426E-01  -1.0769E+00
  -4.2098E-01  -5.7920E+00   5.2546E+00  -5.5987E-01   3.3059E-01   4.6770E+00
  -4.3837E+00   4.6768E+00  -4.3872E+00  -2.0274E+00   1.5619E+00  -5.6491E-01
   5.3234E-01   9.8935E+00  -9.1155E+00   4.9461E+00  -4.5588E+00   5.5467E-03
   4.4013E-03  -5.5101E+00   5.0946E+00   4.9484E+00  -4.5568E+00   9.8947E+00
  -9.1158E+00  -2.6686E-01   1.7681E-01   6.7016E+00  -7.2634E+00   6.7019E+00
  -7.2642E+00   6.7008E+00  -7.2652E+00   8.9051E-01   8.2007E-01   9.1244E-01
   7.8975E-01   1.0227E+00   7.7775E-01   8.2906E-01  -7.3200E-02  -1.5588E-01
  -1.7950E-01  -1.5747E-01  -9.9409E-02  -6.4608E-02  -1.3634E-01  -1.3580E-01
  -1.1414E-01  -1.2253E-01  -1.0013E-01  -8.8176E-02  -3.8137E-02   4.0684E-02
   3.6838E-02   2.5460E-02  -3.0742E-02  -8.7594E-03  -2.5838E-02  -4.8261E-02
   1.8400E-02   2.5760E-02   4.2265E-02   7.2223E-02   4.7108E-02   2.0451E-02
   3.2422E-02  -3.5494E-02  -3.2561E-02  -3.7476E-02  -4.6746E-02  -2.5940E-02
   6.6694E-02  -1.4968E-02  -3.8301E-02  -1.0659E-02  -9.0028E-03  -1.9355E-02
  -5.2788E-03   5.0773E-03   4.4261E-02   3.1098E-02  -1.2552E-02  -5.7991E-03
  -1.3251E-02  -1.9915E-02   1.7141E-03  -1.2998E-02  -1.3233E-02  -1.7617E-02
  -1.2526E-03   2.7592E-02  -9.4586E-03  -2.1717E-02   5.0835E-03   1.2384E-02
  -4.6720E-03   1.7663E-02  -1.1364E-02   1.6089E-03   6.0098E-04  -1.2296E-02
   5.5737E-03  -9.3075E-03   2.9100E-02   1.8071E-02  -3.0255E-03  -3.0350E-03
   7.8258E-03   1.6781E-02   1.3975E-03  -8.2344E-03   7.2733E-04   3.2990E-04
  -6.1200E-03  -2.6462E-02  -2.3740E-03   5.2483E-04  -8.1705E-03   7.8716E-04
  -1.3729E-02  -2.3035E-03   8.2081E-03  -5.7172E-03   2.1636E-02  -1.4261E-03
   3.3985E-03   1.1513E-02  -5.8838E-03  -1.0893E-02  -8.7835E-03  -8.7478E-03
  -6.2659E-03   2.3963E-01  -3.5852E-03  -3.1470E-03   1.0599E-01   1.9515E-02
   8.1260E-02   3.6772E-02   1.7351E-02   5.0242E-02   7.5188E-03  -6.9846E-02
  -7.8663E-02  -7.7961E-02   8.2172E-02   8.7294E-02   4.6484E-02  -3.2735E-02
   5.8813E-03  -5.7234E-02  -5.0146E-02   2.2020E-02   1.9609E-02   1.9380E-02
  -5.3204E-03   3.1794E-02   3.9856E-02   2.9592E-02  -1.6485E-02  -1.5724E-02
  -2.7345E-02  -3.3555E-02  -1.2793E-02   3.9224E-02  -1.5858E-02  -2.1365E-02
   2.9760E-03  -2.4331E-02  -1.5736E-02  -5.4727E-03  -2.7602E-02   3.1194E-02
   3.6596E-02  -1.3673E-02  -4.0598E-02  -9.1028E-03  -1.3907E-02  -2.0581E-02
  -1.6858E-02  -1.6453E-02  -1.0498E-02  -1.2974E-02   1.3186E-02  -1.5900E-02
  -1.6865E-02  -1.1591E-02   2.2783E-02   2.8958E-03   1.4214E-02  -5.3143E-03
  -2.8633E-03   4.3372E-04  -2.0331E-02   4.5609E-03  -1.0841E-02   2.6906E-02
   1.5697E-03  -3.6391E-03  -1.5037E-03   7.1670E-03   2.3424E-03  -6.8142E-03
  -2.9532E-03  -4.7133E-03   6.3482E-03   4.5161E-03  -4.9924E-02  -8.6936E-03
   9.3170E-04   3.3090E-04   2.4297E-03  -9.5537E-03   9.7798E-04  -6.5214E-03
  -6.1296E-03  -9.3407E-03   1.8442E-03  -1.8850E-02  -9.8209E-03  -9.9509E-03
   2.9598E-02   2.8047E-02   3.1375E-02   8.3176E-03  -4.9231E-02  -1.6800E-01
  -1.7675E-01  -1.5539E-01  -1.0925E-01  -3.9772E-02  -1.1320E-01  -1.2415E-01
  -1.3929E-01  -1.1482E-01  -9.2733E-02  -8.3479E-02  -2.4217E-02  -1.3466E-02
  -1.9436E-02  -6.1061E-03  -1.5796E-02  -1.5611E-02  -6.4640E-03  -2.2406E-02
   5.2220E-03   8.3724E-03   3.4296E-02   7.8114E-02   7.4297E-02   3.9376E-02
   2.9395E-02  -3.8615E-02  -3.2187E-02  -3.7102E-02  -4.1965E-02  -1.9075E-02
   1.5722E-02  -5.3712E-03  -2.6790E-02  -9.0366E-03  -1.1052E-02  -1.8757E-02
  -9.7393E-03   1.3225E-02   4.3162E-02   2.8840E-02  -1.3858E-02  -3.4608E-03
  -1.7216E-02  -9.8100E-03   3.2886E-03  -7.8117E-03  -5.7271E-03  -1.2675E-02
  -1.0293E-02   2.1278E-02  -6.2621E-03  -1.3410E-02   2.8126E-03   3.9836E-03
  -1.1120E-03   1.4529E-02  -8.1762E-03   3.8881E-03  -6.9309E-03  -4.1621E-03
   2.8941E-03   3.8595E-04   3.2568E-02   1.4247E-02  -4.5477E-03  -7.2150E-03
   2.9974E-03   2.0549E-02   9.2934E-04  -7.8296E-03  -9.1563E-04  -2.5100E-03
  -9.1528E-03  -2.0622E-02  -5.5876E-03   1.5372E-03  -1.5185E-02  -4.1435E-03
  -5.1112E-03  -5.3731E-03  -2.5093E-03   2.0793E-03   7.7642E-03  -4.1396E-03
   1.1958E-02   5.5625E-03  -1.6993E-03  -1.7397E-02  -1.4595E-02  -1.5699E-02
  -2.2877E-02   1.6297E-01  -2.7056E-02  -1.4390E-02   4.7882E-02   7.8194E-03
   4.1947E-02  -1.3537E-02  -3.3245E-02   2.7926E-02  -2.5931E-02  -6.7817E-02
  -7.9567E-02  -8.6825E-02   4.6623E-02   5.0722E-02   2.6049E-02  -2.2729E-02
   3.7964E-03  -4.7418E-02  -3.0613E-02   1.2317E-02   3.2882E-03   8.8861E-03
  -1.5716E-03   5.6365E-02   6.1487E-02   2.6952E-02  -1.7056E-02  -1.3735E-02
  -2.4508E-02  -2.2937E-02  -8.1107E-03   3.9507E-03  -8.4236E-03  -1.0542E-02
   6.2511E-03  -2.7963E-02  -1.5377E-02  -9.9001E-03  -2.5527E-02   2.5319E-02
   3.6291E-02  -1.2315E-02  -4.5518E-02  -9.5336E-03  -5.6862E-03  -1.9907E-02
  -1.2552E-02  -1.1519E-02  -7.2406E-03  -2.0595E-02   4.1418E-03  -1.3532E-02
  -1.1725E-02  -1.6453E-02   1.9197E-02   4.4703E-03   1.1443E-02  -3.7738E-03
  -4.2272E-04  -3.4245E-03  -1.7635E-02   1.0599E-03  -3.4050E-03   2.9247E-02
  -4.8758E-03  -4.3372E-03  -3.0425E-03   7.3432E-03   4.0231E-03  -7.3778E-03
   1.7512E-03  -7.1676E-03   2.9967E-03   7.1544E-03  -4.6369E-02  -1.1017E-02
   4.7280E-03   1.1557E-03  -7.8515E-04   5.0910E-05   1.3205E-03  -1.1537E-02
   1.6289E-03  -2.2678E-02  -1.8350E-04  -1.0952E-02  -1.9747E-02  -4.0479E-03
   2.7283E-02   2.6360E-02   2.7859E-02  -5.8473E-03
  > Energy =  -9.939093184849E+02 +/-   1.775922845649E-04
  > varE =   4.133882368749E-03

VMC #3:
* Size of Hilbert space =   1.0817E+14
* Number of equil. steps   = 1000
* Running VMC equilibration.
  Done. [total walltime: 0.34s]
* Equil. acc.ratio (%)     =  11.6287
* Sample config after equilibration:
  +-------------------------+
  |  u   0   d   2   u   d  |
  |d   2   u   u   d   0   2|
  |u   d   2   2   2   d   0|
  |  d   0   0   0   u   u  |
  +-------------------------+
* Number of accum. steps   = 524288 x 10
* Running VMC accumulation.
  Done. [total walltime: 1.81s]
* Acceptance ratio (%)     =  11.5884
* Etot/t                   =  -9.939092890554E+02 +/-   9.710114460883E-05
  > Ttot/t                 =  -9.590929646515E+01 +/-   1.072249586505E-03
  > Utot/t                 =   4.230816186064E+01 +/-   1.055759852301E-03
* var[Eloc/t]              =   4.280593241999E-03 +/-   1.252018860493E-04
* Correlation length       =   1.154820952057E+00
* log10 Psi^2 range: -132.4613635781471 -- -119.9154373661307
* log10 Pgen range : -132.4613635781471 -- -119.9154373661307
* Site occupation (ave. no. electrons per config.):
  > Site_  ___eu____  ___ed____
      1        0.499      0.495
      2        0.497      0.495
      3        0.495      0.501
      4        0.497      0.501
      5        0.504      0.507
      6        0.501      0.500
      7        0.503      0.506
      8        0.502      0.502
      9        0.497      0.494
     10        0.499      0.498
     11        0.496      0.497
     12        0.503      0.502
     13        0.505      0.502
     14        0.503      0.503
     15        0.507      0.503
     16        0.495      0.498
     17        0.503      0.502
     18        0.502      0.501
     19        0.499      0.499
     20        0.501      0.506
     21        0.504      0.501
     22        0.496      0.500
     23        0.494      0.494
     24        0.496      0.498
     25        0.501      0.495
     26        0.499      0.498
* Pair-correlation analysis (ave. no. pairs per config.):
  > Shell  nsite  ___dh____  __eueu___  __eued___
      0      1        0          0          4.496
      1      0        0.921      0.496      2.599
      2      0        0.134      0.360      0.532
      3      0        0.267      0.716      1.056
      4      0        0.224      0.761      1.059
      5      0        0.254      0.730      1.050
      6      0        0.752      0.847      2.443
      7      0        0.672      1.051      2.338
      8      0        0.602      1.226      2.259
      9      0        0.447      1.553      2.094
     10      0        0.527      1.385      2.181
     11      0        0.139      0.824      1.161
     12      0        0.138      0.835      1.145
     13      0        0.136      0.866      1.094
     14      0        0.226      2.120      1.922
     15      0        0.112      1.063      0.959
     16      0        0.223      2.096      1.926
     17      0        0.263      1.891      2.045
     18      0        0.237      2.051      1.940
     19      0        0.294      1.866      2.045
     20      0        0.305      1.866      2.053
     21      0        0.243      2.091      1.923
     22      0        0.248      2.118      1.906
     23      0        0.245      2.127      1.892
     24      0        0.232      2.091      1.909
     25      0        0.275      2.075      1.904
     26      0        0.266      2.078      1.891
     27      0        0.231      2.143      1.884
     28      0        0.217      1.965      2.069
     29      0        0.242      2.055      1.944
     30      0        0.214      1.961      2.105
     31      0        0.109      0.973      1.057
     32      0        0.247      2.057      1.950
     33      0        0.211      2.136      1.892
     34      0        0.248      2.048      1.964
     35      0        0.219      2.068      1.955
     36      0        0.247      2.013      1.966
     37      0        0.281      1.927      2.018
     38      0        0.144      0.960      1.008
     39      0        0.216      1.996      2.040
     40      0        0.258      1.902      2.079
     41      0        0.142      1.005      0.967
     42      0        0.273      2.022      1.939
     43      0        0.253      1.947      2.018
     44      0        0.257      1.870      2.104
     45      0        0.216      1.996      2.061
     46      0        0.240      2.031      1.971
     47      0        0.256      1.937      2.061
     48      0        0.243      1.960      2.039
     49      0        0.245      2.027      1.978
     50      0        0.249      1.974      2.026
     51      0        0.274      1.947      1.998
     52      0        0.248      2.021      1.953
     53      0        0.224      1.961      2.059
     54      0        0.221      2.041      1.984
     55      0        0.250      1.978      2.008
     56      0        0.278      1.989      1.951
     57      0        0.249      2.003      1.984
     58      0        0.218      2.050      1.985
     59      0        0.253      1.973      2.005
     60      0        0.239      2.012      1.989
     61      0        0.134      0.990      0.981
     62      0        0.109      1.022      1.005
     63      0        0.249      1.994      1.980
     64      0        0.221      2.025      2.001
     65      0        0.214      2.066      1.997
     66      0        0.134      0.980      0.991
     67      0        0.216      2.011      2.028
     68      0        0.218      2.026      2.008
     69      0        0.249      1.993      1.977
     70      0        0.252      2.005      1.977
     71      0        0.250      1.975      1.993
     72      0        0.218      2.018      2.010
     73      0        0.244      1.985      1.997
     74      0        0.244      1.993      1.975
     75      0        0.241      1.995      1.982
     76      0        0.244      1.841      2.139
     77      0        0.238      1.987      2.018
     78      0        0.108      1.009      1.019
     79      0        0.216      2.012      2.023
     80      0        0.218      2.023      2.008
     81      0        0.220      2.000      2.026
     82      0        0.238      1.984      1.998
     83      0        0.110      1.003      1.002
     84      0        0.221      2.001      2.000
     85      0        0.112      1.002      0.993
     86      0        0.243      1.979      1.990
     87      0        0.218      1.998      2.007
     88      0        0.109      1.004      1.001
     89      0        0.218      2.004      2.023
     90      0        0.125      0.975      1.007
     91      0        0.064      0.490      0.507
     92      0        0.063      0.484      0.505
     93      0        0.109      0.997      1.003

Optimization #3:
* Method          : lls
* Target function : energy
* No. of configs. : 131072
* No. of params.  : 736
* Before optimization:
  -2.1027E+01  -2.0833E+01  -2.1050E+01  -2.0831E+01  -2.1111E+01  -2.0836E+01
  -2.0614E+01   2.0726E+00   1.9589E+00   1.1204E+00   1.0807E+00   2.3472E+00
   2.7251E+00   2.2767E+00   2.2857E+00   1.4539E+00   1.4282E+00   1.4714E+00
   1.4537E+00   2.1266E+00   2.1281E+00   1.4734E+00   1.4407E+00   1.3800E+00
   1.4278E+00   1.1135E+00   1.3820E+00   1.3828E+00   1.3590E+00   1.2780E+00
   1.2704E+00   2.1751E+00   2.1740E+00   1.7973E+00   1.7944E+00   1.4564E+00
   1.4597E+00   6.6578E-01   6.6346E-01   1.1199E+00   1.1181E+00   1.1267E+00
   1.1211E+00   1.1082E+00   1.1080E+00   2.3108E+00   2.3017E+00   8.0225E-01
   7.9891E-01   1.5820E+00   1.5933E+00   1.9628E+00   1.9600E+00   1.0407E+00
   1.0402E+00   1.4521E+00   1.4532E+00   1.1366E+00   1.1361E+00   1.1107E+00
   6.1351E-01   6.1429E-01   1.6687E+00   1.6507E+00   6.4549E-01   6.4266E-01
   1.4118E+00   1.4130E+00   4.9129E-01   4.8571E-01   9.1513E-01   9.1259E-01
   6.8927E-02   5.5081E-01   5.4694E-01   6.8998E-01   6.8917E-01   9.1014E-02
   9.4159E-01   9.3854E-01   8.2936E-01   8.2510E-01   1.5283E+00   1.5298E+00
   6.5320E-01   6.5630E-01   9.4537E-01   9.4555E-01   7.2379E-01   7.1977E-01
   9.6217E-01   9.6292E-01   1.3297E-01   1.3405E-01   1.5042E-01   1.5017E-01
   4.2347E-01   4.2444E-01   8.5253E-01   8.4888E-01   9.2344E-01   9.1890E-01
   9.0868E-01   9.0454E-01   5.1058E-02   4.6707E-02   4.3111E-01   4.3161E-01
   3.5364E-02   3.0769E-02   6.0140E-01   5.9745E-01   3.9336E-01   3.8824E-01
   5.2993E-01   5.3094E-01   8.4752E-01   2.3903E-01  -4.1429E-01  -4.1488E-01
   4.6456E-01   4.6116E-01   7.0748E-01   7.0826E-01   8.4341E-01   9.3332E-02
   8.9796E-02   1.0585E-01   1.0363E-01  -3.7665E-02  -4.0037E-02   3.9762E-01
   3.9194E-01  -3.7800E-02  -4.1971E-02   8.5622E-02   8.6667E-02  -4.0833E-01
  -4.1143E-01   4.1520E-01   4.1451E-01   3.0970E-02   2.9731E-02   1.4916E+00
   1.4907E+00   5.3682E-01   5.3623E-01   2.2648E-01  -2.9400E-01  -2.9533E-01
  -2.8879E-01  -2.8909E-01   4.6794E-01   4.6345E-01   3.1949E-02   3.0746E-02
  -7.7635E-01  -3.8838E-01  -3.8837E-01  -4.9924E-03   4.1463E-01   4.1386E-01
  -3.9362E-01  -3.9372E-01  -7.7922E-01   8.9044E-02   8.9974E-02   5.6285E-01
   5.5703E-01   5.6399E-01   5.6031E-01   5.6421E-01   5.5741E-01   3.6030E+00
  -5.7162E+00   1.7917E+00  -2.9106E+00   4.0083E+00  -5.0875E+00  -1.3677E+00
  -1.0052E+00  -1.2121E+01   9.3919E+00  -6.7978E+00   4.4148E+00  -2.5489E-01
  -1.2808E+00  -1.3715E+00  -1.7522E-01  -1.7632E+00  -3.7852E-01   1.2570E+00
  -2.7713E+00  -4.3270E+00   2.9524E+00  -1.2786E+00  -1.5031E-01   8.7939E+00
  -9.9017E+00  -2.7310E+00   1.3591E+00  -4.2391E+00   2.8924E+00   3.7987E+00
  -5.0637E+00  -6.5457E+00   4.3667E+00  -1.6035E+00  -1.9063E-01  -3.8086E+00
   2.3509E+00   3.1509E+00  -3.8198E+00   1.4387E+00  -2.5561E+00  -1.1911E+00
   7.0054E-02  -8.0955E-02  -1.0222E+00  -6.5797E+00   4.2976E+00   3.1259E+00
  -3.8940E+00  -3.8412E+00   2.2809E+00  -6.6259E+00   4.6696E+00   3.8846E+00
  -4.9263E+00  -7.8755E+00   6.4231E+00  -2.6448E+00   1.5069E+00  -4.1600E+00
   3.0452E+00   2.1142E-01  -8.2421E-01   3.7693E+00  -5.4153E+00   6.1874E-01
  -1.2620E+00  -1.0448E+00  -3.6568E-01   6.7294E+00  -7.2182E+00  -4.5963E+00
   3.6831E+00   4.5976E+00  -4.6664E+00   2.6343E+00  -3.1819E+00   1.8420E-01
  -8.7969E-01   4.5922E+00  -4.6818E+00  -4.6047E+00   3.6673E+00   1.8075E+00
  -2.6354E+00  -7.9053E+00   6.3711E+00  -2.3505E+00   1.6949E+00  -7.5727E+00
   6.6269E+00   5.8663E-01  -1.3149E+00  -7.5769E+00   6.6144E+00   2.0269E+00
  -2.1598E+00   2.0207E+00  -2.1711E+00  -3.1981E+00   2.7746E+00   1.8017E+00
  -2.6511E+00  -2.2987E+00   1.3787E+00  -2.2962E+00   1.3881E+00   5.8946E+00
  -5.9444E+00  -3.2021E+00   2.7714E+00   5.9004E+00  -5.9323E+00   2.6184E+00
  -3.2183E+00   9.6786E-01  -1.3598E+00  -5.7894E+00   5.2601E+00  -1.1027E+01
   1.0180E+01  -5.6095E-01   3.2355E-01   7.2752E+00  -6.8619E+00  -2.0269E+00
   1.5645E+00  -2.3627E+00   1.6557E+00  -1.1027E+01   1.0183E+01   2.9103E+00
  -3.0022E+00   2.9086E+00  -3.0128E+00   2.3360E+00  -2.2970E+00   9.6806E-01
  -1.3623E+00   2.3352E+00  -2.2957E+00  -2.6505E-01   1.7925E-01   7.2739E+00
  -6.8659E+00  -5.5090E+00   5.0951E+00  -5.6443E-01   5.3426E-01  -1.0769E+00
  -4.2098E-01  -5.7920E+00   5.2546E+00  -5.5987E-01   3.3059E-01   4.6770E+00
  -4.3837E+00   4.6768E+00  -4.3872E+00  -2.0274E+00   1.5619E+00  -5.6491E-01
   5.3234E-01   9.8935E+00  -9.1155E+00   4.9461E+00  -4.5588E+00   5.5467E-03
   4.4013E-03  -5.5101E+00   5.0946E+00   4.9484E+00  -4.5568E+00   9.8947E+00
  -9.1158E+00  -2.6686E-01   1.7681E-01   6.7016E+00  -7.2634E+00   6.7019E+00
  -7.2642E+00   6.7008E+00  -7.2652E+00   8.9051E-01   8.2007E-01   9.1244E-01
   7.8975E-01   1.0227E+00   7.7775E-01   8.2906E-01  -7.3200E-02  -1.5588E-01
  -1.7950E-01  -1.5747E-01  -9.9409E-02  -6.4608E-02  -1.3634E-01  -1.3580E-01
  -1.1414E-01  -1.2253E-01  -1.0013E-01  -8.8176E-02  -3.8137E-02   4.0684E-02
   3.6838E-02   2.5460E-02  -3.0742E-02  -8.7594E-03  -2.5838E-02  -4.8261E-02
   1.8400E-02   2.5760E-02   4.2265E-02   7.2223E-02   4.7108E-02   2.0451E-02
   3.2422E-02  -3.5494E-02  -3.2561E-02  -3.7476E-02  -4.6746E-02  -2.5940E-02
   6.6694E-02  -1.4968E-02  -3.8301E-02  -1.0659E-02  -9.0028E-03  -1.9355E-02
  -5.2788E-03   5.0773E-03   4.4261E-02   3.1098E-02  -1.2552E-02  -5.7991E-03
  -1.3251E-02  -1.9915E-02   1.7141E-03  -1.2998E-02  -1.3233E-02  -1.7617E-02
  -1.2526E-03   2.7592E-02  -9.4586E-03  -2.1717E-02   5.0835E-03   1.2384E-02
  -4.6720E-03   1.7663E-02  -1.1364E-02   1.6089E-03   6.0098E-04  -1.2296E-02
   5.5737E-03  -9.3075E-03   2.9100E-02   1.8071E-02  -3.0255E-03  -3.0350E-03
   7.8258E-03   1.6781E-02   1.3975E-03  -8.2344E-03   7.2733E-04   3.2990E-04
  -6.1200E-03  -2.6462E-02  -2.3740E-03   5.2483E-04  -8.1705E-03   7.8716E-04
  -1.3729E-02  -2.3035E-03   8.2081E-03  -5.7172E-03   2.1636E-02  -1.4261E-03
   3.3985E-03   1.1513E-02  -5.8838E-03  -1.0893E-02  -8.7835E-03  -8.7478E-03
  -6.2659E-03   2.3963E-01  -3.5852E-03  -3.1470E-03   1.0599E-01   1.9515E-02
   8.1260E-02   3.6772E-02   1.7351E-02   5.0242E-02   7.5188E-03  -6.9846E-02
  -7.8663E-02  -7.7961E-02   8.2172E-02   8.7294E-02   4.6484E-02  -3.2735E-02
   5.8813E-03  -5.7234E-02  -5.0146E-02   2.2020E-02   1.9609E-02   1.9380E-02
  -5.3204E-03   3.1794E-02   3.9856E-02   2.9592E-02  -1.6485E-02  -1.5724E-02
  -2.7345E-02  -3.3555E-02  -1.2793E-02   3.9224E-02  -1.5858E-02  -2.1365E-02
   2.9760E-03  -2.4331E-02  -1.5736E-02  -5.4727E-03  -2.7602E-02   3.1194E-02
   3.6596E-02  -1.3673E-02  -4.0598E-02  -9.1028E-03  -1.3907E-02  -2.0581E-02
  -1.6858E-02  -1.6453E-02  -1.0498E-02  -1.2974E-02   1.3186E-02  -1.5900E-02
  -1.6865E-02  -1.1591E-02   2.2783E-02   2.8958E-03   1.4214E-02  -5.3143E-03
  -2.8633E-03   4.3372E-04  -2.0331E-02   4.5609E-03  -1.0841E-02   2.6906E-02
   1.5697E-03  -3.6391E-03  -1.5037E-03   7.1670E-03   2.3424E-03  -6.8142E-03
  -2.9532E-03  -4.7133E-03   6.3482E-03   4.5161E-03  -4.9924E-02  -8.6936E-03
   9.3170E-04   3.3090E-04   2.4297E-03  -9.5537E-03   9.7798E-04  -6.5214E-03
  -6.1296E-03  -9.3407E-03   1.8442E-03  -1.8850E-02  -9.8209E-03  -9.9509E-03
   2.9598E-02   2.8047E-02   3.1375E-02   8.3176E-03  -4.9231E-02  -1.6800E-01
  -1.7675E-01  -1.5539E-01  -1.0925E-01  -3.9772E-02  -1.1320E-01  -1.2415E-01
  -1.3929E-01  -1.1482E-01  -9.2733E-02  -8.3479E-02  -2.4217E-02  -1.3466E-02
  -1.9436E-02  -6.1061E-03  -1.5796E-02  -1.5611E-02  -6.4640E-03  -2.2406E-02
   5.2220E-03   8.3724E-03   3.4296E-02   7.8114E-02   7.4297E-02   3.9376E-02
   2.9395E-02  -3.8615E-02  -3.2187E-02  -3.7102E-02  -4.1965E-02  -1.9075E-02
   1.5722E-02  -5.3712E-03  -2.6790E-02  -9.0366E-03  -1.1052E-02  -1.8757E-02
  -9.7393E-03   1.3225E-02   4.3162E-02   2.8840E-02  -1.3858E-02  -3.4608E-03
  -1.7216E-02  -9.8100E-03   3.2886E-03  -7.8117E-03  -5.7271E-03  -1.2675E-02
  -1.0293E-02   2.1278E-02  -6.2621E-03  -1.3410E-02   2.8126E-03   3.9836E-03
  -1.1120E-03   1.4529E-02  -8.1762E-03   3.8881E-03  -6.9309E-03  -4.1621E-03
   2.8941E-03   3.8595E-04   3.2568E-02   1.4247E-02  -4.5477E-03  -7.2150E-03
   2.9974E-03   2.0549E-02   9.2934E-04  -7.8296E-03  -9.1563E-04  -2.5100E-03
  -9.1528E-03  -2.0622E-02  -5.5876E-03   1.5372E-03  -1.5185E-02  -4.1435E-03
  -5.1112E-03  -5.3731E-03  -2.5093E-03   2.0793E-03   7.7642E-03  -4.1396E-03
   1.1958E-02   5.5625E-03  -1.6993E-03  -1.7397E-02  -1.4595E-02  -1.5699E-02
  -2.2877E-02   1.6297E-01  -2.7056E-02  -1.4390E-02   4.7882E-02   7.8194E-03
   4.1947E-02  -1.3537E-02  -3.3245E-02   2.7926E-02  -2.5931E-02  -6.7817E-02
  -7.9567E-02  -8.6825E-02   4.6623E-02   5.0722E-02   2.6049E-02  -2.2729E-02
   3.7964E-03  -4.7418E-02  -3.0613E-02   1.2317E-02   3.2882E-03   8.8861E-03
  -1.5716E-03   5.6365E-02   6.1487E-02   2.6952E-02  -1.7056E-02  -1.3735E-02
  -2.4508E-02  -2.2937E-02  -8.1107E-03   3.9507E-03  -8.4236E-03  -1.0542E-02
   6.2511E-03  -2.7963E-02  -1.5377E-02  -9.9001E-03  -2.5527E-02   2.5319E-02
   3.6291E-02  -1.2315E-02  -4.5518E-02  -9.5336E-03  -5.6862E-03  -1.9907E-02
  -1.2552E-02  -1.1519E-02  -7.2406E-03  -2.0595E-02   4.1418E-03  -1.3532E-02
  -1.1725E-02  -1.6453E-02   1.9197E-02   4.4703E-03   1.1443E-02  -3.7738E-03
  -4.2272E-04  -3.4245E-03  -1.7635E-02   1.0599E-03  -3.4050E-03   2.9247E-02
  -4.8758E-03  -4.3372E-03  -3.0425E-03   7.3432E-03   4.0231E-03  -7.3778E-03
   1.7512E-03  -7.1676E-03   2.9967E-03   7.1544E-03  -4.6369E-02  -1.1017E-02
   4.7280E-03   1.1557E-03  -7.8515E-04   5.0910E-05   1.3205E-03  -1.1537E-02
   1.6289E-03  -2.2678E-02  -1.8350E-04  -1.0952E-02  -1.9747E-02  -4.0479E-03
   2.7283E-02   2.6360E-02   2.7859E-02  -5.8473E-03
  > E    =  -9.939093063213E+02 +/-   1.784626815731E-04
  > varE =   4.174502784438E-03
* Computing derivatives.
    [walltime: 2m40s elapsed, 2m40s remaining]
  Done. [total walltime: 5m22s]
* Optimizing manipulation constant:
  #igrid a___________ E____________________________________ varE____________
     1     Infinity    -9.93909306E+02 +/-   1.78462682E-04   4.17450278E-03
     2     1.0000E+06  -9.93909306E+02 +/-   1.78462658E-04   4.17450170E-03
     3     2.1544E+05  -9.93909306E+02 +/-   1.78462575E-04   4.17449778E-03
     4     4.6416E+04  -9.93909306E+02 +/-   1.78462187E-04   4.17447966E-03
     5     1.0000E+04  -9.93909306E+02 +/-   1.78460445E-04   4.17439814E-03
     6     2.1544E+03  -9.93909307E+02 +/-   1.78453527E-04   4.17407451E-03
     7     4.6416E+02  -9.93909307E+02 +/-   1.78446535E-04   4.17374744E-03
     8     1.0000E+02  -9.93909289E+02 +/-   1.78962784E-04   4.19793182E-03
     9     2.1544E+01  -9.93908275E+02 +/-   2.00181746E-04   5.25241308E-03
    10     4.6416E+00  -9.93766915E+02 +/-   9.80397213E-04   1.25983614E-01
    11     1.0000E+00  -9.91167354E+02 +/-   3.46922531E-03   1.57752023E+00
    12     2.1544E-01  -9.90676384E+02 +/-   3.58387157E-03   1.68350652E+00
    13     4.6416E-02  -9.90675272E+02 +/-   3.58420962E-03   1.68382413E+00
    14     1.0000E-02  -9.90675267E+02 +/-   3.58458725E-03   1.68417896E+00
    15     2.1544E-03  -9.90675268E+02 +/-   3.58471867E-03   1.68430246E+00
    16     4.6416E-04  -9.90675268E+02 +/-   3.58475021E-03   1.68433210E+00
    17     1.0000E-04  -9.90675269E+02 +/-   3.58475717E-03   1.68433863E+00
    18     2.1544E-05  -9.90675269E+02 +/-   3.58475867E-03   1.68434005E+00
    19     4.6416E-06  -9.90675269E+02 +/-   3.58475900E-03   1.68434035E+00
    20     1.0000E-06  -9.90675269E+02 +/-   3.58475907E-03   1.68434042E+00
    21     0.0000E+00  -9.90675269E+02 +/-   3.58475909E-03   1.68434044E+00
  ParMin   9.6351E+02  -9.93909307E+02 +/-   1.78446528E-04   4.17374709E-03
  # Using grid point #7
* Iteration # 1: E =  -9.939093072039E+02 +/-   1.784465350114E-04
* Convergence: exiting.
* After optimization:
  -2.1039E+01  -2.0846E+01  -2.1063E+01  -2.0844E+01  -2.1124E+01  -2.0849E+01
  -2.0626E+01   2.0726E+00   1.9589E+00   1.1203E+00   1.0806E+00   2.3472E+00
   2.7251E+00   2.2767E+00   2.2856E+00   1.4539E+00   1.4282E+00   1.4714E+00
   1.4537E+00   2.1265E+00   2.1281E+00   1.4733E+00   1.4406E+00   1.3800E+00
   1.4277E+00   1.1134E+00   1.3820E+00   1.3828E+00   1.3590E+00   1.2780E+00
   1.2704E+00   2.1751E+00   2.1740E+00   1.7973E+00   1.7944E+00   1.4564E+00
   1.4597E+00   6.6575E-01   6.6343E-01   1.1199E+00   1.1180E+00   1.1266E+00
   1.1210E+00   1.1082E+00   1.1079E+00   2.3108E+00   2.3016E+00   8.0223E-01
   7.9889E-01   1.5819E+00   1.5933E+00   1.9628E+00   1.9600E+00   1.0406E+00
   1.0402E+00   1.4521E+00   1.4531E+00   1.1366E+00   1.1360E+00   1.1107E+00
   6.1348E-01   6.1426E-01   1.6687E+00   1.6507E+00   6.4545E-01   6.4263E-01
   1.4118E+00   1.4130E+00   4.9125E-01   4.8569E-01   9.1510E-01   9.1256E-01
   6.8909E-02   5.5078E-01   5.4692E-01   6.8997E-01   6.8915E-01   9.1011E-02
   9.4156E-01   9.3851E-01   8.2935E-01   8.2509E-01   1.5282E+00   1.5297E+00
   6.5318E-01   6.5627E-01   9.4535E-01   9.4553E-01   7.2376E-01   7.1973E-01
   9.6215E-01   9.6289E-01   1.3296E-01   1.3403E-01   1.5041E-01   1.5015E-01
   4.2346E-01   4.2443E-01   8.5253E-01   8.4887E-01   9.2344E-01   9.1891E-01
   9.0867E-01   9.0454E-01   5.1041E-02   4.6696E-02   4.3110E-01   4.3160E-01
   3.5343E-02   3.0754E-02   6.0138E-01   5.9743E-01   3.9336E-01   3.8824E-01
   5.2991E-01   5.3092E-01   8.4750E-01   2.3901E-01  -4.1429E-01  -4.1488E-01
   4.6456E-01   4.6116E-01   7.0745E-01   7.0823E-01   8.4339E-01   9.3318E-02
   8.9783E-02   1.0584E-01   1.0362E-01  -3.7647E-02  -4.0014E-02   3.9763E-01
   3.9195E-01  -3.7784E-02  -4.1953E-02   8.5627E-02   8.6662E-02  -4.0833E-01
  -4.1142E-01   4.1519E-01   4.1450E-01   3.0949E-02   2.9709E-02   1.4916E+00
   1.4908E+00   5.3680E-01   5.3621E-01   2.2646E-01  -2.9401E-01  -2.9534E-01
  -2.8881E-01  -2.8910E-01   4.6795E-01   4.6347E-01   3.1928E-02   3.0726E-02
  -7.7637E-01  -3.8839E-01  -3.8838E-01  -4.9785E-03   4.1461E-01   4.1385E-01
  -3.9362E-01  -3.9371E-01  -7.7923E-01   8.9042E-02   8.9973E-02   5.6283E-01
   5.5701E-01   5.6396E-01   5.6028E-01   5.6418E-01   5.5738E-01   3.6031E+00
  -5.7165E+00   1.7921E+00  -2.9109E+00   4.0087E+00  -5.0879E+00  -1.3677E+00
  -1.0051E+00  -1.2121E+01   9.3915E+00  -6.7974E+00   4.4144E+00  -2.5448E-01
  -1.2813E+00  -1.3712E+00  -1.7557E-01  -1.7627E+00  -3.7890E-01   1.2574E+00
  -2.7717E+00  -4.3266E+00   2.9520E+00  -1.2782E+00  -1.5068E-01   8.7943E+00
  -9.9021E+00  -2.7306E+00   1.3588E+00  -4.2387E+00   2.8920E+00   3.7991E+00
  -5.0640E+00  -6.5455E+00   4.3665E+00  -1.6031E+00  -1.9102E-01  -3.8082E+00
   2.3505E+00   3.1513E+00  -3.8202E+00   1.4391E+00  -2.5565E+00  -1.1907E+00
   6.9707E-02  -8.0515E-02  -1.0226E+00  -6.5795E+00   4.2974E+00   3.1263E+00
  -3.8944E+00  -3.8407E+00   2.2805E+00  -6.6255E+00   4.6692E+00   3.8850E+00
  -4.9267E+00  -7.8751E+00   6.4227E+00  -2.6444E+00   1.5065E+00  -4.1596E+00
   3.0449E+00   2.1185E-01  -8.2461E-01   3.7695E+00  -5.4155E+00   6.1911E-01
  -1.2623E+00  -1.0446E+00  -3.6588E-01   6.7299E+00  -7.2186E+00  -4.5959E+00
   3.6827E+00   4.5981E+00  -4.6668E+00   2.6347E+00  -3.1822E+00   1.8460E-01
  -8.8008E-01   4.5926E+00  -4.6822E+00  -4.6043E+00   3.6670E+00   1.8077E+00
  -2.6356E+00  -7.9049E+00   6.3707E+00  -2.3502E+00   1.6945E+00  -7.5723E+00
   6.6265E+00   5.8700E-01  -1.3152E+00  -7.5765E+00   6.6140E+00   2.0274E+00
  -2.1602E+00   2.0211E+00  -2.1715E+00  -3.1977E+00   2.7742E+00   1.8019E+00
  -2.6513E+00  -2.2985E+00   1.3785E+00  -2.2960E+00   1.3879E+00   5.8950E+00
  -5.9448E+00  -3.2017E+00   2.7709E+00   5.9008E+00  -5.9327E+00   2.6189E+00
  -3.2187E+00   9.6802E-01  -1.3600E+00  -5.7890E+00   5.2597E+00  -1.1027E+01
   1.0179E+01  -5.6057E-01   3.2319E-01   7.2756E+00  -6.8623E+00  -2.0267E+00
   1.5643E+00  -2.3623E+00   1.6553E+00  -1.1027E+01   1.0182E+01   2.9107E+00
  -3.0026E+00   2.9090E+00  -3.0132E+00   2.3362E+00  -2.2972E+00   9.6822E-01
  -1.3625E+00   2.3354E+00  -2.2959E+00  -2.6486E-01   1.7907E-01   7.2743E+00
  -6.8663E+00  -5.5088E+00   5.0949E+00  -5.6401E-01   5.3387E-01  -1.0767E+00
  -4.2118E-01  -5.7916E+00   5.2542E+00  -5.5949E-01   3.3023E-01   4.6774E+00
  -4.3841E+00   4.6772E+00  -4.3876E+00  -2.0273E+00   1.5617E+00  -5.6449E-01
   5.3195E-01   9.8939E+00  -9.1159E+00   4.9463E+00  -4.5590E+00   5.5298E-03
   4.3823E-03  -5.5099E+00   5.0944E+00   4.9486E+00  -4.5570E+00   9.8951E+00
  -9.1162E+00  -2.6668E-01   1.7662E-01   6.7021E+00  -7.2638E+00   6.7023E+00
  -7.2646E+00   6.7013E+00  -7.2656E+00   8.9636E-01   8.2544E-01   9.1844E-01
   7.9483E-01   1.0295E+00   7.8280E-01   8.3445E-01  -7.3616E-02  -1.5700E-01
  -1.8075E-01  -1.5843E-01  -1.0011E-01  -6.5045E-02  -1.3729E-01  -1.3673E-01
  -1.1487E-01  -1.2338E-01  -1.0075E-01  -8.8749E-02  -3.8356E-02   4.0933E-02
   3.7078E-02   2.5639E-02  -3.0948E-02  -8.7856E-03  -2.5995E-02  -4.8561E-02
   1.8515E-02   2.5919E-02   4.2536E-02   7.2737E-02   4.7397E-02   2.0614E-02
   3.2647E-02  -3.5684E-02  -3.2787E-02  -3.7733E-02  -4.7033E-02  -2.6124E-02
   6.7114E-02  -1.5070E-02  -3.8527E-02  -1.0735E-02  -9.0672E-03  -1.9451E-02
  -5.2826E-03   5.1413E-03   4.4560E-02   3.1323E-02  -1.2615E-02  -5.8231E-03
  -1.3355E-02  -2.0063E-02   1.7451E-03  -1.3086E-02  -1.3337E-02  -1.7704E-02
  -1.2985E-03   2.7784E-02  -9.5417E-03  -2.1849E-02   5.0837E-03   1.2493E-02
  -4.7109E-03   1.7768E-02  -1.1385E-02   1.6551E-03   5.6284E-04  -1.2402E-02
   5.6624E-03  -9.3384E-03   2.9314E-02   1.8207E-02  -3.0270E-03  -3.0446E-03
   7.8732E-03   1.6903E-02   1.4581E-03  -8.3247E-03   7.2098E-04   3.2101E-04
  -6.1692E-03  -2.6636E-02  -2.4292E-03   5.3224E-04  -8.2559E-03   7.6852E-04
  -1.3800E-02  -2.3140E-03   8.2005E-03  -5.8014E-03   2.1821E-02  -1.4043E-03
   3.4258E-03   1.1591E-02  -5.9269E-03  -1.0966E-02  -8.8462E-03  -8.8077E-03
  -6.3692E-03   2.4119E-01  -3.7057E-03  -3.2766E-03   1.0670E-01   1.9640E-02
   8.1774E-02   3.6941E-02   1.7406E-02   5.0569E-02   7.5257E-03  -7.0288E-02
  -7.9141E-02  -7.8417E-02   8.2701E-02   8.7871E-02   4.6798E-02  -3.2914E-02
   5.9005E-03  -5.7573E-02  -5.0470E-02   2.2176E-02   1.9745E-02   1.9550E-02
  -5.3285E-03   3.2001E-02   4.0120E-02   2.9760E-02  -1.6601E-02  -1.5828E-02
  -2.7510E-02  -3.3745E-02  -1.2908E-02   3.9502E-02  -1.5958E-02  -2.1530E-02
   2.9663E-03  -2.4476E-02  -1.5842E-02  -5.4887E-03  -2.7752E-02   3.1436E-02
   3.6833E-02  -1.3770E-02  -4.0837E-02  -9.1579E-03  -1.3994E-02  -2.0710E-02
  -1.6946E-02  -1.6557E-02  -1.0570E-02  -1.3036E-02   1.3301E-02  -1.6000E-02
  -1.6979E-02  -1.1657E-02   2.2928E-02   2.8987E-03   1.4296E-02  -5.3252E-03
  -2.8805E-03   4.7471E-04  -2.0428E-02   4.5601E-03  -1.0921E-02   2.7089E-02
   1.5712E-03  -3.6862E-03  -1.5321E-03   7.2414E-03   2.4070E-03  -6.8822E-03
  -2.9666E-03  -4.7461E-03   6.3847E-03   4.5204E-03  -5.0224E-02  -8.7265E-03
   9.3729E-04   3.4311E-04   2.4257E-03  -9.6130E-03   9.7118E-04  -6.5310E-03
  -6.1485E-03  -9.3607E-03   1.8488E-03  -1.8941E-02  -9.8245E-03  -1.0007E-02
   2.9765E-02   2.8208E-02   3.1550E-02   8.3708E-03  -4.9235E-02  -1.6806E-01
  -1.7682E-01  -1.5535E-01  -1.0934E-01  -3.9817E-02  -1.1325E-01  -1.2420E-01
  -1.3932E-01  -1.1488E-01  -9.2702E-02  -8.3458E-02  -2.4211E-02  -1.3479E-02
  -1.9449E-02  -6.1114E-03  -1.5825E-02  -1.5597E-02  -6.4469E-03  -2.2377E-02
   5.2088E-03   8.3777E-03   3.4274E-02   7.8121E-02   7.4272E-02   3.9389E-02
   2.9410E-02  -3.8571E-02  -3.2212E-02  -3.7109E-02  -4.1963E-02  -1.9081E-02
   1.5665E-02  -5.3811E-03  -2.6765E-02  -9.0406E-03  -1.1050E-02  -1.8730E-02
  -9.7170E-03   1.3261E-02   4.3162E-02   2.8872E-02  -1.3837E-02  -3.4464E-03
  -1.7242E-02  -9.8441E-03   3.3322E-03  -7.8256E-03  -5.7474E-03  -1.2657E-02
  -1.0333E-02   2.1291E-02  -6.2505E-03  -1.3382E-02   2.8101E-03   4.0185E-03
  -1.0937E-03   1.4536E-02  -8.1605E-03   3.9284E-03  -6.9614E-03  -4.2072E-03
   2.9563E-03   3.9826E-04   3.2582E-02   1.4292E-02  -4.5182E-03  -7.1858E-03
   2.9952E-03   2.0514E-02   9.9339E-04  -7.8616E-03  -9.1156E-04  -2.5284E-03
  -9.1463E-03  -2.0622E-02  -5.6353E-03   1.5503E-03  -1.5223E-02  -4.1627E-03
  -5.1049E-03  -5.3573E-03  -2.5578E-03   2.0212E-03   7.7980E-03  -4.1317E-03
   1.1974E-02   5.5373E-03  -1.7029E-03  -1.7398E-02  -1.4596E-02  -1.5701E-02
  -2.2942E-02   1.6286E-01  -2.7136E-02  -1.4510E-02   4.7838E-02   7.7913E-03
   4.1872E-02  -1.3646E-02  -3.3325E-02   2.7873E-02  -2.5995E-02  -6.7796E-02
  -7.9506E-02  -8.6785E-02   4.6618E-02   5.0722E-02   2.6042E-02  -2.2709E-02
   3.7572E-03  -4.7375E-02  -3.0599E-02   1.2327E-02   3.3129E-03   8.9283E-03
  -1.5788E-03   5.6365E-02   6.1471E-02   2.6915E-02  -1.7070E-02  -1.3737E-02
  -2.4474E-02  -2.2931E-02  -8.1332E-03   3.9254E-03  -8.4281E-03  -1.0568E-02
   6.2213E-03  -2.7939E-02  -1.5379E-02  -9.8876E-03  -2.5485E-02   2.5349E-02
   3.6288E-02  -1.2324E-02  -4.5482E-02  -9.5254E-03  -5.6804E-03  -1.9886E-02
  -1.2530E-02  -1.1514E-02  -7.2502E-03  -2.0570E-02   4.1703E-03  -1.3501E-02
  -1.1707E-02  -1.6410E-02   1.9193E-02   4.4727E-03   1.1450E-02  -3.7762E-03
  -4.3095E-04  -3.3621E-03  -1.7604E-02   1.0370E-03  -3.4298E-03   2.9240E-02
  -4.8722E-03  -4.3552E-03  -3.0615E-03   7.3564E-03   4.0379E-03  -7.4036E-03
   1.7555E-03  -7.1655E-03   2.9940E-03   7.1353E-03  -4.6333E-02  -1.0992E-02
   4.7350E-03   1.1602E-03  -7.9797E-04   3.8288E-05   1.3033E-03  -1.1502E-02
   1.6564E-03  -2.2642E-02  -1.9552E-04  -1.0909E-02  -1.9698E-02  -4.0422E-03
   2.7256E-02   2.6334E-02   2.7835E-02  -5.8350E-03
  > Energy =  -9.939093072039E+02 +/-   1.784465350114E-04
  > varE =   4.173747435286E-03

VMC #4:
* Size of Hilbert space =   1.0817E+14
* Number of equil. steps   = 1000
* Running VMC equilibration.
  Done. [total walltime: 0.34s]
* Equil. acc.ratio (%)     =  11.5552
* Sample config after equilibration:
  +-------------------------+
  |  0   2   d   2   d   0  |
  |2   0   u   0   u   d   2|
  |2   2   d   2   2   0   u|
  |  0   0   u   0   u   d  |
  +-------------------------+
* Number of accum. steps   = 524288 x 10
* Running VMC accumulation.
  Done. [total walltime: 1.82s]
* Acceptance ratio (%)     =  11.4987
* Etot/t                   =  -9.939095245545E+02 +/-   9.374908802692E-05
  > Ttot/t                 =  -9.590769106243E+01 +/-   1.077497901502E-03
  > Utot/t                 =   4.230632095888E+01 +/-   1.063456656150E-03
* var[Eloc/t]              =   4.087331715858E-03 +/-   3.457840436662E-05
* Correlation length       =   1.127363930839E+00
* log10 Psi^2 range: -133.1100916720099 -- -119.5063499071518
* log10 Pgen range : -133.1100916720099 -- -119.5063499071518
* Site occupation (ave. no. electrons per config.):
  > Site_  ___eu____  ___ed____
      1        0.494      0.499
      2        0.497      0.495
      3        0.496      0.496
      4        0.496      0.496
      5        0.504      0.504
      6        0.500      0.497
      7        0.500      0.502
      8        0.502      0.497
      9        0.497      0.500
     10        0.500      0.500
     11        0.497      0.495
     12        0.504      0.501
     13        0.503      0.508
     14        0.506      0.505
     15        0.503      0.504
     16        0.500      0.496
     17        0.499      0.500
     18        0.503      0.502
     19        0.499      0.504
     20        0.503      0.506
     21        0.502      0.504
     22        0.501      0.502
     23        0.499      0.496
     24        0.498      0.499
     25        0.497      0.495
     26        0.500      0.501
* Pair-correlation analysis (ave. no. pairs per config.):
  > Shell  nsite  ___dh____  __eueu___  __eued___
      0      1        0          0          4.476
      1      0        0.917      0.497      2.606
      2      0        0.134      0.357      0.527
      3      0        0.263      0.720      1.056
      4      0        0.224      0.765      1.063
      5      0        0.249      0.737      1.054
      6      0        0.749      0.845      2.445
      7      0        0.666      1.051      2.349
      8      0        0.598      1.221      2.260
      9      0        0.443      1.552      2.099
     10      0        0.525      1.384      2.175
     11      0        0.134      0.827      1.166
     12      0        0.137      0.835      1.138
     13      0        0.137      0.862      1.092
     14      0        0.221      2.123      1.920
     15      0        0.110      1.069      0.960
     16      0        0.224      2.093      1.915
     17      0        0.262      1.897      2.051
     18      0        0.236      2.050      1.941
     19      0        0.294      1.872      2.037
     20      0        0.303      1.863      2.049
     21      0        0.236      2.088      1.929
     22      0        0.244      2.113      1.904
     23      0        0.242      2.124      1.895
     24      0        0.233      2.099      1.905
     25      0        0.275      2.075      1.891
     26      0        0.261      2.077      1.902
     27      0        0.233      2.130      1.887
     28      0        0.216      1.962      2.062
     29      0        0.237      2.060      1.953
     30      0        0.213      1.959      2.099
     31      0        0.109      0.974      1.058
     32      0        0.241      2.058      1.958
     33      0        0.210      2.139      1.895
     34      0        0.247      2.035      1.958
     35      0        0.219      2.071      1.953
     36      0        0.244      2.016      1.963
     37      0        0.280      1.923      2.011
     38      0        0.143      0.961      1.006
     39      0        0.216      1.993      2.042
     40      0        0.258      1.901      2.083
     41      0        0.137      1.008      0.970
     42      0        0.271      2.012      1.942
     43      0        0.252      1.943      2.027
     44      0        0.254      1.874      2.106
     45      0        0.215      1.997      2.058
     46      0        0.237      2.035      1.976
     47      0        0.258      1.925      2.049
     48      0        0.240      1.967      2.038
     49      0        0.245      2.018      1.978
     50      0        0.247      1.971      2.019
     51      0        0.274      1.949      1.996
     52      0        0.245      2.026      1.958
     53      0        0.220      1.969      2.061
     54      0        0.217      2.052      1.985
     55      0        0.249      1.973      1.995
     56      0        0.269      1.997      1.958
     57      0        0.245      2.006      1.974
     58      0        0.217      2.045      1.989
     59      0        0.256      1.959      2.007
     60      0        0.237      2.008      1.989
     61      0        0.133      0.990      0.983
     62      0        0.107      1.016      1.005
     63      0        0.244      1.996      1.981
     64      0        0.213      2.040      2.004
     65      0        0.213      2.065      1.993
     66      0        0.130      0.986      0.993
     67      0        0.215      2.001      2.031
     68      0        0.216      2.035      2.001
     69      0        0.244      2.002      1.981
     70      0        0.248      2.004      1.974
     71      0        0.248      1.978      1.997
     72      0        0.216      2.016      2.009
     73      0        0.246      1.977      1.998
     74      0        0.242      1.995      1.984
     75      0        0.239      1.989      1.987
     76      0        0.241      1.836      2.146
     77      0        0.238      1.985      2.011
     78      0        0.105      1.006      1.018
     79      0        0.213      2.011      2.014
     80      0        0.214      2.017      2.005
     81      0        0.217      1.996      2.039
     82      0        0.237      1.986      1.994
     83      0        0.108      1.000      1.003
     84      0        0.219      2.006      1.998
     85      0        0.110      1.007      0.998
     86      0        0.242      1.987      1.993
     87      0        0.218      1.995      2.011
     88      0        0.107      1.005      0.998
     89      0        0.216      2.007      2.019
     90      0        0.124      0.976      1.009
     91      0        0.064      0.488      0.505
     92      0        0.062      0.488      0.505
     93      0        0.109      1.000      1.006

Optimization #4:
* Method          : lls
* Target function : energy
* No. of configs. : 131072
* No. of params.  : 736
* Before optimization:
  -2.1039E+01  -2.0846E+01  -2.1063E+01  -2.0844E+01  -2.1124E+01  -2.0849E+01
  -2.0626E+01   2.0726E+00   1.9589E+00   1.1203E+00   1.0806E+00   2.3472E+00
   2.7251E+00   2.2767E+00   2.2856E+00   1.4539E+00   1.4282E+00   1.4714E+00
   1.4537E+00   2.1265E+00   2.1281E+00   1.4733E+00   1.4406E+00   1.3800E+00
   1.4277E+00   1.1134E+00   1.3820E+00   1.3828E+00   1.3590E+00   1.2780E+00
   1.2704E+00   2.1751E+00   2.1740E+00   1.7973E+00   1.7944E+00   1.4564E+00
   1.4597E+00   6.6575E-01   6.6343E-01   1.1199E+00   1.1180E+00   1.1266E+00
   1.1210E+00   1.1082E+00   1.1079E+00   2.3108E+00   2.3016E+00   8.0223E-01
   7.9889E-01   1.5819E+00   1.5933E+00   1.9628E+00   1.9600E+00   1.0406E+00
   1.0402E+00   1.4521E+00   1.4531E+00   1.1366E+00   1.1360E+00   1.1107E+00
   6.1348E-01   6.1426E-01   1.6687E+00   1.6507E+00   6.4545E-01   6.4263E-01
   1.4118E+00   1.4130E+00   4.9125E-01   4.8569E-01   9.1510E-01   9.1256E-01
   6.8909E-02   5.5078E-01   5.4692E-01   6.8997E-01   6.8915E-01   9.1011E-02
   9.4156E-01   9.3851E-01   8.2935E-01   8.2509E-01   1.5282E+00   1.5297E+00
   6.5318E-01   6.5627E-01   9.4535E-01   9.4553E-01   7.2376E-01   7.1973E-01
   9.6215E-01   9.6289E-01   1.3296E-01   1.3403E-01   1.5041E-01   1.5015E-01
   4.2346E-01   4.2443E-01   8.5253E-01   8.4887E-01   9.2344E-01   9.1891E-01
   9.0867E-01   9.0454E-01   5.1041E-02   4.6696E-02   4.3110E-01   4.3160E-01
   3.5343E-02   3.0754E-02   6.0138E-01   5.9743E-01   3.9336E-01   3.8824E-01
   5.2991E-01   5.3092E-01   8.4750E-01   2.3901E-01  -4.1429E-01  -4.1488E-01
   4.6456E-01   4.6116E-01   7.0745E-01   7.0823E-01   8.4339E-01   9.3318E-02
   8.9783E-02   1.0584E-01   1.0362E-01  -3.7647E-02  -4.0014E-02   3.9763E-01
   3.9195E-01  -3.7784E-02  -4.1953E-02   8.5627E-02   8.6662E-02  -4.0833E-01
  -4.1142E-01   4.1519E-01   4.1450E-01   3.0949E-02   2.9709E-02   1.4916E+00
   1.4908E+00   5.3680E-01   5.3621E-01   2.2646E-01  -2.9401E-01  -2.9534E-01
  -2.8881E-01  -2.8910E-01   4.6795E-01   4.6347E-01   3.1928E-02   3.0726E-02
  -7.7637E-01  -3.8839E-01  -3.8838E-01  -4.9785E-03   4.1461E-01   4.1385E-01
  -3.9362E-01  -3.9371E-01  -7.7923E-01   8.9042E-02   8.9973E-02   5.6283E-01
   5.5701E-01   5.6396E-01   5.6028E-01   5.6418E-01   5.5738E-01   3.6031E+00
  -5.7165E+00   1.7921E+00  -2.9109E+00   4.0087E+00  -5.0879E+00  -1.3677E+00
  -1.0051E+00  -1.2121E+01   9.3915E+00  -6.7974E+00   4.4144E+00  -2.5448E-01
  -1.2813E+00  -1.3712E+00  -1.7557E-01  -1.7627E+00  -3.7890E-01   1.2574E+00
  -2.7717E+00  -4.3266E+00   2.9520E+00  -1.2782E+00  -1.5068E-01   8.7943E+00
  -9.9021E+00  -2.7306E+00   1.3588E+00  -4.2387E+00   2.8920E+00   3.7991E+00
  -5.0640E+00  -6.5455E+00   4.3665E+00  -1.6031E+00  -1.9102E-01  -3.8082E+00
   2.3505E+00   3.1513E+00  -3.8202E+00   1.4391E+00  -2.5565E+00  -1.1907E+00
   6.9707E-02  -8.0515E-02  -1.0226E+00  -6.5795E+00   4.2974E+00   3.1263E+00
  -3.8944E+00  -3.8407E+00   2.2805E+00  -6.6255E+00   4.6692E+00   3.8850E+00
  -4.9267E+00  -7.8751E+00   6.4227E+00  -2.6444E+00   1.5065E+00  -4.1596E+00
   3.0449E+00   2.1185E-01  -8.2461E-01   3.7695E+00  -5.4155E+00   6.1911E-01
  -1.2623E+00  -1.0446E+00  -3.6588E-01   6.7299E+00  -7.2186E+00  -4.5959E+00
   3.6827E+00   4.5981E+00  -4.6668E+00   2.6347E+00  -3.1822E+00   1.8460E-01
  -8.8008E-01   4.5926E+00  -4.6822E+00  -4.6043E+00   3.6670E+00   1.8077E+00
  -2.6356E+00  -7.9049E+00   6.3707E+00  -2.3502E+00   1.6945E+00  -7.5723E+00
   6.6265E+00   5.8700E-01  -1.3152E+00  -7.5765E+00   6.6140E+00   2.0274E+00
  -2.1602E+00   2.0211E+00  -2.1715E+00  -3.1977E+00   2.7742E+00   1.8019E+00
  -2.6513E+00  -2.2985E+00   1.3785E+00  -2.2960E+00   1.3879E+00   5.8950E+00
  -5.9448E+00  -3.2017E+00   2.7709E+00   5.9008E+00  -5.9327E+00   2.6189E+00
  -3.2187E+00   9.6802E-01  -1.3600E+00  -5.7890E+00   5.2597E+00  -1.1027E+01
   1.0179E+01  -5.6057E-01   3.2319E-01   7.2756E+00  -6.8623E+00  -2.0267E+00
   1.5643E+00  -2.3623E+00   1.6553E+00  -1.1027E+01   1.0182E+01   2.9107E+00
  -3.0026E+00   2.9090E+00  -3.0132E+00   2.3362E+00  -2.2972E+00   9.6822E-01
  -1.3625E+00   2.3354E+00  -2.2959E+00  -2.6486E-01   1.7907E-01   7.2743E+00
  -6.8663E+00  -5.5088E+00   5.0949E+00  -5.6401E-01   5.3387E-01  -1.0767E+00
  -4.2118E-01  -5.7916E+00   5.2542E+00  -5.5949E-01   3.3023E-01   4.6774E+00
  -4.3841E+00   4.6772E+00  -4.3876E+00  -2.0273E+00   1.5617E+00  -5.6449E-01
   5.3195E-01   9.8939E+00  -9.1159E+00   4.9463E+00  -4.5590E+00   5.5298E-03
   4.3823E-03  -5.5099E+00   5.0944E+00   4.9486E+00  -4.5570E+00   9.8951E+00
  -9.1162E+00  -2.6668E-01   1.7662E-01   6.7021E+00  -7.2638E+00   6.7023E+00
  -7.2646E+00   6.7013E+00  -7.2656E+00   8.9636E-01   8.2544E-01   9.1844E-01
   7.9483E-01   1.0295E+00   7.8280E-01   8.3445E-01  -7.3616E-02  -1.5700E-01
  -1.8075E-01  -1.5843E-01  -1.0011E-01  -6.5045E-02  -1.3729E-01  -1.3673E-01
  -1.1487E-01  -1.2338E-01  -1.0075E-01  -8.8749E-02  -3.8356E-02   4.0933E-02
   3.7078E-02   2.5639E-02  -3.0948E-02  -8.7856E-03  -2.5995E-02  -4.8561E-02
   1.8515E-02   2.5919E-02   4.2536E-02   7.2737E-02   4.7397E-02   2.0614E-02
   3.2647E-02  -3.5684E-02  -3.2787E-02  -3.7733E-02  -4.7033E-02  -2.6124E-02
   6.7114E-02  -1.5070E-02  -3.8527E-02  -1.0735E-02  -9.0672E-03  -1.9451E-02
  -5.2826E-03   5.1413E-03   4.4560E-02   3.1323E-02  -1.2615E-02  -5.8231E-03
  -1.3355E-02  -2.0063E-02   1.7451E-03  -1.3086E-02  -1.3337E-02  -1.7704E-02
  -1.2985E-03   2.7784E-02  -9.5417E-03  -2.1849E-02   5.0837E-03   1.2493E-02
  -4.7109E-03   1.7768E-02  -1.1385E-02   1.6551E-03   5.6284E-04  -1.2402E-02
   5.6624E-03  -9.3384E-03   2.9314E-02   1.8207E-02  -3.0270E-03  -3.0446E-03
   7.8732E-03   1.6903E-02   1.4581E-03  -8.3247E-03   7.2098E-04   3.2101E-04
  -6.1692E-03  -2.6636E-02  -2.4292E-03   5.3224E-04  -8.2559E-03   7.6852E-04
  -1.3800E-02  -2.3140E-03   8.2005E-03  -5.8014E-03   2.1821E-02  -1.4043E-03
   3.4258E-03   1.1591E-02  -5.9269E-03  -1.0966E-02  -8.8462E-03  -8.8077E-03
  -6.3692E-03   2.4119E-01  -3.7057E-03  -3.2766E-03   1.0670E-01   1.9640E-02
   8.1774E-02   3.6941E-02   1.7406E-02   5.0569E-02   7.5257E-03  -7.0288E-02
  -7.9141E-02  -7.8417E-02   8.2701E-02   8.7871E-02   4.6798E-02  -3.2914E-02
   5.9005E-03  -5.7573E-02  -5.0470E-02   2.2176E-02   1.9745E-02   1.9550E-02
  -5.3285E-03   3.2001E-02   4.0120E-02   2.9760E-02  -1.6601E-02  -1.5828E-02
  -2.7510E-02  -3.3745E-02  -1.2908E-02   3.9502E-02  -1.5958E-02  -2.1530E-02
   2.9663E-03  -2.4476E-02  -1.5842E-02  -5.4887E-03  -2.7752E-02   3.1436E-02
   3.6833E-02  -1.3770E-02  -4.0837E-02  -9.1579E-03  -1.3994E-02  -2.0710E-02
  -1.6946E-02  -1.6557E-02  -1.0570E-02  -1.3036E-02   1.3301E-02  -1.6000E-02
  -1.6979E-02  -1.1657E-02   2.2928E-02   2.8987E-03   1.4296E-02  -5.3252E-03
  -2.8805E-03   4.7471E-04  -2.0428E-02   4.5601E-03  -1.0921E-02   2.7089E-02
   1.5712E-03  -3.6862E-03  -1.5321E-03   7.2414E-03   2.4070E-03  -6.8822E-03
  -2.9666E-03  -4.7461E-03   6.3847E-03   4.5204E-03  -5.0224E-02  -8.7265E-03
   9.3729E-04   3.4311E-04   2.4257E-03  -9.6130E-03   9.7118E-04  -6.5310E-03
  -6.1485E-03  -9.3607E-03   1.8488E-03  -1.8941E-02  -9.8245E-03  -1.0007E-02
   2.9765E-02   2.8208E-02   3.1550E-02   8.3708E-03  -4.9235E-02  -1.6806E-01
  -1.7682E-01  -1.5535E-01  -1.0934E-01  -3.9817E-02  -1.1325E-01  -1.2420E-01
  -1.3932E-01  -1.1488E-01  -9.2702E-02  -8.3458E-02  -2.4211E-02  -1.3479E-02
  -1.9449E-02  -6.1114E-03  -1.5825E-02  -1.5597E-02  -6.4469E-03  -2.2377E-02
   5.2088E-03   8.3777E-03   3.4274E-02   7.8121E-02   7.4272E-02   3.9389E-02
   2.9410E-02  -3.8571E-02  -3.2212E-02  -3.7109E-02  -4.1963E-02  -1.9081E-02
   1.5665E-02  -5.3811E-03  -2.6765E-02  -9.0406E-03  -1.1050E-02  -1.8730E-02
  -9.7170E-03   1.3261E-02   4.3162E-02   2.8872E-02  -1.3837E-02  -3.4464E-03
  -1.7242E-02  -9.8441E-03   3.3322E-03  -7.8256E-03  -5.7474E-03  -1.2657E-02
  -1.0333E-02   2.1291E-02  -6.2505E-03  -1.3382E-02   2.8101E-03   4.0185E-03
  -1.0937E-03   1.4536E-02  -8.1605E-03   3.9284E-03  -6.9614E-03  -4.2072E-03
   2.9563E-03   3.9826E-04   3.2582E-02   1.4292E-02  -4.5182E-03  -7.1858E-03
   2.9952E-03   2.0514E-02   9.9339E-04  -7.8616E-03  -9.1156E-04  -2.5284E-03
  -9.1463E-03  -2.0622E-02  -5.6353E-03   1.5503E-03  -1.5223E-02  -4.1627E-03
  -5.1049E-03  -5.3573E-03  -2.5578E-03   2.0212E-03   7.7980E-03  -4.1317E-03
   1.1974E-02   5.5373E-03  -1.7029E-03  -1.7398E-02  -1.4596E-02  -1.5701E-02
  -2.2942E-02   1.6286E-01  -2.7136E-02  -1.4510E-02   4.7838E-02   7.7913E-03
   4.1872E-02  -1.3646E-02  -3.3325E-02   2.7873E-02  -2.5995E-02  -6.7796E-02
  -7.9506E-02  -8.6785E-02   4.6618E-02   5.0722E-02   2.6042E-02  -2.2709E-02
   3.7572E-03  -4.7375E-02  -3.0599E-02   1.2327E-02   3.3129E-03   8.9283E-03
  -1.5788E-03   5.6365E-02   6.1471E-02   2.6915E-02  -1.7070E-02  -1.3737E-02
  -2.4474E-02  -2.2931E-02  -8.1332E-03   3.9254E-03  -8.4281E-03  -1.0568E-02
   6.2213E-03  -2.7939E-02  -1.5379E-02  -9.8876E-03  -2.5485E-02   2.5349E-02
   3.6288E-02  -1.2324E-02  -4.5482E-02  -9.5254E-03  -5.6804E-03  -1.9886E-02
  -1.2530E-02  -1.1514E-02  -7.2502E-03  -2.0570E-02   4.1703E-03  -1.3501E-02
  -1.1707E-02  -1.6410E-02   1.9193E-02   4.4727E-03   1.1450E-02  -3.7762E-03
  -4.3095E-04  -3.3621E-03  -1.7604E-02   1.0370E-03  -3.4298E-03   2.9240E-02
  -4.8722E-03  -4.3552E-03  -3.0615E-03   7.3564E-03   4.0379E-03  -7.4036E-03
   1.7555E-03  -7.1655E-03   2.9940E-03   7.1353E-03  -4.6333E-02  -1.0992E-02
   4.7350E-03   1.1602E-03  -7.9797E-04   3.8288E-05   1.3033E-03  -1.1502E-02
   1.6564E-03  -2.2642E-02  -1.9552E-04  -1.0909E-02  -1.9698E-02  -4.0422E-03
   2.7256E-02   2.6334E-02   2.7835E-02  -5.8350E-03
  > E    =  -9.939096036836E+02 +/-   1.791619439390E-04
  > varE =   4.207280410590E-03
* Computing derivatives.
    [walltime: 2m42s elapsed, 2m41s remaining]
  Done. [total walltime: 5m24s]
* Optimizing manipulation constant:
  #igrid a___________ E____________________________________ varE____________
     1     Infinity    -9.93909604E+02 +/-   1.79161944E-04   4.20728041E-03
     2     1.0000E+06  -9.93909604E+02 +/-   1.79161924E-04   4.20727947E-03
     3     2.1544E+05  -9.93909604E+02 +/-   1.79161851E-04   4.20727607E-03
     4     4.6416E+04  -9.93909604E+02 +/-   1.79161515E-04   4.20726025E-03
     5     1.0000E+04  -9.93909604E+02 +/-   1.79159952E-04   4.20718685E-03
     6     2.1544E+03  -9.93909604E+02 +/-   1.79152703E-04   4.20684641E-03
     7     4.6416E+02  -9.93909606E+02 +/-   1.79119170E-04   4.20527171E-03
     8     1.0000E+02  -9.93909614E+02 +/-   1.78965916E-04   4.19807873E-03
     9     2.1544E+01  -9.93909649E+02 +/-   1.78302717E-04   4.16702251E-03
    10     4.6416E+00  -9.93909774E+02 +/-   1.76005637E-04   4.06034636E-03
    11     1.0000E+00  -9.93910003E+02 +/-   1.72038165E-04   3.87935506E-03
    12     2.1544E-01  -9.93910108E+02 +/-   1.70418635E-04   3.80666003E-03
    13     4.6416E-02  -9.93910100E+02 +/-   1.70448311E-04   3.80798587E-03
    14     1.0000E-02  -9.93910092E+02 +/-   1.70515780E-04   3.81100114E-03
    15     2.1544E-03  -9.93910090E+02 +/-   1.70534460E-04   3.81183617E-03
    16     4.6416E-04  -9.93910090E+02 +/-   1.70538707E-04   3.81202605E-03
    17     1.0000E-04  -9.93910090E+02 +/-   1.70539633E-04   3.81206745E-03
    18     2.1544E-05  -9.93910090E+02 +/-   1.70539833E-04   3.81207639E-03
    19     4.6416E-06  -9.93910090E+02 +/-   1.70539876E-04   3.81207831E-03
    20     1.0000E-06  -9.93910090E+02 +/-   1.70539886E-04   3.81207873E-03
    21     0.0000E+00  -9.93910090E+02 +/-   1.70539888E-04   3.81207884E-03
  ParMin   1.1032E-01  -9.93910108E+02 +/-   1.70390459E-04   3.80540137E-03
  # Using grid point #12
* Iteration # 1: E =  -9.939101076185E+02 +/-   1.704186351830E-04
* Computing derivatives.
    [walltime: 2m42s elapsed, 2m41s remaining]
  Done. [total walltime: 5m23s]
* Optimizing manipulation constant:
  #igrid a___________ E____________________________________ varE____________
     1     Infinity    -9.93910108E+02 +/-   1.70418635E-04   3.80666003E-03
     2     1.0000E+06  -9.93910108E+02 +/-   1.70418634E-04   3.80665996E-03
     3     2.1544E+05  -9.93910108E+02 +/-   1.70418628E-04   3.80665971E-03
     4     4.6416E+04  -9.93910108E+02 +/-   1.70418602E-04   3.80665854E-03
     5     1.0000E+04  -9.93910108E+02 +/-   1.70418480E-04   3.80665310E-03
     6     2.1544E+03  -9.93910108E+02 +/-   1.70417916E-04   3.80662790E-03
     7     4.6416E+02  -9.93910108E+02 +/-   1.70415324E-04   3.80651210E-03
     8     1.0000E+02  -9.93910109E+02 +/-   1.70403822E-04   3.80599831E-03
     9     2.1544E+01  -9.93910112E+02 +/-   1.70360817E-04   3.80407751E-03
    10     4.6416E+00  -9.93910117E+02 +/-   1.70318734E-04   3.80219831E-03
    11     1.0000E+00  -9.93910018E+02 +/-   1.72239683E-04   3.88844858E-03
    12     2.1544E-01  -9.93909197E+02 +/-   1.86526763E-04   4.56028761E-03
    13     4.6416E-02  -9.93907903E+02 +/-   2.07063853E-04   5.61976957E-03
    14     1.0000E-02  -9.93907301E+02 +/-   2.15968545E-04   6.11351429E-03
    15     2.1544E-03  -9.93907142E+02 +/-   2.18277941E-04   6.24495946E-03
    16     4.6416E-04  -9.93907105E+02 +/-   2.18796951E-04   6.27469263E-03
    17     1.0000E-04  -9.93907098E+02 +/-   2.18909803E-04   6.28116710E-03
    18     2.1544E-05  -9.93907096E+02 +/-   2.18934165E-04   6.28256520E-03
    19     4.6416E-06  -9.93907095E+02 +/-   2.18939416E-04   6.28286656E-03
    20     1.0000E-06  -9.93907095E+02 +/-   2.18940547E-04   6.28293149E-03
    21     0.0000E+00  -9.93907095E+02 +/-   2.18940858E-04   6.28294932E-03
  ParMin   9.2477E+00  -9.93910115E+02 +/-   1.70319903E-04   3.80225051E-03
  # Using grid point #10
* Iteration # 2: E =  -9.939101171646E+02 +/-   1.703187335147E-04
* Convergence: exiting.
* After optimization:
  -2.1165E+01  -2.0854E+01  -2.1150E+01  -2.0911E+01  -2.1260E+01  -2.0884E+01
  -2.0642E+01   2.0873E+00   1.9600E+00   1.1147E+00   1.0762E+00   2.3726E+00
   2.7195E+00   2.2776E+00   2.2895E+00   1.4570E+00   1.4337E+00   1.4868E+00
   1.4648E+00   2.1243E+00   2.1280E+00   1.4709E+00   1.4342E+00   1.3829E+00
   1.4287E+00   1.1286E+00   1.3848E+00   1.3837E+00   1.3713E+00   1.2893E+00
   1.2825E+00   2.1832E+00   2.1855E+00   1.8025E+00   1.8019E+00   1.4579E+00
   1.4612E+00   6.7208E-01   6.7046E-01   1.1188E+00   1.1191E+00   1.1310E+00
   1.1296E+00   1.1123E+00   1.1115E+00   2.3165E+00   2.3148E+00   8.1525E-01
   8.1198E-01   1.5843E+00   1.5962E+00   1.9618E+00   1.9585E+00   1.0505E+00
   1.0527E+00   1.4554E+00   1.4575E+00   1.1383E+00   1.1369E+00   1.1193E+00
   6.2217E-01   6.2173E-01   1.6904E+00   1.6684E+00   6.4902E-01   6.4713E-01
   1.4270E+00   1.4255E+00   4.9869E-01   4.9547E-01   9.1923E-01   9.1911E-01
   7.5984E-02   5.5776E-01   5.5608E-01   7.0196E-01   7.0284E-01   1.0548E-01
   9.4554E-01   9.4395E-01   8.3693E-01   8.3480E-01   1.5299E+00   1.5326E+00
   6.6534E-01   6.6472E-01   9.5669E-01   9.5633E-01   7.2657E-01   7.2367E-01
   9.7373E-01   9.7394E-01   1.4139E-01   1.4081E-01   1.6110E-01   1.6009E-01
   4.3450E-01   4.3439E-01   8.6173E-01   8.5958E-01   9.2879E-01   9.3014E-01
   9.1732E-01   9.1478E-01   5.8139E-02   5.6134E-02   4.4269E-01   4.4271E-01
   4.2505E-02   3.9015E-02   6.0666E-01   6.0403E-01   4.0290E-01   3.9939E-01
   5.4139E-01   5.4128E-01   8.5648E-01   2.4610E-01  -4.0071E-01  -4.0268E-01
   4.7919E-01   4.7513E-01   7.1938E-01   7.1959E-01   8.5523E-01   1.0626E-01
   1.0353E-01   1.1904E-01   1.1879E-01  -2.3189E-02  -2.4750E-02   4.0705E-01
   4.0529E-01  -2.6597E-02  -2.8945E-02   9.7685E-02   9.8902E-02  -3.9350E-01
  -3.9477E-01   4.2190E-01   4.2020E-01   4.2645E-02   4.1433E-02   1.5067E+00
   1.5061E+00   5.4648E-01   5.4602E-01   2.3258E-01  -2.7965E-01  -2.8020E-01
  -2.7572E-01  -2.7807E-01   4.8142E-01   4.7902E-01   4.1301E-02   4.1547E-02
  -7.7025E-01  -3.8525E-01  -3.8525E-01   1.1183E-03   4.2289E-01   4.2147E-01
  -3.8359E-01  -3.8361E-01  -7.6603E-01   9.8713E-02   9.8231E-02   5.6962E-01
   5.6726E-01   5.7011E-01   5.6853E-01   5.6885E-01   5.6816E-01   3.5907E+00
  -5.7310E+00   1.7856E+00  -2.9079E+00   4.0119E+00  -5.0950E+00  -1.3833E+00
  -1.0252E+00  -1.2110E+01   9.3849E+00  -6.7952E+00   4.3986E+00  -2.6036E-01
  -1.2933E+00  -1.3800E+00  -1.8019E-01  -1.7562E+00  -3.8615E-01   1.2590E+00
  -2.7730E+00  -4.3238E+00   2.9412E+00  -1.2699E+00  -1.5928E-01   8.7900E+00
  -9.9158E+00  -2.7271E+00   1.3553E+00  -4.2506E+00   2.8896E+00   3.8025E+00
  -5.0782E+00  -6.5435E+00   4.3516E+00  -1.5982E+00  -2.0115E-01  -3.8055E+00
   2.3440E+00   3.1487E+00  -3.8252E+00   1.4454E+00  -2.5594E+00  -1.1927E+00
   6.8630E-02  -7.5921E-02  -1.0283E+00  -6.5742E+00   4.2841E+00   3.1208E+00
  -3.9001E+00  -3.8378E+00   2.2775E+00  -6.6156E+00   4.6618E+00   3.8884E+00
  -4.9408E+00  -7.8710E+00   6.4157E+00  -2.6416E+00   1.5006E+00  -4.1647E+00
   3.0416E+00   2.0847E-01  -8.2805E-01   3.7660E+00  -5.4300E+00   6.1833E-01
  -1.2650E+00  -1.0413E+00  -3.8215E-01   6.7301E+00  -7.2275E+00  -4.5971E+00
   3.6772E+00   4.5956E+00  -4.6706E+00   2.6360E+00  -3.1919E+00   1.7495E-01
  -8.8532E-01   4.5859E+00  -4.6882E+00  -4.6043E+00   3.6622E+00   1.8099E+00
  -2.6457E+00  -7.9006E+00   6.3633E+00  -2.3566E+00   1.6905E+00  -7.5784E+00
   6.6218E+00   5.8593E-01  -1.3177E+00  -7.5832E+00   6.6101E+00   2.0213E+00
  -2.1634E+00   2.0150E+00  -2.1760E+00  -3.2030E+00   2.7700E+00   1.8032E+00
  -2.6622E+00  -2.2965E+00   1.3666E+00  -2.2928E+00   1.3767E+00   5.8949E+00
  -5.9527E+00  -3.2083E+00   2.7647E+00   5.9004E+00  -5.9410E+00   2.6211E+00
  -3.2268E+00   9.6788E-01  -1.3700E+00  -5.7986E+00   5.2581E+00  -1.1035E+01
   1.0181E+01  -5.6928E-01   3.2311E-01   7.2702E+00  -6.8695E+00  -2.0322E+00
   1.5558E+00  -2.3701E+00   1.6506E+00  -1.1035E+01   1.0181E+01   2.9046E+00
  -3.0096E+00   2.9003E+00  -3.0191E+00   2.3295E+00  -2.3064E+00   9.6722E-01
  -1.3735E+00   2.3324E+00  -2.3042E+00  -2.7207E-01   1.7387E-01   7.2671E+00
  -6.8731E+00  -5.5152E+00   5.0936E+00  -5.7393E-01   5.3193E-01  -1.0738E+00
  -4.4003E-01  -5.8013E+00   5.2543E+00  -5.6633E-01   3.3216E-01   4.6673E+00
  -4.3878E+00   4.6673E+00  -4.3895E+00  -2.0336E+00   1.5543E+00  -5.7380E-01
   5.3203E-01   9.8887E+00  -9.1168E+00   4.9434E+00  -4.5592E+00   3.5352E-04
   6.6271E-04  -5.5149E+00   5.0930E+00   4.9414E+00  -4.5595E+00   9.8860E+00
  -9.1183E+00  -2.7234E-01   1.7435E-01   6.7026E+00  -7.2712E+00   6.7030E+00
  -7.2719E+00   6.7034E+00  -7.2720E+00   8.5411E-01   7.5434E-01   8.6002E-01
   7.2904E-01   9.6313E-01   7.1565E-01   7.4404E-01  -8.5888E-02  -1.5845E-01
  -1.7903E-01  -1.6889E-01  -1.0732E-01  -7.3503E-02  -1.3077E-01  -1.2532E-01
  -1.1234E-01  -1.2552E-01  -7.5784E-02  -8.0534E-02  -3.1000E-02   3.0985E-02
   2.5421E-02   3.2537E-02  -2.3845E-02  -6.0235E-03  -2.5184E-02  -2.7925E-02
   1.5114E-02   2.2220E-02   3.7872E-02   7.6977E-02   3.6086E-02   1.3699E-02
   2.8152E-02  -2.8490E-02  -2.9790E-02  -3.1961E-02  -4.5993E-02  -3.0329E-02
   5.6210E-02  -1.3733E-02  -2.8986E-02  -1.1961E-02   5.4016E-03  -5.3694E-03
  -1.4630E-02   1.0177E-02   4.0574E-02   2.9054E-02  -6.1465E-03   6.2243E-03
  -1.5785E-02  -1.7769E-02   8.8042E-03  -3.3277E-03  -6.4003E-03   4.8610E-03
  -4.0138E-04   3.1144E-02  -2.7768E-02  -2.3441E-02  -1.3950E-02   1.8938E-02
  -6.7791E-03   2.9660E-02   7.2844E-03  -1.1530E-02   5.8570E-03  -1.8906E-02
  -1.1593E-02  -1.7472E-02   2.1166E-02  -7.9608E-03  -5.3127E-03   1.4803E-03
   1.6217E-02  -7.6039E-05  -1.7270E-03   2.7021E-04  -7.6347E-03  -3.8639E-03
   1.5283E-03  -1.8716E-02  -1.5313E-02  -1.2054E-02   4.9734E-03   1.7683E-03
   9.9195E-04   1.4020E-04  -7.9977E-03   4.7180E-03   1.7233E-02   6.5425E-03
   9.3064E-03   2.0217E-02   8.3245E-05  -2.1983E-02  -1.9153E-02  -2.2335E-02
  -1.1261E-02   1.9834E-01   1.3210E-04  -7.2521E-03   6.8175E-02   1.9596E-02
   7.6760E-02   3.0238E-02   1.6244E-02   4.6489E-02  -6.1870E-04  -6.0659E-02
  -6.7486E-02  -7.6292E-02   8.1146E-02   7.8796E-02   4.5518E-02  -3.2003E-02
   6.8889E-03  -5.2978E-02  -4.9120E-02   1.5873E-02   2.1656E-02   2.8472E-02
   2.6331E-03   3.6380E-02   3.6398E-02   1.7848E-02  -1.2754E-02  -1.8410E-02
  -2.5230E-02  -2.9771E-02  -1.5594E-02   4.7167E-02  -9.5351E-03  -1.8191E-02
   3.6166E-04  -1.2583E-02  -1.6015E-02  -8.2796E-03  -2.0122E-02   4.9977E-02
   3.0030E-02  -8.9786E-03  -3.8204E-02  -1.8001E-02  -1.5284E-02  -1.8216E-02
  -1.5304E-02  -6.9101E-03  -1.5209E-02  -1.1035E-02   1.2888E-02  -2.0704E-02
  -1.7423E-02  -9.7690E-03   1.6149E-02   1.9614E-03   1.0716E-02   2.0987E-04
  -9.1837E-03   2.2245E-02  -2.3073E-03  -9.6921E-04  -1.3763E-02   3.2928E-02
  -1.6483E-02  -6.3404E-03  -7.8889E-03   2.4644E-03   1.1454E-02   3.2205E-03
  -7.2384E-03  -1.1092E-02   2.3701E-04  -2.6752E-03  -3.7480E-02  -1.3847E-03
  -9.5997E-03  -4.4557E-03  -8.1934E-03  -1.4007E-02  -4.4619E-03  -5.1897E-03
   1.3373E-02  -1.2772E-02  -4.7395E-03  -1.3021E-02   1.7851E-03  -3.2975E-03
   2.0106E-02   2.0826E-02   2.0010E-02   1.0997E-02  -6.2270E-02  -1.6580E-01
  -1.7859E-01  -1.6081E-01  -1.3429E-01  -5.8593E-02  -1.1344E-01  -1.2017E-01
  -1.5468E-01  -1.1916E-01  -7.6586E-02  -7.2940E-02  -2.1548E-02  -2.0731E-02
  -3.1888E-02  -2.1191E-03  -1.3586E-02  -1.6243E-02   1.5251E-03  -7.5292E-03
   6.2587E-03   1.8864E-03   2.5483E-02   8.7451E-02   5.6165E-02   3.3115E-02
   2.9556E-02  -3.4494E-02  -1.9292E-02  -3.2138E-02  -4.5815E-02  -2.1248E-02
   1.0949E-02  -4.8599E-03  -2.4807E-02  -4.4716E-03   3.2822E-03  -1.4337E-02
  -1.4635E-02   1.9553E-02   2.7941E-02   2.9883E-02  -7.2108E-03   1.2298E-02
  -1.7647E-02  -1.7314E-02   7.8357E-03  -3.6969E-03  -8.0961E-03   3.1277E-04
   1.0324E-03   3.2684E-02  -2.1639E-02  -1.4509E-02  -1.2412E-02   2.5172E-02
  -4.5294E-03   3.7698E-02   4.3674E-03  -8.0284E-03  -5.7103E-03  -2.5793E-02
  -4.4808E-03  -1.3128E-02   2.0543E-02  -1.5081E-02  -3.4592E-03  -5.2638E-03
   9.9721E-03  -2.7721E-03  -8.3855E-03   9.7648E-05  -3.2805E-03  -8.0999E-03
   1.8180E-03  -1.7250E-02  -1.4064E-02  -2.5024E-02   1.4568E-02   1.5949E-03
   6.5352E-03  -3.8665E-03   7.4466E-03  -4.9629E-03   2.1083E-02   5.1471E-03
   1.0989E-02   2.3751E-02   2.5862E-03  -2.6963E-02  -2.6319E-02  -2.8452E-02
   2.1071E-03   1.3968E-01  -1.6713E-02  -1.7477E-02   2.3672E-02   4.3152E-03
   3.6019E-02  -2.1450E-02  -3.1841E-02   2.3600E-02  -3.0283E-02  -6.8500E-02
  -6.5314E-02  -9.2912E-02   5.4863E-02   4.6398E-02   2.2884E-02  -2.4428E-02
   2.1554E-03  -3.7635E-02  -3.6752E-02   1.0421E-02   6.4112E-03   1.7338E-02
   6.3143E-03   5.6728E-02   6.1284E-02   1.7328E-02  -1.6011E-02  -9.0829E-03
  -2.5216E-02  -2.7704E-02  -7.8681E-03   1.9437E-02  -4.6241E-03  -1.2515E-02
   9.5140E-03  -1.8171E-02  -2.7583E-02  -8.9433E-03  -1.7291E-02   4.0885E-02
   3.2341E-02  -7.2814E-03  -4.4159E-02  -1.9392E-02  -1.3137E-02  -2.0625E-02
  -1.6238E-02  -1.1986E-02  -2.3661E-02  -1.3557E-02   1.0608E-02  -1.3299E-02
  -1.2527E-02  -1.0166E-02   1.8859E-02   5.1111E-03   1.5891E-02   1.6775E-03
  -5.2480E-03   2.2039E-02  -6.7672E-03   3.4612E-03  -1.0976E-02   3.6178E-02
  -2.5806E-02  -6.8878E-03  -1.3170E-02  -1.9368E-04   6.4822E-03  -1.9545E-03
  -9.0305E-03  -1.0482E-02   1.7770E-03  -2.5812E-03  -3.9076E-02   3.5346E-03
  -1.2854E-02   1.6695E-03  -1.1208E-02  -1.0269E-02  -8.0387E-03   7.4859E-03
   7.3869E-05  -9.0532E-03  -7.8282E-03  -1.5564E-02  -1.7268E-03  -1.1214E-03
   2.3682E-02   2.2312E-02   2.3066E-02   1.8658E-02
  > Energy =  -9.939101171646E+02 +/-   1.703187335147E-04
  > varE =   3.802198309086E-03

VMC #5:
* Size of Hilbert space =   1.0817E+14
* Number of equil. steps   = 1000
* Running VMC equilibration.
  Done. [total walltime: 0.34s]
* Equil. acc.ratio (%)     =  12.3742
* Sample config after equilibration:
  +-------------------------+
  |  u   u   d   d   2   d  |
  |0   d   2   0   u   0   d|
  |d   0   d   2   2   2   u|
  |  2   u   u   0   0   u  |
  +-------------------------+
* Number of accum. steps   = 524288 x 10
* Running VMC accumulation.
  Done. [total walltime: 1.81s]
* Acceptance ratio (%)     =  12.3420
* Etot/t                   =  -9.939098337793E+02 +/-   9.481551820588E-05
  > Ttot/t                 =  -9.591582173684E+01 +/-   1.046198181669E-03
  > Utot/t                 =   4.231414240848E+01 +/-   1.040734965710E-03
* var[Eloc/t]              =   4.174191063425E-03 +/-   1.087747376515E-04
* Correlation length       =   1.129162481901E+00
* log10 Psi^2 range: -132.9742565861701 -- -120.4813643767430
* log10 Pgen range : -132.9742565861701 -- -120.4813643767430
* Site occupation (ave. no. electrons per config.):
  > Site_  ___eu____  ___ed____
      1        0.497      0.497
      2        0.497      0.499
      3        0.503      0.496
      4        0.496      0.497
      5        0.502      0.505
      6        0.499      0.500
      7        0.504      0.503
      8        0.502      0.501
      9        0.497      0.495
     10        0.498      0.497
     11        0.498      0.495
     12        0.504      0.501
     13        0.500      0.504
     14        0.504      0.505
     15        0.503      0.506
     16        0.498      0.495
     17        0.498      0.497
     18        0.501      0.505
     19        0.502      0.498
     20        0.501      0.500
     21        0.502      0.505
     22        0.501      0.500
     23        0.497      0.498
     24        0.496      0.497
     25        0.499      0.503
     26        0.501      0.501
* Pair-correlation analysis (ave. no. pairs per config.):
  > Shell  nsite  ___dh____  __eueu___  __eued___
      0      1        0          0          4.514
      1      0        0.927      0.496      2.592
      2      0        0.134      0.358      0.532
      3      0        0.269      0.717      1.054
      4      0        0.229      0.768      1.059
      5      0        0.254      0.740      1.051
      6      0        0.757      0.846      2.442
      7      0        0.679      1.046      2.332
      8      0        0.600      1.224      2.262
      9      0        0.449      1.550      2.095
     10      0        0.532      1.383      2.173
     11      0        0.140      0.819      1.159
     12      0        0.137      0.838      1.138
     13      0        0.139      0.862      1.084
     14      0        0.221      2.124      1.915
     15      0        0.113      1.061      0.957
     16      0        0.226      2.089      1.914
     17      0        0.265      1.900      2.060
     18      0        0.239      2.054      1.936
     19      0        0.300      1.871      2.047
     20      0        0.306      1.869      2.053
     21      0        0.244      2.088      1.923
     22      0        0.244      2.119      1.909
     23      0        0.243      2.132      1.889
     24      0        0.237      2.104      1.912
     25      0        0.277      2.082      1.901
     26      0        0.265      2.082      1.904
     27      0        0.234      2.133      1.894
     28      0        0.221      1.952      2.059
     29      0        0.240      2.068      1.945
     30      0        0.216      1.947      2.103
     31      0        0.109      0.973      1.055
     32      0        0.249      2.052      1.950
     33      0        0.214      2.128      1.900
     34      0        0.247      2.044      1.962
     35      0        0.225      2.075      1.951
     36      0        0.251      2.006      1.959
     37      0        0.278      1.936      2.025
     38      0        0.146      0.961      1.006
     39      0        0.217      1.991      2.032
     40      0        0.261      1.900      2.079
     41      0        0.141      1.008      0.972
     42      0        0.280      2.018      1.944
     43      0        0.257      1.949      2.026
     44      0        0.260      1.868      2.108
     45      0        0.216      1.994      2.057
     46      0        0.244      2.032      1.976
     47      0        0.256      1.933      2.061
     48      0        0.243      1.971      2.038
     49      0        0.247      2.019      1.978
     50      0        0.252      1.970      2.020
     51      0        0.279      1.954      1.996
     52      0        0.251      2.028      1.960
     53      0        0.227      1.967      2.058
     54      0        0.222      2.043      1.989
     55      0        0.250      1.977      2.003
     56      0        0.277      1.995      1.963
     57      0        0.250      2.003      1.975
     58      0        0.219      2.038      1.983
     59      0        0.254      1.976      2.013
     60      0        0.240      2.015      1.990
     61      0        0.133      0.998      0.985
     62      0        0.107      1.017      1.007
     63      0        0.252      1.994      1.973
     64      0        0.222      2.031      2.005
     65      0        0.218      2.058      1.989
     66      0        0.135      0.983      0.999
     67      0        0.220      1.998      2.023
     68      0        0.221      2.022      1.996
     69      0        0.256      1.999      1.979
     70      0        0.255      2.010      1.980
     71      0        0.254      1.981      2.001
     72      0        0.222      2.018      2.008
     73      0        0.250      1.974      1.994
     74      0        0.248      1.995      1.987
     75      0        0.244      1.990      1.983
     76      0        0.246      1.841      2.146
     77      0        0.244      1.988      2.011
     78      0        0.108      1.006      1.016
     79      0        0.216      2.005      2.014
     80      0        0.219      2.013      1.999
     81      0        0.222      2.001      2.033
     82      0        0.241      1.986      1.993
     83      0        0.109      0.996      0.997
     84      0        0.220      2.002      1.999
     85      0        0.114      1.002      1.002
     86      0        0.242      1.991      2.004
     87      0        0.218      2.003      2.003
     88      0        0.110      0.994      0.997
     89      0        0.217      2.011      2.025
     90      0        0.128      0.972      1.005
     91      0        0.064      0.484      0.503
     92      0        0.064      0.489      0.505
     93      0        0.111      1.004      1.004

Optimization #5:
* Method          : lls
* Target function : energy
* No. of configs. : 131072
* No. of params.  : 736
* Before optimization:
  -2.1165E+01  -2.0854E+01  -2.1150E+01  -2.0911E+01  -2.1260E+01  -2.0884E+01
  -2.0642E+01   2.0873E+00   1.9600E+00   1.1147E+00   1.0762E+00   2.3726E+00
   2.7195E+00   2.2776E+00   2.2895E+00   1.4570E+00   1.4337E+00   1.4868E+00
   1.4648E+00   2.1243E+00   2.1280E+00   1.4709E+00   1.4342E+00   1.3829E+00
   1.4287E+00   1.1286E+00   1.3848E+00   1.3837E+00   1.3713E+00   1.2893E+00
   1.2825E+00   2.1832E+00   2.1855E+00   1.8025E+00   1.8019E+00   1.4579E+00
   1.4612E+00   6.7208E-01   6.7046E-01   1.1188E+00   1.1191E+00   1.1310E+00
   1.1296E+00   1.1123E+00   1.1115E+00   2.3165E+00   2.3148E+00   8.1525E-01
   8.1198E-01   1.5843E+00   1.5962E+00   1.9618E+00   1.9585E+00   1.0505E+00
   1.0527E+00   1.4554E+00   1.4575E+00   1.1383E+00   1.1369E+00   1.1193E+00
   6.2217E-01   6.2173E-01   1.6904E+00   1.6684E+00   6.4902E-01   6.4713E-01
   1.4270E+00   1.4255E+00   4.9869E-01   4.9547E-01   9.1923E-01   9.1911E-01
   7.5984E-02   5.5776E-01   5.5608E-01   7.0196E-01   7.0284E-01   1.0548E-01
   9.4554E-01   9.4395E-01   8.3693E-01   8.3480E-01   1.5299E+00   1.5326E+00
   6.6534E-01   6.6472E-01   9.5669E-01   9.5633E-01   7.2657E-01   7.2367E-01
   9.7373E-01   9.7394E-01   1.4139E-01   1.4081E-01   1.6110E-01   1.6009E-01
   4.3450E-01   4.3439E-01   8.6173E-01   8.5958E-01   9.2879E-01   9.3014E-01
   9.1732E-01   9.1478E-01   5.8139E-02   5.6134E-02   4.4269E-01   4.4271E-01
   4.2505E-02   3.9015E-02   6.0666E-01   6.0403E-01   4.0290E-01   3.9939E-01
   5.4139E-01   5.4128E-01   8.5648E-01   2.4610E-01  -4.0071E-01  -4.0268E-01
   4.7919E-01   4.7513E-01   7.1938E-01   7.1959E-01   8.5523E-01   1.0626E-01
   1.0353E-01   1.1904E-01   1.1879E-01  -2.3189E-02  -2.4750E-02   4.0705E-01
   4.0529E-01  -2.6597E-02  -2.8945E-02   9.7685E-02   9.8902E-02  -3.9350E-01
  -3.9477E-01   4.2190E-01   4.2020E-01   4.2645E-02   4.1433E-02   1.5067E+00
   1.5061E+00   5.4648E-01   5.4602E-01   2.3258E-01  -2.7965E-01  -2.8020E-01
  -2.7572E-01  -2.7807E-01   4.8142E-01   4.7902E-01   4.1301E-02   4.1547E-02
  -7.7025E-01  -3.8525E-01  -3.8525E-01   1.1183E-03   4.2289E-01   4.2147E-01
  -3.8359E-01  -3.8361E-01  -7.6603E-01   9.8713E-02   9.8231E-02   5.6962E-01
   5.6726E-01   5.7011E-01   5.6853E-01   5.6885E-01   5.6816E-01   3.5907E+00
  -5.7310E+00   1.7856E+00  -2.9079E+00   4.0119E+00  -5.0950E+00  -1.3833E+00
  -1.0252E+00  -1.2110E+01   9.3849E+00  -6.7952E+00   4.3986E+00  -2.6036E-01
  -1.2933E+00  -1.3800E+00  -1.8019E-01  -1.7562E+00  -3.8615E-01   1.2590E+00
  -2.7730E+00  -4.3238E+00   2.9412E+00  -1.2699E+00  -1.5928E-01   8.7900E+00
  -9.9158E+00  -2.7271E+00   1.3553E+00  -4.2506E+00   2.8896E+00   3.8025E+00
  -5.0782E+00  -6.5435E+00   4.3516E+00  -1.5982E+00  -2.0115E-01  -3.8055E+00
   2.3440E+00   3.1487E+00  -3.8252E+00   1.4454E+00  -2.5594E+00  -1.1927E+00
   6.8630E-02  -7.5921E-02  -1.0283E+00  -6.5742E+00   4.2841E+00   3.1208E+00
  -3.9001E+00  -3.8378E+00   2.2775E+00  -6.6156E+00   4.6618E+00   3.8884E+00
  -4.9408E+00  -7.8710E+00   6.4157E+00  -2.6416E+00   1.5006E+00  -4.1647E+00
   3.0416E+00   2.0847E-01  -8.2805E-01   3.7660E+00  -5.4300E+00   6.1833E-01
  -1.2650E+00  -1.0413E+00  -3.8215E-01   6.7301E+00  -7.2275E+00  -4.5971E+00
   3.6772E+00   4.5956E+00  -4.6706E+00   2.6360E+00  -3.1919E+00   1.7495E-01
  -8.8532E-01   4.5859E+00  -4.6882E+00  -4.6043E+00   3.6622E+00   1.8099E+00
  -2.6457E+00  -7.9006E+00   6.3633E+00  -2.3566E+00   1.6905E+00  -7.5784E+00
   6.6218E+00   5.8593E-01  -1.3177E+00  -7.5832E+00   6.6101E+00   2.0213E+00
  -2.1634E+00   2.0150E+00  -2.1760E+00  -3.2030E+00   2.7700E+00   1.8032E+00
  -2.6622E+00  -2.2965E+00   1.3666E+00  -2.2928E+00   1.3767E+00   5.8949E+00
  -5.9527E+00  -3.2083E+00   2.7647E+00   5.9004E+00  -5.9410E+00   2.6211E+00
  -3.2268E+00   9.6788E-01  -1.3700E+00  -5.7986E+00   5.2581E+00  -1.1035E+01
   1.0181E+01  -5.6928E-01   3.2311E-01   7.2702E+00  -6.8695E+00  -2.0322E+00
   1.5558E+00  -2.3701E+00   1.6506E+00  -1.1035E+01   1.0181E+01   2.9046E+00
  -3.0096E+00   2.9003E+00  -3.0191E+00   2.3295E+00  -2.3064E+00   9.6722E-01
  -1.3735E+00   2.3324E+00  -2.3042E+00  -2.7207E-01   1.7387E-01   7.2671E+00
  -6.8731E+00  -5.5152E+00   5.0936E+00  -5.7393E-01   5.3193E-01  -1.0738E+00
  -4.4003E-01  -5.8013E+00   5.2543E+00  -5.6633E-01   3.3216E-01   4.6673E+00
  -4.3878E+00   4.6673E+00  -4.3895E+00  -2.0336E+00   1.5543E+00  -5.7380E-01
   5.3203E-01   9.8887E+00  -9.1168E+00   4.9434E+00  -4.5592E+00   3.5352E-04
   6.6271E-04  -5.5149E+00   5.0930E+00   4.9414E+00  -4.5595E+00   9.8860E+00
  -9.1183E+00  -2.7234E-01   1.7435E-01   6.7026E+00  -7.2712E+00   6.7030E+00
  -7.2719E+00   6.7034E+00  -7.2720E+00   8.5411E-01   7.5434E-01   8.6002E-01
   7.2904E-01   9.6313E-01   7.1565E-01   7.4404E-01  -8.5888E-02  -1.5845E-01
  -1.7903E-01  -1.6889E-01  -1.0732E-01  -7.3503E-02  -1.3077E-01  -1.2532E-01
  -1.1234E-01  -1.2552E-01  -7.5784E-02  -8.0534E-02  -3.1000E-02   3.0985E-02
   2.5421E-02   3.2537E-02  -2.3845E-02  -6.0235E-03  -2.5184E-02  -2.7925E-02
   1.5114E-02   2.2220E-02   3.7872E-02   7.6977E-02   3.6086E-02   1.3699E-02
   2.8152E-02  -2.8490E-02  -2.9790E-02  -3.1961E-02  -4.5993E-02  -3.0329E-02
   5.6210E-02  -1.3733E-02  -2.8986E-02  -1.1961E-02   5.4016E-03  -5.3694E-03
  -1.4630E-02   1.0177E-02   4.0574E-02   2.9054E-02  -6.1465E-03   6.2243E-03
  -1.5785E-02  -1.7769E-02   8.8042E-03  -3.3277E-03  -6.4003E-03   4.8610E-03
  -4.0138E-04   3.1144E-02  -2.7768E-02  -2.3441E-02  -1.3950E-02   1.8938E-02
  -6.7791E-03   2.9660E-02   7.2844E-03  -1.1530E-02   5.8570E-03  -1.8906E-02
  -1.1593E-02  -1.7472E-02   2.1166E-02  -7.9608E-03  -5.3127E-03   1.4803E-03
   1.6217E-02  -7.6039E-05  -1.7270E-03   2.7021E-04  -7.6347E-03  -3.8639E-03
   1.5283E-03  -1.8716E-02  -1.5313E-02  -1.2054E-02   4.9734E-03   1.7683E-03
   9.9195E-04   1.4020E-04  -7.9977E-03   4.7180E-03   1.7233E-02   6.5425E-03
   9.3064E-03   2.0217E-02   8.3245E-05  -2.1983E-02  -1.9153E-02  -2.2335E-02
  -1.1261E-02   1.9834E-01   1.3210E-04  -7.2521E-03   6.8175E-02   1.9596E-02
   7.6760E-02   3.0238E-02   1.6244E-02   4.6489E-02  -6.1870E-04  -6.0659E-02
  -6.7486E-02  -7.6292E-02   8.1146E-02   7.8796E-02   4.5518E-02  -3.2003E-02
   6.8889E-03  -5.2978E-02  -4.9120E-02   1.5873E-02   2.1656E-02   2.8472E-02
   2.6331E-03   3.6380E-02   3.6398E-02   1.7848E-02  -1.2754E-02  -1.8410E-02
  -2.5230E-02  -2.9771E-02  -1.5594E-02   4.7167E-02  -9.5351E-03  -1.8191E-02
   3.6166E-04  -1.2583E-02  -1.6015E-02  -8.2796E-03  -2.0122E-02   4.9977E-02
   3.0030E-02  -8.9786E-03  -3.8204E-02  -1.8001E-02  -1.5284E-02  -1.8216E-02
  -1.5304E-02  -6.9101E-03  -1.5209E-02  -1.1035E-02   1.2888E-02  -2.0704E-02
  -1.7423E-02  -9.7690E-03   1.6149E-02   1.9614E-03   1.0716E-02   2.0987E-04
  -9.1837E-03   2.2245E-02  -2.3073E-03  -9.6921E-04  -1.3763E-02   3.2928E-02
  -1.6483E-02  -6.3404E-03  -7.8889E-03   2.4644E-03   1.1454E-02   3.2205E-03
  -7.2384E-03  -1.1092E-02   2.3701E-04  -2.6752E-03  -3.7480E-02  -1.3847E-03
  -9.5997E-03  -4.4557E-03  -8.1934E-03  -1.4007E-02  -4.4619E-03  -5.1897E-03
   1.3373E-02  -1.2772E-02  -4.7395E-03  -1.3021E-02   1.7851E-03  -3.2975E-03
   2.0106E-02   2.0826E-02   2.0010E-02   1.0997E-02  -6.2270E-02  -1.6580E-01
  -1.7859E-01  -1.6081E-01  -1.3429E-01  -5.8593E-02  -1.1344E-01  -1.2017E-01
  -1.5468E-01  -1.1916E-01  -7.6586E-02  -7.2940E-02  -2.1548E-02  -2.0731E-02
  -3.1888E-02  -2.1191E-03  -1.3586E-02  -1.6243E-02   1.5251E-03  -7.5292E-03
   6.2587E-03   1.8864E-03   2.5483E-02   8.7451E-02   5.6165E-02   3.3115E-02
   2.9556E-02  -3.4494E-02  -1.9292E-02  -3.2138E-02  -4.5815E-02  -2.1248E-02
   1.0949E-02  -4.8599E-03  -2.4807E-02  -4.4716E-03   3.2822E-03  -1.4337E-02
  -1.4635E-02   1.9553E-02   2.7941E-02   2.9883E-02  -7.2108E-03   1.2298E-02
  -1.7647E-02  -1.7314E-02   7.8357E-03  -3.6969E-03  -8.0961E-03   3.1277E-04
   1.0324E-03   3.2684E-02  -2.1639E-02  -1.4509E-02  -1.2412E-02   2.5172E-02
  -4.5294E-03   3.7698E-02   4.3674E-03  -8.0284E-03  -5.7103E-03  -2.5793E-02
  -4.4808E-03  -1.3128E-02   2.0543E-02  -1.5081E-02  -3.4592E-03  -5.2638E-03
   9.9721E-03  -2.7721E-03  -8.3855E-03   9.7648E-05  -3.2805E-03  -8.0999E-03
   1.8180E-03  -1.7250E-02  -1.4064E-02  -2.5024E-02   1.4568E-02   1.5949E-03
   6.5352E-03  -3.8665E-03   7.4466E-03  -4.9629E-03   2.1083E-02   5.1471E-03
   1.0989E-02   2.3751E-02   2.5862E-03  -2.6963E-02  -2.6319E-02  -2.8452E-02
   2.1071E-03   1.3968E-01  -1.6713E-02  -1.7477E-02   2.3672E-02   4.3152E-03
   3.6019E-02  -2.1450E-02  -3.1841E-02   2.3600E-02  -3.0283E-02  -6.8500E-02
  -6.5314E-02  -9.2912E-02   5.4863E-02   4.6398E-02   2.2884E-02  -2.4428E-02
   2.1554E-03  -3.7635E-02  -3.6752E-02   1.0421E-02   6.4112E-03   1.7338E-02
   6.3143E-03   5.6728E-02   6.1284E-02   1.7328E-02  -1.6011E-02  -9.0829E-03
  -2.5216E-02  -2.7704E-02  -7.8681E-03   1.9437E-02  -4.6241E-03  -1.2515E-02
   9.5140E-03  -1.8171E-02  -2.7583E-02  -8.9433E-03  -1.7291E-02   4.0885E-02
   3.2341E-02  -7.2814E-03  -4.4159E-02  -1.9392E-02  -1.3137E-02  -2.0625E-02
  -1.6238E-02  -1.1986E-02  -2.3661E-02  -1.3557E-02   1.0608E-02  -1.3299E-02
  -1.2527E-02  -1.0166E-02   1.8859E-02   5.1111E-03   1.5891E-02   1.6775E-03
  -5.2480E-03   2.2039E-02  -6.7672E-03   3.4612E-03  -1.0976E-02   3.6178E-02
  -2.5806E-02  -6.8878E-03  -1.3170E-02  -1.9368E-04   6.4822E-03  -1.9545E-03
  -9.0305E-03  -1.0482E-02   1.7770E-03  -2.5812E-03  -3.9076E-02   3.5346E-03
  -1.2854E-02   1.6695E-03  -1.1208E-02  -1.0269E-02  -8.0387E-03   7.4859E-03
   7.3869E-05  -9.0532E-03  -7.8282E-03  -1.5564E-02  -1.7268E-03  -1.1214E-03
   2.3682E-02   2.2312E-02   2.3066E-02   1.8658E-02
  > E    =  -9.939099474748E+02 +/-   1.766353873843E-04
  > varE =   4.089454274333E-03
* Computing derivatives.
    [walltime: 2m41s elapsed, 2m44s remaining]
  Done. [total walltime: 5m19s]
* Optimizing manipulation constant:
  #igrid a___________ E____________________________________ varE____________
     1     Infinity    -9.93909947E+02 +/-   1.76635387E-04   4.08945427E-03
     2     1.0000E+06  -9.93909947E+02 +/-   1.76635369E-04   4.08945340E-03
     3     2.1544E+05  -9.93909947E+02 +/-   1.76635300E-04   4.08945024E-03
     4     4.6416E+04  -9.93909947E+02 +/-   1.76634983E-04   4.08943553E-03
     5     1.0000E+04  -9.93909948E+02 +/-   1.76633509E-04   4.08936730E-03
     6     2.1544E+03  -9.93909948E+02 +/-   1.76626677E-04   4.08905097E-03
     7     4.6416E+02  -9.93909949E+02 +/-   1.76595145E-04   4.08759111E-03
     8     1.0000E+02  -9.93909953E+02 +/-   1.76452551E-04   4.08099260E-03
     9     2.1544E+01  -9.93909971E+02 +/-   1.75865881E-04   4.05390074E-03
    10     4.6416E+00  -9.93909989E+02 +/-   1.74447740E-04   3.98878493E-03
    11     1.0000E+00  -9.93909034E+02 +/-   1.88594718E-04   4.66196468E-03
    12     2.1544E-01  -9.93898582E+02 +/-   3.18992398E-04   1.33373820E-02
    13     4.6416E-02  -9.93876148E+02 +/-   4.95040281E-04   3.21211439E-02
    14     1.0000E-02  -9.93863116E+02 +/-   5.72718686E-04   4.29924934E-02
    15     2.1544E-03  -9.93859354E+02 +/-   5.93204752E-04   4.61231722E-02
    16     4.6416E-04  -9.93858486E+02 +/-   5.97830843E-04   4.68453578E-02
    17     1.0000E-04  -9.93858296E+02 +/-   5.98837834E-04   4.70033041E-02
    18     2.1544E-05  -9.93858255E+02 +/-   5.99055268E-04   4.70374434E-02
    19     4.6416E-06  -9.93858246E+02 +/-   5.99102135E-04   4.70448037E-02
    20     1.0000E-06  -9.93858244E+02 +/-   5.99112233E-04   4.70463897E-02
    21     0.0000E+00  -9.93858244E+02 +/-   5.99115006E-04   4.70468252E-02
  ParMin   9.6617E+00  -9.93909988E+02 +/-   1.75164231E-04   4.02161769E-03
  # Using grid point #10
* Iteration # 1: E =  -9.939099894080E+02 +/-   1.744477399275E-04
* Diminishing returns: exiting.
* After optimization:
  -2.1236E+01  -2.0945E+01  -2.1226E+01  -2.0976E+01  -2.1334E+01  -2.0974E+01
  -2.0724E+01   2.0845E+00   1.9597E+00   1.1158E+00   1.0748E+00   2.3667E+00
   2.7196E+00   2.2791E+00   2.2895E+00   1.4549E+00   1.4299E+00   1.4848E+00
   1.4623E+00   2.1254E+00   2.1292E+00   1.4701E+00   1.4353E+00   1.3808E+00
   1.4298E+00   1.1252E+00   1.3828E+00   1.3826E+00   1.3699E+00   1.2899E+00
   1.2835E+00   2.1824E+00   2.1846E+00   1.8014E+00   1.8012E+00   1.4583E+00
   1.4608E+00   6.7126E-01   6.6974E-01   1.1191E+00   1.1196E+00   1.1298E+00
   1.1281E+00   1.1107E+00   1.1093E+00   2.3168E+00   2.3140E+00   8.1309E-01
   8.1001E-01   1.5854E+00   1.5965E+00   1.9630E+00   1.9601E+00   1.0509E+00
   1.0527E+00   1.4544E+00   1.4560E+00   1.1376E+00   1.1365E+00   1.1170E+00
   6.2090E-01   6.2070E-01   1.6863E+00   1.6646E+00   6.4842E-01   6.4654E-01
   1.4270E+00   1.4256E+00   4.9856E-01   4.9610E-01   9.1815E-01   9.1844E-01
   7.5693E-02   5.5673E-01   5.5567E-01   7.0090E-01   7.0158E-01   1.0447E-01
   9.4434E-01   9.4296E-01   8.3704E-01   8.3538E-01   1.5285E+00   1.5307E+00
   6.6421E-01   6.6400E-01   9.5582E-01   9.5569E-01   7.2507E-01   7.2302E-01
   9.7306E-01   9.7300E-01   1.4087E-01   1.4052E-01   1.5998E-01   1.5919E-01
   4.3438E-01   4.3400E-01   8.6241E-01   8.6032E-01   9.2837E-01   9.3005E-01
   9.1629E-01   9.1449E-01   5.7738E-02   5.6196E-02   4.4213E-01   4.4196E-01
   4.2147E-02   3.8947E-02   6.0609E-01   6.0380E-01   4.0267E-01   3.9959E-01
   5.4152E-01   5.4154E-01   8.5655E-01   2.4594E-01  -4.0116E-01  -4.0312E-01
   4.7868E-01   4.7513E-01   7.1803E-01   7.1855E-01   8.5557E-01   1.0549E-01
   1.0349E-01   1.1816E-01   1.1793E-01  -2.4117E-02  -2.5511E-02   4.0697E-01
   4.0531E-01  -2.6687E-02  -2.8714E-02   9.7823E-02   9.8845E-02  -3.9475E-01
  -3.9580E-01   4.2176E-01   4.2058E-01   4.1801E-02   4.1034E-02   1.5071E+00
   1.5063E+00   5.4582E-01   5.4572E-01   2.3274E-01  -2.8067E-01  -2.8079E-01
  -2.7675E-01  -2.7864E-01   4.8046E-01   4.7865E-01   4.0628E-02   4.1086E-02
  -7.7142E-01  -3.8585E-01  -3.8589E-01   8.6538E-04   4.2299E-01   4.2186E-01
  -3.8469E-01  -3.8461E-01  -7.6768E-01   9.8418E-02   9.7985E-02   5.7021E-01
   5.6811E-01   5.7021E-01   5.6904E-01   5.6971E-01   5.6890E-01   3.5891E+00
  -5.7381E+00   1.7877E+00  -2.9114E+00   4.0156E+00  -5.0970E+00  -1.3808E+00
  -1.0223E+00  -1.2108E+01   9.3833E+00  -6.7949E+00   4.3950E+00  -2.5473E-01
  -1.2939E+00  -1.3766E+00  -1.8135E-01  -1.7559E+00  -3.8822E-01   1.2611E+00
  -2.7763E+00  -4.3203E+00   2.9397E+00  -1.2689E+00  -1.6188E-01   8.7949E+00
  -9.9174E+00  -2.7233E+00   1.3533E+00  -4.2473E+00   2.8882E+00   3.8036E+00
  -5.0797E+00  -6.5421E+00   4.3518E+00  -1.5959E+00  -2.0278E-01  -3.8034E+00
   2.3412E+00   3.1516E+00  -3.8274E+00   1.4477E+00  -2.5621E+00  -1.1894E+00
   6.6749E-02  -7.2470E-02  -1.0304E+00  -6.5735E+00   4.2841E+00   3.1241E+00
  -3.9019E+00  -3.8352E+00   2.2749E+00  -6.6144E+00   4.6591E+00   3.8900E+00
  -4.9428E+00  -7.8676E+00   6.4138E+00  -2.6387E+00   1.4982E+00  -4.1612E+00
   3.0404E+00   2.1143E-01  -8.3020E-01   3.7698E+00  -5.4296E+00   6.2090E-01
  -1.2670E+00  -1.0411E+00  -3.8282E-01   6.7323E+00  -7.2299E+00  -4.5941E+00
   3.6753E+00   4.5983E+00  -4.6732E+00   2.6387E+00  -3.1939E+00   1.7816E-01
  -8.8748E-01   4.5894E+00  -4.6905E+00  -4.6015E+00   3.6602E+00   1.8108E+00
  -2.6469E+00  -7.8969E+00   6.3615E+00  -2.3537E+00   1.6886E+00  -7.5754E+00
   6.6197E+00   5.8867E-01  -1.3196E+00  -7.5806E+00   6.6078E+00   2.0245E+00
  -2.1656E+00   2.0180E+00  -2.1785E+00  -3.2004E+00   2.7670E+00   1.8038E+00
  -2.6634E+00  -2.2952E+00   1.3656E+00  -2.2916E+00   1.3759E+00   5.8968E+00
  -5.9544E+00  -3.2051E+00   2.7623E+00   5.9024E+00  -5.9429E+00   2.6239E+00
  -3.2287E+00   9.6892E-01  -1.3705E+00  -5.7958E+00   5.2551E+00  -1.1033E+01
   1.0177E+01  -5.6616E-01   3.2030E-01   7.2730E+00  -6.8715E+00  -2.0312E+00
   1.5548E+00  -2.3668E+00   1.6491E+00  -1.1032E+01   1.0178E+01   2.9070E+00
  -3.0115E+00   2.9031E+00  -3.0207E+00   2.3313E+00  -2.3070E+00   9.6783E-01
  -1.3742E+00   2.3336E+00  -2.3056E+00  -2.7045E-01   1.7265E-01   7.2700E+00
  -6.8751E+00  -5.5134E+00   5.0920E+00  -5.7092E-01   5.2951E-01  -1.0742E+00
  -4.4042E-01  -5.7979E+00   5.2515E+00  -5.6349E-01   3.2914E-01   4.6702E+00
  -4.3899E+00   4.6702E+00  -4.3917E+00  -2.0324E+00   1.5535E+00  -5.7067E-01
   5.2951E-01   9.8915E+00  -9.1184E+00   4.9449E+00  -4.5599E+00   5.7588E-04
   4.9246E-04  -5.5134E+00   5.0913E+00   4.9434E+00  -4.5601E+00   9.8891E+00
  -9.1201E+00  -2.7112E-01   1.7276E-01   6.7039E+00  -7.2742E+00   6.7043E+00
  -7.2746E+00   6.7048E+00  -7.2748E+00   8.9388E-01   7.9310E-01   9.0213E-01
   7.6248E-01   1.0115E+00   7.5157E-01   7.8286E-01  -8.5266E-02  -1.6963E-01
  -1.9011E-01  -1.7185E-01  -1.0973E-01  -7.5010E-02  -1.4251E-01  -1.3659E-01
  -1.1621E-01  -1.3095E-01  -8.0067E-02  -8.1981E-02  -3.1881E-02   3.1431E-02
   2.8105E-02   3.3161E-02  -2.6455E-02  -7.4247E-03  -2.4463E-02  -3.3614E-02
   1.7582E-02   2.3398E-02   4.0581E-02   8.0375E-02   4.0462E-02   1.3312E-02
   3.0944E-02  -2.8965E-02  -2.9563E-02  -3.4424E-02  -4.5423E-02  -2.9031E-02
   5.9403E-02  -1.4303E-02  -2.9628E-02  -8.2127E-03   3.7294E-03  -2.4226E-03
  -1.5967E-02   9.1092E-03   4.0483E-02   3.1571E-02  -1.6304E-03   8.1405E-03
  -1.6964E-02  -1.6750E-02   8.2913E-03  -3.4465E-03  -7.7226E-03   2.4458E-03
  -5.0339E-04   2.9112E-02  -2.7191E-02  -2.7704E-02  -1.3375E-02   1.9666E-02
  -6.5352E-03   3.0617E-02   5.7512E-03  -1.0776E-02   5.4827E-03  -1.9620E-02
  -1.2074E-02  -1.8699E-02   2.2533E-02  -8.3673E-03  -6.8662E-03  -1.1141E-03
   1.4695E-02   2.8766E-03  -2.4484E-03  -8.7755E-04  -8.9769E-03  -5.1712E-03
   9.1259E-04  -2.1817E-02  -1.2786E-02  -8.2963E-03   6.2330E-03   1.7117E-03
  -1.2522E-03   3.3582E-05  -9.2145E-03   1.6262E-03   1.9235E-02   7.3736E-03
   9.0083E-03   2.0317E-02   1.5480E-03  -2.1705E-02  -1.9237E-02  -2.2179E-02
  -1.1404E-02   2.1179E-01  -5.1397E-03  -1.1713E-02   7.4746E-02   2.0447E-02
   7.9227E-02   2.7933E-02   1.3729E-02   4.9102E-02  -2.9964E-03  -6.4556E-02
  -6.7880E-02  -7.9399E-02   8.5623E-02   8.3319E-02   4.6697E-02  -3.3378E-02
   6.3906E-03  -5.2683E-02  -5.1311E-02   1.8820E-02   2.2287E-02   3.0509E-02
   1.6484E-03   3.6776E-02   3.8681E-02   2.0544E-02  -1.4418E-02  -1.8581E-02
  -2.6932E-02  -3.1296E-02  -1.7797E-02   4.9965E-02  -1.0566E-02  -2.0969E-02
   2.5108E-04  -1.3199E-02  -1.7243E-02  -7.3785E-03  -2.1384E-02   5.0184E-02
   3.1478E-02  -1.1325E-02  -3.9686E-02  -1.7633E-02  -1.5422E-02  -1.9563E-02
  -1.5168E-02  -7.0985E-03  -1.5736E-02  -1.2386E-02   1.5479E-02  -2.1860E-02
  -1.8800E-02  -1.0159E-02   1.8391E-02   9.0363E-04   1.1429E-02  -9.9742E-04
  -8.6309E-03   1.8949E-02  -7.0306E-03  -1.2362E-03  -1.4129E-02   3.3603E-02
  -1.5418E-02  -5.4932E-03  -8.3054E-03   3.9368E-03   1.2080E-02   1.5232E-03
  -7.0701E-03  -1.1643E-02   3.5863E-04  -4.4286E-03  -3.8714E-02  -2.2609E-03
  -7.5839E-03  -2.4886E-03  -7.8214E-03  -1.3505E-02  -3.4625E-03  -3.0636E-03
   1.3757E-02  -1.1085E-02  -4.3416E-03  -1.2853E-02   2.6551E-03  -2.9866E-03
   2.0329E-02   2.0715E-02   2.0328E-02   1.2851E-02  -5.8517E-02  -1.6841E-01
  -1.8276E-01  -1.5887E-01  -1.3134E-01  -5.3938E-02  -1.2040E-01  -1.2593E-01
  -1.5183E-01  -1.1795E-01  -7.6055E-02  -7.4340E-02  -2.0960E-02  -2.2247E-02
  -3.0953E-02  -2.9682E-03  -1.3595E-02  -1.6569E-02   5.9072E-04  -1.0471E-02
   5.7294E-03   4.4598E-03   2.6944E-02   8.6888E-02   6.0608E-02   3.1047E-02
   2.7964E-02  -3.3467E-02  -1.9428E-02  -3.1697E-02  -4.3282E-02  -1.8106E-02
   9.9409E-03  -5.5791E-03  -2.2137E-02  -1.0057E-03   1.5005E-03  -1.0627E-02
  -1.7556E-02   1.8067E-02   2.8203E-02   3.1294E-02  -9.6158E-04   1.3645E-02
  -1.8430E-02  -1.4520E-02   7.9555E-03  -3.5549E-03  -9.3829E-03  -6.3021E-04
   2.3792E-04   2.8689E-02  -1.8712E-02  -1.7546E-02  -1.0997E-02   2.3674E-02
  -4.2034E-03   3.8499E-02   3.0532E-03  -6.8188E-03  -2.3362E-03  -2.0405E-02
  -6.0266E-03  -1.3290E-02   2.0305E-02  -1.2184E-02  -6.7597E-03  -7.6877E-03
   6.4255E-03  -7.0098E-06  -8.5482E-03   1.0157E-03  -3.7227E-03  -8.4837E-03
   3.6502E-03  -1.9497E-02  -1.3186E-02  -2.0244E-02   1.3093E-02   2.5950E-03
   4.3275E-03  -4.0526E-03   3.6649E-03  -6.5728E-03   2.0469E-02   5.2513E-03
   1.0727E-02   2.2130E-02   2.8416E-03  -2.5574E-02  -2.4849E-02  -2.6609E-02
  -2.5973E-03   1.3898E-01  -2.0885E-02  -2.3055E-02   2.4106E-02   3.6777E-03
   3.4792E-02  -2.6418E-02  -3.5668E-02   2.4367E-02  -3.3970E-02  -6.8122E-02
  -6.5513E-02  -9.2291E-02   5.4947E-02   4.7276E-02   2.2079E-02  -2.3144E-02
   2.2550E-03  -3.6814E-02  -3.5083E-02   9.9605E-03   7.8611E-03   1.8632E-02
   4.5773E-03   5.6674E-02   6.1281E-02   1.6292E-02  -1.6650E-02  -1.0024E-02
  -2.4877E-02  -2.8710E-02  -9.6091E-03   1.8633E-02  -5.6497E-03  -1.3245E-02
   7.6851E-03  -1.7310E-02  -2.7125E-02  -8.9134E-03  -1.7113E-02   3.9944E-02
   3.1826E-02  -8.7232E-03  -4.4278E-02  -1.8845E-02  -1.2738E-02  -2.0540E-02
  -1.5592E-02  -1.1337E-02  -2.0467E-02  -1.4148E-02   1.2964E-02  -1.2820E-02
  -1.1914E-02  -9.5211E-03   1.9859E-02   3.6736E-03   1.6629E-02   3.7962E-05
  -4.2943E-03   1.9004E-02  -8.1803E-03   2.3919E-03  -9.8384E-03   3.4657E-02
  -2.1151E-02  -6.4947E-03  -1.2795E-02  -1.4005E-04   7.2789E-03  -3.4362E-03
  -6.8458E-03  -9.3152E-03   1.2489E-03  -2.6597E-03  -3.7807E-02  -1.9848E-04
  -1.1931E-02   1.1211E-03  -8.6226E-03  -8.9495E-03  -6.0137E-03   8.6925E-03
   3.2123E-03  -8.4648E-03  -8.1425E-03  -1.4265E-02   2.0143E-04  -1.2047E-03
   2.2416E-02   2.1315E-02   2.1983E-02   1.8267E-02
  > Energy =  -9.939099894080E+02 +/-   1.744477399275E-04
  > varE =   3.988784934527E-03

VMC #6:
* Size of Hilbert space =   1.0817E+14
* Number of equil. steps   = 1000
* Running VMC equilibration.
  Done. [total walltime: 0.34s]
* Equil. acc.ratio (%)     =  11.8885
* Sample config after equilibration:
  +-------------------------+
  |  u   d   d   d   d   u  |
  |2   0   u   2   u   u   d|
  |0   u   d   u   2   u   d|
  |  2   d   0   u   d   0  |
  +-------------------------+
* Number of accum. steps   = 524288 x 10
* Running VMC accumulation.
  Done. [total walltime: 1.82s]
* Acceptance ratio (%)     =  11.8427
* Etot/t                   =  -9.939097537133E+02 +/-   9.378488563452E-05
  > Ttot/t                 =  -9.591582356687E+01 +/-   1.052271889001E-03
  > Utot/t                 =   4.231422430449E+01 +/-   1.042386250072E-03
* var[Eloc/t]              =   3.962773003207E-03 +/-   3.484689827432E-05
* Correlation length       =   1.163687658048E+00
* log10 Psi^2 range: -132.4300558420994 -- -120.3625024241131
* log10 Pgen range : -132.4300558420994 -- -120.3625024241131
* Site occupation (ave. no. electrons per config.):
  > Site_  ___eu____  ___ed____
      1        0.496      0.498
      2        0.496      0.500
      3        0.500      0.500
      4        0.500      0.496
      5        0.504      0.502
      6        0.501      0.501
      7        0.501      0.504
      8        0.497      0.501
      9        0.501      0.496
     10        0.499      0.499
     11        0.498      0.497
     12        0.499      0.505
     13        0.504      0.501
     14        0.499      0.508
     15        0.504      0.502
     16        0.498      0.499
     17        0.499      0.496
     18        0.503      0.500
     19        0.499      0.502
     20        0.502      0.501
     21        0.504      0.502
     22        0.498      0.503
     23        0.496      0.495
     24        0.500      0.494
     25        0.497      0.499
     26        0.505      0.500
* Pair-correlation analysis (ave. no. pairs per config.):
  > Shell  nsite  ___dh____  __eueu___  __eued___
      0      1        0          0          4.498
      1      0        0.918      0.499      2.599
      2      0        0.134      0.360      0.533
      3      0        0.264      0.718      1.063
      4      0        0.226      0.766      1.066
      5      0        0.253      0.741      1.053
      6      0        0.755      0.845      2.438
      7      0        0.672      1.052      2.335
      8      0        0.599      1.225      2.259
      9      0        0.448      1.554      2.088
     10      0        0.526      1.386      2.179
     11      0        0.137      0.818      1.160
     12      0        0.136      0.832      1.140
     13      0        0.137      0.856      1.087
     14      0        0.224      2.113      1.914
     15      0        0.111      1.061      0.954
     16      0        0.224      2.085      1.912
     17      0        0.266      1.906      2.053
     18      0        0.236      2.047      1.945
     19      0        0.296      1.876      2.053
     20      0        0.304      1.872      2.056
     21      0        0.244      2.093      1.917
     22      0        0.245      2.116      1.907
     23      0        0.243      2.127      1.891
     24      0        0.237      2.099      1.921
     25      0        0.276      2.081      1.906
     26      0        0.270      2.081      1.901
     27      0        0.237      2.131      1.885
     28      0        0.217      1.951      2.054
     29      0        0.241      2.061      1.945
     30      0        0.214      1.947      2.096
     31      0        0.107      0.971      1.055
     32      0        0.251      2.048      1.948
     33      0        0.212      2.137      1.889
     34      0        0.246      2.042      1.966
     35      0        0.217      2.073      1.956
     36      0        0.248      2.011      1.960
     37      0        0.286      1.936      2.019
     38      0        0.142      0.967      1.012
     39      0        0.213      1.987      2.032
     40      0        0.256      1.902      2.084
     41      0        0.141      1.008      0.971
     42      0        0.273      2.024      1.954
     43      0        0.253      1.953      2.031
     44      0        0.258      1.873      2.105
     45      0        0.213      1.991      2.051
     46      0        0.242      2.027      1.976
     47      0        0.255      1.932      2.059
     48      0        0.244      1.965      2.037
     49      0        0.248      2.018      1.974
     50      0        0.246      1.974      2.022
     51      0        0.273      1.961      2.002
     52      0        0.250      2.032      1.961
     53      0        0.221      1.968      2.061
     54      0        0.223      2.041      1.985
     55      0        0.251      1.974      2.002
     56      0        0.277      1.997      1.963
     57      0        0.250      2.003      1.975
     58      0        0.219      2.035      1.975
     59      0        0.251      1.981      2.018
     60      0        0.241      2.013      1.985
     61      0        0.134      0.997      0.987
     62      0        0.108      1.012      1.003
     63      0        0.246      1.990      1.980
     64      0        0.220      2.028      2.004
     65      0        0.218      2.057      1.981
     66      0        0.135      0.984      0.999
     67      0        0.216      1.998      2.018
     68      0        0.215      2.018      2.000
     69      0        0.249      2.002      1.991
     70      0        0.252      2.016      1.983
     71      0        0.251      1.987      2.002
     72      0        0.219      2.019      2.011
     73      0        0.249      1.981      1.987
     74      0        0.244      2.003      1.992
     75      0        0.244      1.988      1.984
     76      0        0.245      1.840      2.143
     77      0        0.239      1.988      2.012
     78      0        0.107      1.003      1.016
     79      0        0.216      2.002      2.008
     80      0        0.217      2.004      2.004
     81      0        0.221      2.000      2.030
     82      0        0.242      1.986      1.987
     83      0        0.109      0.992      0.999
     84      0        0.220      2.006      1.996
     85      0        0.110      1.004      1.007
     86      0        0.247      1.988      2.003
     87      0        0.219      1.999      2.003
     88      0        0.107      0.999      0.994
     89      0        0.218      2.013      2.016
     90      0        0.127      0.975      1.012
     91      0        0.063      0.486      0.505
     92      0        0.064      0.484      0.501
     93      0        0.112      1.004      1.006

Optimization #6:
* Method          : lls
* Target function : energy
* No. of configs. : 131072
* No. of params.  : 736
* Before optimization:
  -2.1236E+01  -2.0945E+01  -2.1226E+01  -2.0976E+01  -2.1334E+01  -2.0974E+01
  -2.0724E+01   2.0845E+00   1.9597E+00   1.1158E+00   1.0748E+00   2.3667E+00
   2.7196E+00   2.2791E+00   2.2895E+00   1.4549E+00   1.4299E+00   1.4848E+00
   1.4623E+00   2.1254E+00   2.1292E+00   1.4701E+00   1.4353E+00   1.3808E+00
   1.4298E+00   1.1252E+00   1.3828E+00   1.3826E+00   1.3699E+00   1.2899E+00
   1.2835E+00   2.1824E+00   2.1846E+00   1.8014E+00   1.8012E+00   1.4583E+00
   1.4608E+00   6.7126E-01   6.6974E-01   1.1191E+00   1.1196E+00   1.1298E+00
   1.1281E+00   1.1107E+00   1.1093E+00   2.3168E+00   2.3140E+00   8.1309E-01
   8.1001E-01   1.5854E+00   1.5965E+00   1.9630E+00   1.9601E+00   1.0509E+00
   1.0527E+00   1.4544E+00   1.4560E+00   1.1376E+00   1.1365E+00   1.1170E+00
   6.2090E-01   6.2070E-01   1.6863E+00   1.6646E+00   6.4842E-01   6.4654E-01
   1.4270E+00   1.4256E+00   4.9856E-01   4.9610E-01   9.1815E-01   9.1844E-01
   7.5693E-02   5.5673E-01   5.5567E-01   7.0090E-01   7.0158E-01   1.0447E-01
   9.4434E-01   9.4296E-01   8.3704E-01   8.3538E-01   1.5285E+00   1.5307E+00
   6.6421E-01   6.6400E-01   9.5582E-01   9.5569E-01   7.2507E-01   7.2302E-01
   9.7306E-01   9.7300E-01   1.4087E-01   1.4052E-01   1.5998E-01   1.5919E-01
   4.3438E-01   4.3400E-01   8.6241E-01   8.6032E-01   9.2837E-01   9.3005E-01
   9.1629E-01   9.1449E-01   5.7738E-02   5.6196E-02   4.4213E-01   4.4196E-01
   4.2147E-02   3.8947E-02   6.0609E-01   6.0380E-01   4.0267E-01   3.9959E-01
   5.4152E-01   5.4154E-01   8.5655E-01   2.4594E-01  -4.0116E-01  -4.0312E-01
   4.7868E-01   4.7513E-01   7.1803E-01   7.1855E-01   8.5557E-01   1.0549E-01
   1.0349E-01   1.1816E-01   1.1793E-01  -2.4117E-02  -2.5511E-02   4.0697E-01
   4.0531E-01  -2.6687E-02  -2.8714E-02   9.7823E-02   9.8845E-02  -3.9475E-01
  -3.9580E-01   4.2176E-01   4.2058E-01   4.1801E-02   4.1034E-02   1.5071E+00
   1.5063E+00   5.4582E-01   5.4572E-01   2.3274E-01  -2.8067E-01  -2.8079E-01
  -2.7675E-01  -2.7864E-01   4.8046E-01   4.7865E-01   4.0628E-02   4.1086E-02
  -7.7142E-01  -3.8585E-01  -3.8589E-01   8.6538E-04   4.2299E-01   4.2186E-01
  -3.8469E-01  -3.8461E-01  -7.6768E-01   9.8418E-02   9.7985E-02   5.7021E-01
   5.6811E-01   5.7021E-01   5.6904E-01   5.6971E-01   5.6890E-01   3.5891E+00
  -5.7381E+00   1.7877E+00  -2.9114E+00   4.0156E+00  -5.0970E+00  -1.3808E+00
  -1.0223E+00  -1.2108E+01   9.3833E+00  -6.7949E+00   4.3950E+00  -2.5473E-01
  -1.2939E+00  -1.3766E+00  -1.8135E-01  -1.7559E+00  -3.8822E-01   1.2611E+00
  -2.7763E+00  -4.3203E+00   2.9397E+00  -1.2689E+00  -1.6188E-01   8.7949E+00
  -9.9174E+00  -2.7233E+00   1.3533E+00  -4.2473E+00   2.8882E+00   3.8036E+00
  -5.0797E+00  -6.5421E+00   4.3518E+00  -1.5959E+00  -2.0278E-01  -3.8034E+00
   2.3412E+00   3.1516E+00  -3.8274E+00   1.4477E+00  -2.5621E+00  -1.1894E+00
   6.6749E-02  -7.2470E-02  -1.0304E+00  -6.5735E+00   4.2841E+00   3.1241E+00
  -3.9019E+00  -3.8352E+00   2.2749E+00  -6.6144E+00   4.6591E+00   3.8900E+00
  -4.9428E+00  -7.8676E+00   6.4138E+00  -2.6387E+00   1.4982E+00  -4.1612E+00
   3.0404E+00   2.1143E-01  -8.3020E-01   3.7698E+00  -5.4296E+00   6.2090E-01
  -1.2670E+00  -1.0411E+00  -3.8282E-01   6.7323E+00  -7.2299E+00  -4.5941E+00
   3.6753E+00   4.5983E+00  -4.6732E+00   2.6387E+00  -3.1939E+00   1.7816E-01
  -8.8748E-01   4.5894E+00  -4.6905E+00  -4.6015E+00   3.6602E+00   1.8108E+00
  -2.6469E+00  -7.8969E+00   6.3615E+00  -2.3537E+00   1.6886E+00  -7.5754E+00
   6.6197E+00   5.8867E-01  -1.3196E+00  -7.5806E+00   6.6078E+00   2.0245E+00
  -2.1656E+00   2.0180E+00  -2.1785E+00  -3.2004E+00   2.7670E+00   1.8038E+00
  -2.6634E+00  -2.2952E+00   1.3656E+00  -2.2916E+00   1.3759E+00   5.8968E+00
  -5.9544E+00  -3.2051E+00   2.7623E+00   5.9024E+00  -5.9429E+00   2.6239E+00
  -3.2287E+00   9.6892E-01  -1.3705E+00  -5.7958E+00   5.2551E+00  -1.1033E+01
   1.0177E+01  -5.6616E-01   3.2030E-01   7.2730E+00  -6.8715E+00  -2.0312E+00
   1.5548E+00  -2.3668E+00   1.6491E+00  -1.1032E+01   1.0178E+01   2.9070E+00
  -3.0115E+00   2.9031E+00  -3.0207E+00   2.3313E+00  -2.3070E+00   9.6783E-01
  -1.3742E+00   2.3336E+00  -2.3056E+00  -2.7045E-01   1.7265E-01   7.2700E+00
  -6.8751E+00  -5.5134E+00   5.0920E+00  -5.7092E-01   5.2951E-01  -1.0742E+00
  -4.4042E-01  -5.7979E+00   5.2515E+00  -5.6349E-01   3.2914E-01   4.6702E+00
  -4.3899E+00   4.6702E+00  -4.3917E+00  -2.0324E+00   1.5535E+00  -5.7067E-01
   5.2951E-01   9.8915E+00  -9.1184E+00   4.9449E+00  -4.5599E+00   5.7588E-04
   4.9246E-04  -5.5134E+00   5.0913E+00   4.9434E+00  -4.5601E+00   9.8891E+00
  -9.1201E+00  -2.7112E-01   1.7276E-01   6.7039E+00  -7.2742E+00   6.7043E+00
  -7.2746E+00   6.7048E+00  -7.2748E+00   8.9388E-01   7.9310E-01   9.0213E-01
   7.6248E-01   1.0115E+00   7.5157E-01   7.8286E-01  -8.5266E-02  -1.6963E-01
  -1.9011E-01  -1.7185E-01  -1.0973E-01  -7.5010E-02  -1.4251E-01  -1.3659E-01
  -1.1621E-01  -1.3095E-01  -8.0067E-02  -8.1981E-02  -3.1881E-02   3.1431E-02
   2.8105E-02   3.3161E-02  -2.6455E-02  -7.4247E-03  -2.4463E-02  -3.3614E-02
   1.7582E-02   2.3398E-02   4.0581E-02   8.0375E-02   4.0462E-02   1.3312E-02
   3.0944E-02  -2.8965E-02  -2.9563E-02  -3.4424E-02  -4.5423E-02  -2.9031E-02
   5.9403E-02  -1.4303E-02  -2.9628E-02  -8.2127E-03   3.7294E-03  -2.4226E-03
  -1.5967E-02   9.1092E-03   4.0483E-02   3.1571E-02  -1.6304E-03   8.1405E-03
  -1.6964E-02  -1.6750E-02   8.2913E-03  -3.4465E-03  -7.7226E-03   2.4458E-03
  -5.0339E-04   2.9112E-02  -2.7191E-02  -2.7704E-02  -1.3375E-02   1.9666E-02
  -6.5352E-03   3.0617E-02   5.7512E-03  -1.0776E-02   5.4827E-03  -1.9620E-02
  -1.2074E-02  -1.8699E-02   2.2533E-02  -8.3673E-03  -6.8662E-03  -1.1141E-03
   1.4695E-02   2.8766E-03  -2.4484E-03  -8.7755E-04  -8.9769E-03  -5.1712E-03
   9.1259E-04  -2.1817E-02  -1.2786E-02  -8.2963E-03   6.2330E-03   1.7117E-03
  -1.2522E-03   3.3582E-05  -9.2145E-03   1.6262E-03   1.9235E-02   7.3736E-03
   9.0083E-03   2.0317E-02   1.5480E-03  -2.1705E-02  -1.9237E-02  -2.2179E-02
  -1.1404E-02   2.1179E-01  -5.1397E-03  -1.1713E-02   7.4746E-02   2.0447E-02
   7.9227E-02   2.7933E-02   1.3729E-02   4.9102E-02  -2.9964E-03  -6.4556E-02
  -6.7880E-02  -7.9399E-02   8.5623E-02   8.3319E-02   4.6697E-02  -3.3378E-02
   6.3906E-03  -5.2683E-02  -5.1311E-02   1.8820E-02   2.2287E-02   3.0509E-02
   1.6484E-03   3.6776E-02   3.8681E-02   2.0544E-02  -1.4418E-02  -1.8581E-02
  -2.6932E-02  -3.1296E-02  -1.7797E-02   4.9965E-02  -1.0566E-02  -2.0969E-02
   2.5108E-04  -1.3199E-02  -1.7243E-02  -7.3785E-03  -2.1384E-02   5.0184E-02
   3.1478E-02  -1.1325E-02  -3.9686E-02  -1.7633E-02  -1.5422E-02  -1.9563E-02
  -1.5168E-02  -7.0985E-03  -1.5736E-02  -1.2386E-02   1.5479E-02  -2.1860E-02
  -1.8800E-02  -1.0159E-02   1.8391E-02   9.0363E-04   1.1429E-02  -9.9742E-04
  -8.6309E-03   1.8949E-02  -7.0306E-03  -1.2362E-03  -1.4129E-02   3.3603E-02
  -1.5418E-02  -5.4932E-03  -8.3054E-03   3.9368E-03   1.2080E-02   1.5232E-03
  -7.0701E-03  -1.1643E-02   3.5863E-04  -4.4286E-03  -3.8714E-02  -2.2609E-03
  -7.5839E-03  -2.4886E-03  -7.8214E-03  -1.3505E-02  -3.4625E-03  -3.0636E-03
   1.3757E-02  -1.1085E-02  -4.3416E-03  -1.2853E-02   2.6551E-03  -2.9866E-03
   2.0329E-02   2.0715E-02   2.0328E-02   1.2851E-02  -5.8517E-02  -1.6841E-01
  -1.8276E-01  -1.5887E-01  -1.3134E-01  -5.3938E-02  -1.2040E-01  -1.2593E-01
  -1.5183E-01  -1.1795E-01  -7.6055E-02  -7.4340E-02  -2.0960E-02  -2.2247E-02
  -3.0953E-02  -2.9682E-03  -1.3595E-02  -1.6569E-02   5.9072E-04  -1.0471E-02
   5.7294E-03   4.4598E-03   2.6944E-02   8.6888E-02   6.0608E-02   3.1047E-02
   2.7964E-02  -3.3467E-02  -1.9428E-02  -3.1697E-02  -4.3282E-02  -1.8106E-02
   9.9409E-03  -5.5791E-03  -2.2137E-02  -1.0057E-03   1.5005E-03  -1.0627E-02
  -1.7556E-02   1.8067E-02   2.8203E-02   3.1294E-02  -9.6158E-04   1.3645E-02
  -1.8430E-02  -1.4520E-02   7.9555E-03  -3.5549E-03  -9.3829E-03  -6.3021E-04
   2.3792E-04   2.8689E-02  -1.8712E-02  -1.7546E-02  -1.0997E-02   2.3674E-02
  -4.2034E-03   3.8499E-02   3.0532E-03  -6.8188E-03  -2.3362E-03  -2.0405E-02
  -6.0266E-03  -1.3290E-02   2.0305E-02  -1.2184E-02  -6.7597E-03  -7.6877E-03
   6.4255E-03  -7.0098E-06  -8.5482E-03   1.0157E-03  -3.7227E-03  -8.4837E-03
   3.6502E-03  -1.9497E-02  -1.3186E-02  -2.0244E-02   1.3093E-02   2.5950E-03
   4.3275E-03  -4.0526E-03   3.6649E-03  -6.5728E-03   2.0469E-02   5.2513E-03
   1.0727E-02   2.2130E-02   2.8416E-03  -2.5574E-02  -2.4849E-02  -2.6609E-02
  -2.5973E-03   1.3898E-01  -2.0885E-02  -2.3055E-02   2.4106E-02   3.6777E-03
   3.4792E-02  -2.6418E-02  -3.5668E-02   2.4367E-02  -3.3970E-02  -6.8122E-02
  -6.5513E-02  -9.2291E-02   5.4947E-02   4.7276E-02   2.2079E-02  -2.3144E-02
   2.2550E-03  -3.6814E-02  -3.5083E-02   9.9605E-03   7.8611E-03   1.8632E-02
   4.5773E-03   5.6674E-02   6.1281E-02   1.6292E-02  -1.6650E-02  -1.0024E-02
  -2.4877E-02  -2.8710E-02  -9.6091E-03   1.8633E-02  -5.6497E-03  -1.3245E-02
   7.6851E-03  -1.7310E-02  -2.7125E-02  -8.9134E-03  -1.7113E-02   3.9944E-02
   3.1826E-02  -8.7232E-03  -4.4278E-02  -1.8845E-02  -1.2738E-02  -2.0540E-02
  -1.5592E-02  -1.1337E-02  -2.0467E-02  -1.4148E-02   1.2964E-02  -1.2820E-02
  -1.1914E-02  -9.5211E-03   1.9859E-02   3.6736E-03   1.6629E-02   3.7962E-05
  -4.2943E-03   1.9004E-02  -8.1803E-03   2.3919E-03  -9.8384E-03   3.4657E-02
  -2.1151E-02  -6.4947E-03  -1.2795E-02  -1.4005E-04   7.2789E-03  -3.4362E-03
  -6.8458E-03  -9.3152E-03   1.2489E-03  -2.6597E-03  -3.7807E-02  -1.9848E-04
  -1.1931E-02   1.1211E-03  -8.6226E-03  -8.9495E-03  -6.0137E-03   8.6925E-03
   3.2123E-03  -8.4648E-03  -8.1425E-03  -1.4265E-02   2.0143E-04  -1.2047E-03
   2.2416E-02   2.1315E-02   2.1983E-02   1.8267E-02
  > E    =  -9.939096779721E+02 +/-   1.708890350885E-04
  > varE =   3.827703783552E-03
* Computing derivatives.
    [walltime: 2m42s elapsed, 2m42s remaining]
  Done. [total walltime: 5m23s]
* Optimizing manipulation constant:
  #igrid a___________ E____________________________________ varE____________
     1     Infinity    -9.93909678E+02 +/-   1.70889035E-04   3.82770378E-03
     2     1.0000E+06  -9.93909678E+02 +/-   1.70889025E-04   3.82770332E-03
     3     2.1544E+05  -9.93909678E+02 +/-   1.70888987E-04   3.82770165E-03
     4     4.6416E+04  -9.93909678E+02 +/-   1.70888814E-04   3.82769388E-03
     5     1.0000E+04  -9.93909678E+02 +/-   1.70888010E-04   3.82765784E-03
     6     2.1544E+03  -9.93909678E+02 +/-   1.70884278E-04   3.82749068E-03
     7     4.6416E+02  -9.93909679E+02 +/-   1.70867022E-04   3.82671773E-03
     8     1.0000E+02  -9.93909682E+02 +/-   1.70788304E-04   3.82319259E-03
     9     2.1544E+01  -9.93909694E+02 +/-   1.70450393E-04   3.80807893E-03
    10     4.6416E+00  -9.93909736E+02 +/-   1.69315680E-04   3.75754582E-03
    11     1.0000E+00  -9.93909797E+02 +/-   1.67531474E-04   3.67877091E-03
    12     2.1544E-01  -9.93909686E+02 +/-   1.68715815E-04   3.73096794E-03
    13     4.6416E-02  -9.93909223E+02 +/-   1.76416539E-04   4.07932703E-03
    14     1.0000E-02  -9.93908912E+02 +/-   1.81654358E-04   4.32515391E-03
    15     2.1544E-03  -9.93908820E+02 +/-   1.83187266E-04   4.39845841E-03
    16     4.6416E-04  -9.93908799E+02 +/-   1.83541242E-04   4.41547324E-03
    17     1.0000E-04  -9.93908795E+02 +/-   1.83618664E-04   4.41919914E-03
    18     2.1544E-05  -9.93908794E+02 +/-   1.83635399E-04   4.42000469E-03
    19     4.6416E-06  -9.93908793E+02 +/-   1.83639006E-04   4.42017837E-03
    20     1.0000E-06  -9.93908793E+02 +/-   1.83639784E-04   4.42021580E-03
    21     0.0000E+00  -9.93908793E+02 +/-   1.83639997E-04   4.42022607E-03
  ParMin   1.2309E+00  -9.93909792E+02 +/-   1.67723422E-04   3.68720559E-03
  # Using grid point #11
* Iteration # 1: E =  -9.939097967917E+02 +/-   1.675314737213E-04
* Computing derivatives.
    [walltime: 2m42s elapsed, 2m43s remaining]
  Done. [total walltime: 5m24s]
* Optimizing manipulation constant:
  #igrid a___________ E____________________________________ varE____________
     1     Infinity    -9.93909797E+02 +/-   1.67531474E-04   3.67877091E-03
     2     1.0000E+06  -9.93909797E+02 +/-   1.67531471E-04   3.67877079E-03
     3     2.1544E+05  -9.93909797E+02 +/-   1.67531461E-04   3.67877034E-03
     4     4.6416E+04  -9.93909797E+02 +/-   1.67531413E-04   3.67876824E-03
     5     1.0000E+04  -9.93909797E+02 +/-   1.67531191E-04   3.67875849E-03
     6     2.1544E+03  -9.93909797E+02 +/-   1.67530163E-04   3.67871334E-03
     7     4.6416E+02  -9.93909797E+02 +/-   1.67525432E-04   3.67850558E-03
     8     1.0000E+02  -9.93909798E+02 +/-   1.67504340E-04   3.67757937E-03
     9     2.1544E+01  -9.93909801E+02 +/-   1.67423375E-04   3.67402502E-03
    10     4.6416E+00  -9.93909799E+02 +/-   1.67306390E-04   3.66889246E-03
    11     1.0000E+00  -9.93909641E+02 +/-   1.69510021E-04   3.76617659E-03
    12     2.1544E-01  -9.93908617E+02 +/-   1.86462322E-04   4.55713717E-03
    13     4.6416E-02  -9.93907241E+02 +/-   2.08064210E-04   5.67420063E-03
    14     1.0000E-02  -9.93906661E+02 +/-   2.16640398E-04   6.15161029E-03
    15     2.1544E-03  -9.93906512E+02 +/-   2.18798120E-04   6.27475969E-03
    16     4.6416E-04  -9.93906478E+02 +/-   2.19279475E-04   6.30239894E-03
    17     1.0000E-04  -9.93906471E+02 +/-   2.19383969E-04   6.30840698E-03
    18     2.1544E-05  -9.93906469E+02 +/-   2.19406518E-04   6.30970386E-03
    19     4.6416E-06  -9.93906469E+02 +/-   2.19411378E-04   6.30998339E-03
    20     1.0000E-06  -9.93906469E+02 +/-   2.19412425E-04   6.31004361E-03
    21     0.0000E+00  -9.93906469E+02 +/-   2.19412713E-04   6.31006015E-03
* Iteration # 2: E =  -9.939098010027E+02 +/-   1.674233746178E-04
* Convergence: exiting.
* After optimization:
  -2.1532E+01  -2.1255E+01  -2.1520E+01  -2.1271E+01  -2.1643E+01  -2.1254E+01
  -2.1008E+01   2.0986E+00   1.9713E+00   1.1277E+00   1.0818E+00   2.3740E+00
   2.7288E+00   2.2911E+00   2.2994E+00   1.4578E+00   1.4342E+00   1.4939E+00
   1.4690E+00   2.1371E+00   2.1389E+00   1.4794E+00   1.4460E+00   1.3902E+00
   1.4427E+00   1.1383E+00   1.3907E+00   1.3903E+00   1.3769E+00   1.2998E+00
   1.2941E+00   2.1918E+00   2.1936E+00   1.8108E+00   1.8120E+00   1.4698E+00
   1.4720E+00   6.7872E-01   6.7789E-01   1.1298E+00   1.1293E+00   1.1366E+00
   1.1349E+00   1.1164E+00   1.1163E+00   2.3297E+00   2.3242E+00   8.1980E-01
   8.1596E-01   1.5977E+00   1.6082E+00   1.9752E+00   1.9718E+00   1.0641E+00
   1.0645E+00   1.4644E+00   1.4651E+00   1.1455E+00   1.1450E+00   1.1223E+00
   6.2840E-01   6.2753E-01   1.6971E+00   1.6762E+00   6.5654E-01   6.5458E-01
   1.4383E+00   1.4384E+00   5.1092E-01   5.0797E-01   9.2847E-01   9.2968E-01
   8.4550E-02   5.6625E-01   5.6587E-01   7.0851E-01   7.0850E-01   1.1155E-01
   9.5471E-01   9.5355E-01   8.4947E-01   8.4784E-01   1.5381E+00   1.5401E+00
   6.7139E-01   6.7105E-01   9.6659E-01   9.6730E-01   7.3457E-01   7.3221E-01
   9.8456E-01   9.8475E-01   1.4826E-01   1.4791E-01   1.6782E-01   1.6675E-01
   4.4414E-01   4.4412E-01   8.7547E-01   8.7274E-01   9.3939E-01   9.4131E-01
   9.2454E-01   9.2381E-01   6.7951E-02   6.8439E-02   4.5115E-01   4.5133E-01
   5.1993E-02   4.9963E-02   6.1680E-01   6.1502E-01   4.1163E-01   4.1016E-01
   5.4809E-01   5.4831E-01   8.6385E-01   2.5426E-01  -3.9380E-01  -3.9506E-01
   4.8721E-01   4.8607E-01   7.2806E-01   7.2748E-01   8.6232E-01   1.1539E-01
   1.1413E-01   1.2858E-01   1.2853E-01  -1.7127E-02  -1.8295E-02   4.1654E-01
   4.1664E-01  -1.9292E-02  -2.0903E-02   1.0323E-01   1.0400E-01  -3.8787E-01
  -3.8880E-01   4.2715E-01   4.2587E-01   4.5346E-02   4.4267E-02   1.5180E+00
   1.5185E+00   5.5371E-01   5.5404E-01   2.3803E-01  -2.7465E-01  -2.7600E-01
  -2.7023E-01  -2.7253E-01   4.9049E-01   4.9024E-01   4.5887E-02   4.6146E-02
  -7.6884E-01  -3.8435E-01  -3.8440E-01   1.4753E-03   4.2645E-01   4.2544E-01
  -3.8302E-01  -3.8268E-01  -7.6569E-01   1.0477E-01   1.0550E-01   5.8307E-01
   5.8127E-01   5.8501E-01   5.8034E-01   5.8316E-01   5.8199E-01   3.5832E+00
  -5.7591E+00   1.7955E+00  -2.9234E+00   4.0223E+00  -5.1111E+00  -1.3888E+00
  -1.0223E+00  -1.2107E+01   9.3682E+00  -6.7931E+00   4.3793E+00  -2.4916E-01
  -1.3076E+00  -1.3728E+00  -1.9507E-01  -1.7544E+00  -4.0361E-01   1.2675E+00
  -2.7917E+00  -4.3129E+00   2.9285E+00  -1.2674E+00  -1.7688E-01   8.7981E+00
  -9.9315E+00  -2.7183E+00   1.3395E+00  -4.2413E+00   2.8764E+00   3.8055E+00
  -5.0928E+00  -6.5427E+00   4.3437E+00  -1.5920E+00  -2.1680E-01  -3.8001E+00
   2.3249E+00   3.1564E+00  -3.8400E+00   1.4525E+00  -2.5776E+00  -1.1848E+00
   5.2645E-02  -6.6364E-02  -1.0437E+00  -6.5742E+00   4.2739E+00   3.1297E+00
  -3.9134E+00  -3.8315E+00   2.2576E+00  -6.6111E+00   4.6446E+00   3.8913E+00
  -4.9574E+00  -7.8626E+00   6.3999E+00  -2.6331E+00   1.4851E+00  -4.1542E+00
   3.0282E+00   2.1734E-01  -8.4412E-01   3.7667E+00  -5.4376E+00   6.2502E-01
  -1.2805E+00  -1.0441E+00  -3.9165E-01   6.7345E+00  -7.2452E+00  -4.5910E+00
   3.6616E+00   4.6039E+00  -4.6887E+00   2.6422E+00  -3.2072E+00   1.8404E-01
  -9.0109E-01   4.5963E+00  -4.7046E+00  -4.5975E+00   3.6464E+00   1.8086E+00
  -2.6562E+00  -7.8927E+00   6.3464E+00  -2.3468E+00   1.6759E+00  -7.5712E+00
   6.6042E+00   5.9307E-01  -1.3323E+00  -7.5773E+00   6.5917E+00   2.0308E+00
  -2.1789E+00   2.0236E+00  -2.1917E+00  -3.1953E+00   2.7520E+00   1.8010E+00
  -2.6740E+00  -2.2970E+00   1.3562E+00  -2.2926E+00   1.3678E+00   5.8991E+00
  -5.9690E+00  -3.1996E+00   2.7476E+00   5.9052E+00  -5.9564E+00   2.6272E+00
  -3.2427E+00   9.6735E-01  -1.3787E+00  -5.7893E+00   5.2416E+00  -1.1026E+01
   1.0163E+01  -5.6157E-01   3.0653E-01   7.2794E+00  -6.8848E+00  -2.0320E+00
   1.5457E+00  -2.3622E+00   1.6351E+00  -1.1025E+01   1.0164E+01   2.9113E+00
  -3.0256E+00   2.9083E+00  -3.0353E+00   2.3336E+00  -2.3162E+00   9.6734E-01
  -1.3823E+00   2.3343E+00  -2.3141E+00  -2.6849E-01   1.6526E-01   7.2772E+00
  -6.8892E+00  -5.5114E+00   5.0835E+00  -5.6196E-01   5.1779E-01  -1.0771E+00
  -4.4894E-01  -5.7922E+00   5.2376E+00  -5.5664E-01   3.1758E-01   4.6774E+00
  -4.4029E+00   4.6769E+00  -4.4057E+00  -2.0341E+00   1.5418E+00  -5.6242E-01
   5.1706E-01   9.9002E+00  -9.1305E+00   4.9498E+00  -4.5654E+00  -1.1896E-03
   5.3504E-04  -5.5103E+00   5.0843E+00   4.9477E+00  -4.5657E+00   9.8982E+00
  -9.1313E+00  -2.6913E-01   1.6428E-01   6.7061E+00  -7.2895E+00   6.7059E+00
  -7.2903E+00   6.7063E+00  -7.2899E+00   9.3278E-01   8.3071E-01   9.3803E-01
   7.9117E-01   1.0615E+00   7.7905E-01   8.1004E-01  -8.1668E-02  -1.8864E-01
  -2.0832E-01  -1.7831E-01  -1.1818E-01  -8.0946E-02  -1.5929E-01  -1.5497E-01
  -1.1943E-01  -1.3741E-01  -9.1200E-02  -8.4625E-02  -3.4140E-02   3.0789E-02
   3.6613E-02   3.1308E-02  -2.6408E-02  -8.5823E-03  -2.5149E-02  -4.4224E-02
   1.9050E-02   2.8516E-02   4.5913E-02   8.2175E-02   4.7688E-02   1.5625E-02
   3.2000E-02  -2.9053E-02  -3.1370E-02  -3.4910E-02  -4.6164E-02  -2.8342E-02
   6.2681E-02  -1.8191E-02  -3.1473E-02  -6.6489E-03  -4.3584E-03  -6.0251E-03
  -1.7385E-02   4.8479E-03   3.7853E-02   3.9948E-02   4.3376E-03   1.0787E-02
  -1.2780E-02  -1.1224E-02   8.2561E-03  -9.4016E-03  -4.8209E-03  -3.7083E-03
   2.2633E-03   3.1620E-02  -2.4816E-02  -2.8340E-02  -1.5694E-02   1.5308E-02
  -4.5774E-03   3.2231E-02   1.2437E-03  -9.9729E-03   3.6725E-03  -1.7343E-02
  -1.0349E-02  -1.6385E-02   2.5139E-02   2.2451E-03  -4.8689E-03  -1.2719E-03
   1.1942E-02   5.8328E-03   1.7931E-03  -3.8980E-03  -7.0195E-03  -5.1663E-03
   1.7654E-03  -2.4279E-02  -9.6907E-03  -3.7063E-03   1.4598E-03  -5.9893E-04
  -3.1999E-03  -3.8960E-03  -4.0483E-03  -5.8720E-03   1.6014E-02   9.3807E-03
   1.0039E-02   1.5056E-02  -1.8248E-03  -1.8704E-02  -1.6511E-02  -1.8726E-02
  -8.2779E-03   2.2547E-01  -2.5015E-02  -2.2180E-02   7.8649E-02   1.4522E-02
   7.8004E-02   2.2805E-02   4.7085E-03   4.9784E-02  -5.3423E-03  -6.5738E-02
  -6.9471E-02  -8.2834E-02   8.7193E-02   8.8108E-02   4.8019E-02  -3.4042E-02
   9.0474E-03  -5.1133E-02  -4.9812E-02   2.0849E-02   2.4345E-02   2.9908E-02
  -7.6133E-04   2.9753E-02   3.8457E-02   2.2714E-02  -1.5744E-02  -1.7957E-02
  -2.5722E-02  -3.2045E-02  -1.9612E-02   5.2570E-02  -1.1308E-02  -2.4178E-02
  -3.3214E-03  -9.2227E-03  -1.6715E-02  -7.9975E-03  -2.0212E-02   4.7877E-02
   3.2121E-02  -9.6055E-03  -3.8693E-02  -1.7353E-02  -1.9010E-02  -1.8148E-02
  -1.4632E-02  -7.8549E-03  -1.5705E-02  -1.4887E-02   2.1101E-02  -2.1007E-02
  -1.8208E-02  -1.1690E-02   2.0309E-02  -2.9190E-03   1.3903E-02  -2.5976E-03
  -9.4784E-03   1.5057E-02  -1.3643E-02   2.0702E-03  -1.0914E-02   3.5343E-02
  -7.7995E-03   1.0762E-03  -7.1861E-03   5.0272E-03   1.1562E-02   5.7843E-03
  -1.0064E-02  -1.1421E-02   2.6213E-03  -2.1913E-03  -4.1181E-02  -5.4501E-03
  -3.7954E-03  -4.7583E-03  -6.4938E-03  -1.1115E-02  -3.1947E-03  -2.5871E-03
   5.7475E-04   3.4087E-04  -2.7921E-03  -6.8029E-03   9.0051E-04  -2.1582E-03
   2.3148E-02   2.3963E-02   2.1707E-02   3.4666E-03  -4.9383E-02  -1.8303E-01
  -1.9604E-01  -1.5211E-01  -1.3837E-01  -6.1186E-02  -1.2930E-01  -1.3770E-01
  -1.5176E-01  -1.2558E-01  -8.0448E-02  -7.4694E-02  -2.2504E-02  -2.5092E-02
  -2.2416E-02  -6.3210E-03  -1.2176E-02  -2.0692E-02  -1.0574E-03  -1.4873E-02
   4.5014E-03   1.1078E-02   3.2863E-02   8.4927E-02   7.1117E-02   3.1844E-02
   2.5425E-02  -2.8996E-02  -2.1909E-02  -3.0264E-02  -4.0163E-02  -1.8478E-02
   1.3633E-02  -8.1792E-03  -2.2558E-02   3.0146E-03  -8.4732E-03  -1.0662E-02
  -1.8651E-02   1.2800E-02   2.8191E-02   3.7846E-02   2.5508E-03   1.9077E-02
  -1.1013E-02  -7.8128E-03   1.2551E-02  -1.0455E-02  -5.4866E-03  -4.2462E-03
   4.2618E-03   2.5967E-02  -1.6673E-02  -2.2260E-02  -1.3752E-02   1.6017E-02
  -3.7697E-03   3.8906E-02   2.0362E-03  -1.5269E-03  -6.2303E-03  -1.6541E-02
  -4.7751E-03  -1.2710E-02   2.2984E-02  -4.7672E-03  -6.4650E-03  -5.8649E-03
   7.0907E-03   2.2777E-03  -1.5708E-03   5.3798E-04  -2.8868E-03  -1.1743E-02
   2.8529E-03  -1.8129E-02  -7.4079E-03  -1.3947E-02   5.4940E-03   7.4797E-04
   1.4895E-03  -4.0863E-03   2.7661E-03  -9.8474E-03   1.7727E-02   6.0576E-03
   1.1168E-02   1.7017E-02   2.8478E-03  -2.6003E-02  -2.4050E-02  -2.6006E-02
  -5.3992E-03   1.4054E-01  -3.9563E-02  -3.5700E-02   2.8803E-02  -8.3422E-03
   2.3139E-02  -3.4702E-02  -4.6460E-02   2.0626E-02  -4.1715E-02  -6.3141E-02
  -6.4757E-02  -9.3365E-02   5.2240E-02   4.9387E-02   2.1843E-02  -2.3269E-02
   2.1987E-03  -3.3584E-02  -2.7406E-02   9.6212E-03   1.0896E-02   1.7547E-02
   1.9846E-03   5.3394E-02   5.7626E-02   1.4966E-02  -1.5011E-02  -8.4206E-03
  -2.1638E-02  -2.5477E-02  -1.1096E-02   2.1938E-02  -3.4852E-03  -1.5213E-02
   4.4049E-03  -1.1858E-02  -2.2411E-02  -8.0245E-03  -1.3311E-02   3.8434E-02
   2.9079E-02  -1.1145E-02  -3.8645E-02  -1.7149E-02  -1.7810E-02  -1.5592E-02
  -1.3728E-02  -1.1965E-02  -1.6968E-02  -1.5059E-02   1.2129E-02  -1.2822E-02
  -1.3532E-02  -8.7772E-03   2.0917E-02  -1.9657E-03   1.7061E-02  -2.1299E-03
  -2.3120E-03   1.0303E-02  -1.4286E-02   5.9941E-03  -7.3748E-03   3.5219E-02
  -1.6180E-02   1.5226E-03  -1.0333E-02   1.0192E-03   5.9822E-03   4.9035E-03
  -7.4242E-03  -8.1851E-03  -2.2252E-04  -2.4023E-03  -3.6025E-02  -2.8972E-03
  -1.1593E-02  -3.2332E-03  -7.6579E-03  -6.0158E-03  -4.3443E-03   1.3029E-03
  -5.6167E-03  -3.0573E-04  -6.0596E-03  -4.8912E-03   1.4598E-03   1.3452E-03
   2.0665E-02   1.9839E-02   1.9371E-02   4.5411E-03
  > Energy =  -9.939098010027E+02 +/-   1.674233746178E-04
  > varE =   3.674025016482E-03

VMC #7:
* Size of Hilbert space =   1.0817E+14
* Number of equil. steps   = 1000
* Running VMC equilibration.
  Done. [total walltime: 0.34s]
* Equil. acc.ratio (%)     =  11.5338
* Sample config after equilibration:
  +-------------------------+
  |  0   2   u   u   d   u  |
  |2   d   0   d   2   u   d|
  |u   2   d   d   0   0   u|
  |  d   0   u   u   2   d  |
  +-------------------------+
* Number of accum. steps   = 524288 x 10
* Running VMC accumulation.
  Done. [total walltime: 1.81s]
* Acceptance ratio (%)     =  11.5013
* Etot/t                   =  -9.939098138174E+02 +/-   9.236787906767E-05
  > Ttot/t                 =  -9.591411451487E+01 +/-   1.053137340196E-03
  > Utot/t                 =   4.231245514841E+01 +/-   1.047071035088E-03
* var[Eloc/t]              =   3.936120329523E-03 +/-   3.388102611781E-05
* Correlation length       =   1.136432104427E+00
* log10 Psi^2 range: -134.3509481306866 -- -121.4589109883973
* log10 Pgen range : -134.3509481306866 -- -121.4589109883973
* Site occupation (ave. no. electrons per config.):
  > Site_  ___eu____  ___ed____
      1        0.498      0.497
      2        0.497      0.495
      3        0.500      0.496
      4        0.496      0.499
      5        0.500      0.505
      6        0.500      0.499
      7        0.504      0.503
      8        0.500      0.500
      9        0.495      0.497
     10        0.502      0.496
     11        0.500      0.493
     12        0.504      0.501
     13        0.507      0.501
     14        0.502      0.505
     15        0.503      0.504
     16        0.499      0.496
     17        0.497      0.500
     18        0.501      0.505
     19        0.499      0.499
     20        0.502      0.501
     21        0.500      0.508
     22        0.501      0.501
     23        0.497      0.497
     24        0.494      0.501
     25        0.498      0.498
     26        0.503      0.501
* Pair-correlation analysis (ave. no. pairs per config.):
  > Shell  nsite  ___dh____  __eueu___  __eued___
      0      1        0          0          4.517
      1      0        0.925      0.498      2.594
      2      0        0.137      0.357      0.529
      3      0        0.268      0.718      1.057
      4      0        0.228      0.766      1.065
      5      0        0.256      0.736      1.048
      6      0        0.762      0.848      2.429
      7      0        0.673      1.055      2.336
      8      0        0.602      1.225      2.257
      9      0        0.449      1.547      2.092
     10      0        0.532      1.384      2.177
     11      0        0.138      0.819      1.161
     12      0        0.140      0.835      1.140
     13      0        0.139      0.856      1.087
     14      0        0.224      2.120      1.918
     15      0        0.112      1.064      0.959
     16      0        0.226      2.086      1.915
     17      0        0.266      1.898      2.055
     18      0        0.237      2.047      1.938
     19      0        0.298      1.875      2.043
     20      0        0.309      1.866      2.054
     21      0        0.242      2.092      1.926
     22      0        0.243      2.120      1.909
     23      0        0.244      2.131      1.891
     24      0        0.238      2.103      1.908
     25      0        0.277      2.081      1.904
     26      0        0.269      2.075      1.902
     27      0        0.238      2.130      1.888
     28      0        0.219      1.957      2.055
     29      0        0.243      2.058      1.947
     30      0        0.216      1.952      2.104
     31      0        0.107      0.973      1.059
     32      0        0.248      2.059      1.951
     33      0        0.214      2.138      1.892
     34      0        0.251      2.044      1.960
     35      0        0.222      2.074      1.959
     36      0        0.247      2.010      1.963
     37      0        0.285      1.930      2.022
     38      0        0.147      0.960      1.010
     39      0        0.220      1.989      2.029
     40      0        0.263      1.902      2.082
     41      0        0.140      1.010      0.974
     42      0        0.276      2.019      1.947
     43      0        0.257      1.954      2.024
     44      0        0.259      1.870      2.102
     45      0        0.216      1.996      2.059
     46      0        0.245      2.027      1.973
     47      0        0.261      1.934      2.055
     48      0        0.246      1.964      2.036
     49      0        0.248      2.024      1.977
     50      0        0.250      1.973      2.024
     51      0        0.280      1.953      1.995
     52      0        0.249      2.029      1.964
     53      0        0.225      1.971      2.060
     54      0        0.220      2.047      1.992
     55      0        0.253      1.975      1.997
     56      0        0.277      1.995      1.958
     57      0        0.252      2.000      1.973
     58      0        0.218      2.037      1.984
     59      0        0.256      1.973      2.017
     60      0        0.244      2.011      1.987
     61      0        0.134      0.993      0.986
     62      0        0.110      1.016      1.007
     63      0        0.248      1.995      1.978
     64      0        0.221      2.034      2.005
     65      0        0.219      2.061      1.989
     66      0        0.136      0.982      0.992
     67      0        0.217      2.000      2.023
     68      0        0.218      2.020      2.000
     69      0        0.253      2.000      1.986
     70      0        0.254      2.013      1.981
     71      0        0.252      1.984      2.005
     72      0        0.220      2.022      2.013
     73      0        0.251      1.977      1.991
     74      0        0.247      1.997      1.992
     75      0        0.244      1.988      1.982
     76      0        0.247      1.842      2.146
     77      0        0.247      1.985      2.009
     78      0        0.109      1.006      1.018
     79      0        0.220      2.003      2.011
     80      0        0.218      2.014      2.002
     81      0        0.221      2.004      2.032
     82      0        0.246      1.980      1.985
     83      0        0.109      0.997      0.996
     84      0        0.222      2.001      2.001
     85      0        0.112      1.006      1.003
     86      0        0.250      1.988      1.992
     87      0        0.221      2.000      2.004
     88      0        0.111      0.995      0.995
     89      0        0.222      2.010      2.022
     90      0        0.126      0.973      1.007
     91      0        0.064      0.485      0.504
     92      0        0.063      0.487      0.505
     93      0        0.111      1.005      1.007

Optimization #7:
* Method          : lls
* Target function : energy
* No. of configs. : 131072
* No. of params.  : 736
* Before optimization:
  -2.1532E+01  -2.1255E+01  -2.1520E+01  -2.1271E+01  -2.1643E+01  -2.1254E+01
  -2.1008E+01   2.0986E+00   1.9713E+00   1.1277E+00   1.0818E+00   2.3740E+00
   2.7288E+00   2.2911E+00   2.2994E+00   1.4578E+00   1.4342E+00   1.4939E+00
   1.4690E+00   2.1371E+00   2.1389E+00   1.4794E+00   1.4460E+00   1.3902E+00
   1.4427E+00   1.1383E+00   1.3907E+00   1.3903E+00   1.3769E+00   1.2998E+00
   1.2941E+00   2.1918E+00   2.1936E+00   1.8108E+00   1.8120E+00   1.4698E+00
   1.4720E+00   6.7872E-01   6.7789E-01   1.1298E+00   1.1293E+00   1.1366E+00
   1.1349E+00   1.1164E+00   1.1163E+00   2.3297E+00   2.3242E+00   8.1980E-01
   8.1596E-01   1.5977E+00   1.6082E+00   1.9752E+00   1.9718E+00   1.0641E+00
   1.0645E+00   1.4644E+00   1.4651E+00   1.1455E+00   1.1450E+00   1.1223E+00
   6.2840E-01   6.2753E-01   1.6971E+00   1.6762E+00   6.5654E-01   6.5458E-01
   1.4383E+00   1.4384E+00   5.1092E-01   5.0797E-01   9.2847E-01   9.2968E-01
   8.4550E-02   5.6625E-01   5.6587E-01   7.0851E-01   7.0850E-01   1.1155E-01
   9.5471E-01   9.5355E-01   8.4947E-01   8.4784E-01   1.5381E+00   1.5401E+00
   6.7139E-01   6.7105E-01   9.6659E-01   9.6730E-01   7.3457E-01   7.3221E-01
   9.8456E-01   9.8475E-01   1.4826E-01   1.4791E-01   1.6782E-01   1.6675E-01
   4.4414E-01   4.4412E-01   8.7547E-01   8.7274E-01   9.3939E-01   9.4131E-01
   9.2454E-01   9.2381E-01   6.7951E-02   6.8439E-02   4.5115E-01   4.5133E-01
   5.1993E-02   4.9963E-02   6.1680E-01   6.1502E-01   4.1163E-01   4.1016E-01
   5.4809E-01   5.4831E-01   8.6385E-01   2.5426E-01  -3.9380E-01  -3.9506E-01
   4.8721E-01   4.8607E-01   7.2806E-01   7.2748E-01   8.6232E-01   1.1539E-01
   1.1413E-01   1.2858E-01   1.2853E-01  -1.7127E-02  -1.8295E-02   4.1654E-01
   4.1664E-01  -1.9292E-02  -2.0903E-02   1.0323E-01   1.0400E-01  -3.8787E-01
  -3.8880E-01   4.2715E-01   4.2587E-01   4.5346E-02   4.4267E-02   1.5180E+00
   1.5185E+00   5.5371E-01   5.5404E-01   2.3803E-01  -2.7465E-01  -2.7600E-01
  -2.7023E-01  -2.7253E-01   4.9049E-01   4.9024E-01   4.5887E-02   4.6146E-02
  -7.6884E-01  -3.8435E-01  -3.8440E-01   1.4753E-03   4.2645E-01   4.2544E-01
  -3.8302E-01  -3.8268E-01  -7.6569E-01   1.0477E-01   1.0550E-01   5.8307E-01
   5.8127E-01   5.8501E-01   5.8034E-01   5.8316E-01   5.8199E-01   3.5832E+00
  -5.7591E+00   1.7955E+00  -2.9234E+00   4.0223E+00  -5.1111E+00  -1.3888E+00
  -1.0223E+00  -1.2107E+01   9.3682E+00  -6.7931E+00   4.3793E+00  -2.4916E-01
  -1.3076E+00  -1.3728E+00  -1.9507E-01  -1.7544E+00  -4.0361E-01   1.2675E+00
  -2.7917E+00  -4.3129E+00   2.9285E+00  -1.2674E+00  -1.7688E-01   8.7981E+00
  -9.9315E+00  -2.7183E+00   1.3395E+00  -4.2413E+00   2.8764E+00   3.8055E+00
  -5.0928E+00  -6.5427E+00   4.3437E+00  -1.5920E+00  -2.1680E-01  -3.8001E+00
   2.3249E+00   3.1564E+00  -3.8400E+00   1.4525E+00  -2.5776E+00  -1.1848E+00
   5.2645E-02  -6.6364E-02  -1.0437E+00  -6.5742E+00   4.2739E+00   3.1297E+00
  -3.9134E+00  -3.8315E+00   2.2576E+00  -6.6111E+00   4.6446E+00   3.8913E+00
  -4.9574E+00  -7.8626E+00   6.3999E+00  -2.6331E+00   1.4851E+00  -4.1542E+00
   3.0282E+00   2.1734E-01  -8.4412E-01   3.7667E+00  -5.4376E+00   6.2502E-01
  -1.2805E+00  -1.0441E+00  -3.9165E-01   6.7345E+00  -7.2452E+00  -4.5910E+00
   3.6616E+00   4.6039E+00  -4.6887E+00   2.6422E+00  -3.2072E+00   1.8404E-01
  -9.0109E-01   4.5963E+00  -4.7046E+00  -4.5975E+00   3.6464E+00   1.8086E+00
  -2.6562E+00  -7.8927E+00   6.3464E+00  -2.3468E+00   1.6759E+00  -7.5712E+00
   6.6042E+00   5.9307E-01  -1.3323E+00  -7.5773E+00   6.5917E+00   2.0308E+00
  -2.1789E+00   2.0236E+00  -2.1917E+00  -3.1953E+00   2.7520E+00   1.8010E+00
  -2.6740E+00  -2.2970E+00   1.3562E+00  -2.2926E+00   1.3678E+00   5.8991E+00
  -5.9690E+00  -3.1996E+00   2.7476E+00   5.9052E+00  -5.9564E+00   2.6272E+00
  -3.2427E+00   9.6735E-01  -1.3787E+00  -5.7893E+00   5.2416E+00  -1.1026E+01
   1.0163E+01  -5.6157E-01   3.0653E-01   7.2794E+00  -6.8848E+00  -2.0320E+00
   1.5457E+00  -2.3622E+00   1.6351E+00  -1.1025E+01   1.0164E+01   2.9113E+00
  -3.0256E+00   2.9083E+00  -3.0353E+00   2.3336E+00  -2.3162E+00   9.6734E-01
  -1.3823E+00   2.3343E+00  -2.3141E+00  -2.6849E-01   1.6526E-01   7.2772E+00
  -6.8892E+00  -5.5114E+00   5.0835E+00  -5.6196E-01   5.1779E-01  -1.0771E+00
  -4.4894E-01  -5.7922E+00   5.2376E+00  -5.5664E-01   3.1758E-01   4.6774E+00
  -4.4029E+00   4.6769E+00  -4.4057E+00  -2.0341E+00   1.5418E+00  -5.6242E-01
   5.1706E-01   9.9002E+00  -9.1305E+00   4.9498E+00  -4.5654E+00  -1.1896E-03
   5.3504E-04  -5.5103E+00   5.0843E+00   4.9477E+00  -4.5657E+00   9.8982E+00
  -9.1313E+00  -2.6913E-01   1.6428E-01   6.7061E+00  -7.2895E+00   6.7059E+00
  -7.2903E+00   6.7063E+00  -7.2899E+00   9.3278E-01   8.3071E-01   9.3803E-01
   7.9117E-01   1.0615E+00   7.7905E-01   8.1004E-01  -8.1668E-02  -1.8864E-01
  -2.0832E-01  -1.7831E-01  -1.1818E-01  -8.0946E-02  -1.5929E-01  -1.5497E-01
  -1.1943E-01  -1.3741E-01  -9.1200E-02  -8.4625E-02  -3.4140E-02   3.0789E-02
   3.6613E-02   3.1308E-02  -2.6408E-02  -8.5823E-03  -2.5149E-02  -4.4224E-02
   1.9050E-02   2.8516E-02   4.5913E-02   8.2175E-02   4.7688E-02   1.5625E-02
   3.2000E-02  -2.9053E-02  -3.1370E-02  -3.4910E-02  -4.6164E-02  -2.8342E-02
   6.2681E-02  -1.8191E-02  -3.1473E-02  -6.6489E-03  -4.3584E-03  -6.0251E-03
  -1.7385E-02   4.8479E-03   3.7853E-02   3.9948E-02   4.3376E-03   1.0787E-02
  -1.2780E-02  -1.1224E-02   8.2561E-03  -9.4016E-03  -4.8209E-03  -3.7083E-03
   2.2633E-03   3.1620E-02  -2.4816E-02  -2.8340E-02  -1.5694E-02   1.5308E-02
  -4.5774E-03   3.2231E-02   1.2437E-03  -9.9729E-03   3.6725E-03  -1.7343E-02
  -1.0349E-02  -1.6385E-02   2.5139E-02   2.2451E-03  -4.8689E-03  -1.2719E-03
   1.1942E-02   5.8328E-03   1.7931E-03  -3.8980E-03  -7.0195E-03  -5.1663E-03
   1.7654E-03  -2.4279E-02  -9.6907E-03  -3.7063E-03   1.4598E-03  -5.9893E-04
  -3.1999E-03  -3.8960E-03  -4.0483E-03  -5.8720E-03   1.6014E-02   9.3807E-03
   1.0039E-02   1.5056E-02  -1.8248E-03  -1.8704E-02  -1.6511E-02  -1.8726E-02
  -8.2779E-03   2.2547E-01  -2.5015E-02  -2.2180E-02   7.8649E-02   1.4522E-02
   7.8004E-02   2.2805E-02   4.7085E-03   4.9784E-02  -5.3423E-03  -6.5738E-02
  -6.9471E-02  -8.2834E-02   8.7193E-02   8.8108E-02   4.8019E-02  -3.4042E-02
   9.0474E-03  -5.1133E-02  -4.9812E-02   2.0849E-02   2.4345E-02   2.9908E-02
  -7.6133E-04   2.9753E-02   3.8457E-02   2.2714E-02  -1.5744E-02  -1.7957E-02
  -2.5722E-02  -3.2045E-02  -1.9612E-02   5.2570E-02  -1.1308E-02  -2.4178E-02
  -3.3214E-03  -9.2227E-03  -1.6715E-02  -7.9975E-03  -2.0212E-02   4.7877E-02
   3.2121E-02  -9.6055E-03  -3.8693E-02  -1.7353E-02  -1.9010E-02  -1.8148E-02
  -1.4632E-02  -7.8549E-03  -1.5705E-02  -1.4887E-02   2.1101E-02  -2.1007E-02
  -1.8208E-02  -1.1690E-02   2.0309E-02  -2.9190E-03   1.3903E-02  -2.5976E-03
  -9.4784E-03   1.5057E-02  -1.3643E-02   2.0702E-03  -1.0914E-02   3.5343E-02
  -7.7995E-03   1.0762E-03  -7.1861E-03   5.0272E-03   1.1562E-02   5.7843E-03
  -1.0064E-02  -1.1421E-02   2.6213E-03  -2.1913E-03  -4.1181E-02  -5.4501E-03
  -3.7954E-03  -4.7583E-03  -6.4938E-03  -1.1115E-02  -3.1947E-03  -2.5871E-03
   5.7475E-04   3.4087E-04  -2.7921E-03  -6.8029E-03   9.0051E-04  -2.1582E-03
   2.3148E-02   2.3963E-02   2.1707E-02   3.4666E-03  -4.9383E-02  -1.8303E-01
  -1.9604E-01  -1.5211E-01  -1.3837E-01  -6.1186E-02  -1.2930E-01  -1.3770E-01
  -1.5176E-01  -1.2558E-01  -8.0448E-02  -7.4694E-02  -2.2504E-02  -2.5092E-02
  -2.2416E-02  -6.3210E-03  -1.2176E-02  -2.0692E-02  -1.0574E-03  -1.4873E-02
   4.5014E-03   1.1078E-02   3.2863E-02   8.4927E-02   7.1117E-02   3.1844E-02
   2.5425E-02  -2.8996E-02  -2.1909E-02  -3.0264E-02  -4.0163E-02  -1.8478E-02
   1.3633E-02  -8.1792E-03  -2.2558E-02   3.0146E-03  -8.4732E-03  -1.0662E-02
  -1.8651E-02   1.2800E-02   2.8191E-02   3.7846E-02   2.5508E-03   1.9077E-02
  -1.1013E-02  -7.8128E-03   1.2551E-02  -1.0455E-02  -5.4866E-03  -4.2462E-03
   4.2618E-03   2.5967E-02  -1.6673E-02  -2.2260E-02  -1.3752E-02   1.6017E-02
  -3.7697E-03   3.8906E-02   2.0362E-03  -1.5269E-03  -6.2303E-03  -1.6541E-02
  -4.7751E-03  -1.2710E-02   2.2984E-02  -4.7672E-03  -6.4650E-03  -5.8649E-03
   7.0907E-03   2.2777E-03  -1.5708E-03   5.3798E-04  -2.8868E-03  -1.1743E-02
   2.8529E-03  -1.8129E-02  -7.4079E-03  -1.3947E-02   5.4940E-03   7.4797E-04
   1.4895E-03  -4.0863E-03   2.7661E-03  -9.8474E-03   1.7727E-02   6.0576E-03
   1.1168E-02   1.7017E-02   2.8478E-03  -2.6003E-02  -2.4050E-02  -2.6006E-02
  -5.3992E-03   1.4054E-01  -3.9563E-02  -3.5700E-02   2.8803E-02  -8.3422E-03
   2.3139E-02  -3.4702E-02  -4.6460E-02   2.0626E-02  -4.1715E-02  -6.3141E-02
  -6.4757E-02  -9.3365E-02   5.2240E-02   4.9387E-02   2.1843E-02  -2.3269E-02
   2.1987E-03  -3.3584E-02  -2.7406E-02   9.6212E-03   1.0896E-02   1.7547E-02
   1.9846E-03   5.3394E-02   5.7626E-02   1.4966E-02  -1.5011E-02  -8.4206E-03
  -2.1638E-02  -2.5477E-02  -1.1096E-02   2.1938E-02  -3.4852E-03  -1.5213E-02
   4.4049E-03  -1.1858E-02  -2.2411E-02  -8.0245E-03  -1.3311E-02   3.8434E-02
   2.9079E-02  -1.1145E-02  -3.8645E-02  -1.7149E-02  -1.7810E-02  -1.5592E-02
  -1.3728E-02  -1.1965E-02  -1.6968E-02  -1.5059E-02   1.2129E-02  -1.2822E-02
  -1.3532E-02  -8.7772E-03   2.0917E-02  -1.9657E-03   1.7061E-02  -2.1299E-03
  -2.3120E-03   1.0303E-02  -1.4286E-02   5.9941E-03  -7.3748E-03   3.5219E-02
  -1.6180E-02   1.5226E-03  -1.0333E-02   1.0192E-03   5.9822E-03   4.9035E-03
  -7.4242E-03  -8.1851E-03  -2.2252E-04  -2.4023E-03  -3.6025E-02  -2.8972E-03
  -1.1593E-02  -3.2332E-03  -7.6579E-03  -6.0158E-03  -4.3443E-03   1.3029E-03
  -5.6167E-03  -3.0573E-04  -6.0596E-03  -4.8912E-03   1.4598E-03   1.3452E-03
   2.0665E-02   1.9839E-02   1.9371E-02   4.5411E-03
  > E    =  -9.939099998378E+02 +/-   1.754978581890E-04
  > varE =   4.036951831863E-03
* Computing derivatives.
    [walltime: 2m40s elapsed, 2m38s remaining]
  Done. [total walltime: 5m21s]
* Optimizing manipulation constant:
  #igrid a___________ E____________________________________ varE____________
     1     Infinity    -9.93910000E+02 +/-   1.75497858E-04   4.03695183E-03
     2     1.0000E+06  -9.93910000E+02 +/-   1.75497844E-04   4.03695118E-03
     3     2.1544E+05  -9.93910000E+02 +/-   1.75497792E-04   4.03694878E-03
     4     4.6416E+04  -9.93910000E+02 +/-   1.75497551E-04   4.03693769E-03
     5     1.0000E+04  -9.93910000E+02 +/-   1.75496434E-04   4.03688631E-03
     6     2.1544E+03  -9.93910000E+02 +/-   1.75491306E-04   4.03665040E-03
     7     4.6416E+02  -9.93910001E+02 +/-   1.75468705E-04   4.03561071E-03
     8     1.0000E+02  -9.93910002E+02 +/-   1.75389616E-04   4.03197360E-03
     9     2.1544E+01  -9.93909980E+02 +/-   1.75710388E-04   4.04673532E-03
    10     4.6416E+00  -9.93906298E+02 +/-   2.35684228E-04   7.28066365E-03
    11     1.0000E+00  -9.93480925E+02 +/-   1.62251938E-03   3.45056100E-01
    12     2.1544E-01  -9.91050794E+02 +/-   3.37221623E-03   1.49053011E+00
    13     4.6416E-02  -9.90695121E+02 +/-   3.44796445E-03   1.55824408E+00
    14     1.0000E-02  -9.90680689E+02 +/-   3.45189721E-03   1.56180078E+00
    15     2.1544E-03  -9.90679085E+02 +/-   3.45256777E-03   1.56240763E+00
    16     4.6416E-04  -9.90678791E+02 +/-   3.45270782E-03   1.56253438E+00
    17     1.0000E-04  -9.90678729E+02 +/-   3.45273782E-03   1.56256154E+00
    18     2.1544E-05  -9.90678716E+02 +/-   3.45274428E-03   1.56256738E+00
    19     4.6416E-06  -9.90678714E+02 +/-   3.45274567E-03   1.56256864E+00
    20     1.0000E-06  -9.90678713E+02 +/-   3.45274597E-03   1.56256891E+00
    21     0.0000E+00  -9.90678713E+02 +/-   3.45274605E-03   1.56256899E+00
  ParMin   1.9350E+02  -9.93910001E+02 +/-   1.75433289E-04   4.03398182E-03
  # Using grid point #8
* Iteration # 1: E =  -9.939100020453E+02 +/-   1.753896157555E-04
* Convergence: exiting.
* After optimization:
  -2.1554E+01  -2.1277E+01  -2.1542E+01  -2.1292E+01  -2.1663E+01  -2.1276E+01
  -2.1029E+01   2.0983E+00   1.9713E+00   1.1277E+00   1.0817E+00   2.3742E+00
   2.7287E+00   2.2910E+00   2.2994E+00   1.4578E+00   1.4341E+00   1.4939E+00
   1.4690E+00   2.1373E+00   2.1389E+00   1.4794E+00   1.4459E+00   1.3902E+00
   1.4426E+00   1.1383E+00   1.3907E+00   1.3903E+00   1.3769E+00   1.2998E+00
   1.2941E+00   2.1919E+00   2.1936E+00   1.8108E+00   1.8120E+00   1.4698E+00
   1.4720E+00   6.7872E-01   6.7786E-01   1.1298E+00   1.1293E+00   1.1366E+00
   1.1349E+00   1.1164E+00   1.1163E+00   2.3298E+00   2.3242E+00   8.1980E-01
   8.1599E-01   1.5977E+00   1.6082E+00   1.9751E+00   1.9718E+00   1.0641E+00
   1.0644E+00   1.4644E+00   1.4651E+00   1.1455E+00   1.1450E+00   1.1223E+00
   6.2839E-01   6.2752E-01   1.6972E+00   1.6763E+00   6.5653E-01   6.5457E-01
   1.4383E+00   1.4385E+00   5.1088E-01   5.0792E-01   9.2849E-01   9.2966E-01
   8.4515E-02   5.6625E-01   5.6585E-01   7.0849E-01   7.0847E-01   1.1152E-01
   9.5471E-01   9.5352E-01   8.4948E-01   8.4783E-01   1.5381E+00   1.5401E+00
   6.7139E-01   6.7105E-01   9.6657E-01   9.6729E-01   7.3455E-01   7.3218E-01
   9.8451E-01   9.8472E-01   1.4827E-01   1.4790E-01   1.6783E-01   1.6674E-01
   4.4411E-01   4.4410E-01   8.7543E-01   8.7270E-01   9.3940E-01   9.4127E-01
   9.2457E-01   9.2383E-01   6.7910E-02   6.8357E-02   4.5113E-01   4.5132E-01
   5.1944E-02   4.9928E-02   6.1676E-01   6.1497E-01   4.1159E-01   4.1008E-01
   5.4808E-01   5.4830E-01   8.6383E-01   2.5428E-01  -3.9382E-01  -3.9511E-01
   4.8714E-01   4.8598E-01   7.2802E-01   7.2743E-01   8.6228E-01   1.1533E-01
   1.1409E-01   1.2853E-01   1.2848E-01  -1.7185E-02  -1.8333E-02   4.1650E-01
   4.1657E-01  -1.9352E-02  -2.0936E-02   1.0320E-01   1.0396E-01  -3.8791E-01
  -3.8884E-01   4.2710E-01   4.2584E-01   4.5297E-02   4.4222E-02   1.5180E+00
   1.5185E+00   5.5370E-01   5.5404E-01   2.3807E-01  -2.7470E-01  -2.7601E-01
  -2.7030E-01  -2.7255E-01   4.9044E-01   4.9018E-01   4.5843E-02   4.6095E-02
  -7.6885E-01  -3.8436E-01  -3.8441E-01   1.4897E-03   4.2639E-01   4.2541E-01
  -3.8301E-01  -3.8268E-01  -7.6567E-01   1.0474E-01   1.0547E-01   5.8304E-01
   5.8121E-01   5.8498E-01   5.8024E-01   5.8313E-01   5.8188E-01   3.5834E+00
  -5.7593E+00   1.7961E+00  -2.9240E+00   4.0231E+00  -5.1118E+00  -1.3890E+00
  -1.0224E+00  -1.2106E+01   9.3676E+00  -6.7924E+00   4.3787E+00  -2.4846E-01
  -1.3082E+00  -1.3721E+00  -1.9566E-01  -1.7537E+00  -4.0430E-01   1.2682E+00
  -2.7924E+00  -4.3122E+00   2.9278E+00  -1.2668E+00  -1.7749E-01   8.7987E+00
  -9.9322E+00  -2.7176E+00   1.3388E+00  -4.2407E+00   2.8757E+00   3.8061E+00
  -5.0934E+00  -6.5424E+00   4.3434E+00  -1.5913E+00  -2.1748E-01  -3.7994E+00
   2.3242E+00   3.1571E+00  -3.8406E+00   1.4532E+00  -2.5783E+00  -1.1842E+00
   5.1988E-02  -6.5660E-02  -1.0444E+00  -6.5740E+00   4.2736E+00   3.1303E+00
  -3.9141E+00  -3.8308E+00   2.2569E+00  -6.6104E+00   4.6439E+00   3.8920E+00
  -4.9580E+00  -7.8619E+00   6.3992E+00  -2.6324E+00   1.4844E+00  -4.1535E+00
   3.0275E+00   2.1804E-01  -8.4482E-01   3.7670E+00  -5.4379E+00   6.2562E-01
  -1.2811E+00  -1.0438E+00  -3.9196E-01   6.7352E+00  -7.2459E+00  -4.5904E+00
   3.6609E+00   4.6046E+00  -4.6894E+00   2.6429E+00  -3.2078E+00   1.8477E-01
  -9.0175E-01   4.5970E+00  -4.7053E+00  -4.5969E+00   3.6458E+00   1.8089E+00
  -2.6566E+00  -7.8920E+00   6.3457E+00  -2.3461E+00   1.6753E+00  -7.5705E+00
   6.6035E+00   5.9369E-01  -1.3329E+00  -7.5766E+00   6.5911E+00   2.0314E+00
  -2.1796E+00   2.0243E+00  -2.1924E+00  -3.1945E+00   2.7513E+00   1.8014E+00
  -2.6743E+00  -2.2967E+00   1.3559E+00  -2.2923E+00   1.3675E+00   5.8998E+00
  -5.9695E+00  -3.1989E+00   2.7470E+00   5.9058E+00  -5.9570E+00   2.6279E+00
  -3.2433E+00   9.6763E-01  -1.3789E+00  -5.7886E+00   5.2409E+00  -1.1026E+01
   1.0162E+01  -5.6090E-01   3.0585E-01   7.2801E+00  -6.8855E+00  -2.0317E+00
   1.5454E+00  -2.3615E+00   1.6345E+00  -1.1025E+01   1.0163E+01   2.9119E+00
  -3.0262E+00   2.9090E+00  -3.0359E+00   2.3340E+00  -2.3166E+00   9.6761E-01
  -1.3825E+00   2.3347E+00  -2.3145E+00  -2.6816E-01   1.6494E-01   7.2779E+00
  -6.8899E+00  -5.5110E+00   5.0831E+00  -5.6123E-01   5.1708E-01  -1.0768E+00
  -4.4922E-01  -5.7915E+00   5.2369E+00  -5.5594E-01   3.1691E-01   4.6781E+00
  -4.4036E+00   4.6777E+00  -4.4064E+00  -2.0337E+00   1.5416E+00  -5.6169E-01
   5.1636E-01   9.9009E+00  -9.1312E+00   4.9501E+00  -4.5657E+00  -1.1995E-03
   4.9954E-04  -5.5099E+00   5.0839E+00   4.9481E+00  -4.5661E+00   9.8989E+00
  -9.1320E+00  -2.6879E-01   1.6397E-01   6.7068E+00  -7.2902E+00   6.7066E+00
  -7.2910E+00   6.7071E+00  -7.2906E+00   9.4259E-01   8.3976E-01   9.4827E-01
   7.9947E-01   1.0723E+00   7.8743E-01   8.1869E-01  -8.2575E-02  -1.9041E-01
  -2.1059E-01  -1.8016E-01  -1.1964E-01  -8.1921E-02  -1.6093E-01  -1.5654E-01
  -1.2068E-01  -1.3903E-01  -9.2120E-02  -8.5519E-02  -3.4618E-02   3.1110E-02
   3.6989E-02   3.1610E-02  -2.6730E-02  -8.6073E-03  -2.5406E-02  -4.4643E-02
   1.9269E-02   2.8797E-02   4.6422E-02   8.3014E-02   4.8236E-02   1.5840E-02
   3.2490E-02  -2.9334E-02  -3.1665E-02  -3.5366E-02  -4.6778E-02  -2.8672E-02
   6.3537E-02  -1.8416E-02  -3.1790E-02  -6.5479E-03  -4.4735E-03  -5.9794E-03
  -1.7511E-02   4.8420E-03   3.8307E-02   4.0346E-02   4.3167E-03   1.0877E-02
  -1.3029E-02  -1.1523E-02   8.3806E-03  -9.5622E-03  -5.1004E-03  -3.8609E-03
   2.2031E-03   3.1849E-02  -2.5054E-02  -2.8837E-02  -1.5812E-02   1.5608E-02
  -4.8516E-03   3.2557E-02   1.2985E-03  -9.9561E-03   3.8144E-03  -1.7494E-02
  -1.0357E-02  -1.6452E-02   2.5418E-02   2.1503E-03  -4.9082E-03  -1.3528E-03
   1.2087E-02   6.1610E-03   1.7763E-03  -3.8049E-03  -7.0546E-03  -5.2134E-03
   2.0026E-03  -2.4458E-02  -9.6700E-03  -3.7299E-03   1.5567E-03  -6.5544E-04
  -3.3124E-03  -3.8972E-03  -4.2248E-03  -6.0692E-03   1.6001E-02   9.5459E-03
   9.8483E-03   1.4936E-02  -1.8390E-03  -1.8902E-02  -1.6729E-02  -1.8950E-02
  -8.2167E-03   2.2792E-01  -2.5103E-02  -2.2450E-02   7.9551E-02   1.4625E-02
   7.8648E-02   2.3107E-02   4.7906E-03   5.0336E-02  -5.4990E-03  -6.6381E-02
  -7.0124E-02  -8.3669E-02   8.8081E-02   8.8986E-02   4.8595E-02  -3.4300E-02
   9.0993E-03  -5.1626E-02  -5.0287E-02   2.1108E-02   2.4624E-02   3.0233E-02
  -8.4155E-04   3.0096E-02   3.8940E-02   2.3016E-02  -1.5980E-02  -1.8108E-02
  -2.6012E-02  -3.2452E-02  -1.9854E-02   5.3114E-02  -1.1454E-02  -2.4500E-02
  -3.3024E-03  -9.4059E-03  -1.6921E-02  -7.9039E-03  -2.0501E-02   4.8343E-02
   3.2472E-02  -9.8409E-03  -3.9132E-02  -1.7486E-02  -1.9226E-02  -1.8307E-02
  -1.4871E-02  -7.8943E-03  -1.5908E-02  -1.4871E-02   2.1210E-02  -2.1194E-02
  -1.8487E-02  -1.1863E-02   2.0525E-02  -3.0591E-03   1.4014E-02  -2.4976E-03
  -9.6624E-03   1.5397E-02  -1.3784E-02   2.1481E-03  -1.0928E-02   3.5626E-02
  -8.0894E-03   1.0666E-03  -7.1763E-03   5.1533E-03   1.1735E-02   5.9149E-03
  -1.0191E-02  -1.1440E-02   2.7094E-03  -2.1777E-03  -4.1564E-02  -5.3262E-03
  -4.0162E-03  -4.7998E-03  -6.6326E-03  -1.1128E-02  -3.2668E-03  -2.5404E-03
   5.1137E-04   3.5660E-04  -2.9418E-03  -6.9040E-03   9.2623E-04  -2.1223E-03
   2.3443E-02   2.4255E-02   2.2000E-02   3.5708E-03  -4.9437E-02  -1.8289E-01
  -1.9606E-01  -1.5237E-01  -1.3862E-01  -6.1279E-02  -1.2921E-01  -1.3771E-01
  -1.5182E-01  -1.2560E-01  -8.0444E-02  -7.4874E-02  -2.2651E-02  -2.5073E-02
  -2.2400E-02  -6.4416E-03  -1.2178E-02  -2.0583E-02  -1.1535E-03  -1.4803E-02
   4.4483E-03   1.1030E-02   3.2856E-02   8.4821E-02   7.1123E-02   3.1885E-02
   2.5480E-02  -2.8939E-02  -2.1983E-02  -3.0338E-02  -4.0355E-02  -1.8450E-02
   1.3805E-02  -8.1866E-03  -2.2536E-02   3.0017E-03  -8.4567E-03  -1.0536E-02
  -1.8803E-02   1.2737E-02   2.8234E-02   3.7864E-02   2.6988E-03   1.9055E-02
  -1.1172E-02  -7.9599E-03   1.2550E-02  -1.0464E-02  -5.6827E-03  -4.3009E-03
   4.0506E-03   2.5995E-02  -1.6593E-02  -2.2373E-02  -1.3674E-02   1.6033E-02
  -3.8587E-03   3.8828E-02   1.8629E-03  -1.5246E-03  -6.0258E-03  -1.6352E-02
  -4.6928E-03  -1.2594E-02   2.3041E-02  -4.9053E-03  -6.4388E-03  -5.8707E-03
   7.0862E-03   2.4456E-03  -1.6587E-03   5.9225E-04  -2.8682E-03  -1.1641E-02
   3.0237E-03  -1.8114E-02  -7.3148E-03  -1.3660E-02   5.5600E-03   6.8782E-04
   1.4063E-03  -4.0547E-03   2.3671E-03  -9.9082E-03   1.7381E-02   6.2779E-03
   1.0950E-02   1.6589E-02   2.7594E-03  -2.5976E-02  -2.4035E-02  -2.5985E-02
  -5.3673E-03   1.4054E-01  -3.9447E-02  -3.5721E-02   2.8739E-02  -8.4306E-03
   2.2938E-02  -3.4618E-02  -4.6439E-02   2.0569E-02  -4.1738E-02  -6.3098E-02
  -6.4808E-02  -9.3296E-02   5.2211E-02   4.9313E-02   2.1823E-02  -2.3139E-02
   2.1774E-03  -3.3651E-02  -2.7363E-02   9.5849E-03   1.0862E-02   1.7562E-02
   1.8305E-03   5.3377E-02   5.7717E-02   1.4917E-02  -1.5066E-02  -8.5121E-03
  -2.1637E-02  -2.5595E-02  -1.1105E-02   2.1899E-02  -3.5176E-03  -1.5287E-02
   4.2830E-03  -1.1881E-02  -2.2408E-02  -8.0442E-03  -1.3415E-02   3.8397E-02
   2.9132E-02  -1.1128E-02  -3.8658E-02  -1.7081E-02  -1.7790E-02  -1.5595E-02
  -1.3766E-02  -1.1812E-02  -1.6941E-02  -1.4954E-02   1.2122E-02  -1.2761E-02
  -1.3438E-02  -8.8452E-03   2.0835E-02  -1.9398E-03   1.6933E-02  -2.1209E-03
  -2.5413E-03   1.0602E-02  -1.4189E-02   6.0930E-03  -7.2753E-03   3.5137E-02
  -1.6360E-02   1.5424E-03  -1.0183E-02   1.0712E-03   5.9773E-03   4.9060E-03
  -7.5492E-03  -8.1178E-03  -1.1532E-04  -2.3740E-03  -3.6024E-02  -2.7599E-03
  -1.1697E-02  -3.1995E-03  -7.6904E-03  -5.9313E-03  -4.3787E-03   1.2632E-03
  -5.4881E-03  -3.3187E-04  -6.0908E-03  -4.8722E-03   1.4197E-03   1.3180E-03
   2.0757E-02   1.9942E-02   1.9474E-02   4.5130E-03
  > Energy =  -9.939100020453E+02 +/-   1.753896157555E-04
  > varE =   4.031973597492E-03

VMC #8:
* Size of Hilbert space =   1.0817E+14
* Number of equil. steps   = 1000
* Running VMC equilibration.
  Done. [total walltime: 0.34s]
* Equil. acc.ratio (%)     =  11.4142
* Sample config after equilibration:
  +-------------------------+
  |  d   d   u   d   u   u  |
  |u   u   u   d   u   0   d|
  |d   0   2   0   d   d   d|
  |  u   2   d   u   2   u  |
  +-------------------------+
* Number of accum. steps   = 524288 x 10
* Running VMC accumulation.
  Done. [total walltime: 1.86s]
* Acceptance ratio (%)     =  11.3708
* Etot/t                   =  -9.939097586416E+02 +/-   9.124252799166E-05
  > Ttot/t                 =  -9.591400047190E+01 +/-   1.068037271247E-03
  > Utot/t                 =   4.231239628120E+01 +/-   1.059743245176E-03
* var[Eloc/t]              =   4.018554189232E-03 +/-   5.623809388282E-05
* Correlation length       =   1.086162257083E+00
* log10 Psi^2 range: -133.9247938122964 -- -121.4609113345389
* log10 Pgen range : -133.9247938122964 -- -121.4609113345389
* Site occupation (ave. no. electrons per config.):
  > Site_  ___eu____  ___ed____
      1        0.497      0.497
      2        0.497      0.500
      3        0.499      0.498
      4        0.496      0.498
      5        0.505      0.507
      6        0.502      0.504
      7        0.502      0.503
      8        0.497      0.499
      9        0.497      0.498
     10        0.499      0.499
     11        0.498      0.498
     12        0.502      0.502
     13        0.501      0.502
     14        0.506      0.501
     15        0.504      0.501
     16        0.496      0.498
     17        0.497      0.498
     18        0.501      0.500
     19        0.499      0.498
     20        0.501      0.501
     21        0.503      0.504
     22        0.503      0.501
     23        0.498      0.495
     24        0.497      0.500
     25        0.498      0.496
     26        0.502      0.502
* Pair-correlation analysis (ave. no. pairs per config.):
  > Shell  nsite  ___dh____  __eueu___  __eued___
      0      1        0          0          4.514
      1      0        0.922      0.497      2.596
      2      0        0.134      0.359      0.533
      3      0        0.268      0.718      1.056
      4      0        0.225      0.769      1.067
      5      0        0.254      0.742      1.051
      6      0        0.761      0.852      2.427
      7      0        0.673      1.054      2.336
      8      0        0.603      1.225      2.258
      9      0        0.450      1.548      2.091
     10      0        0.539      1.378      2.168
     11      0        0.137      0.819      1.165
     12      0        0.140      0.834      1.134
     13      0        0.137      0.855      1.085
     14      0        0.224      2.115      1.919
     15      0        0.110      1.063      0.961
     16      0        0.227      2.081      1.907
     17      0        0.264      1.903      2.067
     18      0        0.241      2.050      1.931
     19      0        0.301      1.877      2.045
     20      0        0.306      1.869      2.057
     21      0        0.243      2.091      1.922
     22      0        0.242      2.121      1.908
     23      0        0.242      2.132      1.893
     24      0        0.238      2.106      1.916
     25      0        0.275      2.081      1.906
     26      0        0.270      2.076      1.909
     27      0        0.237      2.126      1.895
     28      0        0.219      1.947      2.054
     29      0        0.243      2.063      1.948
     30      0        0.216      1.948      2.097
     31      0        0.109      0.974      1.055
     32      0        0.247      2.050      1.958
     33      0        0.213      2.133      1.891
     34      0        0.248      2.041      1.963
     35      0        0.224      2.076      1.950
     36      0        0.251      2.004      1.956
     37      0        0.284      1.936      2.021
     38      0        0.145      0.969      1.002
     39      0        0.215      1.990      2.030
     40      0        0.259      1.907      2.079
     41      0        0.141      1.005      0.975
     42      0        0.273      2.024      1.955
     43      0        0.252      1.955      2.034
     44      0        0.259      1.874      2.107
     45      0        0.217      1.999      2.047
     46      0        0.243      2.028      1.981
     47      0        0.260      1.930      2.051
     48      0        0.247      1.966      2.037
     49      0        0.250      2.009      1.983
     50      0        0.250      1.971      2.019
     51      0        0.278      1.963      1.998
     52      0        0.250      2.033      1.960
     53      0        0.221      1.973      2.065
     54      0        0.221      2.048      1.992
     55      0        0.250      1.969      2.000
     56      0        0.279      1.996      1.962
     57      0        0.250      1.995      1.975
     58      0        0.220      2.035      1.973
     59      0        0.252      1.983      2.013
     60      0        0.242      2.008      1.994
     61      0        0.136      0.994      0.989
     62      0        0.110      1.012      1.003
     63      0        0.250      1.991      1.971
     64      0        0.220      2.032      2.009
     65      0        0.216      2.059      1.990
     66      0        0.137      0.987      0.993
     67      0        0.215      2.000      2.018
     68      0        0.217      2.024      1.993
     69      0        0.252      2.007      1.983
     70      0        0.249      2.019      1.985
     71      0        0.252      1.985      2.007
     72      0        0.221      2.018      2.012
     73      0        0.249      1.970      1.993
     74      0        0.246      2.004      1.992
     75      0        0.244      1.986      1.983
     76      0        0.245      1.839      2.148
     77      0        0.244      1.992      2.009
     78      0        0.110      1.004      1.012
     79      0        0.220      2.000      2.001
     80      0        0.219      2.005      1.998
     81      0        0.221      1.999      2.041
     82      0        0.244      1.981      1.989
     83      0        0.109      0.995      0.992
     84      0        0.221      1.996      2.002
     85      0        0.111      1.010      1.003
     86      0        0.246      1.994      2.004
     87      0        0.217      1.997      2.010
     88      0        0.111      0.994      0.989
     89      0        0.220      2.011      2.019
     90      0        0.125      0.973      1.012
     91      0        0.064      0.485      0.503
     92      0        0.063      0.485      0.502
     93      0        0.110      1.008      1.007

Optimization #8:
* Method          : lls
* Target function : energy
* No. of configs. : 131072
* No. of params.  : 736
* Before optimization:
  -2.1554E+01  -2.1277E+01  -2.1542E+01  -2.1292E+01  -2.1663E+01  -2.1276E+01
  -2.1029E+01   2.0983E+00   1.9713E+00   1.1277E+00   1.0817E+00   2.3742E+00
   2.7287E+00   2.2910E+00   2.2994E+00   1.4578E+00   1.4341E+00   1.4939E+00
   1.4690E+00   2.1373E+00   2.1389E+00   1.4794E+00   1.4459E+00   1.3902E+00
   1.4426E+00   1.1383E+00   1.3907E+00   1.3903E+00   1.3769E+00   1.2998E+00
   1.2941E+00   2.1919E+00   2.1936E+00   1.8108E+00   1.8120E+00   1.4698E+00
   1.4720E+00   6.7872E-01   6.7786E-01   1.1298E+00   1.1293E+00   1.1366E+00
   1.1349E+00   1.1164E+00   1.1163E+00   2.3298E+00   2.3242E+00   8.1980E-01
   8.1599E-01   1.5977E+00   1.6082E+00   1.9751E+00   1.9718E+00   1.0641E+00
   1.0644E+00   1.4644E+00   1.4651E+00   1.1455E+00   1.1450E+00   1.1223E+00
   6.2839E-01   6.2752E-01   1.6972E+00   1.6763E+00   6.5653E-01   6.5457E-01
   1.4383E+00   1.4385E+00   5.1088E-01   5.0792E-01   9.2849E-01   9.2966E-01
   8.4515E-02   5.6625E-01   5.6585E-01   7.0849E-01   7.0847E-01   1.1152E-01
   9.5471E-01   9.5352E-01   8.4948E-01   8.4783E-01   1.5381E+00   1.5401E+00
   6.7139E-01   6.7105E-01   9.6657E-01   9.6729E-01   7.3455E-01   7.3218E-01
   9.8451E-01   9.8472E-01   1.4827E-01   1.4790E-01   1.6783E-01   1.6674E-01
   4.4411E-01   4.4410E-01   8.7543E-01   8.7270E-01   9.3940E-01   9.4127E-01
   9.2457E-01   9.2383E-01   6.7910E-02   6.8357E-02   4.5113E-01   4.5132E-01
   5.1944E-02   4.9928E-02   6.1676E-01   6.1497E-01   4.1159E-01   4.1008E-01
   5.4808E-01   5.4830E-01   8.6383E-01   2.5428E-01  -3.9382E-01  -3.9511E-01
   4.8714E-01   4.8598E-01   7.2802E-01   7.2743E-01   8.6228E-01   1.1533E-01
   1.1409E-01   1.2853E-01   1.2848E-01  -1.7185E-02  -1.8333E-02   4.1650E-01
   4.1657E-01  -1.9352E-02  -2.0936E-02   1.0320E-01   1.0396E-01  -3.8791E-01
  -3.8884E-01   4.2710E-01   4.2584E-01   4.5297E-02   4.4222E-02   1.5180E+00
   1.5185E+00   5.5370E-01   5.5404E-01   2.3807E-01  -2.7470E-01  -2.7601E-01
  -2.7030E-01  -2.7255E-01   4.9044E-01   4.9018E-01   4.5843E-02   4.6095E-02
  -7.6885E-01  -3.8436E-01  -3.8441E-01   1.4897E-03   4.2639E-01   4.2541E-01
  -3.8301E-01  -3.8268E-01  -7.6567E-01   1.0474E-01   1.0547E-01   5.8304E-01
   5.8121E-01   5.8498E-01   5.8024E-01   5.8313E-01   5.8188E-01   3.5834E+00
  -5.7593E+00   1.7961E+00  -2.9240E+00   4.0231E+00  -5.1118E+00  -1.3890E+00
  -1.0224E+00  -1.2106E+01   9.3676E+00  -6.7924E+00   4.3787E+00  -2.4846E-01
  -1.3082E+00  -1.3721E+00  -1.9566E-01  -1.7537E+00  -4.0430E-01   1.2682E+00
  -2.7924E+00  -4.3122E+00   2.9278E+00  -1.2668E+00  -1.7749E-01   8.7987E+00
  -9.9322E+00  -2.7176E+00   1.3388E+00  -4.2407E+00   2.8757E+00   3.8061E+00
  -5.0934E+00  -6.5424E+00   4.3434E+00  -1.5913E+00  -2.1748E-01  -3.7994E+00
   2.3242E+00   3.1571E+00  -3.8406E+00   1.4532E+00  -2.5783E+00  -1.1842E+00
   5.1988E-02  -6.5660E-02  -1.0444E+00  -6.5740E+00   4.2736E+00   3.1303E+00
  -3.9141E+00  -3.8308E+00   2.2569E+00  -6.6104E+00   4.6439E+00   3.8920E+00
  -4.9580E+00  -7.8619E+00   6.3992E+00  -2.6324E+00   1.4844E+00  -4.1535E+00
   3.0275E+00   2.1804E-01  -8.4482E-01   3.7670E+00  -5.4379E+00   6.2562E-01
  -1.2811E+00  -1.0438E+00  -3.9196E-01   6.7352E+00  -7.2459E+00  -4.5904E+00
   3.6609E+00   4.6046E+00  -4.6894E+00   2.6429E+00  -3.2078E+00   1.8477E-01
  -9.0175E-01   4.5970E+00  -4.7053E+00  -4.5969E+00   3.6458E+00   1.8089E+00
  -2.6566E+00  -7.8920E+00   6.3457E+00  -2.3461E+00   1.6753E+00  -7.5705E+00
   6.6035E+00   5.9369E-01  -1.3329E+00  -7.5766E+00   6.5911E+00   2.0314E+00
  -2.1796E+00   2.0243E+00  -2.1924E+00  -3.1945E+00   2.7513E+00   1.8014E+00
  -2.6743E+00  -2.2967E+00   1.3559E+00  -2.2923E+00   1.3675E+00   5.8998E+00
  -5.9695E+00  -3.1989E+00   2.7470E+00   5.9058E+00  -5.9570E+00   2.6279E+00
  -3.2433E+00   9.6763E-01  -1.3789E+00  -5.7886E+00   5.2409E+00  -1.1026E+01
   1.0162E+01  -5.6090E-01   3.0585E-01   7.2801E+00  -6.8855E+00  -2.0317E+00
   1.5454E+00  -2.3615E+00   1.6345E+00  -1.1025E+01   1.0163E+01   2.9119E+00
  -3.0262E+00   2.9090E+00  -3.0359E+00   2.3340E+00  -2.3166E+00   9.6761E-01
  -1.3825E+00   2.3347E+00  -2.3145E+00  -2.6816E-01   1.6494E-01   7.2779E+00
  -6.8899E+00  -5.5110E+00   5.0831E+00  -5.6123E-01   5.1708E-01  -1.0768E+00
  -4.4922E-01  -5.7915E+00   5.2369E+00  -5.5594E-01   3.1691E-01   4.6781E+00
  -4.4036E+00   4.6777E+00  -4.4064E+00  -2.0337E+00   1.5416E+00  -5.6169E-01
   5.1636E-01   9.9009E+00  -9.1312E+00   4.9501E+00  -4.5657E+00  -1.1995E-03
   4.9954E-04  -5.5099E+00   5.0839E+00   4.9481E+00  -4.5661E+00   9.8989E+00
  -9.1320E+00  -2.6879E-01   1.6397E-01   6.7068E+00  -7.2902E+00   6.7066E+00
  -7.2910E+00   6.7071E+00  -7.2906E+00   9.4259E-01   8.3976E-01   9.4827E-01
   7.9947E-01   1.0723E+00   7.8743E-01   8.1869E-01  -8.2575E-02  -1.9041E-01
  -2.1059E-01  -1.8016E-01  -1.1964E-01  -8.1921E-02  -1.6093E-01  -1.5654E-01
  -1.2068E-01  -1.3903E-01  -9.2120E-02  -8.5519E-02  -3.4618E-02   3.1110E-02
   3.6989E-02   3.1610E-02  -2.6730E-02  -8.6073E-03  -2.5406E-02  -4.4643E-02
   1.9269E-02   2.8797E-02   4.6422E-02   8.3014E-02   4.8236E-02   1.5840E-02
   3.2490E-02  -2.9334E-02  -3.1665E-02  -3.5366E-02  -4.6778E-02  -2.8672E-02
   6.3537E-02  -1.8416E-02  -3.1790E-02  -6.5479E-03  -4.4735E-03  -5.9794E-03
  -1.7511E-02   4.8420E-03   3.8307E-02   4.0346E-02   4.3167E-03   1.0877E-02
  -1.3029E-02  -1.1523E-02   8.3806E-03  -9.5622E-03  -5.1004E-03  -3.8609E-03
   2.2031E-03   3.1849E-02  -2.5054E-02  -2.8837E-02  -1.5812E-02   1.5608E-02
  -4.8516E-03   3.2557E-02   1.2985E-03  -9.9561E-03   3.8144E-03  -1.7494E-02
  -1.0357E-02  -1.6452E-02   2.5418E-02   2.1503E-03  -4.9082E-03  -1.3528E-03
   1.2087E-02   6.1610E-03   1.7763E-03  -3.8049E-03  -7.0546E-03  -5.2134E-03
   2.0026E-03  -2.4458E-02  -9.6700E-03  -3.7299E-03   1.5567E-03  -6.5544E-04
  -3.3124E-03  -3.8972E-03  -4.2248E-03  -6.0692E-03   1.6001E-02   9.5459E-03
   9.8483E-03   1.4936E-02  -1.8390E-03  -1.8902E-02  -1.6729E-02  -1.8950E-02
  -8.2167E-03   2.2792E-01  -2.5103E-02  -2.2450E-02   7.9551E-02   1.4625E-02
   7.8648E-02   2.3107E-02   4.7906E-03   5.0336E-02  -5.4990E-03  -6.6381E-02
  -7.0124E-02  -8.3669E-02   8.8081E-02   8.8986E-02   4.8595E-02  -3.4300E-02
   9.0993E-03  -5.1626E-02  -5.0287E-02   2.1108E-02   2.4624E-02   3.0233E-02
  -8.4155E-04   3.0096E-02   3.8940E-02   2.3016E-02  -1.5980E-02  -1.8108E-02
  -2.6012E-02  -3.2452E-02  -1.9854E-02   5.3114E-02  -1.1454E-02  -2.4500E-02
  -3.3024E-03  -9.4059E-03  -1.6921E-02  -7.9039E-03  -2.0501E-02   4.8343E-02
   3.2472E-02  -9.8409E-03  -3.9132E-02  -1.7486E-02  -1.9226E-02  -1.8307E-02
  -1.4871E-02  -7.8943E-03  -1.5908E-02  -1.4871E-02   2.1210E-02  -2.1194E-02
  -1.8487E-02  -1.1863E-02   2.0525E-02  -3.0591E-03   1.4014E-02  -2.4976E-03
  -9.6624E-03   1.5397E-02  -1.3784E-02   2.1481E-03  -1.0928E-02   3.5626E-02
  -8.0894E-03   1.0666E-03  -7.1763E-03   5.1533E-03   1.1735E-02   5.9149E-03
  -1.0191E-02  -1.1440E-02   2.7094E-03  -2.1777E-03  -4.1564E-02  -5.3262E-03
  -4.0162E-03  -4.7998E-03  -6.6326E-03  -1.1128E-02  -3.2668E-03  -2.5404E-03
   5.1137E-04   3.5660E-04  -2.9418E-03  -6.9040E-03   9.2623E-04  -2.1223E-03
   2.3443E-02   2.4255E-02   2.2000E-02   3.5708E-03  -4.9437E-02  -1.8289E-01
  -1.9606E-01  -1.5237E-01  -1.3862E-01  -6.1279E-02  -1.2921E-01  -1.3771E-01
  -1.5182E-01  -1.2560E-01  -8.0444E-02  -7.4874E-02  -2.2651E-02  -2.5073E-02
  -2.2400E-02  -6.4416E-03  -1.2178E-02  -2.0583E-02  -1.1535E-03  -1.4803E-02
   4.4483E-03   1.1030E-02   3.2856E-02   8.4821E-02   7.1123E-02   3.1885E-02
   2.5480E-02  -2.8939E-02  -2.1983E-02  -3.0338E-02  -4.0355E-02  -1.8450E-02
   1.3805E-02  -8.1866E-03  -2.2536E-02   3.0017E-03  -8.4567E-03  -1.0536E-02
  -1.8803E-02   1.2737E-02   2.8234E-02   3.7864E-02   2.6988E-03   1.9055E-02
  -1.1172E-02  -7.9599E-03   1.2550E-02  -1.0464E-02  -5.6827E-03  -4.3009E-03
   4.0506E-03   2.5995E-02  -1.6593E-02  -2.2373E-02  -1.3674E-02   1.6033E-02
  -3.8587E-03   3.8828E-02   1.8629E-03  -1.5246E-03  -6.0258E-03  -1.6352E-02
  -4.6928E-03  -1.2594E-02   2.3041E-02  -4.9053E-03  -6.4388E-03  -5.8707E-03
   7.0862E-03   2.4456E-03  -1.6587E-03   5.9225E-04  -2.8682E-03  -1.1641E-02
   3.0237E-03  -1.8114E-02  -7.3148E-03  -1.3660E-02   5.5600E-03   6.8782E-04
   1.4063E-03  -4.0547E-03   2.3671E-03  -9.9082E-03   1.7381E-02   6.2779E-03
   1.0950E-02   1.6589E-02   2.7594E-03  -2.5976E-02  -2.4035E-02  -2.5985E-02
  -5.3673E-03   1.4054E-01  -3.9447E-02  -3.5721E-02   2.8739E-02  -8.4306E-03
   2.2938E-02  -3.4618E-02  -4.6439E-02   2.0569E-02  -4.1738E-02  -6.3098E-02
  -6.4808E-02  -9.3296E-02   5.2211E-02   4.9313E-02   2.1823E-02  -2.3139E-02
   2.1774E-03  -3.3651E-02  -2.7363E-02   9.5849E-03   1.0862E-02   1.7562E-02
   1.8305E-03   5.3377E-02   5.7717E-02   1.4917E-02  -1.5066E-02  -8.5121E-03
  -2.1637E-02  -2.5595E-02  -1.1105E-02   2.1899E-02  -3.5176E-03  -1.5287E-02
   4.2830E-03  -1.1881E-02  -2.2408E-02  -8.0442E-03  -1.3415E-02   3.8397E-02
   2.9132E-02  -1.1128E-02  -3.8658E-02  -1.7081E-02  -1.7790E-02  -1.5595E-02
  -1.3766E-02  -1.1812E-02  -1.6941E-02  -1.4954E-02   1.2122E-02  -1.2761E-02
  -1.3438E-02  -8.8452E-03   2.0835E-02  -1.9398E-03   1.6933E-02  -2.1209E-03
  -2.5413E-03   1.0602E-02  -1.4189E-02   6.0930E-03  -7.2753E-03   3.5137E-02
  -1.6360E-02   1.5424E-03  -1.0183E-02   1.0712E-03   5.9773E-03   4.9060E-03
  -7.5492E-03  -8.1178E-03  -1.1532E-04  -2.3740E-03  -3.6024E-02  -2.7599E-03
  -1.1697E-02  -3.1995E-03  -7.6904E-03  -5.9313E-03  -4.3787E-03   1.2632E-03
  -5.4881E-03  -3.3187E-04  -6.0908E-03  -4.8722E-03   1.4197E-03   1.3180E-03
   2.0757E-02   1.9942E-02   1.9474E-02   4.5130E-03
  > E    =  -9.939099896610E+02 +/-   1.745650320416E-04
  > varE =   3.994150556359E-03
* Computing derivatives.
    [walltime: 2m42s elapsed, 2m43s remaining]
  Done. [total walltime: 5m22s]
* Optimizing manipulation constant:
  #igrid a___________ E____________________________________ varE____________
     1     Infinity    -9.93909990E+02 +/-   1.74565032E-04   3.99415056E-03
     2     1.0000E+06  -9.93909990E+02 +/-   1.74565018E-04   3.99414993E-03
     3     2.1544E+05  -9.93909990E+02 +/-   1.74564968E-04   3.99414763E-03
     4     4.6416E+04  -9.93909990E+02 +/-   1.74564736E-04   3.99413699E-03
     5     1.0000E+04  -9.93909990E+02 +/-   1.74563656E-04   3.99408761E-03
     6     2.1544E+03  -9.93909990E+02 +/-   1.74558651E-04   3.99385857E-03
     7     4.6416E+02  -9.93909990E+02 +/-   1.74535505E-04   3.99279949E-03
     8     1.0000E+02  -9.93909993E+02 +/-   1.74429886E-04   3.98796851E-03
     9     2.1544E+01  -9.93910006E+02 +/-   1.73975907E-04   3.96723699E-03
    10     4.6416E+00  -9.93910047E+02 +/-   1.72446341E-04   3.89778513E-03
    11     1.0000E+00  -9.93910091E+02 +/-   1.70203750E-04   3.79706623E-03
    12     2.1544E-01  -9.93909981E+02 +/-   1.71320655E-04   3.84706372E-03
    13     4.6416E-02  -9.93909815E+02 +/-   1.74060712E-04   3.97110560E-03
    14     1.0000E-02  -9.93909747E+02 +/-   1.75213795E-04   4.02389390E-03
    15     2.1544E-03  -9.93909729E+02 +/-   1.75508413E-04   4.03743742E-03
    16     4.6416E-04  -9.93909725E+02 +/-   1.75574387E-04   4.04047337E-03
    17     1.0000E-04  -9.93909724E+02 +/-   1.75588721E-04   4.04113313E-03
    18     2.1544E-05  -9.93909724E+02 +/-   1.75591815E-04   4.04127554E-03
    19     4.6416E-06  -9.93909724E+02 +/-   1.75592482E-04   4.04130623E-03
    20     1.0000E-06  -9.93909724E+02 +/-   1.75592626E-04   4.04131285E-03
    21     0.0000E+00  -9.93909724E+02 +/-   1.75592665E-04   4.04131466E-03
  ParMin   1.3357E+00  -9.93910090E+02 +/-   1.70499744E-04   3.81028435E-03
  # Using grid point #11
* Iteration # 1: E =  -9.939100912539E+02 +/-   1.702037495345E-04
* Computing derivatives.
    [walltime: 2m42s elapsed, 2m43s remaining]
  Done. [total walltime: 5m23s]
* Optimizing manipulation constant:
  #igrid a___________ E____________________________________ varE____________
     1     Infinity    -9.93910091E+02 +/-   1.70203750E-04   3.79706623E-03
     2     1.0000E+06  -9.93910091E+02 +/-   1.70203745E-04   3.79706605E-03
     3     2.1544E+05  -9.93910091E+02 +/-   1.70203730E-04   3.79706536E-03
     4     4.6416E+04  -9.93910091E+02 +/-   1.70203659E-04   3.79706219E-03
     5     1.0000E+04  -9.93910091E+02 +/-   1.70203333E-04   3.79704764E-03
     6     2.1544E+03  -9.93910091E+02 +/-   1.70201892E-04   3.79698337E-03
     7     4.6416E+02  -9.93910091E+02 +/-   1.70196785E-04   3.79675550E-03
     8     1.0000E+02  -9.93910090E+02 +/-   1.70207308E-04   3.79722500E-03
     9     2.1544E+01  -9.93910042E+02 +/-   1.71212042E-04   3.84218738E-03
    10     4.6416E+00  -9.93903201E+02 +/-   2.74200291E-04   9.85475310E-03
    11     1.0000E+00  -9.91771195E+02 +/-   3.11857693E-03   1.27474363E+00
    12     2.1544E-01  -9.86671062E+02 +/-   2.84296229E-02   1.05938087E+02
    13     4.6416E-02  -9.34916693E+02 +/-   1.20027304E+00   1.88829581E+05
    14     1.0000E-02  -7.71162033E+02 +/-   4.94096795E+00   3.19988227E+06
    15     2.1544E-03  -6.75822680E+02 +/-   7.19548774E+00   6.78625854E+06
    16     4.6416E-04  -6.49090748E+02 +/-   7.84095250E+00   8.05837683E+06
    17     1.0000E-04  -6.42976149E+02 +/-   7.98948464E+00   8.36657020E+06
    18     2.1544E-05  -6.41641487E+02 +/-   8.02195032E+00   8.43470432E+06
    19     4.6416E-06  -6.41353130E+02 +/-   8.02896689E+00   8.44946594E+06
    20     1.0000E-06  -6.41290968E+02 +/-   8.03047951E+00   8.45264993E+06
    21     0.0000E+00  -6.41273895E+02 +/-   8.03089490E+00   8.45352442E+06
* Iteration # 2: E =  -9.939100913810E+02 +/-   1.701967851758E-04
* Convergence: exiting.
* After optimization:
  -2.1389E+01  -2.1124E+01  -2.1369E+01  -2.1106E+01  -2.1523E+01  -2.1096E+01
  -2.0848E+01   2.0999E+00   1.9679E+00   1.1247E+00   1.0786E+00   2.3716E+00
   2.7245E+00   2.2903E+00   2.2989E+00   1.4589E+00   1.4351E+00   1.4925E+00
   1.4645E+00   2.1429E+00   2.1431E+00   1.4805E+00   1.4414E+00   1.3887E+00
   1.4451E+00   1.1382E+00   1.3926E+00   1.3893E+00   1.3753E+00   1.3018E+00
   1.2949E+00   2.1950E+00   2.1947E+00   1.8115E+00   1.8118E+00   1.4660E+00
   1.4693E+00   6.7685E-01   6.7464E-01   1.1282E+00   1.1284E+00   1.1346E+00
   1.1324E+00   1.1150E+00   1.1145E+00   2.3338E+00   2.3283E+00   8.1827E-01
   8.1269E-01   1.5948E+00   1.6054E+00   1.9742E+00   1.9710E+00   1.0621E+00
   1.0621E+00   1.4613E+00   1.4629E+00   1.1463E+00   1.1460E+00   1.1216E+00
   6.2632E-01   6.2580E-01   1.6947E+00   1.6768E+00   6.5468E-01   6.5284E-01
   1.4380E+00   1.4385E+00   5.0742E-01   5.0495E-01   9.2453E-01   9.2551E-01
   8.2200E-02   5.6294E-01   5.6181E-01   7.0571E-01   7.0578E-01   1.0884E-01
   9.5108E-01   9.4851E-01   8.4700E-01   8.4512E-01   1.5357E+00   1.5375E+00
   6.6876E-01   6.6883E-01   9.6174E-01   9.6308E-01   7.3371E-01   7.3081E-01
   9.7777E-01   9.7876E-01   1.4623E-01   1.4487E-01   1.6534E-01   1.6442E-01
   4.4034E-01   4.4114E-01   8.7359E-01   8.7057E-01   9.3845E-01   9.3768E-01
   9.2188E-01   9.2069E-01   6.5220E-02   6.4179E-02   4.4678E-01   4.4736E-01
   4.7120E-02   4.5663E-02   6.1619E-01   6.1371E-01   4.0657E-01   4.0467E-01
   5.4564E-01   5.4612E-01   8.6072E-01   2.5469E-01  -3.9390E-01  -3.9523E-01
   4.8403E-01   4.8284E-01   7.2565E-01   7.2466E-01   8.5786E-01   1.1313E-01
   1.1212E-01   1.2466E-01   1.2501E-01  -1.8216E-02  -1.9504E-02   4.1272E-01
   4.1045E-01  -2.0078E-02  -2.1582E-02   1.0060E-01   1.0284E-01  -3.8853E-01
  -3.8915E-01   4.2537E-01   4.2458E-01   4.2411E-02   4.1231E-02   1.5182E+00
   1.5207E+00   5.5234E-01   5.5242E-01   2.3745E-01  -2.7626E-01  -2.7751E-01
  -2.6951E-01  -2.7057E-01   4.8579E-01   4.8494E-01   4.5705E-02   4.4360E-02
  -7.6842E-01  -3.8521E-01  -3.8459E-01   2.0123E-03   4.2315E-01   4.2274E-01
  -3.8341E-01  -3.8314E-01  -7.6597E-01   1.0460E-01   1.0637E-01   5.8254E-01
   5.7906E-01   5.8342E-01   5.7822E-01   5.8183E-01   5.7790E-01   3.5687E+00
  -5.7665E+00   1.7963E+00  -2.9151E+00   4.0225E+00  -5.1033E+00  -1.3917E+00
  -1.0177E+00  -1.2110E+01   9.3777E+00  -6.8029E+00   4.3846E+00  -2.5057E-01
  -1.3007E+00  -1.3761E+00  -1.8837E-01  -1.7644E+00  -3.9822E-01   1.2658E+00
  -2.7873E+00  -4.3166E+00   2.9339E+00  -1.2750E+00  -1.6955E-01   8.7893E+00
  -9.9256E+00  -2.7219E+00   1.3425E+00  -4.2461E+00   2.8820E+00   3.7972E+00
  -5.0847E+00  -6.5497E+00   4.3482E+00  -1.5994E+00  -2.0882E-01  -3.8034E+00
   2.3314E+00   3.1532E+00  -3.8329E+00   1.4476E+00  -2.5724E+00  -1.1891E+00
   5.7155E-02  -7.0608E-02  -1.0397E+00  -6.5810E+00   4.2789E+00   3.1253E+00
  -3.9081E+00  -3.8333E+00   2.2635E+00  -6.6177E+00   4.6517E+00   3.8844E+00
  -4.9484E+00  -7.8652E+00   6.4051E+00  -2.6378E+00   1.4880E+00  -4.1593E+00
   3.0339E+00   2.1267E-01  -8.3775E-01   3.7632E+00  -5.4322E+00   6.2211E-01
  -1.2753E+00  -1.0504E+00  -3.8604E-01   6.7315E+00  -7.2383E+00  -4.5924E+00
   3.6674E+00   4.5997E+00  -4.6817E+00   2.6397E+00  -3.2020E+00   1.8063E-01
  -8.9381E-01   4.5923E+00  -4.6987E+00  -4.6001E+00   3.6521E+00   1.8063E+00
  -2.6518E+00  -7.8953E+00   6.3517E+00  -2.3504E+00   1.6812E+00  -7.5737E+00
   6.6111E+00   5.8980E-01  -1.3278E+00  -7.5789E+00   6.5997E+00   2.0276E+00
  -2.1736E+00   2.0213E+00  -2.1864E+00  -3.1987E+00   2.7587E+00   1.7995E+00
  -2.6697E+00  -2.2974E+00   1.3596E+00  -2.2931E+00   1.3714E+00   5.8973E+00
  -5.9624E+00  -3.2014E+00   2.7545E+00   5.9036E+00  -5.9504E+00   2.6244E+00
  -3.2379E+00   9.6910E-01  -1.3739E+00  -5.7916E+00   5.2448E+00  -1.1029E+01
   1.0167E+01  -5.6325E-01   3.0897E-01   7.2737E+00  -6.8799E+00  -2.0334E+00
   1.5492E+00  -2.3655E+00   1.6408E+00  -1.1026E+01   1.0169E+01   2.9075E+00
  -3.0192E+00   2.9047E+00  -3.0284E+00   2.3320E+00  -2.3128E+00   9.6722E-01
  -1.3788E+00   2.3322E+00  -2.3110E+00  -2.6850E-01   1.6648E-01   7.2722E+00
  -6.8842E+00  -5.5111E+00   5.0864E+00  -5.6414E-01   5.2222E-01  -1.0850E+00
  -4.4376E-01  -5.7939E+00   5.2411E+00  -5.5772E-01   3.2076E-01   4.6758E+00
  -4.3992E+00   4.6736E+00  -4.4028E+00  -2.0340E+00   1.5473E+00  -5.6581E-01
   5.2074E-01   9.8953E+00  -9.1272E+00   4.9479E+00  -4.5634E+00  -1.6370E-03
  -1.7026E-03  -5.5102E+00   5.0874E+00   4.9475E+00  -4.5632E+00   9.8933E+00
  -9.1287E+00  -2.7114E-01   1.6426E-01   6.7014E+00  -7.2844E+00   6.7022E+00
  -7.2847E+00   6.7018E+00  -7.2848E+00   8.9087E-01   7.9355E-01   8.9415E-01
   7.4179E-01   1.0250E+00   7.3176E-01   7.6041E-01  -7.9505E-02  -1.9161E-01
  -2.0088E-01  -1.7434E-01  -1.2259E-01  -8.1981E-02  -1.5221E-01  -1.5650E-01
  -1.1780E-01  -1.3314E-01  -8.6586E-02  -8.2121E-02  -3.3667E-02   3.7951E-02
   3.2476E-02   3.0111E-02  -2.9232E-02  -4.4628E-03  -2.2169E-02  -3.6990E-02
   1.9285E-02   2.6989E-02   3.8888E-02   8.1330E-02   4.0153E-02   1.6900E-02
   3.1878E-02  -2.6210E-02  -2.9798E-02  -3.7507E-02  -4.8352E-02  -3.2687E-02
   6.8960E-02  -2.1050E-02  -3.3935E-02  -1.0822E-02  -7.4908E-03  -1.1145E-02
  -1.0340E-02   5.0282E-03   4.3582E-02   2.6765E-02   3.3989E-04   8.6375E-03
  -1.0016E-02  -1.3130E-02   6.3788E-03  -3.5900E-03  -7.5582E-03  -5.6096E-03
  -5.1318E-03   3.4427E-02  -2.1271E-02  -2.3821E-02  -5.3886E-03   1.3448E-02
  -4.4887E-03   3.0607E-02   3.9773E-04  -4.5201E-03   1.2090E-02  -9.3087E-03
  -4.1657E-03  -1.3309E-02   2.5934E-02   7.1480E-03  -5.1240E-03  -6.1857E-03
   6.9769E-03   5.0176E-03   6.3054E-03  -2.5836E-03  -1.0953E-02  -1.4951E-02
   7.6758E-04  -2.6091E-02  -5.3570E-03   1.9998E-03  -5.1668E-03  -1.0496E-02
  -1.2503E-02  -1.3606E-02  -4.6895E-03  -2.3838E-03   2.8001E-03   1.0565E-02
   1.7844E-02   1.8556E-02  -4.9975E-03  -1.5726E-02  -1.4945E-02  -1.7496E-02
  -6.2755E-03   2.1372E-01  -2.9755E-02  -1.9704E-02   7.5838E-02   9.6855E-03
   6.9041E-02   2.5695E-02   3.4110E-03   4.9045E-02  -6.3103E-03  -6.6205E-02
  -6.4138E-02  -7.2725E-02   8.3981E-02   7.8814E-02   4.1976E-02  -2.9903E-02
   6.0781E-03  -5.1269E-02  -4.8651E-02   1.9334E-02   2.5060E-02   2.5475E-02
  -6.6157E-03   2.3545E-02   4.0874E-02   2.3281E-02  -1.2455E-02  -1.5496E-02
  -2.6013E-02  -3.2057E-02  -1.7382E-02   5.5202E-02  -1.3075E-02  -2.5242E-02
  -1.9602E-03  -1.6869E-02  -1.5721E-02  -5.5800E-03  -2.2995E-02   4.2180E-02
   3.1043E-02  -7.0923E-03  -3.5383E-02  -1.3560E-02  -1.7056E-02  -1.3290E-02
  -1.5873E-02  -9.5759E-03  -1.2067E-02  -1.4403E-02   1.9625E-02  -1.2612E-02
  -2.0475E-02  -1.0348E-02   1.6197E-02  -4.1541E-03   1.2426E-02  -5.0057E-03
  -1.2023E-02   1.2306E-02  -1.3138E-02  -1.5790E-03  -1.1590E-02   3.4291E-02
  -8.7423E-03  -8.8573E-04  -1.8800E-03   7.6625E-03   8.2031E-03  -1.3244E-03
  -3.7413E-03  -1.1967E-02   4.3411E-03  -6.2638E-04  -3.6466E-02  -8.7100E-03
  -2.7263E-03   2.3380E-04  -4.5870E-03  -1.1031E-02   4.8399E-04   1.0167E-03
   7.9204E-03  -1.1324E-02  -3.5195E-03  -2.7808E-03  -2.1563E-03   3.0169E-03
   2.5369E-02   2.5264E-02   2.4273E-02   8.8173E-04  -5.2212E-02  -1.9461E-01
  -1.9909E-01  -1.6402E-01  -1.4462E-01  -6.4527E-02  -1.3564E-01  -1.4331E-01
  -1.5602E-01  -1.3351E-01  -7.9693E-02  -7.6967E-02  -3.0335E-02  -1.8347E-02
  -1.9576E-02  -5.3937E-03  -1.5141E-02  -1.4786E-02  -2.6637E-04  -8.9641E-03
   6.0713E-03   1.2230E-02   3.0825E-02   8.8694E-02   6.4719E-02   3.1940E-02
   2.8078E-02  -3.2226E-02  -2.7792E-02  -3.6684E-02  -4.7214E-02  -2.6996E-02
   1.5860E-02  -1.4945E-02  -2.3451E-02  -2.6087E-03  -5.1309E-03  -1.7061E-02
  -1.6656E-02   1.7605E-02   3.0622E-02   3.0748E-02  -1.7385E-03   1.3174E-02
  -1.2035E-02  -8.8068E-03   7.7766E-03  -1.8085E-03  -8.1713E-03  -8.3466E-03
  -4.6230E-03   2.8100E-02  -1.7953E-02  -1.8131E-02  -4.7966E-03   1.4943E-02
  -3.7961E-03   3.5060E-02   3.4864E-03   4.7435E-03   3.1617E-03  -1.1018E-02
  -8.0952E-05  -6.9461E-03   2.2391E-02   3.8051E-04  -8.5844E-03  -1.1871E-02
   1.6878E-03   6.1102E-03   3.3908E-03  -1.0844E-03  -6.8236E-03  -2.0895E-02
  -4.6993E-04  -2.0471E-02  -1.4704E-03  -3.0472E-03  -1.5083E-03  -8.3587E-03
  -6.2097E-03  -1.6815E-02  -4.1689E-04  -4.1880E-03   1.1354E-02   1.0922E-02
   1.6316E-02   2.3116E-02  -6.4413E-03  -2.4757E-02  -2.4227E-02  -2.4439E-02
  -4.5703E-03   1.3198E-01  -4.0970E-02  -3.2767E-02   2.0091E-02  -8.5727E-03
   1.7849E-02  -3.1101E-02  -4.4023E-02   2.2584E-02  -4.6674E-02  -6.7265E-02
  -6.4075E-02  -9.2582E-02   4.9943E-02   5.0028E-02   1.7407E-02  -1.8894E-02
   2.0523E-03  -3.7319E-02  -2.9239E-02   8.6124E-03   1.4501E-02   1.7576E-02
  -4.9029E-03   4.7796E-02   6.1275E-02   1.9261E-02  -1.5067E-02  -1.2895E-02
  -2.3118E-02  -2.5738E-02  -1.1418E-02   2.0148E-02  -8.8377E-03  -1.5235E-02
   5.9521E-03  -1.4953E-02  -2.1017E-02  -1.0212E-02  -1.4279E-02   3.0874E-02
   3.4697E-02  -8.6712E-03  -4.1152E-02  -1.7270E-02  -1.3949E-02  -1.3956E-02
  -1.5681E-02  -1.1713E-02  -1.5117E-02  -1.6098E-02   1.0857E-02  -1.0152E-02
  -1.4370E-02  -9.5388E-03   1.6724E-02  -2.4541E-03   1.2499E-02  -3.0105E-03
  -6.8206E-03   6.3226E-03  -1.6933E-02   1.9886E-03  -6.0152E-03   3.5048E-02
  -1.8309E-02  -1.9821E-03  -4.8153E-03   2.9386E-03   6.7233E-03  -2.1616E-03
  -2.8474E-03  -8.6580E-03   3.8449E-03  -7.2315E-04  -3.2031E-02  -4.6924E-03
  -8.7754E-03   1.9638E-03  -2.2158E-03  -3.8829E-03  -2.2865E-03   5.1016E-05
   5.4191E-03  -4.0326E-03  -5.4924E-03  -5.3377E-03   6.1229E-04   3.5124E-03
   2.2467E-02   2.3069E-02   2.2049E-02   4.5782E-03
  > Energy =  -9.939100913810E+02 +/-   1.701967851758E-04
  > varE =   3.796755504717E-03

VMC #9:
* Size of Hilbert space =   1.0817E+14
* Number of equil. steps   = 1000
* Running VMC equilibration.
  Done. [total walltime: 0.34s]
* Equil. acc.ratio (%)     =  12.0247
* Sample config after equilibration:
  +-------------------------+
  |  u   0   0   u   0   d  |
  |d   2   2   2   0   2   u|
  |u   2   u   0   2   d   d|
  |  0   d   d   d   u   u  |
  +-------------------------+
* Number of accum. steps   = 524288 x 10
* Running VMC accumulation.
  Done. [total walltime: 1.81s]
* Acceptance ratio (%)     =  11.9908
* Etot/t                   =  -9.939096968840E+02 +/-   9.546458006367E-05
  > Ttot/t                 =  -9.591359470511E+01 +/-   1.070991882698E-03
  > Utot/t                 =   4.231205227198E+01 +/-   1.061732043947E-03
* var[Eloc/t]              =   3.981892223995E-03 +/-   4.134439333893E-05
* Correlation length       =   1.199954972080E+00
* log10 Psi^2 range: -133.7214586223595 -- -121.1067430151078
* log10 Pgen range : -133.7214586223595 -- -121.1067430151078
* Site occupation (ave. no. electrons per config.):
  > Site_  ___eu____  ___ed____
      1        0.497      0.501
      2        0.496      0.500
      3        0.501      0.499
      4        0.497      0.498
      5        0.500      0.502
      6        0.506      0.500
      7        0.504      0.503
      8        0.500      0.497
      9        0.496      0.495
     10        0.496      0.499
     11        0.498      0.493
     12        0.502      0.503
     13        0.504      0.500
     14        0.503      0.502
     15        0.500      0.503
     16        0.498      0.498
     17        0.497      0.498
     18        0.502      0.503
     19        0.496      0.499
     20        0.502      0.504
     21        0.501      0.506
     22        0.504      0.502
     23        0.498      0.500
     24        0.501      0.499
     25        0.499      0.495
     26        0.500      0.503
* Pair-correlation analysis (ave. no. pairs per config.):
  > Shell  nsite  ___dh____  __eueu___  __eued___
      0      1        0          0          4.501
      1      0        0.920      0.500      2.596
      2      0        0.135      0.362      0.534
      3      0        0.266      0.720      1.058
      4      0        0.228      0.773      1.066
      5      0        0.254      0.737      1.053
      6      0        0.756      0.853      2.433
      7      0        0.666      1.054      2.333
      8      0        0.600      1.226      2.260
      9      0        0.445      1.547      2.089
     10      0        0.525      1.389      2.181
     11      0        0.137      0.814      1.157
     12      0        0.138      0.833      1.141
     13      0        0.136      0.854      1.081
     14      0        0.224      2.107      1.915
     15      0        0.110      1.056      0.955
     16      0        0.226      2.081      1.905
     17      0        0.266      1.906      2.062
     18      0        0.242      2.040      1.931
     19      0        0.296      1.879      2.049
     20      0        0.306      1.879      2.060
     21      0        0.243      2.090      1.926
     22      0        0.241      2.122      1.911
     23      0        0.243      2.122      1.890
     24      0        0.239      2.104      1.917
     25      0        0.278      2.082      1.911
     26      0        0.270      2.074      1.905
     27      0        0.236      2.134      1.890
     28      0        0.216      1.951      2.055
     29      0        0.239      2.059      1.942
     30      0        0.216      1.948      2.088
     31      0        0.109      0.966      1.048
     32      0        0.243      2.050      1.951
     33      0        0.211      2.131      1.897
     34      0        0.248      2.048      1.974
     35      0        0.222      2.081      1.957
     36      0        0.246      2.006      1.957
     37      0        0.286      1.941      2.023
     38      0        0.143      0.966      1.010
     39      0        0.216      1.978      2.020
     40      0        0.256      1.900      2.075
     41      0        0.140      1.010      0.972
     42      0        0.279      2.025      1.952
     43      0        0.255      1.958      2.033
     44      0        0.257      1.867      2.099
     45      0        0.215      1.992      2.049
     46      0        0.242      2.025      1.972
     47      0        0.255      1.941      2.066
     48      0        0.241      1.960      2.035
     49      0        0.248      2.020      1.978
     50      0        0.247      1.974      2.028
     51      0        0.277      1.960      1.998
     52      0        0.249      2.041      1.966
     53      0        0.223      1.967      2.061
     54      0        0.220      2.045      1.990
     55      0        0.250      1.973      2.004
     56      0        0.276      1.996      1.964
     57      0        0.251      2.003      1.976
     58      0        0.216      2.028      1.969
     59      0        0.255      1.986      2.027
     60      0        0.241      2.013      1.989
     61      0        0.137      0.994      0.984
     62      0        0.109      1.018      1.005
     63      0        0.247      1.989      1.972
     64      0        0.218      2.031      2.006
     65      0        0.216      2.054      1.981
     66      0        0.135      0.985      0.995
     67      0        0.216      1.988      2.008
     68      0        0.217      2.009      1.987
     69      0        0.252      2.007      1.992
     70      0        0.253      2.028      1.989
     71      0        0.250      1.988      2.012
     72      0        0.217      2.031      2.015
     73      0        0.248      1.976      1.985
     74      0        0.247      2.004      1.992
     75      0        0.242      1.985      1.976
     76      0        0.243      1.844      2.156
     77      0        0.242      1.987      2.014
     78      0        0.106      1.006      1.017
     79      0        0.215      1.996      2.007
     80      0        0.218      2.005      1.996
     81      0        0.220      2.001      2.035
     82      0        0.240      1.978      1.987
     83      0        0.108      0.988      0.993
     84      0        0.218      2.008      1.998
     85      0        0.112      1.013      1.007
     86      0        0.246      1.992      2.006
     87      0        0.221      1.994      2.009
     88      0        0.110      0.994      0.985
     89      0        0.220      2.016      2.026
     90      0        0.126      0.968      1.004
     91      0        0.063      0.483      0.507
     92      0        0.062      0.487      0.505
     93      0        0.113      1.006      1.011

Optimization #9:
* Method          : lls
* Target function : energy
* No. of configs. : 131072
* No. of params.  : 736
* Before optimization:
  -2.1389E+01  -2.1124E+01  -2.1369E+01  -2.1106E+01  -2.1523E+01  -2.1096E+01
  -2.0848E+01   2.0999E+00   1.9679E+00   1.1247E+00   1.0786E+00   2.3716E+00
   2.7245E+00   2.2903E+00   2.2989E+00   1.4589E+00   1.4351E+00   1.4925E+00
   1.4645E+00   2.1429E+00   2.1431E+00   1.4805E+00   1.4414E+00   1.3887E+00
   1.4451E+00   1.1382E+00   1.3926E+00   1.3893E+00   1.3753E+00   1.3018E+00
   1.2949E+00   2.1950E+00   2.1947E+00   1.8115E+00   1.8118E+00   1.4660E+00
   1.4693E+00   6.7685E-01   6.7464E-01   1.1282E+00   1.1284E+00   1.1346E+00
   1.1324E+00   1.1150E+00   1.1145E+00   2.3338E+00   2.3283E+00   8.1827E-01
   8.1269E-01   1.5948E+00   1.6054E+00   1.9742E+00   1.9710E+00   1.0621E+00
   1.0621E+00   1.4613E+00   1.4629E+00   1.1463E+00   1.1460E+00   1.1216E+00
   6.2632E-01   6.2580E-01   1.6947E+00   1.6768E+00   6.5468E-01   6.5284E-01
   1.4380E+00   1.4385E+00   5.0742E-01   5.0495E-01   9.2453E-01   9.2551E-01
   8.2200E-02   5.6294E-01   5.6181E-01   7.0571E-01   7.0578E-01   1.0884E-01
   9.5108E-01   9.4851E-01   8.4700E-01   8.4512E-01   1.5357E+00   1.5375E+00
   6.6876E-01   6.6883E-01   9.6174E-01   9.6308E-01   7.3371E-01   7.3081E-01
   9.7777E-01   9.7876E-01   1.4623E-01   1.4487E-01   1.6534E-01   1.6442E-01
   4.4034E-01   4.4114E-01   8.7359E-01   8.7057E-01   9.3845E-01   9.3768E-01
   9.2188E-01   9.2069E-01   6.5220E-02   6.4179E-02   4.4678E-01   4.4736E-01
   4.7120E-02   4.5663E-02   6.1619E-01   6.1371E-01   4.0657E-01   4.0467E-01
   5.4564E-01   5.4612E-01   8.6072E-01   2.5469E-01  -3.9390E-01  -3.9523E-01
   4.8403E-01   4.8284E-01   7.2565E-01   7.2466E-01   8.5786E-01   1.1313E-01
   1.1212E-01   1.2466E-01   1.2501E-01  -1.8216E-02  -1.9504E-02   4.1272E-01
   4.1045E-01  -2.0078E-02  -2.1582E-02   1.0060E-01   1.0284E-01  -3.8853E-01
  -3.8915E-01   4.2537E-01   4.2458E-01   4.2411E-02   4.1231E-02   1.5182E+00
   1.5207E+00   5.5234E-01   5.5242E-01   2.3745E-01  -2.7626E-01  -2.7751E-01
  -2.6951E-01  -2.7057E-01   4.8579E-01   4.8494E-01   4.5705E-02   4.4360E-02
  -7.6842E-01  -3.8521E-01  -3.8459E-01   2.0123E-03   4.2315E-01   4.2274E-01
  -3.8341E-01  -3.8314E-01  -7.6597E-01   1.0460E-01   1.0637E-01   5.8254E-01
   5.7906E-01   5.8342E-01   5.7822E-01   5.8183E-01   5.7790E-01   3.5687E+00
  -5.7665E+00   1.7963E+00  -2.9151E+00   4.0225E+00  -5.1033E+00  -1.3917E+00
  -1.0177E+00  -1.2110E+01   9.3777E+00  -6.8029E+00   4.3846E+00  -2.5057E-01
  -1.3007E+00  -1.3761E+00  -1.8837E-01  -1.7644E+00  -3.9822E-01   1.2658E+00
  -2.7873E+00  -4.3166E+00   2.9339E+00  -1.2750E+00  -1.6955E-01   8.7893E+00
  -9.9256E+00  -2.7219E+00   1.3425E+00  -4.2461E+00   2.8820E+00   3.7972E+00
  -5.0847E+00  -6.5497E+00   4.3482E+00  -1.5994E+00  -2.0882E-01  -3.8034E+00
   2.3314E+00   3.1532E+00  -3.8329E+00   1.4476E+00  -2.5724E+00  -1.1891E+00
   5.7155E-02  -7.0608E-02  -1.0397E+00  -6.5810E+00   4.2789E+00   3.1253E+00
  -3.9081E+00  -3.8333E+00   2.2635E+00  -6.6177E+00   4.6517E+00   3.8844E+00
  -4.9484E+00  -7.8652E+00   6.4051E+00  -2.6378E+00   1.4880E+00  -4.1593E+00
   3.0339E+00   2.1267E-01  -8.3775E-01   3.7632E+00  -5.4322E+00   6.2211E-01
  -1.2753E+00  -1.0504E+00  -3.8604E-01   6.7315E+00  -7.2383E+00  -4.5924E+00
   3.6674E+00   4.5997E+00  -4.6817E+00   2.6397E+00  -3.2020E+00   1.8063E-01
  -8.9381E-01   4.5923E+00  -4.6987E+00  -4.6001E+00   3.6521E+00   1.8063E+00
  -2.6518E+00  -7.8953E+00   6.3517E+00  -2.3504E+00   1.6812E+00  -7.5737E+00
   6.6111E+00   5.8980E-01  -1.3278E+00  -7.5789E+00   6.5997E+00   2.0276E+00
  -2.1736E+00   2.0213E+00  -2.1864E+00  -3.1987E+00   2.7587E+00   1.7995E+00
  -2.6697E+00  -2.2974E+00   1.3596E+00  -2.2931E+00   1.3714E+00   5.8973E+00
  -5.9624E+00  -3.2014E+00   2.7545E+00   5.9036E+00  -5.9504E+00   2.6244E+00
  -3.2379E+00   9.6910E-01  -1.3739E+00  -5.7916E+00   5.2448E+00  -1.1029E+01
   1.0167E+01  -5.6325E-01   3.0897E-01   7.2737E+00  -6.8799E+00  -2.0334E+00
   1.5492E+00  -2.3655E+00   1.6408E+00  -1.1026E+01   1.0169E+01   2.9075E+00
  -3.0192E+00   2.9047E+00  -3.0284E+00   2.3320E+00  -2.3128E+00   9.6722E-01
  -1.3788E+00   2.3322E+00  -2.3110E+00  -2.6850E-01   1.6648E-01   7.2722E+00
  -6.8842E+00  -5.5111E+00   5.0864E+00  -5.6414E-01   5.2222E-01  -1.0850E+00
  -4.4376E-01  -5.7939E+00   5.2411E+00  -5.5772E-01   3.2076E-01   4.6758E+00
  -4.3992E+00   4.6736E+00  -4.4028E+00  -2.0340E+00   1.5473E+00  -5.6581E-01
   5.2074E-01   9.8953E+00  -9.1272E+00   4.9479E+00  -4.5634E+00  -1.6370E-03
  -1.7026E-03  -5.5102E+00   5.0874E+00   4.9475E+00  -4.5632E+00   9.8933E+00
  -9.1287E+00  -2.7114E-01   1.6426E-01   6.7014E+00  -7.2844E+00   6.7022E+00
  -7.2847E+00   6.7018E+00  -7.2848E+00   8.9087E-01   7.9355E-01   8.9415E-01
   7.4179E-01   1.0250E+00   7.3176E-01   7.6041E-01  -7.9505E-02  -1.9161E-01
  -2.0088E-01  -1.7434E-01  -1.2259E-01  -8.1981E-02  -1.5221E-01  -1.5650E-01
  -1.1780E-01  -1.3314E-01  -8.6586E-02  -8.2121E-02  -3.3667E-02   3.7951E-02
   3.2476E-02   3.0111E-02  -2.9232E-02  -4.4628E-03  -2.2169E-02  -3.6990E-02
   1.9285E-02   2.6989E-02   3.8888E-02   8.1330E-02   4.0153E-02   1.6900E-02
   3.1878E-02  -2.6210E-02  -2.9798E-02  -3.7507E-02  -4.8352E-02  -3.2687E-02
   6.8960E-02  -2.1050E-02  -3.3935E-02  -1.0822E-02  -7.4908E-03  -1.1145E-02
  -1.0340E-02   5.0282E-03   4.3582E-02   2.6765E-02   3.3989E-04   8.6375E-03
  -1.0016E-02  -1.3130E-02   6.3788E-03  -3.5900E-03  -7.5582E-03  -5.6096E-03
  -5.1318E-03   3.4427E-02  -2.1271E-02  -2.3821E-02  -5.3886E-03   1.3448E-02
  -4.4887E-03   3.0607E-02   3.9773E-04  -4.5201E-03   1.2090E-02  -9.3087E-03
  -4.1657E-03  -1.3309E-02   2.5934E-02   7.1480E-03  -5.1240E-03  -6.1857E-03
   6.9769E-03   5.0176E-03   6.3054E-03  -2.5836E-03  -1.0953E-02  -1.4951E-02
   7.6758E-04  -2.6091E-02  -5.3570E-03   1.9998E-03  -5.1668E-03  -1.0496E-02
  -1.2503E-02  -1.3606E-02  -4.6895E-03  -2.3838E-03   2.8001E-03   1.0565E-02
   1.7844E-02   1.8556E-02  -4.9975E-03  -1.5726E-02  -1.4945E-02  -1.7496E-02
  -6.2755E-03   2.1372E-01  -2.9755E-02  -1.9704E-02   7.5838E-02   9.6855E-03
   6.9041E-02   2.5695E-02   3.4110E-03   4.9045E-02  -6.3103E-03  -6.6205E-02
  -6.4138E-02  -7.2725E-02   8.3981E-02   7.8814E-02   4.1976E-02  -2.9903E-02
   6.0781E-03  -5.1269E-02  -4.8651E-02   1.9334E-02   2.5060E-02   2.5475E-02
  -6.6157E-03   2.3545E-02   4.0874E-02   2.3281E-02  -1.2455E-02  -1.5496E-02
  -2.6013E-02  -3.2057E-02  -1.7382E-02   5.5202E-02  -1.3075E-02  -2.5242E-02
  -1.9602E-03  -1.6869E-02  -1.5721E-02  -5.5800E-03  -2.2995E-02   4.2180E-02
   3.1043E-02  -7.0923E-03  -3.5383E-02  -1.3560E-02  -1.7056E-02  -1.3290E-02
  -1.5873E-02  -9.5759E-03  -1.2067E-02  -1.4403E-02   1.9625E-02  -1.2612E-02
  -2.0475E-02  -1.0348E-02   1.6197E-02  -4.1541E-03   1.2426E-02  -5.0057E-03
  -1.2023E-02   1.2306E-02  -1.3138E-02  -1.5790E-03  -1.1590E-02   3.4291E-02
  -8.7423E-03  -8.8573E-04  -1.8800E-03   7.6625E-03   8.2031E-03  -1.3244E-03
  -3.7413E-03  -1.1967E-02   4.3411E-03  -6.2638E-04  -3.6466E-02  -8.7100E-03
  -2.7263E-03   2.3380E-04  -4.5870E-03  -1.1031E-02   4.8399E-04   1.0167E-03
   7.9204E-03  -1.1324E-02  -3.5195E-03  -2.7808E-03  -2.1563E-03   3.0169E-03
   2.5369E-02   2.5264E-02   2.4273E-02   8.8173E-04  -5.2212E-02  -1.9461E-01
  -1.9909E-01  -1.6402E-01  -1.4462E-01  -6.4527E-02  -1.3564E-01  -1.4331E-01
  -1.5602E-01  -1.3351E-01  -7.9693E-02  -7.6967E-02  -3.0335E-02  -1.8347E-02
  -1.9576E-02  -5.3937E-03  -1.5141E-02  -1.4786E-02  -2.6637E-04  -8.9641E-03
   6.0713E-03   1.2230E-02   3.0825E-02   8.8694E-02   6.4719E-02   3.1940E-02
   2.8078E-02  -3.2226E-02  -2.7792E-02  -3.6684E-02  -4.7214E-02  -2.6996E-02
   1.5860E-02  -1.4945E-02  -2.3451E-02  -2.6087E-03  -5.1309E-03  -1.7061E-02
  -1.6656E-02   1.7605E-02   3.0622E-02   3.0748E-02  -1.7385E-03   1.3174E-02
  -1.2035E-02  -8.8068E-03   7.7766E-03  -1.8085E-03  -8.1713E-03  -8.3466E-03
  -4.6230E-03   2.8100E-02  -1.7953E-02  -1.8131E-02  -4.7966E-03   1.4943E-02
  -3.7961E-03   3.5060E-02   3.4864E-03   4.7435E-03   3.1617E-03  -1.1018E-02
  -8.0952E-05  -6.9461E-03   2.2391E-02   3.8051E-04  -8.5844E-03  -1.1871E-02
   1.6878E-03   6.1102E-03   3.3908E-03  -1.0844E-03  -6.8236E-03  -2.0895E-02
  -4.6993E-04  -2.0471E-02  -1.4704E-03  -3.0472E-03  -1.5083E-03  -8.3587E-03
  -6.2097E-03  -1.6815E-02  -4.1689E-04  -4.1880E-03   1.1354E-02   1.0922E-02
   1.6316E-02   2.3116E-02  -6.4413E-03  -2.4757E-02  -2.4227E-02  -2.4439E-02
  -4.5703E-03   1.3198E-01  -4.0970E-02  -3.2767E-02   2.0091E-02  -8.5727E-03
   1.7849E-02  -3.1101E-02  -4.4023E-02   2.2584E-02  -4.6674E-02  -6.7265E-02
  -6.4075E-02  -9.2582E-02   4.9943E-02   5.0028E-02   1.7407E-02  -1.8894E-02
   2.0523E-03  -3.7319E-02  -2.9239E-02   8.6124E-03   1.4501E-02   1.7576E-02
  -4.9029E-03   4.7796E-02   6.1275E-02   1.9261E-02  -1.5067E-02  -1.2895E-02
  -2.3118E-02  -2.5738E-02  -1.1418E-02   2.0148E-02  -8.8377E-03  -1.5235E-02
   5.9521E-03  -1.4953E-02  -2.1017E-02  -1.0212E-02  -1.4279E-02   3.0874E-02
   3.4697E-02  -8.6712E-03  -4.1152E-02  -1.7270E-02  -1.3949E-02  -1.3956E-02
  -1.5681E-02  -1.1713E-02  -1.5117E-02  -1.6098E-02   1.0857E-02  -1.0152E-02
  -1.4370E-02  -9.5388E-03   1.6724E-02  -2.4541E-03   1.2499E-02  -3.0105E-03
  -6.8206E-03   6.3226E-03  -1.6933E-02   1.9886E-03  -6.0152E-03   3.5048E-02
  -1.8309E-02  -1.9821E-03  -4.8153E-03   2.9386E-03   6.7233E-03  -2.1616E-03
  -2.8474E-03  -8.6580E-03   3.8449E-03  -7.2315E-04  -3.2031E-02  -4.6924E-03
  -8.7754E-03   1.9638E-03  -2.2158E-03  -3.8829E-03  -2.2865E-03   5.1016E-05
   5.4191E-03  -4.0326E-03  -5.4924E-03  -5.3377E-03   6.1229E-04   3.5124E-03
   2.2467E-02   2.3069E-02   2.2049E-02   4.5782E-03
  > E    =  -9.939097145162E+02 +/-   1.731555964975E-04
  > varE =   3.929913504356E-03
* Computing derivatives.
    [walltime: 2m40s elapsed, 2m39s remaining]
  Done. [total walltime: 5m19s]
* Optimizing manipulation constant:
  #igrid a___________ E____________________________________ varE____________
     1     Infinity    -9.93909715E+02 +/-   1.73155596E-04   3.92991350E-03
     2     1.0000E+06  -9.93909715E+02 +/-   1.73155585E-04   3.92991300E-03
     3     2.1544E+05  -9.93909715E+02 +/-   1.73155545E-04   3.92991118E-03
     4     4.6416E+04  -9.93909715E+02 +/-   1.73155359E-04   3.92990270E-03
     5     1.0000E+04  -9.93909715E+02 +/-   1.73154493E-04   3.92986342E-03
     6     2.1544E+03  -9.93909715E+02 +/-   1.73150501E-04   3.92968222E-03
     7     4.6416E+02  -9.93909715E+02 +/-   1.73132494E-04   3.92886491E-03
     8     1.0000E+02  -9.93909717E+02 +/-   1.73059957E-04   3.92557345E-03
     9     2.1544E+01  -9.93909712E+02 +/-   1.72954937E-04   3.92081049E-03
    10     4.6416E+00  -9.93909228E+02 +/-   1.80333311E-04   4.26247496E-03
    11     1.0000E+00  -9.93887390E+02 +/-   4.12812331E-04   2.23365065E-02
    12     2.1544E-01  -9.93741413E+02 +/-   1.04193238E-03   1.42294790E-01
    13     4.6416E-02  -9.93607022E+02 +/-   1.37826367E-03   2.48985779E-01
    14     1.0000E-02  -9.93563917E+02 +/-   1.46784675E-03   2.82404333E-01
    15     2.1544E-03  -9.93553781E+02 +/-   1.48797943E-03   2.90204258E-01
    16     4.6416E-04  -9.93551556E+02 +/-   1.49235521E-03   2.91913605E-01
    17     1.0000E-04  -9.93551075E+02 +/-   1.49329971E-03   2.92283224E-01
    18     2.1544E-05  -9.93550971E+02 +/-   1.49350328E-03   2.92362919E-01
    19     4.6416E-06  -9.93550949E+02 +/-   1.49354715E-03   2.92380092E-01
    20     1.0000E-06  -9.93550944E+02 +/-   1.49355660E-03   2.92383792E-01
    21     0.0000E+00  -9.93550943E+02 +/-   1.49355919E-03   2.92384808E-01
* Iteration # 1: E =  -9.939097171072E+02 +/-   1.730599567343E-04
* Convergence: exiting.
* After optimization:
  -2.1401E+01  -2.1136E+01  -2.1381E+01  -2.1119E+01  -2.1536E+01  -2.1107E+01
  -2.0860E+01   2.1003E+00   1.9682E+00   1.1246E+00   1.0786E+00   2.3717E+00
   2.7245E+00   2.2903E+00   2.2988E+00   1.4588E+00   1.4352E+00   1.4924E+00
   1.4645E+00   2.1429E+00   2.1430E+00   1.4805E+00   1.4414E+00   1.3887E+00
   1.4451E+00   1.1383E+00   1.3926E+00   1.3893E+00   1.3754E+00   1.3018E+00
   1.2949E+00   2.1950E+00   2.1947E+00   1.8115E+00   1.8118E+00   1.4661E+00
   1.4694E+00   6.7685E-01   6.7465E-01   1.1282E+00   1.1284E+00   1.1345E+00
   1.1324E+00   1.1150E+00   1.1146E+00   2.3338E+00   2.3283E+00   8.1828E-01
   8.1270E-01   1.5948E+00   1.6054E+00   1.9742E+00   1.9710E+00   1.0621E+00
   1.0621E+00   1.4613E+00   1.4630E+00   1.1463E+00   1.1460E+00   1.1216E+00
   6.2633E-01   6.2582E-01   1.6948E+00   1.6769E+00   6.5469E-01   6.5285E-01
   1.4380E+00   1.4385E+00   5.0747E-01   5.0496E-01   9.2455E-01   9.2551E-01
   8.2227E-02   5.6299E-01   5.6184E-01   7.0573E-01   7.0577E-01   1.0880E-01
   9.5111E-01   9.4853E-01   8.4705E-01   8.4514E-01   1.5357E+00   1.5375E+00
   6.6879E-01   6.6886E-01   9.6176E-01   9.6309E-01   7.3376E-01   7.3082E-01
   9.7781E-01   9.7880E-01   1.4625E-01   1.4489E-01   1.6534E-01   1.6444E-01
   4.4033E-01   4.4114E-01   8.7362E-01   8.7057E-01   9.3848E-01   9.3768E-01
   9.2191E-01   9.2070E-01   6.5254E-02   6.4174E-02   4.4679E-01   4.4735E-01
   4.7174E-02   4.5683E-02   6.1622E-01   6.1372E-01   4.0662E-01   4.0468E-01
   5.4562E-01   5.4609E-01   8.6068E-01   2.5466E-01  -3.9394E-01  -3.9528E-01
   4.8401E-01   4.8281E-01   7.2567E-01   7.2468E-01   8.5781E-01   1.1313E-01
   1.1210E-01   1.2468E-01   1.2501E-01  -1.8267E-02  -1.9545E-02   4.1274E-01
   4.1044E-01  -2.0117E-02  -2.1621E-02   1.0060E-01   1.0282E-01  -3.8858E-01
  -3.8919E-01   4.2533E-01   4.2455E-01   4.2335E-02   4.1182E-02   1.5182E+00
   1.5207E+00   5.5229E-01   5.5237E-01   2.3747E-01  -2.7630E-01  -2.7755E-01
  -2.6959E-01  -2.7064E-01   4.8579E-01   4.8494E-01   4.5634E-02   4.4307E-02
  -7.6849E-01  -3.8523E-01  -3.8463E-01   1.9845E-03   4.2313E-01   4.2270E-01
  -3.8347E-01  -3.8321E-01  -7.6606E-01   1.0456E-01   1.0634E-01   5.8258E-01
   5.7907E-01   5.8345E-01   5.7822E-01   5.8189E-01   5.7791E-01   3.5684E+00
  -5.7669E+00   1.7966E+00  -2.9155E+00   4.0230E+00  -5.1037E+00  -1.3919E+00
  -1.0178E+00  -1.2109E+01   9.3774E+00  -6.8025E+00   4.3842E+00  -2.5018E-01
  -1.3011E+00  -1.3758E+00  -1.8873E-01  -1.7640E+00  -3.9859E-01   1.2662E+00
  -2.7877E+00  -4.3162E+00   2.9334E+00  -1.2746E+00  -1.6993E-01   8.7896E+00
  -9.9260E+00  -2.7215E+00   1.3421E+00  -4.2457E+00   2.8816E+00   3.7975E+00
  -5.0850E+00  -6.5495E+00   4.3480E+00  -1.5990E+00  -2.0920E-01  -3.8029E+00
   2.3310E+00   3.1535E+00  -3.8333E+00   1.4480E+00  -2.5728E+00  -1.1887E+00
   5.6831E-02  -7.0219E-02  -1.0401E+00  -6.5808E+00   4.2787E+00   3.1257E+00
  -3.9084E+00  -3.8329E+00   2.2631E+00  -6.6173E+00   4.6513E+00   3.8848E+00
  -4.9487E+00  -7.8647E+00   6.4047E+00  -2.6374E+00   1.4876E+00  -4.1589E+00
   3.0335E+00   2.1307E-01  -8.3813E-01   3.7633E+00  -5.4323E+00   6.2246E-01
  -1.2757E+00  -1.0502E+00  -3.8623E-01   6.7319E+00  -7.2387E+00  -4.5920E+00
   3.6670E+00   4.6001E+00  -4.6821E+00   2.6401E+00  -3.2024E+00   1.8098E-01
  -8.9421E-01   4.5927E+00  -4.6991E+00  -4.5998E+00   3.6517E+00   1.8065E+00
  -2.6521E+00  -7.8949E+00   6.3512E+00  -2.3500E+00   1.6808E+00  -7.5733E+00
   6.6107E+00   5.9016E-01  -1.3282E+00  -7.5785E+00   6.5993E+00   2.0280E+00
  -2.1740E+00   2.0217E+00  -2.1868E+00  -3.1983E+00   2.7583E+00   1.7997E+00
  -2.6699E+00  -2.2972E+00   1.3594E+00  -2.2929E+00   1.3712E+00   5.8976E+00
  -5.9628E+00  -3.2010E+00   2.7541E+00   5.9039E+00  -5.9508E+00   2.6248E+00
  -3.2383E+00   9.6922E-01  -1.3741E+00  -5.7912E+00   5.2444E+00  -1.1028E+01
   1.0166E+01  -5.6285E-01   3.0860E-01   7.2741E+00  -6.8803E+00  -2.0332E+00
   1.5491E+00  -2.3652E+00   1.6404E+00  -1.1026E+01   1.0169E+01   2.9079E+00
  -3.0196E+00   2.9051E+00  -3.0288E+00   2.3322E+00  -2.3129E+00   9.6737E-01
  -1.3790E+00   2.3324E+00  -2.3112E+00  -2.6831E-01   1.6630E-01   7.2726E+00
  -6.8846E+00  -5.5109E+00   5.0862E+00  -5.6371E-01   5.2186E-01  -1.0849E+00
  -4.4394E-01  -5.7935E+00   5.2408E+00  -5.5735E-01   3.2036E-01   4.6762E+00
  -4.3996E+00   4.6740E+00  -4.4031E+00  -2.0338E+00   1.5471E+00  -5.6539E-01
   5.2035E-01   9.8958E+00  -9.1276E+00   4.9482E+00  -4.5636E+00  -1.6225E-03
  -1.6879E-03  -5.5100E+00   5.0872E+00   4.9477E+00  -4.5634E+00   9.8937E+00
  -9.1291E+00  -2.7092E-01   1.6410E-01   6.7018E+00  -7.2848E+00   6.7026E+00
  -7.2851E+00   6.7023E+00  -7.2852E+00   8.9655E-01   7.9849E-01   8.9966E-01
   7.4645E-01   1.0316E+00   7.3600E-01   7.6500E-01  -7.9833E-02  -1.9303E-01
  -2.0213E-01  -1.7527E-01  -1.2341E-01  -8.2473E-02  -1.5322E-01  -1.5757E-01
  -1.1855E-01  -1.3392E-01  -8.7140E-02  -8.2613E-02  -3.3829E-02   3.8126E-02
   3.2659E-02   3.0379E-02  -2.9434E-02  -4.5064E-03  -2.2356E-02  -3.7254E-02
   1.9435E-02   2.7192E-02   3.9175E-02   8.1789E-02   4.0386E-02   1.6971E-02
   3.2144E-02  -2.6345E-02  -2.9974E-02  -3.7656E-02  -4.8670E-02  -3.2805E-02
   6.9217E-02  -2.1120E-02  -3.4133E-02  -1.0766E-02  -7.4441E-03  -1.1295E-02
  -1.0393E-02   5.2598E-03   4.3828E-02   2.6902E-02   3.1425E-04   8.6851E-03
  -1.0118E-02  -1.3301E-02   6.4343E-03  -3.6030E-03  -7.8084E-03  -5.7757E-03
  -5.1620E-03   3.4427E-02  -2.1436E-02  -2.4032E-02  -5.4259E-03   1.3649E-02
  -4.5749E-03   3.0782E-02   4.4805E-04  -4.4550E-03   1.1961E-02  -9.3253E-03
  -4.2165E-03  -1.3435E-02   2.6078E-02   7.1514E-03  -5.1935E-03  -6.3150E-03
   6.8365E-03   5.0461E-03   6.2424E-03  -2.5606E-03  -1.1088E-02  -1.4802E-02
   7.7422E-04  -2.6255E-02  -5.4607E-03   1.9808E-03  -5.0476E-03  -1.0322E-02
  -1.2618E-02  -1.3502E-02  -4.5875E-03  -2.3075E-03   2.6671E-03   1.0636E-02
   1.7740E-02   1.8388E-02  -4.9406E-03  -1.5807E-02  -1.5042E-02  -1.7578E-02
  -6.0105E-03   2.1506E-01  -3.0115E-02  -1.9875E-02   7.6403E-02   9.7529E-03
   6.9504E-02   2.5673E-02   3.2034E-03   4.9327E-02  -6.3553E-03  -6.6446E-02
  -6.4499E-02  -7.3113E-02   8.4470E-02   7.9450E-02   4.2244E-02  -3.0084E-02
   6.0618E-03  -5.1539E-02  -4.8945E-02   1.9493E-02   2.5237E-02   2.5590E-02
  -6.6950E-03   2.3761E-02   4.0991E-02   2.3462E-02  -1.2530E-02  -1.5599E-02
  -2.6116E-02  -3.2179E-02  -1.7405E-02   5.5428E-02  -1.3187E-02  -2.5428E-02
  -1.9630E-03  -1.6941E-02  -1.5878E-02  -5.5710E-03  -2.3030E-02   4.2343E-02
   3.1229E-02  -7.2988E-03  -3.5573E-02  -1.3575E-02  -1.7110E-02  -1.3359E-02
  -1.6031E-02  -9.7106E-03  -1.2229E-02  -1.4346E-02   1.9704E-02  -1.2733E-02
  -2.0618E-02  -1.0398E-02   1.6244E-02  -4.1960E-03   1.2516E-02  -5.0253E-03
  -1.1981E-02   1.2245E-02  -1.3178E-02  -1.6131E-03  -1.1694E-02   3.4475E-02
  -8.6534E-03  -8.9792E-04  -1.8909E-03   7.7001E-03   8.2748E-03  -1.3654E-03
  -3.7365E-03  -1.1934E-02   4.3270E-03  -6.3784E-04  -3.6623E-02  -8.7822E-03
  -2.7566E-03   2.4068E-04  -4.5918E-03  -1.1059E-02   4.1060E-04   1.0205E-03
   7.7826E-03  -1.1256E-02  -3.4197E-03  -2.7085E-03  -2.1431E-03   2.9310E-03
   2.5425E-02   2.5295E-02   2.4314E-02   8.7021E-04  -5.1964E-02  -1.9481E-01
  -1.9926E-01  -1.6376E-01  -1.4479E-01  -6.4576E-02  -1.3575E-01  -1.4334E-01
  -1.5614E-01  -1.3351E-01  -7.9691E-02  -7.7074E-02  -3.0216E-02  -1.8437E-02
  -1.9660E-02  -5.4063E-03  -1.5073E-02  -1.4777E-02  -2.6719E-04  -8.9671E-03
   6.1027E-03   1.2264E-02   3.0876E-02   8.8643E-02   6.4727E-02   3.1938E-02
   2.8134E-02  -3.2226E-02  -2.7729E-02  -3.6661E-02  -4.7095E-02  -2.7010E-02
   1.5763E-02  -1.4831E-02  -2.3442E-02  -2.5821E-03  -5.0203E-03  -1.6897E-02
  -1.6683E-02   1.7730E-02   3.0864E-02   3.0698E-02  -1.6200E-03   1.3210E-02
  -1.2150E-02  -8.9087E-03   7.8048E-03  -1.7574E-03  -8.2435E-03  -8.3842E-03
  -4.6698E-03   2.8077E-02  -1.7895E-02  -1.8100E-02  -4.7552E-03   1.5026E-02
  -3.7674E-03   3.5076E-02   3.4599E-03   4.7378E-03   3.0193E-03  -1.0953E-02
  -1.6765E-04  -7.0328E-03   2.2489E-02   4.8241E-04  -8.5772E-03  -1.1951E-02
   1.6030E-03   6.0496E-03   3.3762E-03  -9.2775E-04  -7.0036E-03  -2.0688E-02
  -3.8528E-04  -2.0573E-02  -1.5838E-03  -2.9341E-03  -1.3587E-03  -8.1350E-03
  -6.2471E-03  -1.6510E-02  -3.2096E-04  -4.0242E-03   1.1026E-02   1.0876E-02
   1.6102E-02   2.2749E-02  -6.2012E-03  -2.4696E-02  -2.4163E-02  -2.4372E-02
  -4.3413E-03   1.3197E-01  -4.1258E-02  -3.2927E-02   2.0212E-02  -8.6359E-03
   1.7854E-02  -3.1387E-02  -4.4300E-02   2.2481E-02  -4.6722E-02  -6.7013E-02
  -6.4121E-02  -9.2425E-02   4.9899E-02   5.0132E-02   1.7319E-02  -1.8818E-02
   2.0170E-03  -3.7256E-02  -2.9154E-02   8.6524E-03   1.4495E-02   1.7510E-02
  -4.9545E-03   4.7896E-02   6.1158E-02   1.9249E-02  -1.5087E-02  -1.2849E-02
  -2.3097E-02  -2.5560E-02  -1.1422E-02   2.0098E-02  -8.8083E-03  -1.5255E-02
   5.8809E-03  -1.4926E-02  -2.0844E-02  -1.0204E-02  -1.4258E-02   3.0986E-02
   3.4694E-02  -8.6784E-03  -4.1075E-02  -1.7222E-02  -1.3888E-02  -1.3921E-02
  -1.5724E-02  -1.1633E-02  -1.5142E-02  -1.5961E-02   1.0953E-02  -1.0096E-02
  -1.4304E-02  -9.5016E-03   1.6642E-02  -2.3982E-03   1.2537E-02  -3.0306E-03
  -6.6964E-03   6.2318E-03  -1.6894E-02   1.9407E-03  -6.0391E-03   3.5092E-02
  -1.8060E-02  -1.9825E-03  -4.8019E-03   3.0314E-03   6.7200E-03  -2.1778E-03
  -2.8048E-03  -8.6069E-03   3.7140E-03  -7.0212E-04  -3.2031E-02  -4.7208E-03
  -8.6526E-03   1.9250E-03  -2.2660E-03  -3.8709E-03  -2.2661E-03   1.5580E-05
   5.3199E-03  -3.9999E-03  -5.4157E-03  -5.1572E-03   6.6083E-04   3.4780E-03
   2.2422E-02   2.3007E-02   2.2013E-02   4.3994E-03
  > Energy =  -9.939097171072E+02 +/-   1.730599567343E-04
  > varE =   3.925573451761E-03

VMC #10:
* Size of Hilbert space =   1.0817E+14
* Number of equil. steps   = 1000
* Running VMC equilibration.
  Done. [total walltime: 0.34s]
* Equil. acc.ratio (%)     =  11.9659
* Sample config after equilibration:
  +-------------------------+
  |  u   0   u   u   d   u  |
  |d   2   d   d   d   u   d|
  |2   0   u   u   u   2   u|
  |  u   d   d   d   0   d  |
  +-------------------------+
* Number of accum. steps   = 524288 x 10
* Running VMC accumulation.
  Done. [total walltime: 1.81s]
* Acceptance ratio (%)     =  11.9272
* Etot/t                   =  -9.939098885691E+02 +/-   9.255847908984E-05
  > Ttot/t                 =  -9.591244996469E+01 +/-   1.059009870203E-03
  > Utot/t                 =   4.231071584653E+01 +/-   1.049668896059E-03
* var[Eloc/t]              =   3.917513245007E-03 +/-   4.498487595796E-05
* Correlation length       =   1.146547003363E+00
* log10 Psi^2 range: -133.5063973390457 -- -121.5121516242441
* log10 Pgen range : -133.5063973390457 -- -121.5121516242441
* Site occupation (ave. no. electrons per config.):
  > Site_  ___eu____  ___ed____
      1        0.498      0.501
      2        0.496      0.499
      3        0.500      0.498
      4        0.496      0.499
      5        0.503      0.500
      6        0.501      0.503
      7        0.505      0.500
      8        0.495      0.498
      9        0.498      0.499
     10        0.500      0.498
     11        0.497      0.492
     12        0.506      0.499
     13        0.503      0.504
     14        0.504      0.502
     15        0.503      0.503
     16        0.497      0.499
     17        0.501      0.497
     18        0.500      0.505
     19        0.499      0.497
     20        0.500      0.506
     21        0.502      0.506
     22        0.502      0.502
     23        0.496      0.500
     24        0.496      0.498
     25        0.499      0.495
     26        0.502      0.502
* Pair-correlation analysis (ave. no. pairs per config.):
  > Shell  nsite  ___dh____  __eueu___  __eued___
      0      1        0          0          4.511
      1      0        0.921      0.498      2.596
      2      0        0.137      0.361      0.531
      3      0        0.267      0.720      1.053
      4      0        0.226      0.770      1.069
      5      0        0.250      0.740      1.055
      6      0        0.762      0.848      2.433
      7      0        0.672      1.049      2.335
      8      0        0.603      1.226      2.262
      9      0        0.446      1.547      2.088
     10      0        0.530      1.382      2.177
     11      0        0.137      0.819      1.157
     12      0        0.138      0.837      1.140
     13      0        0.135      0.855      1.085
     14      0        0.226      2.112      1.917
     15      0        0.113      1.062      0.953
     16      0        0.223      2.084      1.910
     17      0        0.263      1.907      2.060
     18      0        0.238      2.043      1.933
     19      0        0.298      1.873      2.046
     20      0        0.310      1.873      2.056
     21      0        0.244      2.088      1.925
     22      0        0.245      2.122      1.911
     23      0        0.240      2.125      1.893
     24      0        0.235      2.105      1.918
     25      0        0.276      2.087      1.910
     26      0        0.271      2.077      1.898
     27      0        0.241      2.132      1.885
     28      0        0.215      1.950      2.059
     29      0        0.241      2.055      1.948
     30      0        0.217      1.953      2.093
     31      0        0.106      0.971      1.056
     32      0        0.246      2.052      1.949
     33      0        0.215      2.131      1.891
     34      0        0.253      2.048      1.967
     35      0        0.224      2.077      1.954
     36      0        0.246      2.007      1.955
     37      0        0.285      1.941      2.024
     38      0        0.146      0.961      1.006
     39      0        0.215      1.984      2.025
     40      0        0.260      1.896      2.079
     41      0        0.141      1.007      0.970
     42      0        0.281      2.026      1.952
     43      0        0.254      1.952      2.033
     44      0        0.256      1.871      2.106
     45      0        0.216      1.994      2.055
     46      0        0.243      2.029      1.971
     47      0        0.263      1.938      2.060
     48      0        0.245      1.961      2.036
     49      0        0.249      2.020      1.976
     50      0        0.249      1.975      2.023
     51      0        0.278      1.955      1.998
     52      0        0.247      2.034      1.966
     53      0        0.222      1.972      2.062
     54      0        0.220      2.045      1.990
     55      0        0.250      1.974      2.007
     56      0        0.276      1.998      1.963
     57      0        0.249      2.001      1.979
     58      0        0.219      2.030      1.972
     59      0        0.254      1.985      2.024
     60      0        0.240      2.013      1.997
     61      0        0.134      0.994      0.988
     62      0        0.110      1.013      1.007
     63      0        0.248      1.989      1.972
     64      0        0.220      2.035      2.007
     65      0        0.217      2.057      1.989
     66      0        0.138      0.984      0.991
     67      0        0.218      1.993      2.012
     68      0        0.217      2.016      1.990
     69      0        0.251      2.006      1.984
     70      0        0.257      2.019      1.985
     71      0        0.255      1.978      2.005
     72      0        0.219      2.029      2.014
     73      0        0.248      1.972      1.989
     74      0        0.246      1.998      1.998
     75      0        0.239      1.986      1.982
     76      0        0.247      1.844      2.147
     77      0        0.246      1.991      2.006
     78      0        0.111      1.006      1.014
     79      0        0.220      1.995      2.007
     80      0        0.218      2.006      2.000
     81      0        0.220      2.003      2.036
     82      0        0.242      1.984      1.980
     83      0        0.109      0.992      0.991
     84      0        0.219      2.001      2.000
     85      0        0.112      1.007      1.007
     86      0        0.245      1.992      2.003
     87      0        0.219      2.004      1.998
     88      0        0.108      0.989      0.995
     89      0        0.219      2.016      2.025
     90      0        0.127      0.970      1.003
     91      0        0.062      0.488      0.505
     92      0        0.062      0.484      0.503
     93      0        0.110      1.008      1.009

VDAGGER finished.
Total VDAGGER walltime: 12h22m

Run ended: Fri Dec 26 00:00:58 CET 2025
                                  
================================= 
Global information about the job: 
================================= 
  
Job owner: mdimauro(31184)
Job name:  vd[n
Node list: vipc[2001-2004,2015-2044,2046-2048,2065-2096,2139,2144,2146-2191,2193-2224,2231-2237,2239-2240,2297-2310,2323,2392-2404,2406-2432,2524,2527,2533,2537-2538,2540-2542,2548-2549,2555-2556,2562-2564,2568,2572,2574,2577-2582,2584-2587,2589-2593,2595-2596,2598,2600-2605,2609]
Job start: Thu Dec 25 11:38:03 CET 2025
Job end:   Fri Dec 26 00:00:58 CET 2025
Work dir:  /viper/u1/mdimauro/calcs/vmc/polyacenes/06-hexacene/11-sjb1
Command:   /viper/u1/mdimauro/calcs/vmc/polyacenes/06-hexacene/11-sjb1/vdagger
  
  
  
==========================================================================================
Information on jobsteps (Note: MaxRSS/AveRSS is the maximum/average over all 
tasks of the per-task memory high-water marks; cf. "man sacct"): 
==========================================================================================
  
JobID            JobName NNodes NTasks  NCPUS       MaxRSS       AveRSS    Elapsed ExitCode
------------- ---------- ------ ------ ------ ------------ ------------ ---------- --------
5065114          vd[n=6]    256         65536                             12:22:55      0:0
5065114.0        vdagger    256  32768  65536      626.81M      337.25M   12:22:53      0:0
  
Maximum memory per node: 84.129481 GB (defined as MaxRSS*Ntasks/NNodes)
CPU utilization: 98.6 %
  
