Run started: Mon Nov  3 08:53:54 CET 2025
Using VDAGGER_ARCH = intel24_raven_cluster
Running 1x72 MPI processes.

                               xx
                              +##
                               #X
                               Xx
                          X##XxXxxX##x
                           +   Xx  ++
                               ##
                              +##
                              +##
     ++++         ++          +##
   xX+++##+      ####         +##
  Xx    ###      +X##          ##
 xX    X##+        ##          #X
 +    x##X         #x          #X
      ###         +#           x+
     X##+         #+
     ###         Xx                    _______
     ##X       +X+   __________________VDAGGER
     +##x    +xX     2nd quantized variational
       +xxxxx+       ______quantum Monte Carlo

* Running 4608 MPI processes.
* Input file: "input.casl"

############# Start of input file dump #############
############## End of input file dump ##############

General setup:
* Random seed: 1490992486 (from timer)

* Loaded integrals for system with nelec=34, ms2=0, norb=34
* INFO: setting number of electrons from integrals file.
* Analysis of Hamiltonian connecitivity performed:
  - T_ii (local, 1-site): 34 (i) values
  - U_iiii [opp] (local, 1-site): 34 (i) values
  - U_kkii [opp] (local, 2-site): 1122 contribs. from 34 (i) values
  - U_kkii [par] (local, 2-site): 561 contribs. from 33 (i) values
  - T_ji (single, 2-site): 1122 contribs. from 34 (i) values
  - U_kkji [opp] (single, 2/3-site): 38148 contribs. from 1122 (i,j) pairs
  - U_kkji [par] (single, 3-site): 37026 contribs. from 1122 (i,j) pairs
  - U_lkji [opp] (double, 2/3/4-site): 1233140 contribs. from 1122 (i,j) pairs
  - U_lkji [par] (double, 4-site): 301448 contribs. from 1056 (i,j) pairs
  - Max. no. wfn. ratios in Eloc: 71907
* Reading override orbitals from file "LTSC.mat".
* Site labels:
  [draw_int: system geometry not defined]
* Automatically set Site kinds:
  [ 1, 2, 3, 4, 1, 5, 6, 7, 7, 5, 8, 3, 8, 4, 8, 7, 6, 6, 7, 8, 4, 9, 3, 9, 6, 5, 9, 9, 5, 2, 4, 3, 2, 2 ]
  [draw_int: system geometry not defined]
* Maximum Site kind: 9
* Number of site-pair kinds with Tij=0: 0
* Automatically set Site pair kinds:
  Site 1: [ 0, -53, -89, 32, 4, 113, 29, 69, -83, 113, -97, -89, 97, -26, -116, 69, -29, -10, 83, -116, 32, -45, -70, 54, -10, 91, 45, 54, 91, -64, 26, 70, 64, 53 ]
  Site 2: [ -53, 0, -24, 71, -64, 58, -67, -27, -144, 148, -139, -125, -126, -34, -47, 102, -50, 68, -13, -119, 25, -108, -35, 81, -41, 78, 8, 33, 118, 3, 75, 105, 93, 85 ]
  Site 3: [ -89, -24, 0, 90, -70, 31, -80, 7, -114, 122, -128, -106, -22, -52, 12, 153, -66, 104, 36, -141, 72, -96, 6, 130, -59, 23, -43, -49, 152, -35, 86, 137, 105, 125 ]
  Site 4: [ 32, 71, 90, 0, 26, -115, 30, -101, 46, -132, 84, 72, -109, 55, 127, -62, -44, -9, -88, 76, -63, -28, 86, 11, -51, -124, -73, -65, -74, 75, 5, -52, -34, -25 ]
  Site 5: [ 4, -64, -70, 26, 0, 91, 10, 83, -69, 91, -116, -70, 116, -32, -97, 83, -10, -29, 69, -97, 26, -54, -89, 45, -29, 113, 54, 45, 113, -53, 32, 89, 53, 64 ]
  Site 6: [ 113, 58, 31, -115, 91, 0, 107, 77, 129, -134, 142, 122, -42, 74, 1, -147, 98, -143, 48, 140, -132, 121, 23, 150, 100, 2, 79, 61, 151, 78, -124, -152, -118, -148 ]
  Site 7: [ 29, -67, -80, 30, 10, 107, 0, 110, -94, -98, 99, 66, 120, -51, -111, -57, -20, -14, 92, 95, 44, -19, -104, -38, 37, 143, -103, 60, -100, -68, 9, -59, -41, -50 ]
  Site 8: [ 69, -27, 7, -101, 83, 77, 110, 0, 145, -147, 133, 153, 40, 46, 21, -135, 57, -92, 16, 146, -62, 131, 36, -112, -94, 48, 39, -18, -129, -13, -88, -114, -144, -102 ]
  Site 9: [ -83, -144, -114, 46, -69, 129, -94, 145, 0, -48, -21, -36, 146, -101, -133, -16, 92, -57, 135, 40, 88, -18, -153, -39, 110, 147, 112, 131, -77, -102, 62, 7, -27, -13 ]
  Site 10: [ 113, 148, 122, -132, 91, -134, -98, -147, -48, 0, 42, 31, -142, 124, 140, 77, -107, 100, -129, 1, -115, -79, 152, 61, -143, 151, -121, 150, 2, 118, -74, -23, -78, -58 ]
  Site 11: [ -97, -139, -128, 84, -116, 142, 99, 133, -21, 42, 0, 22, 149, -127, -138, -40, 120, -95, 146, 17, 109, -87, -141, -56, 111, 140, 136, 123, 1, -119, 76, -12, 47, -126 ]
  Site 12: [ -89, -125, -106, 72, -70, 122, 66, 153, -36, 31, 22, 0, 128, -86, -141, 7, 80, -59, 114, 12, 90, 43, -137, -49, 104, 152, 96, 130, 23, -105, 52, -6, 35, 24 ]
  Site 13: [ 97, -126, -22, -109, 116, -42, 120, 40, 146, -142, 149, 128, 0, 76, -17, -133, 99, -111, -21, 138, -84, 136, -12, -123, 95, -1, -87, 56, -140, 47, -127, -141, -119, -139 ]
  Site 14: [ -26, -34, -52, 55, -32, 74, -51, 46, -101, 124, -127, -86, 76, 0, -84, 88, 9, 44, 62, -109, -5, -65, -72, 73, 30, 132, -11, -28, 115, -25, 63, 90, 71, 75 ]
  Site 15: [ -116, -47, 12, 127, -97, 1, -111, 21, -133, 140, -138, -141, -17, -84, 0, 146, -95, 120, -40, -149, 76, -123, 22, 136, -99, 42, -56, 87, 142, 126, 109, 128, 139, 119 ]
  Site 16: [ 69, 102, 153, -62, 83, -147, -57, -135, -16, 77, -40, 7, -133, 88, 146, 0, -110, -94, -145, 21, -101, -39, 114, -18, -92, -129, -131, -112, 48, 144, -46, -36, 13, 27 ]
  Site 17: [ -29, -50, -66, -44, -10, 98, -20, 57, 92, -107, 120, 80, 99, 9, -95, -110, 0, -37, -94, 111, -30, -103, -59, -60, 14, 100, -19, 38, -143, -41, -51, -104, -68, -67 ]
  Site 18: [ -10, 68, 104, -9, -29, -143, -14, -92, -57, 100, -95, -59, -111, 44, 120, -94, -37, 0, -110, -99, -51, -38, 80, -19, 20, -107, -60, 103, 98, 67, -30, 66, 50, 41 ]
  Site 19: [ 83, -13, 36, -88, 69, 48, 92, 16, 135, -129, 146, 114, -21, 62, -40, -145, -94, -110, 0, 133, -46, 112, 7, -131, 57, 77, -18, 39, -147, -27, -101, -153, -102, -144 ]
  Site 20: [ -116, -119, -141, 76, -97, 140, 95, 146, 40, 1, 17, 12, 138, -109, -149, 21, 111, -99, 133, 0, 127, 56, -128, 87, 120, 142, 123, 136, 42, -139, 84, -22, -126, 47 ]
  Site 21: [ 32, 25, 72, -63, 26, -132, 44, -62, 88, -115, 109, 90, -84, -5, 76, -101, -30, -51, -46, 127, 0, 73, 52, -65, -9, -74, 28, 11, -124, 34, -55, -86, -75, -71 ]
  Site 22: [ -45, -108, -96, -28, -54, 121, -19, 131, -18, -79, -87, 43, 136, -65, -123, -39, -103, -38, 112, 56, 73, 0, -130, -15, 60, -150, 82, 117, -61, -81, -11, -49, 33, 8 ]
  Site 23: [ -70, -35, 6, 86, -89, 23, -104, 36, -153, 152, -141, -137, -12, -72, 22, 114, -59, 80, 7, -128, 52, -130, 0, 96, -66, 31, -49, -43, 122, -24, 90, 106, 125, 105 ]
  Site 24: [ 54, 81, 130, 11, 45, 150, -38, -112, -39, 61, -56, -49, -123, 73, 136, -18, -60, -19, -131, 87, -65, -15, 96, 0, 103, -121, -117, -82, 79, 108, 28, 43, -8, -33 ]
  Site 25: [ -10, -41, -59, -51, -29, 100, 37, -94, 110, -143, 111, 104, 95, 30, -99, -92, 14, 20, 57, 120, -9, 60, -66, 103, 0, 98, 38, -19, -107, -50, -44, -80, -67, -68 ]
  Site 26: [ 91, 78, 23, -124, 113, 2, 143, 48, 147, 151, 140, 152, -1, 132, 42, -129, 100, -107, 77, 142, -74, -150, 31, -121, 98, 0, 61, 79, -134, 58, -115, -122, -148, -118 ]
  Site 27: [ 45, 8, -43, -73, 54, 79, -103, 39, 112, -121, 136, 96, -87, -11, -56, -131, -19, -60, -18, 123, 28, 82, -49, -117, 38, 61, 0, 15, 150, 33, -65, -130, -81, -108 ]
  Site 28: [ 54, 33, -49, -65, 45, 61, 60, -18, 131, 150, 123, 130, 56, -28, 87, -112, 38, 103, 39, 136, 11, 117, -43, -82, -19, 79, 15, 0, -121, 8, -73, -96, -108, -81 ]
  Site 29: [ 91, 118, 152, -74, 113, 151, -100, -129, -77, 2, 1, 23, -140, 115, 142, 48, -143, 98, -147, 42, -124, -61, 122, 79, -107, -134, 150, -121, 0, 148, -132, -31, -58, -78 ]
  Site 30: [ -64, 3, -35, 75, -53, 78, -68, -13, -102, 118, -119, -105, 47, -25, 126, 144, -41, 67, -27, -139, 34, -81, -24, 108, -50, 58, 33, 8, 148, 0, 71, 125, 85, 93 ]
  Site 31: [ 26, 75, 86, 5, 32, -124, 9, -88, 62, -74, 76, 52, -127, 63, 109, -46, -51, -30, -101, 84, -55, -11, 90, 28, -44, -115, -65, -73, -132, 71, 0, -72, -25, -34 ]
  Site 32: [ 70, 105, 137, -52, 89, -152, -59, -114, 7, -23, -12, -6, -141, 90, 128, -36, -104, 66, -153, -22, -86, -49, 106, 43, -80, -122, -130, -96, -31, 125, -72, 0, -24, -35 ]
  Site 33: [ 64, 93, 105, -34, 53, -118, -41, -144, -27, -78, 47, 35, -119, 71, 139, 13, -68, 50, -102, -126, -75, 33, 125, -8, -67, -148, -81, -108, -58, 85, -25, -24, 0, 3 ]
  Site 34: [ 53, 85, 125, -25, 64, -148, -50, -102, -13, -58, -126, 24, -139, 75, 119, 27, -67, 41, -144, 47, -71, 8, 105, -33, -68, -118, -108, -81, -78, 93, -34, -35, 3, 0 ]
  For site 1 of kind 1:
  [draw_int: system geometry not defined]
  For site 2 of kind 2:
  [draw_int: system geometry not defined]
  For site 3 of kind 3:
  [draw_int: system geometry not defined]
  For site 4 of kind 4:
  [draw_int: system geometry not defined]
  For site 6 of kind 5:
  [draw_int: system geometry not defined]
  For site 7 of kind 6:
  [draw_int: system geometry not defined]
  For site 8 of kind 7:
  [draw_int: system geometry not defined]
  For site 11 of kind 8:
  [draw_int: system geometry not defined]
  For site 22 of kind 9:
  [draw_int: system geometry not defined]
* Maximum (unsigned) Site pair kind: 153
General system setup:
* Number of sites       : 34
* Number of electrons   : 34
* Spin imbalance MS2    : 0
* Filling               : 0.500000
* Number of orbitals in pool: 34
* Using real-valued orbitals
* Using double-precision arithmetic for orbitals

Trial wave function setup:
* Jastrow parameter file: "wfn.casl"
* Not using multideterminants
* Not using a backflow transformation
* Not using wave function manipulation

VMC #1:
* Size of Hilbert space =   5.4457E+18
* Number of equil. steps   = 1000
* Running VMC equilibration.
  Done. [total walltime: 0.11s]
* Equil. acc.ratio (%)     =  18.8704
* Sample config after equilibration:
  [draw: system geometry not defined]
* Number of accum. steps   = 101376 x 10
* Running VMC accumulation.
  Done. [total walltime: 48.2s]
* Acceptance ratio (%)     =  18.8337
* Etot/t                   =  -1.298719171806E+03 +/-   1.853077144647E-03
  > Ttot/t                 =  -1.399588205528E+02 +/-   2.626800117119E-03
  > Utot/t                 =   6.324499762627E+01 +/-   3.149907100655E-03
* var[Eloc/t]              =   3.136320904208E-01 +/-   1.233312848617E-03
* Correlation length       =   1.109945507560E+00
* log10 Psi^2 range: -21.98553861170068 -- -11.32398651089810
* log10 Pgen range : -21.98553861170068 -- -11.32398651089810
* Site occupation (ave. no. electrons per config.):
  > Site_  ___eu____  ___ed____
      1        0.498      0.494
      2        0.499      0.498
      3        0.498      0.500
      4        0.497      0.495
      5        0.501      0.499
      6        0.502      0.504
      7        0.501      0.499
      8        0.497      0.502
      9        0.503      0.495
     10        0.501      0.500
     11        0.500      0.501
     12        0.497      0.496
     13        0.496      0.494
     14        0.498      0.500
     15        0.499      0.500
     16        0.505      0.505
     17        0.502      0.502
     18        0.501      0.507
     19        0.503      0.499
     20        0.499      0.497
     21        0.502      0.499
     22        0.504      0.504
     23        0.496      0.497
     24        0.502      0.499
     25        0.503      0.505
     26        0.504      0.502
     27        0.500      0.502
     28        0.501      0.503
     29        0.499      0.503
     30        0.503      0.498
     31        0.496      0.497
     32        0.493      0.499
     33        0.498      0.503
     34        0.500      0.501
* Pair-correlation analysis (ave. no. pairs per config.):
  > Shell  nsite  ___dh____  __eueu___  __eued___
      0      1        0          0          8.512
      1      0        1.490      0.547      2.002
      2      0        0.341      0.837      1.012
      3      0        0.343      0.823      1.003
      4      0        0.174      0.404      0.499
      5      0        0.348      0.809      0.997
      6      0        0.346      0.819      0.986
      7      0        1.222      0.874      1.987
      8      0        1.082      1.068      2.007
      9      0        0.993      1.187      2.001
     10      0        0.909      1.313      1.998
     11      0        0.839      1.418      1.991
     12      0        0.672      1.662      1.987
     13      0        0.758      1.544      2.006
     14      0        0.322      0.877      1.012
     15      0        0.323      0.874      1.009
     16      0        0.317      0.886      1.000
     17      0        0.302      0.897      0.993
     18      0        0.505      2.010      2.016
     19      0        0.498      2.025      2.022
     20      0        0.250      1.013      1.011
     21      0        0.505      1.998      1.990
     22      0        0.505      1.978      1.976
     23      0        0.516      1.960      2.002
     24      0        0.525      1.939      1.988
     25      0        0.518      1.951      1.993
     26      0        0.520      1.936      1.992
     27      0        0.502      2.005      2.003
     28      0        0.504      2.001      1.994
     29      0        0.509      1.996      1.997
     30      0        0.506      2.003      1.994
     31      0        0.507      1.992      1.986
     32      0        0.503      1.986      1.979
     33      0        0.502      2.005      2.006
     34      0        0.496      1.993      1.998
     35      0        0.501      1.992      1.983
     36      0        0.499      1.992      2.002
     37      0        0.257      1.000      1.009
     38      0        0.513      1.996      2.023
     39      0        0.512      2.000      2.013
     40      0        0.508      1.986      2.002
     41      0        0.502      2.006      2.010
     42      0        0.506      1.999      1.996
     43      0        0.504      1.996      1.997
     44      0        0.505      1.999      2.001
     45      0        0.508      2.000      1.994
     46      0        0.505      1.991      2.001
     47      0        0.503      1.991      1.987
     48      0        0.504      2.017      2.008
     49      0        0.549      1.907      1.996
     50      0        0.536      1.935      2.014
     51      0        0.531      1.944      2.006
     52      0        0.505      1.969      1.986
     53      0        0.511      1.968      1.992
     54      0        0.523      1.957      2.005
     55      0        0.256      0.984      0.991
     56      0        0.499      2.001      2.004
     57      0        0.508      2.016      2.006
     58      0        0.501      1.992      2.017
     59      0        0.509      1.983      2.003
     60      0        0.502      2.018      2.023
     61      0        0.514      1.995      2.016
     62      0        0.515      1.971      1.998
     63      0        0.251      0.990      0.994
     64      0        0.497      1.995      1.990
     65      0        0.503      1.996      2.002
     66      0        0.504      1.998      1.996
     67      0        0.505      1.999      2.009
     68      0        0.501      2.010      2.009
     69      0        0.509      1.995      1.991
     70      0        0.509      1.971      1.978
     71      0        0.497      1.989      1.997
     72      0        0.508      1.975      1.973
     73      0        0.506      1.999      1.993
     74      0        0.500      1.997      1.996
     75      0        0.501      1.987      1.990
     76      0        0.498      1.986      1.984
     77      0        0.556      1.896      2.021
     78      0        0.499      2.008      2.003
     79      0        0.502      2.016      2.011
     80      0        0.501      2.004      1.998
     81      0        0.503      2.011      2.003
     82      0        0.251      1.008      1.009
     83      0        0.501      1.998      1.998
     84      0        0.500      1.978      1.988
     85      0        0.249      1.000      0.999
     86      0        0.507      1.974      1.981
     87      0        0.506      1.997      2.002
     88      0        0.501      2.002      1.996
     89      0        0.502      1.982      1.984
     90      0        0.498      1.985      1.981
     91      0        0.498      1.997      2.002
     92      0        0.499      2.018      2.020
     93      0        0.250      0.999      0.999
     94      0        0.506      2.012      2.016
     95      0        0.505      2.003      1.999
     96      0        0.503      1.997      1.995
     97      0        0.503      1.985      1.983
     98      0        0.498      2.019      2.020
     99      0        0.502      2.002      2.001
    100      0        0.504      2.013      2.019
    101      0        0.507      1.992      1.995
    102      0        0.505      1.994      2.011
    103      0        0.507      2.013      2.017
    104      0        0.511      1.990      1.996
    105      0        0.496      1.989      1.993
    106      0        0.253      0.987      0.986
    107      0        0.499      2.022      2.016
    108      0        0.501      2.006      2.010
    109      0        0.499      1.985      1.992
    110      0        0.508      2.009      2.015
    111      0        0.502      2.001      2.006
    112      0        0.505      2.006      2.017
    113      0        0.502      1.998      1.998
    114      0        0.507      1.985      1.994
    115      0        0.495      2.002      2.006
    116      0        0.500      1.983      1.988
    117      0        0.249      1.008      1.014
    118      0        0.504      2.002      2.002
    119      0        0.502      1.997      1.980
    120      0        0.500      2.005      2.005
    121      0        0.502      2.017      2.013
    122      0        0.499      1.999      1.989
    123      0        0.498      2.002      2.009
    124      0        0.504      1.996      1.995
    125      0        0.500      1.990      1.988
    126      0        0.504      1.980      1.996
    127      0        0.505      1.985      1.976
    128      0        0.502      1.983      1.979
    129      0        0.500      2.012      2.013
    130      0        0.505      1.996      1.992
    131      0        0.506      2.014      2.011
    132      0        0.495      2.003      2.001
    133      0        0.506      1.991      2.001
    134      0        0.251      1.007      1.008
    135      0        0.252      1.007      1.006
    136      0        0.503      2.004      1.995
    137      0        0.251      0.988      0.987
    138      0        0.247      0.992      1.000
    139      0        0.499      1.990      2.000
    140      0        0.498      2.004      2.005
    141      0        0.500      1.975      1.987
    142      0        0.501      2.007      1.986
    143      0        0.504      2.012      2.017
    144      0        0.502      2.008      1.997
    145      0        0.251      1.012      1.003
    146      0        0.504      2.003      1.990
    147      0        0.495      2.014      2.016
    148      0        0.493      2.010      2.016
    149      0        0.257      0.988      0.989
    150      0        0.501      2.013      2.021
    151      0        0.246      1.004      1.013
    152      0        0.500      1.997      1.999
    153      0        0.505      1.993      1.997

Optimization #1:
* Method          : lls
* Target function : energy
* No. of configs. : 50688
* No. of params.  : 198
* Before optimization:
   0.0000E+00   0.0000E+00   0.0000E+00   0.0000E+00   0.0000E+00   0.0000E+00
   0.0000E+00   0.0000E+00   0.0000E+00   0.0000E+00   0.0000E+00   0.0000E+00
   0.0000E+00   0.0000E+00   0.0000E+00   0.0000E+00   0.0000E+00   0.0000E+00
   0.0000E+00   0.0000E+00   0.0000E+00   0.0000E+00   0.0000E+00   0.0000E+00
   0.0000E+00   0.0000E+00   0.0000E+00   0.0000E+00   0.0000E+00   0.0000E+00
   0.0000E+00   0.0000E+00   0.0000E+00   0.0000E+00   0.0000E+00   0.0000E+00
   0.0000E+00   0.0000E+00   0.0000E+00   0.0000E+00   0.0000E+00   0.0000E+00
   0.0000E+00   0.0000E+00   0.0000E+00   0.0000E+00   0.0000E+00   0.0000E+00
   0.0000E+00   0.0000E+00   0.0000E+00   0.0000E+00   0.0000E+00   0.0000E+00
   0.0000E+00   0.0000E+00   0.0000E+00   0.0000E+00   0.0000E+00   0.0000E+00
   0.0000E+00   0.0000E+00   0.0000E+00   0.0000E+00   0.0000E+00   0.0000E+00
   0.0000E+00   0.0000E+00   0.0000E+00   0.0000E+00   0.0000E+00   0.0000E+00
   0.0000E+00   0.0000E+00   0.0000E+00   0.0000E+00   0.0000E+00   0.0000E+00
   0.0000E+00   0.0000E+00   0.0000E+00   0.0000E+00   0.0000E+00   0.0000E+00
   0.0000E+00   0.0000E+00   0.0000E+00   0.0000E+00   0.0000E+00   0.0000E+00
   0.0000E+00   0.0000E+00   0.0000E+00   0.0000E+00   0.0000E+00   0.0000E+00
   0.0000E+00   0.0000E+00   0.0000E+00   0.0000E+00   0.0000E+00   0.0000E+00
   0.0000E+00   0.0000E+00   0.0000E+00   0.0000E+00   0.0000E+00   0.0000E+00
   0.0000E+00   0.0000E+00   0.0000E+00   0.0000E+00   0.0000E+00   0.0000E+00
   0.0000E+00   0.0000E+00   0.0000E+00   0.0000E+00   0.0000E+00   0.0000E+00
   0.0000E+00   0.0000E+00   0.0000E+00   0.0000E+00   0.0000E+00   0.0000E+00
   0.0000E+00   0.0000E+00   0.0000E+00   0.0000E+00   0.0000E+00   0.0000E+00
   0.0000E+00   0.0000E+00   0.0000E+00   0.0000E+00   0.0000E+00   0.0000E+00
   0.0000E+00   0.0000E+00   0.0000E+00   0.0000E+00   0.0000E+00   0.0000E+00
   0.0000E+00   0.0000E+00   0.0000E+00   0.0000E+00   0.0000E+00   0.0000E+00
   0.0000E+00   0.0000E+00   0.0000E+00   0.0000E+00   0.0000E+00   0.0000E+00
   0.0000E+00   0.0000E+00   0.0000E+00   0.0000E+00   0.0000E+00   0.0000E+00
   0.0000E+00   0.0000E+00   0.0000E+00   0.0000E+00   0.0000E+00   0.0000E+00
   0.0000E+00   0.0000E+00   0.0000E+00   0.0000E+00   0.0000E+00   0.0000E+00
   0.0000E+00   0.0000E+00   0.0000E+00   0.0000E+00   0.0000E+00   0.0000E+00
   0.0000E+00   0.0000E+00   0.0000E+00   0.0000E+00   0.0000E+00   0.0000E+00
   0.0000E+00   0.0000E+00   0.0000E+00   0.0000E+00   0.0000E+00   0.0000E+00
   0.0000E+00   0.0000E+00   0.0000E+00   0.0000E+00   0.0000E+00   0.0000E+00
  > E    =  -1.298714894123E+03 +/-   2.487955598062E-03
  > varE =   3.137548199603E-01
* Computing derivatives.
    [walltime: 2m26s elapsed, 10m54s remaining]
  Done. [total walltime: 13m20s]
* Optimizing manipulation constant:
  #igrid a___________ E____________________________________ varE____________
     1     Infinity    -1.29871489E+03 +/-   2.48795560E-03   3.13754820E-01
     2     1.0000E+06  -1.29871489E+03 +/-   2.48795369E-03   3.13754338E-01
     3     2.1544E+05  -1.29871490E+03 +/-   2.48794672E-03   3.13752581E-01
     4     4.6416E+04  -1.29871491E+03 +/-   2.48791440E-03   3.13744430E-01
     5     1.0000E+04  -1.29871496E+03 +/-   2.48776441E-03   3.13706600E-01
     6     2.1544E+03  -1.29871518E+03 +/-   2.48706859E-03   3.13531139E-01
     7     4.6416E+02  -1.29871623E+03 +/-   2.48384723E-03   3.12719466E-01
     8     1.0000E+02  -1.29872102E+03 +/-   2.46907251E-03   3.09010222E-01
     9     2.1544E+01  -1.29874198E+03 +/-   2.40407864E-03   2.92956067E-01
    10     4.6416E+00  -1.29881777E+03 +/-   2.16195656E-03   2.36918559E-01
    11     1.0000E+00  -1.29896997E+03 +/-   1.61941629E-03   1.32929742E-01
    12     2.1544E-01  -1.29907027E+03 +/-   1.20829498E-03   7.40033018E-02
    13     4.6416E-02  -1.29909400E+03 +/-   1.12781440E-03   6.44733780E-02
    14     1.0000E-02  -1.29909841E+03 +/-   1.11901447E-03   6.34711788E-02
    15     2.1544E-03  -1.29909931E+03 +/-   1.11775949E-03   6.33288916E-02
    16     4.6416E-04  -1.29909950E+03 +/-   1.11752196E-03   6.33019785E-02
    17     1.0000E-04  -1.29909954E+03 +/-   1.11747234E-03   6.32963573E-02
    18     2.1544E-05  -1.29909955E+03 +/-   1.11746172E-03   6.32951546E-02
    19     4.6416E-06  -1.29909955E+03 +/-   1.11745944E-03   6.32948958E-02
    20     1.0000E-06  -1.29909955E+03 +/-   1.11745894E-03   6.32948401E-02
    21     0.0000E+00  -1.29909955E+03 +/-   1.11745881E-03   6.32948248E-02
* Iteration # 1: E =  -1.299099550018E+03 +/-   1.117458808411E-03
* Reached maximum number of iterations: exiting.
* After optimization:
  -1.2896E+00  -1.3162E+00  -1.3305E+00  -1.2872E+00  -1.3047E+00  -1.2816E+00
  -1.2750E+00  -1.2919E+00  -1.2694E+00   2.9313E-01   2.8723E-01   3.5146E-01
   2.1405E-01   2.2115E-01   2.1163E-01   2.1154E-01   2.5273E-01   2.2728E-01
   2.6842E-01   2.4574E-01   2.7034E-01   2.7121E-01   2.7452E-01   2.6805E-01
   2.8946E-01   2.7310E-01   2.8069E-01   2.8017E-01   2.9184E-01   2.8754E-01
   5.0899E-02   4.3536E-02   5.0889E-02   6.5539E-02   1.4334E-01   1.4513E-01
   1.5005E-01   1.4343E-01   1.3229E-01   1.1126E-01   1.1755E-01   8.9361E-02
   7.9263E-02   5.9872E-02   5.5636E-02   3.8706E-02   3.9736E-02   4.2664E-02
   3.6594E-02   3.3957E-02   3.0605E-02   1.0855E-01   9.6218E-02   9.2327E-02
   8.4758E-02   9.2083E-02   8.8600E-02   8.7520E-02   8.4709E-02   1.1337E-01
   1.0368E-01   7.8326E-02   7.7186E-02   8.7465E-02   7.5240E-02   8.4490E-02
   8.1894E-02   9.2318E-02   8.7124E-02   9.3053E-02   7.8944E-02   2.1720E-02
   3.3208E-02   2.6227E-02   3.4596E-02   3.5210E-02   2.6741E-02   2.9237E-02
   4.4158E-03   9.6530E-04   1.5694E-01   1.5155E-01  -1.3301E-03  -1.0117E-02
  -6.7169E-03  -7.8338E-03  -5.3470E-04   2.6894E-03   8.8535E-03   5.2345E-03
   3.3102E-03   5.0732E-03   1.4639E-02   2.3749E-03   2.6520E-02   2.6874E-02
   2.6569E-02   3.0034E-02  -1.4311E-02  -1.7519E-01  -7.2045E-03  -2.0419E-01
  -6.4252E-02  -9.1679E-02  -5.3464E-02  -1.0462E-01  -8.2274E-02  -8.4826E-02
  -4.6025E-02  -8.9778E-02  -4.0191E-02  -9.3766E-02  -6.4715E-02  -8.5437E-02
  -6.5620E-02  -1.0192E-01  -6.1957E-02  -1.1655E-01  -7.4544E-02  -1.1114E-01
  -7.1321E-02  -1.2610E-01  -8.7413E-02  -1.0939E-01  -4.1642E-02   2.8660E-02
  -3.5644E-02   4.1101E-02  -3.5141E-02   2.5238E-02  -1.1725E-02  -3.0416E-02
  -3.8390E-02  -6.0690E-02  -3.6157E-02  -6.3074E-02  -2.4502E-02  -5.1282E-02
  -1.0477E-02  -3.7027E-02  -5.4627E-03  -3.1149E-02   8.8510E-03  -3.6720E-02
  -1.1475E-02  -7.4173E-04  -1.4350E-02  -1.3225E-03   1.7498E-04  -4.3141E-03
  -3.2034E-02  -3.4147E-02  -3.0345E-02  -1.6407E-02  -1.7358E-02  -3.1350E-02
  -2.5588E-02  -2.2329E-02  -1.3462E-02  -6.2762E-02  -1.6633E-02  -3.3519E-02
  -3.0874E-02  -2.1946E-02  -3.6665E-02  -2.6341E-02  -3.3465E-02  -3.7128E-02
  -2.3679E-02  -3.2043E-02   1.7930E-02   1.2451E-02   7.2422E-03   1.6302E-02
   7.6039E-03   9.7495E-03   3.5820E-03   8.8279E-03   2.2942E-02   1.9414E-02
  -7.7953E-03  -1.2542E-01   3.1289E-02   3.0954E-02   2.8001E-02   2.7276E-02
   2.5278E-02   2.7836E-02   3.2488E-02   1.9781E-02   2.8768E-02   3.3317E-02
   3.5161E-02   8.0836E-03   8.7671E-03   1.0586E-02  -2.0330E-05   2.0191E-02
  > Energy =  -1.299099550018E+03 +/-   1.117458808411E-03
  > varE =   6.329482478640E-02

VMC #2:
* Size of Hilbert space =   5.4457E+18
* Number of equil. steps   = 1000
* Running VMC equilibration.
  Done. [total walltime: 0.10s]
* Equil. acc.ratio (%)     =  13.4568
* Sample config after equilibration:
  [draw: system geometry not defined]
* Number of accum. steps   = 101376 x 10
* Running VMC accumulation.
  Done. [total walltime: 48.1s]
* Acceptance ratio (%)     =  13.4081
* Etot/t                   =  -1.299099912383E+03 +/-   8.307053949111E-04
  > Ttot/t                 =  -1.397331586886E+02 +/-   2.769448175924E-03
  > Utot/t                 =   6.263859518505E+01 +/-   2.963421809022E-03
* var[Eloc/t]              =   6.299448300453E-02 +/-   5.664018109848E-04
* Correlation length       =   1.110520799542E+00
* log10 Psi^2 range: -29.06022203477536 -- -15.90086056231557
* log10 Pgen range : -29.06022203477536 -- -15.90086056231557
* Site occupation (ave. no. electrons per config.):
  > Site_  ___eu____  ___ed____
      1        0.495      0.499
      2        0.496      0.494
      3        0.495      0.498
      4        0.499      0.503
      5        0.497      0.498
      6        0.504      0.498
      7        0.506      0.497
      8        0.510      0.505
      9        0.501      0.502
     10        0.500      0.502
     11        0.501      0.499
     12        0.491      0.494
     13        0.499      0.495
     14        0.497      0.498
     15        0.494      0.501
     16        0.503      0.503
     17        0.504      0.505
     18        0.501      0.501
     19        0.503      0.507
     20        0.500      0.502
     21        0.498      0.498
     22        0.499      0.505
     23        0.494      0.494
     24        0.504      0.498
     25        0.502      0.504
     26        0.501      0.502
     27        0.502      0.505
     28        0.504      0.503
     29        0.501      0.500
     30        0.500      0.498
     31        0.500      0.501
     32        0.498      0.496
     33        0.498      0.498
     34        0.500      0.497
* Pair-correlation analysis (ave. no. pairs per config.):
  > Shell  nsite  ___dh____  __eueu___  __eued___
      0      1        0          0          6.564
      1      0        1.087      0.485      2.445
      2      0        0.250      0.810      1.033
      3      0        0.262      0.780      1.033
      4      0        0.138      0.383      0.516
      5      0        0.267      0.776      1.048
      6      0        0.255      0.782      1.016
      7      0        0.882      0.800      2.361
      8      0        0.795      0.971      2.308
      9      0        0.730      1.127      2.250
     10      0        0.657      1.258      2.197
     11      0        0.602      1.386      2.157
     12      0        0.483      1.609      2.043
     13      0        0.544      1.499      2.121
     14      0        0.198      0.833      1.102
     15      0        0.191      0.849      1.092
     16      0        0.183      0.869      1.093
     17      0        0.188      0.873      1.046
     18      0        0.299      2.083      1.962
     19      0        0.303      2.078      1.952
     20      0        0.150      1.033      0.987
     21      0        0.297      2.063      1.952
     22      0        0.301      2.015      1.952
     23      0        0.329      1.916      2.018
     24      0        0.345      1.902      2.007
     25      0        0.357      1.904      2.028
     26      0        0.356      1.915      2.022
     27      0        0.311      2.049      1.964
     28      0        0.313      2.052      1.969
     29      0        0.318      2.058      1.945
     30      0        0.314      2.080      1.948
     31      0        0.304      2.051      1.943
     32      0        0.337      2.039      1.942
     33      0        0.307      2.080      1.930
     34      0        0.331      2.048      1.937
     35      0        0.322      2.033      1.925
     36      0        0.305      2.072      1.929
     37      0        0.153      0.990      1.023
     38      0        0.304      1.977      2.050
     39      0        0.300      1.985      2.057
     40      0        0.298      1.973      2.039
     41      0        0.310      2.042      1.968
     42      0        0.292      2.082      1.942
     43      0        0.306      2.014      1.971
     44      0        0.312      2.029      1.996
     45      0        0.313      2.011      1.990
     46      0        0.309      2.036      1.992
     47      0        0.309      1.998      1.975
     48      0        0.296      2.052      1.985
     49      0        0.338      1.874      2.047
     50      0        0.335      1.889      2.069
     51      0        0.323      1.944      2.046
     52      0        0.331      1.949      1.995
     53      0        0.339      1.950      1.990
     54      0        0.311      1.950      2.045
     55      0        0.172      0.983      1.002
     56      0        0.288      2.002      2.005
     57      0        0.286      2.012      2.040
     58      0        0.316      1.970      2.006
     59      0        0.304      1.963      2.008
     60      0        0.293      2.011      2.020
     61      0        0.297      1.980      2.028
     62      0        0.304      1.973      2.055
     63      0        0.169      1.002      0.984
     64      0        0.334      1.996      1.951
     65      0        0.305      1.997      2.015
     66      0        0.305      2.000      1.974
     67      0        0.301      1.992      2.011
     68      0        0.304      2.002      1.995
     69      0        0.304      1.992      2.013
     70      0        0.321      1.955      1.980
     71      0        0.324      1.980      1.994
     72      0        0.327      1.991      1.953
     73      0        0.306      2.010      2.003
     74      0        0.310      1.994      2.006
     75      0        0.331      1.987      1.976
     76      0        0.301      1.982      2.004
     77      0        0.325      1.874      2.104
     78      0        0.314      2.002      1.976
     79      0        0.289      2.017      2.008
     80      0        0.298      1.997      1.982
     81      0        0.301      2.003      1.996
     82      0        0.143      1.015      1.002
     83      0        0.301      2.017      1.995
     84      0        0.302      2.000      1.987
     85      0        0.163      0.987      0.989
     86      0        0.319      1.969      1.983
     87      0        0.284      2.017      1.994
     88      0        0.301      2.019      2.007
     89      0        0.322      1.971      1.961
     90      0        0.321      1.981      1.973
     91      0        0.311      1.987      1.996
     92      0        0.281      2.029      2.024
     93      0        0.161      0.988      0.989
     94      0        0.281      2.047      2.011
     95      0        0.282      1.998      2.013
     96      0        0.295      1.994      1.987
     97      0        0.304      1.990      1.981
     98      0        0.287      2.017      2.010
     99      0        0.284      2.011      1.996
    100      0        0.285      2.007      2.025
    101      0        0.298      2.009      2.022
    102      0        0.295      2.004      2.016
    103      0        0.286      2.022      2.016
    104      0        0.300      1.986      1.990
    105      0        0.314      1.971      1.973
    106      0        0.154      0.978      0.986
    107      0        0.285      2.011      2.020
    108      0        0.299      1.998      2.007
    109      0        0.307      1.989      1.992
    110      0        0.279      2.022      2.034
    111      0        0.284      2.007      2.005
    112      0        0.278      2.030      2.026
    113      0        0.309      1.994      1.993
    114      0        0.286      1.998      2.009
    115      0        0.306      2.009      1.995
    116      0        0.305      1.982      1.984
    117      0        0.141      1.006      1.016
    118      0        0.301      1.996      1.997
    119      0        0.300      1.987      1.984
    120      0        0.281      2.001      2.015
    121      0        0.286      2.011      2.018
    122      0        0.305      1.976      1.981
    123      0        0.279      2.011      2.006
    124      0        0.306      2.002      2.002
    125      0        0.317      1.969      1.968
    126      0        0.302      1.969      2.009
    127      0        0.301      1.989      1.999
    128      0        0.294      1.971      1.978
    129      0        0.282      2.017      2.020
    130      0        0.302      1.983      1.992
    131      0        0.279      2.025      2.026
    132      0        0.310      2.011      1.988
    133      0        0.276      2.020      2.009
    134      0        0.142      1.002      1.007
    135      0        0.137      1.017      1.021
    136      0        0.280      2.012      2.001
    137      0        0.160      0.979      0.974
    138      0        0.139      0.994      0.995
    139      0        0.302      1.983      1.981
    140      0        0.280      2.006      1.999
    141      0        0.293      1.980      1.976
    142      0        0.279      2.002      2.001
    143      0        0.289      2.019      2.008
    144      0        0.299      2.010      2.002
    145      0        0.142      1.015      1.010
    146      0        0.279      2.003      2.018
    147      0        0.278      2.028      2.021
    148      0        0.305      1.994      1.992
    149      0        0.140      0.994      0.994
    150      0        0.288      2.005      2.016
    151      0        0.145      1.002      1.004
    152      0        0.295      1.991      1.981
    153      0        0.294      2.000      1.989

Optimization #2:
* Method          : lls
* Target function : energy
* No. of configs. : 50688
* No. of params.  : 198
* Before optimization:
  -1.2896E+00  -1.3162E+00  -1.3305E+00  -1.2872E+00  -1.3047E+00  -1.2816E+00
  -1.2750E+00  -1.2919E+00  -1.2694E+00   2.9313E-01   2.8723E-01   3.5146E-01
   2.1405E-01   2.2115E-01   2.1163E-01   2.1154E-01   2.5273E-01   2.2728E-01
   2.6842E-01   2.4574E-01   2.7034E-01   2.7121E-01   2.7452E-01   2.6805E-01
   2.8946E-01   2.7310E-01   2.8069E-01   2.8017E-01   2.9184E-01   2.8754E-01
   5.0899E-02   4.3536E-02   5.0889E-02   6.5539E-02   1.4334E-01   1.4513E-01
   1.5005E-01   1.4343E-01   1.3229E-01   1.1126E-01   1.1755E-01   8.9361E-02
   7.9263E-02   5.9872E-02   5.5636E-02   3.8706E-02   3.9736E-02   4.2664E-02
   3.6594E-02   3.3957E-02   3.0605E-02   1.0855E-01   9.6218E-02   9.2327E-02
   8.4758E-02   9.2083E-02   8.8600E-02   8.7520E-02   8.4709E-02   1.1337E-01
   1.0368E-01   7.8326E-02   7.7186E-02   8.7465E-02   7.5240E-02   8.4490E-02
   8.1894E-02   9.2318E-02   8.7124E-02   9.3053E-02   7.8944E-02   2.1720E-02
   3.3208E-02   2.6227E-02   3.4596E-02   3.5210E-02   2.6741E-02   2.9237E-02
   4.4158E-03   9.6530E-04   1.5694E-01   1.5155E-01  -1.3301E-03  -1.0117E-02
  -6.7169E-03  -7.8338E-03  -5.3470E-04   2.6894E-03   8.8535E-03   5.2345E-03
   3.3102E-03   5.0732E-03   1.4639E-02   2.3749E-03   2.6520E-02   2.6874E-02
   2.6569E-02   3.0034E-02  -1.4311E-02  -1.7519E-01  -7.2045E-03  -2.0419E-01
  -6.4252E-02  -9.1679E-02  -5.3464E-02  -1.0462E-01  -8.2274E-02  -8.4826E-02
  -4.6025E-02  -8.9778E-02  -4.0191E-02  -9.3766E-02  -6.4715E-02  -8.5437E-02
  -6.5620E-02  -1.0192E-01  -6.1957E-02  -1.1655E-01  -7.4544E-02  -1.1114E-01
  -7.1321E-02  -1.2610E-01  -8.7413E-02  -1.0939E-01  -4.1642E-02   2.8660E-02
  -3.5644E-02   4.1101E-02  -3.5141E-02   2.5238E-02  -1.1725E-02  -3.0416E-02
  -3.8390E-02  -6.0690E-02  -3.6157E-02  -6.3074E-02  -2.4502E-02  -5.1282E-02
  -1.0477E-02  -3.7027E-02  -5.4627E-03  -3.1149E-02   8.8510E-03  -3.6720E-02
  -1.1475E-02  -7.4173E-04  -1.4350E-02  -1.3225E-03   1.7498E-04  -4.3141E-03
  -3.2034E-02  -3.4147E-02  -3.0345E-02  -1.6407E-02  -1.7358E-02  -3.1350E-02
  -2.5588E-02  -2.2329E-02  -1.3462E-02  -6.2762E-02  -1.6633E-02  -3.3519E-02
  -3.0874E-02  -2.1946E-02  -3.6665E-02  -2.6341E-02  -3.3465E-02  -3.7128E-02
  -2.3679E-02  -3.2043E-02   1.7930E-02   1.2451E-02   7.2422E-03   1.6302E-02
   7.6039E-03   9.7495E-03   3.5820E-03   8.8279E-03   2.2942E-02   1.9414E-02
  -7.7953E-03  -1.2542E-01   3.1289E-02   3.0954E-02   2.8001E-02   2.7276E-02
   2.5278E-02   2.7836E-02   3.2488E-02   1.9781E-02   2.8768E-02   3.3317E-02
   3.5161E-02   8.0836E-03   8.7671E-03   1.0586E-02  -2.0330E-05   2.0191E-02
  > E    =  -1.299099780974E+03 +/-   1.116527546306E-03
  > varE =   6.318937211097E-02
* Computing derivatives.
    [walltime: 2m27s elapsed, 10m54s remaining]
  Done. [total walltime: 13m21s]
* Optimizing manipulation constant:
  #igrid a___________ E____________________________________ varE____________
     1     Infinity    -1.29909978E+03 +/-   1.11652755E-03   6.31893721E-02
     2     1.0000E+06  -1.29909978E+03 +/-   1.11652656E-03   6.31892599E-02
     3     2.1544E+05  -1.29909978E+03 +/-   1.11652295E-03   6.31888514E-02
     4     4.6416E+04  -1.29909978E+03 +/-   1.11650619E-03   6.31869551E-02
     5     1.0000E+04  -1.29909979E+03 +/-   1.11642845E-03   6.31781555E-02
     6     2.1544E+03  -1.29909983E+03 +/-   1.11606786E-03   6.31373515E-02
     7     4.6416E+02  -1.29909999E+03 +/-   1.11440030E-03   6.29488199E-02
     8     1.0000E+02  -1.29910073E+03 +/-   1.10678975E-03   6.20919665E-02
     9     2.1544E+01  -1.29910389E+03 +/-   1.07405468E-03   5.84733447E-02
    10     4.6416E+00  -1.29911445E+03 +/-   9.63046803E-04   4.70110492E-02
    11     1.0000E+00  -1.29913243E+03 +/-   7.75256559E-04   3.04646402E-02
    12     2.1544E-01  -1.29914328E+03 +/-   6.83614133E-04   2.36879360E-02
    13     4.6416E-02  -1.29914593E+03 +/-   6.73859310E-04   2.30167299E-02
    14     1.0000E-02  -1.29914641E+03 +/-   6.74317835E-04   2.30480639E-02
    15     2.1544E-03  -1.29914650E+03 +/-   6.74603737E-04   2.30676122E-02
    16     4.6416E-04  -1.29914652E+03 +/-   6.74675022E-04   2.30724875E-02
    17     1.0000E-04  -1.29914652E+03 +/-   6.74690840E-04   2.30735694E-02
    18     2.1544E-05  -1.29914652E+03 +/-   6.74694270E-04   2.30738040E-02
    19     4.6416E-06  -1.29914652E+03 +/-   6.74695010E-04   2.30738546E-02
    20     1.0000E-06  -1.29914652E+03 +/-   6.74695169E-04   2.30738655E-02
    21     0.0000E+00  -1.29914652E+03 +/-   6.74695213E-04   2.30738685E-02
* Iteration # 1: E =  -1.299146523441E+03 +/-   6.746952128648E-04
* Reached maximum number of iterations: exiting.
* After optimization:
  -2.9601E+00  -2.9677E+00  -2.9588E+00  -2.9642E+00  -2.9428E+00  -2.9397E+00
  -2.8984E+00  -2.9296E+00  -2.9207E+00   6.1472E-01   6.0674E-01   7.6724E-01
   4.4719E-01   4.6890E-01   4.6160E-01   4.1255E-01   4.8402E-01   4.5423E-01
   5.3159E-01   5.0635E-01   5.5223E-01   5.4121E-01   5.5263E-01   5.3928E-01
   5.6512E-01   5.4349E-01   5.6041E-01   5.4522E-01   5.7006E-01   5.4730E-01
   7.5861E-02   6.9942E-02   1.0016E-01   1.7205E-01   2.9088E-01   3.0062E-01
   3.0076E-01   2.9339E-01   2.6522E-01   2.1933E-01   2.2058E-01   2.0185E-01
   1.9701E-01   1.6381E-01   1.6392E-01   7.4411E-02   6.9068E-02   9.5370E-02
   9.5021E-02   8.5006E-02   8.3501E-02   2.0527E-01   1.9549E-01   1.8666E-01
   1.8083E-01   1.8711E-01   1.8210E-01   1.8873E-01   1.8740E-01   2.5275E-01
   2.4619E-01   1.7174E-01   1.7349E-01   1.8654E-01   1.8049E-01   1.9256E-01
   1.8935E-01   1.7759E-01   1.6985E-01   1.7200E-01   1.5850E-01   3.2981E-02
   4.6473E-02   4.3154E-02   7.1752E-02   7.1815E-02   4.7840E-02   4.6963E-02
   1.4951E-02   1.5174E-02   3.8273E-01   3.7988E-01  -9.0705E-03  -4.9471E-03
  -6.9203E-03  -5.1787E-03  -7.9585E-04  -9.7218E-04   2.5182E-02   1.2728E-02
   1.8904E-03   1.2959E-03   2.8762E-02   2.2803E-02   5.1743E-02   5.4717E-02
   6.9705E-02   7.1560E-02  -1.1530E-01  -3.7591E-01  -1.5927E-01  -4.4073E-01
  -2.0595E-01  -1.7504E-01  -2.0464E-01  -2.1021E-01  -2.1188E-01  -2.0170E-01
  -1.4870E-01  -1.8860E-01  -1.5354E-01  -2.2838E-01  -1.8174E-01  -2.1534E-01
  -1.9812E-01  -2.4158E-01  -1.9976E-01  -2.6204E-01  -2.2061E-01  -2.4304E-01
  -1.9394E-01  -2.7615E-01  -2.2196E-01  -2.6998E-01  -9.9301E-02   2.9141E-02
  -1.0267E-01   4.1824E-02  -1.1368E-01  -6.6951E-04  -7.9508E-02  -1.2410E-01
  -1.3855E-01  -1.8096E-01  -1.4258E-01  -1.6652E-01  -1.1434E-01  -1.6354E-01
  -1.0035E-01  -1.3401E-01  -8.0138E-02  -1.2137E-01  -3.3201E-02  -1.1066E-01
  -3.5683E-02  -2.4587E-02  -5.7484E-02  -2.6434E-02  -4.2381E-02  -3.5814E-02
  -1.1785E-01  -8.5492E-02  -1.1246E-01  -6.8659E-02  -1.0654E-01  -8.5959E-02
  -1.1222E-01  -8.3005E-02  -9.5175E-02  -1.7981E-01  -8.7025E-02  -1.0242E-01
  -1.2146E-01  -7.3296E-02  -1.1483E-01  -9.7493E-02  -8.5667E-02  -9.6177E-02
  -9.1878E-02  -8.2854E-02  -2.8849E-02   1.0236E-02  -3.7654E-02   7.0835E-04
  -5.0990E-02  -2.4493E-02  -3.1342E-02  -2.3238E-02  -9.2951E-03   1.8780E-03
  -1.1892E-01  -2.9383E-01   1.2248E-02   7.2188E-03   4.0211E-03   7.0419E-03
   2.9341E-04   1.7798E-03  -9.8907E-03  -7.8392E-03   3.9974E-03   8.2829E-03
   4.8290E-03  -2.3745E-02  -2.2170E-02  -1.5185E-02  -4.3545E-02  -1.5797E-02
  > Energy =  -1.299146523441E+03 +/-   6.746952128648E-04
  > varE =   2.307386849075E-02

VMC #3:
* Size of Hilbert space =   5.4457E+18
* Number of equil. steps   = 1000
* Running VMC equilibration.
  Done. [total walltime: 0.10s]
* Equil. acc.ratio (%)     =  11.7662
* Sample config after equilibration:
  [draw: system geometry not defined]
* Number of accum. steps   = 101376 x 10
* Running VMC accumulation.
  Done. [total walltime: 48.1s]
* Acceptance ratio (%)     =  11.7401
* Etot/t                   =  -1.299146773930E+03 +/-   4.811354552262E-04
  > Ttot/t                 =  -1.396349381581E+02 +/-   2.806031103323E-03
  > Utot/t                 =   6.249351310753E+01 +/-   2.822377857110E-03
* var[Eloc/t]              =   2.329442509610E-02 +/-   1.529282831063E-04
* Correlation length       =   1.007436955225E+00
* log10 Psi^2 range: -40.75095995372663 -- -27.25415637150289
* log10 Pgen range : -40.75095995372663 -- -27.25415637150289
* Site occupation (ave. no. electrons per config.):
  > Site_  ___eu____  ___ed____
      1        0.499      0.497
      2        0.498      0.500
      3        0.498      0.498
      4        0.495      0.496
      5        0.496      0.499
      6        0.500      0.501
      7        0.509      0.506
      8        0.506      0.501
      9        0.505      0.506
     10        0.508      0.497
     11        0.495      0.504
     12        0.503      0.491
     13        0.502      0.496
     14        0.497      0.499
     15        0.498      0.503
     16        0.499      0.505
     17        0.501      0.500
     18        0.505      0.504
     19        0.502      0.508
     20        0.494      0.503
     21        0.497      0.496
     22        0.503      0.500
     23        0.499      0.494
     24        0.505      0.508
     25        0.501      0.507
     26        0.498      0.501
     27        0.505      0.505
     28        0.500      0.503
     29        0.502      0.500
     30        0.500      0.492
     31        0.491      0.493
     32        0.495      0.493
     33        0.496      0.498
     34        0.496      0.498
* Pair-correlation analysis (ave. no. pairs per config.):
  > Shell  nsite  ___dh____  __eueu___  __eued___
      0      1        0          0          6.203
      1      0        0.982      0.476      2.558
      2      0        0.229      0.796      1.038
      3      0        0.268      0.748      1.039
      4      0        0.138      0.370      0.523
      5      0        0.274      0.737      1.028
      6      0        0.253      0.763      1.031
      7      0        0.837      0.790      2.414
      8      0        0.764      0.959      2.340
      9      0        0.703      1.094      2.266
     10      0        0.635      1.244      2.218
     11      0        0.587      1.350      2.155
     12      0        0.452      1.600      2.053
     13      0        0.528      1.493      2.105
     14      0        0.162      0.819      1.147
     15      0        0.161      0.827      1.137
     16      0        0.162      0.849      1.115
     17      0        0.154      0.866      1.070
     18      0        0.247      2.099      1.961
     19      0        0.249      2.098      1.959
     20      0        0.126      1.055      0.970
     21      0        0.247      2.081      1.938
     22      0        0.255      2.026      1.960
     23      0        0.282      1.927      2.022
     24      0        0.311      1.918      2.010
     25      0        0.332      1.889      2.017
     26      0        0.335      1.881      2.024
     27      0        0.265      2.060      1.971
     28      0        0.269      2.075      1.942
     29      0        0.272      2.095      1.935
     30      0        0.272      2.093      1.919
     31      0        0.255      2.072      1.937
     32      0        0.305      2.049      1.920
     33      0        0.266      2.111      1.918
     34      0        0.301      2.049      1.924
     35      0        0.288      2.044      1.939
     36      0        0.258      2.109      1.922
     37      0        0.123      0.982      1.052
     38      0        0.250      1.974      2.080
     39      0        0.245      1.985      2.068
     40      0        0.248      1.976      2.039
     41      0        0.275      2.048      1.963
     42      0        0.232      2.105      1.928
     43      0        0.268      2.033      1.967
     44      0        0.275      2.032      1.968
     45      0        0.271      2.037      1.985
     46      0        0.277      2.013      1.977
     47      0        0.269      1.996      1.981
     48      0        0.244      2.052      1.985
     49      0        0.291      1.877      2.076
     50      0        0.294      1.899      2.079
     51      0        0.275      1.930      2.072
     52      0        0.313      1.936      1.976
     53      0        0.317      1.946      1.997
     54      0        0.274      1.956      2.061
     55      0        0.163      0.964      0.987
     56      0        0.250      2.003      2.007
     57      0        0.244      2.023      2.039
     58      0        0.277      1.968      2.008
     59      0        0.275      1.973      2.013
     60      0        0.256      2.011      2.031
     61      0        0.252      1.988      2.028
     62      0        0.265      1.966      2.052
     63      0        0.162      0.988      0.963
     64      0        0.316      1.998      1.949
     65      0        0.277      1.981      2.010
     66      0        0.268      2.009      1.993
     67      0        0.285      1.981      2.014
     68      0        0.276      2.013      1.997
     69      0        0.276      1.995      2.019
     70      0        0.309      1.963      1.973
     71      0        0.312      1.955      1.978
     72      0        0.310      1.980      1.939
     73      0        0.274      2.003      1.990
     74      0        0.277      1.972      1.994
     75      0        0.313      1.979      1.961
     76      0        0.272      1.979      1.979
     77      0        0.264      1.862      2.140
     78      0        0.282      1.996      1.969
     79      0        0.242      2.028      2.010
     80      0        0.266      2.000      2.008
     81      0        0.276      2.005      1.997
     82      0        0.123      1.013      1.013
     83      0        0.271      2.009      2.009
     84      0        0.270      1.985      1.978
     85      0        0.154      0.989      0.987
     86      0        0.302      1.967      1.963
     87      0        0.238      2.020      2.010
     88      0        0.278      1.996      1.997
     89      0        0.304      1.979      1.967
     90      0        0.302      1.967      1.966
     91      0        0.272      1.986      2.003
     92      0        0.245      2.038      2.027
     93      0        0.153      0.987      0.994
     94      0        0.242      2.049      2.019
     95      0        0.238      2.016      2.015
     96      0        0.265      1.995      2.001
     97      0        0.272      1.995      1.978
     98      0        0.244      2.018      2.014
     99      0        0.241      2.008      2.020
    100      0        0.245      2.020      2.016
    101      0        0.276      1.994      1.997
    102      0        0.272      2.011      2.002
    103      0        0.251      2.042      2.011
    104      0        0.268      1.998      2.003
    105      0        0.299      1.972      1.978
    106      0        0.146      0.986      0.981
    107      0        0.244      2.026      2.010
    108      0        0.273      2.001      2.007
    109      0        0.270      1.982      1.980
    110      0        0.245      2.036      2.030
    111      0        0.241      2.007      2.020
    112      0        0.241      2.030      2.036
    113      0        0.273      1.995      1.996
    114      0        0.264      2.005      1.997
    115      0        0.272      1.986      1.986
    116      0        0.273      1.989      1.989
    117      0        0.122      1.015      1.014
    118      0        0.268      1.989      1.997
    119      0        0.269      1.985      1.989
    120      0        0.240      2.014      2.017
    121      0        0.239      2.016      2.019
    122      0        0.265      1.986      1.991
    123      0        0.236      2.014      2.013
    124      0        0.277      1.981      1.984
    125      0        0.299      1.971      1.970
    126      0        0.263      1.979      2.010
    127      0        0.275      1.977      1.977
    128      0        0.262      1.983      1.980
    129      0        0.240      2.023      2.018
    130      0        0.269      1.999      1.999
    131      0        0.241      2.032      2.034
    132      0        0.279      1.986      1.976
    133      0        0.238      2.014      2.016
    134      0        0.121      1.004      1.000
    135      0        0.122      1.017      1.016
    136      0        0.240      2.013      2.014
    137      0        0.142      0.984      0.991
    138      0        0.117      0.996      1.001
    139      0        0.269      1.990      1.983
    140      0        0.237      2.000      2.005
    141      0        0.264      1.981      1.981
    142      0        0.238      2.008      1.997
    143      0        0.244      2.016      2.021
    144      0        0.274      2.006      2.005
    145      0        0.123      1.014      1.017
    146      0        0.235      2.017      2.018
    147      0        0.243      2.017      2.021
    148      0        0.268      1.993      1.992
    149      0        0.118      0.998      0.996
    150      0        0.243      2.019      2.014
    151      0        0.121      1.000      1.006
    152      0        0.263      1.989      1.989
    153      0        0.262      2.003      2.004

Optimization #3:
* Method          : lls
* Target function : energy
* No. of configs. : 50688
* No. of params.  : 198
* Before optimization:
  -2.9601E+00  -2.9677E+00  -2.9588E+00  -2.9642E+00  -2.9428E+00  -2.9397E+00
  -2.8984E+00  -2.9296E+00  -2.9207E+00   6.1472E-01   6.0674E-01   7.6724E-01
   4.4719E-01   4.6890E-01   4.6160E-01   4.1255E-01   4.8402E-01   4.5423E-01
   5.3159E-01   5.0635E-01   5.5223E-01   5.4121E-01   5.5263E-01   5.3928E-01
   5.6512E-01   5.4349E-01   5.6041E-01   5.4522E-01   5.7006E-01   5.4730E-01
   7.5861E-02   6.9942E-02   1.0016E-01   1.7205E-01   2.9088E-01   3.0062E-01
   3.0076E-01   2.9339E-01   2.6522E-01   2.1933E-01   2.2058E-01   2.0185E-01
   1.9701E-01   1.6381E-01   1.6392E-01   7.4411E-02   6.9068E-02   9.5370E-02
   9.5021E-02   8.5006E-02   8.3501E-02   2.0527E-01   1.9549E-01   1.8666E-01
   1.8083E-01   1.8711E-01   1.8210E-01   1.8873E-01   1.8740E-01   2.5275E-01
   2.4619E-01   1.7174E-01   1.7349E-01   1.8654E-01   1.8049E-01   1.9256E-01
   1.8935E-01   1.7759E-01   1.6985E-01   1.7200E-01   1.5850E-01   3.2981E-02
   4.6473E-02   4.3154E-02   7.1752E-02   7.1815E-02   4.7840E-02   4.6963E-02
   1.4951E-02   1.5174E-02   3.8273E-01   3.7988E-01  -9.0705E-03  -4.9471E-03
  -6.9203E-03  -5.1787E-03  -7.9585E-04  -9.7218E-04   2.5182E-02   1.2728E-02
   1.8904E-03   1.2959E-03   2.8762E-02   2.2803E-02   5.1743E-02   5.4717E-02
   6.9705E-02   7.1560E-02  -1.1530E-01  -3.7591E-01  -1.5927E-01  -4.4073E-01
  -2.0595E-01  -1.7504E-01  -2.0464E-01  -2.1021E-01  -2.1188E-01  -2.0170E-01
  -1.4870E-01  -1.8860E-01  -1.5354E-01  -2.2838E-01  -1.8174E-01  -2.1534E-01
  -1.9812E-01  -2.4158E-01  -1.9976E-01  -2.6204E-01  -2.2061E-01  -2.4304E-01
  -1.9394E-01  -2.7615E-01  -2.2196E-01  -2.6998E-01  -9.9301E-02   2.9141E-02
  -1.0267E-01   4.1824E-02  -1.1368E-01  -6.6951E-04  -7.9508E-02  -1.2410E-01
  -1.3855E-01  -1.8096E-01  -1.4258E-01  -1.6652E-01  -1.1434E-01  -1.6354E-01
  -1.0035E-01  -1.3401E-01  -8.0138E-02  -1.2137E-01  -3.3201E-02  -1.1066E-01
  -3.5683E-02  -2.4587E-02  -5.7484E-02  -2.6434E-02  -4.2381E-02  -3.5814E-02
  -1.1785E-01  -8.5492E-02  -1.1246E-01  -6.8659E-02  -1.0654E-01  -8.5959E-02
  -1.1222E-01  -8.3005E-02  -9.5175E-02  -1.7981E-01  -8.7025E-02  -1.0242E-01
  -1.2146E-01  -7.3296E-02  -1.1483E-01  -9.7493E-02  -8.5667E-02  -9.6177E-02
  -9.1878E-02  -8.2854E-02  -2.8849E-02   1.0236E-02  -3.7654E-02   7.0835E-04
  -5.0990E-02  -2.4493E-02  -3.1342E-02  -2.3238E-02  -9.2951E-03   1.8780E-03
  -1.1892E-01  -2.9383E-01   1.2248E-02   7.2188E-03   4.0211E-03   7.0419E-03
   2.9341E-04   1.7798E-03  -9.8907E-03  -7.8392E-03   3.9974E-03   8.2829E-03
   4.8290E-03  -2.3745E-02  -2.2170E-02  -1.5185E-02  -4.3545E-02  -1.5797E-02
  > E    =  -1.299146580475E+03 +/-   6.788202675938E-04
  > varE =   2.335687609033E-02
* Computing derivatives.
    [walltime: 2m27s elapsed, 10m57s remaining]
  Done. [total walltime: 13m21s]
* Optimizing manipulation constant:
  #igrid a___________ E____________________________________ varE____________
     1     Infinity    -1.29914658E+03 +/-   6.78820268E-04   2.33568761E-02
     2     1.0000E+06  -1.29914658E+03 +/-   6.78820232E-04   2.33568736E-02
     3     2.1544E+05  -1.29914658E+03 +/-   6.78820102E-04   2.33568647E-02
     4     4.6416E+04  -1.29914658E+03 +/-   6.78819501E-04   2.33568233E-02
     5     1.0000E+04  -1.29914658E+03 +/-   6.78816708E-04   2.33566311E-02
     6     2.1544E+03  -1.29914658E+03 +/-   6.78803761E-04   2.33557402E-02
     7     4.6416E+02  -1.29914659E+03 +/-   6.78743972E-04   2.33516260E-02
     8     1.0000E+02  -1.29914662E+03 +/-   6.78472894E-04   2.33329773E-02
     9     2.1544E+01  -1.29914673E+03 +/-   6.77342125E-04   2.32552669E-02
    10     4.6416E+00  -1.29914714E+03 +/-   6.74025440E-04   2.30280802E-02
    11     1.0000E+00  -1.29914792E+03 +/-   6.71797082E-04   2.28760682E-02
    12     2.1544E-01  -1.29914843E+03 +/-   6.77175218E-04   2.32438074E-02
    13     4.6416E-02  -1.29914854E+03 +/-   6.82042309E-04   2.35791306E-02
    14     1.0000E-02  -1.29914855E+03 +/-   6.83638523E-04   2.36896263E-02
    15     2.1544E-03  -1.29914855E+03 +/-   6.84019677E-04   2.37160494E-02
    16     4.6416E-04  -1.29914855E+03 +/-   6.84103700E-04   2.37218762E-02
    17     1.0000E-04  -1.29914855E+03 +/-   6.84121893E-04   2.37231379E-02
    18     2.1544E-05  -1.29914855E+03 +/-   6.84125816E-04   2.37234100E-02
    19     4.6416E-06  -1.29914855E+03 +/-   6.84126662E-04   2.37234686E-02
    20     1.0000E-06  -1.29914855E+03 +/-   6.84126844E-04   2.37234813E-02
    21     0.0000E+00  -1.29914855E+03 +/-   6.84126894E-04   2.37234847E-02
* Iteration # 1: E =  -1.299148550880E+03 +/-   6.841268941975E-04
* Reached maximum number of iterations: exiting.
* After optimization:
  -3.3641E+00  -3.3795E+00  -3.4042E+00  -3.3638E+00  -3.3707E+00  -3.3370E+00
  -3.3367E+00  -3.3557E+00  -3.3371E+00   6.9869E-01   6.8915E-01   8.8577E-01
   5.0310E-01   5.3348E-01   5.2437E-01   4.7536E-01   5.4522E-01   5.0983E-01
   5.8721E-01   5.6628E-01   6.1329E-01   6.0214E-01   6.1539E-01   6.0140E-01
   6.1318E-01   6.0572E-01   6.2108E-01   6.0115E-01   6.3636E-01   6.2198E-01
   8.5089E-02   7.9798E-02   1.2282E-01   2.0936E-01   3.2722E-01   3.3343E-01
   3.2297E-01   3.2270E-01   2.8202E-01   2.4301E-01   2.4202E-01   2.4002E-01
   2.3090E-01   1.8836E-01   1.8912E-01   9.6561E-02   9.4718E-02   1.0650E-01
   1.0501E-01   1.0016E-01   1.0118E-01   2.4331E-01   2.3932E-01   2.0960E-01
   2.1391E-01   2.2143E-01   2.1755E-01   2.2045E-01   2.1389E-01   2.7519E-01
   2.7332E-01   1.9632E-01   1.9284E-01   2.1056E-01   2.0803E-01   2.1140E-01
   2.0790E-01   1.9717E-01   2.0332E-01   2.0951E-01   1.9499E-01   4.9118E-02
   4.4956E-02   5.0330E-02   8.7655E-02   9.2323E-02   5.9488E-02   6.2651E-02
   1.3996E-02   1.2170E-02   4.5735E-01   4.5224E-01   6.0861E-03  -1.3798E-03
  -2.1096E-03  -8.0475E-04   6.1031E-04  -1.7244E-03   2.2279E-02   1.8601E-02
   6.5313E-03  -3.6731E-04   2.8516E-02   2.7440E-02   6.3809E-02   6.2334E-02
   7.3707E-02   7.1220E-02  -1.6302E-01  -4.2261E-01  -2.1961E-01  -5.1084E-01
  -2.3344E-01  -2.0752E-01  -2.5459E-01  -2.4228E-01  -2.4395E-01  -2.2589E-01
  -1.6987E-01  -2.3362E-01  -1.8428E-01  -2.5934E-01  -2.1362E-01  -2.5951E-01
  -2.2884E-01  -2.8180E-01  -2.3051E-01  -2.9034E-01  -2.4251E-01  -2.8340E-01
  -2.2451E-01  -3.0462E-01  -2.6487E-01  -2.9341E-01  -1.0336E-01   1.4588E-02
  -1.1107E-01   2.7000E-02  -1.3582E-01  -1.7869E-02  -8.6789E-02  -1.5380E-01
  -1.7202E-01  -2.0099E-01  -1.5578E-01  -1.9537E-01  -1.3433E-01  -1.8014E-01
  -1.2942E-01  -1.5429E-01  -9.6638E-02  -1.4886E-01  -4.3227E-02  -1.2466E-01
  -4.3795E-02  -3.4976E-02  -6.0361E-02  -3.3659E-02  -5.2099E-02  -3.9464E-02
  -1.4247E-01  -1.1067E-01  -1.2901E-01  -9.2426E-02  -1.2807E-01  -1.0806E-01
  -1.3403E-01  -1.0407E-01  -1.1066E-01  -1.9593E-01  -1.0603E-01  -1.1526E-01
  -1.3454E-01  -9.0022E-02  -1.1831E-01  -1.1588E-01  -1.0485E-01  -1.1392E-01
  -1.1098E-01  -1.0846E-01  -3.8763E-02  -1.3514E-02  -4.0722E-02  -6.5971E-03
  -6.7801E-02  -3.3509E-02  -3.4116E-02  -3.5910E-02  -9.0428E-03  -2.7563E-03
  -1.5371E-01  -3.4906E-01   1.7664E-03   3.1234E-03   3.6968E-04  -1.2867E-04
  -2.5523E-03   1.2288E-03  -1.4777E-02  -1.0596E-02  -2.0576E-03  -9.8520E-04
  -2.3331E-03  -3.3933E-02  -3.3624E-02  -1.8594E-02  -3.5400E-02  -2.7004E-02
  > Energy =  -1.299148550880E+03 +/-   6.841268941975E-04
  > varE =   2.372348473808E-02

VMC #4:
* Size of Hilbert space =   5.4457E+18
* Number of equil. steps   = 1000
* Running VMC equilibration.
  Done. [total walltime: 0.10s]
* Equil. acc.ratio (%)     =  11.4389
* Sample config after equilibration:
  [draw: system geometry not defined]
* Number of accum. steps   = 101376 x 10
* Running VMC accumulation.
  Done. [total walltime: 48.2s]
* Acceptance ratio (%)     =  11.4116
* Etot/t                   =  -1.299149215931E+03 +/-   5.053324588764E-04
  > Ttot/t                 =  -1.396131622543E+02 +/-   2.886112270408E-03
  > Utot/t                 =   6.246929520265E+01 +/-   2.847655155751E-03
* var[Eloc/t]              =   2.447834077613E-02 +/-   3.336325544606E-04
* Correlation length       =   1.057566206235E+00
* log10 Psi^2 range: -44.11872147869101 -- -30.87701553288413
* log10 Pgen range : -44.11872147869101 -- -30.87701553288413
* Site occupation (ave. no. electrons per config.):
  > Site_  ___eu____  ___ed____
      1        0.499      0.494
      2        0.498      0.498
      3        0.494      0.499
      4        0.499      0.499
      5        0.499      0.501
      6        0.506      0.504
      7        0.506      0.498
      8        0.506      0.502
      9        0.502      0.506
     10        0.501      0.509
     11        0.493      0.499
     12        0.490      0.499
     13        0.497      0.500
     14        0.496      0.497
     15        0.495      0.496
     16        0.505      0.503
     17        0.506      0.501
     18        0.501      0.504
     19        0.501      0.509
     20        0.504      0.494
     21        0.499      0.493
     22        0.504      0.499
     23        0.499      0.491
     24        0.504      0.507
     25        0.498      0.507
     26        0.500      0.498
     27        0.505      0.504
     28        0.504      0.510
     29        0.503      0.499
     30        0.497      0.492
     31        0.494      0.501
     32        0.501      0.491
     33        0.496      0.494
     34        0.497      0.503
* Pair-correlation analysis (ave. no. pairs per config.):
  > Shell  nsite  ___dh____  __eueu___  __eued___
      0      1        0          0          6.122
      1      0        0.970      0.461      2.580
      2      0        0.226      0.802      1.044
      3      0        0.266      0.751      1.032
      4      0        0.138      0.365      0.524
      5      0        0.272      0.740      1.040
      6      0        0.253      0.764      1.019
      7      0        0.826      0.784      2.426
      8      0        0.743      0.964      2.359
      9      0        0.693      1.092      2.277
     10      0        0.637      1.236      2.209
     11      0        0.571      1.364      2.172
     12      0        0.451      1.591      2.031
     13      0        0.516      1.478      2.121
     14      0        0.159      0.816      1.141
     15      0        0.153      0.830      1.149
     16      0        0.151      0.852      1.125
     17      0        0.151      0.859      1.062
     18      0        0.241      2.107      1.950
     19      0        0.243      2.102      1.948
     20      0        0.123      1.041      0.976
     21      0        0.235      2.066      1.940
     22      0        0.251      2.016      1.943
     23      0        0.272      1.925      2.037
     24      0        0.310      1.902      2.014
     25      0        0.320      1.898      2.028
     26      0        0.324      1.895      2.033
     27      0        0.264      2.056      1.958
     28      0        0.264      2.082      1.948
     29      0        0.258      2.098      1.933
     30      0        0.259      2.099      1.922
     31      0        0.242      2.080      1.948
     32      0        0.295      2.058      1.933
     33      0        0.259      2.113      1.922
     34      0        0.296      2.048      1.925
     35      0        0.280      2.053      1.921
     36      0        0.253      2.100      1.916
     37      0        0.123      0.978      1.036
     38      0        0.239      1.965      2.086
     39      0        0.237      1.987      2.075
     40      0        0.235      1.969      2.035
     41      0        0.269      2.036      1.962
     42      0        0.222      2.111      1.923
     43      0        0.262      2.036      1.961
     44      0        0.268      2.037      1.965
     45      0        0.266      2.044      1.984
     46      0        0.266      2.018      1.990
     47      0        0.262      1.995      1.964
     48      0        0.233      2.064      1.984
     49      0        0.280      1.871      2.091
     50      0        0.289      1.898      2.065
     51      0        0.267      1.934      2.070
     52      0        0.303      1.944      1.984
     53      0        0.315      1.947      1.992
     54      0        0.263      1.961      2.074
     55      0        0.154      0.977      0.998
     56      0        0.240      1.995      2.010
     57      0        0.235      2.022      2.033
     58      0        0.272      1.965      2.015
     59      0        0.263      1.973      2.006
     60      0        0.240      2.017      2.033
     61      0        0.244      1.997      2.040
     62      0        0.250      1.986      2.055
     63      0        0.160      0.989      0.972
     64      0        0.311      1.995      1.953
     65      0        0.265      1.998      2.021
     66      0        0.269      1.988      1.983
     67      0        0.275      1.979      2.006
     68      0        0.269      1.997      1.996
     69      0        0.268      1.999      2.015
     70      0        0.302      1.964      1.978
     71      0        0.303      1.972      1.978
     72      0        0.303      1.980      1.947
     73      0        0.270      2.006      2.004
     74      0        0.270      1.991      2.002
     75      0        0.305      1.978      1.968
     76      0        0.270      1.971      1.979
     77      0        0.252      1.875      2.140
     78      0        0.268      2.009      1.976
     79      0        0.232      2.040      2.021
     80      0        0.269      1.994      1.977
     81      0        0.265      2.007      2.002
     82      0        0.120      1.019      1.015
     83      0        0.269      2.009      2.005
     84      0        0.263      1.983      1.978
     85      0        0.151      0.988      0.986
     86      0        0.295      1.969      1.974
     87      0        0.232      2.020      1.996
     88      0        0.267      2.005      2.005
     89      0        0.297      1.977      1.971
     90      0        0.294      1.971      1.974
     91      0        0.269      1.997      2.005
     92      0        0.236      2.031      2.024
     93      0        0.151      0.985      0.988
     94      0        0.239      2.039      2.008
     95      0        0.234      1.998      1.999
     96      0        0.259      2.004      1.997
     97      0        0.267      1.984      1.980
     98      0        0.235      2.023      2.017
     99      0        0.234      1.998      2.001
    100      0        0.239      2.012      2.026
    101      0        0.269      2.003      2.004
    102      0        0.264      2.006      2.004
    103      0        0.244      2.037      2.008
    104      0        0.263      1.984      1.996
    105      0        0.292      1.970      1.969
    106      0        0.144      0.980      0.981
    107      0        0.235      2.024      2.017
    108      0        0.266      2.003      2.008
    109      0        0.266      1.982      1.975
    110      0        0.231      2.028      2.034
    111      0        0.234      1.995      2.006
    112      0        0.230      2.044      2.032
    113      0        0.269      2.004      1.998
    114      0        0.263      1.995      1.994
    115      0        0.262      1.998      2.002
    116      0        0.266      1.982      1.982
    117      0        0.116      1.019      1.020
    118      0        0.263      1.994      2.004
    119      0        0.265      1.971      1.979
    120      0        0.232      2.004      1.998
    121      0        0.236      2.028      2.025
    122      0        0.260      1.992      1.990
    123      0        0.231      2.008      2.013
    124      0        0.267      1.995      1.999
    125      0        0.297      1.967      1.966
    126      0        0.255      1.964      2.004
    127      0        0.264      1.981      1.973
    128      0        0.260      1.965      1.973
    129      0        0.236      2.019      2.030
    130      0        0.262      1.992      2.003
    131      0        0.234      2.031      2.039
    132      0        0.267      2.004      1.995
    133      0        0.227      2.014      2.005
    134      0        0.113      1.011      1.013
    135      0        0.117      1.019      1.014
    136      0        0.233      2.004      2.012
    137      0        0.141      0.982      0.985
    138      0        0.117      0.987      0.987
    139      0        0.263      1.983      1.971
    140      0        0.236      1.995      1.994
    141      0        0.257      1.972      1.972
    142      0        0.228      2.003      2.000
    143      0        0.235      2.014      2.023
    144      0        0.264      1.999      2.009
    145      0        0.115      1.017      1.021
    146      0        0.232      2.004      2.010
    147      0        0.233      2.027      2.029
    148      0        0.262      2.003      1.995
    149      0        0.112      0.992      0.992
    150      0        0.234      2.030      2.026
    151      0        0.114      1.012      1.010
    152      0        0.258      1.998      1.990
    153      0        0.254      2.006      1.997

Optimization #4:
* Method          : lls
* Target function : energy
* No. of configs. : 50688
* No. of params.  : 198
* Before optimization:
  -3.3641E+00  -3.3795E+00  -3.4042E+00  -3.3638E+00  -3.3707E+00  -3.3370E+00
  -3.3367E+00  -3.3557E+00  -3.3371E+00   6.9869E-01   6.8915E-01   8.8577E-01
   5.0310E-01   5.3348E-01   5.2437E-01   4.7536E-01   5.4522E-01   5.0983E-01
   5.8721E-01   5.6628E-01   6.1329E-01   6.0214E-01   6.1539E-01   6.0140E-01
   6.1318E-01   6.0572E-01   6.2108E-01   6.0115E-01   6.3636E-01   6.2198E-01
   8.5089E-02   7.9798E-02   1.2282E-01   2.0936E-01   3.2722E-01   3.3343E-01
   3.2297E-01   3.2270E-01   2.8202E-01   2.4301E-01   2.4202E-01   2.4002E-01
   2.3090E-01   1.8836E-01   1.8912E-01   9.6561E-02   9.4718E-02   1.0650E-01
   1.0501E-01   1.0016E-01   1.0118E-01   2.4331E-01   2.3932E-01   2.0960E-01
   2.1391E-01   2.2143E-01   2.1755E-01   2.2045E-01   2.1389E-01   2.7519E-01
   2.7332E-01   1.9632E-01   1.9284E-01   2.1056E-01   2.0803E-01   2.1140E-01
   2.0790E-01   1.9717E-01   2.0332E-01   2.0951E-01   1.9499E-01   4.9118E-02
   4.4956E-02   5.0330E-02   8.7655E-02   9.2323E-02   5.9488E-02   6.2651E-02
   1.3996E-02   1.2170E-02   4.5735E-01   4.5224E-01   6.0861E-03  -1.3798E-03
  -2.1096E-03  -8.0475E-04   6.1031E-04  -1.7244E-03   2.2279E-02   1.8601E-02
   6.5313E-03  -3.6731E-04   2.8516E-02   2.7440E-02   6.3809E-02   6.2334E-02
   7.3707E-02   7.1220E-02  -1.6302E-01  -4.2261E-01  -2.1961E-01  -5.1084E-01
  -2.3344E-01  -2.0752E-01  -2.5459E-01  -2.4228E-01  -2.4395E-01  -2.2589E-01
  -1.6987E-01  -2.3362E-01  -1.8428E-01  -2.5934E-01  -2.1362E-01  -2.5951E-01
  -2.2884E-01  -2.8180E-01  -2.3051E-01  -2.9034E-01  -2.4251E-01  -2.8340E-01
  -2.2451E-01  -3.0462E-01  -2.6487E-01  -2.9341E-01  -1.0336E-01   1.4588E-02
  -1.1107E-01   2.7000E-02  -1.3582E-01  -1.7869E-02  -8.6789E-02  -1.5380E-01
  -1.7202E-01  -2.0099E-01  -1.5578E-01  -1.9537E-01  -1.3433E-01  -1.8014E-01
  -1.2942E-01  -1.5429E-01  -9.6638E-02  -1.4886E-01  -4.3227E-02  -1.2466E-01
  -4.3795E-02  -3.4976E-02  -6.0361E-02  -3.3659E-02  -5.2099E-02  -3.9464E-02
  -1.4247E-01  -1.1067E-01  -1.2901E-01  -9.2426E-02  -1.2807E-01  -1.0806E-01
  -1.3403E-01  -1.0407E-01  -1.1066E-01  -1.9593E-01  -1.0603E-01  -1.1526E-01
  -1.3454E-01  -9.0022E-02  -1.1831E-01  -1.1588E-01  -1.0485E-01  -1.1392E-01
  -1.1098E-01  -1.0846E-01  -3.8763E-02  -1.3514E-02  -4.0722E-02  -6.5971E-03
  -6.7801E-02  -3.3509E-02  -3.4116E-02  -3.5910E-02  -9.0428E-03  -2.7563E-03
  -1.5371E-01  -3.4906E-01   1.7664E-03   3.1234E-03   3.6968E-04  -1.2867E-04
  -2.5523E-03   1.2288E-03  -1.4777E-02  -1.0596E-02  -2.0576E-03  -9.8520E-04
  -2.3331E-03  -3.3933E-02  -3.3624E-02  -1.8594E-02  -3.5400E-02  -2.7004E-02
  > E    =  -1.299149314320E+03 +/-   6.939871691878E-04
  > varE =   2.441226286527E-02
* Computing derivatives.
    [walltime: 2m27s elapsed, 10m56s remaining]
  Done. [total walltime: 13m20s]
* Optimizing manipulation constant:
  #igrid a___________ E____________________________________ varE____________
     1     Infinity    -1.29914931E+03 +/-   6.93987169E-04   2.44122629E-02
     2     1.0000E+06  -1.29914931E+03 +/-   6.93987162E-04   2.44122624E-02
     3     2.1544E+05  -1.29914931E+03 +/-   6.93987138E-04   2.44122607E-02
     4     4.6416E+04  -1.29914931E+03 +/-   6.93987025E-04   2.44122527E-02
     5     1.0000E+04  -1.29914931E+03 +/-   6.93986500E-04   2.44122158E-02
     6     2.1544E+03  -1.29914931E+03 +/-   6.93984067E-04   2.44120446E-02
     7     4.6416E+02  -1.29914932E+03 +/-   6.93972819E-04   2.44112533E-02
     8     1.0000E+02  -1.29914932E+03 +/-   6.93921599E-04   2.44076500E-02
     9     2.1544E+01  -1.29914935E+03 +/-   6.93703559E-04   2.43923139E-02
    10     4.6416E+00  -1.29914944E+03 +/-   6.92998503E-04   2.43427561E-02
    11     1.0000E+00  -1.29914963E+03 +/-   6.92045625E-04   2.42758592E-02
    12     2.1544E-01  -1.29914978E+03 +/-   6.92095794E-04   2.42793790E-02
    13     4.6416E-02  -1.29914982E+03 +/-   6.92506971E-04   2.43082366E-02
    14     1.0000E-02  -1.29914983E+03 +/-   6.92674460E-04   2.43199963E-02
    15     2.1544E-03  -1.29914983E+03 +/-   6.92716787E-04   2.43229687E-02
    16     4.6416E-04  -1.29914983E+03 +/-   6.92726242E-04   2.43236326E-02
    17     1.0000E-04  -1.29914983E+03 +/-   6.92728295E-04   2.43237768E-02
    18     2.1544E-05  -1.29914983E+03 +/-   6.92728738E-04   2.43238079E-02
    19     4.6416E-06  -1.29914983E+03 +/-   6.92728833E-04   2.43238146E-02
    20     1.0000E-06  -1.29914983E+03 +/-   6.92728854E-04   2.43238160E-02
    21     0.0000E+00  -1.29914983E+03 +/-   6.92728859E-04   2.43238164E-02
* Iteration # 1: E =  -1.299149827492E+03 +/-   6.927288592784E-04
* Reached maximum number of iterations: exiting.
* After optimization:
  -3.4417E+00  -3.4418E+00  -3.4587E+00  -3.4499E+00  -3.4241E+00  -3.4163E+00
  -3.3918E+00  -3.4225E+00  -3.4047E+00   7.1475E-01   7.1187E-01   9.0059E-01
   5.1108E-01   5.4845E-01   5.3166E-01   4.8504E-01   5.5657E-01   5.2102E-01
   6.0373E-01   5.7934E-01   6.2843E-01   6.1850E-01   6.2069E-01   6.0748E-01
   6.4232E-01   6.2637E-01   6.2590E-01   6.1498E-01   6.4739E-01   6.3455E-01
   8.8705E-02   8.0707E-02   1.2821E-01   2.0484E-01   3.3468E-01   3.3373E-01
   3.3554E-01   3.3406E-01   2.8395E-01   2.4459E-01   2.4603E-01   2.4288E-01
   2.3439E-01   1.9444E-01   1.9170E-01   1.0078E-01   1.0030E-01   1.0674E-01
   1.0733E-01   1.0940E-01   1.0863E-01   2.4735E-01   2.4173E-01   2.2732E-01
   2.2103E-01   2.3212E-01   2.3139E-01   2.2398E-01   2.2251E-01   2.8301E-01
   2.7953E-01   1.9740E-01   1.9554E-01   2.1545E-01   2.1003E-01   2.1859E-01
   2.1693E-01   2.0455E-01   2.0877E-01   2.1773E-01   2.0095E-01   5.2634E-02
   6.0228E-02   5.8989E-02   7.5250E-02   8.0579E-02   5.9761E-02   6.2455E-02
   1.3619E-02   7.2025E-03   4.5950E-01   4.5095E-01  -4.1236E-03  -4.5469E-03
  -1.0553E-03  -5.5099E-03   1.0154E-02   5.3599E-03   2.1593E-02   1.6064E-02
   7.1245E-03   1.2059E-03   2.5354E-02   2.7876E-02   6.2921E-02   5.3794E-02
   7.0347E-02   7.6089E-02  -1.8373E-01  -4.3892E-01  -2.4702E-01  -5.0485E-01
  -2.4189E-01  -2.0331E-01  -2.4978E-01  -2.4565E-01  -2.5420E-01  -2.3019E-01
  -1.8174E-01  -2.2970E-01  -1.8857E-01  -2.6792E-01  -2.2966E-01  -2.5796E-01
  -2.4736E-01  -2.9080E-01  -2.3304E-01  -2.9175E-01  -2.6070E-01  -2.8660E-01
  -2.3485E-01  -3.1448E-01  -2.7074E-01  -3.0470E-01  -1.1051E-01   1.7326E-02
  -1.1816E-01   3.6722E-02  -1.2930E-01  -2.4302E-02  -8.7969E-02  -1.5930E-01
  -1.7517E-01  -1.9921E-01  -1.6918E-01  -1.9713E-01  -1.3539E-01  -1.8467E-01
  -1.2409E-01  -1.5811E-01  -9.6518E-02  -1.4664E-01  -5.0321E-02  -1.2417E-01
  -5.2507E-02  -3.5894E-02  -6.2866E-02  -3.2655E-02  -5.6626E-02  -4.4875E-02
  -1.4669E-01  -1.1028E-01  -1.3972E-01  -9.3904E-02  -1.3441E-01  -1.0763E-01
  -1.3712E-01  -9.9198E-02  -1.1612E-01  -1.9414E-01  -1.0632E-01  -1.1458E-01
  -1.4356E-01  -8.3880E-02  -1.2238E-01  -1.1688E-01  -1.0638E-01  -1.1256E-01
  -1.1423E-01  -1.1501E-01  -4.5079E-02  -7.7021E-03  -5.7983E-02  -9.2081E-03
  -6.9193E-02  -2.7339E-02  -3.2033E-02  -4.6966E-02  -1.7131E-02   5.7762E-03
  -1.5804E-01  -3.3931E-01  -4.2014E-04   1.1172E-02  -3.4387E-04   5.2428E-03
  -3.2309E-03  -1.3378E-03  -1.1731E-02  -1.2889E-02   8.2701E-05  -2.9917E-04
   2.7983E-03  -3.4943E-02  -3.1306E-02  -1.7010E-02  -4.0343E-02  -2.4324E-02
  > Energy =  -1.299149827492E+03 +/-   6.927288592784E-04
  > varE =   2.432381643532E-02

VMC #5:
* Size of Hilbert space =   5.4457E+18
* Number of equil. steps   = 1000
* Running VMC equilibration.
  Done. [total walltime: 0.10s]
* Equil. acc.ratio (%)     =  11.3939
* Sample config after equilibration:
  [draw: system geometry not defined]
* Number of accum. steps   = 101376 x 10
* Running VMC accumulation.
  Done. [total walltime: 48.2s]
* Acceptance ratio (%)     =  11.3470
* Etot/t                   =  -1.299150087343E+03 +/-   5.116995457724E-04
  > Ttot/t                 =  -1.396094097443E+02 +/-   2.633907807124E-03
  > Utot/t                 =   6.246467128104E+01 +/-   2.623508303121E-03
* var[Eloc/t]              =   2.400240572212E-02 +/-   2.722742170693E-04
* Correlation length       =   1.105886207519E+00
* log10 Psi^2 range: -43.54283101094249 -- -30.80902963031003
* log10 Pgen range : -43.54283101094249 -- -30.80902963031003
* Site occupation (ave. no. electrons per config.):
  > Site_  ___eu____  ___ed____
      1        0.495      0.500
      2        0.499      0.499
      3        0.494      0.498
      4        0.499      0.494
      5        0.496      0.496
      6        0.504      0.499
      7        0.502      0.504
      8        0.500      0.506
      9        0.504      0.504
     10        0.511      0.498
     11        0.500      0.499
     12        0.503      0.492
     13        0.496      0.500
     14        0.494      0.498
     15        0.496      0.500
     16        0.502      0.508
     17        0.507      0.504
     18        0.506      0.502
     19        0.509      0.502
     20        0.490      0.501
     21        0.498      0.498
     22        0.500      0.502
     23        0.496      0.496
     24        0.499      0.507
     25        0.501      0.510
     26        0.504      0.502
     27        0.504      0.502
     28        0.507      0.499
     29        0.498      0.504
     30        0.498      0.496
     31        0.498      0.496
     32        0.494      0.497
     33        0.498      0.493
     34        0.500      0.497
* Pair-correlation analysis (ave. no. pairs per config.):
  > Shell  nsite  ___dh____  __eueu___  __eued___
      0      1        0          0          6.121
      1      0        0.971      0.465      2.576
      2      0        0.227      0.796      1.046
      3      0        0.266      0.751      1.034
      4      0        0.139      0.365      0.520
      5      0        0.271      0.735      1.040
      6      0        0.251      0.762      1.027
      7      0        0.813      0.787      2.438
      8      0        0.756      0.950      2.345
      9      0        0.690      1.103      2.281
     10      0        0.638      1.235      2.213
     11      0        0.579      1.342      2.161
     12      0        0.445      1.594      2.041
     13      0        0.517      1.486      2.116
     14      0        0.159      0.824      1.148
     15      0        0.156      0.822      1.138
     16      0        0.151      0.844      1.128
     17      0        0.149      0.859      1.063
     18      0        0.238      2.098      1.949
     19      0        0.244      2.110      1.939
     20      0        0.123      1.056      0.977
     21      0        0.235      2.068      1.935
     22      0        0.247      2.017      1.955
     23      0        0.272      1.932      2.031
     24      0        0.305      1.906      2.016
     25      0        0.316      1.892      2.034
     26      0        0.326      1.888      2.026
     27      0        0.255      2.062      1.964
     28      0        0.261      2.083      1.934
     29      0        0.266      2.093      1.937
     30      0        0.260      2.109      1.925
     31      0        0.242      2.080      1.947
     32      0        0.294      2.050      1.929
     33      0        0.254      2.109      1.920
     34      0        0.294      2.061      1.916
     35      0        0.280      2.051      1.931
     36      0        0.249      2.116      1.911
     37      0        0.123      0.986      1.047
     38      0        0.248      1.961      2.080
     39      0        0.234      1.978      2.070
     40      0        0.232      1.975      2.031
     41      0        0.269      2.035      1.979
     42      0        0.219      2.114      1.922
     43      0        0.259      2.035      1.958
     44      0        0.271      2.036      1.974
     45      0        0.268      2.029      1.970
     46      0        0.263      2.027      1.978
     47      0        0.259      1.991      1.974
     48      0        0.234      2.059      1.986
     49      0        0.283      1.869      2.079
     50      0        0.283      1.901      2.088
     51      0        0.270      1.939      2.075
     52      0        0.299      1.937      1.994
     53      0        0.313      1.948      1.990
     54      0        0.265      1.948      2.059
     55      0        0.159      0.970      0.992
     56      0        0.239      1.993      1.999
     57      0        0.235      2.024      2.045
     58      0        0.270      1.975      2.014
     59      0        0.268      1.972      2.021
     60      0        0.243      2.015      2.036
     61      0        0.248      1.984      2.039
     62      0        0.250      1.972      2.059
     63      0        0.157      0.989      0.972
     64      0        0.311      1.995      1.945
     65      0        0.268      1.987      2.006
     66      0        0.267      2.010      1.984
     67      0        0.267      1.988      2.026
     68      0        0.272      2.016      1.993
     69      0        0.270      1.992      2.006
     70      0        0.299      1.960      1.978
     71      0        0.305      1.964      1.981
     72      0        0.301      1.990      1.938
     73      0        0.270      1.999      1.995
     74      0        0.269      1.989      1.996
     75      0        0.304      1.981      1.965
     76      0        0.266      1.970      1.985
     77      0        0.250      1.873      2.146
     78      0        0.277      2.010      1.970
     79      0        0.237      2.027      2.011
     80      0        0.264      1.995      2.005
     81      0        0.269      2.004      1.995
     82      0        0.120      1.011      1.008
     83      0        0.263      2.007      2.005
     84      0        0.266      1.976      1.977
     85      0        0.153      0.993      0.981
     86      0        0.294      1.970      1.973
     87      0        0.237      2.012      1.987
     88      0        0.264      2.001      2.002
     89      0        0.296      1.978      1.965
     90      0        0.294      1.969      1.973
     91      0        0.269      1.991      1.999
     92      0        0.235      2.034      2.036
     93      0        0.150      0.983      0.996
     94      0        0.236      2.049      2.021
     95      0        0.233      2.009      2.012
     96      0        0.260      1.994      1.993
     97      0        0.268      1.975      1.975
     98      0        0.237      2.031      2.022
     99      0        0.236      2.013      2.005
    100      0        0.243      2.016      2.029
    101      0        0.263      2.007      2.000
    102      0        0.260      2.010      2.006
    103      0        0.244      2.035      2.011
    104      0        0.264      1.999      1.999
    105      0        0.294      1.970      1.973
    106      0        0.140      0.988      0.982
    107      0        0.237      2.025      2.027
    108      0        0.269      1.994      2.006
    109      0        0.263      1.979      1.974
    110      0        0.236      2.041      2.030
    111      0        0.234      2.012      2.004
    112      0        0.234      2.025      2.032
    113      0        0.266      2.005      1.994
    114      0        0.258      1.995      2.000
    115      0        0.267      2.000      1.992
    116      0        0.267      1.973      1.980
    117      0        0.121      1.010      1.010
    118      0        0.266      2.002      1.994
    119      0        0.259      1.982      1.979
    120      0        0.232      2.018      2.006
    121      0        0.236      2.019      2.021
    122      0        0.260      1.994      1.990
    123      0        0.231      2.004      2.001
    124      0        0.264      1.995      1.997
    125      0        0.287      1.975      1.978
    126      0        0.250      1.972      2.012
    127      0        0.264      1.970      1.985
    128      0        0.256      1.976      1.970
    129      0        0.228      2.029      2.026
    130      0        0.259      1.999      1.993
    131      0        0.237      2.025      2.026
    132      0        0.269      2.002      1.987
    133      0        0.226      2.006      2.014
    134      0        0.115      1.009      1.013
    135      0        0.111      1.019      1.020
    136      0        0.237      1.997      2.000
    137      0        0.141      0.988      0.983
    138      0        0.115      0.991      0.991
    139      0        0.260      1.981      1.984
    140      0        0.233      2.001      1.993
    141      0        0.254      1.972      1.984
    142      0        0.234      2.003      1.996
    143      0        0.241      2.015      2.033
    144      0        0.265      2.005      2.007
    145      0        0.112      1.020      1.015
    146      0        0.232      2.011      2.002
    147      0        0.234      2.023      2.027
    148      0        0.268      1.995      1.998
    149      0        0.112      0.990      0.995
    150      0        0.238      2.019      2.021
    151      0        0.118      1.008      1.010
    152      0        0.255      1.993      2.000
    153      0        0.250      2.000      2.006

Optimization #5:
* Method          : lls
* Target function : energy
* No. of configs. : 50688
* No. of params.  : 198
* Before optimization:
  -3.4417E+00  -3.4418E+00  -3.4587E+00  -3.4499E+00  -3.4241E+00  -3.4163E+00
  -3.3918E+00  -3.4225E+00  -3.4047E+00   7.1475E-01   7.1187E-01   9.0059E-01
   5.1108E-01   5.4845E-01   5.3166E-01   4.8504E-01   5.5657E-01   5.2102E-01
   6.0373E-01   5.7934E-01   6.2843E-01   6.1850E-01   6.2069E-01   6.0748E-01
   6.4232E-01   6.2637E-01   6.2590E-01   6.1498E-01   6.4739E-01   6.3455E-01
   8.8705E-02   8.0707E-02   1.2821E-01   2.0484E-01   3.3468E-01   3.3373E-01
   3.3554E-01   3.3406E-01   2.8395E-01   2.4459E-01   2.4603E-01   2.4288E-01
   2.3439E-01   1.9444E-01   1.9170E-01   1.0078E-01   1.0030E-01   1.0674E-01
   1.0733E-01   1.0940E-01   1.0863E-01   2.4735E-01   2.4173E-01   2.2732E-01
   2.2103E-01   2.3212E-01   2.3139E-01   2.2398E-01   2.2251E-01   2.8301E-01
   2.7953E-01   1.9740E-01   1.9554E-01   2.1545E-01   2.1003E-01   2.1859E-01
   2.1693E-01   2.0455E-01   2.0877E-01   2.1773E-01   2.0095E-01   5.2634E-02
   6.0228E-02   5.8989E-02   7.5250E-02   8.0579E-02   5.9761E-02   6.2455E-02
   1.3619E-02   7.2025E-03   4.5950E-01   4.5095E-01  -4.1236E-03  -4.5469E-03
  -1.0553E-03  -5.5099E-03   1.0154E-02   5.3599E-03   2.1593E-02   1.6064E-02
   7.1245E-03   1.2059E-03   2.5354E-02   2.7876E-02   6.2921E-02   5.3794E-02
   7.0347E-02   7.6089E-02  -1.8373E-01  -4.3892E-01  -2.4702E-01  -5.0485E-01
  -2.4189E-01  -2.0331E-01  -2.4978E-01  -2.4565E-01  -2.5420E-01  -2.3019E-01
  -1.8174E-01  -2.2970E-01  -1.8857E-01  -2.6792E-01  -2.2966E-01  -2.5796E-01
  -2.4736E-01  -2.9080E-01  -2.3304E-01  -2.9175E-01  -2.6070E-01  -2.8660E-01
  -2.3485E-01  -3.1448E-01  -2.7074E-01  -3.0470E-01  -1.1051E-01   1.7326E-02
  -1.1816E-01   3.6722E-02  -1.2930E-01  -2.4302E-02  -8.7969E-02  -1.5930E-01
  -1.7517E-01  -1.9921E-01  -1.6918E-01  -1.9713E-01  -1.3539E-01  -1.8467E-01
  -1.2409E-01  -1.5811E-01  -9.6518E-02  -1.4664E-01  -5.0321E-02  -1.2417E-01
  -5.2507E-02  -3.5894E-02  -6.2866E-02  -3.2655E-02  -5.6626E-02  -4.4875E-02
  -1.4669E-01  -1.1028E-01  -1.3972E-01  -9.3904E-02  -1.3441E-01  -1.0763E-01
  -1.3712E-01  -9.9198E-02  -1.1612E-01  -1.9414E-01  -1.0632E-01  -1.1458E-01
  -1.4356E-01  -8.3880E-02  -1.2238E-01  -1.1688E-01  -1.0638E-01  -1.1256E-01
  -1.1423E-01  -1.1501E-01  -4.5079E-02  -7.7021E-03  -5.7983E-02  -9.2081E-03
  -6.9193E-02  -2.7339E-02  -3.2033E-02  -4.6966E-02  -1.7131E-02   5.7762E-03
  -1.5804E-01  -3.3931E-01  -4.2014E-04   1.1172E-02  -3.4387E-04   5.2428E-03
  -3.2309E-03  -1.3378E-03  -1.1731E-02  -1.2889E-02   8.2701E-05  -2.9917E-04
   2.7983E-03  -3.4943E-02  -3.1306E-02  -1.7010E-02  -4.0343E-02  -2.4324E-02
  > E    =  -1.299150342199E+03 +/-   6.912446595256E-04
  > varE =   2.421969856151E-02
* Computing derivatives.
    [walltime: 2m27s elapsed, 10m57s remaining]
  Done. [total walltime: 13m22s]
* Optimizing manipulation constant:
  #igrid a___________ E____________________________________ varE____________
     1     Infinity    -1.29915034E+03 +/-   6.91244660E-04   2.42196986E-02
     2     1.0000E+06  -1.29915034E+03 +/-   6.91244649E-04   2.42196978E-02
     3     2.1544E+05  -1.29915034E+03 +/-   6.91244610E-04   2.42196951E-02
     4     4.6416E+04  -1.29915034E+03 +/-   6.91244428E-04   2.42196823E-02
     5     1.0000E+04  -1.29915034E+03 +/-   6.91243583E-04   2.42196231E-02
     6     2.1544E+03  -1.29915034E+03 +/-   6.91239668E-04   2.42193487E-02
     7     4.6416E+02  -1.29915034E+03 +/-   6.91221555E-04   2.42180796E-02
     8     1.0000E+02  -1.29915035E+03 +/-   6.91138834E-04   2.42122833E-02
     9     2.1544E+01  -1.29915037E+03 +/-   6.90781823E-04   2.41872758E-02
    10     4.6416E+00  -1.29915045E+03 +/-   6.89552442E-04   2.41012605E-02
    11     1.0000E+00  -1.29915061E+03 +/-   6.87335101E-04   2.39465086E-02
    12     2.1544E-01  -1.29915072E+03 +/-   6.85993731E-04   2.38531341E-02
    13     4.6416E-02  -1.29915074E+03 +/-   6.85730441E-04   2.38348275E-02
    14     1.0000E-02  -1.29915074E+03 +/-   6.85702561E-04   2.38328895E-02
    15     2.1544E-03  -1.29915074E+03 +/-   6.85699198E-04   2.38326557E-02
    16     4.6416E-04  -1.29915074E+03 +/-   6.85698619E-04   2.38326154E-02
    17     1.0000E-04  -1.29915074E+03 +/-   6.85698502E-04   2.38326073E-02
    18     2.1544E-05  -1.29915074E+03 +/-   6.85698477E-04   2.38326055E-02
    19     4.6416E-06  -1.29915074E+03 +/-   6.85698471E-04   2.38326052E-02
    20     1.0000E-06  -1.29915074E+03 +/-   6.85698470E-04   2.38326051E-02
    21     0.0000E+00  -1.29915074E+03 +/-   6.85698470E-04   2.38326050E-02
* Iteration # 1: E =  -1.299150744618E+03 +/-   6.856984696531E-04
* Reached maximum number of iterations: exiting.
* After optimization:
  -3.3857E+00  -3.3854E+00  -3.3944E+00  -3.3771E+00  -3.4008E+00  -3.3555E+00
  -3.3365E+00  -3.3734E+00  -3.3614E+00   7.2238E-01   7.0267E-01   8.9730E-01
   5.0375E-01   5.3550E-01   5.1865E-01   4.7411E-01   5.4279E-01   5.1610E-01
   5.8523E-01   5.7748E-01   6.1509E-01   6.0357E-01   6.1734E-01   6.1264E-01
   6.2575E-01   6.1984E-01   6.2789E-01   6.1329E-01   6.4995E-01   6.2717E-01
   8.2801E-02   8.3155E-02   1.1325E-01   1.9673E-01   3.3400E-01   3.3841E-01
   3.2333E-01   3.2958E-01   2.9690E-01   2.4445E-01   2.4627E-01   2.3551E-01
   2.3573E-01   1.9131E-01   1.9238E-01   8.4273E-02   8.6395E-02   1.0830E-01
   1.0667E-01   1.0488E-01   1.0300E-01   2.4054E-01   2.3253E-01   2.1946E-01
   2.1732E-01   2.2817E-01   2.1545E-01   2.1563E-01   2.1165E-01   2.8224E-01
   2.8504E-01   1.8924E-01   1.9051E-01   2.1248E-01   2.0637E-01   2.1197E-01
   2.0602E-01   1.9885E-01   1.9363E-01   2.0323E-01   1.8899E-01   3.9338E-02
   5.7701E-02   5.5247E-02   8.1994E-02   9.1398E-02   4.5223E-02   4.6275E-02
   1.8846E-02   1.6924E-02   4.5132E-01   4.4566E-01  -4.3319E-03  -1.0916E-03
  -6.4212E-03  -5.6348E-03   2.7707E-03  -6.0886E-03   2.8933E-02   2.3848E-02
  -2.8799E-03  -2.6545E-03   2.1332E-02   1.1776E-02   5.2782E-02   5.4654E-02
   8.0352E-02   7.3515E-02  -1.7574E-01  -4.3904E-01  -2.4022E-01  -5.0224E-01
  -2.2613E-01  -2.0868E-01  -2.4508E-01  -2.5085E-01  -2.5458E-01  -2.2665E-01
  -1.6639E-01  -2.2412E-01  -1.7167E-01  -2.6523E-01  -2.1538E-01  -2.5380E-01
  -2.3714E-01  -2.8069E-01  -2.3408E-01  -2.9598E-01  -2.5673E-01  -2.8551E-01
  -2.2365E-01  -3.1587E-01  -2.6894E-01  -3.0495E-01  -1.1198E-01   1.7723E-02
  -1.2258E-01   3.0019E-02  -1.2375E-01  -2.0732E-02  -8.5791E-02  -1.5313E-01
  -1.7454E-01  -2.0467E-01  -1.6258E-01  -1.9424E-01  -1.3431E-01  -1.9036E-01
  -1.2543E-01  -1.5710E-01  -9.7338E-02  -1.4765E-01  -4.4947E-02  -1.2695E-01
  -4.0833E-02  -3.3920E-02  -6.2010E-02  -3.4425E-02  -5.9267E-02  -4.5094E-02
  -1.3508E-01  -1.1284E-01  -1.3579E-01  -8.8331E-02  -1.2458E-01  -1.0732E-01
  -1.3101E-01  -8.9874E-02  -1.1157E-01  -2.0741E-01  -1.0379E-01  -1.0964E-01
  -1.4135E-01  -9.0408E-02  -1.2053E-01  -1.1576E-01  -1.0034E-01  -1.1461E-01
  -1.0853E-01  -1.0870E-01  -3.1908E-02  -1.2838E-02  -5.1692E-02  -9.3610E-03
  -6.7904E-02  -3.3450E-02  -3.2046E-02  -3.0715E-02  -1.2740E-02   4.1362E-04
  -1.5407E-01  -3.3643E-01   3.2735E-03   8.7848E-03   5.5408E-03   6.1802E-03
   3.6033E-03   7.9807E-04  -1.8415E-02  -1.3214E-02   1.2752E-03   1.7170E-03
   3.0713E-03  -2.1614E-02  -2.5863E-02  -1.2058E-02  -4.0081E-02  -2.8053E-02
  > Energy =  -1.299150744618E+03 +/-   6.856984696531E-04
  > varE =   2.383260504943E-02

VMC #6:
* Size of Hilbert space =   5.4457E+18
* Number of equil. steps   = 1000
* Running VMC equilibration.
  Done. [total walltime: 0.10s]
* Equil. acc.ratio (%)     =  11.4234
* Sample config after equilibration:
  [draw: system geometry not defined]
* Number of accum. steps   = 101376 x 10
* Running VMC accumulation.
  Done. [total walltime: 47.9s]
* Acceptance ratio (%)     =  11.3725
* Etot/t                   =  -1.299147907077E+03 +/-   4.918238848577E-04
  > Ttot/t                 =  -1.396175772463E+02 +/-   2.682077369098E-03
  > Utot/t                 =   6.247501904900E+01 +/-   2.659443541845E-03
* var[Eloc/t]              =   2.383948981737E-02 +/-   2.554552536728E-04
* Correlation length       =   1.028625830884E+00
* log10 Psi^2 range: -43.69925419222967 -- -29.94755897348410
* log10 Pgen range : -43.69925419222967 -- -29.94755897348410
* Site occupation (ave. no. electrons per config.):
  > Site_  ___eu____  ___ed____
      1        0.494      0.502
      2        0.500      0.499
      3        0.495      0.496
      4        0.494      0.501
      5        0.503      0.491
      6        0.504      0.500
      7        0.499      0.507
      8        0.502      0.501
      9        0.509      0.499
     10        0.496      0.505
     11        0.501      0.496
     12        0.497      0.499
     13        0.502      0.498
     14        0.500      0.500
     15        0.497      0.499
     16        0.503      0.502
     17        0.503      0.502
     18        0.505      0.501
     19        0.504      0.503
     20        0.501      0.497
     21        0.495      0.498
     22        0.502      0.500
     23        0.496      0.497
     24        0.506      0.501
     25        0.502      0.505
     26        0.497      0.502
     27        0.500      0.501
     28        0.506      0.499
     29        0.503      0.501
     30        0.499      0.504
     31        0.500      0.498
     32        0.491      0.498
     33        0.496      0.496
     34        0.497      0.504
* Pair-correlation analysis (ave. no. pairs per config.):
  > Shell  nsite  ___dh____  __eueu___  __eued___
      0      1        0          0          6.121
      1      0        0.980      0.460      2.571
      2      0        0.228      0.796      1.036
      3      0        0.268      0.757      1.045
      4      0        0.138      0.367      0.521
      5      0        0.272      0.744      1.042
      6      0        0.252      0.762      1.025
      7      0        0.818      0.782      2.427
      8      0        0.755      0.960      2.345
      9      0        0.689      1.104      2.277
     10      0        0.626      1.230      2.223
     11      0        0.580      1.350      2.161
     12      0        0.446      1.599      2.043
     13      0        0.516      1.476      2.129
     14      0        0.158      0.815      1.143
     15      0        0.158      0.819      1.134
     16      0        0.152      0.843      1.118
     17      0        0.149      0.868      1.065
     18      0        0.240      2.091      1.937
     19      0        0.244      2.089      1.941
     20      0        0.124      1.049      0.966
     21      0        0.234      2.070      1.936
     22      0        0.246      2.011      1.973
     23      0        0.275      1.935      2.017
     24      0        0.306      1.901      2.039
     25      0        0.317      1.917      2.041
     26      0        0.327      1.897      2.028
     27      0        0.255      2.075      1.959
     28      0        0.266      2.071      1.945
     29      0        0.260      2.093      1.934
     30      0        0.258      2.098      1.938
     31      0        0.244      2.076      1.938
     32      0        0.295      2.059      1.934
     33      0        0.259      2.114      1.921
     34      0        0.296      2.068      1.937
     35      0        0.281      2.072      1.922
     36      0        0.245      2.109      1.912
     37      0        0.121      0.980      1.039
     38      0        0.238      1.963      2.073
     39      0        0.235      1.968      2.065
     40      0        0.234      1.976      2.024
     41      0        0.269      2.036      1.974
     42      0        0.218      2.110      1.930
     43      0        0.261      2.034      1.949
     44      0        0.269      2.036      1.971
     45      0        0.273      2.020      1.970
     46      0        0.270      2.017      1.982
     47      0        0.260      2.012      1.980
     48      0        0.235      2.042      1.983
     49      0        0.279      1.862      2.090
     50      0        0.280      1.914      2.078
     51      0        0.264      1.942      2.080
     52      0        0.301      1.950      1.994
     53      0        0.307      1.967      2.000
     54      0        0.261      1.960      2.054
     55      0        0.157      0.979      0.996
     56      0        0.239      1.994      2.006
     57      0        0.234      2.012      2.032
     58      0        0.272      1.971      2.017
     59      0        0.264      1.968      2.016
     60      0        0.242      2.003      2.030
     61      0        0.244      1.983      2.028
     62      0        0.251      1.984      2.055
     63      0        0.157      0.994      0.981
     64      0        0.312      1.995      1.964
     65      0        0.273      1.984      2.011
     66      0        0.266      2.004      1.977
     67      0        0.272      1.987      2.020
     68      0        0.274      2.014      1.992
     69      0        0.268      1.987      2.011
     70      0        0.294      1.962      1.987
     71      0        0.305      1.980      1.995
     72      0        0.307      1.987      1.945
     73      0        0.272      2.008      1.991
     74      0        0.269      1.980      2.012
     75      0        0.305      1.995      1.982
     76      0        0.269      1.978      1.994
     77      0        0.249      1.864      2.137
     78      0        0.275      2.009      1.977
     79      0        0.239      2.020      1.999
     80      0        0.260      2.001      1.991
     81      0        0.267      2.010      2.002
     82      0        0.119      1.013      1.005
     83      0        0.267      2.002      1.998
     84      0        0.265      2.001      1.977
     85      0        0.152      0.998      0.993
     86      0        0.298      1.971      1.977
     87      0        0.238      2.012      1.987
     88      0        0.262      2.005      2.007
     89      0        0.300      1.980      1.959
     90      0        0.296      1.981      1.973
     91      0        0.270      1.995      1.990
     92      0        0.232      2.031      2.019
     93      0        0.152      0.994      0.998
     94      0        0.235      2.037      2.005
     95      0        0.235      2.000      2.011
     96      0        0.262      1.988      1.992
     97      0        0.264      1.979      1.990
     98      0        0.238      2.021      2.009
     99      0        0.230      2.018      2.003
    100      0        0.241      2.004      2.018
    101      0        0.269      2.004      2.002
    102      0        0.265      2.001      2.014
    103      0        0.245      2.026      1.999
    104      0        0.260      1.985      2.005
    105      0        0.291      1.980      1.985
    106      0        0.141      0.986      0.984
    107      0        0.236      2.013      2.019
    108      0        0.271      1.992      2.011
    109      0        0.261      1.994      1.988
    110      0        0.234      2.018      2.025
    111      0        0.237      2.012      1.998
    112      0        0.235      2.021      2.019
    113      0        0.267      1.997      1.992
    114      0        0.252      2.002      1.993
    115      0        0.270      1.995      1.993
    116      0        0.263      1.987      1.989
    117      0        0.120      1.005      1.008
    118      0        0.266      2.001      2.002
    119      0        0.262      1.995      1.989
    120      0        0.234      2.001      2.008
    121      0        0.236      2.010      2.014
    122      0        0.260      1.991      1.984
    123      0        0.234      2.005      2.002
    124      0        0.269      1.994      1.997
    125      0        0.291      1.984      1.981
    126      0        0.251      1.980      2.027
    127      0        0.263      1.985      1.991
    128      0        0.255      1.985      1.975
    129      0        0.234      2.020      2.010
    130      0        0.262      1.992      1.992
    131      0        0.233      2.021      2.016
    132      0        0.272      1.999      1.990
    133      0        0.228      2.005      2.016
    134      0        0.118      1.007      1.004
    135      0        0.112      1.016      1.011
    136      0        0.236      1.999      2.006
    137      0        0.142      0.979      0.987
    138      0        0.113      0.997      0.997
    139      0        0.266      1.995      1.988
    140      0        0.236      1.996      2.000
    141      0        0.256      1.979      1.981
    142      0        0.235      1.995      1.997
    143      0        0.234      2.014      2.020
    144      0        0.260      2.009      2.011
    145      0        0.115      1.011      1.011
    146      0        0.230      2.006      2.010
    147      0        0.234      2.012      2.016
    148      0        0.264      2.001      2.005
    149      0        0.114      0.997      0.997
    150      0        0.239      2.016      2.006
    151      0        0.116      1.006      1.004
    152      0        0.259      1.985      1.993
    153      0        0.256      1.994      1.997

Optimization #6:
* Method          : lls
* Target function : energy
* No. of configs. : 50688
* No. of params.  : 198
* Before optimization:
  -3.3857E+00  -3.3854E+00  -3.3944E+00  -3.3771E+00  -3.4008E+00  -3.3555E+00
  -3.3365E+00  -3.3734E+00  -3.3614E+00   7.2238E-01   7.0267E-01   8.9730E-01
   5.0375E-01   5.3550E-01   5.1865E-01   4.7411E-01   5.4279E-01   5.1610E-01
   5.8523E-01   5.7748E-01   6.1509E-01   6.0357E-01   6.1734E-01   6.1264E-01
   6.2575E-01   6.1984E-01   6.2789E-01   6.1329E-01   6.4995E-01   6.2717E-01
   8.2801E-02   8.3155E-02   1.1325E-01   1.9673E-01   3.3400E-01   3.3841E-01
   3.2333E-01   3.2958E-01   2.9690E-01   2.4445E-01   2.4627E-01   2.3551E-01
   2.3573E-01   1.9131E-01   1.9238E-01   8.4273E-02   8.6395E-02   1.0830E-01
   1.0667E-01   1.0488E-01   1.0300E-01   2.4054E-01   2.3253E-01   2.1946E-01
   2.1732E-01   2.2817E-01   2.1545E-01   2.1563E-01   2.1165E-01   2.8224E-01
   2.8504E-01   1.8924E-01   1.9051E-01   2.1248E-01   2.0637E-01   2.1197E-01
   2.0602E-01   1.9885E-01   1.9363E-01   2.0323E-01   1.8899E-01   3.9338E-02
   5.7701E-02   5.5247E-02   8.1994E-02   9.1398E-02   4.5223E-02   4.6275E-02
   1.8846E-02   1.6924E-02   4.5132E-01   4.4566E-01  -4.3319E-03  -1.0916E-03
  -6.4212E-03  -5.6348E-03   2.7707E-03  -6.0886E-03   2.8933E-02   2.3848E-02
  -2.8799E-03  -2.6545E-03   2.1332E-02   1.1776E-02   5.2782E-02   5.4654E-02
   8.0352E-02   7.3515E-02  -1.7574E-01  -4.3904E-01  -2.4022E-01  -5.0224E-01
  -2.2613E-01  -2.0868E-01  -2.4508E-01  -2.5085E-01  -2.5458E-01  -2.2665E-01
  -1.6639E-01  -2.2412E-01  -1.7167E-01  -2.6523E-01  -2.1538E-01  -2.5380E-01
  -2.3714E-01  -2.8069E-01  -2.3408E-01  -2.9598E-01  -2.5673E-01  -2.8551E-01
  -2.2365E-01  -3.1587E-01  -2.6894E-01  -3.0495E-01  -1.1198E-01   1.7723E-02
  -1.2258E-01   3.0019E-02  -1.2375E-01  -2.0732E-02  -8.5791E-02  -1.5313E-01
  -1.7454E-01  -2.0467E-01  -1.6258E-01  -1.9424E-01  -1.3431E-01  -1.9036E-01
  -1.2543E-01  -1.5710E-01  -9.7338E-02  -1.4765E-01  -4.4947E-02  -1.2695E-01
  -4.0833E-02  -3.3920E-02  -6.2010E-02  -3.4425E-02  -5.9267E-02  -4.5094E-02
  -1.3508E-01  -1.1284E-01  -1.3579E-01  -8.8331E-02  -1.2458E-01  -1.0732E-01
  -1.3101E-01  -8.9874E-02  -1.1157E-01  -2.0741E-01  -1.0379E-01  -1.0964E-01
  -1.4135E-01  -9.0408E-02  -1.2053E-01  -1.1576E-01  -1.0034E-01  -1.1461E-01
  -1.0853E-01  -1.0870E-01  -3.1908E-02  -1.2838E-02  -5.1692E-02  -9.3610E-03
  -6.7904E-02  -3.3450E-02  -3.2046E-02  -3.0715E-02  -1.2740E-02   4.1362E-04
  -1.5407E-01  -3.3643E-01   3.2735E-03   8.7848E-03   5.5408E-03   6.1802E-03
   3.6033E-03   7.9807E-04  -1.8415E-02  -1.3214E-02   1.2752E-03   1.7170E-03
   3.0713E-03  -2.1614E-02  -2.5863E-02  -1.2058E-02  -4.0081E-02  -2.8053E-02
  > E    =  -1.299148216747E+03 +/-   6.868642255367E-04
  > varE =   2.391370955156E-02
* Computing derivatives.
    [walltime: 2m27s elapsed, 10m59s remaining]
  Done. [total walltime: 13m18s]
* Optimizing manipulation constant:
  #igrid a___________ E____________________________________ varE____________
     1     Infinity    -1.29914822E+03 +/-   6.86864226E-04   2.39137096E-02
     2     1.0000E+06  -1.29914822E+03 +/-   6.86864219E-04   2.39137091E-02
     3     2.1544E+05  -1.29914822E+03 +/-   6.86864196E-04   2.39137075E-02
     4     4.6416E+04  -1.29914822E+03 +/-   6.86864091E-04   2.39137002E-02
     5     1.0000E+04  -1.29914822E+03 +/-   6.86863599E-04   2.39136659E-02
     6     2.1544E+03  -1.29914822E+03 +/-   6.86861321E-04   2.39135073E-02
     7     4.6416E+02  -1.29914822E+03 +/-   6.86850787E-04   2.39127738E-02
     8     1.0000E+02  -1.29914822E+03 +/-   6.86802787E-04   2.39094317E-02
     9     2.1544E+01  -1.29914824E+03 +/-   6.86597802E-04   2.38951617E-02
    10     4.6416E+00  -1.29914831E+03 +/-   6.85927067E-04   2.38484982E-02
    11     1.0000E+00  -1.29914843E+03 +/-   6.85002977E-04   2.37842835E-02
    12     2.1544E-01  -1.29914851E+03 +/-   6.85101562E-04   2.37911301E-02
    13     4.6416E-02  -1.29914852E+03 +/-   6.85545498E-04   2.38219726E-02
    14     1.0000E-02  -1.29914852E+03 +/-   6.85716525E-04   2.38338601E-02
    15     2.1544E-03  -1.29914852E+03 +/-   6.85758866E-04   2.38368036E-02
    16     4.6416E-04  -1.29914852E+03 +/-   6.85768275E-04   2.38374577E-02
    17     1.0000E-04  -1.29914852E+03 +/-   6.85770316E-04   2.38375996E-02
    18     2.1544E-05  -1.29914852E+03 +/-   6.85770756E-04   2.38376302E-02
    19     4.6416E-06  -1.29914852E+03 +/-   6.85770851E-04   2.38376368E-02
    20     1.0000E-06  -1.29914852E+03 +/-   6.85770871E-04   2.38376382E-02
    21     0.0000E+00  -1.29914852E+03 +/-   6.85770877E-04   2.38376386E-02
* Iteration # 1: E =  -1.299148523958E+03 +/-   6.855454975371E-04
* Reached maximum number of iterations: exiting.
* After optimization:
  -3.4427E+00  -3.4523E+00  -3.4581E+00  -3.4383E+00  -3.4411E+00  -3.4092E+00
  -3.3968E+00  -3.4341E+00  -3.4156E+00   7.0814E-01   7.0384E-01   8.9498E-01
   5.1774E-01   5.5798E-01   5.2101E-01   4.7289E-01   5.4721E-01   5.1673E-01
   5.9109E-01   5.7453E-01   6.3314E-01   6.1727E-01   6.2152E-01   6.0735E-01
   6.3191E-01   6.2851E-01   6.1783E-01   6.0596E-01   6.5515E-01   6.3670E-01
   9.0260E-02   8.6574E-02   1.2076E-01   2.1802E-01   3.3609E-01   3.4287E-01
   3.4059E-01   3.3602E-01   2.8673E-01   2.3448E-01   2.3766E-01   2.5289E-01
   2.5120E-01   2.0309E-01   2.0490E-01   1.0114E-01   9.9068E-02   1.1012E-01
   1.0222E-01   1.0731E-01   1.0937E-01   2.4779E-01   2.4287E-01   2.2220E-01
   2.1764E-01   2.3604E-01   2.2949E-01   2.2445E-01   2.2121E-01   2.8762E-01
   2.8449E-01   1.9477E-01   1.9684E-01   2.1673E-01   2.0587E-01   2.1560E-01
   2.0759E-01   2.0516E-01   2.0647E-01   2.0644E-01   1.9477E-01   4.8776E-02
   5.1810E-02   5.5088E-02   7.6083E-02   8.1664E-02   7.6263E-02   7.5353E-02
   9.1678E-03   7.7556E-03   4.5903E-01   4.5344E-01   2.8593E-03  -3.0527E-04
  -5.8134E-03  -4.7323E-03   4.2936E-03   3.7999E-03   1.9719E-02   2.0106E-02
   9.9702E-03   6.1376E-03   3.1298E-02   3.0658E-02   6.1824E-02   5.8683E-02
   7.8776E-02   7.3626E-02  -1.6968E-01  -4.4417E-01  -2.2123E-01  -5.1379E-01
  -2.3893E-01  -2.1905E-01  -2.6905E-01  -2.4724E-01  -2.3443E-01  -2.3751E-01
  -1.6450E-01  -2.2406E-01  -1.8210E-01  -2.6627E-01  -2.1012E-01  -2.5946E-01
  -2.4193E-01  -2.9413E-01  -2.3405E-01  -2.8635E-01  -2.4803E-01  -2.9583E-01
  -2.1901E-01  -3.0660E-01  -2.7443E-01  -3.0498E-01  -1.1590E-01   1.3366E-02
  -1.2099E-01   2.0914E-02  -1.3174E-01  -2.1889E-02  -8.1472E-02  -1.7075E-01
  -1.7528E-01  -2.0729E-01  -1.6414E-01  -2.0732E-01  -1.3602E-01  -1.7925E-01
  -1.2492E-01  -1.5152E-01  -1.0220E-01  -1.6332E-01  -4.0890E-02  -1.3905E-01
  -5.1774E-02  -3.9097E-02  -5.8223E-02  -4.0986E-02  -5.8408E-02  -4.3973E-02
  -1.3927E-01  -1.1111E-01  -1.3117E-01  -1.0052E-01  -1.3644E-01  -1.0597E-01
  -1.2961E-01  -1.0288E-01  -1.1369E-01  -2.0777E-01  -1.0671E-01  -1.1464E-01
  -1.3525E-01  -8.9674E-02  -1.1434E-01  -1.2438E-01  -1.0769E-01  -1.1705E-01
  -1.1170E-01  -1.1097E-01  -4.0369E-02  -1.2441E-02  -4.7526E-02  -1.3664E-02
  -6.3597E-02  -3.3464E-02  -4.5182E-02  -4.5257E-02  -4.1902E-03   1.4520E-03
  -1.4775E-01  -3.5541E-01   2.4657E-03   4.1145E-03   4.1589E-03   3.6032E-03
  -1.0190E-03  -3.3817E-04  -1.5885E-02  -1.1807E-02  -6.6674E-03  -3.8399E-03
   4.5933E-04  -3.6805E-02  -2.8117E-02  -2.0089E-02  -3.5040E-02  -3.4043E-02
  > Energy =  -1.299148523958E+03 +/-   6.855454975371E-04
  > varE =   2.382197262855E-02

VMC #7:
* Size of Hilbert space =   5.4457E+18
* Number of equil. steps   = 1000
* Running VMC equilibration.
  Done. [total walltime: 0.10s]
* Equil. acc.ratio (%)     =  11.3992
* Sample config after equilibration:
  [draw: system geometry not defined]
* Number of accum. steps   = 101376 x 10
* Running VMC accumulation.
  Done. [total walltime: 47.6s]
* Acceptance ratio (%)     =  11.3600
* Etot/t                   =  -1.299149618607E+03 +/-   4.982334038699E-04
  > Ttot/t                 =  -1.396031206402E+02 +/-   2.634883203988E-03
  > Utot/t                 =   6.245885091308E+01 +/-   2.614096375672E-03
* var[Eloc/t]              =   2.482929538084E-02 +/-   7.842354657966E-04
* Correlation length       =   1.013529604655E+00
* log10 Psi^2 range: -44.53014144640746 -- -31.28069468289486
* log10 Pgen range : -44.53014144640746 -- -31.28069468289486
* Site occupation (ave. no. electrons per config.):
  > Site_  ___eu____  ___ed____
      1        0.502      0.495
      2        0.495      0.501
      3        0.501      0.493
      4        0.495      0.493
      5        0.497      0.491
      6        0.504      0.503
      7        0.502      0.506
      8        0.502      0.510
      9        0.502      0.505
     10        0.497      0.505
     11        0.506      0.493
     12        0.497      0.497
     13        0.500      0.499
     14        0.494      0.500
     15        0.498      0.498
     16        0.507      0.504
     17        0.505      0.502
     18        0.503      0.507
     19        0.502      0.507
     20        0.499      0.495
     21        0.494      0.502
     22        0.509      0.504
     23        0.498      0.493
     24        0.501      0.506
     25        0.501      0.500
     26        0.499      0.498
     27        0.506      0.501
     28        0.505      0.505
     29        0.498      0.506
     30        0.497      0.493
     31        0.498      0.500
     32        0.497      0.497
     33        0.495      0.498
     34        0.494      0.493
* Pair-correlation analysis (ave. no. pairs per config.):
  > Shell  nsite  ___dh____  __eueu___  __eued___
      0      1        0          0          6.106
      1      0        0.966      0.461      2.580
      2      0        0.226      0.788      1.046
      3      0        0.266      0.744      1.028
      4      0        0.137      0.362      0.521
      5      0        0.273      0.742      1.033
      6      0        0.250      0.769      1.026
      7      0        0.820      0.796      2.430
      8      0        0.752      0.963      2.342
      9      0        0.690      1.095      2.281
     10      0        0.626      1.225      2.219
     11      0        0.579      1.361      2.166
     12      0        0.442      1.601      2.044
     13      0        0.518      1.471      2.124
     14      0        0.155      0.816      1.150
     15      0        0.157      0.830      1.143
     16      0        0.151      0.857      1.121
     17      0        0.148      0.858      1.070
     18      0        0.243      2.096      1.961
     19      0        0.247      2.102      1.948
     20      0        0.120      1.052      0.975
     21      0        0.229      2.073      1.951
     22      0        0.247      2.017      1.962
     23      0        0.274      1.935      2.021
     24      0        0.312      1.888      2.016
     25      0        0.315      1.895      2.018
     26      0        0.317      1.888      2.032
     27      0        0.255      2.070      1.955
     28      0        0.260      2.077      1.958
     29      0        0.261      2.087      1.927
     30      0        0.263      2.096      1.927
     31      0        0.242      2.076      1.943
     32      0        0.296      2.056      1.915
     33      0        0.257      2.111      1.919
     34      0        0.287      2.048      1.930
     35      0        0.279      2.051      1.923
     36      0        0.249      2.104      1.931
     37      0        0.122      0.985      1.036
     38      0        0.237      1.978      2.087
     39      0        0.234      1.995      2.078
     40      0        0.235      1.983      2.030
     41      0        0.266      2.029      1.964
     42      0        0.215      2.123      1.914
     43      0        0.256      2.048      1.969
     44      0        0.268      2.031      1.975
     45      0        0.271      2.032      1.967
     46      0        0.262      2.023      1.994
     47      0        0.260      1.990      1.965
     48      0        0.233      2.051      1.995
     49      0        0.282      1.881      2.093
     50      0        0.287      1.896      2.063
     51      0        0.270      1.937      2.066
     52      0        0.303      1.945      1.986
     53      0        0.307      1.937      1.984
     54      0        0.259      1.952      2.074
     55      0        0.154      0.976      0.996
     56      0        0.239      1.998      2.014
     57      0        0.237      2.020      2.040
     58      0        0.267      1.968      2.003
     59      0        0.271      1.971      2.010
     60      0        0.244      2.018      2.035
     61      0        0.247      1.989      2.032
     62      0        0.251      1.984      2.056
     63      0        0.156      0.993      0.973
     64      0        0.308      1.990      1.935
     65      0        0.274      1.990      2.014
     66      0        0.261      2.009      1.987
     67      0        0.278      1.968      2.006
     68      0        0.268      2.004      1.992
     69      0        0.270      1.989      2.006
     70      0        0.299      1.955      1.976
     71      0        0.305      1.958      1.978
     72      0        0.302      1.987      1.948
     73      0        0.271      2.010      2.000
     74      0        0.267      1.981      2.001
     75      0        0.303      1.972      1.968
     76      0        0.267      1.975      1.979
     77      0        0.250      1.873      2.137
     78      0        0.270      1.993      1.964
     79      0        0.236      2.031      2.015
     80      0        0.262      1.997      1.999
     81      0        0.268      2.002      2.001
     82      0        0.119      1.015      1.020
     83      0        0.261      2.011      2.007
     84      0        0.261      1.987      1.980
     85      0        0.151      0.986      0.978
     86      0        0.296      1.977      1.969
     87      0        0.230      2.026      2.004
     88      0        0.265      2.011      2.005
     89      0        0.291      1.976      1.966
     90      0        0.290      1.980      1.973
     91      0        0.263      1.987      1.995
     92      0        0.232      2.043      2.029
     93      0        0.153      0.980      0.981
     94      0        0.229      2.051      2.022
     95      0        0.235      2.007      2.006
     96      0        0.264      2.000      2.008
     97      0        0.262      1.984      1.972
     98      0        0.238      2.017      2.012
     99      0        0.235      2.004      2.005
    100      0        0.235      2.014      2.024
    101      0        0.268      1.997      2.010
    102      0        0.260      2.001      2.008
    103      0        0.241      2.045      2.014
    104      0        0.261      1.992      2.003
    105      0        0.289      1.970      1.978
    106      0        0.142      0.986      0.987
    107      0        0.238      2.020      2.011
    108      0        0.264      2.002      2.004
    109      0        0.263      1.975      1.985
    110      0        0.237      2.027      2.031
    111      0        0.232      2.004      2.012
    112      0        0.227      2.044      2.042
    113      0        0.268      1.991      1.983
    114      0        0.259      2.000      2.006
    115      0        0.266      1.990      1.992
    116      0        0.259      1.977      1.985
    117      0        0.117      1.020      1.020
    118      0        0.264      1.989      1.986
    119      0        0.261      1.980      1.972
    120      0        0.236      2.009      2.000
    121      0        0.242      2.011      2.023
    122      0        0.254      1.994      1.995
    123      0        0.232      2.018      2.011
    124      0        0.263      1.998      1.993
    125      0        0.294      1.968      1.968
    126      0        0.251      1.965      2.007
    127      0        0.260      1.985      1.982
    128      0        0.251      1.985      1.978
    129      0        0.233      2.031      2.018
    130      0        0.262      2.001      1.999
    131      0        0.235      2.042      2.035
    132      0        0.266      1.998      1.987
    133      0        0.230      2.004      2.024
    134      0        0.113      1.005      1.008
    135      0        0.113      1.020      1.025
    136      0        0.229      2.019      2.013
    137      0        0.139      0.990      0.986
    138      0        0.112      0.991      0.999
    139      0        0.265      1.969      1.979
    140      0        0.235      1.992      1.994
    141      0        0.255      1.978      1.979
    142      0        0.231      2.001      1.993
    143      0        0.232      2.015      2.023
    144      0        0.269      2.000      1.994
    145      0        0.114      1.025      1.018
    146      0        0.229      2.019      2.009
    147      0        0.232      2.023      2.026
    148      0        0.260      1.988      1.992
    149      0        0.112      0.997      0.994
    150      0        0.235      2.022      2.023
    151      0        0.115      1.005      1.005
    152      0        0.260      1.985      1.991
    153      0        0.260      2.003      2.002

Optimization #7:
* Method          : lls
* Target function : energy
* No. of configs. : 50688
* No. of params.  : 198
* Before optimization:
  -3.4427E+00  -3.4523E+00  -3.4581E+00  -3.4383E+00  -3.4411E+00  -3.4092E+00
  -3.3968E+00  -3.4341E+00  -3.4156E+00   7.0814E-01   7.0384E-01   8.9498E-01
   5.1774E-01   5.5798E-01   5.2101E-01   4.7289E-01   5.4721E-01   5.1673E-01
   5.9109E-01   5.7453E-01   6.3314E-01   6.1727E-01   6.2152E-01   6.0735E-01
   6.3191E-01   6.2851E-01   6.1783E-01   6.0596E-01   6.5515E-01   6.3670E-01
   9.0260E-02   8.6574E-02   1.2076E-01   2.1802E-01   3.3609E-01   3.4287E-01
   3.4059E-01   3.3602E-01   2.8673E-01   2.3448E-01   2.3766E-01   2.5289E-01
   2.5120E-01   2.0309E-01   2.0490E-01   1.0114E-01   9.9068E-02   1.1012E-01
   1.0222E-01   1.0731E-01   1.0937E-01   2.4779E-01   2.4287E-01   2.2220E-01
   2.1764E-01   2.3604E-01   2.2949E-01   2.2445E-01   2.2121E-01   2.8762E-01
   2.8449E-01   1.9477E-01   1.9684E-01   2.1673E-01   2.0587E-01   2.1560E-01
   2.0759E-01   2.0516E-01   2.0647E-01   2.0644E-01   1.9477E-01   4.8776E-02
   5.1810E-02   5.5088E-02   7.6083E-02   8.1664E-02   7.6263E-02   7.5353E-02
   9.1678E-03   7.7556E-03   4.5903E-01   4.5344E-01   2.8593E-03  -3.0527E-04
  -5.8134E-03  -4.7323E-03   4.2936E-03   3.7999E-03   1.9719E-02   2.0106E-02
   9.9702E-03   6.1376E-03   3.1298E-02   3.0658E-02   6.1824E-02   5.8683E-02
   7.8776E-02   7.3626E-02  -1.6968E-01  -4.4417E-01  -2.2123E-01  -5.1379E-01
  -2.3893E-01  -2.1905E-01  -2.6905E-01  -2.4724E-01  -2.3443E-01  -2.3751E-01
  -1.6450E-01  -2.2406E-01  -1.8210E-01  -2.6627E-01  -2.1012E-01  -2.5946E-01
  -2.4193E-01  -2.9413E-01  -2.3405E-01  -2.8635E-01  -2.4803E-01  -2.9583E-01
  -2.1901E-01  -3.0660E-01  -2.7443E-01  -3.0498E-01  -1.1590E-01   1.3366E-02
  -1.2099E-01   2.0914E-02  -1.3174E-01  -2.1889E-02  -8.1472E-02  -1.7075E-01
  -1.7528E-01  -2.0729E-01  -1.6414E-01  -2.0732E-01  -1.3602E-01  -1.7925E-01
  -1.2492E-01  -1.5152E-01  -1.0220E-01  -1.6332E-01  -4.0890E-02  -1.3905E-01
  -5.1774E-02  -3.9097E-02  -5.8223E-02  -4.0986E-02  -5.8408E-02  -4.3973E-02
  -1.3927E-01  -1.1111E-01  -1.3117E-01  -1.0052E-01  -1.3644E-01  -1.0597E-01
  -1.2961E-01  -1.0288E-01  -1.1369E-01  -2.0777E-01  -1.0671E-01  -1.1464E-01
  -1.3525E-01  -8.9674E-02  -1.1434E-01  -1.2438E-01  -1.0769E-01  -1.1705E-01
  -1.1170E-01  -1.1097E-01  -4.0369E-02  -1.2441E-02  -4.7526E-02  -1.3664E-02
  -6.3597E-02  -3.3464E-02  -4.5182E-02  -4.5257E-02  -4.1902E-03   1.4520E-03
  -1.4775E-01  -3.5541E-01   2.4657E-03   4.1145E-03   4.1589E-03   3.6032E-03
  -1.0190E-03  -3.3817E-04  -1.5885E-02  -1.1807E-02  -6.6674E-03  -3.8399E-03
   4.5933E-04  -3.6805E-02  -2.8117E-02  -2.0089E-02  -3.5040E-02  -3.4043E-02
  > E    =  -1.299150107352E+03 +/-   6.897484942431E-04
  > varE =   2.411496731943E-02
* Computing derivatives.
    [walltime: 2m28s elapsed, 11m remaining]
  Done. [total walltime: 13m20s]
* Optimizing manipulation constant:
  #igrid a___________ E____________________________________ varE____________
     1     Infinity    -1.29915011E+03 +/-   6.89748494E-04   2.41149673E-02
     2     1.0000E+06  -1.29915011E+03 +/-   6.89748484E-04   2.41149666E-02
     3     2.1544E+05  -1.29915011E+03 +/-   6.89748448E-04   2.41149641E-02
     4     4.6416E+04  -1.29915011E+03 +/-   6.89748278E-04   2.41149522E-02
     5     1.0000E+04  -1.29915011E+03 +/-   6.89747492E-04   2.41148972E-02
     6     2.1544E+03  -1.29915011E+03 +/-   6.89743844E-04   2.41146422E-02
     7     4.6416E+02  -1.29915011E+03 +/-   6.89726966E-04   2.41134620E-02
     8     1.0000E+02  -1.29915011E+03 +/-   6.89649758E-04   2.41080638E-02
     9     2.1544E+01  -1.29915013E+03 +/-   6.89314159E-04   2.40846064E-02
    10     4.6416E+00  -1.29915020E+03 +/-   6.88122642E-04   2.40014153E-02
    11     1.0000E+00  -1.29915035E+03 +/-   6.85726615E-04   2.38345616E-02
    12     2.1544E-01  -1.29915045E+03 +/-   6.83815885E-04   2.37019199E-02
    13     4.6416E-02  -1.29915047E+03 +/-   6.83198300E-04   2.36591267E-02
    14     1.0000E-02  -1.29915047E+03 +/-   6.83071226E-04   2.36503264E-02
    15     2.1544E-03  -1.29915047E+03 +/-   6.83045529E-04   2.36485470E-02
    16     4.6416E-04  -1.29915047E+03 +/-   6.83040101E-04   2.36481711E-02
    17     1.0000E-04  -1.29915047E+03 +/-   6.83038937E-04   2.36480905E-02
    18     2.1544E-05  -1.29915047E+03 +/-   6.83038686E-04   2.36480731E-02
    19     4.6416E-06  -1.29915047E+03 +/-   6.83038632E-04   2.36480694E-02
    20     1.0000E-06  -1.29915047E+03 +/-   6.83038621E-04   2.36480686E-02
    21     0.0000E+00  -1.29915047E+03 +/-   6.83038618E-04   2.36480684E-02
* Iteration # 1: E =  -1.299150467608E+03 +/-   6.830712260794E-04
* Reached maximum number of iterations: exiting.
* After optimization:
  -3.3966E+00  -3.4067E+00  -3.4191E+00  -3.3924E+00  -3.3739E+00  -3.3716E+00
  -3.3498E+00  -3.3651E+00  -3.3607E+00   7.0838E-01   6.9789E-01   8.9927E-01
   4.9550E-01   5.3573E-01   5.2393E-01   4.7416E-01   5.3809E-01   5.0661E-01
   5.9304E-01   5.7462E-01   6.2159E-01   6.1372E-01   6.2175E-01   6.1303E-01
   6.3338E-01   6.1971E-01   6.2631E-01   6.0183E-01   6.5900E-01   6.3614E-01
   8.8491E-02   7.7336E-02   1.2679E-01   2.0868E-01   3.3418E-01   3.3694E-01
   3.3878E-01   3.2681E-01   2.8896E-01   2.4010E-01   2.3841E-01   2.4415E-01
   2.3533E-01   1.9020E-01   1.9141E-01   1.0405E-01   1.0050E-01   1.0324E-01
   1.0506E-01   1.0139E-01   1.0317E-01   2.5006E-01   2.3852E-01   2.1624E-01
   2.1842E-01   2.2360E-01   2.2173E-01   2.2190E-01   2.2264E-01   2.8431E-01
   2.7382E-01   1.9128E-01   1.9174E-01   2.0824E-01   1.9822E-01   2.1576E-01
   2.1039E-01   2.0796E-01   2.0842E-01   2.0753E-01   1.9514E-01   3.9189E-02
   5.8148E-02   5.1308E-02   7.9044E-02   7.9037E-02   4.8532E-02   6.2419E-02
   8.5151E-03   8.9494E-03   4.5567E-01   4.5407E-01   4.1358E-03  -3.2470E-03
  -5.4310E-03  -9.3969E-03   2.9606E-03   4.3890E-04   1.8552E-02   1.2763E-02
   8.2314E-03   2.3573E-03   1.6212E-02   1.8181E-02   5.7637E-02   5.7948E-02
   7.6889E-02   7.4323E-02  -1.8024E-01  -4.1705E-01  -2.4967E-01  -4.9207E-01
  -2.3256E-01  -1.9933E-01  -2.4785E-01  -2.6074E-01  -2.4829E-01  -2.2556E-01
  -1.5714E-01  -2.2814E-01  -1.6757E-01  -2.6937E-01  -2.2274E-01  -2.5122E-01
  -2.4343E-01  -2.7998E-01  -2.3897E-01  -2.9066E-01  -2.5754E-01  -2.8995E-01
  -2.2964E-01  -3.0378E-01  -2.7853E-01  -3.0475E-01  -1.1197E-01   1.7273E-02
  -1.2353E-01   3.1585E-02  -1.2449E-01  -3.6882E-02  -9.6034E-02  -1.4573E-01
  -1.7379E-01  -1.9813E-01  -1.7100E-01  -1.9253E-01  -1.3757E-01  -1.8213E-01
  -1.2266E-01  -1.5362E-01  -9.8253E-02  -1.5174E-01  -4.6370E-02  -1.2283E-01
  -4.7098E-02  -3.7415E-02  -6.2050E-02  -3.4938E-02  -5.3521E-02  -4.2206E-02
  -1.4354E-01  -1.1203E-01  -1.3419E-01  -8.9847E-02  -1.2601E-01  -1.0490E-01
  -1.3951E-01  -9.7949E-02  -1.1961E-01  -1.9719E-01  -1.0443E-01  -1.1239E-01
  -1.3694E-01  -7.7912E-02  -1.2255E-01  -1.1575E-01  -1.0731E-01  -1.2242E-01
  -1.0162E-01  -1.2189E-01  -3.8896E-02  -3.6111E-03  -5.4094E-02  -6.4620E-03
  -6.9304E-02  -2.7277E-02  -2.9842E-02  -4.1638E-02  -1.2212E-02   4.2626E-03
  -1.6619E-01  -3.3277E-01  -7.3372E-04   8.7760E-03   1.3345E-03   5.1816E-03
  -2.5708E-03   3.5588E-05  -1.1502E-02  -5.7150E-03  -1.1623E-03   4.7682E-04
   8.5076E-03  -2.8155E-02  -2.5906E-02  -1.8064E-02  -4.2114E-02  -2.2888E-02
  > Energy =  -1.299150467608E+03 +/-   6.830712260794E-04
  > varE =   2.365032636921E-02

VMC #8:
* Size of Hilbert space =   5.4457E+18
* Number of equil. steps   = 1000
* Running VMC equilibration.
  Done. [total walltime: 0.10s]
* Equil. acc.ratio (%)     =  11.4388
* Sample config after equilibration:
  [draw: system geometry not defined]
* Number of accum. steps   = 101376 x 10
* Running VMC accumulation.
  Done. [total walltime: 47.6s]
* Acceptance ratio (%)     =  11.4010
* Etot/t                   =  -1.299148530903E+03 +/-   5.032340612190E-04
  > Ttot/t                 =  -1.396055009561E+02 +/-   2.935898139386E-03
  > Utot/t                 =   6.246231893277E+01 +/-   2.900961405978E-03
* var[Eloc/t]              =   2.397071125580E-02 +/-   2.558778288396E-04
* Correlation length       =   1.071011878753E+00
* log10 Psi^2 range: -44.03187143269691 -- -30.86762465108527
* log10 Pgen range : -44.03187143269691 -- -30.86762465108527
* Site occupation (ave. no. electrons per config.):
  > Site_  ___eu____  ___ed____
      1        0.498      0.501
      2        0.499      0.494
      3        0.492      0.499
      4        0.497      0.497
      5        0.497      0.496
      6        0.501      0.501
      7        0.502      0.501
      8        0.505      0.503
      9        0.509      0.502
     10        0.499      0.499
     11        0.501      0.493
     12        0.498      0.494
     13        0.497      0.498
     14        0.501      0.491
     15        0.502      0.498
     16        0.503      0.502
     17        0.502      0.505
     18        0.503      0.501
     19        0.501      0.505
     20        0.500      0.504
     21        0.500      0.503
     22        0.500      0.507
     23        0.497      0.492
     24        0.503      0.507
     25        0.500      0.499
     26        0.505      0.500
     27        0.501      0.510
     28        0.500      0.510
     29        0.503      0.509
     30        0.500      0.492
     31        0.499      0.497
     32        0.489      0.498
     33        0.502      0.495
     34        0.495      0.496
* Pair-correlation analysis (ave. no. pairs per config.):
  > Shell  nsite  ___dh____  __eueu___  __eued___
      0      1        0          0          6.127
      1      0        0.969      0.470      2.583
      2      0        0.230      0.795      1.045
      3      0        0.262      0.753      1.034
      4      0        0.140      0.368      0.521
      5      0        0.269      0.748      1.044
      6      0        0.254      0.755      1.022
      7      0        0.823      0.788      2.416
      8      0        0.751      0.962      2.347
      9      0        0.698      1.088      2.273
     10      0        0.642      1.218      2.216
     11      0        0.578      1.365      2.167
     12      0        0.443      1.588      2.050
     13      0        0.521      1.468      2.119
     14      0        0.157      0.817      1.139
     15      0        0.154      0.835      1.142
     16      0        0.152      0.849      1.119
     17      0        0.150      0.861      1.075
     18      0        0.243      2.098      1.958
     19      0        0.242      2.096      1.950
     20      0        0.122      1.049      0.964
     21      0        0.232      2.079      1.937
     22      0        0.250      2.022      1.948
     23      0        0.276      1.920      2.031
     24      0        0.305      1.894      2.016
     25      0        0.319      1.905      2.018
     26      0        0.330      1.898      2.032
     27      0        0.264      2.053      1.953
     28      0        0.264      2.077      1.958
     29      0        0.264      2.099      1.927
     30      0        0.270      2.090      1.920
     31      0        0.241      2.081      1.938
     32      0        0.291      2.070      1.940
     33      0        0.261      2.103      1.928
     34      0        0.290      2.052      1.935
     35      0        0.281      2.051      1.916
     36      0        0.249      2.102      1.911
     37      0        0.122      0.970      1.042
     38      0        0.241      1.973      2.073
     39      0        0.235      1.990      2.073
     40      0        0.233      1.978      2.038
     41      0        0.264      2.033      1.960
     42      0        0.219      2.127      1.923
     43      0        0.262      2.030      1.962
     44      0        0.267      2.040      1.961
     45      0        0.270      2.036      1.990
     46      0        0.269      2.021      1.989
     47      0        0.257      2.000      1.975
     48      0        0.238      2.058      1.983
     49      0        0.280      1.878      2.083
     50      0        0.285      1.887      2.066
     51      0        0.273      1.927      2.071
     52      0        0.302      1.945      1.985
     53      0        0.316      1.942      1.990
     54      0        0.263      1.964      2.072
     55      0        0.156      0.975      0.999
     56      0        0.236      2.001      2.022
     57      0        0.240      2.015      2.027
     58      0        0.273      1.967      2.006
     59      0        0.273      1.957      1.995
     60      0        0.248      2.008      2.029
     61      0        0.247      1.996      2.039
     62      0        0.258      1.983      2.054
     63      0        0.160      0.996      0.976
     64      0        0.305      2.001      1.951
     65      0        0.273      1.987      2.028
     66      0        0.267      1.991      1.978
     67      0        0.273      1.968      2.008
     68      0        0.269      2.005      1.984
     69      0        0.272      1.992      2.015
     70      0        0.300      1.966      1.972
     71      0        0.308      1.961      1.989
     72      0        0.305      1.984      1.942
     73      0        0.271      2.019      2.002
     74      0        0.273      1.986      2.007
     75      0        0.302      1.993      1.960
     76      0        0.265      1.984      1.991
     77      0        0.250      1.865      2.148
     78      0        0.271      2.005      1.972
     79      0        0.238      2.038      2.013
     80      0        0.265      1.982      1.985
     81      0        0.269      2.003      1.999
     82      0        0.121      1.021      1.012
     83      0        0.266      2.013      2.005
     84      0        0.265      1.997      1.977
     85      0        0.152      0.986      0.983
     86      0        0.298      1.962      1.976
     87      0        0.231      2.028      2.005
     88      0        0.268      2.014      2.001
     89      0        0.297      1.976      1.968
     90      0        0.298      1.969      1.968
     91      0        0.268      1.996      2.006
     92      0        0.240      2.030      2.011
     93      0        0.148      0.988      0.989
     94      0        0.233      2.039      2.012
     95      0        0.239      1.997      2.005
     96      0        0.260      2.000      1.996
     97      0        0.265      1.991      1.988
     98      0        0.238      2.020      2.013
     99      0        0.232      2.003      2.009
    100      0        0.242      2.014      2.011
    101      0        0.268      1.999      2.014
    102      0        0.267      1.998      1.996
    103      0        0.239      2.040      2.006
    104      0        0.261      1.983      1.994
    105      0        0.287      1.978      1.963
    106      0        0.143      0.978      0.980
    107      0        0.238      2.024      2.008
    108      0        0.268      1.995      2.009
    109      0        0.261      1.989      1.990
    110      0        0.239      2.017      2.027
    111      0        0.233      1.999      2.012
    112      0        0.234      2.039      2.029
    113      0        0.268      2.006      1.998
    114      0        0.254      1.998      1.993
    115      0        0.263      2.007      2.002
    116      0        0.269      1.983      1.990
    117      0        0.115      1.019      1.021
    118      0        0.261      1.998      1.998
    119      0        0.258      1.989      1.982
    120      0        0.231      2.012      2.002
    121      0        0.234      2.028      2.030
    122      0        0.259      1.993      1.979
    123      0        0.231      2.015      2.015
    124      0        0.270      1.996      1.995
    125      0        0.293      1.959      1.968
    126      0        0.255      1.969      2.008
    127      0        0.267      1.988      1.984
    128      0        0.253      1.989      1.966
    129      0        0.233      2.031      2.021
    130      0        0.263      1.994      1.996
    131      0        0.234      2.030      2.040
    132      0        0.268      2.000      2.001
    133      0        0.233      2.005      2.015
    134      0        0.116      1.011      1.007
    135      0        0.118      1.013      1.015
    136      0        0.231      2.017      2.009
    137      0        0.142      0.976      0.982
    138      0        0.117      0.992      0.999
    139      0        0.262      1.974      1.985
    140      0        0.232      2.001      2.007
    141      0        0.254      1.969      1.984
    142      0        0.230      2.014      2.003
    143      0        0.243      2.002      2.020
    144      0        0.265      1.997      2.006
    145      0        0.114      1.016      1.017
    146      0        0.228      2.018      2.008
    147      0        0.233      2.020      2.029
    148      0        0.269      1.990      1.993
    149      0        0.112      1.000      0.997
    150      0        0.233      2.023      2.029
    151      0        0.120      1.005      1.009
    152      0        0.259      1.978      1.998
    153      0        0.258      1.996      1.993

Optimization #8:
* Method          : lls
* Target function : energy
* No. of configs. : 50688
* No. of params.  : 198
* Before optimization:
  -3.3966E+00  -3.4067E+00  -3.4191E+00  -3.3924E+00  -3.3739E+00  -3.3716E+00
  -3.3498E+00  -3.3651E+00  -3.3607E+00   7.0838E-01   6.9789E-01   8.9927E-01
   4.9550E-01   5.3573E-01   5.2393E-01   4.7416E-01   5.3809E-01   5.0661E-01
   5.9304E-01   5.7462E-01   6.2159E-01   6.1372E-01   6.2175E-01   6.1303E-01
   6.3338E-01   6.1971E-01   6.2631E-01   6.0183E-01   6.5900E-01   6.3614E-01
   8.8491E-02   7.7336E-02   1.2679E-01   2.0868E-01   3.3418E-01   3.3694E-01
   3.3878E-01   3.2681E-01   2.8896E-01   2.4010E-01   2.3841E-01   2.4415E-01
   2.3533E-01   1.9020E-01   1.9141E-01   1.0405E-01   1.0050E-01   1.0324E-01
   1.0506E-01   1.0139E-01   1.0317E-01   2.5006E-01   2.3852E-01   2.1624E-01
   2.1842E-01   2.2360E-01   2.2173E-01   2.2190E-01   2.2264E-01   2.8431E-01
   2.7382E-01   1.9128E-01   1.9174E-01   2.0824E-01   1.9822E-01   2.1576E-01
   2.1039E-01   2.0796E-01   2.0842E-01   2.0753E-01   1.9514E-01   3.9189E-02
   5.8148E-02   5.1308E-02   7.9044E-02   7.9037E-02   4.8532E-02   6.2419E-02
   8.5151E-03   8.9494E-03   4.5567E-01   4.5407E-01   4.1358E-03  -3.2470E-03
  -5.4310E-03  -9.3969E-03   2.9606E-03   4.3890E-04   1.8552E-02   1.2763E-02
   8.2314E-03   2.3573E-03   1.6212E-02   1.8181E-02   5.7637E-02   5.7948E-02
   7.6889E-02   7.4323E-02  -1.8024E-01  -4.1705E-01  -2.4967E-01  -4.9207E-01
  -2.3256E-01  -1.9933E-01  -2.4785E-01  -2.6074E-01  -2.4829E-01  -2.2556E-01
  -1.5714E-01  -2.2814E-01  -1.6757E-01  -2.6937E-01  -2.2274E-01  -2.5122E-01
  -2.4343E-01  -2.7998E-01  -2.3897E-01  -2.9066E-01  -2.5754E-01  -2.8995E-01
  -2.2964E-01  -3.0378E-01  -2.7853E-01  -3.0475E-01  -1.1197E-01   1.7273E-02
  -1.2353E-01   3.1585E-02  -1.2449E-01  -3.6882E-02  -9.6034E-02  -1.4573E-01
  -1.7379E-01  -1.9813E-01  -1.7100E-01  -1.9253E-01  -1.3757E-01  -1.8213E-01
  -1.2266E-01  -1.5362E-01  -9.8253E-02  -1.5174E-01  -4.6370E-02  -1.2283E-01
  -4.7098E-02  -3.7415E-02  -6.2050E-02  -3.4938E-02  -5.3521E-02  -4.2206E-02
  -1.4354E-01  -1.1203E-01  -1.3419E-01  -8.9847E-02  -1.2601E-01  -1.0490E-01
  -1.3951E-01  -9.7949E-02  -1.1961E-01  -1.9719E-01  -1.0443E-01  -1.1239E-01
  -1.3694E-01  -7.7912E-02  -1.2255E-01  -1.1575E-01  -1.0731E-01  -1.2242E-01
  -1.0162E-01  -1.2189E-01  -3.8896E-02  -3.6111E-03  -5.4094E-02  -6.4620E-03
  -6.9304E-02  -2.7277E-02  -2.9842E-02  -4.1638E-02  -1.2212E-02   4.2626E-03
  -1.6619E-01  -3.3277E-01  -7.3372E-04   8.7760E-03   1.3345E-03   5.1816E-03
  -2.5708E-03   3.5588E-05  -1.1502E-02  -5.7150E-03  -1.1623E-03   4.7682E-04
   8.5076E-03  -2.8155E-02  -2.5906E-02  -1.8064E-02  -4.2114E-02  -2.2888E-02
  > E    =  -1.299148747050E+03 +/-   6.868520774486E-04
  > varE =   2.391286366887E-02
* Computing derivatives.
    [walltime: 2m27s elapsed, 10m58s remaining]
  Done. [total walltime: 13m18s]
* Optimizing manipulation constant:
  #igrid a___________ E____________________________________ varE____________
     1     Infinity    -1.29914875E+03 +/-   6.86852077E-04   2.39128637E-02
     2     1.0000E+06  -1.29914875E+03 +/-   6.86852069E-04   2.39128631E-02
     3     2.1544E+05  -1.29914875E+03 +/-   6.86852040E-04   2.39128611E-02
     4     4.6416E+04  -1.29914875E+03 +/-   6.86851905E-04   2.39128517E-02
     5     1.0000E+04  -1.29914875E+03 +/-   6.86851278E-04   2.39128080E-02
     6     2.1544E+03  -1.29914875E+03 +/-   6.86848367E-04   2.39126053E-02
     7     4.6416E+02  -1.29914875E+03 +/-   6.86834906E-04   2.39116680E-02
     8     1.0000E+02  -1.29914875E+03 +/-   6.86773429E-04   2.39073877E-02
     9     2.1544E+01  -1.29914878E+03 +/-   6.86508169E-04   2.38889232E-02
    10     4.6416E+00  -1.29914887E+03 +/-   6.85596219E-04   2.38254978E-02
    11     1.0000E+00  -1.29914906E+03 +/-   6.83960077E-04   2.37119167E-02
    12     2.1544E-01  -1.29914921E+03 +/-   6.82971700E-04   2.36434350E-02
    13     4.6416E-02  -1.29914925E+03 +/-   6.82804004E-04   2.36318256E-02
    14     1.0000E-02  -1.29914925E+03 +/-   6.82804770E-04   2.36318787E-02
    15     2.1544E-03  -1.29914925E+03 +/-   6.82808746E-04   2.36321539E-02
    16     4.6416E-04  -1.29914925E+03 +/-   6.82809822E-04   2.36322284E-02
    17     1.0000E-04  -1.29914925E+03 +/-   6.82810064E-04   2.36322451E-02
    18     2.1544E-05  -1.29914925E+03 +/-   6.82810117E-04   2.36322488E-02
    19     4.6416E-06  -1.29914925E+03 +/-   6.82810128E-04   2.36322496E-02
    20     1.0000E-06  -1.29914925E+03 +/-   6.82810131E-04   2.36322497E-02
    21     0.0000E+00  -1.29914925E+03 +/-   6.82810131E-04   2.36322498E-02
* Iteration # 1: E =  -1.299149254481E+03 +/-   6.828101313978E-04
* Reached maximum number of iterations: exiting.
* After optimization:
  -3.3902E+00  -3.4012E+00  -3.4112E+00  -3.3911E+00  -3.3683E+00  -3.3612E+00
  -3.3525E+00  -3.3701E+00  -3.3632E+00   7.0315E-01   6.9955E-01   8.8186E-01
   5.0564E-01   5.3101E-01   5.2952E-01   4.8081E-01   5.3948E-01   5.0876E-01
   5.8886E-01   5.7046E-01   6.0933E-01   5.9517E-01   6.3082E-01   6.1898E-01
   6.3270E-01   6.2000E-01   6.3000E-01   6.1010E-01   6.4587E-01   6.2700E-01
   8.5582E-02   8.7080E-02   1.2551E-01   1.9846E-01   3.3410E-01   3.3384E-01
   3.2218E-01   3.2478E-01   2.9819E-01   2.4509E-01   2.4564E-01   2.4415E-01
   2.3461E-01   1.9423E-01   1.8595E-01   9.5814E-02   9.3871E-02   1.0382E-01
   1.0547E-01   1.0087E-01   9.8789E-02   2.4277E-01   2.3864E-01   2.2052E-01
   2.1839E-01   2.2278E-01   2.1917E-01   2.2437E-01   2.1676E-01   2.8417E-01
   2.7972E-01   1.9128E-01   1.8872E-01   2.1043E-01   2.0383E-01   2.1030E-01
   2.1125E-01   1.9666E-01   1.9471E-01   2.0822E-01   1.9444E-01   4.6097E-02
   5.5617E-02   5.1213E-02   7.3495E-02   8.2486E-02   5.7551E-02   6.0798E-02
   1.6127E-02   9.0020E-03   4.4884E-01   4.4516E-01  -5.0090E-04   6.2745E-04
  -3.0275E-03  -8.0041E-03  -2.1848E-05  -4.6729E-05   2.6735E-02   1.7096E-02
   8.4902E-03   6.0263E-03   2.6553E-02   2.6305E-02   5.5260E-02   5.0831E-02
   6.7578E-02   6.7530E-02  -1.7307E-01  -4.2144E-01  -2.3239E-01  -4.9700E-01
  -2.2799E-01  -2.1748E-01  -2.4383E-01  -2.5027E-01  -2.4282E-01  -2.3859E-01
  -1.8575E-01  -2.2087E-01  -1.8040E-01  -2.6122E-01  -2.0635E-01  -2.6375E-01
  -2.2047E-01  -2.8520E-01  -2.4414E-01  -2.9541E-01  -2.5376E-01  -2.8774E-01
  -2.3429E-01  -3.0421E-01  -2.5644E-01  -3.0729E-01  -1.0809E-01   1.5582E-02
  -1.0834E-01   2.0010E-02  -1.3475E-01  -2.5133E-02  -1.0570E-01  -1.4007E-01
  -1.6777E-01  -2.0996E-01  -1.5750E-01  -1.9834E-01  -1.4233E-01  -1.8324E-01
  -1.3171E-01  -1.5494E-01  -1.0831E-01  -1.3986E-01  -4.9153E-02  -1.2362E-01
  -3.7186E-02  -3.9893E-02  -6.0112E-02  -3.3264E-02  -5.1777E-02  -4.1052E-02
  -1.3392E-01  -1.1799E-01  -1.3548E-01  -9.7626E-02  -1.2432E-01  -1.0390E-01
  -1.2903E-01  -1.0439E-01  -1.1430E-01  -1.9999E-01  -1.0273E-01  -1.1506E-01
  -1.2925E-01  -9.7337E-02  -1.1870E-01  -1.1854E-01  -9.7386E-02  -1.2212E-01
  -1.1617E-01  -1.0503E-01  -4.3230E-02  -9.0883E-03  -4.4126E-02  -9.6059E-03
  -6.0261E-02  -3.4708E-02  -4.4972E-02  -3.1699E-02  -9.6604E-03  -1.4181E-03
  -1.5961E-01  -3.2694E-01   5.8864E-03  -1.1976E-03   3.7018E-03   4.5774E-03
  -2.6694E-03  -7.8382E-04  -1.4885E-02  -1.1780E-02  -4.6194E-03  -3.3933E-04
  -2.4897E-03  -2.6123E-02  -1.9069E-02  -1.8684E-02  -3.2962E-02  -2.8984E-02
  > Energy =  -1.299149254481E+03 +/-   6.828101313978E-04
  > varE =   2.363224979375E-02

VMC #9:
* Size of Hilbert space =   5.4457E+18
* Number of equil. steps   = 1000
* Running VMC equilibration.
  Done. [total walltime: 0.10s]
* Equil. acc.ratio (%)     =  11.4386
* Sample config after equilibration:
  [draw: system geometry not defined]
* Number of accum. steps   = 101376 x 10
* Running VMC accumulation.
  Done. [total walltime: 47.9s]
* Acceptance ratio (%)     =  11.3896
* Etot/t                   =  -1.299149186171E+03 +/-   4.897603152979E-04
  > Ttot/t                 =  -1.396065362900E+02 +/-   2.680252611304E-03
  > Utot/t                 =   6.246269899915E+01 +/-   2.655401298800E-03
* var[Eloc/t]              =   2.397255501639E-02 +/-   1.131373792617E-04
* Correlation length       =   1.014350414316E+00
* log10 Psi^2 range: -43.77215970526995 -- -30.28817708735226
* log10 Pgen range : -43.77215970526995 -- -30.28817708735226
* Site occupation (ave. no. electrons per config.):
  > Site_  ___eu____  ___ed____
      1        0.500      0.496
      2        0.498      0.498
      3        0.492      0.498
      4        0.502      0.497
      5        0.498      0.503
      6        0.502      0.501
      7        0.504      0.502
      8        0.507      0.505
      9        0.501      0.502
     10        0.500      0.506
     11        0.498      0.498
     12        0.499      0.498
     13        0.501      0.493
     14        0.494      0.500
     15        0.498      0.498
     16        0.502      0.502
     17        0.504      0.503
     18        0.501      0.501
     19        0.501      0.503
     20        0.497      0.497
     21        0.498      0.496
     22        0.501      0.510
     23        0.502      0.497
     24        0.502      0.502
     25        0.501      0.505
     26        0.500      0.505
     27        0.501      0.500
     28        0.506      0.504
     29        0.504      0.502
     30        0.493      0.495
     31        0.497      0.494
     32        0.497      0.498
     33        0.500      0.497
     34        0.496      0.492
* Pair-correlation analysis (ave. no. pairs per config.):
  > Shell  nsite  ___dh____  __eueu___  __eued___
      0      1        0          0          6.124
      1      0        0.968      0.465      2.581
      2      0        0.225      0.801      1.048
      3      0        0.265      0.741      1.037
      4      0        0.139      0.374      0.519
      5      0        0.277      0.738      1.035
      6      0        0.252      0.771      1.030
      7      0        0.821      0.792      2.428
      8      0        0.750      0.966      2.335
      9      0        0.687      1.107      2.267
     10      0        0.642      1.218      2.231
     11      0        0.584      1.341      2.170
     12      0        0.443      1.592      2.059
     13      0        0.525      1.461      2.107
     14      0        0.157      0.813      1.145
     15      0        0.155      0.827      1.139
     16      0        0.153      0.844      1.117
     17      0        0.145      0.859      1.069
     18      0        0.238      2.101      1.939
     19      0        0.241      2.105      1.944
     20      0        0.119      1.052      0.967
     21      0        0.236      2.070      1.921
     22      0        0.246      2.018      1.962
     23      0        0.275      1.940      2.038
     24      0        0.309      1.901      2.022
     25      0        0.321      1.893      2.027
     26      0        0.331      1.895      2.036
     27      0        0.257      2.065      1.947
     28      0        0.260      2.083      1.949
     29      0        0.263      2.104      1.934
     30      0        0.258      2.101      1.927
     31      0        0.246      2.093      1.944
     32      0        0.296      2.070      1.937
     33      0        0.259      2.102      1.916
     34      0        0.292      2.052      1.928
     35      0        0.278      2.065      1.926
     36      0        0.249      2.103      1.924
     37      0        0.123      0.974      1.040
     38      0        0.245      1.962      2.077
     39      0        0.237      1.970      2.074
     40      0        0.234      1.968      2.026
     41      0        0.269      2.033      1.961
     42      0        0.223      2.115      1.916
     43      0        0.259      2.049      1.962
     44      0        0.264      2.041      1.968
     45      0        0.271      2.040      1.987
     46      0        0.268      2.027      1.970
     47      0        0.264      1.993      1.958
     48      0        0.240      2.054      1.982
     49      0        0.282      1.872      2.097
     50      0        0.285      1.893      2.066
     51      0        0.270      1.930      2.070
     52      0        0.306      1.943      1.993
     53      0        0.317      1.946      1.995
     54      0        0.267      1.962      2.068
     55      0        0.159      0.966      0.997
     56      0        0.236      1.990      2.011
     57      0        0.239      2.010      2.031
     58      0        0.267      1.967      2.019
     59      0        0.267      1.967      2.021
     60      0        0.245      2.006      2.033
     61      0        0.246      1.995      2.039
     62      0        0.254      1.965      2.060
     63      0        0.156      0.991      0.978
     64      0        0.314      2.000      1.951
     65      0        0.270      1.992      2.015
     66      0        0.262      2.009      1.991
     67      0        0.272      1.976      2.010
     68      0        0.272      2.003      1.981
     69      0        0.272      1.993      2.016
     70      0        0.305      1.970      1.990
     71      0        0.301      1.962      1.990
     72      0        0.299      1.998      1.950
     73      0        0.267      2.018      1.990
     74      0        0.270      1.987      2.004
     75      0        0.308      1.980      1.959
     76      0        0.265      1.968      1.988
     77      0        0.252      1.867      2.147
     78      0        0.276      2.001      1.967
     79      0        0.236      2.035      2.012
     80      0        0.262      2.006      1.994
     81      0        0.274      1.998      1.988
     82      0        0.120      1.013      1.012
     83      0        0.267      2.015      2.007
     84      0        0.259      1.992      1.973
     85      0        0.150      0.985      0.984
     86      0        0.298      1.974      1.979
     87      0        0.237      2.014      1.991
     88      0        0.268      1.999      2.000
     89      0        0.297      2.001      1.976
     90      0        0.296      1.984      1.976
     91      0        0.273      2.001      2.006
     92      0        0.239      2.029      2.012
     93      0        0.151      0.983      0.987
     94      0        0.235      2.040      2.003
     95      0        0.236      1.994      2.003
     96      0        0.260      2.002      2.011
     97      0        0.264      1.995      1.985
     98      0        0.236      2.025      2.019
     99      0        0.234      2.011      1.991
    100      0        0.238      2.009      2.032
    101      0        0.267      1.998      2.000
    102      0        0.264      1.995      2.002
    103      0        0.242      2.032      2.008
    104      0        0.264      1.991      2.006
    105      0        0.293      1.977      1.972
    106      0        0.140      0.994      0.988
    107      0        0.231      2.020      2.030
    108      0        0.266      1.995      2.001
    109      0        0.258      1.981      1.987
    110      0        0.234      2.016      2.033
    111      0        0.235      2.000      1.996
    112      0        0.237      2.028      2.024
    113      0        0.272      2.004      2.006
    114      0        0.256      2.007      2.006
    115      0        0.265      2.006      1.995
    116      0        0.269      1.978      1.989
    117      0        0.116      1.011      1.019
    118      0        0.264      1.993      1.999
    119      0        0.261      1.979      1.975
    120      0        0.234      2.006      1.997
    121      0        0.236      2.029      2.020
    122      0        0.259      2.004      1.995
    123      0        0.237      2.000      2.003
    124      0        0.271      1.999      1.990
    125      0        0.294      1.979      1.967
    126      0        0.251      1.964      2.009
    127      0        0.264      1.972      1.987
    128      0        0.255      1.983      1.975
    129      0        0.231      2.027      2.018
    130      0        0.261      2.000      2.008
    131      0        0.237      2.025      2.026
    132      0        0.268      2.006      1.992
    133      0        0.230      1.999      2.003
    134      0        0.119      1.014      1.004
    135      0        0.118      1.011      1.013
    136      0        0.230      2.008      2.002
    137      0        0.144      0.988      0.991
    138      0        0.116      0.987      0.990
    139      0        0.261      1.974      1.976
    140      0        0.231      1.990      2.011
    141      0        0.251      1.981      1.986
    142      0        0.230      2.004      2.000
    143      0        0.237      2.018      2.022
    144      0        0.266      1.995      1.997
    145      0        0.121      1.012      1.006
    146      0        0.232      2.004      1.996
    147      0        0.231      2.020      2.028
    148      0        0.266      1.991      1.998
    149      0        0.112      0.998      0.987
    150      0        0.235      2.023      2.025
    151      0        0.116      1.011      1.013
    152      0        0.256      1.995      2.009
    153      0        0.261      1.997      2.005

Optimization #9:
* Method          : lls
* Target function : energy
* No. of configs. : 50688
* No. of params.  : 198
* Before optimization:
  -3.3902E+00  -3.4012E+00  -3.4112E+00  -3.3911E+00  -3.3683E+00  -3.3612E+00
  -3.3525E+00  -3.3701E+00  -3.3632E+00   7.0315E-01   6.9955E-01   8.8186E-01
   5.0564E-01   5.3101E-01   5.2952E-01   4.8081E-01   5.3948E-01   5.0876E-01
   5.8886E-01   5.7046E-01   6.0933E-01   5.9517E-01   6.3082E-01   6.1898E-01
   6.3270E-01   6.2000E-01   6.3000E-01   6.1010E-01   6.4587E-01   6.2700E-01
   8.5582E-02   8.7080E-02   1.2551E-01   1.9846E-01   3.3410E-01   3.3384E-01
   3.2218E-01   3.2478E-01   2.9819E-01   2.4509E-01   2.4564E-01   2.4415E-01
   2.3461E-01   1.9423E-01   1.8595E-01   9.5814E-02   9.3871E-02   1.0382E-01
   1.0547E-01   1.0087E-01   9.8789E-02   2.4277E-01   2.3864E-01   2.2052E-01
   2.1839E-01   2.2278E-01   2.1917E-01   2.2437E-01   2.1676E-01   2.8417E-01
   2.7972E-01   1.9128E-01   1.8872E-01   2.1043E-01   2.0383E-01   2.1030E-01
   2.1125E-01   1.9666E-01   1.9471E-01   2.0822E-01   1.9444E-01   4.6097E-02
   5.5617E-02   5.1213E-02   7.3495E-02   8.2486E-02   5.7551E-02   6.0798E-02
   1.6127E-02   9.0020E-03   4.4884E-01   4.4516E-01  -5.0090E-04   6.2745E-04
  -3.0275E-03  -8.0041E-03  -2.1848E-05  -4.6729E-05   2.6735E-02   1.7096E-02
   8.4902E-03   6.0263E-03   2.6553E-02   2.6305E-02   5.5260E-02   5.0831E-02
   6.7578E-02   6.7530E-02  -1.7307E-01  -4.2144E-01  -2.3239E-01  -4.9700E-01
  -2.2799E-01  -2.1748E-01  -2.4383E-01  -2.5027E-01  -2.4282E-01  -2.3859E-01
  -1.8575E-01  -2.2087E-01  -1.8040E-01  -2.6122E-01  -2.0635E-01  -2.6375E-01
  -2.2047E-01  -2.8520E-01  -2.4414E-01  -2.9541E-01  -2.5376E-01  -2.8774E-01
  -2.3429E-01  -3.0421E-01  -2.5644E-01  -3.0729E-01  -1.0809E-01   1.5582E-02
  -1.0834E-01   2.0010E-02  -1.3475E-01  -2.5133E-02  -1.0570E-01  -1.4007E-01
  -1.6777E-01  -2.0996E-01  -1.5750E-01  -1.9834E-01  -1.4233E-01  -1.8324E-01
  -1.3171E-01  -1.5494E-01  -1.0831E-01  -1.3986E-01  -4.9153E-02  -1.2362E-01
  -3.7186E-02  -3.9893E-02  -6.0112E-02  -3.3264E-02  -5.1777E-02  -4.1052E-02
  -1.3392E-01  -1.1799E-01  -1.3548E-01  -9.7626E-02  -1.2432E-01  -1.0390E-01
  -1.2903E-01  -1.0439E-01  -1.1430E-01  -1.9999E-01  -1.0273E-01  -1.1506E-01
  -1.2925E-01  -9.7337E-02  -1.1870E-01  -1.1854E-01  -9.7386E-02  -1.2212E-01
  -1.1617E-01  -1.0503E-01  -4.3230E-02  -9.0883E-03  -4.4126E-02  -9.6059E-03
  -6.0261E-02  -3.4708E-02  -4.4972E-02  -3.1699E-02  -9.6604E-03  -1.4181E-03
  -1.5961E-01  -3.2694E-01   5.8864E-03  -1.1976E-03   3.7018E-03   4.5774E-03
  -2.6694E-03  -7.8382E-04  -1.4885E-02  -1.1780E-02  -4.6194E-03  -3.3933E-04
  -2.4897E-03  -2.6123E-02  -1.9069E-02  -1.8684E-02  -3.2962E-02  -2.8984E-02
  > E    =  -1.299149390912E+03 +/-   6.855745470351E-04
  > varE =   2.382399154928E-02
* Computing derivatives.
    [walltime: 2m28s elapsed, 11m4s remaining]
  Done. [total walltime: 13m21s]
* Optimizing manipulation constant:
  #igrid a___________ E____________________________________ varE____________
     1     Infinity    -1.29914939E+03 +/-   6.85574547E-04   2.38239915E-02
     2     1.0000E+06  -1.29914939E+03 +/-   6.85574538E-04   2.38239909E-02
     3     2.1544E+05  -1.29914939E+03 +/-   6.85574505E-04   2.38239887E-02
     4     4.6416E+04  -1.29914939E+03 +/-   6.85574354E-04   2.38239781E-02
     5     1.0000E+04  -1.29914939E+03 +/-   6.85573650E-04   2.38239292E-02
     6     2.1544E+03  -1.29914939E+03 +/-   6.85570387E-04   2.38237024E-02
     7     4.6416E+02  -1.29914939E+03 +/-   6.85555299E-04   2.38226538E-02
     8     1.0000E+02  -1.29914940E+03 +/-   6.85486466E-04   2.38178702E-02
     9     2.1544E+01  -1.29914942E+03 +/-   6.85190934E-04   2.37973376E-02
    10     4.6416E+00  -1.29914950E+03 +/-   6.84195295E-04   2.37282288E-02
    11     1.0000E+00  -1.29914968E+03 +/-   6.82543091E-04   2.36137687E-02
    12     2.1544E-01  -1.29914983E+03 +/-   6.81855568E-04   2.35662206E-02
    13     4.6416E-02  -1.29914988E+03 +/-   6.81957343E-04   2.35732561E-02
    14     1.0000E-02  -1.29914989E+03 +/-   6.82045700E-04   2.35793651E-02
    15     2.1544E-03  -1.29914989E+03 +/-   6.82070307E-04   2.35810665E-02
    16     4.6416E-04  -1.29914989E+03 +/-   6.82075910E-04   2.35814539E-02
    17     1.0000E-04  -1.29914989E+03 +/-   6.82077132E-04   2.35815384E-02
    18     2.1544E-05  -1.29914989E+03 +/-   6.82077396E-04   2.35815567E-02
    19     4.6416E-06  -1.29914989E+03 +/-   6.82077453E-04   2.35815606E-02
    20     1.0000E-06  -1.29914989E+03 +/-   6.82077465E-04   2.35815614E-02
    21     0.0000E+00  -1.29914989E+03 +/-   6.82077469E-04   2.35815617E-02
* Iteration # 1: E =  -1.299149887507E+03 +/-   6.820774686412E-04
* Reached maximum number of iterations: exiting.
* After optimization:
  -3.3546E+00  -3.3493E+00  -3.3770E+00  -3.3526E+00  -3.3566E+00  -3.3293E+00
  -3.3085E+00  -3.3472E+00  -3.3231E+00   6.9421E-01   6.9206E-01   8.9829E-01
   4.9448E-01   5.2381E-01   5.2204E-01   4.7551E-01   5.3939E-01   5.0146E-01
   5.9152E-01   5.7807E-01   6.0393E-01   5.9516E-01   6.1556E-01   6.0829E-01
   6.2472E-01   6.1359E-01   6.1318E-01   5.9893E-01   6.4236E-01   6.2589E-01
   8.4458E-02   5.9520E-02   1.1415E-01   2.0764E-01   3.3105E-01   3.3910E-01
   3.2779E-01   3.2554E-01   2.8741E-01   2.4667E-01   2.5173E-01   2.3659E-01
   2.3546E-01   1.8937E-01   1.8650E-01   9.8253E-02   1.0170E-01   1.0002E-01
   9.8953E-02   1.0125E-01   1.0311E-01   2.3643E-01   2.2775E-01   2.1098E-01
   2.1028E-01   2.2127E-01   2.2012E-01   2.2214E-01   2.1806E-01   2.7011E-01
   2.6784E-01   1.9236E-01   1.8989E-01   1.9324E-01   1.9472E-01   2.1073E-01
   2.0858E-01   1.9621E-01   2.0175E-01   2.0794E-01   1.8925E-01   4.3676E-02
   5.1865E-02   5.5149E-02   7.1334E-02   7.8578E-02   5.4433E-02   5.6111E-02
   7.6712E-03   4.4029E-03   4.5309E-01   4.4941E-01   8.0975E-03   5.8420E-03
  -4.4120E-03  -7.5665E-03  -9.2852E-03  -1.3452E-03   1.8139E-02   1.4260E-02
   4.6201E-03  -3.8356E-04   2.2890E-02   1.7870E-02   5.7650E-02   5.3688E-02
   7.6525E-02   7.4089E-02  -1.6331E-01  -4.1392E-01  -2.5330E-01  -4.8886E-01
  -2.3758E-01  -1.9778E-01  -2.3352E-01  -2.3641E-01  -2.4039E-01  -2.3543E-01
  -1.7539E-01  -2.1480E-01  -1.7390E-01  -2.5964E-01  -2.2198E-01  -2.5697E-01
  -2.2218E-01  -2.7813E-01  -2.3094E-01  -2.8998E-01  -2.4783E-01  -2.9498E-01
  -2.2038E-01  -3.0274E-01  -2.6762E-01  -2.9835E-01  -1.0608E-01   1.9366E-02
  -1.0386E-01   3.0611E-02  -1.3220E-01  -1.2618E-02  -9.8227E-02  -1.4437E-01
  -1.7422E-01  -2.0199E-01  -1.5685E-01  -1.9635E-01  -1.3311E-01  -1.8402E-01
  -1.2958E-01  -1.5539E-01  -9.9764E-02  -1.4224E-01  -4.9903E-02  -1.1924E-01
  -5.4092E-02  -3.7376E-02  -5.2658E-02  -3.5500E-02  -5.2923E-02  -4.6031E-02
  -1.4179E-01  -1.0234E-01  -1.2430E-01  -9.8511E-02  -1.2997E-01  -1.0714E-01
  -1.2868E-01  -1.0606E-01  -1.1039E-01  -1.9344E-01  -1.0120E-01  -1.1738E-01
  -1.2929E-01  -7.7297E-02  -1.1399E-01  -1.1838E-01  -1.0477E-01  -1.1223E-01
  -1.1374E-01  -1.0483E-01  -4.0993E-02  -8.9718E-03  -4.3367E-02  -1.5693E-02
  -6.3994E-02  -2.7182E-02  -3.6814E-02  -3.7608E-02  -9.7169E-04   4.6901E-04
  -1.7168E-01  -3.3040E-01  -2.8794E-03   4.8254E-03   3.8341E-03   5.3987E-03
   1.6996E-03   4.9455E-04  -1.0828E-02  -7.6865E-03  -1.8859E-03   3.7398E-04
   1.6750E-03  -2.6487E-02  -2.9735E-02  -1.5073E-02  -3.7169E-02  -2.9610E-02
  > Energy =  -1.299149887507E+03 +/-   6.820774686412E-04
  > varE =   2.358156167658E-02

VMC #10:
* Size of Hilbert space =   5.4457E+18
* Number of equil. steps   = 1000
* Running VMC equilibration.
  Done. [total walltime: 0.10s]
* Equil. acc.ratio (%)     =  11.4107
* Sample config after equilibration:
  [draw: system geometry not defined]
* Number of accum. steps   = 101376 x 10
* Running VMC accumulation.
  Done. [total walltime: 47.8s]
* Acceptance ratio (%)     =  11.3667
* Etot/t                   =  -1.299148974841E+03 +/-   5.103786614794E-04
  > Ttot/t                 =  -1.396099263780E+02 +/-   2.752107669170E-03
  > Utot/t                 =   6.246630041642E+01 +/-   2.722855386751E-03
* var[Eloc/t]              =   2.416698338660E-02 +/-   3.870846935130E-04
* Correlation length       =   1.092691902964E+00
* log10 Psi^2 range: -43.02764625891336 -- -30.61649503683959
* log10 Pgen range : -43.02764625891336 -- -30.61649503683959
* Site occupation (ave. no. electrons per config.):
  > Site_  ___eu____  ___ed____
      1        0.496      0.498
      2        0.499      0.497
      3        0.498      0.493
      4        0.504      0.493
      5        0.492      0.503
      6        0.499      0.505
      7        0.505      0.498
      8        0.502      0.504
      9        0.506      0.503
     10        0.496      0.503
     11        0.498      0.496
     12        0.490      0.500
     13        0.495      0.501
     14        0.496      0.497
     15        0.502      0.494
     16        0.508      0.498
     17        0.504      0.505
     18        0.502      0.507
     19        0.500      0.505
     20        0.503      0.499
     21        0.498      0.493
     22        0.503      0.504
     23        0.498      0.499
     24        0.502      0.502
     25        0.504      0.499
     26        0.502      0.501
     27        0.505      0.499
     28        0.504      0.507
     29        0.506      0.504
     30        0.499      0.495
     31        0.493      0.503
     32        0.494      0.497
     33        0.499      0.499
     34        0.498      0.498
* Pair-correlation analysis (ave. no. pairs per config.):
  > Shell  nsite  ___dh____  __eueu___  __eued___
      0      1        0          0          6.106
      1      0        0.973      0.471      2.571
      2      0        0.229      0.798      1.041
      3      0        0.264      0.751      1.042
      4      0        0.136      0.370      0.522
      5      0        0.273      0.735      1.041
      6      0        0.251      0.764      1.029
      7      0        0.818      0.787      2.426
      8      0        0.754      0.954      2.349
      9      0        0.691      1.091      2.283
     10      0        0.631      1.226      2.224
     11      0        0.570      1.359      2.163
     12      0        0.443      1.605      2.040
     13      0        0.515      1.473      2.127
     14      0        0.158      0.815      1.144
     15      0        0.154      0.825      1.142
     16      0        0.146      0.845      1.124
     17      0        0.148      0.864      1.065
     18      0        0.239      2.100      1.943
     19      0        0.241      2.096      1.948
     20      0        0.121      1.056      0.965
     21      0        0.241      2.052      1.943
     22      0        0.249      2.010      1.964
     23      0        0.274      1.932      2.028
     24      0        0.304      1.906      2.023
     25      0        0.319      1.899      2.032
     26      0        0.327      1.890      2.022
     27      0        0.256      2.061      1.956
     28      0        0.261      2.077      1.941
     29      0        0.260      2.089      1.934
     30      0        0.254      2.107      1.928
     31      0        0.243      2.075      1.948
     32      0        0.291      2.065      1.929
     33      0        0.258      2.111      1.922
     34      0        0.290      2.059      1.932
     35      0        0.284      2.064      1.921
     36      0        0.250      2.103      1.912
     37      0        0.119      0.979      1.045
     38      0        0.239      1.969      2.076
     39      0        0.232      1.978      2.071
     40      0        0.230      1.982      2.026
     41      0        0.266      2.049      1.961
     42      0        0.219      2.109      1.933
     43      0        0.259      2.039      1.956
     44      0        0.266      2.034      1.971
     45      0        0.265      2.032      1.981
     46      0        0.265      2.014      1.981
     47      0        0.254      2.007      1.974
     48      0        0.235      2.049      1.986
     49      0        0.282      1.867      2.093
     50      0        0.284      1.898      2.076
     51      0        0.266      1.933      2.076
     52      0        0.298      1.950      1.983
     53      0        0.315      1.945      1.993
     54      0        0.262      1.951      2.069
     55      0        0.156      0.971      0.994
     56      0        0.238      1.994      2.005
     57      0        0.234      2.019      2.031
     58      0        0.270      1.966      2.019
     59      0        0.266      1.977      2.002
     60      0        0.245      2.008      2.029
     61      0        0.242      1.988      2.037
     62      0        0.251      1.982      2.049
     63      0        0.158      0.989      0.974
     64      0        0.305      2.001      1.953
     65      0        0.267      1.987      2.018
     66      0        0.260      1.997      1.993
     67      0        0.265      1.984      2.017
     68      0        0.267      2.010      1.992
     69      0        0.268      1.992      2.006
     70      0        0.299      1.961      1.976
     71      0        0.301      1.967      1.991
     72      0        0.303      1.979      1.949
     73      0        0.270      2.009      1.992
     74      0        0.270      1.988      1.997
     75      0        0.305      1.988      1.960
     76      0        0.269      1.973      1.984
     77      0        0.251      1.878      2.130
     78      0        0.275      2.008      1.971
     79      0        0.233      2.030      2.012
     80      0        0.262      1.998      1.991
     81      0        0.269      2.008      1.994
     82      0        0.117      1.015      1.011
     83      0        0.261      2.010      1.998
     84      0        0.260      1.985      1.988
     85      0        0.150      0.990      0.987
     86      0        0.295      1.969      1.974
     87      0        0.228      2.022      1.998
     88      0        0.264      2.007      1.997
     89      0        0.294      1.978      1.972
     90      0        0.292      1.976      1.969
     91      0        0.272      1.997      1.991
     92      0        0.231      2.030      2.023
     93      0        0.147      0.987      1.001
     94      0        0.232      2.036      2.017
     95      0        0.234      2.008      1.998
     96      0        0.257      1.999      1.997
     97      0        0.259      1.985      1.992
     98      0        0.234      2.018      2.025
     99      0        0.230      2.006      2.008
    100      0        0.237      2.012      2.021
    101      0        0.265      1.997      2.004
    102      0        0.262      2.006      2.001
    103      0        0.240      2.041      2.001
    104      0        0.263      1.988      2.002
    105      0        0.289      1.974      1.981
    106      0        0.142      0.982      0.988
    107      0        0.237      2.013      2.027
    108      0        0.264      2.000      2.009
    109      0        0.259      1.974      1.994
    110      0        0.228      2.020      2.037
    111      0        0.232      2.011      2.001
    112      0        0.234      2.020      2.030
    113      0        0.266      1.997      2.001
    114      0        0.257      1.987      2.006
    115      0        0.266      1.991      2.001
    116      0        0.266      1.983      1.980
    117      0        0.118      1.010      1.017
    118      0        0.266      2.001      1.997
    119      0        0.261      1.985      1.985
    120      0        0.233      2.007      2.004
    121      0        0.233      2.010      2.027
    122      0        0.262      1.983      1.994
    123      0        0.230      2.018      1.995
    124      0        0.266      2.007      1.984
    125      0        0.290      1.975      1.979
    126      0        0.251      1.975      2.013
    127      0        0.265      1.983      1.980
    128      0        0.258      1.972      1.980
    129      0        0.235      2.011      2.022
    130      0        0.259      2.003      1.992
    131      0        0.232      2.025      2.027
    132      0        0.266      2.004      1.989
    133      0        0.224      2.020      2.006
    134      0        0.114      1.012      1.006
    135      0        0.114      1.011      1.015
    136      0        0.231      2.002      2.017
    137      0        0.144      0.987      0.981
    138      0        0.114      0.992      0.991
    139      0        0.265      1.981      1.985
    140      0        0.230      2.001      2.002
    141      0        0.253      1.988      1.977
    142      0        0.227      2.006      2.003
    143      0        0.238      2.019      2.015
    144      0        0.260      2.006      2.004
    145      0        0.116      1.017      1.007
    146      0        0.234      1.999      2.007
    147      0        0.228      2.027      2.023
    148      0        0.265      1.998      1.999
    149      0        0.114      0.992      0.995
    150      0        0.236      2.026      2.018
    151      0        0.121      1.003      1.008
    152      0        0.253      2.001      1.990
    153      0        0.254      2.006      1.993

VDAGGER finished.
Total VDAGGER walltime: 18h15m

Run ended: Tue Nov  4 03:09:57 CET 2025
                                  
================================= 
Global information about the job: 
================================= 
  
Job owner: mdimauro(31184)
Job name:  vd[n
Node list: ravc[2361-2381,2383-2397,2399-2401,2403,2405-2408,2414-2423,2425,2428,2430-2432,2545-2549]
Job start: Mon Nov  3 08:53:52 CET 2025
Job end:   Tue Nov  4 03:09:57 CET 2025
Work dir:  /raven/u/mdimauro/calcs/vmc/polyacenes/08-octacene/01-sj1
Command:   /raven/u/mdimauro/calcs/vmc/polyacenes/08-octacene/01-sj1/vdagger
  
  
  
==========================================================================================
Information on jobsteps (Note: MaxRSS/AveRSS is the maximum/average over all 
tasks of the per-task memory high-water marks; cf. "man sacct"): 
==========================================================================================
  
JobID            JobName NNodes NTasks  NCPUS       MaxRSS       AveRSS    Elapsed ExitCode
------------- ---------- ------ ------ ------ ------------ ------------ ---------- --------
22692208         vd[n=8]     64          9216                             18:16:05      0:0
22692208.0       vdagger     64   4608   9216     2648.54M     2593.96M   18:16:03      0:0
  
Maximum memory per node: 199.958372 GB (defined as MaxRSS*Ntasks/NNodes)
CPU utilization: 100.0 %
  
