Run started: Tue Oct 14 23:32:08 CEST 2025
Using VDAGGER_ARCH = intel24_viper_cluster
Running 32x128 MPI processes.

                               xx
                              +##
                               #X
                               Xx
                          X##XxXxxX##x
                           +   Xx  ++
                               ##
                              +##
                              +##
     ++++         ++          +##
   xX+++##+      ####         +##
  Xx    ###      +X##          ##
 xX    X##+        ##          #X
 +    x##X         #x          #X
      ###         +#           x+
     X##+         #+
     ###         Xx                    _______
     ##X       +X+   __________________VDAGGER
     +##x    +xX     2nd quantized variational
       +xxxxx+       ______quantum Monte Carlo

* Running 16384 MPI processes.
* Input file: "input.casl"

############# Start of input file dump #############
############## End of input file dump ##############

General setup:
* Random seed: 1881775935 (from timer)

* Loaded integrals for system with nelec=24, ms2=0, norb=24
* INFO: setting number of electrons from integrals file.
* Analysis of Hamiltonian connecitivity performed:
  - T_ii (local, 1-site): 24 (i) values
  - U_iiii [opp] (local, 1-site): 24 (i) values
  - U_kkii [opp] (local, 2-site): 552 contribs. from 24 (i) values
  - U_kkii [par] (local, 2-site): 276 contribs. from 23 (i) values
  - T_ji (single, 2-site): 552 contribs. from 24 (i) values
  - U_kkji [opp] (single, 2/3-site): 13248 contribs. from 552 (i,j) pairs
  - U_kkji [par] (single, 3-site): 12696 contribs. from 552 (i,j) pairs
  - U_lkji [opp] (double, 2/3/4-site): 304384 contribs. from 552 (i,j) pairs
  - U_lkji [par] (double, 4-site): 71852 contribs. from 506 (i,j) pairs
  - Max. no. wfn. ratios in Eloc: 24357
* Reading override orbitals from file "LTSC.mat".
* Site labels:
  [draw_int: system geometry not defined]
* Automatically set Site kinds:
  [ 1, 2, 3, 2, 4, 1, 5, 3, 6, 1, 5, 5, 5, 5, 6, 1, 3, 4, 5, 5, 4, 5, 3, 4 ]
  [draw_int: system geometry not defined]
* Maximum Site kind: 6
* Number of site-pair kinds with Tij=0: 0
* Automatically set Site pair kinds:
  Site 1: [ 0, -68, 69, -17, -26, 22, -65, 18, -8, 9, -38, -25, 16, 29, 23, 21, -28, 40, 53, -51, -31, 15, 3, 64 ]
  Site 2: [ -68, 0, 62, 76, -71, -68, 32, 13, -27, 17, -55, 39, 32, 6, 4, 17, -13, -42, -6, -39, -71, -55, -62, -42 ]
  Site 3: [ 69, 62, 0, 13, -36, -3, -43, -77, 19, -28, -41, 74, 59, -75, 67, -18, 12, -54, -35, -5, 7, -34, 66, 33 ]
  Site 4: [ -17, 76, 13, 0, 42, -17, 39, 62, 4, 68, -6, 32, 39, 55, -27, 68, -62, 71, -55, -32, 42, -6, -13, 71 ]
  Site 5: [ -26, -71, -36, 42, 0, -31, -50, -33, 14, 40, 44, 11, 46, 57, 52, 64, -54, 61, 78, 60, -47, -1, -7, -72 ]
  Site 6: [ 22, -68, -3, -17, -31, 0, 16, 28, -8, 21, 15, 51, -65, -53, 23, 9, -18, 64, -29, 25, -26, -38, -69, 40 ]
  Site 7: [ -65, 32, -43, 39, -50, 16, 0, 74, -30, -51, -48, 73, 79, 56, -37, 25, -5, 60, 45, 2, 46, -58, -59, -11 ]
  Site 8: [ 18, 13, -77, 62, -33, 28, 74, 0, 67, 3, 75, -43, 5, 41, 19, -69, 66, -7, -34, -59, 54, -35, 12, 36 ]
  Site 9: [ -8, -27, 19, 4, 14, -8, -30, 67, 0, -23, -24, -37, -30, 63, -20, -23, -67, -52, -63, 37, 14, -24, -19, -52 ]
  Site 10: [ 9, 17, -28, 68, 40, 21, -51, 3, -23, 0, -53, -16, 25, 15, 8, 22, 69, -26, 38, -65, 64, 29, 18, -31 ]
  Site 11: [ -38, -55, -41, -6, 44, 15, -48, 75, -24, -53, 0, -56, -58, -70, -63, 29, 35, -78, -49, -45, -1, 10, 34, 57 ]
  Site 12: [ -25, 39, 74, 32, 11, 51, 73, -43, -37, -16, -56, 0, -2, 48, -30, 65, -59, -46, -58, -79, -60, 45, -5, 50 ]
  Site 13: [ 16, 32, 59, 39, 46, -65, 79, 5, -30, 25, -58, -2, 0, -45, -37, -51, -74, -11, -56, -73, -50, -48, 43, 60 ]
  Site 14: [ 29, 6, -75, 55, 57, -53, 56, 41, 63, 15, -70, 48, -45, 0, 24, -38, -34, -1, -10, -58, -78, 49, -35, 44 ]
  Site 15: [ 23, 4, 67, -27, 52, 23, -37, 19, -20, 8, -63, -30, -37, 24, 0, 8, -19, -14, -24, 30, 52, -63, -67, -14 ]
  Site 16: [ 21, 17, -18, 68, 64, 9, 25, -69, -23, 22, 29, 65, -51, -38, 8, 0, -3, -31, -15, 16, 40, -53, 28, -26 ]
  Site 17: [ -28, -13, 12, -62, -54, -18, -5, 66, -67, 69, 35, -59, -74, -34, -19, -3, 0, -36, 41, -43, 33, -75, -77, 7 ]
  Site 18: [ 40, -42, -54, 71, 61, 64, 60, -7, -52, -26, -78, -46, -11, -1, -14, -31, -36, 0, -44, -50, -72, 57, -33, -47 ]
  Site 19: [ 53, -6, -35, -55, 78, -29, 45, -34, -63, 38, -49, -58, -56, -10, -24, -15, 41, -44, 0, 48, -57, 70, -75, 1 ]
  Site 20: [ -51, -39, -5, -32, 60, 25, 2, -59, 37, -65, -45, -79, -73, -58, 30, 16, -43, -50, 48, 0, -11, 56, 74, 46 ]
  Site 21: [ -31, -71, 7, 42, -47, -26, 46, 54, 14, 64, -1, -60, -50, -78, 52, 40, 33, -72, -57, -11, 0, 44, 36, 61 ]
  Site 22: [ 15, -55, -34, -6, -1, -38, -58, -35, -24, 29, 10, 45, -48, 49, -63, -53, -75, 57, 70, 56, 44, 0, 41, -78 ]
  Site 23: [ 3, -62, 66, -13, -7, -69, -59, 12, -19, 18, 34, -5, 43, -35, -67, 28, -77, -33, -75, 74, 36, 41, 0, 54 ]
  Site 24: [ 64, -42, 33, 71, -72, 40, -11, 36, -52, -31, 57, 50, 60, 44, -14, -26, 7, -47, 1, 46, 61, -78, 54, 0 ]
  For site 1 of kind 1:
  [draw_int: system geometry not defined]
  For site 2 of kind 2:
  [draw_int: system geometry not defined]
  For site 3 of kind 3:
  [draw_int: system geometry not defined]
  For site 5 of kind 4:
  [draw_int: system geometry not defined]
  For site 7 of kind 5:
  [draw_int: system geometry not defined]
  For site 9 of kind 6:
  [draw_int: system geometry not defined]
* Maximum (unsigned) Site pair kind: 79
General system setup:
* Number of sites       : 24
* Number of electrons   : 24
* Spin imbalance MS2    : 0
* Filling               : 0.500000
* Number of orbitals in pool: 24
* Using real-valued orbitals
* Using double-precision arithmetic for orbitals

Trial wave function setup:
* Jastrow parameter file: "wfn.casl"
* Not using multideterminants
* Backflow parameter file: "wfn.casl"
* Not using wave function manipulation

VMC #1:
* Size of Hilbert space =   7.3125E+12
* Number of equil. steps   = 1000
* Running VMC equilibration.
  Done. [total walltime: 0.27s]
* Equil. acc.ratio (%)     =  15.9874
* Sample config after equilibration:
  [draw: system geometry not defined]
* Number of accum. steps   = 573440 x 10
* Running VMC accumulation.
  Done. [total walltime: 12.4s]
* Acceptance ratio (%)     =  15.9358
* Etot/t                   =  -9.159312751860E+02 +/-   8.643641851401E-05
  > Ttot/t                 =  -9.553286134532E+01 +/-   1.157322354052E-03
  > Utot/t                 =   4.250637440833E+01 +/-   1.146992672225E-03
* var[Eloc/t]              =   3.951499134016E-03 +/-   1.129847261155E-05
* Correlation length       =   1.084225506306E+00
* log10 Psi^2 range: -41.52202102711865 -- -29.57946806376439
* log10 Pgen range : -41.52202102711865 -- -29.57946806376439
* Site occupation (ave. no. electrons per config.):
  > Site_  ___eu____  ___ed____
      1        0.504      0.495
      2        0.498      0.501
      3        0.502      0.499
      4        0.500      0.495
      5        0.503      0.498
      6        0.498      0.499
      7        0.500      0.499
      8        0.498      0.501
      9        0.496      0.502
     10        0.500      0.501
     11        0.502      0.505
     12        0.503      0.496
     13        0.499      0.502
     14        0.499      0.502
     15        0.503      0.498
     16        0.500      0.500
     17        0.497      0.502
     18        0.499      0.501
     19        0.500      0.501
     20        0.503      0.500
     21        0.499      0.497
     22        0.500      0.505
     23        0.495      0.501
     24        0.501      0.499
* Pair-correlation analysis (ave. no. pairs per config.):
  > Shell  nsite  ___dh____  __eueu___  __eued___
      0      1        0          0          4.267
      1      0        0.848      0.658      2.529
      2      0        0.424      0.327      1.263
      3      0        0.661      1.138      2.277
      4      0        0.327      0.573      1.136
      5      0        0.530      1.404      2.160
      6      0        0.530      1.405      2.162
      7      0        0.527      1.400      2.163
      8      0        0.540      1.429      2.143
      9      0        0.269      0.714      1.070
     10      0        0.117      1.029      0.981
     11      0        0.233      2.045      1.945
     12      0        0.155      0.922      1.044
     13      0        0.309      1.842      2.087
     14      0        0.289      1.813      2.119
     15      0        0.287      1.822      2.126
     16      0        0.289      1.814      2.120
     17      0        0.271      2.074      1.927
     18      0        0.271      2.083      1.927
     19      0        0.272      2.083      1.931
     20      0        0.072      0.488      0.507
     21      0        0.146      0.972      1.013
     22      0        0.138      1.018      0.981
     23      0        0.277      2.033      1.967
     24      0        0.245      2.107      1.928
     25      0        0.247      2.098      1.918
     26      0        0.246      2.096      1.916
     27      0        0.138      1.005      0.988
     28      0        0.277      2.016      1.979
     29      0        0.250      2.040      1.973
     30      0        0.249      2.037      1.971
     31      0        0.249      2.032      1.968
     32      0        0.254      2.026      1.959
     33      0        0.248      2.035      1.964
     34      0        0.250      2.042      1.974
     35      0        0.262      1.938      2.055
     36      0        0.263      1.931      2.041
     37      0        0.250      1.983      2.024
     38      0        0.252      1.984      2.026
     39      0        0.259      1.934      2.044
     40      0        0.252      1.975      2.018
     41      0        0.240      2.134      1.912
     42      0        0.238      2.118      1.905
     43      0        0.242      2.126      1.906
     44      0        0.237      1.937      2.059
     45      0        0.236      1.942      2.060
     46      0        0.238      1.926      2.055
     47      0        0.115      1.021      0.975
     48      0        0.232      2.051      1.962
     49      0        0.119      0.990      1.016
     50      0        0.235      1.968      2.019
     51      0        0.251      2.010      1.989
     52      0        0.253      2.013      1.986
     53      0        0.251      2.017      1.995
     54      0        0.253      2.010      1.985
     55      0        0.253      2.016      1.987
     56      0        0.230      1.988      2.024
     57      0        0.230      2.021      1.991
     58      0        0.226      2.025      1.993
     59      0        0.254      2.009      1.984
     60      0        0.229      2.015      1.984
     61      0        0.116      0.990      1.005
     62      0        0.278      2.017      1.966
     63      0        0.254      1.988      2.025
     64      0        0.253      1.978      2.011
     65      0        0.254      1.980      2.013
     66      0        0.139      1.010      0.986
     67      0        0.280      1.966      2.027
     68      0        0.276      1.965      2.023
     69      0        0.282      1.967      2.022
     70      0        0.116      1.003      1.008
     71      0        0.255      1.977      2.004
     72      0        0.113      0.998      1.000
     73      0        0.118      0.991      1.005
     74      0        0.255      1.984      2.008
     75      0        0.257      1.990      2.011
     76      0        0.071      0.490      0.500
     77      0        0.143      0.983      1.006
     78      0        0.227      2.008      2.004
     79      0        0.112      1.011      0.995

Optimization #1:
* Method          : lls
* Target function : energy
* No. of configs. : 114688
* No. of params.  : 620
* Before optimization:
  -4.9294E+00  -5.2129E+00  -5.1753E+00  -5.1951E+00  -5.1680E+00  -4.9141E+00
   9.5295E-01   9.5217E-01   9.8369E-01   5.1838E-01   5.2274E-01   5.5001E-01
   5.4201E-01   7.5959E-01   7.5914E-01   7.6730E-01   7.6749E-01   7.5174E-01
   7.5224E-01   4.4176E-01   4.4334E-01   4.4092E-01   5.0812E-01   5.3714E-01
   5.3686E-01   2.5002E-01   2.7243E-01   2.7178E-01   2.8393E-01   2.7804E-01
   2.6098E-01   2.6648E-01   2.8442E-01   2.8878E-01   2.5955E-01   2.6752E-01
   2.3786E-01   2.4666E-01   2.4820E-01   2.4094E-01   1.1399E-01   1.0344E-01
   1.7402E-01   1.8150E-01   1.8260E-01   3.5625E-01   3.4342E-01   3.6149E-01
   3.7451E-01   3.5273E-01   3.6578E-01   1.2802E-02   1.0999E-02  -1.8452E-02
  -1.7407E-02   3.1476E-02   3.4677E-02   5.6832E-02   5.3814E-02   4.4872E-02
   4.8111E-02   1.3944E-01   1.3977E-01   1.0953E-01   1.1039E-01   9.8984E-02
   1.0140E-01   1.7281E-02   1.8999E-02   3.7303E-02   3.9297E-02   1.1963E-01
   1.1603E-01   9.2905E-02   9.7449E-02   6.1860E-02   6.3881E-02   1.0842E-01
   1.1271E-01   4.8455E-01   4.8088E-01   5.2414E-01   5.2116E-01   5.0618E-01
   5.0199E-01   2.9663E-01   2.9789E-01   2.9799E-01   3.1302E-01   3.0997E-01
   1.7586E-01   1.6287E-01  -2.8228E-02   5.1282E-03   4.9287E-03  -1.5039E-03
   1.3813E-03   2.0147E-03  -7.9779E-04  -1.8002E-02  -1.5456E-02  -2.8110E-02
  -2.7435E-02  -1.6956E-02  -1.6541E-02   5.3001E-02   7.7015E-03   7.6127E-03
   1.3335E-02  -2.3291E-02  -2.2573E-02   2.7334E-02   2.6331E-02   6.1717E-02
  -4.9636E-03  -4.7333E-03  -2.6197E-02  -2.8530E-02  -1.7325E-02  -1.5259E-02
  -1.4106E-02  -1.1462E-02  -2.0381E-02   2.3377E-02   2.2867E-02   4.3794E-02
   4.4022E-02   1.8153E-02   1.8361E-02  -3.9679E-02   6.2357E-03   6.1466E-03
  -1.0581E-02  -1.2162E-03  -1.4068E-02  -1.3538E-02  -3.2839E-02  -3.3116E-02
   1.3673E-02  -3.5956E-02  -2.3688E-02  -2.3848E-02  -3.1239E-01  -8.6476E-01
  -6.0408E-01  -6.0006E-01  -2.0255E-02  -5.3011E-01  -3.7246E-01  -2.0259E-01
  -1.8691E-01  -6.1498E-01  -2.6577E-01  -5.4265E-01  -1.2242E-01  -6.6723E-01
  -2.3646E-01  -2.2380E-01  -1.8761E-01  -2.6992E-01   1.8568E-01  -6.8292E-01
  -2.0309E-01  -3.2250E-01   2.9485E-01  -5.4854E-01  -8.1838E-03  -2.6543E-01
  -1.0833E-01  -1.7864E-01   1.0729E-01  -3.7618E-01  -1.2244E-01  -1.7116E-01
  -1.8418E-01  -7.3545E-02   1.1938E-01  -3.5496E-01   7.0089E-02  -3.0785E-01
  -1.1927E-01   3.8414E-03  -1.9662E-02  -8.4486E-02  -4.9130E-02  -1.2235E-01
  -9.9854E-02  -8.0151E-02   2.8753E-02  -3.6936E-01  -1.4960E-01  -2.0868E-01
  -8.7141E-02  -2.6386E-01  -1.1406E-01   1.0288E-01   2.3979E-01  -2.2180E-01
   2.2218E-01  -2.5504E-01  -5.3701E-02  -1.1127E-03   5.6202E-02  -1.0214E-01
  -1.4936E-01   1.1563E-02   2.1589E-01  -3.2452E-01   3.7856E-01  -4.7742E-01
   4.1853E-01  -4.3726E-01   2.4843E-01  -2.8646E-01  -8.6973E-02  -3.3291E-02
   1.8894E-01  -2.8601E-01  -1.1349E-01   4.9974E-02   2.2881E-02  -1.3570E-01
   2.0271E-01  -6.5517E-01  -2.6832E-01  -2.2549E-01  -2.4740E-02  -4.4818E-01
   1.2106E-01  -4.2339E-01   6.4850E-02  -3.6542E-01  -1.0097E-01  -2.1188E-01
   2.8906E-02  -2.0084E-01   1.3676E-01  -2.9644E-01   4.4817E-01  -4.1969E-01
   5.4124E-02  -5.9222E-02   1.9049E-02  -1.8569E-02   2.9368E-02  -3.0389E-02
   2.4409E-01  -2.2794E-01   2.8540E-01  -2.5641E-01   1.4664E-01  -1.2938E-01
   1.8955E-01  -2.4233E-01   2.7151E-01  -2.7880E-01   2.0956E-01  -2.2296E-01
   2.2436E-01  -2.0104E-01   4.3687E-02  -7.0160E-02   8.5353E-02  -1.4726E-01
   1.3606E-01  -1.3024E-01   2.0226E-01  -1.7473E-01   8.4385E-02  -6.8815E-02
   2.4018E-02  -1.2587E-02   4.3503E-01  -4.1452E-01   1.7209E-01  -1.9548E-01
  -8.3551E-02   3.9269E-02   2.2113E-01  -2.3987E-01   4.5465E-01  -4.1411E-01
  -2.4423E-02   1.8648E-02   1.2185E-01  -1.1046E-01   5.8799E-04   6.2435E-04
   2.1922E-01  -2.0527E-01   4.4600E-01  -4.1312E-01  -1.6636E-01   1.5197E-01
   4.4288E-01  -4.0682E-01   2.8713E-01  -2.6356E-01   9.4736E-01   8.8749E-01
   8.5696E-01   7.5725E-01   7.4521E-01   9.4297E-01  -4.8745E-02  -5.1635E-02
  -2.2303E-01  -2.2875E-01  -9.2473E-02  -9.3189E-02  -9.2362E-02  -2.9607E-01
  -3.0083E-01   8.4271E-03  -5.8351E-03  -3.8667E-02  -3.3235E-02  -1.5084E-02
  -1.6372E-02  -1.6518E-02   7.6208E-02   8.0992E-02   6.6566E-02  -3.0247E-02
  -3.2082E-02   7.1012E-02   6.6377E-02   1.7846E-03  -4.4372E-03   3.2806E-03
  -2.8942E-02  -3.2203E-02  -2.2006E-02  -2.3166E-02  -1.8245E-02  -2.1080E-02
  -1.7947E-02  -1.2240E-02  -8.2234E-03   4.5306E-03  -7.6430E-03   1.9875E-03
  -1.2837E-02   3.1619E-03  -4.6404E-02  -4.8390E-02  -4.7603E-02  -1.2489E-02
  -2.5781E-02  -2.2978E-02  -1.3991E-02   9.6375E-03  -6.5447E-04  -4.0708E-03
  -8.8616E-04   1.2336E-03  -1.5278E-04  -1.8430E-02  -1.3685E-02  -1.4732E-03
  -3.5470E-03  -7.2313E-03  -1.0276E-02  -9.7536E-03   2.6873E-03   2.4061E-02
   5.1606E-03   5.4091E-03  -1.6517E-03   1.0951E-03  -2.8336E-03  -3.0727E-03
  -8.6945E-04  -3.5405E-03   9.3710E-04  -3.3927E-03  -2.2251E-05  -2.7368E-03
   1.3301E-03  -5.4518E-03   5.2122E-03   1.3707E-03  -1.9189E-03  -5.1661E-03
  -8.2491E-03  -1.1212E-01  -1.1492E-01  -9.3365E-02  -8.6290E-02  -9.5890E-02
  -1.0251E-01  -1.0525E-01   6.9767E-02   7.4720E-02  -5.7263E-02  -5.5374E-02
  -4.2987E-02  -4.7884E-02  -4.6412E-02   7.0343E-02   6.9898E-02   6.0492E-02
  -4.9597E-02  -5.2809E-02   6.1684E-02   6.1534E-02   5.1359E-02   4.7643E-02
   5.4564E-02  -2.2117E-02  -2.4325E-02  -2.7584E-02  -2.1848E-02  -2.5935E-02
  -1.2082E-02  -1.6417E-02  -1.9297E-02  -7.5406E-03  -8.9096E-03   1.1023E-03
   2.4736E-03  -5.3880E-03   2.0110E-03   4.2348E-02   3.0709E-02   3.6696E-02
   1.0304E-02   1.7910E-02   1.6375E-02  -1.9363E-03  -8.8914E-04  -5.9673E-03
  -6.1211E-03   4.8092E-03   1.2430E-02   8.3450E-03  -1.4456E-02  -1.2402E-02
   1.5091E-03  -9.1147E-03  -1.2087E-02  -8.1447E-03  -8.4337E-03   3.4000E-03
   1.5414E-02  -6.3513E-03  -5.1150E-03  -6.4576E-03   5.9768E-03   2.4450E-03
   1.0952E-03  -9.0078E-05  -5.0488E-03   4.9986E-04  -6.0159E-03  -2.4506E-03
  -7.2205E-04   1.0108E-03  -2.7195E-03   3.7154E-03  -1.9436E-03  -5.4308E-03
   8.3523E-02   7.5797E-02  -1.9337E-01  -1.9616E-01  -3.4052E-02  -3.8588E-02
  -3.5748E-02  -2.7601E-01  -2.8348E-01  -2.1261E-02  -3.7419E-02  -1.8422E-02
  -1.0444E-02   1.6176E-02   1.3767E-02   1.6217E-02   7.3788E-02   7.9767E-02
   6.3163E-02  -2.0641E-02  -1.7177E-02   6.0116E-02   5.1401E-02   6.9652E-03
   2.2829E-03   9.7778E-03  -2.0171E-02  -2.4502E-02  -1.3845E-02  -1.7118E-02
  -8.9373E-03  -1.7863E-02  -1.1417E-02  -2.4009E-03  -1.1853E-02   2.1510E-03
  -3.8303E-03   4.8602E-03  -1.3717E-02   8.3142E-03  -4.5693E-02  -5.0202E-02
  -4.5616E-02  -2.3876E-03  -1.8995E-02  -1.7599E-02  -1.6797E-02   1.6639E-02
  -3.1491E-03  -7.5668E-03  -8.1833E-04  -1.7858E-03  -3.0533E-03  -1.6751E-02
  -1.3223E-02   1.4748E-03  -1.4992E-03  -5.3848E-03  -1.0500E-02  -1.3277E-02
   5.5847E-03   2.9643E-02   3.0903E-03   3.8480E-03  -3.3464E-03  -2.3328E-03
  -2.4088E-03  -2.9087E-03  -2.3243E-03  -4.0984E-04   5.4928E-04   1.9642E-03
  -3.0834E-03  -1.2520E-03  -1.3435E-03  -3.9086E-03   1.1518E-03  -1.2009E-03
   8.9274E-04  -4.8182E-02  -5.0425E-02  -1.3130E-01  -1.3184E-01  -1.0137E-01
  -9.5017E-02  -1.0425E-01  -1.2368E-01  -1.2762E-01   5.7489E-02   6.5386E-02
  -4.1845E-02  -3.9672E-02  -2.1289E-02  -2.6750E-02  -2.2093E-02   6.4881E-02
   6.6395E-02   5.7038E-02  -4.2224E-02  -4.1484E-02   5.2440E-02   4.8767E-02
   6.2707E-02   6.1127E-02   6.6949E-02  -1.5725E-02  -1.6884E-02  -2.4171E-02
  -1.6653E-02  -2.0486E-02  -7.9321E-03  -1.2693E-02  -1.3863E-02  -7.4693E-03
  -1.1127E-02   4.4273E-03   2.9952E-03  -1.5986E-03   3.0015E-03   6.3828E-02
   4.6785E-02   5.8565E-02   2.1919E-02   3.2662E-02   2.9637E-02  -3.3531E-04
   3.5603E-03  -7.7850E-03  -7.6969E-03   5.8090E-03   1.2898E-02   9.0633E-03
  -1.2245E-02  -1.1732E-02   4.5931E-03  -9.9826E-03  -1.2622E-02  -7.9136E-03
  -1.1870E-02   4.6274E-03   1.8501E-02  -9.4179E-03  -7.1411E-03  -6.9757E-03
   2.8030E-03   2.0376E-03   5.7198E-04  -1.6394E-03  -3.1289E-03  -2.0420E-04
  -2.0844E-03  -6.0878E-03   1.2430E-03  -1.5909E-03  -1.2555E-04  -6.0868E-04
  -5.7731E-03  -2.5446E-03
  > E    =  -9.159315766597E+02 +/-   1.838388746311E-04
  > varE =   3.876079579616E-03
* Computing derivatives.
    [walltime: 7m26s elapsed, 18m34s remaining]
  Done. [total walltime: 26m2s]
* Optimizing manipulation constant:
  #igrid a___________ E____________________________________ varE____________
     1     Infinity    -9.15931577E+02 +/-   1.83838875E-04   3.87607958E-03
     2     1.0000E+06  -9.15931577E+02 +/-   1.83838831E-04   3.87607774E-03
     3     2.1544E+05  -9.15931577E+02 +/-   1.83838675E-04   3.87607114E-03
     4     4.6416E+04  -9.15931577E+02 +/-   1.83837993E-04   3.87604240E-03
     5     1.0000E+04  -9.15931577E+02 +/-   1.83835792E-04   3.87594958E-03
     6     2.1544E+03  -9.15931576E+02 +/-   1.83846381E-04   3.87639612E-03
     7     4.6416E+02  -9.15931550E+02 +/-   1.84357053E-04   3.89796103E-03
     8     1.0000E+02  -9.15930658E+02 +/-   2.01111416E-04   4.63864812E-03
     9     2.1544E+01  -9.15733669E+02 +/-   1.21807618E-03   1.70163684E-01
    10     4.6416E+00 (error)
    11     1.0000E+00 (error)
    12     2.1544E-01 (error)
    13     4.6416E-02 (error)
    14     1.0000E-02 (error)
    15     2.1544E-03 (error)
    16     4.6416E-04 (error)
    17     1.0000E-04 (error)
    18     2.1544E-05 (error)
    19     4.6416E-06 (error)
    20     1.0000E-06 (error)
    21     0.0000E+00 (error)
* Iteration # 1: E =  -9.159315768052E+02 +/-   1.838357917208E-04
* Convergence: exiting.
* After optimization:
  -4.9274E+00  -5.2110E+00  -5.1733E+00  -5.1932E+00  -5.1661E+00  -4.9122E+00
   9.5297E-01   9.5219E-01   9.8370E-01   5.1839E-01   5.2276E-01   5.5003E-01
   5.4203E-01   7.5961E-01   7.5915E-01   7.6731E-01   7.6750E-01   7.5176E-01
   7.5226E-01   4.4178E-01   4.4336E-01   4.4094E-01   5.0814E-01   5.3715E-01
   5.3687E-01   2.5003E-01   2.7244E-01   2.7180E-01   2.8394E-01   2.7806E-01
   2.6100E-01   2.6650E-01   2.8443E-01   2.8880E-01   2.5957E-01   2.6753E-01
   2.3788E-01   2.4668E-01   2.4822E-01   2.4096E-01   1.1400E-01   1.0346E-01
   1.7404E-01   1.8152E-01   1.8262E-01   3.5626E-01   3.4344E-01   3.6150E-01
   3.7452E-01   3.5275E-01   3.6580E-01   1.2814E-02   1.1012E-02  -1.8439E-02
  -1.7394E-02   3.1490E-02   3.4692E-02   5.6844E-02   5.3826E-02   4.4887E-02
   4.8126E-02   1.3945E-01   1.3978E-01   1.0954E-01   1.1040E-01   9.8996E-02
   1.0141E-01   1.7292E-02   1.9010E-02   3.7314E-02   3.9307E-02   1.1964E-01
   1.1605E-01   9.2920E-02   9.7464E-02   6.1867E-02   6.3889E-02   1.0844E-01
   1.1272E-01   4.8457E-01   4.8089E-01   5.2416E-01   5.2118E-01   5.0619E-01
   5.0200E-01   2.9664E-01   2.9790E-01   2.9800E-01   3.1302E-01   3.0998E-01
   1.7587E-01   1.6288E-01  -2.8222E-02   5.1310E-03   4.9314E-03  -1.4942E-03
   1.3907E-03   2.0260E-03  -7.8628E-04  -1.7991E-02  -1.5445E-02  -2.8105E-02
  -2.7430E-02  -1.6951E-02  -1.6536E-02   5.3007E-02   7.7080E-03   7.6193E-03
   1.3339E-02  -2.3288E-02  -2.2570E-02   2.7338E-02   2.6335E-02   6.1725E-02
  -4.9534E-03  -4.7230E-03  -2.6186E-02  -2.8519E-02  -1.7314E-02  -1.5248E-02
  -1.4098E-02  -1.1453E-02  -2.0371E-02   2.3393E-02   2.2883E-02   4.3810E-02
   4.4038E-02   1.8169E-02   1.8377E-02  -3.9674E-02   6.2413E-03   6.1522E-03
  -1.0577E-02  -1.2167E-03  -1.4064E-02  -1.3534E-02  -3.2833E-02  -3.3110E-02
   1.3677E-02  -3.5950E-02  -2.3684E-02  -2.3844E-02  -3.1247E-01  -8.6470E-01
  -6.0408E-01  -6.0007E-01  -2.0339E-02  -5.3004E-01  -3.7253E-01  -2.0253E-01
  -1.8695E-01  -6.1494E-01  -2.6585E-01  -5.4260E-01  -1.2250E-01  -6.6717E-01
  -2.3654E-01  -2.2374E-01  -1.8770E-01  -2.6986E-01   1.8560E-01  -6.8286E-01
  -2.0313E-01  -3.2247E-01   2.9477E-01  -5.4847E-01  -8.2634E-03  -2.6536E-01
  -1.0841E-01  -1.7859E-01   1.0721E-01  -3.7612E-01  -1.2249E-01  -1.7113E-01
  -1.8426E-01  -7.3484E-02   1.1930E-01  -3.5489E-01   7.0008E-02  -3.0779E-01
  -1.1934E-01   3.8984E-03  -1.9745E-02  -8.4421E-02  -4.9214E-02  -1.2228E-01
  -9.9934E-02  -8.0091E-02   2.8677E-02  -3.6930E-01  -1.4965E-01  -2.0865E-01
  -8.7221E-02  -2.6379E-01  -1.1413E-01   1.0294E-01   2.3971E-01  -2.2173E-01
   2.2210E-01  -2.5497E-01  -5.3740E-02  -1.0855E-03   5.6123E-02  -1.0208E-01
  -1.4940E-01   1.1591E-02   2.1581E-01  -3.2446E-01   3.7848E-01  -4.7735E-01
   4.1845E-01  -4.3719E-01   2.4835E-01  -2.8640E-01  -8.7012E-02  -3.3264E-02
   1.8887E-01  -2.8594E-01  -1.1353E-01   5.0004E-02   2.2802E-02  -1.3563E-01
   2.0263E-01  -6.5511E-01  -2.6840E-01  -2.2543E-01  -2.4785E-02  -4.4815E-01
   1.2098E-01  -4.2332E-01   6.4811E-02  -3.6539E-01  -1.0101E-01  -2.1185E-01
   2.8831E-02  -2.0077E-01   1.3672E-01  -2.9641E-01   4.4810E-01  -4.1962E-01
   5.4088E-02  -5.9189E-02   1.9007E-02  -1.8536E-02   2.9295E-02  -3.0327E-02
   2.4401E-01  -2.2788E-01   2.8533E-01  -2.5634E-01   1.4657E-01  -1.2932E-01
   1.8951E-01  -2.4229E-01   2.7144E-01  -2.7873E-01   2.0953E-01  -2.2292E-01
   2.2432E-01  -2.0100E-01   4.3650E-02  -7.0128E-02   8.5280E-02  -1.4720E-01
   1.3598E-01  -1.3018E-01   2.0218E-01  -1.7466E-01   8.4308E-02  -6.8749E-02
   2.3977E-02  -1.2555E-02   4.3495E-01  -4.1445E-01   1.7201E-01  -1.9541E-01
  -8.3629E-02   3.9332E-02   2.2105E-01  -2.3981E-01   4.5458E-01  -4.1405E-01
  -2.4493E-02   1.8713E-02   1.2178E-01  -1.1039E-01   5.8829E-04   6.2469E-04
   2.1918E-01  -2.0524E-01   4.4593E-01  -4.1305E-01  -1.6642E-01   1.5204E-01
   4.4281E-01  -4.0674E-01   2.8705E-01  -2.6349E-01   9.4632E-01   8.8653E-01
   8.5603E-01   7.5641E-01   7.4440E-01   9.4194E-01  -4.8706E-02  -5.1593E-02
  -2.2280E-01  -2.2851E-01  -9.2386E-02  -9.3102E-02  -9.2276E-02  -2.9574E-01
  -3.0050E-01   8.4190E-03  -5.8268E-03  -3.8622E-02  -3.3197E-02  -1.5067E-02
  -1.6354E-02  -1.6500E-02   7.6124E-02   8.0901E-02   6.6493E-02  -3.0212E-02
  -3.2043E-02   7.0932E-02   6.6302E-02   1.7865E-03  -4.4279E-03   3.2801E-03
  -2.8911E-02  -3.2168E-02  -2.1981E-02  -2.3139E-02  -1.8225E-02  -2.1057E-02
  -1.7927E-02  -1.2228E-02  -8.2114E-03   4.5269E-03  -7.6345E-03   1.9848E-03
  -1.2819E-02   3.1574E-03  -4.6350E-02  -4.8333E-02  -4.7547E-02  -1.2477E-02
  -2.5752E-02  -2.2953E-02  -1.3973E-02   9.6266E-03  -6.5279E-04  -4.0647E-03
  -8.8407E-04   1.2330E-03  -1.5159E-04  -1.8409E-02  -1.3670E-02  -1.4721E-03
  -3.5442E-03  -7.2245E-03  -1.0265E-02  -9.7432E-03   2.6827E-03   2.4034E-02
   5.1544E-03   5.4024E-03  -1.6510E-03   1.0946E-03  -2.8322E-03  -3.0705E-03
  -8.7089E-04  -3.5370E-03   9.3633E-04  -3.3892E-03  -1.9883E-05  -2.7337E-03
   1.3282E-03  -5.4466E-03   5.2080E-03   1.3686E-03  -1.9161E-03  -5.1528E-03
  -8.2350E-03  -1.1200E-01  -1.1480E-01  -9.3263E-02  -8.6196E-02  -9.5785E-02
  -1.0240E-01  -1.0514E-01   6.9693E-02   7.4638E-02  -5.7200E-02  -5.5312E-02
  -4.2939E-02  -4.7831E-02  -4.6361E-02   7.0270E-02   6.9825E-02   6.0430E-02
  -4.9542E-02  -5.2748E-02   6.1618E-02   6.1468E-02   5.1304E-02   4.7592E-02
   5.4504E-02  -2.2094E-02  -2.4299E-02  -2.7554E-02  -2.1823E-02  -2.5908E-02
  -1.2069E-02  -1.6399E-02  -1.9276E-02  -7.5320E-03  -8.8995E-03   1.1016E-03
   2.4712E-03  -5.3810E-03   2.0090E-03   4.2299E-02   3.0673E-02   3.6655E-02
   1.0294E-02   1.7892E-02   1.6358E-02  -1.9349E-03  -8.8823E-04  -5.9608E-03
  -6.1136E-03   4.8034E-03   1.2416E-02   8.3355E-03  -1.4440E-02  -1.2389E-02
   1.5087E-03  -9.1051E-03  -1.2074E-02  -8.1356E-03  -8.4243E-03   3.3962E-03
   1.5398E-02  -6.3442E-03  -5.1094E-03  -6.4508E-03   5.9716E-03   2.4422E-03
   1.0942E-03  -9.0259E-05  -5.0444E-03   4.9943E-04  -6.0095E-03  -2.4482E-03
  -7.2140E-04   1.0090E-03  -2.7169E-03   3.7132E-03  -1.9427E-03  -5.4266E-03
   8.3508E-02   7.5781E-02  -1.9338E-01  -1.9618E-01  -3.4069E-02  -3.8603E-02
  -3.5764E-02  -2.7602E-01  -2.8348E-01  -2.1260E-02  -3.7416E-02  -1.8419E-02
  -1.0441E-02   1.6176E-02   1.3766E-02   1.6216E-02   7.3785E-02   7.9763E-02
   6.3161E-02  -2.0637E-02  -1.7174E-02   6.0113E-02   5.1398E-02   6.9697E-03
   2.2877E-03   9.7817E-03  -2.0171E-02  -2.4503E-02  -1.3844E-02  -1.7117E-02
  -8.9369E-03  -1.7862E-02  -1.1417E-02  -2.4028E-03  -1.1849E-02   2.1525E-03
  -3.8297E-03   4.8601E-03  -1.3712E-02   8.3138E-03  -4.5687E-02  -5.0197E-02
  -4.5611E-02  -2.3904E-03  -1.8995E-02  -1.7599E-02  -1.6794E-02   1.6638E-02
  -3.1477E-03  -7.5652E-03  -8.1611E-04  -1.7841E-03  -3.0522E-03  -1.6750E-02
  -1.3221E-02   1.4736E-03  -1.5010E-03  -5.3858E-03  -1.0499E-02  -1.3277E-02
   5.5831E-03   2.9641E-02   3.0898E-03   3.8476E-03  -3.3464E-03  -2.3328E-03
  -2.4105E-03  -2.9099E-03  -2.3264E-03  -4.1039E-04   5.4985E-04   1.9640E-03
  -3.0813E-03  -1.2519E-03  -1.3432E-03  -3.9094E-03   1.1524E-03  -1.2014E-03
   8.9534E-04  -4.8170E-02  -5.0418E-02  -1.3131E-01  -1.3185E-01  -1.0137E-01
  -9.5017E-02  -1.0425E-01  -1.2369E-01  -1.2763E-01   5.7492E-02   6.5387E-02
  -4.1845E-02  -3.9670E-02  -2.1288E-02  -2.6750E-02  -2.2094E-02   6.4884E-02
   6.6398E-02   5.7040E-02  -4.2222E-02  -4.1481E-02   5.2442E-02   4.8768E-02
   6.2709E-02   6.1129E-02   6.6950E-02  -1.5726E-02  -1.6886E-02  -2.4171E-02
  -1.6653E-02  -2.0487E-02  -7.9329E-03  -1.2693E-02  -1.3864E-02  -7.4690E-03
  -1.1127E-02   4.4284E-03   2.9955E-03  -1.5981E-03   3.0026E-03   6.3825E-02
   4.6782E-02   5.8562E-02   2.1921E-02   3.2663E-02   2.9639E-02  -3.3712E-04
   3.5594E-03  -7.7857E-03  -7.6970E-03   5.8093E-03   1.2897E-02   9.0626E-03
  -1.2245E-02  -1.1732E-02   4.5941E-03  -9.9833E-03  -1.2622E-02  -7.9127E-03
  -1.1869E-02   4.6277E-03   1.8501E-02  -9.4171E-03  -7.1407E-03  -6.9749E-03
   2.8037E-03   2.0375E-03   5.7196E-04  -1.6401E-03  -3.1304E-03  -2.0396E-04
  -2.0853E-03  -6.0892E-03   1.2432E-03  -1.5913E-03  -1.2588E-04  -6.0785E-04
  -5.7745E-03  -2.5456E-03
  > Energy =  -9.159315768052E+02 +/-   1.838357917208E-04
  > varE =   3.875949579849E-03

VMC #2:
* Size of Hilbert space =   7.3125E+12
* Number of equil. steps   = 1000
* Running VMC equilibration.
  Done. [total walltime: 0.27s]
* Equil. acc.ratio (%)     =  15.9883
* Sample config after equilibration:
  [draw: system geometry not defined]
* Number of accum. steps   = 573440 x 10
* Running VMC accumulation.
  Done. [total walltime: 12.5s]
* Acceptance ratio (%)     =  15.9403
* Etot/t                   =  -9.159311983293E+02 +/-   8.700409472368E-05
  > Ttot/t                 =  -9.553056857961E+01 +/-   1.192830241466E-03
  > Utot/t                 =   4.250415849934E+01 +/-   1.180754589572E-03
* var[Eloc/t]              =   3.988352835595E-03 +/-   3.902323496538E-05
* Correlation length       =   1.088363069713E+00
* log10 Psi^2 range: -40.74373929433395 -- -29.58028954209957
* log10 Pgen range : -40.74373929433395 -- -29.58028954209957
* Site occupation (ave. no. electrons per config.):
  > Site_  ___eu____  ___ed____
      1        0.502      0.500
      2        0.498      0.501
      3        0.499      0.499
      4        0.502      0.498
      5        0.499      0.501
      6        0.501      0.501
      7        0.501      0.498
      8        0.500      0.498
      9        0.500      0.497
     10        0.496      0.500
     11        0.502      0.501
     12        0.498      0.501
     13        0.502      0.502
     14        0.501      0.501
     15        0.501      0.498
     16        0.500      0.500
     17        0.500      0.500
     18        0.500      0.498
     19        0.502      0.502
     20        0.497      0.503
     21        0.499      0.502
     22        0.503      0.501
     23        0.500      0.499
     24        0.499      0.499
* Pair-correlation analysis (ave. no. pairs per config.):
  > Shell  nsite  ___dh____  __eueu___  __eued___
      0      1        0          0          4.259
      1      0        0.845      0.654      2.532
      2      0        0.422      0.328      1.264
      3      0        0.655      1.143      2.278
      4      0        0.331      0.567      1.137
      5      0        0.524      1.403      2.163
      6      0        0.529      1.413      2.167
      7      0        0.521      1.404      2.162
      8      0        0.539      1.428      2.138
      9      0        0.271      0.715      1.072
     10      0        0.118      1.029      0.977
     11      0        0.237      2.039      1.944
     12      0        0.152      0.920      1.048
     13      0        0.308      1.844      2.093
     14      0        0.288      1.808      2.116
     15      0        0.289      1.815      2.129
     16      0        0.289      1.811      2.127
     17      0        0.272      2.085      1.931
     18      0        0.269      2.081      1.932
     19      0        0.269      2.076      1.926
     20      0        0.073      0.481      0.506
     21      0        0.147      0.970      1.015
     22      0        0.137      1.020      0.983
     23      0        0.277      2.035      1.959
     24      0        0.247      2.098      1.920
     25      0        0.246      2.102      1.918
     26      0        0.245      2.097      1.916
     27      0        0.137      1.010      0.991
     28      0        0.274      2.018      1.979
     29      0        0.249      2.040      1.976
     30      0        0.251      2.032      1.962
     31      0        0.251      2.027      1.970
     32      0        0.255      2.033      1.961
     33      0        0.247      2.032      1.963
     34      0        0.252      2.036      1.972
     35      0        0.259      1.941      2.049
     36      0        0.260      1.931      2.043
     37      0        0.249      1.977      2.019
     38      0        0.249      1.992      2.028
     39      0        0.258      1.937      2.055
     40      0        0.252      1.978      2.016
     41      0        0.238      2.130      1.911
     42      0        0.237      2.129      1.906
     43      0        0.238      2.126      1.906
     44      0        0.235      1.933      2.063
     45      0        0.235      1.943      2.062
     46      0        0.237      1.929      2.055
     47      0        0.115      1.022      0.972
     48      0        0.233      2.050      1.960
     49      0        0.117      0.992      1.017
     50      0        0.233      1.965      2.025
     51      0        0.251      2.013      1.989
     52      0        0.254      2.005      1.980
     53      0        0.253      2.018      1.994
     54      0        0.253      2.009      1.977
     55      0        0.255      2.017      1.992
     56      0        0.228      1.989      2.026
     57      0        0.231      2.016      1.989
     58      0        0.232      2.024      1.983
     59      0        0.251      2.015      1.983
     60      0        0.226      2.018      1.983
     61      0        0.113      0.992      1.006
     62      0        0.279      2.022      1.967
     63      0        0.255      1.984      2.016
     64      0        0.254      1.981      2.013
     65      0        0.256      1.980      2.014
     66      0        0.136      1.013      0.984
     67      0        0.277      1.962      2.024
     68      0        0.279      1.969      2.032
     69      0        0.276      1.970      2.023
     70      0        0.114      1.002      1.012
     71      0        0.255      1.985      2.009
     72      0        0.113      0.993      1.004
     73      0        0.114      0.996      1.005
     74      0        0.253      1.979      2.012
     75      0        0.250      1.987      2.018
     76      0        0.073      0.490      0.501
     77      0        0.142      0.981      1.006
     78      0        0.229      2.014      1.993
     79      0        0.114      1.005      0.996

Optimization #2:
* Method          : lls
* Target function : energy
* No. of configs. : 114688
* No. of params.  : 620
* Before optimization:
  -4.9274E+00  -5.2110E+00  -5.1733E+00  -5.1932E+00  -5.1661E+00  -4.9122E+00
   9.5297E-01   9.5219E-01   9.8370E-01   5.1839E-01   5.2276E-01   5.5003E-01
   5.4203E-01   7.5961E-01   7.5915E-01   7.6731E-01   7.6750E-01   7.5176E-01
   7.5226E-01   4.4178E-01   4.4336E-01   4.4094E-01   5.0814E-01   5.3715E-01
   5.3687E-01   2.5003E-01   2.7244E-01   2.7180E-01   2.8394E-01   2.7806E-01
   2.6100E-01   2.6650E-01   2.8443E-01   2.8880E-01   2.5957E-01   2.6753E-01
   2.3788E-01   2.4668E-01   2.4822E-01   2.4096E-01   1.1400E-01   1.0346E-01
   1.7404E-01   1.8152E-01   1.8262E-01   3.5626E-01   3.4344E-01   3.6150E-01
   3.7452E-01   3.5275E-01   3.6580E-01   1.2814E-02   1.1012E-02  -1.8439E-02
  -1.7394E-02   3.1490E-02   3.4692E-02   5.6844E-02   5.3826E-02   4.4887E-02
   4.8126E-02   1.3945E-01   1.3978E-01   1.0954E-01   1.1040E-01   9.8996E-02
   1.0141E-01   1.7292E-02   1.9010E-02   3.7314E-02   3.9307E-02   1.1964E-01
   1.1605E-01   9.2920E-02   9.7464E-02   6.1867E-02   6.3889E-02   1.0844E-01
   1.1272E-01   4.8457E-01   4.8089E-01   5.2416E-01   5.2118E-01   5.0619E-01
   5.0200E-01   2.9664E-01   2.9790E-01   2.9800E-01   3.1302E-01   3.0998E-01
   1.7587E-01   1.6288E-01  -2.8222E-02   5.1310E-03   4.9314E-03  -1.4942E-03
   1.3907E-03   2.0260E-03  -7.8628E-04  -1.7991E-02  -1.5445E-02  -2.8105E-02
  -2.7430E-02  -1.6951E-02  -1.6536E-02   5.3007E-02   7.7080E-03   7.6193E-03
   1.3339E-02  -2.3288E-02  -2.2570E-02   2.7338E-02   2.6335E-02   6.1725E-02
  -4.9534E-03  -4.7230E-03  -2.6186E-02  -2.8519E-02  -1.7314E-02  -1.5248E-02
  -1.4098E-02  -1.1453E-02  -2.0371E-02   2.3393E-02   2.2883E-02   4.3810E-02
   4.4038E-02   1.8169E-02   1.8377E-02  -3.9674E-02   6.2413E-03   6.1522E-03
  -1.0577E-02  -1.2167E-03  -1.4064E-02  -1.3534E-02  -3.2833E-02  -3.3110E-02
   1.3677E-02  -3.5950E-02  -2.3684E-02  -2.3844E-02  -3.1247E-01  -8.6470E-01
  -6.0408E-01  -6.0007E-01  -2.0339E-02  -5.3004E-01  -3.7253E-01  -2.0253E-01
  -1.8695E-01  -6.1494E-01  -2.6585E-01  -5.4260E-01  -1.2250E-01  -6.6717E-01
  -2.3654E-01  -2.2374E-01  -1.8770E-01  -2.6986E-01   1.8560E-01  -6.8286E-01
  -2.0313E-01  -3.2247E-01   2.9477E-01  -5.4847E-01  -8.2634E-03  -2.6536E-01
  -1.0841E-01  -1.7859E-01   1.0721E-01  -3.7612E-01  -1.2249E-01  -1.7113E-01
  -1.8426E-01  -7.3484E-02   1.1930E-01  -3.5489E-01   7.0008E-02  -3.0779E-01
  -1.1934E-01   3.8984E-03  -1.9745E-02  -8.4421E-02  -4.9214E-02  -1.2228E-01
  -9.9934E-02  -8.0091E-02   2.8677E-02  -3.6930E-01  -1.4965E-01  -2.0865E-01
  -8.7221E-02  -2.6379E-01  -1.1413E-01   1.0294E-01   2.3971E-01  -2.2173E-01
   2.2210E-01  -2.5497E-01  -5.3740E-02  -1.0855E-03   5.6123E-02  -1.0208E-01
  -1.4940E-01   1.1591E-02   2.1581E-01  -3.2446E-01   3.7848E-01  -4.7735E-01
   4.1845E-01  -4.3719E-01   2.4835E-01  -2.8640E-01  -8.7012E-02  -3.3264E-02
   1.8887E-01  -2.8594E-01  -1.1353E-01   5.0004E-02   2.2802E-02  -1.3563E-01
   2.0263E-01  -6.5511E-01  -2.6840E-01  -2.2543E-01  -2.4785E-02  -4.4815E-01
   1.2098E-01  -4.2332E-01   6.4811E-02  -3.6539E-01  -1.0101E-01  -2.1185E-01
   2.8831E-02  -2.0077E-01   1.3672E-01  -2.9641E-01   4.4810E-01  -4.1962E-01
   5.4088E-02  -5.9189E-02   1.9007E-02  -1.8536E-02   2.9295E-02  -3.0327E-02
   2.4401E-01  -2.2788E-01   2.8533E-01  -2.5634E-01   1.4657E-01  -1.2932E-01
   1.8951E-01  -2.4229E-01   2.7144E-01  -2.7873E-01   2.0953E-01  -2.2292E-01
   2.2432E-01  -2.0100E-01   4.3650E-02  -7.0128E-02   8.5280E-02  -1.4720E-01
   1.3598E-01  -1.3018E-01   2.0218E-01  -1.7466E-01   8.4308E-02  -6.8749E-02
   2.3977E-02  -1.2555E-02   4.3495E-01  -4.1445E-01   1.7201E-01  -1.9541E-01
  -8.3629E-02   3.9332E-02   2.2105E-01  -2.3981E-01   4.5458E-01  -4.1405E-01
  -2.4493E-02   1.8713E-02   1.2178E-01  -1.1039E-01   5.8829E-04   6.2469E-04
   2.1918E-01  -2.0524E-01   4.4593E-01  -4.1305E-01  -1.6642E-01   1.5204E-01
   4.4281E-01  -4.0674E-01   2.8705E-01  -2.6349E-01   9.4632E-01   8.8653E-01
   8.5603E-01   7.5641E-01   7.4440E-01   9.4194E-01  -4.8706E-02  -5.1593E-02
  -2.2280E-01  -2.2851E-01  -9.2386E-02  -9.3102E-02  -9.2276E-02  -2.9574E-01
  -3.0050E-01   8.4190E-03  -5.8268E-03  -3.8622E-02  -3.3197E-02  -1.5067E-02
  -1.6354E-02  -1.6500E-02   7.6124E-02   8.0901E-02   6.6493E-02  -3.0212E-02
  -3.2043E-02   7.0932E-02   6.6302E-02   1.7865E-03  -4.4279E-03   3.2801E-03
  -2.8911E-02  -3.2168E-02  -2.1981E-02  -2.3139E-02  -1.8225E-02  -2.1057E-02
  -1.7927E-02  -1.2228E-02  -8.2114E-03   4.5269E-03  -7.6345E-03   1.9848E-03
  -1.2819E-02   3.1574E-03  -4.6350E-02  -4.8333E-02  -4.7547E-02  -1.2477E-02
  -2.5752E-02  -2.2953E-02  -1.3973E-02   9.6266E-03  -6.5279E-04  -4.0647E-03
  -8.8407E-04   1.2330E-03  -1.5159E-04  -1.8409E-02  -1.3670E-02  -1.4721E-03
  -3.5442E-03  -7.2245E-03  -1.0265E-02  -9.7432E-03   2.6827E-03   2.4034E-02
   5.1544E-03   5.4024E-03  -1.6510E-03   1.0946E-03  -2.8322E-03  -3.0705E-03
  -8.7089E-04  -3.5370E-03   9.3633E-04  -3.3892E-03  -1.9883E-05  -2.7337E-03
   1.3282E-03  -5.4466E-03   5.2080E-03   1.3686E-03  -1.9161E-03  -5.1528E-03
  -8.2350E-03  -1.1200E-01  -1.1480E-01  -9.3263E-02  -8.6196E-02  -9.5785E-02
  -1.0240E-01  -1.0514E-01   6.9693E-02   7.4638E-02  -5.7200E-02  -5.5312E-02
  -4.2939E-02  -4.7831E-02  -4.6361E-02   7.0270E-02   6.9825E-02   6.0430E-02
  -4.9542E-02  -5.2748E-02   6.1618E-02   6.1468E-02   5.1304E-02   4.7592E-02
   5.4504E-02  -2.2094E-02  -2.4299E-02  -2.7554E-02  -2.1823E-02  -2.5908E-02
  -1.2069E-02  -1.6399E-02  -1.9276E-02  -7.5320E-03  -8.8995E-03   1.1016E-03
   2.4712E-03  -5.3810E-03   2.0090E-03   4.2299E-02   3.0673E-02   3.6655E-02
   1.0294E-02   1.7892E-02   1.6358E-02  -1.9349E-03  -8.8823E-04  -5.9608E-03
  -6.1136E-03   4.8034E-03   1.2416E-02   8.3355E-03  -1.4440E-02  -1.2389E-02
   1.5087E-03  -9.1051E-03  -1.2074E-02  -8.1356E-03  -8.4243E-03   3.3962E-03
   1.5398E-02  -6.3442E-03  -5.1094E-03  -6.4508E-03   5.9716E-03   2.4422E-03
   1.0942E-03  -9.0259E-05  -5.0444E-03   4.9943E-04  -6.0095E-03  -2.4482E-03
  -7.2140E-04   1.0090E-03  -2.7169E-03   3.7132E-03  -1.9427E-03  -5.4266E-03
   8.3508E-02   7.5781E-02  -1.9338E-01  -1.9618E-01  -3.4069E-02  -3.8603E-02
  -3.5764E-02  -2.7602E-01  -2.8348E-01  -2.1260E-02  -3.7416E-02  -1.8419E-02
  -1.0441E-02   1.6176E-02   1.3766E-02   1.6216E-02   7.3785E-02   7.9763E-02
   6.3161E-02  -2.0637E-02  -1.7174E-02   6.0113E-02   5.1398E-02   6.9697E-03
   2.2877E-03   9.7817E-03  -2.0171E-02  -2.4503E-02  -1.3844E-02  -1.7117E-02
  -8.9369E-03  -1.7862E-02  -1.1417E-02  -2.4028E-03  -1.1849E-02   2.1525E-03
  -3.8297E-03   4.8601E-03  -1.3712E-02   8.3138E-03  -4.5687E-02  -5.0197E-02
  -4.5611E-02  -2.3904E-03  -1.8995E-02  -1.7599E-02  -1.6794E-02   1.6638E-02
  -3.1477E-03  -7.5652E-03  -8.1611E-04  -1.7841E-03  -3.0522E-03  -1.6750E-02
  -1.3221E-02   1.4736E-03  -1.5010E-03  -5.3858E-03  -1.0499E-02  -1.3277E-02
   5.5831E-03   2.9641E-02   3.0898E-03   3.8476E-03  -3.3464E-03  -2.3328E-03
  -2.4105E-03  -2.9099E-03  -2.3264E-03  -4.1039E-04   5.4985E-04   1.9640E-03
  -3.0813E-03  -1.2519E-03  -1.3432E-03  -3.9094E-03   1.1524E-03  -1.2014E-03
   8.9534E-04  -4.8170E-02  -5.0418E-02  -1.3131E-01  -1.3185E-01  -1.0137E-01
  -9.5017E-02  -1.0425E-01  -1.2369E-01  -1.2763E-01   5.7492E-02   6.5387E-02
  -4.1845E-02  -3.9670E-02  -2.1288E-02  -2.6750E-02  -2.2094E-02   6.4884E-02
   6.6398E-02   5.7040E-02  -4.2222E-02  -4.1481E-02   5.2442E-02   4.8768E-02
   6.2709E-02   6.1129E-02   6.6950E-02  -1.5726E-02  -1.6886E-02  -2.4171E-02
  -1.6653E-02  -2.0487E-02  -7.9329E-03  -1.2693E-02  -1.3864E-02  -7.4690E-03
  -1.1127E-02   4.4284E-03   2.9955E-03  -1.5981E-03   3.0026E-03   6.3825E-02
   4.6782E-02   5.8562E-02   2.1921E-02   3.2663E-02   2.9639E-02  -3.3712E-04
   3.5594E-03  -7.7857E-03  -7.6970E-03   5.8093E-03   1.2897E-02   9.0626E-03
  -1.2245E-02  -1.1732E-02   4.5941E-03  -9.9833E-03  -1.2622E-02  -7.9127E-03
  -1.1869E-02   4.6277E-03   1.8501E-02  -9.4171E-03  -7.1407E-03  -6.9749E-03
   2.8037E-03   2.0375E-03   5.7196E-04  -1.6401E-03  -3.1304E-03  -2.0396E-04
  -2.0853E-03  -6.0892E-03   1.2432E-03  -1.5913E-03  -1.2588E-04  -6.0785E-04
  -5.7745E-03  -2.5456E-03
  > E    =  -9.159307648965E+02 +/-   1.881532430964E-04
  > varE =   4.060143619504E-03
* Computing derivatives.
    [walltime: 7m26s elapsed, 18m39s remaining]
  Done. [total walltime: 26m4s]
* Optimizing manipulation constant:
  #igrid a___________ E____________________________________ varE____________
     1     Infinity    -9.15930765E+02 +/-   1.88153243E-04   4.06014362E-03
     2     1.0000E+06  -9.15930765E+02 +/-   1.88153198E-04   4.06014168E-03
     3     2.1544E+05  -9.15930765E+02 +/-   1.88153034E-04   4.06013461E-03
     4     4.6416E+04  -9.15930765E+02 +/-   1.88152277E-04   4.06010191E-03
     5     1.0000E+04  -9.15930765E+02 +/-   1.88148820E-04   4.05995274E-03
     6     2.1544E+03  -9.15930766E+02 +/-   1.88134061E-04   4.05931579E-03
     7     4.6416E+02  -9.15930768E+02 +/-   1.88093079E-04   4.05754747E-03
     8     1.0000E+02  -9.15930739E+02 +/-   1.88495150E-04   4.07491299E-03
     9     2.1544E+01  -9.15929594E+02 +/-   2.07425280E-04   4.93447950E-03
    10     4.6416E+00  -9.15838412E+02 +/-   8.44406209E-04   8.17750494E-02
    11     1.0000E+00  -9.13911599E+02 +/-   3.27423073E-03   1.22952267E+00
    12     2.1544E-01  -9.12881656E+02 +/-   6.14619021E-03   4.33241422E+00
    13     4.6416E-02  -9.12889510E+02 +/-   4.26055444E-03   2.08185375E+00
    14     1.0000E-02  -9.12877315E+02 +/-   5.64400926E-03   3.65336796E+00
    15     2.1544E-03  -9.12874426E+02 +/-   6.04306686E-03   4.18825174E+00
    16     4.6416E-04  -9.12873814E+02 +/-   6.13471900E-03   4.31625733E+00
    17     1.0000E-04  -9.12873682E+02 +/-   6.15472856E-03   4.34445985E+00
    18     2.1544E-05  -9.12873654E+02 +/-   6.15905168E-03   4.35056514E+00
    19     4.6416E-06  -9.12873648E+02 +/-   6.15998364E-03   4.35188185E+00
    20     1.0000E-06  -9.12873647E+02 +/-   6.16018445E-03   4.35216559E+00
    21     0.0000E+00  -9.12873646E+02 +/-   6.16023959E-03   4.35224351E+00
  ParMin   9.1472E+02  -9.15930767E+02 +/-   1.88113528E-04   4.05842978E-03
  # Using grid point #7
* Iteration # 1: E =  -9.159307675258E+02 +/-   1.880930787363E-04
* Convergence: exiting.
* After optimization:
  -4.9434E+00  -5.2267E+00  -5.1890E+00  -5.2083E+00  -5.1811E+00  -4.9281E+00
   9.5319E-01   9.5240E-01   9.8392E-01   5.1859E-01   5.2294E-01   5.5021E-01
   5.4222E-01   7.5985E-01   7.5933E-01   7.6751E-01   7.6762E-01   7.5197E-01
   7.5241E-01   4.4207E-01   4.4363E-01   4.4120E-01   5.0826E-01   5.3730E-01
   5.3702E-01   2.5023E-01   2.7264E-01   2.7200E-01   2.8417E-01   2.7828E-01
   2.6122E-01   2.6672E-01   2.8465E-01   2.8902E-01   2.5983E-01   2.6777E-01
   2.3814E-01   2.4691E-01   2.4846E-01   2.4122E-01   1.1425E-01   1.0369E-01
   1.7432E-01   1.8181E-01   1.8290E-01   3.5647E-01   3.4365E-01   3.6173E-01
   3.7474E-01   3.5296E-01   3.6601E-01   1.2940E-02   1.1148E-02  -1.8317E-02
  -1.7272E-02   3.1657E-02   3.4852E-02   5.7026E-02   5.4014E-02   4.5056E-02
   4.8287E-02   1.3958E-01   1.3991E-01   1.0965E-01   1.1051E-01   9.9103E-02
   1.0152E-01   1.7376E-02   1.9091E-02   3.7387E-02   3.9380E-02   1.1983E-01
   1.1624E-01   9.3098E-02   9.7632E-02   6.1969E-02   6.3988E-02   1.0861E-01
   1.1289E-01   4.8479E-01   4.8111E-01   5.2437E-01   5.2139E-01   5.0643E-01
   5.0224E-01   2.9674E-01   2.9800E-01   2.9814E-01   3.1317E-01   3.1012E-01
   1.7595E-01   1.6300E-01  -2.8249E-02   5.1296E-03   4.9298E-03  -1.3688E-03
   1.5121E-03   2.1355E-03  -6.7459E-04  -1.7889E-02  -1.5349E-02  -2.8138E-02
  -2.7463E-02  -1.6980E-02  -1.6567E-02   5.3061E-02   7.7084E-03   7.6207E-03
   1.3361E-02  -2.3299E-02  -2.2585E-02   2.7360E-02   2.6361E-02   6.1755E-02
  -4.8739E-03  -4.6387E-03  -2.6094E-02  -2.8417E-02  -1.7225E-02  -1.5165E-02
  -1.3990E-02  -1.1351E-02  -2.0304E-02   2.3596E-02   2.3082E-02   4.4002E-02
   4.4229E-02   1.8366E-02   1.8577E-02  -3.9724E-02   6.2261E-03   6.1384E-03
  -1.0625E-02  -1.2268E-03  -1.4051E-02  -1.3523E-02  -3.2849E-02  -3.3124E-02
   1.3648E-02  -3.5992E-02  -2.3728E-02  -2.3887E-02  -3.1211E-01  -8.6541E-01
  -6.0424E-01  -6.0019E-01  -1.9842E-02  -5.3077E-01  -3.7208E-01  -2.0318E-01
  -1.8678E-01  -6.1538E-01  -2.6541E-01  -5.4325E-01  -1.2205E-01  -6.6787E-01
  -2.3612E-01  -2.2448E-01  -1.8722E-01  -2.7062E-01   1.8609E-01  -6.8347E-01
  -2.0293E-01  -3.2281E-01   2.9527E-01  -5.4919E-01  -7.8030E-03  -2.6604E-01
  -1.0798E-01  -1.7924E-01   1.0766E-01  -3.7680E-01  -1.2229E-01  -1.7153E-01
  -1.8382E-01  -7.4176E-02   1.1978E-01  -3.5562E-01   7.0451E-02  -3.0849E-01
  -1.1892E-01   3.2387E-03  -1.9264E-02  -8.5135E-02  -4.8761E-02  -1.2302E-01
  -9.9507E-02  -8.0798E-02   2.9116E-02  -3.6994E-01  -1.4946E-01  -2.0905E-01
  -8.6755E-02  -2.6446E-01  -1.1366E-01   1.0234E-01   2.4025E-01  -2.2239E-01
   2.2260E-01  -2.5562E-01  -5.3565E-02  -1.4441E-03   5.6611E-02  -1.0273E-01
  -1.4920E-01   1.1258E-02   2.1634E-01  -3.2509E-01   3.7900E-01  -4.7798E-01
   4.1899E-01  -4.3782E-01   2.4889E-01  -2.8701E-01  -8.6844E-02  -3.3627E-02
   1.8935E-01  -2.8660E-01  -1.1331E-01   4.9689E-02   2.3287E-02  -1.3629E-01
   2.0309E-01  -6.5578E-01  -2.6796E-01  -2.2607E-01  -2.4608E-02  -4.4856E-01
   1.2148E-01  -4.2392E-01   6.5009E-02  -3.6573E-01  -1.0082E-01  -2.1220E-01
   2.9340E-02  -2.0137E-01   1.3694E-01  -2.9673E-01   4.4867E-01  -4.2016E-01
   5.4369E-02  -5.9465E-02   1.9245E-02  -1.8893E-02   2.9788E-02  -3.0925E-02
   2.4454E-01  -2.2850E-01   2.8592E-01  -2.5691E-01   1.4712E-01  -1.2985E-01
   1.8976E-01  -2.4260E-01   2.7199E-01  -2.7929E-01   2.0979E-01  -2.2321E-01
   2.2462E-01  -2.0130E-01   4.3913E-02  -7.0419E-02   8.5820E-02  -1.4776E-01
   1.3651E-01  -1.3079E-01   2.0268E-01  -1.7526E-01   8.4840E-02  -6.9364E-02
   2.4225E-02  -1.2901E-02   4.3552E-01  -4.1509E-01   1.7248E-01  -1.9609E-01
  -8.3162E-02   3.8665E-02   2.2154E-01  -2.4051E-01   4.5516E-01  -4.1458E-01
  -2.3941E-02   1.8177E-02   1.2235E-01  -1.1092E-01   5.9505E-04   6.3245E-04
   2.1948E-01  -2.0555E-01   4.4652E-01  -4.1362E-01  -1.6588E-01   1.5152E-01
   4.4343E-01  -4.0733E-01   2.8763E-01  -2.6403E-01   9.5156E-01   8.9169E-01
   8.6094E-01   7.6059E-01   7.4850E-01   9.4712E-01  -4.9362E-02  -5.2248E-02
  -2.2429E-01  -2.3007E-01  -9.3197E-02  -9.3971E-02  -9.3121E-02  -2.9744E-01
  -3.0224E-01   8.5093E-03  -5.8211E-03  -3.8799E-02  -3.3371E-02  -1.5149E-02
  -1.6439E-02  -1.6541E-02   7.6557E-02   8.1359E-02   6.6861E-02  -3.0312E-02
  -3.2137E-02   7.1267E-02   6.6642E-02   1.9018E-03  -4.3763E-03   3.3701E-03
  -2.9081E-02  -3.2339E-02  -2.2107E-02  -2.3240E-02  -1.8325E-02  -2.1183E-02
  -1.8032E-02  -1.2336E-02  -8.1898E-03   4.5467E-03  -7.6635E-03   1.9896E-03
  -1.2814E-02   3.1555E-03  -4.6529E-02  -4.8516E-02  -4.7724E-02  -1.2611E-02
  -2.5892E-02  -2.3091E-02  -1.3996E-02   9.6915E-03  -6.3567E-04  -4.0109E-03
  -8.8396E-04   1.2544E-03  -1.4465E-04  -1.8508E-02  -1.3764E-02  -1.4656E-03
  -3.6130E-03  -7.2648E-03  -1.0300E-02  -9.7726E-03   2.6457E-03   2.4159E-02
   5.1724E-03   5.4359E-03  -1.6234E-03   1.1414E-03  -2.8725E-03  -3.1318E-03
  -9.0604E-04  -3.5853E-03   9.6388E-04  -3.4423E-03  -1.3563E-05  -2.7222E-03
   1.3633E-03  -5.5219E-03   5.2587E-03   1.3680E-03  -1.9501E-03  -5.1336E-03
  -8.1855E-03  -1.1283E-01  -1.1568E-01  -9.3810E-02  -8.6736E-02  -9.6368E-02
  -1.0319E-01  -1.0595E-01   7.0116E-02   7.5064E-02  -5.7474E-02  -5.5612E-02
  -4.3154E-02  -4.8070E-02  -4.6570E-02   7.0771E-02   7.0322E-02   6.0840E-02
  -4.9781E-02  -5.3001E-02   6.2018E-02   6.1886E-02   5.1650E-02   4.7917E-02
   5.4843E-02  -2.2235E-02  -2.4465E-02  -2.7715E-02  -2.1957E-02  -2.6053E-02
  -1.2175E-02  -1.6519E-02  -1.9390E-02  -7.5499E-03  -8.9267E-03   1.1091E-03
   2.5065E-03  -5.3865E-03   2.0292E-03   4.2472E-02   3.0813E-02   3.6815E-02
   1.0334E-02   1.7996E-02   1.6454E-02  -1.9568E-03  -8.8700E-04  -5.9363E-03
  -6.1277E-03   4.8546E-03   1.2464E-02   8.3619E-03  -1.4540E-02  -1.2465E-02
   1.5230E-03  -9.1428E-03  -1.2156E-02  -8.1894E-03  -8.4987E-03   3.4452E-03
   1.5491E-02  -6.3754E-03  -5.1313E-03  -6.4868E-03   6.0242E-03   2.4576E-03
   1.1083E-03  -9.8836E-05  -5.0967E-03   5.2227E-04  -6.0719E-03  -2.4495E-03
  -7.2977E-04   1.0272E-03  -2.8045E-03   3.7596E-03  -1.9564E-03  -5.4719E-03
   8.3134E-02   7.5436E-02  -1.9363E-01  -1.9650E-01  -3.4394E-02  -3.8990E-02
  -3.6106E-02  -2.7612E-01  -2.8359E-01  -2.1241E-02  -3.7372E-02  -1.8352E-02
  -1.0394E-02   1.6176E-02   1.3778E-02   1.6256E-02   7.3745E-02   7.9729E-02
   6.3136E-02  -2.0558E-02  -1.7102E-02   6.0023E-02   5.1354E-02   7.0718E-03
   2.3450E-03   9.8578E-03  -2.0187E-02  -2.4489E-02  -1.3850E-02  -1.7066E-02
  -8.9301E-03  -1.7838E-02  -1.1413E-02  -2.4591E-03  -1.1771E-02   2.1552E-03
  -3.8150E-03   4.8620E-03  -1.3640E-02   8.2919E-03  -4.5553E-02  -5.0079E-02
  -4.5487E-02  -2.4479E-03  -1.9007E-02  -1.7616E-02  -1.6708E-02   1.6626E-02
  -3.1485E-03  -7.4956E-03  -8.2189E-04  -1.7629E-03  -3.0310E-03  -1.6703E-02
  -1.3197E-02   1.4860E-03  -1.5619E-03  -5.3738E-03  -1.0475E-02  -1.3223E-02
   5.5196E-03   2.9607E-02   3.0815E-03   3.8588E-03  -3.3111E-03  -2.2917E-03
  -2.4430E-03  -2.9462E-03  -2.3619E-03  -4.1067E-04   5.5232E-04   1.9620E-03
  -3.1053E-03  -1.2031E-03  -1.3254E-03  -3.8985E-03   1.1557E-03  -1.2438E-03
   9.0998E-04  -4.8087E-02  -5.0239E-02  -1.3156E-01  -1.3216E-01  -1.0139E-01
  -9.5096E-02  -1.0428E-01  -1.2399E-01  -1.2791E-01   5.7501E-02   6.5401E-02
  -4.1777E-02  -3.9617E-02  -2.1260E-02  -2.6717E-02  -2.2065E-02   6.4967E-02
   6.6485E-02   5.7098E-02  -4.2177E-02  -4.1434E-02   5.2477E-02   4.8834E-02
   6.2765E-02   6.1171E-02   6.6989E-02  -1.5747E-02  -1.6913E-02  -2.4171E-02
  -1.6658E-02  -2.0487E-02  -7.9574E-03  -1.2720E-02  -1.3880E-02  -7.4492E-03
  -1.1087E-02   4.4203E-03   3.0317E-03  -1.5940E-03   3.0233E-03   6.3770E-02
   4.6735E-02   5.8505E-02   2.1928E-02   3.2658E-02   2.9641E-02  -3.3191E-04
   3.5424E-03  -7.7343E-03  -7.7043E-03   5.8285E-03   1.2872E-02   9.0460E-03
  -1.2232E-02  -1.1703E-02   4.5910E-03  -9.9600E-03  -1.2629E-02  -7.9251E-03
  -1.1881E-02   4.6731E-03   1.8494E-02  -9.3996E-03  -7.1276E-03  -6.9857E-03
   2.8186E-03   2.0280E-03   5.7507E-04  -1.6595E-03  -3.1328E-03  -1.9889E-04
  -2.0837E-03  -6.1110E-03   1.2459E-03  -1.5963E-03  -1.5954E-04  -6.0286E-04
  -5.8096E-03  -2.5281E-03
  > Energy =  -9.159307675258E+02 +/-   1.880930787363E-04
  > varE =   4.057547470921E-03

VMC #3:
* Size of Hilbert space =   7.3125E+12
* Number of equil. steps   = 1000
* Running VMC equilibration.
  Done. [total walltime: 0.27s]
* Equil. acc.ratio (%)     =  15.9810
* Sample config after equilibration:
  [draw: system geometry not defined]
* Number of accum. steps   = 573440 x 10
* Running VMC accumulation.
  Done. [total walltime: 12.5s]
* Acceptance ratio (%)     =  15.9421
* Etot/t                   =  -9.159312648962E+02 +/-   8.558138334637E-05
  > Ttot/t                 =  -9.553250473219E+01 +/-   1.205956798069E-03
  > Utot/t                 =   4.250602808500E+01 +/-   1.193733138795E-03
* var[Eloc/t]              =   4.021880861280E-03 +/-   5.930898919073E-05
* Correlation length       =   1.044281024379E+00
* log10 Psi^2 range: -41.57508100432483 -- -29.59920445467643
* log10 Pgen range : -41.57508100432483 -- -29.59920445467643
* Site occupation (ave. no. electrons per config.):
  > Site_  ___eu____  ___ed____
      1        0.498      0.493
      2        0.499      0.500
      3        0.498      0.498
      4        0.498      0.499
      5        0.502      0.499
      6        0.502      0.499
      7        0.502      0.499
      8        0.497      0.500
      9        0.499      0.503
     10        0.503      0.503
     11        0.501      0.504
     12        0.501      0.497
     13        0.500      0.499
     14        0.503      0.501
     15        0.497      0.501
     16        0.499      0.499
     17        0.497      0.500
     18        0.498      0.500
     19        0.501      0.502
     20        0.501      0.502
     21        0.501      0.497
     22        0.500      0.501
     23        0.500      0.506
     24        0.503      0.498
* Pair-correlation analysis (ave. no. pairs per config.):
  > Shell  nsite  ___dh____  __eueu___  __eued___
      0      1        0          0          4.273
      1      0        0.847      0.662      2.527
      2      0        0.426      0.327      1.260
      3      0        0.660      1.141      2.277
      4      0        0.331      0.571      1.135
      5      0        0.529      1.405      2.159
      6      0        0.535      1.404      2.162
      7      0        0.526      1.401      2.166
      8      0        0.544      1.422      2.143
      9      0        0.270      0.715      1.070
     10      0        0.119      1.027      0.980
     11      0        0.236      2.041      1.946
     12      0        0.154      0.923      1.046
     13      0        0.312      1.842      2.090
     14      0        0.288      1.810      2.125
     15      0        0.289      1.818      2.132
     16      0        0.288      1.812      2.124
     17      0        0.273      2.080      1.927
     18      0        0.274      2.077      1.931
     19      0        0.274      2.084      1.926
     20      0        0.072      0.485      0.508
     21      0        0.146      0.973      1.011
     22      0        0.137      1.020      0.982
     23      0        0.275      2.040      1.959
     24      0        0.245      2.107      1.925
     25      0        0.249      2.096      1.915
     26      0        0.249      2.099      1.911
     27      0        0.141      1.005      0.989
     28      0        0.273      2.013      1.988
     29      0        0.253      2.037      1.973
     30      0        0.251      2.033      1.972
     31      0        0.250      2.030      1.967
     32      0        0.251      2.033      1.967
     33      0        0.251      2.032      1.964
     34      0        0.253      2.040      1.972
     35      0        0.261      1.940      2.053
     36      0        0.260      1.931      2.049
     37      0        0.252      1.981      2.022
     38      0        0.254      1.987      2.024
     39      0        0.267      1.931      2.039
     40      0        0.251      1.978      2.018
     41      0        0.241      2.134      1.909
     42      0        0.240      2.124      1.906
     43      0        0.239      2.126      1.907
     44      0        0.238      1.939      2.059
     45      0        0.239      1.937      2.062
     46      0        0.238      1.930      2.053
     47      0        0.116      1.021      0.975
     48      0        0.231      2.052      1.962
     49      0        0.120      0.985      1.020
     50      0        0.234      1.968      2.025
     51      0        0.253      2.006      1.991
     52      0        0.251      2.016      1.981
     53      0        0.253      2.016      1.993
     54      0        0.252      2.014      1.981
     55      0        0.257      2.021      1.979
     56      0        0.234      1.991      2.020
     57      0        0.228      2.032      1.985
     58      0        0.234      2.021      1.987
     59      0        0.254      2.009      1.985
     60      0        0.228      2.016      1.986
     61      0        0.116      0.986      1.009
     62      0        0.279      2.026      1.961
     63      0        0.252      1.987      2.027
     64      0        0.258      1.979      2.008
     65      0        0.253      1.985      2.009
     66      0        0.140      1.011      0.980
     67      0        0.278      1.963      2.027
     68      0        0.281      1.964      2.026
     69      0        0.278      1.965      2.025
     70      0        0.113      1.000      1.016
     71      0        0.256      1.970      2.016
     72      0        0.114      0.992      1.005
     73      0        0.114      0.998      1.007
     74      0        0.255      1.984      2.008
     75      0        0.256      1.982      2.022
     76      0        0.072      0.490      0.502
     77      0        0.145      0.984      1.001
     78      0        0.229      2.020      1.990
     79      0        0.119      1.003      0.992

Optimization #3:
* Method          : lls
* Target function : energy
* No. of configs. : 114688
* No. of params.  : 620
* Before optimization:
  -4.9434E+00  -5.2267E+00  -5.1890E+00  -5.2083E+00  -5.1811E+00  -4.9281E+00
   9.5319E-01   9.5240E-01   9.8392E-01   5.1859E-01   5.2294E-01   5.5021E-01
   5.4222E-01   7.5985E-01   7.5933E-01   7.6751E-01   7.6762E-01   7.5197E-01
   7.5241E-01   4.4207E-01   4.4363E-01   4.4120E-01   5.0826E-01   5.3730E-01
   5.3702E-01   2.5023E-01   2.7264E-01   2.7200E-01   2.8417E-01   2.7828E-01
   2.6122E-01   2.6672E-01   2.8465E-01   2.8902E-01   2.5983E-01   2.6777E-01
   2.3814E-01   2.4691E-01   2.4846E-01   2.4122E-01   1.1425E-01   1.0369E-01
   1.7432E-01   1.8181E-01   1.8290E-01   3.5647E-01   3.4365E-01   3.6173E-01
   3.7474E-01   3.5296E-01   3.6601E-01   1.2940E-02   1.1148E-02  -1.8317E-02
  -1.7272E-02   3.1657E-02   3.4852E-02   5.7026E-02   5.4014E-02   4.5056E-02
   4.8287E-02   1.3958E-01   1.3991E-01   1.0965E-01   1.1051E-01   9.9103E-02
   1.0152E-01   1.7376E-02   1.9091E-02   3.7387E-02   3.9380E-02   1.1983E-01
   1.1624E-01   9.3098E-02   9.7632E-02   6.1969E-02   6.3988E-02   1.0861E-01
   1.1289E-01   4.8479E-01   4.8111E-01   5.2437E-01   5.2139E-01   5.0643E-01
   5.0224E-01   2.9674E-01   2.9800E-01   2.9814E-01   3.1317E-01   3.1012E-01
   1.7595E-01   1.6300E-01  -2.8249E-02   5.1296E-03   4.9298E-03  -1.3688E-03
   1.5121E-03   2.1355E-03  -6.7459E-04  -1.7889E-02  -1.5349E-02  -2.8138E-02
  -2.7463E-02  -1.6980E-02  -1.6567E-02   5.3061E-02   7.7084E-03   7.6207E-03
   1.3361E-02  -2.3299E-02  -2.2585E-02   2.7360E-02   2.6361E-02   6.1755E-02
  -4.8739E-03  -4.6387E-03  -2.6094E-02  -2.8417E-02  -1.7225E-02  -1.5165E-02
  -1.3990E-02  -1.1351E-02  -2.0304E-02   2.3596E-02   2.3082E-02   4.4002E-02
   4.4229E-02   1.8366E-02   1.8577E-02  -3.9724E-02   6.2261E-03   6.1384E-03
  -1.0625E-02  -1.2268E-03  -1.4051E-02  -1.3523E-02  -3.2849E-02  -3.3124E-02
   1.3648E-02  -3.5992E-02  -2.3728E-02  -2.3887E-02  -3.1211E-01  -8.6541E-01
  -6.0424E-01  -6.0019E-01  -1.9842E-02  -5.3077E-01  -3.7208E-01  -2.0318E-01
  -1.8678E-01  -6.1538E-01  -2.6541E-01  -5.4325E-01  -1.2205E-01  -6.6787E-01
  -2.3612E-01  -2.2448E-01  -1.8722E-01  -2.7062E-01   1.8609E-01  -6.8347E-01
  -2.0293E-01  -3.2281E-01   2.9527E-01  -5.4919E-01  -7.8030E-03  -2.6604E-01
  -1.0798E-01  -1.7924E-01   1.0766E-01  -3.7680E-01  -1.2229E-01  -1.7153E-01
  -1.8382E-01  -7.4176E-02   1.1978E-01  -3.5562E-01   7.0451E-02  -3.0849E-01
  -1.1892E-01   3.2387E-03  -1.9264E-02  -8.5135E-02  -4.8761E-02  -1.2302E-01
  -9.9507E-02  -8.0798E-02   2.9116E-02  -3.6994E-01  -1.4946E-01  -2.0905E-01
  -8.6755E-02  -2.6446E-01  -1.1366E-01   1.0234E-01   2.4025E-01  -2.2239E-01
   2.2260E-01  -2.5562E-01  -5.3565E-02  -1.4441E-03   5.6611E-02  -1.0273E-01
  -1.4920E-01   1.1258E-02   2.1634E-01  -3.2509E-01   3.7900E-01  -4.7798E-01
   4.1899E-01  -4.3782E-01   2.4889E-01  -2.8701E-01  -8.6844E-02  -3.3627E-02
   1.8935E-01  -2.8660E-01  -1.1331E-01   4.9689E-02   2.3287E-02  -1.3629E-01
   2.0309E-01  -6.5578E-01  -2.6796E-01  -2.2607E-01  -2.4608E-02  -4.4856E-01
   1.2148E-01  -4.2392E-01   6.5009E-02  -3.6573E-01  -1.0082E-01  -2.1220E-01
   2.9340E-02  -2.0137E-01   1.3694E-01  -2.9673E-01   4.4867E-01  -4.2016E-01
   5.4369E-02  -5.9465E-02   1.9245E-02  -1.8893E-02   2.9788E-02  -3.0925E-02
   2.4454E-01  -2.2850E-01   2.8592E-01  -2.5691E-01   1.4712E-01  -1.2985E-01
   1.8976E-01  -2.4260E-01   2.7199E-01  -2.7929E-01   2.0979E-01  -2.2321E-01
   2.2462E-01  -2.0130E-01   4.3913E-02  -7.0419E-02   8.5820E-02  -1.4776E-01
   1.3651E-01  -1.3079E-01   2.0268E-01  -1.7526E-01   8.4840E-02  -6.9364E-02
   2.4225E-02  -1.2901E-02   4.3552E-01  -4.1509E-01   1.7248E-01  -1.9609E-01
  -8.3162E-02   3.8665E-02   2.2154E-01  -2.4051E-01   4.5516E-01  -4.1458E-01
  -2.3941E-02   1.8177E-02   1.2235E-01  -1.1092E-01   5.9505E-04   6.3245E-04
   2.1948E-01  -2.0555E-01   4.4652E-01  -4.1362E-01  -1.6588E-01   1.5152E-01
   4.4343E-01  -4.0733E-01   2.8763E-01  -2.6403E-01   9.5156E-01   8.9169E-01
   8.6094E-01   7.6059E-01   7.4850E-01   9.4712E-01  -4.9362E-02  -5.2248E-02
  -2.2429E-01  -2.3007E-01  -9.3197E-02  -9.3971E-02  -9.3121E-02  -2.9744E-01
  -3.0224E-01   8.5093E-03  -5.8211E-03  -3.8799E-02  -3.3371E-02  -1.5149E-02
  -1.6439E-02  -1.6541E-02   7.6557E-02   8.1359E-02   6.6861E-02  -3.0312E-02
  -3.2137E-02   7.1267E-02   6.6642E-02   1.9018E-03  -4.3763E-03   3.3701E-03
  -2.9081E-02  -3.2339E-02  -2.2107E-02  -2.3240E-02  -1.8325E-02  -2.1183E-02
  -1.8032E-02  -1.2336E-02  -8.1898E-03   4.5467E-03  -7.6635E-03   1.9896E-03
  -1.2814E-02   3.1555E-03  -4.6529E-02  -4.8516E-02  -4.7724E-02  -1.2611E-02
  -2.5892E-02  -2.3091E-02  -1.3996E-02   9.6915E-03  -6.3567E-04  -4.0109E-03
  -8.8396E-04   1.2544E-03  -1.4465E-04  -1.8508E-02  -1.3764E-02  -1.4656E-03
  -3.6130E-03  -7.2648E-03  -1.0300E-02  -9.7726E-03   2.6457E-03   2.4159E-02
   5.1724E-03   5.4359E-03  -1.6234E-03   1.1414E-03  -2.8725E-03  -3.1318E-03
  -9.0604E-04  -3.5853E-03   9.6388E-04  -3.4423E-03  -1.3563E-05  -2.7222E-03
   1.3633E-03  -5.5219E-03   5.2587E-03   1.3680E-03  -1.9501E-03  -5.1336E-03
  -8.1855E-03  -1.1283E-01  -1.1568E-01  -9.3810E-02  -8.6736E-02  -9.6368E-02
  -1.0319E-01  -1.0595E-01   7.0116E-02   7.5064E-02  -5.7474E-02  -5.5612E-02
  -4.3154E-02  -4.8070E-02  -4.6570E-02   7.0771E-02   7.0322E-02   6.0840E-02
  -4.9781E-02  -5.3001E-02   6.2018E-02   6.1886E-02   5.1650E-02   4.7917E-02
   5.4843E-02  -2.2235E-02  -2.4465E-02  -2.7715E-02  -2.1957E-02  -2.6053E-02
  -1.2175E-02  -1.6519E-02  -1.9390E-02  -7.5499E-03  -8.9267E-03   1.1091E-03
   2.5065E-03  -5.3865E-03   2.0292E-03   4.2472E-02   3.0813E-02   3.6815E-02
   1.0334E-02   1.7996E-02   1.6454E-02  -1.9568E-03  -8.8700E-04  -5.9363E-03
  -6.1277E-03   4.8546E-03   1.2464E-02   8.3619E-03  -1.4540E-02  -1.2465E-02
   1.5230E-03  -9.1428E-03  -1.2156E-02  -8.1894E-03  -8.4987E-03   3.4452E-03
   1.5491E-02  -6.3754E-03  -5.1313E-03  -6.4868E-03   6.0242E-03   2.4576E-03
   1.1083E-03  -9.8836E-05  -5.0967E-03   5.2227E-04  -6.0719E-03  -2.4495E-03
  -7.2977E-04   1.0272E-03  -2.8045E-03   3.7596E-03  -1.9564E-03  -5.4719E-03
   8.3134E-02   7.5436E-02  -1.9363E-01  -1.9650E-01  -3.4394E-02  -3.8990E-02
  -3.6106E-02  -2.7612E-01  -2.8359E-01  -2.1241E-02  -3.7372E-02  -1.8352E-02
  -1.0394E-02   1.6176E-02   1.3778E-02   1.6256E-02   7.3745E-02   7.9729E-02
   6.3136E-02  -2.0558E-02  -1.7102E-02   6.0023E-02   5.1354E-02   7.0718E-03
   2.3450E-03   9.8578E-03  -2.0187E-02  -2.4489E-02  -1.3850E-02  -1.7066E-02
  -8.9301E-03  -1.7838E-02  -1.1413E-02  -2.4591E-03  -1.1771E-02   2.1552E-03
  -3.8150E-03   4.8620E-03  -1.3640E-02   8.2919E-03  -4.5553E-02  -5.0079E-02
  -4.5487E-02  -2.4479E-03  -1.9007E-02  -1.7616E-02  -1.6708E-02   1.6626E-02
  -3.1485E-03  -7.4956E-03  -8.2189E-04  -1.7629E-03  -3.0310E-03  -1.6703E-02
  -1.3197E-02   1.4860E-03  -1.5619E-03  -5.3738E-03  -1.0475E-02  -1.3223E-02
   5.5196E-03   2.9607E-02   3.0815E-03   3.8588E-03  -3.3111E-03  -2.2917E-03
  -2.4430E-03  -2.9462E-03  -2.3619E-03  -4.1067E-04   5.5232E-04   1.9620E-03
  -3.1053E-03  -1.2031E-03  -1.3254E-03  -3.8985E-03   1.1557E-03  -1.2438E-03
   9.0998E-04  -4.8087E-02  -5.0239E-02  -1.3156E-01  -1.3216E-01  -1.0139E-01
  -9.5096E-02  -1.0428E-01  -1.2399E-01  -1.2791E-01   5.7501E-02   6.5401E-02
  -4.1777E-02  -3.9617E-02  -2.1260E-02  -2.6717E-02  -2.2065E-02   6.4967E-02
   6.6485E-02   5.7098E-02  -4.2177E-02  -4.1434E-02   5.2477E-02   4.8834E-02
   6.2765E-02   6.1171E-02   6.6989E-02  -1.5747E-02  -1.6913E-02  -2.4171E-02
  -1.6658E-02  -2.0487E-02  -7.9574E-03  -1.2720E-02  -1.3880E-02  -7.4492E-03
  -1.1087E-02   4.4203E-03   3.0317E-03  -1.5940E-03   3.0233E-03   6.3770E-02
   4.6735E-02   5.8505E-02   2.1928E-02   3.2658E-02   2.9641E-02  -3.3191E-04
   3.5424E-03  -7.7343E-03  -7.7043E-03   5.8285E-03   1.2872E-02   9.0460E-03
  -1.2232E-02  -1.1703E-02   4.5910E-03  -9.9600E-03  -1.2629E-02  -7.9251E-03
  -1.1881E-02   4.6731E-03   1.8494E-02  -9.3996E-03  -7.1276E-03  -6.9857E-03
   2.8186E-03   2.0280E-03   5.7507E-04  -1.6595E-03  -3.1328E-03  -1.9889E-04
  -2.0837E-03  -6.1110E-03   1.2459E-03  -1.5963E-03  -1.5954E-04  -6.0286E-04
  -5.8096E-03  -2.5281E-03
  > E    =  -9.159310213490E+02 +/-   1.845285658228E-04
  > varE =   3.905217187553E-03
* Computing derivatives.
    [walltime: 7m26s elapsed, 18m33s remaining]
  Done. [total walltime: 26m1s]
* Optimizing manipulation constant:
  #igrid a___________ E____________________________________ varE____________
     1     Infinity    -9.15931021E+02 +/-   1.84528566E-04   3.90521719E-03
     2     1.0000E+06  -9.15931021E+02 +/-   1.84528521E-04   3.90521528E-03
     3     2.1544E+05  -9.15931021E+02 +/-   1.84528357E-04   3.90520834E-03
     4     4.6416E+04  -9.15931021E+02 +/-   1.84527596E-04   3.90517613E-03
     5     1.0000E+04  -9.15931022E+02 +/-   1.84524075E-04   3.90502712E-03
     6     2.1544E+03  -9.15931022E+02 +/-   1.84507985E-04   3.90434611E-03
     7     4.6416E+02  -9.15931026E+02 +/-   1.84438628E-04   3.90141137E-03
     8     1.0000E+02  -9.15931037E+02 +/-   1.84225709E-04   3.89240887E-03
     9     2.1544E+01  -9.15931009E+02 +/-   1.85146107E-04   3.93139925E-03
    10     4.6416E+00  -9.15930308E+02 +/-   2.00901534E-04   4.62897126E-03
    11     1.0000E+00  -9.15921800E+02 +/-   3.32660060E-04   1.26916855E-02
    12     2.1544E-01  -9.13179217E+02 +/-   3.69683306E-03   1.56739212E+00
    13     4.6416E-02  -9.12840519E+02 +/-   3.76942119E-03   1.62954859E+00
    14     1.0000E-02  -9.12839272E+02 +/-   3.76938435E-03   1.62951673E+00
    15     2.1544E-03  -9.12839235E+02 +/-   3.76931187E-03   1.62945407E+00
    16     4.6416E-04  -9.12839230E+02 +/-   3.76929358E-03   1.62943826E+00
    17     1.0000E-04  -9.12839230E+02 +/-   3.76928951E-03   1.62943474E+00
    18     2.1544E-05  -9.12839229E+02 +/-   3.76928863E-03   1.62943398E+00
    19     4.6416E-06  -9.12839229E+02 +/-   3.76928844E-03   1.62943381E+00
    20     1.0000E-06  -9.12839229E+02 +/-   3.76928840E-03   1.62943378E+00
    21     0.0000E+00  -9.12839229E+02 +/-   3.76928839E-03   1.62943377E+00
  ParMin   1.3979E+02  -9.15931034E+02 +/-   1.84282935E-04   3.89482744E-03
  # Using grid point #8
* Iteration # 1: E =  -9.159310373195E+02 +/-   1.842257091652E-04
* Diminishing returns: exiting.
* After optimization:
  -4.9426E+00  -5.2238E+00  -5.1866E+00  -5.2032E+00  -5.1760E+00  -4.9271E+00
   9.5440E-01   9.5357E-01   9.8508E-01   5.1973E-01   5.2401E-01   5.5122E-01
   5.4333E-01   7.6112E-01   7.6029E-01   7.6868E-01   7.6846E-01   7.5311E-01
   7.5325E-01   4.4361E-01   4.4515E-01   4.4272E-01   5.0906E-01   5.3814E-01
   5.3784E-01   2.5140E-01   2.7376E-01   2.7313E-01   2.8542E-01   2.7953E-01
   2.6246E-01   2.6803E-01   2.8583E-01   2.9025E-01   2.6128E-01   2.6911E-01
   2.3953E-01   2.4820E-01   2.4981E-01   2.4265E-01   1.1557E-01   1.0511E-01
   1.7594E-01   1.8331E-01   1.8440E-01   3.5769E-01   3.4485E-01   3.6290E-01
   3.7591E-01   3.5418E-01   3.6720E-01   1.3721E-02   1.1948E-02  -1.7474E-02
  -1.6437E-02   3.2680E-02   3.5851E-02   5.8007E-02   5.5009E-02   4.6094E-02
   4.9296E-02   1.4032E-01   1.4066E-01   1.1040E-01   1.1124E-01   9.9815E-02
   1.0225E-01   1.8001E-02   1.9702E-02   3.7948E-02   3.9905E-02   1.2087E-01
   1.1732E-01   9.4203E-02   9.8677E-02   6.2543E-02   6.4543E-02   1.0965E-01
   1.1390E-01   4.8600E-01   4.8229E-01   5.2558E-01   5.2257E-01   5.0768E-01
   5.0346E-01   2.9747E-01   2.9875E-01   2.9892E-01   3.1394E-01   3.1086E-01
   1.7656E-01   1.6364E-01  -2.8133E-02   5.1883E-03   4.9867E-03  -6.0745E-04
   2.2661E-03   2.8549E-03   4.5225E-05  -1.7131E-02  -1.4608E-02  -2.8088E-02
  -2.7397E-02  -1.6919E-02  -1.6493E-02   5.3445E-02   7.9436E-03   7.8715E-03
   1.3580E-02  -2.3249E-02  -2.2531E-02   2.7562E-02   2.6566E-02   6.2126E-02
  -4.3154E-03  -4.0809E-03  -2.5437E-02  -2.7737E-02  -1.6551E-02  -1.4509E-02
  -1.3301E-02  -1.0691E-02  -1.9789E-02   2.4706E-02   2.4198E-02   4.5112E-02
   4.5354E-02   1.9544E-02   1.9767E-02  -3.9688E-02   6.3734E-03   6.3045E-03
  -1.0635E-02  -1.2523E-03  -1.3904E-02  -1.3379E-02  -3.2683E-02  -3.2945E-02
   1.3682E-02  -3.5953E-02  -2.3677E-02  -2.3831E-02  -3.1314E-01  -8.6597E-01
  -6.0521E-01  -6.0087E-01  -2.0470E-02  -5.3131E-01  -3.7274E-01  -2.0376E-01
  -1.8758E-01  -6.1601E-01  -2.6610E-01  -5.4379E-01  -1.2280E-01  -6.6841E-01
  -2.3699E-01  -2.2529E-01  -1.8808E-01  -2.7143E-01   1.8562E-01  -6.8377E-01
  -2.0340E-01  -3.2312E-01   2.9456E-01  -5.4965E-01  -8.4888E-03  -2.6651E-01
  -1.0871E-01  -1.7975E-01   1.0689E-01  -3.7730E-01  -1.2298E-01  -1.7206E-01
  -1.8464E-01  -7.4769E-02   1.1897E-01  -3.5619E-01   6.9630E-02  -3.0911E-01
  -1.1967E-01   2.6819E-03  -2.0077E-02  -8.5742E-02  -4.9683E-02  -1.2371E-01
  -1.0037E-01  -8.1439E-02   2.8403E-02  -3.7043E-01  -1.5012E-01  -2.0955E-01
  -8.7491E-02  -2.6493E-01  -1.1417E-01   1.0206E-01   2.3971E-01  -2.2270E-01
   2.2197E-01  -2.5600E-01  -5.4124E-02  -1.8572E-03   5.5974E-02  -1.0312E-01
  -1.4965E-01   1.0956E-02   2.1586E-01  -3.2533E-01   3.7855E-01  -4.7822E-01
   4.1854E-01  -4.3802E-01   2.4851E-01  -2.8719E-01  -8.7443E-02  -3.4081E-02
   1.8870E-01  -2.8701E-01  -1.1367E-01   4.9478E-02   2.2660E-02  -1.3668E-01
   2.0233E-01  -6.5623E-01  -2.6868E-01  -2.2652E-01  -2.5356E-02  -4.4906E-01
   1.2099E-01  -4.2420E-01   6.4512E-02  -3.6602E-01  -1.0130E-01  -2.1250E-01
   2.8949E-02  -2.0154E-01   1.3653E-01  -2.9695E-01   4.4849E-01  -4.2010E-01
   5.4276E-02  -5.9434E-02   1.8801E-02  -1.9218E-02   2.9313E-02  -3.1169E-02
   2.4406E-01  -2.2875E-01   2.8578E-01  -2.5682E-01   1.4696E-01  -1.2976E-01
   1.8950E-01  -2.4273E-01   2.7174E-01  -2.7929E-01   2.0962E-01  -2.2325E-01
   2.2454E-01  -2.0126E-01   4.3759E-02  -7.0449E-02   8.5514E-02  -1.4782E-01
   1.3610E-01  -1.3096E-01   2.0222E-01  -1.7547E-01   8.4383E-02  -6.9585E-02
   2.3840E-02  -1.3155E-02   4.3517E-01  -4.1522E-01   1.7181E-01  -1.9653E-01
  -8.3840E-02   3.8223E-02   2.2083E-01  -2.4100E-01   4.5502E-01  -4.1447E-01
  -2.4137E-02   1.8221E-02   1.2224E-01  -1.1081E-01   6.0950E-04   6.5202E-04
   2.1933E-01  -2.0558E-01   4.4630E-01  -4.1360E-01  -1.6602E-01   1.5162E-01
   4.4330E-01  -4.0724E-01   2.8748E-01  -2.6394E-01   9.3926E-01   8.8088E-01
   8.5062E-01   7.5066E-01   7.3871E-01   9.3485E-01  -5.0477E-02  -5.3199E-02
  -2.2274E-01  -2.2854E-01  -9.3543E-02  -9.4342E-02  -9.3745E-02  -2.9388E-01
  -2.9879E-01   8.6456E-03  -5.4536E-03  -3.8330E-02  -3.2713E-02  -1.4822E-02
  -1.6233E-02  -1.6330E-02   7.5518E-02   8.0256E-02   6.5942E-02  -2.9782E-02
  -3.1511E-02   7.0106E-02   6.5579E-02   2.2803E-03  -3.9567E-03   3.7492E-03
  -2.8568E-02  -3.1941E-02  -2.1679E-02  -2.2919E-02  -1.8066E-02  -2.0953E-02
  -1.7735E-02  -1.2247E-02  -7.8592E-03   4.8295E-03  -7.5225E-03   1.9156E-03
  -1.2302E-02   3.0485E-03  -4.5534E-02  -4.7488E-02  -4.6668E-02  -1.2608E-02
  -2.5550E-02  -2.2869E-02  -1.3736E-02   9.5753E-03  -5.1829E-04  -3.8004E-03
  -8.2946E-04   1.2755E-03  -8.9636E-05  -1.8202E-02  -1.3559E-02  -1.5427E-03
  -3.6971E-03  -7.3085E-03  -1.0244E-02  -9.8078E-03   2.4171E-03   2.3854E-02
   5.0301E-03   5.4442E-03  -1.4883E-03   1.0780E-03  -2.9457E-03  -3.2830E-03
  -9.2532E-04  -3.6138E-03   1.0763E-03  -3.3520E-03  -1.6948E-04  -2.6626E-03
   1.3658E-03  -5.4919E-03   5.2017E-03   1.1500E-03  -1.8921E-03  -4.7115E-03
  -7.5915E-03  -1.1254E-01  -1.1519E-01  -9.2750E-02  -8.5815E-02  -9.5456E-02
  -1.0288E-01  -1.0577E-01   6.9399E-02   7.4269E-02  -5.6656E-02  -5.4798E-02
  -4.2444E-02  -4.7299E-02  -4.5859E-02   7.0288E-02   6.9821E-02   6.0564E-02
  -4.8924E-02  -5.2085E-02   6.1366E-02   6.1306E-02   5.1130E-02   4.7491E-02
   5.4333E-02  -2.2030E-02  -2.4333E-02  -2.7346E-02  -2.1801E-02  -2.5829E-02
  -1.2099E-02  -1.6369E-02  -1.9244E-02  -7.4033E-03  -8.7794E-03   1.1733E-03
   2.4989E-03  -5.1974E-03   1.9708E-03   4.1687E-02   3.0319E-02   3.6124E-02
   1.0234E-02   1.7866E-02   1.6263E-02  -1.9401E-03  -9.5102E-04  -5.8321E-03
  -5.8798E-03   4.8728E-03   1.2172E-02   8.1709E-03  -1.4325E-02  -1.2348E-02
   1.6335E-03  -9.0852E-03  -1.1969E-02  -8.2592E-03  -8.3519E-03   3.4306E-03
   1.5373E-02  -6.3039E-03  -4.9660E-03  -6.3581E-03   6.2593E-03   2.4295E-03
   9.8876E-04  -1.5924E-04  -5.1244E-03   5.5653E-04  -6.0171E-03  -2.4241E-03
  -6.3056E-04   1.0118E-03  -2.9248E-03   3.7957E-03  -2.1544E-03  -5.2540E-03
   8.1282E-02   7.3768E-02  -1.9500E-01  -1.9791E-01  -3.6093E-02  -4.0763E-02
  -3.8003E-02  -2.7656E-01  -2.8408E-01  -2.0943E-02  -3.7037E-02  -1.8152E-02
  -1.0041E-02   1.6356E-02   1.3846E-02   1.6326E-02   7.3514E-02   7.9593E-02
   6.2909E-02  -2.0339E-02  -1.6727E-02   5.9857E-02   5.1187E-02   7.5433E-03
   2.7645E-03   1.0351E-02  -2.0197E-02  -2.4419E-02  -1.3787E-02  -1.6940E-02
  -8.8847E-03  -1.7815E-02  -1.1342E-02  -2.5660E-03  -1.1497E-02   2.5441E-03
  -3.7740E-03   4.8894E-03  -1.3290E-02   8.3129E-03  -4.4918E-02  -4.9598E-02
  -4.4876E-02  -2.6558E-03  -1.9071E-02  -1.7726E-02  -1.6649E-02   1.6552E-02
  -3.0030E-03  -7.3861E-03  -8.0729E-04  -1.6305E-03  -2.8999E-03  -1.6663E-02
  -1.3095E-02   1.3292E-03  -1.7747E-03  -5.5286E-03  -1.0371E-02  -1.3314E-02
   5.3234E-03   2.9473E-02   3.1616E-03   3.9418E-03  -3.1592E-03  -2.4494E-03
  -2.6410E-03  -3.0877E-03  -2.4592E-03  -5.3955E-04   7.3780E-04   1.8547E-03
  -3.0489E-03  -1.2753E-03  -1.2412E-03  -3.7578E-03   1.0519E-03  -1.4284E-03
   7.7386E-04  -4.7643E-02  -4.9586E-02  -1.3289E-01  -1.3335E-01  -1.0157E-01
  -9.5335E-02  -1.0455E-01  -1.2534E-01  -1.2935E-01   5.7768E-02   6.5616E-02
  -4.1488E-02  -3.9405E-02  -2.1068E-02  -2.6514E-02  -2.1900E-02   6.5282E-02
   6.6869E-02   5.7505E-02  -4.1839E-02  -4.1030E-02   5.2662E-02   4.9073E-02
   6.2951E-02   6.1374E-02   6.7219E-02  -1.5959E-02  -1.7050E-02  -2.4230E-02
  -1.6718E-02  -2.0586E-02  -8.0245E-03  -1.2788E-02  -1.4039E-02  -7.3789E-03
  -1.1049E-02   4.4985E-03   3.1522E-03  -1.5361E-03   3.0999E-03   6.3528E-02
   4.6545E-02   5.8228E-02   2.1986E-02   3.2749E-02   2.9680E-02  -3.9955E-04
   3.3499E-03  -7.7077E-03  -7.6156E-03   5.9156E-03   1.2805E-02   8.9965E-03
  -1.2229E-02  -1.1697E-02   4.7204E-03  -1.0090E-02  -1.2594E-02  -7.9302E-03
  -1.1745E-02   4.7579E-03   1.8492E-02  -9.2568E-03  -6.9906E-03  -6.9526E-03
   3.0971E-03   1.9402E-03   5.0817E-04  -1.8240E-03  -3.2962E-03  -1.1302E-04
  -2.2513E-03  -5.8923E-03   1.2468E-03  -1.5272E-03  -1.1891E-04  -6.4373E-04
  -6.0252E-03  -2.5539E-03
  > Energy =  -9.159310373195E+02 +/-   1.842257091652E-04
  > varE =   3.892408867585E-03

VMC #4:
* Size of Hilbert space =   7.3125E+12
* Number of equil. steps   = 1000
* Running VMC equilibration.
  Done. [total walltime: 0.27s]
* Equil. acc.ratio (%)     =  16.0223
* Sample config after equilibration:
  [draw: system geometry not defined]
* Number of accum. steps   = 573440 x 10
* Running VMC accumulation.
  Done. [total walltime: 12.5s]
* Acceptance ratio (%)     =  15.9818
* Etot/t                   =  -9.159313480837E+02 +/-   8.716599664303E-05
  > Ttot/t                 =  -9.553308668930E+01 +/-   1.165768337393E-03
  > Utot/t                 =   4.250652685461E+01 +/-   1.153230681734E-03
* var[Eloc/t]              =   3.942327466392E-03 +/-   4.149004317369E-05
* Correlation length       =   1.105171019968E+00
* log10 Psi^2 range: -41.15312919398037 -- -29.68566378271856
* log10 Pgen range : -41.15312919398037 -- -29.68566378271856
* Site occupation (ave. no. electrons per config.):
  > Site_  ___eu____  ___ed____
      1        0.496      0.502
      2        0.502      0.500
      3        0.500      0.499
      4        0.497      0.502
      5        0.498      0.500
      6        0.500      0.498
      7        0.498      0.501
      8        0.500      0.500
      9        0.502      0.501
     10        0.498      0.496
     11        0.500      0.501
     12        0.502      0.500
     13        0.499      0.502
     14        0.500      0.504
     15        0.498      0.500
     16        0.500      0.503
     17        0.498      0.497
     18        0.499      0.498
     19        0.498      0.503
     20        0.503      0.500
     21        0.502      0.498
     22        0.502      0.500
     23        0.503      0.497
     24        0.505      0.498
* Pair-correlation analysis (ave. no. pairs per config.):
  > Shell  nsite  ___dh____  __eueu___  __eued___
      0      1        0          0          4.267
      1      0        0.847      0.658      2.524
      2      0        0.422      0.332      1.264
      3      0        0.660      1.138      2.273
      4      0        0.330      0.571      1.143
      5      0        0.529      1.405      2.163
      6      0        0.530      1.408      2.168
      7      0        0.525      1.402      2.161
      8      0        0.536      1.431      2.143
      9      0        0.273      0.711      1.066
     10      0        0.119      1.025      0.978
     11      0        0.234      2.047      1.945
     12      0        0.155      0.923      1.042
     13      0        0.307      1.851      2.094
     14      0        0.287      1.807      2.128
     15      0        0.290      1.812      2.128
     16      0        0.291      1.810      2.122
     17      0        0.276      2.080      1.927
     18      0        0.269      2.081      1.929
     19      0        0.271      2.081      1.930
     20      0        0.072      0.486      0.509
     21      0        0.148      0.968      1.010
     22      0        0.138      1.018      0.980
     23      0        0.277      2.035      1.963
     24      0        0.245      2.111      1.918
     25      0        0.246      2.100      1.917
     26      0        0.249      2.094      1.911
     27      0        0.138      1.010      0.992
     28      0        0.279      2.013      1.976
     29      0        0.250      2.033      1.975
     30      0        0.246      2.040      1.978
     31      0        0.251      2.030      1.966
     32      0        0.252      2.033      1.977
     33      0        0.252      2.028      1.965
     34      0        0.252      2.033      1.971
     35      0        0.265      1.938      2.043
     36      0        0.259      1.936      2.043
     37      0        0.253      1.983      2.021
     38      0        0.255      1.981      2.019
     39      0        0.262      1.946      2.045
     40      0        0.254      1.975      2.012
     41      0        0.242      2.126      1.906
     42      0        0.238      2.131      1.907
     43      0        0.240      2.127      1.909
     44      0        0.238      1.932      2.058
     45      0        0.237      1.937      2.063
     46      0        0.236      1.932      2.059
     47      0        0.115      1.020      0.976
     48      0        0.234      2.047      1.961
     49      0        0.119      0.983      1.018
     50      0        0.235      1.972      2.023
     51      0        0.253      2.013      1.989
     52      0        0.252      2.013      1.983
     53      0        0.255      2.014      1.985
     54      0        0.256      2.006      1.978
     55      0        0.256      2.015      1.989
     56      0        0.231      1.997      2.017
     57      0        0.227      2.029      1.980
     58      0        0.232      2.020      1.991
     59      0        0.252      2.015      1.983
     60      0        0.230      2.014      1.989
     61      0        0.117      0.984      1.010
     62      0        0.278      2.021      1.977
     63      0        0.252      1.988      2.021
     64      0        0.253      1.976      2.012
     65      0        0.257      1.978      2.012
     66      0        0.143      1.007      0.979
     67      0        0.281      1.964      2.026
     68      0        0.277      1.970      2.027
     69      0        0.277      1.964      2.027
     70      0        0.114      1.001      1.009
     71      0        0.252      1.987      2.012
     72      0        0.114      0.995      1.005
     73      0        0.116      0.998      1.004
     74      0        0.254      1.983      2.013
     75      0        0.254      1.988      2.015
     76      0        0.072      0.494      0.503
     77      0        0.143      0.984      1.003
     78      0        0.234      2.008      1.990
     79      0        0.114      1.006      1.001

Optimization #4:
* Method          : lls
* Target function : energy
* No. of configs. : 114688
* No. of params.  : 620
* Before optimization:
  -4.9426E+00  -5.2238E+00  -5.1866E+00  -5.2032E+00  -5.1760E+00  -4.9271E+00
   9.5440E-01   9.5357E-01   9.8508E-01   5.1973E-01   5.2401E-01   5.5122E-01
   5.4333E-01   7.6112E-01   7.6029E-01   7.6868E-01   7.6846E-01   7.5311E-01
   7.5325E-01   4.4361E-01   4.4515E-01   4.4272E-01   5.0906E-01   5.3814E-01
   5.3784E-01   2.5140E-01   2.7376E-01   2.7313E-01   2.8542E-01   2.7953E-01
   2.6246E-01   2.6803E-01   2.8583E-01   2.9025E-01   2.6128E-01   2.6911E-01
   2.3953E-01   2.4820E-01   2.4981E-01   2.4265E-01   1.1557E-01   1.0511E-01
   1.7594E-01   1.8331E-01   1.8440E-01   3.5769E-01   3.4485E-01   3.6290E-01
   3.7591E-01   3.5418E-01   3.6720E-01   1.3721E-02   1.1948E-02  -1.7474E-02
  -1.6437E-02   3.2680E-02   3.5851E-02   5.8007E-02   5.5009E-02   4.6094E-02
   4.9296E-02   1.4032E-01   1.4066E-01   1.1040E-01   1.1124E-01   9.9815E-02
   1.0225E-01   1.8001E-02   1.9702E-02   3.7948E-02   3.9905E-02   1.2087E-01
   1.1732E-01   9.4203E-02   9.8677E-02   6.2543E-02   6.4543E-02   1.0965E-01
   1.1390E-01   4.8600E-01   4.8229E-01   5.2558E-01   5.2257E-01   5.0768E-01
   5.0346E-01   2.9747E-01   2.9875E-01   2.9892E-01   3.1394E-01   3.1086E-01
   1.7656E-01   1.6364E-01  -2.8133E-02   5.1883E-03   4.9867E-03  -6.0745E-04
   2.2661E-03   2.8549E-03   4.5225E-05  -1.7131E-02  -1.4608E-02  -2.8088E-02
  -2.7397E-02  -1.6919E-02  -1.6493E-02   5.3445E-02   7.9436E-03   7.8715E-03
   1.3580E-02  -2.3249E-02  -2.2531E-02   2.7562E-02   2.6566E-02   6.2126E-02
  -4.3154E-03  -4.0809E-03  -2.5437E-02  -2.7737E-02  -1.6551E-02  -1.4509E-02
  -1.3301E-02  -1.0691E-02  -1.9789E-02   2.4706E-02   2.4198E-02   4.5112E-02
   4.5354E-02   1.9544E-02   1.9767E-02  -3.9688E-02   6.3734E-03   6.3045E-03
  -1.0635E-02  -1.2523E-03  -1.3904E-02  -1.3379E-02  -3.2683E-02  -3.2945E-02
   1.3682E-02  -3.5953E-02  -2.3677E-02  -2.3831E-02  -3.1314E-01  -8.6597E-01
  -6.0521E-01  -6.0087E-01  -2.0470E-02  -5.3131E-01  -3.7274E-01  -2.0376E-01
  -1.8758E-01  -6.1601E-01  -2.6610E-01  -5.4379E-01  -1.2280E-01  -6.6841E-01
  -2.3699E-01  -2.2529E-01  -1.8808E-01  -2.7143E-01   1.8562E-01  -6.8377E-01
  -2.0340E-01  -3.2312E-01   2.9456E-01  -5.4965E-01  -8.4888E-03  -2.6651E-01
  -1.0871E-01  -1.7975E-01   1.0689E-01  -3.7730E-01  -1.2298E-01  -1.7206E-01
  -1.8464E-01  -7.4769E-02   1.1897E-01  -3.5619E-01   6.9630E-02  -3.0911E-01
  -1.1967E-01   2.6819E-03  -2.0077E-02  -8.5742E-02  -4.9683E-02  -1.2371E-01
  -1.0037E-01  -8.1439E-02   2.8403E-02  -3.7043E-01  -1.5012E-01  -2.0955E-01
  -8.7491E-02  -2.6493E-01  -1.1417E-01   1.0206E-01   2.3971E-01  -2.2270E-01
   2.2197E-01  -2.5600E-01  -5.4124E-02  -1.8572E-03   5.5974E-02  -1.0312E-01
  -1.4965E-01   1.0956E-02   2.1586E-01  -3.2533E-01   3.7855E-01  -4.7822E-01
   4.1854E-01  -4.3802E-01   2.4851E-01  -2.8719E-01  -8.7443E-02  -3.4081E-02
   1.8870E-01  -2.8701E-01  -1.1367E-01   4.9478E-02   2.2660E-02  -1.3668E-01
   2.0233E-01  -6.5623E-01  -2.6868E-01  -2.2652E-01  -2.5356E-02  -4.4906E-01
   1.2099E-01  -4.2420E-01   6.4512E-02  -3.6602E-01  -1.0130E-01  -2.1250E-01
   2.8949E-02  -2.0154E-01   1.3653E-01  -2.9695E-01   4.4849E-01  -4.2010E-01
   5.4276E-02  -5.9434E-02   1.8801E-02  -1.9218E-02   2.9313E-02  -3.1169E-02
   2.4406E-01  -2.2875E-01   2.8578E-01  -2.5682E-01   1.4696E-01  -1.2976E-01
   1.8950E-01  -2.4273E-01   2.7174E-01  -2.7929E-01   2.0962E-01  -2.2325E-01
   2.2454E-01  -2.0126E-01   4.3759E-02  -7.0449E-02   8.5514E-02  -1.4782E-01
   1.3610E-01  -1.3096E-01   2.0222E-01  -1.7547E-01   8.4383E-02  -6.9585E-02
   2.3840E-02  -1.3155E-02   4.3517E-01  -4.1522E-01   1.7181E-01  -1.9653E-01
  -8.3840E-02   3.8223E-02   2.2083E-01  -2.4100E-01   4.5502E-01  -4.1447E-01
  -2.4137E-02   1.8221E-02   1.2224E-01  -1.1081E-01   6.0950E-04   6.5202E-04
   2.1933E-01  -2.0558E-01   4.4630E-01  -4.1360E-01  -1.6602E-01   1.5162E-01
   4.4330E-01  -4.0724E-01   2.8748E-01  -2.6394E-01   9.3926E-01   8.8088E-01
   8.5062E-01   7.5066E-01   7.3871E-01   9.3485E-01  -5.0477E-02  -5.3199E-02
  -2.2274E-01  -2.2854E-01  -9.3543E-02  -9.4342E-02  -9.3745E-02  -2.9388E-01
  -2.9879E-01   8.6456E-03  -5.4536E-03  -3.8330E-02  -3.2713E-02  -1.4822E-02
  -1.6233E-02  -1.6330E-02   7.5518E-02   8.0256E-02   6.5942E-02  -2.9782E-02
  -3.1511E-02   7.0106E-02   6.5579E-02   2.2803E-03  -3.9567E-03   3.7492E-03
  -2.8568E-02  -3.1941E-02  -2.1679E-02  -2.2919E-02  -1.8066E-02  -2.0953E-02
  -1.7735E-02  -1.2247E-02  -7.8592E-03   4.8295E-03  -7.5225E-03   1.9156E-03
  -1.2302E-02   3.0485E-03  -4.5534E-02  -4.7488E-02  -4.6668E-02  -1.2608E-02
  -2.5550E-02  -2.2869E-02  -1.3736E-02   9.5753E-03  -5.1829E-04  -3.8004E-03
  -8.2946E-04   1.2755E-03  -8.9636E-05  -1.8202E-02  -1.3559E-02  -1.5427E-03
  -3.6971E-03  -7.3085E-03  -1.0244E-02  -9.8078E-03   2.4171E-03   2.3854E-02
   5.0301E-03   5.4442E-03  -1.4883E-03   1.0780E-03  -2.9457E-03  -3.2830E-03
  -9.2532E-04  -3.6138E-03   1.0763E-03  -3.3520E-03  -1.6948E-04  -2.6626E-03
   1.3658E-03  -5.4919E-03   5.2017E-03   1.1500E-03  -1.8921E-03  -4.7115E-03
  -7.5915E-03  -1.1254E-01  -1.1519E-01  -9.2750E-02  -8.5815E-02  -9.5456E-02
  -1.0288E-01  -1.0577E-01   6.9399E-02   7.4269E-02  -5.6656E-02  -5.4798E-02
  -4.2444E-02  -4.7299E-02  -4.5859E-02   7.0288E-02   6.9821E-02   6.0564E-02
  -4.8924E-02  -5.2085E-02   6.1366E-02   6.1306E-02   5.1130E-02   4.7491E-02
   5.4333E-02  -2.2030E-02  -2.4333E-02  -2.7346E-02  -2.1801E-02  -2.5829E-02
  -1.2099E-02  -1.6369E-02  -1.9244E-02  -7.4033E-03  -8.7794E-03   1.1733E-03
   2.4989E-03  -5.1974E-03   1.9708E-03   4.1687E-02   3.0319E-02   3.6124E-02
   1.0234E-02   1.7866E-02   1.6263E-02  -1.9401E-03  -9.5102E-04  -5.8321E-03
  -5.8798E-03   4.8728E-03   1.2172E-02   8.1709E-03  -1.4325E-02  -1.2348E-02
   1.6335E-03  -9.0852E-03  -1.1969E-02  -8.2592E-03  -8.3519E-03   3.4306E-03
   1.5373E-02  -6.3039E-03  -4.9660E-03  -6.3581E-03   6.2593E-03   2.4295E-03
   9.8876E-04  -1.5924E-04  -5.1244E-03   5.5653E-04  -6.0171E-03  -2.4241E-03
  -6.3056E-04   1.0118E-03  -2.9248E-03   3.7957E-03  -2.1544E-03  -5.2540E-03
   8.1282E-02   7.3768E-02  -1.9500E-01  -1.9791E-01  -3.6093E-02  -4.0763E-02
  -3.8003E-02  -2.7656E-01  -2.8408E-01  -2.0943E-02  -3.7037E-02  -1.8152E-02
  -1.0041E-02   1.6356E-02   1.3846E-02   1.6326E-02   7.3514E-02   7.9593E-02
   6.2909E-02  -2.0339E-02  -1.6727E-02   5.9857E-02   5.1187E-02   7.5433E-03
   2.7645E-03   1.0351E-02  -2.0197E-02  -2.4419E-02  -1.3787E-02  -1.6940E-02
  -8.8847E-03  -1.7815E-02  -1.1342E-02  -2.5660E-03  -1.1497E-02   2.5441E-03
  -3.7740E-03   4.8894E-03  -1.3290E-02   8.3129E-03  -4.4918E-02  -4.9598E-02
  -4.4876E-02  -2.6558E-03  -1.9071E-02  -1.7726E-02  -1.6649E-02   1.6552E-02
  -3.0030E-03  -7.3861E-03  -8.0729E-04  -1.6305E-03  -2.8999E-03  -1.6663E-02
  -1.3095E-02   1.3292E-03  -1.7747E-03  -5.5286E-03  -1.0371E-02  -1.3314E-02
   5.3234E-03   2.9473E-02   3.1616E-03   3.9418E-03  -3.1592E-03  -2.4494E-03
  -2.6410E-03  -3.0877E-03  -2.4592E-03  -5.3955E-04   7.3780E-04   1.8547E-03
  -3.0489E-03  -1.2753E-03  -1.2412E-03  -3.7578E-03   1.0519E-03  -1.4284E-03
   7.7386E-04  -4.7643E-02  -4.9586E-02  -1.3289E-01  -1.3335E-01  -1.0157E-01
  -9.5335E-02  -1.0455E-01  -1.2534E-01  -1.2935E-01   5.7768E-02   6.5616E-02
  -4.1488E-02  -3.9405E-02  -2.1068E-02  -2.6514E-02  -2.1900E-02   6.5282E-02
   6.6869E-02   5.7505E-02  -4.1839E-02  -4.1030E-02   5.2662E-02   4.9073E-02
   6.2951E-02   6.1374E-02   6.7219E-02  -1.5959E-02  -1.7050E-02  -2.4230E-02
  -1.6718E-02  -2.0586E-02  -8.0245E-03  -1.2788E-02  -1.4039E-02  -7.3789E-03
  -1.1049E-02   4.4985E-03   3.1522E-03  -1.5361E-03   3.0999E-03   6.3528E-02
   4.6545E-02   5.8228E-02   2.1986E-02   3.2749E-02   2.9680E-02  -3.9955E-04
   3.3499E-03  -7.7077E-03  -7.6156E-03   5.9156E-03   1.2805E-02   8.9965E-03
  -1.2229E-02  -1.1697E-02   4.7204E-03  -1.0090E-02  -1.2594E-02  -7.9302E-03
  -1.1745E-02   4.7579E-03   1.8492E-02  -9.2568E-03  -6.9906E-03  -6.9526E-03
   3.0971E-03   1.9402E-03   5.0817E-04  -1.8240E-03  -3.2962E-03  -1.1302E-04
  -2.2513E-03  -5.8923E-03   1.2468E-03  -1.5272E-03  -1.1891E-04  -6.4373E-04
  -6.0252E-03  -2.5539E-03
  > E    =  -9.159315593514E+02 +/-   1.875294689906E-04
  > varE =   4.033267501947E-03
* Computing derivatives.
    [walltime: 7m25s elapsed, 18m33s remaining]
  Done. [total walltime: 26m1s]
* Optimizing manipulation constant:
  #igrid a___________ E____________________________________ varE____________
     1     Infinity    -9.15931559E+02 +/-   1.87529469E-04   4.03326750E-03
     2     1.0000E+06  -9.15931559E+02 +/-   1.87529423E-04   4.03326551E-03
     3     2.1544E+05  -9.15931559E+02 +/-   1.87529254E-04   4.03325828E-03
     4     4.6416E+04  -9.15931559E+02 +/-   1.87528485E-04   4.03322516E-03
     5     1.0000E+04  -9.15931560E+02 +/-   1.87525142E-04   4.03308136E-03
     6     2.1544E+03  -9.15931560E+02 +/-   1.87514586E-04   4.03262735E-03
     7     4.6416E+02  -9.15931557E+02 +/-   1.87572095E-04   4.03510125E-03
     8     1.0000E+02  -9.15931419E+02 +/-   1.90258776E-04   4.15152230E-03
     9     2.1544E+01  -9.15924276E+02 +/-   2.99312884E-04   1.02746918E-02
    10     4.6416E+00  -9.15169036E+02 +/-   2.26216818E-03   5.86904931E-01
    11     1.0000E+00  -9.12848887E+02 +/-   3.49013639E-03   1.39702049E+00
    12     2.1544E-01  -9.12839514E+02 +/-   3.50627614E-03   1.40997110E+00
    13     4.6416E-02  -9.12839712E+02 +/-   3.48659384E-03   1.39418593E+00
    14     1.0000E-02  -9.12839473E+02 +/-   3.47560821E-03   1.38541411E+00
    15     2.1544E-03  -9.12839389E+02 +/-   3.47348697E-03   1.38372354E+00
    16     4.6416E-04  -9.12839370E+02 +/-   3.47339945E-03   1.38365380E+00
    17     1.0000E-04  -9.12839366E+02 +/-   3.47341409E-03   1.38366547E+00
    18     2.1544E-05  -9.12839365E+02 +/-   3.47341905E-03   1.38366942E+00
    19     4.6416E-06  -9.12839365E+02 +/-   3.47342021E-03   1.38367035E+00
    20     1.0000E-06  -9.12839365E+02 +/-   3.47342046E-03   1.38367055E+00
    21     0.0000E+00  -9.12839365E+02 +/-   3.47342053E-03   1.38367060E+00
* Iteration # 1: E =  -9.159315601042E+02 +/-   1.875145863699E-04
* Convergence: exiting.
* After optimization:
  -4.9482E+00  -5.2294E+00  -5.1922E+00  -5.2086E+00  -5.1814E+00  -4.9328E+00
   9.5443E-01   9.5360E-01   9.8512E-01   5.1977E-01   5.2404E-01   5.5125E-01
   5.4336E-01   7.6116E-01   7.6032E-01   7.6871E-01   7.6848E-01   7.5315E-01
   7.5327E-01   4.4367E-01   4.4520E-01   4.4277E-01   5.0908E-01   5.3816E-01
   5.3787E-01   2.5143E-01   2.7379E-01   2.7316E-01   2.8546E-01   2.7958E-01
   2.6250E-01   2.6806E-01   2.8587E-01   2.9030E-01   2.6133E-01   2.6915E-01
   2.3958E-01   2.4825E-01   2.4985E-01   2.4270E-01   1.1562E-01   1.0516E-01
   1.7600E-01   1.8337E-01   1.8446E-01   3.5772E-01   3.4489E-01   3.6294E-01
   3.7595E-01   3.5421E-01   3.6724E-01   1.3743E-02   1.1971E-02  -1.7455E-02
  -1.6418E-02   3.2706E-02   3.5877E-02   5.8046E-02   5.5050E-02   4.6122E-02
   4.9323E-02   1.4034E-01   1.4069E-01   1.1041E-01   1.1125E-01   9.9827E-02
   1.0226E-01   1.8008E-02   1.9709E-02   3.7954E-02   3.9912E-02   1.2091E-01
   1.1736E-01   9.4233E-02   9.8704E-02   6.2560E-02   6.4559E-02   1.0968E-01
   1.1393E-01   4.8604E-01   4.8232E-01   5.2562E-01   5.2261E-01   5.0772E-01
   5.0350E-01   2.9749E-01   2.9876E-01   2.9895E-01   3.1397E-01   3.1088E-01
   1.7657E-01   1.6366E-01  -2.8151E-02   5.1825E-03   4.9804E-03  -5.8317E-04
   2.2880E-03   2.8735E-03   6.4268E-05  -1.7118E-02  -1.4596E-02  -2.8104E-02
  -2.7413E-02  -1.6938E-02  -1.6511E-02   5.3450E-02   7.9342E-03   7.8619E-03
   1.3579E-02  -2.3257E-02  -2.2540E-02   2.7563E-02   2.6567E-02   6.2124E-02
  -4.3076E-03  -4.0723E-03  -2.5424E-02  -2.7723E-02  -1.6539E-02  -1.4499E-02
  -1.3281E-02  -1.0672E-02  -1.9786E-02   2.4743E-02   2.4235E-02   4.5145E-02
   4.5388E-02   1.9578E-02   1.9800E-02  -3.9711E-02   6.3619E-03   6.2931E-03
  -1.0652E-02  -1.2543E-03  -1.3908E-02  -1.3383E-02  -3.2696E-02  -3.2960E-02
   1.3665E-02  -3.5971E-02  -2.3695E-02  -2.3849E-02  -3.1298E-01  -8.6620E-01
  -6.0524E-01  -6.0090E-01  -2.0267E-02  -5.3155E-01  -3.7256E-01  -2.0397E-01
  -1.8749E-01  -6.1614E-01  -2.6592E-01  -5.4401E-01  -1.2262E-01  -6.6864E-01
  -2.3681E-01  -2.2552E-01  -1.8789E-01  -2.7168E-01   1.8581E-01  -6.8397E-01
  -2.0332E-01  -3.2323E-01   2.9476E-01  -5.4988E-01  -8.3033E-03  -2.6673E-01
  -1.0854E-01  -1.7996E-01   1.0708E-01  -3.7752E-01  -1.2290E-01  -1.7218E-01
  -1.8446E-01  -7.4995E-02   1.1917E-01  -3.5643E-01   6.9808E-02  -3.0934E-01
  -1.1951E-01   2.4682E-03  -1.9885E-02  -8.5979E-02  -4.9496E-02  -1.2395E-01
  -1.0020E-01  -8.1667E-02   2.8577E-02  -3.7064E-01  -1.5004E-01  -2.0968E-01
  -8.7306E-02  -2.6515E-01  -1.1400E-01   1.0185E-01   2.3992E-01  -2.2293E-01
   2.2216E-01  -2.5622E-01  -5.4049E-02  -1.9703E-03   5.6165E-02  -1.0334E-01
  -1.4957E-01   1.0850E-02   2.1606E-01  -3.2555E-01   3.7875E-01  -4.7843E-01
   4.1875E-01  -4.3823E-01   2.4871E-01  -2.8740E-01  -8.7370E-02  -3.4195E-02
   1.8889E-01  -2.8723E-01  -1.1358E-01   4.9374E-02   2.2849E-02  -1.3689E-01
   2.0252E-01  -6.5645E-01  -2.6851E-01  -2.2673E-01  -2.5267E-02  -4.4919E-01
   1.2118E-01  -4.2440E-01   6.4596E-02  -3.6613E-01  -1.0122E-01  -2.1261E-01
   2.9139E-02  -2.0174E-01   1.3662E-01  -2.9706E-01   4.4869E-01  -4.2028E-01
   5.4377E-02  -5.9528E-02   1.8896E-02  -1.9336E-02   2.9496E-02  -3.1370E-02
   2.4426E-01  -2.2896E-01   2.8599E-01  -2.5702E-01   1.4716E-01  -1.2995E-01
   1.8960E-01  -2.4283E-01   2.7194E-01  -2.7948E-01   2.0972E-01  -2.2335E-01
   2.2465E-01  -2.0136E-01   4.3856E-02  -7.0546E-02   8.5711E-02  -1.4801E-01
   1.3630E-01  -1.3116E-01   2.0241E-01  -1.7567E-01   8.4581E-02  -6.9794E-02
   2.3937E-02  -1.3271E-02   4.3539E-01  -4.1544E-01   1.7199E-01  -1.9676E-01
  -8.3655E-02   3.8004E-02   2.2103E-01  -2.4123E-01   4.5523E-01  -4.1465E-01
  -2.3939E-02   1.8034E-02   1.2245E-01  -1.1099E-01   6.1086E-04   6.5326E-04
   2.1944E-01  -2.0568E-01   4.4651E-01  -4.1380E-01  -1.6582E-01   1.5144E-01
   4.4352E-01  -4.0745E-01   2.8769E-01  -2.6413E-01   9.4145E-01   8.8300E-01
   8.5266E-01   7.5241E-01   7.4043E-01   9.3703E-01  -5.0691E-02  -5.3425E-02
  -2.2335E-01  -2.2915E-01  -9.3850E-02  -9.4658E-02  -9.4052E-02  -2.9459E-01
  -2.9951E-01   8.6776E-03  -5.4576E-03  -3.8406E-02  -3.2777E-02  -1.4852E-02
  -1.6261E-02  -1.6359E-02   7.5687E-02   8.0438E-02   6.6094E-02  -2.9848E-02
  -3.1573E-02   7.0255E-02   6.5719E-02   2.3046E-03  -3.9495E-03   3.7789E-03
  -2.8636E-02  -3.2017E-02  -2.1729E-02  -2.2969E-02  -1.8109E-02  -2.1001E-02
  -1.7783E-02  -1.2282E-02  -7.8588E-03   4.8496E-03  -7.5357E-03   1.9136E-03
  -1.2305E-02   3.0552E-03  -4.5627E-02  -4.7582E-02  -4.6765E-02  -1.2648E-02
  -2.5615E-02  -2.2931E-02  -1.3762E-02   9.5989E-03  -5.0499E-04  -3.8010E-03
  -8.2885E-04   1.2845E-03  -8.3564E-05  -1.8245E-02  -1.3591E-02  -1.5540E-03
  -3.7052E-03  -7.3325E-03  -1.0268E-02  -9.8331E-03   2.4165E-03   2.3910E-02
   5.0436E-03   5.4608E-03  -1.4891E-03   1.0832E-03  -2.9606E-03  -3.2980E-03
  -9.3749E-04  -3.6233E-03   1.0863E-03  -3.3546E-03  -1.6838E-04  -2.6624E-03
   1.3661E-03  -5.5044E-03   5.2108E-03   1.1515E-03  -1.8967E-03  -4.7156E-03
  -7.6061E-03  -1.1286E-01  -1.1554E-01  -9.2987E-02  -8.6042E-02  -9.5705E-02
  -1.0318E-01  -1.0607E-01   6.9576E-02   7.4451E-02  -5.6777E-02  -5.4919E-02
  -4.2532E-02  -4.7402E-02  -4.5955E-02   7.0481E-02   7.0002E-02   6.0721E-02
  -4.9021E-02  -5.2203E-02   6.1526E-02   6.1459E-02   5.1269E-02   4.7610E-02
   5.4472E-02  -2.2107E-02  -2.4391E-02  -2.7416E-02  -2.1852E-02  -2.5893E-02
  -1.2134E-02  -1.6416E-02  -1.9291E-02  -7.4093E-03  -8.7928E-03   1.1771E-03
   2.5069E-03  -5.1986E-03   1.9767E-03   4.1778E-02   3.0382E-02   3.6197E-02
   1.0261E-02   1.7908E-02   1.6299E-02  -1.9523E-03  -9.5386E-04  -5.8464E-03
  -5.8855E-03   4.8830E-03   1.2195E-02   8.1944E-03  -1.4357E-02  -1.2384E-02
   1.6407E-03  -9.1131E-03  -1.1995E-02  -8.2802E-03  -8.3719E-03   3.4345E-03
   1.5411E-02  -6.3200E-03  -4.9736E-03  -6.3696E-03   6.2774E-03   2.4393E-03
   9.8635E-04  -1.6300E-04  -5.1355E-03   5.5261E-04  -6.0291E-03  -2.4314E-03
  -6.2757E-04   1.0127E-03  -2.9431E-03   3.8021E-03  -2.1592E-03  -5.2705E-03
   8.1187E-02   7.3665E-02  -1.9508E-01  -1.9798E-01  -3.6186E-02  -4.0862E-02
  -3.8096E-02  -2.7658E-01  -2.8411E-01  -2.0928E-02  -3.7029E-02  -1.8126E-02
  -1.0020E-02   1.6363E-02   1.3857E-02   1.6339E-02   7.3495E-02   7.9582E-02
   6.2903E-02  -2.0325E-02  -1.6709E-02   5.9843E-02   5.1172E-02   7.5649E-03
   2.7835E-03   1.0374E-02  -2.0191E-02  -2.4417E-02  -1.3782E-02  -1.6933E-02
  -8.8842E-03  -1.7809E-02  -1.1344E-02  -2.5739E-03  -1.1478E-02   2.5570E-03
  -3.7678E-03   4.8840E-03  -1.3262E-02   8.3121E-03  -4.4897E-02  -4.9573E-02
  -4.4855E-02  -2.6683E-03  -1.9078E-02  -1.7737E-02  -1.6640E-02   1.6548E-02
  -2.9888E-03  -7.3771E-03  -8.0108E-04  -1.6235E-03  -2.8950E-03  -1.6666E-02
  -1.3088E-02   1.3197E-03  -1.7745E-03  -5.5390E-03  -1.0368E-02  -1.3314E-02
   5.3196E-03   2.9466E-02   3.1624E-03   3.9424E-03  -3.1537E-03  -2.4444E-03
  -2.6503E-03  -3.1006E-03  -2.4693E-03  -5.3716E-04   7.4425E-04   1.8609E-03
  -3.0444E-03  -1.2707E-03  -1.2393E-03  -3.7522E-03   1.0469E-03  -1.4303E-03
   7.7334E-04  -4.7637E-02  -4.9578E-02  -1.3296E-01  -1.3344E-01  -1.0159E-01
  -9.5364E-02  -1.0458E-01  -1.2541E-01  -1.2941E-01   5.7785E-02   6.5626E-02
  -4.1465E-02  -3.9388E-02  -2.1054E-02  -2.6507E-02  -2.1888E-02   6.5305E-02
   6.6883E-02   5.7517E-02  -4.1812E-02  -4.1021E-02   5.2678E-02   4.9081E-02
   6.2970E-02   6.1383E-02   6.7231E-02  -1.5981E-02  -1.7050E-02  -2.4232E-02
  -1.6717E-02  -2.0589E-02  -8.0314E-03  -1.2794E-02  -1.4044E-02  -7.3695E-03
  -1.1039E-02   4.4999E-03   3.1577E-03  -1.5256E-03   3.1013E-03   6.3519E-02
   4.6534E-02   5.8213E-02   2.1991E-02   3.2751E-02   2.9677E-02  -4.1107E-04
   3.3436E-03  -7.7138E-03  -7.6081E-03   5.9186E-03   1.2800E-02   8.9977E-03
  -1.2231E-02  -1.1699E-02   4.7237E-03  -1.0100E-02  -1.2594E-02  -7.9291E-03
  -1.1741E-02   4.7552E-03   1.8489E-02  -9.2605E-03  -6.9883E-03  -6.9445E-03
   3.1043E-03   1.9433E-03   4.9791E-04  -1.8292E-03  -3.2899E-03  -1.2127E-04
  -2.2502E-03  -5.8946E-03   1.2496E-03  -1.5242E-03  -1.2647E-04  -6.4463E-04
  -6.0245E-03  -2.5605E-03
  > Energy =  -9.159315601042E+02 +/-   1.875145863699E-04
  > varE =   4.032627354997E-03

VMC #5:
* Size of Hilbert space =   7.3125E+12
* Number of equil. steps   = 1000
* Running VMC equilibration.
  Done. [total walltime: 0.27s]
* Equil. acc.ratio (%)     =  16.0211
* Sample config after equilibration:
  [draw: system geometry not defined]
* Number of accum. steps   = 573440 x 10
* Running VMC accumulation.
  Done. [total walltime: 12.5s]
* Acceptance ratio (%)     =  15.9802
* Etot/t                   =  -9.159313834582E+02 +/-   8.693192920969E-05
  > Ttot/t                 =  -9.553093311155E+01 +/-   1.163861143274E-03
  > Utot/t                 =   4.250433790235E+01 +/-   1.154161029765E-03
* var[Eloc/t]              =   3.978277083206E-03 +/-   4.044533979004E-05
* Correlation length       =   1.089310251910E+00
* log10 Psi^2 range: -41.29124649877799 -- -29.68910814340392
* log10 Pgen range : -41.29124649877799 -- -29.68910814340392
* Site occupation (ave. no. electrons per config.):
  > Site_  ___eu____  ___ed____
      1        0.500      0.499
      2        0.499      0.499
      3        0.497      0.498
      4        0.499      0.499
      5        0.502      0.497
      6        0.504      0.499
      7        0.501      0.500
      8        0.499      0.499
      9        0.497      0.499
     10        0.501      0.500
     11        0.501      0.502
     12        0.501      0.496
     13        0.500      0.503
     14        0.501      0.502
     15        0.498      0.498
     16        0.499      0.501
     17        0.501      0.499
     18        0.499      0.501
     19        0.504      0.500
     20        0.500      0.502
     21        0.499      0.500
     22        0.503      0.505
     23        0.497      0.501
     24        0.498      0.500
* Pair-correlation analysis (ave. no. pairs per config.):
  > Shell  nsite  ___dh____  __eueu___  __eued___
      0      1        0          0          4.262
      1      0        0.846      0.662      2.528
      2      0        0.420      0.329      1.265
      3      0        0.658      1.146      2.275
      4      0        0.332      0.566      1.131
      5      0        0.527      1.399      2.166
      6      0        0.530      1.411      2.167
      7      0        0.525      1.399      2.160
      8      0        0.536      1.432      2.137
      9      0        0.268      0.718      1.076
     10      0        0.118      1.027      0.984
     11      0        0.234      2.040      1.946
     12      0        0.154      0.921      1.044
     13      0        0.309      1.844      2.087
     14      0        0.287      1.801      2.119
     15      0        0.288      1.824      2.136
     16      0        0.287      1.815      2.128
     17      0        0.271      2.079      1.935
     18      0        0.271      2.083      1.928
     19      0        0.273      2.067      1.923
     20      0        0.072      0.483      0.504
     21      0        0.142      0.977      1.021
     22      0        0.141      1.017      0.981
     23      0        0.277      2.029      1.959
     24      0        0.247      2.103      1.915
     25      0        0.243      2.106      1.920
     26      0        0.248      2.099      1.915
     27      0        0.139      1.002      0.987
     28      0        0.277      2.016      1.981
     29      0        0.254      2.039      1.982
     30      0        0.250      2.030      1.960
     31      0        0.251      2.038      1.964
     32      0        0.254      2.032      1.963
     33      0        0.253      2.027      1.961
     34      0        0.250      2.039      1.972
     35      0        0.262      1.939      2.053
     36      0        0.262      1.928      2.038
     37      0        0.248      1.976      2.019
     38      0        0.250      1.989      2.037
     39      0        0.262      1.934      2.047
     40      0        0.250      1.986      2.020
     41      0        0.239      2.132      1.912
     42      0        0.240      2.123      1.902
     43      0        0.240      2.125      1.901
     44      0        0.239      1.938      2.057
     45      0        0.235      1.942      2.064
     46      0        0.237      1.929      2.053
     47      0        0.114      1.018      0.979
     48      0        0.229      2.053      1.965
     49      0        0.119      0.990      1.018
     50      0        0.232      1.968      2.023
     51      0        0.252      2.012      1.993
     52      0        0.252      2.001      1.978
     53      0        0.254      2.023      1.993
     54      0        0.254      2.006      1.975
     55      0        0.252      2.019      1.994
     56      0        0.231      1.995      2.024
     57      0        0.226      2.026      1.992
     58      0        0.230      2.027      1.993
     59      0        0.251      2.008      1.984
     60      0        0.229      2.016      1.984
     61      0        0.116      0.986      1.006
     62      0        0.279      2.020      1.965
     63      0        0.253      1.986      2.014
     64      0        0.252      1.981      2.017
     65      0        0.252      1.989      2.017
     66      0        0.141      1.009      0.978
     67      0        0.279      1.956      2.018
     68      0        0.280      1.967      2.030
     69      0        0.275      1.969      2.031
     70      0        0.114      1.005      1.013
     71      0        0.257      1.982      1.999
     72      0        0.114      0.992      1.005
     73      0        0.115      0.999      1.002
     74      0        0.252      1.982      2.010
     75      0        0.254      1.988      2.017
     76      0        0.074      0.490      0.500
     77      0        0.142      0.981      1.002
     78      0        0.232      2.015      1.994
     79      0        0.114      1.004      1.000

Optimization #5:
* Method          : lls
* Target function : energy
* No. of configs. : 114688
* No. of params.  : 620
* Before optimization:
  -4.9482E+00  -5.2294E+00  -5.1922E+00  -5.2086E+00  -5.1814E+00  -4.9328E+00
   9.5443E-01   9.5360E-01   9.8512E-01   5.1977E-01   5.2404E-01   5.5125E-01
   5.4336E-01   7.6116E-01   7.6032E-01   7.6871E-01   7.6848E-01   7.5315E-01
   7.5327E-01   4.4367E-01   4.4520E-01   4.4277E-01   5.0908E-01   5.3816E-01
   5.3787E-01   2.5143E-01   2.7379E-01   2.7316E-01   2.8546E-01   2.7958E-01
   2.6250E-01   2.6806E-01   2.8587E-01   2.9030E-01   2.6133E-01   2.6915E-01
   2.3958E-01   2.4825E-01   2.4985E-01   2.4270E-01   1.1562E-01   1.0516E-01
   1.7600E-01   1.8337E-01   1.8446E-01   3.5772E-01   3.4489E-01   3.6294E-01
   3.7595E-01   3.5421E-01   3.6724E-01   1.3743E-02   1.1971E-02  -1.7455E-02
  -1.6418E-02   3.2706E-02   3.5877E-02   5.8046E-02   5.5050E-02   4.6122E-02
   4.9323E-02   1.4034E-01   1.4069E-01   1.1041E-01   1.1125E-01   9.9827E-02
   1.0226E-01   1.8008E-02   1.9709E-02   3.7954E-02   3.9912E-02   1.2091E-01
   1.1736E-01   9.4233E-02   9.8704E-02   6.2560E-02   6.4559E-02   1.0968E-01
   1.1393E-01   4.8604E-01   4.8232E-01   5.2562E-01   5.2261E-01   5.0772E-01
   5.0350E-01   2.9749E-01   2.9876E-01   2.9895E-01   3.1397E-01   3.1088E-01
   1.7657E-01   1.6366E-01  -2.8151E-02   5.1825E-03   4.9804E-03  -5.8317E-04
   2.2880E-03   2.8735E-03   6.4268E-05  -1.7118E-02  -1.4596E-02  -2.8104E-02
  -2.7413E-02  -1.6938E-02  -1.6511E-02   5.3450E-02   7.9342E-03   7.8619E-03
   1.3579E-02  -2.3257E-02  -2.2540E-02   2.7563E-02   2.6567E-02   6.2124E-02
  -4.3076E-03  -4.0723E-03  -2.5424E-02  -2.7723E-02  -1.6539E-02  -1.4499E-02
  -1.3281E-02  -1.0672E-02  -1.9786E-02   2.4743E-02   2.4235E-02   4.5145E-02
   4.5388E-02   1.9578E-02   1.9800E-02  -3.9711E-02   6.3619E-03   6.2931E-03
  -1.0652E-02  -1.2543E-03  -1.3908E-02  -1.3383E-02  -3.2696E-02  -3.2960E-02
   1.3665E-02  -3.5971E-02  -2.3695E-02  -2.3849E-02  -3.1298E-01  -8.6620E-01
  -6.0524E-01  -6.0090E-01  -2.0267E-02  -5.3155E-01  -3.7256E-01  -2.0397E-01
  -1.8749E-01  -6.1614E-01  -2.6592E-01  -5.4401E-01  -1.2262E-01  -6.6864E-01
  -2.3681E-01  -2.2552E-01  -1.8789E-01  -2.7168E-01   1.8581E-01  -6.8397E-01
  -2.0332E-01  -3.2323E-01   2.9476E-01  -5.4988E-01  -8.3033E-03  -2.6673E-01
  -1.0854E-01  -1.7996E-01   1.0708E-01  -3.7752E-01  -1.2290E-01  -1.7218E-01
  -1.8446E-01  -7.4995E-02   1.1917E-01  -3.5643E-01   6.9808E-02  -3.0934E-01
  -1.1951E-01   2.4682E-03  -1.9885E-02  -8.5979E-02  -4.9496E-02  -1.2395E-01
  -1.0020E-01  -8.1667E-02   2.8577E-02  -3.7064E-01  -1.5004E-01  -2.0968E-01
  -8.7306E-02  -2.6515E-01  -1.1400E-01   1.0185E-01   2.3992E-01  -2.2293E-01
   2.2216E-01  -2.5622E-01  -5.4049E-02  -1.9703E-03   5.6165E-02  -1.0334E-01
  -1.4957E-01   1.0850E-02   2.1606E-01  -3.2555E-01   3.7875E-01  -4.7843E-01
   4.1875E-01  -4.3823E-01   2.4871E-01  -2.8740E-01  -8.7370E-02  -3.4195E-02
   1.8889E-01  -2.8723E-01  -1.1358E-01   4.9374E-02   2.2849E-02  -1.3689E-01
   2.0252E-01  -6.5645E-01  -2.6851E-01  -2.2673E-01  -2.5267E-02  -4.4919E-01
   1.2118E-01  -4.2440E-01   6.4596E-02  -3.6613E-01  -1.0122E-01  -2.1261E-01
   2.9139E-02  -2.0174E-01   1.3662E-01  -2.9706E-01   4.4869E-01  -4.2028E-01
   5.4377E-02  -5.9528E-02   1.8896E-02  -1.9336E-02   2.9496E-02  -3.1370E-02
   2.4426E-01  -2.2896E-01   2.8599E-01  -2.5702E-01   1.4716E-01  -1.2995E-01
   1.8960E-01  -2.4283E-01   2.7194E-01  -2.7948E-01   2.0972E-01  -2.2335E-01
   2.2465E-01  -2.0136E-01   4.3856E-02  -7.0546E-02   8.5711E-02  -1.4801E-01
   1.3630E-01  -1.3116E-01   2.0241E-01  -1.7567E-01   8.4581E-02  -6.9794E-02
   2.3937E-02  -1.3271E-02   4.3539E-01  -4.1544E-01   1.7199E-01  -1.9676E-01
  -8.3655E-02   3.8004E-02   2.2103E-01  -2.4123E-01   4.5523E-01  -4.1465E-01
  -2.3939E-02   1.8034E-02   1.2245E-01  -1.1099E-01   6.1086E-04   6.5326E-04
   2.1944E-01  -2.0568E-01   4.4651E-01  -4.1380E-01  -1.6582E-01   1.5144E-01
   4.4352E-01  -4.0745E-01   2.8769E-01  -2.6413E-01   9.4145E-01   8.8300E-01
   8.5266E-01   7.5241E-01   7.4043E-01   9.3703E-01  -5.0691E-02  -5.3425E-02
  -2.2335E-01  -2.2915E-01  -9.3850E-02  -9.4658E-02  -9.4052E-02  -2.9459E-01
  -2.9951E-01   8.6776E-03  -5.4576E-03  -3.8406E-02  -3.2777E-02  -1.4852E-02
  -1.6261E-02  -1.6359E-02   7.5687E-02   8.0438E-02   6.6094E-02  -2.9848E-02
  -3.1573E-02   7.0255E-02   6.5719E-02   2.3046E-03  -3.9495E-03   3.7789E-03
  -2.8636E-02  -3.2017E-02  -2.1729E-02  -2.2969E-02  -1.8109E-02  -2.1001E-02
  -1.7783E-02  -1.2282E-02  -7.8588E-03   4.8496E-03  -7.5357E-03   1.9136E-03
  -1.2305E-02   3.0552E-03  -4.5627E-02  -4.7582E-02  -4.6765E-02  -1.2648E-02
  -2.5615E-02  -2.2931E-02  -1.3762E-02   9.5989E-03  -5.0499E-04  -3.8010E-03
  -8.2885E-04   1.2845E-03  -8.3564E-05  -1.8245E-02  -1.3591E-02  -1.5540E-03
  -3.7052E-03  -7.3325E-03  -1.0268E-02  -9.8331E-03   2.4165E-03   2.3910E-02
   5.0436E-03   5.4608E-03  -1.4891E-03   1.0832E-03  -2.9606E-03  -3.2980E-03
  -9.3749E-04  -3.6233E-03   1.0863E-03  -3.3546E-03  -1.6838E-04  -2.6624E-03
   1.3661E-03  -5.5044E-03   5.2108E-03   1.1515E-03  -1.8967E-03  -4.7156E-03
  -7.6061E-03  -1.1286E-01  -1.1554E-01  -9.2987E-02  -8.6042E-02  -9.5705E-02
  -1.0318E-01  -1.0607E-01   6.9576E-02   7.4451E-02  -5.6777E-02  -5.4919E-02
  -4.2532E-02  -4.7402E-02  -4.5955E-02   7.0481E-02   7.0002E-02   6.0721E-02
  -4.9021E-02  -5.2203E-02   6.1526E-02   6.1459E-02   5.1269E-02   4.7610E-02
   5.4472E-02  -2.2107E-02  -2.4391E-02  -2.7416E-02  -2.1852E-02  -2.5893E-02
  -1.2134E-02  -1.6416E-02  -1.9291E-02  -7.4093E-03  -8.7928E-03   1.1771E-03
   2.5069E-03  -5.1986E-03   1.9767E-03   4.1778E-02   3.0382E-02   3.6197E-02
   1.0261E-02   1.7908E-02   1.6299E-02  -1.9523E-03  -9.5386E-04  -5.8464E-03
  -5.8855E-03   4.8830E-03   1.2195E-02   8.1944E-03  -1.4357E-02  -1.2384E-02
   1.6407E-03  -9.1131E-03  -1.1995E-02  -8.2802E-03  -8.3719E-03   3.4345E-03
   1.5411E-02  -6.3200E-03  -4.9736E-03  -6.3696E-03   6.2774E-03   2.4393E-03
   9.8635E-04  -1.6300E-04  -5.1355E-03   5.5261E-04  -6.0291E-03  -2.4314E-03
  -6.2757E-04   1.0127E-03  -2.9431E-03   3.8021E-03  -2.1592E-03  -5.2705E-03
   8.1187E-02   7.3665E-02  -1.9508E-01  -1.9798E-01  -3.6186E-02  -4.0862E-02
  -3.8096E-02  -2.7658E-01  -2.8411E-01  -2.0928E-02  -3.7029E-02  -1.8126E-02
  -1.0020E-02   1.6363E-02   1.3857E-02   1.6339E-02   7.3495E-02   7.9582E-02
   6.2903E-02  -2.0325E-02  -1.6709E-02   5.9843E-02   5.1172E-02   7.5649E-03
   2.7835E-03   1.0374E-02  -2.0191E-02  -2.4417E-02  -1.3782E-02  -1.6933E-02
  -8.8842E-03  -1.7809E-02  -1.1344E-02  -2.5739E-03  -1.1478E-02   2.5570E-03
  -3.7678E-03   4.8840E-03  -1.3262E-02   8.3121E-03  -4.4897E-02  -4.9573E-02
  -4.4855E-02  -2.6683E-03  -1.9078E-02  -1.7737E-02  -1.6640E-02   1.6548E-02
  -2.9888E-03  -7.3771E-03  -8.0108E-04  -1.6235E-03  -2.8950E-03  -1.6666E-02
  -1.3088E-02   1.3197E-03  -1.7745E-03  -5.5390E-03  -1.0368E-02  -1.3314E-02
   5.3196E-03   2.9466E-02   3.1624E-03   3.9424E-03  -3.1537E-03  -2.4444E-03
  -2.6503E-03  -3.1006E-03  -2.4693E-03  -5.3716E-04   7.4425E-04   1.8609E-03
  -3.0444E-03  -1.2707E-03  -1.2393E-03  -3.7522E-03   1.0469E-03  -1.4303E-03
   7.7334E-04  -4.7637E-02  -4.9578E-02  -1.3296E-01  -1.3344E-01  -1.0159E-01
  -9.5364E-02  -1.0458E-01  -1.2541E-01  -1.2941E-01   5.7785E-02   6.5626E-02
  -4.1465E-02  -3.9388E-02  -2.1054E-02  -2.6507E-02  -2.1888E-02   6.5305E-02
   6.6883E-02   5.7517E-02  -4.1812E-02  -4.1021E-02   5.2678E-02   4.9081E-02
   6.2970E-02   6.1383E-02   6.7231E-02  -1.5981E-02  -1.7050E-02  -2.4232E-02
  -1.6717E-02  -2.0589E-02  -8.0314E-03  -1.2794E-02  -1.4044E-02  -7.3695E-03
  -1.1039E-02   4.4999E-03   3.1577E-03  -1.5256E-03   3.1013E-03   6.3519E-02
   4.6534E-02   5.8213E-02   2.1991E-02   3.2751E-02   2.9677E-02  -4.1107E-04
   3.3436E-03  -7.7138E-03  -7.6081E-03   5.9186E-03   1.2800E-02   8.9977E-03
  -1.2231E-02  -1.1699E-02   4.7237E-03  -1.0100E-02  -1.2594E-02  -7.9291E-03
  -1.1741E-02   4.7552E-03   1.8489E-02  -9.2605E-03  -6.9883E-03  -6.9445E-03
   3.1043E-03   1.9433E-03   4.9791E-04  -1.8292E-03  -3.2899E-03  -1.2127E-04
  -2.2502E-03  -5.8946E-03   1.2496E-03  -1.5242E-03  -1.2647E-04  -6.4463E-04
  -6.0245E-03  -2.5605E-03
  > E    =  -9.159315742720E+02 +/-   1.888374816202E-04
  > varE =   4.089727569962E-03
* Computing derivatives.
    [walltime: 7m26s elapsed, 18m35s remaining]
  Done. [total walltime: 26m1s]
* Optimizing manipulation constant:
  #igrid a___________ E____________________________________ varE____________
     1     Infinity    -9.15931574E+02 +/-   1.88837482E-04   4.08972757E-03
     2     1.0000E+06  -9.15931574E+02 +/-   1.88837436E-04   4.08972558E-03
     3     2.1544E+05  -9.15931574E+02 +/-   1.88837269E-04   4.08971834E-03
     4     4.6416E+04  -9.15931574E+02 +/-   1.88836493E-04   4.08968474E-03
     5     1.0000E+04  -9.15931574E+02 +/-   1.88832893E-04   4.08952883E-03
     6     2.1544E+03  -9.15931575E+02 +/-   1.88816223E-04   4.08880680E-03
     7     4.6416E+02  -9.15931579E+02 +/-   1.88739634E-04   4.08549043E-03
     8     1.0000E+02  -9.15931594E+02 +/-   1.88400895E-04   4.07083876E-03
     9     2.1544E+01  -9.15931650E+02 +/-   1.87169031E-04   4.01777823E-03
    10     4.6416E+00  -9.15931608E+02 +/-   1.87680567E-04   4.03976957E-03
    11     1.0000E+00  -9.15924085E+02 +/-   2.97411965E-04   1.01445982E-02
    12     2.1544E-01  -9.15808781E+02 +/-   9.40005093E-04   1.01339415E-01
    13     4.6416E-02  -9.15563405E+02 +/-   1.57111746E-03   2.83097016E-01
    14     1.0000E-02  -9.15440631E+02 +/-   1.79147332E-03   3.68076990E-01
    15     2.1544E-03  -9.15407646E+02 +/-   1.84466537E-03   3.90259216E-01
    16     4.6416E-04  -9.15400176E+02 +/-   1.85641299E-03   3.95245723E-01
    17     1.0000E-04  -9.15398549E+02 +/-   1.85895753E-03   3.96329971E-01
    18     2.1544E-05  -9.15398197E+02 +/-   1.85950637E-03   3.96564029E-01
    19     4.6416E-06  -9.15398122E+02 +/-   1.85962464E-03   3.96614477E-01
    20     1.0000E-06  -9.15398105E+02 +/-   1.85965012E-03   3.96625347E-01
    21     0.0000E+00  -9.15398101E+02 +/-   1.85965712E-03   3.96628332E-01
* Iteration # 1: E =  -9.159316504456E+02 +/-   1.871690306544E-04
* Diminishing returns: exiting.
* After optimization:
  -4.9947E+00  -5.2725E+00  -5.2333E+00  -5.2378E+00  -5.2111E+00  -4.9824E+00
   9.5819E-01   9.5692E-01   9.8840E-01   5.2393E-01   5.2813E-01   5.5518E-01
   5.4745E-01   7.6551E-01   7.6362E-01   7.7330E-01   7.7184E-01   7.5773E-01
   7.5656E-01   4.5004E-01   4.5163E-01   4.4850E-01   5.1228E-01   5.4150E-01
   5.4136E-01   2.5570E-01   2.7850E-01   2.7783E-01   2.9110E-01   2.8501E-01
   2.6759E-01   2.7316E-01   2.9094E-01   2.9529E-01   2.6741E-01   2.7477E-01
   2.4538E-01   2.5356E-01   2.5568E-01   2.4899E-01   1.2167E-01   1.1055E-01
   1.8251E-01   1.8993E-01   1.9099E-01   3.6273E-01   3.5011E-01   3.6797E-01
   3.8093E-01   3.5909E-01   3.7216E-01   1.7277E-02   1.5648E-02  -1.4320E-02
  -1.3248E-02   3.6796E-02   3.9863E-02   6.2392E-02   5.9563E-02   5.0083E-02
   5.3207E-02   1.4351E-01   1.4388E-01   1.1313E-01   1.1394E-01   1.0259E-01
   1.0491E-01   2.0292E-02   2.1856E-02   3.9870E-02   4.1781E-02   1.2549E-01
   1.2211E-01   9.8521E-02   1.0279E-01   6.5185E-02   6.6934E-02   1.1388E-01
   1.1790E-01   4.9096E-01   4.8705E-01   5.3053E-01   5.2753E-01   5.1230E-01
   5.0785E-01   3.0020E-01   3.0145E-01   3.0208E-01   3.1686E-01   3.1378E-01
   1.7863E-01   1.6616E-01  -2.8193E-02   5.1642E-03   4.9403E-03   2.4588E-03
   5.2910E-03   5.8405E-03   3.2241E-03  -1.4281E-02  -1.1830E-02  -2.8399E-02
  -2.7708E-02  -1.6946E-02  -1.6512E-02   5.4815E-02   8.4537E-03   8.4354E-03
   1.4249E-02  -2.3464E-02  -2.2666E-02   2.8129E-02   2.7201E-02   6.3208E-02
  -1.9976E-03  -1.7681E-03  -2.2612E-02  -2.4884E-02  -1.4079E-02  -1.2147E-02
  -1.0540E-02  -8.0784E-03  -1.8041E-02   2.9534E-02   2.9031E-02   4.9858E-02
   5.0115E-02   2.4208E-02   2.4338E-02  -4.0277E-02   6.6980E-03   6.7224E-03
  -1.1255E-02  -1.5049E-03  -1.3536E-02  -1.3085E-02  -3.2544E-02  -3.2739E-02
   1.3616E-02  -3.6462E-02  -2.4074E-02  -2.4201E-02  -3.1485E-01  -8.7038E-01
  -6.0858E-01  -6.0414E-01  -2.0656E-02  -5.3559E-01  -3.7293E-01  -2.0821E-01
  -1.8924E-01  -6.1951E-01  -2.6678E-01  -5.4785E-01  -1.2384E-01  -6.7287E-01
  -2.3852E-01  -2.3102E-01  -1.8898E-01  -2.7682E-01   1.8561E-01  -6.8681E-01
  -2.0435E-01  -3.2539E-01   2.9411E-01  -5.5353E-01  -9.3346E-03  -2.7045E-01
  -1.0998E-01  -1.8377E-01   1.0595E-01  -3.8136E-01  -1.2475E-01  -1.7531E-01
  -1.8608E-01  -7.9430E-02   1.1777E-01  -3.6083E-01   6.8006E-02  -3.1385E-01
  -1.2109E-01  -1.8659E-03  -2.1037E-02  -9.0182E-02  -5.1217E-02  -1.2874E-01
  -1.0209E-01  -8.6393E-02   2.7224E-02  -3.7450E-01  -1.5194E-01  -2.1281E-01
  -8.8500E-02  -2.6895E-01  -1.1447E-01   9.8694E-02   2.3989E-01  -2.2598E-01
   2.2159E-01  -2.5961E-01  -5.5648E-02  -4.7975E-03   5.5579E-02  -1.0668E-01
  -1.5060E-01   8.6437E-03   2.1622E-01  -3.2828E-01   3.7877E-01  -4.8123E-01
   4.1908E-01  -4.4082E-01   2.4926E-01  -2.8973E-01  -8.9030E-02  -3.7047E-02
   1.8817E-01  -2.9064E-01  -1.1421E-01   4.7500E-02   2.2164E-02  -1.4036E-01
   2.0137E-01  -6.6013E-01  -2.6986E-01  -2.3035E-01  -2.6767E-02  -4.5200E-01
   1.2115E-01  -4.2695E-01   6.3462E-02  -3.6826E-01  -1.0223E-01  -2.1473E-01
   2.9338E-02  -2.0417E-01   1.3596E-01  -2.9884E-01   4.5015E-01  -4.2163E-01
   5.5137E-02  -6.0189E-02   1.8081E-02  -2.1589E-02   2.9303E-02  -3.4244E-02
   2.4430E-01  -2.3176E-01   2.8752E-01  -2.5834E-01   1.4847E-01  -1.3131E-01
   1.8953E-01  -2.4417E-01   2.7308E-01  -2.8117E-01   2.1004E-01  -2.2431E-01
   2.2550E-01  -2.0199E-01   4.4219E-02  -7.1574E-02   8.6592E-02  -1.5002E-01
   1.3652E-01  -1.3376E-01   2.0238E-01  -1.7838E-01   8.4805E-02  -7.2376E-02
   2.3375E-02  -1.5237E-02   4.3608E-01  -4.1784E-01   1.7097E-01  -2.0060E-01
  -8.4623E-02   3.4232E-02   2.2026E-01  -2.4506E-01   4.5682E-01  -4.1573E-01
  -2.2790E-02   1.6537E-02   1.2409E-01  -1.1206E-01   7.4897E-04   8.2730E-04
   2.1996E-01  -2.0666E-01   4.4783E-01  -4.1531E-01  -1.6443E-01   1.5017E-01
   4.4522E-01  -4.0877E-01   2.8921E-01  -2.6529E-01   9.1517E-01   8.6508E-01
   8.3405E-01   7.3261E-01   7.2101E-01   9.1210E-01  -5.8988E-02  -6.0795E-02
  -2.2560E-01  -2.3055E-01  -9.9562E-02  -1.0064E-01  -1.0077E-01  -2.8841E-01
  -2.9431E-01   9.6487E-03  -4.1612E-03  -3.6229E-02  -3.0304E-02  -1.3711E-02
  -1.5057E-02  -1.4911E-02   7.3257E-02   7.8255E-02   6.4038E-02  -2.7302E-02
  -2.7146E-02   6.6375E-02   6.2505E-02   3.9024E-03  -2.6776E-03   6.1566E-03
  -2.8247E-02  -3.2239E-02  -2.0642E-02  -2.1934E-02  -1.7673E-02  -2.0413E-02
  -1.7747E-02  -1.3046E-02  -5.5520E-03   5.5519E-03  -6.9877E-03   7.2660E-04
  -9.7528E-03   2.9717E-03  -4.2287E-02  -4.4774E-02  -4.4138E-02  -1.3857E-02
  -2.5191E-02  -2.2958E-02  -1.2913E-02   9.3346E-03   6.6803E-04  -2.4568E-03
  -5.5127E-04   1.4717E-03   1.6824E-04  -1.7490E-02  -1.2843E-02  -1.6179E-03
  -3.7192E-03  -7.7897E-03  -9.2300E-03  -9.6054E-03   1.5193E-03   2.2658E-02
   4.9858E-03   4.9545E-03  -9.5010E-04   1.1051E-03  -3.9984E-03  -4.1898E-03
  -2.3876E-03  -3.2006E-03   1.3278E-03  -2.7688E-03   5.7419E-04  -2.6977E-03
   1.3403E-03  -5.6619E-03   5.8466E-03   1.2016E-03  -2.2983E-03  -4.7099E-03
  -7.1881E-03  -1.1639E-01  -1.2122E-01  -9.2881E-02  -8.7159E-02  -9.5619E-02
  -1.0658E-01  -1.0930E-01   6.9486E-02   7.3383E-02  -5.5124E-02  -5.2761E-02
  -4.0269E-02  -4.5248E-02  -4.4255E-02   7.1928E-02   7.0472E-02   6.1007E-02
  -4.6590E-02  -4.9088E-02   6.1230E-02   6.0987E-02   5.2198E-02   4.7333E-02
   5.4203E-02  -2.2082E-02  -2.4437E-02  -2.6931E-02  -2.1571E-02  -2.5452E-02
  -1.2273E-02  -1.6509E-02  -1.8940E-02  -6.4634E-03  -7.7003E-03   1.4110E-03
   2.8898E-03  -4.2940E-03   2.0815E-03   4.0515E-02   2.9566E-02   3.5294E-02
   9.7098E-03   1.7326E-02   1.5960E-02  -2.3715E-03  -6.4507E-04  -5.5789E-03
  -5.6042E-03   5.0575E-03   1.1569E-02   7.7758E-03  -1.4446E-02  -1.2449E-02
   1.4000E-03  -9.0230E-03  -1.2372E-02  -7.9360E-03  -8.7643E-03   2.8204E-03
   1.5803E-02  -5.9278E-03  -4.6702E-03  -5.7607E-03   6.7877E-03   1.7916E-03
   4.7522E-04  -9.6120E-04  -5.2118E-03   9.7145E-04  -6.2887E-03  -2.3728E-03
  -5.8476E-04   1.3648E-03  -2.4623E-03   3.4632E-03  -2.9744E-03  -6.5306E-03
   7.0916E-02   6.3952E-02  -2.0339E-01  -2.0564E-01  -4.5446E-02  -5.0232E-02
  -4.8426E-02  -2.7932E-01  -2.8746E-01  -1.9895E-02  -3.5662E-02  -1.6172E-02
  -7.6740E-03   1.7648E-02   1.4592E-02   1.7617E-02   7.2027E-02   7.8877E-02
   6.2055E-02  -1.7821E-02  -1.3603E-02   5.6657E-02   4.9420E-02   9.4751E-03
   4.2357E-03   1.2898E-02  -2.0352E-02  -2.5643E-02  -1.3282E-02  -1.6247E-02
  -9.2143E-03  -1.7506E-02  -1.1393E-02  -3.9181E-03  -9.2615E-03   3.7417E-03
  -3.2633E-03   4.1200E-03  -1.0556E-02   8.9055E-03  -4.2359E-02  -4.7663E-02
  -4.3331E-02  -4.2435E-03  -1.9630E-02  -1.8955E-02  -1.5807E-02   1.5631E-02
  -1.4717E-03  -6.0189E-03  -1.0375E-03  -8.5934E-04  -2.3718E-03  -1.6026E-02
  -1.2389E-02   9.0625E-04  -2.1826E-03  -5.9888E-03  -9.8622E-03  -1.3037E-02
   4.8371E-03   2.8371E-02   3.5494E-03   3.8679E-03  -2.9195E-03  -2.8001E-03
  -3.7927E-03  -4.1220E-03  -3.8647E-03  -3.7718E-04   1.1928E-03   2.5225E-03
  -2.8922E-03  -7.5624E-04  -1.2796E-03  -3.7785E-03   1.8889E-03  -1.1587E-03
   1.3279E-03  -4.8667E-02  -5.0624E-02  -1.4038E-01  -1.4358E-01  -1.0467E-01
  -9.9466E-02  -1.0773E-01  -1.3350E-01  -1.3673E-01   5.9535E-02   6.6600E-02
  -4.0658E-02  -3.7985E-02  -1.9575E-02  -2.5741E-02  -2.1186E-02   6.7982E-02
   6.8920E-02   5.8932E-02  -4.0034E-02  -3.9664E-02   5.3150E-02   5.0036E-02
   6.5560E-02   6.2503E-02   6.8193E-02  -1.6474E-02  -1.7969E-02  -2.4792E-02
  -1.6890E-02  -2.1008E-02  -8.4879E-03  -1.2991E-02  -1.4254E-02  -6.8973E-03
  -9.9580E-03   4.7211E-03   3.9378E-03  -7.6143E-04   3.7292E-03   6.2633E-02
   4.5880E-02   5.7571E-02   2.2048E-02   3.2400E-02   2.9376E-02  -8.0591E-04
   2.8105E-03  -7.7559E-03  -7.8631E-03   5.8021E-03   1.2874E-02   8.8419E-03
  -1.2421E-02  -1.2021E-02   4.0453E-03  -1.0510E-02  -1.3138E-02  -8.2067E-03
  -1.2268E-02   4.5307E-03   1.9119E-02  -8.6197E-03  -6.4674E-03  -6.7974E-03
   3.6318E-03   1.2200E-03  -2.0047E-04  -2.7678E-03  -3.7759E-03   3.6582E-04
  -2.6578E-03  -6.9346E-03   1.8473E-03  -1.2209E-03   7.5046E-04  -1.0180E-03
  -7.1014E-03  -3.6003E-03
  > Energy =  -9.159316504456E+02 +/-   1.871690306544E-04
  > varE =   4.017778233388E-03

VMC #6:
* Size of Hilbert space =   7.3125E+12
* Number of equil. steps   = 1000
* Running VMC equilibration.
  Done. [total walltime: 0.27s]
* Equil. acc.ratio (%)     =  16.1660
* Sample config after equilibration:
  [draw: system geometry not defined]
* Number of accum. steps   = 573440 x 10
* Running VMC accumulation.
  Done. [total walltime: 12.5s]
* Acceptance ratio (%)     =  16.1085
* Etot/t                   =  -9.159314387117E+02 +/-   8.502631581485E-05
  > Ttot/t                 =  -9.552984623601E+01 +/-   1.185731445552E-03
  > Utot/t                 =   4.250319577332E+01 +/-   1.173105946657E-03
* var[Eloc/t]              =   3.857610172331E-03 +/-   3.578672335574E-05
* Correlation length       =   1.074673075782E+00
* log10 Psi^2 range: -42.65433180163831 -- -29.97000266836171
* log10 Pgen range : -42.65433180163831 -- -29.97000266836171
* Site occupation (ave. no. electrons per config.):
  > Site_  ___eu____  ___ed____
      1        0.502      0.500
      2        0.498      0.501
      3        0.499      0.503
      4        0.498      0.499
      5        0.501      0.498
      6        0.500      0.495
      7        0.498      0.502
      8        0.503      0.498
      9        0.498      0.502
     10        0.497      0.504
     11        0.506      0.502
     12        0.504      0.498
     13        0.497      0.504
     14        0.502      0.502
     15        0.500      0.495
     16        0.499      0.501
     17        0.502      0.499
     18        0.500      0.498
     19        0.500      0.503
     20        0.503      0.497
     21        0.498      0.498
     22        0.499      0.502
     23        0.499      0.498
     24        0.498      0.501
* Pair-correlation analysis (ave. no. pairs per config.):
  > Shell  nsite  ___dh____  __eueu___  __eued___
      0      1        0          0          4.273
      1      0        0.849      0.658      2.524
      2      0        0.425      0.327      1.261
      3      0        0.661      1.143      2.279
      4      0        0.334      0.567      1.132
      5      0        0.532      1.405      2.163
      6      0        0.532      1.403      2.172
      7      0        0.526      1.400      2.164
      8      0        0.542      1.430      2.135
      9      0        0.272      0.713      1.072
     10      0        0.118      1.031      0.977
     11      0        0.233      2.043      1.939
     12      0        0.155      0.923      1.048
     13      0        0.311      1.848      2.090
     14      0        0.292      1.798      2.117
     15      0        0.289      1.817      2.134
     16      0        0.292      1.810      2.127
     17      0        0.275      2.079      1.930
     18      0        0.272      2.084      1.933
     19      0        0.275      2.075      1.930
     20      0        0.074      0.482      0.507
     21      0        0.145      0.973      1.016
     22      0        0.140      1.015      0.983
     23      0        0.279      2.034      1.956
     24      0        0.247      2.109      1.916
     25      0        0.249      2.104      1.916
     26      0        0.244      2.099      1.910
     27      0        0.140      1.005      0.988
     28      0        0.275      2.020      1.983
     29      0        0.251      2.045      1.974
     30      0        0.253      2.030      1.964
     31      0        0.251      2.027      1.964
     32      0        0.254      2.031      1.966
     33      0        0.249      2.035      1.961
     34      0        0.255      2.038      1.978
     35      0        0.260      1.940      2.060
     36      0        0.258      1.936      2.045
     37      0        0.254      1.976      2.018
     38      0        0.248      1.992      2.028
     39      0        0.265      1.934      2.043
     40      0        0.252      1.971      2.021
     41      0        0.239      2.137      1.916
     42      0        0.240      2.126      1.897
     43      0        0.238      2.135      1.909
     44      0        0.237      1.931      2.062
     45      0        0.237      1.937      2.065
     46      0        0.237      1.925      2.056
     47      0        0.114      1.018      0.973
     48      0        0.233      2.052      1.960
     49      0        0.118      0.991      1.020
     50      0        0.236      1.957      2.024
     51      0        0.251      2.016      1.986
     52      0        0.255      1.999      1.980
     53      0        0.253      2.014      1.997
     54      0        0.255      2.006      1.982
     55      0        0.256      2.011      1.995
     56      0        0.232      1.990      2.023
     57      0        0.227      2.026      1.984
     58      0        0.228      2.028      1.991
     59      0        0.253      2.021      1.984
     60      0        0.230      2.018      1.976
     61      0        0.115      0.984      1.005
     62      0        0.279      2.027      1.969
     63      0        0.257      1.989      2.013
     64      0        0.250      1.981      2.010
     65      0        0.255      1.977      2.015
     66      0        0.138      1.016      0.988
     67      0        0.280      1.966      2.027
     68      0        0.282      1.965      2.021
     69      0        0.279      1.973      2.025
     70      0        0.115      1.004      1.013
     71      0        0.255      1.979      2.001
     72      0        0.113      0.993      1.001
     73      0        0.116      0.994      1.007
     74      0        0.257      1.980      2.016
     75      0        0.254      1.995      2.019
     76      0        0.072      0.491      0.501
     77      0        0.144      0.984      1.007
     78      0        0.231      2.011      1.991
     79      0        0.115      1.007      0.995

VDAGGER finished.
Total VDAGGER walltime: 16h48m

Run ended: Wed Oct 15 16:20:27 CEST 2025
                                  
================================= 
Global information about the job: 
================================= 
  
Job owner: mdimauro(31184)
Job name:  vd[sjb]
Node list: vipc[2292-2294,2296-2302,2304-2310,2312-2325,2328,2330-2366,2369-2370,2372-2376,2378-2384,2386,2389-2391,2393-2424,2426-2431,2572,2574-2575]
Job start: Tue Oct 14 23:32:01 CEST 2025
Job end:   Wed Oct 15 16:20:27 CEST 2025
Work dir:  /viper/u1/mdimauro/calcs/vmc/coronene/sjb
Command:   /viper/u1/mdimauro/calcs/vmc/coronene/sjb/vdagger
  
  
  
==========================================================================================
Information on jobsteps (Note: MaxRSS/AveRSS is the maximum/average over all 
tasks of the per-task memory high-water marks; cf. "man sacct"): 
==========================================================================================
  
JobID            JobName NNodes NTasks  NCPUS       MaxRSS       AveRSS    Elapsed ExitCode
------------- ---------- ------ ------ ------ ------------ ------------ ---------- --------
3921265          vd[sjb]    128         32768                             16:48:26      0:0
3921265.0        vdagger    128  16384  32768      576.00M      509.24M   16:48:18      0:0
  
Maximum memory per node: 77.309936 GB (defined as MaxRSS*Ntasks/NNodes)
CPU utilization: 98.6 %
  
