Run started: Tue Jan 20 09:03:09 CET 2026
Using VDAGGER_ARCH = gnu7_fkfamd_cluster
Running 1x128 MPI processes.

                               xx
                              +##
                               #X
                               Xx
                          X##XxXxxX##x
                           +   Xx  ++
                               ##
                              +##
                              +##
     ++++         ++          +##
   xX+++##+      ####         +##
  Xx    ###      +X##          ##
 xX    X##+        ##          #X
 +    x##X         #x          #X
      ###         +#           x+
     X##+         #+
     ###         Xx                    _______
     ##X       +X+   __________________VDAGGER
     +##x    +xX     2nd quantized variational
       +xxxxx+       ______quantum Monte Carlo

* Running 128 MPI processes.
* Input file: "input.11.casl"

############# Start of input file dump #############
General:
  Random seed: timer

Plan:
  VMC-optimization:
    Minimum cycles: 20
    Convergence cycles: 10

System:
  Hubbard model:
    Primitive cell:
      a_1: [ 3.0, 1.0 ]
      a_2: [ -1.0, 3.0 ]
    Simulation cell:
      a_1: [ 10.0, 0.0 ]
      a_2: [ 0.0, 10.0 ]
    U: 10.0
    Dump Hamiltonian: FCIDUMP.new
    Dump orbitals: LTSC.new
  netot: 10

VMC:
  nstep: 500000
  nconfig: 100000

Jastrow: wfn.casl

Backflow: wfn.casl
############## End of input file dump ##############

General setup:
* Random seed: 1150402272 (from timer)

Hubbard system:
* Dimensionality        : 2
* Simulation cell:
  > a_1 =   1.000000000000E+01   0.000000000000E+00
  > a_2 =   0.000000000000E+00   1.000000000000E+01
* Primitive cell:
  > a_1 =   3.000000000000E+00   1.000000000000E+00
  > a_2 =  -1.000000000000E+00   3.000000000000E+00
* Prim.cells in sim.cell: 10
* Number of sublattices : 1
* # real-space shells   : 3
  > Shell #1: 4 sites, rij =  3.1623E+00
  > Shell #2: 4 sites, rij =  4.4721E+00
  > Shell #3: 1 sites, rij =  7.0711E+00
* Site labels:
  +-----------------------------+
  |                      4      |
  |             7               |
  |   10                        |
  |                         3   |
  |                6            |
  |       9                     |
  |                            2|
  |                   5         |
  |          8                  |
  | 1                           |
  +-----------------------------+
* Shell diagram:
  +-------------------+
  |              0    |
  |        1          |
  |  2                |
  |                1  |
  |          2        |
  |    3              |
  |                  2|
  |            1      |
  |      2            |
  |1                  |
  +-------------------+
* Hop multiplicity diagram:
  +-------------------+
  |              0    |
  |        1          |
  |  -                |
  |                1  |
  |          -        |
  |    -              |
  |                  -|
  |            1      |
  |      -            |
  |1                  |
  +-------------------+
* Reciprocal lattice of the simulation cell:
  > b_1 =   6.283185307180E-01  -0.000000000000E+00
  > b_2 =  -0.000000000000E+00   6.283185307180E-01
* k-vector offset:
  > Fractional:   0.000000000000E+00   0.000000000000E+00
  > Absolute  :   0.000000000000E+00   0.000000000000E+00
* G-vector occupation diagram:
  +----0----+
  |      -  |
  |- - 2 -  |
  0  2 2 2  0
  |  - 2 - -|
  |  -      |
  +----0----+
* G-vectors and non-interacting energy levels:
  > G_1 = [   0.0000E+00,  0.0000E+00,  0.0000E+00 ], e =  -4.0000E+00
  > G_2 = [  -6.2832E-01,  0.0000E+00,  0.0000E+00 ], e =  -1.0000E+00
  > G_3 = [   6.2832E-01,  0.0000E+00,  0.0000E+00 ], e =  -1.0000E+00
  > G_4 = [   0.0000E+00, -6.2832E-01,  0.0000E+00 ], e =  -1.0000E+00
  > G_5 = [   0.0000E+00,  6.2832E-01,  0.0000E+00 ], e =  -1.0000E+00 = e_F
  > G_6 = [  -6.2832E-01, -6.2832E-01,  0.0000E+00 ], e =   1.0000E+00
  > G_7 = [   6.2832E-01,  6.2832E-01,  0.0000E+00 ], e =   1.0000E+00
  > G_8 = [   6.2832E-01, -6.2832E-01,  0.0000E+00 ], e =   1.0000E+00
  > G_9 = [  -6.2832E-01,  6.2832E-01,  0.0000E+00 ], e =   1.0000E+00
  > ...
* U/t                   :  1.00000000000E+01
* Hartree-Fock Etot/t   :  9.00000000000E+00
  > Ttot/t              : -1.60000000000E+01
  > Utot/t              :  2.50000000000E+01
* Writing Hamiltonian to "FCIDUMP.new".
* Writing orbitals to "LTSC.new".
* Analysis of Hamiltonian connecitivity performed:
  - U_iiii [opp] (local, 1-site): 10 (i) values
  - T_ji (single, 2-site): 40 contribs. from 10 (i) values
  - Max. no. wfn. ratios in Eloc: 4
* Site labels:
  +-----------------------------+
  |                      4      |
  |             7               |
  |   10                        |
  |                         3   |
  |                6            |
  |       9                     |
  |                            2|
  |                   5         |
  |          8                  |
  | 1                           |
  +-----------------------------+
* Model system Site kinds:
  [ 1, 1, 1, 1, 1, 1, 1, 1, 1, 1 ]
  +-------------------+
  |              1    |
  |        1          |
  |  1                |
  |                1  |
  |          1        |
  |    1              |
  |                  1|
  |            1      |
  |      1            |
  |1                  |
  +-------------------+
* Maximum Site kind: 1
* Model system Site pair kinds:
  Site 1: [ 0, 1, 2, 1, 2, 3, 2, 1, 2, 1 ]
  Site 2: [ 1, 0, 1, 2, 1, 2, 3, 2, 1, 2 ]
  Site 3: [ 2, 1, 0, 1, 2, 1, 2, 3, 2, 1 ]
  Site 4: [ 1, 2, 1, 0, 1, 2, 1, 2, 3, 2 ]
  Site 5: [ 2, 1, 2, 1, 0, 1, 2, 1, 2, 3 ]
  Site 6: [ 3, 2, 1, 2, 1, 0, 1, 2, 1, 2 ]
  Site 7: [ 2, 3, 2, 1, 2, 1, 0, 1, 2, 1 ]
  Site 8: [ 1, 2, 3, 2, 1, 2, 1, 0, 1, 2 ]
  Site 9: [ 2, 1, 2, 3, 2, 1, 2, 1, 0, 1 ]
  Site 10: [ 1, 2, 1, 2, 3, 2, 1, 2, 1, 0 ]
  For site 1 of kind 1:
  +-------------------+
  |              1    |
  |        2          |
  |  1                |
  |                2  |
  |          3        |
  |    2              |
  |                  1|
  |            2      |
  |      1            |
  |0                  |
  +-------------------+
* Maximum (unsigned) Site pair kind: 3

General system setup:
* Number of sites       : 10
* Number of electrons   : 10
* Spin imbalance MS2    : 0
* Filling               : 0.500000
* Number of orbitals in pool: 13
* Using real-valued orbitals
* Using double-precision arithmetic for orbitals

Trial wave function setup:
* Jastrow parameter file: "wfn.casl"
* Not using multideterminants
* Backflow parameter file: "wfn.casl"
* Not using wave function manipulation

VMC #1:
* Size of Hilbert space =   6.3504E+04
* Deterministic energy evaluation:
  > Deterministic Etot/t = -4.0552458571478756
    - Ttot/t = -7.5188006738285065
    - Utot/t = 3.4635548166806367
* Number of equil. steps   = 1000
* Running VMC equilibration.
  Done. [total walltime: 0.07s]
* Equil. acc.ratio (%)     =   7.3410
* Sample config after equilibration:
  +-------------------+
  |              0    |
  |        u          |
  |  d                |
  |                u  |
  |          d        |
  |    2              |
  |                  d|
  |            d      |
  |      u            |
  |u                  |
  +-------------------+
* Number of accum. steps   = 500480 x 10
* Running VMC accumulation.
  Done. [total walltime: 2.33s]
* Acceptance ratio (%)     =   7.3720
* Etot/t                   =  -4.053391391423E+00 +/-   1.114767353245E-03
  > Ttot/t                 =  -7.512610541041E+00 +/-   8.636919721918E-03
  > Utot/t                 =   3.459219149616E+00 +/-   8.577519849629E-03
* var[Eloc/t]              =   6.048740227689E-01 +/-   2.539603907088E-02
* Correlation length       =   1.028230014052E+00
* log10 Psi^2 range: -1.2303649867247171 -- 6.9995759436701261
* log10 Pgen range : -1.2303649867247171 -- 6.9995759436701261
* Site occupation (ave. no. electrons per config.):
  > Site_  ___eu____  ___ed____
      1        0.501      0.501
      2        0.499      0.501
      3        0.499      0.501
      4        0.500      0.500
      5        0.499      0.501
      6        0.500      0.499
      7        0.499      0.500
      8        0.500      0.498
      9        0.502      0.500
     10        0.500      0.499
* Pair-correlation analysis (ave. no. pairs per config.):
  > Shell  nsite  ___dh____  __eueu___  __eued___
      0      1        0          0          0.345
      1      4        0.333      3.174     16.519
      2      4        0.063     15.988      3.980
      3      1        0.018      0.838      4.155

Optimization #1:
* Method          : lls
* Target function : energy
* No. of configs. : 100096
* No. of params.  : 21
* Before optimization:
  -4.2744E+00  -3.5997E-02   9.0793E-02  -6.2220E-02  -4.9684E-01   2.2073E-01
  -1.3704E-01   3.6157E-01  -9.7258E-01  -3.4552E+00   2.3292E-03  -1.7414E-01
  -4.4664E-01   1.6689E-01   3.0086E-01   4.4084E-01   1.7015E-01  -2.9722E-01
   9.6216E-03   1.8156E-03  -1.8601E-01
  > E    =  -4.049505368026E+00 +/-   2.398160423154E-03
  > varE =   5.756694541660E-01
* Computing derivatives.
  Done. [total walltime: 2.16s]
* Optimizing manipulation constant:
  #igrid a___________ E____________________________________ varE____________
     1     Infinity    -4.04950537E+00 +/-   2.39816042E-03   5.75669454E-01
     2     1.0000E+06  -4.04950537E+00 +/-   2.39815924E-03   5.75668888E-01
     3     2.1544E+05  -4.04950539E+00 +/-   2.39815495E-03   5.75666826E-01
     4     4.6416E+04  -4.04950545E+00 +/-   2.39813503E-03   5.75657262E-01
     5     1.0000E+04  -4.04950575E+00 +/-   2.39804280E-03   5.75612984E-01
     6     2.1544E+03  -4.04950708E+00 +/-   2.39761984E-03   5.75409955E-01
     7     4.6416E+02  -4.04951243E+00 +/-   2.39576142E-03   5.74518286E-01
     8     1.0000E+02  -4.04952395E+00 +/-   2.38892049E-03   5.71241979E-01
     9     2.1544E+01  -4.04946837E+00 +/-   2.37483548E-03   5.64525783E-01
    10     4.6416E+00  -4.04909419E+00 +/-   2.36865441E-03   5.61590983E-01
    11     1.0000E+00  -4.04843635E+00 +/-   2.38006458E-03   5.67014552E-01
    12     2.1544E-01  -4.04700837E+00 +/-   2.42185069E-03   5.87099153E-01
    13     4.6416E-02  -4.04508432E+00 +/-   2.49601418E-03   6.23606769E-01
    14     1.0000E-02  -4.04412215E+00 +/-   2.54390314E-03   6.47765575E-01
    15     2.1544E-03  -4.04383103E+00 +/-   2.55931790E-03   6.55639621E-01
    16     4.6416E-04  -4.04376139E+00 +/-   2.56301548E-03   6.57535465E-01
    17     1.0000E-04  -4.04374601E+00 +/-   2.56383189E-03   6.57954426E-01
    18     2.1544E-05  -4.04374268E+00 +/-   2.56400872E-03   6.58045191E-01
    19     4.6416E-06  -4.04374196E+00 +/-   2.56404687E-03   6.58064769E-01
    20     1.0000E-06  -4.04374181E+00 +/-   2.56405509E-03   6.58068988E-01
    21     0.0000E+00  -4.04374176E+00 +/-   2.56405734E-03   6.58070147E-01
  ParMin   7.2857E+01  -4.04952424E+00 +/-   2.38643715E-03   5.70054957E-01
  # Using parabolic minimum
* Iteration # 1: E =  -4.049524238719E+00 +/-   2.386437153842E-03
* Diminishing returns: exiting.
* After optimization:
  -4.2708E+00  -3.2526E-02   9.6398E-02  -5.9865E-02  -4.9552E-01   2.2451E-01
  -1.4530E-01   3.5607E-01  -9.5633E-01  -3.4684E+00   1.9969E-02  -1.6595E-01
  -4.7547E-01   1.7169E-01   3.3149E-01   4.4118E-01   1.6853E-01  -3.0660E-01
   1.7612E-02   4.7723E-03  -2.0286E-01
  > Energy =  -4.049524238719E+00 +/-   2.386437153842E-03
  > varE =   5.700549568236E-01

VMC #2:
* Size of Hilbert space =   6.3504E+04
* Deterministic energy evaluation:
  > Deterministic Etot/t = -4.0552408376233240
    - Ttot/t = -7.5217565156024735
    - Utot/t = 3.4665156779791499
* Number of equil. steps   = 1000
* Running VMC equilibration.
  Done. [total walltime: 0.04s]
* Equil. acc.ratio (%)     =   7.4630
* Sample config after equilibration:
  +-------------------+
  |              d    |
  |        u          |
  |  d                |
  |                u  |
  |          d        |
  |    u              |
  |                  d|
  |            2      |
  |      0            |
  |u                  |
  +-------------------+
* Number of accum. steps   = 500480 x 10
* Running VMC accumulation.
  Done. [total walltime: 1.95s]
* Acceptance ratio (%)     =   7.3558
* Etot/t                   =  -4.054566164376E+00 +/-   1.073991045048E-03
  > Ttot/t                 =  -7.516582628568E+00 +/-   8.557503521899E-03
  > Utot/t                 =   3.462016464194E+00 +/-   8.469461112783E-03
* var[Eloc/t]              =   6.005809657787E-01 +/-   3.013057241507E-02
* Correlation length       =   9.612060231050E-01
* log10 Psi^2 range: -0.69026448466187518 -- 7.0951861356663501
* log10 Pgen range : -0.69026448466187518 -- 7.0951861356663501
* Site occupation (ave. no. electrons per config.):
  > Site_  ___eu____  ___ed____
      1        0.501      0.499
      2        0.498      0.501
      3        0.501      0.500
      4        0.499      0.500
      5        0.501      0.499
      6        0.498      0.502
      7        0.501      0.499
      8        0.501      0.501
      9        0.501      0.499
     10        0.498      0.501
* Pair-correlation analysis (ave. no. pairs per config.):
  > Shell  nsite  ___dh____  __eueu___  __eued___
      0      1        0          0          0.347
      1      4        0.336      3.182     16.510
      2      4        0.064     15.980      3.988
      3      1        0.018      0.838      4.155

Optimization #2:
* Method          : lls
* Target function : energy
* No. of configs. : 100096
* No. of params.  : 21
* Before optimization:
  -4.2708E+00  -3.2526E-02   9.6398E-02  -5.9865E-02  -4.9552E-01   2.2451E-01
  -1.4530E-01   3.5607E-01  -9.5633E-01  -3.4684E+00   1.9969E-02  -1.6595E-01
  -4.7547E-01   1.7169E-01   3.3149E-01   4.4118E-01   1.6853E-01  -3.0660E-01
   1.7612E-02   4.7723E-03  -2.0286E-01
  > E    =  -4.056493035954E+00 +/-   2.381770132772E-03
  > varE =   5.678274881170E-01
* Computing derivatives.
  Done. [total walltime: 2.19s]
* Optimizing manipulation constant:
  #igrid a___________ E____________________________________ varE____________
     1     Infinity    -4.05649304E+00 +/-   2.38177013E-03   5.67827488E-01
     2     1.0000E+06  -4.05649304E+00 +/-   2.38176987E-03   5.67827364E-01
     3     2.1544E+05  -4.05649304E+00 +/-   2.38176893E-03   5.67826914E-01
     4     4.6416E+04  -4.05649305E+00 +/-   2.38176455E-03   5.67824825E-01
     5     1.0000E+04  -4.05649312E+00 +/-   2.38174425E-03   5.67815146E-01
     6     2.1544E+03  -4.05649343E+00 +/-   2.38165087E-03   5.67770623E-01
     7     4.6416E+02  -4.05649468E+00 +/-   2.38123478E-03   5.67572256E-01
     8     1.0000E+02  -4.05649769E+00 +/-   2.37960837E-03   5.66797203E-01
     9     2.1544E+01  -4.05648747E+00 +/-   2.37535323E-03   5.64771958E-01
    10     4.6416E+00  -4.05643603E+00 +/-   2.36985130E-03   5.62158675E-01
    11     1.0000E+00  -4.05643627E+00 +/-   2.36668587E-03   5.60657915E-01
    12     2.1544E-01  -4.05647130E+00 +/-   2.36652208E-03   5.60580314E-01
    13     4.6416E-02  -4.05648065E+00 +/-   2.36692613E-03   5.60771755E-01
    14     1.0000E-02  -4.05648197E+00 +/-   2.36707286E-03   5.60841283E-01
    15     2.1544E-03  -4.05648219E+00 +/-   2.36710829E-03   5.60858073E-01
    16     4.6416E-04  -4.05648224E+00 +/-   2.36711612E-03   5.60861781E-01
    17     1.0000E-04  -4.05648224E+00 +/-   2.36711781E-03   5.60862585E-01
    18     2.1544E-05  -4.05648225E+00 +/-   2.36711818E-03   5.60862758E-01
    19     4.6416E-06  -4.05648225E+00 +/-   2.36711826E-03   5.60862795E-01
    20     1.0000E-06  -4.05648225E+00 +/-   2.36711827E-03   5.60862803E-01
    21     0.0000E+00  -4.05648225E+00 +/-   2.36711828E-03   5.60862806E-01
* Iteration # 1: E =  -4.056482247362E+00 +/-   2.367118276776E-03
* Diminishing returns: exiting.
* After optimization:
  -4.2024E+00  -4.3910E-02   7.9851E-02  -1.0137E-01  -4.7248E-01   2.1674E-01
  -1.0886E-01   3.6910E-01  -9.4421E-01  -3.7463E+00  -8.8868E-03  -1.0772E-01
  -5.3710E-01   1.9013E-01   3.9078E-01   4.5957E-01   1.9132E-01  -3.1165E-01
   1.1735E-02  -2.4280E-03  -2.0132E-01
  > Energy =  -4.056482247362E+00 +/-   2.367118276776E-03
  > varE =   5.608628055225E-01

VMC #3:
* Size of Hilbert space =   6.3504E+04
* Deterministic energy evaluation:
  > Deterministic Etot/t = -4.0551998572859702
    - Ttot/t = -7.5312792446844634
    - Utot/t = 3.4760793873984910
* Number of equil. steps   = 1000
* Running VMC equilibration.
  Done. [total walltime: 0.04s]
* Equil. acc.ratio (%)     =   7.5621
* Sample config after equilibration:
  +-------------------+
  |              u    |
  |        d          |
  |  d                |
  |                d  |
  |          u        |
  |    d              |
  |                  u|
  |            u      |
  |      d            |
  |u                  |
  +-------------------+
* Number of accum. steps   = 500480 x 10
* Running VMC accumulation.
  Done. [total walltime: 1.94s]
* Acceptance ratio (%)     =   7.3958
* Etot/t                   =  -4.054798385270E+00 +/-   1.098226971005E-03
  > Ttot/t                 =  -7.529422745869E+00 +/-   8.776208872483E-03
  > Utot/t                 =   3.474624360614E+00 +/-   8.689645440016E-03
* var[Eloc/t]              =   5.884627884536E-01 +/-   6.122022773757E-02
* Correlation length       =   1.025774579049E+00
* log10 Psi^2 range: -0.72265558042069922 -- 7.5063885761171472
* log10 Pgen range : -0.72265558042069922 -- 7.5063885761171472
* Site occupation (ave. no. electrons per config.):
  > Site_  ___eu____  ___ed____
      1        0.497      0.502
      2        0.501      0.500
      3        0.497      0.502
      4        0.503      0.498
      5        0.498      0.502
      6        0.502      0.498
      7        0.500      0.500
      8        0.502      0.498
      9        0.499      0.501
     10        0.503      0.498
* Pair-correlation analysis (ave. no. pairs per config.):
  > Shell  nsite  ___dh____  __eueu___  __eued___
      0      1        0          0          0.350
      1      4        0.338      3.262     16.429
      2      4        0.067     15.887      4.080
      3      1        0.020      0.851      4.141

Optimization #3:
* Method          : lls
* Target function : energy
* No. of configs. : 100096
* No. of params.  : 21
* Before optimization:
  -4.2024E+00  -4.3910E-02   7.9851E-02  -1.0137E-01  -4.7248E-01   2.1674E-01
  -1.0886E-01   3.6910E-01  -9.4421E-01  -3.7463E+00  -8.8868E-03  -1.0772E-01
  -5.3710E-01   1.9013E-01   3.9078E-01   4.5957E-01   1.9132E-01  -3.1165E-01
   1.1735E-02  -2.4280E-03  -2.0132E-01
  > E    =  -4.053176983344E+00 +/-   2.440972580422E-03
  > varE =   5.964067151626E-01
* Computing derivatives.
  Done. [total walltime: 2.14s]
* Optimizing manipulation constant:
  #igrid a___________ E____________________________________ varE____________
     1     Infinity    -4.05317698E+00 +/-   2.44097258E-03   5.96406715E-01
     2     1.0000E+06  -4.05317700E+00 +/-   2.44097211E-03   5.96406484E-01
     3     2.1544E+05  -4.05317705E+00 +/-   2.44097041E-03   5.96405652E-01
     4     4.6416E+04  -4.05317730E+00 +/-   2.44096288E-03   5.96401975E-01
     5     1.0000E+04  -4.05317850E+00 +/-   2.44093606E-03   5.96388871E-01
     6     2.1544E+03  -4.05318362E+00 +/-   2.44101097E-03   5.96425475E-01
     7     4.6416E+02  -4.05273843E+00 +/-   2.45726911E-03   6.04396813E-01
     8     1.0000E+02  -3.91650661E+00 +/-   4.86106214E-03   2.36526098E+00
     9     2.1544E+01  -5.31153960E-01 +/-   2.00531947E-02   4.02516662E+01
    10     4.6416E+00  -7.83962045E-09 +/-   2.12637832E-02   4.52582538E+01
    11     1.0000E+00  -4.44690761E-52 +/-   9.39367303E-04   8.83258045E-02
    12     2.1544E-01   0.00000000E+00 +/-   0.00000000E+00   0.00000000E+00
    13     4.6416E-02   0.00000000E+00 +/-   0.00000000E+00   0.00000000E+00
    14     1.0000E-02   0.00000000E+00 +/-   0.00000000E+00   0.00000000E+00
    15     2.1544E-03   0.00000000E+00 +/-   0.00000000E+00   0.00000000E+00
    16     4.6416E-04   0.00000000E+00 +/-   0.00000000E+00   0.00000000E+00
    17     1.0000E-04   0.00000000E+00 +/-   0.00000000E+00   0.00000000E+00
    18     2.1544E-05   0.00000000E+00 +/-   0.00000000E+00   0.00000000E+00
    19     4.6416E-06   0.00000000E+00 +/-   0.00000000E+00   0.00000000E+00
    20     1.0000E-06   0.00000000E+00 +/-   0.00000000E+00   0.00000000E+00
    21     0.0000E+00   0.00000000E+00 +/-   0.00000000E+00   0.00000000E+00
  ParMin   4.5722E+03  -4.05318036E+00 +/-   2.44092174E-03   5.96381873E-01
  # Using grid point #6
* Iteration # 1: E =  -4.053183617348E+00 +/-   2.441010971045E-03
* Convergence: exiting.
* After optimization:
  -4.2505E+00  -4.4228E-02   7.9951E-02  -1.0183E-01  -4.7281E-01   2.1664E-01
  -1.0894E-01   3.6924E-01  -9.6575E-01  -3.8382E+00  -9.3924E-03  -1.0726E-01
  -5.5024E-01   1.9396E-01   4.0139E-01   4.5977E-01   1.9076E-01  -3.1227E-01
   1.1973E-02  -2.4577E-03  -2.0153E-01
  > Energy =  -4.053183617348E+00 +/-   2.441010971045E-03
  > varE =   5.964254753941E-01

VMC #4:
* Size of Hilbert space =   6.3504E+04
* Deterministic energy evaluation:
  > Deterministic Etot/t = -4.0551947213246660
    - Ttot/t = -7.5278769421016003
    - Utot/t = 3.4726822207769237
* Number of equil. steps   = 1000
* Running VMC equilibration.
  Done. [total walltime: 0.04s]
* Equil. acc.ratio (%)     =   7.4551
* Sample config after equilibration:
  +-------------------+
  |              d    |
  |        d          |
  |  2                |
  |                u  |
  |          0        |
  |    d              |
  |                  u|
  |            u      |
  |      d            |
  |u                  |
  +-------------------+
* Number of accum. steps   = 500480 x 10
* Running VMC accumulation.
  Done. [total walltime: 1.95s]
* Acceptance ratio (%)     =   7.4003
* Etot/t                   =  -4.053512738801E+00 +/-   1.056989464169E-03
  > Ttot/t                 =  -7.523761300195E+00 +/-   8.737930777111E-03
  > Utot/t                 =   3.470248561381E+00 +/-   8.664583602157E-03
* var[Eloc/t]              =   5.496394685488E-01 +/-   3.616283872645E-02
* Correlation length       =   1.017302549228E+00
* log10 Psi^2 range: 0.52357108768978443E-001 -- 7.5072104459371758
* log10 Pgen range : 0.52357108768978443E-001 -- 7.5072104459371758
* Site occupation (ave. no. electrons per config.):
  > Site_  ___eu____  ___ed____
      1        0.495      0.505
      2        0.503      0.497
      3        0.496      0.503
      4        0.504      0.495
      5        0.496      0.502
      6        0.504      0.497
      7        0.496      0.504
      8        0.504      0.496
      9        0.498      0.503
     10        0.503      0.497
* Pair-correlation analysis (ave. no. pairs per config.):
  > Shell  nsite  ___dh____  __eueu___  __eued___
      0      1        0          0          0.347
      1      4        0.334      3.265     16.429
      2      4        0.065     15.886      4.082
      3      1        0.019      0.849      4.143

Optimization #4:
* Method          : lls
* Target function : energy
* No. of configs. : 100096
* No. of params.  : 21
* Before optimization:
  -4.2505E+00  -4.4228E-02   7.9951E-02  -1.0183E-01  -4.7281E-01   2.1664E-01
  -1.0894E-01   3.6924E-01  -9.6575E-01  -3.8382E+00  -9.3924E-03  -1.0726E-01
  -5.5024E-01   1.9396E-01   4.0139E-01   4.5977E-01   1.9076E-01  -3.1227E-01
   1.1973E-02  -2.4577E-03  -2.0153E-01
  > E    =  -4.055869198383E+00 +/-   2.342494523252E-03
  > varE =   5.492548380834E-01
* Computing derivatives.
  Done. [total walltime: 2.14s]
* Optimizing manipulation constant:
  #igrid a___________ E____________________________________ varE____________
     1     Infinity    -4.05586920E+00 +/-   2.34249452E-03   5.49254838E-01
     2     1.0000E+06  -4.05586921E+00 +/-   2.34249454E-03   5.49254844E-01
     3     2.1544E+05  -4.05586925E+00 +/-   2.34249458E-03   5.49254865E-01
     4     4.6416E+04  -4.05586945E+00 +/-   2.34249482E-03   5.49254976E-01
     5     1.0000E+04  -4.05587033E+00 +/-   2.34249652E-03   5.49255774E-01
     6     2.1544E+03  -4.05587349E+00 +/-   2.34251704E-03   5.49265397E-01
     7     4.6416E+02  -4.05586884E+00 +/-   2.34288372E-03   5.49437368E-01
     8     1.0000E+02  -4.05524887E+00 +/-   2.35693077E-03   5.56045560E-01
     9     2.1544E+01  -4.01756352E+00 +/-   3.19350060E-03   1.02082366E+00
    10     4.6416E+00  -3.01089947E+00 +/-   1.15551151E-02   1.33648864E+01
    11     1.0000E+00  -6.39557332E-02 +/-   2.10577204E-02   4.43853281E+01
    12     2.1544E-01  -4.58202748E-12 +/-   2.11958521E-02   4.49695442E+01
    13     4.6416E-02  -4.50361413E-65 +/-   2.99090921E-10   8.95412563E-15
    14     1.0000E-02   0.00000000E+00 +/-   0.00000000E+00   0.00000000E+00
    15     2.1544E-03   0.00000000E+00 +/-   0.00000000E+00   0.00000000E+00
    16     4.6416E-04   0.00000000E+00 +/-   0.00000000E+00   0.00000000E+00
    17     1.0000E-04   0.00000000E+00 +/-   0.00000000E+00   0.00000000E+00
    18     2.1544E-05   0.00000000E+00 +/-   0.00000000E+00   0.00000000E+00
    19     4.6416E-06   0.00000000E+00 +/-   0.00000000E+00   0.00000000E+00
    20     1.0000E-06   0.00000000E+00 +/-   0.00000000E+00   0.00000000E+00
    21     0.0000E+00   0.00000000E+00 +/-   0.00000000E+00   0.00000000E+00
  ParMin   2.7116E+03  -4.05587281E+00 +/-   2.34250968E-03   5.49261948E-01
  # Using grid point #6
* Iteration # 1: E =  -4.055873493843E+00 +/-   2.342517039142E-03
* Convergence: exiting.
* After optimization:
  -4.2616E+00  -4.4383E-02   7.9716E-02  -1.0188E-01  -4.7283E-01   2.1660E-01
  -1.0878E-01   3.6937E-01  -9.7217E-01  -3.8598E+00  -9.0796E-03  -1.0856E-01
  -5.5224E-01   1.9500E-01   4.0198E-01   4.6008E-01   1.9067E-01  -3.1239E-01
   1.1843E-02  -2.4634E-03  -2.0120E-01
  > Energy =  -4.055873493843E+00 +/-   2.342517039142E-03
  > varE =   5.492653969307E-01

VMC #5:
* Size of Hilbert space =   6.3504E+04
* Deterministic energy evaluation:
  > Deterministic Etot/t = -4.0551988487464357
    - Ttot/t = -7.5278157215195618
    - Utot/t = 3.4726168727731288
* Number of equil. steps   = 1000
* Running VMC equilibration.
  Done. [total walltime: 0.04s]
* Equil. acc.ratio (%)     =   7.5215
* Sample config after equilibration:
  +-------------------+
  |              d    |
  |        u          |
  |  d                |
  |                u  |
  |          d        |
  |    d              |
  |                  u|
  |            u      |
  |      d            |
  |u                  |
  +-------------------+
* Number of accum. steps   = 500480 x 10
* Running VMC accumulation.
  Done. [total walltime: 1.93s]
* Acceptance ratio (%)     =   7.4207
* Etot/t                   =  -4.054524348208E+00 +/-   1.097578770344E-03
  > Ttot/t                 =  -7.544473996513E+00 +/-   8.717269836239E-03
  > Utot/t                 =   3.489949648338E+00 +/-   8.611157739865E-03
* var[Eloc/t]              =   6.061256992050E-01 +/-   5.249898841772E-02
* Correlation length       =   9.947075752456E-01
* log10 Psi^2 range: -0.13600678175605982 -- 7.5061790021143713
* log10 Pgen range : -0.13600678175605982 -- 7.5061790021143713
* Site occupation (ave. no. electrons per config.):
  > Site_  ___eu____  ___ed____
      1        0.505      0.495
      2        0.498      0.502
      3        0.502      0.498
      4        0.498      0.502
      5        0.502      0.497
      6        0.497      0.503
      7        0.502      0.499
      8        0.498      0.502
      9        0.501      0.499
     10        0.497      0.502
* Pair-correlation analysis (ave. no. pairs per config.):
  > Shell  nsite  ___dh____  __eueu___  __eued___
      0      1        0          0          0.348
      1      4        0.336      3.255     16.436
      2      4        0.065     15.897      4.071
      3      1        0.020      0.847      4.144

Optimization #5:
* Method          : lls
* Target function : energy
* No. of configs. : 100096
* No. of params.  : 21
* Before optimization:
  -4.2616E+00  -4.4383E-02   7.9716E-02  -1.0188E-01  -4.7283E-01   2.1660E-01
  -1.0878E-01   3.6937E-01  -9.7217E-01  -3.8598E+00  -9.0796E-03  -1.0856E-01
  -5.5224E-01   1.9500E-01   4.0198E-01   4.6008E-01   1.9067E-01  -3.1239E-01
   1.1843E-02  -2.4634E-03  -2.0120E-01
  > E    =  -4.052859730999E+00 +/-   2.334022387326E-03
  > varE =   5.452890258623E-01
* Computing derivatives.
  Done. [total walltime: 2.16s]
* Optimizing manipulation constant:
  #igrid a___________ E____________________________________ varE____________
     1     Infinity    -4.05285973E+00 +/-   2.33402239E-03   5.45289026E-01
     2     1.0000E+06  -4.05285591E+00 +/-   2.33404731E-03   5.45300672E-01
     3     2.1544E+05  -4.05262927E+00 +/-   2.33871897E-03   5.47485722E-01
     4     4.6416E+04  -4.00369001E+00 +/-   3.41068305E-03   1.16439263E+00
     5     1.0000E+04  -1.51949505E+00 +/-   1.74216816E-02   3.03806363E+01
     6     2.1544E+03  -3.04719579E-05 +/-   2.13110796E-02   4.54598109E+01
     7     4.6416E+02  -3.20553598E-31 +/-   2.13111403E-02   4.54600701E+01
     8     1.0000E+02   0.00000000E+00 +/-   0.00000000E+00   0.00000000E+00
     9     2.1544E+01   0.00000000E+00 +/-   0.00000000E+00   0.00000000E+00
    10     4.6416E+00   0.00000000E+00 +/-   0.00000000E+00   0.00000000E+00
    11     1.0000E+00   0.00000000E+00 +/-   0.00000000E+00   0.00000000E+00
    12     2.1544E-01   0.00000000E+00 +/-   0.00000000E+00   0.00000000E+00
    13     4.6416E-02   0.00000000E+00 +/-   0.00000000E+00   0.00000000E+00
    14     1.0000E-02   0.00000000E+00 +/-   0.00000000E+00   0.00000000E+00
    15     2.1544E-03   0.00000000E+00 +/-   0.00000000E+00   0.00000000E+00
    16     4.6416E-04   0.00000000E+00 +/-   0.00000000E+00   0.00000000E+00
    17     1.0000E-04   0.00000000E+00 +/-   0.00000000E+00   0.00000000E+00
    18     2.1544E-05   0.00000000E+00 +/-   0.00000000E+00   0.00000000E+00
    19     4.6416E-06   0.00000000E+00 +/-   0.00000000E+00   0.00000000E+00
    20     1.0000E-06   0.00000000E+00 +/-   0.00000000E+00   0.00000000E+00
    21     0.0000E+00   0.00000000E+00 +/-   0.00000000E+00   0.00000000E+00
* Iteration # 1: E =  -4.052859730999E+00 +/-   2.334022387326E-03
* Convergence: exiting.
* After optimization:
  -4.2616E+00  -4.4383E-02   7.9716E-02  -1.0188E-01  -4.7283E-01   2.1660E-01
  -1.0878E-01   3.6937E-01  -9.7217E-01  -3.8598E+00  -9.0796E-03  -1.0856E-01
  -5.5224E-01   1.9500E-01   4.0198E-01   4.6008E-01   1.9067E-01  -3.1239E-01
   1.1843E-02  -2.4634E-03  -2.0120E-01
  > Energy =  -4.052859730999E+00 +/-   2.334022387326E-03
  > varE =   5.452890258623E-01

VMC #6:
* Size of Hilbert space =   6.3504E+04
* Deterministic energy evaluation:
  > Deterministic Etot/t = -4.0551988487464357
    - Ttot/t = -7.5278157215195618
    - Utot/t = 3.4726168727731288
* Number of equil. steps   = 1000
* Running VMC equilibration.
  Done. [total walltime: 0.04s]
* Equil. acc.ratio (%)     =   7.4649
* Sample config after equilibration:
  +-------------------+
  |              d    |
  |        u          |
  |  d                |
  |                u  |
  |          d        |
  |    u              |
  |                  d|
  |            u      |
  |      d            |
  |u                  |
  +-------------------+
* Number of accum. steps   = 500480 x 10
* Running VMC accumulation.
  Done. [total walltime: 1.94s]
* Acceptance ratio (%)     =   7.4152
* Etot/t                   =  -4.054854350372E+00 +/-   1.050757833111E-03
  > Ttot/t                 =  -7.526801281286E+00 +/-   8.678681833555E-03
  > Utot/t                 =   3.471946930946E+00 +/-   8.576706110525E-03
* var[Eloc/t]              =   5.625070121312E-01 +/-   3.480322804851E-02
* Correlation length       =   9.823450449090E-01
* log10 Psi^2 range: -0.27810990353023873 -- 7.5061790021144157
* log10 Pgen range : -0.27810990353023873 -- 7.5061790021144157
* Site occupation (ave. no. electrons per config.):
  > Site_  ___eu____  ___ed____
      1        0.499      0.502
      2        0.502      0.497
      3        0.499      0.502
      4        0.500      0.500
      5        0.499      0.500
      6        0.502      0.498
      7        0.499      0.500
      8        0.501      0.499
      9        0.498      0.502
     10        0.502      0.499
* Pair-correlation analysis (ave. no. pairs per config.):
  > Shell  nsite  ___dh____  __eueu___  __eued___
      0      1        0          0          0.344
      1      4        0.332      3.263     16.433
      2      4        0.065     15.887      4.081
      3      1        0.019      0.850      4.142

Optimization #6:
* Method          : lls
* Target function : energy
* No. of configs. : 100096
* No. of params.  : 21
* Before optimization:
  -4.2616E+00  -4.4383E-02   7.9716E-02  -1.0188E-01  -4.7283E-01   2.1660E-01
  -1.0878E-01   3.6937E-01  -9.7217E-01  -3.8598E+00  -9.0796E-03  -1.0856E-01
  -5.5224E-01   1.9500E-01   4.0198E-01   4.6008E-01   1.9067E-01  -3.1239E-01
   1.1843E-02  -2.4634E-03  -2.0120E-01
  > E    =  -4.058355371172E+00 +/-   2.236758841612E-03
  > varE =   5.007893082040E-01
* Computing derivatives.
  Done. [total walltime: 2.14s]
* Optimizing manipulation constant:
  #igrid a___________ E____________________________________ varE____________
     1     Infinity    -4.05835537E+00 +/-   2.23675884E-03   5.00789308E-01
     2     1.0000E+06  -4.05835538E+00 +/-   2.23675814E-03   5.00788993E-01
     3     2.1544E+05  -4.05835543E+00 +/-   2.23675558E-03   5.00787847E-01
     4     4.6416E+04  -4.05835565E+00 +/-   2.23674370E-03   5.00782528E-01
     5     1.0000E+04  -4.05835667E+00 +/-   2.23668874E-03   5.00757918E-01
     6     2.1544E+03  -4.05836119E+00 +/-   2.23643735E-03   5.00645362E-01
     7     4.6416E+02  -4.05837872E+00 +/-   2.23534403E-03   5.00155982E-01
     8     1.0000E+02  -4.05841558E+00 +/-   2.23141406E-03   4.98398874E-01
     9     2.1544E+01  -4.05848009E+00 +/-   2.22207025E-03   4.94233628E-01
    10     4.6416E+00  -4.05847163E+00 +/-   2.21134540E-03   4.89474293E-01
    11     1.0000E+00  -1.54829743E+00 +/-   1.71240466E-02   2.93514476E+01
    12     2.1544E-01 (error)
    13     4.6416E-02 (error)
    14     1.0000E-02 (error)
    15     2.1544E-03 (error)
    16     4.6416E-04 (error)
    17     1.0000E-04 (error)
    18     2.1544E-05 (error)
    19     4.6416E-06 (error)
    20     1.0000E-06 (error)
    21     0.0000E+00 (error)
  ParMin   9.9999E+00  -4.05865232E+00 +/-   2.21551186E-03   4.91320497E-01
  # Using parabolic minimum
* Iteration # 1: E =  -4.058652322652E+00 +/-   2.215511862558E-03
* Diminishing returns: exiting.
* After optimization:
  -4.4346E+00  -2.5011E-02   9.1497E-02  -8.3160E-02  -4.7876E-01   2.1177E-01
  -1.2338E-01   3.5663E-01  -1.0505E+00  -3.9254E+00   1.1939E-01  -1.7901E-01
  -5.5411E-01   2.2076E-01   3.7234E-01   4.6303E-01   1.8410E-01  -3.4384E-01
   1.8689E-02  -3.0660E-03  -2.1127E-01
  > Energy =  -4.058652322652E+00 +/-   2.215511862558E-03
  > varE =   4.913204966236E-01

VMC #7:
* Size of Hilbert space =   6.3504E+04
* Deterministic energy evaluation:
  > Deterministic Etot/t = -4.0549667560507139
    - Ttot/t = -7.5402700537910512
    - Utot/t = 3.4853032977403315
* Number of equil. steps   = 1000
* Running VMC equilibration.
  Done. [total walltime: 0.04s]
* Equil. acc.ratio (%)     =   7.4484
* Sample config after equilibration:
  +-------------------+
  |              d    |
  |        d          |
  |  d                |
  |                u  |
  |          d        |
  |    u              |
  |                  d|
  |            u      |
  |      u            |
  |u                  |
  +-------------------+
* Number of accum. steps   = 500480 x 10
* Running VMC accumulation.
  Done. [total walltime: 1.94s]
* Acceptance ratio (%)     =   7.4523
* Etot/t                   =  -4.056121180885E+00 +/-   1.091444372460E-03
  > Ttot/t                 =  -7.556021276785E+00 +/-   8.749612418179E-03
  > Utot/t                 =   3.499900095908E+00 +/-   8.651406921036E-03
* var[Eloc/t]              =   5.851325276354E-01 +/-   3.896360564363E-02
* Correlation length       =   1.018909702199E+00
* log10 Psi^2 range: -0.91471493767358958 -- 7.3002064499417330
* log10 Pgen range : -0.91471493767358958 -- 7.3002064499417330
* Site occupation (ave. no. electrons per config.):
  > Site_  ___eu____  ___ed____
      1        0.500      0.500
      2        0.500      0.502
      3        0.501      0.498
      4        0.501      0.500
      5        0.499      0.501
      6        0.498      0.501
      7        0.502      0.497
      8        0.498      0.501
      9        0.501      0.499
     10        0.500      0.501
* Pair-correlation analysis (ave. no. pairs per config.):
  > Shell  nsite  ___dh____  __eueu___  __eued___
      0      1        0          0          0.347
      1      4        0.335      3.274     16.419
      2      4        0.066     15.872      4.094
      3      1        0.018      0.853      4.140

Optimization #7:
* Method          : lls
* Target function : energy
* No. of configs. : 100096
* No. of params.  : 21
* Before optimization:
  -4.4346E+00  -2.5011E-02   9.1497E-02  -8.3160E-02  -4.7876E-01   2.1177E-01
  -1.2338E-01   3.5663E-01  -1.0505E+00  -3.9254E+00   1.1939E-01  -1.7901E-01
  -5.5411E-01   2.2076E-01   3.7234E-01   4.6303E-01   1.8410E-01  -3.4384E-01
   1.8689E-02  -3.0660E-03  -2.1127E-01
  > E    =  -4.053163111048E+00 +/-   1.942285903114E-03
  > varE =   3.776096104985E-01
* Computing derivatives.
  Done. [total walltime: 2.16s]
* Optimizing manipulation constant:
  #igrid a___________ E____________________________________ varE____________
     1     Infinity    -4.05316311E+00 +/-   1.94228590E-03   3.77609610E-01
     2     1.0000E+06  -4.05316311E+00 +/-   1.94228232E-03   3.77608218E-01
     3     2.1544E+05  -4.05316309E+00 +/-   1.94226915E-03   3.77603098E-01
     4     4.6416E+04  -4.05316279E+00 +/-   1.94220545E-03   3.77578328E-01
     5     1.0000E+04  -4.05315709E+00 +/-   1.94185827E-03   3.77443352E-01
     6     2.1544E+03  -4.05296877E+00 +/-   1.94127469E-03   3.77216524E-01
     7     4.6416E+02  -4.01290933E+00 +/-   2.88495134E-03   8.33093427E-01
     8     1.0000E+02  -1.87698414E+00 +/-   1.61933922E-02   2.62477688E+01
     9     2.1544E+01 (error)
    10     4.6416E+00  -4.00503457E+00 +/-   2.83840466E-03   8.06427528E-01
    11     1.0000E+00  -1.34541657E-19 +/-   2.10876798E-02   4.45117144E+01
    12     2.1544E-01  -1.51849767-214 +/-   5.49485579E-85   3.02224258-164
    13     4.6416E-02   0.00000000E+00 +/-   0.00000000E+00   0.00000000E+00
    14     1.0000E-02   0.00000000E+00 +/-   0.00000000E+00   0.00000000E+00
    15     2.1544E-03   0.00000000E+00 +/-   0.00000000E+00   0.00000000E+00
    16     4.6416E-04 (error)
    17     1.0000E-04 (error)
    18     2.1544E-05 (error)
    19     4.6416E-06 (error)
    20     1.0000E-06 (error)
    21     0.0000E+00 (error)
  ParMin   3.6832E+05  -4.05316310E+00 +/-   1.94227615E-03   3.77605816E-01
  # Using grid point #3
* Iteration # 1: E =  -4.053163086392E+00 +/-   1.942269154134E-03
* Convergence: exiting.
* After optimization:
  -4.4334E+00  -2.4997E-02   9.1519E-02  -8.3139E-02  -4.7877E-01   2.1176E-01
  -1.2339E-01   3.5661E-01  -1.0498E+00  -3.9228E+00   1.1931E-01  -1.7888E-01
  -5.5374E-01   2.2062E-01   3.7211E-01   4.6306E-01   1.8410E-01  -3.4388E-01
   1.8698E-02  -3.0660E-03  -2.1129E-01
  > Energy =  -4.053163086392E+00 +/-   1.942269154134E-03
  > varE =   3.776030980189E-01

VMC #8:
* Size of Hilbert space =   6.3504E+04
* Deterministic energy evaluation:
  > Deterministic Etot/t = -4.0549666514936407
    - Ttot/t = -7.5402673797533799
    - Utot/t = 3.4853007282597410
* Number of equil. steps   = 1000
* Running VMC equilibration.
  Done. [total walltime: 0.04s]
* Equil. acc.ratio (%)     =   7.6528
* Sample config after equilibration:
  +-------------------+
  |              u    |
  |        u          |
  |  d                |
  |                u  |
  |          d        |
  |    u              |
  |                  d|
  |            u      |
  |      d            |
  |d                  |
  +-------------------+
* Number of accum. steps   = 500480 x 10
* Running VMC accumulation.
  Done. [total walltime: 1.94s]
* Acceptance ratio (%)     =   7.4404
* Etot/t                   =  -4.056983117085E+00 +/-   1.150611438362E-03
  > Ttot/t                 =  -7.543316237308E+00 +/-   8.778695681955E-03
  > Utot/t                 =   3.486333120205E+00 +/-   8.639946276072E-03
* var[Eloc/t]              =   6.628070381685E-01 +/-   2.367046372589E-02
* Correlation length       =   9.996707610146E-01
* log10 Psi^2 range: -0.66729854200349570 -- 7.3000378881371804
* log10 Pgen range : -0.66729854200349570 -- 7.3000378881371804
* Site occupation (ave. no. electrons per config.):
  > Site_  ___eu____  ___ed____
      1        0.496      0.504
      2        0.503      0.496
      3        0.495      0.504
      4        0.503      0.498
      5        0.498      0.502
      6        0.505      0.498
      7        0.496      0.502
      8        0.504      0.496
      9        0.497      0.503
     10        0.503      0.497
* Pair-correlation analysis (ave. no. pairs per config.):
  > Shell  nsite  ___dh____  __eueu___  __eued___
      0      1        0          0          0.350
      1      4        0.338      3.271     16.418
      2      4        0.066     15.876      4.092
      3      1        0.019      0.853      4.140

Optimization #8:
* Method          : lls
* Target function : energy
* No. of configs. : 100096
* No. of params.  : 21
* Before optimization:
  -4.4334E+00  -2.4997E-02   9.1519E-02  -8.3139E-02  -4.7877E-01   2.1176E-01
  -1.2339E-01   3.5661E-01  -1.0498E+00  -3.9228E+00   1.1931E-01  -1.7888E-01
  -5.5374E-01   2.2062E-01   3.7211E-01   4.6306E-01   1.8410E-01  -3.4388E-01
   1.8698E-02  -3.0660E-03  -2.1129E-01
  > E    =  -4.058912024948E+00 +/-   2.870419826878E-03
  > varE =   8.247219720117E-01
* Computing derivatives.
  Done. [total walltime: 2.15s]
* Optimizing manipulation constant:
  #igrid a___________ E____________________________________ varE____________
     1     Infinity    -4.05891202E+00 +/-   2.87041983E-03   8.24721972E-01
     2     1.0000E+06  -4.05891215E+00 +/-   2.87041599E-03   8.24719768E-01
     3     2.1544E+05  -4.05891262E+00 +/-   2.87040203E-03   8.24711743E-01
     4     4.6416E+04  -4.05891480E+00 +/-   2.87033725E-03   8.24674519E-01
     5     1.0000E+04  -4.05892487E+00 +/-   2.87003754E-03   8.24502310E-01
     6     2.1544E+03  -4.05897074E+00 +/-   2.86866742E-03   8.23715283E-01
     7     4.6416E+02  -4.05916565E+00 +/-   2.86276585E-03   8.20329592E-01
     8     1.0000E+02  -4.05972531E+00 +/-   2.84609474E-03   8.10803153E-01
     9     2.1544E+01  -3.99035172E+00 +/-   4.12885463E-03   1.70638061E+00
    10     4.6416E+00  -4.95679306E-01 +/-   2.02777642E-02   4.11582461E+01
    11     1.0000E+00  -2.21583320E-09 +/-   2.11293333E-02   4.46877316E+01
    12     2.1544E-01  -8.18681171E-55 +/-   4.04439241E-05   1.63728128E-04
    13     4.6416E-02   0.00000000E+00 +/-   0.00000000E+00   0.00000000E+00
    14     1.0000E-02   0.00000000E+00 +/-   0.00000000E+00   0.00000000E+00
    15     2.1544E-03   0.00000000E+00 +/-   0.00000000E+00   0.00000000E+00
    16     4.6416E-04   0.00000000E+00 +/-   0.00000000E+00   0.00000000E+00
    17     1.0000E-04   0.00000000E+00 +/-   0.00000000E+00   0.00000000E+00
    18     2.1544E-05   0.00000000E+00 +/-   0.00000000E+00   0.00000000E+00
    19     4.6416E-06   0.00000000E+00 +/-   0.00000000E+00   0.00000000E+00
    20     1.0000E-06   0.00000000E+00 +/-   0.00000000E+00   0.00000000E+00
    21     0.0000E+00   0.00000000E+00 +/-   0.00000000E+00   0.00000000E+00
  ParMin   2.1273E+02  -4.05940841E+00 +/-   2.85533322E-03   8.16075458E-01
  # Using grid point #8
* Iteration # 1: E =  -4.059725313326E+00 +/-   2.846094742634E-03
* Computing derivatives.
  Done. [total walltime: 2.15s]
* Optimizing manipulation constant:
  #igrid a___________ E____________________________________ varE____________
     1     Infinity    -4.05972531E+00 +/-   2.84609474E-03   8.10803153E-01
     2     1.0000E+06  -4.05972537E+00 +/-   2.84609356E-03   8.10802482E-01
     3     2.1544E+05  -4.05972556E+00 +/-   2.84608928E-03   8.10800039E-01
     4     4.6416E+04  -4.05972645E+00 +/-   2.84606943E-03   8.10788731E-01
     5     1.0000E+04  -4.05973059E+00 +/-   2.84597846E-03   8.10736900E-01
     6     2.1544E+03  -4.05974931E+00 +/-   2.84558051E-03   8.10510187E-01
     7     4.6416E+02  -4.05982687E+00 +/-   2.84421973E-03   8.09735186E-01
     8     1.0000E+02  -4.05993183E+00 +/-   2.84754732E-03   8.11630990E-01
     9     2.1544E+01  -4.05141426E+00 +/-   3.06724452E-03   9.41702060E-01
    10     4.6416E+00  -3.99222475E+00 +/-   4.14289888E-03   1.71800882E+00
    11     1.0000E+00  -3.94165635E+00 +/-   4.84580904E-03   2.35044078E+00
    12     2.1544E-01  -3.92925439E+00 +/-   4.99501860E-03   2.49741630E+00
    13     4.6416E-02  -3.92712002E+00 +/-   5.01857964E-03   2.52103203E+00
    14     1.0000E-02  -3.92671633E+00 +/-   5.02284178E-03   2.52531593E+00
    15     2.1544E-03  -3.92663258E+00 +/-   5.02371405E-03   2.52619311E+00
    16     4.6416E-04  -3.92661469E+00 +/-   5.02389975E-03   2.52637986E+00
    17     1.0000E-04  -3.92661084E+00 +/-   5.02393965E-03   2.52641999E+00
    18     2.1544E-05  -3.92661002E+00 +/-   5.02394824E-03   2.52642864E+00
    19     4.6416E-06  -3.92660984E+00 +/-   5.02395009E-03   2.52643050E+00
    20     1.0000E-06  -3.92660980E+00 +/-   5.02395049E-03   2.52643090E+00
    21     0.0000E+00  -3.92660979E+00 +/-   5.02395060E-03   2.52643101E+00
  ParMin   2.1208E+02  -4.05991369E+00 +/-   2.84355553E-03   8.09357045E-01
  # Using grid point #8
* Iteration # 2: E =  -4.059931833843E+00 +/-   2.847547315515E-03
* Diminishing returns: exiting.
* After optimization:
  -4.2298E+00  -9.6360E-02  -2.4106E-03  -1.6831E-01  -4.5807E-01   2.2579E-01
  -5.1813E-02   4.2001E-01  -1.3915E+00  -4.5995E+00   8.5682E-02  -2.6360E-01
  -5.9422E-01   2.5402E-01   2.9837E-01   3.8518E-01   1.6465E-01  -2.0195E-01
  -1.2924E-02  -3.1256E-03  -1.4226E-01
  > Energy =  -4.059931833843E+00 +/-   2.847547315515E-03
  > varE =   8.116309898779E-01

VMC #9:
* Size of Hilbert space =   6.3504E+04
* Deterministic energy evaluation:
  > Deterministic Etot/t = -4.0548459300834221
    - Ttot/t = -7.4855811145852611
    - Utot/t = 3.4307351845018492
* Number of equil. steps   = 1000
* Running VMC equilibration.
  Done. [total walltime: 0.04s]
* Equil. acc.ratio (%)     =   7.3491
* Sample config after equilibration:
  +-------------------+
  |              d    |
  |        d          |
  |  u                |
  |                u  |
  |          u        |
  |    d              |
  |                  u|
  |            d      |
  |      d            |
  |u                  |
  +-------------------+
* Number of accum. steps   = 500480 x 10
* Running VMC accumulation.
  Done. [total walltime: 1.95s]
* Acceptance ratio (%)     =   7.2956
* Etot/t                   =  -4.055971788200E+00 +/-   1.107925598941E-03
  > Ttot/t                 =  -7.490894262656E+00 +/-   8.575097223452E-03
  > Utot/t                 =   3.434922474425E+00 +/-   8.405016224864E-03
* var[Eloc/t]              =   6.132704015622E-01 +/-   5.017967033499E-02
* Correlation length       =   1.001742077251E+00
* log10 Psi^2 range: 0.73865107786616271E-001 -- 8.0742893026493565
* log10 Pgen range : 0.73865107786616271E-001 -- 8.0742893026493565
* Site occupation (ave. no. electrons per config.):
  > Site_  ___eu____  ___ed____
      1        0.500      0.501
      2        0.499      0.499
      3        0.502      0.500
      4        0.500      0.500
      5        0.500      0.500
      6        0.500      0.500
      7        0.500      0.500
      8        0.499      0.500
      9        0.502      0.498
     10        0.498      0.501
* Pair-correlation analysis (ave. no. pairs per config.):
  > Shell  nsite  ___dh____  __eueu___  __eued___
      0      1        0          0          0.343
      1      4        0.332      3.244     16.451
      2      4        0.063     15.910      4.059
      3      1        0.018      0.846      4.147

Optimization #9:
* Method          : lls
* Target function : energy
* No. of configs. : 100096
* No. of params.  : 21
* Before optimization:
  -4.2298E+00  -9.6360E-02  -2.4106E-03  -1.6831E-01  -4.5807E-01   2.2579E-01
  -5.1813E-02   4.2001E-01  -1.3915E+00  -4.5995E+00   8.5682E-02  -2.6360E-01
  -5.9422E-01   2.5402E-01   2.9837E-01   3.8518E-01   1.6465E-01  -2.0195E-01
  -1.2924E-02  -3.1256E-03  -1.4226E-01
  > E    =  -4.051767601566E+00 +/-   2.465519814714E-03
  > varE =   6.084623593187E-01
* Computing derivatives.
  Done. [total walltime: 2.15s]
* Optimizing manipulation constant:
  #igrid a___________ E____________________________________ varE____________
     1     Infinity    -4.05176760E+00 +/-   2.46551981E-03   6.08462359E-01
     2     1.0000E+06  -4.05171648E+00 +/-   2.46679143E-03   6.09090161E-01
     3     2.1544E+05  -4.04923768E+00 +/-   2.52882582E-03   6.40109920E-01
     4     4.6416E+04  -2.97438000E+00 +/-   1.17793483E-02   1.38886249E+01
     5     1.0000E+04 (error)
     6     2.1544E+03 (error)
     7     4.6416E+02 (error)
     8     1.0000E+02 (error)
     9     2.1544E+01 (error)
    10     4.6416E+00 (error)
    11     1.0000E+00 (error)
    12     2.1544E-01   0.00000000E+00 +/-   0.00000000E+00   0.00000000E+00
    13     4.6416E-02 (error)
    14     1.0000E-02 (error)
    15     2.1544E-03 (error)
    16     4.6416E-04 (error)
    17     1.0000E-04 (error)
    18     2.1544E-05 (error)
    19     4.6416E-06 (error)
    20     1.0000E-06 (error)
    21     0.0000E+00 (error)
* Iteration # 1: E =  -4.051767601566E+00 +/-   2.465519814714E-03
* Convergence: exiting.
* After optimization:
  -4.2298E+00  -9.6360E-02  -2.4106E-03  -1.6831E-01  -4.5807E-01   2.2579E-01
  -5.1813E-02   4.2001E-01  -1.3915E+00  -4.5995E+00   8.5682E-02  -2.6360E-01
  -5.9422E-01   2.5402E-01   2.9837E-01   3.8518E-01   1.6465E-01  -2.0195E-01
  -1.2924E-02  -3.1256E-03  -1.4226E-01
  > Energy =  -4.051767601566E+00 +/-   2.465519814714E-03
  > varE =   6.084623593187E-01

VMC #10:
* Size of Hilbert space =   6.3504E+04
* Deterministic energy evaluation:
  > Deterministic Etot/t = -4.0548459300834221
    - Ttot/t = -7.4855811145852611
    - Utot/t = 3.4307351845018492
* Number of equil. steps   = 1000
* Running VMC equilibration.
  Done. [total walltime: 0.04s]
* Equil. acc.ratio (%)     =   7.3734
* Sample config after equilibration:
  +-------------------+
  |              u    |
  |        d          |
  |  u                |
  |                d  |
  |          u        |
  |    d              |
  |                  u|
  |            d      |
  |      u            |
  |d                  |
  +-------------------+
* Number of accum. steps   = 500480 x 10
* Running VMC accumulation.
  Done. [total walltime: 1.95s]
* Acceptance ratio (%)     =   7.3086
* Etot/t                   =  -4.056379694371E+00 +/-   1.123877065526E-03
  > Ttot/t                 =  -7.484748460387E+00 +/-   8.740479435004E-03
  > Utot/t                 =   3.428368765985E+00 +/-   8.575582376231E-03
* var[Eloc/t]              =   6.325138810756E-01 +/-   3.012479024986E-02
* Correlation length       =   9.994343775800E-01
* log10 Psi^2 range: 0.73865107786951087E-001 -- 8.0742893026493316
* log10 Pgen range : 0.73865107786951087E-001 -- 8.0742893026493316
* Site occupation (ave. no. electrons per config.):
  > Site_  ___eu____  ___ed____
      1        0.497      0.503
      2        0.504      0.496
      3        0.497      0.503
      4        0.504      0.498
      5        0.495      0.504
      6        0.504      0.497
      7        0.496      0.503
      8        0.505      0.495
      9        0.497      0.503
     10        0.502      0.498
* Pair-correlation analysis (ave. no. pairs per config.):
  > Shell  nsite  ___dh____  __eueu___  __eued___
      0      1        0          0          0.342
      1      4        0.330      3.252     16.445
      2      4        0.063     15.901      4.067
      3      1        0.018      0.847      4.147

Optimization #10:
* Method          : lls
* Target function : energy
* No. of configs. : 100096
* No. of params.  : 21
* Before optimization:
  -4.2298E+00  -9.6360E-02  -2.4106E-03  -1.6831E-01  -4.5807E-01   2.2579E-01
  -5.1813E-02   4.2001E-01  -1.3915E+00  -4.5995E+00   8.5682E-02  -2.6360E-01
  -5.9422E-01   2.5402E-01   2.9837E-01   3.8518E-01   1.6465E-01  -2.0195E-01
  -1.2924E-02  -3.1256E-03  -1.4226E-01
  > E    =  -4.055246922964E+00 +/-   2.601671151847E-03
  > varE =   6.775190727422E-01
* Computing derivatives.
  Done. [total walltime: 2.14s]
* Optimizing manipulation constant:
  #igrid a___________ E____________________________________ varE____________
     1     Infinity    -4.05524692E+00 +/-   2.60167115E-03   6.77519073E-01
     2     1.0000E+06  -4.05524700E+00 +/-   2.60166936E-03   6.77518138E-01
     3     2.1544E+05  -4.05524726E+00 +/-   2.60166282E-03   6.77514732E-01
     4     4.6416E+04  -4.05524850E+00 +/-   2.60163249E-03   6.77498935E-01
     5     1.0000E+04  -4.05525422E+00 +/-   2.60149201E-03   6.77425775E-01
     6     2.1544E+03  -4.05528065E+00 +/-   2.60084677E-03   6.77089774E-01
     7     4.6416E+02  -4.05540036E+00 +/-   2.59799668E-03   6.75606635E-01
     8     1.0000E+02  -4.05587645E+00 +/-   2.58798442E-03   6.70409313E-01
     9     2.1544E+01  -4.05603290E+00 +/-   2.60703876E-03   6.80317586E-01
    10     4.6416E+00  -4.04762325E+00 +/-   2.92322224E-03   8.55343166E-01
    11     1.0000E+00  -4.03544100E+00 +/-   3.31918140E-03   1.10275415E+00
    12     2.1544E-01  -4.02990149E+00 +/-   3.49004541E-03   1.21921102E+00
    13     4.6416E-02  -4.02822572E+00 +/-   3.54073618E-03   1.25488480E+00
    14     1.0000E-02  -4.02781484E+00 +/-   3.55300206E-03   1.26359425E+00
    15     2.1544E-03  -4.02772327E+00 +/-   3.55572448E-03   1.26553140E+00
    16     4.6416E-04  -4.02770338E+00 +/-   3.55631494E-03   1.26595174E+00
    17     1.0000E-04  -4.02769909E+00 +/-   3.55644233E-03   1.26604244E+00
    18     2.1544E-05  -4.02769817E+00 +/-   3.55646979E-03   1.26606199E+00
    19     4.6416E-06  -4.02769797E+00 +/-   3.55647570E-03   1.26606620E+00
    20     1.0000E-06  -4.02769793E+00 +/-   3.55647698E-03   1.26606711E+00
    21     0.0000E+00  -4.02769791E+00 +/-   3.55647733E-03   1.26606736E+00
  ParMin   4.5674E+01  -4.05628108E+00 +/-   2.58346774E-03   6.68071291E-01
  # Using parabolic minimum
* Iteration # 1: E =  -4.056281076224E+00 +/-   2.583467743248E-03
* Computing derivatives.
  Done. [total walltime: 2.14s]
* Optimizing manipulation constant:
  #igrid a___________ E____________________________________ varE____________
     1     Infinity    -4.05628108E+00 +/-   2.58346774E-03   6.68071291E-01
     2     1.0000E+06  -4.05628110E+00 +/-   2.58346691E-03   6.68070858E-01
     3     2.1544E+05  -4.05628120E+00 +/-   2.58346386E-03   6.68069282E-01
     4     4.6416E+04  -4.05628166E+00 +/-   2.58344974E-03   6.68061981E-01
     5     1.0000E+04  -4.05628379E+00 +/-   2.58338480E-03   6.68028395E-01
     6     2.1544E+03  -4.05629340E+00 +/-   2.58309586E-03   6.67878970E-01
     7     4.6416E+02  -4.05633234E+00 +/-   2.58200373E-03   6.67314335E-01
     8     1.0000E+02  -4.05641147E+00 +/-   2.58106251E-03   6.66827908E-01
     9     2.1544E+01  -4.05510103E+00 +/-   2.62394174E-03   6.89167990E-01
    10     4.6416E+00  -4.04512065E+00 +/-   2.86926647E-03   8.24059345E-01
    11     1.0000E+00  -4.03437254E+00 +/-   3.10838419E-03   9.67132784E-01
    12     2.1544E-01  -4.03207709E+00 +/-   3.17055624E-03   1.00620772E+00
    13     4.6416E-02  -4.03224448E+00 +/-   3.17538903E-03   1.00927752E+00
    14     1.0000E-02  -4.03236409E+00 +/-   3.17527554E-03   1.00920539E+00
    15     2.1544E-03  -4.03239495E+00 +/-   3.17517993E-03   1.00914461E+00
    16     4.6416E-04  -4.03240185E+00 +/-   3.17515581E-03   1.00912928E+00
    17     1.0000E-04  -4.03240335E+00 +/-   3.17515045E-03   1.00912587E+00
    18     2.1544E-05  -4.03240367E+00 +/-   3.17514928E-03   1.00912513E+00
    19     4.6416E-06  -4.03240374E+00 +/-   3.17514903E-03   1.00912497E+00
    20     1.0000E-06  -4.03240375E+00 +/-   3.17514898E-03   1.00912493E+00
    21     0.0000E+00  -4.03240376E+00 +/-   3.17514896E-03   1.00912492E+00
  ParMin   1.9834E+02  -4.05637985E+00 +/-   2.58095157E-03   6.66770584E-01
  # Using grid point #8
* Iteration # 2: E =  -4.056411474247E+00 +/-   2.581062508124E-03
* Diminishing returns: exiting.
* After optimization:
  -4.2910E+00  -9.7612E-02   5.8329E-02  -1.3768E-01  -4.8311E-01   2.2162E-01
  -1.0262E-01   3.8996E-01  -1.0481E+00  -4.4944E+00   6.3457E-02   8.3124E-02
  -5.8561E-01   1.6423E-01   4.6276E-01   4.9306E-01   1.4260E-01  -3.8050E-01
   2.9534E-02  -2.6665E-03  -2.1263E-01
  > Energy =  -4.056411474247E+00 +/-   2.581062508124E-03
  > varE =   6.668279079168E-01

VMC #11:
* Size of Hilbert space =   6.3504E+04
* Deterministic energy evaluation:
  > Deterministic Etot/t = -4.0552351852362012
    - Ttot/t = -7.5178338213916316
    - Utot/t = 3.4625986361554366
* Number of equil. steps   = 1000
* Running VMC equilibration.
  Done. [total walltime: 0.04s]
* Equil. acc.ratio (%)     =   7.4423
* Sample config after equilibration:
  +-------------------+
  |              2    |
  |        u          |
  |  2                |
  |                u  |
  |          d        |
  |    u              |
  |                  d|
  |            0      |
  |      d            |
  |0                  |
  +-------------------+
* Number of accum. steps   = 500480 x 10
* Running VMC accumulation.
  Done. [total walltime: 1.94s]
* Acceptance ratio (%)     =   7.3648
* Etot/t                   =  -4.056027462926E+00 +/-   1.118392019667E-03
  > Ttot/t                 =  -7.510690985934E+00 +/-   8.679414470067E-03
  > Utot/t                 =   3.454663523018E+00 +/-   8.570241805379E-03
* var[Eloc/t]              =   6.278664335684E-01 +/-   2.820935329409E-02
* Correlation length       =   9.970285170538E-01
* log10 Psi^2 range: 0.24285359579581092 -- 7.9831527237586899
* log10 Pgen range : 0.24285359579581092 -- 7.9831527237586899
* Site occupation (ave. no. electrons per config.):
  > Site_  ___eu____  ___ed____
      1        0.504      0.497
      2        0.496      0.504
      3        0.505      0.493
      4        0.497      0.504
      5        0.505      0.495
      6        0.496      0.506
      7        0.505      0.496
      8        0.493      0.506
      9        0.505      0.495
     10        0.495      0.504
* Pair-correlation analysis (ave. no. pairs per config.):
  > Shell  nsite  ___dh____  __eueu___  __eued___
      0      1        0          0          0.347
      1      4        0.334      3.234     16.460
      2      4        0.065     15.920      4.047
      3      1        0.019      0.846      4.147

Optimization #11:
* Method          : lls
* Target function : energy
* No. of configs. : 100096
* No. of params.  : 21
* Before optimization:
  -4.2910E+00  -9.7612E-02   5.8329E-02  -1.3768E-01  -4.8311E-01   2.2162E-01
  -1.0262E-01   3.8996E-01  -1.0481E+00  -4.4944E+00   6.3457E-02   8.3124E-02
  -5.8561E-01   1.6423E-01   4.6276E-01   4.9306E-01   1.4260E-01  -3.8050E-01
   2.9534E-02  -2.6665E-03  -2.1263E-01
  > E    =  -4.052225307078E+00 +/-   2.297022179034E-03
  > varE =   5.281376149428E-01
* Computing derivatives.
  Done. [total walltime: 2.17s]
* Optimizing manipulation constant:
  #igrid a___________ E____________________________________ varE____________
     1     Infinity    -4.05222531E+00 +/-   2.29702218E-03   5.28137615E-01
     2     1.0000E+06  -4.05222532E+00 +/-   2.29702073E-03   5.28136949E-01
     3     2.1544E+05  -4.05222536E+00 +/-   2.29701533E-03   5.28134467E-01
     4     4.6416E+04  -4.05222531E+00 +/-   2.29698777E-03   5.28121792E-01
     5     1.0000E+04  -4.05222026E+00 +/-   2.29681150E-03   5.28040740E-01
     6     2.1544E+03  -4.05197239E+00 +/-   2.29810133E-03   5.28633973E-01
     7     4.6416E+02  -3.97016404E+00 +/-   3.88831156E-03   1.51334810E+00
     8     1.0000E+02   2.29042091E+01 +/-   3.79077302E-02   1.43837553E+02
     9     2.1544E+01 (error)
    10     4.6416E+00 (error)
    11     1.0000E+00 (error)
    12     2.1544E-01 (error)
    13     4.6416E-02 (error)
    14     1.0000E-02 (error)
    15     2.1544E-03 (error)
    16     4.6416E-04 (error)
    17     1.0000E-04 (error)
    18     2.1544E-05 (error)
    19     4.6416E-06 (error)
    20     1.0000E-06 (error)
    21     0.0000E+00 (error)
  ParMin   9.8641E+04  -4.05222538E+00 +/-   2.29700682E-03   5.28130554E-01
  # Using parabolic minimum
* Iteration # 1: E =  -4.052225381536E+00 +/-   2.297006823484E-03
* Convergence: exiting.
* After optimization:
  -4.2878E+00  -9.7603E-02   5.8333E-02  -1.3767E-01  -4.8311E-01   2.2163E-01
  -1.0263E-01   3.8996E-01  -1.0464E+00  -4.4870E+00   6.3353E-02   8.2931E-02
  -5.8465E-01   1.6398E-01   4.6199E-01   4.9307E-01   1.4261E-01  -3.8051E-01
   2.9536E-02  -2.6668E-03  -2.1263E-01
  > Energy =  -4.052225381536E+00 +/-   2.297006823484E-03
  > varE =   5.281305537863E-01

VMC #12:
* Size of Hilbert space =   6.3504E+04
* Deterministic energy evaluation:
  > Deterministic Etot/t = -4.0552352397520384
    - Ttot/t = -7.5178189618552018
    - Utot/t = 3.4625837221031590
* Number of equil. steps   = 1000
* Running VMC equilibration.
  Done. [total walltime: 0.04s]
* Equil. acc.ratio (%)     =   7.5709
* Sample config after equilibration:
  +-------------------+
  |              d    |
  |        2          |
  |  u                |
  |                u  |
  |          d        |
  |    2              |
  |                  u|
  |            d      |
  |      0            |
  |0                  |
  +-------------------+
* Number of accum. steps   = 500480 x 10
* Running VMC accumulation.
  Done. [total walltime: 1.95s]
* Acceptance ratio (%)     =   7.3736
* Etot/t                   =  -4.054420041135E+00 +/-   1.054909462131E-03
  > Ttot/t                 =  -7.522171000237E+00 +/-   8.863607503871E-03
  > Utot/t                 =   3.467750959079E+00 +/-   8.745820386460E-03
* var[Eloc/t]              =   5.636693240824E-01 +/-   4.508577037703E-02
* Correlation length       =   9.880813504632E-01
* log10 Psi^2 range: 0.58936862089037489 -- 7.9831570139255827
* log10 Pgen range : 0.58936862089037489 -- 7.9831570139255827
* Site occupation (ave. no. electrons per config.):
  > Site_  ___eu____  ___ed____
      1        0.501      0.500
      2        0.499      0.500
      3        0.499      0.500
      4        0.499      0.500
      5        0.500      0.500
      6        0.500      0.500
      7        0.501      0.499
      8        0.499      0.500
      9        0.503      0.499
     10        0.499      0.500
* Pair-correlation analysis (ave. no. pairs per config.):
  > Shell  nsite  ___dh____  __eueu___  __eued___
      0      1        0          0          0.347
      1      4        0.335      3.246     16.445
      2      4        0.064     15.907      4.061
      3      1        0.019      0.846      4.147

Optimization #12:
* Method          : lls
* Target function : energy
* No. of configs. : 100096
* No. of params.  : 21
* Before optimization:
  -4.2878E+00  -9.7603E-02   5.8333E-02  -1.3767E-01  -4.8311E-01   2.2163E-01
  -1.0263E-01   3.8996E-01  -1.0464E+00  -4.4870E+00   6.3353E-02   8.2931E-02
  -5.8465E-01   1.6398E-01   4.6199E-01   4.9307E-01   1.4261E-01  -3.8051E-01
   2.9536E-02  -2.6668E-03  -2.1263E-01
  > E    =  -4.054813416467E+00 +/-   2.265866085832E-03
  > varE =   5.139077902077E-01
* Computing derivatives.
  Done. [total walltime: 2.17s]
* Optimizing manipulation constant:
  #igrid a___________ E____________________________________ varE____________
     1     Infinity    -4.05481342E+00 +/-   2.26586609E-03   5.13907790E-01
     2     1.0000E+06  -4.05481343E+00 +/-   2.26586523E-03   5.13907400E-01
     3     2.1544E+05  -4.05481347E+00 +/-   2.26586210E-03   5.13905981E-01
     4     4.6416E+04  -4.05481367E+00 +/-   2.26584758E-03   5.13899397E-01
     5     1.0000E+04  -4.05481461E+00 +/-   2.26578034E-03   5.13868898E-01
     6     2.1544E+03  -4.05481887E+00 +/-   2.26547116E-03   5.13728665E-01
     7     4.6416E+02  -4.05483725E+00 +/-   2.26409609E-03   5.13105221E-01
     8     1.0000E+02  -4.05489848E+00 +/-   2.25878903E-03   5.10702594E-01
     9     2.1544E+01  -4.05495843E+00 +/-   2.24621889E-03   5.05034300E-01
    10     4.6416E+00  -4.05475539E+00 +/-   2.23699396E-03   5.00894595E-01
    11     1.0000E+00  -4.05444669E+00 +/-   2.23850835E-03   5.01573012E-01
    12     2.1544E-01  -4.05430310E+00 +/-   2.24107948E-03   5.02725878E-01
    13     4.6416E-02  -4.05426456E+00 +/-   2.24194843E-03   5.03115806E-01
    14     1.0000E-02  -4.05425586E+00 +/-   2.24215556E-03   5.03208772E-01
    15     2.1544E-03  -4.05425396E+00 +/-   2.24220116E-03   5.03229240E-01
    16     4.6416E-04  -4.05425355E+00 +/-   2.24221103E-03   5.03233671E-01
    17     1.0000E-04  -4.05425346E+00 +/-   2.24221316E-03   5.03234626E-01
    18     2.1544E-05  -4.05425345E+00 +/-   2.24221362E-03   5.03234832E-01
    19     4.6416E-06  -4.05425344E+00 +/-   2.24221371E-03   5.03234876E-01
    20     1.0000E-06  -4.05425344E+00 +/-   2.24221374E-03   5.03234886E-01
    21     0.0000E+00  -4.05425344E+00 +/-   2.24221374E-03   5.03234888E-01
  ParMin   2.6804E+01  -4.05496010E+00 +/-   2.24825603E-03   5.05950767E-01
  # Using grid point #9
* Iteration # 1: E =  -4.054958434713E+00 +/-   2.246218893620E-03
* Diminishing returns: exiting.
* After optimization:
  -4.3339E+00  -7.2813E-02   8.2670E-02  -1.0801E-01  -4.8485E-01   2.1846E-01
  -1.1875E-01   3.7295E-01  -9.6610E-01  -4.2713E+00   8.0206E-02   1.3203E-02
  -6.1164E-01   1.8931E-01   4.8691E-01   4.8722E-01   1.6338E-01  -3.8257E-01
   3.4423E-02  -1.0829E-03  -2.3103E-01
  > Energy =  -4.054958434713E+00 +/-   2.246218893620E-03
  > varE =   5.050342997403E-01

VMC #13:
* Size of Hilbert space =   6.3504E+04
* Deterministic energy evaluation:
  > Deterministic Etot/t = -4.0552291373317146
    - Ttot/t = -7.5147164063165865
    - Utot/t = 3.4594872689848657
* Number of equil. steps   = 1000
* Running VMC equilibration.
  Done. [total walltime: 0.04s]
* Equil. acc.ratio (%)     =   7.5423
* Sample config after equilibration:
  +-------------------+
  |              u    |
  |        d          |
  |  u                |
  |                u  |
  |          u        |
  |    d              |
  |                  d|
  |            d      |
  |      u            |
  |d                  |
  +-------------------+
* Number of accum. steps   = 500480 x 10
* Running VMC accumulation.
  Done. [total walltime: 1.95s]
* Acceptance ratio (%)     =   7.3580
* Etot/t                   =  -4.055877055218E+00 +/-   1.044906086337E-03
  > Ttot/t                 =  -7.504206658802E+00 +/-   8.783845966001E-03
  > Utot/t                 =   3.448329603581E+00 +/-   8.668567178075E-03
* var[Eloc/t]              =   5.462617106180E-01 +/-   3.363638812885E-02
* Correlation length       =   1.000323529547E+00
* log10 Psi^2 range: -0.14542944590016860 -- 7.7793232620405721
* log10 Pgen range : -0.14542944590016860 -- 7.7793232620405721
* Site occupation (ave. no. electrons per config.):
  > Site_  ___eu____  ___ed____
      1        0.498      0.502
      2        0.502      0.498
      3        0.499      0.501
      4        0.501      0.498
      5        0.499      0.501
      6        0.501      0.499
      7        0.499      0.501
      8        0.502      0.499
      9        0.498      0.502
     10        0.502      0.498
* Pair-correlation analysis (ave. no. pairs per config.):
  > Shell  nsite  ___dh____  __eueu___  __eued___
      0      1        0          0          0.346
      1      4        0.335      3.226     16.465
      2      4        0.063     15.931      4.038
      3      1        0.018      0.843      4.150

Optimization #13:
* Method          : lls
* Target function : energy
* No. of configs. : 100096
* No. of params.  : 21
* Before optimization:
  -4.3339E+00  -7.2813E-02   8.2670E-02  -1.0801E-01  -4.8485E-01   2.1846E-01
  -1.1875E-01   3.7295E-01  -9.6610E-01  -4.2713E+00   8.0206E-02   1.3203E-02
  -6.1164E-01   1.8931E-01   4.8691E-01   4.8722E-01   1.6338E-01  -3.8257E-01
   3.4423E-02  -1.0829E-03  -2.3103E-01
  > E    =  -4.055679815071E+00 +/-   2.473809587654E-03
  > varE =   6.125608820489E-01
* Computing derivatives.
  Done. [total walltime: 2.15s]
* Optimizing manipulation constant:
  #igrid a___________ E____________________________________ varE____________
     1     Infinity    -4.05567982E+00 +/-   2.47380959E-03   6.12560882E-01
     2     1.0000E+06  -4.05567983E+00 +/-   2.47380923E-03   6.12560705E-01
     3     2.1544E+05  -4.05567988E+00 +/-   2.47380793E-03   6.12560060E-01
     4     4.6416E+04  -4.05568012E+00 +/-   2.47380189E-03   6.12557071E-01
     5     1.0000E+04  -4.05568122E+00 +/-   2.47377412E-03   6.12543317E-01
     6     2.1544E+03  -4.05568617E+00 +/-   2.47365022E-03   6.12481960E-01
     7     4.6416E+02  -4.05570565E+00 +/-   2.47317589E-03   6.12247091E-01
     8     1.0000E+02  -4.05573882E+00 +/-   2.47261268E-03   6.11968270E-01
     9     2.1544E+01  -4.05538299E+00 +/-   2.48387262E-03   6.17554603E-01
    10     4.6416E+00  -4.05315871E+00 +/-   2.54416162E-03   6.47897221E-01
    11     1.0000E+00  -4.03135075E+00 +/-   3.00407437E-03   9.03312631E-01
    12     2.1544E-01  -3.11034934E+00 +/-   1.10809642E-02   1.22905645E+01
    13     4.6416E-02  -6.52601854E-02 +/-   2.12543734E-02   4.52182066E+01
    14     1.0000E-02  -3.09672358E-08 +/-   2.13996164E-02   4.58383206E+01
    15     2.1544E-03  -3.15216718E-16 +/-   2.14008706E-02   4.58436940E+01
    16     4.6416E-04  -7.12870306E-20 +/-   2.14011421E-02   4.58448574E+01
    17     1.0000E-04  -7.63360375E-21 +/-   2.14011781E-02   4.58450113E+01
    18     2.1544E-05  -4.60503254E-21 +/-   2.14011840E-02   4.58450365E+01
    19     4.6416E-06  -4.12511267E-21 +/-   2.14011851E-02   4.58450415E+01
    20     1.0000E-06  -4.02823213E-21 +/-   2.14011854E-02   4.58450426E+01
    21     0.0000E+00  -4.00201504E-21 +/-   2.14011854E-02   4.58450429E+01
  ParMin   1.8993E+02  -4.05572867E+00 +/-   2.47267315E-03   6.11998207E-01
  # Using grid point #8
* Iteration # 1: E =  -4.055738820483E+00 +/-   2.472612675708E-03
* Diminishing returns: exiting.
* After optimization:
  -4.3216E+00  -8.2295E-02   6.2421E-02  -1.2147E-01  -4.7927E-01   2.2085E-01
  -1.0391E-01   3.8385E-01  -1.0585E+00  -4.3889E+00   9.9397E-02  -3.4095E-02
  -6.1548E-01   2.0311E-01   4.5143E-01   4.5915E-01   1.5890E-01  -3.3701E-01
   2.3056E-02  -6.2437E-04  -2.0756E-01
  > Energy =  -4.055738820483E+00 +/-   2.472612675708E-03
  > varE =   6.119682704976E-01

VMC #14:
* Size of Hilbert space =   6.3504E+04
* Deterministic energy evaluation:
  > Deterministic Etot/t = -4.0552626161868099
    - Ttot/t = -7.5139431760474498
    - Utot/t = 3.4586805598606354
* Number of equil. steps   = 1000
* Running VMC equilibration.
  Done. [total walltime: 0.04s]
* Equil. acc.ratio (%)     =   7.4433
* Sample config after equilibration:
  +-------------------+
  |              u    |
  |        d          |
  |  u                |
  |                d  |
  |          u        |
  |    d              |
  |                  u|
  |            d      |
  |      u            |
  |d                  |
  +-------------------+
* Number of accum. steps   = 500480 x 10
* Running VMC accumulation.
  Done. [total walltime: 1.95s]
* Acceptance ratio (%)     =   7.3696
* Etot/t                   =  -4.054506906923E+00 +/-   1.129399061347E-03
  > Ttot/t                 =  -7.506313172916E+00 +/-   8.580455868418E-03
  > Utot/t                 =   3.451806265985E+00 +/-   8.470991740175E-03
* var[Eloc/t]              =   6.446302152727E-01 +/-   4.599323305184E-02
* Correlation length       =   9.903094286238E-01
* log10 Psi^2 range: -0.48068834421774981 -- 7.8419888895024439
* log10 Pgen range : -0.48068834421774981 -- 7.8419888895024439
* Site occupation (ave. no. electrons per config.):
  > Site_  ___eu____  ___ed____
      1        0.499      0.501
      2        0.503      0.497
      3        0.498      0.502
      4        0.503      0.496
      5        0.497      0.504
      6        0.502      0.498
      7        0.499      0.503
      8        0.502      0.497
      9        0.497      0.503
     10        0.501      0.498
* Pair-correlation analysis (ave. no. pairs per config.):
  > Shell  nsite  ___dh____  __eueu___  __eued___
      0      1        0          0          0.345
      1      4        0.332      3.239     16.456
      2      4        0.065     15.917      4.050
      3      1        0.019      0.844      4.149

Optimization #14:
* Method          : lls
* Target function : energy
* No. of configs. : 100096
* No. of params.  : 21
* Before optimization:
  -4.3216E+00  -8.2295E-02   6.2421E-02  -1.2147E-01  -4.7927E-01   2.2085E-01
  -1.0391E-01   3.8385E-01  -1.0585E+00  -4.3889E+00   9.9397E-02  -3.4095E-02
  -6.1548E-01   2.0311E-01   4.5143E-01   4.5915E-01   1.5890E-01  -3.3701E-01
   2.3056E-02  -6.2437E-04  -2.0756E-01
  > E    =  -4.055744727643E+00 +/-   2.558626103161E-03
  > varE =   6.552852240611E-01
* Computing derivatives.
  Done. [total walltime: 2.17s]
* Optimizing manipulation constant:
  #igrid a___________ E____________________________________ varE____________
     1     Infinity    -4.05574473E+00 +/-   2.55862610E-03   6.55285224E-01
     2     1.0000E+06  -4.05574475E+00 +/-   2.55862632E-03   6.55285335E-01
     3     2.1544E+05  -4.05574481E+00 +/-   2.55862714E-03   6.55285754E-01
     4     4.6416E+04  -4.05574497E+00 +/-   2.55863148E-03   6.55287976E-01
     5     1.0000E+04  -4.05574327E+00 +/-   2.55866367E-03   6.55304466E-01
     6     2.1544E+03  -4.05567610E+00 +/-   2.55925059E-03   6.55605137E-01
     7     4.6416E+02  -4.05136151E+00 +/-   2.64105435E-03   6.98186424E-01
     8     1.0000E+02  -3.47216524E+00 +/-   8.85490628E-03   7.84846382E+00
     9     2.1544E+01  -4.11982407E-02 +/-   2.11381670E-02   4.47251054E+01
    10     4.6416E+00  -8.36821732E-16 +/-   2.12281291E-02   4.51066075E+01
    11     1.0000E+00  -5.89190555-122 +/-   1.08197640E-38   1.17179677E-71
    12     2.1544E-01   0.00000000E+00 +/-   0.00000000E+00   0.00000000E+00
    13     4.6416E-02   0.00000000E+00 +/-   0.00000000E+00   0.00000000E+00
    14     1.0000E-02   0.00000000E+00 +/-   0.00000000E+00   0.00000000E+00
    15     2.1544E-03   0.00000000E+00 +/-   0.00000000E+00   0.00000000E+00
    16     4.6416E-04   0.00000000E+00 +/-   0.00000000E+00   0.00000000E+00
    17     1.0000E-04   0.00000000E+00 +/-   0.00000000E+00   0.00000000E+00
    18     2.1544E-05   0.00000000E+00 +/-   0.00000000E+00   0.00000000E+00
    19     4.6416E-06   0.00000000E+00 +/-   0.00000000E+00   0.00000000E+00
    20     1.0000E-06   0.00000000E+00 +/-   0.00000000E+00   0.00000000E+00
    21     0.0000E+00   0.00000000E+00 +/-   0.00000000E+00   0.00000000E+00
  ParMin   8.8719E+04  -4.05574489E+00 +/-   2.55862873E-03   6.55286571E-01
  # Using grid point #4
* Iteration # 1: E =  -4.055744971141E+00 +/-   2.558631475850E-03
* Convergence: exiting.
* After optimization:
  -4.3251E+00  -8.2329E-02   6.2388E-02  -1.2150E-01  -4.7926E-01   2.2086E-01
  -1.0388E-01   3.8388E-01  -1.0605E+00  -4.3970E+00   9.9520E-02  -3.4154E-02
  -6.1655E-01   2.0347E-01   4.5218E-01   4.5916E-01   1.5891E-01  -3.3699E-01
   2.3043E-02  -6.2709E-04  -2.0753E-01
  > Energy =  -4.055744971141E+00 +/-   2.558631475850E-03
  > varE =   6.552879760440E-01

VMC #15:
* Size of Hilbert space =   6.3504E+04
* Deterministic energy evaluation:
  > Deterministic Etot/t = -4.0552627498388283
    - Ttot/t = -7.5139281594022735
    - Utot/t = 3.4586654095634470
* Number of equil. steps   = 1000
* Running VMC equilibration.
  Done. [total walltime: 0.04s]
* Equil. acc.ratio (%)     =   7.5648
* Sample config after equilibration:
  +-------------------+
  |              u    |
  |        d          |
  |  u                |
  |                u  |
  |          u        |
  |    u              |
  |                  d|
  |            d      |
  |      d            |
  |d                  |
  +-------------------+
* Number of accum. steps   = 500480 x 10
* Running VMC accumulation.
  Done. [total walltime: 1.94s]
* Acceptance ratio (%)     =   7.3722
* Etot/t                   =  -4.055039632344E+00 +/-   1.079306526215E-03
  > Ttot/t                 =  -7.523070322905E+00 +/-   8.715553021301E-03
  > Utot/t                 =   3.468030690537E+00 +/-   8.608657269770E-03
* var[Eloc/t]              =   5.760706112691E-01 +/-   3.512997833119E-02
* Correlation length       =   1.012046840436E+00
* log10 Psi^2 range: -0.38053925290060388E-001 -- 7.8423145989944452
* log10 Pgen range : -0.38053925290060388E-001 -- 7.8423145989944452
* Site occupation (ave. no. electrons per config.):
  > Site_  ___eu____  ___ed____
      1        0.499      0.501
      2        0.501      0.499
      3        0.499      0.500
      4        0.501      0.500
      5        0.499      0.501
      6        0.501      0.499
      7        0.501      0.500
      8        0.500      0.499
      9        0.499      0.500
     10        0.500      0.500
* Pair-correlation analysis (ave. no. pairs per config.):
  > Shell  nsite  ___dh____  __eueu___  __eued___
      0      1        0          0          0.347
      1      4        0.336      3.241     16.450
      2      4        0.063     15.914      4.057
      3      1        0.020      0.845      4.146

Optimization #15:
* Method          : lls
* Target function : energy
* No. of configs. : 100096
* No. of params.  : 21
* Before optimization:
  -4.3251E+00  -8.2329E-02   6.2388E-02  -1.2150E-01  -4.7926E-01   2.2086E-01
  -1.0388E-01   3.8388E-01  -1.0605E+00  -4.3970E+00   9.9520E-02  -3.4154E-02
  -6.1655E-01   2.0347E-01   4.5218E-01   4.5916E-01   1.5891E-01  -3.3699E-01
   2.3043E-02  -6.2709E-04  -2.0753E-01
  > E    =  -4.054412149597E+00 +/-   2.225167785432E-03
  > varE =   4.956124990129E-01
* Computing derivatives.
  Done. [total walltime: 2.16s]
* Optimizing manipulation constant:
  #igrid a___________ E____________________________________ varE____________
     1     Infinity    -4.05441215E+00 +/-   2.22516779E-03   4.95612499E-01
     2     1.0000E+06  -4.05441216E+00 +/-   2.22516641E-03   4.95611885E-01
     3     2.1544E+05  -4.05441220E+00 +/-   2.22516139E-03   4.95609650E-01
     4     4.6416E+04  -4.05441236E+00 +/-   2.22513811E-03   4.95599280E-01
     5     1.0000E+04  -4.05441314E+00 +/-   2.22503032E-03   4.95551268E-01
     6     2.1544E+03  -4.05441664E+00 +/-   2.22453576E-03   4.95330998E-01
     7     4.6416E+02  -4.05443126E+00 +/-   2.22235713E-03   4.94361252E-01
     8     1.0000E+02  -4.05447300E+00 +/-   2.21424446E-03   4.90758531E-01
     9     2.1544E+01  -4.05446529E+00 +/-   2.19649646E-03   4.82922830E-01
    10     4.6416E+00  -4.05361582E+00 +/-   2.20393822E-03   4.86200672E-01
    11     1.0000E+00  -3.76011917E+00 +/-   6.48898644E-03   4.21473677E+00
    12     2.1544E-01  -2.03945785E-01 +/-   2.08470059E-02   4.35014867E+01
    13     4.6416E-02  -9.14455597E-10 +/-   2.12986556E-02   4.54068216E+01
    14     1.0000E-02  -1.28155741E-36 +/-   2.12984916E-02   4.54061225E+01
    15     2.1544E-03  -6.76642888E-86 +/-   1.15873615E-20   1.34395843E-35
    16     4.6416E-04  -1.70634222-111 +/-   1.84004247E-33   3.38900663E-61
    17     1.0000E-04  -5.40570612-118 +/-   1.03566299E-36   1.07362753E-67
    18     2.1544E-05  -1.90922759-119 +/-   1.94634815E-37   3.79190788E-69
    19     4.6416E-06  -9.23775602-120 +/-   1.35386324E-37   1.83470531E-69
    20     1.0000E-06  -7.89812151-120 +/-   1.25185328E-37   1.56864109E-69
    21     0.0000E+00  -7.56539785-120 +/-   1.22520118E-37   1.50255900E-69
  ParMin   4.3010E+01  -4.05449047E+00 +/-   2.20526541E-03   4.86786420E-01
  # Using grid point #9
* Iteration # 1: E =  -4.054465290159E+00 +/-   2.196496457899E-03
* Diminishing returns: exiting.
* After optimization:
  -4.7066E+00  -3.9879E-02   1.0283E-01  -6.8456E-02  -4.8516E-01   2.1633E-01
  -1.4122E-01   3.4859E-01  -1.1380E+00  -4.5211E+00   9.6062E-02  -1.3425E-01
  -6.2604E-01   2.2708E-01   4.6650E-01   4.9323E-01   1.7526E-01  -3.8087E-01
   3.3310E-02  -2.2170E-05  -2.3297E-01
  > Energy =  -4.054465290159E+00 +/-   2.196496457899E-03
  > varE =   4.829228302384E-01

VMC #16:
* Size of Hilbert space =   6.3504E+04
* Deterministic energy evaluation:
  > Deterministic Etot/t = -4.0551623123333149
    - Ttot/t = -7.5189298207882107
    - Utot/t = 3.4637675084548958
* Number of equil. steps   = 1000
* Running VMC equilibration.
  Done. [total walltime: 0.04s]
* Equil. acc.ratio (%)     =   7.6021
* Sample config after equilibration:
  +-------------------+
  |              u    |
  |        d          |
  |  u                |
  |                d  |
  |          u        |
  |    d              |
  |                  u|
  |            d      |
  |      0            |
  |2                  |
  +-------------------+
* Number of accum. steps   = 500480 x 10
* Running VMC accumulation.
  Done. [total walltime: 1.95s]
* Acceptance ratio (%)     =   7.3392
* Etot/t                   =  -4.057117874210E+00 +/-   1.086519392679E-03
  > Ttot/t                 =  -7.499952752732E+00 +/-   8.602710626299E-03
  > Utot/t                 =   3.442834878517E+00 +/-   8.463207024948E-03
* var[Eloc/t]              =   6.029586734043E-01 +/-   6.166899867693E-02
* Correlation length       =   9.798828229900E-01
* log10 Psi^2 range: -0.48918411249252863 -- 7.3442896634458119
* log10 Pgen range : -0.48918411249252863 -- 7.3442896634458119
* Site occupation (ave. no. electrons per config.):
  > Site_  ___eu____  ___ed____
      1        0.502      0.497
      2        0.497      0.502
      3        0.502      0.497
      4        0.497      0.502
      5        0.502      0.499
      6        0.498      0.501
      7        0.503      0.497
      8        0.499      0.502
      9        0.503      0.498
     10        0.498      0.504
* Pair-correlation analysis (ave. no. pairs per config.):
  > Shell  nsite  ___dh____  __eueu___  __eued___
      0      1        0          0          0.343
      1      4        0.330      3.218     16.479
      2      4        0.064     15.940      4.028
      3      1        0.019      0.842      4.150

Optimization #16:
* Method          : lls
* Target function : energy
* No. of configs. : 100096
* No. of params.  : 21
* Before optimization:
  -4.7066E+00  -3.9879E-02   1.0283E-01  -6.8456E-02  -4.8516E-01   2.1633E-01
  -1.4122E-01   3.4859E-01  -1.1380E+00  -4.5211E+00   9.6062E-02  -1.3425E-01
  -6.2604E-01   2.2708E-01   4.6650E-01   4.9323E-01   1.7526E-01  -3.8087E-01
   3.3310E-02  -2.2170E-05  -2.3297E-01
  > E    =  -4.056373964186E+00 +/-   2.509998300884E-03
  > varE =   6.306139558252E-01
* Computing derivatives.
  Done. [total walltime: 2.15s]
* Optimizing manipulation constant:
  #igrid a___________ E____________________________________ varE____________
     1     Infinity    -4.05637396E+00 +/-   2.50999830E-03   6.30613956E-01
     2     1.0000E+06  -4.05637402E+00 +/-   2.50999710E-03   6.30613351E-01
     3     2.1544E+05  -4.05637420E+00 +/-   2.50999272E-03   6.30611153E-01
     4     4.6416E+04  -4.05637503E+00 +/-   2.50997266E-03   6.30601073E-01
     5     1.0000E+04  -4.05637818E+00 +/-   2.50988458E-03   6.30556812E-01
     6     2.1544E+03  -4.05637852E+00 +/-   2.50958078E-03   6.30404176E-01
     7     4.6416E+02  -4.05612292E+00 +/-   2.51083338E-03   6.31033638E-01
     8     1.0000E+02  -4.05402042E+00 +/-   2.54276981E-03   6.47188535E-01
     9     2.1544E+01  -3.53946048E-01 +/-   2.02606557E-02   4.10888242E+01
    10     4.6416E+00   3.92431351E+01 +/-   2.59776912E-02   6.75488288E+01
    11     1.0000E+00   3.93313193E+01 +/-   1.27125103E-36   1.61763061E-67
    12     2.1544E-01   3.93652087E+01 +/-   0.00000000E+00   0.00000000E+00
    13     4.6416E-02   3.93732723E+01 +/-   0.00000000E+00   0.00000000E+00
    14     1.0000E-02   3.93743013E+01 +/-   2.23922059E-15   5.01892241E-25
    15     2.1544E-03   3.93743849E+01 +/-   0.00000000E+00   0.00000000E+00
    16     4.6416E-04   3.93743947E+01 +/-   0.00000000E+00   0.00000000E+00
    17     1.0000E-04   3.93743965E+01 +/-   0.00000000E+00   0.00000000E+00
    18     2.1544E-05   3.93743968E+01 +/-   0.00000000E+00   0.00000000E+00
    19     4.6416E-06   3.93743969E+01 +/-   0.00000000E+00   0.00000000E+00
    20     1.0000E-06   3.93743969E+01 +/-   0.00000000E+00   0.00000000E+00
    21     0.0000E+00   3.93743969E+01 +/-   0.00000000E+00   0.00000000E+00
  ParMin   4.6076E+03  -4.05638079E+00 +/-   2.50976824E-03   6.30498359E-01
  # Using parabolic minimum
* Iteration # 1: E =  -4.056380787062E+00 +/-   2.509768237988E-03
* Convergence: exiting.
* After optimization:
  -4.7167E+00  -4.0393E-02   1.0209E-01  -6.9086E-02  -4.8498E-01   2.1645E-01
  -1.4064E-01   3.4907E-01  -1.1473E+00  -4.5522E+00   9.6384E-02  -1.3552E-01
  -6.3047E-01   2.2861E-01   4.6921E-01   4.9192E-01   1.7495E-01  -3.7900E-01
   3.2967E-02  -2.8077E-05  -2.3221E-01
  > Energy =  -4.056380787062E+00 +/-   2.509768237988E-03
  > varE =   6.304983587557E-01

VMC #17:
* Size of Hilbert space =   6.3504E+04
* Deterministic energy evaluation:
  > Deterministic Etot/t = -4.0551675451426021
    - Ttot/t = -7.5187020554571999
    - Utot/t = 3.4635345103145991
* Number of equil. steps   = 1000
* Running VMC equilibration.
  Done. [total walltime: 0.04s]
* Equil. acc.ratio (%)     =   7.4949
* Sample config after equilibration:
  +-------------------+
  |              d    |
  |        u          |
  |  2                |
  |                0  |
  |          u        |
  |    u              |
  |                  0|
  |            d      |
  |      d            |
  |2                  |
  +-------------------+
* Number of accum. steps   = 500480 x 10
* Running VMC accumulation.
  Done. [total walltime: 1.95s]
* Acceptance ratio (%)     =   7.3873
* Etot/t                   =  -4.054778154823E+00 +/-   1.112677948400E-03
  > Ttot/t                 =  -7.539153154822E+00 +/-   8.501337926744E-03
  > Utot/t                 =   3.484375000000E+00 +/-   8.360132342723E-03
* var[Eloc/t]              =   6.360163397836E-01 +/-   3.554891189179E-02
* Correlation length       =   9.742208410913E-01
* log10 Psi^2 range: -1.1801096540996197 -- 7.3490633094131690
* log10 Pgen range : -1.1801096540996197 -- 7.3490633094131690
* Site occupation (ave. no. electrons per config.):
  > Site_  ___eu____  ___ed____
      1        0.497      0.502
      2        0.505      0.497
      3        0.496      0.504
      4        0.502      0.498
      5        0.496      0.505
      6        0.504      0.495
      7        0.498      0.503
      8        0.502      0.498
      9        0.496      0.503
     10        0.503      0.496
* Pair-correlation analysis (ave. no. pairs per config.):
  > Shell  nsite  ___dh____  __eueu___  __eued___
      0      1        0          0          0.348
      1      4        0.338      3.245     16.446
      2      4        0.064     15.908      4.061
      3      1        0.019      0.847      4.146

Optimization #17:
* Method          : lls
* Target function : energy
* No. of configs. : 100096
* No. of params.  : 21
* Before optimization:
  -4.7167E+00  -4.0393E-02   1.0209E-01  -6.9086E-02  -4.8498E-01   2.1645E-01
  -1.4064E-01   3.4907E-01  -1.1473E+00  -4.5522E+00   9.6384E-02  -1.3552E-01
  -6.3047E-01   2.2861E-01   4.6921E-01   4.9192E-01   1.7495E-01  -3.7900E-01
   3.2967E-02  -2.8077E-05  -2.3221E-01
  > E    =  -4.052461908640E+00 +/-   2.232036277451E-03
  > varE =   4.986768650364E-01
* Computing derivatives.
  Done. [total walltime: 2.15s]
* Optimizing manipulation constant:
  #igrid a___________ E____________________________________ varE____________
     1     Infinity    -4.05246191E+00 +/-   2.23203628E-03   4.98676865E-01
     2     1.0000E+06  -4.05246196E+00 +/-   2.23203522E-03   4.98676394E-01
     3     2.1544E+05  -4.05246289E+00 +/-   2.23202546E-03   4.98672032E-01
     4     4.6416E+04  -4.05247318E+00 +/-   2.23212177E-03   4.98715068E-01
     5     1.0000E+04  -4.04922586E+00 +/-   2.33036827E-03   5.43582968E-01
     6     2.1544E+03  -3.45434456E+00 +/-   8.97228791E-03   8.05792323E+00
     7     4.6416E+02  -5.88800925E-02 +/-   2.11599150E-02   4.48171836E+01
     8     1.0000E+02  -3.95980848E-13 +/-   2.12881915E-02   4.53622155E+01
     9     2.1544E+01  -3.12746890E-78 +/-   7.87907871E-17   6.21394779E-28
    10     4.6416E+00   0.00000000E+00 +/-   0.00000000E+00   0.00000000E+00
    11     1.0000E+00   0.00000000E+00 +/-   0.00000000E+00   0.00000000E+00
    12     2.1544E-01   0.00000000E+00 +/-   0.00000000E+00   0.00000000E+00
    13     4.6416E-02   0.00000000E+00 +/-   0.00000000E+00   0.00000000E+00
    14     1.0000E-02   0.00000000E+00 +/-   0.00000000E+00   0.00000000E+00
    15     2.1544E-03   0.00000000E+00 +/-   0.00000000E+00   0.00000000E+00
    16     4.6416E-04   0.00000000E+00 +/-   0.00000000E+00   0.00000000E+00
    17     1.0000E-04   0.00000000E+00 +/-   0.00000000E+00   0.00000000E+00
    18     2.1544E-05   0.00000000E+00 +/-   0.00000000E+00   0.00000000E+00
    19     4.6416E-06   0.00000000E+00 +/-   0.00000000E+00   0.00000000E+00
    20     1.0000E-06   0.00000000E+00 +/-   0.00000000E+00   0.00000000E+00
    21     0.0000E+00   0.00000000E+00 +/-   0.00000000E+00   0.00000000E+00
  ParMin   9.9569E+04  -4.05246607E+00 +/-   2.23200421E-03   4.98662536E-01
  # Using grid point #4
* Iteration # 1: E =  -4.052473184732E+00 +/-   2.232121773255E-03
* Diminishing returns: exiting.
* After optimization:
  -4.7995E+00  -4.0386E-02   1.0209E-01  -6.9073E-02  -4.8498E-01   2.1645E-01
  -1.4065E-01   3.4907E-01  -1.1948E+00  -4.7405E+00   1.0032E-01  -1.4118E-01
  -6.5661E-01   2.3808E-01   4.8869E-01   4.9186E-01   1.7495E-01  -3.7893E-01
   3.2964E-02  -2.8065E-05  -2.3221E-01
  > Energy =  -4.052473184732E+00 +/-   2.232121773255E-03
  > varE =   4.987150683544E-01

VMC #18:
* Size of Hilbert space =   6.3504E+04
* Deterministic energy evaluation:
  > Deterministic Etot/t = -4.0551258070786380
    - Ttot/t = -7.5087409858538150
    - Utot/t = 3.4536151787751699
* Number of equil. steps   = 1000
* Running VMC equilibration.
  Done. [total walltime: 0.04s]
* Equil. acc.ratio (%)     =   7.5422
* Sample config after equilibration:
  +-------------------+
  |              u    |
  |        d          |
  |  u                |
  |                d  |
  |          u        |
  |    d              |
  |                  u|
  |            d      |
  |      u            |
  |d                  |
  +-------------------+
* Number of accum. steps   = 500480 x 10
* Running VMC accumulation.
  Done. [total walltime: 1.94s]
* Acceptance ratio (%)     =   7.3470
* Etot/t                   =  -4.055252987141E+00 +/-   1.062887107198E-03
  > Ttot/t                 =  -7.496469419369E+00 +/-   8.473052472823E-03
  > Utot/t                 =   3.441216432225E+00 +/-   8.331009706960E-03
* var[Eloc/t]              =   5.570769864751E-01 +/-   4.898717742802E-02
* Correlation length       =   1.014952663585E+00
* log10 Psi^2 range: -0.55106205914909245 -- 7.3489490018351491
* log10 Pgen range : -0.55106205914909245 -- 7.3489490018351491
* Site occupation (ave. no. electrons per config.):
  > Site_  ___eu____  ___ed____
      1        0.499      0.499
      2        0.500      0.501
      3        0.500      0.500
      4        0.499      0.502
      5        0.499      0.500
      6        0.499      0.501
      7        0.502      0.498
      8        0.500      0.500
      9        0.501      0.498
     10        0.501      0.500
* Pair-correlation analysis (ave. no. pairs per config.):
  > Shell  nsite  ___dh____  __eueu___  __eued___
      0      1        0          0          0.344
      1      4        0.332      3.235     16.460
      2      4        0.063     15.920      4.048
      3      1        0.018      0.845      4.148

Optimization #18:
* Method          : lls
* Target function : energy
* No. of configs. : 100096
* No. of params.  : 21
* Before optimization:
  -4.7995E+00  -4.0386E-02   1.0209E-01  -6.9073E-02  -4.8498E-01   2.1645E-01
  -1.4065E-01   3.4907E-01  -1.1948E+00  -4.7405E+00   1.0032E-01  -1.4118E-01
  -6.5661E-01   2.3808E-01   4.8869E-01   4.9186E-01   1.7495E-01  -3.7893E-01
   3.2964E-02  -2.8065E-05  -2.3221E-01
  > E    =  -4.057010232026E+00 +/-   2.471813144391E-03
  > varE =   6.115725686596E-01
* Computing derivatives.
  Done. [total walltime: 2.14s]
* Optimizing manipulation constant:
  #igrid a___________ E____________________________________ varE____________
     1     Infinity    -4.05701023E+00 +/-   2.47181314E-03   6.11572569E-01
     2     1.0000E+06  -4.05701021E+00 +/-   2.47181335E-03   6.11572669E-01
     3     2.1544E+05  -4.05700932E+00 +/-   2.47182461E-03   6.11578243E-01
     4     4.6416E+04  -4.05698795E+00 +/-   2.47210689E-03   6.11717934E-01
     5     1.0000E+04  -4.05626921E+00 +/-   2.48504162E-03   6.18136028E-01
     6     2.1544E+03  -3.96833734E+00 +/-   4.11457938E-03   1.69460161E+00
     7     4.6416E+02  -1.03261780E+00 +/-   1.87788963E-02   3.52985487E+01
     8     1.0000E+02  -2.08710056E-06 +/-   2.12736700E-02   4.53003500E+01
     9     2.1544E+01  -2.52035400E-37 +/-   2.12746164E-02   4.53043808E+01
    10     4.6416E+00   0.00000000E+00 +/-   0.00000000E+00   0.00000000E+00
    11     1.0000E+00   0.00000000E+00 +/-   0.00000000E+00   0.00000000E+00
    12     2.1544E-01   0.00000000E+00 +/-   0.00000000E+00   0.00000000E+00
    13     4.6416E-02 (error)
    14     1.0000E-02 (error)
    15     2.1544E-03 (error)
    16     4.6416E-04 (error)
    17     1.0000E-04 (error)
    18     2.1544E-05 (error)
    19     4.6416E-06 (error)
    20     1.0000E-06 (error)
    21     0.0000E+00 (error)
* Iteration # 1: E =  -4.057010232026E+00 +/-   2.471813144391E-03
* Convergence: exiting.
* After optimization:
  -4.7995E+00  -4.0386E-02   1.0209E-01  -6.9073E-02  -4.8498E-01   2.1645E-01
  -1.4065E-01   3.4907E-01  -1.1948E+00  -4.7405E+00   1.0032E-01  -1.4118E-01
  -6.5661E-01   2.3808E-01   4.8869E-01   4.9186E-01   1.7495E-01  -3.7893E-01
   3.2964E-02  -2.8065E-05  -2.3221E-01
  > Energy =  -4.057010232026E+00 +/-   2.471813144391E-03
  > varE =   6.115725686596E-01

VMC #19:
* Size of Hilbert space =   6.3504E+04
* Deterministic energy evaluation:
  > Deterministic Etot/t = -4.0551258070786380
    - Ttot/t = -7.5087409858538150
    - Utot/t = 3.4536151787751699
* Number of equil. steps   = 1000
* Running VMC equilibration.
  Done. [total walltime: 0.04s]
* Equil. acc.ratio (%)     =   7.3838
* Sample config after equilibration:
  +-------------------+
  |              u    |
  |        d          |
  |  u                |
  |                d  |
  |          u        |
  |    d              |
  |                  d|
  |            d      |
  |      u            |
  |u                  |
  +-------------------+
* Number of accum. steps   = 500480 x 10
* Running VMC accumulation.
  Done. [total walltime: 1.95s]
* Acceptance ratio (%)     =   7.3477
* Etot/t                   =  -4.053452358353E+00 +/-   1.018366099533E-03
  > Ttot/t                 =  -7.503820005415E+00 +/-   8.593366088825E-03
  > Utot/t                 =   3.450367647059E+00 +/-   8.488911151574E-03
* var[Eloc/t]              =   5.271617596820E-01 +/-   5.341886030317E-02
* Correlation length       =   9.845792874236E-01
* log10 Psi^2 range: -0.91322161761994292 -- 7.3489490018351447
* log10 Pgen range : -0.91322161761994292 -- 7.3489490018351447
* Site occupation (ave. no. electrons per config.):
  > Site_  ___eu____  ___ed____
      1        0.497      0.502
      2        0.503      0.497
      3        0.497      0.503
      4        0.503      0.498
      5        0.497      0.503
      6        0.504      0.495
      7        0.497      0.503
      8        0.503      0.497
      9        0.497      0.504
     10        0.501      0.498
* Pair-correlation analysis (ave. no. pairs per config.):
  > Shell  nsite  ___dh____  __eueu___  __eued___
      0      1        0          0          0.344
      1      4        0.333      3.216     16.477
      2      4        0.063     15.943      4.026
      3      1        0.019      0.841      4.152

Optimization #19:
* Method          : lls
* Target function : energy
* No. of configs. : 100096
* No. of params.  : 21
* Before optimization:
  -4.7995E+00  -4.0386E-02   1.0209E-01  -6.9073E-02  -4.8498E-01   2.1645E-01
  -1.4065E-01   3.4907E-01  -1.1948E+00  -4.7405E+00   1.0032E-01  -1.4118E-01
  -6.5661E-01   2.3808E-01   4.8869E-01   4.9186E-01   1.7495E-01  -3.7893E-01
   3.2964E-02  -2.8065E-05  -2.3221E-01
  > E    =  -4.055527772293E+00 +/-   2.394677417706E-03
  > varE =   5.739985035609E-01
* Computing derivatives.
  Done. [total walltime: 2.15s]
* Optimizing manipulation constant:
  #igrid a___________ E____________________________________ varE____________
     1     Infinity    -4.05552777E+00 +/-   2.39467742E-03   5.73998504E-01
     2     1.0000E+06  -4.05552776E+00 +/-   2.39467737E-03   5.73998479E-01
     3     2.1544E+05  -4.05552724E+00 +/-   2.39468105E-03   5.74000246E-01
     4     4.6416E+04  -4.05551525E+00 +/-   2.39478245E-03   5.74048857E-01
     5     1.0000E+04  -4.05517391E+00 +/-   2.39935024E-03   5.76240818E-01
     6     2.1544E+03  -4.02072397E+00 +/-   3.12740766E-03   9.79006813E-01
     7     4.6416E+02  -1.93663116E+00 +/-   1.59953445E-02   2.56096662E+01
     8     1.0000E+02  -1.92581560E-04 +/-   2.12309329E-02   4.51185234E+01
     9     2.1544E+01  -3.13958731E-27 +/-   2.12317702E-02   4.51220823E+01
    10     4.6416E+00   0.00000000E+00 +/-   0.00000000E+00   0.00000000E+00
    11     1.0000E+00   0.00000000E+00 +/-   0.00000000E+00   0.00000000E+00
    12     2.1544E-01   0.00000000E+00 +/-   0.00000000E+00   0.00000000E+00
    13     4.6416E-02   0.00000000E+00 +/-   0.00000000E+00   0.00000000E+00
    14     1.0000E-02   0.00000000E+00 +/-   0.00000000E+00   0.00000000E+00
    15     2.1544E-03   0.00000000E+00 +/-   0.00000000E+00   0.00000000E+00
    16     4.6416E-04   0.00000000E+00 +/-   0.00000000E+00   0.00000000E+00
    17     1.0000E-04   0.00000000E+00 +/-   0.00000000E+00   0.00000000E+00
    18     2.1544E-05   0.00000000E+00 +/-   0.00000000E+00   0.00000000E+00
    19     4.6416E-06   0.00000000E+00 +/-   0.00000000E+00   0.00000000E+00
    20     1.0000E-06   0.00000000E+00 +/-   0.00000000E+00   0.00000000E+00
    21     0.0000E+00   0.00000000E+00 +/-   0.00000000E+00   0.00000000E+00
* Iteration # 1: E =  -4.055527772293E+00 +/-   2.394677417706E-03
* Convergence: exiting.
* After optimization:
  -4.7995E+00  -4.0386E-02   1.0209E-01  -6.9073E-02  -4.8498E-01   2.1645E-01
  -1.4065E-01   3.4907E-01  -1.1948E+00  -4.7405E+00   1.0032E-01  -1.4118E-01
  -6.5661E-01   2.3808E-01   4.8869E-01   4.9186E-01   1.7495E-01  -3.7893E-01
   3.2964E-02  -2.8065E-05  -2.3221E-01
  > Energy =  -4.055527772293E+00 +/-   2.394677417706E-03
  > varE =   5.739985035609E-01

VMC #20:
* Size of Hilbert space =   6.3504E+04
* Deterministic energy evaluation:
  > Deterministic Etot/t = -4.0551258070786380
    - Ttot/t = -7.5087409858538150
    - Utot/t = 3.4536151787751699
* Number of equil. steps   = 1000
* Running VMC equilibration.
  Done. [total walltime: 0.04s]
* Equil. acc.ratio (%)     =   7.4712
* Sample config after equilibration:
  +-------------------+
  |              d    |
  |        u          |
  |  d                |
  |                u  |
  |          d        |
  |    u              |
  |                  d|
  |            u      |
  |      d            |
  |u                  |
  +-------------------+
* Number of accum. steps   = 500480 x 10
* Running VMC accumulation.
  Done. [total walltime: 1.96s]
* Acceptance ratio (%)     =   7.3491
* Etot/t                   =  -4.052400247777E+00 +/-   1.006639473351E-03
  > Ttot/t                 =  -7.518972338573E+00 +/-   8.628751743542E-03
  > Utot/t                 =   3.466572090793E+00 +/-   8.530901221128E-03
* var[Eloc/t]              =   5.009433924340E-01 +/-   3.185120180035E-02
* Correlation length       =   1.012385665463E+00
* log10 Psi^2 range: -0.48843437652753768 -- 7.3489490018351615
* log10 Pgen range : -0.48843437652753768 -- 7.3489490018351615
* Site occupation (ave. no. electrons per config.):
  > Site_  ___eu____  ___ed____
      1        0.504      0.497
      2        0.496      0.504
      3        0.506      0.495
      4        0.496      0.504
      5        0.504      0.495
      6        0.497      0.504
      7        0.502      0.498
      8        0.497      0.504
      9        0.506      0.495
     10        0.494      0.505
* Pair-correlation analysis (ave. no. pairs per config.):
  > Shell  nsite  ___dh____  __eueu___  __eued___
      0      1        0          0          0.346
      1      4        0.335      3.237     16.455
      2      4        0.064     15.918      4.050
      3      1        0.019      0.845      4.148

Optimization #20:
* Method          : lls
* Target function : energy
* No. of configs. : 100096
* No. of params.  : 21
* Before optimization:
  -4.7995E+00  -4.0386E-02   1.0209E-01  -6.9073E-02  -4.8498E-01   2.1645E-01
  -1.4065E-01   3.4907E-01  -1.1948E+00  -4.7405E+00   1.0032E-01  -1.4118E-01
  -6.5661E-01   2.3808E-01   4.8869E-01   4.9186E-01   1.7495E-01  -3.7893E-01
   3.2964E-02  -2.8065E-05  -2.3221E-01
  > E    =  -4.050424333377E+00 +/-   2.114960348508E-03
  > varE =   4.477351410746E-01
* Computing derivatives.
  Done. [total walltime: 2.15s]
* Optimizing manipulation constant:
  #igrid a___________ E____________________________________ varE____________
     1     Infinity    -4.05042433E+00 +/-   2.11496035E-03   4.47735141E-01
     2     1.0000E+06  -4.05042433E+00 +/-   2.11495946E-03   4.47734766E-01
     3     2.1544E+05  -4.05042433E+00 +/-   2.11495627E-03   4.47733414E-01
     4     4.6416E+04  -4.05042423E+00 +/-   2.11494205E-03   4.47727395E-01
     5     1.0000E+04  -4.05042224E+00 +/-   2.11488978E-03   4.47705265E-01
     6     2.1544E+03  -4.05036986E+00 +/-   2.11526742E-03   4.47865164E-01
     7     4.6416E+02  -4.04501682E+00 +/-   2.25325784E-03   5.08204499E-01
     8     1.0000E+02  -3.25502420E+00 +/-   1.01173413E-02   1.02458862E+01
     9     2.1544E+01  -1.27742011E-02 +/-   2.11403061E-02   4.47341577E+01
    10     4.6416E+00  -6.30781379E-19 +/-   2.11681273E-02   4.48519780E+01
    11     1.0000E+00  -4.79277901-156 +/-   9.75874343E-56   9.53244970-106
    12     2.1544E-01   0.00000000E+00 +/-   0.00000000E+00   0.00000000E+00
    13     4.6416E-02   0.00000000E+00 +/-   0.00000000E+00   0.00000000E+00
    14     1.0000E-02 (error)
    15     2.1544E-03 (error)
    16     4.6416E-04 (error)
    17     1.0000E-04 (error)
    18     2.1544E-05 (error)
    19     4.6416E-06 (error)
    20     1.0000E-06 (error)
    21     0.0000E+00 (error)
  ParMin   4.2657E+05  -4.05042433E+00 +/-   2.11495828E-03   4.47734265E-01
  # Using grid point #3
* Iteration # 1: E =  -4.050424326310E+00 +/-   2.114956269831E-03
* Convergence: exiting.
* After optimization:
  -4.8004E+00  -4.0380E-02   1.0210E-01  -6.9064E-02  -4.8498E-01   2.1645E-01
  -1.4065E-01   3.4906E-01  -1.1953E+00  -4.7426E+00   1.0036E-01  -1.4124E-01
  -6.5690E-01   2.3818E-01   4.8890E-01   4.9186E-01   1.7495E-01  -3.7894E-01
   3.2965E-02  -2.8238E-05  -2.3221E-01
  > Energy =  -4.050424326310E+00 +/-   2.114956269831E-03
  > varE =   4.477334141718E-01

VMC #21:
* Size of Hilbert space =   6.3504E+04
* Deterministic energy evaluation:
  > Deterministic Etot/t = -4.0551257741484976
    - Ttot/t = -7.5087410365970761
    - Utot/t = 3.4536152624485745
* Number of equil. steps   = 1000
* Running VMC equilibration.
  Done. [total walltime: 0.04s]
* Equil. acc.ratio (%)     =   7.4502
* Sample config after equilibration:
  +-------------------+
  |              u    |
  |        2          |
  |  u                |
  |                u  |
  |          d        |
  |    d              |
  |                  u|
  |            d      |
  |      0            |
  |d                  |
  +-------------------+
* Number of accum. steps   = 500480 x 10
* Running VMC accumulation.
  Done. [total walltime: 1.95s]
* Acceptance ratio (%)     =   7.3475
* Etot/t                   =  -4.053783023244E+00 +/-   1.088358689483E-03
  > Ttot/t                 =  -7.498176405618E+00 +/-   8.533001631297E-03
  > Utot/t                 =   3.444393382353E+00 +/-   8.416691555063E-03
* var[Eloc/t]              =   5.762813769293E-01 +/-   3.038673095545E-02
* Correlation length       =   1.028717765394E+00
* log10 Psi^2 range: -0.35422681802488187 -- 7.3488673711009724
* log10 Pgen range : -0.35422681802488187 -- 7.3488673711009724
* Site occupation (ave. no. electrons per config.):
  > Site_  ___eu____  ___ed____
      1        0.498      0.502
      2        0.502      0.497
      3        0.499      0.500
      4        0.501      0.499
      5        0.496      0.503
      6        0.504      0.496
      7        0.498      0.502
      8        0.500      0.499
      9        0.500      0.500
     10        0.502      0.501
* Pair-correlation analysis (ave. no. pairs per config.):
  > Shell  nsite  ___dh____  __eueu___  __eued___
      0      1        0          0          0.343
      1      4        0.333      3.222     16.472
      2      4        0.063     15.937      4.032
      3      1        0.019      0.841      4.152

Optimization #21:
* Method          : lls
* Target function : energy
* No. of configs. : 100096
* No. of params.  : 21
* Before optimization:
  -4.8004E+00  -4.0380E-02   1.0210E-01  -6.9064E-02  -4.8498E-01   2.1645E-01
  -1.4065E-01   3.4906E-01  -1.1953E+00  -4.7426E+00   1.0036E-01  -1.4124E-01
  -6.5690E-01   2.3818E-01   4.8890E-01   4.9186E-01   1.7495E-01  -3.7894E-01
   3.2965E-02  -2.8238E-05  -2.3221E-01
  > E    =  -4.054365977723E+00 +/-   2.329003866202E-03
  > varE =   5.429466297434E-01
* Computing derivatives.
  Done. [total walltime: 2.18s]
* Optimizing manipulation constant:
  #igrid a___________ E____________________________________ varE____________
     1     Infinity    -4.05436598E+00 +/-   2.32900387E-03   5.42946630E-01
     2     1.0000E+06  -4.05436600E+00 +/-   2.32900306E-03   5.42946256E-01
     3     2.1544E+05  -4.05436608E+00 +/-   2.32900015E-03   5.42944896E-01
     4     4.6416E+04  -4.05436643E+00 +/-   2.32898663E-03   5.42938594E-01
     5     1.0000E+04  -4.05436806E+00 +/-   2.32892440E-03   5.42909577E-01
     6     2.1544E+03  -4.05437508E+00 +/-   2.32864603E-03   5.42779801E-01
     7     4.6416E+02  -4.05439873E+00 +/-   2.32755333E-03   5.42270529E-01
     8     1.0000E+02  -4.05445021E+00 +/-   2.32482467E-03   5.40999838E-01
     9     2.1544E+01  -4.05475881E+00 +/-   2.31416589E-03   5.36050490E-01
    10     4.6416E+00  -2.46414764E+00 +/-   1.40073367E-02   1.96393839E+01
    11     1.0000E+00  -4.85150565E-05 +/-   2.11523615E-02   4.47851923E+01
    12     2.1544E-01  -3.64174904E-32 +/-   2.11524218E-02   4.47854476E+01
    13     4.6416E-02   0.00000000E+00 +/-   0.00000000E+00   0.00000000E+00
    14     1.0000E-02   0.00000000E+00 +/-   0.00000000E+00   0.00000000E+00
    15     2.1544E-03   0.00000000E+00 +/-   0.00000000E+00   0.00000000E+00
    16     4.6416E-04   0.00000000E+00 +/-   0.00000000E+00   0.00000000E+00
    17     1.0000E-04   0.00000000E+00 +/-   0.00000000E+00   0.00000000E+00
    18     2.1544E-05   0.00000000E+00 +/-   0.00000000E+00   0.00000000E+00
    19     4.6416E-06   0.00000000E+00 +/-   0.00000000E+00   0.00000000E+00
    20     1.0000E-06   0.00000000E+00 +/-   0.00000000E+00   0.00000000E+00
    21     0.0000E+00   0.00000000E+00 +/-   0.00000000E+00   0.00000000E+00
  ParMin   4.6401E+01  -4.05462124E+00 +/-   2.32229495E-03   5.39823116E-01
  # Using grid point #9
* Iteration # 1: E =  -4.054758806839E+00 +/-   2.314165885774E-03
* Diminishing returns: exiting.
* After optimization:
  -5.0753E+00  -2.4506E-02   8.2287E-02  -9.7370E-02  -4.9078E-01   1.9541E-01
  -1.0411E-01   3.6848E-01  -1.4290E+00  -5.1746E+00   3.0702E-02  -2.5698E-01
  -5.5890E-01   2.6873E-01   3.3658E-01   5.2871E-01   2.0587E-01  -3.8072E-01
  -1.2063E-03  -1.6678E-03  -1.7706E-01
  > Energy =  -4.054758806839E+00 +/-   2.314165885774E-03
  > varE =   5.360504896079E-01

VMC #22:
* Size of Hilbert space =   6.3504E+04
* Deterministic energy evaluation:
  > Deterministic Etot/t = -4.0551828657732978
    - Ttot/t = -7.5411912398042364
    - Utot/t = 3.4860083740309284
* Number of equil. steps   = 1000
* Running VMC equilibration.
  Done. [total walltime: 0.04s]
* Equil. acc.ratio (%)     =   7.5122
* Sample config after equilibration:
  +-------------------+
  |              d    |
  |        u          |
  |  d                |
  |                u  |
  |          d        |
  |    u              |
  |                  0|
  |            2      |
  |      d            |
  |u                  |
  +-------------------+
* Number of accum. steps   = 500480 x 10
* Running VMC accumulation.
  Done. [total walltime: 1.94s]
* Acceptance ratio (%)     =   7.4203
* Etot/t                   =  -4.053276622751E+00 +/-   1.076774025975E-03
  > Ttot/t                 =  -7.544604947583E+00 +/-   8.801696119472E-03
  > Utot/t                 =   3.491328324808E+00 +/-   8.705181296610E-03
* var[Eloc/t]              =   5.885765965472E-01 +/-   5.347501775759E-02
* Correlation length       =   9.859000293537E-01
* log10 Psi^2 range: -1.3578911025961879 -- 6.9443250925344060
* log10 Pgen range : -1.3578911025961879 -- 6.9443250925344060
* Site occupation (ave. no. electrons per config.):
  > Site_  ___eu____  ___ed____
      1        0.501      0.500
      2        0.498      0.502
      3        0.503      0.497
      4        0.497      0.501
      5        0.503      0.497
      6        0.498      0.502
      7        0.503      0.498
      8        0.497      0.502
      9        0.501      0.500
     10        0.499      0.501
* Pair-correlation analysis (ave. no. pairs per config.):
  > Shell  nsite  ___dh____  __eueu___  __eued___
      0      1        0          0          0.349
      1      4        0.337      3.218     16.471
      2      4        0.064     15.940      4.028
      3      1        0.019      0.841      4.152

Optimization #22:
* Method          : lls
* Target function : energy
* No. of configs. : 100096
* No. of params.  : 21
* Before optimization:
  -5.0753E+00  -2.4506E-02   8.2287E-02  -9.7370E-02  -4.9078E-01   1.9541E-01
  -1.0411E-01   3.6848E-01  -1.4290E+00  -5.1746E+00   3.0702E-02  -2.5698E-01
  -5.5890E-01   2.6873E-01   3.3658E-01   5.2871E-01   2.0587E-01  -3.8072E-01
  -1.2063E-03  -1.6678E-03  -1.7706E-01
  > E    =  -4.051687256400E+00 +/-   2.552196783511E-03
  > varE =   6.519961581847E-01
* Computing derivatives.
  Done. [total walltime: 2.17s]
* Optimizing manipulation constant:
  #igrid a___________ E____________________________________ varE____________
     1     Infinity    -4.05168726E+00 +/-   2.55219678E-03   6.51996158E-01
     2     1.0000E+06  -4.05168728E+00 +/-   2.55219656E-03   6.51996046E-01
     3     2.1544E+05  -4.05168736E+00 +/-   2.55219576E-03   6.51995636E-01
     4     4.6416E+04  -4.05168774E+00 +/-   2.55219205E-03   6.51993740E-01
     5     1.0000E+04  -4.05168950E+00 +/-   2.55217498E-03   6.51985021E-01
     6     2.1544E+03  -4.05169763E+00 +/-   2.55209922E-03   6.51946312E-01
     7     4.6416E+02  -4.05173545E+00 +/-   2.55181526E-03   6.51801241E-01
     8     1.0000E+02  -4.05190040E+00 +/-   2.55241574E-03   6.52108036E-01
     9     2.1544E+01  -3.94179472E+00 +/-   4.58039197E-03   2.10001314E+00
    10     4.6416E+00 (error)
    11     1.0000E+00 (error)
    12     2.1544E-01 (error)
    13     4.6416E-02 (error)
    14     1.0000E-02 (error)
    15     2.1544E-03 (error)
    16     4.6416E-04 (error)
    17     1.0000E-04 (error)
    18     2.1544E-05 (error)
    19     4.6416E-06 (error)
    20     1.0000E-06 (error)
    21     0.0000E+00 (error)
  ParMin   2.1498E+02  -4.05179267E+00 +/-   2.55158089E-03   6.51681520E-01
  # Using grid point #8
* Iteration # 1: E =  -4.051900400867E+00 +/-   2.552415742994E-03
* Diminishing returns: exiting.
* After optimization:
  -4.7481E+00  -4.9984E-02   5.7100E-02  -1.2520E-01  -4.8411E-01   2.0497E-01
  -8.9777E-02   3.8553E-01  -1.3539E+00  -4.8795E+00   3.3037E-02  -2.1270E-01
  -5.1822E-01   2.4401E-01   2.8621E-01   5.2635E-01   1.9830E-01  -3.6787E-01
  -1.1588E-03  -1.3655E-03  -1.7249E-01
  > Energy =  -4.051900400867E+00 +/-   2.552415742994E-03
  > varE =   6.521080358162E-01

VMC #23:
* Size of Hilbert space =   6.3504E+04
* Deterministic energy evaluation:
  > Deterministic Etot/t = -4.0552471877692389
    - Ttot/t = -7.5179162934326875
    - Utot/t = 3.4626691056634513
* Number of equil. steps   = 1000
* Running VMC equilibration.
  Done. [total walltime: 0.04s]
* Equil. acc.ratio (%)     =   7.5177
* Sample config after equilibration:
  +-------------------+
  |              u    |
  |        d          |
  |  u                |
  |                d  |
  |          u        |
  |    d              |
  |                  u|
  |            d      |
  |      u            |
  |d                  |
  +-------------------+
* Number of accum. steps   = 500480 x 10
* Running VMC accumulation.
  Done. [total walltime: 1.94s]
* Acceptance ratio (%)     =   7.3833
* Etot/t                   =  -4.055494330354E+00 +/-   1.123149360234E-03
  > Ttot/t                 =  -7.515992252364E+00 +/-   8.574384410858E-03
  > Utot/t                 =   3.460497921995E+00 +/-   8.443825088472E-03
* var[Eloc/t]              =   6.428140873663E-01 +/-   4.814382786773E-02
* Correlation length       =   9.821467171593E-01
* log10 Psi^2 range: -0.23947490376416031 -- 7.3427301387856954
* log10 Pgen range : -0.23947490376416031 -- 7.3427301387856954
* Site occupation (ave. no. electrons per config.):
  > Site_  ___eu____  ___ed____
      1        0.500      0.502
      2        0.502      0.498
      3        0.499      0.502
      4        0.502      0.498
      5        0.497      0.503
      6        0.501      0.499
      7        0.498      0.501
      8        0.503      0.497
      9        0.498      0.503
     10        0.500      0.498
* Pair-correlation analysis (ave. no. pairs per config.):
  > Shell  nsite  ___dh____  __eueu___  __eued___
      0      1        0          0          0.345
      1      4        0.333      3.221     16.474
      2      4        0.064     15.937      4.030
      3      1        0.018      0.842      4.151

Optimization #23:
* Method          : lls
* Target function : energy
* No. of configs. : 100096
* No. of params.  : 21
* Before optimization:
  -4.7481E+00  -4.9984E-02   5.7100E-02  -1.2520E-01  -4.8411E-01   2.0497E-01
  -8.9777E-02   3.8553E-01  -1.3539E+00  -4.8795E+00   3.3037E-02  -2.1270E-01
  -5.1822E-01   2.4401E-01   2.8621E-01   5.2635E-01   1.9830E-01  -3.6787E-01
  -1.1588E-03  -1.3655E-03  -1.7249E-01
  > E    =  -4.053769873063E+00 +/-   2.591716193582E-03
  > varE =   6.723441141189E-01
* Computing derivatives.
  Done. [total walltime: 2.18s]
* Optimizing manipulation constant:
  #igrid a___________ E____________________________________ varE____________
     1     Infinity    -4.05376987E+00 +/-   2.59171619E-03   6.72344114E-01
     2     1.0000E+06  -4.05376991E+00 +/-   2.59171516E-03   6.72343579E-01
     3     2.1544E+05  -4.05377002E+00 +/-   2.59171141E-03   6.72341632E-01
     4     4.6416E+04  -4.05377056E+00 +/-   2.59169402E-03   6.72332612E-01
     5     1.0000E+04  -4.05377302E+00 +/-   2.59161409E-03   6.72291141E-01
     6     2.1544E+03  -4.05378328E+00 +/-   2.59125926E-03   6.72107058E-01
     7     4.6416E+02  -4.05380734E+00 +/-   2.58995682E-03   6.71431588E-01
     8     1.0000E+02  -4.05327219E+00 +/-   2.59665833E-03   6.74910744E-01
     9     2.1544E+01  -4.02528790E+00 +/-   3.18726475E-03   1.01684089E+00
    10     4.6416E+00  -2.41446416E+00 +/-   1.44624469E-02   2.09363167E+01
    11     1.0000E+00 (error)
    12     2.1544E-01 (error)
    13     4.6416E-02 (error)
    14     1.0000E-02 (error)
    15     2.1544E-03 (error)
    16     4.6416E-04 (error)
    17     1.0000E-04 (error)
    18     2.1544E-05 (error)
    19     4.6416E-06 (error)
    20     1.0000E-06 (error)
    21     0.0000E+00 (error)
  ParMin   9.2903E+02  -4.05379642E+00 +/-   2.59072126E-03   6.71828000E-01
  # Using grid point #7
* Iteration # 1: E =  -4.053807338060E+00 +/-   2.589956817323E-03
* Diminishing returns: exiting.
* After optimization:
  -4.6399E+00  -5.7216E-02   5.0054E-02  -1.3131E-01  -4.8253E-01   2.0695E-01
  -8.5059E-02   3.9059E-01  -1.3245E+00  -4.7502E+00   2.6347E-02  -2.0656E-01
  -5.1091E-01   2.3654E-01   2.8143E-01   5.1478E-01   1.9522E-01  -3.5154E-01
  -1.8461E-03  -1.3674E-03  -1.7014E-01
  > Energy =  -4.053807338060E+00 +/-   2.589956817323E-03
  > varE =   6.714315876859E-01

VMC #24:
* Size of Hilbert space =   6.3504E+04
* Deterministic energy evaluation:
  > Deterministic Etot/t = -4.0552526178754027
    - Ttot/t = -7.5146727245136944
    - Utot/t = 3.4594201066382881
* Number of equil. steps   = 1000
* Running VMC equilibration.
  Done. [total walltime: 0.04s]
* Equil. acc.ratio (%)     =   7.5448
* Sample config after equilibration:
  +-------------------+
  |              u    |
  |        d          |
  |  u                |
  |                d  |
  |          u        |
  |    d              |
  |                  u|
  |            d      |
  |      u            |
  |d                  |
  +-------------------+
* Number of accum. steps   = 500480 x 10
* Running VMC accumulation.
  Done. [total walltime: 1.94s]
* Acceptance ratio (%)     =   7.3793
* Etot/t                   =  -4.056055793276E+00 +/-   1.142596440238E-03
  > Ttot/t                 =  -7.518312027312E+00 +/-   8.540421208558E-03
  > Utot/t                 =   3.462256234015E+00 +/-   8.417778632921E-03
* var[Eloc/t]              =   6.431949211545E-01 +/-   2.322800498790E-02
* Correlation length       =   1.015850629276E+00
* log10 Psi^2 range: -0.86487778965485307 -- 7.4402202363834427
* log10 Pgen range : -0.86487778965485307 -- 7.4402202363834427
* Site occupation (ave. no. electrons per config.):
  > Site_  ___eu____  ___ed____
      1        0.501      0.500
      2        0.501      0.500
      3        0.501      0.500
      4        0.499      0.499
      5        0.500      0.500
      6        0.499      0.499
      7        0.499      0.501
      8        0.500      0.501
      9        0.499      0.501
     10        0.499      0.500
* Pair-correlation analysis (ave. no. pairs per config.):
  > Shell  nsite  ___dh____  __eueu___  __eued___
      0      1        0          0          0.346
      1      4        0.335      3.218     16.474
      2      4        0.064     15.943      4.027
      3      1        0.020      0.839      4.153

Optimization #24:
* Method          : lls
* Target function : energy
* No. of configs. : 100096
* No. of params.  : 21
* Before optimization:
  -4.6399E+00  -5.7216E-02   5.0054E-02  -1.3131E-01  -4.8253E-01   2.0695E-01
  -8.5059E-02   3.9059E-01  -1.3245E+00  -4.7502E+00   2.6347E-02  -2.0656E-01
  -5.1091E-01   2.3654E-01   2.8143E-01   5.1478E-01   1.9522E-01  -3.5154E-01
  -1.8461E-03  -1.3674E-03  -1.7014E-01
  > E    =  -4.055776814053E+00 +/-   2.363314567622E-03
  > varE =   5.590617591052E-01
* Computing derivatives.
  Done. [total walltime: 2.16s]
* Optimizing manipulation constant:
  #igrid a___________ E____________________________________ varE____________
     1     Infinity    -4.05577681E+00 +/-   2.36331457E-03   5.59061759E-01
     2     1.0000E+06  -4.05577684E+00 +/-   2.36331324E-03   5.59061130E-01
     3     2.1544E+05  -4.05577693E+00 +/-   2.36330843E-03   5.59058857E-01
     4     4.6416E+04  -4.05577732E+00 +/-   2.36328688E-03   5.59048659E-01
     5     1.0000E+04  -4.05577794E+00 +/-   2.36320340E-03   5.59009164E-01
     6     2.1544E+03  -4.05574917E+00 +/-   2.36335074E-03   5.59078875E-01
     7     4.6416E+02  -4.05139445E+00 +/-   2.46776790E-03   6.09572468E-01
     8     1.0000E+02  -1.74706221E+00 +/-   1.66158772E-02   2.76352420E+01
     9     2.1544E+01 (error)
    10     4.6416E+00 (error)
    11     1.0000E+00 (error)
    12     2.1544E-01 (error)
    13     4.6416E-02 (error)
    14     1.0000E-02 (error)
    15     2.1544E-03 (error)
    16     4.6416E-04 (error)
    17     1.0000E-04 (error)
    18     2.1544E-05 (error)
    19     4.6416E-06 (error)
    20     1.0000E-06 (error)
    21     0.0000E+00 (error)
  ParMin   2.0609E+04  -4.05577774E+00 +/-   2.36325505E-03   5.59033601E-01
  # Using grid point #5
* Iteration # 1: E =  -4.055777935048E+00 +/-   2.363203398250E-03
* Convergence: exiting.
* After optimization:
  -4.6243E+00  -5.7168E-02   5.0210E-02  -1.3109E-01  -4.8254E-01   2.0700E-01
  -8.5248E-02   3.9045E-01  -1.3136E+00  -4.7121E+00   2.6139E-02  -2.0480E-01
  -5.0712E-01   2.3460E-01   2.7969E-01   5.1488E-01   1.9519E-01  -3.5171E-01
  -1.7314E-03  -1.3581E-03  -1.7034E-01
  > Energy =  -4.055777935048E+00 +/-   2.363203398250E-03
  > varE =   5.590091642591E-01

VMC #25:
* Size of Hilbert space =   6.3504E+04
* Deterministic energy evaluation:
  > Deterministic Etot/t = -4.0552522020035475
    - Ttot/t = -7.5143202263757987
    - Utot/t = 3.4590680243722440
* Number of equil. steps   = 1000
* Running VMC equilibration.
  Done. [total walltime: 0.04s]
* Equil. acc.ratio (%)     =   7.4798
* Sample config after equilibration:
  +-------------------+
  |              d    |
  |        u          |
  |  d                |
  |                u  |
  |          d        |
  |    u              |
  |                  d|
  |            u      |
  |      d            |
  |u                  |
  +-------------------+
* Number of accum. steps   = 500480 x 10
* Running VMC accumulation.
  Done. [total walltime: 1.94s]
* Acceptance ratio (%)     =   7.3845
* Etot/t                   =  -4.054989684109E+00 +/-   1.077434951313E-03
  > Ttot/t                 =  -7.522620758299E+00 +/-   8.764743974786E-03
  > Utot/t                 =   3.467631074169E+00 +/-   8.640086186883E-03
* var[Eloc/t]              =   5.746956438441E-01 +/-   4.068828258736E-02
* Correlation length       =   1.010952943693E+00
* log10 Psi^2 range: -0.48590526261739919 -- 7.4402375080479048
* log10 Pgen range : -0.48590526261739919 -- 7.4402375080479048
* Site occupation (ave. no. electrons per config.):
  > Site_  ___eu____  ___ed____
      1        0.505      0.495
      2        0.496      0.505
      3        0.506      0.493
      4        0.495      0.505
      5        0.507      0.494
      6        0.493      0.508
      7        0.506      0.494
      8        0.493      0.506
      9        0.507      0.493
     10        0.493      0.508
* Pair-correlation analysis (ave. no. pairs per config.):
  > Shell  nsite  ___dh____  __eueu___  __eued___
      0      1        0          0          0.347
      1      4        0.335      3.222     16.471
      2      4        0.065     15.934      4.032
      3      1        0.018      0.844      4.149

Optimization #25:
* Method          : lls
* Target function : energy
* No. of configs. : 100096
* No. of params.  : 21
* Before optimization:
  -4.6243E+00  -5.7168E-02   5.0210E-02  -1.3109E-01  -4.8254E-01   2.0700E-01
  -8.5248E-02   3.9045E-01  -1.3136E+00  -4.7121E+00   2.6139E-02  -2.0480E-01
  -5.0712E-01   2.3460E-01   2.7969E-01   5.1488E-01   1.9519E-01  -3.5171E-01
  -1.7314E-03  -1.3581E-03  -1.7034E-01
  > E    =  -4.056791724963E+00 +/-   2.188352132496E-03
  > varE =   4.793482385454E-01
* Computing derivatives.
  Done. [total walltime: 2.14s]
* Optimizing manipulation constant:
  #igrid a___________ E____________________________________ varE____________
     1     Infinity    -4.05679172E+00 +/-   2.18835213E-03   4.79348239E-01
     2     1.0000E+06  -4.05679174E+00 +/-   2.18835119E-03   4.79347824E-01
     3     2.1544E+05  -4.05679178E+00 +/-   2.18834801E-03   4.79346432E-01
     4     4.6416E+04  -4.05679182E+00 +/-   2.18833876E-03   4.79342378E-01
     5     1.0000E+04  -4.05678821E+00 +/-   2.18841950E-03   4.79377751E-01
     6     2.1544E+03  -4.05661231E+00 +/-   2.19373449E-03   4.81709098E-01
     7     4.6416E+02  -4.00589761E+00 +/-   3.36399082E-03   1.13272980E+00
     8     1.0000E+02   8.25730838E-01 +/-   2.29012906E-02   5.24972601E+01
     9     2.1544E+01 (error)
    10     4.6416E+00 (error)
    11     1.0000E+00 (error)
    12     2.1544E-01 (error)
    13     4.6416E-02 (error)
    14     1.0000E-02 (error)
    15     2.1544E-03 (error)
    16     4.6416E-04 (error)
    17     1.0000E-04 (error)
    18     2.1544E-05 (error)
    19     4.6416E-06 (error)
    20     1.0000E-06 (error)
    21     0.0000E+00 (error)
  ParMin   9.7539E+04  -4.05679183E+00 +/-   2.18834393E-03   4.79344646E-01
  # Using grid point #4
* Iteration # 1: E =  -4.056791818636E+00 +/-   2.188338755703E-03
* Convergence: exiting.
* After optimization:
  -4.6180E+00  -5.7150E-02   5.0250E-02  -1.3107E-01  -4.8254E-01   2.0700E-01
  -8.5282E-02   3.9043E-01  -1.3093E+00  -4.6973E+00   2.6052E-02  -2.0404E-01
  -5.0555E-01   2.3384E-01   2.7890E-01   5.1495E-01   1.9520E-01  -3.5180E-01
  -1.7072E-03  -1.3579E-03  -1.7039E-01
  > Energy =  -4.056791818636E+00 +/-   2.188338755703E-03
  > varE =   4.793423783162E-01

VMC #26:
* Size of Hilbert space =   6.3504E+04
* Deterministic energy evaluation:
  > Deterministic Etot/t = -4.0552521507316053
    - Ttot/t = -7.5142686552404010
    - Utot/t = 3.4590165045087957
* Number of equil. steps   = 1000
* Running VMC equilibration.
  Done. [total walltime: 0.04s]
* Equil. acc.ratio (%)     =   7.4953
* Sample config after equilibration:
  +-------------------+
  |              u    |
  |        d          |
  |  u                |
  |                d  |
  |          u        |
  |    d              |
  |                  u|
  |            d      |
  |      u            |
  |d                  |
  +-------------------+
* Number of accum. steps   = 500480 x 10
* Running VMC accumulation.
  Done. [total walltime: 1.95s]
* Acceptance ratio (%)     =   7.3922
* Etot/t                   =  -4.054414690069E+00 +/-   1.083451279481E-03
  > Ttot/t                 =  -7.525702254010E+00 +/-   8.807534371996E-03
  > Utot/t                 =   3.471287563939E+00 +/-   8.670013709732E-03
* var[Eloc/t]              =   5.835355571586E-01 +/-   4.038112538826E-02
* Correlation length       =   1.006788337576E+00
* log10 Psi^2 range: -0.38646661836321877 -- 7.4402153363329528
* log10 Pgen range : -0.38646661836321877 -- 7.4402153363329528
* Site occupation (ave. no. electrons per config.):
  > Site_  ___eu____  ___ed____
      1        0.501      0.499
      2        0.500      0.500
      3        0.502      0.498
      4        0.500      0.500
      5        0.499      0.499
      6        0.499      0.501
      7        0.502      0.499
      8        0.500      0.502
      9        0.501      0.500
     10        0.498      0.501
* Pair-correlation analysis (ave. no. pairs per config.):
  > Shell  nsite  ___dh____  __eueu___  __eued___
      0      1        0          0          0.348
      1      4        0.337      3.249     16.441
      2      4        0.063     15.906      4.064
      3      1        0.019      0.845      4.147

Optimization #26:
* Method          : lls
* Target function : energy
* No. of configs. : 100096
* No. of params.  : 21
* Before optimization:
  -4.6180E+00  -5.7150E-02   5.0250E-02  -1.3107E-01  -4.8254E-01   2.0700E-01
  -8.5282E-02   3.9043E-01  -1.3093E+00  -4.6973E+00   2.6052E-02  -2.0404E-01
  -5.0555E-01   2.3384E-01   2.7890E-01   5.1495E-01   1.9520E-01  -3.5180E-01
  -1.7072E-03  -1.3579E-03  -1.7039E-01
  > E    =  -4.051900938974E+00 +/-   2.133197588165E-03
  > varE =   4.554900460824E-01
* Computing derivatives.
  Done. [total walltime: 2.15s]
* Optimizing manipulation constant:
  #igrid a___________ E____________________________________ varE____________
     1     Infinity    -4.05190094E+00 +/-   2.13319759E-03   4.55490046E-01
     2     1.0000E+06  -4.05190099E+00 +/-   2.13319309E-03   4.55488126E-01
     3     2.1544E+05  -4.05190129E+00 +/-   2.13317506E-03   4.55480426E-01
     4     4.6416E+04  -4.05186887E+00 +/-   2.13413625E-03   4.55890987E-01
     5     1.0000E+04  -4.03876730E+00 +/-   2.49509838E-03   6.23149243E-01
     6     2.1544E+03  -2.67009318E+00 +/-   1.31721226E-02   1.73671380E+01
     7     4.6416E+02  -2.92564762E-03 +/-   2.12466788E-02   4.51854724E+01
     8     1.0000E+02  -9.45934995E-21 +/-   2.12530926E-02   4.52127573E+01
     9     2.1544E+01  -1.66685432-166 +/-   5.75401210E-61   3.31404395-116
    10     4.6416E+00   0.00000000E+00 +/-   0.00000000E+00   0.00000000E+00
    11     1.0000E+00   0.00000000E+00 +/-   0.00000000E+00   0.00000000E+00
    12     2.1544E-01 (error)
    13     4.6416E-02 (error)
    14     1.0000E-02 (error)
    15     2.1544E-03 (error)
    16     4.6416E-04 (error)
    17     1.0000E-04 (error)
    18     2.1544E-05 (error)
    19     4.6416E-06 (error)
    20     1.0000E-06 (error)
    21     0.0000E+00 (error)
  ParMin   4.5707E+05  -4.05190108E+00 +/-   2.13318721E-03   4.55485615E-01
  # Using grid point #3
* Iteration # 1: E =  -4.051901293721E+00 +/-   2.133175062295E-03
* Convergence: exiting.
* After optimization:
  -4.6435E+00  -5.7138E-02   5.0270E-02  -1.3105E-01  -4.8255E-01   2.0700E-01
  -8.5299E-02   3.9042E-01  -1.3258E+00  -4.7569E+00   2.6374E-02  -2.0660E-01
  -5.1199E-01   2.3680E-01   2.8249E-01   5.1497E-01   1.9520E-01  -3.5182E-01
  -1.6974E-03  -1.3578E-03  -1.7041E-01
  > Energy =  -4.051901293721E+00 +/-   2.133175062295E-03
  > varE =   4.554804264808E-01

VMC #27:
* Size of Hilbert space =   6.3504E+04
* Deterministic energy evaluation:
  > Deterministic Etot/t = -4.0552475999954831
    - Ttot/t = -7.5133166234132229
    - Utot/t = 3.4580690234177451
* Number of equil. steps   = 1000
* Running VMC equilibration.
  Done. [total walltime: 0.04s]
* Equil. acc.ratio (%)     =   7.5488
* Sample config after equilibration:
  +-------------------+
  |              u    |
  |        d          |
  |  u                |
  |                d  |
  |          u        |
  |    d              |
  |                  u|
  |            u      |
  |      d            |
  |d                  |
  +-------------------+
* Number of accum. steps   = 500480 x 10
* Running VMC accumulation.
  Done. [total walltime: 1.95s]
* Acceptance ratio (%)     =   7.3547
* Etot/t                   =  -4.056959361504E+00 +/-   1.095408528406E-03
  > Ttot/t                 =  -7.505548715725E+00 +/-   8.667385218316E-03
  > Utot/t                 =   3.448589354220E+00 +/-   8.523798521363E-03
* var[Eloc/t]              =   6.189014534817E-01 +/-   2.606105965048E-02
* Correlation length       =   9.703255343796E-01
* log10 Psi^2 range: -0.50018031674473562 -- 7.4401183283757701
* log10 Pgen range : -0.50018031674473562 -- 7.4401183283757701
* Site occupation (ave. no. electrons per config.):
  > Site_  ___eu____  ___ed____
      1        0.499      0.501
      2        0.501      0.498
      3        0.500      0.501
      4        0.500      0.499
      5        0.499      0.501
      6        0.501      0.499
      7        0.498      0.502
      8        0.502      0.498
      9        0.497      0.504
     10        0.502      0.496
* Pair-correlation analysis (ave. no. pairs per config.):
  > Shell  nsite  ___dh____  __eueu___  __eued___
      0      1        0          0          0.345
      1      4        0.333      3.223     16.471
      2      4        0.063     15.937      4.031
      3      1        0.018      0.840      4.153

Optimization #27:
* Method          : lls
* Target function : energy
* No. of configs. : 100096
* No. of params.  : 21
* Before optimization:
  -4.6435E+00  -5.7138E-02   5.0270E-02  -1.3105E-01  -4.8255E-01   2.0700E-01
  -8.5299E-02   3.9042E-01  -1.3258E+00  -4.7569E+00   2.6374E-02  -2.0660E-01
  -5.1199E-01   2.3680E-01   2.8249E-01   5.1497E-01   1.9520E-01  -3.5182E-01
  -1.6974E-03  -1.3578E-03  -1.7041E-01
  > E    =  -4.058331309681E+00 +/-   2.488489832182E-03
  > varE =   6.198526523251E-01
* Computing derivatives.
  Done. [total walltime: 2.15s]
* Optimizing manipulation constant:
  #igrid a___________ E____________________________________ varE____________
     1     Infinity    -4.05833131E+00 +/-   2.48848983E-03   6.19852652E-01
     2     1.0000E+06  -4.05833132E+00 +/-   2.48848917E-03   6.19852323E-01
     3     2.1544E+05  -4.05833137E+00 +/-   2.48848676E-03   6.19851123E-01
     4     4.6416E+04  -4.05833159E+00 +/-   2.48847559E-03   6.19845558E-01
     5     1.0000E+04  -4.05833262E+00 +/-   2.48842390E-03   6.19819808E-01
     6     2.1544E+03  -4.05833718E+00 +/-   2.48818742E-03   6.19702008E-01
     7     4.6416E+02  -4.05835459E+00 +/-   2.48715853E-03   6.19189610E-01
     8     1.0000E+02  -4.05837545E+00 +/-   2.48354959E-03   6.17393988E-01
     9     2.1544E+01  -4.05780032E+00 +/-   2.48443120E-03   6.17832391E-01
    10     4.6416E+00  -4.04235700E+00 +/-   2.82665727E-03   7.99766170E-01
    11     1.0000E+00  -2.57797588E+00 +/-   1.37289112E-02   1.88663946E+01
    12     2.1544E-01 (error)
    13     4.6416E-02 (error)
    14     1.0000E-02 (error)
    15     2.1544E-03 (error)
    16     4.6416E-04 (error)
    17     1.0000E-04 (error)
    18     2.1544E-05 (error)
    19     4.6416E-06 (error)
    20     1.0000E-06 (error)
    21     0.0000E+00 (error)
  ParMin   1.9892E+02  -4.05837217E+00 +/-   2.48563481E-03   6.18431168E-01
  # Using grid point #8
* Iteration # 1: E =  -4.058375451563E+00 +/-   2.483549593790E-03
* Diminishing returns: exiting.
* After optimization:
  -4.5446E+00  -5.9380E-02   5.2534E-02  -1.2463E-01  -4.8173E-01   2.1173E-01
  -9.2591E-02   3.8702E-01  -1.2660E+00  -4.5642E+00   1.4208E-02  -1.9491E-01
  -5.0890E-01   2.2211E-01   2.9183E-01   5.1321E-01   1.9048E-01  -3.5027E-01
   4.3427E-03  -1.0237E-03  -1.7922E-01
  > Energy =  -4.058375451563E+00 +/-   2.483549593790E-03
  > varE =   6.173939882654E-01

VMC #28:
* Size of Hilbert space =   6.3504E+04
* Deterministic energy evaluation:
  > Deterministic Etot/t = -4.0553043074430200
    - Ttot/t = -7.5107863083350965
    - Utot/t = 3.4554820008920708
* Number of equil. steps   = 1000
* Running VMC equilibration.
  Done. [total walltime: 0.04s]
* Equil. acc.ratio (%)     =   7.4354
* Sample config after equilibration:
  +-------------------+
  |              d    |
  |        d          |
  |  0                |
  |                d  |
  |          u        |
  |    2              |
  |                  u|
  |            d      |
  |      u            |
  |u                  |
  +-------------------+
* Number of accum. steps   = 500480 x 10
* Running VMC accumulation.
  Done. [total walltime: 1.94s]
* Acceptance ratio (%)     =   7.3682
* Etot/t                   =  -4.055622155436E+00 +/-   1.059535466975E-03
  > Ttot/t                 =  -7.509786157995E+00 +/-   8.762525362537E-03
  > Utot/t                 =   3.454164002558E+00 +/-   8.627267353149E-03
* var[Eloc/t]              =   5.630641450274E-01 +/-   3.105138735167E-02
* Correlation length       =   9.978375700992E-01
* log10 Psi^2 range: -0.28294057339170575 -- 7.5154380524908113
* log10 Pgen range : -0.28294057339170575 -- 7.5154380524908113
* Site occupation (ave. no. electrons per config.):
  > Site_  ___eu____  ___ed____
      1        0.496      0.502
      2        0.503      0.496
      3        0.497      0.502
      4        0.502      0.497
      5        0.497      0.503
      6        0.504      0.497
      7        0.498      0.503
      8        0.502      0.500
      9        0.498      0.502
     10        0.502      0.497
* Pair-correlation analysis (ave. no. pairs per config.):
  > Shell  nsite  ___dh____  __eueu___  __eued___
      0      1        0          0          0.345
      1      4        0.333      3.225     16.469
      2      4        0.064     15.931      4.037
      3      1        0.018      0.844      4.149

Optimization #28:
* Method          : lls
* Target function : energy
* No. of configs. : 100096
* No. of params.  : 21
* Before optimization:
  -4.5446E+00  -5.9380E-02   5.2534E-02  -1.2463E-01  -4.8173E-01   2.1173E-01
  -9.2591E-02   3.8702E-01  -1.2660E+00  -4.5642E+00   1.4208E-02  -1.9491E-01
  -5.0890E-01   2.2211E-01   2.9183E-01   5.1321E-01   1.9048E-01  -3.5027E-01
   4.3427E-03  -1.0237E-03  -1.7922E-01
  > E    =  -4.054795050105E+00 +/-   2.558392528924E-03
  > varE =   6.551655889491E-01
* Computing derivatives.
  Done. [total walltime: 2.15s]
* Optimizing manipulation constant:
  #igrid a___________ E____________________________________ varE____________
     1     Infinity    -4.05479505E+00 +/-   2.55839253E-03   6.55165589E-01
     2     1.0000E+06  -4.05479509E+00 +/-   2.55839153E-03   6.55165079E-01
     3     2.1544E+05  -4.05479521E+00 +/-   2.55838790E-03   6.55163221E-01
     4     4.6416E+04  -4.05479581E+00 +/-   2.55837108E-03   6.55154604E-01
     5     1.0000E+04  -4.05479854E+00 +/-   2.55829328E-03   6.55114759E-01
     6     2.1544E+03  -4.05481088E+00 +/-   2.55793838E-03   6.54933010E-01
     7     4.6416E+02  -4.05486114E+00 +/-   2.55641254E-03   6.54151890E-01
     8     1.0000E+02  -4.05500602E+00 +/-   2.55118043E-03   6.51476978E-01
     9     2.1544E+01  -4.05538186E+00 +/-   2.54289173E-03   6.47250601E-01
    10     4.6416E+00  -3.97551590E+00 +/-   4.02243768E-03   1.61955377E+00
    11     1.0000E+00  -2.49305132E-01 +/-   2.07734296E-02   4.31949652E+01
    12     2.1544E-01  -3.63372678E-11 +/-   2.13275537E-02   4.55301217E+01
    13     4.6416E-02  -1.61849855E-68 +/-   5.66584800E-12   3.21326513E-18
    14     1.0000E-02   0.00000000E+00 +/-   0.00000000E+00   0.00000000E+00
    15     2.1544E-03   0.00000000E+00 +/-   0.00000000E+00   0.00000000E+00
    16     4.6416E-04   0.00000000E+00 +/-   0.00000000E+00   0.00000000E+00
    17     1.0000E-04   0.00000000E+00 +/-   0.00000000E+00   0.00000000E+00
    18     2.1544E-05   0.00000000E+00 +/-   0.00000000E+00   0.00000000E+00
    19     4.6416E-06   0.00000000E+00 +/-   0.00000000E+00   0.00000000E+00
    20     1.0000E-06   0.00000000E+00 +/-   0.00000000E+00   0.00000000E+00
    21     0.0000E+00   0.00000000E+00 +/-   0.00000000E+00   0.00000000E+00
  ParMin   4.6080E+01  -4.05515791E+00 +/-   2.54609900E-03   6.48884345E-01
  # Using grid point #9
* Iteration # 1: E =  -4.055381856028E+00 +/-   2.542891732561E-03
* Diminishing returns: exiting.
* After optimization:
  -4.2606E+00  -9.5228E-02   4.3789E-02  -1.1170E-01  -4.7090E-01   2.3974E-01
  -1.1284E-01   3.8406E-01  -1.1855E+00  -4.4009E+00  -2.7198E-02  -1.4182E-01
  -5.3784E-01   1.7315E-01   3.2630E-01   5.1170E-01   1.5926E-01  -3.2892E-01
   2.5142E-02  -1.0546E-03  -1.9790E-01
  > Energy =  -4.055381856028E+00 +/-   2.542891732561E-03
  > varE =   6.472506009956E-01

VMC #29:
* Size of Hilbert space =   6.3504E+04
* Deterministic energy evaluation:
  > Deterministic Etot/t = -4.0553725649611891
    - Ttot/t = -7.5406920348341053
    - Utot/t = 3.4853194698729135
* Number of equil. steps   = 1000
* Running VMC equilibration.
  Done. [total walltime: 0.04s]
* Equil. acc.ratio (%)     =   7.5498
* Sample config after equilibration:
  +-------------------+
  |              u    |
  |        d          |
  |  2                |
  |                u  |
  |          d        |
  |    d              |
  |                  u|
  |            u      |
  |      0            |
  |d                  |
  +-------------------+
* Number of accum. steps   = 500480 x 10
* Running VMC accumulation.
  Done. [total walltime: 1.96s]
* Acceptance ratio (%)     =   7.4459
* Etot/t                   =  -4.054065319952E+00 +/-   1.132933344503E-03
  > Ttot/t                 =  -7.550089137094E+00 +/-   8.699643626313E-03
  > Utot/t                 =   3.496023817136E+00 +/-   8.643008434956E-03
* var[Eloc/t]              =   6.159795340473E-01 +/-   3.422849593597E-02
* Correlation length       =   1.042867569877E+00
* log10 Psi^2 range: -0.32698074135856731 -- 8.0070812367610422
* log10 Pgen range : -0.32698074135856731 -- 8.0070812367610422
* Site occupation (ave. no. electrons per config.):
  > Site_  ___eu____  ___ed____
      1        0.504      0.496
      2        0.497      0.504
      3        0.504      0.495
      4        0.495      0.505
      5        0.503      0.497
      6        0.497      0.503
      7        0.503      0.496
      8        0.495      0.504
      9        0.506      0.496
     10        0.496      0.504
* Pair-correlation analysis (ave. no. pairs per config.):
  > Shell  nsite  ___dh____  __eueu___  __eued___
      0      1        0          0          0.349
      1      4        0.338      3.229     16.460
      2      4        0.064     15.928      4.041
      3      1        0.019      0.843      4.150

Optimization #29:
* Method          : lls
* Target function : energy
* No. of configs. : 100096
* No. of params.  : 21
* Before optimization:
  -4.2606E+00  -9.5228E-02   4.3789E-02  -1.1170E-01  -4.7090E-01   2.3974E-01
  -1.1284E-01   3.8406E-01  -1.1855E+00  -4.4009E+00  -2.7198E-02  -1.4182E-01
  -5.3784E-01   1.7315E-01   3.2630E-01   5.1170E-01   1.5926E-01  -3.2892E-01
   2.5142E-02  -1.0546E-03  -1.9790E-01
  > E    =  -4.056645353118E+00 +/-   2.542857967556E-03
  > varE =   6.472334124738E-01
* Computing derivatives.
  Done. [total walltime: 2.18s]
* Optimizing manipulation constant:
  #igrid a___________ E____________________________________ varE____________
     1     Infinity    -4.05664535E+00 +/-   2.54285797E-03   6.47233412E-01
     2     1.0000E+06  -4.05664538E+00 +/-   2.54285656E-03   6.47232694E-01
     3     2.1544E+05  -4.05664566E+00 +/-   2.54284486E-03   6.47226740E-01
     4     4.6416E+04  -4.05665048E+00 +/-   2.54266517E-03   6.47135271E-01
     5     1.0000E+04  -4.05654085E+00 +/-   2.54432835E-03   6.47982143E-01
     6     2.1544E+03  -3.91924444E+00 +/-   4.88775340E-03   2.39130678E+00
     7     4.6416E+02   2.24431117E+01 +/-   2.85914126E-02   8.18253643E+01
     8     1.0000E+02 (error)
     9     2.1544E+01  -2.11896537E+00 +/-   1.55522019E-02   2.42103179E+01
    10     4.6416E+00  -8.72567100E-80 +/-   1.31622209E-17   1.73410373E-29
    11     1.0000E+00   0.00000000E+00 +/-   0.00000000E+00   0.00000000E+00
    12     2.1544E-01   0.00000000E+00 +/-   0.00000000E+00   0.00000000E+00
    13     4.6416E-02   0.00000000E+00 +/-   0.00000000E+00   0.00000000E+00
    14     1.0000E-02   0.00000000E+00 +/-   0.00000000E+00   0.00000000E+00
    15     2.1544E-03   0.00000000E+00 +/-   0.00000000E+00   0.00000000E+00
    16     4.6416E-04   0.00000000E+00 +/-   0.00000000E+00   0.00000000E+00
    17     1.0000E-04   0.00000000E+00 +/-   0.00000000E+00   0.00000000E+00
    18     2.1544E-05   0.00000000E+00 +/-   0.00000000E+00   0.00000000E+00
    19     4.6416E-06   0.00000000E+00 +/-   0.00000000E+00   0.00000000E+00
    20     1.0000E-06   0.00000000E+00 +/-   0.00000000E+00   0.00000000E+00
    21     0.0000E+00   0.00000000E+00 +/-   0.00000000E+00   0.00000000E+00
  ParMin   9.3368E+04  -4.05664677E+00 +/-   2.54280293E-03   6.47205397E-01
  # Using grid point #4
* Iteration # 1: E =  -4.056650482436E+00 +/-   2.542665170157E-03
* Convergence: exiting.
* After optimization:
  -4.2229E+00  -9.5204E-02   4.3809E-02  -1.1169E-01  -4.7090E-01   2.3974E-01
  -1.1286E-01   3.8404E-01  -1.1631E+00  -4.3178E+00  -2.6665E-02  -1.3918E-01
  -5.2774E-01   1.6990E-01   3.2019E-01   5.1167E-01   1.5927E-01  -3.2890E-01
   2.5148E-02  -1.0536E-03  -1.9792E-01
  > Energy =  -4.056650482436E+00 +/-   2.542665170157E-03
  > varE =   6.471352707851E-01

VMC #30:
* Size of Hilbert space =   6.3504E+04
* Deterministic energy evaluation:
  > Deterministic Etot/t = -4.0553733375725241
    - Ttot/t = -7.5385362089381189
    - Utot/t = 3.4831628713655962
* Number of equil. steps   = 1000
* Running VMC equilibration.
  Done. [total walltime: 0.04s]
* Equil. acc.ratio (%)     =   7.5309
* Sample config after equilibration:
  +-------------------+
  |              u    |
  |        d          |
  |  d                |
  |                u  |
  |          d        |
  |    u              |
  |                  d|
  |            u      |
  |      d            |
  |u                  |
  +-------------------+
* Number of accum. steps   = 500480 x 10
* Running VMC accumulation.
  Done. [total walltime: 1.95s]
* Acceptance ratio (%)     =   7.4239
* Etot/t                   =  -4.054445131153E+00 +/-   1.099619005704E-03
  > Ttot/t                 =  -7.523215111964E+00 +/-   8.387180333734E-03
  > Utot/t                 =   3.468769980818E+00 +/-   8.329366568887E-03
* var[Eloc/t]              =   6.060855811150E-01 +/-   6.262195470530E-02
* Correlation length       =   9.984751253753E-01
* log10 Psi^2 range: -0.21530305842736791 -- 8.0069452204057754
* log10 Pgen range : -0.21530305842736791 -- 8.0069452204057754
* Site occupation (ave. no. electrons per config.):
  > Site_  ___eu____  ___ed____
      1        0.501      0.498
      2        0.501      0.500
      3        0.501      0.499
      4        0.499      0.501
      5        0.501      0.500
      6        0.499      0.501
      7        0.500      0.499
      8        0.498      0.500
      9        0.502      0.500
     10        0.496      0.503
* Pair-correlation analysis (ave. no. pairs per config.):
  > Shell  nsite  ___dh____  __eueu___  __eued___
      0      1        0          0          0.348
      1      4        0.337      3.228     16.463
      2      4        0.064     15.931      4.039
      3      1        0.020      0.841      4.151

Optimization #30:
* Method          : lls
* Target function : energy
* No. of configs. : 100096
* No. of params.  : 21
* Before optimization:
  -4.2229E+00  -9.5204E-02   4.3809E-02  -1.1169E-01  -4.7090E-01   2.3974E-01
  -1.1286E-01   3.8404E-01  -1.1631E+00  -4.3178E+00  -2.6665E-02  -1.3918E-01
  -5.2774E-01   1.6990E-01   3.2019E-01   5.1167E-01   1.5927E-01  -3.2890E-01
   2.5148E-02  -1.0536E-03  -1.9792E-01
  > E    =  -4.054246555513E+00 +/-   2.324183396384E-03
  > varE =   5.407014215350E-01
* Computing derivatives.
  Done. [total walltime: 2.15s]
* Optimizing manipulation constant:
  #igrid a___________ E____________________________________ varE____________
     1     Infinity    -4.05424656E+00 +/-   2.32418340E-03   5.40701422E-01
     2     1.0000E+06  -4.05424657E+00 +/-   2.32418213E-03   5.40700832E-01
     3     2.1544E+05  -4.05424660E+00 +/-   2.32417751E-03   5.40698681E-01
     4     4.6416E+04  -4.05424677E+00 +/-   2.32415583E-03   5.40688593E-01
     5     1.0000E+04  -4.05424736E+00 +/-   2.32405038E-03   5.40639532E-01
     6     2.1544E+03  -4.05424539E+00 +/-   2.32346976E-03   5.40369427E-01
     7     4.6416E+02  -4.05392959E+00 +/-   2.32439845E-03   5.40801487E-01
     8     1.0000E+02  -3.95247257E+00 +/-   4.18763963E-03   1.75531605E+00
     9     2.1544E+01  -3.67518270E+00 +/-   7.49182495E-03   5.61813234E+00
    10     4.6416E+00 (error)
    11     1.0000E+00 (error)
    12     2.1544E-01 (error)
    13     4.6416E-02 (error)
    14     1.0000E-02 (error)
    15     2.1544E-03 (error)
    16     4.6416E-04 (error)
    17     1.0000E-04 (error)
    18     2.1544E-05 (error)
    19     4.6416E-06 (error)
    20     1.0000E-06 (error)
    21     0.0000E+00 (error)
  ParMin   6.3138E+03  -4.05424759E+00 +/-   2.32396688E-03   5.40600683E-01
  # Using parabolic minimum
* Iteration # 1: E =  -4.054247585765E+00 +/-   2.323966876326E-03
* Convergence: exiting.
* After optimization:
  -4.2110E+00  -9.5034E-02   4.3907E-02  -1.1155E-01  -4.7089E-01   2.3969E-01
  -1.1285E-01   3.8398E-01  -1.1557E+00  -4.2900E+00  -2.6492E-02  -1.3873E-01
  -5.2395E-01   1.6897E-01   3.1789E-01   5.1199E-01   1.5947E-01  -3.2929E-01
   2.5071E-02  -1.0571E-03  -1.9791E-01
  > Energy =  -4.054247585765E+00 +/-   2.323966876326E-03
  > varE =   5.406006831422E-01

VMC #31:
* Size of Hilbert space =   6.3504E+04
* Deterministic energy evaluation:
  > Deterministic Etot/t = -4.0553743335652586
    - Ttot/t = -7.5382843063490341
    - Utot/t = 3.4829099727837760
* Number of equil. steps   = 1000
* Running VMC equilibration.
  Done. [total walltime: 0.04s]
* Equil. acc.ratio (%)     =   7.5851
* Sample config after equilibration:
  +-------------------+
  |              d    |
  |        u          |
  |  d                |
  |                d  |
  |          d        |
  |    u              |
  |                  u|
  |            u      |
  |      d            |
  |u                  |
  +-------------------+
* Number of accum. steps   = 500480 x 10
* Running VMC accumulation.
  Done. [total walltime: 1.95s]
* Acceptance ratio (%)     =   7.4099
* Etot/t                   =  -4.056158357779E+00 +/-   1.054675285744E-03
  > Ttot/t                 =  -7.526546784898E+00 +/-   8.613050552239E-03
  > Utot/t                 =   3.470388427110E+00 +/-   8.531919730352E-03
* var[Eloc/t]              =   5.330841581139E-01 +/-   1.238000893903E-02
* Correlation length       =   1.044307721185E+00
* log10 Psi^2 range: 0.40704822601690360 -- 8.0050871764202771
* log10 Pgen range : 0.40704822601690360 -- 8.0050871764202771
* Site occupation (ave. no. electrons per config.):
  > Site_  ___eu____  ___ed____
      1        0.501      0.500
      2        0.499      0.500
      3        0.499      0.500
      4        0.501      0.499
      5        0.500      0.501
      6        0.500      0.500
      7        0.499      0.499
      8        0.501      0.499
      9        0.500      0.501
     10        0.500      0.500
* Pair-correlation analysis (ave. no. pairs per config.):
  > Shell  nsite  ___dh____  __eueu___  __eued___
      0      1        0          0          0.348
      1      4        0.336      3.209     16.482
      2      4        0.065     15.952      4.016
      3      1        0.019      0.839      4.154

Optimization #31:
* Method          : lls
* Target function : energy
* No. of configs. : 100096
* No. of params.  : 21
* Before optimization:
  -4.2110E+00  -9.5034E-02   4.3907E-02  -1.1155E-01  -4.7089E-01   2.3969E-01
  -1.1285E-01   3.8398E-01  -1.1557E+00  -4.2900E+00  -2.6492E-02  -1.3873E-01
  -5.2395E-01   1.6897E-01   3.1789E-01   5.1199E-01   1.5947E-01  -3.2929E-01
   2.5071E-02  -1.0571E-03  -1.9791E-01
  > E    =  -4.060136015134E+00 +/-   2.501175570879E-03
  > varE =   6.261884880429E-01
* Computing derivatives.
  Done. [total walltime: 2.14s]
* Optimizing manipulation constant:
  #igrid a___________ E____________________________________ varE____________
     1     Infinity    -4.06013602E+00 +/-   2.50117557E-03   6.26188488E-01
     2     1.0000E+06  -4.06013602E+00 +/-   2.50117532E-03   6.26188362E-01
     3     2.1544E+05  -4.06013605E+00 +/-   2.50117440E-03   6.26187903E-01
     4     4.6416E+04  -4.06013618E+00 +/-   2.50117021E-03   6.26185803E-01
     5     1.0000E+04  -4.06013671E+00 +/-   2.50115195E-03   6.26176661E-01
     6     2.1544E+03  -4.06013732E+00 +/-   2.50109362E-03   6.26147456E-01
     7     4.6416E+02  -4.06008956E+00 +/-   2.50171484E-03   6.26458539E-01
     8     1.0000E+02  -4.05585145E+00 +/-   2.59761868E-03   6.75410051E-01
     9     2.1544E+01  -3.90400073E+00 +/-   5.03595187E-03   2.53851576E+00
    10     4.6416E+00  -3.34956846E+00 +/-   9.62196117E-03   9.26710157E+00
    11     1.0000E+00  -3.08416509E+00 +/-   1.11219143E-02   1.23815726E+01
    12     2.1544E-01  -3.57555752E+00 +/-   8.00754073E-03   6.41822644E+00
    13     4.6416E-02  -3.19538324E+00 +/-   1.06821287E-02   1.14217416E+01
    14     1.0000E-02 (error)
    15     2.1544E-03 (error)
    16     4.6416E-04 (error)
    17     1.0000E-04 (error)
    18     2.1544E-05 (error)
    19     4.6416E-06 (error)
    20     1.0000E-06 (error)
    21     0.0000E+00 (error)
  ParMin   4.5314E+03  -4.06013725E+00 +/-   2.50112776E-03   6.26164548E-01
  # Using grid point #6
* Iteration # 1: E =  -4.060137323787E+00 +/-   2.501093621830E-03
* Convergence: exiting.
* After optimization:
  -4.2254E+00  -9.5910E-02   4.2474E-02  -1.1252E-01  -4.7063E-01   2.3968E-01
  -1.1155E-01   3.8497E-01  -1.1719E+00  -4.3341E+00  -2.6389E-02  -1.4331E-01
  -5.2874E-01   1.7144E-01   3.1914E-01   5.0950E-01   1.5943E-01  -3.2627E-01
   2.4328E-02  -1.0613E-03  -1.9671E-01
  > Energy =  -4.060137323787E+00 +/-   2.501093621830E-03
  > varE =   6.261474555693E-01

VMC #32:
* Size of Hilbert space =   6.3504E+04
* Deterministic energy evaluation:
  > Deterministic Etot/t = -4.0553758451167852
    - Ttot/t = -7.5376695587815057
    - Utot/t = 3.4822937136647139
* Number of equil. steps   = 1000
* Running VMC equilibration.
  Done. [total walltime: 0.04s]
* Equil. acc.ratio (%)     =   7.6001
* Sample config after equilibration:
  +-------------------+
  |              d    |
  |        u          |
  |  d                |
  |                u  |
  |          d        |
  |    u              |
  |                  d|
  |            u      |
  |      d            |
  |u                  |
  +-------------------+
* Number of accum. steps   = 500480 x 10
* Running VMC accumulation.
  Done. [total walltime: 1.96s]
* Acceptance ratio (%)     =   7.4261
* Etot/t                   =  -4.056058955361E+00 +/-   1.096193975702E-03
  > Ttot/t                 =  -7.526687152301E+00 +/-   8.662176267094E-03
  > Utot/t                 =   3.470628196931E+00 +/-   8.560606403001E-03
* var[Eloc/t]              =   5.996607420123E-01 +/-   3.138573179245E-02
* Correlation length       =   1.002896074130E+00
* log10 Psi^2 range: 0.96157618598150640E-001 -- 8.0129623153016940
* log10 Pgen range : 0.96157618598150640E-001 -- 8.0129623153016940
* Site occupation (ave. no. electrons per config.):
  > Site_  ___eu____  ___ed____
      1        0.499      0.501
      2        0.501      0.498
      3        0.497      0.503
      4        0.502      0.497
      5        0.499      0.501
      6        0.503      0.498
      7        0.499      0.502
      8        0.502      0.499
      9        0.498      0.502
     10        0.501      0.499
* Pair-correlation analysis (ave. no. pairs per config.):
  > Shell  nsite  ___dh____  __eueu___  __eued___
      0      1        0          0          0.346
      1      4        0.334      3.208     16.486
      2      4        0.065     15.954      4.013
      3      1        0.019      0.839      4.155

Optimization #32:
* Method          : lls
* Target function : energy
* No. of configs. : 100096
* No. of params.  : 21
* Before optimization:
  -4.2254E+00  -9.5910E-02   4.2474E-02  -1.1252E-01  -4.7063E-01   2.3968E-01
  -1.1155E-01   3.8497E-01  -1.1719E+00  -4.3341E+00  -2.6389E-02  -1.4331E-01
  -5.2874E-01   1.7144E-01   3.1914E-01   5.0950E-01   1.5943E-01  -3.2627E-01
   2.4328E-02  -1.0613E-03  -1.9671E-01
  > E    =  -4.056353952968E+00 +/-   2.487877042245E-03
  > varE =   6.195474128219E-01
* Computing derivatives.
  Done. [total walltime: 2.13s]
* Optimizing manipulation constant:
  #igrid a___________ E____________________________________ varE____________
     1     Infinity    -4.05635395E+00 +/-   2.48787704E-03   6.19547413E-01
     2     1.0000E+06  -4.05635397E+00 +/-   2.48787686E-03   6.19547322E-01
     3     2.1544E+05  -4.05635403E+00 +/-   2.48787620E-03   6.19546994E-01
     4     4.6416E+04  -4.05635430E+00 +/-   2.48787316E-03   6.19545478E-01
     5     1.0000E+04  -4.05635555E+00 +/-   2.48785948E-03   6.19538665E-01
     6     2.1544E+03  -4.05636128E+00 +/-   2.48780551E-03   6.19511787E-01
     7     4.6416E+02  -4.05638588E+00 +/-   2.48774668E-03   6.19482488E-01
     8     1.0000E+02  -4.05645568E+00 +/-   2.49064881E-03   6.20928667E-01
     9     2.1544E+01  -4.05588691E+00 +/-   2.53358310E-03   6.42520560E-01
    10     4.6416E+00  -4.05107045E+00 +/-   2.70993040E-03   7.35077277E-01
    11     1.0000E+00  -4.04615182E+00 +/-   2.89789846E-03   8.40587736E-01
    12     2.1544E-01  -4.04983818E+00 +/-   2.73913341E-03   7.51005459E-01
    13     4.6416E-02   1.93984573E+01 +/-   4.18521415E-02   1.75328328E+02
    14     1.0000E-02   3.90099741E+01 +/-   1.26607637E+05   1.60448821E+15
    15     2.1544E-03   3.89549203E+01 +/-   0.00000000E+00  -1.00000000E+00
    16     4.6416E-04   3.89202556E+01 +/-   0.00000000E+00  -1.00000000E+00
    17     1.0000E-04   3.89073722E+01 +/-   0.00000000E+00  -1.00000000E+00
    18     2.1544E-05   3.89041379E+01 +/-   0.00000000E+00  -1.00000000E+00
    19     4.6416E-06   3.89034162E+01 +/-   0.00000000E+00  -1.00000000E+00
    20     1.0000E-06   3.89032595E+01 +/-   0.00000000E+00  -1.00000000E+00
    21     0.0000E+00   3.89032164E+01 +/-   0.00000000E+00  -1.00000000E+00
  ParMin   1.9039E+02  -4.05642237E+00 +/-   2.48834391E-03   6.19779961E-01
  # Using grid point #8
* Iteration # 1: E =  -4.056455675495E+00 +/-   2.490648805563E-03
* Diminishing returns: exiting.
* After optimization:
  -4.1282E+00  -1.0936E-01   1.8937E-02  -1.2857E-01  -4.6421E-01   2.4026E-01
  -8.8482E-02   4.0157E-01  -1.2384E+00  -4.3792E+00  -1.6924E-02  -1.9881E-01
  -5.5474E-01   1.9368E-01   3.1818E-01   4.4988E-01   1.6201E-01  -2.5677E-01
   1.1065E-02  -9.2434E-04  -1.7797E-01
  > Energy =  -4.056455675495E+00 +/-   2.490648805563E-03
  > varE =   6.209286670864E-01

VMC #33:
* Size of Hilbert space =   6.3504E+04
* Deterministic energy evaluation:
  > Deterministic Etot/t = -4.0553665497093618
    - Ttot/t = -7.5335465654482796
    - Utot/t = 3.4781800157389218
* Number of equil. steps   = 1000
* Running VMC equilibration.
  Done. [total walltime: 0.04s]
* Equil. acc.ratio (%)     =   7.6745
* Sample config after equilibration:
  +-------------------+
  |              2    |
  |        d          |
  |  u                |
  |                d  |
  |          u        |
  |    d              |
  |                  u|
  |            0      |
  |      u            |
  |d                  |
  +-------------------+
* Number of accum. steps   = 500480 x 10
* Running VMC accumulation.
  Done. [total walltime: 1.96s]
* Acceptance ratio (%)     =   7.4071
* Etot/t                   =  -4.055204122422E+00 +/-   1.102950438420E-03
  > Ttot/t                 =  -7.530108214490E+00 +/-   8.494630939582E-03
  > Utot/t                 =   3.474904092072E+00 +/-   8.414726585150E-03
* var[Eloc/t]              =   5.925528312510E-01 +/-   3.986958709844E-02
* Correlation length       =   1.027475901788E+00
* log10 Psi^2 range: -0.23018254268975143E-001 -- 8.1717979660261530
* log10 Pgen range : -0.23018254268975143E-001 -- 8.1717979660261530
* Site occupation (ave. no. electrons per config.):
  > Site_  ___eu____  ___ed____
      1        0.498      0.502
      2        0.500      0.500
      3        0.499      0.501
      4        0.501      0.500
      5        0.499      0.501
      6        0.503      0.498
      7        0.499      0.502
      8        0.501      0.498
      9        0.500      0.501
     10        0.500      0.498
* Pair-correlation analysis (ave. no. pairs per config.):
  > Shell  nsite  ___dh____  __eueu___  __eued___
      0      1        0          0          0.347
      1      4        0.335      3.233     16.460
      2      4        0.066     15.924      4.043
      3      1        0.019      0.843      4.150

VDAGGER finished.
Total VDAGGER walltime: 3m59s

Run ended: Tue Jan 20 09:07:37 CET 2026
