# FIXEDNODEStats VERSION 1 - REAL : NEl=  10 | PQ-Partition= F | P-Space Type= " SEMI-STOCH-INIT " | Trial Proj. Energy= T | Stochastic Sign-Flip-Potential= F | Back-Flow Correlations= T | Jastrow Correlations= T | Time-Reversal Initialization= T | Importance Sampling= F | Singles Only= F
#     1.Step   2.Shift    3.TotWalkers  4.Annihil  5.NoatHF  6.TrialNum    7.TrialDenom     8.TrialProj.E  9.TrialOverlap  10.UniqueDets  13.IterTime 
#           0   0.00000000         2000.000        0.000000       -1000.000      0.00000000000E+00  0.00000000000E+00    0.000000       0.00000000                2   0.0000    
         100   0.00000000         2676.624        0.000000       -998.8011     -8.13340943539E+05  2.12167307213E+03 -3.83348855309E+02   1.49898391              119  0.39048E-01
         200   0.00000000         3552.126        0.000000       -1002.119     -9.16009141143E+05  2.38949139356E+03 -3.83349002056E+02   1.67298750              320  0.41959E-01
         300   0.00000000         4631.454        0.000000       -1009.073     -1.03266518593E+06  2.69379809384E+03 -3.83349141233E+02   1.85463305              562  0.43338E-01
         400   0.00000000         5945.764        0.000000       -1019.664     -1.16314941893E+06  3.03417681256E+03 -3.83349254440E+02   2.04162465              836  0.43969E-01
         500   0.00000000         7504.400        0.000000       -1033.797     -1.30922081588E+06  3.41521583224E+03 -3.83349363609E+02   2.23182512             1170  0.50896E-01
         600   0.00000000         9431.607        0.000000       -1052.517     -1.47346302303E+06  3.84365485224E+03 -3.83349462862E+02   2.42322815             1625  0.46370E-01
         700   0.00000000         11793.66        0.000000       -1073.283     -1.66019256325E+06  4.33075389008E+03 -3.83349551924E+02   2.62385435             2257  0.46681E-01
         800   0.00000000         14577.46        0.000000       -1103.205     -1.87062861967E+06  4.87969328108E+03 -3.83349631201E+02   2.81976653             2963  0.47769E-01
         900   0.00000000         17941.20        0.000000       -1133.896     -2.10728293912E+06  5.49702509229E+03 -3.83349703475E+02   3.02189064             3839  0.51181E-01
        1000   0.00000000         21874.78        0.000000       -1169.572     -2.37346911879E+06  6.19139308247E+03 -3.83349770751E+02   3.22053637             4770  0.49861E-01
        1100   0.00000000         26545.17        0.000000       -1211.701     -2.67529446940E+06  6.97872859721E+03 -3.83349836883E+02   3.42132688             5831  0.56141E-01
        1200   0.00000000         32033.67        0.000000       -1256.980     -3.01451519630E+06  7.86361296127E+03 -3.83349894145E+02   3.62207532             7071  0.53825E-01
        1300   0.00000000         38468.23        0.000000       -1309.369     -3.39475265063E+06  8.85549276823E+03 -3.83349943304E+02   3.82190529             8490  0.65006E-01
        1400   0.00000000         46019.19        0.000000       -1363.498     -3.82322997733E+06  9.97321007911E+03 -3.83349989322E+02   4.01888282            10091  0.59751E-01
        1500   0.00000000         54837.76        0.000000       -1425.426     -4.30685107178E+06  1.12347742923E+04 -3.83350030871E+02   4.21606861            11865  0.61773E-01
        1600   0.00000000         65043.18        0.000000       -1492.991     -4.84755199753E+06  1.26452358829E+04 -3.83350064990E+02   4.41032998            13687  0.70384E-01
        1700   0.00000000         77022.72        0.000000       -1569.848     -5.45947831760E+06  1.42414946416E+04 -3.83350094564E+02   4.60350021            15680  0.68062E-01
        1800   0.00000000         90877.60        0.000000       -1648.496     -6.14663331604E+06  1.60339933517E+04 -3.83350122531E+02   4.79649137            17770  0.73155E-01
        1900   0.00000000         106796.0        0.000000       -1738.272     -6.91800506203E+06  1.80461781624E+04 -3.83350147593E+02   4.98452681            19885  0.79765E-01
        2000   0.00000000         125316.4        0.000000       -1838.014     -7.78824272785E+06  2.03162628571E+04 -3.83350165463E+02   5.16895924            22171  0.85689E-01
        2100   0.00000000         146727.3        0.000000       -1952.110     -8.77136925682E+06  2.28808269427E+04 -3.83350185673E+02   5.34611445            24458  0.83772E-01
        2200   0.00000000         171285.4        0.000000       -2073.418     -9.88247435642E+06  2.57792333561E+04 -3.83350203627E+02   5.52575816            26694  0.88141E-01
        2300   0.00000000         199403.1        0.000000       -2202.744     -1.11275987199E+07  2.90272399551E+04 -3.83350216455E+02   5.70408546            28888  0.10103    
        2400   0.00000000         231881.6        0.000000       -2346.061     -1.25281856032E+07  3.26807828973E+04 -3.83350228867E+02   5.87670464            31172  0.10159    
        2500   0.00000000         269312.0        0.000000       -2500.279     -1.41127569503E+07  3.68142641768E+04 -3.83350238445E+02   6.04724506            33398  0.10477    
        2600   0.00000000         312094.6        0.000000       -2673.543     -1.58936378253E+07  4.14598344468E+04 -3.83350248195E+02   6.21261581            35530  0.12030    
        2700   0.00000000         361207.4        0.000000       -2860.586     -1.78970557471E+07  4.66859104579E+04 -3.83350256460E+02   6.37565027            37588  0.12068    
        2800   0.00000000         417329.9        0.000000       -3065.611     -2.01577570331E+07  5.25831306783E+04 -3.83350264106E+02   6.53275144            39523  0.12962    
        2900   0.00000000         481471.3        0.000000       -3291.186     -2.27021254993E+07  5.92203195188E+04 -3.83350270375E+02   6.68772250            41322  0.14160    
        3000   0.00000000         554651.7        0.000000       -3539.646     -2.55670666752E+07  6.66937480373E+04 -3.83350275365E+02   6.83761123            43133  0.14924    
        3100   0.00000000         638320.4        0.000000       -3807.813     -2.87938811853E+07  7.51111524329E+04 -3.83350278256E+02   6.98274151            44835  0.16877    
        3200   0.00000000         733729.3        0.000000       -4099.086     -3.24296063203E+07  8.45952328994E+04 -3.83350281202E+02   7.12465426            46409  0.17672    
        3300   0.00000000         842406.4        0.000000       -4424.482     -3.65202895420E+07  9.52661080736E+04 -3.83350283542E+02   7.26071871            47901  0.19141    
        3400   0.00000000         966347.8        0.000000       -4772.150     -4.11316859147E+07  1.07295305319E+05 -3.83350285388E+02   7.39429073            49301  0.21259    
        3500 -0.789114346         1107764.        0.000000       -5151.999     -4.63304912906E+07  1.20856806462E+05 -3.83350285737E+02   7.52180131            50648  0.22494    
        3600  -1.27138332         1172456.        0.000000       -5149.321     -5.01708618774E+07  1.30874721912E+05 -3.83350284488E+02   7.95407875            51624  0.23506    
        3700  -1.43271157         1181445.        0.000000       -4910.917     -5.09872078505E+07  1.33004226178E+05 -3.83350283789E+02   8.27676360            52223  0.23449    
        3800  -1.42913313         1170527.        0.000000       -4612.202     -5.01760890505E+07  1.30888358191E+05 -3.83350282209E+02   8.46886691            52606  0.22729    
        3900  -1.38151156         1159149.        0.000000       -4344.683     -4.89821809408E+07  1.27773953622E+05 -3.83350280338E+02   8.58424546            52862  0.21623    
        4000  -1.34293725         1152723.        0.000000       -4107.036     -4.79325123932E+07  1.25035809655E+05 -3.83350278017E+02   8.67758452            53147  0.20949    
        4100  -1.32244278         1149766.        0.000000       -3905.584     -4.71052465352E+07  1.22877820732E+05 -3.83350276353E+02   8.76938482            53369  0.20347    
        4200  -1.31365549         1148607.        0.000000       -3721.893     -4.64312481350E+07  1.21119642388E+05 -3.83350274322E+02   8.86288647            53560  0.19713    
        4300  -1.30969416         1148019.        0.000000       -3555.366     -4.58414310120E+07  1.19581057755E+05 -3.83350271963E+02   8.95650322            53728  0.19027    
        4400  -1.30623190         1147124.        0.000000       -3403.331     -4.52909134054E+07  1.18144988864E+05 -3.83350270213E+02   9.04925383            53929  0.19041    
        4500  -1.30180747         1145888.        0.000000       -3264.941     -4.47643768501E+07  1.16771476827E+05 -3.83350267260E+02   9.13536263            54015  0.18443    
        4600  -1.29579552         1144428.        0.000000       -3132.852     -4.42521666210E+07  1.15435336142E+05 -3.83350264310E+02   9.22108008            54183  0.17834    
        4700  -1.29028269         1143352.        0.000000       -3010.194     -4.37642932403E+07  1.14162680175E+05 -3.83350260989E+02   9.29712511            54333  0.18097    
        4800  -1.28586851         1142460.        0.000000       -2895.863     -4.33162064872E+07  1.12993810874E+05 -3.83350257435E+02   9.37008433            54488  0.16946    
        4900  -1.28199087         1141563.        0.000000       -2787.948     -4.28951997004E+07  1.11895581822E+05 -3.83350253888E+02   9.44029954            54626  0.17222    
        5000  -1.27803571         1140512.        0.000000       -2686.937     -4.24975421766E+07  1.10858261230E+05 -3.83350250177E+02   9.50827438            54675  0.16548    
        5100  -1.27379090         1139577.        0.000000       -2597.839     -4.21199188639E+07  1.09873201436E+05 -3.83350246589E+02   9.57044295            54804  0.16083    
        5200  -1.26939366         1138673.        0.000000       -2511.122     -4.17594468442E+07  1.08932882214E+05 -3.83350242788E+02   9.62886219            54840  0.16377    
        5300  -1.26572567         1137908.        0.000000       -2424.664     -4.14241055172E+07  1.08058118239E+05 -3.83350239596E+02   9.68596925            54890  0.15596    
        5400  -1.26261081         1137276.        0.000000       -2342.919     -4.11075246567E+07  1.07232292351E+05 -3.83350236721E+02   9.73954798            54989  0.15837    
        5500  -1.25964990         1136554.        0.000000       -2270.525     -4.08099186604E+07  1.06455963840E+05 -3.83350234108E+02   9.79062040            55074  0.15175    
        5600  -1.25641478         1135763.        0.000000       -2200.668     -4.05187686274E+07  1.05696476286E+05 -3.83350231257E+02   9.83871431            55099  0.15987    
        5700  -1.25323566         1135118.        0.000000       -2133.399     -4.02384160540E+07  1.04965154880E+05 -3.83350227988E+02   9.88359258            55212  0.14732    
        5800  -1.25050430         1134484.        0.000000       -2073.393     -3.99771080724E+07  1.04283512709E+05 -3.83350225113E+02   9.92557321            55334  0.14977    
        5900  -1.24708934         1133756.        0.000000       -2014.939     -3.97220379823E+07  1.03618142603E+05 -3.83350222117E+02   9.96484662            55427  0.14370    
        6000  -1.24462448         1133256.        0.000000       -1960.213     -3.94896937756E+07  1.03012054908E+05 -3.83350218678E+02   10.0011821            55461  0.14701    
        6100  -1.24262530         1132805.        0.000000       -1906.195     -3.92725316100E+07  1.02445570359E+05 -3.83350216828E+02   10.0370393            55508  0.14010    
        6200  -1.24064328         1132461.        0.000000       -1855.265     -3.90560356624E+07  1.01880823715E+05 -3.83350214872E+02   10.0710405            55658  0.14262    
        6300  -1.23966478         1132164.        0.000000       -1806.295     -3.88477499176E+07  1.01337494010E+05 -3.83350213039E+02   10.1014856            55741  0.13924    
        6400  -1.23700668         1131442.        0.000000       -1762.349     -3.86473808556E+07  1.00814815767E+05 -3.83350210597E+02   10.1297404            55777  0.14226    
        6500  -1.23440743         1130887.        0.000000       -1720.089     -3.84583035024E+07  1.00321593254E+05 -3.83350206619E+02   10.1568144            55761  0.13395    
        6600  -1.23202387         1130396.        0.000000       -1677.676     -3.82808245744E+07  9.98586259383E+04 -3.83350203497E+02   10.1810705            55799  0.13355    
        6700  -1.23016608         1130077.        0.000000       -1638.158     -3.81170018048E+07  9.94312818242E+04 -3.83350200314E+02   10.2054551            55823  0.14117    
        6800  -1.22870220         1129747.        0.000000       -1600.486     -3.79590289300E+07  9.90191974973E+04 -3.83350197633E+02   10.2258804            55819  0.13539    
        6900  -1.22688246         1129334.        0.000000       -1567.731     -3.78127540107E+07  9.86376281529E+04 -3.83350195243E+02   10.2468102            55908  0.13456    
        7000  -1.22526203         1128955.        0.000000       -1535.458     -3.76711659887E+07  9.82682851581E+04 -3.83350192059E+02   10.2670923            55951  0.12898    
        7100  -1.22373935         1128615.        0.000000       -1505.458     -3.75358675750E+07  9.79153487690E+04 -3.83350190209E+02   10.2856945            55979  0.13662    
        7200  -1.22212818         1128140.        0.000000       -1476.569     -3.74026713285E+07  9.75678960477E+04 -3.83350188367E+02   10.3039684            56000  0.12722    
        7300  -1.22073027         1128088.        0.000000       -1452.533     -3.72757494325E+07  9.72368106446E+04 -3.83350185854E+02   10.3185140            56088  0.13116    
        7400  -1.21986086         1127813.        0.000000       -1425.333     -3.71575051944E+07  9.69283614777E+04 -3.83350183867E+02   10.3339749            56082  0.12946    
        7500  -1.21899542         1127471.        0.000000       -1400.054     -3.70428925231E+07  9.66293854995E+04 -3.83350182055E+02   10.3473443            56116  0.12569    
        7600  -1.21709659         1127097.        0.000000       -1377.719     -3.69333913792E+07  9.63437435464E+04 -3.83350179469E+02   10.3605497            56169  0.13374    
        7700  -1.21593083         1126928.        0.000000       -1352.818     -3.68297293348E+07  9.60733333212E+04 -3.83350177012E+02   10.3706774            56196  0.12417    
        7800  -1.21550277         1126838.        0.000000       -1331.734     -3.67328976412E+07  9.58207404252E+04 -3.83350175319E+02   10.3832523            56240  0.12794    
        7900  -1.21479566         1126614.        0.000000       -1312.105     -3.66396003131E+07  9.55773672493E+04 -3.83350173452E+02   10.3935656            56285  0.12372    
        8000  -1.21322370         1126247.        0.000000       -1288.875     -3.65440546063E+07  9.53281291669E+04 -3.83350170885E+02   10.4039593            56281  0.12729    
        8100  -1.21217391         1126037.        0.000000       -1268.686     -3.64530045791E+07  9.50906183923E+04 -3.83350168454E+02   10.4136784            56303  0.12301    
        8200  -1.21098932         1125774.        0.000000       -1248.619     -3.63663889726E+07  9.48646751025E+04 -3.83350166259E+02   10.4210936            56265  0.12267    
        8300  -1.20957208         1125540.        0.000000       -1231.093     -3.62862107545E+07  9.46555240405E+04 -3.83350164951E+02   10.4302022            56274  0.12987    
        8400  -1.20897209         1125327.        0.000000       -1213.263     -3.62064073069E+07  9.44473506394E+04 -3.83350163469E+02   10.4378506            56250  0.12426    
        8500  -1.20844927         1125246.        0.000000       -1193.905     -3.61295863360E+07  9.42469573180E+04 -3.83350161789E+02   10.4443681            56331  0.13369    
        8600  -1.20759890         1125050.        0.000000       -1176.514     -3.60563821655E+07  9.40559985867E+04 -3.83350160620E+02   10.4511198            56338  0.12280    
        8700  -1.20684208         1124841.        0.000000       -1162.656     -3.59851327206E+07  9.38701389103E+04 -3.83350159468E+02   10.4570002            56397  0.12618    
        8800  -1.20603389         1124852.        0.000000       -1148.934     -3.59204261253E+07  9.37013466704E+04 -3.83350158794E+02   10.4601933            56477  0.12881    
        8900  -1.20559219         1124660.        0.000000       -1139.890     -3.58641306633E+07  9.35544959405E+04 -3.83350156534E+02   10.4661676            56457  0.12276    
        9000  -1.20452489         1124315.        0.000000       -1127.013     -3.58028082698E+07  9.33945319906E+04 -3.83350154519E+02   10.4727886            56461  0.12604    
        9100  -1.20390877         1124240.        0.000000       -1113.608     -3.57441305262E+07  9.32414666378E+04 -3.83350153264E+02   10.4756766            56523  0.12136    
        9200  -1.20297875         1123998.        0.000000       -1105.231     -3.56870455700E+07  9.30925562322E+04 -3.83350151874E+02   10.4812684            56511  0.12280    
        9300  -1.20254159         1124004.        0.000000       -1093.024     -3.56348730912E+07  9.29564605045E+04 -3.83350150144E+02   10.4839243            56496  0.12097    
        9400  -1.20213194         1123803.        0.000000       -1084.995     -3.55855001738E+07  9.28276676324E+04 -3.83350148522E+02   10.4879489            56541  0.12139    
        9500  -1.20134974         1123742.        0.000000       -1073.313     -3.55405934351E+07  9.27105251114E+04 -3.83350147056E+02   10.4910000            56531  0.12334    
        9600  -1.20134045         1123708.        0.000000       -1065.152     -3.54986107487E+07  9.26010102030E+04 -3.83350145650E+02   10.4929024            56566  0.12105    
        9700  -1.20102181         1123633.        0.000000       -1058.205     -3.54600679985E+07  9.25004682132E+04 -3.83350146042E+02   10.4963945            56481  0.12330    
        9800  -1.20145871         1123869.        0.000000       -1049.228     -3.54258082646E+07  9.24110992597E+04 -3.83350144608E+02   10.4977394            56530  0.12133    
        9900  -1.20130176         1123566.        0.000000       -1038.000     -3.53843916214E+07  9.23030608342E+04 -3.83350143555E+02   10.5029640            56571  0.12518    
       10000  -1.20016395         1123454.        0.000000       -1029.464     -3.53368238273E+07  9.21789766437E+04 -3.83350142451E+02   10.5048720            56691  0.12793    
       10100  -1.19945741         1123101.        0.000000       -1020.282     -3.52967737487E+07  9.20745027612E+04 -3.83350142441E+02   10.5069392            56641  0.12044    
       10200  -1.19831393         1123020.        0.000000       -1010.691     -3.52573173608E+07  9.19715777610E+04 -3.83350141632E+02   10.5085200            56639  0.12513    
       10300  -1.19776549         1122813.        0.000000       -1004.030     -3.52215771803E+07  9.18783468764E+04 -3.83350140460E+02   10.5095670            56645  0.12403    
       10400  -1.19699342         1122788.        0.000000       -996.5884     -3.51916171541E+07  9.18001939493E+04 -3.83350139473E+02   10.5104285            56622  0.11993    
       10500  -1.19734653         1122794.        0.000000       -988.1164     -3.51669033156E+07  9.17357261729E+04 -3.83350138302E+02   10.5133685            56683  0.12838    
       10600  -1.19685571         1122680.        0.000000       -981.9741     -3.51354386202E+07  9.16536484056E+04 -3.83350136425E+02   10.5150539            56670  0.12002    
       10700  -1.19662318         1122659.        0.000000       -974.3900     -3.51070711967E+07  9.15796502227E+04 -3.83350134132E+02   10.5164518            56639  0.12466    
       10800  -1.19618391         1122538.        0.000000       -968.6039     -3.50800913674E+07  9.15092716633E+04 -3.83350131957E+02   10.5175078            56656  0.11987    
       10900  -1.19602659         1122554.        0.000000       -961.1774     -3.50565142239E+07  9.14477690093E+04 -3.83350130940E+02   10.5185255            56647  0.12317    
       11000  -1.19611757         1122621.        0.000000       -953.3146     -3.50307745807E+07  9.13806252354E+04 -3.83350130189E+02   10.5204049            56633  0.12158    
       11100  -1.19579068         1122420.        0.000000       -950.7065     -3.50039209847E+07  9.13105756230E+04 -3.83350129444E+02   10.5215080            56666  0.11957    
       11200  -1.19526419         1122318.        0.000000       -946.7801     -3.49782599763E+07  9.12436370017E+04 -3.83350128576E+02   10.5230432            56654  0.12444    
       11300  -1.19542261         1122412.        0.000000       -941.1209     -3.49541466924E+07  9.11807356516E+04 -3.83350128101E+02   10.5231676            56713  0.11977    
       11400  -1.19500410         1122289.        0.000000       -935.9637     -3.49333537127E+07  9.11264955208E+04 -3.83350127897E+02   10.5235236            56740  0.12714    
       11500  -1.19457668         1122088.        0.000000       -931.1075     -3.49133990781E+07  9.10744423321E+04 -3.83350127479E+02   10.5249266            56748  0.12030    
       11600  -1.19333826         1121925.        0.000000       -927.9828     -3.48917168718E+07  9.10178827112E+04 -3.83350126728E+02   10.5253404            56776  0.11957    
       11700  -1.19336069         1122031.        0.000000       -921.8644     -3.48724479585E+07  9.09676181332E+04 -3.83350126937E+02   10.5253599            56804  0.12253    
       11800  -1.19378417         1122064.        0.000000       -921.9577     -3.48587616075E+07  9.09319165642E+04 -3.83350125288E+02   10.5261223            56771  0.12050    
       11900  -1.19361132         1121988.        0.000000       -919.5221     -3.48439804724E+07  9.08933589473E+04 -3.83350124541E+02   10.5266072            56715  0.12421    
       12000  -1.19358045         1122086.        0.000000       -915.1883     -3.48302972759E+07  9.08576653464E+04 -3.83350123989E+02   10.5264698            56698  0.12004    
       12100  -1.19357749         1122013.        0.000000       -908.4044     -3.48163682068E+07  9.08213301303E+04 -3.83350124435E+02   10.5282160            56753  0.12361    
       12200  -1.19313581         1121844.        0.000000       -902.4074     -3.47998291030E+07  9.07781866216E+04 -3.83350124056E+02   10.5291250            56822  0.12158    
       12300  -1.19317125         1121935.        0.000000       -896.0774     -3.47853143836E+07  9.07403240203E+04 -3.83350123104E+02   10.5289970            56811  0.12195    
       12400  -1.19346822         1121934.        0.000000       -890.3216     -3.47739654401E+07  9.07107195333E+04 -3.83350122445E+02   10.5293537            56782  0.12519    
       12500  -1.19292131         1121786.        0.000000       -888.0985     -3.47594372499E+07  9.06728217166E+04 -3.83350121810E+02   10.5311983            56837  0.12120    
       12600  -1.19242810         1121708.        0.000000       -884.9849     -3.47443981887E+07  9.06335910368E+04 -3.83350122083E+02   10.5306697            56834  0.12030    
       12700  -1.19216908         1121675.        0.000000       -881.9679     -3.47338935161E+07  9.06061887332E+04 -3.83350122124E+02   10.5296320            56757  0.13150    
       12800  -1.19283387         1122001.        0.000000       -878.0064     -3.47263644505E+07  9.05865484300E+04 -3.83350122643E+02   10.5305264            56841  0.12035    
       12900  -1.19296460         1121815.        0.000000       -876.5026     -3.47117477928E+07  9.05484199911E+04 -3.83350121363E+02   10.5321019            56824  0.12435    
       13000  -1.19308111         1121830.        0.000000       -877.2321     -3.46989646959E+07  9.05150744700E+04 -3.83350120398E+02   10.5310510            56800  0.12036    
       13100  -1.19266342         1121730.        0.000000       -873.1660     -3.46923524113E+07  9.04978258803E+04 -3.83350120004E+02   10.5326375            56815  0.12013    
       13200  -1.19178436         1121486.        0.000000       -872.8551     -3.46783534783E+07  9.04613084021E+04 -3.83350120520E+02   10.5329925            56799  0.12556    
       13300  -1.19135028         1121551.        0.000000       -869.5683     -3.46663397427E+07  9.04299697449E+04 -3.83350119883E+02   10.5312841            56774  0.12168    
       13400  -1.19195198         1121604.        0.000000       -866.2523     -3.46617336366E+07  9.04179544715E+04 -3.83350119334E+02   10.5324918            56810  0.12747    
       13500  -1.19197763         1121631.        0.000000       -862.6755     -3.46550349499E+07  9.04004804745E+04 -3.83350119026E+02   10.5327714            56852  0.12011    
       13600  -1.19164491         1121565.        0.000000       -859.6601     -3.46465235236E+07  9.03782779445E+04 -3.83350118099E+02   10.5328345            56844  0.12703    
       13700  -1.19193770         1121746.        0.000000       -856.8211     -3.46423264610E+07  9.03673298470E+04 -3.83350116902E+02   10.5330511            56901  0.12281    
       13800  -1.19215933         1121619.        0.000000       -857.7150     -3.46327126537E+07  9.03422514846E+04 -3.83350116746E+02   10.5335753            56853  0.12035    
       13900  -1.19172693         1121536.        0.000000       -855.8228     -3.46231099593E+07  9.03172018988E+04 -3.83350117490E+02   10.5333724            56841  0.12291    
       14000  -1.19141403         1121444.        0.000000       -855.3118     -3.46147518796E+07  9.02953992314E+04 -3.83350117218E+02   10.5347381            56874  0.11941    
       14100  -1.19101805         1121542.        0.000000       -854.0651     -3.46055514409E+07  9.02713989607E+04 -3.83350117970E+02   10.5321472            56868  0.12210    
       14200  -1.19148433         1121411.        0.000000       -853.7788     -3.46067400418E+07  9.02744998284E+04 -3.83350116672E+02   10.5331775            56768  0.12188    
       14300  -1.19098757         1121448.        0.000000       -854.2810     -3.46049750076E+07  9.02698959737E+04 -3.83350115056E+02   10.5315424            56761  0.11948    
       14400  -1.19092604         1121391.        0.000000       -853.9266     -3.46027241433E+07  9.02640245968E+04 -3.83350114266E+02   10.5341468            56808  0.12538    
       14500  -1.19102309         1121453.        0.000000       -848.0308     -3.45941260644E+07  9.02415959840E+04 -3.83350113517E+02   10.5336926            56831  0.11915    
       14600  -1.19083658         1121329.        0.000000       -847.6939     -3.45878821362E+07  9.02253081034E+04 -3.83350113879E+02   10.5344837            56789  0.12266    
       14700  -1.19123292         1121627.        0.000000       -845.1199     -3.45842260352E+07  9.02157708964E+04 -3.83350113750E+02   10.5330048            56831  0.12108    
       14800  -1.19174238         1121517.        0.000000       -843.6147     -3.45833936958E+07  9.02135997537E+04 -3.83350113400E+02   10.5336738            56808  0.12250    
       14900  -1.19093618         1121254.        0.000000       -841.5089     -3.45774027608E+07  9.01979719504E+04 -3.83350113236E+02   10.5350871            56774  0.12263    
       15000  -1.18998671         1121268.        0.000000       -840.0189     -3.45695758715E+07  9.01775547680E+04 -3.83350113678E+02   10.5333867            56778  0.12014    
       15100  -1.19092741         1121497.        0.000000       -838.7868     -3.45697916071E+07  9.01781173911E+04 -3.83350114276E+02   10.5334871            56803  0.13420    
       15200  -1.19158661         1121470.        0.000000       -836.5048     -3.45697661834E+07  9.01780508937E+04 -3.83350115031E+02   10.5345756            56796  0.11982    
       15300  -1.19083122         1121333.        0.000000       -837.4541     -3.45600197725E+07  9.01526265960E+04 -3.83350114993E+02   10.5358022            56797  0.12262    
       15400  -1.19043711         1121319.        0.000000       -837.8792     -3.45483678959E+07  9.01222319258E+04 -3.83350114146E+02   10.5346643            56791  0.12476    
       15500  -1.18994523         1121167.        0.000000       -836.7417     -3.45443254990E+07  9.01116872068E+04 -3.83350113284E+02   10.5338612            56753  0.12029    
       15600  -1.19049077         1121502.        0.000000       -836.7521     -3.45503559049E+07  9.01274180956E+04 -3.83350112929E+02   10.5324041            56736  0.12545    
       15700  -1.19131600         1121516.        0.000000       -834.0370     -3.45526988625E+07  9.01335300414E+04 -3.83350112290E+02   10.5342835            56775  0.12030    
       15800  -1.19116086         1121444.        0.000000       -833.5819     -3.45497638637E+07  9.01258738991E+04 -3.83350112115E+02   10.5348813            56822  0.12348    
       15900  -1.19075758         1121369.        0.000000       -834.6015     -3.45458621699E+07  9.01156958651E+04 -3.83350112744E+02   10.5342144            56772  0.11981    
       16000  -1.19094797         1121482.        0.000000       -832.8537     -3.45424915829E+07  9.01069034939E+04 -3.83350112406E+02   10.5339116            56767  0.11998    
       16100  -1.19144766         1121474.        0.000000       -831.9131     -3.45470614026E+07  9.01188241956E+04 -3.83350112598E+02   10.5346152            56768  0.12494    
       16200  -1.19104182         1121391.        0.000000       -831.1970     -3.45413313154E+07  9.01038767081E+04 -3.83350112973E+02   10.5351380            56748  0.12039    
       16300  -1.19045712         1121192.        0.000000       -828.9628     -3.45351773470E+07  9.00878235596E+04 -3.83350113062E+02   10.5352825            56755  0.12668    
       16400  -1.19028734         1121305.        0.000000       -829.1214     -3.45293827591E+07  9.00727079561E+04 -3.83350112843E+02   10.5350739            56822  0.11949    
       16500  -1.19061056         1121376.        0.000000       -827.7833     -3.45246976573E+07  9.00604863473E+04 -3.83350113436E+02   10.5346128            56841  0.11958    
       16600  -1.18996226         1121184.        0.000000       -827.1398     -3.45203491301E+07  9.00491429230E+04 -3.83350113167E+02   10.5350264            56837  0.12529    
       16700  -1.18967395         1121036.        0.000000       -829.1400     -3.45152605827E+07  9.00358691826E+04 -3.83350112528E+02   10.5351643            56799  0.11888    
       16800  -1.18900322         1120952.        0.000000       -828.3063     -3.45093032938E+07  9.00203290422E+04 -3.83350112813E+02   10.5350727            56765  0.12315    
       16900  -1.18975192         1121293.        0.000000       -827.1567     -3.45107984980E+07  9.00242292996E+04 -3.83350113259E+02   10.5332874            56794  0.12169    
       17000  -1.19053083         1121378.        0.000000       -827.6566     -3.45113198687E+07  9.00255891378E+04 -3.83350114109E+02   10.5342656            56771  0.11923    
       17100  -1.19090552         1121377.        0.000000       -826.9578     -3.45105455605E+07  9.00235692655E+04 -3.83350114221E+02   10.5346730            56816  0.12602    
       17200  -1.19096497         1121385.        0.000000       -827.4644     -3.45122650414E+07  9.00280546442E+04 -3.83350114338E+02   10.5343811            56744  0.11866    
       17300  -1.19114472         1121437.        0.000000       -829.0419     -3.45095466256E+07  9.00209633127E+04 -3.83350114859E+02   10.5351269            56868  0.12781    
       17400  -1.19069771         1121339.        0.000000       -826.9111     -3.45032169472E+07  9.00044518847E+04 -3.83350114630E+02   10.5354589            56912  0.11967    
       17500  -1.19022853         1121269.        0.000000       -828.2084     -3.44999334694E+07  8.99958868764E+04 -3.83350113731E+02   10.5342780            56893  0.11896    
       17600  -1.19028332         1121362.        0.000000       -828.5844     -3.44999980345E+07  8.99960549954E+04 -3.83350115028E+02   10.5335511            56909  0.12303    
       17700  -1.19084608         1121392.        0.000000       -828.3977     -3.45040372665E+07  9.00065916611E+04 -3.83350115028E+02   10.5342079            56902  0.11872    
       17800  -1.19043351         1121222.        0.000000       -830.5877     -3.44992627450E+07  8.99941369425E+04 -3.83350114987E+02   10.5356570            56872  0.12770    
       17900  -1.19012488         1121153.        0.000000       -827.0007     -3.44933089342E+07  8.99786059614E+04 -3.83350114904E+02   10.5355984            56827  0.11920    
       18000  -1.18952177         1121024.        0.000000       -826.0300     -3.44907040097E+07  8.99718109848E+04 -3.83350114132E+02   10.5347351            56789  0.12068    
       18100  -1.18906468         1121007.        0.000000       -822.7392     -3.44881424123E+07  8.99651287473E+04 -3.83350114567E+02   10.5351674            56790  0.12505    
       18200  -1.18919621         1121049.        0.000000       -822.9460     -3.44880342751E+07  8.99648468148E+04 -3.83350113919E+02   10.5339566            56787  0.11861    
       18300  -1.18909636         1120930.        0.000000       -821.2533     -3.44870580378E+07  8.99623001926E+04 -3.83350114036E+02   10.5357564            56799  0.13020    
       18400  -1.18908676         1121083.        0.000000       -820.3033     -3.44823895783E+07  8.99501219048E+04 -3.83350115020E+02   10.5328806            56809  0.11932    
       18500  -1.18968012         1121167.        0.000000       -821.3303     -3.44882612581E+07  8.99654388199E+04 -3.83350114338E+02   10.5339083            56863  0.12446    
       18600  -1.19010896         1121306.        0.000000       -824.4899     -3.44903058838E+07  8.99707726353E+04 -3.83350113304E+02   10.5352068            56924  0.11979    
       18700  -1.18960816         1120984.        0.000000       -824.2272     -3.44819258280E+07  8.99489126659E+04 -3.83350112925E+02   10.5354845            56847  0.12034    
       18800  -1.18915689         1120945.        0.000000       -823.4912     -3.44796582647E+07  8.99429975766E+04 -3.83350112780E+02   10.5349908            56824  0.12679    
       18900  -1.18899892         1121100.        0.000000       -821.0726     -3.44787445727E+07  8.99406141690E+04 -3.83350112641E+02   10.5329991            56826  0.11908    
       19000  -1.18924941         1121080.        0.000000       -818.2654     -3.44808321931E+07  8.99460598855E+04 -3.83350112689E+02   10.5349220            56824  0.12323    
       19100  -1.18911863         1120997.        0.000000       -815.6987     -3.44757179983E+07  8.99327190256E+04 -3.83350112971E+02   10.5345353            56832  0.12277    
       19200  -1.18908373         1121021.        0.000000       -818.3124     -3.44755144207E+07  8.99321877895E+04 -3.83350113770E+02   10.5346195            56843  0.11966    
       19300  -1.18908803         1121116.        0.000000       -815.7674     -3.44748262956E+07  8.99303928040E+04 -3.83350113579E+02   10.5337464            56813  0.12627    
       19400  -1.18995831         1121240.        0.000000       -815.1144     -3.44754883259E+07  8.99321198739E+04 -3.83350113111E+02   10.5346702            56863  0.11953    
       19500  -1.19046984         1121474.        0.000000       -816.0379     -3.44791145837E+07  8.99415794018E+04 -3.83350112517E+02   10.5331423            56946  0.12299    
       19600  -1.19054985         1121155.        0.000000       -817.4282     -3.44803210594E+07  8.99447266548E+04 -3.83350112250E+02   10.5354760            56893  0.12017    
       19700  -1.18972092         1121123.        0.000000       -816.7343     -3.44766347449E+07  8.99351108027E+04 -3.83350111399E+02   10.5350950            56929  0.11915    
       19800  -1.18956142         1121153.        0.000000       -817.5471     -3.44737183374E+07  8.99275033573E+04 -3.83350110371E+02   10.5335171            56918  0.12549    
       19900  -1.19035544         1121345.        0.000000       -819.5443     -3.44804473651E+07  8.99450565729E+04 -3.83350110377E+02   10.5347886            56908  0.11912    
       20000  -1.19022872         1121195.        0.000000       -823.5743     -3.44784131855E+07  8.99397502790E+04 -3.83350110253E+02   10.5353133            56872  0.12407    
       20100  -1.18957316         1121020.        0.000000       -824.2978     -3.44723582532E+07  8.99239555246E+04 -3.83350110125E+02   10.5354791            56886  0.11982    
       20200  -1.18882516         1120835.        0.000000       -821.4381     -3.44666506690E+07  8.99090669335E+04 -3.83350109667E+02   10.5360726            56908  0.11947    
       20300  -1.18903634         1121026.        0.000000       -821.3183     -3.44703051442E+07  8.99186000365E+04 -3.83350109213E+02   10.5338938            56884  0.13104    
       20400  -1.18980996         1121182.        0.000000       -822.0507     -3.44738482308E+07  8.99278421974E+04 -3.83350110360E+02   10.5338948            56903  0.11918    
       20500  -1.18996900         1121196.        0.000000       -818.1364     -3.44735405055E+07  8.99270395293E+04 -3.83350110111E+02   10.5351149            56894  0.12760    
       20600  -1.18994117         1121176.        0.000000       -817.4436     -3.44688061277E+07  8.99146895754E+04 -3.83350109871E+02   10.5351341            56859  0.12021    
       20700  -1.18940173         1120838.        0.000000       -816.9400     -3.44623545404E+07  8.98978600796E+04 -3.83350109891E+02   10.5364787            56808  0.12638    
       20800  -1.18849242         1120858.        0.000000       -818.7942     -3.44543794995E+07  8.98770566330E+04 -3.83350109475E+02   10.5343764            56873  0.11955    
       20900  -1.18886304         1120988.        0.000000       -816.1176     -3.44576024970E+07  8.98854640714E+04 -3.83350109531E+02   10.5343141            56954  0.12525    
       21000  -1.18882571         1120954.        0.000000       -815.9193     -3.44555654902E+07  8.98801502176E+04 -3.83350110195E+02   10.5339316            56930  0.12572    
       21100  -1.18915768         1121014.        0.000000       -815.3047     -3.44605495615E+07  8.98931513197E+04 -3.83350111278E+02   10.5343126            56895  0.11983    
       21200  -1.18923103         1120999.        0.000000       -815.2843     -3.44647561336E+07  8.99041245665E+04 -3.83350111018E+02   10.5338101            56837  0.12432    
       21300  -1.18957303         1121024.        0.000000       -815.1838     -3.44716063413E+07  8.99219941292E+04 -3.83350110005E+02   10.5352547            56883  0.12069    
       21400  -1.18921228         1120966.        0.000000       -813.4592     -3.44703591637E+07  8.99187406486E+04 -3.83350110500E+02   10.5349704            56848  0.12070    
       21500  -1.18917176         1121038.        0.000000       -814.1020     -3.44707873352E+07  8.99198576201E+04 -3.83350110282E+02   10.5345972            56875  0.12431    
       21600  -1.18919403         1121165.        0.000000       -818.1309     -3.44677947479E+07  8.99120513858E+04 -3.83350109542E+02   10.5338373            56907  0.12308    
       21700  -1.18948446         1121035.        0.000000       -818.2539     -3.44661699771E+07  8.99078130464E+04 -3.83350109510E+02   10.5370457            56885  0.13232    
       21800  -1.18939213         1121105.        0.000000       -816.3461     -3.44584052025E+07  8.98875577079E+04 -3.83350110751E+02   10.5346359            56855  0.12439    
       21900  -1.18947949         1121063.        0.000000       -815.6375     -3.44582324439E+07  8.98871069089E+04 -3.83350111367E+02   10.5344424            56871  0.11914    
       22000  -1.18978708         1121268.        0.000000       -818.4116     -3.44643744803E+07  8.99031290009E+04 -3.83350110984E+02   10.5334245            56821  0.12362    
       22100  -1.19040758         1121270.        0.000000       -818.0647     -3.44650907128E+07  8.99049973287E+04 -3.83350111082E+02   10.5351338            56865  0.12339    
       22200  -1.18984526         1121173.        0.000000       -819.3082     -3.44608323377E+07  8.98938890870E+04 -3.83350110755E+02   10.5348955            56812  0.12457    
       22300  -1.18950833         1120995.        0.000000       -818.8718     -3.44571256376E+07  8.98842199475E+04 -3.83350110372E+02   10.5351726            56758  0.12108    
       22400  -1.18904040         1121043.        0.000000       -815.3730     -3.44542536237E+07  8.98767281665E+04 -3.83350109941E+02   10.5342220            56790  0.12750    
       22500  -1.18960764         1121185.        0.000000       -814.9696     -3.44545112830E+07  8.98774005278E+04 -3.83350108933E+02   10.5347953            56850  0.11915    
       22600  -1.19003638         1121258.        0.000000       -813.5359     -3.44545443263E+07  8.98774867960E+04 -3.83350108626E+02   10.5339673            56839  0.11973    
       22700  -1.19035877         1121249.        0.000000       -811.6539     -3.44574620891E+07  8.98850979658E+04 -3.83350108848E+02   10.5355922            56840  0.12768    
       22800  -1.19044320         1121380.        0.000000       -808.9074     -3.44554106756E+07  8.98797468465E+04 -3.83350108167E+02   10.5345350            56881  0.12153    
       22900  -1.19029423         1121292.        0.000000       -809.6090     -3.44520051988E+07  8.98708634399E+04 -3.83350107923E+02   10.5346303            56923  0.12722    
       23000  -1.19010432         1121189.        0.000000       -809.9712     -3.44509246718E+07  8.98680446863E+04 -3.83350108396E+02   10.5346478            56910  0.11981    
       23100  -1.18968666         1121105.        0.000000       -810.8917     -3.44502367663E+07  8.98662502527E+04 -3.83350108294E+02   10.5348284            56893  0.11927    
       23200  -1.18920118         1120977.        0.000000       -811.5099     -3.44467620886E+07  8.98571861970E+04 -3.83350108617E+02   10.5353630            56869  0.12442    
       23300  -1.18883388         1120913.        0.000000       -811.8593     -3.44447884001E+07  8.98520374772E+04 -3.83350109438E+02   10.5348686            56896  0.11905    
       23400  -1.18902929         1121082.        0.000000       -812.1883     -3.44493555819E+07  8.98639516188E+04 -3.83350108262E+02   10.5327499            56858  0.12519    
       23500  -1.18939980         1121066.        0.000000       -812.5367     -3.44546127384E+07  8.98776655786E+04 -3.83350107244E+02   10.5348856            56788  0.11918    
       23600  -1.18928537         1120959.        0.000000       -812.7809     -3.44504366466E+07  8.98667718168E+04 -3.83350107610E+02   10.5362309            56846  0.11946    
       23700  -1.18905838         1121112.        0.000000       -811.9908     -3.44463128644E+07  8.98560145055E+04 -3.83350107992E+02   10.5336870            56874  0.12335    
       23800  -1.18977535         1121197.        0.000000       -811.3405     -3.44506230894E+07  8.98672578865E+04 -3.83350108812E+02   10.5336704            56858  0.11904    
       23900  -1.18964135         1120984.        0.000000       -810.6814     -3.44546245950E+07  8.98776960314E+04 -3.83350109274E+02   10.5351337            56843  0.12366    
       24000  -1.18905272         1121022.        0.000000       -805.9600     -3.44523132697E+07  8.98716667397E+04 -3.83350109323E+02   10.5353296            56837  0.12017    
       24100  -1.18869190         1120733.        0.000000       -803.6043     -3.44473118420E+07  8.98586200568E+04 -3.83350109541E+02   10.5355328            56768  0.12147    
       24200  -1.18778819         1120795.        0.000000       -804.2854     -3.44416923920E+07  8.98439612618E+04 -3.83350109549E+02   10.5350761            56797  0.12247    
       24300  -1.18877133         1121010.        0.000000       -804.0896     -3.44448139078E+07  8.98521041923E+04 -3.83350108687E+02   10.5334044            56860  0.12182    
       24400  -1.18941734         1121117.        0.000000       -804.9410     -3.44498482947E+07  8.98652367332E+04 -3.83350108975E+02   10.5343180            56800  0.12624    
       24500  -1.18966327         1121089.        0.000000       -804.6468     -3.44522072172E+07  8.98713903196E+04 -3.83350108356E+02   10.5339231            56762  0.11906    
       24600  -1.18959958         1121130.        0.000000       -802.5708     -3.44542366862E+07  8.98766844647E+04 -3.83350107888E+02   10.5350010            56738  0.12030    
       24700  -1.18985890         1121214.        0.000000       -800.4720     -3.44537429647E+07  8.98753964277E+04 -3.83350108419E+02   10.5346203            56791  0.12504    
       24800  -1.19037432         1121404.        0.000000       -800.9046     -3.44525265103E+07  8.98722232453E+04 -3.83350108256E+02   10.5348861            56849  0.11899    
       24900  -1.19039474         1121129.        0.000000       -802.6671     -3.44482249609E+07  8.98610022533E+04 -3.83350108469E+02   10.5361313            56839  0.12422    
       25000  -1.18981993         1121186.        0.000000       -802.0773     -3.44445672685E+07  8.98514606298E+04 -3.83350109471E+02   10.5347758            56867  0.11885    
       25100  -1.18976412         1121036.        0.000000       -803.5568     -3.44450183692E+07  8.98526373013E+04 -3.83350109733E+02   10.5348037            56848  0.12223    
       25200  -1.18960382         1121216.        0.000000       -801.4242     -3.44447373152E+07  8.98519041714E+04 -3.83350109637E+02   10.5340059            56854  0.12589    
       25300  -1.19038695         1121382.        0.000000       -803.3886     -3.44482214019E+07  8.98609927232E+04 -3.83350109518E+02   10.5339395            56862  0.12161    
       25400  -1.19069684         1121249.        0.000000       -804.1566     -3.44499029157E+07  8.98653788806E+04 -3.83350110407E+02   10.5352904            56817  0.12603    
       25500  -1.18993204         1121088.        0.000000       -803.0129     -3.44454371752E+07  8.98537295976E+04 -3.83350110558E+02   10.5352978            56837  0.11896    
       25600  -1.18945641         1121011.        0.000000       -804.7690     -3.44395190444E+07  8.98382916421E+04 -3.83350110681E+02   10.5346235            56862  0.12420    
       25700  -1.18892424         1120938.        0.000000       -804.5231     -3.44413825999E+07  8.98431530167E+04 -3.83350110092E+02   10.5331183            56756  0.12039    
       25800  -1.18895194         1121011.        0.000000       -804.0317     -3.44467568145E+07  8.98571721474E+04 -3.83350109861E+02   10.5346149            56754  0.11986    
       25900  -1.18920802         1121004.        0.000000       -804.4883     -3.44458830652E+07  8.98548927224E+04 -3.83350110624E+02   10.5342851            56796  0.12287    
       26000  -1.18915750         1121047.        0.000000       -805.0398     -3.44472409918E+07  8.98584349881E+04 -3.83350110609E+02   10.5340243            56772  0.12010    
       26100  -1.18925833         1121048.        0.000000       -805.9546     -3.44505712162E+07  8.98671223659E+04 -3.83350109687E+02   10.5343986            56798  0.12723    
       26200  -1.18935364         1121015.        0.000000       -806.7001     -3.44521055591E+07  8.98711250632E+04 -3.83350108668E+02   10.5348946            56845  0.12033    
       26300  -1.18902138         1120971.        0.000000       -802.6822     -3.44458111528E+07  8.98547057800E+04 -3.83350107863E+02   10.5354928            56867  0.11995    
       26400  -1.18884926         1120939.        0.000000       -804.5095     -3.44405521513E+07  8.98409870878E+04 -3.83350108538E+02   10.5342073            56867  0.12607    
       26500  -1.18907023         1120945.        0.000000       -802.8014     -3.44409431853E+07  8.98420068904E+04 -3.83350109569E+02   10.5354595            56867  0.12053    
       26600  -1.18915852         1120959.        0.000000       -805.2478     -3.44386844383E+07  8.98361147887E+04 -3.83350109467E+02   10.5348137            56947  0.12770    
       26700  -1.18914791         1120967.        0.000000       -807.0264     -3.44413518726E+07  8.98430730954E+04 -3.83350109095E+02   10.5344621            56943  0.12247    
       26800  -1.18915140         1121109.        0.000000       -805.3047     -3.44438075339E+07  8.98494785561E+04 -3.83350110512E+02   10.5343032            56965  0.12123    
       26900  -1.18997079         1121263.        0.000000       -805.6903     -3.44498613729E+07  8.98652707849E+04 -3.83350109247E+02   10.5332285            56947  0.12387    
       27000  -1.19028895         1121240.        0.000000       -805.5684     -3.44525062050E+07  8.98721701616E+04 -3.83350108750E+02   10.5352513            56886  0.12010    
       27100  -1.19042587         1121291.        0.000000       -807.3816     -3.44529713504E+07  8.98733832614E+04 -3.83350109900E+02   10.5350340            56892  0.12619    
       27200  -1.18969074         1121070.        0.000000       -807.4866     -3.44497805044E+07  8.98650596930E+04 -3.83350109844E+02   10.5347216            56854  0.12021    
       27300  -1.18919708         1121049.        0.000000       -805.8437     -3.44492995595E+07  8.98638052198E+04 -3.83350109371E+02   10.5336020            56808  0.12252    
       27400  -1.18983367         1121193.        0.000000       -806.5924     -3.44541970707E+07  8.98765807351E+04 -3.83350109549E+02   10.5341566            56864  0.12334    
       27500  -1.18975738         1121077.        0.000000       -808.3012     -3.44554219105E+07  8.98797759100E+04 -3.83350109206E+02   10.5356493            56892  0.12034    
       27600  -1.18946593         1121133.        0.000000       -811.1186     -3.44545148622E+07  8.98774098606E+04 -3.83350108950E+02   10.5341865            56877  0.12328    
       27700  -1.18963851         1121088.        0.000000       -813.1890     -3.44544967045E+07  8.98773624061E+04 -3.83350109328E+02   10.5347641            56841  0.11939    
       27800  -1.18891893         1120906.        0.000000       -812.0062     -3.44516120895E+07  8.98698377629E+04 -3.83350108859E+02   10.5346709            56857  0.12394    
       27900  -1.18911287         1121018.        0.000000       -813.0574     -3.44512624705E+07  8.98689256444E+04 -3.83350109322E+02   10.5356658            56880  0.12178    
       28000  -1.18919681         1121048.        0.000000       -814.4146     -3.44440473608E+07  8.98501044336E+04 -3.83350109362E+02   10.5346632            56860  0.11997    
       28100  -1.18972009         1121192.        0.000000       -814.7029     -3.44462973088E+07  8.98559734663E+04 -3.83350109959E+02   10.5339374            56864  0.12586    
       28200  -1.18975455         1121168.        0.000000       -814.7577     -3.44496569376E+07  8.98647372910E+04 -3.83350110134E+02   10.5345971            56834  0.12022    
       28300  -1.19009569         1121241.        0.000000       -814.2983     -3.44514736935E+07  8.98694764605E+04 -3.83350110075E+02   10.5343932            56851  0.12893    
       28400  -1.19037630         1121254.        0.000000       -812.4500     -3.44520472378E+07  8.98709727545E+04 -3.83350109405E+02   10.5346939            56845  0.12218    
       28500  -1.19011799         1121262.        0.000000       -811.1289     -3.44480575918E+07  8.98605655728E+04 -3.83350108829E+02   10.5348976            56826  0.11982    
       28600  -1.19027559         1121232.        0.000000       -813.3554     -3.44468064688E+07  8.98573019016E+04 -3.83350108893E+02   10.5339692            56856  0.12278    
       28700  -1.18974027         1121142.        0.000000       -813.9409     -3.44472759780E+07  8.98585263377E+04 -3.83350110245E+02   10.5342304            56829  0.12253    
       28800  -1.18961252         1121064.        0.000000       -812.4101     -3.44487569671E+07  8.98623896544E+04 -3.83350110092E+02   10.5350611            56823  0.12612    
       28900  -1.18960515         1121211.        0.000000       -812.7876     -3.44482800446E+07  8.98611456223E+04 -3.83350109840E+02   10.5340053            56854  0.12041    
       29000  -1.18945352         1120941.        0.000000       -811.9373     -3.44474368391E+07  8.98589459477E+04 -3.83350110285E+02   10.5349534            56765  0.12029    
       29100  -1.18898996         1120955.        0.000000       -813.9694     -3.44482650869E+07  8.98611068131E+04 -3.83350108947E+02   10.5340490            56772  0.12539    
       29200  -1.18937717         1121212.        0.000000       -815.8937     -3.44519179083E+07  8.98706354315E+04 -3.83350109220E+02   10.5337191            56807  0.12060    
       29300  -1.18995588         1121149.        0.000000       -813.4101     -3.44548760491E+07  8.98783521105E+04 -3.83350108674E+02   10.5351420            56800  0.12557    
       29400  -1.18976561         1121200.        0.000000       -810.4331     -3.44519708384E+07  8.98707737206E+04 -3.83350108296E+02   10.5341877            56818  0.12825    
       29500  -1.18945312         1121040.        0.000000       -813.1897     -3.44524262109E+07  8.98719613896E+04 -3.83350109180E+02   10.5350982            56813  0.12139    
       29600  -1.18870587         1120862.        0.000000       -811.4965     -3.44494836115E+07  8.98642853310E+04 -3.83350109386E+02   10.5357061            56753  0.12761    
       29700  -1.18873434         1120932.        0.000000       -811.9953     -3.44488452443E+07  8.98626200935E+04 -3.83350109406E+02   10.5342508            56768  0.12088    
       29800  -1.18837422         1120789.        0.000000       -813.4678     -3.44493221380E+07  8.98638639259E+04 -3.83350110189E+02   10.5345597            56796  0.13331    
       29900  -1.18892950         1121033.        0.000000       -814.1953     -3.44547858103E+07  8.98781163163E+04 -3.83350110377E+02   10.5343571            56859  0.12013    
       30000  -1.18868969         1120846.        0.000000       -813.8936     -3.44533832104E+07  8.98744574806E+04 -3.83350110546E+02   10.5350341            56808  0.12310    
       30100  -1.18854737         1120876.        0.000000       -809.7464     -3.44490393840E+07  8.98631262660E+04 -3.83350110501E+02   10.5348390            56797  0.12008    
       30200  -1.18875157         1120943.        0.000000       -809.5965     -3.44469391715E+07  8.98576476172E+04 -3.83350110814E+02   10.5340775            56795  0.11939    
       30300  -1.18850357         1120949.        0.000000       -812.8109     -3.44489610700E+07  8.98629221581E+04 -3.83350109730E+02   10.5332417            56838  0.12790    
       30400  -1.18930062         1121131.        0.000000       -813.0809     -3.44578460433E+07  8.98860994991E+04 -3.83350109031E+02   10.5341016            56895  0.12058    
       30500  -1.18944995         1120991.        0.000000       -810.9038     -3.44581240733E+07  8.98868247264E+04 -3.83350109187E+02   10.5354980            56851  0.12528    
       30600  -1.18922082         1120987.        0.000000       -811.1711     -3.44540965908E+07  8.98763187689E+04 -3.83350108936E+02   10.5351352            56938  0.12115    
       30700  -1.18849158         1120806.        0.000000       -809.2598     -3.44516329683E+07  8.98698921725E+04 -3.83350109091E+02   10.5349832            56904  0.11961    
       30800  -1.18859414         1120962.        0.000000       -810.2849     -3.44506613836E+07  8.98673575655E+04 -3.83350109727E+02   10.5339352            56934  0.13096    
       30900  -1.18968789         1121345.        0.000000       -809.6613     -3.44544204997E+07  8.98771636548E+04 -3.83350109178E+02   10.5333124            56977  0.11991    
       31000  -1.19045975         1121276.        0.000000       -811.2999     -3.44586113389E+07  8.98880957338E+04 -3.83350109462E+02   10.5341472            56961  0.12432    
       31100  -1.18966851         1121063.        0.000000       -811.9368     -3.44535036247E+07  8.98747717435E+04 -3.83350109896E+02   10.5353786            56944  0.12228    
       31200  -1.18890030         1120814.        0.000000       -813.3562     -3.44479914522E+07  8.98603929089E+04 -3.83350109398E+02   10.5357159            56939  0.12441    
       31300  -1.18850040         1120806.        0.000000       -813.9229     -3.44453024171E+07  8.98533787177E+04 -3.83350107794E+02   10.5341793            56922  0.12007    
       31400  -1.18859808         1120968.        0.000000       -813.2335     -3.44504976461E+07  8.98669310174E+04 -3.83350107277E+02   10.5329465            56883  0.12120    
       31500  -1.18903878         1121066.        0.000000       -813.2833     -3.44551677429E+07  8.98791133240E+04 -3.83350107368E+02   10.5346174            56876  0.12331    
       31600  -1.18882127         1120878.        0.000000       -813.0473     -3.44523315847E+07  8.98717150208E+04 -3.83350107169E+02   10.5352170            56843  0.12052    
       31700  -1.18909712         1121101.        0.000000       -814.6309     -3.44544361405E+07  8.98772050305E+04 -3.83350106724E+02   10.5334018            56853  0.12698    
       31800  -1.18970698         1121184.        0.000000       -813.0804     -3.44607476889E+07  8.98936693108E+04 -3.83350106333E+02   10.5333475            56918  0.12099    
       31900  -1.18987829         1121265.        0.000000       -811.4025     -3.44663885630E+07  8.99083836859E+04 -3.83350107632E+02   10.5334017            56888  0.12042    
       32000  -1.19015584         1121219.        0.000000       -812.2780     -3.44733564675E+07  8.99265599738E+04 -3.83350107883E+02   10.5339117            56849  0.13115    
       32100  -1.18963777         1120999.        0.000000       -811.9660     -3.44717798567E+07  8.99224472345E+04 -3.83350107975E+02   10.5360188            56902  0.11993    
       32200  -1.18900384         1120913.        0.000000       -813.2902     -3.44665865396E+07  8.99089002376E+04 -3.83350107148E+02   10.5354454            56896  0.12340    
       32300  -1.18856823         1120884.        0.000000       -811.4238     -3.44628120857E+07  8.98990543861E+04 -3.83350106639E+02   10.5344241            56967  0.12124    
       32400  -1.18905798         1121028.        0.000000       -814.0414     -3.44683761600E+07  8.99135686770E+04 -3.83350106855E+02   10.5333152            56885  0.11990    
       32500  -1.18949077         1121116.        0.000000       -811.9709     -3.44762195182E+07  8.99340286480E+04 -3.83350107145E+02   10.5340358            56866  0.12829    
       32600  -1.18994639         1121191.        0.000000       -808.7464     -3.44772078541E+07  8.99366065131E+04 -3.83350108379E+02   10.5352255            56927  0.11939    
       32700  -1.18984914         1121203.        0.000000       -812.0615     -3.44758480729E+07  8.99330592393E+04 -3.83350109120E+02   10.5340295            56926  0.12756    
       32800  -1.18948610         1121043.        0.000000       -809.3970     -3.44744968961E+07  8.99295342573E+04 -3.83350110515E+02   10.5356893            56902  0.12012    
       32900  -1.18949949         1121135.        0.000000       -810.1776     -3.44699468290E+07  8.99176650535E+04 -3.83350110443E+02   10.5348326            56913  0.11945    
       33000  -1.19000568         1121174.        0.000000       -810.8313     -3.44704174454E+07  8.99188928964E+04 -3.83350109583E+02   10.5348984            56918  0.12237    
       33100  -1.18934981         1120950.        0.000000       -809.2612     -3.44685643991E+07  8.99140591447E+04 -3.83350109282E+02   10.5356515            56841  0.11878    
       33200  -1.18932824         1121086.        0.000000       -812.6107     -3.44671742544E+07  8.99104327784E+04 -3.83350109540E+02   10.5336143            56853  0.12575    
       33300  -1.18929992         1121027.        0.000000       -812.9424     -3.44702919300E+07  8.99185653771E+04 -3.83350110019E+02   10.5346144            56833  0.12051    
       33400  -1.18937914         1121133.        0.000000       -815.0336     -3.44737792152E+07  8.99276623579E+04 -3.83350109535E+02   10.5334971            56826  0.12079    
       33500  -1.19022386         1121178.        0.000000       -812.5742     -3.44794950963E+07  8.99425727054E+04 -3.83350109511E+02   10.5349138            56836  0.12522    
       33600  -1.18948436         1121031.        0.000000       -810.9251     -3.44754995263E+07  8.99321500023E+04 -3.83350109226E+02   10.5357040            56812  0.11981    
       33700  -1.18929004         1121035.        0.000000       -810.6965     -3.44748903514E+07  8.99305608503E+04 -3.83350109523E+02   10.5331462            56762  0.12595    
       33800  -1.18957447         1121167.        0.000000       -808.3017     -3.44766301466E+07  8.99350991453E+04 -3.83350109960E+02   10.5349147            56778  0.11959    
       33900  -1.18981011         1121136.        0.000000       -807.5756     -3.44741144594E+07  8.99285369907E+04 -3.83350109020E+02   10.5357107            56826  0.12275    
       34000  -1.18968573         1121206.        0.000000       -808.5269     -3.44717709114E+07  8.99224236966E+04 -3.83350108842E+02   10.5340988            56846  0.11865    
       34100  -1.18945292         1120949.        0.000000       -809.4477     -3.44719609248E+07  8.99229193670E+04 -3.83350108821E+02   10.5348433            56777  0.11975    
       34200  -1.18864732         1120948.        0.000000       -805.7763     -3.44697364396E+07  8.99171166316E+04 -3.83350108754E+02   10.5342600            56788  0.12694    
       34300  -1.18919476         1120949.        0.000000       -806.5785     -3.44734676579E+07  8.99268497292E+04 -3.83350109136E+02   10.5339079            56779  0.11980    
       34400  -1.18918888         1121107.        0.000000       -809.2684     -3.44791447087E+07  8.99416589070E+04 -3.83350108590E+02   10.5336283            56864  0.12327    
       34500  -1.19028809         1121311.        0.000000       -806.7791     -3.44872509707E+07  8.99628048204E+04 -3.83350108299E+02   10.5351128            56873  0.12425    
       34600  -1.19051089         1121249.        0.000000       -806.3717     -3.44841925915E+07  8.99548266567E+04 -3.83350108862E+02   10.5355990            56878  0.11957    
       34700  -1.19004969         1121173.        0.000000       -805.1080     -3.44769480428E+07  8.99359286327E+04 -3.83350108983E+02   10.5351840            56924  0.12305    
       34800  -1.18959367         1121131.        0.000000       -806.9907     -3.44734155230E+07  8.99267138471E+04 -3.83350108640E+02   10.5354247            56934  0.12033    
       34900  -1.18918447         1120880.        0.000000       -806.9412     -3.44635820302E+07  8.99010623896E+04 -3.83350108598E+02   10.5363615            56882  0.12502    
       35000  -1.18884054         1120984.        0.000000       -807.6983     -3.44578112069E+07  8.98860088394E+04 -3.83350108119E+02   10.5339974            56903  0.12438    
       35100  -1.18927621         1121052.        0.000000       -804.7853     -3.44604184876E+07  8.98928100428E+04 -3.83350108548E+02   10.5342019            56857  0.11975    
       35200  -1.18958081         1121155.        0.000000       -804.0189     -3.44627596614E+07  8.98989172354E+04 -3.83350108335E+02   10.5342498            56905  0.12418    
       35300  -1.19010640         1121249.        0.000000       -803.4981     -3.44653384054E+07  8.99056439918E+04 -3.83350108794E+02   10.5346045            56935  0.12014    
       35400  -1.19026939         1121234.        0.000000       -802.4227     -3.44652872131E+07  8.99055102674E+04 -3.83350109583E+02   10.5349706            56929  0.12326    
       35500  -1.18973798         1121134.        0.000000       -802.7811     -3.44585905762E+07  8.98880415092E+04 -3.83350109733E+02   10.5351008            56922  0.11943    
       35600  -1.18971584         1121144.        0.000000       -800.7816     -3.44570467384E+07  8.98840140529E+04 -3.83350110712E+02   10.5339113            56855  0.12021    
       35700  -1.18929148         1121056.        0.000000       -797.5974     -3.44548277183E+07  8.98782256156E+04 -3.83350110467E+02   10.5342053            56843  0.12765    
       35800  -1.18942415         1121128.        0.000000       -799.5490     -3.44587125377E+07  8.98883595789E+04 -3.83350110060E+02   10.5344856            56880  0.12022    
       35900  -1.18977698         1121089.        0.000000       -803.2990     -3.44626922304E+07  8.98987410530E+04 -3.83350109542E+02   10.5337175            56838  0.12772    
       36000  -1.18956400         1121022.        0.000000       -801.5066     -3.44659427830E+07  8.99072203172E+04 -3.83350109829E+02   10.5346021            56814  0.12065    
       36100  -1.18954104         1121178.        0.000000       -801.1822     -3.44662305857E+07  8.99079709745E+04 -3.83350110253E+02   10.5348959            56841  0.12604    
       36200  -1.18979595         1121127.        0.000000       -801.7150     -3.44693143879E+07  8.99160153114E+04 -3.83350110306E+02   10.5342165            56748  0.11950    
       36300  -1.18944286         1121038.        0.000000       -801.4360     -3.44660949644E+07  8.99076172103E+04 -3.83350110188E+02   10.5359022            56837  0.11851    
       36400  -1.18901148         1120876.        0.000000       -804.4267     -3.44638923562E+07  8.99018714743E+04 -3.83350110415E+02   10.5353833            56801  0.12649    
       36500  -1.18855233         1120976.        0.000000       -809.4277     -3.44595589975E+07  8.98905673422E+04 -3.83350111323E+02   10.5337489            56836  0.12222    
       36600  -1.18918397         1121109.        0.000000       -809.4399     -3.44612652575E+07  8.98950180617E+04 -3.83350112171E+02   10.5334402            56858  0.12277    
       36700  -1.18996614         1121230.        0.000000       -810.6203     -3.44674131776E+07  8.99110553182E+04 -3.83350112571E+02   10.5339464            56817  0.12085    
       36800  -1.19018406         1121181.        0.000000       -809.6925     -3.44687640409E+07  8.99145793216E+04 -3.83350111862E+02   10.5359919            56818  0.11966    
       36900  -1.19007550         1121227.        0.000000       -810.3333     -3.44641555570E+07  8.99025577604E+04 -3.83350111672E+02   10.5342036            56757  0.12569    
       37000  -1.18977401         1121107.        0.000000       -807.2504     -3.44645101286E+07  8.99034827548E+04 -3.83350111392E+02   10.5352065            56757  0.12197    
       37100  -1.18968224         1121152.        0.000000       -806.5555     -3.44636066211E+07  8.99011259364E+04 -3.83350111160E+02   10.5329565            56715  0.13308    
       37200  -1.18971010         1121163.        0.000000       -804.9982     -3.44663391857E+07  8.99082541364E+04 -3.83350110807E+02   10.5347048            56756  0.12101    
       37300  -1.18968609         1120974.        0.000000       -804.4888     -3.44643647473E+07  8.99031035393E+04 -3.83350111293E+02   10.5356317            56803  0.12034    
       37400  -1.18902742         1120882.        0.000000       -807.3328     -3.44648015587E+07  8.99042429510E+04 -3.83350111490E+02   10.5345811            56771  0.12462    
       37500  -1.18834014         1120890.        0.000000       -808.1272     -3.44620348831E+07  8.98970258725E+04 -3.83350111404E+02   10.5345222            56809  0.12086    
       37600  -1.18876365         1120960.        0.000000       -806.8617     -3.44629097171E+07  8.98993078993E+04 -3.83350111613E+02   10.5343157            56843  0.13013    
       37700  -1.18922183         1121065.        0.000000       -807.7205     -3.44653436485E+07  8.99056568004E+04 -3.83350112496E+02   10.5340699            56833  0.12005    
       37800  -1.18990383         1121257.        0.000000       -810.5863     -3.44732103445E+07  8.99261778189E+04 -3.83350112065E+02   10.5340430            56893  0.13510    
       37900  -1.19046259         1121303.        0.000000       -809.7010     -3.44750993951E+07  8.99311055992E+04 -3.83350111905E+02   10.5348488            56920  0.12024    
       38000  -1.19015854         1121125.        0.000000       -809.2566     -3.44710954218E+07  8.99206608152E+04 -3.83350112302E+02   10.5351123            56875  0.11908    
       38100  -1.18972306         1121021.        0.000000       -810.1109     -3.44717826515E+07  8.99224536507E+04 -3.83350111702E+02   10.5356505            56885  0.12516    
       38200  -1.18923877         1121077.        0.000000       -809.8998     -3.44682210182E+07  8.99131626113E+04 -3.83350112677E+02   10.5337117            56888  0.12045    
       38300  -1.18922329         1121016.        0.000000       -810.6826     -3.44713367407E+07  8.99212901346E+04 -3.83350113072E+02   10.5345460            56877  0.12455    
       38400  -1.18900024         1120897.        0.000000       -811.0472     -3.44682144558E+07  8.99131455872E+04 -3.83350112275E+02   10.5354668            56876  0.11941    
       38500  -1.18883695         1120906.        0.000000       -809.4116     -3.44673607372E+07  8.99109185509E+04 -3.83350112452E+02   10.5338594            56849  0.11977    
       38600  -1.18865198         1120961.        0.000000       -803.2759     -3.44677620520E+07  8.99119654014E+04 -3.83350112503E+02   10.5350223            56901  0.12537    
       38700  -1.18945834         1121210.        0.000000       -803.0124     -3.44675031807E+07  8.99112902051E+04 -3.83350112117E+02   10.5344141            56927  0.11979    
       38800  -1.18997575         1121186.        0.000000       -803.4446     -3.44680833624E+07  8.99128034805E+04 -3.83350112866E+02   10.5352797            56881  0.12524    
       38900  -1.18950611         1121034.        0.000000       -804.6978     -3.44654087805E+07  8.99058268094E+04 -3.83350112041E+02   10.5340004            56822  0.12001    
       39000  -1.18960731         1121231.        0.000000       -803.9346     -3.44671053335E+07  8.99102526323E+04 -3.83350111076E+02   10.5343224            56896  0.12235    
       39100  -1.19029348         1121296.        0.000000       -807.6144     -3.44723689315E+07  8.99239832595E+04 -3.83350110637E+02   10.5335109            56875  0.12316    
       39200  -1.19048011         1121275.        0.000000       -808.8121     -3.44755176384E+07  8.99321969428E+04 -3.83350110532E+02   10.5345581            56870  0.11973    
       39300  -1.19023368         1121252.        0.000000       -807.4826     -3.44729120093E+07  8.99254001067E+04 -3.83350109851E+02   10.5343578            56847  0.12376    
       39400  -1.19073217         1121452.        0.000000       -809.2229     -3.44769118025E+07  8.99358338602E+04 -3.83350109992E+02   10.5340575            56902  0.11925    
       39500  -1.19107815         1121448.        0.000000       -810.9127     -3.44806124484E+07  8.99454874456E+04 -3.83350109357E+02   10.5346726            56914  0.11870    
       39600  -1.19081093         1121224.        0.000000       -815.1137     -3.44822782315E+07  8.99498328780E+04 -3.83350108925E+02   10.5352269            56877  0.12333    
       39700  -1.18979057         1121160.        0.000000       -815.4785     -3.44767538075E+07  8.99354221257E+04 -3.83350108251E+02   10.5352507            56849  0.12559    
       39800  -1.18970600         1121056.        0.000000       -816.2907     -3.44757890026E+07  8.99329052248E+04 -3.83350108799E+02   10.5345675            56802  0.12788    
       39900  -1.18947053         1121031.        0.000000       -814.0162     -3.44762261051E+07  8.99340452491E+04 -3.83350109624E+02   10.5356812            56815  0.11962    
       40000  -1.18899164         1121014.        0.000000       -813.4892     -3.44699370177E+07  8.99176396468E+04 -3.83350109646E+02   10.5338406            56888  0.12427    
       40100  -1.18898352         1120998.        0.000000       -811.3138     -3.44717969049E+07  8.99224914159E+04 -3.83350109212E+02   10.5334636            56827  0.12274    
       40200  -1.18965288         1121277.        0.000000       -811.4854     -3.44773337290E+07  8.99369347140E+04 -3.83350109036E+02   10.5330813            56890  0.11992    
       40300  -1.19045272         1121277.        0.000000       -812.2879     -3.44806620978E+07  8.99456168725E+04 -3.83350109731E+02   10.5357634            56904  0.13112    
       40400  -1.18996303         1121052.        0.000000       -813.7709     -3.44753477216E+07  8.99317539266E+04 -3.83350109570E+02   10.5352762            56870  0.11954    
       40500  -1.18880110         1120796.        0.000000       -811.2420     -3.44682315590E+07  8.99131908394E+04 -3.83350109558E+02   10.5366112            56882  0.12382    
       40600  -1.18894453         1121020.        0.000000       -814.6016     -3.44644549605E+07  8.99033392287E+04 -3.83350109753E+02   10.5343118            56950  0.12128    
       40700  -1.18911715         1121016.        0.000000       -814.4159     -3.44689264601E+07  8.99150034845E+04 -3.83350109818E+02   10.5343360            56873  0.12222    
       40800  -1.18913113         1121010.        0.000000       -813.5672     -3.44689792454E+07  8.99151412462E+04 -3.83350109532E+02   10.5348086            56824  0.12835    
       40900  -1.18882532         1120839.        0.000000       -811.4596     -3.44683021155E+07  8.99133749517E+04 -3.83350109302E+02   10.5362334            56805  0.11965    
       41000  -1.18749227         1120627.        0.000000       -809.4090     -3.44577606533E+07  8.98858766308E+04 -3.83350109548E+02   10.5353999            56799  0.12495    
       41100  -1.18804840         1120876.        0.000000       -810.0074     -3.44588377538E+07  8.98886862886E+04 -3.83350109747E+02   10.5343555            56791  0.12000    
       41200  -1.18868366         1121030.        0.000000       -809.2743     -3.44582468344E+07  8.98871447377E+04 -3.83350110130E+02   10.5337412            56816  0.11979    
       41300  -1.18927517         1120979.        0.000000       -810.8816     -3.44620230341E+07  8.98969952093E+04 -3.83350110355E+02   10.5348056            56824  0.13027    
       41400  -1.18883299         1120990.        0.000000       -811.4269     -3.44640096836E+07  8.99021775290E+04 -3.83350110430E+02   10.5344054            56825  0.11935    
       41500  -1.18920786         1121141.        0.000000       -807.6175     -3.44656527982E+07  8.99064636749E+04 -3.83350110653E+02   10.5346099            56798  0.12491    
       41600  -1.19014892         1121341.        0.000000       -805.6331     -3.44686626779E+07  8.99143151230E+04 -3.83350110945E+02   10.5340034            56794  0.12034    
       41700  -1.19055832         1121284.        0.000000       -808.9948     -3.44696917786E+07  8.99169993682E+04 -3.83350112001E+02   10.5343343            56806  0.11997    
       41800  -1.19016992         1121260.        0.000000       -809.3894     -3.44691794922E+07  8.99156631495E+04 -3.83350111481E+02   10.5355619            56794  0.12461    
       41900  -1.19040843         1121313.        0.000000       -810.9502     -3.44654257980E+07  8.99058713618E+04 -3.83350111355E+02   10.5340467            56846  0.11995    
       42000  -1.19037025         1121344.        0.000000       -812.4219     -3.44642977564E+07  8.99029290751E+04 -3.83350110068E+02   10.5347066            56890  0.12706    
       42100  -1.19043288         1121323.        0.000000       -811.5537     -3.44613357251E+07  8.98952025052E+04 -3.83350109513E+02   10.5350147            56939  0.11910    
       42200  -1.19030171         1121221.        0.000000       -807.7646     -3.44568138545E+07  8.98834068751E+04 -3.83350109352E+02   10.5350492            56934  0.12611    
       42300  -1.18992661         1121102.        0.000000       -809.5400     -3.44542386423E+07  8.98766891257E+04 -3.83350109772E+02   10.5356606            56909  0.11945    
       42400  -1.18939223         1120996.        0.000000       -812.1293     -3.44496194926E+07  8.98646398281E+04 -3.83350109214E+02   10.5352139            56883  0.12002    
       42500  -1.18928458         1121043.        0.000000       -811.9179     -3.44469922463E+07  8.98577863858E+04 -3.83350109454E+02   10.5343543            56840  0.12409    
       42600  -1.18937645         1121176.        0.000000       -810.8308     -3.44475429671E+07  8.98592229324E+04 -3.83350109683E+02   10.5340717            56897  0.12288    
       42700  -1.18995833         1121195.        0.000000       -807.6953     -3.44482228460E+07  8.98609965113E+04 -3.83350109429E+02   10.5352036            56871  0.12778    
       42800  -1.18949690         1120988.        0.000000       -806.2639     -3.44436684527E+07  8.98491159178E+04 -3.83350109801E+02   10.5359049            56869  0.12221    
       42900  -1.18929736         1121053.        0.000000       -810.0649     -3.44403066517E+07  8.98403464747E+04 -3.83350109423E+02   10.5344958            56877  0.12618    
       43000  -1.18926265         1121085.        0.000000       -810.7520     -3.44432957883E+07  8.98481439703E+04 -3.83350109042E+02   10.5336948            56902  0.12670    
       43100  -1.18932648         1121030.        0.000000       -809.1985     -3.44471010046E+07  8.98580701312E+04 -3.83350109281E+02   10.5349271            56857  0.12258    
       43200  -1.18927597         1121119.        0.000000       -808.0825     -3.44451634273E+07  8.98530159372E+04 -3.83350108708E+02   10.5342262            56924  0.12571    
       43300  -1.19013664         1121269.        0.000000       -807.7050     -3.44505820432E+07  8.98671508184E+04 -3.83350108793E+02   10.5334729            56958  0.12340    
       43400  -1.18990355         1121007.        0.000000       -804.5570     -3.44531027459E+07  8.98737263437E+04 -3.83350108509E+02   10.5354803            56953  0.11916    
       43500  -1.18891470         1120831.        0.000000       -804.3241     -3.44473344141E+07  8.98586791223E+04 -3.83350108754E+02   10.5351671            56920  0.12524    
       43600  -1.18818773         1120803.        0.000000       -805.4060     -3.44488634598E+07  8.98626675401E+04 -3.83350109704E+02   10.5341984            56892  0.12210    
       43700  -1.18824364         1120791.        0.000000       -807.7329     -3.44495858472E+07  8.98645519782E+04 -3.83350109569E+02   10.5345615            56916  0.12775    
       43800  -1.18842224         1120929.        0.000000       -806.3193     -3.44508588866E+07  8.98678729099E+04 -3.83350109122E+02   10.5344045            56893  0.12024    
       43900  -1.18922473         1121088.        0.000000       -805.5271     -3.44539652652E+07  8.98759760832E+04 -3.83350109414E+02   10.5334693            56858  0.12792    
       44000  -1.18990647         1121166.        0.000000       -806.0068     -3.44623826648E+07  8.98979334583E+04 -3.83350109831E+02   10.5346470            56852  0.12043    
       44100  -1.18936064         1120933.        0.000000       -807.2494     -3.44614339745E+07  8.98954587378E+04 -3.83350109764E+02   10.5353010            56829  0.12124    
       44200  -1.18949271         1121135.        0.000000       -810.6495     -3.44606523431E+07  8.98934196333E+04 -3.83350110427E+02   10.5347807            56863  0.12401    
       44300  -1.18959154         1121141.        0.000000       -811.7794     -3.44631655867E+07  8.98999758998E+04 -3.83350109294E+02   10.5343477            56891  0.11977    
       44400  -1.19013602         1121244.        0.000000       -810.4472     -3.44673260394E+07  8.99108288093E+04 -3.83350109168E+02   10.5342990            56867  0.12668    
       44500  -1.19040411         1121291.        0.000000       -810.9840     -3.44709417892E+07  8.99202607200E+04 -3.83350109454E+02   10.5346673            56798  0.12314    
       44600  -1.19026726         1121094.        0.000000       -810.2981     -3.44740227709E+07  8.99282978440E+04 -3.83350108891E+02   10.5360579            56806  0.12013    
       44700  -1.18954316         1121116.        0.000000       -808.8837     -3.44714345445E+07  8.99215461661E+04 -3.83350109226E+02   10.5346707            56779  0.12907    
       44800  -1.19009671         1121291.        0.000000       -807.6554     -3.44686479395E+07  8.99142770009E+04 -3.83350109562E+02   10.5340465            56862  0.12218    
       44900  -1.19019042         1121170.        0.000000       -808.4244     -3.44693798255E+07  8.99161861538E+04 -3.83350109696E+02   10.5351692            56848  0.12286    
       45000  -1.18945817         1120986.        0.000000       -808.0855     -3.44652157759E+07  8.99053237802E+04 -3.83350110169E+02   10.5352857            56816  0.11924    
       45100  -1.18908484         1121066.        0.000000       -810.0924     -3.44617109365E+07  8.98961809262E+04 -3.83350110999E+02   10.5337337            56875  0.11965    
       45200  -1.18944967         1121154.        0.000000       -809.9164     -3.44651986325E+07  8.99052787081E+04 -3.83350111670E+02   10.5344091            56882  0.13464    
       45300  -1.18930510         1121073.        0.000000       -810.1760     -3.44620525368E+07  8.98970720292E+04 -3.83350110954E+02   10.5344131            56876  0.11939    
       45400  -1.18910169         1121040.        0.000000       -812.2494     -3.44589878630E+07  8.98890777864E+04 -3.83350110065E+02   10.5350001            56840  0.12239    
       45500  -1.18933777         1121110.        0.000000       -813.1368     -3.44562185491E+07  8.98818537709E+04 -3.83350110211E+02   10.5337283            56843  0.12054    
       45600  -1.18934955         1120980.        0.000000       -812.2755     -3.44595561444E+07  8.98905601468E+04 -3.83350110269E+02   10.5344531            56766  0.12106    
       45700  -1.18917043         1120992.        0.000000       -810.0889     -3.44599869601E+07  8.98916840001E+04 -3.83350110118E+02   10.5345448            56780  0.12234    
       45800  -1.18962644         1121274.        0.000000       -807.8927     -3.44601957101E+07  8.98922285692E+04 -3.83350110000E+02   10.5348135            56839  0.11970    
       45900  -1.19019906         1121223.        0.000000       -810.9703     -3.44592196684E+07  8.98896823308E+04 -3.83350110657E+02   10.5347697            56797  0.12566    
       46000  -1.18994003         1121160.        0.000000       -809.6790     -3.44594278298E+07  8.98902253332E+04 -3.83350110672E+02   10.5347218            56803  0.12180    
       46100  -1.19002008         1121193.        0.000000       -808.1274     -3.44609380600E+07  8.98941647586E+04 -3.83350111240E+02   10.5342183            56806  0.12512    
       46200  -1.19009445         1121197.        0.000000       -811.0316     -3.44630192800E+07  8.98995938782E+04 -3.83350110865E+02   10.5351534            56818  0.11961    
       46300  -1.19002353         1121218.        0.000000       -810.9115     -3.44612302478E+07  8.98949270748E+04 -3.83350110726E+02   10.5340232            56828  0.12014    
       46400  -1.18994917         1121146.        0.000000       -813.6952     -3.44627280145E+07  8.98988341717E+04 -3.83350110511E+02   10.5354778            56870  0.12642    
       46500  -1.18896596         1120848.        0.000000       -810.4787     -3.44524200531E+07  8.98719450829E+04 -3.83350110219E+02   10.5356777            56916  0.12206    
       46600  -1.18862914         1121012.        0.000000       -809.9882     -3.44498691120E+07  8.98652910004E+04 -3.83350109130E+02   10.5338052            56965  0.12751    
       46700  -1.18970722         1121220.        0.000000       -810.1484     -3.44582659214E+07  8.98871946909E+04 -3.83350109433E+02   10.5337466            56978  0.12104    
       46800  -1.19000215         1121056.        0.000000       -809.9564     -3.44615828747E+07  8.98958471280E+04 -3.83350109884E+02   10.5358438            56903  0.11962    
       46900  -1.18888466         1120965.        0.000000       -809.5212     -3.44535900925E+07  8.98749972874E+04 -3.83350109956E+02   10.5345250            56864  0.12561    
       47000  -1.18875981         1120876.        0.000000       -811.5988     -3.44552721935E+07  8.98793851897E+04 -3.83350109936E+02   10.5339731            56820  0.12060    
       47100  -1.18904799         1121076.        0.000000       -811.0441     -3.44593715847E+07  8.98900786451E+04 -3.83350110536E+02   10.5337479            56823  0.12703    
       47200  -1.18980349         1121165.        0.000000       -809.4993     -3.44610685848E+07  8.98945054029E+04 -3.83350110558E+02   10.5354518            56885  0.12005    
       47300  -1.18949909         1121023.        0.000000       -810.9842     -3.44585026017E+07  8.98878119273E+04 -3.83350110131E+02   10.5345040            56857  0.12292    
       47400  -1.18905620         1121011.        0.000000       -810.6789     -3.44568332332E+07  8.98834570787E+04 -3.83350110833E+02   10.5346198            56794  0.12485    
       47500  -1.18914177         1121135.        0.000000       -810.9865     -3.44558456594E+07  8.98808809991E+04 -3.83350110461E+02   10.5330212            56803  0.11999    
       47600  -1.18988702         1121232.        0.000000       -811.5496     -3.44605141202E+07  8.98930590200E+04 -3.83350110630E+02   10.5344798            56890  0.12758    
       47700  -1.18998252         1121115.        0.000000       -809.3853     -3.44573446943E+07  8.98847911699E+04 -3.83350111245E+02   10.5364513            56858  0.11963    
       47800  -1.18986591         1121162.        0.000000       -808.9949     -3.44534827746E+07  8.98747169980E+04 -3.83350111415E+02   10.5350058            56846  0.12268    
       47900  -1.18975521         1121182.        0.000000       -807.9064     -3.44516117281E+07  8.98698362071E+04 -3.83350111474E+02   10.5338870            56848  0.12265    
       48000  -1.18938216         1121016.        0.000000       -812.1922     -3.44534082734E+07  8.98745227905E+04 -3.83350110840E+02   10.5341198            56830  0.11980    
       48100  -1.18944583         1121185.        0.000000       -812.3014     -3.44578658836E+07  8.98861508951E+04 -3.83350110562E+02   10.5320061            56852  0.12938    
       48200  -1.18998633         1121193.        0.000000       -810.7851     -3.44653281062E+07  8.99056165894E+04 -3.83350111080E+02   10.5345668            56877  0.12087    
       48300  -1.18989507         1121108.        0.000000       -810.0699     -3.44637407400E+07  8.99014760149E+04 -3.83350110229E+02   10.5354059            56852  0.12277    
       48400  -1.18994864         1121190.        0.000000       -811.6059     -3.44647220497E+07  8.99040356668E+04 -3.83350110973E+02   10.5346221            56869  0.12025    
       48500  -1.18937377         1121045.        0.000000       -811.9361     -3.44612442128E+07  8.98949635327E+04 -3.83350110601E+02   10.5346526            56862  0.11948    
       48600  -1.18976211         1121209.        0.000000       -811.6890     -3.44649273844E+07  8.99045713904E+04 -3.83350110583E+02   10.5345159            56905  0.13156    
       48700  -1.19004983         1121145.        0.000000       -810.0141     -3.44655359647E+07  8.99061587244E+04 -3.83350111424E+02   10.5341523            56902  0.12041    
       48800  -1.18949862         1121116.        0.000000       -806.5492     -3.44655797953E+07  8.99062731896E+04 -3.83350110871E+02   10.5340738            56851  0.12593    
       48900  -1.18981162         1121177.        0.000000       -808.6657     -3.44670337932E+07  8.99100660655E+04 -3.83350110855E+02   10.5343173            56810  0.11972    
       49000  -1.19004846         1121220.        0.000000       -810.3185     -3.44694346491E+07  8.99163289605E+04 -3.83350110570E+02   10.5348953            56849  0.12092    
       49100  -1.19039788         1121290.        0.000000       -811.1262     -3.44728271000E+07  8.99251786132E+04 -3.83350109854E+02   10.5337357            56798  0.12592    
       49200  -1.18973636         1121162.        0.000000       -812.6629     -3.44707156395E+07  8.99196705704E+04 -3.83350110392E+02   10.5350242            56782  0.11988    
       49300  -1.18957907         1120975.        0.000000       -814.2198     -3.44668474050E+07  8.99095800182E+04 -3.83350110166E+02   10.5365614            56774  0.13198    
       49400  -1.18845399         1120735.        0.000000       -813.4899     -3.44595265134E+07  8.98904829089E+04 -3.83350110026E+02   10.5348587            56792  0.12033    
       49500  -1.18780543         1120708.        0.000000       -814.0809     -3.44597331584E+07  8.98910219810E+04 -3.83350109932E+02   10.5344648            56820  0.12137    
       49600  -1.18827450         1120883.        0.000000       -812.9861     -3.44646076364E+07  8.99037375401E+04 -3.83350109567E+02   10.5336962            56779  0.12387    
       49700  -1.18875545         1120980.        0.000000       -811.8483     -3.44666427469E+07  8.99090463866E+04 -3.83350109161E+02   10.5340685            56778  0.11984    
       49800  -1.18962706         1121146.        0.000000       -811.2768     -3.44714370451E+07  8.99215528014E+04 -3.83350108747E+02   10.5346753            56839  0.12365    
       49900  -1.18949644         1121137.        0.000000       -810.9583     -3.44712999737E+07  8.99211954550E+04 -3.83350107828E+02   10.5335353            56862  0.12411    
       50000  -1.18945017         1121052.        0.000000       -809.4600     -3.44718958291E+07  8.99227496877E+04 -3.83350108275E+02   10.5355661            56833  0.12456    
       50100  -1.18914598         1121048.        0.000000       -811.1847     -3.44663152020E+07  8.99081920226E+04 -3.83350108890E+02   10.5346792            56911  0.12025    
       50200  -1.18972180         1121249.        0.000000       -811.5358     -3.44675396201E+07  8.99113859765E+04 -3.83350109063E+02   10.5340566            56874  0.12064    
       50300  -1.19049286         1121231.        0.000000       -813.1917     -3.44743384563E+07  8.99291211039E+04 -3.83350109877E+02   10.5347598            56810  0.12527    
       50400  -1.18981949         1121214.        0.000000       -812.5501     -3.44724581692E+07  8.99242159387E+04 -3.83350111083E+02   10.5343656            56781  0.12027    
       50500  -1.18979315         1121138.        0.000000       -811.7021     -3.44708228086E+07  8.99199497246E+04 -3.83350112119E+02   10.5345383            56806  0.12167    
       50600  -1.18958794         1121063.        0.000000       -811.7382     -3.44727579779E+07  8.99249976307E+04 -3.83350112719E+02   10.5345379            56725  0.12187    
       50700  -1.18909050         1121006.        0.000000       -810.7528     -3.44713646676E+07  8.99213631599E+04 -3.83350112323E+02   10.5350547            56745  0.12051    
       50800  -1.18923371         1121185.        0.000000       -812.0037     -3.44683838538E+07  8.99135873520E+04 -3.83350112802E+02   10.5339367            56839  0.12383    
       50900  -1.19027550         1121318.        0.000000       -812.2154     -3.44713622065E+07  8.99213566636E+04 -3.83350112648E+02   10.5350480            56866  0.12035    
       51000  -1.19003830         1121151.        0.000000       -811.8169     -3.44682594474E+07  8.99132630395E+04 -3.83350111899E+02   10.5345610            56802  0.12344    
       51100  -1.18984686         1121203.        0.000000       -809.8572     -3.44682230486E+07  8.99131683986E+04 -3.83350110584E+02   10.5347104            56738  0.11953    
       51200  -1.19073378         1121433.        0.000000       -809.9315     -3.44718435365E+07  8.99226128616E+04 -3.83350110050E+02   10.5347292            56787  0.12161    
       51300  -1.19055440         1121352.        0.000000       -811.8867     -3.44720737850E+07  8.99232137826E+04 -3.83350108775E+02   10.5345421            56777  0.12796    
       51400  -1.19044911         1121254.        0.000000       -811.0354     -3.44695630700E+07  8.99166643061E+04 -3.83350109081E+02   10.5352112            56811  0.12094    
       51500  -1.18972102         1120975.        0.000000       -811.3366     -3.44645628588E+07  8.99036206242E+04 -3.83350110035E+02   10.5361159            56832  0.12894    
       51600  -1.18905664         1120988.        0.000000       -809.8504     -3.44593603186E+07  8.98900492265E+04 -3.83350110665E+02   10.5356802            56846  0.12215    
       51700  -1.18885996         1120982.        0.000000       -808.0228     -3.44503746457E+07  8.98666091803E+04 -3.83350111459E+02   10.5362378            56889  0.12126    
       51800  -1.18928257         1121033.        0.000000       -807.7630     -3.44473173418E+07  8.98586338596E+04 -3.83350111862E+02   10.5339106            56869  0.13051    
       51900  -1.18907045         1120912.        0.000000       -808.1064     -3.44503838516E+07  8.98666333450E+04 -3.83350110817E+02   10.5349233            56811  0.11936    
       52000  -1.18907493         1121052.        0.000000       -811.9138     -3.44505415620E+07  8.98670449868E+04 -3.83350109788E+02   10.5349049            56867  0.12430    
       52100  -1.18917664         1121052.        0.000000       -811.1879     -3.44523663854E+07  8.98718052542E+04 -3.83350109502E+02   10.5337294            56855  0.12148    
       52200  -1.18934542         1121110.        0.000000       -813.5140     -3.44545199805E+07  8.98774231970E+04 -3.83350109014E+02   10.5338191            56858  0.12501    
       52300  -1.18948136         1121082.        0.000000       -811.3021     -3.44589698602E+07  8.98890311250E+04 -3.83350108784E+02   10.5337678            56838  0.12260    
       52400  -1.18966120         1121126.        0.000000       -811.6645     -3.44656067850E+07  8.99063442489E+04 -3.83350108081E+02   10.5334727            56817  0.12044    
       52500  -1.18975570         1121068.        0.000000       -810.7615     -3.44725671459E+07  8.99245010844E+04 -3.83350107370E+02   10.5351977            56865  0.13280    
       52600  -1.18911835         1120948.        0.000000       -809.8650     -3.44672616548E+07  8.99106611953E+04 -3.83350107725E+02   10.5348930            56820  0.12071    
       52700  -1.18918271         1120991.        0.000000       -808.1593     -3.44668428307E+07  8.99095687418E+04 -3.83350107370E+02   10.5355178            56821  0.12547    
       52800  -1.18958428         1121229.        0.000000       -808.6227     -3.44663368231E+07  8.99082486979E+04 -3.83350107718E+02   10.5332661            56870  0.12057    
       52900  -1.18978230         1121094.        0.000000       -808.4942     -3.44728728898E+07  8.99252984521E+04 -3.83350108181E+02   10.5341589            56792  0.11980    
       53000  -1.18913018         1120949.        0.000000       -810.2060     -3.44718875787E+07  8.99227279889E+04 -3.83350109028E+02   10.5345677            56760  0.12346    
       53100  -1.18891547         1120959.        0.000000       -810.1486     -3.44742033524E+07  8.99287688499E+04 -3.83350109128E+02   10.5349161            56840  0.12042    
       53200  -1.18881547         1120923.        0.000000       -807.5516     -3.44696928874E+07  8.99170028550E+04 -3.83350109467E+02   10.5352045            56803  0.12526    
       53300  -1.18900621         1120948.        0.000000       -805.0262     -3.44713595565E+07  8.99213503757E+04 -3.83350109985E+02   10.5344521            56770  0.12198    
       53400  -1.18894381         1121040.        0.000000       -807.2965     -3.44733397392E+07  8.99265155839E+04 -3.83350111092E+02   10.5329197            56824  0.12097    
       53500  -1.19002789         1121304.        0.000000       -806.9256     -3.44838658045E+07  8.99539737249E+04 -3.83350110914E+02   10.5340657            56847  0.12479    
       53600  -1.19044537         1121241.        0.000000       -809.7489     -3.44878586367E+07  8.99643895236E+04 -3.83350110186E+02   10.5340970            56869  0.12014    
       53700  -1.18969266         1120983.        0.000000       -810.5732     -3.44884251959E+07  8.99658675243E+04 -3.83350109825E+02   10.5352209            56841  0.12467    
       53800  -1.18871480         1120858.        0.000000       -809.9516     -3.44830106005E+07  8.99517431070E+04 -3.83350109842E+02   10.5352270            56835  0.11943    
       53900  -1.18823397         1120818.        0.000000       -814.3120     -3.44799034579E+07  8.99436379836E+04 -3.83350109367E+02   10.5347541            56815  0.12143    
       54000  -1.18871630         1121044.        0.000000       -812.4833     -3.44793363499E+07  8.99421585052E+04 -3.83350109926E+02   10.5339374            56897  0.12781    
       54100  -1.18974041         1121257.        0.000000       -816.6577     -3.44861272047E+07  8.99598728713E+04 -3.83350110488E+02   10.5335626            56875  0.12047    
       54200  -1.18995648         1121231.        0.000000       -818.0658     -3.44895390777E+07  8.99687731923E+04 -3.83350109755E+02   10.5341008            56897  0.12777    
       54300  -1.19009604         1121328.        0.000000       -815.8968     -3.44911913882E+07  8.99730834322E+04 -3.83350109527E+02   10.5342707            56924  0.12377    
       54400  -1.18999707         1121080.        0.000000       -813.9896     -3.44881458050E+07  8.99651389268E+04 -3.83350108902E+02   10.5350659            56876  0.12566    
       54500  -1.18954921         1121032.        0.000000       -815.0535     -3.44872102730E+07  8.99626985026E+04 -3.83350108957E+02   10.5346992            56861  0.12022    
       54600  -1.18933368         1121075.        0.000000       -817.5752     -3.44868837816E+07  8.99618468434E+04 -3.83350108871E+02   10.5343335            56927  0.11999    
       54700  -1.18919907         1121026.        0.000000       -820.8385     -3.44878066885E+07  8.99642542752E+04 -3.83350109067E+02   10.5350452            56906  0.13118    
       54800  -1.18920606         1121167.        0.000000       -821.1130     -3.44871413310E+07  8.99625184714E+04 -3.83350109767E+02   10.5332063            56876  0.12012    
       54900  -1.18975652         1121212.        0.000000       -819.9058     -3.44907889581E+07  8.99720334890E+04 -3.83350110258E+02   10.5349711            56895  0.12429    
       55000  -1.19023280         1121364.        0.000000       -816.8252     -3.44898045685E+07  8.99694655673E+04 -3.83350110519E+02   10.5339292            56893  0.12020    
       55100  -1.19020867         1121107.        0.000000       -814.7398     -3.44884697357E+07  8.99659834492E+04 -3.83350110936E+02   10.5350939            56823  0.12003    
       55200  -1.18951883         1121066.        0.000000       -812.5875     -3.44847127958E+07  8.99561830708E+04 -3.83350111339E+02   10.5357843            56798  0.12282    
       55300  -1.18939825         1121155.        0.000000       -813.1730     -3.44792509145E+07  8.99419352937E+04 -3.83350111401E+02   10.5342396            56830  0.12018    
       55400  -1.19022696         1121303.        0.000000       -815.2997     -3.44811507665E+07  8.99468912594E+04 -3.83350111201E+02   10.5341139            56913  0.12409    
       55500  -1.18997382         1121160.        0.000000       -814.0136     -3.44806227120E+07  8.99455137215E+04 -3.83350111477E+02   10.5350813            56915  0.11948    
       55600  -1.18989823         1121212.        0.000000       -809.3461     -3.44807589169E+07  8.99458688833E+04 -3.83350112073E+02   10.5347240            56924  0.11985    
       55700  -1.19002007         1121252.        0.000000       -811.7342     -3.44797540514E+07  8.99432475824E+04 -3.83350112189E+02   10.5343318            56926  0.12466    
       55800  -1.19003585         1121192.        0.000000       -813.3635     -3.44813220707E+07  8.99473379126E+04 -3.83350112087E+02   10.5352162            56919  0.11908    
       55900  -1.18945149         1120984.        0.000000       -812.8541     -3.44738125701E+07  8.99277489080E+04 -3.83350111492E+02   10.5357628            56878  0.12321    
       56000  -1.18940513         1121165.        0.000000       -813.3380     -3.44727999307E+07  8.99251076289E+04 -3.83350110327E+02   10.5344646            56864  0.12070    
       56100  -1.19005663         1121263.        0.000000       -814.6479     -3.44744636537E+07  8.99294477268E+04 -3.83350109726E+02   10.5333754            56902  0.11978    
       56200  -1.19038378         1121304.        0.000000       -810.3541     -3.44783780328E+07  8.99396587370E+04 -3.83350109584E+02   10.5346800            56845  0.13044    
       56300  -1.19067665         1121417.        0.000000       -806.3535     -3.44791404084E+07  8.99416474290E+04 -3.83350109699E+02   10.5344494            56861  0.11882    
       56400  -1.19055058         1121156.        0.000000       -804.3009     -3.44751185133E+07  8.99311560841E+04 -3.83350109289E+02   10.5357610            56858  0.12504    
       56500  -1.18979185         1121126.        0.000000       -805.8939     -3.44722157077E+07  8.99235837083E+04 -3.83350110017E+02   10.5340588            56832  0.11966    
       56600  -1.19005722         1121259.        0.000000       -808.2519     -3.44764648669E+07  8.99346677936E+04 -3.83350110838E+02   10.5347195            56844  0.12363    
       56700  -1.19037820         1121352.        0.000000       -809.0675     -3.44788859186E+07  8.99409832675E+04 -3.83350110995E+02   10.5344403            56833  0.12219    
       56800  -1.19002765         1121120.        0.000000       -812.5480     -3.44756630290E+07  8.99325761688E+04 -3.83350110691E+02   10.5347902            56819  0.11945    
       56900  -1.18955934         1121050.        0.000000       -813.8508     -3.44745144886E+07  8.99295799597E+04 -3.83350111321E+02   10.5348492            56855  0.12683    
       57000  -1.18965731         1121167.        0.000000       -813.0029     -3.44739810965E+07  8.99281885756E+04 -3.83350111267E+02   10.5343177            56838  0.12306    
       57100  -1.18997510         1121010.        0.000000       -811.6232     -3.44752017593E+07  8.99313728994E+04 -3.83350110732E+02   10.5357124            56815  0.12528    
       57200  -1.18903381         1120942.        0.000000       -809.3246     -3.44700421815E+07  8.99179140344E+04 -3.83350109393E+02   10.5353401            56801  0.12347    
       57300  -1.18901992         1121109.        0.000000       -808.1199     -3.44698543480E+07  8.99174240375E+04 -3.83350109469E+02   10.5332737            56754  0.11874    
       57400  -1.18966556         1121202.        0.000000       -808.9339     -3.44763988664E+07  8.99344958869E+04 -3.83350109726E+02   10.5337436            56722  0.12512    
       57500  -1.19026108         1121285.        0.000000       -807.3870     -3.44793811104E+07  8.99422752077E+04 -3.83350110176E+02   10.5348107            56780  0.11945    
       57600  -1.19024659         1121292.        0.000000       -805.1059     -3.44784267341E+07  8.99397855332E+04 -3.83350110629E+02   10.5348813            56815  0.12954    
       57700  -1.19026516         1121264.        0.000000       -806.0050     -3.44762724756E+07  8.99341660405E+04 -3.83350110347E+02   10.5348086            56790  0.11999    
       57800  -1.19019204         1121325.        0.000000       -807.2915     -3.44746577932E+07  8.99299539236E+04 -3.83350110715E+02   10.5332871            56828  0.11986    
       57900  -1.19056014         1121309.        0.000000       -809.7840     -3.44789654761E+07  8.99411907914E+04 -3.83350111030E+02   10.5350421            56854  0.12296    
       58000  -1.18995856         1121113.        0.000000       -808.8516     -3.44700955182E+07  8.99180529918E+04 -3.83350110142E+02   10.5365343            56838  0.12010    
       58100  -1.18955422         1121137.        0.000000       -808.7874     -3.44666668655E+07  8.99091090871E+04 -3.83350110077E+02   10.5336511            56807  0.12578    
       58200  -1.19045667         1121307.        0.000000       -810.5556     -3.44771896975E+07  8.99365586376E+04 -3.83350110564E+02   10.5341248            56854  0.12040    
       58300  -1.19024018         1121177.        0.000000       -811.7853     -3.44770397992E+07  8.99361675946E+04 -3.83350110654E+02   10.5348047            56916  0.12014    
       58400  -1.18945040         1121073.        0.000000       -811.8949     -3.44767607434E+07  8.99354396803E+04 -3.83350110545E+02   10.5339130            56898  0.12513    
       58500  -1.18946543         1121147.        0.000000       -812.3912     -3.44772561293E+07  8.99367316209E+04 -3.83350111883E+02   10.5345804            56885  0.11946    
       58600  -1.19031485         1121383.        0.000000       -814.9791     -3.44806910879E+07  8.99456919749E+04 -3.83350111949E+02   10.5334522            56921  0.12435    
       58700  -1.19053621         1121299.        0.000000       -813.4700     -3.44841473314E+07  8.99547079531E+04 -3.83350111585E+02   10.5340465            56891  0.12019    
       58800  -1.19028742         1121345.        0.000000       -812.0034     -3.44862968624E+07  8.99603155242E+04 -3.83350110117E+02   10.5338248            56899  0.12566    
       58900  -1.19035464         1121216.        0.000000       -811.1723     -3.44855613320E+07  8.99583968350E+04 -3.83350110109E+02   10.5359219            56886  0.12288    
       59000  -1.19045817         1121291.        0.000000       -809.3897     -3.44847015351E+07  8.99561540052E+04 -3.83350110022E+02   10.5357655            56885  0.12133    
       59100  -1.19022231         1121128.        0.000000       -809.1712     -3.44793595895E+07  8.99422192337E+04 -3.83350109473E+02   10.5364599            56896  0.12548    
       59200  -1.18939409         1121061.        0.000000       -811.4248     -3.44734185204E+07  8.99267213670E+04 -3.83350109916E+02   10.5340375            56874  0.12121    
       59300  -1.18890567         1120854.        0.000000       -811.8450     -3.44725286690E+07  8.99244001660E+04 -3.83350109707E+02   10.5359194            56869  0.12490    
       59400  -1.18869897         1120992.        0.000000       -813.0554     -3.44714327690E+07  8.99215414826E+04 -3.83350109447E+02   10.5330268            56803  0.11977    
       59500  -1.18912443         1121113.        0.000000       -812.2000     -3.44768866923E+07  8.99357684214E+04 -3.83350109723E+02   10.5340015            56862  0.12649    
       59600  -1.18985683         1121219.        0.000000       -815.0988     -3.44816241952E+07  8.99481263639E+04 -3.83350110659E+02   10.5344153            56818  0.12552    
       59700  -1.18994725         1121175.        0.000000       -816.5185     -3.44818702564E+07  8.99487680584E+04 -3.83350111410E+02   10.5340395            56846  0.12020    
       59800  -1.19002988         1121199.        0.000000       -817.8802     -3.44850950953E+07  8.99571804096E+04 -3.83350111001E+02   10.5343836            56806  0.12268    
       59900  -1.18969683         1121032.        0.000000       -816.9586     -3.44829285418E+07  8.99515288121E+04 -3.83350110857E+02   10.5356580            56873  0.12101    
       60000  -1.18928975         1121061.        0.000000       -820.6462     -3.44789595844E+07  8.99411756167E+04 -3.83350110202E+02   10.5339659            56868  0.12048    
       60100  -1.18963058         1121205.        0.000000       -818.8336     -3.44793875791E+07  8.99422921004E+04 -3.83350110097E+02   10.5347789            56885  0.12772    
       60200  -1.19018796         1121304.        0.000000       -819.3749     -3.44757247595E+07  8.99327372915E+04 -3.83350110291E+02   10.5348060            56908  0.12009    
       60300  -1.19000887         1121057.        0.000000       -815.9681     -3.44714865657E+07  8.99216815000E+04 -3.83350110793E+02   10.5358479            56883  0.12589    
       60400  -1.18921269         1121023.        0.000000       -816.6831     -3.44671079647E+07  8.99102596331E+04 -3.83350110492E+02   10.5345844            56890  0.12095    
       60500  -1.18991897         1121276.        0.000000       -817.3764     -3.44732033160E+07  8.99261598488E+04 -3.83350110513E+02   10.5338456            56887  0.12577    
       60600  -1.19028766         1121239.        0.000000       -815.9238     -3.44740400025E+07  8.99283423982E+04 -3.83350110578E+02   10.5348633            56869  0.12195    
       60700  -1.19031077         1121277.        0.000000       -812.1220     -3.44757481697E+07  8.99327982506E+04 -3.83350110753E+02   10.5338892            56872  0.12126    
       60800  -1.18981066         1121058.        0.000000       -812.2136     -3.44777987517E+07  8.99381473503E+04 -3.83350110798E+02   10.5345239            56820  0.12449    
       60900  -1.18941118         1121162.        0.000000       -814.8181     -3.44773836432E+07  8.99370647137E+04 -3.83350109912E+02   10.5350323            56868  0.12328    
       61000  -1.18982077         1121097.        0.000000       -813.4784     -3.44746372646E+07  8.99299007129E+04 -3.83350109266E+02   10.5356005            56882  0.12562    
       61100  -1.18898971         1120836.        0.000000       -813.2171     -3.44676948687E+07  8.99117909205E+04 -3.83350109210E+02   10.5356294            56834  0.12158    
       61200  -1.18909292         1121030.        0.000000       -812.2873     -3.44692967855E+07  8.99159698222E+04 -3.83350108481E+02   10.5350977            56823  0.11951    
       61300  -1.18926620         1120982.        0.000000       -810.8370     -3.44705193689E+07  8.99191586843E+04 -3.83350109957E+02   10.5346583            56863  0.12695    
       61400  -1.18907512         1120997.        0.000000       -811.1704     -3.44698212966E+07  8.99173376579E+04 -3.83350110161E+02   10.5350967            56806  0.12029    
       61500  -1.18966734         1121125.        0.000000       -810.2405     -3.44699490836E+07  8.99176709060E+04 -3.83350110566E+02   10.5358494            56861  0.12726    
       61600  -1.18997960         1121159.        0.000000       -811.9138     -3.44666038919E+07  8.99089446456E+04 -3.83350110801E+02   10.5338934            56861  0.12145    
       61700  -1.18992925         1121223.        0.000000       -810.2860     -3.44686937833E+07  8.99143963602E+04 -3.83350110535E+02   10.5349904            56881  0.11980    
       61800  -1.19052797         1121331.        0.000000       -810.5961     -3.44690715729E+07  8.99153817478E+04 -3.83350110992E+02   10.5349786            56860  0.12369    
       61900  -1.19019547         1121137.        0.000000       -811.0707     -3.44653430254E+07  8.99056555559E+04 -3.83350110873E+02   10.5354529            56838  0.12048    
       62000  -1.18989810         1120953.        0.000000       -811.3964     -3.44607905296E+07  8.98937800686E+04 -3.83350110578E+02   10.5362796            56843  0.12624    
       62100  -1.18853268         1120847.        0.000000       -811.0356     -3.44499265454E+07  8.98654403706E+04 -3.83350111047E+02   10.5359210            56913  0.11921    
       62200  -1.18901556         1121131.        0.000000       -812.4978     -3.44496783603E+07  8.98647930092E+04 -3.83350110836E+02   10.5339120            56972  0.11853    
       62300  -1.18974272         1121152.        0.000000       -812.6807     -3.44518878891E+07  8.98705568792E+04 -3.83350110264E+02   10.5341447            56960  0.12546    
       62400  -1.18969145         1121104.        0.000000       -813.3126     -3.44540776719E+07  8.98762693209E+04 -3.83350109347E+02   10.5347873            56926  0.12059    
       62500  -1.18932481         1120999.        0.000000       -813.1219     -3.44536998627E+07  8.98752839081E+04 -3.83350108778E+02   10.5343641            56907  0.12503    
       62600  -1.18917924         1121125.        0.000000       -812.5956     -3.44542137340E+07  8.98766242216E+04 -3.83350109468E+02   10.5341293            56896  0.11912    
       62700  -1.18976935         1121156.        0.000000       -813.8930     -3.44566859064E+07  8.98830730164E+04 -3.83350109759E+02   10.5351711            56917  0.13327    
       62800  -1.18939705         1121096.        0.000000       -813.0778     -3.44537221491E+07  8.98753417567E+04 -3.83350110005E+02   10.5342033            56885  0.11933    
       62900  -1.18911635         1121000.        0.000000       -814.4921     -3.44525630225E+07  8.98723178950E+04 -3.83350110796E+02   10.5348702            56866  0.11909    
       63000  -1.18907055         1121004.        0.000000       -812.4213     -3.44465150010E+07  8.98565411435E+04 -3.83350110773E+02   10.5355956            56909  0.12577    
       63100  -1.18913367         1121080.        0.000000       -812.0304     -3.44429619982E+07  8.98472728727E+04 -3.83350110659E+02   10.5338336            56922  0.12386    
       63200  -1.18980658         1121145.        0.000000       -811.3024     -3.44434388014E+07  8.98485167170E+04 -3.83350110385E+02   10.5343621            56851  0.12571    
       63300  -1.18950192         1121037.        0.000000       -809.6913     -3.44429581155E+07  8.98472628737E+04 -3.83350110108E+02   10.5345844            56873  0.11991    
       63400  -1.18937993         1121015.        0.000000       -810.7490     -3.44437762042E+07  8.98493969111E+04 -3.83350110166E+02   10.5350272            56875  0.11998    
       63500  -1.18930977         1121075.        0.000000       -814.7856     -3.44426267698E+07  8.98463985241E+04 -3.83350110139E+02   10.5342754            56925  0.12680    
       63600  -1.18920158         1120960.        0.000000       -813.1193     -3.44385716199E+07  8.98358203618E+04 -3.83350110025E+02   10.5357023            56881  0.11917    
       63700  -1.18882302         1120876.        0.000000       -814.1603     -3.44375866882E+07  8.98332511122E+04 -3.83350109918E+02   10.5340094            56872  0.12479    
       63800  -1.18854268         1120957.        0.000000       -811.1381     -3.44362535623E+07  8.98297733150E+04 -3.83350110899E+02   10.5342691            56860  0.11919    
       63900  -1.18914505         1121124.        0.000000       -811.7599     -3.44393425652E+07  8.98378313095E+04 -3.83350110563E+02   10.5332760            56933  0.12046    
       64000  -1.18972899         1121161.        0.000000       -813.9536     -3.44470098881E+07  8.98578321636E+04 -3.83350110488E+02   10.5342490            56900  0.12255    
       64100  -1.19001631         1121223.        0.000000       -814.8924     -3.44490612095E+07  8.98631834404E+04 -3.83350109473E+02   10.5340324            56876  0.11954    
       64200  -1.18959864         1121053.        0.000000       -812.8091     -3.44502549324E+07  8.98662973416E+04 -3.83350109568E+02   10.5345565            56821  0.12448    
       64300  -1.18884322         1121001.        0.000000       -815.4583     -3.44454520931E+07  8.98537687369E+04 -3.83350109598E+02   10.5342293            56813  0.11909    
       64400  -1.18945882         1121212.        0.000000       -814.5974     -3.44501952889E+07  8.98661417368E+04 -3.83350109653E+02   10.5351424            56822  0.11949    
       64500  -1.19001214         1121279.        0.000000       -813.0224     -3.44473467327E+07  8.98587107868E+04 -3.83350110759E+02   10.5338168            56855  0.12339    
       64600  -1.19036217         1121367.        0.000000       -813.7643     -3.44504328698E+07  8.98667612927E+04 -3.83350110478E+02   10.5344530            56854  0.12458    
       64700  -1.19005148         1121052.        0.000000       -813.0018     -3.44473254915E+07  8.98586552990E+04 -3.83350111093E+02   10.5358317            56833  0.12714    
       64800  -1.18920487         1120992.        0.000000       -812.8869     -3.44438696470E+07  8.98496402882E+04 -3.83350111770E+02   10.5345713            56885  0.12266    
       64900  -1.18913415         1121085.        0.000000       -812.4510     -3.44468095444E+07  8.98573090180E+04 -3.83350112760E+02   10.5337131            56834  0.13031    
       65000  -1.18905017         1121020.        0.000000       -811.9738     -3.44475596947E+07  8.98592657086E+04 -3.83350113347E+02   10.5350758            56851  0.11957    
       65100  -1.18908904         1120998.        0.000000       -812.3183     -3.44471038270E+07  8.98580767361E+04 -3.83350112513E+02   10.5346105            56849  0.11973    
       65200  -1.18893808         1120966.        0.000000       -814.3088     -3.44481503214E+07  8.98608067796E+04 -3.83350111756E+02   10.5341740            56852  0.12516    
       65300  -1.18901253         1120936.        0.000000       -813.7755     -3.44500482025E+07  8.98657576196E+04 -3.83350111489E+02   10.5354119            56913  0.12048    
       65400  -1.18906903         1121050.        0.000000       -812.6670     -3.44498811518E+07  8.98653219086E+04 -3.83350111257E+02   10.5335852            56835  0.12534    
       65500  -1.18948831         1121017.        0.000000       -811.3712     -3.44563883115E+07  8.98822963249E+04 -3.83350111428E+02   10.5349083            56819  0.11946    
       65600  -1.18915778         1121059.        0.000000       -812.7307     -3.44571356051E+07  8.98842456054E+04 -3.83350111836E+02   10.5333141            56835  0.12093    
       65700  -1.18969229         1121093.        0.000000       -814.4546     -3.44627089336E+07  8.98987841053E+04 -3.83350111757E+02   10.5345364            56849  0.12942    
       65800  -1.19000675         1121221.        0.000000       -815.5998     -3.44680608254E+07  8.99127449255E+04 -3.83350111867E+02   10.5344213            56883  0.12064    
       65900  -1.18982426         1121032.        0.000000       -817.5489     -3.44661600304E+07  8.99077865477E+04 -3.83350111862E+02   10.5362221            56833  0.12283    
       66000  -1.18945668         1121102.        0.000000       -817.7142     -3.44634618319E+07  8.99007483232E+04 -3.83350110813E+02   10.5338878            56894  0.12076    
       66100  -1.18925812         1120963.        0.000000       -816.5349     -3.44656681728E+07  8.99065037815E+04 -3.83350110650E+02   10.5345329            56875  0.12031    
       66200  -1.18907735         1121019.        0.000000       -814.8736     -3.44680365768E+07  8.99126821529E+04 -3.83350109812E+02   10.5338514            56883  0.12379    
       66300  -1.18920668         1121019.        0.000000       -816.4622     -3.44712501677E+07  8.99210651556E+04 -3.83350109433E+02   10.5346483            56903  0.11995    
       66400  -1.18892528         1120981.        0.000000       -812.9849     -3.44683226682E+07  8.99134285171E+04 -3.83350109507E+02   10.5339395            56853  0.12475    
       66500  -1.18917546         1121060.        0.000000       -813.5123     -3.44722372463E+07  8.99236398703E+04 -3.83350110116E+02   10.5340003            56823  0.12085    
       66600  -1.18911599         1121082.        0.000000       -812.5877     -3.44748786166E+07  8.99305300902E+04 -3.83350110158E+02   10.5333263            56777  0.11945    
       66700  -1.18960124         1121302.        0.000000       -811.4203     -3.44813885524E+07  8.99475118147E+04 -3.83350110045E+02   10.5329600            56763  0.12486    
       66800  -1.19030470         1121263.        0.000000       -810.3958     -3.44834480972E+07  8.99528842312E+04 -3.83350110359E+02   10.5354760            56759  0.12006    
       66900  -1.19015877         1121170.        0.000000       -810.3261     -3.44770946701E+07  8.99363108295E+04 -3.83350110230E+02   10.5356648            56852  0.12656    
       67000  -1.18961979         1120963.        0.000000       -811.1953     -3.44708404868E+07  8.99199963823E+04 -3.83350109805E+02   10.5361900            56858  0.11943    
       67100  -1.18884365         1120905.        0.000000       -812.1277     -3.44665511472E+07  8.99088072585E+04 -3.83350109941E+02   10.5349667            56901  0.12128    
       67200  -1.18873641         1120995.        0.000000       -815.1870     -3.44661365182E+07  8.99077256225E+04 -3.83350110122E+02   10.5337473            56894  0.12527    
       67300  -1.18927278         1121092.        0.000000       -817.1057     -3.44714077895E+07  8.99214760666E+04 -3.83350110534E+02   10.5337839            56903  0.12063    
       67400  -1.18991220         1121274.        0.000000       -813.7808     -3.44783351380E+07  8.99395467022E+04 -3.83350110182E+02   10.5342453            56889  0.12614    
       67500  -1.19001013         1121199.        0.000000       -814.5335     -3.44811854210E+07  8.99469819153E+04 -3.83350110107E+02   10.5346623            56853  0.12236    
       67600  -1.18968982         1121096.        0.000000       -813.8568     -3.44776735820E+07  8.99378210175E+04 -3.83350110020E+02   10.5350406            56875  0.12361    
       67700  -1.18951683         1121133.        0.000000       -810.3459     -3.44750594597E+07  8.99310018859E+04 -3.83350109937E+02   10.5349206            56916  0.12538    
       67800  -1.18950608         1121006.        0.000000       -811.7281     -3.44750409994E+07  8.99309535790E+04 -3.83350110584E+02   10.5352871            56835  0.11952    
       67900  -1.18936805         1121052.        0.000000       -816.8505     -3.44763829090E+07  8.99344538218E+04 -3.83350111597E+02   10.5342077            56799  0.12425    
       68000  -1.18943867         1121153.        0.000000       -817.6514     -3.44777961532E+07  8.99381403042E+04 -3.83350111939E+02   10.5333830            56823  0.11958    
       68100  -1.18972031         1121182.        0.000000       -819.8312     -3.44837484698E+07  8.99536675119E+04 -3.83350111492E+02   10.5347590            56890  0.12596    
       68200  -1.19029950         1121360.        0.000000       -819.3815     -3.44871346014E+07  8.99625005877E+04 -3.83350111170E+02   10.5343103            56894  0.12053    
       68300  -1.19042163         1121266.        0.000000       -818.0635     -3.44889242117E+07  8.99671689071E+04 -3.83350111276E+02   10.5337776            56906  0.11967    
       68400  -1.19006513         1120992.        0.000000       -817.6140     -3.44907030736E+07  8.99718090250E+04 -3.83350112078E+02   10.5362784            56798  0.12517    
       68500  -1.18885123         1120877.        0.000000       -816.7812     -3.44847876505E+07  8.99563779609E+04 -3.83350112934E+02   10.5356590            56799  0.11971    
       68600  -1.18826201         1120812.        0.000000       -819.0469     -3.44778456990E+07  8.99382693679E+04 -3.83350112709E+02   10.5346082            56787  0.12321    
       68700  -1.18881060         1121034.        0.000000       -818.8072     -3.44798848317E+07  8.99435888275E+04 -3.83350111789E+02   10.5342464            56777  0.12236    
       68800  -1.18955585         1121287.        0.000000       -816.4041     -3.44777235824E+07  8.99379510064E+04 -3.83350111900E+02   10.5339339            56803  0.12058    
       68900  -1.19082995         1121417.        0.000000       -818.7607     -3.44817641455E+07  8.99484911192E+04 -3.83350112009E+02   10.5350322            56840  0.12840    
       69000  -1.19063891         1121243.        0.000000       -816.6152     -3.44810729129E+07  8.99466881614E+04 -3.83350111246E+02   10.5349671            56848  0.12137    
       69100  -1.19001629         1121090.        0.000000       -813.3967     -3.44793607145E+07  8.99422219163E+04 -3.83350110547E+02   10.5356366            56837  0.12595    
       69200  -1.18979358         1121215.        0.000000       -811.3591     -3.44792133135E+07  8.99418373948E+04 -3.83350110607E+02   10.5340507            56802  0.12000    
       69300  -1.19008280         1121199.        0.000000       -812.9229     -3.44815640614E+07  8.99479697416E+04 -3.83350109630E+02   10.5341373            56827  0.12080    
       69400  -1.18951117         1121027.        0.000000       -812.3247     -3.44803111223E+07  8.99447017234E+04 -3.83350108029E+02   10.5352362            56810  0.12352    
       69500  -1.18955338         1121139.        0.000000       -810.7050     -3.44781759222E+07  8.99391318942E+04 -3.83350107969E+02   10.5348955            56827  0.12200    
       69600  -1.18963455         1121080.        0.000000       -812.4132     -3.44749331183E+07  8.99306725587E+04 -3.83350108894E+02   10.5348983            56819  0.13076    
       69700  -1.18920721         1120958.        0.000000       -808.7617     -3.44732527018E+07  8.99262892732E+04 -3.83350107965E+02   10.5355677            56797  0.12033    
       69800  -1.18927291         1121145.        0.000000       -810.8809     -3.44746274770E+07  8.99298757327E+04 -3.83350106915E+02   10.5341526            56821  0.12683    
       69900  -1.19015665         1121321.        0.000000       -815.3282     -3.44789703184E+07  8.99412044429E+04 -3.83350106683E+02   10.5344190            56844  0.12131    
       70000  -1.19062909         1121334.        0.000000       -815.3500     -3.44805658820E+07  8.99453663891E+04 -3.83350107584E+02   10.5345446            56870  0.12012    
       70100  -1.19034967         1121151.        0.000000       -818.1200     -3.44808518113E+07  8.99461122726E+04 -3.83350107527E+02   10.5356775            56876  0.12591    
       70200  -1.18943867         1121025.        0.000000       -817.7997     -3.44731003385E+07  8.99258920318E+04 -3.83350107067E+02   10.5352513            56814  0.12014    
       70300  -1.18912800         1120950.        0.000000       -818.6349     -3.44707843471E+07  8.99198505645E+04 -3.83350107131E+02   10.5356309            56830  0.12521    
       70400  -1.18889351         1120964.        0.000000       -819.8365     -3.44655670894E+07  8.99062409025E+04 -3.83350107217E+02   10.5344861            56849  0.11994    
       70500  -1.18941465         1121097.        0.000000       -819.7949     -3.44671743040E+07  8.99104333666E+04 -3.83350107584E+02   10.5340346            56820  0.12442    
       70600  -1.19009772         1121183.        0.000000       -819.8787     -3.44721859783E+07  8.99235067533E+04 -3.83350107474E+02   10.5345965            56815  0.12538    
       70700  -1.19005871         1121198.        0.000000       -818.4987     -3.44711222508E+07  8.99207317639E+04 -3.83350108196E+02   10.5351175            56830  0.11969    
       70800  -1.18974303         1121074.        0.000000       -819.9542     -3.44674390919E+07  8.99111237935E+04 -3.83350108837E+02   10.5351535            56828  0.12553    
       70900  -1.18937333         1121050.        0.000000       -814.7914     -3.44633784125E+07  8.99005312181E+04 -3.83350108676E+02   10.5347258            56894  0.12018    
       71000  -1.18928209         1121026.        0.000000       -818.5924     -3.44613778026E+07  8.98953124940E+04 -3.83350108549E+02   10.5347820            56866  0.11989    
       71100  -1.18951900         1121160.        0.000000       -818.8610     -3.44617333789E+07  8.98962400414E+04 -3.83350108559E+02   10.5338728            56928  0.12383    
       71200  -1.18998523         1121268.        0.000000       -823.9352     -3.44643240216E+07  8.99029978043E+04 -3.83350109155E+02   10.5333981            56940  0.11976    
       71300  -1.18996499         1121144.        0.000000       -822.7101     -3.44644421141E+07  8.99033058701E+04 -3.83350109104E+02   10.5347449            56936  0.12375    
       71400  -1.18901491         1120795.        0.000000       -823.0531     -3.44569911721E+07  8.98838695194E+04 -3.83350108938E+02   10.5365871            56829  0.12030    
       71500  -1.18908933         1121033.        0.000000       -822.0257     -3.44557758622E+07  8.98806990152E+04 -3.83350110087E+02   10.5340016            56902  0.12214    
       71600  -1.18930363         1121136.        0.000000       -819.6160     -3.44602848714E+07  8.98924610160E+04 -3.83350110586E+02   10.5332811            56890  0.12660    
       71700  -1.18897793         1120928.        0.000000       -814.7977     -3.44610339082E+07  8.98944150817E+04 -3.83350109981E+02   10.5349642            56818  0.11963    
       71800  -1.18875967         1120907.        0.000000       -816.6245     -3.44637265871E+07  8.99014391840E+04 -3.83350109853E+02   10.5341990            56791  0.12578    
       71900  -1.18878812         1120913.        0.000000       -819.6004     -3.44658316283E+07  8.99069304137E+04 -3.83350109604E+02   10.5345393            56845  0.11947    
       72000  -1.18839437         1120774.        0.000000       -818.6681     -3.44660962048E+07  8.99076205111E+04 -3.83350109912E+02   10.5345820            56822  0.12252    
       72100  -1.18796699         1120847.        0.000000       -819.4722     -3.44675772171E+07  8.99114839329E+04 -3.83350109569E+02   10.5330472            56802  0.12646    
       72200  -1.18888099         1121123.        0.000000       -820.2296     -3.44757922166E+07  8.99329134258E+04 -3.83350109579E+02   10.5328713            56841  0.11957    
       72300  -1.18928725         1121026.        0.000000       -823.0142     -3.44779771673E+07  8.99386132052E+04 -3.83350108908E+02   10.5344536            56827  0.12752    
       72400  -1.18916024         1120947.        0.000000       -822.5580     -3.44778443201E+07  8.99382666876E+04 -3.83350108802E+02   10.5351862            56789  0.11976    
       72500  -1.18875882         1120828.        0.000000       -823.9696     -3.44761821618E+07  8.99339308651E+04 -3.83350108576E+02   10.5357602            56775  0.12437    
       72600  -1.18889509         1121048.        0.000000       -820.6094     -3.44776795022E+07  8.99378368087E+04 -3.83350108538E+02   10.5342265            56779  0.11990    
       72700  -1.18966302         1121173.        0.000000       -821.4554     -3.44799062622E+07  8.99436455901E+04 -3.83350108126E+02   10.5341265            56888  0.12204    
       72800  -1.18965327         1120982.        0.000000       -820.3097     -3.44809893415E+07  8.99464707908E+04 -3.83350108551E+02   10.5347594            56865  0.12493    
       72900  -1.18901260         1120941.        0.000000       -822.2996     -3.44809395847E+07  8.99463408855E+04 -3.83350109023E+02   10.5350138            56875  0.12081    
       73000  -1.18903047         1121070.        0.000000       -823.6601     -3.44816126310E+07  8.99480967008E+04 -3.83350108516E+02   10.5338637            56893  0.12397    
       73100  -1.18955556         1121004.        0.000000       -821.7869     -3.44875741636E+07  8.99636477594E+04 -3.83350108878E+02   10.5354198            56894  0.12011    
       73200  -1.18886673         1120902.        0.000000       -820.6943     -3.44826090200E+07  8.99506958887E+04 -3.83350108404E+02   10.5355074            56929  0.12040    
       73300  -1.18861751         1120850.        0.000000       -818.2982     -3.44786075824E+07  8.99402578127E+04 -3.83350108404E+02   10.5349852            56890  0.12625    
       73400  -1.18854346         1120999.        0.000000       -817.7320     -3.44805176314E+07  8.99452403049E+04 -3.83350108516E+02   10.5331060            56870  0.12601    
       73500  -1.18938154         1121119.        0.000000       -816.7364     -3.44858802648E+07  8.99592290786E+04 -3.83350108910E+02   10.5348695            56844  0.12564    
       73600  -1.18988152         1121227.        0.000000       -818.2138     -3.44876806290E+07  8.99639255623E+04 -3.83350108540E+02   10.5343886            56875  0.11980    
       73700  -1.18984668         1121224.        0.000000       -817.7150     -3.44870335551E+07  8.99622375861E+04 -3.83350108672E+02   10.5350206            56844  0.13128    
       73800  -1.19021302         1121190.        0.000000       -815.2709     -3.44869970930E+07  8.99621423669E+04 -3.83350109120E+02   10.5349419            56839  0.12041    
       73900  -1.19020217         1121274.        0.000000       -814.4761     -3.44825723110E+07  8.99505996970E+04 -3.83350110251E+02   10.5358329            56897  0.11955    
       74000  -1.19072940         1121328.        0.000000       -813.9093     -3.44765379161E+07  8.99348586212E+04 -3.83350109676E+02   10.5349529            56914  0.12497    
       74100  -1.18948473         1121003.        0.000000       -812.0176     -3.44728187776E+07  8.99251570915E+04 -3.83350109053E+02   10.5353751            56880  0.12055    
       74200  -1.18929143         1121057.        0.000000       -810.2372     -3.44702648009E+07  8.99184947396E+04 -3.83350109460E+02   10.5348850            56911  0.12841    
       74300  -1.18933268         1120960.        0.000000       -809.3815     -3.44695502565E+07  8.99166305589E+04 -3.83350110455E+02   10.5349536            56926  0.12007    
       74400  -1.18887493         1120893.        0.000000       -809.0748     -3.44692637191E+07  8.99158832527E+04 -3.83350109816E+02   10.5346774            56861  0.11995    
       74500  -1.18829057         1120753.        0.000000       -812.4939     -3.44692176355E+07  8.99157635090E+04 -3.83350107815E+02   10.5336316            56803  0.12378    
       74600  -1.18914846         1121250.        0.000000       -812.4971     -3.44769542270E+07  8.99359453141E+04 -3.83350106640E+02   10.5337868            56838  0.12225    
       74700  -1.19032252         1121269.        0.000000       -812.1673     -3.44802262474E+07  8.99444804822E+04 -3.83350107339E+02   10.5343464            56839  0.12382    
       74800  -1.19003462         1121115.        0.000000       -813.8490     -3.44816715912E+07  8.99482507624E+04 -3.83350107411E+02   10.5351978            56855  0.11966    
       74900  -1.18964689         1121078.        0.000000       -815.5242     -3.44779230169E+07  8.99384720658E+04 -3.83350108413E+02   10.5351225            56907  0.11867    
       75000  -1.18954548         1121118.        0.000000       -816.0281     -3.44808511352E+07  8.99461100644E+04 -3.83350109422E+02   10.5344937            56894  0.12955    
       75100  -1.18953472         1121049.        0.000000       -816.6290     -3.44801371413E+07  8.99442476599E+04 -3.83350108967E+02   10.5347090            56887  0.11920    
       75200  -1.18921371         1120973.        0.000000       -817.0432     -3.44807868254E+07  8.99459425478E+04 -3.83350108395E+02   10.5342227            56900  0.12710    
       75300  -1.18915858         1120953.        0.000000       -817.0308     -3.44845203410E+07  8.99556816989E+04 -3.83350108516E+02   10.5348698            56868  0.11935    
       75400  -1.18930557         1121065.        0.000000       -817.7308     -3.44850495227E+07  8.99570619384E+04 -3.83350109258E+02   10.5348332            56901  0.12063    
       75500  -1.18947971         1121124.        0.000000       -817.1810     -3.44859923350E+07  8.99595213402E+04 -3.83350109263E+02   10.5334831            56825  0.12335    
       75600  -1.18997237         1121258.        0.000000       -817.9271     -3.44895286658E+07  8.99687459310E+04 -3.83350110185E+02   10.5340844            56839  0.11973    
       75700  -1.18984991         1121146.        0.000000       -815.6836     -3.44896100528E+07  8.99689583227E+04 -3.83350109813E+02   10.5353085            56763  0.12350    
       75800  -1.18972945         1121182.        0.000000       -816.7975     -3.44872410889E+07  8.99627788999E+04 -3.83350108907E+02   10.5340666            56803  0.11981    
       75900  -1.18971342         1121072.        0.000000       -815.6290     -3.44878139376E+07  8.99642734694E+04 -3.83350107855E+02   10.5351846            56830  0.12666    
       76000  -1.18923392         1121000.        0.000000       -818.4874     -3.44837705697E+07  8.99537259747E+04 -3.83350108025E+02   10.5348740            56890  0.12267    
       76100  -1.18896432         1120967.        0.000000       -816.4075     -3.44818042151E+07  8.99485964940E+04 -3.83350108386E+02   10.5355709            56816  0.12088    
       76200  -1.18969767         1121288.        0.000000       -813.6110     -3.44834961860E+07  8.99530100896E+04 -3.83350108591E+02   10.5332158            56856  0.12372    
       76300  -1.18971036         1121110.        0.000000       -813.3490     -3.44831071657E+07  8.99519952555E+04 -3.83350108774E+02   10.5349062            56869  0.12201    
       76400  -1.18947197         1121076.        0.000000       -813.1731     -3.44823803497E+07  8.99500991320E+04 -3.83350109477E+02   10.5340471            56829  0.12599    
       76500  -1.18903696         1120975.        0.000000       -814.4971     -3.44835397713E+07  8.99531234618E+04 -3.83350109971E+02   10.5338554            56817  0.12029    
       76600  -1.18958952         1121202.        0.000000       -815.0415     -3.44905417575E+07  8.99713886246E+04 -3.83350110349E+02   10.5337578            56823  0.12170    
       76700  -1.18991766         1121235.        0.000000       -813.8311     -3.44903864280E+07  8.99709833526E+04 -3.83350110700E+02   10.5343358            56897  0.12856    
       76800  -1.19035830         1121381.        0.000000       -813.0049     -3.44888713910E+07  8.99670313532E+04 -3.83350110282E+02   10.5343764            56918  0.12019    
       76900  -1.19060930         1121214.        0.000000       -810.2674     -3.44867843423E+07  8.99615872219E+04 -3.83350109833E+02   10.5357064            56816  0.12306    
       77000  -1.18963873         1120958.        0.000000       -808.6887     -3.44799183395E+07  8.99436765845E+04 -3.83350110301E+02   10.5357855            56748  0.11990    
       77100  -1.18882168         1120891.        0.000000       -808.8687     -3.44780993243E+07  8.99389313045E+04 -3.83350111283E+02   10.5352092            56713  0.12632    
       77200  -1.18946961         1121161.        0.000000       -813.7246     -3.44802179902E+07  8.99444579376E+04 -3.83350111622E+02   10.5333935            56745  0.13024    
       77300  -1.18987103         1121212.        0.000000       -812.6859     -3.44855057105E+07  8.99582511424E+04 -3.83350112664E+02   10.5340816            56758  0.12354    
       77400  -1.18990621         1121226.        0.000000       -813.2078     -3.44863788131E+07  8.99605287959E+04 -3.83350112263E+02   10.5345522            56768  0.12389    
       77500  -1.18980050         1121176.        0.000000       -813.3108     -3.44847655809E+07  8.99563207262E+04 -3.83350111504E+02   10.5344606            56760  0.12021    
       77600  -1.18978058         1121129.        0.000000       -813.7525     -3.44833014649E+07  8.99525015336E+04 -3.83350111192E+02   10.5361659            56735  0.12457    
       77700  -1.18978436         1121196.        0.000000       -812.4833     -3.44770751864E+07  8.99362597326E+04 -3.83350111388E+02   10.5351465            56823  0.12152    
       77800  -1.18936718         1120948.        0.000000       -812.7189     -3.44706214041E+07  8.99194245308E+04 -3.83350111324E+02   10.5368080            56764  0.12043    
       77900  -1.18938450         1121101.        0.000000       -811.6494     -3.44686063457E+07  8.99141680915E+04 -3.83350111304E+02   10.5336845            56781  0.12608    
       78000  -1.18951693         1121124.        0.000000       -811.3695     -3.44702507812E+07  8.99184577222E+04 -3.83350111361E+02   10.5343520            56801  0.11955    
       78100  -1.18978726         1121165.        0.000000       -809.2644     -3.44715349444E+07  8.99218077290E+04 -3.83350110668E+02   10.5353576            56786  0.12721    
       78200  -1.18997495         1121276.        0.000000       -808.3535     -3.44688844850E+07  8.99148938014E+04 -3.83350110619E+02   10.5339475            56854  0.11992    
       78300  -1.19059221         1121410.        0.000000       -810.9334     -3.44745643978E+07  8.99297103224E+04 -3.83350110595E+02   10.5340391            56831  0.12116    
       78400  -1.19064157         1121298.        0.000000       -806.9394     -3.44751801000E+07  8.99313163493E+04 -3.83350110945E+02   10.5350620            56760  0.12563    
       78500  -1.18994413         1121125.        0.000000       -806.6890     -3.44691653005E+07  8.99156261325E+04 -3.83350111467E+02   10.5354570            56792  0.12243    
       78600  -1.18977921         1121125.        0.000000       -806.4128     -3.44668449978E+07  8.99095734409E+04 -3.83350111437E+02   10.5347871            56765  0.12662    
       78700  -1.18948124         1121085.        0.000000       -802.1599     -3.44660726396E+07  8.99075589158E+04 -3.83350110438E+02   10.5348184            56795  0.12006    
       78800  -1.18965903         1121121.        0.000000       -802.2177     -3.44664449799E+07  8.99085302577E+04 -3.83350110174E+02   10.5342897            56801  0.12065    
       78900  -1.18991389         1121211.        0.000000       -802.0335     -3.44690100181E+07  8.99152215886E+04 -3.83350109237E+02   10.5344236            56814  0.12962    
       79000  -1.18921278         1120872.        0.000000       -804.9140     -3.44647376922E+07  8.99040769642E+04 -3.83350108872E+02   10.5357952            56776  0.12404    
       79100  -1.18872388         1120925.        0.000000       -806.0036     -3.44602088588E+07  8.98922632837E+04 -3.83350108229E+02   10.5339095            56772  0.12489    
       79200  -1.18951268         1121200.        0.000000       -806.3269     -3.44653925222E+07  8.99057853596E+04 -3.83350107942E+02   10.5337355            56794  0.11951    
       79300  -1.19002021         1121259.        0.000000       -807.8134     -3.44682043104E+07  8.99131199996E+04 -3.83350108534E+02   10.5351533            56805  0.12336    
       79400  -1.19009784         1121308.        0.000000       -806.5737     -3.44626642102E+07  8.98986682865E+04 -3.83350108150E+02   10.5356651            56846  0.12745    
       79500  -1.19031436         1121272.        0.000000       -808.7562     -3.44610964980E+07  8.98945787454E+04 -3.83350108304E+02   10.5342479            56831  0.11996    
       79600  -1.19035512         1121291.        0.000000       -804.6414     -3.44634147027E+07  8.99006258067E+04 -3.83350109005E+02   10.5348036            56861  0.12773    
       79700  -1.18950581         1120987.        0.000000       -806.6960     -3.44573242526E+07  8.98847384263E+04 -3.83350108771E+02   10.5353244            56815  0.11944    
       79800  -1.18907054         1121041.        0.000000       -805.1722     -3.44554249356E+07  8.98797839346E+04 -3.83350108637E+02   10.5347108            56855  0.12386    
       79900  -1.18919258         1121018.        0.000000       -805.4996     -3.44552165493E+07  8.98792403613E+04 -3.83350108555E+02   10.5349327            56924  0.11917    
       80000  -1.18906237         1120976.        0.000000       -805.6156     -3.44565724350E+07  8.98827773435E+04 -3.83350108367E+02   10.5338886            56896  0.12219    
       80100  -1.18916765         1121041.        0.000000       -806.7602     -3.44590678838E+07  8.98892869281E+04 -3.83350108355E+02   10.5338409            56837  0.12590    
       80200  -1.18958322         1121117.        0.000000       -807.2088     -3.44631685422E+07  8.98999838707E+04 -3.83350108180E+02   10.5350100            56852  0.12063    
       80300  -1.18980475         1121100.        0.000000       -809.1925     -3.44631634336E+07  8.98999705314E+04 -3.83350108236E+02   10.5344605            56871  0.12422    
       80400  -1.18921530         1121114.        0.000000       -809.5466     -3.44644608665E+07  8.99033550727E+04 -3.83350107887E+02   10.5337344            56854  0.12434    
       80500  -1.18966074         1121148.        0.000000       -808.8604     -3.44666632488E+07  8.99091002277E+04 -3.83350107625E+02   10.5358237            56856  0.11972    
       80600  -1.18951396         1121114.        0.000000       -810.2807     -3.44635227713E+07  8.99009079967E+04 -3.83350107794E+02   10.5343715            56861  0.12367    
       80700  -1.18956277         1121112.        0.000000       -809.5775     -3.44653868645E+07  8.99057704658E+04 -3.83350108518E+02   10.5341281            56837  0.11947    
       80800  -1.18952980         1121136.        0.000000       -808.2843     -3.44653734407E+07  8.99057352142E+04 -3.83350109518E+02   10.5346404            56823  0.12476    
       80900  -1.18983671         1121090.        0.000000       -804.2736     -3.44656874195E+07  8.99065540967E+04 -3.83350110188E+02   10.5361757            56849  0.11927    
       81000  -1.18941359         1121069.        0.000000       -803.3293     -3.44581961576E+07  8.98870125079E+04 -3.83350110280E+02   10.5352728            56856  0.11996    
       81100  -1.18931192         1121056.        0.000000       -801.2956     -3.44511537765E+07  8.98686417762E+04 -3.83350110735E+02   10.5352797            56839  0.12471    
       81200  -1.18940788         1121008.        0.000000       -799.7838     -3.44474401640E+07  8.98589545335E+04 -3.83350110658E+02   10.5349518            56854  0.11928    
       81300  -1.18920573         1121104.        0.000000       -801.9044     -3.44452405760E+07  8.98532167163E+04 -3.83350110711E+02   10.5342115            56834  0.12532    
       81400  -1.18926348         1121023.        0.000000       -804.4663     -3.44440525460E+07  8.98501176189E+04 -3.83350110816E+02   10.5347222            56843  0.11964    
       81500  -1.18897394         1120951.        0.000000       -807.8529     -3.44451974104E+07  8.98531041823E+04 -3.83350110426E+02   10.5343374            56848  0.11971    
       81600  -1.18883688         1120949.        0.000000       -807.0238     -3.44433195596E+07  8.98482057463E+04 -3.83350110038E+02   10.5350183            56863  0.12570    
       81700  -1.18879220         1121021.        0.000000       -808.5562     -3.44421423489E+07  8.98451348430E+04 -3.83350110266E+02   10.5336455            56813  0.12028    
       81800  -1.18968284         1121248.        0.000000       -809.2546     -3.44475071874E+07  8.98591294853E+04 -3.83350110164E+02   10.5338510            56832  0.12335    
       81900  -1.19022703         1121210.        0.000000       -808.8549     -3.44504582749E+07  8.98668274684E+04 -3.83350110885E+02   10.5351937            56818  0.12043    
       82000  -1.19011836         1121114.        0.000000       -808.4044     -3.44503513457E+07  8.98665486975E+04 -3.83350110191E+02   10.5358751            56880  0.12282    
       82100  -1.18928222         1121018.        0.000000       -803.0342     -3.44412047297E+07  8.98426887871E+04 -3.83350111118E+02   10.5358981            56889  0.11914    
       82200  -1.18882223         1120906.        0.000000       -802.4424     -3.44364290191E+07  8.98302309635E+04 -3.83350111090E+02   10.5349197            56868  0.11909    
       82300  -1.18910838         1121019.        0.000000       -803.0336     -3.44370548474E+07  8.98318634894E+04 -3.83350111082E+02   10.5346874            56867  0.12753    
       82400  -1.18890319         1120891.        0.000000       -800.6704     -3.44334701611E+07  8.98225124024E+04 -3.83350111684E+02   10.5348057            56850  0.12209    
       82500  -1.18831287         1120798.        0.000000       -803.4657     -3.44315411796E+07  8.98174804043E+04 -3.83350112079E+02   10.5349531            56851  0.12464    
       82600  -1.18849507         1120957.        0.000000       -804.4718     -3.44321244312E+07  8.98190018040E+04 -3.83350112333E+02   10.5335738            56893  0.12051    
       82700  -1.18919096         1121025.        0.000000       -804.4022     -3.44379517511E+07  8.98342029679E+04 -3.83350111799E+02   10.5343728            56864  0.11941    
       82800  -1.18972984         1121162.        0.000000       -804.0180     -3.44457054978E+07  8.98544293897E+04 -3.83350111193E+02   10.5339692            56872  0.12478    
       82900  -1.18994405         1121247.        0.000000       -800.6925     -3.44490419242E+07  8.98631326819E+04 -3.83350111398E+02   10.5347298            56816  0.12095    
       83000  -1.19019172         1121237.        0.000000       -803.9848     -3.44487948560E+07  8.98624879644E+04 -3.83350112337E+02   10.5346507            56817  0.12388    
       83100  -1.19014389         1121171.        0.000000       -805.8625     -3.44480626866E+07  8.98605781690E+04 -3.83350111790E+02   10.5354029            56859  0.12021    
       83200  -1.18973207         1121075.        0.000000       -807.5713     -3.44434111851E+07  8.98484444565E+04 -3.83350111328E+02   10.5352044            56897  0.12133    
       83300  -1.18952470         1121071.        0.000000       -809.5350     -3.44432955099E+07  8.98481427448E+04 -3.83350111173E+02   10.5339094            56884  0.12664    
       83400  -1.18899323         1120996.        0.000000       -811.5236     -3.44417256212E+07  8.98440476763E+04 -3.83350110686E+02   10.5341421            56930  0.12441    
       83500  -1.18935318         1121063.        0.000000       -812.3384     -3.44478283012E+07  8.98599670539E+04 -3.83350110517E+02   10.5336628            56873  0.12637    
       83600  -1.18976839         1121119.        0.000000       -813.4199     -3.44528457104E+07  8.98730554452E+04 -3.83350110216E+02   10.5343881            56836  0.11975    
       83700  -1.18956772         1121048.        0.000000       -811.9580     -3.44564855322E+07  8.98825503103E+04 -3.83350109819E+02   10.5351628            56892  0.12008    
       83800  -1.18952103         1121073.        0.000000       -812.5459     -3.44537031268E+07  8.98752920626E+04 -3.83350110316E+02   10.5352170            56866  0.13240    
       83900  -1.18972651         1121103.        0.000000       -813.4572     -3.44542733721E+07  8.98767795092E+04 -3.83350110676E+02   10.5347149            56880  0.11987    
       84000  -1.18947936         1120970.        0.000000       -813.0780     -3.44555593362E+07  8.98801340622E+04 -3.83350110631E+02   10.5350259            56889  0.12597    
       84100  -1.18905824         1120997.        0.000000       -811.2859     -3.44521037126E+07  8.98711199095E+04 -3.83350110105E+02   10.5343835            56907  0.12117    
       84200  -1.18905061         1120984.        0.000000       -812.0507     -3.44499117122E+07  8.98654020355E+04 -3.83350109518E+02   10.5352551            56962  0.12532    
       84300  -1.18901966         1120942.        0.000000       -813.4729     -3.44480247856E+07  8.98604800347E+04 -3.83350108661E+02   10.5348490            56916  0.12294    
       84400  -1.18897512         1120964.        0.000000       -811.4816     -3.44460883307E+07  8.98554288176E+04 -3.83350107879E+02   10.5359654            56924  0.11911    
       84500  -1.18884368         1121019.        0.000000       -814.8743     -3.44464915038E+07  8.98564806193E+04 -3.83350107487E+02   10.5332983            56877  0.12515    
       84600  -1.18960358         1121176.        0.000000       -812.0666     -3.44555160640E+07  8.98800215778E+04 -3.83350108947E+02   10.5340215            56838  0.12002    
       84700  -1.18921561         1121034.        0.000000       -810.8409     -3.44576519013E+07  8.98855930023E+04 -3.83350109293E+02   10.5343592            56831  0.12443    
       84800  -1.18955560         1121112.        0.000000       -810.1610     -3.44608282800E+07  8.98938786597E+04 -3.83350110083E+02   10.5358646            56864  0.12455    
       84900  -1.19003134         1121343.        0.000000       -809.3874     -3.44585417707E+07  8.98879141935E+04 -3.83350109744E+02   10.5335418            56867  0.12159    
       85000  -1.19018316         1121183.        0.000000       -811.1965     -3.44604702545E+07  8.98929446926E+04 -3.83350110204E+02   10.5358093            56894  0.12326    
       85100  -1.18968061         1121115.        0.000000       -812.6359     -3.44544692882E+07  8.98772905653E+04 -3.83350110706E+02   10.5349877            56896  0.12141    
       85200  -1.18949266         1121012.        0.000000       -810.9897     -3.44518617607E+07  8.98704887166E+04 -3.83350110284E+02   10.5352895            56940  0.12760    
       85300  -1.18936199         1121104.        0.000000       -813.6431     -3.44543839911E+07  8.98770682607E+04 -3.83350109854E+02   10.5322555            56955  0.12015    
       85400  -1.18997535         1121226.        0.000000       -813.3702     -3.44676562984E+07  8.99116901406E+04 -3.83350109920E+02   10.5336976            56925  0.12074    
       85500  -1.19014141         1121230.        0.000000       -813.9031     -3.44715286335E+07  8.99217913272E+04 -3.83350110409E+02   10.5344914            56919  0.12840    
       85600  -1.19057237         1121373.        0.000000       -816.2474     -3.44765803885E+07  8.99349691723E+04 -3.83350110706E+02   10.5336640            56907  0.12060    
       85700  -1.19028093         1121127.        0.000000       -816.7107     -3.44784909510E+07  8.99399529081E+04 -3.83350111226E+02   10.5360594            56870  0.12397    
       85800  -1.18898340         1120921.        0.000000       -817.1945     -3.44714651241E+07  8.99216254478E+04 -3.83350111305E+02   10.5353496            56839  0.12028    
       85900  -1.18863466         1120958.        0.000000       -819.2564     -3.44700111572E+07  8.99178329725E+04 -3.83350109958E+02   10.5331797            56873  0.12480    
       86000  -1.18941895         1121155.        0.000000       -815.3919     -3.44762962236E+07  8.99342282234E+04 -3.83350109349E+02   10.5341407            56925  0.12078    
       86100  -1.18977379         1121089.        0.000000       -816.4100     -3.44798625171E+07  8.99435315125E+04 -3.83350107977E+02   10.5343112            56816  0.11944    
       86200  -1.18925898         1121059.        0.000000       -818.3049     -3.44782721364E+07  8.99393829369E+04 -3.83350107712E+02   10.5353712            56776  0.12600    
       86300  -1.18977685         1121280.        0.000000       -816.9968     -3.44770876524E+07  8.99362930632E+04 -3.83350107928E+02   10.5345934            56858  0.11953    
       86400  -1.19062229         1121440.        0.000000       -813.4730     -3.44816769749E+07  8.99482646688E+04 -3.83350107997E+02   10.5345552            56893  0.12469    
       86500  -1.19063184         1121257.        0.000000       -811.0539     -3.44802133586E+07  8.99444465322E+04 -3.83350108740E+02   10.5348760            56844  0.11947    
       86600  -1.19009785         1121106.        0.000000       -811.3945     -3.44743456999E+07  8.99291400988E+04 -3.83350109454E+02   10.5368822            56813  0.12026    
       86700  -1.18916635         1120939.        0.000000       -809.6028     -3.44628159530E+07  8.98990637640E+04 -3.83350109669E+02   10.5351766            56828  0.12507    
       86800  -1.18840686         1120781.        0.000000       -810.5561     -3.44606432260E+07  8.98933958775E+04 -3.83350110312E+02   10.5352102            56797  0.12115    
       86900  -1.18866584         1120975.        0.000000       -811.3107     -3.44631771162E+07  8.99000058129E+04 -3.83350109988E+02   10.5343873            56780  0.12610    
       87000  -1.18923656         1121153.        0.000000       -811.4243     -3.44680231304E+07  8.99126469013E+04 -3.83350110561E+02   10.5333853            56817  0.12289    
       87100  -1.18973401         1121125.        0.000000       -807.9249     -3.44739066601E+07  8.99279946896E+04 -3.83350110042E+02   10.5350437            56805  0.12062    
       87200  -1.18980656         1121253.        0.000000       -809.2504     -3.44735358857E+07  8.99270276722E+04 -3.83350109284E+02   10.5348534            56853  0.12642    
       87300  -1.19010539         1121231.        0.000000       -810.2071     -3.44718873559E+07  8.99227271677E+04 -3.83350110052E+02   10.5335958            56814  0.12083    
       87400  -1.19073970         1121395.        0.000000       -807.3496     -3.44766528416E+07  8.99351582442E+04 -3.83350110398E+02   10.5341253            56888  0.12336    
       87500  -1.19059084         1121294.        0.000000       -810.6304     -3.44789632482E+07  8.99411850564E+04 -3.83350110703E+02   10.5344657            56839  0.12093    
       87600  -1.18961923         1120934.        0.000000       -810.1585     -3.44753745754E+07  8.99318236092E+04 -3.83350111138E+02   10.5355356            56833  0.12006    
       87700  -1.18900808         1121030.        0.000000       -812.3247     -3.44722406055E+07  8.99236482938E+04 -3.83350111562E+02   10.5348511            56883  0.12597    
       87800  -1.18912130         1120966.        0.000000       -810.5295     -3.44686272547E+07  8.99142225624E+04 -3.83350111611E+02   10.5351763            56881  0.12356    
       87900  -1.18906466         1121076.        0.000000       -811.5763     -3.44670379041E+07  8.99100766146E+04 -3.83350111599E+02   10.5338855            56933  0.12631    
       88000  -1.18929495         1121057.        0.000000       -807.8053     -3.44701254782E+07  8.99181308547E+04 -3.83350111380E+02   10.5345654            56920  0.11973    
       88100  -1.18909544         1121033.        0.000000       -807.9705     -3.44680853919E+07  8.99128091105E+04 -3.83350111434E+02   10.5346054            56892  0.12633    
       88200  -1.18944121         1121174.        0.000000       -809.8592     -3.44705429811E+07  8.99192199618E+04 -3.83350111309E+02   10.5339706            56886  0.12099    
       88300  -1.19041725         1121380.        0.000000       -810.7935     -3.44735944430E+07  8.99271799114E+04 -3.83350111468E+02   10.5336715            56921  0.12163    
       88400  -1.19056834         1121302.        0.000000       -814.1681     -3.44755227242E+07  8.99322099065E+04 -3.83350111824E+02   10.5344127            56874  0.12676    
       88500  -1.18977761         1121013.        0.000000       -814.9061     -3.44736430065E+07  8.99273066033E+04 -3.83350111425E+02   10.5351049            56885  0.12084    
       88600  -1.18910181         1120935.        0.000000       -813.8919     -3.44728946560E+07  8.99253547378E+04 -3.83350110283E+02   10.5340792            56839  0.12650    
       88700  -1.18847214         1120899.        0.000000       -813.8330     -3.44717774412E+07  8.99224406390E+04 -3.83350109231E+02   10.5343136            56842  0.12015    
       88800  -1.18903382         1121055.        0.000000       -812.3889     -3.44740019184E+07  8.99282433342E+04 -3.83350109379E+02   10.5342351            56837  0.12392    
       88900  -1.18999997         1121291.        0.000000       -811.9790     -3.44795620401E+07  8.99427474041E+04 -3.83350109211E+02   10.5340594            56854  0.12413    
       89000  -1.19012091         1121174.        0.000000       -810.5429     -3.44780391310E+07  8.99387750047E+04 -3.83350108217E+02   10.5364013            56823  0.11987    
       89100  -1.18968981         1121065.        0.000000       -809.1603     -3.44706178312E+07  8.99194161918E+04 -3.83350107141E+02   10.5351978            56761  0.12460    
       89200  -1.18920086         1121105.        0.000000       -808.6472     -3.44645604068E+07  8.99036148555E+04 -3.83350107358E+02   10.5349881            56832  0.11932    
       89300  -1.18959877         1121199.        0.000000       -811.2865     -3.44632383774E+07  8.99001661901E+04 -3.83350107546E+02   10.5336399            56857  0.12497    
       89400  -1.18994673         1121156.        0.000000       -813.4845     -3.44677802655E+07  8.99120142056E+04 -3.83350106991E+02   10.5344542            56862  0.12431    
       89500  -1.19012488         1121282.        0.000000       -815.9574     -3.44697386999E+07  8.99171231217E+04 -3.83350106222E+02   10.5343789            56860  0.12051    
       89600  -1.18996814         1121228.        0.000000       -816.0362     -3.44690731833E+07  8.99153872839E+04 -3.83350105299E+02   10.5351239            56899  0.12334    
       89700  -1.19003257         1121200.        0.000000       -815.9327     -3.44663247421E+07  8.99082175993E+04 -3.83350105945E+02   10.5346953            56884  0.11988    
       89800  -1.18998606         1121231.        0.000000       -813.2624     -3.44670623476E+07  8.99101414673E+04 -3.83350106952E+02   10.5349556            56901  0.12091    
       89900  -1.18904545         1120809.        0.000000       -809.9852     -3.44598250235E+07  8.98912622730E+04 -3.83350107142E+02   10.5362381            56873  0.13203    
       90000  -1.18836730         1120842.        0.000000       -810.9213     -3.44571139147E+07  8.98841900934E+04 -3.83350107276E+02   10.5349834            56854  0.11989    
       90100  -1.18830371         1120920.        0.000000       -808.8086     -3.44554017933E+07  8.98797237515E+04 -3.83350107846E+02   10.5340213            56852  0.12341    
       90200  -1.18927831         1121154.        0.000000       -805.1210     -3.44593776262E+07  8.98900949758E+04 -3.83350108102E+02   10.5343737            56844  0.12021    
       90300  -1.18967368         1121125.        0.000000       -808.2831     -3.44616168702E+07  8.98959363413E+04 -3.83350107611E+02   10.5339309            56811  0.12543    
       90400  -1.19003866         1121196.        0.000000       -811.3055     -3.44656206547E+07  8.99063803234E+04 -3.83350108532E+02   10.5340307            56857  0.12040    
       90500  -1.18968011         1121088.        0.000000       -811.1637     -3.44660677660E+07  8.99075466983E+04 -3.83350108325E+02   10.5356799            56876  0.11952    
       90600  -1.18900664         1120936.        0.000000       -812.7328     -3.44597888276E+07  8.98911675149E+04 -3.83350108584E+02   10.5347214            56842  0.12718    
       90700  -1.18888877         1120992.        0.000000       -812.9339     -3.44589817773E+07  8.98890620887E+04 -3.83350109308E+02   10.5339354            56753  0.12088    
       90800  -1.18971879         1121256.        0.000000       -812.0840     -3.44632153298E+07  8.99001055661E+04 -3.83350109689E+02   10.5337623            56869  0.12309    
       90900  -1.18965115         1120921.        0.000000       -811.3905     -3.44612747360E+07  8.98950432306E+04 -3.83350110279E+02   10.5359431            56819  0.11999    
       91000  -1.18879710         1120869.        0.000000       -810.5636     -3.44577376530E+07  8.98858163348E+04 -3.83350110819E+02   10.5350342            56789  0.11973    
       91100  -1.18880971         1121108.        0.000000       -809.1844     -3.44558946799E+07  8.98810086038E+04 -3.83350111610E+02   10.5338897            56820  0.12420    
       91200  -1.18950708         1121112.        0.000000       -812.7179     -3.44579352306E+07  8.98863315785E+04 -3.83350111474E+02   10.5339434            56795  0.11926    
       91300  -1.18996298         1121107.        0.000000       -812.7106     -3.44591939535E+07  8.98896151320E+04 -3.83350111166E+02   10.5362576            56796  0.12614    
       91400  -1.18932664         1120981.        0.000000       -811.9445     -3.44522038515E+07  8.98713807335E+04 -3.83350111797E+02   10.5358632            56807  0.11934    
       91500  -1.18918127         1121119.        0.000000       -811.0942     -3.44487545416E+07  8.98623831083E+04 -3.83350111025E+02   10.5346480            56846  0.11930    
       91600  -1.18950000         1121067.        0.000000       -811.5887     -3.44468792527E+07  8.98574910758E+04 -3.83350111831E+02   10.5347535            56885  0.12419    
       91700  -1.18942778         1121086.        0.000000       -812.5821     -3.44447921876E+07  8.98520468639E+04 -3.83350111543E+02   10.5332002            56857  0.11969    
       91800  -1.18920559         1120969.        0.000000       -815.5110     -3.44486656486E+07  8.98621513019E+04 -3.83350110692E+02   10.5347875            56911  0.12563    
       91900  -1.18871877         1120849.        0.000000       -814.1354     -3.44442879459E+07  8.98507316717E+04 -3.83350110845E+02   10.5347845            56871  0.12080    
       92000  -1.18861379         1120895.        0.000000       -812.7523     -3.44438951457E+07  8.98497069401E+04 -3.83350111188E+02   10.5344586            56854  0.11967    
       92100  -1.18861769         1120965.        0.000000       -812.0636     -3.44454416505E+07  8.98537411556E+04 -3.83350111053E+02   10.5330670            56813  0.12592    
       92200  -1.18900877         1121017.        0.000000       -809.6253     -3.44498110286E+07  8.98651391906E+04 -3.83350110386E+02   10.5344812            56786  0.11984    
       92300  -1.18974702         1121189.        0.000000       -813.5639     -3.44548541019E+07  8.98782943552E+04 -3.83350110825E+02   10.5345911            56803  0.12541    
       92400  -1.19051176         1121404.        0.000000       -810.5460     -3.44580173773E+07  8.98865460749E+04 -3.83350110578E+02   10.5334349            56858  0.11927    
       92500  -1.19072028         1121332.        0.000000       -808.9444     -3.44594911858E+07  8.98903905642E+04 -3.83350110835E+02   10.5346950            56880  0.11927    
       92600  -1.18992953         1120969.        0.000000       -810.8777     -3.44584361686E+07  8.98876384322E+04 -3.83350110979E+02   10.5354632            56795  0.12403    
       92700  -1.18860220         1120791.        0.000000       -809.7589     -3.44544941658E+07  8.98773553776E+04 -3.83350111060E+02   10.5354751            56767  0.12356    
       92800  -1.18877400         1121112.        0.000000       -808.0142     -3.44521594090E+07  8.98712649000E+04 -3.83350111377E+02   10.5336586            56834  0.12478    
       92900  -1.18942461         1121079.        0.000000       -808.5169     -3.44522002268E+07  8.98713712132E+04 -3.83350112074E+02   10.5353069            56854  0.12296    
       93000  -1.18978110         1121200.        0.000000       -807.8555     -3.44529484634E+07  8.98733230204E+04 -3.83350112197E+02   10.5340741            56848  0.12390    
       93100  -1.18972516         1121119.        0.000000       -809.3560     -3.44572331761E+07  8.98844999142E+04 -3.83350112744E+02   10.5342102            56815  0.11958    
       93200  -1.18944847         1121142.        0.000000       -807.8973     -3.44553528423E+07  8.98795949678E+04 -3.83350112499E+02   10.5351643            56843  0.11991    
       93300  -1.18979686         1121051.        0.000000       -807.0894     -3.44514538097E+07  8.98694242454E+04 -3.83350111553E+02   10.5356596            56863  0.12673    
       93400  -1.18921732         1120946.        0.000000       -806.0135     -3.44489070447E+07  8.98627809225E+04 -3.83350111037E+02   10.5340158            56786  0.11970    
       93500  -1.18883233         1120979.        0.000000       -805.8678     -3.44520448134E+07  8.98709662748E+04 -3.83350110068E+02   10.5338529            56810  0.12205    
       93600  -1.18922837         1121072.        0.000000       -807.1876     -3.44561979349E+07  8.98818001570E+04 -3.83350109530E+02   10.5347435            56798  0.11982    
       93700  -1.18935887         1121156.        0.000000       -810.9168     -3.44563516583E+07  8.98822010510E+04 -3.83350109981E+02   10.5333712            56734  0.12000    
       93800  -1.18993117         1121190.        0.000000       -811.9941     -3.44608234765E+07  8.98938661454E+04 -3.83350110015E+02   10.5342649            56747  0.12345    
       93900  -1.18964625         1121055.        0.000000       -814.1069     -3.44601371295E+07  8.98920755723E+04 -3.83350110786E+02   10.5355740            56801  0.12138    
       94000  -1.18921859         1120916.        0.000000       -815.1532     -3.44572419432E+07  8.98845230340E+04 -3.83350111678E+02   10.5353308            56803  0.12471    
       94100  -1.18870291         1120906.        0.000000       -811.5110     -3.44523046414E+07  8.98716435731E+04 -3.83350112134E+02   10.5351782            56874  0.12640    
       94200  -1.18851207         1120784.        0.000000       -814.8000     -3.44516002740E+07  8.98698062154E+04 -3.83350111954E+02   10.5339434            56790  0.12027    
       94300  -1.18827831         1120833.        0.000000       -813.6012     -3.44552326763E+07  8.98792817696E+04 -3.83350111371E+02   10.5344405            56807  0.12643    
       94400  -1.18875086         1120931.        0.000000       -811.9241     -3.44589152999E+07  8.98888883948E+04 -3.83350110512E+02   10.5338666            56802  0.11984    
       94500  -1.18964573         1121271.        0.000000       -810.0205     -3.44677207948E+07  8.99118582812E+04 -3.83350110360E+02   10.5327364            56895  0.12415    
       94600  -1.18994351         1121282.        0.000000       -811.1593     -3.44719999821E+07  8.99230209183E+04 -3.83350110239E+02   10.5333200            56856  0.12175    
       94700  -1.19038743         1121231.        0.000000       -810.5546     -3.44784555235E+07  8.99398608950E+04 -3.83350109511E+02   10.5353409            56786  0.11963    
       94800  -1.19021439         1121316.        0.000000       -811.5392     -3.44768871239E+07  8.99357694098E+04 -3.83350110308E+02   10.5343108            56818  0.12313    
       94900  -1.19024088         1121185.        0.000000       -811.4258     -3.44778822415E+07  8.99383651904E+04 -3.83350110584E+02   10.5346514            56778  0.12018    
       95000  -1.18987082         1121189.        0.000000       -812.7178     -3.44778593641E+07  8.99383056896E+04 -3.83350109831E+02   10.5349438            56798  0.12833    
       95100  -1.19026155         1121433.        0.000000       -809.3962     -3.44751977281E+07  8.99313627927E+04 -3.83350108988E+02   10.5345133            56859  0.12300    
       95200  -1.19120398         1121522.        0.000000       -808.6221     -3.44749275643E+07  8.99306583824E+04 -3.83350107565E+02   10.5352537            56881  0.12590    
       95300  -1.19112155         1121387.        0.000000       -809.7310     -3.44700824379E+07  8.99180195800E+04 -3.83350107119E+02   10.5353322            56885  0.11969    
       95400  -1.19080441         1121375.        0.000000       -811.3189     -3.44644406090E+07  8.99033024482E+04 -3.83350106954E+02   10.5352758            56950  0.11914    
       95500  -1.19067413         1121241.        0.000000       -811.9197     -3.44616911316E+07  8.98961301546E+04 -3.83350107199E+02   10.5352396            56928  0.12423    
       95600  -1.18960870         1121054.        0.000000       -810.0570     -3.44595898322E+07  8.98906486561E+04 -3.83350107574E+02   10.5353084            56882  0.12310    
       95700  -1.18922679         1121090.        0.000000       -808.6659     -3.44573090594E+07  8.98846989828E+04 -3.83350107964E+02   10.5339611            56874  0.12600    
       95800  -1.18981785         1121125.        0.000000       -808.7488     -3.44620575952E+07  8.98970860057E+04 -3.83350107622E+02   10.5352887            56857  0.12160    
       95900  -1.18987655         1121312.        0.000000       -810.1929     -3.44604093594E+07  8.98927863335E+04 -3.83350108112E+02   10.5342132            56928  0.12116    
       96000  -1.19079022         1121395.        0.000000       -809.6630     -3.44633983947E+07  8.99005835608E+04 -3.83350107749E+02   10.5336398            56882  0.12880    
       96100  -1.19042737         1121163.        0.000000       -812.0547     -3.44641165920E+07  8.99024570046E+04 -3.83350107887E+02   10.5363579            56897  0.12112    
       96200  -1.18940264         1120957.        0.000000       -807.6885     -3.44572773541E+07  8.98846161153E+04 -3.83350108654E+02   10.5358960            56861  0.12346    
       96300  -1.18846032         1120815.        0.000000       -806.8314     -3.44530530457E+07  8.98735969261E+04 -3.83350107530E+02   10.5349258            56826  0.12038    
       96400  -1.18806655         1120775.        0.000000       -808.8205     -3.44534055909E+07  8.98745164725E+04 -3.83350107941E+02   10.5337547            56841  0.11978    
       96500  -1.18881584         1121039.        0.000000       -806.3051     -3.44590066870E+07  8.98891273499E+04 -3.83350108105E+02   10.5338867            56786  0.12329    
       96600  -1.18981062         1121300.        0.000000       -805.0474     -3.44587808423E+07  8.98885382339E+04 -3.83350108027E+02   10.5338457            56826  0.12373    
       96700  -1.19041812         1121227.        0.000000       -805.6914     -3.44645037191E+07  8.99034668267E+04 -3.83350108017E+02   10.5348156            56828  0.12254    
       96800  -1.18981209         1121060.        0.000000       -806.8676     -3.44588806834E+07  8.98887988056E+04 -3.83350107480E+02   10.5361342            56812  0.12161    
       96900  -1.18966035         1121105.        0.000000       -805.9613     -3.44550661296E+07  8.98788484281E+04 -3.83350106640E+02   10.5352272            56873  0.11958    
       97000  -1.18945708         1121042.        0.000000       -806.2734     -3.44552003398E+07  8.98791984942E+04 -3.83350106777E+02   10.5341436            56838  0.12433    
       97100  -1.18913951         1120881.        0.000000       -805.2706     -3.44563635666E+07  8.98822326006E+04 -3.83350107910E+02   10.5350875            56787  0.11950    
       97200  -1.18925373         1121118.        0.000000       -805.0500     -3.44616795188E+07  8.98960998398E+04 -3.83350107293E+02   10.5329638            56846  0.12307    
       97300  -1.18978509         1121142.        0.000000       -807.0775     -3.44693433884E+07  8.99160914041E+04 -3.83350108419E+02   10.5348905            56832  0.12363    
       97400  -1.19008493         1121230.        0.000000       -809.5075     -3.44678834887E+07  8.99122831172E+04 -3.83350108503E+02   10.5345613            56857  0.12025    
       97500  -1.19010586         1121213.        0.000000       -808.1894     -3.44688097729E+07  8.99146993785E+04 -3.83350108616E+02   10.5355537            56863  0.12384    
       97600  -1.18997159         1121166.        0.000000       -807.8876     -3.44650526719E+07  8.99048984387E+04 -3.83350109621E+02   10.5350614            56860  0.12135    
       97700  -1.18962953         1121115.        0.000000       -812.6176     -3.44649358164E+07  8.99045935948E+04 -3.83350109692E+02   10.5335421            56832  0.12498    
       97800  -1.18958561         1121118.        0.000000       -811.0845     -3.44694185117E+07  8.99162870446E+04 -3.83350109804E+02   10.5344261            56835  0.12050    
       97900  -1.18984977         1121187.        0.000000       -811.2058     -3.44699991625E+07  8.99178015433E+04 -3.83350110555E+02   10.5346614            56875  0.12702    
       98000  -1.18980892         1121159.        0.000000       -812.9393     -3.44697769741E+07  8.99172218869E+04 -3.83350110810E+02   10.5347373            56886  0.12143    
       98100  -1.18949364         1121049.        0.000000       -814.0306     -3.44681710971E+07  8.99130328207E+04 -3.83350110833E+02   10.5346893            56847  0.12267    
       98200  -1.19004117         1121325.        0.000000       -813.6109     -3.44693829820E+07  8.99161941106E+04 -3.83350110878E+02   10.5343646            56846  0.12486    
       98300  -1.19055096         1121364.        0.000000       -813.3101     -3.44689514037E+07  8.99150683968E+04 -3.83350110480E+02   10.5353031            56820  0.11966    
       98400  -1.19085759         1121375.        0.000000       -811.7227     -3.44686218188E+07  8.99142088091E+04 -3.83350109792E+02   10.5349890            56835  0.12379    
       98500  -1.19000808         1121045.        0.000000       -812.1639     -3.44630145935E+07  8.98995820466E+04 -3.83350109188E+02   10.5364156            56773  0.11945    
       98600  -1.18947629         1121099.        0.000000       -811.9756     -3.44598535668E+07  8.98913361800E+04 -3.83350109489E+02   10.5346001            56769  0.11958    
       98700  -1.19009859         1121316.        0.000000       -814.6217     -3.44638661969E+07  8.99018034540E+04 -3.83350109484E+02   10.5345504            56811  0.12336    
       98800  -1.19042683         1121191.        0.000000       -816.5418     -3.44620258483E+07  8.98970026815E+04 -3.83350109796E+02   10.5352251            56767  0.12120    
       98900  -1.18975554         1120953.        0.000000       -816.3463     -3.44576031926E+07  8.98854658294E+04 -3.83350109771E+02   10.5358014            56778  0.12478    
       99000  -1.18895309         1120920.        0.000000       -815.4754     -3.44538102810E+07  8.98755716983E+04 -3.83350109824E+02   10.5349311            56831  0.11882    
       99100  -1.18828992         1120846.        0.000000       -815.2149     -3.44513874061E+07  8.98692517364E+04 -3.83350108524E+02   10.5338041            56791  0.12099    
       99200  -1.18891377         1120959.        0.000000       -811.0519     -3.44571862692E+07  8.98843784344E+04 -3.83350108988E+02   10.5342463            56796  0.12529    
       99300  -1.18919338         1120996.        0.000000       -809.3973     -3.44581398264E+07  8.98868658567E+04 -3.83350109029E+02   10.5344602            56813  0.11921    
       99400  -1.18963827         1121177.        0.000000       -808.8774     -3.44635061088E+07  8.99008644619E+04 -3.83350108090E+02   10.5338241            56752  0.12299    
       99500  -1.19003358         1121215.        0.000000       -808.4128     -3.44694881934E+07  8.99164693634E+04 -3.83350107466E+02   10.5337262            56775  0.12359    
       99600  -1.18947490         1120972.        0.000000       -805.2444     -3.44677588651E+07  8.99119582033E+04 -3.83350107748E+02   10.5359692            56764  0.12013    
       99700  -1.18868042         1120991.        0.000000       -806.4156     -3.44623884154E+07  8.98979488116E+04 -3.83350108328E+02   10.5345450            56855  0.12857    
       99800  -1.18901160         1121072.        0.000000       -808.1108     -3.44644623898E+07  8.99033591540E+04 -3.83350107427E+02   10.5326033            56835  0.11927    
       99900  -1.18963605         1121164.        0.000000       -809.6271     -3.44719836315E+07  8.99229788559E+04 -3.83350107726E+02   10.5344468            56867  0.12609    
      100000  -1.19010779         1121251.        0.000000       -809.3574     -3.44744910360E+07  8.99295196940E+04 -3.83350107432E+02   10.5347963            56899  0.12110    
      100100  -1.19023696         1121232.        0.000000       -809.9584     -3.44702355799E+07  8.99184188643E+04 -3.83350107967E+02   10.5350529            56899  0.12577    
      100200  -1.18946471         1121058.        0.000000       -806.2106     -3.44627058441E+07  8.98987768095E+04 -3.83350108501E+02   10.5353898            56860  0.12066    
      100300  -1.18932788         1121026.        0.000000       -805.8532     -3.44587590790E+07  8.98884810412E+04 -3.83350109824E+02   10.5353872            56811  0.11994    
      100400  -1.18891640         1120826.        0.000000       -806.7162     -3.44548263831E+07  8.98782224177E+04 -3.83350109251E+02   10.5348743            56760  0.12590    
      100500  -1.18868243         1120884.        0.000000       -807.6844     -3.44542536706E+07  8.98767284268E+04 -3.83350109352E+02   10.5356821            56847  0.11988    
      100600  -1.18849289         1120915.        0.000000       -808.0269     -3.44496643101E+07  8.98647566911E+04 -3.83350109415E+02   10.5347073            56872  0.12739    
      100700  -1.18930929         1121066.        0.000000       -810.3163     -3.44548317713E+07  8.98782364313E+04 -3.83350109430E+02   10.5336878            56874  0.12194    
      100800  -1.18975600         1121189.        0.000000       -811.8597     -3.44625843704E+07  8.98984598157E+04 -3.83350109012E+02   10.5338220            56887  0.12005    
      100900  -1.18997747         1121105.        0.000000       -809.8851     -3.44639237295E+07  8.99019537154E+04 -3.83350108704E+02   10.5358183            56887  0.12454    
      101000  -1.18926682         1120991.        0.000000       -808.5737     -3.44578878120E+07  8.98862086065E+04 -3.83350108390E+02   10.5354926            56920  0.11978    
      101100  -1.18925289         1121100.        0.000000       -805.6642     -3.44554370023E+07  8.98798154750E+04 -3.83350108367E+02   10.5341726            56877  0.12452    
      101200  -1.18965155         1121157.        0.000000       -802.6512     -3.44568218066E+07  8.98834280572E+04 -3.83350107482E+02   10.5350730            56933  0.11947    
      101300  -1.18965750         1121084.        0.000000       -802.8603     -3.44545144433E+07  8.98774091691E+04 -3.83350107238E+02   10.5344238            56892  0.12616    
      101400  -1.18906980         1120845.        0.000000       -803.4366     -3.44549709647E+07  8.98786000253E+04 -3.83350107311E+02   10.5344131            56791  0.12326    
      101500  -1.18874484         1120969.        0.000000       -805.6917     -3.44559677929E+07  8.98812002449E+04 -3.83350107687E+02   10.5343581            56818  0.11966    
      101600  -1.18931456         1121007.        0.000000       -808.0328     -3.44591596692E+07  8.98895264007E+04 -3.83350108172E+02   10.5342779            56767  0.12780    
      101700  -1.18952067         1121115.        0.000000       -808.3722     -3.44625365843E+07  8.98983353388E+04 -3.83350108258E+02   10.5342264            56794  0.12054    
      101800  -1.18956063         1121176.        0.000000       -807.4267     -3.44645001752E+07  8.99034575507E+04 -3.83350108151E+02   10.5347688            56790  0.11973    
      101900  -1.19012920         1121207.        0.000000       -804.7302     -3.44661358854E+07  8.99077242637E+04 -3.83350108878E+02   10.5349639            56804  0.12427    
      102000  -1.18937011         1120818.        0.000000       -805.2082     -3.44609463577E+07  8.98941867031E+04 -3.83350109963E+02   10.5360919            56741  0.12104    
      102100  -1.18866274         1121039.        0.000000       -807.1861     -3.44583002885E+07  8.98872841326E+04 -3.83350110319E+02   10.5335051            56761  0.12364    
      102200  -1.18952207         1121149.        0.000000       -806.5682     -3.44649613774E+07  8.99046600310E+04 -3.83350110723E+02   10.5334448            56672  0.11908    
      102300  -1.19000447         1121297.        0.000000       -806.1354     -3.44687086659E+07  8.99144354669E+04 -3.83350109322E+02   10.5332854            56757  0.12459    
      102400  -1.19053466         1121300.        0.000000       -802.0840     -3.44716576059E+07  8.99221281608E+04 -3.83350108711E+02   10.5353279            56838  0.12445    
      102500  -1.19001978         1121106.        0.000000       -805.7063     -3.44664488135E+07  8.99085405828E+04 -3.83350108789E+02   10.5359975            56798  0.12009    
      102600  -1.18974364         1121135.        0.000000       -804.1155     -3.44636919827E+07  8.99013489548E+04 -3.83350109686E+02   10.5344000            56770  0.12474    
      102700  -1.18959014         1121158.        0.000000       -802.8816     -3.44652580547E+07  8.99054341669E+04 -3.83350109746E+02   10.5341353            56729  0.11971    
      102800  -1.19017837         1121387.        0.000000       -802.9885     -3.44673256119E+07  8.99108276444E+04 -3.83350109380E+02   10.5332779            56824  0.12961    
      102900  -1.19056392         1121219.        0.000000       -802.7893     -3.44717990587E+07  8.99224968898E+04 -3.83350109828E+02   10.5352641            56822  0.12229    
      103000  -1.18979198         1120996.        0.000000       -802.0133     -3.44669737552E+07  8.99099096184E+04 -3.83350110144E+02   10.5369288            56866  0.11975    
      103100  -1.18934582         1121067.        0.000000       -803.8924     -3.44610398199E+07  8.98944305089E+04 -3.83350109954E+02   10.5345964            56852  0.12807    
      103200  -1.18914564         1120939.        0.000000       -804.6121     -3.44564308854E+07  8.98824077991E+04 -3.83350109650E+02   10.5352513            56865  0.12520    
      103300  -1.18910633         1121177.        0.000000       -803.7116     -3.44578290232E+07  8.98860551590E+04 -3.83350108782E+02   10.5331453            56894  0.12413    
      103400  -1.18984611         1121154.        0.000000       -801.4217     -3.44644195313E+07  8.99032470657E+04 -3.83350108658E+02   10.5347218            56845  0.12301    
      103500  -1.18987001         1121126.        0.000000       -801.8573     -3.44647677171E+07  8.99041550302E+04 -3.83350109964E+02   10.5346774            56829  0.12367    
      103600  -1.18944197         1121089.        0.000000       -802.5592     -3.44609609593E+07  8.98942248498E+04 -3.83350109719E+02   10.5351976            56836  0.12544    
      103700  -1.18951124         1121098.        0.000000       -801.1872     -3.44578071584E+07  8.98859977820E+04 -3.83350110237E+02   10.5347677            56776  0.12017    
      103800  -1.18961733         1121150.        0.000000       -804.3613     -3.44584719299E+07  8.98877319880E+04 -3.83350109829E+02   10.5341530            56776  0.12528    
      103900  -1.18956311         1121169.        0.000000       -802.9112     -3.44580044976E+07  8.98865127213E+04 -3.83350109537E+02   10.5346303            56793  0.12178    
      104000  -1.18955790         1121042.        0.000000       -803.2896     -3.44596494388E+07  8.98908037276E+04 -3.83350109353E+02   10.5346878            56776  0.12251    
      104100  -1.18916115         1120934.        0.000000       -804.2903     -3.44608340382E+07  8.98938936376E+04 -3.83350110265E+02   10.5354434            56766  0.12038    
      104200  -1.18910588         1121057.        0.000000       -804.0545     -3.44608753082E+07  8.98940013462E+04 -3.83350110042E+02   10.5338837            56798  0.12013    
      104300  -1.18945373         1121163.        0.000000       -807.8020     -3.44670317640E+07  8.99100611436E+04 -3.83350109271E+02   10.5331353            56842  0.12632    
      104400  -1.18977577         1121048.        0.000000       -803.8955     -3.44679270748E+07  8.99123968243E+04 -3.83350108464E+02   10.5360145            56817  0.12002    
      104500  -1.18974732         1121099.        0.000000       -802.8398     -3.44633327818E+07  8.99004124107E+04 -3.83350107721E+02   10.5357729            56802  0.12498    
      104600  -1.18961735         1121032.        0.000000       -804.1540     -3.44607214941E+07  8.98936007804E+04 -3.83350107182E+02   10.5348422            56794  0.11902    
      104700  -1.18934884         1121112.        0.000000       -807.2002     -3.44599996653E+07  8.98917180848E+04 -3.83350106100E+02   10.5345761            56851  0.11908    
      104800  -1.18936926         1120976.        0.000000       -807.0172     -3.44590601439E+07  8.98892672647E+04 -3.83350106109E+02   10.5353342            56784  0.12673    
      104900  -1.18917152         1120914.        0.000000       -804.2883     -3.44586572921E+07  8.98882164843E+04 -3.83350105719E+02   10.5348159            56776  0.12262    
      105000  -1.18913960         1121074.        0.000000       -807.0967     -3.44619018815E+07  8.98966802590E+04 -3.83350105724E+02   10.5342540            56785  0.12496    
      105100  -1.18949260         1121108.        0.000000       -805.5866     -3.44606578933E+07  8.98934351539E+04 -3.83350105981E+02   10.5346414            56780  0.12076    
      105200  -1.18949639         1120974.        0.000000       -803.2250     -3.44588377391E+07  8.98886870322E+04 -3.83350106412E+02   10.5353454            56798  0.12200    
      105300  -1.18908961         1120832.        0.000000       -803.8310     -3.44569766897E+07  8.98838322244E+04 -3.83350106877E+02   10.5365334            56824  0.12885    
      105400  -1.18892315         1121058.        0.000000       -804.9204     -3.44558785937E+07  8.98809676570E+04 -3.83350107280E+02   10.5337819            56821  0.12039    
      105500  -1.18992894         1121283.        0.000000       -802.9498     -3.44584439812E+07  8.98876595813E+04 -3.83350107698E+02   10.5347279            56851  0.12362    
      105600  -1.19055327         1121217.        0.000000       -803.6890     -3.44590014853E+07  8.98891137985E+04 -3.83350108029E+02   10.5351803            56805  0.11920    
      105700  -1.18998052         1121248.        0.000000       -804.7173     -3.44564873247E+07  8.98825552552E+04 -3.83350108671E+02   10.5338960            56870  0.12024    
      105800  -1.19008135         1121225.        0.000000       -809.2287     -3.44562962953E+07  8.98820567014E+04 -3.83350109686E+02   10.5346777            56845  0.12521    
      105900  -1.18980317         1121085.        0.000000       -807.7648     -3.44556155200E+07  8.98802806030E+04 -3.83350110712E+02   10.5352898            56806  0.12276    
      106000  -1.18920238         1120974.        0.000000       -805.8988     -3.44528516592E+07  8.98730706677E+04 -3.83350111476E+02   10.5349073            56767  0.12284    
      106100  -1.18909328         1121045.        0.000000       -804.7645     -3.44504217980E+07  8.98667319768E+04 -3.83350112330E+02   10.5355331            56775  0.12255    
      106200  -1.18949226         1121182.        0.000000       -805.6490     -3.44475618795E+07  8.98592717275E+04 -3.83350111983E+02   10.5337482            56814  0.12053    
      106300  -1.18982035         1121225.        0.000000       -806.6697     -3.44514439881E+07  8.98693986535E+04 -3.83350111431E+02   10.5331803            56831  0.12362    
      106400  -1.18984463         1121149.        0.000000       -808.8582     -3.44558728864E+07  8.98809517360E+04 -3.83350111685E+02   10.5342484            56814  0.12061    
      106500  -1.18946243         1121084.        0.000000       -803.0867     -3.44552944456E+07  8.98794426741E+04 -3.83350112333E+02   10.5351146            56846  0.12318    
      106600  -1.18924776         1121021.        0.000000       -799.3002     -3.44543228604E+07  8.98769082493E+04 -3.83350112187E+02   10.5354326            56830  0.12082    
      106700  -1.18951924         1121146.        0.000000       -799.1180     -3.44511486880E+07  8.98686283893E+04 -3.83350111217E+02   10.5343331            56794  0.12530    
      106800  -1.18969675         1121137.        0.000000       -800.8349     -3.44539160458E+07  8.98758472724E+04 -3.83350111197E+02   10.5346011            56766  0.12054    
      106900  -1.19019499         1121377.        0.000000       -798.9973     -3.44548469674E+07  8.98782755955E+04 -3.83350111461E+02   10.5336774            56830  0.12115    
      107000  -1.19102399         1121455.        0.000000       -800.7963     -3.44590583691E+07  8.98892614725E+04 -3.83350111066E+02   10.5343810            56829  0.12437    
      107100  -1.19069206         1121216.        0.000000       -802.3180     -3.44594285790E+07  8.98902273130E+04 -3.83350110564E+02   10.5354290            56809  0.11946    
      107200  -1.18936881         1120981.        0.000000       -803.0685     -3.44514196825E+07  8.98693356118E+04 -3.83350109889E+02   10.5356560            56837  0.12717    
      107300  -1.18947020         1121180.        0.000000       -805.4547     -3.44522883089E+07  8.98716014537E+04 -3.83350110064E+02   10.5331041            56828  0.12171    
      107400  -1.19047207         1121420.        0.000000       -806.7128     -3.44597574304E+07  8.98910852532E+04 -3.83350110117E+02   10.5340660            56868  0.11976    
      107500  -1.19084127         1121344.        0.000000       -807.7367     -3.44615097552E+07  8.98956561011E+04 -3.83350111116E+02   10.5357126            56837  0.12853    
      107600  -1.18995971         1121085.        0.000000       -809.0203     -3.44535314054E+07  8.98748438699E+04 -3.83350111354E+02   10.5356127            56863  0.12026    
      107700  -1.18913835         1121006.        0.000000       -806.6987     -3.44464495625E+07  8.98563701883E+04 -3.83350111855E+02   10.5364527            56821  0.12865    
      107800  -1.18944393         1121100.        0.000000       -806.0222     -3.44396062068E+07  8.98385187774E+04 -3.83350111683E+02   10.5349345            56893  0.12016    
      107900  -1.18951614         1121037.        0.000000       -806.7656     -3.44402492960E+07  8.98401965083E+04 -3.83350110914E+02   10.5343265            56841  0.12385    
      108000  -1.18965149         1121226.        0.000000       -806.2788     -3.44419801143E+07  8.98447118249E+04 -3.83350109480E+02   10.5344850            56908  0.12396    
      108100  -1.18998362         1121183.        0.000000       -806.4923     -3.44433223613E+07  8.98482132054E+04 -3.83350109396E+02   10.5342221            56886  0.11889    
      108200  -1.18906946         1120819.        0.000000       -806.4030     -3.44389127968E+07  8.98367105354E+04 -3.83350109233E+02   10.5354301            56832  0.12601    
      108300  -1.18820839         1120866.        0.000000       -802.2502     -3.44377859601E+07  8.98337712244E+04 -3.83350108658E+02   10.5348827            56880  0.12015    
      108400  -1.18864963         1120989.        0.000000       -800.3181     -3.44414362904E+07  8.98432934597E+04 -3.83350108440E+02   10.5329717            56846  0.12580    
      108500  -1.18905123         1121033.        0.000000       -801.0737     -3.44478554966E+07  8.98600385556E+04 -3.83350108127E+02   10.5329942            56779  0.12002    
      108600  -1.18931200         1121062.        0.000000       -800.4325     -3.44549769437E+07  8.98786153536E+04 -3.83350108456E+02   10.5342888            56815  0.12094    
      108700  -1.18962680         1121130.        0.000000       -799.2667     -3.44564954095E+07  8.98825763917E+04 -3.83350108472E+02   10.5349180            56796  0.12424    
      108800  -1.18950497         1121138.        0.000000       -802.3032     -3.44535371651E+07  8.98748595833E+04 -3.83350108415E+02   10.5345542            56856  0.12512    
      108900  -1.18960093         1121146.        0.000000       -801.1691     -3.44532052350E+07  8.98739938505E+04 -3.83350107845E+02   10.5351335            56865  0.12321    
      109000  -1.18991803         1121182.        0.000000       -803.1280     -3.44548170328E+07  8.98781984292E+04 -3.83350107535E+02   10.5351399            56879  0.12125    
      109100  -1.18967999         1121069.        0.000000       -802.0282     -3.44523325449E+07  8.98717174445E+04 -3.83350107515E+02   10.5344116            56843  0.11954    
      109200  -1.18943129         1121022.        0.000000       -803.9182     -3.44508022523E+07  8.98677254267E+04 -3.83350108047E+02   10.5355017            56913  0.12398    
      109300  -1.18943038         1121119.        0.000000       -804.5350     -3.44464691114E+07  8.98564221945E+04 -3.83350107540E+02   10.5348025            56948  0.12121    
      109400  -1.18941288         1121049.        0.000000       -806.8274     -3.44483334535E+07  8.98612853104E+04 -3.83350108275E+02   10.5341560            56870  0.12442    
      109500  -1.18937588         1121074.        0.000000       -807.4581     -3.44506021185E+07  8.98672031172E+04 -3.83350109089E+02   10.5341098            56898  0.12664    
      109600  -1.18962103         1121214.        0.000000       -806.4414     -3.44523225591E+07  8.98716907239E+04 -3.83350110381E+02   10.5338806            56895  0.11949    
      109700  -1.19010687         1121228.        0.000000       -804.1924     -3.44542635855E+07  8.98767537811E+04 -3.83350111525E+02   10.5357171            56891  0.12328    
      109800  -1.18963497         1121144.        0.000000       -805.7936     -3.44484119168E+07  8.98614889612E+04 -3.83350112657E+02   10.5344987            56860  0.12220    
      109900  -1.19025710         1121268.        0.000000       -804.8972     -3.44521786041E+07  8.98713147122E+04 -3.83350112486E+02   10.5345332            56894  0.12344    
      110000  -1.19017584         1121232.        0.000000       -807.7823     -3.44509235080E+07  8.98680408035E+04 -3.83350112009E+02   10.5337648            56865  0.11923    
      110100  -1.18975818         1121054.        0.000000       -808.8249     -3.44498975250E+07  8.98653646671E+04 -3.83350111053E+02   10.5352086            56850  0.11977    
      110200  -1.18882488         1120862.        0.000000       -809.6990     -3.44441887042E+07  8.98504728100E+04 -3.83350110767E+02   10.5340041            56864  0.12366    
      110300  -1.18846194         1120856.        0.000000       -805.4592     -3.44459122819E+07  8.98549688500E+04 -3.83350110993E+02   10.5342852            56893  0.12020    
      110400  -1.18883606         1120930.        0.000000       -806.6956     -3.44471521943E+07  8.98582033349E+04 -3.83350110683E+02   10.5341695            56893  0.12685    
      110500  -1.18862495         1120842.        0.000000       -807.8499     -3.44495434281E+07  8.98644413329E+04 -3.83350109534E+02   10.5334959            56835  0.11952    
      110600  -1.18853393         1120939.        0.000000       -809.0470     -3.44541611748E+07  8.98764872592E+04 -3.83350108860E+02   10.5343265            56820  0.11843    
      110700  -1.18900486         1121006.        0.000000       -809.0208     -3.44555354616E+07  8.98800721091E+04 -3.83350109241E+02   10.5353013            56890  0.12325    
      110800  -1.18919856         1121053.        0.000000       -806.5408     -3.44541182800E+07  8.98763751006E+04 -3.83350109986E+02   10.5337338            56897  0.12032    
      110900  -1.18949086         1121071.        0.000000       -803.1070     -3.44575878983E+07  8.98854258632E+04 -3.83350110069E+02   10.5349144            56878  0.12271    
      111000  -1.18977702         1121107.        0.000000       -803.0585     -3.44583810960E+07  8.98874951622E+04 -3.83350109310E+02   10.5347961            56888  0.12006    
      111100  -1.19022956         1121292.        0.000000       -802.8427     -3.44608950941E+07  8.98940533289E+04 -3.83350108466E+02   10.5345511            56942  0.12125    
      111200  -1.18990143         1121080.        0.000000       -804.3039     -3.44574643956E+07  8.98851041497E+04 -3.83350108136E+02   10.5348303            56910  0.12445    
      111300  -1.18905478         1120917.        0.000000       -803.1636     -3.44540186073E+07  8.98761152802E+04 -3.83350109201E+02   10.5348731            56875  0.11917    
      111400  -1.18817538         1120715.        0.000000       -804.9268     -3.44524546729E+07  8.98720354818E+04 -3.83350109834E+02   10.5349998            56836  0.12435    
      111500  -1.18855718         1120968.        0.000000       -803.0322     -3.44557449281E+07  8.98806182553E+04 -3.83350110367E+02   10.5339421            56832  0.11945    
      111600  -1.18930460         1121130.        0.000000       -801.1679     -3.44603773452E+07  8.98927023063E+04 -3.83350110310E+02   10.5346014            56775  0.12674    
      111700  -1.19013133         1121225.        0.000000       -805.0757     -3.44636681200E+07  8.99012866869E+04 -3.83350109771E+02   10.5351494            56826  0.12053    
      111800  -1.18981322         1121168.        0.000000       -809.2600     -3.44620008367E+07  8.98969374643E+04 -3.83350109679E+02   10.5341287            56870  0.12024    
      111900  -1.18925717         1120915.        0.000000       -805.5923     -3.44617048561E+07  8.98961653993E+04 -3.83350109574E+02   10.5353372            56833  0.12429    
      112000  -1.18917625         1121088.        0.000000       -805.1842     -3.44625454628E+07  8.98983582592E+04 -3.83350109280E+02   10.5350555            56832  0.12716    
      112100  -1.19001397         1121181.        0.000000       -804.1474     -3.44636509140E+07  8.99012419575E+04 -3.83350109116E+02   10.5355720            56812  0.12365    
      112200  -1.18946253         1121006.        0.000000       -802.2969     -3.44590135109E+07  8.98891449079E+04 -3.83350109140E+02   10.5355431            56805  0.11968    
      112300  -1.18924669         1121020.        0.000000       -801.7100     -3.44569501948E+07  8.98837625585E+04 -3.83350109230E+02   10.5356655            56769  0.12267    
      112400  -1.18920608         1121011.        0.000000       -804.6746     -3.44516587311E+07  8.98699595098E+04 -3.83350108524E+02   10.5352483            56844  0.12994    
      112500  -1.18985019         1121257.        0.000000       -806.3901     -3.44510791995E+07  8.98684480246E+04 -3.83350107371E+02   10.5344441            56844  0.12011    
      112600  -1.18981108         1121173.        0.000000       -808.9765     -3.44470281848E+07  8.98578805212E+04 -3.83350107804E+02   10.5347465            56865  0.12593    
      112700  -1.18966864         1121075.        0.000000       -807.3352     -3.44431076145E+07  8.98476534190E+04 -3.83350107697E+02   10.5353896            56833  0.11985    
      112800  -1.18952081         1121049.        0.000000       -808.0963     -3.44397930461E+07  8.98390069647E+04 -3.83350108263E+02   10.5346290            56889  0.11962    
      112900  -1.18925027         1121002.        0.000000       -810.0294     -3.44413632392E+07  8.98431027157E+04 -3.83350109225E+02   10.5338630            56846  0.12539    
      113000  -1.18889117         1120886.        0.000000       -809.6326     -3.44417708039E+07  8.98441657564E+04 -3.83350109758E+02   10.5356023            56841  0.12485    
      113100  -1.18881671         1120934.        0.000000       -809.6266     -3.44429460836E+07  8.98472316989E+04 -3.83350109205E+02   10.5334642            56841  0.12625    
      113200  -1.18908589         1121090.        0.000000       -808.8225     -3.44468949161E+07  8.98575326021E+04 -3.83350108984E+02   10.5337463            56875  0.12102    
      113300  -1.18924188         1120974.        0.000000       -807.7554     -3.44489414928E+07  8.98628712813E+04 -3.83350108911E+02   10.5337521            56894  0.12536    
      113400  -1.18923509         1121159.        0.000000       -809.9502     -3.44529688736E+07  8.98733770814E+04 -3.83350108702E+02   10.5339015            56861  0.12068    
      113500  -1.18978599         1121185.        0.000000       -811.1976     -3.44564917743E+07  8.98825666921E+04 -3.83350109397E+02   10.5350003            56892  0.12082    
      113600  -1.18937735         1120982.        0.000000       -812.9734     -3.44542823315E+07  8.98768032455E+04 -3.83350109119E+02   10.5350265            56887  0.12618    
      113700  -1.18880128         1120860.        0.000000       -814.0091     -3.44525941512E+07  8.98723995488E+04 -3.83350108867E+02   10.5346375            56870  0.12118    
      113800  -1.18917163         1121102.        0.000000       -812.2040     -3.44563524082E+07  8.98822033264E+04 -3.83350108621E+02   10.5332619            56932  0.12395    
      113900  -1.18964161         1121096.        0.000000       -812.1053     -3.44612485908E+07  8.98949754388E+04 -3.83350108531E+02   10.5358363            56924  0.12010    
      114000  -1.18930680         1121037.        0.000000       -812.1173     -3.44575974081E+07  8.98854512093E+04 -3.83350107771E+02   10.5348434            56920  0.11987    
      114100  -1.18901586         1121047.        0.000000       -810.8401     -3.44527706332E+07  8.98728600721E+04 -3.83350108204E+02   10.5338458            56860  0.12960    
      114200  -1.18965946         1121223.        0.000000       -811.9088     -3.44567795620E+07  8.98833174787E+04 -3.83350109103E+02   10.5341587            56820  0.12085    
      114300  -1.19006127         1121160.        0.000000       -813.4698     -3.44599751997E+07  8.98916534511E+04 -3.83350109567E+02   10.5348719            56847  0.12627    
      114400  -1.18966264         1121077.        0.000000       -811.6244     -3.44598056418E+07  8.98912111000E+04 -3.83350109761E+02   10.5352707            56856  0.11993    
      114500  -1.18933445         1121082.        0.000000       -811.2224     -3.44572103092E+07  8.98844409950E+04 -3.83350109627E+02   10.5345339            56773  0.12013    
      114600  -1.18943054         1121125.        0.000000       -812.7665     -3.44563642532E+07  8.98822340813E+04 -3.83350109234E+02   10.5338143            56859  0.12352    
      114700  -1.18934320         1121044.        0.000000       -810.1236     -3.44562348107E+07  8.98818962077E+04 -3.83350110139E+02   10.5352888            56883  0.11978    
      114800  -1.18863624         1120833.        0.000000       -808.5936     -3.44493829611E+07  8.98640225136E+04 -3.83350110506E+02   10.5355088            56872  0.12614    
      114900  -1.18867742         1120987.        0.000000       -809.5589     -3.44518492409E+07  8.98704559786E+04 -3.83350110620E+02   10.5332182            56878  0.12037    
      115000  -1.18962787         1121234.        0.000000       -808.3888     -3.44607699322E+07  8.98937263777E+04 -3.83350110411E+02   10.5335107            56861  0.11958    
      115100  -1.19014482         1121264.        0.000000       -809.7983     -3.44656731498E+07  8.99065168917E+04 -3.83350110108E+02   10.5341201            56855  0.12641    
      115200  -1.18996764         1121136.        0.000000       -807.7591     -3.44637880945E+07  8.99015995545E+04 -3.83350110180E+02   10.5345902            56806  0.12084    
      115300  -1.18941156         1121049.        0.000000       -809.1954     -3.44600356246E+07  8.98918111141E+04 -3.83350109398E+02   10.5352911            56853  0.12636    
      115400  -1.18895172         1120932.        0.000000       -812.1218     -3.44585865939E+07  8.98880311816E+04 -3.83350109475E+02   10.5340894            56804  0.12050    
      115500  -1.18877617         1120910.        0.000000       -809.2158     -3.44601555949E+07  8.98921241518E+04 -3.83350109034E+02   10.5354437            56817  0.12616    
      115600  -1.18906029         1121036.        0.000000       -806.8416     -3.44600791829E+07  8.98919248602E+04 -3.83350108883E+02   10.5335774            56856  0.12348    
      115700  -1.18952927         1121125.        0.000000       -807.0589     -3.44669602091E+07  8.99098745635E+04 -3.83350108944E+02   10.5344059            56870  0.11996    
      115800  -1.18934822         1121032.        0.000000       -807.6854     -3.44671735241E+07  8.99104310657E+04 -3.83350108720E+02   10.5341379            56844  0.12768    
      115900  -1.18916912         1121048.        0.000000       -807.2465     -3.44688319116E+07  8.99147570478E+04 -3.83350108963E+02   10.5344166            56869  0.11980    
      116000  -1.18937296         1121098.        0.000000       -806.5903     -3.44696132912E+07  8.99167953733E+04 -3.83350108821E+02   10.5337422            56848  0.12225    
      116100  -1.18989784         1121294.        0.000000       -810.8952     -3.44748401860E+07  8.99304301862E+04 -3.83350108685E+02   10.5330535            56837  0.11945    
      116200  -1.19046504         1121243.        0.000000       -810.2770     -3.44805107019E+07  8.99452220964E+04 -3.83350109080E+02   10.5347958            56833  0.11983    
      116300  -1.18996271         1121114.        0.000000       -809.3547     -3.44785257299E+07  8.99400440285E+04 -3.83350109535E+02   10.5351397            56797  0.13154    
      116400  -1.18996310         1121184.        0.000000       -807.7586     -3.44773263093E+07  8.99369152120E+04 -3.83350109664E+02   10.5350778            56811  0.11955    
      116500  -1.18957268         1121086.        0.000000       -806.3046     -3.44749952244E+07  8.99308343203E+04 -3.83350109949E+02   10.5345465            56819  0.12304    
      116600  -1.18944173         1121051.        0.000000       -805.8249     -3.44742636413E+07  8.99289259256E+04 -3.83350109950E+02   10.5349533            56847  0.11915    
      116700  -1.18953248         1121276.        0.000000       -804.1713     -3.44737198396E+07  8.99275072098E+04 -3.83350110652E+02   10.5336343            56899  0.12172    
      116800  -1.19028579         1121158.        0.000000       -806.1291     -3.44820195107E+07  8.99491576817E+04 -3.83350110211E+02   10.5343450            56803  0.12388    
      116900  -1.18956571         1121078.        0.000000       -809.1432     -3.44813317617E+07  8.99473638665E+04 -3.83350109213E+02   10.5350900            56783  0.12129    
      117000  -1.19014139         1121329.        0.000000       -809.7956     -3.44827037965E+07  8.99509429910E+04 -3.83350108958E+02   10.5333868            56801  0.12875    
      117100  -1.19018105         1121177.        0.000000       -808.9700     -3.44844503959E+07  8.99554990718E+04 -3.83350109240E+02   10.5356918            56803  0.11964    
      117200  -1.19025666         1121279.        0.000000       -811.5072     -3.44792505697E+07  8.99419350038E+04 -3.83350108803E+02   10.5346914            56896  0.12043    
      117300  -1.19000512         1121106.        0.000000       -812.4912     -3.44766935718E+07  8.99352647724E+04 -3.83350109204E+02   10.5360163            56867  0.12368    
      117400  -1.18958423         1121003.        0.000000       -810.8244     -3.44698113979E+07  8.99173119453E+04 -3.83350109697E+02   10.5367847            56835  0.12243    
      117500  -1.18952125         1121181.        0.000000       -811.5873     -3.44645422877E+07  8.99035669816E+04 -3.83350109955E+02   10.5345634            56862  0.12563    
      117600  -1.19018506         1121396.        0.000000       -811.3622     -3.44654362032E+07  8.99058986353E+04 -3.83350110797E+02   10.5340194            56897  0.12085    
      117700  -1.19011746         1121191.        0.000000       -811.6379     -3.44619359057E+07  8.98967677979E+04 -3.83350110909E+02   10.5348977            56884  0.12378    
      117800  -1.18976267         1121041.        0.000000       -811.1503     -3.44600218586E+07  8.98917746746E+04 -3.83350111658E+02   10.5357385            56848  0.12005    
      117900  -1.18928517         1121015.        0.000000       -809.9496     -3.44591860588E+07  8.98895944532E+04 -3.83350111528E+02   10.5345994            56846  0.12236    
      118000  -1.18967622         1121281.        0.000000       -806.9282     -3.44603650935E+07  8.98926701123E+04 -3.83350111310E+02   10.5343798            56870  0.12309    
      118100  -1.18951067         1120861.        0.000000       -809.5319     -3.44577599001E+07  8.98858743225E+04 -3.83350111013E+02   10.5357151            56808  0.12172    
      118200  -1.18846768         1120828.        0.000000       -809.0308     -3.44504969113E+07  8.98669282886E+04 -3.83350110740E+02   10.5358729            56863  0.12655    
      118300  -1.18849729         1120907.        0.000000       -808.9674     -3.44471037246E+07  8.98580769297E+04 -3.83350110547E+02   10.5347247            56909  0.11996    
      118400  -1.18871335         1120927.        0.000000       -808.4206     -3.44456351542E+07  8.98542462728E+04 -3.83350109572E+02   10.5340174            56885  0.12102    
      118500  -1.18871018         1120951.        0.000000       -806.1757     -3.44508375056E+07  8.98678171290E+04 -3.83350109152E+02   10.5338283            56782  0.12767    
      118600  -1.18890865         1120993.        0.000000       -805.6712     -3.44537534496E+07  8.98754237524E+04 -3.83350108529E+02   10.5345860            56792  0.12187    
      118700  -1.18967260         1121169.        0.000000       -805.9438     -3.44564438231E+07  8.98824414922E+04 -3.83350109888E+02   10.5349281            56822  0.12311    
      118800  -1.18978365         1121141.        0.000000       -807.2549     -3.44561497118E+07  8.98816742092E+04 -3.83350110185E+02   10.5348282            56885  0.11954    
      118900  -1.18924031         1120933.        0.000000       -804.9224     -3.44507114675E+07  8.98674880644E+04 -3.83350110363E+02   10.5349753            56851  0.11998    
      119000  -1.18900696         1120945.        0.000000       -805.1324     -3.44521698880E+07  8.98712922748E+04 -3.83350111208E+02   10.5339682            56797  0.12286    
      119100  -1.18885507         1120882.        0.000000       -804.6511     -3.44534285598E+07  8.98745756711E+04 -3.83350111003E+02   10.5353540            56801  0.11969    
      119200  -1.18874542         1120940.        0.000000       -802.5679     -3.44525908046E+07  8.98723904433E+04 -3.83350110470E+02   10.5338890            56888  0.12390    
      119300  -1.18943395         1121213.        0.000000       -805.2416     -3.44564223510E+07  8.98823855368E+04 -3.83350109649E+02   10.5323604            56951  0.12011    
      119400  -1.18994445         1121155.        0.000000       -807.3060     -3.44631952724E+07  8.99000532487E+04 -3.83350109672E+02   10.5348777            56896  0.11947    
      119500  -1.18946548         1120936.        0.000000       -804.1166     -3.44591614770E+07  8.98895306197E+04 -3.83350110290E+02   10.5362324            56886  0.12622    
      119600  -1.18912865         1120987.        0.000000       -806.4738     -3.44538224962E+07  8.98756032300E+04 -3.83350111242E+02   10.5344890            56864  0.12394    
      119700  -1.18916988         1121034.        0.000000       -811.5439     -3.44564455137E+07  8.98824455109E+04 -3.83350111558E+02   10.5340539            56886  0.12436    
      119800  -1.18940286         1121071.        0.000000       -812.1623     -3.44580200333E+07  8.98865526532E+04 -3.83350112071E+02   10.5346710            56888  0.12042    
      119900  -1.18913197         1121027.        0.000000       -812.8829     -3.44585977685E+07  8.98880597151E+04 -3.83350112104E+02   10.5339651            56842  0.12703    
      120000  -1.18881455         1120926.        0.000000       -811.2832     -3.44566887969E+07  8.98830801223E+04 -3.83350111612E+02   10.5354802            56824  0.12005    
      120100  -1.18871204         1120805.        0.000000       -810.1240     -3.44532818040E+07  8.98741929744E+04 -3.83350110457E+02   10.5351150            56797  0.12306    
      120200  -1.18853340         1121063.        0.000000       -809.9913     -3.44533711137E+07  8.98744259121E+04 -3.83350110602E+02   10.5337794            56838  0.12415    
      120300  -1.18937034         1121143.        0.000000       -806.6729     -3.44546631757E+07  8.98777962246E+04 -3.83350111185E+02   10.5345173            56857  0.12014    
      120400  -1.19005827         1121330.        0.000000       -807.0682     -3.44540243197E+07  8.98761297401E+04 -3.83350111084E+02   10.5343058            56928  0.12236    
      120500  -1.19012038         1121169.        0.000000       -807.7015     -3.44541219597E+07  8.98763845648E+04 -3.83350110561E+02   10.5338638            56927  0.11968    
      120600  -1.18933354         1120982.        0.000000       -810.6638     -3.44566985599E+07  8.98831061112E+04 -3.83350109389E+02   10.5343488            56878  0.12018    
      120700  -1.18880754         1120901.        0.000000       -812.3066     -3.44570639220E+07  8.98840590517E+04 -3.83350109970E+02   10.5337556            56840  0.12492    
      120800  -1.18834463         1120840.        0.000000       -812.0824     -3.44596303023E+07  8.98907535933E+04 -3.83350110271E+02   10.5345615            56848  0.11966    
      120900  -1.18905134         1121087.        0.000000       -808.6739     -3.44648118498E+07  8.99042700645E+04 -3.83350110346E+02   10.5328453            56803  0.12409    
      121000  -1.18960277         1121163.        0.000000       -808.6048     -3.44699064539E+07  8.99175599973E+04 -3.83350109310E+02   10.5340564            56787  0.12208    
      121100  -1.19026110         1121268.        0.000000       -810.0369     -3.44747039551E+07  8.99300747432E+04 -3.83350108999E+02   10.5347528            56799  0.12341    
      121200  -1.18970876         1121036.        0.000000       -810.5665     -3.44666471192E+07  8.99090577190E+04 -3.83350109473E+02   10.5362799            56828  0.12395    
      121300  -1.18905791         1120882.        0.000000       -810.1900     -3.44577720843E+07  8.98859064113E+04 -3.83350109711E+02   10.5357964            56824  0.12131    
      121400  -1.18885336         1121138.        0.000000       -811.3837     -3.44550966581E+07  8.98789271753E+04 -3.83350110432E+02   10.5334368            56887  0.12422    
      121500  -1.19026171         1121315.        0.000000       -810.1298     -3.44606264346E+07  8.98933518701E+04 -3.83350111190E+02   10.5347530            56875  0.11974    
      121600  -1.19008674         1121091.        0.000000       -813.5947     -3.44579530680E+07  8.98863782555E+04 -3.83350110848E+02   10.5363708            56906  0.12586    
      121700  -1.18912831         1120958.        0.000000       -814.0982     -3.44460667915E+07  8.98553719003E+04 -3.83350110995E+02   10.5351542            56873  0.12616    
      121800  -1.18891377         1120959.        0.000000       -811.4204     -3.44442704319E+07  8.98506858434E+04 -3.83350111449E+02   10.5351163            56857  0.11987    
      121900  -1.18960870         1121161.        0.000000       -810.2753     -3.44475121248E+07  8.98591421180E+04 -3.83350111217E+02   10.5337540            56848  0.12574    
      122000  -1.18966686         1121064.        0.000000       -808.1987     -3.44515201529E+07  8.98695974785E+04 -3.83350110822E+02   10.5357928            56832  0.12042    
      122100  -1.18913122         1120945.        0.000000       -805.9841     -3.44467448439E+07  8.98571407064E+04 -3.83350110777E+02   10.5346644            56814  0.12731    
      122200  -1.18888806         1121132.        0.000000       -809.3603     -3.44471737176E+07  8.98582593750E+04 -3.83350111133E+02   10.5322101            56833  0.12003    
      122300  -1.19017608         1121325.        0.000000       -810.0863     -3.44587740252E+07  8.98885197500E+04 -3.83350111015E+02   10.5343523            56756  0.12274    
      122400  -1.18984778         1120955.        0.000000       -810.8194     -3.44569144669E+07  8.98836691024E+04 -3.83350110326E+02   10.5360346            56674  0.12476    
      122500  -1.18861817         1120848.        0.000000       -810.5667     -3.44495274643E+07  8.98643995962E+04 -3.83350109933E+02   10.5352256            56756  0.11980    
      122600  -1.18852659         1121033.        0.000000       -811.7841     -3.44447763667E+07  8.98520061983E+04 -3.83350108964E+02   10.5334833            56793  0.12376    
      122700  -1.18970357         1121125.        0.000000       -805.3890     -3.44509446980E+07  8.98680967261E+04 -3.83350109250E+02   10.5354453            56840  0.12232    
      122800  -1.18946349         1121075.        0.000000       -804.3075     -3.44482137858E+07  8.98609727988E+04 -3.83350109762E+02   10.5344000            56779  0.12007    
      122900  -1.18954419         1121054.        0.000000       -804.6606     -3.44456311707E+07  8.98542358906E+04 -3.83350109533E+02   10.5353290            56830  0.12529    
      123000  -1.18973434         1121226.        0.000000       -802.0279     -3.44446815027E+07  8.98517586014E+04 -3.83350109545E+02   10.5351890            56818  0.11984    
      123100  -1.18973447         1120988.        0.000000       -801.2092     -3.44405710956E+07  8.98410362427E+04 -3.83350109660E+02   10.5360745            56821  0.12502    
      123200  -1.18911524         1120984.        0.000000       -800.2928     -3.44360205003E+07  8.98291656479E+04 -3.83350109643E+02   10.5343601            56868  0.11906    
      123300  -1.18899374         1120916.        0.000000       -801.4650     -3.44385880529E+07  8.98358632381E+04 -3.83350109985E+02   10.5348182            56847  0.11894    
      123400  -1.18879318         1121005.        0.000000       -801.7795     -3.44395167808E+07  8.98382860222E+04 -3.83350109465E+02   10.5335251            56863  0.12320    
      123500  -1.18954540         1121149.        0.000000       -800.5333     -3.44452767890E+07  8.98533114254E+04 -3.83350109668E+02   10.5348957            56855  0.11968    
      123600  -1.18974439         1121183.        0.000000       -800.7876     -3.44444583692E+07  8.98511762243E+04 -3.83350110891E+02   10.5339498            56807  0.12314    
      123700  -1.19024960         1121241.        0.000000       -800.7645     -3.44471146509E+07  8.98581051772E+04 -3.83350111634E+02   10.5346862            56810  0.11997    
      123800  -1.18997957         1121127.        0.000000       -805.5193     -3.44485247190E+07  8.98617835127E+04 -3.83350111386E+02   10.5346901            56791  0.11922    
      123900  -1.18938793         1121087.        0.000000       -805.1172     -3.44443269614E+07  8.98508334072E+04 -3.83350111015E+02   10.5344439            56814  0.12512    
      124000  -1.18990468         1121267.        0.000000       -806.4673     -3.44470363246E+07  8.98579008728E+04 -3.83350111565E+02   10.5334756            56860  0.12124    
      124100  -1.19014982         1121133.        0.000000       -804.4093     -3.44504125912E+07  8.98667082628E+04 -3.83350111039E+02   10.5345630            56837  0.12325    
      124200  -1.18951583         1121146.        0.000000       -807.9391     -3.44491629215E+07  8.98634485143E+04 -3.83350110540E+02   10.5336519            56871  0.11964    
      124300  -1.18960265         1121048.        0.000000       -809.3600     -3.44517705912E+07  8.98702508565E+04 -3.83350110442E+02   10.5347267            56816  0.12021    
      124400  -1.18873094         1120800.        0.000000       -811.5322     -3.44490756898E+07  8.98632210259E+04 -3.83350110273E+02   10.5351292            56801  0.12605    
      124500  -1.18842167         1120875.        0.000000       -811.5554     -3.44505496933E+07  8.98670660782E+04 -3.83350110299E+02   10.5340363            56830  0.12217    
      124600  -1.18888527         1121089.        0.000000       -812.2271     -3.44560344812E+07  8.98813733324E+04 -3.83350111416E+02   10.5330335            56876  0.12635    
      124700  -1.18942122         1121145.        0.000000       -813.2671     -3.44617188341E+07  8.98962014113E+04 -3.83350111496E+02   10.5336732            56879  0.11933    
      124800  -1.18974639         1121037.        0.000000       -812.0075     -3.44654529951E+07  8.99059424205E+04 -3.83350110874E+02   10.5353029            56863  0.12510    
      124900  -1.18994114         1121226.        0.000000       -811.7212     -3.44641889845E+07  8.99026451224E+04 -3.83350110974E+02   10.5352471            56930  0.11919    
      125000  -1.19028015         1121248.        0.000000       -816.0146     -3.44646149593E+07  8.99037561975E+04 -3.83350111463E+02   10.5340715            56931  0.11939    
      125100  -1.18995636         1121024.        0.000000       -816.9519     -3.44690750618E+07  8.99153908908E+04 -3.83350110812E+02   10.5350089            56794  0.12703    
      125200  -1.18920997         1120928.        0.000000       -814.3951     -3.44666095620E+07  8.99089594646E+04 -3.83350110681E+02   10.5360633            56866  0.11899    
      125300  -1.18820475         1120792.        0.000000       -814.1030     -3.44583496658E+07  8.98874128938E+04 -3.83350110504E+02   10.5349834            56873  0.12473    
      125400  -1.18856025         1121095.        0.000000       -814.1202     -3.44589266685E+07  8.98889180983E+04 -3.83350110308E+02   10.5331372            56946  0.11904    
      125500  -1.18975287         1121210.        0.000000       -814.2880     -3.44671392000E+07  8.99103412968E+04 -3.83350109708E+02   10.5342522            56887  0.11994    
      125600  -1.19005559         1121233.        0.000000       -817.0594     -3.44704413630E+07  8.99189552085E+04 -3.83350109919E+02   10.5343623            56874  0.12414    
      125700  -1.18962489         1121109.        0.000000       -816.0292     -3.44715974109E+07  8.99219710574E+04 -3.83350109050E+02   10.5344828            56838  0.12394    
      125800  -1.18965932         1121189.        0.000000       -818.8675     -3.44737551198E+07  8.99275997461E+04 -3.83350108500E+02   10.5333997            56817  0.12609    
      125900  -1.18962957         1121085.        0.000000       -816.3948     -3.44770469735E+07  8.99361870040E+04 -3.83350107693E+02   10.5350342            56798  0.12039    
      126000  -1.18987790         1121206.        0.000000       -814.8972     -3.44764820807E+07  8.99347133435E+04 -3.83350108084E+02   10.5348961            56837  0.12222    
      126100  -1.18935668         1121081.        0.000000       -813.7404     -3.44711465484E+07  8.99207951728E+04 -3.83350108083E+02   10.5351673            56853  0.12434    
      126200  -1.18923829         1120978.        0.000000       -811.6441     -3.44690358426E+07  8.99152890735E+04 -3.83350108728E+02   10.5357995            56771  0.12040    
      126300  -1.18957208         1121178.        0.000000       -812.1234     -3.44676609388E+07  8.99117025233E+04 -3.83350108735E+02   10.5337913            56795  0.13007    
      126400  -1.18960058         1121066.        0.000000       -813.2241     -3.44671369807E+07  8.99103358716E+04 -3.83350108156E+02   10.5351052            56780  0.12256    
      126500  -1.18929776         1120948.        0.000000       -811.6851     -3.44658677044E+07  8.99070249266E+04 -3.83350107875E+02   10.5348114            56782  0.11890    
      126600  -1.18931229         1121082.        0.000000       -814.2112     -3.44679659010E+07  8.99124984490E+04 -3.83350106999E+02   10.5341956            56824  0.12358    
      126700  -1.18961724         1121137.        0.000000       -812.5530     -3.44723865690E+07  8.99240300112E+04 -3.83350107471E+02   10.5336738            56858  0.12106    
      126800  -1.18984989         1121159.        0.000000       -811.6603     -3.44779340417E+07  8.99385007939E+04 -3.83350108545E+02   10.5347714            56765  0.12785    
      126900  -1.18979158         1121094.        0.000000       -811.1328     -3.44759781628E+07  8.99333987490E+04 -3.83350108440E+02   10.5354448            56809  0.12094    
      127000  -1.18959386         1121145.        0.000000       -813.5075     -3.44764150989E+07  8.99345384183E+04 -3.83350108926E+02   10.5344509            56841  0.12711    
      127100  -1.18924870         1120934.        0.000000       -814.3702     -3.44736172940E+07  8.99272402324E+04 -3.83350108431E+02   10.5356319            56844  0.12496    
      127200  -1.18935487         1121100.        0.000000       -813.0256     -3.44748186630E+07  8.99303739821E+04 -3.83350108939E+02   10.5347859            56839  0.12050    
      127300  -1.18947586         1121014.        0.000000       -815.7758     -3.44716922166E+07  8.99222181859E+04 -3.83350109818E+02   10.5355491            56848  0.13095    
      127400  -1.18957675         1121154.        0.000000       -813.8115     -3.44761426877E+07  8.99338275085E+04 -3.83350110218E+02   10.5339900            56799  0.12012    
      127500  -1.18984128         1121182.        0.000000       -809.8902     -3.44776597991E+07  8.99377850167E+04 -3.83350110220E+02   10.5352904            56838  0.12558    
      127600  -1.18972531         1121152.        0.000000       -807.9342     -3.44746105725E+07  8.99298307142E+04 -3.83350110844E+02   10.5348296            56947  0.12005    
      127700  -1.18924912         1120975.        0.000000       -805.1231     -3.44675748788E+07  8.99114774557E+04 -3.83350111177E+02   10.5358890            56946  0.12060    
      127800  -1.18863929         1120896.        0.000000       -807.5830     -3.44639552584E+07  8.99020353986E+04 -3.83350111103E+02   10.5340445            56893  0.12276    
      127900  -1.18909648         1121072.        0.000000       -808.5607     -3.44691309146E+07  8.99155364666E+04 -3.83350111328E+02   10.5339567            56933  0.12348    
      128000  -1.18986177         1121321.        0.000000       -806.7019     -3.44736506237E+07  8.99273265550E+04 -3.83350111077E+02   10.5330073            56915  0.12492    
      128100  -1.19080641         1121453.        0.000000       -808.7324     -3.44807845975E+07  8.99459357876E+04 -3.83350112438E+02   10.5346754            56915  0.12014    
      128200  -1.19102121         1121389.        0.000000       -808.6189     -3.44820114158E+07  8.99491359216E+04 -3.83350112956E+02   10.5349795            56843  0.12403    
      128300  -1.19047928         1121212.        0.000000       -806.7007     -3.44746536602E+07  8.99299426840E+04 -3.83350112669E+02   10.5352305            56856  0.12355    
      128400  -1.18968659         1121019.        0.000000       -806.4030     -3.44683581503E+07  8.99135203731E+04 -3.83350112499E+02   10.5360888            56863  0.12180    
      128500  -1.18938051         1121076.        0.000000       -807.1834     -3.44630511441E+07  8.98996766470E+04 -3.83350112363E+02   10.5355831            56878  0.12516    
      128600  -1.18956739         1121070.        0.000000       -808.4525     -3.44608910977E+07  8.98940420710E+04 -3.83350112018E+02   10.5345978            56843  0.12214    
      128700  -1.18922881         1120915.        0.000000       -806.5655     -3.44581386294E+07  8.98868619706E+04 -3.83350112286E+02   10.5356442            56843  0.12447    
      128800  -1.18892606         1121029.        0.000000       -808.3220     -3.44544884341E+07  8.98773403423E+04 -3.83350111417E+02   10.5344742            56841  0.12133    
      128900  -1.18923900         1121072.        0.000000       -809.3742     -3.44538728841E+07  8.98757349512E+04 -3.83350110047E+02   10.5338815            56863  0.11995    
      129000  -1.18927109         1121070.        0.000000       -809.0897     -3.44574242709E+07  8.98849991230E+04 -3.83350109663E+02   10.5341152            56859  0.12748    
      129100  -1.18938204         1121060.        0.000000       -807.1936     -3.44571777888E+07  8.98843561502E+04 -3.83350109681E+02   10.5344414            56871  0.11912    
      129200  -1.18890748         1120899.        0.000000       -808.0019     -3.44567849899E+07  8.98833315008E+04 -3.83350109687E+02   10.5350168            56863  0.12451    
      129300  -1.18885909         1120993.        0.000000       -808.3265     -3.44556596570E+07  8.98803958958E+04 -3.83350110039E+02   10.5344068            56882  0.12090    
      129400  -1.18950298         1121222.        0.000000       -809.8979     -3.44591074882E+07  8.98893896855E+04 -3.83350110717E+02   10.5329439            56903  0.11973    
      129500  -1.18995008         1121113.        0.000000       -809.2022     -3.44633499852E+07  8.99004564753E+04 -3.83350111183E+02   10.5352717            56883  0.12342    
      129600  -1.18929430         1121010.        0.000000       -806.7182     -3.44598375566E+07  8.98912940802E+04 -3.83350110922E+02   10.5352024            56874  0.11939    
      129700  -1.18907106         1120961.        0.000000       -805.3117     -3.44555228806E+07  8.98800388097E+04 -3.83350111292E+02   10.5345380            56892  0.12205    
      129800  -1.18876425         1120898.        0.000000       -806.2752     -3.44542908443E+07  8.98768250252E+04 -3.83350110940E+02   10.5343675            56919  0.12074    
      129900  -1.18879979         1121000.        0.000000       -805.7861     -3.44561050960E+07  8.98815576518E+04 -3.83350110926E+02   10.5339925            56895  0.12212    
      130000  -1.18894334         1120957.        0.000000       -806.4701     -3.44609123242E+07  8.98940978301E+04 -3.83350110364E+02   10.5336154            56822  0.12429    
      130100  -1.18946508         1121110.        0.000000       -808.0889     -3.44656013378E+07  8.99063296070E+04 -3.83350109925E+02   10.5339304            56804  0.12023    
      130200  -1.18966711         1121127.        0.000000       -807.1247     -3.44688695090E+07  8.99148547754E+04 -3.83350110447E+02   10.5351517            56807  0.12583    
      130300  -1.18991347         1121193.        0.000000       -807.2926     -3.44690186646E+07  8.99152438313E+04 -3.83350110569E+02   10.5339838            56776  0.12022    
      130400  -1.19001246         1121150.        0.000000       -808.1677     -3.44684872872E+07  8.99138577544E+04 -3.83350110294E+02   10.5357962            56832  0.12305    
      130500  -1.18964760         1121074.        0.000000       -810.0194     -3.44611686897E+07  8.98947664662E+04 -3.83350110851E+02   10.5360815            56866  0.12638    
      130600  -1.18947445         1121052.        0.000000       -808.6734     -3.44549609902E+07  8.98785730714E+04 -3.83350111298E+02   10.5351179            56901  0.12573    
      130700  -1.18940328         1121122.        0.000000       -811.9457     -3.44522407572E+07  8.98714771894E+04 -3.83350111011E+02   10.5346249            56868  0.12415    
      130800  -1.18964103         1121026.        0.000000       -811.1471     -3.44535956872E+07  8.98750118061E+04 -3.83350110280E+02   10.5349807            56800  0.12419    
      130900  -1.18897893         1120857.        0.000000       -810.6086     -3.44531195638E+07  8.98737699182E+04 -3.83350109772E+02   10.5354686            56755  0.12427    
      131000  -1.18835825         1120779.        0.000000       -807.5938     -3.44481632753E+07  8.98608412773E+04 -3.83350108742E+02   10.5350439            56744  0.11963    
      131100  -1.18875605         1121050.        0.000000       -807.6527     -3.44506387368E+07  8.98672988396E+04 -3.83350108233E+02   10.5340309            56814  0.11976    
      131200  -1.18952302         1121185.        0.000000       -808.4346     -3.44515747531E+07  8.98697405962E+04 -3.83350107884E+02   10.5344482            56848  0.12385    
      131300  -1.19019198         1121249.        0.000000       -808.5666     -3.44569405418E+07  8.98837375391E+04 -3.83350108543E+02   10.5334880            56826  0.11939    
      131400  -1.19034591         1121203.        0.000000       -809.9817     -3.44630135280E+07  8.98995793189E+04 -3.83350108967E+02   10.5344991            56819  0.12351    
      131500  -1.19004224         1121202.        0.000000       -807.6140     -3.44603907705E+07  8.98927375947E+04 -3.83350109170E+02   10.5352181            56876  0.12225    
      131600  -1.18930980         1120857.        0.000000       -806.2913     -3.44568291321E+07  8.98834467236E+04 -3.83350109371E+02   10.5361854            56815  0.12028    
      131700  -1.18809560         1120711.        0.000000       -807.0601     -3.44499118083E+07  8.98654026096E+04 -3.83350108138E+02   10.5355547            56839  0.12422    
      131800  -1.18804667         1120856.        0.000000       -810.5625     -3.44502231904E+07  8.98662150750E+04 -3.83350107286E+02   10.5336979            56824  0.11906    
      131900  -1.18916709         1121091.        0.000000       -809.2932     -3.44557808805E+07  8.98807129657E+04 -3.83350106420E+02   10.5351081            56860  0.12270    
      132000  -1.18943128         1121027.        0.000000       -807.8611     -3.44543027944E+07  8.98768571786E+04 -3.83350106757E+02   10.5349411            56855  0.11941    
      132100  -1.18919936         1121034.        0.000000       -808.9318     -3.44519428465E+07  8.98707010143E+04 -3.83350106961E+02   10.5348545            56815  0.12263    
      132200  -1.18958134         1121198.        0.000000       -808.6393     -3.44541553011E+07  8.98764723252E+04 -3.83350107205E+02   10.5339698            56869  0.12396    
      132300  -1.18987470         1121147.        0.000000       -808.7618     -3.44542382485E+07  8.98766885448E+04 -3.83350107868E+02   10.5354077            56823  0.12386    
      132400  -1.18957432         1121124.        0.000000       -808.4413     -3.44521495637E+07  8.98712401409E+04 -3.83350107439E+02   10.5346942            56842  0.12435    
      132500  -1.18978423         1121203.        0.000000       -809.3214     -3.44548701165E+07  8.98783370073E+04 -3.83350107087E+02   10.5348089            56847  0.11976    
      132600  -1.19033913         1121229.        0.000000       -807.8155     -3.44579460656E+07  8.98863609726E+04 -3.83350106654E+02   10.5348035            56836  0.12024    
      132700  -1.19002765         1121145.        0.000000       -809.9246     -3.44565803119E+07  8.98827984239E+04 -3.83350106095E+02   10.5356851            56857  0.12928    
      132800  -1.18964961         1121004.        0.000000       -810.1677     -3.44545567997E+07  8.98775202071E+04 -3.83350104902E+02   10.5355373            56813  0.12150    
      132900  -1.18943332         1121130.        0.000000       -807.7305     -3.44546984197E+07  8.98778897706E+04 -3.83350104320E+02   10.5344164            56890  0.13017    
      133000  -1.18938086         1121068.        0.000000       -807.6114     -3.44555166523E+07  8.98800240895E+04 -3.83350104780E+02   10.5348715            56891  0.11995    
      133100  -1.18979453         1121251.        0.000000       -807.9112     -3.44586396515E+07  8.98881706215E+04 -3.83350105061E+02   10.5337103            56902  0.12271    
      133200  -1.19022984         1121115.        0.000000       -808.1417     -3.44619622983E+07  8.98968380362E+04 -3.83350104977E+02   10.5348367            56894  0.12840    
      133300  -1.18960089         1121063.        0.000000       -810.4416     -3.44621686069E+07  8.98973762580E+04 -3.83350104769E+02   10.5350035            56830  0.12384    
      133400  -1.18893603         1120914.        0.000000       -809.1141     -3.44621348343E+07  8.98972880796E+04 -3.83350105108E+02   10.5352890            56878  0.12289    
      133500  -1.18859454         1120926.        0.000000       -810.5665     -3.44615310825E+07  8.98957129231E+04 -3.83350106050E+02   10.5347052            56852  0.11912    
      133600  -1.18877007         1120927.        0.000000       -813.2783     -3.44639420985E+07  8.99020022198E+04 -3.83350106199E+02   10.5342272            56803  0.12432    
      133700  -1.18922249         1121158.        0.000000       -812.4571     -3.44697530421E+07  8.99171605850E+04 -3.83350106007E+02   10.5340785            56817  0.11967    
      133800  -1.18977707         1121186.        0.000000       -813.5703     -3.44726601119E+07  8.99247438086E+04 -3.83350106454E+02   10.5348775            56825  0.12121    
      133900  -1.18961787         1121010.        0.000000       -812.5099     -3.44689376038E+07  8.99150333387E+04 -3.83350106472E+02   10.5364497            56808  0.12540    
      134000  -1.18911085         1120943.        0.000000       -812.5356     -3.44624961105E+07  8.98982301353E+04 -3.83350106655E+02   10.5347741            56825  0.12123    
      134100  -1.18864195         1121031.        0.000000       -813.2123     -3.44610176563E+07  8.98943735848E+04 -3.83350106153E+02   10.5332174            56818  0.12386    
      134200  -1.18939808         1121080.        0.000000       -813.5595     -3.44649131367E+07  8.99045353822E+04 -3.83350105644E+02   10.5346489            56803  0.12032    
      134300  -1.18960831         1121093.        0.000000       -812.2616     -3.44670294409E+07  8.99100558419E+04 -3.83350106039E+02   10.5347466            56823  0.12013    
      134400  -1.18945183         1121119.        0.000000       -810.5810     -3.44659005225E+07  8.99071111229E+04 -3.83350105371E+02   10.5344208            56812  0.12457    
      134500  -1.18975163         1121219.        0.000000       -810.2526     -3.44651802979E+07  8.99052322473E+04 -3.83350105843E+02   10.5344425            56828  0.11928    
      134600  -1.18963791         1121076.        0.000000       -812.0135     -3.44617402098E+07  8.98962584342E+04 -3.83350106112E+02   10.5345530            56774  0.12604    
      134700  -1.18963763         1121211.        0.000000       -810.7874     -3.44630564121E+07  8.98996917434E+04 -3.83350106588E+02   10.5339594            56836  0.12299    
      134800  -1.18971902         1121084.        0.000000       -812.0066     -3.44598159842E+07  8.98912385531E+04 -3.83350107740E+02   10.5359429            56853  0.12000    
      134900  -1.18922218         1120959.        0.000000       -810.6383     -3.44511773114E+07  8.98687037655E+04 -3.83350108190E+02   10.5361284            56858  0.12671    
      135000  -1.18927624         1121112.        0.000000       -809.6362     -3.44485306381E+07  8.98617993967E+04 -3.83350109494E+02   10.5340392            56911  0.12034    
      135100  -1.18913013         1120960.        0.000000       -810.6157     -3.44471615265E+07  8.98582280022E+04 -3.83350109304E+02   10.5345194            56891  0.12534    
      135200  -1.18903926         1121002.        0.000000       -808.6003     -3.44520023702E+07  8.98708555945E+04 -3.83350109913E+02   10.5341169            56960  0.12193    
      135300  -1.18959366         1121049.        0.000000       -810.4720     -3.44549196321E+07  8.98784656307E+04 -3.83350109399E+02   10.5355326            56893  0.12269    
      135400  -1.18944237         1121196.        0.000000       -807.0912     -3.44556794497E+07  8.98804477603E+04 -3.83350109043E+02   10.5332126            56897  0.11959    
      135500  -1.19022049         1121307.        0.000000       -808.2000     -3.44613748861E+07  8.98953048510E+04 -3.83350108698E+02   10.5341037            56895  0.12077    
      135600  -1.19058474         1121347.        0.000000       -805.9475     -3.44628479128E+07  8.98991471507E+04 -3.83350109595E+02   10.5346106            56899  0.12368    
      135700  -1.19088367         1121379.        0.000000       -804.4373     -3.44620968862E+07  8.98971879997E+04 -3.83350109753E+02   10.5359512            56873  0.12186    
      135800  -1.19051589         1121345.        0.000000       -804.6297     -3.44565905629E+07  8.98828242425E+04 -3.83350110027E+02   10.5350159            56929  0.12680    
      135900  -1.19042884         1121186.        0.000000       -801.5013     -3.44504495439E+07  8.98668048741E+04 -3.83350110112E+02   10.5345996            56872  0.11978    
      136000  -1.18962849         1121055.        0.000000       -802.5373     -3.44481950441E+07  8.98609239803E+04 -3.83350109461E+02   10.5347508            56866  0.11918    
      136100  -1.18902955         1120916.        0.000000       -806.4049     -3.44477278711E+07  8.98597051619E+04 -3.83350110142E+02   10.5347627            56873  0.12328    
      136200  -1.18841117         1120917.        0.000000       -804.1204     -3.44453319806E+07  8.98534552250E+04 -3.83350110403E+02   10.5344792            56823  0.12206    
      136300  -1.18929540         1121109.        0.000000       -805.8889     -3.44475417797E+07  8.98592195531E+04 -3.83350110885E+02   10.5348047            56805  0.12702    
      136400  -1.19007463         1121224.        0.000000       -805.8138     -3.44478964672E+07  8.98601447422E+04 -3.83350111065E+02   10.5345736            56835  0.11998    
      136500  -1.18966624         1121153.        0.000000       -809.7994     -3.44460585737E+07  8.98553504334E+04 -3.83350111124E+02   10.5340348            56852  0.12296    
      136600  -1.18919095         1120922.        0.000000       -811.3356     -3.44441016938E+07  8.98502458336E+04 -3.83350110779E+02   10.5349020            56807  0.12646    
      136700  -1.18944921         1121090.        0.000000       -813.4704     -3.44428763512E+07  8.98470493626E+04 -3.83350111057E+02   10.5351427            56831  0.12408    
      136800  -1.18932973         1120983.        0.000000       -811.3106     -3.44394407915E+07  8.98380874372E+04 -3.83350111005E+02   10.5355339            56845  0.12724    
      136900  -1.18880117         1120870.        0.000000       -810.1729     -3.44341750513E+07  8.98243511400E+04 -3.83350111794E+02   10.5352947            56888  0.12335    
      137000  -1.18790683         1120651.        0.000000       -808.4630     -3.44337007003E+07  8.98231138896E+04 -3.83350111226E+02   10.5337735            56862  0.11990    
      137100  -1.18758934         1120714.        0.000000       -812.7267     -3.44386378766E+07  8.98359931704E+04 -3.83350110142E+02   10.5337470            56874  0.12377    
      137200  -1.18797436         1120869.        0.000000       -812.2024     -3.44449588519E+07  8.98524819446E+04 -3.83350110163E+02   10.5341172            56869  0.12037    
      137300  -1.18907536         1121145.        0.000000       -812.8624     -3.44501579794E+07  8.98660442308E+04 -3.83350110426E+02   10.5329072            56921  0.12767    
      137400  -1.18950985         1121122.        0.000000       -813.0573     -3.44576598013E+07  8.98856134422E+04 -3.83350110009E+02   10.5327048            56892  0.11919    
      137500  -1.18936223         1120990.        0.000000       -812.2530     -3.44621189191E+07  8.98972454073E+04 -3.83350110039E+02   10.5354990            56889  0.12346    
      137600  -1.18925045         1120979.        0.000000       -812.0542     -3.44589341886E+07  8.98889378113E+04 -3.83350109898E+02   10.5353323            56822  0.12037    
      137700  -1.18922374         1121030.        0.000000       -812.3947     -3.44560298141E+07  8.98813615663E+04 -3.83350109674E+02   10.5354563            56833  0.12831    
      137800  -1.18905527         1120907.        0.000000       -815.4725     -3.44543340122E+07  8.98769379351E+04 -3.83350109648E+02   10.5347793            56745  0.12365    
      137900  -1.18922522         1121123.        0.000000       -815.3137     -3.44548040691E+07  8.98781642270E+04 -3.83350109178E+02   10.5340044            56856  0.12199    
      138000  -1.19033663         1121360.        0.000000       -812.4514     -3.44597429996E+07  8.98910478072E+04 -3.83350109274E+02   10.5338091            56874  0.12699    
      138100  -1.19053858         1121371.        0.000000       -812.7937     -3.44621874232E+07  8.98974242323E+04 -3.83350109500E+02   10.5341146            56840  0.12314    
      138200  -1.19010885         1121197.        0.000000       -812.5911     -3.44585173396E+07  8.98878504894E+04 -3.83350109631E+02   10.5345606            56825  0.12258    
      138300  -1.19029088         1121279.        0.000000       -816.1623     -3.44606426819E+07  8.98933944542E+04 -3.83350110329E+02   10.5345725            56893  0.12830    
      138400  -1.19026173         1121212.        0.000000       -817.7155     -3.44608847055E+07  8.98940259149E+04 -3.83350109807E+02   10.5346550            56886  0.11942    
      138500  -1.18980150         1121142.        0.000000       -810.7983     -3.44564831902E+07  8.98825441584E+04 -3.83350110000E+02   10.5351820            56906  0.12377    
      138600  -1.18957098         1121051.        0.000000       -814.0986     -3.44557016179E+07  8.98805054728E+04 -3.83350109533E+02   10.5352970            56892  0.12002    
      138700  -1.18924243         1121010.        0.000000       -815.6534     -3.44552698998E+07  8.98793794470E+04 -3.83350108911E+02   10.5346024            56873  0.12012    
      138800  -1.18916937         1121134.        0.000000       -816.3443     -3.44577085680E+07  8.98857408050E+04 -3.83350109365E+02   10.5332196            56903  0.12504    
      138900  -1.19061356         1121512.        0.000000       -818.3197     -3.44657618843E+07  8.99067486982E+04 -3.83350108677E+02   10.5333981            56891  0.12352    
      139000  -1.19164795         1121586.        0.000000       -818.7576     -3.44706303265E+07  8.99194481993E+04 -3.83350109646E+02   10.5342903            56867  0.13048    
      139100  -1.19108897         1121286.        0.000000       -813.4108     -3.44641206256E+07  8.99024669652E+04 -3.83350110280E+02   10.5367366            56842  0.12252    
      139200  -1.19007051         1121062.        0.000000       -815.0890     -3.44581447922E+07  8.98868785987E+04 -3.83350109931E+02   10.5359906            56855  0.12451    
      139300  -1.18924359         1121086.        0.000000       -814.4483     -3.44504239131E+07  8.98667380808E+04 -3.83350109828E+02   10.5343024            56888  0.12001    
      139400  -1.18932235         1120894.        0.000000       -813.2580     -3.44511936151E+07  8.98687456614E+04 -3.83350110892E+02   10.5360685            56836  0.12060    
      139500  -1.18898547         1121029.        0.000000       -815.5132     -3.44503594797E+07  8.98665696958E+04 -3.83350111129E+02   10.5338535            56835  0.12585    
      139600  -1.18971917         1121159.        0.000000       -816.0919     -3.44553035118E+07  8.98794665527E+04 -3.83350111358E+02   10.5334685            56811  0.12089    
      139700  -1.18948386         1121050.        0.000000       -815.1193     -3.44578555932E+07  8.98861238304E+04 -3.83350111506E+02   10.5354990            56787  0.12473    
      139800  -1.18915862         1121075.        0.000000       -812.8640     -3.44525368221E+07  8.98722496453E+04 -3.83350110385E+02   10.5343552            56862  0.12495    
      139900  -1.19003727         1121180.        0.000000       -816.3161     -3.44560402052E+07  8.98813886700E+04 -3.83350109683E+02   10.5344722            56878  0.11916    
      140000  -1.18991297         1121137.        0.000000       -814.8797     -3.44618052069E+07  8.98964272730E+04 -3.83350109146E+02   10.5335758            56798  0.12547    
      140100  -1.18964146         1121162.        0.000000       -811.0056     -3.44639031228E+07  8.99019000725E+04 -3.83350108229E+02   10.5345110            56778  0.12137    
      140200  -1.18978249         1121134.        0.000000       -809.9344     -3.44639480621E+07  8.99020173870E+04 -3.83350107859E+02   10.5353080            56810  0.12505    
      140300  -1.18975117         1121095.        0.000000       -810.7370     -3.44614577496E+07  8.98955210956E+04 -3.83350108321E+02   10.5355255            56845  0.11925    
      140400  -1.18914506         1121086.        0.000000       -813.8539     -3.44538462556E+07  8.98756658369E+04 -3.83350108561E+02   10.5340175            56845  0.12016    
      140500  -1.18962950         1121204.        0.000000       -812.7841     -3.44557218465E+07  8.98805584033E+04 -3.83350108839E+02   10.5338320            56833  0.13353    
      140600  -1.19015398         1121151.        0.000000       -811.9130     -3.44568524957E+07  8.98835077204E+04 -3.83350109154E+02   10.5354805            56875  0.12021    
      140700  -1.18937911         1120872.        0.000000       -809.6676     -3.44476956395E+07  8.98596210931E+04 -3.83350110099E+02   10.5370539            56878  0.12360    
      140800  -1.18850505         1120880.        0.000000       -809.8305     -3.44373779280E+07  8.98327064268E+04 -3.83350110420E+02   10.5346273            56948  0.11979    
      140900  -1.18900999         1121055.        0.000000       -811.5067     -3.44407544477E+07  8.98415140484E+04 -3.83350111722E+02   10.5327715            56918  0.12082    
      141000  -1.18969640         1121200.        0.000000       -810.5824     -3.44468399738E+07  8.98573885375E+04 -3.83350112155E+02   10.5337964            56941  0.12449    
      141100  -1.18982634         1121113.        0.000000       -812.6698     -3.44488128006E+07  8.98625349937E+04 -3.83350111401E+02   10.5346145            56919  0.11995    
      141200  -1.18930194         1121022.        0.000000       -812.7885     -3.44474836856E+07  8.98590680279E+04 -3.83350110808E+02   10.5345505            56878  0.12508    
      141300  -1.18935314         1121128.        0.000000       -812.4577     -3.44462905111E+07  8.98559558265E+04 -3.83350109565E+02   10.5352555            56932  0.12103    
      141400  -1.18946739         1121062.        0.000000       -811.5297     -3.44438359504E+07  8.98495527682E+04 -3.83350110148E+02   10.5343270            56894  0.12398    
      141500  -1.18924374         1121049.        0.000000       -812.1816     -3.44473318787E+07  8.98586720769E+04 -3.83350110597E+02   10.5340406            56902  0.12002    
      141600  -1.18926862         1121066.        0.000000       -808.3381     -3.44486720313E+07  8.98621680792E+04 -3.83350110149E+02   10.5340029            56867  0.11925    
      141700  -1.18903464         1120936.        0.000000       -807.5746     -3.44484096112E+07  8.98614836285E+04 -3.83350109749E+02   10.5360943            56855  0.12392    
      141800  -1.18867467         1120910.        0.000000       -808.8011     -3.44440534040E+07  8.98501200798E+04 -3.83350109865E+02   10.5339014            56812  0.11929    
      141900  -1.18886627         1120908.        0.000000       -811.5213     -3.44492908526E+07  8.98637825293E+04 -3.83350109277E+02   10.5348778            56817  0.12295    
      142000  -1.18865538         1120910.        0.000000       -812.2262     -3.44510202717E+07  8.98682939084E+04 -3.83350109070E+02   10.5348202            56857  0.11927    
      142100  -1.18827808         1120866.        0.000000       -812.4492     -3.44473296346E+07  8.98586666326E+04 -3.83350108848E+02   10.5343251            56834  0.12119    
      142200  -1.18848684         1120878.        0.000000       -813.5309     -3.44486781887E+07  8.98621843662E+04 -3.83350109188E+02   10.5349367            56809  0.12405    
      142300  -1.18893154         1121032.        0.000000       -812.4755     -3.44502233694E+07  8.98662149343E+04 -3.83350109878E+02   10.5342989            56795  0.11942    
      142400  -1.18951479         1121164.        0.000000       -813.8760     -3.44563598530E+07  8.98822223819E+04 -3.83350110177E+02   10.5334976            56816  0.12737    
      142500  -1.19037978         1121224.        0.000000       -815.8205     -3.44607645587E+07  8.98937124526E+04 -3.83350110019E+02   10.5352449            56889  0.12062    
      142600  -1.18947314         1121008.        0.000000       -814.8773     -3.44569805519E+07  8.98838415899E+04 -3.83350109902E+02   10.5349045            56829  0.11984    
      142700  -1.18912065         1121057.        0.000000       -814.3419     -3.44563791089E+07  8.98822725935E+04 -3.83350110257E+02   10.5338274            56827  0.12505    
      142800  -1.18961508         1121195.        0.000000       -815.6622     -3.44616945381E+07  8.98961384640E+04 -3.83350109659E+02   10.5337770            56853  0.12153    
      142900  -1.19019236         1121191.        0.000000       -818.2463     -3.44658895236E+07  8.99070815413E+04 -3.83350109165E+02   10.5341163            56805  0.12638    
      143000  -1.19002646         1121209.        0.000000       -817.0090     -3.44707542246E+07  8.99197715520E+04 -3.83350108988E+02   10.5344057            56872  0.11968    
      143100  -1.18987076         1121151.        0.000000       -818.1177     -3.44675477581E+07  8.99114072595E+04 -3.83350108832E+02   10.5359550            56936  0.12618    
      143200  -1.18914773         1120882.        0.000000       -815.8298     -3.44600117085E+07  8.98917487293E+04 -3.83350109388E+02   10.5358351            56875  0.12649    
      143300  -1.18801757         1120760.        0.000000       -812.4356     -3.44534891722E+07  8.98747342001E+04 -3.83350109225E+02   10.5344362            56870  0.12020    
      143400  -1.18825370         1120957.        0.000000       -811.9105     -3.44556777909E+07  8.98804433619E+04 -3.83350109346E+02   10.5337123            56834  0.12464    
      143500  -1.18912802         1121128.        0.000000       -812.3728     -3.44607586710E+07  8.98936971464E+04 -3.83350109796E+02   10.5335069            56881  0.12049    
      143600  -1.18947747         1121124.        0.000000       -813.8172     -3.44637171894E+07  8.99014147264E+04 -3.83350109610E+02   10.5350201            56852  0.12536    
      143700  -1.18935242         1121048.        0.000000       -814.4748     -3.44638407304E+07  8.99017371386E+04 -3.83350108990E+02   10.5342557            56893  0.11950    
      143800  -1.18937189         1121067.        0.000000       -812.2049     -3.44654297297E+07  8.99058822354E+04 -3.83350108722E+02   10.5342951            56881  0.11983    
      143900  -1.18945309         1121134.        0.000000       -811.7503     -3.44653386538E+07  8.99056446615E+04 -3.83350108701E+02   10.5338252            56904  0.12684    
      144000  -1.18937427         1121045.        0.000000       -810.1955     -3.44652142408E+07  8.99053198605E+04 -3.83350109808E+02   10.5355019            56905  0.12354    
      144100  -1.18918851         1120986.        0.000000       -808.1851     -3.44620236826E+07  8.98969968604E+04 -3.83350110529E+02   10.5350119            56894  0.12324    
      144200  -1.18899271         1120960.        0.000000       -807.6594     -3.44577471826E+07  8.98858414315E+04 -3.83350109804E+02   10.5352845            56952  0.12024    
      144300  -1.18853768         1120770.        0.000000       -808.6667     -3.44544486678E+07  8.98772370616E+04 -3.83350109486E+02   10.5354779            56897  0.12135    
      144400  -1.18813463         1120874.        0.000000       -811.3616     -3.44524099716E+07  8.98719190072E+04 -3.83350109268E+02   10.5332494            56938  0.12581    
      144500  -1.18965480         1121267.        0.000000       -812.2656     -3.44640547122E+07  8.99022950534E+04 -3.83350110158E+02   10.5333050            56942  0.12060    
      144600  -1.19042646         1121222.        0.000000       -811.8412     -3.44712011688E+07  8.99209372559E+04 -3.83350109783E+02   10.5347768            56924  0.12563    
      144700  -1.19012002         1121159.        0.000000       -812.9850     -3.44686111230E+07  8.99141811744E+04 -3.83350108657E+02   10.5351311            56876  0.11973    
      144800  -1.18936873         1121009.        0.000000       -813.4221     -3.44609960626E+07  8.98943168009E+04 -3.83350108093E+02   10.5352754            56889  0.12038    
      144900  -1.18919584         1121051.        0.000000       -813.0016     -3.44603849774E+07  8.98927227005E+04 -3.83350108241E+02   10.5345089            56913  0.12625    
      145000  -1.18936281         1121138.        0.000000       -812.2751     -3.44608220110E+07  8.98938626576E+04 -3.83350108586E+02   10.5341810            56894  0.12053    
      145100  -1.18983562         1121145.        0.000000       -808.2166     -3.44617330985E+07  8.98962392284E+04 -3.83350108906E+02   10.5344158            56841  0.12492    
      145200  -1.19015337         1121391.        0.000000       -806.6504     -3.44618804651E+07  8.98966235098E+04 -3.83350109488E+02   10.5337834            56892  0.12063    
      145300  -1.19054135         1121294.        0.000000       -806.2323     -3.44617545330E+07  8.98962948780E+04 -3.83350110032E+02   10.5357558            56894  0.11871    
      145400  -1.19019388         1121189.        0.000000       -806.0481     -3.44576022373E+07  8.98854631885E+04 -3.83350110407E+02   10.5351114            56913  0.12292    
      145500  -1.18901015         1120829.        0.000000       -805.7827     -3.44527634467E+07  8.98728409375E+04 -3.83350109858E+02   10.5358759            56876  0.12022    
      145600  -1.18847602         1120905.        0.000000       -807.0975     -3.44510408068E+07  8.98683472192E+04 -3.83350110164E+02   10.5338901            56873  0.12718    
      145700  -1.18879976         1121002.        0.000000       -809.5028     -3.44546300650E+07  8.98777100302E+04 -3.83350110427E+02   10.5336651            56909  0.12013    
      145800  -1.18954938         1121228.        0.000000       -808.0300     -3.44642337516E+07  8.99027621511E+04 -3.83350109907E+02   10.5337629            56899  0.12091    
      145900  -1.18969141         1121104.        0.000000       -809.9734     -3.44670150809E+07  8.99100176777E+04 -3.83350109044E+02   10.5342338            56883  0.12188    
      146000  -1.18909082         1120969.        0.000000       -807.3656     -3.44650350442E+07  8.99048526036E+04 -3.83350108988E+02   10.5347509            56891  0.11989    
      146100  -1.18937702         1121070.        0.000000       -807.5321     -3.44644622005E+07  8.99033582661E+04 -3.83350109108E+02   10.5348368            56920  0.12612    
      146200  -1.18937672         1120994.        0.000000       -811.6781     -3.44613457364E+07  8.98952287437E+04 -3.83350108988E+02   10.5349184            56889  0.11950    
      146300  -1.18935180         1121068.        0.000000       -809.2936     -3.44594962843E+07  8.98904041634E+04 -3.83350109559E+02   10.5347995            56911  0.12466    
      146400  -1.19027262         1121361.        0.000000       -809.9967     -3.44617884239E+07  8.98963833239E+04 -3.83350109867E+02   10.5348555            56944  0.11815    
      146500  -1.19064851         1121271.        0.000000       -810.3014     -3.44621986409E+07  8.98974534458E+04 -3.83350109708E+02   10.5343938            56924  0.12478    
      146600  -1.19030214         1121207.        0.000000       -806.6533     -3.44625650512E+07  8.98984094292E+04 -3.83350108973E+02   10.5348344            56828  0.12460    
      146700  -1.18975141         1121115.        0.000000       -804.8248     -3.44631815411E+07  8.99000176409E+04 -3.83350108771E+02   10.5344192            56739  0.11915    
      146800  -1.18983898         1121271.        0.000000       -802.4173     -3.44633286704E+07  8.99004013169E+04 -3.83350109294E+02   10.5333958            56778  0.13093    
      146900  -1.18984850         1121145.        0.000000       -802.7178     -3.44627430293E+07  8.98988734862E+04 -3.83350109882E+02   10.5352762            56817  0.11964    
      147000  -1.18965544         1121135.        0.000000       -802.3468     -3.44605457733E+07  8.98931414919E+04 -3.83350111047E+02   10.5349421            56829  0.11950    
      147100  -1.18995000         1121210.        0.000000       -802.2947     -3.44600332871E+07  8.98918046475E+04 -3.83350110972E+02   10.5343405            56841  0.13037    
      147200  -1.19004586         1121148.        0.000000       -806.8480     -3.44618310467E+07  8.98964941960E+04 -3.83350111202E+02   10.5349972            56888  0.12521    
      147300  -1.18930565         1120970.        0.000000       -806.7873     -3.44560273997E+07  8.98813549353E+04 -3.83350111094E+02   10.5353393            56819  0.12415    
      147400  -1.18893908         1121018.        0.000000       -806.7322     -3.44520737648E+07  8.98710416498E+04 -3.83350110697E+02   10.5344782            56802  0.12067    
      147500  -1.18897701         1120924.        0.000000       -807.8929     -3.44519902340E+07  8.98708237127E+04 -3.83350110868E+02   10.5345183            56779  0.11966    
      147600  -1.18915855         1121052.        0.000000       -804.9462     -3.44495275064E+07  8.98643995114E+04 -3.83350110764E+02   10.5363296            56864  0.12498    
      147700  -1.18881858         1120885.        0.000000       -805.3808     -3.44418128854E+07  8.98442752319E+04 -3.83350111029E+02   10.5355287            56840  0.12028    
      147800  -1.18864603         1120921.        0.000000       -806.7424     -3.44361831860E+07  8.98295897115E+04 -3.83350110989E+02   10.5354730            56862  0.12171    
      147900  -1.18918904         1121008.        0.000000       -806.5745     -3.44385782282E+07  8.98358373162E+04 -3.83350111237E+02   10.5331719            56793  0.12192    
      148000  -1.18914872         1121037.        0.000000       -804.7252     -3.44428184662E+07  8.98468983124E+04 -3.83350111280E+02   10.5353337            56820  0.12163    
      148100  -1.18969622         1121172.        0.000000       -805.5667     -3.44444247544E+07  8.98510884407E+04 -3.83350111303E+02   10.5337934            56870  0.12326    
      148200  -1.18949724         1121016.        0.000000       -806.6706     -3.44459386600E+07  8.98550375762E+04 -3.83350111348E+02   10.5343774            56863  0.11969    
      148300  -1.18900264         1120917.        0.000000       -808.0526     -3.44484414971E+07  8.98615665098E+04 -3.83350111011E+02   10.5355099            56850  0.12349    
      148400  -1.18882174         1120945.        0.000000       -807.3544     -3.44449539143E+07  8.98524689128E+04 -3.83350110810E+02   10.5338137            56802  0.11917    
      148500  -1.18914942         1121096.        0.000000       -805.7163     -3.44478648378E+07  8.98600624489E+04 -3.83350110149E+02   10.5355618            56858  0.12467    
      148600  -1.18953239         1121165.        0.000000       -803.5839     -3.44471368474E+07  8.98581636287E+04 -3.83350109287E+02   10.5336713            56818  0.11970    
      148700  -1.18996716         1121252.        0.000000       -806.3378     -3.44499660416E+07  8.98655439162E+04 -3.83350108844E+02   10.5339458            56825  0.12000    
      148800  -1.18995636         1121146.        0.000000       -804.4265     -3.44506744495E+07  8.98673916903E+04 -3.83350109550E+02   10.5347598            56822  0.12640    
      148900  -1.18924473         1120903.        0.000000       -806.9261     -3.44502011422E+07  8.98661571132E+04 -3.83350109195E+02   10.5349609            56840  0.11919    
      149000  -1.18846896         1120921.        0.000000       -804.1747     -3.44458405840E+07  8.98547822740E+04 -3.83350109057E+02   10.5346762            56950  0.12740    
      149100  -1.18881804         1120972.        0.000000       -807.4181     -3.44480871602E+07  8.98606426565E+04 -3.83350109034E+02   10.5336165            56897  0.12338    
      149200  -1.18903609         1120972.        0.000000       -808.8091     -3.44553051472E+07  8.98794713925E+04 -3.83350108912E+02   10.5340107            56888  0.12033    
      149300  -1.18931490         1121119.        0.000000       -807.6305     -3.44582313932E+07  8.98871046261E+04 -3.83350109413E+02   10.5345130            56886  0.12566    
      149400  -1.18928138         1121121.        0.000000       -806.7832     -3.44597295042E+07  8.98910127378E+04 -3.83350108701E+02   10.5333811            56860  0.12323    
      149500  -1.18979792         1121230.        0.000000       -808.9949     -3.44647830285E+07  8.99041954145E+04 -3.83350108075E+02   10.5332361            56848  0.12647    
      149600  -1.19018360         1121159.        0.000000       -805.4496     -3.44655088968E+07  8.99060888029E+04 -3.83350108493E+02   10.5369440            56875  0.12298    
      149700  -1.18952640         1121066.        0.000000       -801.1297     -3.44578225463E+07  8.98860382025E+04 -3.83350109042E+02   10.5345814            56843  0.11936    
      149800  -1.18969952         1121237.        0.000000       -800.1219     -3.44597898951E+07  8.98911700310E+04 -3.83350109730E+02   10.5347281            56853  0.12580    
      149900  -1.19033812         1121276.        0.000000       -802.5001     -3.44564557352E+07  8.98824724461E+04 -3.83350110399E+02   10.5351495            56899  0.12319    
      150000  -1.19028690         1121297.        0.000000       -802.7628     -3.44511706188E+07  8.98686855447E+04 -3.83350111443E+02   10.5350150            56951  0.12470    
      150100  -1.18981170         1121147.        0.000000       -802.2498     -3.44476554409E+07  8.98595160976E+04 -3.83350110671E+02   10.5340779            56901  0.11879    
      150200  -1.18922266         1121007.        0.000000       -800.2229     -3.44484512968E+07  8.98615923813E+04 -3.83350109696E+02   10.5356367            56853  0.11953    
      150300  -1.18840929         1120751.        0.000000       -799.8785     -3.44431394486E+07  8.98477360645E+04 -3.83350109388E+02   10.5347159            56820  0.12359    
      150400  -1.18839337         1120945.        0.000000       -800.5651     -3.44460202068E+07  8.98552509599E+04 -3.83350108523E+02   10.5329397            56764  0.11934    
      150500  -1.18952356         1121199.        0.000000       -802.7986     -3.44562949960E+07  8.98820535016E+04 -3.83350108878E+02   10.5331594            56785  0.12681    
      150600  -1.19021669         1121300.        0.000000       -802.3495     -3.44635483308E+07  8.99009743065E+04 -3.83350109347E+02   10.5345237            56855  0.11988    
      150700  -1.19013011         1121191.        0.000000       -799.8601     -3.44616817660E+07  8.98961052883E+04 -3.83350109056E+02   10.5343364            56833  0.12676    
      150800  -1.18929946         1120910.        0.000000       -799.7687     -3.44598179113E+07  8.98912433608E+04 -3.83350108675E+02   10.5357622            56831  0.12042    
      150900  -1.18887779         1120947.        0.000000       -800.9705     -3.44604391598E+07  8.98928639508E+04 -3.83350108621E+02   10.5341851            56776  0.11990    
      151000  -1.18917370         1121059.        0.000000       -800.0791     -3.44641303402E+07  8.99024926563E+04 -3.83350108789E+02   10.5347290            56849  0.12497    
      151100  -1.18933907         1121039.        0.000000       -802.4870     -3.44653175394E+07  8.99055895503E+04 -3.83350108840E+02   10.5341039            56859  0.11992    
      151200  -1.18918047         1121007.        0.000000       -801.2906     -3.44691301155E+07  8.99155348886E+04 -3.83350109169E+02   10.5349853            56857  0.12712    
      151300  -1.18923643         1121049.        0.000000       -798.6758     -3.44626437966E+07  8.98986147188E+04 -3.83350109502E+02   10.5353620            56937  0.12152    
      151400  -1.18962142         1121155.        0.000000       -798.0278     -3.44597638010E+07  8.98911018678E+04 -3.83350110133E+02   10.5344648            56931  0.11950    
      151500  -1.18965036         1121050.        0.000000       -799.2093     -3.44620588678E+07  8.98970887167E+04 -3.83350110218E+02   10.5347916            56881  0.12506    
      151600  -1.18907463         1121022.        0.000000       -799.0734     -3.44578192584E+07  8.98860294198E+04 -3.83350109920E+02   10.5348183            56869  0.12592    
      151700  -1.18924737         1121168.        0.000000       -797.1435     -3.44584744664E+07  8.98877387687E+04 -3.83350109130E+02   10.5337216            56885  0.12681    
      151800  -1.18971970         1121167.        0.000000       -798.0397     -3.44620978342E+07  8.98971906137E+04 -3.83350109151E+02   10.5347309            56808  0.12107    
      151900  -1.19008389         1121225.        0.000000       -796.2860     -3.44610657849E+07  8.98944985519E+04 -3.83350108627E+02   10.5351005            56849  0.12106    
      152000  -1.18974608         1121126.        0.000000       -798.6397     -3.44589971594E+07  8.98891024833E+04 -3.83350108160E+02   10.5348213            56815  0.12364    
      152100  -1.18953789         1121116.        0.000000       -797.3875     -3.44557196770E+07  8.98805528323E+04 -3.83350108464E+02   10.5345747            56845  0.12000    
      152200  -1.19006369         1121348.        0.000000       -797.3911     -3.44590624530E+07  8.98892727294E+04 -3.83350108491E+02   10.5328160            56825  0.12548    
      152300  -1.19028134         1121190.        0.000000       -798.9857     -3.44670133762E+07  8.99100132997E+04 -3.83350108751E+02   10.5343092            56799  0.12157    
      152400  -1.19024835         1121270.        0.000000       -798.5601     -3.44689899068E+07  8.99151691599E+04 -3.83350109096E+02   10.5346650            56838  0.12449    
      152500  -1.18963170         1121069.        0.000000       -795.7922     -3.44619916336E+07  8.98969134887E+04 -3.83350109544E+02   10.5360500            56777  0.11975    
      152600  -1.18930396         1121111.        0.000000       -799.1223     -3.44548760755E+07  8.98783519936E+04 -3.83350109468E+02   10.5342806            56805  0.12042    
      152700  -1.18984706         1121199.        0.000000       -795.5051     -3.44578599378E+07  8.98861355809E+04 -3.83350109727E+02   10.5336600            56775  0.13002    
      152800  -1.19012393         1121193.        0.000000       -798.7085     -3.44623112433E+07  8.98977470334E+04 -3.83350110326E+02   10.5356078            56791  0.12405    
      152900  -1.18998946         1121198.        0.000000       -802.1275     -3.44616674227E+07  8.98960676169E+04 -3.83350110147E+02   10.5333669            56816  0.12502    
      153000  -1.18969524         1121166.        0.000000       -803.1429     -3.44640657079E+07  8.99023237694E+04 -3.83350110019E+02   10.5347262            56817  0.12520    
      153100  -1.18944902         1121071.        0.000000       -804.8884     -3.44640403012E+07  8.99022573492E+04 -3.83350110636E+02   10.5347542            56823  0.11961    
      153200  -1.18937001         1121065.        0.000000       -802.0334     -3.44599995271E+07  8.98917166243E+04 -3.83350110790E+02   10.5343014            56824  0.12539    
      153300  -1.18960707         1121257.        0.000000       -802.4538     -3.44600765221E+07  8.98919174775E+04 -3.83350110768E+02   10.5337413            56830  0.12022    
      153400  -1.19072513         1121511.        0.000000       -804.5406     -3.44657003713E+07  8.99065877142E+04 -3.83350110904E+02   10.5340733            56919  0.12281    
      153500  -1.19095309         1121374.        0.000000       -805.2854     -3.44684526909E+07  8.99137674870E+04 -3.83350110380E+02   10.5344298            56884  0.12519    
      153600  -1.19053821         1121266.        0.000000       -804.8724     -3.44634851694E+07  8.99008093587E+04 -3.83350110141E+02   10.5364028            56941  0.11933    
      153700  -1.18991354         1121050.        0.000000       -805.2049     -3.44594657715E+07  8.98903247538E+04 -3.83350108768E+02   10.5346884            56919  0.12295    
      153800  -1.18932179         1121101.        0.000000       -806.3717     -3.44595479538E+07  8.98905387888E+04 -3.83350110236E+02   10.5339669            56921  0.11941    
      153900  -1.19002117         1121200.        0.000000       -804.8250     -3.44639623655E+07  8.99020541313E+04 -3.83350110279E+02   10.5346279            56903  0.12326    
      154000  -1.18967198         1121028.        0.000000       -806.3027     -3.44615615832E+07  8.98957913818E+04 -3.83350110761E+02   10.5357421            56864  0.11948    
      154100  -1.18911080         1120892.        0.000000       -806.9540     -3.44601123154E+07  8.98920109483E+04 -3.83350110336E+02   10.5349537            56825  0.12030    
      154200  -1.18832465         1120783.        0.000000       -810.1167     -3.44570474200E+07  8.98840157601E+04 -3.83350111013E+02   10.5341915            56848  0.12470    
      154300  -1.18784569         1120734.        0.000000       -807.8397     -3.44544729262E+07  8.98773001207E+04 -3.83350110427E+02   10.5356957            56880  0.12061    
      154400  -1.18820871         1120729.        0.000000       -805.7405     -3.44528785174E+07  8.98731410386E+04 -3.83350110158E+02   10.5346619            56828  0.12272    
      154500  -1.18805695         1120747.        0.000000       -805.4675     -3.44520331126E+07  8.98709358147E+04 -3.83350109802E+02   10.5347281            56860  0.11978    
      154600  -1.18783930         1120708.        0.000000       -807.5915     -3.44531485469E+07  8.98738455022E+04 -3.83350109861E+02   10.5340920            56815  0.12030    
      154700  -1.18830221         1121057.        0.000000       -806.0401     -3.44593809318E+07  8.98901031979E+04 -3.83350109810E+02   10.5328028            56836  0.12540    
      154800  -1.19040925         1121422.        0.000000       -807.3756     -3.44735872486E+07  8.99271615226E+04 -3.83350109855E+02   10.5338572            56876  0.11972    
      154900  -1.19060942         1121250.        0.000000       -808.9287     -3.44730809352E+07  8.99258410020E+04 -3.83350108835E+02   10.5342326            56842  0.12836    
      155000  -1.19002429         1121190.        0.000000       -809.5964     -3.44703903153E+07  8.99188221758E+04 -3.83350109367E+02   10.5348600            56902  0.12251    
      155100  -1.19016527         1121182.        0.000000       -808.9572     -3.44720225873E+07  8.99230801173E+04 -3.83350109253E+02   10.5345194            56821  0.12427    
      155200  -1.19015639         1121321.        0.000000       -807.7441     -3.44749258996E+07  8.99306537085E+04 -3.83350108978E+02   10.5342221            56875  0.12025    
      155300  -1.19040358         1121224.        0.000000       -808.2988     -3.44749921498E+07  8.99308266086E+04 -3.83350108632E+02   10.5354897            56921  0.12005    
      155400  -1.18971149         1121160.        0.000000       -807.0670     -3.44692734869E+07  8.99159090294E+04 -3.83350108551E+02   10.5344059            56854  0.12568    
      155500  -1.18947606         1121065.        0.000000       -807.6839     -3.44644908658E+07  8.99034331264E+04 -3.83350108748E+02   10.5345396            56896  0.11950    
      155600  -1.18952078         1121077.        0.000000       -806.4046     -3.44660626481E+07  8.99075331199E+04 -3.83350109297E+02   10.5347999            56895  0.12417    
      155700  -1.18932299         1121102.        0.000000       -806.3159     -3.44637098002E+07  8.99013953919E+04 -3.83350109862E+02   10.5340887            56885  0.11975    
      155800  -1.18939587         1120990.        0.000000       -806.7390     -3.44623542963E+07  8.98978594952E+04 -3.83350109667E+02   10.5350934            56858  0.12027    
      155900  -1.18864371         1120888.        0.000000       -809.4479     -3.44562584822E+07  8.98819581426E+04 -3.83350109346E+02   10.5347055            56849  0.12886    
      156000  -1.18914994         1121091.        0.000000       -811.3430     -3.44609125069E+07  8.98940985797E+04 -3.83350109200E+02   10.5337432            56867  0.12042    
      156100  -1.18943521         1121074.        0.000000       -810.3100     -3.44642602723E+07  8.99028316411E+04 -3.83350108592E+02   10.5345811            56782  0.12227    
      156200  -1.18952568         1121009.        0.000000       -808.0771     -3.44633203239E+07  8.99003796665E+04 -3.83350108773E+02   10.5364428            56797  0.11962    
      156300  -1.18892501         1120978.        0.000000       -810.8404     -3.44579484274E+07  8.98863663402E+04 -3.83350110038E+02   10.5346580            56801  0.12086    
      156400  -1.18867899         1120938.        0.000000       -809.2739     -3.44549409167E+07  8.98785209584E+04 -3.83350110230E+02   10.5352088            56906  0.12421    
      156500  -1.18894884         1120985.        0.000000       -810.3586     -3.44555906251E+07  8.98802155810E+04 -3.83350111060E+02   10.5344852            56852  0.11960    
      156600  -1.18881145         1120985.        0.000000       -812.5383     -3.44572135171E+07  8.98844491448E+04 -3.83350110559E+02   10.5329888            56770  0.12606    
      156700  -1.18958024         1121161.        0.000000       -811.3501     -3.44657782201E+07  8.99067908308E+04 -3.83350110727E+02   10.5346303            56777  0.12044    
      156800  -1.18964467         1121126.        0.000000       -811.6841     -3.44650511092E+07  8.99048942309E+04 -3.83350110180E+02   10.5348976            56766  0.12023    
      156900  -1.18929833         1121004.        0.000000       -813.3729     -3.44622148444E+07  8.98974956949E+04 -3.83350109789E+02   10.5348186            56713  0.12661    
      157000  -1.18895156         1120957.        0.000000       -818.5582     -3.44630980655E+07  8.98997995415E+04 -3.83350110248E+02   10.5340123            56749  0.11937    
      157100  -1.18887593         1120971.        0.000000       -816.7481     -3.44645813345E+07  8.99036687350E+04 -3.83350110396E+02   10.5346638            56783  0.12790    
      157200  -1.18937841         1121147.        0.000000       -817.2092     -3.44662960688E+07  8.99081417183E+04 -3.83350110570E+02   10.5341697            56820  0.11919    
      157300  -1.18985738         1121170.        0.000000       -817.2405     -3.44678927068E+07  8.99123066027E+04 -3.83350110893E+02   10.5348925            56821  0.12318    
      157400  -1.18929394         1120999.        0.000000       -816.1382     -3.44659895524E+07  8.99073422246E+04 -3.83350110231E+02   10.5349439            56807  0.12236    
      157500  -1.18917371         1121009.        0.000000       -815.2484     -3.44640310849E+07  8.99022334458E+04 -3.83350110046E+02   10.5364348            56856  0.12257    
      157600  -1.18904727         1121011.        0.000000       -814.7790     -3.44569203458E+07  8.98836844525E+04 -3.83350110264E+02   10.5349918            56889  0.12801    
      157700  -1.18952995         1121069.        0.000000       -816.8155     -3.44546710246E+07  8.98778167919E+04 -3.83350110789E+02   10.5363575            56943  0.12072    
      157800  -1.18944466         1121032.        0.000000       -815.4538     -3.44474547225E+07  8.98589926140E+04 -3.83350110217E+02   10.5350734            56900  0.12740    
      157900  -1.18953380         1121180.        0.000000       -816.3486     -3.44487401766E+07  8.98623457748E+04 -3.83350110434E+02   10.5344989            56889  0.12041    
      158000  -1.18992465         1121278.        0.000000       -815.1885     -3.44500627284E+07  8.98657959553E+04 -3.83350109596E+02   10.5336113            56810  0.12174    
      158100  -1.18992600         1121179.        0.000000       -813.3422     -3.44505416606E+07  8.98670453632E+04 -3.83350109279E+02   10.5343765            56825  0.12379    
      158200  -1.19031319         1121240.        0.000000       -812.8677     -3.44520119231E+07  8.98708806571E+04 -3.83350109304E+02   10.5348091            56857  0.12013    
      158300  -1.19009468         1121128.        0.000000       -810.6916     -3.44504308659E+07  8.98667563005E+04 -3.83350109475E+02   10.5347496            56819  0.12531    
      158400  -1.18997641         1121149.        0.000000       -810.6292     -3.44507430899E+07  8.98675708044E+04 -3.83350109294E+02   10.5355447            56860  0.11930    
      158500  -1.18963555         1120978.        0.000000       -807.8755     -3.44486351933E+07  8.98620721423E+04 -3.83350109473E+02   10.5349151            56798  0.11898    
      158600  -1.18912274         1120917.        0.000000       -808.8139     -3.44490024872E+07  8.98630302870E+04 -3.83350109352E+02   10.5347505            56730  0.12494    
      158700  -1.18884311         1120908.        0.000000       -808.1134     -3.44496334533E+07  8.98646760413E+04 -3.83350110087E+02   10.5340655            56795  0.11954    
      158800  -1.18892914         1120866.        0.000000       -805.9549     -3.44513499945E+07  8.98691536796E+04 -3.83350110510E+02   10.5357165            56819  0.12642    
      158900  -1.18871346         1120898.        0.000000       -805.4921     -3.44499011444E+07  8.98653741989E+04 -3.83350110669E+02   10.5347839            56859  0.12566    
      159000  -1.18890774         1121035.        0.000000       -806.2599     -3.44477366125E+07  8.98597277668E+04 -3.83350110985E+02   10.5348132            56896  0.11962    
      159100  -1.18916546         1121102.        0.000000       -804.6951     -3.44461251167E+07  8.98555240934E+04 -3.83350110794E+02   10.5344718            56905  0.12649    
      159200  -1.19013597         1121252.        0.000000       -803.7142     -3.44508124955E+07  8.98677514756E+04 -3.83350110912E+02   10.5344941            56895  0.11935    
      159300  -1.18991215         1121159.        0.000000       -804.9386     -3.44504917056E+07  8.98669146046E+04 -3.83350111186E+02   10.5351660            56942  0.12472    
      159400  -1.18948612         1120973.        0.000000       -807.8655     -3.44518292641E+07  8.98704038340E+04 -3.83350110763E+02   10.5336687            56876  0.12037    
      159500  -1.18884243         1120931.        0.000000       -808.4100     -3.44544280154E+07  8.98771826457E+04 -3.83350111799E+02   10.5349224            56874  0.12685    
      159600  -1.18847547         1120913.        0.000000       -811.6549     -3.44530123561E+07  8.98734896730E+04 -3.83350112269E+02   10.5345301            56948  0.12605    
      159700  -1.18902493         1120950.        0.000000       -808.8126     -3.44537069154E+07  8.98753015257E+04 -3.83350112106E+02   10.5348750            56903  0.12609    
      159800  -1.18873240         1120974.        0.000000       -808.8861     -3.44555005360E+07  8.98799802881E+04 -3.83350112289E+02   10.5331005            56890  0.12301    
      159900  -1.18962689         1121157.        0.000000       -808.4254     -3.44641918050E+07  8.99026522793E+04 -3.83350111829E+02   10.5335379            56931  0.11979    
      160000  -1.18984640         1121218.        0.000000       -809.2301     -3.44682911404E+07  8.99133458890E+04 -3.83350111150E+02   10.5337359            56969  0.12599    
      160100  -1.18987071         1121152.        0.000000       -808.3188     -3.44684280421E+07  8.99137029479E+04 -3.83350111408E+02   10.5351174            57006  0.12031    
      160200  -1.18947109         1121137.        0.000000       -805.9276     -3.44647879116E+07  8.99042075413E+04 -3.83350110680E+02   10.5342103            56948  0.11987    
      160300  -1.18956440         1120913.        0.000000       -807.3004     -3.44657937802E+07  8.99068314876E+04 -3.83350110441E+02   10.5355025            56856  0.12523    
      160400  -1.18896810         1120907.        0.000000       -805.9488     -3.44612532068E+07  8.98949872755E+04 -3.83350109403E+02   10.5351157            56842  0.11979    
      160500  -1.18891555         1120939.        0.000000       -805.2914     -3.44614258197E+07  8.98954375852E+04 -3.83350109254E+02   10.5354230            56887  0.12417    
      160600  -1.18880475         1120998.        0.000000       -807.0197     -3.44580366862E+07  8.98865966882E+04 -3.83350109535E+02   10.5336748            56908  0.12267    
      160700  -1.18916948         1121008.        0.000000       -805.6992     -3.44627499057E+07  8.98988916986E+04 -3.83350108712E+02   10.5351890            56909  0.12789    
      160800  -1.18974943         1121229.        0.000000       -803.0762     -3.44612460635E+07  8.98949686521E+04 -3.83350109358E+02   10.5341854            56880  0.12506    
      160900  -1.19008483         1121145.        0.000000       -802.4540     -3.44600467761E+07  8.98918400884E+04 -3.83350109890E+02   10.5358119            56913  0.12542    
      161000  -1.18990993         1121269.        0.000000       -803.3472     -3.44605889071E+07  8.98932542659E+04 -3.83350109955E+02   10.5330112            56872  0.12501    
      161100  -1.19024925         1121221.        0.000000       -803.3701     -3.44671010931E+07  8.99102416738E+04 -3.83350110638E+02   10.5342979            56819  0.12425    
      161200  -1.19027939         1121328.        0.000000       -805.7152     -3.44712329450E+07  8.99210200916E+04 -3.83350110017E+02   10.5338818            56813  0.12579    
      161300  -1.19024748         1121295.        0.000000       -805.0973     -3.44710379331E+07  8.99205114193E+04 -3.83350109881E+02   10.5351499            56847  0.12012    
      161400  -1.19003306         1121140.        0.000000       -803.8794     -3.44682878644E+07  8.99133376814E+04 -3.83350109708E+02   10.5351606            56848  0.12020    
      161500  -1.18938663         1120958.        0.000000       -804.6061     -3.44648850259E+07  8.99044611115E+04 -3.83350109659E+02   10.5350718            56823  0.12398    
      161600  -1.18901501         1120919.        0.000000       -807.3036     -3.44622601727E+07  8.98976139657E+04 -3.83350109669E+02   10.5352972            56833  0.11986    
      161700  -1.18856634         1121065.        0.000000       -807.6183     -3.44598295063E+07  8.98912733662E+04 -3.83350109703E+02   10.5333254            56885  0.12681    
      161800  -1.18976948         1121163.        0.000000       -810.6771     -3.44676303220E+07  8.99116225914E+04 -3.83350109013E+02   10.5337958            56936  0.11942    
      161900  -1.19016751         1121299.        0.000000       -810.3138     -3.44733194030E+07  8.99264629640E+04 -3.83350109264E+02   10.5338791            56955  0.12024    
      162000  -1.19006049         1121142.        0.000000       -810.0538     -3.44746919383E+07  8.99300436372E+04 -3.83350107972E+02   10.5347297            56882  0.12191    
      162100  -1.18947193         1121099.        0.000000       -809.9057     -3.44745100553E+07  8.99295691213E+04 -3.83350108225E+02   10.5337787            56849  0.12129    
      162200  -1.18950809         1121068.        0.000000       -808.9242     -3.44765641698E+07  8.99349275173E+04 -3.83350107923E+02   10.5342641            56785  0.12464    
      162300  -1.18937480         1121067.        0.000000       -806.4731     -3.44758080438E+07  8.99329551074E+04 -3.83350107896E+02   10.5354592            56856  0.12402    
      162400  -1.19003091         1121357.        0.000000       -805.2751     -3.44746239325E+07  8.99298662504E+04 -3.83350107922E+02   10.5331935            56865  0.12040    
      162500  -1.19061650         1121264.        0.000000       -805.7148     -3.44774744681E+07  8.99373021688E+04 -3.83350107650E+02   10.5353421            56851  0.12448    
      162600  -1.19009839         1121205.        0.000000       -805.6517     -3.44728444088E+07  8.99252243484E+04 -3.83350107365E+02   10.5350201            56844  0.12094    
      162700  -1.18963223         1120973.        0.000000       -805.6389     -3.44677616474E+07  8.99119656370E+04 -3.83350106998E+02   10.5350516            56790  0.12372    
      162800  -1.18937833         1121141.        0.000000       -809.0600     -3.44710905563E+07  8.99206492346E+04 -3.83350107564E+02   10.5339281            56833  0.12165    
      162900  -1.18986067         1121228.        0.000000       -809.7330     -3.44733540302E+07  8.99265537197E+04 -3.83350107440E+02   10.5346542            56846  0.12071    
      163000  -1.18975353         1121152.        0.000000       -810.2443     -3.44746139468E+07  8.99298400915E+04 -3.83350108392E+02   10.5342792            56808  0.12368    
      163100  -1.18946836         1121099.        0.000000       -809.7368     -3.44725391595E+07  8.99244275676E+04 -3.83350109553E+02   10.5333796            56865  0.12079    
      163200  -1.19007161         1121349.        0.000000       -809.7321     -3.44798913616E+07  8.99436062465E+04 -3.83350110147E+02   10.5333185            56857  0.12823    
      163300  -1.19087281         1121332.        0.000000       -810.2526     -3.44850575140E+07  8.99570826322E+04 -3.83350109907E+02   10.5358480            56917  0.12081    
      163400  -1.19025902         1121177.        0.000000       -809.7619     -3.44769913330E+07  8.99360414072E+04 -3.83350109629E+02   10.5353899            56871  0.12963    
      163500  -1.18985102         1121165.        0.000000       -809.2558     -3.44698605857E+07  8.99174402407E+04 -3.83350109761E+02   10.5352972            56864  0.11978    
      163600  -1.18908654         1120841.        0.000000       -810.3003     -3.44625575695E+07  8.98983895757E+04 -3.83350110410E+02   10.5361104            56866  0.12314    
      163700  -1.18850730         1120845.        0.000000       -810.6275     -3.44585273720E+07  8.98878767509E+04 -3.83350109242E+02   10.5343295            56890  0.12699    
      163800  -1.18860337         1120881.        0.000000       -811.9055     -3.44609831003E+07  8.98942826584E+04 -3.83350109498E+02   10.5344700            56835  0.12022    
      163900  -1.18856850         1121025.        0.000000       -811.7000     -3.44594225909E+07  8.98902119836E+04 -3.83350109322E+02   10.5334746            56799  0.12341    
      164000  -1.18958921         1121196.        0.000000       -815.1524     -3.44684464005E+07  8.99137512033E+04 -3.83350109846E+02   10.5335462            56793  0.12093    
      164100  -1.19007877         1121248.        0.000000       -811.2239     -3.44684104375E+07  8.99136572803E+04 -3.83350110318E+02   10.5346681            56825  0.12438    
      164200  -1.18997312         1121202.        0.000000       -811.3481     -3.44629122549E+07  8.98993146548E+04 -3.83350111036E+02   10.5357413            56863  0.12565    
      164300  -1.18985201         1121215.        0.000000       -809.2362     -3.44594024637E+07  8.98901592878E+04 -3.83350110142E+02   10.5346504            56866  0.12111    
      164400  -1.19027278         1121265.        0.000000       -811.4725     -3.44619540321E+07  8.98968154684E+04 -3.83350109262E+02   10.5340452            56862  0.12376    
      164500  -1.19054798         1121450.        0.000000       -811.7927     -3.44664700286E+07  8.99085958148E+04 -3.83350109255E+02   10.5333060            56860  0.12071    
      164600  -1.19034900         1121115.        0.000000       -810.7327     -3.44681336561E+07  8.99129354603E+04 -3.83350109522E+02   10.5349609            56828  0.11961    
      164700  -1.18971062         1121109.        0.000000       -810.3446     -3.44679987183E+07  8.99125836230E+04 -3.83350108844E+02   10.5348022            56852  0.12618    
      164800  -1.18932165         1120966.        0.000000       -809.2370     -3.44638531954E+07  8.99017698397E+04 -3.83350108200E+02   10.5357098            56901  0.12107    
      164900  -1.18912996         1121011.        0.000000       -810.3390     -3.44661839781E+07  8.99078496998E+04 -3.83350108952E+02   10.5340126            56788  0.12608    
      165000  -1.18924855         1121001.        0.000000       -810.9704     -3.44689228504E+07  8.99149943941E+04 -3.83350108429E+02   10.5354574            56769  0.12364    
      165100  -1.18937467         1121014.        0.000000       -812.1811     -3.44681975938E+07  8.99131023725E+04 -3.83350108986E+02   10.5340800            56734  0.13367    
      165200  -1.18915285         1120971.        0.000000       -813.8147     -3.44677387535E+07  8.99119052264E+04 -3.83350109941E+02   10.5352946            56764  0.11959    
      165300  -1.18934043         1121076.        0.000000       -812.9873     -3.44646812466E+07  8.99039292171E+04 -3.83350111022E+02   10.5355804            56847  0.11905    
      165400  -1.18933039         1121151.        0.000000       -812.2572     -3.44604612564E+07  8.98929207955E+04 -3.83350112016E+02   10.5349298            56837  0.12612    
      165500  -1.18969418         1121115.        0.000000       -814.6870     -3.44608508538E+07  8.98939370612E+04 -3.83350112148E+02   10.5347371            56857  0.11949    
      165600  -1.18934310         1120995.        0.000000       -814.7497     -3.44577955493E+07  8.98859669555E+04 -3.83350112553E+02   10.5350146            56870  0.12420    
      165700  -1.18883822         1120900.        0.000000       -813.2674     -3.44553033771E+07  8.98794657680E+04 -3.83350113207E+02   10.5350987            56839  0.12002    
      165800  -1.18883547         1121048.        0.000000       -811.4719     -3.44591731187E+07  8.98895603079E+04 -3.83350113191E+02   10.5343680            56866  0.12052    
      165900  -1.18907569         1120986.        0.000000       -811.0393     -3.44581213520E+07  8.98868168125E+04 -3.83350112663E+02   10.5349745            56874  0.12871    
      166000  -1.18897140         1120990.        0.000000       -808.3297     -3.44547996677E+07  8.98781521114E+04 -3.83350111883E+02   10.5353058            56889  0.11942    
      166100  -1.18889212         1120933.        0.000000       -808.2380     -3.44509814724E+07  8.98681918215E+04 -3.83350112805E+02   10.5347734            56811  0.12494    
      166200  -1.18926124         1121060.        0.000000       -808.2508     -3.44513083090E+07  8.98690442096E+04 -3.83350113623E+02   10.5347943            56846  0.11990    
      166300  -1.18989840         1121315.        0.000000       -813.3619     -3.44563274842E+07  8.98821370520E+04 -3.83350113986E+02   10.5324613            56868  0.12106    
      166400  -1.18995606         1121225.        0.000000       -812.4865     -3.44591307129E+07  8.98894495892E+04 -3.83350113616E+02   10.5348902            56910  0.12612    
      166500  -1.18996604         1121169.        0.000000       -814.0545     -3.44604491048E+07  8.98928888993E+04 -3.83350112859E+02   10.5342249            56892  0.11922    
      166600  -1.18989745         1121192.        0.000000       -817.1090     -3.44619574001E+07  8.98968235086E+04 -3.83350112441E+02   10.5345740            56848  0.12489    
      166700  -1.18948691         1120985.        0.000000       -815.0258     -3.44596198454E+07  8.98907257303E+04 -3.83350112767E+02   10.5346971            56797  0.12458    
      166800  -1.18868637         1120874.        0.000000       -812.8286     -3.44565693437E+07  8.98827682496E+04 -3.83350112761E+02   10.5352503            56815  0.12333    
      166900  -1.18900416         1121126.        0.000000       -812.7132     -3.44571486052E+07  8.98842794485E+04 -3.83350112129E+02   10.5343656            56941  0.12099    
      167000  -1.18973252         1121205.        0.000000       -812.0263     -3.44588987025E+07  8.98888447038E+04 -3.83350112197E+02   10.5342983            56967  0.12174    
      167100  -1.19026619         1121277.        0.000000       -811.4618     -3.44626151588E+07  8.98985394715E+04 -3.83350111819E+02   10.5343920            56916  0.12596    
      167200  -1.19021074         1121196.        0.000000       -811.5491     -3.44616523920E+07  8.98960280054E+04 -3.83350111864E+02   10.5355062            56883  0.11995    
      167300  -1.18994114         1121101.        0.000000       -809.1103     -3.44588377974E+07  8.98886860197E+04 -3.83350111380E+02   10.5350603            56852  0.12462    
      167400  -1.18939090         1121109.        0.000000       -808.8528     -3.44570063693E+07  8.98839086898E+04 -3.83350110955E+02   10.5350396            56887  0.11928    
      167500  -1.18950622         1121008.        0.000000       -807.4468     -3.44559335685E+07  8.98811102913E+04 -3.83350110572E+02   10.5352584            56821  0.11991    
      167600  -1.18898139         1120942.        0.000000       -807.2883     -3.44553722697E+07  8.98796461744E+04 -3.83350110245E+02   10.5344598            56787  0.12497    
      167700  -1.18842281         1120793.        0.000000       -808.5065     -3.44533453466E+07  8.98743588916E+04 -3.83350109770E+02   10.5352650            56820  0.11985    
      167800  -1.18821783         1120821.        0.000000       -807.2334     -3.44509961697E+07  8.98682307576E+04 -3.83350110259E+02   10.5347515            56803  0.12369    
      167900  -1.18909784         1121141.        0.000000       -807.0406     -3.44551144665E+07  8.98789736670E+04 -3.83350110274E+02   10.5332314            56807  0.11998    
      168000  -1.19001024         1121402.        0.000000       -806.4860     -3.44630406559E+07  8.98996497993E+04 -3.83350110182E+02   10.5329683            56847  0.11976    
      168100  -1.19123483         1121575.        0.000000       -807.1721     -3.44708340569E+07  8.99199796862E+04 -3.83350109477E+02   10.5336169            56857  0.12517    
      168200  -1.19164971         1121524.        0.000000       -808.5337     -3.44753682111E+07  8.99318072040E+04 -3.83350110300E+02   10.5352001            56914  0.11967    
      168300  -1.19056206         1121227.        0.000000       -810.7563     -3.44699474430E+07  8.99176667218E+04 -3.83350110158E+02   10.5350612            56865  0.12554    
      168400  -1.18971159         1121084.        0.000000       -808.1891     -3.44662865247E+07  8.99081169333E+04 -3.83350110093E+02   10.5349672            56873  0.11954    
      168500  -1.18971759         1121148.        0.000000       -808.7761     -3.44671470086E+07  8.99103617114E+04 -3.83350109515E+02   10.5334922            56830  0.11968    
      168600  -1.18964792         1121315.        0.000000       -810.1514     -3.44683653783E+07  8.99135400730E+04 -3.83350108897E+02   10.5333773            56862  0.12527    
      168700  -1.19100390         1121508.        0.000000       -813.4772     -3.44761499316E+07  8.99338467127E+04 -3.83350108906E+02   10.5343645            56859  0.11955    
      168800  -1.19095053         1121297.        0.000000       -815.5599     -3.44747704238E+07  8.99302482860E+04 -3.83350108344E+02   10.5352275            56856  0.12586    
      168900  -1.19033483         1121179.        0.000000       -814.6798     -3.44728917324E+07  8.99253477794E+04 -3.83350107436E+02   10.5349404            56853  0.12092    
      169000  -1.18976420         1121071.        0.000000       -815.5181     -3.44702884635E+07  8.99185568147E+04 -3.83350107971E+02   10.5357640            56802  0.11896    
      169100  -1.18950163         1121133.        0.000000       -814.4266     -3.44648800176E+07  8.99044483595E+04 -3.83350108325E+02   10.5340673            56871  0.12451    
      169200  -1.18956560         1121163.        0.000000       -810.8948     -3.44655840427E+07  8.99062847449E+04 -3.83350108844E+02   10.5338660            56862  0.12251    
      169300  -1.18968067         1121097.        0.000000       -809.8055     -3.44657501910E+07  8.99067181931E+04 -3.83350108687E+02   10.5351658            56791  0.12442    
      169400  -1.18990673         1121158.        0.000000       -809.8169     -3.44677793831E+07  8.99120112745E+04 -3.83350109674E+02   10.5349167            56826  0.12125    
      169500  -1.19003723         1121282.        0.000000       -811.7380     -3.44703335724E+07  8.99186741150E+04 -3.83350109549E+02   10.5343123            56853  0.12802    
      169600  -1.19048115         1121404.        0.000000       -812.6652     -3.44680636480E+07  8.99127526485E+04 -3.83350110331E+02   10.5343542            56901  0.12018    
      169700  -1.19057361         1121273.        0.000000       -811.4015     -3.44678456381E+07  8.99121838746E+04 -3.83350110661E+02   10.5347616            56895  0.12042    
      169800  -1.18979645         1121033.        0.000000       -812.0690     -3.44632831094E+07  8.99002821451E+04 -3.83350110668E+02   10.5360811            56861  0.12650    
      169900  -1.18892125         1120986.        0.000000       -809.6928     -3.44528751318E+07  8.98731320625E+04 -3.83350110774E+02   10.5347827            56873  0.12295    
      170000  -1.18908482         1121027.        0.000000       -807.9092     -3.44506310175E+07  8.98672781906E+04 -3.83350110420E+02   10.5351579            56892  0.13037    
      170100  -1.18932623         1120985.        0.000000       -807.9427     -3.44520319318E+07  8.98709327904E+04 -3.83350109563E+02   10.5345115            56865  0.11950    
      170200  -1.18885928         1120902.        0.000000       -805.0089     -3.44512983249E+07  8.98690192918E+04 -3.83350108819E+02   10.5351049            56864  0.12132    
      170300  -1.18839330         1120850.        0.000000       -804.3052     -3.44491010567E+07  8.98632874735E+04 -3.83350109096E+02   10.5347409            56832  0.12630    
      170400  -1.18864096         1121035.        0.000000       -806.3622     -3.44520456801E+07  8.98709688306E+04 -3.83350108810E+02   10.5330747            56852  0.12378    
      170500  -1.18948628         1121152.        0.000000       -807.0696     -3.44567866702E+07  8.98833359537E+04 -3.83350109390E+02   10.5351866            56870  0.12463    
      170600  -1.18974351         1121132.        0.000000       -808.7813     -3.44559459208E+07  8.98811427181E+04 -3.83350109698E+02   10.5346740            56831  0.11923    
      170700  -1.18999887         1121194.        0.000000       -810.4764     -3.44582659602E+07  8.98871945544E+04 -3.83350110447E+02   10.5337030            56817  0.12047    
      170800  -1.19001602         1121175.        0.000000       -811.2234     -3.44615925622E+07  8.98958720229E+04 -3.83350111487E+02   10.5351373            56773  0.12388    
      170900  -1.18979648         1121168.        0.000000       -814.7501     -3.44580428652E+07  8.98866123499E+04 -3.83350111484E+02   10.5346159            56813  0.11959    
      171000  -1.18957320         1121106.        0.000000       -814.8678     -3.44555564404E+07  8.98801262057E+04 -3.83350111921E+02   10.5350632            56778  0.12281    
      171100  -1.18924708         1120981.        0.000000       -814.3245     -3.44506477237E+07  8.98673215807E+04 -3.83350111227E+02   10.5355624            56770  0.12123    
      171200  -1.18971278         1121239.        0.000000       -812.9992     -3.44515460073E+07  8.98696648983E+04 -3.83350110923E+02   10.5343765            56862  0.11964    
      171300  -1.18984109         1121235.        0.000000       -814.4713     -3.44499987293E+07  8.98656288486E+04 -3.83350110278E+02   10.5345034            56895  0.12454    
      171400  -1.19003604         1121249.        0.000000       -813.6018     -3.44492240580E+07  8.98636081542E+04 -3.83350109856E+02   10.5352312            56871  0.12060    
      171500  -1.19021466         1121264.        0.000000       -810.9929     -3.44502941742E+07  8.98663994756E+04 -3.83350110555E+02   10.5329789            56840  0.12392    
      171600  -1.18992784         1121108.        0.000000       -811.9328     -3.44571504263E+07  8.98842846799E+04 -3.83350110078E+02   10.5343296            56845  0.11985    
      171700  -1.18956344         1121166.        0.000000       -810.2467     -3.44557330812E+07  8.98805873296E+04 -3.83350110461E+02   10.5349117            56872  0.12793    
      171800  -1.18960093         1121002.        0.000000       -814.4570     -3.44541835937E+07  8.98765453911E+04 -3.83350110352E+02   10.5350832            56830  0.11986    
      171900  -1.18932200         1121085.        0.000000       -813.0055     -3.44565612924E+07  8.98827477385E+04 -3.83350110665E+02   10.5337664            56808  0.12550    
      172000  -1.18924002         1120986.        0.000000       -813.9502     -3.44620073111E+07  8.98969541701E+04 -3.83350110459E+02   10.5338725            56763  0.12752    
      172100  -1.18864006         1120908.        0.000000       -813.6023     -3.44627652440E+07  8.98989314048E+04 -3.83350110012E+02   10.5345983            56726  0.12006    
      172200  -1.18938018         1121206.        0.000000       -811.3653     -3.44668347370E+07  8.99095470075E+04 -3.83350110018E+02   10.5341513            56740  0.13231    
      172300  -1.18993316         1121207.        0.000000       -810.4069     -3.44679474991E+07  8.99124497674E+04 -3.83350109893E+02   10.5345414            56761  0.12702    
      172400  -1.18976299         1121104.        0.000000       -810.7933     -3.44648110142E+07  8.99042678490E+04 -3.83350110498E+02   10.5349281            56823  0.12037    
      172500  -1.18965674         1121134.        0.000000       -810.3897     -3.44661476789E+07  8.99077545691E+04 -3.83350110835E+02   10.5337664            56802  0.12338    
      172600  -1.18973337         1121088.        0.000000       -806.7780     -3.44716154455E+07  8.99220177373E+04 -3.83350110606E+02   10.5350797            56760  0.12405    
      172700  -1.18954190         1121187.        0.000000       -808.2925     -3.44686392925E+07  8.99142541717E+04 -3.83350110725E+02   10.5347142            56817  0.12364    
      172800  -1.19053836         1121443.        0.000000       -807.3702     -3.44711745035E+07  8.99208672745E+04 -3.83350111584E+02   10.5337518            56896  0.12529    
      172900  -1.19024426         1121158.        0.000000       -808.0511     -3.44702728567E+07  8.99185151841E+04 -3.83350111889E+02   10.5344664            56833  0.12605    
      173000  -1.18972821         1121084.        0.000000       -808.4685     -3.44711722999E+07  8.99208614399E+04 -3.83350111953E+02   10.5357813            56926  0.11956    
      173100  -1.18896999         1120918.        0.000000       -807.7268     -3.44652088576E+07  8.99053052813E+04 -3.83350112095E+02   10.5347048            56862  0.11943    
      173200  -1.18900501         1121115.        0.000000       -806.9398     -3.44676451809E+07  8.99116607247E+04 -3.83350111688E+02   10.5336518            56863  0.12457    
      173300  -1.18970816         1121247.        0.000000       -804.3547     -3.44680504396E+07  8.99127179595E+04 -3.83350111328E+02   10.5341365            56875  0.12005    
      173400  -1.19101969         1121538.        0.000000       -802.0473     -3.44728683208E+07  8.99252860055E+04 -3.83350110431E+02   10.5338977            56951  0.12587    
      173500  -1.19117511         1121412.        0.000000       -810.4012     -3.44732838039E+07  8.99263700287E+04 -3.83350109571E+02   10.5347826            56972  0.11940    
      173600  -1.19042238         1121063.        0.000000       -808.5166     -3.44689083705E+07  8.99149564956E+04 -3.83350108968E+02   10.5362576            57005  0.12189    
      173700  -1.18876091         1120891.        0.000000       -808.1000     -3.44602922660E+07  8.98924805517E+04 -3.83350109537E+02   10.5351633            56975  0.12371    
      173800  -1.18860219         1120985.        0.000000       -811.3065     -3.44580993757E+07  8.98867601007E+04 -3.83350110039E+02   10.5340017            56926  0.12084    
      173900  -1.18912686         1120999.        0.000000       -810.2484     -3.44571065559E+07  8.98841702905E+04 -3.83350109864E+02   10.5353318            56950  0.12503    
      174000  -1.18909999         1121058.        0.000000       -811.0889     -3.44539006969E+07  8.98758076085E+04 -3.83350109598E+02   10.5337523            56911  0.12077    
      174100  -1.18923288         1120953.        0.000000       -813.1714     -3.44569942774E+07  8.98838776008E+04 -3.83350109020E+02   10.5356653            56893  0.11995    
      174200  -1.18939679         1121140.        0.000000       -813.6513     -3.44569688850E+07  8.98838113274E+04 -3.83350109170E+02   10.5335681            56848  0.12328    
      174300  -1.18958836         1121129.        0.000000       -815.1226     -3.44572739463E+07  8.98846071053E+04 -3.83350109167E+02   10.5354500            56930  0.12074    
      174400  -1.18959655         1120974.        0.000000       -813.8363     -3.44553355003E+07  8.98795505129E+04 -3.83350109159E+02   10.5346062            56858  0.12239    
      174500  -1.18909388         1120929.        0.000000       -809.7578     -3.44540385546E+07  8.98761672521E+04 -3.83350109467E+02   10.5351112            56874  0.11895    
      174600  -1.18930571         1121057.        0.000000       -808.8957     -3.44559191730E+07  8.98810730841E+04 -3.83350109102E+02   10.5335707            56852  0.12025    
      174700  -1.18975423         1121131.        0.000000       -808.5826     -3.44610279520E+07  8.98943998812E+04 -3.83350108544E+02   10.5338291            56890  0.12563    
      174800  -1.18969260         1121211.        0.000000       -809.8894     -3.44611335313E+07  8.98946753163E+04 -3.83350108447E+02   10.5349994            56850  0.12548    
      174900  -1.18966207         1121125.        0.000000       -809.4708     -3.44576087099E+07  8.98854804931E+04 -3.83350108614E+02   10.5338739            56844  0.12503    
      175000  -1.18950255         1121079.        0.000000       -811.3080     -3.44586071046E+07  8.98880846986E+04 -3.83350109419E+02   10.5350323            56848  0.12271    
      175100  -1.18958815         1121092.        0.000000       -810.9057     -3.44569575913E+07  8.98837819700E+04 -3.83350108731E+02   10.5351751            56842  0.11954    
      175200  -1.18866831         1120854.        0.000000       -811.3488     -3.44509349043E+07  8.98680714774E+04 -3.83350107974E+02   10.5348753            56804  0.12264    
      175300  -1.18827206         1120901.        0.000000       -811.5141     -3.44474265535E+07  8.98589197649E+04 -3.83350107520E+02   10.5339888            56880  0.12085    
      175400  -1.18890421         1120999.        0.000000       -811.2489     -3.44532364295E+07  8.98740752792E+04 -3.83350107608E+02   10.5338672            56953  0.12744    
      175500  -1.18926510         1121021.        0.000000       -807.9889     -3.44578090481E+07  8.98860032887E+04 -3.83350107774E+02   10.5348717            56915  0.12050    
      175600  -1.18947362         1121048.        0.000000       -807.7054     -3.44598273394E+07  8.98912682236E+04 -3.83350107529E+02   10.5353240            56902  0.12529    
      175700  -1.18922148         1121074.        0.000000       -808.2893     -3.44623662854E+07  8.98978911877E+04 -3.83350107885E+02   10.5343252            56929  0.12037    
      175800  -1.18884728         1120928.        0.000000       -807.8717     -3.44629092857E+07  8.98993073847E+04 -3.83350109009E+02   10.5344232            56902  0.11959    
      175900  -1.18862677         1120955.        0.000000       -808.4184     -3.44650631835E+07  8.99049260627E+04 -3.83350108752E+02   10.5333700            56839  0.12573    
      176000  -1.18927662         1121075.        0.000000       -808.6599     -3.44739420867E+07  8.99280872402E+04 -3.83350109455E+02   10.5343672            56802  0.11978    
      176100  -1.18970868         1121179.        0.000000       -808.1576     -3.44735981564E+07  8.99271901101E+04 -3.83350109285E+02   10.5350113            56863  0.12643    
      176200  -1.19029673         1121296.        0.000000       -809.6192     -3.44745804172E+07  8.99297524002E+04 -3.83350109358E+02   10.5342410            56846  0.11943    
      176300  -1.19016576         1121170.        0.000000       -808.7047     -3.44763272461E+07  8.99343091124E+04 -3.83350109500E+02   10.5359202            56840  0.12015    
      176400  -1.18924048         1120920.        0.000000       -810.0913     -3.44725739956E+07  8.99245184104E+04 -3.83350109680E+02   10.5344971            56857  0.12427    
      176500  -1.18925819         1121135.        0.000000       -810.0602     -3.44738175931E+07  8.99277622975E+04 -3.83350110270E+02   10.5344465            56873  0.12046    
      176600  -1.18987500         1121159.        0.000000       -810.8840     -3.44745031810E+07  8.99295507656E+04 -3.83350110031E+02   10.5351736            56864  0.12776    
      176700  -1.18945416         1121077.        0.000000       -811.3406     -3.44686743693E+07  8.99143458886E+04 -3.83350109804E+02   10.5347169            56814  0.11939    
      176800  -1.18897155         1120925.        0.000000       -811.6556     -3.44655452930E+07  8.99061834489E+04 -3.83350109757E+02   10.5352687            56832  0.12051    
      176900  -1.18929530         1121133.        0.000000       -810.5795     -3.44669439572E+07  8.99098318275E+04 -3.83350110401E+02   10.5337420            56891  0.12721    
      177000  -1.18949052         1121034.        0.000000       -809.3680     -3.44667876783E+07  8.99094240910E+04 -3.83350110701E+02   10.5349996            56873  0.12067    
      177100  -1.18893210         1120937.        0.000000       -807.6078     -3.44625663619E+07  8.98984121896E+04 -3.83350111782E+02   10.5353044            56874  0.12262    
      177200  -1.18873198         1120985.        0.000000       -809.5269     -3.44590775529E+07  8.98893113217E+04 -3.83350111891E+02   10.5335005            56820  0.12525    
      177300  -1.18915934         1121146.        0.000000       -810.5122     -3.44629999161E+07  8.98995432037E+04 -3.83350111558E+02   10.5340162            56857  0.12037    
      177400  -1.19012498         1121284.        0.000000       -809.9323     -3.44656253512E+07  8.99063918698E+04 -3.83350111537E+02   10.5351078            56907  0.12171    
      177500  -1.19024660         1121193.        0.000000       -808.3037     -3.44618411271E+07  8.98965203920E+04 -3.83350111626E+02   10.5359612            56896  0.11914    
      177600  -1.18986053         1121158.        0.000000       -809.7808     -3.44548429690E+07  8.98782651591E+04 -3.83350111487E+02   10.5348610            56871  0.12399    
      177700  -1.18969335         1121025.        0.000000       -809.3160     -3.44532399702E+07  8.98740837491E+04 -3.83350110877E+02   10.5353519            56844  0.12040    
      177800  -1.18933307         1120985.        0.000000       -808.5555     -3.44514009917E+07  8.98692865060E+04 -3.83350111380E+02   10.5352732            56804  0.12215    
      177900  -1.18886173         1120999.        0.000000       -811.3831     -3.44483146334E+07  8.98612355946E+04 -3.83350110928E+02   10.5343125            56819  0.12562    
      178000  -1.18901402         1120914.        0.000000       -810.8192     -3.44498251146E+07  8.98651755861E+04 -3.83350111875E+02   10.5344501            56788  0.11939    
      178100  -1.18859900         1120890.        0.000000       -813.4898     -3.44528977906E+07  8.98731908262E+04 -3.83350112241E+02   10.5338479            56751  0.12359    
      178200  -1.18893028         1121060.        0.000000       -817.5004     -3.44590563051E+07  8.98892559567E+04 -3.83350111628E+02   10.5340689            56792  0.12055    
      178300  -1.18984532         1121251.        0.000000       -817.1896     -3.44660010950E+07  8.99073720616E+04 -3.83350111394E+02   10.5336854            56818  0.12543    
      178400  -1.18995677         1121158.        0.000000       -819.8963     -3.44689291935E+07  8.99150103030E+04 -3.83350111147E+02   10.5344786            56834  0.11923    
      178500  -1.18979795         1121081.        0.000000       -821.9209     -3.44713339270E+07  8.99212834354E+04 -3.83350110341E+02   10.5347106            56806  0.12036    
      178600  -1.18927596         1121084.        0.000000       -820.1222     -3.44698486583E+07  8.99174090895E+04 -3.83350109921E+02   10.5350186            56772  0.12582    
      178700  -1.18943646         1121059.        0.000000       -817.6646     -3.44697250451E+07  8.99170868186E+04 -3.83350109136E+02   10.5341982            56766  0.12053    
      178800  -1.18928726         1121038.        0.000000       -818.5095     -3.44721446756E+07  8.99233986372E+04 -3.83350109071E+02   10.5343979            56832  0.13011    
      178900  -1.18951818         1121049.        0.000000       -814.7035     -3.44754809092E+07  8.99321015949E+04 -3.83350108557E+02   10.5350840            56833  0.11987    
      179000  -1.18910041         1120955.        0.000000       -814.9648     -3.44756741900E+07  8.99326058051E+04 -3.83350108465E+02   10.5346641            56832  0.11952    
      179100  -1.18895318         1121093.        0.000000       -814.5388     -3.44737858922E+07  8.99276800369E+04 -3.83350108421E+02   10.5338792            56888  0.12632    
      179200  -1.18977813         1121196.        0.000000       -814.2938     -3.44764912244E+07  8.99347369969E+04 -3.83350108930E+02   10.5346689            56847  0.11964    
      179300  -1.18995567         1121185.        0.000000       -815.7876     -3.44752452716E+07  8.99314868896E+04 -3.83350108666E+02   10.5354753            56853  0.12456    
      179400  -1.18994239         1121133.        0.000000       -816.1898     -3.44706507483E+07  8.99195017105E+04 -3.83350108626E+02   10.5348725            56884  0.12052    
      179500  -1.18992318         1121199.        0.000000       -818.9181     -3.44731227013E+07  8.99259499681E+04 -3.83350108768E+02   10.5351890            56857  0.12086    
      179600  -1.18969755         1121047.        0.000000       -816.7044     -3.44677432522E+07  8.99119175485E+04 -3.83350107438E+02   10.5354879            56829  0.12481    
      179700  -1.18947304         1121048.        0.000000       -817.9290     -3.44655670072E+07  8.99062406838E+04 -3.83350107235E+02   10.5345508            56890  0.12127    
      179800  -1.18914199         1121043.        0.000000       -818.5461     -3.44663481805E+07  8.99082783904E+04 -3.83350107437E+02   10.5338111            56823  0.12427    
      179900  -1.18931695         1121082.        0.000000       -816.1527     -3.44661515946E+07  8.99077656178E+04 -3.83350107277E+02   10.5347270            56817  0.12516    
      180000  -1.18981880         1121248.        0.000000       -816.7235     -3.44645611709E+07  8.99036169981E+04 -3.83350106722E+02   10.5334803            56850  0.12009    
      180100  -1.18973382         1121096.        0.000000       -817.4778     -3.44678554306E+07  8.99122104157E+04 -3.83350106412E+02   10.5348173            56839  0.12660    
      180200  -1.18916786         1120959.        0.000000       -815.3542     -3.44661760506E+07  8.99078295329E+04 -3.83350106767E+02   10.5344160            56791  0.11941    
      180300  -1.18933313         1121171.        0.000000       -818.6258     -3.44705843608E+07  8.99193289766E+04 -3.83350106736E+02   10.5338711            56775  0.12414    
      180400  -1.18988512         1121081.        0.000000       -814.0808     -3.44703758496E+07  8.99187851002E+04 -3.83350106557E+02   10.5353477            56768  0.11978    
      180500  -1.18970079         1121123.        0.000000       -813.5955     -3.44703294765E+07  8.99186641885E+04 -3.83350106317E+02   10.5341445            56757  0.12999    
      180600  -1.18994835         1121254.        0.000000       -813.2328     -3.44729738117E+07  8.99255620065E+04 -3.83350106938E+02   10.5331717            56798  0.11926    
      180700  -1.19032889         1121288.        0.000000       -815.7295     -3.44765799603E+07  8.99349689152E+04 -3.83350107040E+02   10.5354593            56786  0.11984    
      180800  -1.19037242         1121298.        0.000000       -817.7945     -3.44721164641E+07  8.99233254959E+04 -3.83350107149E+02   10.5339476            56796  0.12399    
      180900  -1.19043637         1121299.        0.000000       -815.4216     -3.44769969845E+07  8.99360566814E+04 -3.83350107362E+02   10.5336015            56744  0.11963    
      181000  -1.19047488         1121264.        0.000000       -812.6589     -3.44811484385E+07  8.99468860405E+04 -3.83350107562E+02   10.5354418            56798  0.12806    
      181100  -1.19026390         1121199.        0.000000       -811.7895     -3.44739780841E+07  8.99281815414E+04 -3.83350107755E+02   10.5359461            56868  0.12089    
      181200  -1.18971009         1121085.        0.000000       -810.6952     -3.44676977169E+07  8.99117986451E+04 -3.83350107954E+02   10.5351139            56856  0.11968    
      181300  -1.18935496         1121084.        0.000000       -811.3673     -3.44661939539E+07  8.99078760446E+04 -3.83350107579E+02   10.5337711            56799  0.12463    
      181400  -1.18962029         1121122.        0.000000       -813.3111     -3.44691992933E+07  8.99157156659E+04 -3.83350107799E+02   10.5344680            56802  0.11947    
      181500  -1.18936548         1120918.        0.000000       -811.3399     -3.44640319539E+07  8.99022361543E+04 -3.83350108164E+02   10.5366831            56825  0.12471    
      181600  -1.18875235         1120872.        0.000000       -812.5087     -3.44571800154E+07  8.98843623631E+04 -3.83350107956E+02   10.5355655            56887  0.12330    
      181700  -1.18890776         1121068.        0.000000       -813.0564     -3.44580624640E+07  8.98866644587E+04 -3.83350107288E+02   10.5338275            56869  0.11931    
      181800  -1.18939112         1121123.        0.000000       -812.2396     -3.44622523026E+07  8.98975940711E+04 -3.83350106960E+02   10.5340833            56818  0.12326    
      181900  -1.18952831         1121136.        0.000000       -812.6105     -3.44620967973E+07  8.98971883666E+04 -3.83350107200E+02   10.5342935            56884  0.11911    
      182000  -1.19001520         1121247.        0.000000       -812.0539     -3.44665247397E+07  8.99087389610E+04 -3.83350107431E+02   10.5337032            56858  0.12364    
      182100  -1.19016598         1121212.        0.000000       -814.1331     -3.44700092882E+07  8.99178286945E+04 -3.83350107411E+02   10.5349739            56860  0.11929    
      182200  -1.18983755         1121042.        0.000000       -815.5853     -3.44685139601E+07  8.99139279313E+04 -3.83350107743E+02   10.5353193            56834  0.12042    
      182300  -1.18957437         1121295.        0.000000       -810.6389     -3.44666498302E+07  8.99090650308E+04 -3.83350108450E+02   10.5326864            56807  0.12674    
      182400  -1.19051864         1121429.        0.000000       -812.5591     -3.44751987592E+07  8.99313657765E+04 -3.83350107735E+02   10.5338428            56816  0.11940    
      182500  -1.19084581         1121435.        0.000000       -813.7921     -3.44778079317E+07  8.99381719716E+04 -3.83350107923E+02   10.5343641            56819  0.12713    
      182600  -1.19087771         1121359.        0.000000       -812.6844     -3.44772731317E+07  8.99367766432E+04 -3.83350109027E+02   10.5358152            56860  0.11980    
      182700  -1.19041512         1121344.        0.000000       -813.4446     -3.44681756472E+07  8.99130451499E+04 -3.83350108872E+02   10.5351402            56929  0.12882    
      182800  -1.19041937         1121295.        0.000000       -812.5819     -3.44622641049E+07  8.98976242722E+04 -3.83350109459E+02   10.5352926            56897  0.12043    
      182900  -1.19040534         1121234.        0.000000       -814.1707     -3.44607699358E+07  8.98937266995E+04 -3.83350109079E+02   10.5357819            56906  0.12044    
      183000  -1.18965981         1120964.        0.000000       -814.3599     -3.44537000271E+07  8.98752843459E+04 -3.83350108741E+02   10.5360151            56899  0.12505    
      183100  -1.18888217         1120872.        0.000000       -813.8107     -3.44489784578E+07  8.98629677265E+04 -3.83350108831E+02   10.5340858            56825  0.12458    
      183200  -1.18881718         1120968.        0.000000       -814.6115     -3.44521378094E+07  8.98712090710E+04 -3.83350109179E+02   10.5348983            56801  0.12550    
      183300  -1.18913115         1121068.        0.000000       -815.3250     -3.44526159509E+07  8.98724562601E+04 -3.83350109529E+02   10.5344116            56848  0.11987    
      183400  -1.18985028         1121210.        0.000000       -814.7905     -3.44570268627E+07  8.98839624476E+04 -3.83350109679E+02   10.5343166            56856  0.11971    
      183500  -1.18986734         1121124.        0.000000       -815.1791     -3.44556229510E+07  8.98803000999E+04 -3.83350110232E+02   10.5356157            56870  0.12540    
      183600  -1.18964788         1121076.        0.000000       -814.6162     -3.44530342640E+07  8.98735474461E+04 -3.83350109604E+02   10.5343005            56868  0.12001    
      183700  -1.18959753         1121024.        0.000000       -813.6800     -3.44546696460E+07  8.98778135030E+04 -3.83350109478E+02   10.5349496            56802  0.12626    
      183800  -1.18914049         1121003.        0.000000       -814.5247     -3.44533544888E+07  8.98743826415E+04 -3.83350110189E+02   10.5344382            56818  0.12279    
      183900  -1.18917633         1120952.        0.000000       -813.4981     -3.44537165320E+07  8.98753269001E+04 -3.83350110874E+02   10.5361567            56787  0.12005    
      184000  -1.18887084         1120955.        0.000000       -810.6887     -3.44483946502E+07  8.98614443239E+04 -3.83350110934E+02   10.5340077            56781  0.12822    
      184100  -1.18881533         1120878.        0.000000       -812.3725     -3.44492651843E+07  8.98637150108E+04 -3.83350111668E+02   10.5344069            56723  0.12199    
      184200  -1.18905207         1121113.        0.000000       -810.5838     -3.44523241489E+07  8.98716947506E+04 -3.83350110894E+02   10.5350433            56804  0.13334    
      184300  -1.19016887         1121380.        0.000000       -809.2066     -3.44520363312E+07  8.98709439034E+04 -3.83350111113E+02   10.5341832            56870  0.11962    
      184400  -1.19041081         1121254.        0.000000       -810.0160     -3.44518778632E+07  8.98705304869E+04 -3.83350111282E+02   10.5347759            56897  0.12648    
      184500  -1.18920010         1120882.        0.000000       -810.9814     -3.44465530120E+07  8.98566399636E+04 -3.83350112200E+02   10.5355217            56794  0.11938    
      184600  -1.18858649         1120862.        0.000000       -810.6132     -3.44441513431E+07  8.98503748430E+04 -3.83350112933E+02   10.5354265            56843  0.12536    
      184700  -1.18911374         1121056.        0.000000       -811.6281     -3.44477098525E+07  8.98596574946E+04 -3.83350112976E+02   10.5334411            56804  0.12505    
      184800  -1.18949441         1121010.        0.000000       -810.7174     -3.44533065633E+07  8.98742571036E+04 -3.83350112408E+02   10.5346349            56796  0.12321    
      184900  -1.18925206         1121113.        0.000000       -811.2333     -3.44513616782E+07  8.98691838103E+04 -3.83350111991E+02   10.5348400            56889  0.12238    
      185000  -1.18966949         1121118.        0.000000       -810.7698     -3.44522167221E+07  8.98714140951E+04 -3.83350112703E+02   10.5339256            56844  0.11919    
      185100  -1.18961527         1121217.        0.000000       -810.1474     -3.44568156849E+07  8.98834111056E+04 -3.83350111674E+02   10.5336150            56830  0.12010    
      185200  -1.19015370         1121159.        0.000000       -808.0363     -3.44616914045E+07  8.98961298818E+04 -3.83350111399E+02   10.5357482            56857  0.12189    
      185300  -1.19015814         1121229.        0.000000       -806.5750     -3.44582435553E+07  8.98871358816E+04 -3.83350111419E+02   10.5347005            56902  0.11950    
      185400  -1.18965487         1121094.        0.000000       -805.9850     -3.44580244467E+07  8.98865646074E+04 -3.83350110188E+02   10.5345297            56872  0.12726    
      185500  -1.18931693         1121052.        0.000000       -808.1516     -3.44577838660E+07  8.98859368005E+04 -3.83350111180E+02   10.5351043            56926  0.11900    
      185600  -1.18953406         1121163.        0.000000       -807.2379     -3.44590229726E+07  8.98891691083E+04 -3.83350111192E+02   10.5333924            56887  0.11861    
      185700  -1.18973561         1121109.        0.000000       -806.9875     -3.44629165930E+07  8.98993260739E+04 -3.83350110597E+02   10.5347973            56882  0.12339    
      185800  -1.18962000         1121151.        0.000000       -804.5274     -3.44636651936E+07  8.99012789446E+04 -3.83350110234E+02   10.5342713            56861  0.12350    
      185900  -1.18976195         1121086.        0.000000       -807.3399     -3.44631088852E+07  8.98998278347E+04 -3.83350109953E+02   10.5355716            56854  0.12337    
      186000  -1.18929462         1120958.        0.000000       -805.3042     -3.44619085036E+07  8.98966966309E+04 -3.83350109572E+02   10.5339773            56804  0.11938    
      186100  -1.18882162         1120957.        0.000000       -804.9168     -3.44630338446E+07  8.98996321757E+04 -3.83350109567E+02   10.5345190            56783  0.12486    
      186200  -1.18896029         1121027.        0.000000       -806.1223     -3.44642784848E+07  8.99028787276E+04 -3.83350110392E+02   10.5335865            56763  0.12739    
      186300  -1.18943250         1121044.        0.000000       -807.9228     -3.44704663718E+07  8.99190202519E+04 -3.83350110746E+02   10.5359129            56760  0.11881    
      186400  -1.18902444         1120980.        0.000000       -807.8619     -3.44678692885E+07  8.99122456973E+04 -3.83350110112E+02   10.5340381            56723  0.12362    
      186500  -1.18908840         1121003.        0.000000       -806.5274     -3.44693449556E+07  8.99160951180E+04 -3.83350110015E+02   10.5346677            56788  0.11951    
      186600  -1.18892189         1120920.        0.000000       -807.6011     -3.44654763578E+07  8.99060035698E+04 -3.83350109996E+02   10.5356014            56832  0.11943    
      186700  -1.18856524         1120905.        0.000000       -809.3727     -3.44614802205E+07  8.98955793749E+04 -3.83350109762E+02   10.5343415            56806  0.12124    
      186800  -1.18917578         1121156.        0.000000       -809.0387     -3.44661921425E+07  8.99078707220E+04 -3.83350110126E+02   10.5334458            56862  0.12154    
      186900  -1.18966212         1121147.        0.000000       -812.6095     -3.44694938481E+07  8.99164835576E+04 -3.83350109839E+02   10.5339306            56847  0.12504    
      187000  -1.18973692         1121181.        0.000000       -809.0254     -3.44724733371E+07  8.99242558201E+04 -3.83350109742E+02   10.5342618            56811  0.12105    
      187100  -1.18977293         1121107.        0.000000       -809.1456     -3.44730028909E+07  8.99256372027E+04 -3.83350109749E+02   10.5343010            56836  0.12533    
      187200  -1.18949799         1121102.        0.000000       -810.7758     -3.44729460368E+07  8.99254888717E+04 -3.83350109845E+02   10.5350593            56825  0.11976    
      187300  -1.18946223         1121068.        0.000000       -811.0567     -3.44721007085E+07  8.99232838591E+04 -3.83350109439E+02   10.5346478            56831  0.12512    
      187400  -1.18945798         1121069.        0.000000       -811.0834     -3.44719298169E+07  8.99228381577E+04 -3.83350109084E+02   10.5343830            56841  0.12417    
      187500  -1.18945882         1121056.        0.000000       -810.9383     -3.44746275640E+07  8.99298751543E+04 -3.83350110348E+02   10.5345998            56869  0.12070    
      187600  -1.18934183         1121074.        0.000000       -814.3632     -3.44777564204E+07  8.99380368088E+04 -3.83350111296E+02   10.5344353            56795  0.12434    
      187700  -1.18966384         1121089.        0.000000       -813.2138     -3.44784472138E+07  8.99398390253E+04 -3.83350110334E+02   10.5347735            56778  0.11929    
      187800  -1.18944163         1121080.        0.000000       -812.3570     -3.44771952927E+07  8.99365733905E+04 -3.83350109893E+02   10.5346358            56814  0.11996    
      187900  -1.18911978         1121057.        0.000000       -812.7842     -3.44768887971E+07  8.99357739098E+04 -3.83350109731E+02   10.5345043            56765  0.12408    
      188000  -1.18972639         1121207.        0.000000       -814.3591     -3.44829042185E+07  8.99514656641E+04 -3.83350109572E+02   10.5339136            56754  0.12001    
      188100  -1.19025040         1121239.        0.000000       -813.0534     -3.44871321691E+07  8.99624946750E+04 -3.83350109328E+02   10.5342359            56804  0.12378    
      188200  -1.18964579         1121098.        0.000000       -816.6686     -3.44858887330E+07  8.99592508353E+04 -3.83350110331E+02   10.5344868            56860  0.12321    
      188300  -1.18995057         1121258.        0.000000       -816.9494     -3.44888457307E+07  8.99669641752E+04 -3.83350111309E+02   10.5345492            56862  0.11968    
      188400  -1.18972568         1121090.        0.000000       -817.1123     -3.44832679442E+07  8.99524142020E+04 -3.83350110723E+02   10.5348301            56847  0.12457    
      188500  -1.18950151         1121102.        0.000000       -816.6443     -3.44824895852E+07  8.99503837465E+04 -3.83350110905E+02   10.5347282            56841  0.11961    
      188600  -1.18943280         1121110.        0.000000       -815.6590     -3.44787533862E+07  8.99406375861E+04 -3.83350110824E+02   10.5350336            56815  0.12345    
      188700  -1.18951589         1121045.        0.000000       -816.7056     -3.44748461727E+07  8.99304452361E+04 -3.83350111102E+02   10.5350931            56829  0.12092    
      188800  -1.18924907         1121062.        0.000000       -813.9899     -3.44708080631E+07  8.99199113470E+04 -3.83350111747E+02   10.5343532            56811  0.11991    
      188900  -1.18963301         1121130.        0.000000       -811.0986     -3.44758698650E+07  8.99331153666E+04 -3.83350112186E+02   10.5338492            56809  0.12477    
      189000  -1.18987029         1121155.        0.000000       -810.3856     -3.44772145113E+07  8.99366228592E+04 -3.83350112727E+02   10.5357782            56830  0.11973    
      189100  -1.18978890         1121134.        0.000000       -812.0764     -3.44737517101E+07  8.99275897804E+04 -3.83350113066E+02   10.5336479            56787  0.12342    
      189200  -1.18995120         1121164.        0.000000       -811.5471     -3.44755995687E+07  8.99324102639E+04 -3.83350112240E+02   10.5347010            56793  0.12006    
      189300  -1.19003770         1121165.        0.000000       -811.2615     -3.44759284740E+07  8.99332683785E+04 -3.83350111650E+02   10.5343756            56772  0.12084    
      189400  -1.18994927         1121153.        0.000000       -809.2284     -3.44737555524E+07  8.99275999748E+04 -3.83350112335E+02   10.5350260            56790  0.12548    
      189500  -1.19010866         1121262.        0.000000       -810.8966     -3.44738444899E+07  8.99278318736E+04 -3.83350112769E+02   10.5337242            56813  0.11989    
      189600  -1.19058439         1121396.        0.000000       -809.9107     -3.44759200286E+07  8.99332462551E+04 -3.83350112047E+02   10.5343663            56827  0.12316    
      189700  -1.19081456         1121268.        0.000000       -812.3457     -3.44753837366E+07  8.99318474604E+04 -3.83350111336E+02   10.5364185            56839  0.11973    
      189800  -1.19019904         1121179.        0.000000       -810.8804     -3.44687329661E+07  8.99144985347E+04 -3.83350110692E+02   10.5360323            56785  0.12280    
      189900  -1.18958358         1120979.        0.000000       -812.9606     -3.44613395390E+07  8.98952122789E+04 -3.83350110261E+02   10.5359302            56800  0.11881    
      190000  -1.18922261         1121058.        0.000000       -814.3216     -3.44566845595E+07  8.98830694549E+04 -3.83350109965E+02   10.5356416            56876  0.11938    
      190100  -1.18996265         1121322.        0.000000       -815.5985     -3.44582277521E+07  8.98870949831E+04 -3.83350110031E+02   10.5328540            56840  0.12686    
      190200  -1.19063377         1121403.        0.000000       -815.5796     -3.44621012288E+07  8.98971993092E+04 -3.83350109833E+02   10.5357020            56902  0.11955    
      190300  -1.19087712         1121265.        0.000000       -815.4746     -3.44578456566E+07  8.98860982398E+04 -3.83350110099E+02   10.5355570            56910  0.12526    
      190400  -1.18925734         1120922.        0.000000       -815.0668     -3.44479259325E+07  8.98602217780E+04 -3.83350110326E+02   10.5370054            56866  0.11941    
      190500  -1.18880870         1120970.        0.000000       -817.1374     -3.44437938807E+07  8.98494429624E+04 -3.83350110419E+02   10.5338017            56886  0.11951    
      190600  -1.18924009         1121068.        0.000000       -816.9847     -3.44451440804E+07  8.98529649995E+04 -3.83350110713E+02   10.5346136            56899  0.12355    
      190700  -1.18946726         1121140.        0.000000       -819.4619     -3.44438409520E+07  8.98495653835E+04 -3.83350111990E+02   10.5337516            56843  0.11915    
      190800  -1.18981635         1121161.        0.000000       -818.5548     -3.44485516343E+07  8.98618533553E+04 -3.83350112957E+02   10.5345655            56853  0.12710    
      190900  -1.18966372         1121209.        0.000000       -817.7912     -3.44483414170E+07  8.98613049812E+04 -3.83350112979E+02   10.5329274            56845  0.11917    
      191000  -1.19033027         1121314.        0.000000       -815.4216     -3.44575937977E+07  8.98854406745E+04 -3.83350112534E+02   10.5342482            56849  0.12080    
      191100  -1.19017927         1121165.        0.000000       -814.1811     -3.44546485866E+07  8.98777580150E+04 -3.83350111835E+02   10.5352263            56898  0.12505    
      191200  -1.18941018         1120988.        0.000000       -811.6088     -3.44452227854E+07  8.98531700453E+04 -3.83350111833E+02   10.5361393            56883  0.12474    
      191300  -1.18868104         1120826.        0.000000       -814.2801     -3.44389632757E+07  8.98368415920E+04 -3.83350111885E+02   10.5353838            56912  0.13228    
      191400  -1.18807923         1120749.        0.000000       -810.5080     -3.44334293775E+07  8.98224059048E+04 -3.83350112154E+02   10.5350665            56899  0.12162    
      191500  -1.18783154         1120730.        0.000000       -810.7957     -3.44302722106E+07  8.98141698821E+04 -3.83350113415E+02   10.5342141            56857  0.11987    
      191600  -1.18855071         1120979.        0.000000       -809.3775     -3.44339814919E+07  8.98238459052E+04 -3.83350113156E+02   10.5340115            56851  0.12698    
      191700  -1.18957006         1121156.        0.000000       -811.2958     -3.44409988079E+07  8.98421512879E+04 -3.83350112549E+02   10.5339742            56832  0.12009    
      191800  -1.19017354         1121356.        0.000000       -806.5685     -3.44454931783E+07  8.98538750696E+04 -3.83350113188E+02   10.5337144            56882  0.12366    
      191900  -1.19061231         1121238.        0.000000       -807.4078     -3.44516088277E+07  8.98698283618E+04 -3.83350112665E+02   10.5349625            56814  0.12080    
      192000  -1.19011296         1121115.        0.000000       -809.7680     -3.44480249777E+07  8.98604796427E+04 -3.83350112471E+02   10.5352800            56833  0.12047    
      192100  -1.18974119         1121009.        0.000000       -811.6629     -3.44436334856E+07  8.98490239759E+04 -3.83350112905E+02   10.5354612            56773  0.12266    
      192200  -1.18931410         1121001.        0.000000       -811.4164     -3.44416035478E+07  8.98437284801E+04 -3.83350113919E+02   10.5348909            56791  0.12159    
      192300  -1.18956892         1121137.        0.000000       -809.0051     -3.44447980102E+07  8.98520616476E+04 -3.83350113271E+02   10.5345837            56873  0.12682    
      192400  -1.18996036         1121159.        0.000000       -808.0894     -3.44428003750E+07  8.98468508047E+04 -3.83350112625E+02   10.5356199            56886  0.12003    
      192500  -1.18969020         1121009.        0.000000       -809.6571     -3.44367101640E+07  8.98309638931E+04 -3.83350113052E+02   10.5352784            56871  0.12417    
      192600  -1.18915169         1121008.        0.000000       -811.1901     -3.44343956985E+07  8.98249263659E+04 -3.83350113288E+02   10.5350525            56881  0.12096    
      192700  -1.18936272         1121095.        0.000000       -813.1440     -3.44352576306E+07  8.98271747711E+04 -3.83350113351E+02   10.5343756            56900  0.12031    
      192800  -1.18944529         1120973.        0.000000       -810.6490     -3.44335038482E+07  8.98225999781E+04 -3.83350112962E+02   10.5354701            56845  0.12389    
      192900  -1.18883032         1120909.        0.000000       -809.0318     -3.44255513916E+07  8.98018555327E+04 -3.83350112171E+02   10.5354975            56866  0.12015    
      193000  -1.18919203         1121055.        0.000000       -810.1624     -3.44279118906E+07  8.98080133477E+04 -3.83350111056E+02   10.5338902            56925  0.12585    
      193100  -1.18910567         1120876.        0.000000       -808.9784     -3.44270906036E+07  8.98058711678E+04 -3.83350110142E+02   10.5355144            56861  0.12164    
      193200  -1.18930079         1121117.        0.000000       -809.7898     -3.44276577836E+07  8.98073506839E+04 -3.83350110224E+02   10.5330668            56900  0.11969    
      193300  -1.18955200         1121110.        0.000000       -812.0452     -3.44303885997E+07  8.98144744379E+04 -3.83350109380E+02   10.5351513            56969  0.12478    
      193400  -1.18934590         1120984.        0.000000       -810.5985     -3.44288546879E+07  8.98104731924E+04 -3.83350109003E+02   10.5339374            56897  0.12091    
      193500  -1.18881987         1120881.        0.000000       -808.6228     -3.44300071209E+07  8.98134793188E+04 -3.83350109383E+02   10.5348369            56904  0.12896    
      193600  -1.18826837         1120864.        0.000000       -810.3766     -3.44256777590E+07  8.98021858867E+04 -3.83350109121E+02   10.5340139            56876  0.11877    
      193700  -1.18866002         1120834.        0.000000       -810.8931     -3.44254240987E+07  8.98015242297E+04 -3.83350108966E+02   10.5342752            56908  0.12087    
      193800  -1.18800789         1120783.        0.000000       -809.4394     -3.44248106503E+07  8.97999240056E+04 -3.83350108939E+02   10.5346270            56860  0.12545    
      193900  -1.18815804         1120812.        0.000000       -809.0845     -3.44231426470E+07  8.97955726499E+04 -3.83350109935E+02   10.5344421            56829  0.12321    
      194000  -1.18861025         1120968.        0.000000       -807.7931     -3.44248409075E+07  8.98000026807E+04 -3.83350110021E+02   10.5333439            56873  0.12685    
      194100  -1.18870440         1121013.        0.000000       -809.6991     -3.44283392457E+07  8.98091283168E+04 -3.83350110295E+02   10.5342605            56898  0.12403    
      194200  -1.18918125         1121069.        0.000000       -808.6514     -3.44272334656E+07  8.98062437503E+04 -3.83350110504E+02   10.5347533            56897  0.12277    
      194300  -1.18972501         1121204.        0.000000       -809.1629     -3.44275014974E+07  8.98069428402E+04 -3.83350110901E+02   10.5333949            56910  0.12097    
      194400  -1.18940573         1120998.        0.000000       -808.4308     -3.44287813404E+07  8.98102816601E+04 -3.83350109854E+02   10.5346079            56856  0.11946    
      194500  -1.18903022         1120965.        0.000000       -807.9790     -3.44280795772E+07  8.98084509337E+04 -3.83350110366E+02   10.5355710            56892  0.12794    
      194600  -1.18871091         1120947.        0.000000       -807.3673     -3.44211738303E+07  8.97904366908E+04 -3.83350110533E+02   10.5352415            56953  0.11919    
      194700  -1.18862683         1120827.        0.000000       -805.7568     -3.44150402794E+07  8.97744368382E+04 -3.83350110472E+02   10.5355174            56933  0.12678    
      194800  -1.18871796         1120860.        0.000000       -803.5983     -3.44131595967E+07  8.97695308591E+04 -3.83350110749E+02   10.5349035            56953  0.11996    
      194900  -1.18817864         1120720.        0.000000       -804.4431     -3.44126934875E+07  8.97683147895E+04 -3.83350111542E+02   10.5347720            56894  0.12041    
      195000  -1.18797181         1120847.        0.000000       -807.2025     -3.44142233338E+07  8.97723057500E+04 -3.83350110552E+02   10.5345289            56857  0.12471    
      195100  -1.18819438         1120903.        0.000000       -806.8597     -3.44139084057E+07  8.97714844465E+04 -3.83350109647E+02   10.5340756            56850  0.12014    
      195200  -1.18924269         1121062.        0.000000       -807.0002     -3.44173355541E+07  8.97804243139E+04 -3.83350110196E+02   10.5337792            56850  0.12717    
      195300  -1.18912985         1120975.        0.000000       -808.8795     -3.44194299965E+07  8.97858879022E+04 -3.83350109919E+02   10.5346817            56772  0.12125    
      195400  -1.18930891         1121074.        0.000000       -806.0240     -3.44199590133E+07  8.97872679632E+04 -3.83350109588E+02   10.5348670            56834  0.12223    
      195500  -1.18917076         1120863.        0.000000       -809.6641     -3.44181100026E+07  8.97824446016E+04 -3.83350109872E+02   10.5347349            56814  0.12674    
      195600  -1.18892905         1121015.        0.000000       -810.2427     -3.44212233528E+07  8.97905657312E+04 -3.83350111145E+02   10.5340318            56857  0.12027    
      195700  -1.18893718         1120957.        0.000000       -812.2640     -3.44231722885E+07  8.97956495367E+04 -3.83350111794E+02   10.5331188            56788  0.12795    
      195800  -1.18892528         1120915.        0.000000       -811.2322     -3.44235327298E+07  8.97965895253E+04 -3.83350112870E+02   10.5346554            56821  0.12208    
      195900  -1.18862222         1120967.        0.000000       -812.4968     -3.44204952526E+07  8.97886658496E+04 -3.83350113590E+02   10.5337113            56887  0.12024    
      196000  -1.18923373         1121003.        0.000000       -809.6423     -3.44232168537E+07  8.97957655279E+04 -3.83350112907E+02   10.5336732            56861  0.12690    
      196100  -1.18934325         1121013.        0.000000       -807.9546     -3.44267362150E+07  8.98049462037E+04 -3.83350112330E+02   10.5349846            56840  0.11966    
      196200  -1.18920022         1121071.        0.000000       -808.1159     -3.44236178197E+07  8.97968118232E+04 -3.83350111443E+02   10.5345404            56879  0.12538    
      196300  -1.18930201         1121028.        0.000000       -809.4125     -3.44242898847E+07  8.97985650229E+04 -3.83350111173E+02   10.5344009            56905  0.12124    
      196400  -1.18963562         1121150.        0.000000       -810.2117     -3.44263351195E+07  8.98039002372E+04 -3.83350110948E+02   10.5337774            56929  0.12973    
      196500  -1.18969293         1121092.        0.000000       -811.0239     -3.44318182025E+07  8.98182034075E+04 -3.83350110514E+02   10.5344724            56859  0.12008    
      196600  -1.18945079         1121127.        0.000000       -809.1743     -3.44301203400E+07  8.98137745107E+04 -3.83350110020E+02   10.5350115            56943  0.11992    
      196700  -1.18884849         1120838.        0.000000       -812.8080     -3.44277818636E+07  8.98076744096E+04 -3.83350109998E+02   10.5354586            56934  0.12504    
      196800  -1.18844276         1120836.        0.000000       -814.0222     -3.44261215324E+07  8.98033433091E+04 -3.83350109961E+02   10.5340003            56934  0.11933    
      196900  -1.18878981         1121015.        0.000000       -811.1478     -3.44260843290E+07  8.98032461652E+04 -3.83350110370E+02   10.5337720            56938  0.12402    
      197000  -1.18897101         1120969.        0.000000       -809.8861     -3.44272067168E+07  8.98061739316E+04 -3.83350110685E+02   10.5343775            56932  0.11937    
      197100  -1.18874424         1120802.        0.000000       -810.2107     -3.44290344282E+07  8.98109416865E+04 -3.83350110596E+02   10.5351124            56810  0.11963    
      197200  -1.18851610         1120892.        0.000000       -809.0018     -3.44296525189E+07  8.98125537403E+04 -3.83350111817E+02   10.5339104            56805  0.12620    
      197300  -1.18875980         1120933.        0.000000       -809.8839     -3.44365303231E+07  8.98304952044E+04 -3.83350111170E+02   10.5338611            56814  0.11985    
      197400  -1.18925727         1121128.        0.000000       -808.4472     -3.44396696080E+07  8.98386841375E+04 -3.83350111799E+02   10.5342074            56904  0.12458    
      197500  -1.18954776         1121036.        0.000000       -809.1073     -3.44423471285E+07  8.98456687605E+04 -3.83350111404E+02   10.5349909            56883  0.11961    
      197600  -1.18906909         1120972.        0.000000       -806.7038     -3.44391477203E+07  8.98373226139E+04 -3.83350112383E+02   10.5349896            56872  0.12027    
      197700  -1.18869547         1120884.        0.000000       -804.8529     -3.44361739559E+07  8.98295652003E+04 -3.83350112840E+02   10.5347581            56859  0.12630    
      197800  -1.18863166         1120880.        0.000000       -805.6832     -3.44374581076E+07  8.98329150860E+04 -3.83350112535E+02   10.5344144            56829  0.12392    
      197900  -1.18871281         1120924.        0.000000       -806.5645     -3.44373672096E+07  8.98326779345E+04 -3.83350112692E+02   10.5351268            56810  0.12395    
      198000  -1.18879490         1120948.        0.000000       -807.4682     -3.44373034803E+07  8.98325116414E+04 -3.83350112905E+02   10.5345574            56799  0.11878    
      198100  -1.18895053         1121030.        0.000000       -805.4297     -3.44378706172E+07  8.98339910177E+04 -3.83350113103E+02   10.5347036            56823  0.12051    
      198200  -1.18901072         1120975.        0.000000       -804.6263     -3.44381776880E+07  8.98347921738E+04 -3.83350112519E+02   10.5346439            56783  0.12593    
      198300  -1.18909180         1121073.        0.000000       -803.8527     -3.44412399938E+07  8.98427807122E+04 -3.83350111392E+02   10.5339715            56819  0.12321    
      198400  -1.18967264         1121130.        0.000000       -803.8211     -3.44449700911E+07  8.98525109639E+04 -3.83350111440E+02   10.5346883            56820  0.12213    
      198500  -1.18919914         1120863.        0.000000       -805.7724     -3.44433451173E+07  8.98482722386E+04 -3.83350110793E+02   10.5362968            56778  0.11977    
      198600  -1.18892581         1120992.        0.000000       -808.1739     -3.44393575519E+07  8.98378701531E+04 -3.83350111631E+02   10.5347707            56878  0.12845    
      198700  -1.18924043         1121050.        0.000000       -808.5242     -3.44415404776E+07  8.98435644764E+04 -3.83350111700E+02   10.5346568            56870  0.11902    
      198800  -1.18947868         1121095.        0.000000       -806.1441     -3.44423075659E+07  8.98455655344E+04 -3.83350111506E+02   10.5344259            56858  0.11916    
      198900  -1.18945780         1121026.        0.000000       -806.7620     -3.44429909114E+07  8.98473480221E+04 -3.83350111824E+02   10.5357074            56881  0.12351    
      199000  -1.18867245         1120824.        0.000000       -803.9029     -3.44326451525E+07  8.98203601502E+04 -3.83350112324E+02   10.5352653            56812  0.12008    
      199100  -1.18793035         1120657.        0.000000       -802.5764     -3.44273707017E+07  8.98066011952E+04 -3.83350112837E+02   10.5351999            56854  0.12328    
      199200  -1.18780270         1120757.        0.000000       -805.0774     -3.44282876474E+07  8.98089934076E+04 -3.83350111621E+02   10.5339226            56855  0.11989    
      199300  -1.18834998         1120814.        0.000000       -803.2561     -3.44361678629E+07  8.98295496633E+04 -3.83350111316E+02   10.5348802            56821  0.11934    
      199400  -1.18855384         1121026.        0.000000       -800.7287     -3.44374966007E+07  8.98330158104E+04 -3.83350111204E+02   10.5336200            56848  0.12442    
      199500  -1.18952191         1121193.        0.000000       -801.8902     -3.44431286422E+07  8.98477075053E+04 -3.83350110966E+02   10.5338431            56837  0.11897    
      199600  -1.19014967         1121300.        0.000000       -803.8690     -3.44496338797E+07  8.98646767954E+04 -3.83350111615E+02   10.5334322            56824  0.12613    
      199700  -1.18983126         1121050.        0.000000       -801.7288     -3.44518445987E+07  8.98704439156E+04 -3.83350110422E+02   10.5357853            56828  0.12181    
      199800  -1.18955174         1121131.        0.000000       -804.2734     -3.44517419124E+07  8.98701760967E+04 -3.83350110222E+02   10.5337893            56823  0.12135    
      199900  -1.18960488         1121127.        0.000000       -803.7388     -3.44533269452E+07  8.98743109021E+04 -3.83350109718E+02   10.5348388            56783  0.12762    
      200000  -1.18958919         1121135.        0.000000       -802.9999     -3.44511813314E+07  8.98687138304E+04 -3.83350109989E+02   10.5345024            56817  0.12091    
      200100  -1.18974336         1121265.        0.000000       -805.7357     -3.44549084672E+07  8.98784364089E+04 -3.83350109813E+02   10.5328347            56810  0.12415    
      200200  -1.19056194         1121224.        0.000000       -804.7031     -3.44637734283E+07  8.99015613648E+04 -3.83350109888E+02   10.5348859            56774  0.11986    
      200300  -1.19002964         1121166.        0.000000       -805.6093     -3.44631190692E+07  8.98998543902E+04 -3.83350109997E+02   10.5354473            56764  0.12019    
      200400  -1.19006020         1121227.        0.000000       -806.8867     -3.44625201388E+07  8.98982920130E+04 -3.83350110076E+02   10.5343906            56761  0.12644    
      200500  -1.19040944         1121232.        0.000000       -806.6056     -3.44617794345E+07  8.98963596275E+04 -3.83350110920E+02   10.5351572            56846  0.11905    
      200600  -1.18997033         1121222.        0.000000       -805.7248     -3.44615264749E+07  8.98956996654E+04 -3.83350111331E+02   10.5332088            56825  0.12551    
      200700  -1.18969807         1121081.        0.000000       -804.7780     -3.44625888494E+07  8.98984711503E+04 -3.83350110501E+02   10.5343103            56841  0.12297    
      200800  -1.18953030         1121130.        0.000000       -804.4678     -3.44654434884E+07  8.99059176759E+04 -3.83350110641E+02   10.5338682            56823  0.12402    
      200900  -1.19047831         1121445.        0.000000       -805.6692     -3.44725077722E+07  8.99243454727E+04 -3.83350110485E+02   10.5332840            56833  0.12242    
      201000  -1.19073767         1121386.        0.000000       -806.9780     -3.44750268961E+07  8.99309168369E+04 -3.83350110381E+02   10.5346701            56881  0.11957    
      201100  -1.19076098         1121281.        0.000000       -806.6754     -3.44718708097E+07  8.99226838139E+04 -3.83350110869E+02   10.5359769            56894  0.12556    
      201200  -1.19044163         1121184.        0.000000       -806.4703     -3.44682494404E+07  8.99132373097E+04 -3.83350110303E+02   10.5356219            56899  0.12007    
      201300  -1.18998673         1121058.        0.000000       -808.2818     -3.44663653627E+07  8.99083223766E+04 -3.83350110998E+02   10.5348962            56857  0.12382    
      201400  -1.18883097         1120863.        0.000000       -809.0731     -3.44620731511E+07  8.98971255472E+04 -3.83350112046E+02   10.5357184            56906  0.12054    
      201500  -1.18855573         1120926.        0.000000       -810.8234     -3.44590401167E+07  8.98892136523E+04 -3.83350111950E+02   10.5345546            56880  0.11966    
      201600  -1.18954773         1121325.        0.000000       -808.7396     -3.44653076571E+07  8.99055632725E+04 -3.83350110967E+02   10.5329843            56866  0.12487    
      201700  -1.19069460         1121393.        0.000000       -810.6825     -3.44719400963E+07  8.99228645086E+04 -3.83350111061E+02   10.5343739            56900  0.12041    
      201800  -1.19094327         1121413.        0.000000       -809.4547     -3.44706755593E+07  8.99195658290E+04 -3.83350111196E+02   10.5347217            56983  0.12907    
      201900  -1.19046382         1121203.        0.000000       -809.7983     -3.44670950999E+07  8.99102260228E+04 -3.83350110711E+02   10.5363573            56980  0.11942    
      202000  -1.18970218         1121082.        0.000000       -809.3212     -3.44600185674E+07  8.98917664293E+04 -3.83350110208E+02   10.5346542            56941  0.12054    
      202100  -1.18949178         1120997.        0.000000       -807.2578     -3.44615342976E+07  8.98957205116E+04 -3.83350109454E+02   10.5353134            56888  0.12452    
      202200  -1.18874185         1120858.        0.000000       -805.0306     -3.44549418212E+07  8.98785234183E+04 -3.83350109802E+02   10.5359699            56869  0.12042    
      202300  -1.18894903         1121118.        0.000000       -806.6340     -3.44532742417E+07  8.98741732397E+04 -3.83350110490E+02   10.5328636            56865  0.12415    
      202400  -1.18985702         1121113.        0.000000       -807.8491     -3.44617794574E+07  8.98963597783E+04 -3.83350110532E+02   10.5349675            56889  0.12000    
      202500  -1.18938344         1121009.        0.000000       -811.1010     -3.44598510568E+07  8.98913294751E+04 -3.83350110161E+02   10.5360196            56891  0.12074    
      202600  -1.18941546         1121080.        0.000000       -809.5244     -3.44547749517E+07  8.98780882518E+04 -3.83350109264E+02   10.5345702            56880  0.12890    
      202700  -1.18965148         1121214.        0.000000       -808.4433     -3.44527894087E+07  8.98729088575E+04 -3.83350109023E+02   10.5349590            56927  0.11906    
      202800  -1.18958099         1121059.        0.000000       -807.4293     -3.44471021960E+07  8.98580730990E+04 -3.83350109879E+02   10.5352669            56961  0.12452    
      202900  -1.18889693         1120895.        0.000000       -807.4464     -3.44435415286E+07  8.98487847174E+04 -3.83350110265E+02   10.5354560            56912  0.12108    
      203000  -1.18839898         1120721.        0.000000       -809.9726     -3.44409962663E+07  8.98421450149E+04 -3.83350111026E+02   10.5346860            56863  0.11992    
      203100  -1.18742989         1120592.        0.000000       -808.0129     -3.44391165612E+07  8.98372416741E+04 -3.83350110927E+02   10.5341626            56815  0.12529    
      203200  -1.18783342         1120848.        0.000000       -807.8635     -3.44441498902E+07  8.98503715596E+04 -3.83350110771E+02   10.5335050            56830  0.11990    
      203300  -1.18839715         1120985.        0.000000       -810.3433     -3.44469451045E+07  8.98576630629E+04 -3.83350110946E+02   10.5338073            56863  0.12737    
      203400  -1.18915762         1121018.        0.000000       -810.6817     -3.44543400045E+07  8.98769531627E+04 -3.83350111369E+02   10.5341347            56891  0.11998    
      203500  -1.18986917         1121266.        0.000000       -811.2020     -3.44556570441E+07  8.98803887374E+04 -3.83350111500E+02   10.5348330            56935  0.12491    
      203600  -1.19052672         1121301.        0.000000       -811.2708     -3.44568341836E+07  8.98834592420E+04 -3.83350112181E+02   10.5337753            56926  0.11932    
      203700  -1.18951359         1120958.        0.000000       -814.3417     -3.44574412786E+07  8.98850429868E+04 -3.83350111805E+02   10.5351303            56835  0.12112    
      203800  -1.18876975         1121008.        0.000000       -814.2412     -3.44560453658E+07  8.98814019072E+04 -3.83350110642E+02   10.5341661            56795  0.12488    
      203900  -1.18867074         1120850.        0.000000       -813.6487     -3.44530119471E+07  8.98734890587E+04 -3.83350110337E+02   10.5355252            56830  0.11948    
      204000  -1.18877946         1120970.        0.000000       -816.0324     -3.44511102223E+07  8.98685282586E+04 -3.83350110321E+02   10.5346270            56843  0.12793    
      204100  -1.18881515         1121008.        0.000000       -814.3700     -3.44534445192E+07  8.98746178118E+04 -3.83350108829E+02   10.5338050            56826  0.12006    
      204200  -1.18950681         1121156.        0.000000       -813.2782     -3.44566610027E+07  8.98830082595E+04 -3.83350108880E+02   10.5336105            56800  0.11926    
      204300  -1.18966073         1121136.        0.000000       -814.2664     -3.44600538108E+07  8.98918584196E+04 -3.83350109973E+02   10.5349307            56810  0.13161    
      204400  -1.18965898         1121104.        0.000000       -811.0703     -3.44597067008E+07  8.98909530029E+04 -3.83350109768E+02   10.5344819            56817  0.12057    
      204500  -1.18946526         1121042.        0.000000       -812.7000     -3.44626303849E+07  8.98985796361E+04 -3.83350109917E+02   10.5342835            56753  0.12940    
      204600  -1.18997618         1121309.        0.000000       -810.8107     -3.44655493053E+07  8.99061938534E+04 -3.83350110022E+02   10.5342748            56810  0.12143    
      204700  -1.19038071         1121233.        0.000000       -807.6968     -3.44636361204E+07  8.99012033617E+04 -3.83350109138E+02   10.5350682            56797  0.12078    
      204800  -1.18987447         1121045.        0.000000       -810.2583     -3.44617677952E+07  8.98963297536E+04 -3.83350108838E+02   10.5354492            56832  0.12829    
      204900  -1.18899253         1120943.        0.000000       -811.2081     -3.44554517816E+07  8.98798536936E+04 -3.83350109793E+02   10.5347114            56863  0.12055    
      205000  -1.18891525         1120883.        0.000000       -812.7687     -3.44552887612E+07  8.98794282121E+04 -3.83350110771E+02   10.5354375            56838  0.12700    
      205100  -1.18908053         1121093.        0.000000       -811.3717     -3.44549862055E+07  8.98786389420E+04 -3.83350110895E+02   10.5340312            56911  0.12032    
      205200  -1.18964069         1121117.        0.000000       -811.1181     -3.44580120408E+07  8.98865320716E+04 -3.83350110931E+02   10.5347257            56940  0.12472    
      205300  -1.18972448         1121134.        0.000000       -810.3413     -3.44582248696E+07  8.98870874588E+04 -3.83350110052E+02   10.5344884            56932  0.12390    
      205400  -1.19019580         1121274.        0.000000       -808.8995     -3.44625611696E+07  8.98983993922E+04 -3.83350108596E+02   10.5348919            56976  0.12003    
      205500  -1.19002185         1121089.        0.000000       -810.2960     -3.44578274265E+07  8.98860510054E+04 -3.83350108733E+02   10.5352770            56964  0.12509    
      205600  -1.18897477         1120927.        0.000000       -811.9799     -3.44548081194E+07  8.98781748360E+04 -3.83350108992E+02   10.5346872            56933  0.12068    
      205700  -1.18897065         1121036.        0.000000       -811.6866     -3.44537874251E+07  8.98755124927E+04 -3.83350108050E+02   10.5347894            56931  0.12888    
      205800  -1.18918182         1120930.        0.000000       -812.5143     -3.44529652142E+07  8.98733676449E+04 -3.83350108236E+02   10.5353092            56906  0.12026    
      205900  -1.18914365         1121150.        0.000000       -813.7207     -3.44548426591E+07  8.98782651849E+04 -3.83350107928E+02   10.5332779            56887  0.12135    
      206000  -1.19020713         1121270.        0.000000       -813.5028     -3.44598075979E+07  8.98912167635E+04 -3.83350107370E+02   10.5350195            56956  0.12339    
      206100  -1.19006171         1121140.        0.000000       -811.4366     -3.44584914078E+07  8.98877834631E+04 -3.83350106992E+02   10.5354939            56936  0.12025    
      206200  -1.18977955         1121104.        0.000000       -810.7945     -3.44549517727E+07  8.98785501357E+04 -3.83350106568E+02   10.5351978            56917  0.12402    
      206300  -1.18940761         1121041.        0.000000       -810.4164     -3.44523684791E+07  8.98718112584E+04 -3.83350107189E+02   10.5353709            56865  0.12114    
      206400  -1.18925719         1120946.        0.000000       -811.5107     -3.44500028850E+07  8.98656402097E+04 -3.83350108057E+02   10.5358802            56862  0.11970    
      206500  -1.18925944         1120994.        0.000000       -809.8079     -3.44493440178E+07  8.98639217410E+04 -3.83350107033E+02   10.5342634            56839  0.12393    
      206600  -1.18845289         1120747.        0.000000       -809.8765     -3.44477431440E+07  8.98597454807E+04 -3.83350108102E+02   10.5363154            56841  0.12018    
      206700  -1.18822985         1120925.        0.000000       -809.3257     -3.44413198311E+07  8.98429895756E+04 -3.83350108826E+02   10.5352089            56858  0.12691    
      206800  -1.18905442         1121049.        0.000000       -810.7517     -3.44421722754E+07  8.98452131431E+04 -3.83350109265E+02   10.5342073            56908  0.11935    
      206900  -1.18954676         1121174.        0.000000       -811.5183     -3.44453577906E+07  8.98535229050E+04 -3.83350108899E+02   10.5334402            56859  0.11946    
      207000  -1.18997396         1121188.        0.000000       -810.7959     -3.44481262597E+07  8.98607447690E+04 -3.83350108529E+02   10.5355211            56909  0.12592    
      207100  -1.18996284         1121141.        0.000000       -813.8286     -3.44459726698E+07  8.98551268065E+04 -3.83350109159E+02   10.5345072            56924  0.12094    
      207200  -1.18946829         1121100.        0.000000       -813.4697     -3.44490967433E+07  8.98632760249E+04 -3.83350109935E+02   10.5349158            56886  0.12521    
      207300  -1.18996772         1121220.        0.000000       -815.0558     -3.44512060221E+07  8.98687783716E+04 -3.83350109419E+02   10.5337064            56839  0.12194    
      207400  -1.19039862         1121246.        0.000000       -811.7193     -3.44548397580E+07  8.98782575054E+04 -3.83350108406E+02   10.5356215            56858  0.12133    
      207500  -1.19030680         1121245.        0.000000       -811.7362     -3.44528803889E+07  8.98731462868E+04 -3.83350108596E+02   10.5350696            56875  0.12118    
      207600  -1.18982883         1121016.        0.000000       -811.9793     -3.44501885433E+07  8.98661243270E+04 -3.83350108857E+02   10.5356379            56865  0.12068    
      207700  -1.18926624         1121057.        0.000000       -810.2334     -3.44461848249E+07  8.98556802754E+04 -3.83350108967E+02   10.5348334            56919  0.13005    
      207800  -1.18956483         1121117.        0.000000       -813.5645     -3.44475672923E+07  8.98592864225E+04 -3.83350109529E+02   10.5336670            56918  0.11974    
      207900  -1.18930225         1120971.        0.000000       -812.9988     -3.44494019776E+07  8.98640721098E+04 -3.83350110549E+02   10.5350499            56875  0.12280    
      208000  -1.18880705         1120992.        0.000000       -813.1383     -3.44502918206E+07  8.98663932133E+04 -3.83350111079E+02   10.5337398            56884  0.11874    
      208100  -1.18955610         1121137.        0.000000       -812.1568     -3.44582387224E+07  8.98871233977E+04 -3.83350110894E+02   10.5337599            56916  0.11967    
      208200  -1.18997924         1121177.        0.000000       -811.1334     -3.44639229840E+07  8.99019511519E+04 -3.83350111343E+02   10.5346577            56832  0.12377    
      208300  -1.18991399         1121027.        0.000000       -809.0777     -3.44653053878E+07  8.99055573154E+04 -3.83350111127E+02   10.5355199            56754  0.11996    
      208400  -1.18913418         1120984.        0.000000       -810.3902     -3.44637379741E+07  8.99014684201E+04 -3.83350111848E+02   10.5341244            56727  0.12483    
      208500  -1.18916959         1121056.        0.000000       -812.7329     -3.44679940427E+07  8.99125710358E+04 -3.83350110509E+02   10.5338512            56733  0.11917    
      208600  -1.18946014         1121109.        0.000000       -814.2573     -3.44733773609E+07  8.99266141360E+04 -3.83350109332E+02   10.5349214            56792  0.11907    
      208700  -1.18976522         1121189.        0.000000       -814.8592     -3.44698539443E+07  8.99174230191E+04 -3.83350109322E+02   10.5345984            56815  0.12698    
      208800  -1.18977397         1121213.        0.000000       -815.8412     -3.44684228528E+07  8.99136900382E+04 -3.83350108733E+02   10.5341499            56878  0.12146    
      208900  -1.19025740         1121301.        0.000000       -812.0326     -3.44678629325E+07  8.99122294908E+04 -3.83350108519E+02   10.5350685            56921  0.12836    
      209000  -1.19003549         1121265.        0.000000       -811.7048     -3.44652389208E+07  8.99053845611E+04 -3.83350108439E+02   10.5338284            56898  0.11958    
      209100  -1.19024321         1121220.        0.000000       -812.2085     -3.44685097881E+07  8.99139166786E+04 -3.83350109320E+02   10.5348669            56804  0.11968    
      209200  -1.18989175         1121143.        0.000000       -810.5995     -3.44656217050E+07  8.99063828541E+04 -3.83350109423E+02   10.5348460            56812  0.12544    
      209300  -1.18948260         1121140.        0.000000       -811.3092     -3.44616560884E+07  8.98960381880E+04 -3.83350109560E+02   10.5348150            56765  0.11958    
      209400  -1.18980048         1121105.        0.000000       -812.5816     -3.44601771426E+07  8.98921801254E+04 -3.83350110037E+02   10.5348883            56789  0.12875    
      209500  -1.18981678         1121106.        0.000000       -811.8179     -3.44617052705E+07  8.98961662508E+04 -3.83350110553E+02   10.5349534            56780  0.12314    
      209600  -1.18977289         1121178.        0.000000       -812.2282     -3.44607828155E+07  8.98937600350E+04 -3.83350110198E+02   10.5347064            56804  0.11864    
      209700  -1.18996921         1121203.        0.000000       -811.1910     -3.44601973426E+07  8.98922329247E+04 -3.83350109585E+02   10.5351523            56852  0.12695    
      209800  -1.18989299         1121262.        0.000000       -809.7259     -3.44579018119E+07  8.98862447436E+04 -3.83350110021E+02   10.5340438            56849  0.11898    
      209900  -1.19003696         1121147.        0.000000       -807.6975     -3.44590966435E+07  8.98893614927E+04 -3.83350110305E+02   10.5348070            56851  0.12446    
      210000  -1.19013069         1121242.        0.000000       -808.3063     -3.44595336387E+07  8.98905014998E+04 -3.83350110009E+02   10.5355452            56858  0.11985    
      210100  -1.18992436         1121122.        0.000000       -809.4274     -3.44534709214E+07  8.98746864058E+04 -3.83350110017E+02   10.5350856            56802  0.12553    
      210200  -1.18954905         1121062.        0.000000       -805.9088     -3.44521034147E+07  8.98711189961E+04 -3.83350110687E+02   10.5346853            56804  0.11985    
      210300  -1.18936256         1121141.        0.000000       -808.2437     -3.44504145701E+07  8.98667135664E+04 -3.83350110435E+02   10.5332862            56813  0.12353    
      210400  -1.18965568         1121126.        0.000000       -807.1183     -3.44562849822E+07  8.98820272646E+04 -3.83350109369E+02   10.5345289            56780  0.12766    
      210500  -1.19014394         1121366.        0.000000       -806.8787     -3.44582742226E+07  8.98872163768E+04 -3.83350109298E+02   10.5334011            56873  0.12080    
      210600  -1.19104318         1121383.        0.000000       -808.7690     -3.44622509866E+07  8.98975899349E+04 -3.83350109959E+02   10.5351611            56835  0.12633    
      210700  -1.19020939         1121096.        0.000000       -809.8233     -3.44578621557E+07  8.98861414520E+04 -3.83350109361E+02   10.5359440            56767  0.11967    
      210800  -1.18924570         1120921.        0.000000       -808.8018     -3.44527590299E+07  8.98728295478E+04 -3.83350109296E+02   10.5352683            56753  0.11973    
      210900  -1.18866557         1120877.        0.000000       -811.2078     -3.44500421351E+07  8.98657424119E+04 -3.83350108845E+02   10.5346896            56728  0.12482    
      211000  -1.18921571         1121228.        0.000000       -811.8541     -3.44525279854E+07  8.98722271645E+04 -3.83350107952E+02   10.5325210            56787  0.12086    
      211100  -1.19071848         1121477.        0.000000       -812.2501     -3.44643353591E+07  8.99030277689E+04 -3.83350107492E+02   10.5337632            56864  0.13118    
      211200  -1.19070391         1121167.        0.000000       -813.1609     -3.44628261180E+07  8.98990906419E+04 -3.83350108125E+02   10.5358159            56862  0.12106    
      211300  -1.18948683         1120960.        0.000000       -813.6846     -3.44575994575E+07  8.98854565924E+04 -3.83350107613E+02   10.5361512            56857  0.12127    
      211400  -1.18874270         1120868.        0.000000       -811.5775     -3.44498025596E+07  8.98651177413E+04 -3.83350107644E+02   10.5364737            56885  0.12537    
      211500  -1.18891502         1120974.        0.000000       -808.8859     -3.44454734589E+07  8.98538246359E+04 -3.83350108896E+02   10.5347351            56902  0.12171    
      211600  -1.18909276         1121050.        0.000000       -810.8308     -3.44458565477E+07  8.98548240261E+04 -3.83350108590E+02   10.5352249            56946  0.12339    
      211700  -1.18938494         1121024.        0.000000       -810.4145     -3.44437237157E+07  8.98492603932E+04 -3.83350108448E+02   10.5346839            56897  0.12556    
      211800  -1.18897746         1121021.        0.000000       -810.2207     -3.44455115629E+07  8.98539242250E+04 -3.83350108078E+02   10.5330563            56888  0.12392    
      211900  -1.18955080         1121240.        0.000000       -812.0607     -3.44515940483E+07  8.98697908109E+04 -3.83350108390E+02   10.5337585            56948  0.11938    
      212000  -1.18978779         1121135.        0.000000       -811.8059     -3.44535768618E+07  8.98749631919E+04 -3.83350108174E+02   10.5344945            56921  0.11990    
      212100  -1.18951596         1120996.        0.000000       -813.3025     -3.44505046046E+07  8.98669487678E+04 -3.83350108989E+02   10.5363720            56876  0.12706    
      212200  -1.18892645         1120999.        0.000000       -813.2280     -3.44464509534E+07  8.98563744373E+04 -3.83350109207E+02   10.5338461            56856  0.11979    
      212300  -1.19000892         1121215.        0.000000       -815.0907     -3.44556426817E+07  8.98803518764E+04 -3.83350108921E+02   10.5349897            56933  0.12528    
      212400  -1.18933287         1120947.        0.000000       -810.8858     -3.44516512384E+07  8.98699396889E+04 -3.83350109700E+02   10.5352946            56899  0.11955    
      212500  -1.18881983         1120901.        0.000000       -814.1700     -3.44497083647E+07  8.98648716674E+04 -3.83350109175E+02   10.5349940            56936  0.11952    
      212600  -1.18863896         1120932.        0.000000       -814.1782     -3.44472142453E+07  8.98583654457E+04 -3.83350109636E+02   10.5343300            56913  0.12392    
      212700  -1.18889988         1121139.        0.000000       -814.8949     -3.44495071439E+07  8.98643465731E+04 -3.83350110000E+02   10.5330054            56920  0.12171    
      212800  -1.18990429         1121275.        0.000000       -816.0436     -3.44559385354E+07  8.98811235198E+04 -3.83350109412E+02   10.5339318            56938  0.12352    
      212900  -1.18988820         1121066.        0.000000       -815.4898     -3.44565428335E+07  8.98826998706E+04 -3.83350109455E+02   10.5355539            56902  0.11885    
      213000  -1.18985461         1121235.        0.000000       -814.1740     -3.44543898609E+07  8.98770837316E+04 -3.83350109175E+02   10.5349000            56915  0.11972    
      213100  -1.18991362         1121202.        0.000000       -815.0930     -3.44488503319E+07  8.98626333438E+04 -3.83350109496E+02   10.5350785            56935  0.12608    
      213200  -1.19015528         1121282.        0.000000       -816.9135     -3.44453839080E+07  8.98535909034E+04 -3.83350109458E+02   10.5345113            56890  0.12024    
      213300  -1.19019544         1121273.        0.000000       -819.8117     -3.44447714917E+07  8.98519936520E+04 -3.83350108236E+02   10.5344140            56883  0.12840    
      213400  -1.18968321         1120943.        0.000000       -818.2634     -3.44452508731E+07  8.98532441100E+04 -3.83350108438E+02   10.5358312            56898  0.11887    
      213500  -1.18890193         1120916.        0.000000       -816.9021     -3.44424525183E+07  8.98459443973E+04 -3.83350108336E+02   10.5345449            56828  0.11895    
      213600  -1.18859632         1120897.        0.000000       -815.8901     -3.44447340987E+07  8.98518962414E+04 -3.83350107673E+02   10.5337519            56827  0.12385    
      213700  -1.18888844         1120931.        0.000000       -816.8927     -3.44481805955E+07  8.98608866294E+04 -3.83350108012E+02   10.5335252            56828  0.12735    
      213800  -1.18892558         1120927.        0.000000       -813.1277     -3.44494216506E+07  8.98641239105E+04 -3.83350108492E+02   10.5340110            56859  0.12276    
      213900  -1.18926678         1121064.        0.000000       -815.6413     -3.44584007632E+07  8.98875467251E+04 -3.83350108203E+02   10.5340446            56845  0.11954    
      214000  -1.18910146         1120902.        0.000000       -813.8294     -3.44572565947E+07  8.98845619034E+04 -3.83350108906E+02   10.5355722            56873  0.12003    
      214100  -1.18881198         1121055.        0.000000       -815.8536     -3.44560792146E+07  8.98814904344E+04 -3.83350109662E+02   10.5332531            56867  0.12653    
      214200  -1.18940929         1121100.        0.000000       -817.4224     -3.44567235312E+07  8.98831709813E+04 -3.83350110538E+02   10.5350508            56873  0.11941    
      214300  -1.18928426         1120974.        0.000000       -818.4583     -3.44544505911E+07  8.98772418602E+04 -3.83350110418E+02   10.5351849            56860  0.12391    
      214400  -1.18894576         1121019.        0.000000       -820.9087     -3.44538479349E+07  8.98756698501E+04 -3.83350110129E+02   10.5336747            56837  0.11987    
      214500  -1.18870134         1120708.        0.000000       -818.7089     -3.44530094761E+07  8.98734825826E+04 -3.83350110467E+02   10.5361836            56855  0.12449    
      214600  -1.18762546         1120679.        0.000000       -820.7458     -3.44472856254E+07  8.98585513660E+04 -3.83350110832E+02   10.5336541            56869  0.11938    
      214700  -1.18838786         1120963.        0.000000       -818.2674     -3.44569971073E+07  8.98838846894E+04 -3.83350110271E+02   10.5337569            56880  0.11946    
      214800  -1.18941253         1121194.        0.000000       -819.4662     -3.44621824911E+07  8.98974111159E+04 -3.83350110568E+02   10.5342982            56841  0.12501    
      214900  -1.18941896         1121097.        0.000000       -819.5906     -3.44571730828E+07  8.98843436444E+04 -3.83350110661E+02   10.5347870            56824  0.11970    
      215000  -1.18917011         1120928.        0.000000       -817.7153     -3.44515588866E+07  8.98696985347E+04 -3.83350110753E+02   10.5356336            56860  0.12774    
      215100  -1.18932740         1121205.        0.000000       -818.5612     -3.44500083504E+07  8.98656539402E+04 -3.83350110303E+02   10.5337474            56897  0.12000    
      215200  -1.18995721         1121067.        0.000000       -819.7360     -3.44529039260E+07  8.98732073080E+04 -3.83350110205E+02   10.5350897            56929  0.12338    
      215300  -1.18878444         1120804.        0.000000       -819.3824     -3.44474824248E+07  8.98590650768E+04 -3.83350109367E+02   10.5358629            56907  0.12458    
      215400  -1.18868634         1120879.        0.000000       -819.4724     -3.44471531527E+07  8.98582061338E+04 -3.83350109409E+02   10.5344818            56938  0.12069    
      215500  -1.18907784         1121071.        0.000000       -819.7138     -3.44527745682E+07  8.98728700485E+04 -3.83350109433E+02   10.5333942            56943  0.12625    
      215600  -1.18924323         1121017.        0.000000       -819.7719     -3.44573606238E+07  8.98848330497E+04 -3.83350109854E+02   10.5339183            56919  0.11966    
      215700  -1.18911647         1121022.        0.000000       -816.0066     -3.44598128519E+07  8.98912297466E+04 -3.83350110451E+02   10.5340002            56871  0.12006    
      215800  -1.18940238         1121021.        0.000000       -816.0806     -3.44618532684E+07  8.98965524918E+04 -3.83350109800E+02   10.5350903            56877  0.12448    
      215900  -1.18886688         1120992.        0.000000       -819.6069     -3.44592507491E+07  8.98897638315E+04 -3.83350108848E+02   10.5342575            56863  0.12004    
      216000  -1.18963960         1121080.        0.000000       -819.9978     -3.44641488360E+07  8.99025407402E+04 -3.83350109488E+02   10.5342949            56821  0.12446    
      216100  -1.18902274         1120830.        0.000000       -821.3344     -3.44603006496E+07  8.98925024776E+04 -3.83350109295E+02   10.5360812            56775  0.11933    
      216200  -1.18779802         1120689.        0.000000       -817.5334     -3.44514052824E+07  8.98692981006E+04 -3.83350109666E+02   10.5341439            56772  0.12059    
      216300  -1.18833930         1120830.        0.000000       -815.5181     -3.44553175082E+07  8.98795033236E+04 -3.83350110249E+02   10.5333054            56842  0.12280    
      216400  -1.18875383         1120985.        0.000000       -817.1444     -3.44604834842E+07  8.98929792283E+04 -3.83350110098E+02   10.5342732            56833  0.11970    
      216500  -1.18909749         1121009.        0.000000       -815.7864     -3.44648099835E+07  8.99042649624E+04 -3.83350111343E+02   10.5346770            56820  0.12796    
      216600  -1.18889370         1120840.        0.000000       -812.6245     -3.44616485748E+07  8.98960181999E+04 -3.83350111216E+02   10.5354203            56849  0.11976    
      216700  -1.18821636         1120781.        0.000000       -811.8954     -3.44574960590E+07  8.98851859783E+04 -3.83350111412E+02   10.5349696            56891  0.12258    
      216800  -1.18859523         1121018.        0.000000       -813.0812     -3.44559390455E+07  8.98811244690E+04 -3.83350111039E+02   10.5332157            56889  0.12353    
      216900  -1.18994036         1121326.        0.000000       -812.2678     -3.44663299428E+07  8.99082301649E+04 -3.83350110214E+02   10.5334848            56933  0.12017    
      217000  -1.19060301         1121303.        0.000000       -812.5108     -3.44675940610E+07  8.99115278325E+04 -3.83350109735E+02   10.5347723            56892  0.12976    
      217100  -1.19006417         1121140.        0.000000       -811.6932     -3.44676543339E+07  8.99116852031E+04 -3.83350109122E+02   10.5343942            56947  0.12017    
      217200  -1.18953995         1121034.        0.000000       -808.0806     -3.44661066869E+07  8.99076480191E+04 -3.83350109210E+02   10.5349457            56904  0.12369    
      217300  -1.18953359         1121167.        0.000000       -808.6587     -3.44673714776E+07  8.99109473825E+04 -3.83350108980E+02   10.5346367            56929  0.12325    
      217400  -1.18929910         1121010.        0.000000       -809.9700     -3.44656706128E+07  8.99065105753E+04 -3.83350108822E+02   10.5343457            56876  0.11992    
      217500  -1.18951508         1121108.        0.000000       -807.5523     -3.44714988530E+07  8.99217139917E+04 -3.83350108920E+02   10.5346032            56866  0.12515    
      217600  -1.18976544         1121137.        0.000000       -813.4954     -3.44744149717E+07  8.99293209865E+04 -3.83350108658E+02   10.5344946            56880  0.11991    
      217700  -1.18943672         1121022.        0.000000       -811.5290     -3.44725502998E+07  8.99244568050E+04 -3.83350108798E+02   10.5355856            56828  0.12371    
      217800  -1.18871985         1120845.        0.000000       -810.5071     -3.44680231464E+07  8.99126472798E+04 -3.83350109125E+02   10.5362001            56826  0.11994    
      217900  -1.18832451         1120777.        0.000000       -811.2050     -3.44652016355E+07  8.99052871876E+04 -3.83350108916E+02   10.5343493            56787  0.12004    
      218000  -1.18818194         1120890.        0.000000       -812.8122     -3.44641187174E+07  8.99024621742E+04 -3.83350109485E+02   10.5344995            56861  0.12965    
      218100  -1.18911731         1121150.        0.000000       -811.6073     -3.44679962429E+07  8.99125770143E+04 -3.83350109489E+02   10.5337076            56856  0.12339    
      218200  -1.19001483         1121309.        0.000000       -812.3310     -3.44739954083E+07  8.99282263494E+04 -3.83350109390E+02   10.5339045            56886  0.12723    
      218300  -1.18976165         1121020.        0.000000       -809.0690     -3.44729428397E+07  8.99254805148E+04 -3.83350109917E+02   10.5358800            56818  0.11936    
      218400  -1.18888039         1120851.        0.000000       -809.9615     -3.44690989206E+07  8.99154531583E+04 -3.83350110686E+02   10.5349336            56770  0.12002    
      218500  -1.18857079         1120935.        0.000000       -808.7155     -3.44681801952E+07  8.99130564877E+04 -3.83350111114E+02   10.5343989            56796  0.12413    
      218600  -1.18890769         1121006.        0.000000       -810.9946     -3.44691039070E+07  8.99154660934E+04 -3.83350110994E+02   10.5340496            56805  0.12011    
      218700  -1.18914177         1121089.        0.000000       -809.5229     -3.44684028762E+07  8.99136374333E+04 -3.83350110841E+02   10.5350560            56922  0.12772    
      218800  -1.18931412         1121038.        0.000000       -807.9510     -3.44689829321E+07  8.99151507036E+04 -3.83350110214E+02   10.5338821            56866  0.11867    
      218900  -1.18934720         1121201.        0.000000       -807.7194     -3.44712253624E+07  8.99210002943E+04 -3.83350110092E+02   10.5339482            56896  0.12566    
      219000  -1.19001817         1121153.        0.000000       -806.0293     -3.44730462819E+07  8.99257503365E+04 -3.83350109984E+02   10.5353276            56843  0.11920    
      219100  -1.18952379         1121076.        0.000000       -804.2127     -3.44689550394E+07  8.99150778484E+04 -3.83350110618E+02   10.5351755            56880  0.11973    
      219200  -1.18904540         1121016.        0.000000       -804.9948     -3.44629173058E+07  8.98993279912E+04 -3.83350110350E+02   10.5350312            56915  0.12221    
      219300  -1.18927929         1120941.        0.000000       -804.6160     -3.44608263103E+07  8.98938732383E+04 -3.83350111291E+02   10.5360006            56941  0.11909    
      219400  -1.18872982         1120884.        0.000000       -806.2722     -3.44564289239E+07  8.98824022990E+04 -3.83350111286E+02   10.5345137            56936  0.12390    
      219500  -1.18866884         1120912.        0.000000       -807.2533     -3.44600638101E+07  8.98918843975E+04 -3.83350110425E+02   10.5339605            56913  0.12004    
      219600  -1.18858687         1120915.        0.000000       -807.0935     -3.44649281544E+07  8.99045735539E+04 -3.83350109922E+02   10.5341545            56893  0.11914    
      219700  -1.18884791         1120970.        0.000000       -807.9200     -3.44643165334E+07  8.99029781509E+04 -3.83350109666E+02   10.5345622            56860  0.12517    
      219800  -1.18907415         1121032.        0.000000       -808.6452     -3.44706700420E+07  8.99195518251E+04 -3.83350109541E+02   10.5335307            56789  0.12167    
      219900  -1.18939501         1121064.        0.000000       -808.1795     -3.44783134952E+07  8.99394905443E+04 -3.83350108908E+02   10.5342650            56796  0.12550    
      220000  -1.18936420         1121008.        0.000000       -806.2597     -3.44790999579E+07  8.99415421039E+04 -3.83350108875E+02   10.5354831            56801  0.11988    
      220100  -1.18969059         1121235.        0.000000       -805.8218     -3.44757825133E+07  8.99328884060E+04 -3.83350108335E+02   10.5341547            56840  0.11944    
      220200  -1.19011259         1121307.        0.000000       -806.4963     -3.44757449172E+07  8.99327902634E+04 -3.83350108633E+02   10.5347181            56878  0.12584    
      220300  -1.18982495         1121157.        0.000000       -805.7642     -3.44699991539E+07  8.99178020022E+04 -3.83350108503E+02   10.5354518            56820  0.12003    
      220400  -1.18998260         1121289.        0.000000       -807.0409     -3.44660261556E+07  8.99074379061E+04 -3.83350109382E+02   10.5346683            56891  0.12705    
      220500  -1.19100961         1121492.        0.000000       -805.2783     -3.44662540851E+07  8.99080322918E+04 -3.83350110179E+02   10.5351282            56873  0.11899    
      220600  -1.19092549         1121330.        0.000000       -808.2318     -3.44612200204E+07  8.98949004874E+04 -3.83350110335E+02   10.5358422            56887  0.11933    
      220700  -1.19022246         1121157.        0.000000       -803.7866     -3.44555549184E+07  8.98801226584E+04 -3.83350110116E+02   10.5359105            56896  0.12762    
      220800  -1.18952908         1121073.        0.000000       -802.0024     -3.44497355999E+07  8.98649424957E+04 -3.83350110101E+02   10.5341658            56865  0.12040    
      220900  -1.18948662         1121133.        0.000000       -800.3890     -3.44505132983E+07  8.98669712162E+04 -3.83350109968E+02   10.5340123            56885  0.12675    
      221000  -1.18964855         1121091.        0.000000       -797.4148     -3.44544044831E+07  8.98771216908E+04 -3.83350109961E+02   10.5351312            56932  0.12014    
      221100  -1.18971104         1121075.        0.000000       -800.1900     -3.44540720920E+07  8.98762545061E+04 -3.83350110453E+02   10.5339435            56904  0.12175    
      221200  -1.18919955         1121052.        0.000000       -800.8713     -3.44581338629E+07  8.98868498975E+04 -3.83350110747E+02   10.5338542            56890  0.12436    
      221300  -1.18939795         1121012.        0.000000       -800.6536     -3.44585113450E+07  8.98878346078E+04 -3.83350110672E+02   10.5357435            56910  0.11964    
      221400  -1.18907087         1120954.        0.000000       -801.7272     -3.44567296850E+07  8.98831867633E+04 -3.83350111693E+02   10.5343372            56858  0.12412    
      221500  -1.18845759         1120896.        0.000000       -801.3232     -3.44527634516E+07  8.98728407214E+04 -3.83350110834E+02   10.5345126            56801  0.12111    
      221600  -1.18870670         1120962.        0.000000       -803.6869     -3.44542111939E+07  8.98766172927E+04 -3.83350110761E+02   10.5341212            56738  0.12758    
      221700  -1.18936205         1121150.        0.000000       -804.0129     -3.44587045788E+07  8.98883385285E+04 -3.83350111293E+02   10.5332751            56803  0.12061    
      221800  -1.18983563         1121210.        0.000000       -803.1563     -3.44631277338E+07  8.98998767472E+04 -3.83350111043E+02   10.5347785            56825  0.12033    
      221900  -1.18945240         1121006.        0.000000       -800.1385     -3.44586126994E+07  8.98880988429E+04 -3.83350111338E+02   10.5352657            56783  0.12706    
      222000  -1.18889295         1120945.        0.000000       -798.5833     -3.44542223635E+07  8.98766463756E+04 -3.83350110990E+02   10.5354366            56790  0.12453    
      222100  -1.18925314         1121113.        0.000000       -801.2851     -3.44562272460E+07  8.98818763150E+04 -3.83350110819E+02   10.5334279            56809  0.12474    
      222200  -1.18947236         1121101.        0.000000       -803.2259     -3.44604155219E+07  8.98928016532E+04 -3.83350111334E+02   10.5342781            56811  0.12266    
      222300  -1.18982061         1121166.        0.000000       -803.2080     -3.44641606173E+07  8.99025713363E+04 -3.83350110069E+02   10.5350280            56871  0.12416    
      222400  -1.19009546         1121244.        0.000000       -803.5547     -3.44633316007E+07  8.99004089550E+04 -3.83350109319E+02   10.5348529            56896  0.12625    
      222500  -1.18997757         1121243.        0.000000       -801.8431     -3.44619938803E+07  8.98969195663E+04 -3.83350108619E+02   10.5339928            56899  0.12070    
      222600  -1.18992153         1121091.        0.000000       -805.4942     -3.44626981598E+07  8.98987566910E+04 -3.83350108815E+02   10.5351199            56881  0.12468    
      222700  -1.18942079         1121111.        0.000000       -804.3774     -3.44620236592E+07  8.98969971588E+04 -3.83350108995E+02   10.5338903            56863  0.11988    
      222800  -1.18937109         1120911.        0.000000       -805.5728     -3.44656765283E+07  8.99065259715E+04 -3.83350108970E+02   10.5353791            56787  0.12170    
      222900  -1.18828824         1120771.        0.000000       -808.9091     -3.44624494611E+07  8.98981082216E+04 -3.83350107615E+02   10.5343429            56770  0.12321    
      223000  -1.18883400         1121040.        0.000000       -810.8978     -3.44668145877E+07  8.99094950296E+04 -3.83350107532E+02   10.5337212            56759  0.11991    
      223100  -1.18924224         1121082.        0.000000       -816.3590     -3.44697482023E+07  8.99171475304E+04 -3.83350107838E+02   10.5341073            56783  0.12471    
      223200  -1.18894681         1121044.        0.000000       -815.2062     -3.44681460676E+07  8.99129682723E+04 -3.83350107664E+02   10.5339643            56798  0.11951    
      223300  -1.18985937         1121217.        0.000000       -814.0823     -3.44734199739E+07  8.99267256987E+04 -3.83350107613E+02   10.5329187            56802  0.12316    
      223400  -1.18982916         1121112.        0.000000       -811.9527     -3.44774731882E+07  8.99372988461E+04 -3.83350107581E+02   10.5358820            56767  0.12352    
      223500  -1.18992978         1121155.        0.000000       -809.6777     -3.44759660837E+07  8.99333671771E+04 -3.83350108707E+02   10.5344501            56728  0.12108    
      223600  -1.18993819         1121197.        0.000000       -810.7352     -3.44745261575E+07  8.99296109039E+04 -3.83350109169E+02   10.5345119            56701  0.12376    
      223700  -1.19033316         1121362.        0.000000       -808.7568     -3.44722043311E+07  8.99235543690E+04 -3.83350108578E+02   10.5349566            56790  0.12046    
      223800  -1.19051944         1121321.        0.000000       -806.9170     -3.44707109132E+07  8.99196587126E+04 -3.83350108383E+02   10.5354768            56822  0.12277    
      223900  -1.19005448         1121140.        0.000000       -803.3681     -3.44624375370E+07  8.98980769770E+04 -3.83350108210E+02   10.5359172            56823  0.12005    
      224000  -1.18954732         1120998.        0.000000       -800.9685     -3.44596887183E+07  8.98909061366E+04 -3.83350109587E+02   10.5344781            56739  0.12024    
      224100  -1.18876188         1120822.        0.000000       -800.1513     -3.44529074229E+07  8.98732164314E+04 -3.83350110199E+02   10.5373488            56800  0.12497    
      224200  -1.18898100         1121059.        0.000000       -799.2899     -3.44504295919E+07  8.98667527018E+04 -3.83350110649E+02   10.5343548            56820  0.11982    
      224300  -1.18950866         1121191.        0.000000       -799.5404     -3.44511672039E+07  8.98686768338E+04 -3.83350110603E+02   10.5334105            56853  0.12905    
      224400  -1.18941713         1120953.        0.000000       -801.2717     -3.44529755978E+07  8.98733942486E+04 -3.83350110296E+02   10.5350810            56852  0.11948    
      224500  -1.18920759         1121030.        0.000000       -800.7954     -3.44542532385E+07  8.98767271256E+04 -3.83350110094E+02   10.5337818            56889  0.12048    
      224600  -1.18922077         1121026.        0.000000       -803.7241     -3.44560759090E+07  8.98814818014E+04 -3.83350109704E+02   10.5348111            56867  0.12432    
      224700  -1.18958097         1121164.        0.000000       -805.2967     -3.44562111699E+07  8.98818346232E+04 -3.83350109778E+02   10.5342250            56820  0.12192    
      224800  -1.18996257         1121202.        0.000000       -802.3396     -3.44553020347E+07  8.98794631291E+04 -3.83350109526E+02   10.5351448            56827  0.12502    
      224900  -1.18981697         1121171.        0.000000       -803.7541     -3.44537864815E+07  8.98755098038E+04 -3.83350109020E+02   10.5339725            56827  0.11907    
      225000  -1.19001528         1121292.        0.000000       -805.7187     -3.44582390753E+07  8.98871246010E+04 -3.83350109687E+02   10.5341395            56809  0.12160    
      225100  -1.19064679         1121399.        0.000000       -806.6597     -3.44645217761E+07  8.99035137304E+04 -3.83350108868E+02   10.5333553            56894  0.13052    
      225200  -1.19017804         1121077.        0.000000       -807.0133     -3.44652497052E+07  8.99054126224E+04 -3.83350108741E+02   10.5359681            56883  0.12181    
      225300  -1.18928527         1120942.        0.000000       -809.1256     -3.44614433678E+07  8.98954834231E+04 -3.83350108989E+02   10.5347504            56854  0.12583    
      225400  -1.18871965         1120982.        0.000000       -807.4286     -3.44598191914E+07  8.98912468891E+04 -3.83350107869E+02   10.5343697            56833  0.12055    
      225500  -1.18922923         1121041.        0.000000       -806.9842     -3.44603817140E+07  8.98927142850E+04 -3.83350107827E+02   10.5352075            56864  0.12361    
      225600  -1.18947853         1121195.        0.000000       -807.6687     -3.44587737268E+07  8.98885197771E+04 -3.83350107581E+02   10.5334973            56867  0.12278    
      225700  -1.18985224         1121210.        0.000000       -809.7547     -3.44619822838E+07  8.98968895829E+04 -3.83350107481E+02   10.5333008            56863  0.11976    
      225800  -1.18994552         1121081.        0.000000       -811.0874     -3.44668512758E+07  8.99095907100E+04 -3.83350107632E+02   10.5351365            56866  0.12746    
      225900  -1.19000623         1121313.        0.000000       -810.8391     -3.44685987318E+07  8.99141488973E+04 -3.83350108459E+02   10.5346339            56865  0.12031    
      226000  -1.19100130         1121568.        0.000000       -807.6883     -3.44696694868E+07  8.99169420365E+04 -3.83350108513E+02   10.5337583            56861  0.12590    
      226100  -1.19123203         1121420.        0.000000       -806.3793     -3.44689205313E+07  8.99149883612E+04 -3.83350108359E+02   10.5348905            56891  0.12058    
      226200  -1.19065058         1121291.        0.000000       -806.5674     -3.44643211570E+07  8.99029903153E+04 -3.83350109225E+02   10.5358848            56857  0.12039    
      226300  -1.19030104         1121233.        0.000000       -806.0559     -3.44609647216E+07  8.98942346333E+04 -3.83350109850E+02   10.5342552            56911  0.12491    
      226400  -1.19007514         1121263.        0.000000       -806.0119     -3.44606513000E+07  8.98934172218E+04 -3.83350109107E+02   10.5347764            56928  0.11983    
      226500  -1.18961639         1120954.        0.000000       -807.0075     -3.44575426574E+07  8.98853081574E+04 -3.83350108752E+02   10.5361944            56873  0.12776    
      226600  -1.18906713         1121062.        0.000000       -805.6552     -3.44491313282E+07  8.98633666754E+04 -3.83350108088E+02   10.5342468            56850  0.11952    
      226700  -1.18915857         1120990.        0.000000       -806.3494     -3.44494854550E+07  8.98642905415E+04 -3.83350107672E+02   10.5347168            56837  0.11953    
      226800  -1.18906584         1120987.        0.000000       -807.3329     -3.44490160004E+07  8.98630658925E+04 -3.83350107836E+02   10.5337282            56828  0.12531    
      226900  -1.18895395         1120796.        0.000000       -807.1819     -3.44505586913E+07  8.98670899443E+04 -3.83350108618E+02   10.5360808            56804  0.11927    
      227000  -1.18859044         1120825.        0.000000       -808.2923     -3.44476128269E+07  8.98594054879E+04 -3.83350108315E+02   10.5340420            56813  0.12356    
      227100  -1.18816342         1120840.        0.000000       -807.3100     -3.44487318530E+07  8.98623245266E+04 -3.83350108452E+02   10.5352626            56848  0.11915    
      227200  -1.18820873         1120707.        0.000000       -808.3195     -3.44442969554E+07  8.98507556154E+04 -3.83350108961E+02   10.5358419            56863  0.12615    
      227300  -1.18830513         1120919.        0.000000       -809.4318     -3.44478947386E+07  8.98601407000E+04 -3.83350109072E+02   10.5336738            56855  0.12556    
      227400  -1.18902004         1121014.        0.000000       -810.8512     -3.44539617982E+07  8.98759671350E+04 -3.83350109006E+02   10.5344438            56834  0.12190    
      227500  -1.18959873         1121133.        0.000000       -810.9041     -3.44564397344E+07  8.98824310153E+04 -3.83350109083E+02   10.5338808            56849  0.12811    
      227600  -1.18976008         1121142.        0.000000       -810.3493     -3.44586992561E+07  8.98883252541E+04 -3.83350108690E+02   10.5350257            56828  0.11997    
      227700  -1.18969186         1121077.        0.000000       -806.9581     -3.44555624145E+07  8.98801424617E+04 -3.83350109054E+02   10.5355749            56832  0.13035    
      227800  -1.18914208         1120963.        0.000000       -806.7181     -3.44497241137E+07  8.98649125136E+04 -3.83350110183E+02   10.5351191            56822  0.12008    
      227900  -1.18947403         1121128.        0.000000       -806.7256     -3.44504347583E+07  8.98667662027E+04 -3.83350110547E+02   10.5349770            56827  0.12377    
      228000  -1.19007362         1121279.        0.000000       -809.4769     -3.44537849686E+07  8.98755055314E+04 -3.83350110410E+02   10.5332054            56819  0.12458    
      228100  -1.18983919         1121151.        0.000000       -807.2760     -3.44507261789E+07  8.98675262788E+04 -3.83350111051E+02   10.5359898            56857  0.11931    
      228200  -1.18998788         1121133.        0.000000       -804.6036     -3.44471294884E+07  8.98581439673E+04 -3.83350111270E+02   10.5352114            56864  0.12474    
      228300  -1.18938171         1121044.        0.000000       -805.5887     -3.44383684695E+07  8.98352902914E+04 -3.83350110606E+02   10.5351050            56861  0.12029    
      228400  -1.18933855         1121079.        0.000000       -805.4727     -3.44369333708E+07  8.98315466200E+04 -3.83350111030E+02   10.5344080            56877  0.12106    
      228500  -1.18915774         1120963.        0.000000       -802.9304     -3.44348946175E+07  8.98262281693E+04 -3.83350111870E+02   10.5345514            56876  0.12934    
      228600  -1.18852080         1120799.        0.000000       -802.7811     -3.44339359740E+07  8.98237277183E+04 -3.83350110809E+02   10.5346746            56884  0.12269    
      228700  -1.18818575         1120807.        0.000000       -806.9426     -3.44335992799E+07  8.98228493963E+04 -3.83350110928E+02   10.5338204            56867  0.12700    
      228800  -1.18907094         1121054.        0.000000       -804.2533     -3.44407176652E+07  8.98414184950E+04 -3.83350110028E+02   10.5347824            56872  0.12002    
      228900  -1.18901268         1120932.        0.000000       -808.8322     -3.44404412998E+07  8.98406976059E+04 -3.83350109889E+02   10.5336178            56890  0.12023    
      229000  -1.18915243         1121088.        0.000000       -807.3551     -3.44485073766E+07  8.98617385006E+04 -3.83350110418E+02   10.5335652            56877  0.12934    
      229100  -1.18936273         1121088.        0.000000       -808.7621     -3.44542536853E+07  8.98767281989E+04 -3.83350110488E+02   10.5340381            56905  0.12108    
      229200  -1.18931800         1121038.        0.000000       -810.5593     -3.44543384032E+07  8.98769491410E+04 -3.83350110707E+02   10.5344088            56848  0.12424    
      229300  -1.18934823         1120970.        0.000000       -810.6446     -3.44551871018E+07  8.98791631408E+04 -3.83350110279E+02   10.5353727            56880  0.12006    
      229400  -1.18877351         1120887.        0.000000       -810.5784     -3.44537451137E+07  8.98754015582E+04 -3.83350110446E+02   10.5346764            56886  0.13203    
      229500  -1.18850475         1120929.        0.000000       -808.1966     -3.44561298758E+07  8.98816223734E+04 -3.83350110578E+02   10.5331336            56817  0.11990    
      229600  -1.18929479         1121144.        0.000000       -807.5199     -3.44635864249E+07  8.99010733575E+04 -3.83350110714E+02   10.5336826            56815  0.12184    
      229700  -1.19009406         1121249.        0.000000       -809.3932     -3.44677199608E+07  8.99118560900E+04 -3.83350110427E+02   10.5343250            56844  0.12745    
      229800  -1.19003875         1121221.        0.000000       -808.9593     -3.44662141810E+07  8.99079283845E+04 -3.83350109387E+02   10.5343642            56868  0.12186    
      229900  -1.19012519         1121229.        0.000000       -808.9519     -3.44656055272E+07  8.99063404473E+04 -3.83350110300E+02   10.5350418            56866  0.12747    
      230000  -1.19015101         1121310.        0.000000       -807.9058     -3.44645767158E+07  8.99036568177E+04 -3.83350109837E+02   10.5344815            56889  0.12013    
      230100  -1.19042918         1121208.        0.000000       -806.5515     -3.44644699235E+07  8.99033782930E+04 -3.83350109616E+02   10.5348390            56853  0.11982    
      230200  -1.18998697         1121186.        0.000000       -807.4806     -3.44635532632E+07  8.99009872129E+04 -3.83350109177E+02   10.5341110            56850  0.12526    
      230300  -1.18949796         1121024.        0.000000       -808.5710     -3.44628997680E+07  8.98992822680E+04 -3.83350110241E+02   10.5353829            56837  0.12023    
      230400  -1.18892789         1120806.        0.000000       -811.4322     -3.44577100998E+07  8.98857446950E+04 -3.83350109816E+02   10.5352255            56837  0.12416    
      230500  -1.18802547         1120767.        0.000000       -811.8007     -3.44565233030E+07  8.98826486815E+04 -3.83350110488E+02   10.5345722            56845  0.12621    
      230600  -1.18824235         1120919.        0.000000       -809.4181     -3.44571689600E+07  8.98843330472E+04 -3.83350109990E+02   10.5336179            56837  0.12459    
      230700  -1.18910727         1121125.        0.000000       -812.2244     -3.44628313588E+07  8.98991037484E+04 -3.83350110533E+02   10.5335366            56878  0.12459    
      230800  -1.18993908         1121253.        0.000000       -812.1651     -3.44688180933E+07  8.99147207025E+04 -3.83350110238E+02   10.5347317            56869  0.11859    
      230900  -1.19018648         1121253.        0.000000       -809.9098     -3.44645637050E+07  8.99036227389E+04 -3.83350110430E+02   10.5348917            56936  0.12506    
      231000  -1.19004777         1121039.        0.000000       -811.4842     -3.44626040534E+07  8.98985108454E+04 -3.83350110356E+02   10.5358241            56894  0.11959    
      231100  -1.18901719         1120937.        0.000000       -812.4643     -3.44565989670E+07  8.98828463311E+04 -3.83350109320E+02   10.5355550            56838  0.11944    
      231200  -1.18909584         1121127.        0.000000       -809.5157     -3.44518735537E+07  8.98705198271E+04 -3.83350108800E+02   10.5340141            56921  0.12630    
      231300  -1.18997531         1121367.        0.000000       -810.8733     -3.44562933756E+07  8.98820494527E+04 -3.83350108119E+02   10.5333544            56896  0.12057    
      231400  -1.19095531         1121468.        0.000000       -809.7636     -3.44608332700E+07  8.98938921301E+04 -3.83350108149E+02   10.5343445            56944  0.12278    
      231500  -1.19036749         1121153.        0.000000       -808.0977     -3.44586928601E+07  8.98883086886E+04 -3.83350108182E+02   10.5360808            56866  0.12063    
      231600  -1.18961640         1121174.        0.000000       -807.0271     -3.44545958356E+07  8.98776213071E+04 -3.83350108008E+02   10.5342058            56912  0.12974    
      231700  -1.18959600         1121139.        0.000000       -806.9371     -3.44542271300E+07  8.98766595891E+04 -3.83350107664E+02   10.5347051            56896  0.11925    
      231800  -1.18967140         1121099.        0.000000       -804.3113     -3.44544463755E+07  8.98772315409E+04 -3.83350107527E+02   10.5340283            56900  0.11997    
      231900  -1.18923464         1120916.        0.000000       -805.2079     -3.44564140554E+07  8.98823644612E+04 -3.83350107242E+02   10.5356501            56860  0.12749    
      232000  -1.18915864         1121060.        0.000000       -804.8460     -3.44556997799E+07  8.98805011729E+04 -3.83350107423E+02   10.5339237            56840  0.11976    
      232100  -1.18963267         1121205.        0.000000       -804.3256     -3.44593753186E+07  8.98900890589E+04 -3.83350107663E+02   10.5349345            56841  0.12812    
      232200  -1.18977668         1121064.        0.000000       -803.3670     -3.44541543445E+07  8.98764697773E+04 -3.83350107430E+02   10.5357327            56860  0.11999    
      232300  -1.18900103         1120885.        0.000000       -803.5920     -3.44488360444E+07  8.98625963452E+04 -3.83350108337E+02   10.5348577            56858  0.11972    
      232400  -1.18921904         1121083.        0.000000       -804.8830     -3.44517557804E+07  8.98702126888E+04 -3.83350108447E+02   10.5340021            56887  0.13025    
      232500  -1.18939868         1121097.        0.000000       -803.8463     -3.44543303698E+07  8.98769286952E+04 -3.83350108532E+02   10.5342510            56824  0.11924    
      232600  -1.18908474         1120919.        0.000000       -804.9619     -3.44522758846E+07  8.98715695888E+04 -3.83350107740E+02   10.5356766            56887  0.12789    
      232700  -1.18883614         1120973.        0.000000       -805.4159     -3.44511078372E+07  8.98685223991E+04 -3.83350108776E+02   10.5340364            56834  0.11989    
      232800  -1.18954786         1121183.        0.000000       -801.5299     -3.44561199488E+07  8.98815968860E+04 -3.83350108838E+02   10.5340787            56846  0.12001    
      232900  -1.19000206         1121119.        0.000000       -801.6198     -3.44568700928E+07  8.98835537083E+04 -3.83350108793E+02   10.5355989            56824  0.12505    
      233000  -1.18958225         1121102.        0.000000       -801.4438     -3.44555158904E+07  8.98800212222E+04 -3.83350108532E+02   10.5352943            56842  0.11972    
      233100  -1.18983633         1121223.        0.000000       -803.3557     -3.44560940407E+07  8.98815293287E+04 -3.83350108727E+02   10.5343227            56874  0.12828    
      233200  -1.19005202         1121187.        0.000000       -805.6523     -3.44555548135E+07  8.98801226520E+04 -3.83350108976E+02   10.5352555            56885  0.12019    
      233300  -1.18970456         1121185.        0.000000       -805.5947     -3.44566502369E+07  8.98829799032E+04 -3.83350110044E+02   10.5336601            56828  0.12982    
      233400  -1.18985528         1121174.        0.000000       -806.0370     -3.44584216778E+07  8.98876006993E+04 -3.83350110691E+02   10.5344057            56787  0.12504    
      233500  -1.18976299         1121150.        0.000000       -811.8784     -3.44572988626E+07  8.98846719295E+04 -3.83350109901E+02   10.5347649            56775  0.12479    
      233600  -1.19002403         1121255.        0.000000       -809.9876     -3.44570859637E+07  8.98841164353E+04 -3.83350110456E+02   10.5335394            56812  0.12449    
      233700  -1.19029150         1121275.        0.000000       -809.5961     -3.44597402882E+07  8.98910404659E+04 -3.83350110418E+02   10.5340951            56825  0.12019    
      233800  -1.18956742         1121042.        0.000000       -812.4814     -3.44611945956E+07  8.98948343197E+04 -3.83350109674E+02   10.5344351            56758  0.12606    
      233900  -1.18935423         1121130.        0.000000       -813.7259     -3.44596036235E+07  8.98906843798E+04 -3.83350108649E+02   10.5338532            56791  0.11911    
      234000  -1.18977419         1121155.        0.000000       -813.7798     -3.44601313357E+07  8.98920609473E+04 -3.83350108704E+02   10.5353491            56820  0.12051    
      234100  -1.18983658         1121168.        0.000000       -812.4314     -3.44579931368E+07  8.98864832775E+04 -3.83350108719E+02   10.5342262            56807  0.12661    
      234200  -1.18997219         1121256.        0.000000       -813.2123     -3.44583624121E+07  8.98874464993E+04 -3.83350108987E+02   10.5339047            56810  0.11996    
      234300  -1.19027516         1121201.        0.000000       -815.5400     -3.44635178856E+07  8.99008950146E+04 -3.83350108806E+02   10.5342485            56794  0.12783    
      234400  -1.19010673         1121233.        0.000000       -814.6497     -3.44662817232E+07  8.99081050825E+04 -3.83350107218E+02   10.5338249            56826  0.11966    
      234500  -1.19005970         1121170.        0.000000       -813.6759     -3.44657452938E+07  8.99067058094E+04 -3.83350107020E+02   10.5355041            56830  0.12268    
      234600  -1.18963652         1121088.        0.000000       -810.6005     -3.44598459219E+07  8.98913167105E+04 -3.83350107473E+02   10.5350213            56875  0.12775    
      234700  -1.18989022         1121276.        0.000000       -808.8544     -3.44610626196E+07  8.98944905610E+04 -3.83350107493E+02   10.5339997            56818  0.12013    
      234800  -1.19000645         1121181.        0.000000       -810.5600     -3.44598528063E+07  8.98913346244E+04 -3.83350107664E+02   10.5354257            56846  0.12446    
      234900  -1.18985010         1121124.        0.000000       -812.3842     -3.44558609453E+07  8.98809213953E+04 -3.83350108236E+02   10.5342557            56845  0.11926    
      235000  -1.18930387         1120869.        0.000000       -813.4374     -3.44553874125E+07  8.98796860270E+04 -3.83350108746E+02   10.5354894            56779  0.12051    
      235100  -1.18839792         1120920.        0.000000       -814.6658     -3.44519766375E+07  8.98707887181E+04 -3.83350108849E+02   10.5338756            56777  0.12588    
      235200  -1.18916336         1120996.        0.000000       -815.9633     -3.44561531646E+07  8.98816835134E+04 -3.83350108918E+02   10.5347702            56849  0.12549    
      235300  -1.18950409         1121106.        0.000000       -815.5054     -3.44567574550E+07  8.98832596400E+04 -3.83350109831E+02   10.5349286            56871  0.12632    
      235400  -1.18897812         1120921.        0.000000       -816.1387     -3.44544174577E+07  8.98771555773E+04 -3.83350109784E+02   10.5348293            56782  0.12289    
      235500  -1.18907242         1121053.        0.000000       -816.4911     -3.44522980765E+07  8.98716268708E+04 -3.83350110331E+02   10.5344207            56851  0.12379    
      235600  -1.18964445         1121195.        0.000000       -814.0987     -3.44559759603E+07  8.98812208711E+04 -3.83350110584E+02   10.5331280            56812  0.12014    
      235700  -1.18991764         1121124.        0.000000       -813.4114     -3.44599422549E+07  8.98915673862E+04 -3.83350110104E+02   10.5339626            56769  0.12041    
      235800  -1.18974201         1121110.        0.000000       -814.6482     -3.44619604245E+07  8.98968319530E+04 -3.83350110074E+02   10.5346211            56814  0.12438    
      235900  -1.18986956         1121231.        0.000000       -813.8964     -3.44665392842E+07  8.99087762986E+04 -3.83350110001E+02   10.5331405            56714  0.12100    
      236000  -1.19036777         1121313.        0.000000       -812.5803     -3.44695550867E+07  8.99166432226E+04 -3.83350110183E+02   10.5351840            56839  0.12692    
      236100  -1.19013133         1121106.        0.000000       -812.8451     -3.44657251522E+07  8.99066525964E+04 -3.83350109884E+02   10.5356698            56804  0.12017    
      236200  -1.18924258         1120980.        0.000000       -815.3791     -3.44578331193E+07  8.98860655598E+04 -3.83350109994E+02   10.5361068            56840  0.11977    
      236300  -1.18930000         1121063.        0.000000       -814.2708     -3.44565744473E+07  8.98827821255E+04 -3.83350110361E+02   10.5342263            56824  0.12612    
      236400  -1.18945264         1121034.        0.000000       -816.5846     -3.44561023084E+07  8.98815503923E+04 -3.83350110874E+02   10.5349518            56815  0.12009    
      236500  -1.18864073         1120867.        0.000000       -817.3701     -3.44526605930E+07  8.98725725424E+04 -3.83350110254E+02   10.5351564            56864  0.12506    
      236600  -1.18834966         1120925.        0.000000       -817.8289     -3.44498917653E+07  8.98653498454E+04 -3.83350110187E+02   10.5346121            56909  0.12441    
      236700  -1.18911180         1121080.        0.000000       -819.3319     -3.44536235921E+07  8.98750846423E+04 -3.83350110091E+02   10.5331138            56848  0.12042    
      236800  -1.18955312         1121158.        0.000000       -814.3754     -3.44586287385E+07  8.98881409413E+04 -3.83350110233E+02   10.5341766            56891  0.12534    
      236900  -1.19011039         1121261.        0.000000       -814.2159     -3.44627283448E+07  8.98988350829E+04 -3.83350110299E+02   10.5339826            56872  0.12280    
      237000  -1.18971201         1121064.        0.000000       -813.0740     -3.44625498344E+07  8.98983695796E+04 -3.83350109635E+02   10.5347784            56861  0.12742    
      237100  -1.18906263         1120894.        0.000000       -813.0806     -3.44587029902E+07  8.98883347148E+04 -3.83350109884E+02   10.5350812            56799  0.11969    
      237200  -1.18881234         1121027.        0.000000       -811.2541     -3.44571816560E+07  8.98843663710E+04 -3.83350109114E+02   10.5339945            56774  0.12764    
      237300  -1.18956725         1121114.        0.000000       -812.7035     -3.44616502669E+07  8.98960230275E+04 -3.83350109452E+02   10.5340270            56766  0.12052    
      237400  -1.18944663         1120971.        0.000000       -810.1147     -3.44609214845E+07  8.98941218044E+04 -3.83350110027E+02   10.5354512            56774  0.12139    
      237500  -1.18907615         1121060.        0.000000       -810.9653     -3.44605993536E+07  8.98932815565E+04 -3.83350109785E+02   10.5334906            56820  0.12581    
      237600  -1.18958574         1121086.        0.000000       -813.5050     -3.44677777272E+07  8.99120071153E+04 -3.83350108990E+02   10.5349039            56853  0.12339    
      237700  -1.18998653         1121239.        0.000000       -812.7952     -3.44699036065E+07  8.99175525230E+04 -3.83350109509E+02   10.5335139            56874  0.12748    
      237800  -1.19002168         1121128.        0.000000       -810.4512     -3.44698646181E+07  8.99174507548E+04 -3.83350109782E+02   10.5358463            56845  0.12090    
      237900  -1.18947514         1121043.        0.000000       -809.2815     -3.44629561764E+07  8.98994296601E+04 -3.83350109191E+02   10.5345316            56889  0.12049    
      238000  -1.18954056         1121108.        0.000000       -811.6096     -3.44626820599E+07  8.98987145646E+04 -3.83350109363E+02   10.5347404            56916  0.12879    
      238100  -1.18898712         1120898.        0.000000       -809.2287     -3.44611729401E+07  8.98947778115E+04 -3.83350109751E+02   10.5348919            56881  0.12145    
      238200  -1.18912842         1121117.        0.000000       -808.7572     -3.44636822803E+07  8.99013238162E+04 -3.83350108957E+02   10.5343754            56900  0.12860    
      238300  -1.18982321         1121213.        0.000000       -808.5403     -3.44670923068E+07  8.99102189890E+04 -3.83350109635E+02   10.5337637            56885  0.12009    
      238400  -1.18991757         1121269.        0.000000       -810.3620     -3.44696217620E+07  8.99168170560E+04 -3.83350110586E+02   10.5341418            56911  0.12031    
      238500  -1.19021609         1121240.        0.000000       -810.3160     -3.44713817472E+07  8.99214081292E+04 -3.83350110551E+02   10.5339782            56913  0.12832    
      238600  -1.18980652         1121084.        0.000000       -809.6183     -3.44726599086E+07  8.99247423385E+04 -3.83350110461E+02   10.5361066            56820  0.12110    
      238700  -1.18927114         1120928.        0.000000       -808.1118     -3.44639251774E+07  8.99019569033E+04 -3.83350111216E+02   10.5357272            56774  0.12337    
      238800  -1.18861334         1120852.        0.000000       -810.4275     -3.44585080028E+07  8.98878258300E+04 -3.83350110926E+02   10.5347321            56809  0.11984    
      238900  -1.18864521         1120988.        0.000000       -809.6186     -3.44583911469E+07  8.98875210203E+04 -3.83350110847E+02   10.5337081            56830  0.12496    
      239000  -1.18922396         1121077.        0.000000       -807.3792     -3.44646890240E+07  8.99039497215E+04 -3.83350110098E+02   10.5333840            56837  0.12018    
      239100  -1.18964127         1121180.        0.000000       -805.6496     -3.44687018958E+07  8.99144176009E+04 -3.83350110200E+02   10.5345432            56818  0.12106    
      239200  -1.19005904         1121288.        0.000000       -804.6900     -3.44686368829E+07  8.99142480472E+04 -3.83350110038E+02   10.5350401            56903  0.12554    
      239300  -1.19017934         1121194.        0.000000       -803.7603     -3.44690012411E+07  8.99151986847E+04 -3.83350109273E+02   10.5348237            56824  0.11975    
      239400  -1.18987907         1121207.        0.000000       -801.6205     -3.44666409836E+07  8.99090417579E+04 -3.83350109284E+02   10.5342602            56886  0.12965    
      239500  -1.18952752         1121084.        0.000000       -802.3182     -3.44680420909E+07  8.99126966558E+04 -3.83350109305E+02   10.5348851            56849  0.11928    
      239600  -1.18916962         1121018.        0.000000       -801.2610     -3.44653809339E+07  8.99057545680E+04 -3.83350110340E+02   10.5345901            56825  0.12532    
      239700  -1.18932194         1120957.        0.000000       -802.2030     -3.44644457232E+07  8.99033149667E+04 -3.83350110460E+02   10.5355345            56851  0.12218    
      239800  -1.18940580         1121192.        0.000000       -802.9146     -3.44636093650E+07  8.99011332500E+04 -3.83350110494E+02   10.5343510            56873  0.12094    
      239900  -1.18971743         1121049.        0.000000       -802.2253     -3.44631652944E+07  8.98999750012E+04 -3.83350109874E+02   10.5362554            56876  0.12604    
      240000  -1.18897082         1120963.        0.000000       -802.5035     -3.44537964523E+07  8.98755355362E+04 -3.83350110203E+02   10.5358943            56896  0.11977    
      240100  -1.18900320         1121057.        0.000000       -801.5969     -3.44478938353E+07  8.98601380847E+04 -3.83350110178E+02   10.5344564            56814  0.12014    
      240200  -1.18909656         1120932.        0.000000       -804.3056     -3.44473974253E+07  8.98588433890E+04 -3.83350109195E+02   10.5352965            56804  0.12340    
      240300  -1.18869877         1120923.        0.000000       -804.7366     -3.44478508471E+07  8.98600263169E+04 -3.83350108596E+02   10.5340146            56755  0.11986    
      240400  -1.18882921         1120998.        0.000000       -803.1285     -3.44502648579E+07  8.98663236368E+04 -3.83350107847E+02   10.5348156            56782  0.12481    
      240500  -1.18910300         1121101.        0.000000       -804.7325     -3.44505933878E+07  8.98671808459E+04 -3.83350106941E+02   10.5333867            56863  0.11971    
      240600  -1.18999143         1121190.        0.000000       -804.9630     -3.44589007419E+07  8.98888512839E+04 -3.83350106823E+02   10.5340666            56852  0.11934    
      240700  -1.19005834         1121225.        0.000000       -806.1064     -3.44592130700E+07  8.98896660965E+04 -3.83350106485E+02   10.5348425            56903  0.12548    
      240800  -1.19021880         1121222.        0.000000       -806.7843     -3.44591961971E+07  8.98896222523E+04 -3.83350105760E+02   10.5345699            56911  0.12024    
      240900  -1.18941913         1120897.        0.000000       -804.4651     -3.44554937082E+07  8.98799643130E+04 -3.83350104459E+02   10.5366075            56841  0.12373    
      241000  -1.18857459         1120850.        0.000000       -803.2833     -3.44505583768E+07  8.98670900362E+04 -3.83350104726E+02   10.5347963            56778  0.12035    
      241100  -1.18829224         1120818.        0.000000       -802.1565     -3.44474142562E+07  8.98588880088E+04 -3.83350106144E+02   10.5350746            56775  0.12615    
      241200  -1.18815150         1120873.        0.000000       -802.6730     -3.44446181688E+07  8.98515938873E+04 -3.83350107422E+02   10.5332633            56806  0.12156    
      241300  -1.18910145         1121076.        0.000000       -803.8808     -3.44503389016E+07  8.98665168130E+04 -3.83350107730E+02   10.5352419            56840  0.12589    
      241400  -1.18953325         1121115.        0.000000       -803.1472     -3.44518976256E+07  8.98705827801E+04 -3.83350108120E+02   10.5340243            56844  0.12778    
      241500  -1.18967317         1121218.        0.000000       -808.1729     -3.44534261801E+07  8.98745701169E+04 -3.83350108215E+02   10.5333608            56838  0.11995    
      241600  -1.19009422         1121216.        0.000000       -806.4284     -3.44565123902E+07  8.98826203105E+04 -3.83350110078E+02   10.5354137            56907  0.12611    
      241700  -1.19026747         1121264.        0.000000       -802.6566     -3.44558037418E+07  8.98807715095E+04 -3.83350111076E+02   10.5350090            56890  0.12012    
      241800  -1.19010750         1121194.        0.000000       -802.5458     -3.44556353992E+07  8.98803325297E+04 -3.83350110412E+02   10.5340889            56913  0.12652    
      241900  -1.19009621         1121117.        0.000000       -805.3171     -3.44583488505E+07  8.98874108450E+04 -3.83350110172E+02   10.5351755            56848  0.13140    
      242000  -1.18907941         1120841.        0.000000       -806.8876     -3.44525217314E+07  8.98722104118E+04 -3.83350109823E+02   10.5355787            56815  0.12109    
      242100  -1.18834186         1120788.        0.000000       -806.0149     -3.44488775223E+07  8.98627045263E+04 -3.83350108411E+02   10.5353039            56837  0.12568    
      242200  -1.18852454         1120964.        0.000000       -805.3747     -3.44443099103E+07  8.98507895758E+04 -3.83350108250E+02   10.5340692            56891  0.12230    
      242300  -1.18953993         1121195.        0.000000       -805.2812     -3.44511803519E+07  8.98687116436E+04 -3.83350108417E+02   10.5339813            56885  0.12968    
      242400  -1.18967701         1121117.        0.000000       -806.1680     -3.44533064071E+07  8.98742576360E+04 -3.83350108400E+02   10.5339302            56864  0.11931    
      242500  -1.18967344         1121130.        0.000000       -807.4781     -3.44550723603E+07  8.98788642561E+04 -3.83350108454E+02   10.5347368            56864  0.12263    
      242600  -1.18956527         1121072.        0.000000       -809.0932     -3.44546466978E+07  8.98777536863E+04 -3.83350109283E+02   10.5353031            56849  0.12723    
      242700  -1.18930380         1121078.        0.000000       -808.1378     -3.44508904779E+07  8.98679553452E+04 -3.83350109008E+02   10.5341952            56878  0.11946    
      242800  -1.18923082         1121020.        0.000000       -807.6328     -3.44513862240E+07  8.98692486952E+04 -3.83350108343E+02   10.5346049            56844  0.12489    
      242900  -1.19004274         1121395.        0.000000       -806.2433     -3.44584099929E+07  8.98875708405E+04 -3.83350108037E+02   10.5334773            56863  0.11992    
      243000  -1.19052364         1121343.        0.000000       -810.0524     -3.44625667775E+07  8.98984139508E+04 -3.83350108894E+02   10.5340342            56882  0.11958    
      243100  -1.19076731         1121278.        0.000000       -808.0921     -3.44648296159E+07  8.99043167585E+04 -3.83350108856E+02   10.5358247            56851  0.12379    
      243200  -1.18968384         1121021.        0.000000       -808.4921     -3.44589592477E+07  8.98890034483E+04 -3.83350108754E+02   10.5348165            56814  0.11952    
      243300  -1.18948078         1121148.        0.000000       -806.3905     -3.44615608376E+07  8.98957899165E+04 -3.83350108716E+02   10.5332694            56810  0.12418    
      243400  -1.18980650         1121211.        0.000000       -808.4524     -3.44678910060E+07  8.99123026239E+04 -3.83350108941E+02   10.5335756            56789  0.11972    
      243500  -1.18994627         1121222.        0.000000       -809.7743     -3.44662289674E+07  8.99079671057E+04 -3.83350108749E+02   10.5359721            56795  0.11993    
      243600  -1.19007482         1121130.        0.000000       -810.1150     -3.44637683257E+07  8.99015483049E+04 -3.83350108819E+02   10.5352774            56771  0.12520    
      243700  -1.18998628         1121221.        0.000000       -807.7703     -3.44620149653E+07  8.98969744907E+04 -3.83350108950E+02   10.5343527            56819  0.11980    
      243800  -1.18998067         1121164.        0.000000       -808.0244     -3.44626867940E+07  8.98987269546E+04 -3.83350109188E+02   10.5351066            56872  0.12509    
      243900  -1.18961453         1121045.        0.000000       -806.8629     -3.44578875934E+07  8.98862079059E+04 -3.83350108945E+02   10.5356306            56842  0.12016    
      244000  -1.18874982         1120932.        0.000000       -807.2593     -3.44517189886E+07  8.98701163516E+04 -3.83350109994E+02   10.5346916            56825  0.12513    
      244100  -1.18913099         1121052.        0.000000       -805.8522     -3.44520210005E+07  8.98709039551E+04 -3.83350110929E+02   10.5347122            56881  0.12425    
      244200  -1.18934392         1121076.        0.000000       -802.6401     -3.44527082237E+07  8.98726966872E+04 -3.83350110698E+02   10.5344735            56842  0.11966    
      244300  -1.18922145         1120992.        0.000000       -804.7042     -3.44500838243E+07  8.98658505610E+04 -3.83350111408E+02   10.5350580            56890  0.12542    
      244400  -1.18874569         1120868.        0.000000       -804.3871     -3.44449139720E+07  8.98523644253E+04 -3.83350112068E+02   10.5351871            56858  0.11970    
      244500  -1.18830909         1120823.        0.000000       -805.2789     -3.44434262011E+07  8.98484834950E+04 -3.83350111892E+02   10.5347908            56826  0.11968    
      244600  -1.18849466         1120954.        0.000000       -806.7479     -3.44458746958E+07  8.98548706337E+04 -3.83350111717E+02   10.5339465            56834  0.12365    
      244700  -1.18947334         1121102.        0.000000       -805.8965     -3.44529018026E+07  8.98732015903E+04 -3.83350110967E+02   10.5341226            56835  0.11963    
      244800  -1.18901266         1120932.        0.000000       -807.2148     -3.44513576519E+07  8.98691734770E+04 -3.83350111267E+02   10.5362180            56860  0.12704    
      244900  -1.18909357         1121002.        0.000000       -808.8361     -3.44496230721E+07  8.98646487157E+04 -3.83350111133E+02   10.5340968            56885  0.12038    
      245000  -1.18937925         1121076.        0.000000       -809.8489     -3.44521193915E+07  8.98711604869E+04 -3.83350111481E+02   10.5341614            56880  0.12635    
      245100  -1.18920387         1121035.        0.000000       -809.6875     -3.44546730304E+07  8.98778219300E+04 -3.83350111190E+02   10.5338860            56871  0.12111    
      245200  -1.18939427         1121005.        0.000000       -809.4473     -3.44586934818E+07  8.98883098218E+04 -3.83350110266E+02   10.5348192            56885  0.11947    
      245300  -1.18893536         1120956.        0.000000       -809.6841     -3.44578676031E+07  8.98861554132E+04 -3.83350110423E+02   10.5343893            56864  0.12814    
      245400  -1.18945866         1121165.        0.000000       -808.9135     -3.44603899440E+07  8.98927351567E+04 -3.83350110372E+02   10.5336597            56854  0.12039    
      245500  -1.18994732         1121233.        0.000000       -812.0298     -3.44618286514E+07  8.98964882157E+04 -3.83350110059E+02   10.5345646            56923  0.12325    
      245600  -1.18963253         1121106.        0.000000       -810.3724     -3.44584842059E+07  8.98877639771E+04 -3.83350109974E+02   10.5346441            56894  0.11968    
      245700  -1.18973504         1121106.        0.000000       -806.8344     -3.44556777705E+07  8.98804431613E+04 -3.83350109975E+02   10.5355700            56874  0.12055    
      245800  -1.19000029         1121207.        0.000000       -804.1833     -3.44589452501E+07  8.98889667094E+04 -3.83350109714E+02   10.5335636            56833  0.12613    
      245900  -1.19012521         1121141.        0.000000       -803.3650     -3.44619201848E+07  8.98967272730E+04 -3.83350108843E+02   10.5363658            56796  0.12003    
      246000  -1.18969832         1121165.        0.000000       -801.5621     -3.44511985072E+07  8.98687588599E+04 -3.83350109028E+02   10.5351093            56876  0.13150    
      246100  -1.18921998         1121045.        0.000000       -802.4670     -3.44434282360E+07  8.98484893986E+04 -3.83350109352E+02   10.5345231            56814  0.12033    
      246200  -1.18912294         1121027.        0.000000       -806.2952     -3.44442070402E+07  8.98505208380E+04 -3.83350109927E+02   10.5336585            56816  0.12091    
      246300  -1.18920376         1121100.        0.000000       -804.7085     -3.44479493156E+07  8.98602828307E+04 -3.83350110087E+02   10.5348382            56812  0.12975    
      246400  -1.18967763         1121153.        0.000000       -805.8969     -3.44464420354E+07  8.98563510365E+04 -3.83350109792E+02   10.5344763            56872  0.11969    
      246500  -1.19040317         1121434.        0.000000       -804.4802     -3.44506872558E+07  8.98674251971E+04 -3.83350109121E+02   10.5327199            56932  0.13058    
      246600  -1.19077676         1121319.        0.000000       -804.1410     -3.44578694917E+07  8.98861607117E+04 -3.83350108836E+02   10.5348524            56868  0.11873    
      246700  -1.19079141         1121422.        0.000000       -804.3776     -3.44592534562E+07  8.98897711121E+04 -3.83350107914E+02   10.5340681            56864  0.12571    
      246800  -1.19109957         1121370.        0.000000       -805.6709     -3.44594884511E+07  8.98903840546E+04 -3.83350108174E+02   10.5354151            56880  0.11907    
      246900  -1.19053773         1121199.        0.000000       -807.9947     -3.44564463820E+07  8.98824483597E+04 -3.83350109068E+02   10.5357107            56893  0.11963    
      247000  -1.19010042         1121139.        0.000000       -809.7328     -3.44544986677E+07  8.98773675823E+04 -3.83350109093E+02   10.5344508            56862  0.12438    
      247100  -1.18956306         1121014.        0.000000       -808.7837     -3.44543301475E+07  8.98769278633E+04 -3.83350109607E+02   10.5355682            56867  0.11955    
      247200  -1.18906504         1121012.        0.000000       -807.9643     -3.44522671108E+07  8.98715462956E+04 -3.83350109472E+02   10.5330807            56853  0.12753    
      247300  -1.18913111         1121096.        0.000000       -810.7681     -3.44575706911E+07  8.98853811049E+04 -3.83350109524E+02   10.5344293            56848  0.12522    
      247400  -1.18968779         1121151.        0.000000       -807.0038     -3.44589505251E+07  8.98889805409E+04 -3.83350109409E+02   10.5340887            56835  0.11993    
      247500  -1.19000876         1121170.        0.000000       -808.6292     -3.44636678668E+07  8.99012860615E+04 -3.83350109622E+02   10.5346939            56851  0.12470    
      247600  -1.19006890         1121219.        0.000000       -807.5773     -3.44630725884E+07  8.98997332199E+04 -3.83350109662E+02   10.5355194            56876  0.12031    
      247700  -1.18993029         1121137.        0.000000       -806.6782     -3.44593153603E+07  8.98899322634E+04 -3.83350109324E+02   10.5355276            56880  0.12655    
      247800  -1.18967557         1121103.        0.000000       -806.8698     -3.44569224393E+07  8.98836901753E+04 -3.83350109148E+02   10.5353668            56881  0.12235    
      247900  -1.18945103         1121006.        0.000000       -805.7805     -3.44557888956E+07  8.98807331234E+04 -3.83350109620E+02   10.5338699            56885  0.12041    
      248000  -1.18916778         1120986.        0.000000       -807.6241     -3.44595159078E+07  8.98904552824E+04 -3.83350109859E+02   10.5336650            56814  0.12645    
      248100  -1.18956495         1121324.        0.000000       -808.1800     -3.44655400469E+07  8.99061695937E+04 -3.83350110483E+02   10.5328541            56866  0.11948    
      248200  -1.19075285         1121428.        0.000000       -809.8862     -3.44768843261E+07  8.99357620825E+04 -3.83350110432E+02   10.5328531            56839  0.12351    
      248300  -1.19050082         1121251.        0.000000       -809.2486     -3.44829587612E+07  8.99516076760E+04 -3.83350110711E+02   10.5349225            56829  0.12032    
      248400  -1.19003979         1121129.        0.000000       -807.5675     -3.44816753456E+07  8.99482597955E+04 -3.83350110652E+02   10.5351164            56824  0.12015    
      248500  -1.18904448         1120951.        0.000000       -806.4595     -3.44777617005E+07  8.99380505978E+04 -3.83350111231E+02   10.5347570            56811  0.12721    
      248600  -1.18911070         1121060.        0.000000       -805.0236     -3.44782378675E+07  8.99392926186E+04 -3.83350111655E+02   10.5341028            56824  0.12016    
      248700  -1.18951674         1121136.        0.000000       -806.3524     -3.44787735279E+07  8.99406897611E+04 -3.83350112385E+02   10.5339001            56868  0.12958    
      248800  -1.19019413         1121360.        0.000000       -806.5538     -3.44857980751E+07  8.99590138133E+04 -3.83350112604E+02   10.5336943            56885  0.12008    
      248900  -1.19084356         1121349.        0.000000       -807.9800     -3.44892545975E+07  8.99680304348E+04 -3.83350112599E+02   10.5356204            56902  0.12543    
      249000  -1.19065544         1121334.        0.000000       -808.4314     -3.44839918385E+07  8.99543019291E+04 -3.83350113324E+02   10.5345315            56908  0.11980    
      249100  -1.19054199         1121318.        0.000000       -806.9754     -3.44808437074E+07  8.99460900270E+04 -3.83350112240E+02   10.5357810            56888  0.12073    
      249200  -1.19024221         1121208.        0.000000       -807.6922     -3.44742904576E+07  8.99289953522E+04 -3.83350112192E+02   10.5355715            56901  0.12581    
      249300  -1.19000180         1121192.        0.000000       -808.9081     -3.44713408123E+07  8.99213008636E+04 -3.83350112612E+02   10.5345157            56929  0.11929    
      249400  -1.19008931         1121178.        0.000000       -809.6368     -3.44732459414E+07  8.99262708054E+04 -3.83350111515E+02   10.5349320            56889  0.12475    
      249500  -1.18947952         1120945.        0.000000       -812.9031     -3.44686836091E+07  8.99143696701E+04 -3.83350111174E+02   10.5352008            56810  0.12020    
      249600  -1.18852348         1120834.        0.000000       -813.2065     -3.44636063109E+07  8.99011252369E+04 -3.83350110692E+02   10.5342583            56789  0.12016    
      249700  -1.18917631         1121195.        0.000000       -809.6468     -3.44709358712E+07  8.99202450519E+04 -3.83350110437E+02   10.5328941            56835  0.12499    
      249800  -1.19010239         1121205.        0.000000       -810.1591     -3.44770713838E+07  8.99362501757E+04 -3.83350109844E+02   10.5348961            56852  0.12013    
      249900  -1.18986356         1121067.        0.000000       -812.0434     -3.44732095281E+07  8.99261760543E+04 -3.83350110510E+02   10.5356370            56882  0.12847    
      250000  -1.18922196         1120961.        0.000000       -812.0570     -3.44668272940E+07  8.99095273329E+04 -3.83350111122E+02   10.5355761            56878  0.11949    
      250100  -1.18867541         1120920.        0.000000       -810.0263     -3.44600993751E+07  8.98919769425E+04 -3.83350111403E+02   10.5343970            56863  0.11988    
      250200  -1.18940800         1121147.        0.000000       -811.3178     -3.44645864180E+07  8.99036819605E+04 -3.83350110545E+02   10.5343870            56865  0.12456    
      250300  -1.18982085         1121173.        0.000000       -812.4470     -3.44637994088E+07  8.99016289959E+04 -3.83350110490E+02   10.5349862            56935  0.12007    
      250400  -1.19002841         1121222.        0.000000       -814.4529     -3.44619603076E+07  8.98968314346E+04 -3.83350110985E+02   10.5347435            56904  0.12652    
      250500  -1.18938602         1121019.        0.000000       -815.6080     -3.44609951551E+07  8.98943138517E+04 -3.83350110575E+02   10.5344973            56856  0.11918    
      250600  -1.18965727         1121163.        0.000000       -815.7587     -3.44651987998E+07  8.99052793654E+04 -3.83350110728E+02   10.5338776            56857  0.12127    
      250700  -1.19018242         1121188.        0.000000       -816.5776     -3.44664984402E+07  8.99086695526E+04 -3.83350110859E+02   10.5355280            56865  0.13541    
      250800  -1.18961648         1121043.        0.000000       -817.5888     -3.44627458241E+07  8.98988805835E+04 -3.83350110707E+02   10.5354337            56841  0.11903    
      250900  -1.18948585         1121103.        0.000000       -819.8159     -3.44622758454E+07  8.98976545269E+04 -3.83350111044E+02   10.5344888            56853  0.12183    
      251000  -1.18894737         1120958.        0.000000       -816.4322     -3.44588958301E+07  8.98888374752E+04 -3.83350111071E+02   10.5352801            56798  0.11958    
      251100  -1.18915784         1121015.        0.000000       -814.5305     -3.44605527964E+07  8.98931599240E+04 -3.83350110571E+02   10.5345973            56774  0.12292    
      251200  -1.18930132         1121054.        0.000000       -813.6302     -3.44636126612E+07  8.99011417872E+04 -3.83350110756E+02   10.5338184            56793  0.12036    
      251300  -1.18941065         1121050.        0.000000       -814.7398     -3.44646549105E+07  8.99038606757E+04 -3.83350110345E+02   10.5356440            56862  0.12082    
      251400  -1.18941140         1121095.        0.000000       -816.4283     -3.44621625437E+07  8.98973591543E+04 -3.83350110258E+02   10.5348338            56786  0.12645    
      251500  -1.18954644         1121037.        0.000000       -815.5509     -3.44581773115E+07  8.98869632620E+04 -3.83350110639E+02   10.5355776            56871  0.12197    
      251600  -1.18903750         1121003.        0.000000       -817.0037     -3.44541556691E+07  8.98764724537E+04 -3.83350110752E+02   10.5346152            56864  0.12557    
      251700  -1.18900724         1120886.        0.000000       -817.0958     -3.44544007189E+07  8.98771118989E+04 -3.83350109844E+02   10.5348178            56860  0.12004    
      251800  -1.18870572         1120912.        0.000000       -818.0164     -3.44572392725E+07  8.98845164350E+04 -3.83350110110E+02   10.5334549            56891  0.11970    
      251900  -1.18885689         1120988.        0.000000       -818.4264     -3.44633363203E+07  8.99004210287E+04 -3.83350110332E+02   10.5341394            56847  0.12568    
      252000  -1.18941989         1121208.        0.000000       -820.2205     -3.44695881576E+07  8.99167293435E+04 -3.83350110811E+02   10.5329385            56823  0.12061    
      252100  -1.19063259         1121374.        0.000000       -819.6339     -3.44768755667E+07  8.99357392185E+04 -3.83350110493E+02   10.5351201            56893  0.12583    
      252200  -1.19065399         1121336.        0.000000       -818.9117     -3.44727244888E+07  8.99249107205E+04 -3.83350110805E+02   10.5351551            56912  0.12067    
      252300  -1.19060817         1121211.        0.000000       -816.1682     -3.44671125425E+07  8.99102714165E+04 -3.83350111166E+02   10.5364349            56922  0.12048    
      252400  -1.18989990         1121190.        0.000000       -816.8453     -3.44608180588E+07  8.98938516204E+04 -3.83350111688E+02   10.5344312            56934  0.12666    
      252500  -1.19023025         1121211.        0.000000       -815.3493     -3.44656250044E+07  8.99063909976E+04 -3.83350111399E+02   10.5351136            56959  0.12019    
      252600  -1.19040878         1121340.        0.000000       -816.3438     -3.44623066335E+07  8.98977346877E+04 -3.83350111693E+02   10.5344956            56953  0.12472    
      252700  -1.19022674         1121097.        0.000000       -816.0223     -3.44578836331E+07  8.98861969360E+04 -3.83350111671E+02   10.5364003            56890  0.11910    
      252800  -1.18908938         1120956.        0.000000       -815.9936     -3.44502663504E+07  8.98663263875E+04 -3.83350112721E+02   10.5349697            56909  0.12024    
      252900  -1.18942697         1121131.        0.000000       -816.5020     -3.44525303602E+07  8.98722321850E+04 -3.83350112961E+02   10.5342200            56921  0.12486    
      253000  -1.18980679         1121183.        0.000000       -815.9837     -3.44554341139E+07  8.98798070658E+04 -3.83350112096E+02   10.5348503            56885  0.11976    
      253100  -1.18979422         1121136.        0.000000       -814.8558     -3.44552465591E+07  8.98793181444E+04 -3.83350110687E+02   10.5348356            56854  0.12439    
      253200  -1.18947652         1121185.        0.000000       -814.8633     -3.44535486288E+07  8.98748891989E+04 -3.83350109646E+02   10.5338605            56845  0.12037    
      253300  -1.18988664         1121240.        0.000000       -813.0712     -3.44584348688E+07  8.98876352359E+04 -3.83350110150E+02   10.5334012            56843  0.12116    
      253400  -1.18958631         1121072.        0.000000       -812.4498     -3.44585920075E+07  8.98880450450E+04 -3.83350110576E+02   10.5356530            56794  0.12643    
      253500  -1.18958514         1121208.        0.000000       -811.2392     -3.44543526240E+07  8.98769861519E+04 -3.83350111070E+02   10.5343800            56842  0.12442    
      253600  -1.18982074         1121108.        0.000000       -812.3482     -3.44526361826E+07  8.98725087589E+04 -3.83350110711E+02   10.5347715            56867  0.12437    
      253700  -1.18934169         1121062.        0.000000       -812.7574     -3.44494676297E+07  8.98642434896E+04 -3.83350110032E+02   10.5346845            56881  0.12069    
      253800  -1.18942209         1121025.        0.000000       -812.0897     -3.44481281535E+07  8.98607496611E+04 -3.83350108734E+02   10.5352297            56881  0.12386    
      253900  -1.18903864         1120841.        0.000000       -813.7338     -3.44476477041E+07  8.98594965653E+04 -3.83350107900E+02   10.5353503            56868  0.12017    
      254000  -1.18876895         1120880.        0.000000       -813.8685     -3.44458793487E+07  8.98548838624E+04 -3.83350107061E+02   10.5349753            56928  0.11968    
      254100  -1.18886526         1121047.        0.000000       -811.3205     -3.44435685909E+07  8.98488559204E+04 -3.83350107667E+02   10.5345387            56895  0.12662    
      254200  -1.18943363         1121004.        0.000000       -810.6837     -3.44479541830E+07  8.98602960535E+04 -3.83350107843E+02   10.5342003            56845  0.12352    
      254300  -1.18947478         1121208.        0.000000       -809.3357     -3.44535423886E+07  8.98748732944E+04 -3.83350108052E+02   10.5333313            56892  0.12487    
      254400  -1.19030229         1121254.        0.000000       -811.5733     -3.44597316434E+07  8.98910185496E+04 -3.83350107712E+02   10.5343528            56913  0.11955    
      254500  -1.18994200         1121099.        0.000000       -809.3637     -3.44580569232E+07  8.98866499085E+04 -3.83350107700E+02   10.5359683            56907  0.12036    
      254600  -1.18881089         1120876.        0.000000       -812.1065     -3.44495732121E+07  8.98645193189E+04 -3.83350108287E+02   10.5362587            56924  0.12382    
      254700  -1.18893723         1121019.        0.000000       -816.8813     -3.44476958457E+07  8.98596220866E+04 -3.83350108155E+02   10.5341515            56979  0.11970    
      254800  -1.18891348         1120963.        0.000000       -814.5639     -3.44494673191E+07  8.98642431326E+04 -3.83350108098E+02   10.5348469            56927  0.12711    
