alnode319:rank131.neci: Failed to modify UD QP to INIT on mlx5_1: Operation not permitted
alnode319:rank137.neci: Failed to modify UD QP to INIT on mlx5_1: Operation not permitted
alnode319:rank132.neci: Failed to modify UD QP to INIT on mlx5_1: Operation not permitted
alnode319:rank141.neci: Failed to modify UD QP to INIT on mlx5_1: Operation not permitted
alnode319:rank133.neci: Failed to modify UD QP to INIT on mlx5_1: Operation not permitted
alnode319:rank134.neci: Failed to modify UD QP to INIT on mlx5_1: Operation not permitted
alnode319:rank129.neci: Failed to modify UD QP to INIT on mlx5_1: Operation not permitted
alnode319:rank135.neci: Failed to modify UD QP to INIT on mlx5_1: Operation not permitted
alnode319:rank130.neci: Failed to modify UD QP to INIT on mlx5_1: Operation not permitted
alnode319:rank143.neci: Failed to modify UD QP to INIT on mlx5_1: Operation not permitted
alnode319:rank136.neci: Failed to modify UD QP to INIT on mlx5_1: Operation not permitted
alnode319:rank145.neci: Failed to modify UD QP to INIT on mlx5_1: Operation not permitted
alnode319:rank148.neci: Failed to modify UD QP to INIT on mlx5_1: Operation not permitted
alnode319:rank140.neci: Failed to modify UD QP to INIT on mlx5_1: Operation not permitted
alnode319:rank139.neci: Failed to modify UD QP to INIT on mlx5_1: Operation not permitted
alnode319:rank142.neci: Failed to modify UD QP to INIT on mlx5_1: Operation not permitted
alnode319:rank128.neci: Failed to modify UD QP to INIT on mlx5_1: Operation not permitted
alnode318:rank0.neci: Failed to modify UD QP to INIT on mlx5_1: Operation not permitted
alnode319:rank150.neci: Failed to modify UD QP to INIT on mlx5_1: Operation not permitted
alnode319:rank149.neci: Failed to modify UD QP to INIT on mlx5_1: Operation not permitted
alnode318:rank1.neci: Failed to modify UD QP to INIT on mlx5_1: Operation not permitted
alnode318:rank7.neci: Failed to modify UD QP to INIT on mlx5_1: Operation not permitted
alnode318:rank3.neci: Failed to modify UD QP to INIT on mlx5_1: Operation not permitted
alnode318:rank8.neci: Failed to modify UD QP to INIT on mlx5_1: Operation not permitted
alnode318:rank6.neci: Failed to modify UD QP to INIT on mlx5_1: Operation not permitted
alnode318:rank4.neci: Failed to modify UD QP to INIT on mlx5_1: Operation not permitted
alnode318:rank2.neci: Failed to modify UD QP to INIT on mlx5_1: Operation not permitted
alnode318:rank11.neci: Failed to modify UD QP to INIT on mlx5_1: Operation not permitted
alnode318:rank14.neci: Failed to modify UD QP to INIT on mlx5_1: Operation not permitted
alnode318:rank5.neci: Failed to modify UD QP to INIT on mlx5_1: Operation not permitted
alnode318:rank15.neci: Failed to modify UD QP to INIT on mlx5_1: Operation not permitted
alnode318:rank12.neci: Failed to modify UD QP to INIT on mlx5_1: Operation not permitted
alnode318:rank18.neci: Failed to modify UD QP to INIT on mlx5_1: Operation not permitted
alnode318:rank10.neci: Failed to modify UD QP to INIT on mlx5_1: Operation not permitted
alnode318:rank16.neci: Failed to modify UD QP to INIT on mlx5_1: Operation not permitted
alnode318:rank19.neci: Failed to modify UD QP to INIT on mlx5_1: Operation not permitted
alnode318:rank22.neci: Failed to modify UD QP to INIT on mlx5_1: Operation not permitted
alnode318:rank27.neci: Failed to modify UD QP to INIT on mlx5_1: Operation not permitted
alnode318:rank21.neci: Failed to modify UD QP to INIT on mlx5_1: Operation not permitted
alnode319:rank151.neci: Failed to modify UD QP to INIT on mlx5_1: Operation not permitted
alnode318:rank9.neci: Failed to modify UD QP to INIT on mlx5_1: Operation not permitted
alnode318:rank30.neci: Failed to modify UD QP to INIT on mlx5_1: Operation not permitted
alnode318:rank24.neci: Failed to modify UD QP to INIT on mlx5_1: Operation not permitted
alnode318:rank17.neci: Failed to modify UD QP to INIT on mlx5_1: Operation not permitted
alnode319:rank153.neci: Failed to modify UD QP to INIT on mlx5_1: Operation not permitted
alnode318:rank23.neci: Failed to modify UD QP to INIT on mlx5_1: Operation not permitted
alnode318:rank25.neci: Failed to modify UD QP to INIT on mlx5_1: Operation not permitted
alnode318:rank20.neci: Failed to modify UD QP to INIT on mlx5_1: Operation not permitted
alnode319:rank154.neci: Failed to modify UD QP to INIT on mlx5_1: Operation not permitted
alnode319:rank146.neci: Failed to modify UD QP to INIT on mlx5_1: Operation not permitted
alnode318:rank26.neci: Failed to modify UD QP to INIT on mlx5_1: Operation not permitted
alnode319:rank155.neci: Failed to modify UD QP to INIT on mlx5_1: Operation not permitted
alnode319:rank138.neci: Failed to modify UD QP to INIT on mlx5_1: Operation not permitted
alnode319:rank157.neci: Failed to modify UD QP to INIT on mlx5_1: Operation not permitted
alnode318:rank36.neci: Failed to modify UD QP to INIT on mlx5_1: Operation not permitted
alnode319:rank144.neci: Failed to modify UD QP to INIT on mlx5_1: Operation not permitted
alnode319:rank159.neci: Failed to modify UD QP to INIT on mlx5_1: Operation not permitted
alnode318:rank33.neci: Failed to modify UD QP to INIT on mlx5_1: Operation not permitted
alnode319:rank156.neci: Failed to modify UD QP to INIT on mlx5_1: Operation not permitted
alnode319:rank160.neci: Failed to modify UD QP to INIT on mlx5_1: Operation not permitted
alnode319:rank163.neci: Failed to modify UD QP to INIT on mlx5_1: Operation not permitted
alnode319:rank162.neci: Failed to modify UD QP to INIT on mlx5_1: Operation not permitted
alnode319:rank165.neci: Failed to modify UD QP to INIT on mlx5_1: Operation not permitted
alnode319:rank158.neci: Failed to modify UD QP to INIT on mlx5_1: Operation not permitted
alnode319:rank174.neci: Failed to modify UD QP to INIT on mlx5_1: Operation not permitted
alnode319:rank167.neci: Failed to modify UD QP to INIT on mlx5_1: Operation not permitted
alnode319:rank164.neci: Failed to modify UD QP to INIT on mlx5_1: Operation not permitted
alnode319:rank147.neci: Failed to modify UD QP to INIT on mlx5_1: Operation not permitted
alnode319:rank152.neci: Failed to modify UD QP to INIT on mlx5_1: Operation not permitted
alnode319:rank169.neci: Failed to modify UD QP to INIT on mlx5_1: Operation not permitted
alnode319:rank166.neci: Failed to modify UD QP to INIT on mlx5_1: Operation not permitted
alnode319:rank170.neci: Failed to modify UD QP to INIT on mlx5_1: Operation not permitted
alnode319:rank168.neci: Failed to modify UD QP to INIT on mlx5_1: Operation not permitted
alnode319:rank161.neci: Failed to modify UD QP to INIT on mlx5_1: Operation not permitted
alnode319:rank176.neci: Failed to modify UD QP to INIT on mlx5_1: Operation not permitted
alnode319:rank175.neci: Failed to modify UD QP to INIT on mlx5_1: Operation not permitted
alnode319:rank183.neci: Failed to modify UD QP to INIT on mlx5_1: Operation not permitted
alnode319:rank171.neci: Failed to modify UD QP to INIT on mlx5_1: Operation not permitted
alnode319:rank187.neci: Failed to modify UD QP to INIT on mlx5_1: Operation not permitted
alnode319:rank178.neci: Failed to modify UD QP to INIT on mlx5_1: Operation not permitted
alnode319:rank173.neci: Failed to modify UD QP to INIT on mlx5_1: Operation not permitted
alnode319:rank190.neci: Failed to modify UD QP to INIT on mlx5_1: Operation not permitted
alnode319:rank177.neci: Failed to modify UD QP to INIT on mlx5_1: Operation not permitted
alnode319:rank172.neci: Failed to modify UD QP to INIT on mlx5_1: Operation not permitted
alnode319:rank182.neci: Failed to modify UD QP to INIT on mlx5_1: Operation not permitted
alnode319:rank179.neci: Failed to modify UD QP to INIT on mlx5_1: Operation not permitted
alnode319:rank188.neci: Failed to modify UD QP to INIT on mlx5_1: Operation not permitted
alnode319:rank181.neci: Failed to modify UD QP to INIT on mlx5_1: Operation not permitted
alnode319:rank191.neci: Failed to modify UD QP to INIT on mlx5_1: Operation not permitted
alnode319:rank192.neci: Failed to modify UD QP to INIT on mlx5_1: Operation not permitted
alnode319:rank185.neci: Failed to modify UD QP to INIT on mlx5_1: Operation not permitted
alnode319:rank184.neci: Failed to modify UD QP to INIT on mlx5_1: Operation not permitted
alnode319:rank193.neci: Failed to modify UD QP to INIT on mlx5_1: Operation not permitted
alnode319:rank186.neci: Failed to modify UD QP to INIT on mlx5_1: Operation not permitted
alnode319:rank189.neci: Failed to modify UD QP to INIT on mlx5_1: Operation not permitted
alnode319:rank196.neci: Failed to modify UD QP to INIT on mlx5_1: Operation not permitted
alnode319:rank195.neci: Failed to modify UD QP to INIT on mlx5_1: Operation not permitted
alnode318:rank35.neci: Failed to modify UD QP to INIT on mlx5_1: Operation not permitted
alnode319:rank180.neci: Failed to modify UD QP to INIT on mlx5_1: Operation not permitted
alnode319:rank194.neci: Failed to modify UD QP to INIT on mlx5_1: Operation not permitted
alnode319:rank198.neci: Failed to modify UD QP to INIT on mlx5_1: Operation not permitted
alnode318:rank31.neci: Failed to modify UD QP to INIT on mlx5_1: Operation not permitted
alnode319:rank197.neci: Failed to modify UD QP to INIT on mlx5_1: Operation not permitted
alnode319:rank200.neci: Failed to modify UD QP to INIT on mlx5_1: Operation not permitted
alnode319:rank199.neci: Failed to modify UD QP to INIT on mlx5_1: Operation not permitted
alnode318:rank34.neci: Failed to modify UD QP to INIT on mlx5_1: Operation not permitted
alnode319:rank203.neci: Failed to modify UD QP to INIT on mlx5_1: Operation not permitted
alnode318:rank41.neci: Failed to modify UD QP to INIT on mlx5_1: Operation not permitted
alnode318:rank28.neci: Failed to modify UD QP to INIT on mlx5_1: Operation not permitted
alnode318:rank13.neci: Failed to modify UD QP to INIT on mlx5_1: Operation not permitted
alnode318:rank38.neci: Failed to modify UD QP to INIT on mlx5_1: Operation not permitted
alnode318:rank32.neci: Failed to modify UD QP to INIT on mlx5_1: Operation not permitted
alnode318:rank42.neci: Failed to modify UD QP to INIT on mlx5_1: Operation not permitted
alnode319:rank205.neci: Failed to modify UD QP to INIT on mlx5_1: Operation not permitted
alnode319:rank201.neci: Failed to modify UD QP to INIT on mlx5_1: Operation not permitted
alnode318:rank43.neci: Failed to modify UD QP to INIT on mlx5_1: Operation not permitted
alnode318:rank37.neci: Failed to modify UD QP to INIT on mlx5_1: Operation not permitted
alnode319:rank204.neci: Failed to modify UD QP to INIT on mlx5_1: Operation not permitted
alnode319:rank208.neci: Failed to modify UD QP to INIT on mlx5_1: Operation not permitted
alnode319:rank206.neci: Failed to modify UD QP to INIT on mlx5_1: Operation not permitted
alnode319:rank214.neci: Failed to modify UD QP to INIT on mlx5_1: Operation not permitted
alnode319:rank211.neci: Failed to modify UD QP to INIT on mlx5_1: Operation not permitted
alnode319:rank202.neci: Failed to modify UD QP to INIT on mlx5_1: Operation not permitted
alnode319:rank207.neci: Failed to modify UD QP to INIT on mlx5_1: Operation not permitted
alnode319:rank210.neci: Failed to modify UD QP to INIT on mlx5_1: Operation not permitted
alnode319:rank218.neci: Failed to modify UD QP to INIT on mlx5_1: Operation not permitted
alnode319:rank213.neci: Failed to modify UD QP to INIT on mlx5_1: Operation not permitted
alnode318:rank39.neci: Failed to modify UD QP to INIT on mlx5_1: Operation not permitted
alnode319:rank209.neci: Failed to modify UD QP to INIT on mlx5_1: Operation not permitted
alnode319:rank212.neci: Failed to modify UD QP to INIT on mlx5_1: Operation not permitted
alnode318:rank44.neci: Failed to modify UD QP to INIT on mlx5_1: Operation not permitted
alnode318:rank46.neci: Failed to modify UD QP to INIT on mlx5_1: Operation not permitted
alnode318:rank47.neci: Failed to modify UD QP to INIT on mlx5_1: Operation not permitted
alnode318:rank45.neci: Failed to modify UD QP to INIT on mlx5_1: Operation not permitted
alnode318:rank48.neci: Failed to modify UD QP to INIT on mlx5_1: Operation not permitted
alnode318:rank40.neci: Failed to modify UD QP to INIT on mlx5_1: Operation not permitted
alnode319:rank216.neci: Failed to modify UD QP to INIT on mlx5_1: Operation not permitted
alnode318:rank56.neci: Failed to modify UD QP to INIT on mlx5_1: Operation not permitted
alnode318:rank58.neci: Failed to modify UD QP to INIT on mlx5_1: Operation not permitted
alnode318:rank54.neci: Failed to modify UD QP to INIT on mlx5_1: Operation not permitted
alnode318:rank55.neci: Failed to modify UD QP to INIT on mlx5_1: Operation not permitted
alnode318:rank29.neci: Failed to modify UD QP to INIT on mlx5_1: Operation not permitted
alnode318:rank51.neci: Failed to modify UD QP to INIT on mlx5_1: Operation not permitted
alnode318:rank49.neci: Failed to modify UD QP to INIT on mlx5_1: Operation not permitted
alnode319:rank219.neci: Failed to modify UD QP to INIT on mlx5_1: Operation not permitted
alnode318:rank59.neci: Failed to modify UD QP to INIT on mlx5_1: Operation not permitted
alnode319:rank223.neci: Failed to modify UD QP to INIT on mlx5_1: Operation not permitted
alnode318:rank52.neci: Failed to modify UD QP to INIT on mlx5_1: Operation not permitted
alnode319:rank217.neci: Failed to modify UD QP to INIT on mlx5_1: Operation not permitted
alnode319:rank221.neci: Failed to modify UD QP to INIT on mlx5_1: Operation not permitted
alnode318:rank53.neci: Failed to modify UD QP to INIT on mlx5_1: Operation not permitted
alnode319:rank222.neci: Failed to modify UD QP to INIT on mlx5_1: Operation not permitted
alnode319:rank231.neci: Failed to modify UD QP to INIT on mlx5_1: Operation not permitted
alnode319:rank233.neci: Failed to modify UD QP to INIT on mlx5_1: Operation not permitted
alnode319:rank224.neci: Failed to modify UD QP to INIT on mlx5_1: Operation not permitted
alnode319:rank229.neci: Failed to modify UD QP to INIT on mlx5_1: Operation not permitted
alnode318:rank65.neci: Failed to modify UD QP to INIT on mlx5_1: Operation not permitted
alnode319:rank232.neci: Failed to modify UD QP to INIT on mlx5_1: Operation not permitted
alnode319:rank238.neci: Failed to modify UD QP to INIT on mlx5_1: Operation not permitted
alnode318:rank50.neci: Failed to modify UD QP to INIT on mlx5_1: Operation not permitted
alnode319:rank215.neci: Failed to modify UD QP to INIT on mlx5_1: Operation not permitted
alnode318:rank61.neci: Failed to modify UD QP to INIT on mlx5_1: Operation not permitted
alnode319:rank244.neci: Failed to modify UD QP to INIT on mlx5_1: Operation not permitted
alnode319:rank225.neci: Failed to modify UD QP to INIT on mlx5_1: Operation not permitted
alnode318:rank66.neci: Failed to modify UD QP to INIT on mlx5_1: Operation not permitted
alnode318:rank57.neci: Failed to modify UD QP to INIT on mlx5_1: Operation not permitted
alnode319:rank220.neci: Failed to modify UD QP to INIT on mlx5_1: Operation not permitted
alnode319:rank236.neci: Failed to modify UD QP to INIT on mlx5_1: Operation not permitted
alnode319:rank227.neci: Failed to modify UD QP to INIT on mlx5_1: Operation not permitted
alnode319:rank226.neci: Failed to modify UD QP to INIT on mlx5_1: Operation not permitted
alnode319:rank247.neci: Failed to modify UD QP to INIT on mlx5_1: Operation not permitted
alnode319:rank230.neci: Failed to modify UD QP to INIT on mlx5_1: Operation not permitted
alnode319:rank237.neci: Failed to modify UD QP to INIT on mlx5_1: Operation not permitted
alnode319:rank239.neci: Failed to modify UD QP to INIT on mlx5_1: Operation not permitted
alnode319:rank228.neci: Failed to modify UD QP to INIT on mlx5_1: Operation not permitted
alnode319:rank241.neci: Failed to modify UD QP to INIT on mlx5_1: Operation not permitted
alnode319:rank248.neci: Failed to modify UD QP to INIT on mlx5_1: Operation not permitted
alnode318:rank63.neci: Failed to modify UD QP to INIT on mlx5_1: Operation not permitted
alnode319:rank234.neci: Failed to modify UD QP to INIT on mlx5_1: Operation not permitted
alnode319:rank253.neci: Failed to modify UD QP to INIT on mlx5_1: Operation not permitted
alnode319:rank254.neci: Failed to modify UD QP to INIT on mlx5_1: Operation not permitted
alnode319:rank249.neci: Failed to modify UD QP to INIT on mlx5_1: Operation not permitted
alnode319:rank252.neci: Failed to modify UD QP to INIT on mlx5_1: Operation not permitted
alnode319:rank255.neci: Failed to modify UD QP to INIT on mlx5_1: Operation not permitted
alnode319:rank242.neci: Failed to modify UD QP to INIT on mlx5_1: Operation not permitted
alnode319:rank250.neci: Failed to modify UD QP to INIT on mlx5_1: Operation not permitted
alnode319:rank245.neci: Failed to modify UD QP to INIT on mlx5_1: Operation not permitted
alnode319:rank243.neci: Failed to modify UD QP to INIT on mlx5_1: Operation not permitted
alnode319:rank235.neci: Failed to modify UD QP to INIT on mlx5_1: Operation not permitted
alnode319:rank246.neci: Failed to modify UD QP to INIT on mlx5_1: Operation not permitted
alnode319:rank240.neci: Failed to modify UD QP to INIT on mlx5_1: Operation not permitted
alnode318:rank60.neci: Failed to modify UD QP to INIT on mlx5_1: Operation not permitted
alnode318:rank67.neci: Failed to modify UD QP to INIT on mlx5_1: Operation not permitted
alnode318:rank70.neci: Failed to modify UD QP to INIT on mlx5_1: Operation not permitted
alnode318:rank62.neci: Failed to modify UD QP to INIT on mlx5_1: Operation not permitted
alnode319:rank251.neci: Failed to modify UD QP to INIT on mlx5_1: Operation not permitted
alnode318:rank71.neci: Failed to modify UD QP to INIT on mlx5_1: Operation not permitted
alnode318:rank77.neci: Failed to modify UD QP to INIT on mlx5_1: Operation not permitted
alnode318:rank64.neci: Failed to modify UD QP to INIT on mlx5_1: Operation not permitted
alnode318:rank74.neci: Failed to modify UD QP to INIT on mlx5_1: Operation not permitted
alnode318:rank76.neci: Failed to modify UD QP to INIT on mlx5_1: Operation not permitted
alnode318:rank69.neci: Failed to modify UD QP to INIT on mlx5_1: Operation not permitted
alnode318:rank88.neci: Failed to modify UD QP to INIT on mlx5_1: Operation not permitted
alnode318:rank80.neci: Failed to modify UD QP to INIT on mlx5_1: Operation not permitted
alnode318:rank79.neci: Failed to modify UD QP to INIT on mlx5_1: Operation not permitted
alnode318:rank72.neci: Failed to modify UD QP to INIT on mlx5_1: Operation not permitted
alnode318:rank73.neci: Failed to modify UD QP to INIT on mlx5_1: Operation not permitted
alnode318:rank92.neci: Failed to modify UD QP to INIT on mlx5_1: Operation not permitted
alnode318:rank91.neci: Failed to modify UD QP to INIT on mlx5_1: Operation not permitted
alnode318:rank89.neci: Failed to modify UD QP to INIT on mlx5_1: Operation not permitted
alnode318:rank82.neci: Failed to modify UD QP to INIT on mlx5_1: Operation not permitted
alnode318:rank85.neci: Failed to modify UD QP to INIT on mlx5_1: Operation not permitted
alnode318:rank78.neci: Failed to modify UD QP to INIT on mlx5_1: Operation not permitted
alnode318:rank81.neci: Failed to modify UD QP to INIT on mlx5_1: Operation not permitted
alnode318:rank104.neci: Failed to modify UD QP to INIT on mlx5_1: Operation not permitted
alnode318:rank97.neci: Failed to modify UD QP to INIT on mlx5_1: Operation not permitted
alnode318:rank87.neci: Failed to modify UD QP to INIT on mlx5_1: Operation not permitted
alnode318:rank84.neci: Failed to modify UD QP to INIT on mlx5_1: Operation not permitted
alnode318:rank68.neci: Failed to modify UD QP to INIT on mlx5_1: Operation not permitted
alnode318:rank98.neci: Failed to modify UD QP to INIT on mlx5_1: Operation not permitted
alnode318:rank93.neci: Failed to modify UD QP to INIT on mlx5_1: Operation not permitted
alnode318:rank86.neci: Failed to modify UD QP to INIT on mlx5_1: Operation not permitted
alnode318:rank96.neci: Failed to modify UD QP to INIT on mlx5_1: Operation not permitted
alnode318:rank95.neci: Failed to modify UD QP to INIT on mlx5_1: Operation not permitted
alnode318:rank100.neci: Failed to modify UD QP to INIT on mlx5_1: Operation not permitted
alnode318:rank75.neci: Failed to modify UD QP to INIT on mlx5_1: Operation not permitted
alnode318:rank101.neci: Failed to modify UD QP to INIT on mlx5_1: Operation not permitted
alnode318:rank102.neci: Failed to modify UD QP to INIT on mlx5_1: Operation not permitted
alnode318:rank99.neci: Failed to modify UD QP to INIT on mlx5_1: Operation not permitted
alnode318:rank90.neci: Failed to modify UD QP to INIT on mlx5_1: Operation not permitted
alnode318:rank94.neci: Failed to modify UD QP to INIT on mlx5_1: Operation not permitted
alnode318:rank108.neci: Failed to modify UD QP to INIT on mlx5_1: Operation not permitted
alnode318:rank105.neci: Failed to modify UD QP to INIT on mlx5_1: Operation not permitted
alnode318:rank103.neci: Failed to modify UD QP to INIT on mlx5_1: Operation not permitted
alnode318:rank112.neci: Failed to modify UD QP to INIT on mlx5_1: Operation not permitted
alnode318:rank107.neci: Failed to modify UD QP to INIT on mlx5_1: Operation not permitted
alnode318:rank106.neci: Failed to modify UD QP to INIT on mlx5_1: Operation not permitted
alnode318:rank116.neci: Failed to modify UD QP to INIT on mlx5_1: Operation not permitted
alnode318:rank113.neci: Failed to modify UD QP to INIT on mlx5_1: Operation not permitted
alnode318:rank109.neci: Failed to modify UD QP to INIT on mlx5_1: Operation not permitted
alnode318:rank118.neci: Failed to modify UD QP to INIT on mlx5_1: Operation not permitted
alnode318:rank122.neci: Failed to modify UD QP to INIT on mlx5_1: Operation not permitted
alnode318:rank121.neci: Failed to modify UD QP to INIT on mlx5_1: Operation not permitted
alnode318:rank114.neci: Failed to modify UD QP to INIT on mlx5_1: Operation not permitted
alnode318:rank120.neci: Failed to modify UD QP to INIT on mlx5_1: Operation not permitted
alnode318:rank126.neci: Failed to modify UD QP to INIT on mlx5_1: Operation not permitted
alnode318:rank110.neci: Failed to modify UD QP to INIT on mlx5_1: Operation not permitted
alnode318:rank111.neci: Failed to modify UD QP to INIT on mlx5_1: Operation not permitted
alnode318:rank119.neci: Failed to modify UD QP to INIT on mlx5_1: Operation not permitted
alnode318:rank117.neci: Failed to modify UD QP to INIT on mlx5_1: Operation not permitted
alnode318:rank124.neci: Failed to modify UD QP to INIT on mlx5_1: Operation not permitted
alnode318:rank123.neci: Failed to modify UD QP to INIT on mlx5_1: Operation not permitted
alnode318:rank127.neci: Failed to modify UD QP to INIT on mlx5_1: Operation not permitted
alnode318:rank115.neci: Failed to modify UD QP to INIT on mlx5_1: Operation not permitted
alnode318:rank125.neci: Failed to modify UD QP to INIT on mlx5_1: Operation not permitted
alnode318:rank83.neci: Failed to modify UD QP to INIT on mlx5_1: Operation not permitted
 Number of processors:          256
 Processor            1 /         256  as head node.
 Sum:        32896
 Memory Manager initialised with  99999.0 MB

 ================================================================
 Compiled on Nov 11 2025 at 11:57:17
 Compiled using configuration:
     cmake-GNU--RELEASE
 VCS BASE repository version:
     7877baa1fe30464671d0ae2bd6d168d65a571637
 Working directory: 
     /home/dimauro/calcs/current/ferrocene_10e7o_CASSCF/11-sjb01
 Running on: alnode318
 Started running on 15/11/2025 at 15:31:59
 ================================================================

 Processing arguments NECI.in                                                                                                                                                                                                                                                        
 Reading from file: NECI.in
 Using the default set of defaults.

****************************************************************

TITLE

SYSTEM read
 	FCIDUMP-name FCIDUMP_loc
	electrons            10
	spin-restrict        0
	sym                  0 0 0 0
        ignore-fcidump-header
	nonUniformRandExcits PCHB LOCALISED
	noBrillouinTheorem
ENDSYS

CALC

	nmcyc               254800
	seed                -7
	load-balance-blocks ON
WARNING: LOAD-BALANCE-BLOCKS option is now enabled by default.


	# METHODS BLOCK ----------------------------------------------

	  METHODS
		  method VERTEX FCIMC
  	  ENDMETHODS

	# ------------------------------------------------------------

	# POPULATION CONTROL OPTIONS ---------------------------------

	  totalwalkers 1e6
	  shiftDamp    0.5
	  stepsshift   100

	# ------------------------------------------------------------

	# REAL WALKER COEFFICIENTS OPTIONS ---------------------------

	  allRealCoeff
	  realSpawnCutOff 0.01

        # ------------------------------------------------------------

	# TIME-STEP OPTIONS ------------------------------------------

	  tau-values \
                  start user-defined 0.001      \
                  ignore-diagonal-estimate

#         tau-search \
#                 algorithm conventional maxWalkerBloom 1

        # ------------------------------------------------------------

	# WAVE FUNCTION INITIALIZATION OPTIONS -----------------------

	  walkContGrow
	  defineDet       2  3  5  6  7  8  9 10 11 14
	  startSinglePart 1000
	  no-changeRef

        # ------------------------------------------------------------

        # TRIAL WAVE FUNCTION (PROJ. ENERGY) OPTIONS -----------------

        # ------------------------------------------------------------

        # P/Q PARTITION FIXED-NODE APPROXIMATION OPTIONS -------------

           fixed-node \
            overlap-filename    LTSC.mat       \
            trial-wfn-filename  mdet.dat       \
            reference-filename  fci-core.dat   \
            jastrow-factor      jastrow.dat    \
	    back-flow           backflow.dat   \
	    trial-proj-energy   trialspace.dat \
            calc-trial-energy         \
            calc-sign-flip-potential  \		
            fixed-node-dump

        # ------------------------------------------------------------

	# MEMORY OPTIONS ---------------------------------------------

	  memoryFacPart   500.0
          memoryFacSpawn  500.0

        # ------------------------------------------------------------

ENDCALC

LOGGING
	hdf5-pops
	highlyPopWrite 100000
ENDLOG

END

****************************************************************

 Seed was specified in input.
 Please note that because of load-balancing the calculation is not fully deterministic (CPU load).
 If a fully deterministic calculation is required use the `load-balance-interval` keyword.
 Allocating each processor as a separate node.
 I am the node root for node            0
======== SYSTEM ==========
  NUMBER OF ELECTRONS :    10
  Restricting the S_z spin-projection of the system, TSPN :  T
 S_z quantum number :     0
  GLOBAL MS :            0
  *** GENERIC SYSTEM ***  
 Only one irrep found. Turning off symmetry for rest of calculation.
  NUMBER OF SPIN ORBITALS IN BASIS :    14
*** CREATING BASIS FNs FROM FCIDUMP ***
  Maximum number of symmetries:   1
 Turning Symmetry off
  Generating abelian symmetry table with  0 generators
  Number of symmetry classes: 1
HF determinant not yet defined.
      1      1      0      0      0     -1 ( 0, 0, 0) 0   0       -6.126470934       -6.126470934
      2      2      0      0      0      1 ( 0, 0, 0) 0   0       -6.126470934       -6.126470934
      3      3      0      0      0     -1 ( 0, 0, 0) 0   0       -5.670657755       -5.670657755
      4      4      0      0      0      1 ( 0, 0, 0) 0   0       -5.670657755       -5.670657755
      5      5      0      0      0     -1 ( 0, 0, 0) 0   0       -7.996129627       -7.996129627
      6      6      0      0      0      1 ( 0, 0, 0) 0   0       -7.996129627       -7.996129627
      7      7      0      0      0     -1 ( 0, 0, 0) 0   0       -7.760235602       -7.760235602
      8      8      0      0      0      1 ( 0, 0, 0) 0   0       -7.760235602       -7.760235602
      9      9      0      0      0     -1 ( 0, 0, 0) 0   0      -30.257805476      -30.257805476
     10     10      0      0      0      1 ( 0, 0, 0) 0   0      -30.257805476      -30.257805476
     11     11      0      0      0     -1 ( 0, 0, 0) 0   0       -5.941840168       -5.941840168
     12     12      0      0      0      1 ( 0, 0, 0) 0   0       -5.941840168       -5.941840168
     13     13      0      0      0     -1 ( 0, 0, 0) 0   0       -5.470000705       -5.470000705
     14     14      0      0      0      1 ( 0, 0, 0) 0   0       -5.470000705       -5.470000705
 Turning Symmetry off
*** READING PRIMITIVE INTEGRALS FROM FCIDUMP ***
 UMatSize:                   406
Memory required for integral storage:     0.3097534180E-02 Mb/Shared Memory
Two-electron integrals with a magnitude over    0.1000000E-07 are screened
 Number of non-zero integrals:                   784
 ECORE=  -1570.7565343546451     
 Setting normal get_umat_el_normal routine
 Defining FDet according to input
 Fermi det (D0):(    2,    3,    5,    6,    7,    8,    9,   10,   11,   14)
 Symmetry:  ( 0, 0, 0) 0
 Fock operator energy:  -1685.9938453266584     
 Setting normal get_umat_el_normal routine
 Number of simultaneous walker distributions:            1
 Number of sign components in bit representation of determinant:            1
Setting integer length of determinants as bit-strings to:      3
Setting integer bit-length of determinants as bit-strings to:     64
 SYMMETRY MULTIPLICATION TABLE
 No Symmetry table found.
           1  Symmetry PAIRS
           1  DISTINCT ORBITAL PAIR PRODUCT SYMS
 Symmetry and spin of orbitals correctly set up for excitation generators.
 Simply transferring this into a spin orbital representation.
 Not storing the H matrix.
 <D0|H|D0>=  -1651.3591216139725     
 <D0|T|D0>=  -115.23731097201346     
 <D0|U|D0>=  -1536.1218106419592     
 FDet has     5 alpha electrons, and     5 beta electrons.
               10  alpha-alpha occupied electron pairs
               10  beta-beta occupied electron pairs
               25  alpha-beta occupied electron pairs
                1 alpha-alpha (vacant) hole pairs
                1 beta-beta (vacant) hole pairs
                4 alpha-beta (vacant) hole pairs

 Performing Parallel FCIQMC....

 Generated reference determinants:
(    2,    3,    5,    6,    7,    8,    9,   10,   11,   14) E =  -1651.359121614
Symmetry of reference determinant is:          0
Symmetry of reference determinant from spin orbital symmetry info is:          0
Value for seed is:            7
Reference Energy set to:     -1651.3591216140
Highest energy determinant is (approximately):     -1650.89631082442    
Corresponding to a correlation energy of:     0.462810789549849    
This means tau should be no more than about         2.160710213719621
 Highest energy determinant is:            5           6           7           8           9          10          11          12          13          14
 The estimated deterministic tau of:    2.3767812350915829       is ignored.
 Calculating approximate pDoubles for use with excitation generator by looking a excitations from reference.
    120 double excitations, and      20 single excitations found from reference. This will be used to calculate pDoubles.
 pDoubles set to:       0.857143
 pSingles set to:       0.142857
Initial Diagonal Shift:         0.0000000000
 Connectivity of HF determinant is:          140
FCI PCHB with UNIF:FULL UNIF-FULL:FULL-FULL is used

 We draw from \( \tilde{p}(I)|_{D_i} \) uniformly and then from
 \( p(A | I)_{A \notin D_i} \).
 I.e. only the second electron comes from the weighting scheme given in
 `possible_PC_singles_weighting_t`.
 We guarantee that \(I\) is occupied and \(A\) is unoccupied.

 Generating samplers for PCHB excitation generator
 Depending on the number of property vectors this can take up to 10min.
 The number of supergroups is           1
 The excitation generator requires roughly: 434.77 kiB or 445.20 kB
 Finished excitation generator initialization
==================================================================
INITIALIZING FIXED-NODE METHOD
==================================================================
NOTE: FN-FCIQMC method is run without changing reference determinants.
------------------------------------------------------------------
Initializing LtSC Matrix
------------------------------------------------------------------
  Reading LtSC (ovrelap) matrix from file: LTSC.mat
  LtSC Matrix initialized successfully
------------------------------------------------------------------
Initializing Trial Wave Function
------------------------------------------------------------------
  Reading trial wave function coefficients and determinants from file: mdet.dat
  Number of Configurations (nc): 1
  [coefficient] | [nI-determinant]
___________________________________________________________________________________________________
 
      1.0000000   1   2   3   4   5   6   7   8   9  10
___________________________________________________________________________________________________
------------------------------------------------------------------
Initializing Fixed-Node Backflow Correlations
------------------------------------------------------------------
  Reading Backflow parameters from file: backflow.dat
  Allocating Fixed Node Method Data: Backflow ...
  Allocation of Backflow data structures completed
 
    o BACKFLOW correlations enabled: SELF TERM
    o BACKFLOW correlations enabled: ELECTRON-HOLON [u0]
    o BACKFLOW correlations enabled: ELECTRON-HOLON [d0]
    o BACKFLOW correlations enabled: ELECTRON-ELECTRON [ud]
    o BACKFLOW correlations enabled: ELECTRON-ELECTRON [du]
    o BACKFLOW correlations enabled: DOUBLON-HOLON [20]
    o BACKFLOW correlations enabled: DOUBLON-ELECTRON [2u]
    o BACKFLOW correlations enabled: DOUBLON-ELECTRON [2d]
 
  Backflow parameters initialized successfully
------------------------------------------------------------------
Initializing Fixed-Node Jastrow Correlations [site-centric formalism]
------------------------------------------------------------------
  Reading Jastrow parameters from file: jastrow.dat
  Allocating Fixed Node Method Data: Jastrow ...
  Allocation of Jastrow data structures completed
 
    o JASTROW factor enabled: DOUBLON TERM (Gutzwiller)
    o JASTROW term enabled: HOLON-DOUBLON
    o JASTROW term enabled: ELECTRON-ELECTRON [uu] (same spin)
    o JASTROW term enabled: ELECTRON-ELECTRON [ud] (opposit espin)
    o JASTROW term enabled: ELECTRON-ELECTRON [du] (opposite spin)
    o JASTROW term enabled: ELECTRON-ELECTRON [dd] (same espin)
    o JASTROW term enabled: DOUBLON-HOLON
 
  Jastrow factor correlations initialized successfully
------------------------------------------------------------------
Initializing Psi[max] and Relative Wave Function Threshold Values.
------------------------------------------------------------------
  Using the defineDet determinant as reference determinant
  RefDet:    2   3   5   6   7   8   9  10  11  14
  Psi[T](max) =       0.129012E-27
 
  Using this trial wave function value for setting intermediate normalization
  Psi[T](RefDet) =      -0.100000E+01
 
  Setting relative wave function threshold value
  Threshold   =       0.100000E-11
------------------------------------------------------------------
Initializing Reference Determinants
------------------------------------------------------------------
  Initializing reference determinants from file: fci-core.dat
 Read in         441 determinants/CSFs to be stored in an array.
    Calculating reference determinants data
    Reference determinants list size: 441
  [nI-determinant] | [twfn amp.] (overlap) | [local energy] | [sign-flip potential]
___________________________________________________________________________________________________
 
   2   3   5   6   7   8   9  10  11  14   -1.00000000000E+00  -1.65601493278E+03   1.81572177436E-01
   1   4   5   6   7   8   9  10  12  13   -1.00000000000E+00  -1.65601493278E+03   1.81572177436E-01
   3   4   5   6   7   8   9  10  11  12    9.82909784499E-01  -1.65607233855E+03   1.72267309976E-01
   1   2   5   6   7   8   9  10  13  14    9.48075236190E-01  -1.65607189822E+03   2.21355572961E-01
   2   3   5   6   7   8   9  10  11  12   -7.11984245071E-01  -1.65601116600E+03   3.95962020723E-01
   1   4   5   6   7   8   9  10  11  12    7.11984245071E-01  -1.65601116600E+03   3.95962020723E-01
   1   3   4   5   6   7   8   9  10  12    7.07258583807E-01  -1.65601028045E+03   3.62177077451E-01
   2   3   4   5   6   7   8   9  10  11   -7.07258583807E-01  -1.65601028045E+03   3.62177077451E-01
   1   2   5   6   7   8   9  10  12  13   -7.09536603664E-01  -1.65596568489E+03   4.16406003137E-01
   1   2   5   6   7   8   9  10  11  14    7.09536603664E-01  -1.65596568489E+03   4.16406003137E-01
   1   2   4   5   6   7   8   9  10  13    6.88420463119E-01  -1.65604727258E+03   4.12156975748E-01
   1   2   3   5   6   7   8   9  10  14   -6.88420463119E-01  -1.65604727258E+03   4.12156975748E-01
   4   5   6   7   8   9  10  11  12  13    6.74541693179E-01  -1.65598437704E+03   3.73201478555E-01
   3   5   6   7   8   9  10  11  12  14   -6.74541693179E-01  -1.65598437704E+03   3.73201478555E-01
   2   5   6   7   8   9  10  11  13  14   -6.57125481458E-01  -1.65601835593E+03   3.80830189480E-01
   1   5   6   7   8   9  10  12  13  14    6.57125481458E-01  -1.65601835593E+03   3.80830189480E-01
   3   4   5   6   7   8   9  10  12  13   -6.52093292274E-01  -1.65604642396E+03   3.42473077598E-01
   3   4   5   6   7   8   9  10  11  14    6.52093292274E-01  -1.65604642396E+03   3.42473077598E-01
   2   3   5   6   7   8   9  10  13  14   -6.42923835323E-01  -1.65600526699E+03   3.57025156671E-01
   1   4   5   6   7   8   9  10  13  14    6.42923835323E-01  -1.65600526699E+03   3.57025156671E-01
   1   2   3   5   6   7   8   9  10  12   -5.05522263399E-01  -1.65605524169E+03   5.74834876957E-01
   1   2   4   5   6   7   8   9  10  11    5.05522263399E-01  -1.65605524169E+03   5.74834876957E-01
   1   3   5   6   7   8   9  10  12  14    4.98069150768E-01  -1.65606401915E+03   4.78160040663E-01
   2   4   5   6   7   8   9  10  11  13    4.98069150768E-01  -1.65606401915E+03   4.78160040663E-01
   1   4   5   6   7   8   9  10  11  14    4.89110519443E-01  -1.65607079199E+03   5.15802922355E-01
   2   3   5   6   7   8   9  10  12  13    4.89110519443E-01  -1.65607079199E+03   5.15802922355E-01
   1   5   6   7   8   9  10  11  12  14   -4.80700440747E-01  -1.65605833694E+03   6.15104478310E-01
   2   5   6   7   8   9  10  11  12  13    4.80700440747E-01  -1.65605833694E+03   6.15104478310E-01
   1   2   5   6   7   8   9  10  11  12    4.64772650923E-01  -1.65606604740E+03   8.72573722675E-01
   1   3   4   5   6   7   8   9  10  14    4.65728739222E-01  -1.65600941142E+03   5.55142670912E-01
   2   3   4   5   6   7   8   9  10  13   -4.65728739222E-01  -1.65600941142E+03   5.55142670912E-01
   1   2   3   4   5   6   7   8   9  10    4.58935064735E-01  -1.65599636102E+03   8.24020868532E-01
   3   5   6   7   8   9  10  12  13  14    4.37592888654E-01  -1.65606558992E+03   5.08238232843E-01
   4   5   6   7   8   9  10  11  13  14   -4.37592888654E-01  -1.65606558992E+03   5.08238232843E-01
   5   6   7   8   9  10  11  12  13  14    4.11901367554E-01  -1.65604466662E+03   8.50267746012E-01
   3   4   5   6   7   8   9  10  13  14    4.01850412701E-01  -1.65591646373E+03   7.34093339269E-01
   2   3   5   7   8   9  10  11  12  14    3.61713831869E-01  -1.65594904572E+03   8.83938466445E-01
   1   4   6   7   8   9  10  11  12  13    3.61713831869E-01  -1.65594904572E+03   8.83938466445E-01
   1   2   5   7   8   9  10  12  13  14    3.54684044523E-01  -1.65599016076E+03   8.03705556967E-01
   1   2   6   7   8   9  10  11  13  14   -3.54684044523E-01  -1.65599016076E+03   8.03705556967E-01
   2   3   4   5   6   7   9  10  11  14   -3.49857091496E-01  -1.65589024555E+03   4.34013609183E-01
   1   3   4   5   6   8   9  10  12  13   -3.49857091496E-01  -1.65589024555E+03   4.34013609183E-01
   1   2   4   5   6   7   9  10  12  13   -3.35455494519E-01  -1.65610915073E+03   4.48293406471E-01
   1   2   3   5   6   8   9  10  11  14   -3.35455494519E-01  -1.65610915073E+03   4.48293406471E-01
   1   2   4   5   6   7   9  10  13  14    3.27318995711E-01  -1.65606292175E+03   4.25131073363E-01
   1   2   3   5   6   8   9  10  13  14   -3.27318995711E-01  -1.65606292175E+03   4.25131073363E-01
   2   3   4   5   6   7   9  10  11  12   -3.48033852128E-01  -1.65599174935E+03   4.52545353721E-01
   1   3   4   5   6   8   9  10  11  12    3.48033852128E-01  -1.65599174935E+03   4.52545353721E-01
   2   3   6   7   8   9  10  11  13  14    3.28626722545E-01  -1.65597839078E+03   7.08990054607E-01
   1   4   5   7   8   9  10  12  13  14    3.28626722545E-01  -1.65597839078E+03   7.08990054607E-01
   3   4   5   7   8   9  10  11  12  14   -3.26847563846E-01  -1.65599910226E+03   7.82301258677E-01
   3   4   6   7   8   9  10  11  12  13    3.26847563846E-01  -1.65599910226E+03   7.82301258677E-01
   1   2   3   5   7   8   9  10  12  14   -2.59549630208E-01  -1.65602826277E+03   1.03718554343E+00
   1   2   4   6   7   8   9  10  11  13   -2.59549630208E-01  -1.65602826277E+03   1.03718554343E+00
   1   2   6   7   8   9  10  11  12  13    2.56873094675E-01  -1.65605788522E+03   1.21532936356E+00
   1   2   5   7   8   9  10  11  12  14   -2.56873094675E-01  -1.65605788522E+03   1.21532936356E+00
   1   2   4   5   6   7   9  10  11  14    2.55006991750E-01  -1.65598679380E+03   7.16565816215E-01
   1   2   3   5   6   8   9  10  12  13    2.55006991750E-01  -1.65598679380E+03   7.16565816215E-01
   1   2   4   5   6   7   9  10  11  12    2.50271066111E-01  -1.65600558853E+03   7.86190063041E-01
   1   2   3   5   6   8   9  10  11  12   -2.50271066111E-01  -1.65600558853E+03   7.86190063041E-01
   1   2   3   4   5   6   7   9  10  14   -2.38209376827E-01  -1.65606230620E+03   7.38086698917E-01
   1   2   3   4   5   6   8   9  10  13    2.38209376827E-01  -1.65606230620E+03   7.38086698917E-01
   2   3   6   7   8   9  10  11  12  13   -2.43005862289E-01  -1.65603705601E+03   1.00547133651E+00
   1   4   5   7   8   9  10  11  12  14   -2.43005862289E-01  -1.65603705601E+03   1.00547133651E+00
   1   2   3   4   5   6   7   9  10  12   -2.49694743825E-01  -1.65591026237E+03   7.49263478048E-01
   1   2   3   4   5   6   8   9  10  11    2.49694743825E-01  -1.65591026237E+03   7.49263478048E-01
   2   3   5   7   8   9  10  12  13  14   -2.38962058996E-01  -1.65603248321E+03   9.36563588301E-01
   1   4   6   7   8   9  10  11  13  14   -2.38962058996E-01  -1.65603248321E+03   9.36563588301E-01
   2   5   7   8   9  10  11  12  13  14    2.39997379803E-01  -1.65603607407E+03   1.12035499317E+00
   1   6   7   8   9  10  11  12  13  14   -2.39997379803E-01  -1.65603607407E+03   1.12035499317E+00
   2   3   4   6   7   8   9  10  11  13    2.38773751520E-01  -1.65599326418E+03   9.50144153964E-01
   1   3   4   5   7   8   9  10  12  14    2.38773751520E-01  -1.65599326418E+03   9.50144153964E-01
   2   4   5   6   7   9  10  11  13  14   -2.32082830600E-01  -1.65600476619E+03   6.50328955568E-01
   1   3   5   6   8   9  10  12  13  14   -2.32082830600E-01  -1.65600476619E+03   6.50328955568E-01
   2   4   5   6   7   9  10  11  12  13    2.36135468059E-01  -1.65601749775E+03   6.98669241224E-01
   1   3   5   6   8   9  10  11  12  14    2.36135468059E-01  -1.65601749775E+03   6.98669241224E-01
   2   3   4   5   6   7   9  10  12  13    2.33364773438E-01  -1.65597605319E+03   6.12227198024E-01
   1   3   4   5   6   8   9  10  11  14    2.33364773438E-01  -1.65597605319E+03   6.12227198024E-01
   1   3   4   5   6   8   9  10  13  14    2.18861315097E-01  -1.65605904097E+03   6.26135336742E-01
   2   3   4   5   6   7   9  10  13  14   -2.18861315097E-01  -1.65605904097E+03   6.26135336742E-01
   4   5   7   8   9  10  11  12  13  14    2.20970051456E-01  -1.65601953436E+03   1.01227535410E+00
   3   6   7   8   9  10  11  12  13  14   -2.20970051456E-01  -1.65601953436E+03   1.01227535410E+00
   3   4   5   7   8   9  10  12  13  14    2.13882294630E-01  -1.65600329200E+03   9.51056356146E-01
   3   4   6   7   8   9  10  11  13  14   -2.13882294630E-01  -1.65600329200E+03   9.51056356146E-01
   1   2   4   5   7   8   9  10  12  13    1.60665363360E-01  -1.65600094163E+03   2.35951473853E+00
   1   2   3   6   7   8   9  10  11  14    1.60665363360E-01  -1.65600094163E+03   2.35951473853E+00
   2   3   4   5   7   8   9  10  11  12    1.60828041586E-01  -1.65598147657E+03   2.49149517495E+00
   1   3   4   6   7   8   9  10  11  12   -1.60828041586E-01  -1.65598147657E+03   2.49149517495E+00
   2   3   5   6   8   9  10  11  13  14    1.34310098502E-01  -1.65613140648E+03   2.15268044710E+00
   1   4   5   6   7   9  10  12  13  14    1.34310098502E-01  -1.65613140648E+03   2.15268044710E+00
   3   4   5   6   8   9  10  11  12  13    1.38851557294E-01  -1.65616816141E+03   2.13420513501E+00
   3   4   5   6   7   9  10  11  12  14   -1.38851557294E-01  -1.65616816141E+03   2.13420513501E+00
   1   3   4   6   7   8   9  10  12  13   -1.29185728091E-01  -1.65591649518E+03   3.21908167602E+00
   2   3   4   5   7   8   9  10  11  14   -1.29185728091E-01  -1.65591649518E+03   3.21908167602E+00
   1   2   4   5   7   8   9  10  13  14    1.24260808312E-01  -1.65609206363E+03   3.19742691885E+00
   1   2   3   6   7   8   9  10  13  14   -1.24260808312E-01  -1.65609206363E+03   3.19742691885E+00
   1   4   5   6   8   9  10  11  12  13   -1.32476736175E-01  -1.65601116228E+03   2.26611724221E+00
   2   3   5   6   7   9  10  11  12  14   -1.32476736175E-01  -1.65601116228E+03   2.26611724221E+00
   1   2   5   6   8   9  10  11  13  14    1.40458769223E-01  -1.65569058116E+03   2.05494828119E+00
   1   2   5   6   7   9  10  12  13  14   -1.40458769223E-01  -1.65569058116E+03   2.05494828119E+00
   1   2   4   5   7   8   9  10  11  12   -1.14116944200E-01  -1.65604314476E+03   3.01061840061E+00
   1   2   3   6   7   8   9  10  11  12    1.14116944200E-01  -1.65604314476E+03   3.01061840061E+00
   1   4   5   6   7   9  10  11  12  14   -1.08335662484E-01  -1.65596936486E+03   2.41794795234E+00
   2   3   5   6   8   9  10  11  12  13   -1.08335662484E-01  -1.65596936486E+03   2.41794795234E+00
   1   2   3   4   5   7   8   9  10  12    1.14364960928E-01  -1.65597494823E+03   2.58907082716E+00
   1   2   3   4   6   7   8   9  10  11   -1.14364960928E-01  -1.65597494823E+03   2.58907082716E+00
   1   3   4   5   6   7   9  10  12  14    1.00792779243E-01  -1.65602984586E+03   2.41315296838E+00
   2   3   4   5   6   8   9  10  11  13    1.00792779243E-01  -1.65602984586E+03   2.41315296838E+00
   2   3   4   5   7   8   9  10  12  13   -1.07589093362E-01  -1.65612034298E+03   2.76018270220E+00
   1   3   4   6   7   8   9  10  11  14   -1.07589093362E-01  -1.65612034298E+03   2.76018270220E+00
   2   4   5   7   8   9  10  11  12  13   -1.10903420837E-01  -1.65596342092E+03   3.13661505098E+00
   1   3   6   7   8   9  10  11  12  14   -1.10903420837E-01  -1.65596342092E+03   3.13661505098E+00
   4   5   6   7   9  10  11  12  13  14    9.27455946188E-02  -1.65602748615E+03   2.73795261587E+00
   3   5   6   8   9  10  11  12  13  14   -9.27455946188E-02  -1.65602748615E+03   2.73795261587E+00
   3   4   5   6   8   9  10  11  13  14   -8.72742488518E-02  -1.65629949786E+03   2.67028676467E+00
   3   4   5   6   7   9  10  12  13  14    8.72742488518E-02  -1.65629949786E+03   2.67028676467E+00
   1   2   4   5   7   8   9  10  11  14    9.47276676677E-02  -1.65612179132E+03   3.60043662387E+00
   1   2   3   6   7   8   9  10  12  13    9.47276676677E-02  -1.65612179132E+03   3.60043662387E+00
   1   2   3   4   6   7   8   9  10  13    8.74769683673E-02  -1.65606840871E+03   3.54999614056E+00
   1   2   3   4   5   7   8   9  10  14   -8.74769683673E-02  -1.65606840871E+03   3.54999614056E+00
   1   2   5   6   7   9  10  11  12  14    9.69374273018E-02  -1.65594259958E+03   2.85029298871E+00
   1   2   5   6   8   9  10  11  12  13   -9.69374273018E-02  -1.65594259958E+03   2.85029298871E+00
   2   4   5   7   8   9  10  11  13  14   -8.89540781934E-02  -1.65591649353E+03   3.87291638176E+00
   1   3   6   7   8   9  10  12  13  14   -8.89540781934E-02  -1.65591649353E+03   3.87291638176E+00
   1   2   3   5   6   7   9  10  12  14    9.56746835818E-02  -1.65598224892E+03   2.65687338191E+00
   1   2   4   5   6   8   9  10  11  13    9.56746835818E-02  -1.65598224892E+03   2.65687338191E+00
   2   3   4   5   7   8   9  10  13  14   -8.33221671339E-02  -1.65598514237E+03   3.76444557213E+00
   1   3   4   6   7   8   9  10  13  14    8.33221671339E-02  -1.65598514237E+03   3.76444557213E+00
   2   3   5   6   7   9  10  12  13  14    9.16425153115E-02  -1.65594873567E+03   2.56049223599E+00
   1   4   5   6   8   9  10  11  13  14    9.16425153115E-02  -1.65594873567E+03   2.56049223599E+00
   2   5   6   7   9  10  11  12  13  14   -8.87111665190E-02  -1.65604317180E+03   2.87635114017E+00
   1   5   6   8   9  10  11  12  13  14    8.87111665190E-02  -1.65604317180E+03   2.87635114017E+00
   1   2   4   7   9  10  11  12  13  14   -7.36128181931E-02  -1.65597428339E+03   6.10579883021E-01
   1   2   3   8   9  10  11  12  13  14    7.36128181931E-02  -1.65597428339E+03   6.10579883021E-01
   1   2   3   4   6   9  10  11  12  13   -6.23717006655E-02  -1.65642010065E+03   5.47296706689E-01
   1   2   3   4   5   9  10  11  12  14    6.23717006655E-02  -1.65642010065E+03   5.47296706689E-01
   1   2   3   4   6   9  10  11  13  14    6.13009666343E-02  -1.65623856654E+03   5.53197616989E-01
   1   2   3   4   5   9  10  12  13  14   -6.13009666343E-02  -1.65623856654E+03   5.53197616989E-01
   2   3   4   7   9  10  11  12  13  14    7.03994327646E-02  -1.65601465269E+03   5.64345935736E-01
   1   3   4   8   9  10  11  12  13  14   -7.03994327646E-02  -1.65601465269E+03   5.64345935736E-01
   1   2   3   4   5   6   9  10  11  12    4.42195228852E-07   2.15059772515E+05   5.89225060188E+05
   3   4   7   8   9  10  11  12  13  14    7.89068200488E-06   7.82816782996E+03   3.78221365590E+04
   1   2   3   4   5   6   9  10  11  14   -2.04073806179E-02  -1.65632255666E+03   6.93441047600E+00
   1   2   3   4   5   6   9  10  12  13    2.04073806179E-02  -1.65632255666E+03   6.93441047600E+00
   1   4   7   8   9  10  11  12  13  14    2.83024838285E-05   5.06445615509E+02   1.13173297090E+04
   2   3   7   8   9  10  11  12  13  14   -2.83024838285E-05   5.06445615509E+02   1.13173297090E+04
   1   2   3   4   5   6   9  10  13  14    6.63957656411E-07   1.65238737193E+05   3.74569876386E+05
   1   2   7   8   9  10  11  12  13  14    6.42233654387E-06   4.19936728767E+03   5.55127147150E+04
   1   2   3   4   7   9  10  11  12  14    2.82643894312E-02  -1.65637740522E+03   2.76033779543E+00
   1   2   3   4   8   9  10  11  12  13   -2.82643894312E-02  -1.65637740522E+03   2.76033779543E+00
   2   3   4   5   9  10  11  12  13  14   -2.90248014264E-02  -1.65601390361E+03   2.62978992213E+00
   1   3   4   6   9  10  11  12  13  14    2.90248014264E-02  -1.65601390361E+03   2.62978992213E+00
   1   2   3   4   7   9  10  12  13  14    3.09850554908E-02  -1.65594916823E+03   2.79434604630E+00
   1   2   3   4   8   9  10  11  13  14   -3.09850554908E-02  -1.65594916823E+03   2.79434604630E+00
   1   2   3   4   9  10  11  12  13  14    1.31678772434E-02  -1.65836319272E+03   1.38336059340E+00
   2   3   4   7   8   9  10  11  13  14    7.16450444594E-05  -2.29826762583E+03   2.44544569984E+03
   1   3   4   7   8   9  10  12  13  14   -7.16450444594E-05  -2.29826762583E+03   2.44544569984E+03
   1   2   3   6   9  10  11  12  13  14    2.59018893064E-02  -1.65595710030E+03   3.12094503569E+00
   1   2   4   5   9  10  11  12  13  14   -2.59018893064E-02  -1.65595710030E+03   3.12094503569E+00
   1   2   4   5   6   9  10  11  12  13   -2.91115551711E-03  -1.66539402219E+03   4.60650851263E+01
   1   2   3   5   6   9  10  11  12  14    2.91115551711E-03  -1.66539402219E+03   4.60650851263E+01
   2   3   4   6   7   9  10  11  13  14    1.83823848391E-02  -1.65730186409E+03   1.04944482001E+01
   1   3   4   5   8   9  10  12  13  14    1.83823848391E-02  -1.65730186409E+03   1.04944482001E+01
   2   3   4   6   7   9  10  11  12  13   -2.64185742274E-02  -1.65590258489E+03   6.92119015444E+00
   1   3   4   5   8   9  10  11  12  14   -2.64185742274E-02  -1.65590258489E+03   6.92119015444E+00
   1   2   3   5   8   9  10  11  12  14    3.30568878907E-02  -1.65524724566E+03   6.93742357416E+00
   1   2   4   6   7   9  10  11  12  13    3.30568878907E-02  -1.65524724566E+03   6.93742357416E+00
   1   3   4   5   6   9  10  12  13  14    1.10747090711E-03  -1.63448775623E+03   1.37902661710E+02
   2   3   4   5   6   9  10  11  13  14   -1.10747090711E-03  -1.63448775623E+03   1.37902661710E+02
   2   3   5   6   7   8  10  11  13  14    2.00765405884E-02  -1.65584208514E+03   7.87051110134E+01
   1   4   5   6   7   8   9  12  13  14    2.00765405884E-02  -1.65584208514E+03   7.87051110134E+01
   3   4   5   6   7   8  10  11  12  13    1.97780234233E-02  -1.65666751736E+03   8.07402252715E+01
   3   4   5   6   7   8   9  11  12  14   -1.97780234233E-02  -1.65666751736E+03   8.07402252715E+01
   1   3   4   5   6   7   8  10  12  13   -1.70856677798E-02  -1.65889898396E+03   1.02230598558E+02
   2   3   4   5   6   7   8   9  11  14   -1.70856677798E-02  -1.65889898396E+03   1.02230598558E+02
   1   2   3   4   5   8   9  10  13  14    8.33877266502E-03  -1.65709065514E+03   1.92408887031E+01
   1   2   3   4   6   7   9  10  13  14   -8.33877266502E-03  -1.65709065514E+03   1.92408887031E+01
   1   2   3   7   8   9  10  11  12  14   -3.28344055843E-04  -1.56317446578E+03   8.62954207277E+02
   1   2   4   7   8   9  10  11  12  13    3.28344055843E-04  -1.56317446578E+03   8.62954207277E+02
   1   2   3   4   7   8   9  10  13  14    7.51605722892E-05  -1.36683121592E+03   2.37617870595E+03
   1   2   4   7   8   9  10  11  13  14    7.95620055547E-04  -1.61993305838E+03   2.72831217833E+02
   1   2   3   7   8   9  10  12  13  14   -7.95620055547E-04  -1.61993305838E+03   2.72831217833E+02
   1   3   4   5   6   7   8   9  12  14    1.63739422180E-02  -1.65701103408E+03   7.05783793490E+01
   2   3   4   5   6   7   8  10  11  13    1.63739422180E-02  -1.65701103408E+03   7.05783793490E+01
   1   3   4   6   7   9  10  12  13  14   -1.65357885779E-03  -1.67498518582E+03   7.04227058088E+01
   2   3   4   5   8   9  10  11  13  14   -1.65357885779E-03  -1.67498518582E+03   7.04227058088E+01
   1   2   3   5   6   7   8  10  13  14   -1.48195953019E-02  -1.65718150485E+03   1.16558386448E+02
   1   2   4   5   6   7   8   9  13  14    1.48195953019E-02  -1.65718150485E+03   1.16558386448E+02
   3   4   5   6   7   8   9  12  13  14    1.27986027094E-02  -1.66000285588E+03   7.98966346681E+01
   3   4   5   6   7   8  10  11  13  14   -1.27986027094E-02  -1.66000285588E+03   7.98966346681E+01
   1   2   4   5   8   9  10  11  12  13   -8.60616050853E-03  -1.65720740058E+03   1.58482454660E+01
   1   2   3   6   7   9  10  11  12  14   -8.60616050853E-03  -1.65720740058E+03   1.58482454660E+01
   1   2   5   6   9  10  11  12  13  14    1.52575503143E-03  -1.64177543098E+03   1.04985900763E+02
   2   3   4   5   6   7   8   9  13  14   -1.17521132847E-02  -1.66090594123E+03   9.35154784243E+01
   1   3   4   5   6   7   8  10  13  14    1.17521132847E-02  -1.66090594123E+03   9.35154784243E+01
   1   2   4   6   7   9  10  11  13  14   -2.26885802874E-02  -1.65592726438E+03   1.02062014859E+01
   1   2   3   5   8   9  10  12  13  14   -2.26885802874E-02  -1.65592726438E+03   1.02062014859E+01
   1   2   5   8   9  10  11  12  13  14   -1.30225973330E-02  -1.65643444439E+03   1.35259158875E+01
   1   2   6   7   9  10  11  12  13  14    1.30225973330E-02  -1.65643444439E+03   1.35259158875E+01
   1   2   4   5   6   9  10  11  13  14    8.18382417870E-03  -1.65652537207E+03   1.47004216348E+01
   1   2   3   5   6   9  10  12  13  14   -8.18382417870E-03  -1.65652537207E+03   1.47004216348E+01
   2   3   4   5   7   9  10  11  12  14    1.22131813058E-02  -1.65726390756E+03   1.96078003724E+01
   1   3   4   6   8   9  10  11  12  13    1.22131813058E-02  -1.65726390756E+03   1.96078003724E+01
   3   4   6   7   9  10  11  12  13  14   -7.88064443285E-03  -1.65757372266E+03   2.07289142934E+01
   3   4   5   8   9  10  11  12  13  14    7.88064443285E-03  -1.65757372266E+03   2.07289142934E+01
   1   2   3   5   6   7   8   9  12  14   -1.43313391625E-02  -1.65512387754E+03   1.18082960350E+02
   1   2   4   5   6   7   8  10  11  13   -1.43313391625E-02  -1.65512387754E+03   1.18082960350E+02
   1   3   4   5   6   9  10  11  12  14   -1.10371216848E-04  -1.44997524448E+03   1.45459668429E+03
   2   3   4   5   6   9  10  11  12  13    1.10371216848E-04  -1.44997524448E+03   1.45459668429E+03
   1   2   5   6   7   8   9  12  13  14    1.65774561827E-02  -1.65372088672E+03   1.38968602545E+02
   1   2   5   6   7   8  10  11  13  14   -1.65774561827E-02  -1.65372088672E+03   1.38968602545E+02
   1   2   3   4   5   6   7   8  10  13    1.06501975289E-02  -1.65896110781E+03   1.17516494464E+02
   1   2   3   4   5   6   7   8   9  14   -1.06501975289E-02  -1.65896110781E+03   1.17516494464E+02
   3   4   5   6   9  10  11  12  13  14    1.24011158419E-05  -9.34690661579E+02   1.19938258212E+04
   1   4   5   6   7   8   9  11  12  14   -1.46953006480E-02  -1.65418961735E+03   8.17133049156E+01
   2   3   5   6   7   8  10  11  12  13   -1.46953006480E-02  -1.65418961735E+03   8.17133049156E+01
   1   2   5   7   8  10  11  12  13  14    7.43649543338E-03  -1.65870509826E+03   9.76615981298E+01
   1   2   6   7   8   9  11  12  13  14   -7.43649543338E-03  -1.65870509826E+03   9.76615981298E+01
   1   2   3   4   5   8   9  10  11  12   -1.74482705747E-02  -1.65570923767E+03   1.19471864118E+01
   1   2   3   4   6   7   9  10  11  12    1.74482705747E-02  -1.65570923767E+03   1.19471864118E+01
   2   3   6   7   8   9  11  12  13  14    7.85445281723E-03  -1.65694561206E+03   8.56138234827E+01
   1   4   5   7   8  10  11  12  13  14    7.85445281723E-03  -1.65694561206E+03   8.56138234827E+01
   1   2   3   4   7   8   9  10  11  12    1.37473832876E-05  -7.07678589031E+02   1.65227792942E+04
   2   3   5   6   7   8   9  11  12  14    1.35598736843E-02  -1.65453650064E+03   1.78510458802E+02
   1   4   5   6   7   8  10  11  12  13    1.35598736843E-02  -1.65453650064E+03   1.78510458802E+02
   1   3   4   7   8   9  10  11  12  14   -1.21768326487E-04  -1.81820804930E+03   1.83867136172E+03
   2   3   4   7   8   9  10  11  12  13    1.21768326487E-04  -1.81820804930E+03   1.83867136172E+03
   1   2   4   5   7   9  10  12  13  14    1.57192767751E-02  -1.65600024850E+03   1.57795429908E+01
   1   2   3   6   8   9  10  11  13  14    1.57192767751E-02  -1.65600024850E+03   1.57795429908E+01
   1   3   5   6   7   8  10  12  13  14   -1.10380493569E-02  -1.65679116017E+03   1.09028354818E+02
   2   4   5   6   7   8   9  11  13  14   -1.10380493569E-02  -1.65679116017E+03   1.09028354818E+02
   1   2   5   6   7   8  10  11  12  13    1.15221568721E-02  -1.65320322180E+03   1.48176760293E+02
   1   2   5   6   7   8   9  11  12  14   -1.15221568721E-02  -1.65320322180E+03   1.48176760293E+02
   2   3   4   5   8   9  10  11  12  13   -4.47394886794E-03  -1.65342640287E+03   3.50495581269E+01
   1   3   4   6   7   9  10  11  12  14   -4.47394886794E-03  -1.65342640287E+03   3.50495581269E+01
   1   2   3   5   6   8   9  11  12  14   -9.91149356745E-03  -1.65646789058E+03   7.21060698999E+01
   1   2   4   5   6   7  10  11  12  13   -9.91149356745E-03  -1.65646789058E+03   7.21060698999E+01
   1   4   6   7   8   9  11  12  13  14   -5.06631569679E-03  -1.65815602336E+03   1.00389975747E+02
   2   3   5   7   8  10  11  12  13  14   -5.06631569679E-03  -1.65815602336E+03   1.00389975747E+02
   1   2   4   5   6   7   8   9  11  14    1.11626157309E-02  -1.65523817267E+03   1.18380348890E+02
   1   2   3   5   6   7   8  10  12  13    1.11626157309E-02  -1.65523817267E+03   1.18380348890E+02
   1   3   4   5   6   8  10  11  12  13   -1.11760165170E-02  -1.65424913782E+03   6.18761118069E+01
   2   3   4   5   6   7   9  11  12  14   -1.11760165170E-02  -1.65424913782E+03   6.18761118069E+01
   1   2   4   5   6   7  10  11  13  14    8.45152556030E-03  -1.65684668076E+03   8.41536863546E+01
   1   2   3   5   6   8   9  12  13  14    8.45152556030E-03  -1.65684668076E+03   8.41536863546E+01
   3   4   5   7   8  10  11  12  13  14    4.97961067842E-03  -1.65329670761E+03   9.44375099329E+01
   3   4   6   7   8   9  11  12  13  14   -4.97961067842E-03  -1.65329670761E+03   9.44375099329E+01
   2   3   5   6   7   8   9  12  13  14   -9.07608722809E-03  -1.65434603001E+03   1.77403730541E+02
   1   4   5   6   7   8  10  11  13  14   -9.07608722809E-03  -1.65434603001E+03   1.77403730541E+02
   4   5   6   7   8   9  11  12  13  14    1.20742448940E-02  -1.65238761206E+03   9.10334348403E+01
   3   5   6   7   8  10  11  12  13  14   -1.20742448940E-02  -1.65238761206E+03   9.10334348403E+01
   1   2   4   5   6   7   9  12  13  14   -7.79912327761E-03  -1.65791455788E+03   8.86707813503E+01
   1   2   3   5   6   8  10  11  13  14   -7.79912327761E-03  -1.65791455788E+03   8.86707813503E+01
   1   2   3   4   6   7   9  10  12  13    3.29400807650E-03  -1.66166465032E+03   5.60001468961E+01
   1   2   3   4   5   8   9  10  11  14    3.29400807650E-03  -1.66166465032E+03   5.60001468961E+01
   2   4   5   7   9  10  11  12  13  14    1.10073240808E-02  -1.65504506224E+03   1.94646662446E+01
   1   3   6   8   9  10  11  12  13  14    1.10073240808E-02  -1.65504506224E+03   1.94646662446E+01
   1   2   3   4   5   7   9  10  12  14   -7.99272765536E-03  -1.65707388463E+03   2.32739853389E+01
   1   2   3   4   6   8   9  10  11  13   -7.99272765536E-03  -1.65707388463E+03   2.32739853389E+01
   1   2   4   6   7   8   9  11  12  13   -5.47578671079E-03  -1.65415832367E+03   1.83533359593E+02
   1   2   3   5   7   8  10  11  12  14   -5.47578671079E-03  -1.65415832367E+03   1.83533359593E+02
   1   3   4   6   8   9  10  11  13  14   -9.62903413937E-03  -1.65569426952E+03   2.04758255108E+01
   2   3   4   5   7   9  10  12  13  14   -9.62903413937E-03  -1.65569426952E+03   2.04758255108E+01
   1   3   4   5   7   8  10  11  12  14    6.22122561908E-03  -1.65524147715E+03   1.46500860676E+02
   2   3   4   6   7   8   9  11  12  13    6.22122561908E-03  -1.65524147715E+03   1.46500860676E+02
   1   2   4   6   7   9  11  12  13  14    7.24845045337E-03  -1.65739325115E+03   1.08886207646E+01
   1   2   3   5   8  10  11  12  13  14    7.24845045337E-03  -1.65739325115E+03   1.08886207646E+01
   1   2   4   5   7  10  11  12  13  14   -5.99190076266E-03  -1.66037809228E+03   1.19055504832E+01
   1   2   3   6   8   9  11  12  13  14   -5.99190076266E-03  -1.66037809228E+03   1.19055504832E+01
   2   3   4   5   6   7  10  11  12  13    7.85952619686E-03  -1.65528326388E+03   6.36765195852E+01
   1   3   4   5   6   8   9  11  12  14    7.85952619686E-03  -1.65528326388E+03   6.36765195852E+01
   2   3   6   7   9  10  11  12  13  14   -1.19185775120E-02  -1.65495255866E+03   1.36379595722E+01
   1   4   5   8   9  10  11  12  13  14   -1.19185775120E-02  -1.65495255866E+03   1.36379595722E+01
   1   3   4   6   8   9  11  12  13  14    6.98625428639E-03  -1.65607849584E+03   7.26730196091E+00
   2   3   4   5   7  10  11  12  13  14    6.98625428639E-03  -1.65607849584E+03   7.26730196091E+00
   1   2   3   4   5   6   9  12  13  14   -1.49297851387E-03  -1.73670147314E+03   1.90238479122E+01
   1   2   3   4   5   6  10  11  13  14    1.49297851387E-03  -1.73670147314E+03   1.90238479122E+01
   2   4   5   6   7   9  11  12  13  14   -6.65305241284E-03  -1.65756735415E+03   7.06057097719E+01
   1   3   5   6   8  10  11  12  13  14   -6.65305241284E-03  -1.65756735415E+03   7.06057097719E+01
   1   2   3   4   5   6   9  11  12  14    4.52161490162E-04  -1.85485487751E+03   1.63721956398E+02
   1   2   3   4   5   6  10  11  12  13   -4.52161490162E-04  -1.85485487751E+03   1.63721956398E+02
   1   3   4   5   8  10  11  12  13  14   -7.69955946480E-03  -1.65377947990E+03   8.83574758404E+00
   2   3   4   6   7   9  11  12  13  14   -7.69955946480E-03  -1.65377947990E+03   8.83574758404E+00
   2   3   4   5   6   7  10  11  13  14   -6.34232102802E-03  -1.65374687301E+03   7.87838792814E+01
   1   3   4   5   6   8   9  12  13  14   -6.34232102802E-03  -1.65374687301E+03   7.87838792814E+01
   1   2   3   4   5   6   7  10  11  12   -6.79278416622E-03  -1.65576169647E+03   1.42626077080E+02
   1   2   3   4   5   6   8   9  11  12    6.79278416622E-03  -1.65576169647E+03   1.42626077080E+02
   1   2   4   5   6   7   9  11  12  14    6.04362733767E-03  -1.65881351385E+03   8.69806088223E+01
   1   2   3   5   6   8  10  11  12  13    6.04362733767E-03  -1.65881351385E+03   8.69806088223E+01
   1   2   4   5   7   9  10  11  12  14   -9.76876120697E-03  -1.65494366594E+03   2.13836956835E+01
   1   2   3   6   8   9  10  11  12  13   -9.76876120697E-03  -1.65494366594E+03   2.13836956835E+01
   1   2   3   4   5   6   7   9  12  14    6.51732325516E-03  -1.65377376055E+03   7.81951309904E+01
   1   2   3   4   5   6   8  10  11  13    6.51732325516E-03  -1.65377376055E+03   7.81951309904E+01
   1   2   3   5   6   7   8  10  11  12    1.81122911480E-03  -1.69836906062E+03   1.12168366577E+03
   1   2   4   5   6   7   8   9  11  12   -1.81122911480E-03  -1.69836906062E+03   1.12168366577E+03
   1   2   4   5   7   8  10  11  12  13    3.53014311112E-03  -1.65624151025E+03   1.06486050163E+02
   1   2   3   6   7   8   9  11  12  14    3.53014311112E-03  -1.65624151025E+03   1.06486050163E+02
   1   2   3   4   5   6   7  10  11  14   -5.47181366586E-03  -1.65461378530E+03   1.78135082801E+02
   1   2   3   4   5   6   8   9  12  13   -5.47181366586E-03  -1.65461378530E+03   1.78135082801E+02
   2   3   4   5   6   7   9  12  13  14    6.98773334458E-03  -1.65279601984E+03   6.60704872091E+01
   1   3   4   5   6   8  10  11  13  14    6.98773334458E-03  -1.65279601984E+03   6.60704872091E+01
   1   2   4   5   8   9  10  11  13  14   -1.03573335387E-03  -1.65374210221E+03   1.28088022742E+02
   1   2   3   6   7   9  10  12  13  14   -1.03573335387E-03  -1.65374210221E+03   1.28088022742E+02
   1   2   3   4   5   6   7   8   9  12    3.16750152869E-03  -1.66827066558E+03   6.38234663537E+02
   1   2   3   4   5   6   7   8  10  11   -3.16750152869E-03  -1.66827066558E+03   6.38234663537E+02
   1   2   3   6   7   8   9  12  13  14    2.85494608178E-03  -1.65253383029E+03   1.06132982867E+02
   1   2   4   5   7   8  10  11  13  14    2.85494608178E-03  -1.65253383029E+03   1.06132982867E+02
   1   2   3   4   6   9  11  12  13  14    4.34940005789E-04  -1.75531956097E+03   3.17535107035E+02
   1   2   3   4   5  10  11  12  13  14   -4.34940005789E-04  -1.75531956097E+03   3.17535107035E+02
   1   2   5   6   8   9  11  12  13  14    5.51061706915E-03  -1.65511912804E+03   5.49621565873E+01
   1   2   5   6   7  10  11  12  13  14   -5.51061706915E-03  -1.65511912804E+03   5.49621565873E+01
   1   3   4   6   7   8   9  12  13  14   -2.05040877916E-03  -1.64966492233E+03   1.07948905482E+02
   2   3   4   5   7   8  10  11  13  14   -2.05040877916E-03  -1.64966492233E+03   1.07948905482E+02
   1   4   5   6   7  10  11  12  13  14    4.68004614781E-03  -1.65241261067E+03   6.72574659154E+01
   2   3   5   6   8   9  11  12  13  14    4.68004614781E-03  -1.65241261067E+03   6.72574659154E+01
   2   3   4   5   7   8   9  11  12  14   -4.18243050049E-03  -1.65623125747E+03   2.18875142322E+02
   1   3   4   6   7   8  10  11  12  13   -4.18243050049E-03  -1.65623125747E+03   2.18875142322E+02
   3   4   5   6   8   9  11  12  13  14   -3.44251603179E-03  -1.64964082686E+03   6.52702086262E+01
   3   4   5   6   7  10  11  12  13  14    3.44251603179E-03  -1.64964082686E+03   6.52702086262E+01
   1   3   4   6   7   8   9  11  12  14   -2.43618856304E-03  -1.65428790079E+03   1.11762433301E+02
   2   3   4   5   7   8  10  11  12  13   -2.43618856304E-03  -1.65428790079E+03   1.11762433301E+02
   1   2   3   5   6   7  10  11  12  14    1.25154713576E-03  -1.69002990869E+03   3.19235889793E+02
   1   2   4   5   6   8   9  11  12  13    1.25154713576E-03  -1.69002990869E+03   3.19235889793E+02
   1   2   3   5   6   7   8  10  11  14    3.24522837159E-03  -1.66251732264E+03   8.98793442101E+02
   1   2   4   5   6   7   8   9  12  13    3.24522837159E-03  -1.66251732264E+03   8.98793442101E+02
   1   2   3   4   5   7   8  10  11  12    2.48815507942E-03  -1.65112138613E+03   1.93274345182E+02
   1   2   3   4   6   7   8   9  11  12   -2.48815507942E-03  -1.65112138613E+03   1.93274345182E+02
   1   2   3   4   5   8  10  11  12  13   -3.95715946880E-03  -1.65088448905E+03   1.35975245810E+01
   1   2   3   4   6   7   9  11  12  14   -3.95715946880E-03  -1.65088448905E+03   1.35975245810E+01
   2   5   6   7   8   9  11  12  13  14    7.53172431517E-03  -1.64856813293E+03   2.14189446681E+02
   1   5   6   7   8  10  11  12  13  14   -7.53172431517E-03  -1.64856813293E+03   2.14189446681E+02
   1   2   3   4   6   8   9  11  12  13    1.37248722280E-03  -1.67518327386E+03   5.63786105113E+01
   1   2   3   4   5   7  10  11  12  14    1.37248722280E-03  -1.67518327386E+03   5.63786105113E+01
   1   2   4   5   7   8   9  12  13  14   -2.91785828275E-03  -1.65628551214E+03   3.15344898453E+02
   1   2   3   6   7   8  10  11  13  14   -2.91785828275E-03  -1.65628551214E+03   3.15344898453E+02
   1   2   3   4   5   7  10  12  13  14    4.48565681242E-03  -1.65065480904E+03   1.20093866410E+01
   1   2   3   4   6   8   9  11  13  14    4.48565681242E-03  -1.65065480904E+03   1.20093866410E+01
   1   2   5   6   7   8  11  12  13  14    3.39129395427E-08   3.04901306131E+06   5.78262311241E+06
   1   3   4   6   7   8  10  11  13  14    2.62925095922E-03  -1.65801940563E+03   2.30626852177E+02
   2   3   4   5   7   8   9  12  13  14    2.62925095922E-03  -1.65801940563E+03   2.30626852177E+02
   1   2   3   4   6   7   9  12  13  14   -5.80676350462E-04  -1.73622168265E+03   7.52492501564E+01
   1   2   3   4   5   8  10  11  13  14   -5.80676350462E-04  -1.73622168265E+03   7.52492501564E+01
   2   3   5   6   7  10  11  12  13  14    2.15635177288E-03  -1.67100634486E+03   9.99313365115E+01
   1   4   5   6   8   9  11  12  13  14    2.15635177288E-03  -1.67100634486E+03   9.99313365115E+01
   3   4   5   6   7   8  11  12  13  14    2.42182505093E-07   2.79557091512E+05   6.31099721380E+05
   1   4   5   6   7   8  11  12  13  14   -7.03262377491E-04  -1.71495139877E+03   1.31832337261E+02
   2   3   5   6   7   8  11  12  13  14    7.03262377491E-04  -1.71495139877E+03   1.31832337261E+02
   1   3   4   5   6  10  11  12  13  14    1.51518626851E-03  -1.67821701110E+03   1.25625171218E+01
   2   3   4   5   6   9  11  12  13  14   -1.51518626851E-03  -1.67821701110E+03   1.25625171218E+01
   1   3   6   7   8  10  11  12  13  14   -2.81236584734E-03  -1.65413978574E+03   2.22951460882E+02
   2   4   5   7   8   9  11  12  13  14   -2.81236584734E-03  -1.65413978574E+03   2.22951460882E+02
   1   2   3   4   6   7   8  10  11  13    2.10301833474E-03  -1.65626906441E+03   3.18670949566E+02
   1   2   3   4   5   7   8   9  12  14    2.10301833474E-03  -1.65626906441E+03   3.18670949566E+02
   1   2   4   5   6   9  11  12  13  14    3.55646859075E-04  -1.53538441746E+03   2.27541365513E+02
   1   2   3   5   6  10  11  12  13  14   -3.55646859075E-04  -1.53538441746E+03   2.27541365513E+02
   1   2   3   6   7   8  10  11  12  13    2.27537288528E-03  -1.65307633075E+03   2.99545913250E+02
   1   2   4   5   7   8   9  11  12  14    2.27537288528E-03  -1.65307633075E+03   2.99545913250E+02
   1   2   3   4   5   7   8  10  11  14   -1.90406818543E-03  -1.65474681075E+03   2.02732140223E+02
   1   2   3   4   6   7   8   9  12  13   -1.90406818543E-03  -1.65474681075E+03   2.02732140223E+02
   1   2   3   4   5   6   7   8  11  12    9.30410295309E-11   7.47376113118E+08   1.37959567122E+09
   1   2   3   5   6   7   8  11  12  14    1.45944432011E-03  -1.66084138316E+03   6.44476117737E+01
   1   2   4   5   6   7   8  11  12  13   -1.45944432011E-03  -1.66084138316E+03   6.44476117737E+01
   1   3   4   5   6   7  10  11  12  14    2.28175391512E-03  -1.66501790575E+03   1.77842172751E+02
   2   3   4   5   6   8   9  11  12  13    2.28175391512E-03  -1.66501790575E+03   1.77842172751E+02
   1   2   3   4   7   8   9  10  12  13   -1.14486570313E-03  -1.64733018555E+03   1.54591236759E+02
   1   2   3   4   7   8   9  10  11  14    1.14486570313E-03  -1.64733018555E+03   1.54591236759E+02
   2   3   5   6   9  10  11  12  13  14    2.27229114462E-04  -1.67597338158E+03   5.86649735825E+02
   1   4   5   6   9  10  11  12  13  14   -2.27229114462E-04  -1.67597338158E+03   5.86649735825E+02
   2   3   4   5   6   7   8   9  12  13    2.19044268523E-04  -1.77140951225E+03   9.13297608439E+03
   1   3   4   5   6   7   8  10  11  14    2.19044268523E-04  -1.77140951225E+03   9.13297608439E+03
   2   3   4   5   6   7   8  11  13  14    1.59559450901E-04  -1.79855757471E+03   6.45139876581E+02
   1   3   4   5   6   7   8  12  13  14   -1.59559450901E-04  -1.79855757471E+03   6.45139876581E+02
   1   3   5   6   7   8  10  11  12  14    1.06703715584E-03  -1.63805561121E+03   1.93590566971E+03
   2   4   5   6   7   8   9  11  12  13    1.06703715584E-03  -1.63805561121E+03   1.93590566971E+03
   1   2   3   4   5   6   7   8  13  14    4.96139610350E-12   7.87037902554E+09   2.75891669624E+10
   1   2   4   6   7   8   9  11  13  14   -1.31115078560E-04  -1.52341508784E+03   5.29761369204E+03
   1   2   3   5   7   8  10  12  13  14   -1.31115078560E-04  -1.52341508784E+03   5.29761369204E+03
   2   3   5   8   9  10  11  12  13  14   -1.09234724179E-02  -1.65459826336E+03   1.75263260689E+01
   1   4   6   7   9  10  11  12  13  14   -1.09234724179E-02  -1.65459826336E+03   1.75263260689E+01
   1   3   4   5   7   8  10  12  13  14   -6.38354691004E-04  -1.68430223836E+03   9.57880773036E+02
   2   3   4   6   7   8   9  11  13  14   -6.38354691004E-04  -1.68430223836E+03   9.57880773036E+02
   2   3   4   5   6   8   9  11  13  14    1.72524489684E-03  -1.62659920626E+03   1.64820989095E+02
   1   3   4   5   6   7  10  12  13  14    1.72524489684E-03  -1.62659920626E+03   1.64820989095E+02
   1   2   3   4   6   7   8   9  13  14   -8.57906962250E-05  -1.51247790234E+03   3.22150187346E+03
   1   2   3   4   5   7   8  10  13  14    8.57906962250E-05  -1.51247790234E+03   3.22150187346E+03
   2   3   4   5   6   7   8   9  11  12   -7.07846366714E-04  -1.62678527840E+03   4.19124760765E+03
   1   3   4   5   6   7   8  10  11  12    7.07846366714E-04  -1.62678527840E+03   4.19124760765E+03
   2   3   4   7   8   9  11  12  13  14   -3.54159164738E-04  -1.61642492438E+03   1.08854655127E+02
   1   3   4   7   8  10  11  12  13  14    3.54159164738E-04  -1.61642492438E+03   1.08854655127E+02
   1   3   4   5   6   7   8  11  12  14   -6.83432121611E-04  -1.66157554238E+03   1.63553521346E+02
   2   3   4   5   6   7   8  11  12  13    6.83432121611E-04  -1.66157554238E+03   1.63553521346E+02
   1   2   3   4   8   9  11  12  13  14   -1.34585608150E-03  -1.64638640843E+03   1.45239006529E+02
   1   2   3   4   7  10  11  12  13  14    1.34585608150E-03  -1.64638640843E+03   1.45239006529E+02
   1   2   3   4   5   6  11  12  13  14    1.37025354713E-13   9.99999998429E+11   1.00000000000E+05
   1   3   4   5   6   8  11  12  13  14   -4.48555610175E-04  -1.68270073155E+03   1.16565596754E+02
   2   3   4   5   6   7  11  12  13  14    4.48555610175E-04  -1.68270073155E+03   1.16565596754E+02
   1   2   3   5   6   8  11  12  13  14    9.92865407266E-04  -1.64909635769E+03   6.25102587948E+01
   1   2   4   5   6   7  11  12  13  14   -9.92865407266E-04  -1.64909635769E+03   6.25102587948E+01
   1   2   3   4   5   6   7   8  11  14    8.19223877411E-09   2.94243425141E+06   1.51073910034E+07
   1   2   3   4   5   6   7   8  12  13   -8.19223877411E-09   2.94243425141E+06   1.51073910034E+07
   1   2   3   4   5   6   8   9  13  14    4.46580203321E-04  -1.62340700423E+03   1.45217000189E+03
   1   2   3   4   5   6   7  10  13  14   -4.46580203321E-04  -1.62340700423E+03   1.45217000189E+03
   1   2   4   5   6   7   8  11  13  14   -7.53794500303E-05  -1.69463446594E+03   1.53996215697E+03
   1   2   3   5   6   7   8  12  13  14    7.53794500303E-05  -1.69463446594E+03   1.53996215697E+03
   1   2   3   4   6   7  10  11  13  14    1.82384961526E-04  -1.52827999328E+03   5.61211466201E+02
   1   2   3   4   5   8   9  12  13  14    1.82384961526E-04  -1.52827999328E+03   5.61211466201E+02
   1   2   3   4   5   8   9  10  12  13    1.09880144233E-02  -1.65474864311E+03   1.97829575552E+01
   1   2   3   4   6   7   9  10  11  14    1.09880144233E-02  -1.65474864311E+03   1.97829575552E+01
   1   2   4   5   6   8   9  11  13  14    4.21895376069E-04  -1.60656825991E+03   6.95166353301E+02
   1   2   3   5   6   7  10  12  13  14    4.21895376069E-04  -1.60656825991E+03   6.95166353301E+02
   1   2   3   4   5   6   7  12  13  14    3.50333903275E-09  -4.68137521161E+06   1.07502170148E+07
   1   2   3   4   5   6   8  11  13  14   -3.50333903275E-09  -4.68137521161E+06   1.07502170148E+07
   1   2   3   4   5   6   7  11  12  14   -1.25804417957E-07   1.06161858054E+05   6.13505663152E+05
   1   2   3   4   5   6   8  11  12  13    1.25804417957E-07   1.06161858054E+05   6.13505663152E+05
   2   3   4   5   8   9  11  12  13  14   -1.14458243008E-03  -1.63496067352E+03   3.70627922609E+01
   1   3   4   6   7  10  11  12  13  14   -1.14458243008E-03  -1.63496067352E+03   3.70627922609E+01
   1   2   3   4   5   6   8   9  11  14   -1.58801021933E-03  -1.64078754959E+03   4.17649171753E+02
   1   2   3   4   5   6   7  10  12  13   -1.58801021933E-03  -1.64078754959E+03   4.17649171753E+02
   2   3   4   5   7   8  11  12  13  14   -7.86220937532E-05  -1.66057199442E+03   5.02552948568E+02
   1   3   4   6   7   8  11  12  13  14    7.86220937532E-05  -1.66057199442E+03   5.02552948568E+02
   1   2   3   4   5   7   8  10  12  13    1.45624198197E-04  -1.59810026446E+03   2.37551277496E+03
   1   2   3   4   6   7   8   9  11  14    1.45624198197E-04  -1.59810026446E+03   2.37551277496E+03
   1   2   4   7   8   9  11  12  13  14    2.71529368237E-04  -1.62400864511E+03   1.46637310447E+02
   1   2   3   7   8  10  11  12  13  14   -2.71529368237E-04  -1.62400864511E+03   1.46637310447E+02
   1   2   3   4   5   7   8  12  13  14    9.52206786956E-08   9.25776897945E+04   3.67242959425E+05
   1   2   3   4   6   7   8  11  13  14   -9.52206786956E-08   9.25776897945E+04   3.67242959425E+05
   1   2   3   4   7   8   9  12  13  14   -7.23618469050E-05  -1.62231413454E+03   3.62478377159E+02
   1   2   3   4   7   8  10  11  13  14    7.23618469050E-05  -1.62231413454E+03   3.62478377159E+02
   1   2   3   4   7   8  11  12  13  14    4.35722197734E-13   9.99999998429E+11   1.00000000000E+05
   1   2   3   4   6   7  10  11  12  13    4.06830530594E-04  -1.63626339512E+03   2.61782429883E+02
   1   2   3   4   5   8   9  11  12  14    4.06830530594E-04  -1.63626339512E+03   2.61782429883E+02
   1   2   3   4   5   7   8  11  12  14   -3.87983151329E-08   2.29240871599E+05   1.46188623310E+06
   1   2   3   4   6   7   8  11  12  13    3.87983151329E-08   2.29240871599E+05   1.46188623310E+06
   1   2   3   4   7   8  10  11  12  13    1.43681901923E-04  -1.59198799855E+03   2.46445762658E+02
   1   2   3   4   7   8   9  11  12  14   -1.43681901923E-04  -1.59198799855E+03   2.46445762658E+02
   1   2   3   4   6   7  11  12  13  14    2.73147098365E-08  -3.41312519551E+04   9.66420775152E+05
   1   2   3   4   5   8  11  12  13  14   -2.73147098365E-08  -3.41312519551E+04   9.66420775152E+05
   1   2   3   6   7   8  11  12  13  14    1.36044418784E-04  -1.63414853097E+03   3.71245945490E+02
   1   2   4   5   7   8  11  12  13  14   -1.36044418784E-04  -1.63414853097E+03   3.71245945490E+02
   1   2   4   5   8   9  11  12  13  14   -2.15034618409E-04  -1.60716503881E+03   2.63769240485E+02
   1   2   3   6   7  10  11  12  13  14   -2.15034618409E-04  -1.60716503881E+03   2.63769240485E+02
___________________________________________________________________________________________________
  Reference determinants initialized successfully
------------------------------------------------------------------
Deterministic Calculation of Trial Energy E[T]
------------------------------------------------------------------
  Calculating trial energy <PsiT|H|PsiT> ...
  Trial Energy E[T] = -1.65602214009E+03
  (The value includes the Core Energy E[o] = -1.57075653435E+03 )
  Time spent on calculation:    0.13 seconds
  Trial energy calculation completed
------------------------------------------------------------------
Deterministic Calculation of Sign Flip Potential Expectation Value
------------------------------------------------------------------
  Calculating average sign flip potential <PsiT|Vsf|PsiT> ...
  <Vsf> =  5.88825204658E-01
  Time spent on calculation:    0.13 seconds
  Average Sign Flip Potential calculation completed
------------------------------------------------------------------
Trial wave function initialized successfully
------------------------------------------------------------------
------------------------------------------------------------------
Sign Flip Potential Information
------------------------------------------------------------------
  Deterministic sign flip potential is enabled.
  Sign flip potential is calculated for all excitations.
------------------------------------------------------------------
Generating Fixed-Node Hamiltonian and Trial Wave Function Dump Files
------------------------------------------------------------------
Generating all determinants in the Hilbert Space...
Calculating Hamiltonian matrix elements and trial wave function coefficients...
Time spent on calculation:    0.74 seconds
------------------------------------------------------------------
Dump files generated successfully ...
------------------------------------------------------------------
==================================================================
FIXED-NODE METHOD INITIALIZED SUCCESSFULLY
==================================================================
Memory allocated for a maximum particle number per node of:        1953000
 Determinant related persistent storage requires:     119.201660 Mb / processor
Spawning vectors allowing for a total of      1953000 particles to be spawned in any one iteration per core.
 Memory requirement    29.800415039062500      MB
Storing walkers in hash-table. Algorithm is now formally linear scaling with walker number
Length of hash-table:            2734
Length of hash-table as a fraction of targetwalkers:              0.70000
Reference processor is:      213
Initial reference is: (    2,    3,    5,    6,    7,    8,    9,   10,   11,   14)
==================================================================
INITIALIZING WALKER POPULATION FOR THE FIXED-NODE FCI-QMC METHOD ...
==================================================================
Initial number of particles set to       1000 and shift will be held at     0.000 until particle number gets to          999936
Initializing walkers in: InitFN_FCIQMC_Walkers
  Population initialized on the HF determinant
  Initial walker population sign structure:
  Changing sign of the initial population to match the sign-structure of the trial wave function ...
  Initial walker population set up successfully.

Reference Determinant Info.:
 Reference Determinant:   2  3  5  6  7  8  9 10 11 14
  iLut          :                 10230
  Processor     :          213
  Amplitude     :   -1000.0000000000000     
  Deterministic :  F
 
==================================================================
WALKER POPULATION FOR FN-FCIQMC METHOD INITLIAZED SUCCESSFULLY
==================================================================
 Initial memory (without excitgens + temp arrays) consists of :     134.101868 Mb/Processor
 Only one array of memory to store main particle list allocated...
 Initial memory allocation sucessful...
 =============================================
 >>> Initial tau from source: user defined is    1.0000000000000000E-003 .
 >>> Tau-search off.
==================================================================
INITIALIZING FIXED-NODE TRIAL PROJECTED ENERGY ESTIMATOR
==================================================================
Allocating Fixed-Node Method: Trial Projected Energy ...
------------------------------------------------------------------
Generating Trial Space from Input File ...
------------------------------------------------------------------
  Trial Space generated from input file: trialspace.dat
  Number of determinants in the TRIAL SPACE (this processor):           1
  Total number of determinants in the TRIAL SPACE (all processors):         441
  Generating the trial space amplitude vector ...
  Calculating the trial space energy...
  Trial Space (Fixed-Node) Energies: not requested.
 Size of the TRIAL SPACE (in this proc.):           1
 Total size of the TRIAL SPACE          :         441
------------------------------------------------------------------
Generating the Connected Space from the Trial Space ...
------------------------------------------------------------------
  Calculating the number of connected states from assigned trial states to this proc. ...
  Number of TRIAL states assigned to this proc.:            2
  Size of the CONNECTED SPACE       w/  repetitions (in this proc.):          280
  Size of the CONNECTED+TRIAL SPACE w/  repetitions (in this proc.):          282
  Attempting to allocate the connected space list in this proc. ...
  Attempting to allocate the temporary space to hold connected states in this proc. ...
  Generating and storing the connected space list in this proc. ...
  Adding the trial states to the connected space list in this proc. ...
  Removing repeats and sorting connected states in this proc. ...
  Size of the CONNECTED+TRIAL SPACE w/o repetitions (in this proc.):          191
  Performing MPI communication of connected states ...
  Attempting to allocate the temporary space to receive connected states in this proc. ...
  Deallocating and reallocating the connected space in this proc. ...
  Deallocating the temporary space in this proc. ...
  Removing repeats and sorting connected states in this proc. ...
  Size of the       CONNECTED+TRIAL SPACE w/o repetitions (in this proc.):            1
  Total size of the CONNECTED+TRIAL SPACE w/o repetitions                :          441
  Allocating the connected space send buffer (con_send_buf) ...
------------------------------------------------------------------
Generating the Total Trial Space and Amplitudes \Psi_{i}^{T} ...
------------------------------------------------------------------
  Printing the Total Trial Space and Amplitudes \Psi_{i}^{T} ...
------------------------------------------------------------------
Generating the Conntected Space Vector: \vert \hat{H}^{fn} \tilde{\Psi^{T}} \rangle ...
------------------------------------------------------------------
  Generating the connected space vector in: generate_fixednode_connectedspace_vector ...
  \vert \hat{H}^{fn} \tile{\Psi}^{T} \rangle = \sum_{i \in Conn.} [\sum_{j \in Trial} H_{ij}^{fn} \Psi_{j}^{T}] \vert i \rangle
  Note: The connected space includes the trial states themselves.
  Printing the Local Connected Space Vector: \vert \hat{H}^{fn} \tilde{\Psi^{T}} \rangle ...
------------------------------------------------------------------
Generating the Current Trial/Connected Amplitude Lists ...
------------------------------------------------------------------
  Allocating FN_CurrTrialAmps list ...
  Allocating FN_CurrConnAmps  list ...
------------------------------------------------------------------
Generating the Trial/Connected Hash Tables ...
------------------------------------------------------------------
  Creating the Trial Space Hash Table ...
  Creating the Connected Space Hash Table ...
 Time spent initializing Fixed-Node Trial Proj. Energy :   0.63394618686288595       seconds.
==================================================================
FIXED-NODE TRIAL PROJECTED ENERGY ESTIMATOR INITIALIZED SUCCESSFULLY
==================================================================
 
        Step    Shift           WalkerCng       GrowRate        TotWalkers      Annihil         NoDied          NoBorn          Proj.E          Av.Shift        Proj.E.Cyc      NoatHF          NoatDoubs       AccRat        UniqueDets    NumDetsSpawned   IterTime
           0    0.000000        0.000000        0.000000        1000.000        0.000000        0.000000        0.000000        0.000000        0.000000        0.000000       -1000.000        0.000000        0.000000               1           0   0.0000    
         100    0.000000        1146.575        1.529488        2146.575        0.000000        721.5682        2158.022      -0.3080181        0.000000      -0.3080181       -1014.095        291.6921       0.1207619E-01         128         498  0.55767E-02
Moving load balancing block     21330 from processor    213 to      0
         200    0.000000        1851.977        1.953430        3998.553        0.000000        1386.231        3703.555      -0.5902827        0.000000      -0.8610933       -1084.006        995.9025       0.1076124E-01         203         852  0.59142E-02
         300    0.000000        3021.144        1.798410        7019.697        0.000000        2457.723        6170.964      -0.8706194        0.000000       -1.370140       -1223.223        2236.338       0.1020114E-01         260        1436  0.64044E-02
         400    0.000000        4957.978        1.726376        11977.68        0.000000        4125.594        9928.813       -1.155651        0.000000       -1.840915       -1449.060        4336.008       0.9852897E-02         298        2332  0.72150E-02
         500    0.000000        8056.676        1.688429        20034.35        0.000000        7102.446        16021.38       -1.449656        0.000000       -2.274336       -1794.278        7771.016       0.9697151E-02         331        3971  0.84417E-02
         600    0.000000        12933.00        1.656733        32967.35        0.000000        11785.48        25603.21       -1.749231        0.000000       -2.651842       -2305.641        13179.78       0.9541364E-02         356        6247  0.10292E-01
         700    0.000000        20928.37        1.638529        53895.72        0.000000        19419.93        41190.60       -2.054986        0.000000       -2.991218       -3076.514        21867.49       0.9483681E-02         381       10455  0.12974E-01
         800    0.000000        33627.96        1.627549        87523.67        0.000000        31751.44        66292.75       -2.359302        0.000000       -3.272109       -4221.524        35803.20       0.9447660E-02         390       16677  0.16986E-01
         900    0.000000        53937.91        1.620258        141461.6        0.000000        51739.62        106572.9       -2.659161        0.000000       -3.520380       -5948.926        57920.94       0.9417561E-02         402       26601  0.22905E-01
        1000    0.000000        86558.66        1.613779        228020.2        0.000000        83478.58        170768.8       -2.947048        0.000000       -3.728322       -8574.822        93204.77       0.9397689E-02         423       43042  0.32456E-01
        1100    0.000000        138311.6        1.609006        366331.8        0.000000        134561.1        273354.0       -3.216964        0.000000       -3.906272       -12574.85        149310.0       0.9372419E-02         431       69130  0.51074E-01
        1200    0.000000        221348.3        1.605330        587680.1        0.000000        216113.0        437765.8       -3.460560        0.000000       -4.045265       -18725.71        238691.5       0.9360839E-02         433      110694  0.79887E-01
        1300    0.000000        353629.6        1.602771        941309.7        0.000000        346453.1        700248.7       -3.674636        0.000000       -4.159689       -28298.17        381222.9       0.9346225E-02         437      177100  0.12446    
Exiting the single particle growth phase on iteration:          1400 - Shift can now change for population1
        1400   -4.159689        564861.7        1.600530        1506171.        0.000000        554069.2        1119009.       -3.857462        0.000000       -4.250831       -43109.81        607885.6       0.9332971E-02         439      283955  0.20148    
        1500   -5.436487        84087.73        1.290926        1590259.        0.000000        1359762.        1443901.       -3.990357        0.000000       -4.329055       -43901.90        642752.4       0.9329215E-02         438      299687  0.26190    
        1600   -5.389742       -113472.7       0.9906945        1476786.        0.000000        1542647.        1429217.       -4.075736        0.000000       -4.392641       -39507.52        596237.2       0.9321096E-02         438      278217  0.25629    
        1700   -5.031245       -99558.88       0.9308108        1377228.        0.000000        1429615.        1330104.       -4.135377        0.000000       -4.446550       -35861.21        554869.1       0.9319379E-02         438      258140  0.23517    
        1800   -4.769068       -46356.71       0.9489156        1330871.        0.000000        1308505.        1262206.       -4.181072        0.000000       -4.487813       -33890.36        535096.9       0.9319675E-02         437      250152  0.21945    
        1900   -4.660488       -11166.72       0.9785180        1319704.        0.000000        1244924.        1233812.       -4.218820        0.000000       -4.522167       -33039.38        529454.4       0.9310022E-02         438      248970  0.21209    
        2000   -4.644169        2569.021       0.9967416        1322273.        0.000000        1225893.        1228525.       -4.251004        0.000000       -4.547232       -32644.97        529711.5       0.9300463E-02         437      248534  0.21388    
        2100   -4.657827        4249.346        1.002735        1326523.        0.000000        1227664.        1231968.       -4.279148        0.000000       -4.569158       -32371.41        531062.6       0.9301047E-02         438      249013  0.21109    
        2200   -4.669974        2386.730        1.002432        1328909.        0.000000        1232402.        1234846.       -4.303696        0.000000       -4.583258       -32164.41        531562.0       0.9300156E-02         438      249182  0.21439    
        2300   -4.676889        1296.958        1.001384        1330206.        0.000000        1236041.        1237402.       -4.325556        0.000000       -4.598261       -31909.53        531868.7       0.9306516E-02         438      249745  0.21431    
Beginning to average shift value on iteration:           2400
        2400   -4.677938       -659.1159        1.000210        1329547.        0.000000        1236928.        1236321.       -4.345451       -4.677938       -4.615690       -31699.73        531242.0       0.9296491E-02         438      249024  0.20810    
        2500   -4.675073       -983.7580       0.9994271        1328563.        0.000000        1236169.        1235239.       -4.363073       -4.676506       -4.621345       -31550.12        530472.5       0.9293666E-02         438      248964  0.20992    
        2600   -4.672394       -744.0021       0.9994643        1327819.        0.000000        1235145.        1234455.       -4.378661       -4.675135       -4.623909       -31418.89        530025.9       0.9292676E-02         437      248712  0.21594    
        2700   -4.670532        235.4552       0.9996277        1328055.        0.000000        1233989.        1234277.       -4.392975       -4.673984       -4.633522       -31281.57        530081.2       0.9294858E-02         438      249357  0.20678    
        2800   -4.670855       -8.008583        1.000065        1328047.        0.000000        1234196.        1234248.       -4.406275       -4.673359       -4.644066       -31170.66        529910.1       0.9294071E-02         437      249773  0.21238    
        2900   -4.670814       -230.0127       0.9999917        1327817.        0.000000        1233917.        1233742.       -4.418294       -4.672934       -4.645747       -31087.22        529577.6       0.9290299E-02         438      249223  0.20832    
        3000   -4.669834       -96.41425       0.9998041        1327720.        0.000000        1233791.        1233755.       -4.429190       -4.672492       -4.646715       -31043.66        529546.7       0.9292237E-02         438      248612  0.21144    
        3100   -4.669658       -132.6166       0.9999648        1327588.        0.000000        1233220.        1233145.       -4.439220       -4.672137       -4.649869       -30977.09        529376.6       0.9287993E-02         439      248776  0.20620    
        3200   -4.669711        74.76531        1.000011        1327663.        0.000000        1233280.        1233410.       -4.448569       -4.671868       -4.654630       -30929.19        529393.1       0.9289818E-02         438      249329  0.20951    
        3300   -4.669140       -465.8906       0.9998857        1327197.        0.000000        1233178.        1232777.       -4.457318       -4.671595       -4.659280       -30891.57        529113.5       0.9286225E-02         439      249495  0.21023    
        3400   -4.668106       -41.95731       0.9997932        1327155.        0.000000        1233204.        1233214.       -4.465180       -4.671278       -4.654636       -30879.27        529038.8       0.9291331E-02         439      249214  0.20488    
        3500   -4.667229       -596.8367       0.9998247        1326558.        0.000000        1232496.        1231962.       -4.472478       -4.670940       -4.655822       -30860.85        528822.1       0.9283623E-02         439      248038  0.20787    
        3600   -4.665889        81.77282       0.9997319        1326640.        0.000000        1231437.        1231574.       -4.479235       -4.670552       -4.655857       -30829.59        528804.3       0.9283095E-02         436      248599  0.20969    
        3700   -4.666001       -169.6194        1.000022        1326470.        0.000000        1232121.        1232016.       -4.485648       -4.670227       -4.659865       -30812.20        528816.4       0.9286251E-02         436      247736  0.20840    
        3800   -4.665528        33.41632       0.9999054        1326503.        0.000000        1231580.        1231677.       -4.491553       -4.669914       -4.657908       -30829.08        528869.2       0.9284615E-02         437      248881  0.20811    
        3900   -4.665414       -168.1595       0.9999771        1326335.        0.000000        1232211.        1232116.       -4.496893       -4.669632       -4.652562       -30810.36        528630.5       0.9288113E-02         439      248316  0.21016    
        4000   -4.664824       -94.42464       0.9998822        1326241.        0.000000        1231725.        1231693.       -4.501945       -4.669350       -4.654380       -30776.94        528565.9       0.9285990E-02         438      248730  0.20538    
        4100   -4.664460       -180.9528       0.9999271        1326060.        0.000000        1231545.        1231429.       -4.506653       -4.669078       -4.653490       -30777.68        528357.6       0.9284714E-02         437      248232  0.20489    
        4200   -4.663468       -133.6672       0.9998016        1325926.        0.000000        1231576.        1231499.       -4.511179       -4.668783       -4.657047       -30711.83        528277.9       0.9287086E-02         436      249313  0.20707    
        4300   -4.663126       -34.07954       0.9999317        1325892.        0.000000        1231471.        1231502.       -4.515652       -4.668500       -4.664540       -30686.11        528304.6       0.9287683E-02         438      248769  0.20958    
        4400   -4.663883        227.1583        1.000151        1326119.        0.000000        1231007.        1231297.       -4.519964       -4.668280       -4.667834       -30714.02        528267.5       0.9284724E-02         438      247489  0.20446    
        4500   -4.664541        196.6349        1.000132        1326316.        0.000000        1230991.        1231246.       -4.523996       -4.668110       -4.666145       -30737.33        528391.0       0.9283125E-02         438      248763  0.20617    
        4600   -4.665897        507.9618        1.000271        1326824.        0.000000        1231491.        1232052.       -4.527776       -4.668014       -4.664838       -30693.24        528608.9       0.9286723E-02         438      249212  0.20586    
        4700   -4.665417       -584.9417       0.9999041        1326239.        0.000000        1231625.        1231101.       -4.531400       -4.667906       -4.666427       -30696.83        528340.4       0.9280444E-02         438      248419  0.20429    
        4800   -4.664459        256.5154       0.9998083        1326495.        0.000000        1231358.        1231683.       -4.534830       -4.667768       -4.666179       -30682.01        528482.0       0.9286589E-02         438      249147  0.20705    
        4900   -4.666232        333.2924        1.000355        1326829.        0.000000        1232012.        1232395.       -4.538222       -4.667709       -4.671619       -30664.35        528590.5       0.9288633E-02         439      249351  0.20808    
        5000   -4.667163        46.86119        1.000186        1326876.        0.000000        1232228.        1232338.       -4.541332       -4.667688       -4.666627       -30699.51        528607.2       0.9286542E-02         438      249104  0.20485    
        5100   -4.666673       -108.8679       0.9999020        1326767.        0.000000        1232324.        1232279.       -4.544256       -4.667652       -4.665019       -30689.26        528636.4       0.9287014E-02         438      249233  0.20800    
        5200   -4.666072       -200.9206       0.9998798        1326566.        0.000000        1231898.        1231755.       -4.546995       -4.667598       -4.662754       -30751.07        528528.4       0.9284122E-02         436      248210  0.20739    
        5300   -4.665356       -158.3420       0.9998568        1326407.        0.000000        1231924.        1231826.       -4.549528       -4.667523       -4.659022       -30712.67        528534.4       0.9286015E-02         439      249572  0.20392    
        5400   -4.665284        174.1280       0.9999856        1326582.        0.000000        1231764.        1232007.       -4.552029       -4.667451       -4.662805       -30692.38        528582.3       0.9287552E-02         437      248798  0.20521    
        5500   -4.665843        33.42641        1.000112        1326615.        0.000000        1231673.        1231762.       -4.554463       -4.667400       -4.664746       -30675.05        528629.2       0.9284647E-02         439      248817  0.20462    
        5600   -4.665442       -291.0272       0.9999197        1326324.        0.000000        1231096.        1230869.       -4.556898       -4.667341       -4.669748       -30630.89        528571.4       0.9278649E-02         438      249080  0.20627    
        5700   -4.664405       -301.8673       0.9997927        1326022.        0.000000        1231112.        1230868.       -4.559202       -4.667255       -4.668319       -30673.64        528279.5       0.9280541E-02         437      248933  0.21144    
        5800   -4.663912        112.4503       0.9999015        1326135.        0.000000        1231469.        1231634.       -4.561356       -4.667159       -4.665455       -30660.46        528408.1       0.9287217E-02         438      249128  0.20737    
        5900   -4.664276        118.3233        1.000073        1326253.        0.000000        1231718.        1231896.       -4.563592       -4.667079       -4.674074       -30634.00        528330.4       0.9288598E-02         438      249239  0.21014    
        6000   -4.663703       -266.9938       0.9998854        1325986.        0.000000        1230380.        1230168.       -4.565649       -4.666988       -4.669217       -30664.49        528056.7       0.9276633E-02         439      247819  0.20553    
        6100   -4.664240        389.3566        1.000107        1326375.        0.000000        1230988.        1231438.       -4.567625       -4.666916       -4.669064       -30662.65        528132.9       0.9285177E-02         438      248661  0.21452    
        6200   -4.665446        170.3612        1.000241        1326546.        0.000000        1231365.        1231596.       -4.569570       -4.666878       -4.671404       -30627.01        528471.6       0.9284075E-02         437      248636  0.20682    
        6300   -4.665372       -50.84335       0.9999852        1326495.        0.000000        1231543.        1231554.       -4.571510       -4.666840       -4.675095       -30616.10        528481.2       0.9283949E-02         439      248369  0.20852    
        6400   -4.665569        70.55005        1.000039        1326565.        0.000000        1231650.        1231779.       -4.573328       -4.666809       -4.672212       -30654.10        528645.7       0.9285250E-02         439      248670  0.20579    
        6500   -4.664654       -530.4566       0.9998171        1326035.        0.000000        1231542.        1231071.       -4.574982       -4.666758       -4.666496       -30681.76        528490.4       0.9281614E-02         438      247425  0.20671    
        6600   -4.665057        471.2777        1.000081        1326506.        0.000000        1230859.        1231381.       -4.576630       -4.666718       -4.669445       -30672.21        528359.4       0.9283191E-02         437      248690  0.20398    
        6700   -4.665042       -110.1617       0.9999970        1326396.        0.000000        1231603.        1231551.       -4.578233       -4.666680       -4.670163       -30644.87        528479.9       0.9284546E-02         439      248450  0.20572    
        6800   -4.665707        255.2559        1.000133        1326651.        0.000000        1231845.        1232160.       -4.579750       -4.666659       -4.668232       -30655.28        528505.7       0.9287894E-02         437      248273  0.20898    
        6900   -4.666463       -115.7186        1.000151        1326536.        0.000000        1231854.        1231784.       -4.581280       -4.666654       -4.672074       -30660.27        528458.1       0.9283638E-02         438      247971  0.20992    
        7000   -4.665887        183.0134       0.9998848        1326719.        0.000000        1232075.        1232322.       -4.582708       -4.666638       -4.668846       -30670.22        528607.4       0.9288758E-02         438      248392  0.20829    
        7100   -4.665162       -323.6619       0.9998550        1326395.        0.000000        1231778.        1231523.       -4.584091       -4.666607       -4.668990       -30651.12        528484.1       0.9284129E-02         438      248124  0.20929    
        7200   -4.665682        265.1783        1.000104        1326660.        0.000000        1232087.        1232425.       -4.585477       -4.666588       -4.671864       -30664.50        528582.4       0.9289945E-02         438      248439  0.20598    
        7300   -4.666206        175.6354        1.000105        1326836.        0.000000        1231095.        1231338.       -4.586796       -4.666581       -4.670296       -30674.54        528683.7       0.9280803E-02         438      248915  0.20720    
        7400   -4.666944       -88.30526        1.000148        1326747.        0.000000        1232249.        1232227.       -4.588067       -4.666588       -4.669759       -30661.64        528560.3       0.9286106E-02         438      248140  0.20652    
        7500   -4.666466        83.35753       0.9999043        1326831.        0.000000        1232048.        1232188.       -4.589236       -4.666586       -4.665541       -30709.45        528362.0       0.9286690E-02         438      248559  0.20654    
        7600   -4.665338       -446.0658       0.9997746        1326385.        0.000000        1232257.        1231876.       -4.590331       -4.666562       -4.662869       -30711.29        528414.8       0.9286471E-02         437      248315  0.20837    
        7700   -4.665534        240.8246        1.000039        1326625.        0.000000        1231774.        1232073.       -4.591415       -4.666543       -4.664387       -30659.16        528532.9       0.9287505E-02         438      248153  0.21063    
        7800   -4.665683        60.27175        1.000030        1326686.        0.000000        1231415.        1231536.       -4.592534       -4.666527       -4.668967       -30686.83        528533.0       0.9283244E-02         438      248732  0.20903    
        7900   -4.666618        190.9567        1.000187        1326877.        0.000000        1232617.        1232864.       -4.593588       -4.666529       -4.666667       -30694.44        528544.1       0.9291512E-02         439      248826  0.20650    
        8000   -4.666915        39.83165        1.000060        1326917.        0.000000        1232461.        1232567.       -4.594557       -4.666536       -4.662554       -30707.95        528710.3       0.9288752E-02         438      249302  0.20535    
        8100   -4.665826       -728.9495       0.9997821        1326188.        0.000000        1231759.        1231091.       -4.595497       -4.666524       -4.662451       -30693.12        528450.4       0.9279589E-02         437      248757  0.20714    
        8200   -4.663593        10.00097       0.9995536        1326198.        0.000000        1231213.        1231279.       -4.596468       -4.666474       -4.666737       -30676.66        528488.7       0.9285118E-02         438      249317  0.20717    
        8300   -4.664614        22.66148        1.000204        1326220.        0.000000        1231486.        1231561.       -4.597427       -4.666443       -4.667727       -30689.18        528404.6       0.9285398E-02         438      248685  0.20793    
        8400   -4.664695        85.10080        1.000016        1326305.        0.000000        1231291.        1231427.       -4.598317       -4.666414       -4.664337       -30701.98        528432.2       0.9284233E-02         438      249417  0.20764    
        8500   -4.665821        396.9773        1.000225        1326702.        0.000000        1231445.        1231903.       -4.599212       -4.666405       -4.666547       -30740.26        528659.5       0.9285787E-02         437      248492  0.20675    
        8600   -4.666082       -105.4661        1.000052        1326597.        0.000000        1231277.        1231231.       -4.599980       -4.666400       -4.658443       -30745.31        528496.2       0.9280213E-02         438      248610  0.20378    
        8700   -4.665674       -78.22858       0.9999185        1326519.        0.000000        1231678.        1231662.       -4.600727       -4.666388       -4.658342       -30705.97        528476.1       0.9284171E-02         439      248119  0.20979    
        8800   -4.665774        157.4590        1.000020        1326676.        0.000000        1231242.        1231461.       -4.601532       -4.666379       -4.664574       -30696.68        528663.4       0.9282464E-02         437      247638  0.20750    
        8900   -4.666437        357.4176        1.000133        1327034.        0.000000        1231816.        1232243.       -4.602294       -4.666380       -4.662632       -30731.39        528744.9       0.9287146E-02         439      249108  0.20509    
        9000   -4.666677       -465.2013        1.000048        1326568.        0.000000        1231721.        1231315.       -4.603080       -4.666384       -4.666103       -30701.05        528489.4       0.9279754E-02         438      249038  0.20749    
        9100   -4.665134       -495.4742       0.9996915        1326073.        0.000000        1231737.        1231300.       -4.603846       -4.666366       -4.666139       -30682.53        528155.0       0.9282478E-02         437      248120  0.20785    
        9200   -4.665303        804.7173        1.000034        1326878.        0.000000        1231290.        1232151.       -4.604606       -4.666350       -4.667083       -30697.62        528560.5       0.9288518E-02         438      248669  0.20364    
        9300   -4.666125       -530.6925        1.000164        1326347.        0.000000        1232016.        1231543.       -4.605325       -4.666347       -4.665195       -30721.49        528478.9       0.9282453E-02         439      248342  0.21080    
        9400   -4.664857       -5.766245       0.9997464        1326341.        0.000000        1231453.        1231514.       -4.606033       -4.666326       -4.665745       -30658.19        528252.1       0.9284567E-02         438      248789  0.20460    
        9500   -4.664816        141.7108       0.9999918        1326483.        0.000000        1231321.        1231528.       -4.606792       -4.666305       -4.671562       -30657.31        528504.1       0.9284778E-02         437      248162  0.20409    
        9600   -4.665663        209.4705        1.000169        1326692.        0.000000        1231366.        1231641.       -4.607489       -4.666296       -4.667643       -30707.91        528461.3       0.9284078E-02         438      248368  0.20460    
        9700   -4.667129        372.6548        1.000293        1327065.        0.000000        1232293.        1232731.       -4.608194       -4.666308       -4.669715       -30642.52        528708.9       0.9289565E-02         437      249068  0.20705    
        9800   -4.666867       -365.7898       0.9999475        1326699.        0.000000        1232061.        1231757.       -4.608906       -4.666315       -4.671829       -30644.14        528651.0       0.9282757E-02         438      248004  0.20713    
        9900   -4.665414       -565.2242       0.9997094        1326134.        0.000000        1232049.        1231538.       -4.609577       -4.666303       -4.669624       -30645.89        528405.0       0.9283727E-02         439      248090  0.20398    
       10000   -4.664455        8.314962       0.9998083        1326142.        0.000000        1231387.        1231449.       -4.610246       -4.666279       -4.670705       -30636.65        528407.0       0.9284776E-02         438      248902  0.21202    
       10100   -4.664386       -107.0908       0.9999862        1326035.        0.000000        1231149.        1231107.       -4.610891       -4.666255       -4.669893       -30663.82        528362.9       0.9282397E-02         438      248849  0.20665    
       10200   -4.663492       -101.4874       0.9998212        1325934.        0.000000        1230515.        1230477.       -4.611506       -4.666220       -4.668206       -30703.02        528355.8       0.9279313E-02         438      248139  0.20501    
       10300   -4.664686        673.1141        1.000239        1326607.        0.000000        1230791.        1231524.       -4.612108       -4.666201       -4.668305       -30690.12        528489.0       0.9284951E-02         439      249690  0.21118    
       10400   -4.666424       -42.47708        1.000348        1326564.        0.000000        1231543.        1231550.       -4.612666       -4.666204       -4.665239       -30702.93        528587.0       0.9281950E-02         436      248322  0.20818    
       10500   -4.665964        69.00298       0.9999079        1326633.        0.000000        1231603.        1231726.       -4.613204       -4.666201       -4.664459       -30704.18        528669.3       0.9284119E-02         439      248490  0.20371    
       10600   -4.665645       -201.8957       0.9999364        1326431.        0.000000        1232169.        1232023.       -4.613694       -4.666194       -4.660822       -30744.81        528419.7       0.9286934E-02         437      248637  0.20649    
       10700   -4.665757        371.6332        1.000022        1326803.        0.000000        1231756.        1232181.       -4.614195       -4.666189       -4.662786       -30726.82        528640.5       0.9287886E-02         438      248635  0.20609    
       10800   -4.666441        6.841894        1.000137        1326810.        0.000000        1231970.        1232038.       -4.614691       -4.666192       -4.663381       -30747.70        528477.7       0.9285637E-02         438      248722  0.20413    
       10900   -4.666228       -186.3220       0.9999575        1326624.        0.000000        1232400.        1232267.       -4.615156       -4.666192       -4.661280       -30732.15        528476.6       0.9287676E-02         439      248747  0.20582    
       11000   -4.665205       -354.1431       0.9997953        1326269.        0.000000        1231939.        1231644.       -4.615590       -4.666181       -4.659045       -30739.80        528243.1       0.9284809E-02         436      249022  0.20664    
       11100   -4.664144       -73.05422       0.9997878        1326196.        0.000000        1231263.        1231258.       -4.616035       -4.666158       -4.661026       -30725.48        528330.0       0.9284029E-02         436      248148  0.20642    
       11200   -4.665598        656.8910        1.000291        1326853.        0.000000        1231388.        1232105.       -4.616468       -4.666151       -4.660746       -30729.25        528636.9       0.9287713E-02         438      248576  0.20808    
       11300   -4.666734        206.0583        1.000227        1327059.        0.000000        1232201.        1232463.       -4.616904       -4.666158       -4.661844       -30717.42        528701.7       0.9288260E-02         439      249386  0.20466    
       11400   -4.666880       -280.2277        1.000029        1326779.        0.000000        1231643.        1231429.       -4.617358       -4.666166       -4.664645       -30712.45        528798.3       0.9280235E-02         439      248762  0.20818    
       11500   -4.665420       -376.6446       0.9997081        1326402.        0.000000        1232042.        1231728.       -4.617817       -4.666158       -4.666112       -30701.45        528421.8       0.9285137E-02         437      249084  0.20431    
       11600   -4.664879        18.24048       0.9998917        1326421.        0.000000        1231441.        1231507.       -4.618268       -4.666144       -4.666220       -30734.12        528273.3       0.9284509E-02         438      248394  0.20723    
       11700   -4.666547        340.1280        1.000334        1326761.        0.000000        1231719.        1232122.       -4.618697       -4.666148       -4.664739       -30685.92        528541.8       0.9286015E-02         438      249011  0.20667    
       11800   -4.665884       -259.6291       0.9998675        1326501.        0.000000        1232301.        1232099.       -4.619141       -4.666145       -4.667165       -30688.76        528425.3       0.9287107E-02         439      248767  0.20375    
       11900   -4.664651       -301.4358       0.9997534        1326200.        0.000000        1231504.        1231261.       -4.619517       -4.666130       -4.660633       -30723.07        528374.5       0.9283069E-02         439      248538  0.21383    
       12000   -4.664200       -74.86655       0.9999099        1326125.        0.000000        1231309.        1231298.       -4.619882       -4.666110       -4.660034       -30680.83        528341.6       0.9284178E-02         437      248940  0.20441    
       12100   -4.664959        508.7209        1.000152        1326634.        0.000000        1231197.        1231760.       -4.620290       -4.666098       -4.665752       -30669.54        528598.2       0.9286267E-02         438      248895  0.20504    
       12200   -4.666205       -54.62572        1.000249        1326579.        0.000000        1231827.        1231833.       -4.620729       -4.666099       -4.670086       -30655.64        528620.6       0.9284455E-02         438      247929  0.20796    
       12300   -4.665885       -105.4517       0.9999361        1326474.        0.000000        1231753.        1231709.       -4.621131       -4.666097       -4.666697       -30698.33        528497.3       0.9284147E-02         438      249618  0.20498    
       12400   -4.664621       -311.6868       0.9997471        1326162.        0.000000        1231697.        1231455.       -4.621498       -4.666082       -4.663449       -30671.48        528424.3       0.9284594E-02         438      248642  0.20694    
       12500   -4.663813       -182.4504       0.9998385        1325979.        0.000000        1231577.        1231467.       -4.621861       -4.666060       -4.663713       -30680.12        528478.5       0.9286249E-02         436      248509  0.20809    
       12600   -4.663823        35.69010        1.000002        1326015.        0.000000        1231310.        1231403.       -4.622169       -4.666038       -4.658020       -30716.97        528461.9       0.9285656E-02         438      248986  0.20735    
       12700   -4.663249       -115.9523       0.9998853        1325899.        0.000000        1230949.        1230887.       -4.622465       -4.666012       -4.657158       -30719.89        528465.5       0.9282843E-02         439      248205  0.20915    
       12800   -4.664238        651.9060        1.000198        1326551.        0.000000        1230842.        1231559.       -4.622752       -4.665995       -4.656603       -30741.03        528692.8       0.9286048E-02         438      248269  0.20517    
       12900   -4.666393        469.9812        1.000431        1327021.        0.000000        1231361.        1231890.       -4.623065       -4.665999       -4.660379       -30736.36        528825.6       0.9284539E-02         438      247975  0.20628    
       13000   -4.666845       -2.356982        1.000090        1327019.        0.000000        1232479.        1232540.       -4.623399       -4.666006       -4.663550       -30716.27        528778.6       0.9288654E-02         438      247907  0.20922    
       13100   -4.667350       -91.82016        1.000101        1326927.        0.000000        1232535.        1232504.       -4.623716       -4.666019       -4.662162       -30710.38        528781.6       0.9287461E-02         438      248803  0.20430    
       13200   -4.666748       -359.8941       0.9998796        1326567.        0.000000        1232389.        1232086.       -4.624013       -4.666026       -4.660237       -30731.26        528611.4       0.9285362E-02         437      248239  0.20575    
       13300   -4.664990       -332.5751       0.9996484        1326234.        0.000000        1231422.        1231155.       -4.624309       -4.666016       -4.660753       -30702.96        528496.5       0.9281700E-02         436      248526  0.20497    
       13400   -4.663423       -494.5385       0.9996867        1325740.        0.000000        1231170.        1230739.       -4.624631       -4.665993       -4.664696       -30672.12        528278.5       0.9281394E-02         436      247919  0.20802    
       13500   -4.662958        147.1260       0.9999070        1325887.        0.000000        1231120.        1231331.       -4.624953       -4.665966       -4.665338       -30669.47        528410.8       0.9286758E-02         437      247796  0.20645    
       13600   -4.664330        544.8350        1.000274        1326432.        0.000000        1231547.        1232154.       -4.625256       -4.665951       -4.663440       -30698.89        528514.0       0.9290415E-02         437      248517  0.20753    
       13700   -4.665376       -38.58957        1.000209        1326393.        0.000000        1231416.        1231445.       -4.625561       -4.665946       -4.664498       -30712.49        528505.9       0.9283171E-02         438      248193  0.20486    
       13800   -4.664985       -22.92605       0.9999218        1326370.        0.000000        1231627.        1231665.       -4.625843       -4.665938       -4.661921       -30705.17        528431.7       0.9285484E-02         437      248527  0.20492    
       13900   -4.664279       -183.8211       0.9998587        1326186.        0.000000        1230924.        1230796.       -4.626114       -4.665924       -4.661222       -30712.21        528271.7       0.9280277E-02         439      248870  0.20558    
       14000   -4.664179       -23.29257       0.9999801        1326163.        0.000000        1231075.        1231109.       -4.626397       -4.665909       -4.663272       -30689.26        528364.9       0.9282818E-02         439      248087  0.20510    
       14100   -4.664731        115.3979        1.000110        1326279.        0.000000        1231370.        1231549.       -4.626688       -4.665899       -4.664874       -30670.80        528484.5       0.9285080E-02         438      247959  0.20681    
       14200   -4.664468        51.86580       0.9999475        1326330.        0.000000        1231446.        1231566.       -4.627004       -4.665887       -4.668871       -30671.38        528458.1       0.9285750E-02         437      248432  0.20653    
       14300   -4.664493        82.22726        1.000005        1326413.        0.000000        1231435.        1231573.       -4.627289       -4.665875       -4.665180       -30695.46        528536.0       0.9285686E-02         438      249166  0.20670    
       14400   -4.665754        379.6788        1.000252        1326792.        0.000000        1231414.        1231856.       -4.627583       -4.665874       -4.667187       -30683.90        528709.2       0.9285527E-02         438      248940  0.20455    
       14500   -4.667355        257.1504        1.000320        1327049.        0.000000        1231754.        1232063.       -4.627891       -4.665886       -4.669527       -30697.23        528745.2       0.9284058E-02         438      248783  0.20672    
       14600   -4.666143       -753.1924       0.9997576        1326296.        0.000000        1231399.        1230714.       -4.628167       -4.665888       -4.665804       -30725.38        528350.9       0.9276137E-02         436      248171  0.20693    
       14700   -4.664455       -229.1324       0.9996625        1326067.        0.000000        1231097.        1230926.       -4.628454       -4.665877       -4.667828       -30660.96        528368.0       0.9280865E-02         437      248140  0.20433    
       14800   -4.664381        218.6593       0.9999853        1326286.        0.000000        1231147.        1231430.       -4.628754       -4.665865       -4.670236       -30671.65        528290.8       0.9284837E-02         438      249475  0.20616    
       14900   -4.664542       -96.71213        1.000032        1326189.        0.000000        1230823.        1230783.       -4.629017       -4.665854       -4.665711       -30706.53        528379.9       0.9279659E-02         438      247751  0.20748    
       15000   -4.664610        236.6991        1.000014        1326426.        0.000000        1230789.        1231087.       -4.629264       -4.665844       -4.663812       -30694.56        528438.7       0.9281821E-02         438      248955  0.20436    
       15100   -4.664650       -4.211248        1.000008        1326422.        0.000000        1231310.        1231359.       -4.629523       -4.665835       -4.666118       -30670.12        528513.3       0.9283805E-02         438      248704  0.20890    
       15200   -4.664759        107.9349        1.000022        1326530.        0.000000        1231381.        1231548.       -4.629774       -4.665827       -4.665569       -30702.24        528593.8       0.9285011E-02         439      248490  0.20540    
       15300   -4.665511       -8.484714        1.000150        1326521.        0.000000        1231549.        1231603.       -4.630016       -4.665824       -4.664639       -30677.77        528461.9       0.9284051E-02         437      248716  0.20375    
       15400   -4.664872       -490.9194       0.9998722        1326030.        0.000000        1231510.        1231065.       -4.630278       -4.665817       -4.668185       -30657.54        528323.6       0.9281142E-02         438      248609  0.20772    
       15500   -4.663374       -53.84659       0.9997004        1325976.        0.000000        1230330.        1230333.       -4.630545       -4.665799       -4.669408       -30622.58        528272.2       0.9278417E-02         438      249210  0.20735    
       15600   -4.663975        355.2790        1.000120        1326332.        0.000000        1231386.        1231795.       -4.630833       -4.665785       -4.672982       -30643.64        528311.5       0.9288338E-02         438      248465  0.20439    
       15700   -4.665525        120.3980        1.000310        1326452.        0.000000        1231739.        1231921.       -4.631116       -4.665783       -4.672922       -30672.59        528281.6       0.9286366E-02         438      248725  0.21297    
       15800   -4.664654        4.191257       0.9998258        1326456.        0.000000        1231189.        1231261.       -4.631364       -4.665775       -4.668110       -30694.04        528440.1       0.9283082E-02         437      248760  0.21063    
       15900   -4.665495       -63.39443        1.000168        1326393.        0.000000        1231334.        1231320.       -4.631599       -4.665772       -4.666618       -30695.29        528604.3       0.9281925E-02         438      248449  0.20881    
       16000   -4.665451       -119.0482       0.9999912        1326274.        0.000000        1231682.        1231623.       -4.631829       -4.665770       -4.666444       -30704.90        528529.6       0.9284330E-02         438      248155  0.20451    
       16100   -4.665088        81.90662       0.9999274        1326356.        0.000000        1231275.        1231414.       -4.632036       -4.665765       -4.663281       -30732.78        528724.6       0.9283436E-02         437      248182  0.20886    
       16200   -4.665652        97.45266        1.000113        1326453.        0.000000        1231699.        1231854.       -4.632224       -4.665764       -4.660914       -30711.87        528722.8       0.9285702E-02         439      248333  0.21153    
       16300   -4.665100       -188.0593       0.9998895        1326265.        0.000000        1231917.        1231795.       -4.632414       -4.665760       -4.661403       -30678.74        528556.7       0.9286276E-02         438      248021  0.20858    
       16400   -4.664471       -311.8431       0.9998741        1325953.        0.000000        1231212.        1230956.       -4.632615       -4.665751       -4.663659       -30674.71        528431.8       0.9281118E-02         438      248106  0.20827    
       16500   -4.664074        2.511311       0.9999206        1325956.        0.000000        1231363.        1231427.       -4.632799       -4.665739       -4.661382       -30662.72        528380.2       0.9285375E-02         438      248698  0.21000    
       16600   -4.664035        336.2512       0.9999922        1326292.        0.000000        1231307.        1231702.       -4.632980       -4.665727       -4.661403       -30678.19        528472.6       0.9287521E-02         437      248129  0.20343    
       16700   -4.664623        137.0017        1.000118        1326429.        0.000000        1230795.        1230992.       -4.633186       -4.665719       -4.665477       -30688.95        528538.6       0.9281117E-02         437      247906  0.21225    
       16800   -4.665915        113.7061        1.000258        1326543.        0.000000        1231639.        1231828.       -4.633397       -4.665720       -4.666833       -30693.95        528667.4       0.9285046E-02         437      248971  0.20564    
       16900   -4.665870        100.6157       0.9999910        1326643.        0.000000        1231958.        1232118.       -4.633601       -4.665721       -4.666170       -30699.62        528573.6       0.9287276E-02         438      249852  0.20768    
       17000   -4.665730       -336.6110       0.9999719        1326307.        0.000000        1231529.        1231247.       -4.633800       -4.665722       -4.665655       -30725.42        528408.4       0.9280946E-02         437      249295  0.20414    
       17100   -4.663912       -441.4255       0.9996366        1325865.        0.000000        1231367.        1230988.       -4.633967       -4.665709       -4.660839       -30723.08        528267.1       0.9282336E-02         438      248238  0.20739    
       17200   -4.663486       -111.0932       0.9999148        1325754.        0.000000        1231341.        1231294.       -4.634125       -4.665694       -4.659745       -30714.33        528181.6       0.9285472E-02         439      247950  0.20405    
       17300   -4.663151        137.4562       0.9999329        1325892.        0.000000        1230766.        1230956.       -4.634270       -4.665677       -4.657896       -30725.41        528256.5       0.9283516E-02         437      249018  0.20577    
       17400   -4.663012        32.56148       0.9999722        1325924.        0.000000        1230561.        1230654.       -4.634439       -4.665660       -4.662258       -30725.62        528155.5       0.9281561E-02         439      249051  0.20723    
       17500   -4.663130       -82.06485        1.000024        1325842.        0.000000        1230824.        1230807.       -4.634598       -4.665643       -4.660882       -30735.66        528275.6       0.9282488E-02         436      248330  0.20842    
       17600   -4.662960        62.29735       0.9999660        1325904.        0.000000        1230563.        1230682.       -4.634735       -4.665626       -4.657458       -30725.71        528293.4       0.9281877E-02         437      248430  0.20561    
       17700   -4.663061       -22.07382        1.000020        1325882.        0.000000        1231152.        1231185.       -4.634898       -4.665609       -4.662052       -30732.21        528379.4       0.9285496E-02         438      248533  0.20553    
       17800   -4.663955        510.9913        1.000179        1326393.        0.000000        1230883.        1231448.       -4.635066       -4.665598       -4.663396       -30741.34        528721.7       0.9285773E-02         438      247761  0.20684    
       17900   -4.664869       -109.2517        1.000183        1326284.        0.000000        1231039.        1230986.       -4.635246       -4.665594       -4.665662       -30697.98        528431.7       0.9280594E-02         439      248559  0.20409    
       18000   -4.665332        381.1301        1.000093        1326665.        0.000000        1231750.        1232202.       -4.635449       -4.665592       -4.670027       -30692.32        528485.3       0.9288912E-02         437      248257  0.20610    
       18100   -4.666014       -170.7274        1.000136        1326494.        0.000000        1231812.        1231699.       -4.635636       -4.665595       -4.667665       -30692.74        528591.2       0.9283846E-02         436      249028  0.20941    
       18200   -4.664757       -58.22768       0.9997486        1326436.        0.000000        1231697.        1231690.       -4.635805       -4.665589       -4.664801       -30702.74        528188.3       0.9286085E-02         438      249350  0.20377    
       18300   -4.664521       -169.0190       0.9999529        1326267.        0.000000        1231435.        1231332.       -4.635972       -4.665583       -4.664941       -30731.64        528183.2       0.9283789E-02         438      248452  0.20832    
       18400   -4.665118        318.0089        1.000119        1326585.        0.000000        1231666.        1232045.       -4.636117       -4.665580       -4.661304       -30736.54        528456.0       0.9288117E-02         438      248772  0.20723    
       18500   -4.666167        189.4152        1.000210        1326775.        0.000000        1231825.        1232073.       -4.636270       -4.665583       -4.663218       -30712.13        528486.3       0.9286402E-02         438      248753  0.20678    
       18600   -4.666183       -170.7483        1.000003        1326604.        0.000000        1232519.        1232399.       -4.636438       -4.665587       -4.665916       -30720.85        528649.1       0.9288781E-02         438      248547  0.20395    
       18700   -4.665273       -134.2182       0.9998179        1326470.        0.000000        1231291.        1231213.       -4.636564       -4.665585       -4.658874       -30772.79        528618.2       0.9281584E-02         437      248279  0.20627    
       18800   -4.665031       -101.3657       0.9999517        1326368.        0.000000        1231191.        1231147.       -4.636674       -4.665582       -4.656217       -30732.80        528704.0       0.9281461E-02         439      248966  0.20429    
       18900   -4.664802       -7.618209       0.9999541        1326361.        0.000000        1231379.        1231431.       -4.636802       -4.665577       -4.659776       -30741.47        528519.3       0.9283996E-02         434      248402  0.20383    
       19000   -4.665118       -39.28695        1.000063        1326321.        0.000000        1231811.        1231831.       -4.636929       -4.665574       -4.659833       -30757.72        528543.9       0.9286526E-02         437      248383  0.20508    
       19100   -4.664400       -283.9775       0.9998565        1326037.        0.000000        1231543.        1231314.       -4.637048       -4.665567       -4.658549       -30718.62        528519.3       0.9283910E-02         436      249077  0.20709    
       19200   -4.664400        404.3488       0.9999999        1326442.        0.000000        1231066.        1231518.       -4.637190       -4.665560       -4.662991       -30709.51        528736.3       0.9285441E-02         439      247965  0.20383    
       19300   -4.664763       -293.5597        1.000073        1326148.        0.000000        1231136.        1230903.       -4.637338       -4.665556       -4.664504       -30686.30        528534.4       0.9280207E-02         439      248318  0.20757    
       19400   -4.663682       -198.1717       0.9997838        1325950.        0.000000        1231182.        1231042.       -4.637485       -4.665545       -4.664641       -30695.99        528362.4       0.9283246E-02         438      248006  0.20718    
       19500   -4.663934        335.0942        1.000050        1326285.        0.000000        1230897.        1231290.       -4.637629       -4.665535       -4.664174       -30742.54        528494.8       0.9284622E-02         437      248676  0.20530    
       19600   -4.665393        272.1124        1.000292        1326557.        0.000000        1231307.        1231648.       -4.637752       -4.665535       -4.660796       -30763.60        528474.5       0.9284625E-02         438      248124  0.20704    
       19700   -4.666401        267.8723        1.000202        1326825.        0.000000        1232353.        1232688.       -4.637869       -4.665540       -4.659717       -30745.78        528699.5       0.9290571E-02         438      248832  0.20933    
       19800   -4.666743       -72.03819        1.000068        1326753.        0.000000        1232012.        1232004.       -4.637989       -4.665546       -4.660517       -30758.45        528499.6       0.9284805E-02         438      248564  0.20430    
       19900   -4.666811        44.45683        1.000014        1326798.        0.000000        1232107.        1232210.       -4.638124       -4.665554       -4.663633       -30712.90        528641.1       0.9286166E-02         438      248847  0.20993    
       20000   -4.665701       -259.6888       0.9997781        1326538.        0.000000        1231607.        1231412.       -4.638271       -4.665555       -4.666253       -30710.44        528491.6       0.9282247E-02         439      248994  0.20762    
       20100   -4.665755       -61.14679        1.000011        1326477.        0.000000        1231362.        1231364.       -4.638411       -4.665556       -4.665025       -30744.35        528500.2       0.9281819E-02         439      248636  0.20554    
       20200   -4.665011        50.74396       0.9998512        1326527.        0.000000        1231543.        1231658.       -4.638515       -4.665553       -4.658483       -30736.37        528448.0       0.9285443E-02         437      248529  0.20670    
       20300   -4.664753       -250.5020       0.9999484        1326277.        0.000000        1231369.        1231183.       -4.638636       -4.665548       -4.662132       -30719.73        528370.2       0.9282309E-02         439      249575  0.20420    
       20400   -4.664842       -109.1197        1.000018        1326168.        0.000000        1231636.        1231584.       -4.638762       -4.665544       -4.663204       -30699.92        528221.0       0.9285178E-02         439      248583  0.20831    
       20500   -4.665133        331.6004        1.000058        1326499.        0.000000        1231542.        1231924.       -4.638917       -4.665542       -4.669114       -30650.95        528608.1       0.9287073E-02         438      248598  0.20428    
       20600   -4.666079        137.2640        1.000189        1326637.        0.000000        1231658.        1231857.       -4.639081       -4.665545       -4.671446       -30661.02        528832.4       0.9284872E-02         438      249504  0.20780    
       20700   -4.665329       -215.8685       0.9998499        1326421.        0.000000        1231372.        1231214.       -4.639224       -4.665544       -4.667398       -30686.83        528538.4       0.9281455E-02         438      248110  0.20612    
       20800   -4.665714        172.8162        1.000077        1326594.        0.000000        1231649.        1231890.       -4.639362       -4.665545       -4.666766       -30711.62        528497.4       0.9285855E-02         438      248757  0.20408    
       20900   -4.665540       -55.59790       0.9999653        1326538.        0.000000        1231740.        1231744.       -4.639496       -4.665545       -4.666179       -30690.85        528592.3       0.9285060E-02         438      248208  0.20527    
       21000   -4.664886       -252.3143       0.9998693        1326286.        0.000000        1231615.        1231425.       -4.639625       -4.665541       -4.665422       -30674.61        528521.3       0.9283866E-02         437      248643  0.20960    
       21100   -4.665063        253.4301        1.000035        1326539.        0.000000        1231711.        1232029.       -4.639763       -4.665539       -4.667597       -30628.94        528488.4       0.9288101E-02         438      248522  0.20496    
       21200   -4.665060       -88.82638       0.9999995        1326450.        0.000000        1231549.        1231516.       -4.639923       -4.665536       -4.672366       -30621.05        528491.0       0.9284247E-02         437      248586  0.20494    
       21300   -4.666000        351.9303        1.000188        1326802.        0.000000        1231747.        1232158.       -4.640077       -4.665538       -4.671547       -30628.10        528819.8       0.9287316E-02         438      248921  0.20963    
       21400   -4.667250        24.92403        1.000250        1326827.        0.000000        1231998.        1232082.       -4.640221       -4.665547       -4.669545       -30679.67        528701.0       0.9284395E-02         438      248829  0.20494    
       21500   -4.665809       -578.4700       0.9997120        1326249.        0.000000        1231691.        1231166.       -4.640350       -4.665549       -4.666802       -30630.84        528308.5       0.9280167E-02         439      248028  0.20761    
       21600   -4.664884        72.29861       0.9998150        1326321.        0.000000        1231279.        1231415.       -4.640506       -4.665545       -4.672967       -30618.16        528504.5       0.9283806E-02         439      248075  0.20570    
       21700   -4.665134        159.4463        1.000050        1326480.        0.000000        1231043.        1231253.       -4.640650       -4.665543       -4.670443       -30688.76        528465.9       0.9282067E-02         437      248541  0.20671    
       21800   -4.666007        191.8915        1.000175        1326672.        0.000000        1232078.        1232329.       -4.640730       -4.665546       -4.657390       -30757.74        528448.6       0.9288602E-02         439      248861  0.20544    
       21900   -4.665559       -302.4376       0.9999104        1326370.        0.000000        1231544.        1231290.       -4.640818       -4.665546       -4.659185       -30728.19        528412.6       0.9281579E-02         438      248871  0.20745    
       22000   -4.665182        245.6107       0.9999245        1326615.        0.000000        1231372.        1231680.       -4.640904       -4.665544       -4.658990       -30708.27        528479.0       0.9285227E-02         439      248761  0.20869    
       22100   -4.664700       -311.1972       0.9999038        1326304.        0.000000        1231161.        1230913.       -4.640987       -4.665540       -4.658565       -30739.39        528565.4       0.9280379E-02         438      247807  0.20391    
       22200   -4.664547       -14.94950       0.9999693        1326289.        0.000000        1230919.        1230959.       -4.641055       -4.665535       -4.655470       -30757.89        528498.2       0.9280961E-02         439      249285  0.20674    
       22300   -4.664835        51.05938        1.000058        1326340.        0.000000        1231799.        1231911.       -4.641146       -4.665531       -4.660439       -30699.41        528346.5       0.9287639E-02         438      248976  0.20596    
       22400   -4.664848       -30.56369        1.000003        1326310.        0.000000        1231469.        1231498.       -4.641252       -4.665528       -4.663878       -30707.94        528550.1       0.9284474E-02         439      248368  0.20421    
       22500   -4.665273        117.6853        1.000085        1326428.        0.000000        1231859.        1232038.       -4.641351       -4.665526       -4.662755       -30719.58        528609.4       0.9287768E-02         439      248703  0.20753    
       22600   -4.665421        146.3236        1.000029        1326574.        0.000000        1231659.        1231869.       -4.641460       -4.665526       -4.665048       -30680.98        528766.7       0.9286238E-02         437      248771  0.20981    
       22700   -4.665243       -122.8795       0.9999645        1326451.        0.000000        1231377.        1231308.       -4.641592       -4.665525       -4.670343       -30665.17        528638.3       0.9282337E-02         437      249078  0.20373    
       22800   -4.666229        435.0615        1.000197        1326886.        0.000000        1232236.        1232718.       -4.641748       -4.665528       -4.675725       -30684.62        528875.8       0.9291110E-02         439      248694  0.20752    
       22900   -4.666395       -139.9953        1.000033        1326746.        0.000000        1231469.        1231391.       -4.641878       -4.665532       -4.670460       -30689.26        528909.5       0.9280816E-02         439      247844  0.20559    
       23000   -4.666437       0.9946402        1.000008        1326747.        0.000000        1231722.        1231789.       -4.641989       -4.665537       -4.666489       -30671.03        528740.1       0.9283735E-02         437      249386  0.20706    
       23100   -4.665105       -690.8906       0.9997336        1326056.        0.000000        1232066.        1231427.       -4.642090       -4.665534       -4.664318       -30658.85        528517.1       0.9283465E-02         437      248272  0.20484    
       23200   -4.663249       -151.0367       0.9996289        1325905.        0.000000        1231075.        1230994.       -4.642180       -4.665524       -4.662268       -30686.01        528407.3       0.9283706E-02         438      248749  0.20610    
       23300   -4.664020        541.8835        1.000154        1326447.        0.000000        1232177.        1232772.       -4.642282       -4.665516       -4.665136       -30671.47        528527.2       0.9295613E-02         438      249480  0.20653    
       23400   -4.663796       -649.9185       0.9999552        1325797.        0.000000        1231165.        1230574.       -4.642364       -4.665508       -4.660756       -30700.96        528355.7       0.9279461E-02         439      248520  0.20404    
       23500   -4.663118        44.65148       0.9998644        1325842.        0.000000        1230992.        1231091.       -4.642444       -4.665497       -4.660295       -30711.46        528374.6       0.9284588E-02         438      248252  0.20579    
       23600   -4.662939        76.16429       0.9999642        1325918.        0.000000        1230692.        1230824.       -4.642518       -4.665485       -4.659289       -30733.24        528477.9       0.9282986E-02         438      247915  0.20554    
       23700   -4.663505        170.0678        1.000113        1326088.        0.000000        1231191.        1231417.       -4.642591       -4.665476       -4.659244       -30724.42        528479.4       0.9286374E-02         439      248357  0.20418    
       23800   -4.663678        62.67789        1.000035        1326151.        0.000000        1230549.        1230676.       -4.642670       -4.665467       -4.660539       -30707.77        528516.9       0.9280392E-02         436      249031  0.20715    
       23900   -4.664796        334.7452        1.000224        1326485.        0.000000        1231701.        1232093.       -4.642752       -4.665464       -4.661725       -30735.91        528436.4       0.9289071E-02         439      248325  0.20466    
       24000   -4.666253        196.6103        1.000291        1326682.        0.000000        1232027.        1232289.       -4.642847       -4.665468       -4.664684       -30698.97        528609.4       0.9287824E-02         439      248791  0.20892    
       24100   -4.666165       -37.55749       0.9999823        1326644.        0.000000        1231891.        1231915.       -4.642945       -4.665471       -4.665644       -30718.16        528547.6       0.9285217E-02         435      249437  0.20627    
       24200   -4.665754       -142.5487       0.9999179        1326502.        0.000000        1231502.        1231416.       -4.643037       -4.665472       -4.664331       -30703.25        528527.1       0.9282196E-02         439      248943  0.20609    
       24300   -4.666635        631.4407        1.000176        1327133.        0.000000        1232119.        1232811.       -4.643114       -4.665478       -4.661068       -30729.20        528696.7       0.9291068E-02         438      248586  0.20438    
       24400   -4.666933       -519.2581        1.000060        1326614.        0.000000        1232096.        1231648.       -4.643213       -4.665484       -4.666464       -30678.08        528697.9       0.9281712E-02         438      248917  0.20743    
       24500   -4.665726       -290.9323       0.9997585        1326323.        0.000000        1231896.        1231667.       -4.643324       -4.665485       -4.669428       -30680.91        528672.7       0.9284155E-02         437      248838  0.20499    
       24600   -4.664358       -197.3826       0.9997265        1326126.        0.000000        1231022.        1230877.       -4.643433       -4.665480       -4.669180       -30648.39        528544.4       0.9280693E-02         438      249001  0.20480    
       24700   -4.663241       -341.5503       0.9997765        1325784.        0.000000        1230945.        1230653.       -4.643535       -4.665470       -4.667624       -30631.93        528309.0       0.9281082E-02         439      247131  0.20535    
       24800   -4.663887        606.5870        1.000129        1326391.        0.000000        1231009.        1231670.       -4.643645       -4.665463       -4.669996       -30645.20        528551.0       0.9287547E-02         436      248280  0.21041    
       24900   -4.665572        275.9983        1.000337        1326667.        0.000000        1231249.        1231588.       -4.643745       -4.665464       -4.667828       -30686.74        528559.4       0.9283827E-02         438      248418  0.20690    
       25000   -4.665328       -61.69026       0.9999512        1326605.        0.000000        1231299.        1231302.       -4.643839       -4.665463       -4.666425       -30677.31        528561.1       0.9282118E-02         438      249007  0.20474    
       25100   -4.665623       -21.01270        1.000059        1326584.        0.000000        1231504.        1231533.       -4.643940       -4.665464       -4.668281       -30693.21        528616.1       0.9283312E-02         437      248729  0.20531    
       25200   -4.665303       -125.4658       0.9999358        1326459.        0.000000        1231320.        1231256.       -4.644029       -4.665463       -4.665556       -30695.83        528617.2       0.9281804E-02         438      248430  0.20803    
       25300   -4.664939       -203.5909       0.9999273        1326255.        0.000000        1231405.        1231263.       -4.644111       -4.665461       -4.664148       -30702.88        528442.0       0.9282571E-02         439      248505  0.20432    
       25400   -4.663468       -130.3204       0.9997058        1326125.        0.000000        1231197.        1231122.       -4.644172       -4.665452       -4.658992       -30716.56        528371.3       0.9284220E-02         437      248769  0.20523    
       25500   -4.664717        84.83737        1.000250        1326210.        0.000000        1231875.        1232018.       -4.644242       -4.665449       -4.661491       -30702.30        528274.8       0.9288637E-02         438      247620  0.20648    
       25600   -4.663936        5.355929       0.9998438        1326215.        0.000000        1231579.        1231659.       -4.644290       -4.665443       -4.656029       -30724.32        528452.3       0.9287383E-02         438      248201  0.20418    
       25700   -4.663880       -120.8843       0.9999887        1326094.        0.000000        1231230.        1231168.       -4.644344       -4.665436       -4.657585       -30692.35        528425.8       0.9283789E-02         438      248425  0.20786    
       25800   -4.664397        285.4449        1.000104        1326379.        0.000000        1231154.        1231489.       -4.644417       -4.665431       -4.662713       -30688.77        528514.9       0.9285228E-02         439      247674  0.20624    
       25900   -4.664527       -165.3463        1.000026        1326214.        0.000000        1231143.        1231036.       -4.644492       -4.665428       -4.662973       -30698.74        528374.5       0.9281551E-02         439      248043  0.20834    
       26000   -4.664871        410.7809        1.000069        1326625.        0.000000        1230938.        1231401.       -4.644568       -4.665425       -4.663611       -30682.82        528505.5       0.9283651E-02         438      247679  0.20778    
       26100   -4.666681        393.3855        1.000362        1327018.        0.000000        1231465.        1231916.       -4.644659       -4.665431       -4.667572       -30693.40        528621.5       0.9284229E-02         437      249279  0.20699    
       26200   -4.667087       -238.9608        1.000081        1326779.        0.000000        1231967.        1231788.       -4.644734       -4.665437       -4.663681       -30699.70        528633.2       0.9282545E-02         439      248628  0.20602    
       26300   -4.664878       -765.1287       0.9995582        1326014.        0.000000        1231590.        1230881.       -4.644804       -4.665435       -4.662662       -30696.43        528406.0       0.9279762E-02         438      248853  0.20646    
       26400   -4.664637        265.9782       0.9999519        1326280.        0.000000        1230568.        1230897.       -4.644878       -4.665432       -4.663688       -30680.27        528478.5       0.9280362E-02         438      249196  0.20543    
       26500   -4.665638        173.1960        1.000200        1326453.        0.000000        1231026.        1231250.       -4.644961       -4.665433       -4.666005       -30663.93        528593.7       0.9281079E-02         438      248678  0.20589    
       26600   -4.665245        12.21734       0.9999214        1326466.        0.000000        1231418.        1231491.       -4.645032       -4.665432       -4.663212       -30698.11        528477.2       0.9283706E-02         438      248594  0.20398    
       26700   -4.665152       -80.42217       0.9999813        1326385.        0.000000        1231319.        1231299.       -4.645109       -4.665431       -4.664954       -30704.25        528329.5       0.9282458E-02         437      248332  0.20576    
       26800   -4.664827       -220.8135       0.9999351        1326164.        0.000000        1231626.        1231463.       -4.645183       -4.665428       -4.664390       -30707.83        528271.6       0.9284267E-02         437      248524  0.20553    
       26900   -4.664606        80.56732       0.9999558        1326245.        0.000000        1231008.        1231150.       -4.645257       -4.665425       -4.664519       -30693.44        528540.0       0.9282299E-02         438      248514  0.20348    
       27000   -4.664924        110.0877        1.000063        1326355.        0.000000        1231461.        1231628.       -4.645329       -4.665423       -4.663883       -30736.33        528443.9       0.9285386E-02         438      249375  0.20901    
       27100   -4.665018       -69.19451        1.000019        1326286.        0.000000        1231177.        1231172.       -4.645371       -4.665421       -4.656475       -30744.34        528380.7       0.9281738E-02         439      248569  0.20358    
       27200   -4.665391        249.5547        1.000075        1326535.        0.000000        1231818.        1232134.       -4.645425       -4.665421       -4.659421       -30732.79        528381.4       0.9288324E-02         437      249316  0.20398    
       27300   -4.665454        119.5960        1.000013        1326655.        0.000000        1231774.        1231953.       -4.645494       -4.665421       -4.663607       -30698.91        528560.6       0.9286768E-02         439      249790  0.20532    
       27400   -4.665104       -258.4337       0.9999301        1326397.        0.000000        1231375.        1231171.       -4.645570       -4.665420       -4.665871       -30708.78        528256.4       0.9281479E-02         439      248343  0.20968    
       27500   -4.665285        241.5368        1.000036        1326638.        0.000000        1231072.        1231383.       -4.645640       -4.665420       -4.664152       -30721.41        528422.4       0.9282826E-02         437      248157  0.20453    
       27600   -4.666322        268.9206        1.000207        1326907.        0.000000        1232148.        1232481.       -4.645700       -4.665423       -4.661679       -30740.80        528664.0       0.9289162E-02         438      248672  0.20618    
       27700   -4.666445       -189.7475        1.000025        1326717.        0.000000        1232105.        1231978.       -4.645750       -4.665427       -4.658886       -30769.01        528514.7       0.9285145E-02         437      248672  0.20714    
       27800   -4.666162        20.75802       0.9999434        1326738.        0.000000        1231473.        1231556.       -4.645803       -4.665430       -4.660127       -30713.53        528609.7       0.9282473E-02         436      248025  0.20403    
       27900   -4.665194       -382.7987       0.9998065        1326355.        0.000000        1231387.        1231066.       -4.645872       -4.665429       -4.664542       -30729.61        528395.1       0.9280582E-02         439      248187  0.20456    
       28000   -4.664994        203.7332       0.9999599        1326559.        0.000000        1231274.        1231538.       -4.645935       -4.665427       -4.662949       -30745.46        528224.7       0.9284537E-02         439      249016  0.20550    
       28100   -4.664443       -587.1979       0.9998899        1325972.        0.000000        1231211.        1230688.       -4.645990       -4.665424       -4.660864       -30727.29        528136.9       0.9279137E-02         438      249179  0.20462    
       28200   -4.662329       -494.8579       0.9995772        1325477.        0.000000        1230848.        1230421.       -4.646042       -4.665412       -4.660224       -30724.67        527886.2       0.9281051E-02         439      248518  0.20743    
       28300   -4.661895        151.7364       0.9999132        1325629.        0.000000        1230223.        1230431.       -4.646113       -4.665398       -4.665333       -30707.54        527864.7       0.9281920E-02         439      247853  0.20763    
       28400   -4.662643        502.5575        1.000150        1326131.        0.000000        1229988.        1230552.       -4.646187       -4.665388       -4.666478       -30712.84        528170.7       0.9281447E-02         437      248849  0.20567    
       28500   -4.665609        790.7425        1.000593        1326922.        0.000000        1231474.        1232319.       -4.646254       -4.665388       -4.664731       -30722.44        528647.0       0.9289258E-02         437      249333  0.20674    
       28600   -4.667403       -23.84965        1.000359        1326898.        0.000000        1232264.        1232301.       -4.646307       -4.665396       -4.660871       -30742.20        528570.1       0.9285792E-02         438      248514  0.20970    
       28700   -4.667492        231.8597        1.000018        1327130.        0.000000        1231455.        1231750.       -4.646341       -4.665404       -4.655934       -30785.11        528839.9       0.9281482E-02         437      248814  0.20658    
       28800   -4.667154       -469.7766       0.9999324        1326660.        0.000000        1232113.        1231703.       -4.646377       -4.665411       -4.656327       -30770.75        528586.1       0.9281765E-02         436      248523  0.20399    
       28900   -4.666341        180.8564       0.9998375        1326841.        0.000000        1231982.        1232227.       -4.646436       -4.665414       -4.662822       -30743.89        528544.9       0.9287220E-02         439      249167  0.20410    
       29000   -4.666563       -127.6170        1.000044        1326713.        0.000000        1232051.        1231974.       -4.646496       -4.665418       -4.663214       -30749.47        528533.5       0.9284841E-02         439      248135  0.20891    
       29100   -4.666246       -177.6682       0.9999365        1326536.        0.000000        1232108.        1231988.       -4.646538       -4.665421       -4.658260       -30762.20        528559.8       0.9285613E-02         439      248462  0.20342    
       29200   -4.665568       -154.5325       0.9998646        1326381.        0.000000        1232000.        1231907.       -4.646576       -4.665422       -4.657521       -30726.83        528278.9       0.9286220E-02         438      248824  0.20415    
       29300   -4.664570       -326.6123       0.9998003        1326055.        0.000000        1231607.        1231340.       -4.646628       -4.665419       -4.661305       -30749.97        528298.5       0.9283825E-02         437      247773  0.20683    
       29400   -4.664365        14.98196       0.9999591        1326070.        0.000000        1232088.        1232157.       -4.646673       -4.665415       -4.659411       -30752.89        528387.6       0.9290360E-02         439      248128  0.20717    
       29500   -4.665133        600.2972        1.000154        1326670.        0.000000        1231543.        1232197.       -4.646727       -4.665414       -4.662136       -30732.89        528619.3       0.9289241E-02         439      248778  0.20478    
       29600   -4.664691       -682.5051       0.9999115        1325987.        0.000000        1232015.        1231395.       -4.646791       -4.665411       -4.664947       -30692.37        528412.9       0.9284014E-02         438      249120  0.21109    
       29700   -4.664239        158.1643       0.9999096        1326146.        0.000000        1231443.        1231660.       -4.646856       -4.665407       -4.665636       -30710.04        528440.0       0.9286839E-02         438      248886  0.20833    
       29800   -4.664979        51.25134        1.000148        1326197.        0.000000        1232210.        1232318.       -4.646911       -4.665405       -4.662808       -30674.94        528412.6       0.9290401E-02         437      249198  0.20404    
       29900   -4.663735       -373.1131       0.9997512        1325824.        0.000000        1231207.        1230896.       -4.646985       -4.665399       -4.668224       -30638.45        528108.6       0.9281991E-02         438      248202  0.20678    
       30000   -4.664129        519.9886        1.000079        1326344.        0.000000        1230836.        1231420.       -4.647080       -4.665395       -4.674824       -30636.49        528284.7       0.9285234E-02         437      249301  0.20704    
       30100   -4.664832        289.1054        1.000141        1326633.        0.000000        1231426.        1231773.       -4.647169       -4.665393       -4.673094       -30670.01        528499.2       0.9286569E-02         437      248214  0.20445    
       30200   -4.666106        327.2645        1.000255        1326960.        0.000000        1231704.        1232098.       -4.647229       -4.665395       -4.664811       -30693.31        528729.3       0.9286635E-02         438      248975  0.20713    
       30300   -4.667368        80.52295        1.000253        1327041.        0.000000        1232969.        1233106.       -4.647291       -4.665402       -4.665359       -30701.92        528852.2       0.9291960E-02         437      248648  0.21019    
       30400   -4.666273       -636.1636       0.9997810        1326404.        0.000000        1232319.        1231741.       -4.647356       -4.665405       -4.666672       -30672.18        528566.3       0.9283707E-02         437      248374  0.20412    
       30500   -4.665073       -87.67178       0.9997600        1326317.        0.000000        1232077.        1232050.       -4.647415       -4.665404       -4.664664       -30679.05        528648.8       0.9288228E-02         438      248161  0.20737    
       30600   -4.664347       -308.5695       0.9998549        1326008.        0.000000        1231416.        1231166.       -4.647491       -4.665401       -4.670310       -30626.87        528464.7       0.9282904E-02         439      248964  0.20509    
       30700   -4.663806        157.2613       0.9998916        1326165.        0.000000        1231124.        1231346.       -4.647573       -4.665395       -4.671947       -30671.27        528237.5       0.9285326E-02         439      247988  0.20401    
       30800   -4.665084        447.6708        1.000256        1326613.        0.000000        1231070.        1231583.       -4.647648       -4.665394       -4.669981       -30678.91        528590.4       0.9284739E-02         437      249242  0.20846    
       30900   -4.666699        241.2439        1.000323        1326854.        0.000000        1231794.        1232093.       -4.647718       -4.665398       -4.668753       -30664.62        528824.8       0.9285523E-02         438      248125  0.21054    
       31000   -4.665895       -502.5357       0.9998393        1326352.        0.000000        1232222.        1231777.       -4.647805       -4.665400       -4.673975       -30648.12        528549.7       0.9284606E-02         439      248642  0.20616    
       31100   -4.664491       -353.0995       0.9997193        1325999.        0.000000        1231550.        1231257.       -4.647869       -4.665397       -4.667224       -30695.75        528305.1       0.9283374E-02         439      248332  0.20844    
       31200   -4.663805        212.0615       0.9998627        1326211.        0.000000        1231015.        1231295.       -4.647919       -4.665391       -4.662856       -30690.43        528432.0       0.9284916E-02         438      248441  0.20675    
       31300   -4.664890        151.9273        1.000217        1326363.        0.000000        1231333.        1231554.       -4.647981       -4.665390       -4.666937       -30652.98        528456.5       0.9284878E-02         437      248306  0.20669    
       31400   -4.664981        176.5291        1.000018        1326539.        0.000000        1231274.        1231510.       -4.648053       -4.665388       -4.669776       -30674.94        528505.0       0.9284344E-02         438      248718  0.20410    
       31500   -4.664489       -454.7475       0.9999016        1326084.        0.000000        1231591.        1231199.       -4.648120       -4.665385       -4.668640       -30656.39        528272.2       0.9282874E-02         439      249199  0.21068    
       31600   -4.663412       -148.6909       0.9997846        1325936.        0.000000        1230877.        1230783.       -4.648193       -4.665379       -4.670773       -30648.05        528200.1       0.9281743E-02         438      248504  0.20411    
       31700   -4.664075        482.1731        1.000132        1326418.        0.000000        1230557.        1231102.       -4.648273       -4.665374       -4.672865       -30688.76        528554.3       0.9282973E-02         439      248677  0.20377    
       31800   -4.665132        29.93863        1.000212        1326448.        0.000000        1231806.        1231901.       -4.648322       -4.665373       -4.663169       -30728.41        528507.7       0.9287018E-02         439      248069  0.20901    
       31900   -4.665795        277.7178        1.000132        1326726.        0.000000        1231431.        1231771.       -4.648358       -4.665375       -4.659599       -30736.25        528541.2       0.9284772E-02         437      248568  0.20643    
       32000   -4.665651       -280.1555       0.9999712        1326445.        0.000000        1231628.        1231412.       -4.648397       -4.665376       -4.660634       -30744.17        528379.6       0.9282344E-02         438      249199  0.20442    
       32100   -4.664998       -122.0529       0.9998696        1326323.        0.000000        1231274.        1231214.       -4.648445       -4.665374       -4.663143       -30739.33        528397.8       0.9282095E-02         439      249085  0.20952    
       32200   -4.665220        466.9888        1.000044        1326790.        0.000000        1231340.        1231877.       -4.648491       -4.665374       -4.662838       -30758.14        528570.3       0.9286696E-02         438      248963  0.20770    
       32300   -4.666506        117.6653        1.000257        1326908.        0.000000        1232185.        1232367.       -4.648537       -4.665378       -4.663178       -30731.58        528676.7       0.9287969E-02         439      249280  0.20621    
       32400   -4.666189       -266.3735       0.9999368        1326642.        0.000000        1231974.        1231761.       -4.648590       -4.665380       -4.665205       -30709.15        528646.5       0.9283981E-02         438      248683  0.21154    
       32500   -4.664712       -519.2993       0.9997045        1326122.        0.000000        1231742.        1231294.       -4.648636       -4.665378       -4.663122       -30710.77        528307.1       0.9283253E-02         437      248050  0.20627    
       32600   -4.664424       -90.38861       0.9999425        1326032.        0.000000        1231876.        1231841.       -4.648684       -4.665375       -4.663734       -30687.33        528293.8       0.9287867E-02         438      248541  0.21033    
       32700   -4.663871        94.45692       0.9998894        1326126.        0.000000        1230530.        1230682.       -4.648731       -4.665370       -4.663724       -30736.08        528342.3       0.9280159E-02         438      248701  0.20452    
       32800   -4.664647        168.0762        1.000155        1326294.        0.000000        1230594.        1230817.       -4.648772       -4.665368       -4.661862       -30736.37        528592.0       0.9279690E-02         438      249137  0.20681    
       32900   -4.666080        426.5481        1.000287        1326721.        0.000000        1231517.        1232005.       -4.648822       -4.665370       -4.664504       -30712.86        528782.1       0.9286023E-02         437      249075  0.20834    
       33000   -4.666108        22.83169        1.000006        1326744.        0.000000        1231755.        1231843.       -4.648873       -4.665372       -4.665407       -30701.76        528523.2       0.9284791E-02         438      248336  0.20614    
       33100   -4.666605        181.6512        1.000099        1326926.        0.000000        1232639.        1232877.       -4.648921       -4.665376       -4.664209       -30733.97        528666.7       0.9291626E-02         438      247901  0.20607    
       33200   -4.665900       -502.3341       0.9998589        1326423.        0.000000        1231079.        1230626.       -4.648968       -4.665378       -4.664085       -30695.14        528404.6       0.9275903E-02         437      249061  0.20987    
       33300   -4.665109       -18.43237       0.9998418        1326405.        0.000000        1230985.        1231040.       -4.649010       -4.665377       -4.662678       -30722.17        528309.2       0.9280607E-02         437      248897  0.20846    
       33400   -4.665838        409.3573        1.000146        1326814.        0.000000        1231253.        1231731.       -4.649056       -4.665379       -4.664066       -30722.90        528598.9       0.9284418E-02         439      248896  0.20548    
       33500   -4.665398       -274.5542       0.9999118        1326540.        0.000000        1230992.        1230765.       -4.649093       -4.665379       -4.660982       -30705.79        528444.5       0.9277925E-02         439      248445  0.21128    
       33600   -4.664820       -195.0181       0.9998845        1326345.        0.000000        1231351.        1231214.       -4.649139       -4.665377       -4.664267       -30705.86        528492.0       0.9282382E-02         439      248307  0.20484    
       33700   -4.665949        782.4505        1.000226        1327127.        0.000000        1231843.        1232686.       -4.649177       -4.665379       -4.661384       -30735.85        528736.9       0.9291433E-02         439      248623  0.20603    
       33800   -4.667425        22.01676        1.000295        1327149.        0.000000        1231748.        1231821.       -4.649208       -4.665385       -4.659531       -30734.87        528896.1       0.9282135E-02         439      248085  0.20950    
       33900   -4.666940       -507.6800       0.9999030        1326641.        0.000000        1232779.        1232334.       -4.649260       -4.665390       -4.666486       -30675.86        528727.2       0.9286913E-02         439      248927  0.20789    
       34000   -4.665323       -274.9527       0.9996767        1326366.        0.000000        1231958.        1231748.       -4.649321       -4.665390       -4.669432       -30675.72        528687.3       0.9285475E-02         439      248442  0.20510    
       34100   -4.663998       -564.4990       0.9997350        1325802.        0.000000        1231726.        1231218.       -4.649377       -4.665386       -4.668012       -30648.82        528397.5       0.9283988E-02         438      248214  0.20891    
       34200   -4.662627        168.8261       0.9997259        1325971.        0.000000        1230814.        1231032.       -4.649427       -4.665377       -4.666030       -30672.13        528297.2       0.9285064E-02         438      249107  0.20678    
       34300   -4.664893        963.8402        1.000453        1326935.        0.000000        1230997.        1232017.       -4.649469       -4.665375       -4.663356       -30735.01        528783.9       0.9288279E-02         439      249002  0.20653    
       34400   -4.666488       -189.9793        1.000319        1326745.        0.000000        1232189.        1232063.       -4.649500       -4.665379       -4.659979       -30737.08        528626.1       0.9285760E-02         439      247831  0.20769    
       34500   -4.665866       -303.2108       0.9998756        1326441.        0.000000        1231728.        1231480.       -4.649529       -4.665380       -4.659074       -30704.29        528570.2       0.9282457E-02         438      248747  0.20405    
       34600   -4.665878       -42.46305        1.000003        1326399.        0.000000        1231644.        1231662.       -4.649575       -4.665382       -4.664940       -30701.22        528548.8       0.9283828E-02         438      248101  0.20407    
       34700   -4.665157        109.9494       0.9998557        1326509.        0.000000        1231329.        1231496.       -4.649601       -4.665381       -4.658370       -30759.15        528434.3       0.9283924E-02         439      249156  0.21042    
       34800   -4.666077        200.4685        1.000184        1326709.        0.000000        1232208.        1232472.       -4.649619       -4.665383       -4.655989       -30756.67        528505.3       0.9289521E-02         436      248155  0.20607    
       34900   -4.665602       -399.1192       0.9999050        1326310.        0.000000        1231630.        1231292.       -4.649654       -4.665384       -4.661249       -30692.29        528522.8       0.9281543E-02         439      248738  0.20514    
       35000   -4.664462       -153.1579       0.9997720        1326157.        0.000000        1231233.        1231139.       -4.649687       -4.665381       -4.660874       -30713.35        528369.0       0.9282453E-02         436      248597  0.21057    
       35100   -4.664554        70.11143        1.000018        1326227.        0.000000        1231014.        1231147.       -4.649722       -4.665379       -4.661732       -30709.63        528372.6       0.9282367E-02         438      248843  0.20463    
       35200   -4.664229       -186.5223       0.9999350        1326041.        0.000000        1231378.        1231259.       -4.649759       -4.665375       -4.662378       -30705.03        528456.8       0.9283870E-02         439      248047  0.20518    
       35300   -4.663569       -96.88325       0.9998681        1325944.        0.000000        1231100.        1231064.       -4.649791       -4.665370       -4.661006       -30702.73        528336.1       0.9283596E-02         438      248574  0.20407    
       35400   -4.663808        331.4481        1.000048        1326275.        0.000000        1230740.        1231126.       -4.649834       -4.665365       -4.664470       -30710.97        528557.2       0.9283639E-02         438      247494  0.20626    
       35500   -4.665090        327.1190        1.000257        1326602.        0.000000        1231348.        1231738.       -4.649880       -4.665364       -4.665967       -30677.10        528523.2       0.9285850E-02         437      248187  0.20501    
       35600   -4.666388        284.8166        1.000260        1326887.        0.000000        1231766.        1232100.       -4.649936       -4.665367       -4.669062       -30672.92        528842.3       0.9286124E-02         438      248658  0.20436    
       35700   -4.666143       -96.15203       0.9999510        1326791.        0.000000        1231617.        1231584.       -4.649998       -4.665370       -4.671731       -30663.61        528729.5       0.9282762E-02         438      249022  0.20668    
       35800   -4.666585        10.18448        1.000088        1326801.        0.000000        1232397.        1232458.       -4.650062       -4.665373       -4.672337       -30652.40        528779.5       0.9288546E-02         438      248020  0.20582    
       35900   -4.666553       -114.7143       0.9999936        1326686.        0.000000        1232176.        1232122.       -4.650120       -4.665377       -4.670417       -30672.95        528666.2       0.9286021E-02         439      249080  0.21108    
       36000   -4.665701       -82.36502       0.9998296        1326604.        0.000000        1231799.        1231782.       -4.650177       -4.665378       -4.670201       -30671.79        528595.3       0.9285113E-02         438      248860  0.20940    
       36100   -4.665131       -239.0827       0.9998859        1326365.        0.000000        1232423.        1232234.       -4.650225       -4.665377       -4.667124       -30670.47        528439.0       0.9289538E-02         438      248805  0.20491    
       36200   -4.664033       -400.5866       0.9997805        1325964.        0.000000        1231047.        1230699.       -4.650270       -4.665373       -4.666052       -30681.88        528196.9       0.9279970E-02         438      249104  0.20643    
       36300   -4.663683        97.18240       0.9999301        1326062.        0.000000        1230974.        1231131.       -4.650301       -4.665368       -4.661152       -30702.82        528269.6       0.9283936E-02         437      248739  0.20625    
       36400   -4.664103        213.3072        1.000084        1326275.        0.000000        1231343.        1231605.       -4.650343       -4.665364       -4.665381       -30667.85        528329.2       0.9286635E-02         439      249007  0.20841    
       36500   -4.664746        386.0411        1.000129        1326661.        0.000000        1231715.        1232164.       -4.650390       -4.665363       -4.666950       -30725.46        528470.9       0.9289692E-02         437      248622  0.20417    
       36600   -4.666045        183.6730        1.000260        1326845.        0.000000        1231896.        1232139.       -4.650442       -4.665365       -4.669030       -30698.93        528767.3       0.9287114E-02         438      248428  0.20657    
       36700   -4.665450       -589.9204       0.9998809        1326255.        0.000000        1231734.        1231207.       -4.650495       -4.665365       -4.669604       -30673.64        528420.4       0.9281150E-02         438      247708  0.20726    
       36800   -4.664171       -102.3755       0.9997444        1326152.        0.000000        1231092.        1231053.       -4.650544       -4.665361       -4.668142       -30684.20        528394.8       0.9282441E-02         439      248319  0.20538    
       36900   -4.664472        199.3332        1.000060        1326352.        0.000000        1230966.        1231230.       -4.650589       -4.665359       -4.666526       -30691.33        528561.9       0.9283149E-02         438      248983  0.20441    
       37000   -4.665843        250.3666        1.000274        1326602.        0.000000        1231761.        1232069.       -4.650617       -4.665360       -4.660852       -30758.71        528525.1       0.9286986E-02         437      247297  0.20777    
       37100   -4.665466       -165.5653       0.9999246        1326436.        0.000000        1231661.        1231558.       -4.650645       -4.665360       -4.660802       -30721.40        528600.1       0.9283780E-02         439      247981  0.20930    
       37200   -4.664969       -61.49476       0.9999005        1326375.        0.000000        1231914.        1231911.       -4.650676       -4.665359       -4.661809       -30724.83        528392.0       0.9287386E-02         437      248705  0.20478    
       37300   -4.663676       -330.4885       0.9997416        1326044.        0.000000        1230972.        1230701.       -4.650694       -4.665355       -4.657098       -30735.88        528427.0       0.9280639E-02         439      248270  0.20456    
       37400   -4.664119        209.4532        1.000089        1326254.        0.000000        1231328.        1231596.       -4.650713       -4.665351       -4.657864       -30734.73        528387.6       0.9286606E-02         438      248931  0.20696    
       37500   -4.665384        430.7194        1.000253        1326685.        0.000000        1231620.        1232110.       -4.650748       -4.665351       -4.663247       -30654.31        528763.9       0.9288087E-02         438      248165  0.20469    
       37600   -4.667220        344.8974        1.000367        1327030.        0.000000        1231993.        1232394.       -4.650810       -4.665356       -4.673557       -30660.45        528769.7       0.9286850E-02         438      248623  0.20713    
       37700   -4.667134       -341.9622       0.9999828        1326688.        0.000000        1232011.        1231724.       -4.650857       -4.665361       -4.668161       -30695.72        528704.4       0.9281881E-02         439      248879  0.21271    
       37800   -4.665848       -388.6011       0.9997428        1326299.        0.000000        1232185.        1231850.       -4.650889       -4.665363       -4.662946       -30677.43        528694.8       0.9285295E-02         439      248575  0.20413    
       37900   -4.665288        160.6736       0.9998881        1326460.        0.000000        1231412.        1231631.       -4.650924       -4.665363       -4.663631       -30684.19        528772.9       0.9284679E-02         439      248603  0.21399    
       38000   -4.665550       -77.02988        1.000052        1326383.        0.000000        1231799.        1231773.       -4.650962       -4.665363       -4.664944       -30693.37        528681.5       0.9285253E-02         439      247599  0.20649    
       38100   -4.665259        140.5498       0.9999418        1326523.        0.000000        1230987.        1231199.       -4.651000       -4.665363       -4.665103       -30703.87        528606.3       0.9281449E-02         438      248470  0.20603    
       38200   -4.665194       -28.88629       0.9999871        1326494.        0.000000        1231517.        1231555.       -4.651037       -4.665362       -4.665039       -30693.77        528560.8       0.9284287E-02         438      248722  0.20526    
       38300   -4.665518        219.0273        1.000065        1326713.        0.000000        1231506.        1231787.       -4.651067       -4.665363       -4.662025       -30716.45        528762.2       0.9285424E-02         438      248307  0.20656    
       38400   -4.666748        93.90857        1.000246        1326807.        0.000000        1231767.        1231913.       -4.651111       -4.665367       -4.667640       -30668.29        528783.7       0.9284037E-02         438      248609  0.20858    
       38500   -4.665605       -605.6050       0.9997713        1326202.        0.000000        1230962.        1230409.       -4.651167       -4.665367       -4.672409       -30647.24        528660.5       0.9274918E-02         439      248725  0.20665    
       38600   -4.663800       -112.8002       0.9996392        1326089.        0.000000        1230797.        1230753.       -4.651232       -4.665363       -4.675671       -30653.33        528626.0       0.9280828E-02         438      248672  0.20609    
       38700   -4.663952        394.9957        1.000030        1326484.        0.000000        1230662.        1231126.       -4.651286       -4.665359       -4.671719       -30647.06        528576.4       0.9283321E-02         438      249113  0.20738    
       38800   -4.665646       -9.410358        1.000339        1326474.        0.000000        1231822.        1231878.       -4.651344       -4.665360       -4.673411       -30673.36        528478.2       0.9285900E-02         438      249279  0.20533    
       38900   -4.665384       -176.0894       0.9999476        1326298.        0.000000        1231445.        1231328.       -4.651397       -4.665360       -4.671340       -30637.42        528550.1       0.9282222E-02         439      248234  0.20593    
       39000   -4.664340       -265.1848       0.9997913        1326033.        0.000000        1231434.        1231239.       -4.651452       -4.665357       -4.672531       -30630.97        528319.1       0.9283485E-02         438      248091  0.20870    
       39100   -4.663024       -393.2504       0.9997368        1325640.        0.000000        1230851.        1230524.       -4.651506       -4.665351       -4.672218       -30661.10        528210.5       0.9280555E-02         438      248422  0.20438    
       39200   -4.663311        779.2686        1.000057        1326419.        0.000000        1230582.        1231431.       -4.651552       -4.665345       -4.668859       -30710.50        528608.9       0.9286888E-02         437      247856  0.20760    
       39300   -4.665881        567.0260        1.000514        1326986.        0.000000        1231621.        1232246.       -4.651586       -4.665347       -4.664680       -30732.79        528876.0       0.9288190E-02         438      248181  0.20628    
       39400   -4.667312        247.3717        1.000286        1327234.        0.000000        1231847.        1232144.       -4.651618       -4.665352       -4.663939       -30741.05        528920.6       0.9284731E-02         438      249363  0.20506    
       39500   -4.668320        137.3614        1.000202        1327371.        0.000000        1232287.        1232481.       -4.651657       -4.665360       -4.666558       -30719.09        529103.6       0.9285440E-02         439      248247  0.20772    
       39600   -4.667825       -419.2101       0.9999009        1326952.        0.000000        1232575.        1232219.       -4.651701       -4.665367       -4.668662       -30679.57        528918.6       0.9284400E-02         437      248321  0.21003    
       39700   -4.666864        10.59492       0.9998079        1326962.        0.000000        1231996.        1232069.       -4.651750       -4.665371       -4.670986       -30708.55        528797.9       0.9285081E-02         437      248614  0.20899    
       39800   -4.666530       -432.4612       0.9999332        1326530.        0.000000        1231892.        1231525.       -4.651791       -4.665374       -4.667483       -30740.99        528514.5       0.9281614E-02         439      247728  0.21019    
       39900   -4.665433       -354.4737       0.9997805        1326175.        0.000000        1231801.        1231499.       -4.651824       -4.665374       -4.664723       -30688.13        528231.5       0.9283432E-02         439      248514  0.20829    
       40000   -4.664171       -7.315571       0.9997477        1326168.        0.000000        1231029.        1231080.       -4.651860       -4.665371       -4.666028       -30695.55        528264.2       0.9282557E-02         439      248541  0.21153    
       40100   -4.665148        639.6259        1.000195        1326808.        0.000000        1231247.        1231954.       -4.651889       -4.665370       -4.663132       -30764.93        528633.5       0.9287376E-02         439      248714  0.20467    
       40200   -4.666085       -239.0194        1.000188        1326569.        0.000000        1232068.        1231886.       -4.651905       -4.665372       -4.658142       -30748.48        528453.5       0.9285126E-02         438      248350  0.20698    
       40300   -4.664964       -293.6089       0.9997759        1326275.        0.000000        1231768.        1231532.       -4.651933       -4.665371       -4.663188       -30699.24        528359.2       0.9284543E-02         439      248297  0.20985    
       40400   -4.664138       -446.5900       0.9998347        1325828.        0.000000        1231151.        1230767.       -4.651971       -4.665368       -4.666875       -30707.04        528076.9       0.9280334E-02         439      249065  0.20375    
       40500   -4.662726       -161.4382       0.9997177        1325667.        0.000000        1230630.        1230532.       -4.651983       -4.665361       -4.656537       -30742.37        528118.6       0.9281159E-02         437      248660  0.20640    
       40600   -4.662889        386.3592        1.000033        1326053.        0.000000        1231029.        1231479.       -4.651988       -4.665354       -4.654213       -30729.93        528151.7       0.9288005E-02         439      248323  0.20699    
       40700   -4.664656        608.9062        1.000353        1326662.        0.000000        1230772.        1231447.       -4.652020       -4.665352       -4.664455       -30694.79        528533.3       0.9284470E-02         439      249023  0.20395    
       40800   -4.666429        401.3426        1.000355        1327064.        0.000000        1232036.        1232500.       -4.652048       -4.665355       -4.663311       -30719.75        528721.6       0.9289119E-02         436      249304  0.20588    
       40900   -4.667398       -136.9847        1.000194        1326927.        0.000000        1231778.        1231700.       -4.652078       -4.665361       -4.663914       -30734.22        528665.4       0.9281265E-02         438      248275  0.20901    
       41000   -4.666626       -424.1761       0.9998456        1326502.        0.000000        1232125.        1231746.       -4.652104       -4.665364       -4.662516       -30751.06        528545.7       0.9283050E-02         437      248325  0.20467    
       41100   -4.665242       -164.7339       0.9997233        1326338.        0.000000        1231573.        1231459.       -4.652123       -4.665364       -4.660020       -30743.85        528350.1       0.9283466E-02         439      249456  0.21239    
       41200   -4.664946       -10.29831       0.9999407        1326327.        0.000000        1231225.        1231281.       -4.652145       -4.665362       -4.660627       -30720.16        528303.6       0.9282686E-02         437      248581  0.20673    
       41300   -4.664964       -80.14106        1.000004        1326247.        0.000000        1231705.        1231692.       -4.652177       -4.665361       -4.665139       -30691.76        528342.9       0.9285708E-02         438      247634  0.20894    
       41400   -4.663929       -278.7665       0.9997929        1325968.        0.000000        1230775.        1230552.       -4.652210       -4.665358       -4.665485       -30732.65        528354.9       0.9279093E-02         439      247597  0.20419    
       41500   -4.664948        626.0167        1.000204        1326595.        0.000000        1230991.        1231673.       -4.652248       -4.665357       -4.667759       -30685.32        528658.9       0.9285655E-02         437      248305  0.20879    
       41600   -4.666322        265.2772        1.000275        1326860.        0.000000        1231693.        1232016.       -4.652294       -4.665359       -4.670972       -30694.35        528754.0       0.9285613E-02         438      249440  0.20429    
       41700   -4.665699       -349.6584       0.9998753        1326510.        0.000000        1231646.        1231359.       -4.652328       -4.665360       -4.666459       -30687.36        528801.9       0.9281838E-02         437      248632  0.20388    
       41800   -4.665241       -74.03173       0.9999084        1326436.        0.000000        1232166.        1232151.       -4.652361       -4.665360       -4.665795       -30705.70        528626.9       0.9288651E-02         437      248194  0.20709    
       41900   -4.664776       -383.7782       0.9999071        1326052.        0.000000        1232100.        1231792.       -4.652386       -4.665358       -4.662352       -30703.54        528514.9       0.9286893E-02         438      248731  0.20691    
       42000   -4.664364        565.7587       0.9999177        1326618.        0.000000        1231163.        1231789.       -4.652402       -4.665356       -4.659111       -30727.47        528618.6       0.9287625E-02         436      249040  0.20419    
       42100   -4.665755        296.0234        1.000278        1326914.        0.000000        1231414.        1231766.       -4.652430       -4.665357       -4.663816       -30699.47        528641.0       0.9284825E-02         439      248725  0.20534    
       42200   -4.666087       -406.9560        1.000066        1326507.        0.000000        1231187.        1230836.       -4.652457       -4.665359       -4.663504       -30735.30        528497.9       0.9277191E-02         437      248377  0.20567    
       42300   -4.665468       -19.99481       0.9998763        1326487.        0.000000        1232841.        1232883.       -4.652471       -4.665359       -4.658361       -30740.09        528425.6       0.9293795E-02         438      248592  0.20465    
       42400   -4.665186        51.85554       0.9999435        1326539.        0.000000        1231665.        1231774.       -4.652491       -4.665358       -4.660677       -30744.06        528551.6       0.9285960E-02         438      248999  0.20887    
       42500   -4.665896        240.5282        1.000142        1326780.        0.000000        1232010.        1232315.       -4.652503       -4.665360       -4.657678       -30731.89        528766.7       0.9288722E-02         438      249344  0.20571    
       42600   -4.665820       -48.37524       0.9999848        1326731.        0.000000        1231640.        1231651.       -4.652523       -4.665361       -4.660671       -30723.29        528611.7       0.9283858E-02         439      247760  0.21014    
       42700   -4.665709       -264.1948       0.9999778        1326467.        0.000000        1231638.        1231432.       -4.652557       -4.665362       -4.666801       -30708.01        528459.0       0.9282371E-02         438      248916  0.20673    
       42800   -4.665606        128.7024       0.9999794        1326596.        0.000000        1232192.        1232378.       -4.652572       -4.665362       -4.658934       -30743.33        528518.0       0.9289728E-02         438      248872  0.20509    
       42900   -4.664913       -410.0371       0.9998614        1326186.        0.000000        1232041.        1231695.       -4.652577       -4.665361       -4.654717       -30744.04        528344.2       0.9285864E-02         436      247870  0.20607    
       43000   -4.664653       -124.1600       0.9999480        1326061.        0.000000        1231077.        1231009.       -4.652591       -4.665360       -4.658385       -30687.64        528433.5       0.9281171E-02         438      248398  0.20430    
       43100   -4.663751       -21.42926       0.9998196        1326040.        0.000000        1230313.        1230345.       -4.652621       -4.665356       -4.665211       -30691.03        528483.1       0.9277803E-02         438      249525  0.20825    
       43200   -4.664096        221.6797        1.000069        1326262.        0.000000        1231135.        1231423.       -4.652642       -4.665353       -4.661742       -30714.84        528286.7       0.9285364E-02         438      248568  0.20716    
       43300   -4.664286       -62.20069        1.000038        1326200.        0.000000        1231329.        1231329.       -4.652666       -4.665350       -4.662715       -30696.03        528387.5       0.9284281E-02         436      248817  0.20478    
       43400   -4.664054       -36.80668       0.9999536        1326163.        0.000000        1231272.        1231300.       -4.652700       -4.665347       -4.667246       -30688.50        528571.5       0.9284478E-02         438      248261  0.20729    
       43500   -4.665110        119.1513        1.000211        1326282.        0.000000        1230887.        1231070.       -4.652731       -4.665346       -4.665649       -30715.52        528401.0       0.9280686E-02         438      248940  0.20553    
       43600   -4.665371        196.9361        1.000052        1326479.        0.000000        1230929.        1231184.       -4.652759       -4.665346       -4.664949       -30730.30        528602.5       0.9281177E-02         437      248456  0.20690    
       43700   -4.664853       -342.8892       0.9998963        1326136.        0.000000        1231533.        1231244.       -4.652789       -4.665345       -4.665271       -30719.77        528551.1       0.9282615E-02         438      248768  0.20794    
       43800   -4.664068       -65.79306       0.9998431        1326070.        0.000000        1230466.        1230453.       -4.652819       -4.665342       -4.665970       -30699.71        528348.3       0.9278043E-02         439      248030  0.20750    
       43900   -4.664325        392.4975        1.000051        1326463.        0.000000        1231036.        1231483.       -4.652852       -4.665340       -4.666746       -30665.51        528473.2       0.9285376E-02         437      248296  0.20404    
       44000   -4.665875        289.9811        1.000310        1326753.        0.000000        1231735.        1232082.       -4.652895       -4.665341       -4.671607       -30661.49        528638.7       0.9287005E-02         438      248847  0.20489    
       44100   -4.665780       -86.36160       0.9999810        1326666.        0.000000        1231718.        1231687.       -4.652942       -4.665342       -4.673084       -30642.09        528582.7       0.9284164E-02         438      248900  0.20980    
       44200   -4.665948       -186.2039        1.000034        1326480.        0.000000        1232567.        1232446.       -4.652995       -4.665343       -4.675866       -30646.00        528681.3       0.9289583E-02         439      248764  0.20745    
       44300   -4.664553       -403.5996       0.9997209        1326076.        0.000000        1231565.        1231227.       -4.653040       -4.665341       -4.672944       -30644.43        528300.2       0.9282993E-02         438      248854  0.20665    
       44400   -4.663565       -217.0501       0.9998024        1325859.        0.000000        1230831.        1230671.       -4.653080       -4.665337       -4.670201       -30627.96        528169.4       0.9280625E-02         436      247420  0.20699    
       44500   -4.663791        445.8278        1.000045        1326305.        0.000000        1231072.        1231569.       -4.653126       -4.665334       -4.673516       -30631.06        528481.0       0.9286946E-02         439      248641  0.20604    
       44600   -4.665925        687.7759        1.000427        1326993.        0.000000        1231405.        1232150.       -4.653150       -4.665335       -4.663433       -30682.92        528749.6       0.9287439E-02         438      247760  0.20923    
       44700   -4.667216       -450.9791        1.000258        1326542.        0.000000        1232191.        1231797.       -4.653171       -4.665339       -4.662263       -30703.64        528531.6       0.9282360E-02         439      248515  0.20959    
       44800   -4.665828        4.191252       0.9997224        1326546.        0.000000        1231909.        1231973.       -4.653187       -4.665341       -4.660180       -30720.75        528559.1       0.9286244E-02         438      248141  0.20538    
       44900   -4.664400       -677.5135       0.9997145        1325869.        0.000000        1231352.        1230727.       -4.653200       -4.665338       -4.658869       -30716.39        528249.8       0.9279499E-02         439      247277  0.20740    
       45000   -4.663528        102.8025       0.9998257        1325971.        0.000000        1230315.        1230480.       -4.653219       -4.665334       -4.661799       -30690.44        528192.3       0.9279247E-02         438      249109  0.20911    
       45100   -4.663883        320.6991        1.000071        1326292.        0.000000        1230753.        1231138.       -4.653243       -4.665331       -4.663687       -30710.50        528446.5       0.9283599E-02         437      248712  0.20699    
       45200   -4.665043        178.4469        1.000232        1326471.        0.000000        1231327.        1231564.       -4.653257       -4.665330       -4.659529       -30689.22        528501.1       0.9284661E-02         439      249164  0.20416    
       45300   -4.664648       -205.9482       0.9999209        1326265.        0.000000        1231815.        1231666.       -4.653281       -4.665328       -4.663852       -30680.94        528388.2       0.9286103E-02         438      248769  0.20617    
       45400   -4.664244       -126.2176       0.9999194        1326138.        0.000000        1231649.        1231585.       -4.653293       -4.665326       -4.658543       -30699.98        528379.3       0.9286271E-02         439      248473  0.20735    
       45500   -4.663754       -26.85863       0.9999019        1326112.        0.000000        1230809.        1230838.       -4.653327       -4.665322       -4.668553       -30680.06        528363.1       0.9281569E-02         439      248397  0.20996    
       45600   -4.663771        24.36230        1.000003        1326136.        0.000000        1231319.        1231402.       -4.653351       -4.665319       -4.664139       -30683.70        528410.0       0.9285765E-02         437      248161  0.20507    
       45700   -4.664658        305.2094        1.000178        1326441.        0.000000        1231167.        1231535.       -4.653370       -4.665317       -4.662012       -30701.04        528551.1       0.9285134E-02         439      247773  0.20729    
       45800   -4.664870        127.7050        1.000042        1326569.        0.000000        1231056.        1231248.       -4.653386       -4.665316       -4.660448       -30746.25        528459.5       0.9282562E-02         437      249112  0.20772    
       45900   -4.665100       -174.9438        1.000046        1326394.        0.000000        1231626.        1231506.       -4.653400       -4.665316       -4.659634       -30735.85        528356.7       0.9284043E-02         439      248601  0.20475    
       46000   -4.664528       -140.3584       0.9998854        1326254.        0.000000        1230794.        1230708.       -4.653411       -4.665314       -4.658576       -30721.58        528290.8       0.9279121E-02         438      248568  0.20581    
       46100   -4.664455       -47.98262       0.9999854        1326206.        0.000000        1231056.        1231063.       -4.653428       -4.665312       -4.661092       -30716.48        528395.4       0.9281961E-02         437      248718  0.20644    
       46200   -4.664415       -97.50066       0.9999920        1326108.        0.000000        1230668.        1230624.       -4.653448       -4.665310       -4.662051       -30722.51        528170.8       0.9278701E-02         438      248562  0.20805    
       46300   -4.664172        194.7549       0.9999516        1326303.        0.000000        1230904.        1231157.       -4.653475       -4.665307       -4.666150       -30703.77        528313.5       0.9283137E-02         439      248840  0.20558    
       46400   -4.664618        14.36636        1.000089        1326317.        0.000000        1231695.        1231773.       -4.653500       -4.665306       -4.664681       -30726.32        528366.2       0.9287062E-02         437      248995  0.20662    
       46500   -4.665083        285.3815        1.000093        1326603.        0.000000        1231339.        1231679.       -4.653515       -4.665305       -4.660207       -30750.52        528503.7       0.9285454E-02         438      248711  0.20465    
       46600   -4.665257       -193.3373        1.000035        1326409.        0.000000        1231237.        1231108.       -4.653535       -4.665305       -4.662532       -30711.82        528500.6       0.9280816E-02         438      247748  0.20585    
       46700   -4.665789        213.1979        1.000106        1326622.        0.000000        1231521.        1231786.       -4.653556       -4.665306       -4.663496       -30697.77        528574.6       0.9284910E-02         438      248930  0.20475    
       46800   -4.665544       -358.4143       0.9999509        1326264.        0.000000        1231527.        1231223.       -4.653577       -4.665307       -4.663220       -30677.38        528550.3       0.9281078E-02         437      248607  0.20721    
       46900   -4.664592       -30.91871       0.9998097        1326233.        0.000000        1231417.        1231445.       -4.653604       -4.665305       -4.665883       -30701.74        528545.9       0.9284595E-02         437      248439  0.20856    
       47000   -4.664358       -140.4034       0.9999532        1326093.        0.000000        1231491.        1231417.       -4.653635       -4.665303       -4.667817       -30658.49        528610.6       0.9284787E-02         437      248270  0.20929    
       47100   -4.663611       -78.29084       0.9998506        1326014.        0.000000        1231318.        1231307.       -4.653666       -4.665299       -4.667958       -30673.61        528569.0       0.9285336E-02         437      247348  0.20807    
       47200   -4.664541        545.5237        1.000186        1326560.        0.000000        1230768.        1231371.       -4.653692       -4.665298       -4.665982       -30720.45        528636.5       0.9284106E-02         437      248745  0.20474    
       47300   -4.665678        69.54707        1.000227        1326630.        0.000000        1231712.        1231835.       -4.653711       -4.665298       -4.662542       -30756.90        528693.7       0.9285441E-02         437      248760  0.21063    
       47400   -4.665555       -200.1365       0.9999753        1326429.        0.000000        1231636.        1231495.       -4.653721       -4.665299       -4.658313       -30738.43        528540.7       0.9283163E-02         438      248302  0.21034    
       47500   -4.664402       -310.0635       0.9997695        1326119.        0.000000        1230810.        1230554.       -4.653739       -4.665297       -4.661922       -30740.73        528466.0       0.9278190E-02         437      248572  0.20447    
       47600   -4.665380        660.6100        1.000196        1326780.        0.000000        1231031.        1231749.       -4.653748       -4.665297       -4.658155       -30758.48        528742.6       0.9285370E-02         437      248308  0.20951    
       47700   -4.666968        171.3101        1.000318        1326951.        0.000000        1231847.        1232082.       -4.653758       -4.665301       -4.658088       -30740.08        528839.4       0.9284991E-02         437      248548  0.21162    
       47800   -4.666766       -83.98052       0.9999597        1326867.        0.000000        1232098.        1232073.       -4.653784       -4.665304       -4.666035       -30741.54        528514.9       0.9285266E-02         437      249152  0.20478    
       47900   -4.666225       -246.5512       0.9998918        1326621.        0.000000        1232212.        1232028.       -4.653804       -4.665306       -4.663033       -30740.25        528352.0       0.9285938E-02         438      248505  0.20818    
       48000   -4.664858        25.17971       0.9997265        1326646.        0.000000        1230927.        1231025.       -4.653813       -4.665305       -4.658448       -30767.88        528443.2       0.9280957E-02         437      248732  0.20715    
       48100   -4.666612        209.1787        1.000351        1326855.        0.000000        1231539.        1231809.       -4.653827       -4.665308       -4.660077       -30768.68        528408.0       0.9283530E-02         438      248864  0.20681    
       48200   -4.666291       -280.6297       0.9999358        1326574.        0.000000        1231902.        1231673.       -4.653839       -4.665310       -4.659366       -30774.79        528408.8       0.9283122E-02         439      248772  0.20582    
       48300   -4.666090        474.8210       0.9999599        1327049.        0.000000        1231905.        1232446.       -4.653848       -4.665312       -4.658485       -30789.14        528581.0       0.9289340E-02         439      249109  0.20584    
       48400   -4.665791       -596.3851       0.9999400        1326453.        0.000000        1231713.        1231181.       -4.653868       -4.665313       -4.663273       -30695.67        528321.9       0.9280351E-02         437      248683  0.20556    
       48500   -4.664553       -184.5748       0.9997525        1326268.        0.000000        1231606.        1231485.       -4.653901       -4.665311       -4.669607       -30699.07        528352.9       0.9284986E-02         439      248891  0.20476    
       48600   -4.663926       -63.32721       0.9998745        1326205.        0.000000        1230857.        1230853.       -4.653926       -4.665308       -4.665822       -30737.79        528346.5       0.9281353E-02         439      248871  0.20682    
       48700   -4.663828       -127.4091       0.9999805        1326078.        0.000000        1231263.        1231197.       -4.653933       -4.665305       -4.657207       -30770.00        528290.0       0.9284136E-02         439      249149  0.20514    
       48800   -4.663349       -92.55787       0.9999043        1325985.        0.000000        1231021.        1230984.       -4.653935       -4.665301       -4.654873       -30753.55        528327.3       0.9283319E-02         438      247609  0.20433    
       48900   -4.664539        184.2787        1.000238        1326169.        0.000000        1231648.        1231892.       -4.653944       -4.665299       -4.658477       -30691.69        528321.6       0.9288058E-02         438      248749  0.20684    
       49000   -4.663431       -223.8765       0.9997783        1325945.        0.000000        1230908.        1230742.       -4.653966       -4.665295       -4.664128       -30696.65        528312.5       0.9281361E-02         438      248819  0.20620    
       49100   -4.662457       -245.4756       0.9998054        1325700.        0.000000        1229958.        1229779.       -4.653991       -4.665289       -4.666393       -30687.86        528190.1       0.9276008E-02         439      248834  0.20412    
       49200   -4.663373        426.0155        1.000183        1326126.        0.000000        1230204.        1230686.       -4.654019       -4.665285       -4.667449       -30685.73        528328.2       0.9281125E-02         439      248004  0.20800    
       49300   -4.665283        454.4754        1.000382        1326580.        0.000000        1231229.        1231751.       -4.654044       -4.665285       -4.665916       -30724.88        528606.7       0.9285617E-02         439      248661  0.20811    
       49400   -4.665737       -73.55818        1.000091        1326507.        0.000000        1231019.        1231001.       -4.654061       -4.665286       -4.662180       -30746.44        528698.7       0.9279029E-02         438      248505  0.20470    
       49500   -4.664142       -769.8438       0.9996809        1325737.        0.000000        1231346.        1230640.       -4.654072       -4.665284       -4.659478       -30703.18        528426.4       0.9279257E-02         439      249017  0.20758    
       49600   -4.663336        456.1150       0.9998389        1326193.        0.000000        1230903.        1231421.       -4.654096       -4.665279       -4.665861       -30686.87        528384.3       0.9286715E-02         437      247892  0.20947    
       49700   -4.664774        72.51851        1.000288        1326266.        0.000000        1231417.        1231557.       -4.654126       -4.665278       -4.668641       -30682.12        528710.2       0.9285039E-02         437      247591  0.21001    
       49800   -4.664742       -67.04031       0.9999936        1326199.        0.000000        1230695.        1230681.       -4.654157       -4.665277       -4.669324       -30706.52        528363.8       0.9278520E-02         439      247995  0.20522    
       49900   -4.664643       -38.15062       0.9999802        1326160.        0.000000        1231141.        1231160.       -4.654178       -4.665276       -4.664535       -30707.37        528372.0       0.9282310E-02         439      248712  0.20589    
       50000   -4.663842       -60.60918       0.9998398        1326100.        0.000000        1231164.        1231168.       -4.654193       -4.665273       -4.661791       -30728.12        528370.2       0.9283861E-02         439      248010  0.20623    
       50100   -4.663659        46.83311       0.9999634        1326147.        0.000000        1230984.        1231093.       -4.654207       -4.665269       -4.660628       -30702.67        528431.2       0.9283616E-02         437      248723  0.20424    
       50200   -4.664053       -141.2530        1.000079        1326005.        0.000000        1231265.        1231192.       -4.654224       -4.665267       -4.662662       -30693.20        528391.0       0.9283665E-02         437      249141  0.20848    
       50300   -4.664284        432.5771        1.000046        1326438.        0.000000        1231172.        1231660.       -4.654245       -4.665265       -4.664656       -30720.97        528569.5       0.9286740E-02         438      248536  0.20775    
       50400   -4.664247       -257.3030       0.9999926        1326181.        0.000000        1231532.        1231329.       -4.654260       -4.665263       -4.661996       -30740.75        528458.9       0.9284300E-02         437      248075  0.20413    
       50500   -4.664353        108.8234        1.000021        1326290.        0.000000        1231724.        1231899.       -4.654270       -4.665261       -4.659109       -30733.37        528526.4       0.9288521E-02         439      248930  0.20512    
       50600   -4.665418        335.2268        1.000213        1326625.        0.000000        1231537.        1231936.       -4.654290       -4.665261       -4.663887       -30728.19        528609.3       0.9286778E-02         437      248141  0.20592    
       50700   -4.665380       -280.7190       0.9999924        1326344.        0.000000        1231757.        1231549.       -4.654304       -4.665261       -4.661582       -30721.65        528544.8       0.9283906E-02         438      248148  0.20654    
       50800   -4.664592       -234.1272       0.9998425        1326110.        0.000000        1231676.        1231498.       -4.654321       -4.665260       -4.662481       -30717.18        528516.8       0.9284924E-02         438      248522  0.20610    
       50900   -4.663528       -266.1087       0.9997871        1325844.        0.000000        1230737.        1230535.       -4.654334       -4.665257       -4.661201       -30702.91        528329.9       0.9279687E-02         439      248303  0.20541    
       51000   -4.662894       -137.8628       0.9998734        1325706.        0.000000        1229985.        1229903.       -4.654359       -4.665252       -4.666723       -30691.90        528315.5       0.9276088E-02         437      248772  0.20423    
       51100   -4.661907       -121.5713       0.9998025        1325584.        0.000000        1229963.        1229899.       -4.654379       -4.665245       -4.664424       -30700.58        528255.3       0.9277926E-02         438      248479  0.20733    
       51200   -4.662427        299.1186        1.000104        1325883.        0.000000        1230873.        1231245.       -4.654390       -4.665239       -4.659629       -30746.94        528479.4       0.9287114E-02         439      248766  0.20817    
       51300   -4.662787       -296.4185        1.000072        1325587.        0.000000        1230616.        1230381.       -4.654394       -4.665234       -4.656461       -30735.42        528182.2       0.9279852E-02         438      247738  0.20686    
       51400   -4.663178        400.1972        1.000078        1325987.        0.000000        1230961.        1231419.       -4.654401       -4.665230       -4.657901       -30748.13        528210.7       0.9287049E-02         438      248431  0.20564    
       51500   -4.663177       -22.74236       0.9999999        1325965.        0.000000        1230675.        1230708.       -4.654410       -4.665226       -4.659241       -30730.44        528430.5       0.9281603E-02         437      249070  0.20789    
       51600   -4.664067        453.7170        1.000178        1326418.        0.000000        1231335.        1231852.       -4.654421       -4.665223       -4.660029       -30729.37        528482.1       0.9288635E-02         439      248995  0.20782    
       51700   -4.664825       -197.6618        1.000152        1326221.        0.000000        1231301.        1231160.       -4.654434       -4.665223       -4.660955       -30690.54        528489.9       0.9281978E-02         438      248697  0.20489    
       51800   -4.664852        185.9077        1.000005        1326406.        0.000000        1231062.        1231303.       -4.654460       -4.665222       -4.667638       -30689.89        528564.7       0.9283066E-02         438      248640  0.20485    
       51900   -4.665625        201.3947        1.000155        1326608.        0.000000        1231935.        1232187.       -4.654487       -4.665223       -4.668029       -30698.41        528779.3       0.9288247E-02         439      248277  0.20674    
       52000   -4.665064       -535.7980       0.9998878        1326072.        0.000000        1232432.        1231959.       -4.654515       -4.665222       -4.668978       -30692.43        528326.9       0.9287561E-02         439      248704  0.20528    
       52100   -4.662814       -561.1101       0.9995502        1325511.        0.000000        1231098.        1230601.       -4.654535       -4.665217       -4.664752       -30664.49        528110.4       0.9281558E-02         438      248343  0.20802    
       52200   -4.662134        348.0538       0.9998641        1325859.        0.000000        1230229.        1230638.       -4.654560       -4.665211       -4.667326       -30647.63        528422.3       0.9283032E-02         437      248419  0.20727    
       52300   -4.663250        132.4558        1.000223        1325991.        0.000000        1230332.        1230530.       -4.654583       -4.665207       -4.666387       -30704.12        528515.3       0.9280130E-02         438      248161  0.20446    
       52400   -4.664415        390.3460        1.000233        1326382.        0.000000        1231096.        1231552.       -4.654595       -4.665206       -4.661089       -30706.55        528717.4       0.9285650E-02         437      248839  0.20713    
       52500   -4.665001        67.47930        1.000117        1326449.        0.000000        1231421.        1231551.       -4.654613       -4.665205       -4.663638       -30709.75        528718.9       0.9284628E-02         439      248531  0.20498    
       52600   -4.664916       -135.6918       0.9999830        1326314.        0.000000        1231690.        1231609.       -4.654626       -4.665205       -4.661576       -30749.09        528561.3       0.9285217E-02         439      249150  0.20429    
       52700   -4.664546       -104.1338       0.9999259        1326209.        0.000000        1230873.        1230834.       -4.654635       -4.665203       -4.659059       -30746.54        528622.9       0.9280042E-02         436      248665  0.20640    
       52800   -4.664970        188.5473        1.000085        1326398.        0.000000        1231546.        1231793.       -4.654648       -4.665203       -4.661134       -30727.45        528778.5       0.9286462E-02         439      248289  0.20828    
       52900   -4.664921       -1.487438       0.9999902        1326397.        0.000000        1231546.        1231615.       -4.654667       -4.665202       -4.664724       -30714.20        528598.7       0.9285254E-02         438      248623  0.20834    
       53000   -4.664442       -300.0320       0.9999042        1326097.        0.000000        1231823.        1231579.       -4.654689       -4.665201       -4.666181       -30687.06        528616.3       0.9285855E-02         439      248195  0.20584    
       53100   -4.664502       -35.75804        1.000012        1326061.        0.000000        1231570.        1231599.       -4.654710       -4.665200       -4.665909       -30696.84        528635.1       0.9285951E-02         438      248086  0.20628    
       53200   -4.663659       -38.55745       0.9998314        1326022.        0.000000        1231026.        1231044.       -4.654727       -4.665197       -4.663236       -30689.72        528447.1       0.9283265E-02         439      247619  0.20860    
       53300   -4.664298        225.6509        1.000128        1326248.        0.000000        1231239.        1231525.       -4.654751       -4.665195       -4.667215       -30666.33        528317.0       0.9285710E-02         436      248147  0.21022    
       53400   -4.664468       -60.22015        1.000034        1326188.        0.000000        1231170.        1231166.       -4.654779       -4.665193       -4.669578       -30671.43        528536.0       0.9282720E-02         438      248173  0.20762    
       53500   -4.664155        52.66471       0.9999373        1326240.        0.000000        1230898.        1231019.       -4.654796       -4.665191       -4.663832       -30695.36        528456.0       0.9282216E-02         438      248912  0.20716    
       53600   -4.663454       -35.25013       0.9998599        1326205.        0.000000        1230819.        1230843.       -4.654807       -4.665188       -4.660564       -30716.40        528391.3       0.9282133E-02         437      249038  0.20818    
       53700   -4.664345        38.52731        1.000178        1326244.        0.000000        1230699.        1230788.       -4.654816       -4.665186       -4.659792       -30708.05        528364.1       0.9280044E-02         437      248831  0.20618    
       53800   -4.665182        27.92561        1.000167        1326271.        0.000000        1231724.        1231805.       -4.654838       -4.665186       -4.666293       -30679.28        528473.9       0.9286186E-02         439      248001  0.20819    
       53900   -4.665180        302.3268       0.9999995        1326574.        0.000000        1231780.        1232145.       -4.654864       -4.665186       -4.668521       -30680.78        528453.7       0.9288751E-02         438      248150  0.20418    
       54000   -4.664695       -294.4975       0.9999032        1326279.        0.000000        1231155.        1230925.       -4.654878       -4.665185       -4.662670       -30708.25        528330.9       0.9280455E-02         437      248857  0.20830    
       54100   -4.664716        6.001487        1.000004        1326285.        0.000000        1231298.        1231357.       -4.654895       -4.665184       -4.663786       -30711.44        528349.1       0.9283650E-02         439      248143  0.20555    
       54200   -4.664826       -177.0979        1.000022        1326108.        0.000000        1231272.        1231158.       -4.654916       -4.665184       -4.665758       -30659.13        528282.9       0.9281914E-02         438      248406  0.20841    
       54300   -4.663782       -98.23383       0.9997912        1326010.        0.000000        1231258.        1231215.       -4.654943       -4.665181       -4.669731       -30636.66        528265.8       0.9284368E-02         439      248298  0.20514    
       54400   -4.663953        132.6068        1.000034        1326143.        0.000000        1230919.        1231122.       -4.654967       -4.665179       -4.667526       -30659.35        528291.1       0.9283267E-02         438      248403  0.20926    
       54500   -4.664454        226.3084        1.000100        1326369.        0.000000        1231302.        1231593.       -4.654990       -4.665177       -4.667261       -30676.49        528458.3       0.9285996E-02         436      248379  0.20888    
       54600   -4.664725       -96.31911        1.000054        1326273.        0.000000        1231678.        1231641.       -4.655010       -4.665176       -4.666085       -30669.21        528442.8       0.9285798E-02         437      248760  0.20490    
       54700   -4.665132        316.9722        1.000081        1326590.        0.000000        1231847.        1232218.       -4.655028       -4.665176       -4.664703       -30696.14        528478.3       0.9289362E-02         438      248784  0.20544    
       54800   -4.665762       -44.46390        1.000126        1326545.        0.000000        1231536.        1231549.       -4.655038       -4.665177       -4.660335       -30695.89        528527.6       0.9283135E-02         439      247936  0.20429    
       54900   -4.665439       -268.3610       0.9999354        1326277.        0.000000        1232339.        1232124.       -4.655053       -4.665178       -4.663020       -30684.84        528519.9       0.9288038E-02         438      248688  0.20405    
       55000   -4.664163       -181.7082       0.9997447        1326095.        0.000000        1231572.        1231464.       -4.655071       -4.665176       -4.665003       -30663.35        528519.4       0.9285492E-02         437      248201  0.20500    
       55100   -4.663968       -260.8715       0.9999611        1325834.        0.000000        1230923.        1230723.       -4.655096       -4.665174       -4.668550       -30633.34        528429.5       0.9280330E-02         438      249125  0.20634    
       55200   -4.663750        257.6501       0.9999564        1326092.        0.000000        1230938.        1231259.       -4.655127       -4.665171       -4.671855       -30644.37        528434.8       0.9284725E-02         438      248094  0.20439    
       55300   -4.664363        507.9601        1.000122        1326600.        0.000000        1230802.        1231370.       -4.655148       -4.665170       -4.666810       -30690.85        528611.3       0.9284413E-02         437      248469  0.20870    
       55400   -4.665597        51.25410        1.000247        1326651.        0.000000        1232458.        1232572.       -4.655172       -4.665170       -4.668203       -30676.02        528484.6       0.9291200E-02         437      248483  0.20685    
       55500   -4.665706       -166.9228        1.000022        1326484.        0.000000        1231873.        1231760.       -4.655203       -4.665171       -4.671932       -30673.12        528419.2       0.9284859E-02         439      248826  0.20411    
       55600   -4.664675       -482.6842       0.9997938        1326001.        0.000000        1231504.        1231082.       -4.655226       -4.665170       -4.667990       -30679.87        528176.4       0.9281720E-02         439      248136  0.20805    
       55700   -4.664187        349.8789       0.9999025        1326351.        0.000000        1231586.        1231996.       -4.655237       -4.665169       -4.661264       -30735.25        528439.1       0.9289484E-02         439      249234  0.20868    
       55800   -4.665382        209.2725        1.000239        1326561.        0.000000        1231537.        1231810.       -4.655249       -4.665169       -4.661824       -30689.59        528581.6       0.9285845E-02         439      248359  0.20801    
       55900   -4.665850        25.29952        1.000094        1326586.        0.000000        1231273.        1231362.       -4.655267       -4.665170       -4.664773       -30683.69        528663.9       0.9281580E-02         438      248304  0.20634    
       56000   -4.665622       -19.75822       0.9999543        1326566.        0.000000        1231695.        1231738.       -4.655283       -4.665171       -4.664157       -30697.27        528604.0       0.9284865E-02         438      248505  0.20668    
       56100   -4.666710        279.3407        1.000218        1326845.        0.000000        1232427.        1232768.       -4.655303       -4.665174       -4.666630       -30723.32        528503.1       0.9290629E-02         438      248831  0.20616    
       56200   -4.666610       -129.2176       0.9999800        1326716.        0.000000        1232481.        1232411.       -4.655316       -4.665177       -4.662387       -30723.87        528389.7       0.9288075E-02         438      249193  0.20443    
       56300   -4.666207       -31.01200       0.9999193        1326685.        0.000000        1232025.        1232056.       -4.655329       -4.665179       -4.662377       -30725.35        528636.9       0.9286183E-02         438      248961  0.20843    
       56400   -4.665650       -216.1963       0.9998886        1326469.        0.000000        1231750.        1231599.       -4.655340       -4.665179       -4.661515       -30708.23        528665.4       0.9283766E-02         438      248934  0.20638    
       56500   -4.664111       -613.2475       0.9996922        1325856.        0.000000        1231256.        1230704.       -4.655359       -4.665177       -4.665914       -30661.96        528205.5       0.9279826E-02         439      247480  0.20655    
       56600   -4.664077        418.0654       0.9999933        1326274.        0.000000        1230994.        1231476.       -4.655380       -4.665175       -4.667235       -30669.62        528589.4       0.9285806E-02         439      249244  0.20681    
       56700   -4.663833       -511.1566       0.9999512        1325763.        0.000000        1230931.        1230479.       -4.655405       -4.665173       -4.669076       -30647.04        528395.2       0.9278717E-02         438      248571  0.20832    
       56800   -4.662924        2.656694       0.9998181        1325765.        0.000000        1230827.        1230886.       -4.655432       -4.665169       -4.670531       -30617.71        528289.0       0.9283448E-02         439      248054  0.20455    
       56900   -4.664212        581.7463        1.000258        1326347.        0.000000        1231168.        1231809.       -4.655462       -4.665167       -4.672314       -30640.72        528570.3       0.9287960E-02         438      249314  0.20716    
       57000   -4.665242        25.66683        1.000206        1326373.        0.000000        1231753.        1231835.       -4.655486       -4.665167       -4.669218       -30687.47        528602.8       0.9286243E-02         438      248387  0.20658    
       57100   -4.665281        53.17632        1.000008        1326426.        0.000000        1232073.        1232182.       -4.655509       -4.665167       -4.668149       -30670.42        528651.5       0.9288869E-02         438      249189  0.20421    
       57200   -4.666137        304.3294        1.000171        1326730.        0.000000        1232763.        1233118.       -4.655531       -4.665169       -4.667946       -30708.47        528514.3       0.9294335E-02         437      249143  0.20986    
       57300   -4.666014        20.44751       0.9999754        1326751.        0.000000        1232068.        1232143.       -4.655546       -4.665171       -4.664074       -30717.74        528585.5       0.9287195E-02         437      248601  0.20673    
       57400   -4.665407       -290.9365       0.9998788        1326460.        0.000000        1232151.        1231922.       -4.655551       -4.665171       -4.658586       -30738.01        528558.9       0.9286702E-02         436      248720  0.20605    
       57500   -4.665214        270.0033       0.9999613        1326730.        0.000000        1231565.        1231892.       -4.655559       -4.665171       -4.659622       -30719.73        528432.4       0.9286825E-02         439      248827  0.20665    
       57600   -4.665316       -461.0004        1.000020        1326269.        0.000000        1231424.        1231016.       -4.655572       -4.665171       -4.663092       -30718.33        528408.0       0.9279966E-02         437      248642  0.20834    
       57700   -4.664591        90.57900       0.9998550        1326359.        0.000000        1231528.        1231682.       -4.655583       -4.665170       -4.661855       -30720.02        528614.3       0.9286392E-02         438      249122  0.20808    
       57800   -4.665256        171.0900        1.000133        1326530.        0.000000        1231503.        1231737.       -4.655588       -4.665171       -4.658587       -30744.49        528596.4       0.9285525E-02         439      248323  0.20426    
       57900   -4.665045       -496.2339       0.9999578        1326034.        0.000000        1231466.        1231024.       -4.655598       -4.665170       -4.660949       -30692.90        528293.7       0.9280534E-02         439      248191  0.20829    
       58000   -4.663568       -10.71082       0.9997045        1326023.        0.000000        1231374.        1231429.       -4.655616       -4.665167       -4.666305       -30666.31        528444.2       0.9286377E-02         439      248033  0.20576    
       58100   -4.663756       -11.07624        1.000038        1326012.        0.000000        1231582.        1231626.       -4.655631       -4.665165       -4.663826       -30719.91        528321.9       0.9287487E-02         439      248389  0.20862    
       58200   -4.663900        204.7614        1.000029        1326217.        0.000000        1230363.        1230618.       -4.655641       -4.665163       -4.661578       -30702.23        528366.4       0.9279580E-02         438      248838  0.20568    
       58300   -4.664574        266.5101        1.000135        1326484.        0.000000        1230815.        1231134.       -4.655652       -4.665162       -4.662044       -30720.53        528454.8       0.9282242E-02         438      248425  0.20848    
       58400   -4.665537        5.387329        1.000193        1326489.        0.000000        1231420.        1231484.       -4.655662       -4.665162       -4.661130       -30742.32        528464.9       0.9283120E-02         438      249061  0.20428    
       58500   -4.665218       -5.126068       0.9999362        1326484.        0.000000        1231690.        1231742.       -4.655671       -4.665162       -4.660960       -30729.53        528315.8       0.9285658E-02         437      248140  0.20690    
       58600   -4.665387        180.1786        1.000034        1326664.        0.000000        1231406.        1231643.       -4.655684       -4.665163       -4.663102       -30693.85        528337.6       0.9284545E-02         438      248857  0.21007    
       58700   -4.665660       -101.0071        1.000055        1326563.        0.000000        1232058.        1232019.       -4.655701       -4.665164       -4.665895       -30713.36        528448.3       0.9286897E-02         436      248402  0.20469    
       58800   -4.665091       -234.7648       0.9998863        1326328.        0.000000        1231170.        1230994.       -4.655715       -4.665164       -4.663514       -30744.28        528431.4       0.9280216E-02         436      248724  0.20530    
       58900   -4.665049       -58.51070       0.9999916        1326270.        0.000000        1232191.        1232190.       -4.655720       -4.665163       -4.658945       -30737.20        528401.2       0.9289333E-02         438      248404  0.20695    
       59000   -4.664966        42.92701       0.9999832        1326313.        0.000000        1231825.        1231926.       -4.655719       -4.665163       -4.654580       -30734.26        528441.0       0.9287477E-02         439      247990  0.20807    
       59100   -4.664836        166.9492       0.9999741        1326480.        0.000000        1231887.        1232128.       -4.655733       -4.665162       -4.663970       -30665.73        528480.9       0.9289338E-02         435      248626  0.20414    
       59200   -4.664861       -231.5549        1.000005        1326248.        0.000000        1231838.        1231667.       -4.655751       -4.665162       -4.666669       -30696.91        528391.4       0.9285803E-02         438      249541  0.20964    
       59300   -4.663659       -328.3026       0.9997595        1325920.        0.000000        1231399.        1231136.       -4.655768       -4.665159       -4.665349       -30676.05        528456.9       0.9283947E-02         437      248660  0.20615    
       59400   -4.663427       -41.51505       0.9999536        1325878.        0.000000        1231237.        1231251.       -4.655782       -4.665156       -4.664260       -30675.97        528481.2       0.9285271E-02         438      248317  0.20899    
       59500   -4.664145        370.6129        1.000144        1326249.        0.000000        1230731.        1231160.       -4.655795       -4.665154       -4.663024       -30684.75        528364.2       0.9283204E-02         438      247650  0.20673    
       59600   -4.664333       -16.95257        1.000038        1326232.        0.000000        1231004.        1231051.       -4.655808       -4.665153       -4.663539       -30702.70        528351.0       0.9282093E-02         436      248444  0.20695    
       59700   -4.664290       -52.65845       0.9999914        1326179.        0.000000        1231662.        1231669.       -4.655816       -4.665152       -4.660324       -30736.44        528467.7       0.9286855E-02         439      248445  0.20835    
       59800   -4.664200       -109.2733       0.9999820        1326070.        0.000000        1230695.        1230642.       -4.655818       -4.665150       -4.657435       -30718.46        528406.0       0.9279213E-02         439      248411  0.20708    
       59900   -4.664170        86.00696       0.9999941        1326156.        0.000000        1230557.        1230705.       -4.655835       -4.665148       -4.665374       -30664.26        528480.6       0.9279813E-02         438      248091  0.20784    
       60000   -4.664292        229.4919        1.000024        1326386.        0.000000        1231075.        1231365.       -4.655849       -4.665147       -4.664327       -30689.75        528601.2       0.9284524E-02         436      249577  0.20812    
       60100   -4.665554        325.2214        1.000252        1326711.        0.000000        1231736.        1232114.       -4.655867       -4.665147       -4.666334       -30667.62        528565.3       0.9287795E-02         438      248311  0.20901    
       60200   -4.665777       -188.6227        1.000045        1326522.        0.000000        1231866.        1231737.       -4.655888       -4.665148       -4.668729       -30665.29        528549.3       0.9284591E-02         437      248815  0.20545    
       60300   -4.665269       -276.3830       0.9998984        1326246.        0.000000        1231629.        1231410.       -4.655921       -4.665149       -4.675340       -30618.19        528524.7       0.9283074E-02         438      248079  0.20807    
       60400   -4.665170        409.4687       0.9999801        1326655.        0.000000        1231164.        1231629.       -4.655955       -4.665149       -4.676263       -30669.72        528689.3       0.9284899E-02         437      248866  0.20461    
       60500   -4.665656       -175.3637        1.000097        1326480.        0.000000        1231520.        1231410.       -4.655981       -4.665150       -4.671403       -30685.58        528502.6       0.9282304E-02         438      248001  0.21085    
       60600   -4.666257        175.5994        1.000120        1326655.        0.000000        1231952.        1232179.       -4.655996       -4.665151       -4.664957       -30704.59        528618.7       0.9287041E-02         439      247826  0.21005    
       60700   -4.665021       -574.8648       0.9997527        1326081.        0.000000        1232075.        1231555.       -4.656013       -4.665151       -4.666102       -30679.87        528465.7       0.9284590E-02         438      248069  0.20468    
       60800   -4.663336       -261.8820       0.9996632        1325819.        0.000000        1231515.        1231313.       -4.656023       -4.665148       -4.662181       -30685.22        528041.8       0.9285920E-02         438      248913  0.20810    
       60900   -4.663931        507.9105        1.000119        1326327.        0.000000        1232048.        1232619.       -4.656038       -4.665146       -4.665216       -30686.34        528368.1       0.9294585E-02         439      248291  0.20772    
       61000   -4.664040       -257.7571        1.000022        1326069.        0.000000        1231919.        1231718.       -4.656058       -4.665144       -4.667945       -30665.59        528357.8       0.9287645E-02         438      249056  0.20404    
       61100   -4.664273       -43.21019        1.000047        1326026.        0.000000        1231481.        1231504.       -4.656078       -4.665143       -4.667912       -30684.53        528467.5       0.9285658E-02         437      248048  0.20622    
       61200   -4.664257        104.3461       0.9999968        1326130.        0.000000        1230792.        1230945.       -4.656096       -4.665141       -4.666904       -30685.13        528396.4       0.9281410E-02         438      248362  0.20951    
       61300   -4.665116        395.7002        1.000172        1326526.        0.000000        1231431.        1231878.       -4.656113       -4.665141       -4.666473       -30707.82        528536.4       0.9286868E-02         439      248115  0.20418    
       61400   -4.664767       -554.8422       0.9999302        1325971.        0.000000        1230946.        1230454.       -4.656119       -4.665141       -4.659884       -30751.39        528298.0       0.9276777E-02         438      248460  0.20656    
       61500   -4.664079        202.2993       0.9998624        1326173.        0.000000        1231408.        1231668.       -4.656117       -4.665139       -4.654538       -30763.11        528486.9       0.9287224E-02         437      248622  0.20942    
       61600   -4.664940        483.6614        1.000172        1326657.        0.000000        1231092.        1231623.       -4.656117       -4.665138       -4.656670       -30755.17        528676.3       0.9285238E-02         435      248323  0.20800    
       61700   -4.665810        64.52052        1.000174        1326721.        0.000000        1231511.        1231630.       -4.656122       -4.665140       -4.659066       -30743.07        528633.9       0.9283684E-02         437      249350  0.20432    
       61800   -4.666571        70.68829        1.000152        1326792.        0.000000        1231763.        1231895.       -4.656134       -4.665142       -4.663432       -30746.69        528758.0       0.9284289E-02         436      248353  0.21035    
       61900   -4.666951       -301.3612        1.000076        1326491.        0.000000        1232306.        1232069.       -4.656143       -4.665145       -4.661181       -30746.54        528536.0       0.9284927E-02         438      247671  0.20459    
       62000   -4.664902       -436.7000       0.9995902        1326054.        0.000000        1232061.        1231688.       -4.656156       -4.665145       -4.664530       -30739.99        528383.3       0.9285819E-02         437      248889  0.21175    
       62100   -4.663452       -46.41064       0.9997101        1326008.        0.000000        1230451.        1230472.       -4.656168       -4.665142       -4.663573       -30719.50        528255.0       0.9279391E-02         437      248347  0.20778    
       62200   -4.664432        492.0653        1.000196        1326500.        0.000000        1230949.        1231498.       -4.656183       -4.665141       -4.665084       -30735.62        528499.4       0.9285237E-02         438      249465  0.20460    
       62300   -4.665760        209.1619        1.000266        1326709.        0.000000        1230945.        1231211.       -4.656194       -4.665142       -4.663179       -30719.31        528456.4       0.9280631E-02         437      248206  0.20430    
       62400   -4.666118       -336.6763        1.000072        1326372.        0.000000        1231341.        1231070.       -4.656206       -4.665143       -4.663081       -30740.76        528269.5       0.9278897E-02         437      247901  0.20929    
       62500   -4.664832       -130.3789       0.9997429        1326242.        0.000000        1231395.        1231323.       -4.656206       -4.665143       -4.656308       -30731.35        528300.6       0.9283197E-02         437      248747  0.21187    
       62600   -4.664340       -55.98146       0.9999017        1326186.        0.000000        1230738.        1230746.       -4.656207       -4.665141       -4.656864       -30721.33        528212.3       0.9279747E-02         439      248692  0.20523    
       62700   -4.664047       -116.2912       0.9999413        1326069.        0.000000        1231477.        1231420.       -4.656212       -4.665140       -4.659201       -30716.77        528347.0       0.9285378E-02         438      247950  0.20762    
       62800   -4.663061       -373.1507       0.9998029        1325696.        0.000000        1230884.        1230574.       -4.656218       -4.665136       -4.659991       -30702.37        528172.1       0.9280853E-02         437      247883  0.20882    
       62900   -4.663345        336.9046        1.000057        1326033.        0.000000        1230266.        1230665.       -4.656225       -4.665133       -4.660782       -30704.94        528273.5       0.9280984E-02         439      248974  0.20819    
       63000   -4.664201        356.1600        1.000171        1326389.        0.000000        1231160.        1231585.       -4.656233       -4.665132       -4.661072       -30727.69        528323.7       0.9286343E-02         439      248118  0.20411    
       63100   -4.664644       -93.05987        1.000089        1326296.        0.000000        1232193.        1232167.       -4.656241       -4.665131       -4.660960       -30684.34        528380.5       0.9289888E-02         436      249253  0.21028    
       63200   -4.664548        142.7839       0.9999807        1326439.        0.000000        1231398.        1231607.       -4.656252       -4.665130       -4.663241       -30740.22        528393.7       0.9285891E-02         438      249423  0.20570    
       63300   -4.666252        735.3682        1.000341        1327174.        0.000000        1232130.        1232927.       -4.656262       -4.665132       -4.662646       -30743.43        528780.5       0.9292647E-02         438      249167  0.20600    
       63400   -4.666430       -549.1670        1.000036        1326625.        0.000000        1231749.        1231263.       -4.656276       -4.665134       -4.665125       -30699.48        528481.9       0.9279751E-02         439      248662  0.20697    
       63500   -4.664997       -293.0395       0.9997135        1326332.        0.000000        1231652.        1231426.       -4.656293       -4.665134       -4.666752       -30700.00        528488.7       0.9283660E-02         438      249124  0.20711    
       63600   -4.664985        127.5618       0.9999975        1326460.        0.000000        1231876.        1232069.       -4.656313       -4.665133       -4.668805       -30663.64        528514.2       0.9288549E-02         438      248451  0.20460    
       63700   -4.664950       -30.88570       0.9999931        1326429.        0.000000        1231670.        1231699.       -4.656334       -4.665133       -4.669295       -30654.09        528486.4       0.9285829E-02         438      248427  0.20851    
       63800   -4.664559       -355.3176       0.9999217        1326074.        0.000000        1231392.        1231098.       -4.656356       -4.665132       -4.670221       -30672.47        528411.9       0.9282090E-02         438      248279  0.21205    
       63900   -4.664879        399.1419        1.000064        1326473.        0.000000        1231566.        1232021.       -4.656372       -4.665132       -4.666428       -30707.31        528553.2       0.9288336E-02         439      249116  0.20388    
       64000   -4.665624        248.8499        1.000149        1326722.        0.000000        1231262.        1231563.       -4.656376       -4.665133       -4.659032       -30730.88        528689.0       0.9283564E-02         438      248601  0.21574    
       64100   -4.666783        327.3291        1.000232        1327049.        0.000000        1231872.        1232257.       -4.656380       -4.665135       -4.659002       -30714.98        528780.0       0.9286622E-02         439      249062  0.20709    
       64200   -4.666239       -630.9111       0.9998913        1326418.        0.000000        1231567.        1231004.       -4.656388       -4.665137       -4.661275       -30713.54        528432.7       0.9278141E-02         439      248872  0.21345    
       64300   -4.664341       -314.1072       0.9996205        1326104.        0.000000        1231571.        1231323.       -4.656399       -4.665136       -4.663652       -30690.69        528385.8       0.9284099E-02         439      248325  0.20389    
       64400   -4.664945        402.3374        1.000121        1326506.        0.000000        1231158.        1231624.       -4.656408       -4.665135       -4.661901       -30691.17        528561.9       0.9285194E-02         436      248509  0.20674    
       64500   -4.666039        470.1806        1.000219        1326976.        0.000000        1231405.        1231938.       -4.656424       -4.665137       -4.666852       -30621.00        528989.3       0.9285608E-02         438      249074  0.20499    
       64600   -4.666778       -349.7684        1.000148        1326627.        0.000000        1231874.        1231593.       -4.656451       -4.665139       -4.673854       -30628.43        528765.7       0.9281619E-02         438      248063  0.20408    
       64700   -4.665029       -301.5534       0.9996503        1326325.        0.000000        1231643.        1231402.       -4.656474       -4.665139       -4.670676       -30662.61        528412.7       0.9283449E-02         438      248747  0.20723    
       64800   -4.664768       -43.12310       0.9999477        1326282.        0.000000        1231154.        1231167.       -4.656491       -4.665139       -4.667483       -30690.66        528434.6       0.9282131E-02         439      248483  0.20626    
       64900   -4.664771       -84.73393        1.000001        1326197.        0.000000        1230757.        1230733.       -4.656506       -4.665138       -4.666436       -30686.88        528353.5       0.9278886E-02         437      248679  0.20427    
       65000   -4.663988       -7.258212       0.9998432        1326190.        0.000000        1231052.        1231098.       -4.656517       -4.665136       -4.663428       -30691.88        528300.0       0.9283078E-02         437      247907  0.20515    
       65100   -4.665223        407.6746        1.000247        1326598.        0.000000        1231308.        1231768.       -4.656535       -4.665136       -4.667725       -30688.68        528469.3       0.9285786E-02         439      248214  0.20538    
       65200   -4.666063        239.0876        1.000168        1326837.        0.000000        1231569.        1231876.       -4.656550       -4.665138       -4.666378       -30673.06        528561.9       0.9285086E-02         438      249134  0.20392    
       65300   -4.665682       -481.2933       0.9999240        1326355.        0.000000        1231172.        1230748.       -4.656569       -4.665139       -4.668825       -30651.67        528490.9       0.9277297E-02         437      248648  0.20873    
       65400   -4.664150       -337.3767       0.9996936        1326018.        0.000000        1230833.        1230546.       -4.656597       -4.665137       -4.674493       -30598.46        528408.5       0.9278633E-02         437      248008  0.20634    
       65500   -4.664467        278.1552        1.000063        1326296.        0.000000        1230695.        1231036.       -4.656619       -4.665136       -4.671154       -30683.41        528462.4       0.9281725E-02         438      248324  0.20900    
       65600   -4.664735        54.96464        1.000054        1326351.        0.000000        1231544.        1231656.       -4.656631       -4.665135       -4.664571       -30677.59        528491.4       0.9285917E-02         438      248462  0.20459    
       65700   -4.664469       -468.9460       0.9999468        1325882.        0.000000        1231270.        1230861.       -4.656644       -4.665134       -4.664462       -30683.19        528196.3       0.9280343E-02         438      248519  0.20664    
       65800   -4.662866       -317.8413       0.9996794        1325564.        0.000000        1230516.        1230263.       -4.656652       -4.665131       -4.662461       -30681.58        528044.7       0.9278861E-02         438      248739  0.21165    
       65900   -4.663174        507.3477        1.000062        1326072.        0.000000        1230743.        1231313.       -4.656667       -4.665128       -4.666390       -30658.84        528385.0       0.9286219E-02         438      248321  0.20417    
       66000   -4.664257        169.2407        1.000217        1326241.        0.000000        1231266.        1231503.       -4.656683       -4.665126       -4.666883       -30661.81        528396.3       0.9285671E-02         439      247713  0.20743    
       66100   -4.665497        230.1901        1.000248        1326471.        0.000000        1232107.        1232393.       -4.656703       -4.665127       -4.669461       -30662.84        528441.5       0.9289980E-02         439      248213  0.20754    
       66200   -4.666496        402.2345        1.000200        1326873.        0.000000        1232075.        1232535.       -4.656720       -4.665129       -4.668226       -30684.60        528764.9       0.9289263E-02         439      249606  0.20456    
       66300   -4.665546       -699.4345       0.9998100        1326174.        0.000000        1232004.        1231359.       -4.656738       -4.665130       -4.668050       -30669.48        528559.2       0.9282166E-02         438      248883  0.20768    
       66400   -4.663362       -370.4854       0.9995633        1325804.        0.000000        1230800.        1230487.       -4.656755       -4.665127       -4.667951       -30628.57        528389.5       0.9279644E-02         437      248237  0.20567    
       66500   -4.663221        145.6715       0.9999719        1325949.        0.000000        1229885.        1230086.       -4.656779       -4.665124       -4.672449       -30637.99        528418.3       0.9276861E-02         438      248287  0.20432    
       66600   -4.663509        14.89898        1.000058        1325964.        0.000000        1231068.        1231129.       -4.656795       -4.665122       -4.667663       -30641.71        528431.4       0.9284170E-02         439      248238  0.20436    
       66700   -4.664476        644.0898        1.000193        1326608.        0.000000        1231558.        1232267.       -4.656815       -4.665121       -4.670241       -30602.87        528752.4       0.9291027E-02         437      248067  0.20615    
       66800   -4.665152       -203.4625        1.000135        1326405.        0.000000        1231519.        1231379.       -4.656845       -4.665121       -4.676089       -30605.52        528400.7       0.9283036E-02         436      247897  0.20407    
       66900   -4.665453        195.8884        1.000060        1326601.        0.000000        1231348.        1231610.       -4.656869       -4.665121       -4.672740       -30685.35        528679.1       0.9284229E-02         438      247783  0.20705    
       67000   -4.665284       -270.7436       0.9999662        1326330.        0.000000        1231567.        1231371.       -4.656884       -4.665121       -4.666889       -30690.91        528551.7       0.9282757E-02         439      248688  0.20623    
       67100   -4.663959       -196.3369       0.9997351        1326134.        0.000000        1231444.        1231301.       -4.656890       -4.665120       -4.661063       -30709.88        528475.2       0.9284640E-02         439      247630  0.20464    
       67200   -4.664367        128.7292        1.000082        1326262.        0.000000        1231317.        1231504.       -4.656898       -4.665118       -4.662392       -30657.01        528523.6       0.9285413E-02         437      248354  0.20404    
       67300   -4.664976        365.8149        1.000122        1326628.        0.000000        1231455.        1231882.       -4.656911       -4.665118       -4.665612       -30694.95        528571.6       0.9287148E-02         438      248764  0.20524    
       67400   -4.666381        167.1347        1.000281        1326795.        0.000000        1231610.        1231845.       -4.656917       -4.665120       -4.660274       -30749.72        528488.9       0.9284315E-02         438      248695  0.20546    
       67500   -4.666503        92.41455        1.000024        1326888.        0.000000        1232401.        1232558.       -4.656915       -4.665122       -4.655994       -30762.43        528583.5       0.9289428E-02         439      248841  0.20701    
       67600   -4.665911       -408.6264       0.9998817        1326479.        0.000000        1231630.        1231276.       -4.656920       -4.665123       -4.660238       -30750.26        528521.0       0.9280832E-02         437      248437  0.20597    
       67700   -4.665216       -10.47027       0.9998609        1326469.        0.000000        1232283.        1232334.       -4.656923       -4.665124       -4.658499       -30780.99        528453.5       0.9290107E-02         437      248923  0.20437    
       67800   -4.665086        129.0216       0.9999741        1326598.        0.000000        1232104.        1232286.       -4.656925       -4.665124       -4.658799       -30759.31        528456.2       0.9289951E-02         439      248398  0.20601    
       67900   -4.666148        48.34790        1.000212        1326646.        0.000000        1231452.        1231562.       -4.656931       -4.665125       -4.660639       -30738.73        528613.5       0.9282564E-02         438      248369  0.20608    
       68000   -4.665603       -339.1760       0.9998908        1326307.        0.000000        1231789.        1231500.       -4.656937       -4.665126       -4.660783       -30739.62        528460.1       0.9283033E-02         437      248284  0.21193    
       68100   -4.665117        300.8262       0.9999028        1326608.        0.000000        1232019.        1232379.       -4.656943       -4.665126       -4.661325       -30718.52        528669.3       0.9290616E-02         439      248053  0.20429    
       68200   -4.665136       -314.9948        1.000004        1326293.        0.000000        1231404.        1231159.       -4.656956       -4.665126       -4.665597       -30685.65        528593.9       0.9281349E-02         438      249017  0.20793    
       68300   -4.663761       -481.6583       0.9997249        1325811.        0.000000        1231193.        1230761.       -4.656976       -4.665124       -4.670197       -30664.18        528364.0       0.9280898E-02         438      248472  0.20461    
       68400   -4.662115       -316.9981       0.9996710        1325494.        0.000000        1230133.        1229872.       -4.656991       -4.665119       -4.667066       -30713.27        527966.5       0.9277338E-02         439      249248  0.20846    
       68500   -4.661593       -38.61368       0.9998957        1325455.        0.000000        1230361.        1230384.       -4.656998       -4.665114       -4.662026       -30703.94        528002.1       0.9282107E-02         438      248156  0.20511    
       68600   -4.662582        513.6907        1.000198        1325969.        0.000000        1230012.        1230593.       -4.657005       -4.665110       -4.662020       -30696.59        528168.3       0.9281933E-02         438      248785  0.20748    
       68700   -4.664430        254.6370        1.000370        1326224.        0.000000        1231133.        1231452.       -4.657015       -4.665109       -4.663424       -30698.97        528454.5       0.9284914E-02         439      248146  0.20470    
       68800   -4.664805        497.5392        1.000075        1326721.        0.000000        1231084.        1231645.       -4.657024       -4.665109       -4.663347       -30690.82        528765.6       0.9285631E-02         437      248500  0.20679    
       68900   -4.667029        549.3220        1.000445        1327270.        0.000000        1232287.        1232887.       -4.657040       -4.665111       -4.668089       -30704.92        528909.5       0.9290899E-02         437      249288  0.20479    
       69000   -4.667592       -356.6373        1.000113        1326914.        0.000000        1232517.        1232222.       -4.657051       -4.665115       -4.664169       -30737.20        528611.0       0.9284799E-02         438      248219  0.20775    
       69100   -4.666114       -105.7476       0.9997044        1326808.        0.000000        1231763.        1231716.       -4.657059       -4.665117       -4.662352       -30733.50        528641.9       0.9283757E-02         439      248351  0.20582    
       69200   -4.665163       -492.6416       0.9998099        1326315.        0.000000        1231733.        1231300.       -4.657066       -4.665117       -4.661823       -30686.02        528617.1       0.9282444E-02         437      247668  0.20604    
       69300   -4.664346        9.948422       0.9998366        1326325.        0.000000        1232186.        1232250.       -4.657076       -4.665116       -4.663811       -30694.22        528402.6       0.9291048E-02         438      248673  0.20632    
       69400   -4.665487        303.5189        1.000228        1326629.        0.000000        1231494.        1231844.       -4.657084       -4.665116       -4.662754       -30707.96        528683.9       0.9285913E-02         438      248798  0.20878    
       69500   -4.665357       -182.8902       0.9999740        1326446.        0.000000        1231563.        1231437.       -4.657093       -4.665117       -4.663184       -30711.35        528345.6       0.9283104E-02         437      248363  0.20462    
       69600   -4.665303        142.5804       0.9999892        1326589.        0.000000        1231567.        1231767.       -4.657102       -4.665117       -4.663609       -30740.29        528521.7       0.9285639E-02         437      249173  0.20879    
       69700   -4.665474       -102.6250        1.000034        1326486.        0.000000        1231800.        1231747.       -4.657109       -4.665117       -4.661567       -30703.65        528358.2       0.9285178E-02         438      248432  0.20782    
       69800   -4.665133       -70.75682       0.9999318        1326415.        0.000000        1231513.        1231507.       -4.657118       -4.665117       -4.663423       -30717.58        528356.4       0.9284049E-02         438      248300  0.20636    
       69900   -4.665231        92.83940        1.000020        1326508.        0.000000        1231543.        1231696.       -4.657120       -4.665118       -4.658318       -30683.65        528565.5       0.9285307E-02         438      248041  0.21121    
       70000   -4.664980       -109.5398       0.9999498        1326399.        0.000000        1231641.        1231584.       -4.657133       -4.665117       -4.666237       -30699.88        528447.2       0.9284840E-02         439      249267  0.20418    
       70100   -4.665199        34.11553        1.000044        1326433.        0.000000        1231661.        1231763.       -4.657143       -4.665117       -4.664457       -30666.56        528754.8       0.9285829E-02         436      248429  0.20561    
       70200   -4.664096       -502.5057       0.9997796        1325930.        0.000000        1231383.        1230932.       -4.657158       -4.665116       -4.667480       -30642.29        528488.1       0.9281566E-02         438      247843  0.20612    
       70300   -4.664227        367.9721        1.000026        1326298.        0.000000        1231150.        1231573.       -4.657176       -4.665115       -4.669764       -30670.65        528624.7       0.9286141E-02         439      248793  0.20568    
       70400   -4.664898        84.82553        1.000134        1326383.        0.000000        1231312.        1231452.       -4.657187       -4.665114       -4.664251       -30687.61        528742.1       0.9284002E-02         439      248250  0.20697    
       70500   -4.665339        9.188923        1.000088        1326392.        0.000000        1231639.        1231714.       -4.657202       -4.665115       -4.667670       -30705.16        528713.9       0.9285191E-02         438      248795  0.20517    
       70600   -4.665083       -77.18189       0.9999489        1326315.        0.000000        1231679.        1231660.       -4.657211       -4.665115       -4.663892       -30700.66        528613.9       0.9285292E-02         437      247346  0.20763    
       70700   -4.665323        329.1812        1.000048        1326644.        0.000000        1231653.        1232043.       -4.657219       -4.665115       -4.662795       -30696.48        528741.8       0.9287746E-02         439      248465  0.20408    
       70800   -4.665470       -69.59114        1.000029        1326575.        0.000000        1231753.        1231746.       -4.657221       -4.665115       -4.658401       -30757.35        528604.5       0.9285226E-02         439      249047  0.21106    
       70900   -4.665671       -185.6580        1.000040        1326389.        0.000000        1231554.        1231429.       -4.657226       -4.665116       -4.661110       -30742.93        528474.7       0.9282381E-02         439      248207  0.20536    
       71000   -4.665522        125.6225       0.9999703        1326515.        0.000000        1231473.        1231655.       -4.657233       -4.665117       -4.661815       -30740.84        528637.7       0.9284462E-02         438      248536  0.20408    
       71100   -4.665526        25.92389        1.000001        1326540.        0.000000        1231423.        1231507.       -4.657241       -4.665117       -4.663132       -30709.22        528526.1       0.9283327E-02         439      248399  0.20571    
       71200   -4.665578       -59.50094        1.000010        1326481.        0.000000        1231215.        1231212.       -4.657247       -4.665118       -4.660995       -30733.73        528578.9       0.9280974E-02         438      248362  0.20538    
       71300   -4.666326        458.0184        1.000150        1326939.        0.000000        1231914.        1232433.       -4.657251       -4.665120       -4.660342       -30740.88        528762.6       0.9288802E-02         439      248525  0.20506    
       71400   -4.667510        281.9531        1.000237        1327221.        0.000000        1232060.        1232403.       -4.657253       -4.665123       -4.658782       -30754.36        528824.4       0.9286379E-02         438      248712  0.20682    
       71500   -4.667459       -485.7786       0.9999897        1326735.        0.000000        1232338.        1231915.       -4.657263       -4.665127       -4.663935       -30717.21        528666.1       0.9282774E-02         438      247934  0.20574    
       71600   -4.665873       -273.1415       0.9996828        1326462.        0.000000        1232228.        1232016.       -4.657280       -4.665128       -4.669372       -30654.64        528437.2       0.9286478E-02         437      248359  0.20485    
       71700   -4.665120        32.40188       0.9998495        1326494.        0.000000        1231299.        1231398.       -4.657302       -4.665128       -4.672639       -30652.38        528509.4       0.9283271E-02         438      249040  0.20738    
       71800   -4.664286       -229.2144       0.9998333        1326265.        0.000000        1231462.        1231296.       -4.657326       -4.665127       -4.674648       -30618.06        528454.9       0.9283988E-02         437      248865  0.20566    
       71900   -4.664823       -2.965008        1.000107        1326262.        0.000000        1231239.        1231309.       -4.657350       -4.665126       -4.674455       -30608.22        528615.6       0.9283116E-02         437      248465  0.20899    
       72000   -4.664067       -63.74911       0.9998490        1326198.        0.000000        1231825.        1231817.       -4.657373       -4.665125       -4.673660       -30636.07        528633.0       0.9288312E-02         437      248381  0.20398    
       72100   -4.663789       -333.5511       0.9999443        1325865.        0.000000        1231208.        1230938.       -4.657387       -4.665123       -4.667124       -30640.50        528284.7       0.9282259E-02         438      248773  0.20439    
       72200   -4.663668        281.7006       0.9999758        1326147.        0.000000        1231168.        1231500.       -4.657398       -4.665121       -4.665384       -30691.74        528460.7       0.9286626E-02         439      248451  0.20841    
       72300   -4.663830       -250.2459        1.000033        1325896.        0.000000        1231254.        1231064.       -4.657404       -4.665119       -4.661536       -30661.81        528153.8       0.9283099E-02         437      248780  0.20743    
       72400   -4.663450       -208.1415       0.9999239        1325688.        0.000000        1230916.        1230774.       -4.657414       -4.665116       -4.664880       -30695.62        527928.0       0.9281656E-02         439      248378  0.20609    
       72500   -4.662523       -118.2726       0.9998146        1325570.        0.000000        1230890.        1230835.       -4.657417       -4.665113       -4.659486       -30704.79        527853.6       0.9283814E-02         437      248783  0.20456    
       72600   -4.662305        138.2619       0.9999565        1325708.        0.000000        1230265.        1230464.       -4.657423       -4.665109       -4.661578       -30690.11        528211.9       0.9281405E-02         439      248159  0.20379    
       72700   -4.664198        671.8836        1.000379        1326380.        0.000000        1230394.        1231122.       -4.657433       -4.665107       -4.665188       -30700.19        528392.8       0.9282859E-02         438      248533  0.21144    
       72800   -4.664673        72.58781        1.000095        1326453.        0.000000        1231588.        1231709.       -4.657445       -4.665107       -4.665516       -30751.43        528302.4       0.9286414E-02         436      248410  0.20810    
       72900   -4.664889       -34.99527        1.000043        1326418.        0.000000        1231440.        1231463.       -4.657451       -4.665106       -4.661698       -30731.09        528543.5       0.9284175E-02         439      248107  0.20806    
       73000   -4.665213        91.36482        1.000065        1326509.        0.000000        1231972.        1232123.       -4.657454       -4.665107       -4.659675       -30729.53        528548.3       0.9288527E-02         439      248144  0.20480    
       73100   -4.665387        254.3208        1.000035        1326763.        0.000000        1231707.        1232013.       -4.657456       -4.665107       -4.659148       -30741.02        528531.4       0.9287358E-02         439      248891  0.20399    
       73200   -4.666220       -210.5610        1.000167        1326553.        0.000000        1231992.        1231840.       -4.657462       -4.665109       -4.661888       -30730.07        528604.5       0.9284440E-02         438      248513  0.20426    
       73300   -4.665175       -204.0641       0.9997912        1326349.        0.000000        1231541.        1231400.       -4.657467       -4.665109       -4.660831       -30730.30        528506.0       0.9283107E-02         437      247907  0.21046    
       73400   -4.664747       -178.2957       0.9999144        1326170.        0.000000        1231844.        1231727.       -4.657472       -4.665108       -4.661438       -30712.77        528453.9       0.9286411E-02         436      248315  0.20639    
       73500   -4.665022        311.6701        1.000055        1326482.        0.000000        1231970.        1232339.       -4.657481       -4.665108       -4.663447       -30726.33        528650.5       0.9290495E-02         437      248413  0.20479    
       73600   -4.666215        161.4266        1.000239        1326644.        0.000000        1232006.        1232231.       -4.657495       -4.665110       -4.668237       -30696.20        528631.3       0.9287500E-02         436      248206  0.20462    
       73700   -4.665547       -302.2929       0.9998664        1326341.        0.000000        1231821.        1231574.       -4.657511       -4.665110       -4.668911       -30705.67        528521.4       0.9283757E-02         438      247908  0.20739    
       73800   -4.664201       -386.3695       0.9997310        1325955.        0.000000        1231532.        1231195.       -4.657519       -4.665109       -4.663457       -30729.66        528328.1       0.9283358E-02         437      248693  0.20933    
       73900   -4.663384       -115.0742       0.9998365        1325840.        0.000000        1231226.        1231170.       -4.657524       -4.665106       -4.661041       -30748.40        528273.4       0.9284741E-02         439      248310  0.20379    
       74000   -4.662383       -486.2263       0.9997998        1325354.        0.000000        1230483.        1230060.       -4.657527       -4.665103       -4.659453       -30734.97        528064.0       0.9278250E-02         438      247497  0.20382    
       74100   -4.662503        670.4907        1.000024        1326024.        0.000000        1230394.        1231127.       -4.657528       -4.665099       -4.658462       -30757.39        528296.9       0.9286060E-02         438      248488  0.20792    
       74200   -4.663828        121.4252        1.000265        1326146.        0.000000        1230796.        1230973.       -4.657532       -4.665097       -4.660363       -30729.64        528431.5       0.9282442E-02         436      247758  0.20453    
       74300   -4.664229        202.9922        1.000080        1326348.        0.000000        1230951.        1231207.       -4.657539       -4.665096       -4.662668       -30730.36        528677.1       0.9283431E-02         439      248635  0.20563    
       74400   -4.666232        505.0113        1.000401        1326854.        0.000000        1232058.        1232630.       -4.657545       -4.665098       -4.662069       -30766.11        528710.0       0.9290469E-02         437      249266  0.20721    
       74500   -4.667941        473.5969        1.000342        1327327.        0.000000        1232720.        1233241.       -4.657552       -4.665102       -4.662490       -30745.83        528920.0       0.9291832E-02         438      248355  0.20480    
       74600   -4.668049       -171.3522        1.000022        1327156.        0.000000        1232446.        1232343.       -4.657559       -4.665106       -4.662815       -30754.00        528692.4       0.9284891E-02         437      248092  0.20635    
       74700   -4.666813       -546.9349       0.9997528        1326609.        0.000000        1232491.        1232001.       -4.657564       -4.665108       -4.661675       -30723.03        528383.3       0.9284630E-02         439      248817  0.20708    
       74800   -4.664427       -408.0537       0.9995229        1326201.        0.000000        1231821.        1231478.       -4.657578       -4.665107       -4.667516       -30685.82        528322.0       0.9285152E-02         438      248821  0.20644    
       74900   -4.663720       -303.7306       0.9998587        1325897.        0.000000        1231251.        1231003.       -4.657585       -4.665105       -4.662462       -30739.44        528357.7       0.9282823E-02         439      248517  0.20889    
       75000   -4.662425       -327.5648       0.9997410        1325569.        0.000000        1230870.        1230609.       -4.657586       -4.665102       -4.658766       -30697.38        528283.4       0.9282263E-02         439      248217  0.20688    
       75100   -4.663297        462.3197        1.000175        1326032.        0.000000        1231574.        1232100.       -4.657594       -4.665099       -4.663525       -30703.69        528400.9       0.9291896E-02         438      249150  0.20778    
       75200   -4.664079        387.1884        1.000156        1326419.        0.000000        1230525.        1230976.       -4.657602       -4.665098       -4.663232       -30718.56        528671.4       0.9281938E-02         436      247939  0.20360    
       75300   -4.665622        230.4086        1.000309        1326649.        0.000000        1231436.        1231719.       -4.657611       -4.665098       -4.664728       -30724.96        528624.7       0.9284722E-02         439      248241  0.20459    
       75400   -4.666100        19.49241        1.000096        1326669.        0.000000        1231934.        1232016.       -4.657620       -4.665100       -4.663839       -30729.74        528708.8       0.9286055E-02         437      248943  0.21027    
       75500   -4.666743       -132.1738        1.000129        1326537.        0.000000        1232036.        1231956.       -4.657628       -4.665102       -4.663662       -30737.22        528681.3       0.9284386E-02         438      248391  0.20431    
       75600   -4.666579        324.1138       0.9999672        1326861.        0.000000        1231521.        1231916.       -4.657633       -4.665104       -4.661261       -30731.08        528757.4       0.9284425E-02         437      248737  0.20504    
       75700   -4.666252       -285.4540       0.9999346        1326575.        0.000000        1231874.        1231649.       -4.657633       -4.665106       -4.658250       -30761.57        528578.1       0.9283032E-02         437      247968  0.20608    
       75800   -4.664379       -732.5603       0.9996256        1325843.        0.000000        1231732.        1231055.       -4.657631       -4.665105       -4.656065       -30751.86        528360.2       0.9282002E-02         439      248239  0.20476    
       75900   -4.663525        282.1456       0.9998292        1326125.        0.000000        1231117.        1231459.       -4.657632       -4.665102       -4.658275       -30736.40        528306.9       0.9286632E-02         439      247889  0.20558    
       76000   -4.665155        447.1178        1.000326        1326572.        0.000000        1230863.        1231372.       -4.657640       -4.665102       -4.663149       -30739.54        528554.1       0.9282985E-02         438      248082  0.20668    
       76100   -4.664539       -387.8153       0.9998768        1326184.        0.000000        1231636.        1231308.       -4.657650       -4.665102       -4.665328       -30691.77        528464.7       0.9283681E-02         438      248484  0.20464    
       76200   -4.664367       -202.5482       0.9999656        1325982.        0.000000        1231711.        1231560.       -4.657665       -4.665101       -4.668985       -30686.53        528357.8       0.9285783E-02         437      249025  0.20583    
       76300   -4.662865       -147.2472       0.9996995        1325834.        0.000000        1230932.        1230856.       -4.657676       -4.665098       -4.666000       -30676.69        528185.5       0.9283397E-02         438      248133  0.20738    
       76400   -4.664250        684.4797        1.000277        1326519.        0.000000        1230517.        1231263.       -4.657687       -4.665097       -4.665825       -30734.15        528529.4       0.9283851E-02         436      248188  0.20730    
       76500   -4.665822       -39.18955        1.000314        1326480.        0.000000        1231442.        1231458.       -4.657691       -4.665098       -4.660932       -30755.94        528531.2       0.9282425E-02         437      248026  0.20698    
       76600   -4.665095       -249.8486       0.9998547        1326230.        0.000000        1231875.        1231680.       -4.657697       -4.665098       -4.662181       -30718.96        528394.6       0.9285412E-02         438      248770  0.20676    
       76700   -4.664072       -52.29264       0.9997953        1326178.        0.000000        1231715.        1231729.       -4.657700       -4.665096       -4.660440       -30743.51        528364.2       0.9287734E-02         438      248217  0.20537    
       76800   -4.664344        162.6477        1.000055        1326340.        0.000000        1231419.        1231644.       -4.657707       -4.665095       -4.662388       -30731.59        528573.3       0.9286530E-02         437      248603  0.20522    
       76900   -4.665546        250.5838        1.000240        1326591.        0.000000        1231153.        1231468.       -4.657709       -4.665096       -4.659431       -30756.90        528501.9       0.9282951E-02         437      248867  0.20718    
       77000   -4.666264        172.2559        1.000144        1326763.        0.000000        1232359.        1232592.       -4.657714       -4.665097       -4.661463       -30736.42        528729.7       0.9290106E-02         437      248489  0.20571    
       77100   -4.666768        151.9884        1.000101        1326915.        0.000000        1232218.        1232431.       -4.657722       -4.665100       -4.664213       -30711.93        528815.7       0.9287963E-02         438      248826  0.20569    
       77200   -4.666635       -370.1794       0.9999734        1326545.        0.000000        1232476.        1232161.       -4.657736       -4.665102       -4.668178       -30677.98        528621.5       0.9286108E-02         438      248851  0.20529    
       77300   -4.666090        340.9647       0.9998911        1326886.        0.000000        1231618.        1232019.       -4.657752       -4.665103       -4.669652       -30698.99        528783.2       0.9286136E-02         438      248783  0.20722    
       77400   -4.665668       -652.4383       0.9999155        1326233.        0.000000        1231915.        1231323.       -4.657764       -4.665104       -4.667135       -30664.37        528418.7       0.9281697E-02         438      248363  0.20413    
       77500   -4.664807        58.74723       0.9998279        1326292.        0.000000        1231731.        1231841.       -4.657771       -4.665103       -4.663536       -30689.56        528421.9       0.9287117E-02         437      247770  0.20954    
       77600   -4.663972       -347.1381       0.9998331        1325945.        0.000000        1231479.        1231191.       -4.657777       -4.665102       -4.662375       -30692.03        528214.2       0.9283823E-02         439      249254  0.20491    
       77700   -4.663177       -193.6716       0.9998410        1325751.        0.000000        1230834.        1230702.       -4.657786       -4.665099       -4.663989       -30692.99        528312.6       0.9281563E-02         439      248179  0.20628    
       77800   -4.662522       -28.06462       0.9998688        1325723.        0.000000        1230815.        1230847.       -4.657790       -4.665096       -4.661592       -30700.39        528192.2       0.9283875E-02         438      248907  0.20602    
       77900   -4.662359       -221.5191       0.9999676        1325502.        0.000000        1230840.        1230668.       -4.657792       -4.665092       -4.658630       -30708.59        528256.7       0.9282811E-02         439      248394  0.20615    
       78000   -4.662119        355.8128       0.9999519        1325858.        0.000000        1230478.        1230904.       -4.657804       -4.665088       -4.667215       -30671.67        528428.9       0.9285121E-02         438      248710  0.20388    
       78100   -4.664137        660.6524        1.000404        1326518.        0.000000        1230841.        1231557.       -4.657815       -4.665087       -4.666818       -30696.54        528537.8       0.9286224E-02         437      248508  0.20687    
       78200   -4.665890        314.6411        1.000351        1326833.        0.000000        1231390.        1231763.       -4.657824       -4.665088       -4.664290       -30687.52        528800.8       0.9284551E-02         437      248538  0.20619    
       78300   -4.666229       -225.0516        1.000068        1326608.        0.000000        1231759.        1231592.       -4.657835       -4.665090       -4.666377       -30716.34        528542.5       0.9282588E-02         439      248043  0.20803    
       78400   -4.665996        210.9058       0.9999534        1326819.        0.000000        1231940.        1232217.       -4.657845       -4.665091       -4.665483       -30713.33        528628.1       0.9287784E-02         438      248391  0.20465    
       78500   -4.666184        131.4274        1.000038        1326950.        0.000000        1232371.        1232565.       -4.657850       -4.665092       -4.662072       -30725.65        528656.7       0.9290034E-02         438      248627  0.20551    
       78600   -4.665915       -361.6178       0.9999463        1326589.        0.000000        1231674.        1231377.       -4.657857       -4.665093       -4.663178       -30710.38        528571.1       0.9281583E-02         438      248691  0.21002    
       78700   -4.665680       -102.7807       0.9999530        1326486.        0.000000        1231749.        1231699.       -4.657860       -4.665094       -4.659817       -30750.06        528501.0       0.9284479E-02         438      248606  0.20434    
       78800   -4.666111        137.0955        1.000086        1326623.        0.000000        1231832.        1232031.       -4.657868       -4.665095       -4.664535       -30727.97        528508.2       0.9286147E-02         439      249365  0.20773    
       78900   -4.665471       -303.5102       0.9998720        1326319.        0.000000        1231792.        1231556.       -4.657879       -4.665096       -4.666274       -30710.52        528393.8       0.9283798E-02         439      247881  0.21265    
       79000   -4.665055       -201.2809       0.9999169        1326118.        0.000000        1232223.        1232086.       -4.657895       -4.665096       -4.670081       -30655.87        528464.6       0.9288535E-02         437      247831  0.20420    
       79100   -4.664477        232.7353       0.9998843        1326351.        0.000000        1231832.        1232132.       -4.657908       -4.665095       -4.668188       -30686.16        528549.5       0.9290042E-02         439      248197  0.20792    
       79200   -4.665411        493.0620        1.000187        1326844.        0.000000        1231654.        1232207.       -4.657920       -4.665095       -4.667414       -30682.77        528797.3       0.9288743E-02         438      249449  0.20491    
       79300   -4.666797       -200.8694        1.000277        1326643.        0.000000        1232100.        1231960.       -4.657935       -4.665098       -4.669711       -30666.33        528631.3       0.9284321E-02         437      248443  0.20977    
       79400   -4.665059       -652.5014       0.9996524        1325990.        0.000000        1231493.        1230903.       -4.657948       -4.665098       -4.668513       -30674.20        528388.1       0.9279599E-02         437      247780  0.20512    
       79500   -4.663939        44.66617       0.9997760        1326035.        0.000000        1230795.        1230904.       -4.657961       -4.665096       -4.667732       -30690.45        528530.6       0.9281720E-02         438      247805  0.20929    
       79600   -4.663263       -199.3106       0.9998649        1325836.        0.000000        1230761.        1230616.       -4.657974       -4.665094       -4.668229       -30636.58        528260.1       0.9280779E-02         438      248665  0.20498    
       79700   -4.664533        616.0319        1.000254        1326452.        0.000000        1231382.        1232050.       -4.657995       -4.665093       -4.674405       -30631.39        528661.0       0.9289213E-02         439      247174  0.20635    
       79800   -4.665445        109.9926        1.000182        1326562.        0.000000        1231808.        1231974.       -4.658015       -4.665093       -4.673957       -30652.85        528651.6       0.9286951E-02         439      248634  0.20678    
       79900   -4.665500       -245.8864        1.000011        1326316.        0.000000        1231239.        1231050.       -4.658025       -4.665094       -4.666422       -30665.81        528618.5       0.9279842E-02         437      248282  0.21061    
       80000   -4.665184        182.8928       0.9999367        1326499.        0.000000        1231957.        1232188.       -4.658034       -4.665094       -4.665053       -30714.61        528528.2       0.9289063E-02         438      248843  0.20547    
       80100   -4.664716       -88.38534       0.9999065        1326411.        0.000000        1231717.        1231679.       -4.658040       -4.665094       -4.662656       -30713.44        528616.0       0.9286061E-02         439      248775  0.20707    
       80200   -4.664758       -229.5487        1.000008        1326181.        0.000000        1231260.        1231081.       -4.658047       -4.665093       -4.663437       -30696.20        528419.4       0.9281497E-02         438      248711  0.20614    
       80300   -4.664129        131.9865       0.9998741        1326313.        0.000000        1230895.        1231090.       -4.658054       -4.665092       -4.664043       -30665.25        528588.8       0.9282751E-02         436      248435  0.20379    
       80400   -4.664570       -156.2971        1.000088        1326157.        0.000000        1231143.        1231049.       -4.658064       -4.665091       -4.665556       -30664.30        528422.7       0.9281621E-02         437      248206  0.20569    
       80500   -4.664599        117.9484        1.000006        1326275.        0.000000        1231404.        1231581.       -4.658074       -4.665091       -4.665969       -30687.87        528515.6       0.9285594E-02         438      248296  0.20681    
       80600   -4.665388        77.04525        1.000158        1326352.        0.000000        1231660.        1231807.       -4.658079       -4.665091       -4.662149       -30707.71        528531.6       0.9285865E-02         438      247166  0.20780    
       80700   -4.664210       -309.0734       0.9997643        1326043.        0.000000        1231149.        1230897.       -4.658078       -4.665090       -4.657401       -30734.09        528345.5       0.9281122E-02         437      248789  0.20655    
       80800   -4.663416       -171.8601       0.9998413        1325871.        0.000000        1230981.        1230867.       -4.658079       -4.665088       -4.659109       -30758.03        528043.1       0.9282351E-02         437      248186  0.20536    
       80900   -4.663460        481.3602        1.000009        1326352.        0.000000        1230993.        1231532.       -4.658077       -4.665086       -4.656174       -30760.35        528399.2       0.9287354E-02         439      248903  0.20493    
       81000   -4.664978       -157.1753        1.000304        1326195.        0.000000        1230964.        1230868.       -4.658076       -4.665086       -4.657431       -30738.94        528330.8       0.9279472E-02         438      248905  0.20502    
       81100   -4.663750       -306.5712       0.9997544        1325888.        0.000000        1230987.        1230741.       -4.658079       -4.665084       -4.660336       -30716.73        528244.3       0.9280851E-02         439      248083  0.20475    
       81200   -4.663524        302.1846       0.9999549        1326190.        0.000000        1231182.        1231533.       -4.658084       -4.665082       -4.662518       -30737.06        528272.8       0.9287186E-02         438      248560  0.20846    
       81300   -4.665019        400.4882        1.000299        1326591.        0.000000        1230979.        1231436.       -4.658095       -4.665082       -4.666418       -30681.33        528518.3       0.9283708E-02         439      248857  0.20406    
       81400   -4.666108        106.3031        1.000218        1326697.        0.000000        1231865.        1232032.       -4.658101       -4.665083       -4.662881       -30718.08        528580.3       0.9286177E-02         438      248507  0.20717    
       81500   -4.665482       -217.3839       0.9998748        1326480.        0.000000        1231504.        1231344.       -4.658108       -4.665084       -4.664260       -30716.81        528456.8       0.9282164E-02         439      249079  0.20648    
       81600   -4.665596        240.6392        1.000023        1326721.        0.000000        1231676.        1231973.       -4.658117       -4.665084       -4.664716       -30720.68        528635.3       0.9286665E-02         438      248751  0.20410    
       81700   -4.666440        186.0134        1.000169        1326907.        0.000000        1232440.        1232686.       -4.658122       -4.665086       -4.662565       -30723.34        528684.9       0.9290471E-02         438      248411  0.20824    
       81800   -4.667439        420.0924        1.000200        1327327.        0.000000        1232308.        1232806.       -4.658134       -4.665089       -4.667442       -30680.19        528856.6       0.9289539E-02         439      249105  0.20742    
       81900   -4.667727       -237.4122        1.000058        1327089.        0.000000        1232520.        1232341.       -4.658147       -4.665092       -4.668662       -30703.92        528822.8       0.9285499E-02         439      248101  0.20791    
       82000   -4.666942       -258.5083       0.9998431        1326831.        0.000000        1232881.        1232686.       -4.658153       -4.665095       -4.663268       -30671.41        528736.1       0.9289608E-02         436      249513  0.20603    
       82100   -4.665641       -407.9606       0.9997399        1326423.        0.000000        1231812.        1231473.       -4.658162       -4.665095       -4.665404       -30660.81        528628.7       0.9282841E-02         437      248743  0.20740    
       82200   -4.664731       -271.3047       0.9998180        1326151.        0.000000        1231131.        1230923.       -4.658173       -4.665095       -4.667013       -30672.06        528642.6       0.9280336E-02         438      248071  0.20411    
       82300   -4.663407       -210.6946       0.9997352        1325941.        0.000000        1231055.        1230898.       -4.658179       -4.665093       -4.663130       -30721.47        528333.9       0.9282645E-02         438      248690  0.20751    
       82400   -4.663891        136.6599        1.000097        1326077.        0.000000        1230744.        1230930.       -4.658183       -4.665091       -4.661978       -30722.43        528438.5       0.9282005E-02         439      248061  0.20507    
       82500   -4.664625        328.7273        1.000147        1326406.        0.000000        1231354.        1231747.       -4.658185       -4.665091       -4.659765       -30744.19        528530.6       0.9286683E-02         437      248583  0.20410    
       82600   -4.665676        270.3133        1.000210        1326676.        0.000000        1231594.        1231920.       -4.658187       -4.665091       -4.659509       -30748.77        528573.6       0.9286125E-02         439      248349  0.20576    
       82700   -4.665873        1.725383        1.000039        1326678.        0.000000        1232233.        1232298.       -4.658189       -4.665092       -4.659889       -30731.66        528502.7       0.9288601E-02         438      248937  0.20646    
       82800   -4.665263       -252.3020       0.9998780        1326426.        0.000000        1231576.        1231388.       -4.658195       -4.665092       -4.662944       -30729.61        528472.7       0.9282913E-02         438      249156  0.20779    
       82900   -4.664672       -257.7323       0.9998818        1326168.        0.000000        1231204.        1231000.       -4.658201       -4.665092       -4.663224       -30695.09        528442.0       0.9281042E-02         439      248784  0.20472    
       83000   -4.664215       -146.6298       0.9999086        1326022.        0.000000        1231175.        1231091.       -4.658214       -4.665091       -4.669158       -30677.95        528485.2       0.9282584E-02         439      249026  0.20752    
       83100   -4.664852        322.7312        1.000127        1326344.        0.000000        1231309.        1231687.       -4.658226       -4.665091       -4.667362       -30742.97        528527.9       0.9285909E-02         438      248217  0.20808    
       83200   -4.663692       -347.9634       0.9997681        1325996.        0.000000        1231183.        1230885.       -4.658230       -4.665089       -4.661968       -30754.86        528393.2       0.9281999E-02         439      248628  0.20380    
       83300   -4.664567        661.8389        1.000175        1326658.        0.000000        1231292.        1232020.       -4.658232       -4.665088       -4.660081       -30748.85        528673.8       0.9288952E-02         437      249298  0.20601    
       83400   -4.666564        213.8520        1.000400        1326872.        0.000000        1231763.        1232044.       -4.658236       -4.665090       -4.661297       -30746.41        528747.0       0.9285372E-02         439      248387  0.20979    
       83500   -4.666603       -334.9045        1.000008        1326537.        0.000000        1231828.        1231554.       -4.658243       -4.665092       -4.663806       -30771.24        528435.4       0.9281603E-02         439      248992  0.20446    
       83600   -4.665204       -12.24506       0.9997202        1326525.        0.000000        1231762.        1231818.       -4.658247       -4.665092       -4.662035       -30737.03        528643.7       0.9286250E-02         438      248567  0.20547    
       83700   -4.665641       -134.0114        1.000087        1326391.        0.000000        1231831.        1231763.       -4.658250       -4.665093       -4.660020       -30787.27        528502.4       0.9284989E-02         437      249163  0.21093    
       83800   -4.666368        273.6877        1.000145        1326665.        0.000000        1232014.        1232348.       -4.658251       -4.665094       -4.659492       -30765.20        528576.8       0.9288111E-02         438      248028  0.20705    
       83900   -4.664793       -626.9085       0.9996851        1326038.        0.000000        1231540.        1230969.       -4.658254       -4.665094       -4.660956       -30721.97        528402.0       0.9280593E-02         439      248316  0.20499    
       84000   -4.664207        226.8912       0.9998829        1326265.        0.000000        1231627.        1231920.       -4.658263       -4.665093       -4.665402       -30719.76        528489.5       0.9288881E-02         438      248610  0.20668    
       84100   -4.664994        149.6013        1.000157        1326414.        0.000000        1231327.        1231526.       -4.658260       -4.665093       -4.656054       -30752.22        528382.7       0.9284376E-02         439      248940  0.20607    
       84200   -4.664974        108.0412       0.9999960        1326522.        0.000000        1231396.        1231563.       -4.658261       -4.665093       -4.658798       -30710.27        528405.7       0.9284733E-02         438      248806  0.20488    
       84300   -4.665238       -182.3424        1.000053        1326340.        0.000000        1231525.        1231400.       -4.658267       -4.665093       -4.663112       -30722.26        528322.3       0.9283071E-02         436      248408  0.20840    
       84400   -4.664842        207.6857       0.9999209        1326547.        0.000000        1230928.        1231203.       -4.658274       -4.665092       -4.664417       -30697.76        528393.0       0.9282309E-02         439      248774  0.20535    
       84500   -4.665788        43.58431        1.000189        1326591.        0.000000        1231672.        1231771.       -4.658282       -4.665093       -4.664965       -30691.06        528500.8       0.9284827E-02         438      248162  0.20407    
       84600   -4.666577        301.8462        1.000158        1326893.        0.000000        1231908.        1232265.       -4.658299       -4.665095       -4.672096       -30663.93        528728.8       0.9287069E-02         436      248339  0.20640    
       84700   -4.666400       -456.4429       0.9999647        1326436.        0.000000        1231501.        1231115.       -4.658315       -4.665097       -4.671776       -30669.14        528560.3       0.9278737E-02         439      248618  0.21121    
       84800   -4.664171       -489.5404       0.9995542        1325947.        0.000000        1231022.        1230591.       -4.658322       -4.665096       -4.664851       -30730.91        528356.8       0.9278933E-02         438      248165  0.20393    
       84900   -4.662679       -328.1523       0.9997017        1325619.        0.000000        1230983.        1230719.       -4.658326       -4.665093       -4.661407       -30701.68        528306.0       0.9282628E-02         439      248424  0.21011    
       85000   -4.663091        634.3823        1.000082        1326253.        0.000000        1231204.        1231899.       -4.658329       -4.665090       -4.661099       -30700.20        528507.4       0.9290809E-02         438      248198  0.20696    
       85100   -4.664536        44.49798        1.000289        1326298.        0.000000        1231202.        1231302.       -4.658338       -4.665090       -4.665238       -30690.46        528427.9       0.9283595E-02         437      248475  0.20420    
       85200   -4.665518       -28.82605        1.000196        1326269.        0.000000        1231825.        1231856.       -4.658348       -4.665090       -4.667352       -30694.25        528357.6       0.9285964E-02         438      248225  0.20762    
       85300   -4.663923       -341.8634       0.9996811        1325927.        0.000000        1231333.        1231049.       -4.658350       -4.665089       -4.659559       -30730.85        528219.8       0.9282837E-02         438      248369  0.20645    
       85400   -4.664416        591.3374        1.000099        1326518.        0.000000        1231408.        1232058.       -4.658358       -4.665088       -4.665231       -30663.93        528440.1       0.9289495E-02         438      249561  0.20513    
       85500   -4.664821       -192.1476        1.000081        1326326.        0.000000        1231645.        1231510.       -4.658366       -4.665087       -4.665260       -30697.79        528396.9       0.9284642E-02         437      249309  0.20850    
       85600   -4.663118       -534.3498       0.9996596        1325792.        0.000000        1230149.        1229685.       -4.658375       -4.665085       -4.665947       -30634.32        528183.3       0.9274010E-02         437      248168  0.20788    
       85700   -4.662575       -23.87556       0.9998913        1325768.        0.000000        1230763.        1230797.       -4.658387       -4.665082       -4.668656       -30686.28        528172.2       0.9283436E-02         437      248944  0.20643    
       85800   -4.662974        188.3667        1.000080        1325956.        0.000000        1230509.        1230761.       -4.658395       -4.665080       -4.665074       -30686.04        528279.5       0.9282415E-02         438      247851  0.20527    
       85900   -4.665088        776.3742        1.000423        1326733.        0.000000        1230752.        1231589.       -4.658404       -4.665080       -4.666086       -30709.31        528545.7       0.9284740E-02         437      248140  0.21130    
       86000   -4.666360       -45.84561        1.000255        1326687.        0.000000        1231689.        1231699.       -4.658412       -4.665081       -4.665610       -30714.42        528524.6       0.9283216E-02         437      248841  0.20575    
       86100   -4.665374       -346.1542       0.9998027        1326341.        0.000000        1231485.        1231188.       -4.658417       -4.665081       -4.662758       -30733.23        528328.9       0.9281124E-02         439      249328  0.20405    
       86200   -4.665362        229.3661       0.9999976        1326570.        0.000000        1231437.        1231728.       -4.658424       -4.665082       -4.663813       -30655.98        528553.4       0.9285272E-02         438      248529  0.20557    
       86300   -4.665160       -130.1093       0.9999597        1326440.        0.000000        1231436.        1231370.       -4.658440       -4.665082       -4.672083       -30672.43        528590.3       0.9282952E-02         439      249157  0.20704    
       86400   -4.665641        190.9342        1.000096        1326631.        0.000000        1231600.        1231851.       -4.658450       -4.665083       -4.667043       -30696.65        528746.4       0.9285672E-02         439      248308  0.20405    
       86500   -4.666099       -93.40958        1.000092        1326537.        0.000000        1231442.        1231415.       -4.658454       -4.665084       -4.661658       -30737.68        528479.5       0.9281484E-02         437      248365  0.21094    
       86600   -4.665490        182.7977       0.9998782        1326720.        0.000000        1232101.        1232350.       -4.658459       -4.665084       -4.663335       -30696.01        528609.8       0.9289743E-02         438      249195  0.20799    
       86700   -4.666156        13.03886        1.000133        1326733.        0.000000        1231770.        1231841.       -4.658462       -4.665086       -4.660536       -30747.50        528672.9       0.9284638E-02         438      249463  0.20538    
       86800   -4.665873       -495.6077       0.9999434        1326238.        0.000000        1231887.        1231449.       -4.658458       -4.665086       -4.655609       -30743.98        528528.5       0.9282239E-02         439      248139  0.20821    
       86900   -4.665322        183.0204       0.9998899        1326421.        0.000000        1231639.        1231881.       -4.658457       -4.665087       -4.657118       -30742.97        528546.6       0.9286477E-02         438      248816  0.21067    
       87000   -4.664082       -608.8366       0.9997520        1325812.        0.000000        1230943.        1230394.       -4.658463       -4.665086       -4.663722       -30711.61        528015.5       0.9277607E-02         439      249229  0.20495    
       87100   -4.662953        152.9151       0.9997742        1325965.        0.000000        1230745.        1230954.       -4.658470       -4.665083       -4.664706       -30684.26        528202.5       0.9283917E-02         438      248166  0.20757    
       87200   -4.663108        128.8063        1.000031        1326094.        0.000000        1230459.        1230638.       -4.658479       -4.665081       -4.665789       -30678.47        528365.0       0.9281229E-02         438      248309  0.20539    
       87300   -4.664056        105.8122        1.000190        1326199.        0.000000        1231032.        1231198.       -4.658483       -4.665080       -4.662359       -30699.26        528460.3       0.9283683E-02         439      248471  0.20917    
       87400   -4.664832        318.0445        1.000155        1326517.        0.000000        1231106.        1231487.       -4.658488       -4.665079       -4.662850       -30726.27        528409.9       0.9284454E-02         438      248674  0.20441    
       87500   -4.665431        338.5000        1.000120        1326856.        0.000000        1231823.        1232211.       -4.658492       -4.665080       -4.662057       -30735.56        528548.3       0.9288770E-02         438      248712  0.20460    
       87600   -4.666003       -543.2038        1.000114        1326313.        0.000000        1232410.        1231931.       -4.658492       -4.665081       -4.658039       -30748.07        528399.3       0.9285649E-02         437      249214  0.20590    
       87700   -4.665240        176.6713       0.9998474        1326489.        0.000000        1231442.        1231682.       -4.658494       -4.665081       -4.660070       -30726.33        528440.8       0.9285153E-02         438      249235  0.20397    
       87800   -4.664799       -306.7305       0.9999119        1326183.        0.000000        1231197.        1230941.       -4.658496       -4.665081       -4.660981       -30709.01        528519.8       0.9280361E-02         439      249019  0.20760    
       87900   -4.665472        562.0666        1.000135        1326745.        0.000000        1231700.        1232325.       -4.658505       -4.665081       -4.665772       -30695.37        528662.0       0.9289624E-02         438      248974  0.20607    
       88000   -4.666975       -137.3151        1.000301        1326607.        0.000000        1231905.        1231831.       -4.658513       -4.665083       -4.665285       -30714.98        528511.3       0.9283009E-02         438      248157  0.20411    
       88100   -4.665694        24.05748       0.9997440        1326631.        0.000000        1232489.        1232576.       -4.658519       -4.665084       -4.663936       -30718.11        528651.8       0.9291019E-02         436      249129  0.20821    
       88200   -4.664928       -316.0987       0.9998468        1326315.        0.000000        1231973.        1231716.       -4.658524       -4.665084       -4.663040       -30696.69        528555.4       0.9285986E-02         439      248691  0.21185    
       88300   -4.664293       -376.0819       0.9998729        1325939.        0.000000        1231310.        1230995.       -4.658537       -4.665083       -4.670290       -30646.22        528335.0       0.9281737E-02         437      248875  0.20397    
       88400   -4.663291        69.73893       0.9997997        1326009.        0.000000        1230520.        1230652.       -4.658549       -4.665081       -4.668516       -30689.47        528360.0       0.9280993E-02         437      247913  0.20811    
       88500   -4.664235        280.5985        1.000189        1326290.        0.000000        1230579.        1230916.       -4.658561       -4.665080       -4.668850       -30688.10        528451.7       0.9281219E-02         439      248450  0.20678    
       88600   -4.664680        307.6339        1.000089        1326597.        0.000000        1230802.        1231163.       -4.658568       -4.665079       -4.665268       -30723.28        528628.8       0.9282242E-02         437      248595  0.20877    
       88700   -4.666545        407.0136        1.000373        1327004.        0.000000        1231848.        1232324.       -4.658568       -4.665081       -4.658098       -30762.70        528861.9       0.9287588E-02         437      249266  0.20604    
       88800   -4.667116       -436.2382        1.000114        1326568.        0.000000        1232452.        1232076.       -4.658566       -4.665083       -4.657122       -30755.75        528613.9       0.9284659E-02         437      248993  0.20666    
       88900   -4.664740       -435.5036       0.9995248        1326133.        0.000000        1231338.        1230970.       -4.658564       -4.665083       -4.656561       -30734.74        528554.4       0.9280721E-02         436      248345  0.21011    
       89000   -4.664155        394.0782       0.9998830        1326527.        0.000000        1231597.        1232052.       -4.658566       -4.665082       -4.660503       -30730.63        528559.4       0.9289969E-02         439      248277  0.20408    
       89100   -4.665010       -178.0573        1.000171        1326349.        0.000000        1231275.        1231168.       -4.658570       -4.665082       -4.662409       -30719.13        528400.3       0.9281722E-02         437      248856  0.20525    
       89200   -4.665657        205.0054        1.000129        1326554.        0.000000        1231457.        1231718.       -4.658579       -4.665082       -4.665791       -30702.83        528505.2       0.9284637E-02         439      248774  0.20468    
       89300   -4.665205       -12.43476       0.9999095        1326541.        0.000000        1231646.        1231699.       -4.658584       -4.665083       -4.663217       -30715.83        528442.8       0.9285324E-02         439      248989  0.20412    
       89400   -4.665116       -341.8946       0.9999823        1326199.        0.000000        1231840.        1231563.       -4.658587       -4.665083       -4.661579       -30677.75        528379.8       0.9284483E-02         438      248672  0.20845    
       89500   -4.663290       -459.6081       0.9996348        1325740.        0.000000        1231041.        1230646.       -4.658595       -4.665081       -4.665186       -30678.15        528163.7       0.9280928E-02         438      248207  0.20925    
       89600   -4.662163        39.36588       0.9997747        1325779.        0.000000        1230566.        1230670.       -4.658600       -4.665077       -4.663297       -30669.84        528241.8       0.9283208E-02         439      248074  0.20346    
       89700   -4.661806       -345.2272       0.9999286        1325434.        0.000000        1230583.        1230300.       -4.658609       -4.665074       -4.666354       -30696.36        528114.0       0.9281156E-02         437      247653  0.20805    
       89800   -4.662399        608.7224        1.000119        1326043.        0.000000        1230948.        1231615.       -4.658616       -4.665070       -4.665389       -30696.58        528311.9       0.9289949E-02         438      248976  0.20724    
       89900   -4.663916        251.3008        1.000303        1326294.        0.000000        1230494.        1230819.       -4.658630       -4.665069       -4.671317       -30673.84        528422.7       0.9281142E-02         439      248901  0.20886    
       90000   -4.665425        46.26825        1.000302        1326340.        0.000000        1231070.        1231178.       -4.658646       -4.665070       -4.672383       -30659.96        528534.6       0.9281022E-02         437      249098  0.20713    
       90100   -4.665018        109.9815       0.9999186        1326450.        0.000000        1231452.        1231618.       -4.658659       -4.665069       -4.670154       -30674.69        528595.4       0.9285065E-02         438      247997  0.20859    
       90200   -4.665366       -19.94190        1.000070        1326430.        0.000000        1231053.        1231100.       -4.658669       -4.665070       -4.667832       -30712.34        528498.1       0.9280561E-02         438      248944  0.20946    
       90300   -4.666139        470.3014        1.000154        1326900.        0.000000        1231265.        1231791.       -4.658675       -4.665071       -4.664422       -30710.35        528666.2       0.9284294E-02         438      248375  0.20410    
       90400   -4.666546        49.69294        1.000082        1326950.        0.000000        1231971.        1232083.       -4.658680       -4.665073       -4.662675       -30713.57        528460.4       0.9285770E-02         438      248990  0.20539    
       90500   -4.665797       -588.1563       0.9998502        1326362.        0.000000        1231759.        1231224.       -4.658683       -4.665074       -4.661634       -30704.06        528362.8       0.9280613E-02         439      248819  0.20601    
       90600   -4.665787        182.4570       0.9999979        1326544.        0.000000        1231920.        1232171.       -4.658689       -4.665074       -4.663899       -30692.98        528601.5       0.9287841E-02         436      248286  0.20780    
       90700   -4.665950       -8.103172        1.000033        1326536.        0.000000        1231943.        1231997.       -4.658693       -4.665075       -4.662024       -30713.63        528453.1       0.9286213E-02         437      248292  0.20807    
       90800   -4.665354        27.84607       0.9998808        1326564.        0.000000        1231365.        1231451.       -4.658697       -4.665076       -4.662795       -30690.50        528557.4       0.9283143E-02         439      248766  0.20741    
       90900   -4.665936        195.0881        1.000116        1326759.        0.000000        1232352.        1232610.       -4.658704       -4.665077       -4.664728       -30703.88        528583.8       0.9290905E-02         438      248422  0.20614    
       91000   -4.667004       -124.3860        1.000214        1326635.        0.000000        1231851.        1231790.       -4.658709       -4.665079       -4.662778       -30676.30        528607.7       0.9282683E-02         438      248740  0.20617    
       91100   -4.665809       -419.7847       0.9997611        1326215.        0.000000        1232332.        1231969.       -4.658716       -4.665080       -4.665188       -30659.53        528505.2       0.9286236E-02         437      249041  0.20788    
       91200   -4.664847        355.8641       0.9998076        1326571.        0.000000        1231507.        1231919.       -4.658731       -4.665079       -4.672395       -30629.96        528548.8       0.9287592E-02         437      248651  0.20633    
       91300   -4.665061       -284.0459        1.000043        1326287.        0.000000        1231349.        1231125.       -4.658742       -4.665079       -4.669169       -30663.72        528368.1       0.9281295E-02         438      248589  0.20646    
       91400   -4.664970        92.16817       0.9999818        1326379.        0.000000        1231663.        1231813.       -4.658751       -4.665079       -4.666341       -30738.23        528324.5       0.9286645E-02         438      247847  0.20619    
       91500   -4.665067        128.8325        1.000019        1326508.        0.000000        1232063.        1232246.       -4.658757       -4.665079       -4.664709       -30732.43        528469.6       0.9289762E-02         439      249075  0.20929    
       91600   -4.666932        646.2232        1.000373        1327154.        0.000000        1232081.        1232772.       -4.658764       -4.665081       -4.665220       -30765.25        528763.4       0.9290167E-02         439      249174  0.20608    
       91700   -4.668314        175.9273        1.000276        1327330.        0.000000        1232490.        1232729.       -4.658771       -4.665085       -4.664833       -30727.40        528823.6       0.9287373E-02         437      249139  0.20641    
       91800   -4.667754       -503.4324       0.9998878        1326827.        0.000000        1232429.        1231994.       -4.658779       -4.665088       -4.665700       -30710.99        528723.0       0.9282823E-02         438      248548  0.20576    
       91900   -4.665278       -720.4830       0.9995050        1326106.        0.000000        1231240.        1230585.       -4.658785       -4.665088       -4.664635       -30725.95        528586.8       0.9276802E-02         438      248271  0.20670    
       92000   -4.664541        120.9834       0.9998526        1326227.        0.000000        1231531.        1231714.       -4.658791       -4.665087       -4.663752       -30709.93        528616.1       0.9286640E-02         437      248798  0.20608    
       92100   -4.664481        110.4943       0.9999881        1326338.        0.000000        1231510.        1231677.       -4.658791       -4.665087       -4.659318       -30715.23        528639.3       0.9286544E-02         437      248923  0.20803    
       92200   -4.665695        616.9244        1.000243        1326955.        0.000000        1231272.        1231950.       -4.658796       -4.665087       -4.663468       -30717.05        528789.0       0.9286349E-02         439      248798  0.20407    
       92300   -4.667420        263.1036        1.000345        1327218.        0.000000        1231841.        1232165.       -4.658806       -4.665090       -4.667463       -30707.47        528948.4       0.9284744E-02         439      248772  0.21237    
       92400   -4.667852       -375.2932        1.000086        1326842.        0.000000        1232286.        1231979.       -4.658811       -4.665093       -4.663542       -30758.86        528764.3       0.9282555E-02         439      248877  0.20615    
       92500   -4.666814       -43.58318       0.9997925        1326799.        0.000000        1232263.        1232277.       -4.658812       -4.665095       -4.659560       -30762.20        528699.5       0.9286689E-02         437      248404  0.20446    
       92600   -4.665642       -356.6269       0.9997657        1326442.        0.000000        1231731.        1231436.       -4.658810       -4.665096       -4.656857       -30752.59        528469.5       0.9282562E-02         439      248325  0.20537    
       92700   -4.664503       -274.3770       0.9997722        1326168.        0.000000        1230829.        1230619.       -4.658808       -4.665095       -4.657111       -30726.50        528348.3       0.9278499E-02         435      248714  0.20590    
       92800   -4.664196       -166.2893       0.9999387        1326001.        0.000000        1231484.        1231370.       -4.658809       -4.665094       -4.659972       -30710.47        528259.1       0.9284685E-02         438      248614  0.20586    
       92900   -4.663975        219.2495       0.9999558        1326221.        0.000000        1231067.        1231348.       -4.658812       -4.665093       -4.661439       -30722.49        528384.8       0.9285007E-02         438      248612  0.20595    
       93000   -4.664258        180.1706        1.000057        1326401.        0.000000        1231340.        1231583.       -4.658814       -4.665092       -4.660357       -30744.48        528392.1       0.9286259E-02         439      249078  0.20698    
       93100   -4.664373       -68.95509        1.000023        1326332.        0.000000        1230872.        1230856.       -4.658814       -4.665091       -4.659027       -30747.35        528372.9       0.9280499E-02         438      249287  0.20822    
       93200   -4.665222        208.0753        1.000170        1326540.        0.000000        1231683.        1231959.       -4.658817       -4.665091       -4.661337       -30710.63        528306.0       0.9287302E-02         438      249628  0.20399    
       93300   -4.665516       -236.5877        1.000059        1326303.        0.000000        1231897.        1231714.       -4.658824       -4.665092       -4.665713       -30686.17        528342.0       0.9284873E-02         437      248293  0.20912    
       93400   -4.663831       -283.4358       0.9996630        1326020.        0.000000        1230951.        1230731.       -4.658832       -4.665090       -4.666103       -30666.96        528184.2       0.9280573E-02         438      248752  0.20668    
       93500   -4.664208        145.0271        1.000075        1326165.        0.000000        1230830.        1231038.       -4.658842       -4.665089       -4.668415       -30662.49        528570.0       0.9282186E-02         437      248535  0.20429    
       93600   -4.664071       -370.9066       0.9999727        1325794.        0.000000        1231006.        1230690.       -4.658853       -4.665088       -4.668931       -30660.21        528178.8       0.9279867E-02         439      248632  0.20809    
       93700   -4.662819       -44.59710       0.9997497        1325750.        0.000000        1230334.        1230344.       -4.658866       -4.665086       -4.670637       -30621.85        528253.4       0.9279578E-02         439      247819  0.20578    
       93800   -4.662555      -0.5858172       0.9999472        1325749.        0.000000        1230582.        1230647.       -4.658879       -4.665083       -4.670981       -30612.59        528379.1       0.9282348E-02         437      248886  0.20407    
       93900   -4.663016        129.7440        1.000092        1325879.        0.000000        1230520.        1230703.       -4.658891       -4.665081       -4.670196       -30646.40        528507.8       0.9281887E-02         437      249623  0.20747    
       94000   -4.663668        169.6940        1.000130        1326048.        0.000000        1231097.        1231328.       -4.658900       -4.665079       -4.666890       -30676.17        528449.5       0.9285417E-02         436      248037  0.20713    
       94100   -4.663161        167.7792       0.9998986        1326216.        0.000000        1230639.        1230867.       -4.658905       -4.665077       -4.664132       -30705.02        528675.2       0.9282846E-02         436      248955  0.20382    
       94200   -4.665350        766.5687        1.000438        1326983.        0.000000        1231109.        1231940.       -4.658907       -4.665077       -4.661025       -30695.81        528902.8       0.9286875E-02         439      249579  0.20646    
       94300   -4.666122       -635.8690        1.000154        1326347.        0.000000        1231328.        1230755.       -4.658914       -4.665078       -4.665512       -30687.75        528565.2       0.9276543E-02         439      247554  0.20997    
       94400   -4.664146       -184.3482       0.9996051        1326162.        0.000000        1231378.        1231257.       -4.658921       -4.665077       -4.665161       -30652.90        528430.3       0.9283949E-02         439      248693  0.20382    
       94500   -4.663710        1.489528       0.9999126        1326164.        0.000000        1230988.        1231055.       -4.658930       -4.665076       -4.667115       -30638.76        528394.6       0.9283285E-02         439      248487  0.20917    
       94600   -4.664714        221.1455        1.000201        1326385.        0.000000        1231033.        1231301.       -4.658945       -4.665076       -4.672695       -30636.13        528561.5       0.9283253E-02         438      249085  0.20661    
       94700   -4.664902        85.33471        1.000038        1326470.        0.000000        1231342.        1231486.       -4.658956       -4.665075       -4.669340       -30673.08        528554.8       0.9284250E-02         438      248040  0.20617    
       94800   -4.664480       -347.1841       0.9999157        1326123.        0.000000        1232038.        1231740.       -4.658966       -4.665075       -4.668393       -30673.90        528384.6       0.9286984E-02         439      248803  0.20426    
       94900   -4.664141        402.7696       0.9999322        1326526.        0.000000        1231562.        1232026.       -4.658975       -4.665074       -4.667835       -30681.02        528423.4       0.9289855E-02         439      248561  0.20715    
       95000   -4.665374        49.28833        1.000246        1326575.        0.000000        1231216.        1231326.       -4.658986       -4.665074       -4.668889       -30674.99        528424.3       0.9282252E-02         438      249581  0.20509    
       95100   -4.664845       -303.2988       0.9998944        1326272.        0.000000        1230977.        1230728.       -4.658997       -4.665074       -4.669491       -30681.41        528498.8       0.9278647E-02         438      248413  0.20662    
       95200   -4.664660        98.55934       0.9999630        1326371.        0.000000        1231248.        1231405.       -4.659009       -4.665073       -4.670267       -30685.27        528388.5       0.9284099E-02         438      249258  0.20691    
       95300   -4.665703        381.3843        1.000209        1326752.        0.000000        1231396.        1231831.       -4.659018       -4.665074       -4.668247       -30694.95        528571.9       0.9285375E-02         438      249106  0.20623    
       95400   -4.665900       -383.7165        1.000039        1326368.        0.000000        1231362.        1231047.       -4.659028       -4.665075       -4.667792       -30678.84        528516.7       0.9279156E-02         437      248202  0.20451    
       95500   -4.664711       -188.9709       0.9997622        1326179.        0.000000        1230884.        1230751.       -4.659042       -4.665075       -4.672345       -30662.56        528518.6       0.9279101E-02         438      248988  0.20764    
       95600   -4.663770       -203.5921       0.9998119        1325976.        0.000000        1230810.        1230665.       -4.659053       -4.665073       -4.669562       -30670.61        528233.4       0.9280160E-02         438      249059  0.20584    
       95700   -4.664781        529.2235        1.000202        1326505.        0.000000        1231302.        1231894.       -4.659064       -4.665073       -4.669474       -30665.56        528727.8       0.9287600E-02         438      248608  0.20435    
       95800   -4.664786       -149.1018        1.000001        1326356.        0.000000        1231168.        1231073.       -4.659072       -4.665073       -4.666358       -30697.89        528611.9       0.9281437E-02         437      248298  0.20679    
       95900   -4.664737       -165.2477       0.9999902        1326191.        0.000000        1231094.        1230985.       -4.659081       -4.665072       -4.668071       -30672.16        528400.8       0.9280757E-02         438      249342  0.20939    
       96000   -4.664227       -85.67726       0.9998980        1326105.        0.000000        1230839.        1230809.       -4.659093       -4.665071       -4.670089       -30657.01        528491.1       0.9280436E-02         438      248677  0.20952    
       96100   -4.664153        160.9789       0.9999852        1326266.        0.000000        1231010.        1231231.       -4.659103       -4.665070       -4.668674       -30698.22        528516.8       0.9283805E-02         437      248916  0.20382    
       96200   -4.664268       -326.8075        1.000023        1325939.        0.000000        1231301.        1231029.       -4.659110       -4.665069       -4.665989       -30691.29        528410.7       0.9282036E-02         439      248461  0.20556    
       96300   -4.664084        180.2176       0.9999631        1326119.        0.000000        1230753.        1230988.       -4.659116       -4.665068       -4.665285       -30691.92        528480.9       0.9282032E-02         437      248772  0.20673    
       96400   -4.664380        186.7306        1.000059        1326306.        0.000000        1231256.        1231501.       -4.659124       -4.665068       -4.666608       -30692.67        528352.0       0.9285356E-02         438      247926  0.20364    
       96500   -4.664751       -233.9208        1.000074        1326072.        0.000000        1231527.        1231357.       -4.659129       -4.665067       -4.663651       -30730.57        528312.2       0.9283647E-02         439      249091  0.20666    
       96600   -4.662962       -586.8707       0.9996422        1325485.        0.000000        1230565.        1230043.       -4.659128       -4.665065       -4.658216       -30737.73        528198.1       0.9277031E-02         436      247997  0.20703    
       96700   -4.661901        56.22914       0.9997880        1325541.        0.000000        1230146.        1230270.       -4.659127       -4.665062       -4.658492       -30713.42        528117.3       0.9280735E-02         437      248366  0.20886    
       96800   -4.662392        212.3098        1.000098        1325754.        0.000000        1230556.        1230824.       -4.659127       -4.665059       -4.658882       -30728.87        528255.3       0.9283939E-02         438      248541  0.20528    
       96900   -4.663413        470.7763        1.000204        1326225.        0.000000        1230648.        1231172.       -4.659131       -4.665057       -4.663309       -30730.06        528389.5       0.9284678E-02         438      248942  0.20644    
       97000   -4.664444        178.6837        1.000206        1326403.        0.000000        1231467.        1231713.       -4.659134       -4.665057       -4.662100       -30703.85        528470.0       0.9286852E-02         436      248062  0.20434    
       97100   -4.664830       -81.58774        1.000077        1326322.        0.000000        1232054.        1232024.       -4.659137       -4.665056       -4.661941       -30732.28        528513.9       0.9288502E-02         439      247773  0.20680    
       97200   -4.664606        51.58344       0.9999552        1326373.        0.000000        1231246.        1231362.       -4.659141       -4.665056       -4.663046       -30726.07        528487.0       0.9283914E-02         437      248428  0.20645    
       97300   -4.664531       -141.8264       0.9999849        1326231.        0.000000        1231613.        1231522.       -4.659150       -4.665055       -4.667134       -30723.27        528285.1       0.9285224E-02         438      248550  0.20394    
       97400   -4.664995        252.4516        1.000093        1326484.        0.000000        1231126.        1231434.       -4.659153       -4.665055       -4.662501       -30749.47        528526.6       0.9283718E-02         438      248795  0.20661    
       97500   -4.665617        98.41435        1.000124        1326582.        0.000000        1231738.        1231895.       -4.659156       -4.665056       -4.662326       -30724.17        528681.4       0.9286085E-02         438      248689  0.20680    
       97600   -4.665343       -373.8625       0.9999453        1326208.        0.000000        1231609.        1231291.       -4.659159       -4.665056       -4.662083       -30714.70        528358.4       0.9282014E-02         439      248230  0.20764    
       97700   -4.665678        546.9454        1.000067        1326755.        0.000000        1231438.        1232042.       -4.659160       -4.665057       -4.659190       -30757.48        528626.4       0.9287095E-02         438      249302  0.20415    
       97800   -4.666037       -410.6754        1.000072        1326345.        0.000000        1231315.        1230971.       -4.659159       -4.665058       -4.658784       -30731.37        528557.5       0.9278312E-02         439      248377  0.20614    
       97900   -4.665134        87.37939       0.9998194        1326432.        0.000000        1231338.        1231486.       -4.659165       -4.665058       -4.665102       -30682.59        528559.7       0.9283884E-02         439      248571  0.20789    
       98000   -4.665333       -355.2920        1.000040        1326077.        0.000000        1232184.        1231890.       -4.659179       -4.665058       -4.672304       -30662.01        528500.5       0.9286500E-02         437      248865  0.20380    
       98100   -4.663610       -142.3648       0.9996555        1325934.        0.000000        1231269.        1231194.       -4.659191       -4.665057       -4.670667       -30676.60        528306.7       0.9284455E-02         438      248632  0.20941    
       98200   -4.663284        225.1070       0.9999347        1326159.        0.000000        1231349.        1231634.       -4.659200       -4.665055       -4.668745       -30703.03        528531.2       0.9288458E-02         438      248986  0.20701    
       98300   -4.664827        94.89486        1.000309        1326254.        0.000000        1231748.        1231903.       -4.659208       -4.665055       -4.666512       -30710.87        528382.1       0.9287569E-02         438      248316  0.20407    
       98400   -4.665256        334.0491        1.000086        1326588.        0.000000        1231243.        1231649.       -4.659215       -4.665055       -4.665775       -30677.67        528615.4       0.9284883E-02         439      249015  0.20874    
       98500   -4.665562       -228.1209        1.000061        1326360.        0.000000        1231286.        1231114.       -4.659220       -4.665055       -4.664890       -30702.33        528325.8       0.9280287E-02         438      248340  0.20876    
       98600   -4.665478       -7.884088       0.9999832        1326352.        0.000000        1232353.        1232404.       -4.659228       -4.665056       -4.666729       -30671.88        528393.9       0.9290114E-02         438      248122  0.20521    
       98700   -4.664590       -189.1982       0.9998224        1326163.        0.000000        1231543.        1231417.       -4.659235       -4.665055       -4.666263       -30683.07        528172.9       0.9284349E-02         439      248632  0.20972    
       98800   -4.662736       -597.1044       0.9996293        1325566.        0.000000        1230521.        1229987.       -4.659244       -4.665053       -4.667886       -30649.39        528088.3       0.9277027E-02         438      248313  0.20612    
       98900   -4.662635        221.1461       0.9999799        1325787.        0.000000        1231164.        1231445.       -4.659256       -4.665050       -4.670436       -30669.92        528095.5       0.9288166E-02         436      247864  0.20358    
       99000   -4.662534       -26.40633       0.9999798        1325761.        0.000000        1230364.        1230399.       -4.659263       -4.665048       -4.666622       -30681.62        528197.2       0.9280509E-02         438      248367  0.20547    
       99100   -4.663582        557.4070        1.000209        1326318.        0.000000        1230703.        1231318.       -4.659275       -4.665046       -4.670777       -30651.15        528493.8       0.9285484E-02         439      247915  0.20736    
       99200   -4.663866       -148.6551        1.000057        1326170.        0.000000        1230766.        1230689.       -4.659280       -4.665045       -4.664487       -30680.09        528388.0       0.9280250E-02         438      248244  0.20435    
       99300   -4.664286        6.522411        1.000084        1326176.        0.000000        1231454.        1231517.       -4.659283       -4.665044       -4.662458       -30733.02        528208.5       0.9285664E-02         439      247674  0.20422    
       99400   -4.664423        126.6581        1.000027        1326303.        0.000000        1230757.        1230934.       -4.659290       -4.665044       -4.665542       -30657.47        528345.7       0.9281035E-02         438      248535  0.20464    
       99500   -4.664356       -164.4364       0.9999866        1326138.        0.000000        1231230.        1231133.       -4.659304       -4.665043       -4.673488       -30632.02        528232.8       0.9282665E-02         438      249055  0.20608    
       99600   -4.663070       -265.9042       0.9997429        1325872.        0.000000        1231161.        1230963.       -4.659317       -4.665041       -4.672074       -30637.29        528153.6       0.9283780E-02         438      248127  0.20398    
       99700   -4.664166        586.9775        1.000219        1326459.        0.000000        1230768.        1231407.       -4.659329       -4.665040       -4.670850       -30674.84        528468.3       0.9285017E-02         438      248906  0.20644    
       99800   -4.665512        137.7344        1.000269        1326597.        0.000000        1232149.        1232348.       -4.659335       -4.665040       -4.665842       -30713.59        528567.0       0.9289676E-02         437      248121  0.20922    
       99900   -4.665681       -114.2035        1.000034        1326483.        0.000000        1231896.        1231840.       -4.659337       -4.665041       -4.661587       -30762.06        528588.0       0.9285522E-02         438      247728  0.20595    
      100000   -4.665413       -61.80234       0.9999465        1326421.        0.000000        1231625.        1231623.       -4.659338       -4.665041       -4.660252       -30719.38        528414.2       0.9284416E-02         439      248571  0.20868    
      100100   -4.665149       -86.74451       0.9999470        1326334.        0.000000        1231515.        1231491.       -4.659343       -4.665042       -4.663850       -30716.68        528343.8       0.9283866E-02         438      248404  0.20516    
      100200   -4.665145        363.4542       0.9999993        1326698.        0.000000        1231399.        1231825.       -4.659349       -4.665042       -4.665573       -30689.38        528714.7       0.9286397E-02         438      248739  0.20428    
      100300   -4.665586       -146.9557        1.000088        1326551.        0.000000        1231583.        1231490.       -4.659356       -4.665042       -4.665958       -30694.19        528714.8       0.9283023E-02         438      248476  0.20760    
      100400   -4.664788       -650.1009       0.9998404        1325901.        0.000000        1230862.        1230279.       -4.659363       -4.665042       -4.666098       -30693.15        528442.7       0.9275416E-02         438      248358  0.21513    
      100500   -4.663063       -111.8991       0.9996549        1325789.        0.000000        1231112.        1231057.       -4.659368       -4.665040       -4.665236       -30687.63        528191.6       0.9284444E-02         439      249026  0.20385    
      100600   -4.662842        182.8617       0.9999559        1325972.        0.000000        1230903.        1231138.       -4.659373       -4.665038       -4.663621       -30677.20        528315.2       0.9285488E-02         438      248642  0.20624    
      100700   -4.663280        9.590842        1.000087        1325981.        0.000000        1231053.        1231119.       -4.659379       -4.665036       -4.665381       -30663.12        528212.6       0.9284481E-02         439      248976  0.20984    
      100800   -4.664651        334.5498        1.000274        1326316.        0.000000        1231470.        1231863.       -4.659389       -4.665036       -4.669373       -30659.35        528469.6       0.9287596E-02         439      248882  0.20813    
      100900   -4.664556       -252.3108       0.9999810        1326064.        0.000000        1231041.        1230847.       -4.659400       -4.665035       -4.671036       -30688.18        528489.1       0.9280130E-02         438      248206  0.20401    
      101000   -4.663838        132.8328       0.9998564        1326196.        0.000000        1230977.        1231172.       -4.659406       -4.665034       -4.665240       -30696.03        528387.0       0.9283916E-02         438      248878  0.20596    
      101100   -4.664269        42.65787        1.000086        1326239.        0.000000        1231241.        1231347.       -4.659409       -4.665033       -4.662337       -30743.37        528368.3       0.9284436E-02         437      249113  0.20802    
      101200   -4.664823        202.3360        1.000111        1326441.        0.000000        1231408.        1231672.       -4.659408       -4.665033       -4.658776       -30742.32        528392.3       0.9285864E-02         439      248198  0.20397    
      101300   -4.665882        122.8446        1.000212        1326564.        0.000000        1231898.        1232090.       -4.659408       -4.665034       -4.659349       -30752.21        528550.6       0.9287054E-02         436      247945  0.21074    
      101400   -4.665827        16.83591       0.9999890        1326581.        0.000000        1231386.        1231461.       -4.659405       -4.665035       -4.656377       -30741.26        528618.2       0.9282413E-02         438      248551  0.20686    
      101500   -4.664925       -172.0785       0.9998196        1326409.        0.000000        1231557.        1231442.       -4.659403       -4.665034       -4.656907       -30743.45        528338.1       0.9283880E-02         439      248243  0.20368    
      101600   -4.664048       -243.2265       0.9998246        1326166.        0.000000        1230661.        1230472.       -4.659401       -4.665033       -4.657016       -30755.05        528248.3       0.9278177E-02         438      248342  0.20875    
      101700   -4.664238        19.51678        1.000038        1326185.        0.000000        1231281.        1231357.       -4.659401       -4.665033       -4.659559       -30730.53        528434.5       0.9284576E-02         438      248404  0.20624    
      101800   -4.664244        109.6106        1.000001        1326295.        0.000000        1231375.        1231542.       -4.659406       -4.665032       -4.664951       -30675.97        528631.1       0.9285898E-02         438      249211  0.20410    
      101900   -4.663878       -358.4992       0.9999269        1325936.        0.000000        1230825.        1230539.       -4.659413       -4.665031       -4.666541       -30661.44        528450.0       0.9279058E-02         439      247947  0.20494    
      102000   -4.662221       -309.1941       0.9996687        1325627.        0.000000        1230582.        1230332.       -4.659419       -4.665028       -4.665716       -30650.59        528147.8       0.9280553E-02         438      248457  0.20813    
      102100   -4.662979        329.1819        1.000151        1325956.        0.000000        1230829.        1231214.       -4.659427       -4.665026       -4.666908       -30665.09        528328.2       0.9285810E-02         438      248839  0.20387    
      102200   -4.663037        66.65841        1.000012        1326023.        0.000000        1230482.        1230608.       -4.659433       -4.665024       -4.665995       -30658.92        528540.8       0.9281118E-02         438      248886  0.20747    
      102300   -4.662074       -454.9636       0.9998075        1325568.        0.000000        1230405.        1230014.       -4.659446       -4.665021       -4.672693       -30578.64        528375.0       0.9278457E-02         437      248037  0.20868    
      102400   -4.662148        165.7072        1.000015        1325734.        0.000000        1229794.        1230013.       -4.659464       -4.665018       -4.677593       -30556.29        528561.0       0.9278301E-02         438      248451  0.20911    
      102500   -4.663541        519.1969        1.000278        1326253.        0.000000        1230215.        1230795.       -4.659480       -4.665017       -4.675148       -30643.80        528488.9       0.9281635E-02         439      248477  0.20411    
      102600   -4.664794        31.51495        1.000251        1326285.        0.000000        1231089.        1231179.       -4.659491       -4.665016       -4.671109       -30660.94        528622.3       0.9282174E-02         438      248303  0.20978    
      102700   -4.664678       -108.0419       0.9999768        1326177.        0.000000        1231282.        1231234.       -4.659497       -4.665016       -4.665153       -30681.47        528574.3       0.9282815E-02         439      248546  0.20604    
      102800   -4.664313       -61.49412       0.9999270        1326115.        0.000000        1231588.        1231590.       -4.659501       -4.665015       -4.664406       -30687.85        528447.5       0.9286180E-02         438      247958  0.20509    
      102900   -4.664116        168.4343       0.9999606        1326283.        0.000000        1231796.        1232027.       -4.659503       -4.665014       -4.660706       -30729.14        528337.0       0.9289815E-02         438      248370  0.20902    
      103000   -4.663938       -277.2646       0.9999644        1326006.        0.000000        1230835.        1230612.       -4.659506       -4.665013       -4.662821       -30691.01        528348.9       0.9279450E-02         436      249033  0.21001    
      103100   -4.664561        625.6713        1.000125        1326632.        0.000000        1231140.        1231831.       -4.659509       -4.665013       -4.662649       -30748.04        528547.7       0.9287482E-02         437      248561  0.20395    
      103200   -4.665761       -172.2021        1.000240        1326460.        0.000000        1231849.        1231733.       -4.659511       -4.665014       -4.662211       -30742.84        528531.3       0.9284559E-02         439      248837  0.20479    
      103300   -4.665465        2.114664       0.9999409        1326462.        0.000000        1231566.        1231627.       -4.659515       -4.665014       -4.663328       -30697.36        528622.2       0.9284352E-02         438      249143  0.20735    
      103400   -4.665595       -137.8390        1.000026        1326324.        0.000000        1231692.        1231605.       -4.659525       -4.665015       -4.669806       -30669.05        528445.2       0.9283914E-02         439      248255  0.20368    
      103500   -4.664090       -312.2544       0.9996990        1326012.        0.000000        1230604.        1230357.       -4.659539       -4.665014       -4.673319       -30663.50        528284.0       0.9277293E-02         438      248115  0.20552    
      103600   -4.663900        410.4577       0.9999619        1326422.        0.000000        1231043.        1231513.       -4.659547       -4.665013       -4.668359       -30664.17        528637.7       0.9286329E-02         437      248633  0.21131    
      103700   -4.665157       -79.30533        1.000251        1326343.        0.000000        1231609.        1231585.       -4.659553       -4.665013       -4.665884       -30660.81        528729.4       0.9284564E-02         438      248389  0.20554    
      103800   -4.664551       -212.9600       0.9998788        1326130.        0.000000        1231372.        1231216.       -4.659560       -4.665012       -4.665944       -30683.57        528553.2       0.9282884E-02         438      247784  0.20382    
      103900   -4.663154       -230.2135       0.9997208        1325900.        0.000000        1231154.        1230982.       -4.659564       -4.665010       -4.664408       -30669.71        528399.7       0.9283751E-02         439      249038  0.20595    
      104000   -4.662423       -237.7232       0.9998537        1325662.        0.000000        1230653.        1230470.       -4.659569       -4.665008       -4.664819       -30679.64        528125.0       0.9281257E-02         437      249227  0.20378    
      104100   -4.662861        397.7486        1.000088        1326060.        0.000000        1230153.        1230606.       -4.659575       -4.665006       -4.665413       -30674.83        528221.3       0.9281451E-02         438      249018  0.20399    
      104200   -4.664980        512.5588        1.000424        1326572.        0.000000        1230494.        1231070.       -4.659585       -4.665006       -4.669952       -30669.46        528345.0       0.9280999E-02         437      248331  0.20368    
      104300   -4.665083       -557.8512        1.000021        1326014.        0.000000        1231469.        1230967.       -4.659594       -4.665006       -4.668916       -30650.94        528273.7       0.9280038E-02         437      248561  0.20454    
      104400   -4.663714        177.2668       0.9997262        1326192.        0.000000        1230730.        1230967.       -4.659607       -4.665005       -4.673131       -30651.58        528249.4       0.9282621E-02         437      248453  0.20385    
      104500   -4.663253       -310.4802       0.9999078        1325881.        0.000000        1229999.        1229747.       -4.659618       -4.665003       -4.670668       -30659.06        528356.2       0.9274283E-02         438      248781  0.20944    
      104600   -4.663424        301.5758        1.000034        1326183.        0.000000        1230889.        1231252.       -4.659625       -4.665001       -4.666740       -30706.62        528480.4       0.9285264E-02         437      249012  0.20603    
      104700   -4.663991        140.5237        1.000113        1326323.        0.000000        1230932.        1231130.       -4.659627       -4.665000       -4.662504       -30693.65        528519.1       0.9283326E-02         438      249190  0.20421    
      104800   -4.665030        115.1439        1.000208        1326438.        0.000000        1231533.        1231705.       -4.659632       -4.665000       -4.664387       -30724.11        528472.2       0.9285704E-02         438      247911  0.20717    
      104900   -4.665944        440.6051        1.000183        1326879.        0.000000        1231376.        1231867.       -4.659636       -4.665001       -4.663362       -30739.75        528819.7       0.9285217E-02         439      248665  0.20631    
      105000   -4.666774       -85.28944        1.000166        1326794.        0.000000        1232049.        1232023.       -4.659634       -4.665003       -4.658315       -30760.05        528989.7       0.9284893E-02         439      248356  0.20444    
      105100   -4.666878        305.9181        1.000021        1327100.        0.000000        1232329.        1232694.       -4.659629       -4.665005       -4.654086       -30786.10        528989.0       0.9289691E-02         438      249087  0.20522    
      105200   -4.666947       -499.7792        1.000014        1326600.        0.000000        1231842.        1231402.       -4.659629       -4.665007       -4.659647       -30720.44        528742.2       0.9279887E-02         438      248097  0.20721    
      105300   -4.665090       -201.0143       0.9996287        1326399.        0.000000        1231830.        1231693.       -4.659637       -4.665007       -4.667650       -30666.00        528602.8       0.9285519E-02         438      247583  0.20460    
      105400   -4.665276        185.5353        1.000037        1326584.        0.000000        1231268.        1231516.       -4.659646       -4.665007       -4.669560       -30666.06        528698.4       0.9283866E-02         437      248677  0.20882    
      105500   -4.665597        9.489559        1.000064        1326594.        0.000000        1231137.        1231209.       -4.659655       -4.665008       -4.668525       -30683.80        528566.8       0.9280948E-02         439      247966  0.20773    
      105600   -4.665988       -18.09075        1.000078        1326576.        0.000000        1231843.        1231880.       -4.659660       -4.665009       -4.665435       -30673.10        528743.1       0.9285213E-02         438      248843  0.20815    
      105700   -4.665077       -423.5998       0.9998177        1326152.        0.000000        1232315.        1231960.       -4.659661       -4.665009       -4.660587       -30714.33        528380.9       0.9287557E-02         438      248051  0.20389    
      105800   -4.663398       -230.4241       0.9996644        1325922.        0.000000        1231036.        1230866.       -4.659661       -4.665007       -4.659432       -30700.67        528120.3       0.9282403E-02         437      248741  0.20698    
      105900   -4.663862        31.68846        1.000093        1325953.        0.000000        1231133.        1231217.       -4.659668       -4.665006       -4.666867       -30666.85        528392.0       0.9284182E-02         438      247562  0.21477    
      106000   -4.664059        225.9785        1.000040        1326179.        0.000000        1230593.        1230883.       -4.659673       -4.665005       -4.665749       -30669.94        528544.6       0.9281298E-02         436      247973  0.20380    
      106100   -4.664817        507.8594        1.000152        1326687.        0.000000        1231748.        1232318.       -4.659681       -4.665005       -4.667159       -30702.95        528673.1       0.9290709E-02         439      248067  0.20766    
      106200   -4.665921       -18.57569        1.000221        1326669.        0.000000        1231501.        1231533.       -4.659686       -4.665006       -4.665106       -30691.51        528672.5       0.9282766E-02         438      248736  0.20604    
      106300   -4.666377        29.64209        1.000091        1326698.        0.000000        1232205.        1232291.       -4.659693       -4.665007       -4.666954       -30689.98        528655.2       0.9287631E-02         439      248326  0.20402    
      106400   -4.665260       -526.6322       0.9997766        1326172.        0.000000        1232157.        1231684.       -4.659702       -4.665007       -4.669334       -30656.83        528469.7       0.9285087E-02         438      248034  0.20918    
      106500   -4.663584       -51.16105       0.9996649        1326121.        0.000000        1230947.        1230955.       -4.659711       -4.665006       -4.669652       -30655.23        528427.8       0.9282723E-02         437      248112  0.20845    
      106600   -4.664381        20.03317        1.000159        1326141.        0.000000        1231179.        1231253.       -4.659718       -4.665005       -4.666925       -30678.09        528348.5       0.9283526E-02         438      248323  0.20364    
      106700   -4.664076        130.9666       0.9999389        1326272.        0.000000        1231012.        1231207.       -4.659721       -4.665004       -4.662823       -30732.00        528488.2       0.9283693E-02         437      248603  0.20458    
      106800   -4.664921       -20.19002        1.000169        1326251.        0.000000        1231455.        1231499.       -4.659721       -4.665004       -4.659611       -30708.48        528368.9       0.9284382E-02         438      247721  0.20781    
      106900   -4.664492       -13.60735       0.9999142        1326238.        0.000000        1230809.        1230856.       -4.659724       -4.665004       -4.663273       -30659.25        528411.8       0.9280330E-02         437      248128  0.20696    
      107000   -4.664828        187.4938        1.000067        1326425.        0.000000        1231398.        1231651.       -4.659731       -4.665004       -4.666505       -30677.16        528590.5       0.9285675E-02         438      248035  0.20805    
      107100   -4.664374       -208.9933       0.9999092        1326216.        0.000000        1231567.        1231419.       -4.659737       -4.665003       -4.666715       -30666.06        528363.4       0.9284820E-02         436      248272  0.20849    
      107200   -4.663606       -280.5092       0.9998463        1325936.        0.000000        1230781.        1230559.       -4.659745       -4.665002       -4.668241       -30671.46        528405.1       0.9279737E-02         437      248228  0.20578    
      107300   -4.664377        420.2100        1.000154        1326356.        0.000000        1231411.        1231901.       -4.659750       -4.665001       -4.665494       -30696.47        528349.8       0.9288455E-02         436      248824  0.20357    
      107400   -4.664610       -103.4711        1.000047        1326252.        0.000000        1230925.        1230880.       -4.659753       -4.665001       -4.662109       -30684.61        528492.2       0.9280265E-02         438      248248  0.20765    
      107500   -4.665924        540.8636        1.000263        1326793.        0.000000        1231271.        1231879.       -4.659755       -4.665002       -4.662051       -30666.26        528607.3       0.9285379E-02         438      248796  0.20739    
      107600   -4.666322        135.9969        1.000080        1326929.        0.000000        1232142.        1232331.       -4.659761       -4.665003       -4.666200       -30693.80        528548.4       0.9288030E-02         439      249070  0.20403    
      107700   -4.666029       -261.0107       0.9999414        1326668.        0.000000        1231940.        1231740.       -4.659765       -4.665004       -4.664684       -30692.69        528592.3       0.9284152E-02         438      249172  0.20642    
      107800   -4.665632       -210.8590       0.9999207        1326457.        0.000000        1231770.        1231619.       -4.659769       -4.665005       -4.663420       -30661.93        528475.3       0.9283952E-02         439      248540  0.20418    
      107900   -4.665255        73.59050       0.9999246        1326531.        0.000000        1231171.        1231308.       -4.659776       -4.665005       -4.667715       -30669.64        528495.2       0.9282278E-02         435      248106  0.20374    
      108000   -4.665504       -26.22850        1.000050        1326505.        0.000000        1231916.        1231956.       -4.659781       -4.665005       -4.664299       -30699.44        528511.4       0.9286712E-02         437      248697  0.20612    
      108100   -4.665286       -167.6695       0.9999565        1326337.        0.000000        1231365.        1231255.       -4.659784       -4.665006       -4.663419       -30704.44        528474.2       0.9281812E-02         437      248806  0.21145    
      108200   -4.665140        228.5797       0.9999707        1326566.        0.000000        1231708.        1232002.       -4.659783       -4.665006       -4.658825       -30735.94        528416.5       0.9287754E-02         437      248930  0.20379    
      108300   -4.666120        177.4069        1.000196        1326743.        0.000000        1231174.        1231409.       -4.659789       -4.665007       -4.666110       -30671.85        528607.3       0.9281486E-02         439      249124  0.20717    
      108400   -4.666399        15.78896        1.000056        1326759.        0.000000        1232024.        1232102.       -4.659793       -4.665008       -4.663685       -30705.24        528677.1       0.9286162E-02         438      248252  0.20519    
      108500   -4.666887        38.21585        1.000098        1326797.        0.000000        1232302.        1232404.       -4.659798       -4.665010       -4.665862       -30669.03        528792.1       0.9287572E-02         438      247718  0.20438    
      108600   -4.665648       -317.7972       0.9997521        1326479.        0.000000        1232356.        1232097.       -4.659803       -4.665010       -4.665388       -30703.21        528521.8       0.9287532E-02         437      248890  0.20572    
      108700   -4.663961       -510.9355       0.9996628        1325968.        0.000000        1231520.        1231079.       -4.659809       -4.665009       -4.665862       -30665.72        528375.3       0.9282957E-02         438      249073  0.20622    
      108800   -4.663598        17.43431       0.9999273        1325986.        0.000000        1231023.        1231108.       -4.659813       -4.665008       -4.664369       -30691.57        528275.2       0.9283894E-02         439      248916  0.20707    
      108900   -4.664145        311.6754        1.000109        1326298.        0.000000        1231048.        1231423.       -4.659814       -4.665007       -4.660666       -30697.29        528462.8       0.9285261E-02         439      248901  0.20368    
      109000   -4.665663        382.7069        1.000304        1326680.        0.000000        1231136.        1231574.       -4.659815       -4.665008       -4.660655       -30736.37        528596.0       0.9283532E-02         439      248537  0.20510    
      109100   -4.665949       -559.3284        1.000057        1326121.        0.000000        1232099.        1231604.       -4.659815       -4.665009       -4.659872       -30729.26        528458.8       0.9283198E-02         438      248446  0.20590    
      109200   -4.663819       -165.7629       0.9995742        1325955.        0.000000        1231732.        1231630.       -4.659816       -4.665008       -4.661055       -30726.87        528396.4       0.9287382E-02         438      248400  0.20501    
      109300   -4.663994        408.8229        1.000035        1326364.        0.000000        1230934.        1231400.       -4.659822       -4.665007       -4.666203       -30698.16        528628.7       0.9285327E-02         439      248121  0.20509    
      109400   -4.665267        146.8586        1.000255        1326511.        0.000000        1231536.        1231748.       -4.659828       -4.665007       -4.666453       -30723.73        528576.0       0.9285669E-02         438      248005  0.20509    
      109500   -4.665917        55.28362        1.000130        1326566.        0.000000        1231303.        1231412.       -4.659831       -4.665008       -4.662730       -30697.00        528504.4       0.9281883E-02         438      248693  0.20365    
      109600   -4.664815       -609.7364       0.9997797        1325956.        0.000000        1232385.        1231831.       -4.659837       -4.665008       -4.666663       -30688.43        528291.5       0.9287039E-02         438      248233  0.20599    
      109700   -4.663366        80.39349       0.9997103        1326037.        0.000000        1230775.        1230913.       -4.659844       -4.665006       -4.667042       -30680.36        528309.0       0.9282808E-02         438      248733  0.20607    
      109800   -4.663328       -79.74236       0.9999923        1325957.        0.000000        1230735.        1230717.       -4.659847       -4.665005       -4.663806       -30714.32        528356.8       0.9281438E-02         438      249178  0.20413    
      109900   -4.664312        596.2902        1.000197        1326553.        0.000000        1230352.        1231000.       -4.659850       -4.665004       -4.663080       -30690.51        528558.3       0.9281718E-02         436      248328  0.20810    
      110000   -4.665617       -12.57669        1.000261        1326541.        0.000000        1231667.        1231712.       -4.659856       -4.665004       -4.665884       -30647.21        528716.6       0.9284729E-02         439      248968  0.21170    
      110100   -4.665773       -95.05663        1.000031        1326446.        0.000000        1232283.        1232261.       -4.659865       -4.665005       -4.669640       -30655.45        528662.1       0.9288567E-02         439      248518  0.20612    
      110200   -4.664740       -112.4360       0.9997933        1326333.        0.000000        1231193.        1231136.       -4.659870       -4.665005       -4.665930       -30669.21        528580.2       0.9281965E-02         438      248428  0.20472    
      110300   -4.665139        154.0386        1.000080        1326487.        0.000000        1231655.        1231861.       -4.659875       -4.665005       -4.665569       -30665.87        528633.7       0.9286648E-02         438      248039  0.20594    
      110400   -4.665946        140.3396        1.000161        1326628.        0.000000        1231936.        1232128.       -4.659883       -4.665006       -4.668249       -30662.73        528556.6       0.9287146E-02         438      249300  0.20761    
      110500   -4.665096       -483.5058       0.9998301        1326144.        0.000000        1231321.        1230903.       -4.659892       -4.665006       -4.669364       -30680.50        528250.0       0.9279554E-02         439      247919  0.20359    
      110600   -4.663828       -143.7061       0.9997463        1326000.        0.000000        1231232.        1231146.       -4.659895       -4.665005       -4.663184       -30726.25        528196.6       0.9283747E-02         437      248335  0.20464    
      110700   -4.664115        442.4157        1.000057        1326443.        0.000000        1230961.        1231466.       -4.659893       -4.665004       -4.657999       -30701.63        528404.8       0.9285665E-02         439      248695  0.20941    
      110800   -4.664111       -395.2406       0.9999992        1326048.        0.000000        1231495.        1231167.       -4.659894       -4.665003       -4.660743       -30711.46        528187.0       0.9283415E-02         437      247932  0.20338    
      110900   -4.663875        308.3352       0.9999528        1326356.        0.000000        1230793.        1231165.       -4.659893       -4.665002       -4.658591       -30730.35        528281.6       0.9283821E-02         437      248183  0.20977    
      111000   -4.665003        123.6899        1.000225        1326480.        0.000000        1231293.        1231472.       -4.659891       -4.665002       -4.658748       -30705.18        528493.6       0.9284012E-02         439      248475  0.20619    
      111100   -4.665013       -46.81618        1.000002        1326433.        0.000000        1231172.        1231192.       -4.659890       -4.665002       -4.658530       -30732.73        528547.3       0.9281852E-02         435      248493  0.20386    
      111200   -4.665705        253.2083        1.000138        1326686.        0.000000        1231841.        1232155.       -4.659891       -4.665003       -4.660785       -30722.42        528548.2       0.9287885E-02         438      249068  0.20613    
      111300   -4.665489       -187.0436       0.9999567        1326499.        0.000000        1231367.        1231242.       -4.659894       -4.665003       -4.663091       -30716.84        528607.0       0.9281368E-02         438      248297  0.21234    
      111400   -4.665618        231.3732        1.000026        1326730.        0.000000        1231792.        1232083.       -4.659897       -4.665004       -4.663369       -30729.67        528578.6       0.9287415E-02         439      248657  0.20381    
      111500   -4.665943       -20.05544        1.000065        1326710.        0.000000        1231952.        1231994.       -4.659898       -4.665005       -4.661070       -30746.51        528713.6       0.9286174E-02         438      248747  0.20668    
      111600   -4.665462       -191.9732       0.9999037        1326518.        0.000000        1231528.        1231401.       -4.659898       -4.665005       -4.660058       -30726.98        528531.8       0.9282600E-02         438      248167  0.20581    
      111700   -4.667089        523.7395        1.000325        1327042.        0.000000        1231921.        1232505.       -4.659901       -4.665007       -4.662890       -30763.78        528625.0       0.9287943E-02         438      248968  0.20540    
      111800   -4.667078       -248.0798       0.9999979        1326794.        0.000000        1232340.        1232151.       -4.659904       -4.665009       -4.663173       -30782.55        528565.0       0.9285248E-02         435      248208  0.20493    
      111900   -4.665733       -440.8503       0.9997311        1326353.        0.000000        1232361.        1231986.       -4.659903       -4.665010       -4.659079       -30728.00        528574.6       0.9286564E-02         437      248998  0.20806    
      112000   -4.664377       -324.9858       0.9997288        1326028.        0.000000        1231781.        1231523.       -4.659907       -4.665009       -4.664111       -30693.53        528368.8       0.9285568E-02         438      248166  0.20815    
      112100   -4.663398        65.53214       0.9998042        1326094.        0.000000        1231192.        1231317.       -4.659909       -4.665008       -4.662523       -30719.05        528462.8       0.9285849E-02         439      248954  0.20407    
      112200   -4.664159        200.6491        1.000152        1326294.        0.000000        1231249.        1231504.       -4.659913       -4.665007       -4.663623       -30666.74        528728.3       0.9285794E-02         439      248823  0.20600    
      112300   -4.663580       -471.6802       0.9998844        1325823.        0.000000        1230504.        1230093.       -4.659921       -4.665006       -4.669726       -30667.91        528328.1       0.9276252E-02         436      248047  0.20650    
      112400   -4.663501        417.3566       0.9999841        1326240.        0.000000        1231293.        1231769.       -4.659931       -4.665004       -4.671033       -30677.91        528466.9       0.9289029E-02         439      247180  0.20728    
      112500   -4.664913        121.2373        1.000283        1326361.        0.000000        1231677.        1231857.       -4.659941       -4.665004       -4.670284       -30670.16        528459.1       0.9287040E-02         438      248425  0.20496    
      112600   -4.665831        582.6186        1.000184        1326944.        0.000000        1232220.        1232868.       -4.659951       -4.665005       -4.671393       -30682.91        528698.9       0.9293012E-02         437      248231  0.20519    
      112700   -4.667877        313.8129        1.000409        1327258.        0.000000        1232609.        1232980.       -4.659963       -4.665007       -4.673779       -30674.26        528933.2       0.9290080E-02         439      249136  0.20434    
      112800   -4.667154       -582.5998       0.9998556        1326675.        0.000000        1232978.        1232455.       -4.659974       -4.665009       -4.671892       -30650.69        528738.7       0.9287424E-02         438      247860  0.20582    
      112900   -4.665554       -366.7883       0.9996800        1326308.        0.000000        1232287.        1231981.       -4.659986       -4.665010       -4.673439       -30666.47        528481.6       0.9286810E-02         438      248833  0.20489    
      113000   -4.665640        421.9515        1.000017        1326730.        0.000000        1231771.        1232255.       -4.659993       -4.665010       -4.667782       -30706.86        528606.3       0.9288712E-02         438      248748  0.20411    
      113100   -4.666315       -157.8225        1.000135        1326572.        0.000000        1231915.        1231816.       -4.660001       -4.665012       -4.669388       -30667.26        528558.6       0.9284173E-02         437      248500  0.20924    
      113200   -4.665032       -368.6644       0.9997435        1326204.        0.000000        1231711.        1231409.       -4.660007       -4.665012       -4.666896       -30680.81        528526.1       0.9283510E-02         438      248097  0.20910    
      113300   -4.663736        107.5411       0.9997407        1326311.        0.000000        1230640.        1230805.       -4.660012       -4.665010       -4.665562       -30698.50        528568.8       0.9281344E-02         438      249144  0.20641    
      113400   -4.664598        76.77547        1.000172        1326388.        0.000000        1230884.        1231021.       -4.660015       -4.665010       -4.662456       -30698.41        528421.6       0.9281401E-02         438      248274  0.20385    
      113500   -4.663883       -325.0983       0.9998570        1326063.        0.000000        1230452.        1230184.       -4.660016       -4.665009       -4.662176       -30688.54        528195.3       0.9276367E-02         437      249580  0.20812    
      113600   -4.662833       -229.7068       0.9997900        1325833.        0.000000        1230595.        1230425.       -4.660017       -4.665007       -4.660776       -30690.35        528119.8       0.9280088E-02         439      248313  0.20522    
      113700   -4.663397        226.7898        1.000113        1326060.        0.000000        1231420.        1231707.       -4.660018       -4.665006       -4.660571       -30717.03        528341.2       0.9288790E-02         438      248287  0.20376    
      113800   -4.663887        122.2719        1.000098        1326182.        0.000000        1230782.        1230968.       -4.660019       -4.665005       -4.661086       -30717.27        528331.3       0.9282342E-02         438      247550  0.21031    
      113900   -4.665076        249.2811        1.000238        1326432.        0.000000        1231406.        1231718.       -4.660024       -4.665005       -4.666353       -30702.50        528354.1       0.9285725E-02         439      249093  0.20711    
      114000   -4.664481       -401.3315       0.9998810        1326030.        0.000000        1231297.        1230952.       -4.660028       -4.665004       -4.664201       -30690.75        528459.9       0.9281049E-02         438      248682  0.20699    
      114100   -4.664279        142.8537       0.9999596        1326173.        0.000000        1231572.        1231775.       -4.660034       -4.665004       -4.667369       -30699.86        528463.2       0.9287632E-02         438      248180  0.20761    
      114200   -4.665584        469.4951        1.000261        1326643.        0.000000        1231445.        1231977.       -4.660038       -4.665004       -4.664472       -30728.66        528625.1       0.9286753E-02         438      248378  0.20726    
      114300   -4.665737       -75.23175        1.000031        1326567.        0.000000        1231585.        1231581.       -4.660043       -4.665005       -4.665800       -30689.92        528633.2       0.9283523E-02         439      248734  0.20436    
      114400   -4.665685        26.03141       0.9999894        1326593.        0.000000        1230998.        1231085.       -4.660051       -4.665005       -4.668265       -30656.61        528720.1       0.9279831E-02         437      248555  0.20706    
      114500   -4.665008       -503.2699       0.9998648        1326090.        0.000000        1231512.        1231073.       -4.660061       -4.665005       -4.671389       -30628.13        528243.5       0.9280998E-02         437      248444  0.20571    
      114600   -4.663694       -27.96748       0.9997371        1326062.        0.000000        1231118.        1231150.       -4.660071       -4.665004       -4.672510       -30641.89        528284.5       0.9284001E-02         438      248330  0.20641    
      114700   -4.664451        404.9681        1.000152        1326467.        0.000000        1230980.        1231445.       -4.660081       -4.665004       -4.670812       -30655.21        528362.3       0.9284833E-02         438      248260  0.21044    
      114800   -4.664987        132.3359        1.000107        1326599.        0.000000        1231586.        1231781.       -4.660085       -4.665004       -4.664823       -30714.87        528585.2       0.9286346E-02         438      250064  0.20559    
      114900   -4.665271       -234.1805        1.000057        1326365.        0.000000        1231081.        1230901.       -4.660086       -4.665004       -4.661423       -30699.79        528488.6       0.9279224E-02         438      249080  0.20597    
      115000   -4.664964        208.3098       0.9999387        1326574.        0.000000        1231562.        1231821.       -4.660090       -4.665004       -4.664183       -30709.22        528613.3       0.9286727E-02         438      248609  0.20417    
      115100   -4.665180       -54.94243        1.000043        1326519.        0.000000        1231302.        1231315.       -4.660094       -4.665004       -4.664348       -30700.58        528482.4       0.9282515E-02         439      247289  0.20770    
      115200   -4.665595       -17.51969        1.000083        1326501.        0.000000        1231965.        1231999.       -4.660099       -4.665005       -4.666717       -30703.18        528545.8       0.9286856E-02         438      248452  0.20835    
      115300   -4.664054       -519.9175       0.9996917        1325981.        0.000000        1230715.        1230256.       -4.660102       -4.665004       -4.662706       -30710.04        528229.6       0.9276603E-02         439      247976  0.20473    
      115400   -4.664051        261.4732       0.9999995        1326243.        0.000000        1231162.        1231482.       -4.660100       -4.665003       -4.658508       -30736.75        528434.5       0.9285848E-02         437      247784  0.20661    
      115500   -4.664543        182.6213        1.000098        1326425.        0.000000        1231474.        1231718.       -4.660101       -4.665003       -4.661334       -30734.56        528474.1       0.9286735E-02         437      248185  0.20654    
      115600   -4.665375        188.1156        1.000166        1326613.        0.000000        1231109.        1231354.       -4.660104       -4.665003       -4.662772       -30709.29        528536.9       0.9282432E-02         439      249043  0.20418    
      115700   -4.665725       -179.2939        1.000070        1326434.        0.000000        1231812.        1231696.       -4.660109       -4.665003       -4.666718       -30638.72        528554.6       0.9284377E-02         439      249326  0.20832    
      115800   -4.665589        94.63239       0.9999726        1326529.        0.000000        1231958.        1232114.       -4.660120       -4.665004       -4.672474       -30628.77        528663.4       0.9287745E-02         439      247969  0.20760    
      115900   -4.665114        65.52334       0.9999050        1326594.        0.000000        1231150.        1231271.       -4.660131       -4.665004       -4.672999       -30663.99        528701.8       0.9282235E-02         439      248778  0.20425    
      116000   -4.664890       -92.18741       0.9999553        1326502.        0.000000        1231097.        1231058.       -4.660137       -4.665004       -4.667263       -30679.75        528614.8       0.9281091E-02         439      248354  0.20458    
      116100   -4.666644        588.8818        1.000351        1327091.        0.000000        1232264.        1232916.       -4.660145       -4.665005       -4.668609       -30690.15        528708.2       0.9291875E-02         439      248680  0.20925    
      116200   -4.666423       -445.6964       0.9999558        1326645.        0.000000        1232157.        1231774.       -4.660152       -4.665007       -4.668633       -30683.02        528634.5       0.9283690E-02         437      249498  0.20397    
      116300   -4.665336       -406.6185       0.9997827        1326239.        0.000000        1231233.        1230884.       -4.660158       -4.665007       -4.667164       -30685.33        528405.2       0.9278984E-02         438      248345  0.20569    
      116400   -4.663970       -310.3109       0.9997267        1325928.        0.000000        1231143.        1230892.       -4.660163       -4.665006       -4.665453       -30683.47        528222.6       0.9281475E-02         439      247993  0.20805    
      116500   -4.663589        162.8764       0.9999239        1326091.        0.000000        1231147.        1231368.       -4.660169       -4.665005       -4.666979       -30697.54        528253.1       0.9285820E-02         439      248648  0.20403    
      116600   -4.663866       -15.02727        1.000055        1326076.        0.000000        1231045.        1231082.       -4.660172       -4.665004       -4.664398       -30686.03        528191.0       0.9283162E-02         437      248047  0.20561    
      116700   -4.663984       -29.76624        1.000024        1326046.        0.000000        1230701.        1230736.       -4.660176       -4.665003       -4.664568       -30690.16        528335.2       0.9280366E-02         438      247029  0.20714    
      116800   -4.664177        123.8701        1.000039        1326170.        0.000000        1231345.        1231534.       -4.660177       -4.665002       -4.661722       -30697.44        528268.1       0.9285994E-02         438      247875  0.20488    
      116900   -4.663528       -436.4927       0.9998704        1325734.        0.000000        1230943.        1230580.       -4.660180       -4.665001       -4.662986       -30681.77        528225.2       0.9280045E-02         437      248121  0.20509    
      117000   -4.663691        512.3209        1.000033        1326246.        0.000000        1230857.        1231430.       -4.660183       -4.665000       -4.663359       -30683.94        528342.4       0.9286138E-02         439      249130  0.21004    
      117100   -4.665190       -16.00057        1.000300        1326230.        0.000000        1231731.        1231774.       -4.660183       -4.665000       -4.661090       -30719.53        528333.8       0.9285892E-02         439      248439  0.20839    
      117200   -4.664367       -180.0944       0.9998353        1326050.        0.000000        1231437.        1231314.       -4.660182       -4.664999       -4.658090       -30705.98        528492.8       0.9283938E-02         438      248221  0.20408    
      117300   -4.664523        220.6259        1.000031        1326271.        0.000000        1231359.        1231641.       -4.660181       -4.664999       -4.658969       -30747.20        528390.9       0.9286131E-02         438      248054  0.20581    
      117400   -4.664056       -213.4839       0.9999066        1326057.        0.000000        1230958.        1230800.       -4.660181       -4.664998       -4.661039       -30726.98        528397.0       0.9280703E-02         438      247515  0.20671    
      117500   -4.665046        647.2570        1.000198        1326704.        0.000000        1231414.        1232135.       -4.660181       -4.664998       -4.659902       -30755.64        528607.2       0.9288892E-02         439      248237  0.20586    
      117600   -4.666390        235.4382        1.000269        1326940.        0.000000        1231233.        1231534.       -4.660181       -4.664999       -4.660651       -30733.49        528729.9       0.9281866E-02         439      248751  0.20611    
      117700   -4.666135       -467.4226       0.9999489        1326472.        0.000000        1232539.        1232136.       -4.660184       -4.665000       -4.663570       -30682.42        528641.2       0.9286862E-02         437      247966  0.20821    
      117800   -4.665528       -99.71034       0.9998785        1326373.        0.000000        1231890.        1231855.       -4.660194       -4.665001       -4.671101       -30681.61        528445.6       0.9285891E-02         438      247589  0.20885    
      117900   -4.666179        443.0240        1.000130        1326816.        0.000000        1231572.        1232078.       -4.660201       -4.665002       -4.669144       -30694.31        528592.4       0.9286419E-02         439      248161  0.20553    
      118000   -4.666469       -80.38540        1.000058        1326735.        0.000000        1231590.        1231558.       -4.660207       -4.665003       -4.667025       -30704.08        528515.1       0.9281936E-02         438      247948  0.20779    
      118100   -4.666317        59.78164       0.9999697        1326795.        0.000000        1232123.        1232241.       -4.660211       -4.665004       -4.664957       -30700.05        528675.8       0.9287345E-02         436      248317  0.21216    
      118200   -4.665850       -299.8558       0.9999065        1326495.        0.000000        1231602.        1231359.       -4.660215       -4.665005       -4.664962       -30709.08        528617.1       0.9281585E-02         438      248350  0.20447    
      118300   -4.664971       -72.47033       0.9998243        1326423.        0.000000        1231342.        1231328.       -4.660219       -4.665005       -4.664753       -30710.31        528580.1       0.9282960E-02         437      248427  0.20561    
      118400   -4.664275       -203.8339       0.9998609        1326219.        0.000000        1231149.        1231010.       -4.660223       -4.665004       -4.665092       -30705.52        528505.5       0.9281886E-02         439      248342  0.20991    
      118500   -4.663810       -288.2161       0.9999069        1325931.        0.000000        1230802.        1230569.       -4.660227       -4.665003       -4.664854       -30681.02        528515.7       0.9279431E-02         436      248649  0.20408    
      118600   -4.664146        254.4124        1.000067        1326185.        0.000000        1231196.        1231502.       -4.660227       -4.665003       -4.660516       -30721.46        528608.5       0.9285803E-02         435      248361  0.20498    
      118700   -4.664614        20.09816        1.000094        1326205.        0.000000        1231334.        1231411.       -4.660226       -4.665002       -4.658376       -30738.35        528528.6       0.9284226E-02         438      248552  0.20529    
      118800   -4.664271       -112.1655       0.9999314        1326093.        0.000000        1230862.        1230802.       -4.660221       -4.665002       -4.654513       -30747.48        528545.5       0.9280304E-02         438      249121  0.20393    
      118900   -4.665574        733.1160        1.000261        1326826.        0.000000        1231188.        1231983.       -4.660219       -4.665002       -4.657576       -30748.94        528809.5       0.9286800E-02         438      248376  0.20969    
      119000   -4.666729       -80.74003        1.000231        1326746.        0.000000        1232204.        1232185.       -4.660221       -4.665004       -4.663117       -30708.99        528520.3       0.9286208E-02         438      248829  0.20941    
      119100   -4.665445       -528.8974       0.9997431        1326217.        0.000000        1231936.        1231470.       -4.660224       -4.665004       -4.663572       -30714.06        528411.5       0.9283169E-02         439      248699  0.20432    
      119200   -4.663785        20.53128       0.9996681        1326237.        0.000000        1231206.        1231281.       -4.660229       -4.665003       -4.666465       -30681.28        528633.3       0.9284808E-02         439      248354  0.21100    
      119300   -4.665333        285.7299        1.000310        1326523.        0.000000        1231338.        1231687.       -4.660234       -4.665003       -4.665790       -30695.25        528600.1       0.9285062E-02         439      248272  0.20624    
      119400   -4.665738        19.34767        1.000081        1326542.        0.000000        1231604.        1231689.       -4.660239       -4.665004       -4.666021       -30674.54        528606.9       0.9284239E-02         439      248945  0.20531    
      119500   -4.665037        138.7154       0.9998597        1326681.        0.000000        1231288.        1231473.       -4.660245       -4.665004       -4.667109       -30648.64        528831.4       0.9283854E-02         438      248124  0.20565    
      119600   -4.666448        12.57449        1.000282        1326694.        0.000000        1232165.        1232234.       -4.660257       -4.665005       -4.675365       -30645.35        528872.4       0.9287049E-02         438      248651  0.20463    
      119700   -4.665996       -262.7452       0.9999095        1326431.        0.000000        1231553.        1231348.       -4.660269       -4.665006       -4.673741       -30633.28        528607.4       0.9281197E-02         438      248449  0.20714    
      119800   -4.665038       -123.9804       0.9998085        1326307.        0.000000        1231799.        1231729.       -4.660277       -4.665006       -4.670053       -30648.41        528536.2       0.9285879E-02         437      248739  0.20384    
      119900   -4.664455        170.3921       0.9998833        1326477.        0.000000        1231705.        1231940.       -4.660282       -4.665006       -4.666499       -30677.13        528676.9       0.9288543E-02         439      248456  0.21251    
      120000   -4.665281       -15.26509        1.000165        1326462.        0.000000        1231630.        1231668.       -4.660290       -4.665006       -4.669346       -30657.46        528359.0       0.9284970E-02         438      248889  0.20647    
      120100   -4.664332       -345.8811       0.9998103        1326116.        0.000000        1231630.        1231346.       -4.660297       -4.665005       -4.668964       -30634.88        528266.3       0.9284309E-02         437      249123  0.20395    
      120200   -4.664042       -110.2831       0.9999420        1326006.        0.000000        1231504.        1231461.       -4.660304       -4.665004       -4.668703       -30685.82        528114.4       0.9285728E-02         438      248682  0.20766    
      120300   -4.663688        315.1819       0.9999291        1326321.        0.000000        1230876.        1231256.       -4.660305       -4.665003       -4.661497       -30710.75        528278.7       0.9284845E-02         438      248356  0.21155    
      120400   -4.664852        252.3789        1.000233        1326573.        0.000000        1231195.        1231520.       -4.660305       -4.665003       -4.660710       -30724.86        528390.2       0.9284681E-02         439      248329  0.20428    
      120500   -4.666244        422.4519        1.000278        1326996.        0.000000        1231982.        1232461.       -4.660308       -4.665004       -4.663772       -30709.59        528615.5       0.9289199E-02         436      249098  0.20773    
      120600   -4.667343       -9.690884        1.000220        1326986.        0.000000        1232196.        1232247.       -4.660312       -4.665006       -4.665027       -30683.17        528662.9       0.9285545E-02         439      248559  0.20555    
      120700   -4.666765       -261.8999       0.9998844        1326724.        0.000000        1231956.        1231753.       -4.660318       -4.665008       -4.667557       -30679.65        528766.9       0.9282837E-02         438      248108  0.20482    
      120800   -4.665626       -436.2879       0.9997723        1326288.        0.000000        1231651.        1231272.       -4.660323       -4.665008       -4.665818       -30665.58        528493.6       0.9281359E-02         438      247988  0.20565    
      120900   -4.664688       -268.2477       0.9998123        1326020.        0.000000        1231997.        1231786.       -4.660332       -4.665008       -4.670673       -30648.65        528254.4       0.9286915E-02         439      249308  0.21292    
      121000   -4.663414       -37.17064       0.9997452        1325982.        0.000000        1231003.        1231028.       -4.660339       -4.665007       -4.669111       -30660.69        528183.8       0.9283621E-02         438      248711  0.20729    
      121100   -4.664404        461.1394        1.000198        1326444.        0.000000        1230981.        1231497.       -4.660346       -4.665006       -4.668703       -30670.08        528380.2       0.9285321E-02         438      248823  0.20638    
      121200   -4.665247        19.45382        1.000169        1326463.        0.000000        1231253.        1231333.       -4.660352       -4.665006       -4.667657       -30688.86        528372.8       0.9282497E-02         439      248628  0.20693    
      121300   -4.665895        57.76907        1.000130        1326521.        0.000000        1232011.        1232132.       -4.660356       -4.665007       -4.665805       -30716.05        528473.6       0.9287313E-02         438      248811  0.20948    
      121400   -4.664836       -232.9247       0.9997882        1326288.        0.000000        1231379.        1231208.       -4.660360       -4.665007       -4.664681       -30696.18        528507.2       0.9282331E-02         438      247677  0.20419    
      121500   -4.663983       -319.2669       0.9998295        1325969.        0.000000        1231504.        1231247.       -4.660365       -4.665006       -4.666330       -30671.28        528411.0       0.9284189E-02         439      248302  0.20540    
      121600   -4.664261        458.4622        1.000055        1326427.        0.000000        1231176.        1231690.       -4.660370       -4.665005       -4.667078       -30681.11        528467.6       0.9286967E-02         439      248451  0.20610    
      121700   -4.665823        357.8590        1.000312        1326785.        0.000000        1231215.        1231627.       -4.660378       -4.665006       -4.669865       -30684.91        528758.1       0.9283604E-02         439      248077  0.20413    
      121800   -4.666758        31.51675        1.000187        1326816.        0.000000        1231415.        1231512.       -4.660384       -4.665007       -4.666781       -30671.79        528787.2       0.9281033E-02         436      248600  0.20604    
      121900   -4.666055       -339.0042       0.9998596        1326477.        0.000000        1231236.        1230949.       -4.660387       -4.665008       -4.664077       -30685.90        528365.7       0.9278084E-02         438      248096  0.20599    
      122000   -4.664880       -131.9921       0.9997649        1326345.        0.000000        1231654.        1231573.       -4.660387       -4.665008       -4.660815       -30691.63        528393.6       0.9284992E-02         437      248354  0.20424    
      122100   -4.664185       -37.76984       0.9998610        1326308.        0.000000        1231243.        1231271.       -4.660384       -4.665008       -4.657149       -30702.57        528415.2       0.9284003E-02         438      249079  0.20832    
      122200   -4.665307        272.2639        1.000224        1326580.        0.000000        1231398.        1231742.       -4.660388       -4.665008       -4.664533       -30657.94        528712.6       0.9285506E-02         438      249097  0.20407    
      122300   -4.665409       -93.87031        1.000020        1326486.        0.000000        1231425.        1231384.       -4.660393       -4.665008       -4.666666       -30656.58        528770.6       0.9282597E-02         437      249125  0.20385    
      122400   -4.665404        140.3254       0.9999990        1326626.        0.000000        1231712.        1231920.       -4.660398       -4.665008       -4.666713       -30693.38        528821.3       0.9286633E-02         438      247935  0.20558    
      122500   -4.665385       -114.8627       0.9999962        1326512.        0.000000        1231726.        1231671.       -4.660402       -4.665009       -4.665533       -30676.34        528714.7       0.9284797E-02         437      248788  0.20701    
      122600   -4.664317       -517.7763       0.9997865        1325994.        0.000000        1231858.        1231407.       -4.660407       -4.665008       -4.666315       -30693.48        528327.6       0.9284812E-02         438      249307  0.21000    
      122700   -4.663476        37.67005       0.9998318        1326031.        0.000000        1231435.        1231533.       -4.660406       -4.665007       -4.658387       -30741.08        528318.2       0.9287290E-02         438      248607  0.20420    
      122800   -4.665214        718.3085        1.000348        1326750.        0.000000        1231491.        1232270.       -4.660404       -4.665007       -4.659089       -30724.93        528687.4       0.9289646E-02         439      249153  0.20703    
      122900   -4.665637       -196.7478        1.000085        1326553.        0.000000        1231642.        1231501.       -4.660406       -4.665008       -4.662723       -30730.83        528617.1       0.9283029E-02         438      249055  0.20502    
      123000   -4.665111       -440.8552       0.9998947        1326112.        0.000000        1231493.        1231118.       -4.660405       -4.665008       -4.658670       -30735.71        528364.0       0.9281148E-02         439      248184  0.20412    
      123100   -4.664100       -30.78208       0.9997980        1326081.        0.000000        1231295.        1231315.       -4.660404       -4.665007       -4.659681       -30710.30        528368.6       0.9284497E-02         438      248219  0.20442    
      123200   -4.663517       -43.85748       0.9998833        1326038.        0.000000        1230949.        1230958.       -4.660407       -4.665006       -4.664123       -30673.64        528360.6       0.9282912E-02         439      248322  0.20500    
      123300   -4.664626        360.6480        1.000222        1326398.        0.000000        1231174.        1231594.       -4.660414       -4.665005       -4.668344       -30672.20        528507.2       0.9285614E-02         437      248361  0.20399    
      123400   -4.665763        395.5158        1.000228        1326794.        0.000000        1231537.        1232003.       -4.660420       -4.665006       -4.667731       -30667.96        528601.0       0.9286654E-02         438      249006  0.20518    
      123500   -4.666962        328.5561        1.000240        1327122.        0.000000        1231871.        1232253.       -4.660426       -4.665008       -4.668630       -30708.21        528687.3       0.9286240E-02         438      248664  0.20803    
      123600   -4.667152       -187.0414        1.000038        1326935.        0.000000        1231933.        1231803.       -4.660428       -4.665009       -4.661931       -30747.23        528787.8       0.9282544E-02         438      248731  0.20411    
      123700   -4.666271       -344.6835       0.9998238        1326591.        0.000000        1232227.        1231943.       -4.660429       -4.665010       -4.662524       -30696.05        528750.6       0.9285235E-02         438      248624  0.20501    
      123800   -4.666123        11.99594       0.9999704        1326603.        0.000000        1232002.        1232073.       -4.660433       -4.665011       -4.665275       -30706.29        528775.6       0.9286485E-02         439      248641  0.20804    
      123900   -4.665798       -164.0636       0.9999350        1326438.        0.000000        1232309.        1232197.       -4.660442       -4.665012       -4.671010       -30674.19        528701.6       0.9287960E-02         437      248352  0.20690    
      124000   -4.665190        4.339248       0.9998785        1326443.        0.000000        1231712.        1231785.       -4.660447       -4.665012       -4.666916       -30702.04        528593.8       0.9286019E-02         438      248347  0.20437    
      124100   -4.665408       -118.3235        1.000043        1326324.        0.000000        1232240.        1232182.       -4.660448       -4.665013       -4.661508       -30723.65        528594.4       0.9288616E-02         437      248816  0.20399    
      124200   -4.664528       -231.5142       0.9998240        1326093.        0.000000        1231605.        1231430.       -4.660449       -4.665012       -4.661830       -30699.41        528353.2       0.9284561E-02         437      248028  0.20393    
      124300   -4.664471      -0.1798636E-02   0.9999887        1326093.        0.000000        1231785.        1231838.       -4.660455       -4.665012       -4.667583       -30676.62        528403.2       0.9287723E-02         437      249227  0.20707    
      124400   -4.664352        174.6351       0.9999761        1326268.        0.000000        1230747.        1230985.       -4.660460       -4.665011       -4.666132       -30656.21        528474.5       0.9281535E-02         437      248363  0.21221    
      124500   -4.664454        115.9927        1.000020        1326384.        0.000000        1231216.        1231392.       -4.660464       -4.665011       -4.666383       -30707.62        528442.8       0.9284471E-02         437      248753  0.20428    
      124600   -4.665290        158.7811        1.000167        1326542.        0.000000        1231121.        1231333.       -4.660468       -4.665011       -4.664422       -30666.14        528435.1       0.9282452E-02         439      248360  0.20375    
      124700   -4.666232        284.4796        1.000188        1326827.        0.000000        1231941.        1232279.       -4.660473       -4.665012       -4.667672       -30673.74        528552.5       0.9287803E-02         437      249539  0.21145    
      124800   -4.667009        153.3966        1.000155        1326980.        0.000000        1231991.        1232200.       -4.660478       -4.665014       -4.666106       -30695.40        528632.8       0.9285794E-02         438      248971  0.20512    
      124900   -4.667678        247.7895        1.000134        1327228.        0.000000        1232561.        1232868.       -4.660483       -4.665016       -4.667156       -30685.45        528847.1       0.9289560E-02         438      248749  0.20413    
      125000   -4.667611       -154.7228       0.9999866        1327073.        0.000000        1232358.        1232277.       -4.660488       -4.665018       -4.665775       -30710.86        528876.7       0.9285243E-02         438      248671  0.20538    
      125100   -4.666841       -458.1863       0.9998461        1326615.        0.000000        1232015.        1231616.       -4.660491       -4.665019       -4.664815       -30687.29        528703.2       0.9281666E-02         438      247561  0.20926    
      125200   -4.665476       -185.3274       0.9997269        1326430.        0.000000        1231469.        1231346.       -4.660497       -4.665020       -4.667837       -30634.55        528489.0       0.9282194E-02         437      248368  0.20394    
      125300   -4.664867       -214.2385       0.9998782        1326216.        0.000000        1231463.        1231306.       -4.660505       -4.665020       -4.670352       -30623.31        528458.9       0.9283036E-02         436      248318  0.20786    
      125400   -4.664300       -116.7526       0.9998866        1326099.        0.000000        1231198.        1231141.       -4.660514       -4.665019       -4.671951       -30630.37        528425.7       0.9282804E-02         437      248979  0.20615    
      125500   -4.663722       -58.79023       0.9998844        1326040.        0.000000        1230892.        1230888.       -4.660523       -4.665018       -4.671644       -30625.60        528558.5       0.9281931E-02         437      247859  0.20404    
      125600   -4.664155        214.7470        1.000087        1326255.        0.000000        1231358.        1231629.       -4.660529       -4.665017       -4.667994       -30681.00        528533.5       0.9286728E-02         438      248403  0.20723    
      125700   -4.664447        150.0299        1.000058        1326405.        0.000000        1231043.        1231254.       -4.660530       -4.665017       -4.662041       -30716.37        528599.5       0.9283378E-02         438      248743  0.20978    
      125800   -4.665271       -65.06992        1.000165        1326340.        0.000000        1230918.        1230914.       -4.660527       -4.665017       -4.657121       -30752.31        528647.0       0.9279295E-02         439      248785  0.20557    
      125900   -4.665310       -15.69514        1.000008        1326324.        0.000000        1231749.        1231782.       -4.660528       -4.665017       -4.661604       -30710.02        528435.4       0.9285767E-02         438      248085  0.20670    
      126000   -4.663763       -528.3704       0.9996906        1325796.        0.000000        1231784.        1231312.       -4.660531       -4.665016       -4.663739       -30683.24        528278.3       0.9285044E-02         439      248439  0.20774    
      126100   -4.662469        29.77368       0.9997412        1325825.        0.000000        1231195.        1231284.       -4.660537       -4.665014       -4.667875       -30668.35        528224.5       0.9287309E-02         439      248425  0.20399    
      126200   -4.664252        670.7536        1.000357        1326496.        0.000000        1231350.        1232070.       -4.660544       -4.665014       -4.669499       -30664.71        528431.2       0.9289916E-02         437      247953  0.20452    
      126300   -4.665230       -232.7361        1.000196        1326263.        0.000000        1231287.        1231112.       -4.660549       -4.665014       -4.666634       -30700.60        528402.4       0.9280787E-02         439      248500  0.20696    
      126400   -4.664744        99.47820       0.9999029        1326363.        0.000000        1231273.        1231425.       -4.660549       -4.665013       -4.661567       -30725.65        528471.1       0.9284101E-02         439      249223  0.20414    
      126500   -4.664996        3.338030        1.000050        1326366.        0.000000        1231253.        1231321.       -4.660550       -4.665013       -4.660955       -30692.48        528473.4       0.9282907E-02         437      248530  0.20410    
      126600   -4.665545        543.8619        1.000110        1326910.        0.000000        1231388.        1232000.       -4.660550       -4.665014       -4.661325       -30721.89        528701.9       0.9286994E-02         439      249068  0.20486    
      126700   -4.666615        154.5643        1.000214        1327065.        0.000000        1231821.        1232035.       -4.660554       -4.665015       -4.665643       -30684.21        528734.5       0.9285253E-02         437      248786  0.20426    
      126800   -4.667704        176.6249        1.000218        1327241.        0.000000        1232297.        1232538.       -4.660559       -4.665017       -4.666242       -30708.29        528903.3       0.9287055E-02         437      248585  0.20413    
      126900   -4.666987       -776.2728       0.9998567        1326465.        0.000000        1232110.        1231390.       -4.660565       -4.665019       -4.667680       -30676.31        528581.0       0.9279718E-02         438      248520  0.20483    
      127000   -4.665140       -48.28029       0.9996306        1326417.        0.000000        1232112.        1232117.       -4.660572       -4.665019       -4.670024       -30660.17        528526.5       0.9288604E-02         438      248717  0.20710    
      127100   -4.664466       -397.8997       0.9998653        1326019.        0.000000        1231989.        1231651.       -4.660576       -4.665019       -4.665878       -30674.58        528488.7       0.9286335E-02         439      248865  0.20422    
      127200   -4.663632       -143.0420       0.9998331        1325876.        0.000000        1231272.        1231182.       -4.660580       -4.665017       -4.665454       -30647.40        528390.0       0.9284402E-02         438      248262  0.20689    
      127300   -4.663874        279.1369        1.000048        1326155.        0.000000        1231152.        1231496.       -4.660586       -4.665017       -4.668174       -30647.97        528543.6       0.9286296E-02         437      248399  0.20630    
      127400   -4.664763        255.3747        1.000178        1326410.        0.000000        1230864.        1231183.       -4.660591       -4.665016       -4.667302       -30660.62        528604.1       0.9282289E-02         438      248935  0.20407    
      127500   -4.665219       -14.84231        1.000091        1326395.        0.000000        1231384.        1231427.       -4.660598       -4.665016       -4.668989       -30652.71        528575.8       0.9283218E-02         436      248109  0.20822    
      127600   -4.664190       -365.9212       0.9997943        1326030.        0.000000        1231392.        1231089.       -4.660602       -4.665016       -4.664945       -30643.64        528382.6       0.9282577E-02         439      248897  0.20608    
      127700   -4.663584       -35.86388       0.9998788        1325994.        0.000000        1230810.        1230820.       -4.660608       -4.665015       -4.669099       -30657.72        528282.9       0.9281692E-02         437      248131  0.20598    
      127800   -4.662972       -558.2095       0.9998777        1325436.        0.000000        1230763.        1230261.       -4.660610       -4.665013       -4.662821       -30668.85        528152.6       0.9278651E-02         437      247833  0.20422    
      127900   -4.661836        228.0698       0.9997728        1325664.        0.000000        1229589.        1229863.       -4.660608       -4.665011       -4.658690       -30678.34        528143.6       0.9277718E-02         438      248046  0.20786    
      128000   -4.663277        469.2202        1.000288        1326133.        0.000000        1230183.        1230712.       -4.660610       -4.665009       -4.662745       -30723.76        528188.4       0.9281494E-02         438      248147  0.20788    
      128100   -4.664469        8.408372        1.000238        1326141.        0.000000        1231191.        1231259.       -4.660611       -4.665009       -4.662183       -30713.72        528297.7       0.9283372E-02         437      248661  0.20359    
      128200   -4.663885       -132.9310       0.9998833        1326008.        0.000000        1231263.        1231189.       -4.660613       -4.665008       -4.663333       -30691.26        528230.6       0.9283958E-02         438      248068  0.20421    
      128300   -4.664069        97.27930        1.000037        1326106.        0.000000        1230984.        1231135.       -4.660616       -4.665007       -4.664160       -30680.33        528330.5       0.9283244E-02         437      248227  0.20644    
      128400   -4.663657       -78.89955       0.9999177        1326027.        0.000000        1230386.        1230373.       -4.660619       -4.665006       -4.664388       -30679.16        528272.2       0.9278235E-02         437      248645  0.20553    
      128500   -4.663897        256.8119        1.000048        1326283.        0.000000        1230760.        1231075.       -4.660622       -4.665005       -4.664096       -30685.68        528350.6       0.9283074E-02         438      248449  0.20801    
      128600   -4.665725        374.3216        1.000366        1326658.        0.000000        1231216.        1231643.       -4.660627       -4.665006       -4.666676       -30677.65        528496.5       0.9283921E-02         438      248370  0.20606    
      128700   -4.666459        70.91712        1.000147        1326729.        0.000000        1231856.        1231984.       -4.660633       -4.665007       -4.668116       -30696.53        528496.9       0.9285180E-02         438      248555  0.20495    
      128800   -4.666293       -14.89981       0.9999668        1326714.        0.000000        1232092.        1232130.       -4.660639       -4.665008       -4.669382       -30648.02        528657.1       0.9286565E-02         439      248789  0.20953    
      128900   -4.665772       -539.2217       0.9998959        1326175.        0.000000        1232173.        1231693.       -4.660652       -4.665008       -4.676439       -30620.03        528363.3       0.9284246E-02         438      247629  0.20636    
      129000   -4.663830        119.3536       0.9996117        1326294.        0.000000        1231218.        1231395.       -4.660664       -4.665008       -4.676797       -30660.08        528453.5       0.9285600E-02         438      248991  0.20550    
      129100   -4.665223        295.9042        1.000279        1326590.        0.000000        1230909.        1231262.       -4.660676       -4.665008       -4.675650       -30646.65        528579.7       0.9282019E-02         438      249109  0.20607    
      129200   -4.666383        298.0564        1.000232        1326888.        0.000000        1231715.        1232076.       -4.660687       -4.665009       -4.674606       -30682.37        528815.1       0.9286005E-02         437      248220  0.21134    
      129300   -4.666593       -20.80946        1.000042        1326867.        0.000000        1232424.        1232467.       -4.660693       -4.665010       -4.668291       -30709.86        528755.8       0.9288545E-02         437      248340  0.20524    
      129400   -4.666731        192.3020        1.000028        1327059.        0.000000        1231969.        1232217.       -4.660699       -4.665011       -4.668602       -30698.13        529022.3       0.9286395E-02         438      248468  0.20438    
      129500   -4.665893       -762.1536       0.9998325        1326297.        0.000000        1231241.        1230540.       -4.660703       -4.665012       -4.666148       -30730.12        528631.1       0.9275316E-02         437      248506  0.20550    
      129600   -4.665206       -146.3481       0.9998626        1326151.        0.000000        1232241.        1232164.       -4.660702       -4.665012       -4.659659       -30745.10        528510.0       0.9288881E-02         436      248466  0.20816    
      129700   -4.664233        76.46663       0.9998054        1326227.        0.000000        1231143.        1231275.       -4.660699       -4.665012       -4.656476       -30768.42        528608.2       0.9284020E-02         438      248578  0.20402    
      129800   -4.664010       -233.0585       0.9999554        1325994.        0.000000        1230523.        1230353.       -4.660693       -4.665011       -4.652551       -30749.77        528440.5       0.9277382E-02         439      248986  0.20750    
      129900   -4.664185        335.8441        1.000035        1326330.        0.000000        1231118.        1231507.       -4.660691       -4.665010       -4.658464       -30755.88        528400.3       0.9285762E-02         437      248854  0.20588    
      130000   -4.666491        646.0946        1.000461        1326976.        0.000000        1231979.        1232692.       -4.660690       -4.665011       -4.659471       -30710.76        528686.1       0.9290429E-02         439      248686  0.20402    
      130100   -4.667202       -132.0338        1.000142        1326844.        0.000000        1232087.        1232019.       -4.660698       -4.665013       -4.670710       -30666.00        528846.7       0.9284066E-02         438      248759  0.20563    
      130200   -4.665735       -513.8692       0.9997066        1326330.        0.000000        1231681.        1231234.       -4.660706       -4.665014       -4.670961       -30704.79        528680.8       0.9280887E-02         439      248603  0.20613    
      130300   -4.664088       -184.2177       0.9996707        1326146.        0.000000        1230957.        1230834.       -4.660710       -4.665013       -4.666711       -30688.16        528530.2       0.9280933E-02         439      248700  0.20410    
      130400   -4.664166       -18.20850        1.000016        1326128.        0.000000        1230696.        1230734.       -4.660713       -4.665012       -4.663947       -30734.07        528359.8       0.9280016E-02         437      248945  0.20552    
      130500   -4.665478        613.5251        1.000262        1326741.        0.000000        1231733.        1232413.       -4.660713       -4.665013       -4.660349       -30754.32        528632.0       0.9290286E-02         439      248168  0.20865    
      130600   -4.665796       -185.9314        1.000064        1326555.        0.000000        1231507.        1231369.       -4.660714       -4.665013       -4.662667       -30723.38        528514.5       0.9281684E-02         437      248479  0.20416    
      130700   -4.665103       -420.5708       0.9998613        1326135.        0.000000        1231740.        1231384.       -4.660715       -4.665013       -4.662593       -30747.74        528376.6       0.9283170E-02         438      248312  0.20677    
      130800   -4.664226       -77.68161       0.9998247        1326057.        0.000000        1231255.        1231239.       -4.660713       -4.665013       -4.656958       -30766.09        528455.7       0.9283716E-02         438      248128  0.20998    
      130900   -4.663728        219.5763       0.9999003        1326277.        0.000000        1231085.        1231370.       -4.660712       -4.665012       -4.659347       -30714.11        528335.2       0.9285608E-02         438      248335  0.20463    
      131000   -4.665060        317.6531        1.000266        1326594.        0.000000        1231268.        1231641.       -4.660711       -4.665012       -4.660166       -30720.32        528631.4       0.9285116E-02         438      248407  0.20363    
      131100   -4.665937       -8.915765        1.000175        1326586.        0.000000        1231693.        1231747.       -4.660712       -4.665012       -4.661541       -30694.67        528637.9       0.9284392E-02         438      248243  0.20546    
      131200   -4.664597       -400.0168       0.9997320        1326186.        0.000000        1231706.        1231366.       -4.660715       -4.665012       -4.665566       -30678.08        528431.8       0.9283905E-02         437      248883  0.20592    
      131300   -4.664861        451.4569        1.000053        1326637.        0.000000        1230892.        1231391.       -4.660718       -4.665012       -4.663958       -30738.61        528588.1       0.9283635E-02         439      248129  0.20473    
      131400   -4.666037        38.60431        1.000235        1326676.        0.000000        1231640.        1231736.       -4.660719       -4.665013       -4.661822       -30704.06        528615.2       0.9284085E-02         437      248357  0.20559    
      131500   -4.665731       -195.9245       0.9999387        1326480.        0.000000        1231823.        1231682.       -4.660725       -4.665013       -4.668232       -30671.03        528717.8       0.9284235E-02         437      248322  0.20746    
      131600   -4.664724       -235.4688       0.9997987        1326244.        0.000000        1231521.        1231342.       -4.660731       -4.665013       -4.669412       -30655.44        528537.2       0.9283587E-02         438      247898  0.20399    
      131700   -4.664202       -97.52691       0.9998955        1326147.        0.000000        1231842.        1231803.       -4.660736       -4.665013       -4.667195       -30669.57        528411.9       0.9288011E-02         437      249134  0.20767    
      131800   -4.663188       -229.2357       0.9997972        1325917.        0.000000        1230933.        1230769.       -4.660742       -4.665011       -4.668149       -30653.69        528053.4       0.9282061E-02         437      249319  0.20480    
      131900   -4.663415        376.6210        1.000045        1326294.        0.000000        1229957.        1230395.       -4.660747       -4.665010       -4.668178       -30670.86        528288.6       0.9278840E-02         438      248316  0.20422    
      132000   -4.665214        266.6707        1.000360        1326561.        0.000000        1231169.        1231492.       -4.660750       -4.665010       -4.663869       -30703.72        528463.6       0.9283789E-02         438      248659  0.20814    
      132100   -4.666839        517.4401        1.000325        1327078.        0.000000        1231811.        1232394.       -4.660756       -4.665011       -4.668551       -30653.70        528709.2       0.9287555E-02         438      248636  0.20731    
      132200   -4.666863       -422.4278        1.000005        1326656.        0.000000        1231822.        1231460.       -4.660763       -4.665013       -4.670839       -30645.04        528655.1       0.9280512E-02         437      249442  0.20428    
      132300   -4.666361        76.53621       0.9998994        1326732.        0.000000        1231795.        1231929.       -4.660772       -4.665014       -4.671558       -30679.54        528836.8       0.9284889E-02         439      249178  0.20631    
      132400   -4.665157       -698.2378       0.9997592        1326034.        0.000000        1231570.        1230936.       -4.660776       -4.665014       -4.667165       -30674.77        528489.2       0.9279680E-02         436      248969  0.20809    
      132500   -4.663870       -141.0654       0.9997427        1325893.        0.000000        1230955.        1230873.       -4.660778       -4.665013       -4.662691       -30661.30        528409.7       0.9281547E-02         439      247499  0.21133    
      132600   -4.663110        157.2425       0.9998480        1326050.        0.000000        1229916.        1230128.       -4.660784       -4.665012       -4.668428       -30660.51        528610.3       0.9277344E-02         438      248087  0.20415    
      132700   -4.664454        302.4074        1.000269        1326353.        0.000000        1231112.        1231471.       -4.660787       -4.665011       -4.665418       -30686.26        528484.4       0.9284984E-02         439      248147  0.21022    
      132800   -4.665902        458.3109        1.000290        1326811.        0.000000        1232000.        1232523.       -4.660792       -4.665012       -4.666532       -30693.67        528745.8       0.9290271E-02         437      248200  0.20502    
      132900   -4.666473       -118.4387        1.000114        1326693.        0.000000        1232040.        1231975.       -4.660795       -4.665013       -4.665698       -30715.16        528695.3       0.9285070E-02         438      248461  0.20395    
      133000   -4.666090        65.81270       0.9999232        1326758.        0.000000        1231909.        1232032.       -4.660799       -4.665014       -4.665211       -30721.68        528557.6       0.9286199E-02         438      248977  0.20781    
      133100   -4.665897       -127.6467       0.9999614        1326631.        0.000000        1231304.        1231237.       -4.660801       -4.665015       -4.663735       -30711.92        528571.5       0.9280548E-02         439      248011  0.20503    
      133200   -4.666008        128.3347        1.000022        1326759.        0.000000        1232357.        1232547.       -4.660806       -4.665015       -4.667578       -30681.32        528537.3       0.9290300E-02         439      249552  0.20414    
      133300   -4.665099       -502.0037       0.9998182        1326257.        0.000000        1231312.        1230876.       -4.660813       -4.665015       -4.669818       -30672.95        528474.7       0.9279328E-02         438      249223  0.21082    
      133400   -4.664578       -20.09715       0.9998958        1326237.        0.000000        1231566.        1231600.       -4.660816       -4.665015       -4.664402       -30720.22        528554.0       0.9285772E-02         438      248861  0.20627    
      133500   -4.664440        67.60677       0.9999725        1326305.        0.000000        1231333.        1231457.       -4.660816       -4.665015       -4.660803       -30723.20        528455.8       0.9284972E-02         438      248639  0.20412    
      133600   -4.664958       -136.0022        1.000104        1326169.        0.000000        1230762.        1230694.       -4.660818       -4.665015       -4.664185       -30692.21        528617.5       0.9278172E-02         438      248263  0.20717    
      133700   -4.664278        108.8901       0.9998639        1326277.        0.000000        1230959.        1231137.       -4.660820       -4.665014       -4.662890       -30707.16        528525.1       0.9282822E-02         439      248743  0.20618    
      133800   -4.664627        162.7439        1.000070        1326440.        0.000000        1231098.        1231325.       -4.660821       -4.665014       -4.662047       -30732.51        528551.9       0.9283605E-02         438      249521  0.20458    
      133900   -4.664002       -416.4126       0.9998750        1326024.        0.000000        1231344.        1230994.       -4.660823       -4.665013       -4.664679       -30723.23        528359.3       0.9282276E-02         437      248072  0.20814    
      134000   -4.664028        59.85768        1.000005        1326084.        0.000000        1231576.        1231694.       -4.660827       -4.665012       -4.665662       -30654.42        528507.4       0.9287454E-02         439      248705  0.20645    
      134100   -4.664736        635.1201        1.000142        1326719.        0.000000        1231080.        1231775.       -4.660837       -4.665012       -4.673420       -30661.24        528603.1       0.9286774E-02         438      248100  0.21006    
      134200   -4.666400        44.58480        1.000333        1326763.        0.000000        1231167.        1231281.       -4.660848       -4.665013       -4.675612       -30672.12        528548.5       0.9279990E-02         437      248996  0.20402    
      134300   -4.666286       -166.5732       0.9999772        1326597.        0.000000        1232163.        1232060.       -4.660857       -4.665014       -4.673575       -30635.73        528543.6       0.9286060E-02         439      248461  0.20568    
      134400   -4.664684       -432.0097       0.9996796        1326165.        0.000000        1231419.        1231033.       -4.660867       -4.665014       -4.674418       -30636.04        528424.2       0.9281266E-02         439      248818  0.20924    
      134500   -4.664243       -86.08503       0.9999117        1326079.        0.000000        1231031.        1231001.       -4.660877       -4.665013       -4.673744       -30620.25        528359.4       0.9281825E-02         438      248456  0.20771    
      134600   -4.664041        337.2335       0.9999596        1326416.        0.000000        1231609.        1232003.       -4.660884       -4.665012       -4.670878       -30660.39        528520.6       0.9289808E-02         437      248643  0.20618    
      134700   -4.664916        15.54653        1.000175        1326431.        0.000000        1231692.        1231763.       -4.660888       -4.665012       -4.665935       -30665.80        528466.3       0.9286318E-02         436      248744  0.20590    
      134800   -4.664683       -52.78447       0.9999534        1326379.        0.000000        1231503.        1231516.       -4.660892       -4.665012       -4.665965       -30686.71        528541.8       0.9284912E-02         438      247486  0.20576    
      134900   -4.664912       -209.9452        1.000046        1326169.        0.000000        1231006.        1230858.       -4.660893       -4.665012       -4.661799       -30702.54        528393.6       0.9279594E-02         439      248298  0.20967    
      135000   -4.665917        683.8795        1.000201        1326853.        0.000000        1231026.        1231777.       -4.660895       -4.665013       -4.664377       -30697.66        528589.4       0.9284588E-02         439      248706  0.20879    
      135100   -4.666222       -222.1978        1.000061        1326630.        0.000000        1231869.        1231705.       -4.660900       -4.665014       -4.667447       -30643.02        528816.0       0.9283478E-02         438      248442  0.20448    
      135200   -4.665085       -181.8621       0.9997727        1326448.        0.000000        1231779.        1231659.       -4.660905       -4.665014       -4.667310       -30691.27        528591.7       0.9285307E-02         438      249330  0.20588    
      135300   -4.665107        99.76952        1.000004        1326548.        0.000000        1231099.        1231256.       -4.660908       -4.665014       -4.664834       -30675.84        528623.9       0.9282143E-02         438      248368  0.20646    
      135400   -4.665162        101.8152        1.000011        1326650.        0.000000        1231791.        1231969.       -4.660910       -4.665014       -4.663490       -30696.99        528678.0       0.9287469E-02         436      248999  0.20477    
      135500   -4.666179       -114.8887        1.000204        1326535.        0.000000        1232123.        1232064.       -4.660911       -4.665015       -4.662398       -30716.21        528473.8       0.9286266E-02         438      248270  0.20376    
      135600   -4.664792       -602.6496       0.9997227        1325933.        0.000000        1231375.        1230834.       -4.660907       -4.665015       -4.656409       -30751.36        528264.8       0.9279596E-02         439      248398  0.21169    
      135700   -4.663676       -22.40174       0.9997767        1325910.        0.000000        1231209.        1231237.       -4.660905       -4.665014       -4.657837       -30717.30        528246.2       0.9284702E-02         437      248069  0.20642    
      135800   -4.663256        123.9472       0.9999160        1326034.        0.000000        1230699.        1230889.       -4.660904       -4.665012       -4.659611       -30679.00        528395.4       0.9282846E-02         437      248410  0.20413    
      135900   -4.664287        314.0305        1.000206        1326348.        0.000000        1231021.        1231389.       -4.660908       -4.665012       -4.666651       -30707.98        528333.1       0.9284689E-02         437      248927  0.20548    
      136000   -4.664719        113.3714        1.000086        1326461.        0.000000        1231135.        1231315.       -4.660911       -4.665011       -4.664345       -30713.26        528552.7       0.9283334E-02         439      248609  0.21076    
      136100   -4.666942        731.4918        1.000445        1327193.        0.000000        1231769.        1232565.       -4.660909       -4.665013       -4.657917       -30750.71        528605.2       0.9288647E-02         438      248952  0.20540    
      136200   -4.667737       -191.7512        1.000159        1327001.        0.000000        1232590.        1232452.       -4.660909       -4.665015       -4.661432       -30723.96        528595.3       0.9286306E-02         439      249399  0.21223    
      136300   -4.667525        165.5010       0.9999575        1327167.        0.000000        1232259.        1232473.       -4.660912       -4.665017       -4.665211       -30706.62        528727.0       0.9286873E-02         439      249003  0.20483    
      136400   -4.667312       -272.9474       0.9999573        1326894.        0.000000        1232210.        1232004.       -4.660919       -4.665019       -4.670196       -30668.34        528659.1       0.9283718E-02         439      249302  0.20464    
      136500   -4.666872       -59.34568       0.9999120        1326834.        0.000000        1232290.        1232294.       -4.660927       -4.665020       -4.670958       -30678.97        528630.9       0.9286698E-02         439      248359  0.20915    
      136600   -4.666035       -275.5415       0.9998327        1326559.        0.000000        1232133.        1231921.       -4.660937       -4.665021       -4.674466       -30684.05        528589.3       0.9285470E-02         437      248923  0.20578    
      136700   -4.665803       -60.00788       0.9999537        1326499.        0.000000        1231715.        1231710.       -4.660940       -4.665021       -4.665211       -30702.86        528504.5       0.9284311E-02         438      248141  0.20669    
      136800   -4.665035       -153.6850       0.9998463        1326345.        0.000000        1231372.        1231271.       -4.660942       -4.665021       -4.664094       -30704.59        528501.4       0.9282415E-02         437      249410  0.20584    
      136900   -4.664895        341.6350       0.9999720        1326687.        0.000000        1231826.        1232236.       -4.660944       -4.665021       -4.663610       -30749.05        528594.6       0.9290001E-02         437      248188  0.20995    
      137000   -4.666685       -86.65921        1.000358        1326600.        0.000000        1232380.        1232347.       -4.660942       -4.665022       -4.658438       -30791.78        528538.3       0.9287449E-02         437      249144  0.20721    
      137100   -4.665031       -580.7524       0.9996693        1326019.        0.000000        1231591.        1231067.       -4.660937       -4.665022       -4.654498       -30756.50        528259.4       0.9280852E-02         438      248010  0.20431    
      137200   -4.662775       -296.8559       0.9995490        1325723.        0.000000        1230674.        1230436.       -4.660935       -4.665021       -4.658378       -30736.40        528082.4       0.9280277E-02         436      247854  0.20467    
      137300   -4.663389        245.8790        1.000123        1325968.        0.000000        1231376.        1231692.       -4.660933       -4.665020       -4.658218       -30739.83        528226.0       0.9288654E-02         438      247831  0.20709    
      137400   -4.664117        239.0520        1.000146        1326208.        0.000000        1230892.        1231187.       -4.660935       -4.665019       -4.662787       -30703.40        528380.9       0.9283490E-02         437      248276  0.20425    
      137500   -4.664736        255.4928        1.000124        1326463.        0.000000        1230999.        1231310.       -4.660940       -4.665019       -4.667639       -30695.13        528604.0       0.9283249E-02         439      248144  0.21122    
      137600   -4.664694       -130.2257       0.9999916        1326333.        0.000000        1231034.        1230960.       -4.660943       -4.665018       -4.665540       -30691.55        528337.8       0.9280726E-02         437      249323  0.20569    
      137700   -4.665932        311.8474        1.000248        1326645.        0.000000        1231870.        1232235.       -4.660947       -4.665019       -4.666208       -30685.60        528458.5       0.9287997E-02         438      248582  0.20447    
      137800   -4.666802        158.4635        1.000174        1326803.        0.000000        1232264.        1232472.       -4.660952       -4.665020       -4.668323       -30687.99        528677.8       0.9288196E-02         437      248913  0.20771    
      137900   -4.666459       -184.8688       0.9999314        1326618.        0.000000        1231922.        1231798.       -4.660955       -4.665021       -4.664156       -30705.52        528729.3       0.9283779E-02         439      249237  0.20504    
      138000   -4.665299       -324.6135       0.9997680        1326294.        0.000000        1231486.        1231217.       -4.660960       -4.665022       -4.668208       -30688.67        528641.1       0.9281538E-02         438      247769  0.20394    
      138100   -4.665245        126.9757       0.9999892        1326421.        0.000000        1231626.        1231817.       -4.660962       -4.665022       -4.663642       -30733.83        528613.6       0.9286225E-02         439      248396  0.20478    
      138200   -4.665131        11.94557       0.9999772        1326433.        0.000000        1231722.        1231788.       -4.660963       -4.665022       -4.662267       -30697.15        528579.2       0.9286136E-02         438      248117  0.20534    
      138300   -4.665759        404.8476        1.000126        1326837.        0.000000        1231587.        1232051.       -4.660965       -4.665022       -4.663692       -30744.21        528511.4       0.9286943E-02         439      249375  0.20416    
      138400   -4.667680        389.8287        1.000384        1327227.        0.000000        1232454.        1232901.       -4.660964       -4.665024       -4.660460       -30737.36        528955.1       0.9289800E-02         439      248453  0.20977    
      138500   -4.667172       -382.9282       0.9998983        1326844.        0.000000        1232108.        1231792.       -4.660966       -4.665026       -4.663001       -30711.81        528694.3       0.9282416E-02         438      248936  0.20454    
      138600   -4.666680       -342.0482       0.9999017        1326502.        0.000000        1232066.        1231780.       -4.660968       -4.665027       -4.664147       -30708.24        528501.6       0.9283230E-02         438      248648  0.20873    
      138700   -4.665042       -492.0353       0.9996725        1326010.        0.000000        1232031.        1231600.       -4.660971       -4.665027       -4.665049       -30718.47        528400.0       0.9284915E-02         439      248278  0.20356    
      138800   -4.664439        511.5715       0.9998793        1326522.        0.000000        1231637.        1232210.       -4.660972       -4.665027       -4.662350       -30712.48        528510.9       0.9290653E-02         437      247925  0.20883    
      138900   -4.664650       -126.6899        1.000042        1326395.        0.000000        1230878.        1230813.       -4.660976       -4.665027       -4.665614       -30675.85        528345.3       0.9279697E-02         439      249087  0.20557    
      139000   -4.665351       -38.41637        1.000140        1326357.        0.000000        1231246.        1231269.       -4.660980       -4.665027       -4.666869       -30681.19        528579.0       0.9281842E-02         438      247411  0.20530    
      139100   -4.665055       -29.53282       0.9999407        1326327.        0.000000        1231905.        1231935.       -4.660982       -4.665027       -4.663990       -30717.74        528545.0       0.9287380E-02         438      248567  0.20866    
      139200   -4.664307       -323.1977       0.9998505        1326004.        0.000000        1231504.        1231243.       -4.660984       -4.665026       -4.663407       -30681.80        528681.6       0.9283574E-02         437      247895  0.20443    
      139300   -4.664189        288.6520       0.9999763        1326293.        0.000000        1231061.        1231416.       -4.660988       -4.665026       -4.667318       -30671.77        528719.2       0.9285102E-02         437      248252  0.20371    
      139400   -4.664060       -433.2251       0.9999743        1325859.        0.000000        1231350.        1230976.       -4.660991       -4.665025       -4.664936       -30721.80        528473.0       0.9282053E-02         437      248166  0.20602    
      139500   -4.662992       -156.6830       0.9997863        1325703.        0.000000        1230546.        1230452.       -4.660993       -4.665023       -4.663076       -30698.78        528346.2       0.9280057E-02         439      248671  0.20839    
      139600   -4.663801        688.6495        1.000162        1326391.        0.000000        1231000.        1231755.       -4.660993       -4.665023       -4.661824       -30744.31        528389.1       0.9288385E-02         438      248492  0.20405    
      139700   -4.665677        268.8882        1.000375        1326660.        0.000000        1231788.        1232119.       -4.660991       -4.665023       -4.658235       -30794.19        528639.2       0.9287664E-02         438      248471  0.21080    
      139800   -4.665300       -436.4362       0.9999245        1326224.        0.000000        1231594.        1231225.       -4.660985       -4.665023       -4.651841       -30796.36        528368.5       0.9281609E-02         439      248629  0.20531    
      139900   -4.663841       -214.2347       0.9997083        1326010.        0.000000        1230923.        1230784.       -4.660980       -4.665022       -4.655085       -30709.64        528454.7       0.9281002E-02         438      248028  0.20529    
      140000   -4.663998        241.8593        1.000031        1326251.        0.000000        1230880.        1231193.       -4.660982       -4.665022       -4.663380       -30695.04        528438.0       0.9283797E-02         439      248253  0.20858    
      140100   -4.665373        174.7491        1.000275        1326426.        0.000000        1231143.        1231387.       -4.660989       -4.665022       -4.669828       -30683.74        528437.6       0.9282682E-02         436      248792  0.20454    
      140200   -4.664588       -50.96151       0.9998430        1326375.        0.000000        1231486.        1231491.       -4.660994       -4.665022       -4.668801       -30697.09        528331.8       0.9284914E-02         439      248659  0.20588    
      140300   -4.665882        695.6269        1.000259        1327071.        0.000000        1231120.        1231878.       -4.660998       -4.665022       -4.666198       -30716.37        528650.9       0.9285429E-02         437      249088  0.20632    
      140400   -4.668286        240.6378        1.000481        1327311.        0.000000        1232546.        1232842.       -4.661002       -4.665025       -4.666042       -30718.67        528877.0       0.9288229E-02         439      248482  0.20623    
      140500   -4.667847       -348.2076       0.9999123        1326963.        0.000000        1232608.        1232316.       -4.661002       -4.665027       -4.662357       -30745.23        528608.4       0.9285105E-02         437      249249  0.20613    
      140600   -4.666749       -185.0944       0.9997804        1326778.        0.000000        1232064.        1231930.       -4.661004       -4.665028       -4.663209       -30688.89        528549.0       0.9284231E-02         439      248180  0.20521    
      140700   -4.667026        139.4996        1.000055        1326918.        0.000000        1232463.        1232656.       -4.661008       -4.665029       -4.666763       -30690.53        528807.7       0.9289162E-02         439      248223  0.20690    
      140800   -4.666165       -469.8943       0.9998279        1326448.        0.000000        1232217.        1231812.       -4.661012       -4.665030       -4.666956       -30678.39        528683.9       0.9284439E-02         438      248544  0.20589    
      140900   -4.664298       -280.7330       0.9996267        1326167.        0.000000        1231430.        1231201.       -4.661016       -4.665030       -4.666381       -30660.14        528565.7       0.9283263E-02         439      249482  0.20434    
      141000   -4.663910        43.11348       0.9999223        1326210.        0.000000        1231193.        1231295.       -4.661024       -4.665029       -4.671213       -30655.70        528497.3       0.9284697E-02         438      247990  0.20579    
      141100   -4.664457        26.24650        1.000110        1326236.        0.000000        1231643.        1231739.       -4.661028       -4.665028       -4.666784       -30687.31        528346.7       0.9287050E-02         438      248015  0.21065    
      141200   -4.664007       -20.72376       0.9999100        1326216.        0.000000        1231049.        1231091.       -4.661033       -4.665028       -4.668556       -30696.04        528474.5       0.9283011E-02         439      248543  0.20379    
      141300   -4.665699        496.5292        1.000338        1326712.        0.000000        1231829.        1232391.       -4.661038       -4.665028       -4.668246       -30695.44        528675.4       0.9289648E-02         438      248521  0.20863    
      141400   -4.665415       -452.7578       0.9999431        1326259.        0.000000        1231844.        1231442.       -4.661042       -4.665028       -4.666734       -30666.45        528561.6       0.9282980E-02         439      248489  0.20604    
      141500   -4.663711       -412.2318       0.9996592        1325847.        0.000000        1231031.        1230678.       -4.661047       -4.665027       -4.668446       -30625.87        528282.9       0.9280455E-02         439      248220  0.20716    
      141600   -4.663725        402.6723        1.000003        1326250.        0.000000        1230673.        1231142.       -4.661058       -4.665027       -4.675640       -30658.56        528339.2       0.9283903E-02         438      247789  0.20482    
      141700   -4.663954       -38.05594        1.000046        1326212.        0.000000        1231111.        1231140.       -4.661062       -4.665026       -4.667482       -30686.98        528309.6       0.9283436E-02         439      249049  0.20883    
      141800   -4.665422        259.8570        1.000294        1326472.        0.000000        1231795.        1232117.       -4.661063       -4.665026       -4.662410       -30709.37        528339.3       0.9288095E-02         437      248588  0.20589    
      141900   -4.665751        145.6550        1.000066        1326617.        0.000000        1232057.        1232269.       -4.661064       -4.665027       -4.662751       -30712.09        528515.0       0.9288653E-02         439      249111  0.20829    
      142000   -4.665494       -269.3037       0.9999487        1326348.        0.000000        1232100.        1231893.       -4.661064       -4.665027       -4.660923       -30725.43        528385.1       0.9286291E-02         438      249006  0.20840    
      142100   -4.664555       -142.7940       0.9998122        1326205.        0.000000        1232090.        1232003.       -4.661062       -4.665027       -4.657443       -30781.05        528446.6       0.9288859E-02         438      248925  0.21083    
      142200   -4.664464        223.1421       0.9999819        1326428.        0.000000        1231196.        1231478.       -4.661056       -4.665026       -4.652975       -30757.29        528488.2       0.9285025E-02         435      248056  0.20408    
      142300   -4.665144       -77.61982        1.000136        1326351.        0.000000        1231407.        1231393.       -4.661052       -4.665026       -4.655201       -30741.84        528504.2       0.9283213E-02         438      248033  0.20571    
      142400   -4.665257        171.1489        1.000023        1326522.        0.000000        1231671.        1231895.       -4.661052       -4.665026       -4.660817       -30712.51        528477.9       0.9286690E-02         438      248477  0.20678    
      142500   -4.664796       -275.4296       0.9999079        1326246.        0.000000        1231247.        1231031.       -4.661054       -4.665026       -4.663648       -30718.13        528377.5       0.9281047E-02         437      249199  0.20459    
      142600   -4.664467       -100.6040       0.9999343        1326146.        0.000000        1231548.        1231505.       -4.661053       -4.665026       -4.660358       -30697.70        528441.9       0.9285196E-02         438      249135  0.20558    
      142700   -4.663773       -11.95719       0.9998610        1326134.        0.000000        1230964.        1231017.       -4.661057       -4.665025       -4.665977       -30647.95        528335.8       0.9282858E-02         439      248459  0.21090    
      142800   -4.663697        50.15693       0.9999848        1326184.        0.000000        1231085.        1231198.       -4.661060       -4.665024       -4.666592       -30697.55        528329.2       0.9284343E-02         437      248455  0.20471    
      142900   -4.664866        314.6665        1.000234        1326499.        0.000000        1230986.        1231356.       -4.661063       -4.665024       -4.665084       -30674.85        528471.4       0.9283386E-02         438      247636  0.20582    
      143000   -4.665257        153.3936        1.000078        1326652.        0.000000        1231534.        1231757.       -4.661064       -4.665024       -4.662171       -30681.33        528537.5       0.9285699E-02         438      248673  0.21029    
      143100   -4.666020        121.7652        1.000153        1326774.        0.000000        1231929.        1232114.       -4.661064       -4.665025       -4.661385       -30721.76        528648.6       0.9286946E-02         436      248724  0.20570    
      143200   -4.665839       -207.9412       0.9999638        1326566.        0.000000        1232008.        1231859.       -4.661065       -4.665025       -4.661475       -30668.88        528540.8       0.9285387E-02         437      248496  0.20391    
      143300   -4.664965       -365.3190       0.9998251        1326201.        0.000000        1231821.        1231507.       -4.661069       -4.665025       -4.667369       -30630.22        528133.5       0.9284329E-02         438      248846  0.20499    
      143400   -4.664403        156.3899       0.9998876        1326357.        0.000000        1231114.        1231332.       -4.661074       -4.665025       -4.667620       -30663.24        528417.3       0.9284082E-02         439      248426  0.20873    
      143500   -4.665598        216.0251        1.000239        1326573.        0.000000        1231520.        1231793.       -4.661079       -4.665025       -4.668353       -30623.42        528529.1       0.9285301E-02         438      248660  0.20402    
      143600   -4.665459       -159.0393       0.9999724        1326414.        0.000000        1231565.        1231464.       -4.661087       -4.665026       -4.672950       -30671.25        528431.7       0.9283114E-02         438      249295  0.20858    
      143700   -4.664512       -231.1880       0.9998105        1326183.        0.000000        1231941.        1231762.       -4.661091       -4.665025       -4.666196       -30709.63        528371.0       0.9287073E-02         438      249030  0.20637    
      143800   -4.664767        392.9187        1.000051        1326576.        0.000000        1231278.        1231728.       -4.661090       -4.665025       -4.660469       -30711.64        528684.7       0.9286391E-02         437      248377  0.20416    
      143900   -4.664981       -244.4545        1.000043        1326331.        0.000000        1231360.        1231175.       -4.661094       -4.665025       -4.666058       -30699.23        528491.4       0.9281789E-02         438      248000  0.20489    
      144000   -4.664942        89.44337       0.9999922        1326421.        0.000000        1231302.        1231460.       -4.661095       -4.665025       -4.662463       -30727.64        528539.1       0.9284052E-02         436      247325  0.20724    
      144100   -4.665255        364.7211        1.000063        1326785.        0.000000        1231627.        1232044.       -4.661094       -4.665025       -4.660523       -30713.50        528674.6       0.9287890E-02         437      248654  0.20398    
      144200   -4.666261       -16.72877        1.000201        1326769.        0.000000        1232128.        1232167.       -4.661096       -4.665026       -4.663176       -30686.13        528640.4       0.9286853E-02         438      248090  0.20507    
      144300   -4.665945       -60.20916       0.9999368        1326709.        0.000000        1231596.        1231597.       -4.661099       -4.665027       -4.666509       -30697.80        528666.8       0.9283144E-02         436      248799  0.20642    
      144400   -4.665789       -145.1568       0.9999686        1326563.        0.000000        1231636.        1231548.       -4.661102       -4.665027       -4.664640       -30701.50        528583.2       0.9283135E-02         437      248791  0.20376    
      144500   -4.666352        43.39402        1.000113        1326607.        0.000000        1231926.        1232028.       -4.661106       -4.665028       -4.666361       -30672.63        528648.4       0.9285681E-02         437      248596  0.20497    
      144600   -4.666121       -3.696745       0.9999539        1326603.        0.000000        1231591.        1231650.       -4.661109       -4.665029       -4.666666       -30672.88        528784.6       0.9283306E-02         437      248893  0.20722    
      144700   -4.666371        436.1452        1.000050        1327039.        0.000000        1231579.        1232084.       -4.661114       -4.665030       -4.668062       -30653.75        528929.2       0.9286063E-02         438      248196  0.20597    
      144800   -4.667355        73.33210        1.000197        1327113.        0.000000        1232155.        1232285.       -4.661121       -4.665031       -4.671170       -30669.53        528961.8       0.9285789E-02         438      247898  0.20687    
      144900   -4.667864       -106.5704        1.000102        1327006.        0.000000        1232330.        1232284.       -4.661129       -4.665033       -4.672729       -30657.71        528790.2       0.9284798E-02         439      248047  0.20859    
      145000   -4.667753        55.44898       0.9999778        1327061.        0.000000        1232404.        1232529.       -4.661138       -4.665035       -4.673938       -30682.84        528795.1       0.9286854E-02         438      248414  0.20711    
      145100   -4.667558       -124.9043       0.9999611        1326936.        0.000000        1232841.        1232783.       -4.661145       -4.665037       -4.671725       -30719.55        528749.9       0.9289182E-02         439      248847  0.20390    
      145200   -4.667123       -237.8127       0.9999129        1326699.        0.000000        1232687.        1232506.       -4.661146       -4.665039       -4.662407       -30726.71        528862.4       0.9287892E-02         437      248504  0.21201    
      145300   -4.665457       -420.3377       0.9996669        1326278.        0.000000        1232372.        1232005.       -4.661147       -4.665039       -4.662207       -30702.69        528476.2       0.9287170E-02         438      248684  0.20782    
      145400   -4.664187       -207.0815       0.9997459        1326071.        0.000000        1230918.        1230779.       -4.661148       -4.665038       -4.662438       -30692.69        528397.3       0.9280315E-02         438      248188  0.20633    
      145500   -4.663624       -150.9770       0.9998874        1325920.        0.000000        1230858.        1230772.       -4.661149       -4.665037       -4.662145       -30703.53        528265.4       0.9281257E-02         439      248187  0.20853    
      145600   -4.662941       -21.20750       0.9998635        1325899.        0.000000        1230271.        1230302.       -4.661148       -4.665036       -4.660196       -30692.65        528312.0       0.9278978E-02         437      248019  0.20599    
      145700   -4.665123        815.2786        1.000436        1326714.        0.000000        1231143.        1232017.       -4.661151       -4.665036       -4.664773       -30698.84        528712.0       0.9287848E-02         439      248563  0.20401    
      145800   -4.666225        127.1408        1.000220        1326841.        0.000000        1232348.        1232534.       -4.661153       -4.665037       -4.665062       -30688.11        528459.0       0.9289772E-02         439      248740  0.20404    
      145900   -4.667363       -1.721371        1.000228        1326840.        0.000000        1232301.        1232357.       -4.661158       -4.665038       -4.668001       -30677.23        528651.0       0.9286343E-02         439      248616  0.20672    
      146000   -4.666108       -630.4905       0.9997492        1326209.        0.000000        1231845.        1231280.       -4.661163       -4.665039       -4.668338       -30686.41        528435.5       0.9280479E-02         438      249091  0.20652    
      146100   -4.665364        35.22924       0.9998512        1326245.        0.000000        1231385.        1231476.       -4.661167       -4.665039       -4.667353       -30678.44        528530.5       0.9283367E-02         438      247975  0.20655    
      146200   -4.664817        205.0842       0.9998905        1326450.        0.000000        1231043.        1231304.       -4.661173       -4.665039       -4.669630       -30665.71        528600.1       0.9283099E-02         439      249673  0.20600    
      146300   -4.664567       -398.6156       0.9999500        1326051.        0.000000        1231068.        1230734.       -4.661175       -4.665039       -4.664131       -30720.83        528409.3       0.9279308E-02         438      248802  0.20815    
      146400   -4.663019       -276.4236       0.9996905        1325775.        0.000000        1231240.        1231023.       -4.661174       -4.665037       -4.659276       -30712.88        528252.0       0.9284304E-02         438      247658  0.20379    
      146500   -4.663267        172.3250        1.000050        1325947.        0.000000        1230497.        1230727.       -4.661174       -4.665036       -4.662338       -30672.76        528337.2       0.9281604E-02         438      247918  0.20584    
      146600   -4.663317       -26.19234        1.000010        1325921.        0.000000        1230568.        1230602.       -4.661177       -4.665035       -4.664325       -30692.96        528136.6       0.9280586E-02         439      248663  0.20508    
      146700   -4.663954        395.1389        1.000128        1326316.        0.000000        1231276.        1231735.       -4.661180       -4.665034       -4.666508       -30662.26        528413.9       0.9287894E-02         438      248693  0.20795    
      146800   -4.665576        619.3945        1.000324        1326935.        0.000000        1231390.        1232065.       -4.661185       -4.665035       -4.667555       -30728.94        528711.5       0.9287437E-02         439      248263  0.20987    
      146900   -4.666275       -113.6826        1.000140        1326822.        0.000000        1231395.        1231343.       -4.661185       -4.665035       -4.661911       -30697.58        528645.5       0.9280656E-02         439      248768  0.20644    
      147000   -4.666249       -78.29564       0.9999948        1326743.        0.000000        1231591.        1231576.       -4.661187       -4.665036       -4.664314       -30664.53        528719.3       0.9282497E-02         436      248676  0.20434    
      147100   -4.665774       -273.6615       0.9999051        1326470.        0.000000        1232009.        1231794.       -4.661192       -4.665037       -4.667480       -30663.60        528594.0       0.9285000E-02         438      248422  0.20719    
      147200   -4.666050        400.7283        1.000055        1326870.        0.000000        1230947.        1231393.       -4.661197       -4.665037       -4.668600       -30654.66        528901.4       0.9281395E-02         439      249518  0.20516    
      147300   -4.666938        31.69107        1.000178        1326902.        0.000000        1231811.        1231894.       -4.661201       -4.665039       -4.666936       -30681.37        528900.4       0.9283543E-02         439      248820  0.20499    
      147400   -4.665881       -583.2531       0.9997885        1326319.        0.000000        1232348.        1231820.       -4.661203       -4.665039       -4.665317       -30668.38        528547.3       0.9285017E-02         439      248762  0.20680    
      147500   -4.664587       -147.2119       0.9997414        1326172.        0.000000        1231281.        1231184.       -4.661208       -4.665039       -4.667782       -30649.03        528493.4       0.9282615E-02         437      247766  0.20675    
      147600   -4.664841        247.8344        1.000051        1326419.        0.000000        1230844.        1231152.       -4.661218       -4.665039       -4.675478       -30635.70        528540.4       0.9281852E-02         439      248010  0.20422    
      147700   -4.665502        211.8798        1.000132        1326631.        0.000000        1231926.        1232186.       -4.661226       -4.665039       -4.674245       -30635.00        528690.2       0.9288473E-02         437      248463  0.20518    
      147800   -4.664899       -748.2198       0.9998793        1325883.        0.000000        1231996.        1231303.       -4.661233       -4.665039       -4.670487       -30664.06        528383.7       0.9282933E-02         439      248310  0.20692    
      147900   -4.663295       -58.64572       0.9996793        1325824.        0.000000        1231135.        1231139.       -4.661235       -4.665038       -4.664703       -30650.72        528342.3       0.9284629E-02         437      248597  0.21071    
      148000   -4.662939        115.0227       0.9999288        1325939.        0.000000        1230651.        1230825.       -4.661240       -4.665037       -4.668477       -30633.88        528250.2       0.9283006E-02         438      248685  0.20407    
      148100   -4.664092        567.7753        1.000231        1326507.        0.000000        1230580.        1231208.       -4.661247       -4.665036       -4.671632       -30644.06        528449.8       0.9283675E-02         438      248685  0.20505    
      148200   -4.666501        82.26668        1.000482        1326589.        0.000000        1232078.        1232218.       -4.661257       -4.665037       -4.676041       -30646.97        528576.7       0.9286896E-02         438      248664  0.20795    
      148300   -4.664936       -338.3142       0.9996871        1326251.        0.000000        1231423.        1231148.       -4.661261       -4.665037       -4.667666       -30667.04        528362.6       0.9281683E-02         437      248616  0.20452    
      148400   -4.665323        361.5618        1.000077        1326613.        0.000000        1232170.        1232582.       -4.661262       -4.665037       -4.662105       -30671.10        528497.4       0.9291805E-02         438      248378  0.20607    
      148500   -4.664952       -321.8980       0.9999257        1326291.        0.000000        1231528.        1231277.       -4.661266       -4.665037       -4.666908       -30662.94        528328.0       0.9282666E-02         439      248584  0.20749    
      148600   -4.664689        86.79243       0.9999474        1326378.        0.000000        1231518.        1231664.       -4.661269       -4.665037       -4.666269       -30666.71        528388.5       0.9286101E-02         438      248291  0.35263    
      148700   -4.665804        271.7651        1.000223        1326649.        0.000000        1231710.        1232040.       -4.661274       -4.665037       -4.668141       -30621.61        528651.8       0.9286811E-02         437      248530  0.20967    
      148800   -4.665571       -493.7970       0.9999533        1326156.        0.000000        1231671.        1231240.       -4.661279       -4.665038       -4.669308       -30631.14        528476.7       0.9281205E-02         439      248261  0.24712    
      148900   -4.663441       -408.1365       0.9995742        1325747.        0.000000        1231320.        1230966.       -4.661284       -4.665036       -4.668259       -30634.83        528211.5       0.9283088E-02         437      247621  0.32100    
      149000   -4.663199        186.3632       0.9999515        1325934.        0.000000        1230632.        1230881.       -4.661285       -4.665035       -4.662484       -30657.79        528344.7       0.9282899E-02         438      248217  0.20873    
      149100   -4.663447        112.0550        1.000050        1326046.        0.000000        1230691.        1230865.       -4.661288       -4.665034       -4.665604       -30650.34        528289.4       0.9282318E-02         436      248051  0.20606    
      149200   -4.664344        101.9466        1.000179        1326148.        0.000000        1230981.        1231137.       -4.661292       -4.665034       -4.667023       -30668.48        528478.8       0.9282611E-02         438      248775  0.20511    
      149300   -4.664113        52.14036       0.9999538        1326200.        0.000000        1231469.        1231582.       -4.661294       -4.665033       -4.665211       -30687.52        528388.2       0.9286463E-02         439      248241  0.20368    
      149400   -4.664213       -47.73872        1.000020        1326152.        0.000000        1231664.        1231677.       -4.661299       -4.665033       -4.667785       -30669.74        528273.3       0.9287029E-02         439      248246  0.20825    
      149500   -4.663823       -304.7367       0.9999219        1325847.        0.000000        1230639.        1230385.       -4.661304       -4.665032       -4.669320       -30667.70        528251.5       0.9277988E-02         439      249077  0.20509    
      149600   -4.663569        311.3480       0.9999493        1326159.        0.000000        1230736.        1231110.       -4.661305       -4.665031       -4.663184       -30725.25        528417.9       0.9283961E-02         438      247554  0.20740    
      149700   -4.664456        106.5815        1.000177        1326265.        0.000000        1231024.        1231196.       -4.661305       -4.665030       -4.660554       -30709.66        528422.1       0.9282986E-02         438      249165  0.20671    
      149800   -4.665183        230.8084        1.000145        1326496.        0.000000        1231234.        1231522.       -4.661305       -4.665030       -4.661683       -30740.67        528653.1       0.9284033E-02         439      249018  0.20586    
      149900   -4.664651       -559.4129       0.9998937        1325937.        0.000000        1231193.        1230704.       -4.661306       -4.665030       -4.662335       -30680.73        528256.5       0.9278873E-02         437      247860  0.20432    
      150000   -4.663877        295.4489       0.9998452        1326232.        0.000000        1230980.        1231328.       -4.661308       -4.665029       -4.664577       -30727.54        528400.8       0.9285003E-02         437      248445  0.20800    
      150100   -4.665029        314.4128        1.000230        1326547.        0.000000        1231609.        1231983.       -4.661307       -4.665029       -4.659392       -30735.01        528693.2       0.9287805E-02         437      248740  0.20894    
      150200   -4.665325       -249.3736        1.000059        1326297.        0.000000        1231820.        1231634.       -4.661303       -4.665030       -4.656077       -30755.55        528445.6       0.9284630E-02         438      248596  0.20394    
      150300   -4.665265        80.79738       0.9999879        1326378.        0.000000        1231619.        1231761.       -4.661302       -4.665030       -4.659958       -30710.21        528468.6       0.9285701E-02         439      249164  0.20628    
      150400   -4.664476       -29.03155       0.9998422        1326349.        0.000000        1231652.        1231692.       -4.661303       -4.665029       -4.663107       -30746.49        528364.4       0.9286662E-02         438      249513  0.20710    
      150500   -4.664872        168.7270        1.000079        1326518.        0.000000        1231491.        1231721.       -4.661302       -4.665029       -4.659939       -30720.40        528619.2       0.9286145E-02         438      248041  0.20397    
      150600   -4.665804        278.6532        1.000186        1326796.        0.000000        1231348.        1231686.       -4.661301       -4.665030       -4.659792       -30778.04        528663.6       0.9284151E-02         438      248203  0.20766    
      150700   -4.666495        35.88954        1.000138        1326832.        0.000000        1232120.        1232223.       -4.661298       -4.665031       -4.656791       -30751.88        528659.6       0.9286931E-02         437      248575  0.20586    
      150800   -4.666440       -251.8417       0.9999890        1326580.        0.000000        1232197.        1232002.       -4.661299       -4.665032       -4.661516       -30733.93        528663.6       0.9285357E-02         438      248014  0.20533    
      150900   -4.665791      -0.6943061E-01   0.9998704        1326580.        0.000000        1231147.        1231214.       -4.661298       -4.665032       -4.660591       -30718.78        528591.0       0.9280616E-02         437      248199  0.20503    
      151000   -4.666015       -8.397648        1.000045        1326572.        0.000000        1231686.        1231739.       -4.661297       -4.665033       -4.660322       -30733.06        528435.1       0.9284155E-02         437      248853  0.20567    
      151100   -4.664426       -659.4187       0.9996822        1325913.        0.000000        1230659.        1230067.       -4.661299       -4.665032       -4.664097       -30670.64        528319.0       0.9274451E-02         438      247554  0.20826    
      151200   -4.663582        148.0251       0.9998311        1326061.        0.000000        1230797.        1231003.       -4.661302       -4.665031       -4.664910       -30685.26        528232.1       0.9283150E-02         438      248277  0.20761    
      151300   -4.664776        407.0040        1.000239        1326468.        0.000000        1231422.        1231891.       -4.661306       -4.665031       -4.667264       -30673.76        528351.3       0.9287586E-02         439      247842  0.20555    
      151400   -4.664928        38.88138        1.000031        1326506.        0.000000        1231634.        1231742.       -4.661308       -4.665031       -4.664201       -30685.49        528463.8       0.9286206E-02         439      249002  0.21011    
      151500   -4.664615       -354.4357       0.9999373        1326152.        0.000000        1231708.        1231416.       -4.661307       -4.665031       -4.660946       -30704.07        528212.5       0.9284294E-02         437      248040  0.20348    
      151600   -4.664124        399.7644       0.9999018        1326552.        0.000000        1230991.        1231451.       -4.661309       -4.665030       -4.664539       -30656.08        528552.3       0.9285503E-02         438      248544  0.20746    
      151700   -4.664717       -278.0403        1.000119        1326274.        0.000000        1231176.        1230968.       -4.661313       -4.665030       -4.667348       -30658.44        528537.1       0.9280741E-02         437      248243  0.20750    
      151800   -4.664752        278.2272        1.000007        1326552.        0.000000        1231179.        1231513.       -4.661317       -4.665030       -4.666338       -30708.54        528466.5       0.9284752E-02         437      248111  0.20621    
      151900   -4.665406       -158.6702        1.000131        1326393.        0.000000        1231135.        1231038.       -4.661318       -4.665030       -4.663417       -30700.59        528247.3       0.9279983E-02         438      248081  0.21048    
      152000   -4.665009        16.17643       0.9999206        1326410.        0.000000        1231696.        1231771.       -4.661322       -4.665030       -4.666728       -30643.05        528440.9       0.9286182E-02         438      248578  0.20660    
      152100   -4.665081        54.17553        1.000014        1326464.        0.000000        1231020.        1231133.       -4.661327       -4.665030       -4.669176       -30682.62        528543.7       0.9281309E-02         439      248180  0.20895    
      152200   -4.665392        157.5461        1.000062        1326621.        0.000000        1231653.        1231858.       -4.661332       -4.665030       -4.669124       -30628.49        528499.7       0.9286165E-02         438      248866  0.20422    
      152300   -4.665577       -132.3227        1.000037        1326489.        0.000000        1232222.        1232162.       -4.661338       -4.665031       -4.670808       -30652.03        528575.3       0.9288155E-02         436      248437  0.20829    
      152400   -4.664798       -232.4968       0.9998443        1326256.        0.000000        1231338.        1231158.       -4.661342       -4.665031       -4.666243       -30663.71        528429.5       0.9282033E-02         436      248894  0.20685    
      152500   -4.663191       -767.0634       0.9996786        1325489.        0.000000        1230295.        1229588.       -4.661343       -4.665029       -4.664054       -30660.97        528170.6       0.9273178E-02         438      248033  0.20691    
      152600   -4.661545        43.01052       0.9996708        1325532.        0.000000        1230209.        1230313.       -4.661345       -4.665027       -4.664159       -30644.07        528144.3       0.9281678E-02         438      249232  0.20949    
      152700   -4.662269        289.2178        1.000145        1325822.        0.000000        1230748.        1231100.       -4.661349       -4.665025       -4.666584       -30670.78        528196.2       0.9286274E-02         438      249054  0.20719    
      152800   -4.663124        227.2850        1.000171        1326049.        0.000000        1231519.        1231803.       -4.661353       -4.665024       -4.667328       -30650.47        528524.7       0.9289993E-02         438      248788  0.20509    
      152900   -4.665258        606.0984        1.000427        1326655.        0.000000        1231533.        1232198.       -4.661357       -4.665024       -4.668635       -30670.10        528575.6       0.9288969E-02         438      248200  0.20887    
      153000   -4.667300        693.8654        1.000408        1327349.        0.000000        1231950.        1232706.       -4.661361       -4.665026       -4.666579       -30713.47        528791.2       0.9289051E-02         439      249663  0.20613    
      153100   -4.667351       -658.0795        1.000010        1326691.        0.000000        1232343.        1231740.       -4.661362       -4.665027       -4.663544       -30727.52        528507.8       0.9281640E-02         439      248135  0.20841    
      153200   -4.665866       -1.069868       0.9997031        1326690.        0.000000        1231979.        1232036.       -4.661362       -4.665028       -4.660535       -30714.66        528407.0       0.9286677E-02         437      248575  0.20759    
      153300   -4.665461       -306.1667       0.9999190        1326384.        0.000000        1231859.        1231614.       -4.661362       -4.665028       -4.662288       -30707.26        528309.1       0.9284223E-02         437      249180  0.20486    
      153400   -4.664124       -293.2550       0.9997326        1326090.        0.000000        1231352.        1231117.       -4.661363       -4.665028       -4.661923       -30727.77        528232.6       0.9282944E-02         438      248485  0.20385    
      153500   -4.664691        485.5336        1.000113        1326576.        0.000000        1231175.        1231729.       -4.661364       -4.665027       -4.662856       -30725.75        528428.3       0.9286561E-02         438      248231  0.20864    
      153600   -4.666008        143.9161        1.000263        1326720.        0.000000        1231613.        1231817.       -4.661365       -4.665028       -4.663636       -30716.80        528552.9       0.9284767E-02         438      247758  0.20631    
      153700   -4.666128       -295.6023        1.000024        1326424.        0.000000        1231926.        1231693.       -4.661366       -4.665029       -4.662882       -30690.10        528643.4       0.9283650E-02         437      248700  0.20807    
      153800   -4.664694       -85.60313       0.9997134        1326338.        0.000000        1231029.        1231007.       -4.661368       -4.665028       -4.664582       -30708.78        528480.6       0.9281085E-02         438      249299  0.20406    
      153900   -4.665171       -20.86628        1.000095        1326318.        0.000000        1231022.        1231061.       -4.661371       -4.665029       -4.666068       -30668.88        528410.3       0.9280608E-02         437      248425  0.20711    
      154000   -4.663545       -263.8976       0.9996748        1326054.        0.000000        1230556.        1230353.       -4.661375       -4.665028       -4.667779       -30660.86        528341.9       0.9278280E-02         438      248382  0.20708    
      154100   -4.663531       -18.58761       0.9999973        1326035.        0.000000        1230587.        1230633.       -4.661379       -4.665027       -4.666403       -30662.42        528166.6       0.9280427E-02         437      248020  0.20385    
      154200   -4.663446       -36.45567       0.9999829        1325999.        0.000000        1231023.        1231040.       -4.661378       -4.665026       -4.660376       -30676.93        528256.2       0.9283607E-02         438      248505  0.21220    
      154300   -4.663479        127.2365        1.000007        1326126.        0.000000        1231209.        1231392.       -4.661381       -4.665025       -4.666325       -30664.55        528428.7       0.9286246E-02         437      248349  0.20691    
      154400   -4.664693        233.6487        1.000243        1326360.        0.000000        1231311.        1231599.       -4.661382       -4.665024       -4.662934       -30705.84        528482.7       0.9285534E-02         438      248678  0.20762    
      154500   -4.665633        192.5076        1.000188        1326552.        0.000000        1231640.        1231892.       -4.661384       -4.665025       -4.663515       -30684.84        528414.0       0.9286031E-02         438      248304  0.20796    
      154600   -4.665849        60.06973        1.000043        1326612.        0.000000        1232288.        1232416.       -4.661386       -4.665025       -4.664833       -30684.73        528530.2       0.9289535E-02         439      248690  0.20494    
      154700   -4.665239       -190.8751       0.9998780        1326421.        0.000000        1231816.        1231686.       -4.661387       -4.665025       -4.663596       -30691.87        528471.8       0.9285190E-02         438      248564  0.20422    
      154800   -4.664734       -76.07697       0.9998992        1326345.        0.000000        1231384.        1231364.       -4.661387       -4.665025       -4.661116       -30692.00        528567.9       0.9283706E-02         439      248651  0.20574    
      154900   -4.665140        185.8458        1.000081        1326531.        0.000000        1231655.        1231906.       -4.661392       -4.665025       -4.668293       -30638.57        528612.5       0.9287094E-02         439      247608  0.20601    
      155000   -4.665905        252.7206        1.000153        1326784.        0.000000        1232164.        1232486.       -4.661395       -4.665026       -4.667250       -30676.51        528682.2       0.9289977E-02         439      249132  0.20532    
      155100   -4.666019       -197.9130        1.000023        1326586.        0.000000        1231813.        1231673.       -4.661400       -4.665026       -4.667995       -30703.72        528788.6       0.9283591E-02         438      248441  0.20524    
      155200   -4.665339       -138.5424       0.9998639        1326447.        0.000000        1231372.        1231286.       -4.661405       -4.665027       -4.669227       -30663.25        528517.2       0.9281990E-02         439      248337  0.20879    
      155300   -4.665350        35.17430        1.000002        1326482.        0.000000        1231441.        1231539.       -4.661411       -4.665027       -4.670278       -30673.25        528548.0       0.9283896E-02         438      248315  0.20791    
      155400   -4.664416       -444.7995       0.9998131        1326038.        0.000000        1231227.        1230836.       -4.661416       -4.665026       -4.669972       -30644.20        528318.5       0.9280335E-02         438      249315  0.20439    
      155500   -4.663836        81.72842       0.9998841        1326119.        0.000000        1230686.        1230828.       -4.661423       -4.665026       -4.671481       -30674.41        528357.1       0.9281346E-02         439      247985  0.20872    
      155600   -4.663628        48.12297       0.9999583        1326168.        0.000000        1231110.        1231211.       -4.661428       -4.665025       -4.669464       -30667.85        528394.9       0.9284551E-02         439      249242  0.20600    
      155700   -4.664052       -303.4890        1.000085        1325864.        0.000000        1231077.        1230829.       -4.661431       -4.665024       -4.666592       -30665.51        528255.9       0.9280943E-02         438      248474  0.20411    
      155800   -4.663202        59.07325       0.9998300        1325923.        0.000000        1230825.        1230940.       -4.661435       -4.665023       -4.667846       -30629.21        528405.6       0.9283273E-02         437      247983  0.20825    
      155900   -4.664060        522.6815        1.000172        1326446.        0.000000        1231238.        1231821.       -4.661439       -4.665022       -4.666914       -30683.97        528580.6       0.9288381E-02         439      248877  0.20760    
      156000   -4.666514        376.8718        1.000491        1326823.        0.000000        1231186.        1231625.       -4.661441       -4.665023       -4.665041       -30715.27        528568.4       0.9282396E-02         438      249365  0.20425    
      156100   -4.666054       -155.7970       0.9999081        1326667.        0.000000        1231990.        1231903.       -4.661441       -4.665024       -4.661791       -30710.75        528541.2       0.9285307E-02         437      248630  0.20734    
      156200   -4.666084        98.57483        1.000006        1326765.        0.000000        1232144.        1232313.       -4.661445       -4.665025       -4.667047       -30680.97        528694.2       0.9288362E-02         437      248243  0.20731    
      156300   -4.666375       -182.6331        1.000058        1326583.        0.000000        1232091.        1231970.       -4.661449       -4.665026       -4.668261       -30687.25        528472.2       0.9285198E-02         438      248212  0.20417    
      156400   -4.664571       -254.7406       0.9996392        1326328.        0.000000        1231491.        1231299.       -4.661453       -4.665025       -4.666425       -30697.48        528441.6       0.9283542E-02         435      248411  0.20658    
      156500   -4.664687       -7.900252        1.000023        1326320.        0.000000        1231187.        1231234.       -4.661457       -4.665025       -4.668658       -30667.39        528363.1       0.9282794E-02         438      248778  0.20647    
      156600   -4.664681        147.2193       0.9999988        1326467.        0.000000        1231991.        1232196.       -4.661460       -4.665025       -4.665762       -30704.88        528472.5       0.9290073E-02         437      248877  0.20390    
      156700   -4.665238       -110.3993        1.000111        1326357.        0.000000        1231954.        1231899.       -4.661460       -4.665025       -4.661945       -30729.26        528370.3       0.9286780E-02         438      248562  0.20441    
      156800   -4.666138        572.8495        1.000180        1326930.        0.000000        1231343.        1231981.       -4.661460       -4.665026       -4.661588       -30746.16        528731.8       0.9285768E-02         437      248483  0.20488    
      156900   -4.667234        21.89176        1.000219        1326952.        0.000000        1231989.        1232072.       -4.661460       -4.665027       -4.660809       -30756.41        528651.5       0.9284386E-02         439      248670  0.20465    
      157000   -4.666866       -126.5721       0.9999265        1326825.        0.000000        1231878.        1231821.       -4.661460       -4.665028       -4.661799       -30734.47        528703.5       0.9283206E-02         437      248608  0.20688    
      157100   -4.666345       -166.3212       0.9998958        1326659.        0.000000        1231596.        1231491.       -4.661460       -4.665029       -4.661899       -30725.57        528634.3       0.9281653E-02         438      248896  0.21000    
      157200   -4.666331        86.99799       0.9999972        1326746.        0.000000        1232029.        1232167.       -4.661458       -4.665030       -4.657523       -30778.09        528627.9       0.9286748E-02         438      248514  0.20995    
      157300   -4.665873       -182.1437       0.9999083        1326564.        0.000000        1231560.        1231441.       -4.661454       -4.665031       -4.654836       -30749.60        528482.1       0.9282115E-02         438      248876  0.20393    
      157400   -4.665754        82.90828       0.9999762        1326647.        0.000000        1231566.        1231719.       -4.661453       -4.665031       -4.660168       -30727.78        528656.1       0.9284513E-02         437      249371  0.20669    
      157500   -4.665511       -399.0928       0.9999514        1326248.        0.000000        1232283.        1231936.       -4.661455       -4.665031       -4.665641       -30686.96        528315.3       0.9286548E-02         438      248807  0.20621    
      157600   -4.664485        52.76466       0.9997949        1326300.        0.000000        1230927.        1231038.       -4.661458       -4.665031       -4.666053       -30707.08        528511.0       0.9281684E-02         439      248239  0.20425    
      157700   -4.664492        74.11052        1.000001        1326374.        0.000000        1231251.        1231390.       -4.661460       -4.665031       -4.664219       -30686.05        528507.7       0.9284346E-02         438      249159  0.20723    
      157800   -4.664155       -411.5008       0.9999326        1325963.        0.000000        1231255.        1230910.       -4.661463       -4.665030       -4.666385       -30679.64        528232.5       0.9281336E-02         438      247999  0.20425    
      157900   -4.664458        467.0777        1.000060        1326430.        0.000000        1231236.        1231764.       -4.661464       -4.665030       -4.662943       -30703.23        528442.1       0.9287222E-02         439      249092  0.20785    
      158000   -4.665254       -48.44193        1.000159        1326382.        0.000000        1231158.        1231173.       -4.661467       -4.665030       -4.665738       -30695.78        528514.6       0.9281252E-02         438      248868  0.20579    
      158100   -4.666120        573.7334        1.000173        1326955.        0.000000        1231753.        1232386.       -4.661469       -4.665031       -4.664735       -30726.82        528749.6       0.9288803E-02         438      248954  0.21017    
      158200   -4.666423       -142.3153        1.000061        1326813.        0.000000        1231856.        1231773.       -4.661470       -4.665031       -4.662576       -30703.16        528838.7       0.9283647E-02         439      248431  0.20617    
      158300   -4.665818       -234.4691       0.9998790        1326578.        0.000000        1232174.        1231995.       -4.661469       -4.665032       -4.659765       -30754.14        528525.3       0.9286389E-02         437      248560  0.21005    
      158400   -4.666185        130.9829        1.000073        1326709.        0.000000        1231699.        1231890.       -4.661466       -4.665033       -4.657157       -30731.56        528505.6       0.9284949E-02         439      248402  0.20840    
      158500   -4.665771       -307.7377       0.9999173        1326402.        0.000000        1231799.        1231554.       -4.661465       -4.665033       -4.659905       -30716.44        528325.5       0.9283209E-02         438      249179  0.21217    
      158600   -4.664062       -302.9302       0.9996583        1326099.        0.000000        1231218.        1230982.       -4.661465       -4.665033       -4.662168       -30711.31        528353.7       0.9282055E-02         439      247868  0.20431    
      158700   -4.664282        168.5549        1.000044        1326267.        0.000000        1230999.        1231222.       -4.661466       -4.665032       -4.662833       -30726.68        528570.4       0.9283444E-02         437      248762  0.20676    
      158800   -4.664816        184.8101        1.000107        1326452.        0.000000        1230854.        1231093.       -4.661465       -4.665032       -4.660258       -30730.98        528540.5       0.9281477E-02         436      247686  0.20570    
      158900   -4.665864        124.6465        1.000210        1326577.        0.000000        1231734.        1231926.       -4.661464       -4.665032       -4.658653       -30772.57        528614.2       0.9285885E-02         438      248032  0.20420    
      159000   -4.665316       -246.7146       0.9998904        1326330.        0.000000        1231658.        1231473.       -4.661463       -4.665033       -4.660428       -30742.43        528332.6       0.9283461E-02         439      249031  0.21345    
      159100   -4.665870        521.4121        1.000111        1326852.        0.000000        1231450.        1232033.       -4.661464       -4.665033       -4.662979       -30757.84        528776.7       0.9286581E-02         439      248562  0.20620    
      159200   -4.667944        627.6137        1.000415        1327479.        0.000000        1232275.        1232964.       -4.661465       -4.665035       -4.663083       -30749.07        528959.6       0.9289805E-02         439      249288  0.20551    
      159300   -4.668818        50.58410        1.000175        1327530.        0.000000        1233013.        1233119.       -4.661469       -4.665037       -4.667315       -30718.39        528876.9       0.9289355E-02         438      249081  0.20636    
      159400   -4.667855       -595.8251       0.9998076        1326934.        0.000000        1232155.        1231618.       -4.661471       -4.665039       -4.665051       -30691.20        528782.8       0.9279819E-02         438      249460  0.21280    
      159500   -4.666104       -657.8656       0.9996498        1326276.        0.000000        1232158.        1231557.       -4.661472       -4.665040       -4.663596       -30707.75        528573.5       0.9282582E-02         438      249006  0.20732    
      159600   -4.664088       -490.3586       0.9995970        1325786.        0.000000        1231597.        1231168.       -4.661475       -4.665039       -4.665732       -30671.31        528357.0       0.9283414E-02         439      248679  0.20487    
      159700   -4.663290        25.86464       0.9998403        1325812.        0.000000        1230882.        1230961.       -4.661479       -4.665038       -4.667144       -30697.88        528305.6       0.9283317E-02         438      248004  0.20636    
      159800   -4.663497        167.8669        1.000041        1325979.        0.000000        1230783.        1231011.       -4.661480       -4.665037       -4.664007       -30738.94        528436.1       0.9283320E-02         439      247939  0.20532    
      159900   -4.664906        624.5827        1.000282        1326604.        0.000000        1231384.        1232062.       -4.661480       -4.665037       -4.661139       -30743.81        528477.0       0.9288631E-02         437      248503  0.20574    
      160000   -4.665025       -177.1640        1.000024        1326427.        0.000000        1231662.        1231543.       -4.661480       -4.665037       -4.661963       -30758.65        528277.2       0.9284473E-02         439      249324  0.20628    
      160100   -4.664836       -58.44124       0.9999623        1326368.        0.000000        1231458.        1231460.       -4.661482       -4.665037       -4.663803       -30733.17        528312.6       0.9284214E-02         439      248655  0.21144    
      160200   -4.664187       -472.3001       0.9998702        1325896.        0.000000        1230927.        1230514.       -4.661483       -4.665036       -4.663180       -30740.98        528223.9       0.9278301E-02         436      248330  0.20412    
      160300   -4.663217        83.02126       0.9998060        1325979.        0.000000        1230865.        1231004.       -4.661481       -4.665035       -4.659121       -30714.23        528218.6       0.9283770E-02         438      247909  0.20987    
      160400   -4.662726       -197.9064       0.9999018        1325781.        0.000000        1230541.        1230402.       -4.661483       -4.665034       -4.664709       -30681.27        528112.0       0.9280173E-02         438      248519  0.20548    
      160500   -4.663243        168.6488        1.000104        1325950.        0.000000        1230343.        1230578.       -4.661486       -4.665033       -4.665019       -30682.21        528316.3       0.9280517E-02         438      249339  0.20453    
      160600   -4.664207        465.8795        1.000193        1326416.        0.000000        1230734.        1231260.       -4.661486       -4.665032       -4.662841       -30730.16        528578.6       0.9283854E-02         439      249291  0.20495    
      160700   -4.665333       -30.77741        1.000225        1326385.        0.000000        1231018.        1231043.       -4.661487       -4.665032       -4.662474       -30697.88        528515.8       0.9280149E-02         439      248339  0.21062    
      160800   -4.664889       -133.2988       0.9999112        1326252.        0.000000        1231561.        1231495.       -4.661490       -4.665032       -4.665625       -30672.35        528336.2       0.9284445E-02         437      248646  0.20997    
      160900   -4.664858        44.35037       0.9999938        1326296.        0.000000        1230840.        1230943.       -4.661491       -4.665032       -4.664131       -30714.85        528228.0       0.9280290E-02         439      248140  0.20540    
      161000   -4.665268        223.3179        1.000082        1326519.        0.000000        1231223.        1231509.       -4.661495       -4.665032       -4.667968       -30657.57        528482.2       0.9283781E-02         438      248348  0.20684    
      161100   -4.666454        218.5744        1.000237        1326738.        0.000000        1231664.        1231947.       -4.661499       -4.665033       -4.668224       -30685.09        528354.9       0.9284911E-02         436      248660  0.20617    
      161200   -4.666042       -13.44282       0.9999175        1326724.        0.000000        1231761.        1231809.       -4.661504       -4.665034       -4.668852       -30670.04        528872.2       0.9284620E-02         439      248100  0.20847    
      161300   -4.665642       -190.5350       0.9999199        1326534.        0.000000        1231077.        1230941.       -4.661510       -4.665034       -4.670395       -30671.83        528521.2       0.9278772E-02         438      248797  0.20638    
      161400   -4.665101       -185.1595       0.9998919        1326349.        0.000000        1231174.        1231057.       -4.661516       -4.665034       -4.671080       -30680.97        528508.4       0.9280747E-02         438      248884  0.20765    
      161500   -4.664727       -211.3815       0.9999252        1326137.        0.000000        1231298.        1231149.       -4.661521       -4.665034       -4.669748       -30644.00        528185.7       0.9282122E-02         438      248162  0.20476    
      161600   -4.664779        501.4125        1.000010        1326639.        0.000000        1231405.        1231957.       -4.661526       -4.665034       -4.669796       -30656.79        528500.0       0.9288090E-02         436      249023  0.20575    
      161700   -4.666581        388.8554        1.000361        1327028.        0.000000        1232127.        1232576.       -4.661530       -4.665035       -4.667611       -30685.03        528619.6       0.9289386E-02         439      248332  0.20646    
      161800   -4.667029        29.14466        1.000090        1327057.        0.000000        1231905.        1231986.       -4.661532       -4.665036       -4.665089       -30698.06        528878.3       0.9284107E-02         438      248351  0.20683    
      161900   -4.666948       -401.0749       0.9999836        1326656.        0.000000        1232173.        1231826.       -4.661534       -4.665037       -4.665469       -30694.36        528574.3       0.9283036E-02         438      248417  0.20691    
      162000   -4.665712        25.12836       0.9997529        1326681.        0.000000        1232285.        1232370.       -4.661537       -4.665038       -4.665250       -30703.49        528693.3       0.9289478E-02         437      249414  0.20787    
      162100   -4.666018        61.66310        1.000061        1326742.        0.000000        1232215.        1232336.       -4.661538       -4.665038       -4.663377       -30720.74        528649.0       0.9288653E-02         439      249156  0.20401    
      162200   -4.665533       -143.5481       0.9999031        1326599.        0.000000        1231726.        1231649.       -4.661537       -4.665039       -4.659877       -30732.81        528566.6       0.9284316E-02         439      247921  0.20527    
      162300   -4.666621        341.2506        1.000218        1326940.        0.000000        1232050.        1232448.       -4.661535       -4.665040       -4.658809       -30715.60        528759.4       0.9288361E-02         437      249139  0.20444    
      162400   -4.666997        111.5734        1.000075        1327052.        0.000000        1232473.        1232643.       -4.661535       -4.665041       -4.661824       -30702.14        528726.1       0.9289135E-02         437      248393  0.20668    
      162500   -4.667218       -248.4089        1.000044        1326803.        0.000000        1232048.        1231858.       -4.661538       -4.665042       -4.665360       -30688.62        528615.3       0.9282752E-02         439      248578  0.20626    
      162600   -4.665694       -191.6342       0.9996952        1326612.        0.000000        1232289.        1232160.       -4.661541       -4.665043       -4.667840       -30672.38        528653.8       0.9287971E-02         438      248842  0.20499    
      162700   -4.664997       -170.1714       0.9998606        1326442.        0.000000        1231688.        1231584.       -4.661544       -4.665043       -4.666507       -30682.36        528405.1       0.9284858E-02         439      248807  0.20957    
      162800   -4.665777        123.0821        1.000156        1326565.        0.000000        1231927.        1232117.       -4.661547       -4.665043       -4.664956       -30706.84        528369.9       0.9287454E-02         437      248337  0.20476    
      162900   -4.666115        188.2486        1.000068        1326753.        0.000000        1232176.        1232426.       -4.661550       -4.665044       -4.666595       -30672.52        528602.3       0.9289163E-02         438      248131  0.20997    
      163000   -4.666374       -308.5162        1.000052        1326444.        0.000000        1232218.        1231974.       -4.661553       -4.665045       -4.667119       -30685.84        528251.8       0.9285224E-02         436      247742  0.20605    
      163100   -4.665934        261.5619       0.9999120        1326706.        0.000000        1231564.        1231882.       -4.661554       -4.665045       -4.663364       -30714.53        528481.0       0.9285375E-02         438      249387  0.20472    
      163200   -4.666626        129.5215        1.000138        1326835.        0.000000        1231885.        1232069.       -4.661553       -4.665046       -4.660257       -30737.29        528483.8       0.9285467E-02         439      248198  0.20866    
      163300   -4.666242       -235.4464       0.9999231        1326600.        0.000000        1232138.        1231970.       -4.661554       -4.665047       -4.661673       -30699.39        528518.6       0.9285478E-02         437      248818  0.20787    
      163400   -4.665339       -560.8296       0.9998194        1326039.        0.000000        1231748.        1231252.       -4.661552       -4.665047       -4.658578       -30734.78        528179.3       0.9281768E-02         438      248195  0.20429    
      163500   -4.663179       -258.4468       0.9995682        1325781.        0.000000        1230826.        1230634.       -4.661550       -4.665046       -4.658011       -30707.90        528327.7       0.9281117E-02         438      248052  0.20937    
      163600   -4.663407        399.0756        1.000045        1326180.        0.000000        1230613.        1231062.       -4.661548       -4.665045       -4.659785       -30721.65        528343.7       0.9283828E-02         438      249196  0.21044    
      163700   -4.665245        436.8043        1.000368        1326617.        0.000000        1230642.        1231138.       -4.661548       -4.665045       -4.660409       -30743.49        528478.0       0.9281034E-02         436      248036  0.20618    
      163800   -4.666507       -11.72355        1.000252        1326605.        0.000000        1232048.        1232099.       -4.661549       -4.665046       -4.663127       -30702.56        528498.8       0.9285955E-02         437      249052  0.20488    
      163900   -4.666424       -124.2325       0.9999833        1326481.        0.000000        1232515.        1232444.       -4.661551       -4.665047       -4.664625       -30735.21        528490.2       0.9288675E-02         438      248242  0.20527    
      164000   -4.665128       -125.1724       0.9997408        1326355.        0.000000        1231963.        1231905.       -4.661551       -4.665047       -4.661916       -30716.77        528498.5       0.9287081E-02         439      247785  0.20690    
      164100   -4.665573        202.5885        1.000089        1326558.        0.000000        1231493.        1231762.       -4.661552       -4.665047       -4.663009       -30717.00        528538.6       0.9285154E-02         438      248771  0.20419    
      164200   -4.665035       -403.0917       0.9998923        1326155.        0.000000        1231359.        1231017.       -4.661549       -4.665047       -4.657318       -30759.55        528384.7       0.9280520E-02         439      248839  0.20525    
      164300   -4.665198        575.6102        1.000033        1326731.        0.000000        1231056.        1231680.       -4.661547       -4.665047       -4.658650       -30748.96        528653.9       0.9285190E-02         438      249260  0.20681    
      164400   -4.667326        472.2408        1.000426        1327203.        0.000000        1232333.        1232865.       -4.661547       -4.665049       -4.660933       -30751.94        528818.1       0.9290211E-02         437      249364  0.20680    
      164500   -4.667537       -480.7519        1.000042        1326722.        0.000000        1232352.        1231926.       -4.661548       -4.665050       -4.662755       -30745.87        528469.9       0.9282716E-02         438      249035  0.20687    
      164600   -4.664907       -458.2981       0.9994741        1326264.        0.000000        1231371.        1230974.       -4.661547       -4.665050       -4.660188       -30745.66        528335.5       0.9280465E-02         438      248123  0.20554    
      164700   -4.664225       -267.5285       0.9998635        1325996.        0.000000        1231269.        1231054.       -4.661547       -4.665050       -4.661968       -30727.16        528386.4       0.9282323E-02         437      247949  0.20435    
      164800   -4.662992       -262.5421       0.9997536        1325734.        0.000000        1231051.        1230854.       -4.661548       -4.665048       -4.662790       -30721.18        528134.9       0.9283095E-02         437      248539  0.20630    
      164900   -4.663615        639.4678        1.000125        1326373.        0.000000        1231335.        1232033.       -4.661549       -4.665047       -4.663026       -30728.32        528439.2       0.9290785E-02         437      248941  0.20765    
      165000   -4.664173       -422.5930        1.000111        1325951.        0.000000        1231162.        1230795.       -4.661549       -4.665047       -4.661396       -30723.51        528446.9       0.9280430E-02         438      248497  0.20464    
      165100   -4.663347       -51.68917       0.9998350        1325899.        0.000000        1230888.        1230893.       -4.661547       -4.665046       -4.659178       -30712.74        528356.6       0.9282736E-02         439      248247  0.20865    
      165200   -4.662442       -137.4949       0.9998189        1325761.        0.000000        1230652.        1230579.       -4.661546       -4.665044       -4.659778       -30719.43        528167.2       0.9282082E-02         438      248993  0.21063    
      165300   -4.663936        482.7702        1.000299        1326244.        0.000000        1230822.        1231363.       -4.661544       -4.665044       -4.657888       -30746.16        528308.2       0.9285212E-02         438      248352  0.20779    
      165400   -4.665006        230.7005        1.000214        1326475.        0.000000        1230945.        1231236.       -4.661541       -4.665044       -4.657509       -30775.94        528350.0       0.9282183E-02         438      248368  0.20456    
      165500   -4.665399        265.9478        1.000079        1326741.        0.000000        1230953.        1231269.       -4.661538       -4.665044       -4.655578       -30751.86        528370.7       0.9281724E-02         437      248617  0.20536    
      165600   -4.666292        129.4399        1.000179        1326870.        0.000000        1232292.        1232487.       -4.661536       -4.665044       -4.659252       -30759.25        528482.1       0.9289277E-02         438      249105  0.20893    
      165700   -4.664950       -709.7934       0.9997316        1326160.        0.000000        1231541.        1230893.       -4.661534       -4.665044       -4.657123       -30747.87        528145.8       0.9279717E-02         437      247784  0.20405    
      165800   -4.663938        58.81178       0.9997978        1326219.        0.000000        1231749.        1231864.       -4.661530       -4.665044       -4.655294       -30724.59        528282.4       0.9288951E-02         439      248382  0.20509    
      165900   -4.664545        309.3032        1.000121        1326529.        0.000000        1230857.        1231227.       -4.661529       -4.665043       -4.659545       -30698.86        528440.1       0.9283041E-02         439      248515  0.21017    
      166000   -4.664489       -381.2050       0.9999887        1326147.        0.000000        1230928.        1230605.       -4.661529       -4.665043       -4.661695       -30700.27        528441.1       0.9278444E-02         438      248409  0.20453    
      166100   -4.663472       -215.8561       0.9997968        1325932.        0.000000        1230752.        1230600.       -4.661529       -4.665042       -4.662126       -30660.93        528261.8       0.9280263E-02         439      248953  0.20540    
      166200   -4.663881        487.1231        1.000082        1326419.        0.000000        1230746.        1231284.       -4.661533       -4.665041       -4.667766       -30663.25        528470.6       0.9284622E-02         439      248237  0.20520    
      166300   -4.665015       -159.7838        1.000227        1326259.        0.000000        1231186.        1231099.       -4.661537       -4.665041       -4.668598       -30665.17        528531.8       0.9281233E-02         438      248260  0.20527    
      166400   -4.664767       -140.6623       0.9999505        1326118.        0.000000        1232135.        1232048.       -4.661544       -4.665041       -4.672645       -30641.77        528456.5       0.9288760E-02         439      248253  0.20674    
      166500   -4.664113        99.12965       0.9998692        1326217.        0.000000        1231233.        1231395.       -4.661551       -4.665041       -4.672700       -30639.33        528454.0       0.9285107E-02         438      248878  0.20609    
      166600   -4.664120       -53.57789        1.000001        1326164.        0.000000        1231102.        1231111.       -4.661557       -4.665040       -4.672188       -30665.29        528447.9       0.9282896E-02         438      247944  0.20456    
      166700   -4.664516        112.2145        1.000079        1326276.        0.000000        1231328.        1231500.       -4.661559       -4.665040       -4.665523       -30683.91        528550.2       0.9285154E-02         436      248704  0.20914    
      166800   -4.664398        117.2627       0.9999764        1326393.        0.000000        1231244.        1231422.       -4.661564       -4.665039       -4.668848       -30709.42        528422.7       0.9284791E-02         437      248603  0.20740    
      166900   -4.664601       -152.4586        1.000041        1326241.        0.000000        1231240.        1231130.       -4.661566       -4.665039       -4.664566       -30722.62        528305.4       0.9282155E-02         438      248491  0.20734    
      167000   -4.664415       -63.97188       0.9999627        1326177.        0.000000        1231274.        1231267.       -4.661568       -4.665039       -4.665510       -30699.99        528559.3       0.9283578E-02         437      248462  0.20654    
      167100   -4.664228        95.60701       0.9999626        1326272.        0.000000        1230493.        1230649.       -4.661570       -4.665038       -4.664450       -30729.18        528496.2       0.9279222E-02         438      247711  0.20780    
      167200   -4.665028        155.7228        1.000160        1326428.        0.000000        1231545.        1231769.       -4.661569       -4.665038       -4.659581       -30747.14        528617.9       0.9286239E-02         438      248670  0.20749    
      167300   -4.666489        451.3362        1.000292        1326879.        0.000000        1232107.        1232616.       -4.661567       -4.665039       -4.658706       -30745.91        528823.8       0.9289879E-02         437      248966  0.20527    
      167400   -4.666850       -241.9063        1.000072        1326638.        0.000000        1232347.        1232158.       -4.661568       -4.665040       -4.662689       -30741.82        528630.7       0.9285704E-02         438      248459  0.20780    
      167500   -4.665636       -32.27142       0.9997572        1326605.        0.000000        1231801.        1231833.       -4.661567       -4.665041       -4.661071       -30779.17        528530.7       0.9285602E-02         438      248926  0.20581    
      167600   -4.665841       -147.4614        1.000041        1326458.        0.000000        1231619.        1231528.       -4.661566       -4.665041       -4.659093       -30768.12        528614.8       0.9282820E-02         439      248602  0.20734    
      167700   -4.665386        4.061624       0.9999090        1326462.        0.000000        1231684.        1231752.       -4.661564       -4.665041       -4.659117       -30736.08        528621.4       0.9285409E-02         438      247917  0.20959    
      167800   -4.664900       -22.41727       0.9999027        1326439.        0.000000        1231448.        1231484.       -4.661566       -4.665041       -4.664796       -30692.77        528544.5       0.9284292E-02         437      248156  0.20891    
      167900   -4.665088       -218.3233        1.000038        1326221.        0.000000        1231376.        1231212.       -4.661570       -4.665041       -4.667457       -30665.60        528395.7       0.9281849E-02         438      248994  0.20542    
      168000   -4.664366       -82.22625       0.9998557        1326139.        0.000000        1230769.        1230752.       -4.661574       -4.665041       -4.667829       -30666.40        528400.4       0.9279772E-02         437      248651  0.20682    
      168100   -4.665753        763.4068        1.000277        1326902.        0.000000        1231692.        1232514.       -4.661580       -4.665041       -4.672322       -30635.24        528749.5       0.9290448E-02         438      248664  0.20838    
      168200   -4.666335       -402.8655        1.000116        1326499.        0.000000        1231663.        1231329.       -4.661586       -4.665042       -4.671826       -30654.14        528585.3       0.9280427E-02         438      248410  0.20445    
      168300   -4.665176       -227.5821       0.9997683        1326272.        0.000000        1231759.        1231595.       -4.661591       -4.665042       -4.669862       -30654.55        528419.1       0.9284669E-02         439      248333  0.20888    
      168400   -4.664400        35.73710       0.9998448        1326308.        0.000000        1231531.        1231638.       -4.661593       -4.665042       -4.665567       -30674.43        528509.8       0.9286356E-02         439      249088  0.20633    
      168500   -4.664407       -127.6529        1.000001        1326180.        0.000000        1231229.        1231160.       -4.661599       -4.665041       -4.670508       -30625.33        528468.5       0.9282762E-02         438      247920  0.20631    
      168600   -4.664396        47.37273       0.9999979        1326227.        0.000000        1231878.        1231998.       -4.661604       -4.665041       -4.670398       -30657.82        528486.6       0.9289144E-02         437      248273  0.20739    
      168700   -4.664750       -50.44937        1.000071        1326177.        0.000000        1231118.        1231132.       -4.661608       -4.665041       -4.668679       -30663.65        528443.3       0.9281928E-02         438      247597  0.20409    
      168800   -4.664733        203.2968       0.9999965        1326380.        0.000000        1231502.        1231765.       -4.661608       -4.665041       -4.660999       -30699.27        528361.6       0.9286678E-02         438      248498  0.21103    
      168900   -4.665264        117.3265        1.000106        1326497.        0.000000        1231859.        1232042.       -4.661607       -4.665041       -4.660037       -30731.48        528524.2       0.9287827E-02         438      248717  0.20392    
      169000   -4.664946       -291.1599       0.9999363        1326206.        0.000000        1231642.        1231407.       -4.661604       -4.665041       -4.656880       -30701.84        528394.0       0.9283598E-02         438      248962  0.20476    
      169100   -4.664376        75.73039       0.9998859        1326282.        0.000000        1230876.        1231013.       -4.661605       -4.665040       -4.662909       -30704.90        528433.4       0.9281704E-02         438      248595  0.20893    
      169200   -4.665215        222.7694        1.000168        1326505.        0.000000        1231363.        1231656.       -4.661605       -4.665040       -4.661455       -30728.61        528468.8       0.9285036E-02         438      249826  0.20385    
      169300   -4.665287       -193.0500        1.000014        1326312.        0.000000        1231722.        1231579.       -4.661605       -4.665041       -4.662045       -30731.91        528285.3       0.9284267E-02         438      248610  0.20496    
      169400   -4.664130       -242.9746       0.9997685        1326069.        0.000000        1231274.        1231105.       -4.661606       -4.665040       -4.663554       -30704.06        528267.7       0.9282912E-02         439      249074  0.20545    
      169500   -4.663927        164.0562       0.9999594        1326233.        0.000000        1231285.        1231508.       -4.661605       -4.665039       -4.660542       -30682.40        528324.1       0.9286271E-02         439      249422  0.20372    
      169600   -4.665162        257.6139        1.000247        1326490.        0.000000        1231312.        1231627.       -4.661606       -4.665039       -4.663211       -30701.53        528370.6       0.9284859E-02         438      248715  0.20668    
      169700   -4.665997        427.4129        1.000167        1326918.        0.000000        1231953.        1232440.       -4.661608       -4.665040       -4.663861       -30728.98        528556.3       0.9289464E-02         439      248709  0.20799    
      169800   -4.666984       -52.79679        1.000197        1326865.        0.000000        1232332.        1232345.       -4.661609       -4.665041       -4.663937       -30732.61        528659.8       0.9286899E-02         437      248711  0.20458    
      169900   -4.666834        2.985842       0.9999700        1326868.        0.000000        1232259.        1232329.       -4.661609       -4.665042       -4.661791       -30745.86        528651.5       0.9287036E-02         437      248206  0.21249    
      170000   -4.665803       -362.2832       0.9997937        1326506.        0.000000        1231673.        1231367.       -4.661605       -4.665043       -4.655168       -30760.36        528338.8       0.9281676E-02         438      248490  0.20983    
      170100   -4.665425       -85.62767       0.9999245        1326420.        0.000000        1231502.        1231489.       -4.661605       -4.665043       -4.661193       -30706.44        528267.2       0.9283340E-02         439      248511  0.21093    
      170200   -4.665204        58.19277       0.9999557        1326478.        0.000000        1231841.        1231953.       -4.661606       -4.665043       -4.662559       -30679.21        528422.9       0.9287234E-02         438      248595  0.20391    
      170300   -4.664806       -189.8003       0.9999204        1326289.        0.000000        1231323.        1231197.       -4.661605       -4.665043       -4.660674       -30704.95        528300.0       0.9282299E-02         438      248338  0.20823    
      170400   -4.665958        653.9099        1.000230        1326942.        0.000000        1231682.        1232398.       -4.661604       -4.665043       -4.660127       -30695.54        528649.2       0.9289161E-02         439      248789  0.20582    
      170500   -4.667112       -172.7550        1.000231        1326770.        0.000000        1231646.        1231546.       -4.661608       -4.665045       -4.668682       -30656.88        528631.1       0.9280692E-02         438      248724  0.20553    
      170600   -4.666232       -31.14221       0.9998240        1326739.        0.000000        1231643.        1231667.       -4.661614       -4.665045       -4.671014       -30676.90        528781.4       0.9283208E-02         438      248639  0.20906    
      170700   -4.665053       -514.8934       0.9997641        1326224.        0.000000        1232181.        1231724.       -4.661614       -4.665045       -4.661335       -30710.50        528649.8       0.9285816E-02         439      248375  0.20667    
      170800   -4.664313        55.66600       0.9998521        1326279.        0.000000        1230984.        1231099.       -4.661616       -4.665045       -4.665092       -30684.27        528597.1       0.9282442E-02         438      249036  0.20414    
      170900   -4.664677        83.02230        1.000073        1326362.        0.000000        1231436.        1231583.       -4.661617       -4.665045       -4.664203       -30722.34        528437.2       0.9285458E-02         439      247973  0.20915    
      171000   -4.665411        12.29721        1.000147        1326375.        0.000000        1231958.        1232025.       -4.661615       -4.665045       -4.657039       -30736.58        528454.9       0.9287376E-02         439      247805  0.21094    
      171100   -4.664830       -188.2340       0.9998838        1326186.        0.000000        1231422.        1231292.       -4.661613       -4.665045       -4.658666       -30729.45        528427.3       0.9282921E-02         438      248514  0.20434    
      171200   -4.664327        69.06400       0.9998995        1326255.        0.000000        1231405.        1231545.       -4.661611       -4.665044       -4.657835       -30731.01        528374.0       0.9285808E-02         437      248732  0.20820    
      171300   -4.664096       -126.2605       0.9999538        1326129.        0.000000        1230757.        1230685.       -4.661611       -4.665044       -4.661218       -30717.12        528211.4       0.9279728E-02         438      249087  0.20458    
      171400   -4.663573       -176.2460       0.9998953        1325953.        0.000000        1231001.        1230882.       -4.661612       -4.665043       -4.664653       -30671.63        528254.9       0.9282217E-02         439      248352  0.20858    
      171500   -4.663652       -120.2624        1.000016        1325833.        0.000000        1231153.        1231101.       -4.661616       -4.665042       -4.668274       -30715.68        528200.4       0.9283731E-02         439      247935  0.20381    
      171600   -4.664097        440.4411        1.000089        1326273.        0.000000        1230875.        1231381.       -4.661617       -4.665042       -4.663025       -30741.25        528461.6       0.9285001E-02         438      248937  0.21458    
      171700   -4.664593       -77.80234        1.000099        1326195.        0.000000        1231741.        1231729.       -4.661617       -4.665041       -4.661558       -30712.27        528540.8       0.9286746E-02         438      248770  0.20593    
      171800   -4.663786       -268.1689       0.9998387        1325927.        0.000000        1231076.        1230868.       -4.661620       -4.665041       -4.666488       -30654.99        528426.5       0.9281715E-02         439      248554  0.20419    
      171900   -4.663130        54.91841       0.9998687        1325982.        0.000000        1230979.        1231096.       -4.661624       -4.665039       -4.668368       -30673.69        528561.7       0.9284616E-02         439      248617  0.20472    
      172000   -4.663443       -114.1859        1.000063        1325868.        0.000000        1230702.        1230650.       -4.661625       -4.665038       -4.663805       -30712.43        528372.8       0.9280650E-02         437      248013  0.20850    
      172100   -4.663625        145.5034        1.000036        1326013.        0.000000        1231087.        1231285.       -4.661627       -4.665038       -4.664343       -30698.67        528457.8       0.9285130E-02         437      248436  0.20786    
      172200   -4.663924        70.55794        1.000060        1326084.        0.000000        1231337.        1231475.       -4.661630       -4.665037       -4.666523       -30665.67        528514.5       0.9286067E-02         436      248297  0.20707    
      172300   -4.663824       -141.0286       0.9999799        1325943.        0.000000        1231296.        1231220.       -4.661633       -4.665036       -4.667379       -30666.39        528415.8       0.9284308E-02         439      247988  0.20727    
      172400   -4.664010        187.5061        1.000037        1326130.        0.000000        1230603.        1230847.       -4.661637       -4.665036       -4.668195       -30669.93        528404.4       0.9281092E-02         439      248895  0.20415    
      172500   -4.664372        240.6293        1.000072        1326371.        0.000000        1231236.        1231535.       -4.661639       -4.665035       -4.665595       -30688.99        528567.0       0.9285690E-02         439      248106  0.20635    
      172600   -4.665169       -105.7196        1.000159        1326265.        0.000000        1231908.        1231861.       -4.661640       -4.665035       -4.663283       -30690.74        528415.8       0.9286603E-02         438      248234  0.20735    
      172700   -4.664537        143.8060       0.9998735        1326409.        0.000000        1231599.        1231800.       -4.661640       -4.665035       -4.662077       -30737.80        528491.7       0.9287344E-02         438      249236  0.20529    
      172800   -4.665047        61.31347        1.000102        1326470.        0.000000        1231740.        1231852.       -4.661639       -4.665035       -4.659178       -30747.30        528359.9       0.9286777E-02         439      248714  0.20477    
      172900   -4.665536       -18.12561        1.000098        1326452.        0.000000        1231625.        1231659.       -4.661636       -4.665035       -4.657489       -30738.77        528371.9       0.9284357E-02         438      248414  0.20674    
      173000   -4.664927        51.63005       0.9998783        1326504.        0.000000        1232098.        1232200.       -4.661635       -4.665035       -4.658503       -30735.33        528682.6       0.9289634E-02         438      249081  0.20684    
      173100   -4.664856       -255.6557       0.9999858        1326248.        0.000000        1231331.        1231127.       -4.661631       -4.665035       -4.655442       -30705.47        528475.8       0.9281648E-02         437      249426  0.20445    
      173200   -4.664441        35.88375       0.9999170        1326284.        0.000000        1230942.        1231034.       -4.661630       -4.665035       -4.659392       -30690.26        528422.3       0.9281747E-02         439      248862  0.20861    
      173300   -4.664669       -38.50958        1.000046        1326246.        0.000000        1231137.        1231156.       -4.661633       -4.665035       -4.667667       -30652.07        528450.0       0.9282236E-02         439      249044  0.20684    
      173400   -4.664510        46.70743       0.9999682        1326292.        0.000000        1231343.        1231456.       -4.661637       -4.665034       -4.667662       -30672.95        528389.0       0.9284843E-02         437      248300  0.20491    
      173500   -4.664401       -233.1808       0.9999781        1326059.        0.000000        1230806.        1230626.       -4.661640       -4.665034       -4.667428       -30673.21        528342.1       0.9278719E-02         437      248288  0.20976    
      173600   -4.663828        182.8026       0.9998854        1326242.        0.000000        1230761.        1231010.       -4.661642       -4.665033       -4.664338       -30685.23        528523.8       0.9282688E-02         439      249118  0.20523    
      173700   -4.664690        22.72460        1.000172        1326265.        0.000000        1231709.        1231790.       -4.661642       -4.665033       -4.662057       -30664.76        528487.9       0.9286996E-02         438      248471  0.20387    
      173800   -4.665393        645.9055        1.000141        1326911.        0.000000        1231510.        1232229.       -4.661645       -4.665033       -4.667501       -30672.77        528602.9       0.9289007E-02         439      249124  0.20762    
      173900   -4.666182       -332.7739        1.000158        1326578.        0.000000        1231694.        1231430.       -4.661649       -4.665034       -4.668628       -30677.93        528497.8       0.9281528E-02         436      248750  0.20866    
      174000   -4.665348       -69.91982       0.9998332        1326508.        0.000000        1231492.        1231484.       -4.661655       -4.665034       -4.672076       -30638.77        528553.4       0.9283438E-02         439      248469  0.20497    
      174100   -4.665760        285.1251        1.000082        1326793.        0.000000        1231722.        1232066.       -4.661661       -4.665035       -4.672138       -30677.79        528803.6       0.9287112E-02         439      249482  0.20687    
      174200   -4.665978       -219.3933        1.000044        1326574.        0.000000        1232731.        1232574.       -4.661666       -4.665035       -4.669622       -30706.54        528593.7       0.9290505E-02         438      247963  0.20639    
      174300   -4.664862       -291.1209       0.9997768        1326283.        0.000000        1231389.        1231158.       -4.661670       -4.665035       -4.668492       -30668.71        528483.1       0.9281936E-02         439      248633  0.20456    
      174400   -4.664990        78.37256        1.000025        1326361.        0.000000        1231830.        1231964.       -4.661674       -4.665035       -4.669780       -30710.48        528536.4       0.9287730E-02         439      248695  0.20580    
      174500   -4.664328       -297.4784       0.9998676        1326063.        0.000000        1231458.        1231215.       -4.661674       -4.665035       -4.660846       -30743.42        528374.6       0.9283340E-02         438      248223  0.20918    
      174600   -4.663857        268.1389       0.9999058        1326332.        0.000000        1230887.        1231213.       -4.661670       -4.665034       -4.653959       -30778.46        528447.4       0.9284210E-02         439      248170  0.20658    
      174700   -4.665489        384.0760        1.000327        1326716.        0.000000        1231483.        1231924.       -4.661667       -4.665034       -4.656779       -30730.42        528406.7       0.9286506E-02         438      249038  0.20701    
      174800   -4.666012        23.72407        1.000105        1326739.        0.000000        1231873.        1231949.       -4.661669       -4.665035       -4.666281       -30688.26        528593.0       0.9285768E-02         438      248339  0.20717    
      174900   -4.665948       -432.1740       0.9999871        1326307.        0.000000        1231804.        1231439.       -4.661673       -4.665035       -4.667146       -30721.05        528326.6       0.9282033E-02         437      248563  0.20856    
      175000   -4.664507       -241.7061       0.9997118        1326066.        0.000000        1231634.        1231449.       -4.661675       -4.665035       -4.666725       -30712.72        528352.1       0.9284732E-02         437      248409  0.20601    
      175100   -4.665138        473.9879        1.000126        1326540.        0.000000        1231631.        1232167.       -4.661678       -4.665035       -4.666153       -30676.76        528600.3       0.9289030E-02         438      248755  0.20683    
      175200   -4.664447       -432.4974       0.9998620        1326107.        0.000000        1231335.        1230955.       -4.661680       -4.665035       -4.664670       -30673.56        528435.1       0.9281095E-02         438      249208  0.20619    
      175300   -4.664220        302.7339       0.9999546        1326410.        0.000000        1230886.        1231247.       -4.661684       -4.665034       -4.669847       -30670.75        528559.8       0.9283812E-02         438      248571  0.20782    
      175400   -4.665914        543.4902        1.000339        1326953.        0.000000        1231189.        1231794.       -4.661689       -4.665035       -4.669391       -30687.55        528790.8       0.9284785E-02         437      248137  0.20855    
      175500   -4.666576       -319.1707        1.000132        1326634.        0.000000        1231551.        1231294.       -4.661692       -4.665036       -4.667784       -30686.40        528690.1       0.9279729E-02         438      248122  0.20468    
      175600   -4.665342       -75.02725       0.9997531        1326559.        0.000000        1231446.        1231433.       -4.661698       -4.665036       -4.671008       -30634.44        528535.3       0.9283083E-02         437      248921  0.20354    
      175700   -4.664919       -304.7945       0.9999154        1326254.        0.000000        1231334.        1231089.       -4.661704       -4.665036       -4.672841       -30654.21        528472.4       0.9281287E-02         437      247200  0.21210    
      175800   -4.664701       -14.40335       0.9999564        1326240.        0.000000        1231261.        1231304.       -4.661708       -4.665035       -4.669021       -30646.43        528546.5       0.9283271E-02         437      248113  0.20613    
      175900   -4.663970       -79.10455       0.9998539        1326161.        0.000000        1230684.        1230669.       -4.661713       -4.665035       -4.669590       -30657.93        528270.4       0.9279917E-02         438      248092  0.20700    
      176000   -4.664410        171.1349        1.000088        1326332.        0.000000        1230768.        1230999.       -4.661715       -4.665035       -4.665686       -30686.27        528308.4       0.9281538E-02         439      248962  0.20444    
      176100   -4.664913        59.25368        1.000101        1326391.        0.000000        1231064.        1231188.       -4.661717       -4.665034       -4.665673       -30697.56        528299.0       0.9282061E-02         438      248970  0.20671    
      176200   -4.665274        101.7361        1.000072        1326493.        0.000000        1231870.        1232034.       -4.661718       -4.665035       -4.663160       -30702.26        528375.2       0.9287746E-02         438      249237  0.20391    
      176300   -4.664848       -198.1358       0.9999149        1326295.        0.000000        1231273.        1231124.       -4.661721       -4.665034       -4.666800       -30677.88        528305.5       0.9281650E-02         438      247556  0.20378    
      176400   -4.665328        98.44457        1.000096        1326393.        0.000000        1231923.        1232082.       -4.661725       -4.665035       -4.669079       -30662.01        528384.8       0.9287993E-02         438      248374  0.21211    
      176500   -4.665279        163.9688       0.9999901        1326557.        0.000000        1231750.        1231975.       -4.661729       -4.665035       -4.668046       -30716.20        528474.9       0.9287307E-02         438      248066  0.20615    
      176600   -4.665583       -313.6088        1.000061        1326244.        0.000000        1231654.        1231405.       -4.661730       -4.665035       -4.664522       -30699.46        528318.6       0.9282408E-02         438      248518  0.20412    
      176700   -4.664431       -22.65860       0.9997697        1326221.        0.000000        1230821.        1230862.       -4.661730       -4.665035       -4.661899       -30770.10        528515.0       0.9280504E-02         438      249390  0.20812    
      176800   -4.664275       -206.7269       0.9999688        1326014.        0.000000        1230910.        1230758.       -4.661730       -4.665034       -4.661424       -30722.65        528672.6       0.9279972E-02         438      247945  0.20771    
      176900   -4.663964        426.7789       0.9999379        1326441.        0.000000        1231202.        1231695.       -4.661731       -4.665034       -4.663241       -30737.82        528558.2       0.9287617E-02         438      249263  0.20420    
      177000   -4.665171        177.7374        1.000241        1326619.        0.000000        1231673.        1231914.       -4.661733       -4.665034       -4.664511       -30686.35        528722.8       0.9287028E-02         437      248128  0.20547    
      177100   -4.665829       -124.3270        1.000131        1326494.        0.000000        1232105.        1232040.       -4.661734       -4.665034       -4.663810       -30697.42        528681.4       0.9286721E-02         439      249438  0.20438    
      177200   -4.665228        32.02085       0.9998798        1326526.        0.000000        1231563.        1231655.       -4.661735       -4.665034       -4.663838       -30712.76        528570.0       0.9284967E-02         438      248896  0.20580    
      177300   -4.665686        150.2971        1.000092        1326677.        0.000000        1231828.        1232033.       -4.661739       -4.665035       -4.669188       -30689.84        528654.4       0.9286927E-02         439      248395  0.20482    
      177400   -4.666040       -209.0077        1.000071        1326468.        0.000000        1231703.        1231547.       -4.661744       -4.665035       -4.670371       -30676.52        528556.7       0.9282658E-02         438      248324  0.20743    
      177500   -4.665145       -139.5308       0.9998210        1326328.        0.000000        1231820.        1231741.       -4.661749       -4.665035       -4.669535       -30678.10        528432.4       0.9285755E-02         438      249000  0.20773    
      177600   -4.665342        221.7760        1.000039        1326550.        0.000000        1231965.        1232236.       -4.661755       -4.665036       -4.674031       -30674.99        528661.8       0.9289136E-02         438      248877  0.20392    
      177700   -4.665303       -179.9466       0.9999922        1326370.        0.000000        1231251.        1231134.       -4.661758       -4.665036       -4.667127       -30697.96        528454.0       0.9280868E-02         436      249045  0.20650    
      177800   -4.665002        217.8877       0.9999398        1326588.        0.000000        1231393.        1231663.       -4.661760       -4.665036       -4.665124       -30739.85        528573.8       0.9285453E-02         438      249011  0.20857    
      177900   -4.666138       -120.8247        1.000227        1326467.        0.000000        1232007.        1231942.       -4.661762       -4.665036       -4.664217       -30730.41        528490.3       0.9285414E-02         439      248612  0.20641    
      178000   -4.665995       -93.82325       0.9999713        1326373.        0.000000        1231813.        1231776.       -4.661764       -4.665037       -4.666441       -30725.50        528382.8       0.9284466E-02         439      248488  0.20701    
      178100   -4.665287        136.4730       0.9998585        1326510.        0.000000        1232384.        1232573.       -4.661767       -4.665037       -4.666664       -30674.31        528552.4       0.9291834E-02         438      248745  0.20872    
      178200   -4.666432        527.9416        1.000229        1327038.        0.000000        1231816.        1232397.       -4.661771       -4.665038       -4.669281       -30725.77        528895.7       0.9288314E-02         438      249054  0.20404    
      178300   -4.666635       -175.2388        1.000041        1326862.        0.000000        1231889.        1231776.       -4.661771       -4.665039       -4.661662       -30750.29        528738.6       0.9283259E-02         437      249184  0.21207    
      178400   -4.666297       -424.4916       0.9999324        1326438.        0.000000        1231998.        1231641.       -4.661772       -4.665039       -4.662957       -30723.52        528518.7       0.9282914E-02         437      248394  0.20599    
      178500   -4.665293       -13.79775       0.9997991        1326424.        0.000000        1231627.        1231685.       -4.661772       -4.665040       -4.660912       -30716.30        528384.5       0.9285086E-02         438      248448  0.20433    
      178600   -4.664990       -66.83353       0.9999394        1326357.        0.000000        1231298.        1231296.       -4.661773       -4.665040       -4.665174       -30678.78        528455.8       0.9282730E-02         438      248617  0.20844    
      178700   -4.665972        358.5186        1.000196        1326716.        0.000000        1231530.        1231954.       -4.661774       -4.665040       -4.663363       -30739.52        528467.8       0.9285898E-02         439      248517  0.20770    
      178800   -4.666554        310.7600        1.000116        1327027.        0.000000        1231887.        1232256.       -4.661773       -4.665041       -4.658853       -30729.18        528744.8       0.9286991E-02         439      249269  0.20763    
      178900   -4.667550        190.0251        1.000199        1327217.        0.000000        1232140.        1232393.       -4.661772       -4.665042       -4.661203       -30728.78        528848.0       0.9286195E-02         438      248753  0.20393    
      179000   -4.667311       -368.3256       0.9999522        1326848.        0.000000        1232224.        1231918.       -4.661773       -4.665044       -4.663418       -30703.10        528739.5       0.9283127E-02         439      248130  0.20614    
      179100   -4.665962       -493.5466       0.9997302        1326355.        0.000000        1231939.        1231505.       -4.661774       -4.665044       -4.663002       -30712.91        528293.8       0.9282472E-02         436      249165  0.20613    
      179200   -4.666167        288.5369        1.000041        1326643.        0.000000        1232166.        1232517.       -4.661778       -4.665045       -4.668892       -30692.08        528526.4       0.9289714E-02         436      248439  0.20644    
      179300   -4.665915       -147.7157       0.9999495        1326496.        0.000000        1231946.        1231862.       -4.661782       -4.665045       -4.668314       -30711.20        528443.1       0.9285277E-02         439      248359  0.20569    
      179400   -4.665813        88.04958       0.9999796        1326584.        0.000000        1233103.        1233256.       -4.661785       -4.665046       -4.667905       -30677.51        528573.5       0.9295959E-02         438      247841  0.20484    
      179500   -4.665485       -39.55584       0.9999345        1326544.        0.000000        1232215.        1232230.       -4.661789       -4.665046       -4.669009       -30644.16        528591.1       0.9288822E-02         437      248270  0.20500    
      179600   -4.666813        328.6373        1.000266        1326873.        0.000000        1232047.        1232426.       -4.661793       -4.665047       -4.667899       -30721.23        528637.6       0.9287780E-02         438      248811  0.21409    
      179700   -4.665945       -404.9761       0.9998264        1326468.        0.000000        1231684.        1231344.       -4.661794       -4.665047       -4.664548       -30704.25        528534.0       0.9281327E-02         439      248900  0.20757    
      179800   -4.665571       -21.43895       0.9999252        1326446.        0.000000        1231664.        1231700.       -4.661795       -4.665048       -4.663229       -30730.44        528499.8       0.9284652E-02         438      248873  0.20379    
      179900   -4.664503       -385.3906       0.9997865        1326061.        0.000000        1231368.        1231037.       -4.661794       -4.665047       -4.659997       -30728.26        528229.6       0.9281572E-02         437      248435  0.20705    
      180000   -4.664775        115.1718        1.000054        1326176.        0.000000        1231067.        1231241.       -4.661793       -4.665047       -4.660409       -30748.17        528509.9       0.9282684E-02         438      248247  0.20668    
      180100   -4.664825        263.4921        1.000010        1326440.        0.000000        1231460.        1231776.       -4.661794       -4.665047       -4.663034       -30762.29        528664.7       0.9286618E-02         439      248108  0.20502    
      180200   -4.666162        348.5210        1.000267        1326788.        0.000000        1231253.        1231665.       -4.661795       -4.665048       -4.664014       -30694.62        529002.1       0.9283319E-02         439      248110  0.20805    
      180300   -4.666638       -57.00102        1.000095        1326731.        0.000000        1232647.        1232648.       -4.661797       -4.665049       -4.666185       -30696.80        528621.8       0.9289815E-02         437      249120  0.20544    
      180400   -4.666124        87.71079       0.9998972        1326819.        0.000000        1232282.        1232435.       -4.661801       -4.665049       -4.668440       -30687.71        528644.9       0.9289161E-02         439      248440  0.20535    
      180500   -4.666508        168.4546        1.000077        1326987.        0.000000        1231820.        1232053.       -4.661804       -4.665050       -4.666153       -30727.77        528621.3       0.9285609E-02         438      248452  0.20512    
      180600   -4.666716       -92.32564        1.000042        1326895.        0.000000        1232274.        1232242.       -4.661805       -4.665051       -4.664003       -30705.41        528556.8       0.9286630E-02         438      248503  0.21077    
      180700   -4.665695       -788.3167       0.9997959        1326107.        0.000000        1232160.        1231433.       -4.661806       -4.665051       -4.664488       -30714.22        528404.4       0.9282437E-02         438      249090  0.20616    
      180800   -4.663389       -137.9131       0.9995389        1325969.        0.000000        1230564.        1230488.       -4.661808       -4.665050       -4.665532       -30692.09        528412.6       0.9279571E-02         438      247986  0.20889    
      180900   -4.663823        153.7080        1.000087        1326122.        0.000000        1230440.        1230653.       -4.661811       -4.665050       -4.666637       -30704.76        528548.3       0.9280031E-02         436      248368  0.20942    
      181000   -4.663927       -75.30158        1.000021        1326047.        0.000000        1230910.        1230888.       -4.661813       -4.665049       -4.665039       -30696.79        528573.0       0.9281591E-02         438      248256  0.20764    
      181100   -4.664115        130.3208        1.000038        1326177.        0.000000        1231301.        1231486.       -4.661816       -4.665049       -4.666941       -30719.02        528519.7       0.9285775E-02         439      247952  0.20453    
      181200   -4.664680        184.1202        1.000113        1326361.        0.000000        1231658.        1231897.       -4.661816       -4.665048       -4.661597       -30734.66        528489.7       0.9287843E-02         437      249051  0.20632    
      181300   -4.665364        363.0647        1.000137        1326725.        0.000000        1231322.        1231737.       -4.661817       -4.665049       -4.663665       -30710.13        528640.1       0.9285294E-02         438      249179  0.20637    
      181400   -4.666733        94.97555        1.000274        1326820.        0.000000        1232710.        1232862.       -4.661819       -4.665050       -4.666033       -30708.72        528606.6       0.9291233E-02         438      248550  0.20448    
      181500   -4.666415       -199.9556       0.9999363        1326620.        0.000000        1231785.        1231645.       -4.661820       -4.665050       -4.664449       -30714.68        528491.2       0.9282717E-02         439      248179  0.20592    
      181600   -4.666596        318.3875        1.000036        1326938.        0.000000        1231729.        1232108.       -4.661819       -4.665051       -4.659727       -30729.90        528814.9       0.9285842E-02         437      249094  0.20554    
      181700   -4.666506       -257.9198       0.9999819        1326680.        0.000000        1232367.        1232171.       -4.661819       -4.665052       -4.660814       -30694.05        528826.7       0.9286505E-02         437      247667  0.20508    
      181800   -4.665295       -320.7979       0.9997578        1326359.        0.000000        1231487.        1231226.       -4.661818       -4.665052       -4.661347       -30687.81        528497.3       0.9281628E-02         438      248682  0.20505    
      181900   -4.664746       -298.3374       0.9998903        1326061.        0.000000        1231871.        1231642.       -4.661818       -4.665052       -4.661586       -30660.29        528460.0       0.9285809E-02         437      248418  0.20521    
      182000   -4.662810       -404.5641       0.9996128        1325656.        0.000000        1230702.        1230361.       -4.661818       -4.665051       -4.661459       -30685.43        528198.7       0.9279716E-02         438      248934  0.20689    
      182100   -4.662245        45.54798       0.9998870        1325702.        0.000000        1229990.        1230092.       -4.661814       -4.665049       -4.655016       -30738.04        528156.0       0.9278706E-02         439      248740  0.20420    
      182200   -4.663221        314.5890        1.000195        1326016.        0.000000        1230682.        1231055.       -4.661813       -4.665048       -4.660078       -30688.60        528310.2       0.9284183E-02         437      248977  0.20506    
      182300   -4.663441        226.5080        1.000044        1326243.        0.000000        1230552.        1230840.       -4.661814       -4.665047       -4.662701       -30702.66        528494.2       0.9282142E-02         438      248532  0.21220    
      182400   -4.665038        142.1026        1.000320        1326385.        0.000000        1231173.        1231370.       -4.661814       -4.665047       -4.661468       -30715.27        528582.5       0.9283129E-02         439      247874  0.20410    
      182500   -4.665437        142.9643        1.000080        1326528.        0.000000        1231274.        1231473.       -4.661813       -4.665047       -4.661151       -30721.09        528546.0       0.9283200E-02         438      248785  0.20751    
      182600   -4.666133        74.94267        1.000139        1326603.        0.000000        1231510.        1231641.       -4.661813       -4.665048       -4.661127       -30724.20        528473.8       0.9283170E-02         438      247966  0.20615    
      182700   -4.665849       -189.1932       0.9999433        1326414.        0.000000        1232361.        1232226.       -4.661813       -4.665048       -4.661555       -30705.68        528350.1       0.9288128E-02         439      248920  0.20409    
      182800   -4.665505        172.9250       0.9999312        1326587.        0.000000        1231544.        1231783.       -4.661815       -4.665049       -4.664917       -30685.35        528362.3       0.9285409E-02         438      249115  0.20521    
      182900   -4.664952       -358.5326       0.9998893        1326228.        0.000000        1231603.        1231297.       -4.661819       -4.665049       -4.670479       -30664.88        528511.8       0.9282781E-02         437      248480  0.20490    
      183000   -4.665282       -7.040176        1.000066        1326221.        0.000000        1230848.        1230915.       -4.661825       -4.665049       -4.671999       -30656.58        528382.7       0.9279310E-02         436      248534  0.20410    
      183100   -4.665072        144.5548       0.9999579        1326366.        0.000000        1231438.        1231644.       -4.661828       -4.665049       -4.667124       -30698.35        528389.1       0.9285205E-02         436      248011  0.20394    
      183200   -4.665007        35.24131       0.9999869        1326401.        0.000000        1231100.        1231199.       -4.661828       -4.665049       -4.662981       -30676.77        528460.6       0.9281951E-02         437      248413  0.21070    
      183300   -4.665369        32.55613        1.000072        1326433.        0.000000        1230845.        1230932.       -4.661830       -4.665049       -4.664840       -30685.49        528423.3       0.9279261E-02         438      248614  0.20618    
      183400   -4.665083       -271.3673       0.9999427        1326162.        0.000000        1231729.        1231515.       -4.661832       -4.665049       -4.664702       -30667.60        528445.5       0.9284159E-02         438      249233  0.21057    
      183500   -4.663185       -426.8163       0.9996205        1325735.        0.000000        1230998.        1230632.       -4.661834       -4.665048       -4.665647       -30659.53        528248.7       0.9281056E-02         439      247962  0.21214    
      183600   -4.662821        2.507293       0.9999272        1325738.        0.000000        1230653.        1230721.       -4.661836       -4.665047       -4.666530       -30694.96        528327.2       0.9282439E-02         438      248363  0.21334    
      183700   -4.663122        355.1043        1.000060        1326093.        0.000000        1229912.        1230329.       -4.661837       -4.665046       -4.662355       -30723.48        528502.2       0.9278861E-02         437      248654  0.20395    
      183800   -4.665038        412.1150        1.000383        1326505.        0.000000        1231153.        1231628.       -4.661835       -4.665046       -4.659760       -30751.31        528405.9       0.9285121E-02         439      248206  0.20900    
      183900   -4.666636        608.2487        1.000320        1327113.        0.000000        1231571.        1232250.       -4.661836       -4.665047       -4.663615       -30693.09        528661.3       0.9286851E-02         437      248910  0.20578    
      184000   -4.667999        47.82346        1.000273        1327161.        0.000000        1232396.        1232505.       -4.661843       -4.665048       -4.674703       -30652.10        528705.1       0.9286184E-02         438      249622  0.20476    
      184100   -4.667981       -288.8237       0.9999963        1326872.        0.000000        1232776.        1232560.       -4.661850       -4.665050       -4.673930       -30666.60        528486.7       0.9286718E-02         439      248344  0.21075    
      184200   -4.666193       -205.4523       0.9996425        1326667.        0.000000        1231825.        1231676.       -4.661854       -4.665050       -4.669296       -30649.51        528478.9       0.9283316E-02         438      248688  0.20697    
      184300   -4.665714       -131.5582       0.9999042        1326535.        0.000000        1232011.        1231933.       -4.661858       -4.665051       -4.669275       -30634.71        528523.0       0.9286136E-02         438      248878  0.20371    
      184400   -4.665118       -412.5793       0.9998809        1326123.        0.000000        1231756.        1231411.       -4.661863       -4.665051       -4.671424       -30624.90        528348.7       0.9283379E-02         438      248533  0.20592    
      184500   -4.664425       -15.55833       0.9998613        1326107.        0.000000        1231353.        1231400.       -4.661868       -4.665050       -4.670915       -30702.60        528357.6       0.9284536E-02         439      248361  0.20516    
      184600   -4.664175        195.9805       0.9999500        1326303.        0.000000        1231313.        1231566.       -4.661871       -4.665050       -4.666333       -30718.53        528401.0       0.9286258E-02         438      247858  0.20421    
      184700   -4.665416        236.3168        1.000248        1326539.        0.000000        1231273.        1231566.       -4.661874       -4.665050       -4.667513       -30664.93        528405.6       0.9283939E-02         438      248611  0.20602    
      184800   -4.665690       -195.3439        1.000055        1326344.        0.000000        1231921.        1231791.       -4.661877       -4.665051       -4.667201       -30691.09        528465.8       0.9285098E-02         438      248507  0.20607    
      184900   -4.665585        332.2689       0.9999790        1326676.        0.000000        1231957.        1232356.       -4.661878       -4.665051       -4.664186       -30714.75        528661.6       0.9289604E-02         439      249030  0.20926    
      185000   -4.666159        201.2612        1.000115        1326878.        0.000000        1232032.        1232293.       -4.661877       -4.665051       -4.659939       -30753.01        528766.6       0.9288121E-02         439      249054  0.20448    
      185100   -4.666625       -28.74267        1.000093        1326849.        0.000000        1232088.        1232118.       -4.661875       -4.665052       -4.658590       -30724.67        528697.6       0.9285847E-02         436      248247  0.21256    
      185200   -4.666799       -86.74846        1.000035        1326762.        0.000000        1232834.        1232800.       -4.661875       -4.665053       -4.662138       -30728.54        528575.4       0.9290655E-02         436      248948  0.21051    
      185300   -4.666054       -216.3683       0.9998510        1326546.        0.000000        1232077.        1231924.       -4.661876       -4.665054       -4.662981       -30715.05        528479.0       0.9285475E-02         437      248975  0.20424    
      185400   -4.666381        27.25355        1.000065        1326573.        0.000000        1231656.        1231743.       -4.661876       -4.665055       -4.662919       -30718.15        528555.6       0.9283478E-02         436      248269  0.20665    
      185500   -4.666181        307.4846       0.9999599        1326881.        0.000000        1231930.        1232306.       -4.661876       -4.665055       -4.660342       -30756.02        528561.8       0.9288197E-02         438      248873  0.20460    
      185600   -4.666969        92.86660        1.000158        1326973.        0.000000        1232633.        1232784.       -4.661874       -4.665056       -4.659784       -30747.73        528789.2       0.9290219E-02         437      248973  0.20442    
      185700   -4.666192       -192.4232       0.9998446        1326781.        0.000000        1231514.        1231395.       -4.661872       -4.665057       -4.657849       -30779.03        528668.2       0.9281256E-02         439      248668  0.20805    
      185800   -4.665484       -315.7504       0.9998584        1326465.        0.000000        1231572.        1231326.       -4.661869       -4.665057       -4.655981       -30761.34        528443.9       0.9282022E-02         437      248932  0.20462    
      185900   -4.665225        20.67199       0.9999483        1326486.        0.000000        1232051.        1232149.       -4.661865       -4.665057       -4.654852       -30768.71        528516.2       0.9288712E-02         439      249529  0.20666    
      186000   -4.665791        404.3043        1.000113        1326890.        0.000000        1231662.        1232122.       -4.661863       -4.665058       -4.657795       -30764.91        528721.4       0.9287468E-02         437      248961  0.20935    
      186100   -4.666601       -58.08867        1.000162        1326832.        0.000000        1232863.        1232868.       -4.661861       -4.665058       -4.657911       -30751.68        528471.1       0.9291589E-02         436      248782  0.20488    
      186200   -4.666469       -335.7681       0.9999735        1326496.        0.000000        1231956.        1231681.       -4.661857       -4.665059       -4.654994       -30767.18        528452.5       0.9282846E-02         439      248542  0.21109    
      186300   -4.665283       -95.20746       0.9997627        1326401.        0.000000        1231507.        1231473.       -4.661857       -4.665059       -4.661746       -30708.75        528362.1       0.9283518E-02         439      248235  0.20411    
      186400   -4.665003       -120.7401       0.9999441        1326280.        0.000000        1231368.        1231312.       -4.661861       -4.665059       -4.668219       -30694.70        528234.3       0.9282808E-02         438      248928  0.20492    
      186500   -4.664659        99.87059       0.9999312        1326380.        0.000000        1231747.        1231904.       -4.661864       -4.665059       -4.667754       -30705.75        528506.7       0.9287934E-02         438      247893  0.20565    
      186600   -4.665373        349.5214        1.000143        1326730.        0.000000        1231750.        1232150.       -4.661868       -4.665059       -4.670117       -30724.20        528566.8       0.9288347E-02         437      248148  0.20401    
      186700   -4.665603       -230.2209        1.000046        1326500.        0.000000        1231905.        1231739.       -4.661869       -4.665059       -4.664322       -30723.54        528600.4       0.9284953E-02         439      248053  0.20946    
      186800   -4.664677       -314.1235       0.9998148        1326185.        0.000000        1231553.        1231285.       -4.661870       -4.665059       -4.663301       -30684.49        528434.3       0.9283123E-02         438      249052  0.20557    
      186900   -4.663401       -465.9673       0.9997450        1325719.        0.000000        1231553.        1231145.       -4.661874       -4.665058       -4.668359       -30653.32        528413.7       0.9284549E-02         437      248894  0.20501    
      187000   -4.662857        160.3031       0.9998912        1325880.        0.000000        1230660.        1230878.       -4.661876       -4.665057       -4.666438       -30701.79        528470.5       0.9283467E-02         437      248399  0.20668    
      187100   -4.663912        587.5392        1.000211        1326467.        0.000000        1230499.        1231144.       -4.661877       -4.665057       -4.663755       -30705.67        528726.2       0.9283559E-02         439      248546  0.21215    
      187200   -4.664891       -96.82095        1.000196        1326370.        0.000000        1230524.        1230497.       -4.661877       -4.665056       -4.660754       -30749.03        528498.3       0.9276883E-02         438      248454  0.20416    
      187300   -4.666529        453.5387        1.000328        1326824.        0.000000        1232400.        1232905.       -4.661876       -4.665057       -4.661459       -30718.32        528694.8       0.9291939E-02         439      248255  0.20752    
      187400   -4.666536       -26.27433        1.000002        1326798.        0.000000        1231741.        1231766.       -4.661880       -4.665058       -4.668526       -30681.76        528976.5       0.9283358E-02         438      248802  0.20892    
      187500   -4.666575       -34.47970        1.000008        1326763.        0.000000        1232407.        1232433.       -4.661885       -4.665059       -4.671087       -30655.15        528732.2       0.9288301E-02         439      248444  0.20495    
      187600   -4.665368       -397.5933       0.9997586        1326366.        0.000000        1231341.        1231002.       -4.661891       -4.665059       -4.672848       -30632.61        528629.8       0.9279776E-02         438      248650  0.20434    
      187700   -4.664142       -51.17371       0.9997548        1326314.        0.000000        1231014.        1231029.       -4.661897       -4.665059       -4.673931       -30611.37        528397.5       0.9282308E-02         436      248255  0.20629    
      187800   -4.664699        64.15129        1.000111        1326379.        0.000000        1231401.        1231530.       -4.661903       -4.665058       -4.673828       -30609.22        528515.9       0.9284990E-02         438      249056  0.20532    
      187900   -4.665352        50.20322        1.000131        1326429.        0.000000        1231334.        1231439.       -4.661910       -4.665058       -4.674920       -30639.35        528456.7       0.9283117E-02         438      248491  0.20361    
      188000   -4.663951       -408.8805       0.9997197        1326020.        0.000000        1231077.        1230720.       -4.661913       -4.665058       -4.667276       -30663.78        528260.3       0.9280280E-02         437      248990  0.20831    
      188100   -4.663737       -218.6170       0.9999572        1325801.        0.000000        1231175.        1231015.       -4.661913       -4.665057       -4.661972       -30676.31        528220.3       0.9282888E-02         438      247834  0.20752    
      188200   -4.663432        350.6247       0.9999391        1326152.        0.000000        1230591.        1231015.       -4.661915       -4.665056       -4.664324       -30700.18        528342.7       0.9283518E-02         438      248302  0.20366    
      188300   -4.664180       -103.7682        1.000150        1326048.        0.000000        1230760.        1230728.       -4.661914       -4.665056       -4.659888       -30731.21        528165.3       0.9279979E-02         438      248999  0.20566    
      188400   -4.663638        91.35627       0.9998917        1326140.        0.000000        1230805.        1230965.       -4.661913       -4.665055       -4.660915       -30726.74        528385.2       0.9282762E-02         439      248446  0.20755    
      188500   -4.664901        497.5514        1.000253        1326637.        0.000000        1230816.        1231368.       -4.661912       -4.665055       -4.659219       -30754.64        528428.7       0.9283386E-02         438      248510  0.20375    
      188600   -4.666165        149.3556        1.000253        1326786.        0.000000        1231458.        1231662.       -4.661910       -4.665056       -4.659521       -30712.55        528543.4       0.9283288E-02         438      248653  0.21122    
      188700   -4.666468        82.49100        1.000061        1326869.        0.000000        1232090.        1232234.       -4.661911       -4.665056       -4.663813       -30709.87        528640.3       0.9286997E-02         439      249363  0.20518    
      188800   -4.665903       -235.7447       0.9998870        1326633.        0.000000        1231866.        1231690.       -4.661908       -4.665057       -4.654869       -30739.58        528552.9       0.9283992E-02         437      248068  0.20457    
      188900   -4.666244        177.7659        1.000068        1326811.        0.000000        1231884.        1232121.       -4.661906       -4.665057       -4.659839       -30718.26        528672.7       0.9286631E-02         436      248304  0.20757    
      189000   -4.666053       -271.5949       0.9999618        1326539.        0.000000        1231389.        1231182.       -4.661908       -4.665058       -4.663985       -30696.38        528465.6       0.9279863E-02         436      248310  0.20934    
      189100   -4.665943        39.39206       0.9999781        1326579.        0.000000        1232250.        1232355.       -4.661907       -4.665058       -4.660647       -30748.66        528511.7       0.9288954E-02         438      248760  0.20723    
      189200   -4.665636       -90.86058       0.9999385        1326488.        0.000000        1231506.        1231478.       -4.661904       -4.665059       -4.655638       -30775.58        528442.1       0.9282880E-02         438      248573  0.20496    
      189300   -4.665935        211.4380        1.000060        1326699.        0.000000        1231711.        1231984.       -4.661899       -4.665059       -4.653806       -30816.22        528606.1       0.9286109E-02         437      248151  0.20679    
      189400   -4.665764       -121.0709       0.9999657        1326578.        0.000000        1232084.        1232023.       -4.661894       -4.665060       -4.651799       -30779.37        528764.0       0.9286753E-02         439      248793  0.20473    
      189500   -4.665964        100.5452        1.000040        1326679.        0.000000        1231237.        1231400.       -4.661890       -4.665060       -4.653921       -30750.70        528663.1       0.9281641E-02         439      248989  0.20428    
      189600   -4.665514       -226.6487       0.9999100        1326452.        0.000000        1231854.        1231679.       -4.661888       -4.665060       -4.659529       -30747.95        528436.5       0.9284621E-02         438      248318  0.20696    
      189700   -4.664889       -214.8597       0.9998750        1326237.        0.000000        1231629.        1231473.       -4.661888       -4.665060       -4.660965       -30723.53        528405.6       0.9284215E-02         438      248709  0.20582    
      189800   -4.665655        663.3374        1.000153        1326901.        0.000000        1231244.        1231971.       -4.661889       -4.665061       -4.663342       -30717.03        528630.7       0.9286578E-02         439      248436  0.20452    
      189900   -4.665816       -157.8687        1.000032        1326743.        0.000000        1231377.        1231278.       -4.661888       -4.665061       -4.660147       -30749.88        528449.8       0.9281067E-02         438      249574  0.20637    
      190000   -4.666630        150.0335        1.000163        1326893.        0.000000        1231916.        1232129.       -4.661885       -4.665062       -4.656085       -30757.24        528643.4       0.9285887E-02         439      247749  0.20842    
      190100   -4.666975       -172.5751        1.000069        1326720.        0.000000        1232362.        1232250.       -4.661884       -4.665063       -4.660513       -30710.59        528637.8       0.9286209E-02         439      248273  0.20381    
      190200   -4.665620       -161.8459       0.9997291        1326558.        0.000000        1231474.        1231378.       -4.661886       -4.665063       -4.665814       -30712.09        528475.5       0.9282206E-02         438      248870  0.20405    
      190300   -4.665599       -210.2612       0.9999957        1326348.        0.000000        1231559.        1231402.       -4.661889       -4.665063       -4.667865       -30700.68        528432.4       0.9282397E-02         437      249025  0.20425    
      190400   -4.664427       -216.1116       0.9997658        1326132.        0.000000        1231478.        1231335.       -4.661891       -4.665063       -4.665910       -30678.50        528312.3       0.9284078E-02         439      248245  0.20437    
      190500   -4.664152        136.4656       0.9999450        1326268.        0.000000        1231034.        1231234.       -4.661892       -4.665063       -4.663679       -30678.82        528463.3       0.9283812E-02         438      248615  0.20995    
      190600   -4.664105       -133.5356       0.9999904        1326135.        0.000000        1231104.        1231026.       -4.661893       -4.665062       -4.664153       -30674.43        528284.6       0.9282299E-02         438      248633  0.20508    
      190700   -4.664204        160.7815        1.000020        1326296.        0.000000        1231512.        1231728.       -4.661896       -4.665062       -4.666589       -30651.59        528317.1       0.9287398E-02         438      248647  0.20429    
      190800   -4.664354       -190.4996        1.000030        1326105.        0.000000        1230938.        1230820.       -4.661900       -4.665061       -4.670033       -30645.91        528512.9       0.9280317E-02         439      247927  0.20655    
      190900   -4.665027        569.2264        1.000134        1326674.        0.000000        1231038.        1231670.       -4.661905       -4.665061       -4.671425       -30646.50        528539.5       0.9285410E-02         439      248333  0.20622    
      191000   -4.664975       -324.2663       0.9999896        1326350.        0.000000        1231070.        1230804.       -4.661910       -4.665061       -4.671008       -30619.26        528526.6       0.9279027E-02         439      248227  0.20936    
      191100   -4.664559       -91.25936       0.9999168        1326259.        0.000000        1231929.        1231902.       -4.661916       -4.665061       -4.673991       -30610.61        528501.0       0.9288073E-02         438      249631  0.20447    
      191200   -4.664595        8.492208        1.000007        1326267.        0.000000        1231243.        1231312.       -4.661920       -4.665061       -4.669900       -30625.56        528496.3       0.9283600E-02         438      247644  0.20841    
      191300   -4.664295       -311.4567       0.9999399        1325956.        0.000000        1232032.        1231781.       -4.661925       -4.665060       -4.669939       -30620.69        528370.5       0.9287711E-02         439      247901  0.20547    
      191400   -4.663276        90.72525       0.9997963        1326047.        0.000000        1231149.        1231302.       -4.661929       -4.665059       -4.670306       -30655.10        528306.1       0.9285890E-02         438      248205  0.20514    
      191500   -4.664841        495.4314        1.000313        1326542.        0.000000        1231163.        1231722.       -4.661933       -4.665059       -4.669958       -30665.37        528470.9       0.9286223E-02         439      249197  0.21453    
      191600   -4.667468        761.6436        1.000526        1327304.        0.000000        1231709.        1232527.       -4.661935       -4.665060       -4.665461       -30701.36        528860.3       0.9287343E-02         439      249000  0.21122    
      191700   -4.667992       -74.93766        1.000105        1327229.        0.000000        1232366.        1232349.       -4.661937       -4.665062       -4.666229       -30706.12        528769.8       0.9285094E-02         438      248071  0.20485    
      191800   -4.666800       -590.3667       0.9997616        1326638.        0.000000        1232650.        1232109.       -4.661938       -4.665063       -4.664088       -30713.27        528566.4       0.9285449E-02         439      248205  0.20816    
      191900   -4.666423        132.8832       0.9999244        1326771.        0.000000        1232415.        1232597.       -4.661939       -4.665064       -4.663189       -30703.52        528608.5       0.9289879E-02         437      248603  0.20395    
      192000   -4.665271       -404.2763       0.9997696        1326367.        0.000000        1231885.        1231545.       -4.661938       -4.665064       -4.659904       -30716.15        528334.4       0.9284063E-02         439      248603  0.20509    
      192100   -4.664778        53.24388       0.9999015        1326420.        0.000000        1231520.        1231634.       -4.661939       -4.665064       -4.663913       -30710.57        528280.0       0.9285663E-02         438      248882  0.20800    
      192200   -4.665320        19.72316        1.000108        1326440.        0.000000        1231767.        1231851.       -4.661940       -4.665064       -4.664074       -30731.87        528273.4       0.9286232E-02         439      248971  0.20523    
      192300   -4.665806        76.74925        1.000097        1326517.        0.000000        1231213.        1231349.       -4.661940       -4.665064       -4.661260       -30749.07        528273.2       0.9281559E-02         438      249239  0.21157    
      192400   -4.665531       -457.5857       0.9999451        1326059.        0.000000        1231312.        1230909.       -4.661938       -4.665064       -4.657822       -30732.46        528171.6       0.9278797E-02         437      248451  0.20421    
      192500   -4.664530        266.5895       0.9997997        1326326.        0.000000        1231254.        1231584.       -4.661937       -4.665064       -4.661184       -30738.91        528218.3       0.9285733E-02         438      248108  0.20647    
      192600   -4.665803        917.8600        1.000255        1327244.        0.000000        1231134.        1232117.       -4.661937       -4.665064       -4.660633       -30768.26        528815.0       0.9287402E-02         438      248738  0.20974    
      192700   -4.667883       -134.7596        1.000416        1327109.        0.000000        1232397.        1232312.       -4.661935       -4.665066       -4.659503       -30782.38        528687.3       0.9284957E-02         437      250057  0.20373    
      192800   -4.667195       -228.4133       0.9998623        1326880.        0.000000        1232540.        1232366.       -4.661935       -4.665067       -4.661854       -30739.22        528549.8       0.9286666E-02         438      248683  0.20673    
      192900   -4.666171       -282.3718       0.9997953        1326598.        0.000000        1231851.        1231629.       -4.661936       -4.665068       -4.663627       -30723.74        528571.6       0.9283001E-02         438      248188  0.20462    
      193000   -4.666299        96.13891        1.000026        1326694.        0.000000        1232066.        1232226.       -4.661937       -4.665068       -4.663365       -30718.39        528571.4       0.9287317E-02         438      248409  0.20460    
      193100   -4.666108       -142.7602       0.9999618        1326551.        0.000000        1231197.        1231111.       -4.661938       -4.665069       -4.664087       -30718.88        528694.4       0.9279222E-02         437      248651  0.21063    
      193200   -4.665805       -150.3152       0.9999395        1326401.        0.000000        1232356.        1232261.       -4.661939       -4.665069       -4.662953       -30722.82        528617.7       0.9288442E-02         439      248880  0.21043    
      193300   -4.664712       -99.08821       0.9997814        1326302.        0.000000        1231284.        1231246.       -4.661939       -4.665069       -4.662373       -30727.45        528409.9       0.9282821E-02         437      248253  0.20421    
      193400   -4.664951        44.10872        1.000048        1326346.        0.000000        1231468.        1231568.       -4.661939       -4.665069       -4.661768       -30729.39        528485.9       0.9284815E-02         437      248358  0.21230    
      193500   -4.665468        382.1415        1.000103        1326728.        0.000000        1231215.        1231658.       -4.661939       -4.665069       -4.662647       -30687.74        528694.6       0.9284554E-02         439      248884  0.20465    
      193600   -4.665975       -223.4497        1.000101        1326505.        0.000000        1232053.        1231897.       -4.661940       -4.665070       -4.664518       -30707.24        528586.9       0.9285427E-02         439      248929  0.20860    
      193700   -4.664889       -168.3602       0.9997827        1326337.        0.000000        1231383.        1231273.       -4.661942       -4.665070       -4.665335       -30691.01        528451.2       0.9282682E-02         437      249077  0.20533    
      193800   -4.664608        31.04608       0.9999438        1326368.        0.000000        1231662.        1231744.       -4.661944       -4.665069       -4.664655       -30716.93        528554.7       0.9286827E-02         438      248384  0.20966    
      193900   -4.665702        251.6139        1.000219        1326619.        0.000000        1232014.        1232320.       -4.661945       -4.665070       -4.663763       -30702.87        528621.4       0.9289114E-02         438      248923  0.20671    
      194000   -4.665604       -82.70171       0.9999804        1326536.        0.000000        1231757.        1231744.       -4.661949       -4.665070       -4.670215       -30664.59        528449.3       0.9284984E-02         438      247872  0.20533    
      194100   -4.663809       -693.1996       0.9996412        1325843.        0.000000        1231908.        1231270.       -4.661952       -4.665069       -4.667893       -30681.36        528138.5       0.9284746E-02         439      248880  0.20694    
      194200   -4.664207        501.0823        1.000080        1326344.        0.000000        1231745.        1232305.       -4.661954       -4.665069       -4.665944       -30677.49        528252.8       0.9291795E-02         438      249076  0.20666    
      194300   -4.665392        478.4118        1.000237        1326823.        0.000000        1232038.        1232577.       -4.661958       -4.665069       -4.670263       -30677.41        528557.0       0.9291598E-02         439      248605  0.20614    
      194400   -4.665808       -625.2955        1.000083        1326197.        0.000000        1232047.        1231471.       -4.661961       -4.665069       -4.666956       -30709.31        528319.4       0.9282467E-02         439      248834  0.20846    
      194500   -4.663131       -481.9760       0.9994647        1325716.        0.000000        1230954.        1230529.       -4.661963       -4.665068       -4.665460       -30705.22        528100.3       0.9280364E-02         438      248486  0.20526    
      194600   -4.663256        96.20266        1.000025        1325812.        0.000000        1230663.        1230817.       -4.661961       -4.665067       -4.659509       -30737.67        528190.0       0.9282306E-02         438      248666  0.20410    
      194700   -4.662102       -224.1444       0.9997692        1325588.        0.000000        1229922.        1229750.       -4.661959       -4.665066       -4.657489       -30711.79        527968.0       0.9276367E-02         438      248676  0.20855    
      194800   -4.662835        210.5237        1.000147        1325798.        0.000000        1230348.        1230617.       -4.661960       -4.665065       -4.663458       -30685.67        528213.8       0.9281593E-02         437      248244  0.20697    
      194900   -4.664022        673.4075        1.000237        1326471.        0.000000        1230560.        1231291.       -4.661962       -4.665064       -4.666458       -30727.02        528375.1       0.9284482E-02         439      249179  0.20941    
      195000   -4.665419        134.9796        1.000280        1326606.        0.000000        1231143.        1231333.       -4.661963       -4.665064       -4.662981       -30693.92        528704.6       0.9282202E-02         439      248104  0.21124    
      195100   -4.666177        123.3393        1.000152        1326730.        0.000000        1232263.        1232442.       -4.661965       -4.665065       -4.666220       -30708.88        528561.1       0.9289128E-02         438      248364  0.20729    
      195200   -4.665337       -387.2921       0.9998321        1326343.        0.000000        1231489.        1231152.       -4.661967       -4.665065       -4.666628       -30692.44        528479.7       0.9280954E-02         437      248472  0.20997    
      195300   -4.664774       -219.7758       0.9998873        1326123.        0.000000        1231865.        1231723.       -4.661970       -4.665065       -4.668240       -30670.29        528306.8       0.9286439E-02         438      248839  0.20599    
      195400   -4.664189        108.4807       0.9998829        1326231.        0.000000        1231202.        1231369.       -4.661972       -4.665064       -4.665780       -30713.88        528290.4       0.9284708E-02         439      248876  0.20802    
      195500   -4.664940        47.76026        1.000150        1326279.        0.000000        1232050.        1232165.       -4.661974       -4.665064       -4.665136       -30685.88        528343.3       0.9289336E-02         439      247303  0.20490    
      195600   -4.665118        123.3143        1.000036        1326402.        0.000000        1231553.        1231739.       -4.661976       -4.665064       -4.666223       -30723.20        528391.6       0.9285807E-02         438      248544  0.20467    
      195700   -4.664757       -161.9083       0.9999277        1326240.        0.000000        1231312.        1231208.       -4.661974       -4.665064       -4.658131       -30732.97        528301.1       0.9282473E-02         439      247625  0.20768    
      195800   -4.664680       -51.23165       0.9999845        1326189.        0.000000        1231529.        1231541.       -4.661973       -4.665064       -4.659151       -30697.60        528317.7       0.9285103E-02         437      248650  0.20739    
      195900   -4.664007       -146.0851       0.9998654        1326043.        0.000000        1231675.        1231588.       -4.661973       -4.665064       -4.663223       -30654.79        528357.5       0.9286718E-02         439      248194  0.20437    
      196000   -4.663682       -15.69234       0.9999350        1326027.        0.000000        1230941.        1230980.       -4.661976       -4.665063       -4.666781       -30695.82        528107.4       0.9282712E-02         439      248652  0.20794    
      196100   -4.663592        145.0674       0.9999820        1326172.        0.000000        1231005.        1231212.       -4.661977       -4.665062       -4.663754       -30672.91        528419.3       0.9284637E-02         439      248337  0.20549    
      196200   -4.663797       -302.9634        1.000041        1325869.        0.000000        1231110.        1230874.       -4.661978       -4.665061       -4.663885       -30687.16        528065.3       0.9281804E-02         439      247481  0.20782    
      196300   -4.662842        85.28291       0.9998089        1325955.        0.000000        1230262.        1230404.       -4.661980       -4.665060       -4.665338       -30686.17        528174.7       0.9279954E-02         438      248633  0.20432    
      196400   -4.664161        442.3416        1.000264        1326397.        0.000000        1231111.        1231609.       -4.661980       -4.665060       -4.662144       -30678.98        528385.9       0.9286593E-02         437      248277  0.20757    
      196500   -4.665030       -67.25392        1.000174        1326330.        0.000000        1231301.        1231298.       -4.661979       -4.665060       -4.661667       -30708.99        528377.6       0.9282680E-02         439      248309  0.20451    
      196600   -4.664751        48.65311       0.9999441        1326379.        0.000000        1230789.        1230903.       -4.661978       -4.665060       -4.660016       -30683.65        528406.8       0.9280234E-02         438      248498  0.20579    
      196700   -4.665810        199.0337        1.000212        1326578.        0.000000        1231865.        1232121.       -4.661979       -4.665060       -4.663031       -30702.53        528649.7       0.9287407E-02         438      248784  0.20687    
      196800   -4.665983        119.8470        1.000035        1326697.        0.000000        1231543.        1231722.       -4.661981       -4.665061       -4.665488       -30712.77        528534.3       0.9284044E-02         438      249221  0.20607    
      196900   -4.666154        46.72228        1.000034        1326744.        0.000000        1231988.        1232097.       -4.661984       -4.665061       -4.668279       -30698.83        528691.3       0.9286585E-02         438      248203  0.20394    
      197000   -4.665874       -507.3613       0.9999439        1326237.        0.000000        1231849.        1231391.       -4.661989       -4.665061       -4.671550       -30710.38        528344.7       0.9281781E-02         439      247836  0.20438    
      197100   -4.664493       -80.83159       0.9997239        1326156.        0.000000        1231361.        1231341.       -4.661991       -4.665061       -4.665457       -30744.88        528542.9       0.9283957E-02         437      248427  0.20762    
      197200   -4.664909        69.81151        1.000083        1326226.        0.000000        1231437.        1231560.       -4.661990       -4.665061       -4.661100       -30735.87        528503.2       0.9284848E-02         439      247692  0.20375    
      197300   -4.664536       -155.0645       0.9999255        1326071.        0.000000        1231542.        1231437.       -4.661990       -4.665061       -4.660955       -30760.66        528371.3       0.9284626E-02         438      248317  0.20953    
      197400   -4.664387        346.8304       0.9999702        1326418.        0.000000        1230975.        1231384.       -4.661987       -4.665061       -4.657127       -30727.77        528392.0       0.9284481E-02         438      249205  0.20549    
      197500   -4.664799       -88.17157        1.000082        1326329.        0.000000        1231249.        1231216.       -4.661988       -4.665060       -4.664433       -30695.66        528566.9       0.9282414E-02         438      249068  0.20411    
      197600   -4.664387       -167.8154       0.9999177        1326162.        0.000000        1231484.        1231371.       -4.661989       -4.665060       -4.663902       -30709.82        528378.8       0.9284427E-02         438      248535  0.20608    
      197700   -4.664456        102.8197        1.000014        1326264.        0.000000        1231284.        1231452.       -4.661990       -4.665060       -4.662438       -30732.17        528322.2       0.9284851E-02         438      247997  0.20614    
      197800   -4.664422        180.4705       0.9999931        1326445.        0.000000        1230471.        1230710.       -4.661989       -4.665059       -4.660293       -30729.13        528311.3       0.9279346E-02         437      249336  0.20778    
      197900   -4.665864        27.33276        1.000289        1326472.        0.000000        1231937.        1232030.       -4.661988       -4.665060       -4.661446       -30735.93        528566.2       0.9286607E-02         438      247902  0.20463    
      198000   -4.665301       -313.3710       0.9998874        1326159.        0.000000        1231495.        1231228.       -4.661989       -4.665060       -4.663658       -30707.90        528369.4       0.9281563E-02         439      247915  0.21082    
      198100   -4.665014        347.7011       0.9999426        1326506.        0.000000        1231248.        1231663.       -4.661991       -4.665060       -4.664737       -30705.34        528606.5       0.9285468E-02         438      248066  0.20529    
      198200   -4.665062       -98.17651        1.000010        1326408.        0.000000        1230654.        1230622.       -4.661993       -4.665060       -4.666826       -30679.47        528452.9       0.9277487E-02         438      248241  0.20941    
      198300   -4.664864       -480.5333       0.9999604        1325928.        0.000000        1231483.        1231065.       -4.661995       -4.665060       -4.665166       -30699.56        528370.2       0.9281221E-02         437      248548  0.20690    
      198400   -4.663943        133.7464       0.9998159        1326062.        0.000000        1231593.        1231788.       -4.661997       -4.665059       -4.666339       -30679.64        528298.6       0.9288319E-02         437      249073  0.21070    
      198500   -4.664263        10.23720        1.000064        1326072.        0.000000        1231619.        1231698.       -4.662000       -4.665059       -4.668236       -30641.82        528415.9       0.9287082E-02         438      248401  0.20384    
      198600   -4.663935        180.7260       0.9999344        1326252.        0.000000        1230893.        1231134.       -4.662004       -4.665058       -4.669295       -30667.47        528557.0       0.9283448E-02         437      248160  0.20929    
      198700   -4.664222       -132.7922        1.000057        1326120.        0.000000        1231386.        1231315.       -4.662006       -4.665058       -4.666062       -30663.91        528494.5       0.9284252E-02         438      248307  0.20840    
      198800   -4.665103        532.5212        1.000176        1326652.        0.000000        1231648.        1232237.       -4.662007       -4.665058       -4.664887       -30686.51        528736.2       0.9289569E-02         439      247862  0.21005    
      198900   -4.666236       -52.55422        1.000226        1326600.        0.000000        1231806.        1231813.       -4.662006       -4.665058       -4.660134       -30746.88        528482.2       0.9284345E-02         438      248451  0.20887    
      199000   -4.665931       -24.26631       0.9999390        1326575.        0.000000        1231921.        1231966.       -4.662005       -4.665059       -4.658547       -30754.16        528376.7       0.9286007E-02         437      248223  0.20810    
      199100   -4.665803        5.134377       0.9999745        1326581.        0.000000        1232192.        1232265.       -4.662001       -4.665059       -4.654603       -30811.32        528415.9       0.9288511E-02         437      248543  0.20435    
      199200   -4.666568        472.3595        1.000153        1327053.        0.000000        1232463.        1232997.       -4.661995       -4.665060       -4.649567       -30797.26        528702.8       0.9292562E-02         439      249288  0.20910    
      199300   -4.667342       -119.4233        1.000155        1326933.        0.000000        1233020.        1232966.       -4.661991       -4.665061       -4.655379       -30762.66        528758.5       0.9290950E-02         438      248568  0.20502    
      199400   -4.665855       -365.5889       0.9997028        1326568.        0.000000        1232315.        1232014.       -4.661991       -4.665062       -4.661008       -30718.52        528523.7       0.9286475E-02         438      248954  0.20411    
      199500   -4.665433       -263.1686       0.9999155        1326305.        0.000000        1231927.        1231730.       -4.661992       -4.665062       -4.665156       -30699.40        528438.7       0.9285162E-02         438      248356  0.20641    
      199600   -4.665141        96.88801       0.9999417        1326402.        0.000000        1231791.        1231947.       -4.661993       -4.665062       -4.663869       -30717.26        528437.5       0.9287362E-02         438      248701  0.20657    
      199700   -4.664376       -452.2602       0.9998469        1325949.        0.000000        1230592.        1230202.       -4.661991       -4.665061       -4.656985       -30771.84        528457.0       0.9275591E-02         438      248096  0.20640    
      199800   -4.663669        97.41462       0.9998586        1326047.        0.000000        1231358.        1231515.       -4.661987       -4.665061       -4.653634       -30774.29        528498.6       0.9286758E-02         438      249115  0.20665    
      199900   -4.663937        354.0527        1.000054        1326401.        0.000000        1231185.        1231599.       -4.661982       -4.665060       -4.653859       -30747.47        528490.4       0.9286906E-02         439      248301  0.20739    
      200000   -4.664881       -118.1286        1.000189        1326283.        0.000000        1231089.        1231021.       -4.661983       -4.665060       -4.663519       -30699.86        528520.4       0.9280806E-02         437      247691  0.20848    
      200100   -4.664892        428.5828        1.000002        1326711.        0.000000        1231077.        1231573.       -4.661984       -4.665060       -4.664304       -30724.63        528605.6       0.9285023E-02         439      249150  0.20443    
      200200   -4.666283        143.4851        1.000278        1326855.        0.000000        1232146.        1232344.       -4.661986       -4.665061       -4.665368       -30746.62        528760.0       0.9288153E-02         437      249141  0.20895    
      200300   -4.666483        101.8942        1.000040        1326957.        0.000000        1231735.        1231892.       -4.661986       -4.665061       -4.662194       -30751.41        528708.4       0.9284382E-02         438      248448  0.20591    
      200400   -4.667024        27.90896        1.000108        1326985.        0.000000        1232012.        1232091.       -4.661986       -4.665062       -4.660973       -30769.25        528757.6       0.9284894E-02         438      248855  0.20484    
      200500   -4.666956       -9.962007       0.9999863        1326975.        0.000000        1232316.        1232359.       -4.661985       -4.665063       -4.659659       -30753.36        528703.5       0.9287005E-02         437      248920  0.20751    
      200600   -4.665767       -508.4695       0.9997624        1326466.        0.000000        1232061.        1231612.       -4.661983       -4.665064       -4.658522       -30758.75        528487.6       0.9283656E-02         437      248326  0.20558    
      200700   -4.664506       -337.8565       0.9997478        1326128.        0.000000        1231344.        1231062.       -4.661982       -4.665063       -4.659938       -30734.58        528365.7       0.9281793E-02         439      247127  0.20526    
      200800   -4.663712       -160.7917       0.9998412        1325967.        0.000000        1231326.        1231229.       -4.661981       -4.665063       -4.661319       -30689.67        528287.0       0.9284575E-02         439      248128  0.20719    
      200900   -4.663175       -66.64919       0.9998926        1325901.        0.000000        1230584.        1230574.       -4.661984       -4.665062       -4.666910       -30660.20        528387.8       0.9280632E-02         439      248437  0.20686    
      201000   -4.663402       -33.04437        1.000045        1325868.        0.000000        1230223.        1230254.       -4.661987       -4.665061       -4.668041       -30674.67        528282.6       0.9277798E-02         438      248359  0.20524    
      201100   -4.662186       -217.7195       0.9997568        1325650.        0.000000        1230378.        1230220.       -4.661988       -4.665059       -4.663167       -30674.98        528293.3       0.9279766E-02         437      248015  0.20983    
      201200   -4.663042        485.8316        1.000171        1326136.        0.000000        1230545.        1231100.       -4.661989       -4.665058       -4.665367       -30652.89        528324.4       0.9284817E-02         437      247910  0.20595    
      201300   -4.664091       -124.1165        1.000210        1326012.        0.000000        1230503.        1230437.       -4.661990       -4.665058       -4.664163       -30690.74        528389.0       0.9277938E-02         438      248210  0.20675    
      201400   -4.664001        146.1857       0.9999820        1326158.        0.000000        1231095.        1231296.       -4.661992       -4.665057       -4.665846       -30698.28        528519.0       0.9284530E-02         439      248967  0.20416    
      201500   -4.664271        70.37351        1.000054        1326228.        0.000000        1231203.        1231332.       -4.661991       -4.665057       -4.658575       -30730.20        528586.5       0.9284306E-02         439      248427  0.20726    
      201600   -4.664472        129.2408        1.000040        1326358.        0.000000        1231608.        1231793.       -4.661987       -4.665057       -4.654149       -30763.70        528500.9       0.9287380E-02         437      248305  0.20606    
      201700   -4.665992        508.6542        1.000304        1326866.        0.000000        1232235.        1232803.       -4.661981       -4.665057       -4.651478       -30782.22        528561.0       0.9292205E-02         436      249072  0.20413    
      201800   -4.665877       -559.3902       0.9999770        1326307.        0.000000        1232022.        1231523.       -4.661977       -4.665058       -4.652348       -30777.14        528308.3       0.9282826E-02         439      248636  0.21169    
      201900   -4.665235        398.9965       0.9998716        1326706.        0.000000        1231624.        1232077.       -4.661973       -4.665058       -4.654723       -30751.94        528519.0       0.9288139E-02         438      248698  0.20997    
      202000   -4.666852        478.1679        1.000323        1327184.        0.000000        1231900.        1232441.       -4.661972       -4.665059       -4.660078       -30715.97        528713.7       0.9287833E-02         438      248912  0.20505    
      202100   -4.668216       -96.24559        1.000273        1327088.        0.000000        1232679.        1232646.       -4.661973       -4.665060       -4.664525       -30712.10        528726.2       0.9286903E-02         438      248252  0.20820    
      202200   -4.666242       -556.4091       0.9996054        1326531.        0.000000        1232282.        1231787.       -4.661973       -4.665061       -4.661728       -30712.54        528552.3       0.9284081E-02         438      249042  0.20839    
      202300   -4.665002       -243.0793       0.9997519        1326288.        0.000000        1231582.        1231397.       -4.661972       -4.665061       -4.659060       -30732.33        528376.2       0.9283477E-02         438      248336  0.20523    
      202400   -4.665093        154.7050        1.000018        1326443.        0.000000        1231591.        1231803.       -4.661972       -4.665061       -4.662628       -30716.62        528387.2       0.9286311E-02         439      248849  0.20564    
      202500   -4.665235       -280.8976        1.000028        1326162.        0.000000        1231584.        1231358.       -4.661972       -4.665061       -4.662682       -30700.97        528303.0       0.9282774E-02         439      248777  0.20691    
      202600   -4.664523        77.84530       0.9998577        1326240.        0.000000        1231417.        1231558.       -4.661975       -4.665061       -4.666372       -30703.17        528457.5       0.9285491E-02         437      248688  0.20692    
      202700   -4.664513        54.78788       0.9999979        1326295.        0.000000        1231392.        1231509.       -4.661974       -4.665060       -4.661337       -30689.03        528338.4       0.9285224E-02         437      248793  0.20364    
      202800   -4.664219       -12.12495       0.9999412        1326283.        0.000000        1230952.        1231004.       -4.661977       -4.665060       -4.666873       -30689.98        528320.2       0.9281920E-02         437      248638  0.20682    
      202900   -4.665675        379.3776        1.000291        1326662.        0.000000        1231594.        1232029.       -4.661979       -4.665060       -4.666896       -30678.40        528444.6       0.9286943E-02         437      249141  0.20815    
      203000   -4.666182        205.9982        1.000101        1326868.        0.000000        1231623.        1231883.       -4.661982       -4.665061       -4.667134       -30717.68        528629.2       0.9284892E-02         437      248684  0.20514    
      203100   -4.666633        106.2160        1.000090        1326974.        0.000000        1231206.        1231378.       -4.661983       -4.665062       -4.663912       -30701.12        528772.3       0.9280288E-02         439      248989  0.20724    
      203200   -4.666688       -218.8395        1.000011        1326755.        0.000000        1231945.        1231785.       -4.661987       -4.665062       -4.670407       -30675.34        528712.2       0.9283193E-02         438      248492  0.20825    
      203300   -4.665870       -378.5791       0.9998365        1326377.        0.000000        1232231.        1231911.       -4.661988       -4.665063       -4.665490       -30705.35        528374.2       0.9285730E-02         439      248568  0.20369    
      203400   -4.664188       -525.8676       0.9996636        1325851.        0.000000        1231263.        1230802.       -4.661988       -4.665062       -4.661990       -30704.72        528149.2       0.9280470E-02         438      247964  0.20677    
      203500   -4.664257        551.8137        1.000014        1326403.        0.000000        1231329.        1231944.       -4.661988       -4.665062       -4.660496       -30730.45        528400.6       0.9288956E-02         439      249354  0.20878    
      203600   -4.666073        532.1736        1.000363        1326935.        0.000000        1231616.        1232210.       -4.661986       -4.665062       -4.657659       -30750.65        528752.0       0.9287552E-02         438      249191  0.20376    
      203700   -4.666533       -412.7771        1.000092        1326522.        0.000000        1232238.        1231879.       -4.661985       -4.665063       -4.659860       -30698.84        528448.0       0.9284284E-02         438      248851  0.20680    
      203800   -4.664720       -323.2831       0.9996376        1326199.        0.000000        1231070.        1230814.       -4.661986       -4.665063       -4.664238       -30684.10        528251.8       0.9279617E-02         437      248827  0.20728    
      203900   -4.663592       -345.4269       0.9997743        1325853.        0.000000        1231379.        1231096.       -4.661985       -4.665062       -4.660610       -30703.16        528164.2       0.9283762E-02         439      248182  0.20516    
      204000   -4.663349        203.2004       0.9999514        1326057.        0.000000        1231321.        1231582.       -4.661988       -4.665061       -4.667953       -30625.65        528382.4       0.9287897E-02         438      248120  0.21184    
      204100   -4.664612        515.4666        1.000253        1326572.        0.000000        1231617.        1232192.       -4.661993       -4.665061       -4.672809       -30668.52        528649.9       0.9290188E-02         438      248717  0.20647    
      204200   -4.665421        66.96928        1.000162        1326639.        0.000000        1231237.        1231366.       -4.661997       -4.665061       -4.669019       -30674.85        528662.1       0.9282401E-02         437      248335  0.20511    
      204300   -4.665074       -449.0471       0.9999306        1326190.        0.000000        1231860.        1231479.       -4.662000       -4.665061       -4.668908       -30665.44        528373.5       0.9283939E-02         438      247645  0.20435    
      204400   -4.663834       -85.62836       0.9997521        1326104.        0.000000        1231254.        1231223.       -4.662001       -4.665061       -4.664608       -30677.58        528320.2       0.9284303E-02         438      248329  0.20872    
      204500   -4.663581       -36.75747       0.9999494        1326068.        0.000000        1231420.        1231433.       -4.662000       -4.665060       -4.659506       -30698.05        528323.7       0.9286315E-02         438      248203  0.21444    
      204600   -4.664968        417.8683        1.000277        1326485.        0.000000        1230724.        1231202.       -4.662002       -4.665060       -4.664919       -30687.51        528555.6       0.9282025E-02         437      247884  0.20387    
      204700   -4.664849       -93.74607       0.9999762        1326392.        0.000000        1231416.        1231387.       -4.662004       -4.665060       -4.666622       -30698.72        528513.1       0.9283656E-02         439      248395  0.21132    
      204800   -4.666570        365.8132        1.000344        1326758.        0.000000        1231999.        1232418.       -4.662006       -4.665061       -4.666145       -30672.06        528688.0       0.9288160E-02         439      248377  0.20473    
      204900   -4.667070        271.3975        1.000100        1327029.        0.000000        1232203.        1232537.       -4.662011       -4.665062       -4.672614       -30647.09        528683.8       0.9288208E-02         439      248912  0.21137    
      205000   -4.666642       -499.7434       0.9999145        1326529.        0.000000        1231991.        1231558.       -4.662014       -4.665062       -4.668720       -30710.89        528474.0       0.9281596E-02         438      248073  0.20869    
      205100   -4.664963       -320.1659       0.9996643        1326209.        0.000000        1232379.        1232120.       -4.662013       -4.665062       -4.659913       -30717.22        528409.4       0.9288951E-02         438      248651  0.20700    
      205200   -4.664660        2.316198       0.9999395        1326211.        0.000000        1231187.        1231242.       -4.662014       -4.665062       -4.664383       -30669.74        528612.5       0.9282899E-02         438      248089  0.20959    
      205300   -4.664641        198.5914       0.9999961        1326410.        0.000000        1231540.        1231794.       -4.662016       -4.665062       -4.665350       -30694.99        528530.3       0.9287095E-02         438      248729  0.20394    
      205400   -4.665824        434.4072        1.000237        1326844.        0.000000        1231745.        1232232.       -4.662018       -4.665062       -4.665529       -30646.71        528694.5       0.9288179E-02         438      248785  0.20604    
      205500   -4.666468        8.310454        1.000129        1326853.        0.000000        1232052.        1232114.       -4.662022       -4.665063       -4.671214       -30648.13        528766.3       0.9286140E-02         438      248553  0.20432    
      205600   -4.665721       -484.7705       0.9998507        1326368.        0.000000        1231527.        1231106.       -4.662029       -4.665063       -4.674767       -30653.53        528464.7       0.9279915E-02         439      248872  0.20843    
      205700   -4.664479       -38.59799       0.9997515        1326329.        0.000000        1230978.        1231005.       -4.662033       -4.665063       -4.670973       -30649.61        528379.4       0.9281506E-02         436      248831  0.20500    
      205800   -4.665089       -71.19805        1.000122        1326258.        0.000000        1231216.        1231207.       -4.662036       -4.665063       -4.668766       -30637.48        528554.8       0.9281835E-02         439      247705  0.21062    
      205900   -4.664342       -56.50322       0.9998506        1326202.        0.000000        1232083.        1232092.       -4.662039       -4.665063       -4.668499       -30671.36        528585.6       0.9289925E-02         438      248271  0.20355    
      206000   -4.664982        297.0856        1.000128        1326499.        0.000000        1231545.        1231898.       -4.662042       -4.665063       -4.667745       -30686.71        528686.0       0.9287243E-02         438      247888  0.20573    
      206100   -4.665717        4.894161        1.000147        1326504.        0.000000        1231690.        1231751.       -4.662045       -4.665063       -4.667038       -30680.90        528545.5       0.9284810E-02         439      249068  0.20481    
      206200   -4.665695        63.43593       0.9999955        1326567.        0.000000        1231903.        1232022.       -4.662046       -4.665063       -4.665112       -30717.06        528660.2       0.9286844E-02         437      248988  0.20780    
      206300   -4.666194       -115.6240        1.000100        1326451.        0.000000        1232555.        1232503.       -4.662047       -4.665064       -4.664279       -30692.50        528500.5       0.9289591E-02         437      248510  0.20837    
      206400   -4.664415       -311.7560       0.9996441        1326140.        0.000000        1231377.        1231125.       -4.662049       -4.665064       -4.665848       -30693.89        528408.6       0.9282533E-02         438      249019  0.20538    
      206500   -4.664245       -4.393493       0.9999662        1326135.        0.000000        1231713.        1231769.       -4.662051       -4.665063       -4.666125       -30718.05        528347.1       0.9287643E-02         437      248423  0.20393    
      206600   -4.665356        349.9411        1.000222        1326485.        0.000000        1231497.        1231915.       -4.662052       -4.665063       -4.664375       -30739.75        528521.7       0.9286755E-02         438      248093  0.20515    
      206700   -4.665633        138.2787        1.000055        1326623.        0.000000        1231473.        1231681.       -4.662052       -4.665064       -4.660967       -30722.47        528560.7       0.9284413E-02         438      248991  0.20865    
      206800   -4.666009       -12.93016        1.000075        1326610.        0.000000        1231364.        1231413.       -4.662052       -4.665064       -4.662428       -30703.85        528464.4       0.9281669E-02         439      248999  0.20842    
      206900   -4.665800        152.2125       0.9999583        1326763.        0.000000        1232213.        1232433.       -4.662051       -4.665064       -4.659938       -30764.23        528671.1       0.9289746E-02         438      249311  0.20475    
      207000   -4.666144       -135.2760        1.000069        1326627.        0.000000        1231661.        1231582.       -4.662049       -4.665065       -4.657890       -30729.64        528693.2       0.9282684E-02         438      248740  0.20490    
      207100   -4.665008       -365.1729       0.9997728        1326262.        0.000000        1231552.        1231247.       -4.662046       -4.665065       -4.655766       -30742.42        528615.6       0.9282351E-02         439      248074  0.20692    
      207200   -4.665174        90.69373        1.000033        1326353.        0.000000        1231788.        1231939.       -4.662043       -4.665065       -4.657669       -30726.70        528578.7       0.9287203E-02         438      247875  0.20711    
      207300   -4.663571       -494.4172       0.9996795        1325859.        0.000000        1231122.        1230682.       -4.662043       -4.665064       -4.661757       -30705.21        528343.7       0.9280741E-02         438      247797  0.20649    
      207400   -4.663863        305.3443        1.000058        1326164.        0.000000        1231205.        1231576.       -4.662044       -4.665064       -4.662829       -30695.59        528481.9       0.9286968E-02         437      247923  0.20590    
      207500   -4.664331       -60.65761        1.000094        1326103.        0.000000        1231076.        1231086.       -4.662043       -4.665063       -4.661229       -30719.95        528604.7       0.9282413E-02         438      247928  0.20463    
      207600   -4.665093        670.1765        1.000152        1326773.        0.000000        1230906.        1231629.       -4.662043       -4.665063       -4.660464       -30753.46        528730.2       0.9285002E-02         437      249463  0.20600    
      207700   -4.666528        289.1225        1.000287        1327063.        0.000000        1231546.        1231899.       -4.662043       -4.665064       -4.663560       -30695.61        528836.6       0.9284403E-02         439      249238  0.20624    
      207800   -4.667546        158.5044        1.000204        1327221.        0.000000        1232464.        1232678.       -4.662045       -4.665065       -4.664807       -30755.78        528744.9       0.9288358E-02         437      248516  0.20466    
      207900   -4.667366       -371.3926       0.9999640        1326850.        0.000000        1232464.        1232143.       -4.662047       -4.665066       -4.667104       -30698.08        528597.1       0.9284632E-02         439      248943  0.20689    
      208000   -4.666867        40.95392       0.9999002        1326891.        0.000000        1232498.        1232601.       -4.662052       -4.665067       -4.671364       -30669.94        528635.9       0.9289058E-02         437      249310  0.20948    
      208100   -4.666384       -249.5483       0.9999035        1326641.        0.000000        1232171.        1231986.       -4.662056       -4.665068       -4.670497       -30713.71        528430.1       0.9285317E-02         437      248996  0.20484    
      208200   -4.665419       -584.3666       0.9998070        1326057.        0.000000        1231570.        1231046.       -4.662058       -4.665068       -4.666571       -30682.38        528355.5       0.9280017E-02         438      247795  0.20489    
      208300   -4.664683        331.0376       0.9998529        1326388.        0.000000        1231339.        1231729.       -4.662061       -4.665068       -4.668416       -30682.38        528572.3       0.9286535E-02         437      248046  0.20708    
      208400   -4.665402       -41.74262        1.000144        1326346.        0.000000        1231732.        1231748.       -4.662062       -4.665068       -4.665040       -30683.88        528486.1       0.9285350E-02         437      248383  0.20785    
      208500   -4.664792        21.07347       0.9998781        1326367.        0.000000        1231420.        1231499.       -4.662065       -4.665068       -4.667377       -30694.28        528523.5       0.9284581E-02         437      248142  0.20400    
      208600   -4.665584        350.2221        1.000158        1326717.        0.000000        1231786.        1232199.       -4.662065       -4.665068       -4.661487       -30705.38        528496.8       0.9288450E-02         438      248127  0.20623    
      208700   -4.665017       -537.8819       0.9998865        1326179.        0.000000        1231556.        1231079.       -4.662065       -4.665068       -4.663820       -30717.35        528397.0       0.9280995E-02         436      248801  0.20601    
      208800   -4.663870        121.4738       0.9997707        1326301.        0.000000        1231567.        1231750.       -4.662064       -4.665067       -4.659552       -30723.83        528447.2       0.9288222E-02         438      248412  0.20389    
      208900   -4.664629        117.2940        1.000152        1326418.        0.000000        1231145.        1231318.       -4.662065       -4.665067       -4.663526       -30696.61        528606.5       0.9283499E-02         439      249221  0.20702    
      209000   -4.666320        545.6848        1.000338        1326964.        0.000000        1231701.        1232309.       -4.662067       -4.665068       -4.665750       -30700.00        528763.3       0.9287890E-02         437      248659  0.20681    
      209100   -4.666194       -258.3986       0.9999748        1326705.        0.000000        1232295.        1232086.       -4.662067       -4.665068       -4.663459       -30704.54        528662.3       0.9286391E-02         439      248122  0.20749    
      209200   -4.664776       -861.1927       0.9997165        1325844.        0.000000        1231231.        1230421.       -4.662069       -4.665068       -4.664662       -30683.66        528184.8       0.9276476E-02         437      248037  0.20809    
      209300   -4.663085       -120.8118       0.9996618        1325723.        0.000000        1231143.        1231074.       -4.662071       -4.665067       -4.667819       -30671.43        528285.3       0.9284587E-02         438      248921  0.20801    
      209400   -4.662681        128.4069       0.9999193        1325852.        0.000000        1229745.        1229934.       -4.662074       -4.665066       -4.667008       -30687.94        528175.3       0.9276734E-02         438      248628  0.20424    
      209500   -4.663724        377.9161        1.000208        1326230.        0.000000        1230284.        1230723.       -4.662076       -4.665066       -4.667674       -30668.63        528358.7       0.9280676E-02         438      247693  0.20608    
      209600   -4.664526       -230.4895        1.000160        1325999.        0.000000        1231137.        1230970.       -4.662079       -4.665065       -4.667660       -30680.82        528175.4       0.9281107E-02         438      248275  0.20445    
      209700   -4.662908       -226.7705       0.9996765        1325772.        0.000000        1230710.        1230543.       -4.662081       -4.665064       -4.666976       -30620.02        528291.1       0.9280858E-02         439      249133  0.20433    
      209800   -4.663986        617.7964        1.000216        1326390.        0.000000        1230920.        1231603.       -4.662086       -4.665064       -4.671996       -30653.63        528500.7       0.9286884E-02         439      248036  0.20535    
      209900   -4.665843        201.6238        1.000371        1326592.        0.000000        1231518.        1231777.       -4.662090       -4.665064       -4.670230       -30641.02        528627.0       0.9284714E-02         436      248879  0.20649    
      210000   -4.666255        245.2566        1.000082        1326837.        0.000000        1232009.        1232313.       -4.662094       -4.665065       -4.669522       -30695.46        528687.4       0.9288050E-02         439      248286  0.20812    
      210100   -4.665538       -581.9751       0.9998565        1326255.        0.000000        1231546.        1231034.       -4.662095       -4.665065       -4.665750       -30735.58        528443.4       0.9279759E-02         438      248714  0.20381    
      210200   -4.664766        145.5719       0.9998456        1326401.        0.000000        1231543.        1231745.       -4.662096       -4.665065       -4.663241       -30716.82        528506.2       0.9286503E-02         437      248641  0.20896    
      210300   -4.666023        305.4014        1.000251        1326706.        0.000000        1232019.        1232382.       -4.662097       -4.665065       -4.665230       -30738.01        528647.1       0.9288953E-02         437      248169  0.20704    
      210400   -4.665390       -82.52370       0.9998735        1326624.        0.000000        1231517.        1231500.       -4.662099       -4.665065       -4.665381       -30728.66        528404.6       0.9283446E-02         438      248435  0.20392    
      210500   -4.666785        313.3697        1.000279        1326937.        0.000000        1232324.        1232698.       -4.662100       -4.665066       -4.664993       -30720.81        528731.7       0.9289903E-02         438      249048  0.20896    
      210600   -4.666238       -510.0648       0.9998906        1326427.        0.000000        1232101.        1231638.       -4.662103       -4.665067       -4.667047       -30676.93        528597.1       0.9282959E-02         439      247625  0.20617    
      210700   -4.664160       -426.4781       0.9995845        1326000.        0.000000        1231339.        1230973.       -4.662104       -4.665066       -4.665601       -30710.00        528359.8       0.9281810E-02         436      247874  0.20403    
      210800   -4.663630        118.0392       0.9998939        1326118.        0.000000        1231092.        1231262.       -4.662104       -4.665066       -4.660522       -30719.62        528302.5       0.9284987E-02         438      247716  0.20643    
      210900   -4.663918       -91.80340        1.000058        1326027.        0.000000        1230551.        1230516.       -4.662104       -4.665065       -4.663091       -30725.87        528322.5       0.9278809E-02         439      248878  0.20727    
      211000   -4.665056        699.7589        1.000228        1326726.        0.000000        1231488.        1232252.       -4.662105       -4.665065       -4.664796       -30705.81        528482.9       0.9289790E-02         438      248531  0.20702    
      211100   -4.667182        386.7835        1.000425        1327113.        0.000000        1232353.        1232798.       -4.662107       -4.665066       -4.666341       -30684.73        528819.7       0.9289902E-02         438      248802  0.20682    
      211200   -4.665591       -990.5475       0.9996819        1326123.        0.000000        1232336.        1231400.       -4.662111       -4.665066       -4.669914       -30673.01        528385.2       0.9282398E-02         439      248495  0.20877    
      211300   -4.663664        21.62455       0.9996146        1326144.        0.000000        1231224.        1231316.       -4.662115       -4.665066       -4.669787       -30658.57        528407.0       0.9285339E-02         437      249610  0.20810    
      211400   -4.662938       -178.7966       0.9998549        1325966.        0.000000        1231669.        1231549.       -4.662117       -4.665065       -4.667867       -30656.73        528528.5       0.9288463E-02         439      248968  0.20436    
      211500   -4.663695        94.50910        1.000151        1326060.        0.000000        1231423.        1231575.       -4.662120       -4.665064       -4.666681       -30685.10        528371.8       0.9287175E-02         438      248414  0.20777    
      211600   -4.664807        463.0475        1.000222        1326523.        0.000000        1231531.        1232056.       -4.662122       -4.665064       -4.666974       -30686.20        528626.2       0.9288812E-02         438      248155  0.20792    
      211700   -4.665539        192.4299        1.000146        1326716.        0.000000        1231116.        1231373.       -4.662124       -4.665064       -4.666332       -30692.49        528737.6       0.9282268E-02         439      248575  0.20504    
      211800   -4.666786        76.65807        1.000250        1326792.        0.000000        1232257.        1232396.       -4.662124       -4.665065       -4.661717       -30756.63        528740.5       0.9287680E-02         439      248276  0.20836    
      211900   -4.665853       -518.0460       0.9998134        1326274.        0.000000        1231938.        1231481.       -4.662123       -4.665065       -4.659487       -30750.60        528240.5       0.9282507E-02         436      247810  0.21082    
      212000   -4.663497       -540.0256       0.9995290        1325734.        0.000000        1231490.        1231019.       -4.662122       -4.665065       -4.661036       -30721.04        528131.1       0.9283381E-02         438      248156  0.20398    
      212100   -4.662554        162.1499       0.9998113        1325896.        0.000000        1230760.        1230986.       -4.662122       -4.665063       -4.661484       -30694.23        528232.7       0.9284930E-02         438      248582  0.20469    
      212200   -4.663591        496.3316        1.000207        1326393.        0.000000        1230475.        1231031.       -4.662122       -4.665063       -4.663317       -30692.05        528482.4       0.9283260E-02         439      247962  0.20728    
      212300   -4.665144        120.9445        1.000311        1326514.        0.000000        1231863.        1232035.       -4.662122       -4.665063       -4.662389       -30723.57        528560.5       0.9288020E-02         439      249161  0.20410    
      212400   -4.665628       -343.9747        1.000097        1326170.        0.000000        1231378.        1231089.       -4.662122       -4.665063       -4.661815       -30689.65        528496.3       0.9279969E-02         438      248336  0.20842    
      212500   -4.664429        138.5135       0.9997601        1326308.        0.000000        1231078.        1231275.       -4.662124       -4.665063       -4.665840       -30717.39        528352.1       0.9283618E-02         437      248005  0.20837    
      212600   -4.665950        502.0591        1.000304        1326810.        0.000000        1231453.        1232014.       -4.662122       -4.665063       -4.658065       -30763.00        528554.7       0.9286329E-02         437      248212  0.20419    
      212700   -4.666649        65.87360        1.000140        1326876.        0.000000        1231781.        1231901.       -4.662120       -4.665064       -4.658756       -30740.33        528639.7       0.9284186E-02         438      249251  0.20600    
      212800   -4.667362        113.8214        1.000143        1326990.        0.000000        1232293.        1232466.       -4.662122       -4.665065       -4.665476       -30688.74        528671.6       0.9287096E-02         438      249388  0.20774    
      212900   -4.666610       -609.1035       0.9998497        1326381.        0.000000        1232600.        1232043.       -4.662126       -4.665066       -4.670867       -30652.48        528438.6       0.9285330E-02         437      248533  0.20468    
      213000   -4.665226        64.44502       0.9997232        1326445.        0.000000        1232046.        1232173.       -4.662131       -4.665066       -4.672805       -30649.02        528515.4       0.9288873E-02         438      248482  0.21006    
      213100   -4.665494        248.6184        1.000054        1326694.        0.000000        1232072.        1232377.       -4.662134       -4.665066       -4.667502       -30711.39        528609.8       0.9289911E-02         438      247811  0.20718    
      213200   -4.665602       -359.1470        1.000021        1326335.        0.000000        1231675.        1231382.       -4.662134       -4.665066       -4.662378       -30695.52        528478.5       0.9282231E-02         438      248768  0.20735    
      213300   -4.665231        27.76302       0.9999260        1326362.        0.000000        1231757.        1231847.       -4.662135       -4.665066       -4.664928       -30680.44        528354.4       0.9286455E-02         437      247905  0.20408    
      213400   -4.665039        36.45657       0.9999615        1326399.        0.000000        1231572.        1231669.       -4.662136       -4.665066       -4.663034       -30682.25        528542.3       0.9285407E-02         436      248753  0.20632    
      213500   -4.664999        221.6649       0.9999919        1326621.        0.000000        1231732.        1232007.       -4.662135       -4.665066       -4.661686       -30704.25        528557.0       0.9288052E-02         437      249008  0.20552    
      213600   -4.664796       -399.5980       0.9999594        1326221.        0.000000        1231603.        1231255.       -4.662135       -4.665066       -4.662195       -30690.42        528444.2       0.9282710E-02         439      248632  0.20818    
      213700   -4.665334        193.1136        1.000108        1326414.        0.000000        1231682.        1231936.       -4.662136       -4.665066       -4.663492       -30689.35        528620.0       0.9286878E-02         439      248055  0.20718    
      213800   -4.664695       -80.51077       0.9998723        1326334.        0.000000        1231559.        1231541.       -4.662138       -4.665066       -4.666828       -30661.34        528382.6       0.9285142E-02         438      248402  0.20892    
      213900   -4.664705        85.94232        1.000002        1326419.        0.000000        1232053.        1232195.       -4.662143       -4.665066       -4.672056       -30663.25        528466.6       0.9290024E-02         438      249053  0.20585    
      214000   -4.665712        232.6427        1.000201        1326652.        0.000000        1231222.        1231528.       -4.662146       -4.665066       -4.668025       -30712.73        528811.5       0.9283161E-02         437      248739  0.20800    
      214100   -4.666846        1.566019        1.000227        1326654.        0.000000        1231569.        1231635.       -4.662148       -4.665067       -4.667277       -30689.71        528708.0       0.9281840E-02         438      248324  0.21174    
      214200   -4.666074       -132.9992       0.9998455        1326521.        0.000000        1232079.        1231996.       -4.662148       -4.665067       -4.662520       -30761.21        528566.1       0.9285922E-02         439      247909  0.20729    
      214300   -4.665171       -26.69029       0.9998196        1326494.        0.000000        1231610.        1231648.       -4.662145       -4.665068       -4.656220       -30770.73        528700.2       0.9285054E-02         438      248769  0.20834    
      214400   -4.664924       -195.6567       0.9999505        1326298.        0.000000        1231626.        1231491.       -4.662144       -4.665067       -4.659112       -30693.04        528798.2       0.9284323E-02         438      247957  0.20545    
      214500   -4.665538        458.8146        1.000123        1326757.        0.000000        1231272.        1231795.       -4.662145       -4.665068       -4.664915       -30703.66        528788.5       0.9285456E-02         437      248300  0.20499    
      214600   -4.667081        218.9635        1.000309        1326976.        0.000000        1231704.        1231990.       -4.662148       -4.665069       -4.667273       -30703.98        528836.2       0.9284041E-02         436      248756  0.20407    
      214700   -4.667356        337.5930        1.000055        1327314.        0.000000        1232011.        1232408.       -4.662149       -4.665070       -4.665435       -30740.47        528856.2       0.9286689E-02         437      249158  0.20762    
      214800   -4.667613       -378.9624        1.000051        1326935.        0.000000        1232789.        1232464.       -4.662148       -4.665071       -4.659132       -30732.80        528921.8       0.9286563E-02         437      248645  0.21290    
      214900   -4.666811       -312.3802       0.9998397        1326622.        0.000000        1232642.        1232388.       -4.662147       -4.665072       -4.661360       -30712.69        528572.0       0.9287568E-02         438      249394  0.20459    
      215000   -4.665764       -274.0397       0.9997905        1326348.        0.000000        1232546.        1232326.       -4.662149       -4.665072       -4.664572       -30685.92        528555.8       0.9289055E-02         436      248686  0.20546    
      215100   -4.665084       -8.598704       0.9998640        1326340.        0.000000        1231701.        1231753.       -4.662149       -4.665072       -4.663411       -30723.01        528547.7       0.9286025E-02         438      248891  0.20692    
      215200   -4.664523       -18.55190       0.9998879        1326321.        0.000000        1231157.        1231194.       -4.662146       -4.665072       -4.655195       -30710.34        528602.2       0.9282847E-02         439      248419  0.20399    
      215300   -4.664729       -179.1152        1.000041        1326142.        0.000000        1231483.        1231368.       -4.662147       -4.665072       -4.664127       -30650.23        528645.9       0.9283729E-02         438      248217  0.20767    
      215400   -4.663610       -230.7863       0.9997763        1325911.        0.000000        1231096.        1230921.       -4.662148       -4.665071       -4.665542       -30684.80        528535.2       0.9282443E-02         438      249174  0.21377    
      215500   -4.664586        397.6878        1.000195        1326309.        0.000000        1231059.        1231525.       -4.662151       -4.665071       -4.668631       -30657.61        528610.2       0.9285169E-02         437      248436  0.20391    
      215600   -4.664632        60.07073        1.000009        1326369.        0.000000        1231634.        1231752.       -4.662155       -4.665071       -4.670420       -30686.75        528520.3       0.9286777E-02         439      249036  0.21210    
      215700   -4.664721        51.71614        1.000018        1326421.        0.000000        1231157.        1231261.       -4.662156       -4.665070       -4.664069       -30685.89        528427.6       0.9282918E-02         438      248506  0.20648    
      215800   -4.665109        209.1430        1.000078        1326630.        0.000000        1231445.        1231711.       -4.662159       -4.665070       -4.669095       -30692.76        528447.8       0.9285597E-02         439      248877  0.20564    
      215900   -4.666452        198.9848        1.000269        1326829.        0.000000        1232071.        1232333.       -4.662162       -4.665071       -4.667202       -30691.83        528609.9       0.9287841E-02         439      248016  0.20534    
      216000   -4.666296       -270.7761       0.9999688        1326558.        0.000000        1231851.        1231637.       -4.662162       -4.665072       -4.663510       -30732.95        528505.0       0.9282846E-02         437      247851  0.20836    
      216100   -4.665015       -392.0137       0.9997439        1326166.        0.000000        1231703.        1231376.       -4.662162       -4.665072       -4.661524       -30709.92        528352.9       0.9283294E-02         438      248605  0.20653    
      216200   -4.664039       -193.0252       0.9998049        1325973.        0.000000        1231162.        1231026.       -4.662164       -4.665071       -4.666951       -30672.49        528320.9       0.9282437E-02         438      248590  0.20410    
      216300   -4.663709        27.11756       0.9999340        1326000.        0.000000        1231398.        1231480.       -4.662166       -4.665070       -4.664838       -30716.13        528468.3       0.9286483E-02         438      248967  0.20615    
      216400   -4.663651       -96.76471       0.9999882        1325903.        0.000000        1230793.        1230755.       -4.662167       -4.665070       -4.664338       -30705.00        528289.6       0.9281098E-02         436      248340  0.20429    
      216500   -4.663726        159.8747        1.000015        1326063.        0.000000        1230724.        1230937.       -4.662166       -4.665069       -4.661558       -30721.66        528264.8       0.9282282E-02         439      248047  0.20385    
      216600   -4.663991        169.6823        1.000053        1326233.        0.000000        1231339.        1231576.       -4.662167       -4.665069       -4.662981       -30732.46        528445.9       0.9286700E-02         439      248509  0.20926    
      216700   -4.664193       -304.3326        1.000040        1325929.        0.000000        1231477.        1231229.       -4.662166       -4.665068       -4.661723       -30720.30        528230.5       0.9283675E-02         438      248686  0.20926    
      216800   -4.663835        447.1148       0.9999284        1326376.        0.000000        1230740.        1231242.       -4.662167       -4.665068       -4.663599       -30722.04        528554.6       0.9284487E-02         437      248359  0.20382    
      216900   -4.664599       -206.2137        1.000153        1326170.        0.000000        1231431.        1231281.       -4.662168       -4.665067       -4.664140       -30730.01        528443.8       0.9283278E-02         437      248398  0.20853    
      217000   -4.664166        73.32172       0.9999133        1326243.        0.000000        1231493.        1231625.       -4.662169       -4.665067       -4.664039       -30734.35        528691.7       0.9286733E-02         438      248580  0.20807    
      217100   -4.664478        73.58082        1.000062        1326316.        0.000000        1231711.        1231849.       -4.662170       -4.665067       -4.664451       -30724.44        528534.7       0.9287837E-02         437      248940  0.20814    
      217200   -4.664784        54.64044        1.000061        1326371.        0.000000        1230970.        1231090.       -4.662171       -4.665067       -4.664440       -30714.70        528534.3       0.9281523E-02         437      248384  0.20515    
      217300   -4.665798        319.0200        1.000203        1326690.        0.000000        1231356.        1231731.       -4.662174       -4.665067       -4.669047       -30702.62        528610.9       0.9284454E-02         439      248199  0.20770    
      217400   -4.666672        256.7289        1.000175        1326947.        0.000000        1232129.        1232446.       -4.662176       -4.665068       -4.665334       -30730.14        528675.2       0.9288275E-02         436      248832  0.20751    
      217500   -4.666890       -385.0200        1.000043        1326562.        0.000000        1231939.        1231610.       -4.662176       -4.665069       -4.661816       -30727.94        528540.2       0.9281531E-02         438      248796  0.20406    
      217600   -4.666619        250.2843       0.9999458        1326812.        0.000000        1232186.        1232501.       -4.662177       -4.665069       -4.665231       -30693.59        528712.8       0.9288762E-02         439      248878  0.20562    
      217700   -4.666287       -146.4849       0.9999336        1326666.        0.000000        1231192.        1231113.       -4.662180       -4.665070       -4.668105       -30693.38        528492.8       0.9278945E-02         436      249317  0.20575    
      217800   -4.664889       -492.4313       0.9997204        1326173.        0.000000        1231011.        1230570.       -4.662182       -4.665070       -4.666299       -30716.49        528413.6       0.9277412E-02         436      248205  0.20391    
      217900   -4.664234       -125.1054       0.9998691        1326048.        0.000000        1231471.        1231405.       -4.662183       -4.665069       -4.664721       -30730.50        528293.3       0.9284919E-02         437      248962  0.20682    
      218000   -4.663823        227.6846       0.9999178        1326276.        0.000000        1230783.        1231066.       -4.662183       -4.665069       -4.661945       -30738.08        528499.6       0.9283141E-02         439      249236  0.20725    
      218100   -4.666051        625.9926        1.000446        1326902.        0.000000        1231750.        1232442.       -4.662183       -4.665069       -4.661982       -30759.09        528725.4       0.9289394E-02         437      248719  0.20951    
      218200   -4.666723       -200.5303        1.000134        1326701.        0.000000        1231837.        1231693.       -4.662180       -4.665070       -4.657322       -30794.43        528611.9       0.9282439E-02         439      248355  0.21226    
      218300   -4.664176       -757.6895       0.9994908        1325944.        0.000000        1231436.        1230738.       -4.662176       -4.665070       -4.652982       -30770.65        528112.3       0.9280012E-02         437      249608  0.20961    
      218400   -4.663440       -18.55296       0.9998529        1325925.        0.000000        1230906.        1230944.       -4.662173       -4.665069       -4.656314       -30788.48        528109.8       0.9282910E-02         438      248713  0.20853    
      218500   -4.663799        140.4663        1.000072        1326065.        0.000000        1230800.        1231008.       -4.662170       -4.665068       -4.655217       -30760.80        528275.5       0.9282763E-02         437      248200  0.20432    
      218600   -4.664220        167.0230        1.000084        1326232.        0.000000        1230348.        1230584.       -4.662167       -4.665068       -4.654879       -30752.15        528510.4       0.9278774E-02         437      247478  0.20588    
      218700   -4.664089       -112.0793       0.9999739        1326120.        0.000000        1231381.        1231331.       -4.662165       -4.665067       -4.657843       -30731.02        528475.9       0.9284605E-02         439      249306  0.20791    
      218800   -4.664370        72.85042        1.000056        1326193.        0.000000        1230795.        1230931.       -4.662164       -4.665067       -4.660892       -30729.28        528495.1       0.9281140E-02         438      248137  0.20559    
      218900   -4.664518       -48.77207        1.000029        1326144.        0.000000        1231405.        1231414.       -4.662165       -4.665067       -4.663032       -30713.65        528325.4       0.9284425E-02         438      248782  0.20735    
      219000   -4.663880       -192.1990       0.9998724        1325952.        0.000000        1231019.        1230883.       -4.662167       -4.665066       -4.666709       -30692.62        528327.4       0.9281632E-02         438      248297  0.20454    
      219100   -4.663235        149.5057       0.9998710        1326102.        0.000000        1230686.        1230887.       -4.662166       -4.665065       -4.661196       -30684.94        528391.4       0.9282866E-02         438      248625  0.20419    
      219200   -4.664610        231.2156        1.000275        1326333.        0.000000        1231254.        1231540.       -4.662167       -4.665065       -4.664738       -30661.49        528624.7       0.9285205E-02         438      248101  0.20528    
      219300   -4.665418        212.2125        1.000162        1326545.        0.000000        1232266.        1232533.       -4.662169       -4.665065       -4.665758       -30667.74        528625.6       0.9291205E-02         439      247675  0.20641    
      219400   -4.665056       -458.7243       0.9999276        1326086.        0.000000        1231509.        1231111.       -4.662169       -4.665065       -4.661029       -30656.88        528579.6       0.9281190E-02         436      247424  0.20434    
      219500   -4.663812       -291.6950       0.9997512        1325795.        0.000000        1231125.        1230891.       -4.662169       -4.665065       -4.662906       -30640.81        528321.1       0.9281880E-02         437      248654  0.21049    
      219600   -4.662434       -64.07927       0.9997244        1325731.        0.000000        1230293.        1230285.       -4.662169       -4.665064       -4.662906       -30676.11        528014.5       0.9279829E-02         439      248304  0.20637    
      219700   -4.663126        170.9761        1.000138        1325902.        0.000000        1230375.        1230610.       -4.662169       -4.665063       -4.661848       -30691.83        528126.4       0.9280984E-02         438      248267  0.20474    
      219800   -4.664522        538.2259        1.000279        1326440.        0.000000        1230871.        1231471.       -4.662169       -4.665062       -4.662142       -30738.37        528395.1       0.9284891E-02         437      249065  0.21263    
      219900   -4.665500       -17.33060        1.000196        1326423.        0.000000        1232074.        1232124.       -4.662168       -4.665063       -4.660742       -30714.22        528459.4       0.9288040E-02         438      248720  0.20691    
      220000   -4.664495       -348.4094       0.9997990        1326074.        0.000000        1231092.        1230791.       -4.662170       -4.665062       -4.664848       -30677.93        528439.9       0.9279823E-02         439      248094  0.21560    
      220100   -4.663681       -44.96741       0.9998373        1326029.        0.000000        1231731.        1231741.       -4.662172       -4.665062       -4.667775       -30672.85        528181.6       0.9288449E-02         437      248948  0.20423    
      220200   -4.663964        134.5683        1.000056        1326164.        0.000000        1230782.        1230984.       -4.662177       -4.665061       -4.671999       -30686.87        528360.6       0.9282293E-02         437      248214  0.20603    
      220300   -4.663831       -352.8951       0.9999735        1325811.        0.000000        1230696.        1230395.       -4.662179       -4.665061       -4.666293       -30736.48        528111.9       0.9278044E-02         439      247148  0.20620    
      220400   -4.663445        210.6633       0.9999228        1326022.        0.000000        1230988.        1231253.       -4.662177       -4.665060       -4.659694       -30709.75        528304.8       0.9285197E-02         437      248020  0.20429    
      220500   -4.664554        383.2653        1.000222        1326405.        0.000000        1231571.        1232012.       -4.662178       -4.665060       -4.663918       -30673.05        528447.0       0.9288866E-02         439      248438  0.20875    
      220600   -4.665150        20.20016        1.000119        1326425.        0.000000        1231630.        1231709.       -4.662181       -4.665060       -4.667848       -30673.68        528366.8       0.9285469E-02         436      248346  0.20475    
      220700   -4.665451        217.7789        1.000060        1326643.        0.000000        1231724.        1232002.       -4.662183       -4.665060       -4.667186       -30685.18        528504.6       0.9287177E-02         439      248442  0.20417    
      220800   -4.666028        35.36514        1.000115        1326678.        0.000000        1232096.        1232190.       -4.662183       -4.665060       -4.663203       -30677.81        528756.4       0.9287551E-02         438      248617  0.20583    
      220900   -4.665536       -96.93381       0.9999017        1326581.        0.000000        1231496.        1231464.       -4.662187       -4.665061       -4.669428       -30662.54        528619.9       0.9283007E-02         436      248500  0.20955    
      221000   -4.665416       -131.2823       0.9999760        1326450.        0.000000        1231520.        1231452.       -4.662190       -4.665061       -4.668402       -30645.61        528575.1       0.9283101E-02         438      248336  0.20501    
      221100   -4.665965        260.1864        1.000110        1326710.        0.000000        1232005.        1232319.       -4.662192       -4.665061       -4.667072       -30648.95        528561.9       0.9288615E-02         438      248257  0.20864    
      221200   -4.666516        53.27623        1.000110        1326763.        0.000000        1232374.        1232482.       -4.662196       -4.665062       -4.672003       -30642.43        528691.7       0.9288804E-02         438      248101  0.20885    
      221300   -4.665918       -196.8251       0.9998804        1326567.        0.000000        1232035.        1231892.       -4.662199       -4.665062       -4.667560       -30682.29        528691.9       0.9285439E-02         436      248548  0.20390    
      221400   -4.665586       -87.47916       0.9999336        1326479.        0.000000        1231885.        1231861.       -4.662199       -4.665062       -4.662737       -30706.90        528242.9       0.9285887E-02         438      247926  0.20761    
      221500   -4.665659        20.05730        1.000015        1326499.        0.000000        1231380.        1231459.       -4.662200       -4.665063       -4.664525       -30723.91        528365.6       0.9282679E-02         437      248785  0.21067    
      221600   -4.665549        88.97322       0.9999779        1326588.        0.000000        1232161.        1232313.       -4.662199       -4.665063       -4.659855       -30751.09        528517.7       0.9289330E-02         438      248029  0.20608    
      221700   -4.666593        330.2485        1.000209        1326918.        0.000000        1232298.        1232678.       -4.662197       -4.665064       -4.658466       -30751.65        528524.4       0.9290116E-02         439      248213  0.20677    
      221800   -4.666034       -244.0669       0.9998882        1326674.        0.000000        1232537.        1232360.       -4.662195       -4.665064       -4.657063       -30740.86        528403.5       0.9288789E-02         437      248989  0.21141    
      221900   -4.665378        26.36262       0.9998690        1326701.        0.000000        1231176.        1231255.       -4.662194       -4.665064       -4.660500       -30743.51        528501.5       0.9281686E-02         436      249190  0.20866    
      222000   -4.665746       -299.5495        1.000073        1326401.        0.000000        1232244.        1232002.       -4.662194       -4.665065       -4.662183       -30732.73        528569.7       0.9286565E-02         438      248417  0.20463    
      222100   -4.665498        155.3096       0.9999505        1326556.        0.000000        1231828.        1232038.       -4.662195       -4.665065       -4.663188       -30721.58        528606.3       0.9287329E-02         437      248844  0.20779    
      222200   -4.666342        237.2599        1.000169        1326794.        0.000000        1232660.        1232956.       -4.662196       -4.665065       -4.664957       -30698.27        528664.2       0.9292644E-02         438      248523  0.20749    
      222300   -4.666672       -183.3892        1.000066        1326610.        0.000000        1232438.        1232314.       -4.662200       -4.665066       -4.672143       -30673.99        528543.4       0.9287294E-02         437      248929  0.20535    
      222400   -4.665527       -174.3936       0.9997710        1326436.        0.000000        1231967.        1231855.       -4.662204       -4.665066       -4.670901       -30660.16        528682.6       0.9285871E-02         438      248177  0.20647    
      222500   -4.664764       -108.6853       0.9998473        1326327.        0.000000        1231529.        1231478.       -4.662205       -4.665066       -4.664075       -30683.43        528476.5       0.9284502E-02         438      248205  0.20613    
      222600   -4.665045       -114.2834        1.000056        1326213.        0.000000        1231793.        1231748.       -4.662206       -4.665066       -4.664545       -30677.30        528411.3       0.9286016E-02         439      247204  0.20478    
      222700   -4.663645       -54.72128       0.9997201        1326158.        0.000000        1231465.        1231465.       -4.662208       -4.665066       -4.666935       -30648.83        528310.8       0.9286458E-02         437      248304  0.20447    
      222800   -4.664366        239.7492        1.000144        1326398.        0.000000        1231480.        1231780.       -4.662209       -4.665065       -4.664846       -30700.12        528472.3       0.9287477E-02         438      249116  0.21092    
      222900   -4.665851        443.9948        1.000297        1326842.        0.000000        1231033.        1231536.       -4.662209       -4.665066       -4.662085       -30715.16        528755.2       0.9282927E-02         439      249074  0.20871    
      223000   -4.666821       -66.11463        1.000194        1326776.        0.000000        1231524.        1231521.       -4.662209       -4.665066       -4.661286       -30684.92        528731.1       0.9281018E-02         438      248630  0.20776    
      223100   -4.667376        349.1750        1.000111        1327125.        0.000000        1232288.        1232697.       -4.662210       -4.665067       -4.663797       -30649.50        528776.6       0.9288836E-02         438      248610  0.20910    
      223200   -4.667540       -122.3278        1.000033        1327003.        0.000000        1232457.        1232396.       -4.662211       -4.665069       -4.665946       -30691.70        528764.9       0.9286278E-02         439      248771  0.20671    
      223300   -4.666099       -646.3760       0.9997119        1326356.        0.000000        1232234.        1231651.       -4.662212       -4.665069       -4.662568       -30687.22        528623.5       0.9283333E-02         439      248010  0.20419    
      223400   -4.664393       -356.5218       0.9996589        1326000.        0.000000        1231256.        1230955.       -4.662215       -4.665069       -4.669130       -30630.59        528596.4       0.9281217E-02         438      247949  0.20728    
      223500   -4.664486        485.2328        1.000018        1326485.        0.000000        1230969.        1231510.       -4.662218       -4.665068       -4.669831       -30679.01        528569.6       0.9285235E-02         439      248388  0.20691    
      223600   -4.665166       -197.9909        1.000136        1326287.        0.000000        1231791.        1231647.       -4.662218       -4.665068       -4.662810       -30713.13        528337.6       0.9285068E-02         438      248582  0.20474    
      223700   -4.664716        77.73637       0.9999101        1326365.        0.000000        1231220.        1231361.       -4.662220       -4.665068       -4.666216       -30675.56        528569.3       0.9283707E-02         437      249121  0.20652    
      223800   -4.665271        130.8281        1.000111        1326496.        0.000000        1231774.        1231973.       -4.662223       -4.665068       -4.669330       -30679.30        528684.8       0.9287296E-02         437      248088  0.20881    
      223900   -4.666221        276.7184        1.000190        1326772.        0.000000        1232108.        1232443.       -4.662226       -4.665069       -4.668303       -30696.54        528642.9       0.9289058E-02         437      248860  0.20495    
      224000   -4.665448       -299.9477       0.9998454        1326472.        0.000000        1232543.        1232314.       -4.662229       -4.665069       -4.669395       -30667.17        528461.1       0.9289538E-02         438      248500  0.20599    
      224100   -4.665440       -113.7010       0.9999982        1326359.        0.000000        1231671.        1231614.       -4.662233       -4.665069       -4.670072       -30693.50        528362.9       0.9284215E-02         438      248825  0.20620    
      224200   -4.665235       -138.4235       0.9999591        1326220.        0.000000        1231631.        1231559.       -4.662236       -4.665069       -4.668621       -30711.99        528391.1       0.9284245E-02         438      248172  0.20587    
      224300   -4.663783       -406.2331       0.9997097        1325814.        0.000000        1231439.        1231095.       -4.662237       -4.665069       -4.665342       -30719.22        528133.7       0.9283402E-02         438      248751  0.20671    
      224400   -4.663795        536.7262        1.000002        1326351.        0.000000        1230947.        1231540.       -4.662236       -4.665068       -4.658896       -30717.43        528334.1       0.9286718E-02         437      248362  0.20736    
      224500   -4.664877        28.00993        1.000216        1326379.        0.000000        1231534.        1231629.       -4.662235       -4.665068       -4.661208       -30749.52        528178.7       0.9285427E-02         438      248591  0.20589    
      224600   -4.665514        117.8468        1.000127        1326497.        0.000000        1231153.        1231322.       -4.662234       -4.665068       -4.660810       -30695.81        528294.4       0.9281910E-02         438      248367  0.20585    
      224700   -4.665765        84.14227        1.000050        1326581.        0.000000        1231707.        1231850.       -4.662233       -4.665069       -4.659546       -30728.26        528475.3       0.9285452E-02         437      248862  0.20443    
      224800   -4.665752       -143.2065       0.9999973        1326438.        0.000000        1231535.        1231448.       -4.662231       -4.665069       -4.658272       -30696.06        528639.0       0.9282410E-02         437      248203  0.20946    
      224900   -4.665144        196.4498       0.9998784        1326634.        0.000000        1231265.        1231523.       -4.662230       -4.665069       -4.659130       -30725.19        528643.5       0.9284087E-02         439      248635  0.20543    
      225000   -4.666144        181.0441        1.000200        1326815.        0.000000        1231440.        1231677.       -4.662229       -4.665069       -4.659803       -30714.86        528579.2       0.9283439E-02         436      248118  0.20821    
      225100   -4.665505       -503.7641       0.9998722        1326311.        0.000000        1231840.        1231404.       -4.662228       -4.665070       -4.661163       -30676.58        528493.5       0.9282610E-02         438      248290  0.20529    
      225200   -4.664235       -130.8283       0.9997460        1326180.        0.000000        1231596.        1231525.       -4.662229       -4.665069       -4.664170       -30697.30        528378.7       0.9285806E-02         438      247695  0.20431    
      225300   -4.665168        462.3012        1.000187        1326643.        0.000000        1230967.        1231486.       -4.662231       -4.665069       -4.665601       -30697.30        528611.4       0.9283823E-02         438      248907  0.20893    
      225400   -4.664775       -371.3470       0.9999214        1326271.        0.000000        1230879.        1230559.       -4.662234       -4.665069       -4.668169       -30667.42        528452.7       0.9277497E-02         438      248771  0.20736    
      225500   -4.665205        231.2123        1.000086        1326503.        0.000000        1231762.        1232052.       -4.662237       -4.665069       -4.669576       -30681.80        528625.7       0.9287958E-02         437      248082  0.20468    
      225600   -4.665509       -59.78278        1.000061        1326443.        0.000000        1231448.        1231448.       -4.662239       -4.665069       -4.667992       -30650.48        528616.9       0.9282902E-02         437      249064  0.20663    
      225700   -4.665193       -194.9302       0.9999368        1326248.        0.000000        1231408.        1231280.       -4.662242       -4.665069       -4.668970       -30684.28        528551.3       0.9282176E-02         437      248568  0.20884    
      225800   -4.666142        510.0665        1.000190        1326758.        0.000000        1232011.        1232580.       -4.662243       -4.665070       -4.664826       -30673.82        528739.9       0.9290283E-02         437      248733  0.21533    
      225900   -4.666577        207.3751        1.000087        1326965.        0.000000        1231503.        1231778.       -4.662246       -4.665071       -4.667574       -30661.04        528769.8       0.9283395E-02         439      248590  0.20388    
      226000   -4.666466       -231.1290       0.9999779        1326734.        0.000000        1231174.        1230999.       -4.662249       -4.665071       -4.670217       -30686.50        528676.0       0.9277764E-02         438      248114  0.20858    
      226100   -4.666348        61.71671       0.9999763        1326796.        0.000000        1231807.        1231926.       -4.662252       -4.665072       -4.667299       -30664.90        528781.0       0.9284951E-02         438      248832  0.20521    
      226200   -4.666057       -295.7426       0.9999418        1326500.        0.000000        1232048.        1231809.       -4.662254       -4.665072       -4.668454       -30680.99        528433.7       0.9284631E-02         439      248407  0.20607    
      226300   -4.665456        86.55842       0.9998798        1326587.        0.000000        1231728.        1231879.       -4.662254       -4.665072       -4.662045       -30730.37        528355.6       0.9286251E-02         439      249659  0.20691    
      226400   -4.666749        484.6686        1.000259        1327071.        0.000000        1232127.        1232668.       -4.662255       -4.665073       -4.664895       -30698.61        528758.4       0.9289818E-02         438      248653  0.20804    
      226500   -4.666479       -614.2866       0.9999458        1326457.        0.000000        1232496.        1231950.       -4.662258       -4.665074       -4.667830       -30719.84        528382.5       0.9284895E-02         438      248862  0.20909    
      226600   -4.664414       -550.8203       0.9995872        1325906.        0.000000        1231773.        1231278.       -4.662259       -4.665074       -4.664226       -30727.66        528168.0       0.9283602E-02         439      248651  0.20599    
      226700   -4.663370        107.3375       0.9997913        1326014.        0.000000        1231133.        1231308.       -4.662260       -4.665073       -4.663878       -30719.23        528168.9       0.9285816E-02         438      248635  0.20654    
      226800   -4.665301        633.1695        1.000386        1326647.        0.000000        1231545.        1232240.       -4.662257       -4.665073       -4.657377       -30782.21        528607.3       0.9289259E-02         437      247983  0.20408    
      226900   -4.665842       -163.7301        1.000108        1326483.        0.000000        1231978.        1231879.       -4.662256       -4.665073       -4.658536       -30708.86        528546.9       0.9285495E-02         438      248272  0.20643    
      227000   -4.665604        162.4683       0.9999525        1326646.        0.000000        1231874.        1232092.       -4.662257       -4.665073       -4.665909       -30700.26        528585.1       0.9287524E-02         438      248986  0.20849    
      227100   -4.665912       -117.3967        1.000062        1326528.        0.000000        1232300.        1232238.       -4.662259       -4.665074       -4.666700       -30693.59        528576.9       0.9288071E-02         437      249301  0.20562    
      227200   -4.664152       -573.6956       0.9996480        1325954.        0.000000        1230605.        1230098.       -4.662261       -4.665073       -4.665078       -30701.22        528369.5       0.9275255E-02         437      248213  0.20430    
      227300   -4.663463        163.7636       0.9998624        1326118.        0.000000        1230604.        1230831.       -4.662262       -4.665073       -4.666531       -30696.96        528564.1       0.9282025E-02         438      249259  0.20876    
      227400   -4.664954        287.7694        1.000298        1326406.        0.000000        1230988.        1231341.       -4.662264       -4.665073       -4.666237       -30713.28        528668.4       0.9283145E-02         438      248777  0.20992    
      227500   -4.666036        153.0892        1.000216        1326559.        0.000000        1231605.        1231809.       -4.662267       -4.665073       -4.668459       -30690.33        528492.7       0.9284602E-02         438      247704  0.20389    
      227600   -4.665001       -147.5820       0.9997930        1326411.        0.000000        1230739.        1230648.       -4.662268       -4.665073       -4.665102       -30742.36        528476.7       0.9277792E-02         439      248611  0.20853    
      227700   -4.665695        192.1903        1.000139        1326604.        0.000000        1231221.        1231474.       -4.662268       -4.665073       -4.662456       -30713.81        528599.8       0.9282785E-02         439      248354  0.20664    
      227800   -4.665140       -115.6984       0.9998890        1326488.        0.000000        1231321.        1231263.       -4.662269       -4.665073       -4.664058       -30719.21        528610.2       0.9282169E-02         438      248416  0.20807    
      227900   -4.665890        104.4589        1.000150        1326592.        0.000000        1232173.        1232341.       -4.662271       -4.665074       -4.666909       -30698.15        528699.1       0.9288893E-02         439      248484  0.20854    
      228000   -4.665559       -320.6677       0.9999336        1326272.        0.000000        1231454.        1231193.       -4.662273       -4.665074       -4.666612       -30697.71        528420.9       0.9280886E-02         438      249236  0.21219    
      228100   -4.664913        190.6117       0.9998709        1326462.        0.000000        1231514.        1231764.       -4.662273       -4.665074       -4.661520       -30725.61        528524.1       0.9286363E-02         439      248068  0.20515    
      228200   -4.664985       -413.9946        1.000014        1326048.        0.000000        1231394.        1231037.       -4.662272       -4.665074       -4.661920       -30691.38        528339.7       0.9280740E-02         439      248703  0.20483    
      228300   -4.663027       -110.5169       0.9996084        1325938.        0.000000        1231166.        1231111.       -4.662272       -4.665073       -4.660702       -30708.20        528230.2       0.9284949E-02         439      247928  0.20930    
      228400   -4.664193        562.0950        1.000233        1326500.        0.000000        1231153.        1231780.       -4.662270       -4.665072       -4.659074       -30683.96        528707.1       0.9287839E-02         438      248639  0.20628    
      228500   -4.665565       -75.52256        1.000274        1326424.        0.000000        1232188.        1232176.       -4.662271       -4.665073       -4.663534       -30670.16        528669.0       0.9288307E-02         439      248556  0.20621    
      228600   -4.665272       -180.6011       0.9999413        1326244.        0.000000        1231449.        1231327.       -4.662271       -4.665073       -4.663205       -30666.18        528464.7       0.9282421E-02         438      248807  0.20614    
      228700   -4.664810       -3.502164       0.9999077        1326240.        0.000000        1231071.        1231133.       -4.662272       -4.665073       -4.662860       -30688.98        528508.8       0.9281784E-02         439      247697  0.20900    
      228800   -4.663846       -347.2142       0.9998072        1325893.        0.000000        1231191.        1230903.       -4.662270       -4.665072       -4.658424       -30681.54        528255.2       0.9281904E-02         439      248936  0.20402    
      228900   -4.663693       -66.08572       0.9999694        1325827.        0.000000        1230937.        1230934.       -4.662268       -4.665072       -4.658161       -30700.82        528346.2       0.9282405E-02         439      247477  0.20567    
      229000   -4.664022        454.4338        1.000066        1326281.        0.000000        1231559.        1232086.       -4.662267       -4.665071       -4.660572       -30699.16        528470.2       0.9290510E-02         438      248852  0.20942    
      229100   -4.664971       -3.894728        1.000190        1326278.        0.000000        1230903.        1230966.       -4.662269       -4.665071       -4.666527       -30667.65        528423.8       0.9280261E-02         436      247814  0.20365    
      229200   -4.663933       -200.4960       0.9997924        1326077.        0.000000        1230835.        1230707.       -4.662273       -4.665071       -4.670564       -30692.00        528371.4       0.9280233E-02         438      248882  0.20887    
      229300   -4.664646        291.7638        1.000143        1326369.        0.000000        1231303.        1231658.       -4.662277       -4.665070       -4.670916       -30682.53        528499.4       0.9286089E-02         438      247235  0.20460    
      229400   -4.664990       -174.9257        1.000069        1326194.        0.000000        1231503.        1231380.       -4.662279       -4.665070       -4.668453       -30642.61        528420.8       0.9283304E-02         438      248784  0.20424    
      229500   -4.664270       -224.5848       0.9998562        1325969.        0.000000        1231211.        1231056.       -4.662283       -4.665070       -4.669920       -30632.08        528216.5       0.9282237E-02         438      248292  0.20778    
      229600   -4.663637        264.7134       0.9998733        1326234.        0.000000        1231007.        1231323.       -4.662286       -4.665069       -4.669107       -30621.43        528535.6       0.9285348E-02         438      249031  0.20657    
      229700   -4.664737        34.46523        1.000220        1326268.        0.000000        1230943.        1231033.       -4.662288       -4.665069       -4.667938       -30657.32        528606.5       0.9281192E-02         437      248294  0.20454    
      229800   -4.664453       -187.8471       0.9999432        1326081.        0.000000        1231503.        1231383.       -4.662290       -4.665069       -4.666641       -30679.92        528467.3       0.9284411E-02         437      248651  0.20602    
      229900   -4.664285        319.4650       0.9999665        1326400.        0.000000        1230867.        1231253.       -4.662293       -4.665069       -4.668819       -30668.59        528442.2       0.9283685E-02         439      249089  0.20728    
      230000   -4.665429        160.0955        1.000229        1326560.        0.000000        1231928.        1232144.       -4.662297       -4.665069       -4.672339       -30664.13        528614.3       0.9288258E-02         438      248262  0.20736    
      230100   -4.665479       -107.4876        1.000010        1326453.        0.000000        1231706.        1231664.       -4.662303       -4.665069       -4.674767       -30636.96        528427.8       0.9284601E-02         438      248190  0.20874    
      230200   -4.665863       -30.96158        1.000077        1326422.        0.000000        1231809.        1231832.       -4.662307       -4.665069       -4.673110       -30664.96        528543.9       0.9285107E-02         438      249159  0.20468    
      230300   -4.664843       -204.4108       0.9997961        1326217.        0.000000        1231449.        1231304.       -4.662311       -4.665069       -4.670749       -30689.07        528640.7       0.9283056E-02         438      248622  0.20667    
      230400   -4.665407        407.7972        1.000113        1326625.        0.000000        1231407.        1231879.       -4.662312       -4.665069       -4.665452       -30762.95        528492.8       0.9286331E-02         437      248279  0.20614    
      230500   -4.666156        96.18001        1.000150        1326721.        0.000000        1232238.        1232394.       -4.662315       -4.665070       -4.667423       -30709.75        528722.6       0.9288795E-02         437      248699  0.20652    
      230600   -4.665881        46.09377       0.9999450        1326767.        0.000000        1231344.        1231455.       -4.662315       -4.665070       -4.663896       -30727.30        528651.1       0.9282238E-02         438      248597  0.20722    
      230700   -4.666658        30.30801        1.000155        1326798.        0.000000        1232396.        1232477.       -4.662316       -4.665071       -4.662807       -30719.08        528660.2       0.9288540E-02         439      248799  0.20423    
      230800   -4.666906       -86.15074        1.000050        1326712.        0.000000        1232318.        1232300.       -4.662316       -4.665072       -4.663802       -30709.58        528838.0       0.9286719E-02         437      248999  0.20665    
      230900   -4.666471        197.4388       0.9999131        1326909.        0.000000        1231786.        1232037.       -4.662317       -4.665072       -4.664215       -30672.79        528870.8       0.9285552E-02         439      248835  0.20724    
      231000   -4.666326       -393.6305       0.9999709        1326515.        0.000000        1231904.        1231571.       -4.662320       -4.665073       -4.669336       -30667.88        528510.5       0.9282241E-02         438      249027  0.20439    
      231100   -4.664573       -387.4004       0.9996496        1326128.        0.000000        1231539.        1231206.       -4.662321       -4.665073       -4.663469       -30714.06        528271.2       0.9282746E-02         438      248154  0.21123    
      231200   -4.664824        44.31980        1.000050        1326172.        0.000000        1231613.        1231717.       -4.662322       -4.665072       -4.665416       -30695.11        528287.8       0.9286192E-02         438      248313  0.20838    
      231300   -4.663985       -181.3298       0.9998321        1325991.        0.000000        1231072.        1230947.       -4.662324       -4.665072       -4.666404       -30644.47        528368.1       0.9281942E-02         439      248395  0.20381    
      231400   -4.663201       -70.71571       0.9998433        1325920.        0.000000        1230951.        1230939.       -4.662326       -4.665071       -4.668720       -30657.96        528416.8       0.9283326E-02         437      248123  0.20622    
      231500   -4.664404        387.6983        1.000241        1326308.        0.000000        1231526.        1231982.       -4.662327       -4.665071       -4.663183       -30740.32        528614.3       0.9289025E-02         437      248353  0.20503    
      231600   -4.665824        404.8301        1.000284        1326713.        0.000000        1231394.        1231865.       -4.662325       -4.665071       -4.657712       -30738.01        528649.4       0.9285457E-02         438      248771  0.21001    
      231700   -4.666706        137.6917        1.000176        1326850.        0.000000        1231743.        1231941.       -4.662323       -4.665072       -4.658474       -30740.11        528578.2       0.9284424E-02         439      248685  0.20417    
      231800   -4.667272        188.8733        1.000113        1327039.        0.000000        1232537.        1232787.       -4.662322       -4.665073       -4.659420       -30734.72        528618.1       0.9289741E-02         438      249131  0.20729    
      231900   -4.666379       -625.1931       0.9998216        1326414.        0.000000        1232715.        1232154.       -4.662320       -4.665073       -4.658777       -30717.08        528681.3       0.9286611E-02         437      249399  0.20637    
      232000   -4.666092        306.5412       0.9999425        1326721.        0.000000        1232440.        1232809.       -4.662320       -4.665074       -4.660361       -30737.20        528665.6       0.9292083E-02         439      248646  0.20435    
      232100   -4.665814       -474.3755       0.9999443        1326246.        0.000000        1231971.        1231561.       -4.662320       -4.665074       -4.662747       -30679.35        528596.6       0.9283200E-02         439      248567  0.20457    
      232200   -4.664211       -74.45246       0.9996795        1326172.        0.000000        1231336.        1231323.       -4.662322       -4.665074       -4.668637       -30687.71        528596.0       0.9284350E-02         438      248384  0.20538    
      232300   -4.664145       -60.98285       0.9999868        1326111.        0.000000        1231137.        1231122.       -4.662323       -4.665073       -4.664441       -30684.32        528729.2       0.9282955E-02         439      248745  0.20654    
      232400   -4.665156        317.2398        1.000202        1326428.        0.000000        1230892.        1231269.       -4.662325       -4.665073       -4.666772       -30667.46        528733.5       0.9282213E-02         439      248788  0.20645    
      232500   -4.665438        19.09950        1.000056        1326447.        0.000000        1232114.        1232195.       -4.662327       -4.665074       -4.665922       -30701.94        528419.1       0.9288632E-02         438      247848  0.20637    
      232600   -4.664628       -52.17402       0.9998380        1326395.        0.000000        1231531.        1231536.       -4.662328       -4.665073       -4.665496       -30711.67        528401.6       0.9285146E-02         439      248933  0.20417    
      232700   -4.665652        162.0278        1.000205        1326557.        0.000000        1231539.        1231752.       -4.662329       -4.665074       -4.664392       -30702.66        528647.4       0.9284869E-02         438      248184  0.20606    
      232800   -4.664945       -277.9581       0.9998586        1326279.        0.000000        1230947.        1230727.       -4.662330       -4.665074       -4.664806       -30706.16        528428.7       0.9278516E-02         439      248612  0.20897    
      232900   -4.664424       -54.58433       0.9998959        1326225.        0.000000        1231225.        1231233.       -4.662329       -4.665073       -4.659593       -30723.18        528642.1       0.9283323E-02         438      248449  0.20391    
      233000   -4.665034        308.0957        1.000122        1326533.        0.000000        1231788.        1232160.       -4.662329       -4.665073       -4.661873       -30703.52        528762.2       0.9289131E-02         435      248503  0.20619    
      233100   -4.665692        212.3602        1.000132        1326745.        0.000000        1231015.        1231289.       -4.662330       -4.665074       -4.664078       -30715.99        528898.1       0.9281378E-02         439      249226  0.21124    
      233200   -4.666687       -12.55547        1.000199        1326732.        0.000000        1231897.        1231946.       -4.662330       -4.665074       -4.664404       -30702.78        528762.0       0.9284417E-02         438      248837  0.20523    
      233300   -4.665445       -456.8099       0.9997517        1326276.        0.000000        1231797.        1231397.       -4.662333       -4.665074       -4.667704       -30670.34        528574.4       0.9282617E-02         438      248549  0.20455    
      233400   -4.664833        155.8101       0.9998774        1326431.        0.000000        1230930.        1231141.       -4.662334       -4.665074       -4.664985       -30723.28        528642.1       0.9281781E-02         439      248471  0.20855    
      233500   -4.665601        426.7474        1.000154        1326858.        0.000000        1231666.        1232145.       -4.662334       -4.665075       -4.662317       -30746.91        528730.7       0.9287969E-02         438      248866  0.20720    
      233600   -4.666516       -131.5030        1.000183        1326727.        0.000000        1231696.        1231624.       -4.662333       -4.665075       -4.659804       -30744.21        528584.8       0.9282287E-02         438      248642  0.20441    
      233700   -4.666904        290.7346        1.000078        1327017.        0.000000        1232588.        1232944.       -4.662333       -4.665076       -4.662580       -30734.20        528857.5       0.9291568E-02         438      249383  0.21059    
      233800   -4.667463       -78.69066        1.000112        1326939.        0.000000        1232510.        1232498.       -4.662332       -4.665077       -4.659434       -30744.66        528643.8       0.9287167E-02         437      248379  0.20539    
      233900   -4.667390        18.95353       0.9999855        1326958.        0.000000        1232572.        1232648.       -4.662332       -4.665078       -4.663697       -30733.57        528807.2       0.9288449E-02         439      248639  0.20433    
      234000   -4.666330       -328.3075       0.9997879        1326629.        0.000000        1232022.        1231747.       -4.662332       -4.665079       -4.660900       -30739.94        528669.9       0.9283532E-02         438      248732  0.20446    
      234100   -4.665945        9.633810       0.9999231        1326639.        0.000000        1231279.        1231335.       -4.662329       -4.665079       -4.655893       -30753.20        528643.8       0.9281225E-02         438      248969  0.20782    
      234200   -4.665838        19.53386       0.9999786        1326659.        0.000000        1231640.        1231715.       -4.662326       -4.665079       -4.656479       -30729.96        528683.6       0.9284286E-02         439      247800  0.20458    
      234300   -4.665591       -303.8029       0.9999505        1326355.        0.000000        1232098.        1231854.       -4.662326       -4.665079       -4.662070       -30697.18        528479.5       0.9285772E-02         438      248418  0.20941    
      234400   -4.664958        74.32797       0.9998735        1326429.        0.000000        1231394.        1231529.       -4.662328       -4.665079       -4.665389       -30713.77        528516.5       0.9284527E-02         438      249274  0.20784    
      234500   -4.665816        468.2270        1.000172        1326897.        0.000000        1231610.        1232139.       -4.662328       -4.665080       -4.663429       -30724.49        528836.1       0.9287560E-02         438      248985  0.20742    
      234600   -4.666212       -231.3780        1.000079        1326666.        0.000000        1231916.        1231748.       -4.662329       -4.665080       -4.663963       -30699.58        528746.3       0.9283830E-02         437      248859  0.20567    
      234700   -4.665805       -223.7654       0.9999187        1326442.        0.000000        1232332.        1232167.       -4.662329       -4.665081       -4.662471       -30676.78        528520.4       0.9287732E-02         438      248393  0.21161    
      234800   -4.665331        142.3884       0.9999052        1326585.        0.000000        1231980.        1232172.       -4.662329       -4.665081       -4.663312       -30698.74        528596.4       0.9288673E-02         438      248179  0.20478    
      234900   -4.664903       -253.7378       0.9999144        1326331.        0.000000        1231817.        1231626.       -4.662330       -4.665081       -4.663958       -30667.40        528568.4       0.9285329E-02         437      249185  0.20407    
      235000   -4.664586       -73.60399       0.9999365        1326257.        0.000000        1231676.        1231668.       -4.662332       -4.665080       -4.666784       -30678.84        528448.7       0.9286261E-02         439      248361  0.20430    
      235100   -4.663984       -250.3851       0.9998797        1326007.        0.000000        1231223.        1231041.       -4.662332       -4.665080       -4.663478       -30679.45        528263.8       0.9282659E-02         438      248903  0.21231    
      235200   -4.663470       -162.5459       0.9998972        1325844.        0.000000        1231279.        1231180.       -4.662334       -4.665079       -4.666958       -30638.30        528306.4       0.9284658E-02         437      248406  0.20405    
      235300   -4.663356        196.2660       0.9999772        1326041.        0.000000        1231027.        1231270.       -4.662337       -4.665078       -4.669662       -30627.26        528406.1       0.9285560E-02         438      248300  0.20875    
      235400   -4.663564        50.39292        1.000042        1326091.        0.000000        1230445.        1230558.       -4.662340       -4.665078       -4.667907       -30690.43        528457.0       0.9279771E-02         438      248158  0.20609    
      235500   -4.664064       -13.11923        1.000100        1326078.        0.000000        1230924.        1230966.       -4.662341       -4.665077       -4.665872       -30666.99        528468.9       0.9281901E-02         437      248454  0.20420    
      235600   -4.663118       -412.6235       0.9998108        1325665.        0.000000        1231361.        1231014.       -4.662343       -4.665077       -4.666485       -30662.99        528332.0       0.9284038E-02         438      248636  0.20498    
      235700   -4.663322        530.8827        1.000041        1326196.        0.000000        1230271.        1230862.       -4.662345       -4.665076       -4.666492       -30659.65        528499.7       0.9282554E-02         437      249127  0.20745    
      235800   -4.664150       -45.38101        1.000166        1326151.        0.000000        1230796.        1230804.       -4.662347       -4.665075       -4.668190       -30675.11        528479.5       0.9280537E-02         437      248468  0.20404    
      235900   -4.664069       -79.13446       0.9999840        1326072.        0.000000        1231709.        1231695.       -4.662349       -4.665075       -4.667324       -30654.52        528355.0       0.9287406E-02         437      248613  0.20415    
      236000   -4.663664        132.4834       0.9999190        1326204.        0.000000        1230799.        1230985.       -4.662353       -4.665074       -4.671681       -30656.59        528344.1       0.9282806E-02         437      248329  0.20550    
      236100   -4.663926       -267.6069        1.000052        1325936.        0.000000        1231176.        1230977.       -4.662357       -4.665074       -4.670320       -30636.84        528372.9       0.9282289E-02         438      248890  0.20608    
      236200   -4.663193        204.7108       0.9998534        1326141.        0.000000        1230483.        1230745.       -4.662360       -4.665073       -4.669130       -30649.12        528519.8       0.9281881E-02         437      248870  0.20828    
      236300   -4.664801        289.2350        1.000322        1326430.        0.000000        1231109.        1231455.       -4.662362       -4.665073       -4.667828       -30685.08        528722.4       0.9284302E-02         437      248720  0.21100    
      236400   -4.664487       -317.2981       0.9999373        1326113.        0.000000        1231431.        1231175.       -4.662362       -4.665073       -4.661427       -30710.51        528442.9       0.9282773E-02         437      248980  0.20951    
      236500   -4.663412        15.31512       0.9997849        1326128.        0.000000        1230603.        1230677.       -4.662362       -4.665072       -4.664049       -30687.69        528359.4       0.9280954E-02         439      248567  0.20372    
      236600   -4.666013        606.7050        1.000520        1326735.        0.000000        1232275.        1232943.       -4.662363       -4.665072       -4.664884       -30708.63        528675.8       0.9293188E-02         437      248019  0.20466    
      236700   -4.666364        63.14740        1.000070        1326798.        0.000000        1231946.        1232067.       -4.662367       -4.665073       -4.670994       -30667.22        528821.7       0.9285972E-02         437      248084  0.20579    
      236800   -4.665972       -447.1855       0.9999216        1326351.        0.000000        1231730.        1231343.       -4.662371       -4.665073       -4.672692       -30652.78        528541.7       0.9281229E-02         438      247830  0.20484    
      236900   -4.665169       -3.170089       0.9998395        1326348.        0.000000        1231475.        1231532.       -4.662374       -4.665073       -4.668927       -30666.36        528637.0       0.9284134E-02         439      248804  0.20834    
      237000   -4.665350        193.4115        1.000036        1326541.        0.000000        1231630.        1231887.       -4.662379       -4.665073       -4.672956       -30652.92        528553.4       0.9286496E-02         437      249131  0.20674    
      237100   -4.665555       -94.30500        1.000041        1326447.        0.000000        1231921.        1231888.       -4.662381       -4.665074       -4.668304       -30719.19        528493.8       0.9286163E-02         439      248162  0.20445    
      237200   -4.665845        266.0710        1.000058        1326713.        0.000000        1231525.        1231853.       -4.662380       -4.665074       -4.660632       -30717.98        528586.1       0.9285338E-02         439      248146  0.20934    
      237300   -4.665612       -307.9676       0.9999536        1326405.        0.000000        1232103.        1231855.       -4.662381       -4.665074       -4.664161       -30646.10        528538.9       0.9285748E-02         439      248322  0.20457    
      237400   -4.665632        212.9454        1.000004        1326618.        0.000000        1231732.        1232010.       -4.662384       -4.665074       -4.668329       -30663.00        528352.7       0.9286902E-02         438      248713  0.20390    
      237500   -4.666407        101.0602        1.000155        1326719.        0.000000        1232441.        1232593.       -4.662387       -4.665075       -4.670176       -30709.04        528573.0       0.9289837E-02         438      248873  0.20724    
      237600   -4.666413        109.7597        1.000001        1326829.        0.000000        1231997.        1232161.       -4.662389       -4.665076       -4.667362       -30669.31        528661.9       0.9286548E-02         439      248460  0.20501    
      237700   -4.666161       -122.1174       0.9999497        1326707.        0.000000        1232201.        1232129.       -4.662391       -4.665076       -4.666221       -30711.28        528700.7       0.9286805E-02         437      249126  0.20688    
      237800   -4.665169       -420.6579       0.9998016        1326286.        0.000000        1231481.        1231122.       -4.662391       -4.665076       -4.663844       -30680.83        528617.8       0.9281098E-02         439      248590  0.20426    
      237900   -4.665932        807.5862        1.000153        1327094.        0.000000        1231342.        1232205.       -4.662395       -4.665076       -4.671744       -30664.91        528792.2       0.9287795E-02         439      248554  0.20616    
      238000   -4.667436        35.06103        1.000301        1327129.        0.000000        1232404.        1232506.       -4.662399       -4.665077       -4.670408       -30713.68        528734.2       0.9287304E-02         438      248584  0.21368    
      238100   -4.667103       -188.6728       0.9999333        1326940.        0.000000        1232696.        1232566.       -4.662400       -4.665078       -4.664860       -30720.05        528695.9       0.9288345E-02         437      248062  0.20427    
      238200   -4.666004       -333.0612       0.9997802        1326607.        0.000000        1232126.        1231847.       -4.662400       -4.665079       -4.663087       -30724.59        528542.7       0.9285016E-02         438      248236  0.20805    
      238300   -4.665327       -173.1592       0.9998646        1326434.        0.000000        1232083.        1231970.       -4.662400       -4.665079       -4.662806       -30692.58        528651.8       0.9287166E-02         437      248390  0.20776    
      238400   -4.664969       -331.3235       0.9999285        1326103.        0.000000        1231661.        1231391.       -4.662402       -4.665079       -4.667805       -30656.76        528244.2       0.9283450E-02         439      248463  0.20404    
      238500   -4.664035       -172.3272       0.9998131        1325930.        0.000000        1230995.        1230884.       -4.662404       -4.665078       -4.666849       -30675.88        528243.6       0.9281360E-02         438      248329  0.20517    
      238600   -4.662030       -240.6862       0.9995992        1325689.        0.000000        1230449.        1230278.       -4.662406       -4.665077       -4.665616       -30674.27        528185.2       0.9280497E-02         437      248567  0.20439    
      238700   -4.662205        124.2642        1.000035        1325814.        0.000000        1230492.        1230669.       -4.662407       -4.665076       -4.665959       -30660.62        528205.9       0.9283144E-02         437      248520  0.20810    
      238800   -4.663589        386.4986        1.000277        1326200.        0.000000        1231117.        1231567.       -4.662409       -4.665075       -4.666550       -30654.49        528519.7       0.9287347E-02         439      247601  0.20659    
      238900   -4.663504       -259.0768       0.9999832        1325941.        0.000000        1230640.        1230438.       -4.662409       -4.665075       -4.662478       -30685.07        528326.6       0.9279006E-02         438      247835  0.20896    
      239000   -4.663705        217.6653        1.000040        1326159.        0.000000        1231700.        1231974.       -4.662409       -4.665074       -4.661981       -30695.28        528466.9       0.9290193E-02         439      248871  0.20394    
      239100   -4.664499        87.09822        1.000159        1326246.        0.000000        1230863.        1231012.       -4.662408       -4.665074       -4.661056       -30706.49        528390.8       0.9281494E-02         438      248702  0.20671    
      239200   -4.666001        560.0541        1.000300        1326806.        0.000000        1231823.        1232439.       -4.662408       -4.665074       -4.662601       -30733.50        528426.6       0.9289440E-02         438      248870  0.20551    
      239300   -4.665534       -475.4575       0.9999065        1326331.        0.000000        1231104.        1230689.       -4.662407       -4.665074       -4.660238       -30716.29        528195.0       0.9277120E-02         439      247869  0.21066    
      239400   -4.664128       -457.3996       0.9997190        1325873.        0.000000        1231146.        1230761.       -4.662405       -4.665074       -4.657795       -30734.47        528050.4       0.9280318E-02         437      248733  0.20413    
      239500   -4.664358        680.6706        1.000046        1326554.        0.000000        1231400.        1232143.       -4.662403       -4.665074       -4.657848       -30744.03        528336.7       0.9290273E-02         436      248617  0.20788    
      239600   -4.665217        54.71566        1.000172        1326609.        0.000000        1231125.        1231235.       -4.662404       -4.665074       -4.663641       -30705.46        528415.1       0.9281795E-02         437      248921  0.20607    
      239700   -4.665245       -232.5400        1.000005        1326376.        0.000000        1231243.        1231071.       -4.662406       -4.665074       -4.666685       -30666.72        528488.2       0.9280511E-02         438      248361  0.20624    
      239800   -4.663895       -413.6221       0.9997300        1325962.        0.000000        1231104.        1230752.       -4.662407       -4.665073       -4.665240       -30720.04        528322.0       0.9280647E-02         437      248319  0.20762    
      239900   -4.664929        654.7081        1.000207        1326617.        0.000000        1231482.        1232196.       -4.662406       -4.665073       -4.659356       -30723.43        528577.5       0.9289588E-02         439      248170  0.20640    
      240000   -4.664914       -332.4717       0.9999969        1326285.        0.000000        1231273.        1230992.       -4.662406       -4.665073       -4.663186       -30693.94        528345.4       0.9280526E-02         439      248933  0.20434    
      240100   -4.664704        71.99592       0.9999581        1326357.        0.000000        1231783.        1231910.       -4.662408       -4.665073       -4.668241       -30687.65        528577.0       0.9287840E-02         437      248898  0.20584    
      240200   -4.664853       -57.71957        1.000030        1326299.        0.000000        1231507.        1231510.       -4.662411       -4.665073       -4.668146       -30713.84        528416.4       0.9284579E-02         438      248247  0.20766    
      240300   -4.665477        143.1929        1.000125        1326442.        0.000000        1232112.        1232308.       -4.662412       -4.665073       -4.664382       -30716.96        528581.0       0.9289418E-02         436      248668  0.20392    
      240400   -4.665975        349.4211        1.000100        1326791.        0.000000        1232084.        1232498.       -4.662412       -4.665073       -4.662262       -30708.30        528807.1       0.9289893E-02         438      248353  0.20812    
      240500   -4.665637       -348.2242       0.9999324        1326443.        0.000000        1232253.        1231969.       -4.662412       -4.665074       -4.662610       -30715.08        528635.0       0.9286594E-02         438      248199  0.20503    
      240600   -4.665366        1.553985       0.9999457        1326445.        0.000000        1231611.        1231668.       -4.662413       -4.665074       -4.666251       -30667.26        528643.7       0.9284805E-02         438      248709  0.20550    
      240700   -4.664576       -397.3559       0.9998422        1326047.        0.000000        1231333.        1230997.       -4.662418       -4.665074       -4.673401       -30603.72        528429.1       0.9281207E-02         439      249199  0.20734    
      240800   -4.663659       -5.086858       0.9998165        1326042.        0.000000        1230791.        1230846.       -4.662422       -4.665073       -4.673091       -30630.54        528417.4       0.9281778E-02         436      247928  0.20524    
      240900   -4.664277        267.3990        1.000124        1326310.        0.000000        1230785.        1231111.       -4.662427       -4.665073       -4.672988       -30615.60        528573.3       0.9282627E-02         437      248754  0.20511    
      241000   -4.664934        97.76111        1.000131        1326408.        0.000000        1231496.        1231651.       -4.662430       -4.665073       -4.670671       -30633.27        528629.8       0.9285492E-02         438      249263  0.20489    
      241100   -4.664849       -260.2483       0.9999831        1326147.        0.000000        1231224.        1231023.       -4.662433       -4.665072       -4.669310       -30645.40        528413.9       0.9280890E-02         438      248514  0.20776    
      241200   -4.663186       -696.6631       0.9996673        1325451.        0.000000        1230907.        1230274.       -4.662435       -4.665072       -4.667622       -30638.20        528046.9       0.9278323E-02         438      248000  0.21200    
      241300   -4.661433       -215.0769       0.9996496        1325236.        0.000000        1230085.        1229935.       -4.662435       -4.665070       -4.662899       -30640.83        528021.7       0.9279059E-02         438      248911  0.20409    
      241400   -4.662633        548.6565        1.000240        1325784.        0.000000        1230578.        1231184.       -4.662436       -4.665069       -4.664778       -30671.82        528244.7       0.9286257E-02         438      248883  0.20634    
      241500   -4.661881       -276.8574       0.9998496        1325507.        0.000000        1230891.        1230669.       -4.662435       -4.665068       -4.659268       -30672.92        528027.1       0.9283730E-02         437      247788  0.20543    
      241600   -4.661174       -242.2417       0.9998586        1325265.        0.000000        1229996.        1229817.       -4.662436       -4.665066       -4.664547       -30628.41        528047.8       0.9278655E-02         437      247440  0.20386    
      241700   -4.661867        412.7675        1.000139        1325678.        0.000000        1230413.        1230888.       -4.662438       -4.665065       -4.668487       -30621.77        528275.0       0.9285427E-02         438      248424  0.20761    
      241800   -4.662132       -45.59736        1.000053        1325632.        0.000000        1230316.        1230336.       -4.662441       -4.665064       -4.667987       -30645.50        528187.9       0.9280800E-02         437      248653  0.20678    
      241900   -4.663413        568.6878        1.000256        1326201.        0.000000        1230783.        1231419.       -4.662443       -4.665063       -4.668203       -30658.88        528557.4       0.9286597E-02         438      247901  0.20429    
      242000   -4.664605        173.9361        1.000238        1326375.        0.000000        1230813.        1231044.       -4.662444       -4.665063       -4.665527       -30674.24        528431.4       0.9281531E-02         438      249097  0.20748    
      242100   -4.665038        27.03375        1.000087        1326402.        0.000000        1231191.        1231281.       -4.662444       -4.665063       -4.662084       -30738.90        528510.7       0.9282485E-02         438      248132  0.20608    
      242200   -4.664267       -251.1387       0.9998459        1326151.        0.000000        1231406.        1231215.       -4.662443       -4.665062       -4.660048       -30743.63        528395.1       0.9283446E-02         438      248482  0.20400    
      242300   -4.664307        79.88140        1.000008        1326231.        0.000000        1231129.        1231278.       -4.662441       -4.665062       -4.657914       -30730.94        528403.7       0.9283849E-02         438      248950  0.20618    
      242400   -4.665910        439.1938        1.000321        1326670.        0.000000        1231521.        1232024.       -4.662441       -4.665062       -4.661086       -30682.25        528743.7       0.9286551E-02         437      248207  0.20692    
      242500   -4.665569       -282.7137       0.9999317        1326387.        0.000000        1231952.        1231725.       -4.662441       -4.665063       -4.664433       -30695.77        528497.5       0.9284848E-02         436      249030  0.20461    
      242600   -4.664790       -477.6984       0.9998442        1325909.        0.000000        1231865.        1231457.       -4.662442       -4.665063       -4.663086       -30702.37        528275.6       0.9284351E-02         438      248249  0.20437    
      242700   -4.664014        409.7802       0.9998448        1326319.        0.000000        1230926.        1231392.       -4.662443       -4.665062       -4.665673       -30680.58        528485.9       0.9285287E-02         438      248348  0.20692    
      242800   -4.664988        154.9473        1.000195        1326474.        0.000000        1231474.        1231687.       -4.662446       -4.665062       -4.668776       -30687.48        528526.9       0.9285681E-02         436      249206  0.21035    
      242900   -4.665306       -94.78086        1.000064        1326379.        0.000000        1231713.        1231681.       -4.662451       -4.665062       -4.674971       -30650.97        528494.0       0.9285033E-02         439      248409  0.20459    
      243000   -4.665295        180.8789       0.9999978        1326560.        0.000000        1231214.        1231464.       -4.662455       -4.665062       -4.673428       -30671.81        528595.0       0.9283429E-02         438      248674  0.21098    
      243100   -4.664785       -132.3733       0.9998981        1326428.        0.000000        1231207.        1231131.       -4.662456       -4.665062       -4.664955       -30687.40        528469.1       0.9281839E-02         437      248754  0.21125    
      243200   -4.665190       -146.1662        1.000081        1326282.        0.000000        1231623.        1231535.       -4.662457       -4.665062       -4.663197       -30688.15        528349.8       0.9284095E-02         437      248228  0.20414    
      243300   -4.664976       -45.01342       0.9999572        1326237.        0.000000        1231620.        1231629.       -4.662458       -4.665062       -4.665894       -30702.14        528404.2       0.9285231E-02         439      248302  0.20502    
      243400   -4.664387       -41.70374       0.9998823        1326195.        0.000000        1231359.        1231373.       -4.662458       -4.665062       -4.662785       -30674.41        528501.6       0.9284373E-02         438      249163  0.20650    
      243500   -4.664981        110.3423        1.000119        1326305.        0.000000        1231094.        1231261.       -4.662459       -4.665062       -4.664210       -30690.86        528511.8       0.9282441E-02         438      248202  0.20440    
      243600   -4.665643        405.8817        1.000133        1326711.        0.000000        1231749.        1232218.       -4.662460       -4.665062       -4.665918       -30686.51        528829.8       0.9288461E-02         438      248983  0.20808    
      243700   -4.666307       -97.65356        1.000133        1326614.        0.000000        1232223.        1232190.       -4.662461       -4.665063       -4.663911       -30708.64        528696.1       0.9286986E-02         438      248229  0.20734    
      243800   -4.666098        32.62528       0.9999581        1326646.        0.000000        1231941.        1232033.       -4.662462       -4.665063       -4.665798       -30720.28        528885.1       0.9286195E-02         436      248716  0.20567    
      243900   -4.666057       -67.65595       0.9999919        1326579.        0.000000        1232030.        1232023.       -4.662463       -4.665063       -4.664211       -30707.18        528762.4       0.9286222E-02         436      249604  0.20631    
      244000   -4.665659       -231.6804       0.9999203        1326347.        0.000000        1231932.        1231752.       -4.662465       -4.665064       -4.666524       -30706.34        528666.3       0.9284873E-02         438      248180  0.20475    
      244100   -4.665017       -101.5632       0.9998716        1326245.        0.000000        1231395.        1231362.       -4.662467       -4.665064       -4.667089       -30681.32        528606.0       0.9283159E-02         437      248144  0.21048    
      244200   -4.664813        404.2172       0.9999592        1326650.        0.000000        1231484.        1231950.       -4.662466       -4.665064       -4.661735       -30713.91        528580.9       0.9287958E-02         438      249158  0.20618    
      244300   -4.666150        72.26426        1.000268        1326722.        0.000000        1232149.        1232274.       -4.662466       -4.665064       -4.661241       -30708.99        528844.4       0.9287873E-02         438      248248  0.20694    
      244400   -4.665917        30.34785       0.9999534        1326752.        0.000000        1231773.        1231859.       -4.662466       -4.665064       -4.661574       -30736.26        528644.7       0.9285178E-02         439      248353  0.20891    
      244500   -4.664735       -685.9438       0.9997637        1326066.        0.000000        1231717.        1231088.       -4.662464       -4.665064       -4.659171       -30708.92        528434.5       0.9281553E-02         439      248087  0.20420    
      244600   -4.663388       -152.7970       0.9997305        1325913.        0.000000        1230711.        1230623.       -4.662463       -4.665064       -4.660184       -30694.93        528416.1       0.9280574E-02         438      247594  0.20485    
      244700   -4.663873        240.5021        1.000097        1326154.        0.000000        1231324.        1231626.       -4.662463       -4.665063       -4.661872       -30684.20        528448.1       0.9287299E-02         437      248818  0.20474    
      244800   -4.664126        89.89770        1.000050        1326244.        0.000000        1230544.        1230689.       -4.662462       -4.665063       -4.660965       -30694.16        528635.3       0.9279694E-02         438      248453  0.20432    
      244900   -4.663484       -452.7436       0.9998717        1325791.        0.000000        1230552.        1230166.       -4.662461       -4.665062       -4.658641       -30695.01        528343.4       0.9277010E-02         437      249214  0.20501    
      245000   -4.662354       -270.4862       0.9997739        1325521.        0.000000        1231039.        1230822.       -4.662461       -4.665061       -4.662139       -30667.54        528137.8       0.9283992E-02         439      248698  0.20755    
      245100   -4.662147        71.10538       0.9999586        1325592.        0.000000        1230545.        1230670.       -4.662461       -4.665060       -4.662525       -30682.43        528115.5       0.9283270E-02         439      247543  0.20397    
      245200   -4.663110        428.3971        1.000193        1326020.        0.000000        1230699.        1231199.       -4.662463       -4.665059       -4.666928       -30659.08        528422.1       0.9285476E-02         436      248207  0.20604    
      245300   -4.663007       -128.9831       0.9999793        1325891.        0.000000        1230619.        1230551.       -4.662465       -4.665058       -4.669142       -30611.92        528386.0       0.9280770E-02         439      248425  0.20848    
      245400   -4.662610       -82.31266       0.9999206        1325809.        0.000000        1230351.        1230326.       -4.662469       -4.665057       -4.670687       -30657.72        528247.2       0.9279742E-02         438      247515  0.20800    
      245500   -4.663052        138.6613        1.000088        1325947.        0.000000        1230595.        1230796.       -4.662471       -4.665056       -4.667584       -30686.55        528175.3       0.9282532E-02         437      248484  0.20640    
      245600   -4.664751        667.8802        1.000340        1326615.        0.000000        1231513.        1232242.       -4.662472       -4.665056       -4.665845       -30677.32        528511.9       0.9290309E-02         438      248622  0.20819    
      245700   -4.666668        205.1675        1.000384        1326820.        0.000000        1232311.        1232578.       -4.662473       -4.665057       -4.665379       -30709.74        528660.8       0.9289281E-02         438      248813  0.20782    
      245800   -4.666211       -16.12938       0.9999087        1326804.        0.000000        1232756.        1232803.       -4.662474       -4.665057       -4.663698       -30697.68        528667.2       0.9291807E-02         437      248961  0.20618    
      245900   -4.666444       -286.5364        1.000047        1326518.        0.000000        1232093.        1231866.       -4.662475       -4.665058       -4.664951       -30694.58        528601.8       0.9284287E-02         438      247888  0.20874    
      246000   -4.664760       -727.8676       0.9996632        1325790.        0.000000        1231499.        1230831.       -4.662474       -4.665058       -4.660525       -30701.48        528296.1       0.9279644E-02         438      247386  0.20454    
      246100   -4.663314        284.8846       0.9997110        1326075.        0.000000        1231298.        1231643.       -4.662474       -4.665057       -4.661975       -30671.73        528484.2       0.9288445E-02         439      247843  0.20386    
      246200   -4.663619       -51.74722        1.000061        1326023.        0.000000        1231210.        1231218.       -4.662474       -4.665056       -4.663891       -30675.94        528331.8       0.9284611E-02         439      248948  0.20691    
      246300   -4.664427        372.9053        1.000162        1326396.        0.000000        1231218.        1231656.       -4.662475       -4.665056       -4.664277       -30703.55        528421.0       0.9286442E-02         438      248267  0.20616    
      246400   -4.665568        236.5877        1.000228        1326633.        0.000000        1231739.        1232031.       -4.662475       -4.665056       -4.662721       -30705.37        528690.6       0.9287176E-02         438      248548  0.20395    
      246500   -4.665117       -293.5057       0.9999098        1326339.        0.000000        1232234.        1232003.       -4.662477       -4.665056       -4.667100       -30692.56        528356.0       0.9287842E-02         439      248531  0.20696    
      246600   -4.665160        184.0114        1.000008        1326523.        0.000000        1231793.        1232040.       -4.662479       -4.665056       -4.668357       -30695.54        528544.3       0.9288018E-02         438      249204  0.20437    
      246700   -4.665262       -64.16765        1.000020        1326459.        0.000000        1231516.        1231509.       -4.662482       -4.665056       -4.667769       -30682.63        528610.6       0.9283769E-02         439      249309  0.20425    
      246800   -4.664175       -281.3640       0.9997828        1326178.        0.000000        1231268.        1231051.       -4.662484       -4.665056       -4.668958       -30655.98        528450.9       0.9282371E-02         437      248770  0.20717    
      246900   -4.663479       -203.7164       0.9998607        1325974.        0.000000        1231149.        1231009.       -4.662485       -4.665055       -4.664461       -30724.29        528206.7       0.9283366E-02         437      247881  0.20736    
      247000   -4.664272        719.9052        1.000159        1326694.        0.000000        1230668.        1231450.       -4.662485       -4.665055       -4.663151       -30729.78        528564.2       0.9285217E-02         438      249083  0.20397    
      247100   -4.665834       -189.7104        1.000313        1326504.        0.000000        1231163.        1231036.       -4.662487       -4.665055       -4.666465       -30714.12        528508.0       0.9279189E-02         438      248504  0.20410    
      247200   -4.665078       -47.62423       0.9998488        1326456.        0.000000        1231502.        1231517.       -4.662488       -4.665056       -4.665186       -30689.46        528521.0       0.9284246E-02         439      247906  0.21368    
      247300   -4.665853        41.83182        1.000155        1326498.        0.000000        1231752.        1231853.       -4.662491       -4.665056       -4.670768       -30670.29        528676.2       0.9285324E-02         439      247578  0.20643    
      247400   -4.665812        14.24186       0.9999918        1326512.        0.000000        1232354.        1232424.       -4.662495       -4.665056       -4.671569       -30645.14        528770.6       0.9289674E-02         438      248539  0.20445    
      247500   -4.664627       -332.7314       0.9997632        1326180.        0.000000        1231102.        1230832.       -4.662498       -4.665056       -4.669020       -30668.00        528594.4       0.9279842E-02         437      249044  0.20749    
      247600   -4.664815        125.2916        1.000038        1326305.        0.000000        1231317.        1231505.       -4.662500       -4.665056       -4.667703       -30655.41        528717.8       0.9284581E-02         438      248287  0.20811    
      247700   -4.664750        49.32763       0.9999869        1326354.        0.000000        1231818.        1231923.       -4.662502       -4.665056       -4.669095       -30662.94        528457.3       0.9287916E-02         436      248844  0.20500    
      247800   -4.664609       -219.2110       0.9999719        1326135.        0.000000        1231457.        1231288.       -4.662505       -4.665056       -4.667894       -30674.65        528397.4       0.9283297E-02         438      248303  0.20521    
      247900   -4.664719        143.3347        1.000022        1326279.        0.000000        1231726.        1231943.       -4.662506       -4.665055       -4.665047       -30673.93        528514.6       0.9288090E-02         438      249022  0.20748    
      248000   -4.665048        445.2841        1.000066        1326724.        0.000000        1231858.        1232357.       -4.662507       -4.665055       -4.665325       -30692.44        528738.0       0.9290574E-02         439      248747  0.20422    
      248100   -4.666562        173.5652        1.000303        1326897.        0.000000        1232224.        1232454.       -4.662509       -4.665056       -4.667910       -30685.02        528752.3       0.9288525E-02         439      248183  0.20808    
      248200   -4.666940       -247.2150        1.000076        1326650.        0.000000        1231982.        1231794.       -4.662512       -4.665057       -4.671097       -30667.45        528789.9       0.9282836E-02         439      248682  0.20645    
      248300   -4.665229       -410.9241       0.9996579        1326239.        0.000000        1232077.        1231726.       -4.662514       -4.665057       -4.666929       -30676.49        528564.9       0.9285541E-02         437      249412  0.20428    
      248400   -4.663790       -122.3812       0.9997122        1326117.        0.000000        1231523.        1231470.       -4.662516       -4.665056       -4.666184       -30661.20        528540.8       0.9286295E-02         439      248768  0.20691    
      248500   -4.664333       -8.093051        1.000109        1326109.        0.000000        1231584.        1231630.       -4.662517       -4.665056       -4.665661       -30684.66        528466.5       0.9286459E-02         438      248290  0.20646    
      248600   -4.664134       -180.9103       0.9999601        1325928.        0.000000        1231720.        1231595.       -4.662517       -4.665056       -4.663006       -30666.66        528342.7       0.9286495E-02         437      248300  0.20560    
      248700   -4.663693        92.13505       0.9999117        1326020.        0.000000        1231227.        1231395.       -4.662519       -4.665055       -4.666899       -30649.88        528376.4       0.9285884E-02         437      248144  0.20429    
      248800   -4.664222        251.1975        1.000106        1326271.        0.000000        1231180.        1231490.       -4.662518       -4.665055       -4.660338       -30697.09        528390.6       0.9285563E-02         438      248219  0.20804    
      248900   -4.665382        266.7021        1.000232        1326538.        0.000000        1231764.        1232088.       -4.662517       -4.665055       -4.659789       -30688.07        528635.4       0.9287903E-02         438      248654  0.20669    
      249000   -4.665743        42.68729        1.000072        1326581.        0.000000        1231179.        1231282.       -4.662518       -4.665055       -4.665789       -30694.77        528516.6       0.9281191E-02         439      247998  0.20456    
      249100   -4.665724       -37.68728       0.9999961        1326543.        0.000000        1231905.        1231919.       -4.662519       -4.665055       -4.663896       -30720.10        528576.6       0.9286013E-02         439      248165  0.20755    
      249200   -4.664827       -170.8585       0.9998206        1326372.        0.000000        1230853.        1230741.       -4.662518       -4.665055       -4.660715       -30720.23        528470.3       0.9278704E-02         439      248720  0.20485    
      249300   -4.664529       -543.5278       0.9999404        1325828.        0.000000        1231491.        1231006.       -4.662517       -4.665055       -4.660619       -30715.52        528354.6       0.9281371E-02         439      249080  0.20392    
      249400   -4.663320       -6.127398       0.9997583        1325822.        0.000000        1231186.        1231235.       -4.662517       -4.665054       -4.660969       -30710.01        528153.9       0.9285308E-02         438      248521  0.20422    
      249500   -4.663976        578.9621        1.000131        1326401.        0.000000        1231505.        1232134.       -4.662517       -4.665054       -4.663839       -30726.09        528449.3       0.9290869E-02         437      248707  0.20579    
      249600   -4.664803       -90.62229        1.000165        1326311.        0.000000        1230980.        1230948.       -4.662519       -4.665054       -4.665822       -30717.21        528495.5       0.9280462E-02         437      248424  0.20442    
      249700   -4.664846       -102.4889        1.000009        1326208.        0.000000        1231988.        1231956.       -4.662518       -4.665054       -4.660176       -30761.23        528231.7       0.9287972E-02         437      248708  0.20428    
      249800   -4.663774       -258.5699       0.9997855        1325950.        0.000000        1231564.        1231358.       -4.662514       -4.665053       -4.652465       -30785.81        528251.1       0.9285435E-02         437      248671  0.20655    
      249900   -4.663127       -331.3254       0.9998707        1325618.        0.000000        1230464.        1230198.       -4.662511       -4.665053       -4.656755       -30784.48        528115.9       0.9277925E-02         437      248507  0.20399    
      250000   -4.663641        657.0052        1.000103        1326275.        0.000000        1231328.        1232043.       -4.662507       -4.665052       -4.651972       -30794.80        528297.6       0.9290825E-02         439      248691  0.20586    
      250100   -4.665061        239.6896        1.000284        1326515.        0.000000        1231473.        1231777.       -4.662503       -4.665052       -4.651915       -30767.05        528480.9       0.9286223E-02         439      248780  0.21193    
      250200   -4.664785       -363.5213       0.9999447        1326151.        0.000000        1231718.        1231415.       -4.662502       -4.665052       -4.661549       -30743.58        528318.4       0.9283963E-02         438      248959  0.20667    
      250300   -4.664367        171.7626       0.9999164        1326323.        0.000000        1231077.        1231318.       -4.662502       -4.665052       -4.662202       -30718.81        528409.2       0.9284055E-02         437      248636  0.20448    
      250400   -4.664424        76.14354        1.000011        1326399.        0.000000        1230794.        1230924.       -4.662504       -4.665051       -4.667443       -30693.30        528646.1       0.9280940E-02         437      249116  0.20618    
      250500   -4.664100       -247.0948       0.9999350        1326152.        0.000000        1231194.        1231002.       -4.662508       -4.665051       -4.671752       -30637.01        528442.6       0.9282128E-02         438      247979  0.20680    
      250600   -4.664567        413.7920        1.000094        1326566.        0.000000        1230916.        1231385.       -4.662513       -4.665051       -4.674644       -30654.40        528541.8       0.9284126E-02         439      249736  0.20436    
      250700   -4.665614       -235.1913        1.000209        1326331.        0.000000        1231572.        1231397.       -4.662514       -4.665051       -4.666091       -30693.56        528467.1       0.9282364E-02         439      248195  0.20883    
      250800   -4.664953        287.4648       0.9998679        1326618.        0.000000        1231745.        1232089.       -4.662515       -4.665051       -4.664917       -30717.10        528642.7       0.9288725E-02         437      248258  0.20498    
      250900   -4.665876        22.85605        1.000184        1326641.        0.000000        1231907.        1231995.       -4.662517       -4.665051       -4.666172       -30676.52        528711.9       0.9286344E-02         437      248439  0.20695    
      251000   -4.665986       -21.85970        1.000022        1326619.        0.000000        1231900.        1231933.       -4.662519       -4.665052       -4.667314       -30682.26        528661.5       0.9285659E-02         438      248747  0.20554    
      251100   -4.665852        41.50214       0.9999731        1326661.        0.000000        1231592.        1231687.       -4.662520       -4.665052       -4.666568       -30713.00        528541.6       0.9284063E-02         437      248468  0.20790    
      251200   -4.665916       -135.6441        1.000013        1326525.        0.000000        1231389.        1231309.       -4.662519       -4.665052       -4.660738       -30726.77        528499.9       0.9281038E-02         437      248139  0.20383    
      251300   -4.665208       -104.6762       0.9998584        1326421.        0.000000        1231760.        1231728.       -4.662519       -4.665052       -4.660206       -30741.38        528364.3       0.9285583E-02         437      249013  0.20691    
      251400   -4.665316        33.48294        1.000022        1326454.        0.000000        1231595.        1231685.       -4.662517       -4.665052       -4.658640       -30706.62        528551.4       0.9285021E-02         437      248303  0.20599    
      251500   -4.663952       -474.6817       0.9997273        1325979.        0.000000        1231574.        1231155.       -4.662517       -4.665052       -4.661932       -30689.13        528392.6       0.9283574E-02         439      248571  0.20359    
      251600   -4.663764        203.2230       0.9999622        1326183.        0.000000        1230909.        1231178.       -4.662517       -4.665052       -4.663201       -30679.41        528590.7       0.9284072E-02         438      248980  0.20880    
      251700   -4.665064        545.5798        1.000260        1326728.        0.000000        1231170.        1231781.       -4.662519       -4.665052       -4.666514       -30695.88        528877.8       0.9286252E-02         437      248838  0.20429    
      251800   -4.665927       -313.4526        1.000173        1326415.        0.000000        1231896.        1231646.       -4.662519       -4.665052       -4.662623       -30697.73        528758.1       0.9283614E-02         438      247455  0.20635    
      251900   -4.664412       -458.8239       0.9996970        1325956.        0.000000        1231345.        1230947.       -4.662520       -4.665052       -4.665764       -30665.83        528431.1       0.9281163E-02         437      248082  0.20367    
      252000   -4.663987        110.0943       0.9999151        1326066.        0.000000        1231092.        1231259.       -4.662523       -4.665051       -4.669101       -30650.19        528296.1       0.9284335E-02         439      247731  0.21260    
      252100   -4.663863        83.68145       0.9999751        1326150.        0.000000        1230887.        1231035.       -4.662526       -4.665051       -4.670133       -30636.09        528397.9       0.9282886E-02         436      249157  0.20667    
      252200   -4.664167       -73.00047        1.000061        1326077.        0.000000        1230975.        1230953.       -4.662530       -4.665050       -4.672692       -30624.25        528404.1       0.9281701E-02         438      248157  0.20457    
      252300   -4.663933        26.99110       0.9999533        1326104.        0.000000        1231117.        1231207.       -4.662534       -4.665050       -4.674048       -30594.19        528467.2       0.9284064E-02         438      249053  0.21115    
      252400   -4.663651        141.3335       0.9999436        1326245.        0.000000        1231253.        1231453.       -4.662538       -4.665049       -4.672884       -30635.25        528432.4       0.9286394E-02         438      249076  0.20571    
      252500   -4.664642        150.5968        1.000198        1326396.        0.000000        1231215.        1231425.       -4.662541       -4.665049       -4.669005       -30657.24        528644.9       0.9284330E-02         438      249410  0.20733    
      252600   -4.664963       -170.7085        1.000064        1326225.        0.000000        1231593.        1231481.       -4.662543       -4.665049       -4.667451       -30642.24        528433.2       0.9284166E-02         439      248610  0.20465    
      252700   -4.665055        256.4900        1.000018        1326481.        0.000000        1231191.        1231502.       -4.662546       -4.665049       -4.669760       -30650.44        528467.5       0.9284126E-02         438      248305  0.21077    
      252800   -4.664733       -332.1553       0.9999355        1326149.        0.000000        1231837.        1231561.       -4.662549       -4.665049       -4.671704       -30637.67        528336.3       0.9285193E-02         437      248070  0.20439    
      252900   -4.664056       -115.2481       0.9998646        1326034.        0.000000        1230900.        1230844.       -4.662552       -4.665049       -4.669746       -30645.98        528098.0       0.9281011E-02         438      248437  0.21049    
      253000   -4.663848        146.3791       0.9999584        1326180.        0.000000        1231819.        1232039.       -4.662554       -4.665048       -4.666412       -30681.00        528184.4       0.9290419E-02         437      248426  0.20569    
      253100   -4.665222        484.3423        1.000275        1326665.        0.000000        1231728.        1232271.       -4.662553       -4.665048       -4.661981       -30675.82        528438.2       0.9289668E-02         438      247782  0.20482    
      253200   -4.666510        82.84927        1.000258        1326748.        0.000000        1232429.        1232568.       -4.662555       -4.665049       -4.665640       -30646.33        528569.8       0.9289455E-02         439      248544  0.20689    
      253300   -4.665955       -229.8166       0.9998890        1326518.        0.000000        1232352.        1232184.       -4.662558       -4.665049       -4.671304       -30654.20        528542.0       0.9287617E-02         438      248373  0.20810    
      253400   -4.666222        25.62345        1.000053        1326543.        0.000000        1232058.        1232132.       -4.662562       -4.665050       -4.671077       -30639.62        528608.5       0.9286651E-02         439      249227  0.20938    
      253500   -4.665364       -86.56375       0.9998283        1326457.        0.000000        1231565.        1231533.       -4.662563       -4.665050       -4.666178       -30684.18        528446.6       0.9283815E-02         439      248202  0.20402    
      253600   -4.664856       -165.6644       0.9998986        1326291.        0.000000        1231104.        1230990.       -4.662565       -4.665050       -4.667362       -30656.64        528463.4       0.9280658E-02         438      248252  0.20744    
      253700   -4.664824        125.8218       0.9999935        1326417.        0.000000        1231142.        1231335.       -4.662566       -4.665050       -4.664625       -30721.71        528325.8       0.9283328E-02         439      249379  0.20826    
      253800   -4.665941        125.6163        1.000223        1326543.        0.000000        1231779.        1231970.       -4.662565       -4.665050       -4.660044       -30736.88        528334.2       0.9286049E-02         438      248351  0.20435    
      253900   -4.665958        152.2487        1.000003        1326695.        0.000000        1231276.        1231492.       -4.662564       -4.665050       -4.659929       -30771.58        528390.7       0.9282425E-02         439      248454  0.20898    
      254000   -4.666208        280.8360        1.000050        1326976.        0.000000        1231437.        1231780.       -4.662561       -4.665051       -4.655198       -30778.39        528671.7       0.9284084E-02         438      248759  0.20821    
      254100   -4.666793       -318.0962        1.000117        1326658.        0.000000        1232044.        1231790.       -4.662559       -4.665051       -4.658615       -30740.80        528557.5       0.9283090E-02         438      248313  0.20460    
      254200   -4.665282       -404.2809       0.9996978        1326253.        0.000000        1232210.        1231861.       -4.662558       -4.665052       -4.658663       -30753.19        528325.0       0.9286428E-02         438      248586  0.20854    
      254300   -4.664252       -248.7634       0.9997941        1326004.        0.000000        1231249.        1231058.       -4.662555       -4.665051       -4.654730       -30761.22        528230.4       0.9282257E-02         438      247965  0.20713    
      254400   -4.663181       -321.6380       0.9997858        1325683.        0.000000        1230789.        1230525.       -4.662553       -4.665051       -4.658886       -30701.38        527986.8       0.9280229E-02         439      247856  0.20587    
      254500   -4.663041        170.1368       0.9999721        1325853.        0.000000        1230135.        1230369.       -4.662555       -4.665050       -4.666966       -30654.71        528210.0       0.9279337E-02         438      247626  0.20427    
      254600   -4.663075        53.12218        1.000007        1325906.        0.000000        1230567.        1230679.       -4.662557       -4.665049       -4.667302       -30682.18        528266.8       0.9281579E-02         439      249262  0.20663    
      254700   -4.664565        680.7569        1.000298        1326587.        0.000000        1231412.        1232148.       -4.662560       -4.665049       -4.670390       -30659.48        528630.3       0.9289940E-02         437      248584  0.20442    
      254800   -4.665841        92.38262        1.000255        1326679.        0.000000        1231178.        1231327.       -4.662563       -4.665049       -4.669838       -30655.28        528602.4       0.9281323E-02         437      248117  0.20447    
Total iteration number limit reached. Finishing FCIQMC loop...
 - - - - - - - - - - - - - - - - - - - - - - - -
 Total loop-time:    52478.275898600928     
 Time lost due to load imbalance:    42391.895580600947     
 - - - - - - - - - - - - - - - - - - - - - - - -

 ============== Writing HDF5 popsfile ==============
 File name: popsfile.h5
 writing metadata
 writing calc_data
 writing walkers
 closing popsfile
 popsfile write successful
 
Current reference: 
(    2,    3,    5,    6,    7,    8,    9,   10,   11,   14)
 Number of superinitiators           1

Input DEFINEDET line (includes frozen orbs):
definedet     2-3   5-11 14 
 
Most occupied        437 determinants as excitations from reference: 

 Excitation   ExcitLevel   Seniority    Walkers    Amplitude    <Loc|Deloc>    Init?   <D|H|D>  Proc
10011111110110    4    4   -30711.71       0.227802419278236  -1.000000000000000  Y  -1.65135912E+03     222
01101111111001    0    4   -30656.48       0.227392731983705  -1.000000000000000  Y  -1.65135912E+03     213
00111111111100    2    0    30579.36       0.226820743818060   0.982909784498955  Y  -1.65139879E+03     236
11001111110011    2    0    29411.53       0.218158397894075   0.948075236189808  Y  -1.65121242E+03       2
10011111111100    3    2    21980.13       0.163036415126688   0.711984245071458  Y  -1.65165512E+03     101
01101111111100    1    2   -21928.39       0.162652607575875  -0.711984245071458  Y  -1.65165512E+03     130
01111111111000    1    2   -21863.50       0.162171314477941  -0.707258583806714  Y  -1.65150696E+03      94
10111111110100    3    2    21847.89       0.162055515032653   0.707258583806714  Y  -1.65150696E+03      77
11001111110110    3    2   -21691.70       0.160896965583404  -0.709536603663543  Y  -1.65155944E+03      84
11001111111001    1    2    21610.98       0.160298285405633   0.709536603663543  Y  -1.65155944E+03      32
11011111110010    3    2    21340.85       0.158294564389378   0.688420463119333  Y  -1.65140346E+03       8
11101111110001    1    2   -21327.13       0.158192816853738  -0.688420463119333  Y  -1.65140346E+03     167
00101111111101    1    2   -20706.93       0.153592504089506  -0.674541693178985  Y  -1.65119690E+03     228
00011111111110    3    2    20695.51       0.153507822032966   0.674541693178985  Y  -1.65119690E+03      80
01001111111011    1    2   -20300.18       0.150575496716259  -0.657125481457778  Y  -1.65111403E+03      38
10001111110111    3    2    20217.45       0.149961814441440   0.657125481457778  Y  -1.65111403E+03     157
00111111110110    3    2   -20153.39       0.149486700255926  -0.652093292274014  Y  -1.65104784E+03     101
00111111111001    1    2    20131.76       0.149326262452482   0.652093292274014  Y  -1.65104784E+03     153
10011111110011    3    2    19788.46       0.146779816649328   0.642923835323273  Y  -1.65095716E+03      48
01101111110011    1    2   -19709.14       0.146191445362919  -0.642923835323273  Y  -1.65095716E+03     183
11101111110100    2    2   -15709.63       0.116525290563282  -0.505522263398962  Y  -1.65173002E+03      83
11011111111000    2    2    15655.52       0.116123975660324   0.505522263398963  Y  -1.65173002E+03     169
10101111110101    2    4    15533.14       0.115216245336412   0.498069150768138  Y  -1.65136056E+03     236
01011111111010    2    4    15524.97       0.115155595383730   0.498069150768138  Y  -1.65136056E+03     245
10011111111001    2    4    15176.59       0.112571493162238   0.489110519442753  Y  -1.65135989E+03      18
01101111110110    2    4    15170.87       0.112529092470377   0.489110519442753  Y  -1.65135989E+03       9
01001111111110    2    2    14874.85       0.110333360395431   0.480700440746939  Y  -1.65143049E+03     212
10001111111101    2    2   -14855.50       0.110189868693529  -0.480700440746939  Y  -1.65143049E+03     240
11001111111100    2    0    14381.39       0.106673146309208   0.464772650923266  Y  -1.65179973E+03     205
10111111110001    2    2    14351.25       0.106449626312456   0.465728739221571  Y  -1.65112546E+03     160
01111111110010    2    2   -14350.79       0.106446196103311  -0.465728739221571  Y  -1.65112546E+03     189
11111111110000    2    0    14144.91       0.104919122470810   0.458935064734850  Y  -1.65149581E+03      19
00011111111011    2    2   -13541.51       0.100443383595395  -0.437592888654486  Y  -1.65082549E+03     254
00101111110111    2    2    13506.69       0.100185110808153   0.437592888654485  Y  -1.65082549E+03      22
00001111111111    2    0    12663.01       0.093927196355867   0.411901367554006  Y  -1.65089631E+03     162
00111111110011    2    0    12121.38       0.089909705156610   0.401850412701449  Y  -1.65059017E+03     183
01101011111101    1    4    10933.58       0.081099245735232   0.361713831868684  Y  -1.65169126E+03     233
10010111111110    4    4    10889.69       0.080773683146640   0.361713831868684  Y  -1.65169126E+03      63
11001011110111    3    2    10810.90       0.080189234435097   0.354684044523182  Y  -1.65158168E+03     103
11000111111011    2    2   -10764.02       0.079841539186557  -0.354684044523182  Y  -1.65158168E+03     161
10111101111100    3    2    10521.38       0.078041728521015   0.348033852128234  Y  -1.65206631E+03      36
01111110111100    2    2   -10498.04       0.077868603955171  -0.348033852128234  Y  -1.65206631E+03      62
11011110110110    4    4   -10439.64       0.077435468027234  -0.335455494519153  Y  -1.65199686E+03     107
11101101111001    1    4   -10438.22       0.077424956804716  -0.335455494519153  Y  -1.65199686E+03     129
10111101110110    4    4   -10415.17       0.077253936736539  -0.349857091496178  Y  -1.65174273E+03     172
01111110111001    1    4   -10407.65       0.077198143508441  -0.349857091496178  Y  -1.65174273E+03     234
11011110110011    3    2    10159.69       0.075358914137288   0.327318995711232  Y  -1.65162225E+03     189
11101101110011    2    2   -10156.22       0.075333225695750  -0.327318995711232  Y  -1.65162225E+03     159
10011011110111    4    4    10001.53       0.074185815905725   0.328626722544871  Y  -1.65134769E+03     203
01100111111011    1    4    9986.956       0.074077699785183   0.328626722544871  Y  -1.65134769E+03      86
00111011111101    2    2   -9947.490       0.073784962374034  -0.326847563846054  Y  -1.65140125E+03     132
00110111111110    3    2    9933.220       0.073679120039816   0.326847563846054  Y  -1.65140125E+03     149
11101011110101    2    4   -7959.183       0.059036804308749  -0.259549630207631  Y  -1.65179490E+03     153
11010111111010    3    4   -7914.614       0.058706214510004  -0.259549630207631  Y  -1.65179490E+03     221
11001011111101    2    2   -7899.234       0.058592134377506  -0.256873094674880  Y  -1.65187242E+03      53
11000111111110    3    2    7887.272       0.058503411797199   0.256873094674880  Y  -1.65187242E+03     243
11101101110110    3    4    7753.253       0.057509332502271   0.255006991749556  Y  -1.65200100E+03      77
11011110111001    2    4    7705.888       0.057158001249990   0.255006991749556  Y  -1.65200100E+03     159
11011110111100    3    2    7620.931       0.056527842242457   0.250271066110687  Y  -1.65226887E+03     242
11101101111100    2    2   -7593.254       0.056322549207796  -0.250271066110687  Y  -1.65226887E+03     212
11111101111000    2    2    7488.973       0.055549051618656   0.249694743824614  Y  -1.65212394E+03      18
11111110110100    3    2   -7481.226       0.055491588502993  -0.249694743824614  Y  -1.65212394E+03      63
01100111111110    2    4   -7467.065       0.055386549864944  -0.243005862288902  Y  -1.65169413E+03     168
10011011111101    3    4   -7452.639       0.055279539624941  -0.243005862288902  Y  -1.65169413E+03       2
01001011111111    2    2    7375.164       0.054704879500365   0.239997379802515  Y  -1.65142398E+03      83
11111101110010    3    2    7337.083       0.054422411917326   0.238209376827272  Y  -1.65176980E+03     113
01101011110111    2    4   -7331.656       0.054382160631465  -0.238962058996324  Y  -1.65134558E+03      28
10000111111111    3    2   -7304.982       0.054184307371893  -0.239997379802515  Y  -1.65142398E+03     139
10010111111011    3    4   -7303.657       0.054174474679786  -0.238962058996324  Y  -1.65134558E+03     145
10111011110101    3    4    7292.757       0.054093628221118   0.238773751519650  Y  -1.65153817E+03     159
11111110110001    2    2   -7275.724       0.053967283424383  -0.238209376827272  Y  -1.65176980E+03     146
01110111111010    2    4    7272.812       0.053945684509359   0.238773751519650  Y  -1.65153817E+03     146
10101101111101    2    4    7259.850       0.053849538692947   0.236135468058947  Y  -1.65188518E+03      67
01011110111110    3    4    7242.916       0.053723933673878   0.236135468058947  Y  -1.65188518E+03      69
01011110111011    2    4   -7121.203       0.052821137514061  -0.232082830600392  Y  -1.65154113E+03     151
01111110110110    3    4    7120.617       0.052816791087562   0.233364773437515  Y  -1.65173936E+03     182
10101101110111    3    4   -7112.694       0.052758023064228  -0.232082830600392  Y  -1.65154113E+03     117
10111101111001    2    4    7080.033       0.052515757378043   0.233364773437515  Y  -1.65173936E+03     120
01111110110011    2    2   -6750.343       0.050070299996927  -0.218861315096719  Y  -1.65130904E+03       8
00011011111111    3    2    6738.750       0.049984309652999   0.220970051456143  Y  -1.65115671E+03      27
00100111111111    2    2   -6724.834       0.049881085690115  -0.220970051456143  Y  -1.65115671E+03      74
10111101110011    3    2    6714.059       0.049801169593703   0.218861315096719  Y  -1.65130904E+03      90
00111011110111    3    2    6498.955       0.048205644066309   0.213882294629511  Y  -1.65099986E+03       9
00110111111011    2    2   -6492.171       0.048155325332002  -0.213882294629511  Y  -1.65099986E+03      24
11011011110110    4    4    4916.302       0.036466401823668   0.160665363359946  Y  -1.65182765E+03      55
01111011111100    2    2    4895.782       0.036314192285809   0.160828041585526  Y  -1.65189403E+03      10
11100111111001    1    4    4887.890       0.036255656113987   0.160665363359946  Y  -1.65182765E+03     124
10110111111100    3    2   -4878.462       0.036185725716854  -0.160828041585526  Y  -1.65189403E+03      34
00111101111110    3    2    4337.601       0.032173916914849   0.138851557294159  Y  -1.65163079E+03      14
00111110111101    2    2   -4323.784       0.032071431599784  -0.138851557294159  Y  -1.65163079E+03     232
01101101111011    1    4    4254.492       0.031557462850172   0.134310098501897  Y  -1.65157414E+03      13
10011110110111    4    4    4230.846       0.031382066505370   0.134310098501897  Y  -1.65157414E+03      47
11001101111011    2    2    4078.113       0.030249181148933   0.140458769223102  Y  -1.65181076E+03      89
11001110110111    3    2   -4078.084       0.030248965975100  -0.140458769223102  Y  -1.65181076E+03       3
10011101111110    4    4   -4032.482       0.029910718780181  -0.132476736175226  Y  -1.65192343E+03     135
01101110111101    1    4   -3997.953       0.029654599740713  -0.132476736175226  Y  -1.65192343E+03     214
01111011111001    1    4   -3921.628       0.029088463588490  -0.129185728090687  Y  -1.65156215E+03     183
10110111110110    4    4   -3902.326       0.028945293695766  -0.129185728090687  Y  -1.65156215E+03     169
11011011110011    3    2    3847.183       0.028536271654683   0.124260808311745  Y  -1.65144476E+03     137
11100111110011    2    2   -3840.984       0.028490287988131  -0.124260808311745  Y  -1.65144476E+03      94
11100111111100    2    2    3526.769       0.026159619890917   0.114116944200140  Y  -1.65209792E+03      41
11011011111100    3    2   -3517.376       0.026089945625752  -0.114116944200140  Y  -1.65209792E+03     191
11111011110100    3    2    3501.988       0.025975807776125   0.114364960927643  Y  -1.65194218E+03     208
11110111111000    2    2   -3481.711       0.025825400879665  -0.114364960927643  Y  -1.65194218E+03     129
10100111111101    2    4   -3384.746       0.025106166270814  -0.110903420836855  Y  -1.65172545E+03     139
01011011111110    3    4   -3375.163       0.025035090454464  -0.110903420836855  Y  -1.65172545E+03     225
01111011110110    3    4   -3355.259       0.024887451100789  -0.107589093361591  Y  -1.65156881E+03     131
10110111111001    2    4   -3349.328       0.024843460313259  -0.107589093361591  Y  -1.65156881E+03     117
01101101111110    2    4   -3312.510       0.024570358913863  -0.108335662484262  Y  -1.65192233E+03      95
10011110111101    3    4   -3294.335       0.024435549448007  -0.108335662484262  Y  -1.65192233E+03     158
01111101111010    2    4    3140.018       0.023290909712077   0.100792779242737  Y  -1.65177718E+03     148
10111110110101    3    4    3111.908       0.023082406251747   0.100792779242737  Y  -1.65177718E+03     211
11011011111001    2    4    2942.485       0.021825719291846   0.094727667667655  Y  -1.65182176E+03     107
11100111110110    3    4    2934.776       0.021768543620040   0.094727667667655  Y  -1.65182176E+03     176
11001101111110    3    2   -2921.907       0.021673087940413  -0.096937427301755  Y  -1.65210324E+03     171
11001110111101    2    2    2913.146       0.021608098964427   0.096937427301755  Y  -1.65210324E+03     138
00101101111111    2    2   -2897.908       0.021495076492772  -0.092745594618823  Y  -1.65137369E+03     108
11101110110101    2    4    2874.793       0.021323617369257   0.095674683581782  Y  -1.65203654E+03     204
00011110111111    3    2    2871.189       0.021296888051363   0.092745594618823  Y  -1.65137369E+03     240
11011101111010    3    4    2861.594       0.021225720170623   0.095674683581782  Y  -1.65203654E+03     224
00111110110111    3    2    2811.083       0.020851052034037   0.087274248851818  Y  -1.65122765E+03     165
00111101111011    2    2   -2782.080       0.020635926127963  -0.087274248851818  Y  -1.65122765E+03      96
10011101111011    3    4    2744.859       0.020359838729609   0.091642515311514  Y  -1.65157600E+03     217
01101110110111    2    4    2732.792       0.020270334647952   0.091642515311514  Y  -1.65157600E+03     184
11110111110010    3    2    2699.928       0.020026565804401   0.087476968367317  Y  -1.65157975E+03     224
01011011111011    2    4   -2699.906       0.020026408917807  -0.088954078193440  Y  -1.65137311E+03      51
11111011110001    2    2   -2693.480       0.019978740956803  -0.087476968367317  Y  -1.65157975E+03      35
10001101111111    3    2    2681.182       0.019887523501855   0.088711166519007  Y  -1.65164359E+03     243
01001110111111    2    2   -2678.777       0.019869685116892  -0.088711166519007  Y  -1.65164359E+03     185
10100111110111    3    4   -2662.551       0.019749323298434  -0.088954078193440  Y  -1.65137311E+03      65
01111011110011    2    2   -2539.233       0.018834624165191  -0.083322167133905  Y  -1.65113021E+03       0
10110111110011    3    2    2538.064       0.018825950420138   0.083322167133905  Y  -1.65113021E+03       4
11100001111111    3    2    2260.014       0.016763531500175   0.073612818193079  Y  -1.65182907E+03      25
11010010111111    4    2   -2247.748       0.016672548204200  -0.073612818193079  Y  -1.65182907E+03      78
10110001111111    4    2   -2153.759       0.015975390516475  -0.070399432764619  Y  -1.65155629E+03      18
01110010111111    3    2    2138.837       0.015864707919009   0.070399432764619  Y  -1.65155629E+03     154
11110100111110    4    2   -2133.705       0.015826643520885  -0.062371700665480  Y  -1.65222713E+03     104
11111000111101    3    2    2109.103       0.015644152931569   0.062371700665480  Y  -1.65222713E+03     171
11110100111011    3    2    2052.610       0.015225123954718   0.061300966634287  Y  -1.65187709E+03      22
11111000110111    4    2   -2043.778       0.015159609186362  -0.061300966634287  Y  -1.65187709E+03      34
10110100111111    4    2    946.6109       0.007021434478487   0.029024801426441  Y  -1.65178694E+03      64
11010110111110    4    4    945.1033       0.007010251862657   0.033056887890708  Y  -1.65219348E+03     205
11101001111101    2    4    939.2329       0.006966708416385   0.033056887890708  Y  -1.65219348E+03      67
11110010110111    4    2    932.4437       0.006916350584512   0.030985055490816  Y  -1.65169540E+03     176
01111000111111    3    2   -931.7133       0.006910932424919  -0.029024801426441  Y  -1.65178694E+03      17
11110001111011    3    2   -926.5867       0.006872906364434  -0.030985055490816  Y  -1.65169540E+03      91
11110010111101    3    2    912.0106       0.006764788792604   0.028264389431230  Y  -1.65205373E+03      28
11110001111110    4    2   -910.0773       0.006750448820046  -0.028264389431230  Y  -1.65205373E+03       9
11011000111111    4    2   -816.2071       0.006054171990719  -0.025901889306429  Y  -1.65206235E+03     198
11100100111111    3    2    813.3910       0.006033283119695   0.025901889306429  Y  -1.65206235E+03      34
01110110111110    3    4   -806.7976       0.005984377120562  -0.026418574227377  Y  -1.65195725E+03      25
10111001111101    3    4   -795.9765       0.005904112204717  -0.026418574227377  Y  -1.65195725E+03      73
11101001110111    3    4   -693.0973       0.005141011702162  -0.022688580287429  Y  -1.65187516E+03      75
11010110111011    3    4   -687.5765       0.005100061126748  -0.022688580287429  Y  -1.65187516E+03      31
11111100111001    2    2   -654.1555       0.004852162823762  -0.020407380617926  Y  -1.65221293E+03      54
11111100110110    4    2    652.5705       0.004840405786901   0.020407380617926  Y  -1.65221293E+03       2
00111111101101    2    2   -620.7176       0.004604138797703  -0.019778023423254  Y  -1.63199463E+03     201
01110110111011    2    4    614.0126       0.004554404603900   0.018382384839058  Y  -1.65158322E+03     107
10111001110111    4    4    613.0887       0.004547552323477   0.018382384839058  Y  -1.65158322E+03      23
00111111011110    3    2    602.6022       0.004469768771031   0.019778023423254  Y  -1.63199463E+03      75
01101111011011    1    4    602.3096       0.004467598462602   0.020076540588392  Y  -1.63193901E+03      11
10011111100111    4    4    601.7465       0.004463421763419   0.020076540588392  Y  -1.63193901E+03     131
11110000111111    4    0    590.0104       0.004376370193132   0.013167877243390  Y  -1.65171464E+03     237
01111111101001    1    4   -545.6670       0.004047455216397  -0.017085667779784  Y  -1.63214325E+03      64
10111111010110    4    4   -539.5404       0.004002011511175  -0.017085667779784  Y  -1.63214325E+03      53
11001111011011    2    2   -522.4097       0.003874945610454  -0.016577456182674  Y  -1.63219011E+03      87
11111001111100    3    2   -521.5366       0.003868469019376  -0.017448270574658  Y  -1.65237549E+03     167
11110110111100    3    2    517.5763       0.003839093596824   0.017448270574658  Y  -1.65237549E+03      26
01111111011010    2    4    514.4107       0.003815612991493   0.016373942217960  Y  -1.63212914E+03      77
10111111100101    3    4    514.2713       0.003814579543318   0.016373942217960  Y  -1.63212914E+03      88
11001111100111    3    2    498.2167       0.003695495429616   0.016577456182674  Y  -1.63219011E+03     166
11101111010011    2    2   -484.4698       0.003593528380044  -0.014819595301906  Y  -1.63202379E+03     129
11100101111011    2    4    480.5715       0.003564613149571   0.015719276775107  Y  -1.65180909E+03     180
11011010110111    4    4    480.5507       0.003564458681206   0.015719276775107  Y  -1.65180909E+03     137
01101111011110    2    4   -459.2754       0.003406649852074  -0.014695300647958  Y  -1.63230470E+03      93
11011111100011    3    2    458.7338       0.003402633149326   0.014819595301906  Y  -1.63202379E+03     110
10011111101101    3    4   -442.7252       0.003283889983055  -0.014695300647958  Y  -1.63230470E+03      11
11011111011010    3    4   -435.4458       0.003229895552193  -0.014331339162465  Y  -1.63240299E+03       2
11101111100101    2    4   -428.6795       0.003179707035323  -0.014331339162465  Y  -1.63240299E+03      94
01101111101101    1    4    417.0245       0.003093256258066   0.013559873684285  Y  -1.63230175E+03     220
00111111100111    3    2    412.2214       0.003057629579577   0.012798602709419  Y  -1.63157399E+03       4
10011111011110    4    4    412.0019       0.003056001771398   0.013559873684285  Y  -1.63230175E+03     137
11000110111111    3    2    408.9274       0.003033196725260   0.013022597332991  Y  -1.65198521E+03      15
11001001111111    3    2   -402.8978       0.002988472384631  -0.013022597332991  Y  -1.65198521E+03     189
00111111011011    2    2   -400.8510       0.002973290782719  -0.012798602709419  Y  -1.63157399E+03     249
10110101111110    4    4    396.6631       0.002942227257124   0.012213181305823  Y  -1.65189244E+03       0
01111010111101    2    4    395.4271       0.002933059205141   0.012213181305823  Y  -1.65189244E+03     249
10111111010011    3    2    375.6151       0.002786104482174   0.011752113284674  Y  -1.63169205E+03     135
01111111100011    2    2   -374.1538       0.002775265642226  -0.011752113284674  Y  -1.63169205E+03      34
00101111011111    2    2   -368.1422       0.002730674352102  -0.012074244894035  Y  -1.63175044E+03     206
00011111101111    3    2    357.9226       0.002654871022268   0.012074244894035  Y  -1.63175044E+03     118
01011111101011    2    4   -348.0250       0.002581456394124  -0.011038049356937  Y  -1.63195455E+03      27
10101111010111    3    4   -346.3239       0.002568838344989  -0.011038049356937  Y  -1.63195455E+03     140
01100110111111    2    4   -342.9799       0.002544034762582  -0.011918577511971  Y  -1.65177172E+03     195
11001111011110    3    2    342.9555       0.002543853898724   0.011522156872053  Y  -1.63250010E+03     169
11101111010110    3    4    342.3886       0.002539648467526   0.011162615730898  Y  -1.63242004E+03      47
11111111100001    2    2   -341.9930       0.002536714091634  -0.010650197528950  Y  -1.63215844E+03     109
10011001111111    4    4   -341.5704       0.002533580034374  -0.011918577511971  Y  -1.65177172E+03     117
11001111101101    2    2   -338.7932       0.002512980404394  -0.011522156872053  Y  -1.63250010E+03      39
11111111010010    3    2    337.2657       0.002501649932287   0.010650197528950  Y  -1.63215844E+03     203
10111101011110    4    4   -335.9087       0.002491584731524  -0.011176016517042  Y  -1.63243936E+03     255
01011010111111    3    4    333.6517       0.002474843406769   0.011007324080760  Y  -1.65166866E+03     197
11011111101001    2    4    329.6029       0.002444811853843   0.011162615730898  Y  -1.63242004E+03     140
01111110101101    2    4   -328.0594       0.002433362728294  -0.011176016517042  Y  -1.63243936E+03     228
10100101111111    3    4    326.6488       0.002422899564995   0.011007324080760  Y  -1.65166866E+03      20
11111001110110    4    4    315.5914       0.002340881732808   0.010988014423250  Y  -1.65207764E+03      46
11110110111001    2    4    314.0087       0.002329142326132   0.010988014423250  Y  -1.65207764E+03     199
10010110111111    4    4   -313.5203       0.002325519616962  -0.010923472417934  Y  -1.65176775E+03      35
01101001111111    2    4   -311.2323       0.002308548571968  -0.010923472417934  Y  -1.65176775E+03     114
11101101101101    2    4   -310.8126       0.002305435740312  -0.009911493567449  Y  -1.63272738E+03     122
11011110011110    4    4   -309.0722       0.002292525867374  -0.009911493567449  Y  -1.63272738E+03      22
10110101111011    3    4   -296.0269       0.002195763623767  -0.009629034139366  Y  -1.65151504E+03     174
11011010111101    3    4   -291.1291       0.002159434441350  -0.009768761206967  Y  -1.65213154E+03      68
11100101111110    3    4   -290.8026       0.002157012152252  -0.009768761206967  Y  -1.65213154E+03       6
01111010110111    3    4   -290.7827       0.002156864587644  -0.009629034139366  Y  -1.65151504E+03     212
11011001111110    4    4   -282.4382       0.002094970199183  -0.008606160508527  Y  -1.65226592E+03     225
11100110111101    2    4   -278.4533       0.002065412057278  -0.008606160508527  Y  -1.65226592E+03      44
01101111100111    2    4   -276.1049       0.002047993018455  -0.009076087228092  Y  -1.63193682E+03     241
11110110110011    3    2   -275.5553       0.002043916060271  -0.008338772665016  Y  -1.65166303E+03     229
10011111011011    3    4   -274.4147       0.002035456208132  -0.009076087228092  Y  -1.63193682E+03     219
11111001110011    3    2    273.4041       0.002027960072511   0.008338772665016  Y  -1.65166303E+03     220
11011100111011    3    2    273.1688       0.002026214629247   0.008183824178702  Y  -1.65207033E+03      62
11101100110111    3    2   -267.9928       0.001987822019896  -0.008183824178702  Y  -1.65207033E+03     158
11101101100111    3    4    267.7962       0.001986363900606   0.008451525560304  Y  -1.63238982E+03      19
11110101111010    3    4   -260.8699       0.001934987951726  -0.007992727655355  Y  -1.65197882E+03     184
00111001111111    3    2    259.4855       0.001924719760291   0.007880644432852  Y  -1.65144253E+03      95
11111010110101    3    4   -257.7226       0.001911643314802  -0.007992727655355  Y  -1.65197882E+03      80
00110110111111    3    2   -253.9540       0.001883690035964  -0.007880644432852  Y  -1.65144253E+03     170
11011110011011    3    4    253.3753       0.001879397482864   0.008451525560304  Y  -1.63238982E+03     104
11011110100111    4    4   -246.9808       0.001831966401072  -0.007799123277615  Y  -1.63235394E+03     245
11101101011011    2    4   -243.3564       0.001805082525946  -0.007799123277615  Y  -1.63235394E+03      75
01100111101111    2    4    241.3738       0.001790377019804   0.007854452817235  Y  -1.63204967E+03      49
10011011011111    4    4    239.2917       0.001774932991470   0.007854452817235  Y  -1.63204967E+03     171
01111110011110    3    4    239.2460       0.001774593864709   0.007859526196857  Y  -1.63247404E+03      98
11010110101111    4    4    231.6580       0.001718310671636   0.007248450453374  Y  -1.63232917E+03     180
11000111101111    3    2   -230.2862       0.001708135023294  -0.007436495433380  Y  -1.63228169E+03     229
10111101101101    3    4    228.3283       0.001693612476573   0.007859526196857  Y  -1.63247404E+03     129
11001011011111    3    2    228.2602       0.001693107748585   0.007436495433380  Y  -1.63228169E+03     125
11101001011111    3    4    227.7013       0.001688961855059   0.007248450453374  Y  -1.63232917E+03     153
10001111011111    3    2   -226.4409       0.001679613176864  -0.007531724315174  Y  -1.63203482E+03     184
01001111101111    2    2    222.1847       0.001648042656124   0.007531724315174  Y  -1.63203482E+03     173
10111001011111    4    4   -221.2015       0.001640750123653  -0.007699559464800  Y  -1.63203920E+03      95
10110101101111    4    4    214.5234       0.001591215932860   0.006986254286393  Y  -1.63200907E+03      38
01011110101111    3    4   -213.5641       0.001584099993543  -0.006653052412840  Y  -1.63221592E+03      31
01110110101111    3    4   -212.5608       0.001576658347426  -0.007699559464800  Y  -1.63203920E+03     104
01111010011111    3    4    211.9468       0.001572103558092   0.006986254286393  Y  -1.63200907E+03     162
10111101011011    3    4    211.4002       0.001568049702451   0.006987733344575  Y  -1.63204271E+03      81
01111110100111    3    4    210.6206       0.001562267062026   0.006987733344575  Y  -1.63204271E+03     170
11011010011111    4    4   -208.4190       0.001545936644470  -0.005991900762664  Y  -1.63229896E+03     237
11111110011100    3    2   -205.7380       0.001526050479008  -0.006792784166219  Y  -1.63287533E+03     203
11111101101100    3    2    204.1637       0.001514373106061   0.006792784166219  Y  -1.63287533E+03     162
11100101101111    3    4   -204.1265       0.001514097168076  -0.005991900762664  Y  -1.63229896E+03     211
10101101011111    3    4   -203.5795       0.001510040098245  -0.006653052412840  Y  -1.63221592E+03     111
11111110100101    3    4    193.8488       0.001437862536710   0.006517323255155  Y  -1.63252333E+03      74
11111101011010    3    4    192.5887       0.001428515982590   0.006517323255155  Y  -1.63252333E+03     195
11101101011110    3    4    190.8692       0.001415761867125   0.006043627337668  Y  -1.63269565E+03     249
10111101100111    4    4   -189.4068       0.001404914307609  -0.006342321028023  Y  -1.63208076E+03      78
11011110101101    3    4    188.0319       0.001394716519163   0.006043627337668  Y  -1.63269565E+03     152
01110111101110    3    4    187.3988       0.001390020498769   0.006221225619083  Y  -1.63226102E+03     153
01111110011011    2    4   -184.7716       0.001370533438589  -0.006342321028023  Y  -1.63208076E+03     180
10111011011101    3    4    183.6825       0.001362454885993   0.006221225619083  Y  -1.63226102E+03      75
11111110011001    2    4   -167.7023       0.001243922519974  -0.005471813665862  Y  -1.63255823E+03     120
11101011011101    2    4   -166.7958       0.001237198571098  -0.005475786710787  Y  -1.63251578E+03      23
11010111101110    4    4   -165.3557       0.001226516592630  -0.005475786710787  Y  -1.63251578E+03     228
11111101100110    4    4   -162.8372       0.001207835703601  -0.005471813665862  Y  -1.63255823E+03      41
11001110011111    3    2   -160.2232       0.001188446727928  -0.005510617069152  Y  -1.63251945E+03     225
11001101101111    3    2    156.7098       0.001162386243888   0.005510617069152  Y  -1.63251945E+03      46
01101011011111    2    4   -152.3498       0.001130046024090  -0.005066315696794  Y  -1.63204974E+03     201
10010111101111    4    4   -151.4670       0.001123498144797  -0.005066315696794  Y  -1.63204974E+03      67
00111011011111    3    2    150.7815       0.001118413645390   0.004979610678425  Y  -1.63170600E+03      36
11111100011011    3    2    149.1631       0.001106409221402   0.001492978513865  Y  -1.63232816E+03      92
11111100100111    4    2   -145.9038       0.001082233588434  -0.001492978513865  Y  -1.63232816E+03     160
01101101101111    2    4    139.5155       0.001034848304583   0.004680046147808  Y  -1.63228481E+03     122
10011110011111    4    4    137.9314       0.001023098927260   0.004680046147808  Y  -1.63228481E+03      71
00110111101111    3    2   -136.8087       0.001014771247966  -0.004979610678425  Y  -1.63170600E+03     188
10110111011110    4    4   -127.2986       0.000944230159875  -0.004182430500487  Y  -1.63223479E+03     254
10110110111101    3    4   -126.9767       0.000941843022825  -0.004473948867938  Y  -1.65202572E+03      53
01111001111110    3    4   -125.6791       0.000932217599359  -0.004473948867938  Y  -1.65202572E+03      44
01111011101101    2    4   -124.6545       0.000924617675960  -0.004182430500487  Y  -1.63223479E+03     176
11111010010111    4    4    115.0544       0.000853409747208   0.004485656812422  Y  -1.63213590E+03     146
11111001111001    2    4    111.6771       0.000828358996568   0.003294008076500  Y  -1.65206761E+03     250
11110110110110    4    4    110.6429       0.000820687950116   0.003294008076500  Y  -1.65206761E+03     147
11110101101011    3    4    110.5254       0.000819816351141   0.004485656812422  Y  -1.63213590E+03     147
11110110101101    3    4   -110.2599       0.000817846782635  -0.003957159468804  Y  -1.63255349E+03     192
11111001011110    4    4   -109.3436       0.000811050411098  -0.003957159468804  Y  -1.63255349E+03     124
11101100111101    2    2    107.0008       0.000793672473234   0.002911155517114  Y  -1.65239039E+03      46
11011100111110    4    2   -106.3702       0.000788994959566  -0.002911155517114  Y  -1.65239039E+03     144
00111101101111    3    2   -106.1833       0.000787609151984  -0.003442516031785  Y  -1.63194247E+03     115
00111110011111    3    2    105.8648       0.000785246028971   0.003442516031785  Y  -1.63194247E+03     192
11100111101101    2    4    104.4017       0.000774394134591   0.003530143111125  Y  -1.63254950E+03     125
11111111011000    2    2   -102.8356       0.000762777253110  -0.003167501528694  Y  -1.63251620E+03      42
11101111011001    1    4    101.5367       0.000753142981891   0.003245228371588  Y  -1.63240202E+03     248
11011011011110    4    4    97.76973       0.000725201639093   0.003530143111125  Y  -1.63254950E+03     227
11011111100110    4    4    93.32019       0.000692197410884   0.003245228371588  Y  -1.63240202E+03     192
10111111011100    3    2    92.88723       0.000688985979623   0.000707846366714  Y  -1.63247046E+03     189
11111111100100    3    2    92.83458       0.000688595433674   0.003167501528694  Y  -1.63251620E+03     192
11011011011011    3    4    91.22988       0.000676692645122   0.002854946081777  Y  -1.63220364E+03      53
11100111011011    2    4   -90.18538       0.000668945165165  -0.002917858282753  Y  -1.63215246E+03      77
10100111011111    3    4   -89.00607       0.000660197682345  -0.002812365847336  Y  -1.63202391E+03      39
01111111101100    2    2   -87.62310       0.000649939587771  -0.000707846366714  Y  -1.63247046E+03     237
10110111011011    3    4    86.74380       0.000643417418885   0.002629250959221  Y  -1.63183988E+03     172
11011011100111    4    4   -85.93640       0.000637428560675  -0.002917858282753  Y  -1.63215246E+03      41
01111011100111    3    4    81.49889       0.000604513573351   0.002629250959221  Y  -1.63183988E+03     221
11100111100111    3    4    81.37982       0.000603630365458   0.002854946081777  Y  -1.63220364E+03      74
01011011101111    3    4   -79.93353       0.000592902633094  -0.002812365847336  Y  -1.63202391E+03     161
10111100011111    4    2    79.69639       0.000591143645706   0.001515186268508  Y  -1.63224042E+03     138
01111100101111    3    2   -79.13805       0.000587002175900  -0.001515186268508  Y  -1.63224042E+03     148
11110111101100    3    2   -75.69177       0.000561439599993  -0.002488155079422  Y  -1.63268489E+03      17
01111011011110    3    4   -75.66797       0.000561263044552  -0.002436188563037  Y  -1.63229481E+03      46
10011101101111    4    4    73.22238       0.000543123040255   0.002156351772878  Y  -1.63228885E+03     250
01111101101110    3    4    72.95810       0.000541162740742   0.002281753915123  Y  -1.63250871E+03     100
10110111101101    3    4   -72.49970       0.000537762539224  -0.002436188563037  Y  -1.63229481E+03     124
11111011011100    3    2    72.15123       0.000535177832131   0.002488155079422  Y  -1.63268489E+03      58
10111110011101    3    4    71.76577       0.000532318700836   0.002281753915123  Y  -1.63250871E+03     126
01101110011111    2    4    71.52157       0.000530507365092   0.002156351772878  Y  -1.63228885E+03      45
11100111011110    3    4    69.99033       0.000519149430577   0.002275372885280  Y  -1.63249242E+03     251
11101111011100    2    2    69.16246       0.000513008786270   0.001811229114802  Y  -1.63269154E+03     165
11110111011010    3    4    66.32497       0.000491961847608   0.002103018334737  Y  -1.63230928E+03      41
01111001111011    2    4   -66.20690       0.000491086102677  -0.001653578857785  Y  -1.65164166E+03     126
10110110110111    4    4   -64.44424       0.000478011636255  -0.001653578857785  Y  -1.65164166E+03      88
10101111011101    2    4    63.55797       0.000471437790893   0.001067037155838  Y  -1.63230222E+03      65
11011011101101    3    4    63.03354       0.000467547851506   0.002275372885280  Y  -1.63249242E+03     101
10111111011001    2    4    62.84457       0.000466146141807   0.000219044268523  Y  -1.63212599E+03     106
11011111101100    3    2   -62.78842       0.000465729657515  -0.001811229114802  Y  -1.63269154E+03      57
11111011100101    3    4    62.40829       0.000462910073643   0.002103018334737  Y  -1.63230928E+03     218
01111111100110    3    4    61.50008       0.000456173514564   0.000219044268523  Y  -1.63212599E+03     116
01111011011011    2    4   -61.22914       0.000454163780255  -0.002050408779161  Y  -1.63189325E+03     128
01011111101110    3    4    59.34862       0.000440215174796   0.001067037155838  Y  -1.63230222E+03     109
11110111100110    4    4   -58.74273       0.000435721002182  -0.001904068185430  Y  -1.63235950E+03     152
11111011011001    2    4   -58.28552       0.000432329681747  -0.001904068185430  Y  -1.63235950E+03     231
11111010011101    3    4    53.98024       0.000400395470863   0.001372487222801  Y  -1.63248956E+03     252
10110111100111    4    4   -52.70512       0.000390937332831  -0.002050408779161  Y  -1.63189325E+03      81
11110101101110    4    4    51.58611       0.000382637133031   0.001372487222801  Y  -1.63248956E+03      65
10111110010111    4    4    49.79327       0.000369338846971   0.001725244896837  Y  -1.63212932E+03      15
11011111001110    4    2   -46.85696       0.000347558975582  -0.001459444320107  Y  -1.61181215E+03      96
01111101101011    2    4    46.64781       0.000346007558010   0.001725244896837  Y  -1.63212932E+03     182
11101111001101    2    2    46.51923       0.000345053821582   0.001459444320107  Y  -1.61181215E+03     255
11111110010110    4    4   -45.16991       0.000335045319043  -0.001588010219329  Y  -1.63257211E+03      68
11011101101110    4    4    44.42814       0.000329543267982   0.001251547135762  Y  -1.63276610E+03      25
11111101101001    2    4   -42.94576       0.000318547834964  -0.001588010219329  Y  -1.63257211E+03     245
11001100111111    3    0    41.71634       0.000309428682534   0.001525755031427  Y  -1.65216956E+03     198
11110001101111    4    2   -40.27121       0.000298709517712  -0.001345856081495  Y  -1.63191528E+03     121
11110010011111    4    2    38.27176       0.000283878678200   0.001345856081495  Y  -1.63191528E+03     197
11101110011101    2    4    37.58607       0.000278792658413   0.001251547135762  Y  -1.63276610E+03     227
11111001011011    3    4   -35.91943       0.000266430374963  -0.000580676350462  Y  -1.63217591E+03     206
11111100011110    4    2   -34.70634       0.000257432371456  -0.000452161490162  Y  -1.63269745E+03     174
11110011110110    4    2   -34.22456       0.000253858832733  -0.001144865703130  Y  -1.65184948E+03      95
11111100101101    3    2    33.86445       0.000251187741249   0.000452161490162  Y  -1.63269745E+03      44
11110110100111    4    4   -33.30576       0.000247043645570  -0.000580676350462  Y  -1.63217591E+03     206
11110011111001    2    2    32.50494       0.000241103608856   0.001144865703130  Y  -1.65184948E+03     147
11100110110111    3    4   -30.86113       0.000228910728099  -0.001035733353867  Y  -1.65193757E+03     160
11011001111011    3    4   -30.78021       0.000228310504412  -0.001035733353867  Y  -1.65193757E+03      51
01101111001111    2    2    29.91204       0.000221870954815   0.000703262377491  Y  -1.61132928E+03     124
01111100111011    2    2   -29.90034       0.000221784107209  -0.001107470907112  Y  -1.65177576E+03     243
10111100110111    4    2    29.43869       0.000218359891705   0.001107470907112  Y  -1.65177576E+03      90
11011110001111    4    2   -28.25289       0.000209564288242  -0.000992865407266  Y  -1.61153211E+03     107
11101101001111    3    2    27.91301       0.000207043228352   0.000992865407266  Y  -1.61153211E+03     137
10011111001111    4    2   -25.14655       0.000186523127524  -0.000703262377491  Y  -1.61132928E+03     248
01111111001110    3    2    24.75988       0.000183655080109   0.000683432121611  Y  -1.61154028E+03      21
01110111101011    2    4   -23.82910       0.000176751025898  -0.000638354691004  Y  -1.63188337E+03      70
10110110011111    4    4   -23.25196       0.000172470117108  -0.001144582430078  Y  -1.63208232E+03     115
10111111001101    3    2   -23.12027       0.000171493315862  -0.000683432121611  Y  -1.61154028E+03      99
01111001101111    3    4   -22.23939       0.000164959490328  -0.001144582430078  Y  -1.63208232E+03      85
11111101100011    3    2    22.18505       0.000164556400282   0.000446580203321  Y  -1.63214828E+03     215
11100011110111    3    2   -21.84256       0.000162016017758  -0.000795620055547  Y  -1.65165956E+03      61
10111011010111    4    4   -21.61565       0.000160332931055  -0.000638354691004  Y  -1.63188337E+03      67
11101011010111    3    4   -21.52546       0.000159663908390  -0.000131115078560  Y  -1.63219384E+03     182
11111000011111    4    2   -20.78031       0.000154136819288  -0.000434940005789  Y  -1.63212096E+03       7
11010011111011    3    2    20.73087       0.000153770082478   0.000795620055547  Y  -1.65165956E+03     160
11010111101011    3    4   -20.06719       0.000148847256005  -0.000131115078560  Y  -1.63219384E+03     146
11110100101111    4    2    19.92104       0.000147763219483   0.000434940005789  Y  -1.63212096E+03     113
11111110010011    3    2   -17.69620       0.000131260569126  -0.000446580203321  Y  -1.63214828E+03     150
10111101001111    4    2   -15.35269       0.000113877706434  -0.000448555610175  Y  -1.61122503E+03     217
01111110001111    3    2    14.53757       0.000107831642717   0.000448555610175  Y  -1.61122503E+03      31
11110111101001    2    4    13.61695       0.000101002952682   0.000145624198197  Y  -1.63238341E+03     100
11101110010111    3    4    12.64031       0.000093758804553   0.000421895376069  Y  -1.63244241E+03     233
11111011010110    4    4    12.57443       0.000093270176159   0.000145624198197  Y  -1.63238341E+03     179
11011101101011    3    4    12.20282       0.000090513715797   0.000421895376069  Y  -1.63244241E+03     107
11110110011110    4    4    11.53859       0.000085586890332   0.000406830530594  Y  -1.63252814E+03      62
11000011111111    3    0    10.12075       0.000075070137341   0.000006422336544  Y  -1.65171801E+03      64
11111001101101    3    4    9.975625       0.000073993652522   0.000406830530594  Y  -1.63252814E+03     254
11100011111101    2    2   -9.259967       0.000068685302864  -0.000328344055843  Y  -1.65198617E+03     144
11110111100011    3    2   -8.617493       0.000063919784491  -0.000085790696225  Y  -1.63195129E+03      70
11010011111110    4    2    8.559221       0.000063487556903   0.000328344055843  Y  -1.65198617E+03     242
01110011111110    3    2    8.400852       0.000062312858436   0.000121768326487  Y  -1.65174859E+03     166
01100011111111    2    2   -7.982868       0.000059212487781  -0.000028302483828  Y  -1.65150318E+03     140
11111011010011    3    2    7.899654       0.000058595248876   0.000085790696225  Y  -1.63195129E+03       5
10110011011111    4    2    7.781257       0.000057717046950   0.000354159164738  Y  -1.63179827E+03      40
10010011111111    4    2    7.529262       0.000055847891342   0.000028302483828  Y  -1.65150318E+03     232
01101100111111    2    2    7.442407       0.000055203651354   0.000227229114462  Y  -1.65195344E+03     123
01110011101111    3    2   -7.396504       0.000054863161736  -0.000354159164738  Y  -1.63179827E+03     204
10011100111111    4    2   -7.237344       0.000053682603987  -0.000227229114462  Y  -1.65195344E+03     108
10110011111101    3    2   -7.207274       0.000053459559176  -0.000121768326487  Y  -1.65174859E+03     210
00110011111111    3    0    7.129265       0.000052880931200   0.000007890682005  Y  -1.65117662E+03      97
11010011101111    4    2    7.057635       0.000052349623962   0.000271529368237  Y  -1.63208957E+03      24
01110011111011    2    2    6.740301       0.000049995816116   0.000071645044459  Y  -1.65136628E+03      84
11100011011111    3    2   -6.693900       0.000049651641538  -0.000271529368237  Y  -1.63208957E+03      34
10110011110111    4    2   -6.347405       0.000047081532285  -0.000071645044459  Y  -1.65136628E+03     188
11110011111100    3    0    6.267753       0.000046490717645   0.000013747383288  Y  -1.65215562E+03     230
11011100101111    4    2    5.988862       0.000044422056096   0.000355646859075  Y  -1.63253302E+03      73
11111100111100    3    0    5.521625       0.000040956351224   0.000000442195229  Y  -1.65251253E+03     137
11101100011111    3    2   -5.362328       0.000039774773893  -0.000355646859075  Y  -1.63253302E+03     216
11011001101111    4    4   -5.297822       0.000039296302995  -0.000215034618409  Y  -1.63237626E+03     160
11100110011111    3    4   -5.240342       0.000038869947471  -0.000215034618409  Y  -1.63237626E+03     134
11110011110011    3    0    4.809059       0.000035670931261   0.000075160572289  Y  -1.65143661E+03     177
10111111000111    4    2   -4.613014       0.000034216777646  -0.000159559450901  Y  -1.61114338E+03      43
01111100111110    3    2    4.320482       0.000032046937285   0.000110371216848  Y  -1.65215153E+03      69
10111100111101    3    2   -4.217962       0.000031286505265  -0.000110371216848  Y  -1.65215153E+03      40
11111111000011    3    0    4.212547       0.000031246336023   0.000000000004961  Y  -1.61119902E+03     101
11100111001111    3    2    4.184896       0.000031041237604   0.000136044418784  Y  -1.61132194E+03     213
00111100111111    3    0    4.149627       0.000030779629875   0.000012401115842  Y  -1.65162559E+03     243
11110110011011    3    4    4.128474       0.000030622733076   0.000182384961526  Y  -1.63216059E+03     144
01111111001011    2    2    4.046047       0.000030011329148   0.000159559450901  Y  -1.61114338E+03     195
11111100110011    3    0    3.909125       0.000028995719628   0.000000663957656  Y  -1.65180660E+03      84
11111001100111    4    4    3.879991       0.000028779622146   0.000182384961526  Y  -1.63216059E+03     143
11110011011110    4    2    3.778191       0.000028024522369   0.000143681901923  Y  -1.63230133E+03      11
11011111001011    3    2   -3.719038       0.000027585759062  -0.000075379450030  Y  -1.61147096E+03      14
11011011001111    4    2   -3.520423       0.000026112545216  -0.000136044418784  Y  -1.61132194E+03     158
11110011101101    3    2   -3.270756       0.000024260655435  -0.000143681901923  Y  -1.63230133E+03     140
11101111000111    3    2    3.200596       0.000023740244987   0.000075379450030  Y  -1.61147096E+03     206
11001111001111    3    0    2.947343       0.000021861757381   0.000000033912940  Y  -1.61157841E+03      48
11111111000110    4    2   -2.538350       0.000018828071654  -0.000000008192239  Y  -1.61162647E+03      19
11111101001110    4    2    2.480530       0.000018399194682   0.000000125804418  Y  -1.61172236E+03     202
11110011100111    4    2   -2.476322       0.000018367983257  -0.000072361846905  Y  -1.63192550E+03       1
11111111001001    2    2    2.409705       0.000017873856615   0.000000008192239  Y  -1.61162647E+03      71
11110111001110    4    2    2.224236       0.000016498148381   0.000000038798315  Y  -1.61149964E+03      35
00111111001111    3    0    2.187273       0.000016223975933   0.000000242182505  Y  -1.61096842E+03     142
11110011011011    3    2    2.055339       0.000015245362966   0.000072361846905  Y  -1.63192550E+03      93
10110111001111    4    2    2.015940       0.000014953124649   0.000078622093753  Y  -1.61101352E+03     219
11111110000111    4    2    1.982832       0.000014707546223   0.000000003503339  Y  -1.61134944E+03      29
01111011001111    3    2   -1.846486       0.000013696211943  -0.000078622093753  Y  -1.61101352E+03      83
11111011001101    3    2   -1.773697       0.000013156300943  -0.000000038798315  Y  -1.61149964E+03     123
11111111001100    3    0    1.764629       0.000013089041503   0.000000000093041  Y  -1.61194720E+03     154
11111101001011    3    2   -1.301242       0.000009651891268  -0.000000003503339  Y  -1.61134944E+03     120
11111110001101    3    2   -1.269014       0.000009412841819  -0.000000125804418  Y  -1.61172236E+03     234
11110111001011    3    2   -1.000000       0.000007417445429  -0.000000095220679  Y  -1.61112846E+03     117
11111011000111    4    2    1.000000       0.000007417445429   0.000000095220679  Y  -1.61112846E+03     173
 
------------------------------------------------------------------
FIXED-NODE: End calculation reference information ...
------------------------------------------------------------------
Reference Determinant Info.:
 Reference Determinant:   2  3  5  6  7  8  9 10 11 14
  iLut          :                 10230
  Processor     :          213
  Amplitude     :   -30656.475220721881     
  Deterministic :  F
 
------------------------------------------------------------------
 Warning: attempting to log deallocation but never logged allocation.


 Load balancing information based on the last iteration:

 Mean number of determinants/process       1.7148437500
 Min number of determinants/process                  0
 Max number of determinants/process                  5



 Load balancing information based on the last iteration:
     Mean number of walkers/process:    5182.3407544325
     Min number of walkers/process:            0.00000
     Max number of walkers/process:        46112.50496



Calculating approximate errorbar for energy estimates...

Attempting automatic reblocking analysis on data from iteration:         1400
Reading back in FCIMCStats datafile...
Number of comment lines found in file:            3
Number of data points found in file:         2548
Number of useable data points:         2534
Relaxation time for projected energy estimated to be      512 update cycles.
Relaxation time for shift estimated to be      256 update cycles.
Number of blocks assumed for calculation of error in projected energy denominator:      15
Number of blocks assumed for calculation of error in projected energy numerator:      15
WARNING: Error increases monotonically on the blocking graph for *shift*
         whilst performing Flyvbjerg and Petersen blocking analysis.
         Inspect BLOCKING files carefully. Manual reblocking may be necessary.
Number of blocks assumed for calculation of error in shift:       8
ProjE_denominator:     -30698.7730857268 +/-        1.9900184     Relative error:       0.6482403561E-04
ProjE_numerator:       143196.7217437183 +/-        5.1654561     Relative error:       0.3607244669E-04
 Current reference energy                           -1651.359121613973
 Projected correlation energy                          -4.664574748438
 Estimated error in Projected correlation energy        0.000185537669
 Shift correlation energy                              -4.665030660156
 Estimated error in shift correlation energy            0.000052101453

 Projected and shift energy estimates do not agree to within approximate errorbars: EDiff =      0.00045591

 Total projected energy       -1656.02369636 +/-    0.185538E-03
 Total shift energy           -1656.02415227 +/-    0.521015E-04


==================================================================
DEALLOCATING FIXED-NODE DATA
==================================================================
------------------------------------------------------------------
Deallocating Fixed Node Method Data: Trial Wave Function
------------------------------------------------------------------
  Deallocated LtSC matrix
  Deallocated trial wave function coefficients
  Deallocated trial wave function determinants
  Deallocating Reference Determinants Data
    Deallocated reference determinants list
    Deallocated reference hash table
  Deallocated reference determinants data
------------------------------------------------------------------
Deallocating Fixed Node Method Data: Backflow
------------------------------------------------------------------
  Deallocated (tmp) overlap matrix (LtSC - spatial orbitals)
  Deallocated (tmp) overlap matrix (LtSC - spin orbitals)
  Deallocated backflow overlap matrix (spatial orbitals)
  Deallocated backflow overlap matrix (bf-LtSC)
  Deallocated backflow data
------------------------------------------------------------------
Deallocating Fixed Node Method Data: Jastrow
------------------------------------------------------------------
  Deallocated Jastrow data
------------------------------------------------------------------
Deallocating Fixed Node Method Data: Trial Projected Energy
------------------------------------------------------------------
==================================================================
FIXED-NODE DATA DEALLOCATED SUCCESSFULLY
==================================================================
==================================================================
 Final energy estimate for state 1:     -1656.0216842388    

 ================================================================
 Memory usage
 Maximum memory defined is (MB) :   99999.0
 Maximum memory used is    (MB) :     425.7
 
 Large memory allocations:
 
 Name              Allocated in       Deallocated in         Size
 - - - - - - - - - - - - - - - - - - - - - - - - - - - - - - - - -
 global_determinantinit_global_det_datclean_global_det_da 119.2MB
 global_determinantinit_global_det_datclean_global_det_da 119.2MB
 SpawnVec          InitFCIMCPar       DeallocFciMCMemPar   44.7MB
 SpawnVec2         InitFCIMCPar       DeallocFciMCMemPar   44.7MB
 WalkVecDets       InitFCIMCPar       DeallocFciMCMemPar   44.7MB
 loca_fixednode_triinit_fixednode_projinit_fixednode_proj  22.9MB
 FN_CurrTrialAmps  init_fixednode_projnot deallocated      14.9MB
 FN_CurrConnAmps   init_fixednode_projnot deallocated      14.9MB
 A_sampler_PCHB_spishared_alloc       shared_dealloc      160.8KB
 A_sampler_PCHB_spishared_alloc       shared_dealloc      160.8KB
 ================================================================

 ================================================================
 Timing report.

 Timing of most expensive procedures.
 Procedure                                 Calls       total time
 - - - - - - - - - - - - - - - - - - - - - - - - - - - - - - - - 
 WalkerTime                              254800  47761.93
 AnnihilTime                             254800   3546.08
 CommsTime                               254800    802.18
 Compress Sort interface                 254800    258.57
 SyncTime                                254810     78.44
 NECICUBE                                     1     23.41
 Compression interface                   254800      7.37
 StatsCommsTime                            2548      1.69
 POPS-write                                   1      1.19
 FN_TrialProjE_Time                           1      0.63
 - - - - - - - - - - - - - - - - - - - - - - - - - - - - - - - - 
 Total                               52481.51

 Global wall clock time      52482.67
 ================================================================
 Calculation ended 16/11/2025 at 06:06:42
 ================================================================
