Run started: Wed 29 Oct 2025 10:59:15 PM CET
Using VDAGGER_ARCH = intel23_fkfamd23_cluster
Running 1x128 MPI processes.

                               xx
                              +##
                               #X
                               Xx
                          X##XxXxxX##x
                           +   Xx  ++
                               ##
                              +##
                              +##
     ++++         ++          +##
   xX+++##+      ####         +##
  Xx    ###      +X##          ##
 xX    X##+        ##          #X
 +    x##X         #x          #X
      ###         +#           x+
     X##+         #+
     ###         Xx                    _______
     ##X       +X+   __________________VDAGGER
     +##x    +xX     2nd quantized variational
       +xxxxx+       ______quantum Monte Carlo

* Running 128 MPI processes.
* Input file: "input.casl"

############# Start of input file dump #############
General:
  Random seed: timer

Plan:
  VMC-optimization:
    Minimum cycles: 5
    Convergence cycles: 5

System:
  Read Hamiltonian: FCIDUMP_loc_anthracene
  Read orbitals: LTSC_anthracene
  Complex orbitals: F
  Geometry:
    r_2: [ -6.89057736642100, 1.34708197213400 ]
    r_13: [ -6.89057736642100, -1.34708197213400 ]
    r_8: [ -4.67281867250400, 2.65001080964900 ]
    r_14: [ -4.67281867250400, -2.65001080964900 ]
    r_6: [ -2.30211174438900, 1.35516771450000 ]
    r_1: [ -2.30211174438900, -1.35516771450000 ]
    r_4: [ 0.00000000000000, 2.63879101222700 ]
    r_7: [ 0.00000000000000, -2.63879101222700 ]
    r_11: [ 2.30211174438900, 1.35516771450000 ]
    r_9: [ 2.30211174438900, -1.35516771450000 ]
    r_10: [ 4.67281867250400, 2.65001080964900 ]
    r_5: [ 4.67281867250400, -2.65001080964900 ]
    r_3: [ 6.89057736642100, 1.34708197213400 ]
    r_12: [ 6.89057736642100, -1.34708197213400 ]

VMC:
  nstep: 500000
  nconfig: 100000

Jastrow: wfn.casl

Backflow: wfn.casl

Multideterminants: wfn.casl
############## End of input file dump ##############

General setup:
* Random seed: 1973136602 (from timer)

* Loaded integrals for system with nelec=14, ms2=0, norb=14
* INFO: setting number of electrons from integrals file.
* Analysis of Hamiltonian connecitivity performed:
  - T_ii (local, 1-site): 14 (i) values
  - U_iiii [opp] (local, 1-site): 14 (i) values
  - U_kkii [opp] (local, 2-site): 182 contribs. from 14 (i) values
  - U_kkii [par] (local, 2-site): 91 contribs. from 13 (i) values
  - T_ji (single, 2-site): 182 contribs. from 14 (i) values
  - U_kkji [opp] (single, 2/3-site): 2548 contribs. from 182 (i,j) pairs
  - U_kkji [par] (single, 3-site): 2366 contribs. from 182 (i,j) pairs
  - U_lkji [opp] (double, 2/3/4-site): 33092 contribs. from 182 (i,j) pairs
  - U_lkji [par] (double, 4-site): 7462 contribs. from 156 (i,j) pairs
  - Max. no. wfn. ratios in Eloc: 4407
* Reading override orbitals from file "LTSC_anthracene".
* Site labels:
  +--------------------+
  |    8          10   |
  |          4         |
  |       6    11      |
  | 2                 3|
  |13                12|
  |       1     9      |
  |          7         |
  |   14           5   |
  +--------------------+
* Automatically set Site kinds:
  [ 1, 2, 2, 3, 4, 1, 3, 4, 1, 4, 1, 2, 2, 4 ]
  +-------------+
  |  4       4  |
  |      3      |
  |    1   1    |
  |2           2|
  |2           2|
  |    1   1    |
  |      3      |
  |  4       4  |
  +-------------+
* Maximum Site kind: 4
* Number of site-pair kinds with Tij=0: 0
* Automatically set Site pair kinds:
  Site 1: [ 0, -10, -21, 12, -31, -2, -4, -11, -14, -17, -9, 22, 13, -5 ]
  Site 2: [ -10, 0, 32, 24, 27, 13, 18, 1, -21, -25, -22, 26, -3, 15 ]
  Site 3: [ -21, 32, 0, -24, 15, 22, -18, 25, -10, -1, -13, -3, 26, 27 ]
  Site 4: [ 12, 24, -24, 0, -16, -4, -7, -6, -12, -6, -4, -18, 18, 16 ]
  Site 5: [ -31, 27, 15, -16, 0, -17, -6, -19, -5, -8, -11, -1, -25, 20 ]
  Site 6: [ -2, 13, 22, -4, -17, 0, 12, 5, 9, -28, 14, -21, -10, 11 ]
  Site 7: [ -4, 18, -18, -7, -6, 12, 0, -16, 4, -16, 12, -23, 23, 6 ]
  Site 8: [ -11, 1, 25, -6, -19, 5, -16, 0, 17, -20, -29, -27, -15, 8 ]
  Site 9: [ -14, -21, -10, -12, -5, 9, 4, 17, 0, 11, 2, 13, 22, -30 ]
  Site 10: [ -17, -25, -1, -6, -8, -28, -16, -20, 11, 0, 5, 15, 27, 19 ]
  Site 11: [ -9, -22, -13, -4, -11, 14, 12, -29, 2, 5, 0, 10, 21, 17 ]
  Site 12: [ 22, 26, -3, -18, -1, -21, -23, -27, 13, 15, 10, 0, 32, -25 ]
  Site 13: [ 13, -3, 26, 18, -25, -10, 23, -15, 22, 27, 21, 32, 0, -1 ]
  Site 14: [ -5, 15, 27, 16, 20, 11, 6, 8, -30, 19, 17, -25, -1, 0 ]
  For site 1 of kind 1:
  +---------------------------+
  |    -11             -17    |
  |             12            |
  |         -2      -9        |
  |-10                     -21|
  | 13                      22|
  |          0     -14        |
  |             -4            |
  |     -5             -31    |
  +---------------------------+
  For site 2 of kind 2:
  +---------------------------+
  |      1             -25    |
  |             24            |
  |         13     -22        |
  |  0                      32|
  | -3                      26|
  |        -10     -21        |
  |             18            |
  |     15              27    |
  +---------------------------+
  For site 4 of kind 3:
  +---------------------------+
  |     -6              -6    |
  |              0            |
  |         -4      -4        |
  | 24                     -24|
  | 18                     -18|
  |         12     -12        |
  |             -7            |
  |     16             -16    |
  +---------------------------+
  For site 5 of kind 4:
  +---------------------------+
  |    -19              -8    |
  |            -16            |
  |        -17     -11        |
  | 27                      15|
  |-25                      -1|
  |        -31      -5        |
  |             -6            |
  |     20               0    |
  +---------------------------+
* Maximum (unsigned) Site pair kind: 32
General system setup:
* Number of sites       : 14
* Number of electrons   : 14
* Spin imbalance MS2    : 0
* Filling               : 0.500000
* Number of orbitals in pool: 14
* Using real-valued orbitals
* Using double-precision arithmetic for orbitals

Trial wave function setup:
* Jastrow parameter file: "wfn.casl"
* Multideterminant parameter file: "wfn.casl"
* Backflow parameter file: "wfn.casl"
* Not using wave function manipulation

VMC #1:
* Size of Hilbert space =   1.1779E+07
* Number of equil. steps   = 1000
* Running VMC equilibration.
  Done. [total walltime: 0.18s]
* Equil. acc.ratio (%)     =  15.6324
* Sample config after equilibration:
  +-------------+
  |  d       0  |
  |      2      |
  |    0   d    |
  |0           2|
  |2           d|
  |    u   0    |
  |      2      |
  |  u       u  |
  +-------------+
* Number of accum. steps   = 500480 x 10
* Running VMC accumulation.
    [walltime: 1m elapsed, 2m17s remaining]
  Done. [total walltime: 3m17s]
* Acceptance ratio (%)     =  15.5946
* Etot/t                   =  -5.359879390473E+02 +/-   7.903691331365E-05
  > Ttot/t                 =  -3.896261224403E+01 +/-   6.946592880624E-04
  > Utot/t                 =   1.644130673471E+01 +/-   6.711022736719E-04
* var[Eloc/t]              =   2.962639552769E-03 +/-   3.299940377978E-05
* Correlation length       =   1.055280353060E+00
* log10 Psi^2 range: -30.50731915688944 -- -22.84154517111521
* log10 Pgen range : -30.50731915688944 -- -22.84154517111521
* Site occupation (ave. no. electrons per config.):
  > Site_  ___eu____  ___ed____
      1        0.495      0.498
      2        0.503      0.497
      3        0.498      0.498
      4        0.498      0.501
      5        0.499      0.503
      6        0.500      0.499
      7        0.501      0.501
      8        0.501      0.504
      9        0.500      0.499
     10        0.503      0.501
     11        0.498      0.499
     12        0.501      0.497
     13        0.495      0.502
     14        0.505      0.501
* Pair-correlation analysis (ave. no. pairs per config.):
  > Shell  nsite  ___dh____  __eueu___  __eued___
      0      1        0          0          2.293
      1      1        0.808      0.651      2.571
      2      1        0.269      0.676      1.093
      3      1        0.243      0.681      1.103
      4      1        0.609      1.114      2.326
      5      1        0.492      1.413      2.196
      6      1        0.214      2.113      1.881
      7      1        0.059      0.412      0.574
      8      1        0.126      0.865      1.114
      9      1        0.137      0.919      1.051
     10      1        0.254      1.828      2.107
     11      1        0.222      2.102      1.924
     12      1        0.220      2.118      1.887
     13      1        0.224      2.126      1.866
     14      1        0.125      1.051      0.943
     15      1        0.200      2.157      1.870
     16      1        0.197      1.927      2.102
     17      1        0.228      2.053      1.954
     18      1        0.201      2.071      1.916
     19      1        0.100      0.985      1.035
     20      1        0.105      1.032      0.980
     21      1        0.230      1.911      2.060
     22      1        0.230      2.040      1.933
     23      1        0.104      0.923      1.066
     24      1        0.104      0.922      1.066
     25      1        0.201      1.958      2.055
     26      1        0.100      0.964      1.027
     27      1        0.202      2.048      1.959
     28      1        0.059      0.481      0.519
     29      1        0.059      0.484      0.517
     30      1        0.058      0.484      0.519
     31      1        0.057      0.479      0.517
     32      1        0.102      1.011      0.976

Optimization #1:
* Method          : lls
* Target function : energy
* No. of configs. : 100096
* No. of params.  : 254
* Before optimization:
   8.3975E+00   7.3133E+00   8.6336E+00   8.6388E+00  -1.1135E+00  -1.2079E+00
  -1.0767E+00   1.2796E+00  -9.0691E-01  -9.1708E-01  -2.4629E+00  -2.4842E+00
  -2.6956E+00  -2.7022E+00  -1.0873E+00  -4.1980E+00  -1.5150E+00  -2.8613E-01
  -2.8891E-01  -2.7724E+00  -2.7708E+00  -1.2095E+00  -1.2044E+00  -1.5661E-01
  -1.6726E-01  -1.4038E+00  -1.5245E+00  -1.5219E+00  -2.9149E+00  -2.9165E+00
  -3.2508E+00  -3.2517E+00  -4.5103E-01  -4.4799E-01  -4.9198E+00  -4.8760E+00
  -8.1828E-01  -8.1842E-01  -7.9741E-01  -7.9947E-01  -3.8685E-01  -3.8089E-01
  -3.8624E-01  -3.8043E-01  -2.4500E+00  -2.4490E+00  -3.9427E-03  -2.4634E+00
  -2.4624E+00  -3.1906E+00  -3.1910E+00  -3.1902E+00  -3.1912E+00  -3.1905E+00
  -3.1908E+00  -3.1904E+00  -3.1911E+00   1.6678E+01  -1.5722E+01   1.2457E+01
  -1.1400E+01  -7.4528E-01  -5.8490E-01   1.1590E+01  -1.0741E+01   2.3375E+01
  -2.0944E+01   2.2745E+01  -2.0035E+01   1.0879E+01  -9.8020E+00   3.4464E+01
  -3.0284E+01   1.2700E+01  -1.1190E+01   6.0709E+00  -5.7963E+00   2.3543E+01
  -2.0760E+01   1.1754E+01  -1.0537E+01   6.0424E+00  -5.8484E+00   1.2672E+01
  -1.1246E+01   1.6934E+01  -1.5381E+01   2.2834E+01  -1.9924E+01   2.3814E+01
  -2.0560E+01   5.3935E+00  -4.9386E+00   3.4889E+01  -2.9971E+01   3.4871E+01
  -2.9994E+01   6.3791E+00  -5.5630E+00   6.3731E+00  -5.5710E+00   5.3529E+00
  -4.9818E+00   5.3525E+00  -4.9811E+00   1.7439E+01  -1.4990E+01   1.7650E-03
   1.8529E-03   1.7448E+01  -1.4984E+01   2.3781E+01  -2.0596E+01   2.3782E+01
  -2.0596E+01   2.3782E+01  -2.0596E+01   2.3782E+01  -2.0596E+01  -1.6595E-01
  -1.0100E-01   8.8799E-02   6.8711E-01   1.1943E+00   5.5070E-01   5.8009E-01
  -9.9491E-02  -1.5277E-01  -2.3659E-01  -1.1475E-01  -1.2503E-01   2.6578E-03
  -5.4843E-02  -1.6269E-02  -2.4393E-02  -1.8864E-02   6.3418E-03   1.5155E-03
  -1.7028E-02  -5.2198E-02   2.0471E-02  -9.4402E-03  -1.1236E-02  -9.0120E-03
   7.1567E-03   1.4752E-02   9.6258E-03  -1.7443E-02  -1.6164E-02  -1.5987E-02
  -4.5883E-03   3.3119E-02  -1.6805E-02  -1.2808E-02  -1.2479E-02  -1.3100E-02
  -1.2428E-02   2.3239E-02   5.7866E-02  -8.5941E-02  -3.4155E-02  -5.1225E-02
  -3.9620E-02   2.7493E-02  -4.2203E-02  -2.2833E-02  -2.8993E-02  -5.7416E-03
   2.0770E-02   1.7160E-02  -5.5042E-02  -3.4621E-02   3.6075E-02  -5.7929E-05
  -1.0214E-02  -1.0073E-02   7.1693E-03   1.1050E-02   2.8993E-03  -1.0407E-02
  -1.4910E-02  -1.5304E-02   5.8648E-04   2.1599E-02  -1.9635E-02  -2.1094E-03
  -2.7706E-03  -2.9580E-03  -2.8862E-03   1.2937E-02  -4.2023E-02  -1.3268E-01
  -1.2637E-01  -8.9780E-02  -1.1887E-01  -4.0586E-02  -8.3250E-02  -1.7235E-02
  -3.0671E-02  -7.3995E-03   1.2271E-02  -7.3522E-04  -2.3324E-02  -7.0436E-02
   2.6150E-04  -1.5920E-02  -1.3343E-02  -3.6561E-03  -5.0627E-03   1.6261E-02
  -5.3585E-03  -4.0596E-02  -6.8976E-03  -7.5756E-03  -4.8966E-03   7.2311E-03
  -6.5026E-03  -1.7247E-02  -1.6942E-02  -1.6477E-02  -1.7425E-02   3.7564E-02
  -1.6383E-02  -8.4746E-02  -3.8234E-02  -7.5874E-02  -4.7354E-02   9.4818E-05
  -6.1215E-02  -3.3324E-02  -4.4352E-02  -1.0721E-03   3.3831E-02   1.9183E-02
  -7.0026E-02  -5.1554E-02   2.4554E-02   5.2490E-04  -1.0978E-02  -7.2558E-03
  -3.9800E-03   9.6395E-03  -1.0822E-02  -3.4721E-02  -9.2475E-03  -8.9603E-03
   5.9093E-04  -1.8319E-03  -9.1444E-03  -1.2880E-03  -1.6468E-03  -1.7827E-03
  -3.3461E-03   2.5669E-02
  > E    =  -5.359880525726E+02 +/-   1.708630858114E-04
  > varE =   2.922222051931E-03
* Computing derivatives.
    [walltime: 1m21s elapsed, 2h30m remaining]
    [walltime: 1h elapsed, 1h31m remaining]
  Done. [total walltime: 2h31m]
* Optimizing manipulation constant:
  #igrid a___________ E____________________________________ varE____________
     1     Infinity    -5.35988053E+02 +/-   1.70863086E-04   2.92222205E-03
     2     1.0000E+06  -5.35988053E+02 +/-   1.70863027E-04   2.92222005E-03
     3     2.1544E+05  -5.35988053E+02 +/-   1.70862814E-04   2.92221277E-03
     4     4.6416E+04  -5.35988053E+02 +/-   1.70861831E-04   2.92217914E-03
     5     1.0000E+04  -5.35988053E+02 +/-   1.70857369E-04   2.92202651E-03
     6     2.1544E+03  -5.35988054E+02 +/-   1.70838849E-04   2.92139306E-03
     7     4.6416E+02  -5.35988058E+02 +/-   1.70799886E-04   2.92006067E-03
     8     1.0000E+02  -5.35988013E+02 +/-   1.71639532E-04   2.94884107E-03
     9     2.1544E+01  -5.35985979E+02 +/-   2.06472994E-04   4.26720232E-03
    10     4.6416E+00  -5.35827216E+02 +/-   1.11547996E-03   1.24549006E-01
    11     1.0000E+00  -5.34483064E+02 +/-   2.81095025E-03   7.90902669E-01
    12     2.1544E-01  -5.34388602E+02 +/-   2.85048161E-03   8.13304565E-01
    13     4.6416E-02  -5.34302696E+02 +/-   2.87732279E-03   8.28693426E-01
    14     1.0000E-02  -5.34292635E+02 +/-   2.87749639E-03   8.28793425E-01
    15     2.1544E-03  -5.34292499E+02 +/-   2.87675657E-03   8.28367305E-01
    16     4.6416E-04  -5.34292485E+02 +/-   2.87658440E-03   8.28268157E-01
    17     1.0000E-04  -5.34292483E+02 +/-   2.87654679E-03   8.28246497E-01
    18     2.1544E-05  -5.34292482E+02 +/-   2.87653866E-03   8.28241817E-01
    19     4.6416E-06  -5.34292482E+02 +/-   2.87653691E-03   8.28240808E-01
    20     1.0000E-06  -5.34292482E+02 +/-   2.87653653E-03   8.28240591E-01
    21     0.0000E+00  -5.34292482E+02 +/-   2.87653643E-03   8.28240531E-01
  ParMin   8.9024E+02  -5.35988056E+02 +/-   1.70814471E-04   2.92055940E-03
  # Using grid point #7
* Iteration # 1: E =  -5.359880582396E+02 +/-   1.707998859181E-04
* Convergence: exiting.
* After optimization:
   8.3827E+00   7.3004E+00   8.6186E+00   8.6240E+00  -1.1137E+00  -1.2079E+00
  -1.0770E+00   1.2793E+00  -9.0717E-01  -9.1734E-01  -2.4630E+00  -2.4843E+00
  -2.6957E+00  -2.7022E+00  -1.0875E+00  -4.1978E+00  -1.5151E+00  -2.8639E-01
  -2.8916E-01  -2.7725E+00  -2.7708E+00  -1.2097E+00  -1.2046E+00  -1.5689E-01
  -1.6751E-01  -1.4040E+00  -1.5246E+00  -1.5220E+00  -2.9149E+00  -2.9165E+00
  -3.2507E+00  -3.2516E+00  -4.5121E-01  -4.4818E-01  -4.9194E+00  -4.8756E+00
  -8.1838E-01  -8.1851E-01  -7.9752E-01  -7.9957E-01  -3.8704E-01  -3.8109E-01
  -3.8643E-01  -3.8063E-01  -2.4498E+00  -2.4488E+00  -3.9378E-03  -2.4632E+00
  -2.4623E+00  -3.1906E+00  -3.1909E+00  -3.1902E+00  -3.1912E+00  -3.1905E+00
  -3.1907E+00  -3.1903E+00  -3.1910E+00   1.6677E+01  -1.5721E+01   1.2458E+01
  -1.1400E+01  -7.4514E-01  -5.8468E-01   1.1590E+01  -1.0742E+01   2.3374E+01
  -2.0943E+01   2.2744E+01  -2.0034E+01   1.0880E+01  -9.8026E+00   3.4461E+01
  -3.0281E+01   1.2701E+01  -1.1191E+01   6.0714E+00  -5.7965E+00   2.3542E+01
  -2.0759E+01   1.1754E+01  -1.0537E+01   6.0428E+00  -5.8486E+00   1.2673E+01
  -1.1247E+01   1.6933E+01  -1.5380E+01   2.2833E+01  -1.9923E+01   2.3813E+01
  -2.0559E+01   5.3940E+00  -4.9389E+00   3.4887E+01  -2.9969E+01   3.4868E+01
  -2.9992E+01   6.3795E+00  -5.5632E+00   6.3734E+00  -5.5713E+00   5.3534E+00
  -4.9820E+00   5.3530E+00  -4.9813E+00   1.7438E+01  -1.4989E+01   1.7686E-03
   1.8494E-03   1.7447E+01  -1.4983E+01   2.3780E+01  -2.0595E+01   2.3781E+01
  -2.0595E+01   2.3781E+01  -2.0595E+01   2.3781E+01  -2.0595E+01  -1.6601E-01
  -1.0103E-01   8.8828E-02   6.9265E-01   1.2029E+00   5.5520E-01   5.8473E-01
  -1.0047E-01  -1.5411E-01  -2.3853E-01  -1.1574E-01  -1.2613E-01   2.6836E-03
  -5.5254E-02  -1.6381E-02  -2.4549E-02  -1.8997E-02   6.3926E-03   1.5394E-03
  -1.7150E-02  -5.2570E-02   2.0636E-02  -9.4816E-03  -1.1322E-02  -9.0886E-03
   7.2348E-03   1.4851E-02   9.7451E-03  -1.7572E-02  -1.6325E-02  -1.6144E-02
  -4.6086E-03   3.3478E-02  -1.6942E-02  -1.2932E-02  -1.2599E-02  -1.3227E-02
  -1.2550E-02   2.3362E-02   5.8171E-02  -8.6710E-02  -3.4508E-02  -5.1686E-02
  -3.9990E-02   2.7721E-02  -4.2537E-02  -2.2989E-02  -2.9202E-02  -5.7686E-03
   2.0929E-02   1.7318E-02  -5.5468E-02  -3.4845E-02   3.6352E-02  -3.9556E-05
  -1.0303E-02  -1.0162E-02   7.2516E-03   1.1129E-02   2.9510E-03  -1.0481E-02
  -1.5056E-02  -1.5448E-02   5.9874E-04   2.1848E-02  -1.9792E-02  -2.1460E-03
  -2.8115E-03  -2.9978E-03  -2.9269E-03   1.2993E-02  -4.2198E-02  -1.3279E-01
  -1.2655E-01  -8.9884E-02  -1.1897E-01  -4.0596E-02  -8.3227E-02  -1.7207E-02
  -3.0653E-02  -7.3826E-03   1.2289E-02  -7.3376E-04  -2.3305E-02  -7.0418E-02
   2.4682E-04  -1.5890E-02  -1.3320E-02  -3.6425E-03  -5.0395E-03   1.6246E-02
  -5.3319E-03  -4.0590E-02  -6.9452E-03  -7.6204E-03  -4.8640E-03   7.2529E-03
  -6.4794E-03  -1.7255E-02  -1.6952E-02  -1.6487E-02  -1.7431E-02   3.7556E-02
  -1.6478E-02  -8.4829E-02  -3.8311E-02  -7.5923E-02  -4.7402E-02   8.7408E-05
  -6.1229E-02  -3.3294E-02  -4.4352E-02  -1.0561E-03   3.3834E-02   1.9198E-02
  -7.0018E-02  -5.1524E-02   2.4533E-02   5.2724E-04  -1.0974E-02  -7.2454E-03
  -3.9574E-03   9.6235E-03  -1.0815E-02  -3.4714E-02  -9.2639E-03  -8.9777E-03
   6.0810E-04  -1.8139E-03  -9.1216E-03  -1.2946E-03  -1.6529E-03  -1.7897E-03
  -3.3514E-03   2.5674E-02
  > Energy =  -5.359880582396E+02 +/-   1.707998859181E-04
  > varE =   2.920060672663E-03

VMC #2:
* Size of Hilbert space =   1.1779E+07
* Number of equil. steps   = 1000
* Running VMC equilibration.
  Done. [total walltime: 0.18s]
* Equil. acc.ratio (%)     =  15.7320
* Sample config after equilibration:
  +-------------+
  |  2       2  |
  |      2      |
  |    0   0    |
  |u           0|
  |d           u|
  |    d   2    |
  |      u      |
  |  0       d  |
  +-------------+
* Number of accum. steps   = 500480 x 10
* Running VMC accumulation.
    [walltime: 1m elapsed, 2m12s remaining]
  Done. [total walltime: 3m13s]
* Acceptance ratio (%)     =  15.7418
* Etot/t                   =  -5.359879374719E+02 +/-   7.526197965840E-05
  > Ttot/t                 =  -3.896366828960E+01 +/-   7.110017210232E-04
  > Utot/t                 =   1.644236435573E+01 +/-   6.876994010142E-04
* var[Eloc/t]              =   2.978982325708E-03 +/-   5.642624086418E-05
* Correlation length       =   9.516342752576E-01
* log10 Psi^2 range: -30.81195142321856 -- -22.83456161665144
* log10 Pgen range : -30.81195142321856 -- -22.83456161665144
* Site occupation (ave. no. electrons per config.):
  > Site_  ___eu____  ___ed____
      1        0.499      0.497
      2        0.498      0.500
      3        0.498      0.499
      4        0.501      0.503
      5        0.503      0.501
      6        0.500      0.498
      7        0.501      0.502
      8        0.500      0.501
      9        0.498      0.499
     10        0.502      0.502
     11        0.500      0.496
     12        0.498      0.501
     13        0.497      0.499
     14        0.505      0.502
* Pair-correlation analysis (ave. no. pairs per config.):
  > Shell  nsite  ___dh____  __eueu___  __eued___
      0      1        0          0          2.298
      1      1        0.815      0.645      2.565
      2      1        0.267      0.674      1.096
      3      1        0.244      0.680      1.102
      4      1        0.610      1.117      2.331
      5      1        0.490      1.413      2.192
      6      1        0.213      2.119      1.883
      7      1        0.058      0.416      0.577
      8      1        0.127      0.863      1.114
      9      1        0.138      0.917      1.052
     10      1        0.251      1.834      2.105
     11      1        0.224      2.098      1.921
     12      1        0.220      2.125      1.887
     13      1        0.224      2.123      1.866
     14      1        0.125      1.050      0.942
     15      1        0.202      2.158      1.865
     16      1        0.197      1.926      2.110
     17      1        0.227      2.050      1.953
     18      1        0.201      2.079      1.918
     19      1        0.102      0.984      1.032
     20      1        0.104      1.030      0.982
     21      1        0.230      1.907      2.059
     22      1        0.228      2.036      1.937
     23      1        0.103      0.924      1.069
     24      1        0.104      0.923      1.070
     25      1        0.202      1.959      2.049
     26      1        0.101      0.966      1.025
     27      1        0.204      2.044      1.960
     28      1        0.057      0.483      0.518
     29      1        0.058      0.481      0.514
     30      1        0.058      0.484      0.519
     31      1        0.058      0.482      0.514
     32      1        0.104      1.007      0.976

Optimization #2:
* Method          : lls
* Target function : energy
* No. of configs. : 100096
* No. of params.  : 254
* Before optimization:
   8.3827E+00   7.3004E+00   8.6186E+00   8.6240E+00  -1.1137E+00  -1.2079E+00
  -1.0770E+00   1.2793E+00  -9.0717E-01  -9.1734E-01  -2.4630E+00  -2.4843E+00
  -2.6957E+00  -2.7022E+00  -1.0875E+00  -4.1978E+00  -1.5151E+00  -2.8639E-01
  -2.8916E-01  -2.7725E+00  -2.7708E+00  -1.2097E+00  -1.2046E+00  -1.5689E-01
  -1.6751E-01  -1.4040E+00  -1.5246E+00  -1.5220E+00  -2.9149E+00  -2.9165E+00
  -3.2507E+00  -3.2516E+00  -4.5121E-01  -4.4818E-01  -4.9194E+00  -4.8756E+00
  -8.1838E-01  -8.1851E-01  -7.9752E-01  -7.9957E-01  -3.8704E-01  -3.8109E-01
  -3.8643E-01  -3.8063E-01  -2.4498E+00  -2.4488E+00  -3.9378E-03  -2.4632E+00
  -2.4623E+00  -3.1906E+00  -3.1909E+00  -3.1902E+00  -3.1912E+00  -3.1905E+00
  -3.1907E+00  -3.1903E+00  -3.1910E+00   1.6677E+01  -1.5721E+01   1.2458E+01
  -1.1400E+01  -7.4514E-01  -5.8468E-01   1.1590E+01  -1.0742E+01   2.3374E+01
  -2.0943E+01   2.2744E+01  -2.0034E+01   1.0880E+01  -9.8026E+00   3.4461E+01
  -3.0281E+01   1.2701E+01  -1.1191E+01   6.0714E+00  -5.7965E+00   2.3542E+01
  -2.0759E+01   1.1754E+01  -1.0537E+01   6.0428E+00  -5.8486E+00   1.2673E+01
  -1.1247E+01   1.6933E+01  -1.5380E+01   2.2833E+01  -1.9923E+01   2.3813E+01
  -2.0559E+01   5.3940E+00  -4.9389E+00   3.4887E+01  -2.9969E+01   3.4868E+01
  -2.9992E+01   6.3795E+00  -5.5632E+00   6.3734E+00  -5.5713E+00   5.3534E+00
  -4.9820E+00   5.3530E+00  -4.9813E+00   1.7438E+01  -1.4989E+01   1.7686E-03
   1.8494E-03   1.7447E+01  -1.4983E+01   2.3780E+01  -2.0595E+01   2.3781E+01
  -2.0595E+01   2.3781E+01  -2.0595E+01   2.3781E+01  -2.0595E+01  -1.6601E-01
  -1.0103E-01   8.8828E-02   6.9265E-01   1.2029E+00   5.5520E-01   5.8473E-01
  -1.0047E-01  -1.5411E-01  -2.3853E-01  -1.1574E-01  -1.2613E-01   2.6836E-03
  -5.5254E-02  -1.6381E-02  -2.4549E-02  -1.8997E-02   6.3926E-03   1.5394E-03
  -1.7150E-02  -5.2570E-02   2.0636E-02  -9.4816E-03  -1.1322E-02  -9.0886E-03
   7.2348E-03   1.4851E-02   9.7451E-03  -1.7572E-02  -1.6325E-02  -1.6144E-02
  -4.6086E-03   3.3478E-02  -1.6942E-02  -1.2932E-02  -1.2599E-02  -1.3227E-02
  -1.2550E-02   2.3362E-02   5.8171E-02  -8.6710E-02  -3.4508E-02  -5.1686E-02
  -3.9990E-02   2.7721E-02  -4.2537E-02  -2.2989E-02  -2.9202E-02  -5.7686E-03
   2.0929E-02   1.7318E-02  -5.5468E-02  -3.4845E-02   3.6352E-02  -3.9556E-05
  -1.0303E-02  -1.0162E-02   7.2516E-03   1.1129E-02   2.9510E-03  -1.0481E-02
  -1.5056E-02  -1.5448E-02   5.9874E-04   2.1848E-02  -1.9792E-02  -2.1460E-03
  -2.8115E-03  -2.9978E-03  -2.9269E-03   1.2993E-02  -4.2198E-02  -1.3279E-01
  -1.2655E-01  -8.9884E-02  -1.1897E-01  -4.0596E-02  -8.3227E-02  -1.7207E-02
  -3.0653E-02  -7.3826E-03   1.2289E-02  -7.3376E-04  -2.3305E-02  -7.0418E-02
   2.4682E-04  -1.5890E-02  -1.3320E-02  -3.6425E-03  -5.0395E-03   1.6246E-02
  -5.3319E-03  -4.0590E-02  -6.9452E-03  -7.6204E-03  -4.8640E-03   7.2529E-03
  -6.4794E-03  -1.7255E-02  -1.6952E-02  -1.6487E-02  -1.7431E-02   3.7556E-02
  -1.6478E-02  -8.4829E-02  -3.8311E-02  -7.5923E-02  -4.7402E-02   8.7408E-05
  -6.1229E-02  -3.3294E-02  -4.4352E-02  -1.0561E-03   3.3834E-02   1.9198E-02
  -7.0018E-02  -5.1524E-02   2.4533E-02   5.2724E-04  -1.0974E-02  -7.2454E-03
  -3.9574E-03   9.6235E-03  -1.0815E-02  -3.4714E-02  -9.2639E-03  -8.9777E-03
   6.0810E-04  -1.8139E-03  -9.1216E-03  -1.2946E-03  -1.6529E-03  -1.7897E-03
  -3.3514E-03   2.5674E-02
  > E    =  -5.359880690847E+02 +/-   1.712323431851E-04
  > varE =   2.934866304739E-03
* Computing derivatives.
    [walltime: 1m21s elapsed, 2h30m remaining]
    [walltime: 1h elapsed, 1h31m remaining]
  Done. [total walltime: 2h31m]
* Optimizing manipulation constant:
  #igrid a___________ E____________________________________ varE____________
     1     Infinity    -5.35988069E+02 +/-   1.71232343E-04   2.93486630E-03
     2     1.0000E+06  -5.35988069E+02 +/-   1.71232285E-04   2.93486431E-03
     3     2.1544E+05  -5.35988069E+02 +/-   1.71232074E-04   2.93485707E-03
     4     4.6416E+04  -5.35988069E+02 +/-   1.71231092E-04   2.93482343E-03
     5     1.0000E+04  -5.35988070E+02 +/-   1.71226538E-04   2.93466732E-03
     6     2.1544E+03  -5.35988071E+02 +/-   1.71205419E-04   2.93394342E-03
     7     4.6416E+02  -5.35988078E+02 +/-   1.71107777E-04   2.93059780E-03
     8     1.0000E+02  -5.35988112E+02 +/-   1.70662499E-04   2.91536491E-03
     9     2.1544E+01  -5.35988259E+02 +/-   1.68732101E-04   2.84978537E-03
    10     4.6416E+00  -5.35988849E+02 +/-   1.61669146E-04   2.61620043E-03
    11     1.0000E+00  -5.35824324E+02 +/-   1.13874094E-03   1.29797578E-01
    12     2.1544E-01  -5.34294959E+02 +/-   2.88343666E-03   8.32218862E-01
    13     4.6416E-02  -5.34303185E+02 +/-   2.77928844E-03   7.73185972E-01
    14     1.0000E-02  -5.34298335E+02 +/-   2.83612456E-03   8.05132435E-01
    15     2.1544E-03  -5.34337337E+02 +/-   5.02486516E-05   2.52735092E-04
    16     4.6416E-04  -5.34337334E+02 +/-   5.09769635E-05   2.60114551E-04
    17     1.0000E-04  -5.34337333E+02 +/-   5.11799556E-05   2.62190247E-04
    18     2.1544E-05  -5.34337333E+02 +/-   5.12263611E-05   2.62665925E-04
    19     4.6416E-06  -5.34337333E+02 +/-   5.12364894E-05   2.62769802E-04
    20     1.0000E-06  -5.34337333E+02 +/-   5.12386777E-05   2.62792248E-04
    21     0.0000E+00  -5.34337333E+02 +/-   5.12392790E-05   2.62798416E-04
  ParMin   9.9444E+00  -5.35988464E+02 +/-   1.66129193E-04   2.76254036E-03
  # Using grid point #10
* Iteration # 1: E =  -5.359888486534E+02 +/-   1.616691464179E-04
* Computing derivatives.
    [walltime: 1m21s elapsed, 2h31m remaining]
    [walltime: 1h elapsed, 1h31m remaining]
  Done. [total walltime: 2h31m]
* Optimizing manipulation constant:
  #igrid a___________ E____________________________________ varE____________
     1     Infinity    -5.35988849E+02 +/-   1.61669146E-04   2.61620043E-03
     2     1.0000E+06  -5.35988849E+02 +/-   1.61669094E-04   2.61619875E-03
     3     2.1544E+05  -5.35988849E+02 +/-   1.61668904E-04   2.61619260E-03
     4     4.6416E+04  -5.35988849E+02 +/-   1.61668023E-04   2.61616406E-03
     5     1.0000E+04  -5.35988849E+02 +/-   1.61663931E-04   2.61603163E-03
     6     2.1544E+03  -5.35988850E+02 +/-   1.61644953E-04   2.61541746E-03
     7     4.6416E+02  -5.35988857E+02 +/-   1.61557174E-04   2.61257772E-03
     8     1.0000E+02  -5.35988885E+02 +/-   1.61156311E-04   2.59962889E-03
     9     2.1544E+01  -5.35989008E+02 +/-   1.59427345E-04   2.54414787E-03
    10     4.6416E+00  -5.35989442E+02 +/-   1.53624202E-04   2.36230517E-03
    11     1.0000E+00  -5.35989999E+02 +/-   1.52906930E-04   2.34029744E-03
    12     2.1544E-01  -5.35989130E+02 +/-   1.90601939E-04   3.63639749E-03
    13     4.6416E-02  -5.35989075E+02 +/-   2.02413708E-04   4.10106414E-03
    14     1.0000E-02  -5.35989311E+02 +/-   2.00959173E-04   4.04233583E-03
    15     2.1544E-03  -5.35989386E+02 +/-   2.00204893E-04   4.01204781E-03
    16     4.6416E-04  -5.35989403E+02 +/-   2.00017627E-04   4.00454580E-03
    17     1.0000E-04  -5.35989407E+02 +/-   1.99976086E-04   4.00288256E-03
    18     2.1544E-05  -5.35989408E+02 +/-   1.99967080E-04   4.00252203E-03
    19     4.6416E-06  -5.35989408E+02 +/-   1.99965137E-04   4.00244425E-03
    20     1.0000E-06  -5.35989408E+02 +/-   1.99964718E-04   4.00242749E-03
    21     0.0000E+00  -5.35989408E+02 +/-   1.99964603E-04   4.00242289E-03
  ParMin   1.2343E+00  -5.35989988E+02 +/-   1.50754235E-04   2.27486572E-03
  # Using grid point #11
* Iteration # 2: E =  -5.359899990218E+02 +/-   1.529069295530E-04
* Computing derivatives.
    [walltime: 1m21s elapsed, 2h31m remaining]
    [walltime: 1h elapsed, 1h31m remaining]
  Done. [total walltime: 2h31m]
* Optimizing manipulation constant:
  #igrid a___________ E____________________________________ varE____________
     1     Infinity    -5.35989999E+02 +/-   1.52906930E-04   2.34029744E-03
     2     1.0000E+06  -5.35989999E+02 +/-   1.52906873E-04   2.34029570E-03
     3     2.1544E+05  -5.35989999E+02 +/-   1.52906665E-04   2.34028935E-03
     4     4.6416E+04  -5.35989999E+02 +/-   1.52905703E-04   2.34025988E-03
     5     1.0000E+04  -5.35989999E+02 +/-   1.52901235E-04   2.34012314E-03
     6     2.1544E+03  -5.35990001E+02 +/-   1.52880516E-04   2.33948898E-03
     7     4.6416E+02  -5.35990006E+02 +/-   1.52784695E-04   2.33655725E-03
     8     1.0000E+02  -5.35990031E+02 +/-   1.52347300E-04   2.32319812E-03
     9     2.1544E+01  -5.35990139E+02 +/-   1.50462910E-04   2.26608209E-03
    10     4.6416E+00  -5.35990533E+02 +/-   1.43938176E-04   2.07380880E-03
    11     1.0000E+00  -5.35991463E+02 +/-   1.31143235E-04   1.72150588E-03
    12     2.1544E-01  -5.35991526E+02 +/-   1.47738218E-04   2.18475347E-03
    13     4.6416E-02  -5.35988206E+02 +/-   2.12435428E-04   4.51721349E-03
    14     1.0000E-02  -5.35986051E+02 +/-   2.41961134E-04   5.86013936E-03
    15     2.1544E-03  -5.35985440E+02 +/-   2.49469104E-04   6.22945790E-03
    16     4.6416E-04  -5.35985300E+02 +/-   2.51144872E-04   6.31342976E-03
    17     1.0000E-04  -5.35985270E+02 +/-   2.51508656E-04   6.33173303E-03
    18     2.1544E-05  -5.35985263E+02 +/-   2.51587159E-04   6.33568627E-03
    19     4.6416E-06  -5.35985262E+02 +/-   2.51604078E-04   6.33653843E-03
    20     1.0000E-06  -5.35985262E+02 +/-   2.51607723E-04   6.33672205E-03
    21     0.0000E+00  -5.35985261E+02 +/-   2.51608724E-04   6.33677247E-03
  ParMin   4.6146E-01  -5.35991892E+02 +/-   1.29912021E-04   1.68933352E-03
  # Using parabolic minimum
* Iteration # 3: E =  -5.359918924433E+02 +/-   1.299120208868E-04
* Computing derivatives.
    [walltime: 1m21s elapsed, 2h31m remaining]
    [walltime: 1h elapsed, 1h31m remaining]
  Done. [total walltime: 2h32m]
* Optimizing manipulation constant:
  #igrid a___________ E____________________________________ varE____________
     1     Infinity    -5.35991892E+02 +/-   1.29912021E-04   1.68933352E-03
     2     1.0000E+06  -5.35991892E+02 +/-   1.29911969E-04   1.68933217E-03
     3     2.1544E+05  -5.35991892E+02 +/-   1.29911780E-04   1.68932725E-03
     4     4.6416E+04  -5.35991892E+02 +/-   1.29910901E-04   1.68930439E-03
     5     1.0000E+04  -5.35991893E+02 +/-   1.29906822E-04   1.68919833E-03
     6     2.1544E+03  -5.35991893E+02 +/-   1.29887904E-04   1.68870637E-03
     7     4.6416E+02  -5.35991897E+02 +/-   1.29800346E-04   1.68643040E-03
     8     1.0000E+02  -5.35991913E+02 +/-   1.29399304E-04   1.67602544E-03
     9     2.1544E+01  -5.35991985E+02 +/-   1.27645980E-04   1.63091379E-03
    10     4.6416E+00  -5.35992246E+02 +/-   1.21276564E-04   1.47221246E-03
    11     1.0000E+00  -5.35992835E+02 +/-   1.07582472E-04   1.15850994E-03
    12     2.1544E-01  -5.35993488E+02 +/-   9.40705800E-05   8.85776933E-04
    13     4.6416E-02  -5.35993806E+02 +/-   8.71380992E-05   7.60033765E-04
    14     1.0000E-02  -5.35993874E+02 +/-   8.53554195E-05   7.29254177E-04
    15     2.1544E-03  -5.35993886E+02 +/-   8.49943196E-05   7.23096943E-04
    16     4.6416E-04  -5.35993889E+02 +/-   8.49189009E-05   7.21814250E-04
    17     1.0000E-04  -5.35993889E+02 +/-   8.49027813E-05   7.21540242E-04
    18     2.1544E-05  -5.35993889E+02 +/-   8.48993147E-05   7.21481321E-04
    19     4.6416E-06  -5.35993889E+02 +/-   8.48985681E-05   7.21468632E-04
    20     1.0000E-06  -5.35993889E+02 +/-   8.48984072E-05   7.21465898E-04
    21     0.0000E+00  -5.35993889E+02 +/-   8.48983631E-05   7.21465148E-04
* Iteration # 4: E =  -5.359938893849E+02 +/-   8.489836307706E-05
* Computing derivatives.
    [walltime: 1m22s elapsed, 2h31m remaining]
    [walltime: 1h elapsed, 1h31m remaining]
  Done. [total walltime: 2h32m]
* Optimizing manipulation constant:
  #igrid a___________ E____________________________________ varE____________
     1     Infinity    -5.35993889E+02 +/-   8.48983631E-05   7.21465148E-04
     2     1.0000E+06  -5.35993889E+02 +/-   8.48983425E-05   7.21464797E-04
     3     2.1544E+05  -5.35993889E+02 +/-   8.48982674E-05   7.21463522E-04
     4     4.6416E+04  -5.35993889E+02 +/-   8.48979193E-05   7.21457606E-04
     5     1.0000E+04  -5.35993889E+02 +/-   8.48963064E-05   7.21430194E-04
     6     2.1544E+03  -5.35993890E+02 +/-   8.48888834E-05   7.21304041E-04
     7     4.6416E+02  -5.35993890E+02 +/-   8.48557880E-05   7.20741725E-04
     8     1.0000E+02  -5.35993892E+02 +/-   8.47309822E-05   7.18623151E-04
     9     2.1544E+01  -5.35993891E+02 +/-   8.47352209E-05   7.18695052E-04
    10     4.6416E+00  -5.35993622E+02 +/-   9.65914182E-05   9.33885878E-04
    11     1.0000E+00  -5.35978182E+02 +/-   3.68042557E-04   1.35585361E-02
    12     2.1544E-01  -5.35577883E+02 +/-   1.76339597E-03   3.11255054E-01
    13     4.6416E-02  -5.34590896E+02 +/-   2.79460769E-03   7.81732961E-01
    14     1.0000E-02  -5.34332003E+02 +/-   2.89946042E-03   8.41494132E-01
    15     2.1544E-03  -5.34306708E+02 +/-   2.90702421E-03   8.45890252E-01
    16     4.6416E-04  -5.34303885E+02 +/-   2.90781737E-03   8.46351904E-01
    17     1.0000E-04  -5.34303417E+02 +/-   2.90794595E-03   8.46426753E-01
    18     2.1544E-05  -5.34303323E+02 +/-   2.90797164E-03   8.46441709E-01
    19     4.6416E-06  -5.34303303E+02 +/-   2.90797708E-03   8.46444877E-01
    20     1.0000E-06  -5.34303299E+02 +/-   2.90797825E-03   8.46445557E-01
    21     0.0000E+00  -5.34303297E+02 +/-   2.90797857E-03   8.46445744E-01
* Iteration # 5: E =  -5.359938924574E+02 +/-   8.473098222152E-05
* Reached maximum number of iterations: exiting.
* After optimization:
   7.7928E+00   7.2700E+00   7.9528E+00   7.8717E+00  -1.2983E+00  -1.3461E+00
  -6.5666E-01   1.1344E+00  -7.5549E-01  -7.6021E-01  -2.3329E+00  -2.3409E+00
  -2.7876E+00  -2.7933E+00  -1.1733E+00  -4.2784E+00  -1.0561E+00  -1.3787E-01
  -1.3799E-01  -2.5958E+00  -2.5946E+00  -1.0404E+00  -1.0363E+00  -2.2421E-02
  -2.8674E-02  -9.5361E-01  -1.6323E+00  -1.6283E+00  -2.9813E+00  -2.9814E+00
  -3.0093E+00  -3.0097E+00  -5.3554E-01  -5.3238E-01  -4.8946E+00  -4.8651E+00
  -5.9034E-01  -5.8986E-01  -5.7483E-01  -5.7673E-01  -4.8779E-01  -4.8452E-01
  -4.8835E-01  -4.8560E-01  -2.4447E+00  -2.4430E+00   3.9368E-04  -2.4508E+00
  -2.4493E+00  -2.9617E+00  -2.9619E+00  -2.9610E+00  -2.9615E+00  -2.9615E+00
  -2.9624E+00  -2.9630E+00  -2.9616E+00   1.6634E+01  -1.5449E+01   9.0106E+00
  -8.3717E+00  -7.4584E-01  -4.3197E-01   1.0029E+01  -9.3040E+00   2.1574E+01
  -1.9271E+01   2.2809E+01  -2.0008E+01   1.1187E+01  -1.0020E+01   3.4279E+01
  -3.0016E+01   9.2439E+00  -8.1895E+00   4.3431E+00  -4.2118E+00   2.1721E+01
  -1.9117E+01   1.0189E+01  -9.1419E+00   4.3075E+00  -4.2609E+00   9.2052E+00
  -8.2389E+00   1.6829E+01  -1.5179E+01   2.2904E+01  -1.9925E+01   2.1993E+01
  -1.8981E+01   5.5477E+00  -5.0100E+00   3.4708E+01  -2.9812E+01   3.4687E+01
  -2.9820E+01   4.6490E+00  -4.0590E+00   4.6400E+00  -4.0611E+00   5.5127E+00
  -5.0309E+00   5.5124E+00  -5.0313E+00   1.7347E+01  -1.4904E+01   4.2825E-03
  -2.4670E-03   1.7356E+01  -1.4905E+01   2.1961E+01  -1.9001E+01   2.1961E+01
  -1.9001E+01   2.1961E+01  -1.9001E+01   2.1961E+01  -1.9001E+01  -1.2271E-01
  -1.0209E-01   7.2346E-02   8.8119E-01   1.2631E+00   7.6822E-01   8.4030E-01
  -3.1372E-01  -3.1414E-01  -4.1213E-01  -1.9349E-01  -2.5237E-01  -1.9396E-03
  -8.6386E-02   1.7864E-02   4.8047E-03   2.8389E-02   1.1237E-02   3.8240E-04
   2.3650E-03  -3.6680E-02   4.2537E-02   2.3036E-02  -1.0048E-02  -1.0066E-02
   4.3153E-02   2.4832E-02   4.9817E-02   7.7798E-03  -6.6330E-02  -6.8420E-02
   3.5030E-03   1.5050E-01  -1.4225E-02  -4.6573E-02  -4.7860E-02  -4.5727E-02
  -4.7213E-02   1.5964E-02  -8.5774E-02  -2.1459E-01  -1.3337E-01  -1.2451E-01
  -1.2276E-01   4.6566E-02  -8.6179E-02   2.1394E-02  -2.4617E-02   3.4613E-02
   2.1889E-02   2.9982E-02  -2.9329E-02   1.2691E-02   6.0850E-02   1.9558E-02
  -1.2505E-02  -1.4609E-02   3.8646E-02   1.6845E-02   3.5164E-02   4.7571E-03
  -4.6691E-02  -4.6354E-02   1.4696E-02   1.0197E-01  -3.3290E-02  -1.9595E-02
  -2.0706E-02  -2.1222E-02  -1.9169E-02  -9.4544E-03  -2.2805E-01  -2.5351E-01
  -2.6474E-01  -1.5339E-01  -2.1224E-01  -6.3228E-02  -1.2363E-01   3.2065E-02
  -2.1766E-02   2.8361E-02   1.7808E-02  -1.3914E-02  -2.5162E-02  -6.3086E-02
  -1.3949E-02   1.4204E-02  -6.3037E-03   4.7284E-03   1.0013E-02   3.8186E-03
   2.2196E-02  -1.9732E-02  -4.4894E-02  -4.5149E-02  -7.5718E-04   5.9247E-02
   2.9580E-02  -4.5295E-02  -4.6537E-02  -4.3764E-02  -4.7056E-02   4.8475E-02
  -1.6884E-01  -1.9071E-01  -1.3101E-01  -1.2927E-01  -1.3054E-01  -7.6110E-03
  -1.1885E-01   3.1369E-02  -5.7906E-02   2.2396E-02   2.6757E-02   1.6698E-02
  -4.8914E-02  -1.3595E-02   1.6063E-02   5.9330E-03  -8.6100E-03  -1.5907E-03
   3.9868E-03  -4.4414E-03   1.0693E-02  -2.2438E-02  -1.9761E-02  -2.0060E-02
   1.1914E-02   1.4490E-02   1.1112E-02  -1.7076E-02  -1.6485E-02  -1.5287E-02
  -1.5696E-02   2.1005E-02
  > Energy =  -5.359938924574E+02 +/-   8.473098222152E-05
  > varE =   7.186231513997E-04

VMC #3:
* Size of Hilbert space =   1.1779E+07
* Number of equil. steps   = 1000
* Running VMC equilibration.
  Done. [total walltime: 0.18s]
* Equil. acc.ratio (%)     =  17.6555
* Sample config after equilibration:
  +-------------+
  |  d       d  |
  |      d      |
  |    u   u    |
  |u           u|
  |2           d|
  |    d   d    |
  |      u      |
  |  0       u  |
  +-------------+
* Number of accum. steps   = 500480 x 10
* Running VMC accumulation.
    [walltime: 1m elapsed, 2m13s remaining]
  Done. [total walltime: 3m13s]
* Acceptance ratio (%)     =  17.5739
* Etot/t                   =  -5.359938324029E+02 +/-   3.948807278602E-05
  > Ttot/t                 =  -3.898653984044E+01 +/-   6.889215361888E-04
  > Utot/t                 =   1.645934097550E+01 +/-   6.769231005040E-04
* var[Eloc/t]              =   7.770881383148E-04 +/-   5.860794776667E-06
* Correlation length       =   1.004264993232E+00
* log10 Psi^2 range: -26.32645989601839 -- -18.31240244050247
* log10 Pgen range : -26.32645989601839 -- -18.31240244050247
* Site occupation (ave. no. electrons per config.):
  > Site_  ___eu____  ___ed____
      1        0.501      0.500
      2        0.500      0.503
      3        0.502      0.502
      4        0.505      0.502
      5        0.496      0.499
      6        0.497      0.497
      7        0.503      0.503
      8        0.500      0.498
      9        0.498      0.496
     10        0.499      0.500
     11        0.494      0.500
     12        0.506      0.500
     13        0.503      0.503
     14        0.497      0.499
* Pair-correlation analysis (ave. no. pairs per config.):
  > Shell  nsite  ___dh____  __eueu___  __eued___
      0      1        0          0          2.384
      1      1        0.857      0.603      2.565
      2      1        0.287      0.658      1.091
      3      1        0.251      0.705      1.101
      4      1        0.648      1.099      2.321
      5      1        0.487      1.444      2.141
      6      1        0.226      2.079      1.915
      7      1        0.069      0.418      0.571
      8      1        0.136      0.843      1.098
      9      1        0.152      0.911      1.045
     10      1        0.272      1.850      2.103
     11      1        0.236      2.079      1.907
     12      1        0.237      2.141      1.888
     13      1        0.235      2.122      1.904
     14      1        0.134      1.051      0.944
     15      1        0.212      2.162      1.870
     16      1        0.214      1.949      2.066
     17      1        0.243      2.026      1.943
     18      1        0.222      2.083      1.954
     19      1        0.106      0.984      1.005
     20      1        0.107      1.005      0.980
     21      1        0.252      1.926      2.061
     22      1        0.246      2.047      1.952
     23      1        0.118      0.945      1.064
     24      1        0.119      0.940      1.063
     25      1        0.215      1.975      2.031
     26      1        0.112      0.989      1.024
     27      1        0.218      2.026      1.977
     28      1        0.063      0.481      0.508
     29      1        0.062      0.479      0.508
     30      1        0.062      0.478      0.511
     31      1        0.062      0.483      0.510
     32      1        0.110      1.020      0.995

Optimization #3:
* Method          : lls
* Target function : energy
* No. of configs. : 100096
* No. of params.  : 254
* Before optimization:
   7.7928E+00   7.2700E+00   7.9528E+00   7.8717E+00  -1.2983E+00  -1.3461E+00
  -6.5666E-01   1.1344E+00  -7.5549E-01  -7.6021E-01  -2.3329E+00  -2.3409E+00
  -2.7876E+00  -2.7933E+00  -1.1733E+00  -4.2784E+00  -1.0561E+00  -1.3787E-01
  -1.3799E-01  -2.5958E+00  -2.5946E+00  -1.0404E+00  -1.0363E+00  -2.2421E-02
  -2.8674E-02  -9.5361E-01  -1.6323E+00  -1.6283E+00  -2.9813E+00  -2.9814E+00
  -3.0093E+00  -3.0097E+00  -5.3554E-01  -5.3238E-01  -4.8946E+00  -4.8651E+00
  -5.9034E-01  -5.8986E-01  -5.7483E-01  -5.7673E-01  -4.8779E-01  -4.8452E-01
  -4.8835E-01  -4.8560E-01  -2.4447E+00  -2.4430E+00   3.9368E-04  -2.4508E+00
  -2.4493E+00  -2.9617E+00  -2.9619E+00  -2.9610E+00  -2.9615E+00  -2.9615E+00
  -2.9624E+00  -2.9630E+00  -2.9616E+00   1.6634E+01  -1.5449E+01   9.0106E+00
  -8.3717E+00  -7.4584E-01  -4.3197E-01   1.0029E+01  -9.3040E+00   2.1574E+01
  -1.9271E+01   2.2809E+01  -2.0008E+01   1.1187E+01  -1.0020E+01   3.4279E+01
  -3.0016E+01   9.2439E+00  -8.1895E+00   4.3431E+00  -4.2118E+00   2.1721E+01
  -1.9117E+01   1.0189E+01  -9.1419E+00   4.3075E+00  -4.2609E+00   9.2052E+00
  -8.2389E+00   1.6829E+01  -1.5179E+01   2.2904E+01  -1.9925E+01   2.1993E+01
  -1.8981E+01   5.5477E+00  -5.0100E+00   3.4708E+01  -2.9812E+01   3.4687E+01
  -2.9820E+01   4.6490E+00  -4.0590E+00   4.6400E+00  -4.0611E+00   5.5127E+00
  -5.0309E+00   5.5124E+00  -5.0313E+00   1.7347E+01  -1.4904E+01   4.2825E-03
  -2.4670E-03   1.7356E+01  -1.4905E+01   2.1961E+01  -1.9001E+01   2.1961E+01
  -1.9001E+01   2.1961E+01  -1.9001E+01   2.1961E+01  -1.9001E+01  -1.2271E-01
  -1.0209E-01   7.2346E-02   8.8119E-01   1.2631E+00   7.6822E-01   8.4030E-01
  -3.1372E-01  -3.1414E-01  -4.1213E-01  -1.9349E-01  -2.5237E-01  -1.9396E-03
  -8.6386E-02   1.7864E-02   4.8047E-03   2.8389E-02   1.1237E-02   3.8240E-04
   2.3650E-03  -3.6680E-02   4.2537E-02   2.3036E-02  -1.0048E-02  -1.0066E-02
   4.3153E-02   2.4832E-02   4.9817E-02   7.7798E-03  -6.6330E-02  -6.8420E-02
   3.5030E-03   1.5050E-01  -1.4225E-02  -4.6573E-02  -4.7860E-02  -4.5727E-02
  -4.7213E-02   1.5964E-02  -8.5774E-02  -2.1459E-01  -1.3337E-01  -1.2451E-01
  -1.2276E-01   4.6566E-02  -8.6179E-02   2.1394E-02  -2.4617E-02   3.4613E-02
   2.1889E-02   2.9982E-02  -2.9329E-02   1.2691E-02   6.0850E-02   1.9558E-02
  -1.2505E-02  -1.4609E-02   3.8646E-02   1.6845E-02   3.5164E-02   4.7571E-03
  -4.6691E-02  -4.6354E-02   1.4696E-02   1.0197E-01  -3.3290E-02  -1.9595E-02
  -2.0706E-02  -2.1222E-02  -1.9169E-02  -9.4544E-03  -2.2805E-01  -2.5351E-01
  -2.6474E-01  -1.5339E-01  -2.1224E-01  -6.3228E-02  -1.2363E-01   3.2065E-02
  -2.1766E-02   2.8361E-02   1.7808E-02  -1.3914E-02  -2.5162E-02  -6.3086E-02
  -1.3949E-02   1.4204E-02  -6.3037E-03   4.7284E-03   1.0013E-02   3.8186E-03
   2.2196E-02  -1.9732E-02  -4.4894E-02  -4.5149E-02  -7.5718E-04   5.9247E-02
   2.9580E-02  -4.5295E-02  -4.6537E-02  -4.3764E-02  -4.7056E-02   4.8475E-02
  -1.6884E-01  -1.9071E-01  -1.3101E-01  -1.2927E-01  -1.3054E-01  -7.6110E-03
  -1.1885E-01   3.1369E-02  -5.7906E-02   2.2396E-02   2.6757E-02   1.6698E-02
  -4.8914E-02  -1.3595E-02   1.6063E-02   5.9330E-03  -8.6100E-03  -1.5907E-03
   3.9868E-03  -4.4414E-03   1.0693E-02  -2.2438E-02  -1.9761E-02  -2.0060E-02
   1.1914E-02   1.4490E-02   1.1112E-02  -1.7076E-02  -1.6485E-02  -1.5287E-02
  -1.5696E-02   2.1005E-02
  > E    =  -5.359937151517E+02 +/-   8.853561415589E-05
  > varE =   7.846079986736E-04
* Computing derivatives.
    [walltime: 1m21s elapsed, 2h31m remaining]
    [walltime: 1h elapsed, 1h31m remaining]
  Done. [total walltime: 2h32m]
* Optimizing manipulation constant:
  #igrid a___________ E____________________________________ varE____________
     1     Infinity    -5.35993715E+02 +/-   8.85356142E-05   7.84607999E-04
     2     1.0000E+06  -5.35993715E+02 +/-   8.85355916E-05   7.84607599E-04
     3     2.1544E+05  -5.35993715E+02 +/-   8.85355096E-05   7.84606145E-04
     4     4.6416E+04  -5.35993715E+02 +/-   8.85351324E-05   7.84599461E-04
     5     1.0000E+04  -5.35993715E+02 +/-   8.85334598E-05   7.84569815E-04
     6     2.1544E+03  -5.35993715E+02 +/-   8.85273682E-05   7.84461854E-04
     7     4.6416E+02  -5.35993715E+02 +/-   8.85347716E-05   7.84593065E-04
     8     1.0000E+02  -5.35993698E+02 +/-   8.93167568E-05   7.98514144E-04
     9     2.1544E+01  -5.35993189E+02 +/-   1.10399321E-04   1.21997105E-03
    10     4.6416E+00  -5.35965178E+02 +/-   4.92427754E-04   2.42717879E-02
    11     1.0000E+00  -5.35456547E+02 +/-   1.96959435E-03   3.88302603E-01
    12     2.1544E-01  -5.34312093E+02 +/-   2.58872149E-03   6.70791236E-01
    13     4.6416E-02  -5.35985634E+02 +/-   2.45577978E-04   6.03664392E-03
    14     1.0000E-02  -5.32582724E+02 +/-   2.28567930E-03   5.22934524E-01
    15     2.1544E-03  -5.32581440E+02 +/-   2.27770142E-03   5.19290418E-01
    16     4.6416E-04  -5.32581244E+02 +/-   2.27569435E-03   5.18375639E-01
    17     1.0000E-04  -5.32581201E+02 +/-   2.27528713E-03   5.18190136E-01
    18     2.1544E-05  -5.32581192E+02 +/-   2.27520084E-03   5.18150834E-01
    19     4.6416E-06  -5.32581190E+02 +/-   2.27518232E-03   5.18142399E-01
    20     1.0000E-06  -5.32581189E+02 +/-   2.27517833E-03   5.18140583E-01
    21     0.0000E+00  -5.32581189E+02 +/-   2.27517724E-03   5.18140084E-01
* Iteration # 1: E =  -5.359937153242E+02 +/-   8.852736824774E-05
* Convergence: exiting.
* After optimization:
   7.7909E+00   7.2682E+00   7.9510E+00   7.8699E+00  -1.2985E+00  -1.3463E+00
  -6.5660E-01   1.1344E+00  -7.5542E-01  -7.6015E-01  -2.3331E+00  -2.3411E+00
  -2.7878E+00  -2.7935E+00  -1.1732E+00  -4.2788E+00  -1.0561E+00  -1.3784E-01
  -1.3796E-01  -2.5960E+00  -2.5947E+00  -1.0404E+00  -1.0362E+00  -2.2392E-02
  -2.8644E-02  -9.5354E-01  -1.6325E+00  -1.6285E+00  -2.9815E+00  -2.9816E+00
  -3.0095E+00  -3.0099E+00  -5.3551E-01  -5.3235E-01  -4.8950E+00  -4.8656E+00
  -5.9031E-01  -5.8983E-01  -5.7479E-01  -5.7670E-01  -4.8776E-01  -4.8448E-01
  -4.8832E-01  -4.8557E-01  -2.4449E+00  -2.4432E+00   3.9254E-04  -2.4510E+00
  -2.4495E+00  -2.9619E+00  -2.9621E+00  -2.9612E+00  -2.9617E+00  -2.9617E+00
  -2.9626E+00  -2.9632E+00  -2.9618E+00   1.6636E+01  -1.5450E+01   9.0101E+00
  -8.3713E+00  -7.4583E-01  -4.3197E-01   1.0028E+01  -9.3036E+00   2.1575E+01
  -1.9272E+01   2.2810E+01  -2.0010E+01   1.1186E+01  -1.0020E+01   3.4282E+01
  -3.0018E+01   9.2435E+00  -8.1891E+00   4.3429E+00  -4.2116E+00   2.1722E+01
  -1.9118E+01   1.0189E+01  -9.1415E+00   4.3073E+00  -4.2607E+00   9.2047E+00
  -8.2385E+00   1.6830E+01  -1.5180E+01   2.2906E+01  -1.9926E+01   2.1995E+01
  -1.8982E+01   5.5475E+00  -5.0097E+00   3.4711E+01  -2.9814E+01   3.4690E+01
  -2.9822E+01   4.6488E+00  -4.0588E+00   4.6398E+00  -4.0609E+00   5.5124E+00
  -5.0307E+00   5.5122E+00  -5.0311E+00   1.7349E+01  -1.4906E+01   4.2822E-03
  -2.4674E-03   1.7358E+01  -1.4907E+01   2.1962E+01  -1.9002E+01   2.1962E+01
  -1.9002E+01   2.1962E+01  -1.9002E+01   2.1962E+01  -1.9002E+01  -1.2272E-01
  -1.0209E-01   7.2350E-02   8.8231E-01   1.2646E+00   7.6917E-01   8.4134E-01
  -3.1415E-01  -3.1456E-01  -4.1268E-01  -1.9374E-01  -2.5271E-01  -1.9407E-03
  -8.6490E-02   1.7878E-02   4.8163E-03   2.8416E-02   1.1247E-02   3.7792E-04
   2.3771E-03  -3.6725E-02   4.2582E-02   2.3065E-02  -1.0061E-02  -1.0075E-02
   4.3205E-02   2.4863E-02   4.9886E-02   7.7909E-03  -6.6412E-02  -6.8504E-02
   3.5207E-03   1.5068E-01  -1.4239E-02  -4.6630E-02  -4.7919E-02  -4.5785E-02
  -4.7273E-02   1.5983E-02  -8.5910E-02  -2.1488E-01  -1.3356E-01  -1.2468E-01
  -1.2293E-01   4.6624E-02  -8.6280E-02   2.1419E-02  -2.4645E-02   3.4656E-02
   2.1906E-02   3.0015E-02  -2.9366E-02   1.2714E-02   6.0915E-02   1.9581E-02
  -1.2522E-02  -1.4628E-02   3.8695E-02   1.6867E-02   3.5211E-02   4.7677E-03
  -4.6753E-02  -4.6415E-02   1.4724E-02   1.0209E-01  -3.3323E-02  -1.9619E-02
  -2.0730E-02  -2.1247E-02  -1.9193E-02  -9.4622E-03  -2.2807E-01  -2.5352E-01
  -2.6477E-01  -1.5340E-01  -2.1226E-01  -6.3226E-02  -1.2362E-01   3.2060E-02
  -2.1759E-02   2.8355E-02   1.7805E-02  -1.3922E-02  -2.5148E-02  -6.3086E-02
  -1.3952E-02   1.4204E-02  -6.3002E-03   4.7317E-03   1.0021E-02   3.8180E-03
   2.2197E-02  -1.9733E-02  -4.4892E-02  -4.5148E-02  -7.4966E-04   5.9252E-02
   2.9570E-02  -4.5294E-02  -4.6536E-02  -4.3764E-02  -4.7055E-02   4.8461E-02
  -1.6886E-01  -1.9072E-01  -1.3102E-01  -1.2928E-01  -1.3054E-01  -7.6096E-03
  -1.1884E-01   3.1372E-02  -5.7902E-02   2.2399E-02   2.6749E-02   1.6689E-02
  -4.8911E-02  -1.3589E-02   1.6056E-02   5.9327E-03  -8.6069E-03  -1.5916E-03
   3.9980E-03  -4.4417E-03   1.0691E-02  -2.2436E-02  -1.9766E-02  -2.0064E-02
   1.1916E-02   1.4503E-02   1.1107E-02  -1.7074E-02  -1.6482E-02  -1.5286E-02
  -1.5694E-02   2.1001E-02
  > Energy =  -5.359937153242E+02 +/-   8.852736824774E-05
  > varE =   7.844618540003E-04

VMC #4:
* Size of Hilbert space =   1.1779E+07
* Number of equil. steps   = 1000
* Running VMC equilibration.
  Done. [total walltime: 0.18s]
* Equil. acc.ratio (%)     =  17.6675
* Sample config after equilibration:
  +-------------+
  |  d       d  |
  |      2      |
  |    u   u    |
  |0           0|
  |0           2|
  |    2   u    |
  |      0      |
  |  2       d  |
  +-------------+
* Number of accum. steps   = 500480 x 10
* Running VMC accumulation.
    [walltime: 1m elapsed, 2m13s remaining]
  Done. [total walltime: 3m13s]
* Acceptance ratio (%)     =  17.5610
* Etot/t                   =  -5.359938589292E+02 +/-   3.991023120967E-05
  > Ttot/t                 =  -3.898766137934E+01 +/-   6.970548147140E-04
  > Utot/t                 =   1.646043598811E+01 +/-   6.842663926628E-04
* var[Eloc/t]              =   7.944876912268E-04 +/-   2.794089087082E-05
* Correlation length       =   1.003386009820E+00
* log10 Psi^2 range: -26.21310631693011 -- -18.31204878043820
* log10 Pgen range : -26.21310631693011 -- -18.31204878043820
* Site occupation (ave. no. electrons per config.):
  > Site_  ___eu____  ___ed____
      1        0.497      0.501
      2        0.503      0.501
      3        0.501      0.502
      4        0.504      0.501
      5        0.497      0.500
      6        0.498      0.497
      7        0.504      0.502
      8        0.497      0.500
      9        0.500      0.497
     10        0.500      0.499
     11        0.497      0.497
     12        0.502      0.502
     13        0.499      0.502
     14        0.501      0.498
* Pair-correlation analysis (ave. no. pairs per config.):
  > Shell  nsite  ___dh____  __eueu___  __eued___
      0      1        0          0          2.377
      1      1        0.850      0.605      2.570
      2      1        0.286      0.662      1.088
      3      1        0.248      0.706      1.098
      4      1        0.641      1.106      2.323
      5      1        0.487      1.447      2.143
      6      1        0.225      2.084      1.913
      7      1        0.068      0.419      0.570
      8      1        0.132      0.847      1.102
      9      1        0.150      0.912      1.047
     10      1        0.271      1.851      2.098
     11      1        0.237      2.075      1.915
     12      1        0.239      2.131      1.892
     13      1        0.236      2.121      1.903
     14      1        0.134      1.048      0.944
     15      1        0.212      2.154      1.868
     16      1        0.214      1.954      2.065
     17      1        0.241      2.032      1.944
     18      1        0.221      2.079      1.953
     19      1        0.106      0.986      1.007
     20      1        0.108      1.005      0.983
     21      1        0.251      1.925      2.059
     22      1        0.246      2.048      1.946
     23      1        0.119      0.938      1.062
     24      1        0.116      0.941      1.064
     25      1        0.214      1.976      2.030
     26      1        0.112      0.983      1.023
     27      1        0.215      2.029      1.974
     28      1        0.062      0.481      0.510
     29      1        0.062      0.478      0.510
     30      1        0.062      0.480      0.512
     31      1        0.061      0.480      0.512
     32      1        0.109      1.016      0.995

Optimization #4:
* Method          : lls
* Target function : energy
* No. of configs. : 100096
* No. of params.  : 254
* Before optimization:
   7.7909E+00   7.2682E+00   7.9510E+00   7.8699E+00  -1.2985E+00  -1.3463E+00
  -6.5660E-01   1.1344E+00  -7.5542E-01  -7.6015E-01  -2.3331E+00  -2.3411E+00
  -2.7878E+00  -2.7935E+00  -1.1732E+00  -4.2788E+00  -1.0561E+00  -1.3784E-01
  -1.3796E-01  -2.5960E+00  -2.5947E+00  -1.0404E+00  -1.0362E+00  -2.2392E-02
  -2.8644E-02  -9.5354E-01  -1.6325E+00  -1.6285E+00  -2.9815E+00  -2.9816E+00
  -3.0095E+00  -3.0099E+00  -5.3551E-01  -5.3235E-01  -4.8950E+00  -4.8656E+00
  -5.9031E-01  -5.8983E-01  -5.7479E-01  -5.7670E-01  -4.8776E-01  -4.8448E-01
  -4.8832E-01  -4.8557E-01  -2.4449E+00  -2.4432E+00   3.9254E-04  -2.4510E+00
  -2.4495E+00  -2.9619E+00  -2.9621E+00  -2.9612E+00  -2.9617E+00  -2.9617E+00
  -2.9626E+00  -2.9632E+00  -2.9618E+00   1.6636E+01  -1.5450E+01   9.0101E+00
  -8.3713E+00  -7.4583E-01  -4.3197E-01   1.0028E+01  -9.3036E+00   2.1575E+01
  -1.9272E+01   2.2810E+01  -2.0010E+01   1.1186E+01  -1.0020E+01   3.4282E+01
  -3.0018E+01   9.2435E+00  -8.1891E+00   4.3429E+00  -4.2116E+00   2.1722E+01
  -1.9118E+01   1.0189E+01  -9.1415E+00   4.3073E+00  -4.2607E+00   9.2047E+00
  -8.2385E+00   1.6830E+01  -1.5180E+01   2.2906E+01  -1.9926E+01   2.1995E+01
  -1.8982E+01   5.5475E+00  -5.0097E+00   3.4711E+01  -2.9814E+01   3.4690E+01
  -2.9822E+01   4.6488E+00  -4.0588E+00   4.6398E+00  -4.0609E+00   5.5124E+00
  -5.0307E+00   5.5122E+00  -5.0311E+00   1.7349E+01  -1.4906E+01   4.2822E-03
  -2.4674E-03   1.7358E+01  -1.4907E+01   2.1962E+01  -1.9002E+01   2.1962E+01
  -1.9002E+01   2.1962E+01  -1.9002E+01   2.1962E+01  -1.9002E+01  -1.2272E-01
  -1.0209E-01   7.2350E-02   8.8231E-01   1.2646E+00   7.6917E-01   8.4134E-01
  -3.1415E-01  -3.1456E-01  -4.1268E-01  -1.9374E-01  -2.5271E-01  -1.9407E-03
  -8.6490E-02   1.7878E-02   4.8163E-03   2.8416E-02   1.1247E-02   3.7792E-04
   2.3771E-03  -3.6725E-02   4.2582E-02   2.3065E-02  -1.0061E-02  -1.0075E-02
   4.3205E-02   2.4863E-02   4.9886E-02   7.7909E-03  -6.6412E-02  -6.8504E-02
   3.5207E-03   1.5068E-01  -1.4239E-02  -4.6630E-02  -4.7919E-02  -4.5785E-02
  -4.7273E-02   1.5983E-02  -8.5910E-02  -2.1488E-01  -1.3356E-01  -1.2468E-01
  -1.2293E-01   4.6624E-02  -8.6280E-02   2.1419E-02  -2.4645E-02   3.4656E-02
   2.1906E-02   3.0015E-02  -2.9366E-02   1.2714E-02   6.0915E-02   1.9581E-02
  -1.2522E-02  -1.4628E-02   3.8695E-02   1.6867E-02   3.5211E-02   4.7677E-03
  -4.6753E-02  -4.6415E-02   1.4724E-02   1.0209E-01  -3.3323E-02  -1.9619E-02
  -2.0730E-02  -2.1247E-02  -1.9193E-02  -9.4622E-03  -2.2807E-01  -2.5352E-01
  -2.6477E-01  -1.5340E-01  -2.1226E-01  -6.3226E-02  -1.2362E-01   3.2060E-02
  -2.1759E-02   2.8355E-02   1.7805E-02  -1.3922E-02  -2.5148E-02  -6.3086E-02
  -1.3952E-02   1.4204E-02  -6.3002E-03   4.7317E-03   1.0021E-02   3.8180E-03
   2.2197E-02  -1.9733E-02  -4.4892E-02  -4.5148E-02  -7.4966E-04   5.9252E-02
   2.9570E-02  -4.5294E-02  -4.6536E-02  -4.3764E-02  -4.7055E-02   4.8461E-02
  -1.6886E-01  -1.9072E-01  -1.3102E-01  -1.2928E-01  -1.3054E-01  -7.6096E-03
  -1.1884E-01   3.1372E-02  -5.7902E-02   2.2399E-02   2.6749E-02   1.6689E-02
  -4.8911E-02  -1.3589E-02   1.6056E-02   5.9327E-03  -8.6069E-03  -1.5916E-03
   3.9980E-03  -4.4417E-03   1.0691E-02  -2.2436E-02  -1.9766E-02  -2.0064E-02
   1.1916E-02   1.4503E-02   1.1107E-02  -1.7074E-02  -1.6482E-02  -1.5286E-02
  -1.5694E-02   2.1001E-02
  > E    =  -5.359938946040E+02 +/-   8.840653391125E-05
  > varE =   7.823218324830E-04
* Computing derivatives.
    [walltime: 1m22s elapsed, 2h31m remaining]
    [walltime: 1h elapsed, 1h31m remaining]
  Done. [total walltime: 2h32m]
* Optimizing manipulation constant:
  #igrid a___________ E____________________________________ varE____________
     1     Infinity    -5.35993895E+02 +/-   8.84065339E-05   7.82321832E-04
     2     1.0000E+06  -5.35993895E+02 +/-   8.84065027E-05   7.82321280E-04
     3     2.1544E+05  -5.35993895E+02 +/-   8.84063901E-05   7.82319287E-04
     4     4.6416E+04  -5.35993895E+02 +/-   8.84058926E-05   7.82310482E-04
     5     1.0000E+04  -5.35993895E+02 +/-   8.84041213E-05   7.82279134E-04
     6     2.1544E+03  -5.35993895E+02 +/-   8.84075045E-05   7.82339010E-04
     7     4.6416E+02  -5.35993888E+02 +/-   8.86762814E-05   7.87103182E-04
     8     1.0000E+02  -5.35993696E+02 +/-   9.63559465E-05   9.29338151E-04
     9     2.1544E+01  -5.35974540E+02 +/-   4.03573860E-04   1.63028217E-02
    10     4.6416E+00  -5.34316649E+02 +/-   2.86495752E-03   8.21586123E-01
    11     1.0000E+00  -5.35992603E+02 +/-   1.31013943E-04   1.71811313E-03
    12     2.1544E-01  -5.34905899E+02 +/-   2.56326527E-03   6.57663637E-01
    13     4.6416E-02  -5.34325616E+02 +/-   2.85627692E-03   8.16614981E-01
    14     1.0000E-02  -5.34302779E+02 +/-   2.86130566E-03   8.19492965E-01
    15     2.1544E-03  -5.34300346E+02 +/-   2.86152183E-03   8.19616796E-01
    16     4.6416E-04  -5.34299902E+02 +/-   2.86153954E-03   8.19626939E-01
    17     1.0000E-04  -5.34299810E+02 +/-   2.86154210E-03   8.19628409E-01
    18     2.1544E-05  -5.34299790E+02 +/-   2.86154260E-03   8.19628694E-01
    19     4.6416E-06  -5.34299786E+02 +/-   2.86154270E-03   8.19628753E-01
    20     1.0000E-06  -5.34299785E+02 +/-   2.86154273E-03   8.19628766E-01
    21     0.0000E+00  -5.34299784E+02 +/-   2.86154273E-03   8.19628770E-01
* Iteration # 1: E =  -5.359938946587E+02 +/-   8.840412127583E-05
* Convergence: exiting.
* After optimization:
   7.7923E+00   7.2696E+00   7.9524E+00   7.8713E+00  -1.2985E+00  -1.3463E+00
  -6.5661E-01   1.1344E+00  -7.5543E-01  -7.6015E-01  -2.3331E+00  -2.3411E+00
  -2.7877E+00  -2.7934E+00  -1.1732E+00  -4.2787E+00  -1.0561E+00  -1.3785E-01
  -1.3797E-01  -2.5959E+00  -2.5947E+00  -1.0404E+00  -1.0362E+00  -2.2401E-02
  -2.8652E-02  -9.5355E-01  -1.6325E+00  -1.6285E+00  -2.9815E+00  -2.9816E+00
  -3.0094E+00  -3.0099E+00  -5.3551E-01  -5.3235E-01  -4.8949E+00  -4.8655E+00
  -5.9032E-01  -5.8984E-01  -5.7480E-01  -5.7671E-01  -4.8776E-01  -4.8448E-01
  -4.8832E-01  -4.8557E-01  -2.4449E+00  -2.4432E+00   3.9243E-04  -2.4510E+00
  -2.4494E+00  -2.9618E+00  -2.9620E+00  -2.9612E+00  -2.9616E+00  -2.9616E+00
  -2.9626E+00  -2.9632E+00  -2.9618E+00   1.6636E+01  -1.5450E+01   9.0102E+00
  -8.3713E+00  -7.4583E-01  -4.3197E-01   1.0028E+01  -9.3036E+00   2.1575E+01
  -1.9272E+01   2.2809E+01  -2.0009E+01   1.1186E+01  -1.0020E+01   3.4281E+01
  -3.0018E+01   9.2436E+00  -8.1892E+00   4.3429E+00  -4.2116E+00   2.1722E+01
  -1.9118E+01   1.0189E+01  -9.1415E+00   4.3074E+00  -4.2608E+00   9.2048E+00
  -8.2385E+00   1.6830E+01  -1.5180E+01   2.2905E+01  -1.9926E+01   2.1994E+01
  -1.8982E+01   5.5475E+00  -5.0097E+00   3.4711E+01  -2.9814E+01   3.4689E+01
  -2.9822E+01   4.6488E+00  -4.0589E+00   4.6398E+00  -4.0609E+00   5.5124E+00
  -5.0307E+00   5.5122E+00  -5.0311E+00   1.7348E+01  -1.4905E+01   4.2823E-03
  -2.4675E-03   1.7357E+01  -1.4906E+01   2.1962E+01  -1.9002E+01   2.1962E+01
  -1.9002E+01   2.1962E+01  -1.9002E+01   2.1962E+01  -1.9002E+01  -1.2272E-01
  -1.0209E-01   7.2351E-02   8.8167E-01   1.2637E+00   7.6861E-01   8.4073E-01
  -3.1392E-01  -3.1434E-01  -4.1238E-01  -1.9360E-01  -2.5253E-01  -1.9389E-03
  -8.6429E-02   1.7861E-02   4.8125E-03   2.8395E-02   1.1238E-02   3.7654E-04
   2.3772E-03  -3.6699E-02   4.2550E-02   2.3049E-02  -1.0053E-02  -1.0067E-02
   4.3175E-02   2.4844E-02   4.9849E-02   7.7846E-03  -6.6364E-02  -6.8454E-02
   3.5219E-03   1.5056E-01  -1.4228E-02  -4.6595E-02  -4.7883E-02  -4.5751E-02
  -4.7237E-02   1.5971E-02  -8.5849E-02  -2.1472E-01  -1.3347E-01  -1.2459E-01
  -1.2284E-01   4.6591E-02  -8.6217E-02   2.1403E-02  -2.4627E-02   3.4631E-02
   2.1887E-02   2.9992E-02  -2.9343E-02   1.2705E-02   6.0867E-02   1.9566E-02
  -1.2512E-02  -1.4617E-02   3.8666E-02   1.6857E-02   3.5186E-02   4.7648E-03
  -4.6719E-02  -4.6382E-02   1.4714E-02   1.0201E-01  -3.3298E-02  -1.9605E-02
  -2.0715E-02  -2.1232E-02  -1.9179E-02  -9.4536E-03  -2.2807E-01  -2.5353E-01
  -2.6477E-01  -1.5340E-01  -2.1226E-01  -6.3226E-02  -1.2363E-01   3.2059E-02
  -2.1760E-02   2.8354E-02   1.7806E-02  -1.3923E-02  -2.5148E-02  -6.3086E-02
  -1.3951E-02   1.4205E-02  -6.3006E-03   4.7319E-03   1.0023E-02   3.8158E-03
   2.2196E-02  -1.9733E-02  -4.4891E-02  -4.5148E-02  -7.4768E-04   5.9252E-02
   2.9569E-02  -4.5293E-02  -4.6535E-02  -4.3763E-02  -4.7054E-02   4.8458E-02
  -1.6886E-01  -1.9072E-01  -1.3102E-01  -1.2929E-01  -1.3054E-01  -7.6099E-03
  -1.1884E-01   3.1376E-02  -5.7902E-02   2.2399E-02   2.6747E-02   1.6687E-02
  -4.8911E-02  -1.3589E-02   1.6054E-02   5.9326E-03  -8.6065E-03  -1.5913E-03
   3.9985E-03  -4.4408E-03   1.0691E-02  -2.2435E-02  -1.9766E-02  -2.0063E-02
   1.1916E-02   1.4504E-02   1.1105E-02  -1.7074E-02  -1.6482E-02  -1.5286E-02
  -1.5694E-02   2.1001E-02
  > Energy =  -5.359938946587E+02 +/-   8.840412127583E-05
  > varE =   7.822791335664E-04

VMC #5:
* Size of Hilbert space =   1.1779E+07
* Number of equil. steps   = 1000
* Running VMC equilibration.
  Done. [total walltime: 0.18s]
* Equil. acc.ratio (%)     =  17.5602
* Sample config after equilibration:
  +-------------+
  |  u       2  |
  |      u      |
  |    d   u    |
  |d           d|
  |0           u|
  |    2   d    |
  |      0      |
  |  u       d  |
  +-------------+
* Number of accum. steps   = 500480 x 10
* Running VMC accumulation.
    [walltime: 1m elapsed, 2m13s remaining]
  Done. [total walltime: 3m13s]
* Acceptance ratio (%)     =  17.5787
* Etot/t                   =  -5.359938620302E+02 +/-   3.933257955904E-05
  > Ttot/t                 =  -3.898765871418E+01 +/-   6.927210110560E-04
  > Utot/t                 =   1.646043022195E+01 +/-   6.795536354391E-04
* var[Eloc/t]              =   7.639646943410E-04 +/-   7.863314766569E-06
* Correlation length       =   1.013487269753E+00
* log10 Psi^2 range: -25.97268063170207 -- -18.31198778052836
* log10 Pgen range : -25.97268063170207 -- -18.31198778052836
* Site occupation (ave. no. electrons per config.):
  > Site_  ___eu____  ___ed____
      1        0.500      0.498
      2        0.503      0.503
      3        0.501      0.500
      4        0.504      0.508
      5        0.498      0.499
      6        0.497      0.496
      7        0.501      0.504
      8        0.498      0.499
      9        0.500      0.498
     10        0.502      0.500
     11        0.497      0.494
     12        0.500      0.503
     13        0.501      0.500
     14        0.500      0.498
* Pair-correlation analysis (ave. no. pairs per config.):
  > Shell  nsite  ___dh____  __eueu___  __eued___
      0      1        0          0          2.386
      1      1        0.856      0.602      2.565
      2      1        0.289      0.656      1.088
      3      1        0.250      0.706      1.094
      4      1        0.647      1.106      2.321
      5      1        0.488      1.448      2.141
      6      1        0.226      2.087      1.920
      7      1        0.069      0.419      0.574
      8      1        0.135      0.846      1.101
      9      1        0.154      0.907      1.044
     10      1        0.274      1.844      2.096
     11      1        0.236      2.079      1.910
     12      1        0.239      2.142      1.893
     13      1        0.237      2.118      1.900
     14      1        0.133      1.049      0.944
     15      1        0.212      2.154      1.872
     16      1        0.213      1.955      2.074
     17      1        0.240      2.035      1.941
     18      1        0.219      2.089      1.953
     19      1        0.106      0.988      1.007
     20      1        0.107      1.010      0.984
     21      1        0.254      1.915      2.057
     22      1        0.243      2.046      1.948
     23      1        0.119      0.936      1.062
     24      1        0.117      0.945      1.068
     25      1        0.218      1.970      2.029
     26      1        0.112      0.989      1.017
     27      1        0.218      2.022      1.979
     28      1        0.061      0.482      0.511
     29      1        0.063      0.477      0.507
     30      1        0.063      0.481      0.511
     31      1        0.062      0.481      0.510
     32      1        0.110      1.016      0.993

Optimization #5:
* Method          : lls
* Target function : energy
* No. of configs. : 100096
* No. of params.  : 254
* Before optimization:
   7.7923E+00   7.2696E+00   7.9524E+00   7.8713E+00  -1.2985E+00  -1.3463E+00
  -6.5661E-01   1.1344E+00  -7.5543E-01  -7.6015E-01  -2.3331E+00  -2.3411E+00
  -2.7877E+00  -2.7934E+00  -1.1732E+00  -4.2787E+00  -1.0561E+00  -1.3785E-01
  -1.3797E-01  -2.5959E+00  -2.5947E+00  -1.0404E+00  -1.0362E+00  -2.2401E-02
  -2.8652E-02  -9.5355E-01  -1.6325E+00  -1.6285E+00  -2.9815E+00  -2.9816E+00
  -3.0094E+00  -3.0099E+00  -5.3551E-01  -5.3235E-01  -4.8949E+00  -4.8655E+00
  -5.9032E-01  -5.8984E-01  -5.7480E-01  -5.7671E-01  -4.8776E-01  -4.8448E-01
  -4.8832E-01  -4.8557E-01  -2.4449E+00  -2.4432E+00   3.9243E-04  -2.4510E+00
  -2.4494E+00  -2.9618E+00  -2.9620E+00  -2.9612E+00  -2.9616E+00  -2.9616E+00
  -2.9626E+00  -2.9632E+00  -2.9618E+00   1.6636E+01  -1.5450E+01   9.0102E+00
  -8.3713E+00  -7.4583E-01  -4.3197E-01   1.0028E+01  -9.3036E+00   2.1575E+01
  -1.9272E+01   2.2809E+01  -2.0009E+01   1.1186E+01  -1.0020E+01   3.4281E+01
  -3.0018E+01   9.2436E+00  -8.1892E+00   4.3429E+00  -4.2116E+00   2.1722E+01
  -1.9118E+01   1.0189E+01  -9.1415E+00   4.3074E+00  -4.2608E+00   9.2048E+00
  -8.2385E+00   1.6830E+01  -1.5180E+01   2.2905E+01  -1.9926E+01   2.1994E+01
  -1.8982E+01   5.5475E+00  -5.0097E+00   3.4711E+01  -2.9814E+01   3.4689E+01
  -2.9822E+01   4.6488E+00  -4.0589E+00   4.6398E+00  -4.0609E+00   5.5124E+00
  -5.0307E+00   5.5122E+00  -5.0311E+00   1.7348E+01  -1.4905E+01   4.2823E-03
  -2.4675E-03   1.7357E+01  -1.4906E+01   2.1962E+01  -1.9002E+01   2.1962E+01
  -1.9002E+01   2.1962E+01  -1.9002E+01   2.1962E+01  -1.9002E+01  -1.2272E-01
  -1.0209E-01   7.2351E-02   8.8167E-01   1.2637E+00   7.6861E-01   8.4073E-01
  -3.1392E-01  -3.1434E-01  -4.1238E-01  -1.9360E-01  -2.5253E-01  -1.9389E-03
  -8.6429E-02   1.7861E-02   4.8125E-03   2.8395E-02   1.1238E-02   3.7654E-04
   2.3772E-03  -3.6699E-02   4.2550E-02   2.3049E-02  -1.0053E-02  -1.0067E-02
   4.3175E-02   2.4844E-02   4.9849E-02   7.7846E-03  -6.6364E-02  -6.8454E-02
   3.5219E-03   1.5056E-01  -1.4228E-02  -4.6595E-02  -4.7883E-02  -4.5751E-02
  -4.7237E-02   1.5971E-02  -8.5849E-02  -2.1472E-01  -1.3347E-01  -1.2459E-01
  -1.2284E-01   4.6591E-02  -8.6217E-02   2.1403E-02  -2.4627E-02   3.4631E-02
   2.1887E-02   2.9992E-02  -2.9343E-02   1.2705E-02   6.0867E-02   1.9566E-02
  -1.2512E-02  -1.4617E-02   3.8666E-02   1.6857E-02   3.5186E-02   4.7648E-03
  -4.6719E-02  -4.6382E-02   1.4714E-02   1.0201E-01  -3.3298E-02  -1.9605E-02
  -2.0715E-02  -2.1232E-02  -1.9179E-02  -9.4536E-03  -2.2807E-01  -2.5353E-01
  -2.6477E-01  -1.5340E-01  -2.1226E-01  -6.3226E-02  -1.2363E-01   3.2059E-02
  -2.1760E-02   2.8354E-02   1.7806E-02  -1.3923E-02  -2.5148E-02  -6.3086E-02
  -1.3951E-02   1.4205E-02  -6.3006E-03   4.7319E-03   1.0023E-02   3.8158E-03
   2.2196E-02  -1.9733E-02  -4.4891E-02  -4.5148E-02  -7.4768E-04   5.9252E-02
   2.9569E-02  -4.5293E-02  -4.6535E-02  -4.3763E-02  -4.7054E-02   4.8458E-02
  -1.6886E-01  -1.9072E-01  -1.3102E-01  -1.2929E-01  -1.3054E-01  -7.6099E-03
  -1.1884E-01   3.1376E-02  -5.7902E-02   2.2399E-02   2.6747E-02   1.6687E-02
  -4.8911E-02  -1.3589E-02   1.6054E-02   5.9326E-03  -8.6065E-03  -1.5913E-03
   3.9985E-03  -4.4408E-03   1.0691E-02  -2.2435E-02  -1.9766E-02  -2.0063E-02
   1.1916E-02   1.4504E-02   1.1105E-02  -1.7074E-02  -1.6482E-02  -1.5286E-02
  -1.5694E-02   2.1001E-02
  > E    =  -5.359938400739E+02 +/-   8.629870754104E-05
  > varE =   7.454616491501E-04
* Computing derivatives.
    [walltime: 1m22s elapsed, 2h31m remaining]
    [walltime: 1h elapsed, 1h31m remaining]
  Done. [total walltime: 2h32m]
* Optimizing manipulation constant:
  #igrid a___________ E____________________________________ varE____________
     1     Infinity    -5.35993840E+02 +/-   8.62987075E-05   7.45461649E-04
     2     1.0000E+06  -5.35993840E+02 +/-   8.62986864E-05   7.45461284E-04
     3     2.1544E+05  -5.35993840E+02 +/-   8.62986095E-05   7.45459956E-04
     4     4.6416E+04  -5.35993840E+02 +/-   8.62982543E-05   7.45453818E-04
     5     1.0000E+04  -5.35993840E+02 +/-   8.62966394E-05   7.45425920E-04
     6     2.1544E+03  -5.35993840E+02 +/-   8.62898801E-05   7.45309152E-04
     7     4.6416E+02  -5.35993840E+02 +/-   8.62743393E-05   7.45040715E-04
     8     1.0000E+02  -5.35993835E+02 +/-   8.65433368E-05   7.49693930E-04
     9     2.1544E+01  -5.35993645E+02 +/-   9.61318209E-05   9.25019866E-04
    10     4.6416E+00  -5.35978098E+02 +/-   3.76282608E-04   1.41724526E-02
    11     1.0000E+00  -5.35990246E+02 +/-   1.73444410E-04   3.01118429E-03
    12     2.1544E-01  -5.32547774E+02 +/-   2.98824271E-03   8.93816691E-01
    13     4.6416E-02  -5.32320995E+02 +/-   5.38119406E-04   2.89850485E-02
    14     1.0000E-02  -5.32414763E+02 +/-   5.57605566E-04   3.11222454E-02
    15     2.1544E-03  -5.32420961E+02 +/-   5.59937559E-04   3.13831059E-02
    16     4.6416E-04  -5.32421971E+02 +/-   5.60374119E-04   3.14320611E-02
    17     1.0000E-04  -5.32422175E+02 +/-   5.60465320E-04   3.14422932E-02
    18     2.1544E-05  -5.32422218E+02 +/-   5.60484839E-04   3.14444832E-02
    19     4.6416E-06  -5.32422228E+02 +/-   5.60489038E-04   3.14449543E-02
    20     1.0000E-06  -5.32422230E+02 +/-   5.60489942E-04   3.14450558E-02
    21     0.0000E+00  -5.32422230E+02 +/-   5.60490190E-04   3.14450837E-02
  ParMin   9.2661E+02  -5.35993840E+02 +/-   8.62812120E-05   7.45159422E-04
  # Using grid point #7
* Iteration # 1: E =  -5.359938404878E+02 +/-   8.627433928508E-05
* Convergence: exiting.
* After optimization:
   7.7789E+00   7.2563E+00   7.9390E+00   7.8580E+00  -1.2983E+00  -1.3461E+00
  -6.5493E-01   1.1344E+00  -7.5381E-01  -7.5853E-01  -2.3321E+00  -2.3401E+00
  -2.7868E+00  -2.7925E+00  -1.1717E+00  -4.2783E+00  -1.0544E+00  -1.3702E-01
  -1.3714E-01  -2.5949E+00  -2.5937E+00  -1.0388E+00  -1.0346E+00  -2.1562E-02
  -2.7815E-02  -9.5183E-01  -1.6323E+00  -1.6283E+00  -2.9805E+00  -2.9806E+00
  -3.0084E+00  -3.0088E+00  -5.3476E-01  -5.3161E-01  -4.8945E+00  -4.8651E+00
  -5.8947E-01  -5.8899E-01  -5.7395E-01  -5.7585E-01  -4.8701E-01  -4.8373E-01
  -4.8757E-01  -4.8481E-01  -2.4447E+00  -2.4430E+00   3.8869E-04  -2.4508E+00
  -2.4492E+00  -2.9608E+00  -2.9610E+00  -2.9601E+00  -2.9606E+00  -2.9606E+00
  -2.9615E+00  -2.9621E+00  -2.9607E+00   1.6634E+01  -1.5449E+01   8.9983E+00
  -8.3611E+00  -7.4580E-01  -4.3194E-01   1.0017E+01  -9.2940E+00   2.1567E+01
  -1.9266E+01   2.2803E+01  -2.0003E+01   1.1176E+01  -1.0011E+01   3.4278E+01
  -3.0015E+01   9.2316E+00  -8.1789E+00   4.3369E+00  -4.2065E+00   2.1714E+01
  -1.9112E+01   1.0178E+01  -9.1318E+00   4.3014E+00  -4.2556E+00   9.1928E+00
  -8.2283E+00   1.6829E+01  -1.5178E+01   2.2899E+01  -1.9920E+01   2.1987E+01
  -1.8975E+01   5.5422E+00  -5.0052E+00   3.4708E+01  -2.9811E+01   3.4686E+01
  -2.9819E+01   4.6428E+00  -4.0537E+00   4.6339E+00  -4.0558E+00   5.5071E+00
  -5.0262E+00   5.5069E+00  -5.0265E+00   1.7347E+01  -1.4904E+01   4.2830E-03
  -2.4695E-03   1.7356E+01  -1.4905E+01   2.1955E+01  -1.8996E+01   2.1955E+01
  -1.8995E+01   2.1954E+01  -1.8996E+01   2.1954E+01  -1.8996E+01  -1.2273E-01
  -1.0210E-01   7.2358E-02   8.8506E-01   1.2685E+00   7.7162E-01   8.4392E-01
  -3.1522E-01  -3.1559E-01  -4.1407E-01  -1.9437E-01  -2.5357E-01  -1.9626E-03
  -8.6776E-02   1.7899E-02   4.8183E-03   2.8484E-02   1.1270E-02   3.7150E-04
   2.3998E-03  -3.6817E-02   4.2676E-02   2.3136E-02  -1.0090E-02  -1.0101E-02
   4.3321E-02   2.4924E-02   5.0059E-02   7.8198E-03  -6.6611E-02  -6.8705E-02
   3.5995E-03   1.5107E-01  -1.4265E-02  -4.6750E-02  -4.8040E-02  -4.5904E-02
  -4.7396E-02   1.6000E-02  -8.6257E-02  -2.1556E-01  -1.3405E-01  -1.2508E-01
  -1.2333E-01   4.6755E-02  -8.6556E-02   2.1498E-02  -2.4725E-02   3.4770E-02
   2.1938E-02   3.0095E-02  -2.9468E-02   1.2771E-02   6.1043E-02   1.9630E-02
  -1.2555E-02  -1.4666E-02   3.8799E-02   1.6937E-02   3.5336E-02   4.8031E-03
  -4.6893E-02  -4.6556E-02   1.4792E-02   1.0238E-01  -3.3392E-02  -1.9670E-02
  -2.0788E-02  -2.1299E-02  -1.9240E-02  -9.4635E-03  -2.2811E-01  -2.5354E-01
  -2.6482E-01  -1.5342E-01  -2.1229E-01  -6.3227E-02  -1.2364E-01   3.2065E-02
  -2.1776E-02   2.8344E-02   1.7803E-02  -1.3942E-02  -2.5110E-02  -6.3072E-02
  -1.3944E-02   1.4205E-02  -6.2835E-03   4.7435E-03   1.0042E-02   3.7806E-03
   2.2187E-02  -1.9739E-02  -4.4888E-02  -4.5147E-02  -7.2084E-04   5.9264E-02
   2.9524E-02  -4.5274E-02  -4.6520E-02  -4.3746E-02  -4.7036E-02   4.8376E-02
  -1.6889E-01  -1.9072E-01  -1.3104E-01  -1.2931E-01  -1.3053E-01  -7.6123E-03
  -1.1883E-01   3.1416E-02  -5.7914E-02   2.2419E-02   2.6724E-02   1.6663E-02
  -4.8907E-02  -1.3585E-02   1.6032E-02   5.9306E-03  -8.5879E-03  -1.5871E-03
   4.0217E-03  -4.4443E-03   1.0684E-02  -2.2432E-02  -1.9776E-02  -2.0073E-02
   1.1901E-02   1.4559E-02   1.1081E-02  -1.7067E-02  -1.6477E-02  -1.5278E-02
  -1.5687E-02   2.0982E-02
  > Energy =  -5.359938404878E+02 +/-   8.627433928508E-05
  > varE =   7.450407150231E-04

VMC #6:
* Size of Hilbert space =   1.1779E+07
* Number of equil. steps   = 1000
* Running VMC equilibration.
  Done. [total walltime: 0.18s]
* Equil. acc.ratio (%)     =  17.4963
* Sample config after equilibration:
  +-------------+
  |  2       2  |
  |      u      |
  |    d   0    |
  |0           u|
  |d           u|
  |    0   d    |
  |      2      |
  |  u       d  |
  +-------------+
* Number of accum. steps   = 500480 x 10
* Running VMC accumulation.
    [walltime: 1m elapsed, 2m13s remaining]
  Done. [total walltime: 3m13s]
* Acceptance ratio (%)     =  17.4929
* Etot/t                   =  -5.359937854712E+02 +/-   3.941475987281E-05
  > Ttot/t                 =  -3.898714054089E+01 +/-   6.946678679445E-04
  > Utot/t                 =   1.645998860764E+01 +/-   6.818672744643E-04
* var[Eloc/t]              =   7.630040856011E-04 +/-   1.236721450260E-05
* Correlation length       =   1.019008094151E+00
* log10 Psi^2 range: -27.09403759716956 -- -18.31126825916989
* log10 Pgen range : -27.09403759716956 -- -18.31126825916989
* Site occupation (ave. no. electrons per config.):
  > Site_  ___eu____  ___ed____
      1        0.497      0.500
      2        0.503      0.502
      3        0.501      0.499
      4        0.504      0.502
      5        0.500      0.496
      6        0.497      0.496
      7        0.505      0.502
      8        0.498      0.499
      9        0.498      0.499
     10        0.501      0.502
     11        0.495      0.497
     12        0.500      0.504
     13        0.501      0.501
     14        0.500      0.501
* Pair-correlation analysis (ave. no. pairs per config.):
  > Shell  nsite  ___dh____  __eueu___  __eued___
      0      1        0          0          2.384
      1      1        0.857      0.604      2.565
      2      1        0.287      0.657      1.089
      3      1        0.250      0.705      1.096
      4      1        0.647      1.098      2.322
      5      1        0.487      1.445      2.144
      6      1        0.224      2.090      1.918
      7      1        0.068      0.418      0.574
      8      1        0.135      0.848      1.102
      9      1        0.151      0.907      1.045
     10      1        0.278      1.847      2.091
     11      1        0.235      2.081      1.913
     12      1        0.235      2.140      1.888
     13      1        0.235      2.117      1.903
     14      1        0.131      1.052      0.942
     15      1        0.212      2.157      1.873
     16      1        0.217      1.955      2.067
     17      1        0.240      2.034      1.944
     18      1        0.222      2.079      1.958
     19      1        0.106      0.988      1.010
     20      1        0.107      1.008      0.984
     21      1        0.255      1.920      2.057
     22      1        0.245      2.046      1.944
     23      1        0.118      0.944      1.062
     24      1        0.119      0.940      1.062
     25      1        0.216      1.977      2.031
     26      1        0.112      0.985      1.022
     27      1        0.219      2.029      1.975
     28      1        0.062      0.479      0.512
     29      1        0.063      0.475      0.508
     30      1        0.062      0.481      0.514
     31      1        0.063      0.480      0.509
     32      1        0.111      1.016      0.992

Optimization #6:
* Method          : lls
* Target function : energy
* No. of configs. : 100096
* No. of params.  : 254
* Before optimization:
   7.7789E+00   7.2563E+00   7.9390E+00   7.8580E+00  -1.2983E+00  -1.3461E+00
  -6.5493E-01   1.1344E+00  -7.5381E-01  -7.5853E-01  -2.3321E+00  -2.3401E+00
  -2.7868E+00  -2.7925E+00  -1.1717E+00  -4.2783E+00  -1.0544E+00  -1.3702E-01
  -1.3714E-01  -2.5949E+00  -2.5937E+00  -1.0388E+00  -1.0346E+00  -2.1562E-02
  -2.7815E-02  -9.5183E-01  -1.6323E+00  -1.6283E+00  -2.9805E+00  -2.9806E+00
  -3.0084E+00  -3.0088E+00  -5.3476E-01  -5.3161E-01  -4.8945E+00  -4.8651E+00
  -5.8947E-01  -5.8899E-01  -5.7395E-01  -5.7585E-01  -4.8701E-01  -4.8373E-01
  -4.8757E-01  -4.8481E-01  -2.4447E+00  -2.4430E+00   3.8869E-04  -2.4508E+00
  -2.4492E+00  -2.9608E+00  -2.9610E+00  -2.9601E+00  -2.9606E+00  -2.9606E+00
  -2.9615E+00  -2.9621E+00  -2.9607E+00   1.6634E+01  -1.5449E+01   8.9983E+00
  -8.3611E+00  -7.4580E-01  -4.3194E-01   1.0017E+01  -9.2940E+00   2.1567E+01
  -1.9266E+01   2.2803E+01  -2.0003E+01   1.1176E+01  -1.0011E+01   3.4278E+01
  -3.0015E+01   9.2316E+00  -8.1789E+00   4.3369E+00  -4.2065E+00   2.1714E+01
  -1.9112E+01   1.0178E+01  -9.1318E+00   4.3014E+00  -4.2556E+00   9.1928E+00
  -8.2283E+00   1.6829E+01  -1.5178E+01   2.2899E+01  -1.9920E+01   2.1987E+01
  -1.8975E+01   5.5422E+00  -5.0052E+00   3.4708E+01  -2.9811E+01   3.4686E+01
  -2.9819E+01   4.6428E+00  -4.0537E+00   4.6339E+00  -4.0558E+00   5.5071E+00
  -5.0262E+00   5.5069E+00  -5.0265E+00   1.7347E+01  -1.4904E+01   4.2830E-03
  -2.4695E-03   1.7356E+01  -1.4905E+01   2.1955E+01  -1.8996E+01   2.1955E+01
  -1.8995E+01   2.1954E+01  -1.8996E+01   2.1954E+01  -1.8996E+01  -1.2273E-01
  -1.0210E-01   7.2358E-02   8.8506E-01   1.2685E+00   7.7162E-01   8.4392E-01
  -3.1522E-01  -3.1559E-01  -4.1407E-01  -1.9437E-01  -2.5357E-01  -1.9626E-03
  -8.6776E-02   1.7899E-02   4.8183E-03   2.8484E-02   1.1270E-02   3.7150E-04
   2.3998E-03  -3.6817E-02   4.2676E-02   2.3136E-02  -1.0090E-02  -1.0101E-02
   4.3321E-02   2.4924E-02   5.0059E-02   7.8198E-03  -6.6611E-02  -6.8705E-02
   3.5995E-03   1.5107E-01  -1.4265E-02  -4.6750E-02  -4.8040E-02  -4.5904E-02
  -4.7396E-02   1.6000E-02  -8.6257E-02  -2.1556E-01  -1.3405E-01  -1.2508E-01
  -1.2333E-01   4.6755E-02  -8.6556E-02   2.1498E-02  -2.4725E-02   3.4770E-02
   2.1938E-02   3.0095E-02  -2.9468E-02   1.2771E-02   6.1043E-02   1.9630E-02
  -1.2555E-02  -1.4666E-02   3.8799E-02   1.6937E-02   3.5336E-02   4.8031E-03
  -4.6893E-02  -4.6556E-02   1.4792E-02   1.0238E-01  -3.3392E-02  -1.9670E-02
  -2.0788E-02  -2.1299E-02  -1.9240E-02  -9.4635E-03  -2.2811E-01  -2.5354E-01
  -2.6482E-01  -1.5342E-01  -2.1229E-01  -6.3227E-02  -1.2364E-01   3.2065E-02
  -2.1776E-02   2.8344E-02   1.7803E-02  -1.3942E-02  -2.5110E-02  -6.3072E-02
  -1.3944E-02   1.4205E-02  -6.2835E-03   4.7435E-03   1.0042E-02   3.7806E-03
   2.2187E-02  -1.9739E-02  -4.4888E-02  -4.5147E-02  -7.2084E-04   5.9264E-02
   2.9524E-02  -4.5274E-02  -4.6520E-02  -4.3746E-02  -4.7036E-02   4.8376E-02
  -1.6889E-01  -1.9072E-01  -1.3104E-01  -1.2931E-01  -1.3053E-01  -7.6123E-03
  -1.1883E-01   3.1416E-02  -5.7914E-02   2.2419E-02   2.6724E-02   1.6663E-02
  -4.8907E-02  -1.3585E-02   1.6032E-02   5.9306E-03  -8.5879E-03  -1.5871E-03
   4.0217E-03  -4.4443E-03   1.0684E-02  -2.2432E-02  -1.9776E-02  -2.0073E-02
   1.1901E-02   1.4559E-02   1.1081E-02  -1.7067E-02  -1.6477E-02  -1.5278E-02
  -1.5687E-02   2.0982E-02
  > E    =  -5.359936773033E+02 +/-   8.765970156212E-05
  > varE =   7.691600132306E-04
* Computing derivatives.
    [walltime: 1m22s elapsed, 2h31m remaining]
    [walltime: 1h elapsed, 1h31m remaining]
  Done. [total walltime: 2h32m]
* Optimizing manipulation constant:
  #igrid a___________ E____________________________________ varE____________
     1     Infinity    -5.35993677E+02 +/-   8.76597016E-05   7.69160013E-04
     2     1.0000E+06  -5.35993677E+02 +/-   8.76596778E-05   7.69159596E-04
     3     2.1544E+05  -5.35993677E+02 +/-   8.76595912E-05   7.69158077E-04
     4     4.6416E+04  -5.35993677E+02 +/-   8.76591896E-05   7.69151029E-04
     5     1.0000E+04  -5.35993677E+02 +/-   8.76573308E-05   7.69118409E-04
     6     2.1544E+03  -5.35993678E+02 +/-   8.76488173E-05   7.68969019E-04
     7     4.6416E+02  -5.35993678E+02 +/-   8.76117612E-05   7.68318948E-04
     8     1.0000E+02  -5.35993681E+02 +/-   8.74923728E-05   7.66226401E-04
     9     2.1544E+01  -5.35993667E+02 +/-   8.80639853E-05   7.76271056E-04
    10     4.6416E+00  -5.35992723E+02 +/-   1.23678615E-04   1.53110845E-03
    11     1.0000E+00  -5.35787655E+02 +/-   1.26387553E-03   1.59891485E-01
    12     2.1544E-01  -5.35561759E+02 +/-   1.68640411E-03   2.84668903E-01
    13     4.6416E-02  -5.34946997E+02 +/-   2.51715585E-03   6.34215619E-01
    14     1.0000E-02  -5.32152412E+02 +/-   2.43685724E-02   5.94397397E+01
    15     2.1544E-03  -5.32151522E+02 +/-   2.51503011E-02   6.33144879E+01
    16     4.6416E-04  -5.32151289E+02 +/-   2.53587197E-02   6.43682007E+01
    17     1.0000E-04  -5.32151236E+02 +/-   2.54055643E-02   6.46062320E+01
    18     2.1544E-05  -5.32151225E+02 +/-   2.54157474E-02   6.46580340E+01
    19     4.6416E-06  -5.32151223E+02 +/-   2.54179461E-02   6.46692214E+01
    20     1.0000E-06  -5.32151222E+02 +/-   2.54184202E-02   6.46716336E+01
    21     0.0000E+00  -5.32151222E+02 +/-   2.54185505E-02   6.46722966E+01
  ParMin   1.7193E+02  -5.35993680E+02 +/-   8.75453047E-05   7.67153799E-04
  # Using grid point #8
* Iteration # 1: E =  -5.359936805895E+02 +/-   8.749237278641E-05
* Convergence: exiting.
* After optimization:
   7.7819E+00   7.2621E+00   7.9419E+00   7.8617E+00  -1.2984E+00  -1.3461E+00
  -6.4913E-01   1.1343E+00  -7.5148E-01  -7.5618E-01  -2.3291E+00  -2.3372E+00
  -2.7873E+00  -2.7930E+00  -1.1730E+00  -4.2781E+00  -1.0484E+00  -1.3416E-01
  -1.3429E-01  -2.5919E+00  -2.5907E+00  -1.0364E+00  -1.0323E+00  -1.8722E-02
  -2.4959E-02  -9.4585E-01  -1.6322E+00  -1.6283E+00  -2.9810E+00  -2.9811E+00
  -3.0053E+00  -3.0057E+00  -5.3543E-01  -5.3229E-01  -4.8942E+00  -4.8648E+00
  -5.8650E-01  -5.8603E-01  -5.7100E-01  -5.7290E-01  -4.8770E-01  -4.8439E-01
  -4.8824E-01  -4.8547E-01  -2.4445E+00  -2.4428E+00   3.7937E-04  -2.4506E+00
  -2.4491E+00  -2.9577E+00  -2.9579E+00  -2.9571E+00  -2.9575E+00  -2.9575E+00
  -2.9584E+00  -2.9590E+00  -2.9576E+00   1.6633E+01  -1.5447E+01   8.9571E+00
  -8.3258E+00  -7.4569E-01  -4.3189E-01   1.0001E+01  -9.2804E+00   2.1545E+01
  -1.9247E+01   2.2806E+01  -2.0006E+01   1.1185E+01  -1.0019E+01   3.4276E+01
  -3.0013E+01   9.1905E+00  -8.1437E+00   4.3163E+00  -4.1887E+00   2.1693E+01
  -1.9093E+01   1.0162E+01  -9.1182E+00   4.2808E+00  -4.2378E+00   9.1517E+00
  -8.1931E+00   1.6827E+01  -1.5177E+01   2.2902E+01  -1.9923E+01   2.1965E+01
  -1.8957E+01   5.5468E+00  -5.0091E+00   3.4705E+01  -2.9809E+01   3.4684E+01
  -2.9817E+01   4.6223E+00  -4.0361E+00   4.6133E+00  -4.0382E+00   5.5117E+00
  -5.0301E+00   5.5115E+00  -5.0304E+00   1.7346E+01  -1.4903E+01   4.2884E-03
  -2.4886E-03   1.7355E+01  -1.4904E+01   2.1933E+01  -1.8977E+01   2.1933E+01
  -1.8977E+01   2.1932E+01  -1.8977E+01   2.1933E+01  -1.8977E+01  -1.2298E-01
  -1.0214E-01   7.2438E-02   8.7895E-01   1.2579E+00   7.6632E-01   8.3787E-01
  -3.1352E-01  -3.1335E-01  -4.1110E-01  -1.9304E-01  -2.5214E-01  -2.0546E-03
  -8.5971E-02   1.7819E-02   4.8471E-03   2.8148E-02   1.1066E-02   2.7898E-04
   2.4251E-03  -3.6633E-02   4.2274E-02   2.2918E-02  -1.0009E-02  -1.0036E-02
   4.2897E-02   2.4741E-02   4.9768E-02   7.8045E-03  -6.6080E-02  -6.8142E-02
   3.7825E-03   1.4963E-01  -1.4205E-02  -4.6410E-02  -4.7656E-02  -4.5572E-02
  -4.7037E-02   1.5735E-02  -8.6037E-02  -2.1402E-01  -1.3328E-01  -1.2425E-01
  -1.2254E-01   4.6269E-02  -8.5817E-02   2.1382E-02  -2.4450E-02   3.4397E-02
   2.1720E-02   2.9874E-02  -2.9345E-02   1.2598E-02   6.0520E-02   1.9524E-02
  -1.2499E-02  -1.4475E-02   3.8589E-02   1.6748E-02   3.5147E-02   4.8095E-03
  -4.6560E-02  -4.6234E-02   1.4882E-02   1.0163E-01  -3.2953E-02  -1.9514E-02
  -2.0614E-02  -2.1106E-02  -1.9102E-02  -9.3586E-03  -2.2834E-01  -2.5350E-01
  -2.6504E-01  -1.5352E-01  -2.1243E-01  -6.3223E-02  -1.2346E-01   3.2207E-02
  -2.1761E-02   2.8278E-02   1.7682E-02  -1.4162E-02  -2.4867E-02  -6.3205E-02
  -1.3961E-02   1.4229E-02  -6.2096E-03   4.7277E-03   1.0133E-02   3.8468E-03
   2.2196E-02  -1.9728E-02  -4.4956E-02  -4.5210E-02  -5.1866E-04   5.9177E-02
   2.9308E-02  -4.5207E-02  -4.6480E-02  -4.3741E-02  -4.7013E-02   4.8212E-02
  -1.6903E-01  -1.9073E-01  -1.3115E-01  -1.2945E-01  -1.3039E-01  -7.6865E-03
  -1.1864E-01   3.1494E-02  -5.7861E-02   2.2374E-02   2.6676E-02   1.6508E-02
  -4.8862E-02  -1.3741E-02   1.6019E-02   6.0448E-03  -8.5832E-03  -1.5282E-03
   4.3186E-03  -4.4236E-03   1.0665E-02  -2.2434E-02  -1.9915E-02  -2.0204E-02
   1.2061E-02   1.4793E-02   1.1068E-02  -1.7032E-02  -1.6453E-02  -1.5249E-02
  -1.5633E-02   2.0979E-02
  > Energy =  -5.359936805895E+02 +/-   8.749237278641E-05
  > varE =   7.662264014480E-04

VMC #7:
* Size of Hilbert space =   1.1779E+07
* Number of equil. steps   = 1000
* Running VMC equilibration.
  Done. [total walltime: 0.18s]
* Equil. acc.ratio (%)     =  17.6758
* Sample config after equilibration:
  +-------------+
  |  d       u  |
  |      2      |
  |    u   0    |
  |u           d|
  |d           2|
  |    0   0    |
  |      2      |
  |  u       d  |
  +-------------+
* Number of accum. steps   = 500480 x 10
* Running VMC accumulation.
    [walltime: 1m elapsed, 2m13s remaining]
  Done. [total walltime: 3m13s]
* Acceptance ratio (%)     =  17.6357
* Etot/t                   =  -5.359938353279E+02 +/-   3.969717214678E-05
  > Ttot/t                 =  -3.898791044546E+01 +/-   6.921783472640E-04
  > Utot/t                 =   1.646070865551E+01 +/-   6.796717473779E-04
* var[Eloc/t]              =   7.777958105590E-04 +/-   2.806186512718E-05
* Correlation length       =   1.014005402121E+00
* log10 Psi^2 range: -26.32883035097009 -- -18.30797457475357
* log10 Pgen range : -26.32883035097009 -- -18.30797457475357
* Site occupation (ave. no. electrons per config.):
  > Site_  ___eu____  ___ed____
      1        0.498      0.498
      2        0.502      0.504
      3        0.502      0.502
      4        0.502      0.504
      5        0.496      0.498
      6        0.499      0.498
      7        0.503      0.503
      8        0.498      0.494
      9        0.499      0.499
     10        0.498      0.500
     11        0.498      0.496
     12        0.503      0.502
     13        0.501      0.501
     14        0.500      0.499
* Pair-correlation analysis (ave. no. pairs per config.):
  > Shell  nsite  ___dh____  __eueu___  __eued___
      0      1        0          0          2.386
      1      1        0.857      0.601      2.564
      2      1        0.286      0.661      1.091
      3      1        0.250      0.709      1.098
      4      1        0.643      1.105      2.322
      5      1        0.488      1.442      2.142
      6      1        0.224      2.079      1.911
      7      1        0.068      0.419      0.571
      8      1        0.135      0.843      1.094
      9      1        0.152      0.910      1.049
     10      1        0.273      1.857      2.103
     11      1        0.236      2.075      1.911
     12      1        0.239      2.136      1.890
     13      1        0.239      2.125      1.902
     14      1        0.133      1.052      0.947
     15      1        0.210      2.154      1.874
     16      1        0.213      1.948      2.062
     17      1        0.238      2.031      1.943
     18      1        0.220      2.081      1.957
     19      1        0.107      0.979      1.006
     20      1        0.109      1.004      0.978
     21      1        0.253      1.926      2.061
     22      1        0.247      2.048      1.953
     23      1        0.116      0.941      1.066
     24      1        0.118      0.943      1.065
     25      1        0.217      1.972      2.033
     26      1        0.113      0.988      1.027
     27      1        0.221      2.029      1.970
     28      1        0.062      0.482      0.510
     29      1        0.063      0.478      0.505
     30      1        0.061      0.483      0.510
     31      1        0.062      0.478      0.509
     32      1        0.113      1.021      0.993

Optimization #7:
* Method          : lls
* Target function : energy
* No. of configs. : 100096
* No. of params.  : 254
* Before optimization:
   7.7819E+00   7.2621E+00   7.9419E+00   7.8617E+00  -1.2984E+00  -1.3461E+00
  -6.4913E-01   1.1343E+00  -7.5148E-01  -7.5618E-01  -2.3291E+00  -2.3372E+00
  -2.7873E+00  -2.7930E+00  -1.1730E+00  -4.2781E+00  -1.0484E+00  -1.3416E-01
  -1.3429E-01  -2.5919E+00  -2.5907E+00  -1.0364E+00  -1.0323E+00  -1.8722E-02
  -2.4959E-02  -9.4585E-01  -1.6322E+00  -1.6283E+00  -2.9810E+00  -2.9811E+00
  -3.0053E+00  -3.0057E+00  -5.3543E-01  -5.3229E-01  -4.8942E+00  -4.8648E+00
  -5.8650E-01  -5.8603E-01  -5.7100E-01  -5.7290E-01  -4.8770E-01  -4.8439E-01
  -4.8824E-01  -4.8547E-01  -2.4445E+00  -2.4428E+00   3.7937E-04  -2.4506E+00
  -2.4491E+00  -2.9577E+00  -2.9579E+00  -2.9571E+00  -2.9575E+00  -2.9575E+00
  -2.9584E+00  -2.9590E+00  -2.9576E+00   1.6633E+01  -1.5447E+01   8.9571E+00
  -8.3258E+00  -7.4569E-01  -4.3189E-01   1.0001E+01  -9.2804E+00   2.1545E+01
  -1.9247E+01   2.2806E+01  -2.0006E+01   1.1185E+01  -1.0019E+01   3.4276E+01
  -3.0013E+01   9.1905E+00  -8.1437E+00   4.3163E+00  -4.1887E+00   2.1693E+01
  -1.9093E+01   1.0162E+01  -9.1182E+00   4.2808E+00  -4.2378E+00   9.1517E+00
  -8.1931E+00   1.6827E+01  -1.5177E+01   2.2902E+01  -1.9923E+01   2.1965E+01
  -1.8957E+01   5.5468E+00  -5.0091E+00   3.4705E+01  -2.9809E+01   3.4684E+01
  -2.9817E+01   4.6223E+00  -4.0361E+00   4.6133E+00  -4.0382E+00   5.5117E+00
  -5.0301E+00   5.5115E+00  -5.0304E+00   1.7346E+01  -1.4903E+01   4.2884E-03
  -2.4886E-03   1.7355E+01  -1.4904E+01   2.1933E+01  -1.8977E+01   2.1933E+01
  -1.8977E+01   2.1932E+01  -1.8977E+01   2.1933E+01  -1.8977E+01  -1.2298E-01
  -1.0214E-01   7.2438E-02   8.7895E-01   1.2579E+00   7.6632E-01   8.3787E-01
  -3.1352E-01  -3.1335E-01  -4.1110E-01  -1.9304E-01  -2.5214E-01  -2.0546E-03
  -8.5971E-02   1.7819E-02   4.8471E-03   2.8148E-02   1.1066E-02   2.7898E-04
   2.4251E-03  -3.6633E-02   4.2274E-02   2.2918E-02  -1.0009E-02  -1.0036E-02
   4.2897E-02   2.4741E-02   4.9768E-02   7.8045E-03  -6.6080E-02  -6.8142E-02
   3.7825E-03   1.4963E-01  -1.4205E-02  -4.6410E-02  -4.7656E-02  -4.5572E-02
  -4.7037E-02   1.5735E-02  -8.6037E-02  -2.1402E-01  -1.3328E-01  -1.2425E-01
  -1.2254E-01   4.6269E-02  -8.5817E-02   2.1382E-02  -2.4450E-02   3.4397E-02
   2.1720E-02   2.9874E-02  -2.9345E-02   1.2598E-02   6.0520E-02   1.9524E-02
  -1.2499E-02  -1.4475E-02   3.8589E-02   1.6748E-02   3.5147E-02   4.8095E-03
  -4.6560E-02  -4.6234E-02   1.4882E-02   1.0163E-01  -3.2953E-02  -1.9514E-02
  -2.0614E-02  -2.1106E-02  -1.9102E-02  -9.3586E-03  -2.2834E-01  -2.5350E-01
  -2.6504E-01  -1.5352E-01  -2.1243E-01  -6.3223E-02  -1.2346E-01   3.2207E-02
  -2.1761E-02   2.8278E-02   1.7682E-02  -1.4162E-02  -2.4867E-02  -6.3205E-02
  -1.3961E-02   1.4229E-02  -6.2096E-03   4.7277E-03   1.0133E-02   3.8468E-03
   2.2196E-02  -1.9728E-02  -4.4956E-02  -4.5210E-02  -5.1866E-04   5.9177E-02
   2.9308E-02  -4.5207E-02  -4.6480E-02  -4.3741E-02  -4.7013E-02   4.8212E-02
  -1.6903E-01  -1.9073E-01  -1.3115E-01  -1.2945E-01  -1.3039E-01  -7.6865E-03
  -1.1864E-01   3.1494E-02  -5.7861E-02   2.2374E-02   2.6676E-02   1.6508E-02
  -4.8862E-02  -1.3741E-02   1.6019E-02   6.0448E-03  -8.5832E-03  -1.5282E-03
   4.3186E-03  -4.4236E-03   1.0665E-02  -2.2434E-02  -1.9915E-02  -2.0204E-02
   1.2061E-02   1.4793E-02   1.1068E-02  -1.7032E-02  -1.6453E-02  -1.5249E-02
  -1.5633E-02   2.0979E-02
  > E    =  -5.359939701211E+02 +/-   8.719248034201E-05
  > varE =   7.609827055675E-04
* Computing derivatives.
    [walltime: 1m21s elapsed, 2h31m remaining]
    [walltime: 1h elapsed, 1h31m remaining]
  Done. [total walltime: 2h32m]
* Optimizing manipulation constant:
  #igrid a___________ E____________________________________ varE____________
     1     Infinity    -5.35993970E+02 +/-   8.71924803E-05   7.60982706E-04
     2     1.0000E+06  -5.35993970E+02 +/-   8.71924577E-05   7.60982310E-04
     3     2.1544E+05  -5.35993970E+02 +/-   8.71923753E-05   7.60980871E-04
     4     4.6416E+04  -5.35993970E+02 +/-   8.71919927E-05   7.60974194E-04
     5     1.0000E+04  -5.35993970E+02 +/-   8.71902191E-05   7.60943236E-04
     6     2.1544E+03  -5.35993970E+02 +/-   8.71820308E-05   7.60800317E-04
     7     4.6416E+02  -5.35993971E+02 +/-   8.71449669E-05   7.60153573E-04
     8     1.0000E+02  -5.35993974E+02 +/-   8.69928906E-05   7.57502806E-04
     9     2.1544E+01  -5.35993979E+02 +/-   8.66900869E-05   7.52238573E-04
    10     4.6416E+00  -5.35993820E+02 +/-   9.39720764E-05   8.83922866E-04
    11     1.0000E+00  -5.35973059E+02 +/-   4.24817474E-04   1.80643137E-02
    12     2.1544E-01  -5.34995287E+02 +/-   2.52330236E-03   6.37316718E-01
    13     4.6416E-02  -5.34621664E+02 +/-   2.78351548E-03   7.75539645E-01
    14     1.0000E-02  -5.34950614E+02 +/-   2.58379453E-03   6.68240314E-01
    15     2.1544E-03  -5.32591776E+02 +/-   3.25985968E-03   1.06368867E+00
    16     4.6416E-04  -5.32541675E+02 +/-   3.40574408E-03   1.16102279E+00
    17     1.0000E-04  -5.32540860E+02 +/-   3.46990196E-03   1.20517782E+00
    18     2.1544E-05  -5.32540917E+02 +/-   3.48559690E-03   1.21610492E+00
    19     4.6416E-06  -5.32540938E+02 +/-   3.48906956E-03   1.21852931E+00
    20     1.0000E-06  -5.32540943E+02 +/-   3.48982201E-03   1.21905493E+00
    21     0.0000E+00  -5.32540945E+02 +/-   3.49002890E-03   1.21919948E+00
  ParMin   4.4250E+01  -5.35993977E+02 +/-   8.68149856E-05   7.54407710E-04
  # Using grid point #9
* Iteration # 1: E =  -5.359939787080E+02 +/-   8.669008690742E-05
* Convergence: exiting.
* After optimization:
   7.6854E+00   7.1769E+00   7.8476E+00   7.7719E+00  -1.2447E+00  -1.2923E+00
  -6.6638E-01   1.1330E+00  -7.8458E-01  -7.8929E-01  -2.2832E+00  -2.2916E+00
  -2.7572E+00  -2.7630E+00  -1.2226E+00  -4.1685E+00  -1.0653E+00  -1.4308E-01
  -1.4335E-01  -2.5458E+00  -2.5446E+00  -1.0696E+00  -1.0655E+00  -2.7803E-02
  -3.3961E-02  -9.6271E-01  -1.5779E+00  -1.5740E+00  -2.9508E+00  -2.9511E+00
  -2.9588E+00  -2.9593E+00  -5.6036E-01  -5.5719E-01  -4.7842E+00  -4.7549E+00
  -5.9502E-01  -5.9464E-01  -5.7957E-01  -5.8149E-01  -5.1262E-01  -5.0924E-01
  -5.1313E-01  -5.1020E-01  -2.3896E+00  -2.3880E+00   2.6663E-04  -2.3955E+00
  -2.3941E+00  -2.9112E+00  -2.9116E+00  -2.9106E+00  -2.9112E+00  -2.9110E+00
  -2.9120E+00  -2.9125E+00  -2.9113E+00   1.6248E+01  -1.5116E+01   9.0741E+00
  -8.4256E+00  -7.4506E-01  -4.3084E-01   1.0232E+01  -9.4779E+00   2.1218E+01
  -1.8965E+01   2.2592E+01  -1.9823E+01   1.1529E+01  -1.0314E+01   3.3504E+01
  -2.9351E+01   9.3075E+00  -8.2439E+00   4.3749E+00  -4.2384E+00   2.1365E+01
  -1.8812E+01   1.0392E+01  -9.3156E+00   4.3394E+00  -4.2874E+00   9.2687E+00
  -8.2933E+00   1.6442E+01  -1.4846E+01   2.2688E+01  -1.9739E+01   2.1638E+01
  -1.8676E+01   5.7190E+00  -5.1564E+00   3.3933E+01  -2.9147E+01   3.3912E+01
  -2.9155E+01   4.6808E+00  -4.0862E+00   4.6718E+00  -4.0882E+00   5.6838E+00
  -5.1774E+00   5.6836E+00  -5.1776E+00   1.6960E+01  -1.4572E+01   4.3849E-03
  -2.4867E-03   1.6969E+01  -1.4573E+01   2.1605E+01  -1.8696E+01   2.1605E+01
  -1.8696E+01   2.1605E+01  -1.8696E+01   2.1605E+01  -1.8696E+01  -1.2335E-01
  -1.0206E-01   7.2576E-02   8.6309E-01   1.2275E+00   7.5172E-01   8.1977E-01
  -3.0940E-01  -3.0747E-01  -4.0380E-01  -1.8927E-01  -2.4848E-01  -2.1465E-03
  -8.4011E-02   1.7321E-02   4.4873E-03   2.6597E-02   1.0692E-02   9.9023E-05
   3.1669E-03  -3.5544E-02   4.1451E-02   2.2552E-02  -9.8540E-03  -9.6003E-03
   4.1260E-02   2.4153E-02   4.9419E-02   7.7059E-03  -6.4254E-02  -6.6123E-02
   5.1955E-03   1.4443E-01  -1.3320E-02  -4.5019E-02  -4.6140E-02  -4.4226E-02
  -4.5621E-02   1.5469E-02  -8.6063E-02  -2.0950E-01  -1.3100E-01  -1.2163E-01
  -1.2044E-01   4.4988E-02  -8.3838E-02   2.1382E-02  -2.3901E-02   3.3476E-02
   2.0679E-02   2.9034E-02  -2.8889E-02   1.2247E-02   5.8788E-02   1.9081E-02
  -1.2434E-02  -1.4259E-02   3.7110E-02   1.6866E-02   3.4901E-02   5.0963E-03
  -4.5449E-02  -4.5113E-02   1.5446E-02   9.8426E-02  -3.1270E-02  -1.8950E-02
  -2.0038E-02  -2.0473E-02  -1.8650E-02  -8.0778E-03  -2.2971E-01  -2.5300E-01
  -2.6631E-01  -1.5366E-01  -2.1299E-01  -6.2933E-02  -1.2305E-01   3.2135E-02
  -2.2154E-02   2.7407E-02   1.7577E-02  -1.4556E-02  -2.3577E-02  -6.3165E-02
  -1.3905E-02   1.4410E-02  -5.8017E-03   4.9939E-03   1.0584E-02   3.5913E-03
   2.2219E-02  -1.9925E-02  -4.4777E-02  -4.5095E-02   3.0915E-04   5.8882E-02
   2.8528E-02  -4.4741E-02  -4.5899E-02  -4.3307E-02  -4.6448E-02   4.7078E-02
  -1.6964E-01  -1.8996E-01  -1.3126E-01  -1.2936E-01  -1.2996E-01  -7.5751E-03
  -1.1807E-01   3.1798E-02  -5.7862E-02   2.2289E-02   2.6260E-02   1.6005E-02
  -4.8731E-02  -1.4222E-02   1.5567E-02   6.1708E-03  -8.4730E-03  -1.5136E-03
   4.8853E-03  -4.1123E-03   1.0509E-02  -2.2376E-02  -2.0064E-02  -2.0318E-02
   1.2080E-02   1.5423E-02   1.0632E-02  -1.6846E-02  -1.6345E-02  -1.5162E-02
  -1.5632E-02   2.1005E-02
  > Energy =  -5.359939787080E+02 +/-   8.669008690742E-05
  > varE =   7.522385732337E-04

VMC #8:
* Size of Hilbert space =   1.1779E+07
* Number of equil. steps   = 1000
* Running VMC equilibration.
  Done. [total walltime: 0.18s]
* Equil. acc.ratio (%)     =  18.1219
* Sample config after equilibration:
  +-------------+
  |  u       2  |
  |      u      |
  |    d   u    |
  |d           0|
  |d           u|
  |    2   d    |
  |      0      |
  |  u       d  |
  +-------------+
* Number of accum. steps   = 500480 x 10
* Running VMC accumulation.
    [walltime: 1m elapsed, 2m13s remaining]
  Done. [total walltime: 3m13s]
* Acceptance ratio (%)     =  18.0015
* Etot/t                   =  -5.359938312143E+02 +/-   4.017455159195E-05
  > Ttot/t                 =  -3.898687427480E+01 +/-   6.871664876190E-04
  > Utot/t                 =   1.645967659845E+01 +/-   6.734986960555E-04
* var[Eloc/t]              =   7.748650063930E-04 +/-   2.131489849229E-05
* Correlation length       =   1.042468053853E+00
* log10 Psi^2 range: -26.94700807897881 -- -18.28690525367554
* log10 Pgen range : -26.94700807897881 -- -18.28690525367554
* Site occupation (ave. no. electrons per config.):
  > Site_  ___eu____  ___ed____
      1        0.496      0.497
      2        0.501      0.503
      3        0.499      0.504
      4        0.503      0.503
      5        0.500      0.499
      6        0.498      0.499
      7        0.505      0.503
      8        0.500      0.498
      9        0.494      0.498
     10        0.501      0.498
     11        0.498      0.498
     12        0.503      0.500
     13        0.500      0.501
     14        0.501      0.498
* Pair-correlation analysis (ave. no. pairs per config.):
  > Shell  nsite  ___dh____  __eueu___  __eued___
      0      1        0          0          2.384
      1      1        0.859      0.605      2.563
      2      1        0.285      0.656      1.091
      3      1        0.251      0.705      1.096
      4      1        0.643      1.105      2.320
      5      1        0.488      1.447      2.141
      6      1        0.225      2.087      1.918
      7      1        0.068      0.418      0.574
      8      1        0.137      0.848      1.102
      9      1        0.151      0.910      1.042
     10      1        0.274      1.850      2.094
     11      1        0.238      2.077      1.912
     12      1        0.236      2.137      1.889
     13      1        0.236      2.117      1.904
     14      1        0.131      1.049      0.945
     15      1        0.214      2.158      1.874
     16      1        0.216      1.952      2.071
     17      1        0.239      2.032      1.949
     18      1        0.222      2.083      1.951
     19      1        0.108      0.985      1.008
     20      1        0.109      1.010      0.982
     21      1        0.254      1.922      2.053
     22      1        0.248      2.037      1.950
     23      1        0.117      0.940      1.065
     24      1        0.118      0.941      1.062
     25      1        0.217      1.973      2.035
     26      1        0.112      0.986      1.022
     27      1        0.215      2.030      1.979
     28      1        0.063      0.482      0.511
     29      1        0.062      0.483      0.509
     30      1        0.062      0.480      0.509
     31      1        0.064      0.480      0.509
     32      1        0.112      1.018      0.990

VDAGGER finished.
Total VDAGGER walltime: 1d15h

Run ended: Fri 31 Oct 2025 02:24:24 PM CET
