Run started: Fri Nov  7 09:14:58 CET 2025
Using VDAGGER_ARCH = gnu7_fkfamd_cluster
Running 1x128 MPI processes.

                               xx
                              +##
                               #X
                               Xx
                          X##XxXxxX##x
                           +   Xx  ++
                               ##
                              +##
                              +##
     ++++         ++          +##
   xX+++##+      ####         +##
  Xx    ###      +X##          ##
 xX    X##+        ##          #X
 +    x##X         #x          #X
      ###         +#           x+
     X##+         #+
     ###         Xx                    _______
     ##X       +X+   __________________VDAGGER
     +##x    +xX     2nd quantized variational
       +xxxxx+       ______quantum Monte Carlo

* Running 1024 MPI processes.
* Input file: "input.casl"

############# Start of input file dump #############
General:
  Random seed: timer

Plan:
  VMC-optimization:
    Minimum cycles: 10
    Convergence cycles: 5

System:
  Read Hamiltonian: FCIDUMP_loc_anthracene
  Read orbitals: LTSC_anthracene
  Complex orbitals: F
  Geometry:
    r_2: [ -6.89057736642100, 1.34708197213400 ]
    r_13: [ -6.89057736642100, -1.34708197213400 ]
    r_8: [ -4.67281867250400, 2.65001080964900 ]
    r_14: [ -4.67281867250400, -2.65001080964900 ]
    r_6: [ -2.30211174438900, 1.35516771450000 ]
    r_1: [ -2.30211174438900, -1.35516771450000 ]
    r_4: [ 0.00000000000000, 2.63879101222700 ]
    r_7: [ 0.00000000000000, -2.63879101222700 ]
    r_11: [ 2.30211174438900, 1.35516771450000 ]
    r_9: [ 2.30211174438900, -1.35516771450000 ]
    r_10: [ 4.67281867250400, 2.65001080964900 ]
    r_5: [ 4.67281867250400, -2.65001080964900 ]
    r_3: [ 6.89057736642100, 1.34708197213400 ]
    r_12: [ 6.89057736642100, -1.34708197213400 ]

VMC:
  nstep: 500000
  nconfig: 100000

Jastrow: wfn.casl

Backflow: wfn.casl

Multideterminants: wfn.casl
############## End of input file dump ##############

General setup:
* Random seed: 1192172888 (from timer)

* Loaded integrals for system with nelec=14, ms2=0, norb=14
* INFO: setting number of electrons from integrals file.
* Analysis of Hamiltonian connecitivity performed:
  - T_ii (local, 1-site): 14 (i) values
  - U_iiii [opp] (local, 1-site): 14 (i) values
  - U_kkii [opp] (local, 2-site): 182 contribs. from 14 (i) values
  - U_kkii [par] (local, 2-site): 91 contribs. from 13 (i) values
  - T_ji (single, 2-site): 182 contribs. from 14 (i) values
  - U_kkji [opp] (single, 2/3-site): 2548 contribs. from 182 (i,j) pairs
  - U_kkji [par] (single, 3-site): 2366 contribs. from 182 (i,j) pairs
  - U_lkji [opp] (double, 2/3/4-site): 33124 contribs. from 182 (i,j) pairs
  - U_lkji [par] (double, 4-site): 7462 contribs. from 156 (i,j) pairs
  - Max. no. wfn. ratios in Eloc: 4407
* Reading override orbitals from file "LTSC_anthracene".
* Site labels:
  +--------------------+
  |    8          10   |
  |          4         |
  |       6    11      |
  | 2                 3|
  |13                12|
  |       1     9      |
  |          7         |
  |   14           5   |
  +--------------------+
* Automatically set Site kinds:
  [ 1, 2, 2, 3, 4, 1, 3, 4, 1, 4, 1, 2, 2, 4 ]
  +-------------+
  |  4       4  |
  |      3      |
  |    1   1    |
  |2           2|
  |2           2|
  |    1   1    |
  |      3      |
  |  4       4  |
  +-------------+
* Maximum Site kind: 4
* Number of site-pair kinds with Tij=0: 0
* Automatically set Site pair kinds:
  Site 1: [ 0, -10, -21, 12, -31, -2, -4, -11, -14, -17, -9, 22, 13, -5 ]
  Site 2: [ -10, 0, 32, 24, 27, 13, 18, 1, -21, -25, -22, 26, -3, 15 ]
  Site 3: [ -21, 32, 0, -24, 15, 22, -18, 25, -10, -1, -13, -3, 26, 27 ]
  Site 4: [ 12, 24, -24, 0, -16, -4, -7, -6, -12, -6, -4, -18, 18, 16 ]
  Site 5: [ -31, 27, 15, -16, 0, -17, -6, -19, -5, -8, -11, -1, -25, 20 ]
  Site 6: [ -2, 13, 22, -4, -17, 0, 12, 5, 9, -28, 14, -21, -10, 11 ]
  Site 7: [ -4, 18, -18, -7, -6, 12, 0, -16, 4, -16, 12, -23, 23, 6 ]
  Site 8: [ -11, 1, 25, -6, -19, 5, -16, 0, 17, -20, -29, -27, -15, 8 ]
  Site 9: [ -14, -21, -10, -12, -5, 9, 4, 17, 0, 11, 2, 13, 22, -30 ]
  Site 10: [ -17, -25, -1, -6, -8, -28, -16, -20, 11, 0, 5, 15, 27, 19 ]
  Site 11: [ -9, -22, -13, -4, -11, 14, 12, -29, 2, 5, 0, 10, 21, 17 ]
  Site 12: [ 22, 26, -3, -18, -1, -21, -23, -27, 13, 15, 10, 0, 32, -25 ]
  Site 13: [ 13, -3, 26, 18, -25, -10, 23, -15, 22, 27, 21, 32, 0, -1 ]
  Site 14: [ -5, 15, 27, 16, 20, 11, 6, 8, -30, 19, 17, -25, -1, 0 ]
  For site 1 of kind 1:
  +---------------------------+
  |    -11             -17    |
  |             12            |
  |         -2      -9        |
  |-10                     -21|
  | 13                      22|
  |          0     -14        |
  |             -4            |
  |     -5             -31    |
  +---------------------------+
  For site 2 of kind 2:
  +---------------------------+
  |      1             -25    |
  |             24            |
  |         13     -22        |
  |  0                      32|
  | -3                      26|
  |        -10     -21        |
  |             18            |
  |     15              27    |
  +---------------------------+
  For site 4 of kind 3:
  +---------------------------+
  |     -6              -6    |
  |              0            |
  |         -4      -4        |
  | 24                     -24|
  | 18                     -18|
  |         12     -12        |
  |             -7            |
  |     16             -16    |
  +---------------------------+
  For site 5 of kind 4:
  +---------------------------+
  |    -19              -8    |
  |            -16            |
  |        -17     -11        |
  | 27                      15|
  |-25                      -1|
  |        -31      -5        |
  |             -6            |
  |     20               0    |
  +---------------------------+
* Maximum (unsigned) Site pair kind: 32
General system setup:
* Number of sites       : 14
* Number of electrons   : 14
* Spin imbalance MS2    : 0
* Filling               : 0.500000
* Number of orbitals in pool: 14
* Using real-valued orbitals
* Using double-precision arithmetic for orbitals

Trial wave function setup:
* Jastrow parameter file: "wfn.casl"
* Multideterminant parameter file: "wfn.casl"
* Backflow parameter file: "wfn.casl"
* Not using wave function manipulation

VMC #1:
* Size of Hilbert space =   1.1779E+07
* Number of equil. steps   = 1000
* Running VMC equilibration.
  Done. [total walltime: 0.48s]
* Equil. acc.ratio (%)     =  18.2055
* Sample config after equilibration:
  +-------------+
  |  u       d  |
  |      0      |
  |    d   u    |
  |d           2|
  |2           d|
  |    u   u    |
  |      2      |
  |  0       0  |
  +-------------+
* Number of accum. steps   = 501760 x 10
* Running VMC accumulation.
    [walltime: 1m elapsed, 12.1s remaining]
  Done. [total walltime: 1m12s]
* Acceptance ratio (%)     =  18.1942
* Etot/t                   =  -5.359941047290E+02 +/-   3.328051733762E-05
  > Ttot/t                 =  -3.899763652047E+01 +/-   6.801334374902E-04
  > Utot/t                 =   1.647016532941E+01 +/-   6.777021576801E-04
* var[Eloc/t]              =   5.548452297640E-04 +/-   4.202914867644E-06
* Correlation length       =   1.001623066588E+00
* log10 Psi^2 range: -23.700439140218663 -- -16.101880879242941
* log10 Pgen range : -23.700439140218663 -- -16.101880879242941
* Site occupation (ave. no. electrons per config.):
  > Site_  ___eu____  ___ed____
      1        0.497      0.496
      2        0.500      0.498
      3        0.501      0.499
      4        0.505      0.503
      5        0.502      0.501
      6        0.496      0.499
      7        0.505      0.507
      8        0.500      0.502
      9        0.496      0.495
     10        0.501      0.502
     11        0.497      0.499
     12        0.500      0.500
     13        0.500      0.499
     14        0.501      0.501
* Pair-correlation analysis (ave. no. pairs per config.):
  > Shell  nsite  ___dh____  __eueu___  __eued___
      0      1        0          0          2.402
      1      1        0.865      0.595      2.565
      2      1        0.292      0.652      1.083
      3      1        0.249      0.700      1.089
      4      1        0.656      1.102      2.317
      5      1        0.493      1.457      2.140
      6      1        0.230      2.098      1.932
      7      1        0.071      0.423      0.573
      8      1        0.137      0.856      1.110
      9      1        0.154      0.906      1.042
     10      1        0.276      1.835      2.089
     11      1        0.240      2.086      1.916
     12      1        0.242      2.143      1.893
     13      1        0.240      2.107      1.892
     14      1        0.135      1.047      0.940
     15      1        0.216      2.159      1.868
     16      1        0.218      1.968      2.085
     17      1        0.245      2.038      1.947
     18      1        0.226      2.079      1.949
     19      1        0.108      0.996      1.014
     20      1        0.110      1.018      0.992
     21      1        0.257      1.911      2.044
     22      1        0.249      2.036      1.937
     23      1        0.122      0.942      1.064
     24      1        0.118      0.938      1.061
     25      1        0.224      1.968      2.029
     26      1        0.113      0.978      1.013
     27      1        0.218      2.028      1.980
     28      1        0.063      0.483      0.512
     29      1        0.064      0.480      0.515
     30      1        0.064      0.478      0.511
     31      1        0.064      0.481      0.512
     32      1        0.110      1.013      0.984

Optimization #1:
* Method          : lls
* Target function : energy
* No. of configs. : 100352
* No. of params.  : 260
* Before optimization:
   9.2758E+00   9.0205E+00   9.5243E+00   9.3864E+00  -1.5754E+00  -1.5975E+00
  -5.0507E-01   1.0242E+00  -1.0872E+00  -1.0897E+00  -2.4332E+00  -2.4422E+00
  -3.3553E+00  -3.3629E+00  -1.9567E+00  -4.6432E+00  -8.9795E-01  -9.5424E-02
  -1.0254E-01  -2.6911E+00  -2.6895E+00  -1.3593E+00  -1.3528E+00   1.2760E-02
   3.1112E-03  -8.0611E-01  -1.8705E+00  -1.8592E+00  -3.5316E+00  -3.5324E+00
  -3.0803E+00  -3.0807E+00  -9.4934E-01  -9.4073E-01  -5.1807E+00  -5.1612E+00
  -5.1257E-01  -5.1858E-01  -5.0120E-01  -5.0791E-01  -9.1020E-01  -9.0113E-01
  -9.1020E-01  -8.9977E-01  -2.5917E+00  -2.5839E+00   2.9115E-03  -2.5913E+00
  -2.5833E+00  -3.0409E+00  -3.0406E+00  -3.0404E+00  -3.0413E+00  -3.0403E+00
  -3.0406E+00  -3.0410E+00  -3.0399E+00   1.7706E+01  -1.6236E+01   7.7268E+00
  -7.2400E+00  -6.6518E-01  -3.8209E-01   1.2053E+01  -1.0990E+01   2.1958E+01
  -1.9546E+01   2.6495E+01  -2.3124E+01   1.6517E+01  -1.4569E+01   3.6339E+01
  -3.1703E+01   7.9447E+00  -7.0462E+00   3.7219E+00  -3.6301E+00   2.2101E+01
  -1.9400E+01   1.2211E+01  -1.0845E+01   3.6832E+00  -3.6750E+00   7.9053E+00
  -7.0878E+00   1.7886E+01  -1.6004E+01   2.6588E+01  -2.3056E+01   2.2353E+01
  -1.9267E+01   8.2286E+00  -7.2786E+00   3.6722E+01  -3.1536E+01   3.6705E+01
  -3.1535E+01   4.0020E+00  -3.4866E+00   3.9927E+00  -3.4854E+00   8.1937E+00
  -7.2922E+00   8.1940E+00  -7.2928E+00   1.8352E+01  -1.5764E+01   2.5243E-03
  -5.8354E-03   1.8361E+01  -1.5771E+01   2.2321E+01  -1.9281E+01   2.2322E+01
  -1.9281E+01   2.2322E+01  -1.9281E+01   2.2321E+01  -1.9281E+01  -1.2875E-01
  -1.1326E-01   8.1433E-02   1.8286E-02  -2.3486E-02  -3.3128E-02  -4.1081E-03
  -2.9850E-02   1.8204E-02   9.2174E-01   1.1365E+00   7.6278E-01   8.6970E-01
  -3.9470E-01  -3.1625E-01  -4.6754E-01  -1.8321E-01  -2.7449E-01  -8.7976E-03
  -9.0992E-02   2.4469E-02   6.1796E-03   2.9496E-02  -5.3124E-04  -1.0074E-02
   2.5499E-03  -4.9102E-02   2.7061E-02   2.0847E-02  -8.5977E-03  -8.5940E-03
  -3.7220E-03   3.4317E-02   7.1296E-02   3.7929E-03  -6.3814E-02  -6.2595E-02
   3.0392E-02   8.4526E-02  -1.5502E-02  -5.2865E-02  -5.1214E-02  -4.9711E-02
  -5.0050E-02   2.1124E-02  -1.8453E-01  -2.3231E-01  -2.1022E-01  -1.4184E-01
  -1.6073E-01   3.6695E-02  -8.2724E-02   4.0517E-02  -3.2808E-02   4.4053E-02
   1.1622E-02   2.2728E-02  -2.2781E-02   2.3568E-02   4.0437E-02   1.9004E-02
  -1.0495E-02  -1.8441E-02   1.5338E-02   3.2415E-02   4.5281E-02   1.8047E-02
  -5.2836E-02  -5.4129E-02   2.5060E-02   7.4888E-02  -6.6632E-03  -2.6362E-02
  -2.4861E-02  -2.5569E-02  -2.4727E-02   1.9804E-02  -2.7275E-01  -2.5307E-01
  -3.0446E-01  -1.4579E-01  -2.2419E-01  -5.2273E-02  -1.1848E-01   5.3830E-02
  -1.2713E-02   3.9832E-02   2.9834E-03  -1.9471E-02  -4.4137E-03  -8.0828E-02
   4.6805E-03   1.6731E-02   5.6309E-03   4.2574E-03   1.2104E-02   1.6051E-02
   3.5935E-02  -2.3490E-02  -5.0809E-02  -4.9807E-02   8.7238E-03   6.7438E-02
  -2.7758E-02  -5.0919E-02  -4.7394E-02  -4.5465E-02  -4.7156E-02   1.4809E-02
  -2.2729E-01  -2.1375E-01  -1.5864E-01  -1.4800E-01  -1.5510E-01  -2.2791E-03
  -1.0307E-01   6.6368E-02  -5.9405E-02   4.2464E-02   1.3904E-02   1.3629E-02
  -2.6926E-02  -8.0147E-03   2.2796E-02   1.3516E-02   2.8446E-03  -7.5151E-03
   3.2160E-02   1.1950E-02   1.1414E-02  -9.7679E-03  -3.5806E-02  -3.6897E-02
   3.8760E-03   6.0117E-02  -1.4921E-02  -2.3435E-02  -1.9938E-02  -1.9209E-02
  -2.0255E-02   1.5664E-02
  > E    =  -5.359941184744E+02 +/-   7.342385057419E-05
  > varE =   5.410038370794E-04
* Computing derivatives.
    [walltime: 1m47s elapsed, 56m47s remaining]
  Done. [total walltime: 58m20s]
* Optimizing manipulation constant:
  #igrid a___________ E____________________________________ varE____________
     1     Infinity    -5.35994118E+02 +/-   7.34238506E-05   5.41003837E-04
     2     1.0000E+06  -5.35994118E+02 +/-   7.34238340E-05   5.41003593E-04
     3     2.1544E+05  -5.35994118E+02 +/-   7.34237737E-05   5.41002704E-04
     4     4.6416E+04  -5.35994118E+02 +/-   7.34234936E-05   5.40998577E-04
     5     1.0000E+04  -5.35994119E+02 +/-   7.34221943E-05   5.40979430E-04
     6     2.1544E+03  -5.35994119E+02 +/-   7.34161732E-05   5.40890705E-04
     7     4.6416E+02  -5.35994119E+02 +/-   7.33884341E-05   5.40482050E-04
     8     1.0000E+02  -5.35994121E+02 +/-   7.32641185E-05   5.38652513E-04
     9     2.1544E+01  -5.35994127E+02 +/-   7.27781063E-05   5.31529698E-04
    10     4.6416E+00  -5.35994110E+02 +/-   7.25033755E-05   5.27524319E-04
    11     1.0000E+00  -5.35991621E+02 +/-   1.53707745E-04   2.37092346E-03
    12     2.1544E-01  -5.34835691E+02 +/-   2.61428454E-03   6.85854106E-01
    13     4.6416E-02  -5.35985522E+02 +/-   2.34801885E-04   5.53259894E-03
    14     1.0000E-02  -5.32501959E+02 +/-   4.11665626E-03   1.70065117E+00
    15     2.1544E-03  -5.32488632E+02 +/-   4.32531958E-03   1.87742430E+00
    16     4.6416E-04  -5.32485034E+02 +/-   4.38371864E-03   1.92846329E+00
    17     1.0000E-04  -5.32484233E+02 +/-   4.39688550E-03   1.94006529E+00
    18     2.1544E-05  -5.32484059E+02 +/-   4.39974927E-03   1.94259331E+00
    19     4.6416E-06  -5.32484021E+02 +/-   4.40036752E-03   1.94313929E+00
    20     1.0000E-06  -5.32484013E+02 +/-   4.40050077E-03   1.94325697E+00
    21     0.0000E+00  -5.32484011E+02 +/-   4.40053737E-03   1.94328929E+00
* Iteration # 1: E =  -5.359941274091E+02 +/-   7.277810634154E-05
* Convergence: exiting.
* After optimization:
   9.2053E+00   8.9534E+00   9.4525E+00   9.3212E+00  -1.5703E+00  -1.5925E+00
  -5.0395E-01   1.0240E+00  -1.0753E+00  -1.0779E+00  -2.4269E+00  -2.4362E+00
  -3.3386E+00  -3.3463E+00  -1.9341E+00  -4.6319E+00  -8.9666E-01  -9.5252E-02
  -1.0221E-01  -2.6849E+00  -2.6835E+00  -1.3476E+00  -1.3412E+00   1.3067E-02
   3.5399E-03  -8.0476E-01  -1.8653E+00  -1.8543E+00  -3.5148E+00  -3.5157E+00
  -3.0738E+00  -3.0744E+00  -9.3834E-01  -9.2998E-01  -5.1691E+00  -5.1498E+00
  -5.1212E-01  -5.1792E-01  -5.0071E-01  -5.0726E-01  -8.9920E-01  -8.9027E-01
  -8.9921E-01  -8.8891E-01  -2.5859E+00  -2.5786E+00   2.8129E-03  -2.5856E+00
  -2.5779E+00  -3.0344E+00  -3.0345E+00  -3.0340E+00  -3.0351E+00  -3.0339E+00
  -3.0343E+00  -3.0346E+00  -3.0337E+00   1.7666E+01  -1.6201E+01   7.7144E+00
  -7.2287E+00  -6.6486E-01  -3.8198E-01   1.1967E+01  -1.0915E+01   2.1911E+01
  -1.9504E+01   2.6373E+01  -2.3019E+01   1.6355E+01  -1.4430E+01   3.6256E+01
  -3.1633E+01   7.9321E+00  -7.0349E+00   3.7159E+00  -3.6243E+00   2.2054E+01
  -1.9359E+01   1.2124E+01  -1.0770E+01   3.6772E+00  -3.6692E+00   7.8926E+00
  -7.0766E+00   1.7845E+01  -1.5968E+01   2.6466E+01  -2.2951E+01   2.2305E+01
  -1.9226E+01   8.1481E+00  -7.2091E+00   3.6639E+01  -3.1465E+01   3.6622E+01
  -3.1465E+01   3.9957E+00  -3.4809E+00   3.9865E+00  -3.4797E+00   8.1133E+00
  -7.2227E+00   8.1135E+00  -7.2232E+00   1.8311E+01  -1.5728E+01   2.5829E-03
  -5.8025E-03   1.8320E+01  -1.5736E+01   2.2274E+01  -1.9240E+01   2.2274E+01
  -1.9240E+01   2.2274E+01  -1.9240E+01   2.2274E+01  -1.9240E+01  -1.2840E-01
  -1.1385E-01   8.1567E-02   1.8326E-02  -2.3320E-02  -3.3008E-02  -4.0697E-03
  -2.9769E-02   1.8051E-02   9.3430E-01   1.1498E+00   7.7420E-01   8.7865E-01
  -3.9919E-01  -3.2158E-01  -4.7475E-01  -1.8574E-01  -2.7746E-01  -9.0578E-03
  -9.3120E-02   2.3225E-02   6.2799E-03   2.9914E-02  -3.7773E-04  -1.0198E-02
   2.6670E-03  -4.9155E-02   2.7440E-02   2.1194E-02  -9.0256E-03  -8.5427E-03
  -3.5553E-03   3.3646E-02   7.2110E-02   3.8310E-03  -6.4771E-02  -6.3538E-02
   3.0551E-02   8.5879E-02  -1.5110E-02  -5.3621E-02  -5.1942E-02  -5.0394E-02
  -5.0772E-02   2.0760E-02  -1.8703E-01  -2.3632E-01  -2.1363E-01  -1.4373E-01
  -1.6250E-01   3.7101E-02  -8.4803E-02   4.0400E-02  -3.3219E-02   4.4942E-02
   1.1558E-02   2.2955E-02  -2.2853E-02   2.4420E-02   4.0330E-02   1.9110E-02
  -1.0635E-02  -1.8577E-02   1.5217E-02   3.1932E-02   4.6025E-02   1.8024E-02
  -5.3602E-02  -5.4889E-02   2.5217E-02   7.5866E-02  -6.4734E-03  -2.6772E-02
  -2.5288E-02  -2.5925E-02  -2.5135E-02   1.9197E-02  -2.7294E-01  -2.5417E-01
  -3.0629E-01  -1.4590E-01  -2.2354E-01  -5.2271E-02  -1.1953E-01   5.1986E-02
  -1.3022E-02   3.9800E-02   3.2736E-03  -1.9638E-02  -4.3868E-03  -8.0653E-02
   4.7713E-03   1.6811E-02   5.3247E-03   4.5101E-03   1.2628E-02   1.5669E-02
   3.5703E-02  -2.3176E-02  -5.1026E-02  -5.0111E-02   9.1216E-03   6.7558E-02
  -2.7093E-02  -5.0509E-02  -4.7024E-02  -4.5129E-02  -4.6778E-02   1.4898E-02
  -2.2740E-01  -2.1449E-01  -1.5980E-01  -1.4787E-01  -1.5467E-01  -2.2131E-03
  -1.0402E-01   6.5447E-02  -5.9706E-02   4.2817E-02   1.3758E-02   1.3339E-02
  -2.6996E-02  -7.9931E-03   2.2134E-02   1.3431E-02   2.7709E-03  -7.4577E-03
   3.1994E-02   1.1884E-02   1.1537E-02  -9.7939E-03  -3.5974E-02  -3.7032E-02
   4.3885E-03   5.9900E-02  -1.4802E-02  -2.2899E-02  -1.9460E-02  -1.8747E-02
  -1.9810E-02   1.5510E-02
  > Energy =  -5.359941274091E+02 +/-   7.277810634154E-05
  > varE =   5.315296980385E-04

VMC #2:
* Size of Hilbert space =   1.1779E+07
* Number of equil. steps   = 1000
* Running VMC equilibration.
  Done. [total walltime: 0.48s]
* Equil. acc.ratio (%)     =  17.9850
* Sample config after equilibration:
  +-------------+
  |  2       0  |
  |      2      |
  |    d   u    |
  |u           d|
  |0           0|
  |    u   d    |
  |      u      |
  |  d       2  |
  +-------------+
* Number of accum. steps   = 501760 x 10
* Running VMC accumulation.
    [walltime: 1m elapsed, 8.56s remaining]
  Done. [total walltime: 1m8s]
* Acceptance ratio (%)     =  17.9671
* Etot/t                   =  -5.359940621094E+02 +/-   3.333059837236E-05
  > Ttot/t                 =  -3.899899769370E+01 +/-   6.655694866674E-04
  > Utot/t                 =   1.647156912230E+01 +/-   6.633522379205E-04
* var[Eloc/t]              =   5.458444437661E-04 +/-   6.343639145595E-06
* Correlation length       =   1.021206013842E+00
* log10 Psi^2 range: -24.485562950049456 -- -16.083757649229842
* log10 Pgen range : -24.485562950049456 -- -16.083757649229842
* Site occupation (ave. no. electrons per config.):
  > Site_  ___eu____  ___ed____
      1        0.496      0.499
      2        0.501      0.498
      3        0.497      0.500
      4        0.505      0.505
      5        0.500      0.502
      6        0.497      0.496
      7        0.506      0.502
      8        0.501      0.503
      9        0.497      0.500
     10        0.503      0.502
     11        0.495      0.497
     12        0.500      0.498
     13        0.499      0.498
     14        0.502      0.502
* Pair-correlation analysis (ave. no. pairs per config.):
  > Shell  nsite  ___dh____  __eueu___  __eued___
      0      1        0          0          2.411
      1      1        0.868      0.600      2.556
      2      1        0.290      0.655      1.085
      3      1        0.250      0.698      1.085
      4      1        0.657      1.101      2.317
      5      1        0.499      1.453      2.142
      6      1        0.231      2.100      1.935
      7      1        0.071      0.422      0.573
      8      1        0.138      0.860      1.110
      9      1        0.155      0.907      1.042
     10      1        0.279      1.832      2.086
     11      1        0.243      2.087      1.920
     12      1        0.244      2.143      1.891
     13      1        0.238      2.109      1.890
     14      1        0.133      1.048      0.944
     15      1        0.220      2.155      1.870
     16      1        0.221      1.972      2.082
     17      1        0.249      2.038      1.952
     18      1        0.225      2.077      1.949
     19      1        0.110      0.998      1.018
     20      1        0.111      1.021      0.993
     21      1        0.256      1.911      2.045
     22      1        0.252      2.031      1.935
     23      1        0.122      0.936      1.059
     24      1        0.122      0.938      1.063
     25      1        0.225      1.965      2.035
     26      1        0.115      0.975      1.011
     27      1        0.224      2.027      1.977
     28      1        0.063      0.483      0.512
     29      1        0.065      0.482      0.508
     30      1        0.063      0.485      0.513
     31      1        0.064      0.483      0.512
     32      1        0.112      1.012      0.978

Optimization #2:
* Method          : lls
* Target function : energy
* No. of configs. : 100352
* No. of params.  : 260
* Before optimization:
   9.2053E+00   8.9534E+00   9.4525E+00   9.3212E+00  -1.5703E+00  -1.5925E+00
  -5.0395E-01   1.0240E+00  -1.0753E+00  -1.0779E+00  -2.4269E+00  -2.4362E+00
  -3.3386E+00  -3.3463E+00  -1.9341E+00  -4.6319E+00  -8.9666E-01  -9.5252E-02
  -1.0221E-01  -2.6849E+00  -2.6835E+00  -1.3476E+00  -1.3412E+00   1.3067E-02
   3.5399E-03  -8.0476E-01  -1.8653E+00  -1.8543E+00  -3.5148E+00  -3.5157E+00
  -3.0738E+00  -3.0744E+00  -9.3834E-01  -9.2998E-01  -5.1691E+00  -5.1498E+00
  -5.1212E-01  -5.1792E-01  -5.0071E-01  -5.0726E-01  -8.9920E-01  -8.9027E-01
  -8.9921E-01  -8.8891E-01  -2.5859E+00  -2.5786E+00   2.8129E-03  -2.5856E+00
  -2.5779E+00  -3.0344E+00  -3.0345E+00  -3.0340E+00  -3.0351E+00  -3.0339E+00
  -3.0343E+00  -3.0346E+00  -3.0337E+00   1.7666E+01  -1.6201E+01   7.7144E+00
  -7.2287E+00  -6.6486E-01  -3.8198E-01   1.1967E+01  -1.0915E+01   2.1911E+01
  -1.9504E+01   2.6373E+01  -2.3019E+01   1.6355E+01  -1.4430E+01   3.6256E+01
  -3.1633E+01   7.9321E+00  -7.0349E+00   3.7159E+00  -3.6243E+00   2.2054E+01
  -1.9359E+01   1.2124E+01  -1.0770E+01   3.6772E+00  -3.6692E+00   7.8926E+00
  -7.0766E+00   1.7845E+01  -1.5968E+01   2.6466E+01  -2.2951E+01   2.2305E+01
  -1.9226E+01   8.1481E+00  -7.2091E+00   3.6639E+01  -3.1465E+01   3.6622E+01
  -3.1465E+01   3.9957E+00  -3.4809E+00   3.9865E+00  -3.4797E+00   8.1133E+00
  -7.2227E+00   8.1135E+00  -7.2232E+00   1.8311E+01  -1.5728E+01   2.5829E-03
  -5.8025E-03   1.8320E+01  -1.5736E+01   2.2274E+01  -1.9240E+01   2.2274E+01
  -1.9240E+01   2.2274E+01  -1.9240E+01   2.2274E+01  -1.9240E+01  -1.2840E-01
  -1.1385E-01   8.1567E-02   1.8326E-02  -2.3320E-02  -3.3008E-02  -4.0697E-03
  -2.9769E-02   1.8051E-02   9.3430E-01   1.1498E+00   7.7420E-01   8.7865E-01
  -3.9919E-01  -3.2158E-01  -4.7475E-01  -1.8574E-01  -2.7746E-01  -9.0578E-03
  -9.3120E-02   2.3225E-02   6.2799E-03   2.9914E-02  -3.7773E-04  -1.0198E-02
   2.6670E-03  -4.9155E-02   2.7440E-02   2.1194E-02  -9.0256E-03  -8.5427E-03
  -3.5553E-03   3.3646E-02   7.2110E-02   3.8310E-03  -6.4771E-02  -6.3538E-02
   3.0551E-02   8.5879E-02  -1.5110E-02  -5.3621E-02  -5.1942E-02  -5.0394E-02
  -5.0772E-02   2.0760E-02  -1.8703E-01  -2.3632E-01  -2.1363E-01  -1.4373E-01
  -1.6250E-01   3.7101E-02  -8.4803E-02   4.0400E-02  -3.3219E-02   4.4942E-02
   1.1558E-02   2.2955E-02  -2.2853E-02   2.4420E-02   4.0330E-02   1.9110E-02
  -1.0635E-02  -1.8577E-02   1.5217E-02   3.1932E-02   4.6025E-02   1.8024E-02
  -5.3602E-02  -5.4889E-02   2.5217E-02   7.5866E-02  -6.4734E-03  -2.6772E-02
  -2.5288E-02  -2.5925E-02  -2.5135E-02   1.9197E-02  -2.7294E-01  -2.5417E-01
  -3.0629E-01  -1.4590E-01  -2.2354E-01  -5.2271E-02  -1.1953E-01   5.1986E-02
  -1.3022E-02   3.9800E-02   3.2736E-03  -1.9638E-02  -4.3868E-03  -8.0653E-02
   4.7713E-03   1.6811E-02   5.3247E-03   4.5101E-03   1.2628E-02   1.5669E-02
   3.5703E-02  -2.3176E-02  -5.1026E-02  -5.0111E-02   9.1216E-03   6.7558E-02
  -2.7093E-02  -5.0509E-02  -4.7024E-02  -4.5129E-02  -4.6778E-02   1.4898E-02
  -2.2740E-01  -2.1449E-01  -1.5980E-01  -1.4787E-01  -1.5467E-01  -2.2131E-03
  -1.0402E-01   6.5447E-02  -5.9706E-02   4.2817E-02   1.3758E-02   1.3339E-02
  -2.6996E-02  -7.9931E-03   2.2134E-02   1.3431E-02   2.7709E-03  -7.4577E-03
   3.1994E-02   1.1884E-02   1.1537E-02  -9.7939E-03  -3.5974E-02  -3.7032E-02
   4.3885E-03   5.9900E-02  -1.4802E-02  -2.2899E-02  -1.9460E-02  -1.8747E-02
  -1.9810E-02   1.5510E-02
  > E    =  -5.359940455333E+02 +/-   7.305355245052E-05
  > varE =   5.355607137411E-04
* Computing derivatives.
    [walltime: 1m43s elapsed, 54m22s remaining]
  Done. [total walltime: 55m56s]
* Optimizing manipulation constant:
  #igrid a___________ E____________________________________ varE____________
     1     Infinity    -5.35994046E+02 +/-   7.30535525E-05   5.35560714E-04
     2     1.0000E+06  -5.35994046E+02 +/-   7.30535373E-05   5.35560491E-04
     3     2.1544E+05  -5.35994046E+02 +/-   7.30534819E-05   5.35559680E-04
     4     4.6416E+04  -5.35994046E+02 +/-   7.30532253E-05   5.35555917E-04
     5     1.0000E+04  -5.35994046E+02 +/-   7.30520361E-05   5.35538481E-04
     6     2.1544E+03  -5.35994046E+02 +/-   7.30465610E-05   5.35458209E-04
     7     4.6416E+02  -5.35994046E+02 +/-   7.30221062E-05   5.35099744E-04
     8     1.0000E+02  -5.35994048E+02 +/-   7.29288218E-05   5.33733457E-04
     9     2.1544E+01  -5.35994046E+02 +/-   7.29273285E-05   5.33711600E-04
    10     4.6416E+00  -5.35993727E+02 +/-   8.78032917E-05   7.73655519E-04
    11     1.0000E+00  -5.35976147E+02 +/-   3.86604272E-04   1.49988973E-02
    12     2.1544E-01  -5.34358920E+02 +/-   2.47119749E-03   6.12831302E-01
    13     4.6416E-02  -5.35991224E+02 +/-   1.46679805E-04   2.15906979E-03
    14     1.0000E-02  -5.34685407E+02 +/-   2.68168328E-03   7.21673901E-01
    15     2.1544E-03  -5.34871556E+02 +/-   2.56913102E-03   6.62366770E-01
    16     4.6416E-04  -5.34902130E+02 +/-   2.54759263E-03   6.51307379E-01
    17     1.0000E-04  -5.34908365E+02 +/-   2.54308790E-03   6.49006097E-01
    18     2.1544E-05  -5.34909693E+02 +/-   2.54212364E-03   6.48514022E-01
    19     4.6416E-06  -5.34909979E+02 +/-   2.54191619E-03   6.48408180E-01
    20     1.0000E-06  -5.34910040E+02 +/-   2.54187150E-03   6.48385385E-01
    21     0.0000E+00  -5.34910057E+02 +/-   2.54185923E-03   6.48379126E-01
* Iteration # 1: E =  -5.359940477855E+02 +/-   7.292882181966E-05
* Convergence: exiting.
* After optimization:
   9.1796E+00   8.9282E+00   9.4262E+00   9.2962E+00  -1.5712E+00  -1.5934E+00
  -4.9457E-01   1.0239E+00  -1.0718E+00  -1.0743E+00  -2.4231E+00  -2.4326E+00
  -3.3407E+00  -3.3484E+00  -1.9362E+00  -4.6336E+00  -8.8723E-01  -9.0656E-02
  -9.7577E-02  -2.6812E+00  -2.6798E+00  -1.3440E+00  -1.3376E+00   1.7680E-02
   8.1781E-03  -7.9530E-01  -1.8663E+00  -1.8553E+00  -3.5168E+00  -3.5177E+00
  -3.0700E+00  -3.0706E+00  -9.3952E-01  -9.3122E-01  -5.1709E+00  -5.1516E+00
  -5.0745E-01  -5.1320E-01  -4.9604E-01  -5.0255E-01  -9.0038E-01  -8.9150E-01
  -9.0039E-01  -8.9016E-01  -2.5868E+00  -2.5795E+00   2.8157E-03  -2.5864E+00
  -2.5789E+00  -3.0306E+00  -3.0306E+00  -3.0302E+00  -3.0313E+00  -3.0301E+00
  -3.0305E+00  -3.0308E+00  -3.0299E+00   1.7672E+01  -1.6206E+01   7.6480E+00
  -7.1716E+00  -6.6484E-01  -3.8192E-01   1.1941E+01  -1.0893E+01   2.1883E+01
  -1.9481E+01   2.6386E+01  -2.3030E+01   1.6370E+01  -1.4443E+01   3.6268E+01
  -3.1643E+01   7.8656E+00  -6.9779E+00   3.6827E+00  -3.5958E+00   2.2026E+01
  -1.9336E+01   1.2098E+01  -1.0748E+01   3.6440E+00  -3.6406E+00   7.8262E+00
  -7.0196E+00   1.7851E+01  -1.5973E+01   2.6480E+01  -2.2963E+01   2.2278E+01
  -1.9203E+01   8.1557E+00  -7.2155E+00   3.6651E+01  -3.1475E+01   3.6634E+01
  -3.1475E+01   3.9625E+00  -3.4524E+00   3.9533E+00  -3.4512E+00   8.1209E+00
  -7.2292E+00   8.1211E+00  -7.2297E+00   1.8317E+01  -1.5733E+01   2.5784E-03
  -5.8134E-03   1.8326E+01  -1.5741E+01   2.2246E+01  -1.9216E+01   2.2247E+01
  -1.9217E+01   2.2247E+01  -1.9217E+01   2.2246E+01  -1.9216E+01  -1.2833E-01
  -1.1397E-01   8.1594E-02   1.8329E-02  -2.3291E-02  -3.2996E-02  -4.0604E-03
  -2.9766E-02   1.8048E-02   9.4046E-01   1.1573E+00   7.7976E-01   8.8432E-01
  -4.0174E-01  -3.2409E-01  -4.7803E-01  -1.8703E-01  -2.7936E-01  -9.1278E-03
  -9.4072E-02   2.3135E-02   6.3425E-03   3.0083E-02  -4.8044E-04  -1.0321E-02
   2.8331E-03  -4.9289E-02   2.7620E-02   2.1381E-02  -8.9854E-03  -8.5509E-03
  -3.3059E-03   3.3716E-02   7.2420E-02   3.8463E-03  -6.5226E-02  -6.3999E-02
   3.0604E-02   8.6666E-02  -1.5254E-02  -5.4029E-02  -5.2372E-02  -5.0808E-02
  -5.1177E-02   2.0728E-02  -1.8827E-01  -2.3812E-01  -2.1512E-01  -1.4470E-01
  -1.6363E-01   3.7335E-02  -8.5591E-02   4.0593E-02  -3.3371E-02   4.5242E-02
   1.1435E-02   2.2956E-02  -2.2833E-02   2.4721E-02   4.0495E-02   1.9221E-02
  -1.0576E-02  -1.8666E-02   1.5456E-02   3.2037E-02   4.6233E-02   1.8100E-02
  -5.3970E-02  -5.5263E-02   2.5252E-02   7.6526E-02  -6.6479E-03  -2.7041E-02
  -2.5556E-02  -2.6191E-02  -2.5393E-02   1.9132E-02  -2.7297E-01  -2.5448E-01
  -3.0659E-01  -1.4594E-01  -2.2357E-01  -5.2264E-02  -1.1987E-01   5.1786E-02
  -1.3161E-02   3.9829E-02   3.2903E-03  -1.9737E-02  -4.2554E-03  -8.0547E-02
   4.7614E-03   1.6867E-02   5.2217E-03   4.5320E-03   1.2659E-02   1.5592E-02
   3.5715E-02  -2.3043E-02  -5.1045E-02  -5.0146E-02   9.1162E-03   6.7620E-02
  -2.6902E-02  -5.0433E-02  -4.6983E-02  -4.5084E-02  -4.6717E-02   1.4820E-02
  -2.2750E-01  -2.1461E-01  -1.5997E-01  -1.4782E-01  -1.5471E-01  -2.2076E-03
  -1.0424E-01   6.5454E-02  -5.9796E-02   4.2896E-02   1.3672E-02   1.3120E-02
  -2.6846E-02  -7.9462E-03   2.2028E-02   1.3432E-02   2.7184E-03  -7.4240E-03
   3.1854E-02   1.1859E-02   1.1618E-02  -9.6958E-03  -3.5970E-02  -3.7024E-02
   4.3688E-03   5.9901E-02  -1.4750E-02  -2.2870E-02  -1.9431E-02  -1.8730E-02
  -1.9801E-02   1.5432E-02
  > Energy =  -5.359940477855E+02 +/-   7.292882181966E-05
  > varE =   5.337334569947E-04

VMC #3:
* Size of Hilbert space =   1.1779E+07
* Number of equil. steps   = 1000
* Running VMC equilibration.
  Done. [total walltime: 0.48s]
* Equil. acc.ratio (%)     =  17.8575
* Sample config after equilibration:
  +-------------+
  |  u       u  |
  |      2      |
  |    0   d    |
  |d           0|
  |u           2|
  |    u   u    |
  |      d      |
  |  d       d  |
  +-------------+
* Number of accum. steps   = 501760 x 10
* Running VMC accumulation.
    [walltime: 1m elapsed, 8.72s remaining]
  Done. [total walltime: 1m8s]
* Acceptance ratio (%)     =  17.8519
* Etot/t                   =  -5.359940791096E+02 +/-   3.314643252463E-05
  > Ttot/t                 =  -3.899831526450E+01 +/-   6.942376369814E-04
  > Utot/t                 =   1.647086969289E+01 +/-   6.909385461965E-04
* var[Eloc/t]              =   5.375819547299E-04 +/-   6.625531316179E-06
* Correlation length       =   1.025474677945E+00
* log10 Psi^2 range: -23.783977705541719 -- -16.079814865407279
* log10 Pgen range : -23.783977705541719 -- -16.079814865407279
* Site occupation (ave. no. electrons per config.):
  > Site_  ___eu____  ___ed____
      1        0.499      0.497
      2        0.500      0.500
      3        0.500      0.497
      4        0.502      0.506
      5        0.504      0.503
      6        0.500      0.499
      7        0.505      0.504
      8        0.499      0.501
      9        0.497      0.494
     10        0.500      0.504
     11        0.498      0.496
     12        0.497      0.498
     13        0.498      0.499
     14        0.502      0.502
* Pair-correlation analysis (ave. no. pairs per config.):
  > Shell  nsite  ___dh____  __eueu___  __eued___
      0      1        0          0          2.410
      1      1        0.869      0.593      2.560
      2      1        0.291      0.660      1.084
      3      1        0.249      0.696      1.083
      4      1        0.659      1.105      2.312
      5      1        0.496      1.460      2.144
      6      1        0.232      2.098      1.932
      7      1        0.071      0.422      0.572
      8      1        0.137      0.859      1.110
      9      1        0.156      0.908      1.046
     10      1        0.280      1.834      2.084
     11      1        0.242      2.088      1.924
     12      1        0.246      2.138      1.895
     13      1        0.238      2.107      1.895
     14      1        0.134      1.051      0.946
     15      1        0.215      2.158      1.867
     16      1        0.221      1.968      2.080
     17      1        0.247      2.043      1.953
     18      1        0.225      2.071      1.948
     19      1        0.108      0.998      1.020
     20      1        0.110      1.023      0.990
     21      1        0.258      1.912      2.043
     22      1        0.249      2.034      1.936
     23      1        0.123      0.936      1.058
     24      1        0.121      0.937      1.057
     25      1        0.221      1.966      2.035
     26      1        0.114      0.975      1.009
     27      1        0.223      2.024      1.974
     28      1        0.064      0.484      0.515
     29      1        0.064      0.480      0.511
     30      1        0.063      0.480      0.514
     31      1        0.064      0.484      0.515
     32      1        0.112      1.008      0.979

Optimization #3:
* Method          : lls
* Target function : energy
* No. of configs. : 100352
* No. of params.  : 260
* Before optimization:
   9.1796E+00   8.9282E+00   9.4262E+00   9.2962E+00  -1.5712E+00  -1.5934E+00
  -4.9457E-01   1.0239E+00  -1.0718E+00  -1.0743E+00  -2.4231E+00  -2.4326E+00
  -3.3407E+00  -3.3484E+00  -1.9362E+00  -4.6336E+00  -8.8723E-01  -9.0656E-02
  -9.7577E-02  -2.6812E+00  -2.6798E+00  -1.3440E+00  -1.3376E+00   1.7680E-02
   8.1781E-03  -7.9530E-01  -1.8663E+00  -1.8553E+00  -3.5168E+00  -3.5177E+00
  -3.0700E+00  -3.0706E+00  -9.3952E-01  -9.3122E-01  -5.1709E+00  -5.1516E+00
  -5.0745E-01  -5.1320E-01  -4.9604E-01  -5.0255E-01  -9.0038E-01  -8.9150E-01
  -9.0039E-01  -8.9016E-01  -2.5868E+00  -2.5795E+00   2.8157E-03  -2.5864E+00
  -2.5789E+00  -3.0306E+00  -3.0306E+00  -3.0302E+00  -3.0313E+00  -3.0301E+00
  -3.0305E+00  -3.0308E+00  -3.0299E+00   1.7672E+01  -1.6206E+01   7.6480E+00
  -7.1716E+00  -6.6484E-01  -3.8192E-01   1.1941E+01  -1.0893E+01   2.1883E+01
  -1.9481E+01   2.6386E+01  -2.3030E+01   1.6370E+01  -1.4443E+01   3.6268E+01
  -3.1643E+01   7.8656E+00  -6.9779E+00   3.6827E+00  -3.5958E+00   2.2026E+01
  -1.9336E+01   1.2098E+01  -1.0748E+01   3.6440E+00  -3.6406E+00   7.8262E+00
  -7.0196E+00   1.7851E+01  -1.5973E+01   2.6480E+01  -2.2963E+01   2.2278E+01
  -1.9203E+01   8.1557E+00  -7.2155E+00   3.6651E+01  -3.1475E+01   3.6634E+01
  -3.1475E+01   3.9625E+00  -3.4524E+00   3.9533E+00  -3.4512E+00   8.1209E+00
  -7.2292E+00   8.1211E+00  -7.2297E+00   1.8317E+01  -1.5733E+01   2.5784E-03
  -5.8134E-03   1.8326E+01  -1.5741E+01   2.2246E+01  -1.9216E+01   2.2247E+01
  -1.9217E+01   2.2247E+01  -1.9217E+01   2.2246E+01  -1.9216E+01  -1.2833E-01
  -1.1397E-01   8.1594E-02   1.8329E-02  -2.3291E-02  -3.2996E-02  -4.0604E-03
  -2.9766E-02   1.8048E-02   9.4046E-01   1.1573E+00   7.7976E-01   8.8432E-01
  -4.0174E-01  -3.2409E-01  -4.7803E-01  -1.8703E-01  -2.7936E-01  -9.1278E-03
  -9.4072E-02   2.3135E-02   6.3425E-03   3.0083E-02  -4.8044E-04  -1.0321E-02
   2.8331E-03  -4.9289E-02   2.7620E-02   2.1381E-02  -8.9854E-03  -8.5509E-03
  -3.3059E-03   3.3716E-02   7.2420E-02   3.8463E-03  -6.5226E-02  -6.3999E-02
   3.0604E-02   8.6666E-02  -1.5254E-02  -5.4029E-02  -5.2372E-02  -5.0808E-02
  -5.1177E-02   2.0728E-02  -1.8827E-01  -2.3812E-01  -2.1512E-01  -1.4470E-01
  -1.6363E-01   3.7335E-02  -8.5591E-02   4.0593E-02  -3.3371E-02   4.5242E-02
   1.1435E-02   2.2956E-02  -2.2833E-02   2.4721E-02   4.0495E-02   1.9221E-02
  -1.0576E-02  -1.8666E-02   1.5456E-02   3.2037E-02   4.6233E-02   1.8100E-02
  -5.3970E-02  -5.5263E-02   2.5252E-02   7.6526E-02  -6.6479E-03  -2.7041E-02
  -2.5556E-02  -2.6191E-02  -2.5393E-02   1.9132E-02  -2.7297E-01  -2.5448E-01
  -3.0659E-01  -1.4594E-01  -2.2357E-01  -5.2264E-02  -1.1987E-01   5.1786E-02
  -1.3161E-02   3.9829E-02   3.2903E-03  -1.9737E-02  -4.2554E-03  -8.0547E-02
   4.7614E-03   1.6867E-02   5.2217E-03   4.5320E-03   1.2659E-02   1.5592E-02
   3.5715E-02  -2.3043E-02  -5.1045E-02  -5.0146E-02   9.1162E-03   6.7620E-02
  -2.6902E-02  -5.0433E-02  -4.6983E-02  -4.5084E-02  -4.6717E-02   1.4820E-02
  -2.2750E-01  -2.1461E-01  -1.5997E-01  -1.4782E-01  -1.5471E-01  -2.2076E-03
  -1.0424E-01   6.5454E-02  -5.9796E-02   4.2896E-02   1.3672E-02   1.3120E-02
  -2.6846E-02  -7.9462E-03   2.2028E-02   1.3432E-02   2.7184E-03  -7.4240E-03
   3.1854E-02   1.1859E-02   1.1618E-02  -9.6958E-03  -3.5970E-02  -3.7024E-02
   4.3688E-03   5.9901E-02  -1.4750E-02  -2.2870E-02  -1.9431E-02  -1.8730E-02
  -1.9801E-02   1.5432E-02
  > E    =  -5.359940966387E+02 +/-   7.162346789845E-05
  > varE =   5.147978476261E-04
* Computing derivatives.
    [walltime: 1m43s elapsed, 54m4s remaining]
  Done. [total walltime: 55m56s]
* Optimizing manipulation constant:
  #igrid a___________ E____________________________________ varE____________
     1     Infinity    -5.35994097E+02 +/-   7.16234679E-05   5.14797848E-04
     2     1.0000E+06  -5.35994097E+02 +/-   7.16234527E-05   5.14797629E-04
     3     2.1544E+05  -5.35994097E+02 +/-   7.16233973E-05   5.14796832E-04
     4     4.6416E+04  -5.35994097E+02 +/-   7.16231401E-05   5.14793136E-04
     5     1.0000E+04  -5.35994097E+02 +/-   7.16219467E-05   5.14775981E-04
     6     2.1544E+03  -5.35994097E+02 +/-   7.16164134E-05   5.14696443E-04
     7     4.6416E+02  -5.35994097E+02 +/-   7.15908546E-05   5.14329135E-04
     8     1.0000E+02  -5.35994099E+02 +/-   7.14748555E-05   5.12663743E-04
     9     2.1544E+01  -5.35994106E+02 +/-   7.09881239E-05   5.05705212E-04
    10     4.6416E+00  -5.35994131E+02 +/-   6.95334805E-05   4.85192378E-04
    11     1.0000E+00  -5.35994020E+02 +/-   7.62819406E-05   5.83941712E-04
    12     2.1544E-01  -5.35663171E+02 +/-   1.53438285E-03   2.36261797E-01
    13     4.6416E-02  -5.32149152E+02 +/-   2.03098863E-03   4.13943452E-01
    14     1.0000E-02  -5.34331353E+02 +/-   6.03116786E-03   3.65030257E+00
    15     2.1544E-03  -5.34330046E+02 +/-   4.11149427E-03   1.69638885E+00
    16     4.6416E-04  -5.34329524E+02 +/-   4.19392015E-03   1.76508794E+00
    17     1.0000E-04  -5.34329413E+02 +/-   4.21146490E-03   1.77988689E+00
    18     2.1544E-05  -5.34329389E+02 +/-   4.21522584E-03   1.78306727E+00
    19     4.6416E-06  -5.34329384E+02 +/-   4.21603514E-03   1.78375201E+00
    20     1.0000E-06  -5.34329383E+02 +/-   4.21620945E-03   1.78389951E+00
    21     0.0000E+00  -5.34329383E+02 +/-   4.21625732E-03   1.78394002E+00
  ParMin   7.5953E+00  -5.35994121E+02 +/-   7.01148238E-05   4.93339315E-04
  # Using grid point #10
* Iteration # 1: E =  -5.359941306091E+02 +/-   6.953348051378E-05
* Computing derivatives.
    [walltime: 1m43s elapsed, 54m9s remaining]
  Done. [total walltime: 55m56s]
* Optimizing manipulation constant:
  #igrid a___________ E____________________________________ varE____________
     1     Infinity    -5.35994131E+02 +/-   6.95334805E-05   4.85192378E-04
     2     1.0000E+06  -5.35994131E+02 +/-   6.95334695E-05   4.85192224E-04
     3     2.1544E+05  -5.35994131E+02 +/-   6.95334295E-05   4.85191666E-04
     4     4.6416E+04  -5.35994131E+02 +/-   6.95332446E-05   4.85189086E-04
     5     1.0000E+04  -5.35994131E+02 +/-   6.95324027E-05   4.85177336E-04
     6     2.1544E+03  -5.35994131E+02 +/-   6.95288435E-05   4.85127668E-04
     7     4.6416E+02  -5.35994131E+02 +/-   6.95197682E-05   4.85001032E-04
     8     1.0000E+02  -5.35994129E+02 +/-   6.96376808E-05   4.86647650E-04
     9     2.1544E+01  -5.35994025E+02 +/-   7.54007116E-05   5.70527946E-04
    10     4.6416E+00  -5.35986741E+02 +/-   2.56067758E-04   6.58015057E-03
    11     1.0000E+00  -5.35856600E+02 +/-   1.04717515E-03   1.10043575E-01
    12     2.1544E-01  -5.35592426E+02 +/-   1.72316977E-03   2.97976605E-01
    13     4.6416E-02  -5.35479345E+02 +/-   1.91917966E-03   3.69621560E-01
    14     1.0000E-02  -5.35452317E+02 +/-   1.96114838E-03   3.85964125E-01
    15     2.1544E-03  -5.35446467E+02 +/-   1.97001261E-03   3.89461062E-01
    16     4.6416E-04  -5.35445208E+02 +/-   1.97190997E-03   3.90211621E-01
    17     1.0000E-04  -5.35444937E+02 +/-   1.97231812E-03   3.90373169E-01
    18     2.1544E-05  -5.35444879E+02 +/-   1.97240602E-03   3.90407967E-01
    19     4.6416E-06  -5.35444866E+02 +/-   1.97242496E-03   3.90415463E-01
    20     1.0000E-06  -5.35444863E+02 +/-   1.97242904E-03   3.90417078E-01
    21     0.0000E+00  -5.35444863E+02 +/-   1.97243016E-03   3.90417522E-01
* Iteration # 2: E =  -5.359941307953E+02 +/-   6.951976816083E-05
* Convergence: exiting.
* After optimization:
   9.3800E+00   9.1398E+00   9.6161E+00   9.5033E+00  -1.6066E+00  -1.6286E+00
  -5.4150E-01   1.0208E+00  -1.0550E+00  -1.0578E+00  -2.4808E+00  -2.4909E+00
  -3.3362E+00  -3.3439E+00  -1.8602E+00  -4.7008E+00  -9.3167E-01  -1.1716E-01
  -1.2325E-01  -2.7388E+00  -2.7379E+00  -1.3292E+00  -1.3231E+00  -8.3720E-03
  -1.7343E-02  -8.3922E-01  -1.9020E+00  -1.8924E+00  -3.5121E+00  -3.5133E+00
  -3.1248E+00  -3.1257E+00  -9.0272E-01  -8.9536E-01  -5.2365E+00  -5.2165E+00
  -5.3089E-01  -5.3559E-01  -5.1912E-01  -5.2485E-01  -8.6318E-01  -8.5485E-01
  -8.6340E-01  -8.5392E-01  -2.6191E+00  -2.6133E+00   2.4425E-03  -2.6193E+00
  -2.6131E+00  -3.0850E+00  -3.0856E+00  -3.0846E+00  -3.0860E+00  -3.0848E+00
  -3.0858E+00  -3.0851E+00  -3.0850E+00   1.7897E+01  -1.6396E+01   7.9503E+00
  -7.4271E+00  -6.6296E-01  -3.8077E-01   1.1814E+01  -1.0782E+01   2.2258E+01
  -1.9797E+01   2.6331E+01  -2.2981E+01   1.5816E+01  -1.3965E+01   3.6713E+01
  -3.2022E+01   8.1662E+00  -7.2339E+00   3.8357E+00  -3.7229E+00   2.2401E+01
  -1.9652E+01   1.1972E+01  -1.0637E+01   3.7971E+00  -3.7676E+00   8.1263E+00
  -7.2764E+00   1.8076E+01  -1.6161E+01   2.6425E+01  -2.2913E+01   2.2650E+01
  -1.9520E+01   7.8799E+00  -6.9762E+00   3.7094E+01  -3.1854E+01   3.7077E+01
  -3.1854E+01   4.1133E+00  -3.5803E+00   4.1040E+00  -3.5792E+00   7.8448E+00
  -6.9896E+00   7.8451E+00  -6.9905E+00   1.8539E+01  -1.5922E+01   2.9169E-03
  -5.5519E-03   1.8548E+01  -1.5930E+01   2.2619E+01  -1.9534E+01   2.2619E+01
  -1.9534E+01   2.2619E+01  -1.9534E+01   2.2619E+01  -1.9534E+01  -1.2671E-01
  -1.1339E-01   8.1142E-02   1.8723E-02  -2.2170E-02  -3.2479E-02  -3.7570E-03
  -2.9180E-02   1.7685E-02   9.2310E-01   1.1306E+00   7.7210E-01   8.6633E-01
  -3.9321E-01  -3.2034E-01  -4.7006E-01  -1.8342E-01  -2.7445E-01  -9.2759E-03
  -9.4932E-02   1.8847E-02   4.8832E-03   2.8284E-02  -1.6679E-03  -9.1666E-03
   3.3085E-03  -4.5296E-02   2.7144E-02   2.1470E-02  -6.9232E-03  -8.3034E-03
  -2.5074E-03   3.2286E-02   7.0545E-02   4.1227E-03  -6.2811E-02  -6.2158E-02
   2.8608E-02   8.4405E-02  -1.5107E-02  -5.2324E-02  -5.0690E-02  -5.0215E-02
  -4.9774E-02   2.1175E-02  -1.8531E-01  -2.3458E-01  -2.1208E-01  -1.4104E-01
  -1.6092E-01   3.6057E-02  -8.6322E-02   3.8015E-02  -3.2686E-02   4.3538E-02
   8.8485E-03   2.2632E-02  -2.1092E-02   2.5730E-02   3.8956E-02   1.8452E-02
  -8.9656E-03  -1.8532E-02   1.4814E-02   3.0556E-02   4.4865E-02   1.7557E-02
  -5.2176E-02  -5.3346E-02   2.4354E-02   7.3544E-02  -7.7925E-03  -2.6834E-02
  -2.5231E-02  -2.5925E-02  -2.5165E-02   1.6934E-02  -2.7201E-01  -2.5502E-01
  -3.0843E-01  -1.4509E-01  -2.2185E-01  -5.1804E-02  -1.2385E-01   4.7777E-02
  -1.7355E-02   3.9012E-02   3.7612E-03  -2.0302E-02  -3.0281E-03  -7.9368E-02
   5.1405E-03   1.7240E-02   5.7197E-03   5.1626E-03   1.2134E-02   1.7104E-02
   3.5267E-02  -2.1930E-02  -5.0404E-02  -4.9652E-02   9.3014E-03   6.7211E-02
  -2.6116E-02  -4.7930E-02  -4.4306E-02  -4.2914E-02  -4.4611E-02   1.6348E-02
  -2.2736E-01  -2.1352E-01  -1.6098E-01  -1.4541E-01  -1.5273E-01  -2.2159E-03
  -1.0813E-01   6.3465E-02  -6.2525E-02   4.2775E-02   1.2644E-02   1.1527E-02
  -2.5660E-02  -8.6830E-03   2.1157E-02   1.2776E-02   2.7515E-03  -7.2799E-03
   2.9931E-02   1.3314E-02   1.1289E-02  -9.0967E-03  -3.5391E-02  -3.6276E-02
   5.4960E-03   5.7661E-02  -1.5248E-02  -2.0329E-02  -1.7523E-02  -1.6806E-02
  -1.7912E-02   1.5003E-02
  > Energy =  -5.359941307953E+02 +/-   6.951976816083E-05
  > varE =   4.850010318677E-04

VMC #4:
* Size of Hilbert space =   1.1779E+07
* Number of equil. steps   = 1000
* Running VMC equilibration.
  Done. [total walltime: 0.48s]
* Equil. acc.ratio (%)     =  18.2675
* Sample config after equilibration:
  +-------------+
  |  d       d  |
  |      u      |
  |    2   0    |
  |u           u|
  |d           2|
  |    d   2    |
  |      0      |
  |  u       0  |
  +-------------+
* Number of accum. steps   = 501760 x 10
* Running VMC accumulation.
    [walltime: 1m elapsed, 8.56s remaining]
  Done. [total walltime: 1m8s]
* Acceptance ratio (%)     =  18.2077
* Etot/t                   =  -5.359941383855E+02 +/-   3.302363955060E-05
  > Ttot/t                 =  -3.899829287256E+01 +/-   6.987186446601E-04
  > Utot/t                 =   1.647078802500E+01 +/-   6.959144595021E-04
* var[Eloc/t]              =   5.497753804785E-04 +/-   1.341945015762E-05
* Correlation length       =   9.953151613692E-01
* log10 Psi^2 range: -24.386875599211933 -- -16.006784922064401
* log10 Pgen range : -24.386875599211933 -- -16.006784922064401
* Site occupation (ave. no. electrons per config.):
  > Site_  ___eu____  ___ed____
      1        0.496      0.499
      2        0.499      0.500
      3        0.497      0.499
      4        0.505      0.507
      5        0.501      0.500
      6        0.498      0.496
      7        0.505      0.506
      8        0.499      0.501
      9        0.499      0.496
     10        0.505      0.501
     11        0.497      0.496
     12        0.499      0.499
     13        0.499      0.500
     14        0.501      0.501
* Pair-correlation analysis (ave. no. pairs per config.):
  > Shell  nsite  ___dh____  __eueu___  __eued___
      0      1        0          0          2.406
      1      1        0.865      0.597      2.559
      2      1        0.291      0.654      1.086
      3      1        0.250      0.695      1.086
      4      1        0.656      1.107      2.321
      5      1        0.494      1.455      2.141
      6      1        0.230      2.100      1.938
      7      1        0.071      0.423      0.576
      8      1        0.138      0.855      1.106
      9      1        0.154      0.906      1.045
     10      1        0.276      1.838      2.083
     11      1        0.241      2.085      1.918
     12      1        0.244      2.149      1.892
     13      1        0.239      2.104      1.891
     14      1        0.135      1.048      0.943
     15      1        0.214      2.157      1.868
     16      1        0.220      1.970      2.086
     17      1        0.245      2.042      1.949
     18      1        0.224      2.080      1.954
     19      1        0.110      0.995      1.015
     20      1        0.111      1.018      0.991
     21      1        0.259      1.904      2.043
     22      1        0.246      2.035      1.938
     23      1        0.119      0.942      1.064
     24      1        0.119      0.942      1.061
     25      1        0.225      1.965      2.030
     26      1        0.113      0.973      1.012
     27      1        0.222      2.025      1.974
     28      1        0.065      0.482      0.512
     29      1        0.063      0.480      0.510
     30      1        0.065      0.482      0.511
     31      1        0.064      0.481      0.511
     32      1        0.111      1.012      0.979

Optimization #4:
* Method          : lls
* Target function : energy
* No. of configs. : 100352
* No. of params.  : 260
* Before optimization:
   9.3800E+00   9.1398E+00   9.6161E+00   9.5033E+00  -1.6066E+00  -1.6286E+00
  -5.4150E-01   1.0208E+00  -1.0550E+00  -1.0578E+00  -2.4808E+00  -2.4909E+00
  -3.3362E+00  -3.3439E+00  -1.8602E+00  -4.7008E+00  -9.3167E-01  -1.1716E-01
  -1.2325E-01  -2.7388E+00  -2.7379E+00  -1.3292E+00  -1.3231E+00  -8.3720E-03
  -1.7343E-02  -8.3922E-01  -1.9020E+00  -1.8924E+00  -3.5121E+00  -3.5133E+00
  -3.1248E+00  -3.1257E+00  -9.0272E-01  -8.9536E-01  -5.2365E+00  -5.2165E+00
  -5.3089E-01  -5.3559E-01  -5.1912E-01  -5.2485E-01  -8.6318E-01  -8.5485E-01
  -8.6340E-01  -8.5392E-01  -2.6191E+00  -2.6133E+00   2.4425E-03  -2.6193E+00
  -2.6131E+00  -3.0850E+00  -3.0856E+00  -3.0846E+00  -3.0860E+00  -3.0848E+00
  -3.0858E+00  -3.0851E+00  -3.0850E+00   1.7897E+01  -1.6396E+01   7.9503E+00
  -7.4271E+00  -6.6296E-01  -3.8077E-01   1.1814E+01  -1.0782E+01   2.2258E+01
  -1.9797E+01   2.6331E+01  -2.2981E+01   1.5816E+01  -1.3965E+01   3.6713E+01
  -3.2022E+01   8.1662E+00  -7.2339E+00   3.8357E+00  -3.7229E+00   2.2401E+01
  -1.9652E+01   1.1972E+01  -1.0637E+01   3.7971E+00  -3.7676E+00   8.1263E+00
  -7.2764E+00   1.8076E+01  -1.6161E+01   2.6425E+01  -2.2913E+01   2.2650E+01
  -1.9520E+01   7.8799E+00  -6.9762E+00   3.7094E+01  -3.1854E+01   3.7077E+01
  -3.1854E+01   4.1133E+00  -3.5803E+00   4.1040E+00  -3.5792E+00   7.8448E+00
  -6.9896E+00   7.8451E+00  -6.9905E+00   1.8539E+01  -1.5922E+01   2.9169E-03
  -5.5519E-03   1.8548E+01  -1.5930E+01   2.2619E+01  -1.9534E+01   2.2619E+01
  -1.9534E+01   2.2619E+01  -1.9534E+01   2.2619E+01  -1.9534E+01  -1.2671E-01
  -1.1339E-01   8.1142E-02   1.8723E-02  -2.2170E-02  -3.2479E-02  -3.7570E-03
  -2.9180E-02   1.7685E-02   9.2310E-01   1.1306E+00   7.7210E-01   8.6633E-01
  -3.9321E-01  -3.2034E-01  -4.7006E-01  -1.8342E-01  -2.7445E-01  -9.2759E-03
  -9.4932E-02   1.8847E-02   4.8832E-03   2.8284E-02  -1.6679E-03  -9.1666E-03
   3.3085E-03  -4.5296E-02   2.7144E-02   2.1470E-02  -6.9232E-03  -8.3034E-03
  -2.5074E-03   3.2286E-02   7.0545E-02   4.1227E-03  -6.2811E-02  -6.2158E-02
   2.8608E-02   8.4405E-02  -1.5107E-02  -5.2324E-02  -5.0690E-02  -5.0215E-02
  -4.9774E-02   2.1175E-02  -1.8531E-01  -2.3458E-01  -2.1208E-01  -1.4104E-01
  -1.6092E-01   3.6057E-02  -8.6322E-02   3.8015E-02  -3.2686E-02   4.3538E-02
   8.8485E-03   2.2632E-02  -2.1092E-02   2.5730E-02   3.8956E-02   1.8452E-02
  -8.9656E-03  -1.8532E-02   1.4814E-02   3.0556E-02   4.4865E-02   1.7557E-02
  -5.2176E-02  -5.3346E-02   2.4354E-02   7.3544E-02  -7.7925E-03  -2.6834E-02
  -2.5231E-02  -2.5925E-02  -2.5165E-02   1.6934E-02  -2.7201E-01  -2.5502E-01
  -3.0843E-01  -1.4509E-01  -2.2185E-01  -5.1804E-02  -1.2385E-01   4.7777E-02
  -1.7355E-02   3.9012E-02   3.7612E-03  -2.0302E-02  -3.0281E-03  -7.9368E-02
   5.1405E-03   1.7240E-02   5.7197E-03   5.1626E-03   1.2134E-02   1.7104E-02
   3.5267E-02  -2.1930E-02  -5.0404E-02  -4.9652E-02   9.3014E-03   6.7211E-02
  -2.6116E-02  -4.7930E-02  -4.4306E-02  -4.2914E-02  -4.4611E-02   1.6348E-02
  -2.2736E-01  -2.1352E-01  -1.6098E-01  -1.4541E-01  -1.5273E-01  -2.2159E-03
  -1.0813E-01   6.3465E-02  -6.2525E-02   4.2775E-02   1.2644E-02   1.1527E-02
  -2.5660E-02  -8.6830E-03   2.1157E-02   1.2776E-02   2.7515E-03  -7.2799E-03
   2.9931E-02   1.3314E-02   1.1289E-02  -9.0967E-03  -3.5391E-02  -3.6276E-02
   5.4960E-03   5.7661E-02  -1.5248E-02  -2.0329E-02  -1.7523E-02  -1.6806E-02
  -1.7912E-02   1.5003E-02
  > E    =  -5.359941419114E+02 +/-   7.613307396483E-05
  > varE =   5.816647733562E-04
* Computing derivatives.
    [walltime: 1m43s elapsed, 54m20s remaining]
  Done. [total walltime: 55m51s]
* Optimizing manipulation constant:
  #igrid a___________ E____________________________________ varE____________
     1     Infinity    -5.35994142E+02 +/-   7.61330740E-05   5.81664773E-04
     2     1.0000E+06  -5.35994142E+02 +/-   7.61330576E-05   5.81664523E-04
     3     2.1544E+05  -5.35994142E+02 +/-   7.61329981E-05   5.81663613E-04
     4     4.6416E+04  -5.35994142E+02 +/-   7.61327220E-05   5.81659395E-04
     5     1.0000E+04  -5.35994142E+02 +/-   7.61314479E-05   5.81639928E-04
     6     2.1544E+03  -5.35994142E+02 +/-   7.61256936E-05   5.81552006E-04
     7     4.6416E+02  -5.35994142E+02 +/-   7.61024171E-05   5.81196424E-04
     8     1.0000E+02  -5.35994141E+02 +/-   7.60700924E-05   5.80702800E-04
     9     2.1544E+01  -5.35994077E+02 +/-   7.84323192E-05   6.17328244E-04
    10     4.6416E+00  -5.35982999E+02 +/-   3.07144207E-04   9.46696318E-03
    11     1.0000E+00  -5.35099504E+02 +/-   2.42467951E-03   5.89976506E-01
    12     2.1544E-01  -5.32480253E+02 +/-   3.00070982E-03   9.03595445E-01
    13     4.6416E-02  -5.34337977E+02 +/-   5.93627230E-05   3.53633713E-04
    14     1.0000E-02  -5.32523600E+02 +/-   3.18916387E-03   1.02065673E+00
    15     2.1544E-03  -5.32520946E+02 +/-   3.18387070E-03   1.01727150E+00
    16     4.6416E-04  -5.32521258E+02 +/-   3.18646860E-03   1.01893228E+00
    17     1.0000E-04  -5.32521371E+02 +/-   3.18735649E-03   1.01950019E+00
    18     2.1544E-05  -5.32521398E+02 +/-   3.18756570E-03   1.01963403E+00
    19     4.6416E-06  -5.32521404E+02 +/-   3.18761164E-03   1.01966342E+00
    20     1.0000E-06  -5.32521405E+02 +/-   3.18762157E-03   1.01966978E+00
    21     0.0000E+00  -5.32521405E+02 +/-   3.18762430E-03   1.01967152E+00
* Iteration # 1: E =  -5.359941422307E+02 +/-   7.610241707822E-05
* Convergence: exiting.
* After optimization:
   9.3862E+00   9.1459E+00   9.6221E+00   9.5096E+00  -1.6070E+00  -1.6290E+00
  -5.4077E-01   1.0208E+00  -1.0547E+00  -1.0574E+00  -2.4808E+00  -2.4910E+00
  -3.3366E+00  -3.3444E+00  -1.8602E+00  -4.7015E+00  -9.3095E-01  -1.1680E-01
  -1.2287E-01  -2.7388E+00  -2.7380E+00  -1.3288E+00  -1.3228E+00  -8.0021E-03
  -1.6969E-02  -8.3850E-01  -1.9023E+00  -1.8928E+00  -3.5126E+00  -3.5137E+00
  -3.1248E+00  -3.1258E+00  -9.0273E-01  -8.9539E-01  -5.2373E+00  -5.2173E+00
  -5.3054E-01  -5.3523E-01  -5.1876E-01  -5.2449E-01  -8.6319E-01  -8.5487E-01
  -8.6341E-01  -8.5394E-01  -2.6195E+00  -2.6137E+00   2.4376E-03  -2.6197E+00
  -2.6136E+00  -3.0850E+00  -3.0857E+00  -3.0847E+00  -3.0860E+00  -3.0848E+00
  -3.0858E+00  -3.0851E+00  -3.0851E+00   1.7900E+01  -1.6398E+01   7.9452E+00
  -7.4228E+00  -6.6301E-01  -3.8075E-01   1.1811E+01  -1.0780E+01   2.2258E+01
  -1.9798E+01   2.6334E+01  -2.2984E+01   1.5817E+01  -1.3965E+01   3.6718E+01
  -3.2027E+01   8.1612E+00  -7.2297E+00   3.8332E+00  -3.7208E+00   2.2401E+01
  -1.9653E+01   1.1970E+01  -1.0635E+01   3.7946E+00  -3.7654E+00   8.1213E+00
  -7.2721E+00   1.8078E+01  -1.6164E+01   2.6428E+01  -2.2915E+01   2.2650E+01
  -1.9521E+01   7.8800E+00  -6.9763E+00   3.7100E+01  -3.1859E+01   3.7082E+01
  -3.1859E+01   4.1108E+00  -3.5781E+00   4.1015E+00  -3.5770E+00   7.8450E+00
  -6.9898E+00   7.8453E+00  -6.9906E+00   1.8542E+01  -1.5925E+01   2.9173E-03
  -5.5491E-03   1.8551E+01  -1.5932E+01   2.2619E+01  -1.9534E+01   2.2619E+01
  -1.9534E+01   2.2619E+01  -1.9535E+01   2.2619E+01  -1.9534E+01  -1.2671E-01
  -1.1339E-01   8.1142E-02   1.8714E-02  -2.2145E-02  -3.2472E-02  -3.7551E-03
  -2.9177E-02   1.7686E-02   9.2025E-01   1.1271E+00   7.6985E-01   8.6361E-01
  -3.9202E-01  -3.1938E-01  -4.6872E-01  -1.8288E-01  -2.7360E-01  -9.2559E-03
  -9.4698E-02   1.8754E-02   4.8588E-03   2.8231E-02  -1.6553E-03  -9.1240E-03
   3.3116E-03  -4.5133E-02   2.7084E-02   2.1400E-02  -6.9129E-03  -8.2811E-03
  -2.5021E-03   3.2221E-02   7.0348E-02   4.1730E-03  -6.2628E-02  -6.1978E-02
   2.8582E-02   8.4103E-02  -1.5008E-02  -5.2126E-02  -5.0494E-02  -5.0026E-02
  -4.9583E-02   2.1156E-02  -1.8475E-01  -2.3384E-01  -2.1145E-01  -1.4062E-01
  -1.6041E-01   3.5938E-02  -8.6097E-02   3.7895E-02  -3.2598E-02   4.3426E-02
   8.8094E-03   2.2559E-02  -2.0989E-02   2.5690E-02   3.8821E-02   1.8378E-02
  -8.9451E-03  -1.8477E-02   1.4773E-02   3.0487E-02   4.4748E-02   1.7552E-02
  -5.2015E-02  -5.3182E-02   2.4349E-02   7.3264E-02  -7.7292E-03  -2.6706E-02
  -2.5121E-02  -2.5804E-02  -2.5049E-02   1.6903E-02  -2.7201E-01  -2.5505E-01
  -3.0852E-01  -1.4511E-01  -2.2182E-01  -5.1804E-02  -1.2390E-01   4.7719E-02
  -1.7382E-02   3.9022E-02   3.7548E-03  -2.0294E-02  -3.0347E-03  -7.9350E-02
   5.1516E-03   1.7238E-02   5.7124E-03   5.1464E-03   1.2164E-02   1.7081E-02
   3.5264E-02  -2.1915E-02  -5.0412E-02  -4.9662E-02   9.2925E-03   6.7252E-02
  -2.6133E-02  -4.7906E-02  -4.4285E-02  -4.2905E-02  -4.4592E-02   1.6294E-02
  -2.2736E-01  -2.1350E-01  -1.6099E-01  -1.4542E-01  -1.5270E-01  -2.2152E-03
  -1.0815E-01   6.3447E-02  -6.2554E-02   4.2773E-02   1.2621E-02   1.1514E-02
  -2.5643E-02  -8.6499E-03   2.1136E-02   1.2769E-02   2.7483E-03  -7.2933E-03
   2.9946E-02   1.3290E-02   1.1278E-02  -9.0808E-03  -3.5391E-02  -3.6274E-02
   5.5011E-03   5.7701E-02  -1.5263E-02  -2.0300E-02  -1.7496E-02  -1.6782E-02
  -1.7883E-02   1.4937E-02
  > Energy =  -5.359941422307E+02 +/-   7.610241707822E-05
  > varE =   5.811964239303E-04

VMC #5:
* Size of Hilbert space =   1.1779E+07
* Number of equil. steps   = 1000
* Running VMC equilibration.
  Done. [total walltime: 0.48s]
* Equil. acc.ratio (%)     =  18.3583
* Sample config after equilibration:
  +-------------+
  |  u       u  |
  |      u      |
  |    d   d    |
  |d           d|
  |2           u|
  |    u   0    |
  |      2      |
  |  0       d  |
  +-------------+
* Number of accum. steps   = 501760 x 10
* Running VMC accumulation.
    [walltime: 1m elapsed, 8.56s remaining]
  Done. [total walltime: 1m8s]
* Acceptance ratio (%)     =  18.2881
* Etot/t                   =  -5.359940484719E+02 +/-   3.264325841706E-05
  > Ttot/t                 =  -3.899750525560E+01 +/-   6.976485912544E-04
  > Utot/t                 =   1.647009032168E+01 +/-   6.947684367330E-04
* var[Eloc/t]              =   5.230911469097E-04 +/-   8.637286964581E-06
* Correlation length       =   1.022128912109E+00
* log10 Psi^2 range: -25.098072334711208 -- -16.007167392784680
* log10 Pgen range : -25.098072334711208 -- -16.007167392784680
* Site occupation (ave. no. electrons per config.):
  > Site_  ___eu____  ___ed____
      1        0.499      0.498
      2        0.498      0.497
      3        0.497      0.499
      4        0.507      0.504
      5        0.501      0.502
      6        0.494      0.499
      7        0.503      0.503
      8        0.504      0.504
      9        0.498      0.494
     10        0.502      0.501
     11        0.496      0.498
     12        0.501      0.499
     13        0.499      0.498
     14        0.499      0.503
* Pair-correlation analysis (ave. no. pairs per config.):
  > Shell  nsite  ___dh____  __eueu___  __eued___
      0      1        0          0          2.409
      1      1        0.866      0.599      2.561
      2      1        0.291      0.656      1.083
      3      1        0.252      0.696      1.081
      4      1        0.657      1.105      2.312
      5      1        0.494      1.460      2.144
      6      1        0.230      2.096      1.938
      7      1        0.072      0.422      0.570
      8      1        0.137      0.861      1.111
      9      1        0.155      0.910      1.041
     10      1        0.279      1.834      2.082
     11      1        0.239      2.089      1.925
     12      1        0.243      2.137      1.899
     13      1        0.239      2.103      1.890
     14      1        0.134      1.045      0.946
     15      1        0.217      2.155      1.873
     16      1        0.222      1.974      2.079
     17      1        0.246      2.040      1.956
     18      1        0.226      2.069      1.951
     19      1        0.111      0.995      1.019
     20      1        0.108      1.019      0.998
     21      1        0.259      1.909      2.037
     22      1        0.248      2.028      1.942
     23      1        0.120      0.938      1.058
     24      1        0.120      0.941      1.057
     25      1        0.222      1.972      2.028
     26      1        0.115      0.973      1.010
     27      1        0.220      2.032      1.977
     28      1        0.064      0.483      0.509
     29      1        0.064      0.482      0.515
     30      1        0.063      0.484      0.509
     31      1        0.064      0.486      0.512
     32      1        0.113      1.007      0.979

Optimization #5:
* Method          : lls
* Target function : energy
* No. of configs. : 100352
* No. of params.  : 260
* Before optimization:
   9.3862E+00   9.1459E+00   9.6221E+00   9.5096E+00  -1.6070E+00  -1.6290E+00
  -5.4077E-01   1.0208E+00  -1.0547E+00  -1.0574E+00  -2.4808E+00  -2.4910E+00
  -3.3366E+00  -3.3444E+00  -1.8602E+00  -4.7015E+00  -9.3095E-01  -1.1680E-01
  -1.2287E-01  -2.7388E+00  -2.7380E+00  -1.3288E+00  -1.3228E+00  -8.0021E-03
  -1.6969E-02  -8.3850E-01  -1.9023E+00  -1.8928E+00  -3.5126E+00  -3.5137E+00
  -3.1248E+00  -3.1258E+00  -9.0273E-01  -8.9539E-01  -5.2373E+00  -5.2173E+00
  -5.3054E-01  -5.3523E-01  -5.1876E-01  -5.2449E-01  -8.6319E-01  -8.5487E-01
  -8.6341E-01  -8.5394E-01  -2.6195E+00  -2.6137E+00   2.4376E-03  -2.6197E+00
  -2.6136E+00  -3.0850E+00  -3.0857E+00  -3.0847E+00  -3.0860E+00  -3.0848E+00
  -3.0858E+00  -3.0851E+00  -3.0851E+00   1.7900E+01  -1.6398E+01   7.9452E+00
  -7.4228E+00  -6.6301E-01  -3.8075E-01   1.1811E+01  -1.0780E+01   2.2258E+01
  -1.9798E+01   2.6334E+01  -2.2984E+01   1.5817E+01  -1.3965E+01   3.6718E+01
  -3.2027E+01   8.1612E+00  -7.2297E+00   3.8332E+00  -3.7208E+00   2.2401E+01
  -1.9653E+01   1.1970E+01  -1.0635E+01   3.7946E+00  -3.7654E+00   8.1213E+00
  -7.2721E+00   1.8078E+01  -1.6164E+01   2.6428E+01  -2.2915E+01   2.2650E+01
  -1.9521E+01   7.8800E+00  -6.9763E+00   3.7100E+01  -3.1859E+01   3.7082E+01
  -3.1859E+01   4.1108E+00  -3.5781E+00   4.1015E+00  -3.5770E+00   7.8450E+00
  -6.9898E+00   7.8453E+00  -6.9906E+00   1.8542E+01  -1.5925E+01   2.9173E-03
  -5.5491E-03   1.8551E+01  -1.5932E+01   2.2619E+01  -1.9534E+01   2.2619E+01
  -1.9534E+01   2.2619E+01  -1.9535E+01   2.2619E+01  -1.9534E+01  -1.2671E-01
  -1.1339E-01   8.1142E-02   1.8714E-02  -2.2145E-02  -3.2472E-02  -3.7551E-03
  -2.9177E-02   1.7686E-02   9.2025E-01   1.1271E+00   7.6985E-01   8.6361E-01
  -3.9202E-01  -3.1938E-01  -4.6872E-01  -1.8288E-01  -2.7360E-01  -9.2559E-03
  -9.4698E-02   1.8754E-02   4.8588E-03   2.8231E-02  -1.6553E-03  -9.1240E-03
   3.3116E-03  -4.5133E-02   2.7084E-02   2.1400E-02  -6.9129E-03  -8.2811E-03
  -2.5021E-03   3.2221E-02   7.0348E-02   4.1730E-03  -6.2628E-02  -6.1978E-02
   2.8582E-02   8.4103E-02  -1.5008E-02  -5.2126E-02  -5.0494E-02  -5.0026E-02
  -4.9583E-02   2.1156E-02  -1.8475E-01  -2.3384E-01  -2.1145E-01  -1.4062E-01
  -1.6041E-01   3.5938E-02  -8.6097E-02   3.7895E-02  -3.2598E-02   4.3426E-02
   8.8094E-03   2.2559E-02  -2.0989E-02   2.5690E-02   3.8821E-02   1.8378E-02
  -8.9451E-03  -1.8477E-02   1.4773E-02   3.0487E-02   4.4748E-02   1.7552E-02
  -5.2015E-02  -5.3182E-02   2.4349E-02   7.3264E-02  -7.7292E-03  -2.6706E-02
  -2.5121E-02  -2.5804E-02  -2.5049E-02   1.6903E-02  -2.7201E-01  -2.5505E-01
  -3.0852E-01  -1.4511E-01  -2.2182E-01  -5.1804E-02  -1.2390E-01   4.7719E-02
  -1.7382E-02   3.9022E-02   3.7548E-03  -2.0294E-02  -3.0347E-03  -7.9350E-02
   5.1516E-03   1.7238E-02   5.7124E-03   5.1464E-03   1.2164E-02   1.7081E-02
   3.5264E-02  -2.1915E-02  -5.0412E-02  -4.9662E-02   9.2925E-03   6.7252E-02
  -2.6133E-02  -4.7906E-02  -4.4285E-02  -4.2905E-02  -4.4592E-02   1.6294E-02
  -2.2736E-01  -2.1350E-01  -1.6099E-01  -1.4542E-01  -1.5270E-01  -2.2152E-03
  -1.0815E-01   6.3447E-02  -6.2554E-02   4.2773E-02   1.2621E-02   1.1514E-02
  -2.5643E-02  -8.6499E-03   2.1136E-02   1.2769E-02   2.7483E-03  -7.2933E-03
   2.9946E-02   1.3290E-02   1.1278E-02  -9.0808E-03  -3.5391E-02  -3.6274E-02
   5.5011E-03   5.7701E-02  -1.5263E-02  -2.0300E-02  -1.7496E-02  -1.6782E-02
  -1.7883E-02   1.4937E-02
  > E    =  -5.359941166835E+02 +/-   7.366152206614E-05
  > varE =   5.445119422913E-04
* Computing derivatives.
    [walltime: 1m43s elapsed, 54m33s remaining]
  Done. [total walltime: 55m55s]
* Optimizing manipulation constant:
  #igrid a___________ E____________________________________ varE____________
     1     Infinity    -5.35994117E+02 +/-   7.36615221E-05   5.44511942E-04
     2     1.0000E+06  -5.35994117E+02 +/-   7.36615091E-05   5.44511751E-04
     3     2.1544E+05  -5.35994117E+02 +/-   7.36614620E-05   5.44511055E-04
     4     4.6416E+04  -5.35994117E+02 +/-   7.36612434E-05   5.44507822E-04
     5     1.0000E+04  -5.35994117E+02 +/-   7.36602288E-05   5.44492822E-04
     6     2.1544E+03  -5.35994117E+02 +/-   7.36555224E-05   5.44423246E-04
     7     4.6416E+02  -5.35994117E+02 +/-   7.36337457E-05   5.44101370E-04
     8     1.0000E+02  -5.35994119E+02 +/-   7.35341144E-05   5.42629956E-04
     9     2.1544E+01  -5.35994125E+02 +/-   7.31004420E-05   5.36248435E-04
    10     4.6416E+00  -5.35994146E+02 +/-   7.15689902E-05   5.14015023E-04
    11     1.0000E+00  -5.35993776E+02 +/-   8.76868141E-05   7.71604258E-04
    12     2.1544E-01  -5.35586379E+02 +/-   1.74299150E-03   3.04871319E-01
    13     4.6416E-02  -5.34427906E+02 +/-   1.66159211E-03   2.77060667E-01
    14     1.0000E-02  -5.34549299E+02 +/-   2.77085258E-03   7.70464925E-01
    15     2.1544E-03  -5.34606536E+02 +/-   2.74307522E-03   7.55094774E-01
    16     4.6416E-04  -5.34626632E+02 +/-   2.73286670E-03   7.49484971E-01
    17     1.0000E-04  -5.34631525E+02 +/-   2.73034200E-03   7.48100822E-01
    18     2.1544E-05  -5.34632609E+02 +/-   2.72978059E-03   7.47793208E-01
    19     4.6416E-06  -5.34632844E+02 +/-   2.72965880E-03   7.47726483E-01
    20     1.0000E-06  -5.34632895E+02 +/-   2.72963252E-03   7.47712086E-01
    21     0.0000E+00  -5.34632909E+02 +/-   2.72962530E-03   7.47708131E-01
  ParMin   9.1459E+00  -5.35994134E+02 +/-   7.24463973E-05   5.26695513E-04
  # Using grid point #10
* Iteration # 1: E =  -5.359941460182E+02 +/-   7.156899023179E-05
* Computing derivatives.
    [walltime: 1m43s elapsed, 54m31s remaining]
  Done. [total walltime: 55m53s]
* Optimizing manipulation constant:
  #igrid a___________ E____________________________________ varE____________
     1     Infinity    -5.35994146E+02 +/-   7.15689902E-05   5.14015023E-04
     2     1.0000E+06  -5.35994146E+02 +/-   7.15689812E-05   5.14014894E-04
     3     2.1544E+05  -5.35994146E+02 +/-   7.15689487E-05   5.14014426E-04
     4     4.6416E+04  -5.35994146E+02 +/-   7.15688021E-05   5.14012321E-04
     5     1.0000E+04  -5.35994146E+02 +/-   7.15682152E-05   5.14003890E-04
     6     2.1544E+03  -5.35994146E+02 +/-   7.15675084E-05   5.13993737E-04
     7     4.6416E+02  -5.35994145E+02 +/-   7.16086898E-05   5.14585432E-04
     8     1.0000E+02  -5.35994110E+02 +/-   7.31666827E-05   5.37220730E-04
     9     2.1544E+01  -5.35989255E+02 +/-   2.10103987E-04   4.42990713E-03
    10     4.6416E+00  -5.34295716E+02 +/-   2.87532375E-03   8.29658825E-01
    11     1.0000E+00  -5.32437395E+02 +/-   2.89008971E-03   8.38201972E-01
    12     2.1544E-01  -5.32419870E+02 +/-   2.84515911E-03   8.12342451E-01
    13     4.6416E-02  -5.32409912E+02 +/-   2.81747758E-03   7.96612229E-01
    14     1.0000E-02  -5.32407122E+02 +/-   2.80955752E-03   7.92139895E-01
    15     2.1544E-03  -5.32406491E+02 +/-   2.80774812E-03   7.91119926E-01
    16     4.6416E-04  -5.32406354E+02 +/-   2.80735354E-03   7.90897582E-01
    17     1.0000E-04  -5.32406324E+02 +/-   2.80726830E-03   7.90849559E-01
    18     2.1544E-05  -5.32406318E+02 +/-   2.80724993E-03   7.90839207E-01
    19     4.6416E-06  -5.32406316E+02 +/-   2.80724597E-03   7.90836977E-01
    20     1.0000E-06  -5.32406316E+02 +/-   2.80724512E-03   7.90836496E-01
    21     0.0000E+00  -5.32406316E+02 +/-   2.80724489E-03   7.90836364E-01
* Iteration # 2: E =  -5.359941460287E+02 +/-   7.156821518760E-05
* Convergence: exiting.
* After optimization:
   9.3474E+00   9.1057E+00   9.5653E+00   9.4666E+00  -1.5640E+00  -1.5870E+00
  -6.8387E-01   1.0216E+00  -1.0485E+00  -1.0513E+00  -2.5104E+00  -2.5201E+00
  -3.2168E+00  -3.2243E+00  -1.7034E+00  -4.6146E+00  -1.0741E+00  -1.9034E-01
  -1.9550E-01  -2.7681E+00  -2.7676E+00  -1.3231E+00  -1.3176E+00  -8.1196E-02
  -8.9356E-02  -9.8135E-01  -1.8597E+00  -1.8519E+00  -3.3930E+00  -3.3941E+00
  -3.1536E+00  -3.1549E+00  -8.2620E-01  -8.1975E-01  -5.1521E+00  -5.1319E+00
  -6.0308E-01  -6.0707E-01  -5.9095E-01  -5.9605E-01  -7.8606E-01  -7.7861E-01
  -7.8620E-01  -7.7792E-01  -2.5767E+00  -2.5719E+00   2.1126E-03  -2.5773E+00
  -2.5724E+00  -3.1137E+00  -3.1147E+00  -3.1136E+00  -3.1151E+00  -3.1135E+00
  -3.1148E+00  -3.1138E+00  -3.1142E+00   1.7594E+01  -1.6135E+01   8.9398E+00
  -8.2738E+00  -6.6443E-01  -3.8140E-01   1.1761E+01  -1.0736E+01   2.2448E+01
  -1.9959E+01   2.5480E+01  -2.2250E+01   1.4720E+01  -1.3025E+01   3.6103E+01
  -3.1500E+01   9.1554E+00  -8.0813E+00   4.3310E+00  -4.1455E+00   2.2592E+01
  -1.9814E+01   1.1920E+01  -1.0591E+01   4.2921E+00  -4.1901E+00   9.1157E+00
  -8.1235E+00   1.7773E+01  -1.5899E+01   2.5574E+01  -2.2182E+01   2.2841E+01
  -1.9683E+01   7.3331E+00  -6.5056E+00   3.6486E+01  -3.1331E+01   3.6468E+01
  -3.1332E+01   4.6081E+00  -4.0032E+00   4.5988E+00  -4.0026E+00   7.2980E+00
  -6.5196E+00   7.2981E+00  -6.5201E+00   1.8236E+01  -1.5661E+01   3.0215E-03
  -5.4398E-03   1.8245E+01  -1.5668E+01   2.2809E+01  -1.9696E+01   2.2810E+01
  -1.9696E+01   2.2810E+01  -1.9696E+01   2.2809E+01  -1.9696E+01  -1.2387E-01
  -1.1462E-01   8.0849E-02   1.8339E-02  -1.9753E-02  -3.0961E-02  -4.1455E-03
  -2.7654E-02   1.6985E-02   9.2116E-01   1.1308E+00   7.8147E-01   8.6915E-01
  -3.9073E-01  -3.2576E-01  -4.7413E-01  -1.8469E-01  -2.7394E-01  -8.8787E-03
  -1.0057E-01   1.1140E-02   3.7009E-03   2.7097E-02  -2.0768E-03  -9.2142E-03
   5.0101E-03  -4.1752E-02   2.9082E-02   2.2915E-02  -7.1202E-03  -8.8462E-03
  -4.5590E-03   2.8624E-02   7.0544E-02   4.9075E-03  -6.2876E-02  -6.2484E-02
   2.5634E-02   8.3576E-02  -1.6128E-02  -5.3753E-02  -5.2491E-02  -5.1402E-02
  -5.1525E-02   1.6869E-02  -1.7944E-01  -2.3794E-01  -2.1202E-01  -1.4049E-01
  -1.5803E-01   3.6582E-02  -9.0958E-02   3.2089E-02  -3.1904E-02   4.4062E-02
   6.7570E-03   2.1243E-02  -2.1346E-02   2.8418E-02   3.7116E-02   1.8202E-02
  -1.1194E-02  -1.9587E-02   1.6098E-02   2.3946E-02   4.4957E-02   1.5744E-02
  -5.1764E-02  -5.2808E-02   2.2258E-02   7.7416E-02  -4.9649E-03  -2.6423E-02
  -2.4923E-02  -2.5696E-02  -2.5022E-02   1.3947E-02  -2.7019E-01  -2.5943E-01
  -3.1477E-01  -1.4611E-01  -2.1992E-01  -5.1605E-02  -1.2883E-01   3.8742E-02
  -2.0147E-02   3.7382E-02   4.6036E-03  -2.0413E-02  -1.9660E-03  -7.8838E-02
   5.5769E-03   1.7375E-02   6.6403E-03   5.8789E-03   1.2592E-02   2.0857E-02
   3.4169E-02  -1.9315E-02  -5.0393E-02  -4.9650E-02   1.0519E-02   6.4856E-02
  -2.6385E-02  -4.5586E-02  -4.2188E-02  -4.1162E-02  -4.2662E-02   1.7014E-02
  -2.2183E-01  -2.1521E-01  -1.6357E-01  -1.4444E-01  -1.4811E-01  -1.7101E-03
  -1.1230E-01   5.6521E-02  -6.2550E-02   4.3251E-02   1.1549E-02   9.5780E-03
  -2.6657E-02  -8.9192E-03   1.8152E-02   1.1063E-02   1.5048E-03  -7.3740E-03
   3.3330E-02   1.3391E-02   1.0220E-02  -9.3234E-03  -3.4943E-02  -3.5606E-02
   8.4945E-03   5.9572E-02  -1.3102E-02  -1.6378E-02  -1.3434E-02  -1.2688E-02
  -1.3631E-02   1.6279E-02
  > Energy =  -5.359941460287E+02 +/-   7.156821518760E-05
  > varE =   5.140038898314E-04

VMC #6:
* Size of Hilbert space =   1.1779E+07
* Number of equil. steps   = 1000
* Running VMC equilibration.
  Done. [total walltime: 0.48s]
* Equil. acc.ratio (%)     =  18.2171
* Sample config after equilibration:
  +-------------+
  |  u       d  |
  |      d      |
  |    d   u    |
  |d           u|
  |u           d|
  |    u   d    |
  |      u      |
  |  d       u  |
  +-------------+
* Number of accum. steps   = 501760 x 10
* Running VMC accumulation.
    [walltime: 1m elapsed, 8.57s remaining]
  Done. [total walltime: 1m8s]
* Acceptance ratio (%)     =  18.1865
* Etot/t                   =  -5.359941753777E+02 +/-   3.197201252504E-05
  > Ttot/t                 =  -3.899886758154E+01 +/-   6.776095105082E-04
  > Utot/t                 =   1.647132574182E+01 +/-   6.752656062220E-04
* var[Eloc/t]              =   5.041596022747E-04 +/-   6.877429706759E-06
* Correlation length       =   1.017344267581E+00
* log10 Psi^2 range: -23.641411632195794 -- -15.994590233332493
* log10 Pgen range : -23.641411632195794 -- -15.994590233332493
* Site occupation (ave. no. electrons per config.):
  > Site_  ___eu____  ___ed____
      1        0.496      0.495
      2        0.499      0.497
      3        0.500      0.499
      4        0.503      0.507
      5        0.500      0.504
      6        0.497      0.496
      7        0.503      0.505
      8        0.501      0.505
      9        0.500      0.496
     10        0.502      0.500
     11        0.498      0.499
     12        0.499      0.497
     13        0.499      0.500
     14        0.503      0.501
* Pair-correlation analysis (ave. no. pairs per config.):
  > Shell  nsite  ___dh____  __eueu___  __eued___
      0      1        0          0          2.419
      1      1        0.871      0.599      2.557
      2      1        0.295      0.653      1.082
      3      1        0.251      0.703      1.079
      4      1        0.661      1.107      2.307
      5      1        0.499      1.460      2.140
      6      1        0.231      2.100      1.934
      7      1        0.073      0.421      0.571
      8      1        0.140      0.862      1.107
      9      1        0.156      0.909      1.040
     10      1        0.279      1.836      2.083
     11      1        0.243      2.087      1.920
     12      1        0.240      2.139      1.901
     13      1        0.240      2.102      1.895
     14      1        0.137      1.046      0.943
     15      1        0.220      2.148      1.879
     16      1        0.224      1.968      2.082
     17      1        0.250      2.040      1.951
     18      1        0.225      2.079      1.948
     19      1        0.111      0.997      1.020
     20      1        0.112      1.021      0.991
     21      1        0.259      1.907      2.044
     22      1        0.250      2.032      1.935
     23      1        0.122      0.933      1.060
     24      1        0.120      0.939      1.060
     25      1        0.225      1.970      2.033
     26      1        0.114      0.975      1.010
     27      1        0.223      2.029      1.978
     28      1        0.064      0.482      0.511
     29      1        0.063      0.485      0.514
     30      1        0.065      0.482      0.513
     31      1        0.064      0.480      0.511
     32      1        0.112      1.010      0.981

Optimization #6:
* Method          : lls
* Target function : energy
* No. of configs. : 100352
* No. of params.  : 260
* Before optimization:
   9.3474E+00   9.1057E+00   9.5653E+00   9.4666E+00  -1.5640E+00  -1.5870E+00
  -6.8387E-01   1.0216E+00  -1.0485E+00  -1.0513E+00  -2.5104E+00  -2.5201E+00
  -3.2168E+00  -3.2243E+00  -1.7034E+00  -4.6146E+00  -1.0741E+00  -1.9034E-01
  -1.9550E-01  -2.7681E+00  -2.7676E+00  -1.3231E+00  -1.3176E+00  -8.1196E-02
  -8.9356E-02  -9.8135E-01  -1.8597E+00  -1.8519E+00  -3.3930E+00  -3.3941E+00
  -3.1536E+00  -3.1549E+00  -8.2620E-01  -8.1975E-01  -5.1521E+00  -5.1319E+00
  -6.0308E-01  -6.0707E-01  -5.9095E-01  -5.9605E-01  -7.8606E-01  -7.7861E-01
  -7.8620E-01  -7.7792E-01  -2.5767E+00  -2.5719E+00   2.1126E-03  -2.5773E+00
  -2.5724E+00  -3.1137E+00  -3.1147E+00  -3.1136E+00  -3.1151E+00  -3.1135E+00
  -3.1148E+00  -3.1138E+00  -3.1142E+00   1.7594E+01  -1.6135E+01   8.9398E+00
  -8.2738E+00  -6.6443E-01  -3.8140E-01   1.1761E+01  -1.0736E+01   2.2448E+01
  -1.9959E+01   2.5480E+01  -2.2250E+01   1.4720E+01  -1.3025E+01   3.6103E+01
  -3.1500E+01   9.1554E+00  -8.0813E+00   4.3310E+00  -4.1455E+00   2.2592E+01
  -1.9814E+01   1.1920E+01  -1.0591E+01   4.2921E+00  -4.1901E+00   9.1157E+00
  -8.1235E+00   1.7773E+01  -1.5899E+01   2.5574E+01  -2.2182E+01   2.2841E+01
  -1.9683E+01   7.3331E+00  -6.5056E+00   3.6486E+01  -3.1331E+01   3.6468E+01
  -3.1332E+01   4.6081E+00  -4.0032E+00   4.5988E+00  -4.0026E+00   7.2980E+00
  -6.5196E+00   7.2981E+00  -6.5201E+00   1.8236E+01  -1.5661E+01   3.0215E-03
  -5.4398E-03   1.8245E+01  -1.5668E+01   2.2809E+01  -1.9696E+01   2.2810E+01
  -1.9696E+01   2.2810E+01  -1.9696E+01   2.2809E+01  -1.9696E+01  -1.2387E-01
  -1.1462E-01   8.0849E-02   1.8339E-02  -1.9753E-02  -3.0961E-02  -4.1455E-03
  -2.7654E-02   1.6985E-02   9.2116E-01   1.1308E+00   7.8147E-01   8.6915E-01
  -3.9073E-01  -3.2576E-01  -4.7413E-01  -1.8469E-01  -2.7394E-01  -8.8787E-03
  -1.0057E-01   1.1140E-02   3.7009E-03   2.7097E-02  -2.0768E-03  -9.2142E-03
   5.0101E-03  -4.1752E-02   2.9082E-02   2.2915E-02  -7.1202E-03  -8.8462E-03
  -4.5590E-03   2.8624E-02   7.0544E-02   4.9075E-03  -6.2876E-02  -6.2484E-02
   2.5634E-02   8.3576E-02  -1.6128E-02  -5.3753E-02  -5.2491E-02  -5.1402E-02
  -5.1525E-02   1.6869E-02  -1.7944E-01  -2.3794E-01  -2.1202E-01  -1.4049E-01
  -1.5803E-01   3.6582E-02  -9.0958E-02   3.2089E-02  -3.1904E-02   4.4062E-02
   6.7570E-03   2.1243E-02  -2.1346E-02   2.8418E-02   3.7116E-02   1.8202E-02
  -1.1194E-02  -1.9587E-02   1.6098E-02   2.3946E-02   4.4957E-02   1.5744E-02
  -5.1764E-02  -5.2808E-02   2.2258E-02   7.7416E-02  -4.9649E-03  -2.6423E-02
  -2.4923E-02  -2.5696E-02  -2.5022E-02   1.3947E-02  -2.7019E-01  -2.5943E-01
  -3.1477E-01  -1.4611E-01  -2.1992E-01  -5.1605E-02  -1.2883E-01   3.8742E-02
  -2.0147E-02   3.7382E-02   4.6036E-03  -2.0413E-02  -1.9660E-03  -7.8838E-02
   5.5769E-03   1.7375E-02   6.6403E-03   5.8789E-03   1.2592E-02   2.0857E-02
   3.4169E-02  -1.9315E-02  -5.0393E-02  -4.9650E-02   1.0519E-02   6.4856E-02
  -2.6385E-02  -4.5586E-02  -4.2188E-02  -4.1162E-02  -4.2662E-02   1.7014E-02
  -2.2183E-01  -2.1521E-01  -1.6357E-01  -1.4444E-01  -1.4811E-01  -1.7101E-03
  -1.1230E-01   5.6521E-02  -6.2550E-02   4.3251E-02   1.1549E-02   9.5780E-03
  -2.6657E-02  -8.9192E-03   1.8152E-02   1.1063E-02   1.5048E-03  -7.3740E-03
   3.3330E-02   1.3391E-02   1.0220E-02  -9.3234E-03  -3.4943E-02  -3.5606E-02
   8.4945E-03   5.9572E-02  -1.3102E-02  -1.6378E-02  -1.3434E-02  -1.2688E-02
  -1.3631E-02   1.6279E-02
  > E    =  -5.359941975945E+02 +/-   7.264360765373E-05
  > varE =   5.295669102889E-04
* Computing derivatives.
    [walltime: 1m43s elapsed, 54m9s remaining]
  Done. [total walltime: 55m57s]
* Optimizing manipulation constant:
  #igrid a___________ E____________________________________ varE____________
     1     Infinity    -5.35994198E+02 +/-   7.26436077E-05   5.29566910E-04
     2     1.0000E+06  -5.35994198E+02 +/-   7.26435969E-05   5.29566753E-04
     3     2.1544E+05  -5.35994198E+02 +/-   7.26435577E-05   5.29566182E-04
     4     4.6416E+04  -5.35994198E+02 +/-   7.26433759E-05   5.29563531E-04
     5     1.0000E+04  -5.35994198E+02 +/-   7.26425331E-05   5.29551244E-04
     6     2.1544E+03  -5.35994198E+02 +/-   7.26386454E-05   5.29494564E-04
     7     4.6416E+02  -5.35994198E+02 +/-   7.26211195E-05   5.29239087E-04
     8     1.0000E+02  -5.35994199E+02 +/-   7.25509102E-05   5.28216257E-04
     9     2.1544E+01  -5.35994203E+02 +/-   7.24774554E-05   5.27147204E-04
    10     4.6416E+00  -5.35994036E+02 +/-   8.50811844E-05   7.26428854E-04
    11     1.0000E+00  -5.35912629E+02 +/-   8.23304880E-04   6.80216891E-02
    12     2.1544E-01  -5.32557997E+02 +/-   2.90890098E-03   8.49149010E-01
    13     4.6416E-02  -5.32485414E+02 +/-   3.06364944E-03   9.41898642E-01
    14     1.0000E-02  -5.32492336E+02 +/-   3.49198489E-03   1.22368812E+00
    15     2.1544E-03  -5.32499675E+02 +/-   3.63974862E-03   1.32944022E+00
    16     4.6416E-04  -5.32501574E+02 +/-   3.67059895E-03   1.35207227E+00
    17     1.0000E-04  -5.32501997E+02 +/-   3.67709247E-03   1.35686030E+00
    18     2.1544E-05  -5.32502089E+02 +/-   3.67848300E-03   1.35788672E+00
    19     4.6416E-06  -5.32502109E+02 +/-   3.67878218E-03   1.35810760E+00
    20     1.0000E-06  -5.32502113E+02 +/-   3.67884662E-03   1.35815518E+00
    21     0.0000E+00  -5.32502114E+02 +/-   3.67886431E-03   1.35816824E+00
  ParMin   4.4988E+01  -5.35994201E+02 +/-   7.24782824E-05   5.27159234E-04
  # Using grid point #9
* Iteration # 1: E =  -5.359942031581E+02 +/-   7.247745540130E-05
* Convergence: exiting.
* After optimization:
   9.3912E+00   9.1492E+00   9.6066E+00   9.5126E+00  -1.5580E+00  -1.5814E+00
  -7.1869E-01   1.0221E+00  -1.0389E+00  -1.0417E+00  -2.5224E+00  -2.5320E+00
  -3.1839E+00  -3.1913E+00  -1.6481E+00  -4.6022E+00  -1.1090E+00  -2.0782E-01
  -2.1278E-01  -2.7796E+00  -2.7792E+00  -1.3131E+00  -1.3076E+00  -9.8657E-02
  -1.0666E-01  -1.0164E+00  -1.8536E+00  -1.8459E+00  -3.3598E+00  -3.3610E+00
  -3.1653E+00  -3.1666E+00  -7.9880E-01  -7.9255E-01  -5.1407E+00  -5.1205E+00
  -6.2077E-01  -6.2458E-01  -6.0853E-01  -6.1352E-01  -7.5866E-01  -7.5140E-01
  -7.5874E-01  -7.5071E-01  -2.5710E+00  -2.5664E+00   1.9622E-03  -2.5716E+00
  -2.5669E+00  -3.1256E+00  -3.1266E+00  -3.1254E+00  -3.1269E+00  -3.1252E+00
  -3.1266E+00  -3.1256E+00  -3.1261E+00   1.7554E+01  -1.6100E+01   9.1855E+00
  -8.4847E+00  -6.6498E-01  -3.8082E-01   1.1692E+01  -1.0677E+01   2.2531E+01
  -2.0030E+01   2.5248E+01  -2.2051E+01   1.4335E+01  -1.2696E+01   3.6023E+01
  -3.1432E+01   9.4013E+00  -8.2921E+00   4.4538E+00  -4.2507E+00   2.2674E+01
  -1.9885E+01   1.1851E+01  -1.0531E+01   4.4149E+00  -4.2955E+00   9.3616E+00
  -8.3343E+00   1.7732E+01  -1.5865E+01   2.5342E+01  -2.1983E+01   2.2923E+01
  -1.9754E+01   7.1409E+00  -6.3408E+00   3.6406E+01  -3.1263E+01   3.6388E+01
  -3.1263E+01   4.7311E+00  -4.1086E+00   4.7217E+00  -4.1079E+00   7.1057E+00
  -6.3548E+00   7.1059E+00  -6.3552E+00   1.8196E+01  -1.5627E+01   3.1010E-03
  -5.3870E-03   1.8205E+01  -1.5633E+01   2.2892E+01  -1.9767E+01   2.2893E+01
  -1.9767E+01   2.2893E+01  -1.9767E+01   2.2892E+01  -1.9767E+01  -1.2415E-01
  -1.1529E-01   8.1165E-02   1.8261E-02  -1.9566E-02  -3.0952E-02  -4.1672E-03
  -2.7707E-02   1.7045E-02   8.9696E-01   1.1014E+00   7.6284E-01   8.4517E-01
  -3.8179E-01  -3.1916E-01  -4.6526E-01  -1.8107E-01  -2.6719E-01  -8.7375E-03
  -9.8861E-02   9.0247E-03   3.8592E-03   2.6209E-02  -2.1589E-03  -9.4159E-03
   5.0115E-03  -4.0116E-02   2.8181E-02   2.2484E-02  -6.8447E-03  -8.2290E-03
  -3.0873E-03   2.7375E-02   6.8572E-02   4.9031E-03  -6.1791E-02  -6.1362E-02
   2.5302E-02   8.2442E-02  -1.5503E-02  -5.2226E-02  -5.1033E-02  -4.9933E-02
  -5.0075E-02   1.6030E-02  -1.7615E-01  -2.3336E-01  -2.0853E-01  -1.3798E-01
  -1.5481E-01   3.5869E-02  -8.9316E-02   3.0616E-02  -3.0509E-02   4.3200E-02
   6.0557E-03   2.0058E-02  -2.0274E-02   2.8262E-02   3.5121E-02   1.7439E-02
  -1.0934E-02  -1.9057E-02   1.6599E-02   2.3320E-02   4.3530E-02   1.5512E-02
  -5.0735E-02  -5.1831E-02   2.2009E-02   7.5876E-02  -5.1154E-03  -2.5736E-02
  -2.4412E-02  -2.5000E-02  -2.4417E-02   1.3056E-02  -2.7117E-01  -2.6097E-01
  -3.1706E-01  -1.4716E-01  -2.2015E-01  -5.1571E-02  -1.2963E-01   3.7624E-02
  -2.0313E-02   3.7611E-02   5.1046E-03  -2.0966E-02  -1.6368E-03  -7.8608E-02
   6.3562E-03   1.7580E-02   6.3119E-03   6.2669E-03   1.3102E-02   1.9803E-02
   3.4072E-02  -1.9403E-02  -5.0920E-02  -5.0255E-02   1.0792E-02   6.5230E-02
  -2.5330E-02  -4.5352E-02  -4.2217E-02  -4.1055E-02  -4.2494E-02   1.6938E-02
  -2.2295E-01  -2.1645E-01  -1.6436E-01  -1.4555E-01  -1.4873E-01  -1.3134E-03
  -1.1270E-01   5.6564E-02  -6.2524E-02   4.3864E-02   1.1552E-02   8.7790E-03
  -2.6143E-02  -8.7196E-03   1.7910E-02   1.0759E-02   9.5965E-04  -7.3744E-03
   3.3184E-02   1.2935E-02   1.0115E-02  -9.2982E-03  -3.5331E-02  -3.5979E-02
   8.6759E-03   5.9391E-02  -1.2675E-02  -1.6497E-02  -1.3528E-02  -1.2604E-02
  -1.3776E-02   1.5887E-02
  > Energy =  -5.359942031581E+02 +/-   7.247745540130E-05
  > varE =   5.271472036473E-04

VMC #7:
* Size of Hilbert space =   1.1779E+07
* Number of equil. steps   = 1000
* Running VMC equilibration.
  Done. [total walltime: 0.48s]
* Equil. acc.ratio (%)     =  18.7368
* Sample config after equilibration:
  +-------------+
  |  0       u  |
  |      d      |
  |    d   u    |
  |2           d|
  |0           0|
  |    2   2    |
  |      d      |
  |  u       u  |
  +-------------+
* Number of accum. steps   = 501760 x 10
* Running VMC accumulation.
    [walltime: 1m elapsed, 8.72s remaining]
  Done. [total walltime: 1m8s]
* Acceptance ratio (%)     =  18.7025
* Etot/t                   =  -5.359942007911E+02 +/-   3.142673190384E-05
  > Ttot/t                 =  -3.899747658977E+01 +/-   6.974028496162E-04
  > Utot/t                 =   1.646990933666E+01 +/-   6.944169778652E-04
* var[Eloc/t]              =   4.978703963934E-04 +/-   2.997134322424E-06
* Correlation length       =   9.953553939930E-01
* log10 Psi^2 range: -24.855669828160863 -- -15.984151831962389
* log10 Pgen range : -24.855669828160863 -- -15.984151831962389
* Site occupation (ave. no. electrons per config.):
  > Site_  ___eu____  ___ed____
      1        0.496      0.498
      2        0.501      0.500
      3        0.501      0.500
      4        0.503      0.504
      5        0.500      0.502
      6        0.498      0.500
      7        0.507      0.502
      8        0.500      0.499
      9        0.498      0.497
     10        0.502      0.502
     11        0.497      0.498
     12        0.499      0.497
     13        0.495      0.500
     14        0.503      0.501
* Pair-correlation analysis (ave. no. pairs per config.):
  > Shell  nsite  ___dh____  __eueu___  __eued___
      0      1        0          0          2.413
      1      1        0.866      0.597      2.558
      2      1        0.293      0.658      1.086
      3      1        0.250      0.698      1.085
      4      1        0.657      1.110      2.311
      5      1        0.501      1.455      2.141
      6      1        0.231      2.095      1.933
      7      1        0.073      0.421      0.570
      8      1        0.137      0.858      1.109
      9      1        0.157      0.909      1.044
     10      1        0.278      1.833      2.093
     11      1        0.243      2.092      1.915
     12      1        0.243      2.140      1.898
     13      1        0.239      2.112      1.893
     14      1        0.135      1.047      0.949
     15      1        0.222      2.153      1.866
     16      1        0.218      1.968      2.083
     17      1        0.249      2.038      1.954
     18      1        0.227      2.075      1.943
     19      1        0.110      0.994      1.016
     20      1        0.111      1.016      0.992
     21      1        0.259      1.912      2.045
     22      1        0.249      2.039      1.938
     23      1        0.122      0.931      1.058
     24      1        0.121      0.938      1.063
     25      1        0.224      1.969      2.028
     26      1        0.114      0.975      1.012
     27      1        0.221      2.028      1.976
     28      1        0.064      0.484      0.513
     29      1        0.064      0.481      0.511
     30      1        0.064      0.485      0.512
     31      1        0.064      0.481      0.512
     32      1        0.112      1.010      0.981

Optimization #7:
* Method          : lls
* Target function : energy
* No. of configs. : 100352
* No. of params.  : 260
* Before optimization:
   9.3912E+00   9.1492E+00   9.6066E+00   9.5126E+00  -1.5580E+00  -1.5814E+00
  -7.1869E-01   1.0221E+00  -1.0389E+00  -1.0417E+00  -2.5224E+00  -2.5320E+00
  -3.1839E+00  -3.1913E+00  -1.6481E+00  -4.6022E+00  -1.1090E+00  -2.0782E-01
  -2.1278E-01  -2.7796E+00  -2.7792E+00  -1.3131E+00  -1.3076E+00  -9.8657E-02
  -1.0666E-01  -1.0164E+00  -1.8536E+00  -1.8459E+00  -3.3598E+00  -3.3610E+00
  -3.1653E+00  -3.1666E+00  -7.9880E-01  -7.9255E-01  -5.1407E+00  -5.1205E+00
  -6.2077E-01  -6.2458E-01  -6.0853E-01  -6.1352E-01  -7.5866E-01  -7.5140E-01
  -7.5874E-01  -7.5071E-01  -2.5710E+00  -2.5664E+00   1.9622E-03  -2.5716E+00
  -2.5669E+00  -3.1256E+00  -3.1266E+00  -3.1254E+00  -3.1269E+00  -3.1252E+00
  -3.1266E+00  -3.1256E+00  -3.1261E+00   1.7554E+01  -1.6100E+01   9.1855E+00
  -8.4847E+00  -6.6498E-01  -3.8082E-01   1.1692E+01  -1.0677E+01   2.2531E+01
  -2.0030E+01   2.5248E+01  -2.2051E+01   1.4335E+01  -1.2696E+01   3.6023E+01
  -3.1432E+01   9.4013E+00  -8.2921E+00   4.4538E+00  -4.2507E+00   2.2674E+01
  -1.9885E+01   1.1851E+01  -1.0531E+01   4.4149E+00  -4.2955E+00   9.3616E+00
  -8.3343E+00   1.7732E+01  -1.5865E+01   2.5342E+01  -2.1983E+01   2.2923E+01
  -1.9754E+01   7.1409E+00  -6.3408E+00   3.6406E+01  -3.1263E+01   3.6388E+01
  -3.1263E+01   4.7311E+00  -4.1086E+00   4.7217E+00  -4.1079E+00   7.1057E+00
  -6.3548E+00   7.1059E+00  -6.3552E+00   1.8196E+01  -1.5627E+01   3.1010E-03
  -5.3870E-03   1.8205E+01  -1.5633E+01   2.2892E+01  -1.9767E+01   2.2893E+01
  -1.9767E+01   2.2893E+01  -1.9767E+01   2.2892E+01  -1.9767E+01  -1.2415E-01
  -1.1529E-01   8.1165E-02   1.8261E-02  -1.9566E-02  -3.0952E-02  -4.1672E-03
  -2.7707E-02   1.7045E-02   8.9696E-01   1.1014E+00   7.6284E-01   8.4517E-01
  -3.8179E-01  -3.1916E-01  -4.6526E-01  -1.8107E-01  -2.6719E-01  -8.7375E-03
  -9.8861E-02   9.0247E-03   3.8592E-03   2.6209E-02  -2.1589E-03  -9.4159E-03
   5.0115E-03  -4.0116E-02   2.8181E-02   2.2484E-02  -6.8447E-03  -8.2290E-03
  -3.0873E-03   2.7375E-02   6.8572E-02   4.9031E-03  -6.1791E-02  -6.1362E-02
   2.5302E-02   8.2442E-02  -1.5503E-02  -5.2226E-02  -5.1033E-02  -4.9933E-02
  -5.0075E-02   1.6030E-02  -1.7615E-01  -2.3336E-01  -2.0853E-01  -1.3798E-01
  -1.5481E-01   3.5869E-02  -8.9316E-02   3.0616E-02  -3.0509E-02   4.3200E-02
   6.0557E-03   2.0058E-02  -2.0274E-02   2.8262E-02   3.5121E-02   1.7439E-02
  -1.0934E-02  -1.9057E-02   1.6599E-02   2.3320E-02   4.3530E-02   1.5512E-02
  -5.0735E-02  -5.1831E-02   2.2009E-02   7.5876E-02  -5.1154E-03  -2.5736E-02
  -2.4412E-02  -2.5000E-02  -2.4417E-02   1.3056E-02  -2.7117E-01  -2.6097E-01
  -3.1706E-01  -1.4716E-01  -2.2015E-01  -5.1571E-02  -1.2963E-01   3.7624E-02
  -2.0313E-02   3.7611E-02   5.1046E-03  -2.0966E-02  -1.6368E-03  -7.8608E-02
   6.3562E-03   1.7580E-02   6.3119E-03   6.2669E-03   1.3102E-02   1.9803E-02
   3.4072E-02  -1.9403E-02  -5.0920E-02  -5.0255E-02   1.0792E-02   6.5230E-02
  -2.5330E-02  -4.5352E-02  -4.2217E-02  -4.1055E-02  -4.2494E-02   1.6938E-02
  -2.2295E-01  -2.1645E-01  -1.6436E-01  -1.4555E-01  -1.4873E-01  -1.3134E-03
  -1.1270E-01   5.6564E-02  -6.2524E-02   4.3864E-02   1.1552E-02   8.7790E-03
  -2.6143E-02  -8.7196E-03   1.7910E-02   1.0759E-02   9.5965E-04  -7.3744E-03
   3.3184E-02   1.2935E-02   1.0115E-02  -9.2982E-03  -3.5331E-02  -3.5979E-02
   8.6759E-03   5.9391E-02  -1.2675E-02  -1.6497E-02  -1.3528E-02  -1.2604E-02
  -1.3776E-02   1.5887E-02
  > E    =  -5.359941618431E+02 +/-   6.969489646423E-05
  > varE =   4.874476565808E-04
* Computing derivatives.
    [walltime: 1m43s elapsed, 54m36s remaining]
  Done. [total walltime: 55m59s]
* Optimizing manipulation constant:
  #igrid a___________ E____________________________________ varE____________
     1     Infinity    -5.35994162E+02 +/-   6.96948965E-05   4.87447657E-04
     2     1.0000E+06  -5.35994162E+02 +/-   6.96948874E-05   4.87447530E-04
     3     2.1544E+05  -5.35994162E+02 +/-   6.96948546E-05   4.87447071E-04
     4     4.6416E+04  -5.35994162E+02 +/-   6.96947021E-05   4.87444938E-04
     5     1.0000E+04  -5.35994162E+02 +/-   6.96939946E-05   4.87435042E-04
     6     2.1544E+03  -5.35994162E+02 +/-   6.96907149E-05   4.87389166E-04
     7     4.6416E+02  -5.35994162E+02 +/-   6.96755822E-05   4.87177525E-04
     8     1.0000E+02  -5.35994163E+02 +/-   6.96072818E-05   4.86222869E-04
     9     2.1544E+01  -5.35994167E+02 +/-   6.93403385E-05   4.82500699E-04
    10     4.6416E+00  -5.35994066E+02 +/-   7.36895738E-05   5.44926742E-04
    11     1.0000E+00  -5.32254598E+02 +/-   6.57637496E-03   4.34009431E+00
    12     2.1544E-01  -5.35884314E+02 +/-   6.91219666E-04   4.79466429E-02
    13     4.6416E-02  -5.35333203E+02 +/-   1.92660947E-03   3.72488969E-01
    14     1.0000E-02  -5.34698313E+02 +/-   2.67647455E-03   7.18873161E-01
    15     2.1544E-03  -5.35237031E+02 +/-   2.12987801E-03   4.55234839E-01
    16     4.6416E-04  -5.35342433E+02 +/-   1.98018257E-03   3.93492537E-01
    17     1.0000E-04  -5.35362835E+02 +/-   1.94863939E-03   3.81056158E-01
    18     2.1544E-05  -5.35367105E+02 +/-   1.94191070E-03   3.78429115E-01
    19     4.6416E-06  -5.35368019E+02 +/-   1.94046455E-03   3.77865688E-01
    20     1.0000E-06  -5.35368215E+02 +/-   1.94015315E-03   3.77744421E-01
    21     0.0000E+00  -5.35368269E+02 +/-   1.94006765E-03   3.77711129E-01
  ParMin   4.3522E+01  -5.35994165E+02 +/-   6.95016231E-05   4.84747889E-04
  # Using grid point #9
* Iteration # 1: E =  -5.359941674953E+02 +/-   6.934033850509E-05
* Convergence: exiting.
* After optimization:
   9.2941E+00   9.0483E+00   9.5059E+00   9.4129E+00  -1.5424E+00  -1.5663E+00
  -7.7413E-01   1.0225E+00  -1.0038E+00  -1.0065E+00  -2.5352E+00  -2.5447E+00
  -3.1061E+00  -3.1136E+00  -1.5226E+00  -4.5714E+00  -1.1641E+00  -2.3550E-01
  -2.4039E-01  -2.7920E+00  -2.7917E+00  -1.2781E+00  -1.2728E+00  -1.2630E-01
  -1.3428E-01  -1.0714E+00  -1.8380E+00  -1.8305E+00  -3.2819E+00  -3.2831E+00
  -3.1775E+00  -3.1789E+00  -7.3615E-01  -7.2994E-01  -5.1102E+00  -5.0900E+00
  -6.4834E-01  -6.5204E-01  -6.3602E-01  -6.4094E-01  -6.9600E-01  -6.8886E-01
  -6.9611E-01  -6.8820E-01  -2.5557E+00  -2.5514E+00   1.9496E-03  -2.5563E+00
  -2.5519E+00  -3.1378E+00  -3.1389E+00  -3.1376E+00  -3.1392E+00  -3.1374E+00
  -3.1390E+00  -3.1378E+00  -3.1384E+00   1.7447E+01  -1.6009E+01   9.5740E+00
  -8.8175E+00  -6.6520E-01  -3.8068E-01   1.1449E+01  -1.0469E+01   2.2618E+01
  -2.0105E+01   2.4704E+01  -2.1585E+01   1.3461E+01  -1.1947E+01   3.5808E+01
  -3.1249E+01   9.7898E+00  -8.6255E+00   4.6479E+00  -4.4173E+00   2.2761E+01
  -1.9960E+01   1.1608E+01  -1.0323E+01   4.6089E+00  -4.4618E+00   9.7499E+00
  -8.6676E+00   1.7624E+01  -1.5773E+01   2.4798E+01  -2.1516E+01   2.3011E+01
  -1.9829E+01   6.7035E+00  -5.9661E+00   3.6192E+01  -3.1080E+01   3.6174E+01
  -3.1080E+01   4.9254E+00  -4.2753E+00   4.9158E+00  -4.2747E+00   6.6684E+00
  -5.9801E+00   6.6685E+00  -5.9806E+00   1.8089E+01  -1.5535E+01   3.0726E-03
  -5.4334E-03   1.8097E+01  -1.5542E+01   2.2979E+01  -1.9842E+01   2.2980E+01
  -1.9842E+01   2.2980E+01  -1.9842E+01   2.2979E+01  -1.9842E+01  -1.2451E-01
  -1.1576E-01   8.1415E-02   1.8296E-02  -1.9517E-02  -3.0984E-02  -4.1627E-03
  -2.7785E-02   1.7111E-02   9.0538E-01   1.1149E+00   7.7203E-01   8.5481E-01
  -3.8794E-01  -3.2306E-01  -4.7262E-01  -1.8305E-01  -2.7090E-01  -8.6790E-03
  -1.0073E-01   9.1030E-03   3.6987E-03   2.6745E-02  -2.2169E-03  -9.5861E-03
   5.4541E-03  -3.9842E-02   2.8599E-02   2.2802E-02  -6.6598E-03  -8.1696E-03
  -3.1219E-03   2.7279E-02   6.9321E-02   4.8195E-03  -6.2716E-02  -6.2318E-02
   2.5499E-02   8.3724E-02  -1.5901E-02  -5.2944E-02  -5.1848E-02  -5.0727E-02
  -5.0899E-02   1.5653E-02  -1.7941E-01  -2.3635E-01  -2.1193E-01  -1.3972E-01
  -1.5700E-01   3.6305E-02  -9.0668E-02   3.1386E-02  -3.0618E-02   4.4000E-02
   5.9632E-03   1.9908E-02  -2.0298E-02   2.9050E-02   3.5371E-02   1.7594E-02
  -1.1008E-02  -1.9043E-02   1.7004E-02   2.2949E-02   4.3973E-02   1.5460E-02
  -5.1642E-02  -5.2674E-02   2.2394E-02   7.7006E-02  -5.2987E-03  -2.6359E-02
  -2.4983E-02  -2.5520E-02  -2.4986E-02   1.2318E-02  -2.7271E-01  -2.6162E-01
  -3.1880E-01  -1.4743E-01  -2.2067E-01  -5.1456E-02  -1.3047E-01   3.7661E-02
  -2.0921E-02   3.7841E-02   5.0853E-03  -2.1153E-02  -1.2702E-03  -7.8379E-02
   6.3295E-03   1.7745E-02   6.2412E-03   6.2158E-03   1.2798E-02   1.9594E-02
   3.4371E-02  -1.9162E-02  -5.1030E-02  -5.0381E-02   1.1094E-02   6.5205E-02
  -2.5290E-02  -4.5087E-02  -4.2072E-02  -4.0838E-02  -4.2373E-02   1.6668E-02
  -2.2442E-01  -2.1683E-01  -1.6524E-01  -1.4591E-01  -1.4899E-01  -1.3365E-03
  -1.1300E-01   5.7006E-02  -6.2631E-02   4.4151E-02   1.1436E-02   8.2411E-03
  -2.5907E-02  -8.5904E-03   1.7579E-02   1.0858E-02   7.2280E-04  -7.3253E-03
   3.3153E-02   1.2649E-02   1.0462E-02  -9.1305E-03  -3.5579E-02  -3.6235E-02
   9.2471E-03   5.9498E-02  -1.2579E-02  -1.6275E-02  -1.3442E-02  -1.2489E-02
  -1.3686E-02   1.5317E-02
  > Energy =  -5.359941674953E+02 +/-   6.934033850509E-05
  > varE =   4.825006994555E-04

VMC #8:
* Size of Hilbert space =   1.1779E+07
* Number of equil. steps   = 1000
* Running VMC equilibration.
  Done. [total walltime: 0.48s]
* Equil. acc.ratio (%)     =  18.5163
* Sample config after equilibration:
  +-------------+
  |  d       u  |
  |      u      |
  |    d   0    |
  |0           d|
  |u           u|
  |    u   2    |
  |      d      |
  |  2       d  |
  +-------------+
* Number of accum. steps   = 501760 x 10
* Running VMC accumulation.
    [walltime: 1m elapsed, 8.72s remaining]
  Done. [total walltime: 1m8s]
* Acceptance ratio (%)     =  18.4825
* Etot/t                   =  -5.359941132911E+02 +/-   3.143597023319E-05
  > Ttot/t                 =  -3.899764330076E+01 +/-   6.985900299904E-04
  > Utot/t                 =   1.647016354769E+01 +/-   6.960322962925E-04
* var[Eloc/t]              =   4.912504946343E-04 +/-   6.955628338883E-06
* Correlation length       =   1.009361588970E+00
* log10 Psi^2 range: -23.870595595937420 -- -15.983090825918609
* log10 Pgen range : -23.870595595937420 -- -15.983090825918609
* Site occupation (ave. no. electrons per config.):
  > Site_  ___eu____  ___ed____
      1        0.496      0.500
      2        0.499      0.496
      3        0.503      0.497
      4        0.503      0.508
      5        0.503      0.502
      6        0.499      0.494
      7        0.504      0.504
      8        0.500      0.503
      9        0.497      0.496
     10        0.498      0.504
     11        0.498      0.496
     12        0.497      0.499
     13        0.501      0.500
     14        0.502      0.500
* Pair-correlation analysis (ave. no. pairs per config.):
  > Shell  nsite  ___dh____  __eueu___  __eued___
      0      1        0          0          2.410
      1      1        0.867      0.598      2.558
      2      1        0.291      0.657      1.083
      3      1        0.250      0.699      1.084
      4      1        0.659      1.105      2.312
      5      1        0.495      1.460      2.139
      6      1        0.230      2.093      1.937
      7      1        0.070      0.423      0.573
      8      1        0.137      0.859      1.109
      9      1        0.155      0.907      1.042
     10      1        0.278      1.836      2.084
     11      1        0.241      2.085      1.920
     12      1        0.243      2.138      1.898
     13      1        0.238      2.105      1.894
     14      1        0.134      1.048      0.944
     15      1        0.218      2.152      1.873
     16      1        0.218      1.974      2.080
     17      1        0.246      2.037      1.953
     18      1        0.225      2.076      1.951
     19      1        0.108      0.995      1.018
     20      1        0.109      1.019      0.995
     21      1        0.258      1.909      2.046
     22      1        0.251      2.032      1.936
     23      1        0.121      0.938      1.060
     24      1        0.119      0.942      1.058
     25      1        0.223      1.971      2.029
     26      1        0.112      0.976      1.013
     27      1        0.221      2.027      1.974
     28      1        0.062      0.481      0.512
     29      1        0.064      0.483      0.511
     30      1        0.063      0.482      0.511
     31      1        0.065      0.484      0.511
     32      1        0.111      1.010      0.982

Optimization #8:
* Method          : lls
* Target function : energy
* No. of configs. : 100352
* No. of params.  : 260
* Before optimization:
   9.2941E+00   9.0483E+00   9.5059E+00   9.4129E+00  -1.5424E+00  -1.5663E+00
  -7.7413E-01   1.0225E+00  -1.0038E+00  -1.0065E+00  -2.5352E+00  -2.5447E+00
  -3.1061E+00  -3.1136E+00  -1.5226E+00  -4.5714E+00  -1.1641E+00  -2.3550E-01
  -2.4039E-01  -2.7920E+00  -2.7917E+00  -1.2781E+00  -1.2728E+00  -1.2630E-01
  -1.3428E-01  -1.0714E+00  -1.8380E+00  -1.8305E+00  -3.2819E+00  -3.2831E+00
  -3.1775E+00  -3.1789E+00  -7.3615E-01  -7.2994E-01  -5.1102E+00  -5.0900E+00
  -6.4834E-01  -6.5204E-01  -6.3602E-01  -6.4094E-01  -6.9600E-01  -6.8886E-01
  -6.9611E-01  -6.8820E-01  -2.5557E+00  -2.5514E+00   1.9496E-03  -2.5563E+00
  -2.5519E+00  -3.1378E+00  -3.1389E+00  -3.1376E+00  -3.1392E+00  -3.1374E+00
  -3.1390E+00  -3.1378E+00  -3.1384E+00   1.7447E+01  -1.6009E+01   9.5740E+00
  -8.8175E+00  -6.6520E-01  -3.8068E-01   1.1449E+01  -1.0469E+01   2.2618E+01
  -2.0105E+01   2.4704E+01  -2.1585E+01   1.3461E+01  -1.1947E+01   3.5808E+01
  -3.1249E+01   9.7898E+00  -8.6255E+00   4.6479E+00  -4.4173E+00   2.2761E+01
  -1.9960E+01   1.1608E+01  -1.0323E+01   4.6089E+00  -4.4618E+00   9.7499E+00
  -8.6676E+00   1.7624E+01  -1.5773E+01   2.4798E+01  -2.1516E+01   2.3011E+01
  -1.9829E+01   6.7035E+00  -5.9661E+00   3.6192E+01  -3.1080E+01   3.6174E+01
  -3.1080E+01   4.9254E+00  -4.2753E+00   4.9158E+00  -4.2747E+00   6.6684E+00
  -5.9801E+00   6.6685E+00  -5.9806E+00   1.8089E+01  -1.5535E+01   3.0726E-03
  -5.4334E-03   1.8097E+01  -1.5542E+01   2.2979E+01  -1.9842E+01   2.2980E+01
  -1.9842E+01   2.2980E+01  -1.9842E+01   2.2979E+01  -1.9842E+01  -1.2451E-01
  -1.1576E-01   8.1415E-02   1.8296E-02  -1.9517E-02  -3.0984E-02  -4.1627E-03
  -2.7785E-02   1.7111E-02   9.0538E-01   1.1149E+00   7.7203E-01   8.5481E-01
  -3.8794E-01  -3.2306E-01  -4.7262E-01  -1.8305E-01  -2.7090E-01  -8.6790E-03
  -1.0073E-01   9.1030E-03   3.6987E-03   2.6745E-02  -2.2169E-03  -9.5861E-03
   5.4541E-03  -3.9842E-02   2.8599E-02   2.2802E-02  -6.6598E-03  -8.1696E-03
  -3.1219E-03   2.7279E-02   6.9321E-02   4.8195E-03  -6.2716E-02  -6.2318E-02
   2.5499E-02   8.3724E-02  -1.5901E-02  -5.2944E-02  -5.1848E-02  -5.0727E-02
  -5.0899E-02   1.5653E-02  -1.7941E-01  -2.3635E-01  -2.1193E-01  -1.3972E-01
  -1.5700E-01   3.6305E-02  -9.0668E-02   3.1386E-02  -3.0618E-02   4.4000E-02
   5.9632E-03   1.9908E-02  -2.0298E-02   2.9050E-02   3.5371E-02   1.7594E-02
  -1.1008E-02  -1.9043E-02   1.7004E-02   2.2949E-02   4.3973E-02   1.5460E-02
  -5.1642E-02  -5.2674E-02   2.2394E-02   7.7006E-02  -5.2987E-03  -2.6359E-02
  -2.4983E-02  -2.5520E-02  -2.4986E-02   1.2318E-02  -2.7271E-01  -2.6162E-01
  -3.1880E-01  -1.4743E-01  -2.2067E-01  -5.1456E-02  -1.3047E-01   3.7661E-02
  -2.0921E-02   3.7841E-02   5.0853E-03  -2.1153E-02  -1.2702E-03  -7.8379E-02
   6.3295E-03   1.7745E-02   6.2412E-03   6.2158E-03   1.2798E-02   1.9594E-02
   3.4371E-02  -1.9162E-02  -5.1030E-02  -5.0381E-02   1.1094E-02   6.5205E-02
  -2.5290E-02  -4.5087E-02  -4.2072E-02  -4.0838E-02  -4.2373E-02   1.6668E-02
  -2.2442E-01  -2.1683E-01  -1.6524E-01  -1.4591E-01  -1.4899E-01  -1.3365E-03
  -1.1300E-01   5.7006E-02  -6.2631E-02   4.4151E-02   1.1436E-02   8.2411E-03
  -2.5907E-02  -8.5904E-03   1.7579E-02   1.0858E-02   7.2280E-04  -7.3253E-03
   3.3153E-02   1.2649E-02   1.0462E-02  -9.1305E-03  -3.5579E-02  -3.6235E-02
   9.2471E-03   5.9498E-02  -1.2579E-02  -1.6275E-02  -1.3442E-02  -1.2489E-02
  -1.3686E-02   1.5317E-02
  > E    =  -5.359941018913E+02 +/-   7.049713494696E-05
  > varE =   4.987339893776E-04
* Computing derivatives.
    [walltime: 1m43s elapsed, 54m22s remaining]
  Done. [total walltime: 55m53s]
* Optimizing manipulation constant:
  #igrid a___________ E____________________________________ varE____________
     1     Infinity    -5.35994102E+02 +/-   7.04971349E-05   4.98733989E-04
     2     1.0000E+06  -5.35994102E+02 +/-   7.04971250E-05   4.98733848E-04
     3     2.1544E+05  -5.35994102E+02 +/-   7.04970886E-05   4.98733333E-04
     4     4.6416E+04  -5.35994102E+02 +/-   7.04969198E-05   4.98730945E-04
     5     1.0000E+04  -5.35994102E+02 +/-   7.04961372E-05   4.98719872E-04
     6     2.1544E+03  -5.35994102E+02 +/-   7.04925264E-05   4.98668785E-04
     7     4.6416E+02  -5.35994102E+02 +/-   7.04762332E-05   4.98438293E-04
     8     1.0000E+02  -5.35994103E+02 +/-   7.04105800E-05   4.97510071E-04
     9     2.1544E+01  -5.35994102E+02 +/-   7.03280469E-05   4.96344423E-04
    10     4.6416E+00  -5.35993893E+02 +/-   8.05119717E-05   6.50499485E-04
    11     1.0000E+00  -5.35934943E+02 +/-   7.04627754E-04   4.98247952E-02
    12     2.1544E-01  -5.35192592E+02 +/-   2.19398250E-03   4.83050292E-01
    13     4.6416E-02  -5.35905680E+02 +/-   8.36149908E-04   7.01607664E-02
    14     1.0000E-02  -5.31998370E+02 +/-   0.00000000E+00  -1.00000000E+00
    15     2.1544E-03  -5.31902612E+02 +/-   0.00000000E+00  -1.00000000E+00
    16     4.6416E-04  -5.31889666E+02 +/-   0.00000000E+00  -1.00000000E+00
    17     1.0000E-04  -5.31887147E+02 +/-   0.00000000E+00  -1.00000000E+00
    18     2.1544E-05  -5.31886616E+02 +/-   0.00000000E+00  -1.00000000E+00
    19     4.6416E-06  -5.31886502E+02 +/-   0.00000000E+00  -1.00000000E+00
    20     1.0000E-06  -5.31886478E+02 +/-   0.00000000E+00  -1.00000000E+00
    21     0.0000E+00  -5.31886471E+02 +/-   0.00000000E+00  -1.00000000E+00
* Iteration # 1: E =  -5.359941029470E+02 +/-   7.041058001461E-05
* Convergence: exiting.
* After optimization:
   9.3333E+00   9.0883E+00   9.5456E+00   9.4527E+00  -1.5497E+00  -1.5736E+00
  -7.7323E-01   1.0223E+00  -1.0035E+00  -1.0063E+00  -2.5419E+00  -2.5515E+00
  -3.1135E+00  -3.1209E+00  -1.5229E+00  -4.5857E+00  -1.1632E+00  -2.3512E-01
  -2.3998E-01  -2.7987E+00  -2.7985E+00  -1.2779E+00  -1.2725E+00  -1.2592E-01
  -1.3385E-01  -1.0705E+00  -1.8453E+00  -1.8378E+00  -3.2892E+00  -3.2904E+00
  -3.1842E+00  -3.1856E+00  -7.3635E-01  -7.3018E-01  -5.1245E+00  -5.1043E+00
  -6.4792E-01  -6.5159E-01  -6.3557E-01  -6.4047E-01  -6.9619E-01  -6.8911E-01
  -6.9630E-01  -6.8844E-01  -2.5628E+00  -2.5586E+00   1.9217E-03  -2.5635E+00
  -2.5591E+00  -3.1445E+00  -3.1456E+00  -3.1443E+00  -3.1459E+00  -3.1441E+00
  -3.1456E+00  -3.1445E+00  -3.1451E+00   1.7497E+01  -1.6052E+01   9.5671E+00
  -8.8115E+00  -6.6513E-01  -3.8064E-01   1.1446E+01  -1.0466E+01   2.2665E+01
  -2.0144E+01   2.4754E+01  -2.1628E+01   1.3462E+01  -1.1948E+01   3.5908E+01
  -3.1334E+01   9.7829E+00  -8.6195E+00   4.6445E+00  -4.4142E+00   2.2808E+01
  -2.0000E+01   1.1605E+01  -1.0321E+01   4.6055E+00  -4.4588E+00   9.7430E+00
  -8.6616E+00   1.7674E+01  -1.5816E+01   2.4848E+01  -2.1560E+01   2.3057E+01
  -1.9869E+01   6.7043E+00  -5.9667E+00   3.6292E+01  -3.1165E+01   3.6274E+01
  -3.1165E+01   4.9220E+00  -4.2723E+00   4.9124E+00  -4.2717E+00   6.6692E+00
  -5.9807E+00   6.6692E+00  -5.9811E+00   1.8139E+01  -1.5578E+01   3.1002E-03
  -5.4050E-03   1.8147E+01  -1.5584E+01   2.3026E+01  -1.9882E+01   2.3026E+01
  -1.9882E+01   2.3026E+01  -1.9882E+01   2.3026E+01  -1.9882E+01  -1.2463E-01
  -1.1591E-01   8.1499E-02   1.8315E-02  -1.9520E-02  -3.1018E-02  -4.1358E-03
  -2.7829E-02   1.7118E-02   9.0024E-01   1.1082E+00   7.6760E-01   8.4975E-01
  -3.8597E-01  -3.2147E-01  -4.7039E-01  -1.8210E-01  -2.6939E-01  -8.6433E-03
  -1.0021E-01   8.8797E-03   3.7581E-03   2.6598E-02  -2.2265E-03  -9.5403E-03
   5.5765E-03  -3.9364E-02   2.8434E-02   2.2726E-02  -6.6240E-03  -8.1063E-03
  -2.9022E-03   2.6945E-02   6.8891E-02   4.8919E-03  -6.2490E-02  -6.2078E-02
   2.5461E-02   8.3320E-02  -1.5797E-02  -5.2635E-02  -5.1544E-02  -5.0442E-02
  -5.0623E-02   1.5206E-02  -1.7875E-01  -2.3516E-01  -2.1115E-01  -1.3898E-01
  -1.5622E-01   3.6134E-02  -9.0131E-02   3.1248E-02  -3.0326E-02   4.3842E-02
   5.7504E-03   1.9711E-02  -1.9956E-02   2.9039E-02   3.5107E-02   1.7463E-02
  -1.0910E-02  -1.8943E-02   1.6982E-02   2.2823E-02   4.3791E-02   1.5432E-02
  -5.1409E-02  -5.2420E-02   2.2275E-02   7.6753E-02  -5.3035E-03  -2.6259E-02
  -2.4904E-02  -2.5423E-02  -2.4891E-02   1.2069E-02  -2.7293E-01  -2.6182E-01
  -3.1916E-01  -1.4757E-01  -2.2072E-01  -5.1475E-02  -1.3050E-01   3.7610E-02
  -2.0932E-02   3.7876E-02   5.1726E-03  -2.1175E-02  -1.1569E-03  -7.8193E-02
   6.4502E-03   1.7802E-02   6.1502E-03   6.2222E-03   1.2888E-02   1.9363E-02
   3.4378E-02  -1.9042E-02  -5.1163E-02  -5.0514E-02   1.1278E-02   6.5156E-02
  -2.5141E-02  -4.5057E-02  -4.2044E-02  -4.0811E-02  -4.2328E-02   1.6505E-02
  -2.2486E-01  -2.1690E-01  -1.6554E-01  -1.4596E-01  -1.4914E-01  -1.2862E-03
  -1.1295E-01   5.7224E-02  -6.2589E-02   4.4287E-02   1.1355E-02   8.1473E-03
  -2.5744E-02  -8.5194E-03   1.7606E-02   1.0824E-02   6.7773E-04  -7.3408E-03
   3.3077E-02   1.2666E-02   1.0565E-02  -9.0634E-03  -3.5632E-02  -3.6300E-02
   9.3064E-03   5.9479E-02  -1.2519E-02  -1.6280E-02  -1.3454E-02  -1.2529E-02
  -1.3735E-02   1.5348E-02
  > Energy =  -5.359941029470E+02 +/-   7.041058001461E-05
  > varE =   4.975100705213E-04

VMC #9:
* Size of Hilbert space =   1.1779E+07
* Number of equil. steps   = 1000
* Running VMC equilibration.
  Done. [total walltime: 0.48s]
* Equil. acc.ratio (%)     =  18.6429
* Sample config after equilibration:
  +-------------+
  |  u       u  |
  |      2      |
  |    0   0    |
  |d           d|
  |d           u|
  |    2   2    |
  |      0      |
  |  u       d  |
  +-------------+
* Number of accum. steps   = 501760 x 10
* Running VMC accumulation.
    [walltime: 1m elapsed, 8.73s remaining]
  Done. [total walltime: 1m8s]
* Acceptance ratio (%)     =  18.5941
* Etot/t                   =  -5.359941159242E+02 +/-   3.165181470908E-05
  > Ttot/t                 =  -3.899831939958E+01 +/-   6.973842393925E-04
  > Utot/t                 =   1.647083701342E+01 +/-   6.946400125888E-04
* var[Eloc/t]              =   4.957335339651E-04 +/-   5.401303919703E-06
* Correlation length       =   1.014016374780E+00
* log10 Psi^2 range: -23.569505511379344 -- -15.977052975030924
* log10 Pgen range : -23.569505511379344 -- -15.977052975030924
* Site occupation (ave. no. electrons per config.):
  > Site_  ___eu____  ___ed____
      1        0.496      0.499
      2        0.500      0.502
      3        0.499      0.500
      4        0.503      0.505
      5        0.497      0.503
      6        0.499      0.495
      7        0.502      0.505
      8        0.502      0.499
      9        0.500      0.498
     10        0.504      0.499
     11        0.496      0.499
     12        0.502      0.497
     13        0.498      0.500
     14        0.502      0.498
* Pair-correlation analysis (ave. no. pairs per config.):
  > Shell  nsite  ___dh____  __eueu___  __eued___
      0      1        0          0          2.407
      1      1        0.868      0.596      2.558
      2      1        0.291      0.656      1.088
      3      1        0.249      0.700      1.088
      4      1        0.654      1.106      2.316
      5      1        0.496      1.456      2.141
      6      1        0.230      2.092      1.925
      7      1        0.071      0.420      0.572
      8      1        0.138      0.851      1.108
      9      1        0.153      0.912      1.046
     10      1        0.278      1.839      2.092
     11      1        0.241      2.090      1.916
     12      1        0.245      2.139      1.892
     13      1        0.240      2.112      1.897
     14      1        0.137      1.049      0.945
     15      1        0.215      2.158      1.869
     16      1        0.219      1.964      2.077
     17      1        0.248      2.037      1.948
     18      1        0.226      2.075      1.949
     19      1        0.107      0.992      1.017
     20      1        0.111      1.016      0.987
     21      1        0.257      1.917      2.049
     22      1        0.252      2.034      1.942
     23      1        0.121      0.936      1.059
     24      1        0.120      0.939      1.062
     25      1        0.220      1.971      2.033
     26      1        0.111      0.981      1.016
     27      1        0.225      2.023      1.971
     28      1        0.062      0.482      0.513
     29      1        0.063      0.482      0.510
     30      1        0.063      0.483      0.514
     31      1        0.064      0.481      0.512
     32      1        0.113      1.010      0.982

Optimization #9:
* Method          : lls
* Target function : energy
* No. of configs. : 100352
* No. of params.  : 260
* Before optimization:
   9.3333E+00   9.0883E+00   9.5456E+00   9.4527E+00  -1.5497E+00  -1.5736E+00
  -7.7323E-01   1.0223E+00  -1.0035E+00  -1.0063E+00  -2.5419E+00  -2.5515E+00
  -3.1135E+00  -3.1209E+00  -1.5229E+00  -4.5857E+00  -1.1632E+00  -2.3512E-01
  -2.3998E-01  -2.7987E+00  -2.7985E+00  -1.2779E+00  -1.2725E+00  -1.2592E-01
  -1.3385E-01  -1.0705E+00  -1.8453E+00  -1.8378E+00  -3.2892E+00  -3.2904E+00
  -3.1842E+00  -3.1856E+00  -7.3635E-01  -7.3018E-01  -5.1245E+00  -5.1043E+00
  -6.4792E-01  -6.5159E-01  -6.3557E-01  -6.4047E-01  -6.9619E-01  -6.8911E-01
  -6.9630E-01  -6.8844E-01  -2.5628E+00  -2.5586E+00   1.9217E-03  -2.5635E+00
  -2.5591E+00  -3.1445E+00  -3.1456E+00  -3.1443E+00  -3.1459E+00  -3.1441E+00
  -3.1456E+00  -3.1445E+00  -3.1451E+00   1.7497E+01  -1.6052E+01   9.5671E+00
  -8.8115E+00  -6.6513E-01  -3.8064E-01   1.1446E+01  -1.0466E+01   2.2665E+01
  -2.0144E+01   2.4754E+01  -2.1628E+01   1.3462E+01  -1.1948E+01   3.5908E+01
  -3.1334E+01   9.7829E+00  -8.6195E+00   4.6445E+00  -4.4142E+00   2.2808E+01
  -2.0000E+01   1.1605E+01  -1.0321E+01   4.6055E+00  -4.4588E+00   9.7430E+00
  -8.6616E+00   1.7674E+01  -1.5816E+01   2.4848E+01  -2.1560E+01   2.3057E+01
  -1.9869E+01   6.7043E+00  -5.9667E+00   3.6292E+01  -3.1165E+01   3.6274E+01
  -3.1165E+01   4.9220E+00  -4.2723E+00   4.9124E+00  -4.2717E+00   6.6692E+00
  -5.9807E+00   6.6692E+00  -5.9811E+00   1.8139E+01  -1.5578E+01   3.1002E-03
  -5.4050E-03   1.8147E+01  -1.5584E+01   2.3026E+01  -1.9882E+01   2.3026E+01
  -1.9882E+01   2.3026E+01  -1.9882E+01   2.3026E+01  -1.9882E+01  -1.2463E-01
  -1.1591E-01   8.1499E-02   1.8315E-02  -1.9520E-02  -3.1018E-02  -4.1358E-03
  -2.7829E-02   1.7118E-02   9.0024E-01   1.1082E+00   7.6760E-01   8.4975E-01
  -3.8597E-01  -3.2147E-01  -4.7039E-01  -1.8210E-01  -2.6939E-01  -8.6433E-03
  -1.0021E-01   8.8797E-03   3.7581E-03   2.6598E-02  -2.2265E-03  -9.5403E-03
   5.5765E-03  -3.9364E-02   2.8434E-02   2.2726E-02  -6.6240E-03  -8.1063E-03
  -2.9022E-03   2.6945E-02   6.8891E-02   4.8919E-03  -6.2490E-02  -6.2078E-02
   2.5461E-02   8.3320E-02  -1.5797E-02  -5.2635E-02  -5.1544E-02  -5.0442E-02
  -5.0623E-02   1.5206E-02  -1.7875E-01  -2.3516E-01  -2.1115E-01  -1.3898E-01
  -1.5622E-01   3.6134E-02  -9.0131E-02   3.1248E-02  -3.0326E-02   4.3842E-02
   5.7504E-03   1.9711E-02  -1.9956E-02   2.9039E-02   3.5107E-02   1.7463E-02
  -1.0910E-02  -1.8943E-02   1.6982E-02   2.2823E-02   4.3791E-02   1.5432E-02
  -5.1409E-02  -5.2420E-02   2.2275E-02   7.6753E-02  -5.3035E-03  -2.6259E-02
  -2.4904E-02  -2.5423E-02  -2.4891E-02   1.2069E-02  -2.7293E-01  -2.6182E-01
  -3.1916E-01  -1.4757E-01  -2.2072E-01  -5.1475E-02  -1.3050E-01   3.7610E-02
  -2.0932E-02   3.7876E-02   5.1726E-03  -2.1175E-02  -1.1569E-03  -7.8193E-02
   6.4502E-03   1.7802E-02   6.1502E-03   6.2222E-03   1.2888E-02   1.9363E-02
   3.4378E-02  -1.9042E-02  -5.1163E-02  -5.0514E-02   1.1278E-02   6.5156E-02
  -2.5141E-02  -4.5057E-02  -4.2044E-02  -4.0811E-02  -4.2328E-02   1.6505E-02
  -2.2486E-01  -2.1690E-01  -1.6554E-01  -1.4596E-01  -1.4914E-01  -1.2862E-03
  -1.1295E-01   5.7224E-02  -6.2589E-02   4.4287E-02   1.1355E-02   8.1473E-03
  -2.5744E-02  -8.5194E-03   1.7606E-02   1.0824E-02   6.7773E-04  -7.3408E-03
   3.3077E-02   1.2666E-02   1.0565E-02  -9.0634E-03  -3.5632E-02  -3.6300E-02
   9.3064E-03   5.9479E-02  -1.2519E-02  -1.6280E-02  -1.3454E-02  -1.2529E-02
  -1.3735E-02   1.5348E-02
  > E    =  -5.359942719221E+02 +/-   7.001843405205E-05
  > varE =   4.919838192598E-04
srun: Job step aborted: Waiting up to 32 seconds for job step to finish.
slurmstepd: error: *** STEP 828374.0 ON alnode269 CANCELLED AT 2025-11-08T09:15:24 DUE TO TIME LIMIT ***
slurmstepd: error: *** JOB 828374 ON alnode269 CANCELLED AT 2025-11-08T09:15:24 DUE TO TIME LIMIT ***
