Run started: Mon Feb 23 08:40:41 CET 2026
Using VDAGGER_ARCH = gnu7_fkfamd_cluster
Running 1x128 MPI processes.

                               xx
                              +##
                               #X
                               Xx
                          X##XxXxxX##x
                           +   Xx  ++
                               ##
                              +##
                              +##
     ++++         ++          +##
   xX+++##+      ####         +##
  Xx    ###      +X##          ##
 xX    X##+        ##          #X
 +    x##X         #x          #X
      ###         +#           x+
     X##+         #+
     ###         Xx                    _______
     ##X       +X+   __________________VDAGGER
     +##x    +xX     2nd quantized variational
       +xxxxx+       ______quantum Monte Carlo

* Running 256 MPI processes.
* Input file: "input.11.casl"

############# Start of input file dump #############
General:
  Random seed: timer

Plan:
  VMC-optimization:
    Minimum cycles: 10
    Convergence cycles: 7

System:
  Hubbard model:
    Primitive cell:
      a_1: [ 1.0, 1.0 ]
      a_2: [ -1.0, 1.0 ]
    Simulation cell:
      a_1: [ 10.0, 0.0 ]
      a_2: [ 0.0, 10.0 ]
    U: 2.0
    Dump Hamiltonian: FCIDUMP.new
    Dump orbitals: LTSC.new
  netot: 50

VMC:
  nstep: 500000
  nconfig: 100000

Jastrow: wfn.casl

Backflow: wfn.casl
############## End of input file dump ##############

General setup:
* Random seed: 1939045011 (from timer)

Hubbard system:
* Dimensionality        : 2
* Simulation cell:
  > a_1 =   1.000000000000E+01   0.000000000000E+00
  > a_2 =   0.000000000000E+00   1.000000000000E+01
* Primitive cell:
  > a_1 =   1.000000000000E+00   1.000000000000E+00
  > a_2 =  -1.000000000000E+00   1.000000000000E+00
* Prim.cells in sim.cell: 50
* Number of sublattices : 1
* # real-space shells   : 11
  > Shell #1: 4 sites, rij =  1.4142E+00
  > Shell #2: 4 sites, rij =  2.0000E+00
  > Shell #3: 4 sites, rij =  2.8284E+00
  > Shell #4: 8 sites, rij =  3.1623E+00
  > Shell #5: 4 sites, rij =  4.0000E+00
  > Shell #6: 4 sites, rij =  4.2426E+00
  > Shell #7: 8 sites, rij =  4.4721E+00
  > Shell #8: 4 sites, rij =  5.0990E+00
  > Shell #9: 4 sites, rij =  5.6569E+00
  > Shell #10: 4 sites, rij =  5.8310E+00
  > Shell #11: 1 sites, rij =  7.0711E+00
* Site labels:
  +-----------------------------+
  |   10    19    28    37    46|
  |45     9    18    27    36   |
  |   44     8    17    26    35|
  |34    43     7    16    25   |
  |   33    42     6    15    24|
  |23    32    41     5    14   |
  |   22    31    50     4    13|
  |12    21    40    49     3   |
  |   11    30    39    48     2|
  | 1    20    29    38    47   |
  +-----------------------------+
* Shell diagram:
  +-----------------------------+
  |   10     8     8    10    11|
  | 9     7     5     7     9   |
  |    6     4     4     6    10|
  | 7     3     2     3     7   |
  |    4     1     1     4     8|
  | 5     2     0     2     5   |
  |    4     1     1     4     8|
  | 7     3     2     3     7   |
  |    6     4     4     6    10|
  | 9     7     5     7     9   |
  +-----------------------------+
* Hop multiplicity diagram:
  +-------------------+
  |  -   -   -   -   -|
  |-   -   -   -   -  |
  |  -   -   -   -   -|
  |-   -   -   -   -  |
  |  -   1   1   -   -|
  |-   -   0   -   -  |
  |  -   1   1   -   -|
  |-   -   -   -   -  |
  |  -   -   -   -   -|
  |-   -   -   -   -  |
  +-------------------+
* Reciprocal lattice of the simulation cell:
  > b_1 =   6.283185307180E-01  -0.000000000000E+00
  > b_2 =  -0.000000000000E+00   6.283185307180E-01
* k-vector offset:
  > Fractional:   0.000000000000E+00   0.000000000000E+00
  > Absolute  :   0.000000000000E+00   0.000000000000E+00
* G-vector occupation diagram:
  +----------0----------+
  |          -          |
  |        - - -        |
  |      - - - - -      |
  |    - 2 2 2 2 2 -    |
  |  - - 2 2 2 2 2 - -  |
  0- - - 2 2 2 2 2 - - -0
  |  - - 2 2 2 2 2 - -  |
  |    - 2 2 2 2 2 -    |
  |      - - - - -      |
  |        - - -        |
  |          -          |
  +----------0----------+
* G-vectors and non-interacting energy levels:
  > G_1 = [   0.0000E+00,  0.0000E+00,  0.0000E+00 ], e =  -4.0000E+00
  > G_2 = [   6.2832E-01,  0.0000E+00,  0.0000E+00 ], e =  -3.2361E+00
  > G_3 = [  -6.2832E-01,  0.0000E+00,  0.0000E+00 ], e =  -3.2361E+00
  > G_4 = [   0.0000E+00, -6.2832E-01,  0.0000E+00 ], e =  -3.2361E+00
  > G_5 = [   0.0000E+00,  6.2832E-01,  0.0000E+00 ], e =  -3.2361E+00
  > G_6 = [   6.2832E-01,  6.2832E-01,  0.0000E+00 ], e =  -2.6180E+00
  > G_7 = [  -6.2832E-01, -6.2832E-01,  0.0000E+00 ], e =  -2.6180E+00
  > G_8 = [  -6.2832E-01,  6.2832E-01,  0.0000E+00 ], e =  -2.6180E+00
  > G_9 = [   6.2832E-01, -6.2832E-01,  0.0000E+00 ], e =  -2.6180E+00
  > G_10 = [   1.2566E+00,  0.0000E+00,  0.0000E+00 ], e =  -1.2361E+00
  > G_11 = [  -1.2566E+00,  0.0000E+00,  0.0000E+00 ], e =  -1.2361E+00
  > G_12 = [   0.0000E+00, -1.2566E+00,  0.0000E+00 ], e =  -1.2361E+00
  > G_13 = [   0.0000E+00,  1.2566E+00,  0.0000E+00 ], e =  -1.2361E+00
  > G_14 = [  -1.2566E+00,  6.2832E-01,  0.0000E+00 ], e =  -1.0000E+00
  > G_15 = [   1.2566E+00, -6.2832E-01,  0.0000E+00 ], e =  -1.0000E+00
  > G_16 = [  -6.2832E-01,  1.2566E+00,  0.0000E+00 ], e =  -1.0000E+00
  > G_17 = [   6.2832E-01, -1.2566E+00,  0.0000E+00 ], e =  -1.0000E+00
  > G_18 = [  -6.2832E-01, -1.2566E+00,  0.0000E+00 ], e =  -1.0000E+00
  > G_19 = [   6.2832E-01,  1.2566E+00,  0.0000E+00 ], e =  -1.0000E+00
  > G_20 = [   1.2566E+00,  6.2832E-01,  0.0000E+00 ], e =  -1.0000E+00
  > G_21 = [  -1.2566E+00, -6.2832E-01,  0.0000E+00 ], e =  -1.0000E+00
  > G_22 = [  -1.2566E+00,  1.2566E+00,  0.0000E+00 ], e =  -3.8197E-01
  > G_23 = [   1.2566E+00, -1.2566E+00,  0.0000E+00 ], e =  -3.8197E-01
  > G_24 = [   1.2566E+00,  1.2566E+00,  0.0000E+00 ], e =  -3.8197E-01
  > G_25 = [  -1.2566E+00, -1.2566E+00,  0.0000E+00 ], e =  -3.8197E-01 = e_F
  > G_26 = [   1.8850E+00, -1.2566E+00,  0.0000E+00 ], e =   3.8197E-01
  > G_27 = [  -1.8850E+00,  1.2566E+00,  0.0000E+00 ], e =   3.8197E-01
  > G_28 = [   1.2566E+00, -1.8850E+00,  0.0000E+00 ], e =   3.8197E-01
  > G_29 = [  -1.2566E+00,  1.8850E+00,  0.0000E+00 ], e =   3.8197E-01
  > ...
* U/t                   :  2.00000000000E+00
* Hartree-Fock Etot/t   : -5.87770876400E+01
  > Ttot/t              : -8.37770876400E+01
  > Utot/t              :  2.50000000000E+01
* Writing Hamiltonian to "FCIDUMP.new".
* Writing orbitals to "LTSC.new".
* Analysis of Hamiltonian connecitivity performed:
  - U_iiii [opp] (local, 1-site): 50 (i) values
  - T_ji (single, 2-site): 200 contribs. from 50 (i) values
  - Max. no. wfn. ratios in Eloc: 4
* Site labels:
  +-----------------------------+
  |   10    19    28    37    46|
  |45     9    18    27    36   |
  |   44     8    17    26    35|
  |34    43     7    16    25   |
  |   33    42     6    15    24|
  |23    32    41     5    14   |
  |   22    31    50     4    13|
  |12    21    40    49     3   |
  |   11    30    39    48     2|
  | 1    20    29    38    47   |
  +-----------------------------+
* Model system Site kinds:
  [ 1, 1, 1, 1, 1, 1, 1, 1, 1, 1, 1, 1, 1, 1, 1, 1, 1, 1, 1, 1, 1, 1, 1, 1, 1, 1, 1, 1, 1, 1, 1, 1, 1, 1, 1, 1, 1, 1, 1, 1, 1, 1, 1, 1, 1, 1, 1, 1, 1, 1 ]
  +-------------------+
  |  1   1   1   1   1|
  |1   1   1   1   1  |
  |  1   1   1   1   1|
  |1   1   1   1   1  |
  |  1   1   1   1   1|
  |1   1   1   1   1  |
  |  1   1   1   1   1|
  |1   1   1   1   1  |
  |  1   1   1   1   1|
  |1   1   1   1   1  |
  +-------------------+
* Maximum Site kind: 1
* Model system Site pair kinds:
  Site 1: [ 0, 1, 3, 6, 9, 11, 9, 6, 3, 1, 1, 2, 4, 7, 10, 9, 10, 7, 4, 2, 3, 4, 5, 8, 7, 6, 7, 8, 5, 4, 6, 7, 8, 5, 4, 3, 4, 5, 8, 7, 9, 10, 7, 4, 2, 1, 2, 4, 7, 10 ]
  Site 2: [ 1, 0, 1, 3, 6, 9, 11, 9, 6, 3, 2, 1, 2, 4, 7, 10, 9, 10, 7, 4, 4, 3, 4, 5, 8, 7, 6, 7, 8, 5, 7, 6, 7, 8, 5, 4, 3, 4, 5, 8, 10, 9, 10, 7, 4, 2, 1, 2, 4, 7 ]
  Site 3: [ 3, 1, 0, 1, 3, 6, 9, 11, 9, 6, 4, 2, 1, 2, 4, 7, 10, 9, 10, 7, 5, 4, 3, 4, 5, 8, 7, 6, 7, 8, 8, 7, 6, 7, 8, 5, 4, 3, 4, 5, 7, 10, 9, 10, 7, 4, 2, 1, 2, 4 ]
  Site 4: [ 6, 3, 1, 0, 1, 3, 6, 9, 11, 9, 7, 4, 2, 1, 2, 4, 7, 10, 9, 10, 8, 5, 4, 3, 4, 5, 8, 7, 6, 7, 5, 8, 7, 6, 7, 8, 5, 4, 3, 4, 4, 7, 10, 9, 10, 7, 4, 2, 1, 2 ]
  Site 5: [ 9, 6, 3, 1, 0, 1, 3, 6, 9, 11, 10, 7, 4, 2, 1, 2, 4, 7, 10, 9, 7, 8, 5, 4, 3, 4, 5, 8, 7, 6, 4, 5, 8, 7, 6, 7, 8, 5, 4, 3, 2, 4, 7, 10, 9, 10, 7, 4, 2, 1 ]
  Site 6: [ 11, 9, 6, 3, 1, 0, 1, 3, 6, 9, 9, 10, 7, 4, 2, 1, 2, 4, 7, 10, 6, 7, 8, 5, 4, 3, 4, 5, 8, 7, 3, 4, 5, 8, 7, 6, 7, 8, 5, 4, 1, 2, 4, 7, 10, 9, 10, 7, 4, 2 ]
  Site 7: [ 9, 11, 9, 6, 3, 1, 0, 1, 3, 6, 10, 9, 10, 7, 4, 2, 1, 2, 4, 7, 7, 6, 7, 8, 5, 4, 3, 4, 5, 8, 4, 3, 4, 5, 8, 7, 6, 7, 8, 5, 2, 1, 2, 4, 7, 10, 9, 10, 7, 4 ]
  Site 8: [ 6, 9, 11, 9, 6, 3, 1, 0, 1, 3, 7, 10, 9, 10, 7, 4, 2, 1, 2, 4, 8, 7, 6, 7, 8, 5, 4, 3, 4, 5, 5, 4, 3, 4, 5, 8, 7, 6, 7, 8, 4, 2, 1, 2, 4, 7, 10, 9, 10, 7 ]
  Site 9: [ 3, 6, 9, 11, 9, 6, 3, 1, 0, 1, 4, 7, 10, 9, 10, 7, 4, 2, 1, 2, 5, 8, 7, 6, 7, 8, 5, 4, 3, 4, 8, 5, 4, 3, 4, 5, 8, 7, 6, 7, 7, 4, 2, 1, 2, 4, 7, 10, 9, 10 ]
  Site 10: [ 1, 3, 6, 9, 11, 9, 6, 3, 1, 0, 2, 4, 7, 10, 9, 10, 7, 4, 2, 1, 4, 5, 8, 7, 6, 7, 8, 5, 4, 3, 7, 8, 5, 4, 3, 4, 5, 8, 7, 6, 10, 7, 4, 2, 1, 2, 4, 7, 10, 9 ]
  Site 11: [ 1, 2, 4, 7, 10, 9, 10, 7, 4, 2, 0, 1, 3, 6, 9, 11, 9, 6, 3, 1, 1, 2, 4, 7, 10, 9, 10, 7, 4, 2, 3, 4, 5, 8, 7, 6, 7, 8, 5, 4, 6, 7, 8, 5, 4, 3, 4, 5, 8, 7 ]
  Site 12: [ 2, 1, 2, 4, 7, 10, 9, 10, 7, 4, 1, 0, 1, 3, 6, 9, 11, 9, 6, 3, 2, 1, 2, 4, 7, 10, 9, 10, 7, 4, 4, 3, 4, 5, 8, 7, 6, 7, 8, 5, 7, 6, 7, 8, 5, 4, 3, 4, 5, 8 ]
  Site 13: [ 4, 2, 1, 2, 4, 7, 10, 9, 10, 7, 3, 1, 0, 1, 3, 6, 9, 11, 9, 6, 4, 2, 1, 2, 4, 7, 10, 9, 10, 7, 5, 4, 3, 4, 5, 8, 7, 6, 7, 8, 8, 7, 6, 7, 8, 5, 4, 3, 4, 5 ]
  Site 14: [ 7, 4, 2, 1, 2, 4, 7, 10, 9, 10, 6, 3, 1, 0, 1, 3, 6, 9, 11, 9, 7, 4, 2, 1, 2, 4, 7, 10, 9, 10, 8, 5, 4, 3, 4, 5, 8, 7, 6, 7, 5, 8, 7, 6, 7, 8, 5, 4, 3, 4 ]
  Site 15: [ 10, 7, 4, 2, 1, 2, 4, 7, 10, 9, 9, 6, 3, 1, 0, 1, 3, 6, 9, 11, 10, 7, 4, 2, 1, 2, 4, 7, 10, 9, 7, 8, 5, 4, 3, 4, 5, 8, 7, 6, 4, 5, 8, 7, 6, 7, 8, 5, 4, 3 ]
  Site 16: [ 9, 10, 7, 4, 2, 1, 2, 4, 7, 10, 11, 9, 6, 3, 1, 0, 1, 3, 6, 9, 9, 10, 7, 4, 2, 1, 2, 4, 7, 10, 6, 7, 8, 5, 4, 3, 4, 5, 8, 7, 3, 4, 5, 8, 7, 6, 7, 8, 5, 4 ]
  Site 17: [ 10, 9, 10, 7, 4, 2, 1, 2, 4, 7, 9, 11, 9, 6, 3, 1, 0, 1, 3, 6, 10, 9, 10, 7, 4, 2, 1, 2, 4, 7, 7, 6, 7, 8, 5, 4, 3, 4, 5, 8, 4, 3, 4, 5, 8, 7, 6, 7, 8, 5 ]
  Site 18: [ 7, 10, 9, 10, 7, 4, 2, 1, 2, 4, 6, 9, 11, 9, 6, 3, 1, 0, 1, 3, 7, 10, 9, 10, 7, 4, 2, 1, 2, 4, 8, 7, 6, 7, 8, 5, 4, 3, 4, 5, 5, 4, 3, 4, 5, 8, 7, 6, 7, 8 ]
  Site 19: [ 4, 7, 10, 9, 10, 7, 4, 2, 1, 2, 3, 6, 9, 11, 9, 6, 3, 1, 0, 1, 4, 7, 10, 9, 10, 7, 4, 2, 1, 2, 5, 8, 7, 6, 7, 8, 5, 4, 3, 4, 8, 5, 4, 3, 4, 5, 8, 7, 6, 7 ]
  Site 20: [ 2, 4, 7, 10, 9, 10, 7, 4, 2, 1, 1, 3, 6, 9, 11, 9, 6, 3, 1, 0, 2, 4, 7, 10, 9, 10, 7, 4, 2, 1, 4, 5, 8, 7, 6, 7, 8, 5, 4, 3, 7, 8, 5, 4, 3, 4, 5, 8, 7, 6 ]
  Site 21: [ 3, 4, 5, 8, 7, 6, 7, 8, 5, 4, 1, 2, 4, 7, 10, 9, 10, 7, 4, 2, 0, 1, 3, 6, 9, 11, 9, 6, 3, 1, 1, 2, 4, 7, 10, 9, 10, 7, 4, 2, 3, 4, 5, 8, 7, 6, 7, 8, 5, 4 ]
  Site 22: [ 4, 3, 4, 5, 8, 7, 6, 7, 8, 5, 2, 1, 2, 4, 7, 10, 9, 10, 7, 4, 1, 0, 1, 3, 6, 9, 11, 9, 6, 3, 2, 1, 2, 4, 7, 10, 9, 10, 7, 4, 4, 3, 4, 5, 8, 7, 6, 7, 8, 5 ]
  Site 23: [ 5, 4, 3, 4, 5, 8, 7, 6, 7, 8, 4, 2, 1, 2, 4, 7, 10, 9, 10, 7, 3, 1, 0, 1, 3, 6, 9, 11, 9, 6, 4, 2, 1, 2, 4, 7, 10, 9, 10, 7, 5, 4, 3, 4, 5, 8, 7, 6, 7, 8 ]
  Site 24: [ 8, 5, 4, 3, 4, 5, 8, 7, 6, 7, 7, 4, 2, 1, 2, 4, 7, 10, 9, 10, 6, 3, 1, 0, 1, 3, 6, 9, 11, 9, 7, 4, 2, 1, 2, 4, 7, 10, 9, 10, 8, 5, 4, 3, 4, 5, 8, 7, 6, 7 ]
  Site 25: [ 7, 8, 5, 4, 3, 4, 5, 8, 7, 6, 10, 7, 4, 2, 1, 2, 4, 7, 10, 9, 9, 6, 3, 1, 0, 1, 3, 6, 9, 11, 10, 7, 4, 2, 1, 2, 4, 7, 10, 9, 7, 8, 5, 4, 3, 4, 5, 8, 7, 6 ]
  Site 26: [ 6, 7, 8, 5, 4, 3, 4, 5, 8, 7, 9, 10, 7, 4, 2, 1, 2, 4, 7, 10, 11, 9, 6, 3, 1, 0, 1, 3, 6, 9, 9, 10, 7, 4, 2, 1, 2, 4, 7, 10, 6, 7, 8, 5, 4, 3, 4, 5, 8, 7 ]
  Site 27: [ 7, 6, 7, 8, 5, 4, 3, 4, 5, 8, 10, 9, 10, 7, 4, 2, 1, 2, 4, 7, 9, 11, 9, 6, 3, 1, 0, 1, 3, 6, 10, 9, 10, 7, 4, 2, 1, 2, 4, 7, 7, 6, 7, 8, 5, 4, 3, 4, 5, 8 ]
  Site 28: [ 8, 7, 6, 7, 8, 5, 4, 3, 4, 5, 7, 10, 9, 10, 7, 4, 2, 1, 2, 4, 6, 9, 11, 9, 6, 3, 1, 0, 1, 3, 7, 10, 9, 10, 7, 4, 2, 1, 2, 4, 8, 7, 6, 7, 8, 5, 4, 3, 4, 5 ]
  Site 29: [ 5, 8, 7, 6, 7, 8, 5, 4, 3, 4, 4, 7, 10, 9, 10, 7, 4, 2, 1, 2, 3, 6, 9, 11, 9, 6, 3, 1, 0, 1, 4, 7, 10, 9, 10, 7, 4, 2, 1, 2, 5, 8, 7, 6, 7, 8, 5, 4, 3, 4 ]
  Site 30: [ 4, 5, 8, 7, 6, 7, 8, 5, 4, 3, 2, 4, 7, 10, 9, 10, 7, 4, 2, 1, 1, 3, 6, 9, 11, 9, 6, 3, 1, 0, 2, 4, 7, 10, 9, 10, 7, 4, 2, 1, 4, 5, 8, 7, 6, 7, 8, 5, 4, 3 ]
  Site 31: [ 6, 7, 8, 5, 4, 3, 4, 5, 8, 7, 3, 4, 5, 8, 7, 6, 7, 8, 5, 4, 1, 2, 4, 7, 10, 9, 10, 7, 4, 2, 0, 1, 3, 6, 9, 11, 9, 6, 3, 1, 1, 2, 4, 7, 10, 9, 10, 7, 4, 2 ]
  Site 32: [ 7, 6, 7, 8, 5, 4, 3, 4, 5, 8, 4, 3, 4, 5, 8, 7, 6, 7, 8, 5, 2, 1, 2, 4, 7, 10, 9, 10, 7, 4, 1, 0, 1, 3, 6, 9, 11, 9, 6, 3, 2, 1, 2, 4, 7, 10, 9, 10, 7, 4 ]
  Site 33: [ 8, 7, 6, 7, 8, 5, 4, 3, 4, 5, 5, 4, 3, 4, 5, 8, 7, 6, 7, 8, 4, 2, 1, 2, 4, 7, 10, 9, 10, 7, 3, 1, 0, 1, 3, 6, 9, 11, 9, 6, 4, 2, 1, 2, 4, 7, 10, 9, 10, 7 ]
  Site 34: [ 5, 8, 7, 6, 7, 8, 5, 4, 3, 4, 8, 5, 4, 3, 4, 5, 8, 7, 6, 7, 7, 4, 2, 1, 2, 4, 7, 10, 9, 10, 6, 3, 1, 0, 1, 3, 6, 9, 11, 9, 7, 4, 2, 1, 2, 4, 7, 10, 9, 10 ]
  Site 35: [ 4, 5, 8, 7, 6, 7, 8, 5, 4, 3, 7, 8, 5, 4, 3, 4, 5, 8, 7, 6, 10, 7, 4, 2, 1, 2, 4, 7, 10, 9, 9, 6, 3, 1, 0, 1, 3, 6, 9, 11, 10, 7, 4, 2, 1, 2, 4, 7, 10, 9 ]
  Site 36: [ 3, 4, 5, 8, 7, 6, 7, 8, 5, 4, 6, 7, 8, 5, 4, 3, 4, 5, 8, 7, 9, 10, 7, 4, 2, 1, 2, 4, 7, 10, 11, 9, 6, 3, 1, 0, 1, 3, 6, 9, 9, 10, 7, 4, 2, 1, 2, 4, 7, 10 ]
  Site 37: [ 4, 3, 4, 5, 8, 7, 6, 7, 8, 5, 7, 6, 7, 8, 5, 4, 3, 4, 5, 8, 10, 9, 10, 7, 4, 2, 1, 2, 4, 7, 9, 11, 9, 6, 3, 1, 0, 1, 3, 6, 10, 9, 10, 7, 4, 2, 1, 2, 4, 7 ]
  Site 38: [ 5, 4, 3, 4, 5, 8, 7, 6, 7, 8, 8, 7, 6, 7, 8, 5, 4, 3, 4, 5, 7, 10, 9, 10, 7, 4, 2, 1, 2, 4, 6, 9, 11, 9, 6, 3, 1, 0, 1, 3, 7, 10, 9, 10, 7, 4, 2, 1, 2, 4 ]
  Site 39: [ 8, 5, 4, 3, 4, 5, 8, 7, 6, 7, 5, 8, 7, 6, 7, 8, 5, 4, 3, 4, 4, 7, 10, 9, 10, 7, 4, 2, 1, 2, 3, 6, 9, 11, 9, 6, 3, 1, 0, 1, 4, 7, 10, 9, 10, 7, 4, 2, 1, 2 ]
  Site 40: [ 7, 8, 5, 4, 3, 4, 5, 8, 7, 6, 4, 5, 8, 7, 6, 7, 8, 5, 4, 3, 2, 4, 7, 10, 9, 10, 7, 4, 2, 1, 1, 3, 6, 9, 11, 9, 6, 3, 1, 0, 2, 4, 7, 10, 9, 10, 7, 4, 2, 1 ]
  Site 41: [ 9, 10, 7, 4, 2, 1, 2, 4, 7, 10, 6, 7, 8, 5, 4, 3, 4, 5, 8, 7, 3, 4, 5, 8, 7, 6, 7, 8, 5, 4, 1, 2, 4, 7, 10, 9, 10, 7, 4, 2, 0, 1, 3, 6, 9, 11, 9, 6, 3, 1 ]
  Site 42: [ 10, 9, 10, 7, 4, 2, 1, 2, 4, 7, 7, 6, 7, 8, 5, 4, 3, 4, 5, 8, 4, 3, 4, 5, 8, 7, 6, 7, 8, 5, 2, 1, 2, 4, 7, 10, 9, 10, 7, 4, 1, 0, 1, 3, 6, 9, 11, 9, 6, 3 ]
  Site 43: [ 7, 10, 9, 10, 7, 4, 2, 1, 2, 4, 8, 7, 6, 7, 8, 5, 4, 3, 4, 5, 5, 4, 3, 4, 5, 8, 7, 6, 7, 8, 4, 2, 1, 2, 4, 7, 10, 9, 10, 7, 3, 1, 0, 1, 3, 6, 9, 11, 9, 6 ]
  Site 44: [ 4, 7, 10, 9, 10, 7, 4, 2, 1, 2, 5, 8, 7, 6, 7, 8, 5, 4, 3, 4, 8, 5, 4, 3, 4, 5, 8, 7, 6, 7, 7, 4, 2, 1, 2, 4, 7, 10, 9, 10, 6, 3, 1, 0, 1, 3, 6, 9, 11, 9 ]
  Site 45: [ 2, 4, 7, 10, 9, 10, 7, 4, 2, 1, 4, 5, 8, 7, 6, 7, 8, 5, 4, 3, 7, 8, 5, 4, 3, 4, 5, 8, 7, 6, 10, 7, 4, 2, 1, 2, 4, 7, 10, 9, 9, 6, 3, 1, 0, 1, 3, 6, 9, 11 ]
  Site 46: [ 1, 2, 4, 7, 10, 9, 10, 7, 4, 2, 3, 4, 5, 8, 7, 6, 7, 8, 5, 4, 6, 7, 8, 5, 4, 3, 4, 5, 8, 7, 9, 10, 7, 4, 2, 1, 2, 4, 7, 10, 11, 9, 6, 3, 1, 0, 1, 3, 6, 9 ]
  Site 47: [ 2, 1, 2, 4, 7, 10, 9, 10, 7, 4, 4, 3, 4, 5, 8, 7, 6, 7, 8, 5, 7, 6, 7, 8, 5, 4, 3, 4, 5, 8, 10, 9, 10, 7, 4, 2, 1, 2, 4, 7, 9, 11, 9, 6, 3, 1, 0, 1, 3, 6 ]
  Site 48: [ 4, 2, 1, 2, 4, 7, 10, 9, 10, 7, 5, 4, 3, 4, 5, 8, 7, 6, 7, 8, 8, 7, 6, 7, 8, 5, 4, 3, 4, 5, 7, 10, 9, 10, 7, 4, 2, 1, 2, 4, 6, 9, 11, 9, 6, 3, 1, 0, 1, 3 ]
  Site 49: [ 7, 4, 2, 1, 2, 4, 7, 10, 9, 10, 8, 5, 4, 3, 4, 5, 8, 7, 6, 7, 5, 8, 7, 6, 7, 8, 5, 4, 3, 4, 4, 7, 10, 9, 10, 7, 4, 2, 1, 2, 3, 6, 9, 11, 9, 6, 3, 1, 0, 1 ]
  Site 50: [ 10, 7, 4, 2, 1, 2, 4, 7, 10, 9, 7, 8, 5, 4, 3, 4, 5, 8, 7, 6, 4, 5, 8, 7, 6, 7, 8, 5, 4, 3, 2, 4, 7, 10, 9, 10, 7, 4, 2, 1, 1, 3, 6, 9, 11, 9, 6, 3, 1, 0 ]
  For site 1 of kind 1:
  +-----------------------------+
  |    1     4     8     4     1|
  | 2     3     7     7     3   |
  |    4     6    10     6     4|
  | 5     7     9     9     7   |
  |    8    10    11    10     8|
  | 5     7     9     9     7   |
  |    4     6    10     6     4|
  | 2     3     7     7     3   |
  |    1     4     8     4     1|
  | 0     2     5     5     2   |
  +-----------------------------+
* Maximum (unsigned) Site pair kind: 11

General system setup:
* Number of sites       : 50
* Number of electrons   : 50
* Spin imbalance MS2    : 0
* Filling               : 0.500000
* Number of orbitals in pool: 53
* Using real-valued orbitals
* Using double-precision arithmetic for orbitals

Trial wave function setup:
* Jastrow parameter file: "wfn.casl"
* Not using multideterminants
* Not using an orbital rotation
* Backflow parameter file: "wfn.casl"
* Not using wave function manipulation

VMC #1:
* Size of Hilbert space =   1.5980E+28
* Number of equil. steps   = 1000
* Running VMC equilibration.
  Done. [total walltime: 2.86s]
* Equil. acc.ratio (%)     =  31.9593
* Sample config after equilibration:
  +-------------------+
  |  0   u   0   d   d|
  |0   2   2   0   u  |
  |  d   d   2   u   u|
  |u   u   u   2   d  |
  |  u   d   d   2   u|
  |d   d   u   0   u  |
  |  u   2   0   d   u|
  |0   d   d   u   2  |
  |  2   0   d   u   0|
  |d   2   u   d   d  |
  +-------------------+
* Number of accum. steps   = 500480 x 10
* Running VMC accumulation.
    [walltime: 1m elapsed, 8.72s remaining]
  Done. [total walltime: 1m8s]
* Acceptance ratio (%)     =  31.9428
* Etot/t                   =  -6.107717060667E+01 +/-   7.782534022359E-04
  > Ttot/t                 =  -8.143749269746E+01 +/-   5.380828879337E-03
  > Utot/t                 =   2.036032209079E+01 +/-   5.342716594780E-03
* var[Eloc/t]              =   2.966141499436E-01 +/-   4.653545635902E-03
* Correlation length       =   1.021967106813E+00
* log10 Psi^2 range: 47.433486203060816 -- 62.470498789301786
* log10 Pgen range : 47.433486203060816 -- 62.470498789301786
* Site occupation (ave. no. electrons per config.):
  > Site_  ___eu____  ___ed____
      1        0.499      0.501
      2        0.496      0.501
      3        0.499      0.499
      4        0.501      0.499
      5        0.500      0.501
      6        0.499      0.504
      7        0.499      0.500
      8        0.502      0.498
      9        0.499      0.502
     10        0.499      0.499
     11        0.500      0.501
     12        0.500      0.499
     13        0.500      0.500
     14        0.502      0.495
     15        0.501      0.500
     16        0.501      0.503
     17        0.499      0.498
     18        0.500      0.498
     19        0.503      0.500
     20        0.500      0.498
     21        0.502      0.499
     22        0.502      0.498
     23        0.500      0.502
     24        0.499      0.500
     25        0.499      0.501
     26        0.500      0.501
     27        0.500      0.499
     28        0.499      0.501
     29        0.501      0.502
     30        0.498      0.499
     31        0.501      0.500
     32        0.499      0.501
     33        0.502      0.500
     34        0.499      0.499
     35        0.500      0.503
     36        0.499      0.500
     37        0.501      0.498
     38        0.503      0.501
     39        0.499      0.500
     40        0.499      0.501
     41        0.501      0.500
     42        0.499      0.499
     43        0.500      0.500
     44        0.499      0.498
     45        0.502      0.502
     46        0.500      0.497
     47        0.500      0.501
     48        0.500      0.499
     49        0.500      0.502
     50        0.498      0.500
* Pair-correlation analysis (ave. no. pairs per config.):
  > Shell  nsite  ___dh____  __eueu___  __eued___
      0      1        0          0         10.161
      1      4       12.066     40.798     52.537
      2      4        8.529     50.425     49.054
      3      4        8.407     50.264     49.449
      4      8       17.312     96.913    101.549
      5      4        8.334     50.239     49.600
      6      4        8.311     49.682     50.201
      7      8       16.633    100.400     99.385
      8      4        8.500     48.953     50.576
      9      4        8.316     50.119     49.772
     10      4        8.296     49.751     50.186
     11      1        2.073     12.456     12.530

Optimization #1:
* Method          : lls
* Target function : energy
* No. of configs. : 100096
* No. of params.  : 77
* Before optimization:
  -2.9769E-01  -2.2319E-04   2.7357E-02   1.3951E-02   7.9725E-03   1.9469E-03
   3.3760E-03   1.3756E-03  -1.5294E-03   5.8388E-04  -1.0710E-04   3.5376E-05
   1.3916E-02  -2.0888E-02  -5.2472E-03  -2.1957E-02  -4.1392E-03  -9.2975E-03
  -2.4360E-03  -6.0222E-03  -1.2183E-03  -7.3520E-04  -1.3701E-03  -1.9529E-03
  -7.3558E-04  -5.8052E-04  -1.2625E-04   1.5243E-03  -2.2371E-04  -5.0959E-04
  -1.8205E-04   3.9161E-04   8.1211E-01   2.2404E-01  -1.6933E-02  -5.9722E-03
  -4.0202E-02   6.7267E-04   1.4329E-02   6.5268E-04   2.8611E-02  -2.2723E-03
  -1.3271E-02   5.8258E-03   1.9502E-01   8.0296E-03   1.3100E-03  -4.1365E-02
   3.6191E-06   2.0041E-02   1.2087E-03   3.4874E-02  -4.4434E-04  -1.5291E-02
   9.9651E-03   2.3157E-01  -5.6579E-02  -1.2902E-02  -4.5567E-02   7.1966E-03
   1.9029E-02   2.9152E-04   3.4714E-02  -2.7539E-03  -1.4621E-02   2.7793E-03
   2.2534E-01  -2.6334E-02  -3.7616E-03  -4.9401E-02   5.8433E-03   2.6248E-02
   1.0047E-03   4.3505E-02  -4.0331E-04  -1.7427E-02   9.5711E-03
  > E    =  -6.107533391862E+01 +/-   1.711830188295E-03
  > varE =   2.933175741648E-01
* Computing derivatives.
    [walltime: 1m elapsed, 2m27s remaining]
  Done. [total walltime: 3m26s]
* Optimizing manipulation constant:
  #igrid a___________ E____________________________________ varE____________
     1     Infinity    -6.10753339E+01 +/-   1.71183019E-03   2.93317574E-01
     2     1.0000E+06  -6.10753339E+01 +/-   1.71183007E-03   2.93317534E-01
     3     2.1544E+05  -6.10753339E+01 +/-   1.71182964E-03   2.93317387E-01
     4     4.6416E+04  -6.10753340E+01 +/-   1.71182766E-03   2.93316708E-01
     5     1.0000E+04  -6.10753342E+01 +/-   1.71181847E-03   2.93313557E-01
     6     2.1544E+03  -6.10753351E+01 +/-   1.71177615E-03   2.93299056E-01
     7     4.6416E+02  -6.10753394E+01 +/-   1.71158706E-03   2.93234260E-01
     8     1.0000E+02  -6.10753570E+01 +/-   1.71084744E-03   2.92980889E-01
     9     2.1544E+01  -6.10754058E+01 +/-   1.70917789E-03   2.92409348E-01
    10     4.6416E+00  -6.10754171E+01 +/-   1.70931000E-03   2.92454555E-01
    11     1.0000E+00  -6.10753235E+01 +/-   1.71197625E-03   2.93367632E-01
    12     2.1544E-01  -6.10752639E+01 +/-   1.71343271E-03   2.93867008E-01
    13     4.6416E-02  -6.10752467E+01 +/-   1.71383459E-03   2.94004874E-01
    14     1.0000E-02  -6.10752428E+01 +/-   1.71392625E-03   2.94036322E-01
    15     2.1544E-03  -6.10752419E+01 +/-   1.71394624E-03   2.94043182E-01
    16     4.6416E-04  -6.10752417E+01 +/-   1.71395056E-03   2.94044664E-01
    17     1.0000E-04  -6.10752417E+01 +/-   1.71395149E-03   2.94044984E-01
    18     2.1544E-05  -6.10752417E+01 +/-   1.71395169E-03   2.94045052E-01
    19     4.6416E-06  -6.10752417E+01 +/-   1.71395173E-03   2.94045067E-01
    20     1.0000E-06  -6.10752417E+01 +/-   1.71395174E-03   2.94045071E-01
    21     0.0000E+00  -6.10752417E+01 +/-   1.71395175E-03   2.94045071E-01
  ParMin   8.6216E+00  -6.10754281E+01 +/-   1.70876444E-03   2.92267899E-01
  # Using parabolic minimum
* Iteration # 1: E =  -6.107542809874E+01 +/-   1.708764439290E-03
* Diminishing returns: exiting.
* After optimization:
  -3.1630E-01   3.7550E-03   2.7441E-02   1.4059E-02   8.3734E-03   2.0149E-03
   3.6619E-03   1.6736E-03  -1.1027E-03   5.5683E-04   7.5206E-05  -7.6024E-05
   1.1070E-02  -2.1187E-02  -5.0927E-03  -2.2217E-02  -4.1339E-03  -9.4838E-03
  -2.5798E-03  -6.1099E-03  -1.1104E-03  -9.8068E-04  -1.5378E-03  -2.1903E-03
  -7.2123E-04  -8.4223E-04  -3.3675E-04   1.3142E-03  -9.7371E-05  -5.3121E-04
  -2.4060E-04   1.4201E-04   8.1283E-01   2.0080E-01  -2.1668E-02  -6.1154E-03
  -3.3922E-02   2.3113E-03   1.3783E-02   1.6874E-03   2.4628E-02   7.1299E-04
  -9.1624E-03   4.1888E-03   1.7835E-01   4.1009E-03  -4.6296E-04  -3.6470E-02
   9.5266E-04   1.6207E-02  -2.2451E-04   2.9852E-02  -3.8250E-04  -1.3712E-02
   6.2385E-03   2.0627E-01  -6.4674E-02  -1.3802E-02  -3.5283E-02   9.3987E-03
   1.6119E-02   2.9670E-03   2.6189E-02   2.1982E-04  -9.4800E-03   3.5988E-03
   2.0569E-01  -3.4096E-02  -6.5476E-03  -4.0526E-02   7.9426E-03   1.9121E-02
   7.6474E-04   3.3896E-02  -9.9848E-04  -1.5055E-02   6.7610E-03
  > Energy =  -6.107542809874E+01 +/-   1.708764439290E-03
  > varE =   2.922678989856E-01

VMC #2:
* Size of Hilbert space =   1.5980E+28
* Number of equil. steps   = 1000
* Running VMC equilibration.
  Done. [total walltime: 2.86s]
* Equil. acc.ratio (%)     =  31.9648
* Sample config after equilibration:
  +-------------------+
  |  0   u   d   2   d|
  |2   2   2   u   2  |
  |  2   0   u   d   0|
  |u   2   d   2   u  |
  |  2   0   0   0   0|
  |u   0   2   2   d  |
  |  d   d   d   d   u|
  |2   u   0   2   d  |
  |  d   u   0   u   0|
  |u   0   u   d   0  |
  +-------------------+
* Number of accum. steps   = 500480 x 10
* Running VMC accumulation.
    [walltime: 1m elapsed, 8.92s remaining]
  Done. [total walltime: 1m8s]
* Acceptance ratio (%)     =  31.9380
* Etot/t                   =  -6.107601099008E+01 +/-   8.292604585557E-04
  > Ttot/t                 =  -8.143874276757E+01 +/-   5.363172289121E-03
  > Utot/t                 =   2.036273177749E+01 +/-   5.303220817533E-03
* var[Eloc/t]              =   3.425993374532E-01 +/-   3.017781286059E-02
* Correlation length       =   1.004574438516E+00
* log10 Psi^2 range: 45.536381344957384 -- 59.418230201896876
* log10 Pgen range : 45.536381344957384 -- 59.418230201896876
* Site occupation (ave. no. electrons per config.):
  > Site_  ___eu____  ___ed____
      1        0.501      0.501
      2        0.499      0.498
      3        0.499      0.501
      4        0.500      0.500
      5        0.498      0.499
      6        0.500      0.498
      7        0.499      0.499
      8        0.499      0.498
      9        0.499      0.502
     10        0.499      0.497
     11        0.500      0.498
     12        0.498      0.501
     13        0.500      0.498
     14        0.497      0.501
     15        0.500      0.501
     16        0.502      0.500
     17        0.500      0.498
     18        0.499      0.500
     19        0.500      0.502
     20        0.501      0.500
     21        0.500      0.501
     22        0.499      0.501
     23        0.502      0.501
     24        0.500      0.501
     25        0.499      0.500
     26        0.499      0.502
     27        0.503      0.501
     28        0.500      0.503
     29        0.497      0.499
     30        0.500      0.500
     31        0.501      0.498
     32        0.500      0.503
     33        0.503      0.500
     34        0.499      0.502
     35        0.499      0.500
     36        0.501      0.501
     37        0.499      0.499
     38        0.501      0.501
     39        0.499      0.500
     40        0.502      0.500
     41        0.500      0.499
     42        0.504      0.497
     43        0.498      0.499
     44        0.500      0.501
     45        0.501      0.501
     46        0.500      0.498
     47        0.499      0.498
     48        0.501      0.500
     49        0.502      0.499
     50        0.501      0.504
* Pair-correlation analysis (ave. no. pairs per config.):
  > Shell  nsite  ___dh____  __eueu___  __eued___
      0      1        0          0         10.184
      1      4       12.106     40.794     52.506
      2      4        8.570     50.410     49.064
      3      4        8.424     50.286     49.453
      4      8       17.363     96.954    101.553
      5      4        8.388     50.232     49.588
      6      4        8.365     49.651     50.218
      7      8       16.714    100.375     99.384
      8      4        8.536     48.956     50.571
      9      4        8.342     50.138     49.770
     10      4        8.333     49.749     50.176
     11      1        2.083     12.454     12.534

Optimization #2:
* Method          : lls
* Target function : energy
* No. of configs. : 100096
* No. of params.  : 77
* Before optimization:
  -3.1630E-01   3.7550E-03   2.7441E-02   1.4059E-02   8.3734E-03   2.0149E-03
   3.6619E-03   1.6736E-03  -1.1027E-03   5.5683E-04   7.5206E-05  -7.6024E-05
   1.1070E-02  -2.1187E-02  -5.0927E-03  -2.2217E-02  -4.1339E-03  -9.4838E-03
  -2.5798E-03  -6.1099E-03  -1.1104E-03  -9.8068E-04  -1.5378E-03  -2.1903E-03
  -7.2123E-04  -8.4223E-04  -3.3675E-04   1.3142E-03  -9.7371E-05  -5.3121E-04
  -2.4060E-04   1.4201E-04   8.1283E-01   2.0080E-01  -2.1668E-02  -6.1154E-03
  -3.3922E-02   2.3113E-03   1.3783E-02   1.6874E-03   2.4628E-02   7.1299E-04
  -9.1624E-03   4.1888E-03   1.7835E-01   4.1009E-03  -4.6296E-04  -3.6470E-02
   9.5266E-04   1.6207E-02  -2.2451E-04   2.9852E-02  -3.8250E-04  -1.3712E-02
   6.2385E-03   2.0627E-01  -6.4674E-02  -1.3802E-02  -3.5283E-02   9.3987E-03
   1.6119E-02   2.9670E-03   2.6189E-02   2.1982E-04  -9.4800E-03   3.5988E-03
   2.0569E-01  -3.4096E-02  -6.5476E-03  -4.0526E-02   7.9426E-03   1.9121E-02
   7.6474E-04   3.3896E-02  -9.9848E-04  -1.5055E-02   6.7610E-03
  > E    =  -6.107530814910E+01 +/-   1.741161911557E-03
  > varE =   3.034555181267E-01
* Computing derivatives.
    [walltime: 1m elapsed, 2m25s remaining]
  Done. [total walltime: 3m26s]
* Optimizing manipulation constant:
  #igrid a___________ E____________________________________ varE____________
     1     Infinity    -6.10753081E+01 +/-   1.74116191E-03   3.03455518E-01
     2     1.0000E+06  -6.10753082E+01 +/-   1.74116164E-03   3.03455424E-01
     3     2.1544E+05  -6.10753082E+01 +/-   1.74116065E-03   3.03455080E-01
     4     4.6416E+04  -6.10753083E+01 +/-   1.74115607E-03   3.03453483E-01
     5     1.0000E+04  -6.10753089E+01 +/-   1.74113484E-03   3.03446081E-01
     6     2.1544E+03  -6.10753116E+01 +/-   1.74103677E-03   3.03411901E-01
     7     4.6416E+02  -6.10753240E+01 +/-   1.74059227E-03   3.03256992E-01
     8     1.0000E+02  -6.10753760E+01 +/-   1.73873614E-03   3.02610563E-01
     9     2.1544E+01  -6.10755390E+01 +/-   1.73306757E-03   3.00640659E-01
    10     4.6416E+00  -6.10757714E+01 +/-   1.72514064E-03   2.97896729E-01
    11     1.0000E+00  -6.10758737E+01 +/-   1.72083476E-03   2.96411508E-01
    12     2.1544E-01  -6.10758938E+01 +/-   1.71946892E-03   2.95941167E-01
    13     4.6416E-02  -6.10758974E+01 +/-   1.71913428E-03   2.95825988E-01
    14     1.0000E-02  -6.10758982E+01 +/-   1.71905985E-03   2.95800374E-01
    15     2.1544E-03  -6.10758983E+01 +/-   1.71904370E-03   2.95794816E-01
    16     4.6416E-04  -6.10758984E+01 +/-   1.71904022E-03   2.95793617E-01
    17     1.0000E-04  -6.10758984E+01 +/-   1.71903947E-03   2.95793359E-01
    18     2.1544E-05  -6.10758984E+01 +/-   1.71903931E-03   2.95793303E-01
    19     4.6416E-06  -6.10758984E+01 +/-   1.71903927E-03   2.95793291E-01
    20     1.0000E-06  -6.10758984E+01 +/-   1.71903926E-03   2.95793288E-01
    21     0.0000E+00  -6.10758984E+01 +/-   1.71903926E-03   2.95793288E-01
* Iteration # 1: E =  -6.107589836283E+01 +/-   1.719039262018E-03
* Computing derivatives.
    [walltime: 1m elapsed, 2m26s remaining]
  Done. [total walltime: 3m26s]
* Optimizing manipulation constant:
  #igrid a___________ E____________________________________ varE____________
     1     Infinity    -6.10758984E+01 +/-   1.71903926E-03   2.95793288E-01
     2     1.0000E+06  -6.10758984E+01 +/-   1.71903926E-03   2.95793287E-01
     3     2.1544E+05  -6.10758984E+01 +/-   1.71903925E-03   2.95793283E-01
     4     4.6416E+04  -6.10758984E+01 +/-   1.71903920E-03   2.95793265E-01
     5     1.0000E+04  -6.10758986E+01 +/-   1.71903897E-03   2.95793186E-01
     6     2.1544E+03  -6.10758996E+01 +/-   1.71903800E-03   2.95792853E-01
     7     4.6416E+02  -6.10759041E+01 +/-   1.71903559E-03   2.95792023E-01
     8     1.0000E+02  -6.10759231E+01 +/-   1.71906234E-03   2.95801231E-01
     9     2.1544E+01  -6.10759840E+01 +/-   1.71958861E-03   2.95982369E-01
    10     4.6416E+00  -6.10760791E+01 +/-   1.72214249E-03   2.96862191E-01
    11     1.0000E+00  -6.10761326E+01 +/-   1.72509360E-03   2.97880485E-01
    12     2.1544E-01  -6.10761476E+01 +/-   1.72627405E-03   2.98288292E-01
    13     4.6416E-02  -6.10761510E+01 +/-   1.72657323E-03   2.98391695E-01
    14     1.0000E-02  -6.10761517E+01 +/-   1.72664011E-03   2.98414809E-01
    15     2.1544E-03  -6.10761518E+01 +/-   1.72665463E-03   2.98419830E-01
    16     4.6416E-04  -6.10761519E+01 +/-   1.72665776E-03   2.98420913E-01
    17     1.0000E-04  -6.10761519E+01 +/-   1.72665844E-03   2.98421146E-01
    18     2.1544E-05  -6.10761519E+01 +/-   1.72665859E-03   2.98421197E-01
    19     4.6416E-06  -6.10761519E+01 +/-   1.72665862E-03   2.98421208E-01
    20     1.0000E-06  -6.10761519E+01 +/-   1.72665862E-03   2.98421210E-01
    21     0.0000E+00  -6.10761519E+01 +/-   1.72665863E-03   2.98421211E-01
* Iteration # 2: E =  -6.107615189031E+01 +/-   1.726658625810E-03
* Diminishing returns: exiting.
* After optimization:
  -3.7167E-01   1.1516E-02   2.7931E-02   1.4849E-02   1.0297E-02   3.0573E-03
   4.5114E-03   2.5188E-03   7.1213E-04   8.9846E-04   6.6582E-04   6.3370E-04
   5.0260E-03  -2.0919E-02  -4.9287E-03  -2.3091E-02  -4.4382E-03  -1.0050E-02
  -3.4413E-03  -6.7058E-03  -1.3191E-03  -1.7546E-03  -1.5031E-03  -2.7980E-03
  -8.5018E-04  -1.5931E-03  -1.2888E-03   2.2906E-04   2.5234E-05  -7.3479E-04
  -3.9314E-04  -4.5834E-04   7.9697E-01   1.5924E-01  -4.1578E-02  -1.6589E-02
  -1.4674E-02   9.7530E-03   6.8222E-03   2.2695E-03   6.2204E-03   1.4681E-03
  -4.5084E-03  -2.4040E-03   1.4553E-01  -2.0623E-02  -9.8737E-03  -1.9666E-02
   6.9321E-03   1.0971E-02   9.8567E-04   1.0899E-02   7.9109E-04  -7.9428E-03
   1.1439E-04   1.5437E-01  -9.1714E-02  -1.7625E-02  -7.3685E-03   1.8240E-02
  -4.4721E-03   4.7734E-03  -1.1203E-03   7.9579E-03  -1.2103E-03  -1.8534E-02
   1.5956E-01  -6.7695E-02  -9.8835E-03  -1.4535E-02   1.4792E-02   9.2612E-04
   3.0670E-03   6.4402E-03   7.5261E-03  -5.7375E-03  -1.6882E-02
  > Energy =  -6.107615189031E+01 +/-   1.726658625810E-03
  > varE =   2.984212106092E-01

VMC #3:
* Size of Hilbert space =   1.5980E+28
* Number of equil. steps   = 1000
* Running VMC equilibration.
  Done. [total walltime: 2.86s]
* Equil. acc.ratio (%)     =  31.9719
* Sample config after equilibration:
  +-------------------+
  |  d   2   2   2   d|
  |d   u   0   0   0  |
  |  u   d   2   d   0|
  |u   2   0   d   0  |
  |  u   0   u   2   2|
  |0   2   d   d   u  |
  |  2   d   d   0   d|
  |d   0   2   u   0  |
  |  u   0   2   u   u|
  |u   2   u   0   2  |
  +-------------------+
* Number of accum. steps   = 500480 x 10
* Running VMC accumulation.
    [walltime: 1m elapsed, 9.01s remaining]
  Done. [total walltime: 1m8s]
* Acceptance ratio (%)     =  31.9661
* Etot/t                   =  -6.107848251970E+01 +/-   8.200283263950E-04
  > Ttot/t                 =  -8.144937845960E+01 +/-   5.263612152992E-03
  > Utot/t                 =   2.037089593990E+01 +/-   5.211834419916E-03
* var[Eloc/t]              =   3.311945658472E-01 +/-   2.937633411574E-02
* Correlation length       =   1.016157984003E+00
* log10 Psi^2 range: 40.469772615493362 -- 54.793478085270273
* log10 Pgen range : 40.469772615493362 -- 54.793478085270273
* Site occupation (ave. no. electrons per config.):
  > Site_  ___eu____  ___ed____
      1        0.500      0.499
      2        0.501      0.498
      3        0.500      0.501
      4        0.499      0.501
      5        0.501      0.499
      6        0.500      0.503
      7        0.500      0.499
      8        0.498      0.500
      9        0.500      0.500
     10        0.503      0.501
     11        0.502      0.500
     12        0.500      0.502
     13        0.499      0.498
     14        0.501      0.501
     15        0.498      0.499
     16        0.499      0.498
     17        0.499      0.501
     18        0.500      0.502
     19        0.499      0.500
     20        0.499      0.500
     21        0.500      0.499
     22        0.500      0.500
     23        0.500      0.500
     24        0.502      0.497
     25        0.500      0.500
     26        0.499      0.501
     27        0.502      0.499
     28        0.499      0.496
     29        0.500      0.500
     30        0.500      0.501
     31        0.501      0.498
     32        0.502      0.500
     33        0.499      0.499
     34        0.500      0.503
     35        0.501      0.499
     36        0.498      0.500
     37        0.500      0.500
     38        0.501      0.500
     39        0.500      0.501
     40        0.499      0.500
     41        0.501      0.501
     42        0.501      0.499
     43        0.498      0.501
     44        0.503      0.499
     45        0.499      0.501
     46        0.499      0.499
     47        0.503      0.500
     48        0.498      0.501
     49        0.499      0.501
     50        0.499      0.501
* Pair-correlation analysis (ave. no. pairs per config.):
  > Shell  nsite  ___dh____  __eueu___  __eued___
      0      1        0          0         10.180
      1      4       12.101     40.795     52.525
      2      4        8.560     50.416     49.057
      3      4        8.428     50.292     49.441
      4      8       17.388     96.908    101.531
      5      4        8.373     50.247     49.588
      6      4        8.370     49.647     50.210
      7      8       16.693    100.370     99.399
      8      4        8.522     48.974     50.580
      9      4        8.325     50.128     49.812
     10      4        8.338     49.765     50.152
     11      1        2.084     12.457     12.525

Optimization #3:
* Method          : lls
* Target function : energy
* No. of configs. : 100096
* No. of params.  : 77
* Before optimization:
  -3.7167E-01   1.1516E-02   2.7931E-02   1.4849E-02   1.0297E-02   3.0573E-03
   4.5114E-03   2.5188E-03   7.1213E-04   8.9846E-04   6.6582E-04   6.3370E-04
   5.0260E-03  -2.0919E-02  -4.9287E-03  -2.3091E-02  -4.4382E-03  -1.0050E-02
  -3.4413E-03  -6.7058E-03  -1.3191E-03  -1.7546E-03  -1.5031E-03  -2.7980E-03
  -8.5018E-04  -1.5931E-03  -1.2888E-03   2.2906E-04   2.5234E-05  -7.3479E-04
  -3.9314E-04  -4.5834E-04   7.9697E-01   1.5924E-01  -4.1578E-02  -1.6589E-02
  -1.4674E-02   9.7530E-03   6.8222E-03   2.2695E-03   6.2204E-03   1.4681E-03
  -4.5084E-03  -2.4040E-03   1.4553E-01  -2.0623E-02  -9.8737E-03  -1.9666E-02
   6.9321E-03   1.0971E-02   9.8567E-04   1.0899E-02   7.9109E-04  -7.9428E-03
   1.1439E-04   1.5437E-01  -9.1714E-02  -1.7625E-02  -7.3685E-03   1.8240E-02
  -4.4721E-03   4.7734E-03  -1.1203E-03   7.9579E-03  -1.2103E-03  -1.8534E-02
   1.5956E-01  -6.7695E-02  -9.8835E-03  -1.4535E-02   1.4792E-02   9.2612E-04
   3.0670E-03   6.4402E-03   7.5261E-03  -5.7375E-03  -1.6882E-02
  > E    =  -6.107758712551E+01 +/-   1.700571142670E-03
  > varE =   2.894718475803E-01
* Computing derivatives.
    [walltime: 1m elapsed, 2m26s remaining]
  Done. [total walltime: 3m27s]
* Optimizing manipulation constant:
  #igrid a___________ E____________________________________ varE____________
     1     Infinity    -6.10775871E+01 +/-   1.70057114E-03   2.89471848E-01
     2     1.0000E+06  -6.10775871E+01 +/-   1.70057104E-03   2.89471811E-01
     3     2.1544E+05  -6.10775872E+01 +/-   1.70057065E-03   2.89471680E-01
     4     4.6416E+04  -6.10775873E+01 +/-   1.70056885E-03   2.89471069E-01
     5     1.0000E+04  -6.10775878E+01 +/-   1.70056054E-03   2.89468237E-01
     6     2.1544E+03  -6.10775901E+01 +/-   1.70052222E-03   2.89455194E-01
     7     4.6416E+02  -6.10776007E+01 +/-   1.70035051E-03   2.89396742E-01
     8     1.0000E+02  -6.10776448E+01 +/-   1.69966921E-03   2.89164876E-01
     9     2.1544E+01  -6.10777774E+01 +/-   1.69799540E-03   2.88595625E-01
    10     4.6416E+00  -6.10779519E+01 +/-   1.69722860E-03   2.88335028E-01
    11     1.0000E+00  -6.10780240E+01 +/-   1.69825361E-03   2.88683402E-01
    12     2.1544E-01  -6.10780382E+01 +/-   1.69885121E-03   2.88886608E-01
    13     4.6416E-02  -6.10780408E+01 +/-   1.69901266E-03   2.88941519E-01
    14     1.0000E-02  -6.10780413E+01 +/-   1.69904920E-03   2.88953948E-01
    15     2.1544E-03  -6.10780414E+01 +/-   1.69905716E-03   2.88956655E-01
    16     4.6416E-04  -6.10780415E+01 +/-   1.69905888E-03   2.88957239E-01
    17     1.0000E-04  -6.10780415E+01 +/-   1.69905925E-03   2.88957365E-01
    18     2.1544E-05  -6.10780415E+01 +/-   1.69905933E-03   2.88957393E-01
    19     4.6416E-06  -6.10780415E+01 +/-   1.69905934E-03   2.88957398E-01
    20     1.0000E-06  -6.10780415E+01 +/-   1.69905935E-03   2.88957400E-01
    21     0.0000E+00  -6.10780415E+01 +/-   1.69905935E-03   2.88957400E-01
* Iteration # 1: E =  -6.107804147602E+01 +/-   1.699059348432E-03
* Computing derivatives.
    [walltime: 1m elapsed, 2m26s remaining]
  Done. [total walltime: 3m26s]
* Optimizing manipulation constant:
  #igrid a___________ E____________________________________ varE____________
     1     Infinity    -6.10780415E+01 +/-   1.69905935E-03   2.88957400E-01
     2     1.0000E+06  -6.10780415E+01 +/-   1.69905932E-03   2.88957391E-01
     3     2.1544E+05  -6.10780415E+01 +/-   1.69905923E-03   2.88957359E-01
     4     4.6416E+04  -6.10780415E+01 +/-   1.69905879E-03   2.88957210E-01
     5     1.0000E+04  -6.10780415E+01 +/-   1.69905676E-03   2.88956519E-01
     6     2.1544E+03  -6.10780415E+01 +/-   1.69904739E-03   2.88953333E-01
     7     4.6416E+02  -6.10780414E+01 +/-   1.69900522E-03   2.88938990E-01
     8     1.0000E+02  -6.10780410E+01 +/-   1.69883474E-03   2.88881007E-01
     9     2.1544E+01  -6.10780392E+01 +/-   1.69838702E-03   2.88728760E-01
    10     4.6416E+00  -6.10780347E+01 +/-   1.69814202E-03   2.88645467E-01
    11     1.0000E+00  -6.10780304E+01 +/-   1.69851230E-03   2.88771358E-01
    12     2.1544E-01  -6.10780287E+01 +/-   1.69876922E-03   2.88858726E-01
    13     4.6416E-02  -6.10780282E+01 +/-   1.69884362E-03   2.88884027E-01
    14     1.0000E-02  -6.10780281E+01 +/-   1.69886077E-03   2.88889859E-01
    15     2.1544E-03  -6.10780281E+01 +/-   1.69886452E-03   2.88891135E-01
    16     4.6416E-04  -6.10780281E+01 +/-   1.69886533E-03   2.88891410E-01
    17     1.0000E-04  -6.10780281E+01 +/-   1.69886550E-03   2.88891470E-01
    18     2.1544E-05  -6.10780281E+01 +/-   1.69886554E-03   2.88891482E-01
    19     4.6416E-06  -6.10780281E+01 +/-   1.69886555E-03   2.88891485E-01
    20     1.0000E-06  -6.10780281E+01 +/-   1.69886555E-03   2.88891486E-01
    21     0.0000E+00  -6.10780281E+01 +/-   1.69886555E-03   2.88891486E-01
* Iteration # 2: E =  -6.107804095989E+01 +/-   1.698834740924E-03
* Convergence: exiting.
* After optimization:
  -3.4830E-01   1.0594E-02   2.5592E-02   1.3083E-02   8.6481E-03   1.4600E-03
   3.3457E-03   1.1245E-03  -6.0239E-04   4.2425E-04  -1.2929E-04  -1.5333E-05
   4.6708E-03  -2.0046E-02  -3.7114E-03  -2.1816E-02  -3.6902E-03  -9.1177E-03
  -2.8265E-03  -5.7334E-03  -6.3613E-04  -9.4531E-04  -1.1230E-03  -2.0430E-03
  -2.6577E-04  -8.4287E-04  -3.6610E-04   9.6195E-04   4.0575E-05  -5.0084E-04
   9.0246E-05   1.9008E-04   8.1512E-01   1.5620E-01  -4.6876E-02  -1.4340E-02
  -1.1499E-02   1.1525E-02   2.3718E-03   2.0161E-03   1.4216E-03   2.5674E-03
  -4.1889E-03  -5.6927E-03   1.4240E-01  -2.6049E-02  -9.2912E-03  -1.6136E-02
   1.0309E-02   6.3583E-03   1.4161E-03   7.7952E-03   3.1535E-03  -6.7151E-03
  -1.9397E-03   1.4971E-01  -9.9802E-02  -1.8990E-02   1.5420E-03   1.2367E-02
  -9.8206E-03   5.3279E-03  -2.2831E-03   3.8327E-03  -1.8080E-03  -8.0049E-03
   1.5476E-01  -7.5986E-02  -1.1951E-02  -5.6235E-03   1.1065E-02  -5.4328E-03
   4.5642E-03   6.0761E-03   4.3270E-03  -4.7161E-03  -3.6223E-03
  > Energy =  -6.107804095989E+01 +/-   1.698834740924E-03
  > varE =   2.888810074869E-01

VMC #4:
* Size of Hilbert space =   1.5980E+28
* Number of equil. steps   = 1000
* Running VMC equilibration.
  Done. [total walltime: 2.86s]
* Equil. acc.ratio (%)     =  31.9831
* Sample config after equilibration:
  +-------------------+
  |  d   0   2   u   d|
  |0   u   d   u   d  |
  |  2   d   d   u   u|
  |2   d   0   2   u  |
  |  0   u   u   d   2|
  |u   0   2   d   0  |
  |  u   0   0   2   u|
  |2   2   d   u   0  |
  |  d   d   2   d   u|
  |u   2   0   0   d  |
  +-------------------+
* Number of accum. steps   = 500480 x 10
* Running VMC accumulation.
    [walltime: 1m elapsed, 8.93s remaining]
  Done. [total walltime: 1m8s]
* Acceptance ratio (%)     =  31.9821
* Etot/t                   =  -6.107723179759E+01 +/-   7.712483513510E-04
  > Ttot/t                 =  -8.145980852393E+01 +/-   5.306487526719E-03
  > Utot/t                 =   2.038257672634E+01 +/-   5.265552855601E-03
* var[Eloc/t]              =   3.043213649023E-01 +/-   3.263055825461E-03
* Correlation length       =   9.782340630462E-01
* log10 Psi^2 range: 40.578341499301608 -- 54.075307318399489
* log10 Pgen range : 40.578341499301608 -- 54.075307318399489
* Site occupation (ave. no. electrons per config.):
  > Site_  ___eu____  ___ed____
      1        0.501      0.501
      2        0.502      0.500
      3        0.501      0.501
      4        0.499      0.499
      5        0.500      0.500
      6        0.500      0.500
      7        0.504      0.497
      8        0.501      0.502
      9        0.502      0.499
     10        0.500      0.500
     11        0.499      0.499
     12        0.500      0.501
     13        0.498      0.500
     14        0.500      0.501
     15        0.504      0.498
     16        0.501      0.497
     17        0.498      0.502
     18        0.500      0.501
     19        0.500      0.500
     20        0.499      0.500
     21        0.500      0.501
     22        0.501      0.501
     23        0.498      0.502
     24        0.501      0.500
     25        0.498      0.499
     26        0.498      0.501
     27        0.499      0.501
     28        0.499      0.500
     29        0.500      0.500
     30        0.500      0.500
     31        0.501      0.497
     32        0.499      0.499
     33        0.499      0.500
     34        0.502      0.498
     35        0.500      0.503
     36        0.501      0.499
     37        0.501      0.497
     38        0.500      0.500
     39        0.500      0.501
     40        0.501      0.500
     41        0.500      0.503
     42        0.501      0.500
     43        0.499      0.502
     44        0.496      0.500
     45        0.500      0.500
     46        0.499      0.501
     47        0.500      0.500
     48        0.500      0.504
     49        0.501      0.500
     50        0.498      0.497
* Pair-correlation analysis (ave. no. pairs per config.):
  > Shell  nsite  ___dh____  __eueu___  __eued___
      0      1        0          0         10.190
      1      4       12.131     40.804     52.480
      2      4        8.565     50.405     49.082
      3      4        8.452     50.274     49.457
      4      8       17.398     96.932    101.541
      5      4        8.392     50.223     49.595
      6      4        8.378     49.666     50.198
      7      8       16.716    100.386     99.400
      8      4        8.539     48.967     50.568
      9      4        8.348     50.096     49.827
     10      4        8.343     49.792     50.141
     11      1        2.090     12.456     12.522

Optimization #4:
* Method          : lls
* Target function : energy
* No. of configs. : 100096
* No. of params.  : 77
* Before optimization:
  -3.4830E-01   1.0594E-02   2.5592E-02   1.3083E-02   8.6481E-03   1.4600E-03
   3.3457E-03   1.1245E-03  -6.0239E-04   4.2425E-04  -1.2929E-04  -1.5333E-05
   4.6708E-03  -2.0046E-02  -3.7114E-03  -2.1816E-02  -3.6902E-03  -9.1177E-03
  -2.8265E-03  -5.7334E-03  -6.3613E-04  -9.4531E-04  -1.1230E-03  -2.0430E-03
  -2.6577E-04  -8.4287E-04  -3.6610E-04   9.6195E-04   4.0575E-05  -5.0084E-04
   9.0246E-05   1.9008E-04   8.1512E-01   1.5620E-01  -4.6876E-02  -1.4340E-02
  -1.1499E-02   1.1525E-02   2.3718E-03   2.0161E-03   1.4216E-03   2.5674E-03
  -4.1889E-03  -5.6927E-03   1.4240E-01  -2.6049E-02  -9.2912E-03  -1.6136E-02
   1.0309E-02   6.3583E-03   1.4161E-03   7.7952E-03   3.1535E-03  -6.7151E-03
  -1.9397E-03   1.4971E-01  -9.9802E-02  -1.8990E-02   1.5420E-03   1.2367E-02
  -9.8206E-03   5.3279E-03  -2.2831E-03   3.8327E-03  -1.8080E-03  -8.0049E-03
   1.5476E-01  -7.5986E-02  -1.1951E-02  -5.6235E-03   1.1065E-02  -5.4328E-03
   4.5642E-03   6.0761E-03   4.3270E-03  -4.7161E-03  -3.6223E-03
  > E    =  -6.107784381445E+01 +/-   1.753748541310E-03
  > varE =   3.078586554737E-01
* Computing derivatives.
    [walltime: 1m elapsed, 2m23s remaining]
  Done. [total walltime: 3m24s]
* Optimizing manipulation constant:
  #igrid a___________ E____________________________________ varE____________
     1     Infinity    -6.10778438E+01 +/-   1.75374854E-03   3.07858655E-01
     2     1.0000E+06  -6.10778438E+01 +/-   1.75374832E-03   3.07858576E-01
     3     2.1544E+05  -6.10778438E+01 +/-   1.75374749E-03   3.07858288E-01
     4     4.6416E+04  -6.10778440E+01 +/-   1.75374369E-03   3.07856951E-01
     5     1.0000E+04  -6.10778445E+01 +/-   1.75372602E-03   3.07850750E-01
     6     2.1544E+03  -6.10778468E+01 +/-   1.75364454E-03   3.07822143E-01
     7     4.6416E+02  -6.10778575E+01 +/-   1.75327652E-03   3.07692957E-01
     8     1.0000E+02  -6.10779007E+01 +/-   1.75176328E-03   3.07162050E-01
     9     2.1544E+01  -6.10780172E+01 +/-   1.74737306E-03   3.05624380E-01
    10     4.6416E+00  -6.10781238E+01 +/-   1.74191564E-03   3.03718298E-01
    11     1.0000E+00  -6.10781256E+01 +/-   1.73959739E-03   3.02910423E-01
    12     2.1544E-01  -6.10781125E+01 +/-   1.73903900E-03   3.02715992E-01
    13     4.6416E-02  -6.10781083E+01 +/-   1.73891650E-03   3.02673347E-01
    14     1.0000E-02  -6.10781073E+01 +/-   1.73888999E-03   3.02664117E-01
    15     2.1544E-03  -6.10781071E+01 +/-   1.73888427E-03   3.02662127E-01
    16     4.6416E-04  -6.10781070E+01 +/-   1.73888304E-03   3.02661698E-01
    17     1.0000E-04  -6.10781070E+01 +/-   1.73888277E-03   3.02661605E-01
    18     2.1544E-05  -6.10781070E+01 +/-   1.73888271E-03   3.02661586E-01
    19     4.6416E-06  -6.10781070E+01 +/-   1.73888270E-03   3.02661581E-01
    20     1.0000E-06  -6.10781070E+01 +/-   1.73888270E-03   3.02661580E-01
    21     0.0000E+00  -6.10781070E+01 +/-   1.73888270E-03   3.02661580E-01
* Iteration # 1: E =  -6.107812555176E+01 +/-   1.739597388625E-03
* Diminishing returns: exiting.
* After optimization:
  -3.6431E-01   1.0137E-02   2.6395E-02   1.3104E-02   8.4295E-03   1.8866E-03
   3.4724E-03   1.2148E-03  -4.1351E-04   4.7377E-04  -2.1993E-05  -1.9086E-04
   4.5971E-03  -1.9692E-02  -4.2478E-03  -2.1827E-02  -3.9613E-03  -8.9685E-03
  -2.8748E-03  -5.2611E-03  -1.2654E-03  -8.3112E-04  -1.5278E-03  -2.0807E-03
  -6.0852E-04  -6.6614E-04  -7.0922E-04   1.5696E-03   3.2688E-05  -4.3173E-04
  -1.1944E-04   3.4505E-04   8.0247E-01   1.5957E-01  -4.5791E-02  -1.0439E-02
  -1.5874E-02   7.7377E-03   9.8839E-04   4.2796E-03   6.7619E-03   7.5073E-03
  -7.9276E-03  -1.7944E-03   1.4276E-01  -2.4282E-02  -5.4215E-03  -1.9348E-02
   5.3824E-03   3.2420E-03   2.9193E-03   1.1745E-02   5.1862E-03  -1.1653E-02
  -2.2100E-03   1.5235E-01  -1.0433E-01  -2.5991E-02   5.1212E-03   1.1161E-02
  -2.9312E-03   4.6309E-03  -3.0558E-03   2.4905E-03  -9.9215E-04   2.4157E-03
   1.5415E-01  -7.9940E-02  -1.8884E-02  -9.8413E-04   8.4282E-03  -3.6882E-04
   3.2362E-03   3.3159E-03   3.9374E-04  -5.5271E-03   2.1279E-03
  > Energy =  -6.107812555176E+01 +/-   1.739597388625E-03
  > varE =   3.029104225621E-01

VMC #5:
* Size of Hilbert space =   1.5980E+28
* Number of equil. steps   = 1000
* Running VMC equilibration.
  Done. [total walltime: 2.86s]
* Equil. acc.ratio (%)     =  31.9905
* Sample config after equilibration:
  +-------------------+
  |  d   d   0   2   u|
  |2   u   2   d   0  |
  |  0   d   0   u   d|
  |2   u   d   d   u  |
  |  0   d   u   d   d|
  |u   d   u   u   u  |
  |  0   2   d   u   u|
  |0   u   2   u   0  |
  |  2   0   0   2   d|
  |d   u   2   d   2  |
  +-------------------+
* Number of accum. steps   = 500480 x 10
* Running VMC accumulation.
    [walltime: 1m elapsed, 8.81s remaining]
  Done. [total walltime: 1m8s]
* Acceptance ratio (%)     =  31.9854
* Etot/t                   =  -6.107750171583E+01 +/-   7.843463337662E-04
  > Ttot/t                 =  -8.146378688207E+01 +/-   5.482811389840E-03
  > Utot/t                 =   2.038628516624E+01 +/-   5.409168780761E-03
* var[Eloc/t]              =   3.056930253303E-01 +/-   7.884846023607E-03
* Correlation length       =   1.007202833351E+00
* log10 Psi^2 range: 39.938723046469867 -- 55.484815307090244
* log10 Pgen range : 39.938723046469867 -- 55.484815307090244
* Site occupation (ave. no. electrons per config.):
  > Site_  ___eu____  ___ed____
      1        0.498      0.501
      2        0.503      0.499
      3        0.502      0.499
      4        0.501      0.500
      5        0.499      0.499
      6        0.500      0.500
      7        0.501      0.499
      8        0.500      0.497
      9        0.499      0.497
     10        0.500      0.499
     11        0.500      0.501
     12        0.500      0.499
     13        0.498      0.502
     14        0.500      0.502
     15        0.499      0.500
     16        0.498      0.498
     17        0.498      0.501
     18        0.498      0.501
     19        0.502      0.500
     20        0.499      0.501
     21        0.501      0.499
     22        0.501      0.498
     23        0.500      0.501
     24        0.496      0.501
     25        0.502      0.498
     26        0.502      0.500
     27        0.499      0.499
     28        0.503      0.500
     29        0.498      0.502
     30        0.499      0.500
     31        0.503      0.497
     32        0.498      0.503
     33        0.502      0.501
     34        0.503      0.499
     35        0.502      0.499
     36        0.502      0.499
     37        0.500      0.502
     38        0.499      0.501
     39        0.502      0.499
     40        0.502      0.501
     41        0.500      0.501
     42        0.498      0.502
     43        0.499      0.502
     44        0.502      0.502
     45        0.498      0.500
     46        0.498      0.499
     47        0.499      0.502
     48        0.500      0.499
     49        0.497      0.500
     50        0.499      0.502
* Pair-correlation analysis (ave. no. pairs per config.):
  > Shell  nsite  ___dh____  __eueu___  __eued___
      0      1        0          0         10.187
      1      4       12.136     40.781     52.485
      2      4        8.563     50.421     49.073
      3      4        8.428     50.290     49.461
      4      8       17.367     96.939    101.560
      5      4        8.381     50.246     49.599
      6      4        8.369     49.655     50.211
      7      8       16.730    100.383     99.357
      8      4        8.553     48.955     50.567
      9      4        8.335     50.115     49.818
     10      4        8.340     49.766     50.159
     11      1        2.091     12.449     12.523

Optimization #5:
* Method          : lls
* Target function : energy
* No. of configs. : 100096
* No. of params.  : 77
* Before optimization:
  -3.6431E-01   1.0137E-02   2.6395E-02   1.3104E-02   8.4295E-03   1.8866E-03
   3.4724E-03   1.2148E-03  -4.1351E-04   4.7377E-04  -2.1993E-05  -1.9086E-04
   4.5971E-03  -1.9692E-02  -4.2478E-03  -2.1827E-02  -3.9613E-03  -8.9685E-03
  -2.8748E-03  -5.2611E-03  -1.2654E-03  -8.3112E-04  -1.5278E-03  -2.0807E-03
  -6.0852E-04  -6.6614E-04  -7.0922E-04   1.5696E-03   3.2688E-05  -4.3173E-04
  -1.1944E-04   3.4505E-04   8.0247E-01   1.5957E-01  -4.5791E-02  -1.0439E-02
  -1.5874E-02   7.7377E-03   9.8839E-04   4.2796E-03   6.7619E-03   7.5073E-03
  -7.9276E-03  -1.7944E-03   1.4276E-01  -2.4282E-02  -5.4215E-03  -1.9348E-02
   5.3824E-03   3.2420E-03   2.9193E-03   1.1745E-02   5.1862E-03  -1.1653E-02
  -2.2100E-03   1.5235E-01  -1.0433E-01  -2.5991E-02   5.1212E-03   1.1161E-02
  -2.9312E-03   4.6309E-03  -3.0558E-03   2.4905E-03  -9.9215E-04   2.4157E-03
   1.5415E-01  -7.9940E-02  -1.8884E-02  -9.8413E-04   8.4282E-03  -3.6882E-04
   3.2362E-03   3.3159E-03   3.9374E-04  -5.5271E-03   2.1279E-03
  > E    =  -6.107973591457E+01 +/-   1.789182948431E-03
  > varE =   3.204248751553E-01
* Computing derivatives.
    [walltime: 1m elapsed, 2m25s remaining]
  Done. [total walltime: 3m26s]
* Optimizing manipulation constant:
  #igrid a___________ E____________________________________ varE____________
     1     Infinity    -6.10797359E+01 +/-   1.78918295E-03   3.20424875E-01
     2     1.0000E+06  -6.10797359E+01 +/-   1.78918274E-03   3.20424801E-01
     3     2.1544E+05  -6.10797359E+01 +/-   1.78918198E-03   3.20424529E-01
     4     4.6416E+04  -6.10797360E+01 +/-   1.78917846E-03   3.20423268E-01
     5     1.0000E+04  -6.10797365E+01 +/-   1.78916215E-03   3.20417425E-01
     6     2.1544E+03  -6.10797385E+01 +/-   1.78908683E-03   3.20390449E-01
     7     4.6416E+02  -6.10797477E+01 +/-   1.78874598E-03   3.20268379E-01
     8     1.0000E+02  -6.10797851E+01 +/-   1.78733182E-03   3.19762180E-01
     9     2.1544E+01  -6.10798858E+01 +/-   1.78310119E-03   3.18250213E-01
    10     4.6416E+00  -6.10799646E+01 +/-   1.77756107E-03   3.16275669E-01
    11     1.0000E+00  -6.10799313E+01 +/-   1.77532989E-03   3.15482193E-01
    12     2.1544E-01  -6.10799000E+01 +/-   1.77495822E-03   3.15350114E-01
    13     4.6416E-02  -6.10798906E+01 +/-   1.77490312E-03   3.15330534E-01
    14     1.0000E-02  -6.10798884E+01 +/-   1.77489294E-03   3.15326919E-01
    15     2.1544E-03  -6.10798879E+01 +/-   1.77489083E-03   3.15326170E-01
    16     4.6416E-04  -6.10798878E+01 +/-   1.77489038E-03   3.15326010E-01
    17     1.0000E-04  -6.10798878E+01 +/-   1.77489029E-03   3.15325976E-01
    18     2.1544E-05  -6.10798878E+01 +/-   1.77489027E-03   3.15325969E-01
    19     4.6416E-06  -6.10798878E+01 +/-   1.77489026E-03   3.15325967E-01
    20     1.0000E-06  -6.10798878E+01 +/-   1.77489026E-03   3.15325967E-01
    21     0.0000E+00  -6.10798878E+01 +/-   1.77489026E-03   3.15325967E-01
  ParMin   3.0100E+00  -6.10799619E+01 +/-   1.77657175E-03   3.15923715E-01
  # Using parabolic minimum
* Iteration # 1: E =  -6.107996186636E+01 +/-   1.776571753329E-03
* Diminishing returns: exiting.
* After optimization:
  -3.8389E-01   1.3708E-02   2.7177E-02   1.3991E-02   9.1486E-03   2.0299E-03
   4.0401E-03   1.7220E-03   2.4855E-04   6.9687E-04   2.7868E-04   8.3994E-05
   2.3163E-03  -2.0061E-02  -4.6073E-03  -2.2368E-02  -4.2783E-03  -9.4195E-03
  -3.1338E-03  -5.5335E-03  -1.2107E-03  -8.8904E-04  -1.7418E-03  -2.3472E-03
  -8.9376E-04  -1.0033E-03  -1.1818E-03   9.0424E-04  -9.3024E-05  -4.3236E-04
  -2.6813E-04   3.4164E-04   7.9926E-01   1.4198E-01  -4.2453E-02  -9.6098E-03
  -1.4853E-02   1.4592E-02  -1.5402E-03   5.1106E-03  -2.6194E-03   9.8440E-03
  -7.7687E-03  -1.1841E-02   1.2714E-01  -2.1740E-02  -4.4204E-03  -1.7764E-02
   1.2243E-02   1.9740E-03   5.2203E-03   2.9307E-03   8.1042E-03  -9.1130E-03
  -1.2804E-02   1.3546E-01  -9.8399E-02  -2.4447E-02   5.5331E-03   1.5775E-02
  -3.4366E-03   4.5722E-03  -1.1022E-02  -3.5274E-03   3.7183E-03   7.1601E-03
   1.3766E-01  -7.5077E-02  -1.7900E-02   3.7568E-04   1.3533E-02   2.3145E-04
   5.0942E-03  -3.5633E-03  -4.8642E-03   1.5964E-03   4.8562E-03
  > Energy =  -6.107996186636E+01 +/-   1.776571753329E-03
  > varE =   3.159237153634E-01

VMC #6:
* Size of Hilbert space =   1.5980E+28
* Number of equil. steps   = 1000
* Running VMC equilibration.
  Done. [total walltime: 2.85s]
* Equil. acc.ratio (%)     =  31.9858
* Sample config after equilibration:
  +-------------------+
  |  d   2   0   u   d|
  |u   u   0   2   2  |
  |  0   d   u   d   d|
  |0   2   2   d   2  |
  |  d   0   u   0   2|
  |0   2   u   d   2  |
  |  d   d   d   0   u|
  |u   u   0   u   u  |
  |  d   2   u   2   d|
  |u   0   u   d   0  |
  +-------------------+
* Number of accum. steps   = 500480 x 10
* Running VMC accumulation.
    [walltime: 1m elapsed, 8.80s remaining]
  Done. [total walltime: 1m8s]
* Acceptance ratio (%)     =  31.9735
* Etot/t                   =  -6.107899034635E+01 +/-   7.628355767513E-04
  > Ttot/t                 =  -8.144746461106E+01 +/-   5.308902717475E-03
  > Utot/t                 =   2.036847426471E+01 +/-   5.255712433848E-03
* var[Eloc/t]              =   2.961892666514E-01 +/-   7.133278111065E-03
* Correlation length       =   9.832847171255E-01
* log10 Psi^2 range: 38.643603216702417 -- 54.897360159341517
* log10 Pgen range : 38.643603216702417 -- 54.897360159341517
* Site occupation (ave. no. electrons per config.):
  > Site_  ___eu____  ___ed____
      1        0.499      0.499
      2        0.499      0.501
      3        0.500      0.498
      4        0.500      0.501
      5        0.498      0.499
      6        0.500      0.500
      7        0.503      0.501
      8        0.503      0.500
      9        0.499      0.504
     10        0.500      0.500
     11        0.500      0.498
     12        0.499      0.500
     13        0.501      0.500
     14        0.502      0.497
     15        0.499      0.502
     16        0.502      0.498
     17        0.500      0.502
     18        0.499      0.500
     19        0.500      0.502
     20        0.502      0.501
     21        0.501      0.500
     22        0.499      0.498
     23        0.502      0.499
     24        0.499      0.501
     25        0.500      0.500
     26        0.499      0.503
     27        0.503      0.498
     28        0.497      0.499
     29        0.503      0.498
     30        0.499      0.500
     31        0.500      0.503
     32        0.500      0.499
     33        0.500      0.501
     34        0.498      0.502
     35        0.499      0.501
     36        0.500      0.498
     37        0.499      0.501
     38        0.500      0.502
     39        0.499      0.500
     40        0.502      0.498
     41        0.501      0.498
     42        0.498      0.500
     43        0.497      0.502
     44        0.500      0.499
     45        0.500      0.498
     46        0.498      0.501
     47        0.502      0.500
     48        0.500      0.499
     49        0.501      0.499
     50        0.500      0.502
* Pair-correlation analysis (ave. no. pairs per config.):
  > Shell  nsite  ___dh____  __eueu___  __eued___
      0      1        0          0         10.184
      1      4       12.120     40.804     52.488
      2      4        8.536     50.425     49.096
      3      4        8.438     50.268     49.454
      4      8       17.375     96.918    101.544
      5      4        8.386     50.235     49.592
      6      4        8.346     49.681     50.207
      7      8       16.724    100.365     99.364
      8      4        8.531     48.959     50.584
      9      4        8.343     50.108     49.801
     10      4        8.331     49.780     50.154
     11      1        2.082     12.455     12.532

Optimization #6:
* Method          : lls
* Target function : energy
* No. of configs. : 100096
* No. of params.  : 77
* Before optimization:
  -3.8389E-01   1.3708E-02   2.7177E-02   1.3991E-02   9.1486E-03   2.0299E-03
   4.0401E-03   1.7220E-03   2.4855E-04   6.9687E-04   2.7868E-04   8.3994E-05
   2.3163E-03  -2.0061E-02  -4.6073E-03  -2.2368E-02  -4.2783E-03  -9.4195E-03
  -3.1338E-03  -5.5335E-03  -1.2107E-03  -8.8904E-04  -1.7418E-03  -2.3472E-03
  -8.9376E-04  -1.0033E-03  -1.1818E-03   9.0424E-04  -9.3024E-05  -4.3236E-04
  -2.6813E-04   3.4164E-04   7.9926E-01   1.4198E-01  -4.2453E-02  -9.6098E-03
  -1.4853E-02   1.4592E-02  -1.5402E-03   5.1106E-03  -2.6194E-03   9.8440E-03
  -7.7687E-03  -1.1841E-02   1.2714E-01  -2.1740E-02  -4.4204E-03  -1.7764E-02
   1.2243E-02   1.9740E-03   5.2203E-03   2.9307E-03   8.1042E-03  -9.1130E-03
  -1.2804E-02   1.3546E-01  -9.8399E-02  -2.4447E-02   5.5331E-03   1.5775E-02
  -3.4366E-03   4.5722E-03  -1.1022E-02  -3.5274E-03   3.7183E-03   7.1601E-03
   1.3766E-01  -7.5077E-02  -1.7900E-02   3.7568E-04   1.3533E-02   2.3145E-04
   5.0942E-03  -3.5633E-03  -4.8642E-03   1.5964E-03   4.8562E-03
  > E    =  -6.107917225657E+01 +/-   1.807106129449E-03
  > varE =   3.268767570354E-01
* Computing derivatives.
    [walltime: 1m elapsed, 2m25s remaining]
  Done. [total walltime: 3m25s]
* Optimizing manipulation constant:
  #igrid a___________ E____________________________________ varE____________
     1     Infinity    -6.10791723E+01 +/-   1.80710613E-03   3.26876757E-01
     2     1.0000E+06  -6.10791723E+01 +/-   1.80710552E-03   3.26876535E-01
     3     2.1544E+05  -6.10791723E+01 +/-   1.80710328E-03   3.26875726E-01
     4     4.6416E+04  -6.10791724E+01 +/-   1.80709291E-03   3.26871974E-01
     5     1.0000E+04  -6.10791731E+01 +/-   1.80704483E-03   3.26854581E-01
     6     2.1544E+03  -6.10791761E+01 +/-   1.80682307E-03   3.26774364E-01
     7     4.6416E+02  -6.10791893E+01 +/-   1.80582317E-03   3.26412789E-01
     8     1.0000E+02  -6.10792393E+01 +/-   1.80173753E-03   3.24937455E-01
     9     2.1544E+01  -6.10793368E+01 +/-   1.79000820E-03   3.20720533E-01
    10     4.6416E+00  -6.10792960E+01 +/-   1.77444483E-03   3.15167716E-01
    11     1.0000E+00  -6.10791389E+01 +/-   1.76546247E-03   3.11984991E-01
    12     2.1544E-01  -6.10790648E+01 +/-   1.76247888E-03   3.10931387E-01
    13     4.6416E-02  -6.10790451E+01 +/-   1.76174397E-03   3.10672140E-01
    14     1.0000E-02  -6.10790407E+01 +/-   1.76158047E-03   3.10614477E-01
    15     2.1544E-03  -6.10790397E+01 +/-   1.76154499E-03   3.10601967E-01
    16     4.6416E-04  -6.10790395E+01 +/-   1.76153733E-03   3.10599267E-01
    17     1.0000E-04  -6.10790395E+01 +/-   1.76153568E-03   3.10598685E-01
    18     2.1544E-05  -6.10790395E+01 +/-   1.76153533E-03   3.10598560E-01
    19     4.6416E-06  -6.10790395E+01 +/-   1.76153525E-03   3.10598533E-01
    20     1.0000E-06  -6.10790395E+01 +/-   1.76153524E-03   3.10598527E-01
    21     0.0000E+00  -6.10790395E+01 +/-   1.76153523E-03   3.10598526E-01
  ParMin   9.3594E+00  -6.10793450E+01 +/-   1.78115583E-03   3.17556170E-01
  # Using parabolic minimum
* Iteration # 1: E =  -6.107934499436E+01 +/-   1.781155827282E-03
* Diminishing returns: exiting.
* After optimization:
  -3.8375E-01   1.3941E-02   2.7276E-02   1.4269E-02   9.5005E-03   2.2708E-03
   3.8875E-03   1.8787E-03   2.9495E-04   4.7396E-04   3.6410E-04  -3.4928E-05
   2.3281E-03  -2.0418E-02  -4.6344E-03  -2.2444E-02  -4.4387E-03  -9.5467E-03
  -3.2853E-03  -5.7506E-03  -1.3669E-03  -1.0424E-03  -1.5980E-03  -2.2320E-03
  -8.8860E-04  -1.0778E-03  -1.1559E-03   9.2730E-04  -7.7438E-05  -5.4836E-04
  -3.4975E-04   9.4983E-05   7.9932E-01   1.4301E-01  -4.2809E-02  -8.9796E-03
  -1.3740E-02   1.5610E-02   2.9075E-03   3.2728E-03  -1.6833E-03  -1.7865E-03
   1.1449E-03  -2.5850E-03   1.2768E-01  -2.3004E-02  -4.4982E-03  -1.7799E-02
   1.3508E-02   4.9576E-03   1.6923E-03   3.0853E-03  -1.1349E-03  -8.8670E-04
   1.9193E-03   1.3634E-01  -9.5958E-02  -2.0524E-02   3.6650E-03   1.6862E-02
  -3.8462E-03   5.9665E-03  -8.7657E-03  -8.1871E-04   2.6981E-03  -4.8295E-03
   1.3825E-01  -7.3494E-02  -1.5189E-02  -2.5480E-03   1.4663E-02  -1.8670E-03
   4.0627E-03  -2.2652E-03   5.1644E-04   7.3549E-05  -2.5973E-04
  > Energy =  -6.107934499436E+01 +/-   1.781155827282E-03
  > varE =   3.175561696497E-01

VMC #7:
* Size of Hilbert space =   1.5980E+28
* Number of equil. steps   = 1000
* Running VMC equilibration.
  Done. [total walltime: 2.85s]
* Equil. acc.ratio (%)     =  32.0071
* Sample config after equilibration:
  +-------------------+
  |  2   d   u   0   u|
  |2   0   d   u   d  |
  |  d   2   2   u   u|
  |u   0   u   d   2  |
  |  2   u   u   d   d|
  |d   d   d   0   0  |
  |  u   u   d   u   2|
  |d   2   2   d   2  |
  |  u   0   0   u   0|
  |d   0   u   0   d  |
  +-------------------+
* Number of accum. steps   = 500480 x 10
* Running VMC accumulation.
    [walltime: 1m elapsed, 8.72s remaining]
  Done. [total walltime: 1m8s]
* Acceptance ratio (%)     =  31.9769
* Etot/t                   =  -6.107832678102E+01 +/-   7.722577045631E-04
  > Ttot/t                 =  -8.143486850097E+01 +/-   5.277414349659E-03
  > Utot/t                 =   2.035654171995E+01 +/-   5.218078633548E-03
* var[Eloc/t]              =   2.913972580321E-01 +/-   3.042677824485E-03
* Correlation length       =   1.024296681740E+00
* log10 Psi^2 range: 39.331713630337916 -- 52.942210817644195
* log10 Pgen range : 39.331713630337916 -- 52.942210817644195
* Site occupation (ave. no. electrons per config.):
  > Site_  ___eu____  ___ed____
      1        0.499      0.500
      2        0.500      0.499
      3        0.501      0.497
      4        0.499      0.500
      5        0.504      0.498
      6        0.499      0.500
      7        0.500      0.501
      8        0.500      0.499
      9        0.499      0.497
     10        0.499      0.500
     11        0.500      0.498
     12        0.503      0.500
     13        0.499      0.500
     14        0.498      0.501
     15        0.500      0.499
     16        0.500      0.501
     17        0.500      0.499
     18        0.502      0.499
     19        0.499      0.502
     20        0.502      0.501
     21        0.498      0.500
     22        0.501      0.501
     23        0.500      0.501
     24        0.498      0.502
     25        0.500      0.501
     26        0.500      0.499
     27        0.498      0.499
     28        0.498      0.502
     29        0.502      0.500
     30        0.499      0.501
     31        0.502      0.499
     32        0.503      0.501
     33        0.498      0.501
     34        0.502      0.498
     35        0.501      0.496
     36        0.502      0.500
     37        0.503      0.500
     38        0.498      0.500
     39        0.499      0.502
     40        0.499      0.499
     41        0.500      0.498
     42        0.501      0.501
     43        0.499      0.501
     44        0.500      0.502
     45        0.501      0.502
     46        0.498      0.502
     47        0.499      0.498
     48        0.499      0.500
     49        0.504      0.499
     50        0.498      0.502
* Pair-correlation analysis (ave. no. pairs per config.):
  > Shell  nsite  ___dh____  __eueu___  __eued___
      0      1        0          0         10.175
      1      4       12.102     40.801     52.488
      2      4        8.533     50.410     49.086
      3      4        8.422     50.276     49.448
      4      8       17.342     96.943    101.557
      5      4        8.377     50.225     49.590
      6      4        8.339     49.685     50.194
      7      8       16.688    100.323     99.408
      8      4        8.518     48.989     50.564
      9      4        8.313     50.101     49.838
     10      4        8.330     49.785     50.132
     11      1        2.080     12.462     12.520

Optimization #7:
* Method          : lls
* Target function : energy
* No. of configs. : 100096
* No. of params.  : 77
* Before optimization:
  -3.8375E-01   1.3941E-02   2.7276E-02   1.4269E-02   9.5005E-03   2.2708E-03
   3.8875E-03   1.8787E-03   2.9495E-04   4.7396E-04   3.6410E-04  -3.4928E-05
   2.3281E-03  -2.0418E-02  -4.6344E-03  -2.2444E-02  -4.4387E-03  -9.5467E-03
  -3.2853E-03  -5.7506E-03  -1.3669E-03  -1.0424E-03  -1.5980E-03  -2.2320E-03
  -8.8860E-04  -1.0778E-03  -1.1559E-03   9.2730E-04  -7.7438E-05  -5.4836E-04
  -3.4975E-04   9.4983E-05   7.9932E-01   1.4301E-01  -4.2809E-02  -8.9796E-03
  -1.3740E-02   1.5610E-02   2.9075E-03   3.2728E-03  -1.6833E-03  -1.7865E-03
   1.1449E-03  -2.5850E-03   1.2768E-01  -2.3004E-02  -4.4982E-03  -1.7799E-02
   1.3508E-02   4.9576E-03   1.6923E-03   3.0853E-03  -1.1349E-03  -8.8670E-04
   1.9193E-03   1.3634E-01  -9.5958E-02  -2.0524E-02   3.6650E-03   1.6862E-02
  -3.8462E-03   5.9665E-03  -8.7657E-03  -8.1871E-04   2.6981E-03  -4.8295E-03
   1.3825E-01  -7.3494E-02  -1.5189E-02  -2.5480E-03   1.4663E-02  -1.8670E-03
   4.0627E-03  -2.2652E-03   5.1644E-04   7.3549E-05  -2.5973E-04
  > E    =  -6.107774428121E+01 +/-   1.722978530542E-03
  > varE =   2.971504925524E-01
* Computing derivatives.
    [walltime: 1m1s elapsed, 2m26s remaining]
  Done. [total walltime: 3m26s]
* Optimizing manipulation constant:
  #igrid a___________ E____________________________________ varE____________
     1     Infinity    -6.10777443E+01 +/-   1.72297853E-03   2.97150493E-01
     2     1.0000E+06  -6.10777443E+01 +/-   1.72297821E-03   2.97150382E-01
     3     2.1544E+05  -6.10777443E+01 +/-   1.72297704E-03   2.97149979E-01
     4     4.6416E+04  -6.10777445E+01 +/-   1.72297162E-03   2.97148110E-01
     5     1.0000E+04  -6.10777451E+01 +/-   1.72294666E-03   2.97139500E-01
     6     2.1544E+03  -6.10777478E+01 +/-   1.72283476E-03   2.97100904E-01
     7     4.6416E+02  -6.10777546E+01 +/-   1.72240127E-03   2.96951413E-01
     8     1.0000E+02  -6.10776036E+01 +/-   1.72355317E-03   2.97348735E-01
     9     2.1544E+01  -6.10592102E+01 +/-   2.08355987E-03   4.34538932E-01
    10     4.6416E+00  -5.97780210E+01 +/-   1.01743957E-02   1.03617706E+01
    11     1.0000E+00  -3.43149248E+01 +/-   4.09307689E-02   1.67693616E+02
    12     2.1544E-01 (error)
    13     4.6416E-02 (error)
    14     1.0000E-02 (error)
    15     2.1544E-03 (error)
    16     4.6416E-04 (error)
    17     1.0000E-04 (error)
    18     2.1544E-05 (error)
    19     4.6416E-06 (error)
    20     1.0000E-06 (error)
    21     0.0000E+00 (error)
  ParMin   9.2710E+02  -6.10777514E+01 +/-   1.72266061E-03   2.97040843E-01
  # Using grid point #7
* Iteration # 1: E =  -6.107775455498E+01 +/-   1.722401267764E-03
* Diminishing returns: exiting.
* After optimization:
  -4.0191E-01   1.3919E-02   2.7246E-02   1.4249E-02   9.4881E-03   2.2527E-03
   3.8698E-03   1.8614E-03   2.7489E-04   4.5950E-04   3.4515E-04  -5.3727E-05
   2.3345E-03  -2.0401E-02  -4.6279E-03  -2.2429E-02  -4.4264E-03  -9.5441E-03
  -3.2821E-03  -5.7600E-03  -1.3531E-03  -1.0385E-03  -1.5858E-03  -2.2278E-03
  -8.7441E-04  -1.0730E-03  -1.1430E-03   9.3018E-04  -6.6300E-05  -5.4293E-04
  -3.3845E-04   9.6822E-05   8.0708E-01   1.4437E-01  -4.3316E-02  -9.1805E-03
  -1.3743E-02   1.5655E-02   2.8734E-03   3.2671E-03  -1.6517E-03  -1.5559E-03
   1.0249E-03  -2.8355E-03   1.2896E-01  -2.3325E-02  -4.6086E-03  -1.7848E-02
   1.3528E-02   5.0124E-03   1.7056E-03   3.1832E-03  -9.3810E-04  -1.0282E-03
   1.5975E-03   1.3620E-01  -9.5781E-02  -2.0606E-02   3.6284E-03   1.6865E-02
  -3.7134E-03   5.8621E-03  -8.7184E-03  -9.9144E-04   2.8171E-03  -4.4118E-03
   1.3819E-01  -7.3324E-02  -1.5197E-02  -2.6036E-03   1.4643E-02  -1.6556E-03
   4.0146E-03  -2.1987E-03   3.0144E-04   1.5540E-04   4.4139E-05
  > Energy =  -6.107775455498E+01 +/-   1.722401267764E-03
  > varE =   2.969514126679E-01

VMC #8:
* Size of Hilbert space =   1.5980E+28
* Number of equil. steps   = 1000
* Running VMC equilibration.
  Done. [total walltime: 2.85s]
* Equil. acc.ratio (%)     =  31.9884
* Sample config after equilibration:
  +-------------------+
  |  d   2   u   u   0|
  |2   0   u   d   2  |
  |  2   d   d   u   u|
  |d   0   0   u   0  |
  |  d   2   u   u   d|
  |0   u   0   d   2  |
  |  u   u   u   0   2|
  |0   d   2   2   d  |
  |  u   0   2   u   d|
  |d   2   0   d   d  |
  +-------------------+
* Number of accum. steps   = 500480 x 10
* Running VMC accumulation.
    [walltime: 1m elapsed, 8.85s remaining]
  Done. [total walltime: 1m8s]
* Acceptance ratio (%)     =  31.9713
* Etot/t                   =  -6.107655772511E+01 +/-   7.640940493431E-04
  > Ttot/t                 =  -8.143603662537E+01 +/-   5.449302803785E-03
  > Utot/t                 =   2.035947890026E+01 +/-   5.383501411998E-03
* var[Eloc/t]              =   2.940702975431E-01 +/-   4.994550410669E-03
* Correlation length       =   9.936403085446E-01
* log10 Psi^2 range: 39.561245583818170 -- 54.105165275742941
* log10 Pgen range : 39.561245583818170 -- 54.105165275742941
* Site occupation (ave. no. electrons per config.):
  > Site_  ___eu____  ___ed____
      1        0.500      0.498
      2        0.499      0.502
      3        0.502      0.498
      4        0.498      0.500
      5        0.499      0.498
      6        0.500      0.501
      7        0.499      0.501
      8        0.500      0.501
      9        0.497      0.502
     10        0.501      0.502
     11        0.500      0.501
     12        0.500      0.499
     13        0.501      0.501
     14        0.500      0.498
     15        0.501      0.501
     16        0.502      0.500
     17        0.499      0.499
     18        0.497      0.502
     19        0.501      0.500
     20        0.500      0.499
     21        0.500      0.501
     22        0.499      0.499
     23        0.502      0.498
     24        0.498      0.500
     25        0.499      0.498
     26        0.501      0.499
     27        0.502      0.499
     28        0.500      0.499
     29        0.503      0.498
     30        0.500      0.501
     31        0.500      0.499
     32        0.499      0.501
     33        0.496      0.504
     34        0.501      0.500
     35        0.501      0.501
     36        0.502      0.498
     37        0.501      0.499
     38        0.498      0.502
     39        0.499      0.500
     40        0.501      0.499
     41        0.502      0.499
     42        0.500      0.501
     43        0.501      0.500
     44        0.501      0.498
     45        0.499      0.501
     46        0.500      0.498
     47        0.499      0.502
     48        0.498      0.499
     49        0.499      0.503
     50        0.503      0.497
* Pair-correlation analysis (ave. no. pairs per config.):
  > Shell  nsite  ___dh____  __eueu___  __eued___
      0      1        0          0         10.177
      1      4       12.104     40.787     52.508
      2      4        8.540     50.426     49.075
      3      4        8.414     50.290     49.448
      4      8       17.371     96.921    101.536
      5      4        8.379     50.242     49.580
      6      4        8.344     49.676     50.216
      7      8       16.691    100.344     99.403
      8      4        8.528     48.963     50.571
      9      4        8.320     50.120     49.816
     10      4        8.329     49.772     50.148
     11      1        2.083     12.459     12.522

Optimization #8:
* Method          : lls
* Target function : energy
* No. of configs. : 100096
* No. of params.  : 77
* Before optimization:
  -4.0191E-01   1.3919E-02   2.7246E-02   1.4249E-02   9.4881E-03   2.2527E-03
   3.8698E-03   1.8614E-03   2.7489E-04   4.5950E-04   3.4515E-04  -5.3727E-05
   2.3345E-03  -2.0401E-02  -4.6279E-03  -2.2429E-02  -4.4264E-03  -9.5441E-03
  -3.2821E-03  -5.7600E-03  -1.3531E-03  -1.0385E-03  -1.5858E-03  -2.2278E-03
  -8.7441E-04  -1.0730E-03  -1.1430E-03   9.3018E-04  -6.6300E-05  -5.4293E-04
  -3.3845E-04   9.6822E-05   8.0708E-01   1.4437E-01  -4.3316E-02  -9.1805E-03
  -1.3743E-02   1.5655E-02   2.8734E-03   3.2671E-03  -1.6517E-03  -1.5559E-03
   1.0249E-03  -2.8355E-03   1.2896E-01  -2.3325E-02  -4.6086E-03  -1.7848E-02
   1.3528E-02   5.0124E-03   1.7056E-03   3.1832E-03  -9.3810E-04  -1.0282E-03
   1.5975E-03   1.3620E-01  -9.5781E-02  -2.0606E-02   3.6284E-03   1.6865E-02
  -3.7134E-03   5.8621E-03  -8.7184E-03  -9.9144E-04   2.8171E-03  -4.4118E-03
   1.3819E-01  -7.3324E-02  -1.5197E-02  -2.6036E-03   1.4643E-02  -1.6556E-03
   4.0146E-03  -2.1987E-03   3.0144E-04   1.5540E-04   4.4139E-05
  > E    =  -6.107728058371E+01 +/-   1.681676553510E-03
  > varE =   2.830750945214E-01
* Computing derivatives.
    [walltime: 1m elapsed, 2m24s remaining]
  Done. [total walltime: 3m25s]
* Optimizing manipulation constant:
  #igrid a___________ E____________________________________ varE____________
     1     Infinity    -6.10772806E+01 +/-   1.68167655E-03   2.83075095E-01
     2     1.0000E+06  -6.10772806E+01 +/-   1.68167648E-03   2.83075071E-01
     3     2.1544E+05  -6.10772806E+01 +/-   1.68167623E-03   2.83074984E-01
     4     4.6416E+04  -6.10772807E+01 +/-   1.68167503E-03   2.83074582E-01
     5     1.0000E+04  -6.10772809E+01 +/-   1.68166950E-03   2.83072720E-01
     6     2.1544E+03  -6.10772821E+01 +/-   1.68164413E-03   2.83064179E-01
     7     4.6416E+02  -6.10772875E+01 +/-   1.68153266E-03   2.83026653E-01
     8     1.0000E+02  -6.10773086E+01 +/-   1.68113287E-03   2.82892090E-01
     9     2.1544E+01  -6.10773551E+01 +/-   1.68071462E-03   2.82751343E-01
    10     4.6416E+00  -6.10773443E+01 +/-   1.68368368E-03   2.83751215E-01
    11     1.0000E+00  -6.10772640E+01 +/-   1.68903152E-03   2.85556619E-01
    12     2.1544E-01  -6.10772229E+01 +/-   1.69156645E-03   2.86414400E-01
    13     4.6416E-02  -6.10772118E+01 +/-   1.69224734E-03   2.86645022E-01
    14     1.0000E-02  -6.10772093E+01 +/-   1.69240178E-03   2.86697345E-01
    15     2.1544E-03  -6.10772087E+01 +/-   1.69243544E-03   2.86708747E-01
    16     4.6416E-04  -6.10772086E+01 +/-   1.69244270E-03   2.86711209E-01
    17     1.0000E-04  -6.10772086E+01 +/-   1.69244427E-03   2.86711740E-01
    18     2.1544E-05  -6.10772086E+01 +/-   1.69244461E-03   2.86711854E-01
    19     4.6416E-06  -6.10772086E+01 +/-   1.69244468E-03   2.86711879E-01
    20     1.0000E-06  -6.10772086E+01 +/-   1.69244470E-03   2.86711884E-01
    21     0.0000E+00  -6.10772086E+01 +/-   1.69244470E-03   2.86711886E-01
  ParMin   1.5672E+01  -6.10773623E+01 +/-   1.68089912E-03   2.82813427E-01
  # Using parabolic minimum
* Iteration # 1: E =  -6.107736227175E+01 +/-   1.680899122681E-03
* Diminishing returns: exiting.
* After optimization:
  -3.9694E-01   1.2949E-02   2.7298E-02   1.4279E-02   9.6472E-03   2.3878E-03
   3.9732E-03   2.0585E-03   6.6254E-04   6.1977E-04   5.2545E-04   4.8325E-05
   3.1949E-03  -2.0183E-02  -4.7730E-03  -2.2446E-02  -4.4851E-03  -9.6089E-03
  -3.3640E-03  -5.8858E-03  -1.3921E-03  -1.1731E-03  -1.6751E-03  -2.2845E-03
  -9.5432E-04  -1.1447E-03  -1.2845E-03   6.9953E-04  -1.1512E-04  -5.7466E-04
  -4.1132E-04  -1.6764E-05   8.0696E-01   1.5025E-01  -4.6059E-02  -1.1034E-02
  -1.3702E-02   1.4883E-02   3.3005E-03   3.9197E-03  -2.4242E-03   1.3033E-04
  -1.5492E-03  -2.1221E-03   1.3562E-01  -2.5280E-02  -6.5931E-03  -1.8071E-02
   1.3158E-02   5.2653E-03   2.5026E-03   3.4997E-03   6.6188E-04  -3.6663E-03
   1.6584E-03   1.4272E-01  -9.8014E-02  -2.1283E-02   2.0315E-03   1.6759E-02
  -2.1336E-03   5.3887E-03  -8.4032E-03  -2.8175E-03   3.1508E-03   6.9870E-04
   1.4574E-01  -7.4673E-02  -1.5867E-02  -4.5416E-03   1.5016E-02  -1.0842E-04
   3.7484E-03  -9.2105E-04  -1.8152E-03   3.0729E-04   4.7423E-03
  > Energy =  -6.107736227175E+01 +/-   1.680899122681E-03
  > varE =   2.828134265616E-01

VMC #9:
* Size of Hilbert space =   1.5980E+28
* Number of equil. steps   = 1000
* Running VMC equilibration.
  Done. [total walltime: 2.84s]
* Equil. acc.ratio (%)     =  31.9937
* Sample config after equilibration:
  +-------------------+
  |  0   u   u   2   d|
  |0   d   d   d   d  |
  |  2   u   u   d   2|
  |0   2   0   2   u  |
  |  d   0   0   2   d|
  |2   u   2   2   0  |
  |  0   u   d   2   u|
  |d   2   0   2   0  |
  |  u   0   0   u   u|
  |u   2   d   d   0  |
  +-------------------+
* Number of accum. steps   = 500480 x 10
* Running VMC accumulation.
    [walltime: 1m elapsed, 8.81s remaining]
  Done. [total walltime: 1m8s]
* Acceptance ratio (%)     =  31.9741
* Etot/t                   =  -6.107798019619E+01 +/-   7.784894362399E-04
  > Ttot/t                 =  -8.143326712074E+01 +/-   5.339903842884E-03
  > Utot/t                 =   2.035528692455E+01 +/-   5.268817078395E-03
* var[Eloc/t]              =   2.982777575761E-01 +/-   6.055104914635E-03
* Correlation length       =   1.016883744931E+00
* log10 Psi^2 range: 39.745856189516083 -- 53.480314601222268
* log10 Pgen range : 39.745856189516083 -- 53.480314601222268
* Site occupation (ave. no. electrons per config.):
  > Site_  ___eu____  ___ed____
      1        0.500      0.501
      2        0.500      0.499
      3        0.500      0.501
      4        0.498      0.501
      5        0.498      0.501
      6        0.501      0.499
      7        0.501      0.502
      8        0.499      0.500
      9        0.498      0.498
     10        0.502      0.500
     11        0.498      0.501
     12        0.500      0.500
     13        0.501      0.498
     14        0.500      0.498
     15        0.501      0.499
     16        0.500      0.500
     17        0.501      0.500
     18        0.499      0.499
     19        0.503      0.501
     20        0.498      0.498
     21        0.499      0.501
     22        0.499      0.498
     23        0.501      0.500
     24        0.502      0.500
     25        0.497      0.501
     26        0.500      0.501
     27        0.500      0.499
     28        0.499      0.499
     29        0.500      0.500
     30        0.502      0.498
     31        0.500      0.500
     32        0.500      0.498
     33        0.502      0.501
     34        0.497      0.501
     35        0.502      0.500
     36        0.498      0.499
     37        0.502      0.502
     38        0.498      0.501
     39        0.502      0.503
     40        0.499      0.502
     41        0.499      0.500
     42        0.501      0.498
     43        0.497      0.501
     44        0.504      0.501
     45        0.500      0.498
     46        0.497      0.499
     47        0.499      0.500
     48        0.499      0.500
     49        0.502      0.499
     50        0.501      0.500
* Pair-correlation analysis (ave. no. pairs per config.):
  > Shell  nsite  ___dh____  __eueu___  __eued___
      0      1        0          0         10.182
      1      4       12.113     40.812     52.484
      2      4        8.550     50.385     49.105
      3      4        8.432     50.253     49.480
      4      8       17.376     96.977    101.500
      5      4        8.369     50.240     49.594
      6      4        8.357     49.669     50.208
      7      8       16.711    100.355     99.383
      8      4        8.532     48.963     50.570
      9      4        8.331     50.134     49.799
     10      4        8.336     49.758     50.164
     11      1        2.079     12.453     12.532

Optimization #9:
* Method          : lls
* Target function : energy
* No. of configs. : 100096
* No. of params.  : 77
* Before optimization:
  -3.9694E-01   1.2949E-02   2.7298E-02   1.4279E-02   9.6472E-03   2.3878E-03
   3.9732E-03   2.0585E-03   6.6254E-04   6.1977E-04   5.2545E-04   4.8325E-05
   3.1949E-03  -2.0183E-02  -4.7730E-03  -2.2446E-02  -4.4851E-03  -9.6089E-03
  -3.3640E-03  -5.8858E-03  -1.3921E-03  -1.1731E-03  -1.6751E-03  -2.2845E-03
  -9.5432E-04  -1.1447E-03  -1.2845E-03   6.9953E-04  -1.1512E-04  -5.7466E-04
  -4.1132E-04  -1.6764E-05   8.0696E-01   1.5025E-01  -4.6059E-02  -1.1034E-02
  -1.3702E-02   1.4883E-02   3.3005E-03   3.9197E-03  -2.4242E-03   1.3033E-04
  -1.5492E-03  -2.1221E-03   1.3562E-01  -2.5280E-02  -6.5931E-03  -1.8071E-02
   1.3158E-02   5.2653E-03   2.5026E-03   3.4997E-03   6.6188E-04  -3.6663E-03
   1.6584E-03   1.4272E-01  -9.8014E-02  -2.1283E-02   2.0315E-03   1.6759E-02
  -2.1336E-03   5.3887E-03  -8.4032E-03  -2.8175E-03   3.1508E-03   6.9870E-04
   1.4574E-01  -7.4673E-02  -1.5867E-02  -4.5416E-03   1.5016E-02  -1.0842E-04
   3.7484E-03  -9.2105E-04  -1.8152E-03   3.0729E-04   4.7423E-03
  > E    =  -6.107782601328E+01 +/-   1.726457885193E-03
  > varE =   2.983518259901E-01
* Computing derivatives.
    [walltime: 1m elapsed, 2m25s remaining]
  Done. [total walltime: 3m26s]
* Optimizing manipulation constant:
  #igrid a___________ E____________________________________ varE____________
     1     Infinity    -6.10778260E+01 +/-   1.72645789E-03   2.98351826E-01
     2     1.0000E+06  -6.10778260E+01 +/-   1.72645758E-03   2.98351720E-01
     3     2.1544E+05  -6.10778261E+01 +/-   1.72645647E-03   2.98351336E-01
     4     4.6416E+04  -6.10778263E+01 +/-   1.72645131E-03   2.98349553E-01
     5     1.0000E+04  -6.10778273E+01 +/-   1.72642739E-03   2.98341288E-01
     6     2.1544E+03  -6.10778321E+01 +/-   1.72631699E-03   2.98303131E-01
     7     4.6416E+02  -6.10778535E+01 +/-   1.72581722E-03   2.98130440E-01
     8     1.0000E+02  -6.10779423E+01 +/-   1.72374329E-03   2.97414336E-01
     9     2.1544E+01  -6.10782010E+01 +/-   1.71759347E-03   2.95295944E-01
    10     4.6416E+00  -6.10784680E+01 +/-   1.71033913E-03   2.92806817E-01
    11     1.0000E+00  -6.10784391E+01 +/-   1.70898059E-03   2.92341844E-01
    12     2.1544E-01  -6.10783710E+01 +/-   1.70947562E-03   2.92511233E-01
    13     4.6416E-02  -6.10783489E+01 +/-   1.70968596E-03   2.92583219E-01
    14     1.0000E-02  -6.10783437E+01 +/-   1.70973771E-03   2.92600932E-01
    15     2.1544E-03  -6.10783425E+01 +/-   1.70974918E-03   2.92604858E-01
    16     4.6416E-04  -6.10783423E+01 +/-   1.70975167E-03   2.92605709E-01
    17     1.0000E-04  -6.10783422E+01 +/-   1.70975221E-03   2.92605893E-01
    18     2.1544E-05  -6.10783422E+01 +/-   1.70975232E-03   2.92605932E-01
    19     4.6416E-06  -6.10783422E+01 +/-   1.70975235E-03   2.92605941E-01
    20     1.0000E-06  -6.10783422E+01 +/-   1.70975235E-03   2.92605943E-01
    21     0.0000E+00  -6.10783422E+01 +/-   1.70975235E-03   2.92605943E-01
  ParMin   2.4322E+00  -6.10784813E+01 +/-   1.70916095E-03   2.92403555E-01
  # Using parabolic minimum
* Iteration # 1: E =  -6.107848133068E+01 +/-   1.709160953489E-03
* Computing derivatives.
    [walltime: 1m elapsed, 2m25s remaining]
  Done. [total walltime: 3m26s]
* Optimizing manipulation constant:
  #igrid a___________ E____________________________________ varE____________
     1     Infinity    -6.10784813E+01 +/-   1.70916095E-03   2.92403555E-01
     2     1.0000E+06  -6.10784813E+01 +/-   1.70916089E-03   2.92403535E-01
     3     2.1544E+05  -6.10784813E+01 +/-   1.70916064E-03   2.92403448E-01
     4     4.6416E+04  -6.10784814E+01 +/-   1.70915869E-03   2.92402780E-01
     5     1.0000E+04  -6.10784831E+01 +/-   1.70913356E-03   2.92394183E-01
     6     2.1544E+03  -6.10785085E+01 +/-   1.70890117E-03   2.92314675E-01
     7     4.6416E+02  -6.10761269E+01 +/-   1.76988583E-03   3.13550305E-01
     8     1.0000E+02  -6.07505270E+01 +/-   5.39750559E-03   2.91610343E+00
     9     2.1544E+01  -5.62415056E+01 +/-   1.91809892E-02   3.68263540E+01
    10     4.6416E+00  -4.91817513E+01 +/-   2.84820556E-02   8.12006271E+01
    11     1.0000E+00  -4.66895617E+01 +/-   3.04751667E-02   9.29627370E+01
    12     2.1544E-01  -4.61858588E+01 +/-   3.08168945E-02   9.50592678E+01
    13     4.6416E-02  -4.60854335E+01 +/-   3.08828664E-02   9.54667038E+01
    14     1.0000E-02  -4.60643213E+01 +/-   3.08966490E-02   9.55519338E+01
    15     2.1544E-03  -4.60597990E+01 +/-   3.08995974E-02   9.55701714E+01
    16     4.6416E-04  -4.60588259E+01 +/-   3.09002317E-02   9.55740948E+01
    17     1.0000E-04  -4.60586163E+01 +/-   3.09003683E-02   9.55749397E+01
    18     2.1544E-05  -4.60585712E+01 +/-   3.09003977E-02   9.55751218E+01
    19     4.6416E-06  -4.60585614E+01 +/-   3.09004040E-02   9.55751610E+01
    20     1.0000E-06  -4.60585594E+01 +/-   3.09004054E-02   9.55751694E+01
    21     0.0000E+00  -4.60585588E+01 +/-   3.09004058E-02   9.55751718E+01
  ParMin   4.5704E+03  -6.10784893E+01 +/-   1.70905544E-03   2.92367455E-01
  # Using grid point #6
* Iteration # 2: E =  -6.107850850141E+01 +/-   1.708901172219E-03
* Diminishing returns: exiting.
* After optimization:
  -3.7496E-01   1.7990E-02   2.7532E-02   1.4384E-02   9.8200E-03   2.1069E-03
   4.0310E-03   1.9332E-03   6.3086E-04   8.0620E-04   5.7685E-04   2.8308E-04
  -1.2240E-03  -1.9893E-02  -4.8361E-03  -2.2760E-02  -4.4851E-03  -9.8095E-03
  -3.5100E-03  -6.0248E-03  -1.2833E-03  -9.2203E-04  -1.5110E-03  -2.4218E-03
  -8.0644E-04  -1.0296E-03  -1.3452E-03   8.6702E-04  -1.8950E-04  -7.6054E-04
  -4.8541E-04   6.2386E-05   7.8569E-01   1.1760E-01  -4.5469E-02  -1.0544E-02
  -6.1729E-03   1.1766E-02  -2.2074E-03   4.3257E-03  -8.9597E-03   5.7002E-03
  -3.6464E-03  -8.8018E-03   1.0542E-01  -2.5328E-02  -5.0277E-03  -7.7616E-03
   1.0787E-02   1.2238E-03   4.9359E-03  -2.8654E-03   6.1264E-03  -3.8623E-03
  -6.7458E-03   1.0645E-01  -9.4357E-02  -1.5317E-02   1.0816E-02   7.9014E-03
  -1.1866E-02   4.1112E-03  -1.0223E-02   8.6644E-04   5.2437E-03  -2.2632E-03
   1.0936E-01  -7.0814E-02  -8.2379E-03   6.9094E-03   7.5967E-03  -7.9660E-03
   4.9476E-03  -3.4050E-03   1.2867E-03   5.0930E-03  -2.6231E-03
  > Energy =  -6.107850850141E+01 +/-   1.708901172219E-03
  > varE =   2.923146745898E-01

VMC #10:
* Size of Hilbert space =   1.5980E+28
* Number of equil. steps   = 1000
* Running VMC equilibration.
  Done. [total walltime: 2.85s]
* Equil. acc.ratio (%)     =  32.0245
* Sample config after equilibration:
  +-------------------+
  |  2   2   u   2   0|
  |0   0   d   2   d  |
  |  u   u   0   0   u|
  |2   d   2   d   d  |
  |  u   2   d   u   d|
  |d   2   2   0   0  |
  |  0   0   d   2   2|
  |d   d   u   u   u  |
  |  2   0   0   0   u|
  |u   0   u   d   2  |
  +-------------------+
* Number of accum. steps   = 500480 x 10
* Running VMC accumulation.
    [walltime: 1m elapsed, 8.80s remaining]
  Done. [total walltime: 1m8s]
* Acceptance ratio (%)     =  31.9846
* Etot/t                   =  -6.107678668906E+01 +/-   8.132613244425E-04
  > Ttot/t                 =  -8.145744525683E+01 +/-   5.301737070530E-03
  > Utot/t                 =   2.038065856777E+01 +/-   5.243815840519E-03
* var[Eloc/t]              =   3.266523609820E-01 +/-   2.137958035076E-02
* Correlation length       =   1.013353949236E+00
* log10 Psi^2 range: 36.285287902364729 -- 53.138736626233502
* log10 Pgen range : 36.285287902364729 -- 53.138736626233502
* Site occupation (ave. no. electrons per config.):
  > Site_  ___eu____  ___ed____
      1        0.502      0.499
      2        0.498      0.503
      3        0.501      0.499
      4        0.499      0.501
      5        0.500      0.498
      6        0.501      0.499
      7        0.500      0.501
      8        0.500      0.499
      9        0.502      0.499
     10        0.496      0.499
     11        0.501      0.499
     12        0.500      0.497
     13        0.500      0.503
     14        0.499      0.498
     15        0.502      0.500
     16        0.503      0.498
     17        0.498      0.505
     18        0.500      0.499
     19        0.499      0.501
     20        0.502      0.498
     21        0.498      0.499
     22        0.498      0.501
     23        0.500      0.499
     24        0.501      0.499
     25        0.499      0.498
     26        0.500      0.503
     27        0.501      0.501
     28        0.501      0.499
     29        0.500      0.500
     30        0.499      0.503
     31        0.501      0.497
     32        0.501      0.499
     33        0.499      0.504
     34        0.502      0.500
     35        0.495      0.500
     36        0.499      0.501
     37        0.498      0.498
     38        0.499      0.500
     39        0.499      0.500
     40        0.502      0.501
     41        0.501      0.498
     42        0.499      0.502
     43        0.502      0.500
     44        0.497      0.500
     45        0.502      0.500
     46        0.500      0.503
     47        0.501      0.500
     48        0.500      0.500
     49        0.500      0.498
     50        0.500      0.501
* Pair-correlation analysis (ave. no. pairs per config.):
  > Shell  nsite  ___dh____  __eueu___  __eued___
      0      1        0          0         10.200
      1      4       12.161     40.778     52.472
      2      4        8.568     50.426     49.089
      3      4        8.447     50.303     49.442
      4      8       17.444     96.905    101.547
      5      4        8.394     50.263     49.602
      6      4        8.390     49.641     50.225
      7      8       16.784    100.384     99.359
      8      4        8.571     48.954     50.572
      9      4        8.358     50.140     49.787
     10      4        8.361     49.752     50.174
     11      1        2.089     12.455     12.531

Optimization #10:
* Method          : lls
* Target function : energy
* No. of configs. : 100096
* No. of params.  : 77
* Before optimization:
  -3.7496E-01   1.7990E-02   2.7532E-02   1.4384E-02   9.8200E-03   2.1069E-03
   4.0310E-03   1.9332E-03   6.3086E-04   8.0620E-04   5.7685E-04   2.8308E-04
  -1.2240E-03  -1.9893E-02  -4.8361E-03  -2.2760E-02  -4.4851E-03  -9.8095E-03
  -3.5100E-03  -6.0248E-03  -1.2833E-03  -9.2203E-04  -1.5110E-03  -2.4218E-03
  -8.0644E-04  -1.0296E-03  -1.3452E-03   8.6702E-04  -1.8950E-04  -7.6054E-04
  -4.8541E-04   6.2386E-05   7.8569E-01   1.1760E-01  -4.5469E-02  -1.0544E-02
  -6.1729E-03   1.1766E-02  -2.2074E-03   4.3257E-03  -8.9597E-03   5.7002E-03
  -3.6464E-03  -8.8018E-03   1.0542E-01  -2.5328E-02  -5.0277E-03  -7.7616E-03
   1.0787E-02   1.2238E-03   4.9359E-03  -2.8654E-03   6.1264E-03  -3.8623E-03
  -6.7458E-03   1.0645E-01  -9.4357E-02  -1.5317E-02   1.0816E-02   7.9014E-03
  -1.1866E-02   4.1112E-03  -1.0223E-02   8.6644E-04   5.2437E-03  -2.2632E-03
   1.0936E-01  -7.0814E-02  -8.2379E-03   6.9094E-03   7.5967E-03  -7.9660E-03
   4.9476E-03  -3.4050E-03   1.2867E-03   5.0930E-03  -2.6231E-03
  > E    =  -6.107787846102E+01 +/-   1.955858337277E-03
  > varE =   3.829054202057E-01
* Computing derivatives.
    [walltime: 1m elapsed, 2m25s remaining]
  Done. [total walltime: 3m25s]
* Optimizing manipulation constant:
  #igrid a___________ E____________________________________ varE____________
     1     Infinity    -6.10778785E+01 +/-   1.95585834E-03   3.82905420E-01
     2     1.0000E+06  -6.10778785E+01 +/-   1.95585678E-03   3.82904809E-01
     3     2.1544E+05  -6.10778786E+01 +/-   1.95585109E-03   3.82902582E-01
     4     4.6416E+04  -6.10778793E+01 +/-   1.95582470E-03   3.82892250E-01
     5     1.0000E+04  -6.10778824E+01 +/-   1.95570234E-03   3.82844344E-01
     6     2.1544E+03  -6.10778968E+01 +/-   1.95513723E-03   3.82623125E-01
     7     4.6416E+02  -6.10779613E+01 +/-   1.95257362E-03   3.81620377E-01
     8     1.0000E+02  -6.10782145E+01 +/-   1.94184511E-03   3.77438234E-01
     9     2.1544E+01  -6.10787344E+01 +/-   1.91006471E-03   3.65184963E-01
    10     4.6416E+00  -6.10774078E+01 +/-   1.89118661E-03   3.58002031E-01
    11     1.0000E+00  -6.10733530E+01 +/-   1.93572627E-03   3.75063337E-01
    12     2.1544E-01  -6.10711479E+01 +/-   1.96612928E-03   3.86937539E-01
    13     4.6416E-02  -6.10705369E+01 +/-   1.97484466E-03   3.90375544E-01
    14     1.0000E-02  -6.10703974E+01 +/-   1.97684735E-03   3.91167706E-01
    15     2.1544E-03  -6.10703669E+01 +/-   1.97728492E-03   3.91340893E-01
    16     4.6416E-04  -6.10703604E+01 +/-   1.97737948E-03   3.91378323E-01
    17     1.0000E-04  -6.10703589E+01 +/-   1.97739986E-03   3.91386393E-01
    18     2.1544E-05  -6.10703586E+01 +/-   1.97740426E-03   3.91388132E-01
    19     4.6416E-06  -6.10703586E+01 +/-   1.97740520E-03   3.91388506E-01
    20     1.0000E-06  -6.10703586E+01 +/-   1.97740541E-03   3.91388587E-01
    21     0.0000E+00  -6.10703586E+01 +/-   1.97740546E-03   3.91388609E-01
  ParMin   2.8125E+01  -6.10786625E+01 +/-   1.91711900E-03   3.67887361E-01
  # Using grid point #9
* Iteration # 1: E =  -6.107873435842E+01 +/-   1.910064714363E-03
* Computing derivatives.
    [walltime: 1m elapsed, 2m25s remaining]
  Done. [total walltime: 3m26s]
* Optimizing manipulation constant:
  #igrid a___________ E____________________________________ varE____________
     1     Infinity    -6.10787344E+01 +/-   1.91006471E-03   3.65184963E-01
     2     1.0000E+06  -6.10787344E+01 +/-   1.91006385E-03   3.65184633E-01
     3     2.1544E+05  -6.10787344E+01 +/-   1.91006071E-03   3.65183431E-01
     4     4.6416E+04  -6.10787347E+01 +/-   1.91004613E-03   3.65177857E-01
     5     1.0000E+04  -6.10787358E+01 +/-   1.90997854E-03   3.65152012E-01
     6     2.1544E+03  -6.10787411E+01 +/-   1.90966656E-03   3.65032732E-01
     7     4.6416E+02  -6.10787643E+01 +/-   1.90825511E-03   3.64493336E-01
     8     1.0000E+02  -6.10788489E+01 +/-   1.90241283E-03   3.62264899E-01
     9     2.1544E+01  -6.10789474E+01 +/-   1.88542221E-03   3.55822953E-01
    10     4.6416E+00  -6.10782183E+01 +/-   1.87012939E-03   3.50074142E-01
    11     1.0000E+00  -6.10767181E+01 +/-   1.87768690E-03   3.52909277E-01
    12     2.1544E-01  -6.10759743E+01 +/-   1.88485507E-03   3.55608922E-01
    13     4.6416E-02  -6.10757730E+01 +/-   1.88699666E-03   3.56417472E-01
    14     1.0000E-02  -6.10757273E+01 +/-   1.88749288E-03   3.56604949E-01
    15     2.1544E-03  -6.10757174E+01 +/-   1.88760149E-03   3.56645990E-01
    16     4.6416E-04  -6.10757152E+01 +/-   1.88762497E-03   3.56654862E-01
    17     1.0000E-04  -6.10757148E+01 +/-   1.88763003E-03   3.56656775E-01
    18     2.1544E-05  -6.10757147E+01 +/-   1.88763112E-03   3.56657187E-01
    19     4.6416E-06  -6.10757146E+01 +/-   1.88763136E-03   3.56657276E-01
    20     1.0000E-06  -6.10757146E+01 +/-   1.88763141E-03   3.56657295E-01
    21     0.0000E+00  -6.10757146E+01 +/-   1.88763142E-03   3.56657300E-01
  ParMin   3.5234E+01  -6.10789417E+01 +/-   1.89221126E-03   3.58390070E-01
  # Using grid point #9
* Iteration # 2: E =  -6.107894740495E+01 +/-   1.885422208259E-03
* Diminishing returns: exiting.
* After optimization:
  -4.0377E-01   2.1621E-02   2.7349E-02   1.3837E-02   9.3582E-03   1.6165E-03
   3.4671E-03   1.4849E-03  -1.7387E-04   4.9018E-04   2.9179E-04   4.4576E-05
  -4.7738E-03  -1.9648E-02  -4.5481E-03  -2.2608E-02  -4.1080E-03  -9.5583E-03
  -2.9377E-03  -5.5725E-03  -9.2313E-04  -5.9169E-04  -8.8122E-04  -2.1619E-03
  -5.9304E-04  -8.9447E-04  -8.1889E-04   1.0455E-03   5.9105E-05  -6.3842E-04
  -2.1778E-04   1.1963E-04   7.8134E-01   9.2532E-02  -3.9246E-02  -8.1112E-03
  -1.7428E-03   1.4050E-02  -1.6800E-03   2.8874E-03  -1.2004E-02  -2.0174E-03
   4.6867E-03  -2.5650E-03   7.8197E-02  -2.3288E-02  -2.9159E-03  -3.5229E-03
   1.2345E-02   1.8212E-03   3.4402E-03  -6.9745E-03  -2.9659E-03   2.2533E-03
  -4.2247E-03   7.1564E-02  -8.7244E-02  -1.3971E-02   2.2589E-02   5.5800E-03
  -1.5765E-02   4.0641E-03  -1.4917E-02  -1.7688E-03   1.0012E-02  -3.0886E-03
   7.0411E-02  -7.0128E-02  -6.4464E-03   1.9026E-02   4.2865E-03  -1.2013E-02
   4.7798E-03  -9.2555E-03  -3.1337E-03   8.3770E-03  -5.1238E-03
  > Energy =  -6.107894740495E+01 +/-   1.885422208259E-03
  > varE =   3.558229527623E-01

VMC #11:
* Size of Hilbert space =   1.5980E+28
* Number of equil. steps   = 1000
* Running VMC equilibration.
  Done. [total walltime: 2.85s]
* Equil. acc.ratio (%)     =  32.0669
* Sample config after equilibration:
  +-------------------+
  |  u   u   2   2   2|
  |0   2   u   d   0  |
  |  0   u   d   2   2|
  |d   d   0   0   u  |
  |  u   d   2   d   d|
  |2   0   d   d   0  |
  |  2   u   u   u   0|
  |u   d   0   d   d  |
  |  2   2   u   u   2|
  |0   d   0   u   0  |
  +-------------------+
* Number of accum. steps   = 500480 x 10
* Running VMC accumulation.
    [walltime: 1m elapsed, 8.73s remaining]
  Done. [total walltime: 1m8s]
* Acceptance ratio (%)     =  32.0025
* Etot/t                   =  -6.107502275963E+01 +/-   8.168856466694E-04
  > Ttot/t                 =  -8.147464312408E+01 +/-   5.347593204051E-03
  > Utot/t                 =   2.039962036445E+01 +/-   5.301665712552E-03
* var[Eloc/t]              =   3.136427029164E-01 +/-   8.555265508186E-03
* Correlation length       =   1.064814777447E+00
* log10 Psi^2 range: 33.658795945240108 -- 48.266149286171832
* log10 Pgen range : 33.658795945240108 -- 48.266149286171832
* Site occupation (ave. no. electrons per config.):
  > Site_  ___eu____  ___ed____
      1        0.500      0.500
      2        0.498      0.499
      3        0.501      0.501
      4        0.498      0.500
      5        0.500      0.503
      6        0.497      0.501
      7        0.500      0.501
      8        0.501      0.501
      9        0.502      0.498
     10        0.499      0.498
     11        0.500      0.502
     12        0.500      0.501
     13        0.501      0.502
     14        0.499      0.496
     15        0.501      0.501
     16        0.501      0.496
     17        0.498      0.500
     18        0.504      0.499
     19        0.500      0.502
     20        0.503      0.497
     21        0.500      0.501
     22        0.502      0.497
     23        0.498      0.499
     24        0.503      0.503
     25        0.502      0.500
     26        0.499      0.498
     27        0.499      0.500
     28        0.498      0.502
     29        0.498      0.501
     30        0.499      0.501
     31        0.500      0.502
     32        0.499      0.499
     33        0.498      0.501
     34        0.501      0.500
     35        0.501      0.499
     36        0.499      0.502
     37        0.501      0.500
     38        0.502      0.498
     39        0.498      0.500
     40        0.498      0.498
     41        0.501      0.499
     42        0.500      0.501
     43        0.497      0.499
     44        0.500      0.499
     45        0.500      0.500
     46        0.501      0.504
     47        0.501      0.503
     48        0.501      0.497
     49        0.503      0.498
     50        0.500      0.500
* Pair-correlation analysis (ave. no. pairs per config.):
  > Shell  nsite  ___dh____  __eueu___  __eued___
      0      1        0          0         10.212
      1      4       12.182     40.795     52.458
      2      4        8.595     50.420     49.092
      3      4        8.467     50.302     49.452
      4      8       17.480     96.925    101.529
      5      4        8.446     50.237     49.572
      6      4        8.413     49.656     50.214
      7      8       16.807    100.384     99.380
      8      4        8.585     48.945     50.597
      9      4        8.389     50.119     49.790
     10      4        8.375     49.754     50.173
     11      1        2.088     12.463     12.531

Optimization #11:
* Method          : lls
* Target function : energy
* No. of configs. : 100096
* No. of params.  : 77
* Before optimization:
  -4.0377E-01   2.1621E-02   2.7349E-02   1.3837E-02   9.3582E-03   1.6165E-03
   3.4671E-03   1.4849E-03  -1.7387E-04   4.9018E-04   2.9179E-04   4.4576E-05
  -4.7738E-03  -1.9648E-02  -4.5481E-03  -2.2608E-02  -4.1080E-03  -9.5583E-03
  -2.9377E-03  -5.5725E-03  -9.2313E-04  -5.9169E-04  -8.8122E-04  -2.1619E-03
  -5.9304E-04  -8.9447E-04  -8.1889E-04   1.0455E-03   5.9105E-05  -6.3842E-04
  -2.1778E-04   1.1963E-04   7.8134E-01   9.2532E-02  -3.9246E-02  -8.1112E-03
  -1.7428E-03   1.4050E-02  -1.6800E-03   2.8874E-03  -1.2004E-02  -2.0174E-03
   4.6867E-03  -2.5650E-03   7.8197E-02  -2.3288E-02  -2.9159E-03  -3.5229E-03
   1.2345E-02   1.8212E-03   3.4402E-03  -6.9745E-03  -2.9659E-03   2.2533E-03
  -4.2247E-03   7.1564E-02  -8.7244E-02  -1.3971E-02   2.2589E-02   5.5800E-03
  -1.5765E-02   4.0641E-03  -1.4917E-02  -1.7688E-03   1.0012E-02  -3.0886E-03
   7.0411E-02  -7.0128E-02  -6.4464E-03   1.9026E-02   4.2865E-03  -1.2013E-02
   4.7798E-03  -9.2555E-03  -3.1337E-03   8.3770E-03  -5.1238E-03
  > E    =  -6.107618881731E+01 +/-   1.751386903078E-03
  > varE =   3.070300746113E-01
* Computing derivatives.
    [walltime: 1m elapsed, 2m23s remaining]
  Done. [total walltime: 3m26s]
* Optimizing manipulation constant:
  #igrid a___________ E____________________________________ varE____________
     1     Infinity    -6.10761888E+01 +/-   1.75138690E-03   3.07030075E-01
     2     1.0000E+06  -6.10761888E+01 +/-   1.75138631E-03   3.07029868E-01
     3     2.1544E+05  -6.10761890E+01 +/-   1.75138365E-03   3.07028934E-01
     4     4.6416E+04  -6.10761906E+01 +/-   1.75136062E-03   3.07020861E-01
     5     1.0000E+04  -6.10762214E+01 +/-   1.75103756E-03   3.06907604E-01
     6     2.1544E+03  -6.10765476E+01 +/-   1.75220319E-03   3.07316344E-01
     7     4.6416E+02  -6.08676712E+01 +/-   4.49539698E-03   2.02279943E+00
     8     1.0000E+02  -6.00487745E+01 +/-   9.07464601E-03   8.24282555E+00
     9     2.1544E+01 (error)
    10     4.6416E+00 (error)
    11     1.0000E+00 (error)
    12     2.1544E-01 (error)
    13     4.6416E-02 (error)
    14     1.0000E-02 (error)
    15     2.1544E-03 (error)
    16     4.6416E-04 (error)
    17     1.0000E-04 (error)
    18     2.1544E-05 (error)
    19     4.6416E-06 (error)
    20     1.0000E-06 (error)
    21     0.0000E+00 (error)
  ParMin   4.6310E+03  -6.10763256E+01 +/-   1.75016547E-03   3.06601973E-01
  # Using grid point #6
* Iteration # 1: E =  -6.107654758848E+01 +/-   1.752203194442E-03
* Diminishing returns: exiting.
* After optimization:
  -2.8201E-01   2.1595E-02   2.7347E-02   1.3839E-02   9.3595E-03   1.6185E-03
   3.4691E-03   1.4860E-03  -1.7043E-04   4.9087E-04   2.9321E-04   4.3911E-05
  -4.7518E-03  -1.9648E-02  -4.5493E-03  -2.2607E-02  -4.1086E-03  -9.5592E-03
  -2.9417E-03  -5.5749E-03  -9.2381E-04  -5.9348E-04  -8.8492E-04  -2.1627E-03
  -5.9306E-04  -8.9495E-04  -8.2062E-04   1.0444E-03   5.8994E-05  -6.3882E-04
  -2.1873E-04   1.1822E-04   7.3395E-01   8.7072E-02  -3.6892E-02  -7.6270E-03
  -1.6776E-03   1.3233E-02  -1.5604E-03   2.7030E-03  -1.1273E-02  -1.8847E-03
   4.3988E-03  -2.4407E-03   7.3628E-02  -2.1884E-02  -2.7459E-03  -3.3554E-03
   1.1628E-02   1.7296E-03   3.2208E-03  -6.5440E-03  -2.7758E-03   2.1134E-03
  -3.9984E-03   7.1796E-02  -8.7282E-02  -1.4004E-02   2.2516E-02   5.6133E-03
  -1.5719E-02   4.0674E-03  -1.4891E-02  -1.7818E-03   9.9832E-03  -3.0459E-03
   7.0679E-02  -7.0134E-02  -6.4765E-03   1.8943E-02   4.3143E-03  -1.1965E-02
   4.7812E-03  -9.2229E-03  -3.1460E-03   8.3463E-03  -5.0790E-03
  > Energy =  -6.107654758848E+01 +/-   1.752203194442E-03
  > varE =   3.073163442007E-01

VMC #12:
* Size of Hilbert space =   1.5980E+28
* Number of equil. steps   = 1000
* Running VMC equilibration.
  Done. [total walltime: 2.84s]
* Equil. acc.ratio (%)     =  31.9550
* Sample config after equilibration:
  +-------------------+
  |  u   u   0   2   u|
  |2   u   d   d   d  |
  |  u   d   u   0   d|
  |2   2   0   d   0  |
  |  0   2   u   u   d|
  |0   u   2   d   u  |
  |  0   d   u   u   u|
  |2   d   d   d   d  |
  |  d   u   0   u   u|
  |d   d   2   u   d  |
  +-------------------+
* Number of accum. steps   = 500480 x 10
* Running VMC accumulation.
    [walltime: 1m elapsed, 8.57s remaining]
  Done. [total walltime: 1m8s]
* Acceptance ratio (%)     =  31.9590
* Etot/t                   =  -6.107800201325E+01 +/-   8.016681624350E-04
  > Ttot/t                 =  -8.142414571529E+01 +/-   5.420430859206E-03
  > Utot/t                 =   2.034614370205E+01 +/-   5.331757773336E-03
* var[Eloc/t]              =   3.231091174696E-01 +/-   1.849427616044E-02
* Correlation length       =   9.954668142277E-01
* log10 Psi^2 range: 34.256997653266588 -- 48.257516565677314
* log10 Pgen range : 34.256997653266588 -- 48.257516565677314
* Site occupation (ave. no. electrons per config.):
  > Site_  ___eu____  ___ed____
      1        0.500      0.500
      2        0.497      0.501
      3        0.499      0.502
      4        0.504      0.499
      5        0.499      0.499
      6        0.498      0.500
      7        0.498      0.498
      8        0.502      0.501
      9        0.503      0.499
     10        0.502      0.497
     11        0.501      0.502
     12        0.500      0.501
     13        0.501      0.500
     14        0.500      0.499
     15        0.500      0.502
     16        0.501      0.501
     17        0.501      0.498
     18        0.502      0.500
     19        0.497      0.502
     20        0.502      0.500
     21        0.499      0.500
     22        0.499      0.500
     23        0.498      0.498
     24        0.500      0.498
     25        0.500      0.501
     26        0.500      0.503
     27        0.500      0.500
     28        0.498      0.500
     29        0.502      0.499
     30        0.499      0.499
     31        0.501      0.499
     32        0.499      0.501
     33        0.502      0.499
     34        0.499      0.501
     35        0.501      0.499
     36        0.500      0.500
     37        0.501      0.500
     38        0.502      0.501
     39        0.499      0.500
     40        0.503      0.501
     41        0.499      0.502
     42        0.499      0.500
     43        0.498      0.502
     44        0.499      0.499
     45        0.501      0.499
     46        0.497      0.501
     47        0.502      0.500
     48        0.498      0.497
     49        0.499      0.498
     50        0.501      0.500
* Pair-correlation analysis (ave. no. pairs per config.):
  > Shell  nsite  ___dh____  __eueu___  __eued___
      0      1        0          0         10.173
      1      4       12.090     40.789     52.523
      2      4        8.545     50.409     49.063
      3      4        8.409     50.306     49.440
      4      8       17.340     96.914    101.577
      5      4        8.359     50.239     49.612
      6      4        8.357     49.638     50.213
      7      8       16.676    100.422     99.356
      8      4        8.528     48.959     50.564
      9      4        8.317     50.109     49.808
     10      4        8.334     49.750     50.146
     11      1        2.078     12.462     12.524

Optimization #12:
* Method          : lls
* Target function : energy
* No. of configs. : 100096
* No. of params.  : 77
* Before optimization:
  -2.8201E-01   2.1595E-02   2.7347E-02   1.3839E-02   9.3595E-03   1.6185E-03
   3.4691E-03   1.4860E-03  -1.7043E-04   4.9087E-04   2.9321E-04   4.3911E-05
  -4.7518E-03  -1.9648E-02  -4.5493E-03  -2.2607E-02  -4.1086E-03  -9.5592E-03
  -2.9417E-03  -5.5749E-03  -9.2381E-04  -5.9348E-04  -8.8492E-04  -2.1627E-03
  -5.9306E-04  -8.9495E-04  -8.2062E-04   1.0444E-03   5.8994E-05  -6.3882E-04
  -2.1873E-04   1.1822E-04   7.3395E-01   8.7072E-02  -3.6892E-02  -7.6270E-03
  -1.6776E-03   1.3233E-02  -1.5604E-03   2.7030E-03  -1.1273E-02  -1.8847E-03
   4.3988E-03  -2.4407E-03   7.3628E-02  -2.1884E-02  -2.7459E-03  -3.3554E-03
   1.1628E-02   1.7296E-03   3.2208E-03  -6.5440E-03  -2.7758E-03   2.1134E-03
  -3.9984E-03   7.1796E-02  -8.7282E-02  -1.4004E-02   2.2516E-02   5.6133E-03
  -1.5719E-02   4.0674E-03  -1.4891E-02  -1.7818E-03   9.9832E-03  -3.0459E-03
   7.0679E-02  -7.0134E-02  -6.4765E-03   1.8943E-02   4.3143E-03  -1.1965E-02
   4.7812E-03  -9.2229E-03  -3.1460E-03   8.3463E-03  -5.0790E-03
  > E    =  -6.107983170407E+01 +/-   1.719190836914E-03
  > varE =   2.958454526176E-01
* Computing derivatives.
    [walltime: 1m elapsed, 2m25s remaining]
  Done. [total walltime: 3m25s]
* Optimizing manipulation constant:
  #igrid a___________ E____________________________________ varE____________
     1     Infinity    -6.10798317E+01 +/-   1.71919084E-03   2.95845453E-01
     2     1.0000E+06  -6.10798317E+01 +/-   1.71919047E-03   2.95845327E-01
     3     2.1544E+05  -6.10798318E+01 +/-   1.71918914E-03   2.95844869E-01
     4     4.6416E+04  -6.10798321E+01 +/-   1.71918297E-03   2.95842746E-01
     5     1.0000E+04  -6.10798335E+01 +/-   1.71915437E-03   2.95832902E-01
     6     2.1544E+03  -6.10798400E+01 +/-   1.71902244E-03   2.95787498E-01
     7     4.6416E+02  -6.10798693E+01 +/-   1.71842747E-03   2.95582786E-01
     8     1.0000E+02  -6.10799900E+01 +/-   1.71600184E-03   2.94748920E-01
     9     2.1544E+01  -6.10803310E+01 +/-   1.70941912E-03   2.92491897E-01
    10     4.6416E+00  -6.10806341E+01 +/-   1.70468017E-03   2.90872416E-01
    11     1.0000E+00  -6.10805772E+01 +/-   1.70714070E-03   2.91712711E-01
    12     2.1544E-01  -6.10805033E+01 +/-   1.70906183E-03   2.92369641E-01
    13     4.6416E-02  -6.10804809E+01 +/-   1.70961352E-03   2.92558427E-01
    14     1.0000E-02  -6.10804757E+01 +/-   1.70974026E-03   2.92601804E-01
    15     2.1544E-03  -6.10804745E+01 +/-   1.70976795E-03   2.92611281E-01
    16     4.6416E-04  -6.10804743E+01 +/-   1.70977393E-03   2.92613329E-01
    17     1.0000E-04  -6.10804742E+01 +/-   1.70977522E-03   2.92613770E-01
    18     2.1544E-05  -6.10804742E+01 +/-   1.70977550E-03   2.92613866E-01
    19     4.6416E-06  -6.10804742E+01 +/-   1.70977556E-03   2.92613886E-01
    20     1.0000E-06  -6.10804742E+01 +/-   1.70977557E-03   2.92613891E-01
    21     0.0000E+00  -6.10804742E+01 +/-   1.70977558E-03   2.92613892E-01
  ParMin   2.7903E+00  -6.10806388E+01 +/-   1.70513032E-03   2.91026058E-01
  # Using parabolic minimum
* Iteration # 1: E =  -6.108063882696E+01 +/-   1.705130319258E-03
* Computing derivatives.
    [walltime: 1m elapsed, 2m25s remaining]
  Done. [total walltime: 3m26s]
* Optimizing manipulation constant:
  #igrid a___________ E____________________________________ varE____________
     1     Infinity    -6.10806388E+01 +/-   1.70513032E-03   2.91026058E-01
     2     1.0000E+06  -6.10806388E+01 +/-   1.70513021E-03   2.91026022E-01
     3     2.1544E+05  -6.10806388E+01 +/-   1.70512983E-03   2.91025891E-01
     4     4.6416E+04  -6.10806389E+01 +/-   1.70512805E-03   2.91025283E-01
     5     1.0000E+04  -6.10806390E+01 +/-   1.70511980E-03   2.91022467E-01
     6     2.1544E+03  -6.10806397E+01 +/-   1.70508179E-03   2.91009492E-01
     7     4.6416E+02  -6.10806427E+01 +/-   1.70491113E-03   2.90951243E-01
     8     1.0000E+02  -6.10806550E+01 +/-   1.70422880E-03   2.90718403E-01
     9     2.1544E+01  -6.10806893E+01 +/-   1.70250193E-03   2.90129541E-01
    10     4.6416E+00  -6.10807305E+01 +/-   1.70172394E-03   2.89864439E-01
    11     1.0000E+00  -6.10807475E+01 +/-   1.70335669E-03   2.90420938E-01
    12     2.1544E-01  -6.10807508E+01 +/-   1.70444071E-03   2.90790705E-01
    13     4.6416E-02  -6.10807514E+01 +/-   1.70475286E-03   2.90897227E-01
    14     1.0000E-02  -6.10807516E+01 +/-   1.70482475E-03   2.90921759E-01
    15     2.1544E-03  -6.10807516E+01 +/-   1.70484046E-03   2.90927122E-01
    16     4.6416E-04  -6.10807516E+01 +/-   1.70484386E-03   2.90928281E-01
    17     1.0000E-04  -6.10807516E+01 +/-   1.70484459E-03   2.90928531E-01
    18     2.1544E-05  -6.10807516E+01 +/-   1.70484475E-03   2.90928585E-01
    19     4.6416E-06  -6.10807516E+01 +/-   1.70484478E-03   2.90928596E-01
    20     1.0000E-06  -6.10807516E+01 +/-   1.70484479E-03   2.90928599E-01
    21     0.0000E+00  -6.10807516E+01 +/-   1.70484479E-03   2.90928599E-01
* Iteration # 2: E =  -6.108075083161E+01 +/-   1.704440711845E-03
* Diminishing returns: exiting.
* After optimization:
  -2.5034E-01   1.7315E-02   2.7731E-02   1.4131E-02   9.9346E-03   2.5153E-03
   3.8337E-03   1.7755E-03   6.3576E-04   7.3763E-04   4.1201E-04   1.1952E-04
  -1.4798E-03  -1.9602E-02  -5.4339E-03  -2.2340E-02  -4.5517E-03  -9.3267E-03
  -3.6518E-03  -5.8863E-03  -1.4754E-03  -1.1254E-03  -1.7422E-03  -2.2421E-03
  -8.6901E-04  -8.3407E-04  -1.3481E-03   9.0203E-04  -1.4314E-04  -5.2064E-04
  -5.2143E-04  -5.1669E-05   7.3983E-01   1.1139E-01  -4.0068E-02  -5.6428E-03
  -6.3985E-03   1.0695E-02  -1.9425E-03   3.2781E-03  -6.1437E-03  -2.8472E-03
   2.3249E-04   3.9657E-03   9.9922E-02  -2.2914E-02  -3.0409E-03  -1.0470E-02
   9.2492E-03   7.6692E-05   2.6963E-03  -4.6437E-04  -2.9826E-03  -1.5623E-03
   5.0403E-03   1.0678E-01  -9.1360E-02  -1.9218E-02   1.2645E-02   1.2245E-02
  -6.2621E-03   1.4330E-03  -1.2450E-02   1.9925E-03   2.2154E-03  -8.6635E-03
   1.1073E-01  -7.0064E-02  -1.4917E-02   5.7873E-03   1.1211E-02  -3.2920E-03
   1.1469E-03  -4.9994E-03   1.8024E-03   3.4006E-04  -7.5524E-03
  > Energy =  -6.108075083161E+01 +/-   1.704440711845E-03
  > varE =   2.907907053611E-01

VMC #13:
* Size of Hilbert space =   1.5980E+28
* Number of equil. steps   = 1000
* Running VMC equilibration.
  Done. [total walltime: 2.85s]
* Equil. acc.ratio (%)     =  31.9925
* Sample config after equilibration:
  +-------------------+
  |  d   u   2   u   u|
  |d   2   d   d   d  |
  |  u   0   d   u   0|
  |u   d   u   2   u  |
  |  d   0   d   d   0|
  |d   u   u   d   0  |
  |  d   2   u   u   u|
  |d   0   d   u   2  |
  |  u   u   2   0   2|
  |u   d   0   d   2  |
  +-------------------+
* Number of accum. steps   = 500480 x 10
* Running VMC accumulation.
    [walltime: 1m elapsed, 8.60s remaining]
  Done. [total walltime: 1m8s]
* Acceptance ratio (%)     =  31.9746
* Etot/t                   =  -6.107692347166E+01 +/-   8.016942188278E-04
  > Ttot/t                 =  -8.144814310082E+01 +/-   5.405500338870E-03
  > Utot/t                 =   2.037121962916E+01 +/-   5.357424606685E-03
* var[Eloc/t]              =   3.154229792977E-01 +/-   1.475962861567E-02
* Correlation length       =   1.019790357396E+00
* log10 Psi^2 range: 37.239049424157358 -- 53.049433366324699
* log10 Pgen range : 37.239049424157358 -- 53.049433366324699
* Site occupation (ave. no. electrons per config.):
  > Site_  ___eu____  ___ed____
      1        0.497      0.501
      2        0.499      0.501
      3        0.500      0.503
      4        0.500      0.500
      5        0.502      0.499
      6        0.500      0.502
      7        0.502      0.498
      8        0.501      0.503
      9        0.499      0.500
     10        0.501      0.499
     11        0.503      0.499
     12        0.501      0.501
     13        0.500      0.499
     14        0.499      0.501
     15        0.501      0.501
     16        0.501      0.497
     17        0.502      0.502
     18        0.501      0.496
     19        0.500      0.500
     20        0.499      0.499
     21        0.501      0.500
     22        0.498      0.502
     23        0.502      0.498
     24        0.499      0.499
     25        0.502      0.500
     26        0.502      0.499
     27        0.500      0.498
     28        0.496      0.502
     29        0.502      0.503
     30        0.500      0.503
     31        0.498      0.499
     32        0.503      0.497
     33        0.499      0.503
     34        0.499      0.502
     35        0.498      0.498
     36        0.499      0.502
     37        0.499      0.501
     38        0.500      0.499
     39        0.501      0.500
     40        0.502      0.497
     41        0.498      0.499
     42        0.498      0.501
     43        0.501      0.501
     44        0.501      0.499
     45        0.500      0.497
     46        0.499      0.500
     47        0.503      0.501
     48        0.496      0.498
     49        0.501      0.501
     50        0.499      0.500
* Pair-correlation analysis (ave. no. pairs per config.):
  > Shell  nsite  ___dh____  __eueu___  __eued___
      0      1        0          0         10.188
      1      4       12.132     40.789     52.494
      2      4        8.551     50.421     49.076
      3      4        8.439     50.277     49.456
      4      8       17.373     96.954    101.549
      5      4        8.404     50.224     49.578
      6      4        8.355     49.690     50.205
      7      8       16.750    100.329     99.391
      8      4        8.530     48.973     50.579
      9      4        8.343     50.122     49.801
     10      4        8.338     49.766     50.162
     11      1        2.091     12.455     12.521

Optimization #13:
* Method          : lls
* Target function : energy
* No. of configs. : 100096
* No. of params.  : 77
* Before optimization:
  -2.5034E-01   1.7315E-02   2.7731E-02   1.4131E-02   9.9346E-03   2.5153E-03
   3.8337E-03   1.7755E-03   6.3576E-04   7.3763E-04   4.1201E-04   1.1952E-04
  -1.4798E-03  -1.9602E-02  -5.4339E-03  -2.2340E-02  -4.5517E-03  -9.3267E-03
  -3.6518E-03  -5.8863E-03  -1.4754E-03  -1.1254E-03  -1.7422E-03  -2.2421E-03
  -8.6901E-04  -8.3407E-04  -1.3481E-03   9.0203E-04  -1.4314E-04  -5.2064E-04
  -5.2143E-04  -5.1669E-05   7.3983E-01   1.1139E-01  -4.0068E-02  -5.6428E-03
  -6.3985E-03   1.0695E-02  -1.9425E-03   3.2781E-03  -6.1437E-03  -2.8472E-03
   2.3249E-04   3.9657E-03   9.9922E-02  -2.2914E-02  -3.0409E-03  -1.0470E-02
   9.2492E-03   7.6692E-05   2.6963E-03  -4.6437E-04  -2.9826E-03  -1.5623E-03
   5.0403E-03   1.0678E-01  -9.1360E-02  -1.9218E-02   1.2645E-02   1.2245E-02
  -6.2621E-03   1.4330E-03  -1.2450E-02   1.9925E-03   2.2154E-03  -8.6635E-03
   1.1073E-01  -7.0064E-02  -1.4917E-02   5.7873E-03   1.1211E-02  -3.2920E-03
   1.1469E-03  -4.9994E-03   1.8024E-03   3.4006E-04  -7.5524E-03
  > E    =  -6.107949346269E+01 +/-   1.758812167622E-03
  > varE =   3.096389924408E-01
* Computing derivatives.
    [walltime: 1m elapsed, 2m25s remaining]
  Done. [total walltime: 3m26s]
* Optimizing manipulation constant:
  #igrid a___________ E____________________________________ varE____________
     1     Infinity    -6.10794935E+01 +/-   1.75881217E-03   3.09638992E-01
     2     1.0000E+06  -6.10794935E+01 +/-   1.75881185E-03   3.09638881E-01
     3     2.1544E+05  -6.10794935E+01 +/-   1.75881070E-03   3.09638477E-01
     4     4.6416E+04  -6.10794936E+01 +/-   1.75880538E-03   3.09636601E-01
     5     1.0000E+04  -6.10794941E+01 +/-   1.75878069E-03   3.09627909E-01
     6     2.1544E+03  -6.10794965E+01 +/-   1.75866695E-03   3.09587862E-01
     7     4.6416E+02  -6.10795069E+01 +/-   1.75815680E-03   3.09408279E-01
     8     1.0000E+02  -6.10795484E+01 +/-   1.75612260E-03   3.08692719E-01
     9     2.1544E+01  -6.10796509E+01 +/-   1.75089035E-03   3.06856001E-01
    10     4.6416E+00  -6.10797276E+01 +/-   1.74649943E-03   3.05318852E-01
    11     1.0000E+00  -6.10797261E+01 +/-   1.74633650E-03   3.05261886E-01
    12     2.1544E-01  -6.10797181E+01 +/-   1.74675036E-03   3.05406593E-01
    13     4.6416E-02  -6.10797156E+01 +/-   1.74688592E-03   3.05453998E-01
    14     1.0000E-02  -6.10797150E+01 +/-   1.74691781E-03   3.05465149E-01
    15     2.1544E-03  -6.10797149E+01 +/-   1.74692481E-03   3.05467598E-01
    16     4.6416E-04  -6.10797148E+01 +/-   1.74692633E-03   3.05468127E-01
    17     1.0000E-04  -6.10797148E+01 +/-   1.74692665E-03   3.05468241E-01
    18     2.1544E-05  -6.10797148E+01 +/-   1.74692672E-03   3.05468266E-01
    19     4.6416E-06  -6.10797148E+01 +/-   1.74692674E-03   3.05468271E-01
    20     1.0000E-06  -6.10797148E+01 +/-   1.74692674E-03   3.05468273E-01
    21     0.0000E+00  -6.10797148E+01 +/-   1.74692674E-03   3.05468273E-01
  ParMin   2.1895E+00  -6.10797311E+01 +/-   1.74614608E-03   3.05195321E-01
  # Using parabolic minimum
* Iteration # 1: E =  -6.107973106347E+01 +/-   1.746146084504E-03
* Diminishing returns: exiting.
* After optimization:
  -2.3962E-01   1.4999E-02   2.7689E-02   1.4186E-02   9.5210E-03   2.2380E-03
   3.8243E-03   1.6367E-03   2.7073E-04   5.6859E-04   2.2030E-04  -1.5672E-04
   2.0490E-04  -1.9830E-02  -5.4823E-03  -2.2075E-02  -4.6606E-03  -9.3154E-03
  -3.6761E-03  -5.6330E-03  -1.4456E-03  -8.8457E-04  -1.6404E-03  -2.0261E-03
  -8.0212E-04  -7.6715E-04  -1.0771E-03   1.2903E-03  -1.1364E-04  -5.4721E-04
  -1.6909E-04   9.3020E-05   7.3979E-01   1.2448E-01  -3.9191E-02  -7.2329E-03
  -1.0811E-02   9.9479E-03  -8.0837E-04   4.9885E-03  -8.6964E-04  -1.6801E-03
  -2.0352E-03   4.9312E-03   1.1101E-01  -2.1141E-02  -2.3901E-03  -1.4244E-02
   8.1989E-03   1.9440E-03   2.8760E-03   3.5789E-03  -1.2671E-03  -5.7848E-03
   7.7956E-03   1.2120E-01  -9.0776E-02  -1.6662E-02   3.3365E-03   1.9187E-02
  -3.0613E-03   2.5452E-03  -1.0579E-02  -5.4995E-03   8.9536E-03   2.7988E-04
   1.2425E-01  -6.8874E-02  -1.0003E-02  -2.7299E-03   1.7659E-02  -3.2204E-04
  -1.5162E-04  -4.9130E-03  -5.1393E-03   3.9376E-03   5.9681E-03
  > Energy =  -6.107973106347E+01 +/-   1.746146084504E-03
  > varE =   3.051953213530E-01

VMC #14:
* Size of Hilbert space =   1.5980E+28
* Number of equil. steps   = 1000
* Running VMC equilibration.
  Done. [total walltime: 2.84s]
* Equil. acc.ratio (%)     =  31.9965
* Sample config after equilibration:
  +-------------------+
  |  0   u   0   u   u|
  |d   u   u   2   0  |
  |  u   d   2   u   d|
  |d   u   d   u   0  |
  |  u   u   d   d   2|
  |d   d   d   u   2  |
  |  d   d   u   0   0|
  |u   u   0   d   u  |
  |  2   u   2   2   d|
  |0   d   d   d   2  |
  +-------------------+
* Number of accum. steps   = 500480 x 10
* Running VMC accumulation.
    [walltime: 1m elapsed, 8.68s remaining]
  Done. [total walltime: 1m8s]
* Acceptance ratio (%)     =  31.9701
* Etot/t                   =  -6.107785759474E+01 +/-   7.762591663230E-04
  > Ttot/t                 =  -8.143952639269E+01 +/-   5.365188704578E-03
  > Utot/t                 =   2.036166879795E+01 +/-   5.312790702142E-03
* var[Eloc/t]              =   3.019283168930E-01 +/-   3.488362690694E-03
* Correlation length       =   9.988410074764E-01
* log10 Psi^2 range: 38.419393679946161 -- 53.745384720688776
* log10 Pgen range : 38.419393679946161 -- 53.745384720688776
* Site occupation (ave. no. electrons per config.):
  > Site_  ___eu____  ___ed____
      1        0.501      0.500
      2        0.497      0.502
      3        0.502      0.498
      4        0.501      0.500
      5        0.498      0.502
      6        0.504      0.498
      7        0.500      0.498
      8        0.500      0.500
      9        0.500      0.502
     10        0.499      0.499
     11        0.499      0.500
     12        0.500      0.499
     13        0.502      0.500
     14        0.502      0.500
     15        0.496      0.501
     16        0.497      0.501
     17        0.499      0.501
     18        0.500      0.495
     19        0.501      0.501
     20        0.500      0.498
     21        0.502      0.499
     22        0.499      0.500
     23        0.498      0.502
     24        0.501      0.500
     25        0.500      0.501
     26        0.502      0.499
     27        0.499      0.501
     28        0.498      0.500
     29        0.501      0.500
     30        0.497      0.501
     31        0.504      0.500
     32        0.499      0.501
     33        0.499      0.499
     34        0.501      0.499
     35        0.500      0.502
     36        0.499      0.499
     37        0.501      0.498
     38        0.502      0.500
     39        0.500      0.502
     40        0.499      0.498
     41        0.497      0.502
     42        0.501      0.499
     43        0.501      0.500
     44        0.499      0.503
     45        0.499      0.499
     46        0.499      0.499
     47        0.501      0.499
     48        0.501      0.500
     49        0.500      0.501
     50        0.501      0.500
* Pair-correlation analysis (ave. no. pairs per config.):
  > Shell  nsite  ___dh____  __eueu___  __eued___
      0      1        0          0         10.174
      1      4       12.103     40.793     52.501
      2      4        8.538     50.413     49.078
      3      4        8.408     50.272     49.478
      4      8       17.358     96.948    101.515
      5      4        8.363     50.237     49.593
      6      4        8.340     49.690     50.199
      7      8       16.699    100.348     99.389
      8      4        8.502     48.970     50.588
      9      4        8.326     50.124     49.785
     10      4        8.319     49.754     50.173
     11      1        2.082     12.452     12.528

Optimization #14:
* Method          : lls
* Target function : energy
* No. of configs. : 100096
* No. of params.  : 77
* Before optimization:
  -2.3962E-01   1.4999E-02   2.7689E-02   1.4186E-02   9.5210E-03   2.2380E-03
   3.8243E-03   1.6367E-03   2.7073E-04   5.6859E-04   2.2030E-04  -1.5672E-04
   2.0490E-04  -1.9830E-02  -5.4823E-03  -2.2075E-02  -4.6606E-03  -9.3154E-03
  -3.6761E-03  -5.6330E-03  -1.4456E-03  -8.8457E-04  -1.6404E-03  -2.0261E-03
  -8.0212E-04  -7.6715E-04  -1.0771E-03   1.2903E-03  -1.1364E-04  -5.4721E-04
  -1.6909E-04   9.3020E-05   7.3979E-01   1.2448E-01  -3.9191E-02  -7.2329E-03
  -1.0811E-02   9.9479E-03  -8.0837E-04   4.9885E-03  -8.6964E-04  -1.6801E-03
  -2.0352E-03   4.9312E-03   1.1101E-01  -2.1141E-02  -2.3901E-03  -1.4244E-02
   8.1989E-03   1.9440E-03   2.8760E-03   3.5789E-03  -1.2671E-03  -5.7848E-03
   7.7956E-03   1.2120E-01  -9.0776E-02  -1.6662E-02   3.3365E-03   1.9187E-02
  -3.0613E-03   2.5452E-03  -1.0579E-02  -5.4995E-03   8.9536E-03   2.7988E-04
   1.2425E-01  -6.8874E-02  -1.0003E-02  -2.7299E-03   1.7659E-02  -3.2204E-04
  -1.5162E-04  -4.9130E-03  -5.1393E-03   3.9376E-03   5.9681E-03
  > E    =  -6.107810796341E+01 +/-   1.764909727963E-03
  > varE =   3.117896657954E-01
* Computing derivatives.
    [walltime: 1m elapsed, 2m25s remaining]
  Done. [total walltime: 3m26s]
* Optimizing manipulation constant:
  #igrid a___________ E____________________________________ varE____________
     1     Infinity    -6.10781080E+01 +/-   1.76490973E-03   3.11789666E-01
     2     1.0000E+06  -6.10781080E+01 +/-   1.76490914E-03   3.11789459E-01
     3     2.1544E+05  -6.10781080E+01 +/-   1.76490702E-03   3.11788708E-01
     4     4.6416E+04  -6.10781083E+01 +/-   1.76489715E-03   3.11785222E-01
     5     1.0000E+04  -6.10781097E+01 +/-   1.76485142E-03   3.11769065E-01
     6     2.1544E+03  -6.10781159E+01 +/-   1.76464052E-03   3.11694556E-01
     7     4.6416E+02  -6.10781439E+01 +/-   1.76369011E-03   3.11358898E-01
     8     1.0000E+02  -6.10782568E+01 +/-   1.75982226E-03   3.09994748E-01
     9     2.1544E+01  -6.10785546E+01 +/-   1.74912406E-03   3.06237202E-01
    10     4.6416E+00  -6.10787934E+01 +/-   1.73832426E-03   3.02467213E-01
    11     1.0000E+00  -6.10787514E+01 +/-   1.73668101E-03   3.01895636E-01
    12     2.1544E-01  -6.10786994E+01 +/-   1.73721472E-03   3.02081219E-01
    13     4.6416E-02  -6.10786838E+01 +/-   1.73742891E-03   3.02155712E-01
    14     1.0000E-02  -6.10786802E+01 +/-   1.73748089E-03   3.02173792E-01
    15     2.1544E-03  -6.10786794E+01 +/-   1.73749237E-03   3.02177787E-01
    16     4.6416E-04  -6.10786793E+01 +/-   1.73749486E-03   3.02178652E-01
    17     1.0000E-04  -6.10786792E+01 +/-   1.73749540E-03   3.02178839E-01
    18     2.1544E-05  -6.10786792E+01 +/-   1.73749551E-03   3.02178879E-01
    19     4.6416E-06  -6.10786792E+01 +/-   1.73749554E-03   3.02178887E-01
    20     1.0000E-06  -6.10786792E+01 +/-   1.73749554E-03   3.02178889E-01
    21     0.0000E+00  -6.10786792E+01 +/-   1.73749554E-03   3.02178890E-01
  ParMin   2.5909E+00  -6.10787944E+01 +/-   1.73694032E-03   3.01985796E-01
  # Using parabolic minimum
* Iteration # 1: E =  -6.107879441174E+01 +/-   1.736940320156E-03
* Computing derivatives.
    [walltime: 1m elapsed, 2m25s remaining]
  Done. [total walltime: 3m26s]
* Optimizing manipulation constant:
  #igrid a___________ E____________________________________ varE____________
     1     Infinity    -6.10787944E+01 +/-   1.73694032E-03   3.01985796E-01
     2     1.0000E+06  -6.10787944E+01 +/-   1.73694030E-03   3.01985790E-01
     3     2.1544E+05  -6.10787944E+01 +/-   1.73694024E-03   3.01985768E-01
     4     4.6416E+04  -6.10787944E+01 +/-   1.73693995E-03   3.01985668E-01
     5     1.0000E+04  -6.10787944E+01 +/-   1.73693861E-03   3.01985202E-01
     6     2.1544E+03  -6.10787946E+01 +/-   1.73693243E-03   3.01983054E-01
     7     4.6416E+02  -6.10787951E+01 +/-   1.73690463E-03   3.01973387E-01
     8     1.0000E+02  -6.10787970E+01 +/-   1.73679203E-03   3.01934235E-01
     9     2.1544E+01  -6.10787982E+01 +/-   1.73648411E-03   3.01827183E-01
    10     4.6416E+00  -6.10787800E+01 +/-   1.73617209E-03   3.01718726E-01
    11     1.0000E+00  -6.10787489E+01 +/-   1.73611579E-03   3.01699158E-01
    12     2.1544E-01  -6.10787342E+01 +/-   1.73612810E-03   3.01703435E-01
    13     4.6416E-02  -6.10787302E+01 +/-   1.73613385E-03   3.01705436E-01
    14     1.0000E-02  -6.10787293E+01 +/-   1.73613529E-03   3.01705934E-01
    15     2.1544E-03  -6.10787291E+01 +/-   1.73613561E-03   3.01706045E-01
    16     4.6416E-04  -6.10787291E+01 +/-   1.73613568E-03   3.01706069E-01
    17     1.0000E-04  -6.10787291E+01 +/-   1.73613569E-03   3.01706074E-01
    18     2.1544E-05  -6.10787291E+01 +/-   1.73613570E-03   3.01706075E-01
    19     4.6416E-06  -6.10787291E+01 +/-   1.73613570E-03   3.01706076E-01
    20     1.0000E-06  -6.10787291E+01 +/-   1.73613570E-03   3.01706076E-01
    21     0.0000E+00  -6.10787291E+01 +/-   1.73613570E-03   3.01706076E-01
  ParMin   3.9105E+01  -6.10787985E+01 +/-   1.73662779E-03   3.01877131E-01
  # Using grid point #9
* Iteration # 2: E =  -6.107879819909E+01 +/-   1.736484109746E-03
* Convergence: exiting.
* After optimization:
  -2.4027E-01   1.3948E-02   2.7260E-02   1.4687E-02   9.9903E-03   2.4718E-03
   4.1804E-03   1.9238E-03   7.1177E-04   4.4640E-04   3.3015E-04  -4.3493E-04
   6.8430E-04  -2.0152E-02  -4.9008E-03  -2.2216E-02  -4.6766E-03  -9.5972E-03
  -3.7094E-03  -6.1568E-03  -1.3255E-03  -1.3959E-03  -1.9022E-03  -2.3901E-03
  -8.3749E-04  -1.0052E-03  -1.1717E-03   8.8443E-04  -2.4773E-05  -3.6959E-04
  -8.7341E-05   2.2423E-04   7.3559E-01   1.3100E-01  -4.8141E-02  -7.4394E-03
  -8.5698E-03   1.2701E-02  -8.7919E-03   8.0155E-03  -6.1404E-03   9.1540E-03
  -8.0432E-03  -5.9429E-03   1.1767E-01  -2.8474E-02  -2.3437E-03  -1.1826E-02
   9.2933E-03  -5.5473E-03   8.0468E-03  -8.9957E-04   7.3126E-03  -9.3615E-03
  -9.4244E-03   1.1968E-01  -8.9950E-02  -1.2906E-02   3.1298E-03   1.5856E-02
  -3.4414E-03  -4.5382E-03  -3.7826E-03  -6.2254E-03   1.5405E-02   1.6899E-03
   1.2451E-01  -6.6553E-02  -5.7008E-03  -2.5492E-03   1.2029E-02   3.7638E-04
  -3.5484E-03   1.6164E-03  -7.8845E-03   1.2721E-02  -2.6355E-03
  > Energy =  -6.107879819909E+01 +/-   1.736484109746E-03
  > varE =   3.018271825381E-01

VMC #15:
* Size of Hilbert space =   1.5980E+28
* Number of equil. steps   = 1000
* Running VMC equilibration.
  Done. [total walltime: 2.85s]
* Equil. acc.ratio (%)     =  31.9736
* Sample config after equilibration:
  +-------------------+
  |  u   u   d   0   d|
  |d   u   u   d   0  |
  |  2   0   2   2   u|
  |0   u   0   d   u  |
  |  d   0   d   0   d|
  |2   u   2   2   d  |
  |  2   2   u   d   u|
  |2   d   0   0   0  |
  |  u   0   d   2   d|
  |d   2   u   u   u  |
  +-------------------+
* Number of accum. steps   = 500480 x 10
* Running VMC accumulation.
    [walltime: 1m elapsed, 8.60s remaining]
  Done. [total walltime: 1m8s]
* Acceptance ratio (%)     =  31.9716
* Etot/t                   =  -6.107727457320E+01 +/-   7.701787980769E-04
  > Ttot/t                 =  -8.144755510388E+01 +/-   5.312864675472E-03
  > Utot/t                 =   2.037028053069E+01 +/-   5.242873105216E-03
* var[Eloc/t]              =   3.055625785084E-01 +/-   7.241830450940E-03
* Correlation length       =   9.715601175239E-01
* log10 Psi^2 range: 38.646073710410889 -- 53.088580927110797
* log10 Pgen range : 38.646073710410889 -- 53.088580927110797
* Site occupation (ave. no. electrons per config.):
  > Site_  ___eu____  ___ed____
      1        0.501      0.500
      2        0.500      0.501
      3        0.500      0.499
      4        0.499      0.500
      5        0.500      0.500
      6        0.500      0.499
      7        0.502      0.500
      8        0.497      0.502
      9        0.499      0.502
     10        0.501      0.501
     11        0.502      0.500
     12        0.499      0.499
     13        0.500      0.502
     14        0.501      0.500
     15        0.499      0.503
     16        0.499      0.501
     17        0.500      0.498
     18        0.498      0.501
     19        0.503      0.498
     20        0.497      0.499
     21        0.501      0.501
     22        0.500      0.502
     23        0.501      0.499
     24        0.501      0.500
     25        0.502      0.499
     26        0.499      0.502
     27        0.501      0.496
     28        0.502      0.499
     29        0.500      0.502
     30        0.502      0.498
     31        0.500      0.499
     32        0.497      0.497
     33        0.500      0.502
     34        0.500      0.499
     35        0.499      0.501
     36        0.497      0.503
     37        0.501      0.499
     38        0.500      0.498
     39        0.500      0.503
     40        0.503      0.499
     41        0.499      0.503
     42        0.501      0.497
     43        0.498      0.500
     44        0.500      0.500
     45        0.500      0.502
     46        0.500      0.498
     47        0.498      0.502
     48        0.499      0.501
     49        0.499      0.498
     50        0.499      0.498
* Pair-correlation analysis (ave. no. pairs per config.):
  > Shell  nsite  ___dh____  __eueu___  __eued___
      0      1        0          0         10.185
      1      4       12.118     40.808     52.488
      2      4        8.544     50.406     49.096
      3      4        8.430     50.275     49.466
      4      8       17.391     96.953    101.513
      5      4        8.385     50.229     49.605
      6      4        8.361     49.658     50.220
      7      8       16.736    100.348     99.384
      8      4        8.534     48.972     50.563
      9      4        8.335     50.115     49.800
     10      4        8.328     49.780     50.163
     11      1        2.090     12.455     12.517

Optimization #15:
* Method          : lls
* Target function : energy
* No. of configs. : 100096
* No. of params.  : 77
* Before optimization:
  -2.4027E-01   1.3948E-02   2.7260E-02   1.4687E-02   9.9903E-03   2.4718E-03
   4.1804E-03   1.9238E-03   7.1177E-04   4.4640E-04   3.3015E-04  -4.3493E-04
   6.8430E-04  -2.0152E-02  -4.9008E-03  -2.2216E-02  -4.6766E-03  -9.5972E-03
  -3.7094E-03  -6.1568E-03  -1.3255E-03  -1.3959E-03  -1.9022E-03  -2.3901E-03
  -8.3749E-04  -1.0052E-03  -1.1717E-03   8.8443E-04  -2.4773E-05  -3.6959E-04
  -8.7341E-05   2.2423E-04   7.3559E-01   1.3100E-01  -4.8141E-02  -7.4394E-03
  -8.5698E-03   1.2701E-02  -8.7919E-03   8.0155E-03  -6.1404E-03   9.1540E-03
  -8.0432E-03  -5.9429E-03   1.1767E-01  -2.8474E-02  -2.3437E-03  -1.1826E-02
   9.2933E-03  -5.5473E-03   8.0468E-03  -8.9957E-04   7.3126E-03  -9.3615E-03
  -9.4244E-03   1.1968E-01  -8.9950E-02  -1.2906E-02   3.1298E-03   1.5856E-02
  -3.4414E-03  -4.5382E-03  -3.7826E-03  -6.2254E-03   1.5405E-02   1.6899E-03
   1.2451E-01  -6.6553E-02  -5.7008E-03  -2.5492E-03   1.2029E-02   3.7638E-04
  -3.5484E-03   1.6164E-03  -7.8845E-03   1.2721E-02  -2.6355E-03
  > E    =  -6.107913227529E+01 +/-   1.749986241014E-03
  > varE =   3.065391797509E-01
* Computing derivatives.
    [walltime: 1m elapsed, 2m26s remaining]
  Done. [total walltime: 3m25s]
* Optimizing manipulation constant:
  #igrid a___________ E____________________________________ varE____________
     1     Infinity    -6.10791323E+01 +/-   1.74998624E-03   3.06539180E-01
     2     1.0000E+06  -6.10791323E+01 +/-   1.74998577E-03   3.06539015E-01
     3     2.1544E+05  -6.10791323E+01 +/-   1.74998406E-03   3.06538415E-01
     4     4.6416E+04  -6.10791325E+01 +/-   1.74997611E-03   3.06535629E-01
     5     1.0000E+04  -6.10791335E+01 +/-   1.74993925E-03   3.06522718E-01
     6     2.1544E+03  -6.10791379E+01 +/-   1.74976925E-03   3.06463166E-01
     7     4.6416E+02  -6.10791577E+01 +/-   1.74900239E-03   3.06194599E-01
     8     1.0000E+02  -6.10792377E+01 +/-   1.74586357E-03   3.05096572E-01
     9     2.1544E+01  -6.10794550E+01 +/-   1.73682350E-03   3.01945175E-01
    10     4.6416E+00  -6.10796795E+01 +/-   1.72504627E-03   2.97864138E-01
    11     1.0000E+00  -6.10797358E+01 +/-   1.71874578E-03   2.95692297E-01
    12     2.1544E-01  -6.10797379E+01 +/-   1.71676084E-03   2.95009716E-01
    13     4.6416E-02  -6.10797371E+01 +/-   1.71627732E-03   2.94843561E-01
    14     1.0000E-02  -6.10797369E+01 +/-   1.71616994E-03   2.94806669E-01
    15     2.1544E-03  -6.10797368E+01 +/-   1.71614665E-03   2.94798667E-01
    16     4.6416E-04  -6.10797368E+01 +/-   1.71614162E-03   2.94796941E-01
    17     1.0000E-04  -6.10797368E+01 +/-   1.71614054E-03   2.94796569E-01
    18     2.1544E-05  -6.10797368E+01 +/-   1.71614031E-03   2.94796489E-01
    19     4.6416E-06  -6.10797368E+01 +/-   1.71614026E-03   2.94796472E-01
    20     1.0000E-06  -6.10797368E+01 +/-   1.71614025E-03   2.94796468E-01
    21     0.0000E+00  -6.10797368E+01 +/-   1.71614024E-03   2.94796467E-01
* Iteration # 1: E =  -6.107973680938E+01 +/-   1.716140243794E-03
* Computing derivatives.
    [walltime: 1m elapsed, 2m26s remaining]
  Done. [total walltime: 3m25s]
* Optimizing manipulation constant:
  #igrid a___________ E____________________________________ varE____________
     1     Infinity    -6.10797368E+01 +/-   1.71614024E-03   2.94796467E-01
     2     1.0000E+06  -6.10797368E+01 +/-   1.71614022E-03   2.94796459E-01
     3     2.1544E+05  -6.10797368E+01 +/-   1.71614014E-03   2.94796431E-01
     4     4.6416E+04  -6.10797368E+01 +/-   1.71613976E-03   2.94796300E-01
     5     1.0000E+04  -6.10797368E+01 +/-   1.71613799E-03   2.94795694E-01
     6     2.1544E+03  -6.10797367E+01 +/-   1.71612985E-03   2.94792897E-01
     7     4.6416E+02  -6.10797365E+01 +/-   1.71609316E-03   2.94780292E-01
     8     1.0000E+02  -6.10797351E+01 +/-   1.71594344E-03   2.94728858E-01
     9     2.1544E+01  -6.10797291E+01 +/-   1.71551538E-03   2.94581830E-01
    10     4.6416E+00  -6.10797135E+01 +/-   1.71494118E-03   2.94384664E-01
    11     1.0000E+00  -6.10796991E+01 +/-   1.71456363E-03   2.94255059E-01
    12     2.1544E-01  -6.10796937E+01 +/-   1.71441415E-03   2.94203754E-01
    13     4.6416E-02  -6.10796923E+01 +/-   1.71437451E-03   2.94190147E-01
    14     1.0000E-02  -6.10796920E+01 +/-   1.71436552E-03   2.94187062E-01
    15     2.1544E-03  -6.10796919E+01 +/-   1.71436356E-03   2.94186389E-01
    16     4.6416E-04  -6.10796919E+01 +/-   1.71436314E-03   2.94186244E-01
    17     1.0000E-04  -6.10796919E+01 +/-   1.71436304E-03   2.94186213E-01
    18     2.1544E-05  -6.10796919E+01 +/-   1.71436302E-03   2.94186206E-01
    19     4.6416E-06  -6.10796919E+01 +/-   1.71436302E-03   2.94186204E-01
    20     1.0000E-06  -6.10796919E+01 +/-   1.71436302E-03   2.94186204E-01
    21     0.0000E+00  -6.10796919E+01 +/-   1.71436302E-03   2.94186204E-01
* Iteration # 2: E =  -6.107973680938E+01 +/-   1.716140243794E-03
* Convergence: exiting.
* After optimization:
  -2.3125E-01   1.3457E-02   2.8125E-02   1.4651E-02   1.0175E-02   2.7215E-03
   4.3100E-03   2.0998E-03   3.8757E-04   6.4299E-04   3.2032E-04   9.3266E-05
   2.3183E-03  -2.0316E-02  -5.4531E-03  -2.2621E-02  -4.6135E-03  -9.7988E-03
  -3.5600E-03  -6.3411E-03  -1.3523E-03  -1.3495E-03  -1.8742E-03  -2.3775E-03
  -1.1048E-03  -1.1230E-03  -1.3166E-03   7.3296E-04  -2.3436E-04  -6.2381E-04
  -5.2190E-05   3.5353E-04   7.3974E-01   1.3563E-01  -3.8515E-02  -1.6353E-02
  -1.0165E-02   1.2656E-02   5.6249E-03   4.5804E-03  -9.8908E-04   3.4884E-03
  -7.0426E-03   2.2153E-03   1.2042E-01  -2.1117E-02  -1.2684E-02  -1.5349E-02
   9.0769E-03   8.8190E-03   3.6730E-03   2.7166E-03   1.9236E-03  -9.4919E-03
   1.9880E-03   1.4062E-01  -9.5007E-02  -1.6332E-02   8.5543E-04   1.8908E-02
  -1.1350E-03  -3.0573E-03  -1.9458E-03   5.7570E-04   1.1509E-02  -8.7839E-03
   1.4205E-01  -7.3695E-02  -1.0695E-02  -7.2171E-03   1.4232E-02   2.2037E-03
  -3.9116E-03   3.5666E-03  -7.0024E-04   8.2930E-03  -1.0649E-02
  > Energy =  -6.107973680938E+01 +/-   1.716140243794E-03
  > varE =   2.947964668212E-01

VMC #16:
* Size of Hilbert space =   1.5980E+28
* Number of equil. steps   = 1000
* Running VMC equilibration.
  Done. [total walltime: 2.84s]
* Equil. acc.ratio (%)     =  31.9722
* Sample config after equilibration:
  +-------------------+
  |  d   u   u   2   2|
  |d   u   d   0   d  |
  |  d   u   u   u   u|
  |u   0   0   0   2  |
  |  2   u   d   2   0|
  |2   0   2   d   u  |
  |  u   0   u   2   2|
  |0   2   d   d   d  |
  |  u   0   2   u   d|
  |d   d   d   0   0  |
  +-------------------+
* Number of accum. steps   = 500480 x 10
* Running VMC accumulation.
    [walltime: 1m elapsed, 8.80s remaining]
  Done. [total walltime: 1m8s]
* Acceptance ratio (%)     =  31.9779
* Etot/t                   =  -6.107708455417E+01 +/-   7.650276828882E-04
  > Ttot/t                 =  -8.144983471402E+01 +/-   5.237165323930E-03
  > Utot/t                 =   2.037275015985E+01 +/-   5.191377395415E-03
* var[Eloc/t]              =   2.922762083282E-01 +/-   2.462127087190E-03
* Correlation length       =   1.002184227717E+00
* log10 Psi^2 range: 40.150435199149463 -- 53.698390206044898
* log10 Pgen range : 40.150435199149463 -- 53.698390206044898
* Site occupation (ave. no. electrons per config.):
  > Site_  ___eu____  ___ed____
      1        0.498      0.500
      2        0.500      0.498
      3        0.498      0.501
      4        0.499      0.501
      5        0.500      0.499
      6        0.499      0.498
      7        0.501      0.502
      8        0.499      0.503
      9        0.500      0.500
     10        0.500      0.500
     11        0.499      0.501
     12        0.499      0.499
     13        0.502      0.499
     14        0.502      0.495
     15        0.499      0.503
     16        0.500      0.501
     17        0.502      0.498
     18        0.503      0.498
     19        0.498      0.500
     20        0.502      0.498
     21        0.500      0.498
     22        0.503      0.498
     23        0.501      0.502
     24        0.501      0.501
     25        0.498      0.501
     26        0.501      0.500
     27        0.502      0.499
     28        0.502      0.500
     29        0.497      0.502
     30        0.500      0.499
     31        0.500      0.504
     32        0.503      0.499
     33        0.499      0.501
     34        0.499      0.499
     35        0.499      0.498
     36        0.497      0.501
     37        0.501      0.501
     38        0.499      0.502
     39        0.500      0.499
     40        0.499      0.501
     41        0.503      0.498
     42        0.497      0.502
     43        0.498      0.499
     44        0.502      0.500
     45        0.500      0.499
     46        0.501      0.501
     47        0.501      0.501
     48        0.500      0.500
     49        0.499      0.500
     50        0.500      0.500
* Pair-correlation analysis (ave. no. pairs per config.):
  > Shell  nsite  ___dh____  __eueu___  __eued___
      0      1        0          0         10.180
      1      4       12.110     40.787     52.516
      2      4        8.561     50.402     49.077
      3      4        8.437     50.285     49.453
      4      8       17.370     96.955    101.528
      5      4        8.372     50.235     49.603
      6      4        8.351     49.668     50.211
      7      8       16.717    100.359     99.387
      8      4        8.534     48.965     50.569
      9      4        8.337     50.121     49.799
     10      4        8.341     49.762     50.151
     11      1        2.084     12.460     12.525

Optimization #16:
* Method          : lls
* Target function : energy
* No. of configs. : 100096
* No. of params.  : 77
* Before optimization:
  -2.3125E-01   1.3457E-02   2.8125E-02   1.4651E-02   1.0175E-02   2.7215E-03
   4.3100E-03   2.0998E-03   3.8757E-04   6.4299E-04   3.2032E-04   9.3266E-05
   2.3183E-03  -2.0316E-02  -5.4531E-03  -2.2621E-02  -4.6135E-03  -9.7988E-03
  -3.5600E-03  -6.3411E-03  -1.3523E-03  -1.3495E-03  -1.8742E-03  -2.3775E-03
  -1.1048E-03  -1.1230E-03  -1.3166E-03   7.3296E-04  -2.3436E-04  -6.2381E-04
  -5.2190E-05   3.5353E-04   7.3974E-01   1.3563E-01  -3.8515E-02  -1.6353E-02
  -1.0165E-02   1.2656E-02   5.6249E-03   4.5804E-03  -9.8908E-04   3.4884E-03
  -7.0426E-03   2.2153E-03   1.2042E-01  -2.1117E-02  -1.2684E-02  -1.5349E-02
   9.0769E-03   8.8190E-03   3.6730E-03   2.7166E-03   1.9236E-03  -9.4919E-03
   1.9880E-03   1.4062E-01  -9.5007E-02  -1.6332E-02   8.5543E-04   1.8908E-02
  -1.1350E-03  -3.0573E-03  -1.9458E-03   5.7570E-04   1.1509E-02  -8.7839E-03
   1.4205E-01  -7.3695E-02  -1.0695E-02  -7.2171E-03   1.4232E-02   2.2037E-03
  -3.9116E-03   3.5666E-03  -7.0024E-04   8.2930E-03  -1.0649E-02
  > E    =  -6.107834366737E+01 +/-   1.700644018551E-03
  > varE =   2.894966580309E-01
* Computing derivatives.
    [walltime: 1m elapsed, 2m25s remaining]
  Done. [total walltime: 3m26s]
* Optimizing manipulation constant:
  #igrid a___________ E____________________________________ varE____________
     1     Infinity    -6.10783437E+01 +/-   1.70064402E-03   2.89496658E-01
     2     1.0000E+06  -6.10783437E+01 +/-   1.70064371E-03   2.89496555E-01
     3     2.1544E+05  -6.10783437E+01 +/-   1.70064261E-03   2.89496178E-01
     4     4.6416E+04  -6.10783438E+01 +/-   1.70063748E-03   2.89494431E-01
     5     1.0000E+04  -6.10783443E+01 +/-   1.70061369E-03   2.89486331E-01
     6     2.1544E+03  -6.10783464E+01 +/-   1.70050399E-03   2.89448987E-01
     7     4.6416E+02  -6.10783560E+01 +/-   1.70001010E-03   2.89280876E-01
     8     1.0000E+02  -6.10783948E+01 +/-   1.69800652E-03   2.88599404E-01
     9     2.1544E+01  -6.10785014E+01 +/-   1.69248822E-03   2.86726631E-01
    10     4.6416E+00  -6.10785997E+01 +/-   1.68678432E-03   2.84797278E-01
    11     1.0000E+00  -6.10785958E+01 +/-   1.68567916E-03   2.84424208E-01
    12     2.1544E-01  -6.10785806E+01 +/-   1.68583587E-03   2.84477093E-01
    13     4.6416E-02  -6.10785758E+01 +/-   1.68591459E-03   2.84503661E-01
    14     1.0000E-02  -6.10785747E+01 +/-   1.68593419E-03   2.84510277E-01
    15     2.1544E-03  -6.10785744E+01 +/-   1.68593854E-03   2.84511746E-01
    16     4.6416E-04  -6.10785744E+01 +/-   1.68593949E-03   2.84512065E-01
    17     1.0000E-04  -6.10785744E+01 +/-   1.68593969E-03   2.84512133E-01
    18     2.1544E-05  -6.10785744E+01 +/-   1.68593973E-03   2.84512148E-01
    19     4.6416E-06  -6.10785744E+01 +/-   1.68593974E-03   2.84512151E-01
    20     1.0000E-06  -6.10785744E+01 +/-   1.68593975E-03   2.84512152E-01
    21     0.0000E+00  -6.10785744E+01 +/-   1.68593975E-03   2.84512152E-01
  ParMin   2.1695E+00  -6.10786048E+01 +/-   1.68584046E-03   2.84478643E-01
  # Using parabolic minimum
* Iteration # 1: E =  -6.107860480917E+01 +/-   1.685840459368E-03
* Diminishing returns: exiting.
* After optimization:
  -2.3907E-01   1.4463E-02   2.7757E-02   1.4489E-02   9.5212E-03   2.2768E-03
   3.9094E-03   1.6629E-03   2.6132E-04   5.8223E-04   2.7229E-04  -9.3645E-05
   1.4666E-03  -2.0480E-02  -4.8852E-03  -2.2847E-02  -4.3317E-03  -1.0003E-02
  -3.1017E-03  -6.2911E-03  -9.5198E-04  -1.5092E-03  -1.4414E-03  -2.4230E-03
  -5.7507E-04  -1.1310E-03  -8.5921E-04   8.3191E-04   3.7122E-05  -6.4349E-04
  -2.5065E-04  -5.6556E-05   7.3872E-01   1.2898E-01  -3.9546E-02  -7.9479E-03
  -1.2670E-02   1.2518E-02  -3.9631E-04   4.7696E-03  -1.7300E-03   2.5545E-03
  -3.4702E-03  -2.9379E-03   1.1546E-01  -2.0114E-02  -3.8217E-03  -1.5777E-02
   9.6764E-03   1.8415E-03   3.3757E-03   1.8344E-03   2.7342E-03  -5.4031E-03
  -6.9966E-04   1.3019E-01  -9.4585E-02  -2.2302E-02   5.0026E-03   1.6181E-02
  -2.9311E-03   4.6274E-03  -8.9204E-03  -2.0040E-04   2.2488E-03  -2.2960E-03
   1.3275E-01  -7.0626E-02  -1.6418E-02  -1.0082E-03   1.2934E-02  -7.2028E-04
   2.5842E-03  -4.5862E-03   1.5611E-04  -4.8387E-04   2.9024E-04
  > Energy =  -6.107860480917E+01 +/-   1.685840459368E-03
  > varE =   2.844786430174E-01

VMC #17:
* Size of Hilbert space =   1.5980E+28
* Number of equil. steps   = 1000
* Running VMC equilibration.
  Done. [total walltime: 2.84s]
* Equil. acc.ratio (%)     =  32.0213
* Sample config after equilibration:
  +-------------------+
  |  2   2   0   0   0|
  |2   0   2   u   2  |
  |  d   u   0   d   u|
  |0   d   u   u   d  |
  |  2   u   u   0   u|
  |2   0   2   d   d  |
  |  0   d   d   d   d|
  |d   u   u   2   u  |
  |  u   d   d   d   d|
  |2   0   u   u   u  |
  +-------------------+
* Number of accum. steps   = 500480 x 10
* Running VMC accumulation.
    [walltime: 1m elapsed, 8.72s remaining]
  Done. [total walltime: 1m8s]
* Acceptance ratio (%)     =  31.9896
* Etot/t                   =  -6.107608817000E+01 +/-   7.750990996533E-04
  > Ttot/t                 =  -8.147215594494E+01 +/-   5.292301876360E-03
  > Utot/t                 =   2.039606777494E+01 +/-   5.243618395360E-03
* var[Eloc/t]              =   3.075007927109E-01 +/-   8.538309230769E-03
* Correlation length       =   9.778110756260E-01
* log10 Psi^2 range: 39.001399112701208 -- 52.838261492390721
* log10 Pgen range : 39.001399112701208 -- 52.838261492390721
* Site occupation (ave. no. electrons per config.):
  > Site_  ___eu____  ___ed____
      1        0.500      0.501
      2        0.501      0.498
      3        0.499      0.501
      4        0.502      0.502
      5        0.498      0.501
      6        0.499      0.497
      7        0.500      0.502
      8        0.497      0.502
      9        0.499      0.500
     10        0.499      0.501
     11        0.500      0.497
     12        0.499      0.501
     13        0.499      0.501
     14        0.503      0.500
     15        0.501      0.498
     16        0.502      0.499
     17        0.499      0.499
     18        0.498      0.499
     19        0.503      0.499
     20        0.500      0.502
     21        0.500      0.499
     22        0.499      0.499
     23        0.501      0.500
     24        0.499      0.501
     25        0.500      0.501
     26        0.498      0.502
     27        0.501      0.499
     28        0.498      0.500
     29        0.499      0.498
     30        0.499      0.501
     31        0.499      0.498
     32        0.502      0.499
     33        0.501      0.499
     34        0.502      0.502
     35        0.501      0.500
     36        0.501      0.501
     37        0.500      0.500
     38        0.501      0.500
     39        0.501      0.501
     40        0.499      0.500
     41        0.500      0.501
     42        0.503      0.500
     43        0.500      0.498
     44        0.501      0.499
     45        0.499      0.503
     46        0.499      0.499
     47        0.500      0.501
     48        0.500      0.499
     49        0.499      0.498
     50        0.499      0.501
* Pair-correlation analysis (ave. no. pairs per config.):
  > Shell  nsite  ___dh____  __eueu___  __eued___
      0      1        0          0         10.198
      1      4       12.152     40.784     52.493
      2      4        8.576     50.414     49.081
      3      4        8.465     50.279     49.440
      4      8       17.421     96.942    101.540
      5      4        8.414     50.225     49.589
      6      4        8.391     49.657     50.207
      7      8       16.744    100.401     99.393
      8      4        8.550     48.972     50.573
      9      4        8.361     50.116     49.809
     10      4        8.369     49.752     50.147
     11      1        2.086     12.458     12.528

Optimization #17:
* Method          : lls
* Target function : energy
* No. of configs. : 100096
* No. of params.  : 77
* Before optimization:
  -2.3907E-01   1.4463E-02   2.7757E-02   1.4489E-02   9.5212E-03   2.2768E-03
   3.9094E-03   1.6629E-03   2.6132E-04   5.8223E-04   2.7229E-04  -9.3645E-05
   1.4666E-03  -2.0480E-02  -4.8852E-03  -2.2847E-02  -4.3317E-03  -1.0003E-02
  -3.1017E-03  -6.2911E-03  -9.5198E-04  -1.5092E-03  -1.4414E-03  -2.4230E-03
  -5.7507E-04  -1.1310E-03  -8.5921E-04   8.3191E-04   3.7122E-05  -6.4349E-04
  -2.5065E-04  -5.6556E-05   7.3872E-01   1.2898E-01  -3.9546E-02  -7.9479E-03
  -1.2670E-02   1.2518E-02  -3.9631E-04   4.7696E-03  -1.7300E-03   2.5545E-03
  -3.4702E-03  -2.9379E-03   1.1546E-01  -2.0114E-02  -3.8217E-03  -1.5777E-02
   9.6764E-03   1.8415E-03   3.3757E-03   1.8344E-03   2.7342E-03  -5.4031E-03
  -6.9966E-04   1.3019E-01  -9.4585E-02  -2.2302E-02   5.0026E-03   1.6181E-02
  -2.9311E-03   4.6274E-03  -8.9204E-03  -2.0040E-04   2.2488E-03  -2.2960E-03
   1.3275E-01  -7.0626E-02  -1.6418E-02  -1.0082E-03   1.2934E-02  -7.2028E-04
   2.5842E-03  -4.5862E-03   1.5611E-04  -4.8387E-04   2.9024E-04
  > E    =  -6.107951466659E+01 +/-   1.741978275275E-03
  > varE =   3.037401420309E-01
* Computing derivatives.
    [walltime: 1m elapsed, 2m24s remaining]
  Done. [total walltime: 3m26s]
* Optimizing manipulation constant:
  #igrid a___________ E____________________________________ varE____________
     1     Infinity    -6.10795147E+01 +/-   1.74197828E-03   3.03740142E-01
     2     1.0000E+06  -6.10795147E+01 +/-   1.74197813E-03   3.03740091E-01
     3     2.1544E+05  -6.10795147E+01 +/-   1.74197760E-03   3.03739905E-01
     4     4.6416E+04  -6.10795147E+01 +/-   1.74197513E-03   3.03739044E-01
     5     1.0000E+04  -6.10795150E+01 +/-   1.74196368E-03   3.03735053E-01
     6     2.1544E+03  -6.10795164E+01 +/-   1.74191095E-03   3.03716663E-01
     7     4.6416E+02  -6.10795223E+01 +/-   1.74167429E-03   3.03634144E-01
     8     1.0000E+02  -6.10795466E+01 +/-   1.74072940E-03   3.03304779E-01
     9     2.1544E+01  -6.10796150E+01 +/-   1.73833546E-03   3.02471112E-01
    10     4.6416E+00  -6.10796894E+01 +/-   1.73699559E-03   3.02005013E-01
    11     1.0000E+00  -6.10797064E+01 +/-   1.73845972E-03   3.02514355E-01
    12     2.1544E-01  -6.10797051E+01 +/-   1.73946879E-03   3.02865641E-01
    13     4.6416E-02  -6.10797043E+01 +/-   1.73975775E-03   3.02966271E-01
    14     1.0000E-02  -6.10797040E+01 +/-   1.73982415E-03   3.02989399E-01
    15     2.1544E-03  -6.10797040E+01 +/-   1.73983866E-03   3.02994452E-01
    16     4.6416E-04  -6.10797040E+01 +/-   1.73984180E-03   3.02995544E-01
    17     1.0000E-04  -6.10797040E+01 +/-   1.73984247E-03   3.02995780E-01
    18     2.1544E-05  -6.10797040E+01 +/-   1.73984262E-03   3.02995830E-01
    19     4.6416E-06  -6.10797040E+01 +/-   1.73984265E-03   3.02995841E-01
    20     1.0000E-06  -6.10797040E+01 +/-   1.73984266E-03   3.02995844E-01
    21     0.0000E+00  -6.10797040E+01 +/-   1.73984266E-03   3.02995844E-01
  ParMin   6.8518E-01  -6.10797063E+01 +/-   1.73880809E-03   3.02635608E-01
  # Using grid point #11
* Iteration # 1: E =  -6.107970635764E+01 +/-   1.738459719710E-03
* Diminishing returns: exiting.
* After optimization:
  -2.3079E-01   1.3840E-02   2.7271E-02   1.3811E-02   9.2091E-03   1.9065E-03
   3.6510E-03   1.4768E-03  -2.7142E-04   3.7577E-04   4.7495E-05   3.9092E-05
   1.3105E-03  -2.0138E-02  -4.8976E-03  -2.2146E-02  -4.0942E-03  -9.5581E-03
  -3.1591E-03  -5.9755E-03  -8.2969E-04  -1.0782E-03  -1.3277E-03  -2.3250E-03
  -5.8513E-04  -1.0262E-03  -6.1861E-04   1.0905E-03   1.2033E-04  -4.8866E-04
  -1.7442E-04   4.2115E-05   7.4372E-01   1.2961E-01  -4.0984E-02  -1.2300E-02
  -9.1750E-03   7.7723E-03   4.4879E-03  -3.8025E-04   2.5532E-03   4.2469E-04
  -1.0159E-03  -1.7055E-03   1.1620E-01  -2.1512E-02  -7.5675E-03  -1.2261E-02
   5.8923E-03   7.1842E-03  -8.6766E-04   6.6594E-03   7.4150E-04  -2.8643E-03
  -7.9100E-05   1.2755E-01  -9.2017E-02  -2.1788E-02   2.9481E-03   1.7264E-02
  -1.7738E-03   2.4935E-03  -9.6497E-03   3.0404E-03   9.4647E-04  -9.8018E-03
   1.3122E-01  -6.8054E-02  -1.5394E-02  -2.4629E-03   1.4634E-02   1.9344E-03
   1.6365E-03  -3.2852E-03   3.2423E-03  -1.1199E-03  -7.3248E-03
  > Energy =  -6.107970635764E+01 +/-   1.738459719710E-03
  > varE =   3.025143549565E-01

VMC #18:
* Size of Hilbert space =   1.5980E+28
* Number of equil. steps   = 1000
* Running VMC equilibration.
  Done. [total walltime: 2.85s]
* Equil. acc.ratio (%)     =  31.9965
* Sample config after equilibration:
  +-------------------+
  |  u   d   2   0   0|
  |d   0   0   u   d  |
  |  2   d   2   0   u|
  |u   d   2   u   d  |
  |  2   u   d   u   u|
  |u   d   0   d   2  |
  |  u   d   d   d   0|
  |u   u   u   u   d  |
  |  d   2   u   u   d|
  |0   2   0   d   2  |
  +-------------------+
* Number of accum. steps   = 500480 x 10
* Running VMC accumulation.
    [walltime: 1m elapsed, 8.76s remaining]
  Done. [total walltime: 1m8s]
* Acceptance ratio (%)     =  31.9677
* Etot/t                   =  -6.107705829963E+01 +/-   8.015827945264E-04
  > Ttot/t                 =  -8.144113678429E+01 +/-   5.378776508132E-03
  > Utot/t                 =   2.036407848465E+01 +/-   5.323088773291E-03
* var[Eloc/t]              =   3.172981247410E-01 +/-   1.464300490930E-02
* Correlation length       =   1.013481895903E+00
* log10 Psi^2 range: 39.221654650673074 -- 53.968154091356155
* log10 Pgen range : 39.221654650673074 -- 53.968154091356155
* Site occupation (ave. no. electrons per config.):
  > Site_  ___eu____  ___ed____
      1        0.501      0.501
      2        0.500      0.500
      3        0.500      0.500
      4        0.500      0.505
      5        0.501      0.500
      6        0.502      0.500
      7        0.497      0.501
      8        0.501      0.501
      9        0.502      0.500
     10        0.499      0.498
     11        0.505      0.499
     12        0.496      0.504
     13        0.498      0.501
     14        0.503      0.500
     15        0.501      0.499
     16        0.499      0.501
     17        0.500      0.500
     18        0.499      0.501
     19        0.500      0.499
     20        0.499      0.502
     21        0.501      0.498
     22        0.498      0.498
     23        0.499      0.501
     24        0.498      0.499
     25        0.501      0.501
     26        0.499      0.501
     27        0.502      0.497
     28        0.500      0.501
     29        0.497      0.500
     30        0.504      0.499
     31        0.498      0.499
     32        0.502      0.498
     33        0.498      0.501
     34        0.503      0.501
     35        0.499      0.502
     36        0.500      0.500
     37        0.498      0.499
     38        0.502      0.501
     39        0.501      0.499
     40        0.500      0.501
     41        0.501      0.499
     42        0.500      0.499
     43        0.502      0.499
     44        0.500      0.500
     45        0.499      0.499
     46        0.503      0.500
     47        0.499      0.500
     48        0.500      0.500
     49        0.500      0.500
     50        0.498      0.497
* Pair-correlation analysis (ave. no. pairs per config.):
  > Shell  nsite  ___dh____  __eueu___  __eued___
      0      1        0          0         10.181
      1      4       12.109     40.799     52.503
      2      4        8.548     50.401     49.092
      3      4        8.419     50.289     49.456
      4      8       17.366     96.962    101.524
      5      4        8.380     50.231     49.577
      6      4        8.354     49.673     50.206
      7      8       16.700    100.352     99.417
      8      4        8.534     48.970     50.561
      9      4        8.328     50.091     49.828
     10      4        8.331     49.772     50.140
     11      1        2.084     12.460     12.516

Optimization #18:
* Method          : lls
* Target function : energy
* No. of configs. : 100096
* No. of params.  : 77
* Before optimization:
  -2.3079E-01   1.3840E-02   2.7271E-02   1.3811E-02   9.2091E-03   1.9065E-03
   3.6510E-03   1.4768E-03  -2.7142E-04   3.7577E-04   4.7495E-05   3.9092E-05
   1.3105E-03  -2.0138E-02  -4.8976E-03  -2.2146E-02  -4.0942E-03  -9.5581E-03
  -3.1591E-03  -5.9755E-03  -8.2969E-04  -1.0782E-03  -1.3277E-03  -2.3250E-03
  -5.8513E-04  -1.0262E-03  -6.1861E-04   1.0905E-03   1.2033E-04  -4.8866E-04
  -1.7442E-04   4.2115E-05   7.4372E-01   1.2961E-01  -4.0984E-02  -1.2300E-02
  -9.1750E-03   7.7723E-03   4.4879E-03  -3.8025E-04   2.5532E-03   4.2469E-04
  -1.0159E-03  -1.7055E-03   1.1620E-01  -2.1512E-02  -7.5675E-03  -1.2261E-02
   5.8923E-03   7.1842E-03  -8.6766E-04   6.6594E-03   7.4150E-04  -2.8643E-03
  -7.9100E-05   1.2755E-01  -9.2017E-02  -2.1788E-02   2.9481E-03   1.7264E-02
  -1.7738E-03   2.4935E-03  -9.6497E-03   3.0404E-03   9.4647E-04  -9.8018E-03
   1.3122E-01  -6.8054E-02  -1.5394E-02  -2.4629E-03   1.4634E-02   1.9344E-03
   1.6365E-03  -3.2852E-03   3.2423E-03  -1.1199E-03  -7.3248E-03
  > E    =  -6.107665905794E+01 +/-   1.675471537868E-03
  > varE =   2.809899790886E-01
* Computing derivatives.
    [walltime: 1m elapsed, 2m27s remaining]
  Done. [total walltime: 3m26s]
* Optimizing manipulation constant:
  #igrid a___________ E____________________________________ varE____________
     1     Infinity    -6.10766591E+01 +/-   1.67547154E-03   2.80989979E-01
     2     1.0000E+06  -6.10766591E+01 +/-   1.67547151E-03   2.80989969E-01
     3     2.1544E+05  -6.10766591E+01 +/-   1.67547140E-03   2.80989933E-01
     4     4.6416E+04  -6.10766591E+01 +/-   1.67547091E-03   2.80989767E-01
     5     1.0000E+04  -6.10766594E+01 +/-   1.67546862E-03   2.80988999E-01
     6     2.1544E+03  -6.10766607E+01 +/-   1.67545814E-03   2.80985486E-01
     7     4.6416E+02  -6.10766663E+01 +/-   1.67541272E-03   2.80970250E-01
     8     1.0000E+02  -6.10766892E+01 +/-   1.67526046E-03   2.80919185E-01
     9     2.1544E+01  -6.10767524E+01 +/-   1.67522337E-03   2.80906746E-01
    10     4.6416E+00  -6.10768168E+01 +/-   1.67690767E-03   2.81471886E-01
    11     1.0000E+00  -6.10768243E+01 +/-   1.67961363E-03   2.82381019E-01
    12     2.1544E-01  -6.10768186E+01 +/-   1.68088850E-03   2.82809853E-01
    13     4.6416E-02  -6.10768166E+01 +/-   1.68123189E-03   2.82925416E-01
    14     1.0000E-02  -6.10768161E+01 +/-   1.68130986E-03   2.82951657E-01
    15     2.1544E-03  -6.10768159E+01 +/-   1.68132685E-03   2.82957376E-01
    16     4.6416E-04  -6.10768159E+01 +/-   1.68133052E-03   2.82958611E-01
    17     1.0000E-04  -6.10768159E+01 +/-   1.68133131E-03   2.82958877E-01
    18     2.1544E-05  -6.10768159E+01 +/-   1.68133148E-03   2.82958935E-01
    19     4.6416E-06  -6.10768159E+01 +/-   1.68133152E-03   2.82958947E-01
    20     1.0000E-06  -6.10768159E+01 +/-   1.68133152E-03   2.82958950E-01
    21     0.0000E+00  -6.10768159E+01 +/-   1.68133153E-03   2.82958950E-01
  ParMin   2.1912E+00  -6.10768253E+01 +/-   1.67833347E-03   2.81950736E-01
  # Using parabolic minimum
* Iteration # 1: E =  -6.107682534486E+01 +/-   1.678333468001E-03
* Diminishing returns: exiting.
* After optimization:
  -2.4835E-01   1.6029E-02   2.7640E-02   1.4509E-02   1.0055E-02   2.7549E-03
   4.5094E-03   2.3235E-03   7.9209E-04   9.3932E-04   7.1787E-04   4.7563E-04
   1.7423E-04  -2.0171E-02  -5.1149E-03  -2.2598E-02  -4.6198E-03  -9.8012E-03
  -3.6004E-03  -6.2735E-03  -1.3307E-03  -1.5354E-03  -1.7657E-03  -2.5763E-03
  -9.8317E-04  -1.2710E-03  -1.3146E-03   4.4920E-04  -1.8472E-04  -7.0530E-04
  -4.8818E-04  -1.4477E-04   7.3851E-01   1.1980E-01  -3.8464E-02  -9.3150E-03
  -7.2595E-03   9.2813E-03   2.6732E-03   1.1290E-03  -1.1304E-04  -2.2859E-03
   1.0964E-03   6.5682E-04   1.0758E-01  -2.1110E-02  -5.7427E-03  -1.1957E-02
   6.6468E-03   5.0151E-03   1.4825E-04   4.1431E-03  -2.0764E-03  -1.3087E-03
   2.2743E-03   1.1979E-01  -9.1212E-02  -1.7850E-02   6.6481E-03   1.7515E-02
  -5.2044E-03   3.6218E-03  -1.1191E-02   1.5436E-03   3.8314E-03  -9.7676E-03
   1.2333E-01  -6.9916E-02  -1.3053E-02  -8.6391E-04   1.4147E-02  -2.0441E-03
   2.1746E-03  -4.9450E-03   1.3955E-03   1.1264E-03  -7.8391E-03
  > Energy =  -6.107682534486E+01 +/-   1.678333468001E-03
  > varE =   2.819507360914E-01

VMC #19:
* Size of Hilbert space =   1.5980E+28
* Number of equil. steps   = 1000
* Running VMC equilibration.
  Done. [total walltime: 2.86s]
* Equil. acc.ratio (%)     =  32.0074
* Sample config after equilibration:
  +-------------------+
  |  0   u   u   2   d|
  |u   2   2   d   0  |
  |  u   0   2   2   d|
  |d   d   0   0   u  |
  |  u   0   d   d   d|
  |d   0   u   u   u  |
  |  u   2   2   u   d|
  |2   2   0   d   u  |
  |  0   u   d   u   2|
  |0   d   2   d   0  |
  +-------------------+
* Number of accum. steps   = 500480 x 10
* Running VMC accumulation.
    [walltime: 1m elapsed, 8.69s remaining]
  Done. [total walltime: 1m8s]
* Acceptance ratio (%)     =  31.9673
* Etot/t                   =  -6.107810595392E+01 +/-   8.052424501571E-04
  > Ttot/t                 =  -8.143384044880E+01 +/-   5.248025879044E-03
  > Utot/t                 =   2.035573449488E+01 +/-   5.174866292774E-03
* var[Eloc/t]              =   3.163798327611E-01 +/-   1.015112509166E-02
* Correlation length       =   1.025725749739E+00
* log10 Psi^2 range: 38.621846292333935 -- 52.004292301573734
* log10 Pgen range : 38.621846292333935 -- 52.004292301573734
* Site occupation (ave. no. electrons per config.):
  > Site_  ___eu____  ___ed____
      1        0.501      0.498
      2        0.501      0.500
      3        0.500      0.501
      4        0.497      0.500
      5        0.501      0.500
      6        0.500      0.497
      7        0.497      0.499
      8        0.500      0.501
      9        0.497      0.501
     10        0.502      0.498
     11        0.499      0.503
     12        0.500      0.500
     13        0.500      0.499
     14        0.504      0.499
     15        0.498      0.500
     16        0.499      0.503
     17        0.502      0.498
     18        0.500      0.500
     19        0.502      0.502
     20        0.501      0.500
     21        0.501      0.500
     22        0.503      0.500
     23        0.497      0.499
     24        0.501      0.501
     25        0.502      0.500
     26        0.502      0.497
     27        0.499      0.499
     28        0.503      0.499
     29        0.501      0.499
     30        0.502      0.500
     31        0.499      0.499
     32        0.501      0.500
     33        0.499      0.499
     34        0.499      0.500
     35        0.499      0.498
     36        0.498      0.503
     37        0.500      0.498
     38        0.501      0.501
     39        0.498      0.501
     40        0.500      0.501
     41        0.500      0.502
     42        0.498      0.501
     43        0.500      0.498
     44        0.499      0.502
     45        0.503      0.503
     46        0.502      0.500
     47        0.497      0.503
     48        0.499      0.499
     49        0.500      0.500
     50        0.498      0.499
* Pair-correlation analysis (ave. no. pairs per config.):
  > Shell  nsite  ___dh____  __eueu___  __eued___
      0      1        0          0         10.174
      1      4       12.104     40.788     52.512
      2      4        8.529     50.427     49.081
      3      4        8.413     50.293     49.448
      4      8       17.351     96.930    101.527
      5      4        8.363     50.240     49.590
      6      4        8.338     49.667     50.214
      7      8       16.677    100.359     99.394
      8      4        8.514     48.952     50.579
      9      4        8.322     50.135     49.791
     10      4        8.323     49.754     50.165
     11      1        2.081     12.454     12.524

Optimization #19:
* Method          : lls
* Target function : energy
* No. of configs. : 100096
* No. of params.  : 77
* Before optimization:
  -2.4835E-01   1.6029E-02   2.7640E-02   1.4509E-02   1.0055E-02   2.7549E-03
   4.5094E-03   2.3235E-03   7.9209E-04   9.3932E-04   7.1787E-04   4.7563E-04
   1.7423E-04  -2.0171E-02  -5.1149E-03  -2.2598E-02  -4.6198E-03  -9.8012E-03
  -3.6004E-03  -6.2735E-03  -1.3307E-03  -1.5354E-03  -1.7657E-03  -2.5763E-03
  -9.8317E-04  -1.2710E-03  -1.3146E-03   4.4920E-04  -1.8472E-04  -7.0530E-04
  -4.8818E-04  -1.4477E-04   7.3851E-01   1.1980E-01  -3.8464E-02  -9.3150E-03
  -7.2595E-03   9.2813E-03   2.6732E-03   1.1290E-03  -1.1304E-04  -2.2859E-03
   1.0964E-03   6.5682E-04   1.0758E-01  -2.1110E-02  -5.7427E-03  -1.1957E-02
   6.6468E-03   5.0151E-03   1.4825E-04   4.1431E-03  -2.0764E-03  -1.3087E-03
   2.2743E-03   1.1979E-01  -9.1212E-02  -1.7850E-02   6.6481E-03   1.7515E-02
  -5.2044E-03   3.6218E-03  -1.1191E-02   1.5436E-03   3.8314E-03  -9.7676E-03
   1.2333E-01  -6.9916E-02  -1.3053E-02  -8.6391E-04   1.4147E-02  -2.0441E-03
   2.1746E-03  -4.9450E-03   1.3955E-03   1.1264E-03  -7.8391E-03
  > E    =  -6.107628091632E+01 +/-   1.708645353922E-03
  > varE =   2.922271635667E-01
* Computing derivatives.
    [walltime: 1m elapsed, 2m23s remaining]
  Done. [total walltime: 3m26s]
* Optimizing manipulation constant:
  #igrid a___________ E____________________________________ varE____________
     1     Infinity    -6.10762809E+01 +/-   1.70864535E-03   2.92227164E-01
     2     1.0000E+06  -6.10762809E+01 +/-   1.70864533E-03   2.92227155E-01
     3     2.1544E+05  -6.10762809E+01 +/-   1.70864534E-03   2.92227159E-01
     4     4.6416E+04  -6.10762806E+01 +/-   1.70864760E-03   2.92227931E-01
     5     1.0000E+04  -6.10762721E+01 +/-   1.70871313E-03   2.92250347E-01
     6     2.1544E+03  -6.10759359E+01 +/-   1.71371929E-03   2.93965317E-01
     7     4.6416E+02  -6.10132801E+01 +/-   2.78182066E-03   7.74595518E-01
     8     1.0000E+02  -5.12456077E+01 +/-   2.59924233E-02   6.76254650E+01
     9     2.1544E+01 (error)
    10     4.6416E+00 (error)
    11     1.0000E+00 (error)
    12     2.1544E-01 (error)
    13     4.6416E-02 (error)
    14     1.0000E-02 (error)
    15     2.1544E-03 (error)
    16     4.6416E-04 (error)
    17     1.0000E-04 (error)
    18     2.1544E-05 (error)
    19     4.6416E-06 (error)
    20     1.0000E-06 (error)
    21     0.0000E+00 (error)
* Iteration # 1: E =  -6.107628091859E+01 +/-   1.708645328186E-03
* Convergence: exiting.
* After optimization:
  -2.4858E-01   1.6029E-02   2.7640E-02   1.4509E-02   1.0055E-02   2.7549E-03
   4.5094E-03   2.3235E-03   7.9209E-04   9.3932E-04   7.1787E-04   4.7562E-04
   1.7424E-04  -2.0171E-02  -5.1149E-03  -2.2598E-02  -4.6198E-03  -9.8012E-03
  -3.6004E-03  -6.2735E-03  -1.3307E-03  -1.5354E-03  -1.7657E-03  -2.5763E-03
  -9.8317E-04  -1.2710E-03  -1.3146E-03   4.4920E-04  -1.8472E-04  -7.0530E-04
  -4.8818E-04  -1.4477E-04   7.3859E-01   1.1981E-01  -3.8468E-02  -9.3161E-03
  -7.2604E-03   9.2824E-03   2.6735E-03   1.1291E-03  -1.1304E-04  -2.2861E-03
   1.0965E-03   6.5689E-04   1.0759E-01  -2.1113E-02  -5.7434E-03  -1.1959E-02
   6.6476E-03   5.0157E-03   1.4826E-04   4.1435E-03  -2.0766E-03  -1.3088E-03
   2.2745E-03   1.1979E-01  -9.1212E-02  -1.7850E-02   6.6481E-03   1.7515E-02
  -5.2044E-03   3.6218E-03  -1.1191E-02   1.5435E-03   3.8314E-03  -9.7675E-03
   1.2333E-01  -6.9916E-02  -1.3053E-02  -8.6390E-04   1.4147E-02  -2.0441E-03
   2.1746E-03  -4.9450E-03   1.3955E-03   1.1264E-03  -7.8389E-03
  > Energy =  -6.107628091859E+01 +/-   1.708645328186E-03
  > varE =   2.922271547636E-01

VMC #20:
* Size of Hilbert space =   1.5980E+28
* Number of equil. steps   = 1000
* Running VMC equilibration.
  Done. [total walltime: 2.84s]
* Equil. acc.ratio (%)     =  31.9981
* Sample config after equilibration:
  +-------------------+
  |  d   d   d   d   d|
  |u   0   2   0   u  |
  |  d   u   0   2   d|
  |u   d   0   d   u  |
  |  u   d   u   u   2|
  |u   d   d   d   d  |
  |  u   2   2   2   d|
  |0   u   u   0   d  |
  |  d   d   u   2   u|
  |0   u   u   u   u  |
  +-------------------+
* Number of accum. steps   = 500480 x 10
* Running VMC accumulation.
    [walltime: 1m elapsed, 8.97s remaining]
  Done. [total walltime: 1m8s]
* Acceptance ratio (%)     =  31.9822
* Etot/t                   =  -6.107762527159E+01 +/-   7.593508313493E-04
  > Ttot/t                 =  -8.143688837901E+01 +/-   5.424203452909E-03
  > Utot/t                 =   2.035926310742E+01 +/-   5.360135157703E-03
* var[Eloc/t]              =   2.968238764745E-01 +/-   4.063238894108E-03
* Correlation length       =   9.722385561834E-01
* log10 Psi^2 range: 37.967041448142808 -- 51.921624721809735
* log10 Pgen range : 37.967041448142808 -- 51.921624721809735
* Site occupation (ave. no. electrons per config.):
  > Site_  ___eu____  ___ed____
      1        0.501      0.502
      2        0.500      0.500
      3        0.501      0.501
      4        0.500      0.500
      5        0.500      0.501
      6        0.501      0.500
      7        0.500      0.501
      8        0.501      0.500
      9        0.498      0.497
     10        0.497      0.503
     11        0.503      0.498
     12        0.499      0.498
     13        0.498      0.499
     14        0.502      0.500
     15        0.500      0.499
     16        0.500      0.501
     17        0.502      0.500
     18        0.501      0.499
     19        0.503      0.499
     20        0.500      0.502
     21        0.499      0.501
     22        0.502      0.499
     23        0.498      0.501
     24        0.497      0.501
     25        0.500      0.498
     26        0.498      0.498
     27        0.499      0.498
     28        0.500      0.498
     29        0.500      0.500
     30        0.500      0.500
     31        0.502      0.501
     32        0.500      0.502
     33        0.502      0.498
     34        0.502      0.501
     35        0.497      0.500
     36        0.502      0.500
     37        0.501      0.501
     38        0.499      0.501
     39        0.501      0.501
     40        0.499      0.500
     41        0.500      0.496
     42        0.498      0.502
     43        0.500      0.502
     44        0.499      0.501
     45        0.501      0.501
     46        0.501      0.498
     47        0.499      0.500
     48        0.501      0.500
     49        0.501      0.501
     50        0.501      0.498
* Pair-correlation analysis (ave. no. pairs per config.):
  > Shell  nsite  ___dh____  __eueu___  __eued___
      0      1        0          0         10.171
      1      4       12.087     40.804     52.495
      2      4        8.530     50.407     49.097
      3      4        8.422     50.257     49.456
      4      8       17.329     96.953    101.542
      5      4        8.364     50.215     49.597
      6      4        8.335     49.679     50.200
      7      8       16.678    100.354     99.397
      8      4        8.507     48.989     50.560
      9      4        8.316     50.118     49.809
     10      4        8.318     49.765     50.148
     11      1        2.076     12.459     12.527

VDAGGER finished.
Total VDAGGER walltime: 2h20m

Run ended: Mon Feb 23 11:02:00 CET 2026
