Run started: Tue Jan 20 09:06:34 CET 2026
Using VDAGGER_ARCH = gnu7_fkfamd_cluster
Running 1x128 MPI processes.

                               xx
                              +##
                               #X
                               Xx
                          X##XxXxxX##x
                           +   Xx  ++
                               ##
                              +##
                              +##
     ++++         ++          +##
   xX+++##+      ####         +##
  Xx    ###      +X##          ##
 xX    X##+        ##          #X
 +    x##X         #x          #X
      ###         +#           x+
     X##+         #+
     ###         Xx                    _______
     ##X       +X+   __________________VDAGGER
     +##x    +xX     2nd quantized variational
       +xxxxx+       ______quantum Monte Carlo

* Running 128 MPI processes.
* Input file: "input.01.casl"

############# Start of input file dump #############
General:
  Random seed: timer

Plan:
  VMC-optimization:
    Minimum cycles: 10
    Convergence cycles: 7

System:
  Hubbard model:
    Primitive cell:
      a_1: [ 1.0, 1.0 ]
      a_2: [ -1.0, 1.0 ]
    Simulation cell:
      a_1: [ 10.0, 0.0 ]
      a_2: [ 0.0, 10.0 ]
    U: 2.0
    Dump Hamiltonian: FCIDUMP.new
    Dump orbitals: LTSC.new
  netot: 50

VMC:
  nstep: 500000
  nconfig: 100000

Optimization:
  max_niter: 1

Jastrow: wfn.casl
############## End of input file dump ##############

General setup:
* Random seed: 1302226166 (from timer)

Hubbard system:
* Dimensionality        : 2
* Simulation cell:
  > a_1 =   1.000000000000E+01   0.000000000000E+00
  > a_2 =   0.000000000000E+00   1.000000000000E+01
* Primitive cell:
  > a_1 =   1.000000000000E+00   1.000000000000E+00
  > a_2 =  -1.000000000000E+00   1.000000000000E+00
* Prim.cells in sim.cell: 50
* Number of sublattices : 1
* # real-space shells   : 11
  > Shell #1: 4 sites, rij =  1.4142E+00
  > Shell #2: 4 sites, rij =  2.0000E+00
  > Shell #3: 4 sites, rij =  2.8284E+00
  > Shell #4: 8 sites, rij =  3.1623E+00
  > Shell #5: 4 sites, rij =  4.0000E+00
  > Shell #6: 4 sites, rij =  4.2426E+00
  > Shell #7: 8 sites, rij =  4.4721E+00
  > Shell #8: 4 sites, rij =  5.0990E+00
  > Shell #9: 4 sites, rij =  5.6569E+00
  > Shell #10: 4 sites, rij =  5.8310E+00
  > Shell #11: 1 sites, rij =  7.0711E+00
* Site labels:
  +-----------------------------+
  |   10    19    28    37    46|
  |45     9    18    27    36   |
  |   44     8    17    26    35|
  |34    43     7    16    25   |
  |   33    42     6    15    24|
  |23    32    41     5    14   |
  |   22    31    50     4    13|
  |12    21    40    49     3   |
  |   11    30    39    48     2|
  | 1    20    29    38    47   |
  +-----------------------------+
* Shell diagram:
  +-----------------------------+
  |   10     8     8    10    11|
  | 9     7     5     7     9   |
  |    6     4     4     6    10|
  | 7     3     2     3     7   |
  |    4     1     1     4     8|
  | 5     2     0     2     5   |
  |    4     1     1     4     8|
  | 7     3     2     3     7   |
  |    6     4     4     6    10|
  | 9     7     5     7     9   |
  +-----------------------------+
* Hop multiplicity diagram:
  +-------------------+
  |  -   -   -   -   -|
  |-   -   -   -   -  |
  |  -   -   -   -   -|
  |-   -   -   -   -  |
  |  -   1   1   -   -|
  |-   -   0   -   -  |
  |  -   1   1   -   -|
  |-   -   -   -   -  |
  |  -   -   -   -   -|
  |-   -   -   -   -  |
  +-------------------+
* Reciprocal lattice of the simulation cell:
  > b_1 =   6.283185307180E-01  -0.000000000000E+00
  > b_2 =  -0.000000000000E+00   6.283185307180E-01
* k-vector offset:
  > Fractional:   0.000000000000E+00   0.000000000000E+00
  > Absolute  :   0.000000000000E+00   0.000000000000E+00
* G-vector occupation diagram:
  +----------0----------+
  |          -          |
  |        - - -        |
  |      - - - - -      |
  |    - 2 2 2 2 2 -    |
  |  - - 2 2 2 2 2 - -  |
  0- - - 2 2 2 2 2 - - -0
  |  - - 2 2 2 2 2 - -  |
  |    - 2 2 2 2 2 -    |
  |      - - - - -      |
  |        - - -        |
  |          -          |
  +----------0----------+
* G-vectors and non-interacting energy levels:
  > G_1 = [   0.0000E+00,  0.0000E+00,  0.0000E+00 ], e =  -4.0000E+00
  > G_2 = [   6.2832E-01,  0.0000E+00,  0.0000E+00 ], e =  -3.2361E+00
  > G_3 = [  -6.2832E-01,  0.0000E+00,  0.0000E+00 ], e =  -3.2361E+00
  > G_4 = [   0.0000E+00, -6.2832E-01,  0.0000E+00 ], e =  -3.2361E+00
  > G_5 = [   0.0000E+00,  6.2832E-01,  0.0000E+00 ], e =  -3.2361E+00
  > G_6 = [   6.2832E-01,  6.2832E-01,  0.0000E+00 ], e =  -2.6180E+00
  > G_7 = [  -6.2832E-01, -6.2832E-01,  0.0000E+00 ], e =  -2.6180E+00
  > G_8 = [  -6.2832E-01,  6.2832E-01,  0.0000E+00 ], e =  -2.6180E+00
  > G_9 = [   6.2832E-01, -6.2832E-01,  0.0000E+00 ], e =  -2.6180E+00
  > G_10 = [   1.2566E+00,  0.0000E+00,  0.0000E+00 ], e =  -1.2361E+00
  > G_11 = [  -1.2566E+00,  0.0000E+00,  0.0000E+00 ], e =  -1.2361E+00
  > G_12 = [   0.0000E+00, -1.2566E+00,  0.0000E+00 ], e =  -1.2361E+00
  > G_13 = [   0.0000E+00,  1.2566E+00,  0.0000E+00 ], e =  -1.2361E+00
  > G_14 = [  -1.2566E+00,  6.2832E-01,  0.0000E+00 ], e =  -1.0000E+00
  > G_15 = [   1.2566E+00, -6.2832E-01,  0.0000E+00 ], e =  -1.0000E+00
  > G_16 = [  -6.2832E-01,  1.2566E+00,  0.0000E+00 ], e =  -1.0000E+00
  > G_17 = [   6.2832E-01, -1.2566E+00,  0.0000E+00 ], e =  -1.0000E+00
  > G_18 = [  -6.2832E-01, -1.2566E+00,  0.0000E+00 ], e =  -1.0000E+00
  > G_19 = [   6.2832E-01,  1.2566E+00,  0.0000E+00 ], e =  -1.0000E+00
  > G_20 = [   1.2566E+00,  6.2832E-01,  0.0000E+00 ], e =  -1.0000E+00
  > G_21 = [  -1.2566E+00, -6.2832E-01,  0.0000E+00 ], e =  -1.0000E+00
  > G_22 = [  -1.2566E+00,  1.2566E+00,  0.0000E+00 ], e =  -3.8197E-01
  > G_23 = [   1.2566E+00, -1.2566E+00,  0.0000E+00 ], e =  -3.8197E-01
  > G_24 = [   1.2566E+00,  1.2566E+00,  0.0000E+00 ], e =  -3.8197E-01
  > G_25 = [  -1.2566E+00, -1.2566E+00,  0.0000E+00 ], e =  -3.8197E-01 = e_F
  > G_26 = [   1.8850E+00, -1.2566E+00,  0.0000E+00 ], e =   3.8197E-01
  > G_27 = [  -1.8850E+00,  1.2566E+00,  0.0000E+00 ], e =   3.8197E-01
  > G_28 = [   1.2566E+00, -1.8850E+00,  0.0000E+00 ], e =   3.8197E-01
  > G_29 = [  -1.2566E+00,  1.8850E+00,  0.0000E+00 ], e =   3.8197E-01
  > ...
* U/t                   :  2.00000000000E+00
* Hartree-Fock Etot/t   : -5.87770876400E+01
  > Ttot/t              : -8.37770876400E+01
  > Utot/t              :  2.50000000000E+01
* Writing Hamiltonian to "FCIDUMP.new".
* Writing orbitals to "LTSC.new".
* Analysis of Hamiltonian connecitivity performed:
  - U_iiii [opp] (local, 1-site): 50 (i) values
  - T_ji (single, 2-site): 200 contribs. from 50 (i) values
  - Max. no. wfn. ratios in Eloc: 4
* Site labels:
  +-----------------------------+
  |   10    19    28    37    46|
  |45     9    18    27    36   |
  |   44     8    17    26    35|
  |34    43     7    16    25   |
  |   33    42     6    15    24|
  |23    32    41     5    14   |
  |   22    31    50     4    13|
  |12    21    40    49     3   |
  |   11    30    39    48     2|
  | 1    20    29    38    47   |
  +-----------------------------+
* Model system Site kinds:
  [ 1, 1, 1, 1, 1, 1, 1, 1, 1, 1, 1, 1, 1, 1, 1, 1, 1, 1, 1, 1, 1, 1, 1, 1, 1, 1, 1, 1, 1, 1, 1, 1, 1, 1, 1, 1, 1, 1, 1, 1, 1, 1, 1, 1, 1, 1, 1, 1, 1, 1 ]
  +-------------------+
  |  1   1   1   1   1|
  |1   1   1   1   1  |
  |  1   1   1   1   1|
  |1   1   1   1   1  |
  |  1   1   1   1   1|
  |1   1   1   1   1  |
  |  1   1   1   1   1|
  |1   1   1   1   1  |
  |  1   1   1   1   1|
  |1   1   1   1   1  |
  +-------------------+
* Maximum Site kind: 1
* Model system Site pair kinds:
  Site 1: [ 0, 1, 3, 6, 9, 11, 9, 6, 3, 1, 1, 2, 4, 7, 10, 9, 10, 7, 4, 2, 3, 4, 5, 8, 7, 6, 7, 8, 5, 4, 6, 7, 8, 5, 4, 3, 4, 5, 8, 7, 9, 10, 7, 4, 2, 1, 2, 4, 7, 10 ]
  Site 2: [ 1, 0, 1, 3, 6, 9, 11, 9, 6, 3, 2, 1, 2, 4, 7, 10, 9, 10, 7, 4, 4, 3, 4, 5, 8, 7, 6, 7, 8, 5, 7, 6, 7, 8, 5, 4, 3, 4, 5, 8, 10, 9, 10, 7, 4, 2, 1, 2, 4, 7 ]
  Site 3: [ 3, 1, 0, 1, 3, 6, 9, 11, 9, 6, 4, 2, 1, 2, 4, 7, 10, 9, 10, 7, 5, 4, 3, 4, 5, 8, 7, 6, 7, 8, 8, 7, 6, 7, 8, 5, 4, 3, 4, 5, 7, 10, 9, 10, 7, 4, 2, 1, 2, 4 ]
  Site 4: [ 6, 3, 1, 0, 1, 3, 6, 9, 11, 9, 7, 4, 2, 1, 2, 4, 7, 10, 9, 10, 8, 5, 4, 3, 4, 5, 8, 7, 6, 7, 5, 8, 7, 6, 7, 8, 5, 4, 3, 4, 4, 7, 10, 9, 10, 7, 4, 2, 1, 2 ]
  Site 5: [ 9, 6, 3, 1, 0, 1, 3, 6, 9, 11, 10, 7, 4, 2, 1, 2, 4, 7, 10, 9, 7, 8, 5, 4, 3, 4, 5, 8, 7, 6, 4, 5, 8, 7, 6, 7, 8, 5, 4, 3, 2, 4, 7, 10, 9, 10, 7, 4, 2, 1 ]
  Site 6: [ 11, 9, 6, 3, 1, 0, 1, 3, 6, 9, 9, 10, 7, 4, 2, 1, 2, 4, 7, 10, 6, 7, 8, 5, 4, 3, 4, 5, 8, 7, 3, 4, 5, 8, 7, 6, 7, 8, 5, 4, 1, 2, 4, 7, 10, 9, 10, 7, 4, 2 ]
  Site 7: [ 9, 11, 9, 6, 3, 1, 0, 1, 3, 6, 10, 9, 10, 7, 4, 2, 1, 2, 4, 7, 7, 6, 7, 8, 5, 4, 3, 4, 5, 8, 4, 3, 4, 5, 8, 7, 6, 7, 8, 5, 2, 1, 2, 4, 7, 10, 9, 10, 7, 4 ]
  Site 8: [ 6, 9, 11, 9, 6, 3, 1, 0, 1, 3, 7, 10, 9, 10, 7, 4, 2, 1, 2, 4, 8, 7, 6, 7, 8, 5, 4, 3, 4, 5, 5, 4, 3, 4, 5, 8, 7, 6, 7, 8, 4, 2, 1, 2, 4, 7, 10, 9, 10, 7 ]
  Site 9: [ 3, 6, 9, 11, 9, 6, 3, 1, 0, 1, 4, 7, 10, 9, 10, 7, 4, 2, 1, 2, 5, 8, 7, 6, 7, 8, 5, 4, 3, 4, 8, 5, 4, 3, 4, 5, 8, 7, 6, 7, 7, 4, 2, 1, 2, 4, 7, 10, 9, 10 ]
  Site 10: [ 1, 3, 6, 9, 11, 9, 6, 3, 1, 0, 2, 4, 7, 10, 9, 10, 7, 4, 2, 1, 4, 5, 8, 7, 6, 7, 8, 5, 4, 3, 7, 8, 5, 4, 3, 4, 5, 8, 7, 6, 10, 7, 4, 2, 1, 2, 4, 7, 10, 9 ]
  Site 11: [ 1, 2, 4, 7, 10, 9, 10, 7, 4, 2, 0, 1, 3, 6, 9, 11, 9, 6, 3, 1, 1, 2, 4, 7, 10, 9, 10, 7, 4, 2, 3, 4, 5, 8, 7, 6, 7, 8, 5, 4, 6, 7, 8, 5, 4, 3, 4, 5, 8, 7 ]
  Site 12: [ 2, 1, 2, 4, 7, 10, 9, 10, 7, 4, 1, 0, 1, 3, 6, 9, 11, 9, 6, 3, 2, 1, 2, 4, 7, 10, 9, 10, 7, 4, 4, 3, 4, 5, 8, 7, 6, 7, 8, 5, 7, 6, 7, 8, 5, 4, 3, 4, 5, 8 ]
  Site 13: [ 4, 2, 1, 2, 4, 7, 10, 9, 10, 7, 3, 1, 0, 1, 3, 6, 9, 11, 9, 6, 4, 2, 1, 2, 4, 7, 10, 9, 10, 7, 5, 4, 3, 4, 5, 8, 7, 6, 7, 8, 8, 7, 6, 7, 8, 5, 4, 3, 4, 5 ]
  Site 14: [ 7, 4, 2, 1, 2, 4, 7, 10, 9, 10, 6, 3, 1, 0, 1, 3, 6, 9, 11, 9, 7, 4, 2, 1, 2, 4, 7, 10, 9, 10, 8, 5, 4, 3, 4, 5, 8, 7, 6, 7, 5, 8, 7, 6, 7, 8, 5, 4, 3, 4 ]
  Site 15: [ 10, 7, 4, 2, 1, 2, 4, 7, 10, 9, 9, 6, 3, 1, 0, 1, 3, 6, 9, 11, 10, 7, 4, 2, 1, 2, 4, 7, 10, 9, 7, 8, 5, 4, 3, 4, 5, 8, 7, 6, 4, 5, 8, 7, 6, 7, 8, 5, 4, 3 ]
  Site 16: [ 9, 10, 7, 4, 2, 1, 2, 4, 7, 10, 11, 9, 6, 3, 1, 0, 1, 3, 6, 9, 9, 10, 7, 4, 2, 1, 2, 4, 7, 10, 6, 7, 8, 5, 4, 3, 4, 5, 8, 7, 3, 4, 5, 8, 7, 6, 7, 8, 5, 4 ]
  Site 17: [ 10, 9, 10, 7, 4, 2, 1, 2, 4, 7, 9, 11, 9, 6, 3, 1, 0, 1, 3, 6, 10, 9, 10, 7, 4, 2, 1, 2, 4, 7, 7, 6, 7, 8, 5, 4, 3, 4, 5, 8, 4, 3, 4, 5, 8, 7, 6, 7, 8, 5 ]
  Site 18: [ 7, 10, 9, 10, 7, 4, 2, 1, 2, 4, 6, 9, 11, 9, 6, 3, 1, 0, 1, 3, 7, 10, 9, 10, 7, 4, 2, 1, 2, 4, 8, 7, 6, 7, 8, 5, 4, 3, 4, 5, 5, 4, 3, 4, 5, 8, 7, 6, 7, 8 ]
  Site 19: [ 4, 7, 10, 9, 10, 7, 4, 2, 1, 2, 3, 6, 9, 11, 9, 6, 3, 1, 0, 1, 4, 7, 10, 9, 10, 7, 4, 2, 1, 2, 5, 8, 7, 6, 7, 8, 5, 4, 3, 4, 8, 5, 4, 3, 4, 5, 8, 7, 6, 7 ]
  Site 20: [ 2, 4, 7, 10, 9, 10, 7, 4, 2, 1, 1, 3, 6, 9, 11, 9, 6, 3, 1, 0, 2, 4, 7, 10, 9, 10, 7, 4, 2, 1, 4, 5, 8, 7, 6, 7, 8, 5, 4, 3, 7, 8, 5, 4, 3, 4, 5, 8, 7, 6 ]
  Site 21: [ 3, 4, 5, 8, 7, 6, 7, 8, 5, 4, 1, 2, 4, 7, 10, 9, 10, 7, 4, 2, 0, 1, 3, 6, 9, 11, 9, 6, 3, 1, 1, 2, 4, 7, 10, 9, 10, 7, 4, 2, 3, 4, 5, 8, 7, 6, 7, 8, 5, 4 ]
  Site 22: [ 4, 3, 4, 5, 8, 7, 6, 7, 8, 5, 2, 1, 2, 4, 7, 10, 9, 10, 7, 4, 1, 0, 1, 3, 6, 9, 11, 9, 6, 3, 2, 1, 2, 4, 7, 10, 9, 10, 7, 4, 4, 3, 4, 5, 8, 7, 6, 7, 8, 5 ]
  Site 23: [ 5, 4, 3, 4, 5, 8, 7, 6, 7, 8, 4, 2, 1, 2, 4, 7, 10, 9, 10, 7, 3, 1, 0, 1, 3, 6, 9, 11, 9, 6, 4, 2, 1, 2, 4, 7, 10, 9, 10, 7, 5, 4, 3, 4, 5, 8, 7, 6, 7, 8 ]
  Site 24: [ 8, 5, 4, 3, 4, 5, 8, 7, 6, 7, 7, 4, 2, 1, 2, 4, 7, 10, 9, 10, 6, 3, 1, 0, 1, 3, 6, 9, 11, 9, 7, 4, 2, 1, 2, 4, 7, 10, 9, 10, 8, 5, 4, 3, 4, 5, 8, 7, 6, 7 ]
  Site 25: [ 7, 8, 5, 4, 3, 4, 5, 8, 7, 6, 10, 7, 4, 2, 1, 2, 4, 7, 10, 9, 9, 6, 3, 1, 0, 1, 3, 6, 9, 11, 10, 7, 4, 2, 1, 2, 4, 7, 10, 9, 7, 8, 5, 4, 3, 4, 5, 8, 7, 6 ]
  Site 26: [ 6, 7, 8, 5, 4, 3, 4, 5, 8, 7, 9, 10, 7, 4, 2, 1, 2, 4, 7, 10, 11, 9, 6, 3, 1, 0, 1, 3, 6, 9, 9, 10, 7, 4, 2, 1, 2, 4, 7, 10, 6, 7, 8, 5, 4, 3, 4, 5, 8, 7 ]
  Site 27: [ 7, 6, 7, 8, 5, 4, 3, 4, 5, 8, 10, 9, 10, 7, 4, 2, 1, 2, 4, 7, 9, 11, 9, 6, 3, 1, 0, 1, 3, 6, 10, 9, 10, 7, 4, 2, 1, 2, 4, 7, 7, 6, 7, 8, 5, 4, 3, 4, 5, 8 ]
  Site 28: [ 8, 7, 6, 7, 8, 5, 4, 3, 4, 5, 7, 10, 9, 10, 7, 4, 2, 1, 2, 4, 6, 9, 11, 9, 6, 3, 1, 0, 1, 3, 7, 10, 9, 10, 7, 4, 2, 1, 2, 4, 8, 7, 6, 7, 8, 5, 4, 3, 4, 5 ]
  Site 29: [ 5, 8, 7, 6, 7, 8, 5, 4, 3, 4, 4, 7, 10, 9, 10, 7, 4, 2, 1, 2, 3, 6, 9, 11, 9, 6, 3, 1, 0, 1, 4, 7, 10, 9, 10, 7, 4, 2, 1, 2, 5, 8, 7, 6, 7, 8, 5, 4, 3, 4 ]
  Site 30: [ 4, 5, 8, 7, 6, 7, 8, 5, 4, 3, 2, 4, 7, 10, 9, 10, 7, 4, 2, 1, 1, 3, 6, 9, 11, 9, 6, 3, 1, 0, 2, 4, 7, 10, 9, 10, 7, 4, 2, 1, 4, 5, 8, 7, 6, 7, 8, 5, 4, 3 ]
  Site 31: [ 6, 7, 8, 5, 4, 3, 4, 5, 8, 7, 3, 4, 5, 8, 7, 6, 7, 8, 5, 4, 1, 2, 4, 7, 10, 9, 10, 7, 4, 2, 0, 1, 3, 6, 9, 11, 9, 6, 3, 1, 1, 2, 4, 7, 10, 9, 10, 7, 4, 2 ]
  Site 32: [ 7, 6, 7, 8, 5, 4, 3, 4, 5, 8, 4, 3, 4, 5, 8, 7, 6, 7, 8, 5, 2, 1, 2, 4, 7, 10, 9, 10, 7, 4, 1, 0, 1, 3, 6, 9, 11, 9, 6, 3, 2, 1, 2, 4, 7, 10, 9, 10, 7, 4 ]
  Site 33: [ 8, 7, 6, 7, 8, 5, 4, 3, 4, 5, 5, 4, 3, 4, 5, 8, 7, 6, 7, 8, 4, 2, 1, 2, 4, 7, 10, 9, 10, 7, 3, 1, 0, 1, 3, 6, 9, 11, 9, 6, 4, 2, 1, 2, 4, 7, 10, 9, 10, 7 ]
  Site 34: [ 5, 8, 7, 6, 7, 8, 5, 4, 3, 4, 8, 5, 4, 3, 4, 5, 8, 7, 6, 7, 7, 4, 2, 1, 2, 4, 7, 10, 9, 10, 6, 3, 1, 0, 1, 3, 6, 9, 11, 9, 7, 4, 2, 1, 2, 4, 7, 10, 9, 10 ]
  Site 35: [ 4, 5, 8, 7, 6, 7, 8, 5, 4, 3, 7, 8, 5, 4, 3, 4, 5, 8, 7, 6, 10, 7, 4, 2, 1, 2, 4, 7, 10, 9, 9, 6, 3, 1, 0, 1, 3, 6, 9, 11, 10, 7, 4, 2, 1, 2, 4, 7, 10, 9 ]
  Site 36: [ 3, 4, 5, 8, 7, 6, 7, 8, 5, 4, 6, 7, 8, 5, 4, 3, 4, 5, 8, 7, 9, 10, 7, 4, 2, 1, 2, 4, 7, 10, 11, 9, 6, 3, 1, 0, 1, 3, 6, 9, 9, 10, 7, 4, 2, 1, 2, 4, 7, 10 ]
  Site 37: [ 4, 3, 4, 5, 8, 7, 6, 7, 8, 5, 7, 6, 7, 8, 5, 4, 3, 4, 5, 8, 10, 9, 10, 7, 4, 2, 1, 2, 4, 7, 9, 11, 9, 6, 3, 1, 0, 1, 3, 6, 10, 9, 10, 7, 4, 2, 1, 2, 4, 7 ]
  Site 38: [ 5, 4, 3, 4, 5, 8, 7, 6, 7, 8, 8, 7, 6, 7, 8, 5, 4, 3, 4, 5, 7, 10, 9, 10, 7, 4, 2, 1, 2, 4, 6, 9, 11, 9, 6, 3, 1, 0, 1, 3, 7, 10, 9, 10, 7, 4, 2, 1, 2, 4 ]
  Site 39: [ 8, 5, 4, 3, 4, 5, 8, 7, 6, 7, 5, 8, 7, 6, 7, 8, 5, 4, 3, 4, 4, 7, 10, 9, 10, 7, 4, 2, 1, 2, 3, 6, 9, 11, 9, 6, 3, 1, 0, 1, 4, 7, 10, 9, 10, 7, 4, 2, 1, 2 ]
  Site 40: [ 7, 8, 5, 4, 3, 4, 5, 8, 7, 6, 4, 5, 8, 7, 6, 7, 8, 5, 4, 3, 2, 4, 7, 10, 9, 10, 7, 4, 2, 1, 1, 3, 6, 9, 11, 9, 6, 3, 1, 0, 2, 4, 7, 10, 9, 10, 7, 4, 2, 1 ]
  Site 41: [ 9, 10, 7, 4, 2, 1, 2, 4, 7, 10, 6, 7, 8, 5, 4, 3, 4, 5, 8, 7, 3, 4, 5, 8, 7, 6, 7, 8, 5, 4, 1, 2, 4, 7, 10, 9, 10, 7, 4, 2, 0, 1, 3, 6, 9, 11, 9, 6, 3, 1 ]
  Site 42: [ 10, 9, 10, 7, 4, 2, 1, 2, 4, 7, 7, 6, 7, 8, 5, 4, 3, 4, 5, 8, 4, 3, 4, 5, 8, 7, 6, 7, 8, 5, 2, 1, 2, 4, 7, 10, 9, 10, 7, 4, 1, 0, 1, 3, 6, 9, 11, 9, 6, 3 ]
  Site 43: [ 7, 10, 9, 10, 7, 4, 2, 1, 2, 4, 8, 7, 6, 7, 8, 5, 4, 3, 4, 5, 5, 4, 3, 4, 5, 8, 7, 6, 7, 8, 4, 2, 1, 2, 4, 7, 10, 9, 10, 7, 3, 1, 0, 1, 3, 6, 9, 11, 9, 6 ]
  Site 44: [ 4, 7, 10, 9, 10, 7, 4, 2, 1, 2, 5, 8, 7, 6, 7, 8, 5, 4, 3, 4, 8, 5, 4, 3, 4, 5, 8, 7, 6, 7, 7, 4, 2, 1, 2, 4, 7, 10, 9, 10, 6, 3, 1, 0, 1, 3, 6, 9, 11, 9 ]
  Site 45: [ 2, 4, 7, 10, 9, 10, 7, 4, 2, 1, 4, 5, 8, 7, 6, 7, 8, 5, 4, 3, 7, 8, 5, 4, 3, 4, 5, 8, 7, 6, 10, 7, 4, 2, 1, 2, 4, 7, 10, 9, 9, 6, 3, 1, 0, 1, 3, 6, 9, 11 ]
  Site 46: [ 1, 2, 4, 7, 10, 9, 10, 7, 4, 2, 3, 4, 5, 8, 7, 6, 7, 8, 5, 4, 6, 7, 8, 5, 4, 3, 4, 5, 8, 7, 9, 10, 7, 4, 2, 1, 2, 4, 7, 10, 11, 9, 6, 3, 1, 0, 1, 3, 6, 9 ]
  Site 47: [ 2, 1, 2, 4, 7, 10, 9, 10, 7, 4, 4, 3, 4, 5, 8, 7, 6, 7, 8, 5, 7, 6, 7, 8, 5, 4, 3, 4, 5, 8, 10, 9, 10, 7, 4, 2, 1, 2, 4, 7, 9, 11, 9, 6, 3, 1, 0, 1, 3, 6 ]
  Site 48: [ 4, 2, 1, 2, 4, 7, 10, 9, 10, 7, 5, 4, 3, 4, 5, 8, 7, 6, 7, 8, 8, 7, 6, 7, 8, 5, 4, 3, 4, 5, 7, 10, 9, 10, 7, 4, 2, 1, 2, 4, 6, 9, 11, 9, 6, 3, 1, 0, 1, 3 ]
  Site 49: [ 7, 4, 2, 1, 2, 4, 7, 10, 9, 10, 8, 5, 4, 3, 4, 5, 8, 7, 6, 7, 5, 8, 7, 6, 7, 8, 5, 4, 3, 4, 4, 7, 10, 9, 10, 7, 4, 2, 1, 2, 3, 6, 9, 11, 9, 6, 3, 1, 0, 1 ]
  Site 50: [ 10, 7, 4, 2, 1, 2, 4, 7, 10, 9, 7, 8, 5, 4, 3, 4, 5, 8, 7, 6, 4, 5, 8, 7, 6, 7, 8, 5, 4, 3, 2, 4, 7, 10, 9, 10, 7, 4, 2, 1, 1, 3, 6, 9, 11, 9, 6, 3, 1, 0 ]
  For site 1 of kind 1:
  +-----------------------------+
  |    1     4     8     4     1|
  | 2     3     7     7     3   |
  |    4     6    10     6     4|
  | 5     7     9     9     7   |
  |    8    10    11    10     8|
  | 5     7     9     9     7   |
  |    4     6    10     6     4|
  | 2     3     7     7     3   |
  |    1     4     8     4     1|
  | 0     2     5     5     2   |
  +-----------------------------+
* Maximum (unsigned) Site pair kind: 11

General system setup:
* Number of sites       : 50
* Number of electrons   : 50
* Spin imbalance MS2    : 0
* Filling               : 0.500000
* Number of orbitals in pool: 53
* Using real-valued orbitals
* Using double-precision arithmetic for orbitals

Trial wave function setup:
* Jastrow parameter file: "wfn.casl"
* Not using multideterminants
* Not using a backflow transformation
* Not using wave function manipulation

VMC #1:
* Size of Hilbert space =   1.5980E+28
* Number of equil. steps   = 1000
* Running VMC equilibration.
  Done. [total walltime: 0.09s]
* Equil. acc.ratio (%)     =  34.5991
* Sample config after equilibration:
  +-------------------+
  |  2   0   0   u   d|
  |d   0   2   d   u  |
  |  d   2   2   0   d|
  |u   u   u   2   0  |
  |  0   0   d   u   0|
  |2   d   u   d   2  |
  |  d   u   2   d   d|
  |u   2   u   0   2  |
  |  u   0   u   0   0|
  |2   2   d   d   u  |
  +-------------------+
* Number of accum. steps   = 500480 x 10
* Running VMC accumulation.
  Done. [total walltime: 3.98s]
* Acceptance ratio (%)     =  34.5798
* Etot/t                   =  -5.878118370779E+01 +/-   5.326256055844E-03
  > Ttot/t                 =  -8.377708764002E+01 +/-   2.284794857787E-12
  > Utot/t                 =   2.499590393223E+01 +/-   5.326256055844E-03
* var[Eloc/t]              =   1.412835224467E+01 +/-   2.846357382993E-02
* Correlation length       =   1.004938060861E+00
* log10 Psi^2 range: 38.256004420698019 -- 50.231048758585459
* log10 Pgen range : 38.256004420698019 -- 50.231048758585459
* Site occupation (ave. no. electrons per config.):
  > Site_  ___eu____  ___ed____
      1        0.502      0.498
      2        0.500      0.502
      3        0.502      0.500
      4        0.504      0.501
      5        0.501      0.500
      6        0.500      0.502
      7        0.498      0.499
      8        0.500      0.500
      9        0.500      0.502
     10        0.500      0.501
     11        0.500      0.500
     12        0.498      0.499
     13        0.500      0.500
     14        0.498      0.499
     15        0.502      0.498
     16        0.497      0.501
     17        0.499      0.500
     18        0.499      0.500
     19        0.500      0.497
     20        0.500      0.500
     21        0.498      0.499
     22        0.497      0.503
     23        0.503      0.500
     24        0.498      0.499
     25        0.497      0.502
     26        0.501      0.501
     27        0.497      0.502
     28        0.501      0.498
     29        0.502      0.501
     30        0.500      0.500
     31        0.499      0.501
     32        0.496      0.501
     33        0.500      0.504
     34        0.501      0.498
     35        0.499      0.500
     36        0.501      0.501
     37        0.504      0.500
     38        0.500      0.496
     39        0.500      0.500
     40        0.500      0.500
     41        0.504      0.499
     42        0.502      0.499
     43        0.500      0.499
     44        0.503      0.498
     45        0.500      0.499
     46        0.499      0.503
     47        0.498      0.502
     48        0.501      0.499
     49        0.500      0.499
     50        0.498      0.499
* Pair-correlation analysis (ave. no. pairs per config.):
  > Shell  nsite  ___dh____  __eueu___  __eued___
      0      1        0          0         12.494
      1      4       17.256     41.232     50.000
      2      4       12.491     49.986     49.998
      3      4       12.500     49.988     49.984
      4      8       26.237     97.458    100.034
      5      4       12.502     49.990     49.988
      6      4       12.562     49.820     50.029
      7      8       25.001     99.986     99.965
      8      4       12.907     49.174     50.000
      9      4       12.487     50.018     49.989
     10      4       12.540     49.877     50.023
     11      1        3.138     12.471     12.496

Optimization #1:
* Method          : lls
* Target function : energy
* No. of configs. : 100096
* No. of params.  : 32
* Before optimization:
   0.0000E+00   0.0000E+00   0.0000E+00   0.0000E+00   0.0000E+00   0.0000E+00
   0.0000E+00   0.0000E+00   0.0000E+00   0.0000E+00   0.0000E+00   0.0000E+00
   0.0000E+00   0.0000E+00   0.0000E+00   0.0000E+00   0.0000E+00   0.0000E+00
   0.0000E+00   0.0000E+00   0.0000E+00   0.0000E+00   0.0000E+00   0.0000E+00
   0.0000E+00   0.0000E+00   0.0000E+00   0.0000E+00   0.0000E+00   0.0000E+00
   0.0000E+00   0.0000E+00
  > E    =  -5.878827689833E+01 +/-   1.184618860005E-02
  > varE =   1.404669032450E+01
* Computing derivatives.
  Done. [total walltime: 5.97s]
* Optimizing manipulation constant:
  #igrid a___________ E____________________________________ varE____________
     1     Infinity    -5.87882769E+01 +/-   1.18461886E-02   1.40466903E+01
     2     1.0000E+06  -5.87883049E+01 +/-   1.18461060E-02   1.40464945E+01
     3     2.1544E+05  -5.87884068E+01 +/-   1.18458054E-02   1.40457817E+01
     4     4.6416E+04  -5.87888799E+01 +/-   1.18444105E-02   1.40424739E+01
     5     1.0000E+04  -5.87910733E+01 +/-   1.18379435E-02   1.40271438E+01
     6     2.1544E+03  -5.88012024E+01 +/-   1.18080916E-02   1.39564880E+01
     7     4.6416E+02  -5.88471368E+01 +/-   1.16729395E-02   1.36388323E+01
     8     1.0000E+02  -5.90402248E+01 +/-   1.11069636E-02   1.23483070E+01
     9     2.1544E+01  -5.96661430E+01 +/-   9.21738519E-03   8.50417516E+00
    10     4.6416E+00  -6.05715858E+01 +/-   6.13611182E-03   3.76880141E+00
    11     1.0000E+00  -6.04254786E+01 +/-   8.94842737E-03   8.01512237E+00
    12     2.1544E-01  -6.00232562E+01 +/-   1.14155777E-02   1.30440517E+01
    13     4.6416E-02  -5.98886730E+01 +/-   1.20823647E-02   1.46123680E+01
    14     1.0000E-02  -5.98568058E+01 +/-   1.22324071E-02   1.49775429E+01
    15     2.1544E-03  -5.98497993E+01 +/-   1.22650270E-02   1.50575300E+01
    16     4.6416E-04  -5.98482832E+01 +/-   1.22720683E-02   1.50748241E+01
    17     1.0000E-04  -5.98479563E+01 +/-   1.22735860E-02   1.50785528E+01
    18     2.1544E-05  -5.98478858E+01 +/-   1.22739130E-02   1.50793563E+01
    19     4.6416E-06  -5.98478706E+01 +/-   1.22739834E-02   1.50795294E+01
    20     1.0000E-06  -5.98478674E+01 +/-   1.22739986E-02   1.50795667E+01
    21     0.0000E+00  -5.98478665E+01 +/-   1.22740028E-02   1.50795769E+01
  ParMin   2.6896E+00  -6.06531800E+01 +/-   6.45582353E-03   4.17176681E+00
  # Using parabolic minimum
* Iteration # 1: E =  -6.065318003650E+01 +/-   6.455823534512E-03
* Reached maximum number of iterations: exiting.
* After optimization:
  -8.8075E-01   3.9371E-02   3.0321E-02   2.6389E-02   2.2325E-02   2.1690E-02
   2.2501E-02   2.1767E-02   2.0312E-02   2.1386E-02   2.1236E-02   2.1035E-02
   2.1307E-03  -1.4402E-02  -1.0032E-03  -8.6669E-03  -7.0216E-04  -4.9372E-03
  -8.8697E-04  -3.7274E-04  -3.5736E-04  -1.0649E-04  -2.8443E-04  -9.5063E-04
  -3.4580E-04  -4.6011E-04  -5.3267E-04   1.4175E-03  -2.0974E-05  -6.9699E-05
  -1.6778E-04  -2.1191E-05
  > Energy =  -6.065318003650E+01 +/-   6.455823534512E-03
  > varE =   4.171766805997E+00

VMC #2:
* Size of Hilbert space =   1.5980E+28
* Number of equil. steps   = 1000
* Running VMC equilibration.
  Done. [total walltime: 0.09s]
* Equil. acc.ratio (%)     =  32.9901
* Sample config after equilibration:
  +-------------------+
  |  2   u   d   d   0|
  |d   2   2   u   0  |
  |  0   2   u   d   d|
  |2   0   d   0   u  |
  |  2   d   d   0   2|
  |2   0   0   u   0  |
  |  u   2   2   d   u|
  |0   d   0   0   0  |
  |  d   u   u   u   2|
  |2   0   2   u   2  |
  +-------------------+
* Number of accum. steps   = 500480 x 10
* Running VMC accumulation.
  Done. [total walltime: 3.94s]
* Acceptance ratio (%)     =  32.9692
* Etot/t                   =  -6.064419606587E+01 +/-   2.963012738607E-03
  > Ttot/t                 =  -8.178367416689E+01 +/-   6.497558002853E-03
  > Utot/t                 =   2.113947810102E+01 +/-   6.263242028071E-03
* var[Eloc/t]              =   4.301078828701E+00 +/-   1.052037792463E-02
* Correlation length       =   1.021589362326E+00
* log10 Psi^2 range: 31.625539768714173 -- 46.280733419765859
* log10 Pgen range : 31.625539768714173 -- 46.280733419765859
* Site occupation (ave. no. electrons per config.):
  > Site_  ___eu____  ___ed____
      1        0.500      0.500
      2        0.501      0.497
      3        0.499      0.501
      4        0.502      0.499
      5        0.500      0.502
      6        0.498      0.500
      7        0.499      0.500
      8        0.499      0.501
      9        0.500      0.501
     10        0.499      0.501
     11        0.499      0.498
     12        0.501      0.500
     13        0.500      0.497
     14        0.500      0.499
     15        0.501      0.502
     16        0.500      0.501
     17        0.502      0.501
     18        0.500      0.498
     19        0.501      0.501
     20        0.501      0.499
     21        0.498      0.501
     22        0.502      0.500
     23        0.499      0.500
     24        0.501      0.500
     25        0.498      0.500
     26        0.500      0.500
     27        0.500      0.497
     28        0.499      0.501
     29        0.501      0.498
     30        0.497      0.503
     31        0.500      0.500
     32        0.499      0.501
     33        0.499      0.502
     34        0.499      0.499
     35        0.501      0.500
     36        0.499      0.502
     37        0.500      0.501
     38        0.499      0.501
     39        0.501      0.499
     40        0.501      0.500
     41        0.500      0.499
     42        0.502      0.501
     43        0.503      0.498
     44        0.500      0.499
     45        0.502      0.500
     46        0.497      0.500
     47        0.501      0.501
     48        0.503      0.496
     49        0.499      0.502
     50        0.499      0.500
* Pair-correlation analysis (ave. no. pairs per config.):
  > Shell  nsite  ___dh____  __eueu___  __eued___
      0      1        0          0         10.579
      1      4       12.864     41.006     52.193
      2      4        9.236     50.232     49.433
      3      4        9.197     50.135     49.610
      4      8       19.110     97.166    100.909
      5      4        9.146     50.104     49.746
      6      4        9.141     49.768     50.086
      7      8       18.216    100.165     99.665
      8      4        9.386     49.085     50.302
      9      4        9.083     50.035     49.924
     10      4        9.129     49.827     50.056
     11      1        2.277     12.478     12.498

Optimization #2:
* Method          : lls
* Target function : energy
* No. of configs. : 100096
* No. of params.  : 32
* Before optimization:
  -8.8075E-01   3.9371E-02   3.0321E-02   2.6389E-02   2.2325E-02   2.1690E-02
   2.2501E-02   2.1767E-02   2.0312E-02   2.1386E-02   2.1236E-02   2.1035E-02
   2.1307E-03  -1.4402E-02  -1.0032E-03  -8.6669E-03  -7.0216E-04  -4.9372E-03
  -8.8697E-04  -3.7274E-04  -3.5736E-04  -1.0649E-04  -2.8443E-04  -9.5063E-04
  -3.4580E-04  -4.6011E-04  -5.3267E-04   1.4175E-03  -2.0974E-05  -6.9699E-05
  -1.6778E-04  -2.1191E-05
  > E    =  -6.064053184150E+01 +/-   6.567174686888E-03
  > varE =   4.316918604014E+00
* Computing derivatives.
  Done. [total walltime: 6.01s]
* Optimizing manipulation constant:
  #igrid a___________ E____________________________________ varE____________
     1     Infinity    -6.06405318E+01 +/-   6.56717469E-03   4.31691860E+00
     2     1.0000E+06  -6.06405377E+01 +/-   6.56710918E-03   4.31683249E+00
     3     2.1544E+05  -6.06405591E+01 +/-   6.56687066E-03   4.31651891E+00
     4     4.6416E+04  -6.06406585E+01 +/-   6.56576398E-03   4.31506416E+00
     5     1.0000E+04  -6.06411187E+01 +/-   6.56063678E-03   4.30832753E+00
     6     2.1544E+03  -6.06432327E+01 +/-   6.53704202E-03   4.27739419E+00
     7     4.6416E+02  -6.06525967E+01 +/-   6.43174627E-03   4.14070728E+00
     8     1.0000E+02  -6.06881212E+01 +/-   6.01995730E-03   3.62746761E+00
     9     2.1544E+01  -6.07688329E+01 +/-   5.00237778E-03   2.50478063E+00
    10     4.6416E+00  -6.08374802E+01 +/-   4.06387475E-03   1.65309325E+00
    11     1.0000E+00  -6.08601274E+01 +/-   3.77570337E-03   1.42696216E+00
    12     2.1544E-01  -6.08645939E+01 +/-   3.72326774E-03   1.38760309E+00
    13     4.6416E-02  -6.08654177E+01 +/-   3.71353016E-03   1.38035449E+00
    14     1.0000E-02  -6.08655850E+01 +/-   3.71153161E-03   1.37886913E+00
    15     2.1544E-03  -6.08656205E+01 +/-   3.71110600E-03   1.37855292E+00
    16     4.6416E-04  -6.08656282E+01 +/-   3.71101454E-03   1.37848497E+00
    17     1.0000E-04  -6.08656298E+01 +/-   3.71099485E-03   1.37847034E+00
    18     2.1544E-05  -6.08656302E+01 +/-   3.71099060E-03   1.37846719E+00
    19     4.6416E-06  -6.08656302E+01 +/-   3.71098969E-03   1.37846651E+00
    20     1.0000E-06  -6.08656303E+01 +/-   3.71098949E-03   1.37846636E+00
    21     0.0000E+00  -6.08656303E+01 +/-   3.71098944E-03   1.37846632E+00
* Iteration # 1: E =  -6.086563026597E+01 +/-   3.710989439083E-03
* Reached maximum number of iterations: exiting.
* After optimization:
  -9.7761E-01   6.8600E-02   3.9109E-02   2.4216E-02   1.1382E-02   6.5165E-03
   8.9045E-03   6.1640E-03   1.6311E-03   4.9301E-03   4.5114E-03   3.8093E-03
  -3.1538E-03  -4.4823E-02  -7.5792E-03  -2.9289E-02  -5.1630E-03  -1.6033E-02
  -3.6903E-03  -3.3530E-03  -2.8250E-03   6.7493E-04  -1.6320E-03  -2.9117E-03
  -1.7933E-03  -3.1895E-04  -2.4585E-03   5.0565E-03  -3.5932E-04  -4.6581E-04
  -6.5652E-04   6.2393E-04
  > Energy =  -6.086563026597E+01 +/-   3.710989439083E-03
  > varE =   1.378466320190E+00

VMC #3:
* Size of Hilbert space =   1.5980E+28
* Number of equil. steps   = 1000
* Running VMC equilibration.
  Done. [total walltime: 0.09s]
* Equil. acc.ratio (%)     =  32.7238
* Sample config after equilibration:
  +-------------------+
  |  u   0   u   d   d|
  |d   d   2   u   u  |
  |  2   0   0   u   0|
  |d   2   d   2   u  |
  |  0   d   u   d   d|
  |u   2   u   2   d  |
  |  0   0   d   u   u|
  |2   2   0   d   d  |
  |  0   u   0   d   2|
  |u   u   2   u   d  |
  +-------------------+
* Number of accum. steps   = 500480 x 10
* Running VMC accumulation.
  Done. [total walltime: 3.94s]
* Acceptance ratio (%)     =  32.7277
* Etot/t                   =  -6.086864987594E+01 +/-   1.631927557437E-03
  > Ttot/t                 =  -8.173395118668E+01 +/-   5.631297893507E-03
  > Utot/t                 =   2.086530131074E+01 +/-   5.487864601023E-03
* var[Eloc/t]              =   1.357779764817E+00 +/-   1.227010810856E-02
* Correlation length       =   9.816555975605E-01
* log10 Psi^2 range: 28.380377077168475 -- 42.389245885245685
* log10 Pgen range : 28.380377077168475 -- 42.389245885245685
* Site occupation (ave. no. electrons per config.):
  > Site_  ___eu____  ___ed____
      1        0.499      0.500
      2        0.501      0.500
      3        0.500      0.500
      4        0.497      0.503
      5        0.502      0.499
      6        0.502      0.500
      7        0.499      0.499
      8        0.502      0.499
      9        0.500      0.497
     10        0.499      0.501
     11        0.501      0.501
     12        0.499      0.499
     13        0.499      0.500
     14        0.499      0.499
     15        0.497      0.499
     16        0.501      0.498
     17        0.499      0.501
     18        0.499      0.504
     19        0.500      0.499
     20        0.500      0.500
     21        0.502      0.500
     22        0.497      0.502
     23        0.495      0.501
     24        0.501      0.501
     25        0.499      0.499
     26        0.499      0.501
     27        0.500      0.497
     28        0.501      0.500
     29        0.500      0.499
     30        0.501      0.501
     31        0.499      0.502
     32        0.500      0.498
     33        0.502      0.503
     34        0.501      0.499
     35        0.500      0.500
     36        0.500      0.499
     37        0.502      0.501
     38        0.500      0.500
     39        0.502      0.500
     40        0.499      0.501
     41        0.501      0.500
     42        0.500      0.502
     43        0.498      0.500
     44        0.500      0.500
     45        0.503      0.502
     46        0.502      0.500
     47        0.500      0.500
     48        0.500      0.498
     49        0.501      0.499
     50        0.499      0.499
* Pair-correlation analysis (ave. no. pairs per config.):
  > Shell  nsite  ___dh____  __eueu___  __eued___
      0      1        0          0         10.432
      1      4       12.642     41.029     52.013
      2      4        8.918     50.224     49.396
      3      4        8.847     50.159     49.590
      4      8       18.299     97.145    101.206
      5      4        8.794     50.102     49.773
      6      4        8.783     49.769     50.112
      7      8       17.549    100.167     99.627
      8      4        9.005     49.025     50.423
      9      4        8.752     50.059     49.874
     10      4        8.775     49.848     50.049
     11      1        2.190     12.474     12.504

Optimization #3:
* Method          : lls
* Target function : energy
* No. of configs. : 100096
* No. of params.  : 32
* Before optimization:
  -9.7761E-01   6.8600E-02   3.9109E-02   2.4216E-02   1.1382E-02   6.5165E-03
   8.9045E-03   6.1640E-03   1.6311E-03   4.9301E-03   4.5114E-03   3.8093E-03
  -3.1538E-03  -4.4823E-02  -7.5792E-03  -2.9289E-02  -5.1630E-03  -1.6033E-02
  -3.6903E-03  -3.3530E-03  -2.8250E-03   6.7493E-04  -1.6320E-03  -2.9117E-03
  -1.7933E-03  -3.1895E-04  -2.4585E-03   5.0565E-03  -3.5932E-04  -4.6581E-04
  -6.5652E-04   6.2393E-04
  > E    =  -6.087058336516E+01 +/-   3.695605168288E-03
  > varE =   1.367060875753E+00
* Computing derivatives.
  Done. [total walltime: 5.99s]
* Optimizing manipulation constant:
  #igrid a___________ E____________________________________ varE____________
     1     Infinity    -6.08705834E+01 +/-   3.69560517E-03   1.36706088E+00
     2     1.0000E+06  -6.08705835E+01 +/-   3.69560189E-03   1.36705845E+00
     3     2.1544E+05  -6.08705842E+01 +/-   3.69558998E-03   1.36704964E+00
     4     4.6416E+04  -6.08705873E+01 +/-   3.69553468E-03   1.36700873E+00
     5     1.0000E+04  -6.08706014E+01 +/-   3.69527854E-03   1.36681924E+00
     6     2.1544E+03  -6.08706664E+01 +/-   3.69410106E-03   1.36594832E+00
     7     4.6416E+02  -6.08709558E+01 +/-   3.68887206E-03   1.36208406E+00
     8     1.0000E+02  -6.08720742E+01 +/-   3.66889185E-03   1.34736897E+00
     9     2.1544E+01  -6.08747124E+01 +/-   3.62466009E-03   1.31507734E+00
    10     4.6416E+00  -6.08768576E+01 +/-   3.60089742E-03   1.29789100E+00
    11     1.0000E+00  -6.08773659E+01 +/-   3.60779937E-03   1.30287119E+00
    12     2.1544E-01  -6.08774233E+01 +/-   3.61303882E-03   1.30665814E+00
    13     4.6416E-02  -6.08774293E+01 +/-   3.61451019E-03   1.30772260E+00
    14     1.0000E-02  -6.08774303E+01 +/-   3.61484642E-03   1.30796591E+00
    15     2.1544E-03  -6.08774305E+01 +/-   3.61491980E-03   1.30801901E+00
    16     4.6416E-04  -6.08774305E+01 +/-   3.61493565E-03   1.30803048E+00
    17     1.0000E-04  -6.08774305E+01 +/-   3.61493906E-03   1.30803295E+00
    18     2.1544E-05  -6.08774305E+01 +/-   3.61493980E-03   1.30803348E+00
    19     4.6416E-06  -6.08774305E+01 +/-   3.61493996E-03   1.30803360E+00
    20     1.0000E-06  -6.08774305E+01 +/-   3.61493999E-03   1.30803362E+00
    21     0.0000E+00  -6.08774305E+01 +/-   3.61494000E-03   1.30803363E+00
  ParMin   2.3155E-02  -6.08774300E+01 +/-   3.61472414E-03   1.30787742E+00
  # Using grid point #13
* Iteration # 1: E =  -6.087742934645E+01 +/-   3.614510185799E-03
* Reached maximum number of iterations: exiting.
* After optimization:
  -9.1132E-01   6.9805E-02   3.7917E-02   2.1758E-02   7.4305E-03   7.3513E-04
   4.6004E-03   7.7979E-04  -4.6309E-03   3.1522E-04  -8.4297E-04  -6.2437E-05
  -4.5794E-03  -4.9215E-02  -7.6439E-03  -3.2170E-02  -4.1421E-03  -1.8447E-02
  -2.3115E-03  -4.9853E-03  -2.4368E-04  -2.6310E-04  -7.6103E-04  -3.9460E-03
   1.5823E-04  -1.0461E-03   1.4340E-04   4.5240E-03   5.2737E-04  -6.4695E-04
   5.2125E-04   4.2372E-04
  > Energy =  -6.087742934645E+01 +/-   3.614510185799E-03
  > varE =   1.307722597977E+00

VMC #4:
* Size of Hilbert space =   1.5980E+28
* Number of equil. steps   = 1000
* Running VMC equilibration.
  Done. [total walltime: 0.08s]
* Equil. acc.ratio (%)     =  32.6218
* Sample config after equilibration:
  +-------------------+
  |  2   u   u   2   d|
  |d   u   2   0   d  |
  |  d   d   u   2   u|
  |0   d   d   u   0  |
  |  u   u   u   2   d|
  |u   d   u   d   2  |
  |  0   0   d   u   0|
  |2   u   2   0   0  |
  |  0   2   2   d   2|
  |0   u   d   d   0  |
  +-------------------+
* Number of accum. steps   = 500480 x 10
* Running VMC accumulation.
  Done. [total walltime: 3.92s]
* Acceptance ratio (%)     =  32.6247
* Etot/t                   =  -6.087359763974E+01 +/-   1.653932550859E-03
  > Ttot/t                 =  -8.166230448117E+01 +/-   5.654361645484E-03
  > Utot/t                 =   2.078870684143E+01 +/-   5.418688500607E-03
* var[Eloc/t]              =   1.309854207654E+00 +/-   7.252722870790E-03
* Correlation length       =   1.045199893225E+00
* log10 Psi^2 range: 28.960502077164879 -- 42.064469698561318
* log10 Pgen range : 28.960502077164879 -- 42.064469698561318
* Site occupation (ave. no. electrons per config.):
  > Site_  ___eu____  ___ed____
      1        0.502      0.498
      2        0.498      0.502
      3        0.501      0.498
      4        0.498      0.501
      5        0.499      0.497
      6        0.498      0.500
      7        0.499      0.499
      8        0.501      0.500
      9        0.499      0.500
     10        0.501      0.497
     11        0.501      0.501
     12        0.499      0.497
     13        0.501      0.500
     14        0.500      0.500
     15        0.499      0.503
     16        0.501      0.499
     17        0.495      0.504
     18        0.500      0.499
     19        0.501      0.500
     20        0.504      0.502
     21        0.499      0.499
     22        0.502      0.500
     23        0.498      0.501
     24        0.499      0.500
     25        0.499      0.501
     26        0.500      0.502
     27        0.500      0.499
     28        0.501      0.498
     29        0.499      0.500
     30        0.503      0.500
     31        0.499      0.501
     32        0.502      0.500
     33        0.501      0.501
     34        0.503      0.500
     35        0.501      0.499
     36        0.499      0.498
     37        0.499      0.498
     38        0.501      0.502
     39        0.499      0.499
     40        0.497      0.502
     41        0.503      0.499
     42        0.501      0.498
     43        0.499      0.501
     44        0.499      0.502
     45        0.499      0.500
     46        0.499      0.503
     47        0.500      0.500
     48        0.501      0.500
     49        0.497      0.500
     50        0.501      0.500
* Pair-correlation analysis (ave. no. pairs per config.):
  > Shell  nsite  ___dh____  __eueu___  __eued___
      0      1        0          0         10.400
      1      4       12.580     40.991     52.043
      2      4        8.855     50.230     49.391
      3      4        8.782     50.179     49.571
      4      8       18.159     97.119    101.233
      5      4        8.722     50.151     49.722
      6      4        8.732     49.716     50.127
      7      8       17.388    100.236     99.592
      8      4        8.919     49.019     50.462
      9      4        8.700     50.070     49.844
     10      4        8.688     49.827     50.094
     11      1        2.176     12.463     12.521

Optimization #4:
* Method          : lls
* Target function : energy
* No. of configs. : 100096
* No. of params.  : 32
* Before optimization:
  -9.1132E-01   6.9805E-02   3.7917E-02   2.1758E-02   7.4305E-03   7.3513E-04
   4.6004E-03   7.7979E-04  -4.6309E-03   3.1522E-04  -8.4297E-04  -6.2437E-05
  -4.5794E-03  -4.9215E-02  -7.6439E-03  -3.2170E-02  -4.1421E-03  -1.8447E-02
  -2.3115E-03  -4.9853E-03  -2.4368E-04  -2.6310E-04  -7.6103E-04  -3.9460E-03
   1.5823E-04  -1.0461E-03   1.4340E-04   4.5240E-03   5.2737E-04  -6.4695E-04
   5.2125E-04   4.2372E-04
  > E    =  -6.087037020090E+01 +/-   3.622568868208E-03
  > varE =   1.313560328991E+00
* Computing derivatives.
  Done. [total walltime: 5.99s]
* Optimizing manipulation constant:
  #igrid a___________ E____________________________________ varE____________
     1     Infinity    -6.08703702E+01 +/-   3.62256887E-03   1.31356033E+00
     2     1.0000E+06  -6.08703702E+01 +/-   3.62256889E-03   1.31356034E+00
     3     2.1544E+05  -6.08703702E+01 +/-   3.62256895E-03   1.31356039E+00
     4     4.6416E+04  -6.08703703E+01 +/-   3.62256925E-03   1.31356061E+00
     5     1.0000E+04  -6.08703706E+01 +/-   3.62257064E-03   1.31356161E+00
     6     2.1544E+03  -6.08703719E+01 +/-   3.62257713E-03   1.31356632E+00
     7     4.6416E+02  -6.08703781E+01 +/-   3.62260783E-03   1.31358859E+00
     8     1.0000E+02  -6.08704034E+01 +/-   3.62276002E-03   1.31369895E+00
     9     2.1544E+01  -6.08704772E+01 +/-   3.62349986E-03   1.31423558E+00
    10     4.6416E+00  -6.08705764E+01 +/-   3.62558661E-03   1.31574974E+00
    11     1.0000E+00  -6.08706285E+01 +/-   3.62755306E-03   1.31717740E+00
    12     2.1544E-01  -6.08706430E+01 +/-   3.62827791E-03   1.31770384E+00
    13     4.6416E-02  -6.08706463E+01 +/-   3.62845629E-03   1.31783341E+00
    14     1.0000E-02  -6.08706470E+01 +/-   3.62849585E-03   1.31786215E+00
    15     2.1544E-03  -6.08706471E+01 +/-   3.62850443E-03   1.31786838E+00
    16     4.6416E-04  -6.08706472E+01 +/-   3.62850628E-03   1.31786973E+00
    17     1.0000E-04  -6.08706472E+01 +/-   3.62850668E-03   1.31787001E+00
    18     2.1544E-05  -6.08706472E+01 +/-   3.62850677E-03   1.31787008E+00
    19     4.6416E-06  -6.08706472E+01 +/-   3.62850678E-03   1.31787009E+00
    20     1.0000E-06  -6.08706472E+01 +/-   3.62850679E-03   1.31787009E+00
    21     0.0000E+00  -6.08706472E+01 +/-   3.62850679E-03   1.31787009E+00
* Iteration # 1: E =  -6.087064717525E+01 +/-   3.628506789718E-03
* Reached maximum number of iterations: exiting.
* After optimization:
  -9.1594E-01   6.9860E-02   3.7697E-02   2.1222E-02   6.8343E-03   9.5801E-04
   4.6134E-03   1.2598E-03  -4.1978E-03   3.3928E-04  -2.9885E-04  -4.2576E-04
  -4.6842E-03  -4.9639E-02  -7.4782E-03  -3.2075E-02  -4.0523E-03  -1.8143E-02
  -2.6507E-03  -4.6033E-03  -8.6319E-04  -9.4800E-05  -8.6546E-04  -3.3940E-03
  -2.6857E-04  -6.6982E-04  -6.8077E-04   4.6719E-03   1.6350E-04  -7.0725E-04
  -5.2519E-06   3.9829E-04
  > Energy =  -6.087064717525E+01 +/-   3.628506789718E-03
  > varE =   1.317870094209E+00

VMC #5:
* Size of Hilbert space =   1.5980E+28
* Number of equil. steps   = 1000
* Running VMC equilibration.
  Done. [total walltime: 0.09s]
* Equil. acc.ratio (%)     =  32.6770
* Sample config after equilibration:
  +-------------------+
  |  d   2   d   d   u|
  |0   u   d   u   d  |
  |  d   d   2   u   2|
  |d   u   u   u   0  |
  |  u   d   d   u   d|
  |u   2   0   0   u  |
  |  d   u   d   0   0|
  |d   d   u   2   u  |
  |  2   2   2   d   2|
  |u   u   0   0   0  |
  +-------------------+
* Number of accum. steps   = 500480 x 10
* Running VMC accumulation.
  Done. [total walltime: 3.91s]
* Acceptance ratio (%)     =  32.6283
* Etot/t                   =  -6.087606253647E+01 +/-   1.608610225373E-03
  > Ttot/t                 =  -8.166365444823E+01 +/-   5.593796322474E-03
  > Utot/t                 =   2.078759191176E+01 +/-   5.332137684274E-03
* var[Eloc/t]              =   1.326924212478E+00 +/-   2.242400600321E-02
* Correlation length       =   9.759830119154E-01
* log10 Psi^2 range: 28.300231393755581 -- 42.271147409825410
* log10 Pgen range : 28.300231393755581 -- 42.271147409825410
* Site occupation (ave. no. electrons per config.):
  > Site_  ___eu____  ___ed____
      1        0.500      0.496
      2        0.500      0.500
      3        0.500      0.502
      4        0.500      0.502
      5        0.498      0.499
      6        0.502      0.500
      7        0.499      0.500
      8        0.499      0.501
      9        0.501      0.498
     10        0.500      0.501
     11        0.499      0.502
     12        0.502      0.500
     13        0.499      0.498
     14        0.498      0.501
     15        0.503      0.500
     16        0.500      0.502
     17        0.501      0.499
     18        0.499      0.500
     19        0.500      0.499
     20        0.499      0.500
     21        0.503      0.499
     22        0.497      0.501
     23        0.501      0.500
     24        0.502      0.501
     25        0.498      0.500
     26        0.500      0.500
     27        0.497      0.501
     28        0.502      0.500
     29        0.500      0.500
     30        0.499      0.500
     31        0.499      0.501
     32        0.503      0.503
     33        0.500      0.500
     34        0.500      0.498
     35        0.500      0.499
     36        0.500      0.502
     37        0.503      0.501
     38        0.501      0.499
     39        0.500      0.499
     40        0.500      0.502
     41        0.499      0.500
     42        0.500      0.501
     43        0.501      0.498
     44        0.500      0.502
     45        0.501      0.500
     46        0.499      0.500
     47        0.500      0.498
     48        0.499      0.499
     49        0.499      0.500
     50        0.500      0.498
* Pair-correlation analysis (ave. no. pairs per config.):
  > Shell  nsite  ___dh____  __eueu___  __eued___
      0      1        0          0         10.402
      1      4       12.597     40.982     52.024
      2      4        8.850     50.252     49.380
      3      4        8.784     50.160     49.593
      4      8       18.140     97.153    101.234
      5      4        8.721     50.116     49.758
      6      4        8.720     49.738     50.139
      7      8       17.422    100.198     99.586
      8      4        8.921     49.033     50.440
      9      4        8.688     50.087     49.847
     10      4        8.708     49.814     50.082
     11      1        2.173     12.467     12.515

Optimization #5:
* Method          : lls
* Target function : energy
* No. of configs. : 100096
* No. of params.  : 32
* Before optimization:
  -9.1594E-01   6.9860E-02   3.7697E-02   2.1222E-02   6.8343E-03   9.5801E-04
   4.6134E-03   1.2598E-03  -4.1978E-03   3.3928E-04  -2.9885E-04  -4.2576E-04
  -4.6842E-03  -4.9639E-02  -7.4782E-03  -3.2075E-02  -4.0523E-03  -1.8143E-02
  -2.6507E-03  -4.6033E-03  -8.6319E-04  -9.4800E-05  -8.6546E-04  -3.3940E-03
  -2.6857E-04  -6.6982E-04  -6.8077E-04   4.6719E-03   1.6350E-04  -7.0725E-04
  -5.2519E-06   3.9829E-04
  > E    =  -6.087846267060E+01 +/-   3.571823929378E-03
  > varE =   1.277017379161E+00
* Computing derivatives.
  Done. [total walltime: 6.01s]
* Optimizing manipulation constant:
  #igrid a___________ E____________________________________ varE____________
     1     Infinity    -6.08784627E+01 +/-   3.57182393E-03   1.27701738E+00
     2     1.0000E+06  -6.08784627E+01 +/-   3.57182391E-03   1.27701737E+00
     3     2.1544E+05  -6.08784627E+01 +/-   3.57182386E-03   1.27701733E+00
     4     4.6416E+04  -6.08784627E+01 +/-   3.57182361E-03   1.27701715E+00
     5     1.0000E+04  -6.08784630E+01 +/-   3.57182246E-03   1.27701633E+00
     6     2.1544E+03  -6.08784642E+01 +/-   3.57181716E-03   1.27701254E+00
     7     4.6416E+02  -6.08784698E+01 +/-   3.57179328E-03   1.27699546E+00
     8     1.0000E+02  -6.08784926E+01 +/-   3.57169552E-03   1.27692557E+00
     9     2.1544E+01  -6.08785596E+01 +/-   3.57138119E-03   1.27670082E+00
    10     4.6416E+00  -6.08786419E+01 +/-   3.57057658E-03   1.27612562E+00
    11     1.0000E+00  -6.08786623E+01 +/-   3.56953819E-03   1.27538348E+00
    12     2.1544E-01  -6.08786580E+01 +/-   3.56906046E-03   1.27504212E+00
    13     4.6416E-02  -6.08786558E+01 +/-   3.56893374E-03   1.27495158E+00
    14     1.0000E-02  -6.08786552E+01 +/-   3.56890512E-03   1.27493113E+00
    15     2.1544E-03  -6.08786551E+01 +/-   3.56889889E-03   1.27492668E+00
    16     4.6416E-04  -6.08786551E+01 +/-   3.56889754E-03   1.27492572E+00
    17     1.0000E-04  -6.08786550E+01 +/-   3.56889725E-03   1.27492551E+00
    18     2.1544E-05  -6.08786550E+01 +/-   3.56889719E-03   1.27492547E+00
    19     4.6416E-06  -6.08786550E+01 +/-   3.56889717E-03   1.27492546E+00
    20     1.0000E-06  -6.08786550E+01 +/-   3.56889717E-03   1.27492546E+00
    21     0.0000E+00  -6.08786550E+01 +/-   3.56889717E-03   1.27492546E+00
  ParMin   5.4794E-01  -6.08786608E+01 +/-   3.56928305E-03   1.27520117E+00
  # Using grid point #11
* Iteration # 1: E =  -6.087866227641E+01 +/-   3.569538187013E-03
* Reached maximum number of iterations: exiting.
* After optimization:
  -9.5385E-01   6.9639E-02   3.8107E-02   2.1980E-02   7.7235E-03   1.7530E-03
   5.3278E-03   1.8534E-03  -3.5571E-03   1.6580E-03   1.0347E-03  -3.1345E-05
  -5.5166E-03  -4.8528E-02  -8.8018E-03  -3.1694E-02  -5.7633E-03  -1.7728E-02
  -3.6867E-03  -4.4734E-03  -1.7141E-03   3.2379E-05  -1.8226E-03  -3.4056E-03
  -1.1920E-03  -6.9439E-04  -1.2536E-03   4.8087E-03  -6.7011E-04  -8.1881E-04
  -1.0587E-03  -1.4801E-04
  > Energy =  -6.087866227641E+01 +/-   3.569538187013E-03
  > varE =   1.275383480730E+00

VMC #6:
* Size of Hilbert space =   1.5980E+28
* Number of equil. steps   = 1000
* Running VMC equilibration.
  Done. [total walltime: 0.09s]
* Equil. acc.ratio (%)     =  32.6411
* Sample config after equilibration:
  +-------------------+
  |  d   0   2   2   d|
  |0   0   u   d   u  |
  |  u   d   d   2   2|
  |2   0   0   u   0  |
  |  0   2   d   u   2|
  |d   0   u   0   d  |
  |  u   u   d   0   0|
  |d   2   2   2   u  |
  |  2   d   0   2   d|
  |u   2   u   u   0  |
  +-------------------+
* Number of accum. steps   = 500480 x 10
* Running VMC accumulation.
  Done. [total walltime: 3.93s]
* Acceptance ratio (%)     =  32.6336
* Etot/t                   =  -6.087647720280E+01 +/-   1.622722579609E-03
  > Ttot/t                 =  -8.166249062991E+01 +/-   5.576186218700E-03
  > Utot/t                 =   2.078601342711E+01 +/-   5.303038689624E-03
* var[Eloc/t]              =   1.332516564549E+00 +/-   1.807987047757E-02
* Correlation length       =   9.890145233182E-01
* log10 Psi^2 range: 27.958568898485776 -- 42.297664642609973
* log10 Pgen range : 27.958568898485776 -- 42.297664642609973
* Site occupation (ave. no. electrons per config.):
  > Site_  ___eu____  ___ed____
      1        0.502      0.499
      2        0.498      0.502
      3        0.499      0.499
      4        0.501      0.501
      5        0.503      0.498
      6        0.500      0.501
      7        0.499      0.497
      8        0.498      0.502
      9        0.501      0.502
     10        0.500      0.500
     11        0.496      0.500
     12        0.500      0.501
     13        0.501      0.501
     14        0.501      0.498
     15        0.497      0.502
     16        0.499      0.500
     17        0.499      0.501
     18        0.500      0.498
     19        0.500      0.499
     20        0.502      0.501
     21        0.502      0.500
     22        0.500      0.497
     23        0.499      0.501
     24        0.500      0.499
     25        0.501      0.501
     26        0.500      0.499
     27        0.500      0.501
     28        0.503      0.501
     29        0.499      0.502
     30        0.501      0.499
     31        0.500      0.501
     32        0.499      0.502
     33        0.500      0.499
     34        0.501      0.501
     35        0.499      0.498
     36        0.504      0.500
     37        0.499      0.502
     38        0.500      0.498
     39        0.497      0.500
     40        0.499      0.497
     41        0.500      0.500
     42        0.501      0.500
     43        0.501      0.500
     44        0.498      0.499
     45        0.499      0.500
     46        0.502      0.498
     47        0.501      0.500
     48        0.500      0.499
     49        0.499      0.499
     50        0.498      0.503
* Pair-correlation analysis (ave. no. pairs per config.):
  > Shell  nsite  ___dh____  __eueu___  __eued___
      0      1        0          0         10.395
      1      4       12.568     40.994     52.053
      2      4        8.843     50.249     49.380
      3      4        8.775     50.153     49.577
      4      8       18.113     97.136    101.238
      5      4        8.718     50.136     49.722
      6      4        8.714     49.745     50.112
      7      8       17.395    100.185     99.596
      8      4        8.896     49.042     50.461
      9      4        8.682     50.058     49.872
     10      4        8.684     49.831     50.093
     11      1        2.176     12.470     12.501

Optimization #6:
* Method          : lls
* Target function : energy
* No. of configs. : 100096
* No. of params.  : 32
* Before optimization:
  -9.5385E-01   6.9639E-02   3.8107E-02   2.1980E-02   7.7235E-03   1.7530E-03
   5.3278E-03   1.8534E-03  -3.5571E-03   1.6580E-03   1.0347E-03  -3.1345E-05
  -5.5166E-03  -4.8528E-02  -8.8018E-03  -3.1694E-02  -5.7633E-03  -1.7728E-02
  -3.6867E-03  -4.4734E-03  -1.7141E-03   3.2379E-05  -1.8226E-03  -3.4056E-03
  -1.1920E-03  -6.9439E-04  -1.2536E-03   4.8087E-03  -6.7011E-04  -8.1881E-04
  -1.0587E-03  -1.4801E-04
  > E    =  -6.087371474955E+01 +/-   3.702899229101E-03
  > varE =   1.372462570507E+00
* Computing derivatives.
  Done. [total walltime: 6.02s]
* Optimizing manipulation constant:
  #igrid a___________ E____________________________________ varE____________
     1     Infinity    -6.08737147E+01 +/-   3.70289923E-03   1.37246257E+00
     2     1.0000E+06  -6.08737148E+01 +/-   3.70289920E-03   1.37246255E+00
     3     2.1544E+05  -6.08737148E+01 +/-   3.70289912E-03   1.37246249E+00
     4     4.6416E+04  -6.08737148E+01 +/-   3.70289870E-03   1.37246218E+00
     5     1.0000E+04  -6.08737149E+01 +/-   3.70289678E-03   1.37246075E+00
     6     2.1544E+03  -6.08737154E+01 +/-   3.70288791E-03   1.37245418E+00
     7     4.6416E+02  -6.08737176E+01 +/-   3.70284767E-03   1.37242435E+00
     8     1.0000E+02  -6.08737267E+01 +/-   3.70267927E-03   1.37229952E+00
     9     2.1544E+01  -6.08737537E+01 +/-   3.70215450E-03   1.37191056E+00
    10     4.6416E+00  -6.08737939E+01 +/-   3.70137229E-03   1.37133090E+00
    11     1.0000E+00  -6.08738204E+01 +/-   3.70095630E-03   1.37102268E+00
    12     2.1544E-01  -6.08738291E+01 +/-   3.70084322E-03   1.37093889E+00
    13     4.6416E-02  -6.08738311E+01 +/-   3.70081752E-03   1.37091985E+00
    14     1.0000E-02  -6.08738316E+01 +/-   3.70081191E-03   1.37091569E+00
    15     2.1544E-03  -6.08738317E+01 +/-   3.70081069E-03   1.37091480E+00
    16     4.6416E-04  -6.08738317E+01 +/-   3.70081043E-03   1.37091460E+00
    17     1.0000E-04  -6.08738317E+01 +/-   3.70081038E-03   1.37091456E+00
    18     2.1544E-05  -6.08738317E+01 +/-   3.70081036E-03   1.37091455E+00
    19     4.6416E-06  -6.08738317E+01 +/-   3.70081036E-03   1.37091455E+00
    20     1.0000E-06  -6.08738317E+01 +/-   3.70081036E-03   1.37091455E+00
    21     0.0000E+00  -6.08738317E+01 +/-   3.70081036E-03   1.37091455E+00
* Iteration # 1: E =  -6.087383171352E+01 +/-   3.700810361656E-03
* Reached maximum number of iterations: exiting.
* After optimization:
  -9.7208E-01   7.0998E-02   3.9237E-02   2.2807E-02   8.2434E-03   2.2899E-03
   5.7119E-03   2.1923E-03  -3.0472E-03   1.0293E-03   7.3893E-04  -1.5557E-04
  -6.1313E-03  -4.9013E-02  -9.3611E-03  -3.2000E-02  -6.0192E-03  -1.8056E-02
  -4.1833E-03  -4.2591E-03  -2.6485E-03   2.6639E-04  -1.9961E-03  -3.5625E-03
  -1.7022E-03  -4.5041E-04  -1.9120E-03   5.3299E-03  -2.5871E-04  -6.0206E-04
  -8.6321E-04   1.5091E-04
  > Energy =  -6.087383171352E+01 +/-   3.700810361656E-03
  > varE =   1.370914549038E+00

VMC #7:
* Size of Hilbert space =   1.5980E+28
* Number of equil. steps   = 1000
* Running VMC equilibration.
  Done. [total walltime: 0.09s]
* Equil. acc.ratio (%)     =  32.6088
* Sample config after equilibration:
  +-------------------+
  |  0   d   2   2   d|
  |u   u   d   0   d  |
  |  2   d   u   2   u|
  |0   2   u   d   u  |
  |  u   2   d   0   u|
  |2   d   d   2   2  |
  |  d   2   d   0   0|
  |u   u   0   0   2  |
  |  0   u   0   d   0|
  |d   2   u   u   0  |
  +-------------------+
* Number of accum. steps   = 500480 x 10
* Running VMC accumulation.
  Done. [total walltime: 3.92s]
* Acceptance ratio (%)     =  32.6216
* Etot/t                   =  -6.087952648293E+01 +/-   1.597809461356E-03
  > Ttot/t                 =  -8.166374563255E+01 +/-   5.582220090060E-03
  > Utot/t                 =   2.078421914962E+01 +/-   5.308742397202E-03
* var[Eloc/t]              =   1.319757448544E+00 +/-   7.459708173938E-03
* Correlation length       =   9.681498493869E-01
* log10 Psi^2 range: 27.892861911862123 -- 41.136845491879043
* log10 Pgen range : 27.892861911862123 -- 41.136845491879043
* Site occupation (ave. no. electrons per config.):
  > Site_  ___eu____  ___ed____
      1        0.501      0.501
      2        0.502      0.496
      3        0.497      0.500
      4        0.497      0.498
      5        0.500      0.499
      6        0.498      0.506
      7        0.500      0.499
      8        0.500      0.501
      9        0.498      0.500
     10        0.500      0.500
     11        0.497      0.502
     12        0.500      0.499
     13        0.502      0.500
     14        0.502      0.500
     15        0.499      0.501
     16        0.497      0.499
     17        0.502      0.498
     18        0.500      0.500
     19        0.502      0.502
     20        0.502      0.499
     21        0.502      0.500
     22        0.501      0.501
     23        0.500      0.498
     24        0.500      0.500
     25        0.501      0.501
     26        0.502      0.497
     27        0.498      0.498
     28        0.499      0.503
     29        0.501      0.498
     30        0.499      0.501
     31        0.498      0.500
     32        0.500      0.501
     33        0.501      0.500
     34        0.499      0.502
     35        0.500      0.500
     36        0.505      0.500
     37        0.500      0.500
     38        0.500      0.499
     39        0.500      0.501
     40        0.499      0.501
     41        0.502      0.496
     42        0.502      0.499
     43        0.496      0.500
     44        0.503      0.498
     45        0.499      0.500
     46        0.497      0.499
     47        0.499      0.503
     48        0.499      0.502
     49        0.500      0.501
     50        0.502      0.500
* Pair-correlation analysis (ave. no. pairs per config.):
  > Shell  nsite  ___dh____  __eueu___  __eued___
      0      1        0          0         10.399
      1      4       12.568     41.015     52.034
      2      4        8.853     50.223     49.382
      3      4        8.785     50.153     49.578
      4      8       18.131     97.171    101.226
      5      4        8.719     50.105     49.761
      6      4        8.717     49.759     50.099
      7      8       17.410    100.167     99.618
      8      4        8.907     49.045     50.449
      9      4        8.689     50.049     49.880
     10      4        8.698     49.840     50.062
     11      1        2.169     12.473     12.513

Optimization #7:
* Method          : lls
* Target function : energy
* No. of configs. : 100096
* No. of params.  : 32
* Before optimization:
  -9.7208E-01   7.0998E-02   3.9237E-02   2.2807E-02   8.2434E-03   2.2899E-03
   5.7119E-03   2.1923E-03  -3.0472E-03   1.0293E-03   7.3893E-04  -1.5557E-04
  -6.1313E-03  -4.9013E-02  -9.3611E-03  -3.2000E-02  -6.0192E-03  -1.8056E-02
  -4.1833E-03  -4.2591E-03  -2.6485E-03   2.6639E-04  -1.9961E-03  -3.5625E-03
  -1.7022E-03  -4.5041E-04  -1.9120E-03   5.3299E-03  -2.5871E-04  -6.0206E-04
  -8.6321E-04   1.5091E-04
  > E    =  -6.087801839314E+01 +/-   3.589478195758E-03
  > varE =   1.289672269739E+00
* Computing derivatives.
  Done. [total walltime: 5.96s]
* Optimizing manipulation constant:
  #igrid a___________ E____________________________________ varE____________
     1     Infinity    -6.08780184E+01 +/-   3.58947820E-03   1.28967227E+00
     2     1.0000E+06  -6.08780184E+01 +/-   3.58947817E-03   1.28967225E+00
     3     2.1544E+05  -6.08780184E+01 +/-   3.58947806E-03   1.28967217E+00
     4     4.6416E+04  -6.08780184E+01 +/-   3.58947755E-03   1.28967181E+00
     5     1.0000E+04  -6.08780185E+01 +/-   3.58947522E-03   1.28967013E+00
     6     2.1544E+03  -6.08780188E+01 +/-   3.58946445E-03   1.28966239E+00
     7     4.6416E+02  -6.08780201E+01 +/-   3.58941570E-03   1.28962736E+00
     8     1.0000E+02  -6.08780255E+01 +/-   3.58921327E-03   1.28948191E+00
     9     2.1544E+01  -6.08780419E+01 +/-   3.58859629E-03   1.28903862E+00
    10     4.6416E+00  -6.08780653E+01 +/-   3.58769528E-03   1.28839141E+00
    11     1.0000E+00  -6.08780739E+01 +/-   3.58722827E-03   1.28805602E+00
    12     2.1544E-01  -6.08780735E+01 +/-   3.58711592E-03   1.28797534E+00
    13     4.6416E-02  -6.08780730E+01 +/-   3.58709309E-03   1.28795894E+00
    14     1.0000E-02  -6.08780728E+01 +/-   3.58708829E-03   1.28795549E+00
    15     2.1544E-03  -6.08780728E+01 +/-   3.58708726E-03   1.28795475E+00
    16     4.6416E-04  -6.08780728E+01 +/-   3.58708704E-03   1.28795460E+00
    17     1.0000E-04  -6.08780728E+01 +/-   3.58708699E-03   1.28795456E+00
    18     2.1544E-05  -6.08780728E+01 +/-   3.58708698E-03   1.28795455E+00
    19     4.6416E-06  -6.08780728E+01 +/-   3.58708698E-03   1.28795455E+00
    20     1.0000E-06  -6.08780728E+01 +/-   3.58708698E-03   1.28795455E+00
    21     0.0000E+00  -6.08780728E+01 +/-   3.58708698E-03   1.28795455E+00
  ParMin   4.7132E-01  -6.08780739E+01 +/-   3.58715180E-03   1.28800110E+00
  # Using parabolic minimum
* Iteration # 1: E =  -6.087807393780E+01 +/-   3.587151804483E-03
* Reached maximum number of iterations: exiting.
* After optimization:
  -9.6091E-01   7.0897E-02   3.9020E-02   2.2492E-02   8.0467E-03   1.7173E-03
   5.2630E-03   1.8263E-03  -3.4918E-03   8.2669E-04   1.4680E-04   1.3729E-04
  -6.1533E-03  -4.9360E-02  -9.3770E-03  -3.2252E-02  -6.2275E-03  -1.7934E-02
  -4.0604E-03  -4.0577E-03  -2.4079E-03   4.9852E-04  -2.2285E-03  -2.8078E-03
  -1.7708E-03  -1.1617E-05  -1.9247E-03   5.3240E-03  -5.7082E-04  -2.1910E-04
  -1.1729E-03   8.1552E-04
  > Energy =  -6.087807393780E+01 +/-   3.587151804483E-03
  > varE =   1.288001102015E+00

VMC #8:
* Size of Hilbert space =   1.5980E+28
* Number of equil. steps   = 1000
* Running VMC equilibration.
  Done. [total walltime: 0.09s]
* Equil. acc.ratio (%)     =  32.6466
* Sample config after equilibration:
  +-------------------+
  |  u   u   u   u   d|
  |0   d   d   u   u  |
  |  d   u   0   d   d|
  |u   d   u   d   u  |
  |  d   0   d   2   2|
  |u   2   u   u   u  |
  |  0   0   0   d   d|
  |d   2   u   2   u  |
  |  2   0   d   d   u|
  |d   u   d   d   2  |
  +-------------------+
* Number of accum. steps   = 500480 x 10
* Running VMC accumulation.
  Done. [total walltime: 3.94s]
* Acceptance ratio (%)     =  32.6320
* Etot/t                   =  -6.087391913338E+01 +/-   1.620977164011E-03
  > Ttot/t                 =  -8.165299522033E+01 +/-   5.560879825783E-03
  > Utot/t                 =   2.077907608696E+01 +/-   5.287110310332E-03
* var[Eloc/t]              =   1.301753537168E+00 +/-   1.590112722460E-02
* Correlation length       =   1.010210210857E+00
* log10 Psi^2 range: 28.017821093216366 -- 42.104106168047231
* log10 Pgen range : 28.017821093216366 -- 42.104106168047231
* Site occupation (ave. no. electrons per config.):
  > Site_  ___eu____  ___ed____
      1        0.499      0.501
      2        0.498      0.501
      3        0.497      0.500
      4        0.501      0.503
      5        0.497      0.500
      6        0.500      0.502
      7        0.500      0.499
      8        0.500      0.503
      9        0.500      0.498
     10        0.501      0.502
     11        0.502      0.501
     12        0.502      0.500
     13        0.500      0.497
     14        0.501      0.501
     15        0.500      0.502
     16        0.501      0.499
     17        0.502      0.499
     18        0.499      0.500
     19        0.499      0.503
     20        0.501      0.498
     21        0.501      0.502
     22        0.499      0.500
     23        0.499      0.503
     24        0.500      0.499
     25        0.500      0.497
     26        0.501      0.497
     27        0.497      0.500
     28        0.500      0.500
     29        0.503      0.500
     30        0.501      0.498
     31        0.501      0.499
     32        0.499      0.500
     33        0.498      0.501
     34        0.501      0.500
     35        0.498      0.500
     36        0.499      0.499
     37        0.499      0.498
     38        0.500      0.501
     39        0.500      0.500
     40        0.497      0.498
     41        0.502      0.499
     42        0.501      0.500
     43        0.500      0.497
     44        0.502      0.497
     45        0.499      0.499
     46        0.499      0.500
     47        0.500      0.500
     48        0.499      0.501
     49        0.500      0.500
     50        0.501      0.501
* Pair-correlation analysis (ave. no. pairs per config.):
  > Shell  nsite  ___dh____  __eueu___  __eued___
      0      1        0          0         10.391
      1      4       12.549     41.011     52.044
      2      4        8.846     50.223     49.376
      3      4        8.765     50.164     49.568
      4      8       18.101     97.143    101.239
      5      4        8.706     50.121     49.740
      6      4        8.712     49.710     50.145
      7      8       17.380    100.232     99.571
      8      4        8.894     49.030     50.464
      9      4        8.678     50.083     49.833
     10      4        8.671     49.814     50.110
     11      1        2.165     12.470     12.518

Optimization #8:
* Method          : lls
* Target function : energy
* No. of configs. : 100096
* No. of params.  : 32
* Before optimization:
  -9.6091E-01   7.0897E-02   3.9020E-02   2.2492E-02   8.0467E-03   1.7173E-03
   5.2630E-03   1.8263E-03  -3.4918E-03   8.2669E-04   1.4680E-04   1.3729E-04
  -6.1533E-03  -4.9360E-02  -9.3770E-03  -3.2252E-02  -6.2275E-03  -1.7934E-02
  -4.0604E-03  -4.0577E-03  -2.4079E-03   4.9852E-04  -2.2285E-03  -2.8078E-03
  -1.7708E-03  -1.1617E-05  -1.9247E-03   5.3240E-03  -5.7082E-04  -2.1910E-04
  -1.1729E-03   8.1552E-04
  > E    =  -6.087573329049E+01 +/-   3.619229891950E-03
  > varE =   1.311139988280E+00
* Computing derivatives.
  Done. [total walltime: 5.96s]
* Optimizing manipulation constant:
  #igrid a___________ E____________________________________ varE____________
     1     Infinity    -6.08757333E+01 +/-   3.61922989E-03   1.31113999E+00
     2     1.0000E+06  -6.08757333E+01 +/-   3.61922986E-03   1.31113996E+00
     3     2.1544E+05  -6.08757333E+01 +/-   3.61922972E-03   1.31113987E+00
     4     4.6416E+04  -6.08757333E+01 +/-   3.61922910E-03   1.31113942E+00
     5     1.0000E+04  -6.08757334E+01 +/-   3.61922624E-03   1.31113734E+00
     6     2.1544E+03  -6.08757340E+01 +/-   3.61921301E-03   1.31112776E+00
     7     4.6416E+02  -6.08757366E+01 +/-   3.61915314E-03   1.31108438E+00
     8     1.0000E+02  -6.08757472E+01 +/-   3.61890440E-03   1.31090417E+00
     9     2.1544E+01  -6.08757790E+01 +/-   3.61814679E-03   1.31035536E+00
    10     4.6416E+00  -6.08758237E+01 +/-   3.61706864E-03   1.30957454E+00
    11     1.0000E+00  -6.08758428E+01 +/-   3.61659931E-03   1.30923472E+00
    12     2.1544E-01  -6.08758434E+01 +/-   3.61654248E-03   1.30919357E+00
    13     4.6416E-02  -6.08758427E+01 +/-   3.61654081E-03   1.30919236E+00
    14     1.0000E-02  -6.08758425E+01 +/-   3.61654120E-03   1.30919265E+00
    15     2.1544E-03  -6.08758424E+01 +/-   3.61654132E-03   1.30919273E+00
    16     4.6416E-04  -6.08758424E+01 +/-   3.61654135E-03   1.30919275E+00
    17     1.0000E-04  -6.08758424E+01 +/-   3.61654136E-03   1.30919276E+00
    18     2.1544E-05  -6.08758424E+01 +/-   3.61654136E-03   1.30919276E+00
    19     4.6416E-06  -6.08758424E+01 +/-   3.61654136E-03   1.30919276E+00
    20     1.0000E-06  -6.08758424E+01 +/-   3.61654136E-03   1.30919276E+00
    21     0.0000E+00  -6.08758424E+01 +/-   3.61654136E-03   1.30919276E+00
* Iteration # 1: E =  -6.087584340426E+01 +/-   3.616542483653E-03
* Reached maximum number of iterations: exiting.
* After optimization:
  -8.2421E-01   6.7521E-02   3.5619E-02   1.9103E-02   4.9303E-03  -1.5594E-03
   3.3296E-03  -6.8043E-04  -6.6558E-03  -3.2897E-04  -1.4225E-03  -3.4997E-04
  -4.7535E-03  -4.7123E-02  -7.8549E-03  -2.9847E-02  -4.3985E-03  -1.6235E-02
  -2.3148E-03  -2.6101E-03  -8.2560E-05   2.0303E-03  -5.5665E-04  -2.2746E-03
   2.1446E-04   4.1459E-04   2.7344E-04   6.3426E-03   3.8991E-04  -2.6749E-04
   5.0479E-04   9.4525E-04
  > Energy =  -6.087584340426E+01 +/-   3.616542483653E-03
  > varE =   1.309193574042E+00

VMC #9:
* Size of Hilbert space =   1.5980E+28
* Number of equil. steps   = 1000
* Running VMC equilibration.
  Done. [total walltime: 0.09s]
* Equil. acc.ratio (%)     =  32.6046
* Sample config after equilibration:
  +-------------------+
  |  d   d   2   u   d|
  |0   u   u   u   0  |
  |  0   2   2   2   0|
  |d   u   d   0   2  |
  |  u   0   0   2   0|
  |0   d   u   2   d  |
  |  d   u   d   u   2|
  |2   2   u   2   0  |
  |  u   d   d   u   d|
  |2   u   0   0   d  |
  +-------------------+
* Number of accum. steps   = 500480 x 10
* Running VMC accumulation.
  Done. [total walltime: 3.91s]
* Acceptance ratio (%)     =  32.6191
* Etot/t                   =  -6.087410805388E+01 +/-   1.653890204844E-03
  > Ttot/t                 =  -8.164836077127E+01 +/-   5.611572517049E-03
  > Utot/t                 =   2.077425271739E+01 +/-   5.303776983363E-03
* var[Eloc/t]              =   1.335954171717E+00 +/-   7.802689516576E-03
* Correlation length       =   1.024727796185E+00
* log10 Psi^2 range: 29.325194915208499 -- 43.278645453822051
* log10 Pgen range : 29.325194915208499 -- 43.278645453822051
* Site occupation (ave. no. electrons per config.):
  > Site_  ___eu____  ___ed____
      1        0.503      0.499
      2        0.501      0.498
      3        0.500      0.501
      4        0.500      0.500
      5        0.498      0.502
      6        0.501      0.498
      7        0.500      0.501
      8        0.498      0.500
      9        0.502      0.501
     10        0.499      0.500
     11        0.501      0.502
     12        0.500      0.499
     13        0.499      0.498
     14        0.500      0.501
     15        0.497      0.498
     16        0.500      0.501
     17        0.497      0.500
     18        0.502      0.500
     19        0.500      0.499
     20        0.499      0.500
     21        0.502      0.501
     22        0.499      0.499
     23        0.500      0.501
     24        0.498      0.500
     25        0.500      0.498
     26        0.501      0.501
     27        0.504      0.498
     28        0.499      0.501
     29        0.499      0.499
     30        0.502      0.499
     31        0.502      0.501
     32        0.499      0.501
     33        0.498      0.501
     34        0.503      0.498
     35        0.497      0.499
     36        0.499      0.498
     37        0.500      0.502
     38        0.501      0.501
     39        0.498      0.501
     40        0.498      0.502
     41        0.502      0.500
     42        0.500      0.500
     43        0.503      0.500
     44        0.499      0.500
     45        0.503      0.500
     46        0.500      0.499
     47        0.502      0.503
     48        0.498      0.498
     49        0.497      0.501
     50        0.499      0.501
* Pair-correlation analysis (ave. no. pairs per config.):
  > Shell  nsite  ___dh____  __eueu___  __eued___
      0      1        0          0         10.392
      1      4       12.551     41.022     52.048
      2      4        8.849     50.225     49.374
      3      4        8.781     50.161     49.576
      4      8       18.119     97.124    101.257
      5      4        8.698     50.124     49.762
      6      4        8.705     49.742     50.126
      7      8       17.377    100.225     99.576
      8      4        8.910     49.035     50.443
      9      4        8.677     50.064     49.864
     10      4        8.694     49.818     50.065
     11      1        2.174     12.461     12.517

Optimization #9:
* Method          : lls
* Target function : energy
* No. of configs. : 100096
* No. of params.  : 32
* Before optimization:
  -8.2421E-01   6.7521E-02   3.5619E-02   1.9103E-02   4.9303E-03  -1.5594E-03
   3.3296E-03  -6.8043E-04  -6.6558E-03  -3.2897E-04  -1.4225E-03  -3.4997E-04
  -4.7535E-03  -4.7123E-02  -7.8549E-03  -2.9847E-02  -4.3985E-03  -1.6235E-02
  -2.3148E-03  -2.6101E-03  -8.2560E-05   2.0303E-03  -5.5665E-04  -2.2746E-03
   2.1446E-04   4.1459E-04   2.7344E-04   6.3426E-03   3.8991E-04  -2.6749E-04
   5.0479E-04   9.4525E-04
  > E    =  -6.087142272573E+01 +/-   3.773965652165E-03
  > varE =   1.425648984779E+00
* Computing derivatives.
  Done. [total walltime: 5.98s]
* Optimizing manipulation constant:
  #igrid a___________ E____________________________________ varE____________
     1     Infinity    -6.08714227E+01 +/-   3.77396565E-03   1.42564898E+00
     2     1.0000E+06  -6.08714227E+01 +/-   3.77396556E-03   1.42564892E+00
     3     2.1544E+05  -6.08714227E+01 +/-   3.77396524E-03   1.42564868E+00
     4     4.6416E+04  -6.08714227E+01 +/-   3.77396375E-03   1.42564755E+00
     5     1.0000E+04  -6.08714227E+01 +/-   3.77395683E-03   1.42564232E+00
     6     2.1544E+03  -6.08714226E+01 +/-   3.77392483E-03   1.42561815E+00
     7     4.6416E+02  -6.08714223E+01 +/-   3.77377872E-03   1.42550776E+00
     8     1.0000E+02  -6.08714208E+01 +/-   3.77314799E-03   1.42503129E+00
     9     2.1544E+01  -6.08714164E+01 +/-   3.77094065E-03   1.42336446E+00
    10     4.6416E+00  -6.08714096E+01 +/-   3.76645680E-03   1.41998156E+00
    11     1.0000E+00  -6.08713986E+01 +/-   3.76258019E-03   1.41706004E+00
    12     2.1544E-01  -6.08713907E+01 +/-   3.76106721E-03   1.41592064E+00
    13     4.6416E-02  -6.08713882E+01 +/-   3.76067924E-03   1.41562854E+00
    14     1.0000E-02  -6.08713877E+01 +/-   3.76059215E-03   1.41556297E+00
    15     2.1544E-03  -6.08713875E+01 +/-   3.76057321E-03   1.41554871E+00
    16     4.6416E-04  -6.08713875E+01 +/-   3.76056913E-03   1.41554564E+00
    17     1.0000E-04  -6.08713875E+01 +/-   3.76056824E-03   1.41554497E+00
    18     2.1544E-05  -6.08713875E+01 +/-   3.76056805E-03   1.41554483E+00
    19     4.6416E-06  -6.08713875E+01 +/-   3.76056801E-03   1.41554480E+00
    20     1.0000E-06  -6.08713875E+01 +/-   3.76056800E-03   1.41554479E+00
    21     0.0000E+00  -6.08713875E+01 +/-   3.76056800E-03   1.41554479E+00
  ParMin   1.6852E+00  -6.08714026E+01 +/-   3.76361532E-03   1.41783985E+00
  # Using parabolic minimum
* Iteration # 1: E =  -6.087140262260E+01 +/-   3.763615324242E-03
* Reached maximum number of iterations: exiting.
* After optimization:
  -8.8765E-01   6.7931E-02   3.6315E-02   2.0234E-02   6.4639E-03   1.8252E-04
   4.4082E-03   1.0815E-03  -4.5320E-03   7.2651E-04  -7.7684E-05  -3.3535E-05
  -4.6521E-03  -4.7204E-02  -8.2130E-03  -3.0411E-02  -4.6477E-03  -1.6682E-02
  -3.1394E-03  -3.3651E-03  -1.1974E-03   1.1584E-03  -1.3776E-03  -3.0248E-03
  -8.8750E-04  -1.2261E-04  -8.7643E-04   5.6507E-03   3.1579E-06  -6.4519E-04
  -4.3241E-04   3.3476E-04
  > Energy =  -6.087140262260E+01 +/-   3.763615324242E-03
  > varE =   1.417839851717E+00

VMC #10:
* Size of Hilbert space =   1.5980E+28
* Number of equil. steps   = 1000
* Running VMC equilibration.
  Done. [total walltime: 0.09s]
* Equil. acc.ratio (%)     =  32.6714
* Sample config after equilibration:
  +-------------------+
  |  u   u   u   0   d|
  |d   0   2   d   d  |
  |  2   u   2   u   2|
  |u   d   d   2   0  |
  |  u   0   0   d   d|
  |u   d   u   d   u  |
  |  2   0   2   u   0|
  |0   d   2   u   d  |
  |  u   u   d   d   2|
  |u   d   0   d   u  |
  +-------------------+
* Number of accum. steps   = 500480 x 10
* Running VMC accumulation.
  Done. [total walltime: 3.91s]
* Acceptance ratio (%)     =  32.6360
* Etot/t                   =  -6.087653112520E+01 +/-   1.620276819255E-03
  > Ttot/t                 =  -8.165644241036E+01 +/-   5.482989001614E-03
  > Utot/t                 =   2.077991128517E+01 +/-   5.212957636726E-03
* var[Eloc/t]              =   1.312263281761E+00 +/-   1.642731762714E-02
* Correlation length       =   1.001253823311E+00
* log10 Psi^2 range: 28.540530081844459 -- 43.231691645982217
* log10 Pgen range : 28.540530081844459 -- 43.231691645982217
* Site occupation (ave. no. electrons per config.):
  > Site_  ___eu____  ___ed____
      1        0.500      0.500
      2        0.502      0.499
      3        0.499      0.499
      4        0.499      0.501
      5        0.498      0.500
      6        0.500      0.500
      7        0.499      0.501
      8        0.501      0.501
      9        0.498      0.500
     10        0.499      0.500
     11        0.500      0.501
     12        0.498      0.501
     13        0.500      0.500
     14        0.500      0.498
     15        0.501      0.502
     16        0.502      0.500
     17        0.498      0.501
     18        0.502      0.499
     19        0.499      0.500
     20        0.502      0.498
     21        0.503      0.498
     22        0.500      0.500
     23        0.502      0.501
     24        0.500      0.498
     25        0.500      0.500
     26        0.503      0.501
     27        0.499      0.500
     28        0.498      0.499
     29        0.501      0.500
     30        0.500      0.502
     31        0.498      0.502
     32        0.500      0.499
     33        0.501      0.502
     34        0.498      0.503
     35        0.501      0.500
     36        0.502      0.499
     37        0.501      0.497
     38        0.501      0.503
     39        0.498      0.501
     40        0.503      0.501
     41        0.500      0.499
     42        0.500      0.499
     43        0.501      0.500
     44        0.500      0.499
     45        0.500      0.501
     46        0.497      0.499
     47        0.500      0.500
     48        0.498      0.501
     49        0.499      0.500
     50        0.500      0.499
* Pair-correlation analysis (ave. no. pairs per config.):
  > Shell  nsite  ___dh____  __eueu___  __eued___
      0      1        0          0         10.385
      1      4       12.541     41.010     52.054
      2      4        8.830     50.219     49.382
      3      4        8.760     50.167     49.576
      4      8       18.083     97.129    101.262
      5      4        8.695     50.139     49.737
      6      4        8.692     49.754     50.126
      7      8       17.398    100.149     99.575
      8      4        8.875     49.055     50.462
      9      4        8.665     50.082     49.836
     10      4        8.661     49.833     50.099
     11      1        2.169     12.464     12.508

Optimization #10:
* Method          : lls
* Target function : energy
* No. of configs. : 100096
* No. of params.  : 32
* Before optimization:
  -8.8765E-01   6.7931E-02   3.6315E-02   2.0234E-02   6.4639E-03   1.8252E-04
   4.4082E-03   1.0815E-03  -4.5320E-03   7.2651E-04  -7.7684E-05  -3.3535E-05
  -4.6521E-03  -4.7204E-02  -8.2130E-03  -3.0411E-02  -4.6477E-03  -1.6682E-02
  -3.1394E-03  -3.3651E-03  -1.1974E-03   1.1584E-03  -1.3776E-03  -3.0248E-03
  -8.8750E-04  -1.2261E-04  -8.7643E-04   5.6507E-03   3.1579E-06  -6.4519E-04
  -4.3241E-04   3.3476E-04
  > E    =  -6.088151839454E+01 +/-   3.567823653674E-03
  > varE =   1.274158581471E+00
* Computing derivatives.
  Done. [total walltime: 5.96s]
* Optimizing manipulation constant:
  #igrid a___________ E____________________________________ varE____________
     1     Infinity    -6.08815184E+01 +/-   3.56782365E-03   1.27415858E+00
     2     1.0000E+06  -6.08815184E+01 +/-   3.56782365E-03   1.27415858E+00
     3     2.1544E+05  -6.08815184E+01 +/-   3.56782366E-03   1.27415859E+00
     4     4.6416E+04  -6.08815184E+01 +/-   3.56782368E-03   1.27415860E+00
     5     1.0000E+04  -6.08815185E+01 +/-   3.56782378E-03   1.27415867E+00
     6     2.1544E+03  -6.08815191E+01 +/-   3.56782424E-03   1.27415900E+00
     7     4.6416E+02  -6.08815214E+01 +/-   3.56782669E-03   1.27416075E+00
     8     1.0000E+02  -6.08815312E+01 +/-   3.56784309E-03   1.27417246E+00
     9     2.1544E+01  -6.08815613E+01 +/-   3.56796241E-03   1.27425769E+00
    10     4.6416E+00  -6.08816056E+01 +/-   3.56840951E-03   1.27457707E+00
    11     1.0000E+00  -6.08816285E+01 +/-   3.56896424E-03   1.27497338E+00
    12     2.1544E-01  -6.08816335E+01 +/-   3.56922320E-03   1.27515840E+00
    13     4.6416E-02  -6.08816344E+01 +/-   3.56929370E-03   1.27520877E+00
    14     1.0000E-02  -6.08816346E+01 +/-   3.56930976E-03   1.27522025E+00
    15     2.1544E-03  -6.08816346E+01 +/-   3.56931326E-03   1.27522275E+00
    16     4.6416E-04  -6.08816346E+01 +/-   3.56931402E-03   1.27522329E+00
    17     1.0000E-04  -6.08816346E+01 +/-   3.56931418E-03   1.27522341E+00
    18     2.1544E-05  -6.08816346E+01 +/-   3.56931421E-03   1.27522344E+00
    19     4.6416E-06  -6.08816346E+01 +/-   3.56931422E-03   1.27522344E+00
    20     1.0000E-06  -6.08816346E+01 +/-   3.56931422E-03   1.27522344E+00
    21     0.0000E+00  -6.08816346E+01 +/-   3.56931422E-03   1.27522344E+00
* Iteration # 1: E =  -6.088163463429E+01 +/-   3.569314223348E-03
* Reached maximum number of iterations: exiting.
* After optimization:
  -9.5057E-01   7.0101E-02   3.8185E-02   2.2081E-02   7.7898E-03   1.4152E-03
   5.4223E-03   1.9858E-03  -3.5363E-03   1.2624E-03   6.6909E-04   5.9938E-04
  -6.6374E-03  -4.7808E-02  -9.5511E-03  -3.0901E-02  -6.2548E-03  -1.7288E-02
  -4.0244E-03  -3.8044E-03  -2.3788E-03   9.6733E-04  -1.8932E-03  -3.1770E-03
  -1.7245E-03  -3.9709E-04  -2.0308E-03   5.5881E-03  -3.4902E-04  -7.7284E-04
  -1.0725E-03   2.0859E-04
  > Energy =  -6.088163463429E+01 +/-   3.569314223348E-03
  > varE =   1.275223442885E+00

VMC #11:
* Size of Hilbert space =   1.5980E+28
* Number of equil. steps   = 1000
* Running VMC equilibration.
  Done. [total walltime: 0.09s]
* Equil. acc.ratio (%)     =  32.6796
* Sample config after equilibration:
  +-------------------+
  |  d   d   d   u   d|
  |d   0   u   2   2  |
  |  d   2   0   u   u|
  |d   u   u   0   0  |
  |  u   d   u   d   u|
  |u   2   0   u   d  |
  |  d   2   u   d   d|
  |d   2   d   u   2  |
  |  d   0   2   d   u|
  |0   u   u   u   0  |
  +-------------------+
* Number of accum. steps   = 500480 x 10
* Running VMC accumulation.
  Done. [total walltime: 3.92s]
* Acceptance ratio (%)     =  32.6210
* Etot/t                   =  -6.087924230961E+01 +/-   1.598896861073E-03
  > Ttot/t                 =  -8.167777571754E+01 +/-   5.495435853611E-03
  > Utot/t                 =   2.079853340793E+01 +/-   5.271556416743E-03
* var[Eloc/t]              =   1.314876177836E+00 +/-   1.190072905372E-02
* Correlation length       =   9.730670567349E-01
* log10 Psi^2 range: 28.977948971468258 -- 42.789478428656551
* log10 Pgen range : 28.977948971468258 -- 42.789478428656551
* Site occupation (ave. no. electrons per config.):
  > Site_  ___eu____  ___ed____
      1        0.502      0.501
      2        0.505      0.500
      3        0.498      0.497
      4        0.498      0.500
      5        0.499      0.501
      6        0.501      0.501
      7        0.501      0.499
      8        0.498      0.501
      9        0.498      0.498
     10        0.498      0.501
     11        0.502      0.499
     12        0.497      0.502
     13        0.502      0.500
     14        0.501      0.500
     15        0.501      0.500
     16        0.499      0.500
     17        0.500      0.498
     18        0.499      0.500
     19        0.499      0.501
     20        0.501      0.498
     21        0.503      0.497
     22        0.499      0.503
     23        0.497      0.501
     24        0.501      0.496
     25        0.499      0.500
     26        0.502      0.503
     27        0.500      0.503
     28        0.499      0.500
     29        0.501      0.500
     30        0.500      0.501
     31        0.499      0.503
     32        0.504      0.500
     33        0.498      0.499
     34        0.501      0.502
     35        0.500      0.498
     36        0.500      0.499
     37        0.501      0.500
     38        0.499      0.499
     39        0.497      0.500
     40        0.502      0.497
     41        0.500      0.502
     42        0.501      0.499
     43        0.498      0.502
     44        0.500      0.498
     45        0.501      0.500
     46        0.499      0.500
     47        0.499      0.500
     48        0.500      0.503
     49        0.501      0.499
     50        0.499      0.501
* Pair-correlation analysis (ave. no. pairs per config.):
  > Shell  nsite  ___dh____  __eueu___  __eued___
      0      1        0          0         10.401
      1      4       12.567     41.010     52.044
      2      4        8.851     50.242     49.369
      3      4        8.796     50.159     49.573
      4      8       18.146     97.109    101.261
      5      4        8.728     50.130     49.720
      6      4        8.717     49.740     50.142
      7      8       17.441    100.208     99.542
      8      4        8.893     49.035     50.492
      9      4        8.704     50.069     49.846
     10      4        8.695     49.825     50.098
     11      1        2.171     12.473     12.512

Optimization #11:
* Method          : lls
* Target function : energy
* No. of configs. : 100096
* No. of params.  : 32
* Before optimization:
  -9.5057E-01   7.0101E-02   3.8185E-02   2.2081E-02   7.7898E-03   1.4152E-03
   5.4223E-03   1.9858E-03  -3.5363E-03   1.2624E-03   6.6909E-04   5.9938E-04
  -6.6374E-03  -4.7808E-02  -9.5511E-03  -3.0901E-02  -6.2548E-03  -1.7288E-02
  -4.0244E-03  -3.8044E-03  -2.3788E-03   9.6733E-04  -1.8932E-03  -3.1770E-03
  -1.7245E-03  -3.9709E-04  -2.0308E-03   5.5881E-03  -3.4902E-04  -7.7284E-04
  -1.0725E-03   2.0859E-04
  > E    =  -6.088106202333E+01 +/-   3.603890819605E-03
  > varE =   1.300049754751E+00
* Computing derivatives.
  Done. [total walltime: 5.96s]
* Optimizing manipulation constant:
  #igrid a___________ E____________________________________ varE____________
     1     Infinity    -6.08810620E+01 +/-   3.60389082E-03   1.30004975E+00
     2     1.0000E+06  -6.08810620E+01 +/-   3.60389079E-03   1.30004973E+00
     3     2.1544E+05  -6.08810620E+01 +/-   3.60389068E-03   1.30004966E+00
     4     4.6416E+04  -6.08810621E+01 +/-   3.60389019E-03   1.30004930E+00
     5     1.0000E+04  -6.08810622E+01 +/-   3.60388789E-03   1.30004764E+00
     6     2.1544E+03  -6.08810630E+01 +/-   3.60387728E-03   1.30003999E+00
     7     4.6416E+02  -6.08810664E+01 +/-   3.60382954E-03   1.30000554E+00
     8     1.0000E+02  -6.08810801E+01 +/-   3.60363584E-03   1.29986580E+00
     9     2.1544E+01  -6.08811171E+01 +/-   3.60309139E-03   1.29947305E+00
    10     4.6416E+00  -6.08811542E+01 +/-   3.60246596E-03   1.29902196E+00
    11     1.0000E+00  -6.08811554E+01 +/-   3.60236997E-03   1.29895274E+00
    12     2.1544E-01  -6.08811480E+01 +/-   3.60244326E-03   1.29900559E+00
    13     4.6416E-02  -6.08811452E+01 +/-   3.60247206E-03   1.29902636E+00
    14     1.0000E-02  -6.08811445E+01 +/-   3.60247909E-03   1.29903143E+00
    15     2.1544E-03  -6.08811444E+01 +/-   3.60248064E-03   1.29903255E+00
    16     4.6416E-04  -6.08811443E+01 +/-   3.60248098E-03   1.29903279E+00
    17     1.0000E-04  -6.08811443E+01 +/-   3.60248105E-03   1.29903285E+00
    18     2.1544E-05  -6.08811443E+01 +/-   3.60248107E-03   1.29903286E+00
    19     4.6416E-06  -6.08811443E+01 +/-   3.60248107E-03   1.29903286E+00
    20     1.0000E-06  -6.08811443E+01 +/-   3.60248107E-03   1.29903286E+00
    21     0.0000E+00  -6.08811443E+01 +/-   3.60248107E-03   1.29903286E+00
  ParMin   1.6732E+00  -6.08811578E+01 +/-   3.60235573E-03   1.29894247E+00
  # Using parabolic minimum
* Iteration # 1: E =  -6.088115781429E+01 +/-   3.602355725283E-03
* Reached maximum number of iterations: exiting.
* After optimization:
  -9.3667E-01   7.1010E-02   3.8884E-02   2.2428E-02   7.7100E-03   9.7321E-04
   4.8542E-03   1.2501E-03  -4.1623E-03   4.3552E-05  -3.1038E-04  -9.0930E-04
  -6.7249E-03  -4.8801E-02  -9.6523E-03  -3.1482E-02  -6.1248E-03  -1.7536E-02
  -4.0204E-03  -3.7284E-03  -2.0949E-03   1.3454E-03  -1.8305E-03  -2.7621E-03
  -1.3398E-03   1.5301E-04  -1.5612E-03   5.8043E-03  -1.6511E-04  -3.5107E-04
  -6.3254E-04   8.2811E-04
  > Energy =  -6.088115781429E+01 +/-   3.602355725283E-03
  > varE =   1.298942465958E+00

VMC #12:
* Size of Hilbert space =   1.5980E+28
* Number of equil. steps   = 1000
* Running VMC equilibration.
  Done. [total walltime: 0.09s]
* Equil. acc.ratio (%)     =  32.6541
* Sample config after equilibration:
  +-------------------+
  |  0   u   u   d   u|
  |2   u   2   u   d  |
  |  u   d   0   u   2|
  |0   d   u   d   2  |
  |  d   0   u   d   d|
  |0   2   u   u   0  |
  |  u   d   d   d   2|
  |d   u   u   2   0  |
  |  u   d   2   u   u|
  |d   d   0   d   d  |
  +-------------------+
* Number of accum. steps   = 500480 x 10
* Running VMC accumulation.
  Done. [total walltime: 3.92s]
* Acceptance ratio (%)     =  32.6243
* Etot/t                   =  -6.087385783257E+01 +/-   1.600466758144E-03
  > Ttot/t                 =  -8.166547388116E+01 +/-   5.566740276106E-03
  > Utot/t                 =   2.079161604859E+01 +/-   5.317297683168E-03
* var[Eloc/t]              =   1.292309835185E+00 +/-   9.905153536341E-03
* Correlation length       =   9.920039328826E-01
* log10 Psi^2 range: 28.461670181959423 -- 41.494936176676624
* log10 Pgen range : 28.461670181959423 -- 41.494936176676624
* Site occupation (ave. no. electrons per config.):
  > Site_  ___eu____  ___ed____
      1        0.498      0.500
      2        0.501      0.500
      3        0.501      0.498
      4        0.499      0.500
      5        0.500      0.500
      6        0.499      0.501
      7        0.503      0.499
      8        0.498      0.498
      9        0.501      0.502
     10        0.500      0.498
     11        0.502      0.497
     12        0.502      0.503
     13        0.501      0.498
     14        0.502      0.502
     15        0.498      0.497
     16        0.502      0.500
     17        0.500      0.495
     18        0.501      0.502
     19        0.500      0.499
     20        0.498      0.500
     21        0.502      0.501
     22        0.499      0.501
     23        0.500      0.502
     24        0.499      0.498
     25        0.501      0.502
     26        0.500      0.501
     27        0.497      0.501
     28        0.499      0.500
     29        0.499      0.502
     30        0.498      0.502
     31        0.499      0.498
     32        0.501      0.502
     33        0.500      0.499
     34        0.501      0.499
     35        0.499      0.503
     36        0.498      0.499
     37        0.502      0.500
     38        0.501      0.502
     39        0.502      0.498
     40        0.502      0.501
     41        0.499      0.498
     42        0.502      0.499
     43        0.498      0.499
     44        0.498      0.501
     45        0.500      0.500
     46        0.501      0.501
     47        0.500      0.500
     48        0.496      0.503
     49        0.502      0.500
     50        0.499      0.501
* Pair-correlation analysis (ave. no. pairs per config.):
  > Shell  nsite  ___dh____  __eueu___  __eued___
      0      1        0          0         10.391
      1      4       12.566     40.987     52.052
      2      4        8.832     50.263     49.363
      3      4        8.761     50.181     49.579
      4      8       18.121     97.105    101.243
      5      4        8.713     50.105     49.740
      6      4        8.715     49.736     50.108
      7      8       17.365    100.206     99.619
      8      4        8.899     49.049     50.453
      9      4        8.657     50.078     49.877
     10      4        8.691     49.825     50.071
     11      1        2.172     12.467     12.505

Optimization #12:
* Method          : lls
* Target function : energy
* No. of configs. : 100096
* No. of params.  : 32
* Before optimization:
  -9.3667E-01   7.1010E-02   3.8884E-02   2.2428E-02   7.7100E-03   9.7321E-04
   4.8542E-03   1.2501E-03  -4.1623E-03   4.3552E-05  -3.1038E-04  -9.0930E-04
  -6.7249E-03  -4.8801E-02  -9.6523E-03  -3.1482E-02  -6.1248E-03  -1.7536E-02
  -4.0204E-03  -3.7284E-03  -2.0949E-03   1.3454E-03  -1.8305E-03  -2.7621E-03
  -1.3398E-03   1.5301E-04  -1.5612E-03   5.8043E-03  -1.6511E-04  -3.5107E-04
  -6.3254E-04   8.2811E-04
  > E    =  -6.087133265014E+01 +/-   3.589662100796E-03
  > varE =   1.289804424493E+00
* Computing derivatives.
  Done. [total walltime: 5.95s]
* Optimizing manipulation constant:
  #igrid a___________ E____________________________________ varE____________
     1     Infinity    -6.08713327E+01 +/-   3.58966210E-03   1.28980442E+00
     2     1.0000E+06  -6.08713327E+01 +/-   3.58966212E-03   1.28980444E+00
     3     2.1544E+05  -6.08713327E+01 +/-   3.58966218E-03   1.28980448E+00
     4     4.6416E+04  -6.08713327E+01 +/-   3.58966248E-03   1.28980470E+00
     5     1.0000E+04  -6.08713328E+01 +/-   3.58966386E-03   1.28980569E+00
     6     2.1544E+03  -6.08713335E+01 +/-   3.58967028E-03   1.28981031E+00
     7     4.6416E+02  -6.08713364E+01 +/-   3.58970034E-03   1.28983191E+00
     8     1.0000E+02  -6.08713480E+01 +/-   3.58984275E-03   1.28993424E+00
     9     2.1544E+01  -6.08713793E+01 +/-   3.59046056E-03   1.29037828E+00
    10     4.6416E+00  -6.08714109E+01 +/-   3.59194206E-03   1.29144337E+00
    11     1.0000E+00  -6.08714142E+01 +/-   3.59315894E-03   1.29231855E+00
    12     2.1544E-01  -6.08714098E+01 +/-   3.59358076E-03   1.29262200E+00
    13     4.6416E-02  -6.08714081E+01 +/-   3.59368327E-03   1.29269575E+00
    14     1.0000E-02  -6.08714077E+01 +/-   3.59370597E-03   1.29271207E+00
    15     2.1544E-03  -6.08714076E+01 +/-   3.59371088E-03   1.29271561E+00
    16     4.6416E-04  -6.08714076E+01 +/-   3.59371194E-03   1.29271637E+00
    17     1.0000E-04  -6.08714076E+01 +/-   3.59371217E-03   1.29271654E+00
    18     2.1544E-05  -6.08714076E+01 +/-   3.59371222E-03   1.29271657E+00
    19     4.6416E-06  -6.08714076E+01 +/-   3.59371223E-03   1.29271658E+00
    20     1.0000E-06  -6.08714076E+01 +/-   3.59371224E-03   1.29271658E+00
    21     0.0000E+00  -6.08714076E+01 +/-   3.59371224E-03   1.29271658E+00
  ParMin   2.2016E+00  -6.08714152E+01 +/-   3.59264932E-03   1.29195200E+00
  # Using parabolic minimum
* Iteration # 1: E =  -6.087141523915E+01 +/-   3.592649320343E-03
* Reached maximum number of iterations: exiting.
* After optimization:
  -9.4274E-01   7.0468E-02   3.8868E-02   2.2299E-02   7.6318E-03   1.2915E-03
   4.9637E-03   1.4987E-03  -3.6519E-03   7.2019E-04   2.6514E-04  -3.4915E-04
  -5.4835E-03  -4.9067E-02  -8.9191E-03  -3.2211E-02  -5.3349E-03  -1.7809E-02
  -3.4523E-03  -4.1616E-03  -1.6698E-03   4.3812E-04  -1.7033E-03  -3.4002E-03
  -1.1004E-03  -3.5547E-04  -1.5725E-03   4.9263E-03  -9.5403E-05  -3.8552E-04
  -5.9681E-04   4.0065E-04
  > Energy =  -6.087141523915E+01 +/-   3.592649320343E-03
  > varE =   1.291951998293E+00

VMC #13:
* Size of Hilbert space =   1.5980E+28
* Number of equil. steps   = 1000
* Running VMC equilibration.
  Done. [total walltime: 0.09s]
* Equil. acc.ratio (%)     =  32.6208
* Sample config after equilibration:
  +-------------------+
  |  2   u   d   0   u|
  |d   u   u   u   2  |
  |  0   d   0   d   2|
  |d   u   u   u   d  |
  |  d   d   u   2   2|
  |u   0   0   d   d  |
  |  u   d   d   u   u|
  |d   u   2   d   u  |
  |  d   d   u   2   u|
  |d   0   d   0   u  |
  +-------------------+
* Number of accum. steps   = 500480 x 10
* Running VMC accumulation.
  Done. [total walltime: 3.90s]
* Acceptance ratio (%)     =  32.6352
* Etot/t                   =  -6.087710071027E+01 +/-   1.622512393799E-03
  > Ttot/t                 =  -8.166505227677E+01 +/-   5.462441197061E-03
  > Utot/t                 =   2.078795156650E+01 +/-   5.256792398289E-03
* var[Eloc/t]              =   1.323898885431E+00 +/-   1.338798789585E-02
* Correlation length       =   9.951944750615E-01
* log10 Psi^2 range: 29.024311998556662 -- 43.901185716033503
* log10 Pgen range : 29.024311998556662 -- 43.901185716033503
* Site occupation (ave. no. electrons per config.):
  > Site_  ___eu____  ___ed____
      1        0.502      0.499
      2        0.502      0.502
      3        0.498      0.501
      4        0.500      0.501
      5        0.500      0.500
      6        0.501      0.500
      7        0.498      0.499
      8        0.501      0.500
      9        0.499      0.499
     10        0.499      0.506
     11        0.500      0.502
     12        0.500      0.500
     13        0.500      0.501
     14        0.501      0.501
     15        0.500      0.500
     16        0.499      0.500
     17        0.499      0.499
     18        0.502      0.501
     19        0.502      0.496
     20        0.500      0.497
     21        0.499      0.500
     22        0.499      0.498
     23        0.498      0.498
     24        0.501      0.498
     25        0.502      0.502
     26        0.501      0.498
     27        0.503      0.498
     28        0.500      0.499
     29        0.499      0.501
     30        0.500      0.498
     31        0.502      0.499
     32        0.500      0.501
     33        0.500      0.498
     34        0.501      0.499
     35        0.499      0.501
     36        0.501      0.501
     37        0.498      0.502
     38        0.500      0.501
     39        0.498      0.501
     40        0.499      0.501
     41        0.502      0.500
     42        0.501      0.499
     43        0.498      0.502
     44        0.498      0.499
     45        0.500      0.503
     46        0.500      0.497
     47        0.502      0.502
     48        0.501      0.498
     49        0.499      0.500
     50        0.497      0.502
* Pair-correlation analysis (ave. no. pairs per config.):
  > Shell  nsite  ___dh____  __eueu___  __eued___
      0      1        0          0         10.393
      1      4       12.576     41.003     52.020
      2      4        8.821     50.244     49.405
      3      4        8.765     50.186     49.570
      4      8       18.122     97.110    101.249
      5      4        8.707     50.134     49.736
      6      4        8.698     49.738     50.139
      7      8       17.376    100.213     99.596
      8      4        8.919     49.007     50.454
      9      4        8.701     50.050     49.844
     10      4        8.687     49.832     50.076
     11      1        2.160     12.482     12.518

VDAGGER finished.
Total VDAGGER walltime: 3m3s

Run ended: Tue Jan 20 09:10:09 CET 2026
