# FIXEDNODEStats VERSION 1 - REAL : NEl=  10 | PQ-Partition= F | P-Space Type= " SEMI-STOCH-INIT " | Trial Proj. Energy= T | Stochastic Sign-Flip-Potential= F | Back-Flow Correlations= T | Jastrow Correlations= T | Time-Reversal Initialization= F | Importance Sampling= F | Singles Only= F
#     1.Step   2.Shift    3.TotWalkers  4.Annihil  5.NoatHF  6.TrialNum    7.TrialDenom     8.TrialProj.E  9.TrialOverlap  10.UniqueDets  13.IterTime 
#           0   0.00000000         1000.000        0.000000       -1000.000      0.00000000000E+00  0.00000000000E+00    0.000000       0.00000000                1   0.0000    
         100   0.00000000         2146.575        0.000000       -1014.095     -2.12258653313E+06  1.28174337517E+03 -1.65601521665E+03   1.22676409              128  0.55767E-02
         200   0.00000000         3998.553        0.000000       -1084.006     -3.40790000461E+06  2.05788990718E+03 -1.65601667646E+03   1.70379478              203  0.59142E-02
         300   0.00000000         7019.697        0.000000       -1223.223     -5.43091548689E+06  3.27950149397E+03 -1.65601860431E+03   2.14580926              260  0.64044E-02
         400   0.00000000         11977.68        0.000000       -1449.060     -8.65046537368E+06  5.22364714259E+03 -1.65602023597E+03   2.51653206              298  0.72150E-02
         500   0.00000000         20034.35        0.000000       -1794.278     -1.38161147575E+07  8.34295638554E+03 -1.65602145319E+03   2.81588181              331  0.84417E-02
         600   0.00000000         32967.35        0.000000       -2305.641     -2.19871562733E+07  1.32770903119E+04 -1.65602219739E+03   3.03093091              356  0.10292E-01
         700   0.00000000         53895.72        0.000000       -3076.514     -3.49852625994E+07  2.11260775651E+04 -1.65602263324E+03   3.17999726              381  0.12974E-01
         800   0.00000000         87523.67        0.000000       -4221.524     -5.56628742638E+07  3.36123828496E+04 -1.65602285660E+03   3.28308853              390  0.16986E-01
         900   0.00000000         141461.6        0.000000       -5948.926     -8.86088269765E+07  5.35070041571E+04 -1.65602295199E+03   3.35137620              402  0.22905E-01
        1000   0.00000000         228020.2        0.000000       -8574.822     -1.41177272954E+08  8.52507933185E+04 -1.65602298182E+03   3.39657333              423  0.32456E-01
        1100   0.00000000         366331.8        0.000000       -12574.85     -2.24900042542E+08  1.35807317952E+05 -1.65602300327E+03   3.42953826              431  0.51074E-01
        1200   0.00000000         587680.1        0.000000       -18725.71     -3.58163854491E+08  2.16279515596E+05 -1.65602301033E+03   3.45088424              433  0.79887E-01
        1300   0.00000000         941309.7        0.000000       -28298.17     -5.70308725254E+08  3.44384547767E+05 -1.65602298056E+03   3.46447596              437  0.12446    
        1400  -4.15968882         1506171.        0.000000       -43109.81     -9.07989678894E+08  5.48295350651E+05 -1.65602294059E+03   3.47347265              439  0.20148    
        1500  -5.43648687         1590259.        0.000000       -43901.90     -1.16709052411E+09  7.04755060778E+05 -1.65602290648E+03   4.25380016              438  0.26190    
        1600  -5.38974166         1476786.        0.000000       -39507.52     -1.15213022354E+09  6.95721201495E+05 -1.65602287391E+03   4.54213227              438  0.25629    
        1700  -5.03124517         1377228.        0.000000       -35861.21     -1.06913945003E+09  6.45606700994E+05 -1.65602285166E+03   4.53621229              438  0.23517    
        1800  -4.76906833         1330871.        0.000000       -33890.36     -1.01185982375E+09  6.11018040854E+05 -1.65602282763E+03   4.45613806              437  0.21945    
        1900  -4.66048793         1319704.        0.000000       -33039.38     -9.88150343055E+08  5.96700926038E+05 -1.65602280797E+03   4.39803411              438  0.21209    
        2000  -4.64416916         1322273.        0.000000       -32644.97     -9.83236001638E+08  5.93733376644E+05 -1.65602278786E+03   4.37574248              437  0.21388    
        2100  -4.65782686         1326523.        0.000000       -32371.41     -9.84508278705E+08  5.94501656792E+05 -1.65602276707E+03   4.37404883              438  0.21109    
        2200  -4.66997441         1328909.        0.000000       -32164.41     -9.85582440605E+08  5.95150300556E+05 -1.65602275540E+03   4.37671055              438  0.21439    
        2300  -4.67688870         1330206.        0.000000       -31909.53     -9.85950376138E+08  5.95372484506E+05 -1.65602274508E+03   4.37907904              438  0.21431    
        2400  -4.67793842         1329547.        0.000000       -31699.73     -9.85240993238E+08  5.94944123448E+05 -1.65602273291E+03   4.38144081              438  0.20810    
        2500  -4.67507319         1328563.        0.000000       -31550.12     -9.84054664265E+08  5.94227757252E+05 -1.65602271562E+03   4.38274742              438  0.20992    
        2600  -4.67239381         1327819.        0.000000       -31418.89     -9.82845320888E+08  5.93497491934E+05 -1.65602270312E+03   4.38211025              437  0.21594    
        2700  -4.67053215         1328055.        0.000000       -31281.57     -9.82035923446E+08  5.93008732159E+05 -1.65602270285E+03   4.37980306              438  0.20678    
        2800  -4.67085522         1328047.        0.000000       -31170.66     -9.81733617043E+08  5.92826184358E+05 -1.65602269762E+03   4.38077036              437  0.21238    
        2900  -4.67081367         1327817.        0.000000       -31087.22     -9.81283468135E+08  5.92554360172E+05 -1.65602269444E+03   4.38104919              438  0.20832    
        3000  -4.66983405         1327720.        0.000000       -31043.66     -9.80784005379E+08  5.92252759473E+05 -1.65602268574E+03   4.38063288              438  0.21144    
        3100  -4.66965790         1327588.        0.000000       -30977.09     -9.80496724324E+08  5.92079285135E+05 -1.65602267963E+03   4.38031934              439  0.20620    
        3200  -4.66971144         1327663.        0.000000       -30929.19     -9.80345171987E+08  5.91987769409E+05 -1.65602267926E+03   4.38030297              438  0.20951    
        3300  -4.66914015         1327197.        0.000000       -30891.57     -9.79933739867E+08  5.91739323479E+05 -1.65602267922E+03   4.38130911              439  0.21023    
        3400  -4.66810610         1327155.        0.000000       -30879.27     -9.79460914205E+08  5.91453803589E+05 -1.65602268218E+03   4.38071237              439  0.20488    
        3500  -4.66722930         1326558.        0.000000       -30860.85     -9.79067455789E+08  5.91216214658E+05 -1.65602267244E+03   4.38084898              439  0.20787    
        3600  -4.66588881         1326640.        0.000000       -30829.59     -9.78768024497E+08  5.91035402862E+05 -1.65602266760E+03   4.38026395              436  0.20969    
        3700  -4.66600111         1326470.        0.000000       -30812.20     -9.78637723600E+08  5.90956719054E+05 -1.65602266976E+03   4.38038820              436  0.20840    
        3800  -4.66552827         1326503.        0.000000       -30829.08     -9.78394863711E+08  5.90810067234E+05 -1.65602266781E+03   4.38036494              437  0.20811    
        3900  -4.66541371         1326335.        0.000000       -30810.36     -9.78241661675E+08  5.90717557610E+05 -1.65602266104E+03   4.38048261              439  0.21016    
        4000  -4.66482450         1326241.        0.000000       -30776.94     -9.78132864050E+08  5.90651860232E+05 -1.65602265887E+03   4.38046764              438  0.20538    
        4100  -4.66446012         1326060.        0.000000       -30777.68     -9.77914855000E+08  5.90520212502E+05 -1.65602266323E+03   4.38088234              437  0.20489    
        4200  -4.66346809         1325926.        0.000000       -30711.83     -9.77606310779E+08  5.90333896839E+05 -1.65602266110E+03   4.38019481              436  0.20707    
        4300  -4.66312634         1325892.        0.000000       -30686.11     -9.77577173235E+08  5.90316299533E+05 -1.65602266786E+03   4.37962353              438  0.20958    
        4400  -4.66388328         1326119.        0.000000       -30714.02     -9.77766520658E+08  5.90430637192E+05 -1.65602267069E+03   4.37973093              438  0.20446    
        4500  -4.66454117         1326316.        0.000000       -30737.33     -9.77959628715E+08  5.90547248103E+05 -1.65602266687E+03   4.37940363              438  0.20617    
        4600  -4.66589702         1326824.        0.000000       -30693.24     -9.78143980292E+08  5.90658568173E+05 -1.65602267198E+03   4.37963902              438  0.20586    
        4700  -4.66541735         1326239.        0.000000       -30696.83     -9.77967490605E+08  5.90551991916E+05 -1.65602267707E+03   4.38096495              438  0.20429    
        4800  -4.66445862         1326495.        0.000000       -30682.01     -9.77664647402E+08  5.90369118140E+05 -1.65602267694E+03   4.37909643              438  0.20705    
        4900  -4.66623155         1326829.        0.000000       -30664.35     -9.78005157492E+08  5.90574738526E+05 -1.65602267366E+03   4.37912978              439  0.20808    
        5000  -4.66716272         1326876.        0.000000       -30699.51     -9.78148096619E+08  5.90661053137E+05 -1.65602267396E+03   4.38030489              438  0.20485    
        5100  -4.66667289         1326767.        0.000000       -30689.26     -9.77955101780E+08  5.90544514070E+05 -1.65602266803E+03   4.38037237              438  0.20800    
        5200  -4.66607191         1326566.        0.000000       -30751.07     -9.77872135934E+08  5.90494416508E+05 -1.65602266270E+03   4.38049625              436  0.20739    
        5300  -4.66535574         1326407.        0.000000       -30712.67     -9.77729720863E+08  5.90408421324E+05 -1.65602265406E+03   4.37960356              439  0.20392    
        5400  -4.66528381         1326582.        0.000000       -30692.38     -9.77696436647E+08  5.90388321752E+05 -1.65602265598E+03   4.37977077              437  0.20521    
        5500  -4.66584319         1326615.        0.000000       -30675.05     -9.77774048588E+08  5.90435190010E+05 -1.65602265097E+03   4.37996611              439  0.20462    
        5600  -4.66544176         1326324.        0.000000       -30630.89     -9.77701985681E+08  5.90391674284E+05 -1.65602265118E+03   4.38030651              438  0.20627    
        5700  -4.66440507         1326022.        0.000000       -30673.64     -9.77531641229E+08  5.90288812828E+05 -1.65602264516E+03   4.38059727              437  0.21144    
        5800  -4.66391232         1326135.        0.000000       -30660.46     -9.77328120312E+08  5.90165914239E+05 -1.65602264843E+03   4.37962695              438  0.20737    
        5900  -4.66427590         1326253.        0.000000       -30634.00     -9.77453654518E+08  5.90241718262E+05 -1.65602265017E+03   4.37904377              438  0.21014    
        6000  -4.66370308         1325986.        0.000000       -30664.49     -9.77521891649E+08  5.90282923377E+05 -1.65602265107E+03   4.37966524              439  0.20553    
        6100  -4.66423986         1326375.        0.000000       -30662.65     -9.77635444579E+08  5.90351491199E+05 -1.65602265625E+03   4.37959771              438  0.21452    
        6200  -4.66544594         1326546.        0.000000       -30627.01     -9.77797821194E+08  5.90449545271E+05 -1.65602265092E+03   4.37985535              437  0.20682    
        6300  -4.66537191         1326495.        0.000000       -30616.10     -9.77775116492E+08  5.90435833882E+05 -1.65602265374E+03   4.38012911              439  0.20852    
        6400  -4.66556852         1326565.        0.000000       -30654.10     -9.77793296653E+08  5.90446807190E+05 -1.65602266749E+03   4.37986059              439  0.20579    
        6500  -4.66465411         1326035.        0.000000       -30681.76     -9.77670298980E+08  5.90372533887E+05 -1.65602266851E+03   4.37992280              438  0.20671    
        6600  -4.66505711         1326506.        0.000000       -30672.21     -9.77819404611E+08  5.90462573803E+05 -1.65602266425E+03   4.38003095              437  0.20398    
        6700  -4.66504203         1326396.        0.000000       -30644.87     -9.77779006001E+08  5.90438179540E+05 -1.65602266229E+03   4.38013620              439  0.20572    
        6800  -4.66570729         1326651.        0.000000       -30655.28     -9.77798530532E+08  5.90449971712E+05 -1.65602265624E+03   4.37975883              437  0.20898    
        6900  -4.66646292         1326536.        0.000000       -30660.27     -9.77927043498E+08  5.90527575911E+05 -1.65602265396E+03   4.38055175              438  0.20992    
        7000  -4.66588712         1326719.        0.000000       -30670.22     -9.77817425655E+08  5.90461379762E+05 -1.65602266155E+03   4.38006224              438  0.20829    
        7100  -4.66516210         1326395.        0.000000       -30651.12     -9.77731533990E+08  5.90409513581E+05 -1.65602266139E+03   4.37978693              438  0.20929    
        7200  -4.66568245         1326660.        0.000000       -30664.50     -9.77841659080E+08  5.90476017786E+05 -1.65602264889E+03   4.37936204              438  0.20598    
        7300  -4.66620551         1326836.        0.000000       -30674.54     -9.78013263457E+08  5.90579642260E+05 -1.65602264872E+03   4.37965167              438  0.20720    
        7400  -4.66694432         1326747.        0.000000       -30661.64     -9.78168316479E+08  5.90673265932E+05 -1.65602266582E+03   4.38045983              438  0.20652    
        7500  -4.66646566         1326831.        0.000000       -30709.45     -9.78080585072E+08  5.90620286124E+05 -1.65602267320E+03   4.38010765              438  0.20654    
        7600  -4.66533839         1326385.        0.000000       -30711.29     -9.77761327432E+08  5.90427505589E+05 -1.65602265846E+03   4.38016652              437  0.20837    
        7700  -4.66553366         1326625.        0.000000       -30659.16     -9.77766153414E+08  5.90430420651E+05 -1.65602265604E+03   4.37974211              438  0.21063    
        7800  -4.66568314         1326686.        0.000000       -30686.83     -9.77858691089E+08  5.90486298394E+05 -1.65602266090E+03   4.37912747              438  0.20903    
        7900  -4.66661790         1326877.        0.000000       -30694.44     -9.78013972790E+08  5.90580068185E+05 -1.65602265548E+03   4.37996066              439  0.20650    
        8000  -4.66691548         1326917.        0.000000       -30707.95     -9.78121540833E+08  5.90645024636E+05 -1.65602265326E+03   4.37986693              438  0.20535    
        8100  -4.66582590         1326188.        0.000000       -30693.12     -9.77955046627E+08  5.90544485106E+05 -1.65602265586E+03   4.38096207              437  0.20714    
        8200  -4.66359324         1326198.        0.000000       -30676.66     -9.77597902883E+08  5.90328820891E+05 -1.65602265769E+03   4.37943394              438  0.20717    
        8300  -4.66461379         1326220.        0.000000       -30689.18     -9.77750664970E+08  5.90421067706E+05 -1.65602265646E+03   4.37998543              438  0.20793    
        8400  -4.66469469         1326305.        0.000000       -30701.98     -9.77839512206E+08  5.90474717218E+05 -1.65602266057E+03   4.37934748              438  0.20764    
        8500  -4.66582140         1326702.        0.000000       -30740.26     -9.78125874910E+08  5.90647640293E+05 -1.65602265748E+03   4.37981983              437  0.20675    
        8600  -4.66608190         1326597.        0.000000       -30745.31     -9.78137700342E+08  5.90654781220E+05 -1.65602265730E+03   4.38016247              438  0.20378    
        8700  -4.66567439         1326519.        0.000000       -30705.97     -9.78082082435E+08  5.90621200123E+05 -1.65602264570E+03   4.37988334              439  0.20979    
        8800  -4.66577353         1326676.        0.000000       -30696.68     -9.78087690601E+08  5.90624585872E+05 -1.65602264788E+03   4.37970360              437  0.20750    
        8900  -4.66643682         1327034.        0.000000       -30731.39     -9.78278290763E+08  5.90739678431E+05 -1.65602265512E+03   4.37933099              439  0.20509    
        9000  -4.66667676         1326568.        0.000000       -30701.05     -9.78358576708E+08  5.90788157069E+05 -1.65602266227E+03   4.38050506              438  0.20749    
        9100  -4.66513394         1326073.        0.000000       -30682.53     -9.78033244403E+08  5.90591704308E+05 -1.65602265875E+03   4.38144645              437  0.20785    
        9200  -4.66530350         1326878.        0.000000       -30697.62     -9.77921777356E+08  5.90524394604E+05 -1.65602265765E+03   4.37881712              438  0.20364    
        9300  -4.66612533         1326347.        0.000000       -30721.49     -9.77998660872E+08  5.90570819440E+05 -1.65602266261E+03   4.38125520              439  0.21080    
        9400  -4.66485725         1326341.        0.000000       -30658.19     -9.77749961725E+08  5.90420639471E+05 -1.65602266649E+03   4.37979369              438  0.20460    
        9500  -4.66481608         1326483.        0.000000       -30657.31     -9.77742761718E+08  5.90416293022E+05 -1.65602266278E+03   4.37891952              437  0.20409    
        9600  -4.66566311         1326692.        0.000000       -30707.91     -9.78004854566E+08  5.90574560690E+05 -1.65602265940E+03   4.37989862              438  0.20460    
        9700  -4.66712932         1327065.        0.000000       -30642.52     -9.78099786677E+08  5.90631887905E+05 -1.65602265422E+03   4.37979576              437  0.20705    
        9800  -4.66686671         1326699.        0.000000       -30644.14     -9.77979370472E+08  5.90559172456E+05 -1.65602265799E+03   4.38091849              438  0.20713    
        9900  -4.66541353         1326134.        0.000000       -30645.89     -9.77656689206E+08  5.90364318710E+05 -1.65602265961E+03   4.38091864              439  0.20398    
       10000  -4.66445500         1326142.        0.000000       -30636.65     -9.77557367749E+08  5.90304343134E+05 -1.65602265868E+03   4.38007067              438  0.21202    
       10100  -4.66438620         1326035.        0.000000       -30663.82     -9.77557707939E+08  5.90304551041E+05 -1.65602265172E+03   4.38052021              438  0.20665    
       10200  -4.66349223         1325934.        0.000000       -30703.02     -9.77426592655E+08  5.90225374981E+05 -1.65602265522E+03   4.37914185              438  0.20501    
       10300  -4.66468613         1326607.        0.000000       -30690.12     -9.77699720333E+08  5.90390306553E+05 -1.65602265058E+03   4.37884458              439  0.21118    
       10400  -4.66642425         1326564.        0.000000       -30702.93     -9.78007433210E+08  5.90576119371E+05 -1.65602265505E+03   4.38041276              436  0.20818    
       10500  -4.66596357         1326633.        0.000000       -30704.18     -9.77898343686E+08  5.90510244925E+05 -1.65602265514E+03   4.38005852              439  0.20371    
       10600  -4.66564544         1326431.        0.000000       -30744.81     -9.77860798129E+08  5.90487572399E+05 -1.65602265625E+03   4.38045349              437  0.20649    
       10700  -4.66575678         1326803.        0.000000       -30726.82     -9.77813408946E+08  5.90458958515E+05 -1.65602264958E+03   4.37914051              438  0.20609    
       10800  -4.66644086         1326810.        0.000000       -30747.70     -9.78004702560E+08  5.90574473150E+05 -1.65602264748E+03   4.37979875              438  0.20413    
       10900  -4.66622844         1326624.        0.000000       -30732.15     -9.77934373334E+08  5.90532003596E+05 -1.65602264971E+03   4.38057872              439  0.20582    
       11000  -4.66520505         1326269.        0.000000       -30739.80     -9.77700735537E+08  5.90390918726E+05 -1.65602265300E+03   4.38033838              436  0.20664    
       11100  -4.66414391         1326196.        0.000000       -30725.48     -9.77594035987E+08  5.90326486220E+05 -1.65602265663E+03   4.37964497              436  0.20642    
       11200  -4.66559782         1326853.        0.000000       -30729.25     -9.77881614050E+08  5.90500142330E+05 -1.65602265597E+03   4.37930299              438  0.20808    
       11300  -4.66673363         1327059.        0.000000       -30717.42     -9.78076578102E+08  5.90617870913E+05 -1.65602266079E+03   4.37934266              439  0.20466    
       11400  -4.66687966         1326779.        0.000000       -30712.45     -9.78082730505E+08  5.90621586350E+05 -1.65602266004E+03   4.38038725              439  0.20818    
       11500  -4.66542009         1326402.        0.000000       -30701.45     -9.77736248596E+08  5.90412361316E+05 -1.65602265917E+03   4.38007004              437  0.20431    
       11600  -4.66487851         1326421.        0.000000       -30734.12     -9.77608289764E+08  5.90335096908E+05 -1.65602264694E+03   4.37950463              438  0.20723    
       11700  -4.66654684         1326761.        0.000000       -30685.92     -9.77814175214E+08  5.90459424015E+05 -1.65602264177E+03   4.38019192              438  0.20667    
       11800  -4.66588432         1326501.        0.000000       -30688.76     -9.77615240217E+08  5.90339295551E+05 -1.65602264255E+03   4.38020711              439  0.20375    
       11900  -4.66465092         1326200.        0.000000       -30723.07     -9.77391761808E+08  5.90204344290E+05 -1.65602264921E+03   4.38071087              439  0.21383    
       12000  -4.66420032         1326125.        0.000000       -30680.83     -9.77196804729E+08  5.90086618842E+05 -1.65602264740E+03   4.38025336              437  0.20441    
       12100  -4.66495905         1326634.        0.000000       -30669.54     -9.77375052945E+08  5.90194254699E+05 -1.65602264875E+03   4.37897451              438  0.20504    
       12200  -4.66620451         1326579.        0.000000       -30655.64     -9.77701397946E+08  5.90391319290E+05 -1.65602265142E+03   4.38024290              438  0.20796    
       12300  -4.66588517         1326474.        0.000000       -30698.33     -9.77530403905E+08  5.90288063040E+05 -1.65602265252E+03   4.38047784              438  0.20498    
       12400  -4.66462061         1326162.        0.000000       -30671.48     -9.77315806194E+08  5.90158475139E+05 -1.65602265724E+03   4.38017233              438  0.20694    
       12500  -4.66381280         1325979.        0.000000       -30680.12     -9.77212435281E+08  5.90096051528E+05 -1.65602266402E+03   4.38030438              436  0.20809    
       12600  -4.66382288         1326015.        0.000000       -30716.97     -9.77144834034E+08  5.90055230942E+05 -1.65602266160E+03   4.37977403              438  0.20735    
       12700  -4.66324949         1325899.        0.000000       -30719.89     -9.77166078946E+08  5.90068058816E+05 -1.65602266442E+03   4.37966728              439  0.20915    
       12800  -4.66423802         1326551.        0.000000       -30741.03     -9.77456709991E+08  5.90243560890E+05 -1.65602265702E+03   4.37907569              438  0.20517    
       12900  -4.66639323         1327021.        0.000000       -30736.36     -9.77831828583E+08  5.90470077561E+05 -1.65602266015E+03   4.37951479              438  0.20628    
       13000  -4.66684502         1327019.        0.000000       -30716.27     -9.77934425417E+08  5.90532032949E+05 -1.65602265559E+03   4.37943082              438  0.20922    
       13100  -4.66735028         1326927.        0.000000       -30710.38     -9.78173931880E+08  5.90676657994E+05 -1.65602266255E+03   4.38004398              438  0.20430    
       13200  -4.66674827         1326567.        0.000000       -30731.26     -9.78088820015E+08  5.90625263383E+05 -1.65602266048E+03   4.38115293              437  0.20575    
       13300  -4.66499012         1326234.        0.000000       -30702.96     -9.77720588400E+08  5.90402903861E+05 -1.65602266182E+03   4.38038593              436  0.20497    
       13400  -4.66342334         1325740.        0.000000       -30672.12     -9.77455541075E+08  5.90242853786E+05 -1.65602266051E+03   4.38072494              436  0.20802    
       13500  -4.66295847         1325887.        0.000000       -30669.47     -9.77202926919E+08  5.90090309015E+05 -1.65602266634E+03   4.38000349              437  0.20645    
       13600  -4.66432976         1326432.        0.000000       -30698.89     -9.77403010748E+08  5.90211131401E+05 -1.65602266502E+03   4.37876238              437  0.20753    
       13700  -4.66537631         1326393.        0.000000       -30712.49     -9.77583471636E+08  5.90320105906E+05 -1.65602265932E+03   4.37996066              438  0.20486    
       13800  -4.66498539         1326370.        0.000000       -30705.17     -9.77492424501E+08  5.90265127271E+05 -1.65602265718E+03   4.38061755              437  0.20492    
       13900  -4.66427896         1326186.        0.000000       -30712.21     -9.77355727271E+08  5.90182581393E+05 -1.65602265822E+03   4.37948423              439  0.20558    
       14000  -4.66417934         1326163.        0.000000       -30689.26     -9.77449838503E+08  5.90239409275E+05 -1.65602266325E+03   4.37995690              439  0.20510    
       14100  -4.66473071         1326279.        0.000000       -30670.80     -9.77567562375E+08  5.90310497535E+05 -1.65602266343E+03   4.37959302              438  0.20681    
       14200  -4.66446818         1326330.        0.000000       -30671.38     -9.77548192344E+08  5.90298804506E+05 -1.65602265307E+03   4.37997868              437  0.20653    
       14300  -4.66449322         1326413.        0.000000       -30695.46     -9.77531219505E+08  5.90288555888E+05 -1.65602265156E+03   4.37896536              438  0.20670    
       14400  -4.66575368         1326792.        0.000000       -30683.90     -9.77847748124E+08  5.90479692630E+05 -1.65602265468E+03   4.37932360              438  0.20455    
       14500  -4.66735453         1327049.        0.000000       -30697.23     -9.78213085880E+08  5.90700305546E+05 -1.65602265090E+03   4.37941304              438  0.20672    
       14600  -4.66614250         1326296.        0.000000       -30725.38     -9.78128037152E+08  5.90648946107E+05 -1.65602265711E+03   4.38133551              436  0.20693    
       14700  -4.66445488         1326067.        0.000000       -30660.96     -9.77740585718E+08  5.90414983036E+05 -1.65602265154E+03   4.38074856              437  0.20433    
       14800  -4.66438116         1326286.        0.000000       -30671.65     -9.77593760185E+08  5.90326318174E+05 -1.65602266084E+03   4.38019804              438  0.20616    
       14900  -4.66454223         1326189.        0.000000       -30706.53     -9.77610942374E+08  5.90336690042E+05 -1.65602267124E+03   4.38018366              438  0.20748    
       15000  -4.66461024         1326426.        0.000000       -30694.56     -9.77681762952E+08  5.90379458630E+05 -1.65602266248E+03   4.37910692              438  0.20436    
       15100  -4.66465016         1326422.        0.000000       -30670.12     -9.77868397884E+08  5.90492160406E+05 -1.65602265949E+03   4.37986828              438  0.20890    
       15200  -4.66475935         1326530.        0.000000       -30702.24     -9.77775507408E+08  5.90436068796E+05 -1.65602265695E+03   4.37955109              439  0.20540    
       15300  -4.66551099         1326521.        0.000000       -30677.77     -9.77882229630E+08  5.90500515959E+05 -1.65602265062E+03   4.38027249              437  0.20375    
       15400  -4.66487215         1326030.        0.000000       -30657.54     -9.77680108447E+08  5.90378463936E+05 -1.65602265016E+03   4.38091676              438  0.20772    
       15500  -4.66337383         1325976.        0.000000       -30622.58     -9.77399393951E+08  5.90208951329E+05 -1.65602265393E+03   4.38006607              438  0.20735    
       15600  -4.66397464         1326332.        0.000000       -30643.64     -9.77538037194E+08  5.90292670645E+05 -1.65602265758E+03   4.37881838              438  0.20439    
       15700  -4.66552497         1326452.        0.000000       -30672.59     -9.77941311568E+08  5.90536190901E+05 -1.65602265642E+03   4.37962738              438  0.21297    
       15800  -4.66465399         1326456.        0.000000       -30694.04     -9.77928827078E+08  5.90528653844E+05 -1.65602265142E+03   4.37959592              437  0.21063    
       15900  -4.66549547         1326393.        0.000000       -30695.29     -9.77991161675E+08  5.90566292857E+05 -1.65602265741E+03   4.38010523              438  0.20881    
       16000  -4.66545134         1326274.        0.000000       -30704.90     -9.78013773341E+08  5.90579947911E+05 -1.65602265502E+03   4.37982944              438  0.20451    
       16100  -4.66508811         1326356.        0.000000       -30732.78     -9.77942598501E+08  5.90536965224E+05 -1.65602266427E+03   4.38007285              437  0.20886    
       16200  -4.66565246         1326453.        0.000000       -30711.87     -9.77978706153E+08  5.90558770870E+05 -1.65602265920E+03   4.38021279              439  0.21153    
       16300  -4.66509993         1326265.        0.000000       -30678.74     -9.77699068483E+08  5.90389905332E+05 -1.65602267189E+03   4.38075045              438  0.20858    
       16400  -4.66447061         1325953.        0.000000       -30674.71     -9.77492669616E+08  5.90265269351E+05 -1.65602267383E+03   4.38044550              438  0.20827    
       16500  -4.66407380         1325956.        0.000000       -30662.72     -9.77443037954E+08  5.90235300433E+05 -1.65602266966E+03   4.38045445              438  0.21000    
       16600  -4.66403472         1326292.        0.000000       -30678.19     -9.77486787398E+08  5.90261723512E+05 -1.65602265650E+03   4.37984170              437  0.20343    
       16700  -4.66462331         1326429.        0.000000       -30688.95     -9.77567544510E+08  5.90310490799E+05 -1.65602265206E+03   4.37963355              437  0.21225    
       16800  -4.66591543         1326543.        0.000000       -30693.95     -9.77824419211E+08  5.90465607725E+05 -1.65602264792E+03   4.38018241              437  0.20564    
       16900  -4.66587028         1326643.        0.000000       -30699.62     -9.77884129649E+08  5.90501663011E+05 -1.65602265142E+03   4.37961547              438  0.20768    
       17000  -4.66572981         1326307.        0.000000       -30725.42     -9.77885871576E+08  5.90502714705E+05 -1.65602265193E+03   4.38117738              437  0.20414    
       17100  -4.66391225         1325865.        0.000000       -30723.08     -9.77487232474E+08  5.90261994215E+05 -1.65602265105E+03   4.38028168              438  0.20739    
       17200  -4.66348624         1325754.        0.000000       -30714.33     -9.77400667422E+08  5.90209719385E+05 -1.65602265656E+03   4.38052126              439  0.20405    
       17300  -4.66315060         1325892.        0.000000       -30725.41     -9.77375032244E+08  5.90194237866E+05 -1.65602266091E+03   4.37985148              437  0.20577    
       17400  -4.66301166         1325924.        0.000000       -30725.62     -9.77318271477E+08  5.90159963838E+05 -1.65602265718E+03   4.38001574              439  0.20723    
       17500  -4.66312952         1325842.        0.000000       -30735.66     -9.77355089511E+08  5.90182196828E+05 -1.65602265667E+03   4.37992120              436  0.20842    
       17600  -4.66295960         1325904.        0.000000       -30725.71     -9.77340209067E+08  5.90173210739E+05 -1.65602265789E+03   4.37935575              437  0.20561    
       17700  -4.66306123         1325882.        0.000000       -30732.21     -9.77451123637E+08  5.90240185260E+05 -1.65602266339E+03   4.37990380              438  0.20553    
       17800  -4.66395522         1326393.        0.000000       -30741.34     -9.77570804739E+08  5.90312456166E+05 -1.65602266143E+03   4.37888088              438  0.20684    
       17900  -4.66486866         1326284.        0.000000       -30697.98     -9.77669765660E+08  5.90372214823E+05 -1.65602266013E+03   4.37985296              439  0.20409    
       18000  -4.66533180         1326665.        0.000000       -30692.32     -9.77742702097E+08  5.90416259322E+05 -1.65602265632E+03   4.37897731              437  0.20610    
       18100  -4.66601358         1326494.        0.000000       -30692.74     -9.77811684403E+08  5.90457915329E+05 -1.65602265465E+03   4.38093350              436  0.20941    
       18200  -4.66475651         1326436.        0.000000       -30702.74     -9.77579634857E+08  5.90317789926E+05 -1.65602265685E+03   4.37962450              438  0.20377    
       18300  -4.66452081         1326267.        0.000000       -30731.64     -9.77581634189E+08  5.90318999551E+05 -1.65602265035E+03   4.37936917              438  0.20832    
       18400  -4.66511775         1326585.        0.000000       -30736.54     -9.77796447140E+08  5.90448712750E+05 -1.65602265874E+03   4.37932444              438  0.20723    
       18500  -4.66616700         1326775.        0.000000       -30712.13     -9.77978567738E+08  5.90558687194E+05 -1.65602265946E+03   4.37980122              438  0.20678    
       18600  -4.66618347         1326604.        0.000000       -30720.85     -9.77962318628E+08  5.90548876781E+05 -1.65602265465E+03   4.38025645              438  0.20395    
       18700  -4.66527298         1326470.        0.000000       -30772.79     -9.77902471320E+08  5.90512734305E+05 -1.65602266388E+03   4.38000999              437  0.20627    
       18800  -4.66503129         1326368.        0.000000       -30732.80     -9.77763117880E+08  5.90428584016E+05 -1.65602266616E+03   4.38026790              439  0.20429    
       18900  -4.66480182         1326361.        0.000000       -30741.47     -9.77767392405E+08  5.90431164563E+05 -1.65602266799E+03   4.37980923              434  0.20383    
       19000  -4.66511822         1326321.        0.000000       -30757.72     -9.77777987917E+08  5.90437564910E+05 -1.65602266188E+03   4.38066056              437  0.20508    
       19100  -4.66440042         1326037.        0.000000       -30718.62     -9.77588976368E+08  5.90323429146E+05 -1.65602266165E+03   4.38056786              436  0.20709    
       19200  -4.66440001         1326442.        0.000000       -30709.51     -9.77482801744E+08  5.90259314579E+05 -1.65602266258E+03   4.37978247              439  0.20383    
       19300  -4.66476340         1326148.        0.000000       -30686.30     -9.77444403345E+08  5.90236129065E+05 -1.65602265807E+03   4.38092798              439  0.20757    
       19400  -4.66368221         1325950.        0.000000       -30695.99     -9.77255320303E+08  5.90121949827E+05 -1.65602265869E+03   4.37998359              438  0.20718    
       19500  -4.66393394         1326285.        0.000000       -30742.54     -9.77377845402E+08  5.90195937907E+05 -1.65602265727E+03   4.37908939              437  0.20530    
       19600  -4.66539287         1326557.        0.000000       -30763.60     -9.77612270650E+08  5.90337498076E+05 -1.65602265456E+03   4.37948579              438  0.20704    
       19700  -4.66640133         1326825.        0.000000       -30745.78     -9.77943301650E+08  5.90537395176E+05 -1.65602264927E+03   4.37943715              438  0.20933    
       19800  -4.66674338         1326753.        0.000000       -30758.45     -9.78051573050E+08  5.90602775326E+05 -1.65602264993E+03   4.38002188              438  0.20430    
       19900  -4.66681101         1326798.        0.000000       -30712.90     -9.78113672577E+08  5.90640275052E+05 -1.65602264846E+03   4.37978730              438  0.20993    
       20000  -4.66570115         1326538.        0.000000       -30710.44     -9.77958631781E+08  5.90546650753E+05 -1.65602265381E+03   4.38015208              439  0.20762    
       20100  -4.66575488         1326477.        0.000000       -30744.35     -9.78021051042E+08  5.90584341030E+05 -1.65602265942E+03   4.38030116              439  0.20554    
       20200  -4.66501106         1326527.        0.000000       -30736.37     -9.77874425055E+08  5.90495798478E+05 -1.65602266362E+03   4.38009821              437  0.20670    
       20300  -4.66475282         1326277.        0.000000       -30719.73     -9.77756949077E+08  5.90424862030E+05 -1.65602265751E+03   4.38056032              439  0.20420    
       20400  -4.66484224         1326168.        0.000000       -30699.92     -9.77655419966E+08  5.90363555223E+05 -1.65602265132E+03   4.37971592              439  0.20831    
       20500  -4.66513275         1326499.        0.000000       -30650.95     -9.77950432132E+08  5.90541696914E+05 -1.65602266062E+03   4.37931506              438  0.20428    
       20600  -4.66607937         1326637.        0.000000       -30661.02     -9.78170355658E+08  5.90674496673E+05 -1.65602266759E+03   4.37967229              438  0.20780    
       20700  -4.66532867         1326421.        0.000000       -30686.83     -9.78113686327E+08  5.90640277165E+05 -1.65602266581E+03   4.37972238              438  0.20612    
       20800  -4.66571384         1326594.        0.000000       -30711.62     -9.78202174911E+08  5.90693711846E+05 -1.65602266504E+03   4.38022759              438  0.20408    
       20900  -4.66554019         1326538.        0.000000       -30690.85     -9.77976921524E+08  5.90557690286E+05 -1.65602266740E+03   4.38038376              438  0.20527    
       21000  -4.66488645         1326286.        0.000000       -30674.61     -9.77788902962E+08  5.90444153676E+05 -1.65602266849E+03   4.38058008              437  0.20960    
       21100  -4.66506299         1326539.        0.000000       -30628.94     -9.77745699107E+08  5.90418066899E+05 -1.65602266245E+03   4.38059756              438  0.20496    
       21200  -4.66506048         1326450.        0.000000       -30621.05     -9.77645396151E+08  5.90357500979E+05 -1.65602265497E+03   4.37940795              437  0.20494    
       21300  -4.66600045         1326802.        0.000000       -30628.10     -9.77829965243E+08  5.90468952132E+05 -1.65602266082E+03   4.37943779              438  0.20963    
       21400  -4.66724980         1326827.        0.000000       -30679.67     -9.78033711496E+08  5.90591985924E+05 -1.65602265998E+03   4.38013629              438  0.20494    
       21500  -4.66580940         1326249.        0.000000       -30630.84     -9.77721341686E+08  5.90403361617E+05 -1.65602265375E+03   4.38115902              439  0.20761    
       21600  -4.66488431         1326321.        0.000000       -30618.16     -9.77403270212E+08  5.90211291187E+05 -1.65602265631E+03   4.37990484              439  0.20570    
       21700  -4.66513406         1326480.        0.000000       -30688.76     -9.77435323642E+08  5.90230647165E+05 -1.65602265544E+03   4.37928480              437  0.20671    
       21800  -4.66600742         1326672.        0.000000       -30757.74     -9.77659442765E+08  5.90365981488E+05 -1.65602265954E+03   4.38000478              439  0.20544    
       21900  -4.66555926         1326370.        0.000000       -30728.19     -9.77536145387E+08  5.90291529125E+05 -1.65602265517E+03   4.38044277              438  0.20745    
       22000  -4.66518158         1326615.        0.000000       -30708.27     -9.77486399338E+08  5.90261489851E+05 -1.65602265461E+03   4.37955626              439  0.20869    
       22100  -4.66470044         1326304.        0.000000       -30739.39     -9.77445763748E+08  5.90236951407E+05 -1.65602265568E+03   4.37976459              438  0.20391    
       22200  -4.66454685         1326289.        0.000000       -30757.89     -9.77418189706E+08  5.90220303120E+05 -1.65602264873E+03   4.38023671              439  0.20674    
       22300  -4.66483460         1326340.        0.000000       -30699.41     -9.77453206771E+08  5.90241447633E+05 -1.65602265088E+03   4.38008651              438  0.20596    
       22400  -4.66484755         1326310.        0.000000       -30707.94     -9.77527639326E+08  5.90286392877E+05 -1.65602265463E+03   4.38005368              439  0.20421    
       22500  -4.66527327         1326428.        0.000000       -30719.58     -9.77639682583E+08  5.90354049359E+05 -1.65602265902E+03   4.38015278              439  0.20753    
       22600  -4.66542058         1326574.        0.000000       -30680.98     -9.77652676044E+08  5.90361896294E+05 -1.65602265692E+03   4.37963109              437  0.20981    
       22700  -4.66524330         1326451.        0.000000       -30665.17     -9.77670020261E+08  5.90372374064E+05 -1.65602264471E+03   4.38015238              437  0.20373    
       22800  -4.66622899         1326886.        0.000000       -30684.62     -9.77738145125E+08  5.90413511946E+05 -1.65602264403E+03   4.37915522              439  0.20752    
       22900  -4.66639517         1326746.        0.000000       -30689.26     -9.77768308554E+08  5.90431720158E+05 -1.65602266134E+03   4.38017870              439  0.20559    
       23000  -4.66643736         1326747.        0.000000       -30671.03     -9.77808631796E+08  5.90456070111E+05 -1.65602265993E+03   4.38032371              437  0.20706    
       23100  -4.66510527         1326056.        0.000000       -30658.85     -9.77496860549E+08  5.90267803852E+05 -1.65602266322E+03   4.38103273              437  0.20484    
       23200  -4.66324923         1325905.        0.000000       -30686.01     -9.77206570961E+08  5.90092509428E+05 -1.65602266653E+03   4.38039432              438  0.20610    
       23300  -4.66402025         1326447.        0.000000       -30671.47     -9.77333740126E+08  5.90169301452E+05 -1.65602266625E+03   4.37903930              438  0.20653    
       23400  -4.66379600         1325797.        0.000000       -30700.96     -9.77384277894E+08  5.90199821734E+05 -1.65602265860E+03   4.38074028              439  0.20404    
       23500  -4.66311789         1325842.        0.000000       -30711.46     -9.77218578928E+08  5.90099761221E+05 -1.65602266455E+03   4.37971799              438  0.20579    
       23600  -4.66293893         1325918.        0.000000       -30733.24     -9.77335696539E+08  5.90170485796E+05 -1.65602265796E+03   4.37958237              438  0.20554    
       23700  -4.66350452         1326088.        0.000000       -30724.42     -9.77509592590E+08  5.90275491652E+05 -1.65602266470E+03   4.37966491              439  0.20418    
       23800  -4.66367775         1326151.        0.000000       -30707.77     -9.77539722265E+08  5.90293687672E+05 -1.65602265903E+03   4.37905672              436  0.20715    
       23900  -4.66479624         1326485.        0.000000       -30735.91     -9.77821613963E+08  5.90463911127E+05 -1.65602265530E+03   4.37943156              439  0.20466    
       24000  -4.66625332         1326682.        0.000000       -30698.97     -9.78064941041E+08  5.90610846669E+05 -1.65602265275E+03   4.38028099              439  0.20892    
       24100  -4.66616498         1326644.        0.000000       -30718.16     -9.77908917012E+08  5.90516628451E+05 -1.65602265863E+03   4.38029286              435  0.20627    
       24200  -4.66575436         1326502.        0.000000       -30703.25     -9.77723685350E+08  5.90404777804E+05 -1.65602265108E+03   4.38018302              439  0.20609    
       24300  -4.66663512         1327133.        0.000000       -30729.20     -9.77864965522E+08  5.90490090893E+05 -1.65602265068E+03   4.37891283              438  0.20438    
       24400  -4.66693337         1326614.        0.000000       -30678.08     -9.77923508995E+08  5.90525440323E+05 -1.65602265748E+03   4.38030030              438  0.20743    
       24500  -4.66572563         1326323.        0.000000       -30680.91     -9.77798776356E+08  5.90450118267E+05 -1.65602266153E+03   4.38075671              437  0.20499    
       24600  -4.66435795         1326126.        0.000000       -30648.39     -9.77404891920E+08  5.90212269665E+05 -1.65602265855E+03   4.38020552              438  0.20480    
       24700  -4.66324051         1325784.        0.000000       -30631.93     -9.77228538959E+08  5.90105776109E+05 -1.65602266326E+03   4.38024506              439  0.20535    
       24800  -4.66388738         1326391.        0.000000       -30645.20     -9.77338558004E+08  5.90172215393E+05 -1.65602265324E+03   4.37914269              436  0.21041    
       24900  -4.66557223         1326667.        0.000000       -30686.74     -9.77751587184E+08  5.90421624673E+05 -1.65602265623E+03   4.37932698              438  0.20690    
       25000  -4.66532805         1326605.        0.000000       -30677.31     -9.77853073953E+08  5.90482909214E+05 -1.65602265315E+03   4.37935669              438  0.20474    
       25100  -4.66562339         1326584.        0.000000       -30693.21     -9.77880671493E+08  5.90499573385E+05 -1.65602265534E+03   4.37986435              437  0.20531    
       25200  -4.66530256         1326459.        0.000000       -30695.83     -9.77868809350E+08  5.90492406388E+05 -1.65602266646E+03   4.38033499              438  0.20803    
       25300  -4.66493914         1326255.        0.000000       -30702.88     -9.77705272520E+08  5.90393654868E+05 -1.65602266294E+03   4.38042153              439  0.20432    
       25400  -4.66346801         1326125.        0.000000       -30716.56     -9.77455477271E+08  5.90242813187E+05 -1.65602266632E+03   4.37945355              437  0.20523    
       25500  -4.66471719         1326210.        0.000000       -30702.30     -9.77595287205E+08  5.90327239123E+05 -1.65602266407E+03   4.38021641              438  0.20648    
       25600  -4.66393601         1326215.        0.000000       -30724.32     -9.77437643809E+08  5.90232042542E+05 -1.65602267135E+03   4.37976866              438  0.20418    
       25700  -4.66387955         1326094.        0.000000       -30692.35     -9.77453762358E+08  5.90241777531E+05 -1.65602266659E+03   4.38018154              438  0.20786    
       25800  -4.66439736         1326379.        0.000000       -30688.77     -9.77509895522E+08  5.90275676005E+05 -1.65602266070E+03   4.37944361              439  0.20624    
       25900  -4.66452650         1326214.        0.000000       -30698.74     -9.77514292084E+08  5.90278331227E+05 -1.65602265977E+03   4.38033605              439  0.20834    
       26000  -4.66487125         1326625.        0.000000       -30682.82     -9.77582106329E+08  5.90319281471E+05 -1.65602265929E+03   4.37858478              438  0.20778    
       26100  -4.66668086         1327018.        0.000000       -30693.40     -9.77942348699E+08  5.90536818224E+05 -1.65602265349E+03   4.37925699              437  0.20699    
       26200  -4.66708717         1326779.        0.000000       -30699.70     -9.78055620832E+08  5.90605218817E+05 -1.65602265214E+03   4.38087602              439  0.20602    
       26300  -4.66487769         1326014.        0.000000       -30696.43     -9.77616184164E+08  5.90339861815E+05 -1.65602265305E+03   4.38076158              438  0.20646    
       26400  -4.66463719         1326280.        0.000000       -30680.27     -9.77725924940E+08  5.90406127915E+05 -1.65602265748E+03   4.37991840              438  0.20543    
       26500  -4.66563812         1326453.        0.000000       -30663.93     -9.77775346248E+08  5.90435968476E+05 -1.65602266537E+03   4.38052806              438  0.20589    
       26600  -4.66524527         1326466.        0.000000       -30698.11     -9.77725049886E+08  5.90405595887E+05 -1.65602266763E+03   4.37939029              438  0.20398    
       26700  -4.66515175         1326385.        0.000000       -30704.25     -9.77716894275E+08  5.90400671301E+05 -1.65602266698E+03   4.37983590              437  0.20576    
       26800  -4.66482731         1326164.        0.000000       -30707.83     -9.77696485415E+08  5.90388348750E+05 -1.65602266285E+03   4.38034070              437  0.20553    
       26900  -4.66460644         1326245.        0.000000       -30693.44     -9.77667333365E+08  5.90370746413E+05 -1.65602265916E+03   4.37981129              438  0.20348    
       27000  -4.66492362         1326355.        0.000000       -30736.33     -9.77645065018E+08  5.90357300293E+05 -1.65602265701E+03   4.37986552              438  0.20901    
       27100  -4.66501832         1326286.        0.000000       -30744.34     -9.77766269618E+08  5.90430491899E+05 -1.65602265302E+03   4.37986374              439  0.20358    
       27200  -4.66539141         1326535.        0.000000       -30732.79     -9.77885285570E+08  5.90502358769E+05 -1.65602265774E+03   4.37967117              437  0.20398    
       27300  -4.66545407         1326655.        0.000000       -30698.91     -9.77917369290E+08  5.90521732768E+05 -1.65602265764E+03   4.37957186              439  0.20532    
       27400  -4.66510435         1326397.        0.000000       -30708.78     -9.77901291059E+08  5.90512024131E+05 -1.65602265677E+03   4.37963416              439  0.20968    
       27500  -4.66528451         1326638.        0.000000       -30721.41     -9.77929190470E+08  5.90528868977E+05 -1.65602266349E+03   4.37983804              437  0.20453    
       27600  -4.66632151         1326907.        0.000000       -30740.80     -9.78077474128E+08  5.90618413558E+05 -1.65602265638E+03   4.37960448              438  0.20618    
       27700  -4.66644461         1326717.        0.000000       -30769.01     -9.78100971760E+08  5.90632602638E+05 -1.65602265671E+03   4.37982817              437  0.20714    
       27800  -4.66616175         1326738.        0.000000       -30713.53     -9.78131693107E+08  5.90651151619E+05 -1.65602266317E+03   4.38006627              436  0.20403    
       27900  -4.66519414         1326355.        0.000000       -30729.61     -9.77894018789E+08  5.90507629939E+05 -1.65602266458E+03   4.38018531              439  0.20456    
       28000  -4.66499369         1326559.        0.000000       -30745.46     -9.77821251274E+08  5.90463692263E+05 -1.65602265488E+03   4.37953229              439  0.20550    
       28100  -4.66444291         1325972.        0.000000       -30727.29     -9.77756506613E+08  5.90424595948E+05 -1.65602265441E+03   4.38011000              438  0.20462    
       28200  -4.66232852         1325477.        0.000000       -30724.67     -9.77489215494E+08  5.90263188809E+05 -1.65602265909E+03   4.38062185              439  0.20743    
       28300  -4.66189465         1325629.        0.000000       -30707.54     -9.77387969409E+08  5.90202050597E+05 -1.65602265939E+03   4.37970700              439  0.20763    
       28400  -4.66264274         1326131.        0.000000       -30712.84     -9.77555989962E+08  5.90303510237E+05 -1.65602266124E+03   4.37900278              437  0.20567    
       28500  -4.66560887         1326922.        0.000000       -30722.44     -9.78059048565E+08  5.90607286267E+05 -1.65602265889E+03   4.37885450              437  0.20674    
       28600  -4.66740272         1326898.        0.000000       -30742.20     -9.78321176068E+08  5.90765572501E+05 -1.65602266213E+03   4.38012974              438  0.20970    
       28700  -4.66749179         1327130.        0.000000       -30785.11     -9.78439476032E+08  5.90837007117E+05 -1.65602266657E+03   4.37960559              437  0.20658    
       28800  -4.66715393         1326660.        0.000000       -30770.75     -9.78311944440E+08  5.90759997172E+05 -1.65602266424E+03   4.38111216              436  0.20399    
       28900  -4.66634148         1326841.        0.000000       -30743.89     -9.78060952968E+08  5.90608437132E+05 -1.65602265643E+03   4.37967694              439  0.20410    
       29000  -4.66656304         1326713.        0.000000       -30749.47     -9.78132759646E+08  5.90651797372E+05 -1.65602265836E+03   4.37994051              439  0.20891    
       29100  -4.66624554         1326536.        0.000000       -30762.20     -9.78095640554E+08  5.90629380533E+05 -1.65602266462E+03   4.38111974              439  0.20342    
       29200  -4.66556832         1326381.        0.000000       -30726.83     -9.77878569171E+08  5.90498301291E+05 -1.65602266261E+03   4.38082210              438  0.20415    
       29300  -4.66456958         1326055.        0.000000       -30749.97     -9.77632310365E+08  5.90349598353E+05 -1.65602265690E+03   4.38026807              437  0.20683    
       29400  -4.66436526         1326070.        0.000000       -30752.89     -9.77600310209E+08  5.90330270276E+05 -1.65602266974E+03   4.37997331              439  0.20717    
       29500  -4.66513338         1326670.        0.000000       -30732.89     -9.77853325593E+08  5.90483055968E+05 -1.65602266773E+03   4.37930123              439  0.20478    
       29600  -4.66469099         1325987.        0.000000       -30692.37     -9.77683111252E+08  5.90380274511E+05 -1.65602265770E+03   4.38087635              438  0.21109    
       29700  -4.66423876         1326146.        0.000000       -30710.04     -9.77600403853E+08  5.90330333542E+05 -1.65602265089E+03   4.38005777              438  0.20833    
       29800  -4.66497875         1326197.        0.000000       -30674.94     -9.77654983581E+08  5.90363288915E+05 -1.65602265916E+03   4.38062558              437  0.20404    
       29900  -4.66373472         1325824.        0.000000       -30638.45     -9.77370121411E+08  5.90191273273E+05 -1.65602265854E+03   4.38065739              438  0.20678    
       30000  -4.66412928         1326344.        0.000000       -30636.49     -9.77439855503E+08  5.90233381275E+05 -1.65602266241E+03   4.37939350              437  0.20704    
       30100  -4.66483201         1326633.        0.000000       -30670.01     -9.77519710082E+08  5.90281602216E+05 -1.65602266175E+03   4.37877130              437  0.20445    
       30200  -4.66610557         1326960.        0.000000       -30693.31     -9.77740402005E+08  5.90414868972E+05 -1.65602266032E+03   4.37930510              438  0.20713    
       30300  -4.66736839         1327041.        0.000000       -30701.92     -9.77917538535E+08  5.90521833577E+05 -1.65602266154E+03   4.37965834              437  0.21019    
       30400  -4.66627321         1326404.        0.000000       -30672.18     -9.77697919901E+08  5.90389215286E+05 -1.65602266198E+03   4.38115533              437  0.20412    
       30500  -4.66507307         1326317.        0.000000       -30679.05     -9.77431167168E+08  5.90228136154E+05 -1.65602265852E+03   4.38022099              438  0.20737    
       30600  -4.66434738         1326008.        0.000000       -30626.87     -9.77264000881E+08  5.90127192251E+05 -1.65602265700E+03   4.38018915              439  0.20509    
       30700  -4.66380554         1326165.        0.000000       -30671.27     -9.77240984815E+08  5.90113293728E+05 -1.65602265735E+03   4.37936256              439  0.20401    
       30800  -4.66508397         1326613.        0.000000       -30678.91     -9.77735686335E+08  5.90412022150E+05 -1.65602265817E+03   4.37866147              437  0.20846    
       30900  -4.66669891         1326854.        0.000000       -30664.62     -9.78034432795E+08  5.90592418886E+05 -1.65602266727E+03   4.38003970              438  0.21054    
       31000  -4.66589535         1326352.        0.000000       -30648.12     -9.77915825637E+08  5.90520796673E+05 -1.65602266871E+03   4.38044374              439  0.20616    
       31100  -4.66449148         1325999.        0.000000       -30695.75     -9.77672573203E+08  5.90373908047E+05 -1.65602266610E+03   4.38040764              439  0.20844    
       31200  -4.66380469         1326211.        0.000000       -30690.43     -9.77629470808E+08  5.90347882059E+05 -1.65602266141E+03   4.37918392              438  0.20675    
       31300  -4.66489033         1326363.        0.000000       -30652.98     -9.77769576678E+08  5.90432486344E+05 -1.65602266016E+03   4.37988155              437  0.20669    
       31400  -4.66498148         1326539.        0.000000       -30674.94     -9.77686860089E+08  5.90382536684E+05 -1.65602266216E+03   4.38015652              438  0.20410    
       31500  -4.66448941         1326084.        0.000000       -30656.39     -9.77430805074E+08  5.90227920231E+05 -1.65602265086E+03   4.38030561              439  0.21068    
       31600  -4.66341237         1325936.        0.000000       -30648.05     -9.77303438446E+08  5.90151007131E+05 -1.65602265630E+03   4.37979691              438  0.20411    
       31700  -4.66407481         1326418.        0.000000       -30688.76     -9.77514991986E+08  5.90278754762E+05 -1.65602265726E+03   4.37916091              439  0.20377    
       31800  -4.66513222         1326448.        0.000000       -30728.41     -9.77712264228E+08  5.90397878013E+05 -1.65602265970E+03   4.37976131              439  0.20901    
       31900  -4.66579467         1326726.        0.000000       -30736.25     -9.77912325777E+08  5.90518687677E+05 -1.65602265633E+03   4.37938356              437  0.20643    
       32000  -4.66565050         1326445.        0.000000       -30744.17     -9.77983616563E+08  5.90561738125E+05 -1.65602265339E+03   4.37980800              438  0.20442    
       32100  -4.66499845         1326323.        0.000000       -30739.33     -9.78069365645E+08  5.90613515606E+05 -1.65602266085E+03   4.38006050              439  0.20952    
       32200  -4.66522039         1326790.        0.000000       -30758.14     -9.78120472248E+08  5.90644378658E+05 -1.65602265524E+03   4.37896849              438  0.20770    
       32300  -4.66650555         1326908.        0.000000       -30731.58     -9.78246170708E+08  5.90720282378E+05 -1.65602265554E+03   4.37990444              439  0.20621    
       32400  -4.66618941         1326642.        0.000000       -30709.15     -9.78133341170E+08  5.90652146209E+05 -1.65602266486E+03   4.38017494              438  0.21154    
       32500  -4.66471156         1326122.        0.000000       -30710.77     -9.77784855436E+08  5.90441712662E+05 -1.65602265976E+03   4.38058844              437  0.20627    
       32600  -4.66442396         1326032.        0.000000       -30687.33     -9.77691940673E+08  5.90385604251E+05 -1.65602266321E+03   4.38074125              438  0.21033    
       32700  -4.66387110         1326126.        0.000000       -30736.08     -9.77591375817E+08  5.90324877349E+05 -1.65602266367E+03   4.37939102              438  0.20452    
       32800  -4.66464674         1326294.        0.000000       -30736.37     -9.77782643055E+08  5.90440375507E+05 -1.65602266311E+03   4.37953475              438  0.20681    
       32900  -4.66608039         1326721.        0.000000       -30712.86     -9.78034392212E+08  5.90592394252E+05 -1.65602266763E+03   4.37969836              437  0.20834    
       33000  -4.66610824         1326744.        0.000000       -30701.76     -9.78023719343E+08  5.90585950999E+05 -1.65602266307E+03   4.37917776              438  0.20614    
       33100  -4.66660550         1326926.        0.000000       -30733.97     -9.78150723168E+08  5.90662644531E+05 -1.65602265900E+03   4.37978592              438  0.20607    
       33200  -4.66590010         1326423.        0.000000       -30695.14     -9.78000975651E+08  5.90572216961E+05 -1.65602266338E+03   4.38060626              437  0.20987    
       33300  -4.66510910         1326405.        0.000000       -30722.17     -9.77825865068E+08  5.90466471710E+05 -1.65602267346E+03   4.37999460              437  0.20846    
       33400  -4.66583840         1326814.        0.000000       -30722.90     -9.77963210477E+08  5.90549408277E+05 -1.65602267443E+03   4.37931552              439  0.20548    
       33500  -4.66539753         1326540.        0.000000       -30705.79     -9.77969400512E+08  5.90553145647E+05 -1.65602267589E+03   4.37949456              439  0.21128    
       33600  -4.66481978         1326345.        0.000000       -30705.86     -9.77942673469E+08  5.90537010084E+05 -1.65602266542E+03   4.37993962              439  0.20484    
       33700  -4.66594890         1327127.        0.000000       -30735.85     -9.78114743743E+08  5.90640913889E+05 -1.65602267087E+03   4.37859339              439  0.20603    
       33800  -4.66742488         1327149.        0.000000       -30734.87     -9.78422895488E+08  5.90826996051E+05 -1.65602266320E+03   4.38007772              439  0.20950    
       33900  -4.66693963         1326641.        0.000000       -30675.86     -9.78181431437E+08  5.90681186122E+05 -1.65602266404E+03   4.38099721              439  0.20789    
       34000  -4.66532276         1326366.        0.000000       -30675.72     -9.77715041360E+08  5.90399553517E+05 -1.65602266387E+03   4.38051741              439  0.20510    
       34100  -4.66399751         1325802.        0.000000       -30648.82     -9.77490154760E+08  5.90263756470E+05 -1.65602265775E+03   4.38092565              438  0.20891    
       34200  -4.66262672         1325971.        0.000000       -30672.13     -9.77299241663E+08  5.90148469545E+05 -1.65602266565E+03   4.37931625              438  0.20678    
       34300  -4.66489306         1326935.        0.000000       -30735.01     -9.77701651481E+08  5.90391467718E+05 -1.65602266452E+03   4.37808400              439  0.20653    
       34400  -4.66648763         1326745.        0.000000       -30737.08     -9.78070086914E+08  5.90613949040E+05 -1.65602266676E+03   4.37969372              439  0.20769    
       34500  -4.66586574         1326441.        0.000000       -30704.29     -9.77943319080E+08  5.90537402554E+05 -1.65602265809E+03   4.38015742              438  0.20405    
       34600  -4.66587836         1326399.        0.000000       -30701.22     -9.77939052931E+08  5.90534826184E+05 -1.65602265873E+03   4.38030242              438  0.20407    
       34700  -4.66515657         1326509.        0.000000       -30759.15     -9.77934660920E+08  5.90532173592E+05 -1.65602265999E+03   4.37974292              439  0.21042    
       34800  -4.66607690         1326709.        0.000000       -30756.67     -9.78078723098E+08  5.90619165081E+05 -1.65602266388E+03   4.37972748              436  0.20607    
       34900  -4.66560213         1326310.        0.000000       -30692.29     -9.77942288216E+08  5.90536774979E+05 -1.65602267234E+03   4.38085265              439  0.20514    
       35000  -4.66446179         1326157.        0.000000       -30713.35     -9.77661726917E+08  5.90367357033E+05 -1.65602267007E+03   4.38048830              436  0.21057    
       35100  -4.66455398         1326227.        0.000000       -30709.63     -9.77656963384E+08  5.90364482632E+05 -1.65602266421E+03   4.37998930              438  0.20463    
       35200  -4.66422901         1326041.        0.000000       -30705.03     -9.77541145651E+08  5.90294545406E+05 -1.65602266404E+03   4.38036020              439  0.20518    
       35300  -4.66356939         1325944.        0.000000       -30702.73     -9.77581938031E+08  5.90319179961E+05 -1.65602265895E+03   4.37968422              438  0.20407    
       35400  -4.66380780         1326275.        0.000000       -30710.97     -9.77614647226E+08  5.90338932073E+05 -1.65602265769E+03   4.37898350              438  0.20626    
       35500  -4.66509015         1326602.        0.000000       -30677.10     -9.77857078581E+08  5.90485326560E+05 -1.65602265560E+03   4.37950591              437  0.20501    
       35600  -4.66638767         1326887.        0.000000       -30672.92     -9.78115109682E+08  5.90641137726E+05 -1.65602266284E+03   4.37922329              438  0.20436    
       35700  -4.66614281         1326791.        0.000000       -30663.61     -9.78152444486E+08  5.90663682148E+05 -1.65602266408E+03   4.37942352              438  0.20668    
       35800  -4.66658505         1326801.        0.000000       -30652.40     -9.78199767842E+08  5.90692260338E+05 -1.65602265938E+03   4.37986864              438  0.20582    
       35900  -4.66655306         1326686.        0.000000       -30672.95     -9.78082482447E+08  5.90621436522E+05 -1.65602266015E+03   4.38021460              439  0.21108    
       36000  -4.66570108         1326604.        0.000000       -30671.79     -9.77910991683E+08  5.90517879379E+05 -1.65602266389E+03   4.38036153              438  0.20940    
       36100  -4.66513065         1326365.        0.000000       -30670.47     -9.77710473953E+08  5.90396798491E+05 -1.65602265536E+03   4.37981105              438  0.20491    
       36200  -4.66403308         1325964.        0.000000       -30681.88     -9.77621618348E+08  5.90343138776E+05 -1.65602266569E+03   4.38039783              438  0.20643    
       36300  -4.66368348         1326062.        0.000000       -30702.82     -9.77561598144E+08  5.90306894500E+05 -1.65602266762E+03   4.37979808              437  0.20625    
       36400  -4.66410306         1326275.        0.000000       -30667.85     -9.77652662435E+08  5.90361885557E+05 -1.65602266399E+03   4.38007730              439  0.20841    
       36500  -4.66474567         1326661.        0.000000       -30725.46     -9.77750716673E+08  5.90421095995E+05 -1.65602266468E+03   4.37867702              437  0.20417    
       36600  -4.66604508         1326845.        0.000000       -30698.93     -9.78032207160E+08  5.90591074802E+05 -1.65602266761E+03   4.37965165              438  0.20657    
       36700  -4.66544973         1326255.        0.000000       -30673.64     -9.77895767471E+08  5.90508684194E+05 -1.65602266934E+03   4.38035623              438  0.20726    
       36800  -4.66417140         1326152.        0.000000       -30684.20     -9.77752352162E+08  5.90422085894E+05 -1.65602265823E+03   4.37984386              439  0.20538    
       36900  -4.66447233         1326352.        0.000000       -30691.33     -9.77794193465E+08  5.90447353019E+05 -1.65602265548E+03   4.37961208              438  0.20441    
       37000  -4.66584347         1326602.        0.000000       -30758.71     -9.77887441692E+08  5.90503662357E+05 -1.65602265325E+03   4.38019784              437  0.20777    
       37100  -4.66546638         1326436.        0.000000       -30721.40     -9.77819330964E+08  5.90462533406E+05 -1.65602265282E+03   4.38004580              439  0.20930    
       37200  -4.66496871         1326375.        0.000000       -30724.83     -9.77731918542E+08  5.90409748016E+05 -1.65602265516E+03   4.37996529              437  0.20478    
       37300  -4.66367640         1326044.        0.000000       -30735.88     -9.77617691173E+08  5.90340769886E+05 -1.65602265851E+03   4.37978419              439  0.20456    
       37400  -4.66411937         1326254.        0.000000       -30734.73     -9.77685827500E+08  5.90381913851E+05 -1.65602266019E+03   4.38022333              438  0.20696    
       37500  -4.66538444         1326685.        0.000000       -30654.31     -9.77831029470E+08  5.90469594277E+05 -1.65602266221E+03   4.37909769              438  0.20469    
       37600  -4.66722038         1327030.        0.000000       -30660.45     -9.78147152307E+08  5.90660489443E+05 -1.65602265564E+03   4.38017399              438  0.20713    
       37700  -4.66713413         1326688.        0.000000       -30695.72     -9.78100949070E+08  5.90632588865E+05 -1.65602265691E+03   4.38023635              439  0.21271    
       37800  -4.66584785         1326299.        0.000000       -30677.43     -9.77977387540E+08  5.90557974558E+05 -1.65602265937E+03   4.38054907              439  0.20413    
       37900  -4.66528817         1326460.        0.000000       -30684.19     -9.77975889443E+08  5.90557067879E+05 -1.65602266510E+03   4.37976197              439  0.21399    
       38000  -4.66554952         1326383.        0.000000       -30693.37     -9.77950138083E+08  5.90541515915E+05 -1.65602267026E+03   4.38029438              439  0.20649    
       38100  -4.66525857         1326523.        0.000000       -30703.87     -9.77973164360E+08  5.90555422813E+05 -1.65602266372E+03   4.37927312              438  0.20603    
       38200  -4.66519411         1326494.        0.000000       -30693.77     -9.77957882867E+08  5.90546196636E+05 -1.65602265909E+03   4.38032581              438  0.20526    
       38300  -4.66551843         1326713.        0.000000       -30716.45     -9.77931711921E+08  5.90530393915E+05 -1.65602265691E+03   4.37969494              438  0.20656    
       38400  -4.66674834         1326807.        0.000000       -30668.29     -9.78170334863E+08  5.90674485655E+05 -1.65602266327E+03   4.38028150              438  0.20858    
       38500  -4.66560484         1326202.        0.000000       -30647.24     -9.77902043362E+08  5.90512476785E+05 -1.65602266134E+03   4.38116988              439  0.20665    
       38600  -4.66380033         1326089.        0.000000       -30653.33     -9.77481522697E+08  5.90258545246E+05 -1.65602265409E+03   4.38020429              438  0.20609    
       38700  -4.66395220         1326484.        0.000000       -30647.06     -9.77425602261E+08  5.90224776662E+05 -1.65602265596E+03   4.37915499              438  0.20738    
       38800  -4.66564582         1326474.        0.000000       -30673.36     -9.77691743451E+08  5.90385487213E+05 -1.65602265745E+03   4.37974099              438  0.20533    
       38900  -4.66538362         1326298.        0.000000       -30637.42     -9.77696670123E+08  5.90388464336E+05 -1.65602265150E+03   4.38079204              439  0.20593    
       39000  -4.66434012         1326033.        0.000000       -30630.97     -9.77537047332E+08  5.90292071715E+05 -1.65602266094E+03   4.38073646              438  0.20870    
       39100  -4.66302417         1325640.        0.000000       -30661.10     -9.77262865029E+08  5.90126504302E+05 -1.65602266278E+03   4.38081499              438  0.20438    
       39200  -4.66331140         1326419.        0.000000       -30710.50     -9.77415283149E+08  5.90218542527E+05 -1.65602266402E+03   4.37798321              437  0.20760    
       39300  -4.66588104         1326986.        0.000000       -30732.79     -9.78062497074E+08  5.90609366456E+05 -1.65602266510E+03   4.37880137              438  0.20628    
       39400  -4.66731203         1327234.        0.000000       -30741.05     -9.78349576191E+08  5.90782722454E+05 -1.65602266113E+03   4.37917363              438  0.20506    
       39500  -4.66832047         1327371.        0.000000       -30719.09     -9.78574629868E+08  5.90918619196E+05 -1.65602267060E+03   4.37961427              439  0.20772    
       39600  -4.66782472         1326952.        0.000000       -30679.57     -9.78418006885E+08  5.90824042661E+05 -1.65602266705E+03   4.38052984              437  0.21003    
       39700  -4.66686407         1326962.        0.000000       -30708.55     -9.78251962465E+08  5.90723775448E+05 -1.65602266766E+03   4.37952982              437  0.20899    
       39800  -4.66653025         1326530.        0.000000       -30740.99     -9.78227860532E+08  5.90709223309E+05 -1.65602266214E+03   4.38039380              439  0.21019    
       39900  -4.66543286         1326175.        0.000000       -30688.13     -9.77951221478E+08  5.90542174561E+05 -1.65602265783E+03   4.38116258              439  0.20829    
       40000  -4.66417143         1326168.        0.000000       -30695.55     -9.77603850319E+08  5.90332408237E+05 -1.65602266906E+03   4.38045968              439  0.21153    
       40100  -4.66514754         1326808.        0.000000       -30764.93     -9.77681648339E+08  5.90379390219E+05 -1.65602266024E+03   4.37892655              439  0.20467    
       40200  -4.66608495         1326569.        0.000000       -30748.48     -9.77840651820E+08  5.90475406986E+05 -1.65602265607E+03   4.38049114              438  0.20698    
       40300  -4.66496414         1326275.        0.000000       -30699.24     -9.77617630717E+08  5.90340733083E+05 -1.65602265934E+03   4.37986127              439  0.20985    
       40400  -4.66413780         1325828.        0.000000       -30707.04     -9.77526467844E+08  5.90285685466E+05 -1.65602265464E+03   4.38054781              439  0.20375    
       40500  -4.66272597         1325667.        0.000000       -30742.37     -9.77336998804E+08  5.90171275772E+05 -1.65602264787E+03   4.38026522              437  0.20640    
       40600  -4.66288896         1326053.        0.000000       -30729.93     -9.77383235331E+08  5.90199193229E+05 -1.65602265565E+03   4.37936117              439  0.20699    
       40700  -4.66465552         1326662.        0.000000       -30694.79     -9.77737251532E+08  5.90412968396E+05 -1.65602265511E+03   4.37887814              439  0.20395    
       40800  -4.66642850         1327064.        0.000000       -30719.75     -9.78129348323E+08  5.90649737934E+05 -1.65602265692E+03   4.37895489              436  0.20588    
       40900  -4.66739828         1326927.        0.000000       -30734.22     -9.78262391272E+08  5.90730078494E+05 -1.65602265212E+03   4.38003019              438  0.20901    
       41000  -4.66662614         1326502.        0.000000       -30751.06     -9.78232256150E+08  5.90711880470E+05 -1.65602265418E+03   4.38071639              437  0.20467    
       41100  -4.66524246         1326338.        0.000000       -30743.85     -9.78041123062E+08  5.90596462305E+05 -1.65602265758E+03   4.37981660              439  0.21239    
       41200  -4.66494614         1326327.        0.000000       -30720.16     -9.78066194775E+08  5.90611600519E+05 -1.65602266179E+03   4.38036610              437  0.20673    
       41300  -4.66496423         1326247.        0.000000       -30691.76     -9.77940785407E+08  5.90535873065E+05 -1.65602265673E+03   4.38067877              438  0.20894    
       41400  -4.66392858         1325968.        0.000000       -30732.65     -9.77679703675E+08  5.90378219444E+05 -1.65602265036E+03   4.38027496              439  0.20419    
       41500  -4.66494761         1326595.        0.000000       -30685.32     -9.77849451405E+08  5.90480720961E+05 -1.65602265526E+03   4.37918041              437  0.20879    
       41600  -4.66632228         1326860.        0.000000       -30694.35     -9.78149279082E+08  5.90661772237E+05 -1.65602265977E+03   4.37975720              438  0.20429    
       41700  -4.66569872         1326510.        0.000000       -30687.36     -9.77895766760E+08  5.90508687811E+05 -1.65602265800E+03   4.38053220              437  0.20388    
       41800  -4.66524070         1326436.        0.000000       -30705.70     -9.77785636531E+08  5.90442183744E+05 -1.65602266141E+03   4.38011574              437  0.20709    
       41900  -4.66477610         1326052.        0.000000       -30703.54     -9.77721451118E+08  5.90403425899E+05 -1.65602265879E+03   4.38064632              438  0.20691    
       42000  -4.66436448         1326618.        0.000000       -30727.47     -9.77739002993E+08  5.90414024361E+05 -1.65602265978E+03   4.37932839              436  0.20419    
       42100  -4.66575463         1326914.        0.000000       -30699.47     -9.77861353955E+08  5.90487907355E+05 -1.65602265817E+03   4.37934476              439  0.20534    
       42200  -4.66608658         1326507.        0.000000       -30735.30     -9.77887600635E+08  5.90503756833E+05 -1.65602265747E+03   4.38046235              437  0.20567    
       42300  -4.66546820         1326487.        0.000000       -30740.09     -9.77628891325E+08  5.90347535393E+05 -1.65602265227E+03   4.38005879              438  0.20465    
       42400  -4.66518582         1326539.        0.000000       -30744.06     -9.77688736535E+08  5.90383669824E+05 -1.65602266206E+03   4.37869228              438  0.20887    
       42500  -4.66589648         1326780.        0.000000       -30731.89     -9.77876753190E+08  5.90497203579E+05 -1.65602266575E+03   4.37943040              438  0.20571    
       42600  -4.66582029         1326731.        0.000000       -30723.29     -9.77944076839E+08  5.90537859693E+05 -1.65602265932E+03   4.37921866              439  0.21014    
       42700  -4.66570927         1326467.        0.000000       -30708.01     -9.77927441313E+08  5.90527813557E+05 -1.65602266119E+03   4.38073912              438  0.20673    
       42800  -4.66560627         1326596.        0.000000       -30743.33     -9.77740225124E+08  5.90414759896E+05 -1.65602266667E+03   4.38051478              438  0.20509    
       42900  -4.66491319         1326186.        0.000000       -30744.04     -9.77509232617E+08  5.90275273340E+05 -1.65602266733E+03   4.38012452              436  0.20607    
       43000  -4.66465298         1326061.        0.000000       -30687.64     -9.77532416530E+08  5.90289276346E+05 -1.65602265822E+03   4.38071080              438  0.20430    
       43100  -4.66375074         1326040.        0.000000       -30691.03     -9.77333009805E+08  5.90168861833E+05 -1.65602266234E+03   4.38059354              438  0.20825    
       43200  -4.66409594         1326262.        0.000000       -30714.84     -9.77278570973E+08  5.90135989756E+05 -1.65602265908E+03   4.37960932              438  0.20716    
       43300  -4.66428551         1326200.        0.000000       -30696.03     -9.77308965628E+08  5.90154345323E+05 -1.65602265471E+03   4.38033306              436  0.20478    
       43400  -4.66405362         1326163.        0.000000       -30688.50     -9.77234084291E+08  5.90109127946E+05 -1.65602265413E+03   4.37954657              438  0.20729    
       43500  -4.66511034         1326282.        0.000000       -30715.52     -9.77489606996E+08  5.90263425035E+05 -1.65602265961E+03   4.38013814              438  0.20553    
       43600  -4.66537085         1326479.        0.000000       -30730.30     -9.77637674676E+08  5.90352838731E+05 -1.65602265381E+03   4.37975290              437  0.20690    
       43700  -4.66485253         1326136.        0.000000       -30719.77     -9.77552907486E+08  5.90301653277E+05 -1.65602264886E+03   4.38019560              438  0.20794    
       43800  -4.66406773         1326070.        0.000000       -30699.71     -9.77472580730E+08  5.90253147504E+05 -1.65602264869E+03   4.38025450              439  0.20750    
       43900  -4.66432499         1326463.        0.000000       -30665.51     -9.77502720728E+08  5.90271348257E+05 -1.65602264724E+03   4.37897022              437  0.20404    
       44000  -4.66587488         1326753.        0.000000       -30661.49     -9.77724077763E+08  5.90405012329E+05 -1.65602265791E+03   4.37986215              438  0.20489    
       44100  -4.66577995         1326666.        0.000000       -30642.09     -9.77730508669E+08  5.90408894068E+05 -1.65602266242E+03   4.37994416              438  0.20980    
       44200  -4.66594836         1326480.        0.000000       -30646.00     -9.77856711523E+08  5.90485100796E+05 -1.65602266713E+03   4.37957400              439  0.20745    
       44300  -4.66455279         1326076.        0.000000       -30644.43     -9.77680964920E+08  5.90378974901E+05 -1.65602266761E+03   4.38026962              438  0.20665    
       44400  -4.66356464         1325859.        0.000000       -30627.96     -9.77439995827E+08  5.90233466250E+05 -1.65602266174E+03   4.38066499              436  0.20699    
       44500  -4.66379117         1326305.        0.000000       -30631.06     -9.77465330564E+08  5.90248765235E+05 -1.65602266050E+03   4.37892808              439  0.20604    
       44600  -4.66592527         1326993.        0.000000       -30682.92     -9.77923806411E+08  5.90525619608E+05 -1.65602265836E+03   4.37877327              438  0.20923    
       44700  -4.66721571         1326542.        0.000000       -30703.64     -9.78134960692E+08  5.90653124442E+05 -1.65602266409E+03   4.38090074              439  0.20959    
       44800  -4.66582770         1326546.        0.000000       -30720.75     -9.77815649826E+08  5.90460306624E+05 -1.65602266377E+03   4.38030628              438  0.20538    
       44900  -4.66439977         1325869.        0.000000       -30716.39     -9.77670112887E+08  5.90372425117E+05 -1.65602265840E+03   4.38079382              439  0.20740    
       45000  -4.66352801         1325971.        0.000000       -30690.44     -9.77454494210E+08  5.90242224868E+05 -1.65602265143E+03   4.38060212              438  0.20911    
       45100  -4.66388307         1326292.        0.000000       -30710.50     -9.77559655611E+08  5.90305725134E+05 -1.65602265739E+03   4.37891798              437  0.20699    
       45200  -4.66504303         1326471.        0.000000       -30689.22     -9.77829296195E+08  5.90468547682E+05 -1.65602266206E+03   4.37980982              439  0.20416    
       45300  -4.66464751         1326265.        0.000000       -30680.94     -9.77661564049E+08  5.90367262510E+05 -1.65602265934E+03   4.38032890              438  0.20617    
       45400  -4.66424449         1326138.        0.000000       -30699.98     -9.77596245714E+08  5.90327818245E+05 -1.65602266317E+03   4.38001955              439  0.20735    
       45500  -4.66375375         1326112.        0.000000       -30680.06     -9.77448297997E+08  5.90238477999E+05 -1.65602266615E+03   4.38044236              439  0.20996    
       45600  -4.66377085         1326136.        0.000000       -30683.70     -9.77323358472E+08  5.90163033362E+05 -1.65602266361E+03   4.37967754              437  0.20507    
       45700  -4.66465834         1326441.        0.000000       -30701.04     -9.77584757128E+08  5.90320879667E+05 -1.65602266632E+03   4.37979749              439  0.20729    
       45800  -4.66487021         1326569.        0.000000       -30746.25     -9.77670243832E+08  5.90372504460E+05 -1.65602265764E+03   4.37958884              437  0.20772    
       45900  -4.66510032         1326394.        0.000000       -30735.85     -9.77602390335E+08  5.90331530679E+05 -1.65602265766E+03   4.38027221              439  0.20475    
       46000  -4.66452752         1326254.        0.000000       -30721.58     -9.77582998747E+08  5.90319825624E+05 -1.65602264453E+03   4.37997846              438  0.20581    
       46100  -4.66445461         1326206.        0.000000       -30716.48     -9.77595834324E+08  5.90327574876E+05 -1.65602264900E+03   4.37959503              437  0.20644    
       46200  -4.66441457         1326108.        0.000000       -30722.51     -9.77667170061E+08  5.90370651293E+05 -1.65602264936E+03   4.38035240              438  0.20805    
       46300  -4.66417249         1326303.        0.000000       -30703.77     -9.77541737281E+08  5.90294907266E+05 -1.65602265113E+03   4.37956948              439  0.20558    
       46400  -4.66461803         1326317.        0.000000       -30726.32     -9.77565498364E+08  5.90309253020E+05 -1.65602265823E+03   4.37985817              437  0.20662    
       46500  -4.66508262         1326603.        0.000000       -30750.52     -9.77731883985E+08  5.90409724397E+05 -1.65602266288E+03   4.37950132              438  0.20465    
       46600  -4.66525746         1326409.        0.000000       -30711.82     -9.77738096348E+08  5.90413476222E+05 -1.65602266162E+03   4.38034446              438  0.20585    
       46700  -4.66578911         1326622.        0.000000       -30697.77     -9.77762410126E+08  5.90428157581E+05 -1.65602266351E+03   4.37962970              438  0.20475    
       46800  -4.66554384         1326264.        0.000000       -30677.38     -9.77781668790E+08  5.90439784976E+05 -1.65602266932E+03   4.38028719              437  0.20721    
       46900  -4.66459249         1326233.        0.000000       -30701.74     -9.77628204303E+08  5.90347116041E+05 -1.65602266487E+03   4.38027342              437  0.20856    
       47000  -4.66435843         1326093.        0.000000       -30658.49     -9.77487472969E+08  5.90262134851E+05 -1.65602266392E+03   4.38067055              437  0.20929    
       47100  -4.66361143         1326014.        0.000000       -30673.61     -9.77277960045E+08  5.90135618241E+05 -1.65602266638E+03   4.37955778              437  0.20807    
       47200  -4.66454116         1326560.        0.000000       -30720.45     -9.77457108027E+08  5.90243796346E+05 -1.65602267076E+03   4.37877467              437  0.20474    
       47300  -4.66567833         1326630.        0.000000       -30756.90     -9.77721018950E+08  5.90403162000E+05 -1.65602266702E+03   4.37898023              437  0.21063    
       47400  -4.66555473         1326429.        0.000000       -30738.43     -9.77971203572E+08  5.90554239898E+05 -1.65602266058E+03   4.37982829              438  0.21034    
       47500  -4.66440226         1326119.        0.000000       -30740.73     -9.77907297279E+08  5.90515648608E+05 -1.65602266355E+03   4.38035125              437  0.20447    
       47600  -4.66538041         1326780.        0.000000       -30758.48     -9.78055739432E+08  5.90605285486E+05 -1.65602266601E+03   4.37901635              437  0.20951    
       47700  -4.66696792         1326951.        0.000000       -30740.08     -9.78284054382E+08  5.90743157013E+05 -1.65602266022E+03   4.37981686              437  0.21162    
       47800  -4.66676634         1326867.        0.000000       -30741.54     -9.78365005707E+08  5.90792038333E+05 -1.65602266487E+03   4.37948858              437  0.20478    
       47900  -4.66622548         1326621.        0.000000       -30740.25     -9.78322377064E+08  5.90766298811E+05 -1.65602265910E+03   4.38035897              438  0.20818    
       48000  -4.66485773         1326646.        0.000000       -30767.88     -9.78183929354E+08  5.90682699720E+05 -1.65602264942E+03   4.37890074              437  0.20715    
       48100  -4.66661214         1326855.        0.000000       -30768.68     -9.78488845957E+08  5.90866827193E+05 -1.65602264491E+03   4.38008340              438  0.20681    
       48200  -4.66629115         1326574.        0.000000       -30774.79     -9.78431128142E+08  5.90831970897E+05 -1.65602265337E+03   4.38039374              439  0.20582    
       48300  -4.66609045         1327049.        0.000000       -30789.14     -9.78331257714E+08  5.90771660600E+05 -1.65602266148E+03   4.37932706              439  0.20584    
       48400  -4.66579066         1326453.        0.000000       -30695.67     -9.78302029424E+08  5.90754009274E+05 -1.65602266606E+03   4.38070635              437  0.20556    
       48500  -4.66455318         1326268.        0.000000       -30699.07     -9.78042463671E+08  5.90597268299E+05 -1.65602266751E+03   4.38019681              439  0.20476    
       48600  -4.66392555         1326205.        0.000000       -30737.79     -9.77840187942E+08  5.90475120617E+05 -1.65602267360E+03   4.37975443              439  0.20682    
       48700  -4.66382796         1326078.        0.000000       -30770.00     -9.77780252401E+08  5.90438932298E+05 -1.65602266198E+03   4.38046479              439  0.20514    
       48800  -4.66334924         1325985.        0.000000       -30753.55     -9.77605892596E+08  5.90333646099E+05 -1.65602265610E+03   4.38000028              438  0.20433    
       48900  -4.66453928         1326169.        0.000000       -30691.69     -9.77685996301E+08  5.90382018326E+05 -1.65602265305E+03   4.37996963              438  0.20684    
       49000  -4.66343058         1325945.        0.000000       -30696.65     -9.77531196748E+08  5.90288541197E+05 -1.65602265422E+03   4.38049858              438  0.20620    
       49100  -4.66245725         1325700.        0.000000       -30687.86     -9.77295487117E+08  5.90146206672E+05 -1.65602265348E+03   4.38009235              439  0.20412    
       49200  -4.66337296         1326126.        0.000000       -30685.73     -9.77435423784E+08  5.90230706887E+05 -1.65602265755E+03   4.37938581              439  0.20800    
       49300  -4.66528273         1326580.        0.000000       -30724.88     -9.77870504567E+08  5.90493431471E+05 -1.65602266249E+03   4.37908747              439  0.20811    
       49400  -4.66573748         1326507.        0.000000       -30746.44     -9.77952511084E+08  5.90542948956E+05 -1.65602267001E+03   4.38034208              438  0.20470    
       49500  -4.66414154         1325737.        0.000000       -30703.18     -9.77590257580E+08  5.90324200833E+05 -1.65602266721E+03   4.38117914              439  0.20758    
       49600  -4.66333583         1326193.        0.000000       -30686.87     -9.77410773864E+08  5.90215817632E+05 -1.65602266945E+03   4.37980206              437  0.20947    
       49700  -4.66477437         1326266.        0.000000       -30682.12     -9.77602099835E+08  5.90331353256E+05 -1.65602266328E+03   4.37963858              437  0.21001    
       49800  -4.66474243         1326199.        0.000000       -30706.52     -9.77692640452E+08  5.90386025348E+05 -1.65602266733E+03   4.38055987              439  0.20522    
       49900  -4.66464329         1326160.        0.000000       -30707.37     -9.77553515509E+08  5.90302013620E+05 -1.65602266798E+03   4.38023436              439  0.20589    
       50000  -4.66384231         1326100.        0.000000       -30728.12     -9.77460491226E+08  5.90245841284E+05 -1.65602266523E+03   4.38010020              439  0.20623    
       50100  -4.66365933         1326147.        0.000000       -30702.67     -9.77433590968E+08  5.90229598099E+05 -1.65602266324E+03   4.37943843              437  0.20424    
       50200  -4.66405330         1326005.        0.000000       -30693.20     -9.77519307709E+08  5.90281357484E+05 -1.65602266668E+03   4.38063477              437  0.20848    
       50300  -4.66428427         1326438.        0.000000       -30720.97     -9.77580104767E+08  5.90318070375E+05 -1.65602266613E+03   4.37918331              438  0.20775    
       50400  -4.66424712         1326181.        0.000000       -30740.75     -9.77670895600E+08  5.90372897862E+05 -1.65602265812E+03   4.37986470              437  0.20413    
       50500  -4.66435341         1326290.        0.000000       -30733.37     -9.77599360486E+08  5.90329702197E+05 -1.65602265454E+03   4.37951521              439  0.20512    
       50600  -4.66541790         1326625.        0.000000       -30728.19     -9.77743927739E+08  5.90416998937E+05 -1.65602265771E+03   4.37957538              437  0.20592    
       50700  -4.66537984         1326344.        0.000000       -30721.65     -9.77687227783E+08  5.90382760739E+05 -1.65602265649E+03   4.38057027              438  0.20654    
       50800  -4.66459240         1326110.        0.000000       -30717.18     -9.77598270265E+08  5.90329041009E+05 -1.65602266254E+03   4.38071742              438  0.20610    
       50900  -4.66352761         1325844.        0.000000       -30702.91     -9.77479695087E+08  5.90257438430E+05 -1.65602266307E+03   4.38035897              439  0.20541    
       51000  -4.66289437         1325706.        0.000000       -30691.90     -9.77346125822E+08  5.90176782605E+05 -1.65602266072E+03   4.38009974              437  0.20423    
       51100  -4.66190678         1325584.        0.000000       -30700.58     -9.77118659575E+08  5.90039423363E+05 -1.65602266711E+03   4.38008112              438  0.20733    
       51200  -4.66242661         1325883.        0.000000       -30746.94     -9.77178692954E+08  5.90075673872E+05 -1.65602267001E+03   4.37941573              439  0.20817    
       51300  -4.66278710         1325587.        0.000000       -30735.42     -9.77182420313E+08  5.90077926816E+05 -1.65602266397E+03   4.38027574              438  0.20686    
       51400  -4.66317754         1325987.        0.000000       -30748.13     -9.77238013039E+08  5.90111500961E+05 -1.65602265241E+03   4.37996675              438  0.20564    
       51500  -4.66317686         1325965.        0.000000       -30730.44     -9.77272805210E+08  5.90132510994E+05 -1.65602265085E+03   4.37930229              437  0.20789    
       51600  -4.66406662         1326418.        0.000000       -30729.37     -9.77441902465E+08  5.90234616628E+05 -1.65602266443E+03   4.37912836              439  0.20782    
       51700  -4.66482517         1326221.        0.000000       -30690.54     -9.77625806114E+08  5.90345665606E+05 -1.65602267124E+03   4.38013495              438  0.20489    
       51800  -4.66485193         1326406.        0.000000       -30689.89     -9.77672983775E+08  5.90374154962E+05 -1.65602266894E+03   4.38008734              438  0.20485    
       51900  -4.66562478         1326608.        0.000000       -30698.41     -9.77764153068E+08  5.90429205632E+05 -1.65602267595E+03   4.37960443              439  0.20674    
       52000  -4.66506353         1326072.        0.000000       -30692.43     -9.77592050325E+08  5.90325282326E+05 -1.65602267020E+03   4.38080693              439  0.20528    
       52100  -4.66281401         1325511.        0.000000       -30664.49     -9.77171445612E+08  5.90071299729E+05 -1.65602266381E+03   4.38079021              438  0.20802    
       52200  -4.66213441         1325859.        0.000000       -30647.63     -9.77146553993E+08  5.90056271806E+05 -1.65602265527E+03   4.37880583              437  0.20727    
       52300  -4.66324996         1325991.        0.000000       -30704.12     -9.77542295303E+08  5.90295241643E+05 -1.65602265839E+03   4.37955263              438  0.20446    
       52400  -4.66441460         1326382.        0.000000       -30706.55     -9.77749249152E+08  5.90420212175E+05 -1.65602265808E+03   4.37986393              437  0.20713    
       52500  -4.66500107         1326449.        0.000000       -30709.75     -9.77857406439E+08  5.90485521222E+05 -1.65602266490E+03   4.37982173              439  0.20498    
       52600  -4.66491614         1326314.        0.000000       -30749.09     -9.77774086728E+08  5.90435209455E+05 -1.65602266103E+03   4.38020407              439  0.20429    
       52700  -4.66454551         1326209.        0.000000       -30746.54     -9.77567958951E+08  5.90310742347E+05 -1.65602264845E+03   4.38041433              436  0.20640    
       52800  -4.66496996         1326398.        0.000000       -30727.45     -9.77523065794E+08  5.90283630339E+05 -1.65602265682E+03   4.37949365              439  0.20828    
       52900  -4.66492080         1326397.        0.000000       -30714.20     -9.77613703085E+08  5.90338360832E+05 -1.65602266081E+03   4.37993123              438  0.20834    
       53000  -4.66444194         1326097.        0.000000       -30687.06     -9.77526455465E+08  5.90285674315E+05 -1.65602266496E+03   4.38048278              439  0.20584    
       53100  -4.66450165         1326061.        0.000000       -30696.84     -9.77478703111E+08  5.90256837989E+05 -1.65602266708E+03   4.38047720              438  0.20628    
       53200  -4.66365868         1326022.        0.000000       -30689.72     -9.77416984367E+08  5.90219565744E+05 -1.65602267545E+03   4.38014500              439  0.20860    
       53300  -4.66429827         1326248.        0.000000       -30666.33     -9.77453170218E+08  5.90241420866E+05 -1.65602266405E+03   4.37925716              436  0.21022    
       53400  -4.66446819         1326188.        0.000000       -30671.43     -9.77554157043E+08  5.90302402829E+05 -1.65602266289E+03   4.37954106              438  0.20762    
       53500  -4.66415482         1326240.        0.000000       -30695.36     -9.77450816665E+08  5.90239999916E+05 -1.65602266333E+03   4.37967877              438  0.20716    
       53600  -4.66345410         1326205.        0.000000       -30716.40     -9.77464737695E+08  5.90248407732E+05 -1.65602265909E+03   4.37927728              437  0.20818    
       53700  -4.66434505         1326244.        0.000000       -30708.05     -9.77666119599E+08  5.90370013316E+05 -1.65602265960E+03   4.37956404              437  0.20618    
       53800  -4.66518218         1326271.        0.000000       -30679.28     -9.77805167369E+08  5.90453976732E+05 -1.65602266375E+03   4.37979784              439  0.20819    
       53900  -4.66517960         1326574.        0.000000       -30680.78     -9.77765972418E+08  5.90430306858E+05 -1.65602266866E+03   4.38036389              438  0.20418    
       54000  -4.66469541         1326279.        0.000000       -30708.25     -9.77570042768E+08  5.90311993463E+05 -1.65602266868E+03   4.38023906              437  0.20830    
       54100  -4.66471580         1326285.        0.000000       -30711.44     -9.77558369587E+08  5.90304944080E+05 -1.65602266996E+03   4.38006137              439  0.20555    
       54200  -4.66482582         1326108.        0.000000       -30659.13     -9.77513782802E+08  5.90278020442E+05 -1.65602266889E+03   4.38038312              438  0.20841    
       54300  -4.66378152         1326010.        0.000000       -30636.66     -9.77400085101E+08  5.90209362678E+05 -1.65602267078E+03   4.37996472              439  0.20514    
       54400  -4.66395332         1326143.        0.000000       -30659.35     -9.77440385991E+08  5.90233698601E+05 -1.65602267086E+03   4.37955267              438  0.20926    
       54500  -4.66445426         1326369.        0.000000       -30676.49     -9.77551197322E+08  5.90300614030E+05 -1.65602266724E+03   4.37967553              436  0.20888    
       54600  -4.66472453         1326273.        0.000000       -30669.21     -9.77594820917E+08  5.90326958725E+05 -1.65602266078E+03   4.37984578              437  0.20490    
       54700  -4.66513150         1326590.        0.000000       -30696.14     -9.77757853297E+08  5.90425408141E+05 -1.65602265725E+03   4.37896172              438  0.20544    
       54800  -4.66576241         1326545.        0.000000       -30695.89     -9.77936999727E+08  5.90533586610E+05 -1.65602265799E+03   4.38029277              439  0.20429    
       54900  -4.66543946         1326277.        0.000000       -30684.84     -9.77541520024E+08  5.90294771302E+05 -1.65602266452E+03   4.38128331              438  0.20405    
       55000  -4.66416267         1326095.        0.000000       -30663.35     -9.77156780502E+08  5.90062443465E+05 -1.65602266561E+03   4.38038697              437  0.20500    
       55100  -4.66396811         1325834.        0.000000       -30633.34     -9.77188748692E+08  5.90081747743E+05 -1.65602266539E+03   4.37989542              438  0.20634    
       55200  -4.66375022         1326092.        0.000000       -30644.37     -9.77259707602E+08  5.90124592463E+05 -1.65602267739E+03   4.37958794              438  0.20439    
       55300  -4.66436262         1326600.        0.000000       -30690.85     -9.77367078063E+08  5.90189432440E+05 -1.65602266720E+03   4.37906180              437  0.20870    
       55400  -4.66559748         1326651.        0.000000       -30676.02     -9.77534104300E+08  5.90290297315E+05 -1.65602265317E+03   4.37948772              437  0.20685    
       55500  -4.66570573         1326484.        0.000000       -30673.12     -9.77645909457E+08  5.90357811649E+05 -1.65602265298E+03   4.38033697              439  0.20411    
       55600  -4.66467468         1326001.        0.000000       -30679.87     -9.77433601224E+08  5.90229607037E+05 -1.65602265554E+03   4.38044830              439  0.20805    
       55700  -4.66418738         1326351.        0.000000       -30735.25     -9.77378299654E+08  5.90196212729E+05 -1.65602265581E+03   4.37921092              439  0.20868    
       55800  -4.66538201         1326561.        0.000000       -30689.59     -9.77686329966E+08  5.90382220249E+05 -1.65602265182E+03   4.37954069              439  0.20801    
       55900  -4.66585013         1326586.        0.000000       -30683.69     -9.77717773523E+08  5.90401205905E+05 -1.65602265670E+03   4.38041224              438  0.20634    
       56000  -4.66562158         1326566.        0.000000       -30697.27     -9.77671381869E+08  5.90373190540E+05 -1.65602266081E+03   4.37936689              438  0.20668    
       56100  -4.66671030         1326845.        0.000000       -30723.32     -9.77983183999E+08  5.90561476091E+05 -1.65602265571E+03   4.37899755              438  0.20616    
       56200  -4.66661041         1326716.        0.000000       -30723.87     -9.78164477022E+08  5.90670951479E+05 -1.65602265453E+03   4.37989597              438  0.20443    
       56300  -4.66620698         1326685.        0.000000       -30725.35     -9.78123461338E+08  5.90646181852E+05 -1.65602266025E+03   4.38059191              438  0.20843    
       56400  -4.66564979         1326469.        0.000000       -30708.23     -9.77798345846E+08  5.90449860512E+05 -1.65602265533E+03   4.38051254              438  0.20638    
       56500  -4.66411062         1325856.        0.000000       -30661.96     -9.77420171853E+08  5.90221498752E+05 -1.65602265238E+03   4.38082061              439  0.20655    
       56600  -4.66407729         1326274.        0.000000       -30669.62     -9.77400825252E+08  5.90209816130E+05 -1.65602265252E+03   4.37966111              439  0.20681    
       56700  -4.66383329         1325763.        0.000000       -30647.04     -9.77348272093E+08  5.90178078863E+05 -1.65602266010E+03   4.38037327              438  0.20832    
       56800  -4.66292381         1325765.        0.000000       -30617.71     -9.77215232239E+08  5.90097741123E+05 -1.65602266224E+03   4.37992482              439  0.20455    
       56900  -4.66421196         1326347.        0.000000       -30640.72     -9.77492448379E+08  5.90265140159E+05 -1.65602266147E+03   4.37892473              438  0.20716    
       57000  -4.66524212         1326373.        0.000000       -30687.47     -9.77815326860E+08  5.90460114740E+05 -1.65602265496E+03   4.38001654              438  0.20658    
       57100  -4.66528062         1326426.        0.000000       -30670.42     -9.77707823014E+08  5.90395197494E+05 -1.65602265595E+03   4.38029525              438  0.20421    
       57200  -4.66613663         1326730.        0.000000       -30708.47     -9.77773902842E+08  5.90435099275E+05 -1.65602265862E+03   4.37949854              437  0.20986    
       57300  -4.66601353         1326751.        0.000000       -30717.74     -9.77804139860E+08  5.90453360117E+05 -1.65602265294E+03   4.38022816              437  0.20673    
       57400  -4.66540733         1326460.        0.000000       -30738.01     -9.77604409878E+08  5.90332751031E+05 -1.65602265531E+03   4.38004422              436  0.20605    
       57500  -4.66521387         1326730.        0.000000       -30719.73     -9.77657432809E+08  5.90364770228E+05 -1.65602265262E+03   4.37875845              439  0.20665    
       57600  -4.66531584         1326269.        0.000000       -30718.33     -9.77740238448E+08  5.90414771874E+05 -1.65602265564E+03   4.38041687              437  0.20834    
       57700  -4.66459054         1326359.        0.000000       -30720.02     -9.77557108364E+08  5.90304187321E+05 -1.65602265639E+03   4.37979229              438  0.20808    
       57800  -4.66525633         1326530.        0.000000       -30744.49     -9.77654698130E+08  5.90363116676E+05 -1.65602265879E+03   4.37965181              439  0.20426    
       57900  -4.66504523         1326034.        0.000000       -30692.90     -9.77595098762E+08  5.90327127699E+05 -1.65602265743E+03   4.38066133              439  0.20829    
       58000  -4.66356768         1326023.        0.000000       -30666.31     -9.77313894519E+08  5.90157321723E+05 -1.65602265454E+03   4.37994388              439  0.20576    
       58100  -4.66375570         1326012.        0.000000       -30719.91     -9.77425389482E+08  5.90224645925E+05 -1.65602266227E+03   4.37965981              439  0.20862    
       58200  -4.66390041         1326217.        0.000000       -30702.23     -9.77538405366E+08  5.90292888185E+05 -1.65602267100E+03   4.37954486              438  0.20568    
       58300  -4.66457426         1326484.        0.000000       -30720.53     -9.77848483260E+08  5.90480131381E+05 -1.65602266917E+03   4.37878727              438  0.20848    
       58400  -4.66553678         1326489.        0.000000       -30742.32     -9.78000213485E+08  5.90571759000E+05 -1.65602265699E+03   4.38065952              438  0.20428    
       58500  -4.66521762         1326484.        0.000000       -30729.53     -9.77764336435E+08  5.90429324506E+05 -1.65602265310E+03   4.37989661              437  0.20690    
       58600  -4.66538666         1326664.        0.000000       -30693.85     -9.77805750131E+08  5.90454332385E+05 -1.65602265324E+03   4.37977607              438  0.21007    
       58700  -4.66566007         1326563.        0.000000       -30713.36     -9.77773501086E+08  5.90434857339E+05 -1.65602265675E+03   4.37950589              436  0.20469    
       58800  -4.66509142         1326328.        0.000000       -30744.28     -9.77754329556E+08  5.90423280275E+05 -1.65602265734E+03   4.37981454              436  0.20530    
       58900  -4.66504943         1326270.        0.000000       -30737.20     -9.77756774752E+08  5.90424754456E+05 -1.65602266398E+03   4.38027534              438  0.20695    
       59000  -4.66496556         1326313.        0.000000       -30734.26     -9.77608876468E+08  5.90335448183E+05 -1.65602265538E+03   4.38026036              439  0.20807    
       59100  -4.66483583         1326480.        0.000000       -30665.73     -9.77474013369E+08  5.90254010288E+05 -1.65602265522E+03   4.37993086              435  0.20414    
       59200  -4.66486146         1326248.        0.000000       -30696.91     -9.77448399450E+08  5.90238541482E+05 -1.65602265992E+03   4.38055226              438  0.20964    
       59300  -4.66365858         1325920.        0.000000       -30676.05     -9.77195068542E+08  5.90085564940E+05 -1.65602266282E+03   4.38011505              437  0.20615    
       59400  -4.66342652         1325878.        0.000000       -30675.97     -9.77071730139E+08  5.90011084388E+05 -1.65602266804E+03   4.37984508              438  0.20899    
       59500  -4.66414485         1326249.        0.000000       -30684.75     -9.77385039348E+08  5.90200280545E+05 -1.65602266140E+03   4.37938260              438  0.20673    
       59600  -4.66433280         1326232.        0.000000       -30702.70     -9.77531487548E+08  5.90288715689E+05 -1.65602265733E+03   4.38008716              436  0.20695    
       59700  -4.66428958         1326179.        0.000000       -30736.44     -9.77536389403E+08  5.90291672347E+05 -1.65602266675E+03   4.37961121              439  0.20835    
       59800  -4.66419959         1326070.        0.000000       -30718.46     -9.77575163732E+08  5.90315086351E+05 -1.65602266711E+03   4.38035954              439  0.20708    
       59900  -4.66417018         1326156.        0.000000       -30664.26     -9.77545083491E+08  5.90296925521E+05 -1.65602265780E+03   4.38013532              438  0.20784    
       60000  -4.66429231         1326386.        0.000000       -30689.75     -9.77417179798E+08  5.90219688868E+05 -1.65602266111E+03   4.37935554              436  0.20812    
       60100  -4.66555410         1326711.        0.000000       -30667.62     -9.77646257844E+08  5.90358018891E+05 -1.65602266177E+03   4.37971395              438  0.20901    
       60200  -4.66577728         1326522.        0.000000       -30665.29     -9.77702000059E+08  5.90391678106E+05 -1.65602266481E+03   4.37980763              437  0.20545    
       60300  -4.66526919         1326246.        0.000000       -30618.19     -9.77587795720E+08  5.90322715097E+05 -1.65602266476E+03   4.38073518              438  0.20807    
       60400  -4.66516977         1326655.        0.000000       -30669.72     -9.77575869165E+08  5.90315514937E+05 -1.65602265980E+03   4.37931858              437  0.20461    
       60500  -4.66565596         1326480.        0.000000       -30685.58     -9.77666113707E+08  5.90370007780E+05 -1.65602266515E+03   4.37938620              438  0.21085    
       60600  -4.66625738         1326655.        0.000000       -30704.59     -9.77787217016E+08  5.90443137543E+05 -1.65602266305E+03   4.38081127              439  0.21005    
       60700  -4.66502080         1326081.        0.000000       -30679.87     -9.77501717285E+08  5.90270737892E+05 -1.65602265966E+03   4.38049414              438  0.20468    
       60800  -4.66333629         1325819.        0.000000       -30685.22     -9.77214833889E+08  5.90097502053E+05 -1.65602265810E+03   4.38013584              438  0.20810    
       60900  -4.66393143         1326327.        0.000000       -30686.34     -9.77319367844E+08  5.90160627414E+05 -1.65602265289E+03   4.37932907              439  0.20772    
       61000  -4.66404025         1326069.        0.000000       -30665.59     -9.77348163273E+08  5.90178012786E+05 -1.65602266113E+03   4.37970456              438  0.20404    
       61100  -4.66427278         1326026.        0.000000       -30684.53     -9.77488792202E+08  5.90262930260E+05 -1.65602266734E+03   4.37973225              437  0.20622    
       61200  -4.66425658         1326130.        0.000000       -30685.13     -9.77686442806E+08  5.90382282853E+05 -1.65602266735E+03   4.37995558              438  0.20951    
       61300  -4.66511578         1326526.        0.000000       -30707.82     -9.77909424840E+08  5.90516932553E+05 -1.65602266579E+03   4.37941676              439  0.20418    
       61400  -4.66476698         1325971.        0.000000       -30751.39     -9.77883416636E+08  5.90501227019E+05 -1.65602266666E+03   4.38115435              438  0.20656    
       61500  -4.66407913         1326173.        0.000000       -30763.11     -9.77733527705E+08  5.90410715315E+05 -1.65602266752E+03   4.37963300              437  0.20942    
       61600  -4.66494041         1326657.        0.000000       -30755.17     -9.77855915675E+08  5.90484620689E+05 -1.65602266581E+03   4.37908548              435  0.20800    
       61700  -4.66581030         1326721.        0.000000       -30743.07     -9.77995933006E+08  5.90569172124E+05 -1.65602266283E+03   4.37992420              437  0.20432    
       61800  -4.66657086         1326792.        0.000000       -30746.69     -9.78035346473E+08  5.90592974465E+05 -1.65602265648E+03   4.37945276              436  0.21035    
       61900  -4.66695128         1326491.        0.000000       -30746.54     -9.78161997972E+08  5.90669454388E+05 -1.65602265481E+03   4.38080117              438  0.20459    
       62000  -4.66490189         1326054.        0.000000       -30739.99     -9.77804682116E+08  5.90453686640E+05 -1.65602265553E+03   4.38092811              437  0.21175    
       62100  -4.66345199         1326008.        0.000000       -30719.50     -9.77635609670E+08  5.90351591679E+05 -1.65602265404E+03   4.37993163              437  0.20778    
       62200  -4.66443226         1326500.        0.000000       -30735.62     -9.77776178890E+08  5.90436474701E+05 -1.65602265576E+03   4.37912340              438  0.20460    
       62300  -4.66575982         1326709.        0.000000       -30719.31     -9.78108395494E+08  5.90637084615E+05 -1.65602265921E+03   4.37927923              437  0.20430    
       62400  -4.66611761         1326372.        0.000000       -30740.76     -9.78112190078E+08  5.90639377510E+05 -1.65602265498E+03   4.38050903              437  0.20929    
       62500  -4.66483176         1326242.        0.000000       -30731.35     -9.77845213551E+08  5.90478161831E+05 -1.65602265547E+03   4.38076187              437  0.21187    
       62600  -4.66434047         1326186.        0.000000       -30721.33     -9.77518170580E+08  5.90280675751E+05 -1.65602265284E+03   4.38012863              439  0.20523    
       62700  -4.66404680         1326069.        0.000000       -30716.77     -9.77390205131E+08  5.90203401918E+05 -1.65602265584E+03   4.38031350              438  0.20762    
       62800  -4.66306121         1325696.        0.000000       -30702.37     -9.77219573873E+08  5.90100364190E+05 -1.65602265847E+03   4.38036956              437  0.20882    
       62900  -4.66334511         1326033.        0.000000       -30704.94     -9.77366275661E+08  5.90188952552E+05 -1.65602265416E+03   4.37931457              439  0.20819    
       63000  -4.66420063         1326389.        0.000000       -30727.69     -9.77566691313E+08  5.90309975252E+05 -1.65602265301E+03   4.37887334              439  0.20411    
       63100  -4.66464416         1326296.        0.000000       -30684.34     -9.77735238726E+08  5.90411752244E+05 -1.65602265709E+03   4.38000530              436  0.21028    
       63200  -4.66454764         1326439.        0.000000       -30740.22     -9.77721287383E+08  5.90403325702E+05 -1.65602266251E+03   4.37952844              438  0.20570    
       63300  -4.66625183         1327174.        0.000000       -30743.43     -9.78009182961E+08  5.90577172835E+05 -1.65602266384E+03   4.37869218              438  0.20600    
       63400  -4.66642975         1326625.        0.000000       -30699.48     -9.78017091323E+08  5.90581952467E+05 -1.65602265230E+03   4.38058883              439  0.20697    
       63500  -4.66499714         1326332.        0.000000       -30700.00     -9.77665044290E+08  5.90369365687E+05 -1.65602265482E+03   4.38047882              438  0.20711    
       63600  -4.66498479         1326460.        0.000000       -30663.64     -9.77594346756E+08  5.90326671476E+05 -1.65602266337E+03   4.37970563              438  0.20460    
       63700  -4.66495032         1326429.        0.000000       -30654.09     -9.77661610911E+08  5.90367290057E+05 -1.65602266145E+03   4.37995488              438  0.20851    
       63800  -4.66455867         1326074.        0.000000       -30672.47     -9.77579081311E+08  5.90317453156E+05 -1.65602266388E+03   4.37982082              438  0.21205    
       63900  -4.66487916         1326473.        0.000000       -30707.31     -9.77713748713E+08  5.90398774848E+05 -1.65602265852E+03   4.37950073              439  0.20388    
       64000  -4.66562408         1326722.        0.000000       -30730.88     -9.77814609767E+08  5.90459680127E+05 -1.65602265942E+03   4.37942425              438  0.21574    
       64100  -4.66678256         1327049.        0.000000       -30714.98     -9.77964708284E+08  5.90550320803E+05 -1.65602265181E+03   4.37952494              439  0.20709    
       64200  -4.66623913         1326418.        0.000000       -30713.54     -9.77815123327E+08  5.90459994315E+05 -1.65602264800E+03   4.38058841              439  0.21345    
       64300  -4.66434137         1326104.        0.000000       -30690.69     -9.77414872762E+08  5.90218299477E+05 -1.65602265065E+03   4.38017968              439  0.20389    
       64400  -4.66494512         1326506.        0.000000       -30691.17     -9.77533114754E+08  5.90289697080E+05 -1.65602266072E+03   4.37924097              436  0.20674    
       64500  -4.66603863         1326976.        0.000000       -30621.00     -9.77649329633E+08  5.90359870032E+05 -1.65602267237E+03   4.37945483              438  0.20499    
       64600  -4.66677811         1326627.        0.000000       -30628.43     -9.77696559218E+08  5.90388391083E+05 -1.65602266912E+03   4.38056975              438  0.20408    
       64700  -4.66502938         1326325.        0.000000       -30662.61     -9.77440744869E+08  5.90233921149E+05 -1.65602265449E+03   4.38000393              438  0.20723    
       64800  -4.66476797         1326282.        0.000000       -30690.66     -9.77601911198E+08  5.90331239601E+05 -1.65602266256E+03   4.37936230              439  0.20626    
       64900  -4.66477140         1326197.        0.000000       -30686.88     -9.77769188952E+08  5.90432247872E+05 -1.65602267233E+03   4.38014636              437  0.20427    
       65000  -4.66398754         1326190.        0.000000       -30691.88     -9.77649469686E+08  5.90359956109E+05 -1.65602266815E+03   4.37961615              437  0.20515    
       65100  -4.66522331         1326598.        0.000000       -30688.68     -9.77835139325E+08  5.90472076216E+05 -1.65602266172E+03   4.37953714              439  0.20538    
       65200  -4.66606271         1326837.        0.000000       -30673.06     -9.77952480467E+08  5.90542933972E+05 -1.65602266018E+03   4.37966521              438  0.20392    
       65300  -4.66568250         1326355.        0.000000       -30651.67     -9.77807925348E+08  5.90455644741E+05 -1.65602265650E+03   4.38050447              437  0.20873    
       65400  -4.66415042         1326018.        0.000000       -30598.46     -9.77570014038E+08  5.90311979152E+05 -1.65602266016E+03   4.38013127              437  0.20634    
       65500  -4.66446653         1326296.        0.000000       -30683.41     -9.77777502792E+08  5.90437273130E+05 -1.65602265861E+03   4.37919608              438  0.20900    
       65600  -4.66473474         1326351.        0.000000       -30677.59     -9.77832210386E+08  5.90470310989E+05 -1.65602265209E+03   4.37960522              438  0.20459    
       65700  -4.66446869         1325882.        0.000000       -30683.19     -9.77650032473E+08  5.90360300956E+05 -1.65602265411E+03   4.38152369              438  0.20664    
       65800  -4.66286566         1325564.        0.000000       -30681.58     -9.77365327009E+08  5.90188377984E+05 -1.65602265898E+03   4.38065234              438  0.21165    
       65900  -4.66317372         1326072.        0.000000       -30658.84     -9.77306798012E+08  5.90153033512E+05 -1.65602266279E+03   4.37936604              438  0.20417    
       66000  -4.66425683         1326241.        0.000000       -30661.81     -9.77507417020E+08  5.90274181804E+05 -1.65602265380E+03   4.37981930              439  0.20743    
       66100  -4.66549673         1326471.        0.000000       -30662.84     -9.77772688773E+08  5.90434368151E+05 -1.65602265301E+03   4.37953671              439  0.20754    
       66200  -4.66649561         1326873.        0.000000       -30684.60     -9.77956411943E+08  5.90545307516E+05 -1.65602266159E+03   4.38002749              439  0.20456    
       66300  -4.66554562         1326174.        0.000000       -30669.48     -9.77722221969E+08  5.90403890882E+05 -1.65602266020E+03   4.38080489              438  0.20768    
       66400  -4.66336154         1325804.        0.000000       -30628.57     -9.77334985160E+08  5.90170055222E+05 -1.65602266078E+03   4.38075000              437  0.20567    
       66500  -4.66322079         1325949.        0.000000       -30637.99     -9.77274291374E+08  5.90133405763E+05 -1.65602265832E+03   4.37964104              438  0.20432    
       66600  -4.66350935         1325964.        0.000000       -30641.71     -9.77380473075E+08  5.90197522572E+05 -1.65602266308E+03   4.37990249              439  0.20436    
       66700  -4.66447567         1326608.        0.000000       -30602.87     -9.77502196528E+08  5.90271028063E+05 -1.65602265748E+03   4.37877995              437  0.20615    
       66800  -4.66515176         1326405.        0.000000       -30605.52     -9.77670982706E+08  5.90372951434E+05 -1.65602265539E+03   4.37994393              436  0.20407    
       66900  -4.66545265         1326601.        0.000000       -30685.35     -9.77722109114E+08  5.90403825989E+05 -1.65602265107E+03   4.37982602              438  0.20705    
       67000  -4.66528355         1326330.        0.000000       -30690.91     -9.77615737136E+08  5.90339593492E+05 -1.65602264851E+03   4.38039898              439  0.20623    
       67100  -4.66395912         1326134.        0.000000       -30709.88     -9.77203572072E+08  5.90090704076E+05 -1.65602265096E+03   4.37999634              439  0.20464    
       67200  -4.66436702         1326262.        0.000000       -30657.01     -9.77288778001E+08  5.90142154932E+05 -1.65602265460E+03   4.37957589              437  0.20404    
       67300  -4.66497642         1326628.        0.000000       -30694.95     -9.77498463375E+08  5.90268772717E+05 -1.65602266045E+03   4.37886698              438  0.20524    
       67400  -4.66638094         1326795.        0.000000       -30749.72     -9.77822408812E+08  5.90464392232E+05 -1.65602265213E+03   4.37954137              438  0.20546    
       67500  -4.66650302         1326888.        0.000000       -30762.43     -9.77943064608E+08  5.90537247895E+05 -1.65602266088E+03   4.37955677              439  0.20701    
       67600  -4.66591126         1326479.        0.000000       -30750.26     -9.77818636082E+08  5.90462110442E+05 -1.65602266223E+03   4.38074572              437  0.20597    
       67700  -4.66521557         1326469.        0.000000       -30780.99     -9.77690860097E+08  5.90384950533E+05 -1.65602266659E+03   4.37947016              437  0.20437    
       67800  -4.66508604         1326598.        0.000000       -30759.31     -9.77718973605E+08  5.90401929904E+05 -1.65602265861E+03   4.37974644              439  0.20601    
       67900  -4.66614829         1326646.        0.000000       -30738.73     -9.77833531003E+08  5.90471109288E+05 -1.65602264975E+03   4.38014104              438  0.20608    
       68000  -4.66560251         1326307.        0.000000       -30739.62     -9.77656844967E+08  5.90364413737E+05 -1.65602265688E+03   4.38073235              437  0.21193    
       68100  -4.66511654         1326608.        0.000000       -30718.52     -9.77651294310E+08  5.90361062018E+05 -1.65602265666E+03   4.37939146              439  0.20429    
       68200  -4.66513642         1326293.        0.000000       -30685.65     -9.77687121474E+08  5.90382696250E+05 -1.65602265731E+03   4.38064433              438  0.20793    
       68300  -4.66376058         1325811.        0.000000       -30664.18     -9.77507744023E+08  5.90274378169E+05 -1.65602265688E+03   4.38076205              438  0.20461    
       68400  -4.66211506         1325494.        0.000000       -30713.27     -9.77144340488E+08  5.90054935652E+05 -1.65602265390E+03   4.38079257              439  0.20846    
       68500  -4.66159349         1325455.        0.000000       -30703.94     -9.76991727975E+08  5.89962780251E+05 -1.65602265207E+03   4.37978604              438  0.20511    
       68600  -4.66258170         1325969.        0.000000       -30696.59     -9.77196302722E+08  5.90086312794E+05 -1.65602265556E+03   4.37882179              438  0.20748    
       68700  -4.66443013         1326224.        0.000000       -30698.97     -9.77589773083E+08  5.90323911308E+05 -1.65602265867E+03   4.38007113              439  0.20470    
       68800  -4.66480534         1326721.        0.000000       -30690.82     -9.77607275547E+08  5.90334482754E+05 -1.65602265175E+03   4.37891312              437  0.20679    
       68900  -4.66702870         1327270.        0.000000       -30704.92     -9.78025102892E+08  5.90586791574E+05 -1.65602264874E+03   4.37918755              437  0.20479    
       69000  -4.66759219         1326914.        0.000000       -30737.20     -9.78240439698E+08  5.90716821878E+05 -1.65602265496E+03   4.37969962              438  0.20775    
       69100  -4.66611399         1326808.        0.000000       -30733.50     -9.78095256936E+08  5.90629152705E+05 -1.65602265391E+03   4.37980668              439  0.20582    
       69200  -4.66516325         1326315.        0.000000       -30686.02     -9.77875270123E+08  5.90496312548E+05 -1.65602265305E+03   4.38075021              437  0.20604    
       69300  -4.66434613         1326325.        0.000000       -30694.22     -9.77504161245E+08  5.90272214116E+05 -1.65602265848E+03   4.37984690              438  0.20632    
       69400  -4.66548715         1326629.        0.000000       -30707.96     -9.77787100545E+08  5.90443066580E+05 -1.65602266482E+03   4.37931909              438  0.20878    
       69500  -4.66535722         1326446.        0.000000       -30711.35     -9.77882944538E+08  5.90500943503E+05 -1.65602266228E+03   4.37969027              437  0.20462    
       69600  -4.66530339         1326589.        0.000000       -30740.29     -9.77945600281E+08  5.90538780512E+05 -1.65602265686E+03   4.37994164              437  0.20879    
       69700  -4.66547428         1326486.        0.000000       -30703.65     -9.77819886474E+08  5.90462865553E+05 -1.65602266208E+03   4.38021689              438  0.20782    
       69800  -4.66513333         1326415.        0.000000       -30717.58     -9.77650823423E+08  5.90360777341E+05 -1.65602265758E+03   4.37957464              438  0.20636    
       69900  -4.66523107         1326508.        0.000000       -30683.65     -9.77676014837E+08  5.90375988969E+05 -1.65602265862E+03   4.37955503              438  0.21121    
       70000  -4.66497991         1326399.        0.000000       -30699.88     -9.77639597900E+08  5.90353999091E+05 -1.65602265659E+03   4.37984562              439  0.20418    
       70100  -4.66519866         1326433.        0.000000       -30666.56     -9.77586221338E+08  5.90321765515E+05 -1.65602266162E+03   4.38031455              436  0.20561    
       70200  -4.66409629         1325930.        0.000000       -30642.29     -9.77378092853E+08  5.90196085534E+05 -1.65602266231E+03   4.38003156              438  0.20612    
       70300  -4.66422678         1326298.        0.000000       -30670.65     -9.77598012356E+08  5.90328885758E+05 -1.65602266117E+03   4.37937235              439  0.20568    
       70400  -4.66489800         1326383.        0.000000       -30687.61     -9.77730941115E+08  5.90409155124E+05 -1.65602266264E+03   4.37995771              439  0.20697    
       70500  -4.66533915         1326392.        0.000000       -30705.16     -9.77762852244E+08  5.90428422572E+05 -1.65602266907E+03   4.37992267              438  0.20517    
       70600  -4.66508339         1326315.        0.000000       -30700.66     -9.77770463253E+08  5.90433019977E+05 -1.65602266501E+03   4.37968947              437  0.20763    
       70700  -4.66532347         1326644.        0.000000       -30696.48     -9.77921997564E+08  5.90524524938E+05 -1.65602266505E+03   4.37968671              439  0.20408    
       70800  -4.66546981         1326575.        0.000000       -30757.35     -9.77916189042E+08  5.90521017531E+05 -1.65602266475E+03   4.37958519              439  0.21106    
       70900  -4.66567089         1326389.        0.000000       -30742.93     -9.77994862178E+08  5.90568528513E+05 -1.65602265437E+03   4.38039489              439  0.20536    
       71000  -4.66552220         1326515.        0.000000       -30740.84     -9.77896829938E+08  5.90509332116E+05 -1.65602265156E+03   4.38000414              438  0.20408    
       71100  -4.66552616         1326540.        0.000000       -30709.22     -9.77860556729E+08  5.90487429057E+05 -1.65602264944E+03   4.37974925              439  0.20571    
       71200  -4.66557832         1326481.        0.000000       -30733.73     -9.77872587649E+08  5.90494692434E+05 -1.65602265385E+03   4.38006167              438  0.20538    
       71300  -4.66632612         1326939.        0.000000       -30740.88     -9.77924754575E+08  5.90526190958E+05 -1.65602266174E+03   4.37980645              439  0.20506    
       71400  -4.66751041         1327221.        0.000000       -30754.36     -9.78074082817E+08  5.90616365346E+05 -1.65602265735E+03   4.37924809              438  0.20682    
       71500  -4.66745884         1326735.        0.000000       -30717.21     -9.78111604494E+08  5.90639023288E+05 -1.65602265670E+03   4.38040729              438  0.20574    
       71600  -4.66587272         1326462.        0.000000       -30654.64     -9.77850588652E+08  5.90481408535E+05 -1.65602265290E+03   4.38041521              437  0.20485    
       71700  -4.66511993         1326494.        0.000000       -30652.38     -9.77747404017E+08  5.90419099123E+05 -1.65602265487E+03   4.38013190              438  0.20738    
       71800  -4.66428618         1326265.        0.000000       -30618.06     -9.77521346797E+08  5.90282593302E+05 -1.65602265405E+03   4.38030412              437  0.20566    
       71900  -4.66482253         1326262.        0.000000       -30608.22     -9.77456882098E+08  5.90243663200E+05 -1.65602266155E+03   4.38032642              437  0.20899    
       72000  -4.66406740         1326198.        0.000000       -30636.07     -9.77336951320E+08  5.90171239464E+05 -1.65602266930E+03   4.37961231              437  0.20398    
       72100  -4.66378885         1325865.        0.000000       -30640.50     -9.77366122351E+08  5.90188855437E+05 -1.65602266689E+03   4.38090431              438  0.20439    
       72200  -4.66366793         1326147.        0.000000       -30691.74     -9.77184086883E+08  5.90078932476E+05 -1.65602266596E+03   4.38033694              439  0.20841    
       72300  -4.66383046         1325896.        0.000000       -30661.81     -9.77052039495E+08  5.89999200346E+05 -1.65602265041E+03   4.38062612              437  0.20743    
       72400  -4.66344997         1325688.        0.000000       -30695.62     -9.77068523359E+08  5.90009149807E+05 -1.65602266283E+03   4.38035553              439  0.20609    
       72500  -4.66252275         1325570.        0.000000       -30704.79     -9.77061010058E+08  5.90004615168E+05 -1.65602265633E+03   4.37996676              437  0.20456    
       72600  -4.66230515         1325708.        0.000000       -30690.11     -9.77061081818E+08  5.90004659793E+05 -1.65602265270E+03   4.37970525              439  0.20379    
       72700  -4.66419767         1326380.        0.000000       -30700.19     -9.77499241046E+08  5.90269242917E+05 -1.65602265877E+03   4.37914619              438  0.21144    
       72800  -4.66467341         1326453.        0.000000       -30751.43     -9.77694917335E+08  5.90387403742E+05 -1.65602265756E+03   4.37929355              436  0.20810    
       72900  -4.66488901         1326418.        0.000000       -30731.09     -9.77790623395E+08  5.90445195997E+05 -1.65602265888E+03   4.38004426              439  0.20806    
       73000  -4.66521288         1326509.        0.000000       -30729.53     -9.77834303051E+08  5.90471572266E+05 -1.65602265880E+03   4.37970088              439  0.20480    
       73100  -4.66538694         1326763.        0.000000       -30741.02     -9.77822731072E+08  5.90464584671E+05 -1.65602265819E+03   4.37963395              439  0.20399    
       73200  -4.66621962         1326553.        0.000000       -30730.07     -9.77871693665E+08  5.90494155752E+05 -1.65602264500E+03   4.38034836              438  0.20426    
       73300  -4.66517533         1326349.        0.000000       -30730.30     -9.77708747671E+08  5.90395760557E+05 -1.65602264276E+03   4.38028263              437  0.21046    
       73400  -4.66474742         1326170.        0.000000       -30712.77     -9.77623035958E+08  5.90344003271E+05 -1.65602264195E+03   4.38026022              436  0.20639    
       73500  -4.66502173         1326482.        0.000000       -30726.33     -9.77730759681E+08  5.90409049094E+05 -1.65602265274E+03   4.37931399              437  0.20479    
       73600  -4.66621467         1326644.        0.000000       -30696.20     -9.78001183446E+08  5.90572343652E+05 -1.65602265998E+03   4.37969065              436  0.20462    
       73700  -4.66554662         1326341.        0.000000       -30705.67     -9.77967268185E+08  5.90551862567E+05 -1.65602266316E+03   4.38068730              438  0.20739    
       73800  -4.66420127         1325955.        0.000000       -30729.66     -9.77625521580E+08  5.90345494787E+05 -1.65602266844E+03   4.38074239              437  0.20933    
       73900  -4.66338363         1325840.        0.000000       -30748.40     -9.77479976168E+08  5.90257605659E+05 -1.65602267010E+03   4.38004926              439  0.20379    
       74000  -4.66238251         1325354.        0.000000       -30734.97     -9.77294147413E+08  5.90145393114E+05 -1.65602266631E+03   4.38114464              438  0.20382    
       74100  -4.66250339         1326024.        0.000000       -30757.39     -9.77328859453E+08  5.90166354569E+05 -1.65602266528E+03   4.37929956              438  0.20792    
       74200  -4.66382764         1326146.        0.000000       -30729.64     -9.77542417463E+08  5.90295312463E+05 -1.65602266666E+03   4.37950239              436  0.20453    
       74300  -4.66422936         1326348.        0.000000       -30730.36     -9.77637782541E+08  5.90352899375E+05 -1.65602266640E+03   4.37897279              439  0.20563    
       74400  -4.66623245         1326854.        0.000000       -30766.11     -9.78057624842E+08  5.90606423524E+05 -1.65602266736E+03   4.37909109              437  0.20721    
       74500  -4.66794051         1327327.        0.000000       -30745.83     -9.78459617165E+08  5.90849170150E+05 -1.65602266466E+03   4.38000282              438  0.20480    
       74600  -4.66804941         1327156.        0.000000       -30754.00     -9.78445991314E+08  5.90840942616E+05 -1.65602266319E+03   4.37996616              437  0.20635    
       74700  -4.66681316         1326609.        0.000000       -30723.03     -9.78206466533E+08  5.90696306470E+05 -1.65602265634E+03   4.38148832              439  0.20708    
       74800  -4.66442691         1326201.        0.000000       -30685.82     -9.77450758933E+08  5.90239970140E+05 -1.65602264906E+03   4.38013852              438  0.20644    
       74900  -4.66372012         1325897.        0.000000       -30739.44     -9.77308251832E+08  5.90153916062E+05 -1.65602264974E+03   4.38019522              439  0.20889    
       75000  -4.66242489         1325569.        0.000000       -30697.38     -9.77130340851E+08  5.90046483198E+05 -1.65602265021E+03   4.38049916              439  0.20688    
       75100  -4.66329736         1326032.        0.000000       -30703.69     -9.77275155171E+08  5.90133930774E+05 -1.65602264877E+03   4.37957012              438  0.20778    
       75200  -4.66407922         1326419.        0.000000       -30718.56     -9.77537838211E+08  5.90292552436E+05 -1.65602265212E+03   4.37917977              436  0.20360    
       75300  -4.66562232         1326649.        0.000000       -30724.96     -9.77829758733E+08  5.90468830936E+05 -1.65602265099E+03   4.37913334              439  0.20459    
       75400  -4.66609999         1326669.        0.000000       -30729.74     -9.78056042329E+08  5.90605474621E+05 -1.65602264855E+03   4.37982662              437  0.21027    
       75500  -4.66674309         1326537.        0.000000       -30737.22     -9.78192217484E+08  5.90687702198E+05 -1.65602265604E+03   4.38019122              438  0.20431    
       75600  -4.66657892         1326861.        0.000000       -30731.08     -9.78216459846E+08  5.90702340334E+05 -1.65602265820E+03   4.37987725              437  0.20504    
       75700  -4.66625191         1326575.        0.000000       -30761.57     -9.78091239384E+08  5.90626728563E+05 -1.65602264862E+03   4.38008836              437  0.20608    
       75800  -4.66437949         1325843.        0.000000       -30751.86     -9.77775017964E+08  5.90435776312E+05 -1.65602264834E+03   4.38169078              439  0.20476    
       75900  -4.66352537         1326125.        0.000000       -30736.40     -9.77569573756E+08  5.90311719217E+05 -1.65602264352E+03   4.37970514              439  0.20558    
       76000  -4.66515528         1326572.        0.000000       -30739.54     -9.77641208532E+08  5.90354976261E+05 -1.65602264374E+03   4.37994521              438  0.20668    
       76100  -4.66453930         1326184.        0.000000       -30691.77     -9.77462954839E+08  5.90247333936E+05 -1.65602265125E+03   4.38004801              438  0.20464    
       76200  -4.66436720         1325982.        0.000000       -30686.53     -9.77401864167E+08  5.90210445548E+05 -1.65602264674E+03   4.38005011              437  0.20583    
       76300  -4.66286463         1325834.        0.000000       -30676.69     -9.77259594317E+08  5.90124537251E+05 -1.65602264036E+03   4.37958887              438  0.20738    
       76400  -4.66424988         1326519.        0.000000       -30734.15     -9.77619763322E+08  5.90342023108E+05 -1.65602265306E+03   4.37852145              436  0.20730    
       76500  -4.66582159         1326480.        0.000000       -30755.94     -9.78050693283E+08  5.90602239530E+05 -1.65602266267E+03   4.37983714              437  0.20698    
       76600  -4.66509524         1326230.        0.000000       -30718.96     -9.77817785583E+08  5.90461597178E+05 -1.65602266135E+03   4.38125688              438  0.20676    
       76700  -4.66407161         1326178.        0.000000       -30743.51     -9.77487414627E+08  5.90262102430E+05 -1.65602265604E+03   4.37972466              438  0.20537    
       76800  -4.66434448         1326340.        0.000000       -30731.59     -9.77655534826E+08  5.90363622110E+05 -1.65602265826E+03   4.37923834              437  0.20522    
       76900  -4.66554551         1326591.        0.000000       -30756.90     -9.78045090854E+08  5.90598856639E+05 -1.65602266218E+03   4.37956054              437  0.20718    
       77000  -4.66626382         1326763.        0.000000       -30736.42     -9.78279788450E+08  5.90740580021E+05 -1.65602266297E+03   4.37984232              437  0.20571    
       77100  -4.66676763         1326915.        0.000000       -30711.93     -9.78261247877E+08  5.90729384238E+05 -1.65602266279E+03   4.37978025              438  0.20569    
       77200  -4.66663455         1326545.        0.000000       -30677.98     -9.78189261722E+08  5.90685912033E+05 -1.65602267092E+03   4.38078718              438  0.20529    
       77300  -4.66609015         1326886.        0.000000       -30698.99     -9.78031379359E+08  5.90590574880E+05 -1.65602266775E+03   4.37958730              438  0.20722    
       77400  -4.66566771         1326233.        0.000000       -30664.37     -9.77869552301E+08  5.90492856339E+05 -1.65602266277E+03   4.38105911              438  0.20413    
       77500  -4.66480695         1326292.        0.000000       -30689.56     -9.77749608811E+08  5.90420427678E+05 -1.65602266280E+03   4.37940263              437  0.20954    
       77600  -4.66397250         1325945.        0.000000       -30692.03     -9.77674029673E+08  5.90374787183E+05 -1.65602266712E+03   4.38033137              439  0.20491    
       77700  -4.66317735         1325751.        0.000000       -30692.99     -9.77558399953E+08  5.90304963740E+05 -1.65602266625E+03   4.38006056              439  0.20628    
       77800  -4.66252154         1325723.        0.000000       -30700.39     -9.77536120490E+08  5.90291509141E+05 -1.65602266906E+03   4.38007997              438  0.20602    
       77900  -4.66235932         1325502.        0.000000       -30708.59     -9.77459264237E+08  5.90245101490E+05 -1.65602266206E+03   4.38061635              439  0.20615    
       78000  -4.66211872         1325858.        0.000000       -30671.67     -9.77219323116E+08  5.90100213948E+05 -1.65602265516E+03   4.37905887              438  0.20388    
       78100  -4.66413678         1326518.        0.000000       -30696.54     -9.77689749402E+08  5.90384281842E+05 -1.65602266096E+03   4.37859323              437  0.20687    
       78200  -4.66589000         1326833.        0.000000       -30687.52     -9.78084344213E+08  5.90622557888E+05 -1.65602266820E+03   4.37979882              437  0.20619    
       78300  -4.66622878         1326608.        0.000000       -30716.34     -9.78186060569E+08  5.90683980809E+05 -1.65602266584E+03   4.37949131              439  0.20803    
       78400  -4.66599576         1326819.        0.000000       -30713.33     -9.78318437857E+08  5.90763916882E+05 -1.65602266811E+03   4.37938703              438  0.20465    
       78500  -4.66618353         1326950.        0.000000       -30725.65     -9.78212316335E+08  5.90699836155E+05 -1.65602266407E+03   4.37948386              438  0.20551    
       78600  -4.66591520         1326589.        0.000000       -30710.38     -9.78117438439E+08  5.90642541272E+05 -1.65602267038E+03   4.38002296              438  0.21002    
       78700  -4.66568016         1326486.        0.000000       -30750.06     -9.78113063908E+08  5.90639900804E+05 -1.65602266724E+03   4.37981144              438  0.20434    
       78800  -4.66611100         1326623.        0.000000       -30727.97     -9.78244918113E+08  5.90719522449E+05 -1.65602266547E+03   4.38043706              439  0.20773    
       78900  -4.66547077         1326319.        0.000000       -30710.52     -9.77950263919E+08  5.90541592197E+05 -1.65602266943E+03   4.38041749              439  0.21265    
       79000  -4.66505539         1326118.        0.000000       -30655.87     -9.77812679210E+08  5.90458510079E+05 -1.65602267140E+03   4.38042174              437  0.20420    
       79100  -4.66447699         1326351.        0.000000       -30686.16     -9.77728549853E+08  5.90407710954E+05 -1.65602266318E+03   4.37982339              439  0.20792    
       79200  -4.66541124         1326844.        0.000000       -30682.77     -9.77798880206E+08  5.90450178919E+05 -1.65602266731E+03   4.37882663              438  0.20491    
       79300  -4.66679703         1326643.        0.000000       -30666.33     -9.78025430698E+08  5.90586984841E+05 -1.65602266186E+03   4.38065056              437  0.20977    
       79400  -4.66505887         1325990.        0.000000       -30674.20     -9.77653823196E+08  5.90362587093E+05 -1.65602266229E+03   4.38099757              437  0.20512    
       79500  -4.66393873         1326035.        0.000000       -30690.45     -9.77409395676E+08  5.90214988984E+05 -1.65602265940E+03   4.38036908              438  0.20929    
       79600  -4.66326295         1325836.        0.000000       -30636.58     -9.77322499522E+08  5.90162519341E+05 -1.65602265053E+03   4.38022378              438  0.20498    
       79700  -4.66453313         1326452.        0.000000       -30631.39     -9.77493788617E+08  5.90265951851E+05 -1.65602265479E+03   4.37890527              439  0.20635    
       79800  -4.66544538         1326562.        0.000000       -30652.85     -9.77725325288E+08  5.90405766685E+05 -1.65602265503E+03   4.38025366              439  0.20678    
       79900  -4.66550043         1326316.        0.000000       -30665.81     -9.77708556717E+08  5.90395637180E+05 -1.65602266539E+03   4.38021512              437  0.21061    
       80000  -4.66518378         1326499.        0.000000       -30714.61     -9.77761020347E+08  5.90427318882E+05 -1.65602266202E+03   4.38017610              438  0.20547    
       80100  -4.66471629         1326411.        0.000000       -30713.44     -9.77693891961E+08  5.90386782502E+05 -1.65602266334E+03   4.37901955              439  0.20707    
       80200  -4.66475845         1326181.        0.000000       -30696.20     -9.77828291288E+08  5.90467940458E+05 -1.65602266320E+03   4.38024348              438  0.20614    
       80300  -4.66412884         1326313.        0.000000       -30665.25     -9.77649012989E+08  5.90359684054E+05 -1.65602265771E+03   4.38000794              436  0.20379    
       80400  -4.66456967         1326157.        0.000000       -30664.30     -9.77654177740E+08  5.90362801947E+05 -1.65602266016E+03   4.38012081              437  0.20569    
       80500  -4.66459944         1326275.        0.000000       -30687.87     -9.77603706764E+08  5.90332326045E+05 -1.65602265645E+03   4.38001668              438  0.20681    
       80600  -4.66538813         1326352.        0.000000       -30707.71     -9.77677199382E+08  5.90376703917E+05 -1.65602265959E+03   4.38009075              438  0.20780    
       80700  -4.66420961         1326043.        0.000000       -30734.09     -9.77439460976E+08  5.90233143600E+05 -1.65602266083E+03   4.38056932              437  0.20655    
       80800  -4.66341610         1325871.        0.000000       -30758.03     -9.77293193351E+08  5.90144817719E+05 -1.65602266428E+03   4.37968786              437  0.20536    
       80900  -4.66346035         1326352.        0.000000       -30760.35     -9.77403242286E+08  5.90211271619E+05 -1.65602266389E+03   4.37892660              439  0.20493    
       81000  -4.66497786         1326195.        0.000000       -30738.94     -9.77625337590E+08  5.90345385190E+05 -1.65602266422E+03   4.38036973              438  0.20502    
       81100  -4.66374974         1325888.        0.000000       -30716.73     -9.77318529547E+08  5.90160118526E+05 -1.65602266041E+03   4.38035935              439  0.20475    
       81200  -4.66352448         1326190.        0.000000       -30737.06     -9.77366285940E+08  5.90188958237E+05 -1.65602265562E+03   4.37952099              438  0.20846    
       81300  -4.66501902         1326591.        0.000000       -30681.33     -9.77698763799E+08  5.90389726708E+05 -1.65602265685E+03   4.37931373              439  0.20406    
       81400  -4.66610801         1326697.        0.000000       -30718.08     -9.77927789938E+08  5.90528024454E+05 -1.65602266013E+03   4.37965319              438  0.20717    
       81500  -4.66548187         1326480.        0.000000       -30716.81     -9.77832076784E+08  5.90470228847E+05 -1.65602265620E+03   4.37989916              439  0.20648    
       81600  -4.66559558         1326721.        0.000000       -30720.68     -9.77879488196E+08  5.90498857720E+05 -1.65602265849E+03   4.37949220              438  0.20410    
       81700  -4.66644030         1326907.        0.000000       -30723.34     -9.78022214540E+08  5.90585046152E+05 -1.65602265231E+03   4.37914026              438  0.20824    
       81800  -4.66743877         1327327.        0.000000       -30680.19     -9.78212768240E+08  5.90700113219E+05 -1.65602265236E+03   4.37915158              439  0.20742    
       81900  -4.66772656         1327089.        0.000000       -30703.92     -9.78230492659E+08  5.90710818539E+05 -1.65602264587E+03   4.38007667              439  0.20791    
       82000  -4.66694179         1326831.        0.000000       -30671.41     -9.78076341161E+08  5.90617730099E+05 -1.65602265444E+03   4.38085473              436  0.20603    
       82100  -4.66564114         1326423.        0.000000       -30660.81     -9.77721375122E+08  5.90403379015E+05 -1.65602266158E+03   4.38020284              437  0.20740    
       82200  -4.66473113         1326151.        0.000000       -30672.06     -9.77533071306E+08  5.90289672525E+05 -1.65602265600E+03   4.38029499              438  0.20411    
       82300  -4.66340697         1325941.        0.000000       -30721.47     -9.77323262619E+08  5.90162980577E+05 -1.65602264931E+03   4.38018402              438  0.20751    
       82400  -4.66389145         1326077.        0.000000       -30722.43     -9.77485215453E+08  5.90260773982E+05 -1.65602265734E+03   4.37948640              439  0.20507    
       82500  -4.66462487         1326406.        0.000000       -30744.19     -9.77673559915E+08  5.90374509816E+05 -1.65602264945E+03   4.37967407              437  0.20410    
       82600  -4.66567596         1326676.        0.000000       -30748.77     -9.77770752649E+08  5.90433199317E+05 -1.65602265215E+03   4.38005339              439  0.20576    
       82700  -4.66587320         1326678.        0.000000       -30731.66     -9.77754416994E+08  5.90423335180E+05 -1.65602265144E+03   4.37954304              438  0.20646    
       82800  -4.66526325         1326426.        0.000000       -30729.61     -9.77708765049E+08  5.90395767391E+05 -1.65602265302E+03   4.38011865              438  0.20779    
       82900  -4.66467211         1326168.        0.000000       -30695.09     -9.77563387866E+08  5.90307977272E+05 -1.65602266191E+03   4.38033170              439  0.20472    
       83000  -4.66421495         1326022.        0.000000       -30677.95     -9.77488981394E+08  5.90263048311E+05 -1.65602265666E+03   4.38003972              439  0.20752    
       83100  -4.66485156         1326344.        0.000000       -30742.97     -9.77835098178E+08  5.90472052812E+05 -1.65602265767E+03   4.37918471              438  0.20808    
       83200  -4.66369199         1325996.        0.000000       -30754.86     -9.77753783770E+08  5.90422949380E+05 -1.65602266104E+03   4.38024705              439  0.20380    
       83300  -4.66456653         1326658.        0.000000       -30748.85     -9.77833966311E+08  5.90471370288E+05 -1.65602265497E+03   4.37893263              437  0.20601    
       83400  -4.66656436         1326872.        0.000000       -30746.41     -9.78193348283E+08  5.90688385765E+05 -1.65602265400E+03   4.37899962              439  0.20979    
       83500  -4.66660301         1326537.        0.000000       -30771.24     -9.78398263864E+08  5.90812124077E+05 -1.65602265761E+03   4.38006005              439  0.20446    
       83600  -4.66520405         1326525.        0.000000       -30737.03     -9.78297236534E+08  5.90751116528E+05 -1.65602266193E+03   4.38003788              438  0.20547    
       83700  -4.66564070         1326391.        0.000000       -30787.27     -9.78239704326E+08  5.90716374855E+05 -1.65602266327E+03   4.37994679              437  0.21093    
       83800  -4.66636770         1326665.        0.000000       -30765.20     -9.78281952714E+08  5.90741887768E+05 -1.65602266061E+03   4.38030475              438  0.20705    
       83900  -4.66479286         1326038.        0.000000       -30721.97     -9.77969201309E+08  5.90553030194E+05 -1.65602266233E+03   4.38090197              439  0.20499    
       84000  -4.66420724         1326265.        0.000000       -30719.76     -9.77828543884E+08  5.90468092773E+05 -1.65602266380E+03   4.37982639              438  0.20668    
       84100  -4.66499394         1326414.        0.000000       -30752.22     -9.77926308572E+08  5.90527130818E+05 -1.65602265762E+03   4.37983282              439  0.20607    
       84200  -4.66497374         1326522.        0.000000       -30710.27     -9.77963033634E+08  5.90549310091E+05 -1.65602265031E+03   4.37999490              438  0.20488    
       84300  -4.66523770         1326340.        0.000000       -30722.26     -9.77959033821E+08  5.90546895979E+05 -1.65602264694E+03   4.38010116              436  0.20840    
       84400  -4.66484198         1326547.        0.000000       -30697.76     -9.77840231063E+08  5.90475151877E+05 -1.65602265896E+03   4.38017565              439  0.20535    
       84500  -4.66578791         1326591.        0.000000       -30691.06     -9.77880227105E+08  5.90499298776E+05 -1.65602267290E+03   4.37993332              438  0.20407    
       84600  -4.66657691         1326893.        0.000000       -30663.93     -9.77950122625E+08  5.90541508086E+05 -1.65602266603E+03   4.37973748              436  0.20640    
       84700  -4.66640048         1326436.        0.000000       -30669.14     -9.78011328413E+08  5.90578466924E+05 -1.65602266792E+03   4.38072708              439  0.21121    
       84800  -4.66417100         1325947.        0.000000       -30730.91     -9.77664877591E+08  5.90369263156E+05 -1.65602266006E+03   4.38070320              438  0.20393    
       84900  -4.66267909         1325619.        0.000000       -30701.68     -9.77291487283E+08  5.90143790728E+05 -1.65602265522E+03   4.38059627              439  0.21011    
       85000  -4.66309113         1326253.        0.000000       -30700.20     -9.77280943148E+08  5.90137420437E+05 -1.65602266405E+03   4.37869628              438  0.20696    
       85100  -4.66453568         1326298.        0.000000       -30690.46     -9.77630786057E+08  5.90348673610E+05 -1.65602266891E+03   4.37894038              437  0.20420    
       85200  -4.66551783         1326269.        0.000000       -30694.25     -9.77900949977E+08  5.90511814713E+05 -1.65602266646E+03   4.38073986              438  0.20762    
       85300  -4.66392304         1325927.        0.000000       -30730.85     -9.77675316778E+08  5.90375563971E+05 -1.65602266835E+03   4.37979225              438  0.20645    
       85400  -4.66441583         1326518.        0.000000       -30663.93     -9.77764945757E+08  5.90429686914E+05 -1.65602266862E+03   4.37944165              438  0.20513    
       85500  -4.66482058         1326326.        0.000000       -30697.79     -9.77702940045E+08  5.90392246818E+05 -1.65602266174E+03   4.38022666              437  0.20850    
       85600  -4.66311811         1325792.        0.000000       -30634.32     -9.77419945031E+08  5.90221355871E+05 -1.65602266897E+03   4.38065372              437  0.20788    
       85700  -4.66257455         1325768.        0.000000       -30686.28     -9.77255060082E+08  5.90121791042E+05 -1.65602266332E+03   4.37995925              437  0.20643    
       85800  -4.66297377         1325956.        0.000000       -30686.04     -9.77311956245E+08  5.90156149756E+05 -1.65602265883E+03   4.37929377              438  0.20527    
       85900  -4.66508776         1326733.        0.000000       -30709.31     -9.77845769466E+08  5.90478497401E+05 -1.65602265581E+03   4.37877322              437  0.21130    
       86000  -4.66636027         1326687.        0.000000       -30714.42     -9.78065679290E+08  5.90611291598E+05 -1.65602265518E+03   4.38025715              437  0.20575    
       86100  -4.66537371         1326341.        0.000000       -30733.23     -9.77921867210E+08  5.90524452109E+05 -1.65602264854E+03   4.38018143              439  0.20405    
       86200  -4.66536159         1326570.        0.000000       -30655.98     -9.77839576606E+08  5.90474759145E+05 -1.65602265205E+03   4.37998498              438  0.20557    
       86300  -4.66516015         1326440.        0.000000       -30672.43     -9.77821395590E+08  5.90463777864E+05 -1.65602265922E+03   4.37970715              439  0.20704    
       86400  -4.66564090         1326631.        0.000000       -30696.65     -9.77983873028E+08  5.90561892341E+05 -1.65602265522E+03   4.37958068              439  0.20405    
       86500  -4.66609906         1326537.        0.000000       -30737.68     -9.78069527112E+08  5.90613613652E+05 -1.65602265932E+03   4.38025965              437  0.21094    
       86600  -4.66549014         1326720.        0.000000       -30696.01     -9.77907332072E+08  5.90515670410E+05 -1.65602266133E+03   4.37938047              438  0.20799    
       86700  -4.66615594         1326733.        0.000000       -30747.50     -9.77976591772E+08  5.90557494697E+05 -1.65602265750E+03   4.37982716              438  0.20538    
       86800  -4.66587275         1326238.        0.000000       -30743.98     -9.77893815206E+08  5.90507509485E+05 -1.65602265763E+03   4.38083611              439  0.20821    
       86900  -4.66532226         1326421.        0.000000       -30742.97     -9.77858427460E+08  5.90486140546E+05 -1.65602265712E+03   4.37987351              438  0.21067    
       87000  -4.66408188         1325812.        0.000000       -30711.61     -9.77689075507E+08  5.90383877567E+05 -1.65602265349E+03   4.38091515              439  0.20495    
       87100  -4.66295283         1325965.        0.000000       -30684.26     -9.77513356600E+08  5.90277766231E+05 -1.65602266005E+03   4.37961766              438  0.20757    
       87200  -4.66310801         1326094.        0.000000       -30678.47     -9.77435123915E+08  5.90230520559E+05 -1.65602267228E+03   4.37915178              438  0.20539    
       87300  -4.66405589         1326199.        0.000000       -30699.26     -9.77662683502E+08  5.90367933739E+05 -1.65602267269E+03   4.37982517              439  0.20917    
       87400  -4.66483161         1326517.        0.000000       -30726.27     -9.77873789102E+08  5.90495412009E+05 -1.65602267048E+03   4.37944260              438  0.20441    
       87500  -4.66543090         1326856.        0.000000       -30735.56     -9.78024511149E+08  5.90586430663E+05 -1.65602265879E+03   4.37915332              438  0.20460    
       87600  -4.66600275         1326313.        0.000000       -30748.07     -9.78109782898E+08  5.90637923269E+05 -1.65602265680E+03   4.38068988              437  0.20590    
       87700  -4.66523970         1326489.        0.000000       -30726.33     -9.78004037563E+08  5.90574068351E+05 -1.65602265656E+03   4.38015255              438  0.20397    
       87800  -4.66479901         1326183.        0.000000       -30709.01     -9.77817645153E+08  5.90461518190E+05 -1.65602264505E+03   4.38031850              439  0.20760    
       87900  -4.66547196         1326745.        0.000000       -30695.37     -9.77865102827E+08  5.90490172240E+05 -1.65602265507E+03   4.37911100              438  0.20607    
       88000  -4.66697460         1326607.        0.000000       -30714.98     -9.78083666723E+08  5.90622156660E+05 -1.65602264611E+03   4.38056738              438  0.20411    
       88100  -4.66569435         1326631.        0.000000       -30718.11     -9.77840107846E+08  5.90475080936E+05 -1.65602264925E+03   4.37994524              436  0.20821    
       88200  -4.66492821         1326315.        0.000000       -30696.69     -9.77641598167E+08  5.90355208106E+05 -1.65602265339E+03   4.38013808              439  0.21185    
       88300  -4.66429273         1325939.        0.000000       -30646.22     -9.77579682633E+08  5.90317822896E+05 -1.65602264529E+03   4.38048088              437  0.20397    
       88400  -4.66329100         1326009.        0.000000       -30689.47     -9.77529430496E+08  5.90287475840E+05 -1.65602265084E+03   4.37948427              437  0.20811    
       88500  -4.66423486         1326290.        0.000000       -30688.10     -9.77714926475E+08  5.90399486474E+05 -1.65602265733E+03   4.38004698              439  0.20678    
       88600  -4.66467970         1326597.        0.000000       -30723.28     -9.77721229955E+08  5.90403293098E+05 -1.65602265669E+03   4.37908533              437  0.20877    
       88700  -4.66654493         1327004.        0.000000       -30762.70     -9.78091985435E+08  5.90627173507E+05 -1.65602266423E+03   4.37869213              437  0.20604    
       88800  -4.66711622         1326568.        0.000000       -30755.75     -9.78210673036E+08  5.90698844201E+05 -1.65602266305E+03   4.38088199              437  0.20666    
       88900  -4.66473970         1326133.        0.000000       -30734.74     -9.77783268101E+08  5.90440753989E+05 -1.65602266018E+03   4.38073567              436  0.21011    
       89000  -4.66415491         1326527.        0.000000       -30730.63     -9.77655577782E+08  5.90363648235E+05 -1.65602265774E+03   4.37885080              439  0.20408    
       89100  -4.66501017         1326349.        0.000000       -30719.13     -9.77752574833E+08  5.90422224567E+05 -1.65602264642E+03   4.37972937              437  0.20525    
       89200  -4.66565732         1326554.        0.000000       -30702.83     -9.77830691309E+08  5.90469394329E+05 -1.65602265028E+03   4.37970511              439  0.20468    
       89300  -4.66520460         1326541.        0.000000       -30715.83     -9.77727533380E+08  5.90407099732E+05 -1.65602265593E+03   4.37980082              439  0.20412    
       89400  -4.66511626         1326199.        0.000000       -30677.75     -9.77754343546E+08  5.90423289325E+05 -1.65602265565E+03   4.38050242              438  0.20845    
       89500  -4.66328977         1325740.        0.000000       -30678.15     -9.77365628950E+08  5.90188561459E+05 -1.65602265577E+03   4.38101950              438  0.20925    
       89600  -4.66216297         1325779.        0.000000       -30669.84     -9.77077826883E+08  5.90014767657E+05 -1.65602266323E+03   4.37966459              439  0.20346    
       89700  -4.66180616         1325434.        0.000000       -30696.36     -9.77037671735E+08  5.89990523019E+05 -1.65602265395E+03   4.38042639              437  0.20805    
       89800  -4.66239878         1326043.        0.000000       -30696.58     -9.77076909544E+08  5.90014218105E+05 -1.65602265091E+03   4.37877826              438  0.20724    
       89900  -4.66391579         1326294.        0.000000       -30673.84     -9.77387743274E+08  5.90201913831E+05 -1.65602265999E+03   4.37897252              439  0.20886    
       90000  -4.66542498         1326340.        0.000000       -30659.96     -9.77700362035E+08  5.90390689577E+05 -1.65602266312E+03   4.37971942              437  0.20713    
       90100  -4.66501795         1326450.        0.000000       -30674.69     -9.77818819174E+08  5.90462219258E+05 -1.65602266713E+03   4.37908402              438  0.20859    
       90200  -4.66536621         1326430.        0.000000       -30712.34     -9.78031947248E+08  5.90590917676E+05 -1.65602266810E+03   4.37971240              438  0.20946    
       90300  -4.66613854         1326900.        0.000000       -30710.35     -9.78131463251E+08  5.90651011226E+05 -1.65602266764E+03   4.37949598              438  0.20410    
       90400  -4.66654626         1326950.        0.000000       -30713.57     -9.78139368816E+08  5.90655787284E+05 -1.65602266138E+03   4.37999059              438  0.20539    
       90500  -4.66579721         1326362.        0.000000       -30704.06     -9.77975697082E+08  5.90556954347E+05 -1.65602265773E+03   4.38064193              439  0.20601    
       90600  -4.66578675         1326544.        0.000000       -30692.98     -9.77933514997E+08  5.90531480695E+05 -1.65602266258E+03   4.38005544              436  0.20780    
       90700  -4.66594986         1326536.        0.000000       -30713.63     -9.78017462486E+08  5.90582170825E+05 -1.65602266848E+03   4.38017232              437  0.20807    
       90800  -4.66535361         1326564.        0.000000       -30690.50     -9.77899429181E+08  5.90510896976E+05 -1.65602266476E+03   4.38010337              439  0.20741    
       90900  -4.66593551         1326759.        0.000000       -30703.88     -9.78001093967E+08  5.90572288875E+05 -1.65602266207E+03   4.37918511              438  0.20614    
       91000  -4.66700401         1326635.        0.000000       -30676.30     -9.78303412007E+08  5.90754843565E+05 -1.65602266772E+03   4.38072701              438  0.20617    
       91100  -4.66580918         1326215.        0.000000       -30659.53     -9.77947293483E+08  5.90539801569E+05 -1.65602266077E+03   4.38082367              437  0.20788    
       91200  -4.66484730         1326571.        0.000000       -30629.96     -9.77846753477E+08  5.90479089596E+05 -1.65602266144E+03   4.37975683              437  0.20633    
       91300  -4.66506146         1326287.        0.000000       -30663.72     -9.77762022332E+08  5.90427923397E+05 -1.65602266354E+03   4.38026365              438  0.20646    
       91400  -4.66497037         1326379.        0.000000       -30738.23     -9.77921738174E+08  5.90524367581E+05 -1.65602266707E+03   4.37963685              438  0.20619    
       91500  -4.66506672         1326508.        0.000000       -30732.43     -9.78059880700E+08  5.90607789772E+05 -1.65602265605E+03   4.37931135              439  0.20929    
       91600  -4.66693240         1327154.        0.000000       -30765.25     -9.78522197701E+08  5.90886962031E+05 -1.65602265844E+03   4.37903921              439  0.20608    
       91700  -4.66831438         1327330.        0.000000       -30727.40     -9.78817971175E+08  5.91065566992E+05 -1.65602265778E+03   4.37987471              437  0.20641    
       91800  -4.66775356         1326827.        0.000000       -30710.99     -9.78628963406E+08  5.90951432442E+05 -1.65602266055E+03   4.38143741              438  0.20576    
       91900  -4.66527819         1326106.        0.000000       -30725.95     -9.78009668489E+08  5.90577467184E+05 -1.65602266059E+03   4.38154146              438  0.20670    
       92000  -4.66454106         1326227.        0.000000       -30709.93     -9.77628726696E+08  5.90347433504E+05 -1.65602265922E+03   4.38020058              437  0.20608    
       92100  -4.66448137         1326338.        0.000000       -30715.23     -9.77598734774E+08  5.90329318193E+05 -1.65602267183E+03   4.37955452              437  0.20803    
       92200  -4.66569548         1326955.        0.000000       -30717.05     -9.77810548434E+08  5.90457226415E+05 -1.65602266293E+03   4.37812595              439  0.20407    
       92300  -4.66742013         1327218.        0.000000       -30707.47     -9.78284387407E+08  5.90743357733E+05 -1.65602266128E+03   4.37902649              439  0.21237    
       92400  -4.66785152         1326842.        0.000000       -30758.86     -9.78424953465E+08  5.90828236359E+05 -1.65602266996E+03   4.38032256              439  0.20615    
       92500  -4.66681406         1326799.        0.000000       -30762.20     -9.78291524078E+08  5.90747664996E+05 -1.65602266762E+03   4.38009583              437  0.20446    
       92600  -4.66564219         1326442.        0.000000       -30752.59     -9.78069470761E+08  5.90613576952E+05 -1.65602266681E+03   4.38096060              439  0.20537    
       92700  -4.66450282         1326168.        0.000000       -30726.50     -9.77783173408E+08  5.90440695826E+05 -1.65602266294E+03   4.38031124              435  0.20590    
       92800  -4.66419611         1326001.        0.000000       -30710.47     -9.77650484956E+08  5.90360571783E+05 -1.65602266087E+03   4.38066332              438  0.20586    
       92900  -4.66397505         1326221.        0.000000       -30722.49     -9.77568593304E+08  5.90311120784E+05 -1.65602266142E+03   4.37980815              438  0.20595    
       93000  -4.66425808         1326401.        0.000000       -30744.48     -9.77531975206E+08  5.90289011024E+05 -1.65602265492E+03   4.37923615              439  0.20698    
       93100  -4.66437300         1326332.        0.000000       -30747.35     -9.77734277275E+08  5.90411171654E+05 -1.65602265712E+03   4.37938808              438  0.20822    
       93200  -4.66522154         1326540.        0.000000       -30710.63     -9.77915140054E+08  5.90520386879E+05 -1.65602265694E+03   4.37984682              438  0.20399    
       93300  -4.66551594         1326303.        0.000000       -30686.17     -9.77824374446E+08  5.90465576334E+05 -1.65602266015E+03   4.38075258              437  0.20912    
       93400  -4.66383059         1326020.        0.000000       -30666.96     -9.77442992540E+08  5.90235276462E+05 -1.65602265998E+03   4.38006652              438  0.20668    
       93500  -4.66420758         1326165.        0.000000       -30662.49     -9.77505223694E+08  5.90272852400E+05 -1.65602266769E+03   4.37960514              437  0.20429    
       93600  -4.66407100         1325794.        0.000000       -30660.21     -9.77506028153E+08  5.90273339695E+05 -1.65602266343E+03   4.38083462              439  0.20809    
       93700  -4.66281923         1325750.        0.000000       -30621.85     -9.77265757004E+08  5.90128249975E+05 -1.65602266464E+03   4.38037461              439  0.20578    
       93800  -4.66255535         1325749.        0.000000       -30612.59     -9.77095863036E+08  5.90025658526E+05 -1.65602266430E+03   4.38035836              437  0.20407    
       93900  -4.66301643         1325879.        0.000000       -30646.40     -9.77102287719E+08  5.90029536383E+05 -1.65602266915E+03   4.38015582              437  0.20747    
       94000  -4.66366833         1326048.        0.000000       -30676.17     -9.77247155498E+08  5.90117015845E+05 -1.65602266883E+03   4.37923766              436  0.20713    
       94100  -4.66316139         1326216.        0.000000       -30705.02     -9.77245260061E+08  5.90115873732E+05 -1.65602266192E+03   4.37877028              436  0.20382    
       94200  -4.66535045         1326983.        0.000000       -30695.81     -9.77693390591E+08  5.90386482895E+05 -1.65602265451E+03   4.37878380              439  0.20646    
       94300  -4.66612150         1326347.        0.000000       -30687.75     -9.77857067728E+08  5.90485320109E+05 -1.65602265531E+03   4.38086856              439  0.20997    
       94400  -4.66414638         1326162.        0.000000       -30652.90     -9.77410989232E+08  5.90215950157E+05 -1.65602266250E+03   4.37966643              439  0.20382    
       94500  -4.66370958         1326164.        0.000000       -30638.76     -9.77346667537E+08  5.90177106974E+05 -1.65602266843E+03   4.37984088              439  0.20917    
       94600  -4.66471386         1326385.        0.000000       -30636.13     -9.77467577321E+08  5.90250119437E+05 -1.65602266756E+03   4.37926003              438  0.20661    
       94700  -4.66490153         1326470.        0.000000       -30673.08     -9.77573331197E+08  5.90313980898E+05 -1.65602266392E+03   4.37985577              438  0.20617    
       94800  -4.66448010         1326123.        0.000000       -30673.90     -9.77466086726E+08  5.90249222064E+05 -1.65602265990E+03   4.38021626              439  0.20426    
       94900  -4.66414126         1326526.        0.000000       -30681.02     -9.77549810892E+08  5.90299782161E+05 -1.65602265227E+03   4.37910528              439  0.20715    
       95000  -4.66537360         1326575.        0.000000       -30674.99     -9.77750737152E+08  5.90421112904E+05 -1.65602265194E+03   4.37958622              438  0.20509    
       95100  -4.66484536         1326272.        0.000000       -30681.41     -9.77750849698E+08  5.90421177300E+05 -1.65602266194E+03   4.38040065              438  0.20662    
       95200  -4.66466024         1326371.        0.000000       -30685.27     -9.77711881014E+08  5.90397643504E+05 -1.65602266840E+03   4.37970711              438  0.20691    
       95300  -4.66570279         1326752.        0.000000       -30694.95     -9.77964316075E+08  5.90550079326E+05 -1.65602266482E+03   4.37956378              438  0.20623    
       95400  -4.66590003         1326368.        0.000000       -30678.84     -9.78031975085E+08  5.90590935261E+05 -1.65602266593E+03   4.38023949              437  0.20451    
       95500  -4.66471087         1326179.        0.000000       -30662.56     -9.77696597057E+08  5.90388416119E+05 -1.65602266299E+03   4.38099401              438  0.20764    
       95600  -4.66377047         1325976.        0.000000       -30670.61     -9.77400600196E+08  5.90209677739E+05 -1.65602265951E+03   4.38006210              438  0.20584    
       95700  -4.66478135         1326505.        0.000000       -30665.56     -9.77553977770E+08  5.90302298550E+05 -1.65602265173E+03   4.37919589              438  0.20435    
       95800  -4.66478584         1326356.        0.000000       -30697.89     -9.77685687016E+08  5.90381833146E+05 -1.65602264861E+03   4.37965080              437  0.20679    
       95900  -4.66473699         1326191.        0.000000       -30672.16     -9.77618151414E+08  5.90341053386E+05 -1.65602264285E+03   4.38060238              438  0.20939    
       96000  -4.66422701         1326105.        0.000000       -30657.01     -9.77416620885E+08  5.90219355821E+05 -1.65602264861E+03   4.38037493              438  0.20952    
       96100  -4.66415301         1326266.        0.000000       -30698.22     -9.77295987362E+08  5.90146508454E+05 -1.65602265431E+03   4.37911682              437  0.20382    
       96200  -4.66426828         1325939.        0.000000       -30691.29     -9.77403394488E+08  5.90211364143E+05 -1.65602266217E+03   4.38035051              439  0.20556    
       96300  -4.66408378         1326119.        0.000000       -30691.92     -9.77408224358E+08  5.90214284327E+05 -1.65602265196E+03   4.37998609              437  0.20673    
       96400  -4.66437971         1326306.        0.000000       -30692.67     -9.77375103151E+08  5.90194285245E+05 -1.65602264811E+03   4.37991831              438  0.20364    
       96500  -4.66475108         1326072.        0.000000       -30730.57     -9.77407013589E+08  5.90213551113E+05 -1.65602265781E+03   4.38057005              439  0.20666    
       96600  -4.66296155         1325485.        0.000000       -30737.73     -9.77128576423E+08  5.90045414072E+05 -1.65602266049E+03   4.38069769              436  0.20703    
       96700  -4.66190127         1325541.        0.000000       -30713.42     -9.77102575225E+08  5.90029713315E+05 -1.65602265983E+03   4.37989344              437  0.20886    
       96800  -4.66239191         1325754.        0.000000       -30728.87     -9.77173896503E+08  5.90072782997E+05 -1.65602265459E+03   4.37944008              438  0.20528    
       96900  -4.66341277         1326225.        0.000000       -30730.06     -9.77401018860E+08  5.90209929597E+05 -1.65602266218E+03   4.37945708              438  0.20644    
       97000  -4.66444413         1326403.        0.000000       -30703.85     -9.77563131373E+08  5.90307822297E+05 -1.65602266216E+03   4.37954691              436  0.20434    
       97100  -4.66483010         1326322.        0.000000       -30732.28     -9.77666304965E+08  5.90370123741E+05 -1.65602266383E+03   4.38028781              439  0.20680    
       97200  -4.66460615         1326373.        0.000000       -30726.07     -9.77615850416E+08  5.90339656752E+05 -1.65602266294E+03   4.37972051              437  0.20645    
       97300  -4.66453056         1326231.        0.000000       -30723.27     -9.77584555883E+08  5.90320761141E+05 -1.65602265791E+03   4.37968613              438  0.20394    
       97400  -4.66499548         1326484.        0.000000       -30749.47     -9.77676725430E+08  5.90376415400E+05 -1.65602266610E+03   4.37950024              438  0.20661    
       97500  -4.66561708         1326582.        0.000000       -30724.17     -9.77867952460E+08  5.90491890967E+05 -1.65602266080E+03   4.37997952              438  0.20680    
       97600  -4.66534339         1326208.        0.000000       -30714.70     -9.77718742604E+08  5.90401791121E+05 -1.65602265662E+03   4.38056796              439  0.20764    
       97700  -4.66567815         1326755.        0.000000       -30757.48     -9.77674929585E+08  5.90375335226E+05 -1.65602265415E+03   4.37931477              438  0.20415    
       97800  -4.66603675         1326345.        0.000000       -30731.37     -9.77763471449E+08  5.90428800924E+05 -1.65602265662E+03   4.38032080              439  0.20614    
       97900  -4.66513368         1326432.        0.000000       -30682.59     -9.77557561671E+08  5.90304460964E+05 -1.65602265664E+03   4.38009694              439  0.20789    
       98000  -4.66533344         1326077.        0.000000       -30662.01     -9.77538645688E+08  5.90293039201E+05 -1.65602265446E+03   4.38083927              437  0.20380    
       98100  -4.66361040         1325934.        0.000000       -30676.60     -9.77302899124E+08  5.90150682266E+05 -1.65602265403E+03   4.38035311              438  0.20941    
       98200  -4.66328393         1326159.        0.000000       -30703.03     -9.77256951212E+08  5.90122934466E+05 -1.65602265924E+03   4.37906733              438  0.20701    
       98300  -4.66482742         1326254.        0.000000       -30710.87     -9.77641415646E+08  5.90355097143E+05 -1.65602265548E+03   4.37969289              438  0.20407    
       98400  -4.66525619         1326588.        0.000000       -30677.67     -9.77788673929E+08  5.90444017849E+05 -1.65602266154E+03   4.38020173              439  0.20874    
       98500  -4.66556219         1326360.        0.000000       -30702.33     -9.77680029027E+08  5.90378415354E+05 -1.65602265191E+03   4.38022743              438  0.20876    
       98600  -4.66547826         1326352.        0.000000       -30671.88     -9.77618679503E+08  5.90341367606E+05 -1.65602265596E+03   4.38094582              438  0.20521    
       98700  -4.66458993         1326163.        0.000000       -30683.07     -9.77392460287E+08  5.90204764276E+05 -1.65602265425E+03   4.38017741              439  0.20972    
       98800  -4.66273584         1325566.        0.000000       -30649.39     -9.77182805845E+08  5.90078160149E+05 -1.65602266249E+03   4.38062835              438  0.20612    
       98900  -4.66263542         1325787.        0.000000       -30669.92     -9.77117977665E+08  5.90039013010E+05 -1.65602266311E+03   4.37957886              436  0.20358    
       99000  -4.66253426         1325761.        0.000000       -30681.62     -9.77244924350E+08  5.90115675871E+05 -1.65602264828E+03   4.37902310              438  0.20547    
       99100  -4.66358155         1326318.        0.000000       -30651.15     -9.77589919755E+08  5.90324002493E+05 -1.65602265133E+03   4.37929581              439  0.20736    
       99200  -4.66386557         1326170.        0.000000       -30680.09     -9.77706098901E+08  5.90394156576E+05 -1.65602265539E+03   4.37982949              438  0.20435    
       99300  -4.66428615         1326176.        0.000000       -30733.02     -9.77689966674E+08  5.90384417725E+05 -1.65602264782E+03   4.37955018              439  0.20422    
       99400  -4.66442252         1326303.        0.000000       -30657.47     -9.77784721112E+08  5.90441636292E+05 -1.65602264646E+03   4.37968010              438  0.20464    
       99500  -4.66435556         1326138.        0.000000       -30632.02     -9.77757512722E+08  5.90425202534E+05 -1.65602265710E+03   4.38028312              438  0.20608    
       99600  -4.66306968         1325872.        0.000000       -30637.29     -9.77483447136E+08  5.90259704158E+05 -1.65602266299E+03   4.38099335              438  0.20398    
       99700  -4.66416600         1326459.        0.000000       -30674.84     -9.77614512834E+08  5.90338850003E+05 -1.65602266025E+03   4.37863165              438  0.20644    
       99800  -4.66551214         1326597.        0.000000       -30713.59     -9.77904288454E+08  5.90513831382E+05 -1.65602266447E+03   4.38000059              437  0.20922    
       99900  -4.66568078         1326483.        0.000000       -30762.06     -9.77960302134E+08  5.90547656902E+05 -1.65602266084E+03   4.37962058              438  0.20595    
      100000  -4.66541340         1326421.        0.000000       -30719.38     -9.77957835004E+08  5.90546167604E+05 -1.65602265945E+03   4.38010787              439  0.20868    
      100100  -4.66514860         1326334.        0.000000       -30716.68     -9.77949984801E+08  5.90541425927E+05 -1.65602266304E+03   4.38049734              438  0.20516    
      100200  -4.66514508         1326698.        0.000000       -30689.38     -9.77867473739E+08  5.90491597940E+05 -1.65602267187E+03   4.37907236              438  0.20428    
      100300  -4.66558625         1326551.        0.000000       -30694.19     -9.78025558823E+08  5.90587058865E+05 -1.65602267124E+03   4.38006343              438  0.20760    
      100400  -4.66478824         1325901.        0.000000       -30693.15     -9.77803324832E+08  5.90452863609E+05 -1.65602266514E+03   4.38116038              438  0.21513    
      100500  -4.66306264         1325789.        0.000000       -30687.63     -9.77354246750E+08  5.90181684286E+05 -1.65602266687E+03   4.38046168              439  0.20385    
      100600  -4.66284236         1325972.        0.000000       -30677.20     -9.77268507524E+08  5.90129909217E+05 -1.65602266935E+03   4.37987784              438  0.20624    
      100700  -4.66327977         1325981.        0.000000       -30663.12     -9.77366522409E+08  5.90189098120E+05 -1.65602266379E+03   4.37939860              439  0.20984    
      100800  -4.66465089         1326316.        0.000000       -30659.35     -9.77624448548E+08  5.90344851349E+05 -1.65602265576E+03   4.37988346              439  0.20813    
      100900  -4.66455584         1326064.        0.000000       -30688.18     -9.77608429911E+08  5.90335175981E+05 -1.65602266253E+03   4.38003746              438  0.20401    
      101000  -4.66383795         1326196.        0.000000       -30696.03     -9.77536600710E+08  5.90291803955E+05 -1.65602265551E+03   4.37946846              438  0.20596    
      101100  -4.66426862         1326239.        0.000000       -30743.37     -9.77614782975E+08  5.90339014971E+05 -1.65602265509E+03   4.38005983              437  0.20802    
      101200  -4.66482302         1326441.        0.000000       -30742.32     -9.77636491493E+08  5.90352123540E+05 -1.65602265582E+03   4.37989225              439  0.20397    
      101300  -4.66588209         1326564.        0.000000       -30752.21     -9.77768479707E+08  5.90431823845E+05 -1.65602266040E+03   4.37991703              436  0.21074    
      101400  -4.66582711         1326581.        0.000000       -30741.26     -9.77786978480E+08  5.90442994319E+05 -1.65602266076E+03   4.38017758              438  0.20686    
      101500  -4.66492525         1326409.        0.000000       -30743.45     -9.77546442861E+08  5.90297747279E+05 -1.65602265529E+03   4.37990350              439  0.20368    
      101600  -4.66404810         1326166.        0.000000       -30755.05     -9.77547015863E+08  5.90298096275E+05 -1.65602264692E+03   4.37957580              438  0.20875    
      101700  -4.66423776         1326185.        0.000000       -30730.53     -9.77695491115E+08  5.90387749993E+05 -1.65602265820E+03   4.37980286              438  0.20624    
      101800  -4.66424353         1326295.        0.000000       -30675.97     -9.77593122134E+08  5.90325934194E+05 -1.65602265716E+03   4.37990939              438  0.20410    
      101900  -4.66387788         1325936.        0.000000       -30661.44     -9.77369310587E+08  5.90190785977E+05 -1.65602265201E+03   4.38086320              439  0.20494    
      102000  -4.66222115         1325627.        0.000000       -30650.59     -9.77045924082E+08  5.89995503202E+05 -1.65602266251E+03   4.37975501              438  0.20813    
      102100  -4.66297852         1325956.        0.000000       -30665.09     -9.77229293398E+08  5.90106230369E+05 -1.65602266695E+03   4.37946292              438  0.20387    
      102200  -4.66303693         1326023.        0.000000       -30658.92     -9.77289571953E+08  5.90142632921E+05 -1.65602265865E+03   4.38005543              438  0.20747    
      102300  -4.66207416         1325568.        0.000000       -30578.64     -9.77030761077E+08  5.89986347945E+05 -1.65602265964E+03   4.38017985              437  0.20868    
      102400  -4.66214846         1325734.        0.000000       -30556.29     -9.76989383443E+08  5.89961363619E+05 -1.65602265452E+03   4.37971655              438  0.20911    
      102500  -4.66354068         1326253.        0.000000       -30643.80     -9.77308597330E+08  5.90154124612E+05 -1.65602264997E+03   4.37920614              439  0.20411    
      102600  -4.66479368         1326285.        0.000000       -30660.94     -9.77569222501E+08  5.90311501029E+05 -1.65602266057E+03   4.38013723              438  0.20978    
      102700  -4.66467792         1326177.        0.000000       -30681.47     -9.77624931523E+08  5.90345141555E+05 -1.65602265981E+03   4.38002205              439  0.20604    
      102800  -4.66431284         1326115.        0.000000       -30687.85     -9.77548229088E+08  5.90298824666E+05 -1.65602265876E+03   4.38058447              438  0.20509    
      102900  -4.66411565         1326283.        0.000000       -30729.14     -9.77527320848E+08  5.90286201599E+05 -1.65602265172E+03   4.37932561              438  0.20902    
      103000  -4.66393773         1326006.        0.000000       -30691.01     -9.77595726589E+08  5.90327509091E+05 -1.65602265104E+03   4.37993764              436  0.21001    
      103100  -4.66456085         1326632.        0.000000       -30748.04     -9.77745027830E+08  5.90417662452E+05 -1.65602265991E+03   4.37914961              437  0.20395    
      103200  -4.66576061         1326460.        0.000000       -30742.84     -9.77901821805E+08  5.90512344420E+05 -1.65602265735E+03   4.38050733              439  0.20479    
      103300  -4.66546508         1326462.        0.000000       -30697.36     -9.77710223916E+08  5.90396645322E+05 -1.65602266148E+03   4.37989938              438  0.20735    
      103400  -4.66559532         1326324.        0.000000       -30669.05     -9.77777286080E+08  5.90437140596E+05 -1.65602266330E+03   4.38038127              439  0.20368    
      103500  -4.66409024         1326012.        0.000000       -30663.50     -9.77541241808E+08  5.90294603114E+05 -1.65602266504E+03   4.38054129              438  0.20552    
      103600  -4.66389962         1326422.        0.000000       -30664.17     -9.77369530225E+08  5.90190913532E+05 -1.65602266625E+03   4.37912013              437  0.21131    
      103700  -4.66515672         1326343.        0.000000       -30660.81     -9.77580089817E+08  5.90318061535E+05 -1.65602266560E+03   4.38022919              438  0.20554    
      103800  -4.66455052         1326130.        0.000000       -30683.57     -9.77493607180E+08  5.90265839874E+05 -1.65602266157E+03   4.38032905              438  0.20382    
      103900  -4.66315423         1325900.        0.000000       -30669.71     -9.77228999770E+08  5.90106055618E+05 -1.65602265977E+03   4.38034657              439  0.20595    
      104000  -4.66242276         1325662.        0.000000       -30679.64     -9.77176855667E+08  5.90074571478E+05 -1.65602265019E+03   4.37942755              437  0.20378    
      104100  -4.66286138         1326060.        0.000000       -30674.83     -9.77408630261E+08  5.90214529971E+05 -1.65602265046E+03   4.37891540              438  0.20399    
      104200  -4.66497988         1326572.        0.000000       -30669.46     -9.77777119869E+08  5.90437046157E+05 -1.65602264667E+03   4.37957829              437  0.20368    
      104300  -4.66508268         1326014.        0.000000       -30650.94     -9.77776669820E+08  5.90436769209E+05 -1.65602266121E+03   4.38092045              437  0.20454    
      104400  -4.66371351         1326192.        0.000000       -30651.58     -9.77489258441E+08  5.90263213954E+05 -1.65602266130E+03   4.37971398              437  0.20385    
      104500  -4.66325269         1325881.        0.000000       -30659.06     -9.77482899807E+08  5.90259373920E+05 -1.65602266223E+03   4.38043556              438  0.20944    
      104600  -4.66342399         1326183.        0.000000       -30706.62     -9.77417118530E+08  5.90219650081E+05 -1.65602266613E+03   4.37907271              437  0.20603    
      104700  -4.66399096         1326323.        0.000000       -30693.65     -9.77612607704E+08  5.90337697791E+05 -1.65602266527E+03   4.37923394              438  0.20421    
      104800  -4.66502989         1326438.        0.000000       -30724.11     -9.77865518963E+08  5.90490422476E+05 -1.65602265802E+03   4.37970449              438  0.20717    
      104900  -4.66594450         1326879.        0.000000       -30739.75     -9.78122712619E+08  5.90645731984E+05 -1.65602265394E+03   4.37913813              439  0.20631    
      105000  -4.66677391         1326794.        0.000000       -30760.05     -9.78329378672E+08  5.90770527952E+05 -1.65602265581E+03   4.38022929              439  0.20444    
      105100  -4.66687848         1327100.        0.000000       -30786.10     -9.78310136262E+08  5.90758907209E+05 -1.65602265886E+03   4.37979632              438  0.20522    
      105200  -4.66694745         1326600.        0.000000       -30720.44     -9.78314180228E+08  5.90761347570E+05 -1.65602266339E+03   4.38097225              438  0.20721    
      105300  -4.66509036         1326399.        0.000000       -30666.00     -9.77860936995E+08  5.90487653393E+05 -1.65602266428E+03   4.38022522              438  0.20460    
      105400  -4.66527643         1326584.        0.000000       -30666.06     -9.77743242996E+08  5.90416584283E+05 -1.65602266099E+03   4.37976600              437  0.20882    
      105500  -4.66559694         1326594.        0.000000       -30683.80     -9.77763343676E+08  5.90428723854E+05 -1.65602265637E+03   4.37995712              439  0.20773    
      105600  -4.66598804         1326576.        0.000000       -30673.10     -9.77665910297E+08  5.90369886539E+05 -1.65602266069E+03   4.38038308              438  0.20815    
      105700  -4.66507666         1326152.        0.000000       -30714.33     -9.77392015977E+08  5.90204494735E+05 -1.65602265773E+03   4.38040788              438  0.20389    
      105800  -4.66339814         1325922.        0.000000       -30700.67     -9.77178934897E+08  5.90075826239E+05 -1.65602265242E+03   4.37980295              437  0.20698    
      105900  -4.66386157         1325953.        0.000000       -30666.85     -9.77189279882E+08  5.90082073100E+05 -1.65602265249E+03   4.37991298              438  0.21477    
      106000  -4.66405918         1326179.        0.000000       -30669.94     -9.77299440103E+08  5.90148594448E+05 -1.65602265141E+03   4.37995108              436  0.20380    
      106100  -4.66481663         1326687.        0.000000       -30702.95     -9.77367408956E+08  5.90189637552E+05 -1.65602265233E+03   4.37878675              439  0.20766    
      106200  -4.66592109         1326669.        0.000000       -30691.51     -9.77653614925E+08  5.90362464046E+05 -1.65602265466E+03   4.38025091              438  0.20604    
      106300  -4.66637713         1326698.        0.000000       -30689.98     -9.77678688796E+08  5.90377604353E+05 -1.65602265667E+03   4.37988823              439  0.20402    
      106400  -4.66526015         1326172.        0.000000       -30656.83     -9.77532847961E+08  5.90289536859E+05 -1.65602265824E+03   4.38073114              438  0.20918    
      106500  -4.66358426         1326121.        0.000000       -30655.23     -9.77247611438E+08  5.90117295549E+05 -1.65602265653E+03   4.37937048              437  0.20845    
      106600  -4.66438127         1326141.        0.000000       -30678.09     -9.77458743428E+08  5.90244790449E+05 -1.65602265237E+03   4.38004157              438  0.20364    
      106700  -4.66407569         1326272.        0.000000       -30732.00     -9.77474213678E+08  5.90254132936E+05 -1.65602265048E+03   4.37944178              437  0.20458    
      106800  -4.66492147         1326251.        0.000000       -30708.48     -9.77501370391E+08  5.90270529278E+05 -1.65602265725E+03   4.38038171              438  0.20781    
      106900  -4.66449222         1326238.        0.000000       -30659.25     -9.77392220510E+08  5.90204615074E+05 -1.65602266663E+03   4.37991128              437  0.20696    
      107000  -4.66482828         1326425.        0.000000       -30677.16     -9.77470093034E+08  5.90251635715E+05 -1.65602267557E+03   4.37952728              438  0.20805    
      107100  -4.66437442         1326216.        0.000000       -30666.06     -9.77404092433E+08  5.90211782389E+05 -1.65602267118E+03   4.38004596              436  0.20849    
      107200  -4.66360600         1325936.        0.000000       -30671.46     -9.77383017078E+08  5.90199058944E+05 -1.65602266264E+03   4.38015590              437  0.20578    
      107300  -4.66437675         1326356.        0.000000       -30696.47     -9.77576004157E+08  5.90315594409E+05 -1.65602266553E+03   4.37939346              436  0.20357    
      107400  -4.66461023         1326252.        0.000000       -30684.61     -9.77762416462E+08  5.90428161888E+05 -1.65602266216E+03   4.37994938              438  0.20765    
      107500  -4.66592401         1326793.        0.000000       -30666.26     -9.77959394088E+08  5.90547107001E+05 -1.65602266524E+03   4.37971508              438  0.20739    
      107600  -4.66632185         1326929.        0.000000       -30693.80     -9.77986123264E+08  5.90563249462E+05 -1.65602265999E+03   4.37937466              439  0.20403    
      107700  -4.66602894         1326668.        0.000000       -30692.69     -9.77867970538E+08  5.90491902738E+05 -1.65602265840E+03   4.37964250              438  0.20642    
      107800  -4.66563240         1326457.        0.000000       -30661.93     -9.77816006609E+08  5.90460522293E+05 -1.65602266314E+03   4.38037797              439  0.20418    
      107900  -4.66525542         1326531.        0.000000       -30669.64     -9.77784136367E+08  5.90441278315E+05 -1.65602266013E+03   4.37957960              435  0.20374    
      108000  -4.66550366         1326505.        0.000000       -30699.44     -9.77797318813E+08  5.90449242629E+05 -1.65602264889E+03   4.37981255              437  0.20612    
      108100  -4.66528631         1326337.        0.000000       -30704.44     -9.77763430012E+08  5.90428777392E+05 -1.65602265244E+03   4.38045361              437  0.21145    
      108200  -4.66513995         1326566.        0.000000       -30735.94     -9.77726213478E+08  5.90406303110E+05 -1.65602265479E+03   4.37926321              437  0.20379    
      108300  -4.66611991         1326743.        0.000000       -30671.85     -9.77927059432E+08  5.90527583190E+05 -1.65602266053E+03   4.38030165              439  0.20717    
      108400  -4.66639915         1326759.        0.000000       -30705.24     -9.77899409840E+08  5.90510889316E+05 -1.65602265349E+03   4.37954882              438  0.20519    
      108500  -4.66688721         1326797.        0.000000       -30669.03     -9.77997406237E+08  5.90570064567E+05 -1.65602265491E+03   4.37984989              438  0.20438    
      108600  -4.66564776         1326479.        0.000000       -30703.21     -9.77709491412E+08  5.90396202618E+05 -1.65602266254E+03   4.38073470              437  0.20572    
      108700  -4.66396127         1325968.        0.000000       -30665.72     -9.77447613972E+08  5.90238065193E+05 -1.65602266545E+03   4.37966679              438  0.20622    
      108800  -4.66359766         1325986.        0.000000       -30691.57     -9.77493976766E+08  5.90266064486E+05 -1.65602265754E+03   4.37997849              439  0.20707    
      108900  -4.66414459         1326298.        0.000000       -30697.29     -9.77552507218E+08  5.90301410066E+05 -1.65602265309E+03   4.37938406              439  0.20368    
      109000  -4.66566286         1326680.        0.000000       -30736.37     -9.77818180773E+08  5.90461837978E+05 -1.65602265529E+03   4.37908612              439  0.20510    
      109100  -4.66594881         1326121.        0.000000       -30729.26     -9.77895342543E+08  5.90508432383E+05 -1.65602265593E+03   4.38149408              438  0.20590    
      109200  -4.66381941         1325955.        0.000000       -30726.87     -9.77561857190E+08  5.90307056680E+05 -1.65602265148E+03   4.37978902              438  0.20501    
      109300  -4.66399412         1326364.        0.000000       -30698.16     -9.77491177464E+08  5.90264376870E+05 -1.65602264980E+03   4.37902236              439  0.20509    
      109400  -4.66526652         1326511.        0.000000       -30723.73     -9.77774421614E+08  5.90435415394E+05 -1.65602265061E+03   4.37951909              438  0.20509    
      109500  -4.66591680         1326566.        0.000000       -30697.00     -9.77899865521E+08  5.90511165444E+05 -1.65602265079E+03   4.38053697              438  0.20365    
      109600  -4.66481525         1325956.        0.000000       -30688.43     -9.77497596372E+08  5.90268249234E+05 -1.65602266028E+03   4.38092981              438  0.20599    
      109700  -4.66336646         1326037.        0.000000       -30680.36     -9.77284951186E+08  5.90139839972E+05 -1.65602266614E+03   4.37942646              438  0.20607    
      109800  -4.66332797         1325957.        0.000000       -30714.32     -9.77383529181E+08  5.90199369743E+05 -1.65602265825E+03   4.37947268              438  0.20413    
      109900  -4.66431172         1326553.        0.000000       -30690.51     -9.77543531626E+08  5.90295987764E+05 -1.65602265963E+03   4.37962752              436  0.20810    
      110000  -4.66561735         1326541.        0.000000       -30647.21     -9.77621131360E+08  5.90342844784E+05 -1.65602266547E+03   4.37990904              439  0.21170    
      110100  -4.66577345         1326446.        0.000000       -30655.45     -9.77670986165E+08  5.90372952300E+05 -1.65602265882E+03   4.38058212              439  0.20612    
      110200  -4.66474001         1326333.        0.000000       -30669.21     -9.77524231042E+08  5.90284331112E+05 -1.65602266488E+03   4.37998733              438  0.20472    
      110300  -4.66513932         1326487.        0.000000       -30665.87     -9.77427141648E+08  5.90225702453E+05 -1.65602266656E+03   4.38014114              438  0.20594    
      110400  -4.66594606         1326628.        0.000000       -30662.73     -9.77491043481E+08  5.90264290042E+05 -1.65602266641E+03   4.37983450              438  0.20761    
      110500  -4.66509631         1326144.        0.000000       -30680.50     -9.77473522670E+08  5.90253712609E+05 -1.65602265905E+03   4.38035059              439  0.20359    
      110600  -4.66382783         1326000.        0.000000       -30726.25     -9.77333045282E+08  5.90168887728E+05 -1.65602264980E+03   4.38015605              437  0.20464    
      110700  -4.66411530         1326443.        0.000000       -30701.63     -9.77379458693E+08  5.90196914728E+05 -1.65602264990E+03   4.37990215              439  0.20941    
      110800  -4.66411133         1326048.        0.000000       -30711.46     -9.77362592493E+08  5.90186730240E+05 -1.65602264913E+03   4.37981339              437  0.20338    
      110900  -4.66387540         1326356.        0.000000       -30730.35     -9.77549344048E+08  5.90299500963E+05 -1.65602265029E+03   4.37934006              437  0.20977    
      111000  -4.66500261         1326480.        0.000000       -30705.18     -9.77710007283E+08  5.90396516334E+05 -1.65602265636E+03   4.37982989              439  0.20619    
      111100  -4.66501341         1326433.        0.000000       -30732.73     -9.77748432971E+08  5.90419717016E+05 -1.65602266454E+03   4.37968178              435  0.20386    
      111200  -4.66570537         1326686.        0.000000       -30722.42     -9.77904068014E+08  5.90513698197E+05 -1.65602266467E+03   4.37921692              438  0.20613    
      111300  -4.66548876         1326499.        0.000000       -30716.84     -9.77990925710E+08  5.90566145961E+05 -1.65602266977E+03   4.37964107              438  0.21234    
      111400  -4.66561751         1326730.        0.000000       -30729.67     -9.78090594932E+08  5.90626333734E+05 -1.65602266453E+03   4.37918326              439  0.20381    
      111500  -4.66594318         1326710.        0.000000       -30746.51     -9.78183955063E+08  5.90682710679E+05 -1.65602266221E+03   4.37998456              438  0.20668    
      111600  -4.66546168         1326518.        0.000000       -30726.98     -9.78158793388E+08  5.90667516635E+05 -1.65602266223E+03   4.37913357              438  0.20581    
      111700  -4.66708889         1327042.        0.000000       -30763.78     -9.78625719953E+08  5.90949468331E+05 -1.65602267604E+03   4.37940208              438  0.20540    
      111800  -4.66707827         1326794.        0.000000       -30782.55     -9.78490508577E+08  5.90867822859E+05 -1.65602266822E+03   4.38095327              435  0.20493    
      111900  -4.66573347         1326353.        0.000000       -30728.00     -9.77974146796E+08  5.90556012740E+05 -1.65602267304E+03   4.38108069              437  0.20806    
      112000  -4.66437734         1326028.        0.000000       -30693.53     -9.77629696266E+08  5.90348016359E+05 -1.65602266659E+03   4.38071810              438  0.20815    
      112100  -4.66339825         1326094.        0.000000       -30719.05     -9.77548760102E+08  5.90299142383E+05 -1.65602266701E+03   4.37911533              439  0.20407    
      112200  -4.66415850         1326294.        0.000000       -30666.74     -9.77826722815E+08  5.90466990088E+05 -1.65602267227E+03   4.37926159              439  0.20600    
      112300  -4.66358041         1325823.        0.000000       -30667.91     -9.77786573172E+08  5.90442747893E+05 -1.65602266547E+03   4.38013749              436  0.20650    
      112400  -4.66350078         1326240.        0.000000       -30677.91     -9.77842331866E+08  5.90476418656E+05 -1.65602266402E+03   4.37926244              439  0.20728    
      112500  -4.66491317         1326361.        0.000000       -30670.16     -9.78004833426E+08  5.90574546358E+05 -1.65602266379E+03   4.37992238              438  0.20496    
      112600  -4.66583129         1326944.        0.000000       -30682.91     -9.78180014376E+08  5.90680330233E+05 -1.65602266456E+03   4.37860126              437  0.20519    
      112700  -4.66787653         1327258.        0.000000       -30674.26     -9.78603454664E+08  5.90936025443E+05 -1.65602267002E+03   4.37936040              439  0.20434    
      112800  -4.66715440         1326675.        0.000000       -30650.69     -9.78439964502E+08  5.90837300737E+05 -1.65602267034E+03   4.38053537              438  0.20582    
      112900  -4.66555421         1326308.        0.000000       -30666.47     -9.78119235556E+08  5.90643628585E+05 -1.65602266446E+03   4.38052486              438  0.20489    
      113000  -4.66563985         1326730.        0.000000       -30706.86     -9.78093276351E+08  5.90627953599E+05 -1.65602266264E+03   4.37958643              438  0.20411    
      113100  -4.66631526         1326572.        0.000000       -30667.26     -9.78153240708E+08  5.90664163348E+05 -1.65602266297E+03   4.38025817              437  0.20924    
      113200  -4.66503246         1326204.        0.000000       -30680.81     -9.77957150636E+08  5.90545753255E+05 -1.65602266250E+03   4.38076845              438  0.20910    
      113300  -4.66373589         1326311.        0.000000       -30698.50     -9.77686115152E+08  5.90382090576E+05 -1.65602265170E+03   4.37969531              438  0.20641    
      113400  -4.66459785         1326388.        0.000000       -30698.41     -9.77723529518E+08  5.90404684044E+05 -1.65602265013E+03   4.37942589              438  0.20385    
      113500  -4.66388288         1326063.        0.000000       -30688.54     -9.77597818395E+08  5.90328771167E+05 -1.65602265406E+03   4.38012840              437  0.20812    
      113600  -4.66283253         1325833.        0.000000       -30690.35     -9.77413036058E+08  5.90217187541E+05 -1.65602265859E+03   4.37962143              439  0.20522    
      113700  -4.66339728         1326060.        0.000000       -30717.03     -9.77524774530E+08  5.90284659809E+05 -1.65602266345E+03   4.37961535              438  0.20376    
      113800  -4.66388731         1326182.        0.000000       -30717.27     -9.77659854210E+08  5.90366229643E+05 -1.65602266038E+03   4.38010981              438  0.21031    
      113900  -4.66507635         1326432.        0.000000       -30702.50     -9.77776566796E+08  5.90436705673E+05 -1.65602266492E+03   4.37981614              439  0.20711    
      114000  -4.66448149         1326030.        0.000000       -30690.75     -9.77774168640E+08  5.90435256776E+05 -1.65602266704E+03   4.38014510              438  0.20699    
      114100  -4.66427947         1326173.        0.000000       -30699.86     -9.77779947871E+08  5.90438744555E+05 -1.65602267278E+03   4.37979730              438  0.20761    
      114200  -4.66558357         1326643.        0.000000       -30728.66     -9.78250059736E+08  5.90722625709E+05 -1.65602266980E+03   4.37946254              438  0.20726    
      114300  -4.66573743         1326567.        0.000000       -30689.92     -9.78218686951E+08  5.90703682058E+05 -1.65602266697E+03   4.38009541              439  0.20436    
      114400  -4.66568458         1326593.        0.000000       -30656.61     -9.78093564887E+08  5.90628126924E+05 -1.65602266519E+03   4.37993037              437  0.20706    
      114500  -4.66500848         1326090.        0.000000       -30628.13     -9.77822036877E+08  5.90464163290E+05 -1.65602266432E+03   4.38062531              437  0.20571    
      114600  -4.66369367         1326062.        0.000000       -30641.89     -9.77572821033E+08  5.90313673419E+05 -1.65602266228E+03   4.37922712              438  0.20641    
      114700  -4.66445133         1326467.        0.000000       -30655.21     -9.77791644107E+08  5.90445810671E+05 -1.65602266361E+03   4.37961042              438  0.21044    
      114800  -4.66498699         1326599.        0.000000       -30714.87     -9.77842186470E+08  5.90476332772E+05 -1.65602265866E+03   4.37960168              438  0.20559    
      114900  -4.66527062         1326365.        0.000000       -30699.79     -9.77905234373E+08  5.90514404128E+05 -1.65602266014E+03   4.37997236              438  0.20597    
      115000  -4.66496415         1326574.        0.000000       -30709.22     -9.77835442894E+08  5.90472258502E+05 -1.65602266460E+03   4.37935633              438  0.20417    
      115100  -4.66517969         1326519.        0.000000       -30700.58     -9.77932522050E+08  5.90530881306E+05 -1.65602266199E+03   4.37993764              439  0.20770    
      115200  -4.66559537         1326501.        0.000000       -30703.18     -9.77843398044E+08  5.90477063600E+05 -1.65602266087E+03   4.38022511              438  0.20835    
      115300  -4.66405355         1325981.        0.000000       -30710.04     -9.77561747502E+08  5.90306988099E+05 -1.65602265806E+03   4.38033453              439  0.20473    
      115400  -4.66405113         1326243.        0.000000       -30736.75     -9.77604264075E+08  5.90332662346E+05 -1.65602265711E+03   4.37944910              437  0.20661    
      115500  -4.66454308         1326425.        0.000000       -30734.56     -9.77766856812E+08  5.90430842035E+05 -1.65602266548E+03   4.37915648              437  0.20654    
      115600  -4.66537506         1326613.        0.000000       -30709.29     -9.78036278120E+08  5.90593533447E+05 -1.65602266657E+03   4.37976627              439  0.20418    
      115700  -4.66572544         1326434.        0.000000       -30638.72     -9.78055546072E+08  5.90605169044E+05 -1.65602266512E+03   4.38062426              439  0.20832    
      115800  -4.66558857         1326529.        0.000000       -30628.77     -9.77960692128E+08  5.90547891421E+05 -1.65602266359E+03   4.38007550              439  0.20760    
      115900  -4.66511377         1326594.        0.000000       -30663.99     -9.77838413441E+08  5.90474053480E+05 -1.65602266125E+03   4.38004390              439  0.20425    
      116000  -4.66489027         1326502.        0.000000       -30679.75     -9.77743632032E+08  5.90416821886E+05 -1.65602265347E+03   4.37937456              439  0.20458    
      116100  -4.66664371         1327091.        0.000000       -30690.15     -9.78089180546E+08  5.90625479338E+05 -1.65602266540E+03   4.37877987              439  0.20925    
      116200  -4.66642281         1326645.        0.000000       -30683.02     -9.78134828081E+08  5.90653045411E+05 -1.65602266116E+03   4.38026437              437  0.20397    
      116300  -4.66533620         1326239.        0.000000       -30685.33     -9.77894061566E+08  5.90507656304E+05 -1.65602266309E+03   4.38144424              438  0.20569    
      116400  -4.66396951         1325928.        0.000000       -30683.47     -9.77543514002E+08  5.90295975533E+05 -1.65602266409E+03   4.38009200              439  0.20805    
      116500  -4.66358908         1326091.        0.000000       -30697.54     -9.77498019853E+08  5.90268503505E+05 -1.65602266435E+03   4.37941031              439  0.20403    
      116600  -4.66386591         1326076.        0.000000       -30686.03     -9.77503727524E+08  5.90271949563E+05 -1.65602266590E+03   4.37995917              437  0.20561    
      116700  -4.66398397         1326046.        0.000000       -30690.16     -9.77426663528E+08  5.90225413838E+05 -1.65602266628E+03   4.38002942              438  0.20714    
      116800  -4.66417656         1326170.        0.000000       -30697.44     -9.77454573558E+08  5.90242270810E+05 -1.65602265696E+03   4.37991908              438  0.20488    
      116900  -4.66352834         1325734.        0.000000       -30681.77     -9.77299432319E+08  5.90148587772E+05 -1.65602265695E+03   4.38031292              437  0.20509    
      117000  -4.66369130         1326246.        0.000000       -30683.94     -9.77308824460E+08  5.90154259306E+05 -1.65602265687E+03   4.37901412              439  0.21004    
      117100  -4.66519006         1326230.        0.000000       -30719.53     -9.77662787421E+08  5.90368003983E+05 -1.65602265168E+03   4.38001952              439  0.20839    
      117200  -4.66436663         1326050.        0.000000       -30705.98     -9.77522166119E+08  5.90283090018E+05 -1.65602264854E+03   4.38026405              438  0.20408    
      117300  -4.66452306         1326271.        0.000000       -30747.20     -9.77573814377E+08  5.90314277541E+05 -1.65602265026E+03   4.37989387              438  0.20581    
      117400  -4.66405610         1326057.        0.000000       -30726.98     -9.77515967800E+08  5.90279347937E+05 -1.65602264625E+03   4.37999370              438  0.20671    
      117500  -4.66504629         1326704.        0.000000       -30755.64     -9.77699822858E+08  5.90390367266E+05 -1.65602265394E+03   4.37855352              439  0.20586    
      117600  -4.66639028         1326940.        0.000000       -30733.49     -9.78010895813E+08  5.90578209990E+05 -1.65602265588E+03   4.37934940              439  0.20611    
      117700  -4.66613486         1326472.        0.000000       -30682.42     -9.77936399807E+08  5.90533221734E+05 -1.65602266531E+03   4.38085749              437  0.20821    
      117800  -4.66552757         1326373.        0.000000       -30681.61     -9.77825417311E+08  5.90466204205E+05 -1.65602266539E+03   4.38030010              438  0.20885    
      117900  -4.66617868         1326816.        0.000000       -30694.31     -9.77894344688E+08  5.90507828209E+05 -1.65602266045E+03   4.38000981              439  0.20553    
      118000  -4.66646878         1326735.        0.000000       -30704.08     -9.77892948167E+08  5.90506987893E+05 -1.65602265209E+03   4.37969569              438  0.20779    
      118100  -4.66631721         1326795.        0.000000       -30700.05     -9.77960546890E+08  5.90547804008E+05 -1.65602266277E+03   4.37995936              436  0.21216    
      118200  -4.66584956         1326495.        0.000000       -30709.08     -9.77917245456E+08  5.90521656310E+05 -1.65602266235E+03   4.38012028              438  0.20447    
      118300  -4.66497093         1326423.        0.000000       -30710.31     -9.77804583939E+08  5.90453624767E+05 -1.65602266279E+03   4.37947757              437  0.20561    
      118400  -4.66427523         1326219.        0.000000       -30705.52     -9.77760322088E+08  5.90426897415E+05 -1.65602266152E+03   4.38029501              439  0.20991    
      118500  -4.66380951         1325931.        0.000000       -30681.02     -9.77572439352E+08  5.90313444049E+05 -1.65602265916E+03   4.37987002              436  0.20408    
      118600  -4.66414580         1326185.        0.000000       -30721.46     -9.77658182455E+08  5.90365220028E+05 -1.65602266070E+03   4.37978254              435  0.20498    
      118700  -4.66461444         1326205.        0.000000       -30738.35     -9.77792886763E+08  5.90446561830E+05 -1.65602266145E+03   4.37973696              438  0.20529    
      118800  -4.66427122         1326093.        0.000000       -30747.48     -9.77780238998E+08  5.90438925503E+05 -1.65602265834E+03   4.38050975              438  0.20393    
      118900  -4.66557434         1326826.        0.000000       -30748.94     -9.77950890246E+08  5.90541976264E+05 -1.65602265301E+03   4.37886703              438  0.20969    
      119000  -4.66672933         1326746.        0.000000       -30708.99     -9.78206930782E+08  5.90696586663E+05 -1.65602265675E+03   4.38014607              438  0.20941    
      119100  -4.66544453         1326217.        0.000000       -30714.06     -9.78021663880E+08  5.90584709171E+05 -1.65602266481E+03   4.38093612              439  0.20432    
      119200  -4.66378497         1326237.        0.000000       -30681.28     -9.77710573460E+08  5.90396854071E+05 -1.65602266800E+03   4.37953794              439  0.21100    
      119300  -4.66533308         1326523.        0.000000       -30695.25     -9.77972358518E+08  5.90554936242E+05 -1.65602266360E+03   4.37971242              439  0.20624    
      119400  -4.66573819         1326542.        0.000000       -30674.54     -9.78071081825E+08  5.90614549374E+05 -1.65602266802E+03   4.38028684              439  0.20531    
      119500  -4.66503677         1326681.        0.000000       -30648.64     -9.77870008598E+08  5.90493132902E+05 -1.65602265989E+03   4.37937049              438  0.20565    
      119600  -4.66644839         1326694.        0.000000       -30645.35     -9.78029662995E+08  5.90589541402E+05 -1.65602265945E+03   4.38046246              438  0.20463    
      119700  -4.66599607         1326431.        0.000000       -30633.28     -9.77933397102E+08  5.90531411048E+05 -1.65602265825E+03   4.38060452              438  0.20714    
      119800  -4.66503842         1326307.        0.000000       -30648.41     -9.77761086783E+08  5.90427357757E+05 -1.65602266551E+03   4.38038405              437  0.20384    
      119900  -4.66445475         1326477.        0.000000       -30677.13     -9.77555897795E+08  5.90303453281E+05 -1.65602266489E+03   4.37952530              439  0.21251    
      120000  -4.66528100         1326462.        0.000000       -30657.46     -9.77646385675E+08  5.90358095844E+05 -1.65602266244E+03   4.38024482              438  0.20647    
      120100  -4.66433220         1326116.        0.000000       -30634.88     -9.77505477179E+08  5.90273008288E+05 -1.65602265978E+03   4.38022298              437  0.20395    
      120200  -4.66404204         1326006.        0.000000       -30685.82     -9.77452481242E+08  5.90241009774E+05 -1.65602265017E+03   4.38040885              438  0.20766    
      120300  -4.66368758         1326321.        0.000000       -30710.75     -9.77390794709E+08  5.90203761459E+05 -1.65602264596E+03   4.37911408              438  0.21155    
      120400  -4.66485239         1326573.        0.000000       -30724.86     -9.77761771216E+08  5.90427776712E+05 -1.65602264965E+03   4.37914174              439  0.20428    
      120500  -4.66624362         1326996.        0.000000       -30709.59     -9.78015492991E+08  5.90580984470E+05 -1.65602266024E+03   4.37909904              436  0.20773    
      120600  -4.66734275         1326986.        0.000000       -30683.17     -9.78142599158E+08  5.90657740651E+05 -1.65602265380E+03   4.37984175              439  0.20555    
      120700  -4.66676452         1326724.        0.000000       -30679.65     -9.78139076693E+08  5.90655615094E+05 -1.65602264957E+03   4.38051875              438  0.20482    
      120800  -4.66562596         1326288.        0.000000       -30665.58     -9.77864603436E+08  5.90489872110E+05 -1.65602265106E+03   4.38057269              438  0.20565    
      120900  -4.66468759         1326020.        0.000000       -30648.65     -9.77732042727E+08  5.90409822512E+05 -1.65602265655E+03   4.38040649              439  0.21292    
      121000  -4.66341362         1325982.        0.000000       -30660.69     -9.77597388042E+08  5.90328508334E+05 -1.65602266237E+03   4.37972674              438  0.20729    
      121100  -4.66440448         1326444.        0.000000       -30670.08     -9.77742611749E+08  5.90416201100E+05 -1.65602266660E+03   4.37938869              438  0.20638    
      121200  -4.66524721         1326463.        0.000000       -30688.86     -9.77903825308E+08  5.90513551866E+05 -1.65602266403E+03   4.37953223              439  0.20693    
      121300  -4.66589533         1326521.        0.000000       -30716.05     -9.78064297464E+08  5.90610452757E+05 -1.65602266756E+03   4.38005141              438  0.20948    
      121400  -4.66483610         1326288.        0.000000       -30696.18     -9.77849217692E+08  5.90480573538E+05 -1.65602267291E+03   4.38019764              438  0.20419    
      121500  -4.66398332         1325969.        0.000000       -30671.28     -9.77601738956E+08  5.90331134992E+05 -1.65602266424E+03   4.38012257              439  0.20540    
      121600  -4.66426067         1326427.        0.000000       -30681.11     -9.77558956824E+08  5.90305302339E+05 -1.65602265972E+03   4.37979343              439  0.20610    
      121700  -4.66582275         1326785.        0.000000       -30684.91     -9.77816997098E+08  5.90461120200E+05 -1.65602266372E+03   4.37929728              439  0.20413    
      121800  -4.66675763         1326816.        0.000000       -30671.79     -9.77919487929E+08  5.90523009435E+05 -1.65602266517E+03   4.38036142              436  0.20604    
      121900  -4.66605548         1326477.        0.000000       -30685.90     -9.77687363131E+08  5.90382838090E+05 -1.65602266877E+03   4.38085152              438  0.20599    
      122000  -4.66487989         1326345.        0.000000       -30691.63     -9.77365533615E+08  5.90188501202E+05 -1.65602266331E+03   4.38019371              437  0.20424    
      122100  -4.66418481         1326308.        0.000000       -30702.57     -9.77235993025E+08  5.90110276888E+05 -1.65602266441E+03   4.38019725              438  0.20832    
      122200  -4.66530655         1326580.        0.000000       -30657.94     -9.77314724376E+08  5.90157819283E+05 -1.65602266452E+03   4.37998978              438  0.20407    
      122300  -4.66540896         1326486.        0.000000       -30656.58     -9.77428723685E+08  5.90226659088E+05 -1.65602266288E+03   4.37951024              437  0.20385    
      122400  -4.66540390         1326626.        0.000000       -30693.38     -9.77479492680E+08  5.90257316203E+05 -1.65602266308E+03   4.37999675              438  0.20558    
      122500  -4.66538482         1326512.        0.000000       -30676.34     -9.77468433501E+08  5.90250638944E+05 -1.65602266056E+03   4.37972036              437  0.20701    
      122600  -4.66431742         1325994.        0.000000       -30693.48     -9.77371704958E+08  5.90192225273E+05 -1.65602267042E+03   4.38089538              438  0.21000    
      122700  -4.66347612         1326031.        0.000000       -30741.08     -9.77158735373E+08  5.90063623858E+05 -1.65602266580E+03   4.37948832              438  0.20420    
      122800  -4.66521406         1326750.        0.000000       -30724.93     -9.77534443248E+08  5.90290496612E+05 -1.65602266826E+03   4.37882973              439  0.20703    
      122900  -4.66563694         1326553.        0.000000       -30730.83     -9.77623889726E+08  5.90344511906E+05 -1.65602266136E+03   4.38006178              438  0.20502    
      123000  -4.66511061         1326112.        0.000000       -30735.71     -9.77544328358E+08  5.90296470359E+05 -1.65602265547E+03   4.38077945              439  0.20412    
      123100  -4.66410045         1326081.        0.000000       -30710.30     -9.77371332133E+08  5.90192003376E+05 -1.65602266134E+03   4.38021744              438  0.20442    
      123200  -4.66351688         1326038.        0.000000       -30673.64     -9.77228676278E+08  5.90105863684E+05 -1.65602265020E+03   4.37975233              439  0.20500    
      123300  -4.66462581         1326398.        0.000000       -30672.20     -9.77454837261E+08  5.90242433066E+05 -1.65602264850E+03   4.37946319              437  0.20399    
      123400  -4.66576318         1326794.        0.000000       -30667.96     -9.77785268682E+08  5.90441964335E+05 -1.65602265378E+03   4.37947926              438  0.20518    
      123500  -4.66696217         1327122.        0.000000       -30708.21     -9.77973928703E+08  5.90555888315E+05 -1.65602265265E+03   4.37919283              438  0.20803    
      123600  -4.66715223         1326935.        0.000000       -30747.23     -9.78090723743E+08  5.90626416306E+05 -1.65602265110E+03   4.37983179              438  0.20411    
      123700  -4.66627090         1326591.        0.000000       -30696.05     -9.77935947365E+08  5.90532951323E+05 -1.65602265746E+03   4.38050605              438  0.20501    
      123800  -4.66612270         1326603.        0.000000       -30706.29     -9.77926225702E+08  5.90527080347E+05 -1.65602265882E+03   4.37973502              439  0.20804    
      123900  -4.66579767         1326438.        0.000000       -30674.19     -9.77888646209E+08  5.90504387727E+05 -1.65602265882E+03   4.38067453              437  0.20690    
      124000  -4.66519022         1326443.        0.000000       -30702.04     -9.77775509402E+08  5.90436067510E+05 -1.65602266394E+03   4.37974673              438  0.20437    
      124100  -4.66540765         1326324.        0.000000       -30723.65     -9.77863588288E+08  5.90489257558E+05 -1.65602265540E+03   4.38028618              437  0.20399    
      124200  -4.66452772         1326093.        0.000000       -30699.41     -9.77662338217E+08  5.90367730909E+05 -1.65602265678E+03   4.38004479              437  0.20393    
      124300  -4.66447145         1326093.        0.000000       -30676.62     -9.77699453655E+08  5.90390141913E+05 -1.65602266069E+03   4.38041303              437  0.20707    
      124400  -4.66435208         1326268.        0.000000       -30656.21     -9.77580684661E+08  5.90318423483E+05 -1.65602265790E+03   4.38003650              437  0.21221    
      124500  -4.66445448         1326384.        0.000000       -30707.62     -9.77580853360E+08  5.90318525276E+05 -1.65602265811E+03   4.37899891              437  0.20428    
      124600  -4.66528982         1326542.        0.000000       -30666.14     -9.77851504793E+08  5.90481960731E+05 -1.65602265577E+03   4.38031470              439  0.20375    
      124700  -4.66623206         1326827.        0.000000       -30673.74     -9.77870570208E+08  5.90493472725E+05 -1.65602265796E+03   4.37984707              437  0.21145    
      124800  -4.66700920         1326980.        0.000000       -30695.40     -9.77987660380E+08  5.90564175103E+05 -1.65602266716E+03   4.37960138              438  0.20512    
      124900  -4.66767832         1327228.        0.000000       -30685.45     -9.78154602492E+08  5.90664984209E+05 -1.65602266707E+03   4.38003924              438  0.20413    
      125000  -4.66761110         1327073.        0.000000       -30710.86     -9.78134189284E+08  5.90652658404E+05 -1.65602266470E+03   4.37959988              438  0.20538    
      125100  -4.66684137         1326615.        0.000000       -30687.29     -9.78099032494E+08  5.90631430225E+05 -1.65602266056E+03   4.38013835              438  0.20926    
      125200  -4.66547586         1326430.        0.000000       -30634.55     -9.77819610943E+08  5.90462699300E+05 -1.65602266172E+03   4.38050522              437  0.20394    
      125300  -4.66486671         1326216.        0.000000       -30623.31     -9.77495970708E+08  5.90267266414E+05 -1.65602266351E+03   4.38036655              436  0.20786    
      125400  -4.66429959         1326099.        0.000000       -30630.37     -9.77350366446E+08  5.90179341005E+05 -1.65602266725E+03   4.38032585              437  0.20615    
      125500  -4.66372177         1326040.        0.000000       -30625.60     -9.77180653884E+08  5.90076857443E+05 -1.65602267155E+03   4.38033727              437  0.20404    
      125600  -4.66415469         1326255.        0.000000       -30681.00     -9.77276869301E+08  5.90134957885E+05 -1.65602267116E+03   4.37892645              438  0.20723    
      125700  -4.66444710         1326405.        0.000000       -30716.37     -9.77534847888E+08  5.90290743056E+05 -1.65602266237E+03   4.37943451              438  0.20978    
      125800  -4.66527093         1326340.        0.000000       -30752.31     -9.77701481133E+08  5.90391366429E+05 -1.65602266010E+03   4.38009162              439  0.20557    
      125900  -4.66530996         1326324.        0.000000       -30710.02     -9.77632025745E+08  5.90349425489E+05 -1.65602265969E+03   4.38027460              438  0.20670    
      126000  -4.66376289         1325796.        0.000000       -30683.24     -9.77472504016E+08  5.90253096561E+05 -1.65602266165E+03   4.38084217              439  0.20774    
      126100  -4.66246878         1325825.        0.000000       -30668.35     -9.77192792732E+08  5.90084190071E+05 -1.65602266452E+03   4.37993006              439  0.20399    
      126200  -4.66425230         1326496.        0.000000       -30664.71     -9.77442649935E+08  5.90235068463E+05 -1.65602266311E+03   4.37880437              437  0.20452    
      126300  -4.66522989         1326263.        0.000000       -30700.60     -9.77790739952E+08  5.90445266582E+05 -1.65602265831E+03   4.38008486              439  0.20696    
      126400  -4.66474432         1326363.        0.000000       -30725.65     -9.77687672957E+08  5.90383031444E+05 -1.65602265120E+03   4.37956305              439  0.20414    
      126500  -4.66499557         1326366.        0.000000       -30692.48     -9.77617328477E+08  5.90340554751E+05 -1.65602264762E+03   4.38042733              437  0.20410    
      126600  -4.66554549         1326910.        0.000000       -30721.89     -9.77732944457E+08  5.90410365102E+05 -1.65602266195E+03   4.37889072              439  0.20486    
      126700  -4.66661458         1327065.        0.000000       -30684.21     -9.77789644877E+08  5.90444606215E+05 -1.65602265578E+03   4.37967348              437  0.20426    
      126800  -4.66770373         1327241.        0.000000       -30708.29     -9.77965749932E+08  5.90550948075E+05 -1.65602265667E+03   4.37907763              437  0.20413    
      126900  -4.66698694         1326465.        0.000000       -30676.31     -9.77905227245E+08  5.90514399851E+05 -1.65602266006E+03   4.38120267              438  0.20483    
      127000  -4.66513951         1326417.        0.000000       -30660.17     -9.77539042388E+08  5.90293279307E+05 -1.65602265290E+03   4.38023283              438  0.20710    
      127100  -4.66446600         1326019.        0.000000       -30674.58     -9.77402189209E+08  5.90210639217E+05 -1.65602265406E+03   4.38035946              439  0.20422    
      127200  -4.66363168         1325876.        0.000000       -30647.40     -9.77225626150E+08  5.90104017786E+05 -1.65602266159E+03   4.38032012              438  0.20689    
      127300  -4.66387350         1326155.        0.000000       -30647.97     -9.77272820364E+08  5.90132519324E+05 -1.65602265315E+03   4.37950377              437  0.20630    
      127400  -4.66476277         1326410.        0.000000       -30660.62     -9.77450861996E+08  5.90240027557E+05 -1.65602266258E+03   4.37972688              438  0.20407    
      127500  -4.66521870         1326395.        0.000000       -30652.71     -9.77439042872E+08  5.90232890116E+05 -1.65602266366E+03   4.38021522              436  0.20822    
      127600  -4.66418998         1326030.        0.000000       -30643.64     -9.77186137936E+08  5.90080173567E+05 -1.65602265880E+03   4.38063274              439  0.20608    
      127700  -4.66358382         1325994.        0.000000       -30657.72     -9.77047634615E+08  5.89996536796E+05 -1.65602266061E+03   4.38000529              437  0.20598    
      127800  -4.66297228         1325436.        0.000000       -30668.85     -9.76887379542E+08  5.89899765606E+05 -1.65602266097E+03   4.38099539              437  0.20422    
      127900  -4.66183594         1325664.        0.000000       -30678.34     -9.76823522645E+08  5.89861207632E+05 -1.65602265415E+03   4.37943519              438  0.20786    
      128000  -4.66327704         1326133.        0.000000       -30723.76     -9.77157727601E+08  5.90063017650E+05 -1.65602265923E+03   4.37854279              438  0.20788    
      128100  -4.66446861         1326141.        0.000000       -30713.72     -9.77487341429E+08  5.90262058240E+05 -1.65602265601E+03   4.38037805              437  0.20359    
      128200  -4.66388517         1326008.        0.000000       -30691.26     -9.77308393786E+08  5.90153997627E+05 -1.65602266140E+03   4.38017589              438  0.20421    
      128300  -4.66406853         1326106.        0.000000       -30680.33     -9.77454706373E+08  5.90242346998E+05 -1.65602266822E+03   4.37970025              437  0.20644    
      128400  -4.66365708         1326027.        0.000000       -30679.16     -9.77504085231E+08  5.90272167568E+05 -1.65602266029E+03   4.38010684              437  0.20553    
      128500  -4.66389671         1326283.        0.000000       -30685.68     -9.77569179654E+08  5.90311476974E+05 -1.65602265547E+03   4.37929548              438  0.20801    
      128600  -4.66572467         1326658.        0.000000       -30677.65     -9.77883467411E+08  5.90501258372E+05 -1.65602266472E+03   4.37894822              438  0.20606    
      128700  -4.66645886         1326729.        0.000000       -30696.53     -9.78004354467E+08  5.90574260154E+05 -1.65602265533E+03   4.37994670              438  0.20495    
      128800  -4.66629283         1326714.        0.000000       -30648.02     -9.78002721841E+08  5.90573272001E+05 -1.65602266172E+03   4.37995562              439  0.20953    
      128900  -4.66577234         1326175.        0.000000       -30620.03     -9.77882737530E+08  5.90500816765E+05 -1.65602266714E+03   4.38063290              438  0.20636    
      129000  -4.66383025         1326294.        0.000000       -30660.08     -9.77578116657E+08  5.90316870540E+05 -1.65602266417E+03   4.37924310              438  0.20550    
      129100  -4.66522325         1326590.        0.000000       -30646.65     -9.77936858673E+08  5.90533497496E+05 -1.65602266903E+03   4.37929275              438  0.20607    
      129200  -4.66638350         1326888.        0.000000       -30682.37     -9.78038634604E+08  5.90594957205E+05 -1.65602266439E+03   4.37949375              437  0.21134    
      129300  -4.66659268         1326867.        0.000000       -30709.86     -9.78025723630E+08  5.90587160002E+05 -1.65602266671E+03   4.37984823              437  0.20524    
      129400  -4.66673090         1327059.        0.000000       -30698.13     -9.78135513556E+08  5.90653457217E+05 -1.65602266711E+03   4.37943091              438  0.20438    
      129500  -4.66589311         1326297.        0.000000       -30730.12     -9.78073043994E+08  5.90615734195E+05 -1.65602266815E+03   4.38105672              437  0.20550    
      129600  -4.66520630         1326151.        0.000000       -30745.10     -9.77892420174E+08  5.90506664079E+05 -1.65602266606E+03   4.38069881              436  0.20816    
      129700  -4.66423315         1326227.        0.000000       -30768.42     -9.77660713476E+08  5.90366748039E+05 -1.65602266171E+03   4.37958832              438  0.20402    
      129800  -4.66401013         1325994.        0.000000       -30749.77     -9.77686677791E+08  5.90382427913E+05 -1.65602265848E+03   4.38014674              439  0.20750    
      129900  -4.66418478         1326330.        0.000000       -30755.88     -9.77648782820E+08  5.90359545832E+05 -1.65602265555E+03   4.37935771              437  0.20588    
      130000  -4.66649118         1326976.        0.000000       -30710.76     -9.77938854733E+08  5.90534707518E+05 -1.65602265588E+03   4.37930480              439  0.20402    
      130100  -4.66720184         1326844.        0.000000       -30666.00     -9.78022631264E+08  5.90585295495E+05 -1.65602265875E+03   4.38036639              438  0.20563    
      130200  -4.66573472         1326330.        0.000000       -30704.79     -9.77860958720E+08  5.90487668636E+05 -1.65602265832E+03   4.38042312              439  0.20613    
      130300  -4.66408814         1326146.        0.000000       -30688.16     -9.77582800801E+08  5.90319701921E+05 -1.65602265623E+03   4.37996184              439  0.20410    
      130400  -4.66416625         1326128.        0.000000       -30734.07     -9.77725715103E+08  5.90406000549E+05 -1.65602265931E+03   4.37967389              437  0.20552    
      130500  -4.66547842         1326741.        0.000000       -30754.32     -9.78061780098E+08  5.90608936035E+05 -1.65602265801E+03   4.37926673              439  0.20865    
      130600  -4.66579636         1326555.        0.000000       -30723.38     -9.78090946396E+08  5.90626548181E+05 -1.65602265833E+03   4.38091232              437  0.20416    
      130700  -4.66510278         1326135.        0.000000       -30747.74     -9.77799662235E+08  5.90450653169E+05 -1.65602266165E+03   4.38023083              438  0.20677    
      130800  -4.66422643         1326057.        0.000000       -30766.09     -9.77671882749E+08  5.90373492420E+05 -1.65602266244E+03   4.38034826              438  0.20998    
      130900  -4.66372784         1326277.        0.000000       -30714.11     -9.77442035656E+08  5.90234700342E+05 -1.65602265521E+03   4.37900261              438  0.20463    
      131000  -4.66506006         1326594.        0.000000       -30720.32     -9.77642657811E+08  5.90355845788E+05 -1.65602265953E+03   4.37927811              438  0.20363    
      131100  -4.66593714         1326586.        0.000000       -30694.67     -9.77741493250E+08  5.90415523652E+05 -1.65602267231E+03   4.38028564              438  0.20546    
      131200  -4.66459677         1326186.        0.000000       -30678.08     -9.77411886418E+08  5.90216490851E+05 -1.65602266553E+03   4.38002824              437  0.20592    
      131300  -4.66486132         1326637.        0.000000       -30738.61     -9.77552127208E+08  5.90301178592E+05 -1.65602265870E+03   4.37879162              439  0.20473    
      131400  -4.66603720         1326676.        0.000000       -30704.06     -9.77896792952E+08  5.90509308082E+05 -1.65602265632E+03   4.37967844              437  0.20559    
      131500  -4.66573071         1326480.        0.000000       -30671.03     -9.77817492949E+08  5.90461422261E+05 -1.65602265632E+03   4.38074271              437  0.20746    
      131600  -4.66472429         1326244.        0.000000       -30655.44     -9.77530383687E+08  5.90288051511E+05 -1.65602265061E+03   4.38043988              438  0.20399    
      131700  -4.66420152         1326147.        0.000000       -30669.57     -9.77295524391E+08  5.90146232165E+05 -1.65602264511E+03   4.37984492              437  0.20767    
      131800  -4.66318756         1325917.        0.000000       -30653.69     -9.77187876480E+08  5.90081225708E+05 -1.65602265232E+03   4.37986264              437  0.20480    
      131900  -4.66341480         1326294.        0.000000       -30670.86     -9.77385760376E+08  5.90200716264E+05 -1.65602266050E+03   4.37832673              438  0.20422    
      132000  -4.66521375         1326561.        0.000000       -30703.72     -9.77917546054E+08  5.90521837880E+05 -1.65602266220E+03   4.37951005              438  0.20814    
      132100  -4.66683924         1327078.        0.000000       -30653.70     -9.78176499690E+08  5.90678207915E+05 -1.65602266443E+03   4.37930637              438  0.20731    
      132200  -4.66686350         1326656.        0.000000       -30645.04     -9.78154958837E+08  5.90665198052E+05 -1.65602267082E+03   4.38061782              437  0.20428    
      132300  -4.66636069         1326732.        0.000000       -30679.54     -9.78047067322E+08  5.90600048090E+05 -1.65602266794E+03   4.38003696              439  0.20631    
      132400  -4.66515663         1326034.        0.000000       -30674.77     -9.77776348609E+08  5.90436572566E+05 -1.65602266872E+03   4.38143739              436  0.20809    
      132500  -4.66387005         1325893.        0.000000       -30661.30     -9.77434223710E+08  5.90229979334E+05 -1.65602266563E+03   4.38046753              439  0.21133    
      132600  -4.66310990         1326050.        0.000000       -30660.51     -9.77329859023E+08  5.90166960871E+05 -1.65602265769E+03   4.37983177              438  0.20415    
      132700  -4.66445356         1326353.        0.000000       -30686.26     -9.77505672216E+08  5.90273129099E+05 -1.65602265126E+03   4.37926906              439  0.21022    
      132800  -4.66590221         1326811.        0.000000       -30693.67     -9.77804356970E+08  5.90453491486E+05 -1.65602265220E+03   4.37957444              437  0.20502    
      132900  -4.66647344         1326693.        0.000000       -30715.16     -9.77805868424E+08  5.90454403843E+05 -1.65602265316E+03   4.37998173              438  0.20395    
      133000  -4.66608966         1326758.        0.000000       -30721.68     -9.77801894941E+08  5.90452004966E+05 -1.65602265166E+03   4.37954274              438  0.20781    
      133100  -4.66589656         1326631.        0.000000       -30711.92     -9.77866792786E+08  5.90491190292E+05 -1.65602266192E+03   4.37999221              439  0.20503    
      133200  -4.66600786         1326759.        0.000000       -30681.32     -9.77756641619E+08  5.90424674623E+05 -1.65602266241E+03   4.37985414              439  0.20414    
      133300  -4.66509856         1326257.        0.000000       -30672.95     -9.77630890578E+08  5.90348739626E+05 -1.65602266077E+03   4.38048676              438  0.21082    
      133400  -4.66457774         1326237.        0.000000       -30720.22     -9.77448527491E+08  5.90238620146E+05 -1.65602265614E+03   4.37962071              438  0.20627    
      133500  -4.66444016         1326305.        0.000000       -30723.20     -9.77479127046E+08  5.90257094237E+05 -1.65602266638E+03   4.37936744              438  0.20412    
      133600  -4.66495840         1326169.        0.000000       -30692.21     -9.77544887338E+08  5.90296804777E+05 -1.65602266424E+03   4.38025334              438  0.20717    
      133700  -4.66427782         1326277.        0.000000       -30707.16     -9.77438125394E+08  5.90232337105E+05 -1.65602266082E+03   4.38015671              439  0.20618    
      133800  -4.66462683         1326440.        0.000000       -30732.51     -9.77395683965E+08  5.90206707807E+05 -1.65602266297E+03   4.37953734              438  0.20458    
      133900  -4.66400190         1326024.        0.000000       -30723.23     -9.77256957172E+08  5.90122936356E+05 -1.65602266403E+03   4.37984150              437  0.20814    
      134000  -4.66402797         1326084.        0.000000       -30654.42     -9.77432319415E+08  5.90228828356E+05 -1.65602266859E+03   4.37931395              439  0.20645    
      134100  -4.66473586         1326719.        0.000000       -30661.24     -9.77644375239E+08  5.90356879232E+05 -1.65602266973E+03   4.37849944              438  0.21006    
      134200  -4.66640019         1326763.        0.000000       -30672.12     -9.77984798253E+08  5.90562446888E+05 -1.65602266688E+03   4.37980292              437  0.20402    
      134300  -4.66628629         1326597.        0.000000       -30635.73     -9.77836663049E+08  5.90472994191E+05 -1.65602266771E+03   4.38023676              439  0.20568    
      134400  -4.66468421         1326165.        0.000000       -30636.04     -9.77533133406E+08  5.90289704442E+05 -1.65602267166E+03   4.38069837              439  0.20924    
      134500  -4.66424276         1326079.        0.000000       -30620.25     -9.77445754815E+08  5.90236940636E+05 -1.65602267076E+03   4.38010913              438  0.20771    
      134600  -4.66404098         1326416.        0.000000       -30660.39     -9.77438642211E+08  5.90232647922E+05 -1.65602266437E+03   4.37916820              437  0.20618    
      134700  -4.66491600         1326431.        0.000000       -30665.80     -9.77547357371E+08  5.90298295982E+05 -1.65602266519E+03   4.38003426              436  0.20590    
      134800  -4.66468312         1326379.        0.000000       -30686.71     -9.77544665261E+08  5.90296672706E+05 -1.65602265854E+03   4.37985060              438  0.20576    
      134900  -4.66491219         1326169.        0.000000       -30702.54     -9.77547300363E+08  5.90298262941E+05 -1.65602266131E+03   4.38038077              439  0.20967    
      135000  -4.66591694         1326853.        0.000000       -30697.66     -9.77736392078E+08  5.90412449127E+05 -1.65602265590E+03   4.37937729              439  0.20879    
      135100  -4.66622162         1326630.        0.000000       -30643.02     -9.77835617723E+08  5.90472365223E+05 -1.65602266137E+03   4.38014120              438  0.20448    
      135200  -4.66508521         1326448.        0.000000       -30691.27     -9.77599028285E+08  5.90329497468E+05 -1.65602266612E+03   4.37969322              438  0.20588    
      135300  -4.66510738         1326548.        0.000000       -30675.84     -9.77595159595E+08  5.90327162462E+05 -1.65602266295E+03   4.37998068              438  0.20646    
      135400  -4.66516158         1326650.        0.000000       -30696.99     -9.77588667525E+08  5.90323243600E+05 -1.65602265898E+03   4.37913833              436  0.20477    
      135500  -4.66617936         1326535.        0.000000       -30716.21     -9.77797946662E+08  5.90449621531E+05 -1.65602264953E+03   4.37980906              438  0.20376    
      135600  -4.66479242         1325933.        0.000000       -30751.36     -9.77737752619E+08  5.90413273543E+05 -1.65602264792E+03   4.38056818              439  0.21169    
      135700  -4.66367563         1325910.        0.000000       -30717.30     -9.77562447532E+08  5.90307413312E+05 -1.65602265106E+03   4.37988379              437  0.20642    
      135800  -4.66325574         1326034.        0.000000       -30679.00     -9.77603184251E+08  5.90332011488E+05 -1.65602265374E+03   4.37953744              437  0.20413    
      135900  -4.66428716         1326348.        0.000000       -30707.98     -9.77773341784E+08  5.90434760456E+05 -1.65602265868E+03   4.37956536              437  0.20548    
      136000  -4.66471866         1326461.        0.000000       -30713.26     -9.77788623589E+08  5.90443986249E+05 -1.65602266491E+03   4.37887009              439  0.21076    
      136100  -4.66694160         1327193.        0.000000       -30750.71     -9.78386495533E+08  5.90805014737E+05 -1.65602266590E+03   4.37910579              438  0.20540    
      136200  -4.66773719         1327001.        0.000000       -30723.96     -9.78492733405E+08  5.90869168695E+05 -1.65602266161E+03   4.38058441              439  0.21223    
      136300  -4.66752488         1327167.        0.000000       -30706.62     -9.78312272019E+08  5.90760196851E+05 -1.65602265900E+03   4.37929674              439  0.20483    
      136400  -4.66731155         1326894.        0.000000       -30668.34     -9.78240270237E+08  5.90716715216E+05 -1.65602266711E+03   4.38107353              439  0.20464    
      136500  -4.66687156         1326834.        0.000000       -30678.97     -9.77976465232E+08  5.90557415282E+05 -1.65602266592E+03   4.37994614              439  0.20915    
      136600  -4.66603495         1326559.        0.000000       -30684.05     -9.77881807814E+08  5.90500258307E+05 -1.65602265885E+03   4.37969474              437  0.20578    
      136700  -4.66580327         1326499.        0.000000       -30702.86     -9.77935107989E+08  5.90532443469E+05 -1.65602266023E+03   4.38090833              438  0.20669    
      136800  -4.66503472         1326345.        0.000000       -30704.59     -9.77873274430E+08  5.90495105008E+05 -1.65602265986E+03   4.38041407              437  0.20584    
      136900  -4.66489484         1326687.        0.000000       -30749.05     -9.77733533487E+08  5.90410723925E+05 -1.65602265316E+03   4.37899892              437  0.20995    
      137000  -4.66668486         1326600.        0.000000       -30791.78     -9.78087275921E+08  5.90624334044E+05 -1.65602265187E+03   4.38013470              437  0.20721    
      137100  -4.66503100         1326019.        0.000000       -30756.50     -9.77867212574E+08  5.90491449217E+05 -1.65602264668E+03   4.38084364              438  0.20431    
      137200  -4.66277538         1325723.        0.000000       -30736.40     -9.77499460597E+08  5.90269378320E+05 -1.65602265084E+03   4.38000323              436  0.20467    
      137300  -4.66338929         1325968.        0.000000       -30739.83     -9.77583262516E+08  5.90319981629E+05 -1.65602265371E+03   4.37945173              438  0.20709    
      137400  -4.66411736         1326208.        0.000000       -30703.40     -9.77824083883E+08  5.90465401590E+05 -1.65602265814E+03   4.37957112              437  0.20425    
      137500  -4.66473632         1326463.        0.000000       -30695.13     -9.77855339257E+08  5.90484273123E+05 -1.65602266439E+03   4.37968711              439  0.21122    
      137600  -4.66469440         1326333.        0.000000       -30691.55     -9.77761942247E+08  5.90427875879E+05 -1.65602266118E+03   4.37969180              437  0.20569    
      137700  -4.66593226         1326645.        0.000000       -30685.60     -9.77944299354E+08  5.90537996942E+05 -1.65602265124E+03   4.37959453              438  0.20447    
      137800  -4.66680225         1326803.        0.000000       -30687.99     -9.78040622403E+08  5.90596159618E+05 -1.65602265859E+03   4.37950110              437  0.20771    
      137900  -4.66645943         1326618.        0.000000       -30705.52     -9.78050562588E+08  5.90602159092E+05 -1.65602266692E+03   4.38046852              439  0.20504    
      138000  -4.66529946         1326294.        0.000000       -30688.67     -9.77830230721E+08  5.90469109026E+05 -1.65602267041E+03   4.38030132              438  0.20394    
      138100  -4.66524522         1326421.        0.000000       -30733.83     -9.77861947362E+08  5.90488266891E+05 -1.65602265480E+03   4.38036308              439  0.20478    
      138200  -4.66513128         1326433.        0.000000       -30697.15     -9.77801940447E+08  5.90452031981E+05 -1.65602265296E+03   4.37992937              438  0.20534    
      138300  -4.66575928         1326837.        0.000000       -30744.21     -9.77948614940E+08  5.90540600033E+05 -1.65602265938E+03   4.37899946              439  0.20416    
      138400  -4.66768004         1327227.        0.000000       -30737.36     -9.78250043621E+08  5.90722619746E+05 -1.65602265923E+03   4.37973347              439  0.20977    
      138500  -4.66717164         1326844.        0.000000       -30711.81     -9.78168348671E+08  5.90673286133E+05 -1.65602266369E+03   4.38055842              438  0.20454    
      138600  -4.66668035         1326502.        0.000000       -30708.24     -9.77971292734E+08  5.90554294581E+05 -1.65602265822E+03   4.38122645              438  0.20873    
      138700  -4.66504235         1326010.        0.000000       -30718.47     -9.77587586437E+08  5.90322590871E+05 -1.65602265872E+03   4.38102010              439  0.20356    
      138800  -4.66443865         1326522.        0.000000       -30712.48     -9.77531734251E+08  5.90288862943E+05 -1.65602266215E+03   4.37925353              437  0.20883    
      138900  -4.66464995         1326395.        0.000000       -30675.85     -9.77544178063E+08  5.90296375093E+05 -1.65602266812E+03   4.37910830              439  0.20557    
      139000  -4.66535121         1326357.        0.000000       -30681.19     -9.77767043596E+08  5.90430957865E+05 -1.65602265696E+03   4.38037769              438  0.20530    
      139100  -4.66505452         1326327.        0.000000       -30717.74     -9.77633711929E+08  5.90350445554E+05 -1.65602265449E+03   4.38021034              438  0.20866    
      139200  -4.66430689         1326004.        0.000000       -30681.80     -9.77513632584E+08  5.90277930875E+05 -1.65602266569E+03   4.38012532              437  0.20443    
      139300  -4.66418862         1326293.        0.000000       -30671.77     -9.77532244828E+08  5.90289168632E+05 -1.65602266952E+03   4.37999492              437  0.20371    
      139400  -4.66406036         1325859.        0.000000       -30721.80     -9.77480080702E+08  5.90257668549E+05 -1.65602267075E+03   4.38037037              437  0.20602    
      139500  -4.66299154         1325703.        0.000000       -30698.78     -9.77360485480E+08  5.90185450900E+05 -1.65602266879E+03   4.37976709              439  0.20839    
      139600  -4.66380083         1326391.        0.000000       -30744.31     -9.77504850798E+08  5.90272628042E+05 -1.65602266539E+03   4.37908250              438  0.20405    
      139700  -4.66567710         1326660.        0.000000       -30794.19     -9.77843279495E+08  5.90476991972E+05 -1.65602266098E+03   4.37920969              438  0.21080    
      139800  -4.66529954         1326224.        0.000000       -30796.36     -9.77827697746E+08  5.90467584314E+05 -1.65602265683E+03   4.38075042              439  0.20531    
      139900  -4.66384094         1326010.        0.000000       -30709.64     -9.77566262569E+08  5.90309713908E+05 -1.65602265986E+03   4.38022943              438  0.20529    
      140000  -4.66399794         1326251.        0.000000       -30695.04     -9.77637908031E+08  5.90352973981E+05 -1.65602266969E+03   4.37968930              439  0.20858    
      140100  -4.66537255         1326426.        0.000000       -30683.74     -9.77785433394E+08  5.90442058316E+05 -1.65602266916E+03   4.38021586              436  0.20454    
      140200  -4.66458761         1326375.        0.000000       -30697.09     -9.77669032134E+08  5.90371769330E+05 -1.65602266728E+03   4.37928491              439  0.20588    
      140300  -4.66588153         1327071.        0.000000       -30716.37     -9.78033443868E+08  5.90591824470E+05 -1.65602265955E+03   4.37890781              437  0.20632    
      140400  -4.66828595         1327311.        0.000000       -30718.67     -9.78386088276E+08  5.90804773498E+05 -1.65602265277E+03   4.37933284              439  0.20623    
      140500  -4.66784721         1326963.        0.000000       -30745.23     -9.78352659958E+08  5.90784587788E+05 -1.65602265222E+03   4.38069918              437  0.20613    
      140600  -4.66674908         1326778.        0.000000       -30688.89     -9.78172297308E+08  5.90675673484E+05 -1.65602265544E+03   4.38024964              439  0.20521    
      140700  -4.66702551         1326918.        0.000000       -30690.53     -9.78186306059E+08  5.90684128578E+05 -1.65602266716E+03   4.38027516              439  0.20690    
      140800  -4.66616499         1326448.        0.000000       -30678.39     -9.77985882153E+08  5.90563104046E+05 -1.65602265948E+03   4.38044819              438  0.20589    
      140900  -4.66429815         1326167.        0.000000       -30660.14     -9.77676441613E+08  5.90376247580E+05 -1.65602265609E+03   4.38005593              439  0.20434    
      141000  -4.66390952         1326210.        0.000000       -30655.70     -9.77604654751E+08  5.90332894990E+05 -1.65602266627E+03   4.37990538              438  0.20579    
      141100  -4.66445716         1326236.        0.000000       -30687.31     -9.77653964779E+08  5.90362672687E+05 -1.65602266202E+03   4.37925636              438  0.21065    
      141200  -4.66400716         1326216.        0.000000       -30696.04     -9.77556347479E+08  5.90303724242E+05 -1.65602266653E+03   4.38009899              439  0.20379    
      141300  -4.66569925         1326712.        0.000000       -30695.44     -9.77805859554E+08  5.90454397455E+05 -1.65602265606E+03   4.37908346              438  0.20863    
      141400  -4.66541461         1326259.        0.000000       -30666.45     -9.77792423222E+08  5.90446283796E+05 -1.65602265618E+03   4.38070716              439  0.20604    
      141500  -4.66371050         1325847.        0.000000       -30625.87     -9.77481247564E+08  5.90258375176E+05 -1.65602266511E+03   4.38019954              439  0.20716    
      141600  -4.66372524         1326250.        0.000000       -30658.56     -9.77537550928E+08  5.90292376249E+05 -1.65602265972E+03   4.37970072              438  0.20482    
      141700  -4.66395375         1326212.        0.000000       -30686.98     -9.77588333005E+08  5.90323042421E+05 -1.65602265667E+03   4.37931119              439  0.20883    
      141800  -4.66542246         1326472.        0.000000       -30709.37     -9.77899366442E+08  5.90510858828E+05 -1.65602266550E+03   4.37967511              437  0.20589    
      141900  -4.66575065         1326617.        0.000000       -30712.09     -9.77958157246E+08  5.90546360917E+05 -1.65602266302E+03   4.37965635              439  0.20829    
      142000  -4.66549414         1326348.        0.000000       -30725.43     -9.77921879134E+08  5.90524453503E+05 -1.65602266482E+03   4.38057266              438  0.20840    
      142100  -4.66455484         1326205.        0.000000       -30781.05     -9.77702695336E+08  5.90392097910E+05 -1.65602266493E+03   4.37984917              438  0.21083    
      142200  -4.66446441         1326428.        0.000000       -30757.29     -9.77728167364E+08  5.90407480826E+05 -1.65602266082E+03   4.37930209              435  0.20408    
      142300  -4.66514401         1326351.        0.000000       -30741.84     -9.77780581870E+08  5.90439128095E+05 -1.65602267083E+03   4.38001438              438  0.20571    
      142400  -4.66525660         1326522.        0.000000       -30712.51     -9.77837604526E+08  5.90473562650E+05 -1.65602266787E+03   4.37921570              438  0.20678    
      142500  -4.66479583         1326246.        0.000000       -30718.13     -9.77840790159E+08  5.90475487336E+05 -1.65602266501E+03   4.38068698              437  0.20459    
      142600  -4.66446750         1326146.        0.000000       -30697.70     -9.77686491409E+08  5.90382312374E+05 -1.65602266687E+03   4.38051394              438  0.20558    
      142700  -4.66377259         1326134.        0.000000       -30647.95     -9.77509069357E+08  5.90275175059E+05 -1.65602266648E+03   4.37975532              439  0.21090    
      142800  -4.66369655         1326184.        0.000000       -30697.55     -9.77582650775E+08  5.90319608842E+05 -1.65602266320E+03   4.37911101              437  0.20471    
      142900  -4.66486571         1326499.        0.000000       -30674.85     -9.77829924384E+08  5.90468927631E+05 -1.65602266034E+03   4.37981241              438  0.20582    
      143000  -4.66525742         1326652.        0.000000       -30681.33     -9.77745583132E+08  5.90417997666E+05 -1.65602266021E+03   4.37976894              438  0.21029    
      143100  -4.66602019         1326774.        0.000000       -30721.76     -9.77839722593E+08  5.90474845531E+05 -1.65602265701E+03   4.37921626              436  0.20570    
      143200  -4.66583923         1326566.        0.000000       -30668.88     -9.77884637739E+08  5.90501968634E+05 -1.65602265476E+03   4.38054316              437  0.20391    
      143300  -4.66496485         1326201.        0.000000       -30630.22     -9.77667766129E+08  5.90371008417E+05 -1.65602265726E+03   4.38028948              438  0.20499    
      143400  -4.66440291         1326357.        0.000000       -30663.24     -9.77612084751E+08  5.90337388383E+05 -1.65602264737E+03   4.37988643              439  0.20873    
      143500  -4.66559767         1326573.        0.000000       -30623.42     -9.77632446348E+08  5.90349684040E+05 -1.65602264688E+03   4.38022547              438  0.20402    
      143600  -4.66545942         1326414.        0.000000       -30671.25     -9.77564193913E+08  5.90308468379E+05 -1.65602264965E+03   4.38025808              438  0.20858    
      143700  -4.66451161         1326183.        0.000000       -30709.63     -9.77305865900E+08  5.90152476174E+05 -1.65602264729E+03   4.37985746              438  0.20637    
      143800  -4.66476674         1326576.        0.000000       -30711.64     -9.77419613979E+08  5.90221163112E+05 -1.65602264891E+03   4.37946811              437  0.20416    
      143900  -4.66498128         1326331.        0.000000       -30699.23     -9.77395585145E+08  5.90206655230E+05 -1.65602264306E+03   4.37995804              438  0.20489    
      144000  -4.66494213         1326421.        0.000000       -30727.64     -9.77466083076E+08  5.90249225973E+05 -1.65602264275E+03   4.37910050              436  0.20724    
      144100  -4.66525486         1326785.        0.000000       -30713.50     -9.77611427859E+08  5.90336994735E+05 -1.65602263890E+03   4.37940956              437  0.20398    
      144200  -4.66626142         1326769.        0.000000       -30686.13     -9.77783827212E+08  5.90441096565E+05 -1.65602264629E+03   4.37943489              438  0.20507    
      144300  -4.66594545         1326709.        0.000000       -30697.80     -9.77853005747E+08  5.90482868669E+05 -1.65602265134E+03   4.37969412              436  0.20642    
      144400  -4.66578856         1326563.        0.000000       -30701.50     -9.77863932541E+08  5.90489465887E+05 -1.65602265414E+03   4.37994219              437  0.20376    
      144500  -4.66635186         1326607.        0.000000       -30672.63     -9.77970651963E+08  5.90553907393E+05 -1.65602265893E+03   4.38017161              437  0.20497    
      144600  -4.66612140         1326603.        0.000000       -30672.88     -9.77841834134E+08  5.90476117213E+05 -1.65602266650E+03   4.38021732              437  0.20722    
      144700  -4.66637084         1327039.        0.000000       -30653.75     -9.77939182946E+08  5.90534899891E+05 -1.65602267220E+03   4.37958787              438  0.20597    
      144800  -4.66735526         1327113.        0.000000       -30669.53     -9.78075701282E+08  5.90617336440E+05 -1.65602267481E+03   4.37928894              438  0.20687    
      144900  -4.66786373         1327006.        0.000000       -30657.71     -9.78215639859E+08  5.90701842204E+05 -1.65602266654E+03   4.37979132              439  0.20859    
      145000  -4.66775291         1327061.        0.000000       -30682.84     -9.78348981740E+08  5.90782359296E+05 -1.65602267289E+03   4.37947559              438  0.20711    
      145100  -4.66755843         1326936.        0.000000       -30719.55     -9.78381858385E+08  5.90802211724E+05 -1.65602267387E+03   4.37987632              439  0.20390    
      145200  -4.66712295         1326699.        0.000000       -30726.71     -9.78310756226E+08  5.90759277331E+05 -1.65602267077E+03   4.38094053              437  0.21201    
      145300  -4.66545727         1326278.        0.000000       -30702.69     -9.77806442135E+08  5.90454741104E+05 -1.65602267890E+03   4.38079055              438  0.20782    
      145400  -4.66418679         1326071.        0.000000       -30692.69     -9.77555864473E+08  5.90303430101E+05 -1.65602267347E+03   4.38033097              438  0.20633    
      145500  -4.66362385         1325920.        0.000000       -30703.53     -9.77425921316E+08  5.90224965231E+05 -1.65602266745E+03   4.37992308              439  0.20853    
      145600  -4.66294147         1325899.        0.000000       -30692.65     -9.77426784054E+08  5.90225486470E+05 -1.65602266669E+03   4.37926743              437  0.20599    
      145700  -4.66512350         1326714.        0.000000       -30698.84     -9.77921622330E+08  5.90524296922E+05 -1.65602266906E+03   4.37951459              439  0.20401    
      145800  -4.66622492         1326841.        0.000000       -30688.11     -9.78071583687E+08  5.90614854487E+05 -1.65602266224E+03   4.37949456              439  0.20404    
      145900  -4.66736257         1326840.        0.000000       -30677.23     -9.78250553746E+08  5.90722926522E+05 -1.65602266278E+03   4.38028999              439  0.20672    
      146000  -4.66610821         1326209.        0.000000       -30686.41     -9.77955966449E+08  5.90545039851E+05 -1.65602265781E+03   4.38142641              438  0.20652    
      146100  -4.66536430         1326245.        0.000000       -30678.44     -9.77762064868E+08  5.90427949902E+05 -1.65602266124E+03   4.38053229              438  0.20655    
      146200  -4.66481675         1326450.        0.000000       -30665.71     -9.77576651236E+08  5.90315989178E+05 -1.65602265424E+03   4.37963044              439  0.20600    
      146300  -4.66456658         1326051.        0.000000       -30720.83     -9.77532592781E+08  5.90289381475E+05 -1.65602266186E+03   4.38025539              438  0.20815    
      146400  -4.66301905         1325775.        0.000000       -30712.88     -9.77306539376E+08  5.90152879809E+05 -1.65602265585E+03   4.38020404              438  0.20379    
      146500  -4.66326732         1325947.        0.000000       -30672.76     -9.77315481695E+08  5.90158280289E+05 -1.65602265416E+03   4.38017012              438  0.20584    
      146600  -4.66331666         1325921.        0.000000       -30692.96     -9.77228303599E+08  5.90105638792E+05 -1.65602264978E+03   4.38014471              439  0.20508    
      146700  -4.66395435         1326316.        0.000000       -30662.26     -9.77259965510E+08  5.90124756530E+05 -1.65602265402E+03   4.37898676              438  0.20795    
      146800  -4.66557599         1326935.        0.000000       -30728.94     -9.77731564642E+08  5.90409533580E+05 -1.65602265721E+03   4.37811065              439  0.20987    
      146900  -4.66627502         1326822.        0.000000       -30697.58     -9.77956975610E+08  5.90545650855E+05 -1.65602265328E+03   4.37967329              439  0.20644    
      147000  -4.66624904         1326743.        0.000000       -30664.53     -9.77951792399E+08  5.90542520094E+05 -1.65602265565E+03   4.38032322              436  0.20434    
      147100  -4.66577433         1326470.        0.000000       -30663.60     -9.77813972886E+08  5.90459295333E+05 -1.65602266001E+03   4.37994105              438  0.20719    
      147200  -4.66604963         1326870.        0.000000       -30654.66     -9.77955678079E+08  5.90544862813E+05 -1.65602266595E+03   4.37942871              439  0.20516    
      147300  -4.66693844         1326902.        0.000000       -30681.37     -9.78068616362E+08  5.90613059188E+05 -1.65602267194E+03   4.37993293              439  0.20499    
      147400  -4.66588064         1326319.        0.000000       -30668.38     -9.77888499948E+08  5.90504297101E+05 -1.65602266529E+03   4.38033284              439  0.20680    
      147500  -4.66458749         1326172.        0.000000       -30649.03     -9.77735912766E+08  5.90412155624E+05 -1.65602266731E+03   4.38014619              437  0.20675    
      147600  -4.66484114         1326419.        0.000000       -30635.70     -9.77796847809E+08  5.90448952768E+05 -1.65602266415E+03   4.37936054              439  0.20422    
      147700  -4.66550212         1326631.        0.000000       -30635.00     -9.77790180258E+08  5.90444928775E+05 -1.65602265784E+03   4.38006627              437  0.20518    
      147800  -4.66489855         1325883.        0.000000       -30664.06     -9.77540081264E+08  5.90293905499E+05 -1.65602265610E+03   4.38117301              439  0.20692    
      147900  -4.66329470         1325824.        0.000000       -30650.72     -9.77317984486E+08  5.90159792478E+05 -1.65602265174E+03   4.38061150              437  0.21071    
      148000  -4.66293879         1325939.        0.000000       -30633.88     -9.77239489222E+08  5.90112389934E+05 -1.65602265923E+03   4.37872614              438  0.20407    
      148100  -4.66409170         1326507.        0.000000       -30644.06     -9.77551803571E+08  5.90300984128E+05 -1.65602265599E+03   4.37874300              438  0.20505    
      148200  -4.66650066         1326589.        0.000000       -30646.97     -9.77964685604E+08  5.90550303621E+05 -1.65602266159E+03   4.37986354              438  0.20795    
      148300  -4.66493613         1326251.        0.000000       -30667.04     -9.77738644177E+08  5.90413805670E+05 -1.65602266544E+03   4.38053670              437  0.20452    
      148400  -4.66532327         1326613.        0.000000       -30671.10     -9.77717494394E+08  5.90401035213E+05 -1.65602266270E+03   4.37962761              438  0.20607    
      148500  -4.66495180         1326291.        0.000000       -30662.94     -9.77627986540E+08  5.90346987251E+05 -1.65602265727E+03   4.38004888              439  0.20749    
      148600  -4.66468898         1326378.        0.000000       -30666.71     -9.77535334163E+08  5.90291039783E+05 -1.65602265371E+03   4.37901054              438  0.35263    
      148700  -4.66580423         1326649.        0.000000       -30621.61     -9.77796399871E+08  5.90448682224E+05 -1.65602266430E+03   4.37984368              437  0.20967    
      148800  -4.66557089         1326156.        0.000000       -30631.14     -9.77711148715E+08  5.90397201512E+05 -1.65602266781E+03   4.38119213              439  0.24712    
      148900  -4.66344133         1325747.        0.000000       -30634.83     -9.77228558301E+08  5.90105787510E+05 -1.65602266404E+03   4.38020881              437  0.32100    
      149000  -4.66319871         1325934.        0.000000       -30657.79     -9.77285543021E+08  5.90140200556E+05 -1.65602265716E+03   4.38008125              438  0.20873    
      149100  -4.66344719         1326046.        0.000000       -30650.34     -9.77285111808E+08  5.90139935149E+05 -1.65602267124E+03   4.37983212              436  0.20606    
      149200  -4.66434366         1326148.        0.000000       -30668.48     -9.77442890567E+08  5.90235214071E+05 -1.65602266226E+03   4.37986438              438  0.20511    
      149300  -4.66411253         1326200.        0.000000       -30687.52     -9.77430525801E+08  5.90227746481E+05 -1.65602266520E+03   4.37976017              439  0.20368    
      149400  -4.66421343         1326152.        0.000000       -30669.74     -9.77406048995E+08  5.90212965204E+05 -1.65602266744E+03   4.37931320              439  0.20825    
      149500  -4.66382289         1325847.        0.000000       -30667.70     -9.77507366197E+08  5.90274143682E+05 -1.65602267465E+03   4.38043798              439  0.20509    
      149600  -4.66356935         1326159.        0.000000       -30725.25     -9.77497606692E+08  5.90268253039E+05 -1.65602266708E+03   4.37920172              438  0.20740    
      149700  -4.66445567         1326265.        0.000000       -30709.66     -9.77721468054E+08  5.90403433692E+05 -1.65602266562E+03   4.37979503              438  0.20671    
      149800  -4.66518255         1326496.        0.000000       -30740.67     -9.77820358877E+08  5.90463148891E+05 -1.65602266748E+03   4.37951515              439  0.20586    
      149900  -4.66465096         1325937.        0.000000       -30680.73     -9.77809932454E+08  5.90456852668E+05 -1.65602266793E+03   4.38041489              437  0.20432    
      150000  -4.66387678         1326232.        0.000000       -30727.54     -9.77755927299E+08  5.90424242376E+05 -1.65602266493E+03   4.37979891              437  0.20800    
      150100  -4.66502909         1326547.        0.000000       -30735.01     -9.77895978952E+08  5.90508814853E+05 -1.65602266106E+03   4.37970059              437  0.20894    
      150200  -4.66532523         1326297.        0.000000       -30755.55     -9.77946909632E+08  5.90539571010E+05 -1.65602265731E+03   4.38035367              438  0.20394    
      150300  -4.66526487         1326378.        0.000000       -30710.21     -9.77830547897E+08  5.90469307040E+05 -1.65602265222E+03   4.38031074              439  0.20628    
      150400  -4.66447586         1326349.        0.000000       -30746.49     -9.77638100994E+08  5.90353098446E+05 -1.65602264741E+03   4.37949336              438  0.20710    
      150500  -4.66487244         1326518.        0.000000       -30720.40     -9.77698040744E+08  5.90389290257E+05 -1.65602265637E+03   4.37968278              438  0.20397    
      150600  -4.66580355         1326796.        0.000000       -30778.04     -9.77856665152E+08  5.90485074929E+05 -1.65602266115E+03   4.37916273              438  0.20766    
      150700  -4.66649465         1326832.        0.000000       -30751.88     -9.78022986883E+08  5.90585509325E+05 -1.65602266131E+03   4.37986496              437  0.20586    
      150800  -4.66643958         1326580.        0.000000       -30733.93     -9.78007378379E+08  5.90576082398E+05 -1.65602266588E+03   4.38047529              438  0.20533    
      150900  -4.66579130         1326580.        0.000000       -30718.78     -9.77931162036E+08  5.90530058767E+05 -1.65602266560E+03   4.37960103              437  0.20503    
      151000  -4.66601539         1326572.        0.000000       -30733.06     -9.78067352938E+08  5.90612298071E+05 -1.65602266687E+03   4.38077984              437  0.20567    
      151100  -4.66442617         1325913.        0.000000       -30670.64     -9.77613891658E+08  5.90338473845E+05 -1.65602266322E+03   4.38130659              438  0.20826    
      151200  -4.66358169         1326061.        0.000000       -30685.26     -9.77315001820E+08  5.90157987902E+05 -1.65602266148E+03   4.37954914              438  0.20761    
      151300  -4.66477554         1326468.        0.000000       -30673.76     -9.77513296269E+08  5.90277731742E+05 -1.65602265460E+03   4.37956450              439  0.20555    
      151400  -4.66492812         1326506.        0.000000       -30685.49     -9.77476141327E+08  5.90255296194E+05 -1.65602265262E+03   4.37969630              439  0.21011    
      151500  -4.66461469         1326152.        0.000000       -30704.07     -9.77386640436E+08  5.90201252201E+05 -1.65602264785E+03   4.38039407              437  0.20348    
      151600  -4.66412352         1326552.        0.000000       -30656.08     -9.77373463727E+08  5.90193294727E+05 -1.65602264963E+03   4.37865646              438  0.20746    
      151700  -4.66471737         1326274.        0.000000       -30658.44     -9.77514041395E+08  5.90278179413E+05 -1.65602266099E+03   4.37993967              437  0.20750    
      151800  -4.66475167         1326552.        0.000000       -30708.54     -9.77617290664E+08  5.90340525912E+05 -1.65602266447E+03   4.37837499              437  0.20621    
      151900  -4.66540564         1326393.        0.000000       -30700.59     -9.77960342161E+08  5.90547678956E+05 -1.65602266677E+03   4.38029880              438  0.21048    
      152000  -4.66500887         1326410.        0.000000       -30643.05     -9.77775733774E+08  5.90436201270E+05 -1.65602266878E+03   4.37983590              438  0.20660    
      152100  -4.66508121         1326464.        0.000000       -30682.62     -9.77720432371E+08  5.90402810244E+05 -1.65602266013E+03   4.38009165              439  0.20895    
      152200  -4.66539172         1326621.        0.000000       -30628.49     -9.77634349891E+08  5.90350832458E+05 -1.65602264982E+03   4.37993828              438  0.20422    
      152300  -4.66557701         1326489.        0.000000       -30652.03     -9.77533383621E+08  5.90289860621E+05 -1.65602265740E+03   4.38003026              436  0.20829    
      152400  -4.66479846         1326256.        0.000000       -30663.71     -9.77353392635E+08  5.90181173006E+05 -1.65602265429E+03   4.38046213              436  0.20685    
      152500  -4.66319133         1325489.        0.000000       -30660.97     -9.77115144348E+08  5.90037305151E+05 -1.65602265453E+03   4.38064557              438  0.20691    
      152600  -4.66154520         1325532.        0.000000       -30644.07     -9.76898492692E+08  5.89906476423E+05 -1.65602266077E+03   4.37976382              438  0.20949    
      152700  -4.66226941         1325822.        0.000000       -30670.78     -9.77027460777E+08  5.89984354243E+05 -1.65602266187E+03   4.37907173              438  0.20719    
      152800  -4.66312393         1326049.        0.000000       -30650.47     -9.77293549179E+08  5.90145032216E+05 -1.65602266533E+03   4.37940907              438  0.20509    
      152900  -4.66525817         1326655.        0.000000       -30670.10     -9.77678333361E+08  5.90377389814E+05 -1.65602265641E+03   4.37925572              438  0.20887    
      153000  -4.66730022         1327349.        0.000000       -30713.47     -9.78074631878E+08  5.90616696160E+05 -1.65602265943E+03   4.37847586              439  0.20613    
      153100  -4.66735052         1326691.        0.000000       -30727.52     -9.78192928355E+08  5.90688130963E+05 -1.65602265744E+03   4.38054949              439  0.20841    
      153200  -4.66586600         1326690.        0.000000       -30714.66     -9.77984195320E+08  5.90562087109E+05 -1.65602265480E+03   4.37961496              437  0.20759    
      153300  -4.66546100         1326384.        0.000000       -30707.26     -9.77855879880E+08  5.90484600415E+05 -1.65602266205E+03   4.38031577              437  0.20486    
      153400  -4.66412388         1326090.        0.000000       -30727.77     -9.77621564366E+08  5.90343110939E+05 -1.65602265234E+03   4.38008229              438  0.20385    
      153500  -4.66469112         1326576.        0.000000       -30725.75     -9.77691149550E+08  5.90385130729E+05 -1.65602265142E+03   4.37901686              438  0.20864    
      153600  -4.66600818         1326720.        0.000000       -30716.80     -9.77903872150E+08  5.90513585429E+05 -1.65602264923E+03   4.38002753              438  0.20631    
      153700  -4.66612772         1326424.        0.000000       -30690.10     -9.77844317097E+08  5.90477618023E+05 -1.65602266242E+03   4.38039490              437  0.20807    
      153800  -4.66469447         1326338.        0.000000       -30708.78     -9.77674929982E+08  5.90375330953E+05 -1.65602266681E+03   4.37956530              438  0.20406    
      153900  -4.66517116         1326318.        0.000000       -30668.88     -9.77913177966E+08  5.90519198204E+05 -1.65602266775E+03   4.38083436              437  0.20711    
      154000  -4.66354478         1326054.        0.000000       -30660.86     -9.77500147361E+08  5.90269788714E+05 -1.65602266294E+03   4.37998662              438  0.20708    
      154100  -4.66353149         1326035.        0.000000       -30662.42     -9.77500144958E+08  5.90269788646E+05 -1.65602265906E+03   4.38036911              437  0.20385    
      154200  -4.66344597         1325999.        0.000000       -30676.93     -9.77432681511E+08  5.90229052608E+05 -1.65602265289E+03   4.37992197              438  0.21220    
      154300  -4.66347878         1326126.        0.000000       -30664.55     -9.77474033513E+08  5.90254022142E+05 -1.65602265609E+03   4.37974011              437  0.20691    
      154400  -4.66469304         1326360.        0.000000       -30705.84     -9.77681742589E+08  5.90379446825E+05 -1.65602266110E+03   4.37929489              438  0.20762    
      154500  -4.66563337         1326552.        0.000000       -30684.84     -9.77867233928E+08  5.90491460946E+05 -1.65602264995E+03   4.37991356              438  0.20796    
      154600  -4.66584865         1326612.        0.000000       -30684.73     -9.77835385426E+08  5.90472227389E+05 -1.65602265453E+03   4.38008863              439  0.20494    
      154700  -4.66523852         1326421.        0.000000       -30691.87     -9.77833268469E+08  5.90470950684E+05 -1.65602264995E+03   4.37957372              438  0.20422    
      154800  -4.66473432         1326345.        0.000000       -30692.00     -9.77757578008E+08  5.90425244125E+05 -1.65602265102E+03   4.38038768              439  0.20574    
      154900  -4.66513967         1326531.        0.000000       -30638.57     -9.77773147933E+08  5.90434643141E+05 -1.65602265939E+03   4.37957968              439  0.20601    
      155000  -4.66590476         1326784.        0.000000       -30676.51     -9.77896166289E+08  5.90508925646E+05 -1.65602266760E+03   4.37962900              439  0.20532    
      155100  -4.66601900         1326586.        0.000000       -30703.72     -9.78008731513E+08  5.90576901957E+05 -1.65602265898E+03   4.38016526              438  0.20524    
      155200  -4.66533869         1326447.        0.000000       -30663.25     -9.77860624789E+08  5.90487464955E+05 -1.65602266403E+03   4.38026278              439  0.20879    
      155300  -4.66535048         1326482.        0.000000       -30673.25     -9.77817851774E+08  5.90461639948E+05 -1.65602265350E+03   4.38045359              438  0.20791    
      155400  -4.66441607         1326038.        0.000000       -30644.20     -9.77610574945E+08  5.90336474088E+05 -1.65602265463E+03   4.38017906              438  0.20439    
      155500  -4.66383645         1326119.        0.000000       -30674.41     -9.77552777830E+08  5.90301572891E+05 -1.65602265473E+03   4.38025871              439  0.20872    
      155600  -4.66362800         1326168.        0.000000       -30667.85     -9.77455507626E+08  5.90242835354E+05 -1.65602265556E+03   4.37940203              439  0.20600    
      155700  -4.66405217         1325864.        0.000000       -30665.51     -9.77547517114E+08  5.90298397583E+05 -1.65602265077E+03   4.38053224              438  0.20411    
      155800  -4.66320205         1325923.        0.000000       -30629.21     -9.77331462499E+08  5.90167930118E+05 -1.65602265495E+03   4.37997628              437  0.20825    
      155900  -4.66405986         1326446.        0.000000       -30683.97     -9.77548975222E+08  5.90299275598E+05 -1.65602265771E+03   4.37902581              439  0.20760    
      156000  -4.66651410         1326823.        0.000000       -30715.27     -9.77992287733E+08  5.90566973870E+05 -1.65602265451E+03   4.37951019              438  0.20425    
      156100  -4.66605445         1326667.        0.000000       -30710.75     -9.77949274206E+08  5.90541002745E+05 -1.65602264645E+03   4.38000725              437  0.20734    
      156200  -4.66608449         1326765.        0.000000       -30680.97     -9.78016888554E+08  5.90581828636E+05 -1.65602265619E+03   4.37942298              437  0.20731    
      156300  -4.66637527         1326583.        0.000000       -30687.25     -9.78037602275E+08  5.90594335453E+05 -1.65602265983E+03   4.38031005              438  0.20417    
      156400  -4.66457081         1326328.        0.000000       -30697.48     -9.77771750508E+08  5.90433800782E+05 -1.65602265523E+03   4.37970018              435  0.20658    
      156500  -4.66468693         1326320.        0.000000       -30667.39     -9.77731631789E+08  5.90409574372E+05 -1.65602265653E+03   4.37986080              438  0.20647    
      156600  -4.66468093         1326467.        0.000000       -30704.88     -9.77604521865E+08  5.90332817068E+05 -1.65602265976E+03   4.37938588              437  0.20390    
      156700  -4.66523820         1326357.        0.000000       -30729.26     -9.77784959919E+08  5.90441776610E+05 -1.65602265736E+03   4.37998258              438  0.20441    
      156800  -4.66613787         1326930.        0.000000       -30746.16     -9.78079492022E+08  5.90619630218E+05 -1.65602266159E+03   4.37890781              437  0.20488    
      156900  -4.66723400         1326952.        0.000000       -30756.41     -9.78363324117E+08  5.90791025009E+05 -1.65602265895E+03   4.37990035              439  0.20465    
      157000  -4.66686644         1326825.        0.000000       -30734.47     -9.78305206690E+08  5.90755928510E+05 -1.65602266431E+03   4.38016128              437  0.20688    
      157100  -4.66634537         1326659.        0.000000       -30725.57     -9.78210139600E+08  5.90698519899E+05 -1.65602266917E+03   4.37998031              438  0.21000    
      157200  -4.66633143         1326746.        0.000000       -30778.09     -9.78300453364E+08  5.90753056957E+05 -1.65602266775E+03   4.38019725              438  0.20995    
      157300  -4.66587277         1326564.        0.000000       -30749.60     -9.78177954999E+08  5.90679085410E+05 -1.65602266808E+03   4.38015165              438  0.20393    
      157400  -4.66575353         1326647.        0.000000       -30727.78     -9.78110642330E+08  5.90638437929E+05 -1.65602266889E+03   4.37990262              437  0.20669    
      157500  -4.66551053         1326248.        0.000000       -30686.96     -9.77946115444E+08  5.90539092060E+05 -1.65602265556E+03   4.38041361              438  0.20621    
      157600  -4.66448510         1326300.        0.000000       -30707.08     -9.77798725548E+08  5.90450089711E+05 -1.65602265558E+03   4.37976482              439  0.20425    
      157700  -4.66449238         1326374.        0.000000       -30686.05     -9.77839264607E+08  5.90474568690E+05 -1.65602265780E+03   4.37985708              438  0.20723    
      157800  -4.66415540         1325963.        0.000000       -30679.64     -9.77625142162E+08  5.90345272382E+05 -1.65602264962E+03   4.38107097              438  0.20425    
      157900  -4.66445756         1326430.        0.000000       -30703.23     -9.77493108502E+08  5.90265542698E+05 -1.65602265047E+03   4.37937416              439  0.20785    
      158000  -4.66525405         1326382.        0.000000       -30695.78     -9.77648770603E+08  5.90359538132E+05 -1.65602265646E+03   4.37983444              438  0.20579    
      158100  -4.66611975         1326955.        0.000000       -30726.82     -9.77823791968E+08  5.90465223074E+05 -1.65602266443E+03   4.37891084              438  0.21017    
      158200  -4.66642308         1326813.        0.000000       -30703.16     -9.77942592940E+08  5.90536962024E+05 -1.65602266383E+03   4.38009143              439  0.20617    
      158300  -4.66581798         1326578.        0.000000       -30754.14     -9.77782193142E+08  5.90440102374E+05 -1.65602266718E+03   4.37992361              437  0.21005    
      158400  -4.66618488         1326709.        0.000000       -30731.56     -9.77844385577E+08  5.90477658597E+05 -1.65602266460E+03   4.38003192              439  0.20840    
      158500  -4.66577128         1326402.        0.000000       -30716.44     -9.77716314470E+08  5.90400323978E+05 -1.65602265914E+03   4.38055625              438  0.21217    
      158600  -4.66406230         1326099.        0.000000       -30711.31     -9.77399699459E+08  5.90209131659E+05 -1.65602266558E+03   4.38018907              439  0.20431    
      158700  -4.66428227         1326267.        0.000000       -30726.68     -9.77493040483E+08  5.90265494522E+05 -1.65602267040E+03   4.37913341              437  0.20676    
      158800  -4.66481639         1326452.        0.000000       -30730.98     -9.77709749257E+08  5.90396355166E+05 -1.65602267138E+03   4.37931791              436  0.20570    
      158900  -4.66586410         1326577.        0.000000       -30772.57     -9.78041633003E+08  5.90596768064E+05 -1.65602266367E+03   4.37989236              438  0.20420    
      159000  -4.66531622         1326330.        0.000000       -30742.43     -9.78038784826E+08  5.90595049804E+05 -1.65602265910E+03   4.38007105              439  0.21345    
      159100  -4.66587028         1326852.        0.000000       -30757.84     -9.78208826921E+08  5.90697730473E+05 -1.65602266008E+03   4.37900707              439  0.20620    
      159200  -4.66794427         1327479.        0.000000       -30749.07     -9.78561765738E+08  5.90910853163E+05 -1.65602266484E+03   4.37925591              439  0.20551    
      159300  -4.66881770         1327530.        0.000000       -30718.39     -9.78583555071E+08  5.90924010337E+05 -1.65602266612E+03   4.38004822              438  0.20636    
      159400  -4.66785537         1326934.        0.000000       -30691.20     -9.78345827566E+08  5.90780455831E+05 -1.65602266952E+03   4.38061389              438  0.21280    
      159500  -4.66610399         1326276.        0.000000       -30707.75     -9.78002133094E+08  5.90572911466E+05 -1.65602267579E+03   4.38071068              438  0.20732    
      159600  -4.66408841         1325786.        0.000000       -30671.31     -9.77661543412E+08  5.90367244737E+05 -1.65602267424E+03   4.38102580              439  0.20487    
      159700  -4.66328967         1325812.        0.000000       -30697.88     -9.77575462101E+08  5.90315264844E+05 -1.65602267181E+03   4.37947731              438  0.20636    
      159800  -4.66349657         1325979.        0.000000       -30738.94     -9.77699416852E+08  5.90390115834E+05 -1.65602267150E+03   4.38004556              439  0.20532    
      159900  -4.66490594         1326604.        0.000000       -30743.81     -9.77901078980E+08  5.90511890005E+05 -1.65602267377E+03   4.37948537              437  0.20574    
      160000  -4.66502450         1326427.        0.000000       -30758.65     -9.77942463236E+08  5.90536883456E+05 -1.65602266452E+03   4.37996274              439  0.20628    
      160100  -4.66483587         1326368.        0.000000       -30733.17     -9.77905839779E+08  5.90514771224E+05 -1.65602265588E+03   4.38014672              439  0.21144    
      160200  -4.66418668         1325896.        0.000000       -30740.98     -9.77622948563E+08  5.90343945033E+05 -1.65602265728E+03   4.38075634              436  0.20412    
      160300  -4.66321675         1325979.        0.000000       -30714.23     -9.77412513262E+08  5.90216874160E+05 -1.65602265210E+03   4.37931849              438  0.20987    
      160400  -4.66272567         1325781.        0.000000       -30681.27     -9.77459931263E+08  5.90245506685E+05 -1.65602265531E+03   4.37973157              438  0.20548    
      160500  -4.66324336         1325950.        0.000000       -30682.21     -9.77629433850E+08  5.90347859407E+05 -1.65602266235E+03   4.37996841              438  0.20453    
      160600  -4.66420650         1326416.        0.000000       -30730.16     -9.77680941211E+08  5.90378963567E+05 -1.65602265925E+03   4.37887895              439  0.20495    
      160700  -4.66533272         1326385.        0.000000       -30697.88     -9.77957934497E+08  5.90546230785E+05 -1.65602265075E+03   4.38036706              439  0.21062    
      160800  -4.66488873         1326252.        0.000000       -30672.35     -9.77804518266E+08  5.90453587918E+05 -1.65602265491E+03   4.37991184              437  0.20997    
      160900  -4.66485767         1326296.        0.000000       -30714.85     -9.77845110379E+08  5.90478101410E+05 -1.65602265019E+03   4.37973000              439  0.20540    
      161000  -4.66526813         1326519.        0.000000       -30657.57     -9.77880953383E+08  5.90499747468E+05 -1.65602264451E+03   4.37993188              438  0.20684    
      161100  -4.66645437         1326738.        0.000000       -30685.09     -9.77995361118E+08  5.90568834424E+05 -1.65602264141E+03   4.37974477              436  0.20617    
      161200  -4.66604199         1326724.        0.000000       -30670.04     -9.78094379110E+08  5.90628622121E+05 -1.65602265531E+03   4.37936564              439  0.20847    
      161300  -4.66564164         1326534.        0.000000       -30671.83     -9.78075892045E+08  5.90617454979E+05 -1.65602266543E+03   4.38032267              438  0.20638    
      161400  -4.66510113         1326349.        0.000000       -30680.97     -9.77977982734E+08  5.90558333512E+05 -1.65602266066E+03   4.38019105              438  0.20765    
      161500  -4.66472701         1326137.        0.000000       -30644.00     -9.77851020820E+08  5.90481663762E+05 -1.65602266900E+03   4.38052567              438  0.20476    
      161600  -4.66477872         1326639.        0.000000       -30656.79     -9.77900023084E+08  5.90511255156E+05 -1.65602266603E+03   4.37870267              436  0.20575    
      161700  -4.66658101         1327028.        0.000000       -30685.03     -9.78182700964E+08  5.90681952253E+05 -1.65602266538E+03   4.37989959              439  0.20646    
      161800  -4.66702948         1327057.        0.000000       -30698.06     -9.78260439299E+08  5.90728892236E+05 -1.65602267327E+03   4.37924997              438  0.20683    
      161900  -4.66694752         1326656.        0.000000       -30694.36     -9.78219950457E+08  5.90704442755E+05 -1.65602267336E+03   4.38069802              438  0.20691    
      162000  -4.66571163         1326681.        0.000000       -30703.49     -9.78019809869E+08  5.90583588947E+05 -1.65602266669E+03   4.37924338              437  0.20787    
      162100  -4.66601770         1326742.        0.000000       -30720.74     -9.78084139963E+08  5.90622436196E+05 -1.65602266359E+03   4.38053130              439  0.20401    
      162200  -4.66553312         1326599.        0.000000       -30732.81     -9.77846279046E+08  5.90478802462E+05 -1.65602266325E+03   4.37965105              439  0.20527    
      162300  -4.66662085         1326940.        0.000000       -30715.60     -9.78053707402E+08  5.90604056927E+05 -1.65602267023E+03   4.37980329              437  0.20444    
      162400  -4.66699703         1327052.        0.000000       -30702.14     -9.78185178145E+08  5.90683445689E+05 -1.65602267218E+03   4.37954977              437  0.20668    
      162500  -4.66721806         1326803.        0.000000       -30688.62     -9.78188899927E+08  5.90685693195E+05 -1.65602267195E+03   4.38021280              439  0.20626    
      162600  -4.66569392         1326612.        0.000000       -30672.38     -9.77782146385E+08  5.90440073335E+05 -1.65602266943E+03   4.38018049              438  0.20499    
      162700  -4.66499678         1326442.        0.000000       -30682.36     -9.77671318977E+08  5.90373152003E+05 -1.65602266238E+03   4.37952334              439  0.20957    
      162800  -4.66577713         1326565.        0.000000       -30706.84     -9.77919084164E+08  5.90522767631E+05 -1.65602265953E+03   4.37999246              437  0.20476    
      162900  -4.66611505         1326753.        0.000000       -30672.52     -9.77921827536E+08  5.90524422566E+05 -1.65602266420E+03   4.37961004              438  0.20997    
      163000  -4.66637434         1326444.        0.000000       -30685.84     -9.78018244017E+08  5.90582641916E+05 -1.65602267084E+03   4.38028686              436  0.20605    
      163100  -4.66593424         1326706.        0.000000       -30714.53     -9.78033981642E+08  5.90592145855E+05 -1.65602266896E+03   4.37998940              438  0.20472    
      163200  -4.66662616         1326835.        0.000000       -30737.29     -9.78223513180E+08  5.90706595952E+05 -1.65602266825E+03   4.37956217              439  0.20866    
      163300  -4.66624159         1326600.        0.000000       -30699.39     -9.78128660674E+08  5.90649323405E+05 -1.65602265493E+03   4.38069001              437  0.20787    
      163400  -4.66533862         1326039.        0.000000       -30734.78     -9.77876158840E+08  5.90496846554E+05 -1.65602266049E+03   4.38136870              438  0.20429    
      163500  -4.66317932         1325781.        0.000000       -30707.90     -9.77441380247E+08  5.90234303427E+05 -1.65602265841E+03   4.38067834              438  0.20937    
      163600  -4.66340680         1326180.        0.000000       -30721.65     -9.77485884191E+08  5.90261174039E+05 -1.65602266790E+03   4.37884851              438  0.21044    
      163700  -4.66524496         1326617.        0.000000       -30743.49     -9.77933244173E+08  5.90531313387E+05 -1.65602267315E+03   4.37920293              436  0.20618    
      163800  -4.66650727         1326605.        0.000000       -30702.56     -9.78069720435E+08  5.90613728641E+05 -1.65602266423E+03   4.38036569              437  0.20488    
      163900  -4.66642358         1326481.        0.000000       -30735.21     -9.77958635760E+08  5.90546651380E+05 -1.65602265879E+03   4.38040849              438  0.20527    
      164000  -4.66512760         1326355.        0.000000       -30716.77     -9.77739752782E+08  5.90414476029E+05 -1.65602266285E+03   4.38018353              439  0.20690    
      164100  -4.66557304         1326558.        0.000000       -30717.00     -9.77805167712E+08  5.90453978085E+05 -1.65602266054E+03   4.37989409              438  0.20419    
      164200  -4.66503453         1326155.        0.000000       -30759.55     -9.77778884569E+08  5.90438107417E+05 -1.65602265891E+03   4.38032417              439  0.20525    
      164300  -4.66519765         1326731.        0.000000       -30748.96     -9.77936709192E+08  5.90533406662E+05 -1.65602267062E+03   4.37916304              438  0.20681    
      164400  -4.66732564         1327203.        0.000000       -30751.94     -9.78259141851E+08  5.90728109386E+05 -1.65602267153E+03   4.37908774              437  0.20680    
      164500  -4.66753699         1326722.        0.000000       -30745.87     -9.78270059880E+08  5.90734705555E+05 -1.65602266243E+03   4.38095018              438  0.20687    
      164600  -4.66490684         1326264.        0.000000       -30745.66     -9.77802963751E+08  5.90452651105E+05 -1.65602264961E+03   4.38033478              438  0.20554    
      164700  -4.66422454         1325996.        0.000000       -30727.16     -9.77671824238E+08  5.90373459733E+05 -1.65602265502E+03   4.38033892              437  0.20435    
      164800  -4.66299238         1325734.        0.000000       -30721.18     -9.77436545814E+08  5.90231384889E+05 -1.65602265626E+03   4.38037693              437  0.20630    
      164900  -4.66361542         1326373.        0.000000       -30728.32     -9.77528935826E+08  5.90287174869E+05 -1.65602265718E+03   4.37875978              437  0.20765    
      165000  -4.66417253         1325951.        0.000000       -30723.51     -9.77690011359E+08  5.90384440130E+05 -1.65602266066E+03   4.38063004              438  0.20464    
      165100  -4.66334726         1325899.        0.000000       -30712.74     -9.77407306050E+08  5.90213727313E+05 -1.65602265894E+03   4.38012963              439  0.20865    
      165200  -4.66244153         1325761.        0.000000       -30719.43     -9.77299129177E+08  5.90148404035E+05 -1.65602265887E+03   4.37966248              438  0.21063    
      165300  -4.66393574         1326244.        0.000000       -30746.16     -9.77560155295E+08  5.90306026796E+05 -1.65602265760E+03   4.37893598              438  0.20779    
      165400  -4.66500555         1326475.        0.000000       -30775.94     -9.77845285896E+08  5.90478204376E+05 -1.65602265867E+03   4.37976427              438  0.20456    
      165500  -4.66539917         1326741.        0.000000       -30751.86     -9.77940720915E+08  5.90535832935E+05 -1.65602266006E+03   4.37935370              437  0.20536    
      165600  -4.66629161         1326870.        0.000000       -30759.25     -9.78159867022E+08  5.90668166606E+05 -1.65602265760E+03   4.37921029              438  0.20893    
      165700  -4.66494967         1326160.        0.000000       -30747.87     -9.77920509833E+08  5.90523631700E+05 -1.65602265064E+03   4.38073783              437  0.20405    
      165800  -4.66393835         1326219.        0.000000       -30724.59     -9.77647829391E+08  5.90358970916E+05 -1.65602265326E+03   4.37937328              439  0.20509    
      165900  -4.66454512         1326529.        0.000000       -30698.86     -9.77773096575E+08  5.90434613204E+05 -1.65602265638E+03   4.37904664              439  0.21017    
      166000  -4.66448861         1326147.        0.000000       -30700.27     -9.77761207278E+08  5.90427433962E+05 -1.65602265585E+03   4.38029660              438  0.20453    
      166100  -4.66347242         1325932.        0.000000       -30660.93     -9.77590750691E+08  5.90324501623E+05 -1.65602265873E+03   4.38040989              439  0.20540    
      166200  -4.66388131         1326419.        0.000000       -30663.25     -9.77514766616E+08  5.90278617702E+05 -1.65602265998E+03   4.37901055              439  0.20520    
      166300  -4.66501460         1326259.        0.000000       -30665.17     -9.77659835322E+08  5.90366220250E+05 -1.65602265473E+03   4.38042761              438  0.20527    
      166400  -4.66476725         1326118.        0.000000       -30641.77     -9.77507503354E+08  5.90274233878E+05 -1.65602265397E+03   4.38014390              439  0.20674    
      166500  -4.66411303         1326217.        0.000000       -30639.33     -9.77436364888E+08  5.90231276235E+05 -1.65602265458E+03   4.37899779              438  0.20609    
      166600  -4.66411989         1326164.        0.000000       -30665.29     -9.77548047010E+08  5.90298716858E+05 -1.65602265276E+03   4.37973585              438  0.20456    
      166700  -4.66451618         1326276.        0.000000       -30683.91     -9.77679680398E+08  5.90378200980E+05 -1.65602266272E+03   4.37951595              436  0.20914    
      166800  -4.66439809         1326393.        0.000000       -30709.42     -9.77718822549E+08  5.90401839254E+05 -1.65602265702E+03   4.37988449              437  0.20740    
      166900  -4.66460141         1326241.        0.000000       -30722.62     -9.77704368859E+08  5.90393113786E+05 -1.65602265004E+03   4.37998136              438  0.20734    
      167000  -4.66441498         1326177.        0.000000       -30699.99     -9.77646314129E+08  5.90358055307E+05 -1.65602265496E+03   4.37992628              437  0.20654    
      167100  -4.66422822         1326272.        0.000000       -30729.18     -9.77652135296E+08  5.90361567235E+05 -1.65602266400E+03   4.37976821              438  0.20780    
      167200  -4.66502794         1326428.        0.000000       -30747.14     -9.77796828734E+08  5.90448942173E+05 -1.65602266156E+03   4.37925282              438  0.20749    
      167300  -4.66648926         1326879.        0.000000       -30745.91     -9.78181615848E+08  5.90681298136E+05 -1.65602266220E+03   4.37940416              437  0.20527    
      167400  -4.66684997         1326638.        0.000000       -30741.82     -9.78309772608E+08  5.90758686266E+05 -1.65602266264E+03   4.38045623              438  0.20780    
      167500  -4.66563604         1326605.        0.000000       -30779.17     -9.78252241567E+08  5.90723944804E+05 -1.65602266536E+03   4.37969844              438  0.20581    
      167600  -4.66584110         1326458.        0.000000       -30768.12     -9.78321293991E+08  5.90765641293E+05 -1.65602266890E+03   4.38057813              439  0.20734    
      167700  -4.66538615         1326462.        0.000000       -30736.08     -9.78090781168E+08  5.90626443591E+05 -1.65602267183E+03   4.38048303              438  0.20959    
      167800  -4.66489986         1326439.        0.000000       -30692.77     -9.77885788422E+08  5.90502656705E+05 -1.65602267377E+03   4.37989375              437  0.20891    
      167900  -4.66508760         1326221.        0.000000       -30665.60     -9.77827657394E+08  5.90467553770E+05 -1.65602267415E+03   4.38059662              438  0.20542    
      168000  -4.66436617         1326139.        0.000000       -30666.40     -9.77559403777E+08  5.90305569802E+05 -1.65602266654E+03   4.38020100              437  0.20682    
      168100  -4.66575321         1326902.        0.000000       -30635.24     -9.77666050180E+08  5.90369968289E+05 -1.65602266832E+03   4.37898744              438  0.20838    
      168200  -4.66633461         1326499.        0.000000       -30654.14     -9.77792548372E+08  5.90446355448E+05 -1.65602266717E+03   4.38062643              438  0.20445    
      168300  -4.66517574         1326272.        0.000000       -30654.55     -9.77585917689E+08  5.90321581342E+05 -1.65602266389E+03   4.38055728              439  0.20888    
      168400  -4.66439977         1326308.        0.000000       -30674.43     -9.77446326711E+08  5.90237287373E+05 -1.65602266685E+03   4.38001816              439  0.20633    
      168500  -4.66440685         1326180.        0.000000       -30625.33     -9.77438330480E+08  5.90232458872E+05 -1.65602266664E+03   4.38010511              438  0.20631    
      168600  -4.66439639         1326227.        0.000000       -30657.82     -9.77432251150E+08  5.90228788029E+05 -1.65602266608E+03   4.37940038              437  0.20739    
      168700  -4.66475011         1326177.        0.000000       -30663.65     -9.77565099728E+08  5.90309011339E+05 -1.65602266093E+03   4.38038260              438  0.20409    
      168800  -4.66473259         1326380.        0.000000       -30699.27     -9.77546724699E+08  5.90297919276E+05 -1.65602265022E+03   4.37961392              438  0.21103    
      168900  -4.66526436         1326497.        0.000000       -30731.48     -9.77611765260E+08  5.90337194733E+05 -1.65602264940E+03   4.37961564              438  0.20392    
      169000  -4.66494588         1326206.        0.000000       -30701.84     -9.77574287199E+08  5.90314560717E+05 -1.65602265682E+03   4.38027086              438  0.20476    
      169100  -4.66437556         1326282.        0.000000       -30704.90     -9.77555408519E+08  5.90303161574E+05 -1.65602265438E+03   4.37951166              438  0.20893    
      169200  -4.66521532         1326505.        0.000000       -30728.61     -9.77700156213E+08  5.90390568740E+05 -1.65602265344E+03   4.37923316              438  0.20385    
      169300  -4.66528734         1326312.        0.000000       -30731.91     -9.77765240257E+08  5.90429870228E+05 -1.65602265326E+03   4.38004973              438  0.20496    
      169400  -4.66412986         1326069.        0.000000       -30704.06     -9.77405527850E+08  5.90212652803E+05 -1.65602266100E+03   4.38037724              439  0.20545    
      169500  -4.66392662         1326233.        0.000000       -30682.40     -9.77390118554E+08  5.90203347235E+05 -1.65602266258E+03   4.37938672              439  0.20372    
      169600  -4.66516162         1326490.        0.000000       -30701.53     -9.77693001536E+08  5.90386244938E+05 -1.65602266299E+03   4.37987735              438  0.20668    
      169700  -4.66599746         1326918.        0.000000       -30728.98     -9.77867779422E+08  5.90491786181E+05 -1.65602266163E+03   4.37878641              439  0.20799    
      169800  -4.66698438         1326865.        0.000000       -30732.61     -9.78056625847E+08  5.90605821576E+05 -1.65602266371E+03   4.37990627              437  0.20458    
      169900  -4.66683432         1326868.        0.000000       -30745.86     -9.78088316670E+08  5.90624959881E+05 -1.65602265923E+03   4.37942980              437  0.21249    
      170000  -4.66580281         1326506.        0.000000       -30760.36     -9.78139487211E+08  5.90655858738E+05 -1.65602266149E+03   4.38023549              438  0.20983    
      170100  -4.66542526         1326420.        0.000000       -30706.44     -9.77986645624E+08  5.90563567053E+05 -1.65602265393E+03   4.38035831              439  0.21093    
      170200  -4.66520387         1326478.        0.000000       -30679.21     -9.77752771194E+08  5.90422340640E+05 -1.65602265344E+03   4.37968118              438  0.20391    
      170300  -4.66480577         1326289.        0.000000       -30704.95     -9.77648189066E+08  5.90359185297E+05 -1.65602266114E+03   4.37987992              438  0.20823    
      170400  -4.66595797         1326942.        0.000000       -30695.54     -9.77803081310E+08  5.90452716775E+05 -1.65602266452E+03   4.37900224              439  0.20582    
      170500  -4.66711212         1326770.        0.000000       -30656.88     -9.78038651421E+08  5.90594968406E+05 -1.65602266145E+03   4.38106535              438  0.20553    
      170600  -4.66623193         1326739.        0.000000       -30676.90     -9.77698195015E+08  5.90389381556E+05 -1.65602266158E+03   4.38033842              438  0.20906    
      170700  -4.66505254         1326224.        0.000000       -30710.50     -9.77453136777E+08  5.90241401900E+05 -1.65602266061E+03   4.38054380              439  0.20667    
      170800  -4.66431301         1326279.        0.000000       -30684.27     -9.77458634723E+08  5.90244721257E+05 -1.65602266233E+03   4.37935693              438  0.20414    
      170900  -4.66467735         1326362.        0.000000       -30722.34     -9.77584247111E+08  5.90320570589E+05 -1.65602266940E+03   4.37947652              439  0.20915    
      171000  -4.66541088         1326375.        0.000000       -30736.58     -9.77780892969E+08  5.90439317766E+05 -1.65602266575E+03   4.37994488              439  0.21094    
      171100  -4.66483003         1326186.        0.000000       -30729.45     -9.77644109838E+08  5.90356722201E+05 -1.65602266066E+03   4.38033760              438  0.20434    
      171200  -4.66432733         1326255.        0.000000       -30731.01     -9.77601192040E+08  5.90330804560E+05 -1.65602266473E+03   4.37949547              437  0.20820    
      171300  -4.66409631         1326129.        0.000000       -30717.12     -9.77603720356E+08  5.90332333204E+05 -1.65602265939E+03   4.38047086              438  0.20458    
      171400  -4.66357267         1325953.        0.000000       -30671.63     -9.77473196616E+08  5.90253516273E+05 -1.65602265750E+03   4.37993207              439  0.20858    
      171500  -4.66365223         1325833.        0.000000       -30715.68     -9.77529375125E+08  5.90287440239E+05 -1.65602265691E+03   4.38026963              439  0.20381    
      171600  -4.66409721         1326273.        0.000000       -30741.25     -9.77530794301E+08  5.90288298435E+05 -1.65602265350E+03   4.37963467              438  0.21458    
      171700  -4.66459257         1326195.        0.000000       -30712.27     -9.77476432378E+08  5.90255471830E+05 -1.65602265295E+03   4.38037610              438  0.20593    
      171800  -4.66378612         1325927.        0.000000       -30654.99     -9.77195970964E+08  5.90086111849E+05 -1.65602265727E+03   4.38011306              439  0.20419    
      171900  -4.66312963         1325982.        0.000000       -30673.69     -9.77083768296E+08  5.90018356173E+05 -1.65602266111E+03   4.37943879              439  0.20472    
      172000  -4.66344257         1325868.        0.000000       -30712.43     -9.77233048745E+08  5.90108501236E+05 -1.65602265803E+03   4.38001570              437  0.20850    
      172100  -4.66362456         1326013.        0.000000       -30698.67     -9.77236851113E+08  5.90110799178E+05 -1.65602265282E+03   4.38008711              437  0.20786    
      172200  -4.66392426         1326084.        0.000000       -30665.67     -9.77293221535E+08  5.90144838408E+05 -1.65602265398E+03   4.38039064              436  0.20707    
      172300  -4.66382367         1325943.        0.000000       -30666.39     -9.77322584576E+08  5.90162571149E+05 -1.65602264927E+03   4.37957088              439  0.20727    
      172400  -4.66400975         1326130.        0.000000       -30669.93     -9.77562672814E+08  5.90307546557E+05 -1.65602265889E+03   4.37949115              439  0.20415    
      172500  -4.66437199         1326371.        0.000000       -30688.99     -9.77640337501E+08  5.90354440192E+05 -1.65602267204E+03   4.37964577              439  0.20635    
      172600  -4.66516917         1326265.        0.000000       -30690.74     -9.77693991635E+08  5.90386841715E+05 -1.65602266608E+03   4.38035957              438  0.20735    
      172700  -4.66453668         1326409.        0.000000       -30737.80     -9.77683727493E+08  5.90380646060E+05 -1.65602265931E+03   4.37949601              438  0.20529    
      172800  -4.66504711         1326470.        0.000000       -30747.30     -9.77795156318E+08  5.90447933534E+05 -1.65602265803E+03   4.37936440              439  0.20477    
      172900  -4.66553556         1326452.        0.000000       -30738.77     -9.77943165683E+08  5.90537310066E+05 -1.65602265769E+03   4.38052624              438  0.20674    
      173000  -4.66492725         1326504.        0.000000       -30735.33     -9.77702346931E+08  5.90391888974E+05 -1.65602266086E+03   4.37982240              438  0.20684    
      173100  -4.66485613         1326248.        0.000000       -30705.47     -9.77696764718E+08  5.90388513617E+05 -1.65602267349E+03   4.38002053              437  0.20445    
      173200  -4.66444104         1326284.        0.000000       -30690.26     -9.77750637506E+08  5.90421043931E+05 -1.65602267663E+03   4.37964510              439  0.20861    
      173300  -4.66466945         1326246.        0.000000       -30652.07     -9.77808825748E+08  5.90456185735E+05 -1.65602266412E+03   4.38033331              439  0.20684    
      173400  -4.66451028         1326292.        0.000000       -30672.95     -9.77696357844E+08  5.90388271308E+05 -1.65602266400E+03   4.37979248              437  0.20491    
      173500  -4.66440089         1326059.        0.000000       -30673.21     -9.77618574706E+08  5.90341304340E+05 -1.65602265591E+03   4.38018384              437  0.20976    
      173600  -4.66382783         1326242.        0.000000       -30685.23     -9.77494882912E+08  5.90266609440E+05 -1.65602266379E+03   4.37937977              439  0.20523    
      173700  -4.66468987         1326265.        0.000000       -30664.76     -9.77663766916E+08  5.90368591157E+05 -1.65602266374E+03   4.37990864              438  0.20387    
      173800  -4.66539265         1326911.        0.000000       -30672.77     -9.77849095770E+08  5.90480501925E+05 -1.65602266727E+03   4.37929537              439  0.20762    
      173900  -4.66618227         1326578.        0.000000       -30677.93     -9.77926014643E+08  5.90526950999E+05 -1.65602266415E+03   4.38028508              436  0.20866    
      174000  -4.66534823         1326508.        0.000000       -30638.77     -9.77821522571E+08  5.90463850605E+05 -1.65602267026E+03   4.37967673              439  0.20497    
      174100  -4.66576019         1326793.        0.000000       -30677.79     -9.77889199815E+08  5.90504717626E+05 -1.65602267116E+03   4.37934354              439  0.20687    
      174200  -4.66597849         1326574.        0.000000       -30706.54     -9.77916353131E+08  5.90521114116E+05 -1.65602267176E+03   4.38053075              438  0.20639    
      174300  -4.66486242         1326283.        0.000000       -30668.71     -9.77709241275E+08  5.90396048476E+05 -1.65602267122E+03   4.38054642              439  0.20456    
      174400  -4.66498951         1326361.        0.000000       -30710.48     -9.77625122712E+08  5.90345253622E+05 -1.65602266930E+03   4.37972028              439  0.20580    
      174500  -4.66432769         1326063.        0.000000       -30743.42     -9.77559117897E+08  5.90305399837E+05 -1.65602265906E+03   4.38034817              438  0.20918    
      174600  -4.66385651         1326332.        0.000000       -30778.46     -9.77528512502E+08  5.90286920308E+05 -1.65602265419E+03   4.37911611              439  0.20658    
      174700  -4.66548946         1326716.        0.000000       -30730.42     -9.77809078894E+08  5.90456343975E+05 -1.65602264904E+03   4.37914973              438  0.20701    
      174800  -4.66601239         1326739.        0.000000       -30688.26     -9.77845884653E+08  5.90478571108E+05 -1.65602264417E+03   4.37985051              438  0.20717    
      174900  -4.66594797         1326307.        0.000000       -30721.05     -9.77810694646E+08  5.90457319927E+05 -1.65602264829E+03   4.38040812              437  0.20856    
      175000  -4.66450696         1326066.        0.000000       -30712.72     -9.77588782796E+08  5.90323315197E+05 -1.65602265340E+03   4.38023494              437  0.20601    
      175100  -4.66513778         1326540.        0.000000       -30676.76     -9.77660777566E+08  5.90366788512E+05 -1.65602265675E+03   4.37981515              438  0.20683    
      175200  -4.66444749         1326107.        0.000000       -30673.56     -9.77504949225E+08  5.90272689889E+05 -1.65602265863E+03   4.38011780              438  0.20619    
      175300  -4.66422047         1326410.        0.000000       -30670.75     -9.77527786148E+08  5.90286481314E+05 -1.65602265526E+03   4.37948747              438  0.20782    
      175400  -4.66591389         1326953.        0.000000       -30687.55     -9.77879772842E+08  5.90499030501E+05 -1.65602265598E+03   4.37895537              437  0.20855    
      175500  -4.66657619         1326634.        0.000000       -30686.40     -9.78060554540E+08  5.90608194970E+05 -1.65602266083E+03   4.38074454              438  0.20468    
      175600  -4.66534168         1326559.        0.000000       -30634.44     -9.77613768206E+08  5.90338402625E+05 -1.65602265388E+03   4.38058660              437  0.20354    
      175700  -4.66491858         1326254.        0.000000       -30654.21     -9.77409352514E+08  5.90214963650E+05 -1.65602265735E+03   4.37975207              437  0.21210    
      175800  -4.66470056         1326240.        0.000000       -30646.43     -9.77438490376E+08  5.90232556786E+05 -1.65602266283E+03   4.38042927              437  0.20613    
      175900  -4.66397000         1326161.        0.000000       -30657.93     -9.77302455121E+08  5.90150410959E+05 -1.65602266299E+03   4.37985677              438  0.20700    
      176000  -4.66441010         1326332.        0.000000       -30686.27     -9.77356658417E+08  5.90183145271E+05 -1.65602265373E+03   4.37943386              439  0.20444    
      176100  -4.66491310         1326391.        0.000000       -30697.56     -9.77571167848E+08  5.90312678219E+05 -1.65602265362E+03   4.37968792              438  0.20671    
      176200  -4.66527381         1326493.        0.000000       -30702.26     -9.77534456107E+08  5.90290511027E+05 -1.65602264960E+03   4.37990630              438  0.20391    
      176300  -4.66484832         1326295.        0.000000       -30677.88     -9.77561569943E+08  5.90306883432E+05 -1.65602265089E+03   4.38023666              438  0.20378    
      176400  -4.66532826         1326393.        0.000000       -30662.01     -9.77615548125E+08  5.90339479919E+05 -1.65602264693E+03   4.37975324              438  0.21211    
      176500  -4.66527890         1326557.        0.000000       -30716.20     -9.77674543274E+08  5.90375101658E+05 -1.65602265497E+03   4.37982634              438  0.20615    
      176600  -4.66558269         1326244.        0.000000       -30699.46     -9.77790561594E+08  5.90445160146E+05 -1.65602265476E+03   4.38065693              438  0.20412    
      176700  -4.66443096         1326221.        0.000000       -30770.10     -9.77530531722E+08  5.90288139693E+05 -1.65602265401E+03   4.38003761              438  0.20812    
      176800  -4.66427494         1326014.        0.000000       -30722.65     -9.77553331781E+08  5.90301906637E+05 -1.65602265686E+03   4.38047763              438  0.20771    
      176900  -4.66396440         1326441.        0.000000       -30737.82     -9.77448059841E+08  5.90238338157E+05 -1.65602265501E+03   4.37917285              438  0.20420    
      177000  -4.66517129         1326619.        0.000000       -30686.35     -9.77720562667E+08  5.90402889610E+05 -1.65602265821E+03   4.37934338              437  0.20547    
      177100  -4.66582862         1326494.        0.000000       -30697.42     -9.77812304593E+08  5.90458288567E+05 -1.65602265821E+03   4.38071411              439  0.20438    
      177200  -4.66522763         1326526.        0.000000       -30712.76     -9.77728342303E+08  5.90407586522E+05 -1.65602266065E+03   4.38013475              438  0.20580    
      177300  -4.66568576         1326677.        0.000000       -30689.84     -9.77766957994E+08  5.90430904470E+05 -1.65602266174E+03   4.37964644              439  0.20482    
      177400  -4.66604015         1326468.        0.000000       -30676.52     -9.77820541763E+08  5.90463261015E+05 -1.65602266275E+03   4.38024930              438  0.20743    
      177500  -4.66514497         1326328.        0.000000       -30678.10     -9.77747711383E+08  5.90419283238E+05 -1.65602265905E+03   4.37993576              438  0.20773    
      177600  -4.66534234         1326550.        0.000000       -30674.99     -9.77870040258E+08  5.90493151657E+05 -1.65602266091E+03   4.37956985              438  0.20392    
      177700  -4.66530321         1326370.        0.000000       -30697.96     -9.77841223734E+08  5.90475751079E+05 -1.65602265961E+03   4.38043690              436  0.20650    
      177800  -4.66500216         1326588.        0.000000       -30739.85     -9.77881444624E+08  5.90500036120E+05 -1.65602266691E+03   4.37896092              438  0.20857    
      177900  -4.66613820         1326467.        0.000000       -30730.41     -9.78146109532E+08  5.90659857453E+05 -1.65602266210E+03   4.38033921              439  0.20641    
      178000  -4.66599459         1326373.        0.000000       -30725.50     -9.78052020625E+08  5.90603041041E+05 -1.65602266270E+03   4.38073402              439  0.20701    
      178100  -4.66528693         1326510.        0.000000       -30674.31     -9.77869418696E+08  5.90492773340E+05 -1.65602266928E+03   4.37967759              438  0.20872    
      178200  -4.66643165         1327038.        0.000000       -30725.77     -9.78062048019E+08  5.90609094426E+05 -1.65602266753E+03   4.37932219              438  0.20404    
      178300  -4.66663544         1326862.        0.000000       -30750.29     -9.78048421357E+08  5.90600866279E+05 -1.65602266641E+03   4.38013405              437  0.21207    
      178400  -4.66629725         1326438.        0.000000       -30723.52     -9.77966880193E+08  5.90551627552E+05 -1.65602266519E+03   4.38066491              437  0.20599    
      178500  -4.66529265         1326424.        0.000000       -30716.30     -9.77812271942E+08  5.90458265203E+05 -1.65602266843E+03   4.37990111              438  0.20433    
      178600  -4.66498951         1326357.        0.000000       -30678.78     -9.77774137336E+08  5.90435235306E+05 -1.65602267424E+03   4.38014026              438  0.20844    
      178700  -4.66597184         1326716.        0.000000       -30739.52     -9.78005709987E+08  5.90575073300E+05 -1.65602267045E+03   4.37968132              439  0.20770    
      178800  -4.66655384         1327027.        0.000000       -30729.18     -9.78051677652E+08  5.90602834207E+05 -1.65602266194E+03   4.37966626              439  0.20763    
      178900  -4.66755025         1327217.        0.000000       -30728.78     -9.78176682984E+08  5.90678318468E+05 -1.65602266479E+03   4.37990511              438  0.20393    
      179000  -4.66731117         1326848.        0.000000       -30703.10     -9.78168024152E+08  5.90673089475E+05 -1.65602266564E+03   4.38015519              439  0.20614    
      179100  -4.66596213         1326355.        0.000000       -30712.91     -9.78076257287E+08  5.90617677332E+05 -1.65602266039E+03   4.38062055              436  0.20613    
      179200  -4.66616727         1326643.        0.000000       -30692.08     -9.78057171531E+08  5.90606152033E+05 -1.65602266107E+03   4.38000486              436  0.20644    
      179300  -4.66591475         1326496.        0.000000       -30711.20     -9.77984787019E+08  5.90562443380E+05 -1.65602265769E+03   4.38022081              439  0.20569    
      179400  -4.66581295         1326584.        0.000000       -30677.51     -9.77946272349E+08  5.90539187910E+05 -1.65602265247E+03   4.37975346              438  0.20484    
      179500  -4.66548549         1326544.        0.000000       -30644.16     -9.78003399927E+08  5.90573683389E+05 -1.65602265633E+03   4.37954224              437  0.20500    
      179600  -4.66681314         1326873.        0.000000       -30721.23     -9.78299294729E+08  5.90752362039E+05 -1.65602265449E+03   4.37992353              438  0.21409    
      179700  -4.66594528         1326468.        0.000000       -30704.25     -9.78170816652E+08  5.90674779712E+05 -1.65602265451E+03   4.38055524              439  0.20757    
      179800  -4.66557127         1326446.        0.000000       -30730.44     -9.77993873753E+08  5.90567930178E+05 -1.65602265849E+03   4.38041897              438  0.20379    
      179900  -4.66450347         1326061.        0.000000       -30728.26     -9.77778557157E+08  5.90437911172E+05 -1.65602265481E+03   4.37996245              437  0.20705    
      180000  -4.66477531         1326176.        0.000000       -30748.17     -9.77918512042E+08  5.90522421670E+05 -1.65602266088E+03   4.37997037              438  0.20668    
      180100  -4.66482510         1326440.        0.000000       -30762.29     -9.77941938560E+08  5.90536569576E+05 -1.65602265625E+03   4.37998830              439  0.20502    
      180200  -4.66616229         1326788.        0.000000       -30694.62     -9.78042977291E+08  5.90597581690E+05 -1.65602265843E+03   4.38027517              439  0.20805    
      180300  -4.66663847         1326731.        0.000000       -30696.80     -9.78003726844E+08  5.90573880178E+05 -1.65602265808E+03   4.37985963              437  0.20544    
      180400  -4.66612432         1326819.        0.000000       -30687.71     -9.77950099820E+08  5.90541498373E+05 -1.65602265466E+03   4.37903060              439  0.20535    
      180500  -4.66650760         1326987.        0.000000       -30727.77     -9.78142537977E+08  5.90657706052E+05 -1.65602264722E+03   4.38019245              438  0.20512    
      180600  -4.66671582         1326895.        0.000000       -30705.41     -9.78073113465E+08  5.90615783837E+05 -1.65602264659E+03   4.38023799              438  0.21077    
      180700  -4.66569533         1326107.        0.000000       -30714.22     -9.77890422349E+08  5.90505464477E+05 -1.65602264700E+03   4.38114707              438  0.20616    
      180800  -4.66338950         1325969.        0.000000       -30692.09     -9.77526824123E+08  5.90285900901E+05 -1.65602265382E+03   4.37965285              438  0.20889    
      180900  -4.66382277         1326122.        0.000000       -30704.76     -9.77724023585E+08  5.90404975542E+05 -1.65602266933E+03   4.37918797              436  0.20942    
      181000  -4.66392650         1326047.        0.000000       -30696.79     -9.77716172183E+08  5.90400232725E+05 -1.65602267410E+03   4.37992304              438  0.20764    
      181100  -4.66411484         1326177.        0.000000       -30719.02     -9.77660417646E+08  5.90366566165E+05 -1.65602267079E+03   4.37979413              439  0.20453    
      181200  -4.66467991         1326361.        0.000000       -30734.66     -9.77767582515E+08  5.90431280788E+05 -1.65602266399E+03   4.37962064              437  0.20632    
      181300  -4.66536394         1326725.        0.000000       -30710.13     -9.77938852642E+08  5.90534704743E+05 -1.65602266012E+03   4.37952893              438  0.20637    
      181400  -4.66673340         1326820.        0.000000       -30708.72     -9.78086861390E+08  5.90624078316E+05 -1.65602266704E+03   4.37988650              438  0.20448    
      181500  -4.66641472         1326620.        0.000000       -30714.68     -9.78010871390E+08  5.90578195583E+05 -1.65602265492E+03   4.38027602              439  0.20592    
      181600  -4.66659633         1326938.        0.000000       -30729.90     -9.78105128470E+08  5.90635111395E+05 -1.65602266035E+03   4.37985513              437  0.20554    
      181700  -4.66650582         1326680.        0.000000       -30694.05     -9.77915330812E+08  5.90520501370E+05 -1.65602265890E+03   4.38082152              437  0.20508    
      181800  -4.66529491         1326359.        0.000000       -30687.81     -9.77504656554E+08  5.90272513832E+05 -1.65602265674E+03   4.38085208              438  0.20505    
      181900  -4.66474620         1326061.        0.000000       -30660.29     -9.77319751265E+08  5.90160858344E+05 -1.65602265458E+03   4.38060574              437  0.20521    
      182000  -4.66280982         1325656.        0.000000       -30685.43     -9.77057302235E+08  5.90002376805E+05 -1.65602265456E+03   4.37993971              438  0.20689    
      182100  -4.66224474         1325702.        0.000000       -30738.04     -9.77107524873E+08  5.90032704150E+05 -1.65602265434E+03   4.37968735              439  0.20420    
      182200  -4.66322117         1326016.        0.000000       -30688.60     -9.77177617887E+08  5.90075032230E+05 -1.65602264884E+03   4.37901245              437  0.20506    
      182300  -4.66344073         1326243.        0.000000       -30702.66     -9.77350841025E+08  5.90179633060E+05 -1.65602265188E+03   4.37880933              438  0.21220    
      182400  -4.66503817         1326385.        0.000000       -30715.27     -9.77726654159E+08  5.90406568404E+05 -1.65602265707E+03   4.37989897              439  0.20410    
      182500  -4.66543653         1326528.        0.000000       -30721.09     -9.77819587030E+08  5.90462686655E+05 -1.65602265669E+03   4.37981519              438  0.20751    
      182600  -4.66613255         1326603.        0.000000       -30724.20     -9.77941095424E+08  5.90536063829E+05 -1.65602264675E+03   4.37990856              438  0.20615    
      182700  -4.66584902         1326414.        0.000000       -30705.68     -9.77877775514E+08  5.90497826948E+05 -1.65602264883E+03   4.38009032              439  0.20409    
      182800  -4.66550526         1326587.        0.000000       -30685.35     -9.77851944930E+08  5.90482231065E+05 -1.65602264300E+03   4.38020775              438  0.20521    
      182900  -4.66495161         1326228.        0.000000       -30664.88     -9.77694300400E+08  5.90387034480E+05 -1.65602264837E+03   4.38000964              437  0.20490    
      183000  -4.66528234         1326221.        0.000000       -30656.58     -9.77789437743E+08  5.90444484129E+05 -1.65602264739E+03   4.38072309              436  0.20410    
      183100  -4.66507205         1326366.        0.000000       -30698.35     -9.77751125696E+08  5.90421347393E+05 -1.65602265232E+03   4.38002921              436  0.20394    
      183200  -4.66500661         1326401.        0.000000       -30676.77     -9.77815730691E+08  5.90460359832E+05 -1.65602265149E+03   4.37953492              437  0.21070    
      183300  -4.66536908         1326433.        0.000000       -30685.49     -9.77867565263E+08  5.90491660854E+05 -1.65602265043E+03   4.37993845              438  0.20618    
      183400  -4.66508269         1326162.        0.000000       -30667.60     -9.77750703617E+08  5.90421091788E+05 -1.65602265437E+03   4.38108649              438  0.21057    
      183500  -4.66318492         1325735.        0.000000       -30659.53     -9.77392125402E+08  5.90204561246E+05 -1.65602265652E+03   4.38035841              439  0.21214    
      183600  -4.66282108         1325738.        0.000000       -30694.96     -9.77391410884E+08  5.90204127934E+05 -1.65602266170E+03   4.38021246              438  0.21334    
      183700  -4.66312151         1326093.        0.000000       -30723.48     -9.77483794131E+08  5.90259914242E+05 -1.65602266145E+03   4.37869109              437  0.20395    
      183800  -4.66503778         1326505.        0.000000       -30751.31     -9.77978758230E+08  5.90558802399E+05 -1.65602265897E+03   4.37930548              439  0.20900    
      183900  -4.66663581         1327113.        0.000000       -30693.09     -9.78327029584E+08  5.90769106891E+05 -1.65602266295E+03   4.37889540              437  0.20578    
      184000  -4.66799937         1327161.        0.000000       -30652.10     -9.78529264525E+08  5.90891228344E+05 -1.65602266134E+03   4.38023648              438  0.20476    
      184100  -4.66798073         1326872.        0.000000       -30666.60     -9.78447052036E+08  5.90841584149E+05 -1.65602266036E+03   4.38107685              439  0.21075    
      184200  -4.66619296         1326667.        0.000000       -30649.51     -9.78005830485E+08  5.90575150197E+05 -1.65602265886E+03   4.38085721              438  0.20697    
      184300  -4.66571391         1326535.        0.000000       -30634.71     -9.77805694127E+08  5.90454295951E+05 -1.65602266057E+03   4.38052254              438  0.20371    
      184400  -4.66511814         1326123.        0.000000       -30624.90     -9.77607999257E+08  5.90334915976E+05 -1.65602266239E+03   4.38035202              438  0.20592    
      184500  -4.66442463         1326107.        0.000000       -30702.60     -9.77622207025E+08  5.90343497797E+05 -1.65602265575E+03   4.37963324              439  0.20516    
      184600  -4.66417450         1326303.        0.000000       -30718.53     -9.77724770561E+08  5.90405430338E+05 -1.65602265887E+03   4.37950114              438  0.20421    
      184700  -4.66541574         1326539.        0.000000       -30664.93     -9.77937287937E+08  5.90533762136E+05 -1.65602265381E+03   4.37942468              438  0.20602    
      184800  -4.66568960         1326344.        0.000000       -30691.09     -9.77982648067E+08  5.90561153436E+05 -1.65602265299E+03   4.38042789              438  0.20607    
      184900  -4.66558463         1326676.        0.000000       -30714.75     -9.77969610965E+08  5.90553277598E+05 -1.65602266225E+03   4.37923037              439  0.20926    
      185000  -4.66615852         1326878.        0.000000       -30753.01     -9.78112413558E+08  5.90639510020E+05 -1.65602266182E+03   4.37988076              439  0.20448    
      185100  -4.66662455         1326849.        0.000000       -30724.67     -9.78112375302E+08  5.90639487998E+05 -1.65602265879E+03   4.38007718              436  0.21256    
      185200  -4.66679908         1326762.        0.000000       -30728.54     -9.78021074033E+08  5.90584356137E+05 -1.65602265599E+03   4.37971606              436  0.21051    
      185300  -4.66605407         1326546.        0.000000       -30715.05     -9.78059780501E+08  5.90607729377E+05 -1.65602265574E+03   4.37959195              437  0.20424    
      185400  -4.66638085         1326573.        0.000000       -30718.15     -9.78183516155E+08  5.90682445984E+05 -1.65602266126E+03   4.38045673              436  0.20665    
      185500  -4.66618054         1326881.        0.000000       -30756.02     -9.78023454407E+08  5.90585792271E+05 -1.65602265955E+03   4.37951721              438  0.20460    
      185600  -4.66696918         1326973.        0.000000       -30747.73     -9.78182475956E+08  5.90681819415E+05 -1.65602265688E+03   4.37950987              437  0.20442    
      185700  -4.66619215         1326781.        0.000000       -30779.03     -9.78145061881E+08  5.90659225716E+05 -1.65602265959E+03   4.37969756              439  0.20805    
      185800  -4.66548386         1326465.        0.000000       -30761.34     -9.77985678811E+08  5.90562980842E+05 -1.65602266064E+03   4.38036615              437  0.20462    
      185900  -4.66522512         1326486.        0.000000       -30768.71     -9.77830793996E+08  5.90469453290E+05 -1.65602265883E+03   4.37998368              439  0.20666    
      186000  -4.66579123         1326890.        0.000000       -30764.91     -9.77852248624E+08  5.90482409710E+05 -1.65602265630E+03   4.37937279              437  0.20935    
      186100  -4.66660134         1326832.        0.000000       -30751.68     -9.77985395400E+08  5.90562811473E+05 -1.65602265568E+03   4.37999947              436  0.20488    
      186200  -4.66646906         1326496.        0.000000       -30767.18     -9.78050745040E+08  5.90602271819E+05 -1.65602265976E+03   4.38052768              439  0.21109    
      186300  -4.66528259         1326401.        0.000000       -30708.75     -9.77873350745E+08  5.90495152261E+05 -1.65602265658E+03   4.38000880              439  0.20411    
      186400  -4.66500325         1326280.        0.000000       -30694.70     -9.77774347838E+08  5.90435372838E+05 -1.65602264502E+03   4.38004142              438  0.20492    
      186500  -4.66465934         1326380.        0.000000       -30705.75     -9.77805858873E+08  5.90454395189E+05 -1.65602266126E+03   4.37935348              438  0.20565    
      186600  -4.66537262         1326730.        0.000000       -30724.20     -9.77945717437E+08  5.90538846696E+05 -1.65602266965E+03   4.37940960              437  0.20401    
      186700  -4.66560281         1326500.        0.000000       -30723.54     -9.77932407644E+08  5.90530810163E+05 -1.65602266777E+03   4.38016740              439  0.20946    
      186800  -4.66467674         1326185.        0.000000       -30684.49     -9.77731236658E+08  5.90409331129E+05 -1.65602266954E+03   4.38028380              438  0.20557    
      186900  -4.66340139         1325719.        0.000000       -30653.32     -9.77461294687E+08  5.90246327678E+05 -1.65602266181E+03   4.38050145              437  0.20501    
      187000  -4.66285723         1325880.        0.000000       -30701.79     -9.77424709255E+08  5.90224236581E+05 -1.65602265830E+03   4.37979120              437  0.20668    
      187100  -4.66391187         1326467.        0.000000       -30705.67     -9.77673113680E+08  5.90374238504E+05 -1.65602265464E+03   4.37900412              439  0.21215    
      187200  -4.66489075         1326370.        0.000000       -30749.03     -9.77842287261E+08  5.90476392188E+05 -1.65602266271E+03   4.37962819              438  0.20416    
      187300  -4.66652871         1326824.        0.000000       -30718.32     -9.78124951163E+08  5.90647079429E+05 -1.65602266604E+03   4.37969181              439  0.20752    
      187400  -4.66653649         1326798.        0.000000       -30681.76     -9.78058198044E+08  5.90606770190E+05 -1.65602266586E+03   4.38006501              438  0.20892    
      187500  -4.66657478         1326763.        0.000000       -30655.15     -9.77907879461E+08  5.90516000249E+05 -1.65602266331E+03   4.38038584              439  0.20495    
      187600  -4.66536784         1326366.        0.000000       -30632.61     -9.77638469608E+08  5.90353314445E+05 -1.65602266590E+03   4.38023968              438  0.20434    
      187700  -4.66414151         1326314.        0.000000       -30611.37     -9.77410898385E+08  5.90215894783E+05 -1.65602266395E+03   4.37963932              436  0.20629    
      187800  -4.66469851         1326379.        0.000000       -30609.22     -9.77514432811E+08  5.90278414904E+05 -1.65602266342E+03   4.37975095              438  0.20532    
      187900  -4.66535245         1326429.        0.000000       -30639.35     -9.77614449665E+08  5.90338811612E+05 -1.65602266095E+03   4.37984022              438  0.20361    
      188000  -4.66395056         1326020.        0.000000       -30663.78     -9.77355635208E+08  5.90182526384E+05 -1.65602265658E+03   4.38040125              437  0.20831    
      188100  -4.66373680         1325801.        0.000000       -30676.31     -9.77243327299E+08  5.90114708187E+05 -1.65602265753E+03   4.38067721              438  0.20752    
      188200  -4.66343213         1326152.        0.000000       -30700.18     -9.77230270041E+08  5.90106827520E+05 -1.65602264618E+03   4.37918381              438  0.20366    
      188300  -4.66418004         1326048.        0.000000       -30731.21     -9.77464017038E+08  5.90247976067E+05 -1.65602264925E+03   4.37962744              438  0.20566    
      188400  -4.66363831         1326140.        0.000000       -30726.74     -9.77555129180E+08  5.90302991077E+05 -1.65602265948E+03   4.37949542              439  0.20755    
      188500  -4.66490142         1326637.        0.000000       -30754.64     -9.77834800023E+08  5.90471871167E+05 -1.65602266216E+03   4.37898158              438  0.20375    
      188600  -4.66616510         1326786.        0.000000       -30712.55     -9.78171232483E+08  5.90675029378E+05 -1.65602265854E+03   4.37934278              438  0.21122    
      188700  -4.66646802         1326869.        0.000000       -30709.87     -9.78136657742E+08  5.90654150968E+05 -1.65602265918E+03   4.38039196              439  0.20518    
      188800  -4.66590303         1326633.        0.000000       -30739.58     -9.77956873314E+08  5.90545586147E+05 -1.65602266151E+03   4.37942487              437  0.20457    
      188900  -4.66624386         1326811.        0.000000       -30718.26     -9.78096097156E+08  5.90629660463E+05 -1.65602265282E+03   4.37943470              436  0.20757    
      189000  -4.66605268         1326539.        0.000000       -30696.38     -9.78098068486E+08  5.90630850101E+05 -1.65602265496E+03   4.38010445              436  0.20934    
      189100  -4.66594309         1326579.        0.000000       -30748.66     -9.78026780352E+08  5.90587801600E+05 -1.65602265692E+03   4.37949489              438  0.20723    
      189200  -4.66563574         1326488.        0.000000       -30775.58     -9.78151441880E+08  5.90663080630E+05 -1.65602265311E+03   4.38008589              438  0.20496    
      189300  -4.66593538         1326699.        0.000000       -30816.22     -9.78207549211E+08  5.90696965892E+05 -1.65602264053E+03   4.37937236              437  0.20679    
      189400  -4.66576409         1326578.        0.000000       -30779.37     -9.78175828995E+08  5.90677806848E+05 -1.65602265339E+03   4.37951582              439  0.20473    
      189500  -4.66596433         1326679.        0.000000       -30750.70     -9.78203316056E+08  5.90694404109E+05 -1.65602265613E+03   4.37980548              439  0.20428    
      189600  -4.66551430         1326452.        0.000000       -30747.95     -9.78132539875E+08  5.90651666115E+05 -1.65602265428E+03   4.38013840              438  0.20696    
      189700  -4.66488930         1326237.        0.000000       -30723.53     -9.77985332176E+08  5.90562772777E+05 -1.65602265713E+03   4.37984698              438  0.20582    
      189800  -4.66565490         1326901.        0.000000       -30717.03     -9.78073091536E+08  5.90615762501E+05 -1.65602266928E+03   4.37951489              439  0.20452    
      189900  -4.66581622         1326743.        0.000000       -30749.88     -9.78041781276E+08  5.90596855021E+05 -1.65602267090E+03   4.37973274              438  0.20637    
      190000  -4.66662976         1326893.        0.000000       -30757.24     -9.78115275295E+08  5.90641238384E+05 -1.65602266102E+03   4.37947600              439  0.20842    
      190100  -4.66697483         1326720.        0.000000       -30710.59     -9.78146535079E+08  5.90660114621E+05 -1.65602266154E+03   4.38093373              439  0.20381    
      190200  -4.66562007         1326558.        0.000000       -30712.09     -9.77816687908E+08  5.90460932488E+05 -1.65602266654E+03   4.38012008              438  0.20405    
      190300  -4.66559861         1326348.        0.000000       -30700.68     -9.77764441653E+08  5.90429383887E+05 -1.65602266475E+03   4.38028046              437  0.20425    
      190400  -4.66442742         1326132.        0.000000       -30678.50     -9.77577873130E+08  5.90316721548E+05 -1.65602266961E+03   4.38056459              439  0.20437    
      190500  -4.66415237         1326268.        0.000000       -30678.82     -9.77474174384E+08  5.90254101124E+05 -1.65602267315E+03   4.37955219              438  0.20995    
      190600  -4.66410450         1326135.        0.000000       -30674.43     -9.77339733297E+08  5.90172921774E+05 -1.65602266258E+03   4.38039086              438  0.20508    
      190700  -4.66420382         1326296.        0.000000       -30651.59     -9.77313963637E+08  5.90157362569E+05 -1.65602265705E+03   4.37931476              438  0.20429    
      190800  -4.66435416         1326105.        0.000000       -30645.91     -9.77500160639E+08  5.90269800812E+05 -1.65602265150E+03   4.38019589              439  0.20655    
      190900  -4.66502652         1326674.        0.000000       -30646.50     -9.77605363726E+08  5.90333324831E+05 -1.65602266144E+03   4.37934779              439  0.20622    
      191000  -4.66497468         1326350.        0.000000       -30619.26     -9.77623954220E+08  5.90344550652E+05 -1.65602266192E+03   4.38021549              439  0.20936    
      191100  -4.66455873         1326259.        0.000000       -30610.61     -9.77476164829E+08  5.90255306112E+05 -1.65602266461E+03   4.37987632              438  0.20447    
      191200  -4.66459514         1326267.        0.000000       -30625.56     -9.77517658022E+08  5.90280361673E+05 -1.65602266565E+03   4.37943874              438  0.20841    
      191300  -4.66429466         1325956.        0.000000       -30620.69     -9.77449988606E+08  5.90239496717E+05 -1.65602267222E+03   4.38021478              439  0.20547    
      191400  -4.66327590         1326047.        0.000000       -30655.10     -9.77431708358E+08  5.90228457156E+05 -1.65602267479E+03   4.37949772              438  0.20514    
      191500  -4.66484073         1326542.        0.000000       -30665.37     -9.77816607872E+08  5.90460882325E+05 -1.65602267168E+03   4.37883079              439  0.21453    
      191600  -4.66746838         1327304.        0.000000       -30701.36     -9.78388241627E+08  5.90806066277E+05 -1.65602267389E+03   4.37959300              439  0.21122    
      191700  -4.66799231         1327229.        0.000000       -30706.12     -9.78506839653E+08  5.90877686515E+05 -1.65602266253E+03   4.38006132              438  0.20485    
      191800  -4.66680038         1326638.        0.000000       -30713.27     -9.78187174824E+08  5.90684654670E+05 -1.65602266301E+03   4.38071164              439  0.20816    
      191900  -4.66642259         1326771.        0.000000       -30703.52     -9.77953158531E+08  5.90543343629E+05 -1.65602265961E+03   4.38027959              437  0.20395    
      192000  -4.66527067         1326367.        0.000000       -30716.15     -9.77853551583E+08  5.90483195454E+05 -1.65602265926E+03   4.38022092              439  0.20509    
      192100  -4.66477794         1326420.        0.000000       -30710.57     -9.77763242813E+08  5.90428663195E+05 -1.65602265568E+03   4.37986271              438  0.20800    
      192200  -4.66532035         1326440.        0.000000       -30731.87     -9.77898305630E+08  5.90510220480E+05 -1.65602265924E+03   4.37935145              439  0.20523    
      192300  -4.66580578         1326517.        0.000000       -30749.07     -9.78089167945E+08  5.90625476035E+05 -1.65602265333E+03   4.37987118              438  0.21157    
      192400  -4.66553114         1326059.        0.000000       -30732.46     -9.78108975281E+08  5.90637437142E+05 -1.65602265243E+03   4.38143257              437  0.20421    
      192500  -4.66452952         1326326.        0.000000       -30738.91     -9.77947200808E+08  5.90539746070E+05 -1.65602265947E+03   4.37968011              438  0.20647    
      192600  -4.66580317         1327244.        0.000000       -30768.26     -9.78195895355E+08  5.90689921147E+05 -1.65602266153E+03   4.37782206              438  0.20974    
      192700  -4.66788332         1327109.        0.000000       -30782.38     -9.78604833176E+08  5.90936864311E+05 -1.65602265196E+03   4.37962460              437  0.20373    
      192800  -4.66719492         1326880.        0.000000       -30739.22     -9.78571917469E+08  5.90916989355E+05 -1.65602264801E+03   4.37979074              438  0.20673    
      192900  -4.66617135         1326598.        0.000000       -30723.74     -9.78438920742E+08  5.90836674994E+05 -1.65602265762E+03   4.38053044              438  0.20462    
      193000  -4.66629898         1326694.        0.000000       -30718.39     -9.78411194477E+08  5.90819930804E+05 -1.65602266184E+03   4.38024893              438  0.20460    
      193100  -4.66610799         1326551.        0.000000       -30718.88     -9.78234390017E+08  5.90713164577E+05 -1.65602266663E+03   4.38023107              437  0.21063    
      193200  -4.66580531         1326401.        0.000000       -30722.82     -9.78007512342E+08  5.90576162887E+05 -1.65602266702E+03   4.38063225              439  0.21043    
      193300  -4.66471242         1326302.        0.000000       -30727.45     -9.77841837702E+08  5.90476119178E+05 -1.65602266703E+03   4.37978878              437  0.20421    
      193400  -4.66495104         1326346.        0.000000       -30729.39     -9.77852467436E+08  5.90482539708E+05 -1.65602266228E+03   4.37958295              437  0.21230    
      193500  -4.66546794         1326728.        0.000000       -30687.74     -9.77915197974E+08  5.90520422104E+05 -1.65602265624E+03   4.37931237              439  0.20465    
      193600  -4.66597523         1326505.        0.000000       -30707.24     -9.78116281016E+08  5.90641846524E+05 -1.65602265869E+03   4.38007375              439  0.20860    
      193700  -4.66488866         1326337.        0.000000       -30691.01     -9.77921399378E+08  5.90524167384E+05 -1.65602265477E+03   4.38050241              437  0.20533    
      193800  -4.66460755         1326368.        0.000000       -30716.93     -9.77746386277E+08  5.90418484981E+05 -1.65602265367E+03   4.37974760              438  0.20966    
      193900  -4.66570195         1326619.        0.000000       -30702.87     -9.77797438540E+08  5.90449310117E+05 -1.65602266238E+03   4.37977274              438  0.20671    
      194000  -4.66560383         1326536.        0.000000       -30664.59     -9.77761515347E+08  5.90427618055E+05 -1.65602266128E+03   4.38111005              438  0.20533    
      194100  -4.66380934         1325843.        0.000000       -30681.36     -9.77345276497E+08  5.90176270038E+05 -1.65602265986E+03   4.38005328              439  0.20694    
      194200  -4.66420708         1326344.        0.000000       -30677.49     -9.77531064431E+08  5.90288460695E+05 -1.65602265591E+03   4.37929126              438  0.20666    
      194300  -4.66539241         1326823.        0.000000       -30677.41     -9.77703498678E+08  5.90392584248E+05 -1.65602266147E+03   4.37926751              439  0.20614    
      194400  -4.66580807         1326197.        0.000000       -30709.31     -9.77741908219E+08  5.90415777175E+05 -1.65602266406E+03   4.38084517              439  0.20846    
      194500  -4.66313098         1325716.        0.000000       -30705.22     -9.77301283948E+08  5.90149705522E+05 -1.65602265799E+03   4.38000412              438  0.20526    
      194600  -4.66325580         1325812.        0.000000       -30737.67     -9.77415719312E+08  5.90218808393E+05 -1.65602265704E+03   4.37964744              438  0.20410    
      194700  -4.66210154         1325588.        0.000000       -30711.79     -9.77333268317E+08  5.90169017370E+05 -1.65602266394E+03   4.37984984              438  0.20855    
      194800  -4.66283497         1325798.        0.000000       -30685.67     -9.77556035167E+08  5.90303536532E+05 -1.65602266405E+03   4.37972509              437  0.20697    
      194900  -4.66402165         1326471.        0.000000       -30727.02     -9.77811450074E+08  5.90457772792E+05 -1.65602265756E+03   4.37914877              439  0.20941    
      195000  -4.66541933         1326606.        0.000000       -30693.92     -9.77909635493E+08  5.90517061323E+05 -1.65602266140E+03   4.37965535              439  0.21124    
      195100  -4.66617702         1326730.        0.000000       -30708.88     -9.78074828817E+08  5.90616814363E+05 -1.65602266145E+03   4.37958587              438  0.20729    
      195200  -4.66533747         1326343.        0.000000       -30692.44     -9.77946345599E+08  5.90539227690E+05 -1.65602266495E+03   4.38020192              437  0.20997    
      195300  -4.66477393         1326123.        0.000000       -30670.29     -9.77768277446E+08  5.90431697468E+05 -1.65602267229E+03   4.38032414              438  0.20599    
      195400  -4.66418855         1326231.        0.000000       -30713.88     -9.77692316123E+08  5.90385828555E+05 -1.65602266998E+03   4.37989462              439  0.20802    
      195500  -4.66493993         1326279.        0.000000       -30685.88     -9.77762007319E+08  5.90427912806E+05 -1.65602266782E+03   4.37978168              439  0.20490    
      195600  -4.66511842         1326402.        0.000000       -30723.20     -9.77820552229E+08  5.90463269926E+05 -1.65602265548E+03   4.38001256              438  0.20467    
      195700  -4.66475692         1326240.        0.000000       -30732.97     -9.77667358895E+08  5.90370763595E+05 -1.65602265421E+03   4.38046084              439  0.20768    
      195800  -4.66467966         1326189.        0.000000       -30697.60     -9.77625507393E+08  5.90345489281E+05 -1.65602265986E+03   4.38047627              437  0.20739    
      195900  -4.66400662         1326043.        0.000000       -30654.79     -9.77449442867E+08  5.90239171417E+05 -1.65602266031E+03   4.38005547              439  0.20437    
      196000  -4.66368182         1326027.        0.000000       -30695.82     -9.77511171739E+08  5.90276446598E+05 -1.65602266086E+03   4.37969033              439  0.20794    
      196100  -4.66359184         1326172.        0.000000       -30672.91     -9.77441334930E+08  5.90234275142E+05 -1.65602266099E+03   4.37960603              439  0.20549    
      196200  -4.66379710         1325869.        0.000000       -30687.16     -9.77548009551E+08  5.90298692665E+05 -1.65602265717E+03   4.38045087              439  0.20782    
      196300  -4.66284172         1325955.        0.000000       -30686.17     -9.77348738711E+08  5.90178363229E+05 -1.65602265282E+03   4.38033727              438  0.20432    
      196400  -4.66416103         1326397.        0.000000       -30678.98     -9.77416628690E+08  5.90219357952E+05 -1.65602265585E+03   4.37950513              437  0.20757    
      196500  -4.66503024         1326330.        0.000000       -30708.99     -9.77467447759E+08  5.90250044201E+05 -1.65602265915E+03   4.37986483              439  0.20451    
      196600  -4.66475079         1326379.        0.000000       -30683.65     -9.77590990964E+08  5.90324647221E+05 -1.65602265731E+03   4.37987602              438  0.20579    
      196700  -4.66580951         1326578.        0.000000       -30702.53     -9.77760960090E+08  5.90427285400E+05 -1.65602265388E+03   4.37958961              438  0.20687    
      196800  -4.66598260         1326697.        0.000000       -30712.77     -9.77933341626E+08  5.90531378419E+05 -1.65602265581E+03   4.37899620              438  0.20607    
      196900  -4.66615410         1326744.        0.000000       -30698.83     -9.78078744131E+08  5.90619179644E+05 -1.65602265866E+03   4.38005473              438  0.20394    
      197000  -4.66587367         1326237.        0.000000       -30710.38     -9.78034103045E+08  5.90592223505E+05 -1.65602265678E+03   4.38063880              439  0.20438    
      197100  -4.66449284         1326156.        0.000000       -30744.88     -9.77936453797E+08  5.90533255715E+05 -1.65602266144E+03   4.37973908              437  0.20762    
      197200  -4.66490886         1326226.        0.000000       -30735.87     -9.77975775119E+08  5.90556999208E+05 -1.65602266408E+03   4.38037189              439  0.20375    
      197300  -4.66453632         1326071.        0.000000       -30760.66     -9.77923780667E+08  5.90525602041E+05 -1.65602266403E+03   4.38009109              438  0.20953    
      197400  -4.66438740         1326418.        0.000000       -30727.77     -9.77878324536E+08  5.90498152617E+05 -1.65602266527E+03   4.38056368              438  0.20549    
      197500  -4.66479868         1326329.        0.000000       -30695.66     -9.77774219024E+08  5.90435288937E+05 -1.65602266217E+03   4.37954785              438  0.20411    
      197600  -4.66438692         1326162.        0.000000       -30709.82     -9.77822297010E+08  5.90464319739E+05 -1.65602266610E+03   4.37952318              438  0.20608    
      197700  -4.66445611         1326264.        0.000000       -30732.17     -9.77972699533E+08  5.90555140937E+05 -1.65602266705E+03   4.38034513              438  0.20614    
      197800  -4.66442153         1326445.        0.000000       -30729.13     -9.77905875829E+08  5.90514792028E+05 -1.65602265858E+03   4.37912133              437  0.20778    
      197900  -4.66586433         1326472.        0.000000       -30735.93     -9.78213624281E+08  5.90700628436E+05 -1.65602265715E+03   4.38061307              438  0.20463    
      198000  -4.66530131         1326159.        0.000000       -30707.90     -9.77951274233E+08  5.90542204895E+05 -1.65602266210E+03   4.38061853              439  0.21082    
      198100  -4.66501419         1326506.        0.000000       -30705.34     -9.77849406375E+08  5.90480691549E+05 -1.65602266149E+03   4.37949782              438  0.20529    
      198200  -4.66506184         1326408.        0.000000       -30679.47     -9.77898059898E+08  5.90510070088E+05 -1.65602266487E+03   4.38013993              438  0.20941    
      198300  -4.66486392         1325928.        0.000000       -30699.56     -9.77762903439E+08  5.90428453936E+05 -1.65602266781E+03   4.38123515              437  0.20690    
      198400  -4.66394339         1326062.        0.000000       -30679.64     -9.77501566810E+08  5.90270646702E+05 -1.65602266057E+03   4.38000812              437  0.21070    
      198500  -4.66426344         1326072.        0.000000       -30641.82     -9.77611002622E+08  5.90336729152E+05 -1.65602266358E+03   4.38007765              438  0.20384    
      198600  -4.66393542         1326252.        0.000000       -30667.47     -9.77522082414E+08  5.90283033685E+05 -1.65602266478E+03   4.37988583              437  0.20929    
      198700  -4.66422169         1326120.        0.000000       -30663.91     -9.77532485055E+08  5.90289316265E+05 -1.65602266231E+03   4.38049379              438  0.20840    
      198800  -4.66510343         1326652.        0.000000       -30686.51     -9.77676579860E+08  5.90376329045E+05 -1.65602266175E+03   4.37871859              439  0.21005    
      198900  -4.66623564         1326600.        0.000000       -30746.88     -9.77979621364E+08  5.90559322961E+05 -1.65602266079E+03   4.37997706              438  0.20887    
      199000  -4.66593057         1326575.        0.000000       -30754.16     -9.77950188834E+08  5.90541552042E+05 -1.65602265489E+03   4.38006103              437  0.20810    
      199100  -4.66580305         1326581.        0.000000       -30811.32     -9.77948119451E+08  5.90540301697E+05 -1.65602265695E+03   4.37998530              437  0.20435    
      199200  -4.66656763         1327053.        0.000000       -30797.26     -9.78071018224E+08  5.90614513616E+05 -1.65602266060E+03   4.37886280              439  0.20910    
      199300  -4.66734168         1326933.        0.000000       -30762.66     -9.78118562093E+08  5.90643223413E+05 -1.65602266025E+03   4.37968398              438  0.20502    
      199400  -4.66585534         1326568.        0.000000       -30718.52     -9.77945718546E+08  5.90538850633E+05 -1.65602266049E+03   4.37964676              438  0.20411    
      199500  -4.66543262         1326305.        0.000000       -30699.40     -9.77986587029E+08  5.90563529126E+05 -1.65602266106E+03   4.38052606              438  0.20641    
      199600  -4.66514116         1326402.        0.000000       -30717.26     -9.77928469584E+08  5.90528434149E+05 -1.65602266213E+03   4.38001257              438  0.20657    
      199700  -4.66437558         1325949.        0.000000       -30771.84     -9.77770764175E+08  5.90433202999E+05 -1.65602266134E+03   4.38093082              438  0.20640    
      199800  -4.66366875         1326047.        0.000000       -30774.29     -9.77470389565E+08  5.90251815411E+05 -1.65602267379E+03   4.38006387              438  0.20665    
      199900  -4.66393747         1326401.        0.000000       -30747.47     -9.77500828415E+08  5.90270198455E+05 -1.65602266720E+03   4.37883389              439  0.20739    
      200000  -4.66488071         1326283.        0.000000       -30699.86     -9.77718312073E+08  5.90401527106E+05 -1.65602266794E+03   4.38027220              437  0.20848    
      200100  -4.66489205         1326711.        0.000000       -30724.63     -9.77754391855E+08  5.90423314263E+05 -1.65602266753E+03   4.37896002              439  0.20443    
      200200  -4.66628297         1326855.        0.000000       -30746.62     -9.78026715063E+08  5.90587755875E+05 -1.65602267459E+03   4.37941785              437  0.20895    
      200300  -4.66648305         1326957.        0.000000       -30751.41     -9.78175208855E+08  5.90677424281E+05 -1.65602267608E+03   4.37906686              438  0.20591    
      200400  -4.66702422         1326985.        0.000000       -30769.25     -9.78327215797E+08  5.90769219517E+05 -1.65602266245E+03   4.37992659              438  0.20484    
      200500  -4.66695560         1326975.        0.000000       -30753.36     -9.78203347383E+08  5.90694422338E+05 -1.65602265806E+03   4.37977510              437  0.20751    
      200600  -4.66576725         1326466.        0.000000       -30758.75     -9.78070689610E+08  5.90614315141E+05 -1.65602266070E+03   4.38050541              437  0.20558    
      200700  -4.66450591         1326128.        0.000000       -30734.58     -9.77806030579E+08  5.90454500685E+05 -1.65602265618E+03   4.38051540              439  0.20526    
      200800  -4.66371200         1325967.        0.000000       -30689.67     -9.77578426041E+08  5.90317059983E+05 -1.65602265682E+03   4.38039823              439  0.20719    
      200900  -4.66317479         1325901.        0.000000       -30660.20     -9.77494566296E+08  5.90266418235E+05 -1.65602266383E+03   4.37970168              439  0.20686    
      201000  -4.66340226         1325868.        0.000000       -30674.67     -9.77544833512E+08  5.90296772208E+05 -1.65602266442E+03   4.38021198              438  0.20524    
      201100  -4.66218592         1325650.        0.000000       -30674.98     -9.77337763507E+08  5.90171735329E+05 -1.65602265409E+03   4.38017280              437  0.20983    
      201200  -4.66304242         1326136.        0.000000       -30652.89     -9.77378151312E+08  5.90196120478E+05 -1.65602266331E+03   4.37933929              437  0.20595    
      201300  -4.66409078         1326012.        0.000000       -30690.74     -9.77539903739E+08  5.90293796811E+05 -1.65602266027E+03   4.37978716              438  0.20675    
      201400  -4.66400068         1326158.        0.000000       -30698.28     -9.77636553191E+08  5.90352157005E+05 -1.65602266646E+03   4.37980383              439  0.20416    
      201500  -4.66427091         1326228.        0.000000       -30730.20     -9.77684047385E+08  5.90380836185E+05 -1.65602266785E+03   4.37999068              439  0.20726    
      201600  -4.66447195         1326358.        0.000000       -30763.70     -9.77767666661E+08  5.90431332000E+05 -1.65602266287E+03   4.37927834              437  0.20606    
      201700  -4.66599247         1326866.        0.000000       -30782.22     -9.78079286520E+08  5.90619505029E+05 -1.65602266466E+03   4.37938909              436  0.20413    
      201800  -4.66587722         1326307.        0.000000       -30777.14     -9.78056179896E+08  5.90605552538E+05 -1.65602266300E+03   4.38073359              439  0.21169    
      201900  -4.66523519         1326706.        0.000000       -30751.94     -9.77915059160E+08  5.90520336211E+05 -1.65602266204E+03   4.37921225              438  0.20997    
      202000  -4.66685236         1327184.        0.000000       -30715.97     -9.78185399838E+08  5.90683583858E+05 -1.65602266014E+03   4.37948350              438  0.20505    
      202100  -4.66821590         1327088.        0.000000       -30712.10     -9.78307823944E+08  5.90757514657E+05 -1.65602264833E+03   4.37996531              438  0.20820    
      202200  -4.66624241         1326531.        0.000000       -30712.54     -9.78074204381E+08  5.90616440703E+05 -1.65602265189E+03   4.38042500              438  0.20839    
      202300  -4.66500185         1326288.        0.000000       -30732.33     -9.77956235906E+08  5.90545200969E+05 -1.65602266228E+03   4.38011681              438  0.20523    
      202400  -4.66509308         1326443.        0.000000       -30716.62     -9.77943807115E+08  5.90537695336E+05 -1.65602266348E+03   4.38022430              439  0.20564    
      202500  -4.66523475         1326162.        0.000000       -30700.97     -9.77875123047E+08  5.90496220103E+05 -1.65602266324E+03   4.38055702              439  0.20691    
      202600  -4.66452295         1326240.        0.000000       -30703.17     -9.77796410822E+08  5.90448687570E+05 -1.65602266786E+03   4.37961799              437  0.20692    
      202700  -4.66451255         1326295.        0.000000       -30689.03     -9.77759384303E+08  5.90426331623E+05 -1.65602266013E+03   4.38005632              437  0.20364    
      202800  -4.66421858         1326283.        0.000000       -30689.98     -9.77724572965E+08  5.90405309531E+05 -1.65602266304E+03   4.37973637              437  0.20682    
      202900  -4.66567517         1326662.        0.000000       -30678.40     -9.77945430379E+08  5.90538673456E+05 -1.65602266936E+03   4.37960663              437  0.20815    
      203000  -4.66618249         1326868.        0.000000       -30717.68     -9.78113659906E+08  5.90640260758E+05 -1.65602266708E+03   4.37913870              437  0.20514    
      203100  -4.66663284         1326974.        0.000000       -30701.12     -9.78191440188E+08  5.90687231618E+05 -1.65602265942E+03   4.37966254              439  0.20724    
      203200  -4.66668774         1326755.        0.000000       -30675.34     -9.78171502200E+08  5.90675191345E+05 -1.65602266107E+03   4.38041318              438  0.20825    
      203300  -4.66587040         1326377.        0.000000       -30705.35     -9.77998849851E+08  5.90570933473E+05 -1.65602266285E+03   4.38008140              439  0.20369    
      203400  -4.66418810         1325851.        0.000000       -30704.72     -9.77781022053E+08  5.90439397659E+05 -1.65602266029E+03   4.38063477              438  0.20677    
      203500  -4.66425652         1326403.        0.000000       -30730.45     -9.77739775977E+08  5.90414490381E+05 -1.65602266189E+03   4.37884495              439  0.20878    
      203600  -4.66607281         1326935.        0.000000       -30750.65     -9.78106902991E+08  5.90636184214E+05 -1.65602265681E+03   4.37959256              438  0.20376    
      203700  -4.66653278         1326522.        0.000000       -30698.84     -9.78090978757E+08  5.90626568004E+05 -1.65602265753E+03   4.38065291              438  0.20680    
      203800  -4.66472030         1326199.        0.000000       -30684.10     -9.77773405183E+08  5.90434798498E+05 -1.65602265935E+03   4.38076100              437  0.20728    
      203900  -4.66359167         1325853.        0.000000       -30703.16     -9.77487449215E+08  5.90262123021E+05 -1.65602265687E+03   4.38010012              439  0.20516    
      204000  -4.66334858         1326057.        0.000000       -30625.65     -9.77560914255E+08  5.90306484955E+05 -1.65602265801E+03   4.37977825              438  0.21184    
      204100  -4.66461246         1326572.        0.000000       -30668.52     -9.77754545637E+08  5.90423409611E+05 -1.65602266055E+03   4.37905419              438  0.20647    
      204200  -4.66542109         1326639.        0.000000       -30674.85     -9.77912614195E+08  5.90518859376E+05 -1.65602266324E+03   4.37943717              437  0.20511    
      204300  -4.66507394         1326190.        0.000000       -30665.44     -9.77798971241E+08  5.90450235023E+05 -1.65602266413E+03   4.38083916              438  0.20435    
      204400  -4.66383427         1326104.        0.000000       -30677.58     -9.77432806298E+08  5.90229125709E+05 -1.65602265921E+03   4.38028590              438  0.20872    
      204500  -4.66358103         1326068.        0.000000       -30698.05     -9.77355974443E+08  5.90182732266E+05 -1.65602265368E+03   4.37938803              438  0.21444    
      204600  -4.66496752         1326485.        0.000000       -30687.51     -9.77672354511E+08  5.90373781133E+05 -1.65602265167E+03   4.37934102              437  0.20387    
      204700  -4.66484864         1326392.        0.000000       -30698.72     -9.77710802055E+08  5.90396996541E+05 -1.65602265557E+03   4.37947983              439  0.21132    
      204800  -4.66657021         1326758.        0.000000       -30672.06     -9.77961009438E+08  5.90548083236E+05 -1.65602266301E+03   4.38022652              439  0.20473    
      204900  -4.66706956         1327029.        0.000000       -30647.09     -9.78014459265E+08  5.90580362420E+05 -1.65602265415E+03   4.37958007              439  0.21137    
      205000  -4.66664187         1326529.        0.000000       -30710.89     -9.77982081002E+08  5.90560813307E+05 -1.65602264655E+03   4.38075415              438  0.20869    
      205100  -4.66496319         1326209.        0.000000       -30717.22     -9.77685299398E+08  5.90381598158E+05 -1.65602265119E+03   4.38045964              438  0.20700    
      205200  -4.66466048         1326211.        0.000000       -30669.74     -9.77627693779E+08  5.90346811899E+05 -1.65602265325E+03   4.38024399              438  0.20959    
      205300  -4.66464116         1326410.        0.000000       -30694.99     -9.77592884681E+08  5.90325789831E+05 -1.65602265989E+03   4.37980228              438  0.20394    
      205400  -4.66582435         1326844.        0.000000       -30646.71     -9.77864936189E+08  5.90490068273E+05 -1.65602266444E+03   4.37912800              438  0.20604    
      205500  -4.66646805         1326853.        0.000000       -30648.13     -9.78001369695E+08  5.90572455064E+05 -1.65602266294E+03   4.37953681              438  0.20432    
      205600  -4.66572147         1326368.        0.000000       -30653.53     -9.77927969579E+08  5.90528130446E+05 -1.65602266710E+03   4.38033848              439  0.20843    
      205700  -4.66447875         1326329.        0.000000       -30649.61     -9.77726135201E+08  5.90406251160E+05 -1.65602266792E+03   4.37987685              436  0.20500    
      205800  -4.66508885         1326258.        0.000000       -30637.48     -9.77738184106E+08  5.90413526609E+05 -1.65602266893E+03   4.38067242              439  0.21062    
      205900  -4.66434157         1326202.        0.000000       -30671.36     -9.77560465389E+08  5.90306210554E+05 -1.65602266741E+03   4.37970803              438  0.20355    
      206000  -4.66498171         1326499.        0.000000       -30686.71     -9.77683183280E+08  5.90380316723E+05 -1.65602266130E+03   4.37927469              438  0.20573    
      206100  -4.66571703         1326504.        0.000000       -30680.90     -9.77905611388E+08  5.90514632577E+05 -1.65602265793E+03   4.37990792              439  0.20481    
      206200  -4.66569456         1326567.        0.000000       -30717.06     -9.77817252430E+08  5.90461278146E+05 -1.65602265317E+03   4.37987136              437  0.20780    
      206300  -4.66619446         1326451.        0.000000       -30692.50     -9.77845766005E+08  5.90478494377E+05 -1.65602265843E+03   4.38047989              437  0.20837    
      206400  -4.66441459         1326140.        0.000000       -30693.89     -9.77513494404E+08  5.90277848277E+05 -1.65602266332E+03   4.38010484              438  0.20538    
      206500  -4.66424540         1326135.        0.000000       -30718.05     -9.77539332056E+08  5.90293451758E+05 -1.65602265982E+03   4.37962623              437  0.20393    
      206600  -4.66535580         1326485.        0.000000       -30739.75     -9.77674094038E+08  5.90374829573E+05 -1.65602265724E+03   4.38006512              438  0.20515    
      206700  -4.66563260         1326623.        0.000000       -30722.47     -9.77713790516E+08  5.90398798847E+05 -1.65602266201E+03   4.37958896              438  0.20865    
      206800  -4.66600913         1326610.        0.000000       -30703.85     -9.77924934642E+08  5.90526300561E+05 -1.65602265930E+03   4.38009384              439  0.20842    
      206900  -4.66580048         1326763.        0.000000       -30764.23     -9.77889296395E+08  5.90504779451E+05 -1.65602266133E+03   4.37956496              438  0.20475    
      207000  -4.66614428         1326627.        0.000000       -30729.64     -9.77907781635E+08  5.90515943069E+05 -1.65602265800E+03   4.38063295              438  0.20490    
      207100  -4.66500834         1326262.        0.000000       -30742.42     -9.77682510950E+08  5.90379910887E+05 -1.65602266087E+03   4.38021656              439  0.20692    
      207200  -4.66517381         1326353.        0.000000       -30726.70     -9.77734063367E+08  5.90411043906E+05 -1.65602265313E+03   4.38039495              438  0.20711    
      207300  -4.66357102         1325859.        0.000000       -30705.21     -9.77372804900E+08  5.90192892554E+05 -1.65602266180E+03   4.37970355              438  0.20649    
      207400  -4.66386264         1326164.        0.000000       -30695.59     -9.77572356165E+08  5.90313392533E+05 -1.65602266276E+03   4.37962262              437  0.20590    
      207500  -4.66433122         1326103.        0.000000       -30719.95     -9.77732614138E+08  5.90410166941E+05 -1.65602265829E+03   4.37954888              438  0.20463    
      207600  -4.66509331         1326773.        0.000000       -30753.46     -9.77988318756E+08  5.90564575313E+05 -1.65602265974E+03   4.37906225              437  0.20600    
      207700  -4.66652802         1327063.        0.000000       -30695.61     -9.78172145258E+08  5.90675578484E+05 -1.65602266437E+03   4.37940813              439  0.20624    
      207800  -4.66754576         1327221.        0.000000       -30755.78     -9.78331588781E+08  5.90771863158E+05 -1.65602265408E+03   4.37942817              437  0.20466    
      207900  -4.66736591         1326850.        0.000000       -30698.08     -9.78338050304E+08  5.90775765599E+05 -1.65602265237E+03   4.38036675              439  0.20689    
      208000  -4.66686673         1326891.        0.000000       -30669.94     -9.78297669754E+08  5.90751380475E+05 -1.65602265536E+03   4.38046291              437  0.20948    
      208100  -4.66638403         1326641.        0.000000       -30713.71     -9.78267221647E+08  5.90732996056E+05 -1.65602265013E+03   4.38033089              437  0.20484    
      208200  -4.66541896         1326057.        0.000000       -30682.38     -9.77946021035E+08  5.90539037104E+05 -1.65602264980E+03   4.38140775              438  0.20489    
      208300  -4.66468345         1326388.        0.000000       -30682.38     -9.77605965078E+08  5.90333691513E+05 -1.65602265148E+03   4.37956474              437  0.20708    
      208400  -4.66540200         1326346.        0.000000       -30683.88     -9.77687730458E+08  5.90383063842E+05 -1.65602265772E+03   4.38038826              437  0.20785    
      208500  -4.66479244         1326367.        0.000000       -30694.28     -9.77618248407E+08  5.90341107754E+05 -1.65602265464E+03   4.37959698              437  0.20400    
      208600  -4.66558407         1326717.        0.000000       -30705.38     -9.77674849841E+08  5.90375284176E+05 -1.65602266227E+03   4.37966391              438  0.20623    
      208700  -4.66501676         1326179.        0.000000       -30717.35     -9.77578306254E+08  5.90316987002E+05 -1.65602265864E+03   4.38038119              436  0.20601    
      208800  -4.66387014         1326301.        0.000000       -30723.83     -9.77406865537E+08  5.90213460606E+05 -1.65602266091E+03   4.37932470              438  0.20389    
      208900  -4.66462889         1326418.        0.000000       -30696.61     -9.77651746309E+08  5.90361334664E+05 -1.65602265749E+03   4.37895178              439  0.20702    
      209000  -4.66632019         1326964.        0.000000       -30700.00     -9.78051266863E+08  5.90602587950E+05 -1.65602265689E+03   4.37966105              437  0.20681    
      209100  -4.66619404         1326705.        0.000000       -30704.54     -9.77932830679E+08  5.90531068176E+05 -1.65602266058E+03   4.38025740              439  0.20749    
      209200  -4.66477615         1325844.        0.000000       -30683.66     -9.77688258721E+08  5.90383383575E+05 -1.65602265565E+03   4.38095420              437  0.20809    
      209300  -4.66308503         1325723.        0.000000       -30671.43     -9.77313188287E+08  5.90156891958E+05 -1.65602266381E+03   4.38000918              438  0.20801    
      209400  -4.66268148         1325852.        0.000000       -30687.94     -9.77346302887E+08  5.90176887962E+05 -1.65602266511E+03   4.38008531              438  0.20424    
      209500  -4.66372361         1326230.        0.000000       -30668.63     -9.77374385798E+08  5.90193846554E+05 -1.65602266358E+03   4.37958169              438  0.20608    
      209600  -4.66452604         1325999.        0.000000       -30680.82     -9.77424288216E+08  5.90223986659E+05 -1.65602264616E+03   4.38086505              438  0.20445    
      209700  -4.66290836         1325772.        0.000000       -30620.02     -9.77139063371E+08  5.90051752830E+05 -1.65602264324E+03   4.37981630              439  0.20433    
      209800  -4.66398641         1326390.        0.000000       -30653.63     -9.77346251160E+08  5.90176858922E+05 -1.65602265894E+03   4.37947062              439  0.20535    
      209900  -4.66584349         1326592.        0.000000       -30641.02     -9.77609778176E+08  5.90335991521E+05 -1.65602265865E+03   4.37951985              436  0.20649    
      210000  -4.66625540         1326837.        0.000000       -30695.46     -9.77844739096E+08  5.90477875754E+05 -1.65602265427E+03   4.37932032              439  0.20812    
      210100  -4.66553765         1326255.        0.000000       -30735.58     -9.77834806663E+08  5.90471878276E+05 -1.65602265347E+03   4.38047758              438  0.20381    
      210200  -4.66476578         1326401.        0.000000       -30716.82     -9.77716060888E+08  5.90400171776E+05 -1.65602265654E+03   4.37957051              437  0.20896    
      210300  -4.66602310         1326706.        0.000000       -30738.01     -9.77936297865E+08  5.90533163187E+05 -1.65602265686E+03   4.37952683              437  0.20704    
      210400  -4.66539037         1326624.        0.000000       -30728.66     -9.78011704127E+08  5.90578698303E+05 -1.65602265530E+03   4.37921030              438  0.20392    
      210500  -4.66678508         1326937.        0.000000       -30720.81     -9.78271120669E+08  5.90735346694E+05 -1.65602266081E+03   4.37952777              438  0.20896    
      210600  -4.66623785         1326427.        0.000000       -30676.93     -9.78116758354E+08  5.90642134839E+05 -1.65602265849E+03   4.38081259              439  0.20617    
      210700  -4.66416016         1326000.        0.000000       -30710.00     -9.77822782601E+08  5.90464615338E+05 -1.65602265945E+03   4.38007406              436  0.20403    
      210800  -4.66362952         1326118.        0.000000       -30719.62     -9.77726568308E+08  5.90406516254E+05 -1.65602265793E+03   4.37974922              438  0.20643    
      210900  -4.66391760         1326027.        0.000000       -30725.87     -9.77714852705E+08  5.90399442669E+05 -1.65602265525E+03   4.38039668              439  0.20727    
      211000  -4.66505597         1326726.        0.000000       -30705.81     -9.77841918269E+08  5.90476173085E+05 -1.65602265230E+03   4.37875570              438  0.20702    
      211100  -4.66718182         1327113.        0.000000       -30684.73     -9.78178930293E+08  5.90679679578E+05 -1.65602265342E+03   4.37989479              438  0.20682    
      211200  -4.66559123         1326123.        0.000000       -30673.01     -9.77821788841E+08  5.90464018066E+05 -1.65602265155E+03   4.38134704              439  0.20877    
      211300  -4.66366369         1326144.        0.000000       -30658.57     -9.77458345681E+08  5.90244548504E+05 -1.65602265732E+03   4.37988276              437  0.20810    
      211400  -4.66293803         1325966.        0.000000       -30656.73     -9.77224961703E+08  5.90103618678E+05 -1.65602265564E+03   4.37943259              439  0.20436    
      211500  -4.66369514         1326060.        0.000000       -30685.10     -9.77433759031E+08  5.90229697004E+05 -1.65602267048E+03   4.37967764              438  0.20777    
      211600  -4.66480690         1326523.        0.000000       -30686.20     -9.77773998959E+08  5.90435154528E+05 -1.65602266643E+03   4.37912750              438  0.20792    
      211700  -4.66553869         1326716.        0.000000       -30692.49     -9.77914488594E+08  5.90519989266E+05 -1.65602266878E+03   4.37933828              439  0.20504    
      211800  -4.66678611         1326792.        0.000000       -30756.63     -9.78097785482E+08  5.90630674923E+05 -1.65602266697E+03   4.37997746              439  0.20836    
      211900  -4.66585299         1326274.        0.000000       -30750.60     -9.77879477409E+08  5.90498848887E+05 -1.65602266499E+03   4.38092272              436  0.21082    
      212000  -4.66349731         1325734.        0.000000       -30721.04     -9.77312349012E+08  5.90156385725E+05 -1.65602266221E+03   4.38101782              438  0.20398    
      212100  -4.66255389         1325896.        0.000000       -30694.23     -9.77052270160E+08  5.89999337579E+05 -1.65602265618E+03   4.37994271              438  0.20469    
      212200  -4.66359103         1326393.        0.000000       -30692.05     -9.77194763518E+08  5.90085386106E+05 -1.65602264778E+03   4.37864143              439  0.20728    
      212300  -4.66514404         1326514.        0.000000       -30723.57     -9.77532434845E+08  5.90289290418E+05 -1.65602264976E+03   4.37919458              439  0.20410    
      212400  -4.66562846         1326170.        0.000000       -30689.65     -9.77646117483E+08  5.90357936285E+05 -1.65602265574E+03   4.38133571              438  0.20842    
      212500  -4.66442903         1326308.        0.000000       -30717.39     -9.77386186289E+08  5.90200977520E+05 -1.65602264909E+03   4.37944507              437  0.20837    
      212600  -4.66595044         1326810.        0.000000       -30763.00     -9.77848440164E+08  5.90480111957E+05 -1.65602265066E+03   4.37907647              437  0.20419    
      212700  -4.66664897         1326876.        0.000000       -30740.33     -9.78025300323E+08  5.90586908023E+05 -1.65602265651E+03   4.37952609              438  0.20600    
      212800  -4.66736165         1326990.        0.000000       -30688.74     -9.78126902376E+08  5.90648261586E+05 -1.65602265509E+03   4.38035331              438  0.20774    
      212900  -4.66660989         1326381.        0.000000       -30652.48     -9.77939411239E+08  5.90535045836E+05 -1.65602264952E+03   4.38057526              437  0.20468    
      213000  -4.66522557         1326445.        0.000000       -30649.02     -9.77742565427E+08  5.90416176131E+05 -1.65602265818E+03   4.38026918              438  0.21006    
      213100  -4.66549438         1326694.        0.000000       -30711.39     -9.77737933549E+08  5.90413378170E+05 -1.65602266090E+03   4.37949182              438  0.20718    
      213200  -4.66560160         1326335.        0.000000       -30695.52     -9.77834770520E+08  5.90471854918E+05 -1.65602265777E+03   4.38019335              438  0.20735    
      213300  -4.66523144         1326362.        0.000000       -30680.44     -9.77758568236E+08  5.90425838285E+05 -1.65602266167E+03   4.38022207              437  0.20408    
      213400  -4.66503905         1326399.        0.000000       -30682.25     -9.77678670704E+08  5.90377593797E+05 -1.65602265563E+03   4.38009490              436  0.20632    
      213500  -4.66499855         1326621.        0.000000       -30704.25     -9.77680873221E+08  5.90378921518E+05 -1.65602266203E+03   4.37958397              437  0.20552    
      213600  -4.66479560         1326221.        0.000000       -30690.42     -9.77676818196E+08  5.90376471633E+05 -1.65602266549E+03   4.37969583              439  0.20818    
      213700  -4.66533381         1326414.        0.000000       -30689.35     -9.77798893415E+08  5.90450189344E+05 -1.65602266044E+03   4.38045743              439  0.20718    
      213800  -4.66469541         1326334.        0.000000       -30661.34     -9.77580201760E+08  5.90318130805E+05 -1.65602266091E+03   4.38000586              438  0.20892    
      213900  -4.66470509         1326419.        0.000000       -30663.25     -9.77580222716E+08  5.90318144568E+05 -1.65602265780E+03   4.37943240              438  0.20585    
      214000  -4.66571159         1326652.        0.000000       -30712.73     -9.77919196602E+08  5.90522834804E+05 -1.65602266156E+03   4.37922284              437  0.20800    
      214100  -4.66684629         1326654.        0.000000       -30689.71     -9.78191319525E+08  5.90687158292E+05 -1.65602266072E+03   4.38060043              438  0.21174    
      214200  -4.66607352         1326521.        0.000000       -30761.21     -9.78094001621E+08  5.90628393676E+05 -1.65602265670E+03   4.38005675              439  0.20729    
      214300  -4.66517135         1326494.        0.000000       -30770.73     -9.77925949158E+08  5.90526912730E+05 -1.65602266057E+03   4.37940780              438  0.20834    
      214400  -4.66492396         1326298.        0.000000       -30693.04     -9.77896544004E+08  5.90509152611E+05 -1.65602267074E+03   4.38012320              438  0.20545    
      214500  -4.66553826         1326757.        0.000000       -30703.66     -9.78064116399E+08  5.90610342399E+05 -1.65602267042E+03   4.37900999              437  0.20499    
      214600  -4.66708096         1326976.        0.000000       -30703.98     -9.78331438951E+08  5.90771769657E+05 -1.65602266256E+03   4.38003232              436  0.20407    
      214700  -4.66735605         1327314.        0.000000       -30740.47     -9.78254127395E+08  5.90725086276E+05 -1.65602265778E+03   4.37943799              437  0.20762    
      214800  -4.66761284         1326935.        0.000000       -30732.80     -9.78261115581E+08  5.90729304804E+05 -1.65602266152E+03   4.37985871              437  0.21290    
      214900  -4.66681123         1326622.        0.000000       -30712.69     -9.78120080297E+08  5.90644142830E+05 -1.65602265285E+03   4.38067525              438  0.20459    
      215000  -4.66576365         1326348.        0.000000       -30685.92     -9.77799210002E+08  5.90450381513E+05 -1.65602265765E+03   4.38054219              436  0.20546    
      215100  -4.66508382         1326340.        0.000000       -30723.01     -9.77738451483E+08  5.90413691999E+05 -1.65602265790E+03   4.37949567              438  0.20692    
      215200  -4.66452343         1326321.        0.000000       -30710.34     -9.77684445671E+08  5.90381082023E+05 -1.65602265290E+03   4.37969000              439  0.20399    
      215300  -4.66472917         1326142.        0.000000       -30650.23     -9.77623796359E+08  5.90344455710E+05 -1.65602266084E+03   4.38043397              438  0.20767    
      215400  -4.66361037         1325911.        0.000000       -30684.80     -9.77441521137E+08  5.90234384752E+05 -1.65602266894E+03   4.37992276              438  0.21377    
      215500  -4.66458573         1326309.        0.000000       -30657.61     -9.77658303542E+08  5.90365289716E+05 -1.65602267032E+03   4.37979477              437  0.20391    
      215600  -4.66463179         1326369.        0.000000       -30686.75     -9.77633683138E+08  5.90350425166E+05 -1.65602266292E+03   4.37980095              439  0.21210    
      215700  -4.66472119         1326421.        0.000000       -30685.89     -9.77693098065E+08  5.90386304978E+05 -1.65602265808E+03   4.37950455              438  0.20648    
      215800  -4.66510878         1326630.        0.000000       -30692.76     -9.77824233654E+08  5.90465490040E+05 -1.65602266373E+03   4.37956120              439  0.20564    
      215900  -4.66645152         1326829.        0.000000       -30691.83     -9.78047069196E+08  5.90600051437E+05 -1.65602266172E+03   4.37978790              439  0.20534    
      216000  -4.66629565         1326558.        0.000000       -30732.95     -9.78103855492E+08  5.90634340722E+05 -1.65602266590E+03   4.37990758              437  0.20836    
      216100  -4.66501483         1326166.        0.000000       -30709.92     -9.77820862891E+08  5.90463454338E+05 -1.65602266441E+03   4.38105341              438  0.20653    
      216200  -4.66403943         1325973.        0.000000       -30672.49     -9.77588565146E+08  5.90323180619E+05 -1.65602266223E+03   4.37997147              438  0.20410    
      216300  -4.66370944         1326000.        0.000000       -30716.13     -9.77528465749E+08  5.90286886460E+05 -1.65602266994E+03   4.38027406              438  0.20615    
      216400  -4.66365066         1325903.        0.000000       -30705.00     -9.77410636759E+08  5.90215737474E+05 -1.65602266206E+03   4.38027646              436  0.20429    
      216500  -4.66372627         1326063.        0.000000       -30721.66     -9.77330898772E+08  5.90167591396E+05 -1.65602265021E+03   4.37977134              439  0.20385    
      216600  -4.66399102         1326233.        0.000000       -30732.46     -9.77388993558E+08  5.90202672745E+05 -1.65602264899E+03   4.37938160              439  0.20926    
      216700  -4.66419349         1325929.        0.000000       -30720.30     -9.77431710054E+08  5.90228464423E+05 -1.65602265728E+03   4.38085173              438  0.20926    
      216800  -4.66383531         1326376.        0.000000       -30722.04     -9.77299269511E+08  5.90148491320E+05 -1.65602265173E+03   4.37899757              437  0.20382    
      216900  -4.66459892         1326170.        0.000000       -30730.01     -9.77497868957E+08  5.90268416089E+05 -1.65602265395E+03   4.37972048              437  0.20853    
      217000  -4.66416554         1326243.        0.000000       -30734.35     -9.77518517434E+08  5.90280882066E+05 -1.65602266164E+03   4.37913851              438  0.20807    
      217100  -4.66447802         1326316.        0.000000       -30724.44     -9.77618927066E+08  5.90341512467E+05 -1.65602266895E+03   4.37985253              437  0.20814    
      217200  -4.66478354         1326371.        0.000000       -30714.70     -9.77595664774E+08  5.90327468642E+05 -1.65602265980E+03   4.37956529              437  0.20515    
      217300  -4.66579765         1326690.        0.000000       -30702.62     -9.77717237845E+08  5.90400881368E+05 -1.65602265969E+03   4.37986433              439  0.20770    
      217400  -4.66667234         1326947.        0.000000       -30730.14     -9.77866204576E+08  5.90490837933E+05 -1.65602265396E+03   4.37948448              436  0.20751    
      217500  -4.66688963         1326562.        0.000000       -30727.94     -9.77960605127E+08  5.90547844748E+05 -1.65602264715E+03   4.38054793              438  0.20406    
      217600  -4.66661869         1326812.        0.000000       -30693.59     -9.77840566326E+08  5.90475355684E+05 -1.65602265516E+03   4.37985717              439  0.20562    
      217700  -4.66628681         1326666.        0.000000       -30693.38     -9.77856663566E+08  5.90485075452E+05 -1.65602265699E+03   4.38042124              436  0.20575    
      217800  -4.66488873         1326173.        0.000000       -30716.49     -9.77640403834E+08  5.90354487496E+05 -1.65602265171E+03   4.38047314              436  0.20391    
      217900  -4.66423410         1326048.        0.000000       -30730.50     -9.77531966958E+08  5.90289006623E+05 -1.65602265330E+03   4.38014795              437  0.20682    
      218000  -4.66382286         1326276.        0.000000       -30738.08     -9.77428201942E+08  5.90226348277E+05 -1.65602265096E+03   4.37941907              439  0.20725    
      218100  -4.66605150         1326902.        0.000000       -30759.09     -9.77974045231E+08  5.90555957431E+05 -1.65602265615E+03   4.37859615              437  0.20951    
      218200  -4.66672291         1326701.        0.000000       -30794.43     -9.78178189492E+08  5.90679230801E+05 -1.65602265745E+03   4.38082107              439  0.21226    
      218300  -4.66417607         1325944.        0.000000       -30770.65     -9.77713825737E+08  5.90398822708E+05 -1.65602265474E+03   4.38100505              437  0.20961    
      218400  -4.66344040         1325925.        0.000000       -30788.48     -9.77643959068E+08  5.90356630985E+05 -1.65602266114E+03   4.37981211              438  0.20853    
      218500  -4.66379884         1326065.        0.000000       -30760.80     -9.77585346453E+08  5.90321237750E+05 -1.65602266010E+03   4.38016217              437  0.20432    
      218600  -4.66421958         1326232.        0.000000       -30752.15     -9.77622192681E+08  5.90343487450E+05 -1.65602266047E+03   4.37972919              437  0.20588    
      218700  -4.66408897         1326120.        0.000000       -30731.02     -9.77544981815E+08  5.90296864108E+05 -1.65602265784E+03   4.38019637              439  0.20791    
      218800  -4.66437010         1326193.        0.000000       -30729.28     -9.77580745121E+08  5.90318458519E+05 -1.65602266203E+03   4.37954594              438  0.20559    
      218900  -4.66451754         1326144.        0.000000       -30713.65     -9.77731159660E+08  5.90409285859E+05 -1.65602266610E+03   4.37999390              438  0.20735    
      219000  -4.66387974         1325952.        0.000000       -30692.62     -9.77539304111E+08  5.90293432908E+05 -1.65602266536E+03   4.38015393              438  0.20454    
      219100  -4.66323458         1326102.        0.000000       -30684.94     -9.77495491994E+08  5.90266975314E+05 -1.65602266919E+03   4.37974777              438  0.20419    
      219200  -4.66460996         1326333.        0.000000       -30661.49     -9.77645640031E+08  5.90357643669E+05 -1.65602266781E+03   4.37971557              438  0.20528    
      219300  -4.66541781         1326545.        0.000000       -30667.74     -9.77634830652E+08  5.90351118317E+05 -1.65602266231E+03   4.37974718              439  0.20641    
      219400  -4.66505561         1326086.        0.000000       -30656.88     -9.77417717502E+08  5.90220014387E+05 -1.65602265880E+03   4.38066528              436  0.20434    
      219500  -4.66381166         1325795.        0.000000       -30640.81     -9.77208986661E+08  5.90093969687E+05 -1.65602266225E+03   4.38060457              437  0.21049    
      219600  -4.66243372         1325731.        0.000000       -30676.11     -9.77100915272E+08  5.90028714689E+05 -1.65602264932E+03   4.37882545              439  0.20637    
      219700  -4.66312586         1325902.        0.000000       -30691.83     -9.77452364408E+08  5.90240937074E+05 -1.65602265620E+03   4.37948654              438  0.20474    
      219800  -4.66452175         1326440.        0.000000       -30738.37     -9.77807460987E+08  5.90455363437E+05 -1.65602265901E+03   4.37942031              437  0.21263    
      219900  -4.66550000         1326423.        0.000000       -30714.22     -9.77895497818E+08  5.90508525895E+05 -1.65602265663E+03   4.37997539              438  0.20691    
      220000  -4.66449503         1326074.        0.000000       -30677.93     -9.77723491601E+08  5.90404659592E+05 -1.65602265449E+03   4.38023835              439  0.21560    
      220100  -4.66368121         1326029.        0.000000       -30672.85     -9.77591414339E+08  5.90324903814E+05 -1.65602265468E+03   4.37955798              437  0.20423    
      220200  -4.66396359         1326164.        0.000000       -30686.87     -9.77657971527E+08  5.90365096213E+05 -1.65602265073E+03   4.37969465              437  0.20603    
      220300  -4.66383114         1325811.        0.000000       -30736.48     -9.77627033000E+08  5.90346410052E+05 -1.65602266119E+03   4.38058372              439  0.20620    
      220400  -4.66344510         1326022.        0.000000       -30709.75     -9.77518265681E+08  5.90280731362E+05 -1.65602265794E+03   4.37996782              437  0.20429    
      220500  -4.66455415         1326405.        0.000000       -30673.05     -9.77620781951E+08  5.90342635102E+05 -1.65602266179E+03   4.37948214              439  0.20875    
      220600  -4.66515014         1326425.        0.000000       -30673.68     -9.77732714705E+08  5.90410228319E+05 -1.65602265647E+03   4.37944199              436  0.20475    
      220700  -4.66545089         1326643.        0.000000       -30685.18     -9.77854195091E+08  5.90483584248E+05 -1.65602265868E+03   4.37954972              439  0.20417    
      220800  -4.66602776         1326678.        0.000000       -30677.81     -9.77952246920E+08  5.90542793503E+05 -1.65602265861E+03   4.37969556              438  0.20583    
      220900  -4.66553619         1326581.        0.000000       -30662.54     -9.77932211820E+08  5.90530694606E+05 -1.65602266022E+03   4.37964405              436  0.20955    
      221000  -4.66541605         1326450.        0.000000       -30645.61     -9.77920352110E+08  5.90523528969E+05 -1.65602267164E+03   4.38059850              438  0.20501    
      221100  -4.66596485         1326710.        0.000000       -30648.95     -9.78011858762E+08  5.90578787542E+05 -1.65602266690E+03   4.37960858              438  0.20864    
      221200  -4.66651578         1326763.        0.000000       -30642.43     -9.78080427786E+08  5.90620193713E+05 -1.65602266600E+03   4.38027172              438  0.20885    
      221300  -4.66591753         1326567.        0.000000       -30682.29     -9.77889846545E+08  5.90505110686E+05 -1.65602266407E+03   4.37951722              436  0.20390    
      221400  -4.66558557         1326479.        0.000000       -30706.90     -9.78015898660E+08  5.90581231694E+05 -1.65602265391E+03   4.37971624              438  0.20761    
      221500  -4.66565947         1326499.        0.000000       -30723.91     -9.78204819739E+08  5.90695310829E+05 -1.65602265975E+03   4.37989333              437  0.21067    
      221600  -4.66554881         1326588.        0.000000       -30751.09     -9.78168015880E+08  5.90673086222E+05 -1.65602266075E+03   4.37963980              438  0.20608    
      221700  -4.66659268         1326918.        0.000000       -30751.65     -9.78300648884E+08  5.90753179521E+05 -1.65602265514E+03   4.37982998              439  0.20677    
      221800  -4.66603361         1326674.        0.000000       -30740.86     -9.78244773587E+08  5.90719441573E+05 -1.65602264754E+03   4.38015401              437  0.21141    
      221900  -4.66537850         1326701.        0.000000       -30743.51     -9.78163453397E+08  5.90670335330E+05 -1.65602264900E+03   4.37978495              436  0.20866    
      222000  -4.66574565         1326401.        0.000000       -30732.73     -9.78126745541E+08  5.90648163191E+05 -1.65602266543E+03   4.38096813              438  0.20463    
      222100  -4.66549824         1326556.        0.000000       -30721.58     -9.77975144073E+08  5.90556618374E+05 -1.65602266344E+03   4.37951828              437  0.20779    
      222200  -4.66634232         1326794.        0.000000       -30698.27     -9.78136422591E+08  5.90654009919E+05 -1.65602265652E+03   4.37960687              438  0.20749    
      222300  -4.66667226         1326610.        0.000000       -30673.99     -9.78170948730E+08  5.90674855557E+05 -1.65602266548E+03   4.38055808              437  0.20535    
      222400  -4.66552734         1326436.        0.000000       -30660.16     -9.77932535652E+08  5.90530888346E+05 -1.65602266528E+03   4.38052902              438  0.20647    
      222500  -4.66476395         1326327.        0.000000       -30683.43     -9.77861804508E+08  5.90488176835E+05 -1.65602266543E+03   4.38022254              438  0.20613    
      222600  -4.66504481         1326213.        0.000000       -30677.30     -9.77930093075E+08  5.90529414370E+05 -1.65602266251E+03   4.38046106              439  0.20478    
      222700  -4.66364523         1326158.        0.000000       -30648.83     -9.77638483759E+08  5.90353326025E+05 -1.65602265738E+03   4.37973284              437  0.20447    
      222800  -4.66436596         1326398.        0.000000       -30700.12     -9.77816236519E+08  5.90460659216E+05 -1.65602266850E+03   4.37915230              438  0.21092    
      222900  -4.66585069         1326842.        0.000000       -30715.16     -9.78160028071E+08  5.90668260379E+05 -1.65602266735E+03   4.37965247              439  0.20871    
      223000  -4.66682129         1326776.        0.000000       -30684.92     -9.78113967669E+08  5.90640448419E+05 -1.65602266199E+03   4.38051089              438  0.20776    
      223100  -4.66737609         1327125.        0.000000       -30649.50     -9.78130530826E+08  5.90650452652E+05 -1.65602265508E+03   4.38003313              438  0.20910    
      223200  -4.66754013         1327003.        0.000000       -30691.70     -9.78203893082E+08  5.90694753900E+05 -1.65602265235E+03   4.38006762              439  0.20671    
      223300  -4.66609946         1326356.        0.000000       -30687.22     -9.78023154455E+08  5.90585608381E+05 -1.65602266729E+03   4.38011267              439  0.20419    
      223400  -4.66439348         1326000.        0.000000       -30630.59     -9.77776333555E+08  5.90436562895E+05 -1.65602267034E+03   4.38072563              438  0.20728    
      223500  -4.66448574         1326485.        0.000000       -30679.01     -9.77749730377E+08  5.90420497502E+05 -1.65602267285E+03   4.37979083              439  0.20691    
      223600  -4.66516565         1326287.        0.000000       -30713.13     -9.77819562402E+08  5.90462667253E+05 -1.65602266939E+03   4.37989114              438  0.20474    
      223700  -4.66471590         1326365.        0.000000       -30675.56     -9.77772808267E+08  5.90434433197E+05 -1.65602267295E+03   4.38026349              437  0.20652    
      223800  -4.66527072         1326496.        0.000000       -30679.30     -9.77833054713E+08  5.90470812904E+05 -1.65602267435E+03   4.37955772              437  0.20881    
      223900  -4.66622134         1326772.        0.000000       -30696.54     -9.77984728713E+08  5.90562407238E+05 -1.65602266031E+03   4.37996743              437  0.20495    
      224000  -4.66544844         1326472.        0.000000       -30667.17     -9.77756796189E+08  5.90424772768E+05 -1.65602264892E+03   4.38053403              438  0.20599    
      224100  -4.66543952         1326359.        0.000000       -30693.50     -9.77796638553E+08  5.90448830744E+05 -1.65602265199E+03   4.37963898              438  0.20620    
      224200  -4.66523482         1326220.        0.000000       -30711.99     -9.77771461546E+08  5.90433626153E+05 -1.65602265561E+03   4.38045037              438  0.20587    
      224300  -4.66378314         1325814.        0.000000       -30719.22     -9.77519238388E+08  5.90281319168E+05 -1.65602265673E+03   4.38074526              438  0.20671    
      224400  -4.66379525         1326351.        0.000000       -30717.43     -9.77575270801E+08  5.90315156719E+05 -1.65602265108E+03   4.37916990              437  0.20736    
      224500  -4.66487727         1326379.        0.000000       -30749.52     -9.77761289635E+08  5.90427486532E+05 -1.65602264789E+03   4.37931317              438  0.20589    
      224600  -4.66551362         1326497.        0.000000       -30695.81     -9.77889900409E+08  5.90505147092E+05 -1.65602265319E+03   4.38030047              438  0.20585    
      224700  -4.66576539         1326581.        0.000000       -30728.26     -9.77846734163E+08  5.90479080565E+05 -1.65602265406E+03   4.38028547              437  0.20443    
      224800  -4.66575199         1326438.        0.000000       -30696.06     -9.77838802357E+08  5.90474289869E+05 -1.65602265693E+03   4.38042498              437  0.20946    
      224900  -4.66514386         1326634.        0.000000       -30725.19     -9.77776606574E+08  5.90436731179E+05 -1.65602266075E+03   4.37921549              439  0.20543    
      225000  -4.66614391         1326815.        0.000000       -30714.86     -9.77908994189E+08  5.90516675518E+05 -1.65602265733E+03   4.37958587              436  0.20821    
      225100  -4.66550510         1326311.        0.000000       -30676.58     -9.77799242551E+08  5.90450401228E+05 -1.65602265748E+03   4.38054978              438  0.20529    
      225200  -4.66423499         1326180.        0.000000       -30697.30     -9.77645386542E+08  5.90357490605E+05 -1.65602266779E+03   4.37915520              438  0.20431    
      225300  -4.66516783         1326643.        0.000000       -30697.30     -9.78058507848E+08  5.90606957042E+05 -1.65602266649E+03   4.37945646              438  0.20893    
      225400  -4.66477469         1326271.        0.000000       -30667.42     -9.77966441404E+08  5.90551361854E+05 -1.65602266725E+03   4.38056152              438  0.20736    
      225500  -4.66520489         1326503.        0.000000       -30681.80     -9.77976158991E+08  5.90557229469E+05 -1.65602266841E+03   4.38004689              437  0.20468    
      225600  -4.66550856         1326443.        0.000000       -30650.48     -9.77964259208E+08  5.90550041656E+05 -1.65602267416E+03   4.38005644              437  0.20663    
      225700  -4.66519250         1326248.        0.000000       -30684.28     -9.78028863653E+08  5.90589052446E+05 -1.65602267703E+03   4.38095334              437  0.20884    
      225800  -4.66614184         1326758.        0.000000       -30673.82     -9.78102694742E+08  5.90633637464E+05 -1.65602267243E+03   4.37981762              437  0.21533    
      225900  -4.66657672         1326965.        0.000000       -30661.04     -9.78174176618E+08  5.90676802846E+05 -1.65602267078E+03   4.37971494              439  0.20388    
      226000  -4.66646622         1326734.        0.000000       -30686.50     -9.78202518925E+08  5.90693919248E+05 -1.65602266597E+03   4.37953642              438  0.20858    
      226100  -4.66634755         1326796.        0.000000       -30664.90     -9.78249465698E+08  5.90722268117E+05 -1.65602266665E+03   4.37985554              438  0.20521    
      226200  -4.66605673         1326500.        0.000000       -30680.99     -9.78218658037E+08  5.90703664998E+05 -1.65602266585E+03   4.38087877              439  0.20607    
      226300  -4.66545585         1326587.        0.000000       -30730.37     -9.78082933848E+08  5.90621707177E+05 -1.65602266555E+03   4.37937412              439  0.20691    
      226400  -4.66674945         1327071.        0.000000       -30698.61     -9.78273943710E+08  5.90737051902E+05 -1.65602265942E+03   4.37963719              438  0.20804    
      226500  -4.66647858         1326457.        0.000000       -30719.84     -9.78197921692E+08  5.90691143634E+05 -1.65602266469E+03   4.38055680              438  0.20909    
      226600  -4.66441416         1325906.        0.000000       -30727.66     -9.77835075635E+08  5.90472037056E+05 -1.65602266368E+03   4.38120567              439  0.20599    
      226700  -4.66337041         1326014.        0.000000       -30719.23     -9.77668825983E+08  5.90371644935E+05 -1.65602266703E+03   4.37935167              438  0.20654    
      226800  -4.66530074         1326647.        0.000000       -30782.21     -9.77984748262E+08  5.90562417237E+05 -1.65602266537E+03   4.37971549              437  0.20408    
      226900  -4.66584167         1326483.        0.000000       -30708.86     -9.78021726082E+08  5.90584745935E+05 -1.65602266705E+03   4.38006064              438  0.20643    
      227000  -4.66560391         1326646.        0.000000       -30700.26     -9.77969411258E+08  5.90553154269E+05 -1.65602266991E+03   4.37979926              438  0.20849    
      227100  -4.66591166         1326528.        0.000000       -30693.59     -9.77965790424E+08  5.90550967520E+05 -1.65602267071E+03   4.38002071              437  0.20562    
      227200  -4.66415158         1325954.        0.000000       -30701.22     -9.77816746196E+08  5.90460967485E+05 -1.65602266711E+03   4.38058231              437  0.20430    
      227300  -4.66346342         1326118.        0.000000       -30696.96     -9.77615990606E+08  5.90339742119E+05 -1.65602266095E+03   4.37915237              438  0.20876    
      227400  -4.66495402         1326406.        0.000000       -30713.28     -9.77902470954E+08  5.90512737793E+05 -1.65602265348E+03   4.37974003              438  0.20992    
      227500  -4.66603607         1326559.        0.000000       -30690.33     -9.78083692430E+08  5.90622166702E+05 -1.65602266148E+03   4.38070650              438  0.20389    
      227600  -4.66500094         1326411.        0.000000       -30742.36     -9.77913619698E+08  5.90519466096E+05 -1.65602266453E+03   4.37960329              439  0.20853    
      227700  -4.66569473         1326604.        0.000000       -30713.81     -9.78002365647E+08  5.90573055566E+05 -1.65602266549E+03   4.38004491              439  0.20664    
      227800  -4.66513956         1326488.        0.000000       -30719.21     -9.77792900055E+08  5.90446567427E+05 -1.65602266826E+03   4.37982010              438  0.20807    
      227900  -4.66589041         1326592.        0.000000       -30698.15     -9.77943967628E+08  5.90537791010E+05 -1.65602266699E+03   4.38014942              439  0.20854    
      228000  -4.66555853         1326272.        0.000000       -30697.71     -9.77830077272E+08  5.90469019642E+05 -1.65602266121E+03   4.38046130              438  0.21219    
      228100  -4.66491289         1326462.        0.000000       -30725.61     -9.77563044884E+08  5.90307771940E+05 -1.65602265691E+03   4.37933746              439  0.20515    
      228200  -4.66498505         1326048.        0.000000       -30691.38     -9.77591440491E+08  5.90324921012E+05 -1.65602265074E+03   4.38041029              439  0.20483    
      228300  -4.66302661         1325938.        0.000000       -30708.20     -9.77353756615E+08  5.90181392986E+05 -1.65602265376E+03   4.37997843              439  0.20930    
      228400  -4.66419324         1326500.        0.000000       -30683.96     -9.77569604063E+08  5.90311733663E+05 -1.65602265433E+03   4.37930426              438  0.20628    
      228500  -4.66556513         1326424.        0.000000       -30670.16     -9.77735324741E+08  5.90411805900E+05 -1.65602265227E+03   4.37991171              439  0.20621    
      228600  -4.66527162         1326244.        0.000000       -30666.18     -9.77701176671E+08  5.90391184817E+05 -1.65602265382E+03   4.38044268              438  0.20614    
      228700  -4.66481020         1326240.        0.000000       -30688.98     -9.77661325074E+08  5.90367120486E+05 -1.65602265294E+03   4.38034679              439  0.20900    
      228800  -4.66384634         1325893.        0.000000       -30681.54     -9.77496547977E+08  5.90267615863E+05 -1.65602266109E+03   4.38039368              439  0.20402    
      228900  -4.66369321         1325827.        0.000000       -30700.82     -9.77396983454E+08  5.90207493469E+05 -1.65602266028E+03   4.38080978              439  0.20567    
      229000  -4.66402245         1326281.        0.000000       -30699.16     -9.77402768219E+08  5.90210987764E+05 -1.65602265712E+03   4.37935912              438  0.20942    
      229100  -4.66497113         1326278.        0.000000       -30667.65     -9.77505308699E+08  5.90272908780E+05 -1.65602265352E+03   4.38020028              436  0.20365    
      229200  -4.66393282         1326077.        0.000000       -30692.00     -9.77449579401E+08  5.90239258041E+05 -1.65602264859E+03   4.37948540              438  0.20887    
      229300  -4.66464604         1326369.        0.000000       -30682.53     -9.77644809419E+08  5.90357147687E+05 -1.65602265214E+03   4.37980064              438  0.20460    
      229400  -4.66498970         1326194.        0.000000       -30642.61     -9.77635241728E+08  5.90351368921E+05 -1.65602265565E+03   4.38095203              438  0.20424    
      229500  -4.66427045         1325969.        0.000000       -30632.08     -9.77439566378E+08  5.90233207456E+05 -1.65602266025E+03   4.38032658              438  0.20778    
      229600  -4.66363685         1326234.        0.000000       -30621.43     -9.77422010474E+08  5.90222604955E+05 -1.65602266377E+03   4.37929608              438  0.20657    
      229700  -4.66473669         1326268.        0.000000       -30657.32     -9.77678225666E+08  5.90377321881E+05 -1.65602266454E+03   4.38004222              437  0.20454    
      229800  -4.66445268         1326081.        0.000000       -30679.92     -9.77608629325E+08  5.90335296600E+05 -1.65602266196E+03   4.37996107              437  0.20602    
      229900  -4.66428500         1326400.        0.000000       -30668.59     -9.77691176610E+08  5.90385143196E+05 -1.65602266229E+03   4.37870777              439  0.20728    
      230000  -4.66542882         1326560.        0.000000       -30664.13     -9.77890257098E+08  5.90505360023E+05 -1.65602266008E+03   4.37984493              438  0.20736    
      230100  -4.66547931         1326453.        0.000000       -30636.96     -9.77915619188E+08  5.90520677657E+05 -1.65602265287E+03   4.37966911              438  0.20874    
      230200  -4.66586293         1326422.        0.000000       -30664.96     -9.78094452864E+08  5.90628667012E+05 -1.65602265432E+03   4.38037442              438  0.20468    
      230300  -4.66484338         1326217.        0.000000       -30689.07     -9.78005175697E+08  5.90574757223E+05 -1.65602265206E+03   4.38043140              438  0.20667    
      230400  -4.66540686         1326625.        0.000000       -30762.95     -9.78124159146E+08  5.90646605640E+05 -1.65602265349E+03   4.37894854              437  0.20614    
      230500  -4.66615589         1326721.        0.000000       -30709.75     -9.78286220323E+08  5.90744462736E+05 -1.65602266637E+03   4.37985192              437  0.20652    
      230600  -4.66588063         1326767.        0.000000       -30727.30     -9.78160532333E+08  5.90668564021E+05 -1.65602266976E+03   4.37953967              438  0.20722    
      230700  -4.66665805         1326798.        0.000000       -30719.08     -9.78229753690E+08  5.90710367037E+05 -1.65602266064E+03   4.37999094              439  0.20423    
      230800  -4.66690583         1326712.        0.000000       -30709.58     -9.78153161352E+08  5.90664117714E+05 -1.65602265656E+03   4.38041298              437  0.20665    
      230900  -4.66647113         1326909.        0.000000       -30672.79     -9.78011203368E+08  5.90578394097E+05 -1.65602266040E+03   4.38055392              439  0.20724    
      231000  -4.66632565         1326515.        0.000000       -30667.88     -9.77859737524E+08  5.90486929946E+05 -1.65602266186E+03   4.38034916              438  0.20439    
      231100  -4.66457332         1326128.        0.000000       -30714.06     -9.77625320378E+08  5.90345375865E+05 -1.65602266122E+03   4.38021895              438  0.21123    
      231200  -4.66482439         1326172.        0.000000       -30695.11     -9.77706623986E+08  5.90394472468E+05 -1.65602265871E+03   4.37985065              438  0.20838    
      231300  -4.66398476         1325991.        0.000000       -30644.47     -9.77598223655E+08  5.90329014979E+05 -1.65602265660E+03   4.38122846              439  0.20381    
      231400  -4.66320111         1325920.        0.000000       -30657.96     -9.77338190000E+08  5.90171990973E+05 -1.65602265941E+03   4.37964307              437  0.20622    
      231500  -4.66440422         1326308.        0.000000       -30740.32     -9.77592835558E+08  5.90325757148E+05 -1.65602266837E+03   4.37918847              437  0.20503    
      231600  -4.66582396         1326713.        0.000000       -30738.01     -9.77978356632E+08  5.90558556397E+05 -1.65602266877E+03   4.37959470              438  0.21001    
      231700  -4.66670634         1326850.        0.000000       -30740.11     -9.78024490982E+08  5.90586416094E+05 -1.65602266549E+03   4.37972486              439  0.20417    
      231800  -4.66727162         1327039.        0.000000       -30734.72     -9.78077114741E+08  5.90618198748E+05 -1.65602265019E+03   4.38019701              438  0.20729    
      231900  -4.66637950         1326414.        0.000000       -30717.08     -9.77877481947E+08  5.90497646671E+05 -1.65602265726E+03   4.38099374              437  0.20637    
      232000  -4.66609206         1326721.        0.000000       -30737.20     -9.77839042369E+08  5.90474432315E+05 -1.65602266390E+03   4.37955341              439  0.20435    
      232100  -4.66581368         1326246.        0.000000       -30679.35     -9.77898264684E+08  5.90510192528E+05 -1.65602266829E+03   4.38080907              439  0.20457    
      232200  -4.66421076         1326172.        0.000000       -30687.71     -9.77686303452E+08  5.90382196177E+05 -1.65602267444E+03   4.37966730              438  0.20538    
      232300  -4.66414499         1326111.        0.000000       -30684.32     -9.77790766163E+08  5.90445277179E+05 -1.65602267298E+03   4.38008218              439  0.20654    
      232400  -4.66515587         1326428.        0.000000       -30667.46     -9.77947780931E+08  5.90540095099E+05 -1.65602266306E+03   4.37980571              439  0.20645    
      232500  -4.66543776         1326447.        0.000000       -30701.94     -9.77975725931E+08  5.90556970072E+05 -1.65602266249E+03   4.38031460              438  0.20637    
      232600  -4.66462783         1326395.        0.000000       -30711.67     -9.77737267787E+08  5.90412978657E+05 -1.65602265386E+03   4.38005881              439  0.20417    
      232700  -4.66565219         1326557.        0.000000       -30702.66     -9.77858765239E+08  5.90486346009E+05 -1.65602265293E+03   4.37999797              438  0.20606    
      232800  -4.66494500         1326279.        0.000000       -30706.16     -9.77702550600E+08  5.90392014663E+05 -1.65602265328E+03   4.38007788              439  0.20897    
      232900  -4.66442423         1326225.        0.000000       -30723.18     -9.77646813765E+08  5.90358352734E+05 -1.65602266697E+03   4.38020030              438  0.20391    
      233000  -4.66503387         1326533.        0.000000       -30703.52     -9.77674217187E+08  5.90374900106E+05 -1.65602266799E+03   4.37939661              435  0.20619    
      233100  -4.66569246         1326745.        0.000000       -30715.99     -9.77904178081E+08  5.90513763356E+05 -1.65602266834E+03   4.37875182              439  0.21124    
      233200  -4.66668729         1326732.        0.000000       -30702.78     -9.78163020349E+08  5.90670067956E+05 -1.65602266547E+03   4.38030366              438  0.20523    
      233300  -4.66544547         1326276.        0.000000       -30670.34     -9.77868320348E+08  5.90492111793E+05 -1.65602266452E+03   4.38044609              438  0.20455    
      233400  -4.66483251         1326431.        0.000000       -30723.28     -9.77847053728E+08  5.90479265162E+05 -1.65602267754E+03   4.37954563              439  0.20855    
      233500  -4.66560089         1326858.        0.000000       -30746.91     -9.78080415588E+08  5.90620181910E+05 -1.65602267844E+03   4.37885531              438  0.20720    
      233600  -4.66651599         1326727.        0.000000       -30744.21     -9.78290270801E+08  5.90746904262E+05 -1.65602267865E+03   4.38031890              438  0.20441    
      233700  -4.66690401         1327017.        0.000000       -30734.20     -9.78267333521E+08  5.90733055981E+05 -1.65602267152E+03   4.37961387              438  0.21059    
      233800  -4.66746293         1326939.        0.000000       -30744.66     -9.78283648083E+08  5.90742908383E+05 -1.65602266942E+03   4.38012506              437  0.20539    
      233900  -4.66739044         1326958.        0.000000       -30733.57     -9.78332165710E+08  5.90772206668E+05 -1.65602266774E+03   4.37975239              439  0.20433    
      234000  -4.66632985         1326629.        0.000000       -30739.94     -9.78216751471E+08  5.90702514848E+05 -1.65602266265E+03   4.38004872              438  0.20446    
      234100  -4.66594510         1326639.        0.000000       -30753.20     -9.78267790734E+08  5.90733332326E+05 -1.65602267081E+03   4.38008394              438  0.20782    
      234200  -4.66583800         1326659.        0.000000       -30729.96     -9.78258068294E+08  5.90727458741E+05 -1.65602267817E+03   4.37955928              439  0.20458    
      234300  -4.66559054         1326355.        0.000000       -30697.18     -9.78221023642E+08  5.90705087801E+05 -1.65602268178E+03   4.38070730              438  0.20941    
      234400  -4.66495799         1326429.        0.000000       -30713.77     -9.78093283372E+08  5.90627953383E+05 -1.65602267514E+03   4.37951433              438  0.20784    
      234500  -4.66581571         1326897.        0.000000       -30724.49     -9.78119922503E+08  5.90644043679E+05 -1.65602266368E+03   4.37980784              438  0.20742    
      234600  -4.66621184         1326666.        0.000000       -30699.58     -9.77919901790E+08  5.90523259276E+05 -1.65602266537E+03   4.38039815              437  0.20567    
      234700  -4.66580548         1326442.        0.000000       -30676.78     -9.77761044720E+08  5.90427334330E+05 -1.65602265997E+03   4.38024502              438  0.21161    
      234800  -4.66533141         1326585.        0.000000       -30698.74     -9.77718668641E+08  5.90401745679E+05 -1.65602265880E+03   4.37999963              438  0.20478    
      234900  -4.66490319         1326331.        0.000000       -30667.40     -9.77668926479E+08  5.90371710189E+05 -1.65602265421E+03   4.38005916              437  0.20407    
      235000  -4.66458564         1326257.        0.000000       -30678.84     -9.77513631680E+08  5.90277934553E+05 -1.65602265384E+03   4.38025349              439  0.20430    
      235100  -4.66398407         1326007.        0.000000       -30679.45     -9.77193922788E+08  5.90084879452E+05 -1.65602264490E+03   4.38074225              438  0.21231    
      235200  -4.66347010         1325844.        0.000000       -30638.30     -9.77035688420E+08  5.89989326824E+05 -1.65602264990E+03   4.38028346              437  0.20405    
      235300  -4.66335591         1326041.        0.000000       -30627.26     -9.76940386157E+08  5.89931775067E+05 -1.65602265795E+03   4.37918628              438  0.20875    
      235400  -4.66356409         1326091.        0.000000       -30690.43     -9.77080533618E+08  5.90016402782E+05 -1.65602266142E+03   4.37942346              438  0.20609    
      235500  -4.66406438         1326078.        0.000000       -30666.99     -9.77233762535E+08  5.90108930446E+05 -1.65602266313E+03   4.37988146              437  0.20420    
      235600  -4.66311831         1325665.        0.000000       -30662.99     -9.77136687673E+08  5.90050313231E+05 -1.65602265733E+03   4.37986616              438  0.20498    
      235700  -4.66332156         1326196.        0.000000       -30659.65     -9.77340239012E+08  5.90173231680E+05 -1.65602264988E+03   4.37935501              437  0.20745    
      235800  -4.66414958         1326151.        0.000000       -30675.11     -9.77454086139E+08  5.90241978116E+05 -1.65602265237E+03   4.37977654              437  0.20404    
      235900  -4.66406934         1326072.        0.000000       -30654.52     -9.77486034610E+08  5.90261270119E+05 -1.65602265318E+03   4.38021838              437  0.20415    
      236000  -4.66366408         1326204.        0.000000       -30656.59     -9.77446694115E+08  5.90237513041E+05 -1.65602265617E+03   4.37956249              437  0.20550    
      236100  -4.66392619         1325936.        0.000000       -30636.84     -9.77362232811E+08  5.90186512358E+05 -1.65602265105E+03   4.38032578              438  0.20608    
      236200  -4.66319295         1326141.        0.000000       -30649.12     -9.77318065475E+08  5.90159840698E+05 -1.65602265366E+03   4.37907258              437  0.20828    
      236300  -4.66480071         1326430.        0.000000       -30685.08     -9.77655077825E+08  5.90363344462E+05 -1.65602266299E+03   4.37933644              437  0.21100    
      236400  -4.66448704         1326113.        0.000000       -30710.51     -9.77692304101E+08  5.90385824733E+05 -1.65602266034E+03   4.37993980              437  0.20951    
      236500  -4.66341156         1326128.        0.000000       -30687.69     -9.77580410134E+08  5.90318255983E+05 -1.65602266273E+03   4.37921452              439  0.20372    
      236600  -4.66601294         1326735.        0.000000       -30708.63     -9.77901022357E+08  5.90511858389E+05 -1.65602266655E+03   4.37956634              437  0.20466    
      236700  -4.66636375         1326798.        0.000000       -30667.22     -9.78008654912E+08  5.90576850906E+05 -1.65602267243E+03   4.37920673              437  0.20579    
      236800  -4.66597198         1326351.        0.000000       -30652.78     -9.77996133607E+08  5.90569291744E+05 -1.65602266708E+03   4.38085420              438  0.20484    
      236900  -4.66516934         1326348.        0.000000       -30666.36     -9.77732091417E+08  5.90409850126E+05 -1.65602266156E+03   4.38005280              439  0.20834    
      237000  -4.66535050         1326541.        0.000000       -30652.92     -9.77749218727E+08  5.90420194096E+05 -1.65602265726E+03   4.37988673              437  0.20674    
      237100  -4.66555537         1326447.        0.000000       -30719.19     -9.77694990593E+08  5.90387448488E+05 -1.65602265613E+03   4.37971768              439  0.20445    
      237200  -4.66584461         1326713.        0.000000       -30717.98     -9.77826587636E+08  5.90466915969E+05 -1.65602265121E+03   4.37937617              439  0.20934    
      237300  -4.66561249         1326405.        0.000000       -30646.10     -9.77776637563E+08  5.90436751297E+05 -1.65602265681E+03   4.38061702              439  0.20457    
      237400  -4.66563214         1326618.        0.000000       -30663.00     -9.77749690041E+08  5.90420478062E+05 -1.65602265906E+03   4.37937602              438  0.20390    
      237500  -4.66640709         1326719.        0.000000       -30709.04     -9.77942597245E+08  5.90536965805E+05 -1.65602266052E+03   4.37975814              438  0.20724    
      237600  -4.66641258         1326829.        0.000000       -30669.31     -9.78054595335E+08  5.90604594438E+05 -1.65602266651E+03   4.37985998              439  0.20501    
      237700  -4.66616101         1326707.        0.000000       -30711.28     -9.78047292436E+08  5.90600186257E+05 -1.65602266168E+03   4.37985818              437  0.20688    
      237800  -4.66516889         1326286.        0.000000       -30680.83     -9.77883371279E+08  5.90501202759E+05 -1.65602265789E+03   4.37970882              439  0.20426    
      237900  -4.66593166         1327094.        0.000000       -30664.91     -9.78092150728E+08  5.90627277804E+05 -1.65602265165E+03   4.37903709              439  0.20616    
      238000  -4.66743603         1327129.        0.000000       -30713.68     -9.78276266099E+08  5.90738457845E+05 -1.65602264946E+03   4.37959628              438  0.21368    
      238100  -4.66710266         1326940.        0.000000       -30720.05     -9.78176661766E+08  5.90678309296E+05 -1.65602265459E+03   4.37996589              437  0.20427    
      238200  -4.66600377         1326607.        0.000000       -30724.59     -9.78014366456E+08  5.90580308366E+05 -1.65602264857E+03   4.38002259              438  0.20805    
      238300  -4.66532686         1326434.        0.000000       -30692.58     -9.77819913102E+08  5.90462888417E+05 -1.65602264305E+03   4.38073014              437  0.20776    
      238400  -4.66496948         1326103.        0.000000       -30656.76     -9.77589480600E+08  5.90323736946E+05 -1.65602265235E+03   4.38071915              439  0.20404    
      238500  -4.66403473         1325930.        0.000000       -30675.88     -9.77396062792E+08  5.90206939131E+05 -1.65602265577E+03   4.38017835              438  0.20517    
      238600  -4.66203012         1325689.        0.000000       -30674.27     -9.77035122302E+08  5.89988982724E+05 -1.65602265620E+03   4.38037431              437  0.20439    
      238700  -4.66220453         1325814.        0.000000       -30660.62     -9.77020442143E+08  5.89980118867E+05 -1.65602265381E+03   4.37971043              437  0.20810    
      238800  -4.66358860         1326200.        0.000000       -30654.49     -9.77205789554E+08  5.90092041325E+05 -1.65602265599E+03   4.37908746              439  0.20659    
      238900  -4.66350447         1325941.        0.000000       -30685.07     -9.77341367647E+08  5.90173910349E+05 -1.65602265791E+03   4.38017770              438  0.20896    
      239000  -4.66370524         1326159.        0.000000       -30695.28     -9.77424291667E+08  5.90223982933E+05 -1.65602266247E+03   4.37871301              439  0.20394    
      239100  -4.66449925         1326246.        0.000000       -30706.49     -9.77738522776E+08  5.90413734748E+05 -1.65602265874E+03   4.37965499              438  0.20671    
      239200  -4.66600135         1326806.        0.000000       -30733.50     -9.77990561206E+08  5.90565932571E+05 -1.65602265093E+03   4.37969198              438  0.20551    
      239300  -4.66553359         1326331.        0.000000       -30716.29     -9.77955075045E+08  5.90544504912E+05 -1.65602264844E+03   4.38064736              439  0.21066    
      239400  -4.66412818         1325873.        0.000000       -30734.47     -9.77804383211E+08  5.90453508419E+05 -1.65602264915E+03   4.38078757              437  0.20413    
      239500  -4.66435818         1326554.        0.000000       -30744.03     -9.77794177150E+08  5.90447345176E+05 -1.65602264984E+03   4.37851514              436  0.20788    
      239600  -4.66521719         1326609.        0.000000       -30705.46     -9.77893614915E+08  5.90507390578E+05 -1.65602265191E+03   4.37980648              437  0.20607    
      239700  -4.66524468         1326376.        0.000000       -30666.72     -9.77865789567E+08  5.90490584890E+05 -1.65602266080E+03   4.38020368              438  0.20624    
      239800  -4.66389473         1325962.        0.000000       -30720.04     -9.77616039567E+08  5.90339771716E+05 -1.65602266086E+03   4.37985543              437  0.20762    
      239900  -4.66492941         1326617.        0.000000       -30723.43     -9.77865824450E+08  5.90490606336E+05 -1.65602265973E+03   4.37938163              439  0.20640    
      240000  -4.66491377         1326285.        0.000000       -30693.94     -9.77795966975E+08  5.90448423995E+05 -1.65602265539E+03   4.38053918              439  0.20434    
      240100  -4.66470443         1326357.        0.000000       -30687.65     -9.77600859299E+08  5.90330608179E+05 -1.65602265197E+03   4.37968447              437  0.20584    
      240200  -4.66485336         1326299.        0.000000       -30713.84     -9.77697847991E+08  5.90389172993E+05 -1.65602265881E+03   4.37937061              438  0.20766    
      240300  -4.66547696         1326442.        0.000000       -30716.96     -9.77829127518E+08  5.90468449098E+05 -1.65602265288E+03   4.37992517              436  0.20392    
      240400  -4.66597498         1326791.        0.000000       -30708.30     -9.77809117698E+08  5.90456364718E+05 -1.65602265659E+03   4.37926160              438  0.20812    
      240500  -4.66563698         1326443.        0.000000       -30715.08     -9.77825860072E+08  5.90466471670E+05 -1.65602266511E+03   4.37981416              438  0.20503    
      240600  -4.66536555         1326445.        0.000000       -30667.26     -9.77907707897E+08  5.90515894068E+05 -1.65602267055E+03   4.38061753              438  0.20550    
      240700  -4.66457627         1326047.        0.000000       -30603.72     -9.77695986459E+08  5.90388049196E+05 -1.65602265796E+03   4.38051829              439  0.20734    
      240800  -4.66365871         1326042.        0.000000       -30630.54     -9.77486841709E+08  5.90261756663E+05 -1.65602265550E+03   4.38002321              436  0.20524    
      240900  -4.66427667         1326310.        0.000000       -30615.60     -9.77493890375E+08  5.90266012388E+05 -1.65602265734E+03   4.37996792              437  0.20511    
      241000  -4.66493380         1326408.        0.000000       -30633.27     -9.77522083307E+08  5.90283033054E+05 -1.65602266806E+03   4.37970665              438  0.20489    
      241100  -4.66484932         1326147.        0.000000       -30645.40     -9.77486895896E+08  5.90261786778E+05 -1.65602266281E+03   4.38098875              438  0.20776    
      241200  -4.66318555         1325451.        0.000000       -30638.20     -9.77106526260E+08  5.90032099704E+05 -1.65602265834E+03   4.38087359              438  0.21200    
      241300  -4.66143336         1325236.        0.000000       -30640.83     -9.76813260204E+08  5.89855007788E+05 -1.65602266202E+03   4.37991714              438  0.20409    
      241400  -4.66263324         1325784.        0.000000       -30671.82     -9.77104337065E+08  5.90030779682E+05 -1.65602265291E+03   4.37969670              438  0.20634    
      241500  -4.66188096         1325507.        0.000000       -30672.92     -9.76926687418E+08  5.89923507673E+05 -1.65602264482E+03   4.38020759              437  0.20543    
      241600  -4.66117370         1325265.        0.000000       -30628.41     -9.76831422860E+08  5.89865980962E+05 -1.65602264648E+03   4.37989847              437  0.20386    
      241700  -4.66186732         1325678.        0.000000       -30621.77     -9.76892077164E+08  5.89902603308E+05 -1.65602265812E+03   4.37990652              438  0.20761    
      241800  -4.66213235         1325632.        0.000000       -30645.50     -9.76903222443E+08  5.89909331493E+05 -1.65602266364E+03   4.37939904              437  0.20678    
      241900  -4.66341318         1326201.        0.000000       -30658.88     -9.77240615971E+08  5.90113069212E+05 -1.65602266236E+03   4.37880764              438  0.20429    
      242000  -4.66460454         1326375.        0.000000       -30674.24     -9.77599175358E+08  5.90329590412E+05 -1.65602265452E+03   4.37973891              438  0.20748    
      242100  -4.66503754         1326402.        0.000000       -30738.90     -9.77675273714E+08  5.90375542735E+05 -1.65602265498E+03   4.37978152              438  0.20608    
      242200  -4.66426722         1326151.        0.000000       -30743.63     -9.77560601886E+08  5.90306298628E+05 -1.65602265156E+03   4.37982649              438  0.20400    
      242300  -4.66430723         1326231.        0.000000       -30730.94     -9.77518655788E+08  5.90280970093E+05 -1.65602264907E+03   4.37946509              438  0.20618    
      242400  -4.66591024         1326670.        0.000000       -30682.25     -9.77879297890E+08  5.90498745905E+05 -1.65602264979E+03   4.37926913              437  0.20692    
      242500  -4.66556897         1326387.        0.000000       -30695.77     -9.77900720282E+08  5.90511679620E+05 -1.65602265634E+03   4.37992945              436  0.20461    
      242600  -4.66479011         1325909.        0.000000       -30702.37     -9.77810115177E+08  5.90456967583E+05 -1.65602265510E+03   4.38109051              438  0.20437    
      242700  -4.66401386         1326319.        0.000000       -30680.58     -9.77672860967E+08  5.90374086770E+05 -1.65602265221E+03   4.37935076              438  0.20692    
      242800  -4.66498804         1326474.        0.000000       -30687.48     -9.77848653085E+08  5.90480233462E+05 -1.65602267048E+03   4.37937521              436  0.21035    
      242900  -4.66530612         1326379.        0.000000       -30650.97     -9.78085343841E+08  5.90623161510E+05 -1.65602266823E+03   4.38008907              439  0.20459    
      243000  -4.66529495         1326560.        0.000000       -30671.81     -9.78022040208E+08  5.90584936715E+05 -1.65602266398E+03   4.37981749              438  0.21098    
      243100  -4.66478522         1326428.        0.000000       -30687.40     -9.77857411356E+08  5.90485525030E+05 -1.65602266255E+03   4.38026096              437  0.21125    
      243200  -4.66519007         1326282.        0.000000       -30688.15     -9.77879795809E+08  5.90499043503E+05 -1.65602265841E+03   4.37995475              437  0.20414    
      243300  -4.66497597         1326237.        0.000000       -30702.14     -9.77902735579E+08  5.90512893859E+05 -1.65602266394E+03   4.37998013              439  0.20502    
      243400  -4.66438728         1326195.        0.000000       -30674.41     -9.77786033493E+08  5.90442422817E+05 -1.65602266319E+03   4.38047246              438  0.20650    
      243500  -4.66498085         1326305.        0.000000       -30690.86     -9.77846612402E+08  5.90479002062E+05 -1.65602266802E+03   4.37986759              438  0.20440    
      243600  -4.66564338         1326711.        0.000000       -30686.51     -9.77968022643E+08  5.90552315035E+05 -1.65602267191E+03   4.37993521              438  0.20808    
      243700  -4.66630719         1326614.        0.000000       -30708.64     -9.78066444153E+08  5.90611749355E+05 -1.65602266670E+03   4.37998211              438  0.20734    
      243800  -4.66609775         1326646.        0.000000       -30720.28     -9.78087463249E+08  5.90624443026E+05 -1.65602266347E+03   4.37966028              436  0.20567    
      243900  -4.66605734         1326579.        0.000000       -30707.18     -9.78085273109E+08  5.90623120101E+05 -1.65602266457E+03   4.38062619              436  0.20631    
      244000  -4.66565874         1326347.        0.000000       -30706.34     -9.77825298762E+08  5.90466131627E+05 -1.65602266817E+03   4.38050510              438  0.20475    
      244100  -4.66501694         1326245.        0.000000       -30681.32     -9.77692640916E+08  5.90386025646E+05 -1.65602266728E+03   4.38068313              437  0.21048    
      244200  -4.66481285         1326650.        0.000000       -30713.91     -9.77562345680E+08  5.90307348976E+05 -1.65602265900E+03   4.37919239              438  0.20618    
      244300  -4.66615028         1326722.        0.000000       -30708.99     -9.77600648076E+08  5.90330481681E+05 -1.65602264903E+03   4.37967381              438  0.20694    
      244400  -4.66591721         1326752.        0.000000       -30736.26     -9.77610871046E+08  5.90336655346E+05 -1.65602264774E+03   4.37963747              439  0.20891    
      244500  -4.66473545         1326066.        0.000000       -30708.92     -9.77372519210E+08  5.90192724133E+05 -1.65602265031E+03   4.38116230              439  0.20420    
      244600  -4.66338796         1325913.        0.000000       -30694.93     -9.77117090789E+08  5.90038483316E+05 -1.65602264669E+03   4.38079986              438  0.20485    
      244700  -4.66387331         1326154.        0.000000       -30684.20     -9.77117762912E+08  5.90038886686E+05 -1.65602265369E+03   4.37955930              437  0.20474    
      244800  -4.66412556         1326244.        0.000000       -30694.16     -9.77215555429E+08  5.90097937835E+05 -1.65602265789E+03   4.37962868              438  0.20432    
      244900  -4.66348420         1325791.        0.000000       -30695.01     -9.77107418672E+08  5.90032640945E+05 -1.65602265174E+03   4.38068736              437  0.20501    
      245000  -4.66235376         1325521.        0.000000       -30667.54     -9.76713767327E+08  5.89794934926E+05 -1.65602264362E+03   4.38006637              439  0.20755    
      245100  -4.66214656         1325592.        0.000000       -30682.43     -9.76727257131E+08  5.89803077009E+05 -1.65602265435E+03   4.37973804              439  0.20397    
      245200  -4.66311044         1326020.        0.000000       -30659.08     -9.76948406109E+08  5.89936618823E+05 -1.65602265555E+03   4.37946060              436  0.20604    
      245300  -4.66300715         1325891.        0.000000       -30611.92     -9.76961488901E+08  5.89944519885E+05 -1.65602265293E+03   4.37990982              439  0.20848    
      245400  -4.66261010         1325809.        0.000000       -30657.72     -9.76911323593E+08  5.89914227740E+05 -1.65602265152E+03   4.37925427              438  0.20800    
      245500  -4.66305235         1325947.        0.000000       -30686.55     -9.77061448389E+08  5.90004882399E+05 -1.65602264920E+03   4.37924224              437  0.20640    
      245600  -4.66475062         1326615.        0.000000       -30677.32     -9.77503035456E+08  5.90271535820E+05 -1.65602265422E+03   4.37916163              438  0.20819    
      245700  -4.66666784         1326820.        0.000000       -30709.74     -9.77805353195E+08  5.90454092273E+05 -1.65602265441E+03   4.37994171              438  0.20782    
      245800  -4.66621109         1326804.        0.000000       -30697.68     -9.77842798297E+08  5.90476702006E+05 -1.65602265928E+03   4.37928130              437  0.20618    
      245900  -4.66644401         1326518.        0.000000       -30694.58     -9.77962312896E+08  5.90548872174E+05 -1.65602265786E+03   4.38068607              438  0.20874    
      246000  -4.66475964         1325790.        0.000000       -30701.48     -9.77564270667E+08  5.90308515643E+05 -1.65602264707E+03   4.38110280              438  0.20454    
      246100  -4.66331429         1326075.        0.000000       -30671.73     -9.77302110403E+08  5.90150206162E+05 -1.65602265355E+03   4.38004276              439  0.20386    
      246200  -4.66361876         1326023.        0.000000       -30675.94     -9.77236463263E+08  5.90110563945E+05 -1.65602265570E+03   4.38011114              439  0.20691    
      246300  -4.66442677         1326396.        0.000000       -30703.55     -9.77407384215E+08  5.90213776603E+05 -1.65602265308E+03   4.37896676              438  0.20616    
      246400  -4.66556797         1326633.        0.000000       -30705.37     -9.77629343937E+08  5.90347805733E+05 -1.65602266061E+03   4.37995802              438  0.20395    
      246500  -4.66511716         1326339.        0.000000       -30692.56     -9.77588972398E+08  5.90323428747E+05 -1.65602265604E+03   4.38004539              439  0.20696    
      246600  -4.66515957         1326523.        0.000000       -30695.54     -9.77665094867E+08  5.90369396675E+05 -1.65602265357E+03   4.37965272              438  0.20437    
      246700  -4.66526153         1326459.        0.000000       -30682.63     -9.77611955369E+08  5.90337307082E+05 -1.65602265627E+03   4.38017699              439  0.20425    
      246800  -4.66417549         1326178.        0.000000       -30655.98     -9.77391706716E+08  5.90204307171E+05 -1.65602266002E+03   4.37964910              437  0.20717    
      246900  -4.66347885         1325974.        0.000000       -30724.29     -9.77365896956E+08  5.90188721843E+05 -1.65602265984E+03   4.37998559              437  0.20736    
      247000  -4.66427153         1326694.        0.000000       -30729.78     -9.77683129455E+08  5.90380288247E+05 -1.65602265001E+03   4.37828661              438  0.20397    
      247100  -4.66583381         1326504.        0.000000       -30714.12     -9.77966956327E+08  5.90551677546E+05 -1.65602265392E+03   4.37982465              438  0.20410    
      247200  -4.66507763         1326456.        0.000000       -30689.46     -9.77859990660E+08  5.90487083646E+05 -1.65602265950E+03   4.38038865              439  0.21368    
      247300  -4.66585294         1326498.        0.000000       -30670.29     -9.77832896113E+08  5.90470722640E+05 -1.65602265891E+03   4.37998565              439  0.20643    
      247400  -4.66581172         1326512.        0.000000       -30645.14     -9.77761659227E+08  5.90427704193E+05 -1.65602266337E+03   4.38068333              438  0.20445    
      247500  -4.66462745         1326180.        0.000000       -30668.00     -9.77687203711E+08  5.90382742947E+05 -1.65602266562E+03   4.37963644              437  0.20749    
      247600  -4.66481511         1326305.        0.000000       -30655.41     -9.77843123648E+08  5.90476893589E+05 -1.65602267297E+03   4.38057149              438  0.20811    
      247700  -4.66474978         1326354.        0.000000       -30662.94     -9.77665487557E+08  5.90369627596E+05 -1.65602267098E+03   4.38031396              436  0.20500    
      247800  -4.66460918         1326135.        0.000000       -30674.65     -9.77647753069E+08  5.90358917637E+05 -1.65602267343E+03   4.38036085              438  0.20521    
      247900  -4.66471904         1326279.        0.000000       -30673.93     -9.77626414195E+08  5.90346036040E+05 -1.65602266215E+03   4.38028625              438  0.20748    
      248000  -4.66504817         1326724.        0.000000       -30692.44     -9.77611238496E+08  5.90336874396E+05 -1.65602265570E+03   4.37944021              439  0.20422    
      248100  -4.66656234         1326897.        0.000000       -30685.02     -9.77962470630E+08  5.90548965499E+05 -1.65602266326E+03   4.37943738              439  0.20808    
      248200  -4.66694025         1326650.        0.000000       -30667.45     -9.77999519184E+08  5.90571338841E+05 -1.65602265952E+03   4.38088425              439  0.20645    
      248300  -4.66522935         1326239.        0.000000       -30676.49     -9.77689499759E+08  5.90384133547E+05 -1.65602265407E+03   4.38103234              437  0.20428    
      248400  -4.66379030         1326117.        0.000000       -30661.20     -9.77397800574E+08  5.90207989127E+05 -1.65602265401E+03   4.37996075              439  0.20691    
      248500  -4.66433345         1326109.        0.000000       -30684.66     -9.77406701064E+08  5.90213363503E+05 -1.65602265469E+03   4.38005686              438  0.20646    
      248600  -4.66413403         1325928.        0.000000       -30666.66     -9.77301764417E+08  5.90149995073E+05 -1.65602265962E+03   4.38047919              437  0.20560    
      248700  -4.66369252         1326020.        0.000000       -30649.88     -9.77199991769E+08  5.90088540968E+05 -1.65602265410E+03   4.38000984              437  0.20429    
      248800  -4.66422189         1326271.        0.000000       -30697.09     -9.77315849038E+08  5.90158502583E+05 -1.65602265283E+03   4.37907705              438  0.20804    
      248900  -4.66538237         1326538.        0.000000       -30688.07     -9.77498973231E+08  5.90269083805E+05 -1.65602265145E+03   4.37969990              438  0.20669    
      249000  -4.66574321         1326581.        0.000000       -30694.77     -9.77695760954E+08  5.90387915026E+05 -1.65602265235E+03   4.37980694              439  0.20456    
      249100  -4.66572394         1326543.        0.000000       -30720.10     -9.77792813725E+08  5.90446521425E+05 -1.65602265107E+03   4.37963386              439  0.20755    
      249200  -4.66482698         1326372.        0.000000       -30720.23     -9.77781295231E+08  5.90439567810E+05 -1.65602264573E+03   4.38065370              439  0.20485    
      249300  -4.66452898         1325828.        0.000000       -30715.52     -9.77497609913E+08  5.90268260875E+05 -1.65602265056E+03   4.38106097              439  0.20392    
      249400  -4.66332026         1325822.        0.000000       -30710.01     -9.77256151445E+08  5.90122452104E+05 -1.65602265760E+03   4.38037927              438  0.20422    
      249500  -4.66397614         1326401.        0.000000       -30726.09     -9.77410533960E+08  5.90215676573E+05 -1.65602265876E+03   4.37860950              437  0.20579    
      249600  -4.66480300         1326311.        0.000000       -30717.21     -9.77678709086E+08  5.90377613883E+05 -1.65602266430E+03   4.37930547              437  0.20442    
      249700  -4.66484646         1326208.        0.000000       -30761.23     -9.77694564148E+08  5.90387190146E+05 -1.65602265846E+03   4.38016356              437  0.20428    
      249800  -4.66377399         1325950.        0.000000       -30785.81     -9.77608451954E+08  5.90335191659E+05 -1.65602265589E+03   4.38000309              437  0.20655    
      249900  -4.66312747         1325618.        0.000000       -30784.48     -9.77609240682E+08  5.90335669894E+05 -1.65602265040E+03   4.38029459              437  0.20399    
      250000  -4.66364069         1326275.        0.000000       -30794.80     -9.77711999768E+08  5.90397721891E+05 -1.65602264967E+03   4.37934791              439  0.20586    
      250100  -4.66506125         1326515.        0.000000       -30767.05     -9.77876110552E+08  5.90496818430E+05 -1.65602265758E+03   4.37994681              439  0.21193    
      250200  -4.66478473         1326151.        0.000000       -30743.58     -9.77835841431E+08  5.90472501678E+05 -1.65602265754E+03   4.38017946              438  0.20667    
      250300  -4.66436687         1326323.        0.000000       -30718.81     -9.77774206442E+08  5.90435281594E+05 -1.65602266145E+03   4.38004430              437  0.20448    
      250400  -4.66442433         1326399.        0.000000       -30693.30     -9.77783327674E+08  5.90440788733E+05 -1.65602266363E+03   4.37983166              437  0.20618    
      250500  -4.66409957         1326152.        0.000000       -30637.01     -9.77801885255E+08  5.90451991595E+05 -1.65602267275E+03   4.37974183              438  0.20680    
      250600  -4.66456721         1326566.        0.000000       -30654.40     -9.77861398791E+08  5.90487930462E+05 -1.65602266930E+03   4.37981427              439  0.20436    
      250700  -4.66561370         1326331.        0.000000       -30693.56     -9.77924994131E+08  5.90526332148E+05 -1.65602267146E+03   4.38060813              439  0.20883    
      250800  -4.66495340         1326618.        0.000000       -30717.10     -9.77841445484E+08  5.90475882889E+05 -1.65602266548E+03   4.37903882              437  0.20498    
      250900  -4.66587572         1326641.        0.000000       -30676.52     -9.77997959854E+08  5.90570392746E+05 -1.65602267209E+03   4.38022736              437  0.20695    
      251000  -4.66598638         1326619.        0.000000       -30682.26     -9.77920231823E+08  5.90523458571E+05 -1.65602266536E+03   4.37998811              438  0.20554    
      251100  -4.66585210         1326661.        0.000000       -30713.00     -9.77928603052E+08  5.90528513911E+05 -1.65602266447E+03   4.37982832              437  0.20790    
      251200  -4.66591607         1326525.        0.000000       -30726.77     -9.77952793334E+08  5.90543122845E+05 -1.65602266033E+03   4.38032915              437  0.20383    
      251300  -4.66520810         1326421.        0.000000       -30741.38     -9.77758721650E+08  5.90425933109E+05 -1.65602265554E+03   4.38019076              437  0.20691    
      251400  -4.66531612         1326454.        0.000000       -30706.62     -9.77708516780E+08  5.90395615443E+05 -1.65602265872E+03   4.37999418              437  0.20599    
      251500  -4.66395238         1325979.        0.000000       -30689.13     -9.77410315102E+08  5.90215543572E+05 -1.65602266112E+03   4.38060391              439  0.20359    
      251600  -4.66376356         1326183.        0.000000       -30679.41     -9.77292849179E+08  5.90144610958E+05 -1.65602266128E+03   4.37972891              438  0.20880    
      251700  -4.66506420         1326728.        0.000000       -30695.88     -9.77591243629E+08  5.90324796035E+05 -1.65602266785E+03   4.37879838              437  0.20429    
      251800  -4.66592705         1326415.        0.000000       -30697.73     -9.77655831649E+08  5.90363800350E+05 -1.65602266106E+03   4.38046484              438  0.20635    
      251900  -4.66441204         1325956.        0.000000       -30665.83     -9.77377060956E+08  5.90195464698E+05 -1.65602265591E+03   4.38089509              437  0.20367    
      252000  -4.66398734         1326066.        0.000000       -30650.19     -9.77276840421E+08  5.90134946192E+05 -1.65602265503E+03   4.37943023              439  0.21260    
      252100  -4.66386270         1326150.        0.000000       -30636.09     -9.77352645143E+08  5.90180722135E+05 -1.65602265287E+03   4.38008474              436  0.20667    
      252200  -4.66416680         1326077.        0.000000       -30624.25     -9.77368170002E+08  5.90190098465E+05 -1.65602264854E+03   4.38030963              438  0.20457    
      252300  -4.66393349         1326104.        0.000000       -30594.19     -9.77296803628E+08  5.90147002311E+05 -1.65602265165E+03   4.38014036              438  0.21115    
      252400  -4.66365142         1326245.        0.000000       -30635.25     -9.77261428124E+08  5.90125639244E+05 -1.65602265541E+03   4.37899784              438  0.20571    
      252500  -4.66464183         1326396.        0.000000       -30657.24     -9.77465615948E+08  5.90248936994E+05 -1.65602266211E+03   4.37938781              438  0.20733    
      252600  -4.66496345         1326225.        0.000000       -30642.24     -9.77492308779E+08  5.90265055591E+05 -1.65602266223E+03   4.38034722              439  0.20465    
      252700  -4.66505514         1326481.        0.000000       -30650.44     -9.77565853681E+08  5.90309472095E+05 -1.65602264557E+03   4.37989855              438  0.21077    
      252800  -4.66473277         1326149.        0.000000       -30637.67     -9.77433662994E+08  5.90229646722E+05 -1.65602264885E+03   4.38018474              437  0.20439    
      252900  -4.66405593         1326034.        0.000000       -30645.98     -9.77316086081E+08  5.90158647179E+05 -1.65602264874E+03   4.38079088              438  0.21049    
      253000  -4.66384816         1326180.        0.000000       -30681.00     -9.77226774667E+08  5.90104712042E+05 -1.65602265958E+03   4.37973451              437  0.20569    
      253100  -4.66522229         1326665.        0.000000       -30675.82     -9.77457628757E+08  5.90244109690E+05 -1.65602267386E+03   4.37899223              438  0.20482    
      253200  -4.66651008         1326748.        0.000000       -30646.33     -9.77779891739E+08  5.90438710879E+05 -1.65602267216E+03   4.37928139              439  0.20689    
      253300  -4.66595510         1326518.        0.000000       -30654.20     -9.77650520060E+08  5.90360593001E+05 -1.65602266081E+03   4.38008217              438  0.20810    
      253400  -4.66622242         1326543.        0.000000       -30639.62     -9.77610920071E+08  5.90336677148E+05 -1.65602266963E+03   4.38012261              439  0.20938    
      253500  -4.66536364         1326457.        0.000000       -30684.18     -9.77578379931E+08  5.90317029433E+05 -1.65602266442E+03   4.38039415              439  0.20402    
      253600  -4.66485649         1326291.        0.000000       -30656.64     -9.77474241506E+08  5.90254143875E+05 -1.65602266693E+03   4.38015923              438  0.20744    
      253700  -4.66482388         1326417.        0.000000       -30721.71     -9.77456873107E+08  5.90243657433E+05 -1.65602266250E+03   4.37950212              439  0.20826    
      253800  -4.66594082         1326543.        0.000000       -30736.88     -9.77885101478E+08  5.90502246158E+05 -1.65602266179E+03   4.37902232              438  0.20435    
      253900  -4.66595811         1326695.        0.000000       -30771.58     -9.78033570306E+08  5.90591900060E+05 -1.65602266168E+03   4.37955437              439  0.20898    
      254000  -4.66620815         1326976.        0.000000       -30778.39     -9.77998089372E+08  5.90570475909E+05 -1.65602265820E+03   4.37966809              438  0.20821    
      254100  -4.66679258         1326658.        0.000000       -30740.80     -9.78080891180E+08  5.90620477502E+05 -1.65602265488E+03   4.38078898              438  0.20460    
      254200  -4.66528158         1326253.        0.000000       -30753.19     -9.77825653328E+08  5.90466351415E+05 -1.65602265224E+03   4.38064707              438  0.20854    
      254300  -4.66425174         1326004.        0.000000       -30761.22     -9.77647710100E+08  5.90358898869E+05 -1.65602265329E+03   4.38087537              438  0.20713    
      254400  -4.66318058         1325683.        0.000000       -30701.38     -9.77237930895E+08  5.90111449535E+05 -1.65602265752E+03   4.38032336              439  0.20587    
      254500  -4.66304128         1325853.        0.000000       -30654.71     -9.77209199381E+08  5.90094097869E+05 -1.65602266301E+03   4.38048290              438  0.20427    
      254600  -4.66307492         1325906.        0.000000       -30682.18     -9.77214837137E+08  5.90097501644E+05 -1.65602266475E+03   4.37939557              439  0.20663    
      254700  -4.66456478         1326587.        0.000000       -30659.48     -9.77562436969E+08  5.90307401013E+05 -1.65602266767E+03   4.37879631              437  0.20442    
      254800  -4.66584100         1326679.        0.000000       -30655.28     -9.77774296517E+08  5.90435337311E+05 -1.65602265774E+03   4.37952189              437  0.20447    
