# FIXEDNODEStats VERSION 1 - REAL : NEl=   6 | PQ-Partition= F | P-Space Type= " SEMI-STOCH-INIT " | Trial Proj. Energy= T | Stochastic Sign-Flip-Potential= F | Back-Flow Correlations= T | Jastrow Correlations= T | Time-Reversal Initialization= T | Importance Sampling= F | Singles Only= F
#     1.Step   2.Shift    3.TotWalkers  4.Annihil  5.NoatHF  6.TrialNum    7.TrialDenom     8.TrialProj.E  9.TrialOverlap  10.UniqueDets  13.IterTime 
#           0   0.00000000         2000.000        0.000000       -1000.000      0.00000000000E+00  0.00000000000E+00    0.000000       0.00000000                2   0.0000    
         100   0.00000000         2346.725        0.000000       -999.1175     -4.77094141829E+05  2.06803797258E+03 -2.30698927270E+02   1.46193130               49  0.54709E-02
         200   0.00000000         2743.278        0.000000       -1000.265     -5.11401586402E+05  2.21674879362E+03 -2.30698935249E+02   1.56015977              100  0.55590E-02
         300   0.00000000         3167.712        0.000000       -1003.758     -5.47832002495E+05  2.37466185239E+03 -2.30698952755E+02   1.65701450              140  0.53050E-02
         400   0.00000000         3636.452        0.000000       -1009.442     -5.86768872833E+05  2.54343937389E+03 -2.30698981410E+02   1.75208825              174  0.55874E-02
         500   0.00000000         4157.315        0.000000       -1017.602     -6.28289828835E+05  2.72341788460E+03 -2.30699016991E+02   1.84609750              210  0.54808E-02
         600   0.00000000         4705.756        0.000000       -1027.444     -6.72504910944E+05  2.91507440453E+03 -2.30699055193E+02   1.93906040              232  0.56336E-02
         700   0.00000000         5322.161        0.000000       -1039.105     -7.19788818511E+05  3.12003313718E+03 -2.30699094164E+02   2.02993068              266  0.56696E-02
         800   0.00000000         5979.143        0.000000       -1052.551     -7.70721993764E+05  3.34081006167E+03 -2.30699135700E+02   2.11990809              283  0.56134E-02
         900   0.00000000         6705.024        0.000000       -1067.749     -8.24932338050E+05  3.57579226245E+03 -2.30699178672E+02   2.20726435              308  0.57531E-02
        1000   0.00000000         7496.913        0.000000       -1085.684     -8.83255090017E+05  3.82860018921E+03 -2.30699223310E+02   2.29338986              326  0.62064E-02
        1100   0.00000000         8355.769        0.000000       -1105.801     -9.45964137964E+05  4.10042107848E+03 -2.30699267187E+02   2.37858824              339  0.60109E-02
        1200   0.00000000         9292.872        0.000000       -1126.967     -1.01273351538E+06  4.38984197817E+03 -2.30699310002E+02   2.46163486              359  0.62465E-02
        1300   0.00000000         10299.50        0.000000       -1150.869     -1.08417794198E+06  4.69952749410E+03 -2.30699350806E+02   2.54176614              365  0.63528E-02
        1400   0.00000000         11395.08        0.000000       -1177.801     -1.16111887343E+06  5.03303831513E+03 -2.30699390851E+02   2.61988649              378  0.67637E-02
        1500   0.00000000         12581.10        0.000000       -1205.907     -1.24298238662E+06  5.38788668647E+03 -2.30699429841E+02   2.69568487              386  0.68063E-02
        1600   0.00000000         13859.33        0.000000       -1237.295     -1.33105586240E+06  5.76965293972E+03 -2.30699467767E+02   2.76870622              388  0.70368E-02
        1700   0.00000000         15238.68        0.000000       -1270.759     -1.42540261035E+06  6.17861146291E+03 -2.30699505692E+02   2.84019301              392  0.75422E-02
        1800   0.00000000         16730.38        0.000000       -1307.103     -1.52628045877E+06  6.61587989439E+03 -2.30699541578E+02   2.90759697              393  0.75784E-02
        1900   0.00000000         18334.35        0.000000       -1346.283     -1.63402663144E+06  7.08291998108E+03 -2.30699575288E+02   2.97270539              396  0.80191E-02
        2000   0.00000000         20058.45        0.000000       -1388.592     -1.74940327751E+06  7.58303536001E+03 -2.30699607011E+02   3.03591548              397  0.81880E-02
        2100   0.00000000         21917.06        0.000000       -1431.775     -1.87254051467E+06  8.11679003206E+03 -2.30699637083E+02   3.09709383              397  0.85602E-02
        2200   0.00000000         23923.77        0.000000       -1479.059     -2.00437852501E+06  8.68825929944E+03 -2.30699666748E+02   3.15505644              399  0.89313E-02
        2300   0.00000000         26084.48        0.000000       -1529.967     -2.14569400381E+06  9.30080987137E+03 -2.30699695347E+02   3.21031111              400  0.93282E-02
        2400   0.00000000         28423.53        0.000000       -1583.210     -2.29764789575E+06  9.95947407087E+03 -2.30699721632E+02   3.26296754              400  0.98028E-02
        2500   0.00000000         30928.47        0.000000       -1640.155     -2.46008869786E+06  1.06635951324E+04 -2.30699746878E+02   3.31370123              400  0.10220E-01
        2600   0.00000000         33623.45        0.000000       -1702.141     -2.63361573165E+06  1.14157708960E+04 -2.30699771015E+02   3.36083239              400  0.11007E-01
        2700   0.00000000         36505.11        0.000000       -1767.362     -2.81991888654E+06  1.22233264332E+04 -2.30699793705E+02   3.40632647              400  0.11271E-01
        2800   0.00000000         39628.73        0.000000       -1836.579     -3.01882961961E+06  1.30855311333E+04 -2.30699815610E+02   3.44924660              400  0.14400E-01
        2900   0.00000000         42971.50        0.000000       -1908.766     -3.23151448769E+06  1.40074415656E+04 -2.30699837123E+02   3.49006518              400  0.13213E-01
        3000   0.00000000         46567.44        0.000000       -1989.271     -3.45921282280E+06  1.49944298338E+04 -2.30699857290E+02   3.52685977              400  0.13101E-01
        3100   0.00000000         50428.20        0.000000       -2072.335     -3.70348466764E+06  1.60532581399E+04 -2.30699876335E+02   3.56285789              400  0.13792E-01
        3200   0.00000000         54584.92        0.000000       -2159.730     -3.96520277640E+06  1.71877095274E+04 -2.30699894601E+02   3.59623208              400  0.14666E-01
        3300   0.00000000         59050.23        0.000000       -2253.695     -4.24536110294E+06  1.84020924261E+04 -2.30699911979E+02   3.62807210              400  0.15689E-01
        3400   0.00000000         63846.97        0.000000       -2354.137     -4.54583458900E+06  1.97045340177E+04 -2.30699928499E+02   3.65755683              400  0.16256E-01
        3500   0.00000000         68992.42        0.000000       -2459.705     -4.86700806121E+06  2.10967023628E+04 -2.30699944357E+02   3.68553283              400  0.17224E-01
        3600   0.00000000         74521.24        0.000000       -2572.466     -5.21032581982E+06  2.25848579880E+04 -2.30699959353E+02   3.71162921              400  0.18212E-01
        3700   0.00000000         80460.24        0.000000       -2692.745     -5.57840168469E+06  2.41803308812E+04 -2.30699973135E+02   3.73574974              400  0.19287E-01
        3800   0.00000000         86841.42        0.000000       -2821.239     -5.97212613611E+06  2.58869808201E+04 -2.30699986902E+02   3.75806705              400  0.20357E-01
        3900   0.00000000         93681.63        0.000000       -2956.732     -6.39429969874E+06  2.77169471446E+04 -2.30699999729E+02   3.77898328              400  0.21595E-01
        4000   0.00000000         101024.1        0.000000       -3099.770     -6.84655479131E+06  2.96773057651E+04 -2.30700011838E+02   3.79878227              400  0.22813E-01
        4100   0.00000000         108914.5        0.000000       -3251.484     -7.33086510150E+06  3.17766117996E+04 -2.30700023895E+02   3.81724469              400  0.24162E-01
        4200   0.00000000         117360.0        0.000000       -3413.338     -7.84850927335E+06  3.40204078498E+04 -2.30700034756E+02   3.83426356              400  0.25594E-01
        4300   0.00000000         126426.9        0.000000       -3589.377     -8.40298566309E+06  3.64238579090E+04 -2.30700045121E+02   3.84952996              400  0.27148E-01
        4400   0.00000000         136145.2        0.000000       -3772.929     -8.99678317500E+06  3.89977504447E+04 -2.30700055065E+02   3.86442149              400  0.30572E-01
        4500   0.00000000         146583.6        0.000000       -3970.783     -9.63265155525E+06  4.17540045945E+04 -2.30700064552E+02   3.87772717              400  0.30539E-01
        4600   0.00000000         157795.3        0.000000       -4181.112     -1.03139606761E+07  4.47072274946E+04 -2.30700073660E+02   3.89035001              400  0.32450E-01
        4700   0.00000000         169801.7        0.000000       -4400.357     -1.10428627981E+07  4.78667483389E+04 -2.30700082653E+02   3.90227830              400  0.34441E-01
        4800   0.00000000         182694.6        0.000000       -4635.212     -1.18229375003E+07  5.12480834331E+04 -2.30700090780E+02   3.91284438              400  0.36572E-01
        4900   0.00000000         196519.4        0.000000       -4885.955     -1.26591692156E+07  5.48728383113E+04 -2.30700098724E+02   3.92303088              400  0.38936E-01
        5000   0.00000000         211317.1        0.000000       -5150.785     -1.35536713447E+07  5.87501737952E+04 -2.30700106384E+02   3.93236516              400  0.41350E-01
        5100   0.00000000         227187.9        0.000000       -5435.464     -1.45111985686E+07  6.29006998053E+04 -2.30700113250E+02   3.94055445              400  0.44035E-01
        5200   0.00000000         244221.5        0.000000       -5738.398     -1.55376233728E+07  6.73498712494E+04 -2.30700119905E+02   3.94846759              400  0.49692E-01
        5300   0.00000000         262456.2        0.000000       -6060.483     -1.66352483358E+07  7.21076688706E+04 -2.30700126579E+02   3.95572491              400  0.49646E-01
        5400   0.00000000         282051.4        0.000000       -6403.171     -1.78115882482E+07  7.72066666229E+04 -2.30700132869E+02   3.96241661              400  0.52872E-01
        5500   0.00000000         303069.0        0.000000       -6770.355     -1.90718143483E+07  8.26692798232E+04 -2.30700139025E+02   3.96849984              400  0.56197E-01
        5600   0.00000000         325577.4        0.000000       -7160.968     -2.04217438050E+07  8.85207238828E+04 -2.30700144658E+02   3.97412412              400  0.59863E-01
        5700   0.00000000         349720.5        0.000000       -7578.387     -2.18678550557E+07  9.47890802054E+04 -2.30700150359E+02   3.97953690              400  0.65562E-01
        5800   0.00000000         375577.5        0.000000       -8025.620     -2.34151394280E+07  1.01495984523E+05 -2.30700155656E+02   3.98429147              400  0.70943E-01
        5900   0.00000000         403315.1        0.000000       -8499.909     -2.50721438981E+07  1.08678484832E+05 -2.30700160542E+02   3.98874722              400  0.72918E-01
        6000   0.00000000         433010.3        0.000000       -9007.517     -2.68457136353E+07  1.16366252361E+05 -2.30700165130E+02   3.99288857              400  0.77765E-01
        6100   0.00000000         464865.9        0.000000       -9545.567     -2.87460974864E+07  1.24603712062E+05 -2.30700169447E+02   3.99646670              400  0.83823E-01
        6200   0.00000000         498979.2        0.000000       -10122.42     -3.07814833105E+07  1.33426355101E+05 -2.30700173794E+02   4.00007341              400  0.88736E-01
        6300   0.00000000         535492.7        0.000000       -10733.38     -3.29573385849E+07  1.42857881184E+05 -2.30700177769E+02   4.00346246              400  0.94604E-01
        6400   0.00000000         574649.7        0.000000       -11386.30     -3.52872927338E+07  1.52957368555E+05 -2.30700181803E+02   4.00650086              400  0.10107    
        6500   0.00000000         616664.4        0.000000       -12082.50     -3.77823047597E+07  1.63772320430E+05 -2.30700185846E+02   4.00894538              400  0.11117    
        6600   0.00000000         661656.8        0.000000       -12825.62     -4.04568683819E+07  1.75365561874E+05 -2.30700189647E+02   4.01171746              400  0.11378    
        6700   0.00000000         709798.8        0.000000       -13618.24     -4.33151171768E+07  1.87755010347E+05 -2.30700193282E+02   4.01411744              400  0.12385    
        6800   0.00000000         761434.8        0.000000       -14460.33     -4.63760987961E+07  2.01023230409E+05 -2.30700196697E+02   4.01621630              400  0.12963    
        6900   0.00000000         816739.1        0.000000       -15362.52     -4.96542103024E+07  2.15232627951E+05 -2.30700199942E+02   4.01816203              400  0.14058    
        7000   0.00000000         875969.6        0.000000       -16327.92     -5.31641706890E+07  2.30447004291E+05 -2.30700203080E+02   4.01988389              400  0.14834    
        7100   0.00000000         939490.5        0.000000       -17357.07     -5.69246137273E+07  2.46747130197E+05 -2.30700205841E+02   4.02144443              400  0.15898    
        7200 -0.616602434         1007459.        0.000000       -18458.58     -6.09499020105E+07  2.64195261582E+05 -2.30700208798E+02   4.02307067              400  0.16854    
        7300 -0.812338886         1015751.        0.000000       -18469.26     -6.32866851231E+07  2.74324347960E+05 -2.30700211606E+02   4.15101267              400  0.17521    
        7400 -0.804849141         1004263.        0.000000       -18120.17     -6.30972719691E+07  2.73503308829E+05 -2.30700214339E+02   4.19347778              400  0.17483    
        7500 -0.749562087         993519.7        0.000000       -17789.14     -6.23149117519E+07  2.70112063946E+05 -2.30700216945E+02   4.19326896              400  0.17529    
        7600 -0.709188497         988258.4        0.000000       -17567.12     -6.17310752205E+07  2.67581345880E+05 -2.30700219470E+02   4.18276354              400  0.16934    
        7700 -0.692606705         986983.0        0.000000       -17415.70     -6.14458993697E+07  2.66345211403E+05 -2.30700221889E+02   4.17528101              400  0.16894    
        7800 -0.690117928         987311.9        0.000000       -17302.91     -6.13366036926E+07  2.65871452490E+05 -2.30700224181E+02   4.17265137              400  0.16922    
        7900 -0.692141642         987764.9        0.000000       -17199.71     -6.12896678230E+07  2.65668000457E+05 -2.30700226288E+02   4.17313457              400  0.16676    
        8000 -0.693903826         988008.6        0.000000       -17094.97     -6.12431719061E+07  2.65466455665E+05 -2.30700228218E+02   4.17429215              400  0.17016    
        8100 -0.694609402         988066.1        0.000000       -16995.40     -6.11854208876E+07  2.65216124163E+05 -2.30700230164E+02   4.17531219              400  0.16591    
        8200 -0.694725203         988017.3        0.000000       -16891.51     -6.11226889886E+07  2.64944202384E+05 -2.30700232120E+02   4.17624158              400  0.16653    
        8300 -0.694240028         987893.2        0.000000       -16797.50     -6.10562200195E+07  2.64656082012E+05 -2.30700233886E+02   4.17682600              400  0.16488    
        8400 -0.693551691         987730.5        0.000000       -16706.61     -6.09912473225E+07  2.64374447501E+05 -2.30700235590E+02   4.17749076              400  0.16633    
        8500 -0.692766713         987591.4        0.000000       -16616.48     -6.09255561888E+07  2.64089698840E+05 -2.30700237292E+02   4.17797689              400  0.16453    
        8600 -0.692214465         987506.1        0.000000       -16538.85     -6.08642268588E+07  2.63823857032E+05 -2.30700238953E+02   4.17826337              400  0.16447    
        8700 -0.691861470         987470.5        0.000000       -16462.71     -6.08087005153E+07  2.63583169201E+05 -2.30700240457E+02   4.17848180              400  0.16432    
        8800 -0.691445796         987346.2        0.000000       -16385.68     -6.07557427954E+07  2.63353615523E+05 -2.30700241858E+02   4.17898320              400  0.16312    
        8900 -0.691192830         987354.3        0.000000       -16309.09     -6.07053723458E+07  2.63135276849E+05 -2.30700243133E+02   4.17908696              400  0.16474    
        9000 -0.691020058         987268.6        0.000000       -16245.43     -6.06597849930E+07  2.62937671266E+05 -2.30700244286E+02   4.17951334              400  0.16250    
        9100 -0.690559085         987178.9        0.000000       -16181.42     -6.06133141754E+07  2.62736235967E+05 -2.30700245637E+02   4.17978506              400  0.16205    
        9200 -0.690129077         987110.4        0.000000       -16115.07     -6.05684855866E+07  2.62541919114E+05 -2.30700246997E+02   4.18000374              400  0.16193    
        9300 -0.689718285         987017.9        0.000000       -16062.47     -6.05253417260E+07  2.62354905158E+05 -2.30700248161E+02   4.18020164              400  0.16391    
        9400 -0.689267404         986945.4        0.000000       -16008.05     -6.04850728193E+07  2.62180353264E+05 -2.30700249146E+02   4.18031965              400  0.16162    
        9500 -0.689089412         986905.6        0.000000       -15951.10     -6.04479374402E+07  2.62019384025E+05 -2.30700250155E+02   4.18060485              400  0.16474    
        9600 -0.688764149         986838.5        0.000000       -15897.79     -6.04101592617E+07  2.61855628339E+05 -2.30700251298E+02   4.18069688              400  0.16091    
        9700 -0.688683422         986867.9        0.000000       -15846.06     -6.03773091343E+07  2.61713234043E+05 -2.30700252340E+02   4.18060530              400  0.16328    
        9800 -0.688581084         986830.7        0.000000       -15800.78     -6.03461956411E+07  2.61578367527E+05 -2.30700253280E+02   4.18090391              400  0.16043    
        9900 -0.688400228         986798.1        0.000000       -15750.74     -6.03138913685E+07  2.61438339486E+05 -2.30700254167E+02   4.18113494              400  0.16310    
       10000 -0.688232758         986743.4        0.000000       -15711.76     -6.02835212103E+07  2.61306695190E+05 -2.30700254988E+02   4.18116626              400  0.16235    
       10100 -0.688001292         986680.0        0.000000       -15670.25     -6.02542038695E+07  2.61179614443E+05 -2.30700255830E+02   4.18138987              400  0.15963    
       10200 -0.687558240         986589.8        0.000000       -15627.49     -6.02227083675E+07  2.61043092118E+05 -2.30700256724E+02   4.18144958              400  0.16184    
       10300 -0.687307967         986597.0        0.000000       -15593.99     -6.01977373404E+07  2.60934851056E+05 -2.30700257543E+02   4.18124467              400  0.15906    
       10400 -0.687397966         986609.4        0.000000       -15559.94     -6.01763480327E+07  2.60842135555E+05 -2.30700258241E+02   4.18150877              400  0.16174    
       10500 -0.687323417         986564.1        0.000000       -15526.05     -6.01516422506E+07  2.60735044257E+05 -2.30700259039E+02   4.18160656              400  0.15892    
       10600 -0.687123826         986535.0        0.000000       -15494.47     -6.01283805378E+07  2.60634212536E+05 -2.30700259772E+02   4.18160263              400  0.15930    
       10700 -0.687053968         986535.2        0.000000       -15461.29     -6.01077536006E+07  2.60544801799E+05 -2.30700260322E+02   4.18162503              400  0.15826    
       10800 -0.686971616         986530.1        0.000000       -15429.14     -6.00876928915E+07  2.60457845366E+05 -2.30700260947E+02   4.18168851              400  0.15863    
       10900 -0.686885251         986461.2        0.000000       -15399.58     -6.00672727833E+07  2.60369330987E+05 -2.30700261646E+02   4.18199197              400  0.15811    
       11000 -0.686581134         986434.5        0.000000       -15370.38     -6.00446118682E+07  2.60271103722E+05 -2.30700262186E+02   4.18180258              400  0.16180    
       11100 -0.686543957         986450.3        0.000000       -15345.47     -6.00262623785E+07  2.60191564823E+05 -2.30700262783E+02   4.18180360              400  0.15796    
       11200 -0.686503130         986433.2        0.000000       -15322.75     -6.00092580294E+07  2.60117856688E+05 -2.30700263309E+02   4.18181744              400  0.15971    
       11300 -0.686426976         986402.1        0.000000       -15296.75     -5.99923009694E+07  2.60044353594E+05 -2.30700263783E+02   4.18191724              400  0.15884    
       11400 -0.686098145         986306.6        0.000000       -15270.11     -5.99743466919E+07  2.59966528046E+05 -2.30700264156E+02   4.18206689              400  0.15755    
       11500 -0.685899217         986300.8        0.000000       -15243.20     -5.99569499932E+07  2.59891119194E+05 -2.30700264707E+02   4.18196409              400  0.16271    
       11600 -0.685733848         986247.6        0.000000       -15215.71     -5.99399777290E+07  2.59817550186E+05 -2.30700265191E+02   4.18206714              400  0.15710    
       11700 -0.685689545         986265.2        0.000000       -15199.88     -5.99257217745E+07  2.59755755464E+05 -2.30700265591E+02   4.18205131              400  0.16084    
       11800 -0.685718038         986295.1        0.000000       -15175.35     -5.99112799652E+07  2.59693155020E+05 -2.30700266092E+02   4.18198761              400  0.15694    
       11900 -0.685855099         986310.3        0.000000       -15155.76     -5.98980476571E+07  2.59635797360E+05 -2.30700266551E+02   4.18197488              400  0.15927    
       12000 -0.685728258         986249.2        0.000000       -15135.75     -5.98842263956E+07  2.59575886869E+05 -2.30700266954E+02   4.18213860              400  0.15709    
       12100 -0.685492233         986189.0        0.000000       -15117.72     -5.98703198563E+07  2.59515606814E+05 -2.30700267284E+02   4.18218481              400  0.15958    
       12200 -0.685435445         986242.3        0.000000       -15096.87     -5.98578125185E+07  2.59461391748E+05 -2.30700267640E+02   4.18205240              400  0.15662    
       12300 -0.685714135         986261.1        0.000000       -15083.56     -5.98480702068E+07  2.59419161899E+05 -2.30700268125E+02   4.18209452              400  0.15910    
       12400 -0.685645946         986225.0        0.000000       -15060.64     -5.98369907522E+07  2.59371136126E+05 -2.30700268526E+02   4.18220355              400  0.15682    
       12500 -0.685359515         986148.8        0.000000       -15049.06     -5.98237005336E+07  2.59313527789E+05 -2.30700268681E+02   4.18222983              400  0.15877    
       12600 -0.684896018         986071.2        0.000000       -15037.03     -5.98102847544E+07  2.59255375090E+05 -2.30700268928E+02   4.18220730              400  0.15661    
       12700 -0.684610609         986041.1        0.000000       -15023.52     -5.97971033132E+07  2.59198237872E+05 -2.30700269431E+02   4.18210128              400  0.15831    
       12800 -0.684632951         986072.9        0.000000       -15010.13     -5.97909554437E+07  2.59171588941E+05 -2.30700269609E+02   4.18187872              400  0.15651    
       12900 -0.684804509         986105.2        0.000000       -15003.81     -5.97867581567E+07  2.59153395132E+05 -2.30700269724E+02   4.18198230              400  0.15661    
       13000 -0.684848000         986098.8        0.000000       -14996.58     -5.97806072517E+07  2.59126733235E+05 -2.30700269731E+02   4.18198215              400  0.15766    
       13100 -0.684834587         986072.8        0.000000       -14980.66     -5.97737945786E+07  2.59097202282E+05 -2.30700270216E+02   4.18215931              400  0.15831    
       13200 -0.684663941         986031.7        0.000000       -14972.79     -5.97646447401E+07  2.59057540935E+05 -2.30700270390E+02   4.18217990              400  0.15696    
       13300 -0.684581657         986069.6        0.000000       -14964.46     -5.97572746191E+07  2.59025594056E+05 -2.30700270516E+02   4.18193939              400  0.16003    
       13400 -0.684738943         986072.5        0.000000       -14949.12     -5.97524727048E+07  2.59004779329E+05 -2.30700270704E+02   4.18213083              400  0.15769    
       13500 -0.684665477         986044.6        0.000000       -14936.15     -5.97448734498E+07  2.58971839066E+05 -2.30700270984E+02   4.18207909              400  0.15584    
       13600 -0.684587101         986048.1        0.000000       -14926.91     -5.97367830590E+07  2.58936769653E+05 -2.30700271495E+02   4.18206379              400  0.15696    
       13700 -0.684595242         986086.9        0.000000       -14922.36     -5.97312477044E+07  2.58912775915E+05 -2.30700271523E+02   4.18192037              400  0.15738    
       13800 -0.684765068         986071.8        0.000000       -14911.97     -5.97273014700E+07  2.58895670336E+05 -2.30700271628E+02   4.18211587              400  0.16229    
       13900 -0.684644537         986074.1        0.000000       -14902.85     -5.97216080946E+07  2.58870991451E+05 -2.30700271822E+02   4.18205018              400  0.15695    
       14000 -0.684724295         986081.0        0.000000       -14898.41     -5.97161599890E+07  2.58847375742E+05 -2.30700271995E+02   4.18199804              400  0.15727    
       14100 -0.684611966         986022.0        0.000000       -14895.06     -5.97103954617E+07  2.58822388586E+05 -2.30700272059E+02   4.18201267              400  0.15704    
       14200 -0.684340402         985999.8        0.000000       -14884.59     -5.97047150369E+07  2.58797766011E+05 -2.30700272098E+02   4.18202749              400  0.15787    
       14300 -0.684229687         985966.9        0.000000       -14874.57     -5.96990247103E+07  2.58773100247E+05 -2.30700272375E+02   4.18214720              400  0.15528    
       14400 -0.684158794         985937.6        0.000000       -14866.94     -5.96928213738E+07  2.58746210866E+05 -2.30700272572E+02   4.18214860              400  0.15877    
       14500 -0.684034863         985932.7        0.000000       -14858.77     -5.96867486650E+07  2.58719887661E+05 -2.30700272811E+02   4.18203802              400  0.15563    
       14600 -0.683886586         985890.7        0.000000       -14848.66     -5.96816724780E+07  2.58697884264E+05 -2.30700272821E+02   4.18211325              400  0.15607    
       14700 -0.683865466         985922.6        0.000000       -14845.50     -5.96769418775E+07  2.58677378602E+05 -2.30700273058E+02   4.18190606              400  0.15530    
       14800 -0.683863711         985887.5        0.000000       -14841.65     -5.96743909871E+07  2.58666321326E+05 -2.30700273160E+02   4.18208061              400  0.15744    
       14900 -0.683942622         985937.8        0.000000       -14838.62     -5.96715175310E+07  2.58653865795E+05 -2.30700273308E+02   4.18191682              400  0.15545    
       15000 -0.683909343         985901.6        0.000000       -14832.94     -5.96679772591E+07  2.58638519937E+05 -2.30700273392E+02   4.18198760              400  0.15699    
       15100 -0.683852681         985898.3        0.000000       -14828.78     -5.96645792377E+07  2.58623790626E+05 -2.30700273526E+02   4.18202389              400  0.15779    
       15200 -0.683823630         985897.8        0.000000       -14824.43     -5.96610069149E+07  2.58608305883E+05 -2.30700273570E+02   4.18191580              400  0.15546    
       15300 -0.683792740         985902.2        0.000000       -14817.67     -5.96585199746E+07  2.58597525937E+05 -2.30700273556E+02   4.18197359              400  0.15794    
       15400 -0.684056485         985994.9        0.000000       -14821.05     -5.96586174840E+07  2.58597948463E+05 -2.30700273682E+02   4.18173452              400  0.15569    
       15500 -0.684388489         986023.6        0.000000       -14816.72     -5.96607805817E+07  2.58607324454E+05 -2.30700273891E+02   4.18196909              400  0.15697    
       15600 -0.684426178         985983.1        0.000000       -14810.61     -5.96576067130E+07  2.58593566810E+05 -2.30700273982E+02   4.18214328              400  0.15528    
       15700 -0.684309191         985975.8        0.000000       -14807.43     -5.96532283742E+07  2.58574588191E+05 -2.30700274113E+02   4.18208958              400  0.15584    
       15800 -0.684260191         985990.4        0.000000       -14798.68     -5.96488234338E+07  2.58555494294E+05 -2.30700274216E+02   4.18201289              400  0.15545    
       15900 -0.684136209         985923.5        0.000000       -14792.26     -5.96438922998E+07  2.58534119476E+05 -2.30700274380E+02   4.18211175              400  0.15588    
       16000 -0.684067467         985969.8        0.000000       -14783.71     -5.96401047140E+07  2.58517701432E+05 -2.30700274618E+02   4.18185330              400  0.15513    
       16100 -0.684200349         985967.2        0.000000       -14785.76     -5.96401947670E+07  2.58518091744E+05 -2.30700274648E+02   4.18200653              400  0.15762    
       16200 -0.684099735         985955.3        0.000000       -14782.65     -5.96359609191E+07  2.58499739605E+05 -2.30700274632E+02   4.18192109              400  0.15504    
       16300 -0.684182099         985992.9        0.000000       -14780.57     -5.96337192557E+07  2.58490022756E+05 -2.30700274695E+02   4.18187044              400  0.15552    
       16400 -0.684287480         985964.0        0.000000       -14778.64     -5.96337766965E+07  2.58490271688E+05 -2.30700274742E+02   4.18206327              400  0.15514    
       16500 -0.683997913         985912.7        0.000000       -14776.54     -5.96279288246E+07  2.58464923146E+05 -2.30700274911E+02   4.18203486              400  0.15639    
       16600 -0.683942522         985935.3        0.000000       -14776.95     -5.96271663615E+07  2.58461618073E+05 -2.30700274981E+02   4.18178913              400  0.15504    
       16700 -0.684275851         986010.7        0.000000       -14772.25     -5.96305369877E+07  2.58476228499E+05 -2.30700274969E+02   4.18186441              400  0.15797    
       16800 -0.684209502         985952.9        0.000000       -14770.56     -5.96284219363E+07  2.58467060504E+05 -2.30700274999E+02   4.18205697              400  0.15610    
       16900 -0.683939144         985870.5        0.000000       -14763.51     -5.96236135820E+07  2.58446217908E+05 -2.30700275146E+02   4.18217872              400  0.15832    
       17000 -0.683559469         985824.1        0.000000       -14759.66     -5.96185307977E+07  2.58424185803E+05 -2.30700275257E+02   4.18205167              400  0.15634    
       17100 -0.683567587         985858.5        0.000000       -14756.87     -5.96161117819E+07  2.58413700031E+05 -2.30700275468E+02   4.18185029              400  0.15733    
       17200 -0.683620417         985866.6        0.000000       -14756.59     -5.96162569707E+07  2.58414329399E+05 -2.30700275443E+02   4.18189796              400  0.15588    
       17300 -0.683668005         985898.2        0.000000       -14756.99     -5.96154948078E+07  2.58411025764E+05 -2.30700275391E+02   4.18175759              400  0.15857    
       17400 -0.683883316         985911.4        0.000000       -14751.83     -5.96173973517E+07  2.58419272642E+05 -2.30700275340E+02   4.18197478              400  0.15591    
       17500 -0.683743816         985845.6        0.000000       -14750.93     -5.96140246875E+07  2.58404653447E+05 -2.30700275294E+02   4.18214414              400  0.15641    
       17600 -0.683637243         985883.3        0.000000       -14746.63     -5.96109240192E+07  2.58391213142E+05 -2.30700275348E+02   4.18190041              400  0.15584    
       17700 -0.683858982         985910.1        0.000000       -14744.93     -5.96110763258E+07  2.58391873167E+05 -2.30700275497E+02   4.18197143              400  0.15716    
       17800 -0.684026825         985934.4        0.000000       -14748.50     -5.96123446530E+07  2.58397370852E+05 -2.30700275535E+02   4.18200415              400  0.15503    
       17900 -0.683822945         985858.5        0.000000       -14743.09     -5.96072886979E+07  2.58375455065E+05 -2.30700275624E+02   4.18216595              400  0.15708    
       18000 -0.683615149         985837.8        0.000000       -14739.62     -5.96033357480E+07  2.58358320352E+05 -2.30700275752E+02   4.18206354              400  0.15600    
       18100 -0.683620882         985879.8        0.000000       -14741.08     -5.96017542361E+07  2.58351465163E+05 -2.30700275683E+02   4.18192831              400  0.15506    
       18200 -0.683753037         985915.0        0.000000       -14739.45     -5.96005698120E+07  2.58346331022E+05 -2.30700275774E+02   4.18180033              400  0.15627    
       18300 -0.683634848         985827.2        0.000000       -14736.02     -5.95984111758E+07  2.58336974054E+05 -2.30700275848E+02   4.18207788              400  0.15483    
       18400 -0.683584645         985883.7        0.000000       -14733.61     -5.95979035264E+07  2.58334773639E+05 -2.30700275797E+02   4.18178641              400  0.15824    
       18500 -0.683719481         985860.6        0.000000       -14733.81     -5.95985031178E+07  2.58337372862E+05 -2.30700275603E+02   4.18205364              400  0.15515    
       18600 -0.683511933         985833.5        0.000000       -14732.97     -5.95948205723E+07  2.58321410547E+05 -2.30700275467E+02   4.18195029              400  0.15534    
       18700 -0.683596809         985836.4        0.000000       -14727.52     -5.95963516586E+07  2.58328047270E+05 -2.30700275438E+02   4.18192009              400  0.15513    
       18800 -0.683510551         985855.7        0.000000       -14728.10     -5.95970837630E+07  2.58331220641E+05 -2.30700275464E+02   4.18185985              400  0.15762    
       18900 -0.683527647         985843.5        0.000000       -14726.81     -5.95981607784E+07  2.58335889139E+05 -2.30700275432E+02   4.18187626              400  0.15468    
       19000 -0.683566353         985863.4        0.000000       -14721.01     -5.95971402584E+07  2.58331465401E+05 -2.30700275578E+02   4.18195905              400  0.15690    
       19100 -0.683571101         985839.6        0.000000       -14719.20     -5.95943141749E+07  2.58319215291E+05 -2.30700275657E+02   4.18200476              400  0.15464    
       19200 -0.683574171         985851.1        0.000000       -14720.57     -5.95918764717E+07  2.58308648754E+05 -2.30700275656E+02   4.18194045              400  0.15618    
       19300 -0.683678886         985889.9        0.000000       -14720.88     -5.95927083975E+07  2.58312254872E+05 -2.30700275630E+02   4.18178487              400  0.15491    
       19400 -0.683737248         985871.4        0.000000       -14720.32     -5.95944651734E+07  2.58319869760E+05 -2.30700275704E+02   4.18192746              400  0.15854    
       19500 -0.683740568         985864.7        0.000000       -14723.21     -5.95944823709E+07  2.58319944217E+05 -2.30700275782E+02   4.18188392              400  0.15496    
       19600 -0.683559431         985861.0        0.000000       -14719.52     -5.95930254053E+07  2.58313628761E+05 -2.30700275828E+02   4.18188299              400  0.15756    
       19700 -0.683815435         985923.2        0.000000       -14719.43     -5.95945734395E+07  2.58320338810E+05 -2.30700275921E+02   4.18183156              400  0.15502    
       19800 -0.683686027         985826.4        0.000000       -14716.70     -5.95912358616E+07  2.58305871585E+05 -2.30700275979E+02   4.18214062              400  0.15733    
       19900 -0.683473119         985817.3        0.000000       -14707.66     -5.95873155232E+07  2.58288878461E+05 -2.30700275901E+02   4.18200382              400  0.15511    
       20000 -0.683348218         985802.5        0.000000       -14712.52     -5.95843899431E+07  2.58276197081E+05 -2.30700275970E+02   4.18187565              400  0.15562    
       20100 -0.683220344         985767.5        0.000000       -14712.62     -5.95844700786E+07  2.58276544411E+05 -2.30700275994E+02   4.18182918              400  0.15567    
       20200 -0.683286641         985791.7        0.000000       -14710.30     -5.95873053350E+07  2.58288834241E+05 -2.30700275953E+02   4.18183592              400  0.15555    
       20300 -0.683361269         985824.9        0.000000       -14709.67     -5.95885562897E+07  2.58294256795E+05 -2.30700275837E+02   4.18180672              400  0.15620    
       20400 -0.683418606         985853.4        0.000000       -14707.33     -5.95891358545E+07  2.58296768940E+05 -2.30700275885E+02   4.18180776              400  0.15527    
       20500 -0.683574668         985859.7        0.000000       -14706.55     -5.95904085889E+07  2.58302285782E+05 -2.30700275874E+02   4.18181949              400  0.15705    
       20600 -0.683806055         985929.2        0.000000       -14707.73     -5.95952140751E+07  2.58323115863E+05 -2.30700275800E+02   4.18169921              400  0.15464    
       20700 -0.683900324         985909.5        0.000000       -14709.54     -5.95978942223E+07  2.58334733301E+05 -2.30700275804E+02   4.18189730              400  0.15828    
       20800 -0.684068690         985967.3        0.000000       -14714.31     -5.95992661682E+07  2.58340680002E+05 -2.30700275961E+02   4.18177312              400  0.15591    
       20900 -0.684134417         985963.1        0.000000       -14718.48     -5.96002317342E+07  2.58344865358E+05 -2.30700275972E+02   4.18188680              400  0.15844    
       21000 -0.684101480         985936.4        0.000000       -14717.72     -5.95987171108E+07  2.58338300160E+05 -2.30700275855E+02   4.18200531              400  0.15622    
       21100 -0.683793428         985856.5        0.000000       -14716.06     -5.95955771527E+07  2.58324689826E+05 -2.30700275661E+02   4.18203882              400  0.15717    
       21200 -0.683685185         985879.0        0.000000       -14714.94     -5.95929054366E+07  2.58313108984E+05 -2.30700275611E+02   4.18189348              400  0.15611    
       21300 -0.683699166         985907.7        0.000000       -14717.91     -5.95937881183E+07  2.58316935104E+05 -2.30700275591E+02   4.18162708              400  0.15743    
       21400 -0.683744180         985885.8        0.000000       -14716.08     -5.95954729009E+07  2.58324237909E+05 -2.30700275682E+02   4.18194440              400  0.15600    
       21500 -0.683692159         985887.7        0.000000       -14712.18     -5.95938973888E+07  2.58317408487E+05 -2.30700275827E+02   4.18187789              400  0.15592    
       21600 -0.683657855         985876.6        0.000000       -14706.80     -5.95914483887E+07  2.58306792908E+05 -2.30700275892E+02   4.18190024              400  0.15445    
       21700 -0.683642833         985863.6        0.000000       -14705.65     -5.95912659793E+07  2.58306002196E+05 -2.30700275924E+02   4.18192644              400  0.15803    
       21800 -0.683662039         985852.0        0.000000       -14706.28     -5.95912596565E+07  2.58305974730E+05 -2.30700275977E+02   4.18197730              400  0.15458    
       21900 -0.683573635         985866.0        0.000000       -14706.93     -5.95907515660E+07  2.58303772464E+05 -2.30700275871E+02   4.18173976              400  0.16142    
       22000 -0.683671793         985883.5        0.000000       -14704.27     -5.95921391361E+07  2.58309787102E+05 -2.30700275838E+02   4.18193425              400  0.15476    
       22100 -0.683673884         985889.6        0.000000       -14705.73     -5.95908193599E+07  2.58304066395E+05 -2.30700275809E+02   4.18192220              400  0.15669    
       22200 -0.683762627         985892.8        0.000000       -14706.41     -5.95901403121E+07  2.58301122923E+05 -2.30700275855E+02   4.18182300              400  0.15800    
       22300 -0.683623070         985833.4        0.000000       -14709.87     -5.95905082952E+07  2.58302717964E+05 -2.30700275881E+02   4.18202265              400  0.15694    
       22400 -0.683465601         985824.1        0.000000       -14713.71     -5.95887795018E+07  2.58295224314E+05 -2.30700275857E+02   4.18193739              400  0.15489    
       22500 -0.683399312         985810.3        0.000000       -14713.29     -5.95866868443E+07  2.58286153514E+05 -2.30700275774E+02   4.18188453              400  0.15539    
       22600 -0.683478764         985865.1        0.000000       -14709.21     -5.95877063165E+07  2.58290572269E+05 -2.30700276023E+02   4.18181233              400  0.15527    
       22700 -0.683914091         985926.8        0.000000       -14710.68     -5.95913063792E+07  2.58306177030E+05 -2.30700276178E+02   4.18181371              400  0.15604    
       22800 -0.683955939         985934.9        0.000000       -14712.88     -5.95919565997E+07  2.58308995387E+05 -2.30700276274E+02   4.18188712              400  0.15622    
       22900 -0.684099649         985923.0        0.000000       -14714.44     -5.95934812338E+07  2.58315604343E+05 -2.30700276065E+02   4.18198021              400  0.15492    
       23000 -0.684073905         985968.0        0.000000       -14715.73     -5.95931797687E+07  2.58314297758E+05 -2.30700275928E+02   4.18190434              400  0.15738    
       23100 -0.684151096         985956.9        0.000000       -14707.88     -5.95918521576E+07  2.58308543013E+05 -2.30700275966E+02   4.18195343              400  0.15483    
       23200 -0.684062764         985938.7        0.000000       -14706.36     -5.95892369978E+07  2.58297207062E+05 -2.30700276149E+02   4.18198091              400  0.15841    
       23300 -0.683738547         985810.2        0.000000       -14704.73     -5.95839406925E+07  2.58274249438E+05 -2.30700276246E+02   4.18223014              400  0.15519    
       23400 -0.683340744         985808.0        0.000000       -14705.95     -5.95792230369E+07  2.58253800124E+05 -2.30700276272E+02   4.18177596              400  0.15658    
       23500 -0.683473676         985846.6        0.000000       -14710.14     -5.95819110000E+07  2.58265451441E+05 -2.30700276276E+02   4.18186795              400  0.15457    
       23600 -0.683600304         985876.7        0.000000       -14707.38     -5.95824031008E+07  2.58267584374E+05 -2.30700276402E+02   4.18185985              400  0.15818    
       23700 -0.683604750         985818.5        0.000000       -14705.38     -5.95804741376E+07  2.58259222938E+05 -2.30700276489E+02   4.18200503              400  0.15529    
       23800 -0.683396486         985809.6        0.000000       -14704.35     -5.95795805675E+07  2.58255349715E+05 -2.30700276425E+02   4.18200923              400  0.15661    
       23900 -0.683424552         985833.8        0.000000       -14703.11     -5.95778952399E+07  2.58248044447E+05 -2.30700276424E+02   4.18188051              400  0.15489    
       24000 -0.683646835         985880.1        0.000000       -14702.54     -5.95797285810E+07  2.58255991374E+05 -2.30700276358E+02   4.18186102              400  0.15753    
       24100 -0.683647093         985864.6        0.000000       -14697.59     -5.95782300175E+07  2.58249495636E+05 -2.30700276377E+02   4.18196485              400  0.15514    
       24200 -0.683610073         985841.2        0.000000       -14704.76     -5.95764969611E+07  2.58241983521E+05 -2.30700276341E+02   4.18190949              400  0.15744    
       24300 -0.683588820         985859.8        0.000000       -14705.84     -5.95775852544E+07  2.58246700992E+05 -2.30700276230E+02   4.18177854              400  0.15496    
       24400 -0.683518777         985851.5        0.000000       -14703.01     -5.95778160505E+07  2.58247701344E+05 -2.30700276287E+02   4.18190321              400  0.15756    
       24500 -0.683550030         985851.5        0.000000       -14704.15     -5.95773493765E+07  2.58245678295E+05 -2.30700276457E+02   4.18186009              400  0.15509    
       24600 -0.683522433         985834.4        0.000000       -14707.36     -5.95766241519E+07  2.58242534753E+05 -2.30700276423E+02   4.18195971              400  0.15622    
       24700 -0.683606329         985861.0        0.000000       -14704.39     -5.95763138222E+07  2.58241189496E+05 -2.30700276507E+02   4.18192509              400  0.15525    
       24800 -0.683624606         985871.3        0.000000       -14710.16     -5.95752930770E+07  2.58236764803E+05 -2.30700276634E+02   4.18183280              400  0.15714    
       24900 -0.683639648         985860.6        0.000000       -14712.09     -5.95755495751E+07  2.58237876759E+05 -2.30700276515E+02   4.18190879              400  0.15606    
       25000 -0.683405391         985780.8        0.000000       -14708.56     -5.95724814591E+07  2.58224577599E+05 -2.30700276531E+02   4.18205718              400  0.15514    
       25100 -0.683166299         985777.9        0.000000       -14707.93     -5.95697633040E+07  2.58212795514E+05 -2.30700276435E+02   4.18184499              400  0.15639    
       25200 -0.683355864         985819.7        0.000000       -14708.39     -5.95712688837E+07  2.58219321695E+05 -2.30700276388E+02   4.18185006              400  0.15494    
       25300 -0.683306914         985798.6        0.000000       -14709.75     -5.95702476933E+07  2.58214895234E+05 -2.30700276370E+02   4.18182569              400  0.15778    
       25400 -0.683279887         985797.3        0.000000       -14706.89     -5.95703223440E+07  2.58215218799E+05 -2.30700276386E+02   4.18185350              400  0.15476    
       25500 -0.683476221         985842.9        0.000000       -14707.37     -5.95719200547E+07  2.58222144471E+05 -2.30700276216E+02   4.18185939              400  0.15658    
       25600 -0.683422696         985801.1        0.000000       -14710.54     -5.95721319153E+07  2.58223062840E+05 -2.30700276188E+02   4.18191531              400  0.15470    
       25700 -0.683316364         985774.3        0.000000       -14710.28     -5.95719448163E+07  2.58222251821E+05 -2.30700276201E+02   4.18193226              400  0.15533    
       25800 -0.683394942         985847.6        0.000000       -14716.56     -5.95737137333E+07  2.58229919226E+05 -2.30700276374E+02   4.18171762              400  0.15618    
       25900 -0.683634671         985857.3        0.000000       -14717.86     -5.95766022281E+07  2.58242439890E+05 -2.30700276273E+02   4.18188542              400  0.15678    
       26000 -0.683637267         985848.0        0.000000       -14715.99     -5.95765201878E+07  2.58242084415E+05 -2.30700276149E+02   4.18196605              400  0.15475    
       26100 -0.683374068         985798.0        0.000000       -14717.51     -5.95737878284E+07  2.58230240638E+05 -2.30700276161E+02   4.18190478              400  0.15688    
       26200 -0.683310608         985805.2        0.000000       -14713.83     -5.95729306208E+07  2.58226524886E+05 -2.30700276229E+02   4.18182115              400  0.15474    
       26300 -0.683252777         985777.1        0.000000       -14711.39     -5.95735768186E+07  2.58229326057E+05 -2.30700276101E+02   4.18186751              400  0.15514    
       26400 -0.683211547         985800.2        0.000000       -14707.39     -5.95734155032E+07  2.58228626828E+05 -2.30700276088E+02   4.18186911              400  0.15466    
       26500 -0.683536162         985849.9        0.000000       -14709.63     -5.95760782288E+07  2.58240168747E+05 -2.30700276096E+02   4.18180271              400  0.15785    
       26600 -0.683579036         985843.7        0.000000       -14709.89     -5.95756686696E+07  2.58238393363E+05 -2.30700276181E+02   4.18206541              400  0.15493    
       26700 -0.683336620         985808.5        0.000000       -14705.79     -5.95712786430E+07  2.58219364176E+05 -2.30700276228E+02   4.18188047              400  0.15800    
       26800 -0.683338344         985788.9        0.000000       -14701.62     -5.95709084336E+07  2.58217759630E+05 -2.30700276073E+02   4.18190349              400  0.15460    
       26900 -0.683448246         985831.0        0.000000       -14706.71     -5.95731196687E+07  2.58227344707E+05 -2.30700275899E+02   4.18182054              400  0.15673    
       27000 -0.683419140         985810.4        0.000000       -14711.50     -5.95751533740E+07  2.58236160063E+05 -2.30700275901E+02   4.18190493              400  0.15448    
       27100 -0.683447179         985844.9        0.000000       -14714.15     -5.95762922336E+07  2.58241096472E+05 -2.30700276011E+02   4.18177468              400  0.15991    
       27200 -0.683482681         985833.6        0.000000       -14716.45     -5.95774767318E+07  2.58246230835E+05 -2.30700276008E+02   4.18188558              400  0.15561    
       27300 -0.683511461         985832.3        0.000000       -14720.13     -5.95791490378E+07  2.58253479682E+05 -2.30700275989E+02   4.18186684              400  0.15599    
       27400 -0.683401834         985819.2        0.000000       -14723.46     -5.95791384286E+07  2.58253433830E+05 -2.30700275868E+02   4.18180590              400  0.15959    
       27500 -0.683427538         985810.4        0.000000       -14723.06     -5.95799675497E+07  2.58257027850E+05 -2.30700275790E+02   4.18194259              400  0.15621    
       27600 -0.683503710         985870.7        0.000000       -14722.82     -5.95807886174E+07  2.58260586924E+05 -2.30700275745E+02   4.18181096              400  0.15730    
       27700 -0.683627505         985859.0        0.000000       -14728.19     -5.95815947656E+07  2.58264081221E+05 -2.30700275795E+02   4.18189292              400  0.16084    
       27800 -0.683733524         985910.8        0.000000       -14722.18     -5.95824553323E+07  2.58267811401E+05 -2.30700275846E+02   4.18182901              400  0.15850    
       27900 -0.683810030         985865.4        0.000000       -14722.99     -5.95828183621E+07  2.58269384958E+05 -2.30700275883E+02   4.18198581              400  0.15475    
       28000 -0.683631713         985836.3        0.000000       -14720.81     -5.95808282178E+07  2.58260758435E+05 -2.30700275872E+02   4.18208930              400  0.15631    
       28100 -0.683450987         985831.2        0.000000       -14725.14     -5.95778591898E+07  2.58247888905E+05 -2.30700275779E+02   4.18178464              400  0.15474    
       28200 -0.683390965         985821.6        0.000000       -14732.04     -5.95783774038E+07  2.58250135092E+05 -2.30700275849E+02   4.18178872              400  0.15689    
       28300 -0.683538701         985865.3        0.000000       -14728.31     -5.95811047052E+07  2.58261956792E+05 -2.30700275973E+02   4.18175498              400  0.15461    
       28400 -0.683657055         985891.3        0.000000       -14732.40     -5.95838354285E+07  2.58273793397E+05 -2.30700276031E+02   4.18174772              400  0.15580    
       28500 -0.683762436         985873.6        0.000000       -14734.56     -5.95866193253E+07  2.58285860525E+05 -2.30700276059E+02   4.18192276              400  0.15524    
       28600 -0.683627738         985856.6        0.000000       -14729.17     -5.95857928717E+07  2.58282278114E+05 -2.30700276097E+02   4.18193792              400  0.15557    
       28700 -0.683577051         985828.6        0.000000       -14723.10     -5.95833518512E+07  2.58271697046E+05 -2.30700276231E+02   4.18206235              400  0.15467    
       28800 -0.683466422         985836.4        0.000000       -14726.27     -5.95811349818E+07  2.58262087638E+05 -2.30700276323E+02   4.18187352              400  0.15661    
       28900 -0.683472887         985835.7        0.000000       -14726.44     -5.95819318541E+07  2.58265541732E+05 -2.30700276369E+02   4.18184934              400  0.15512    
       29000 -0.683639124         985892.7        0.000000       -14724.87     -5.95835170306E+07  2.58272412772E+05 -2.30700276468E+02   4.18179599              400  0.15569    
       29100 -0.683677244         985814.1        0.000000       -14725.46     -5.95842248731E+07  2.58275481242E+05 -2.30700276258E+02   4.18208410              400  0.15482    
       29200 -0.683470746         985819.0        0.000000       -14724.26     -5.95819210285E+07  2.58265495004E+05 -2.30700276193E+02   4.18195792              400  0.15766    
       29300 -0.683284147         985788.2        0.000000       -14725.10     -5.95809956049E+07  2.58261483623E+05 -2.30700276205E+02   4.18197841              400  0.15515    
       29400 -0.683343953         985823.9        0.000000       -14722.26     -5.95795683368E+07  2.58255296833E+05 -2.30700276306E+02   4.18185772              400  0.15985    
       29500 -0.683527099         985864.4        0.000000       -14722.11     -5.95809318275E+07  2.58261207015E+05 -2.30700276345E+02   4.18179292              400  0.15700    
       29600 -0.683566178         985826.0        0.000000       -14723.28     -5.95815559673E+07  2.58263912417E+05 -2.30700276356E+02   4.18192254              400  0.15618    
       29700 -0.683322381         985795.6        0.000000       -14723.78     -5.95796881952E+07  2.58255816378E+05 -2.30700276302E+02   4.18192776              400  0.15685    
       29800 -0.683323844         985844.7        0.000000       -14724.59     -5.95790188164E+07  2.58252914821E+05 -2.30700276346E+02   4.18171188              400  0.15655    
       29900 -0.683666226         985874.7        0.000000       -14728.48     -5.95830631945E+07  2.58270445696E+05 -2.30700276348E+02   4.18180456              400  0.15924    
       30000 -0.683627079         985857.1        0.000000       -14728.59     -5.95832864216E+07  2.58271413275E+05 -2.30700276372E+02   4.18187878              400  0.16028    
       30100 -0.683758511         985901.3        0.000000       -14730.13     -5.95845924005E+07  2.58277074209E+05 -2.30700276371E+02   4.18181893              400  0.15755    
       30200 -0.683828391         985914.2        0.000000       -14733.98     -5.95860233342E+07  2.58283276836E+05 -2.30700276317E+02   4.18177506              400  0.15484    
       30300 -0.683928843         985943.0        0.000000       -14729.57     -5.95871315950E+07  2.58288080634E+05 -2.30700276407E+02   4.18185772              400  0.15740    
       30400 -0.683973034         985947.2        0.000000       -14729.20     -5.95862536887E+07  2.58284275192E+05 -2.30700276447E+02   4.18183294              400  0.15486    
       30500 -0.683993245         985889.5        0.000000       -14731.98     -5.95866580331E+07  2.58286027869E+05 -2.30700276452E+02   4.18197807              400  0.15871    
       30600 -0.683657008         985837.9        0.000000       -14730.76     -5.95839826494E+07  2.58274431084E+05 -2.30700276444E+02   4.18195614              400  0.15506    
       30700 -0.683495190         985795.9        0.000000       -14731.74     -5.95827432484E+07  2.58269058828E+05 -2.30700276366E+02   4.18207924              400  0.15887    
       30800 -0.683315198         985816.9        0.000000       -14726.82     -5.95785454910E+07  2.58250862993E+05 -2.30700276470E+02   4.18192123              400  0.15492    
       30900 -0.683404406         985823.2        0.000000       -14727.38     -5.95774728416E+07  2.58246213466E+05 -2.30700276461E+02   4.18189474              400  0.15638    
       31000 -0.683354386         985819.5        0.000000       -14727.45     -5.95767634329E+07  2.58243138475E+05 -2.30700276432E+02   4.18184006              400  0.15503    
       31100 -0.683490144         985831.7        0.000000       -14731.04     -5.95781331685E+07  2.58249075925E+05 -2.30700276294E+02   4.18192191              400  0.15752    
       31200 -0.683480045         985835.3        0.000000       -14731.32     -5.95776081345E+07  2.58246800199E+05 -2.30700276203E+02   4.18183077              400  0.15527    
       31300 -0.683414375         985824.2        0.000000       -14729.18     -5.95775090598E+07  2.58246370850E+05 -2.30700276111E+02   4.18192915              400  0.15867    
       31400 -0.683388091         985845.2        0.000000       -14729.76     -5.95769452380E+07  2.58243926756E+05 -2.30700276233E+02   4.18182415              400  0.15670    
       31500 -0.683636641         985861.9        0.000000       -14726.48     -5.95796611534E+07  2.58255699343E+05 -2.30700276141E+02   4.18180170              400  0.15740    
       31600 -0.683715179         985873.3        0.000000       -14727.31     -5.95817951163E+07  2.58264949353E+05 -2.30700276075E+02   4.18192929              400  0.15784    
       31700 -0.683632637         985849.4        0.000000       -14725.05     -5.95798711810E+07  2.58256609792E+05 -2.30700276090E+02   4.18197292              400  0.15764    
       31800 -0.683497604         985845.2        0.000000       -14723.52     -5.95776444493E+07  2.58246957756E+05 -2.30700276073E+02   4.18184248              400  0.15734    
       31900 -0.683467916         985801.2        0.000000       -14719.47     -5.95765192763E+07  2.58242080537E+05 -2.30700276083E+02   4.18202876              400  0.15555    
       32000 -0.683231796         985764.5        0.000000       -14722.94     -5.95742252369E+07  2.58232136955E+05 -2.30700275881E+02   4.18199453              400  0.15713    
       32100 -0.683288547         985825.9        0.000000       -14724.93     -5.95745678186E+07  2.58233622056E+05 -2.30700275759E+02   4.18174368              400  0.15560    
       32200 -0.683545505         985862.3        0.000000       -14726.81     -5.95780044426E+07  2.58248518511E+05 -2.30700275789E+02   4.18182347              400  0.15768    
       32300 -0.683664195         985870.4        0.000000       -14726.17     -5.95788355783E+07  2.58252121053E+05 -2.30700275898E+02   4.18190093              400  0.15686    
       32400 -0.683487134         985788.0        0.000000       -14725.61     -5.95763516486E+07  2.58241354076E+05 -2.30700275956E+02   4.18203765              400  0.15685    
       32500 -0.683133256         985741.8        0.000000       -14727.16     -5.95733595362E+07  2.58228384530E+05 -2.30700275822E+02   4.18185395              400  0.15487    
       32600 -0.683046964         985764.1        0.000000       -14731.08     -5.95736400734E+07  2.58229600498E+05 -2.30700275873E+02   4.18175642              400  0.15813    
       32700 -0.682983102         985693.0        0.000000       -14729.97     -5.95733157466E+07  2.58228194475E+05 -2.30700276040E+02   4.18207401              400  0.15512    
       32800 -0.682903521         985752.3        0.000000       -14726.86     -5.95719411585E+07  2.58222236109E+05 -2.30700276073E+02   4.18179430              400  0.15961    
       32900 -0.683352777         985837.0        0.000000       -14732.08     -5.95761798010E+07  2.58240609203E+05 -2.30700275936E+02   4.18176397              400  0.15522    
       33000 -0.683563197         985836.4        0.000000       -14731.58     -5.95784501379E+07  2.58250450063E+05 -2.30700276121E+02   4.18192884              400  0.15606    
       33100 -0.683518880         985849.1        0.000000       -14736.16     -5.95784977377E+07  2.58250656455E+05 -2.30700276064E+02   4.18185036              400  0.15512    
       33200 -0.683539144         985851.8        0.000000       -14737.01     -5.95794586100E+07  2.58254821365E+05 -2.30700276166E+02   4.18189123              400  0.15593    
       33300 -0.683686222         985863.8        0.000000       -14733.72     -5.95798944014E+07  2.58256710413E+05 -2.30700276117E+02   4.18195015              400  0.15537    
       33400 -0.683459261         985814.6        0.000000       -14728.95     -5.95769869528E+07  2.58244107721E+05 -2.30700276102E+02   4.18191864              400  0.15662    
       33500 -0.683269458         985786.3        0.000000       -14722.12     -5.95756515700E+07  2.58238319086E+05 -2.30700276322E+02   4.18187313              400  0.15537    
       33600 -0.683304117         985821.9        0.000000       -14715.71     -5.95754028228E+07  2.58237240874E+05 -2.30700276308E+02   4.18187097              400  0.15566    
       33700 -0.683426643         985786.6        0.000000       -14714.17     -5.95757253822E+07  2.58238639202E+05 -2.30700276172E+02   4.18197833              400  0.15531    
       33800 -0.683370999         985830.7        0.000000       -14717.77     -5.95768975458E+07  2.58243720149E+05 -2.30700276125E+02   4.18177322              400  0.15657    
       33900 -0.683436152         985818.8        0.000000       -14719.21     -5.95784767870E+07  2.58250565576E+05 -2.30700276122E+02   4.18195332              400  0.15579    
       34000 -0.683389338         985785.4        0.000000       -14718.28     -5.95778709810E+07  2.58247939740E+05 -2.30700276025E+02   4.18195923              400  0.15534    
       34100 -0.683366225         985821.4        0.000000       -14719.36     -5.95783127559E+07  2.58249854610E+05 -2.30700276079E+02   4.18182747              400  0.15716    
       34200 -0.683547353         985832.5        0.000000       -14719.60     -5.95802863045E+07  2.58258409124E+05 -2.30700276156E+02   4.18185196              400  0.15512    
       34300 -0.683482446         985847.3        0.000000       -14721.51     -5.95808372380E+07  2.58260797199E+05 -2.30700276171E+02   4.18188646              400  0.15679    
       34400 -0.683544960         985864.6        0.000000       -14719.09     -5.95806417168E+07  2.58259949696E+05 -2.30700276164E+02   4.18187753              400  0.15591    
       34500 -0.683558436         985819.5        0.000000       -14715.86     -5.95794936320E+07  2.58254973167E+05 -2.30700276171E+02   4.18208248              400  0.15677    
       34600 -0.683366974         985800.5        0.000000       -14713.63     -5.95750984501E+07  2.58235921580E+05 -2.30700276265E+02   4.18201654              400  0.15570    
       34700 -0.683440692         985843.3        0.000000       -14711.98     -5.95740384599E+07  2.58231326947E+05 -2.30700276238E+02   4.18182215              400  0.15685    
       34800 -0.683325046         985765.4        0.000000       -14711.90     -5.95721151836E+07  2.58222990134E+05 -2.30700276349E+02   4.18201470              400  0.15606    
       34900 -0.683216694         985746.2        0.000000       -14711.42     -5.95715097215E+07  2.58220365692E+05 -2.30700276339E+02   4.18204862              400  0.15625    
       35000 -0.683189192         985805.2        0.000000       -14710.17     -5.95704092123E+07  2.58215595362E+05 -2.30700276367E+02   4.18181635              400  0.15616    
       35100 -0.683487566         985855.8        0.000000       -14705.96     -5.95726482931E+07  2.58225300970E+05 -2.30700276345E+02   4.18184458              400  0.15615    
       35200 -0.683644263         985877.3        0.000000       -14707.43     -5.95733454974E+07  2.58228323051E+05 -2.30700276382E+02   4.18188347              400  0.15730    
       35300 -0.683689176         985859.0        0.000000       -14707.65     -5.95732952342E+07  2.58228105032E+05 -2.30700276513E+02   4.18190942              400  0.15783    
       35400 -0.683615322         985859.4        0.000000       -14706.39     -5.95722037577E+07  2.58223373928E+05 -2.30700276476E+02   4.18193202              400  0.15608    
       35500 -0.683648875         985861.8        0.000000       -14704.90     -5.95726065485E+07  2.58225119847E+05 -2.30700276502E+02   4.18189345              400  0.15598    
       35600 -0.683658460         985868.2        0.000000       -14701.35     -5.95729252130E+07  2.58226501051E+05 -2.30700276581E+02   4.18194634              400  0.15580    
       35700 -0.683555076         985847.3        0.000000       -14701.26     -5.95708522252E+07  2.58217515244E+05 -2.30700276737E+02   4.18189456              400  0.15799    
       35800 -0.683516544         985837.0        0.000000       -14696.41     -5.95694748923E+07  2.58211544959E+05 -2.30700276789E+02   4.18191765              400  0.15600    
       35900 -0.683476887         985825.6        0.000000       -14699.52     -5.95685980100E+07  2.58207743954E+05 -2.30700276831E+02   4.18189526              400  0.15753    
       36000 -0.683444991         985814.8        0.000000       -14703.06     -5.95688410270E+07  2.58208797382E+05 -2.30700276795E+02   4.18195302              400  0.15597    
       36100 -0.683338300         985796.2        0.000000       -14703.15     -5.95684781181E+07  2.58207224281E+05 -2.30700276818E+02   4.18182386              400  0.15825    
       36200 -0.683454609         985857.5        0.000000       -14704.91     -5.95714928979E+07  2.58220292111E+05 -2.30700276926E+02   4.18181107              400  0.15643    
       36300 -0.683636407         985851.9        0.000000       -14705.92     -5.95726668737E+07  2.58225380952E+05 -2.30700276844E+02   4.18189998              400  0.15858    
       36400 -0.683424614         985773.8        0.000000       -14706.77     -5.95703247271E+07  2.58215228562E+05 -2.30700276892E+02   4.18197633              400  0.15710    
       36500 -0.683183393         985756.8        0.000000       -14713.88     -5.95695065970E+07  2.58211682381E+05 -2.30700276795E+02   4.18189862              400  0.15609    
       36600 -0.683212230         985799.4        0.000000       -14718.20     -5.95712886444E+07  2.58219407012E+05 -2.30700276690E+02   4.18177332              400  0.15710    
       36700 -0.683231389         985793.0        0.000000       -14720.76     -5.95718760600E+07  2.58221953119E+05 -2.30700276799E+02   4.18184121              400  0.15593    
       36800 -0.683313030         985795.4        0.000000       -14723.82     -5.95733428961E+07  2.58228311370E+05 -2.30700276743E+02   4.18188973              400  0.15620    
       36900 -0.683298778         985810.9        0.000000       -14724.88     -5.95729764240E+07  2.58226722753E+05 -2.30700276830E+02   4.18177538              400  0.15844    
       37000 -0.683356318         985801.9        0.000000       -14732.40     -5.95757079371E+07  2.58238563016E+05 -2.30700276679E+02   4.18187918              400  0.15637    
       37100 -0.683424614         985834.2        0.000000       -14733.08     -5.95779172952E+07  2.58248139786E+05 -2.30700276659E+02   4.18178177              400  0.15503    
       37200 -0.683523153         985851.3        0.000000       -14730.75     -5.95796921778E+07  2.58255833168E+05 -2.30700276726E+02   4.18179125              400  0.15511    
       37300 -0.683894840         985941.4        0.000000       -14730.93     -5.95838844467E+07  2.58274005225E+05 -2.30700276611E+02   4.18176018              400  0.15557    
       37400 -0.683968744         985900.7        0.000000       -14730.99     -5.95851883423E+07  2.58279657245E+05 -2.30700276506E+02   4.18198891              400  0.15707    
       37500 -0.683826682         985891.8        0.000000       -14729.28     -5.95839099616E+07  2.58274115915E+05 -2.30700276528E+02   4.18201428              400  0.15644    
       37600 -0.683841769         985905.4        0.000000       -14726.58     -5.95827707211E+07  2.58269177792E+05 -2.30700276473E+02   4.18177883              400  0.15847    
       37700 -0.683681178         985870.8        0.000000       -14726.75     -5.95821421840E+07  2.58266453361E+05 -2.30700276434E+02   4.18192463              400  0.15504    
       37800 -0.683455404         985805.5        0.000000       -14727.90     -5.95786955546E+07  2.58251513511E+05 -2.30700276426E+02   4.18201024              400  0.15751    
       37900 -0.683399536         985831.1        0.000000       -14725.66     -5.95773196127E+07  2.58245549373E+05 -2.30700276374E+02   4.18194947              400  0.15531    
       38000 -0.683620062         985860.0        0.000000       -14723.29     -5.95773745838E+07  2.58245787768E+05 -2.30700276271E+02   4.18184526              400  0.15860    
       38100 -0.683738808         985922.5        0.000000       -14722.55     -5.95791193354E+07  2.58253350794E+05 -2.30700276113E+02   4.18174647              400  0.15533    
       38200 -0.683895307         985893.3        0.000000       -14721.22     -5.95815063146E+07  2.58263697637E+05 -2.30700275957E+02   4.18196794              400  0.15685    
       38300 -0.683837372         985919.4        0.000000       -14725.16     -5.95812527202E+07  2.58262598296E+05 -2.30700276049E+02   4.18179619              400  0.15521    
       38400 -0.683882356         985889.4        0.000000       -14724.08     -5.95818987201E+07  2.58265398295E+05 -2.30700276202E+02   4.18200614              400  0.15528    
       38500 -0.683558574         985806.4        0.000000       -14721.24     -5.95775808376E+07  2.58246681892E+05 -2.30700276190E+02   4.18204458              400  0.15825    
       38600 -0.683330525         985787.7        0.000000       -14719.29     -5.95744776446E+07  2.58233230613E+05 -2.30700276270E+02   4.18201863              400  0.15570    
       38700 -0.683241440         985792.7        0.000000       -14720.64     -5.95740760354E+07  2.58231489773E+05 -2.30700276282E+02   4.18188212              400  0.15611    
       38800 -0.683542135         985865.4        0.000000       -14719.17     -5.95774527969E+07  2.58246126754E+05 -2.30700276305E+02   4.18185733              400  0.15587    
       38900 -0.683652643         985878.5        0.000000       -14719.14     -5.95788397193E+07  2.58252138546E+05 -2.30700276306E+02   4.18177221              400  0.15671    
       39000 -0.683752888         985869.2        0.000000       -14718.46     -5.95813092737E+07  2.58262843147E+05 -2.30700276307E+02   4.18192537              400  0.15653    
       39100 -0.683678770         985862.8        0.000000       -14716.89     -5.95800225140E+07  2.58257265558E+05 -2.30700276274E+02   4.18195418              400  0.15761    
       39200 -0.683724622         985868.4        0.000000       -14715.63     -5.95803358649E+07  2.58258623810E+05 -2.30700276281E+02   4.18184617              400  0.15692    
       39300 -0.683864664         985905.7        0.000000       -14716.86     -5.95842947224E+07  2.58275784045E+05 -2.30700276229E+02   4.18177140              400  0.15667    
       39400 -0.683846312         985911.5        0.000000       -14715.70     -5.95859005954E+07  2.58282745086E+05 -2.30700276069E+02   4.18190408              400  0.15645    
       39500 -0.683853301         985890.7        0.000000       -14719.31     -5.95852553872E+07  2.58279948223E+05 -2.30700276181E+02   4.18194177              400  0.15764    
       39600 -0.683646276         985867.3        0.000000       -14716.98     -5.95832790289E+07  2.58271381376E+05 -2.30700276242E+02   4.18186602              400  0.15629    
       39700 -0.683735235         985876.8        0.000000       -14720.82     -5.95839852613E+07  2.58274442657E+05 -2.30700276219E+02   4.18192030              400  0.16062    
       39800 -0.683602948         985830.5        0.000000       -14722.56     -5.95844275355E+07  2.58276359834E+05 -2.30700276146E+02   4.18194250              400  0.15659    
       39900 -0.683542387         985847.1        0.000000       -14725.54     -5.95849990406E+07  2.58278837078E+05 -2.30700276162E+02   4.18177559              400  0.15813    
       40000 -0.683732841         985892.0        0.000000       -14722.16     -5.95876927156E+07  2.58290513127E+05 -2.30700276190E+02   4.18193486              400  0.15641    
       40100 -0.683618984         985894.4        0.000000       -14721.64     -5.95863088496E+07  2.58284514611E+05 -2.30700276164E+02   4.18168676              400  0.15820    
       40200 -0.683743130         985856.8        0.000000       -14722.38     -5.95883255024E+07  2.58293256259E+05 -2.30700275979E+02   4.18205489              400  0.15643    
       40300 -0.683575055         985805.5        0.000000       -14723.08     -5.95853556804E+07  2.58280383325E+05 -2.30700275853E+02   4.18206834              400  0.15711    
       40400 -0.683263068         985766.7        0.000000       -14723.55     -5.95813912406E+07  2.58263198955E+05 -2.30700275849E+02   4.18200752              400  0.15633    
       40500 -0.683200025         985799.1        0.000000       -14726.62     -5.95807427144E+07  2.58260387587E+05 -2.30700276071E+02   4.18182754              400  0.16036    
       40600 -0.683550046         985892.2        0.000000       -14734.93     -5.95844894205E+07  2.58276628106E+05 -2.30700276124E+02   4.18166573              400  0.15817    
       40700 -0.683770759         985900.7        0.000000       -14738.33     -5.95868934175E+07  2.58287048713E+05 -2.30700275969E+02   4.18182868              400  0.15663    
       40800 -0.683791186         985879.0        0.000000       -14738.15     -5.95871379494E+07  2.58288108616E+05 -2.30700276016E+02   4.18194770              400  0.15816    
       40900 -0.683716167         985886.5        0.000000       -14737.40     -5.95866585052E+07  2.58286030451E+05 -2.30700275974E+02   4.18185878              400  0.15672    
       41000 -0.683800248         985858.1        0.000000       -14735.71     -5.95881262558E+07  2.58292392532E+05 -2.30700276039E+02   4.18197781              400  0.15826    
       41100 -0.683618964         985870.6        0.000000       -14735.81     -5.95864894821E+07  2.58285297683E+05 -2.30700276076E+02   4.18185787              400  0.15502    
       41200 -0.683789174         985864.1        0.000000       -14734.00     -5.95883597516E+07  2.58293404498E+05 -2.30700276174E+02   4.18196414              400  0.15731    
       41300 -0.683485045         985819.9        0.000000       -14734.52     -5.95837362416E+07  2.58273363328E+05 -2.30700276148E+02   4.18197224              400  0.15518    
       41400 -0.683342325         985799.8        0.000000       -14729.88     -5.95806690303E+07  2.58260067981E+05 -2.30700276260E+02   4.18198411              400  0.15538    
       41500 -0.683584505         985897.8        0.000000       -14725.12     -5.95813739492E+07  2.58263123343E+05 -2.30700276439E+02   4.18172254              400  0.15568    
       41600 -0.683939383         985938.9        0.000000       -14725.27     -5.95854200749E+07  2.58280661851E+05 -2.30700276389E+02   4.18180341              400  0.15592    
       41700 -0.684018315         985910.8        0.000000       -14724.52     -5.95863687638E+07  2.58284774079E+05 -2.30700276376E+02   4.18195427              400  0.15521    
       41800 -0.683819158         985867.5        0.000000       -14719.46     -5.95835951214E+07  2.58272751317E+05 -2.30700276423E+02   4.18213944              400  0.15541    
       41900 -0.683497650         985764.9        0.000000       -14721.69     -5.95784165050E+07  2.58250304076E+05 -2.30700276301E+02   4.18211282              400  0.15624    
       42000 -0.683224445         985784.8        0.000000       -14716.98     -5.95761300321E+07  2.58240393051E+05 -2.30700276313E+02   4.18192086              400  0.15899    
       42100 -0.683362757         985813.5        0.000000       -14721.35     -5.95779847304E+07  2.58248432418E+05 -2.30700276368E+02   4.18183274              400  0.15604    
       42200 -0.683315589         985784.3        0.000000       -14719.60     -5.95776508588E+07  2.58246985131E+05 -2.30700276437E+02   4.18196351              400  0.15732    
       42300 -0.683302157         985800.5        0.000000       -14721.62     -5.95772332831E+07  2.58245175145E+05 -2.30700276393E+02   4.18184939              400  0.15606    
       42400 -0.683502595         985874.3        0.000000       -14721.00     -5.95794503960E+07  2.58254785542E+05 -2.30700276360E+02   4.18177480              400  0.15728    
       42500 -0.683893452         985930.6        0.000000       -14718.89     -5.95836056287E+07  2.58272797043E+05 -2.30700276262E+02   4.18186507              400  0.15528    
       42600 -0.683907345         985891.1        0.000000       -14714.97     -5.95837842429E+07  2.58273571240E+05 -2.30700276287E+02   4.18198394              400  0.16172    
       42700 -0.683675351         985850.9        0.000000       -14709.96     -5.95809266459E+07  2.58261184460E+05 -2.30700276429E+02   4.18193052              400  0.15706    
       42800 -0.683642429         985894.1        0.000000       -14712.82     -5.95815344370E+07  2.58263818906E+05 -2.30700276521E+02   4.18176199              400  0.15523    
       42900 -0.683798798         985884.1        0.000000       -14712.02     -5.95834410515E+07  2.58272083434E+05 -2.30700276465E+02   4.18194823              400  0.15535    
       43000 -0.683515629         985812.3        0.000000       -14717.33     -5.95807691409E+07  2.58260501654E+05 -2.30700276501E+02   4.18201917              400  0.15486    
       43100 -0.683501453         985823.4        0.000000       -14713.41     -5.95788549645E+07  2.58252204369E+05 -2.30700276538E+02   4.18202100              400  0.15472    
       43200 -0.683595915         985863.6        0.000000       -14711.00     -5.95776015934E+07  2.58246771450E+05 -2.30700276556E+02   4.18181380              400  0.15595    
       43300 -0.683571488         985856.9        0.000000       -14715.58     -5.95781272216E+07  2.58249050111E+05 -2.30700276326E+02   4.18188301              400  0.15517    
       43400 -0.683657064         985869.3        0.000000       -14717.31     -5.95778850451E+07  2.58248000372E+05 -2.30700276320E+02   4.18192541              400  0.15662    
       43500 -0.683618984         985837.7        0.000000       -14719.23     -5.95779644136E+07  2.58248344448E+05 -2.30700276282E+02   4.18190394              400  0.15456    
       43600 -0.683489491         985834.4        0.000000       -14722.35     -5.95777534253E+07  2.58247430003E+05 -2.30700276183E+02   4.18185809              400  0.15616    
       43700 -0.683584055         985851.8        0.000000       -14724.94     -5.95793162627E+07  2.58254204359E+05 -2.30700276151E+02   4.18191205              400  0.15644    
       43800 -0.683494889         985811.3        0.000000       -14728.14     -5.95784953679E+07  2.58250646085E+05 -2.30700276151E+02   4.18187208              400  0.15706    
       43900 -0.683338274         985800.0        0.000000       -14726.06     -5.95773749417E+07  2.58245789524E+05 -2.30700276087E+02   4.18195601              400  0.15877    
       44000 -0.683158559         985759.7        0.000000       -14720.68     -5.95746619504E+07  2.58234029862E+05 -2.30700275956E+02   4.18202193              400  0.15620    
       44100 -0.683226875         985811.2        0.000000       -14723.33     -5.95743036952E+07  2.58232476995E+05 -2.30700275924E+02   4.18179121              400  0.15838    
       44200 -0.683581545         985874.3        0.000000       -14725.55     -5.95782447575E+07  2.58249559930E+05 -2.30700276018E+02   4.18175524              400  0.15622    
       44300 -0.683789549         985898.8        0.000000       -14727.09     -5.95819109939E+07  2.58265451720E+05 -2.30700276003E+02   4.18182663              400  0.15736    
       44400 -0.683721263         985849.1        0.000000       -14722.27     -5.95825113690E+07  2.58268054207E+05 -2.30700275929E+02   4.18206005              400  0.15634    
       44500 -0.683519200         985816.6        0.000000       -14719.11     -5.95785879502E+07  2.58251047463E+05 -2.30700276090E+02   4.18210151              400  0.15656    
       44600 -0.683291906         985805.1        0.000000       -14723.61     -5.95752451001E+07  2.58236557441E+05 -2.30700276097E+02   4.18179873              400  0.15646    
       44700 -0.683435838         985811.7        0.000000       -14724.48     -5.95770103243E+07  2.58244209008E+05 -2.30700276119E+02   4.18187187              400  0.15626    
       44800 -0.683359781         985801.4        0.000000       -14729.01     -5.95774839924E+07  2.58246261989E+05 -2.30700276293E+02   4.18180789              400  0.15615    
       44900 -0.683451478         985852.4        0.000000       -14730.62     -5.95798653328E+07  2.58256584287E+05 -2.30700276229E+02   4.18178452              400  0.16289    
       45000 -0.683622619         985857.6        0.000000       -14725.68     -5.95817997748E+07  2.58264969452E+05 -2.30700276159E+02   4.18197864              400  0.15823    
       45100 -0.683708620         985909.1        0.000000       -14725.16     -5.95817365782E+07  2.58264695468E+05 -2.30700276204E+02   4.18181519              400  0.15646    
       45200 -0.683735738         985854.5        0.000000       -14723.98     -5.95806616922E+07  2.58260036172E+05 -2.30700276262E+02   4.18198154              400  0.15841    
       45300 -0.683441785         985805.5        0.000000       -14725.14     -5.95768503370E+07  2.58243515436E+05 -2.30700276196E+02   4.18201719              400  0.15648    
       45400 -0.683385263         985837.2        0.000000       -14721.55     -5.95754154016E+07  2.58237295503E+05 -2.30700276215E+02   4.18189956              400  0.15662    
       45500 -0.683618220         985893.3        0.000000       -14728.82     -5.95778678400E+07  2.58247925976E+05 -2.30700276158E+02   4.18173756              400  0.15829    
       45600 -0.683582178         985827.2        0.000000       -14730.48     -5.95780177975E+07  2.58248576119E+05 -2.30700276040E+02   4.18200781              400  0.15603    
       45700 -0.683597514         985843.4        0.000000       -14734.90     -5.95790937303E+07  2.58253239980E+05 -2.30700275958E+02   4.18185146              400  0.15623    
       45800 -0.683555551         985851.2        0.000000       -14739.37     -5.95806723085E+07  2.58260082588E+05 -2.30700275906E+02   4.18188325              400  0.15640    
       45900 -0.683565803         985834.1        0.000000       -14735.26     -5.95801099603E+07  2.58257644939E+05 -2.30700275976E+02   4.18195630              400  0.15740    
       46000 -0.683486740         985839.5        0.000000       -14739.95     -5.95786245781E+07  2.58251206267E+05 -2.30700276058E+02   4.18182578              400  0.15786    
       46100 -0.683610788         985865.7        0.000000       -14734.40     -5.95807578311E+07  2.58260453256E+05 -2.30700275943E+02   4.18194034              400  0.15626    
       46200 -0.683465514         985820.0        0.000000       -14734.09     -5.95786242517E+07  2.58251204897E+05 -2.30700276018E+02   4.18198099              400  0.15769    
       46300 -0.683403889         985807.4        0.000000       -14736.60     -5.95778897569E+07  2.58248021051E+05 -2.30700276092E+02   4.18189644              400  0.15621    
       46400 -0.683377508         985825.5        0.000000       -14741.11     -5.95786455428E+07  2.58251297164E+05 -2.30700276038E+02   4.18184922              400  0.15669    
       46500 -0.683668297         985914.2        0.000000       -14741.12     -5.95814311284E+07  2.58263371722E+05 -2.30700275967E+02   4.18174577              400  0.15647    
       46600 -0.683941297         985924.0        0.000000       -14735.04     -5.95836913803E+07  2.58273169212E+05 -2.30700275844E+02   4.18193193              400  0.16231    
       46700 -0.683868634         985870.1        0.000000       -14737.42     -5.95828106815E+07  2.58269351741E+05 -2.30700275816E+02   4.18192683              400  0.15510    
       46800 -0.683635962         985862.6        0.000000       -14733.01     -5.95807843412E+07  2.58260568312E+05 -2.30700275813E+02   4.18194271              400  0.15732    
       46900 -0.683568128         985837.8        0.000000       -14732.00     -5.95788133008E+07  2.58252024687E+05 -2.30700275721E+02   4.18194043              400  0.15519    
       47000 -0.683515689         985849.6        0.000000       -14730.12     -5.95779786104E+07  2.58248406420E+05 -2.30700275895E+02   4.18179765              400  0.15742    
       47100 -0.683636057         985895.1        0.000000       -14735.23     -5.95802818249E+07  2.58258389927E+05 -2.30700275959E+02   4.18176103              400  0.15543    
       47200 -0.683681115         985840.4        0.000000       -14733.78     -5.95811228126E+07  2.58262035155E+05 -2.30700276085E+02   4.18199513              400  0.15556    
       47300 -0.683294424         985788.0        0.000000       -14732.35     -5.95773863870E+07  2.58245839129E+05 -2.30700276094E+02   4.18190761              400  0.15541    
       47400 -0.683301051         985782.5        0.000000       -14732.38     -5.95783912286E+07  2.58250194867E+05 -2.30700275983E+02   4.18194151              400  0.15508    
       47500 -0.683298567         985828.4        0.000000       -14731.22     -5.95778351502E+07  2.58247784413E+05 -2.30700276038E+02   4.18177114              400  0.15528    
       47600 -0.683446201         985828.5        0.000000       -14729.25     -5.95793824345E+07  2.58254491337E+05 -2.30700276019E+02   4.18184479              400  0.15501    
       47700 -0.683480797         985822.7        0.000000       -14726.09     -5.95794055136E+07  2.58254591373E+05 -2.30700276022E+02   4.18192464              400  0.15484    
       47800 -0.683562882         985854.0        0.000000       -14725.02     -5.95805288917E+07  2.58259460613E+05 -2.30700276189E+02   4.18180959              400  0.15621    
       47900 -0.683657624         985873.6        0.000000       -14728.72     -5.95824674252E+07  2.58267863251E+05 -2.30700276354E+02   4.18185695              400  0.15628    
       48000 -0.683633605         985850.0        0.000000       -14728.85     -5.95815508628E+07  2.58263890244E+05 -2.30700276397E+02   4.18194916              400  0.15494    
       48100 -0.683647323         985865.5        0.000000       -14727.29     -5.95810144228E+07  2.58261564892E+05 -2.30700276473E+02   4.18185832              400  0.15678    
       48200 -0.683520249         985811.6        0.000000       -14728.62     -5.95799904839E+07  2.58257126389E+05 -2.30700276569E+02   4.18195636              400  0.15490    
       48300 -0.683388797         985830.0        0.000000       -14733.51     -5.95800214869E+07  2.58257260966E+05 -2.30700276399E+02   4.18181847              400  0.15509    
       48400 -0.683446086         985806.4        0.000000       -14733.52     -5.95812486111E+07  2.58262580133E+05 -2.30700276364E+02   4.18192134              400  0.15868    
       48500 -0.683374935         985807.4        0.000000       -14735.23     -5.95819471982E+07  2.58265608344E+05 -2.30700276278E+02   4.18192308              400  0.15827    
       48600 -0.683278218         985796.2        0.000000       -14733.77     -5.95809393204E+07  2.58261239541E+05 -2.30700276303E+02   4.18192434              400  0.15630    
       48700 -0.683504442         985873.5        0.000000       -14733.83     -5.95830941151E+07  2.58270579736E+05 -2.30700276338E+02   4.18171005              400  0.15671    
       48800 -0.683798289         985906.4        0.000000       -14734.52     -5.95872661602E+07  2.58288664110E+05 -2.30700276241E+02   4.18174314              400  0.15656    
       48900 -0.684024568         985942.0        0.000000       -14733.74     -5.95921076600E+07  2.58309650348E+05 -2.30700276121E+02   4.18181920              400  0.16223    
       49000 -0.683916846         985870.8        0.000000       -14737.03     -5.95914882482E+07  2.58306965643E+05 -2.30700275928E+02   4.18208837              400  0.15655    
       49100 -0.683519911         985842.3        0.000000       -14733.12     -5.95865610396E+07  2.58285608221E+05 -2.30700275753E+02   4.18189330              400  0.15617    
       49200 -0.683574773         985833.8        0.000000       -14735.29     -5.95871947770E+07  2.58288355217E+05 -2.30700275771E+02   4.18186683              400  0.15617    
       49300 -0.683441986         985839.5        0.000000       -14738.58     -5.95878519141E+07  2.58291203674E+05 -2.30700275761E+02   4.18179470              400  0.15633    
       49400 -0.683700810         985890.3        0.000000       -14735.20     -5.95900448471E+07  2.58300709073E+05 -2.30700275896E+02   4.18188512              400  0.15805    
       49500 -0.683681159         985875.0        0.000000       -14732.10     -5.95879455060E+07  2.58291609131E+05 -2.30700275965E+02   4.18196167              400  0.15521    
       49600 -0.683642577         985859.2        0.000000       -14736.53     -5.95865359597E+07  2.58285499352E+05 -2.30700275893E+02   4.18189360              400  0.15507    
       49700 -0.683447809         985794.5        0.000000       -14735.69     -5.95840476598E+07  2.58274713449E+05 -2.30700275935E+02   4.18201540              400  0.15662    
       49800 -0.683532994         985862.3        0.000000       -14732.96     -5.95852406210E+07  2.58279884515E+05 -2.30700275916E+02   4.18176635              400  0.15709    
       49900 -0.683583011         985845.8        0.000000       -14733.60     -5.95857639172E+07  2.58282152984E+05 -2.30700275760E+02   4.18190847              400  0.15481    
       50000 -0.683615726         985860.1        0.000000       -14736.32     -5.95866892187E+07  2.58286163842E+05 -2.30700275742E+02   4.18192207              400  0.15639    
       50100 -0.683640525         985844.4        0.000000       -14731.82     -5.95878225768E+07  2.58291076501E+05 -2.30700275766E+02   4.18196954              400  0.15529    
       50200 -0.683556892         985857.4        0.000000       -14735.97     -5.95866445975E+07  2.58285970149E+05 -2.30700275989E+02   4.18182275              400  0.15502    
       50300 -0.683606396         985851.9        0.000000       -14737.39     -5.95868000683E+07  2.58286643996E+05 -2.30700276044E+02   4.18189386              400  0.15504    
       50400 -0.683528374         985831.3        0.000000       -14736.90     -5.95859633633E+07  2.58283017331E+05 -2.30700275919E+02   4.18191062              400  0.15713    
       50500 -0.683469960         985844.2        0.000000       -14744.06     -5.95863037450E+07  2.58284492852E+05 -2.30700275835E+02   4.18179254              400  0.15514    
       50600 -0.683506929         985842.5        0.000000       -14742.15     -5.95867196707E+07  2.58286295788E+05 -2.30700275789E+02   4.18190729              400  0.15775    
       50700 -0.683441710         985832.2        0.000000       -14738.86     -5.95851608533E+07  2.58279538831E+05 -2.30700275844E+02   4.18187720              400  0.15837    
       50800 -0.683469476         985826.3        0.000000       -14744.68     -5.95834628735E+07  2.58272178547E+05 -2.30700275999E+02   4.18194400              400  0.15955    
       50900 -0.683601723         985870.3        0.000000       -14744.02     -5.95844036787E+07  2.58276256536E+05 -2.30700276045E+02   4.18179766              400  0.15643    
       51000 -0.683607930         985872.7        0.000000       -14741.86     -5.95844370006E+07  2.58276400931E+05 -2.30700276083E+02   4.18190308              400  0.15797    
       51100 -0.683715648         985887.0        0.000000       -14737.71     -5.95833938311E+07  2.58271879190E+05 -2.30700276074E+02   4.18186252              400  0.15500    
       51200 -0.683753594         985847.1        0.000000       -14734.17     -5.95838186023E+07  2.58273720474E+05 -2.30700276021E+02   4.18199340              400  0.16046    
       51300 -0.683561491         985818.5        0.000000       -14737.03     -5.95827906103E+07  2.58269264539E+05 -2.30700275996E+02   4.18193003              400  0.15502    
       51400 -0.683447422         985823.1        0.000000       -14738.42     -5.95815531529E+07  2.58263900496E+05 -2.30700276107E+02   4.18201249              400  0.16062    
       51500 -0.683348758         985789.8        0.000000       -14736.89     -5.95782070013E+07  2.58249396100E+05 -2.30700276171E+02   4.18205761              400  0.15628    
       51600 -0.683320354         985810.2        0.000000       -14737.38     -5.95772350956E+07  2.58245183206E+05 -2.30700276211E+02   4.18185639              400  0.15953    
       51700 -0.683436040         985855.9        0.000000       -14739.18     -5.95790257625E+07  2.58252945127E+05 -2.30700276170E+02   4.18178328              400  0.16001    
       51800 -0.683691920         985895.2        0.000000       -14744.47     -5.95816794832E+07  2.58264447950E+05 -2.30700276233E+02   4.18173982              400  0.15614    
       51900 -0.683704446         985862.0        0.000000       -14736.77     -5.95827416112E+07  2.58269051822E+05 -2.30700276285E+02   4.18204891              400  0.15779    
       52000 -0.683602373         985833.9        0.000000       -14736.88     -5.95797430796E+07  2.58256054230E+05 -2.30700276349E+02   4.18202619              400  0.15618    
       52100 -0.683508423         985821.2        0.000000       -14732.11     -5.95779363190E+07  2.58248222520E+05 -2.30700276415E+02   4.18194681              400  0.15617    
       52200 -0.683364715         985801.0        0.000000       -14732.03     -5.95768226125E+07  2.58243394930E+05 -2.30700276491E+02   4.18190877              400  0.15630    
       52300 -0.683487356         985871.3        0.000000       -14732.42     -5.95789830516E+07  2.58252759701E+05 -2.30700276429E+02   4.18177317              400  0.15707    
       52400 -0.683665814         985853.7        0.000000       -14738.22     -5.95812805393E+07  2.58262718453E+05 -2.30700276433E+02   4.18194648              400  0.15604    
       52500 -0.683587186         985858.8        0.000000       -14736.40     -5.95805736023E+07  2.58259654073E+05 -2.30700276496E+02   4.18185232              400  0.15621    
       52600 -0.683748875         985909.3        0.000000       -14733.34     -5.95822689302E+07  2.58267002739E+05 -2.30700276451E+02   4.18176881              400  0.15465    
       52700 -0.683694238         985837.2        0.000000       -14729.96     -5.95806864529E+07  2.58260143295E+05 -2.30700276445E+02   4.18211673              400  0.15697    
       52800 -0.683472671         985834.1        0.000000       -14731.19     -5.95776006407E+07  2.58246767352E+05 -2.30700276528E+02   4.18185450              400  0.15477    
       52900 -0.683388101         985815.0        0.000000       -14728.39     -5.95774355308E+07  2.58246051810E+05 -2.30700276396E+02   4.18186663              400  0.15804    
       53000 -0.683624177         985877.3        0.000000       -14726.33     -5.95799246674E+07  2.58256841418E+05 -2.30700276284E+02   4.18180509              400  0.15461    
       53100 -0.683734748         985906.9        0.000000       -14723.17     -5.95811100167E+07  2.58261979317E+05 -2.30700276418E+02   4.18184859              400  0.15740    
       53200 -0.683716660         985844.7        0.000000       -14724.83     -5.95805270474E+07  2.58259452349E+05 -2.30700276430E+02   4.18192406              400  0.15469    
       53300 -0.683492774         985817.0        0.000000       -14718.91     -5.95795425410E+07  2.58255184928E+05 -2.30700276386E+02   4.18196698              400  0.15577    
       53400 -0.683462434         985834.0        0.000000       -14714.71     -5.95782295059E+07  2.58249493350E+05 -2.30700276438E+02   4.18188699              400  0.15483    
       53500 -0.683329982         985792.4        0.000000       -14715.11     -5.95770771044E+07  2.58244498231E+05 -2.30700276337E+02   4.18191861              400  0.15863    
       53600 -0.683270778         985807.5        0.000000       -14716.49     -5.95771720249E+07  2.58244909795E+05 -2.30700276231E+02   4.18171554              400  0.15515    
       53700 -0.683394958         985800.3        0.000000       -14715.48     -5.95801495910E+07  2.58257816559E+05 -2.30700276122E+02   4.18186137              400  0.15680    
       53800 -0.683321337         985830.7        0.000000       -14711.29     -5.95805680546E+07  2.58259630394E+05 -2.30700276166E+02   4.18187557              400  0.15511    
       53900 -0.683664130         985870.9        0.000000       -14720.38     -5.95832474235E+07  2.58271244405E+05 -2.30700276218E+02   4.18183316              400  0.15524    
       54000 -0.683575607         985821.2        0.000000       -14719.51     -5.95835939783E+07  2.58272746727E+05 -2.30700276097E+02   4.18199320              400  0.15697    
       54100 -0.683544984         985865.0        0.000000       -14722.32     -5.95838295737E+07  2.58273767967E+05 -2.30700276078E+02   4.18180637              400  0.15541    
       54200 -0.683683520         985882.1        0.000000       -14721.32     -5.95853546247E+07  2.58280378519E+05 -2.30700276058E+02   4.18191036              400  0.15695    
       54300 -0.683664751         985863.7        0.000000       -14719.32     -5.95838098216E+07  2.58273682338E+05 -2.30700276088E+02   4.18200747              400  0.15502    
       54400 -0.683703641         985912.3        0.000000       -14717.25     -5.95832936862E+07  2.58271445020E+05 -2.30700276144E+02   4.18178060              400  0.15716    
       54500 -0.683807158         985864.4        0.000000       -14716.33     -5.95837911145E+07  2.58273600979E+05 -2.30700276329E+02   4.18193808              400  0.15513    
       54600 -0.683704442         985888.6        0.000000       -14714.99     -5.95835161593E+07  2.58272409101E+05 -2.30700276374E+02   4.18181148              400  0.15719    
       54700 -0.683850081         985920.8        0.000000       -14715.19     -5.95852093749E+07  2.58279748686E+05 -2.30700276263E+02   4.18184821              400  0.15557    
       54800 -0.683783942         985894.5        0.000000       -14718.77     -5.95849758206E+07  2.58278736294E+05 -2.30700276281E+02   4.18185395              400  0.15722    
       54900 -0.683748282         985880.0        0.000000       -14719.45     -5.95848091851E+07  2.58278013963E+05 -2.30700276306E+02   4.18181544              400  0.15648    
       55000 -0.683610815         985819.5        0.000000       -14717.11     -5.95838337278E+07  2.58273785683E+05 -2.30700276337E+02   4.18207265              400  0.15711    
       55100 -0.683335939         985790.4        0.000000       -14715.52     -5.95807106214E+07  2.58260248047E+05 -2.30700276454E+02   4.18200033              400  0.15555    
       55200 -0.683396213         985844.1        0.000000       -14713.62     -5.95796608907E+07  2.58255697964E+05 -2.30700276355E+02   4.18179956              400  0.15556    
       55300 -0.683559706         985869.8        0.000000       -14715.34     -5.95809416527E+07  2.58261249539E+05 -2.30700276403E+02   4.18179632              400  0.15525    
       55400 -0.683761605         985838.0        0.000000       -14718.55     -5.95836414196E+07  2.58272951999E+05 -2.30700276426E+02   4.18204748              400  0.15560    
       55500 -0.683556971         985829.0        0.000000       -14718.38     -5.95814205514E+07  2.58263325238E+05 -2.30700276536E+02   4.18191749              400  0.15477    
       55600 -0.683567784         985860.2        0.000000       -14719.92     -5.95819946524E+07  2.58265813900E+05 -2.30700276404E+02   4.18186367              400  0.15906    
       55700 -0.683540085         985824.2        0.000000       -14722.26     -5.95817989214E+07  2.58264965436E+05 -2.30700276442E+02   4.18195510              400  0.15475    
       55800 -0.683245677         985792.1        0.000000       -14722.31     -5.95774453722E+07  2.58246094441E+05 -2.30700276421E+02   4.18190658              400  0.15781    
       55900 -0.683459290         985855.2        0.000000       -14723.52     -5.95797206815E+07  2.58255957112E+05 -2.30700276376E+02   4.18168765              400  0.15617    
       56000 -0.683642440         985861.0        0.000000       -14724.33     -5.95834455568E+07  2.58272103085E+05 -2.30700276356E+02   4.18196985              400  0.15798    
       56100 -0.683546635         985819.4        0.000000       -14721.59     -5.95800399568E+07  2.58257340984E+05 -2.30700276437E+02   4.18204331              400  0.15628    
       56200 -0.683340281         985796.3        0.000000       -14721.72     -5.95777897669E+07  2.58247587272E+05 -2.30700276414E+02   4.18187385              400  0.15780    
       56300 -0.683304822         985788.0        0.000000       -14720.73     -5.95774740113E+07  2.58246218601E+05 -2.30700276403E+02   4.18196590              400  0.15677    
       56400 -0.683342501         985827.6        0.000000       -14721.81     -5.95763572673E+07  2.58241377954E+05 -2.30700276382E+02   4.18179892              400  0.15631    
       56500 -0.683418453         985842.5        0.000000       -14721.68     -5.95775767316E+07  2.58246663985E+05 -2.30700276287E+02   4.18179170              400  0.15507    
       56600 -0.683684776         985899.3        0.000000       -14721.41     -5.95819602463E+07  2.58265664918E+05 -2.30700276265E+02   4.18175352              400  0.15511    
       56700 -0.683867575         985915.9        0.000000       -14723.31     -5.95859846754E+07  2.58283109304E+05 -2.30700276282E+02   4.18179844              400  0.15747    
       56800 -0.683748476         985825.8        0.000000       -14720.13     -5.95862201514E+07  2.58284130067E+05 -2.30700276227E+02   4.18209287              400  0.15533    
       56900 -0.683526660         985820.4        0.000000       -14721.67     -5.95843247643E+07  2.58275914263E+05 -2.30700276231E+02   4.18182916              400  0.15553    
       57000 -0.683442713         985841.5        0.000000       -14724.45     -5.95856488423E+07  2.58281653685E+05 -2.30700276199E+02   4.18181948              400  0.15935    
       57100 -0.683580601         985840.1        0.000000       -14723.69     -5.95879043588E+07  2.58291430490E+05 -2.30700276218E+02   4.18189862              400  0.15670    
       57200 -0.683353152         985814.9        0.000000       -14724.04     -5.95856681570E+07  2.58281737514E+05 -2.30700276104E+02   4.18189068              400  0.15643    
       57300 -0.683500168         985880.9        0.000000       -14723.91     -5.95865523205E+07  2.58285570085E+05 -2.30700276058E+02   4.18174538              400  0.15720    
       57400 -0.683677491         985887.6        0.000000       -14724.93     -5.95889592036E+07  2.58296003093E+05 -2.30700276001E+02   4.18178469              400  0.15490    
       57500 -0.683908252         985943.3        0.000000       -14726.04     -5.95927013061E+07  2.58312223679E+05 -2.30700276035E+02   4.18180655              400  0.15527    
       57600 -0.684037222         985915.1        0.000000       -14726.36     -5.95944130799E+07  2.58319643538E+05 -2.30700276075E+02   4.18194845              400  0.15540    
       57700 -0.683832921         985886.3        0.000000       -14724.54     -5.95933134470E+07  2.58314877009E+05 -2.30700276101E+02   4.18197415              400  0.15693    
       57800 -0.683604897         985858.7        0.000000       -14722.20     -5.95892435432E+07  2.58297235483E+05 -2.30700276106E+02   4.18198594              400  0.15537    
       57900 -0.683661549         985873.3        0.000000       -14725.91     -5.95884184012E+07  2.58293658809E+05 -2.30700276097E+02   4.18183591              400  0.15865    
       58000 -0.683706967         985873.4        0.000000       -14725.64     -5.95900480484E+07  2.58300722666E+05 -2.30700276148E+02   4.18191033              400  0.15602    
       58100 -0.683559248         985814.9        0.000000       -14723.35     -5.95874342503E+07  2.58289392757E+05 -2.30700276207E+02   4.18210857              400  0.15709    
       58200 -0.683239209         985752.5        0.000000       -14719.17     -5.95817732332E+07  2.58264854330E+05 -2.30700276225E+02   4.18206383              400  0.15566    
       58300 -0.683269273         985835.0        0.000000       -14726.54     -5.95810604947E+07  2.58261764772E+05 -2.30700276315E+02   4.18175335              400  0.15702    
       58400 -0.683929359         985973.6        0.000000       -14728.61     -5.95872484785E+07  2.58288587306E+05 -2.30700276384E+02   4.18165326              400  0.15497    
       58500 -0.684120190         985942.9        0.000000       -14725.83     -5.95894275492E+07  2.58298032836E+05 -2.30700276325E+02   4.18201706              400  0.15564    
       58600 -0.683825242         985822.7        0.000000       -14718.64     -5.95847313231E+07  2.58277676557E+05 -2.30700276220E+02   4.18221017              400  0.15486    
       58700 -0.683393942         985807.6        0.000000       -14720.65     -5.95794503935E+07  2.58254785645E+05 -2.30700276259E+02   4.18197839              400  0.15811    
       58800 -0.683447904         985829.1        0.000000       -14725.70     -5.95793249864E+07  2.58254242088E+05 -2.30700276226E+02   4.18177691              400  0.15673    
       58900 -0.683628046         985891.5        0.000000       -14726.13     -5.95826831912E+07  2.58268798693E+05 -2.30700276196E+02   4.18179717              400  0.15483    
       59000 -0.683782156         985897.3        0.000000       -14732.19     -5.95843951586E+07  2.58276219512E+05 -2.30700276128E+02   4.18189418              400  0.15694    
       59100 -0.683830916         985911.7        0.000000       -14734.40     -5.95840759841E+07  2.58274835860E+05 -2.30700276261E+02   4.18185642              400  0.15468    
       59200 -0.683894778         985894.1        0.000000       -14733.52     -5.95859335126E+07  2.58282887542E+05 -2.30700276274E+02   4.18195327              400  0.15720    
       59300 -0.683740202         985849.4        0.000000       -14729.46     -5.95840412984E+07  2.58274685349E+05 -2.30700276405E+02   4.18194988              400  0.15706    
       59400 -0.683530887         985836.8        0.000000       -14729.28     -5.95829298346E+07  2.58269867332E+05 -2.30700276614E+02   4.18195691              400  0.15827    
       59500 -0.683502102         985819.2        0.000000       -14724.30     -5.95813857576E+07  2.58263174360E+05 -2.30700276589E+02   4.18194302              400  0.15495    
       59600 -0.683479965         985847.2        0.000000       -14727.60     -5.95825180559E+07  2.58268082539E+05 -2.30700276512E+02   4.18184040              400  0.15670    
       59700 -0.683661350         985896.9        0.000000       -14728.67     -5.95848319420E+07  2.58278112543E+05 -2.30700276363E+02   4.18179011              400  0.15508    
       59800 -0.683676482         985877.1        0.000000       -14728.29     -5.95837387051E+07  2.58273373586E+05 -2.30700276524E+02   4.18186164              400  0.15504    
       59900 -0.683545552         985793.8        0.000000       -14723.72     -5.95810038676E+07  2.58261518979E+05 -2.30700276616E+02   4.18213006              400  0.15631    
       60000 -0.683310415         985793.8        0.000000       -14718.82     -5.95769168168E+07  2.58243803161E+05 -2.30700276589E+02   4.18197994              400  0.15728    
       60100 -0.683461170         985845.2        0.000000       -14718.15     -5.95771131152E+07  2.58244654120E+05 -2.30700276520E+02   4.18184832              400  0.15707    
       60200 -0.683549638         985848.3        0.000000       -14719.69     -5.95782140183E+07  2.58249426182E+05 -2.30700276469E+02   4.18183883              400  0.15534    
       60300 -0.683525795         985845.6        0.000000       -14719.13     -5.95788245319E+07  2.58252072641E+05 -2.30700276372E+02   4.18186859              400  0.15495    
       60400 -0.683548278         985824.3        0.000000       -14717.82     -5.95782353024E+07  2.58249518690E+05 -2.30700276247E+02   4.18197898              400  0.16017    
       60500 -0.683462551         985874.1        0.000000       -14720.66     -5.95768864765E+07  2.58243671990E+05 -2.30700276284E+02   4.18169777              400  0.15487    
       60600 -0.683738572         985895.1        0.000000       -14719.41     -5.95790587116E+07  2.58253087887E+05 -2.30700276225E+02   4.18187658              400  0.15819    
       60700 -0.683631768         985843.7        0.000000       -14720.44     -5.95766662452E+07  2.58242717552E+05 -2.30700276120E+02   4.18197497              400  0.15502    
       60800 -0.683440267         985806.7        0.000000       -14718.56     -5.95731861144E+07  2.58227632466E+05 -2.30700276131E+02   4.18199246              400  0.15576    
       60900 -0.683258115         985771.9        0.000000       -14714.49     -5.95708433348E+07  2.58217477226E+05 -2.30700276274E+02   4.18199103              400  0.15484    
       61000 -0.683350050         985852.3        0.000000       -14713.15     -5.95710922871E+07  2.58218556178E+05 -2.30700276420E+02   4.18166703              400  0.15697    
       61100 -0.683604556         985856.3        0.000000       -14712.96     -5.95741481176E+07  2.58231802005E+05 -2.30700276477E+02   4.18192166              400  0.15458    
       61200 -0.683524839         985813.4        0.000000       -14704.79     -5.95716143447E+07  2.58220818903E+05 -2.30700276600E+02   4.18205011              400  0.15489    
       61300 -0.683268484         985788.3        0.000000       -14703.88     -5.95691885078E+07  2.58210303933E+05 -2.30700276482E+02   4.18185255              400  0.15607    
       61400 -0.683342035         985773.2        0.000000       -14701.44     -5.95701523377E+07  2.58214481768E+05 -2.30700276491E+02   4.18202221              400  0.15478    
       61500 -0.683093999         985730.0        0.000000       -14698.68     -5.95672794837E+07  2.58202029048E+05 -2.30700276459E+02   4.18189412              400  0.15678    
       61600 -0.683142065         985787.0        0.000000       -14697.89     -5.95695761103E+07  2.58211984176E+05 -2.30700276365E+02   4.18187587              400  0.15557    
       61700 -0.683540464         985883.7        0.000000       -14697.66     -5.95728033202E+07  2.58225972880E+05 -2.30700276412E+02   4.18162814              400  0.15603    
       61800 -0.683741286         985891.0        0.000000       -14701.19     -5.95765735578E+07  2.58242315504E+05 -2.30700276373E+02   4.18181437              400  0.15479    
       61900 -0.683610231         985820.1        0.000000       -14695.99     -5.95749397024E+07  2.58235233318E+05 -2.30700276399E+02   4.18204691              400  0.15473    
       62000 -0.683388120         985795.6        0.000000       -14698.25     -5.95711341152E+07  2.58218737469E+05 -2.30700276436E+02   4.18198305              400  0.15473    
       62100 -0.683231257         985797.5        0.000000       -14697.15     -5.95694254717E+07  2.58211331116E+05 -2.30700276453E+02   4.18180741              400  0.15673    
       62200 -0.683290449         985793.7        0.000000       -14698.20     -5.95715009299E+07  2.58220327380E+05 -2.30700276521E+02   4.18185523              400  0.15728    
       62300 -0.683352020         985811.5        0.000000       -14704.18     -5.95725978483E+07  2.58225081933E+05 -2.30700276683E+02   4.18185869              400  0.15510    
       62400 -0.683513172         985832.4        0.000000       -14705.50     -5.95744548539E+07  2.58233131245E+05 -2.30700276787E+02   4.18196587              400  0.15483    
       62500 -0.683543558         985834.4        0.000000       -14710.60     -5.95740524735E+07  2.58231387250E+05 -2.30700276631E+02   4.18189676              400  0.15472    
       62600 -0.683578225         985844.1        0.000000       -14713.60     -5.95755196844E+07  2.58237747194E+05 -2.30700276515E+02   4.18183306              400  0.15470    
       62700 -0.683477558         985856.7        0.000000       -14711.93     -5.95752099343E+07  2.58236404581E+05 -2.30700276481E+02   4.18180386              400  0.15711    
       62800 -0.683695529         985873.5        0.000000       -14712.67     -5.95769157375E+07  2.58243798447E+05 -2.30700276621E+02   4.18199955              400  0.15500    
       62900 -0.683766158         985885.9        0.000000       -14712.76     -5.95763166278E+07  2.58241201339E+05 -2.30700276791E+02   4.18192920              400  0.15761    
       63000 -0.683707943         985875.7        0.000000       -14710.39     -5.95748258855E+07  2.58234739637E+05 -2.30700276691E+02   4.18198883              400  0.15470    
       63100 -0.683589606         985827.8        0.000000       -14710.30     -5.95732513131E+07  2.58227914504E+05 -2.30700276644E+02   4.18201673              400  0.15746    
       63200 -0.683494858         985847.1        0.000000       -14714.11     -5.95725463798E+07  2.58224858851E+05 -2.30700276669E+02   4.18179253              400  0.15469    
       63300 -0.683538162         985820.5        0.000000       -14715.98     -5.95738678291E+07  2.58230586872E+05 -2.30700276643E+02   4.18190863              400  0.15601    
       63400 -0.683414610         985819.5        0.000000       -14713.65     -5.95731620066E+07  2.58227527503E+05 -2.30700276545E+02   4.18186728              400  0.15482    
       63500 -0.683413543         985822.3        0.000000       -14714.84     -5.95746271472E+07  2.58233878536E+05 -2.30700276373E+02   4.18181120              400  0.15723    
       63600 -0.683488328         985847.6        0.000000       -14717.72     -5.95763751291E+07  2.58241455465E+05 -2.30700276305E+02   4.18181357              400  0.15486    
       63700 -0.683409826         985787.9        0.000000       -14716.02     -5.95748247592E+07  2.58234735275E+05 -2.30700276227E+02   4.18208997              400  0.15511    
       63800 -0.683283288         985777.7        0.000000       -14715.92     -5.95716505229E+07  2.58220976102E+05 -2.30700276260E+02   4.18199162              400  0.15706    
       63900 -0.683474596         985884.0        0.000000       -14717.41     -5.95734290634E+07  2.58228685328E+05 -2.30700276337E+02   4.18163766              400  0.15580    
       64000 -0.683770183         985896.2        0.000000       -14716.47     -5.95765768128E+07  2.58242329702E+05 -2.30700276293E+02   4.18186464              400  0.15509    
       64100 -0.683621549         985827.3        0.000000       -14710.38     -5.95745404242E+07  2.58233502857E+05 -2.30700276165E+02   4.18197739              400  0.15487    
       64200 -0.683582786         985870.0        0.000000       -14709.90     -5.95752043959E+07  2.58236380820E+05 -2.30700276261E+02   4.18178823              400  0.15512    
       64300 -0.683808967         985888.7        0.000000       -14711.09     -5.95783541387E+07  2.58250033833E+05 -2.30700276219E+02   4.18179876              400  0.15589    
       64400 -0.683637287         985850.2        0.000000       -14710.48     -5.95780429590E+07  2.58248684920E+05 -2.30700276277E+02   4.18200588              400  0.15610    
       64500 -0.683526605         985801.2        0.000000       -14713.40     -5.95770310082E+07  2.58244298532E+05 -2.30700276238E+02   4.18201421              400  0.15700    
       64600 -0.683385915         985831.1        0.000000       -14716.95     -5.95757988987E+07  2.58238957789E+05 -2.30700276243E+02   4.18185987              400  0.15689    
       64700 -0.683534892         985858.8        0.000000       -14716.06     -5.95777035561E+07  2.58247213849E+05 -2.30700276174E+02   4.18186116              400  0.15598    
       64800 -0.683546851         985822.0        0.000000       -14713.93     -5.95767736947E+07  2.58243183215E+05 -2.30700276201E+02   4.18198931              400  0.15818    
       64900 -0.683533232         985870.0        0.000000       -14709.07     -5.95752427690E+07  2.58236547133E+05 -2.30700276279E+02   4.18186617              400  0.15626    
       65000 -0.683551451         985841.7        0.000000       -14713.48     -5.95740035859E+07  2.58231175868E+05 -2.30700276160E+02   4.18180469              400  0.15764    
       65100 -0.683573011         985828.4        0.000000       -14716.76     -5.95770888301E+07  2.58244549296E+05 -2.30700276124E+02   4.18192211              400  0.15575    
       65200 -0.683440437         985824.5        0.000000       -14720.68     -5.95766513479E+07  2.58242652890E+05 -2.30700276198E+02   4.18188831              400  0.15487    
       65300 -0.683573296         985868.6        0.000000       -14722.53     -5.95788571303E+07  2.58252214224E+05 -2.30700276121E+02   4.18170909              400  0.15499    
       65400 -0.683686409         985849.1        0.000000       -14722.57     -5.95820371961E+07  2.58265998731E+05 -2.30700276029E+02   4.18196281              400  0.15600    
       65500 -0.683465377         985802.9        0.000000       -14720.82     -5.95791765433E+07  2.58253598765E+05 -2.30700276117E+02   4.18197831              400  0.15481    
       65600 -0.683398643         985785.7        0.000000       -14724.41     -5.95794941434E+07  2.58254975493E+05 -2.30700276072E+02   4.18192264              400  0.15691    
       65700 -0.683331223         985818.9        0.000000       -14724.85     -5.95814407527E+07  2.58263413261E+05 -2.30700276126E+02   4.18179690              400  0.15493    
       65800 -0.683437408         985861.9        0.000000       -14723.94     -5.95826877846E+07  2.58268818507E+05 -2.30700276282E+02   4.18182349              400  0.15549    
       65900 -0.683764804         985903.2        0.000000       -14726.43     -5.95849237333E+07  2.58278510437E+05 -2.30700276351E+02   4.18185652              400  0.15492    
       66000 -0.683898390         985922.1        0.000000       -14723.23     -5.95860212228E+07  2.58283267659E+05 -2.30700276340E+02   4.18191553              400  0.15560    
       66100 -0.683802156         985884.0        0.000000       -14722.76     -5.95839819403E+07  2.58274428122E+05 -2.30700276344E+02   4.18195963              400  0.15502    
       66200 -0.683634139         985831.5        0.000000       -14718.28     -5.95814889326E+07  2.58263621899E+05 -2.30700276309E+02   4.18199858              400  0.15759    
       66300 -0.683495754         985836.0        0.000000       -14715.79     -5.95805841696E+07  2.58259700041E+05 -2.30700276350E+02   4.18188747              400  0.15482    
       66400 -0.683375499         985808.7        0.000000       -14713.13     -5.95792772794E+07  2.58254035004E+05 -2.30700276487E+02   4.18191937              400  0.15459    
       66500 -0.683491629         985887.3        0.000000       -14709.52     -5.95801716723E+07  2.58257911774E+05 -2.30700276568E+02   4.18175589              400  0.15676    
       66600 -0.683671970         985841.0        0.000000       -14705.99     -5.95813419272E+07  2.58262984586E+05 -2.30700276398E+02   4.18201682              400  0.15455    
       66700 -0.683465482         985832.4        0.000000       -14708.45     -5.95793189711E+07  2.58254215939E+05 -2.30700276294E+02   4.18186436              400  0.15509    
       66800 -0.683534870         985853.5        0.000000       -14709.34     -5.95808572524E+07  2.58260883769E+05 -2.30700276337E+02   4.18178209              400  0.15477    
       66900 -0.683604434         985859.4        0.000000       -14710.12     -5.95823594602E+07  2.58267395142E+05 -2.30700276461E+02   4.18187499              400  0.15712    
       67000 -0.683507766         985820.5        0.000000       -14710.84     -5.95808144192E+07  2.58260697859E+05 -2.30700276554E+02   4.18198292              400  0.15490    
       67100 -0.683250880         985768.3        0.000000       -14712.68     -5.95773311536E+07  2.58245599252E+05 -2.30700276505E+02   4.18195986              400  0.15521    
       67200 -0.683142072         985755.3        0.000000       -14709.61     -5.95744427164E+07  2.58233078864E+05 -2.30700276582E+02   4.18196717              400  0.15657    
       67300 -0.683336103         985806.1        0.000000       -14709.61     -5.95758745754E+07  2.58239285297E+05 -2.30700276710E+02   4.18186402              400  0.15666    
       67400 -0.683452852         985872.8        0.000000       -14710.35     -5.95778091155E+07  2.58247670889E+05 -2.30700276639E+02   4.18169390              400  0.15539    
       67500 -0.683618615         985855.7        0.000000       -14709.89     -5.95786914770E+07  2.58251495560E+05 -2.30700276673E+02   4.18188440              400  0.15629    
       67600 -0.683431639         985816.1        0.000000       -14707.07     -5.95764535038E+07  2.58241795049E+05 -2.30700276431E+02   4.18192816              400  0.15447    
       67700 -0.683280424         985773.2        0.000000       -14707.58     -5.95746504929E+07  2.58233979828E+05 -2.30700276287E+02   4.18194280              400  0.15709    
       67800 -0.683282960         985823.3        0.000000       -14706.34     -5.95742910938E+07  2.58232422024E+05 -2.30700276235E+02   4.18178942              400  0.15443    
       67900 -0.683386391         985808.4        0.000000       -14706.85     -5.95752793787E+07  2.58236705993E+05 -2.30700276127E+02   4.18192580              400  0.15478    
       68000 -0.683510014         985869.7        0.000000       -14701.17     -5.95760310705E+07  2.58239964362E+05 -2.30700276070E+02   4.18180748              400  0.15726    
       68100 -0.683778322         985897.2        0.000000       -14701.95     -5.95782187546E+07  2.58249447209E+05 -2.30700276026E+02   4.18186144              400  0.15784    
       68200 -0.683577951         985801.4        0.000000       -14704.15     -5.95762057614E+07  2.58240721491E+05 -2.30700276151E+02   4.18211381              400  0.15465    
       68300 -0.683424690         985848.7        0.000000       -14702.52     -5.95728145334E+07  2.58226021497E+05 -2.30700276402E+02   4.18181546              400  0.15485    
       68400 -0.683676735         985887.1        0.000000       -14703.81     -5.95759027925E+07  2.58239407975E+05 -2.30700276382E+02   4.18171898              400  0.15464    
       68500 -0.683610547         985859.5        0.000000       -14700.44     -5.95766834650E+07  2.58242792007E+05 -2.30700276287E+02   4.18192789              400  0.15770    
       68600 -0.683590288         985829.5        0.000000       -14703.95     -5.95769606893E+07  2.58243993763E+05 -2.30700276204E+02   4.18199360              400  0.15594    
       68700 -0.683579246         985855.2        0.000000       -14705.15     -5.95769942193E+07  2.58244139059E+05 -2.30700276244E+02   4.18181279              400  0.15636    
       68800 -0.683676836         985882.2        0.000000       -14708.30     -5.95799552219E+07  2.58256973945E+05 -2.30700276208E+02   4.18183082              400  0.15639    
       68900 -0.683714935         985867.3        0.000000       -14709.83     -5.95806937218E+07  2.58260174952E+05 -2.30700276312E+02   4.18195042              400  0.15633    
       69000 -0.683737928         985868.7        0.000000       -14704.61     -5.95801740346E+07  2.58257922337E+05 -2.30700276280E+02   4.18198529              400  0.15654    
       69100 -0.683689206         985859.7        0.000000       -14706.14     -5.95795080182E+07  2.58255035461E+05 -2.30700276228E+02   4.18191231              400  0.15900    
       69200 -0.683694180         985846.4        0.000000       -14705.46     -5.95787245496E+07  2.58251639352E+05 -2.30700276285E+02   4.18201583              400  0.15856    
       69300 -0.683556764         985866.9        0.000000       -14707.38     -5.95760664278E+07  2.58240117333E+05 -2.30700276329E+02   4.18188058              400  0.15797    
       69400 -0.683596474         985855.4        0.000000       -14704.61     -5.95763775399E+07  2.58241465860E+05 -2.30700276354E+02   4.18181386              400  0.15572    
       69500 -0.683459773         985813.4        0.000000       -14707.59     -5.95766582698E+07  2.58242682967E+05 -2.30700276133E+02   4.18201935              400  0.15495    
       69600 -0.683156475         985741.7        0.000000       -14707.34     -5.95723360310E+07  2.58223947671E+05 -2.30700276130E+02   4.18201560              400  0.15508    
       69700 -0.683092154         985793.0        0.000000       -14708.22     -5.95731380135E+07  2.58227423982E+05 -2.30700276117E+02   4.18170007              400  0.15787    
       69800 -0.683280540         985787.8        0.000000       -14707.79     -5.95752867356E+07  2.58236738038E+05 -2.30700275988E+02   4.18187440              400  0.15508    
       69900 -0.683228530         985811.0        0.000000       -14708.61     -5.95751755241E+07  2.58236255849E+05 -2.30700276103E+02   4.18174559              400  0.15506    
       70000 -0.683516574         985856.0        0.000000       -14707.29     -5.95787525633E+07  2.58251760831E+05 -2.30700276240E+02   4.18176734              400  0.15527    
       70100 -0.683541304         985843.5        0.000000       -14707.77     -5.95791584022E+07  2.58253519966E+05 -2.30700276264E+02   4.18190613              400  0.15481    
       70200 -0.683442863         985798.6        0.000000       -14704.49     -5.95771390382E+07  2.58244766928E+05 -2.30700276125E+02   4.18205434              400  0.15640    
       70300 -0.683442900         985853.3        0.000000       -14702.60     -5.95761512466E+07  2.58240485358E+05 -2.30700276000E+02   4.18175774              400  0.15474    
       70400 -0.683699198         985869.5        0.000000       -14706.21     -5.95798762221E+07  2.58256631727E+05 -2.30700276015E+02   4.18182102              400  0.15618    
       70500 -0.683838856         985895.7        0.000000       -14711.06     -5.95840856653E+07  2.58274878149E+05 -2.30700275971E+02   4.18190114              400  0.15534    
       70600 -0.683729119         985856.1        0.000000       -14707.97     -5.95819088422E+07  2.58265442498E+05 -2.30700275910E+02   4.18211400              400  0.15674    
       70700 -0.683562064         985839.0        0.000000       -14707.50     -5.95786232188E+07  2.58251200460E+05 -2.30700275982E+02   4.18198253              400  0.15503    
       70800 -0.683544727         985825.2        0.000000       -14706.39     -5.95784847219E+07  2.58250600173E+05 -2.30700275942E+02   4.18199959              400  0.15742    
       70900 -0.683416511         985839.6        0.000000       -14712.92     -5.95779251093E+07  2.58248174351E+05 -2.30700276039E+02   4.18179547              400  0.15495    
       71000 -0.683514771         985822.3        0.000000       -14712.11     -5.95793707814E+07  2.58254440778E+05 -2.30700276061E+02   4.18202191              400  0.15514    
       71100 -0.683530688         985828.5        0.000000       -14706.21     -5.95784665526E+07  2.58250521157E+05 -2.30700276172E+02   4.18198707              400  0.15492    
       71200 -0.683309294         985755.1        0.000000       -14711.31     -5.95757656538E+07  2.58238813728E+05 -2.30700276204E+02   4.18203193              400  0.15626    
       71300 -0.683086472         985769.7        0.000000       -14709.73     -5.95740251399E+07  2.58231269296E+05 -2.30700276160E+02   4.18182946              400  0.15696    
       71400 -0.683321175         985811.3        0.000000       -14708.44     -5.95778694156E+07  2.58247933065E+05 -2.30700275927E+02   4.18182625              400  0.15678    
       71500 -0.683364496         985821.1        0.000000       -14705.52     -5.95780752835E+07  2.58248825295E+05 -2.30700276044E+02   4.18191106              400  0.15513    
       71600 -0.683324701         985798.0        0.000000       -14708.01     -5.95760184747E+07  2.58239909546E+05 -2.30700276265E+02   4.18186890              400  0.15484    
       71700 -0.683446713         985862.7        0.000000       -14706.63     -5.95773828496E+07  2.58245823767E+05 -2.30700276119E+02   4.18173269              400  0.15543    
       71800 -0.683764670         985891.2        0.000000       -14710.31     -5.95808137245E+07  2.58260695495E+05 -2.30700275976E+02   4.18179191              400  0.15511    
       71900 -0.683700278         985862.5        0.000000       -14714.36     -5.95832979587E+07  2.58271463779E+05 -2.30700275930E+02   4.18190601              400  0.15804    
       72000 -0.683602953         985836.5        0.000000       -14714.78     -5.95841248397E+07  2.58275048098E+05 -2.30700275843E+02   4.18183666              400  0.15588    
       72100 -0.683379303         985806.9        0.000000       -14717.09     -5.95834280485E+07  2.58272027706E+05 -2.30700275898E+02   4.18190926              400  0.15668    
       72200 -0.683462291         985854.9        0.000000       -14723.94     -5.95852269705E+07  2.58279825257E+05 -2.30700275994E+02   4.18174794              400  0.15521    
       72300 -0.683466258         985808.8        0.000000       -14725.17     -5.95865091487E+07  2.58285382970E+05 -2.30700276041E+02   4.18196675              400  0.15671    
       72400 -0.683470568         985840.9        0.000000       -14727.09     -5.95869263702E+07  2.58287191492E+05 -2.30700276022E+02   4.18191113              400  0.15512    
       72500 -0.683502125         985813.3        0.000000       -14726.55     -5.95869203624E+07  2.58287165594E+05 -2.30700275894E+02   4.18194781              400  0.15651    
       72600 -0.683678564         985897.7        0.000000       -14727.28     -5.95892790406E+07  2.58297389650E+05 -2.30700275838E+02   4.18176396              400  0.15809    
       72700 -0.683972832         985924.5        0.000000       -14726.55     -5.95932564895E+07  2.58314630511E+05 -2.30700275752E+02   4.18190209              400  0.15761    
       72800 -0.683682280         985809.4        0.000000       -14719.50     -5.95890786811E+07  2.58296521215E+05 -2.30700275794E+02   4.18218601              400  0.15646    
       72900 -0.683337370         985802.7        0.000000       -14720.61     -5.95847054099E+07  2.58277564624E+05 -2.30700275870E+02   4.18184156              400  0.15863    
       73000 -0.683385615         985826.3        0.000000       -14722.43     -5.95871212046E+07  2.58288036269E+05 -2.30700275805E+02   4.18176176              400  0.15652    
       73100 -0.683571941         985849.5        0.000000       -14721.15     -5.95887996065E+07  2.58295311387E+05 -2.30700275922E+02   4.18191419              400  0.15990    
       73200 -0.683545163         985824.2        0.000000       -14717.30     -5.95871558411E+07  2.58288185830E+05 -2.30700276319E+02   4.18205666              400  0.15638    
       73300 -0.683424723         985824.9        0.000000       -14713.41     -5.95832186823E+07  2.58271119494E+05 -2.30700276512E+02   4.18193249              400  0.15939    
       73400 -0.683515955         985858.1        0.000000       -14713.27     -5.95841497910E+07  2.58275155526E+05 -2.30700276493E+02   4.18185749              400  0.15572    
       73500 -0.683709113         985859.4        0.000000       -14715.87     -5.95846379853E+07  2.58277271469E+05 -2.30700276670E+02   4.18198517              400  0.15961    
       73600 -0.683498653         985808.9        0.000000       -14719.61     -5.95816425514E+07  2.58264287395E+05 -2.30700276652E+02   4.18198974              400  0.15881    
       73700 -0.683290611         985787.3        0.000000       -14722.53     -5.95793587978E+07  2.58254388011E+05 -2.30700276795E+02   4.18194473              400  0.15670    
       73800 -0.683425714         985847.7        0.000000       -14724.48     -5.95810230205E+07  2.58261601679E+05 -2.30700276902E+02   4.18167300              400  0.15806    
       73900 -0.683600392         985849.8        0.000000       -14729.65     -5.95842160938E+07  2.58275442560E+05 -2.30700276818E+02   4.18189007              400  0.15626    
       74000 -0.683653276         985884.2        0.000000       -14725.98     -5.95840508904E+07  2.58274726618E+05 -2.30700276681E+02   4.18184727              400  0.15783    
       74100 -0.683568780         985865.8        0.000000       -14721.91     -5.95835795378E+07  2.58272683649E+05 -2.30700276529E+02   4.18180417              400  0.15642    
       74200 -0.683627367         985827.4        0.000000       -14721.22     -5.95847165670E+07  2.58277612373E+05 -2.30700276418E+02   4.18200011              400  0.15671    
       74300 -0.683557057         985879.1        0.000000       -14717.57     -5.95831020673E+07  2.58270614272E+05 -2.30700276279E+02   4.18184449              400  0.15701    
       74400 -0.683809561         985909.0        0.000000       -14715.86     -5.95851574562E+07  2.58279523741E+05 -2.30700276170E+02   4.18180919              400  0.15672    
       74500 -0.683714523         985881.3        0.000000       -14716.32     -5.95847311815E+07  2.58277676119E+05 -2.30700276063E+02   4.18190606              400  0.15640    
       74600 -0.683595926         985843.5        0.000000       -14714.23     -5.95828602206E+07  2.58269566261E+05 -2.30700276007E+02   4.18194694              400  0.15647    
       74700 -0.683587506         985885.8        0.000000       -14716.60     -5.95814979923E+07  2.58263661607E+05 -2.30700275918E+02   4.18173208              400  0.15628    
       74800 -0.683774500         985858.0        0.000000       -14717.90     -5.95831770522E+07  2.58270939740E+05 -2.30700275889E+02   4.18200915              400  0.15790    
       74900 -0.683556913         985836.8        0.000000       -14720.45     -5.95814969029E+07  2.58263656888E+05 -2.30700275915E+02   4.18190184              400  0.15932    
       75000 -0.683559271         985854.8        0.000000       -14720.19     -5.95815036069E+07  2.58263685875E+05 -2.30700275979E+02   4.18188322              400  0.16093    
       75100 -0.683577532         985838.4        0.000000       -14724.18     -5.95825411111E+07  2.58268182897E+05 -2.30700276134E+02   4.18184393              400  0.15506    
       75200 -0.683628197         985872.1        0.000000       -14724.66     -5.95839623200E+07  2.58274343249E+05 -2.30700276188E+02   4.18184613              400  0.15700    
       75300 -0.683789843         985907.8        0.000000       -14720.28     -5.95850781112E+07  2.58279179689E+05 -2.30700276279E+02   4.18187015              400  0.15497    
       75400 -0.683797146         985844.9        0.000000       -14715.89     -5.95840420177E+07  2.58274688566E+05 -2.30700276316E+02   4.18210214              400  0.15615    
       75500 -0.683429324         985802.4        0.000000       -14719.00     -5.95802380147E+07  2.58258199632E+05 -2.30700276311E+02   4.18197003              400  0.15658    
       75600 -0.683424421         985817.9        0.000000       -14721.10     -5.95796736894E+07  2.58255753306E+05 -2.30700276477E+02   4.18189971              400  0.15503    
       75700 -0.683417222         985807.3        0.000000       -14716.67     -5.95778945406E+07  2.58248041256E+05 -2.30700276567E+02   4.18208292              400  0.15557    
       75800 -0.683467064         985836.1        0.000000       -14720.30     -5.95752936636E+07  2.58236767353E+05 -2.30700276627E+02   4.18179029              400  0.15732    
       75900 -0.683463350         985784.2        0.000000       -14719.56     -5.95767477482E+07  2.58243070391E+05 -2.30700276519E+02   4.18199270              400  0.15705    
       76000 -0.683345215         985802.1        0.000000       -14720.10     -5.95780644200E+07  2.58248777848E+05 -2.30700276363E+02   4.18181294              400  0.15865    
       76100 -0.683365021         985820.8        0.000000       -14722.17     -5.95786135485E+07  2.58251158115E+05 -2.30700276364E+02   4.18190229              400  0.15526    
       76200 -0.683433143         985840.4        0.000000       -14722.33     -5.95780910500E+07  2.58248893344E+05 -2.30700276305E+02   4.18178740              400  0.15634    
       76300 -0.683372253         985791.3        0.000000       -14721.61     -5.95776169839E+07  2.58246838646E+05 -2.30700276125E+02   4.18203867              400  0.15540    
       76400 -0.683439138         985835.5        0.000000       -14725.95     -5.95778202953E+07  2.58247719922E+05 -2.30700276128E+02   4.18179226              400  0.15501    
       76500 -0.683671743         985887.0        0.000000       -14728.99     -5.95808418110E+07  2.58260817042E+05 -2.30700276152E+02   4.18179417              400  0.15500    
       76600 -0.683700684         985868.2        0.000000       -14729.72     -5.95820578532E+07  2.58266088067E+05 -2.30700276212E+02   4.18194806              400  0.15561    
       76700 -0.683437881         985791.0        0.000000       -14728.10     -5.95774597993E+07  2.58246157175E+05 -2.30700276244E+02   4.18205096              400  0.15734    
       76800 -0.683437543         985831.6        0.000000       -14725.60     -5.95772297835E+07  2.58245160248E+05 -2.30700276150E+02   4.18188779              400  0.15545    
       76900 -0.683462729         985828.4        0.000000       -14724.33     -5.95774372049E+07  2.58246059406E+05 -2.30700276093E+02   4.18194479              400  0.15661    
       77000 -0.683643974         985895.4        0.000000       -14724.57     -5.95797313922E+07  2.58256003917E+05 -2.30700276038E+02   4.18171209              400  0.15729    
       77100 -0.683901188         985912.2        0.000000       -14718.83     -5.95840873108E+07  2.58274885277E+05 -2.30700275975E+02   4.18194777              400  0.15510    
       77200 -0.683746152         985844.2        0.000000       -14712.34     -5.95810799056E+07  2.58261849381E+05 -2.30700275896E+02   4.18206156              400  0.15525    
       77300 -0.683523987         985839.4        0.000000       -14716.00     -5.95782023808E+07  2.58249376302E+05 -2.30700275965E+02   4.18186113              400  0.15671    
       77400 -0.683775425         985914.2        0.000000       -14720.30     -5.95831251730E+07  2.58270714736E+05 -2.30700276002E+02   4.18174269              400  0.15486    
       77500 -0.683850661         985879.2        0.000000       -14721.98     -5.95846661501E+07  2.58277394318E+05 -2.30700275986E+02   4.18198035              400  0.15710    
       77600 -0.683613165         985853.7        0.000000       -14722.09     -5.95828154937E+07  2.58269372381E+05 -2.30700276012E+02   4.18188759              400  0.15517    
       77700 -0.683683799         985883.7        0.000000       -14725.53     -5.95842873490E+07  2.58275752397E+05 -2.30700275949E+02   4.18176473              400  0.15997    
       77800 -0.683740927         985864.8        0.000000       -14726.21     -5.95861663443E+07  2.58283897286E+05 -2.30700275822E+02   4.18200039              400  0.15524    
       77900 -0.683603768         985824.9        0.000000       -14731.65     -5.95844095676E+07  2.58276282420E+05 -2.30700275726E+02   4.18196027              400  0.15703    
       78000 -0.683395841         985788.0        0.000000       -14729.41     -5.95831815178E+07  2.58270959381E+05 -2.30700275635E+02   4.18200561              400  0.15672    
       78100 -0.683302355         985797.3        0.000000       -14727.60     -5.95814723497E+07  2.58263550732E+05 -2.30700275672E+02   4.18184567              400  0.15484    
       78200 -0.683616825         985866.2        0.000000       -14734.00     -5.95866474788E+07  2.58285982960E+05 -2.30700275701E+02   4.18182613              400  0.15701    
       78300 -0.683606546         985866.7        0.000000       -14735.56     -5.95876707323E+07  2.58290418196E+05 -2.30700275870E+02   4.18180389              400  0.15694    
       78400 -0.683607329         985875.7        0.000000       -14732.84     -5.95886401990E+07  2.58294620420E+05 -2.30700275918E+02   4.18189374              400  0.15599    
       78500 -0.683881161         985891.9        0.000000       -14728.57     -5.95898046902E+07  2.58299668078E+05 -2.30700275899E+02   4.18196372              400  0.15520    
       78600 -0.683792843         985877.2        0.000000       -14726.65     -5.95881455487E+07  2.58292476247E+05 -2.30700275961E+02   4.18193161              400  0.15536    
       78700 -0.683662474         985862.5        0.000000       -14731.52     -5.95869175703E+07  2.58287153334E+05 -2.30700276034E+02   4.18189731              400  0.15469    
       78800 -0.683830643         985930.0        0.000000       -14729.64     -5.95888085246E+07  2.58295349994E+05 -2.30700275967E+02   4.18179021              400  0.15705    
       78900 -0.683894352         985889.4        0.000000       -14725.75     -5.95894861308E+07  2.58298287154E+05 -2.30700275977E+02   4.18201249              400  0.15565    
       79000 -0.683650211         985853.3        0.000000       -14725.31     -5.95880171999E+07  2.58291920032E+05 -2.30700275845E+02   4.18197589              400  0.15661    
       79100 -0.683677138         985869.8        0.000000       -14721.55     -5.95870725427E+07  2.58287825350E+05 -2.30700275795E+02   4.18191068              400  0.15527    
       79200 -0.683596623         985849.1        0.000000       -14720.65     -5.95848388059E+07  2.58278143011E+05 -2.30700275724E+02   4.18194667              400  0.15656    
       79300 -0.683660929         985855.5        0.000000       -14719.16     -5.95839068799E+07  2.58274103450E+05 -2.30700275730E+02   4.18200618              400  0.15492    
       79400 -0.683579191         985855.6        0.000000       -14718.70     -5.95820321409E+07  2.58265976924E+05 -2.30700275934E+02   4.18192545              400  0.15671    
       79500 -0.683651895         985864.3        0.000000       -14714.55     -5.95815171378E+07  2.58263744551E+05 -2.30700275957E+02   4.18196995              400  0.15733    
       79600 -0.683588311         985842.4        0.000000       -14714.64     -5.95797233792E+07  2.58255969177E+05 -2.30700276044E+02   4.18191518              400  0.15567    
       79700 -0.683576116         985853.9        0.000000       -14710.79     -5.95802307981E+07  2.58258168553E+05 -2.30700276130E+02   4.18178166              400  0.15519    
       79800 -0.683528875         985816.6        0.000000       -14715.22     -5.95816938117E+07  2.58264510242E+05 -2.30700276069E+02   4.18195463              400  0.15668    
       79900 -0.683544985         985839.3        0.000000       -14714.61     -5.95822430176E+07  2.58266890751E+05 -2.30700276154E+02   4.18192713              400  0.15507    
       80000 -0.683524968         985834.9        0.000000       -14715.07     -5.95818704847E+07  2.58265276016E+05 -2.30700276103E+02   4.18187269              400  0.15868    
       80100 -0.683644366         985853.1        0.000000       -14713.00     -5.95827946112E+07  2.58269281868E+05 -2.30700276007E+02   4.18196479              400  0.15506    
       80200 -0.683579052         985843.7        0.000000       -14712.94     -5.95818843354E+07  2.58265336073E+05 -2.30700276086E+02   4.18194562              400  0.15562    
       80300 -0.683627851         985847.0        0.000000       -14717.20     -5.95830504360E+07  2.58270390831E+05 -2.30700275956E+02   4.18187940              400  0.15536    
       80400 -0.683423314         985808.3        0.000000       -14718.16     -5.95825883340E+07  2.58268387626E+05 -2.30700276103E+02   4.18197900              400  0.15524    
       80500 -0.683279667         985779.9        0.000000       -14719.75     -5.95805509749E+07  2.58259556446E+05 -2.30700276089E+02   4.18194977              400  0.15538    
       80600 -0.683333038         985834.7        0.000000       -14720.07     -5.95814227725E+07  2.58263335340E+05 -2.30700276112E+02   4.18180244              400  0.15927    
       80700 -0.683626069         985848.0        0.000000       -14722.63     -5.95834469650E+07  2.58272109560E+05 -2.30700276025E+02   4.18192707              400  0.15576    
       80800 -0.683384517         985782.4        0.000000       -14716.59     -5.95790813197E+07  2.58253186110E+05 -2.30700276024E+02   4.18205080              400  0.15527    
       80900 -0.683284131         985793.2        0.000000       -14715.75     -5.95780594722E+07  2.58248756677E+05 -2.30700276117E+02   4.18184293              400  0.15890    
       81000 -0.683248784         985763.7        0.000000       -14715.91     -5.95788928724E+07  2.58252369152E+05 -2.30700276121E+02   4.18196617              400  0.15505    
       81100 -0.683121105         985762.6        0.000000       -14720.86     -5.95787855940E+07  2.58251904190E+05 -2.30700276077E+02   4.18182685              400  0.15511    
       81200 -0.683282380         985818.2        0.000000       -14721.66     -5.95813603509E+07  2.58263064735E+05 -2.30700276139E+02   4.18180226              400  0.15864    
       81300 -0.683533040         985829.7        0.000000       -14726.00     -5.95832637581E+07  2.58271315222E+05 -2.30700276207E+02   4.18188291              400  0.15670    
       81400 -0.683406886         985801.4        0.000000       -14725.33     -5.95816814640E+07  2.58264456454E+05 -2.30700276306E+02   4.18199921              400  0.15514    
       81500 -0.683280138         985802.7        0.000000       -14719.73     -5.95788408382E+07  2.58252143294E+05 -2.30700276397E+02   4.18187491              400  0.15572    
       81600 -0.683540598         985873.4        0.000000       -14719.05     -5.95808022452E+07  2.58260645112E+05 -2.30700276535E+02   4.18174492              400  0.15498    
       81700 -0.683689592         985864.6        0.000000       -14719.00     -5.95829036376E+07  2.58269753972E+05 -2.30700276441E+02   4.18185209              400  0.15537    
       81800 -0.683686994         985883.2        0.000000       -14720.57     -5.95833569047E+07  2.58271718855E+05 -2.30700276317E+02   4.18192862              400  0.15936    
       81900 -0.683488369         985799.1        0.000000       -14719.26     -5.95795000893E+07  2.58255000963E+05 -2.30700276344E+02   4.18207706              400  0.15534    
       82000 -0.683407018         985811.2        0.000000       -14719.12     -5.95778065722E+07  2.58247660210E+05 -2.30700276330E+02   4.18193021              400  0.15514    
       82100 -0.683451383         985831.6        0.000000       -14718.41     -5.95778284036E+07  2.58247754676E+05 -2.30700276479E+02   4.18185644              400  0.15765    
       82200 -0.683438419         985827.8        0.000000       -14717.93     -5.95786174751E+07  2.58251174904E+05 -2.30700276571E+02   4.18185834              400  0.15570    
       82300 -0.683480604         985833.9        0.000000       -14726.13     -5.95803466414E+07  2.58258670279E+05 -2.30700276498E+02   4.18182042              400  0.16094    
       82400 -0.683500346         985837.5        0.000000       -14722.90     -5.95816603830E+07  2.58264364821E+05 -2.30700276534E+02   4.18184860              400  0.15476    
       82500 -0.683512770         985848.5        0.000000       -14726.85     -5.95832889972E+07  2.58271424206E+05 -2.30700276581E+02   4.18177774              400  0.15704    
       82600 -0.683617284         985858.5        0.000000       -14726.70     -5.95855260359E+07  2.58281121098E+05 -2.30700276438E+02   4.18180047              400  0.15492    
       82700 -0.683750247         985908.8        0.000000       -14725.78     -5.95877020671E+07  2.58290553474E+05 -2.30700276358E+02   4.18192370              400  0.15741    
       82800 -0.683831863         985884.9        0.000000       -14727.66     -5.95870326518E+07  2.58287651864E+05 -2.30700276307E+02   4.18194163              400  0.15607    
       82900 -0.683737397         985898.2        0.000000       -14730.10     -5.95869813268E+07  2.58287429409E+05 -2.30700276290E+02   4.18185907              400  0.15585    
       83000 -0.683847506         985918.1        0.000000       -14725.57     -5.95870844756E+07  2.58287876390E+05 -2.30700276407E+02   4.18183408              400  0.15776    
       83100 -0.683869934         985891.5        0.000000       -14726.51     -5.95871600587E+07  2.58288204054E+05 -2.30700276371E+02   4.18199587              400  0.15491    
       83200 -0.683707677         985870.8        0.000000       -14725.51     -5.95847366238E+07  2.58277699361E+05 -2.30700276374E+02   4.18183540              400  0.15705    
       83300 -0.683581105         985841.1        0.000000       -14724.64     -5.95832965778E+07  2.58271457415E+05 -2.30700276268E+02   4.18195705              400  0.15547    
       83400 -0.683402669         985843.5        0.000000       -14721.06     -5.95801293937E+07  2.58257728934E+05 -2.30700276192E+02   4.18177977              400  0.15805    
       83500 -0.683643079         985885.0        0.000000       -14722.88     -5.95812770310E+07  2.58262703468E+05 -2.30700276234E+02   4.18189231              400  0.15698    
       83600 -0.683697810         985881.3        0.000000       -14720.47     -5.95804526995E+07  2.58259130166E+05 -2.30700276351E+02   4.18191075              400  0.15612    
       83700 -0.683637202         985888.3        0.000000       -14722.51     -5.95794279660E+07  2.58254688423E+05 -2.30700276266E+02   4.18174384              400  0.15559    
       83800 -0.683879227         985902.3        0.000000       -14726.47     -5.95832077140E+07  2.58271072383E+05 -2.30700276125E+02   4.18185112              400  0.15721    
       83900 -0.683752409         985872.9        0.000000       -14727.54     -5.95833078509E+07  2.58271506553E+05 -2.30700276024E+02   4.18199053              400  0.15495    
       84000 -0.683559226         985816.7        0.000000       -14726.45     -5.95811282067E+07  2.58262058575E+05 -2.30700276051E+02   4.18190560              400  0.15651    
       84100 -0.683495341         985834.8        0.000000       -14728.77     -5.95816870162E+07  2.58264480650E+05 -2.30700276191E+02   4.18193559              400  0.15546    
       84200 -0.683507724         985838.4        0.000000       -14737.37     -5.95815958213E+07  2.58264085161E+05 -2.30700276364E+02   4.18181189              400  0.15675    
       84300 -0.683516876         985857.9        0.000000       -14738.43     -5.95833160559E+07  2.58271541741E+05 -2.30700276361E+02   4.18177200              400  0.15695    
       84400 -0.683573432         985815.6        0.000000       -14736.53     -5.95843790279E+07  2.58276149418E+05 -2.30700276283E+02   4.18205985              400  0.15751    
       84500 -0.683303767         985780.7        0.000000       -14737.95     -5.95807297537E+07  2.58260331248E+05 -2.30700276212E+02   4.18185127              400  0.15740    
       84600 -0.683295598         985795.6        0.000000       -14733.85     -5.95818386301E+07  2.58265137770E+05 -2.30700276254E+02   4.18188598              400  0.15536    
       84700 -0.683553252         985889.1        0.000000       -14737.86     -5.95843306156E+07  2.58275939626E+05 -2.30700276231E+02   4.18179275              400  0.15727    
       84800 -0.683737315         985862.7        0.000000       -14734.95     -5.95846796934E+07  2.58277452658E+05 -2.30700276312E+02   4.18197251              400  0.15805    
       84900 -0.683647387         985851.3        0.000000       -14731.94     -5.95843340431E+07  2.58275954493E+05 -2.30700276222E+02   4.18192791              400  0.15503    
       85000 -0.683713032         985876.8        0.000000       -14729.84     -5.95850721165E+07  2.58279153822E+05 -2.30700276173E+02   4.18193192              400  0.15503    
       85100 -0.683663454         985890.0        0.000000       -14730.14     -5.95833239412E+07  2.58271576176E+05 -2.30700276133E+02   4.18182797              400  0.15533    
       85200 -0.683903147         985928.2        0.000000       -14725.68     -5.95858653247E+07  2.58282592262E+05 -2.30700276015E+02   4.18179251              400  0.15599    
       85300 -0.683939001         985898.7        0.000000       -14724.90     -5.95862318126E+07  2.58284180740E+05 -2.30700276114E+02   4.18190973              400  0.15513    
       85400 -0.683599874         985843.3        0.000000       -14723.41     -5.95830270330E+07  2.58270289183E+05 -2.30700276139E+02   4.18202557              400  0.15504    
       85500 -0.683426223         985812.3        0.000000       -14723.29     -5.95806056551E+07  2.58259793281E+05 -2.30700276253E+02   4.18183471              400  0.15678    
       85600 -0.683507934         985862.9        0.000000       -14720.92     -5.95817285368E+07  2.58264660530E+05 -2.30700276277E+02   4.18179989              400  0.15606    
       85700 -0.683596394         985864.7        0.000000       -14723.31     -5.95833297626E+07  2.58271601227E+05 -2.30700276297E+02   4.18180449              400  0.15600    
       85800 -0.683573064         985828.7        0.000000       -14719.10     -5.95840924087E+07  2.58274906783E+05 -2.30700276503E+02   4.18203297              400  0.15543    
       85900 -0.683504749         985856.8        0.000000       -14717.96     -5.95829885154E+07  2.58270121777E+05 -2.30700276537E+02   4.18181821              400  0.15532    
       86000 -0.683848687         985914.0        0.000000       -14721.60     -5.95859674125E+07  2.58283034308E+05 -2.30700276432E+02   4.18190614              400  0.15490    
       86100 -0.683711015         985854.3        0.000000       -14718.57     -5.95835414267E+07  2.58272518668E+05 -2.30700276336E+02   4.18201194              400  0.15620    
       86200 -0.683559066         985821.4        0.000000       -14717.87     -5.95810409498E+07  2.58261680095E+05 -2.30700276277E+02   4.18189830              400  0.15490    
       86300 -0.683571954         985877.2        0.000000       -14717.21     -5.95820839787E+07  2.58266201342E+05 -2.30700276185E+02   4.18180252              400  0.15546    
       86400 -0.683898890         985928.7        0.000000       -14716.36     -5.95855945150E+07  2.58281418270E+05 -2.30700276134E+02   4.18191148              400  0.15576    
       86500 -0.683858417         985873.0        0.000000       -14715.82     -5.95824199384E+07  2.58267657509E+05 -2.30700276268E+02   4.18204058              400  0.15736    
       86600 -0.683517094         985780.7        0.000000       -14713.25     -5.95776781229E+07  2.58247103371E+05 -2.30700276383E+02   4.18216749              400  0.15506    
       86700 -0.683194078         985792.7        0.000000       -14716.59     -5.95733654003E+07  2.58228409415E+05 -2.30700276299E+02   4.18175782              400  0.15692    
       86800 -0.683353210         985790.1        0.000000       -14716.92     -5.95752217082E+07  2.58236455820E+05 -2.30700276299E+02   4.18191098              400  0.15595    
       86900 -0.683365085         985858.0        0.000000       -14720.44     -5.95769642135E+07  2.58244009005E+05 -2.30700276235E+02   4.18161251              400  0.15489    
       87000 -0.683628191         985854.2        0.000000       -14721.85     -5.95806107667E+07  2.58259815822E+05 -2.30700275910E+02   4.18199120              400  0.15760    
       87100 -0.683528825         985830.7        0.000000       -14724.45     -5.95785759187E+07  2.58250995481E+05 -2.30700275938E+02   4.18189276              400  0.15488    
       87200 -0.683470302         985812.6        0.000000       -14724.90     -5.95792112730E+07  2.58253749748E+05 -2.30700275721E+02   4.18197765              400  0.15552    
       87300 -0.683446050         985826.9        0.000000       -14721.79     -5.95776167112E+07  2.58246837795E+05 -2.30700275828E+02   4.18197431              400  0.15671    
       87400 -0.683579222         985852.2        0.000000       -14720.56     -5.95779810928E+07  2.58248417203E+05 -2.30700275874E+02   4.18188751              400  0.15490    
       87500 -0.683718567         985869.0        0.000000       -14720.40     -5.95803531783E+07  2.58258699200E+05 -2.30700275975E+02   4.18180748              400  0.15726    
       87600 -0.683631808         985850.9        0.000000       -14721.30     -5.95793187919E+07  2.58254215379E+05 -2.30700276100E+02   4.18202557              400  0.15727    
       87700 -0.683509481         985818.7        0.000000       -14717.98     -5.95755369861E+07  2.58237822574E+05 -2.30700276172E+02   4.18197015              400  0.15629    
       87800 -0.683401210         985828.7        0.000000       -14726.36     -5.95754592351E+07  2.58237485491E+05 -2.30700276227E+02   4.18174723              400  0.15510    
       87900 -0.683650581         985853.4        0.000000       -14725.20     -5.95790284026E+07  2.58252956418E+05 -2.30700276307E+02   4.18190017              400  0.15664    
       88000 -0.683611720         985868.3        0.000000       -14731.53     -5.95797346022E+07  2.58256017468E+05 -2.30700276362E+02   4.18181656              400  0.15649    
       88100 -0.683695735         985882.0        0.000000       -14734.98     -5.95803775066E+07  2.58258804068E+05 -2.30700276498E+02   4.18188497              400  0.15551    
       88200 -0.683857122         985915.4        0.000000       -14736.39     -5.95808800280E+07  2.58260982326E+05 -2.30700276485E+02   4.18189621              400  0.15548    
       88300 -0.683851600         985871.8        0.000000       -14736.46     -5.95800221593E+07  2.58257263681E+05 -2.30700276577E+02   4.18206770              400  0.15547    
       88400 -0.683592959         985844.4        0.000000       -14739.05     -5.95768182120E+07  2.58243375903E+05 -2.30700276449E+02   4.18187732              400  0.15743    
       88500 -0.683590727         985846.7        0.000000       -14739.49     -5.95780273446E+07  2.58248617084E+05 -2.30700276413E+02   4.18186872              400  0.15515    
       88600 -0.683530242         985836.8        0.000000       -14730.88     -5.95781826008E+07  2.58249290101E+05 -2.30700276378E+02   4.18190934              400  0.15492    
       88700 -0.683480968         985829.5        0.000000       -14734.66     -5.95784176294E+07  2.58250308952E+05 -2.30700276298E+02   4.18181892              400  0.15736    
       88800 -0.683501099         985843.7        0.000000       -14734.83     -5.95802122326E+07  2.58258087933E+05 -2.30700276260E+02   4.18183452              400  0.15641    
       88900 -0.683490211         985838.9        0.000000       -14730.67     -5.95801429124E+07  2.58257787470E+05 -2.30700276248E+02   4.18193340              400  0.15526    
       89000 -0.683615055         985873.2        0.000000       -14730.48     -5.95802119720E+07  2.58258086744E+05 -2.30700276313E+02   4.18187355              400  0.15617    
       89100 -0.683550403         985818.6        0.000000       -14728.26     -5.95788671817E+07  2.58252257642E+05 -2.30700276255E+02   4.18204266              400  0.15503    
       89200 -0.683356488         985786.4        0.000000       -14727.38     -5.95754171167E+07  2.58237302821E+05 -2.30700276319E+02   4.18206431              400  0.15626    
       89300 -0.683294460         985821.2        0.000000       -14726.72     -5.95739101457E+07  2.58230770540E+05 -2.30700276428E+02   4.18179739              400  0.15592    
       89400 -0.683575843         985896.3        0.000000       -14724.55     -5.95772853340E+07  2.58245400666E+05 -2.30700276482E+02   4.18172177              400  0.15691    
       89500 -0.683815440         985915.2        0.000000       -14720.41     -5.95806468753E+07  2.58259971690E+05 -2.30700276490E+02   4.18181548              400  0.15486    
       89600 -0.683920172         985891.3        0.000000       -14717.87     -5.95823300175E+07  2.58267267718E+05 -2.30700276283E+02   4.18200274              400  0.15659    
       89700 -0.683691584         985833.0        0.000000       -14713.91     -5.95795122528E+07  2.58255053779E+05 -2.30700276262E+02   4.18206410              400  0.15476    
       89800 -0.683420963         985838.7        0.000000       -14710.68     -5.95757263389E+07  2.58238643075E+05 -2.30700276417E+02   4.18181685              400  0.15911    
       89900 -0.683480297         985814.2        0.000000       -14711.86     -5.95766887401E+07  2.58242814747E+05 -2.30700276399E+02   4.18190178              400  0.15482    
       90000 -0.683354511         985778.1        0.000000       -14711.57     -5.95768798830E+07  2.58243643411E+05 -2.30700276282E+02   4.18198333              400  0.15594    
       90100 -0.683271280         985802.5        0.000000       -14712.34     -5.95764410377E+07  2.58241741156E+05 -2.30700276303E+02   4.18189332              400  0.15643    
       90200 -0.683334422         985817.2        0.000000       -14712.88     -5.95761198507E+07  2.58240348908E+05 -2.30700276322E+02   4.18182796              400  0.15463    
       90300 -0.683438610         985820.3        0.000000       -14713.95     -5.95765140435E+07  2.58242057552E+05 -2.30700276354E+02   4.18187715              400  0.15554    
       90400 -0.683565273         985848.9        0.000000       -14711.66     -5.95766717903E+07  2.58242741335E+05 -2.30700276346E+02   4.18191089              400  0.15856    
       90500 -0.683588126         985864.5        0.000000       -14712.63     -5.95763833292E+07  2.58241490993E+05 -2.30700276320E+02   4.18179630              400  0.15675    
       90600 -0.683720635         985863.6        0.000000       -14716.51     -5.95789915094E+07  2.58252796573E+05 -2.30700276241E+02   4.18192577              400  0.15495    
       90700 -0.683495557         985804.8        0.000000       -14716.10     -5.95771062561E+07  2.58244624650E+05 -2.30700276286E+02   4.18200431              400  0.15484    
       90800 -0.683195335         985767.3        0.000000       -14715.68     -5.95747796095E+07  2.58234539350E+05 -2.30700276421E+02   4.18187281              400  0.15531    
       90900 -0.683258285         985799.1        0.000000       -14712.87     -5.95754928517E+07  2.58237630875E+05 -2.30700276524E+02   4.18187179              400  0.15493    
       91000 -0.683475628         985836.0        0.000000       -14711.31     -5.95769265297E+07  2.58243845291E+05 -2.30700276565E+02   4.18192761              400  0.15547    
       91100 -0.683549678         985861.3        0.000000       -14711.03     -5.95767581985E+07  2.58243115511E+05 -2.30700276677E+02   4.18184607              400  0.15460    
       91200 -0.683707565         985895.9        0.000000       -14712.22     -5.95781639147E+07  2.58249208959E+05 -2.30700276507E+02   4.18185875              400  0.15635    
       91300 -0.683574254         985833.7        0.000000       -14710.54     -5.95756740619E+07  2.58238416366E+05 -2.30700276513E+02   4.18196473              400  0.15518    
       91400 -0.683522166         985823.9        0.000000       -14709.76     -5.95758480996E+07  2.58239170637E+05 -2.30700276618E+02   4.18198872              400  0.15467    
       91500 -0.683489228         985844.6        0.000000       -14705.54     -5.95732102607E+07  2.58227736698E+05 -2.30700276517E+02   4.18206852              400  0.15660    
       91600 -0.683599947         985863.1        0.000000       -14708.64     -5.95707195487E+07  2.58216940287E+05 -2.30700276607E+02   4.18192467              400  0.15841    
       91700 -0.683509708         985840.3        0.000000       -14707.77     -5.95679314157E+07  2.58204854900E+05 -2.30700276487E+02   4.18186640              400  0.15591    
       91800 -0.683706630         985883.0        0.000000       -14712.61     -5.95705803706E+07  2.58216337119E+05 -2.30700276502E+02   4.18180401              400  0.15747    
       91900 -0.683746332         985877.6        0.000000       -14711.26     -5.95717945938E+07  2.58221600421E+05 -2.30700276416E+02   4.18190058              400  0.15511    
       92000 -0.683794021         985898.2        0.000000       -14709.56     -5.95721715289E+07  2.58223234232E+05 -2.30700276472E+02   4.18186785              400  0.15492    
       92100 -0.683784797         985846.8        0.000000       -14709.13     -5.95715852195E+07  2.58220692784E+05 -2.30700276485E+02   4.18196520              400  0.15626    
       92200 -0.683606147         985877.8        0.000000       -14711.32     -5.95697701978E+07  2.58212825401E+05 -2.30700276431E+02   4.18184098              400  0.15553    
       92300 -0.683733395         985855.3        0.000000       -14714.38     -5.95722603705E+07  2.58223619466E+05 -2.30700276348E+02   4.18198181              400  0.15663    
       92400 -0.683454064         985798.0        0.000000       -14714.53     -5.95712213009E+07  2.58219115366E+05 -2.30700276455E+02   4.18193422              400  0.15489    
       92500 -0.683465467         985797.7        0.000000       -14715.37     -5.95723709328E+07  2.58224098453E+05 -2.30700276580E+02   4.18198201              400  0.15894    
       92600 -0.683328635         985810.8        0.000000       -14714.20     -5.95716063985E+07  2.58220784534E+05 -2.30700276533E+02   4.18189570              400  0.15515    
       92700 -0.683518994         985850.1        0.000000       -14719.67     -5.95729144562E+07  2.58226454537E+05 -2.30700276480E+02   4.18170638              400  0.15694    
       92800 -0.683535550         985848.8        0.000000       -14725.63     -5.95758016229E+07  2.58238969525E+05 -2.30700276308E+02   4.18175811              400  0.15648    
       92900 -0.683455741         985841.5        0.000000       -14725.73     -5.95768824913E+07  2.58243654816E+05 -2.30700276194E+02   4.18179624              400  0.15510    
       93000 -0.683459998         985810.8        0.000000       -14722.86     -5.95778798268E+07  2.58247977883E+05 -2.30700276204E+02   4.18194244              400  0.15560    
       93100 -0.683538559         985853.8        0.000000       -14726.66     -5.95791305648E+07  2.58253399366E+05 -2.30700276206E+02   4.18181352              400  0.15517    
       93200 -0.683482055         985810.4        0.000000       -14726.21     -5.95799780432E+07  2.58257072810E+05 -2.30700276259E+02   4.18201290              400  0.15494    
       93300 -0.683357097         985821.5        0.000000       -14721.07     -5.95780865404E+07  2.58248873912E+05 -2.30700276202E+02   4.18190440              400  0.15555    
       93400 -0.683622303         985895.3        0.000000       -14723.51     -5.95793347439E+07  2.58254284406E+05 -2.30700276206E+02   4.18174608              400  0.15669    
       93500 -0.683831911         985861.5        0.000000       -14726.36     -5.95824859570E+07  2.58267943557E+05 -2.30700276373E+02   4.18193163              400  0.15578    
       93600 -0.683454945         985813.3        0.000000       -14723.86     -5.95794892274E+07  2.58254953966E+05 -2.30700276268E+02   4.18195298              400  0.15702    
       93700 -0.683366650         985809.4        0.000000       -14722.98     -5.95781322067E+07  2.58249071847E+05 -2.30700276213E+02   4.18194128              400  0.15518    
       93800 -0.683408098         985837.0        0.000000       -14723.09     -5.95776360091E+07  2.58246921103E+05 -2.30700276133E+02   4.18183877              400  0.15517    
       93900 -0.683403246         985826.2        0.000000       -14722.64     -5.95766646290E+07  2.58242710466E+05 -2.30700276192E+02   4.18186346              400  0.15860    
       94000 -0.683514359         985877.1        0.000000       -14721.02     -5.95778660369E+07  2.58247918106E+05 -2.30700276207E+02   4.18173424              400  0.15505    
       94100 -0.683713764         985892.4        0.000000       -14721.68     -5.95807855750E+07  2.58260573147E+05 -2.30700276271E+02   4.18182707              400  0.15492    
       94200 -0.683660527         985831.8        0.000000       -14724.98     -5.95799625640E+07  2.58257005757E+05 -2.30700276220E+02   4.18200397              400  0.15705    
       94300 -0.683317093         985783.4        0.000000       -14726.10     -5.95773099126E+07  2.58245507739E+05 -2.30700276006E+02   4.18191857              400  0.15514    
       94400 -0.683304490         985805.9        0.000000       -14728.57     -5.95767284644E+07  2.58242987365E+05 -2.30700276016E+02   4.18184409              400  0.15502    
       94500 -0.683443105         985838.4        0.000000       -14723.42     -5.95773491719E+07  2.58245677743E+05 -2.30700276158E+02   4.18179387              400  0.15533    
       94600 -0.683692966         985903.9        0.000000       -14720.50     -5.95801288841E+07  2.58257726689E+05 -2.30700276224E+02   4.18181202              400  0.15534    
       94700 -0.683610853         985826.8        0.000000       -14721.84     -5.95788372970E+07  2.58252128054E+05 -2.30700276300E+02   4.18198886              400  0.15480    
       94800 -0.683354893         985788.0        0.000000       -14721.87     -5.95771233194E+07  2.58244698536E+05 -2.30700276355E+02   4.18193183              400  0.15619    
       94900 -0.683122079         985755.6        0.000000       -14726.19     -5.95752865637E+07  2.58236737024E+05 -2.30700276228E+02   4.18193863              400  0.15490    
       95000 -0.683287685         985825.6        0.000000       -14725.02     -5.95768258300E+07  2.58243409009E+05 -2.30700276374E+02   4.18177617              400  0.15831    
       95100 -0.683516408         985831.5        0.000000       -14724.07     -5.95790264264E+07  2.58252947782E+05 -2.30700276369E+02   4.18195531              400  0.15708    
       95200 -0.683445928         985810.6        0.000000       -14729.46     -5.95785668691E+07  2.58250955799E+05 -2.30700276345E+02   4.18184149              400  0.15528    
       95300 -0.683438870         985819.2        0.000000       -14726.31     -5.95801231884E+07  2.58257701904E+05 -2.30700276310E+02   4.18197130              400  0.15667    
       95400 -0.683459987         985817.9        0.000000       -14725.94     -5.95785146248E+07  2.58250729402E+05 -2.30700276288E+02   4.18193213              400  0.15680    
       95500 -0.683502894         985850.3        0.000000       -14719.93     -5.95780310782E+07  2.58248633386E+05 -2.30700276307E+02   4.18182999              400  0.15586    
       95600 -0.683512744         985803.7        0.000000       -14723.00     -5.95794334788E+07  2.58254712085E+05 -2.30700276475E+02   4.18193986              400  0.15543    
       95700 -0.683058185         985724.5        0.000000       -14721.64     -5.95762486487E+07  2.58240907015E+05 -2.30700276487E+02   4.18197581              400  0.15631    
       95800 -0.683029052         985778.0        0.000000       -14724.47     -5.95771828696E+07  2.58244956788E+05 -2.30700276244E+02   4.18179709              400  0.15507    
       95900 -0.683284431         985799.5        0.000000       -14721.27     -5.95790160662E+07  2.58252903210E+05 -2.30700276069E+02   4.18196293              400  0.15800    
       96000 -0.683436467         985845.4        0.000000       -14722.98     -5.95788905321E+07  2.58252358934E+05 -2.30700276187E+02   4.18181835              400  0.15652    
       96100 -0.683514809         985823.0        0.000000       -14724.78     -5.95787911436E+07  2.58251928084E+05 -2.30700276221E+02   4.18195106              400  0.15845    
       96200 -0.683465209         985837.9        0.000000       -14730.75     -5.95791380690E+07  2.58253432013E+05 -2.30700276099E+02   4.18181290              400  0.15775    
       96300 -0.683602281         985869.7        0.000000       -14729.16     -5.95822531038E+07  2.58266934577E+05 -2.30700276059E+02   4.18183655              400  0.15503    
       96400 -0.683682376         985864.4        0.000000       -14727.40     -5.95825507197E+07  2.58268224764E+05 -2.30700275941E+02   4.18192487              400  0.15497    
       96500 -0.683620946         985812.1        0.000000       -14730.44     -5.95827618487E+07  2.58269140032E+05 -2.30700275850E+02   4.18209064              400  0.15729    
       96600 -0.683427010         985795.2        0.000000       -14728.17     -5.95806340259E+07  2.58259916653E+05 -2.30700275901E+02   4.18194323              400  0.15698    
       96700 -0.683252847         985782.2        0.000000       -14724.38     -5.95785670495E+07  2.58250957024E+05 -2.30700275949E+02   4.18192486              400  0.15476    
       96800 -0.683234371         985792.5        0.000000       -14728.96     -5.95767600352E+07  2.58243124149E+05 -2.30700276074E+02   4.18184234              400  0.15636    
       96900 -0.683338095         985791.3        0.000000       -14725.62     -5.95778177868E+07  2.58247709035E+05 -2.30700276140E+02   4.18193932              400  0.15496    
       97000 -0.683398463         985835.8        0.000000       -14730.70     -5.95799509732E+07  2.58256955594E+05 -2.30700276150E+02   4.18176007              400  0.15481    
       97100 -0.683579829         985864.0        0.000000       -14732.18     -5.95820717634E+07  2.58266148537E+05 -2.30700276056E+02   4.18187678              400  0.15578    
       97200 -0.683474116         985805.0        0.000000       -14731.67     -5.95807803440E+07  2.58260550902E+05 -2.30700275888E+02   4.18196815              400  0.15481    
       97300 -0.683415275         985831.1        0.000000       -14730.46     -5.95799756094E+07  2.58257062764E+05 -2.30700275809E+02   4.18184156              400  0.15502    
       97400 -0.683466643         985810.8        0.000000       -14728.63     -5.95807303630E+07  2.58260334389E+05 -2.30700275766E+02   4.18202721              400  0.15959    
       97500 -0.683469920         985868.5        0.000000       -14729.28     -5.95805096808E+07  2.58259377730E+05 -2.30700275841E+02   4.18170509              400  0.15478    
       97600 -0.683661255         985856.9        0.000000       -14730.54     -5.95823153939E+07  2.58267204974E+05 -2.30700275708E+02   4.18195374              400  0.15623    
       97700 -0.683642292         985877.6        0.000000       -14735.57     -5.95832206290E+07  2.58271128945E+05 -2.30700275607E+02   4.18182551              400  0.15629    
       97800 -0.683800033         985899.2        0.000000       -14731.52     -5.95845571415E+07  2.58276922069E+05 -2.30700275752E+02   4.18191380              400  0.15800    
       97900 -0.683781820         985901.3        0.000000       -14731.57     -5.95832954748E+07  2.58271453195E+05 -2.30700275767E+02   4.18184265              400  0.15659    
       98000 -0.683820514         985865.0        0.000000       -14730.99     -5.95833730124E+07  2.58271789195E+05 -2.30700275853E+02   4.18200224              400  0.15838    
       98100 -0.683475013         985796.9        0.000000       -14732.86     -5.95802640734E+07  2.58258313055E+05 -2.30700275893E+02   4.18191075              400  0.15598    
       98200 -0.683292852         985760.8        0.000000       -14729.57     -5.95797940294E+07  2.58256275634E+05 -2.30700275853E+02   4.18211999              400  0.15650    
       98300 -0.683242984         985812.3        0.000000       -14732.52     -5.95787141757E+07  2.58251594829E+05 -2.30700275888E+02   4.18172665              400  0.15605    
       98400 -0.683481400         985849.0        0.000000       -14732.70     -5.95826349178E+07  2.58268589844E+05 -2.30700275840E+02   4.18180991              400  0.15745    
       98500 -0.683625012         985862.6        0.000000       -14730.94     -5.95839257907E+07  2.58274185184E+05 -2.30700275942E+02   4.18189834              400  0.15706    
       98600 -0.683606089         985831.9        0.000000       -14730.34     -5.95824533841E+07  2.58267802757E+05 -2.30700276024E+02   4.18214317              400  0.15647    
       98700 -0.683546105         985857.0        0.000000       -14727.17     -5.95798047550E+07  2.58256321915E+05 -2.30700276041E+02   4.18192526              400  0.15619    
       98800 -0.683534903         985833.0        0.000000       -14724.06     -5.95776860470E+07  2.58247138000E+05 -2.30700276132E+02   4.18200271              400  0.15632    
       98900 -0.683233552         985748.0        0.000000       -14720.08     -5.95725415739E+07  2.58224838480E+05 -2.30700276257E+02   4.18205139              400  0.15602    
       99000 -0.683066128         985762.8        0.000000       -14723.00     -5.95714648339E+07  2.58220171248E+05 -2.30700276225E+02   4.18179908              400  0.15612    
       99100 -0.683209082         985786.1        0.000000       -14720.29     -5.95743382665E+07  2.58232626606E+05 -2.30700276140E+02   4.18177720              400  0.15752    
       99200 -0.683265132         985796.3        0.000000       -14717.64     -5.95748164205E+07  2.58234699040E+05 -2.30700276306E+02   4.18185853              400  0.15672    
       99300 -0.683380055         985811.9        0.000000       -14717.51     -5.95754544794E+07  2.58237464772E+05 -2.30700276322E+02   4.18182014              400  0.15581    
       99400 -0.683471606         985820.1        0.000000       -14717.15     -5.95769604078E+07  2.58243992296E+05 -2.30700276425E+02   4.18193138              400  0.15614    
       99500 -0.683430879         985803.2        0.000000       -14716.35     -5.95762744765E+07  2.58241019001E+05 -2.30700276458E+02   4.18207140              400  0.15651    
       99600 -0.683232273         985793.1        0.000000       -14718.22     -5.95732288962E+07  2.58227817667E+05 -2.30700276347E+02   4.18182890              400  0.15643    
       99700 -0.683228937         985791.9        0.000000       -14723.69     -5.95737463175E+07  2.58230060593E+05 -2.30700276260E+02   4.18178582              400  0.15720    
       99800 -0.683184062         985767.2        0.000000       -14722.94     -5.95745032299E+07  2.58233341646E+05 -2.30700276154E+02   4.18192937              400  0.15680    
       99900 -0.683150424         985747.7        0.000000       -14717.43     -5.95736226303E+07  2.58229524520E+05 -2.30700276203E+02   4.18188993              400  0.15581    
      100000 -0.683239150         985817.8        0.000000       -14717.34     -5.95755131369E+07  2.58237719298E+05 -2.30700276082E+02   4.18174747              400  0.15557    
      100100 -0.683394702         985827.0        0.000000       -14709.57     -5.95768045907E+07  2.58243317235E+05 -2.30700276114E+02   4.18185330              400  0.15662    
      100200 -0.683601729         985887.3        0.000000       -14706.31     -5.95775639438E+07  2.58246608801E+05 -2.30700276068E+02   4.18183106              400  0.15591    
      100300 -0.683865790         985922.5        0.000000       -14705.79     -5.95785028943E+07  2.58250678895E+05 -2.30700275985E+02   4.18190890              400  0.15528    
      100400 -0.683849636         985913.2        0.000000       -14708.46     -5.95761876451E+07  2.58240643282E+05 -2.30700275867E+02   4.18187895              400  0.15547    
      100500 -0.683758089         985880.7        0.000000       -14710.55     -5.95740932781E+07  2.58231564995E+05 -2.30700275852E+02   4.18192324              400  0.15726    
      100600 -0.683869421         985900.0        0.000000       -14706.65     -5.95749715404E+07  2.58235371763E+05 -2.30700276006E+02   4.18185996              400  0.15529    
      100700 -0.683770870         985848.0        0.000000       -14704.32     -5.95739131461E+07  2.58230783825E+05 -2.30700276179E+02   4.18203516              400  0.15492    
      100800 -0.683474065         985830.1        0.000000       -14704.47     -5.95716521682E+07  2.58220983302E+05 -2.30700276199E+02   4.18183663              400  0.15709    
      100900 -0.683488811         985830.4        0.000000       -14702.34     -5.95720065977E+07  2.58222519442E+05 -2.30700276360E+02   4.18187573              400  0.15656    
      101000 -0.683447495         985836.7        0.000000       -14704.72     -5.95722450188E+07  2.58223552886E+05 -2.30700276380E+02   4.18177741              400  0.15485    
      101100 -0.683311764         985755.7        0.000000       -14704.26     -5.95719697795E+07  2.58222359960E+05 -2.30700276261E+02   4.18210922              400  0.15587    
      101200 -0.683178188         985795.7        0.000000       -14697.85     -5.95692912962E+07  2.58210749664E+05 -2.30700276320E+02   4.18184719              400  0.15552    
      101300 -0.683393283         985845.3        0.000000       -14701.69     -5.95724126029E+07  2.58224279287E+05 -2.30700276393E+02   4.18175671              400  0.15513    
      101400 -0.683629912         985889.9        0.000000       -14702.11     -5.95741433897E+07  2.58231781574E+05 -2.30700276420E+02   4.18179058              400  0.15842    
      101500 -0.683753552         985863.2        0.000000       -14704.78     -5.95750775346E+07  2.58235830851E+05 -2.30700276326E+02   4.18199076              400  0.15491    
      101600 -0.683529091         985814.7        0.000000       -14703.30     -5.95703843324E+07  2.58215487360E+05 -2.30700276507E+02   4.18202110              400  0.15521    
      101700 -0.683562218         985860.9        0.000000       -14703.67     -5.95701503163E+07  2.58214472986E+05 -2.30700276508E+02   4.18181085              400  0.15619    
      101800 -0.683599847         985874.3        0.000000       -14705.34     -5.95713912309E+07  2.58219851851E+05 -2.30700276543E+02   4.18182101              400  0.15482    
      101900 -0.683826500         985885.2        0.000000       -14709.01     -5.95751663324E+07  2.58236215561E+05 -2.30700276501E+02   4.18189435              400  0.15591    
      102000 -0.683650990         985844.4        0.000000       -14707.21     -5.95742370300E+07  2.58232187462E+05 -2.30700276428E+02   4.18198245              400  0.15624    
      102100 -0.683560120         985842.1        0.000000       -14709.68     -5.95731435484E+07  2.58227447608E+05 -2.30700276443E+02   4.18186479              400  0.15616    
      102200 -0.683527736         985843.9        0.000000       -14709.28     -5.95737356655E+07  2.58230014342E+05 -2.30700276330E+02   4.18181709              400  0.15643    
      102300 -0.683651906         985880.8        0.000000       -14711.71     -5.95763512673E+07  2.58241352068E+05 -2.30700276274E+02   4.18176103              400  0.15632    
      102400 -0.683753352         985884.4        0.000000       -14713.99     -5.95788452032E+07  2.58252162356E+05 -2.30700276271E+02   4.18185340              400  0.15652    
      102500 -0.683722169         985896.0        0.000000       -14714.62     -5.95787496587E+07  2.58251748340E+05 -2.30700276152E+02   4.18180612              400  0.15562    
      102600 -0.683843935         985904.3        0.000000       -14714.12     -5.95799269329E+07  2.58256851359E+05 -2.30700276176E+02   4.18192254              400  0.15676    
      102700 -0.683791726         985879.1        0.000000       -14715.59     -5.95781579431E+07  2.58249183480E+05 -2.30700276145E+02   4.18197137              400  0.15683    
      102800 -0.683513142         985806.6        0.000000       -14715.80     -5.95745296743E+07  2.58233456340E+05 -2.30700276093E+02   4.18204217              400  0.15840    
      102900 -0.683266619         985794.3        0.000000       -14713.86     -5.95712452246E+07  2.58219219487E+05 -2.30700276079E+02   4.18189982              400  0.15623    
      103000 -0.683393228         985805.4        0.000000       -14710.98     -5.95717065112E+07  2.58221218930E+05 -2.30700276135E+02   4.18195335              400  0.15612    
      103100 -0.683547004         985836.6        0.000000       -14715.79     -5.95738885327E+07  2.58230677190E+05 -2.30700276129E+02   4.18189293              400  0.15539    
      103200 -0.683386316         985801.1        0.000000       -14713.01     -5.95733290455E+07  2.58228251937E+05 -2.30700276204E+02   4.18199897              400  0.15517    
      103300 -0.683521665         985915.4        0.000000       -14711.55     -5.95743039676E+07  2.58232477894E+05 -2.30700276175E+02   4.18163513              400  0.15495    
      103400 -0.683844295         985894.5        0.000000       -14709.69     -5.95764943612E+07  2.58241972442E+05 -2.30700276171E+02   4.18196258              400  0.15778    
      103500 -0.683690081         985849.2        0.000000       -14707.29     -5.95750544812E+07  2.58235731140E+05 -2.30700276132E+02   4.18194205              400  0.15505    
      103600 -0.683683764         985885.2        0.000000       -14708.66     -5.95767692127E+07  2.58243163959E+05 -2.30700276047E+02   4.18175423              400  0.15499    
      103700 -0.683782019         985899.6        0.000000       -14703.55     -5.95773885862E+07  2.58245848681E+05 -2.30700276076E+02   4.18186920              400  0.15568    
      103800 -0.683800939         985858.9        0.000000       -14702.88     -5.95763189126E+07  2.58241212003E+05 -2.30700276112E+02   4.18207429              400  0.15496    
      103900 -0.683521743         985841.9        0.000000       -14701.93     -5.95720405129E+07  2.58222666715E+05 -2.30700276125E+02   4.18193038              400  0.15510    
      104000 -0.683526853         985829.6        0.000000       -14702.42     -5.95709120027E+07  2.58217775071E+05 -2.30700276100E+02   4.18200229              400  0.15509    
      104100 -0.683447432         985805.2        0.000000       -14704.22     -5.95699494227E+07  2.58213602518E+05 -2.30700276212E+02   4.18188656              400  0.15495    
      104200 -0.683286766         985782.7        0.000000       -14706.20     -5.95701883045E+07  2.58214637959E+05 -2.30700276233E+02   4.18185254              400  0.15521    
      104300 -0.683314862         985797.9        0.000000       -14706.01     -5.95714427981E+07  2.58220075779E+05 -2.30700276182E+02   4.18183216              400  0.15572    
      104400 -0.683380153         985828.5        0.000000       -14707.08     -5.95731080544E+07  2.58227294162E+05 -2.30700276079E+02   4.18178017              400  0.15526    
      104500 -0.683484159         985844.6        0.000000       -14709.55     -5.95754435518E+07  2.58237417533E+05 -2.30700276207E+02   4.18174797              400  0.15494    
      104600 -0.683484254         985846.8        0.000000       -14713.12     -5.95765883171E+07  2.58242379706E+05 -2.30700276171E+02   4.18179142              400  0.15524    
      104700 -0.683567823         985851.5        0.000000       -14711.17     -5.95766621290E+07  2.58242699584E+05 -2.30700276232E+02   4.18199731              400  0.15623    
      104800 -0.683553366         985866.6        0.000000       -14713.96     -5.95753885833E+07  2.58237179067E+05 -2.30700276383E+02   4.18173960              400  0.15501    
      104900 -0.683590036         985878.6        0.000000       -14712.55     -5.95764396874E+07  2.58241735201E+05 -2.30700276394E+02   4.18176693              400  0.15523    
      105000 -0.683674433         985886.4        0.000000       -14709.65     -5.95774361775E+07  2.58246054542E+05 -2.30700276460E+02   4.18185186              400  0.15701    
      105100 -0.683707349         985878.7        0.000000       -14712.24     -5.95771313045E+07  2.58244732807E+05 -2.30700276660E+02   4.18191071              400  0.15703    
      105200 -0.683706259         985847.9        0.000000       -14712.11     -5.95762445161E+07  2.58240888715E+05 -2.30700276833E+02   4.18206302              400  0.15577    
      105300 -0.683459071         985794.7        0.000000       -14709.55     -5.95729039307E+07  2.58226408612E+05 -2.30700276749E+02   4.18200060              400  0.15497    
      105400 -0.683311228         985794.4        0.000000       -14713.63     -5.95727182063E+07  2.58225603722E+05 -2.30700276609E+02   4.18191166              400  0.15653    
      105500 -0.683433418         985848.5        0.000000       -14712.46     -5.95729749156E+07  2.58226716567E+05 -2.30700276515E+02   4.18185876              400  0.15585    
      105600 -0.683601828         985858.9        0.000000       -14710.07     -5.95734743891E+07  2.58228881790E+05 -2.30700276344E+02   4.18196915              400  0.15703    
      105700 -0.683618777         985850.6        0.000000       -14713.71     -5.95724142141E+07  2.58224286445E+05 -2.30700276237E+02   4.18180276              400  0.15649    
      105800 -0.683572180         985853.6        0.000000       -14711.30     -5.95737448253E+07  2.58230054247E+05 -2.30700276151E+02   4.18192346              400  0.15518    
      105900 -0.683547182         985835.7        0.000000       -14709.70     -5.95729463975E+07  2.58226593038E+05 -2.30700276438E+02   4.18183808              400  0.15661    
      106000 -0.683449393         985808.5        0.000000       -14711.86     -5.95729573825E+07  2.58226640624E+05 -2.30700276465E+02   4.18195125              400  0.15532    
      106100 -0.683441273         985857.6        0.000000       -14714.37     -5.95720776253E+07  2.58222827192E+05 -2.30700276475E+02   4.18174414              400  0.15603    
      106200 -0.683687071         985888.9        0.000000       -14715.36     -5.95751295870E+07  2.58236056324E+05 -2.30700276465E+02   4.18181064              400  0.15491    
      106300 -0.683744299         985870.9        0.000000       -14722.79     -5.95759654705E+07  2.58239679686E+05 -2.30700276359E+02   4.18191163              400  0.15517    
      106400 -0.683549488         985824.3        0.000000       -14721.38     -5.95743602414E+07  2.58232721646E+05 -2.30700276331E+02   4.18195823              400  0.15489    
      106500 -0.683439754         985819.6        0.000000       -14719.03     -5.95751631555E+07  2.58236202061E+05 -2.30700276259E+02   4.18175838              400  0.15640    
      106600 -0.683498612         985868.0        0.000000       -14720.03     -5.95780552344E+07  2.58248738245E+05 -2.30700276173E+02   4.18173238              400  0.15545    
      106700 -0.683816366         985918.8        0.000000       -14720.25     -5.95812769421E+07  2.58262703235E+05 -2.30700276098E+02   4.18186231              400  0.15502    
      106800 -0.683947731         985901.8        0.000000       -14719.48     -5.95821500351E+07  2.58266487674E+05 -2.30700276182E+02   4.18202249              400  0.15516    
      106900 -0.683669477         985836.9        0.000000       -14723.05     -5.95791462543E+07  2.58253467319E+05 -2.30700276255E+02   4.18196547              400  0.15749    
      107000 -0.683408850         985810.3        0.000000       -14724.52     -5.95763217139E+07  2.58241223822E+05 -2.30700276401E+02   4.18190827              400  0.15513    
      107100 -0.683301280         985817.4        0.000000       -14725.40     -5.95757648538E+07  2.58238810030E+05 -2.30700276410E+02   4.18180525              400  0.15529    
      107200 -0.683530194         985868.3        0.000000       -14726.70     -5.95791583168E+07  2.58253519400E+05 -2.30700276439E+02   4.18173967              400  0.15790    
      107300 -0.683606600         985855.7        0.000000       -14726.73     -5.95801124444E+07  2.58257655243E+05 -2.30700276390E+02   4.18190444              400  0.15642    
      107400 -0.683506052         985842.2        0.000000       -14730.44     -5.95793259330E+07  2.58254246073E+05 -2.30700276332E+02   4.18182535              400  0.15711    
      107500 -0.683439227         985805.7        0.000000       -14730.01     -5.95792345706E+07  2.58253850047E+05 -2.30700276335E+02   4.18186055              400  0.15559    
      107600 -0.683438955         985814.6        0.000000       -14727.76     -5.95801865983E+07  2.58257976775E+05 -2.30700276299E+02   4.18189441              400  0.15569    
      107700 -0.683319588         985783.9        0.000000       -14729.57     -5.95797682790E+07  2.58256163468E+05 -2.30700276341E+02   4.18190774              400  0.15502    
      107800 -0.683465006         985817.5        0.000000       -14729.66     -5.95821158784E+07  2.58266339555E+05 -2.30700276238E+02   4.18192878              400  0.15634    
      107900 -0.683482190         985852.5        0.000000       -14736.71     -5.95837208911E+07  2.58273296789E+05 -2.30700276149E+02   4.18173868              400  0.15499    
      108000 -0.683467930         985828.4        0.000000       -14736.99     -5.95844746824E+07  2.58276564085E+05 -2.30700276246E+02   4.18190493              400  0.15539    
      108100 -0.683487241         985825.6        0.000000       -14738.31     -5.95850819726E+07  2.58279196508E+05 -2.30700276206E+02   4.18187993              400  0.15497    
      108200 -0.683395765         985828.8        0.000000       -14732.05     -5.95843164089E+07  2.58275877949E+05 -2.30700276317E+02   4.18187542              400  0.15738    
      108300 -0.683592504         985863.8        0.000000       -14733.22     -5.95862151662E+07  2.58284108336E+05 -2.30700276336E+02   4.18182369              400  0.15587    
      108400 -0.683711878         985861.8        0.000000       -14739.77     -5.95887462708E+07  2.58295079633E+05 -2.30700276426E+02   4.18192649              400  0.15626    
      108500 -0.683784886         985886.8        0.000000       -14735.87     -5.95901484955E+07  2.58301157820E+05 -2.30700276369E+02   4.18188047              400  0.15528    
      108600 -0.683712627         985879.2        0.000000       -14735.78     -5.95887283358E+07  2.58295002126E+05 -2.30700276216E+02   4.18188058              400  0.15523    
      108700 -0.683678501         985872.4        0.000000       -14731.45     -5.95878333997E+07  2.58291123039E+05 -2.30700276102E+02   4.18191710              400  0.15709    
      108800 -0.683623703         985843.8        0.000000       -14736.24     -5.95869833896E+07  2.58287438658E+05 -2.30700276015E+02   4.18199124              400  0.15512    
      108900 -0.683497845         985856.0        0.000000       -14733.31     -5.95848451087E+07  2.58278169995E+05 -2.30700276023E+02   4.18185747              400  0.15522    
      109000 -0.683702955         985903.1        0.000000       -14725.87     -5.95863342728E+07  2.58284625114E+05 -2.30700275893E+02   4.18184566              400  0.15883    
      109100 -0.683885522         985903.6        0.000000       -14724.37     -5.95865917905E+07  2.58285741359E+05 -2.30700275892E+02   4.18192599              400  0.15527    
      109200 -0.683678881         985827.0        0.000000       -14725.06     -5.95832176432E+07  2.58271115677E+05 -2.30700275898E+02   4.18203835              400  0.15748    
      109300 -0.683369516         985785.7        0.000000       -14724.27     -5.95811364578E+07  2.58262094561E+05 -2.30700275854E+02   4.18189664              400  0.15541    
      109400 -0.683359919         985835.5        0.000000       -14725.38     -5.95826224415E+07  2.58268535788E+05 -2.30700275819E+02   4.18174919              400  0.15720    
      109500 -0.683705757         985917.9        0.000000       -14719.25     -5.95860116797E+07  2.58283226982E+05 -2.30700275724E+02   4.18174465              400  0.15780    
      109600 -0.683861280         985892.1        0.000000       -14716.33     -5.95869102060E+07  2.58287121737E+05 -2.30700275744E+02   4.18195873              400  0.15734    
      109700 -0.683729058         985871.0        0.000000       -14717.32     -5.95845206490E+07  2.58276763717E+05 -2.30700275904E+02   4.18195139              400  0.15728    
      109800 -0.683739416         985860.9        0.000000       -14719.06     -5.95841811348E+07  2.58275291899E+05 -2.30700276037E+02   4.18203468              400  0.15518    
      109900 -0.683704780         985898.2        0.000000       -14717.31     -5.95817642674E+07  2.58264815614E+05 -2.30700276093E+02   4.18183231              400  0.15839    
      110000 -0.683747454         985838.5        0.000000       -14719.96     -5.95825364496E+07  2.58268162762E+05 -2.30700276071E+02   4.18198048              400  0.15650    
      110100 -0.683616390         985870.6        0.000000       -14721.89     -5.95818599701E+07  2.58265230521E+05 -2.30700276030E+02   4.18190966              400  0.15640    
      110200 -0.683679043         985880.9        0.000000       -14722.07     -5.95827418425E+07  2.58269053040E+05 -2.30700276093E+02   4.18176671              400  0.15485    
      110300 -0.683562867         985825.3        0.000000       -14725.26     -5.95830611374E+07  2.58270437104E+05 -2.30700276058E+02   4.18200590              400  0.15602    
      110400 -0.683517382         985856.3        0.000000       -14726.10     -5.95831179685E+07  2.58270683314E+05 -2.30700276176E+02   4.18179346              400  0.15478    
      110500 -0.683608306         985849.3        0.000000       -14723.64     -5.95844611630E+07  2.58276505682E+05 -2.30700276069E+02   4.18189167              400  0.15571    
      110600 -0.683629858         985869.9        0.000000       -14723.83     -5.95851959609E+07  2.58279690781E+05 -2.30700276049E+02   4.18188062              400  0.15639    
      110700 -0.683652489         985872.5        0.000000       -14721.81     -5.95850103494E+07  2.58278886156E+05 -2.30700276109E+02   4.18184422              400  0.15714    
      110800 -0.683585231         985839.5        0.000000       -14719.95     -5.95837226068E+07  2.58273304226E+05 -2.30700276149E+02   4.18198619              400  0.15837    
      110900 -0.683421521         985809.3        0.000000       -14725.30     -5.95824925623E+07  2.58267972430E+05 -2.30700276158E+02   4.18191005              400  0.15751    
      111000 -0.683399711         985834.0        0.000000       -14721.79     -5.95825813876E+07  2.58268357417E+05 -2.30700276192E+02   4.18176814              400  0.15605    
      111100 -0.683509267         985819.5        0.000000       -14725.27     -5.95848244172E+07  2.58278080155E+05 -2.30700276157E+02   4.18190151              400  0.15740    
      111200 -0.683425552         985832.8        0.000000       -14725.42     -5.95844799080E+07  2.58276586778E+05 -2.30700276209E+02   4.18178676              400  0.15806    
      111300 -0.683632796         985888.2        0.000000       -14724.12     -5.95871100123E+07  2.58287987441E+05 -2.30700276086E+02   4.18185810              400  0.15512    
      111400 -0.683684752         985845.5        0.000000       -14722.88     -5.95864291131E+07  2.58285036165E+05 -2.30700275935E+02   4.18210797              400  0.15510    
      111500 -0.683471045         985832.9        0.000000       -14721.15     -5.95824185374E+07  2.58267651660E+05 -2.30700276068E+02   4.18199298              400  0.15539    
      111600 -0.683517813         985827.5        0.000000       -14716.79     -5.95814046258E+07  2.58263256656E+05 -2.30700276134E+02   4.18197780              400  0.15525    
      111700 -0.683343656         985822.5        0.000000       -14720.10     -5.95785343298E+07  2.58250815006E+05 -2.30700276119E+02   4.18183632              400  0.15537    
      111800 -0.683386287         985830.3        0.000000       -14712.43     -5.95786112755E+07  2.58251148607E+05 -2.30700276056E+02   4.18187736              400  0.15707    
      111900 -0.683522353         985858.3        0.000000       -14714.81     -5.95793840349E+07  2.58254498191E+05 -2.30700276093E+02   4.18177495              400  0.15720    
      112000 -0.683607852         985862.2        0.000000       -14714.05     -5.95813947013E+07  2.58263213801E+05 -2.30700275988E+02   4.18184727              400  0.15546    
      112100 -0.683620632         985858.4        0.000000       -14710.93     -5.95822141682E+07  2.58266765963E+05 -2.30700275918E+02   4.18194889              400  0.15501    
      112200 -0.683685289         985878.0        0.000000       -14710.97     -5.95818927245E+07  2.58265372681E+05 -2.30700275867E+02   4.18186326              400  0.15809    
      112300 -0.683636612         985854.9        0.000000       -14711.51     -5.95810618333E+07  2.58261771005E+05 -2.30700275932E+02   4.18192652              400  0.15504    
      112400 -0.683683195         985865.2        0.000000       -14710.18     -5.95810584373E+07  2.58261756178E+05 -2.30700276026E+02   4.18197535              400  0.15623    
      112500 -0.683615945         985849.9        0.000000       -14710.22     -5.95803213879E+07  2.58258561180E+05 -2.30700276171E+02   4.18190814              400  0.15640    
      112600 -0.683535003         985858.7        0.000000       -14708.59     -5.95799369596E+07  2.58256894852E+05 -2.30700276149E+02   4.18179176              400  0.15841    
      112700 -0.683495177         985832.1        0.000000       -14712.84     -5.95800309757E+07  2.58257302474E+05 -2.30700276061E+02   4.18189824              400  0.15654    
      112800 -0.683358684         985797.7        0.000000       -14714.97     -5.95803202058E+07  2.58258556315E+05 -2.30700275940E+02   4.18187138              400  0.15862    
      112900 -0.683346980         985811.5        0.000000       -14707.68     -5.95804868213E+07  2.58259278568E+05 -2.30700275907E+02   4.18194019              400  0.15903    
      113000 -0.683436526         985846.6        0.000000       -14711.40     -5.95802676135E+07  2.58258328178E+05 -2.30700276091E+02   4.18169894              400  0.15693    
      113100 -0.683567285         985831.7        0.000000       -14714.59     -5.95829558546E+07  2.58269980784E+05 -2.30700276020E+02   4.18193196              400  0.15598    
      113200 -0.683608389         985836.5        0.000000       -14713.68     -5.95829924707E+07  2.58270139528E+05 -2.30700275996E+02   4.18200089              400  0.15912    
      113300 -0.683443072         985825.8        0.000000       -14715.38     -5.95805094530E+07  2.58259376622E+05 -2.30700275949E+02   4.18179104              400  0.15559    
      113400 -0.683406989         985808.1        0.000000       -14715.11     -5.95824002383E+07  2.58267572500E+05 -2.30700275925E+02   4.18184966              400  0.15587    
      113500 -0.683241958         985789.5        0.000000       -14709.11     -5.95808477587E+07  2.58260842930E+05 -2.30700276057E+02   4.18195690              400  0.15690    
      113600 -0.683406546         985831.4        0.000000       -14708.99     -5.95811914862E+07  2.58262332963E+05 -2.30700275966E+02   4.18189365              400  0.15546    
      113700 -0.683573415         985871.6        0.000000       -14709.33     -5.95822747436E+07  2.58267028423E+05 -2.30700276018E+02   4.18182680              400  0.15545    
      113800 -0.683796920         985881.6        0.000000       -14707.58     -5.95834758001E+07  2.58272234608E+05 -2.30700275973E+02   4.18204231              400  0.15512    
      113900 -0.683645661         985837.1        0.000000       -14708.76     -5.95791961952E+07  2.58253683948E+05 -2.30700276118E+02   4.18206194              400  0.15492    
      114000 -0.683440659         985777.5        0.000000       -14706.33     -5.95753782493E+07  2.58237134638E+05 -2.30700276058E+02   4.18216676              400  0.15531    
      114100 -0.683263296         985818.4        0.000000       -14701.57     -5.95726733064E+07  2.58225409794E+05 -2.30700275987E+02   4.18182728              400  0.15585    
      114200 -0.683500715         985863.6        0.000000       -14704.36     -5.95747838432E+07  2.58234558109E+05 -2.30700276057E+02   4.18180365              400  0.15609    
      114300 -0.683645666         985855.1        0.000000       -14705.52     -5.95760146086E+07  2.58239892922E+05 -2.30700276144E+02   4.18198218              400  0.15674    
      114400 -0.683623905         985841.9        0.000000       -14710.57     -5.95750737869E+07  2.58235814772E+05 -2.30700276178E+02   4.18194292              400  0.15515    
      114500 -0.683744941         985897.3        0.000000       -14716.60     -5.95782937215E+07  2.58249772108E+05 -2.30700276074E+02   4.18175538              400  0.15798    
      114600 -0.683955768         985923.6        0.000000       -14712.22     -5.95807299339E+07  2.58260332011E+05 -2.30700276229E+02   4.18189844              400  0.15515    
      114700 -0.684023264         985943.2        0.000000       -14709.74     -5.95804620035E+07  2.58259170478E+05 -2.30700276366E+02   4.18178009              400  0.15545    
      114800 -0.683955442         985924.5        0.000000       -14712.15     -5.95811364548E+07  2.58262093879E+05 -2.30700276451E+02   4.18191854              400  0.15508    
      114900 -0.683867098         985882.7        0.000000       -14708.54     -5.95786169464E+07  2.58251172754E+05 -2.30700276444E+02   4.18195294              400  0.15701    
      115000 -0.683619902         985859.6        0.000000       -14707.30     -5.95768143788E+07  2.58243359339E+05 -2.30700276403E+02   4.18186539              400  0.15518    
      115100 -0.683644373         985868.5        0.000000       -14704.36     -5.95779428763E+07  2.58248251000E+05 -2.30700276364E+02   4.18186549              400  0.15655    
      115200 -0.683578036         985807.1        0.000000       -14701.51     -5.95773372159E+07  2.58245625816E+05 -2.30700276249E+02   4.18202153              400  0.15509    
      115300 -0.683423690         985825.8        0.000000       -14703.05     -5.95755752894E+07  2.58237988555E+05 -2.30700276217E+02   4.18184965              400  0.15511    
      115400 -0.683571889         985838.5        0.000000       -14703.10     -5.95786856713E+07  2.58251471027E+05 -2.30700276108E+02   4.18190353              400  0.15490    
      115500 -0.683327928         985750.4        0.000000       -14701.23     -5.95768780537E+07  2.58243635805E+05 -2.30700275993E+02   4.18216772              400  0.15638    
      115600 -0.683246345         985830.1        0.000000       -14703.77     -5.95746341216E+07  2.58233909016E+05 -2.30700276152E+02   4.18170867              400  0.15467    
      115700 -0.683685461         985910.3        0.000000       -14709.53     -5.95822260195E+07  2.58266816962E+05 -2.30700276251E+02   4.18158172              400  0.15665    
      115800 -0.683821030         985922.1        0.000000       -14707.28     -5.95855012465E+07  2.58281013786E+05 -2.30700276312E+02   4.18173093              400  0.15646    
      115900 -0.683828075         985886.7        0.000000       -14706.12     -5.95866305813E+07  2.58285909312E+05 -2.30700276063E+02   4.18199841              400  0.15456    
      116000 -0.683549803         985826.4        0.000000       -14706.03     -5.95812025349E+07  2.58262380768E+05 -2.30700276044E+02   4.18205950              400  0.15463    
      116100 -0.683519321         985841.8        0.000000       -14708.24     -5.95798918522E+07  2.58256699353E+05 -2.30700276126E+02   4.18185629              400  0.15621    
      116200 -0.683396544         985780.4        0.000000       -14708.96     -5.95796114574E+07  2.58255483944E+05 -2.30700276128E+02   4.18199146              400  0.15449    
      116300 -0.683182362         985771.9        0.000000       -14709.92     -5.95767304264E+07  2.58242995682E+05 -2.30700276184E+02   4.18190128              400  0.15496    
      116400 -0.683381542         985821.7        0.000000       -14708.47     -5.95787455266E+07  2.58251730320E+05 -2.30700276249E+02   4.18185474              400  0.15725    
      116500 -0.683472008         985833.3        0.000000       -14711.97     -5.95799603900E+07  2.58256996317E+05 -2.30700276235E+02   4.18181747              400  0.15646    
      116600 -0.683492367         985815.7        0.000000       -14713.59     -5.95808830547E+07  2.58260996021E+05 -2.30700275971E+02   4.18198346              400  0.15466    
      116700 -0.683432960         985840.9        0.000000       -14712.27     -5.95792996180E+07  2.58254132398E+05 -2.30700275983E+02   4.18185290              400  0.15487    
      116800 -0.683483325         985852.2        0.000000       -14711.32     -5.95802791329E+07  2.58258378300E+05 -2.30700275921E+02   4.18180760              400  0.15485    
      116900 -0.683494275         985815.9        0.000000       -14708.81     -5.95809822509E+07  2.58261425946E+05 -2.30700276019E+02   4.18194183              400  0.15654    
      117000 -0.683465332         985865.4        0.000000       -14708.53     -5.95796685023E+07  2.58255731050E+05 -2.30700276273E+02   4.18180700              400  0.15525    
      117100 -0.683661675         985868.8        0.000000       -14707.21     -5.95810549918E+07  2.58261740886E+05 -2.30700276345E+02   4.18190571              400  0.15551    
      117200 -0.683596171         985850.3        0.000000       -14701.96     -5.95804188816E+07  2.58258983493E+05 -2.30700276427E+02   4.18193740              400  0.15875    
      117300 -0.683624384         985835.2        0.000000       -14702.42     -5.95796846904E+07  2.58255801068E+05 -2.30700276408E+02   4.18194604              400  0.15639    
      117400 -0.683414171         985798.9        0.000000       -14702.98     -5.95779221185E+07  2.58248161141E+05 -2.30700276259E+02   4.18203036              400  0.15733    
      117500 -0.683379459         985805.5        0.000000       -14706.27     -5.95767037816E+07  2.58242880155E+05 -2.30700276212E+02   4.18189331              400  0.15919    
      117600 -0.683431262         985850.5        0.000000       -14710.59     -5.95775899847E+07  2.58246721384E+05 -2.30700276330E+02   4.18172664              400  0.15665    
      117700 -0.683687515         985891.1        0.000000       -14709.86     -5.95812523744E+07  2.58262596608E+05 -2.30700276219E+02   4.18185038              400  0.15606    
      117800 -0.683762288         985877.9        0.000000       -14709.33     -5.95810976274E+07  2.58261925850E+05 -2.30700276208E+02   4.18192532              400  0.15792    
      117900 -0.683671664         985845.4        0.000000       -14709.36     -5.95803519182E+07  2.58258693376E+05 -2.30700276298E+02   4.18202628              400  0.15639    
      118000 -0.683330073         985753.9        0.000000       -14711.50     -5.95769378969E+07  2.58243894784E+05 -2.30700276368E+02   4.18206310              400  0.15781    
      118100 -0.683105014         985754.5        0.000000       -14705.22     -5.95735751995E+07  2.58229318747E+05 -2.30700276361E+02   4.18192559              400  0.15648    
      118200 -0.683130614         985755.9        0.000000       -14703.24     -5.95734479415E+07  2.58228767111E+05 -2.30700276379E+02   4.18191814              400  0.15793    
      118300 -0.683201666         985784.7        0.000000       -14704.62     -5.95743248725E+07  2.58232568243E+05 -2.30700276413E+02   4.18184489              400  0.15601    
      118400 -0.683353465         985824.3        0.000000       -14708.06     -5.95765000557E+07  2.58241996998E+05 -2.30700276285E+02   4.18179954              400  0.15695    
      118500 -0.683447399         985821.5        0.000000       -14706.76     -5.95767087061E+07  2.58242901363E+05 -2.30700276336E+02   4.18192567              400  0.15691    
      118600 -0.683495480         985873.1        0.000000       -14712.84     -5.95787025207E+07  2.58251543642E+05 -2.30700276484E+02   4.18159904              400  0.15837    
      118700 -0.683714671         985868.2        0.000000       -14718.79     -5.95837380150E+07  2.58273370798E+05 -2.30700276343E+02   4.18186357              400  0.15717    
      118800 -0.683544834         985824.1        0.000000       -14716.74     -5.95828407109E+07  2.58269481448E+05 -2.30700276226E+02   4.18196922              400  0.15710    
      118900 -0.683396673         985807.2        0.000000       -14718.79     -5.95823398127E+07  2.58267310418E+05 -2.30700276067E+02   4.18189571              400  0.15676    
      119000 -0.683440456         985843.4        0.000000       -14725.48     -5.95837324052E+07  2.58273346833E+05 -2.30700276029E+02   4.18180142              400  0.15808    
      119100 -0.683672152         985876.7        0.000000       -14720.31     -5.95857854896E+07  2.58282246303E+05 -2.30700275929E+02   4.18186079              400  0.15831    
      119200 -0.683695698         985861.5        0.000000       -14714.42     -5.95854334994E+07  2.58280720447E+05 -2.30700276026E+02   4.18194133              400  0.15621    
      119300 -0.683524646         985824.6        0.000000       -14714.91     -5.95840921560E+07  2.58274906035E+05 -2.30700276193E+02   4.18190729              400  0.15784    
      119400 -0.683558848         985852.6        0.000000       -14717.16     -5.95849007111E+07  2.58278410635E+05 -2.30700276359E+02   4.18188524              400  0.15656    
      119500 -0.683513329         985822.6        0.000000       -14717.68     -5.95839733742E+07  2.58274391019E+05 -2.30700276319E+02   4.18186985              400  0.15811    
      119600 -0.683427331         985810.6        0.000000       -14715.64     -5.95842606682E+07  2.58275636240E+05 -2.30700276401E+02   4.18194440              400  0.15548    
      119700 -0.683332111         985831.3        0.000000       -14717.81     -5.95842878801E+07  2.58275753973E+05 -2.30700276598E+02   4.18171796              400  0.15702    
      119800 -0.683546622         985867.4        0.000000       -14722.47     -5.95884602605E+07  2.58293839944E+05 -2.30700276373E+02   4.18181643              400  0.16023    
      119900 -0.683611268         985855.1        0.000000       -14725.28     -5.95902031817E+07  2.58301395063E+05 -2.30700276192E+02   4.18189093              400  0.15633    
      120000 -0.683512824         985845.3        0.000000       -14722.29     -5.95889068735E+07  2.58295775985E+05 -2.30700276248E+02   4.18190738              400  0.15597    
      120100 -0.683675817         985864.0        0.000000       -14719.08     -5.95886493704E+07  2.58294659735E+05 -2.30700276310E+02   4.18193721              400  0.15523    
      120200 -0.683554367         985827.8        0.000000       -14714.90     -5.95867755195E+07  2.58286537290E+05 -2.30700276308E+02   4.18192940              400  0.15514    
      120300 -0.683525556         985843.2        0.000000       -14717.45     -5.95872609386E+07  2.58288641429E+05 -2.30700276284E+02   4.18187986              400  0.15484    
      120400 -0.683620045         985862.2        0.000000       -14710.52     -5.95885318344E+07  2.58294150314E+05 -2.30700276262E+02   4.18181187              400  0.15506    
      120500 -0.683678859         985891.1        0.000000       -14713.36     -5.95895520572E+07  2.58298572709E+05 -2.30700276166E+02   4.18181792              400  0.15636    
      120600 -0.683674823         985855.7        0.000000       -14711.82     -5.95890071035E+07  2.58296210441E+05 -2.30700276251E+02   4.18196501              400  0.15462    
      120700 -0.683532856         985824.9        0.000000       -14713.33     -5.95859274580E+07  2.58282861125E+05 -2.30700276428E+02   4.18204572              400  0.15613    
      120800 -0.683523358         985811.8        0.000000       -14709.03     -5.95843021892E+07  2.58275816261E+05 -2.30700276363E+02   4.18207597              400  0.15467    
      120900 -0.683470488         985835.4        0.000000       -14711.77     -5.95829749252E+07  2.58270063137E+05 -2.30700276298E+02   4.18187663              400  0.15682    
      121000 -0.683524512         985824.2        0.000000       -14714.09     -5.95841531650E+07  2.58275170272E+05 -2.30700276385E+02   4.18188835              400  0.15554    
      121100 -0.683419385         985797.0        0.000000       -14708.74     -5.95827250140E+07  2.58268979689E+05 -2.30700276455E+02   4.18203081              400  0.15518    
      121200 -0.683430409         985843.9        0.000000       -14707.20     -5.95816841110E+07  2.58264467757E+05 -2.30700276459E+02   4.18179148              400  0.15462    
      121300 -0.683621105         985865.5        0.000000       -14705.27     -5.95836641920E+07  2.58273050546E+05 -2.30700276572E+02   4.18192080              400  0.15620    
      121400 -0.683503076         985816.7        0.000000       -14702.37     -5.95818051377E+07  2.58264992307E+05 -2.30700276508E+02   4.18200602              400  0.15510    
      121500 -0.683557669         985829.9        0.000000       -14699.08     -5.95816026173E+07  2.58264114450E+05 -2.30700276514E+02   4.18193460              400  0.15479    
      121600 -0.683487151         985835.0        0.000000       -14699.67     -5.95813247717E+07  2.58262910069E+05 -2.30700276535E+02   4.18189909              400  0.15840    
      121700 -0.683542504         985867.7        0.000000       -14701.45     -5.95822301049E+07  2.58266834481E+05 -2.30700276420E+02   4.18167503              400  0.15494    
      121800 -0.683708712         985896.0        0.000000       -14704.77     -5.95856911684E+07  2.58281836951E+05 -2.30700276380E+02   4.18183963              400  0.15559    
      121900 -0.683724222         985873.2        0.000000       -14700.77     -5.95853331303E+07  2.58280284912E+05 -2.30700276448E+02   4.18199991              400  0.15498    
      122000 -0.683592051         985829.0        0.000000       -14696.02     -5.95822292018E+07  2.58266830525E+05 -2.30700276457E+02   4.18211201              400  0.15519    
      122100 -0.683360212         985804.3        0.000000       -14694.90     -5.95767610288E+07  2.58243128027E+05 -2.30700276456E+02   4.18200989              400  0.15523    
      122200 -0.683317198         985814.6        0.000000       -14688.27     -5.95745231510E+07  2.58233427705E+05 -2.30700276415E+02   4.18186358              400  0.15631    
      122300 -0.683342137         985788.5        0.000000       -14689.02     -5.95744329943E+07  2.58233037006E+05 -2.30700276328E+02   4.18193946              400  0.15493    
      122400 -0.683413120         985845.6        0.000000       -14687.65     -5.95758663034E+07  2.58239249929E+05 -2.30700276274E+02   4.18179651              400  0.15608    
      122500 -0.683483475         985816.7        0.000000       -14681.40     -5.95770234608E+07  2.58244265800E+05 -2.30700276253E+02   4.18192222              400  0.15497    
      122600 -0.683310913         985797.5        0.000000       -14682.12     -5.95759518101E+07  2.58239620628E+05 -2.30700276221E+02   4.18191558              400  0.15531    
      122700 -0.683373803         985839.8        0.000000       -14686.04     -5.95779977299E+07  2.58248488793E+05 -2.30700276344E+02   4.18167518              400  0.15517    
      122800 -0.683428191         985818.6        0.000000       -14690.67     -5.95802287558E+07  2.58258159415E+05 -2.30700276385E+02   4.18190138              400  0.15706    
      122900 -0.683489990         985803.5        0.000000       -14689.14     -5.95796644556E+07  2.58255713611E+05 -2.30700276181E+02   4.18203974              400  0.15519    
      123000 -0.683255721         985781.9        0.000000       -14691.18     -5.95771956708E+07  2.58245012333E+05 -2.30700276194E+02   4.18185602              400  0.15740    
      123100 -0.683390079         985895.4        0.000000       -14690.78     -5.95793099097E+07  2.58254176633E+05 -2.30700276319E+02   4.18157168              400  0.15703    
      123200 -0.683792262         985889.4        0.000000       -14694.55     -5.95846809387E+07  2.58277458020E+05 -2.30700276344E+02   4.18185266              400  0.15514    
      123300 -0.683645490         985874.1        0.000000       -14700.78     -5.95841437833E+07  2.58275130044E+05 -2.30700275993E+02   4.18182994              400  0.15609    
      123400 -0.683614349         985819.2        0.000000       -14702.46     -5.95851641835E+07  2.58279553158E+05 -2.30700275942E+02   4.18201515              400  0.15742    
      123500 -0.683522625         985857.7        0.000000       -14707.06     -5.95862465157E+07  2.58284244728E+05 -2.30700275886E+02   4.18174700              400  0.15468    
      123600 -0.683645363         985886.6        0.000000       -14704.39     -5.95885222454E+07  2.58294109218E+05 -2.30700275844E+02   4.18183276              400  0.15584    
      123700 -0.683744135         985858.9        0.000000       -14702.70     -5.95886632245E+07  2.58294720345E+05 -2.30700275812E+02   4.18202494              400  0.15666    
      123800 -0.683514451         985823.9        0.000000       -14701.90     -5.95855357979E+07  2.58281164071E+05 -2.30700275849E+02   4.18194103              400  0.15526    
      123900 -0.683546466         985848.5        0.000000       -14700.17     -5.95855248255E+07  2.58281116481E+05 -2.30700275875E+02   4.18190155              400  0.15539    
      124000 -0.683457861         985787.4        0.000000       -14697.56     -5.95844501240E+07  2.58276457974E+05 -2.30700275942E+02   4.18201600              400  0.15653    
      124100 -0.683366345         985806.5        0.000000       -14692.14     -5.95826291977E+07  2.58268564680E+05 -2.30700276170E+02   4.18193792              400  0.15537    
      124200 -0.683437257         985839.8        0.000000       -14692.59     -5.95836252381E+07  2.58272882144E+05 -2.30700276171E+02   4.18185947              400  0.15508    
      124300 -0.683644559         985884.0        0.000000       -14692.12     -5.95845813459E+07  2.58277026596E+05 -2.30700276100E+02   4.18185916              400  0.15710    
      124400 -0.683695327         985863.6        0.000000       -14695.41     -5.95857554904E+07  2.58282116183E+05 -2.30700276005E+02   4.18189941              400  0.15511    
      124500 -0.683609774         985828.9        0.000000       -14700.08     -5.95865078032E+07  2.58285377246E+05 -2.30700275945E+02   4.18196821              400  0.15570    
      124600 -0.683371394         985801.7        0.000000       -14699.37     -5.95837631309E+07  2.58273480129E+05 -2.30700275929E+02   4.18201647              400  0.15506    
      124700 -0.683320658         985832.3        0.000000       -14694.91     -5.95826649111E+07  2.58268719746E+05 -2.30700275936E+02   4.18178197              400  0.15745    
      124800 -0.683695653         985885.4        0.000000       -14692.23     -5.95865059162E+07  2.58285368958E+05 -2.30700276041E+02   4.18185594              400  0.15506    
      124900 -0.683567217         985807.1        0.000000       -14690.68     -5.95853661829E+07  2.58280428584E+05 -2.30700276089E+02   4.18203419              400  0.15646    
      125000 -0.683318870         985793.1        0.000000       -14691.32     -5.95816070692E+07  2.58264134136E+05 -2.30700276166E+02   4.18187400              400  0.15767    
      125100 -0.683277169         985797.0        0.000000       -14696.97     -5.95805450091E+07  2.58259530370E+05 -2.30700276283E+02   4.18187520              400  0.15618    
      125200 -0.683410204         985863.2        0.000000       -14697.56     -5.95807203661E+07  2.58260290285E+05 -2.30700276455E+02   4.18172574              400  0.15504    
      125300 -0.683651076         985862.8        0.000000       -14695.76     -5.95835204399E+07  2.58272427543E+05 -2.30700276474E+02   4.18185342              400  0.15750    
      125400 -0.683521039         985833.5        0.000000       -14699.33     -5.95835522438E+07  2.58272565328E+05 -2.30700276540E+02   4.18187584              400  0.15537    
      125500 -0.683713808         985904.8        0.000000       -14697.27     -5.95848722581E+07  2.58278287116E+05 -2.30700276525E+02   4.18184499              400  0.15697    
      125600 -0.683901078         985908.5        0.000000       -14695.72     -5.95853312899E+07  2.58280276844E+05 -2.30700276529E+02   4.18193673              400  0.15816    
      125700 -0.683721162         985844.1        0.000000       -14695.93     -5.95828569303E+07  2.58269551415E+05 -2.30700276528E+02   4.18202619              400  0.15533    
      125800 -0.683337891         985801.7        0.000000       -14696.68     -5.95793980019E+07  2.58254558259E+05 -2.30700276516E+02   4.18186659              400  0.15536    
      125900 -0.683511700         985877.1        0.000000       -14694.27     -5.95813913363E+07  2.58263198672E+05 -2.30700276472E+02   4.18168458              400  0.15697    
      126000 -0.683781729         985904.1        0.000000       -14697.37     -5.95853766882E+07  2.58280473780E+05 -2.30700276394E+02   4.18187829              400  0.15634    
      126100 -0.683820614         985879.2        0.000000       -14696.99     -5.95858651873E+07  2.58282591287E+05 -2.30700276354E+02   4.18195240              400  0.15690    
      126200 -0.683739642         985895.3        0.000000       -14692.58     -5.95849742760E+07  2.58278729615E+05 -2.30700276266E+02   4.18186967              400  0.15561    
      126300 -0.683751309         985897.6        0.000000       -14692.44     -5.95842071743E+07  2.58275404550E+05 -2.30700276234E+02   4.18194346              400  0.15660    
      126400 -0.683744248         985873.9        0.000000       -14696.49     -5.95831326960E+07  2.58270746950E+05 -2.30700276356E+02   4.18197726              400  0.15811    
      126500 -0.683664717         985888.4        0.000000       -14697.84     -5.95818125196E+07  2.58265024454E+05 -2.30700276376E+02   4.18172835              400  0.15479    
      126600 -0.683754285         985879.2        0.000000       -14699.27     -5.95835050888E+07  2.58272361178E+05 -2.30700276317E+02   4.18192317              400  0.15524    
      126700 -0.683718507         985871.8        0.000000       -14704.79     -5.95835300729E+07  2.58272469571E+05 -2.30700276231E+02   4.18188858              400  0.15566    
      126800 -0.683578343         985848.8        0.000000       -14706.14     -5.95819304768E+07  2.58265535768E+05 -2.30700276363E+02   4.18187460              400  0.15950    
      126900 -0.683480509         985805.9        0.000000       -14702.80     -5.95803231759E+07  2.58258568600E+05 -2.30700276467E+02   4.18194896              400  0.15512    
      127000 -0.683467854         985844.4        0.000000       -14707.61     -5.95810932114E+07  2.58261906422E+05 -2.30700276463E+02   4.18181860              400  0.15670    
      127100 -0.683478837         985805.2        0.000000       -14709.44     -5.95817085301E+07  2.58264573453E+05 -2.30700276594E+02   4.18197333              400  0.15512    
      127200 -0.683303918         985795.3        0.000000       -14708.49     -5.95813068438E+07  2.58262832477E+05 -2.30700276429E+02   4.18196229              400  0.15602    
      127300 -0.683259546         985787.3        0.000000       -14711.76     -5.95793305341E+07  2.58254265962E+05 -2.30700276381E+02   4.18200701              400  0.15615    
      127400 -0.683226433         985791.1        0.000000       -14708.53     -5.95767921864E+07  2.58243263172E+05 -2.30700276377E+02   4.18186124              400  0.15707    
      127500 -0.683369600         985834.3        0.000000       -14710.18     -5.95779305376E+07  2.58248197450E+05 -2.30700276424E+02   4.18184605              400  0.15486    
      127600 -0.683491037         985861.6        0.000000       -14706.76     -5.95779478860E+07  2.58248272647E+05 -2.30700276425E+02   4.18175617              400  0.15618    
      127700 -0.683611045         985862.4        0.000000       -14707.82     -5.95803670663E+07  2.58258758817E+05 -2.30700276495E+02   4.18188502              400  0.15568    
      127800 -0.683654779         985864.8        0.000000       -14704.15     -5.95798342537E+07  2.58256449342E+05 -2.30700276433E+02   4.18195922              400  0.15624    
      127900 -0.683670026         985867.7        0.000000       -14704.59     -5.95780185226E+07  2.58248578858E+05 -2.30700276400E+02   4.18189469              400  0.15724    
      128000 -0.683850634         985931.7        0.000000       -14709.07     -5.95806185067E+07  2.58259848800E+05 -2.30700276421E+02   4.18170426              400  0.15682    
      128100 -0.684036883         985939.9        0.000000       -14715.30     -5.95839671195E+07  2.58274363843E+05 -2.30700276376E+02   4.18181454              400  0.15502    
      128200 -0.683883837         985884.7        0.000000       -14719.55     -5.95833986719E+07  2.58271899898E+05 -2.30700276319E+02   4.18202410              400  0.15641    
      128300 -0.683734220         985873.7        0.000000       -14723.64     -5.95824120773E+07  2.58267623554E+05 -2.30700276161E+02   4.18192412              400  0.15504    
      128400 -0.683450402         985816.0        0.000000       -14717.41     -5.95800040499E+07  2.58257185809E+05 -2.30700276019E+02   4.18190758              400  0.15607    
      128500 -0.683516773         985866.7        0.000000       -14719.38     -5.95815141572E+07  2.58263731644E+05 -2.30700275946E+02   4.18175480              400  0.15526    
      128600 -0.683703637         985874.9        0.000000       -14719.01     -5.95846256074E+07  2.58277218655E+05 -2.30700275919E+02   4.18187666              400  0.15634    
      128700 -0.683706459         985886.6        0.000000       -14721.92     -5.95859475871E+07  2.58282948948E+05 -2.30700275918E+02   4.18179042              400  0.15494    
      128800 -0.683687617         985873.1        0.000000       -14723.26     -5.95856070097E+07  2.58281472574E+05 -2.30700276004E+02   4.18200698              400  0.15519    
      128900 -0.683546543         985827.4        0.000000       -14717.88     -5.95817915236E+07  2.58264933741E+05 -2.30700276110E+02   4.18201259              400  0.15653    
      129000 -0.683364487         985799.3        0.000000       -14720.91     -5.95796783925E+07  2.58255774086E+05 -2.30700276125E+02   4.18196248              400  0.15611    
      129100 -0.683402295         985826.2        0.000000       -14720.78     -5.95793775002E+07  2.58254469816E+05 -2.30700276138E+02   4.18192156              400  0.16048    
      129200 -0.683580482         985856.3        0.000000       -14720.95     -5.95799328818E+07  2.58256877151E+05 -2.30700276171E+02   4.18185463              400  0.15607    
      129300 -0.683367889         985777.8        0.000000       -14714.83     -5.95765588575E+07  2.58242251905E+05 -2.30700276264E+02   4.18212263              400  0.15799    
      129400 -0.683073639         985771.2        0.000000       -14714.95     -5.95721763360E+07  2.58223255138E+05 -2.30700276410E+02   4.18173016              400  0.15609    
      129500 -0.683180888         985801.2        0.000000       -14718.01     -5.95751621146E+07  2.58236197593E+05 -2.30700276219E+02   4.18172566              400  0.15826    
      129600 -0.683302384         985783.5        0.000000       -14715.18     -5.95769365693E+07  2.58243889251E+05 -2.30700276169E+02   4.18194370              400  0.15839    
      129700 -0.683350035         985822.9        0.000000       -14712.52     -5.95768646195E+07  2.58243577293E+05 -2.30700276243E+02   4.18189693              400  0.15673    
      129800 -0.683442810         985831.5        0.000000       -14711.48     -5.95770520219E+07  2.58244389711E+05 -2.30700276156E+02   4.18184551              400  0.15507    
      129900 -0.683565282         985868.7        0.000000       -14715.56     -5.95792970026E+07  2.58254120906E+05 -2.30700276122E+02   4.18178837              400  0.15602    
      130000 -0.683710991         985894.6        0.000000       -14717.30     -5.95814731123E+07  2.58263553559E+05 -2.30700276098E+02   4.18176593              400  0.15512    
      130100 -0.683749130         985872.2        0.000000       -14724.05     -5.95832149551E+07  2.58271103893E+05 -2.30700276016E+02   4.18190672              400  0.15600    
      130200 -0.683566801         985836.1        0.000000       -14717.44     -5.95807558835E+07  2.58260444733E+05 -2.30700276014E+02   4.18195896              400  0.15640    
      130300 -0.683414022         985801.6        0.000000       -14716.00     -5.95783241955E+07  2.58249904238E+05 -2.30700276042E+02   4.18203428              400  0.15603    
      130400 -0.683360361         985820.3        0.000000       -14715.24     -5.95769128311E+07  2.58243786678E+05 -2.30700275881E+02   4.18188951              400  0.15589    
      130500 -0.683563912         985852.3        0.000000       -14718.96     -5.95794679460E+07  2.58254862238E+05 -2.30700275804E+02   4.18172542              400  0.15610    
      130600 -0.683692128         985883.5        0.000000       -14720.98     -5.95827175805E+07  2.58268948140E+05 -2.30700275854E+02   4.18186787              400  0.15599    
      130700 -0.683757947         985877.2        0.000000       -14715.77     -5.95828130120E+07  2.58269361554E+05 -2.30700276074E+02   4.18192405              400  0.15708    
      130800 -0.683628277         985899.8        0.000000       -14714.15     -5.95813417817E+07  2.58262984221E+05 -2.30700276160E+02   4.18174703              400  0.15694    
      130900 -0.683529550         985799.1        0.000000       -14713.99     -5.95811631539E+07  2.58262209926E+05 -2.30700276169E+02   4.18200115              400  0.15824    
      131000 -0.683174017         985764.3        0.000000       -14715.98     -5.95777785645E+07  2.58247538915E+05 -2.30700276235E+02   4.18189735              400  0.15866    
      131100 -0.683328376         985833.4        0.000000       -14715.68     -5.95789337502E+07  2.58252546150E+05 -2.30700276293E+02   4.18180285              400  0.15647    
      131200 -0.683401031         985820.3        0.000000       -14715.56     -5.95777443443E+07  2.58247390372E+05 -2.30700276423E+02   4.18186156              400  0.15860    
      131300 -0.683348403         985782.9        0.000000       -14718.13     -5.95773380863E+07  2.58245629408E+05 -2.30700276411E+02   4.18191471              400  0.15615    
      131400 -0.683353503         985808.7        0.000000       -14715.53     -5.95786341280E+07  2.58251247416E+05 -2.30700276278E+02   4.18189318              400  0.15871    
      131500 -0.683339153         985817.2        0.000000       -14716.62     -5.95779353829E+07  2.58248218707E+05 -2.30700276197E+02   4.18187365              400  0.15467    
      131600 -0.683352539         985805.8        0.000000       -14716.63     -5.95776942008E+07  2.58247173366E+05 -2.30700276113E+02   4.18194504              400  0.15709    
      131700 -0.683383048         985812.6        0.000000       -14717.47     -5.95784001499E+07  2.58250233473E+05 -2.30700276041E+02   4.18185979              400  0.15477    
      131800 -0.683549093         985873.2        0.000000       -14718.68     -5.95800649460E+07  2.58257449673E+05 -2.30700276106E+02   4.18179165              400  0.15512    
      131900 -0.683731233         985917.0        0.000000       -14716.34     -5.95819685252E+07  2.58265700821E+05 -2.30700276249E+02   4.18173872              400  0.15823    
      132000 -0.683836915         985883.0        0.000000       -14716.74     -5.95840567463E+07  2.58274752250E+05 -2.30700276458E+02   4.18196723              400  0.15504    
      132100 -0.683728756         985844.5        0.000000       -14714.40     -5.95829692928E+07  2.58270038584E+05 -2.30700276422E+02   4.18215520              400  0.15508    
      132200 -0.683434520         985814.9        0.000000       -14710.26     -5.95778443757E+07  2.58247823830E+05 -2.30700276549E+02   4.18194433              400  0.15622    
      132300 -0.683323889         985782.3        0.000000       -14711.54     -5.95760524390E+07  2.58240056434E+05 -2.30700276563E+02   4.18188679              400  0.15621    
      132400 -0.683181269         985783.5        0.000000       -14712.74     -5.95759659780E+07  2.58239681648E+05 -2.30700276572E+02   4.18190041              400  0.15514    
      132500 -0.683176146         985751.2        0.000000       -14714.62     -5.95750557702E+07  2.58235736272E+05 -2.30700276539E+02   4.18201975              400  0.15912    
      132600 -0.683108703         985776.0        0.000000       -14714.66     -5.95727805925E+07  2.58225874275E+05 -2.30700276492E+02   4.18179849              400  0.15601    
      132700 -0.683161624         985796.0        0.000000       -14714.82     -5.95745236923E+07  2.58233430116E+05 -2.30700276356E+02   4.18177454              400  0.15502    
      132800 -0.683291078         985812.3        0.000000       -14717.09     -5.95761901050E+07  2.58240653455E+05 -2.30700276304E+02   4.18184806              400  0.15556    
      132900 -0.683524191         985805.6        0.000000       -14716.38     -5.95780196900E+07  2.58248584188E+05 -2.30700276159E+02   4.18200522              400  0.15526    
      133000 -0.683288881         985755.8        0.000000       -14710.32     -5.95754718757E+07  2.58237540304E+05 -2.30700276209E+02   4.18208933              400  0.15615    
      133100 -0.683264552         985822.2        0.000000       -14706.67     -5.95734921990E+07  2.58228958908E+05 -2.30700276417E+02   4.18178482              400  0.15737    
      133200 -0.683569568         985890.7        0.000000       -14702.54     -5.95764680971E+07  2.58241858322E+05 -2.30700276416E+02   4.18169839              400  0.15703    
      133300 -0.683769062         985851.4        0.000000       -14700.48     -5.95786869504E+07  2.58251476312E+05 -2.30700276340E+02   4.18205780              400  0.15526    
      133400 -0.683628063         985835.9        0.000000       -14698.65     -5.95779453944E+07  2.58248261998E+05 -2.30700276290E+02   4.18195993              400  0.15513    
      133500 -0.683354129         985765.6        0.000000       -14698.84     -5.95761574242E+07  2.58240511790E+05 -2.30700276310E+02   4.18205055              400  0.15661    
      133600 -0.683285931         985811.8        0.000000       -14701.11     -5.95747501261E+07  2.58234411719E+05 -2.30700276270E+02   4.18188851              400  0.15615    
      133700 -0.683566511         985857.6        0.000000       -14695.64     -5.95758656663E+07  2.58239247049E+05 -2.30700276380E+02   4.18190046              400  0.16021    
      133800 -0.683582689         985850.5        0.000000       -14698.21     -5.95759563972E+07  2.58239640175E+05 -2.30700276522E+02   4.18193872              400  0.15631    
      133900 -0.683466177         985806.0        0.000000       -14701.89     -5.95756175643E+07  2.58238171705E+05 -2.30700276303E+02   4.18198202              400  0.15606    
      134000 -0.683372268         985835.0        0.000000       -14704.32     -5.95738218285E+07  2.58230387699E+05 -2.30700276444E+02   4.18177064              400  0.15630    
      134100 -0.683391657         985791.7        0.000000       -14706.13     -5.95754336908E+07  2.58237374477E+05 -2.30700276486E+02   4.18196378              400  0.15934    
      134200 -0.683366719         985813.2        0.000000       -14705.95     -5.95758513390E+07  2.58239184830E+05 -2.30700276483E+02   4.18183518              400  0.15731    
      134300 -0.683468025         985851.6        0.000000       -14703.30     -5.95766301385E+07  2.58242560757E+05 -2.30700276376E+02   4.18189362              400  0.15718    
      134400 -0.683415420         985806.1        0.000000       -14706.69     -5.95751625940E+07  2.58236199736E+05 -2.30700276162E+02   4.18192363              400  0.15637    
      134500 -0.683186908         985730.2        0.000000       -14712.52     -5.95724835152E+07  2.58224586972E+05 -2.30700276119E+02   4.18202394              400  0.15815    
      134600 -0.683125056         985801.1        0.000000       -14716.27     -5.95724835406E+07  2.58224587075E+05 -2.30700276126E+02   4.18181117              400  0.15792    
      134700 -0.683227211         985728.0        0.000000       -14720.35     -5.95732374837E+07  2.58227855064E+05 -2.30700276192E+02   4.18205773              400  0.15783    
      134800 -0.683113640         985792.7        0.000000       -14720.32     -5.95730890312E+07  2.58227211751E+05 -2.30700276037E+02   4.18171894              400  0.15812    
      134900 -0.683311870         985822.5        0.000000       -14722.62     -5.95778631182E+07  2.58247905730E+05 -2.30700275961E+02   4.18182175              400  0.15715    
      135000 -0.683487425         985833.5        0.000000       -14723.46     -5.95787960787E+07  2.58251949710E+05 -2.30700276012E+02   4.18187079              400  0.15625    
      135100 -0.683466279         985830.6        0.000000       -14720.13     -5.95782409866E+07  2.58249543649E+05 -2.30700275961E+02   4.18192546              400  0.15856    
      135200 -0.683475975         985851.4        0.000000       -14716.46     -5.95776314404E+07  2.58246901525E+05 -2.30700275932E+02   4.18186303              400  0.15625    
      135300 -0.683615857         985861.5        0.000000       -14717.76     -5.95785353359E+07  2.58250819453E+05 -2.30700276042E+02   4.18189546              400  0.15723    
      135400 -0.683608020         985855.1        0.000000       -14718.66     -5.95774997639E+07  2.58246330376E+05 -2.30700276272E+02   4.18194449              400  0.16155    
      135500 -0.683503401         985808.3        0.000000       -14717.77     -5.95757230317E+07  2.58238628859E+05 -2.30700276311E+02   4.18196873              400  0.15609    
      135600 -0.683435231         985821.9        0.000000       -14715.05     -5.95753783827E+07  2.58237134887E+05 -2.30700276352E+02   4.18190210              400  0.15672    
      135700 -0.683407797         985808.8        0.000000       -14713.00     -5.95754470227E+07  2.58237432348E+05 -2.30700276412E+02   4.18192887              400  0.15620    
      135800 -0.683412765         985832.1        0.000000       -14717.34     -5.95768410837E+07  2.58243474993E+05 -2.30700276494E+02   4.18176916              400  0.15620    
      135900 -0.683556151         985851.9        0.000000       -14717.16     -5.95793503146E+07  2.58254351709E+05 -2.30700276376E+02   4.18186698              400  0.15625    
      136000 -0.683512184         985797.4        0.000000       -14715.90     -5.95789302399E+07  2.58252530773E+05 -2.30700276437E+02   4.18214546              400  0.16070    
      136100 -0.683392209         985819.1        0.000000       -14718.33     -5.95767156025E+07  2.58242931093E+05 -2.30700276482E+02   4.18187262              400  0.15626    
      136200 -0.683486304         985855.9        0.000000       -14720.24     -5.95787153665E+07  2.58251599501E+05 -2.30700276326E+02   4.18177495              400  0.15667    
      136300 -0.683715164         985892.2        0.000000       -14721.47     -5.95823337815E+07  2.58267284181E+05 -2.30700276152E+02   4.18183243              400  0.15458    
      136400 -0.683630200         985856.0        0.000000       -14721.45     -5.95823042130E+07  2.58267156143E+05 -2.30700276035E+02   4.18192071              400  0.15664    
      136500 -0.683410150         985797.4        0.000000       -14720.50     -5.95801442388E+07  2.58257793410E+05 -2.30700276077E+02   4.18194117              400  0.15585    
      136600 -0.683393145         985805.9        0.000000       -14717.86     -5.95811026173E+07  2.58261947568E+05 -2.30700276128E+02   4.18196831              400  0.15697    
      136700 -0.683378406         985837.7        0.000000       -14718.47     -5.95800424206E+07  2.58257352012E+05 -2.30700276125E+02   4.18170468              400  0.15512    
      136800 -0.683389847         985805.3        0.000000       -14716.30     -5.95817111614E+07  2.58264585487E+05 -2.30700276033E+02   4.18195382              400  0.15491    
      136900 -0.683486646         985853.8        0.000000       -14715.01     -5.95822633263E+07  2.58266978958E+05 -2.30700275996E+02   4.18177299              400  0.15698    
      137000 -0.683454876         985805.1        0.000000       -14716.60     -5.95829831610E+07  2.58270099170E+05 -2.30700276000E+02   4.18197800              400  0.15504    
      137100 -0.683347243         985833.2        0.000000       -14715.05     -5.95806050430E+07  2.58259790861E+05 -2.30700276045E+02   4.18175869              400  0.15504    
      137200 -0.683355879         985776.5        0.000000       -14716.01     -5.95813893806E+07  2.58263190497E+05 -2.30700276203E+02   4.18202125              400  0.15571    
      137300 -0.683387959         985819.6        0.000000       -14715.31     -5.95810960081E+07  2.58261918809E+05 -2.30700276227E+02   4.18191782              400  0.15642    
      137400 -0.683414904         985830.9        0.000000       -14714.21     -5.95803820695E+07  2.58258824137E+05 -2.30700276239E+02   4.18185545              400  0.15636    
      137500 -0.683486813         985827.6        0.000000       -14710.99     -5.95806436418E+07  2.58259957935E+05 -2.30700276257E+02   4.18197043              400  0.15470    
      137600 -0.683512086         985862.5        0.000000       -14714.65     -5.95803029202E+07  2.58258481068E+05 -2.30700276227E+02   4.18177414              400  0.15484    
      137700 -0.683567318         985819.8        0.000000       -14715.92     -5.95803704264E+07  2.58258773665E+05 -2.30700276242E+02   4.18206715              400  0.15540    
      137800 -0.683372992         985803.4        0.000000       -14718.49     -5.95780367958E+07  2.58248658279E+05 -2.30700276210E+02   4.18182472              400  0.15710    
      137900 -0.683463437         985860.5        0.000000       -14714.16     -5.95791716261E+07  2.58253577396E+05 -2.30700276166E+02   4.18181009              400  0.15520    
      138000 -0.683419375         985809.4        0.000000       -14712.08     -5.95789919993E+07  2.58252798845E+05 -2.30700276109E+02   4.18196690              400  0.15477    
      138100 -0.683645137         985908.7        0.000000       -14714.99     -5.95806469753E+07  2.58259972529E+05 -2.30700276128E+02   4.18167042              400  0.15517    
      138200 -0.683717320         985889.3        0.000000       -14718.13     -5.95827751486E+07  2.58269197323E+05 -2.30700276170E+02   4.18181425              400  0.15469    
      138300 -0.683604223         985852.8        0.000000       -14713.43     -5.95821541672E+07  2.58266505631E+05 -2.30700276142E+02   4.18189786              400  0.15580    
      138400 -0.683715415         985891.6        0.000000       -14711.89     -5.95840791492E+07  2.58274849845E+05 -2.30700276023E+02   4.18183187              400  0.15500    
      138500 -0.683878894         985901.0        0.000000       -14709.38     -5.95860551788E+07  2.58283415151E+05 -2.30700276066E+02   4.18193058              400  0.15634    
      138600 -0.683840593         985891.8        0.000000       -14710.87     -5.95850334937E+07  2.58278986553E+05 -2.30700276043E+02   4.18198286              400  0.15501    
      138700 -0.683760578         985851.2        0.000000       -14706.63     -5.95836256737E+07  2.58272884161E+05 -2.30700276055E+02   4.18201411              400  0.15832    
      138800 -0.683586572         985833.5        0.000000       -14698.68     -5.95818024297E+07  2.58264981081E+05 -2.30700276051E+02   4.18188704              400  0.15507    
      138900 -0.683405285         985818.1        0.000000       -14700.83     -5.95807999615E+07  2.58260635642E+05 -2.30700276151E+02   4.18192252              400  0.15684    
      139000 -0.683408070         985814.7        0.000000       -14697.69     -5.95805313337E+07  2.58259471015E+05 -2.30700276352E+02   4.18187776              400  0.15524    
      139100 -0.683557170         985862.4        0.000000       -14695.70     -5.95823701403E+07  2.58267441714E+05 -2.30700276213E+02   4.18183867              400  0.15529    
      139200 -0.683604527         985854.5        0.000000       -14696.11     -5.95832644789E+07  2.58271318422E+05 -2.30700276140E+02   4.18188089              400  0.15504    
      139300 -0.683567813         985853.6        0.000000       -14701.42     -5.95838064453E+07  2.58273667667E+05 -2.30700276120E+02   4.18179023              400  0.15720    
      139400 -0.683504365         985831.9        0.000000       -14701.11     -5.95844930861E+07  2.58276644132E+05 -2.30700276002E+02   4.18199803              400  0.15586    
      139500 -0.683549893         985871.6        0.000000       -14699.05     -5.95831556563E+07  2.58270846893E+05 -2.30700275982E+02   4.18185110              400  0.15656    
      139600 -0.683735082         985885.8        0.000000       -14700.87     -5.95854800114E+07  2.58280922015E+05 -2.30700276066E+02   4.18181545              400  0.15523    
      139700 -0.683760148         985888.6        0.000000       -14703.41     -5.95865926825E+07  2.58285744912E+05 -2.30700276172E+02   4.18188752              400  0.15537    
      139800 -0.683572794         985811.2        0.000000       -14705.38     -5.95849214548E+07  2.58278500740E+05 -2.30700276191E+02   4.18195984              400  0.15557    
      139900 -0.683339073         985809.3        0.000000       -14706.93     -5.95831718639E+07  2.58270916958E+05 -2.30700276151E+02   4.18179977              400  0.15556    
      140000 -0.683366750         985788.6        0.000000       -14713.15     -5.95853910715E+07  2.58280536580E+05 -2.30700275989E+02   4.18192663              400  0.15675    
      140100 -0.683384356         985828.6        0.000000       -14709.73     -5.95865134213E+07  2.58285401552E+05 -2.30700275987E+02   4.18181881              400  0.15664    
      140200 -0.683399142         985851.4        0.000000       -14713.26     -5.95869295143E+07  2.58287204920E+05 -2.30700276201E+02   4.18184706              400  0.15678    
      140300 -0.683691194         985882.5        0.000000       -14714.50     -5.95890385114E+07  2.58296346644E+05 -2.30700276197E+02   4.18183486              400  0.15752    
      140400 -0.683889729         985922.1        0.000000       -14719.33     -5.95905868721E+07  2.58303058354E+05 -2.30700276070E+02   4.18192204              400  0.15712    
      140500 -0.683818326         985858.7        0.000000       -14715.57     -5.95875822900E+07  2.58290034491E+05 -2.30700276174E+02   4.18205399              400  0.15652    
      140600 -0.683502379         985830.2        0.000000       -14715.23     -5.95839529893E+07  2.58274302898E+05 -2.30700276104E+02   4.18194618              400  0.16160    
      140700 -0.683429892         985818.6        0.000000       -14711.76     -5.95826861618E+07  2.58268811602E+05 -2.30700276167E+02   4.18195349              400  0.15657    
      140800 -0.683458106         985856.5        0.000000       -14710.90     -5.95821900504E+07  2.58266661137E+05 -2.30700276172E+02   4.18175722              400  0.15598    
      140900 -0.683619906         985835.9        0.000000       -14709.20     -5.95842102750E+07  2.58275417951E+05 -2.30700276270E+02   4.18206221              400  0.15520    
      141000 -0.683427928         985795.4        0.000000       -14707.47     -5.95807792301E+07  2.58260545473E+05 -2.30700276424E+02   4.18198785              400  0.16039    
      141100 -0.683450702         985858.6        0.000000       -14707.80     -5.95814211425E+07  2.58263327947E+05 -2.30700276404E+02   4.18170890              400  0.15564    
      141200 -0.683452541         985808.6        0.000000       -14706.08     -5.95822107687E+07  2.58266750623E+05 -2.30700276458E+02   4.18197908              400  0.15927    
      141300 -0.683413816         985840.7        0.000000       -14707.45     -5.95822134376E+07  2.58266762326E+05 -2.30700276339E+02   4.18176675              400  0.15593    
      141400 -0.683681742         985913.6        0.000000       -14710.22     -5.95853297327E+07  2.58280270333E+05 -2.30700276316E+02   4.18165664              400  0.15523    
      141500 -0.683755197         985847.1        0.000000       -14711.05     -5.95879348440E+07  2.58291562344E+05 -2.30700276475E+02   4.18201487              400  0.15718    
      141600 -0.683474650         985809.4        0.000000       -14710.48     -5.95851296199E+07  2.58279402722E+05 -2.30700276491E+02   4.18201460              400  0.15773    
      141700 -0.683483639         985826.2        0.000000       -14703.61     -5.95837414264E+07  2.58273385347E+05 -2.30700276555E+02   4.18191812              400  0.15533    
      141800 -0.683491640         985861.4        0.000000       -14704.97     -5.95832843748E+07  2.58271404128E+05 -2.30700276617E+02   4.18178917              400  0.15691    
      141900 -0.683624540         985865.0        0.000000       -14701.35     -5.95840464961E+07  2.58274707619E+05 -2.30700276638E+02   4.18187347              400  0.15557    
      142000 -0.683553755         985861.2        0.000000       -14706.08     -5.95848746124E+07  2.58278297188E+05 -2.30700276644E+02   4.18171576              400  0.15634    
      142100 -0.683634407         985855.4        0.000000       -14703.54     -5.95870406228E+07  2.58287686109E+05 -2.30700276581E+02   4.18190872              400  0.15512    
      142200 -0.683422600         985784.6        0.000000       -14705.29     -5.95847051008E+07  2.58277562442E+05 -2.30700276622E+02   4.18200063              400  0.15543    
      142300 -0.683089831         985772.9        0.000000       -14704.11     -5.95807424717E+07  2.58260385771E+05 -2.30700276753E+02   4.18181660              400  0.15578    
      142400 -0.683441900         985861.7        0.000000       -14706.02     -5.95836398230E+07  2.58272944727E+05 -2.30700276740E+02   4.18181824              400  0.15709    
      142500 -0.683703411         985869.7        0.000000       -14707.91     -5.95848484821E+07  2.58278183808E+05 -2.30700276747E+02   4.18192038              400  0.15672    
      142600 -0.683612893         985811.8        0.000000       -14708.09     -5.95836460270E+07  2.58272971810E+05 -2.30700276570E+02   4.18209227              400  0.15529    
      142700 -0.683452726         985852.1        0.000000       -14709.44     -5.95805040239E+07  2.58259352488E+05 -2.30700276485E+02   4.18178148              400  0.15626    
      142800 -0.683539804         985853.0        0.000000       -14710.52     -5.95808172620E+07  2.58260710211E+05 -2.30700276528E+02   4.18183443              400  0.15501    
      142900 -0.683661009         985866.1        0.000000       -14707.44     -5.95813398821E+07  2.58262975467E+05 -2.30700276624E+02   4.18193646              400  0.15969    
      143000 -0.683610395         985841.1        0.000000       -14710.89     -5.95805974136E+07  2.58259757122E+05 -2.30700276642E+02   4.18191303              400  0.15517    
      143100 -0.683454731         985802.5        0.000000       -14705.81     -5.95791793305E+07  2.58253610404E+05 -2.30700276512E+02   4.18197049              400  0.15761    
      143200 -0.683205721         985757.1        0.000000       -14711.14     -5.95772284262E+07  2.58245153927E+05 -2.30700276540E+02   4.18190873              400  0.15500    
      143300 -0.683226350         985798.2        0.000000       -14708.77     -5.95777249841E+07  2.58247306419E+05 -2.30700276453E+02   4.18187026              400  0.15559    
      143400 -0.683306126         985792.6        0.000000       -14711.40     -5.95784574434E+07  2.58250481353E+05 -2.30700276457E+02   4.18182801              400  0.15513    
      143500 -0.683323598         985822.5        0.000000       -14711.48     -5.95810122237E+07  2.58261555432E+05 -2.30700276408E+02   4.18176724              400  0.15650    
      143600 -0.683473313         985824.9        0.000000       -14713.53     -5.95837462730E+07  2.58273406603E+05 -2.30700276334E+02   4.18185936              400  0.15497    
      143700 -0.683378325         985806.8        0.000000       -14706.66     -5.95833071261E+07  2.58271502927E+05 -2.30700276457E+02   4.18189858              400  0.15868    
      143800 -0.683372818         985803.0        0.000000       -14703.07     -5.95831450577E+07  2.58270800365E+05 -2.30700276506E+02   4.18195193              400  0.15617    
      143900 -0.683350449         985827.1        0.000000       -14703.97     -5.95823171587E+07  2.58267211621E+05 -2.30700276604E+02   4.18181749              400  0.15480    
      144000 -0.683498615         985857.7        0.000000       -14703.90     -5.95834265781E+07  2.58272020661E+05 -2.30700276498E+02   4.18187865              400  0.15502    
      144100 -0.683568948         985849.1        0.000000       -14701.14     -5.95823274685E+07  2.58267256439E+05 -2.30700276489E+02   4.18196306              400  0.15764    
      144200 -0.683635895         985889.8        0.000000       -14701.49     -5.95817284565E+07  2.58264659979E+05 -2.30700276458E+02   4.18174740              400  0.15469    
      144300 -0.683828879         985887.8        0.000000       -14700.39     -5.95851624468E+07  2.58279545309E+05 -2.30700276228E+02   4.18193662              400  0.15509    
      144400 -0.683819537         985883.2        0.000000       -14705.91     -5.95854063406E+07  2.58280602515E+05 -2.30700276213E+02   4.18195646              400  0.15482    
      144500 -0.683529973         985797.4        0.000000       -14706.37     -5.95823800097E+07  2.58267484407E+05 -2.30700276291E+02   4.18215521              400  0.15564    
      144600 -0.683389075         985816.0        0.000000       -14704.79     -5.95793581660E+07  2.58254385753E+05 -2.30700276367E+02   4.18193773              400  0.15560    
      144700 -0.683561559         985862.7        0.000000       -14707.49     -5.95788337438E+07  2.58252112487E+05 -2.30700276447E+02   4.18178818              400  0.15675    
      144800 -0.683633187         985863.7        0.000000       -14701.56     -5.95793833071E+07  2.58254494561E+05 -2.30700276517E+02   4.18192242              400  0.15545    
      144900 -0.683664564         985853.6        0.000000       -14704.95     -5.95790926427E+07  2.58253234682E+05 -2.30700276479E+02   4.18188237              400  0.15572    
      145000 -0.683530884         985864.8        0.000000       -14704.13     -5.95770314193E+07  2.58244300034E+05 -2.30700276488E+02   4.18188358              400  0.15713    
      145100 -0.683646752         985873.8        0.000000       -14703.73     -5.95770547097E+07  2.58244400994E+05 -2.30700276484E+02   4.18186713              400  0.15602    
      145200 -0.683582447         985829.7        0.000000       -14705.55     -5.95765381805E+07  2.58242161908E+05 -2.30700276595E+02   4.18190221              400  0.16163    
      145300 -0.683567180         985853.3        0.000000       -14708.01     -5.95773718915E+07  2.58245775785E+05 -2.30700276550E+02   4.18186413              400  0.15627    
      145400 -0.683646206         985872.1        0.000000       -14705.45     -5.95779493704E+07  2.58248278962E+05 -2.30700276532E+02   4.18193681              400  0.15705    
      145500 -0.683846229         985918.0        0.000000       -14704.04     -5.95791498604E+07  2.58253482622E+05 -2.30700276548E+02   4.18182987              400  0.15597    
      145600 -0.683881116         985901.9        0.000000       -14705.26     -5.95795156301E+07  2.58255068111E+05 -2.30700276536E+02   4.18187569              400  0.16051    
      145700 -0.683687327         985852.4        0.000000       -14704.93     -5.95782809610E+07  2.58249716215E+05 -2.30700276594E+02   4.18198112              400  0.15620    
      145800 -0.683639513         985849.5        0.000000       -14705.01     -5.95782551118E+07  2.58249604205E+05 -2.30700276561E+02   4.18184951              400  0.15772    
      145900 -0.683390733         985798.1        0.000000       -14705.06     -5.95771824657E+07  2.58244954811E+05 -2.30700276446E+02   4.18191408              400  0.15616    
      146000 -0.683290428         985804.4        0.000000       -14702.27     -5.95765725952E+07  2.58242311196E+05 -2.30700276494E+02   4.18185217              400  0.15699    
      146100 -0.683366167         985798.8        0.000000       -14698.42     -5.95760921556E+07  2.58240228586E+05 -2.30700276567E+02   4.18192650              400  0.15626    
      146200 -0.683432401         985843.5        0.000000       -14695.31     -5.95772455914E+07  2.58245228498E+05 -2.30700276392E+02   4.18184306              400  0.15715    
      146300 -0.683395493         985775.3        0.000000       -14695.09     -5.95760425861E+07  2.58240013970E+05 -2.30700276345E+02   4.18203331              400  0.15831    
      146400 -0.683200148         985790.6        0.000000       -14696.46     -5.95744769825E+07  2.58233227664E+05 -2.30700276341E+02   4.18185979              400  0.15678    
      146500 -0.683423722         985837.5        0.000000       -14703.37     -5.95766165985E+07  2.58242502140E+05 -2.30700276310E+02   4.18181485              400  0.15669    
      146600 -0.683403320         985832.5        0.000000       -14701.38     -5.95756504651E+07  2.58238314385E+05 -2.30700276243E+02   4.18190189              400  0.15796    
      146700 -0.683559126         985845.0        0.000000       -14706.28     -5.95758501482E+07  2.58239179883E+05 -2.30700276291E+02   4.18188267              400  0.15645    
      146800 -0.683587345         985880.4        0.000000       -14705.38     -5.95757061939E+07  2.58238555951E+05 -2.30700276241E+02   4.18171667              400  0.15803    
      146900 -0.683553747         985819.1        0.000000       -14707.58     -5.95765426334E+07  2.58242181710E+05 -2.30700276147E+02   4.18199147              400  0.15661    
      147000 -0.683483539         985850.8        0.000000       -14706.88     -5.95757306203E+07  2.58238661967E+05 -2.30700276119E+02   4.18185809              400  0.15677    
      147100 -0.683603501         985847.0        0.000000       -14711.38     -5.95777434119E+07  2.58247386642E+05 -2.30700276145E+02   4.18188263              400  0.15815    
      147200 -0.683571949         985841.7        0.000000       -14713.50     -5.95785889520E+07  2.58251051788E+05 -2.30700276106E+02   4.18184407              400  0.15654    
      147300 -0.683568460         985866.9        0.000000       -14712.45     -5.95798235941E+07  2.58256403374E+05 -2.30700276221E+02   4.18186520              400  0.15675    
      147400 -0.683590933         985827.7        0.000000       -14714.61     -5.95800420769E+07  2.58257350282E+05 -2.30700276340E+02   4.18194580              400  0.15649    
      147500 -0.683395464         985787.2        0.000000       -14714.55     -5.95792972464E+07  2.58254121704E+05 -2.30700276353E+02   4.18196816              400  0.15870    
      147600 -0.683417551         985844.1        0.000000       -14714.10     -5.95803612538E+07  2.58258733663E+05 -2.30700276458E+02   4.18176710              400  0.15626    
      147700 -0.683731578         985912.0        0.000000       -14715.96     -5.95843094240E+07  2.58275847559E+05 -2.30700276418E+02   4.18170471              400  0.15686    
      147800 -0.683757967         985864.3        0.000000       -14714.35     -5.95858899447E+07  2.58282698611E+05 -2.30700276345E+02   4.18199296              400  0.15618    
      147900 -0.683660598         985875.9        0.000000       -14715.78     -5.95835095060E+07  2.58272380397E+05 -2.30700276252E+02   4.18189868              400  0.15827    
      148000 -0.683729471         985884.6        0.000000       -14717.39     -5.95848415860E+07  2.58278154564E+05 -2.30700276168E+02   4.18194315              400  0.15636    
      148100 -0.683634311         985828.6        0.000000       -14715.35     -5.95814849616E+07  2.58263604738E+05 -2.30700276263E+02   4.18204891              400  0.15888    
      148200 -0.683489494         985790.5        0.000000       -14715.60     -5.95796886196E+07  2.58255818141E+05 -2.30700276371E+02   4.18209223              400  0.15686    
      148300 -0.683295600         985775.6        0.000000       -14715.34     -5.95763096559E+07  2.58241171326E+05 -2.30700276606E+02   4.18197280              400  0.15805    
      148400 -0.683024211         985722.1        0.000000       -14716.82     -5.95737544428E+07  2.58230095286E+05 -2.30700276732E+02   4.18198340              400  0.15626    
      148500 -0.682926374         985744.9        0.000000       -14720.08     -5.95738061649E+07  2.58230319589E+05 -2.30700276636E+02   4.18174884              400  0.15671    
      148600 -0.683259265         985818.0        0.000000       -14718.89     -5.95776759522E+07  2.58247093560E+05 -2.30700276742E+02   4.18182983              400  0.15670    
      148700 -0.683539889         985862.5        0.000000       -14713.60     -5.95798107631E+07  2.58256347354E+05 -2.30700276580E+02   4.18183305              400  0.15635    
      148800 -0.683618557         985831.6        0.000000       -14707.24     -5.95800238013E+07  2.58257270748E+05 -2.30700276623E+02   4.18196073              400  0.15672    
      148900 -0.683348853         985790.2        0.000000       -14710.27     -5.95774450091E+07  2.58246092719E+05 -2.30700276553E+02   4.18189570              400  0.15846    
      149000 -0.683299818         985817.7        0.000000       -14707.82     -5.95768438992E+07  2.58243487233E+05 -2.30700276462E+02   4.18180753              400  0.15629    
      149100 -0.683417892         985807.1        0.000000       -14705.89     -5.95788252415E+07  2.58252075602E+05 -2.30700276474E+02   4.18186305              400  0.15644    
      149200 -0.683503984         985856.5        0.000000       -14704.61     -5.95808560103E+07  2.58260878359E+05 -2.30700276360E+02   4.18181292              400  0.15776    
      149300 -0.683609196         985843.7        0.000000       -14710.61     -5.95825073690E+07  2.58268036242E+05 -2.30700276488E+02   4.18186775              400  0.15535    
      149400 -0.683501063         985817.9        0.000000       -14709.79     -5.95817001293E+07  2.58264537342E+05 -2.30700276323E+02   4.18202352              400  0.15790    
      149500 -0.683313792         985799.7        0.000000       -14711.29     -5.95788495582E+07  2.58252181106E+05 -2.30700276385E+02   4.18187941              400  0.15575    
      149600 -0.683332413         985807.5        0.000000       -14711.90     -5.95790823467E+07  2.58253190125E+05 -2.30700276415E+02   4.18190316              400  0.15732    
      149700 -0.683414684         985830.5        0.000000       -14711.74     -5.95787118512E+07  2.58251584251E+05 -2.30700276337E+02   4.18185575              400  0.15545    
      149800 -0.683554236         985842.9        0.000000       -14716.66     -5.95808761632E+07  2.58260965962E+05 -2.30700276138E+02   4.18180933              400  0.16211    
      149900 -0.683549826         985862.6        0.000000       -14719.11     -5.95829069947E+07  2.58269769185E+05 -2.30700275850E+02   4.18181390              400  0.15638    
      150000 -0.683558789         985860.9        0.000000       -14721.33     -5.95829795312E+07  2.58270083520E+05 -2.30700275925E+02   4.18189371              400  0.15678    
      150100 -0.683716130         985882.0        0.000000       -14721.58     -5.95837995982E+07  2.58273638087E+05 -2.30700276032E+02   4.18193275              400  0.15487    
      150200 -0.683812902         985893.6        0.000000       -14721.22     -5.95832935783E+07  2.58271444650E+05 -2.30700276057E+02   4.18192561              400  0.15512    
      150300 -0.683710103         985853.7        0.000000       -14723.64     -5.95814068696E+07  2.58263266514E+05 -2.30700276016E+02   4.18197189              400  0.15533    
      150400 -0.683642168         985840.7        0.000000       -14719.51     -5.95806009948E+07  2.58259773365E+05 -2.30700275999E+02   4.18193576              400  0.15679    
      150500 -0.683539509         985823.5        0.000000       -14719.23     -5.95793285419E+07  2.58254257857E+05 -2.30700275907E+02   4.18196193              400  0.15501    
      150600 -0.683456321         985817.8        0.000000       -14712.44     -5.95783206429E+07  2.58249889032E+05 -2.30700275869E+02   4.18194178              400  0.15525    
      150700 -0.683333312         985773.5        0.000000       -14713.59     -5.95769529450E+07  2.58243960455E+05 -2.30700275972E+02   4.18198700              400  0.15537    
      150800 -0.683277233         985783.3        0.000000       -14715.91     -5.95773786523E+07  2.58245805742E+05 -2.30700275968E+02   4.18181786              400  0.15722    
      150900 -0.683526844         985882.2        0.000000       -14715.70     -5.95811726525E+07  2.58262251285E+05 -2.30700276002E+02   4.18168532              400  0.15732    
      151000 -0.683741232         985886.8        0.000000       -14714.32     -5.95830136604E+07  2.58270231208E+05 -2.30700276148E+02   4.18189305              400  0.15516    
      151100 -0.683784021         985876.0        0.000000       -14713.87     -5.95823563541E+07  2.58267381859E+05 -2.30700276300E+02   4.18201515              400  0.15520    
      151200 -0.683546930         985830.8        0.000000       -14709.19     -5.95781098667E+07  2.58248974994E+05 -2.30700276228E+02   4.18193627              400  0.15667    
      151300 -0.683424345         985802.2        0.000000       -14709.55     -5.95765455511E+07  2.58242194207E+05 -2.30700276281E+02   4.18198549              400  0.15487    
      151400 -0.683373808         985843.9        0.000000       -14713.41     -5.95752178760E+07  2.58236439122E+05 -2.30700276377E+02   4.18173997              400  0.15531    
      151500 -0.683535462         985829.5        0.000000       -14713.53     -5.95769914503E+07  2.58244126927E+05 -2.30700276359E+02   4.18196715              400  0.15958    
      151600 -0.683615716         985887.6        0.000000       -14713.34     -5.95771482716E+07  2.58244806687E+05 -2.30700276362E+02   4.18177739              400  0.15511    
      151700 -0.683736534         985894.4        0.000000       -14710.96     -5.95776736544E+07  2.58247084084E+05 -2.30700276310E+02   4.18186365              400  0.15507    
      151800 -0.683642199         985810.2        0.000000       -14707.36     -5.95771551293E+07  2.58244836511E+05 -2.30700276274E+02   4.18209339              400  0.15498    
      151900 -0.683190184         985757.0        0.000000       -14706.73     -5.95729542887E+07  2.58226627385E+05 -2.30700276311E+02   4.18189745              400  0.15759    
      152000 -0.683001698         985724.5        0.000000       -14710.31     -5.95726401743E+07  2.58225265916E+05 -2.30700276222E+02   4.18192327              400  0.15512    
      152100 -0.683031399         985783.7        0.000000       -14712.83     -5.95735558977E+07  2.58229235147E+05 -2.30700276302E+02   4.18166174              400  0.15789    
      152200 -0.683406430         985869.0        0.000000       -14721.35     -5.95800799691E+07  2.58257514839E+05 -2.30700276064E+02   4.18169190              400  0.15522    
      152300 -0.683783554         985914.4        0.000000       -14720.88     -5.95840631698E+07  2.58274780679E+05 -2.30700275935E+02   4.18183611              400  0.15753    
      152400 -0.683793668         985877.7        0.000000       -14720.13     -5.95840284538E+07  2.58274630162E+05 -2.30700275967E+02   4.18196202              400  0.15520    
      152500 -0.683699906         985867.8        0.000000       -14726.68     -5.95835806646E+07  2.58272689117E+05 -2.30700276008E+02   4.18188595              400  0.15735    
      152600 -0.683611792         985843.7        0.000000       -14726.81     -5.95836979380E+07  2.58273197740E+05 -2.30700275752E+02   4.18192798              400  0.15513    
      152700 -0.683486270         985810.7        0.000000       -14729.13     -5.95834867396E+07  2.58272282418E+05 -2.30700275623E+02   4.18192453              400  0.16013    
      152800 -0.683376870         985826.0        0.000000       -14724.96     -5.95816674918E+07  2.58264396586E+05 -2.30700275684E+02   4.18187371              400  0.15515    
      152900 -0.683322801         985769.0        0.000000       -14720.66     -5.95806025153E+07  2.58259780245E+05 -2.30700275741E+02   4.18201406              400  0.15671    
      153000 -0.683241964         985810.1        0.000000       -14717.19     -5.95792261257E+07  2.58253813961E+05 -2.30700275871E+02   4.18185004              400  0.15515    
      153100 -0.683569256         985863.4        0.000000       -14714.95     -5.95814167279E+07  2.58263309296E+05 -2.30700275972E+02   4.18193986              400  0.15521    
      153200 -0.683758423         985897.9        0.000000       -14715.19     -5.95818130869E+07  2.58265027360E+05 -2.30700275976E+02   4.18189944              400  0.15583    
      153300 -0.683695037         985854.8        0.000000       -14714.29     -5.95798905326E+07  2.58256693724E+05 -2.30700276045E+02   4.18201557              400  0.15514    
      153400 -0.683544943         985833.1        0.000000       -14709.31     -5.95765044307E+07  2.58242016136E+05 -2.30700276130E+02   4.18192695              400  0.15510    
      153500 -0.683466796         985827.8        0.000000       -14708.03     -5.95751959643E+07  2.58236344362E+05 -2.30700276181E+02   4.18190363              400  0.15484    
      153600 -0.683606111         985870.5        0.000000       -14709.09     -5.95766259819E+07  2.58242542873E+05 -2.30700276256E+02   4.18185126              400  0.15490    
      153700 -0.683673890         985853.2        0.000000       -14711.60     -5.95773109528E+07  2.58245511807E+05 -2.30700276399E+02   4.18190273              400  0.15660    
      153800 -0.683602324         985820.1        0.000000       -14712.28     -5.95758101325E+07  2.58239006377E+05 -2.30700276338E+02   4.18203568              400  0.15537    
      153900 -0.683323883         985766.6        0.000000       -14714.55     -5.95732751602E+07  2.58228018311E+05 -2.30700276251E+02   4.18200783              400  0.15543    
      154000 -0.683023870         985739.8        0.000000       -14714.16     -5.95712887680E+07  2.58219408117E+05 -2.30700276181E+02   4.18193725              400  0.15491    
      154100 -0.682981637         985720.1        0.000000       -14718.35     -5.95708194057E+07  2.58217373440E+05 -2.30700276330E+02   4.18188691              400  0.15481    
      154200 -0.683064451         985791.3        0.000000       -14715.81     -5.95732782780E+07  2.58228031955E+05 -2.30700276136E+02   4.18174403              400  0.15821    
      154300 -0.683530158         985875.8        0.000000       -14719.31     -5.95778094366E+07  2.58247672878E+05 -2.30700276106E+02   4.18175626              400  0.15477    
      154400 -0.683676700         985875.4        0.000000       -14720.80     -5.95789319252E+07  2.58252538425E+05 -2.30700276128E+02   4.18185609              400  0.15694    
      154500 -0.683845128         985886.4        0.000000       -14719.00     -5.95812571633E+07  2.58262617325E+05 -2.30700276256E+02   4.18196741              400  0.15484    
      154600 -0.683773611         985864.8        0.000000       -14721.20     -5.95807351262E+07  2.58260354533E+05 -2.30700276215E+02   4.18192349              400  0.15831    
      154700 -0.683578714         985852.0        0.000000       -14718.29     -5.95795033068E+07  2.58255015126E+05 -2.30700276150E+02   4.18197706              400  0.15510    
      154800 -0.683502345         985824.7        0.000000       -14717.48     -5.95767817949E+07  2.58243218356E+05 -2.30700276174E+02   4.18197535              400  0.15669    
      154900 -0.683430573         985781.0        0.000000       -14717.17     -5.95758205778E+07  2.58239051835E+05 -2.30700276176E+02   4.18208882              400  0.15500    
      155000 -0.683272856         985804.3        0.000000       -14718.99     -5.95742375797E+07  2.58232190155E+05 -2.30700276150E+02   4.18183992              400  0.15622    
      155100 -0.683534978         985849.6        0.000000       -14722.00     -5.95768905767E+07  2.58243689920E+05 -2.30700276143E+02   4.18184926              400  0.15490    
      155200 -0.683433871         985850.9        0.000000       -14722.48     -5.95765007871E+07  2.58242000287E+05 -2.30700276179E+02   4.18176350              400  0.15819    
      155300 -0.683562319         985838.4        0.000000       -14720.70     -5.95790974783E+07  2.58253256106E+05 -2.30700276065E+02   4.18192435              400  0.15557    
      155400 -0.683646698         985886.4        0.000000       -14723.44     -5.95801530825E+07  2.58257831662E+05 -2.30700276151E+02   4.18180212              400  0.15633    
      155500 -0.683705375         985914.9        0.000000       -14728.88     -5.95818597673E+07  2.58265229490E+05 -2.30700276165E+02   4.18167283              400  0.15579    
      155600 -0.683840852         985879.7        0.000000       -14726.18     -5.95838926277E+07  2.58274041213E+05 -2.30700276140E+02   4.18200886              400  0.15511    
      155700 -0.683536978         985824.1        0.000000       -14727.99     -5.95804058928E+07  2.58258927489E+05 -2.30700276161E+02   4.18193459              400  0.15500    
      155800 -0.683321958         985830.2        0.000000       -14727.03     -5.95783613623E+07  2.58250065256E+05 -2.30700276119E+02   4.18174138              400  0.15541    
      155900 -0.683656448         985880.5        0.000000       -14725.73     -5.95833935564E+07  2.58271877899E+05 -2.30700276163E+02   4.18182558              400  0.15725    
      156000 -0.683708136         985858.5        0.000000       -14727.32     -5.95840451517E+07  2.58274702281E+05 -2.30700276200E+02   4.18191540              400  0.15570    
      156100 -0.683444233         985785.2        0.000000       -14730.00     -5.95820414297E+07  2.58266017071E+05 -2.30700276039E+02   4.18191071              400  0.15651    
      156200 -0.683229878         985804.8        0.000000       -14726.22     -5.95815801059E+07  2.58264017316E+05 -2.30700276117E+02   4.18182324              400  0.15570    
      156300 -0.683375239         985821.6        0.000000       -14721.06     -5.95810523041E+07  2.58261729364E+05 -2.30700276231E+02   4.18192594              400  0.15524    
      156400 -0.683495103         985827.0        0.000000       -14720.03     -5.95820582064E+07  2.58266089535E+05 -2.30700276268E+02   4.18187397              400  0.15568    
      156500 -0.683312366         985792.9        0.000000       -14721.42     -5.95805408012E+07  2.58259512123E+05 -2.30700276290E+02   4.18190642              400  0.15635    
      156600 -0.683415364         985832.3        0.000000       -14719.46     -5.95805774717E+07  2.58259671072E+05 -2.30700276293E+02   4.18193218              400  0.15532    
      156700 -0.683486951         985839.3        0.000000       -14719.49     -5.95802869928E+07  2.58258411853E+05 -2.30700276384E+02   4.18186214              400  0.15613    
      156800 -0.683624879         985862.5        0.000000       -14716.36     -5.95810535505E+07  2.58261734453E+05 -2.30700276511E+02   4.18189253              400  0.15481    
      156900 -0.683669575         985873.2        0.000000       -14717.44     -5.95829063845E+07  2.58269765798E+05 -2.30700276513E+02   4.18177875              400  0.15856    
      157000 -0.683745235         985884.9        0.000000       -14716.05     -5.95861315105E+07  2.58283745533E+05 -2.30700276502E+02   4.18182121              400  0.15486    
      157100 -0.683681642         985859.6        0.000000       -14721.88     -5.95870568329E+07  2.58287756523E+05 -2.30700276447E+02   4.18191749              400  0.15564    
      157200 -0.683730015         985882.0        0.000000       -14724.06     -5.95873442786E+07  2.58289002510E+05 -2.30700276433E+02   4.18193637              400  0.15499    
      157300 -0.683730038         985877.1        0.000000       -14720.26     -5.95867098895E+07  2.58286252787E+05 -2.30700276327E+02   4.18200918              400  0.15734    
      157400 -0.683512284         985801.3        0.000000       -14716.43     -5.95823461292E+07  2.58267337498E+05 -2.30700276335E+02   4.18203928              400  0.15479    
      157500 -0.683352077         985821.5        0.000000       -14714.06     -5.95802948724E+07  2.58258446196E+05 -2.30700276216E+02   4.18182896              400  0.15788    
      157600 -0.683365674         985802.6        0.000000       -14710.91     -5.95807776020E+07  2.58260538737E+05 -2.30700276137E+02   4.18193492              400  0.15522    
      157700 -0.683408400         985815.1        0.000000       -14710.26     -5.95810078015E+07  2.58261536650E+05 -2.30700276062E+02   4.18186988              400  0.15534    
      157800 -0.683523368         985843.2        0.000000       -14711.36     -5.95826017990E+07  2.58268446081E+05 -2.30700276023E+02   4.18197078              400  0.15527    
      157900 -0.683482083         985824.5        0.000000       -14710.83     -5.95816221918E+07  2.58264199648E+05 -2.30700276201E+02   4.18192644              400  0.15775    
      158000 -0.683489149         985841.8        0.000000       -14713.59     -5.95824859480E+07  2.58267943618E+05 -2.30700276284E+02   4.18185115              400  0.15682    
      158100 -0.683429652         985844.8        0.000000       -14714.04     -5.95813960541E+07  2.58263219476E+05 -2.30700276157E+02   4.18184670              400  0.15622    
      158200 -0.683539787         985824.0        0.000000       -14707.43     -5.95822568006E+07  2.58266950469E+05 -2.30700276177E+02   4.18194126              400  0.15557    
      158300 -0.683526345         985846.8        0.000000       -14706.35     -5.95823744770E+07  2.58267460716E+05 -2.30700276031E+02   4.18199065              400  0.15530    
      158400 -0.683606206         985854.8        0.000000       -14712.34     -5.95811016609E+07  2.58261943573E+05 -2.30700275994E+02   4.18184329              400  0.15645    
      158500 -0.683683842         985859.4        0.000000       -14715.83     -5.95834655834E+07  2.58272190239E+05 -2.30700276047E+02   4.18187264              400  0.15523    
      158600 -0.683559114         985843.5        0.000000       -14714.98     -5.95825375333E+07  2.58268167341E+05 -2.30700276177E+02   4.18188208              400  0.15517    
      158700 -0.683534445         985841.6        0.000000       -14716.34     -5.95826559883E+07  2.58268680704E+05 -2.30700276263E+02   4.18192460              400  0.15565    
      158800 -0.683337766         985783.5        0.000000       -14718.54     -5.95809109550E+07  2.58261116659E+05 -2.30700276239E+02   4.18197732              400  0.15531    
      158900 -0.683347328         985788.5        0.000000       -14715.42     -5.95804779025E+07  2.58259239607E+05 -2.30700276176E+02   4.18209755              400  0.15520    
      159000 -0.683338473         985833.4        0.000000       -14714.21     -5.95781846634E+07  2.58249299018E+05 -2.30700276399E+02   4.18168951              400  0.15691    
      159100 -0.683450818         985856.7        0.000000       -14718.87     -5.95814664348E+07  2.58263524214E+05 -2.30700276456E+02   4.18176949              400  0.15471    
      159200 -0.683591123         985844.2        0.000000       -14725.61     -5.95839430095E+07  2.58274259337E+05 -2.30700276375E+02   4.18188625              400  0.15675    
      159300 -0.683636198         985844.7        0.000000       -14725.03     -5.95847546869E+07  2.58277777791E+05 -2.30700276255E+02   4.18203886              400  0.15528    
      159400 -0.683436798         985826.0        0.000000       -14724.23     -5.95824355184E+07  2.58267725201E+05 -2.30700276127E+02   4.18183545              400  0.15651    
      159500 -0.683531660         985840.4        0.000000       -14728.66     -5.95842788371E+07  2.58275715447E+05 -2.30700275998E+02   4.18187117              400  0.15526    
      159600 -0.683640286         985916.7        0.000000       -14724.49     -5.95857653024E+07  2.58282158576E+05 -2.30700276128E+02   4.18173356              400  0.15694    
      159700 -0.683605984         985835.8        0.000000       -14723.62     -5.95849513231E+07  2.58278630155E+05 -2.30700276238E+02   4.18200566              400  0.15519    
      159800 -0.683592058         985872.1        0.000000       -14722.39     -5.95844149702E+07  2.58276305223E+05 -2.30700276275E+02   4.18184238              400  0.15669    
      159900 -0.683583869         985842.4        0.000000       -14726.26     -5.95848754490E+07  2.58278301068E+05 -2.30700276418E+02   4.18188384              400  0.15487    
      160000 -0.683490105         985832.4        0.000000       -14728.00     -5.95846536029E+07  2.58277339358E+05 -2.30700276497E+02   4.18192293              400  0.15709    
      160100 -0.683369400         985814.0        0.000000       -14724.28     -5.95825621226E+07  2.58268273451E+05 -2.30700276601E+02   4.18191142              400  0.15488    
      160200 -0.683499526         985872.9        0.000000       -14726.69     -5.95829700672E+07  2.58270041756E+05 -2.30700276587E+02   4.18173599              400  0.15749    
      160300 -0.683751337         985901.2        0.000000       -14733.24     -5.95859424070E+07  2.58282925759E+05 -2.30700276574E+02   4.18183630              400  0.15522    
      160400 -0.683712775         985860.8        0.000000       -14733.21     -5.95856668118E+07  2.58281731238E+05 -2.30700276502E+02   4.18190037              400  0.15622    
      160500 -0.683651374         985876.5        0.000000       -14730.97     -5.95851821146E+07  2.58279630305E+05 -2.30700276458E+02   4.18191058              400  0.15545    
      160600 -0.683654135         985861.7        0.000000       -14725.38     -5.95836582518E+07  2.58273024887E+05 -2.30700276492E+02   4.18193859              400  0.15514    
      160700 -0.683396724         985788.1        0.000000       -14721.26     -5.95799420110E+07  2.58256916511E+05 -2.30700276361E+02   4.18200804              400  0.15733    
      160800 -0.683206150         985789.8        0.000000       -14721.00     -5.95782537580E+07  2.58249598646E+05 -2.30700276284E+02   4.18175122              400  0.15605    
      160900 -0.683298150         985803.8        0.000000       -14719.31     -5.95808871841E+07  2.58261013691E+05 -2.30700276176E+02   4.18186611              400  0.15502    
      161000 -0.683529300         985859.8        0.000000       -14720.70     -5.95840594171E+07  2.58274764247E+05 -2.30700276083E+02   4.18175801              400  0.15678    
      161100 -0.683564428         985848.2        0.000000       -14720.03     -5.95859735903E+07  2.58283061442E+05 -2.30700276114E+02   4.18193675              400  0.15547    
      161200 -0.683603373         985852.7        0.000000       -14712.89     -5.95849427653E+07  2.58278593194E+05 -2.30700276119E+02   4.18201809              400  0.15725    
      161300 -0.683389715         985801.0        0.000000       -14716.01     -5.95818081154E+07  2.58265005666E+05 -2.30700276105E+02   4.18192054              400  0.16001    
      161400 -0.683171357         985732.7        0.000000       -14709.12     -5.95783511150E+07  2.58250020861E+05 -2.30700276098E+02   4.18205950              400  0.15714    
      161500 -0.683046893         985786.2        0.000000       -14708.91     -5.95754808047E+07  2.58237579110E+05 -2.30700276118E+02   4.18182290              400  0.15605    
      161600 -0.683315656         985811.6        0.000000       -14711.48     -5.95770616574E+07  2.58244431373E+05 -2.30700276248E+02   4.18182148              400  0.15511    
      161700 -0.683408992         985813.2        0.000000       -14712.16     -5.95782849676E+07  2.58249734031E+05 -2.30700276193E+02   4.18187287              400  0.15604    
      161800 -0.683378133         985795.3        0.000000       -14714.04     -5.95774078407E+07  2.58245931964E+05 -2.30700276235E+02   4.18192043              400  0.15518    
      161900 -0.683349715         985811.4        0.000000       -14713.04     -5.95774499683E+07  2.58246114497E+05 -2.30700276302E+02   4.18187066              400  0.15612    
      162000 -0.683394931         985827.5        0.000000       -14715.35     -5.95778398604E+07  2.58247804428E+05 -2.30700276397E+02   4.18185105              400  0.15508    
      162100 -0.683521026         985857.6        0.000000       -14718.24     -5.95784824211E+07  2.58250589700E+05 -2.30700276388E+02   4.18187796              400  0.15625    
      162200 -0.683540445         985818.8        0.000000       -14710.74     -5.95776224647E+07  2.58246862302E+05 -2.30700276215E+02   4.18200145              400  0.15518    
      162300 -0.683351657         985815.2        0.000000       -14707.61     -5.95755138792E+07  2.58237722237E+05 -2.30700276331E+02   4.18188426              400  0.15764    
      162400 -0.683541520         985899.3        0.000000       -14710.98     -5.95768276630E+07  2.58243416861E+05 -2.30700276457E+02   4.18160996              400  0.15531    
      162500 -0.683862629         985890.9        0.000000       -14707.68     -5.95805284959E+07  2.58259458713E+05 -2.30700276353E+02   4.18207367              400  0.15555    
      162600 -0.683705490         985864.3        0.000000       -14706.58     -5.95779519165E+07  2.58248290320E+05 -2.30700276244E+02   4.18194878              400  0.15508    
      162700 -0.683518488         985828.2        0.000000       -14705.62     -5.95764492081E+07  2.58241776648E+05 -2.30700276235E+02   4.18192313              400  0.15910    
      162800 -0.683480993         985855.8        0.000000       -14712.71     -5.95775581529E+07  2.58246583498E+05 -2.30700276247E+02   4.18174145              400  0.15509    
      162900 -0.683793115         985924.8        0.000000       -14716.84     -5.95824334036E+07  2.58267715989E+05 -2.30700276167E+02   4.18178870              400  0.15554    
      163000 -0.683878100         985894.2        0.000000       -14717.74     -5.95817271030E+07  2.58264654407E+05 -2.30700276195E+02   4.18197243              400  0.15622    
      163100 -0.683952992         985920.6        0.000000       -14718.87     -5.95829659853E+07  2.58270024500E+05 -2.30700276196E+02   4.18185531              400  0.15600    
      163200 -0.683715772         985844.6        0.000000       -14723.38     -5.95810054090E+07  2.58261526208E+05 -2.30700276126E+02   4.18202131              400  0.15759    
      163300 -0.683363825         985775.0        0.000000       -14720.26     -5.95773596713E+07  2.58245723328E+05 -2.30700276092E+02   4.18198858              400  0.15831    
      163400 -0.683234459         985774.2        0.000000       -14719.21     -5.95776019715E+07  2.58246773524E+05 -2.30700276168E+02   4.18191294              400  0.15932    
      163500 -0.683281825         985812.8        0.000000       -14716.40     -5.95773645928E+07  2.58245744488E+05 -2.30700276246E+02   4.18187934              400  0.15810    
      163600 -0.683395825         985844.6        0.000000       -14707.58     -5.95777301321E+07  2.58247329004E+05 -2.30700276211E+02   4.18180948              400  0.15927    
      163700 -0.683690047         985866.4        0.000000       -14705.84     -5.95799421478E+07  2.58256917124E+05 -2.30700276342E+02   4.18191536              400  0.15968    
      163800 -0.683572436         985819.3        0.000000       -14698.32     -5.95790190277E+07  2.58252915707E+05 -2.30700276373E+02   4.18201656              400  0.15599    
      163900 -0.683412380         985812.9        0.000000       -14697.40     -5.95782117334E+07  2.58249416582E+05 -2.30700276198E+02   4.18195024              400  0.15464    
      164000 -0.683437348         985823.2        0.000000       -14702.34     -5.95775992075E+07  2.58246761592E+05 -2.30700276124E+02   4.18186424              400  0.15726    
      164100 -0.683561604         985876.2        0.000000       -14704.68     -5.95795647516E+07  2.58255281530E+05 -2.30700276094E+02   4.18175892              400  0.15470    
      164200 -0.683875690         985920.4        0.000000       -14703.47     -5.95832940372E+07  2.58271446589E+05 -2.30700276102E+02   4.18190040              400  0.15725    
      164300 -0.684018137         985876.2        0.000000       -14703.19     -5.95838543795E+07  2.58273875419E+05 -2.30700276142E+02   4.18201909              400  0.15459    
      164400 -0.683598947         985797.8        0.000000       -14701.16     -5.95803981698E+07  2.58258894064E+05 -2.30700276115E+02   4.18206249              400  0.15609    
      164500 -0.683288352         985808.1        0.000000       -14704.79     -5.95775601062E+07  2.58246592217E+05 -2.30700276022E+02   4.18186957              400  0.15477    
      164600 -0.683330373         985812.3        0.000000       -14707.39     -5.95784243218E+07  2.58250338244E+05 -2.30700276046E+02   4.18181443              400  0.15753    
      164700 -0.683511952         985852.8        0.000000       -14709.56     -5.95812880532E+07  2.58262751440E+05 -2.30700276060E+02   4.18179284              400  0.15745    
      164800 -0.683766760         985934.6        0.000000       -14709.23     -5.95849362395E+07  2.58278564933E+05 -2.30700276095E+02   4.18174566              400  0.15679    
      164900 -0.683894034         985890.5        0.000000       -14707.90     -5.95856832262E+07  2.58281802823E+05 -2.30700276113E+02   4.18196394              400  0.15627    
      165000 -0.683687205         985853.8        0.000000       -14713.21     -5.95828075150E+07  2.58269337603E+05 -2.30700276185E+02   4.18198236              400  0.15719    
      165100 -0.683666323         985879.5        0.000000       -14714.13     -5.95823537749E+07  2.58267370594E+05 -2.30700276376E+02   4.18184575              400  0.15464    
      165200 -0.683727727         985889.8        0.000000       -14715.08     -5.95832524587E+07  2.58271265990E+05 -2.30700276434E+02   4.18183474              400  0.15550    
      165300 -0.683579575         985836.7        0.000000       -14714.12     -5.95813029759E+07  2.58262815716E+05 -2.30700276425E+02   4.18199401              400  0.15788    
      165400 -0.683408078         985790.5        0.000000       -14711.33     -5.95794134480E+07  2.58254625528E+05 -2.30700276234E+02   4.18198833              400  0.15584    
      165500 -0.683352318         985820.0        0.000000       -14712.08     -5.95798614573E+07  2.58256567612E+05 -2.30700276118E+02   4.18188245              400  0.15498    
      165600 -0.683486338         985853.1        0.000000       -14711.82     -5.95814172440E+07  2.58263311228E+05 -2.30700276244E+02   4.18174028              400  0.15599    
      165700 -0.683658607         985871.0        0.000000       -14714.25     -5.95852862010E+07  2.58280081756E+05 -2.30700276211E+02   4.18190415              400  0.15499    
      165800 -0.683610495         985849.1        0.000000       -14717.45     -5.95845808275E+07  2.58277024428E+05 -2.30700276029E+02   4.18194590              400  0.15587    
      165900 -0.683701113         985892.1        0.000000       -14719.63     -5.95854994681E+07  2.58281006263E+05 -2.30700276146E+02   4.18190017              400  0.15538    
      166000 -0.683738499         985870.1        0.000000       -14719.01     -5.95851092905E+07  2.58279314997E+05 -2.30700276137E+02   4.18189639              400  0.15851    
      166100 -0.683798001         985921.6        0.000000       -14719.75     -5.95860443215E+07  2.58283367949E+05 -2.30700276191E+02   4.18179269              400  0.15536    
      166200 -0.683780455         985861.3        0.000000       -14724.22     -5.95857096966E+07  2.58281917618E+05 -2.30700276063E+02   4.18195508              400  0.15569    
      166300 -0.683367857         985755.6        0.000000       -14722.76     -5.95818096529E+07  2.58265012362E+05 -2.30700276077E+02   4.18208440              400  0.15879    
      166400 -0.683026406         985750.6        0.000000       -14723.53     -5.95789394200E+07  2.58252571109E+05 -2.30700275951E+02   4.18181450              400  0.15625    
      166500 -0.683222219         985798.1        0.000000       -14724.23     -5.95816545085E+07  2.58264340087E+05 -2.30700275882E+02   4.18180038              400  0.15804    
      166600 -0.683394279         985825.4        0.000000       -14721.65     -5.95840062583E+07  2.58274533961E+05 -2.30700275960E+02   4.18188045              400  0.15507    
      166700 -0.683503438         985837.4        0.000000       -14726.14     -5.95849211115E+07  2.58278499404E+05 -2.30700276055E+02   4.18188891              400  0.15522    
      166800 -0.683667853         985863.6        0.000000       -14723.36     -5.95865067071E+07  2.58285372275E+05 -2.30700276141E+02   4.18194164              400  0.15529    
      166900 -0.683527642         985835.6        0.000000       -14719.12     -5.95824553715E+07  2.58267811196E+05 -2.30700276181E+02   4.18199966              400  0.15568    
      167000 -0.683635424         985911.9        0.000000       -14716.58     -5.95823419944E+07  2.58267319665E+05 -2.30700276255E+02   4.18178257              400  0.15480    
      167100 -0.683817729         985885.1        0.000000       -14716.77     -5.95830974036E+07  2.58270594210E+05 -2.30700276142E+02   4.18200040              400  0.15981    
      167200 -0.683628904         985836.5        0.000000       -14713.70     -5.95788648904E+07  2.58252247948E+05 -2.30700276043E+02   4.18202203              400  0.15492    
      167300 -0.683538590         985832.2        0.000000       -14708.28     -5.95772747855E+07  2.58245355285E+05 -2.30700276176E+02   4.18189434              400  0.15704    
      167400 -0.683392255         985810.2        0.000000       -14717.66     -5.95767134475E+07  2.58242922037E+05 -2.30700276227E+02   4.18178980              400  0.15516    
      167500 -0.683363385         985793.4        0.000000       -14713.54     -5.95775197332E+07  2.58246417026E+05 -2.30700276191E+02   4.18194594              400  0.15585    
      167600 -0.683316538         985781.7        0.000000       -14711.70     -5.95769312846E+07  2.58243866460E+05 -2.30700276066E+02   4.18189835              400  0.15487    
      167700 -0.683340991         985825.7        0.000000       -14713.38     -5.95788011428E+07  2.58251971615E+05 -2.30700276053E+02   4.18175721              400  0.16079    
      167800 -0.683505311         985844.3        0.000000       -14712.92     -5.95812775247E+07  2.58262705745E+05 -2.30700276112E+02   4.18194657              400  0.15660    
      167900 -0.683688518         985905.7        0.000000       -14720.22     -5.95823403395E+07  2.58267312779E+05 -2.30700275998E+02   4.18186390              400  0.15531    
      168000 -0.683937147         985916.9        0.000000       -14721.03     -5.95835162276E+07  2.58272409643E+05 -2.30700276154E+02   4.18189571              400  0.15551    
      168100 -0.683905388         985898.7        0.000000       -14719.35     -5.95837991790E+07  2.58273636016E+05 -2.30700276258E+02   4.18199699              400  0.15712    
      168200 -0.683544500         985818.9        0.000000       -14720.24     -5.95786397157E+07  2.58251271604E+05 -2.30700276307E+02   4.18200309              400  0.15778    
      168300 -0.683606273         985892.3        0.000000       -14720.92     -5.95800552352E+07  2.58257407469E+05 -2.30700276206E+02   4.18174836              400  0.15642    
      168400 -0.683746594         985883.4        0.000000       -14719.21     -5.95812329088E+07  2.58262512182E+05 -2.30700276264E+02   4.18193394              400  0.15680    
      168500 -0.683710747         985871.3        0.000000       -14719.02     -5.95811144238E+07  2.58261998654E+05 -2.30700276209E+02   4.18186714              400  0.15510    
      168600 -0.683580765         985837.2        0.000000       -14717.93     -5.95809391777E+07  2.58261239122E+05 -2.30700276124E+02   4.18194012              400  0.15889    
      168700 -0.683357358         985793.6        0.000000       -14724.00     -5.95782125212E+07  2.58249420005E+05 -2.30700276190E+02   4.18192793              400  0.15529    
      168800 -0.683240255         985786.9        0.000000       -14728.26     -5.95768242968E+07  2.58243402600E+05 -2.30700276162E+02   4.18192898              400  0.15608    
      168900 -0.683370208         985842.2        0.000000       -14731.06     -5.95787328995E+07  2.58251675688E+05 -2.30700276158E+02   4.18174901              400  0.15541    
      169000 -0.683567927         985882.7        0.000000       -14733.54     -5.95810617548E+07  2.58261770459E+05 -2.30700276115E+02   4.18179692              400  0.15698    
      169100 -0.683865987         985889.5        0.000000       -14730.83     -5.95831696055E+07  2.58270907088E+05 -2.30700276223E+02   4.18197186              400  0.15467    
      169200 -0.683717892         985871.1        0.000000       -14736.07     -5.95808504878E+07  2.58260854644E+05 -2.30700276161E+02   4.18189374              400  0.15835    
      169300 -0.683483743         985823.6        0.000000       -14732.79     -5.95787285032E+07  2.58251656613E+05 -2.30700276175E+02   4.18189492              400  0.15469    
      169400 -0.683354911         985779.5        0.000000       -14740.30     -5.95783249722E+07  2.58249907677E+05 -2.30700275977E+02   4.18192609              400  0.15812    
      169500 -0.683271378         985820.0        0.000000       -14744.66     -5.95795194406E+07  2.58255085408E+05 -2.30700275840E+02   4.18174912              400  0.15462    
      169600 -0.683529395         985867.0        0.000000       -14741.92     -5.95824016570E+07  2.58267578818E+05 -2.30700275775E+02   4.18175398              400  0.15754    
      169700 -0.683667338         985872.9        0.000000       -14740.00     -5.95834499199E+07  2.58272122743E+05 -2.30700275690E+02   4.18195891              400  0.15497    
      169800 -0.683795688         985889.4        0.000000       -14735.13     -5.95820822178E+07  2.58266194092E+05 -2.30700275843E+02   4.18197841              400  0.15776    
      169900 -0.683742247         985898.5        0.000000       -14732.28     -5.95792201264E+07  2.58253787846E+05 -2.30700275970E+02   4.18181300              400  0.15613    
      170000 -0.683882418         985900.9        0.000000       -14736.02     -5.95810504909E+07  2.58261721719E+05 -2.30700276039E+02   4.18193696              400  0.15756    
      170100 -0.683749199         985843.3        0.000000       -14729.95     -5.95806808452E+07  2.58260119553E+05 -2.30700275940E+02   4.18202068              400  0.15628    
      170200 -0.683560905         985877.4        0.000000       -14727.57     -5.95791763057E+07  2.58253598003E+05 -2.30700275878E+02   4.18169002              400  0.15607    
      170300 -0.683781465         985885.8        0.000000       -14725.24     -5.95832563283E+07  2.58271283394E+05 -2.30700275870E+02   4.18193948              400  0.15619    
      170400 -0.683769168         985870.9        0.000000       -14727.06     -5.95823479588E+07  2.58267345678E+05 -2.30700276113E+02   4.18192965              400  0.15884    
      170500 -0.683654157         985838.3        0.000000       -14725.63     -5.95815646405E+07  2.58263950087E+05 -2.30700276289E+02   4.18196144              400  0.15882    
      170600 -0.683489925         985834.8        0.000000       -14729.67     -5.95821111763E+07  2.58266319169E+05 -2.30700276242E+02   4.18186299              400  0.15886    
      170700 -0.683528836         985812.4        0.000000       -14734.20     -5.95839011404E+07  2.58274078223E+05 -2.30700276042E+02   4.18191210              400  0.15638    
      170800 -0.683372943         985775.1        0.000000       -14733.58     -5.95827448973E+07  2.58269066250E+05 -2.30700276120E+02   4.18202444              400  0.15463    
      170900 -0.683196405         985773.7        0.000000       -14734.90     -5.95809220926E+07  2.58261165049E+05 -2.30700276139E+02   4.18193286              400  0.15664    
      171000 -0.683375657         985814.2        0.000000       -14733.96     -5.95818222819E+07  2.58265066992E+05 -2.30700276177E+02   4.18189693              400  0.15470    
      171100 -0.683405039         985814.6        0.000000       -14729.31     -5.95822776452E+07  2.58267040767E+05 -2.30700276226E+02   4.18194637              400  0.16036    
      171200 -0.683503200         985870.2        0.000000       -14727.82     -5.95827727681E+07  2.58269187194E+05 -2.30700276000E+02   4.18175750              400  0.15470    
      171300 -0.683583556         985870.2        0.000000       -14729.64     -5.95840997735E+07  2.58274939457E+05 -2.30700275833E+02   4.18183190              400  0.15464    
      171400 -0.683731212         985898.6        0.000000       -14725.71     -5.95856103076E+07  2.58281487025E+05 -2.30700275865E+02   4.18190401              400  0.15443    
      171500 -0.683896268         985897.5        0.000000       -14725.34     -5.95856714234E+07  2.58281751926E+05 -2.30700275877E+02   4.18192835              400  0.15615    
      171600 -0.683776741         985882.8        0.000000       -14724.51     -5.95844691928E+07  2.58276540758E+05 -2.30700275828E+02   4.18188226              400  0.15463    
      171700 -0.683855487         985929.5        0.000000       -14723.98     -5.95856011136E+07  2.58281447026E+05 -2.30700275996E+02   4.18185322              400  0.15612    
      171800 -0.684012575         985930.8        0.000000       -14723.01     -5.95869799849E+07  2.58287423608E+05 -2.30700276276E+02   4.18192591              400  0.15515    
      171900 -0.683817053         985886.0        0.000000       -14721.76     -5.95848536987E+07  2.58278206836E+05 -2.30700276375E+02   4.18200262              400  0.15692    
      172000 -0.683577751         985816.7        0.000000       -14719.80     -5.95811262932E+07  2.58262049969E+05 -2.30700276329E+02   4.18201985              400  0.15495    
      172100 -0.683499312         985823.6        0.000000       -14717.77     -5.95797521605E+07  2.58256093610E+05 -2.30700276333E+02   4.18193426              400  0.15637    
      172200 -0.683414556         985796.4        0.000000       -14714.49     -5.95789286493E+07  2.58252524060E+05 -2.30700276275E+02   4.18200851              400  0.15494    
      172300 -0.683401612         985840.0        0.000000       -14711.91     -5.95773309469E+07  2.58245598487E+05 -2.30700276388E+02   4.18186492              400  0.15643    
      172400 -0.683594820         985870.4        0.000000       -14715.94     -5.95782627283E+07  2.58249637609E+05 -2.30700276213E+02   4.18178116              400  0.15460    
      172500 -0.683705196         985873.9        0.000000       -14715.69     -5.95802270539E+07  2.58258152263E+05 -2.30700276184E+02   4.18188300              400  0.15678    
      172600 -0.683771597         985902.8        0.000000       -14713.57     -5.95809647620E+07  2.58261349945E+05 -2.30700276191E+02   4.18189251              400  0.15503    
      172700 -0.683684855         985852.8        0.000000       -14713.98     -5.95790327433E+07  2.58252975392E+05 -2.30700276165E+02   4.18196591              400  0.15609    
      172800 -0.683399317         985785.7        0.000000       -14718.62     -5.95749446972E+07  2.58235255060E+05 -2.30700276317E+02   4.18201992              400  0.15617    
      172900 -0.683181673         985754.5        0.000000       -14714.75     -5.95718134383E+07  2.58221682320E+05 -2.30700276224E+02   4.18198583              400  0.15682    
      173000 -0.683023474         985746.0        0.000000       -14715.65     -5.95706984187E+07  2.58216849118E+05 -2.30700276230E+02   4.18181406              400  0.15475    
      173100 -0.683243925         985847.5        0.000000       -14715.73     -5.95739913844E+07  2.58231122738E+05 -2.30700276375E+02   4.18162772              400  0.15635    
      173200 -0.683662814         985889.0        0.000000       -14710.91     -5.95792891614E+07  2.58254086575E+05 -2.30700276427E+02   4.18184549              400  0.15486    
      173300 -0.683731743         985890.4        0.000000       -14706.82     -5.95792993644E+07  2.58254131071E+05 -2.30700276187E+02   4.18192237              400  0.15467    
      173400 -0.683836297         985875.9        0.000000       -14708.28     -5.95802006947E+07  2.58258037968E+05 -2.30700276218E+02   4.18188390              400  0.15629    
      173500 -0.683482257         985801.5        0.000000       -14708.33     -5.95789195766E+07  2.58252484763E+05 -2.30700276248E+02   4.18197237              400  0.15464    
      173600 -0.683353562         985837.8        0.000000       -14706.56     -5.95777640726E+07  2.58247475943E+05 -2.30700276372E+02   4.18179175              400  0.15655    
      173700 -0.683605737         985868.9        0.000000       -14704.31     -5.95787577435E+07  2.58251782920E+05 -2.30700276567E+02   4.18187436              400  0.15459    
      173800 -0.683666961         985878.8        0.000000       -14700.73     -5.95780939681E+07  2.58248905640E+05 -2.30700276620E+02   4.18192900              400  0.15684    
      173900 -0.683660853         985872.1        0.000000       -14702.11     -5.95770616691E+07  2.58244431126E+05 -2.30700276515E+02   4.18189470              400  0.15434    
      174000 -0.683616369         985857.7        0.000000       -14703.39     -5.95767175552E+07  2.58242939558E+05 -2.30700276480E+02   4.18193371              400  0.15599    
      174100 -0.683626061         985840.0        0.000000       -14705.27     -5.95771618550E+07  2.58244865477E+05 -2.30700276441E+02   4.18194371              400  0.15465    
      174200 -0.683381968         985786.3        0.000000       -14706.85     -5.95746433866E+07  2.58233948925E+05 -2.30700276376E+02   4.18200524              400  0.15475    
      174300 -0.683294797         985822.8        0.000000       -14708.49     -5.95732882236E+07  2.58228074776E+05 -2.30700276394E+02   4.18176884              400  0.15439    
      174400 -0.683620050         985872.4        0.000000       -14709.48     -5.95762367600E+07  2.58240855505E+05 -2.30700276467E+02   4.18191051              400  0.15704    
      174500 -0.683590216         985837.6        0.000000       -14708.42     -5.95742617221E+07  2.58232294538E+05 -2.30700276387E+02   4.18190303              400  0.15452    
      174600 -0.683356955         985780.0        0.000000       -14707.63     -5.95724884623E+07  2.58224608199E+05 -2.30700276313E+02   4.18205398              400  0.15841    
      174700 -0.683311579         985804.7        0.000000       -14706.43     -5.95708684077E+07  2.58217585756E+05 -2.30700276410E+02   4.18185886              400  0.15620    
      174800 -0.683459171         985834.9        0.000000       -14705.53     -5.95726013181E+07  2.58225097272E+05 -2.30700276416E+02   4.18183552              400  0.15830    
      174900 -0.683497299         985832.9        0.000000       -14707.69     -5.95745955906E+07  2.58233741669E+05 -2.30700276445E+02   4.18189294              400  0.15638    
      175000 -0.683542219         985852.3        0.000000       -14708.08     -5.95755642861E+07  2.58237940577E+05 -2.30700276470E+02   4.18185719              400  0.15646    
      175100 -0.683596373         985863.0        0.000000       -14708.81     -5.95757221536E+07  2.58238624822E+05 -2.30700276516E+02   4.18190509              400  0.15851    
      175200 -0.683613225         985868.5        0.000000       -14710.38     -5.95750861879E+07  2.58235868182E+05 -2.30700276485E+02   4.18186564              400  0.15636    
      175300 -0.683394700         985792.0        0.000000       -14708.07     -5.95732851281E+07  2.58228061333E+05 -2.30700276417E+02   4.18196094              400  0.15503    
      175400 -0.683296256         985817.5        0.000000       -14716.33     -5.95732551191E+07  2.58227931395E+05 -2.30700276291E+02   4.18174343              400  0.15703    
      175500 -0.683537196         985840.8        0.000000       -14717.06     -5.95774778823E+07  2.58246235576E+05 -2.30700276228E+02   4.18187143              400  0.15458    
      175600 -0.683567273         985847.4        0.000000       -14717.62     -5.95769884932E+07  2.58244114333E+05 -2.30700276159E+02   4.18189896              400  0.15516    
      175700 -0.683494412         985820.6        0.000000       -14716.64     -5.95755309414E+07  2.58237796339E+05 -2.30700276203E+02   4.18198924              400  0.15875    
      175800 -0.683417216         985828.3        0.000000       -14714.52     -5.95740533225E+07  2.58231391389E+05 -2.30700276222E+02   4.18195800              400  0.15473    
      175900 -0.683548984         985860.7        0.000000       -14718.61     -5.95744196387E+07  2.58232979225E+05 -2.30700276229E+02   4.18177080              400  0.15792    
      176000 -0.683604406         985851.4        0.000000       -14717.31     -5.95761820401E+07  2.58240618527E+05 -2.30700276277E+02   4.18182927              400  0.15464    
      176100 -0.683453865         985814.1        0.000000       -14710.84     -5.95745814427E+07  2.58233680342E+05 -2.30700276447E+02   4.18197582              400  0.15488    
      176200 -0.683222253         985785.5        0.000000       -14710.95     -5.95710848954E+07  2.58218523985E+05 -2.30700276556E+02   4.18189042              400  0.15477    
      176300 -0.683274314         985786.2        0.000000       -14711.53     -5.95718046831E+07  2.58221644009E+05 -2.30700276546E+02   4.18194467              400  0.15944    
      176400 -0.683302755         985769.8        0.000000       -14710.23     -5.95724089872E+07  2.58224263445E+05 -2.30700276545E+02   4.18200894              400  0.15496    
      176500 -0.683275346         985806.1        0.000000       -14713.70     -5.95720029615E+07  2.58222503279E+05 -2.30700276719E+02   4.18180291              400  0.15523    
      176600 -0.683316007         985817.1        0.000000       -14713.91     -5.95729643880E+07  2.58226670831E+05 -2.30700276607E+02   4.18176909              400  0.15481    
      176700 -0.683501884         985859.9        0.000000       -14717.24     -5.95745951605E+07  2.58233739742E+05 -2.30700276502E+02   4.18174433              400  0.15811    
      176800 -0.683686061         985874.5        0.000000       -14720.99     -5.95776964749E+07  2.58247182769E+05 -2.30700276518E+02   4.18183175              400  0.15607    
      176900 -0.683758937         985883.3        0.000000       -14721.01     -5.95796237310E+07  2.58255536727E+05 -2.30700276502E+02   4.18195972              400  0.15897    
      177000 -0.683674414         985866.2        0.000000       -14722.09     -5.95777273343E+07  2.58247316679E+05 -2.30700276388E+02   4.18190132              400  0.15606    
      177100 -0.683570753         985857.9        0.000000       -14725.54     -5.95766410700E+07  2.58242608236E+05 -2.30700276291E+02   4.18179085              400  0.15650    
      177200 -0.683590321         985845.5        0.000000       -14722.41     -5.95773470511E+07  2.58245668381E+05 -2.30700276309E+02   4.18190686              400  0.15613    
      177300 -0.683480908         985839.7        0.000000       -14724.44     -5.95761481731E+07  2.58240471649E+05 -2.30700276346E+02   4.18178855              400  0.15894    
      177400 -0.683592547         985879.6        0.000000       -14730.24     -5.95787721378E+07  2.58251845673E+05 -2.30700276246E+02   4.18176546              400  0.15758    
      177500 -0.683769345         985866.5        0.000000       -14729.15     -5.95806539019E+07  2.58260002552E+05 -2.30700276130E+02   4.18204310              400  0.15704    
      177600 -0.683399795         985824.4        0.000000       -14727.42     -5.95761218360E+07  2.58240357824E+05 -2.30700276045E+02   4.18184320              400  0.15615    
      177700 -0.683441149         985828.8        0.000000       -14725.45     -5.95776428709E+07  2.58246950950E+05 -2.30700276041E+02   4.18186773              400  0.15642    
      177800 -0.683417028         985791.4        0.000000       -14724.87     -5.95789343889E+07  2.58252549164E+05 -2.30700276074E+02   4.18192000              400  0.15461    
      177900 -0.683304499         985810.0        0.000000       -14721.92     -5.95786913930E+07  2.58251495975E+05 -2.30700275978E+02   4.18183258              400  0.15549    
      178000 -0.683438653         985816.8        0.000000       -14721.42     -5.95805169799E+07  2.58259409324E+05 -2.30700275881E+02   4.18183946              400  0.15749    
      178100 -0.683293179         985796.5        0.000000       -14723.30     -5.95803610604E+07  2.58258733579E+05 -2.30700275784E+02   4.18177525              400  0.15471    
      178200 -0.683321193         985819.6        0.000000       -14728.34     -5.95825965063E+07  2.58268423463E+05 -2.30700275734E+02   4.18179792              400  0.15754    
      178300 -0.683460843         985838.5        0.000000       -14734.22     -5.95839491777E+07  2.58274286804E+05 -2.30700275723E+02   4.18182489              400  0.15469    
      178400 -0.683504331         985825.4        0.000000       -14733.42     -5.95844833028E+07  2.58276602003E+05 -2.30700275754E+02   4.18199943              400  0.15718    
      178500 -0.683603736         985905.4        0.000000       -14734.63     -5.95837143141E+07  2.58273268608E+05 -2.30700275856E+02   4.18177320              400  0.15504    
      178600 -0.683720783         985856.1        0.000000       -14727.16     -5.95826931154E+07  2.58268841919E+05 -2.30700276010E+02   4.18202637              400  0.15735    
      178700 -0.683641235         985845.9        0.000000       -14724.82     -5.95807785691E+07  2.58260542991E+05 -2.30700276082E+02   4.18206094              400  0.15477    
      178800 -0.683489281         985830.2        0.000000       -14726.91     -5.95775280600E+07  2.58246453248E+05 -2.30700276076E+02   4.18185441              400  0.15678    
      178900 -0.683476534         985796.7        0.000000       -14720.29     -5.95774554428E+07  2.58246138342E+05 -2.30700276199E+02   4.18203572              400  0.15463    
      179000 -0.683224218         985778.3        0.000000       -14723.20     -5.95740460881E+07  2.58231360147E+05 -2.30700276117E+02   4.18195302              400  0.15674    
      179100 -0.683454509         985849.2        0.000000       -14726.16     -5.95768841532E+07  2.58243662012E+05 -2.30700276200E+02   4.18174581              400  0.15471    
      179200 -0.683544427         985857.8        0.000000       -14722.65     -5.95787325131E+07  2.58251673879E+05 -2.30700276278E+02   4.18186386              400  0.16135    
      179300 -0.683776746         985891.4        0.000000       -14725.70     -5.95808958481E+07  2.58261051179E+05 -2.30700276237E+02   4.18186092              400  0.15483    
      179400 -0.683800758         985873.1        0.000000       -14725.07     -5.95812443516E+07  2.58262562066E+05 -2.30700276010E+02   4.18198192              400  0.15550    
      179500 -0.683545272         985797.6        0.000000       -14721.67     -5.95770438757E+07  2.58244354611E+05 -2.30700275967E+02   4.18214872              400  0.15478    
      179600 -0.683322429         985793.4        0.000000       -14717.49     -5.95751649348E+07  2.58236210114E+05 -2.30700275955E+02   4.18192716              400  0.15714    
      179700 -0.683263365         985808.3        0.000000       -14721.10     -5.95747137574E+07  2.58234254487E+05 -2.30700275902E+02   4.18170463              400  0.15483    
      179800 -0.683393591         985798.5        0.000000       -14726.73     -5.95785507154E+07  2.58250886273E+05 -2.30700275903E+02   4.18192281              400  0.15747    
      179900 -0.683258955         985771.8        0.000000       -14725.19     -5.95778589887E+07  2.58247887778E+05 -2.30700276007E+02   4.18191821              400  0.15492    
      180000 -0.683339222         985822.0        0.000000       -14728.36     -5.95798284207E+07  2.58256424549E+05 -2.30700275994E+02   4.18172449              400  0.15502    
      180100 -0.683477940         985846.4        0.000000       -14732.51     -5.95837500132E+07  2.58273423340E+05 -2.30700275865E+02   4.18181853              400  0.15486    
      180200 -0.683505476         985823.5        0.000000       -14732.06     -5.95832430348E+07  2.58271225758E+05 -2.30700275882E+02   4.18199573              400  0.15668    
      180300 -0.683492006         985857.9        0.000000       -14729.57     -5.95822219099E+07  2.58266799382E+05 -2.30700276042E+02   4.18185059              400  0.15518    
      180400 -0.683687709         985877.5        0.000000       -14729.63     -5.95833969419E+07  2.58271892647E+05 -2.30700276098E+02   4.18183089              400  0.15697    
      180500 -0.683771864         985916.2        0.000000       -14731.18     -5.95850592952E+07  2.58279098328E+05 -2.30700276100E+02   4.18183865              400  0.15773    
      180600 -0.683873145         985911.0        0.000000       -14729.93     -5.95855473323E+07  2.58281213563E+05 -2.30700276301E+02   4.18191470              400  0.15606    
      180700 -0.683803220         985856.7        0.000000       -14725.22     -5.95846724089E+07  2.58277421046E+05 -2.30700276344E+02   4.18204373              400  0.15636    
      180800 -0.683424458         985798.1        0.000000       -14722.76     -5.95804454736E+07  2.58259098853E+05 -2.30700276344E+02   4.18200586              400  0.15495    
      180900 -0.683225407         985759.9        0.000000       -14720.76     -5.95763541863E+07  2.58241364681E+05 -2.30700276309E+02   4.18198125              400  0.15731    
      181000 -0.683329292         985845.8        0.000000       -14720.71     -5.95762709580E+07  2.58241004074E+05 -2.30700276169E+02   4.18179119              400  0.15505    
      181100 -0.683653289         985863.7        0.000000       -14719.65     -5.95793228572E+07  2.58254233006E+05 -2.30700276095E+02   4.18185534              400  0.15717    
      181200 -0.683724119         985898.6        0.000000       -14721.93     -5.95810287592E+07  2.58261627384E+05 -2.30700276161E+02   4.18182501              400  0.15493    
      181300 -0.683906905         985902.9        0.000000       -14720.40     -5.95815737008E+07  2.58263989357E+05 -2.30700276291E+02   4.18204031              400  0.15632    
      181400 -0.683769599         985853.7        0.000000       -14717.52     -5.95789227884E+07  2.58252498772E+05 -2.30700276170E+02   4.18197665              400  0.15504    
      181500 -0.683609656         985831.0        0.000000       -14716.49     -5.95775701398E+07  2.58246635707E+05 -2.30700276024E+02   4.18203961              400  0.15863    
      181600 -0.683470188         985854.5        0.000000       -14720.24     -5.95759670365E+07  2.58239686975E+05 -2.30700275912E+02   4.18180058              400  0.15531    
      181700 -0.683686967         985880.0        0.000000       -14725.16     -5.95785109510E+07  2.58250714081E+05 -2.30700275749E+02   4.18179515              400  0.15644    
      181800 -0.683768637         985880.7        0.000000       -14729.94     -5.95802948461E+07  2.58258446515E+05 -2.30700275828E+02   4.18191747              400  0.15627    
      181900 -0.683667243         985900.4        0.000000       -14728.31     -5.95794912901E+07  2.58254963269E+05 -2.30700275944E+02   4.18177364              400  0.15671    
      182000 -0.683785681         985872.8        0.000000       -14725.00     -5.95799933588E+07  2.58257139263E+05 -2.30700276201E+02   4.18202679              400  0.15595    
      182100 -0.683607978         985824.3        0.000000       -14727.50     -5.95784217572E+07  2.58250326775E+05 -2.30700276361E+02   4.18193482              400  0.15891    
      182200 -0.683511282         985817.9        0.000000       -14731.62     -5.95794510321E+07  2.58254788429E+05 -2.30700276245E+02   4.18193484              400  0.15612    
      182300 -0.683305823         985776.7        0.000000       -14730.14     -5.95757356489E+07  2.58238683600E+05 -2.30700276265E+02   4.18196644              400  0.15715    
      182400 -0.683314470         985841.6        0.000000       -14730.36     -5.95758623243E+07  2.58239232764E+05 -2.30700276200E+02   4.18177780              400  0.15772    
      182500 -0.683791726         985964.4        0.000000       -14734.79     -5.95800815355E+07  2.58257521488E+05 -2.30700276190E+02   4.18159762              400  0.15738    
      182600 -0.684091746         985944.2        0.000000       -14732.01     -5.95840231987E+07  2.58274607091E+05 -2.30700276228E+02   4.18192036              400  0.15642    
      182700 -0.684021562         985914.8        0.000000       -14735.98     -5.95840500545E+07  2.58274723452E+05 -2.30700276272E+02   4.18196268              400  0.15807    
      182800 -0.683814579         985888.1        0.000000       -14729.75     -5.95816004582E+07  2.58264105277E+05 -2.30700276348E+02   4.18193040              400  0.15836    
      182900 -0.683709071         985866.8        0.000000       -14726.45     -5.95796941265E+07  2.58255842068E+05 -2.30700276321E+02   4.18194070              400  0.15650    
      183000 -0.683679850         985896.6        0.000000       -14724.97     -5.95788843704E+07  2.58252332188E+05 -2.30700276221E+02   4.18184997              400  0.15846    
      183100 -0.683751392         985905.5        0.000000       -14724.78     -5.95782327262E+07  2.58249507552E+05 -2.30700276221E+02   4.18182999              400  0.15641    
      183200 -0.683855429         985863.8        0.000000       -14731.84     -5.95800415449E+07  2.58257348115E+05 -2.30700276216E+02   4.18196199              400  0.16002    
      183300 -0.683515851         985820.3        0.000000       -14730.83     -5.95769110866E+07  2.58243778803E+05 -2.30700276161E+02   4.18193839              400  0.15651    
      183400 -0.683374409         985804.9        0.000000       -14730.06     -5.95766286628E+07  2.58242554760E+05 -2.30700276018E+02   4.18191968              400  0.15848    
      183500 -0.683379822         985826.5        0.000000       -14730.55     -5.95768533814E+07  2.58243528884E+05 -2.30700275972E+02   4.18191574              400  0.15500    
      183600 -0.683548804         985842.0        0.000000       -14726.79     -5.95770149561E+07  2.58244229071E+05 -2.30700276132E+02   4.18191340              400  0.15643    
      183700 -0.683560100         985840.2        0.000000       -14725.38     -5.95764743249E+07  2.58241885639E+05 -2.30700276129E+02   4.18199150              400  0.15609    
      183800 -0.683656746         985853.3        0.000000       -14721.77     -5.95763316624E+07  2.58241267276E+05 -2.30700276105E+02   4.18198606              400  0.15893    
      183900 -0.683582845         985824.9        0.000000       -14719.67     -5.95741374798E+07  2.58231756322E+05 -2.30700276094E+02   4.18206521              400  0.15491    
      184000 -0.683366202         985818.2        0.000000       -14720.54     -5.95717131620E+07  2.58221247721E+05 -2.30700276169E+02   4.18180033              400  0.15542    
      184100 -0.683380978         985797.8        0.000000       -14715.78     -5.95728768069E+07  2.58226291754E+05 -2.30700276111E+02   4.18195750              400  0.15508    
      184200 -0.683236416         985762.2        0.000000       -14714.47     -5.95715019426E+07  2.58220332247E+05 -2.30700276095E+02   4.18194971              400  0.15703    
      184300 -0.683190564         985777.2        0.000000       -14713.00     -5.95711845453E+07  2.58218956437E+05 -2.30700276104E+02   4.18193041              400  0.15484    
      184400 -0.683330971         985814.0        0.000000       -14717.43     -5.95721483925E+07  2.58223134322E+05 -2.30700276135E+02   4.18174758              400  0.15577    
      184500 -0.683461352         985834.8        0.000000       -14718.65     -5.95758129112E+07  2.58239018665E+05 -2.30700276121E+02   4.18183053              400  0.15510    
      184600 -0.683406776         985794.4        0.000000       -14716.64     -5.95754579363E+07  2.58237479888E+05 -2.30700276204E+02   4.18196466              400  0.15608    
      184700 -0.683278927         985793.5        0.000000       -14710.96     -5.95746233308E+07  2.58233862175E+05 -2.30700276210E+02   4.18189768              400  0.15463    
      184800 -0.683252029         985797.5        0.000000       -14701.93     -5.95729319031E+07  2.58226530429E+05 -2.30700276242E+02   4.18185978              400  0.15472    
      184900 -0.683453606         985858.0        0.000000       -14702.74     -5.95743782189E+07  2.58232799603E+05 -2.30700276303E+02   4.18181224              400  0.15509    
      185000 -0.683622137         985867.7        0.000000       -14703.18     -5.95749553765E+07  2.58235301176E+05 -2.30700276474E+02   4.18190258              400  0.15479    
      185100 -0.683531419         985802.8        0.000000       -14703.78     -5.95733875908E+07  2.58228505505E+05 -2.30700276386E+02   4.18202065              400  0.15679    
      185200 -0.683366876         985835.3        0.000000       -14702.61     -5.95711845564E+07  2.58218956313E+05 -2.30700276258E+02   4.18174476              400  0.15582    
      185300 -0.683571337         985876.4        0.000000       -14701.20     -5.95738661211E+07  2.58230580018E+05 -2.30700276152E+02   4.18174169              400  0.15756    
      185400 -0.683739198         985894.1        0.000000       -14702.17     -5.95756575099E+07  2.58238344897E+05 -2.30700276264E+02   4.18186982              400  0.15623    
      185500 -0.683726519         985878.1        0.000000       -14709.58     -5.95767552692E+07  2.58243103210E+05 -2.30700276323E+02   4.18184427              400  0.15799    
      185600 -0.683472033         985813.7        0.000000       -14706.23     -5.95762048464E+07  2.58240717485E+05 -2.30700276187E+02   4.18191018              400  0.15461    
      185700 -0.683474074         985818.0        0.000000       -14710.39     -5.95776386703E+07  2.58246932565E+05 -2.30700276199E+02   4.18181430              400  0.15479    
      185800 -0.683566458         985851.3        0.000000       -14710.55     -5.95800529631E+07  2.58257397696E+05 -2.30700276138E+02   4.18195594              400  0.15470    
      185900 -0.683543105         985839.5        0.000000       -14710.50     -5.95784757421E+07  2.58250560954E+05 -2.30700276205E+02   4.18191042              400  0.15654    
      186000 -0.683698673         985892.3        0.000000       -14712.37     -5.95797856547E+07  2.58256238928E+05 -2.30700276214E+02   4.18186197              400  0.15498    
      186100 -0.683917480         985930.2        0.000000       -14711.07     -5.95810095058E+07  2.58261543608E+05 -2.30700276446E+02   4.18185041              400  0.15711    
      186200 -0.683705333         985819.5        0.000000       -14710.16     -5.95787774009E+07  2.58251868277E+05 -2.30700276433E+02   4.18201328              400  0.15507    
      186300 -0.683628402         985877.5        0.000000       -14710.50     -5.95791388157E+07  2.58253434997E+05 -2.30700276325E+02   4.18187814              400  0.15700    
      186400 -0.683632415         985860.3        0.000000       -14708.85     -5.95781731578E+07  2.58249249235E+05 -2.30700276319E+02   4.18192951              400  0.15508    
      186500 -0.683599803         985848.7        0.000000       -14712.69     -5.95771349761E+07  2.58244749114E+05 -2.30700276309E+02   4.18192942              400  0.15687    
      186600 -0.683652680         985857.7        0.000000       -14710.91     -5.95778356536E+07  2.58247786168E+05 -2.30700276419E+02   4.18190900              400  0.15523    
      186700 -0.683492754         985836.7        0.000000       -14706.11     -5.95754793444E+07  2.58237572528E+05 -2.30700276343E+02   4.18187303              400  0.15566    
      186800 -0.683666434         985892.1        0.000000       -14709.03     -5.95782730060E+07  2.58249681952E+05 -2.30700276398E+02   4.18175881              400  0.15504    
      186900 -0.683624656         985824.6        0.000000       -14700.48     -5.95766814719E+07  2.58242783093E+05 -2.30700276531E+02   4.18210197              400  0.15743    
      187000 -0.683449336         985855.9        0.000000       -14700.48     -5.95743494780E+07  2.58232674847E+05 -2.30700276459E+02   4.18178346              400  0.15524    
      187100 -0.683696570         985897.3        0.000000       -14703.45     -5.95777699412E+07  2.58247501308E+05 -2.30700276438E+02   4.18180722              400  0.15583    
      187200 -0.683709627         985831.6        0.000000       -14710.01     -5.95781900210E+07  2.58249322174E+05 -2.30700276459E+02   4.18208335              400  0.15635    
      187300 -0.683509101         985830.2        0.000000       -14708.34     -5.95760608704E+07  2.58240093142E+05 -2.30700276419E+02   4.18189021              400  0.15682    
      187400 -0.683590337         985876.6        0.000000       -14707.18     -5.95770743213E+07  2.58244485971E+05 -2.30700276512E+02   4.18181889              400  0.15521    
      187500 -0.683513055         985837.0        0.000000       -14708.84     -5.95767053726E+07  2.58242886800E+05 -2.30700276437E+02   4.18188884              400  0.15477    
      187600 -0.683627630         985867.0        0.000000       -14708.65     -5.95783343657E+07  2.58249947975E+05 -2.30700276352E+02   4.18186743              400  0.15880    
      187700 -0.683697586         985880.0        0.000000       -14712.82     -5.95795788663E+07  2.58255342403E+05 -2.30700276370E+02   4.18187358              400  0.15492    
      187800 -0.683874019         985897.7        0.000000       -14710.32     -5.95819556447E+07  2.58265644861E+05 -2.30700276364E+02   4.18182544              400  0.15807    
      187900 -0.683906411         985924.3        0.000000       -14709.97     -5.95826300841E+07  2.58268568244E+05 -2.30700276419E+02   4.18190992              400  0.15481    
      188000 -0.683754927         985854.6        0.000000       -14713.03     -5.95800683741E+07  2.58257464102E+05 -2.30700276491E+02   4.18205580              400  0.15591    
      188100 -0.683595489         985853.1        0.000000       -14710.26     -5.95773466356E+07  2.58245666185E+05 -2.30700276662E+02   4.18193372              400  0.15483    
      188200 -0.683513823         985827.6        0.000000       -14704.80     -5.95747154808E+07  2.58234261138E+05 -2.30700276633E+02   4.18195711              400  0.15682    
      188300 -0.683447814         985809.8        0.000000       -14705.63     -5.95743681609E+07  2.58232755580E+05 -2.30700276683E+02   4.18193822              400  0.15451    
      188400 -0.683276603         985770.9        0.000000       -14705.87     -5.95720952245E+07  2.58222903184E+05 -2.30700276737E+02   4.18197081              400  0.15473    
      188500 -0.683164089         985808.7        0.000000       -14699.69     -5.95705925582E+07  2.58216389627E+05 -2.30700276789E+02   4.18164108              400  0.15458    
      188600 -0.683633929         985895.0        0.000000       -14701.31     -5.95769769077E+07  2.58244063558E+05 -2.30700276656E+02   4.18183702              400  0.15491    
      188700 -0.683701937         985874.8        0.000000       -14702.09     -5.95774203132E+07  2.58245985656E+05 -2.30700276567E+02   4.18185964              400  0.15460    
      188800 -0.683616695         985844.3        0.000000       -14702.94     -5.95786197526E+07  2.58251184833E+05 -2.30700276520E+02   4.18188073              400  0.15533    
      188900 -0.683419511         985804.8        0.000000       -14703.54     -5.95774362547E+07  2.58246054858E+05 -2.30700276476E+02   4.18198836              400  0.15489    
      189000 -0.683426186         985833.6        0.000000       -14705.97     -5.95773546191E+07  2.58245700986E+05 -2.30700276487E+02   4.18183725              400  0.15628    
      189100 -0.683394488         985806.8        0.000000       -14705.33     -5.95768163341E+07  2.58243367836E+05 -2.30700276384E+02   4.18189414              400  0.15497    
      189200 -0.683320654         985815.7        0.000000       -14708.00     -5.95767092622E+07  2.58242903876E+05 -2.30700276244E+02   4.18179255              400  0.15566    
      189300 -0.683438216         985827.1        0.000000       -14711.93     -5.95791572273E+07  2.58253515024E+05 -2.30700276129E+02   4.18191834              400  0.15498    
      189400 -0.683554592         985864.2        0.000000       -14713.56     -5.95803228280E+07  2.58258567644E+05 -2.30700275973E+02   4.18178601              400  0.15525    
      189500 -0.683606118         985856.1        0.000000       -14717.04     -5.95821562974E+07  2.58266514932E+05 -2.30700276081E+02   4.18184102              400  0.15501    
      189600 -0.683572855         985832.6        0.000000       -14716.22     -5.95817209190E+07  2.58264627688E+05 -2.30700276117E+02   4.18200224              400  0.15888    
      189700 -0.683453045         985842.7        0.000000       -14714.60     -5.95806418004E+07  2.58259950071E+05 -2.30700276152E+02   4.18185516              400  0.15577    
      189800 -0.683551564         985825.0        0.000000       -14713.98     -5.95816022822E+07  2.58264113348E+05 -2.30700276201E+02   4.18196225              400  0.15573    
      189900 -0.683640429         985855.6        0.000000       -14712.97     -5.95825400400E+07  2.58268178168E+05 -2.30700276212E+02   4.18189898              400  0.15493    
      190000 -0.683467635         985827.1        0.000000       -14711.55     -5.95803497969E+07  2.58258684329E+05 -2.30700276165E+02   4.18194336              400  0.15791    
      190100 -0.683423328         985825.3        0.000000       -14712.73     -5.95790444267E+07  2.58253026023E+05 -2.30700276176E+02   4.18186920              400  0.15687    
      190200 -0.683558690         985856.8        0.000000       -14719.13     -5.95817291025E+07  2.58264663179E+05 -2.30700276101E+02   4.18178936              400  0.15656    
      190300 -0.683663476         985859.7        0.000000       -14718.19     -5.95833555924E+07  2.58271713561E+05 -2.30700275964E+02   4.18187849              400  0.15592    
      190400 -0.683650869         985869.9        0.000000       -14714.40     -5.95832992810E+07  2.58271469404E+05 -2.30700276025E+02   4.18190053              400  0.15467    
      190500 -0.683712383         985860.2        0.000000       -14717.10     -5.95827444961E+07  2.58269064600E+05 -2.30700276041E+02   4.18191948              400  0.15556    
      190600 -0.683556787         985822.5        0.000000       -14716.83     -5.95803891397E+07  2.58258855009E+05 -2.30700276037E+02   4.18202822              400  0.15469    
      190700 -0.683417210         985809.5        0.000000       -14717.16     -5.95772500986E+07  2.58245248399E+05 -2.30700276067E+02   4.18190613              400  0.15600    
      190800 -0.683412172         985828.7        0.000000       -14716.26     -5.95776585720E+07  2.58247019051E+05 -2.30700276003E+02   4.18181908              400  0.15488    
      190900 -0.683416865         985835.8        0.000000       -14713.05     -5.95786231823E+07  2.58251200310E+05 -2.30700275975E+02   4.18182950              400  0.15525    
      191000 -0.683590190         985881.2        0.000000       -14715.55     -5.95802817004E+07  2.58258389289E+05 -2.30700276047E+02   4.18176652              400  0.15495    
      191100 -0.683622909         985854.3        0.000000       -14714.70     -5.95804405542E+07  2.58259077773E+05 -2.30700276126E+02   4.18193306              400  0.15761    
      191200 -0.683509415         985811.4        0.000000       -14720.22     -5.95792137770E+07  2.58253760154E+05 -2.30700276121E+02   4.18195229              400  0.15505    
      191300 -0.683239004         985771.0        0.000000       -14719.20     -5.95761826130E+07  2.58240621087E+05 -2.30700276208E+02   4.18194250              400  0.15740    
      191400 -0.683429378         985858.1        0.000000       -14714.71     -5.95770302754E+07  2.58244295250E+05 -2.30700276332E+02   4.18179464              400  0.15506    
      191500 -0.683619853         985855.6        0.000000       -14709.41     -5.95785131398E+07  2.58250723054E+05 -2.30700276210E+02   4.18189276              400  0.15926    
      191600 -0.683665970         985875.1        0.000000       -14703.82     -5.95795919596E+07  2.58255399485E+05 -2.30700276077E+02   4.18188388              400  0.15483    
      191700 -0.683472707         985806.4        0.000000       -14706.56     -5.95778930618E+07  2.58248035329E+05 -2.30700276135E+02   4.18191588              400  0.15472    
      191800 -0.683407553         985806.3        0.000000       -14700.68     -5.95786671733E+07  2.58251390696E+05 -2.30700276241E+02   4.18193081              400  0.15449    
      191900 -0.683238314         985791.1        0.000000       -14708.81     -5.95779105994E+07  2.58248111395E+05 -2.30700276093E+02   4.18184913              400  0.15680    
      192000 -0.683437219         985847.0        0.000000       -14713.29     -5.95801492308E+07  2.58257815104E+05 -2.30700276028E+02   4.18180255              400  0.15472    
      192100 -0.683506426         985839.9        0.000000       -14710.24     -5.95814001579E+07  2.58263237279E+05 -2.30700276143E+02   4.18189255              400  0.15620    
      192200 -0.683561841         985876.5        0.000000       -14709.60     -5.95810726708E+07  2.58261817722E+05 -2.30700276163E+02   4.18181497              400  0.15465    
      192300 -0.683661056         985838.9        0.000000       -14708.46     -5.95802837339E+07  2.58258397922E+05 -2.30700276209E+02   4.18208151              400  0.15656    
      192400 -0.683555912         985823.5        0.000000       -14709.47     -5.95785900997E+07  2.58251056766E+05 -2.30700276103E+02   4.18189708              400  0.15487    
      192500 -0.683501841         985815.5        0.000000       -14706.47     -5.95780323983E+07  2.58248639398E+05 -2.30700276048E+02   4.18196346              400  0.15698    
      192600 -0.683437406         985866.4        0.000000       -14708.08     -5.95777909531E+07  2.58247592848E+05 -2.30700276027E+02   4.18172589              400  0.15486    
      192700 -0.683444969         985836.4        0.000000       -14709.19     -5.95763705303E+07  2.58241435657E+05 -2.30700276192E+02   4.18182259              400  0.15695    
      192800 -0.683534243         985864.7        0.000000       -14710.08     -5.95771680440E+07  2.58244892458E+05 -2.30700276303E+02   4.18180254              400  0.15562    
      192900 -0.683729415         985875.5        0.000000       -14708.18     -5.95791880259E+07  2.58253648334E+05 -2.30700276299E+02   4.18185256              400  0.15460    
      193000 -0.683663664         985858.9        0.000000       -14708.61     -5.95793589429E+07  2.58254389182E+05 -2.30700276311E+02   4.18192211              400  0.15529    
      193100 -0.683559694         985841.8        0.000000       -14709.14     -5.95781178572E+07  2.58249009423E+05 -2.30700276413E+02   4.18193613              400  0.15467    
      193200 -0.683582253         985869.5        0.000000       -14708.03     -5.95791208554E+07  2.58253356955E+05 -2.30700276496E+02   4.18181998              400  0.15680    
      193300 -0.683643212         985850.6        0.000000       -14702.72     -5.95793353120E+07  2.58254286522E+05 -2.30700276516E+02   4.18194067              400  0.15475    
      193400 -0.683544918         985837.5        0.000000       -14707.29     -5.95793989471E+07  2.58254562396E+05 -2.30700276481E+02   4.18187209              400  0.15606    
      193500 -0.683473820         985812.6        0.000000       -14704.89     -5.95797161416E+07  2.58255937195E+05 -2.30700276589E+02   4.18207180              400  0.15463    
      193600 -0.683347929         985813.0        0.000000       -14707.73     -5.95762216917E+07  2.58240789964E+05 -2.30700276668E+02   4.18191958              400  0.15575    
      193700 -0.683424980         985792.6        0.000000       -14703.22     -5.95757175944E+07  2.58238604944E+05 -2.30700276620E+02   4.18205959              400  0.15513    
      193800 -0.683182056         985781.4        0.000000       -14703.01     -5.95716365483E+07  2.58220915137E+05 -2.30700276608E+02   4.18187907              400  0.15577    
      193900 -0.683385731         985857.0        0.000000       -14709.84     -5.95737316482E+07  2.58229996667E+05 -2.30700276564E+02   4.18168454              400  0.15464    
      194000 -0.683742361         985896.5        0.000000       -14713.44     -5.95794393810E+07  2.58254737632E+05 -2.30700276508E+02   4.18186344              400  0.15758    
      194100 -0.683824953         985885.7        0.000000       -14713.34     -5.95795557211E+07  2.58255241867E+05 -2.30700276557E+02   4.18191363              400  0.15510    
      194200 -0.683774738         985874.9        0.000000       -14712.26     -5.95782607084E+07  2.58249628500E+05 -2.30700276529E+02   4.18199510              400  0.15578    
      194300 -0.683711001         985858.4        0.000000       -14707.75     -5.95768607286E+07  2.58243560172E+05 -2.30700276472E+02   4.18192755              400  0.15483    
      194400 -0.683364146         985783.5        0.000000       -14709.89     -5.95743779495E+07  2.58232798259E+05 -2.30700276461E+02   4.18194180              400  0.15673    
      194500 -0.683333894         985795.5        0.000000       -14707.99     -5.95752432829E+07  2.58236549069E+05 -2.30700276540E+02   4.18184617              400  0.15485    
      194600 -0.683314597         985778.4        0.000000       -14705.61     -5.95746587732E+07  2.58234015542E+05 -2.30700276446E+02   4.18197733              400  0.15605    
      194700 -0.683257278         985788.6        0.000000       -14707.25     -5.95743272157E+07  2.58232578263E+05 -2.30700276536E+02   4.18188679              400  0.15474    
      194800 -0.683394811         985854.2        0.000000       -14707.10     -5.95758620756E+07  2.58239231232E+05 -2.30700276605E+02   4.18176117              400  0.15548    
      194900 -0.683507581         985841.6        0.000000       -14709.18     -5.95774353193E+07  2.58246050682E+05 -2.30700276585E+02   4.18186448              400  0.15457    
      195000 -0.683661106         985909.2        0.000000       -14714.32     -5.95795705960E+07  2.58255306417E+05 -2.30700276492E+02   4.18167557              400  0.15490    
      195100 -0.683867801         985899.7        0.000000       -14715.78     -5.95838889761E+07  2.58274025156E+05 -2.30700276345E+02   4.18184032              400  0.15472    
      195200 -0.683734785         985872.3        0.000000       -14714.81     -5.95837543480E+07  2.58273441596E+05 -2.30700276342E+02   4.18190195              400  0.15544    
      195300 -0.683573754         985829.6        0.000000       -14712.62     -5.95813663225E+07  2.58263090301E+05 -2.30700276423E+02   4.18205905              400  0.15486    
      195400 -0.683632468         985860.2        0.000000       -14714.19     -5.95810934310E+07  2.58261907316E+05 -2.30700276515E+02   4.18189013              400  0.15947    
      195500 -0.683516510         985829.0        0.000000       -14715.81     -5.95787319976E+07  2.58251671113E+05 -2.30700276753E+02   4.18189681              400  0.15773    
      195600 -0.683448584         985829.5        0.000000       -14714.55     -5.95783574262E+07  2.58250047565E+05 -2.30700276682E+02   4.18184915              400  0.15468    
      195700 -0.683577986         985847.5        0.000000       -14715.37     -5.95798646577E+07  2.58256580979E+05 -2.30700276569E+02   4.18188569              400  0.15553    
      195800 -0.683522238         985839.5        0.000000       -14714.86     -5.95786972961E+07  2.58251520927E+05 -2.30700276546E+02   4.18187989              400  0.15463    
      195900 -0.683674347         985899.0        0.000000       -14715.00     -5.95801456020E+07  2.58257798841E+05 -2.30700276504E+02   4.18174687              400  0.15810    
      196000 -0.683687967         985842.7        0.000000       -14716.44     -5.95815191523E+07  2.58263752806E+05 -2.30700276384E+02   4.18191925              400  0.15462    
      196100 -0.683417800         985830.3        0.000000       -14720.01     -5.95805637850E+07  2.58259611653E+05 -2.30700276376E+02   4.18180519              400  0.15637    
      196200 -0.683511105         985867.0        0.000000       -14726.84     -5.95830843980E+07  2.58270537572E+05 -2.30700276378E+02   4.18170873              400  0.15467    
      196300 -0.683730335         985915.9        0.000000       -14722.75     -5.95864701697E+07  2.58285213669E+05 -2.30700276347E+02   4.18181494              400  0.15496    
      196400 -0.683945078         985932.1        0.000000       -14720.39     -5.95871023109E+07  2.58287953736E+05 -2.30700276374E+02   4.18185316              400  0.15467    
      196500 -0.683755798         985860.4        0.000000       -14721.79     -5.95851113245E+07  2.58279323601E+05 -2.30700276328E+02   4.18201288              400  0.15662    
      196600 -0.683495645         985821.0        0.000000       -14723.39     -5.95830831822E+07  2.58270532382E+05 -2.30700276306E+02   4.18191012              400  0.15485    
      196700 -0.683448999         985820.2        0.000000       -14727.73     -5.95832394409E+07  2.58271209629E+05 -2.30700276374E+02   4.18194914              400  0.15755    
      196800 -0.683312437         985779.2        0.000000       -14729.25     -5.95803958129E+07  2.58258883605E+05 -2.30700276332E+02   4.18196134              400  0.15472    
      196900 -0.683149564         985746.1        0.000000       -14734.30     -5.95785071055E+07  2.58250696822E+05 -2.30700276277E+02   4.18187591              400  0.15717    
      197000 -0.683172508         985771.6        0.000000       -14738.78     -5.95797045626E+07  2.58255887503E+05 -2.30700276144E+02   4.18190224              400  0.15467    
      197100 -0.683311979         985810.6        0.000000       -14741.02     -5.95819993168E+07  2.58265834516E+05 -2.30700276049E+02   4.18181626              400  0.15540    
      197200 -0.683616916         985899.3        0.000000       -14744.72     -5.95860155432E+07  2.58283243307E+05 -2.30700276101E+02   4.18177518              400  0.15476    
      197300 -0.683796722         985902.5        0.000000       -14744.40     -5.95865091021E+07  2.58285382494E+05 -2.30700276287E+02   4.18193538              400  0.15625    
      197400 -0.683818231         985887.4        0.000000       -14743.52     -5.95856605363E+07  2.58281704193E+05 -2.30700276361E+02   4.18188806              400  0.15480    
      197500 -0.683740197         985859.9        0.000000       -14742.61     -5.95855405643E+07  2.58281184173E+05 -2.30700276348E+02   4.18199162              400  0.15561    
      197600 -0.683593918         985864.7        0.000000       -14736.29     -5.95830064720E+07  2.58270199802E+05 -2.30700276368E+02   4.18192257              400  0.15480    
      197700 -0.683645670         985876.6        0.000000       -14732.32     -5.95814760314E+07  2.58263565871E+05 -2.30700276404E+02   4.18177676              400  0.15737    
      197800 -0.683525060         985799.2        0.000000       -14729.61     -5.95808512124E+07  2.58260857321E+05 -2.30700276575E+02   4.18197418              400  0.15480    
      197900 -0.683341996         985831.7        0.000000       -14726.07     -5.95798804258E+07  2.58256649588E+05 -2.30700276337E+02   4.18181476              400  0.15484    
      198000 -0.683424490         985857.7        0.000000       -14726.64     -5.95811225697E+07  2.58262033930E+05 -2.30700276239E+02   4.18176760              400  0.15726    
      198100 -0.683673807         985882.0        0.000000       -14723.07     -5.95831406389E+07  2.58270781442E+05 -2.30700276300E+02   4.18186767              400  0.15463    
      198200 -0.683557208         985828.8        0.000000       -14724.54     -5.95817011579E+07  2.58264541689E+05 -2.30700276423E+02   4.18192255              400  0.15607    
      198300 -0.683453788         985818.5        0.000000       -14730.70     -5.95827820881E+07  2.58269227099E+05 -2.30700276442E+02   4.18184347              400  0.15454    
      198400 -0.683437699         985836.7        0.000000       -14727.51     -5.95828967447E+07  2.58269724171E+05 -2.30700276372E+02   4.18189922              400  0.15482    
      198500 -0.683685637         985903.6        0.000000       -14727.34     -5.95845585617E+07  2.58276927521E+05 -2.30700276380E+02   4.18173817              400  0.15469    
      198600 -0.683794429         985877.1        0.000000       -14723.41     -5.95860391255E+07  2.58283345243E+05 -2.30700276355E+02   4.18198316              400  0.15531    
      198700 -0.683694001         985878.5        0.000000       -14719.77     -5.95843527239E+07  2.58276035307E+05 -2.30700276365E+02   4.18187420              400  0.15470    
      198800 -0.683572914         985842.2        0.000000       -14722.76     -5.95835925661E+07  2.58272740391E+05 -2.30700276289E+02   4.18185068              400  0.15811    
      198900 -0.683556105         985865.3        0.000000       -14717.97     -5.95843208276E+07  2.58275897341E+05 -2.30700276104E+02   4.18189991              400  0.15469    
      199000 -0.683408574         985771.2        0.000000       -14720.21     -5.95821904764E+07  2.58266663165E+05 -2.30700276010E+02   4.18203887              400  0.15683    
      199100 -0.683184475         985770.6        0.000000       -14723.95     -5.95807129125E+07  2.58260258592E+05 -2.30700275905E+02   4.18195259              400  0.15507    
      199200 -0.683224260         985803.3        0.000000       -14725.56     -5.95817433171E+07  2.58264725120E+05 -2.30700275809E+02   4.18174437              400  0.15660    
      199300 -0.683323459         985796.7        0.000000       -14721.37     -5.95823072071E+07  2.58267169248E+05 -2.30700275922E+02   4.18201275              400  0.15499    
      199400 -0.683338823         985829.3        0.000000       -14731.72     -5.95819689728E+07  2.58265703155E+05 -2.30700275898E+02   4.18171530              400  0.15779    
      199500 -0.683370046         985832.8        0.000000       -14733.60     -5.95838753900E+07  2.58273966665E+05 -2.30700275988E+02   4.18178216              400  0.15601    
      199600 -0.683510767         985844.9        0.000000       -14731.82     -5.95855125846E+07  2.58281063240E+05 -2.30700276037E+02   4.18186480              400  0.15767    
      199700 -0.683509611         985799.8        0.000000       -14731.56     -5.95848172166E+07  2.58278049190E+05 -2.30700275937E+02   4.18197461              400  0.15484    
      199800 -0.683380369         985807.6        0.000000       -14732.84     -5.95842339162E+07  2.58275520759E+05 -2.30700275973E+02   4.18189044              400  0.15515    
      199900 -0.683221340         985770.9        0.000000       -14731.76     -5.95824976074E+07  2.58267994505E+05 -2.30700275973E+02   4.18191353              400  0.15457    
      200000 -0.683212262         985765.4        0.000000       -14731.60     -5.95835028838E+07  2.58272352033E+05 -2.30700275948E+02   4.18193214              400  0.15868    
      200100 -0.683259654         985826.9        0.000000       -14732.97     -5.95836136382E+07  2.58272832057E+05 -2.30700275997E+02   4.18169554              400  0.15598    
      200200 -0.683684159         985912.1        0.000000       -14736.65     -5.95887224666E+07  2.58294976716E+05 -2.30700276189E+02   4.18178053              400  0.15608    
      200300 -0.683903169         985921.5        0.000000       -14736.41     -5.95899353621E+07  2.58300234020E+05 -2.30700276321E+02   4.18191560              400  0.15590    
      200400 -0.683833746         985876.5        0.000000       -14735.65     -5.95887283967E+07  2.58295002119E+05 -2.30700276458E+02   4.18186084              400  0.15658    
      200500 -0.683628488         985875.4        0.000000       -14730.69     -5.95870637796E+07  2.58287786742E+05 -2.30700276352E+02   4.18188744              400  0.15464    
      200600 -0.683588587         985867.4        0.000000       -14730.45     -5.95856012901E+07  2.58281447244E+05 -2.30700276484E+02   4.18186266              400  0.15545    
      200700 -0.683783202         985903.9        0.000000       -14731.51     -5.95873619986E+07  2.58289079184E+05 -2.30700276554E+02   4.18179227              400  0.15694    
      200800 -0.683782901         985861.8        0.000000       -14729.74     -5.95878970517E+07  2.58291398419E+05 -2.30700276573E+02   4.18201146              400  0.15470    
      200900 -0.683632035         985854.7        0.000000       -14728.63     -5.95862981326E+07  2.58284467698E+05 -2.30700276574E+02   4.18192562              400  0.15646    
      201000 -0.683482217         985827.3        0.000000       -14727.93     -5.95841045758E+07  2.58274959512E+05 -2.30700276513E+02   4.18184012              400  0.15487    
      201100 -0.683590112         985850.8        0.000000       -14723.81     -5.95855725528E+07  2.58281322733E+05 -2.30700276436E+02   4.18201726              400  0.15593    
      201200 -0.683539402         985825.5        0.000000       -14722.98     -5.95838907992E+07  2.58274032989E+05 -2.30700276406E+02   4.18198871              400  0.15454    
      201300 -0.683418706         985824.5        0.000000       -14723.21     -5.95814737248E+07  2.58263555949E+05 -2.30700276336E+02   4.18186632              400  0.15500    
      201400 -0.683647259         985887.1        0.000000       -14723.30     -5.95843111186E+07  2.58275855136E+05 -2.30700276211E+02   4.18180521              400  0.15476    
      201500 -0.683781062         985903.0        0.000000       -14721.23     -5.95853783960E+07  2.58280481330E+05 -2.30700276262E+02   4.18180470              400  0.15562    
      201600 -0.683908412         985926.9        0.000000       -14717.03     -5.95866663535E+07  2.58286064189E+05 -2.30700276225E+02   4.18189211              400  0.15463    
      201700 -0.683639550         985841.8        0.000000       -14725.90     -5.95834120860E+07  2.58271958130E+05 -2.30700276241E+02   4.18189910              400  0.15610    
      201800 -0.683477655         985827.4        0.000000       -14728.98     -5.95833062791E+07  2.58271499471E+05 -2.30700276264E+02   4.18195068              400  0.15482    
      201900 -0.683586037         985898.5        0.000000       -14728.56     -5.95830433627E+07  2.58270359801E+05 -2.30700276286E+02   4.18171614              400  0.15806    
      202000 -0.683778167         985879.3        0.000000       -14724.84     -5.95849972439E+07  2.58278829251E+05 -2.30700276196E+02   4.18188862              400  0.15497    
      202100 -0.683693750         985846.2        0.000000       -14724.07     -5.95839350712E+07  2.58274225057E+05 -2.30700276259E+02   4.18200669              400  0.15654    
      202200 -0.683251655         985771.1        0.000000       -14722.53     -5.95796956992E+07  2.58255848927E+05 -2.30700276283E+02   4.18191425              400  0.15498    
      202300 -0.683376249         985837.7        0.000000       -14722.91     -5.95811257884E+07  2.58262047641E+05 -2.30700276454E+02   4.18183555              400  0.15831    
      202400 -0.683642286         985904.8        0.000000       -14722.24     -5.95820882671E+07  2.58266219585E+05 -2.30700276493E+02   4.18179479              400  0.15482    
      202500 -0.683816857         985889.5        0.000000       -14717.75     -5.95830618762E+07  2.58270440019E+05 -2.30700276314E+02   4.18191379              400  0.15498    
      202600 -0.683852527         985922.7        0.000000       -14719.18     -5.95831465033E+07  2.58270806760E+05 -2.30700276391E+02   4.18186902              400  0.15505    
      202700 -0.683820580         985884.3        0.000000       -14719.58     -5.95815011496E+07  2.58263674740E+05 -2.30700276412E+02   4.18190625              400  0.15593    
      202800 -0.683776317         985897.3        0.000000       -14714.17     -5.95806154401E+07  2.58259835486E+05 -2.30700276440E+02   4.18189056              400  0.15479    
      202900 -0.683542105         985805.0        0.000000       -14714.35     -5.95772393063E+07  2.58245201308E+05 -2.30700276344E+02   4.18200697              400  0.15488    
      203000 -0.683353410         985791.5        0.000000       -14709.50     -5.95753447831E+07  2.58236989331E+05 -2.30700276275E+02   4.18205771              400  0.15464    
      203100 -0.683147217         985755.2        0.000000       -14707.55     -5.95722105444E+07  2.58223403689E+05 -2.30700276169E+02   4.18189861              400  0.15594    
      203200 -0.683132577         985780.7        0.000000       -14712.16     -5.95732099445E+07  2.58227735801E+05 -2.30700276094E+02   4.18176783              400  0.15499    
      203300 -0.683308841         985824.2        0.000000       -14710.68     -5.95756228517E+07  2.58238195002E+05 -2.30700275965E+02   4.18177120              400  0.15525    
      203400 -0.683466594         985841.3        0.000000       -14716.60     -5.95781441253E+07  2.58249123677E+05 -2.30700276063E+02   4.18180407              400  0.15783    
      203500 -0.683629939         985833.1        0.000000       -14717.58     -5.95800517276E+07  2.58257392442E+05 -2.30700276047E+02   4.18198022              400  0.15488    
      203600 -0.683407859         985806.6        0.000000       -14713.35     -5.95780109042E+07  2.58248546319E+05 -2.30700275968E+02   4.18190333              400  0.15672    
      203700 -0.683249501         985763.1        0.000000       -14708.45     -5.95760846979E+07  2.58240196821E+05 -2.30700276066E+02   4.18200760              400  0.15445    
      203800 -0.683277696         985789.5        0.000000       -14705.61     -5.95765484341E+07  2.58242206983E+05 -2.30700276032E+02   4.18188815              400  0.15860    
      203900 -0.683391086         985824.1        0.000000       -14703.38     -5.95780941378E+07  2.58248907241E+05 -2.30700275847E+02   4.18183936              400  0.15441    
      204000 -0.683529416         985831.2        0.000000       -14707.98     -5.95801843097E+07  2.58257967438E+05 -2.30700275777E+02   4.18191483              400  0.15609    
      204100 -0.683330499         985799.0        0.000000       -14708.93     -5.95782235942E+07  2.58249468456E+05 -2.30700275785E+02   4.18188428              400  0.15454    
      204200 -0.683655460         985927.7        0.000000       -14711.07     -5.95821215169E+07  2.58266364652E+05 -2.30700275653E+02   4.18164585              400  0.15485    
      204300 -0.683940018         985899.0        0.000000       -14710.20     -5.95845131761E+07  2.58276731360E+05 -2.30700275872E+02   4.18196433              400  0.15520    
      204400 -0.683837478         985901.7        0.000000       -14714.98     -5.95840806173E+07  2.58274856254E+05 -2.30700275983E+02   4.18180684              400  0.15780    
      204500 -0.683744683         985846.9        0.000000       -14712.55     -5.95839602509E+07  2.58274334565E+05 -2.30700275934E+02   4.18202180              400  0.15549    
      204600 -0.683636378         985851.1        0.000000       -14712.62     -5.95829912803E+07  2.58270134441E+05 -2.30700275931E+02   4.18189459              400  0.15654    
      204700 -0.683538062         985821.3        0.000000       -14708.90     -5.95816708419E+07  2.58264410849E+05 -2.30700275915E+02   4.18201866              400  0.15426    
      204800 -0.683398721         985810.1        0.000000       -14708.28     -5.95795191842E+07  2.58255084043E+05 -2.30700276066E+02   4.18189403              400  0.15670    
      204900 -0.683320451         985811.9        0.000000       -14710.22     -5.95785096388E+07  2.58250707959E+05 -2.30700276137E+02   4.18187830              400  0.15421    
      205000 -0.683489418         985862.4        0.000000       -14707.98     -5.95783030933E+07  2.58249812426E+05 -2.30700276347E+02   4.18181459              400  0.15799    
      205100 -0.683687111         985872.1        0.000000       -14709.36     -5.95798712995E+07  2.58256610104E+05 -2.30700276270E+02   4.18183346              400  0.15562    
      205200 -0.683829140         985911.3        0.000000       -14711.17     -5.95808665091E+07  2.58260924105E+05 -2.30700276148E+02   4.18189856              400  0.15942    
      205300 -0.683789954         985900.9        0.000000       -14712.74     -5.95791509174E+07  2.58253487646E+05 -2.30700276153E+02   4.18182656              400  0.15576    
      205400 -0.683662427         985848.4        0.000000       -14708.67     -5.95789334121E+07  2.58252544832E+05 -2.30700276162E+02   4.18193630              400  0.15706    
      205500 -0.683417213         985803.8        0.000000       -14705.29     -5.95756108470E+07  2.58238142736E+05 -2.30700276171E+02   4.18190850              400  0.15589    
      205600 -0.683337281         985807.1        0.000000       -14706.72     -5.95744853901E+07  2.58233264310E+05 -2.30700276160E+02   4.18183590              400  0.15515    
      205700 -0.683436021         985845.6        0.000000       -14707.00     -5.95756809699E+07  2.58238446581E+05 -2.30700276271E+02   4.18186774              400  0.15552    
      205800 -0.683580636         985848.1        0.000000       -14701.15     -5.95755234217E+07  2.58237763792E+05 -2.30700276159E+02   4.18191992              400  0.15664    
      205900 -0.683502234         985857.3        0.000000       -14700.28     -5.95744843024E+07  2.58233259572E+05 -2.30700276181E+02   4.18179816              400  0.15601    
      206000 -0.683628892         985867.9        0.000000       -14701.24     -5.95757912759E+07  2.58238924869E+05 -2.30700276135E+02   4.18191712              400  0.15592    
      206100 -0.683803824         985922.0        0.000000       -14699.30     -5.95773866612E+07  2.58245840055E+05 -2.30700276327E+02   4.18177019              400  0.15583    
      206200 -0.683783602         985882.7        0.000000       -14702.02     -5.95773726415E+07  2.58245779388E+05 -2.30700276236E+02   4.18189922              400  0.15582    
      206300 -0.683677513         985849.4        0.000000       -14704.50     -5.95758426101E+07  2.58239147178E+05 -2.30700276318E+02   4.18201964              400  0.15673    
      206400 -0.683525996         985832.2        0.000000       -14708.24     -5.95737585733E+07  2.58230113646E+05 -2.30700276324E+02   4.18193083              400  0.15566    
      206500 -0.683454987         985829.8        0.000000       -14714.97     -5.95744543321E+07  2.58233129689E+05 -2.30700276156E+02   4.18181186              400  0.15799    
      206600 -0.683579897         985844.4        0.000000       -14710.67     -5.95768777255E+07  2.58243634264E+05 -2.30700276099E+02   4.18191540              400  0.15582    
      206700 -0.683501840         985845.6        0.000000       -14709.25     -5.95761547322E+07  2.58240500385E+05 -2.30700276074E+02   4.18191085              400  0.15669    
      206800 -0.683512100         985845.1        0.000000       -14714.51     -5.95764998526E+07  2.58241996212E+05 -2.30700276201E+02   4.18178046              400  0.15630    
      206900 -0.683574060         985874.9        0.000000       -14710.59     -5.95784836285E+07  2.58250595127E+05 -2.30700276215E+02   4.18186297              400  0.15918    
      207000 -0.683890415         985936.5        0.000000       -14710.64     -5.95801661764E+07  2.58257888396E+05 -2.30700276172E+02   4.18181601              400  0.15631    
      207100 -0.683923394         985881.0        0.000000       -14712.69     -5.95804741907E+07  2.58259223492E+05 -2.30700276200E+02   4.18204066              400  0.15661    
      207200 -0.683571285         985807.0        0.000000       -14708.63     -5.95758258545E+07  2.58239074629E+05 -2.30700276247E+02   4.18209613              400  0.15593    
      207300 -0.683196068         985742.5        0.000000       -14706.86     -5.95704248630E+07  2.58215663141E+05 -2.30700276421E+02   4.18204938              400  0.15581    
      207400 -0.683014836         985738.0        0.000000       -14708.49     -5.95676674813E+07  2.58203710966E+05 -2.30700276376E+02   4.18190015              400  0.15469    
      207500 -0.683338966         985836.8        0.000000       -14711.96     -5.95718655597E+07  2.58221908161E+05 -2.30700276300E+02   4.18172808              400  0.16011    
      207600 -0.683286726         985781.0        0.000000       -14715.52     -5.95736051302E+07  2.58229448584E+05 -2.30700276273E+02   4.18181744              400  0.15527    
      207700 -0.683303830         985792.4        0.000000       -14714.41     -5.95749512523E+07  2.58235283493E+05 -2.30700276300E+02   4.18193371              400  0.15701    
      207800 -0.683348091         985812.8        0.000000       -14717.09     -5.95760095521E+07  2.58239870919E+05 -2.30700276220E+02   4.18187739              400  0.15549    
      207900 -0.683484350         985832.0        0.000000       -14712.03     -5.95773390378E+07  2.58245633808E+05 -2.30700276164E+02   4.18187145              400  0.15701    
      208000 -0.683409778         985821.2        0.000000       -14717.40     -5.95765520805E+07  2.58242222639E+05 -2.30700276166E+02   4.18191399              400  0.15484    
      208100 -0.683400328         985796.3        0.000000       -14714.37     -5.95759356685E+07  2.58239550802E+05 -2.30700276095E+02   4.18197789              400  0.15902    
      208200 -0.683142089         985781.2        0.000000       -14717.97     -5.95732095008E+07  2.58227733885E+05 -2.30700276088E+02   4.18182596              400  0.15680    
      208300 -0.683427003         985815.7        0.000000       -14721.44     -5.95762522655E+07  2.58240923149E+05 -2.30700276080E+02   4.18184281              400  0.15470    
      208400 -0.683393213         985824.4        0.000000       -14717.59     -5.95765804411E+07  2.58242345773E+05 -2.30700275986E+02   4.18183918              400  0.15787    
      208500 -0.683385646         985776.2        0.000000       -14717.11     -5.95775870458E+07  2.58246709003E+05 -2.30700276011E+02   4.18197005              400  0.15506    
      208600 -0.683128991         985755.4        0.000000       -14715.84     -5.95755898145E+07  2.58238051642E+05 -2.30700276105E+02   4.18190409              400  0.15808    
      208700 -0.683260373         985804.9        0.000000       -14720.50     -5.95771983335E+07  2.58245023990E+05 -2.30700276090E+02   4.18182844              400  0.15498    
      208800 -0.683379088         985820.3        0.000000       -14721.04     -5.95781206175E+07  2.58249021823E+05 -2.30700276025E+02   4.18181732              400  0.15686    
      208900 -0.683463810         985827.1        0.000000       -14720.58     -5.95795610986E+07  2.58255265763E+05 -2.30700276033E+02   4.18184066              400  0.15580    
      209000 -0.683553377         985829.4        0.000000       -14716.92     -5.95812708542E+07  2.58262676843E+05 -2.30700276100E+02   4.18197194              400  0.15829    
      209100 -0.683366706         985814.4        0.000000       -14716.95     -5.95785143854E+07  2.58250728424E+05 -2.30700276236E+02   4.18188494              400  0.15474    
      209200 -0.683441922         985838.6        0.000000       -14722.22     -5.95797773762E+07  2.58256203111E+05 -2.30700276154E+02   4.18189109              400  0.15856    
      209300 -0.683423179         985781.4        0.000000       -14722.51     -5.95790337425E+07  2.58252979938E+05 -2.30700275973E+02   4.18202152              400  0.15519    
      209400 -0.683335449         985825.5        0.000000       -14722.33     -5.95780165129E+07  2.58248570687E+05 -2.30700275918E+02   4.18182186              400  0.15625    
      209500 -0.683569039         985882.0        0.000000       -14722.09     -5.95802872192E+07  2.58258413389E+05 -2.30700275888E+02   4.18173019              400  0.15476    
      209600 -0.683810855         985911.2        0.000000       -14719.60     -5.95822678668E+07  2.58266998706E+05 -2.30700275937E+02   4.18184864              400  0.15747    
      209700 -0.683822512         985924.7        0.000000       -14717.70     -5.95823517349E+07  2.58267362056E+05 -2.30700276103E+02   4.18176765              400  0.15494    
      209800 -0.683906012         985913.3        0.000000       -14714.15     -5.95852569404E+07  2.58279955115E+05 -2.30700276039E+02   4.18182287              400  0.15991    
      209900 -0.683855147         985885.5        0.000000       -14712.84     -5.95849805604E+07  2.58278757034E+05 -2.30700276107E+02   4.18200591              400  0.15555    
      210000 -0.683673331         985828.6        0.000000       -14711.29     -5.95818751839E+07  2.58265296423E+05 -2.30700276069E+02   4.18204647              400  0.15702    
      210100 -0.683636596         985864.2        0.000000       -14714.89     -5.95813689168E+07  2.58263102018E+05 -2.30700276003E+02   4.18186910              400  0.15576    
      210200 -0.683589809         985851.5        0.000000       -14713.71     -5.95802444129E+07  2.58258227496E+05 -2.30700276195E+02   4.18196250              400  0.15777    
      210300 -0.683701539         985879.0        0.000000       -14716.42     -5.95794630843E+07  2.58254840754E+05 -2.30700276171E+02   4.18192565              400  0.15578    
      210400 -0.683512323         985783.4        0.000000       -14712.50     -5.95760672897E+07  2.58240121258E+05 -2.30700276160E+02   4.18213498              400  0.16055    
      210500 -0.683295865         985837.1        0.000000       -14714.10     -5.95736204113E+07  2.58229514897E+05 -2.30700276206E+02   4.18171365              400  0.15803    
      210600 -0.683465284         985839.6        0.000000       -14717.06     -5.95753967110E+07  2.58237214428E+05 -2.30700276268E+02   4.18185580              400  0.15593    
      210700 -0.683433800         985804.4        0.000000       -14715.62     -5.95745734481E+07  2.58233645796E+05 -2.30700276350E+02   4.18200460              400  0.15760    
      210800 -0.683321272         985804.8        0.000000       -14719.33     -5.95724453806E+07  2.58224421472E+05 -2.30700276298E+02   4.18189586              400  0.15597    
      210900 -0.683530236         985845.6        0.000000       -14716.35     -5.95745355941E+07  2.58233481861E+05 -2.30700276219E+02   4.18194980              400  0.15974    
      211000 -0.683611262         985862.2        0.000000       -14720.94     -5.95737061649E+07  2.58229886581E+05 -2.30700276229E+02   4.18187089              400  0.15584    
      211100 -0.683515989         985817.7        0.000000       -14722.36     -5.95722221402E+07  2.58223453995E+05 -2.30700276131E+02   4.18198543              400  0.15711    
      211200 -0.683366605         985812.1        0.000000       -14722.86     -5.95701263570E+07  2.58214369354E+05 -2.30700276310E+02   4.18186573              400  0.15600    
      211300 -0.683246596         985768.6        0.000000       -14722.29     -5.95698513408E+07  2.58213177170E+05 -2.30700276391E+02   4.18185750              400  0.15831    
      211400 -0.683333861         985831.4        0.000000       -14723.61     -5.95733082448E+07  2.58228161770E+05 -2.30700276207E+02   4.18171080              400  0.15621    
      211500 -0.683290952         985779.0        0.000000       -14721.85     -5.95745177776E+07  2.58233404642E+05 -2.30700276210E+02   4.18193369              400  0.16415    
      211600 -0.683304761         985843.4        0.000000       -14720.95     -5.95748776557E+07  2.58234964746E+05 -2.30700276062E+02   4.18175840              400  0.15612    
      211700 -0.683687101         985910.7        0.000000       -14719.28     -5.95787043773E+07  2.58251552224E+05 -2.30700276007E+02   4.18175242              400  0.15800    
      211800 -0.683767260         985880.2        0.000000       -14718.85     -5.95793997453E+07  2.58254566077E+05 -2.30700276283E+02   4.18195080              400  0.15609    
      211900 -0.683776087         985851.7        0.000000       -14718.24     -5.95798751820E+07  2.58256626854E+05 -2.30700276340E+02   4.18194708              400  0.15761    
      212000 -0.683461466         985799.7        0.000000       -14716.01     -5.95777327688E+07  2.58247340461E+05 -2.30700276186E+02   4.18208054              400  0.15592    
      212100 -0.683392446         985851.1        0.000000       -14714.95     -5.95763462083E+07  2.58241330286E+05 -2.30700276142E+02   4.18170487              400  0.15833    
      212200 -0.683679507         985902.8        0.000000       -14718.05     -5.95802189414E+07  2.58258117133E+05 -2.30700276153E+02   4.18177128              400  0.15612    
      212300 -0.683757319         985897.1        0.000000       -14715.06     -5.95812458209E+07  2.58262568132E+05 -2.30700276280E+02   4.18189018              400  0.15795    
      212400 -0.683764740         985879.9        0.000000       -14712.90     -5.95800885584E+07  2.58257551739E+05 -2.30700276361E+02   4.18193558              400  0.15785    
      212500 -0.683592256         985833.9        0.000000       -14711.66     -5.95792388733E+07  2.58253868729E+05 -2.30700276308E+02   4.18189827              400  0.15616    
      212600 -0.683470696         985832.4        0.000000       -14715.26     -5.95788574340E+07  2.58252215404E+05 -2.30700276243E+02   4.18187889              400  0.15673    
      212700 -0.683495414         985836.8        0.000000       -14718.15     -5.95796869853E+07  2.58255811196E+05 -2.30700276247E+02   4.18183383              400  0.15602    
      212800 -0.683500240         985864.1        0.000000       -14718.76     -5.95815304409E+07  2.58263801837E+05 -2.30700276296E+02   4.18176218              400  0.15828    
      212900 -0.683660069         985880.4        0.000000       -14720.15     -5.95832430399E+07  2.58271225345E+05 -2.30700276271E+02   4.18182322              400  0.15583    
      213000 -0.683865729         985918.5        0.000000       -14721.92     -5.95863849215E+07  2.58284844240E+05 -2.30700276266E+02   4.18180608              400  0.15738    
      213100 -0.683789033         985882.3        0.000000       -14718.06     -5.95858321304E+07  2.58282448306E+05 -2.30700276079E+02   4.18198642              400  0.15561    
      213200 -0.683811530         985898.3        0.000000       -14722.60     -5.95855125688E+07  2.58281063140E+05 -2.30700276065E+02   4.18179764              400  0.15929    
      213300 -0.683759348         985867.3        0.000000       -14717.16     -5.95854327998E+07  2.58280717451E+05 -2.30700275994E+02   4.18210500              400  0.15589    
      213400 -0.683664299         985838.7        0.000000       -14717.39     -5.95827297464E+07  2.58269000673E+05 -2.30700276035E+02   4.18201220              400  0.15625    
      213500 -0.683453462         985823.9        0.000000       -14719.30     -5.95798756164E+07  2.58256629105E+05 -2.30700276012E+02   4.18192722              400  0.15503    
      213600 -0.683438599         985821.3        0.000000       -14718.72     -5.95801210041E+07  2.58257692796E+05 -2.30700275988E+02   4.18189556              400  0.15647    
      213700 -0.683475152         985846.0        0.000000       -14716.91     -5.95808973161E+07  2.58261057879E+05 -2.30700275936E+02   4.18181498              400  0.15500    
      213800 -0.683676060         985882.0        0.000000       -14719.73     -5.95849613396E+07  2.58278673993E+05 -2.30700275863E+02   4.18174164              400  0.15778    
      213900 -0.683848396         985908.0        0.000000       -14720.06     -5.95888747990E+07  2.58295637409E+05 -2.30700275842E+02   4.18177316              400  0.15510    
      214000 -0.683774035         985871.7        0.000000       -14718.46     -5.95891727478E+07  2.58296928878E+05 -2.30700275867E+02   4.18195391              400  0.15633    
      214100 -0.683473574         985813.1        0.000000       -14713.67     -5.95852350920E+07  2.58279860504E+05 -2.30700275955E+02   4.18205691              400  0.15572    
      214200 -0.683274183         985782.8        0.000000       -14717.02     -5.95825394096E+07  2.58268175685E+05 -2.30700275988E+02   4.18188852              400  0.15753    
      214300 -0.683167135         985772.3        0.000000       -14714.64     -5.95825227885E+07  2.58268103513E+05 -2.30700276101E+02   4.18188892              400  0.15586    
      214400 -0.683135892         985765.9        0.000000       -14720.69     -5.95820974017E+07  2.58266259600E+05 -2.30700276118E+02   4.18183801              400  0.15651    
      214500 -0.683322846         985814.1        0.000000       -14719.00     -5.95843528784E+07  2.58276036193E+05 -2.30700276173E+02   4.18186969              400  0.15455    
      214600 -0.683458272         985815.8        0.000000       -14718.30     -5.95864997283E+07  2.58285342053E+05 -2.30700276116E+02   4.18187972              400  0.15763    
      214700 -0.683389116         985816.3        0.000000       -14723.29     -5.95869469353E+07  2.58287280499E+05 -2.30700276143E+02   4.18190259              400  0.15750    
      214800 -0.683369289         985797.3        0.000000       -14727.53     -5.95869165580E+07  2.58287148698E+05 -2.30700276256E+02   4.18185233              400  0.15487    
      214900 -0.683181738         985771.2        0.000000       -14728.51     -5.95864959919E+07  2.58285325649E+05 -2.30700276302E+02   4.18186005              400  0.16115    
      215000 -0.683318206         985811.9        0.000000       -14729.27     -5.95880461732E+07  2.58292045199E+05 -2.30700276222E+02   4.18189384              400  0.15474    
      215100 -0.683542434         985859.3        0.000000       -14730.61     -5.95893496136E+07  2.58297695241E+05 -2.30700276122E+02   4.18185750              400  0.15776    
      215200 -0.683663761         985854.6        0.000000       -14728.51     -5.95898457905E+07  2.58299846120E+05 -2.30700276000E+02   4.18193564              400  0.15463    
      215300 -0.683568497         985857.1        0.000000       -14727.33     -5.95875944274E+07  2.58290087180E+05 -2.30700276104E+02   4.18195322              400  0.15601    
      215400 -0.683578607         985833.9        0.000000       -14727.76     -5.95860933011E+07  2.58283580241E+05 -2.30700276206E+02   4.18198079              400  0.15482    
      215500 -0.683435612         985816.7        0.000000       -14727.43     -5.95836789993E+07  2.58273115236E+05 -2.30700276120E+02   4.18190757              400  0.15955    
      215600 -0.683552234         985872.8        0.000000       -14728.87     -5.95857599678E+07  2.58282135439E+05 -2.30700276140E+02   4.18186431              400  0.15496    
      215700 -0.683944087         985908.5        0.000000       -14729.84     -5.95901018034E+07  2.58300955699E+05 -2.30700276126E+02   4.18195223              400  0.15730    
      215800 -0.683702985         985852.0        0.000000       -14724.66     -5.95877528259E+07  2.58290773748E+05 -2.30700276132E+02   4.18206754              400  0.15477    
      215900 -0.683641695         985868.5        0.000000       -14721.82     -5.95857071535E+07  2.58281906337E+05 -2.30700276293E+02   4.18188737              400  0.15893    
      216000 -0.683528715         985850.4        0.000000       -14719.91     -5.95848263768E+07  2.58278088480E+05 -2.30700276309E+02   4.18183334              400  0.15462    
      216100 -0.683590787         985846.5        0.000000       -14714.41     -5.95850939399E+07  2.58279248416E+05 -2.30700276176E+02   4.18189264              400  0.15869    
      216200 -0.683616005         985872.8        0.000000       -14716.00     -5.95860757342E+07  2.58283504017E+05 -2.30700276275E+02   4.18183064              400  0.15454    
      216300 -0.683699122         985862.2        0.000000       -14721.30     -5.95878822504E+07  2.58291334609E+05 -2.30700276262E+02   4.18195273              400  0.15458    
      216400 -0.683436809         985776.4        0.000000       -14723.03     -5.95857057566E+07  2.58281900356E+05 -2.30700276227E+02   4.18197761              400  0.15447    
      216500 -0.683137280         985727.8        0.000000       -14720.26     -5.95832478877E+07  2.58271246424E+05 -2.30700276213E+02   4.18210824              400  0.15723    
      216600 -0.682979176         985753.5        0.000000       -14722.70     -5.95814544708E+07  2.58263472874E+05 -2.30700275992E+02   4.18187915              400  0.15456    
      216700 -0.683275885         985832.4        0.000000       -14723.93     -5.95833082287E+07  2.58271508119E+05 -2.30700276088E+02   4.18170492              400  0.15557    
      216800 -0.683479379         985835.8        0.000000       -14726.19     -5.95863857290E+07  2.58284847924E+05 -2.30700276102E+02   4.18183384              400  0.15467    
      216900 -0.683625872         985845.8        0.000000       -14722.57     -5.95877205915E+07  2.58290634104E+05 -2.30700276060E+02   4.18200590              400  0.15620    
      217000 -0.683334647         985744.3        0.000000       -14723.39     -5.95830693394E+07  2.58270472688E+05 -2.30700276030E+02   4.18219499              400  0.15453    
      217100 -0.683103749         985747.5        0.000000       -14721.73     -5.95790414946E+07  2.58253013309E+05 -2.30700276180E+02   4.18196929              400  0.15879    
      217200 -0.683157526         985787.5        0.000000       -14724.38     -5.95791467082E+07  2.58253469201E+05 -2.30700276331E+02   4.18180480              400  0.15674    
      217300 -0.683316494         985789.3        0.000000       -14728.32     -5.95819217790E+07  2.58265498211E+05 -2.30700276235E+02   4.18193298              400  0.15518    
      217400 -0.683367086         985829.6        0.000000       -14724.15     -5.95812596300E+07  2.58262628015E+05 -2.30700276258E+02   4.18185607              400  0.15539    
      217500 -0.683552407         985846.7        0.000000       -14718.50     -5.95815357961E+07  2.58263824913E+05 -2.30700276417E+02   4.18194396              400  0.15447    
      217600 -0.683408158         985843.9        0.000000       -14720.34     -5.95797745693E+07  2.58256190586E+05 -2.30700276474E+02   4.18173509              400  0.15895    
      217700 -0.683829173         985905.5        0.000000       -14720.20     -5.95854360869E+07  2.58280731310E+05 -2.30700276341E+02   4.18185003              400  0.15584    
      217800 -0.683800074         985904.8        0.000000       -14723.62     -5.95853474574E+07  2.58280347239E+05 -2.30700276248E+02   4.18180588              400  0.15798    
      217900 -0.683674198         985836.9        0.000000       -14722.19     -5.95845734090E+07  2.58276992052E+05 -2.30700276225E+02   4.18205344              400  0.15458    
      218000 -0.683436765         985789.8        0.000000       -14724.48     -5.95824121453E+07  2.58267623844E+05 -2.30700276165E+02   4.18199005              400  0.15644    
      218100 -0.683118802         985740.8        0.000000       -14730.02     -5.95799838791E+07  2.58257098272E+05 -2.30700276111E+02   4.18190992              400  0.15462    
      218200 -0.683059359         985801.8        0.000000       -14731.93     -5.95809521790E+07  2.58261295567E+05 -2.30700276044E+02   4.18172243              400  0.15775    
      218300 -0.683289109         985798.0        0.000000       -14732.02     -5.95833200022E+07  2.58271559204E+05 -2.30700276042E+02   4.18180303              400  0.15515    
      218400 -0.683449310         985860.8        0.000000       -14735.01     -5.95850238369E+07  2.58278944786E+05 -2.30700275960E+02   4.18173671              400  0.15925    
      218500 -0.683606795         985848.3        0.000000       -14738.12     -5.95867922695E+07  2.58286610236E+05 -2.30700276004E+02   4.18191528              400  0.15497    
      218600 -0.683558295         985842.3        0.000000       -14733.90     -5.95858972096E+07  2.58282730553E+05 -2.30700275942E+02   4.18190368              400  0.15600    
      218700 -0.683645055         985887.3        0.000000       -14739.06     -5.95862572841E+07  2.58284291258E+05 -2.30700276017E+02   4.18182127              400  0.15468    
      218800 -0.683663251         985841.2        0.000000       -14740.34     -5.95865255955E+07  2.58285454339E+05 -2.30700275972E+02   4.18195872              400  0.15793    
      218900 -0.683560565         985825.5        0.000000       -14739.28     -5.95852237478E+07  2.58279811399E+05 -2.30700275895E+02   4.18194929              400  0.15486    
      219000 -0.683510086         985844.4        0.000000       -14734.12     -5.95848352494E+07  2.58278127610E+05 -2.30700275709E+02   4.18186801              400  0.15907    
      219100 -0.683528447         985804.5        0.000000       -14738.95     -5.95857805737E+07  2.58282225251E+05 -2.30700275700E+02   4.18196469              400  0.15494    
      219200 -0.683311732         985823.4        0.000000       -14732.95     -5.95840581616E+07  2.58274759090E+05 -2.30700275828E+02   4.18189210              400  0.15699    
      219300 -0.683460087         985813.5        0.000000       -14735.24     -5.95843743020E+07  2.58276129362E+05 -2.30700275899E+02   4.18188975              400  0.15539    
      219400 -0.683334501         985787.7        0.000000       -14732.50     -5.95833891951E+07  2.58271859072E+05 -2.30700276094E+02   4.18197418              400  0.15755    
      219500 -0.683465592         985851.9        0.000000       -14730.17     -5.95835389685E+07  2.58272508150E+05 -2.30700276213E+02   4.18184423              400  0.15633    
      219600 -0.683626035         985882.8        0.000000       -14727.67     -5.95836320167E+07  2.58272911417E+05 -2.30700276269E+02   4.18180356              400  0.15549    
      219700 -0.683780186         985862.4        0.000000       -14729.42     -5.95858444640E+07  2.58282501594E+05 -2.30700276233E+02   4.18191955              400  0.15528    
      219800 -0.683680806         985857.7        0.000000       -14735.43     -5.95861590922E+07  2.58283865548E+05 -2.30700276093E+02   4.18191970              400  0.15736    
      219900 -0.683531939         985835.2        0.000000       -14735.23     -5.95853983058E+07  2.58280567807E+05 -2.30700276106E+02   4.18185321              400  0.15651    
      220000 -0.683440280         985815.5        0.000000       -14737.76     -5.95859526001E+07  2.58282970432E+05 -2.30700276137E+02   4.18184163              400  0.15506    
      220100 -0.683290402         985802.1        0.000000       -14741.44     -5.95858656103E+07  2.58282593377E+05 -2.30700276125E+02   4.18186797              400  0.15773    
      220200 -0.683559751         985885.8        0.000000       -14737.42     -5.95886787065E+07  2.58294787048E+05 -2.30700276174E+02   4.18175694              400  0.15542    
      220300 -0.683795445         985869.8        0.000000       -14737.56     -5.95920781507E+07  2.58309522545E+05 -2.30700276024E+02   4.18197903              400  0.15544    
      220400 -0.683681423         985888.7        0.000000       -14734.32     -5.95905664297E+07  2.58302969900E+05 -2.30700275931E+02   4.18186714              400  0.15505    
      220500 -0.683636209         985848.8        0.000000       -14737.38     -5.95895599155E+07  2.58298606979E+05 -2.30700275980E+02   4.18190526              400  0.15579    
      220600 -0.683812880         985909.8        0.000000       -14736.98     -5.95924017035E+07  2.58310925017E+05 -2.30700276032E+02   4.18187571              400  0.15520    
      220700 -0.683785589         985882.1        0.000000       -14735.09     -5.95912486070E+07  2.58305926763E+05 -2.30700276041E+02   4.18198980              400  0.15773    
      220800 -0.683594170         985883.8        0.000000       -14733.92     -5.95879881613E+07  2.58291793933E+05 -2.30700276048E+02   4.18184021              400  0.15502    
      220900 -0.683749837         985857.0        0.000000       -14734.33     -5.95881560665E+07  2.58292521785E+05 -2.30700276007E+02   4.18199329              400  0.15731    
      221000 -0.683438792         985788.9        0.000000       -14737.09     -5.95854499737E+07  2.58280791665E+05 -2.30700276198E+02   4.18200881              400  0.15496    
      221100 -0.683371424         985826.2        0.000000       -14730.84     -5.95835446765E+07  2.58272532834E+05 -2.30700276265E+02   4.18184248              400  0.15468    
      221200 -0.683524239         985840.2        0.000000       -14722.30     -5.95836082270E+07  2.58272808452E+05 -2.30700276131E+02   4.18201129              400  0.15455    
      221300 -0.683606208         985835.5        0.000000       -14720.75     -5.95827081018E+07  2.58268906702E+05 -2.30700276168E+02   4.18199904              400  0.15887    
      221400 -0.683504582         985800.9        0.000000       -14723.86     -5.95824060373E+07  2.58267597438E+05 -2.30700276103E+02   4.18201437              400  0.15451    
      221500 -0.683243354         985776.9        0.000000       -14722.10     -5.95785834706E+07  2.58251028026E+05 -2.30700276108E+02   4.18193242              400  0.15621    
      221600 -0.683307202         985795.7        0.000000       -14718.87     -5.95795741332E+07  2.58255322119E+05 -2.30700276162E+02   4.18188350              400  0.15473    
      221700 -0.683134710         985753.8        0.000000       -14723.01     -5.95797423295E+07  2.58256051335E+05 -2.30700276031E+02   4.18188962              400  0.15619    
      221800 -0.683262995         985827.3        0.000000       -14725.33     -5.95807149605E+07  2.58260267306E+05 -2.30700276051E+02   4.18186294              400  0.15462    
      221900 -0.683448143         985815.9        0.000000       -14727.39     -5.95822655025E+07  2.58266988134E+05 -2.30700276226E+02   4.18190770              400  0.15832    
      222000 -0.683490735         985857.6        0.000000       -14730.05     -5.95835787721E+07  2.58272680685E+05 -2.30700276212E+02   4.18183414              400  0.15688    
      222100 -0.683551589         985847.7        0.000000       -14729.20     -5.95829204541E+07  2.58269827171E+05 -2.30700276168E+02   4.18190772              400  0.15500    
      222200 -0.683603772         985855.9        0.000000       -14720.62     -5.95829738706E+07  2.58270058762E+05 -2.30700276123E+02   4.18202583              400  0.15659    
      222300 -0.683575318         985841.2        0.000000       -14719.87     -5.95812274397E+07  2.58262488668E+05 -2.30700276091E+02   4.18194687              400  0.15517    
      222400 -0.683660986         985881.8        0.000000       -14723.32     -5.95813995274E+07  2.58263234682E+05 -2.30700276021E+02   4.18184466              400  0.15599    
      222500 -0.683916381         985924.9        0.000000       -14720.61     -5.95840508452E+07  2.58274727152E+05 -2.30700276028E+02   4.18190421              400  0.15473    
      222600 -0.683921100         985909.3        0.000000       -14721.88     -5.95828142637E+07  2.58269366958E+05 -2.30700276094E+02   4.18193703              400  0.15822    
      222700 -0.683686137         985817.4        0.000000       -14724.87     -5.95801947566E+07  2.58258012342E+05 -2.30700276117E+02   4.18208369              400  0.15481    
      222800 -0.683370015         985824.1        0.000000       -14719.88     -5.95764551389E+07  2.58241802345E+05 -2.30700276245E+02   4.18188874              400  0.15648    
      222900 -0.683451916         985822.8        0.000000       -14717.89     -5.95770279701E+07  2.58244285460E+05 -2.30700276151E+02   4.18186346              400  0.15470    
      223000 -0.683431608         985808.3        0.000000       -14719.85     -5.95774205715E+07  2.58245987249E+05 -2.30700276144E+02   4.18198810              400  0.15687    
      223100 -0.683395138         985814.7        0.000000       -14721.80     -5.95768847466E+07  2.58243664648E+05 -2.30700276144E+02   4.18192560              400  0.15448    
      223200 -0.683548088         985824.5        0.000000       -14728.33     -5.95791202124E+07  2.58253354597E+05 -2.30700276112E+02   4.18188698              400  0.15712    
      223300 -0.683462915         985815.3        0.000000       -14727.37     -5.95797968086E+07  2.58256287468E+05 -2.30700276042E+02   4.18187099              400  0.15462    
      223400 -0.683267385         985781.5        0.000000       -14723.70     -5.95776344262E+07  2.58246914337E+05 -2.30700276049E+02   4.18197458              400  0.15640    
      223500 -0.683246417         985815.4        0.000000       -14727.67     -5.95755646270E+07  2.58237942670E+05 -2.30700275920E+02   4.18181421              400  0.15463    
      223600 -0.683544122         985865.3        0.000000       -14724.01     -5.95771312660E+07  2.58244733293E+05 -2.30700276077E+02   4.18182196              400  0.15687    
      223700 -0.683550462         985813.1        0.000000       -14721.45     -5.95773570196E+07  2.58245711667E+05 -2.30700276241E+02   4.18198820              400  0.15468    
      223800 -0.683430593         985805.4        0.000000       -14720.46     -5.95765378120E+07  2.58242160622E+05 -2.30700276316E+02   4.18197030              400  0.15575    
      223900 -0.683552956         985843.8        0.000000       -14712.12     -5.95775906189E+07  2.58246724152E+05 -2.30700276314E+02   4.18191821              400  0.15451    
      224000 -0.683614391         985882.0        0.000000       -14715.38     -5.95779646154E+07  2.58248345302E+05 -2.30700276300E+02   4.18178473              400  0.15715    
      224100 -0.683944188         985943.1        0.000000       -14718.83     -5.95814234253E+07  2.58263337893E+05 -2.30700276359E+02   4.18186414              400  0.15476    
      224200 -0.683904783         985896.5        0.000000       -14717.14     -5.95803931801E+07  2.58258872135E+05 -2.30700276384E+02   4.18193245              400  0.15765    
      224300 -0.683624984         985837.0        0.000000       -14717.60     -5.95782616239E+07  2.58249632520E+05 -2.30700276482E+02   4.18193852              400  0.15488    
      224400 -0.683583579         985824.5        0.000000       -14721.89     -5.95780886850E+07  2.58248882914E+05 -2.30700276465E+02   4.18201469              400  0.15521    
      224500 -0.683328047         985805.1        0.000000       -14719.14     -5.95746582092E+07  2.58234013130E+05 -2.30700276417E+02   4.18186638              400  0.15628    
      224600 -0.683492073         985850.4        0.000000       -14721.31     -5.95763954357E+07  2.58241543477E+05 -2.30700276313E+02   4.18178973              400  0.15493    
      224700 -0.683629216         985870.4        0.000000       -14717.73     -5.95781607294E+07  2.58249195531E+05 -2.30700276169E+02   4.18185925              400  0.15500    
      224800 -0.683659528         985859.0        0.000000       -14714.88     -5.95785514838E+07  2.58250889477E+05 -2.30700276016E+02   4.18191841              400  0.15583    
      224900 -0.683606125         985840.6        0.000000       -14715.31     -5.95786422771E+07  2.58251283188E+05 -2.30700275877E+02   4.18187071              400  0.15500    
      225000 -0.683477810         985791.6        0.000000       -14714.57     -5.95781726299E+07  2.58249247506E+05 -2.30700275820E+02   4.18203879              400  0.15488    
      225100 -0.683307105         985786.1        0.000000       -14717.08     -5.95764386703E+07  2.58241731587E+05 -2.30700275684E+02   4.18198912              400  0.15595    
      225200 -0.683211673         985794.2        0.000000       -14718.35     -5.95740975383E+07  2.58231583672E+05 -2.30700275664E+02   4.18183530              400  0.15484    
      225300 -0.683433184         985848.5        0.000000       -14724.91     -5.95760074057E+07  2.58239862164E+05 -2.30700275730E+02   4.18176980              400  0.15701    
      225400 -0.683574034         985854.3        0.000000       -14725.38     -5.95779448732E+07  2.58248260403E+05 -2.30700275697E+02   4.18190370              400  0.15495    
      225500 -0.683581069         985862.2        0.000000       -14725.43     -5.95771061236E+07  2.58244624555E+05 -2.30700275858E+02   4.18188152              400  0.15767    
      225600 -0.683627416         985833.2        0.000000       -14723.56     -5.95771645475E+07  2.58244877731E+05 -2.30700275920E+02   4.18204140              400  0.15607    
      225700 -0.683495478         985829.5        0.000000       -14722.05     -5.95752638378E+07  2.58236638801E+05 -2.30700275973E+02   4.18193233              400  0.15693    
      225800 -0.683371345         985785.3        0.000000       -14725.51     -5.95746183466E+07  2.58233840750E+05 -2.30700276051E+02   4.18193345              400  0.15641    
      225900 -0.683092501         985720.8        0.000000       -14729.20     -5.95738121831E+07  2.58230346312E+05 -2.30700276067E+02   4.18189116              400  0.15640    
      226000 -0.682900552         985702.8        0.000000       -14724.97     -5.95729099757E+07  2.58226435506E+05 -2.30700276132E+02   4.18197293              400  0.15457    
      226100 -0.683183508         985843.8        0.000000       -14722.55     -5.95750293876E+07  2.58235622502E+05 -2.30700276013E+02   4.18167754              400  0.15500    
      226200 -0.683358870         985777.5        0.000000       -14720.94     -5.95768126247E+07  2.58243351902E+05 -2.30700276255E+02   4.18193796              400  0.15505    
      226300 -0.683294374         985813.4        0.000000       -14714.31     -5.95769684702E+07  2.58244027314E+05 -2.30700276362E+02   4.18181871              400  0.15881    
      226400 -0.683315600         985806.7        0.000000       -14712.97     -5.95765382113E+07  2.58242162290E+05 -2.30700276372E+02   4.18188409              400  0.15465    
      226500 -0.683206474         985816.2        0.000000       -14713.11     -5.95753395694E+07  2.58236966592E+05 -2.30700276400E+02   4.18174004              400  0.15502    
      226600 -0.683393633         985830.5        0.000000       -14713.26     -5.95779458275E+07  2.58248263664E+05 -2.30700276479E+02   4.18178181              400  0.15481    
      226700 -0.683390522         985820.4        0.000000       -14713.77     -5.95785073041E+07  2.58250697407E+05 -2.30700276523E+02   4.18190195              400  0.15885    
      226800 -0.683251780         985756.6        0.000000       -14711.03     -5.95762837431E+07  2.58241059045E+05 -2.30700276569E+02   4.18201918              400  0.15578    
      226900 -0.683103412         985752.7        0.000000       -14706.31     -5.95743388219E+07  2.58232628424E+05 -2.30700276667E+02   4.18205390              400  0.15844    
      227000 -0.683245589         985802.5        0.000000       -14709.70     -5.95743889956E+07  2.58232845627E+05 -2.30700276918E+02   4.18183753              400  0.15606    
      227100 -0.683360334         985781.9        0.000000       -14713.13     -5.95765448299E+07  2.58242190485E+05 -2.30700276814E+02   4.18187733              400  0.16049    
      227200 -0.683323342         985819.1        0.000000       -14708.41     -5.95772109310E+07  2.58245078098E+05 -2.30700276535E+02   4.18180800              400  0.15570    
      227300 -0.683578190         985855.2        0.000000       -14706.82     -5.95796282135E+07  2.58255556213E+05 -2.30700276452E+02   4.18183139              400  0.15577    
      227400 -0.683788320         985922.2        0.000000       -14710.68     -5.95821821389E+07  2.58266626582E+05 -2.30700276406E+02   4.18181052              400  0.15811    
      227500 -0.683852476         985879.6        0.000000       -14711.43     -5.95824307145E+07  2.58267704108E+05 -2.30700276367E+02   4.18197667              400  0.15576    
      227600 -0.683647995         985859.4        0.000000       -14707.49     -5.95802255118E+07  2.58258145348E+05 -2.30700276390E+02   4.18188408              400  0.15709    
      227700 -0.683637840         985841.3        0.000000       -14711.10     -5.95805256672E+07  2.58259446297E+05 -2.30700276491E+02   4.18196127              400  0.15619    
      227800 -0.683544968         985841.1        0.000000       -14709.36     -5.95794444473E+07  2.58254759618E+05 -2.30700276484E+02   4.18196914              400  0.15626    
      227900 -0.683640035         985882.3        0.000000       -14705.94     -5.95794505729E+07  2.58254786206E+05 -2.30700276453E+02   4.18183832              400  0.15570    
      228000 -0.683651010         985863.0        0.000000       -14700.04     -5.95791844805E+07  2.58253632739E+05 -2.30700276502E+02   4.18200371              400  0.15821    
      228100 -0.683480157         985792.1        0.000000       -14699.91     -5.95758708461E+07  2.58239269222E+05 -2.30700276629E+02   4.18203267              400  0.15445    
      228200 -0.683297650         985784.0        0.000000       -14703.12     -5.95747528655E+07  2.58234423100E+05 -2.30700276711E+02   4.18189050              400  0.15547    
      228300 -0.683290119         985807.5        0.000000       -14705.40     -5.95753537285E+07  2.58237027583E+05 -2.30700276742E+02   4.18184338              400  0.15449    
      228400 -0.683412683         985820.4        0.000000       -14709.05     -5.95776301426E+07  2.58246895131E+05 -2.30700276618E+02   4.18181445              400  0.15476    
      228500 -0.683330486         985797.5        0.000000       -14711.59     -5.95775551752E+07  2.58246570452E+05 -2.30700276371E+02   4.18185609              400  0.15471    
      228600 -0.683360426         985840.4        0.000000       -14710.62     -5.95788759105E+07  2.58252295506E+05 -2.30700276231E+02   4.18167684              400  0.15705    
      228700 -0.683536827         985832.4        0.000000       -14709.65     -5.95818241754E+07  2.58265075221E+05 -2.30700276157E+02   4.18192830              400  0.15461    
      228800 -0.683530416         985861.2        0.000000       -14712.08     -5.95821804713E+07  2.58266619617E+05 -2.30700276170E+02   4.18186103              400  0.15842    
      228900 -0.683395755         985776.7        0.000000       -14711.50     -5.95803048917E+07  2.58258489701E+05 -2.30700276149E+02   4.18198925              400  0.15459    
      229000 -0.683169199         985763.0        0.000000       -14707.92     -5.95788152622E+07  2.58252032735E+05 -2.30700276127E+02   4.18203253              400  0.15717    
      229100 -0.683225087         985810.5        0.000000       -14713.76     -5.95791789278E+07  2.58253608951E+05 -2.30700276251E+02   4.18175405              400  0.15460    
      229200 -0.683443195         985841.6        0.000000       -14711.68     -5.95815722618E+07  2.58263983240E+05 -2.30700276184E+02   4.18187838              400  0.16024    
      229300 -0.683523908         985833.0        0.000000       -14711.26     -5.95817903172E+07  2.58264928375E+05 -2.30700276232E+02   4.18197515              400  0.15474    
      229400 -0.683491520         985846.6        0.000000       -14714.82     -5.95806320581E+07  2.58259907664E+05 -2.30700276311E+02   4.18178019              400  0.15558    
      229500 -0.683396199         985782.1        0.000000       -14713.64     -5.95800318680E+07  2.58257306163E+05 -2.30700276222E+02   4.18208696              400  0.15800    
      229600 -0.683250374         985783.8        0.000000       -14714.61     -5.95784440917E+07  2.58250423799E+05 -2.30700276171E+02   4.18181149              400  0.15502    
      229700 -0.683248981         985802.6        0.000000       -14711.56     -5.95787217325E+07  2.58251627480E+05 -2.30700275982E+02   4.18189362              400  0.15460    
      229800 -0.683096238         985744.3        0.000000       -14715.95     -5.95759265097E+07  2.58239511180E+05 -2.30700276025E+02   4.18195193              400  0.15450    
      229900 -0.683002270         985733.2        0.000000       -14715.25     -5.95743147383E+07  2.58232524729E+05 -2.30700276043E+02   4.18188632              400  0.15476    
      230000 -0.683162912         985797.4        0.000000       -14723.71     -5.95772663337E+07  2.58245318902E+05 -2.30700275951E+02   4.18174801              400  0.15474    
      230100 -0.683457265         985848.6        0.000000       -14724.54     -5.95813877433E+07  2.58263183652E+05 -2.30700275977E+02   4.18176988              400  0.15827    
      230200 -0.683438547         985803.7        0.000000       -14720.39     -5.95819509098E+07  2.58265624864E+05 -2.30700275893E+02   4.18192709              400  0.15476    
      230300 -0.683309416         985794.8        0.000000       -14724.18     -5.95819968499E+07  2.58265824101E+05 -2.30700275801E+02   4.18183672              400  0.15670    
      230400 -0.683306568         985824.0        0.000000       -14723.88     -5.95830423440E+07  2.58270355870E+05 -2.30700275854E+02   4.18176937              400  0.15465    
      230500 -0.683553097         985877.6        0.000000       -14717.40     -5.95852069659E+07  2.58279738598E+05 -2.30700275946E+02   4.18179969              400  0.15678    
      230600 -0.683949005         985938.7        0.000000       -14715.50     -5.95889423521E+07  2.58295929956E+05 -2.30700276084E+02   4.18182352              400  0.15493    
      230700 -0.683934375         985892.1        0.000000       -14716.28     -5.95896687498E+07  2.58299078625E+05 -2.30700276080E+02   4.18198179              400  0.15684    
      230800 -0.683863298         985869.2        0.000000       -14715.30     -5.95895994732E+07  2.58298778361E+05 -2.30700276058E+02   4.18198238              400  0.15501    
      230900 -0.683590687         985842.1        0.000000       -14714.13     -5.95868965607E+07  2.58287062322E+05 -2.30700275984E+02   4.18192241              400  0.15582    
      231000 -0.683631921         985841.2        0.000000       -14715.22     -5.95879769698E+07  2.58291745522E+05 -2.30700275959E+02   4.18198137              400  0.15484    
      231100 -0.683681076         985881.0        0.000000       -14720.59     -5.95886626618E+07  2.58294717715E+05 -2.30700275983E+02   4.18181359              400  0.15781    
      231200 -0.683861371         985925.4        0.000000       -14721.83     -5.95913983980E+07  2.58306576167E+05 -2.30700275936E+02   4.18181939              400  0.15481    
      231300 -0.683774939         985860.1        0.000000       -14713.54     -5.95904830938E+07  2.58302608691E+05 -2.30700275912E+02   4.18200227              400  0.15505    
      231400 -0.683669098         985853.7        0.000000       -14714.45     -5.95896522812E+07  2.58299007502E+05 -2.30700275845E+02   4.18196303              400  0.15492    
      231500 -0.683451990         985802.3        0.000000       -14712.51     -5.95884322960E+07  2.58293719361E+05 -2.30700275808E+02   4.18197846              400  0.15555    
      231600 -0.683553579         985854.0        0.000000       -14714.65     -5.95895068015E+07  2.58298376891E+05 -2.30700275854E+02   4.18189271              400  0.15485    
      231700 -0.683669055         985871.2        0.000000       -14714.26     -5.95898809563E+07  2.58299998723E+05 -2.30700275845E+02   4.18188975              400  0.15508    
      231800 -0.683660970         985877.4        0.000000       -14715.84     -5.95898272132E+07  2.58299765557E+05 -2.30700276033E+02   4.18190120              400  0.15486    
      231900 -0.683686388         985879.3        0.000000       -14718.17     -5.95907508564E+07  2.58303769099E+05 -2.30700276130E+02   4.18184933              400  0.15567    
      232000 -0.683931287         985940.4        0.000000       -14721.69     -5.95935259279E+07  2.58315798121E+05 -2.30700276024E+02   4.18180230              400  0.15763    
      232100 -0.684116567         985935.8        0.000000       -14714.52     -5.95943760513E+07  2.58319482933E+05 -2.30700276164E+02   4.18197028              400  0.15489    
      232200 -0.683922339         985873.5        0.000000       -14711.22     -5.95907312851E+07  2.58303684111E+05 -2.30700276267E+02   4.18215298              400  0.15579    
      232300 -0.683618627         985843.3        0.000000       -14706.22     -5.95847723374E+07  2.58277854087E+05 -2.30700276444E+02   4.18191959              400  0.15738    
      232400 -0.683581858         985826.1        0.000000       -14707.81     -5.95834832042E+07  2.58272266176E+05 -2.30700276442E+02   4.18200935              400  0.15542    
      232500 -0.683422524         985797.1        0.000000       -14709.78     -5.95814852513E+07  2.58263605921E+05 -2.30700276327E+02   4.18200188              400  0.15536    
      232600 -0.683356193         985868.5        0.000000       -14708.21     -5.95803526683E+07  2.58258696612E+05 -2.30700276312E+02   4.18163421              400  0.15565    
      232700 -0.683559634         985856.2        0.000000       -14712.16     -5.95832702856E+07  2.58271343378E+05 -2.30700276331E+02   4.18186686              400  0.15589    
      232800 -0.683632319         985841.1        0.000000       -14713.23     -5.95830199560E+07  2.58270258173E+05 -2.30700276438E+02   4.18205919              400  0.15854    
      232900 -0.683531402         985806.2        0.000000       -14711.03     -5.95804392533E+07  2.58259071775E+05 -2.30700276447E+02   4.18197609              400  0.15615    
      233000 -0.683456632         985828.8        0.000000       -14713.58     -5.95819965099E+07  2.58265821941E+05 -2.30700276413E+02   4.18186226              400  0.15823    
      233100 -0.683373011         985805.4        0.000000       -14709.23     -5.95810809783E+07  2.58261853428E+05 -2.30700276435E+02   4.18191847              400  0.15615    
      233200 -0.683399605         985795.2        0.000000       -14715.28     -5.95817709639E+07  2.58264844308E+05 -2.30700276391E+02   4.18195591              400  0.15797    
      233300 -0.683481808         985859.2        0.000000       -14717.29     -5.95815577608E+07  2.58263920125E+05 -2.30700276414E+02   4.18180507              400  0.15626    
      233400 -0.683540830         985826.2        0.000000       -14720.80     -5.95822437304E+07  2.58266893623E+05 -2.30700276348E+02   4.18197588              400  0.15836    
      233500 -0.683549587         985851.0        0.000000       -14715.32     -5.95805991298E+07  2.58259764941E+05 -2.30700276303E+02   4.18192603              400  0.15624    
      233600 -0.683735005         985887.2        0.000000       -14716.85     -5.95813601349E+07  2.58263063488E+05 -2.30700276417E+02   4.18192322              400  0.15809    
      233700 -0.683669064         985836.5        0.000000       -14717.14     -5.95808339136E+07  2.58260782562E+05 -2.30700276374E+02   4.18202963              400  0.15643    
      233800 -0.683416405         985807.8        0.000000       -14715.38     -5.95783971366E+07  2.58250220066E+05 -2.30700276350E+02   4.18196647              400  0.15799    
      233900 -0.683374384         985820.3        0.000000       -14714.25     -5.95768125239E+07  2.58243351368E+05 -2.30700276342E+02   4.18182960              400  0.15614    
      234000 -0.683404795         985827.4        0.000000       -14711.29     -5.95781552385E+07  2.58249171530E+05 -2.30700276348E+02   4.18192933              400  0.15916    
      234100 -0.683599465         985909.8        0.000000       -14710.46     -5.95781275700E+07  2.58249051524E+05 -2.30700276413E+02   4.18167096              400  0.15795    
      234200 -0.684036987         985948.8        0.000000       -14710.79     -5.95840017469E+07  2.58274513819E+05 -2.30700276484E+02   4.18180402              400  0.15619    
      234300 -0.683901065         985899.4        0.000000       -14713.28     -5.95835367053E+07  2.58272497872E+05 -2.30700276632E+02   4.18197522              400  0.15637    
      234400 -0.683592727         985830.9        0.000000       -14712.83     -5.95797680975E+07  2.58256162486E+05 -2.30700276517E+02   4.18193205              400  0.15621    
      234500 -0.683342589         985783.1        0.000000       -14705.23     -5.95775471406E+07  2.58246535537E+05 -2.30700276450E+02   4.18196839              400  0.15744    
      234600 -0.683175774         985787.7        0.000000       -14702.77     -5.95745970007E+07  2.58233747834E+05 -2.30700276399E+02   4.18190662              400  0.15697    
      234700 -0.683312638         985802.4        0.000000       -14703.77     -5.95758889252E+07  2.58239347669E+05 -2.30700276557E+02   4.18187958              400  0.15941    
      234800 -0.683439902         985834.5        0.000000       -14702.15     -5.95764292914E+07  2.58241689752E+05 -2.30700276739E+02   4.18183565              400  0.15590    
      234900 -0.683517488         985855.8        0.000000       -14703.10     -5.95776865923E+07  2.58247139613E+05 -2.30700276803E+02   4.18180146              400  0.15845    
      235000 -0.683603339         985836.3        0.000000       -14704.11     -5.95792873721E+07  2.58254078613E+05 -2.30700276612E+02   4.18203862              400  0.15571    
      235100 -0.683311875         985792.3        0.000000       -14700.05     -5.95749685534E+07  2.58235358133E+05 -2.30700276616E+02   4.18191562              400  0.16281    
      235200 -0.683399241         985843.0        0.000000       -14699.66     -5.95761639900E+07  2.58240540185E+05 -2.30700276368E+02   4.18175570              400  0.15456    
      235300 -0.683496324         985833.4        0.000000       -14699.02     -5.95773424512E+07  2.58245648267E+05 -2.30700276466E+02   4.18188235              400  0.15483    
      235400 -0.683493777         985856.1        0.000000       -14699.56     -5.95773392091E+07  2.58245634367E+05 -2.30700276328E+02   4.18182412              400  0.15447    
      235500 -0.683559022         985823.2        0.000000       -14697.27     -5.95776175193E+07  2.58246840763E+05 -2.30700276307E+02   4.18194460              400  0.15724    
      235600 -0.683691513         985868.8        0.000000       -14700.46     -5.95793608250E+07  2.58254397407E+05 -2.30700276251E+02   4.18192747              400  0.15470    
      235700 -0.683650909         985835.1        0.000000       -14705.92     -5.95782690070E+07  2.58249664998E+05 -2.30700276059E+02   4.18201030              400  0.16085    
      235800 -0.683570478         985865.4        0.000000       -14702.19     -5.95777836736E+07  2.58247561308E+05 -2.30700276014E+02   4.18178828              400  0.15497    
      235900 -0.683444303         985843.6        0.000000       -14700.03     -5.95763888478E+07  2.58241515376E+05 -2.30700275907E+02   4.18177971              400  0.15688    
      236000 -0.683631333         985877.9        0.000000       -14699.67     -5.95796805851E+07  2.58255783830E+05 -2.30700275911E+02   4.18179660              400  0.15586    
      236100 -0.683762481         985902.7        0.000000       -14700.42     -5.95812825890E+07  2.58262727851E+05 -2.30700275974E+02   4.18181954              400  0.15889    
      236200 -0.683832937         985869.9        0.000000       -14704.92     -5.95824990586E+07  2.58268000893E+05 -2.30700275886E+02   4.18199964              400  0.15604    
      236300 -0.683435080         985777.6        0.000000       -14704.94     -5.95776391053E+07  2.58246934723E+05 -2.30700275955E+02   4.18210406              400  0.15529    
      236400 -0.683151281         985745.4        0.000000       -14700.46     -5.95727567330E+07  2.58225771432E+05 -2.30700275974E+02   4.18197410              400  0.15640    
      236500 -0.683193422         985780.2        0.000000       -14703.69     -5.95735494817E+07  2.58229207602E+05 -2.30700276064E+02   4.18185834              400  0.15570    
      236600 -0.683310136         985837.1        0.000000       -14706.22     -5.95740755968E+07  2.58231488037E+05 -2.30700276135E+02   4.18181006              400  0.15742    
      236700 -0.683499191         985870.1        0.000000       -14705.26     -5.95757228723E+07  2.58238628197E+05 -2.30700276284E+02   4.18173970              400  0.15770    
      236800 -0.683640759         985842.2        0.000000       -14705.70     -5.95788331399E+07  2.58252110030E+05 -2.30700276303E+02   4.18191547              400  0.15762    
      236900 -0.683452763         985821.9        0.000000       -14713.15     -5.95786745567E+07  2.58251422756E+05 -2.30700276191E+02   4.18192166              400  0.15744    
      237000 -0.683581739         985865.8        0.000000       -14716.55     -5.95801416545E+07  2.58257782208E+05 -2.30700276077E+02   4.18185257              400  0.15818    
      237100 -0.683654625         985877.0        0.000000       -14717.96     -5.95807064488E+07  2.58260230346E+05 -2.30700276109E+02   4.18184237              400  0.15626    
      237200 -0.683691324         985886.5        0.000000       -14718.78     -5.95813845222E+07  2.58263169536E+05 -2.30700276115E+02   4.18178897              400  0.15637    
      237300 -0.683763681         985887.4        0.000000       -14719.21     -5.95834180616E+07  2.58271984282E+05 -2.30700276018E+02   4.18185452              400  0.15620    
      237400 -0.683842476         985918.3        0.000000       -14718.67     -5.95856068830E+07  2.58281471925E+05 -2.30700276094E+02   4.18186345              400  0.15778    
      237500 -0.683864908         985902.0        0.000000       -14715.47     -5.95841780147E+07  2.58275278128E+05 -2.30700276258E+02   4.18202996              400  0.15601    
      237600 -0.683654461         985855.3        0.000000       -14711.68     -5.95798810663E+07  2.58256652408E+05 -2.30700276298E+02   4.18197668              400  0.15818    
      237700 -0.683628842         985903.9        0.000000       -14710.35     -5.95782195867E+07  2.58249450373E+05 -2.30700276422E+02   4.18181198              400  0.15459    
      237800 -0.683862785         985923.3        0.000000       -14707.32     -5.95789682096E+07  2.58252695407E+05 -2.30700276393E+02   4.18187031              400  0.15613    
      237900 -0.683879208         985897.4        0.000000       -14707.76     -5.95790354479E+07  2.58252986737E+05 -2.30700276503E+02   4.18185233              400  0.15491    
      238000 -0.683606187         985841.2        0.000000       -14709.85     -5.95777004214E+07  2.58247199816E+05 -2.30700276572E+02   4.18194655              400  0.15589    
      238100 -0.683422370         985803.9        0.000000       -14713.14     -5.95758169248E+07  2.58239035606E+05 -2.30700276528E+02   4.18184202              400  0.15486    
      238200 -0.683288770         985780.3        0.000000       -14715.72     -5.95766151031E+07  2.58242495515E+05 -2.30700276437E+02   4.18198251              400  0.15529    
      238300 -0.683336432         985826.1        0.000000       -14713.24     -5.95755650377E+07  2.58237943768E+05 -2.30700276530E+02   4.18187770              400  0.15490    
      238400 -0.683517134         985841.1        0.000000       -14711.70     -5.95766260869E+07  2.58242543032E+05 -2.30700276520E+02   4.18178874              400  0.15576    
      238500 -0.683624249         985895.3        0.000000       -14711.77     -5.95790044806E+07  2.58252852432E+05 -2.30700276569E+02   4.18174169              400  0.15492    
      238600 -0.683810249         985921.6        0.000000       -14713.63     -5.95812050073E+07  2.58262390787E+05 -2.30700276667E+02   4.18183272              400  0.15903    
      238700 -0.683690156         985838.5        0.000000       -14713.94     -5.95793699919E+07  2.58254436846E+05 -2.30700276516E+02   4.18193079              400  0.15724    
      238800 -0.683483737         985823.8        0.000000       -14715.31     -5.95781169972E+07  2.58249005626E+05 -2.30700276475E+02   4.18191188              400  0.15578    
      238900 -0.683567134         985911.2        0.000000       -14717.63     -5.95784705200E+07  2.58250537984E+05 -2.30700276503E+02   4.18166335              400  0.15532    
      239000 -0.683899243         985911.4        0.000000       -14717.46     -5.95818999234E+07  2.58265403080E+05 -2.30700276587E+02   4.18188529              400  0.15492    
      239100 -0.683875268         985893.9        0.000000       -14714.15     -5.95807552579E+07  2.58260441373E+05 -2.30700276594E+02   4.18196373              400  0.15674    
      239200 -0.683481984         985803.1        0.000000       -14714.51     -5.95763616067E+07  2.58241396619E+05 -2.30700276512E+02   4.18202633              400  0.15529    
      239300 -0.683584196         985840.0        0.000000       -14714.06     -5.95768452747E+07  2.58243493302E+05 -2.30700276366E+02   4.18188847              400  0.15640    
      239400 -0.683593352         985854.4        0.000000       -14710.25     -5.95769074883E+07  2.58243762960E+05 -2.30700276380E+02   4.18185455              400  0.15461    
      239500 -0.683573713         985868.2        0.000000       -14707.25     -5.95766641279E+07  2.58242708186E+05 -2.30700276288E+02   4.18179613              400  0.15625    
      239600 -0.683668771         985859.5        0.000000       -14706.87     -5.95772270933E+07  2.58245148692E+05 -2.30700276056E+02   4.18197836              400  0.15502    
      239700 -0.683598666         985833.1        0.000000       -14708.36     -5.95745547191E+07  2.58233564940E+05 -2.30700276058E+02   4.18200676              400  0.15586    
      239800 -0.683395023         985815.5        0.000000       -14706.98     -5.95721228373E+07  2.58223023471E+05 -2.30700276206E+02   4.18188350              400  0.15487    
      239900 -0.683343715         985809.3        0.000000       -14709.03     -5.95728265250E+07  2.58226073616E+05 -2.30700276276E+02   4.18179572              400  0.15744    
      240000 -0.683271625         985766.8        0.000000       -14713.44     -5.95736768744E+07  2.58229759590E+05 -2.30700276254E+02   4.18195867              400  0.15503    
      240100 -0.683253128         985803.8        0.000000       -14712.84     -5.95733359834E+07  2.58228282091E+05 -2.30700276132E+02   4.18182172              400  0.15573    
      240200 -0.683341781         985810.4        0.000000       -14716.97     -5.95748801640E+07  2.58234975588E+05 -2.30700276089E+02   4.18179329              400  0.15453    
      240300 -0.683572063         985867.8        0.000000       -14718.12     -5.95782622422E+07  2.58249635471E+05 -2.30700276241E+02   4.18190760              400  0.15660    
      240400 -0.683518612         985836.8        0.000000       -14714.25     -5.95763435806E+07  2.58241318848E+05 -2.30700276185E+02   4.18189934              400  0.15458    
      240500 -0.683354884         985817.8        0.000000       -14704.28     -5.95728048287E+07  2.58225979700E+05 -2.30700276161E+02   4.18193136              400  0.15685    
      240600 -0.683498980         985854.2        0.000000       -14704.09     -5.95726274963E+07  2.58225211133E+05 -2.30700276069E+02   4.18189690              400  0.15461    
      240700 -0.683509668         985829.0        0.000000       -14699.64     -5.95710013241E+07  2.58218162247E+05 -2.30700276099E+02   4.18198600              400  0.15648    
      240800 -0.683272531         985769.2        0.000000       -14695.94     -5.95682672346E+07  2.58206310965E+05 -2.30700276116E+02   4.18198235              400  0.15449    
      240900 -0.683251213         985778.6        0.000000       -14696.11     -5.95688438442E+07  2.58208810391E+05 -2.30700276083E+02   4.18187539              400  0.15656    
      241000 -0.683245976         985759.8        0.000000       -14700.82     -5.95699877889E+07  2.58213768956E+05 -2.30700276092E+02   4.18195829              400  0.15465    
      241100 -0.683329722         985860.1        0.000000       -14705.50     -5.95712465168E+07  2.58219225133E+05 -2.30700276040E+02   4.18162305              400  0.15629    
      241200 -0.683667171         985869.7        0.000000       -14706.59     -5.95756901739E+07  2.58238486498E+05 -2.30700276251E+02   4.18188488              400  0.15792    
      241300 -0.683776378         985892.4        0.000000       -14709.48     -5.95766718112E+07  2.58242741463E+05 -2.30700276312E+02   4.18192577              400  0.15564    
      241400 -0.683550683         985820.8        0.000000       -14710.47     -5.95743162143E+07  2.58232530805E+05 -2.30700276331E+02   4.18189126              400  0.15740    
      241500 -0.683264003         985750.9        0.000000       -14702.35     -5.95721899733E+07  2.58223314375E+05 -2.30700276299E+02   4.18211259              400  0.15543    
      241600 -0.683090394         985759.4        0.000000       -14697.26     -5.95682074297E+07  2.58206051462E+05 -2.30700276359E+02   4.18193138              400  0.15527    
      241700 -0.683425545         985890.1        0.000000       -14702.16     -5.95705981864E+07  2.58216414541E+05 -2.30700276326E+02   4.18163643              400  0.15599    
      241800 -0.683828131         985920.1        0.000000       -14702.87     -5.95753408792E+07  2.58236972503E+05 -2.30700276191E+02   4.18174566              400  0.15517    
      241900 -0.683824420         985900.2        0.000000       -14703.85     -5.95768326374E+07  2.58243438807E+05 -2.30700276114E+02   4.18187478              400  0.15542    
      242000 -0.683700324         985857.1        0.000000       -14706.44     -5.95755321014E+07  2.58237801373E+05 -2.30700276198E+02   4.18191512              400  0.15603    
      242100 -0.683737941         985900.3        0.000000       -14699.87     -5.95760135699E+07  2.58239888356E+05 -2.30700276201E+02   4.18192763              400  0.15581    
      242200 -0.683691876         985834.3        0.000000       -14696.44     -5.95737086136E+07  2.58229897099E+05 -2.30700276315E+02   4.18205776              400  0.15610    
      242300 -0.683368201         985779.2        0.000000       -14695.74     -5.95711901183E+07  2.58218980449E+05 -2.30700276233E+02   4.18205817              400  0.15487    
      242400 -0.683259939         985752.2        0.000000       -14697.29     -5.95688103968E+07  2.58208665327E+05 -2.30700276156E+02   4.18201670              400  0.15534    
      242500 -0.683106052         985765.7        0.000000       -14695.39     -5.95663029686E+07  2.58197796459E+05 -2.30700276244E+02   4.18185632              400  0.15482    
      242600 -0.683268471         985786.7        0.000000       -14697.22     -5.95696487469E+07  2.58212299189E+05 -2.30700276222E+02   4.18177411              400  0.15502    
      242700 -0.683459090         985847.1        0.000000       -14702.59     -5.95746077294E+07  2.58233794587E+05 -2.30700276177E+02   4.18178001              400  0.15462    
      242800 -0.683695343         985891.6        0.000000       -14701.70     -5.95782919470E+07  2.58249764510E+05 -2.30700275990E+02   4.18184258              400  0.15566    
      242900 -0.683724338         985830.8        0.000000       -14703.98     -5.95781315265E+07  2.58249069209E+05 -2.30700275935E+02   4.18208153              400  0.15470    
      243000 -0.683505720         985798.6        0.000000       -14704.22     -5.95760004508E+07  2.58239831762E+05 -2.30700275958E+02   4.18202596              400  0.15823    
      243100 -0.683480476         985834.9        0.000000       -14702.83     -5.95756290917E+07  2.58238222150E+05 -2.30700275876E+02   4.18184254              400  0.15489    
      243200 -0.683572647         985892.1        0.000000       -14708.85     -5.95774985801E+07  2.58246325585E+05 -2.30700275967E+02   4.18171506              400  0.15961    
      243300 -0.683721479         985875.9        0.000000       -14708.90     -5.95781506055E+07  2.58249151833E+05 -2.30700276004E+02   4.18194029              400  0.15491    
      243400 -0.683708469         985882.7        0.000000       -14712.73     -5.95786477009E+07  2.58251306274E+05 -2.30700276256E+02   4.18180185              400  0.15920    
      243500 -0.683772153         985899.5        0.000000       -14713.62     -5.95801840209E+07  2.58257965663E+05 -2.30700276245E+02   4.18188308              400  0.15472    
      243600 -0.683680897         985833.6        0.000000       -14711.87     -5.95786821401E+07  2.58251455464E+05 -2.30700276338E+02   4.18207320              400  0.15487    
      243700 -0.683534381         985820.1        0.000000       -14712.47     -5.95770758290E+07  2.58244492794E+05 -2.30700276256E+02   4.18196041              400  0.15496    
      243800 -0.683371220         985810.1        0.000000       -14715.18     -5.95743974048E+07  2.58232882957E+05 -2.30700276133E+02   4.18193202              400  0.15658    
      243900 -0.683352996         985810.4        0.000000       -14719.92     -5.95742848219E+07  2.58232394926E+05 -2.30700276156E+02   4.18182985              400  0.15527    
      244000 -0.683370215         985803.3        0.000000       -14719.60     -5.95753810935E+07  2.58237146727E+05 -2.30700276271E+02   4.18191888              400  0.15477    
      244100 -0.683616411         985903.6        0.000000       -14720.77     -5.95771908450E+07  2.58244991281E+05 -2.30700276313E+02   4.18165902              400  0.15480    
      244200 -0.683813137         985928.7        0.000000       -14719.13     -5.95796515902E+07  2.58255657646E+05 -2.30700276359E+02   4.18186535              400  0.15627    
      244300 -0.683924670         985887.0        0.000000       -14719.00     -5.95784624938E+07  2.58250503249E+05 -2.30700276454E+02   4.18201400              400  0.15797    
      244400 -0.683646293         985813.1        0.000000       -14716.81     -5.95751219383E+07  2.58236023297E+05 -2.30700276351E+02   4.18209261              400  0.15545    
      244500 -0.683337766         985796.2        0.000000       -14717.14     -5.95732259425E+07  2.58227804884E+05 -2.30700276328E+02   4.18190180              400  0.15673    
      244600 -0.683317882         985792.8        0.000000       -14711.98     -5.95734845122E+07  2.58228925614E+05 -2.30700276395E+02   4.18196266              400  0.15732    
      244700 -0.683235607         985787.0        0.000000       -14710.69     -5.95728345826E+07  2.58226108335E+05 -2.30700276462E+02   4.18192814              400  0.15531    
      244800 -0.683322809         985820.3        0.000000       -14711.82     -5.95743027372E+07  2.58232472355E+05 -2.30700276360E+02   4.18175337              400  0.15469    
      244900 -0.683382999         985829.5        0.000000       -14716.67     -5.95756118833E+07  2.58238147066E+05 -2.30700276315E+02   4.18177273              400  0.15783    
      245000 -0.683462130         985839.4        0.000000       -14720.04     -5.95773657171E+07  2.58245749357E+05 -2.30700276250E+02   4.18182001              400  0.15469    
      245100 -0.683474427         985806.9        0.000000       -14724.38     -5.95789155396E+07  2.58252467148E+05 -2.30700276352E+02   4.18199142              400  0.15626    
      245200 -0.683519250         985846.7        0.000000       -14718.69     -5.95783975104E+07  2.58250221620E+05 -2.30700276408E+02   4.18187449              400  0.15456    
      245300 -0.683392005         985800.3        0.000000       -14719.13     -5.95776149693E+07  2.58246829654E+05 -2.30700276357E+02   4.18184817              400  0.15547    
      245400 -0.683210178         985762.5        0.000000       -14717.35     -5.95771626720E+07  2.58244869000E+05 -2.30700276458E+02   4.18199583              400  0.15606    
      245500 -0.683180684         985810.1        0.000000       -14712.23     -5.95754827677E+07  2.58237587140E+05 -2.30700276545E+02   4.18180817              400  0.16070    
      245600 -0.683509147         985871.9        0.000000       -14718.81     -5.95782998388E+07  2.58249798174E+05 -2.30700276477E+02   4.18174650              400  0.15450    
      245700 -0.683474647         985783.4        0.000000       -14719.52     -5.95784601106E+07  2.58250492946E+05 -2.30700276430E+02   4.18201611              400  0.15620    
      245800 -0.683409652         985840.2        0.000000       -14714.83     -5.95766744941E+07  2.58242752851E+05 -2.30700276528E+02   4.18192277              400  0.15444    
      245900 -0.683534624         985835.8        0.000000       -14715.03     -5.95767351578E+07  2.58243015855E+05 -2.30700276484E+02   4.18182573              400  0.15664    
      246000 -0.683489847         985821.4        0.000000       -14714.01     -5.95779928438E+07  2.58248467493E+05 -2.30700276451E+02   4.18192850              400  0.15520    
      246100 -0.683414270         985845.8        0.000000       -14711.54     -5.95770985327E+07  2.58244590931E+05 -2.30700276501E+02   4.18182424              400  0.16058    
      246200 -0.683553709         985869.2        0.000000       -14713.87     -5.95778810433E+07  2.58247982873E+05 -2.30700276457E+02   4.18182499              400  0.15492    
      246300 -0.683655765         985867.8        0.000000       -14718.60     -5.95779869680E+07  2.58248442235E+05 -2.30700276263E+02   4.18193502              400  0.15485    
      246400 -0.683615512         985860.4        0.000000       -14715.34     -5.95769162043E+07  2.58243800974E+05 -2.30700276172E+02   4.18192966              400  0.15687    
      246500 -0.683329597         985747.6        0.000000       -14718.72     -5.95740062523E+07  2.58231187583E+05 -2.30700276020E+02   4.18203686              400  0.15501    
      246600 -0.683251954         985817.6        0.000000       -14720.14     -5.95736319660E+07  2.58229565211E+05 -2.30700276002E+02   4.18173704              400  0.15610    
      246700 -0.683554650         985839.9        0.000000       -14722.78     -5.95777255796E+07  2.58247309475E+05 -2.30700276029E+02   4.18187375              400  0.15694    
      246800 -0.683366674         985794.2        0.000000       -14724.14     -5.95773693107E+07  2.58245765232E+05 -2.30700275984E+02   4.18192184              400  0.15687    
      246900 -0.683346032         985805.4        0.000000       -14718.21     -5.95767722072E+07  2.58243176974E+05 -2.30700276016E+02   4.18192326              400  0.15592    
      247000 -0.683323128         985811.5        0.000000       -14716.81     -5.95761445689E+07  2.58240456440E+05 -2.30700275976E+02   4.18188834              400  0.15699    
      247100 -0.683546558         985877.3        0.000000       -14720.58     -5.95777927865E+07  2.58247600813E+05 -2.30700276011E+02   4.18178686              400  0.15495    
      247200 -0.683677008         985872.9        0.000000       -14718.37     -5.95796762213E+07  2.58255764669E+05 -2.30700276130E+02   4.18190364              400  0.15503    
      247300 -0.683803517         985899.9        0.000000       -14719.81     -5.95803389339E+07  2.58258637156E+05 -2.30700276243E+02   4.18179922              400  0.15746    
      247400 -0.683648289         985862.4        0.000000       -14714.60     -5.95794460253E+07  2.58254766590E+05 -2.30700276367E+02   4.18190264              400  0.15627    
      247500 -0.683668029         985859.1        0.000000       -14714.04     -5.95804149931E+07  2.58258966553E+05 -2.30700276502E+02   4.18187840              400  0.15454    
      247600 -0.683733606         985925.1        0.000000       -14712.99     -5.95808189087E+07  2.58260717534E+05 -2.30700276363E+02   4.18175546              400  0.15536    
      247700 -0.683962995         985937.3        0.000000       -14712.41     -5.95842863201E+07  2.58275747603E+05 -2.30700276248E+02   4.18184479              400  0.15470    
      247800 -0.683834999         985856.9        0.000000       -14707.82     -5.95815756591E+07  2.58263997893E+05 -2.30700276249E+02   4.18208125              400  0.15766    
      247900 -0.683689543         985867.5        0.000000       -14701.37     -5.95795714329E+07  2.58255310239E+05 -2.30700276319E+02   4.18195098              400  0.15451    
      248000 -0.683617758         985871.9        0.000000       -14701.13     -5.95780908094E+07  2.58248892261E+05 -2.30700276341E+02   4.18180123              400  0.15667    
      248100 -0.683572333         985852.3        0.000000       -14700.37     -5.95778018321E+07  2.58247639634E+05 -2.30700276357E+02   4.18188074              400  0.15494    
      248200 -0.683533600         985856.9        0.000000       -14706.95     -5.95774723005E+07  2.58246211164E+05 -2.30700276422E+02   4.18177071              400  0.15654    
      248300 -0.683572389         985827.8        0.000000       -14712.84     -5.95782658098E+07  2.58249650640E+05 -2.30700276504E+02   4.18195911              400  0.15483    
      248400 -0.683619336         985861.4        0.000000       -14714.40     -5.95796523385E+07  2.58255660828E+05 -2.30700276414E+02   4.18184354              400  0.15746    
      248500 -0.683769928         985912.2        0.000000       -14713.15     -5.95812607671E+07  2.58262632677E+05 -2.30700276496E+02   4.18178521              400  0.15485    
      248600 -0.684027736         985918.6        0.000000       -14708.36     -5.95834008128E+07  2.58271908894E+05 -2.30700276573E+02   4.18198435              400  0.15533    
      248700 -0.683674786         985859.8        0.000000       -14711.47     -5.95798393240E+07  2.58256471141E+05 -2.30700276592E+02   4.18183577              400  0.15695    
      248800 -0.683591281         985830.8        0.000000       -14711.34     -5.95815231780E+07  2.58263770126E+05 -2.30700276500E+02   4.18192255              400  0.15485    
      248900 -0.683459359         985817.5        0.000000       -14715.36     -5.95814761933E+07  2.58263566578E+05 -2.30700276398E+02   4.18199056              400  0.15493    
      249000 -0.683338652         985834.3        0.000000       -14716.07     -5.95801352727E+07  2.58257754076E+05 -2.30700276496E+02   4.18181198              400  0.15501    
      249100 -0.683487957         985819.2        0.000000       -14721.70     -5.95821466377E+07  2.58266472588E+05 -2.30700276504E+02   4.18194221              400  0.15701    
      249200 -0.683303834         985782.3        0.000000       -14719.11     -5.95802799996E+07  2.58258381700E+05 -2.30700276240E+02   4.18195394              400  0.15494    
      249300 -0.683305365         985819.4        0.000000       -14719.83     -5.95805836310E+07  2.58259697927E+05 -2.30700276153E+02   4.18177128              400  0.15510    
      249400 -0.683374228         985806.2        0.000000       -14718.29     -5.95819188270E+07  2.58265485461E+05 -2.30700276193E+02   4.18191729              400  0.15512    
      249500 -0.683285938         985783.1        0.000000       -14715.70     -5.95782426991E+07  2.58249550726E+05 -2.30700276270E+02   4.18201792              400  0.15493    
      249600 -0.683384165         985830.9        0.000000       -14717.32     -5.95787657096E+07  2.58251817900E+05 -2.30700276165E+02   4.18177050              400  0.15549    
      249700 -0.683491089         985865.8        0.000000       -14721.14     -5.95812061439E+07  2.58262396456E+05 -2.30700276005E+02   4.18174345              400  0.15489    
      249800 -0.683750463         985890.9        0.000000       -14722.25     -5.95840917996E+07  2.58274904752E+05 -2.30700275959E+02   4.18193976              400  0.15524    
      249900 -0.683657762         985814.7        0.000000       -14722.65     -5.95815861984E+07  2.58264043772E+05 -2.30700276075E+02   4.18210301              400  0.15615    
      250000 -0.683278293         985786.9        0.000000       -14722.87     -5.95775313607E+07  2.58246467602E+05 -2.30700276035E+02   4.18185195              400  0.15503    
      250100 -0.683304400         985808.0        0.000000       -14723.50     -5.95791011473E+07  2.58253272168E+05 -2.30700275924E+02   4.18183010              400  0.15965    
      250200 -0.683427989         985838.8        0.000000       -14723.84     -5.95800650129E+07  2.58257450302E+05 -2.30700275803E+02   4.18183332              400  0.15514    
      250300 -0.683457872         985809.5        0.000000       -14721.86     -5.95790309063E+07  2.58252967812E+05 -2.30700275823E+02   4.18197920              400  0.15718    
      250400 -0.683527415         985884.3        0.000000       -14723.78     -5.95797580244E+07  2.58256119684E+05 -2.30700275747E+02   4.18170923              400  0.15520    
      250500 -0.683808067         985897.3        0.000000       -14721.64     -5.95827553218E+07  2.58269111889E+05 -2.30700275716E+02   4.18193807              400  0.15632    
      250600 -0.683759854         985865.5        0.000000       -14719.04     -5.95805216775E+07  2.58259430021E+05 -2.30700275582E+02   4.18210351              400  0.15534    
      250700 -0.683739049         985864.8        0.000000       -14714.84     -5.95784247316E+07  2.58250340437E+05 -2.30700275673E+02   4.18194793              400  0.15722    
      250800 -0.683543131         985830.8        0.000000       -14712.70     -5.95756234392E+07  2.58238197984E+05 -2.30700275576E+02   4.18199310              400  0.15501    
      250900 -0.683645110         985885.4        0.000000       -14711.29     -5.95762057405E+07  2.58240721959E+05 -2.30700275652E+02   4.18181117              400  0.15572    
      251000 -0.683772869         985856.5        0.000000       -14706.84     -5.95766579218E+07  2.58242681774E+05 -2.30700275851E+02   4.18208812              400  0.15512    
      251100 -0.683333600         985748.7        0.000000       -14703.05     -5.95715071432E+07  2.58220354955E+05 -2.30700275947E+02   4.18211116              400  0.15585    
      251200 -0.683096902         985765.2        0.000000       -14701.43     -5.95692984898E+07  2.58210781104E+05 -2.30700276089E+02   4.18188211              400  0.15494    
      251300 -0.683188385         985788.1        0.000000       -14695.88     -5.95695231226E+07  2.58211754628E+05 -2.30700276246E+02   4.18189115              400  0.15728    
      251400 -0.683208032         985772.9        0.000000       -14699.62     -5.95702451644E+07  2.58214884324E+05 -2.30700276324E+02   4.18185030              400  0.15523    
      251500 -0.683270063         985809.1        0.000000       -14701.55     -5.95732263529E+07  2.58227806721E+05 -2.30700276277E+02   4.18183639              400  0.15704    
      251600 -0.683467783         985830.7        0.000000       -14699.91     -5.95751431681E+07  2.58236115447E+05 -2.30700276238E+02   4.18189404              400  0.15542    
      251700 -0.683501536         985842.5        0.000000       -14699.20     -5.95759302648E+07  2.58239527203E+05 -2.30700276251E+02   4.18186473              400  0.15555    
      251800 -0.683597842         985880.9        0.000000       -14703.25     -5.95769938981E+07  2.58244137762E+05 -2.30700276159E+02   4.18174504              400  0.15535    
      251900 -0.683628747         985879.2        0.000000       -14703.53     -5.95780083035E+07  2.58248534924E+05 -2.30700276077E+02   4.18182222              400  0.15578    
      252000 -0.683715706         985881.7        0.000000       -14702.77     -5.95794423469E+07  2.58254751156E+05 -2.30700275911E+02   4.18182098              400  0.15664    
      252100 -0.683681817         985837.1        0.000000       -14702.35     -5.95795558453E+07  2.58255243205E+05 -2.30700275843E+02   4.18205067              400  0.15631    
      252200 -0.683463129         985824.9        0.000000       -14697.42     -5.95765198116E+07  2.58242082954E+05 -2.30700275997E+02   4.18199320              400  0.15620    
      252300 -0.683544532         985887.1        0.000000       -14697.69     -5.95763597557E+07  2.58241389213E+05 -2.30700275959E+02   4.18168130              400  0.15603    
      252400 -0.683818855         985892.3        0.000000       -14701.91     -5.95805880042E+07  2.58259717085E+05 -2.30700275973E+02   4.18181145              400  0.15653    
      252500 -0.683546340         985810.4        0.000000       -14702.75     -5.95793435193E+07  2.58254322612E+05 -2.30700276057E+02   4.18208157              400  0.15858    
      252600 -0.683379961         985819.5        0.000000       -14703.44     -5.95775272653E+07  2.58246449703E+05 -2.30700276166E+02   4.18188640              400  0.15506    
      252700 -0.683447477         985868.7        0.000000       -14706.34     -5.95783010105E+07  2.58249803469E+05 -2.30700276284E+02   4.18170832              400  0.15495    
      252800 -0.683831985         985921.9        0.000000       -14705.11     -5.95816521018E+07  2.58264329146E+05 -2.30700276336E+02   4.18179317              400  0.15636    
      252900 -0.683814239         985881.5        0.000000       -14701.84     -5.95802744466E+07  2.58258357495E+05 -2.30700276361E+02   4.18198084              400  0.15477    
      253000 -0.683569387         985815.6        0.000000       -14698.80     -5.95759348305E+07  2.58239546886E+05 -2.30700276348E+02   4.18209702              400  0.15735    
      253100 -0.683529131         985851.0        0.000000       -14699.94     -5.95752815225E+07  2.58236715022E+05 -2.30700276363E+02   4.18184875              400  0.15471    
      253200 -0.683284826         985741.1        0.000000       -14703.00     -5.95728176085E+07  2.58226034928E+05 -2.30700276310E+02   4.18205864              400  0.15674    
      253300 -0.683015636         985754.2        0.000000       -14700.20     -5.95704779563E+07  2.58215893460E+05 -2.30700276261E+02   4.18181292              400  0.15457    
      253400 -0.683290392         985825.0        0.000000       -14696.97     -5.95734624054E+07  2.58228829997E+05 -2.30700276209E+02   4.18176080              400  0.15677    
      253500 -0.683476256         985839.7        0.000000       -14698.43     -5.95750150584E+07  2.58235560145E+05 -2.30700276232E+02   4.18181509              400  0.15480    
      253600 -0.683477897         985818.3        0.000000       -14699.40     -5.95743864446E+07  2.58232835317E+05 -2.30700276250E+02   4.18196824              400  0.15788    
      253700 -0.683449454         985851.4        0.000000       -14701.64     -5.95728355060E+07  2.58226112384E+05 -2.30700276421E+02   4.18185760              400  0.15644    
      253800 -0.683564554         985844.9        0.000000       -14703.84     -5.95732299354E+07  2.58227822130E+05 -2.30700276384E+02   4.18189045              400  0.15487    
      253900 -0.683614595         985858.7        0.000000       -14704.04     -5.95739484287E+07  2.58230936477E+05 -2.30700276433E+02   4.18179551              400  0.15673    
      254000 -0.683538780         985835.1        0.000000       -14703.25     -5.95754940625E+07  2.58237636405E+05 -2.30700276272E+02   4.18191883              400  0.15466    
      254100 -0.683306886         985778.1        0.000000       -14705.30     -5.95736855555E+07  2.58229797235E+05 -2.30700276240E+02   4.18202282              400  0.15569    
      254200 -0.683375541         985846.7        0.000000       -14702.48     -5.95728412379E+07  2.58226137342E+05 -2.30700276321E+02   4.18175559              400  0.15552    
      254300 -0.683502524         985836.2        0.000000       -14700.59     -5.95742780701E+07  2.58232365515E+05 -2.30700276286E+02   4.18183884              400  0.15483    
      254400 -0.683658254         985864.7        0.000000       -14702.10     -5.95761854799E+07  2.58240633293E+05 -2.30700276406E+02   4.18184101              400  0.15460    
      254500 -0.683785528         985914.5        0.000000       -14698.30     -5.95769600632E+07  2.58243990835E+05 -2.30700276395E+02   4.18184349              400  0.15672    
      254600 -0.683752389         985854.1        0.000000       -14696.95     -5.95749310814E+07  2.58235195817E+05 -2.30700276517E+02   4.18194879              400  0.15471    
      254700 -0.683447111         985801.7        0.000000       -14699.88     -5.95722109310E+07  2.58223404872E+05 -2.30700276609E+02   4.18190420              400  0.15603    
      254800 -0.683299277         985791.4        0.000000       -14700.24     -5.95729971971E+07  2.58226813055E+05 -2.30700276599E+02   4.18188500              400  0.15520    
