# FIXEDNODEStats VERSION 1 - REAL : NEl=  10 | PQ-Partition= F | P-Space Type= " SEMI-STOCH-INIT " | Trial Proj. Energy= T | Stochastic Sign-Flip-Potential= F | Back-Flow Correlations= F | Jastrow Correlations= T | Time-Reversal Initialization= F | Importance Sampling= F | Singles Only= F
#     1.Step   2.Shift    3.TotWalkers  4.Annihil  5.NoatHF  6.TrialNum    7.TrialDenom     8.TrialProj.E  9.TrialOverlap  10.UniqueDets  13.IterTime 
#           0   0.00000000         1000.000        0.000000       -1000.000      0.00000000000E+00  0.00000000000E+00    0.000000       0.00000000                1   0.0000    
         100   0.00000000         2105.369        0.000000       -1012.518     -2.11646199676E+06  1.27804316334E+03 -1.65601761933E+03   1.22737551              128  0.73105E-02
         200   0.00000000         3950.820        0.000000       -1084.943     -3.40047224842E+06  2.05340449796E+03 -1.65601675256E+03   1.69840097              200  0.76478E-02
         300   0.00000000         6926.537        0.000000       -1225.888     -5.42159813358E+06  3.27387963268E+03 -1.65601632982E+03   2.14287422              242  0.83417E-02
         400   0.00000000         11803.55        0.000000       -1446.296     -8.62127038643E+06  5.20603077644E+03 -1.65601602385E+03   2.51890756              276  0.94511E-02
         500   0.00000000         19699.03        0.000000       -1779.205     -1.37318414585E+07  8.29209528227E+03 -1.65601587911E+03   2.82012722              308  0.11081E-01
         600   0.00000000         32452.03        0.000000       -2292.675     -2.18628228335E+07  1.32020622677E+04 -1.65601573377E+03   3.03199114              323  0.13582E-01
         700   0.00000000         53020.44        0.000000       -3062.905     -3.47875930972E+07  2.10068012271E+04 -1.65601572182E+03   3.17982296              334  0.17460E-01
         800   0.00000000         85965.17        0.000000       -4200.051     -5.53580071790E+07  3.34284314961E+04 -1.65601569387E+03   3.28257069              343  0.22751E-01
         900   0.00000000         138867.9        0.000000       -5923.062     -8.81580474300E+07  5.32350317190E+04 -1.65601568335E+03   3.35188007              357  0.31006E-01
        1000   0.00000000         223664.7        0.000000       -8541.990     -1.40420092234E+08  8.47939388037E+04 -1.65601568007E+03   3.39814100              369  0.47339E-01
        1100   0.00000000         359103.4        0.000000       -12536.23     -2.23629674460E+08  1.35040796407E+05 -1.65601566645E+03   3.43071211              384  0.69011E-01
        1200   0.00000000         575528.5        0.000000       -18632.91     -3.55913179563E+08  2.14921384989E+05 -1.65601566164E+03   3.45184226              391  0.10568    
        1300   0.00000000         921081.8        0.000000       -28097.56     -5.66508329485E+08  3.42091167043E+05 -1.65601565916E+03   3.46557882              396  0.16828    
        1400  -4.16114414         1472037.        0.000000       -42796.17     -9.01405806989E+08  5.44322026939E+05 -1.65601567156E+03   3.47511470              399  0.27094    
        1500  -5.43223899         1552785.        0.000000       -43604.55     -1.15790683965E+09  6.99212484983E+05 -1.65601568123E+03   4.25434366              398  0.34867    
        1600  -5.38312997         1441607.        0.000000       -39297.72     -1.14300784309E+09  6.90215592916E+05 -1.65601567804E+03   4.54209077              398  0.33906    
        1700  -5.02284866         1344106.        0.000000       -35697.04     -1.06072280406E+09  6.40527028691E+05 -1.65601568170E+03   4.53515684              397  0.31095    
        1800  -4.76049479         1298974.        0.000000       -33759.55     -1.00420288745E+09  6.06396969012E+05 -1.65601567747E+03   4.45478330              398  0.29392    
        1900  -4.65211920         1287779.        0.000000       -32884.13     -9.80908980020E+08  5.92330733379E+05 -1.65601567628E+03   4.39780409              398  0.28904    
        2000  -4.63559511         1290580.        0.000000       -32479.74     -9.76242493490E+08  5.89512830951E+05 -1.65601568318E+03   4.37426299              397  0.28517    
        2100  -4.65080045         1295336.        0.000000       -32262.92     -9.77997927060E+08  5.90572865461E+05 -1.65601568283E+03   4.37177962              400  0.28090    
        2200  -4.66445915         1297901.        0.000000       -32052.26     -9.79634966327E+08  5.91561407089E+05 -1.65601568085E+03   4.37546676              398  0.28110    
        2300  -4.67076891         1298533.        0.000000       -31796.53     -9.80055481959E+08  5.91815337769E+05 -1.65601568498E+03   4.37909987              398  0.28308    
        2400  -4.67119142         1298164.        0.000000       -31591.04     -9.79425609791E+08  5.91434983929E+05 -1.65601568457E+03   4.37992268              398  0.27964    
        2500  -4.67005178         1297820.        0.000000       -31430.81     -9.78646116954E+08  5.90964280487E+05 -1.65601568363E+03   4.38066397              397  0.28065    
        2600  -4.66819144         1297423.        0.000000       -31305.54     -9.77795107267E+08  5.90450391585E+05 -1.65601568091E+03   4.37998254              398  0.27683    
        2700  -4.66611810         1296740.        0.000000       -31192.87     -9.76952416652E+08  5.89941524453E+05 -1.65601568318E+03   4.38007833              398  0.27759    
        2800  -4.66481010         1296540.        0.000000       -31122.15     -9.76471228086E+08  5.89650953783E+05 -1.65601568491E+03   4.37981444              398  0.27899    
        2900  -4.66426532         1296376.        0.000000       -31052.69     -9.76010114805E+08  5.89372507246E+05 -1.65601568245E+03   4.37956875              398  0.27580    
        3000  -4.66297714         1296120.        0.000000       -30970.20     -9.75495550653E+08  5.89061784481E+05 -1.65601567841E+03   4.37986422              398  0.27718    
        3100  -4.66336477         1296120.        0.000000       -30885.63     -9.75234014335E+08  5.88903851696E+05 -1.65601568325E+03   4.37976106              399  0.27849    
        3200  -4.66259250         1296011.        0.000000       -30826.88     -9.74840471022E+08  5.88666204316E+05 -1.65601569085E+03   4.38030524              398  0.27761    
        3300  -4.66180965         1295796.        0.000000       -30789.21     -9.74268404652E+08  5.88320759350E+05 -1.65601568391E+03   4.37991418              396  0.27536    
        3400  -4.66193067         1295982.        0.000000       -30771.11     -9.74157115175E+08  5.88253555248E+05 -1.65601568658E+03   4.37873017              398  0.27679    
        3500  -4.66113283         1295496.        0.000000       -30764.06     -9.73974237427E+08  5.88143124186E+05 -1.65601568288E+03   4.37988331              399  0.27611    
        3600  -4.66081622         1295899.        0.000000       -30745.29     -9.73832085160E+08  5.88057283479E+05 -1.65601568507E+03   4.37867711              399  0.27519    
        3700  -4.66029120         1295417.        0.000000       -30721.35     -9.73555917533E+08  5.87890515651E+05 -1.65601568934E+03   4.38015882              398  0.27579    
        3800  -4.65935338         1295324.        0.000000       -30754.28     -9.73183034699E+08  5.87665347216E+05 -1.65601568871E+03   4.37801983              398  0.27823    
        3900  -4.65963616         1295280.        0.000000       -30719.02     -9.73365980537E+08  5.87775822991E+05 -1.65601568228E+03   4.37961533              397  0.27594    
        4000  -4.65941326         1295377.        0.000000       -30695.53     -9.73260083597E+08  5.87711875720E+05 -1.65601568354E+03   4.37820664              398  0.27637    
        4100  -4.66046204         1295606.        0.000000       -30698.79     -9.73543802286E+08  5.87883201804E+05 -1.65601568356E+03   4.37847046              398  0.27570    
        4200  -4.65953798         1295324.        0.000000       -30668.10     -9.73351632753E+08  5.87767158677E+05 -1.65601568306E+03   4.37946637              398  0.27380    
        4300  -4.65930494         1295104.        0.000000       -30669.86     -9.73171407915E+08  5.87658327532E+05 -1.65601568517E+03   4.37951785              398  0.28234    
        4400  -4.65971392         1295282.        0.000000       -30697.56     -9.73226950257E+08  5.87691868888E+05 -1.65601568063E+03   4.37891655              397  0.27420    
        4500  -4.65873182         1295021.        0.000000       -30725.53     -9.73144422129E+08  5.87642034136E+05 -1.65601567893E+03   4.37950085              398  0.27612    
        4600  -4.65861291         1295053.        0.000000       -30682.05     -9.73031558612E+08  5.87573879302E+05 -1.65601568226E+03   4.37949434              398  0.27591    
        4700  -4.65849631         1295016.        0.000000       -30678.79     -9.72981266735E+08  5.87543509711E+05 -1.65601568336E+03   4.37867551              398  0.27450    
        4800  -4.65901129         1295396.        0.000000       -30699.30     -9.73117382951E+08  5.87625704380E+05 -1.65601568430E+03   4.37821408              399  0.27478    
        4900  -4.66049419         1295580.        0.000000       -30687.00     -9.73427151734E+08  5.87812760080E+05 -1.65601568704E+03   4.37874678              398  0.27419    
        5000  -4.66089884         1295562.        0.000000       -30665.87     -9.73353890874E+08  5.87768524363E+05 -1.65601567714E+03   4.37982827              397  0.27776    
        5100  -4.65999021         1295341.        0.000000       -30651.16     -9.73085591492E+08  5.87606508674E+05 -1.65601567908E+03   4.37970532              397  0.27417    
        5200  -4.66014315         1295596.        0.000000       -30654.33     -9.72839299642E+08  5.87457784256E+05 -1.65601567587E+03   4.37856589              398  0.27408    
        5300  -4.66008478         1295261.        0.000000       -30624.76     -9.72810076602E+08  5.87440135955E+05 -1.65601568068E+03   4.37936221              398  0.27322    
        5400  -4.65985804         1295281.        0.000000       -30597.19     -9.72772371989E+08  5.87417367206E+05 -1.65601568203E+03   4.37952518              399  0.27669    
        5500  -4.65857769         1294763.        0.000000       -30600.82     -9.72567498430E+08  5.87293649419E+05 -1.65601569060E+03   4.37937229              397  0.27553    
        5600  -4.65800689         1294915.        0.000000       -30617.50     -9.72502850887E+08  5.87254611899E+05 -1.65601568925E+03   4.37914151              398  0.27517    
        5700  -4.65805650         1294994.        0.000000       -30650.75     -9.72487923590E+08  5.87245599312E+05 -1.65601568531E+03   4.37868849              398  0.27398    
        5800  -4.65815693         1294970.        0.000000       -30653.49     -9.72595477281E+08  5.87310546892E+05 -1.65601568443E+03   4.37839848              399  0.27595    
        5900  -4.65891197         1295153.        0.000000       -30628.35     -9.72873379229E+08  5.87478358298E+05 -1.65601569060E+03   4.37879670              396  0.28003    
        6000  -4.65890045         1294985.        0.000000       -30601.11     -9.72855996916E+08  5.87467864426E+05 -1.65601568329E+03   4.38004141              398  0.27702    
        6100  -4.65798182         1295088.        0.000000       -30634.39     -9.72611786315E+08  5.87320395656E+05 -1.65601568328E+03   4.37770154              398  0.27479    
        6200  -4.65959559         1295501.        0.000000       -30614.06     -9.73051061752E+08  5.87585657013E+05 -1.65601568067E+03   4.37851400              399  0.27338    
        6300  -4.66025572         1295662.        0.000000       -30595.17     -9.73078221855E+08  5.87602057174E+05 -1.65601568268E+03   4.37860269              398  0.27522    
        6400  -4.66049503         1295352.        0.000000       -30616.45     -9.73099449094E+08  5.87614879047E+05 -1.65601567250E+03   4.37975553              398  0.27513    
        6500  -4.65955325         1295289.        0.000000       -30637.08     -9.72919831565E+08  5.87506412550E+05 -1.65601568048E+03   4.37900503              398  0.27415    
        6600  -4.65918665         1295348.        0.000000       -30660.32     -9.72904189660E+08  5.87496965884E+05 -1.65601568375E+03   4.37852813              398  0.27294    
        6700  -4.65927292         1295305.        0.000000       -30609.22     -9.72874019823E+08  5.87478745593E+05 -1.65601568929E+03   4.37909633              397  0.27417    
        6800  -4.65874532         1295180.        0.000000       -30614.73     -9.72750907888E+08  5.87404402497E+05 -1.65601569167E+03   4.37872577              396  0.27449    
        6900  -4.65966153         1295442.        0.000000       -30651.36     -9.72901807927E+08  5.87495526773E+05 -1.65601568623E+03   4.37873052              399  0.27334    
        7000  -4.65922125         1295073.        0.000000       -30669.87     -9.72824545142E+08  5.87448872477E+05 -1.65601568191E+03   4.37920362              398  0.27435    
        7100  -4.65808483         1294720.        0.000000       -30665.76     -9.72686488105E+08  5.87365503896E+05 -1.65601568641E+03   4.37904502              399  0.27742    
        7200  -4.65833336         1295249.        0.000000       -30690.21     -9.72797135441E+08  5.87432318875E+05 -1.65601568757E+03   4.37815858              398  0.27571    
        7300  -4.65934220         1295277.        0.000000       -30666.71     -9.72972483806E+08  5.87538205494E+05 -1.65601568495E+03   4.37902189              398  0.27345    
        7400  -4.65997392         1295213.        0.000000       -30664.26     -9.73022366218E+08  5.87568327926E+05 -1.65601568358E+03   4.37921927              398  0.27724    
        7500  -4.65982250         1295482.        0.000000       -30662.86     -9.73076286527E+08  5.87600888940E+05 -1.65601568146E+03   4.37877695              398  0.27422    
        7600  -4.66079136         1295585.        0.000000       -30685.52     -9.73229698758E+08  5.87693529089E+05 -1.65601567924E+03   4.37915800              398  0.27483    
        7700  -4.66014746         1295266.        0.000000       -30690.48     -9.73111021749E+08  5.87621862437E+05 -1.65601568620E+03   4.37918281              398  0.27515    
        7800  -4.65977403         1295272.        0.000000       -30661.15     -9.73067515484E+08  5.87595589576E+05 -1.65601568961E+03   4.37911487              397  0.27531    
        7900  -4.65974913         1295486.        0.000000       -30669.17     -9.73115029699E+08  5.87624282782E+05 -1.65601568589E+03   4.37865452              398  0.27369    
        8000  -4.66000614         1295477.        0.000000       -30690.08     -9.73184913498E+08  5.87666480822E+05 -1.65601569131E+03   4.37861561              397  0.27834    
        8100  -4.66051182         1295668.        0.000000       -30698.84     -9.73282105598E+08  5.87725170081E+05 -1.65601569431E+03   4.37865554              397  0.27430    
        8200  -4.66105000         1295632.        0.000000       -30708.21     -9.73378389459E+08  5.87783313118E+05 -1.65601569105E+03   4.37914338              399  0.27421    
        8300  -4.65988683         1295382.        0.000000       -30689.25     -9.73200755980E+08  5.87676046391E+05 -1.65601569429E+03   4.37917160              398  0.27422    
        8400  -4.65999530         1295639.        0.000000       -30668.29     -9.73120574872E+08  5.87627630393E+05 -1.65601568841E+03   4.37899598              398  0.27507    
        8500  -4.66086391         1295732.        0.000000       -30662.50     -9.73276220918E+08  5.87721619879E+05 -1.65601568497E+03   4.37849067              396  0.27685    
        8600  -4.66100220         1295483.        0.000000       -30679.09     -9.73344784354E+08  5.87763021005E+05 -1.65601568927E+03   4.37924553              398  0.27857    
        8700  -4.65923621         1295101.        0.000000       -30713.40     -9.73147157042E+08  5.87643682741E+05 -1.65601568710E+03   4.37916779              397  0.27741    
        8800  -4.65869588         1295232.        0.000000       -30724.76     -9.73168233658E+08  5.87656410459E+05 -1.65601568593E+03   4.37848942              398  0.27627    
        8900  -4.65991993         1295723.        0.000000       -30752.39     -9.73414792087E+08  5.87805297493E+05 -1.65601568451E+03   4.37777100              398  0.27550    
        9000  -4.66103542         1295658.        0.000000       -30736.91     -9.73657479554E+08  5.87951845180E+05 -1.65601568825E+03   4.37916423              399  0.27537    
        9100  -4.66077931         1295751.        0.000000       -30698.30     -9.73597589769E+08  5.87915679509E+05 -1.65601569018E+03   4.37858227              398  0.27607    
        9200  -4.66081262         1295718.        0.000000       -30669.07     -9.73584879095E+08  5.87908006435E+05 -1.65601568347E+03   4.37894079              398  0.27689    
        9300  -4.66108498         1295743.        0.000000       -30645.93     -9.73550886461E+08  5.87887478785E+05 -1.65601568598E+03   4.37929723              399  0.27500    
        9400  -4.66133205         1295818.        0.000000       -30623.20     -9.73459030955E+08  5.87832012367E+05 -1.65601568216E+03   4.37907000              398  0.27628    
        9500  -4.66016120         1295536.        0.000000       -30642.37     -9.73216251799E+08  5.87685407652E+05 -1.65601568310E+03   4.37899200              397  0.27541    
        9600  -4.66041270         1295491.        0.000000       -30670.73     -9.73242352032E+08  5.87701167512E+05 -1.65601568592E+03   4.37919447              399  0.27492    
        9700  -4.66080079         1295924.        0.000000       -30633.51     -9.73436220962E+08  5.87818235626E+05 -1.65601568982E+03   4.37848318              397  0.27474    
        9800  -4.66107674         1295641.        0.000000       -30634.59     -9.73168627264E+08  5.87656644543E+05 -1.65601569607E+03   4.37928686              398  0.27492    
        9900  -4.66046908         1295705.        0.000000       -30603.86     -9.73101325898E+08  5.87616006232E+05 -1.65601568980E+03   4.37880576              398  0.27622    
       10000  -4.66020697         1295244.        0.000000       -30576.83     -9.72889939557E+08  5.87488358904E+05 -1.65601568918E+03   4.37999580              397  0.27536    
       10100  -4.65872968         1295106.        0.000000       -30597.50     -9.72502127044E+08  5.87254175018E+05 -1.65601568863E+03   4.37941073              397  0.27793    
       10200  -4.65871169         1295087.        0.000000       -30620.48     -9.72492164116E+08  5.87248158929E+05 -1.65601568831E+03   4.37897404              398  0.27572    
       10300  -4.65874447         1295096.        0.000000       -30637.28     -9.72538778564E+08  5.87276307237E+05 -1.65601568900E+03   4.37915262              398  0.27349    
       10400  -4.65962528         1295798.        0.000000       -30651.32     -9.72787309912E+08  5.87426385597E+05 -1.65601568769E+03   4.37733277              399  0.27484    
       10500  -4.65984706         1295217.        0.000000       -30634.51     -9.72985759989E+08  5.87546221538E+05 -1.65601568748E+03   4.37944237              398  0.27512    
       10600  -4.65946173         1295411.        0.000000       -30630.61     -9.72932391086E+08  5.87513994659E+05 -1.65601568632E+03   4.37847031              399  0.27438    
       10700  -4.65973578         1295352.        0.000000       -30649.04     -9.72991224212E+08  5.87549522375E+05 -1.65601568406E+03   4.37865107              398  0.27594    
       10800  -4.65970177         1295465.        0.000000       -30652.72     -9.73072573009E+08  5.87598644997E+05 -1.65601568570E+03   4.37863891              397  0.27674    
       10900  -4.66077030         1295895.        0.000000       -30676.17     -9.73299971184E+08  5.87735960297E+05 -1.65601568890E+03   4.37849752              398  0.27604    
       11000  -4.66183473         1295666.        0.000000       -30678.98     -9.73345534754E+08  5.87763475245E+05 -1.65601568615E+03   4.37942843              398  0.27383    
       11100  -4.66088335         1295664.        0.000000       -30645.98     -9.73155858531E+08  5.87648937764E+05 -1.65601568555E+03   4.37912369              398  0.27389    
       11200  -4.66129791         1295742.        0.000000       -30638.88     -9.73259173268E+08  5.87711323784E+05 -1.65601568982E+03   4.37913439              395  0.27443    
       11300  -4.66118067         1295775.        0.000000       -30660.23     -9.73220191941E+08  5.87687784219E+05 -1.65601569077E+03   4.37875643              398  0.27458    
       11400  -4.66060260         1295562.        0.000000       -30702.25     -9.73140487833E+08  5.87639655880E+05 -1.65601568597E+03   4.37866811              398  0.27390    
       11500  -4.65947788         1294980.        0.000000       -30660.67     -9.73019029178E+08  5.87566313919E+05 -1.65601568049E+03   4.37989656              398  0.27768    
       11600  -4.65777932         1294834.        0.000000       -30676.60     -9.72768252232E+08  5.87414878213E+05 -1.65601568553E+03   4.37881647              397  0.27466    
       11700  -4.65775716         1295029.        0.000000       -30716.47     -9.72793297965E+08  5.87430000385E+05 -1.65601569094E+03   4.37895927              398  0.27776    
       11800  -4.65810597         1294804.        0.000000       -30709.04     -9.72819217146E+08  5.87445651687E+05 -1.65601569158E+03   4.37946596              397  0.27476    
       11900  -4.65840940         1295343.        0.000000       -30719.22     -9.72861538435E+08  5.87471208849E+05 -1.65601568857E+03   4.37802930              397  0.27844    
       12000  -4.65983224         1295278.        0.000000       -30747.91     -9.73037821681E+08  5.87577661296E+05 -1.65601568231E+03   4.37943813              397  0.27451    
       12100  -4.65966257         1295081.        0.000000       -30702.68     -9.72920633102E+08  5.87506894629E+05 -1.65601568594E+03   4.37953621              398  0.27388    
       12200  -4.65917122         1295397.        0.000000       -30687.47     -9.72826852854E+08  5.87450264148E+05 -1.65601568716E+03   4.37821534              398  0.27463    
       12300  -4.65917883         1295472.        0.000000       -30686.05     -9.72895739074E+08  5.87491861543E+05 -1.65601568764E+03   4.37847001              398  0.27630    
       12400  -4.65978676         1295465.        0.000000       -30630.18     -9.72952125125E+08  5.87525911505E+05 -1.65601568556E+03   4.37892117              398  0.27334    
       12500  -4.66015553         1295410.        0.000000       -30630.91     -9.72995365360E+08  5.87552023663E+05 -1.65601568231E+03   4.37922643              398  0.27724    
       12600  -4.65954099         1295050.        0.000000       -30624.02     -9.72897100461E+08  5.87492685669E+05 -1.65601568189E+03   4.37916306              398  0.27721    
       12700  -4.65865814         1295017.        0.000000       -30662.21     -9.72802964890E+08  5.87435840220E+05 -1.65601568424E+03   4.37905355              398  0.27503    
       12800  -4.65778371         1294900.        0.000000       -30663.78     -9.72759907608E+08  5.87409840849E+05 -1.65601568098E+03   4.37854654              398  0.27560    
       12900  -4.65965452         1295682.        0.000000       -30684.52     -9.73145469924E+08  5.87642665698E+05 -1.65601568220E+03   4.37793998              398  0.27480    
       13000  -4.66124724         1295634.        0.000000       -30689.07     -9.73412481213E+08  5.87803902867E+05 -1.65601568221E+03   4.37914655              396  0.27411    
       13100  -4.66220609         1296009.        0.000000       -30710.58     -9.73618482406E+08  5.87928300175E+05 -1.65601567762E+03   4.37837515              399  0.27580    
       13200  -4.66171231         1295859.        0.000000       -30737.72     -9.73547642014E+08  5.87885521171E+05 -1.65601568155E+03   4.37889654              398  0.27438    
       13300  -4.66116676         1295589.        0.000000       -30677.87     -9.73474011152E+08  5.87841056817E+05 -1.65601568632E+03   4.38021288              398  0.27548    
       13400  -4.65902407         1294930.        0.000000       -30658.15     -9.72968206086E+08  5.87535623421E+05 -1.65601568194E+03   4.37991809              398  0.27428    
       13500  -4.65830089         1295001.        0.000000       -30686.51     -9.72766685918E+08  5.87413932397E+05 -1.65601568548E+03   4.37884604              397  0.27381    
       13600  -4.65826139         1295053.        0.000000       -30674.43     -9.72786675132E+08  5.87426001745E+05 -1.65601568920E+03   4.37873419              399  0.27351    
       13700  -4.65905869         1295332.        0.000000       -30644.47     -9.72894218149E+08  5.87490941488E+05 -1.65601569223E+03   4.37800548              397  0.27573    
       13800  -4.66129140         1295834.        0.000000       -30664.25     -9.73245973871E+08  5.87703353657E+05 -1.65601568855E+03   4.37870578              398  0.27470    
       13900  -4.66191073         1295785.        0.000000       -30680.11     -9.73375161072E+08  5.87781365393E+05 -1.65601568607E+03   4.37937033              398  0.27831    
       14000  -4.66003601         1295093.        0.000000       -30644.15     -9.72970866593E+08  5.87537226348E+05 -1.65601569222E+03   4.38020366              397  0.27706    
       14100  -4.65759645         1294730.        0.000000       -30673.31     -9.72633207753E+08  5.87333329017E+05 -1.65601568939E+03   4.37889459              398  0.27741    
       14200  -4.65685859         1294651.        0.000000       -30703.99     -9.72633676540E+08  5.87333612764E+05 -1.65601568751E+03   4.37914163              398  0.27492    
       14300  -4.65766382         1295300.        0.000000       -30692.94     -9.72551937090E+08  5.87284255074E+05 -1.65601568353E+03   4.37832363              398  0.27637    
       14400  -4.66068394         1295911.        0.000000       -30670.65     -9.73092445885E+08  5.87610646256E+05 -1.65601568332E+03   4.37757503              398  0.27601    
       14500  -4.66216784         1295995.        0.000000       -30622.85     -9.73552223870E+08  5.87888286224E+05 -1.65601568646E+03   4.37893166              398  0.27496    
       14600  -4.66191071         1296065.        0.000000       -30632.92     -9.73491174118E+08  5.87851418546E+05 -1.65601569275E+03   4.37883749              397  0.27576    
       14700  -4.66130405         1295559.        0.000000       -30651.90     -9.73311680163E+08  5.87743029416E+05 -1.65601569300E+03   4.38015693              398  0.27501    
       14800  -4.66001336         1295622.        0.000000       -30651.80     -9.72994317102E+08  5.87551386998E+05 -1.65601569264E+03   4.37870700              398  0.27398    
       14900  -4.66093029         1295615.        0.000000       -30660.52     -9.73133959827E+08  5.87635712285E+05 -1.65601569047E+03   4.37887494              397  0.27388    
       15000  -4.66042688         1295247.        0.000000       -30636.12     -9.73095147527E+08  5.87612278310E+05 -1.65601568151E+03   4.37966260              398  0.27576    
       15100  -4.65904991         1295060.        0.000000       -30681.99     -9.72882264784E+08  5.87483726019E+05 -1.65601568468E+03   4.37930104              397  0.27522    
       15200  -4.65883285         1295248.        0.000000       -30636.13     -9.72848722283E+08  5.87463471940E+05 -1.65601568225E+03   4.37822013              398  0.27531    
       15300  -4.65958403         1295199.        0.000000       -30655.28     -9.73065080183E+08  5.87594120108E+05 -1.65601568648E+03   4.37914122              399  0.27448    
       15400  -4.65847185         1294863.        0.000000       -30629.37     -9.72871287454E+08  5.87477096212E+05 -1.65601568764E+03   4.37912586              397  0.27386    
       15500  -4.65785312         1295035.        0.000000       -30624.29     -9.72677970023E+08  5.87360361131E+05 -1.65601568371E+03   4.37882127              398  0.27710    
       15600  -4.65873225         1295178.        0.000000       -30653.35     -9.72840924721E+08  5.87458762648E+05 -1.65601568412E+03   4.37812105              398  0.27349    
       15700  -4.65951302         1295590.        0.000000       -30633.05     -9.73006287465E+08  5.87558618272E+05 -1.65601568457E+03   4.37836328              398  0.27382    
       15800  -4.66086197         1295750.        0.000000       -30642.00     -9.73286133483E+08  5.87727606107E+05 -1.65601568374E+03   4.37811557              399  0.27779    
       15900  -4.66119923         1295671.        0.000000       -30650.47     -9.73493167554E+08  5.87852625560E+05 -1.65601568357E+03   4.37924344              398  0.27460    
       16000  -4.66051167         1295582.        0.000000       -30638.26     -9.73383232832E+08  5.87786240076E+05 -1.65601568473E+03   4.37885540              398  0.27592    
       16100  -4.66068824         1295479.        0.000000       -30634.88     -9.73432575930E+08  5.87816039216E+05 -1.65601567665E+03   4.37965373              398  0.27445    
       16200  -4.65947947         1295094.        0.000000       -30644.33     -9.73235890012E+08  5.87697266227E+05 -1.65601568348E+03   4.37963896              397  0.27538    
       16300  -4.65879575         1295150.        0.000000       -30649.52     -9.73166724576E+08  5.87655498985E+05 -1.65601568650E+03   4.37859734              397  0.27531    
       16400  -4.65971841         1295662.        0.000000       -30659.15     -9.73285383829E+08  5.87727151949E+05 -1.65601568789E+03   4.37844193              398  0.27647    
       16500  -4.66074750         1295687.        0.000000       -30676.95     -9.73499029963E+08  5.87856165360E+05 -1.65601568432E+03   4.37821738              399  0.27526    
       16600  -4.66176283         1295836.        0.000000       -30664.43     -9.73743564589E+08  5.88003829690E+05 -1.65601568463E+03   4.37900672              398  0.27989    
       16700  -4.66085250         1295656.        0.000000       -30643.88     -9.73562349179E+08  5.87894399647E+05 -1.65601568881E+03   4.37902328              399  0.27608    
       16800  -4.66089462         1295524.        0.000000       -30629.18     -9.73583823870E+08  5.87907369160E+05 -1.65601568366E+03   4.37938046              398  0.27414    
       16900  -4.65986319         1295333.        0.000000       -30649.52     -9.73366298701E+08  5.87776014993E+05 -1.65601568263E+03   4.37907375              398  0.27445    
       17000  -4.66067126         1295644.        0.000000       -30657.55     -9.73483762095E+08  5.87846944875E+05 -1.65601568671E+03   4.37915203              397  0.27582    
       17100  -4.66047844         1295449.        0.000000       -30710.14     -9.73416393487E+08  5.87806266047E+05 -1.65601568019E+03   4.37906116              398  0.27952    
       17200  -4.65939397         1294884.        0.000000       -30691.39     -9.73235054314E+08  5.87696761208E+05 -1.65601568454E+03   4.38034878              397  0.27483    
       17300  -4.65775515         1294564.        0.000000       -30648.27     -9.72819990474E+08  5.87446123428E+05 -1.65601567817E+03   4.37971376              397  0.27417    
       17400  -4.65623665         1294293.        0.000000       -30652.39     -9.72509965242E+08  5.87258910817E+05 -1.65601568121E+03   4.37982706              398  0.27449    
       17500  -4.65677777         1294920.        0.000000       -30702.79     -9.72617644914E+08  5.87323932533E+05 -1.65601568579E+03   4.37761574              398  0.27470    
       17600  -4.65836400         1295217.        0.000000       -30695.48     -9.72961626076E+08  5.87531648248E+05 -1.65601568694E+03   4.37801682              398  0.27619    
       17700  -4.66018510         1295796.        0.000000       -30662.40     -9.73330829053E+08  5.87754594482E+05 -1.65601568782E+03   4.37765173              399  0.27460    
       17800  -4.66118332         1295796.        0.000000       -30687.97     -9.73646833791E+08  5.87945418050E+05 -1.65601568428E+03   4.37822394              398  0.27598    
       17900  -4.66164227         1295868.        0.000000       -30668.09     -9.73722975023E+08  5.87991395991E+05 -1.65601568605E+03   4.37887957              398  0.27475    
       18000  -4.66047934         1295572.        0.000000       -30632.86     -9.73505755502E+08  5.87860226308E+05 -1.65601568525E+03   4.37943918              397  0.27547    
       18100  -4.65991940         1295545.        0.000000       -30662.29     -9.73339840823E+08  5.87760037602E+05 -1.65601568421E+03   4.37860164              398  0.27429    
       18200  -4.65977444         1295403.        0.000000       -30658.93     -9.73274660117E+08  5.87720677372E+05 -1.65601568498E+03   4.37888695              397  0.27564    
       18300  -4.66155514         1296086.        0.000000       -30709.90     -9.73534566174E+08  5.87877625357E+05 -1.65601568113E+03   4.37810805              398  0.27408    
       18400  -4.66171439         1295770.        0.000000       -30694.31     -9.73523163356E+08  5.87870739721E+05 -1.65601568096E+03   4.37912297              398  0.27645    
       18500  -4.66051087         1295373.        0.000000       -30675.37     -9.73288718303E+08  5.87729166017E+05 -1.65601568644E+03   4.37934064              399  0.27395    
       18600  -4.65979838         1295440.        0.000000       -30736.38     -9.73195112386E+08  5.87672641381E+05 -1.65601568605E+03   4.37850484              398  0.27556    
       18700  -4.66050111         1295631.        0.000000       -30753.39     -9.73368763249E+08  5.87777501858E+05 -1.65601568650E+03   4.37856508              397  0.27634    
       18800  -4.66035121         1295435.        0.000000       -30748.36     -9.73301206932E+08  5.87736706292E+05 -1.65601568953E+03   4.37954674              398  0.27543    
       18900  -4.66109372         1295630.        0.000000       -30708.88     -9.73383372345E+08  5.87786322374E+05 -1.65601569021E+03   4.37908467              398  0.27542    
       19000  -4.65994989         1295175.        0.000000       -30664.04     -9.73224645514E+08  5.87690474770E+05 -1.65601568733E+03   4.38026536              399  0.27554    
       19100  -4.65874597         1295134.        0.000000       -30632.79     -9.72963624563E+08  5.87532855195E+05 -1.65601568654E+03   4.37923350              399  0.27462    
       19200  -4.65930280         1295237.        0.000000       -30647.32     -9.73030144940E+08  5.87573024965E+05 -1.65601568418E+03   4.37871444              397  0.27424    
       19300  -4.65878008         1295246.        0.000000       -30640.91     -9.73014637681E+08  5.87563659960E+05 -1.65601568645E+03   4.37893136              398  0.27445    
       19400  -4.65898656         1295175.        0.000000       -30622.25     -9.72903314144E+08  5.87496433852E+05 -1.65601569318E+03   4.37957067              399  0.27457    
       19500  -4.65822302         1295045.        0.000000       -30636.00     -9.72774906723E+08  5.87418895299E+05 -1.65601568916E+03   4.37854965              399  0.27516    
       19600  -4.65809068         1295039.        0.000000       -30685.74     -9.72943911792E+08  5.87520950324E+05 -1.65601568975E+03   4.37848024              398  0.27696    
       19700  -4.65897932         1295477.        0.000000       -30705.25     -9.73094989143E+08  5.87612180675E+05 -1.65601568712E+03   4.37825817              399  0.27435    
       19800  -4.66075418         1295718.        0.000000       -30711.64     -9.73345454615E+08  5.87763426033E+05 -1.65601568846E+03   4.37877912              398  0.27682    
       19900  -4.66134175         1295862.        0.000000       -30709.78     -9.73424235862E+08  5.87810996581E+05 -1.65601569471E+03   4.37841193              397  0.27400    
       20000  -4.66237448         1296065.        0.000000       -30752.49     -9.73738368288E+08  5.88000691398E+05 -1.65601568592E+03   4.37828708              399  0.27422    
       20100  -4.66201410         1295974.        0.000000       -30692.62     -9.73726420393E+08  5.87993477151E+05 -1.65601568424E+03   4.37861785              396  0.27534    
       20200  -4.66150902         1295559.        0.000000       -30710.83     -9.73650382468E+08  5.87947561513E+05 -1.65601568270E+03   4.38027584              399  0.27710    
       20300  -4.66031369         1295433.        0.000000       -30680.41     -9.73285720743E+08  5.87727357976E+05 -1.65601568063E+03   4.37872466              399  0.28019    
       20400  -4.65904612         1294986.        0.000000       -30698.86     -9.73108134166E+08  5.87620120132E+05 -1.65601568229E+03   4.37936460              398  0.27494    
       20500  -4.65916072         1295164.        0.000000       -30650.33     -9.73175173636E+08  5.87660601247E+05 -1.65601568588E+03   4.37959347              398  0.27461    
       20600  -4.65845835         1294880.        0.000000       -30642.64     -9.72941883292E+08  5.87519728530E+05 -1.65601568091E+03   4.37928176              399  0.27422    
       20700  -4.65864677         1295473.        0.000000       -30674.44     -9.73050606290E+08  5.87585379175E+05 -1.65601568857E+03   4.37794062              398  0.27569    
       20800  -4.65974331         1295413.        0.000000       -30668.21     -9.73173270317E+08  5.87659450387E+05 -1.65601569017E+03   4.37882119              398  0.27620    
       20900  -4.65994306         1295348.        0.000000       -30664.04     -9.73166867570E+08  5.87655585805E+05 -1.65601568517E+03   4.37906542              397  0.27486    
       21000  -4.65995364         1295202.        0.000000       -30691.95     -9.73193920360E+08  5.87671919047E+05 -1.65601569314E+03   4.37944663              398  0.27559    
       21100  -4.65864313         1295136.        0.000000       -30670.66     -9.72991086792E+08  5.87549436344E+05 -1.65601569265E+03   4.37895613              397  0.27499    
       21200  -4.65821673         1295067.        0.000000       -30588.84     -9.72930000404E+08  5.87512553059E+05 -1.65601568058E+03   4.37914669              398  0.27461    
       21300  -4.65926390         1295282.        0.000000       -30593.21     -9.72952286329E+08  5.87526009507E+05 -1.65601568371E+03   4.37839409              398  0.27497    
       21400  -4.65931380         1295439.        0.000000       -30634.65     -9.72999230032E+08  5.87554355325E+05 -1.65601568810E+03   4.37864183              398  0.27495    
       21500  -4.66000806         1295575.        0.000000       -30640.57     -9.72978453737E+08  5.87541807417E+05 -1.65601569361E+03   4.37884206              398  0.27747    
       21600  -4.65926384         1295162.        0.000000       -30640.62     -9.72768585529E+08  5.87415077224E+05 -1.65601569188E+03   4.37947436              399  0.27957    
       21700  -4.65880381         1295126.        0.000000       -30675.03     -9.72671165546E+08  5.87356252710E+05 -1.65601568223E+03   4.37900909              398  0.27576    
       21800  -4.65898582         1295126.        0.000000       -30641.87     -9.72754119718E+08  5.87406346845E+05 -1.65601567798E+03   4.37897787              397  0.27559    
       21900  -4.65984831         1295638.        0.000000       -30682.16     -9.72844040794E+08  5.87460645015E+05 -1.65601568216E+03   4.37851340              399  0.27594    
       22000  -4.66021813         1295221.        0.000000       -30684.89     -9.72822043513E+08  5.87447361248E+05 -1.65601568360E+03   4.37985897              397  0.27534    
       22100  -4.65894885         1295014.        0.000000       -30696.67     -9.72541972614E+08  5.87278237125E+05 -1.65601568581E+03   4.37945551              398  0.27624    
       22200  -4.65820195         1294830.        0.000000       -30673.04     -9.72414230593E+08  5.87201100062E+05 -1.65601568268E+03   4.37952856              397  0.27334    
       22300  -4.65766629         1294893.        0.000000       -30697.31     -9.72266152060E+08  5.87111679381E+05 -1.65601568868E+03   4.37872593              398  0.27982    
       22400  -4.65738528         1294793.        0.000000       -30670.18     -9.72296420249E+08  5.87129957237E+05 -1.65601568829E+03   4.37909765              397  0.27483    
       22500  -4.65768709         1295054.        0.000000       -30672.07     -9.72408828173E+08  5.87197836837E+05 -1.65601568529E+03   4.37806425              398  0.27725    
       22600  -4.65875372         1295225.        0.000000       -30656.66     -9.72705429438E+08  5.87376943206E+05 -1.65601568242E+03   4.37832158              397  0.27545    
       22700  -4.65958686         1295209.        0.000000       -30634.98     -9.72839442433E+08  5.87457868914E+05 -1.65601568029E+03   4.37946239              398  0.27868    
       22800  -4.65881127         1295177.        0.000000       -30645.62     -9.72640926035E+08  5.87337994080E+05 -1.65601567724E+03   4.37908308              398  0.27377    
       22900  -4.65882467         1294995.        0.000000       -30649.40     -9.72598702086E+08  5.87312495224E+05 -1.65601568159E+03   4.37925759              398  0.28044    
       23000  -4.65897959         1295146.        0.000000       -30674.45     -9.72712951167E+08  5.87381483968E+05 -1.65601568608E+03   4.37908176              399  0.27368    
       23100  -4.65842759         1294967.        0.000000       -30688.06     -9.72580103899E+08  5.87301261115E+05 -1.65601569125E+03   4.37928254              398  0.27621    
       23200  -4.65833813         1295192.        0.000000       -30682.87     -9.72680002701E+08  5.87361586001E+05 -1.65601569099E+03   4.37842365              398  0.27365    
       23300  -4.65991896         1295819.        0.000000       -30696.33     -9.73059404032E+08  5.87590693964E+05 -1.65601568239E+03   4.37735386              397  0.27416    
       23400  -4.66152824         1295906.        0.000000       -30687.64     -9.73306266957E+08  5.87739765004E+05 -1.65601568060E+03   4.37893786              398  0.27413    
       23500  -4.66136536         1295775.        0.000000       -30661.14     -9.73184032116E+08  5.87665950726E+05 -1.65601568530E+03   4.37945975              398  0.27451    
       23600  -4.65942666         1294889.        0.000000       -30617.70     -9.72777527860E+08  5.87420480138E+05 -1.65601568340E+03   4.37968609              398  0.27542    
       23700  -4.65790095         1295123.        0.000000       -30664.47     -9.72539285765E+08  5.87276615843E+05 -1.65601568244E+03   4.37836939              399  0.27595    
       23800  -4.65966217         1295430.        0.000000       -30672.96     -9.72873842421E+08  5.87478642082E+05 -1.65601567909E+03   4.37835044              398  0.27777    
       23900  -4.66048175         1295714.        0.000000       -30696.11     -9.73171812909E+08  5.87658572905E+05 -1.65601568288E+03   4.37813196              398  0.27773    
       24000  -4.66058314         1295511.        0.000000       -30701.40     -9.73160025603E+08  5.87651453174E+05 -1.65601568812E+03   4.37947841              397  0.27460    
       24100  -4.65980525         1295255.        0.000000       -30707.64     -9.73060386760E+08  5.87591285200E+05 -1.65601568857E+03   4.37892256              398  0.27801    
       24200  -4.65942878         1295365.        0.000000       -30716.94     -9.73146910238E+08  5.87643532109E+05 -1.65601569160E+03   4.37917721              398  0.27913    
       24300  -4.65934713         1295493.        0.000000       -30741.64     -9.73071827458E+08  5.87598192453E+05 -1.65601569228E+03   4.37858592              397  0.27484    
       24400  -4.66055985         1295753.        0.000000       -30725.80     -9.73398721543E+08  5.87795590213E+05 -1.65601569278E+03   4.37860698              397  0.27471    
       24500  -4.66189829         1296207.        0.000000       -30777.41     -9.73690162065E+08  5.87971580716E+05 -1.65601568851E+03   4.37796319              398  0.27530    
       24600  -4.66273934         1296409.        0.000000       -30779.30     -9.73833368790E+08  5.88058058548E+05 -1.65601568525E+03   4.37851827              399  0.27752    
       24700  -4.66274451         1295862.        0.000000       -30763.01     -9.73656693003E+08  5.87951370911E+05 -1.65601568629E+03   4.37988869              398  0.27494    
       24800  -4.66006814         1295348.        0.000000       -30698.60     -9.73142446588E+08  5.87640838751E+05 -1.65601568580E+03   4.37984654              397  0.27457    
       24900  -4.65884475         1295038.        0.000000       -30662.22     -9.72940182211E+08  5.87518700100E+05 -1.65601568434E+03   4.37913788              397  0.27421    
       25000  -4.65792396         1294694.        0.000000       -30675.12     -9.72860223892E+08  5.87470418456E+05 -1.65601567897E+03   4.37967771              398  0.27650    
       25100  -4.65798553         1295353.        0.000000       -30647.78     -9.72927562971E+08  5.87511080518E+05 -1.65601568249E+03   4.37790756              400  0.27907    
       25200  -4.66043268         1295669.        0.000000       -30679.14     -9.73225952274E+08  5.87691265209E+05 -1.65601568355E+03   4.37833114              399  0.27804    
       25300  -4.66059617         1295295.        0.000000       -30654.76     -9.73091125053E+08  5.87609846607E+05 -1.65601568910E+03   4.37972458              397  0.27425    
       25400  -4.65932403         1295041.        0.000000       -30686.11     -9.72875169354E+08  5.87479439764E+05 -1.65601568924E+03   4.37912545              398  0.27342    
       25500  -4.65901851         1295107.        0.000000       -30714.44     -9.72918667420E+08  5.87505707825E+05 -1.65601568540E+03   4.37877823              398  0.27408    
       25600  -4.65957590         1295241.        0.000000       -30716.37     -9.73008124093E+08  5.87559726611E+05 -1.65601568662E+03   4.37902700              397  0.27401    
       25700  -4.65909440         1295229.        0.000000       -30677.67     -9.72889507592E+08  5.87488098609E+05 -1.65601568763E+03   4.37865159              398  0.27801    
       25800  -4.65993133         1295408.        0.000000       -30660.56     -9.73083272116E+08  5.87605104972E+05 -1.65601568789E+03   4.37869024              398  0.27376    
       25900  -4.66014011         1295654.        0.000000       -30681.68     -9.73152429325E+08  5.87646868888E+05 -1.65601568024E+03   4.37888982              398  0.27530    
       26000  -4.66115817         1295888.        0.000000       -30652.25     -9.73196394712E+08  5.87673415762E+05 -1.65601568594E+03   4.37874265              399  0.27449    
       26100  -4.66088183         1295599.        0.000000       -30656.25     -9.73126498304E+08  5.87631208661E+05 -1.65601568460E+03   4.37867100              398  0.27622    
       26200  -4.66021447         1295342.        0.000000       -30644.20     -9.73009898021E+08  5.87560799480E+05 -1.65601568192E+03   4.37914653              398  0.27530    
       26300  -4.65997021         1295293.        0.000000       -30642.43     -9.73061487621E+08  5.87591952136E+05 -1.65601568245E+03   4.37937099              397  0.27579    
       26400  -4.65926683         1295258.        0.000000       -30632.52     -9.72999921506E+08  5.87554773918E+05 -1.65601568517E+03   4.37876762              398  0.27423    
       26500  -4.65861231         1295024.        0.000000       -30705.21     -9.72904837504E+08  5.87497356081E+05 -1.65601568660E+03   4.37844431              397  0.27505    
       26600  -4.65970398         1295711.        0.000000       -30729.08     -9.73111231689E+08  5.87621988208E+05 -1.65601568903E+03   4.37760386              398  0.27396    
       26700  -4.66236415         1296070.        0.000000       -30744.05     -9.73674311762E+08  5.87962010924E+05 -1.65601568413E+03   4.37894420              398  0.27678    
       26800  -4.66314008         1296177.        0.000000       -30716.21     -9.73704889352E+08  5.87980474292E+05 -1.65601568747E+03   4.37934478              398  0.27481    
       26900  -4.66191957         1295836.        0.000000       -30688.50     -9.73407423914E+08  5.87800846306E+05 -1.65601568972E+03   4.37898547              397  0.27770    
       27000  -4.66079812         1295239.        0.000000       -30729.94     -9.73341232932E+08  5.87760875494E+05 -1.65601569195E+03   4.37977394              398  0.27373    
       27100  -4.65952944         1294927.        0.000000       -30671.56     -9.73080286065E+08  5.87603301123E+05 -1.65601568985E+03   4.38052180              396  0.27428    
       27200  -4.65683500         1294461.        0.000000       -30720.85     -9.72593958320E+08  5.87309629648E+05 -1.65601568444E+03   4.37940207              398  0.27622    
       27300  -4.65757995         1295165.        0.000000       -30730.21     -9.72761108748E+08  5.87410563100E+05 -1.65601568963E+03   4.37766859              398  0.27534    
       27400  -4.65957428         1295516.        0.000000       -30721.64     -9.73222465714E+08  5.87689157454E+05 -1.65601569022E+03   4.37804509              399  0.27575    
       27500  -4.66028826         1295451.        0.000000       -30707.19     -9.73354220614E+08  5.87768720217E+05 -1.65601568633E+03   4.37973667              398  0.27464    
       27600  -4.65983648         1295507.        0.000000       -30679.40     -9.73273093961E+08  5.87719732471E+05 -1.65601568263E+03   4.37862379              398  0.27396    
       27700  -4.66146290         1295999.        0.000000       -30724.49     -9.73607098897E+08  5.87921422392E+05 -1.65601568818E+03   4.37867993              398  0.27853    
       27800  -4.66163279         1295656.        0.000000       -30660.25     -9.73637748044E+08  5.87939929186E+05 -1.65601569091E+03   4.37981553              397  0.27417    
       27900  -4.66097497         1295824.        0.000000       -30671.55     -9.73451746253E+08  5.87827612808E+05 -1.65601568392E+03   4.37873148              398  0.27429    
       28000  -4.66119996         1295789.        0.000000       -30657.54     -9.73402451499E+08  5.87797847028E+05 -1.65601568026E+03   4.37875675              398  0.27457    
       28100  -4.66115753         1295791.        0.000000       -30668.42     -9.73403247524E+08  5.87798326918E+05 -1.65601568250E+03   4.37893495              398  0.27405    
       28200  -4.66120686         1295798.        0.000000       -30684.16     -9.73429515292E+08  5.87814187931E+05 -1.65601568536E+03   4.37860874              397  0.27414    
       28300  -4.66219394         1296115.        0.000000       -30703.58     -9.73641277874E+08  5.87942063683E+05 -1.65601568252E+03   4.37855513              398  0.27584    
       28400  -4.66203463         1295694.        0.000000       -30677.80     -9.73567203645E+08  5.87897330314E+05 -1.65601569091E+03   4.38008563              398  0.27399    
       28500  -4.66033079         1295388.        0.000000       -30662.41     -9.73206142442E+08  5.87679299889E+05 -1.65601569194E+03   4.37957089              398  0.27572    
       28600  -4.65957466         1295150.        0.000000       -30684.57     -9.73110190825E+08  5.87621357577E+05 -1.65601569493E+03   4.37941710              397  0.27385    
       28700  -4.65964862         1295383.        0.000000       -30688.54     -9.73152297798E+08  5.87646785378E+05 -1.65601569176E+03   4.37895886              398  0.27598    
       28800  -4.66023195         1295499.        0.000000       -30690.91     -9.73269429299E+08  5.87717516203E+05 -1.65601569201E+03   4.37894438              399  0.27765    
       28900  -4.65947994         1295186.        0.000000       -30671.78     -9.73052598568E+08  5.87586581235E+05 -1.65601569138E+03   4.37968160              398  0.27411    
       29000  -4.65846794         1295134.        0.000000       -30688.01     -9.72823068345E+08  5.87447976982E+05 -1.65601569239E+03   4.37878971              399  0.28312    
       29100  -4.65967375         1295419.        0.000000       -30673.48     -9.73204166911E+08  5.87678108874E+05 -1.65601568651E+03   4.37837918              398  0.27582    
       29200  -4.66054558         1295419.        0.000000       -30656.30     -9.73313875029E+08  5.87744360159E+05 -1.65601567792E+03   4.37977443              398  0.27625    
       29300  -4.66050893         1295606.        0.000000       -30670.40     -9.73294691228E+08  5.87732771711E+05 -1.65601568957E+03   4.37875904              398  0.27604    
       29400  -4.66082019         1295837.        0.000000       -30670.69     -9.73331909073E+08  5.87755246268E+05 -1.65601568893E+03   4.37866401              398  0.27570    
       29500  -4.66102905         1295396.        0.000000       -30669.15     -9.73183003705E+08  5.87665326266E+05 -1.65601569500E+03   4.37959081              398  0.27442    
       29600  -4.66001901         1295265.        0.000000       -30704.54     -9.73044893716E+08  5.87581929652E+05 -1.65601568839E+03   4.37974632              398  0.27487    
       29700  -4.65937693         1295196.        0.000000       -30707.70     -9.72973870086E+08  5.87539043201E+05 -1.65601568329E+03   4.37875758              398  0.27648    
       29800  -4.65928583         1295212.        0.000000       -30686.72     -9.73131825439E+08  5.87634422904E+05 -1.65601569192E+03   4.37880707              398  0.27567    
       29900  -4.65911607         1295117.        0.000000       -30693.59     -9.73164488016E+08  5.87654149199E+05 -1.65601568430E+03   4.37896521              398  0.27443    
       30000  -4.65910397         1295243.        0.000000       -30636.91     -9.73032954575E+08  5.87574720104E+05 -1.65601568836E+03   4.37965122              397  0.27962    
       30100  -4.65843655         1295117.        0.000000       -30657.47     -9.72752274863E+08  5.87405229774E+05 -1.65601568654E+03   4.37878849              398  0.27483    
       30200  -4.65861131         1295189.        0.000000       -30664.23     -9.72776383716E+08  5.87419788566E+05 -1.65601568529E+03   4.37848472              398  0.27402    
       30300  -4.65956377         1295304.        0.000000       -30687.45     -9.73106324074E+08  5.87619025862E+05 -1.65601568575E+03   4.37836108              398  0.27495    
       30400  -4.65959347         1295414.        0.000000       -30675.52     -9.73222215827E+08  5.87689008336E+05 -1.65601568520E+03   4.37892605              398  0.27419    
       30500  -4.66060238         1295696.        0.000000       -30676.95     -9.73439783762E+08  5.87820391093E+05 -1.65601567845E+03   4.37860799              398  0.27985    
       30600  -4.66101242         1295809.        0.000000       -30694.50     -9.73561350600E+08  5.87893799908E+05 -1.65601567962E+03   4.37826837              397  0.27801    
       30700  -4.66163209         1296163.        0.000000       -30726.77     -9.73669660428E+08  5.87959202950E+05 -1.65601568194E+03   4.37834019              397  0.27590    
       30800  -4.66267084         1296267.        0.000000       -30684.00     -9.73773926986E+08  5.88022164959E+05 -1.65601568277E+03   4.37865978              398  0.28040    
       30900  -4.66239609         1296008.        0.000000       -30676.88     -9.73728083420E+08  5.87994481703E+05 -1.65601568334E+03   4.37876856              398  0.27418    
       31000  -4.66199263         1295949.        0.000000       -30637.02     -9.73656390474E+08  5.87951190419E+05 -1.65601568011E+03   4.37989903              397  0.27526    
       31100  -4.66056950         1295325.        0.000000       -30609.36     -9.73254611220E+08  5.87708570073E+05 -1.65601568665E+03   4.37984635              398  0.27901    
       31200  -4.65932571         1295186.        0.000000       -30627.13     -9.73043465362E+08  5.87581068131E+05 -1.65601568556E+03   4.37885050              399  0.27429    
       31300  -4.66000153         1295741.        0.000000       -30666.89     -9.73276897716E+08  5.87722028516E+05 -1.65601568512E+03   4.37769364              398  0.27895    
       31400  -4.66200821         1295961.        0.000000       -30666.17     -9.73627971793E+08  5.87934026313E+05 -1.65601568921E+03   4.37912801              398  0.27414    
       31500  -4.66202311         1295952.        0.000000       -30643.58     -9.73485907712E+08  5.87848240725E+05 -1.65601568614E+03   4.37909300              398  0.27514    
       31600  -4.66155270         1295720.        0.000000       -30655.37     -9.73271066775E+08  5.87718506968E+05 -1.65601568648E+03   4.37928119              398  0.27656    
       31700  -4.66117625         1295535.        0.000000       -30683.49     -9.73253296773E+08  5.87707777152E+05 -1.65601568434E+03   4.37908917              398  0.28359    
       31800  -4.66009424         1295418.        0.000000       -30673.56     -9.73110169184E+08  5.87621348400E+05 -1.65601568397E+03   4.37918452              398  0.27994    
       31900  -4.65994911         1295522.        0.000000       -30640.95     -9.73132293321E+08  5.87634708936E+05 -1.65601568206E+03   4.37908319              398  0.27476    
       32000  -4.66031688         1295556.        0.000000       -30643.12     -9.73131560038E+08  5.87634264671E+05 -1.65601568619E+03   4.37851690              398  0.27524    
       32100  -4.65954624         1295172.        0.000000       -30620.37     -9.73048061390E+08  5.87583843927E+05 -1.65601568431E+03   4.37930903              398  0.27889    
       32200  -4.65890227         1295284.        0.000000       -30648.05     -9.72991801442E+08  5.87549869793E+05 -1.65601568729E+03   4.37798969              397  0.27400    
       32300  -4.65867848         1295333.        0.000000       -30613.03     -9.73054994990E+08  5.87588031232E+05 -1.65601568322E+03   4.37819737              399  0.27439    
       32400  -4.66001508         1295523.        0.000000       -30647.15     -9.73270423787E+08  5.87718122024E+05 -1.65601567710E+03   4.37903767              398  0.27546    
       32500  -4.65971414         1295233.        0.000000       -30681.06     -9.73203347452E+08  5.87677613053E+05 -1.65601568927E+03   4.37933383              398  0.27461    
       32600  -4.65907286         1295225.        0.000000       -30711.33     -9.73068467303E+08  5.87596164077E+05 -1.65601569035E+03   4.37849230              398  0.27771    
       32700  -4.65999515         1295673.        0.000000       -30737.29     -9.73311101606E+08  5.87742680967E+05 -1.65601569041E+03   4.37762726              398  0.27520    
       32800  -4.66036417         1295532.        0.000000       -30699.57     -9.73341598354E+08  5.87761097156E+05 -1.65601568914E+03   4.37908169              396  0.27529    
       32900  -4.65961926         1295260.        0.000000       -30709.19     -9.73182223045E+08  5.87664857563E+05 -1.65601568738E+03   4.37907905              398  0.27403    
       33000  -4.65940785         1295242.        0.000000       -30677.06     -9.73132547595E+08  5.87634859000E+05 -1.65601569187E+03   4.37887173              398  0.27389    
       33100  -4.65957918         1295471.        0.000000       -30677.45     -9.73244681116E+08  5.87702572609E+05 -1.65601568970E+03   4.37869815              398  0.27574    
       33200  -4.66004705         1295397.        0.000000       -30673.88     -9.73299345325E+08  5.87735583303E+05 -1.65601568626E+03   4.37925891              397  0.27796    
       33300  -4.65916462         1295378.        0.000000       -30661.20     -9.73173064638E+08  5.87659325706E+05 -1.65601569152E+03   4.37867533              397  0.27435    
       33400  -4.66035038         1295764.        0.000000       -30676.18     -9.73348497268E+08  5.87765260677E+05 -1.65601569604E+03   4.37793182              398  0.27526    
       33500  -4.66114922         1295702.        0.000000       -30695.05     -9.73480754774E+08  5.87845127497E+05 -1.65601569059E+03   4.37933212              398  0.27425    
       33600  -4.66025301         1295306.        0.000000       -30676.52     -9.73285390131E+08  5.87727156833E+05 -1.65601568486E+03   4.37926800              397  0.27899    
       33700  -4.66052723         1295499.        0.000000       -30654.08     -9.73331764211E+08  5.87755159178E+05 -1.65601568785E+03   4.37937291              397  0.27381    
       33800  -4.66050210         1295782.        0.000000       -30665.75     -9.73160330144E+08  5.87651636315E+05 -1.65601569026E+03   4.37856238              398  0.27401    
       33900  -4.66104601         1295503.        0.000000       -30698.61     -9.73245180378E+08  5.87702874807E+05 -1.65601568769E+03   4.37879587              398  0.28141    
       34000  -4.66104422         1295444.        0.000000       -30682.81     -9.73389728946E+08  5.87790162349E+05 -1.65601568603E+03   4.38007449              399  0.27920    
       34100  -4.65948119         1295501.        0.000000       -30640.72     -9.73039857406E+08  5.87578887639E+05 -1.65601569062E+03   4.37844407              398  0.27713    
       34200  -4.66092240         1295927.        0.000000       -30641.26     -9.73190718777E+08  5.87669987861E+05 -1.65601568717E+03   4.37825311              398  0.27480    
       34300  -4.66158966         1295602.        0.000000       -30619.49     -9.73300292354E+08  5.87736155875E+05 -1.65601568429E+03   4.37958514              398  0.27391    
       34400  -4.66098522         1295741.        0.000000       -30661.10     -9.73167094645E+08  5.87655724084E+05 -1.65601568191E+03   4.37895994              398  0.27545    
       34500  -4.66104645         1295723.        0.000000       -30677.17     -9.73253400003E+08  5.87707840791E+05 -1.65601568067E+03   4.37883602              397  0.27655    
       34600  -4.66080734         1295660.        0.000000       -30688.25     -9.73307754599E+08  5.87740661457E+05 -1.65601568587E+03   4.37910523              398  0.27731    
       34700  -4.66074270         1295779.        0.000000       -30697.89     -9.73287237875E+08  5.87728269230E+05 -1.65601569438E+03   4.37917504              398  0.27444    
       34800  -4.66110905         1295482.        0.000000       -30645.91     -9.73143460102E+08  5.87641447647E+05 -1.65601569460E+03   4.37964775              398  0.27405    
       34900  -4.66017125         1295377.        0.000000       -30630.47     -9.72960478489E+08  5.87530952919E+05 -1.65601569356E+03   4.37950843              398  0.27513    
       35000  -4.65925582         1294955.        0.000000       -30609.48     -9.72705054827E+08  5.87376715214E+05 -1.65601568743E+03   4.37957761              397  0.27583    
       35100  -4.65945976         1295568.        0.000000       -30632.09     -9.72787831372E+08  5.87426702517E+05 -1.65601568196E+03   4.37823105              398  0.27610    
       35200  -4.66054971         1295340.        0.000000       -30673.91     -9.73024358575E+08  5.87569528636E+05 -1.65601569032E+03   4.37915092              397  0.27490    
       35300  -4.65966695         1295283.        0.000000       -30637.82     -9.72930435102E+08  5.87512813577E+05 -1.65601568616E+03   4.37912468              397  0.27434    
       35400  -4.66031193         1295664.        0.000000       -30687.38     -9.73239534186E+08  5.87699465178E+05 -1.65601568804E+03   4.37772996              399  0.27666    
       35500  -4.66134370         1295885.        0.000000       -30721.97     -9.73518904669E+08  5.87868165754E+05 -1.65601568750E+03   4.37908097              398  0.27387    
       35600  -4.66109807         1295569.        0.000000       -30723.69     -9.73454663948E+08  5.87829371692E+05 -1.65601569235E+03   4.37893038              399  0.27361    
       35700  -4.66095621         1295549.        0.000000       -30724.84     -9.73368641644E+08  5.87777428099E+05 -1.65601568742E+03   4.37935316              399  0.27409    
       35800  -4.65984445         1295422.        0.000000       -30670.44     -9.73124086127E+08  5.87629752178E+05 -1.65601568423E+03   4.37893448              397  0.27377    
       35900  -4.65968221         1295342.        0.000000       -30646.79     -9.72985093172E+08  5.87545820549E+05 -1.65601568277E+03   4.37909032              398  0.27370    
       36000  -4.65857529         1295027.        0.000000       -30636.30     -9.72784550002E+08  5.87424719925E+05 -1.65601568508E+03   4.37878740              398  0.27793    
       36100  -4.65950398         1295359.        0.000000       -30636.24     -9.73031992463E+08  5.87574140198E+05 -1.65601568533E+03   4.37842117              398  0.27700    
       36200  -4.65981690         1295138.        0.000000       -30619.21     -9.73084007935E+08  5.87605553356E+05 -1.65601567646E+03   4.37959691              398  0.28069    
       36300  -4.65915972         1295135.        0.000000       -30635.23     -9.72908727038E+08  5.87499706914E+05 -1.65601568067E+03   4.37933321              397  0.27715    
       36400  -4.65904365         1295332.        0.000000       -30652.25     -9.72888687764E+08  5.87487603755E+05 -1.65601568705E+03   4.37880038              397  0.27779    
       36500  -4.65977233         1295638.        0.000000       -30642.99     -9.73013940072E+08  5.87563238104E+05 -1.65601568814E+03   4.37848378              398  0.27585    
       36600  -4.66119019         1295580.        0.000000       -30603.41     -9.73195255463E+08  5.87672729052E+05 -1.65601568246E+03   4.37946317              398  0.27554    
       36700  -4.65978830         1295128.        0.000000       -30617.28     -9.73012141055E+08  5.87562152232E+05 -1.65601568678E+03   4.37946264              399  0.27988    
       36800  -4.65938374         1295300.        0.000000       -30683.64     -9.72990192323E+08  5.87548899717E+05 -1.65601568277E+03   4.37863076              398  0.27590    
       36900  -4.66047680         1295654.        0.000000       -30707.82     -9.73241181231E+08  5.87700463038E+05 -1.65601567880E+03   4.37832436              399  0.27543    
       37000  -4.66064888         1295411.        0.000000       -30680.79     -9.73293942709E+08  5.87732325948E+05 -1.65601567200E+03   4.37964095              399  0.27527    
       37100  -4.65963433         1295533.        0.000000       -30672.78     -9.73025205478E+08  5.87570045018E+05 -1.65601567631E+03   4.37864471              397  0.27368    
       37200  -4.65912506         1295143.        0.000000       -30631.02     -9.72835114008E+08  5.87455256798E+05 -1.65601567566E+03   4.37961032              398  0.27374    
       37300  -4.65863974         1295057.        0.000000       -30653.47     -9.72601461738E+08  5.87314161280E+05 -1.65601568268E+03   4.37897950              398  0.27571    
       37400  -4.65781130         1294920.        0.000000       -30619.81     -9.72509986763E+08  5.87258922932E+05 -1.65601568369E+03   4.37837841              400  0.27452    
       37500  -4.65878176         1295548.        0.000000       -30649.51     -9.72767391303E+08  5.87414357723E+05 -1.65601568725E+03   4.37793839              397  0.27454    
       37600  -4.66158862         1296223.        0.000000       -30642.69     -9.73327398207E+08  5.87752522306E+05 -1.65601568903E+03   4.37824423              398  0.27377    
       37700  -4.66177961         1295888.        0.000000       -30690.29     -9.73409318049E+08  5.87801990829E+05 -1.65601568766E+03   4.37862066              398  0.27661    
       37800  -4.66102020         1295480.        0.000000       -30644.13     -9.73263524883E+08  5.87713953804E+05 -1.65601568345E+03   4.37963915              398  0.27757    
       37900  -4.65890206         1294924.        0.000000       -30655.49     -9.72806527715E+08  5.87437989850E+05 -1.65601568936E+03   4.37931099              397  0.27365    
       38000  -4.65786909         1294902.        0.000000       -30619.14     -9.72637736258E+08  5.87336063600E+05 -1.65601568938E+03   4.37897104              398  0.27358    
       38100  -4.65932846         1295585.        0.000000       -30617.24     -9.72944454467E+08  5.87521278507E+05 -1.65601568838E+03   4.37772075              396  0.27468    
       38200  -4.66083850         1295801.        0.000000       -30669.39     -9.73284350681E+08  5.87726526468E+05 -1.65601569242E+03   4.37835523              399  0.27441    
       38300  -4.66096291         1295722.        0.000000       -30647.83     -9.73346805081E+08  5.87764240544E+05 -1.65601569122E+03   4.37868831              397  0.27490    
       38400  -4.66045359         1295259.        0.000000       -30622.93     -9.73208023171E+08  5.87680435925E+05 -1.65601569097E+03   4.37978356              398  0.27740    
       38500  -4.65878641         1294983.        0.000000       -30651.02     -9.72914300574E+08  5.87503070859E+05 -1.65601568542E+03   4.37894448              398  0.27445    
       38600  -4.65827393         1294998.        0.000000       -30647.48     -9.72838273328E+08  5.87457162074E+05 -1.65601568273E+03   4.37921651              399  0.27504    
       38700  -4.65921943         1295511.        0.000000       -30615.85     -9.72930094894E+08  5.87512608644E+05 -1.65601568473E+03   4.37796602              397  0.27659    
       38800  -4.65992786         1295263.        0.000000       -30610.56     -9.73197330497E+08  5.87673982643E+05 -1.65601568087E+03   4.37949640              398  0.27554    
       38900  -4.65949697         1295384.        0.000000       -30710.37     -9.73061953060E+08  5.87592231197E+05 -1.65601568809E+03   4.37835657              398  0.27754    
       39000  -4.66011223         1295424.        0.000000       -30696.42     -9.73289952937E+08  5.87729911705E+05 -1.65601568604E+03   4.37890713              398  0.27512    
       39100  -4.66071201         1295632.        0.000000       -30692.29     -9.73393065625E+08  5.87792176714E+05 -1.65601568749E+03   4.37914888              398  0.27530    
       39200  -4.66077774         1295455.        0.000000       -30644.96     -9.73373670559E+08  5.87780467099E+05 -1.65601568110E+03   4.37995926              398  0.27346    
       39300  -4.65977682         1295307.        0.000000       -30646.53     -9.73106805320E+08  5.87619317327E+05 -1.65601568333E+03   4.37903090              398  0.27616    
       39400  -4.65930920         1295196.        0.000000       -30624.08     -9.72953594019E+08  5.87526797359E+05 -1.65601568881E+03   4.37957830              396  0.27388    
       39500  -4.65941739         1295336.        0.000000       -30660.04     -9.73026425703E+08  5.87570778667E+05 -1.65601568531E+03   4.37775735              398  0.27446    
       39600  -4.66040547         1295678.        0.000000       -30648.26     -9.73372259221E+08  5.87779611357E+05 -1.65601569094E+03   4.37794163              398  0.27390    
       39700  -4.66037762         1295618.        0.000000       -30643.80     -9.73439963626E+08  5.87820495979E+05 -1.65601568895E+03   4.37890394              398  0.27600    
       39800  -4.66032270         1295586.        0.000000       -30643.67     -9.73367196273E+08  5.87776556116E+05 -1.65601568512E+03   4.37874214              397  0.27409    
       39900  -4.66136006         1295977.        0.000000       -30636.69     -9.73451680596E+08  5.87827572050E+05 -1.65601568705E+03   4.37836726              398  0.27568    
       40000  -4.66094787         1295709.        0.000000       -30683.29     -9.73440354465E+08  5.87820732959E+05 -1.65601568622E+03   4.37895688              398  0.27490    
       40100  -4.66120827         1295908.        0.000000       -30681.21     -9.73489161229E+08  5.87850204229E+05 -1.65601568942E+03   4.37793116              397  0.27630    
       40200  -4.66219557         1295666.        0.000000       -30675.18     -9.73698216808E+08  5.87976443246E+05 -1.65601569245E+03   4.37995472              398  0.27990    
       40300  -4.66130980         1295844.        0.000000       -30657.42     -9.73452327114E+08  5.87827961427E+05 -1.65601568995E+03   4.37861718              398  0.27882    
       40400  -4.66203908         1296318.        0.000000       -30668.63     -9.73675106012E+08  5.87962488380E+05 -1.65601569021E+03   4.37798861              398  0.27679    
       40500  -4.66238215         1295967.        0.000000       -30639.07     -9.73747400046E+08  5.88006145292E+05 -1.65601568596E+03   4.37916505              398  0.27515    
       40600  -4.66109837         1295590.        0.000000       -30608.21     -9.73385741380E+08  5.87787751755E+05 -1.65601569354E+03   4.37981182              398  0.27412    
       40700  -4.66021996         1295428.        0.000000       -30639.31     -9.73153547136E+08  5.87647542026E+05 -1.65601568549E+03   4.37892056              399  0.27421    
       40800  -4.66053931         1295709.        0.000000       -30683.54     -9.73236139784E+08  5.87697417596E+05 -1.65601568196E+03   4.37883888              398  0.27336    
       40900  -4.66041294         1295485.        0.000000       -30645.76     -9.73105400685E+08  5.87618470901E+05 -1.65601567832E+03   4.37933192              397  0.27512    
       41000  -4.66044209         1295591.        0.000000       -30665.46     -9.73036413033E+08  5.87576810087E+05 -1.65601568396E+03   4.37883956              399  0.27500    
       41100  -4.66047996         1295594.        0.000000       -30661.71     -9.73065257092E+08  5.87594227655E+05 -1.65601568446E+03   4.37889918              398  0.27590    
       41200  -4.66187239         1296181.        0.000000       -30716.79     -9.73341185527E+08  5.87760847659E+05 -1.65601568972E+03   4.37791569              397  0.27643    
       41300  -4.66192172         1295746.        0.000000       -30704.80     -9.73393642308E+08  5.87792525712E+05 -1.65601568535E+03   4.37926316              398  0.27558    
       41400  -4.66066321         1295674.        0.000000       -30712.88     -9.73203357185E+08  5.87677621743E+05 -1.65601568135E+03   4.37908494              397  0.27384    
       41500  -4.65968418         1295375.        0.000000       -30672.90     -9.72946633795E+08  5.87522597190E+05 -1.65601568084E+03   4.37933660              398  0.27527    
       41600  -4.65983374         1295115.        0.000000       -30723.76     -9.72964029374E+08  5.87533100460E+05 -1.65601568424E+03   4.37935972              397  0.27539    
       41700  -4.65942969         1295215.        0.000000       -30668.61     -9.72935503783E+08  5.87515873757E+05 -1.65601568782E+03   4.37912804              397  0.27929    
       41800  -4.65880377         1294860.        0.000000       -30655.62     -9.72900963844E+08  5.87495014061E+05 -1.65601569470E+03   4.37973382              398  0.27592    
       41900  -4.65753501         1294779.        0.000000       -30659.84     -9.72701269163E+08  5.87374427883E+05 -1.65601569116E+03   4.37871537              396  0.27577    
       42000  -4.65776749         1295016.        0.000000       -30694.29     -9.72852797300E+08  5.87465928074E+05 -1.65601569523E+03   4.37872032              399  0.27435    
       42100  -4.65927841         1295396.        0.000000       -30719.06     -9.73093582722E+08  5.87611329995E+05 -1.65601569107E+03   4.37838102              399  0.27381    
       42200  -4.65952389         1295192.        0.000000       -30736.68     -9.73253335631E+08  5.87707797770E+05 -1.65601569236E+03   4.37885302              398  0.27609    
       42300  -4.65942467         1295519.        0.000000       -30706.04     -9.73404422013E+08  5.87799031297E+05 -1.65601569616E+03   4.37836710              398  0.27512    
       42400  -4.66067509         1295713.        0.000000       -30736.38     -9.73653147737E+08  5.87949228469E+05 -1.65601569080E+03   4.37831359              399  0.27657    
       42500  -4.66059218         1295636.        0.000000       -30719.88     -9.73684293625E+08  5.87968035551E+05 -1.65601569261E+03   4.37914560              398  0.27474    
       42600  -4.66069621         1295527.        0.000000       -30701.51     -9.73600719916E+08  5.87917568744E+05 -1.65601569281E+03   4.37978128              397  0.27497    
       42700  -4.66056225         1295439.        0.000000       -30701.14     -9.73455732453E+08  5.87830016703E+05 -1.65601569296E+03   4.37948534              398  0.27965    
       42800  -4.66043265         1295461.        0.000000       -30744.55     -9.73381105430E+08  5.87784953210E+05 -1.65601569097E+03   4.37886059              398  0.27388    
       42900  -4.66024004         1295539.        0.000000       -30717.42     -9.73377615864E+08  5.87782844235E+05 -1.65601569595E+03   4.37865036              398  0.27371    
       43000  -4.66217294         1296273.        0.000000       -30719.36     -9.73678322474E+08  5.87964431427E+05 -1.65601568808E+03   4.37821321              399  0.27424    
       43100  -4.66198327         1295625.        0.000000       -30666.70     -9.73554972454E+08  5.87889948475E+05 -1.65601567943E+03   4.38031407              397  0.27566    
       43200  -4.66102493         1295539.        0.000000       -30652.71     -9.73274641778E+08  5.87720666947E+05 -1.65601568315E+03   4.37920756              398  0.28206    
       43300  -4.65993039         1295241.        0.000000       -30650.65     -9.73034966223E+08  5.87575937409E+05 -1.65601568116E+03   4.37947543              399  0.27466    
       43400  -4.65948650         1295238.        0.000000       -30652.30     -9.72853479576E+08  5.87466345080E+05 -1.65601568111E+03   4.37907533              398  0.27500    
       43500  -4.65962719         1295333.        0.000000       -30666.38     -9.72879003691E+08  5.87481756455E+05 -1.65601568559E+03   4.37834910              398  0.27520    
       43600  -4.65949912         1295496.        0.000000       -30652.62     -9.72855299255E+08  5.87467444786E+05 -1.65601567864E+03   4.37876221              398  0.27496    
       43700  -4.66062267         1295700.        0.000000       -30656.97     -9.72974825808E+08  5.87539619815E+05 -1.65601568472E+03   4.37837217              398  0.27479    
       43800  -4.66065352         1295458.        0.000000       -30665.07     -9.73066471905E+08  5.87594959282E+05 -1.65601568995E+03   4.37942748              397  0.27566    
       43900  -4.65926710         1295256.        0.000000       -30679.81     -9.72787294294E+08  5.87426374162E+05 -1.65601569334E+03   4.37882841              398  0.27796    
       44000  -4.65845977         1295013.        0.000000       -30691.28     -9.72584401028E+08  5.87303856499E+05 -1.65601568978E+03   4.37915675              398  0.27451    
       44100  -4.65864030         1295194.        0.000000       -30700.73     -9.72664028155E+08  5.87351941374E+05 -1.65601568606E+03   4.37853323              398  0.27361    
       44200  -4.65960978         1295401.        0.000000       -30705.13     -9.72861613514E+08  5.87471256009E+05 -1.65601568343E+03   4.37845704              398  0.27862    
       44300  -4.65962893         1295204.        0.000000       -30704.11     -9.72902703495E+08  5.87496065802E+05 -1.65601569121E+03   4.37875105              398  0.27876    
       44400  -4.65888592         1295163.        0.000000       -30710.12     -9.72951645110E+08  5.87525622510E+05 -1.65601568312E+03   4.37864416              397  0.27722    
       44500  -4.66002383         1295570.        0.000000       -30706.38     -9.73300219413E+08  5.87736111746E+05 -1.65601568453E+03   4.37811912              399  0.27426    
       44600  -4.66042485         1295574.        0.000000       -30712.45     -9.73449789820E+08  5.87826431069E+05 -1.65601568485E+03   4.37855718              398  0.27434    
       44700  -4.65974142         1295159.        0.000000       -30647.41     -9.73342438354E+08  5.87761606435E+05 -1.65601568340E+03   4.37981343              397  0.27542    
       44800  -4.65888212         1294906.        0.000000       -30661.21     -9.73160962197E+08  5.87652019091E+05 -1.65601568714E+03   4.37907706              399  0.27665    
       44900  -4.65754047         1294960.        0.000000       -30622.17     -9.73048139977E+08  5.87583891034E+05 -1.65601568529E+03   4.37865809              398  0.27548    
       45000  -4.65929237         1295436.        0.000000       -30603.28     -9.73215847479E+08  5.87685163456E+05 -1.65601568322E+03   4.37850123              398  0.27584    
       45100  -4.65902031         1295062.        0.000000       -30627.40     -9.73169710380E+08  5.87657300837E+05 -1.65601568975E+03   4.37924161              398  0.27668    
       45200  -4.66004955         1295734.        0.000000       -30601.30     -9.73293408059E+08  5.87731995358E+05 -1.65601569380E+03   4.37846439              398  0.27719    
       45300  -4.66063742         1295640.        0.000000       -30609.50     -9.73449183979E+08  5.87826062808E+05 -1.65601569166E+03   4.37876136              398  0.27443    
       45400  -4.66079861         1295684.        0.000000       -30643.70     -9.73514788081E+08  5.87865678621E+05 -1.65601569114E+03   4.37904879              398  0.27604    
       45500  -4.66180504         1296010.        0.000000       -30682.35     -9.73638130716E+08  5.87940160485E+05 -1.65601569029E+03   4.37862020              398  0.27459    
       45600  -4.66214520         1295870.        0.000000       -30670.86     -9.73627437432E+08  5.87933702915E+05 -1.65601569123E+03   4.37994929              397  0.27393    
       45700  -4.66023690         1295336.        0.000000       -30709.00     -9.73220630682E+08  5.87688050232E+05 -1.65601568774E+03   4.37945078              397  0.27411    
       45800  -4.65890291         1295032.        0.000000       -30730.14     -9.73081985099E+08  5.87604327488E+05 -1.65601568875E+03   4.37861973              398  0.27548    
       45900  -4.65870186         1295333.        0.000000       -30693.48     -9.73132001453E+08  5.87634530038E+05 -1.65601568953E+03   4.37847871              398  0.27538    
       46000  -4.65966400         1295546.        0.000000       -30666.05     -9.73324019386E+08  5.87750483946E+05 -1.65601568348E+03   4.37896070              398  0.27432    
       46100  -4.66012556         1295357.        0.000000       -30650.27     -9.73165711203E+08  5.87654886693E+05 -1.65601568751E+03   4.37985391              398  0.27675    
       46200  -4.65958297         1295202.        0.000000       -30665.32     -9.72934433269E+08  5.87515226824E+05 -1.65601568921E+03   4.37942199              398  0.27353    
       46300  -4.65898583         1295146.        0.000000       -30627.27     -9.72765208292E+08  5.87413038340E+05 -1.65601569049E+03   4.37923544              398  0.27582    
       46400  -4.65946203         1295684.        0.000000       -30679.55     -9.72805353071E+08  5.87437282206E+05 -1.65601568463E+03   4.37726913              398  0.27369    
       46500  -4.66102926         1295969.        0.000000       -30693.16     -9.73202033759E+08  5.87676819026E+05 -1.65601569136E+03   4.37800874              398  0.27753    
       46600  -4.66245473         1296038.        0.000000       -30706.83     -9.73551015076E+08  5.87887555571E+05 -1.65601568846E+03   4.37909693              398  0.27447    
       46700  -4.66063144         1295532.        0.000000       -30741.47     -9.73277200746E+08  5.87722209979E+05 -1.65601568942E+03   4.37883992              397  0.27983    
       46800  -4.65976823         1295069.        0.000000       -30748.17     -9.73187279612E+08  5.87667910954E+05 -1.65601568755E+03   4.37972880              399  0.27478    
       46900  -4.65953646         1295570.        0.000000       -30759.21     -9.73142799410E+08  5.87641053357E+05 -1.65601568143E+03   4.37768928              397  0.27492    
       47000  -4.66137181         1296076.        0.000000       -30701.34     -9.73573747220E+08  5.87901284072E+05 -1.65601568426E+03   4.37811197              399  0.27457    
       47100  -4.66228639         1295986.        0.000000       -30667.98     -9.73654366588E+08  5.87949965607E+05 -1.65601568763E+03   4.37933156              397  0.27819    
       47200  -4.66176619         1295721.        0.000000       -30696.69     -9.73454727202E+08  5.87829411898E+05 -1.65601568669E+03   4.37985936              398  0.28008    
       47300  -4.66169637         1295738.        0.000000       -30666.12     -9.73334457099E+08  5.87756787605E+05 -1.65601568136E+03   4.37939526              400  0.27446    
       47400  -4.66075432         1295367.        0.000000       -30633.43     -9.73087377689E+08  5.87607587280E+05 -1.65601567909E+03   4.37997361              397  0.27464    
       47500  -4.65904984         1295388.        0.000000       -30607.13     -9.72703267543E+08  5.87375636014E+05 -1.65601568724E+03   4.37855555              398  0.27391    
       47600  -4.65889643         1295166.        0.000000       -30637.88     -9.72778334658E+08  5.87420964156E+05 -1.65601569235E+03   4.37893958              398  0.28073    
       47700  -4.65892631         1295149.        0.000000       -30698.99     -9.72901126416E+08  5.87495111406E+05 -1.65601569703E+03   4.37870896              398  0.27579    
       47800  -4.65920823         1295174.        0.000000       -30645.41     -9.73031455145E+08  5.87573812035E+05 -1.65601569575E+03   4.37922295              397  0.27450    
       47900  -4.65939695         1295301.        0.000000       -30654.29     -9.73140073135E+08  5.87639403400E+05 -1.65601569178E+03   4.37820163              398  0.27747    
       48000  -4.66043439         1295907.        0.000000       -30634.95     -9.73453581809E+08  5.87828718992E+05 -1.65601569021E+03   4.37814548              398  0.27549    
       48100  -4.66144098         1295984.        0.000000       -30630.43     -9.73662064528E+08  5.87954613899E+05 -1.65601568814E+03   4.37839939              397  0.27535    
       48200  -4.66203737         1296055.        0.000000       -30641.97     -9.73813062322E+08  5.88045794953E+05 -1.65601568905E+03   4.37857427              398  0.27594    
       48300  -4.66184824         1295573.        0.000000       -30639.80     -9.73710313468E+08  5.87983749331E+05 -1.65601568849E+03   4.37998488              398  0.27577    
       48400  -4.65983191         1295162.        0.000000       -30666.71     -9.73385872390E+08  5.87787833891E+05 -1.65601568502E+03   4.37951341              399  0.27903    
       48500  -4.65988181         1295564.        0.000000       -30649.98     -9.73321131389E+08  5.87748736981E+05 -1.65601569199E+03   4.37881062              398  0.27703    
       48600  -4.66037114         1295592.        0.000000       -30634.43     -9.73306946829E+08  5.87740172677E+05 -1.65601568869E+03   4.37835175              398  0.27537    
       48700  -4.66171991         1296037.        0.000000       -30666.81     -9.73563960247E+08  5.87895372687E+05 -1.65601568830E+03   4.37861091              398  0.27883    
       48800  -4.66173854         1295769.        0.000000       -30641.42     -9.73441840933E+08  5.87821629608E+05 -1.65601568895E+03   4.38054598              397  0.27412    
       48900  -4.65986151         1295409.        0.000000       -30631.32     -9.72894189540E+08  5.87490924950E+05 -1.65601569015E+03   4.37886652              398  0.27573    
       49000  -4.65961943         1295101.        0.000000       -30605.24     -9.72993298264E+08  5.87550775399E+05 -1.65601568239E+03   4.37950052              398  0.27353    
       49100  -4.65868003         1295019.        0.000000       -30581.98     -9.72835000483E+08  5.87455184671E+05 -1.65601568574E+03   4.37916951              398  0.27472    
       49200  -4.65901734         1295376.        0.000000       -30623.77     -9.72824609014E+08  5.87448907961E+05 -1.65601569061E+03   4.37814050              397  0.27409    
       49300  -4.65927903         1295041.        0.000000       -30674.23     -9.72870468724E+08  5.87476599933E+05 -1.65601569294E+03   4.37971949              399  0.27530    
       49400  -4.65735389         1294637.        0.000000       -30739.48     -9.72573905297E+08  5.87297519049E+05 -1.65601568839E+03   4.37899508              398  0.27379    
       49500  -4.65782472         1295097.        0.000000       -30736.84     -9.72721423825E+08  5.87386600633E+05 -1.65601568503E+03   4.37819019              399  0.27420    
       49600  -4.65792209         1294810.        0.000000       -30672.98     -9.72755077860E+08  5.87406923721E+05 -1.65601568279E+03   4.37888136              397  0.27803    
       49700  -4.65780727         1294975.        0.000000       -30691.12     -9.72809579452E+08  5.87439837473E+05 -1.65601567581E+03   4.37845520              398  0.27957    
       49800  -4.65785287         1294957.        0.000000       -30646.29     -9.72833273757E+08  5.87454143482E+05 -1.65601568148E+03   4.37908030              398  0.27587    
       49900  -4.65793715         1294639.        0.000000       -30662.58     -9.72815287480E+08  5.87443280770E+05 -1.65601568581E+03   4.37939608              398  0.27510    
       50000  -4.65852657         1295409.        0.000000       -30654.58     -9.72886168392E+08  5.87486082486E+05 -1.65601568683E+03   4.37804022              398  0.27507    
       50100  -4.65927516         1295244.        0.000000       -30642.76     -9.73034924271E+08  5.87575911217E+05 -1.65601568358E+03   4.37909343              398  0.27346    
       50200  -4.65986243         1295499.        0.000000       -30644.84     -9.73106471305E+08  5.87619116084E+05 -1.65601568205E+03   4.37868226              397  0.27666    
       50300  -4.66096136         1295949.        0.000000       -30638.99     -9.73409978873E+08  5.87802392089E+05 -1.65601568142E+03   4.37845589              397  0.27534    
       50400  -4.66116170         1295517.        0.000000       -30638.17     -9.73376342299E+08  5.87782078024E+05 -1.65601568794E+03   4.37953903              397  0.27364    
       50500  -4.66067696         1295693.        0.000000       -30657.87     -9.73373137818E+08  5.87780142372E+05 -1.65601568963E+03   4.37921788              398  0.27355    
       50600  -4.66161790         1296116.        0.000000       -30685.72     -9.73474766018E+08  5.87841513026E+05 -1.65601568526E+03   4.37847553              396  0.27444    
       50700  -4.66146019         1295686.        0.000000       -30654.30     -9.73362666032E+08  5.87773821186E+05 -1.65601568315E+03   4.37967743              398  0.27743    
       50800  -4.65984912         1295389.        0.000000       -30651.73     -9.72988119767E+08  5.87547646592E+05 -1.65601568726E+03   4.37923154              398  0.27368    
       50900  -4.65951448         1295198.        0.000000       -30661.13     -9.72786472392E+08  5.87425879639E+05 -1.65601568830E+03   4.37897903              398  0.27780    
       51000  -4.65937220         1295225.        0.000000       -30606.95     -9.72730216370E+08  5.87391909122E+05 -1.65601568776E+03   4.37902660              396  0.27383    
       51100  -4.65985141         1295428.        0.000000       -30611.47     -9.72799944705E+08  5.87434014791E+05 -1.65601568893E+03   4.37922643              398  0.27322    
       51200  -4.65910731         1294923.        0.000000       -30603.83     -9.72604700099E+08  5.87316113548E+05 -1.65601569183E+03   4.37936679              397  0.27480    
       51300  -4.65831742         1294879.        0.000000       -30645.63     -9.72661489053E+08  5.87350406363E+05 -1.65601569100E+03   4.37891217              398  0.27512    
       51400  -4.65789517         1295070.        0.000000       -30618.99     -9.72650472250E+08  5.87343754361E+05 -1.65601568933E+03   4.37811299              398  0.27539    
       51500  -4.65814379         1295034.        0.000000       -30632.03     -9.72684502304E+08  5.87364305207E+05 -1.65601568512E+03   4.37888181              398  0.27408    
       51600  -4.65951361         1295415.        0.000000       -30666.62     -9.72974959593E+08  5.87539701196E+05 -1.65601568305E+03   4.37829020              398  0.27408    
       51700  -4.66077989         1295660.        0.000000       -30652.60     -9.73305391425E+08  5.87739236876E+05 -1.65601567899E+03   4.37881092              397  0.28000    
       51800  -4.66020719         1295264.        0.000000       -30653.69     -9.73191940105E+08  5.87670726255E+05 -1.65601568468E+03   4.37974834              398  0.27636    
       51900  -4.65800939         1294889.        0.000000       -30676.23     -9.72713354676E+08  5.87381727777E+05 -1.65601568567E+03   4.37912492              398  0.27744    
       52000  -4.65774528         1294667.        0.000000       -30691.75     -9.72640548801E+08  5.87337760227E+05 -1.65601569432E+03   4.37899005              397  0.27533    
       52100  -4.65778641         1294803.        0.000000       -30648.94     -9.72575849348E+08  5.87298691559E+05 -1.65601569240E+03   4.37910523              398  0.27466    
       52200  -4.65769764         1295042.        0.000000       -30638.16     -9.72383295122E+08  5.87182415344E+05 -1.65601569412E+03   4.37887848              398  0.27475    
       52300  -4.65896727         1295272.        0.000000       -30660.60     -9.72536983840E+08  5.87275223403E+05 -1.65601568921E+03   4.37825289              398  0.27878    
       52400  -4.65996793         1295580.        0.000000       -30685.95     -9.72823800183E+08  5.87448420049E+05 -1.65601568918E+03   4.37777840              399  0.27879    
       52500  -4.66128906         1295876.        0.000000       -30724.26     -9.73189765374E+08  5.87669411858E+05 -1.65601568796E+03   4.37859244              397  0.27393    
       52600  -4.66050597         1295430.        0.000000       -30697.61     -9.73122894660E+08  5.87629030921E+05 -1.65601568924E+03   4.37921764              399  0.27448    
       52700  -4.65979254         1295378.        0.000000       -30732.11     -9.73005560613E+08  5.87558176077E+05 -1.65601569382E+03   4.37863698              399  0.27407    
       52800  -4.65954760         1295229.        0.000000       -30743.86     -9.73128884904E+08  5.87632647365E+05 -1.65601569155E+03   4.37926464              397  0.27471    
       52900  -4.65928314         1295306.        0.000000       -30715.90     -9.73117469823E+08  5.87625753450E+05 -1.65601569385E+03   4.37845988              396  0.27487    
       53000  -4.65965903         1295429.        0.000000       -30725.34     -9.73300213244E+08  5.87736104975E+05 -1.65601569311E+03   4.37856482              397  0.27776    
       53100  -4.66059309         1295672.        0.000000       -30761.97     -9.73453754027E+08  5.87828823049E+05 -1.65601569004E+03   4.37867014              399  0.27407    
       53200  -4.65970771         1295563.        0.000000       -30724.70     -9.73228873228E+08  5.87693027414E+05 -1.65601568817E+03   4.37897306              398  0.27364    
       53300  -4.66035773         1295466.        0.000000       -30711.51     -9.73324575746E+08  5.87750818686E+05 -1.65601568692E+03   4.37838755              398  0.27834    
       53400  -4.66038913         1295648.        0.000000       -30709.34     -9.73387445123E+08  5.87788781986E+05 -1.65601568957E+03   4.37865194              398  0.27424    
       53500  -4.66072904         1295798.        0.000000       -30665.60     -9.73404711136E+08  5.87799206959E+05 -1.65601569313E+03   4.37888449              397  0.27499    
       53600  -4.66011025         1295287.        0.000000       -30683.40     -9.73238062922E+08  5.87698573001E+05 -1.65601569858E+03   4.37920985              397  0.27510    
       53700  -4.65830033         1294797.        0.000000       -30639.48     -9.72922294737E+08  5.87507896849E+05 -1.65601568925E+03   4.37932179              397  0.27693    
       53800  -4.65830276         1295121.        0.000000       -30659.30     -9.72900068057E+08  5.87494473544E+05 -1.65601569354E+03   4.37870105              398  0.27383    
       53900  -4.65907237         1295529.        0.000000       -30623.45     -9.73035582155E+08  5.87576305954E+05 -1.65601569072E+03   4.37813562              398  0.27689    
       54000  -4.66079837         1295816.        0.000000       -30653.38     -9.73267028351E+08  5.87716068593E+05 -1.65601568574E+03   4.37862621              399  0.27641    
       54100  -4.66054093         1295576.        0.000000       -30650.08     -9.73099090520E+08  5.87614658499E+05 -1.65601568383E+03   4.37897030              398  0.27548    
       54200  -4.66062396         1295408.        0.000000       -30647.76     -9.73101171616E+08  5.87615915466E+05 -1.65601568304E+03   4.37947206              398  0.27472    
       54300  -4.65998143         1295313.        0.000000       -30681.48     -9.73010394495E+08  5.87561097870E+05 -1.65601568590E+03   4.37935788              398  0.27558    
       54400  -4.65950023         1295603.        0.000000       -30721.11     -9.73072678845E+08  5.87598709577E+05 -1.65601568381E+03   4.37800880              398  0.27497    
       54500  -4.66113915         1296102.        0.000000       -30728.17     -9.73418850415E+08  5.87807747139E+05 -1.65601568736E+03   4.37769255              398  0.27897    
       54600  -4.66181190         1295701.        0.000000       -30706.97     -9.73675746863E+08  5.87962876241E+05 -1.65601568774E+03   4.37920474              398  0.27983    
       54700  -4.66030112         1295526.        0.000000       -30685.61     -9.73394500823E+08  5.87793041328E+05 -1.65601569325E+03   4.37861193              398  0.27591    
       54800  -4.65990658         1295169.        0.000000       -30693.88     -9.73390401654E+08  5.87790568396E+05 -1.65601568652E+03   4.37927259              397  0.27813    
       54900  -4.65982155         1295441.        0.000000       -30711.66     -9.73392142831E+08  5.87791619404E+05 -1.65601568770E+03   4.37880911              399  0.27527    
       55000  -4.66013369         1295550.        0.000000       -30711.62     -9.73396208348E+08  5.87794075928E+05 -1.65601568340E+03   4.37914063              398  0.27852    
       55100  -4.66020879         1295423.        0.000000       -30683.93     -9.73281644562E+08  5.87724894934E+05 -1.65601568515E+03   4.37888970              400  0.27498    
       55200  -4.66026357         1295493.        0.000000       -30707.56     -9.73342037431E+08  5.87761363419E+05 -1.65601568597E+03   4.37833857              398  0.27595    
       55300  -4.66133949         1295648.        0.000000       -30729.54     -9.73507183283E+08  5.87861088613E+05 -1.65601568490E+03   4.37930671              396  0.27519    
       55400  -4.66000462         1295172.        0.000000       -30693.00     -9.73223376406E+08  5.87689706503E+05 -1.65601569270E+03   4.37974534              397  0.27457    
       55500  -4.65910672         1295344.        0.000000       -30682.62     -9.73033868388E+08  5.87575272298E+05 -1.65601568729E+03   4.37918645              398  0.27481    
       55600  -4.66015529         1295540.        0.000000       -30649.84     -9.73073030838E+08  5.87598919395E+05 -1.65601569152E+03   4.37895210              397  0.27405    
       55700  -4.65997153         1295155.        0.000000       -30682.89     -9.72951023225E+08  5.87525242987E+05 -1.65601569437E+03   4.37943922              398  0.27347    
       55800  -4.65924264         1295433.        0.000000       -30730.69     -9.72991088698E+08  5.87549437714E+05 -1.65601569203E+03   4.37772576              398  0.27561    
       55900  -4.65914779         1295324.        0.000000       -30700.64     -9.72982674590E+08  5.87544357838E+05 -1.65601568905E+03   4.37884825              398  0.27721    
       56000  -4.65906827         1295270.        0.000000       -30723.30     -9.72967525825E+08  5.87535211205E+05 -1.65601568599E+03   4.37891259              397  0.27705    
       56100  -4.66030628         1295583.        0.000000       -30719.40     -9.73031809832E+08  5.87574029358E+05 -1.65601568690E+03   4.37876690              397  0.27393    
       56200  -4.66107151         1295707.        0.000000       -30706.91     -9.73190714875E+08  5.87669986567E+05 -1.65601568418E+03   4.37857985              399  0.27642    
       56300  -4.66011801         1295344.        0.000000       -30669.40     -9.73081809795E+08  5.87604221487E+05 -1.65601568915E+03   4.37947295              397  0.27839    
       56400  -4.65905214         1295093.        0.000000       -30655.19     -9.72771912464E+08  5.87417087848E+05 -1.65601568730E+03   4.37974226              398  0.27855    
       56500  -4.65989250         1295598.        0.000000       -30655.95     -9.72812848474E+08  5.87441808133E+05 -1.65601568531E+03   4.37840501              399  0.27801    
       56600  -4.66024593         1295380.        0.000000       -30645.64     -9.72824182017E+08  5.87448652833E+05 -1.65601568295E+03   4.37905017              398  0.27541    
       56700  -4.66000079         1295538.        0.000000       -30645.22     -9.72898303097E+08  5.87493411498E+05 -1.65601568299E+03   4.37827433              397  0.27463    
       56800  -4.66046735         1295549.        0.000000       -30655.70     -9.73028634383E+08  5.87572111961E+05 -1.65601568654E+03   4.37845387              398  0.27539    
       56900  -4.65949935         1295459.        0.000000       -30615.16     -9.72945590186E+08  5.87521965996E+05 -1.65601568366E+03   4.37888350              398  0.27444    
       57000  -4.66006970         1295526.        0.000000       -30662.92     -9.73042990176E+08  5.87580781053E+05 -1.65601568593E+03   4.37878879              398  0.27507    
       57100  -4.65964663         1295255.        0.000000       -30664.19     -9.72927398155E+08  5.87510978632E+05 -1.65601568914E+03   4.37943465              398  0.27498    
       57200  -4.65916564         1295426.        0.000000       -30685.37     -9.72900400248E+08  5.87494674382E+05 -1.65601569286E+03   4.37817907              399  0.27780    
       57300  -4.65976163         1295394.        0.000000       -30672.55     -9.72989543256E+08  5.87548505130E+05 -1.65601569021E+03   4.37867735              397  0.27893    
       57400  -4.65985505         1295451.        0.000000       -30701.04     -9.73019901346E+08  5.87566839563E+05 -1.65601568337E+03   4.37869084              398  0.27654    
       57500  -4.65961991         1295409.        0.000000       -30711.27     -9.72966065908E+08  5.87534330226E+05 -1.65601568428E+03   4.37935465              398  0.27401    
       57600  -4.65977015         1295409.        0.000000       -30680.88     -9.72979200881E+08  5.87542261325E+05 -1.65601568590E+03   4.37883763              398  0.28112    
       57700  -4.66052057         1295676.        0.000000       -30706.53     -9.73200387513E+08  5.87675825937E+05 -1.65601568852E+03   4.37809329              397  0.27807    
       57800  -4.66003430         1295197.        0.000000       -30693.76     -9.73276542429E+08  5.87721812356E+05 -1.65601568968E+03   4.37972779              399  0.27874    
       57900  -4.65850012         1294931.        0.000000       -30700.48     -9.72946289413E+08  5.87522388553E+05 -1.65601568275E+03   4.37955742              399  0.27546    
       58000  -4.65833435         1295095.        0.000000       -30697.91     -9.72756896020E+08  5.87408022076E+05 -1.65601568154E+03   4.37836924              398  0.27741    
       58100  -4.65916600         1295389.        0.000000       -30694.76     -9.72978260696E+08  5.87541693525E+05 -1.65601568607E+03   4.37839839              398  0.27790    
       58200  -4.65963293         1295333.        0.000000       -30685.48     -9.72997269596E+08  5.87553170646E+05 -1.65601569051E+03   4.37901232              398  0.27873    
       58300  -4.65934433         1295452.        0.000000       -30684.71     -9.72941246777E+08  5.87519338337E+05 -1.65601569734E+03   4.37841011              398  0.27451    
       58400  -4.66035036         1295739.        0.000000       -30693.53     -9.73091287795E+08  5.87609943170E+05 -1.65601569392E+03   4.37828631              397  0.27911    
       58500  -4.66035013         1295490.        0.000000       -30677.84     -9.73074575448E+08  5.87599851523E+05 -1.65601569321E+03   4.37926690              397  0.27781    
       58600  -4.66029045         1295638.        0.000000       -30662.28     -9.73022230679E+08  5.87568244514E+05 -1.65601568799E+03   4.37875315              398  0.27459    
       58700  -4.65977435         1295327.        0.000000       -30662.38     -9.72820455642E+08  5.87446400479E+05 -1.65601568900E+03   4.37925497              399  0.27535    
       58800  -4.65957428         1295414.        0.000000       -30683.96     -9.72828701358E+08  5.87451378751E+05 -1.65601569176E+03   4.37851002              398  0.27491    
       58900  -4.66033638         1295733.        0.000000       -30681.88     -9.73025995070E+08  5.87570516679E+05 -1.65601569080E+03   4.37791099              398  0.27474    
       59000  -4.66150645         1295879.        0.000000       -30697.59     -9.73413366675E+08  5.87804434801E+05 -1.65601568999E+03   4.37840135              399  0.27557    
       59100  -4.66146893         1295653.        0.000000       -30707.26     -9.73502092572E+08  5.87858012585E+05 -1.65601569041E+03   4.37911556              399  0.27426    
       59200  -4.66061122         1295353.        0.000000       -30688.05     -9.73277308460E+08  5.87722274545E+05 -1.65601569077E+03   4.37975155              398  0.27565    
       59300  -4.65880347         1294874.        0.000000       -30647.45     -9.72889547570E+08  5.87488121490E+05 -1.65601569118E+03   4.38011141              397  0.27709    
       59400  -4.65797392         1295237.        0.000000       -30657.58     -9.72684569753E+08  5.87364345703E+05 -1.65601568578E+03   4.37787758              398  0.27619    
       59500  -4.66037887         1295641.        0.000000       -30686.67     -9.73135586702E+08  5.87636695378E+05 -1.65601568853E+03   4.37828765              398  0.27375    
       59600  -4.66050214         1295339.        0.000000       -30717.44     -9.73194011926E+08  5.87671977670E+05 -1.65601568376E+03   4.38012833              398  0.27417    
       59700  -4.65868491         1295251.        0.000000       -30719.30     -9.72831205255E+08  5.87452895731E+05 -1.65601567772E+03   4.37825793              397  0.27905    
       59800  -4.65897843         1295234.        0.000000       -30693.85     -9.72961320191E+08  5.87531466425E+05 -1.65601567880E+03   4.37856031              399  0.27559    
       59900  -4.65948459         1295232.        0.000000       -30652.38     -9.73065385353E+08  5.87594306792E+05 -1.65601567971E+03   4.37899860              398  0.27526    
       60000  -4.66003222         1295463.        0.000000       -30669.24     -9.73199081766E+08  5.87675040075E+05 -1.65601568112E+03   4.37884496              398  0.27576    
       60100  -4.65943270         1295245.        0.000000       -30650.58     -9.73055999657E+08  5.87588638756E+05 -1.65601568083E+03   4.37855856              398  0.27790    
       60200  -4.65928151         1295291.        0.000000       -30665.21     -9.73116281154E+08  5.87625040657E+05 -1.65601567977E+03   4.37892512              398  0.27952    
       60300  -4.66069551         1295788.        0.000000       -30706.10     -9.73253676461E+08  5.87708007716E+05 -1.65601568072E+03   4.37844664              397  0.27908    
       60400  -4.66094216         1295327.        0.000000       -30673.07     -9.73207823672E+08  5.87680317730E+05 -1.65601568457E+03   4.37981132              399  0.27450    
       60500  -4.65939278         1294956.        0.000000       -30650.89     -9.72971229333E+08  5.87537449081E+05 -1.65601568182E+03   4.38032020              396  0.28121    
       60600  -4.65779830         1294791.        0.000000       -30680.48     -9.72558991337E+08  5.87288515381E+05 -1.65601568201E+03   4.37926019              398  0.27473    
       60700  -4.65830168         1295275.        0.000000       -30668.80     -9.72625604360E+08  5.87328736966E+05 -1.65601569129E+03   4.37788316              398  0.28240    
       60800  -4.65920193         1295161.        0.000000       -30681.80     -9.72812811617E+08  5.87441784610E+05 -1.65601568888E+03   4.37933688              397  0.28465    
       60900  -4.65834555         1294850.        0.000000       -30687.03     -9.72660057660E+08  5.87349543656E+05 -1.65601568634E+03   4.37947370              398  0.27363    
       61000  -4.65867085         1295419.        0.000000       -30684.65     -9.72806974734E+08  5.87438261809E+05 -1.65601568365E+03   4.37734607              398  0.27867    
       61100  -4.66118624         1296130.        0.000000       -30752.13     -9.73504804599E+08  5.87859653098E+05 -1.65601568243E+03   4.37745164              398  0.27627    
       61200  -4.66183381         1295812.        0.000000       -30713.23     -9.73739531583E+08  5.88001394586E+05 -1.65601568389E+03   4.37912980              397  0.27457    
       61300  -4.66125659         1295752.        0.000000       -30709.41     -9.73659694944E+08  5.87953185204E+05 -1.65601568194E+03   4.37876824              398  0.27538    
       61400  -4.66203351         1295824.        0.000000       -30683.19     -9.73767126618E+08  5.88018058462E+05 -1.65601568286E+03   4.37970077              398  0.27428    
       61500  -4.66087698         1295497.        0.000000       -30691.39     -9.73514498444E+08  5.87865503923E+05 -1.65601569057E+03   4.37922895              398  0.27578    
       61600  -4.66026570         1295292.        0.000000       -30675.60     -9.73340518603E+08  5.87760446342E+05 -1.65601568575E+03   4.38023404              397  0.27559    
       61700  -4.65915039         1295286.        0.000000       -30680.38     -9.73013412600E+08  5.87562920677E+05 -1.65601568506E+03   4.37915689              398  0.27780    
       61800  -4.65973504         1295687.        0.000000       -30667.83     -9.73123319873E+08  5.87629289350E+05 -1.65601568456E+03   4.37784140              398  0.28012    
       61900  -4.66065966         1295445.        0.000000       -30727.52     -9.73382283854E+08  5.87785666021E+05 -1.65601568756E+03   4.37913051              398  0.27419    
       62000  -4.66006152         1295398.        0.000000       -30726.99     -9.73302284499E+08  5.87737357655E+05 -1.65601568766E+03   4.37910578              396  0.28006    
       62100  -4.66103126         1295919.        0.000000       -30708.52     -9.73409361784E+08  5.87802017075E+05 -1.65601568812E+03   4.37870470              398  0.27426    
       62200  -4.66153116         1295628.        0.000000       -30701.30     -9.73404685074E+08  5.87799192328E+05 -1.65601569002E+03   4.37983603              399  0.27568    
       62300  -4.66014202         1295338.        0.000000       -30717.40     -9.73126972041E+08  5.87631493306E+05 -1.65601568862E+03   4.37963012              398  0.27518    
       62400  -4.65932289         1295149.        0.000000       -30698.18     -9.72998641803E+08  5.87554000609E+05 -1.65601568672E+03   4.37888298              398  0.27898    
       62500  -4.65970545         1295413.        0.000000       -30673.99     -9.73167624658E+08  5.87656040328E+05 -1.65601569264E+03   4.37847374              399  0.27650    
       62600  -4.66088015         1295899.        0.000000       -30661.08     -9.73368622988E+08  5.87777414883E+05 -1.65601569292E+03   4.37824757              398  0.27565    
       62700  -4.66238315         1296300.        0.000000       -30683.18     -9.73672545521E+08  5.87960943431E+05 -1.65601568675E+03   4.37783425              397  0.27416    
       62800  -4.66301719         1296190.        0.000000       -30637.92     -9.73785304945E+08  5.88029034159E+05 -1.65601568694E+03   4.37895567              400  0.27397    
       62900  -4.66242559         1295795.        0.000000       -30656.57     -9.73800470014E+08  5.88038188569E+05 -1.65601569582E+03   4.37964362              399  0.27371    
       63000  -4.66070986         1295737.        0.000000       -30655.89     -9.73413536352E+08  5.87804535005E+05 -1.65601569635E+03   4.37921391              397  0.27583    
       63100  -4.66004203         1295253.        0.000000       -30647.18     -9.73198949624E+08  5.87674954927E+05 -1.65601569620E+03   4.37968609              398  0.27397    
       63200  -4.65834246         1294892.        0.000000       -30694.36     -9.72794224329E+08  5.87430559657E+05 -1.65601569128E+03   4.37945456              399  0.27355    
       63300  -4.65879439         1295174.        0.000000       -30712.48     -9.72873445102E+08  5.87478399434E+05 -1.65601568677E+03   4.37830982              396  0.28078    
       63400  -4.65942269         1295311.        0.000000       -30726.51     -9.73071576577E+08  5.87598043230E+05 -1.65601568587E+03   4.37879723              398  0.27407    
       63500  -4.66006623         1295631.        0.000000       -30724.91     -9.73235328786E+08  5.87696925656E+05 -1.65601568819E+03   4.37833255              397  0.27742    
       63600  -4.65975312         1295165.        0.000000       -30734.08     -9.73196571359E+08  5.87673522267E+05 -1.65601568640E+03   4.38006964              397  0.27996    
       63700  -4.65882028         1295126.        0.000000       -30752.91     -9.72927625719E+08  5.87511118398E+05 -1.65601568252E+03   4.37885417              399  0.27654    
       63800  -4.65923365         1295369.        0.000000       -30695.37     -9.72905241765E+08  5.87497601573E+05 -1.65601568272E+03   4.37865979              398  0.27681    
       63900  -4.65982587         1295510.        0.000000       -30708.00     -9.72999985403E+08  5.87554810713E+05 -1.65601569022E+03   4.37857147              398  0.27498    
       64000  -4.65989134         1295442.        0.000000       -30704.22     -9.72993670266E+08  5.87550998814E+05 -1.65601568584E+03   4.37882493              397  0.27585    
       64100  -4.65951217         1295151.        0.000000       -30697.96     -9.72906192450E+08  5.87498174888E+05 -1.65601568487E+03   4.38010114              398  0.27707    
       64200  -4.65727911         1294417.        0.000000       -30644.77     -9.72288861926E+08  5.87125392910E+05 -1.65601568876E+03   4.37977492              400  0.27350    
       64300  -4.65714158         1294900.        0.000000       -30656.96     -9.72311189223E+08  5.87138874439E+05 -1.65601569161E+03   4.37798525              398  0.27845    
       64400  -4.65882291         1295191.        0.000000       -30655.92     -9.72711122591E+08  5.87380379385E+05 -1.65601568716E+03   4.37830360              398  0.27392    
       64500  -4.65949719         1295282.        0.000000       -30655.70     -9.72800570535E+08  5.87434393877E+05 -1.65601568562E+03   4.37920966              398  0.27732    
       64600  -4.65938797         1295245.        0.000000       -30621.95     -9.72754780923E+08  5.87406745889E+05 -1.65601567863E+03   4.37883296              397  0.27341    
       64700  -4.65964567         1295439.        0.000000       -30597.44     -9.72826135265E+08  5.87449832625E+05 -1.65601568208E+03   4.37838417              398  0.27401    
       64800  -4.66026893         1295461.        0.000000       -30597.22     -9.72868622886E+08  5.87475486825E+05 -1.65601568866E+03   4.37950550              398  0.27580    
       64900  -4.65972754         1295214.        0.000000       -30624.64     -9.72705245193E+08  5.87376828241E+05 -1.65601569287E+03   4.37922319              398  0.27752    
       65000  -4.65889519         1295209.        0.000000       -30685.38     -9.72627810100E+08  5.87330070458E+05 -1.65601568696E+03   4.37895538              400  0.27920    
       65100  -4.65860100         1295037.        0.000000       -30662.72     -9.72710603214E+08  5.87380064781E+05 -1.65601568990E+03   4.37889988              398  0.28157    
       65200  -4.65858160         1294867.        0.000000       -30639.74     -9.72669771155E+08  5.87355409062E+05 -1.65601568684E+03   4.37966896              398  0.27905    
       65300  -4.65912038         1295491.        0.000000       -30629.31     -9.72696081975E+08  5.87371297352E+05 -1.65601568609E+03   4.37813283              398  0.27377    
       65400  -4.66087184         1295628.        0.000000       -30583.84     -9.72942153153E+08  5.87519891235E+05 -1.65601568163E+03   4.37883370              397  0.27394    
       65500  -4.65995819         1295257.        0.000000       -30608.09     -9.72845097168E+08  5.87461283109E+05 -1.65601568161E+03   4.37937680              398  0.27379    
       65600  -4.65928428         1295099.        0.000000       -30630.72     -9.72748822894E+08  5.87403148487E+05 -1.65601567748E+03   4.37908855              398  0.27460    
       65700  -4.65870231         1295017.        0.000000       -30609.98     -9.72687671343E+08  5.87366220691E+05 -1.65601567996E+03   4.37880989              397  0.27539    
       65800  -4.65943361         1295279.        0.000000       -30620.17     -9.72908658150E+08  5.87499666518E+05 -1.65601567728E+03   4.37933166              397  0.27474    
       65900  -4.65841917         1295039.        0.000000       -30634.65     -9.72713472085E+08  5.87381800695E+05 -1.65601567998E+03   4.37905657              398  0.27773    
       66000  -4.65887057         1295284.        0.000000       -30648.36     -9.72733075131E+08  5.87393636771E+05 -1.65601568392E+03   4.37865374              398  0.27948    
       66100  -4.65973385         1295342.        0.000000       -30670.60     -9.72925611058E+08  5.87509898060E+05 -1.65601569313E+03   4.37834379              397  0.27366    
       66200  -4.66028978         1295665.        0.000000       -30669.40     -9.73050980963E+08  5.87585606357E+05 -1.65601568594E+03   4.37874365              398  0.27494    
       66300  -4.66028600         1295436.        0.000000       -30662.27     -9.72968945687E+08  5.87536068853E+05 -1.65601568528E+03   4.37976710              398  0.27435    
       66400  -4.65972361         1295347.        0.000000       -30657.77     -9.72745946739E+08  5.87401408494E+05 -1.65601568650E+03   4.37924931              398  0.28028    
       66500  -4.65956967         1295261.        0.000000       -30627.03     -9.72826456197E+08  5.87450026386E+05 -1.65601568219E+03   4.37881272              397  0.27880    
       66600  -4.65946563         1295361.        0.000000       -30613.97     -9.72773506096E+08  5.87418050228E+05 -1.65601568716E+03   4.37887313              398  0.27463    
       66700  -4.65921428         1295040.        0.000000       -30581.59     -9.72703334315E+08  5.87375676435E+05 -1.65601568696E+03   4.37949194              398  0.27375    
       66800  -4.65935509         1295264.        0.000000       -30612.10     -9.72777687018E+08  5.87420574144E+05 -1.65601568933E+03   4.37890997              397  0.27994    
       66900  -4.65874016         1294922.        0.000000       -30581.17     -9.72740883014E+08  5.87398351214E+05 -1.65601568510E+03   4.37956113              398  0.27693    
       67000  -4.65801872         1294994.        0.000000       -30587.99     -9.72512646054E+08  5.87260528479E+05 -1.65601568451E+03   4.37873137              398  0.27903    
       67100  -4.65854073         1295286.        0.000000       -30610.58     -9.72611525126E+08  5.87320237688E+05 -1.65601568397E+03   4.37767779              398  0.27434    
       67200  -4.65971128         1295107.        0.000000       -30601.07     -9.72927629627E+08  5.87511117673E+05 -1.65601569121E+03   4.37923325              399  0.27369    
       67300  -4.65813073         1294737.        0.000000       -30625.41     -9.72727779000E+08  5.87390437725E+05 -1.65601568655E+03   4.37938147              398  0.27423    
       67400  -4.65731057         1294815.        0.000000       -30596.87     -9.72584949520E+08  5.87304188723E+05 -1.65601568692E+03   4.37896475              398  0.27641    
       67500  -4.65903652         1295379.        0.000000       -30645.62     -9.72837204598E+08  5.87456515555E+05 -1.65601568599E+03   4.37841148              397  0.27389    
       67600  -4.65939349         1295075.        0.000000       -30666.76     -9.72976795986E+08  5.87540810993E+05 -1.65601568058E+03   4.37923359              398  0.27385    
       67700  -4.65944952         1295618.        0.000000       -30681.53     -9.72933894089E+08  5.87514901291E+05 -1.65601568905E+03   4.37835677              397  0.27505    
       67800  -4.66139939         1295866.        0.000000       -30706.20     -9.73286545095E+08  5.87727854604E+05 -1.65601568391E+03   4.37821207              398  0.27800    
       67900  -4.66211119         1295995.        0.000000       -30678.50     -9.73540096383E+08  5.87880963517E+05 -1.65601568481E+03   4.37897288              397  0.27555    
       68000  -4.66189831         1295846.        0.000000       -30740.89     -9.73510366932E+08  5.87863013728E+05 -1.65601567746E+03   4.37903130              399  0.27448    
       68100  -4.66160776         1295703.        0.000000       -30746.64     -9.73516748613E+08  5.87866864669E+05 -1.65601568505E+03   4.37877708              397  0.27597    
       68200  -4.66100954         1295518.        0.000000       -30706.89     -9.73524479987E+08  5.87871532868E+05 -1.65601568635E+03   4.37923760              398  0.27531    
       68300  -4.65982526         1295334.        0.000000       -30653.55     -9.73283228974E+08  5.87725851373E+05 -1.65601568605E+03   4.37916448              398  0.27527    
       68400  -4.65899546         1294941.        0.000000       -30687.88     -9.73145637504E+08  5.87642768311E+05 -1.65601567820E+03   4.37932479              397  0.27336    
       68500  -4.65932318         1295314.        0.000000       -30709.81     -9.73234405349E+08  5.87696370376E+05 -1.65601568158E+03   4.37833975              397  0.27492    
       68600  -4.66028331         1295741.        0.000000       -30711.09     -9.73470564727E+08  5.87838975509E+05 -1.65601568675E+03   4.37828610              399  0.27582    
       68700  -4.66108267         1295621.        0.000000       -30718.04     -9.73590720556E+08  5.87911532308E+05 -1.65601568783E+03   4.37969062              398  0.27809    
       68800  -4.65887124         1294803.        0.000000       -30689.09     -9.73098115385E+08  5.87614068084E+05 -1.65601568825E+03   4.38011406              399  0.27520    
       68900  -4.65664254         1294680.        0.000000       -30692.09     -9.72663065135E+08  5.87351359637E+05 -1.65601568665E+03   4.37906486              397  0.27699    
       69000  -4.65739093         1294847.        0.000000       -30696.54     -9.72862151719E+08  5.87471580443E+05 -1.65601568502E+03   4.37820118              398  0.27797    
       69100  -4.65835865         1295112.        0.000000       -30720.03     -9.73125250869E+08  5.87630454734E+05 -1.65601568644E+03   4.37855449              398  0.27405    
       69200  -4.65867342         1294860.        0.000000       -30693.44     -9.73107869935E+08  5.87619958105E+05 -1.65601568925E+03   4.38010249              397  0.27620    
       69300  -4.65836345         1295433.        0.000000       -30703.96     -9.72954515707E+08  5.87527353543E+05 -1.65601568989E+03   4.37788325              398  0.27581    
       69400  -4.66109625         1295682.        0.000000       -30689.53     -9.73455331810E+08  5.87829778469E+05 -1.65601568254E+03   4.37876836              397  0.27673    
       69500  -4.66088609         1295593.        0.000000       -30697.90     -9.73357169639E+08  5.87770501554E+05 -1.65601568481E+03   4.37961188              398  0.27538    
       69600  -4.66026909         1295382.        0.000000       -30707.10     -9.73171801141E+08  5.87658563815E+05 -1.65601568847E+03   4.37942109              399  0.27576    
       69700  -4.65983443         1295669.        0.000000       -30711.13     -9.73073018712E+08  5.87598914027E+05 -1.65601568601E+03   4.37852505              399  0.27428    
       69800  -4.66114121         1295738.        0.000000       -30695.61     -9.73266018772E+08  5.87715459292E+05 -1.65601568478E+03   4.37856614              396  0.27536    
       69900  -4.66031130         1295304.        0.000000       -30683.39     -9.73201958796E+08  5.87676776222E+05 -1.65601568443E+03   4.37978263              399  0.27603    
       70000  -4.65946803         1295404.        0.000000       -30680.81     -9.73013432619E+08  5.87562932459E+05 -1.65601568592E+03   4.37899686              397  0.27541    
       70100  -4.65951640         1295365.        0.000000       -30639.38     -9.72966862746E+08  5.87534810679E+05 -1.65601568633E+03   4.37872231              398  0.27707    
       70200  -4.66044127         1295831.        0.000000       -30691.75     -9.73203556208E+08  5.87677740952E+05 -1.65601568409E+03   4.37810092              398  0.27750    
       70300  -4.65994325         1295152.        0.000000       -30667.32     -9.73108955996E+08  5.87620613130E+05 -1.65601569151E+03   4.37972949              398  0.27587    
       70400  -4.65900480         1295327.        0.000000       -30663.60     -9.73021042814E+08  5.87567527947E+05 -1.65601568591E+03   4.37853599              398  0.27834    
       70500  -4.66038762         1295706.        0.000000       -30669.43     -9.73267908668E+08  5.87716598154E+05 -1.65601569145E+03   4.37853943              398  0.27433    
       70600  -4.66130738         1295642.        0.000000       -30635.95     -9.73388111540E+08  5.87789184767E+05 -1.65601568856E+03   4.37965424              398  0.27612    
       70700  -4.66150738         1295824.        0.000000       -30653.19     -9.73289749215E+08  5.87729788807E+05 -1.65601568569E+03   4.37911191              397  0.27602    
       70800  -4.66155779         1295705.        0.000000       -30712.97     -9.73283383799E+08  5.87725945158E+05 -1.65601568523E+03   4.37906335              397  0.27595    
       70900  -4.65963640         1294979.        0.000000       -30696.24     -9.73045202053E+08  5.87582119340E+05 -1.65601567853E+03   4.37990185              398  0.27480    
       71000  -4.65898766         1295272.        0.000000       -30715.18     -9.73041802994E+08  5.87580064018E+05 -1.65601568634E+03   4.37850435              398  0.27415    
       71100  -4.65950443         1295193.        0.000000       -30726.86     -9.73062987551E+08  5.87592856194E+05 -1.65601568721E+03   4.37917987              398  0.27392    
       71200  -4.65890476         1295119.        0.000000       -30665.49     -9.72911003839E+08  5.87501080036E+05 -1.65601568559E+03   4.37951626              397  0.27561    
       71300  -4.65810538         1294904.        0.000000       -30699.55     -9.72725337300E+08  5.87388961070E+05 -1.65601569278E+03   4.37938854              398  0.27396    
       71400  -4.65781943         1295081.        0.000000       -30664.73     -9.72666192189E+08  5.87353245992E+05 -1.65601569214E+03   4.37812271              397  0.27404    
       71500  -4.65974903         1295909.        0.000000       -30736.14     -9.73208146093E+08  5.87680513304E+05 -1.65601568209E+03   4.37685234              398  0.28013    
       71600  -4.66155617         1295729.        0.000000       -30723.23     -9.73631790604E+08  5.87936332728E+05 -1.65601568811E+03   4.37930438              400  0.27677    
       71700  -4.66027344         1295399.        0.000000       -30673.88     -9.73414471246E+08  5.87805100321E+05 -1.65601569417E+03   4.37904808              398  0.27501    
       71800  -4.66084354         1295596.        0.000000       -30688.66     -9.73562138915E+08  5.87894271579E+05 -1.65601569190E+03   4.37911039              399  0.28210    
       71900  -4.66174515         1296119.        0.000000       -30743.14     -9.73602613468E+08  5.87918715825E+05 -1.65601568254E+03   4.37857043              398  0.27595    
       72000  -4.66213691         1296133.        0.000000       -30717.15     -9.73621670069E+08  5.87930221126E+05 -1.65601568874E+03   4.37872297              399  0.27854    
       72100  -4.66177649         1295694.        0.000000       -30667.30     -9.73630544194E+08  5.87935580936E+05 -1.65601568567E+03   4.37999081              397  0.27526    
       72200  -4.65952436         1295270.        0.000000       -30665.45     -9.73148145124E+08  5.87644279612E+05 -1.65601568651E+03   4.37920527              398  0.27988    
       72300  -4.65953967         1295529.        0.000000       -30676.72     -9.73133674035E+08  5.87635542445E+05 -1.65601568276E+03   4.37864609              396  0.27433    
       72400  -4.65945178         1295104.        0.000000       -30644.79     -9.72994634179E+08  5.87551580458E+05 -1.65601568703E+03   4.37986650              397  0.27397    
       72500  -4.65984944         1295484.        0.000000       -30702.34     -9.73118575112E+08  5.87626425423E+05 -1.65601568107E+03   4.37837411              399  0.27653    
       72600  -4.66054861         1295676.        0.000000       -30662.39     -9.73281211671E+08  5.87724632470E+05 -1.65601568813E+03   4.37880033              399  0.27549    
       72700  -4.66105244         1295672.        0.000000       -30658.73     -9.73340073757E+08  5.87760175199E+05 -1.65601569284E+03   4.37944501              397  0.27566    
       72800  -4.65965767         1295005.        0.000000       -30649.01     -9.72945591309E+08  5.87521963513E+05 -1.65601569257E+03   4.37940506              398  0.27424    
       72900  -4.65844812         1294825.        0.000000       -30606.54     -9.72691733596E+08  5.87368671130E+05 -1.65601568726E+03   4.37972610              397  0.27537    
       73000  -4.65751300         1294846.        0.000000       -30653.46     -9.72620119137E+08  5.87325424552E+05 -1.65601569160E+03   4.37816277              398  0.27560    
       73100  -4.65843443         1295370.        0.000000       -30677.28     -9.72907879042E+08  5.87499193267E+05 -1.65601568512E+03   4.37822083              399  0.28079    
       73200  -4.66003506         1295685.        0.000000       -30708.53     -9.73225177289E+08  5.87690796251E+05 -1.65601568631E+03   4.37807028              398  0.27459    
       73300  -4.66097659         1295786.        0.000000       -30687.07     -9.73369271487E+08  5.87777807396E+05 -1.65601569035E+03   4.37865250              399  0.27810    
       73400  -4.66186152         1295723.        0.000000       -30650.34     -9.73337889118E+08  5.87758857518E+05 -1.65601568852E+03   4.38051072              398  0.27376    
       73500  -4.65931983         1294955.        0.000000       -30629.79     -9.72710914002E+08  5.87380251184E+05 -1.65601569348E+03   4.38029096              398  0.27372    
       73600  -4.65722456         1294607.        0.000000       -30686.78     -9.72385708655E+08  5.87183873308E+05 -1.65601569263E+03   4.37911027              398  0.27394    
       73700  -4.65834154         1295046.        0.000000       -30696.72     -9.72658795655E+08  5.87348781321E+05 -1.65601568708E+03   4.37848527              398  0.28249    
       73800  -4.65837017         1295089.        0.000000       -30658.44     -9.72650966488E+08  5.87344054162E+05 -1.65601568552E+03   4.37908232              398  0.27399    
       73900  -4.65871494         1294986.        0.000000       -30698.84     -9.72702697850E+08  5.87375291845E+05 -1.65601568768E+03   4.37892230              398  0.27973    
       74000  -4.65917712         1295282.        0.000000       -30683.96     -9.72783098937E+08  5.87423843499E+05 -1.65601568561E+03   4.37909009              398  0.27783    
       74100  -4.65871853         1295071.        0.000000       -30674.29     -9.72733791985E+08  5.87394069104E+05 -1.65601568546E+03   4.37827233              398  0.27469    
       74200  -4.65856525         1295234.        0.000000       -30688.38     -9.72871729290E+08  5.87477363204E+05 -1.65601568711E+03   4.37876292              398  0.27410    
       74300  -4.65881325         1295061.        0.000000       -30698.24     -9.72903471197E+08  5.87496529302E+05 -1.65601569145E+03   4.37924448              399  0.27391    
       74400  -4.65872398         1295112.        0.000000       -30677.39     -9.72885135620E+08  5.87485459283E+05 -1.65601568558E+03   4.37884320              399  0.27429    
       74500  -4.66044452         1295584.        0.000000       -30674.53     -9.73122681266E+08  5.87628902523E+05 -1.65601568794E+03   4.37864421              398  0.27453    
       74600  -4.66073395         1295868.        0.000000       -30659.71     -9.73244802829E+08  5.87702647023E+05 -1.65601568712E+03   4.37857538              398  0.27400    
       74700  -4.66089379         1295550.        0.000000       -30656.20     -9.73210960478E+08  5.87682212024E+05 -1.65601568427E+03   4.37927356              397  0.27555    
       74800  -4.66075880         1295602.        0.000000       -30679.20     -9.73244038181E+08  5.87702184947E+05 -1.65601568806E+03   4.37923626              398  0.27487    
       74900  -4.66070577         1295646.        0.000000       -30655.86     -9.73208750453E+08  5.87680877112E+05 -1.65601568531E+03   4.37860503              397  0.27409    
       75000  -4.66021073         1295450.        0.000000       -30676.48     -9.73179998687E+08  5.87663516412E+05 -1.65601568161E+03   4.37911857              398  0.27512    
       75100  -4.65982620         1295261.        0.000000       -30713.63     -9.73084293890E+08  5.87605721260E+05 -1.65601568992E+03   4.37905466              397  0.27530    
       75200  -4.66017685         1295661.        0.000000       -30684.81     -9.73194118484E+08  5.87672039464E+05 -1.65601569095E+03   4.37864629              398  0.27569    
       75300  -4.66136100         1295874.        0.000000       -30673.09     -9.73260293644E+08  5.87712002383E+05 -1.65601568404E+03   4.37851046              399  0.27485    
       75400  -4.66105967         1295636.        0.000000       -30673.56     -9.73211149106E+08  5.87682326575E+05 -1.65601568245E+03   4.37868856              398  0.27489    
       75500  -4.66003075         1295273.        0.000000       -30705.93     -9.73094321972E+08  5.87611779381E+05 -1.65601568266E+03   4.37934696              398  0.28037    
       75600  -4.65883492         1295156.        0.000000       -30664.82     -9.72958553108E+08  5.87529794141E+05 -1.65601568263E+03   4.37901328              397  0.27981    
       75700  -4.65927677         1295226.        0.000000       -30692.96     -9.72993437446E+08  5.87550859091E+05 -1.65601568339E+03   4.37853856              397  0.27886    
       75800  -4.65892332         1295204.        0.000000       -30706.74     -9.73017821267E+08  5.87565583139E+05 -1.65601568436E+03   4.37868438              397  0.27618    
       75900  -4.65955890         1295441.        0.000000       -30727.77     -9.73168646464E+08  5.87656661481E+05 -1.65601568101E+03   4.37845653              398  0.27441    
       76000  -4.65998729         1295359.        0.000000       -30723.24     -9.73205631082E+08  5.87678993507E+05 -1.65601568515E+03   4.37906845              397  0.27894    
       76100  -4.65969371         1295348.        0.000000       -30708.89     -9.73145892267E+08  5.87642921243E+05 -1.65601568076E+03   4.37891383              398  0.27884    
       76200  -4.66049336         1295422.        0.000000       -30664.45     -9.73127657736E+08  5.87631909302E+05 -1.65601568317E+03   4.37918989              398  0.27437    
       76300  -4.66006323         1295288.        0.000000       -30652.79     -9.73091918862E+08  5.87610329504E+05 -1.65601567910E+03   4.37895350              398  0.27713    
       76400  -4.65866553         1295062.        0.000000       -30680.41     -9.72898018792E+08  5.87493240991E+05 -1.65601567969E+03   4.37882680              397  0.27595    
       76500  -4.65981410         1295353.        0.000000       -30664.74     -9.73200531249E+08  5.87675915887E+05 -1.65601567963E+03   4.37883268              398  0.27818    
       76600  -4.65943000         1295223.        0.000000       -30672.65     -9.73128997429E+08  5.87632718657E+05 -1.65601568213E+03   4.37938897              398  0.27505    
       76700  -4.66063837         1295722.        0.000000       -30667.31     -9.73251653936E+08  5.87706787482E+05 -1.65601567766E+03   4.37832031              398  0.27454    
       76800  -4.66141719         1296151.        0.000000       -30739.55     -9.73605707923E+08  5.87920583809E+05 -1.65601568432E+03   4.37780007              398  0.27843    
       76900  -4.66244140         1296113.        0.000000       -30718.20     -9.73925110774E+08  5.88113457700E+05 -1.65601568545E+03   4.37889565              399  0.27472    
       77000  -4.66236473         1295843.        0.000000       -30724.40     -9.73859103808E+08  5.88073600421E+05 -1.65601568088E+03   4.37975671              397  0.28107    
       77100  -4.66068648         1295476.        0.000000       -30738.36     -9.73549188404E+08  5.87886455345E+05 -1.65601568050E+03   4.37929770              399  0.27687    
       77200  -4.66058121         1295543.        0.000000       -30716.78     -9.73423108730E+08  5.87810319574E+05 -1.65601568451E+03   4.37937939              398  0.27684    
       77300  -4.66135931         1295818.        0.000000       -30697.76     -9.73539953282E+08  5.87880876225E+05 -1.65601568728E+03   4.37892788              398  0.27809    
       77400  -4.66080499         1295399.        0.000000       -30656.74     -9.73344864880E+08  5.87763071825E+05 -1.65601568308E+03   4.38019103              398  0.27470    
       77500  -4.65940203         1295283.        0.000000       -30665.04     -9.72966235944E+08  5.87534431573E+05 -1.65601568803E+03   4.37938111              398  0.27949    
       77600  -4.65941381         1295157.        0.000000       -30666.49     -9.72937702873E+08  5.87517201697E+05 -1.65601568782E+03   4.37938603              399  0.27547    
       77700  -4.65849097         1295008.        0.000000       -30625.55     -9.72621172990E+08  5.87326062090E+05 -1.65601568834E+03   4.37896427              398  0.27373    
       77800  -4.65850328         1295040.        0.000000       -30621.04     -9.72766982385E+08  5.87414111857E+05 -1.65601568425E+03   4.37847024              396  0.27479    
       77900  -4.65919700         1295471.        0.000000       -30638.96     -9.72930647042E+08  5.87512942136E+05 -1.65601568453E+03   4.37780222              397  0.27473    
       78000  -4.66084142         1295541.        0.000000       -30683.77     -9.73294976991E+08  5.87732946318E+05 -1.65601568380E+03   4.37906628              399  0.27530    
       78100  -4.65965019         1295112.        0.000000       -30631.85     -9.73013367068E+08  5.87562894984E+05 -1.65601567998E+03   4.38009810              398  0.27472    
       78200  -4.65841394         1294863.        0.000000       -30660.46     -9.72773802161E+08  5.87418229294E+05 -1.65601568635E+03   4.37899431              398  0.27867    
       78300  -4.65794031         1294838.        0.000000       -30657.15     -9.72848722696E+08  5.87463470299E+05 -1.65601568758E+03   4.37860787              399  0.27370    
       78400  -4.65921184         1295389.        0.000000       -30647.03     -9.73162092704E+08  5.87652703137E+05 -1.65601568326E+03   4.37899040              398  0.27402    
       78500  -4.65957426         1295361.        0.000000       -30611.17     -9.73045724370E+08  5.87582432558E+05 -1.65601568470E+03   4.37882175              398  0.27659    
       78600  -4.65911011         1294976.        0.000000       -30635.38     -9.72920722774E+08  5.87506949501E+05 -1.65601568390E+03   4.37924738              398  0.27982    
       78700  -4.65863698         1295109.        0.000000       -30672.28     -9.72863459328E+08  5.87472368647E+05 -1.65601568899E+03   4.37879776              398  0.27819    
       78800  -4.65872958         1295315.        0.000000       -30676.88     -9.73034576831E+08  5.87575700716E+05 -1.65601568555E+03   4.37776267              398  0.27417    
       78900  -4.65926542         1295381.        0.000000       -30658.13     -9.73123971077E+08  5.87629683140E+05 -1.65601568300E+03   4.37924852              399  0.27712    
       79000  -4.66137430         1296107.        0.000000       -30695.72     -9.73349744901E+08  5.87766017051E+05 -1.65601568764E+03   4.37805773              398  0.27494    
       79100  -4.66128943         1295731.        0.000000       -30723.29     -9.73426216319E+08  5.87812195177E+05 -1.65601568716E+03   4.37866327              398  0.27806    
       79200  -4.66029588         1295328.        0.000000       -30662.90     -9.73235874526E+08  5.87697256593E+05 -1.65601568428E+03   4.37988557              399  0.27480    
       79300  -4.65978973         1295524.        0.000000       -30661.79     -9.72933459947E+08  5.87514641095E+05 -1.65601568351E+03   4.37883457              397  0.27709    
       79400  -4.66060975         1295539.        0.000000       -30617.31     -9.72969698828E+08  5.87536522183E+05 -1.65601568939E+03   4.37850706              396  0.27398    
       79500  -4.66069725         1295599.        0.000000       -30656.61     -9.73120097440E+08  5.87627341470E+05 -1.65601569016E+03   4.37868167              398  0.27339    
       79600  -4.65955613         1295313.        0.000000       -30643.54     -9.73040916739E+08  5.87579527571E+05 -1.65601568993E+03   4.37899320              398  0.27800    
       79700  -4.65923707         1295260.        0.000000       -30639.91     -9.73025462796E+08  5.87570197899E+05 -1.65601568336E+03   4.37855678              397  0.27614    
       79800  -4.65948813         1295456.        0.000000       -30630.19     -9.73118660894E+08  5.87626474279E+05 -1.65601568937E+03   4.37855500              397  0.27351    
       79900  -4.66055060         1295514.        0.000000       -30631.23     -9.73301145182E+08  5.87736670893E+05 -1.65601568420E+03   4.37876478              398  0.27645    
       80000  -4.66031884         1295166.        0.000000       -30674.01     -9.73249627972E+08  5.87705561479E+05 -1.65601568500E+03   4.37946407              397  0.27418    
       80100  -4.65935782         1295368.        0.000000       -30661.74     -9.73146428835E+08  5.87643244157E+05 -1.65601568385E+03   4.37880833              397  0.27824    
       80200  -4.66039410         1295738.        0.000000       -30717.76     -9.73317526280E+08  5.87746563083E+05 -1.65601568332E+03   4.37838831              399  0.27736    
       80300  -4.66071877         1295406.        0.000000       -30699.37     -9.73392399254E+08  5.87791776537E+05 -1.65601568125E+03   4.37964179              398  0.27364    
       80400  -4.65970042         1295259.        0.000000       -30681.41     -9.73114076300E+08  5.87623707890E+05 -1.65601568357E+03   4.37934103              397  0.27460    
       80500  -4.65991705         1295409.        0.000000       -30665.80     -9.73090669231E+08  5.87609572753E+05 -1.65601568516E+03   4.37848646              397  0.27610    
       80600  -4.66022462         1295510.        0.000000       -30697.51     -9.73253852524E+08  5.87708111098E+05 -1.65601568899E+03   4.37855085              398  0.27691    
       80700  -4.66090052         1295598.        0.000000       -30692.11     -9.73490824193E+08  5.87851210346E+05 -1.65601568400E+03   4.37899741              398  0.27593    
       80800  -4.66131108         1295649.        0.000000       -30683.54     -9.73535513900E+08  5.87878195013E+05 -1.65601568855E+03   4.37939699              399  0.27513    
       80900  -4.66150800         1295605.        0.000000       -30687.73     -9.73458284184E+08  5.87831558984E+05 -1.65601568903E+03   4.37953470              397  0.27737    
       81000  -4.66110898         1295564.        0.000000       -30686.96     -9.73404194007E+08  5.87798896490E+05 -1.65601568805E+03   4.37947820              398  0.27693    
       81100  -4.66084065         1295883.        0.000000       -30668.84     -9.73319793735E+08  5.87747929653E+05 -1.65601569079E+03   4.37858892              398  0.27443    
       81200  -4.66136732         1295781.        0.000000       -30634.52     -9.73423630076E+08  5.87810632855E+05 -1.65601568884E+03   4.37900650              397  0.27598    
       81300  -4.66079529         1295590.        0.000000       -30654.05     -9.73369644369E+08  5.87778033940E+05 -1.65601568647E+03   4.37859249              398  0.28161    
       81400  -4.66141957         1295800.        0.000000       -30661.81     -9.73584164921E+08  5.87907575401E+05 -1.65601568283E+03   4.37918433              398  0.27897    
       81500  -4.66114808         1295577.        0.000000       -30654.50     -9.73525568757E+08  5.87872191631E+05 -1.65601568269E+03   4.37956210              398  0.27712    
       81600  -4.66132900         1295846.        0.000000       -30651.78     -9.73536380457E+08  5.87878718826E+05 -1.65601568705E+03   4.37860305              397  0.27491    
       81700  -4.66204357         1295952.        0.000000       -30635.20     -9.73738474668E+08  5.88000753294E+05 -1.65601569252E+03   4.37931474              398  0.27498    
       81800  -4.66171367         1295933.        0.000000       -30613.99     -9.73433414793E+08  5.87816541985E+05 -1.65601568732E+03   4.37931872              399  0.27555    
       81900  -4.66091582         1295593.        0.000000       -30633.43     -9.73235558881E+08  5.87697064161E+05 -1.65601568943E+03   4.37915677              399  0.27508    
       82000  -4.66038727         1295503.        0.000000       -30673.43     -9.73199359794E+08  5.87675206515E+05 -1.65601568520E+03   4.37877080              397  0.27590    
       82100  -4.66024231         1295541.        0.000000       -30676.19     -9.73259134611E+08  5.87711301272E+05 -1.65601568747E+03   4.37878279              398  0.27417    
       82200  -4.65997893         1295319.        0.000000       -30674.51     -9.73292483013E+08  5.87731439768E+05 -1.65601568532E+03   4.37868860              398  0.27400    
       82300  -4.66023518         1295865.        0.000000       -30665.16     -9.73401754302E+08  5.87797424375E+05 -1.65601568489E+03   4.37803464              397  0.27631    
       82400  -4.66171046         1296228.        0.000000       -30691.72     -9.73734200591E+08  5.87998175304E+05 -1.65601568421E+03   4.37755439              397  0.27795    
       82500  -4.66283296         1295931.        0.000000       -30675.15     -9.73867848783E+08  5.88078879824E+05 -1.65601568462E+03   4.37955914              399  0.27425    
       82600  -4.66149328         1295804.        0.000000       -30643.46     -9.73524128830E+08  5.87871321788E+05 -1.65601568362E+03   4.37950449              398  0.27581    
       82700  -4.66103252         1295776.        0.000000       -30660.63     -9.73336061449E+08  5.87757755496E+05 -1.65601568392E+03   4.37883988              397  0.27767    
       82800  -4.66142599         1295956.        0.000000       -30669.99     -9.73399084548E+08  5.87795813333E+05 -1.65601568175E+03   4.37893059              398  0.27622    
       82900  -4.66280934         1296274.        0.000000       -30666.93     -9.73615098284E+08  5.87926253400E+05 -1.65601568675E+03   4.37832334              398  0.27425    
       83000  -4.66333792         1296171.        0.000000       -30667.41     -9.73746392562E+08  5.88005537340E+05 -1.65601568476E+03   4.37916680              398  0.27800    
       83100  -4.66107091         1295300.        0.000000       -30647.59     -9.73315350423E+08  5.87745247263E+05 -1.65601568869E+03   4.38030982              398  0.27633    
       83200  -4.65884298         1295013.        0.000000       -30628.27     -9.72888200697E+08  5.87487309213E+05 -1.65601568824E+03   4.37959852              398  0.27843    
       83300  -4.65857584         1295188.        0.000000       -30651.56     -9.72799975117E+08  5.87434033265E+05 -1.65601568862E+03   4.37855244              398  0.27492    
       83400  -4.65806200         1294930.        0.000000       -30634.57     -9.72695629457E+08  5.87371022051E+05 -1.65601569185E+03   4.37917774              396  0.27574    
       83500  -4.65826355         1295036.        0.000000       -30675.00     -9.72727689015E+08  5.87390383474E+05 -1.65601568630E+03   4.37803898              398  0.27811    
       83600  -4.65908970         1295525.        0.000000       -30718.25     -9.72950373030E+08  5.87524852621E+05 -1.65601568800E+03   4.37800026              399  0.27687    
       83700  -4.65979381         1295508.        0.000000       -30687.52     -9.73160918836E+08  5.87651993775E+05 -1.65601568470E+03   4.37848435              397  0.27337    
       83800  -4.66074772         1295574.        0.000000       -30642.88     -9.73303027601E+08  5.87737808312E+05 -1.65601568223E+03   4.37924171              398  0.27739    
       83900  -4.66059582         1295804.        0.000000       -30636.30     -9.73201540316E+08  5.87676523218E+05 -1.65601568527E+03   4.37841324              397  0.27382    
       84000  -4.66075599         1295389.        0.000000       -30656.62     -9.73173028837E+08  5.87659306809E+05 -1.65601568385E+03   4.37955992              398  0.27965    
       84100  -4.65856127         1295073.        0.000000       -30616.04     -9.72794357223E+08  5.87430642373E+05 -1.65601568433E+03   4.37887766              397  0.27735    
       84200  -4.65848776         1295102.        0.000000       -30626.00     -9.72861852842E+08  5.87471398116E+05 -1.65601569023E+03   4.37842557              398  0.27458    
       84300  -4.66007963         1295771.        0.000000       -30629.92     -9.73187403259E+08  5.87667983994E+05 -1.65601569213E+03   4.37832905              397  0.27773    
       84400  -4.66149452         1295969.        0.000000       -30655.70     -9.73318633697E+08  5.87747230954E+05 -1.65601568572E+03   4.37834368              398  0.27409    
       84500  -4.66173007         1295749.        0.000000       -30644.35     -9.73380888378E+08  5.87784826906E+05 -1.65601567754E+03   4.37950852              399  0.27600    
       84600  -4.66010385         1295449.        0.000000       -30691.94     -9.73028317004E+08  5.87571920579E+05 -1.65601568578E+03   4.37873056              398  0.27693    
       84700  -4.65987568         1295596.        0.000000       -30704.27     -9.73002643048E+08  5.87556415423E+05 -1.65601569059E+03   4.37797887              399  0.27834    
       84800  -4.66095118         1295664.        0.000000       -30733.46     -9.73252825905E+08  5.87707488469E+05 -1.65601569659E+03   4.37924458              398  0.27414    
       84900  -4.65899803         1294906.        0.000000       -30676.74     -9.72907806102E+08  5.87499148475E+05 -1.65601568722E+03   4.37976451              397  0.27521    
       85000  -4.65828883         1294937.        0.000000       -30650.67     -9.72763059120E+08  5.87411740581E+05 -1.65601569039E+03   4.37892310              399  0.27411    
       85100  -4.65906104         1295193.        0.000000       -30627.83     -9.73031539334E+08  5.87573864920E+05 -1.65601568999E+03   4.37829740              395  0.27448    
       85200  -4.65941595         1295302.        0.000000       -30633.18     -9.73253277983E+08  5.87707765148E+05 -1.65601568619E+03   4.37875968              397  0.27413    
       85300  -4.65881618         1294991.        0.000000       -30654.07     -9.73013241241E+08  5.87562816894E+05 -1.65601568592E+03   4.37921746              398  0.27585    
       85400  -4.65931136         1295162.        0.000000       -30678.84     -9.73137129065E+08  5.87637626437E+05 -1.65601568940E+03   4.37873969              398  0.27389    
       85500  -4.65930121         1295366.        0.000000       -30673.63     -9.73208023643E+08  5.87680436730E+05 -1.65601568951E+03   4.37855653              399  0.27407    
       85600  -4.65997775         1295499.        0.000000       -30624.96     -9.73302638310E+08  5.87737571450E+05 -1.65601568725E+03   4.37895883              397  0.27535    
       85700  -4.65987286         1295401.        0.000000       -30627.16     -9.73235486278E+08  5.87697021254E+05 -1.65601568679E+03   4.37874744              398  0.27421    
       85800  -4.66014102         1295736.        0.000000       -30661.39     -9.73245813648E+08  5.87703256103E+05 -1.65601569081E+03   4.37785094              397  0.27607    
       85900  -4.66092160         1295640.        0.000000       -30677.19     -9.73504304256E+08  5.87859347733E+05 -1.65601569153E+03   4.37856100              398  0.27562    
       86000  -4.66080247         1295568.        0.000000       -30706.89     -9.73574549503E+08  5.87901766405E+05 -1.65601569027E+03   4.37938303              397  0.27316    
       86100  -4.66008861         1295347.        0.000000       -30694.97     -9.73323295742E+08  5.87750045392E+05 -1.65601568792E+03   4.37947726              398  0.27429    
       86200  -4.65940415         1295268.        0.000000       -30662.42     -9.73078733367E+08  5.87602364766E+05 -1.65601568631E+03   4.37945542              397  0.27327    
       86300  -4.65877951         1294942.        0.000000       -30695.86     -9.72952189198E+08  5.87525950194E+05 -1.65601568557E+03   4.37942062              398  0.27576    
       86400  -4.65716355         1294546.        0.000000       -30667.42     -9.72691393969E+08  5.87368467879E+05 -1.65601568208E+03   4.37925553              398  0.27322    
       86500  -4.65844365         1295298.        0.000000       -30681.75     -9.72876215832E+08  5.87480073738E+05 -1.65601568346E+03   4.37824094              399  0.27521    
       86600  -4.65898326         1295059.        0.000000       -30671.03     -9.72962055564E+08  5.87531909148E+05 -1.65601568258E+03   4.37909200              398  0.27810    
       86700  -4.65930409         1295120.        0.000000       -30642.72     -9.73009012375E+08  5.87560262088E+05 -1.65601568921E+03   4.37913654              397  0.27392    
       86800  -4.65886645         1295194.        0.000000       -30647.13     -9.72986701686E+08  5.87546788223E+05 -1.65601569303E+03   4.37894567              398  0.27411    
       86900  -4.65853044         1294996.        0.000000       -30650.78     -9.72966201513E+08  5.87534409119E+05 -1.65601569272E+03   4.37842472              400  0.27589    
       87000  -4.65976457         1295762.        0.000000       -30657.93     -9.73355278069E+08  5.87769357493E+05 -1.65601568993E+03   4.37796199              399  0.27514    
       87100  -4.66178818         1296096.        0.000000       -30690.22     -9.73632749322E+08  5.87936911146E+05 -1.65601568955E+03   4.37839551              399  0.27665    
       87200  -4.66224979         1296050.        0.000000       -30708.66     -9.73732800381E+08  5.87997328345E+05 -1.65601568824E+03   4.37908047              396  0.27344    
       87300  -4.66198590         1295978.        0.000000       -30670.50     -9.73534461474E+08  5.87877561145E+05 -1.65601568391E+03   4.37919372              398  0.27588    
       87400  -4.65967759         1294904.        0.000000       -30678.40     -9.73177562132E+08  5.87662043356E+05 -1.65601568646E+03   4.37989750              398  0.27678    
       87500  -4.65838809         1295043.        0.000000       -30691.28     -9.73061790684E+08  5.87592132356E+05 -1.65601569031E+03   4.37931079              398  0.27400    
       87600  -4.65916128         1295342.        0.000000       -30665.00     -9.73124245701E+08  5.87629847560E+05 -1.65601568699E+03   4.37902395              399  0.27422    
       87700  -4.66013257         1295671.        0.000000       -30654.08     -9.73180027597E+08  5.87663531230E+05 -1.65601568905E+03   4.37862768              398  0.27453    
       87800  -4.66073706         1295824.        0.000000       -30688.99     -9.73286279034E+08  5.87727692446E+05 -1.65601568812E+03   4.37789310              399  0.27395    
       87900  -4.66110638         1295882.        0.000000       -30722.90     -9.73526580469E+08  5.87872800361E+05 -1.65601568889E+03   4.37853460              398  0.27774    
       88000  -4.66209717         1295994.        0.000000       -30756.16     -9.73572685428E+08  5.87900644101E+05 -1.65601568087E+03   4.37911950              398  0.27506    
       88100  -4.66042695         1295216.        0.000000       -30737.42     -9.73206194591E+08  5.87679334668E+05 -1.65601568267E+03   4.38042104              398  0.27318    
       88200  -4.65917643         1295202.        0.000000       -30687.48     -9.72797758165E+08  5.87432695046E+05 -1.65601568719E+03   4.37898684              398  0.27547    
       88300  -4.65860054         1294911.        0.000000       -30655.23     -9.72717245517E+08  5.87384076903E+05 -1.65601568678E+03   4.37957079              398  0.27527    
       88400  -4.65826195         1295119.        0.000000       -30659.11     -9.72677753970E+08  5.87360230018E+05 -1.65601568554E+03   4.37826417              398  0.27876    
       88500  -4.65899588         1295314.        0.000000       -30674.86     -9.72808117200E+08  5.87438951466E+05 -1.65601568431E+03   4.37854259              397  0.27366    
       88600  -4.65854364         1295004.        0.000000       -30677.32     -9.72700236358E+08  5.87373808227E+05 -1.65601567985E+03   4.37940386              398  0.27332    
       88700  -4.65855316         1295188.        0.000000       -30695.84     -9.72690576797E+08  5.87367972878E+05 -1.65601568644E+03   4.37852208              398  0.27771    
       88800  -4.65912301         1295140.        0.000000       -30672.66     -9.72874288522E+08  5.87478909367E+05 -1.65601568501E+03   4.37889481              398  0.27780    
       88900  -4.65894144         1294927.        0.000000       -30667.56     -9.72848895749E+08  5.87463572985E+05 -1.65601569269E+03   4.37970741              397  0.27545    
       89000  -4.65734833         1294609.        0.000000       -30660.89     -9.72572600502E+08  5.87296730050E+05 -1.65601569145E+03   4.37940270              398  0.27478    
       89100  -4.65738044         1294990.        0.000000       -30677.57     -9.72548407329E+08  5.87282122759E+05 -1.65601568589E+03   4.37771772              398  0.27812    
       89200  -4.65963955         1295409.        0.000000       -30686.86     -9.73011804456E+08  5.87561948570E+05 -1.65601568792E+03   4.37845901              396  0.27464    
       89300  -4.65971111         1295405.        0.000000       -30655.99     -9.73084929280E+08  5.87606107686E+05 -1.65601568219E+03   4.37897701              398  0.27336    
       89400  -4.65838931         1294837.        0.000000       -30653.69     -9.72735116358E+08  5.87394869437E+05 -1.65601568378E+03   4.37969720              398  0.27447    
       89500  -4.65848105         1295257.        0.000000       -30668.68     -9.72685945780E+08  5.87365177965E+05 -1.65601568201E+03   4.37820478              399  0.27558    
       89600  -4.65964773         1295241.        0.000000       -30679.00     -9.72890767632E+08  5.87488861211E+05 -1.65601568280E+03   4.37906495              397  0.27562    
       89700  -4.65920169         1295275.        0.000000       -30663.08     -9.72856328973E+08  5.87468064380E+05 -1.65601568487E+03   4.37903490              399  0.27433    
       89800  -4.65890151         1295404.        0.000000       -30658.72     -9.72851015614E+08  5.87464855576E+05 -1.65601568567E+03   4.37855041              398  0.27382    
       89900  -4.66055348         1295534.        0.000000       -30639.91     -9.73052266055E+08  5.87586381600E+05 -1.65601568812E+03   4.37897831              398  0.27436    
       90000  -4.66014559         1295661.        0.000000       -30672.97     -9.72930096386E+08  5.87512609058E+05 -1.65601568611E+03   4.37876547              398  0.27576    
       90100  -4.66079030         1295627.        0.000000       -30672.73     -9.73102164581E+08  5.87616513164E+05 -1.65601568843E+03   4.37901549              397  0.27615    
       90200  -4.66059461         1295640.        0.000000       -30628.91     -9.73036408524E+08  5.87576807011E+05 -1.65601568495E+03   4.37845266              398  0.27367    
       90300  -4.66079389         1295549.        0.000000       -30656.53     -9.73165248172E+08  5.87654607309E+05 -1.65601568688E+03   4.37906377              398  0.27455    
       90400  -4.66122142         1295935.        0.000000       -30707.08     -9.73308583235E+08  5.87741161592E+05 -1.65601568656E+03   4.37859011              398  0.27922    
       90500  -4.66053659         1295343.        0.000000       -30677.30     -9.73203565293E+08  5.87677746310E+05 -1.65601568445E+03   4.38002678              397  0.27438    
       90600  -4.65991644         1295340.        0.000000       -30686.00     -9.73000950765E+08  5.87555394736E+05 -1.65601568717E+03   4.37913741              397  0.27502    
       90700  -4.65954311         1295318.        0.000000       -30712.75     -9.72966940396E+08  5.87534857072E+05 -1.65601568772E+03   4.37894223              398  0.27809    
       90800  -4.65945682         1295185.        0.000000       -30704.23     -9.72810681830E+08  5.87440498616E+05 -1.65601568860E+03   4.37952440              398  0.27563    
       90900  -4.65830465         1295153.        0.000000       -30699.48     -9.72576770409E+08  5.87299249793E+05 -1.65601568664E+03   4.37818243              397  0.27556    
       91000  -4.65900610         1295155.        0.000000       -30729.30     -9.72769954688E+08  5.87415908039E+05 -1.65601568050E+03   4.37896696              398  0.27437    
       91100  -4.65885327         1295083.        0.000000       -30680.62     -9.72737979893E+08  5.87396600176E+05 -1.65601567936E+03   4.37893202              397  0.27645    
       91200  -4.65915489         1295133.        0.000000       -30648.62     -9.72828476182E+08  5.87451248735E+05 -1.65601567496E+03   4.37910926              398  0.27527    
       91300  -4.65877137         1295015.        0.000000       -30634.39     -9.72829518197E+08  5.87451876103E+05 -1.65601568021E+03   4.37920540              398  0.27492    
       91400  -4.65876515         1295254.        0.000000       -30627.44     -9.72711893570E+08  5.87380845735E+05 -1.65601568494E+03   4.37872283              397  0.27491    
       91500  -4.65991714         1295741.        0.000000       -30664.39     -9.73015723012E+08  5.87564314985E+05 -1.65601568747E+03   4.37754113              398  0.28255    
       91600  -4.66129198         1295754.        0.000000       -30660.49     -9.73341958987E+08  5.87761314139E+05 -1.65601569136E+03   4.37900699              397  0.27766    
       91700  -4.66102411         1295647.        0.000000       -30683.62     -9.73341825329E+08  5.87761235139E+05 -1.65601568654E+03   4.37870093              397  0.27448    
       91800  -4.66021837         1295440.        0.000000       -30624.78     -9.73213321860E+08  5.87683638428E+05 -1.65601568297E+03   4.37966650              399  0.27717    
       91900  -4.66035444         1295791.        0.000000       -30649.91     -9.73181424059E+08  5.87664376323E+05 -1.65601568390E+03   4.37776449              398  0.27361    
       92000  -4.66149101         1295661.        0.000000       -30669.45     -9.73470147803E+08  5.87838724615E+05 -1.65601568430E+03   4.37934652              398  0.27432    
       92100  -4.66145536         1295891.        0.000000       -30647.50     -9.73340645313E+08  5.87760524645E+05 -1.65601568071E+03   4.37875686              396  0.27372    
       92200  -4.66122550         1295584.        0.000000       -30682.28     -9.73303475018E+08  5.87738077247E+05 -1.65601568572E+03   4.37934493              398  0.27549    
       92300  -4.66003266         1295229.        0.000000       -30692.43     -9.73074444510E+08  5.87599775665E+05 -1.65601568416E+03   4.37909944              398  0.27902    
       92400  -4.65954352         1295384.        0.000000       -30707.48     -9.73110380861E+08  5.87621477353E+05 -1.65601568078E+03   4.37822777              399  0.27883    
       92500  -4.66040999         1295596.        0.000000       -30656.99     -9.73343565647E+08  5.87762288250E+05 -1.65601568033E+03   4.37860555              396  0.27740    
       92600  -4.66071053         1295853.        0.000000       -30628.84     -9.73375948908E+08  5.87781842484E+05 -1.65601568227E+03   4.37870523              398  0.27582    
       92700  -4.66102751         1295626.        0.000000       -30622.04     -9.73258134315E+08  5.87710696500E+05 -1.65601568954E+03   4.37949212              398  0.27421    
       92800  -4.65949669         1295191.        0.000000       -30619.20     -9.72851895652E+08  5.87465386863E+05 -1.65601568604E+03   4.37979287              399  0.27779    
       92900  -4.65897328         1295207.        0.000000       -30639.60     -9.72758476420E+08  5.87408976637E+05 -1.65601568091E+03   4.37898708              398  0.27468    
       93000  -4.65876185         1295198.        0.000000       -30689.12     -9.72764571425E+08  5.87412658019E+05 -1.65601567849E+03   4.37877616              397  0.27913    
       93100  -4.65922757         1295361.        0.000000       -30680.26     -9.72684171285E+08  5.87364104928E+05 -1.65601568622E+03   4.37849054              399  0.27463    
       93200  -4.65952463         1295286.        0.000000       -30665.03     -9.72803389437E+08  5.87436094196E+05 -1.65601569098E+03   4.37874626              398  0.27599    
       93300  -4.65897973         1295209.        0.000000       -30699.46     -9.72876359550E+08  5.87480156900E+05 -1.65601569368E+03   4.37865310              397  0.27474    
       93400  -4.65925244         1295485.        0.000000       -30708.15     -9.72945875177E+08  5.87522138839E+05 -1.65601568155E+03   4.37827495              398  0.27410    
       93500  -4.66115080         1295921.        0.000000       -30738.92     -9.73288805563E+08  5.87729219032E+05 -1.65601568553E+03   4.37812072              398  0.27495    
       93600  -4.66109729         1295351.        0.000000       -30716.34     -9.73313029319E+08  5.87743847492E+05 -1.65601568349E+03   4.38078605              397  0.27438    
       93700  -4.65824302         1294797.        0.000000       -30699.72     -9.72654559240E+08  5.87346227088E+05 -1.65601567590E+03   4.37896488              398  0.27528    
       93800  -4.65744136         1295127.        0.000000       -30682.67     -9.72703705296E+08  5.87375904416E+05 -1.65601567579E+03   4.37760138              398  0.27411    
       93900  -4.65929414         1295290.        0.000000       -30656.54     -9.73155197932E+08  5.87648543264E+05 -1.65601567312E+03   4.37865052              398  0.27552    
       94000  -4.65941501         1295250.        0.000000       -30651.69     -9.73068106630E+08  5.87595950005E+05 -1.65601567986E+03   4.37934482              397  0.27824    
       94100  -4.66040829         1295837.        0.000000       -30679.34     -9.73169469109E+08  5.87657156633E+05 -1.65601568555E+03   4.37815038              397  0.27737    
       94200  -4.66085209         1295396.        0.000000       -30632.33     -9.73250290955E+08  5.87705963481E+05 -1.65601568034E+03   4.37914702              399  0.27537    
       94300  -4.66027918         1295711.        0.000000       -30621.32     -9.73203370132E+08  5.87677628542E+05 -1.65601568422E+03   4.37827340              398  0.27580    
       94400  -4.66122781         1295772.        0.000000       -30635.80     -9.73276276660E+08  5.87721653725E+05 -1.65601568445E+03   4.37904762              398  0.27818    
       94500  -4.66080448         1295399.        0.000000       -30663.47     -9.73184486468E+08  5.87666223479E+05 -1.65601568983E+03   4.37938933              399  0.27468    
       94600  -4.65974043         1295258.        0.000000       -30670.97     -9.73084684696E+08  5.87605956674E+05 -1.65601569154E+03   4.37922907              398  0.27420    
       94700  -4.65980047         1295715.        0.000000       -30682.28     -9.72992569735E+08  5.87550333908E+05 -1.65601568680E+03   4.37837570              398  0.27422    
       94800  -4.66052644         1295456.        0.000000       -30661.30     -9.72986201894E+08  5.87546490072E+05 -1.65601568273E+03   4.37953231              398  0.27608    
       94900  -4.65938361         1295390.        0.000000       -30666.81     -9.72860245732E+08  5.87470430136E+05 -1.65601568322E+03   4.37809627              398  0.27418    
       95000  -4.66005204         1295453.        0.000000       -30677.96     -9.72984506944E+08  5.87545463621E+05 -1.65601569102E+03   4.37868823              398  0.27651    
       95100  -4.65994822         1295554.        0.000000       -30690.61     -9.73007235676E+08  5.87559188794E+05 -1.65601569039E+03   4.37889291              398  0.27354    
       95200  -4.66033289         1295526.        0.000000       -30670.88     -9.73069448803E+08  5.87596757053E+05 -1.65601568954E+03   4.37895852              398  0.27428    
       95300  -4.65959608         1295292.        0.000000       -30683.70     -9.72964769280E+08  5.87533547635E+05 -1.65601568319E+03   4.37876021              398  0.27594    
       95400  -4.65903864         1295131.        0.000000       -30703.09     -9.72991957209E+08  5.87549963997E+05 -1.65601568689E+03   4.37890885              398  0.27512    
       95500  -4.65915063         1295225.        0.000000       -30673.93     -9.72946811003E+08  5.87522702501E+05 -1.65601568562E+03   4.37901724              396  0.27520    
       95600  -4.65826997         1294755.        0.000000       -30639.37     -9.72677692263E+08  5.87360191896E+05 -1.65601568796E+03   4.37949721              397  0.27945    
       95700  -4.65786324         1294976.        0.000000       -30662.92     -9.72631091802E+08  5.87332051300E+05 -1.65601568933E+03   4.37840971              397  0.27349    
       95800  -4.65868120         1295140.        0.000000       -30638.22     -9.72877865865E+08  5.87481067718E+05 -1.65601569025E+03   4.37809455              399  0.27475    
       95900  -4.65869470         1295105.        0.000000       -30647.87     -9.73021886948E+08  5.87568037262E+05 -1.65601568710E+03   4.37934370              399  0.27674    
       96000  -4.65760412         1294472.        0.000000       -30636.64     -9.72811083371E+08  5.87440741909E+05 -1.65601568630E+03   4.37993290              398  0.27783    
       96100  -4.65610759         1294805.        0.000000       -30644.12     -9.72424377616E+08  5.87207225266E+05 -1.65601568880E+03   4.37807260              397  0.27382    
       96200  -4.65822890         1295065.        0.000000       -30603.62     -9.72749114186E+08  5.87403322089E+05 -1.65601568395E+03   4.37907823              397  0.27761    
       96300  -4.65883666         1295166.        0.000000       -30671.51     -9.72900684767E+08  5.87494850448E+05 -1.65601568086E+03   4.37848680              398  0.27377    
       96400  -4.65944338         1295356.        0.000000       -30649.00     -9.73080004700E+08  5.87603134425E+05 -1.65601568081E+03   4.37898992              398  0.27355    
       96500  -4.65903223         1295047.        0.000000       -30683.32     -9.73003524308E+08  5.87556951285E+05 -1.65601568015E+03   4.37875050              398  0.27478    
       96600  -4.65899258         1295132.        0.000000       -30704.85     -9.72902055116E+08  5.87495676294E+05 -1.65601568552E+03   4.37942033              398  0.27640    
       96700  -4.65907035         1294905.        0.000000       -30682.72     -9.72877543545E+08  5.87480873665E+05 -1.65601568860E+03   4.37979648              397  0.27544    
       96800  -4.65731462         1294526.        0.000000       -30666.52     -9.72564194443E+08  5.87291656055E+05 -1.65601568559E+03   4.37957329              398  0.27567    
       96900  -4.65693443         1294780.        0.000000       -30681.02     -9.72594713755E+08  5.87310089590E+05 -1.65601567382E+03   4.37817240              397  0.27804    
       97000  -4.65844666         1295391.        0.000000       -30730.28     -9.72921910554E+08  5.87507668652E+05 -1.65601567855E+03   4.37833517              397  0.27348    
       97100  -4.65991316         1295601.        0.000000       -30666.00     -9.73137862844E+08  5.87638071709E+05 -1.65601568328E+03   4.37826307              398  0.27428    
       97200  -4.66007393         1295572.        0.000000       -30659.06     -9.73269122407E+08  5.87717334608E+05 -1.65601568151E+03   4.37860011              397  0.27403    
       97300  -4.66109118         1295998.        0.000000       -30660.61     -9.73432031641E+08  5.87815707169E+05 -1.65601568616E+03   4.37851636              398  0.27459    
       97400  -4.66052738         1295427.        0.000000       -30713.57     -9.73299693989E+08  5.87735795718E+05 -1.65601568099E+03   4.37968892              398  0.27570    
       97500  -4.65940495         1295347.        0.000000       -30744.78     -9.73003053101E+08  5.87556667240E+05 -1.65601567875E+03   4.37881122              399  0.27686    
       97600  -4.65931614         1295097.        0.000000       -30698.86     -9.73010962039E+08  5.87561441417E+05 -1.65601568356E+03   4.37929822              397  0.27582    
       97700  -4.65955175         1295518.        0.000000       -30704.90     -9.73080288107E+08  5.87603304672E+05 -1.65601568332E+03   4.37897275              397  0.27816    
       97800  -4.65839653         1294578.        0.000000       -30695.70     -9.72932005560E+08  5.87513762287E+05 -1.65601568510E+03   4.38037100              396  0.27716    
       97900  -4.65754411         1294810.        0.000000       -30701.08     -9.72696380310E+08  5.87371479329E+05 -1.65601568095E+03   4.37832120              399  0.28124    
       98000  -4.65962130         1295895.        0.000000       -30712.21     -9.73116992803E+08  5.87625470769E+05 -1.65601567871E+03   4.37751579              398  0.27441    
       98100  -4.66184784         1296178.        0.000000       -30730.98     -9.73524043531E+08  5.87871271971E+05 -1.65601567885E+03   4.37813476              398  0.27491    
       98200  -4.66247735         1295932.        0.000000       -30668.06     -9.73622752568E+08  5.87930876971E+05 -1.65601568263E+03   4.37991486              398  0.27650    
       98300  -4.66060492         1295422.        0.000000       -30691.63     -9.73128702679E+08  5.87632538754E+05 -1.65601568753E+03   4.37991083              399  0.27603    
       98400  -4.65992253         1295171.        0.000000       -30680.92     -9.73003035786E+08  5.87556654096E+05 -1.65601568632E+03   4.37966875              398  0.27547    
       98500  -4.65789313         1294826.        0.000000       -30653.70     -9.72682880187E+08  5.87363324342E+05 -1.65601568889E+03   4.37923037              398  0.27675    
       98600  -4.65700397         1294700.        0.000000       -30661.24     -9.72553148245E+08  5.87284984655E+05 -1.65601568856E+03   4.37901395              399  0.27562    
       98700  -4.65800777         1295196.        0.000000       -30667.97     -9.72725548647E+08  5.87389092238E+05 -1.65601568279E+03   4.37788101              398  0.27414    
       98800  -4.65990121         1295775.        0.000000       -30677.16     -9.73139805306E+08  5.87639245878E+05 -1.65601567991E+03   4.37756447              398  0.27585    
       98900  -4.66156671         1295640.        0.000000       -30674.24     -9.73438974920E+08  5.87819900369E+05 -1.65601568492E+03   4.37933460              398  0.27490    
       99000  -4.66089869         1295445.        0.000000       -30704.02     -9.73382409791E+08  5.87785744826E+05 -1.65601567979E+03   4.37959787              398  0.27557    
       99100  -4.66026106         1295466.        0.000000       -30690.81     -9.73197224779E+08  5.87673918534E+05 -1.65601568163E+03   4.37923827              399  0.27567    
       99200  -4.65959168         1295312.        0.000000       -30699.67     -9.73155266695E+08  5.87648581338E+05 -1.65601568284E+03   4.37808711              397  0.27743    
       99300  -4.66025616         1295354.        0.000000       -30678.95     -9.73266951201E+08  5.87716023097E+05 -1.65601568266E+03   4.37946784              398  0.27604    
       99400  -4.66125320         1296148.        0.000000       -30621.27     -9.73308564624E+08  5.87741150634E+05 -1.65601568577E+03   4.37841772              397  0.27608    
       99500  -4.66168058         1295625.        0.000000       -30656.28     -9.73352356113E+08  5.87767594923E+05 -1.65601568464E+03   4.38053037              398  0.27742    
       99600  -4.65987403         1295024.        0.000000       -30618.83     -9.72887371490E+08  5.87486809537E+05 -1.65601568528E+03   4.38028480              398  0.27455    
       99700  -4.65822265         1294730.        0.000000       -30613.09     -9.72608224154E+08  5.87318243605E+05 -1.65601568612E+03   4.37955799              397  0.27383    
       99800  -4.65781285         1295014.        0.000000       -30644.33     -9.72494435533E+08  5.87249534059E+05 -1.65601567840E+03   4.37828231              398  0.27434    
       99900  -4.65965004         1295366.        0.000000       -30643.90     -9.72824310156E+08  5.87448731190E+05 -1.65601568019E+03   4.37870389              397  0.27426    
      100000  -4.65910511         1295339.        0.000000       -30666.60     -9.72810998617E+08  5.87440691868E+05 -1.65601568309E+03   4.37810626              399  0.27535    
      100100  -4.66024550         1295748.        0.000000       -30668.62     -9.73139613353E+08  5.87639127572E+05 -1.65601568666E+03   4.37802637              398  0.27374    
      100200  -4.66071492         1295751.        0.000000       -30608.42     -9.73242560375E+08  5.87701294187E+05 -1.65601568348E+03   4.37875806              397  0.27543    
      100300  -4.66145575         1295812.        0.000000       -30625.77     -9.73360058593E+08  5.87772246760E+05 -1.65601568287E+03   4.37909100              398  0.27885    
      100400  -4.66001714         1295075.        0.000000       -30644.82     -9.73134062909E+08  5.87635777748E+05 -1.65601568141E+03   4.37974500              397  0.27563    
      100500  -4.65818280         1294868.        0.000000       -30619.38     -9.72880081685E+08  5.87482408162E+05 -1.65601568348E+03   4.37961904              398  0.27878    
      100600  -4.65834285         1295144.        0.000000       -30663.12     -9.72906668356E+08  5.87498462315E+05 -1.65601568474E+03   4.37777171              398  0.27814    
      100700  -4.65938075         1295549.        0.000000       -30681.85     -9.73172502568E+08  5.87658989275E+05 -1.65601568312E+03   4.37820367              398  0.27556    
      100800  -4.66110432         1295667.        0.000000       -30680.44     -9.73524352757E+08  5.87871457850E+05 -1.65601568125E+03   4.37816603              398  0.27425    
      100900  -4.66151080         1295942.        0.000000       -30692.80     -9.73641447791E+08  5.87942167747E+05 -1.65601567842E+03   4.37861297              398  0.27568    
      101000  -4.66116017         1295652.        0.000000       -30651.97     -9.73604650010E+08  5.87919947465E+05 -1.65601567732E+03   4.37886386              398  0.27744    
      101100  -4.66051303         1295723.        0.000000       -30657.39     -9.73511373983E+08  5.87863620063E+05 -1.65601568248E+03   4.37901562              398  0.27705    
      101200  -4.66057673         1295595.        0.000000       -30662.00     -9.73503652027E+08  5.87858955181E+05 -1.65601568786E+03   4.37905946              395  0.27581    
      101300  -4.66023966         1295393.        0.000000       -30641.42     -9.73282437657E+08  5.87725374683E+05 -1.65601568281E+03   4.37932533              398  0.27400    
      101400  -4.65981151         1295443.        0.000000       -30665.87     -9.73191284002E+08  5.87670330366E+05 -1.65601568382E+03   4.37922819              396  0.27523    
      101500  -4.65972363         1295422.        0.000000       -30685.98     -9.73188532374E+08  5.87668669727E+05 -1.65601568112E+03   4.37867683              399  0.27590    
      101600  -4.65947133         1295318.        0.000000       -30701.19     -9.73165665467E+08  5.87654862369E+05 -1.65601567822E+03   4.37854377              398  0.27560    
      101700  -4.65930975         1295274.        0.000000       -30711.59     -9.73258596041E+08  5.87710978495E+05 -1.65601568059E+03   4.37878975              398  0.27625    
      101800  -4.65978393         1295439.        0.000000       -30695.27     -9.73308605729E+08  5.87741176218E+05 -1.65601568362E+03   4.37898166              398  0.27706    
      101900  -4.65978944         1295344.        0.000000       -30690.64     -9.73287940735E+08  5.87728697182E+05 -1.65601568445E+03   4.37857550              398  0.27909    
      102000  -4.66028019         1295676.        0.000000       -30676.57     -9.73400971660E+08  5.87796952776E+05 -1.65601568205E+03   4.37898449              397  0.27385    
      102100  -4.66015445         1295523.        0.000000       -30650.15     -9.73309012270E+08  5.87741421555E+05 -1.65601568407E+03   4.37876679              398  0.27378    
      102200  -4.66005026         1295438.        0.000000       -30632.30     -9.73378107616E+08  5.87783145135E+05 -1.65601568482E+03   4.37923195              399  0.27477    
      102300  -4.66028682         1295578.        0.000000       -30642.48     -9.73423901663E+08  5.87810798404E+05 -1.65601568448E+03   4.37875653              398  0.27536    
      102400  -4.66100533         1295441.        0.000000       -30617.62     -9.73438960383E+08  5.87819894373E+05 -1.65601567708E+03   4.38088743              398  0.27363    
      102500  -4.65991816         1295487.        0.000000       -30684.96     -9.73011420331E+08  5.87561718713E+05 -1.65601568200E+03   4.37903855              396  0.27324    
      102600  -4.65960384         1295395.        0.000000       -30671.25     -9.72992637940E+08  5.87550378017E+05 -1.65601567856E+03   4.37858198              398  0.27366    
      102700  -4.66075974         1295641.        0.000000       -30664.67     -9.73258317878E+08  5.87710810293E+05 -1.65601568124E+03   4.37889900              398  0.27421    
      102800  -4.66113042         1295640.        0.000000       -30672.72     -9.73510178974E+08  5.87862899458E+05 -1.65601567963E+03   4.37930201              398  0.27635    
      102900  -4.65944185         1295054.        0.000000       -30658.76     -9.73150360365E+08  5.87645618628E+05 -1.65601568278E+03   4.37987757              397  0.27600    
      103000  -4.65875805         1295523.        0.000000       -30661.69     -9.73008637624E+08  5.87560037031E+05 -1.65601568572E+03   4.37786994              397  0.27619    
      103100  -4.66050459         1295710.        0.000000       -30689.09     -9.73254771834E+08  5.87708668642E+05 -1.65601568220E+03   4.37877697              398  0.27941    
      103200  -4.66014787         1295251.        0.000000       -30654.58     -9.73219507593E+08  5.87687375457E+05 -1.65601567813E+03   4.37891194              398  0.27428    
      103300  -4.65990560         1295421.        0.000000       -30661.97     -9.73196989525E+08  5.87673775997E+05 -1.65601568298E+03   4.37842064              398  0.27728    
      103400  -4.65958326         1295423.        0.000000       -30667.24     -9.73132375453E+08  5.87634757995E+05 -1.65601568357E+03   4.37913137              398  0.27767    
      103500  -4.65905985         1295177.        0.000000       -30660.29     -9.73009976237E+08  5.87560843164E+05 -1.65601569192E+03   4.37910584              398  0.27385    
      103600  -4.65878175         1295133.        0.000000       -30663.99     -9.72907072550E+08  5.87498704737E+05 -1.65601568941E+03   4.37859965              398  0.27789    
      103700  -4.65983866         1295519.        0.000000       -30663.74     -9.73028308836E+08  5.87571916604E+05 -1.65601568308E+03   4.37840584              398  0.27472    
      103800  -4.65972514         1295331.        0.000000       -30715.37     -9.73128585765E+08  5.87632470818E+05 -1.65601568002E+03   4.37848383              398  0.27356    
      103900  -4.65901596         1295298.        0.000000       -30671.32     -9.73074486369E+08  5.87599803309E+05 -1.65601567749E+03   4.37794434              397  0.27574    
      104000  -4.66084680         1296038.        0.000000       -30733.05     -9.73478717966E+08  5.87843901476E+05 -1.65601567954E+03   4.37759921              398  0.27970    
      104100  -4.66235548         1296119.        0.000000       -30678.98     -9.73708450352E+08  5.87982625351E+05 -1.65601568545E+03   4.37932443              397  0.27417    
      104200  -4.66234084         1295833.        0.000000       -30670.47     -9.73539188331E+08  5.87880414279E+05 -1.65601568735E+03   4.37971961              398  0.27850    
      104300  -4.66073401         1295426.        0.000000       -30709.74     -9.73328482377E+08  5.87753178264E+05 -1.65601568545E+03   4.37896309              398  0.27984    
      104400  -4.66009870         1295401.        0.000000       -30723.10     -9.73307418725E+08  5.87740459415E+05 -1.65601568368E+03   4.37923994              399  0.27492    
      104500  -4.65924990         1295036.        0.000000       -30702.34     -9.73222441303E+08  5.87689145679E+05 -1.65601568186E+03   4.37905733              397  0.27337    
      104600  -4.65846968         1295020.        0.000000       -30704.36     -9.73112990668E+08  5.87623053104E+05 -1.65601568136E+03   4.37953660              398  0.27600    
      104700  -4.65863922         1295143.        0.000000       -30734.89     -9.73015683923E+08  5.87564294297E+05 -1.65601567925E+03   4.37894891              398  0.27713    
      104800  -4.65957962         1295516.        0.000000       -30720.88     -9.73136007332E+08  5.87636952461E+05 -1.65601567985E+03   4.37885872              398  0.27518    
      104900  -4.65969266         1295197.        0.000000       -30719.87     -9.73184040810E+08  5.87665956376E+05 -1.65601568417E+03   4.37879278              398  0.27595    
      105000  -4.65964542         1295403.        0.000000       -30720.79     -9.73202572734E+08  5.87677148130E+05 -1.65601568111E+03   4.37907261              398  0.27743    
      105100  -4.65965789         1295562.        0.000000       -30673.16     -9.73170355251E+08  5.87657692031E+05 -1.65601568472E+03   4.37844117              397  0.27651    
      105200  -4.66127327         1295796.        0.000000       -30711.10     -9.73378096806E+08  5.87783135426E+05 -1.65601569378E+03   4.37849136              397  0.27676    
      105300  -4.66016730         1295236.        0.000000       -30683.01     -9.73251742840E+08  5.87706839378E+05 -1.65601568270E+03   4.37936283              398  0.27450    
      105400  -4.65918465         1295043.        0.000000       -30650.22     -9.73138421445E+08  5.87638407538E+05 -1.65601568747E+03   4.37963967              398  0.27493    
      105500  -4.65872473         1295030.        0.000000       -30675.69     -9.72923362700E+08  5.87508542892E+05 -1.65601568602E+03   4.37951531              397  0.27782    
      105600  -4.65899841         1295404.        0.000000       -30660.56     -9.73063016689E+08  5.87592874595E+05 -1.65601568494E+03   4.37811626              396  0.27482    
      105700  -4.65934674         1295181.        0.000000       -30655.89     -9.73039403302E+08  5.87578614771E+05 -1.65601568682E+03   4.37933289              398  0.27517    
      105800  -4.65805117         1294754.        0.000000       -30658.35     -9.72740244443E+08  5.87397965693E+05 -1.65601568486E+03   4.37963685              397  0.27592    
      105900  -4.65789234         1295219.        0.000000       -30612.40     -9.72628503735E+08  5.87330490533E+05 -1.65601568352E+03   4.37791278              398  0.27574    
      106000  -4.66047064         1295801.        0.000000       -30650.47     -9.73101622146E+08  5.87616188566E+05 -1.65601568010E+03   4.37819695              398  0.27578    
      106100  -4.66081008         1295719.        0.000000       -30704.23     -9.73274316888E+08  5.87720468942E+05 -1.65601568828E+03   4.37823483              398  0.27432    
      106200  -4.66085391         1295812.        0.000000       -30658.98     -9.73398204739E+08  5.87795279773E+05 -1.65601568817E+03   4.37860624              398  0.27600    
      106300  -4.66115953         1295447.        0.000000       -30662.64     -9.73539246120E+08  5.87880449272E+05 -1.65601568708E+03   4.38015539              398  0.27574    
      106400  -4.65936212         1295164.        0.000000       -30670.69     -9.73107166016E+08  5.87619534019E+05 -1.65601568648E+03   4.37954359              398  0.27460    
      106500  -4.65872318         1295189.        0.000000       -30665.66     -9.72937996662E+08  5.87517380684E+05 -1.65601568336E+03   4.37901857              399  0.27406    
      106600  -4.65964765         1295376.        0.000000       -30690.59     -9.72984436724E+08  5.87545421524E+05 -1.65601569016E+03   4.37878949              398  0.27420    
      106700  -4.65985791         1295532.        0.000000       -30736.10     -9.73088431350E+08  5.87608221113E+05 -1.65601568594E+03   4.37856055              397  0.27523    
      106800  -4.66002315         1295347.        0.000000       -30711.44     -9.73142268280E+08  5.87640729527E+05 -1.65601569017E+03   4.37933605              397  0.27791    
      106900  -4.65987866         1295451.        0.000000       -30707.37     -9.73194753916E+08  5.87672424505E+05 -1.65601568720E+03   4.37859758              399  0.27569    
      107000  -4.66158065         1295867.        0.000000       -30664.96     -9.73458585448E+08  5.87831741978E+05 -1.65601568601E+03   4.37900021              398  0.27355    
      107100  -4.66098883         1295732.        0.000000       -30694.32     -9.73326946628E+08  5.87752248810E+05 -1.65601569130E+03   4.37885843              398  0.27527    
      107200  -4.66027242         1295075.        0.000000       -30683.01     -9.73127596711E+08  5.87631869612E+05 -1.65601569117E+03   4.38042169              398  0.27593    
      107300  -4.65924034         1295121.        0.000000       -30662.02     -9.72822106971E+08  5.87447398059E+05 -1.65601568785E+03   4.37909147              398  0.27620    
      107400  -4.65966227         1295343.        0.000000       -30629.83     -9.72857086571E+08  5.87468522301E+05 -1.65601568363E+03   4.37863541              398  0.27449    
      107500  -4.66000742         1295363.        0.000000       -30623.74     -9.72962693812E+08  5.87532295292E+05 -1.65601568051E+03   4.37891762              398  0.27943    
      107600  -4.66096616         1295803.        0.000000       -30622.41     -9.73076550610E+08  5.87601046239E+05 -1.65601568758E+03   4.37879564              396  0.27424    
      107700  -4.66029724         1295562.        0.000000       -30624.48     -9.73035977465E+08  5.87576547341E+05 -1.65601568318E+03   4.37798814              397  0.27476    
      107800  -4.66105086         1295489.        0.000000       -30637.59     -9.73176801471E+08  5.87661583713E+05 -1.65601568733E+03   4.37880809              397  0.27558    
      107900  -4.66018757         1295428.        0.000000       -30646.18     -9.73062289306E+08  5.87592433468E+05 -1.65601569027E+03   4.37935007              398  0.27836    
      108000  -4.66044844         1295548.        0.000000       -30682.43     -9.73115437953E+08  5.87624527976E+05 -1.65601568965E+03   4.37897653              399  0.28276    
      108100  -4.66048311         1295566.        0.000000       -30695.64     -9.73124389103E+08  5.87629933628E+05 -1.65601568847E+03   4.37847366              399  0.27433    
      108200  -4.66014481         1295255.        0.000000       -30721.83     -9.73196734610E+08  5.87673621388E+05 -1.65601568488E+03   4.37890088              397  0.27376    
      108300  -4.66040589         1295742.        0.000000       -30729.85     -9.73303988156E+08  5.87738388026E+05 -1.65601568314E+03   4.37816017              397  0.27640    
      108400  -4.66189494         1295845.        0.000000       -30708.91     -9.73567691124E+08  5.87897627305E+05 -1.65601568353E+03   4.37926318              398  0.27351    
      108500  -4.66107783         1295444.        0.000000       -30718.06     -9.73451402851E+08  5.87827406065E+05 -1.65601568216E+03   4.38006718              398  0.27616    
      108600  -4.65906848         1295154.        0.000000       -30691.98     -9.73034789097E+08  5.87575829201E+05 -1.65601568468E+03   4.37957948              398  0.27395    
      108700  -4.65957028         1295552.        0.000000       -30662.47     -9.73036918078E+08  5.87577114005E+05 -1.65601568694E+03   4.37853559              399  0.28017    
      108800  -4.66014734         1295520.        0.000000       -30638.98     -9.73137291105E+08  5.87637726085E+05 -1.65601568434E+03   4.37879877              399  0.27425    
      108900  -4.66007395         1295504.        0.000000       -30629.49     -9.73184637231E+08  5.87666314925E+05 -1.65601568869E+03   4.37930387              398  0.27605    
      109000  -4.65956978         1295285.        0.000000       -30666.21     -9.73063670709E+08  5.87593266435E+05 -1.65601569367E+03   4.37911029              398  0.27528    
      109100  -4.65964983         1295732.        0.000000       -30673.03     -9.73025978070E+08  5.87570507787E+05 -1.65601568692E+03   4.37786809              399  0.27851    
      109200  -4.66044491         1295412.        0.000000       -30662.50     -9.73161053996E+08  5.87652074417E+05 -1.65601568745E+03   4.37914219              399  0.27388    
      109300  -4.65957800         1295351.        0.000000       -30675.60     -9.73023796920E+08  5.87569189918E+05 -1.65601568907E+03   4.37882911              398  0.27405    
      109400  -4.65985777         1295491.        0.000000       -30652.31     -9.73085547360E+08  5.87606478372E+05 -1.65601568937E+03   4.37853084              398  0.27512    
      109500  -4.66011869         1295587.        0.000000       -30636.56     -9.73096775993E+08  5.87613260025E+05 -1.65601568615E+03   4.37868539              397  0.27576    
      109600  -4.66075687         1295898.        0.000000       -30686.87     -9.73216441500E+08  5.87685520792E+05 -1.65601568708E+03   4.37881640              397  0.27443    
      109700  -4.66198878         1295874.        0.000000       -30704.90     -9.73302746899E+08  5.87737638384E+05 -1.65601568342E+03   4.37947671              398  0.27607    
      109800  -4.66082225         1295296.        0.000000       -30707.31     -9.73152015655E+08  5.87646617615E+05 -1.65601568440E+03   4.37946903              397  0.27763    
      109900  -4.65927201         1295386.        0.000000       -30725.94     -9.73061896355E+08  5.87592199272E+05 -1.65601568156E+03   4.37882544              398  0.27387    
      110000  -4.66029920         1295684.        0.000000       -30705.37     -9.73176875687E+08  5.87661629742E+05 -1.65601568391E+03   4.37869385              397  0.27760    
      110100  -4.66113871         1295782.        0.000000       -30696.92     -9.73304675430E+08  5.87738801348E+05 -1.65601568792E+03   4.37901242              398  0.27458    
      110200  -4.66072708         1295476.        0.000000       -30718.95     -9.73199830935E+08  5.87675491749E+05 -1.65601568314E+03   4.37879326              398  0.27647    
      110300  -4.66036735         1295322.        0.000000       -30731.06     -9.73307825453E+08  5.87740705667E+05 -1.65601568186E+03   4.37934577              397  0.27670    
      110400  -4.66020194         1295463.        0.000000       -30726.38     -9.73356128156E+08  5.87769873033E+05 -1.65601568371E+03   4.37815930              398  0.27859    
      110500  -4.66063832         1295733.        0.000000       -30711.87     -9.73585059883E+08  5.87908112449E+05 -1.65601569236E+03   4.37867681              397  0.27401    
      110600  -4.66180086         1295932.        0.000000       -30704.97     -9.73660223794E+08  5.87953503289E+05 -1.65601568550E+03   4.37876909              398  0.27390    
      110700  -4.66037786         1295340.        0.000000       -30790.91     -9.73352228034E+08  5.87767515024E+05 -1.65601569184E+03   4.37959520              398  0.27484    
      110800  -4.66008726         1295642.        0.000000       -30771.27     -9.73190172348E+08  5.87669656594E+05 -1.65601569084E+03   4.37834512              398  0.27344    
      110900  -4.66103029         1295707.        0.000000       -30739.68     -9.73335573212E+08  5.87757458151E+05 -1.65601569102E+03   4.37901273              398  0.27844    
      111000  -4.66061723         1295514.        0.000000       -30688.56     -9.73197563707E+08  5.87674121170E+05 -1.65601568735E+03   4.37932984              398  0.27630    
      111100  -4.66033278         1295560.        0.000000       -30639.44     -9.73095258835E+08  5.87612342826E+05 -1.65601568911E+03   4.37874682              399  0.27992    
      111200  -4.66020163         1295320.        0.000000       -30687.99     -9.73093553643E+08  5.87611313056E+05 -1.65601568932E+03   4.37922814              397  0.27487    
      111300  -4.66045538         1295523.        0.000000       -30704.15     -9.73199585325E+08  5.87675342620E+05 -1.65601568544E+03   4.37836263              399  0.27393    
      111400  -4.66020630         1295495.        0.000000       -30690.35     -9.73308121751E+08  5.87740883266E+05 -1.65601568559E+03   4.37917087              398  0.27626    
      111500  -4.66084386         1295574.        0.000000       -30698.43     -9.73340538582E+08  5.87760458397E+05 -1.65601568577E+03   4.37889990              397  0.27559    
      111600  -4.66010416         1295234.        0.000000       -30655.74     -9.73183975839E+08  5.87665918846E+05 -1.65601567937E+03   4.37999009              398  0.27781    
      111700  -4.65736755         1294502.        0.000000       -30636.09     -9.72580428735E+08  5.87301460080E+05 -1.65601568333E+03   4.38000971              398  0.28044    
      111800  -4.65627926         1294787.        0.000000       -30590.90     -9.72360777983E+08  5.87168821069E+05 -1.65601568594E+03   4.37919872              398  0.27509    
      111900  -4.65853920         1295138.        0.000000       -30573.41     -9.72663840406E+08  5.87351830487E+05 -1.65601567905E+03   4.37811634              398  0.27374    
      112000  -4.65892727         1295179.        0.000000       -30627.58     -9.72912941368E+08  5.87502251626E+05 -1.65601568109E+03   4.37941671              397  0.27331    
      112100  -4.65930294         1295415.        0.000000       -30612.23     -9.72857886682E+08  5.87469005741E+05 -1.65601568283E+03   4.37888740              398  0.27919    
      112200  -4.65970876         1295415.        0.000000       -30645.33     -9.72928070013E+08  5.87511382944E+05 -1.65601569307E+03   4.37855361              397  0.27396    
      112300  -4.65965855         1295410.        0.000000       -30667.89     -9.72940554654E+08  5.87518924625E+05 -1.65601568541E+03   4.37876777              396  0.27336    
      112400  -4.66000284         1295514.        0.000000       -30652.26     -9.73027981887E+08  5.87571717319E+05 -1.65601568831E+03   4.37878555              398  0.27942    
      112500  -4.66066575         1295543.        0.000000       -30697.13     -9.73153809566E+08  5.87647698842E+05 -1.65601569015E+03   4.37877385              398  0.27399    
      112600  -4.66068241         1295665.        0.000000       -30678.59     -9.73234430863E+08  5.87696384713E+05 -1.65601568459E+03   4.37857817              398  0.27391    
      112700  -4.66149328         1295925.        0.000000       -30692.74     -9.73462567934E+08  5.87834147550E+05 -1.65601568400E+03   4.37861983              398  0.27510    
      112800  -4.66216106         1296039.        0.000000       -30720.02     -9.73601989024E+08  5.87918339693E+05 -1.65601567988E+03   4.37860262              398  0.28051    
      112900  -4.66154693         1295460.        0.000000       -30693.05     -9.73375558475E+08  5.87781605554E+05 -1.65601568555E+03   4.38013836              399  0.27486    
      113000  -4.65925748         1295354.        0.000000       -30704.46     -9.72900635659E+08  5.87494819094E+05 -1.65601568565E+03   4.37867522              398  0.27526    
      113100  -4.65985851         1295427.        0.000000       -30698.13     -9.72978125633E+08  5.87541610847E+05 -1.65601568922E+03   4.37860958              398  0.27459    
      113200  -4.65892113         1295175.        0.000000       -30673.09     -9.73008169359E+08  5.87559752705E+05 -1.65601569011E+03   4.37846783              398  0.27496    
      113300  -4.65934510         1295264.        0.000000       -30694.15     -9.73157547284E+08  5.87649956970E+05 -1.65601568713E+03   4.37888057              398  0.27444    
      113400  -4.65902105         1295296.        0.000000       -30724.18     -9.73165800630E+08  5.87654940011E+05 -1.65601568943E+03   4.37853251              398  0.27813    
      113500  -4.65916960         1295092.        0.000000       -30689.60     -9.73181867609E+08  5.87664642197E+05 -1.65601568944E+03   4.37944676              398  0.28140    
      113600  -4.65919930         1295126.        0.000000       -30697.48     -9.73054275123E+08  5.87587593334E+05 -1.65601569223E+03   4.37918784              398  0.27409    
      113700  -4.65889402         1295317.        0.000000       -30657.50     -9.73143088816E+08  5.87641224360E+05 -1.65601569202E+03   4.37756418              398  0.27407    
      113800  -4.66121791         1295933.        0.000000       -30608.02     -9.73638198521E+08  5.87940200125E+05 -1.65601569397E+03   4.37856746              399  0.27372    
      113900  -4.66146607         1295608.        0.000000       -30647.31     -9.73562385853E+08  5.87894418722E+05 -1.65601569746E+03   4.37923403              398  0.27552    
      114000  -4.66073537         1295626.        0.000000       -30649.66     -9.73462859042E+08  5.87834322138E+05 -1.65601568738E+03   4.37921555              398  0.27490    
      114100  -4.66042628         1295633.        0.000000       -30638.05     -9.73365599721E+08  5.87775591466E+05 -1.65601568669E+03   4.37812859              397  0.27690    
      114200  -4.65996959         1295284.        0.000000       -30642.63     -9.73330656346E+08  5.87754488587E+05 -1.65601569234E+03   4.37971072              399  0.27552    
      114300  -4.65904222         1295033.        0.000000       -30684.51     -9.73104245282E+08  5.87617768904E+05 -1.65601569043E+03   4.37913287              396  0.27566    
      114400  -4.65988527         1295698.        0.000000       -30714.54     -9.73259384366E+08  5.87711453408E+05 -1.65601568376E+03   4.37770451              397  0.27387    
      114500  -4.66115105         1295665.        0.000000       -30658.66     -9.73588034374E+08  5.87909910481E+05 -1.65601568713E+03   4.37899937              398  0.27838    
      114600  -4.65913099         1295079.        0.000000       -30666.83     -9.73247675508E+08  5.87704380127E+05 -1.65601569159E+03   4.37937286              399  0.27567    
      114700  -4.65913234         1295394.        0.000000       -30675.58     -9.73281065296E+08  5.87724543145E+05 -1.65601569077E+03   4.37857412              398  0.27579    
      114800  -4.65876569         1295036.        0.000000       -30671.72     -9.73224626368E+08  5.87690463175E+05 -1.65601568743E+03   4.37940496              399  0.27406    
      114900  -4.66063201         1296156.        0.000000       -30701.58     -9.73427183511E+08  5.87812779626E+05 -1.65601568603E+03   4.37808709              397  0.27505    
      115000  -4.66215281         1296005.        0.000000       -30692.73     -9.73632787448E+08  5.87936934211E+05 -1.65601568943E+03   4.37888360              397  0.27555    
      115100  -4.66072389         1295318.        0.000000       -30712.49     -9.73414425764E+08  5.87805072693E+05 -1.65601569463E+03   4.37993661              398  0.27375    
      115200  -4.65993644         1295620.        0.000000       -30683.56     -9.73186983079E+08  5.87667731103E+05 -1.65601568977E+03   4.37938670              398  0.28121    
      115300  -4.66059629         1295615.        0.000000       -30670.41     -9.73138812432E+08  5.87638642387E+05 -1.65601569100E+03   4.37957051              398  0.27783    
      115400  -4.65933457         1295226.        0.000000       -30696.49     -9.72864905642E+08  5.87473242151E+05 -1.65601568861E+03   4.37879671              397  0.27347    
      115500  -4.65858696         1294956.        0.000000       -30679.78     -9.72817474172E+08  5.87444598806E+05 -1.65601569263E+03   4.37955630              398  0.27367    
      115600  -4.65847292         1294830.        0.000000       -30664.11     -9.72765281914E+08  5.87413083627E+05 -1.65601568816E+03   4.37909719              398  0.27387    
      115700  -4.65817626         1295008.        0.000000       -30659.02     -9.72819874176E+08  5.87446050315E+05 -1.65601568630E+03   4.37848450              397  0.27777    
      115800  -4.66004803         1295728.        0.000000       -30680.23     -9.73306779229E+08  5.87740072297E+05 -1.65601568637E+03   4.37810647              398  0.27478    
      115900  -4.66119587         1295877.        0.000000       -30652.22     -9.73507600206E+08  5.87861339993E+05 -1.65601568597E+03   4.37846862              398  0.27459    
      116000  -4.66162238         1295668.        0.000000       -30670.41     -9.73591422502E+08  5.87911957802E+05 -1.65601568327E+03   4.37901415              397  0.27577    
      116100  -4.66153984         1295690.        0.000000       -30651.30     -9.73569002084E+08  5.87898415931E+05 -1.65601569200E+03   4.37946422              398  0.27941    
      116200  -4.66059656         1295291.        0.000000       -30610.79     -9.73355922915E+08  5.87769746747E+05 -1.65601569033E+03   4.37988295              398  0.27544    
      116300  -4.66019466         1295487.        0.000000       -30628.01     -9.73227041001E+08  5.87691920319E+05 -1.65601569011E+03   4.37937742              398  0.27688    
      116400  -4.65996410         1295356.        0.000000       -30643.93     -9.73073154331E+08  5.87598998192E+05 -1.65601567961E+03   4.37918056              399  0.27440    
      116500  -4.65986295         1295477.        0.000000       -30670.71     -9.73080026785E+08  5.87603144634E+05 -1.65601568962E+03   4.37845826              398  0.27470    
      116600  -4.66023407         1295472.        0.000000       -30693.73     -9.73292137382E+08  5.87731230556E+05 -1.65601568673E+03   4.37971625              398  0.27367    
      116700  -4.65906222         1295189.        0.000000       -30722.11     -9.72924909349E+08  5.87509479320E+05 -1.65601567906E+03   4.37860194              397  0.27360    
      116800  -4.65925111         1295286.        0.000000       -30703.48     -9.73047243282E+08  5.87583350080E+05 -1.65601568381E+03   4.37895351              399  0.27747    
      116900  -4.65996681         1295480.        0.000000       -30668.94     -9.73154060060E+08  5.87647853151E+05 -1.65601568157E+03   4.37856464              397  0.27528    
      117000  -4.66099067         1295721.        0.000000       -30663.89     -9.73251469636E+08  5.87706673676E+05 -1.65601568474E+03   4.37857951              396  0.27385    
      117100  -4.66205351         1296178.        0.000000       -30685.39     -9.73496752349E+08  5.87854789493E+05 -1.65601568576E+03   4.37812295              399  0.28112    
      117200  -4.66172673         1295807.        0.000000       -30664.98     -9.73526063349E+08  5.87872490977E+05 -1.65601568077E+03   4.37930032              399  0.27491    
      117300  -4.66112270         1295583.        0.000000       -30656.70     -9.73496068595E+08  5.87854376135E+05 -1.65601568707E+03   4.38013314              399  0.27827    
      117400  -4.65982584         1295391.        0.000000       -30639.38     -9.73177207596E+08  5.87661827975E+05 -1.65601569009E+03   4.37851869              398  0.27405    
      117500  -4.65905787         1295069.        0.000000       -30654.96     -9.73145035706E+08  5.87642402552E+05 -1.65601568484E+03   4.37925074              397  0.27585    
      117600  -4.65816439         1294870.        0.000000       -30665.71     -9.72929461981E+08  5.87512224059E+05 -1.65601569148E+03   4.37951920              398  0.27959    
      117700  -4.65865570         1295549.        0.000000       -30672.28     -9.72905625270E+08  5.87497829590E+05 -1.65601569277E+03   4.37815490              397  0.27469    
      117800  -4.65949804         1295304.        0.000000       -30684.89     -9.73057302663E+08  5.87589422318E+05 -1.65601569005E+03   4.37905477              398  0.27451    
      117900  -4.65933930         1295402.        0.000000       -30699.93     -9.73023990106E+08  5.87569305836E+05 -1.65601569116E+03   4.37904157              398  0.27407    
      118000  -4.66014396         1295616.        0.000000       -30720.18     -9.73070024756E+08  5.87597105557E+05 -1.65601568754E+03   4.37874764              398  0.27503    
      118100  -4.66004318         1295463.        0.000000       -30722.55     -9.73122717465E+08  5.87628923804E+05 -1.65601568957E+03   4.37874511              399  0.27527    
      118200  -4.65966235         1295282.        0.000000       -30704.60     -9.73223596068E+08  5.87689840408E+05 -1.65601568915E+03   4.37960591              397  0.27389    
      118300  -4.66041542         1295593.        0.000000       -30673.95     -9.73196487328E+08  5.87673471529E+05 -1.65601568639E+03   4.37875830              399  0.27492    
      118400  -4.66035929         1295649.        0.000000       -30664.93     -9.73228068261E+08  5.87692541458E+05 -1.65601568781E+03   4.37849165              399  0.27704    
      118500  -4.66089431         1295506.        0.000000       -30651.68     -9.73333089182E+08  5.87755958750E+05 -1.65601568932E+03   4.37929940              398  0.27628    
      118600  -4.66063111         1295780.        0.000000       -30628.41     -9.73253532343E+08  5.87707916906E+05 -1.65601569138E+03   4.37888151              397  0.27477    
      118700  -4.66056000         1295484.        0.000000       -30630.75     -9.73112911912E+08  5.87623001662E+05 -1.65601569231E+03   4.37928660              397  0.27427    
      118800  -4.65990418         1295346.        0.000000       -30628.36     -9.73117004656E+08  5.87625474533E+05 -1.65601568828E+03   4.37927456              399  0.27695    
      118900  -4.65815055         1294655.        0.000000       -30640.53     -9.72873269799E+08  5.87478294337E+05 -1.65601568462E+03   4.37981671              398  0.27894    
      119000  -4.65773539         1295326.        0.000000       -30638.37     -9.72736746906E+08  5.87395853624E+05 -1.65601568500E+03   4.37796657              398  0.27429    
      119100  -4.65994670         1295690.        0.000000       -30661.97     -9.73099688107E+08  5.87615018389E+05 -1.65601568655E+03   4.37807516              399  0.28116    
      119200  -4.66056410         1295666.        0.000000       -30687.99     -9.73380464727E+08  5.87784567480E+05 -1.65601568769E+03   4.37893708              398  0.27635    
      119300  -4.66046630         1295559.        0.000000       -30656.13     -9.73331935681E+08  5.87755264782E+05 -1.65601568204E+03   4.37876410              398  0.27499    
      119400  -4.66027807         1295563.        0.000000       -30647.02     -9.73253819659E+08  5.87708095337E+05 -1.65601567748E+03   4.37882960              398  0.27391    
      119500  -4.66033067         1295125.        0.000000       -30621.81     -9.73156119567E+08  5.87649096043E+05 -1.65601568371E+03   4.38010860              399  0.27368    
      119600  -4.65860461         1295045.        0.000000       -30635.14     -9.72877219569E+08  5.87480679637E+05 -1.65601568407E+03   4.37864213              398  0.27878    
      119700  -4.66006626         1295833.        0.000000       -30693.22     -9.73180931249E+08  5.87664078892E+05 -1.65601568346E+03   4.37763085              398  0.27379    
      119800  -4.66103313         1295679.        0.000000       -30697.76     -9.73463909987E+08  5.87834956473E+05 -1.65601568819E+03   4.37922486              398  0.27897    
      119900  -4.66070201         1295508.        0.000000       -30672.96     -9.73281002709E+08  5.87724507202E+05 -1.65601568555E+03   4.37929744              398  0.27993    
      120000  -4.65976316         1295327.        0.000000       -30632.86     -9.73147933716E+08  5.87644150810E+05 -1.65601568973E+03   4.37952650              396  0.27881    
      120100  -4.65969311         1295675.        0.000000       -30628.89     -9.73052947234E+08  5.87586792735E+05 -1.65601568868E+03   4.37841118              398  0.27466    
      120200  -4.66025639         1295529.        0.000000       -30624.69     -9.73050309311E+08  5.87585200374E+05 -1.65601568707E+03   4.37910784              398  0.27794    
      120300  -4.66019988         1295518.        0.000000       -30651.76     -9.73015923494E+08  5.87564440685E+05 -1.65601567440E+03   4.37911819              398  0.27573    
      120400  -4.65961001         1295231.        0.000000       -30648.00     -9.72893427690E+08  5.87490469201E+05 -1.65601567803E+03   4.37968202              398  0.27779    
      120500  -4.65871491         1294911.        0.000000       -30651.37     -9.72631532195E+08  5.87332320053E+05 -1.65601568139E+03   4.37925594              398  0.28173    
      120600  -4.65803209         1295056.        0.000000       -30659.61     -9.72633574439E+08  5.87333550471E+05 -1.65601568931E+03   4.37873603              399  0.27378    
      120700  -4.65903177         1295414.        0.000000       -30680.09     -9.72769270685E+08  5.87415493014E+05 -1.65601568609E+03   4.37818940              398  0.27731    
      120800  -4.66015820         1295626.        0.000000       -30685.39     -9.72964019033E+08  5.87533093120E+05 -1.65601568733E+03   4.37871656              398  0.27363    
      120900  -4.66080835         1295655.        0.000000       -30645.25     -9.73029135270E+08  5.87572413378E+05 -1.65601568950E+03   4.37864513              398  0.27519    
      121000  -4.66046070         1295371.        0.000000       -30643.36     -9.73056624234E+08  5.87589009679E+05 -1.65601569840E+03   4.37934876              398  0.27518    
      121100  -4.65946189         1295211.        0.000000       -30615.52     -9.72802528018E+08  5.87435573742E+05 -1.65601569176E+03   4.37923770              399  0.27846    
      121200  -4.65895403         1294925.        0.000000       -30629.98     -9.72755399982E+08  5.87407114955E+05 -1.65601569204E+03   4.37966240              398  0.27657    
      121300  -4.65851435         1295077.        0.000000       -30707.04     -9.72822025152E+08  5.87447348683E+05 -1.65601568776E+03   4.37910295              397  0.27636    
      121400  -4.65917938         1295257.        0.000000       -30707.93     -9.72939589700E+08  5.87518340542E+05 -1.65601568932E+03   4.37877826              398  0.27517    
      121500  -4.65901774         1295151.        0.000000       -30685.16     -9.72897712923E+08  5.87493053272E+05 -1.65601568819E+03   4.37863430              399  0.27700    
      121600  -4.65866046         1295326.        0.000000       -30666.70     -9.72977290091E+08  5.87541106899E+05 -1.65601568752E+03   4.37792664              398  0.27873    
      121700  -4.65888146         1294949.        0.000000       -30646.82     -9.73099097196E+08  5.87614660880E+05 -1.65601568848E+03   4.37940716              397  0.27698    
      121800  -4.65856441         1295090.        0.000000       -30672.56     -9.73024433226E+08  5.87569576357E+05 -1.65601568287E+03   4.37902985              397  0.27676    
      121900  -4.65873414         1295190.        0.000000       -30693.40     -9.73028165254E+08  5.87571829283E+05 -1.65601568482E+03   4.37846315              398  0.27558    
      122000  -4.65910971         1295385.        0.000000       -30669.99     -9.73065970032E+08  5.87594658170E+05 -1.65601568446E+03   4.37848494              398  0.27478    
      122100  -4.65909866         1295252.        0.000000       -30630.75     -9.73053576498E+08  5.87587175021E+05 -1.65601568221E+03   4.37885730              398  0.27437    
      122200  -4.65933628         1295372.        0.000000       -30608.11     -9.73054723922E+08  5.87587866824E+05 -1.65601568525E+03   4.37857446              398  0.27537    
      122300  -4.66040804         1295660.        0.000000       -30670.39     -9.73240342520E+08  5.87699952959E+05 -1.65601568899E+03   4.37764457              398  0.27446    
      122400  -4.66198217         1295911.        0.000000       -30691.65     -9.73625497458E+08  5.87932533900E+05 -1.65601568432E+03   4.37933131              398  0.27460    
      122500  -4.66146404         1295663.        0.000000       -30696.57     -9.73419184456E+08  5.87807949557E+05 -1.65601568538E+03   4.37961349              397  0.27413    
      122600  -4.65981440         1295134.        0.000000       -30715.13     -9.73085228272E+08  5.87606289289E+05 -1.65601567922E+03   4.37998688              398  0.27832    
      122700  -4.65883215         1295305.        0.000000       -30733.85     -9.72922883400E+08  5.87508255119E+05 -1.65601568135E+03   4.37859306              397  0.27650    
      122800  -4.65975052         1295463.        0.000000       -30698.56     -9.73020123550E+08  5.87566972190E+05 -1.65601568775E+03   4.37947310              397  0.27498    
      122900  -4.65925050         1295087.        0.000000       -30699.56     -9.72793070449E+08  5.87429865090E+05 -1.65601568504E+03   4.37911858              397  0.27491    
      123000  -4.65862565         1295080.        0.000000       -30743.58     -9.72766142329E+08  5.87413603368E+05 -1.65601568767E+03   4.37890095              398  0.27509    
      123100  -4.65849964         1295260.        0.000000       -30720.64     -9.72825500856E+08  5.87449448609E+05 -1.65601568468E+03   4.37860181              397  0.27543    
      123200  -4.65977240         1295473.        0.000000       -30698.45     -9.73066778426E+08  5.87595144506E+05 -1.65601568958E+03   4.37834152              398  0.27513    
      123300  -4.65939603         1295466.        0.000000       -30674.39     -9.73108261743E+08  5.87620193105E+05 -1.65601569375E+03   4.37880925              397  0.27760    
      123400  -4.65971644         1295556.        0.000000       -30700.86     -9.73159601404E+08  5.87651196537E+05 -1.65601568948E+03   4.37852858              395  0.27615    
      123500  -4.65900273         1294794.        0.000000       -30631.30     -9.73031981766E+08  5.87574131281E+05 -1.65601569226E+03   4.37942861              397  0.27837    
      123600  -4.65766484         1294781.        0.000000       -30637.47     -9.72891940000E+08  5.87489567511E+05 -1.65601568743E+03   4.37903499              398  0.27435    
      123700  -4.65867940         1295255.        0.000000       -30693.27     -9.73158475642E+08  5.87650517930E+05 -1.65601568611E+03   4.37846125              399  0.27692    
      123800  -4.65956306         1295560.        0.000000       -30742.88     -9.73208368586E+08  5.87680646036E+05 -1.65601568667E+03   4.37862865              397  0.27570    
      123900  -4.66075440         1295775.        0.000000       -30746.40     -9.73415944598E+08  5.87805994183E+05 -1.65601568244E+03   4.37879771              397  0.27537    
      124000  -4.66078038         1295518.        0.000000       -30730.89     -9.73234221992E+08  5.87696257746E+05 -1.65601568695E+03   4.37909329              398  0.27788    
      124100  -4.65995240         1295360.        0.000000       -30758.61     -9.73170139192E+08  5.87657558333E+05 -1.65601569382E+03   4.37921485              398  0.27430    
      124200  -4.65941799         1295457.        0.000000       -30752.64     -9.73146401277E+08  5.87643227060E+05 -1.65601568514E+03   4.37886538              397  0.27349    
      124300  -4.65987022         1295240.        0.000000       -30710.12     -9.73076335702E+08  5.87600918127E+05 -1.65601568290E+03   4.37937564              398  0.27516    
      124400  -4.65992538         1295467.        0.000000       -30710.50     -9.73083942226E+08  5.87605510291E+05 -1.65601568601E+03   4.37950048              397  0.27510    
      124500  -4.65967134         1295237.        0.000000       -30714.76     -9.73031123927E+08  5.87573614771E+05 -1.65601568802E+03   4.37893874              399  0.27314    
      124600  -4.65983111         1295522.        0.000000       -30706.90     -9.73099079484E+08  5.87614651748E+05 -1.65601568407E+03   4.37882421              399  0.27671    
      124700  -4.66002356         1295375.        0.000000       -30708.44     -9.73119486536E+08  5.87626972873E+05 -1.65601568930E+03   4.37890939              398  0.27540    
      124800  -4.66003862         1295427.        0.000000       -30692.13     -9.73160152659E+08  5.87651530603E+05 -1.65601568613E+03   4.37878844              399  0.27504    
      124900  -4.66093070         1295759.        0.000000       -30707.88     -9.73432237851E+08  5.87815830273E+05 -1.65601569015E+03   4.37850016              398  0.27452    
      125000  -4.66047865         1295421.        0.000000       -30678.79     -9.73384684179E+08  5.87787117710E+05 -1.65601568128E+03   4.37917249              398  0.27882    
      125100  -4.66031472         1295789.        0.000000       -30730.84     -9.73489752371E+08  5.87850560754E+05 -1.65601569066E+03   4.37831832              400  0.27771    
      125200  -4.66208542         1296106.        0.000000       -30714.03     -9.73794362150E+08  5.88034502461E+05 -1.65601568968E+03   4.37867918              398  0.27600    
      125300  -4.66291172         1296109.        0.000000       -30635.15     -9.73826609005E+08  5.88053976163E+05 -1.65601568645E+03   4.37997847              398  0.27488    
      125400  -4.66218239         1295933.        0.000000       -30649.11     -9.73560471392E+08  5.87893265842E+05 -1.65601568849E+03   4.37926173              398  0.27691    
      125500  -4.66121443         1295493.        0.000000       -30638.26     -9.73550269172E+08  5.87887106074E+05 -1.65601568586E+03   4.37974348              398  0.27559    
      125600  -4.66076331         1295516.        0.000000       -30657.93     -9.73470659031E+08  5.87839033508E+05 -1.65601568379E+03   4.37939885              397  0.27542    
      125700  -4.66037009         1295549.        0.000000       -30677.26     -9.73418730229E+08  5.87807674055E+05 -1.65601568879E+03   4.37881397              398  0.27441    
      125800  -4.65954710         1295204.        0.000000       -30693.06     -9.73232433133E+08  5.87695177313E+05 -1.65601568756E+03   4.37970356              397  0.27818    
      125900  -4.65953832         1295316.        0.000000       -30683.81     -9.73150105007E+08  5.87645459504E+05 -1.65601569665E+03   4.37905605              398  0.27409    
      126000  -4.65912200         1295349.        0.000000       -30650.44     -9.73017368761E+08  5.87565307938E+05 -1.65601568986E+03   4.37876193              399  0.27483    
      126100  -4.65916515         1295399.        0.000000       -30670.29     -9.72926514661E+08  5.87510445125E+05 -1.65601568914E+03   4.37881014              397  0.27718    
      126200  -4.65955405         1295504.        0.000000       -30655.34     -9.72970533766E+08  5.87537026631E+05 -1.65601568865E+03   4.37849189              399  0.27685    
      126300  -4.66097648         1295714.        0.000000       -30663.77     -9.73238021971E+08  5.87698552560E+05 -1.65601568650E+03   4.37859460              398  0.27420    
      126400  -4.66072363         1295683.        0.000000       -30670.46     -9.73113932789E+08  5.87623621516E+05 -1.65601568276E+03   4.37911062              397  0.27506    
      126500  -4.66026975         1295503.        0.000000       -30667.41     -9.72991746852E+08  5.87549836088E+05 -1.65601568938E+03   4.37906968              397  0.27428    
      126600  -4.65914703         1295092.        0.000000       -30683.02     -9.72834755049E+08  5.87455036122E+05 -1.65601568670E+03   4.37947750              396  0.27633    
      126700  -4.65859512         1295092.        0.000000       -30637.07     -9.72761960179E+08  5.87411078828E+05 -1.65601568517E+03   4.37881757              398  0.27538    
      126800  -4.65915089         1295487.        0.000000       -30661.68     -9.72953981259E+08  5.87527033677E+05 -1.65601568181E+03   4.37760587              397  0.27363    
      126900  -4.66078313         1295621.        0.000000       -30632.69     -9.73329061485E+08  5.87753526969E+05 -1.65601568825E+03   4.37936495              397  0.27484    
      127000  -4.66030706         1295541.        0.000000       -30642.88     -9.73187576242E+08  5.87668089101E+05 -1.65601569030E+03   4.37879036              398  0.27372    
      127100  -4.66037187         1295453.        0.000000       -30686.64     -9.73250262589E+08  5.87705943164E+05 -1.65601568933E+03   4.37889029              399  0.27494    
      127200  -4.65987437         1295403.        0.000000       -30694.76     -9.73121597920E+08  5.87628249380E+05 -1.65601568500E+03   4.37931847              398  0.27507    
      127300  -4.65987872         1295523.        0.000000       -30676.80     -9.73068708309E+08  5.87596312424E+05 -1.65601568243E+03   4.37862429              397  0.27610    
      127400  -4.65935619         1295045.        0.000000       -30661.90     -9.72975012048E+08  5.87539731785E+05 -1.65601568611E+03   4.37966848              398  0.27504    
      127500  -4.65729900         1294580.        0.000000       -30662.00     -9.72663632892E+08  5.87351703709E+05 -1.65601568319E+03   4.37936577              399  0.27478    
      127600  -4.65710476         1294890.        0.000000       -30686.26     -9.72671014644E+08  5.87356160427E+05 -1.65601568550E+03   4.37839396              397  0.27590    
      127700  -4.65811084         1295230.        0.000000       -30701.39     -9.72849586111E+08  5.87463992651E+05 -1.65601568485E+03   4.37786718              398  0.28049    
      127800  -4.66006873         1295586.        0.000000       -30689.33     -9.73204126249E+08  5.87678084336E+05 -1.65601568646E+03   4.37840447              396  0.27407    
      127900  -4.66081487         1295657.        0.000000       -30656.37     -9.73319229851E+08  5.87747592201E+05 -1.65601568218E+03   4.37899189              397  0.27432    
      128000  -4.66084982         1295780.        0.000000       -30684.39     -9.73320173666E+08  5.87748164032E+05 -1.65601567683E+03   4.37856621              399  0.27517    
      128100  -4.66164000         1295793.        0.000000       -30670.78     -9.73391647951E+08  5.87791322958E+05 -1.65601568096E+03   4.37897976              398  0.28013    
      128200  -4.66131280         1295731.        0.000000       -30664.47     -9.73337577036E+08  5.87758671838E+05 -1.65601568071E+03   4.37898733              398  0.27419    
      128300  -4.65978273         1295453.        0.000000       -30657.76     -9.73114788895E+08  5.87624136349E+05 -1.65601568877E+03   4.37867404              398  0.27455    
      128400  -4.66030737         1295618.        0.000000       -30706.52     -9.73198285355E+08  5.87674557131E+05 -1.65601568682E+03   4.37870798              400  0.27541    
      128500  -4.66053165         1295754.        0.000000       -30733.98     -9.73329928417E+08  5.87754049964E+05 -1.65601568968E+03   4.37846989              399  0.27403    
      128600  -4.66044429         1295544.        0.000000       -30712.49     -9.73272447395E+08  5.87719340371E+05 -1.65601568732E+03   4.37917956              398  0.27596    
      128700  -4.66046773         1295434.        0.000000       -30718.98     -9.73266109074E+08  5.87715513779E+05 -1.65601568489E+03   4.37876610              398  0.27622    
      128800  -4.66007149         1295383.        0.000000       -30712.17     -9.73258428848E+08  5.87710876099E+05 -1.65601568463E+03   4.37926453              398  0.27791    
      128900  -4.66006093         1295605.        0.000000       -30668.46     -9.73154066619E+08  5.87647856734E+05 -1.65601568264E+03   4.37885622              398  0.27504    
      129000  -4.65933700         1294961.        0.000000       -30665.08     -9.72985188952E+08  5.87545879701E+05 -1.65601567906E+03   4.37962394              398  0.27685    
      129100  -4.65845223         1295289.        0.000000       -30687.43     -9.72889465389E+08  5.87488074882E+05 -1.65601568267E+03   4.37817462              397  0.27532    
      129200  -4.65992602         1295609.        0.000000       -30665.13     -9.73189437168E+08  5.87669216446E+05 -1.65601568014E+03   4.37870636              398  0.28001    
      129300  -4.66107671         1295823.        0.000000       -30675.32     -9.73316811089E+08  5.87746132564E+05 -1.65601567950E+03   4.37865377              398  0.27519    
      129400  -4.66084713         1295353.        0.000000       -30700.79     -9.73397442430E+08  5.87794822460E+05 -1.65601567968E+03   4.37982935              398  0.27402    
      129500  -4.65928498         1295426.        0.000000       -30696.08     -9.73130129785E+08  5.87633401955E+05 -1.65601568350E+03   4.37847959              395  0.27613    
      129600  -4.66022582         1295620.        0.000000       -30698.35     -9.73288917436E+08  5.87729286796E+05 -1.65601568495E+03   4.37840824              398  0.27442    
      129700  -4.66209626         1296009.        0.000000       -30705.29     -9.73558622627E+08  5.87892151080E+05 -1.65601568390E+03   4.37883165              398  0.27553    
      129800  -4.66339275         1296478.        0.000000       -30687.96     -9.73798855552E+08  5.88037217760E+05 -1.65601568428E+03   4.37885095              398  0.27752    
      129900  -4.66320646         1296025.        0.000000       -30708.10     -9.73728214770E+08  5.87994561106E+05 -1.65601568310E+03   4.37933857              396  0.27679    
      130000  -4.66215994         1295887.        0.000000       -30688.33     -9.73669804556E+08  5.87959288433E+05 -1.65601568631E+03   4.37943064              397  0.27809    
      130100  -4.66214606         1295969.        0.000000       -30716.56     -9.73645186059E+08  5.87944423406E+05 -1.65601568328E+03   4.37928961              399  0.27987    
      130200  -4.66098697         1295573.        0.000000       -30737.22     -9.73437343473E+08  5.87818918171E+05 -1.65601567656E+03   4.37922565              397  0.27478    
      130300  -4.66070700         1295585.        0.000000       -30741.89     -9.73417847319E+08  5.87807143472E+05 -1.65601568155E+03   4.37932311              398  0.27848    
      130400  -4.65965660         1295379.        0.000000       -30720.32     -9.73180487832E+08  5.87663811917E+05 -1.65601568124E+03   4.37860646              397  0.27826    
      130500  -4.66063916         1295947.        0.000000       -30710.96     -9.73547027837E+08  5.87885150994E+05 -1.65601567958E+03   4.37810759              397  0.27469    
      130600  -4.66283899         1296309.        0.000000       -30693.08     -9.73875717267E+08  5.88083633252E+05 -1.65601567907E+03   4.37916095              398  0.27491    
      130700  -4.66256017         1296034.        0.000000       -30661.91     -9.73539302871E+08  5.87880484949E+05 -1.65601568311E+03   4.37950108              398  0.27439    
      130800  -4.66139204         1295533.        0.000000       -30650.06     -9.73232073639E+08  5.87694962189E+05 -1.65601568204E+03   4.38039484              398  0.27864    
      130900  -4.66015441         1295353.        0.000000       -30652.96     -9.72957665981E+08  5.87529258144E+05 -1.65601568347E+03   4.37913208              398  0.27396    
      131000  -4.65897771         1294920.        0.000000       -30681.59     -9.72826971227E+08  5.87450336160E+05 -1.65601568566E+03   4.37984727              397  0.27355    
      131100  -4.65893654         1295328.        0.000000       -30702.74     -9.72814954901E+08  5.87443080053E+05 -1.65601568549E+03   4.37824395              398  0.27503    
      131200  -4.65815276         1294930.        0.000000       -30676.28     -9.72787197029E+08  5.87426318049E+05 -1.65601568595E+03   4.37835224              399  0.27661    
      131300  -4.65872689         1295179.        0.000000       -30695.34     -9.73013762571E+08  5.87563132326E+05 -1.65601568417E+03   4.37854209              398  0.27799    
      131400  -4.65889241         1295187.        0.000000       -30686.23     -9.73026191037E+08  5.87570636588E+05 -1.65601568636E+03   4.37885523              398  0.27699    
      131500  -4.66037493         1295592.        0.000000       -30666.99     -9.73303298691E+08  5.87737971342E+05 -1.65601568411E+03   4.37867643              397  0.27877    
      131600  -4.65915058         1294885.        0.000000       -30669.27     -9.73025128687E+08  5.87569997270E+05 -1.65601568019E+03   4.38010363              397  0.27632    
      131700  -4.65680005         1294640.        0.000000       -30672.64     -9.72539916213E+08  5.87276996214E+05 -1.65601568337E+03   4.37911514              396  0.27960    
      131800  -4.65810531         1295383.        0.000000       -30707.50     -9.72783490008E+08  5.87424078632E+05 -1.65601568849E+03   4.37817833              398  0.27440    
      131900  -4.65984254         1295537.        0.000000       -30648.19     -9.72955842911E+08  5.87528157077E+05 -1.65601568400E+03   4.37874478              397  0.27526    
      132000  -4.66023664         1295439.        0.000000       -30661.63     -9.73153609921E+08  5.87647580039E+05 -1.65601568521E+03   4.37908280              398  0.27582    
      132100  -4.66050825         1295521.        0.000000       -30664.61     -9.73182948078E+08  5.87665297683E+05 -1.65601568089E+03   4.37895633              398  0.27460    
      132200  -4.65971280         1295322.        0.000000       -30673.95     -9.72976528847E+08  5.87540649502E+05 -1.65601568108E+03   4.37917046              399  0.27430    
      132300  -4.65900194         1295115.        0.000000       -30700.97     -9.72897241016E+08  5.87492769288E+05 -1.65601568543E+03   4.37888557              398  0.27503    
      132400  -4.65955496         1295399.        0.000000       -30726.15     -9.72988874881E+08  5.87548100390E+05 -1.65601569341E+03   4.37888561              398  0.27330    
      132500  -4.65913109         1295236.        0.000000       -30676.62     -9.72943576798E+08  5.87520747389E+05 -1.65601569157E+03   4.37870511              398  0.27517    
      132600  -4.65948107         1295486.        0.000000       -30676.88     -9.73077379250E+08  5.87601545510E+05 -1.65601569071E+03   4.37826244              397  0.27727    
      132700  -4.66133112         1295818.        0.000000       -30701.10     -9.73449875714E+08  5.87826482684E+05 -1.65601568556E+03   4.37860485              398  0.27356    
      132800  -4.66224866         1295851.        0.000000       -30705.05     -9.73499150253E+08  5.87856239193E+05 -1.65601568096E+03   4.37978319              399  0.27351    
      132900  -4.66228746         1295970.        0.000000       -30721.31     -9.73402445183E+08  5.87797841208E+05 -1.65601568591E+03   4.37907872              397  0.27699    
      133000  -4.66099909         1295735.        0.000000       -30711.02     -9.73186819202E+08  5.87667631636E+05 -1.65601569121E+03   4.37925988              399  0.27470    
      133100  -4.66033883         1295563.        0.000000       -30681.53     -9.73125572465E+08  5.87630646789E+05 -1.65601569248E+03   4.37852439              399  0.27588    
      133200  -4.66022972         1295445.        0.000000       -30707.73     -9.73213027488E+08  5.87683459002E+05 -1.65601568766E+03   4.37913625              398  0.27400    
      133300  -4.66014962         1295310.        0.000000       -30717.39     -9.73200575525E+08  5.87675940444E+05 -1.65601568577E+03   4.37903478              398  0.27760    
      133400  -4.66006371         1295706.        0.000000       -30717.15     -9.73233583409E+08  5.87695871384E+05 -1.65601568906E+03   4.37849566              397  0.27525    
      133500  -4.66073769         1295888.        0.000000       -30756.74     -9.73437149920E+08  5.87818798310E+05 -1.65601568497E+03   4.37830186              398  0.27427    
      133600  -4.66109229         1295542.        0.000000       -30712.31     -9.73597929136E+08  5.87915881525E+05 -1.65601569839E+03   4.37953061              397  0.27436    
      133700  -4.66108610         1295717.        0.000000       -30721.41     -9.73512370196E+08  5.87864217363E+05 -1.65601569451E+03   4.37890701              397  0.27645    
      133800  -4.66101987         1295580.        0.000000       -30703.00     -9.73421669949E+08  5.87809448458E+05 -1.65601569097E+03   4.37939223              398  0.27548    
      133900  -4.66058668         1295742.        0.000000       -30632.79     -9.73267441366E+08  5.87716317949E+05 -1.65601568587E+03   4.37915604              398  0.27488    
      134000  -4.66065786         1295437.        0.000000       -30601.85     -9.73101406778E+08  5.87616058477E+05 -1.65601568020E+03   4.37948434              397  0.27480    
      134100  -4.66006662         1295324.        0.000000       -30606.21     -9.72970630396E+08  5.87537089172E+05 -1.65601567684E+03   4.37925558              398  0.27389    
      134200  -4.65981312         1295402.        0.000000       -30606.04     -9.72849686547E+08  5.87464053215E+05 -1.65601568508E+03   4.37849135              398  0.27389    
      134300  -4.66025230         1295587.        0.000000       -30598.81     -9.73069379792E+08  5.87596718765E+05 -1.65601568000E+03   4.37853359              399  0.27477    
      134400  -4.66086627         1295736.        0.000000       -30634.06     -9.73290176137E+08  5.87730048417E+05 -1.65601568060E+03   4.37870058              398  0.27439    
      134500  -4.65994442         1295269.        0.000000       -30627.12     -9.73198559154E+08  5.87674724528E+05 -1.65601568101E+03   4.37898445              398  0.27552    
      134600  -4.65936000         1295346.        0.000000       -30653.37     -9.73262986067E+08  5.87713630857E+05 -1.65601567663E+03   4.37905368              398  0.27504    
      134700  -4.65962021         1295384.        0.000000       -30637.98     -9.73221596220E+08  5.87688638084E+05 -1.65601567420E+03   4.37898425              397  0.27544    
      134800  -4.65989297         1295560.        0.000000       -30664.71     -9.73325095920E+08  5.87751134676E+05 -1.65601568163E+03   4.37842176              397  0.28342    
      134900  -4.65987136         1295302.        0.000000       -30686.24     -9.73379389802E+08  5.87783919769E+05 -1.65601568377E+03   4.37917606              398  0.27765    
      135000  -4.65956023         1295468.        0.000000       -30670.66     -9.73315604994E+08  5.87745402596E+05 -1.65601568416E+03   4.37866812              398  0.27552    
      135100  -4.66067781         1295825.        0.000000       -30691.53     -9.73499844543E+08  5.87856658861E+05 -1.65601567979E+03   4.37849098              398  0.27553    
      135200  -4.66142923         1295721.        0.000000       -30640.03     -9.73585836192E+08  5.87908585119E+05 -1.65601568141E+03   4.37910371              398  0.27535    
      135300  -4.65963091         1295064.        0.000000       -30648.36     -9.73260091270E+08  5.87711880145E+05 -1.65601568413E+03   4.37967121              398  0.27529    
      135400  -4.65836142         1295303.        0.000000       -30681.39     -9.73142857555E+08  5.87641084073E+05 -1.65601569381E+03   4.37807634              398  0.27442    
      135500  -4.66075999         1295943.        0.000000       -30707.43     -9.73543960782E+08  5.87883294007E+05 -1.65601569343E+03   4.37763761              397  0.27630    
      135600  -4.66172403         1295809.        0.000000       -30731.16     -9.73787434446E+08  5.88030316047E+05 -1.65601569829E+03   4.37924543              397  0.27536    
      135700  -4.66162796         1295927.        0.000000       -30735.82     -9.73734087830E+08  5.87998102226E+05 -1.65601569825E+03   4.37899736              397  0.27939    
      135800  -4.66179655         1295834.        0.000000       -30731.35     -9.73830465282E+08  5.88056302555E+05 -1.65601569280E+03   4.37950677              399  0.27485    
      135900  -4.66107251         1295524.        0.000000       -30722.68     -9.73552961820E+08  5.87888730975E+05 -1.65601568890E+03   4.37989268              398  0.27694    
      136000  -4.65981311         1295431.        0.000000       -30729.71     -9.73219674277E+08  5.87687471823E+05 -1.65601569021E+03   4.37875679              398  0.27401    
      136100  -4.66002274         1295504.        0.000000       -30766.16     -9.73247753632E+08  5.87704429134E+05 -1.65601568643E+03   4.37860923              397  0.27514    
      136200  -4.66033776         1295608.        0.000000       -30724.10     -9.73239067308E+08  5.87699183953E+05 -1.65601568605E+03   4.37823519              399  0.27544    
      136300  -4.66148067         1295813.        0.000000       -30709.36     -9.73583616741E+08  5.87907244094E+05 -1.65601568363E+03   4.37883055              398  0.27460    
      136400  -4.66192894         1296145.        0.000000       -30705.24     -9.73655143934E+08  5.87950435235E+05 -1.65601568701E+03   4.37887880              397  0.27588    
      136500  -4.66252872         1296082.        0.000000       -30714.33     -9.73595527150E+08  5.87914435506E+05 -1.65601568588E+03   4.37946057              398  0.27499    
      136600  -4.66211120         1295982.        0.000000       -30736.76     -9.73417157162E+08  5.87806725613E+05 -1.65601568466E+03   4.37930572              398  0.28098    
      136700  -4.66125147         1295761.        0.000000       -30743.77     -9.73236289091E+08  5.87697507075E+05 -1.65601568388E+03   4.37917706              398  0.27862    
      136800  -4.66067523         1295420.        0.000000       -30696.73     -9.73136284934E+08  5.87637117232E+05 -1.65601568791E+03   4.37925775              398  0.27684    
      136900  -4.65976249         1295297.        0.000000       -30639.57     -9.72947631409E+08  5.87523199245E+05 -1.65601568187E+03   4.37899191              397  0.27889    
      137000  -4.65881102         1295212.        0.000000       -30685.72     -9.72748673929E+08  5.87403056211E+05 -1.65601568402E+03   4.37893837              397  0.27815    
      137100  -4.66040084         1296027.        0.000000       -30681.12     -9.73072565373E+08  5.87598639661E+05 -1.65601568774E+03   4.37730788              397  0.27742    
      137200  -4.66224120         1295899.        0.000000       -30655.01     -9.73381745422E+08  5.87785341263E+05 -1.65601568649E+03   4.37952391              397  0.27444    
      137300  -4.66036200         1295226.        0.000000       -30648.34     -9.73006374256E+08  5.87558667908E+05 -1.65601569239E+03   4.37978802              398  0.27546    
      137400  -4.65870659         1295173.        0.000000       -30693.07     -9.72793001943E+08  5.87429822673E+05 -1.65601568799E+03   4.37848305              398  0.27470    
      137500  -4.65911389         1295031.        0.000000       -30668.38     -9.72888339924E+08  5.87487393856E+05 -1.65601568663E+03   4.38009411              397  0.27501    
      137600  -4.65841296         1294852.        0.000000       -30675.68     -9.72621905823E+08  5.87326507173E+05 -1.65601568113E+03   4.37928290              398  0.27731    
      137700  -4.65821366         1295222.        0.000000       -30678.02     -9.72555225908E+08  5.87286239811E+05 -1.65601568704E+03   4.37760814              398  0.27511    
      137800  -4.66034937         1295463.        0.000000       -30669.12     -9.72966430466E+08  5.87534547855E+05 -1.65601569136E+03   4.37921912              398  0.27536    
      137900  -4.66021985         1295534.        0.000000       -30717.05     -9.73036368326E+08  5.87576783327E+05 -1.65601568329E+03   4.37895914              398  0.27524    
      138000  -4.65937734         1295371.        0.000000       -30668.19     -9.72953432189E+08  5.87526703599E+05 -1.65601567763E+03   4.37844154              397  0.27409    
      138100  -4.65869703         1294929.        0.000000       -30643.01     -9.72967154500E+08  5.87534990504E+05 -1.65601567605E+03   4.37872995              399  0.27432    
      138200  -4.65848121         1295152.        0.000000       -30651.71     -9.72915308122E+08  5.87503681790E+05 -1.65601567833E+03   4.37844619              398  0.27311    
      138300  -4.65903170         1295170.        0.000000       -30657.82     -9.72957659202E+08  5.87529255823E+05 -1.65601567847E+03   4.37944962              400  0.27524    
      138400  -4.65871845         1295053.        0.000000       -30630.21     -9.72707675181E+08  5.87378299262E+05 -1.65601568257E+03   4.37933174              398  0.27599    
      138500  -4.65849965         1295209.        0.000000       -30677.55     -9.72583060022E+08  5.87303046765E+05 -1.65601568965E+03   4.37831030              398  0.27510    
      138600  -4.65916027         1295245.        0.000000       -30673.45     -9.72854095671E+08  5.87466714833E+05 -1.65601568754E+03   4.37865533              399  0.27341    
      138700  -4.65969191         1295700.        0.000000       -30692.50     -9.73065168579E+08  5.87594173282E+05 -1.65601568706E+03   4.37787146              399  0.27507    
      138800  -4.66054050         1295550.        0.000000       -30704.90     -9.73285076079E+08  5.87726967757E+05 -1.65601568326E+03   4.37880645              398  0.27607    
      138900  -4.65979254         1295262.        0.000000       -30715.76     -9.73204770300E+08  5.87678475814E+05 -1.65601567924E+03   4.37956300              398  0.27371    
      139000  -4.65832790         1294985.        0.000000       -30712.88     -9.72884315777E+08  5.87484966351E+05 -1.65601567955E+03   4.37912714              398  0.27481    
      139100  -4.65917904         1295458.        0.000000       -30707.24     -9.73023874382E+08  5.87569240269E+05 -1.65601567900E+03   4.37818864              397  0.27480    
      139200  -4.66054303         1295727.        0.000000       -30704.67     -9.73292305071E+08  5.87731332783E+05 -1.65601568401E+03   4.37820490              398  0.27396    
      139300  -4.66179665         1296137.        0.000000       -30694.69     -9.73534820631E+08  5.87877774891E+05 -1.65601569274E+03   4.37868073              399  0.27438    
      139400  -4.66216654         1295980.        0.000000       -30704.75     -9.73551208675E+08  5.87887671617E+05 -1.65601569088E+03   4.37848789              398  0.27460    
      139500  -4.66185238         1295733.        0.000000       -30705.22     -9.73609564778E+08  5.87922911643E+05 -1.65601568760E+03   4.37933547              397  0.27910    
      139600  -4.66115465         1295538.        0.000000       -30706.47     -9.73555226923E+08  5.87890099417E+05 -1.65601568710E+03   4.37908800              398  0.27635    
      139700  -4.66080088         1295564.        0.000000       -30714.57     -9.73518750032E+08  5.87868072801E+05 -1.65601568630E+03   4.37913487              397  0.27573    
      139800  -4.66036349         1295584.        0.000000       -30689.71     -9.73475256370E+08  5.87841810301E+05 -1.65601568196E+03   4.37937302              399  0.27554    
      139900  -4.66058720         1295396.        0.000000       -30702.49     -9.73369194497E+08  5.87777763490E+05 -1.65601568307E+03   4.37925833              398  0.27766    
      140000  -4.65984319         1295449.        0.000000       -30693.02     -9.73226955160E+08  5.87691872389E+05 -1.65601567911E+03   4.37875411              398  0.27387    
      140100  -4.66066106         1295802.        0.000000       -30680.04     -9.73371565488E+08  5.87779194501E+05 -1.65601568513E+03   4.37824261              398  0.27453    
      140200  -4.66112530         1295900.        0.000000       -30677.62     -9.73476407596E+08  5.87842505444E+05 -1.65601568206E+03   4.37804427              397  0.27454    
      140300  -4.66247482         1296252.        0.000000       -30708.05     -9.73921081532E+08  5.88111025588E+05 -1.65601568268E+03   4.37793208              398  0.27421    
      140400  -4.66284600         1296257.        0.000000       -30688.75     -9.74025974635E+08  5.88174362488E+05 -1.65601569323E+03   4.37883822              398  0.27410    
      140500  -4.66314373         1296094.        0.000000       -30706.46     -9.73901616414E+08  5.88099268777E+05 -1.65601569007E+03   4.37979780              397  0.27493    
      140600  -4.66238038         1295992.        0.000000       -30707.56     -9.73684509488E+08  5.87968168463E+05 -1.65601568540E+03   4.37940845              398  0.27491    
      140700  -4.66115539         1295955.        0.000000       -30638.76     -9.73416156326E+08  5.87806119562E+05 -1.65601568941E+03   4.37873303              398  0.27324    
      140800  -4.66117295         1295501.        0.000000       -30639.33     -9.73422190664E+08  5.87809763349E+05 -1.65601568970E+03   4.37946614              398  0.27629    
      140900  -4.66065466         1295402.        0.000000       -30657.61     -9.73326497132E+08  5.87751977190E+05 -1.65601569183E+03   4.38006634              398  0.27537    
      141000  -4.65989995         1295219.        0.000000       -30660.92     -9.73236570349E+08  5.87697678343E+05 -1.65601567985E+03   4.37864304              397  0.27799    
      141100  -4.65919009         1295279.        0.000000       -30670.76     -9.73120788422E+08  5.87627761454E+05 -1.65601568247E+03   4.37872865              398  0.27533    
      141200  -4.66041388         1295752.        0.000000       -30696.91     -9.73280160381E+08  5.87723999693E+05 -1.65601568234E+03   4.37850980              398  0.27381    
      141300  -4.66085408         1295803.        0.000000       -30676.73     -9.73406531574E+08  5.87800309552E+05 -1.65601568382E+03   4.37877773              398  0.27402    
      141400  -4.66068995         1295585.        0.000000       -30696.61     -9.73381974964E+08  5.87785480393E+05 -1.65601568503E+03   4.37914592              398  0.27525    
      141500  -4.65966099         1295292.        0.000000       -30699.88     -9.73202195176E+08  5.87676917585E+05 -1.65601568830E+03   4.37917933              397  0.27438    
      141600  -4.65936432         1295507.        0.000000       -30717.67     -9.73222392180E+08  5.87689114256E+05 -1.65601568682E+03   4.37800265              397  0.27484    
      141700  -4.66059722         1295632.        0.000000       -30746.01     -9.73502254895E+08  5.87858110997E+05 -1.65601568930E+03   4.37876559              398  0.27723    
      141800  -4.66020261         1295506.        0.000000       -30686.37     -9.73367590300E+08  5.87776791110E+05 -1.65601569341E+03   4.37893138              398  0.27737    
      141900  -4.66022567         1295564.        0.000000       -30686.74     -9.73319225396E+08  5.87747586446E+05 -1.65601569082E+03   4.37860017              399  0.27401    
      142000  -4.66054311         1295664.        0.000000       -30663.25     -9.73403263113E+08  5.87798333447E+05 -1.65601569063E+03   4.37843661              399  0.27741    
      142100  -4.66098648         1295651.        0.000000       -30653.01     -9.73556701077E+08  5.87890990291E+05 -1.65601568514E+03   4.37895152              398  0.27827    
      142200  -4.66002948         1295263.        0.000000       -30638.48     -9.73325767010E+08  5.87751538484E+05 -1.65601568568E+03   4.37990411              398  0.27562    
      142300  -4.65900950         1295175.        0.000000       -30643.72     -9.73084195802E+08  5.87605662469E+05 -1.65601568867E+03   4.37855775              397  0.27529    
      142400  -4.65945699         1295563.        0.000000       -30653.78     -9.73242352503E+08  5.87701166995E+05 -1.65601568818E+03   4.37801253              397  0.27489    
      142500  -4.66067683         1295785.        0.000000       -30656.26     -9.73459782677E+08  5.87832466635E+05 -1.65601568122E+03   4.37894745              398  0.27370    
      142600  -4.66139924         1295948.        0.000000       -30697.62     -9.73583437862E+08  5.87907135707E+05 -1.65601568467E+03   4.37874600              398  0.27505    
      142700  -4.66077318         1295595.        0.000000       -30658.27     -9.73484549902E+08  5.87847420765E+05 -1.65601568624E+03   4.37874804              398  0.27451    
      142800  -4.66082564         1295827.        0.000000       -30686.16     -9.73487897914E+08  5.87849442547E+05 -1.65601568608E+03   4.37873019              399  0.27572    
      142900  -4.66164098         1295833.        0.000000       -30668.14     -9.73602323746E+08  5.87918539643E+05 -1.65601568601E+03   4.37847748              398  0.27744    
      143000  -4.66192157         1296003.        0.000000       -30688.90     -9.73729344335E+08  5.87995241968E+05 -1.65601568658E+03   4.37881583              399  0.27575    
      143100  -4.66123696         1295582.        0.000000       -30701.39     -9.73568468914E+08  5.87898094672E+05 -1.65601569003E+03   4.37913362              397  0.27388    
      143200  -4.66103455         1295851.        0.000000       -30687.17     -9.73529502554E+08  5.87874565389E+05 -1.65601568748E+03   4.37799571              397  0.27420    
      143300  -4.66060928         1295415.        0.000000       -30664.49     -9.73568574938E+08  5.87898159013E+05 -1.65601568913E+03   4.37944636              398  0.27638    
      143400  -4.65978462         1295440.        0.000000       -30637.15     -9.73375381721E+08  5.87781498012E+05 -1.65601568782E+03   4.37909618              399  0.27550    
      143500  -4.65929536         1295456.        0.000000       -30656.50     -9.73167037899E+08  5.87655689240E+05 -1.65601568353E+03   4.37863693              398  0.27855    
      143600  -4.66068756         1295846.        0.000000       -30683.17     -9.73314378117E+08  5.87744661273E+05 -1.65601568547E+03   4.37799588              398  0.27458    
      143700  -4.66227946         1296305.        0.000000       -30688.83     -9.73604132886E+08  5.87919632069E+05 -1.65601568612E+03   4.37864775              397  0.27966    
      143800  -4.66295882         1295999.        0.000000       -30682.79     -9.73577787493E+08  5.87903719873E+05 -1.65601569540E+03   4.37987808              398  0.27645    
      143900  -4.66103589         1295469.        0.000000       -30680.27     -9.73270370210E+08  5.87718082061E+05 -1.65601569854E+03   4.37961150              398  0.27809    
      144000  -4.65907915         1294997.        0.000000       -30672.58     -9.72917598656E+08  5.87505059144E+05 -1.65601569470E+03   4.37938977              399  0.27434    
      144100  -4.65829402         1295160.        0.000000       -30620.63     -9.72726112078E+08  5.87389429765E+05 -1.65601569042E+03   4.37868125              398  0.27583    
      144200  -4.65901313         1295280.        0.000000       -30665.23     -9.72859504573E+08  5.87469979460E+05 -1.65601569202E+03   4.37857441              397  0.27603    
      144300  -4.65973478         1295149.        0.000000       -30630.91     -9.72844109865E+08  5.87460684331E+05 -1.65601568890E+03   4.37953867              398  0.27383    
      144400  -4.65871202         1295083.        0.000000       -30656.56     -9.72673767412E+08  5.87357820803E+05 -1.65601569088E+03   4.37875394              399  0.27756    
      144500  -4.65774762         1294897.        0.000000       -30695.97     -9.72615349370E+08  5.87322545387E+05 -1.65601568850E+03   4.37929263              398  0.27782    
      144600  -4.65929310         1295577.        0.000000       -30676.88     -9.72768858776E+08  5.87415244174E+05 -1.65601568639E+03   4.37794886              398  0.27802    
      144700  -4.66098452         1295910.        0.000000       -30655.02     -9.73046729230E+08  5.87583040275E+05 -1.65601568210E+03   4.37835394              398  0.28065    
      144800  -4.66192748         1295883.        0.000000       -30645.19     -9.73215566601E+08  5.87684994489E+05 -1.65601568141E+03   4.37977835              399  0.27869    
      144900  -4.66060430         1295432.        0.000000       -30638.02     -9.72828601693E+08  5.87451322130E+05 -1.65601568172E+03   4.37905231              398  0.27677    
      145000  -4.65946076         1295386.        0.000000       -30632.82     -9.72814336387E+08  5.87442705748E+05 -1.65601568777E+03   4.37895198              397  0.27620    
      145100  -4.65975670         1295392.        0.000000       -30649.28     -9.72903858310E+08  5.87496764031E+05 -1.65601568872E+03   4.37828915              399  0.27441    
      145200  -4.66023853         1295614.        0.000000       -30667.43     -9.73088116851E+08  5.87608030902E+05 -1.65601568678E+03   4.37914797              399  0.28166    
      145300  -4.65947907         1295039.        0.000000       -30662.50     -9.72946090389E+08  5.87522267028E+05 -1.65601568654E+03   4.37959424              398  0.27456    
      145400  -4.65856183         1295220.        0.000000       -30669.23     -9.72844920868E+08  5.87461174091E+05 -1.65601568882E+03   4.37870354              398  0.27399    
      145500  -4.65954432         1295410.        0.000000       -30624.70     -9.73000235091E+08  5.87554961074E+05 -1.65601569139E+03   4.37836286              399  0.27675    
      145600  -4.66017073         1295537.        0.000000       -30657.61     -9.73149635949E+08  5.87645178522E+05 -1.65601569028E+03   4.37852726              398  0.27384    
      145700  -4.65978142         1295350.        0.000000       -30681.55     -9.73170734785E+08  5.87657917697E+05 -1.65601569464E+03   4.37900638              398  0.27375    
      145800  -4.66064130         1295660.        0.000000       -30680.76     -9.73307559549E+08  5.87740539515E+05 -1.65601569759E+03   4.37853684              398  0.27445    
      145900  -4.66115551         1295713.        0.000000       -30702.41     -9.73383674052E+08  5.87786504087E+05 -1.65601569155E+03   4.37907120              397  0.27444    
      146000  -4.66134801         1295781.        0.000000       -30674.51     -9.73410193639E+08  5.87802519231E+05 -1.65601568859E+03   4.37909405              398  0.27545    
      146100  -4.66050398         1295452.        0.000000       -30682.63     -9.73261483130E+08  5.87712718812E+05 -1.65601568926E+03   4.37870494              398  0.27464    
      146200  -4.66101426         1295801.        0.000000       -30671.17     -9.73478914313E+08  5.87844017831E+05 -1.65601568577E+03   4.37867900              398  0.27638    
      146300  -4.66179001         1296165.        0.000000       -30671.79     -9.73567707828E+08  5.87897636838E+05 -1.65601568508E+03   4.37813645              398  0.27533    
      146400  -4.66290070         1296036.        0.000000       -30673.65     -9.73827411905E+08  5.88054461160E+05 -1.65601568600E+03   4.37913627              398  0.27511    
      146500  -4.66094400         1295377.        0.000000       -30695.49     -9.73584418093E+08  5.87907729559E+05 -1.65601567923E+03   4.38028606              398  0.27777    
      146600  -4.65864823         1295128.        0.000000       -30709.04     -9.73138191219E+08  5.87638269876E+05 -1.65601568363E+03   4.37854075              398  0.27552    
      146700  -4.65956976         1295793.        0.000000       -30681.34     -9.73365654172E+08  5.87775623720E+05 -1.65601568846E+03   4.37736176              398  0.27462    
      146800  -4.66129903         1295609.        0.000000       -30650.45     -9.73665271814E+08  5.87956550620E+05 -1.65601568821E+03   4.37982680              398  0.27600    
      146900  -4.66020436         1295280.        0.000000       -30696.69     -9.73386586920E+08  5.87788265838E+05 -1.65601568369E+03   4.37942821              398  0.27329    
      147000  -4.66038467         1295843.        0.000000       -30686.85     -9.73330308143E+08  5.87754279138E+05 -1.65601569004E+03   4.37806180              398  0.27483    
      147100  -4.66165943         1295994.        0.000000       -30689.92     -9.73567016975E+08  5.87897218847E+05 -1.65601568737E+03   4.37860052              398  0.27461    
      147200  -4.66212252         1295934.        0.000000       -30661.36     -9.73581524375E+08  5.87905981039E+05 -1.65601568240E+03   4.37900156              397  0.27585    
      147300  -4.66104018         1295359.        0.000000       -30683.03     -9.73396677109E+08  5.87794357231E+05 -1.65601568837E+03   4.37984460              398  0.27364    
      147400  -4.65984158         1295179.        0.000000       -30669.00     -9.73056360052E+08  5.87588856341E+05 -1.65601568095E+03   4.37914810              398  0.27404    
      147500  -4.65905995         1295224.        0.000000       -30675.42     -9.72926474552E+08  5.87510422870E+05 -1.65601568360E+03   4.37864641              398  0.27378    
      147600  -4.65912041         1295385.        0.000000       -30686.85     -9.72983045632E+08  5.87544584094E+05 -1.65601568285E+03   4.37877305              400  0.27490    
      147700  -4.65959517         1295435.        0.000000       -30706.76     -9.73027827145E+08  5.87571623811E+05 -1.65601568849E+03   4.37902966              396  0.27831    
      147800  -4.65978265         1295553.        0.000000       -30695.48     -9.72961509371E+08  5.87531576487E+05 -1.65601569058E+03   4.37780189              398  0.27494    
      147900  -4.66069902         1295657.        0.000000       -30612.39     -9.73180753451E+08  5.87663968637E+05 -1.65601569160E+03   4.37863765              398  0.27353    
      148000  -4.66096363         1295942.        0.000000       -30576.19     -9.73210526095E+08  5.87681946438E+05 -1.65601569351E+03   4.37844298              398  0.27437    
      148100  -4.66078962         1295481.        0.000000       -30604.29     -9.73161526876E+08  5.87652357242E+05 -1.65601569513E+03   4.37973368              398  0.27418    
      148200  -4.65957292         1295259.        0.000000       -30568.38     -9.72903266565E+08  5.87496405768E+05 -1.65601569135E+03   4.37908842              398  0.27474    
      148300  -4.65862004         1295086.        0.000000       -30589.95     -9.72807250542E+08  5.87438427466E+05 -1.65601568617E+03   4.37880576              398  0.27713    
      148400  -4.65915128         1295345.        0.000000       -30606.14     -9.72832557685E+08  5.87453708397E+05 -1.65601568903E+03   4.37840552              398  0.27543    
      148500  -4.65998339         1295414.        0.000000       -30600.36     -9.73015663119E+08  5.87564276897E+05 -1.65601569288E+03   4.37858496              398  0.27591    
      148600  -4.66044176         1295484.        0.000000       -30598.87     -9.73213854961E+08  5.87683958340E+05 -1.65601568862E+03   4.37907349              398  0.27441    
      148700  -4.66010153         1295492.        0.000000       -30640.40     -9.73079656737E+08  5.87602922299E+05 -1.65601568646E+03   4.37989441              398  0.27553    
      148800  -4.65992526         1295545.        0.000000       -30648.09     -9.72857758641E+08  5.87468925667E+05 -1.65601569059E+03   4.37812016              399  0.27414    
      148900  -4.65962448         1295252.        0.000000       -30622.86     -9.72770610135E+08  5.87416302468E+05 -1.65601568436E+03   4.37917081              398  0.27365    
      149000  -4.65863831         1295026.        0.000000       -30619.30     -9.72637701222E+08  5.87336045347E+05 -1.65601568119E+03   4.37907419              398  0.28195    
      149100  -4.65772833         1294645.        0.000000       -30642.57     -9.72478095228E+08  5.87239663268E+05 -1.65601568841E+03   4.37947063              396  0.27525    
      149200  -4.65741236         1294806.        0.000000       -30666.20     -9.72437834855E+08  5.87215353211E+05 -1.65601568409E+03   4.37903430              396  0.27355    
      149300  -4.65782675         1294953.        0.000000       -30668.58     -9.72448203816E+08  5.87221615454E+05 -1.65601568168E+03   4.37881644              399  0.27553    
      149400  -4.65801693         1295141.        0.000000       -30632.46     -9.72558900835E+08  5.87288460927E+05 -1.65601568146E+03   4.37794174              398  0.27340    
      149500  -4.65963485         1295228.        0.000000       -30603.90     -9.72941892580E+08  5.87519735393E+05 -1.65601567738E+03   4.37922276              398  0.27432    
      149600  -4.65933781         1295242.        0.000000       -30595.91     -9.72934761028E+08  5.87515429110E+05 -1.65601567690E+03   4.37903265              398  0.27400    
      149700  -4.65868237         1295118.        0.000000       -30655.44     -9.72936730846E+08  5.87516616480E+05 -1.65601568288E+03   4.37906059              397  0.27357    
      149800  -4.65897876         1295355.        0.000000       -30663.11     -9.72984545364E+08  5.87545490591E+05 -1.65601568040E+03   4.37827566              396  0.27734    
      149900  -4.66012346         1295319.        0.000000       -30675.28     -9.73086110703E+08  5.87606821105E+05 -1.65601568217E+03   4.37934035              398  0.27611    
      150000  -4.65931074         1295202.        0.000000       -30670.52     -9.72906184013E+08  5.87498170215E+05 -1.65601568369E+03   4.37945874              398  0.27335    
      150100  -4.65941661         1295304.        0.000000       -30670.50     -9.72827368781E+08  5.87450575694E+05 -1.65601568716E+03   4.37865799              398  0.27618    
      150200  -4.65876627         1295051.        0.000000       -30684.05     -9.72756756151E+08  5.87407936647E+05 -1.65601568427E+03   4.37956284              397  0.27668    
      150300  -4.65764458         1294862.        0.000000       -30684.05     -9.72517001863E+08  5.87263160452E+05 -1.65601567978E+03   4.37881186              397  0.27348    
      150400  -4.65892493         1295469.        0.000000       -30688.04     -9.72831619686E+08  5.87453145044E+05 -1.65601568039E+03   4.37787943              398  0.27629    
      150500  -4.65943846         1295407.        0.000000       -30659.91     -9.72921535004E+08  5.87507439937E+05 -1.65601568400E+03   4.37861012              398  0.27437    
      150600  -4.66023757         1295663.        0.000000       -30688.36     -9.73127909158E+08  5.87632059568E+05 -1.65601568756E+03   4.37855798              397  0.27321    
      150700  -4.66053505         1295550.        0.000000       -30672.37     -9.73175323218E+08  5.87660692275E+05 -1.65601568390E+03   4.37866421              398  0.27638    
      150800  -4.66029779         1295351.        0.000000       -30700.13     -9.73251572853E+08  5.87706735241E+05 -1.65601568689E+03   4.37913422              398  0.27683    
      150900  -4.66046429         1295544.        0.000000       -30695.97     -9.73312489431E+08  5.87743520636E+05 -1.65601568585E+03   4.37936902              398  0.27497    
      151000  -4.66101985         1295816.        0.000000       -30733.27     -9.73338271169E+08  5.87759088187E+05 -1.65601568862E+03   4.37868717              398  0.27460    
      151100  -4.66127479         1295987.        0.000000       -30677.25     -9.73459822342E+08  5.87832487876E+05 -1.65601568886E+03   4.37848809              399  0.27382    
      151200  -4.66220262         1295980.        0.000000       -30690.39     -9.73502057314E+08  5.87857992814E+05 -1.65601568612E+03   4.37932327              398  0.27433    
      151300  -4.66202789         1295730.        0.000000       -30667.43     -9.73500308891E+08  5.87856936543E+05 -1.65601568745E+03   4.37944229              397  0.27741    
      151400  -4.66100341         1295589.        0.000000       -30707.44     -9.73345371620E+08  5.87763374223E+05 -1.65601569323E+03   4.37929110              398  0.27546    
      151500  -4.66036589         1295591.        0.000000       -30692.81     -9.73266736852E+08  5.87715889194E+05 -1.65601569525E+03   4.37874926              397  0.27372    
      151600  -4.65958077         1295131.        0.000000       -30722.77     -9.73215725266E+08  5.87685085644E+05 -1.65601569453E+03   4.37898922              397  0.27472    
      151700  -4.65907493         1295330.        0.000000       -30707.49     -9.73221100942E+08  5.87688332099E+05 -1.65601569367E+03   4.37878380              398  0.27381    
      151800  -4.65928951         1295527.        0.000000       -30688.63     -9.73209729182E+08  5.87681465881E+05 -1.65601569163E+03   4.37801100              398  0.27865    
      151900  -4.66092004         1295667.        0.000000       -30675.88     -9.73412103553E+08  5.87803672806E+05 -1.65601568787E+03   4.37849048              397  0.27722    
      152000  -4.66175783         1296085.        0.000000       -30717.84     -9.73581014834E+08  5.87905669984E+05 -1.65601569187E+03   4.37864959              399  0.27664    
      152100  -4.66101295         1295155.        0.000000       -30704.32     -9.73435268910E+08  5.87817658662E+05 -1.65601569562E+03   4.38031493              397  0.27474    
      152200  -4.65937773         1295154.        0.000000       -30662.50     -9.73046004954E+08  5.87582598992E+05 -1.65601569315E+03   4.37919088              398  0.28342    
      152300  -4.65914806         1294993.        0.000000       -30673.89     -9.72931748029E+08  5.87513605398E+05 -1.65601568898E+03   4.37918709              399  0.27695    
      152400  -4.65835529         1294935.        0.000000       -30671.98     -9.72806487230E+08  5.87437965042E+05 -1.65601569037E+03   4.37898087              398  0.27403    
      152500  -4.65924491         1295347.        0.000000       -30684.25     -9.72983442336E+08  5.87544821679E+05 -1.65601568840E+03   4.37832369              398  0.27681    
      152600  -4.65967257         1295375.        0.000000       -30680.35     -9.73093008349E+08  5.87610986256E+05 -1.65601568233E+03   4.37904274              398  0.28281    
      152700  -4.65988245         1295546.        0.000000       -30692.60     -9.73144175250E+08  5.87641885123E+05 -1.65601567874E+03   4.37843358              397  0.27435    
      152800  -4.66053599         1295297.        0.000000       -30673.94     -9.73289929856E+08  5.87729901322E+05 -1.65601567602E+03   4.37921266              398  0.27390    
      152900  -4.65835630         1295095.        0.000000       -30649.14     -9.72976021911E+08  5.87540343385E+05 -1.65601568108E+03   4.37861413              398  0.28267    
      153000  -4.65829640         1295070.        0.000000       -30712.20     -9.72896187427E+08  5.87492134661E+05 -1.65601568094E+03   4.37864534              398  0.27356    
      153100  -4.65905056         1295333.        0.000000       -30728.47     -9.73063363584E+08  5.87593084911E+05 -1.65601568257E+03   4.37795784              397  0.27379    
      153200  -4.66021626         1295600.        0.000000       -30731.42     -9.73328917794E+08  5.87753440299E+05 -1.65601568797E+03   4.37882221              397  0.27621    
      153300  -4.66137820         1296135.        0.000000       -30750.41     -9.73566568223E+08  5.87896948092E+05 -1.65601568673E+03   4.37769677              398  0.27787    
      153400  -4.66263426         1296069.        0.000000       -30715.32     -9.73846441053E+08  5.88065953328E+05 -1.65601568250E+03   4.37930124              397  0.27372    
      153500  -4.66043850         1295007.        0.000000       -30682.45     -9.73244409589E+08  5.87702410939E+05 -1.65601568323E+03   4.38106051              398  0.27662    
      153600  -4.65819007         1295125.        0.000000       -30665.59     -9.72658874951E+08  5.87348829829E+05 -1.65601568532E+03   4.37905429              397  0.27662    
      153700  -4.65908942         1295366.        0.000000       -30672.60     -9.72733581302E+08  5.87393940779E+05 -1.65601568857E+03   4.37810867              398  0.27430    
      153800  -4.65963073         1295277.        0.000000       -30689.42     -9.73007041913E+08  5.87559073898E+05 -1.65601568445E+03   4.37855387              397  0.27566    
      153900  -4.65973440         1295429.        0.000000       -30720.05     -9.73162745624E+08  5.87653096290E+05 -1.65601568641E+03   4.37852572              398  0.27787    
      154000  -4.65990255         1295554.        0.000000       -30699.08     -9.73215636068E+08  5.87685030710E+05 -1.65601569754E+03   4.37882882              399  0.27817    
      154100  -4.66111146         1295957.        0.000000       -30693.04     -9.73394502840E+08  5.87793042946E+05 -1.65601569212E+03   4.37840953              398  0.27677    
      154200  -4.66135458         1295966.        0.000000       -30731.27     -9.73499775216E+08  5.87856614169E+05 -1.65601568776E+03   4.37794200              397  0.27401    
      154300  -4.66112148         1295527.        0.000000       -30715.37     -9.73443966830E+08  5.87822913280E+05 -1.65601568914E+03   4.37966386              398  0.27753    
      154400  -4.66062227         1295540.        0.000000       -30668.45     -9.73323898758E+08  5.87750409409E+05 -1.65601568825E+03   4.37895068              397  0.27421    
      154500  -4.66103444         1295592.        0.000000       -30679.03     -9.73275134811E+08  5.87720965945E+05 -1.65601567956E+03   4.37946760              398  0.27598    
      154600  -4.65973868         1295215.        0.000000       -30667.54     -9.72989801888E+08  5.87548662901E+05 -1.65601568572E+03   4.37894259              397  0.27447    
      154700  -4.65950467         1295182.        0.000000       -30672.32     -9.72994835503E+08  5.87551701732E+05 -1.65601568787E+03   4.37945780              398  0.27704    
      154800  -4.65919458         1295176.        0.000000       -30697.44     -9.72860599624E+08  5.87470642339E+05 -1.65601568744E+03   4.37904153              398  0.27929    
      154900  -4.65928618         1295358.        0.000000       -30696.11     -9.72909900861E+08  5.87500412203E+05 -1.65601569063E+03   4.37867751              398  0.27814    
      155000  -4.66022438         1295705.        0.000000       -30701.68     -9.73140927947E+08  5.87639921320E+05 -1.65601568689E+03   4.37810169              398  0.28087    
      155100  -4.66070495         1295331.        0.000000       -30710.87     -9.73283361816E+08  5.87725930349E+05 -1.65601568955E+03   4.37957457              399  0.27718    
      155200  -4.65979414         1295383.        0.000000       -30702.71     -9.73169644477E+08  5.87657262984E+05 -1.65601568427E+03   4.37891235              397  0.27574    
      155300  -4.65954830         1295527.        0.000000       -30676.03     -9.73124478845E+08  5.87629988420E+05 -1.65601568678E+03   4.37796971              397  0.27475    
      155400  -4.65950130         1295415.        0.000000       -30674.93     -9.73290927653E+08  5.87730500190E+05 -1.65601568633E+03   4.37888179              398  0.27467    
      155500  -4.66028118         1295553.        0.000000       -30666.57     -9.73369150563E+08  5.87777736591E+05 -1.65601568411E+03   4.37887696              398  0.27701    
      155600  -4.66109778         1295797.        0.000000       -30678.53     -9.73529833166E+08  5.87874768371E+05 -1.65601567807E+03   4.37842423              398  0.27484    
      155700  -4.66074161         1295866.        0.000000       -30698.02     -9.73650420033E+08  5.87947584423E+05 -1.65601568206E+03   4.37819557              398  0.27961    
      155800  -4.66113282         1295666.        0.000000       -30654.98     -9.73597352303E+08  5.87915538807E+05 -1.65601568259E+03   4.37926988              399  0.27442    
      155900  -4.66017003         1295551.        0.000000       -30634.39     -9.73347805605E+08  5.87764847251E+05 -1.65601568409E+03   4.37897727              398  0.27594    
      156000  -4.65965963         1295307.        0.000000       -30672.65     -9.73288840349E+08  5.87729241563E+05 -1.65601568124E+03   4.37861003              398  0.27415    
      156100  -4.65978734         1295416.        0.000000       -30650.95     -9.73408609858E+08  5.87801565254E+05 -1.65601568182E+03   4.37912858              398  0.27393    
      156200  -4.66034250         1295710.        0.000000       -30668.98     -9.73551369515E+08  5.87887770225E+05 -1.65601568671E+03   4.37802782              398  0.27966    
      156300  -4.66131416         1295812.        0.000000       -30654.30     -9.73784613131E+08  5.88028616726E+05 -1.65601568603E+03   4.37888852              396  0.27411    
      156400  -4.66114296         1295668.        0.000000       -30658.41     -9.73690280364E+08  5.87971650857E+05 -1.65601569216E+03   4.37908671              398  0.27624    
      156500  -4.66106902         1295772.        0.000000       -30658.97     -9.73596586399E+08  5.87915073489E+05 -1.65601569053E+03   4.37894333              398  0.27560    
      156600  -4.66206591         1295980.        0.000000       -30666.46     -9.73685613838E+08  5.87968832461E+05 -1.65601569349E+03   4.37864805              396  0.27677    
      156700  -4.66220023         1295878.        0.000000       -30658.79     -9.73573292301E+08  5.87901006212E+05 -1.65601569314E+03   4.37931706              397  0.27388    
      156800  -4.66149324         1295749.        0.000000       -30681.38     -9.73456529215E+08  5.87830499090E+05 -1.65601568942E+03   4.37906843              398  0.27768    
      156900  -4.66138624         1295702.        0.000000       -30682.02     -9.73440153301E+08  5.87820611886E+05 -1.65601568509E+03   4.37947814              398  0.27396    
      157000  -4.66122027         1295792.        0.000000       -30668.94     -9.73431388468E+08  5.87815318900E+05 -1.65601568583E+03   4.37905300              397  0.27792    
      157100  -4.66058617         1295626.        0.000000       -30708.93     -9.73209154344E+08  5.87681123284E+05 -1.65601567889E+03   4.37929122              397  0.27564    
      157200  -4.66013312         1295275.        0.000000       -30713.27     -9.73063618936E+08  5.87593237622E+05 -1.65601568676E+03   4.37954205              397  0.27530    
      157300  -4.65902519         1295096.        0.000000       -30662.97     -9.72787537956E+08  5.87426523502E+05 -1.65601568713E+03   4.37916527              398  0.28215    
      157400  -4.65923566         1295365.        0.000000       -30665.91     -9.72875527883E+08  5.87479657197E+05 -1.65601568661E+03   4.37852312              398  0.27610    
      157500  -4.65969085         1295644.        0.000000       -30685.38     -9.73006290000E+08  5.87558620007E+05 -1.65601568400E+03   4.37786727              398  0.27424    
      157600  -4.65975355         1295132.        0.000000       -30648.13     -9.73109312790E+08  5.87620830494E+05 -1.65601568612E+03   4.37936968              397  0.27469    
      157700  -4.65831161         1295063.        0.000000       -30637.94     -9.72904782226E+08  5.87497322519E+05 -1.65601568711E+03   4.37887868              398  0.27526    
      157800  -4.65893974         1295307.        0.000000       -30652.02     -9.73121417983E+08  5.87628140217E+05 -1.65601568642E+03   4.37837454              397  0.27721    
      157900  -4.65960922         1295465.        0.000000       -30662.18     -9.73264712025E+08  5.87714668864E+05 -1.65601568854E+03   4.37866573              398  0.27612    
      158000  -4.66094616         1295546.        0.000000       -30673.55     -9.73410537729E+08  5.87802727564E+05 -1.65601568704E+03   4.37912687              398  0.27745    
      158100  -4.65959442         1295063.        0.000000       -30733.46     -9.73175757089E+08  5.87660955779E+05 -1.65601567965E+03   4.37974281              397  0.27790    
      158200  -4.65937937         1295465.        0.000000       -30714.65     -9.73220514029E+08  5.87687980637E+05 -1.65601568535E+03   4.37799428              398  0.27434    
      158300  -4.66090584         1295790.        0.000000       -30709.25     -9.73533265687E+08  5.87876837530E+05 -1.65601568821E+03   4.37864768              398  0.27423    
      158400  -4.66167268         1295765.        0.000000       -30710.62     -9.73530280140E+08  5.87875034109E+05 -1.65601568982E+03   4.37958882              399  0.27570    
      158500  -4.66151155         1295653.        0.000000       -30684.54     -9.73298749756E+08  5.87735222366E+05 -1.65601568992E+03   4.37988186              398  0.27412    
      158600  -4.65963880         1295092.        0.000000       -30672.42     -9.72953161186E+08  5.87526535976E+05 -1.65601568884E+03   4.37951082              398  0.27531    
      158700  -4.65955754         1295620.        0.000000       -30725.38     -9.73011349492E+08  5.87561675659E+05 -1.65601568278E+03   4.37749322              398  0.27394    
      158800  -4.66173758         1296275.        0.000000       -30726.91     -9.73499481822E+08  5.87856437820E+05 -1.65601568545E+03   4.37779269              397  0.27640    
      158900  -4.66302059         1296067.        0.000000       -30748.19     -9.73776382999E+08  5.88023647742E+05 -1.65601568362E+03   4.37926945              397  0.27492    
      159000  -4.66223652         1295695.        0.000000       -30749.71     -9.73640697915E+08  5.87941712630E+05 -1.65601568489E+03   4.37958457              398  0.27535    
      159100  -4.65960093         1295119.        0.000000       -30725.24     -9.73154316611E+08  5.87648007729E+05 -1.65601568254E+03   4.37985579              399  0.27516    
      159200  -4.65847399         1294884.        0.000000       -30721.53     -9.72844977649E+08  5.87461212637E+05 -1.65601567682E+03   4.37940595              397  0.27514    
      159300  -4.65784662         1295078.        0.000000       -30688.76     -9.72680948542E+08  5.87362161830E+05 -1.65601567781E+03   4.37857678              399  0.27383    
      159400  -4.65895541         1295082.        0.000000       -30657.60     -9.72762305076E+08  5.87411287791E+05 -1.65601568321E+03   4.37914646              398  0.27968    
      159500  -4.65951760         1295401.        0.000000       -30689.28     -9.72896174410E+08  5.87492127301E+05 -1.65601567953E+03   4.37878842              398  0.27648    
      159600  -4.66081181         1295367.        0.000000       -30669.47     -9.73106088856E+08  5.87618886508E+05 -1.65601567819E+03   4.37961524              398  0.27520    
      159700  -4.65943786         1295167.        0.000000       -30654.98     -9.72992003455E+08  5.87549992573E+05 -1.65601568505E+03   4.37903577              398  0.27787    
      159800  -4.65879036         1295099.        0.000000       -30663.00     -9.73013918240E+08  5.87563225763E+05 -1.65601568576E+03   4.37882873              397  0.27418    
      159900  -4.65881409         1295235.        0.000000       -30698.51     -9.73078044997E+08  5.87601950402E+05 -1.65601568261E+03   4.37866068              397  0.27997    
      160000  -4.65951658         1295485.        0.000000       -30701.07     -9.73186571778E+08  5.87667483766E+05 -1.65601568687E+03   4.37792297              397  0.27485    
      160100  -4.66073972         1295606.        0.000000       -30717.14     -9.73451431060E+08  5.87827420867E+05 -1.65601568845E+03   4.37930161              398  0.27555    
      160200  -4.65970365         1295176.        0.000000       -30705.69     -9.73180423719E+08  5.87663772475E+05 -1.65601568329E+03   4.37954671              400  0.27943    
      160300  -4.65883060         1295077.        0.000000       -30714.63     -9.73049005171E+08  5.87584413090E+05 -1.65601568642E+03   4.37888091              398  0.27387    
      160400  -4.65874003         1295181.        0.000000       -30715.74     -9.73025213147E+08  5.87570046987E+05 -1.65601568381E+03   4.37865348              398  0.27743    
      160500  -4.65885225         1295136.        0.000000       -30713.26     -9.73005411146E+08  5.87558089547E+05 -1.65601568331E+03   4.37908146              398  0.27390    
      160600  -4.65901903         1295426.        0.000000       -30706.06     -9.72947319541E+08  5.87523008856E+05 -1.65601568769E+03   4.37893072              397  0.27510    
      160700  -4.65951678         1295187.        0.000000       -30675.44     -9.72949067053E+08  5.87524064123E+05 -1.65601568764E+03   4.37878683              398  0.27438    
      160800  -4.65842420         1294944.        0.000000       -30646.65     -9.72810110829E+08  5.87440156459E+05 -1.65601568114E+03   4.37908738              398  0.27534    
      160900  -4.65859132         1295050.        0.000000       -30682.25     -9.72812500441E+08  5.87441598074E+05 -1.65601568502E+03   4.37854772              399  0.27403    
      161000  -4.65841888         1295527.        0.000000       -30677.20     -9.72860302839E+08  5.87470463719E+05 -1.65601568576E+03   4.37749285              399  0.27720    
      161100  -4.66121783         1295842.        0.000000       -30679.81     -9.73350969826E+08  5.87766757530E+05 -1.65601568540E+03   4.37815437              398  0.27656    
      161200  -4.66272300         1296286.        0.000000       -30675.22     -9.73755244320E+08  5.88010883287E+05 -1.65601568270E+03   4.37840164              398  0.27800    
      161300  -4.66292236         1295987.        0.000000       -30700.95     -9.73868992434E+08  5.88079571527E+05 -1.65601568153E+03   4.37963794              398  0.27493    
      161400  -4.66095402         1295264.        0.000000       -30661.05     -9.73383339489E+08  5.87786304469E+05 -1.65601568476E+03   4.38043307              398  0.27560    
      161500  -4.66003451         1295374.        0.000000       -30688.97     -9.73229004014E+08  5.87693107390E+05 -1.65601568536E+03   4.37855291              397  0.27516    
      161600  -4.66028418         1295776.        0.000000       -30660.46     -9.73384391358E+08  5.87786938928E+05 -1.65601568679E+03   4.37846304              398  0.27643    
      161700  -4.66153176         1295897.        0.000000       -30687.43     -9.73646463370E+08  5.87945194126E+05 -1.65601568496E+03   4.37887382              398  0.27808    
      161800  -4.66161401         1295871.        0.000000       -30695.20     -9.73478979430E+08  5.87844057749E+05 -1.65601568409E+03   4.37882968              398  0.27469    
      161900  -4.66096576         1295271.        0.000000       -30685.30     -9.73405360619E+08  5.87799600174E+05 -1.65601569026E+03   4.38003638              398  0.27455    
      162000  -4.65967067         1295172.        0.000000       -30686.90     -9.73203525166E+08  5.87677721526E+05 -1.65601568601E+03   4.37903818              396  0.27610    
      162100  -4.66009472         1295537.        0.000000       -30743.10     -9.73314033499E+08  5.87744451400E+05 -1.65601569046E+03   4.37893798              398  0.27765    
      162200  -4.65975337         1295382.        0.000000       -30688.93     -9.73198664190E+08  5.87674785314E+05 -1.65601568846E+03   4.37883004              397  0.27578    
      162300  -4.65977632         1295354.        0.000000       -30705.38     -9.73187038955E+08  5.87667765033E+05 -1.65601568924E+03   4.37882961              398  0.27482    
      162400  -4.66012967         1295691.        0.000000       -30691.62     -9.73341270155E+08  5.87760898676E+05 -1.65601568997E+03   4.37831813              398  0.27537    
      162500  -4.66090804         1295653.        0.000000       -30705.78     -9.73539844618E+08  5.87880811780E+05 -1.65601568398E+03   4.37859440              398  0.27817    
      162600  -4.65998606         1295061.        0.000000       -30706.15     -9.73526796000E+08  5.87872932408E+05 -1.65601568355E+03   4.38038211              397  0.27522    
      162700  -4.65858668         1294735.        0.000000       -30675.81     -9.73098237199E+08  5.87614142509E+05 -1.65601568581E+03   4.38023897              398  0.27461    
      162800  -4.65815194         1295280.        0.000000       -30636.60     -9.72873729338E+08  5.87478571015E+05 -1.65601568693E+03   4.37830278              397  0.28114    
      162900  -4.65965978         1295353.        0.000000       -30684.35     -9.73176271612E+08  5.87661265572E+05 -1.65601568221E+03   4.37923864              399  0.27742    
      163000  -4.65910965         1295381.        0.000000       -30732.68     -9.73082044678E+08  5.87604364192E+05 -1.65601568670E+03   4.37807015              398  0.27427    
      163100  -4.66070555         1295801.        0.000000       -30734.63     -9.73372445064E+08  5.87779723338E+05 -1.65601569162E+03   4.37893289              398  0.27766    
      163200  -4.66160843         1295972.        0.000000       -30714.67     -9.73405078743E+08  5.87799429270E+05 -1.65601569221E+03   4.37806919              398  0.27448    
      163300  -4.66114114         1295410.        0.000000       -30705.47     -9.73382626107E+08  5.87785872431E+05 -1.65601568830E+03   4.37979676              398  0.27754    
      163400  -4.65988853         1295438.        0.000000       -30711.54     -9.73231100750E+08  5.87694374134E+05 -1.65601568364E+03   4.37892985              398  0.27494    
      163500  -4.66125755         1295950.        0.000000       -30699.67     -9.73393552114E+08  5.87792469504E+05 -1.65601569026E+03   4.37840247              398  0.27583    
      163600  -4.66233284         1296062.        0.000000       -30670.70     -9.73580776737E+08  5.87905528482E+05 -1.65601568546E+03   4.37938081              398  0.27842    
      163700  -4.66131421         1295301.        0.000000       -30684.23     -9.73293925987E+08  5.87732309811E+05 -1.65601568901E+03   4.38067597              397  0.27451    
      163800  -4.65950322         1295077.        0.000000       -30696.48     -9.72974695659E+08  5.87539541079E+05 -1.65601568513E+03   4.37929052              397  0.27485    
      163900  -4.65896388         1294761.        0.000000       -30696.04     -9.73068797412E+08  5.87596363025E+05 -1.65601569146E+03   4.37997600              398  0.27484    
      164000  -4.65824353         1295160.        0.000000       -30721.19     -9.73032344668E+08  5.87574349707E+05 -1.65601569427E+03   4.37841040              398  0.27489    
      164100  -4.66020953         1295651.        0.000000       -30718.30     -9.73360965856E+08  5.87772790912E+05 -1.65601569332E+03   4.37849683              398  0.27539    
      164200  -4.66098762         1295367.        0.000000       -30732.09     -9.73490598875E+08  5.87851070740E+05 -1.65601569399E+03   4.37978940              397  0.27811    
      164300  -4.65965605         1295289.        0.000000       -30742.63     -9.73213044342E+08  5.87683468799E+05 -1.65601568874E+03   4.37975047              398  0.27394    
      164400  -4.65945690         1295344.        0.000000       -30709.47     -9.73111444097E+08  5.87622116183E+05 -1.65601568984E+03   4.37892221              398  0.27404    
      164500  -4.65977662         1295486.        0.000000       -30715.10     -9.73058221423E+08  5.87589977795E+05 -1.65601568814E+03   4.37820391              398  0.27940    
      164600  -4.66078568         1295790.        0.000000       -30735.57     -9.73352854460E+08  5.87767894582E+05 -1.65601568822E+03   4.37881137              398  0.27876    
      164700  -4.66029635         1295519.        0.000000       -30712.17     -9.73189296373E+08  5.87669126332E+05 -1.65601569449E+03   4.37890866              398  0.27536    
      164800  -4.65975764         1295297.        0.000000       -30696.73     -9.73208869283E+08  5.87680947242E+05 -1.65601568989E+03   4.37855565              398  0.27391    
      164900  -4.65908560         1295012.        0.000000       -30696.35     -9.73177169324E+08  5.87661809954E+05 -1.65601567575E+03   4.37936462              398  0.27356    
      165000  -4.65830049         1295071.        0.000000       -30667.61     -9.73023071315E+08  5.87568754959E+05 -1.65601568004E+03   4.37919091              398  0.27670    
      165100  -4.65794898         1294869.        0.000000       -30672.12     -9.72893822713E+08  5.87490703318E+05 -1.65601569049E+03   4.37894834              398  0.27669    
      165200  -4.65807767         1294931.        0.000000       -30665.30     -9.72946572994E+08  5.87522557537E+05 -1.65601568912E+03   4.37918157              398  0.27506    
      165300  -4.65696569         1294720.        0.000000       -30720.31     -9.72753536876E+08  5.87405994244E+05 -1.65601567980E+03   4.37810458              398  0.27607    
      165400  -4.65894973         1295376.        0.000000       -30695.97     -9.73213153848E+08  5.87683537277E+05 -1.65601568211E+03   4.37821920              396  0.27559    
      165500  -4.66036435         1295788.        0.000000       -30679.50     -9.73422401616E+08  5.87809891921E+05 -1.65601568636E+03   4.37822913              398  0.27629    
      165600  -4.66095313         1295558.        0.000000       -30663.38     -9.73591162499E+08  5.87911798221E+05 -1.65601569053E+03   4.37902491              398  0.27458    
      165700  -4.66107065         1295759.        0.000000       -30643.86     -9.73602753544E+08  5.87918797461E+05 -1.65601569085E+03   4.37889143              398  0.27416    
      165800  -4.66126005         1295573.        0.000000       -30635.69     -9.73613190614E+08  5.87925101401E+05 -1.65601568685E+03   4.37944915              399  0.27834    
      165900  -4.66094023         1295780.        0.000000       -30624.87     -9.73438158245E+08  5.87819406161E+05 -1.65601568788E+03   4.37904746              398  0.27587    
      166000  -4.66051138         1295480.        0.000000       -30655.28     -9.73336381664E+08  5.87757948293E+05 -1.65601568552E+03   4.37907978              398  0.27531    
      166100  -4.66024038         1295541.        0.000000       -30726.05     -9.73350977130E+08  5.87766764294E+05 -1.65601567877E+03   4.37844780              398  0.27837    
      166200  -4.66080485         1295676.        0.000000       -30647.67     -9.73456098487E+08  5.87830241654E+05 -1.65601568192E+03   4.37877498              398  0.27380    
      166300  -4.66070147         1295640.        0.000000       -30723.35     -9.73481329994E+08  5.87845476955E+05 -1.65601568466E+03   4.37888906              398  0.27844    
      166400  -4.66073743         1295656.        0.000000       -30663.70     -9.73485128752E+08  5.87847770218E+05 -1.65601568649E+03   4.37876469              396  0.27565    
      166500  -4.65975571         1295529.        0.000000       -30642.18     -9.73298536089E+08  5.87735093555E+05 -1.65601568932E+03   4.37864445              397  0.27703    
      166600  -4.66071282         1295645.        0.000000       -30637.32     -9.73425246373E+08  5.87811610543E+05 -1.65601568413E+03   4.37900991              398  0.27602    
      166700  -4.66014815         1295471.        0.000000       -30631.03     -9.73176277417E+08  5.87661270064E+05 -1.65601567942E+03   4.37916953              398  0.27373    
      166800  -4.65973507         1295476.        0.000000       -30676.88     -9.73106965980E+08  5.87619415726E+05 -1.65601567943E+03   4.37845890              398  0.27368    
      166900  -4.66050168         1295451.        0.000000       -30697.40     -9.73247475462E+08  5.87704263589E+05 -1.65601567958E+03   4.37901139              398  0.28069    
      167000  -4.65981778         1295330.        0.000000       -30699.95     -9.73137720297E+08  5.87637986952E+05 -1.65601567956E+03   4.37918611              397  0.27487    
      167100  -4.65987283         1295449.        0.000000       -30743.14     -9.73137296850E+08  5.87637731637E+05 -1.65601567847E+03   4.37788202              398  0.27590    
      167200  -4.66142307         1296102.        0.000000       -30714.15     -9.73501819744E+08  5.87857850853E+05 -1.65601568190E+03   4.37806830              398  0.27935    
      167300  -4.66095356         1295565.        0.000000       -30708.05     -9.73371989756E+08  5.87779450508E+05 -1.65601568567E+03   4.37940312              397  0.27590    
      167400  -4.65965775         1295441.        0.000000       -30682.08     -9.73091025767E+08  5.87609787317E+05 -1.65601568723E+03   4.37886978              398  0.31496    
      167500  -4.65995047         1295468.        0.000000       -30670.08     -9.73134623933E+08  5.87636112320E+05 -1.65601569327E+03   4.37869541              398  0.33932    
      167600  -4.65971681         1295242.        0.000000       -30674.85     -9.73160689320E+08  5.87651855096E+05 -1.65601568494E+03   4.37930193              397  0.32209    
      167700  -4.65922554         1295239.        0.000000       -30657.60     -9.73084738183E+08  5.87605992455E+05 -1.65601568173E+03   4.37895428              399  0.38482    
      167800  -4.65938778         1295298.        0.000000       -30639.75     -9.73044733141E+08  5.87581837448E+05 -1.65601567497E+03   4.37889655              398  0.28137    
      167900  -4.65947757         1295269.        0.000000       -30648.29     -9.73136469139E+08  5.87637231439E+05 -1.65601567953E+03   4.37853183              398  0.27392    
      168000  -4.66019348         1295409.        0.000000       -30666.03     -9.73326993371E+08  5.87752278567E+05 -1.65601568699E+03   4.37914762              398  0.27597    
      168100  -4.65949022         1295306.        0.000000       -30695.98     -9.73147264815E+08  5.87643748377E+05 -1.65601568553E+03   4.37925190              398  0.27393    
      168200  -4.65905892         1295054.        0.000000       -30662.02     -9.73020846511E+08  5.87567407890E+05 -1.65601569019E+03   4.37979119              398  0.27324    
      168300  -4.65885990         1295332.        0.000000       -30667.79     -9.72833751636E+08  5.87454428166E+05 -1.65601569244E+03   4.37822454              399  0.27545    
      168400  -4.66034249         1295774.        0.000000       -30690.02     -9.73167050230E+08  5.87655693565E+05 -1.65601569233E+03   4.37839475              398  0.27508    
      168500  -4.66115751         1295703.        0.000000       -30659.61     -9.73340528167E+08  5.87760451931E+05 -1.65601568627E+03   4.37889213              398  0.27649    
      168600  -4.66112669         1295496.        0.000000       -30593.38     -9.73268197096E+08  5.87716775667E+05 -1.65601568203E+03   4.38016273              399  0.27858    
      168700  -4.66044951         1295452.        0.000000       -30588.74     -9.72995694393E+08  5.87552222276E+05 -1.65601568253E+03   4.37923735              398  0.27461    
      168800  -4.65963215         1295310.        0.000000       -30647.59     -9.72834563782E+08  5.87454923025E+05 -1.65601567993E+03   4.37867632              398  0.27680    
      168900  -4.65949013         1295085.        0.000000       -30641.72     -9.72931939377E+08  5.87513722518E+05 -1.65601568455E+03   4.37956595              398  0.27509    
      169000  -4.65890013         1295043.        0.000000       -30632.53     -9.72788804388E+08  5.87427289214E+05 -1.65601568441E+03   4.37890410              398  0.27606    
      169100  -4.65970839         1295558.        0.000000       -30649.24     -9.72941843924E+08  5.87519705399E+05 -1.65601567910E+03   4.37861084              398  0.27381    
      169200  -4.65960912         1295064.        0.000000       -30627.54     -9.72946538200E+08  5.87522538861E+05 -1.65601568254E+03   4.37958022              398  0.27362    
      169300  -4.65878316         1294937.        0.000000       -30633.40     -9.72769433129E+08  5.87415592872E+05 -1.65601568112E+03   4.38002727              398  0.27370    
      169400  -4.65826914         1295065.        0.000000       -30651.21     -9.72596366637E+08  5.87311084350E+05 -1.65601568326E+03   4.37894212              399  0.27640    
      169500  -4.65890999         1295439.        0.000000       -30660.01     -9.72839264498E+08  5.87457759384E+05 -1.65601568616E+03   4.37780856              397  0.27686    
      169600  -4.65891814         1295196.        0.000000       -30646.39     -9.72966908696E+08  5.87534840305E+05 -1.65601568103E+03   4.37888475              398  0.27776    
      169700  -4.66008800         1295765.        0.000000       -30626.35     -9.73244361062E+08  5.87702384036E+05 -1.65601567647E+03   4.37811945              399  0.27408    
      169800  -4.66118240         1295982.        0.000000       -30671.12     -9.73456229234E+08  5.87830321237E+05 -1.65601568015E+03   4.37827729              397  0.27631    
      169900  -4.66189242         1295834.        0.000000       -30656.11     -9.73486728599E+08  5.87848739072E+05 -1.65601567869E+03   4.37934650              397  0.27439    
      170000  -4.66077767         1295495.        0.000000       -30664.17     -9.73288180682E+08  5.87728844057E+05 -1.65601567887E+03   4.37956226              397  0.27629    
      170100  -4.65946343         1295277.        0.000000       -30677.97     -9.72992102063E+08  5.87550054386E+05 -1.65601567866E+03   4.37880030              398  0.27434    
      170200  -4.65929166         1295263.        0.000000       -30737.64     -9.73137363640E+08  5.87637771136E+05 -1.65601568081E+03   4.37797656              397  0.27639    
      170300  -4.65957976         1295275.        0.000000       -30705.08     -9.73323630727E+08  5.87750250635E+05 -1.65601567958E+03   4.37949785              398  0.27415    
      170400  -4.66028146         1295599.        0.000000       -30644.62     -9.73299603893E+08  5.87735740517E+05 -1.65601568323E+03   4.37872908              398  0.27429    
      170500  -4.66010967         1295641.        0.000000       -30609.82     -9.73158629297E+08  5.87650609065E+05 -1.65601569076E+03   4.37887375              398  0.27936    
      170600  -4.66061801         1295542.        0.000000       -30630.82     -9.73214786915E+08  5.87684520446E+05 -1.65601569049E+03   4.37870184              398  0.27517    
      170700  -4.66066730         1295754.        0.000000       -30656.56     -9.73367398395E+08  5.87776677404E+05 -1.65601568728E+03   4.37856596              398  0.27631    
      170800  -4.66076489         1295472.        0.000000       -30663.47     -9.73480723283E+08  5.87845109078E+05 -1.65601568891E+03   4.37909934              398  0.27634    
      170900  -4.65974935         1295427.        0.000000       -30687.11     -9.73266787556E+08  5.87715924175E+05 -1.65601568296E+03   4.37896961              397  0.27646    
      171000  -4.66066179         1295704.        0.000000       -30660.67     -9.73378460811E+08  5.87783361518E+05 -1.65601567608E+03   4.37885146              397  0.27494    
      171100  -4.66063957         1295458.        0.000000       -30706.60     -9.73242699236E+08  5.87701377968E+05 -1.65601568368E+03   4.37949392              397  0.27624    
      171200  -4.66029534         1295457.        0.000000       -30652.66     -9.73125727339E+08  5.87630744983E+05 -1.65601567931E+03   4.37950926              399  0.27402    
      171300  -4.65924245         1295227.        0.000000       -30696.75     -9.72908233810E+08  5.87499407946E+05 -1.65601568385E+03   4.37870226              398  0.27605    
      171400  -4.65954140         1295337.        0.000000       -30708.85     -9.73012261527E+08  5.87562226533E+05 -1.65601568240E+03   4.37868290              398  0.27620    
      171500  -4.65914497         1295286.        0.000000       -30741.15     -9.73077609723E+08  5.87601686927E+05 -1.65601568439E+03   4.37866506              398  0.27607    
      171600  -4.65968117         1295638.        0.000000       -30762.59     -9.73206344757E+08  5.87679424664E+05 -1.65601568459E+03   4.37779075              399  0.27802    
      171700  -4.66042044         1295390.        0.000000       -30720.53     -9.73357509647E+08  5.87770706750E+05 -1.65601568514E+03   4.37942611              398  0.27466    
      171800  -4.65997059         1295398.        0.000000       -30717.32     -9.73090072110E+08  5.87609211508E+05 -1.65601568705E+03   4.37918091              398  0.27550    
      171900  -4.66069331         1295667.        0.000000       -30693.01     -9.73065166332E+08  5.87594171586E+05 -1.65601568801E+03   4.37886921              398  0.27779    
      172000  -4.66081408         1295783.        0.000000       -30671.01     -9.73107094461E+08  5.87619491607E+05 -1.65601568423E+03   4.37812828              398  0.27498    
      172100  -4.66065604         1295726.        0.000000       -30660.85     -9.73198367646E+08  5.87674606439E+05 -1.65601568790E+03   4.37866922              398  0.27403    
      172200  -4.66106843         1295861.        0.000000       -30652.47     -9.73295945292E+08  5.87733531253E+05 -1.65601568319E+03   4.37834509              398  0.27418    
      172300  -4.66113046         1295662.        0.000000       -30659.49     -9.73374810544E+08  5.87781153293E+05 -1.65601568728E+03   4.37954095              398  0.27558    
      172400  -4.65947016         1295191.        0.000000       -30656.75     -9.72963089738E+08  5.87532530919E+05 -1.65601569026E+03   4.37958345              397  0.27745    
      172500  -4.65805281         1294897.        0.000000       -30618.69     -9.72639760996E+08  5.87337285290E+05 -1.65601569210E+03   4.37916516              398  0.28130    
      172600  -4.65733499         1294664.        0.000000       -30566.99     -9.72576075281E+08  5.87298829488E+05 -1.65601568818E+03   4.37949995              398  0.27534    
      172700  -4.65790212         1294826.        0.000000       -30591.87     -9.72572082270E+08  5.87296418304E+05 -1.65601568809E+03   4.37906657              398  0.27391    
      172800  -4.65762602         1294866.        0.000000       -30582.02     -9.72588352187E+08  5.87306243006E+05 -1.65601568818E+03   4.37863122              396  0.27374    
      172900  -4.65771191         1294973.        0.000000       -30596.01     -9.72598053416E+08  5.87312101704E+05 -1.65601568671E+03   4.37808940              398  0.27484    
      173000  -4.65965447         1295422.        0.000000       -30605.20     -9.72995387318E+08  5.87552037185E+05 -1.65601568157E+03   4.37846644              399  0.27760    
      173100  -4.65972421         1295251.        0.000000       -30662.00     -9.73093970553E+08  5.87611568399E+05 -1.65601567921E+03   4.37884255              398  0.27370    
      173200  -4.65898037         1295009.        0.000000       -30670.26     -9.73041357841E+08  5.87579794944E+05 -1.65601568708E+03   4.37994550              398  0.27538    
      173300  -4.65855374         1294905.        0.000000       -30662.53     -9.72890413969E+08  5.87488646145E+05 -1.65601568703E+03   4.37957834              397  0.27499    
      173400  -4.65923008         1295483.        0.000000       -30659.20     -9.72944146891E+08  5.87521093610E+05 -1.65601568603E+03   4.37806104              398  0.27641    
      173500  -4.65975159         1295335.        0.000000       -30693.26     -9.73076502132E+08  5.87601014813E+05 -1.65601569365E+03   4.37894783              396  0.27451    
      173600  -4.66000916         1295520.        0.000000       -30670.24     -9.73075963572E+08  5.87600691001E+05 -1.65601568969E+03   4.37897991              399  0.27414    
      173700  -4.66031448         1295645.        0.000000       -30686.37     -9.73124231246E+08  5.87629837719E+05 -1.65601569012E+03   4.37830481              397  0.27478    
      173800  -4.66039548         1295304.        0.000000       -30697.37     -9.73051588657E+08  5.87585971405E+05 -1.65601569134E+03   4.37888240              398  0.28009    
      173900  -4.65926501         1295147.        0.000000       -30660.01     -9.73009772155E+08  5.87560719924E+05 -1.65601569193E+03   4.37930667              398  0.27497    
      174000  -4.65880724         1295142.        0.000000       -30652.31     -9.72913992551E+08  5.87502884489E+05 -1.65601568646E+03   4.37907166              397  0.27545    
      174100  -4.65934380         1295229.        0.000000       -30659.48     -9.73044025231E+08  5.87581407119E+05 -1.65601568300E+03   4.37893883              398  0.27399    
      174200  -4.66016643         1295389.        0.000000       -30657.05     -9.73166525793E+08  5.87655379233E+05 -1.65601568570E+03   4.37923080              399  0.27383    
      174300  -4.66073251         1295684.        0.000000       -30676.11     -9.73224392554E+08  5.87690318696E+05 -1.65601569669E+03   4.37897557              399  0.27411    
      174400  -4.66025339         1295413.        0.000000       -30667.26     -9.73091724496E+08  5.87610209348E+05 -1.65601568696E+03   4.37897778              396  0.27426    
      174500  -4.65924318         1295407.        0.000000       -30678.96     -9.73028714540E+08  5.87572161516E+05 -1.65601568330E+03   4.37823171              399  0.27626    
      174600  -4.66032255         1295535.        0.000000       -30642.64     -9.73191265995E+08  5.87670320277E+05 -1.65601568161E+03   4.37884771              397  0.27961    
      174700  -4.66107050         1295674.        0.000000       -30644.76     -9.73334872217E+08  5.87757036516E+05 -1.65601568632E+03   4.37938003              398  0.28104    
      174800  -4.66011179         1295087.        0.000000       -30680.82     -9.73053630201E+08  5.87587202778E+05 -1.65601569537E+03   4.38018574              397  0.27645    
      174900  -4.65837430         1295041.        0.000000       -30627.54     -9.72701087778E+08  5.87374318542E+05 -1.65601569063E+03   4.37962976              397  0.27833    
      175000  -4.65857189         1295138.        0.000000       -30591.49     -9.72588835787E+08  5.87306536202E+05 -1.65601568489E+03   4.37883719              398  0.27415    
      175100  -4.65929085         1295027.        0.000000       -30587.49     -9.72760304720E+08  5.87410079308E+05 -1.65601568476E+03   4.37944870              398  0.27378    
      175200  -4.65900868         1295271.        0.000000       -30631.98     -9.72815496746E+08  5.87443406259E+05 -1.65601568829E+03   4.37829707              398  0.27462    
      175300  -4.65923333         1295350.        0.000000       -30633.64     -9.72988277419E+08  5.87547741879E+05 -1.65601568701E+03   4.37829477              398  0.27347    
      175400  -4.65979768         1295440.        0.000000       -30668.04     -9.73154516738E+08  5.87648126558E+05 -1.65601568823E+03   4.37904224              397  0.27689    
      175500  -4.66039004         1295638.        0.000000       -30677.43     -9.73198772977E+08  5.87674849450E+05 -1.65601569284E+03   4.37846473              398  0.27607    
      175600  -4.66079234         1295662.        0.000000       -30666.80     -9.73378494547E+08  5.87783376933E+05 -1.65601569004E+03   4.37881759              397  0.27798    
      175700  -4.66022138         1295542.        0.000000       -30670.01     -9.73250254632E+08  5.87705938361E+05 -1.65601568932E+03   4.37893972              398  0.27642    
      175800  -4.66015143         1295386.        0.000000       -30658.26     -9.73168035496E+08  5.87656290883E+05 -1.65601568569E+03   4.37925010              398  0.27701    
      175900  -4.66015311         1295248.        0.000000       -30683.54     -9.73092028340E+08  5.87610394368E+05 -1.65601568261E+03   4.37989236              398  0.27712    
      176000  -4.65943126         1295037.        0.000000       -30687.25     -9.72953953382E+08  5.87527013941E+05 -1.65601569000E+03   4.37951174              398  0.27822    
      176100  -4.65954533         1295341.        0.000000       -30713.79     -9.73027610024E+08  5.87571493280E+05 -1.65601568686E+03   4.37859718              399  0.27581    
      176200  -4.65999737         1295682.        0.000000       -30703.62     -9.73225501470E+08  5.87690992723E+05 -1.65601568430E+03   4.37880576              397  0.27338    
      176300  -4.66048119         1295478.        0.000000       -30692.11     -9.73281788830E+08  5.87724981901E+05 -1.65601568557E+03   4.37873703              398  0.27464    
      176400  -4.65993367         1295339.        0.000000       -30626.56     -9.73186783529E+08  5.87667612311E+05 -1.65601568496E+03   4.37930544              398  0.27506    
      176500  -4.66056765         1295657.        0.000000       -30636.58     -9.73297107757E+08  5.87734233934E+05 -1.65601568117E+03   4.37876451              399  0.27385    
      176600  -4.66093548         1295503.        0.000000       -30628.76     -9.73473915353E+08  5.87840999386E+05 -1.65601568514E+03   4.37939967              398  0.27605    
      176700  -4.66031231         1295506.        0.000000       -30678.26     -9.73354279851E+08  5.87768756375E+05 -1.65601568524E+03   4.37876428              398  0.27721    
      176800  -4.66076176         1295588.        0.000000       -30670.19     -9.73382272789E+08  5.87785659738E+05 -1.65601568644E+03   4.37897130              398  0.27921    
      176900  -4.66065997         1295723.        0.000000       -30621.26     -9.73309656521E+08  5.87741810250E+05 -1.65601568503E+03   4.37888705              396  0.27570    
      177000  -4.66106056         1295688.        0.000000       -30597.84     -9.73176407545E+08  5.87661345814E+05 -1.65601568740E+03   4.37935762              398  0.27427    
      177100  -4.66039706         1295486.        0.000000       -30561.72     -9.73103893715E+08  5.87617556457E+05 -1.65601569085E+03   4.37945857              399  0.28267    
      177200  -4.66056138         1295626.        0.000000       -30575.02     -9.73162065262E+08  5.87652686303E+05 -1.65601568400E+03   4.37860510              399  0.27352    
      177300  -4.66085987         1295807.        0.000000       -30568.51     -9.73313407313E+08  5.87744078505E+05 -1.65601567571E+03   4.37883906              396  0.27505    
      177400  -4.66111461         1295632.        0.000000       -30631.54     -9.73278149271E+08  5.87722784389E+05 -1.65601568481E+03   4.37953620              398  0.27530    
      177500  -4.66075378         1295316.        0.000000       -30649.27     -9.73163742604E+08  5.87653699737E+05 -1.65601568243E+03   4.38001324              397  0.27502    
      177600  -4.65903254         1294914.        0.000000       -30635.41     -9.72752932587E+08  5.87405627742E+05 -1.65601568430E+03   4.38020671              398  0.27538    
      177700  -4.65942791         1295583.        0.000000       -30638.93     -9.72727775639E+08  5.87390433364E+05 -1.65601569312E+03   4.37784658              398  0.27381    
      177800  -4.66097924         1295718.        0.000000       -30661.00     -9.72986170717E+08  5.87546467903E+05 -1.65601569215E+03   4.37872823              399  0.27680    
      177900  -4.66109549         1295755.        0.000000       -30681.50     -9.73094661154E+08  5.87611980919E+05 -1.65601569191E+03   4.37810795              398  0.27418    
      178000  -4.66106465         1295951.        0.000000       -30670.29     -9.73198290324E+08  5.87674558107E+05 -1.65601569253E+03   4.37859878              398  0.27346    
      178100  -4.66136611         1295591.        0.000000       -30671.18     -9.73248913967E+08  5.87705128530E+05 -1.65601569005E+03   4.37923187              398  0.27406    
      178200  -4.66011842         1295281.        0.000000       -30669.15     -9.73043468646E+08  5.87581069168E+05 -1.65601568822E+03   4.37921962              399  0.27333    
      178300  -4.65940865         1295353.        0.000000       -30639.17     -9.72911199669E+08  5.87501196189E+05 -1.65601569151E+03   4.37898498              400  0.27353    
      178400  -4.65961150         1295452.        0.000000       -30680.98     -9.73020045581E+08  5.87566924520E+05 -1.65601568940E+03   4.37875208              398  0.27924    
      178500  -4.66027571         1295371.        0.000000       -30639.37     -9.73058519082E+08  5.87590158850E+05 -1.65601568445E+03   4.37940372              397  0.27608    
      178600  -4.66003771         1295328.        0.000000       -30595.67     -9.73001574027E+08  5.87555772779E+05 -1.65601568243E+03   4.37932876              398  0.27451    
      178700  -4.65956025         1295261.        0.000000       -30582.94     -9.72951313350E+08  5.87525420544E+05 -1.65601568771E+03   4.37946671              398  0.27678    
      178800  -4.65866560         1294756.        0.000000       -30641.45     -9.72770713774E+08  5.87416364324E+05 -1.65601568641E+03   4.37976667              397  0.27988    
      178900  -4.65750553         1295031.        0.000000       -30642.97     -9.72531346845E+08  5.87271820852E+05 -1.65601568526E+03   4.37844783              399  0.27351    
      179000  -4.65927873         1295542.        0.000000       -30666.65     -9.72841862062E+08  5.87459329022E+05 -1.65601568313E+03   4.37785487              398  0.27752    
      179100  -4.65963398         1295327.        0.000000       -30631.02     -9.72892532222E+08  5.87489926697E+05 -1.65601568301E+03   4.37889674              397  0.27671    
      179200  -4.65956236         1295229.        0.000000       -30620.22     -9.72992002242E+08  5.87549993012E+05 -1.65601568175E+03   4.37919481              397  0.27448    
      179300  -4.65955145         1295413.        0.000000       -30657.70     -9.72897080390E+08  5.87492672585E+05 -1.65601568460E+03   4.37850567              397  0.27363    
      179400  -4.66060738         1295659.        0.000000       -30575.46     -9.72933384175E+08  5.87514593277E+05 -1.65601568933E+03   4.37928798              397  0.27330    
      179500  -4.65971162         1295399.        0.000000       -30611.22     -9.72750117433E+08  5.87403926879E+05 -1.65601568686E+03   4.37851159              398  0.27560    
      179600  -4.66004093         1295682.        0.000000       -30683.37     -9.72990184555E+08  5.87548893538E+05 -1.65601568696E+03   4.37777537              398  0.27555    
      179700  -4.66094561         1295627.        0.000000       -30630.73     -9.73237690237E+08  5.87698353135E+05 -1.65601568397E+03   4.37968630              398  0.27653    
      179800  -4.66131737         1296047.        0.000000       -30637.32     -9.73164280113E+08  5.87654024406E+05 -1.65601568218E+03   4.37799687              398  0.27423    
      179900  -4.66073762         1295574.        0.000000       -30694.80     -9.73286110014E+08  5.87727591226E+05 -1.65601568574E+03   4.37929448              398  0.27881    
      180000  -4.66018542         1295597.        0.000000       -30678.99     -9.73135603671E+08  5.87636704667E+05 -1.65601569123E+03   4.37885459              398  0.27457    
      180100  -4.66156594         1295834.        0.000000       -30681.22     -9.73348307723E+08  5.87765150129E+05 -1.65601568502E+03   4.37910597              399  0.27964    
      180200  -4.66123145         1295932.        0.000000       -30709.23     -9.73264823404E+08  5.87714738363E+05 -1.65601568222E+03   4.37848707              398  0.27729    
      180300  -4.66154543         1295874.        0.000000       -30701.96     -9.73391401577E+08  5.87791174875E+05 -1.65601567901E+03   4.37904349              398  0.27380    
      180400  -4.66157912         1295958.        0.000000       -30718.00     -9.73360613183E+08  5.87772579454E+05 -1.65601568907E+03   4.37873269              399  0.27360    
      180500  -4.66192807         1295823.        0.000000       -30703.27     -9.73407578422E+08  5.87800941078E+05 -1.65601568558E+03   4.37943673              399  0.27339    
      180600  -4.66128716         1295720.        0.000000       -30659.94     -9.73249443073E+08  5.87705448034E+05 -1.65601569005E+03   4.37910553              398  0.27501    
      180700  -4.66013233         1295337.        0.000000       -30687.17     -9.73131020416E+08  5.87633936866E+05 -1.65601569168E+03   4.37896928              398  0.27440    
      180800  -4.65944638         1295193.        0.000000       -30698.88     -9.73065642170E+08  5.87594456471E+05 -1.65601569493E+03   4.37896804              398  0.27472    
      180900  -4.65828759         1294942.        0.000000       -30683.72     -9.72873613861E+08  5.87478502192E+05 -1.65601568437E+03   4.37941588              397  0.27416    
      181000  -4.65939655         1295592.        0.000000       -30665.25     -9.73091544084E+08  5.87610101113E+05 -1.65601568496E+03   4.37754902              397  0.27682    
      181100  -4.66065970         1295669.        0.000000       -30695.19     -9.73408459336E+08  5.87801471984E+05 -1.65601568851E+03   4.37852669              398  0.27453    
      181200  -4.66018246         1295324.        0.000000       -30674.11     -9.73291950890E+08  5.87731117320E+05 -1.65601568848E+03   4.37962391              398  0.27996    
      181300  -4.65891663         1295249.        0.000000       -30629.72     -9.73050741291E+08  5.87585460528E+05 -1.65601568905E+03   4.37869450              397  0.27772    
      181400  -4.65939075         1295400.        0.000000       -30667.21     -9.73121542086E+08  5.87628213872E+05 -1.65601569005E+03   4.37849062              398  0.27529    
      181500  -4.66034319         1295542.        0.000000       -30633.97     -9.73166502320E+08  5.87655361925E+05 -1.65601569452E+03   4.37877757              398  0.27541    
      181600  -4.66024977         1295397.        0.000000       -30648.52     -9.73169458906E+08  5.87657146341E+05 -1.65601569719E+03   4.37938520              398  0.27554    
      181700  -4.66062565         1295659.        0.000000       -30656.37     -9.73120615411E+08  5.87627653229E+05 -1.65601569304E+03   4.37890514              398  0.27667    
      181800  -4.66142280         1295932.        0.000000       -30718.00     -9.73337608750E+08  5.87758688697E+05 -1.65601568717E+03   4.37778650              398  0.27536    
      181900  -4.66154760         1295545.        0.000000       -30685.83     -9.73454487348E+08  5.87829268912E+05 -1.65601568147E+03   4.37973144              398  0.27553    
      182000  -4.66087429         1295685.        0.000000       -30693.65     -9.73388936080E+08  5.87789684015E+05 -1.65601568478E+03   4.37894304              398  0.27910    
      182100  -4.66103695         1295812.        0.000000       -30692.80     -9.73418834199E+08  5.87807737343E+05 -1.65601568737E+03   4.37901253              397  0.27440    
      182200  -4.66083647         1295560.        0.000000       -30682.32     -9.73392943065E+08  5.87792100671E+05 -1.65601569322E+03   4.37888623              398  0.27711    
      182300  -4.65957168         1295127.        0.000000       -30660.70     -9.73145976468E+08  5.87642965875E+05 -1.65601569827E+03   4.37991818              398  0.27558    
      182400  -4.65873762         1294889.        0.000000       -30645.41     -9.72902953370E+08  5.87496216028E+05 -1.65601569308E+03   4.37962505              397  0.27502    
      182500  -4.65825254         1295014.        0.000000       -30687.33     -9.72778992022E+08  5.87421361341E+05 -1.65601569170E+03   4.37862988              396  0.27413    
      182600  -4.65819586         1294783.        0.000000       -30649.84     -9.72723160481E+08  5.87387647777E+05 -1.65601568940E+03   4.37948256              399  0.27419    
      182700  -4.65666843         1294567.        0.000000       -30632.32     -9.72504357445E+08  5.87255525465E+05 -1.65601567848E+03   4.37900669              398  0.27355    
      182800  -4.65660213         1294826.        0.000000       -30639.03     -9.72540872900E+08  5.87277576510E+05 -1.65601567606E+03   4.37822673              397  0.27684    
      182900  -4.65891180         1295471.        0.000000       -30695.92     -9.73051220175E+08  5.87585751519E+05 -1.65601568394E+03   4.37816902              397  0.27520    
      183000  -4.66073604         1295867.        0.000000       -30697.88     -9.73399318013E+08  5.87795951452E+05 -1.65601568981E+03   4.37823045              397  0.27556    
      183100  -4.66161405         1295863.        0.000000       -30713.10     -9.73549162401E+08  5.87886435474E+05 -1.65601569224E+03   4.37896655              397  0.27359    
      183200  -4.66149982         1295569.        0.000000       -30697.57     -9.73486619141E+08  5.87848668827E+05 -1.65601569037E+03   4.37978108              397  0.27482    
      183300  -4.66039772         1295682.        0.000000       -30635.56     -9.73328922952E+08  5.87753442007E+05 -1.65601569194E+03   4.37880802              398  0.27746    
      183400  -4.66168663         1295894.        0.000000       -30624.42     -9.73471916386E+08  5.87839791549E+05 -1.65601568724E+03   4.37879543              396  0.27428    
      183500  -4.66103568         1295576.        0.000000       -30623.35     -9.73344304485E+08  5.87762729865E+05 -1.65601569312E+03   4.37950407              397  0.27865    
      183600  -4.65983086         1295270.        0.000000       -30611.25     -9.73071758560E+08  5.87598149679E+05 -1.65601569558E+03   4.37908791              398  0.27411    
      183700  -4.65923870         1295091.        0.000000       -30619.04     -9.72964981835E+08  5.87533673308E+05 -1.65601569074E+03   4.37932910              397  0.27743    
      183800  -4.65914177         1295425.        0.000000       -30618.65     -9.72935266529E+08  5.87515729513E+05 -1.65601569057E+03   4.37788075              396  0.27458    
      183900  -4.66011695         1295556.        0.000000       -30645.55     -9.73145076025E+08  5.87642424119E+05 -1.65601569268E+03   4.37864605              398  0.27878    
      184000  -4.65994143         1295603.        0.000000       -30616.67     -9.73166037671E+08  5.87655083771E+05 -1.65601568768E+03   4.37873350              398  0.27404    
      184100  -4.66015209         1295509.        0.000000       -30655.89     -9.73140196889E+08  5.87639481428E+05 -1.65601568248E+03   4.37889042              398  0.27727    
      184200  -4.65987637         1295584.        0.000000       -30685.38     -9.73060098869E+08  5.87591113056E+05 -1.65601568378E+03   4.37828117              397  0.27379    
      184300  -4.66127034         1295746.        0.000000       -30656.65     -9.73372167018E+08  5.87779557620E+05 -1.65601568547E+03   4.37857596              397  0.27497    
      184400  -4.66071100         1295411.        0.000000       -30653.06     -9.73327385617E+08  5.87752514973E+05 -1.65601568827E+03   4.37962943              398  0.27792    
      184500  -4.66010545         1295374.        0.000000       -30652.49     -9.73145487412E+08  5.87642675045E+05 -1.65601568562E+03   4.37901174              398  0.27700    
      184600  -4.66039509         1295555.        0.000000       -30675.58     -9.73194407228E+08  5.87672213691E+05 -1.65601569133E+03   4.37846424              398  0.27562    
      184700  -4.66062482         1295633.        0.000000       -30710.13     -9.73327995755E+08  5.87752882599E+05 -1.65601569056E+03   4.37850505              397  0.27567    
      184800  -4.66092637         1295758.        0.000000       -30692.93     -9.73401628699E+08  5.87797346182E+05 -1.65601569150E+03   4.37858302              399  0.27386    
      184900  -4.66066223         1295671.        0.000000       -30686.76     -9.73383645524E+08  5.87786487092E+05 -1.65601569090E+03   4.37927018              398  0.27417    
      185000  -4.66081319         1295656.        0.000000       -30638.58     -9.73335007021E+08  5.87757116374E+05 -1.65601569068E+03   4.37905788              399  0.27989    
      185100  -4.66033631         1295166.        0.000000       -30613.98     -9.73205998481E+08  5.87679215034E+05 -1.65601568608E+03   4.38008830              397  0.27464    
      185200  -4.65869714         1294934.        0.000000       -30620.38     -9.72869029934E+08  5.87475733810E+05 -1.65601568532E+03   4.37988398              398  0.27392    
      185300  -4.65822257         1295208.        0.000000       -30670.52     -9.72797631626E+08  5.87432618861E+05 -1.65601568655E+03   4.37765564              398  0.27777    
      185400  -4.65926568         1295315.        0.000000       -30677.36     -9.73095920318E+08  5.87612744472E+05 -1.65601568290E+03   4.37868690              399  0.27485    
      185500  -4.65903483         1295055.        0.000000       -30694.10     -9.72894916260E+08  5.87491365474E+05 -1.65601568540E+03   4.37948730              399  0.27409    
      185600  -4.65861417         1295137.        0.000000       -30671.32     -9.72854908650E+08  5.87467205669E+05 -1.65601568779E+03   4.37845236              398  0.27542    
      185700  -4.65927917         1295209.        0.000000       -30681.78     -9.73079628258E+08  5.87602904975E+05 -1.65601568682E+03   4.37843224              398  0.27612    
      185800  -4.65959573         1295295.        0.000000       -30658.71     -9.73231284239E+08  5.87694484357E+05 -1.65601568527E+03   4.37870360              397  0.27467    
      185900  -4.65926447         1295275.        0.000000       -30676.83     -9.73301359278E+08  5.87736799019E+05 -1.65601568747E+03   4.37862381              398  0.27790    
      186000  -4.65990222         1295667.        0.000000       -30729.64     -9.73335740706E+08  5.87757560270E+05 -1.65601568827E+03   4.37897658              398  0.27756    
      186100  -4.66039217         1295627.        0.000000       -30726.77     -9.73346997663E+08  5.87764359005E+05 -1.65601568511E+03   4.37879260              397  0.27622    
      186200  -4.66001650         1295468.        0.000000       -30693.09     -9.73230091480E+08  5.87693762986E+05 -1.65601568840E+03   4.37858168              398  0.27788    
      186300  -4.66127578         1296091.        0.000000       -30729.64     -9.73622430087E+08  5.87930681686E+05 -1.65601568419E+03   4.37769630              399  0.27613    
      186400  -4.66214693         1295947.        0.000000       -30730.00     -9.73743752289E+08  5.88003941303E+05 -1.65601568951E+03   4.37994073              398  0.27440    
      186500  -4.66181568         1296193.        0.000000       -30720.65     -9.73435511122E+08  5.87817805802E+05 -1.65601569315E+03   4.37862966              397  0.27422    
      186600  -4.66198355         1295998.        0.000000       -30714.50     -9.73417967487E+08  5.87807212016E+05 -1.65601569288E+03   4.37838325              398  0.27824    
      186700  -4.66145827         1295316.        0.000000       -30680.03     -9.73402164095E+08  5.87797667434E+05 -1.65601569728E+03   4.38022700              398  0.27567    
      186800  -4.65892376         1295224.        0.000000       -30702.84     -9.72977449955E+08  5.87541202643E+05 -1.65601568976E+03   4.37888121              398  0.27515    
      186900  -4.65897373         1295151.        0.000000       -30676.02     -9.72962324530E+08  5.87532067687E+05 -1.65601569351E+03   4.37908476              398  0.27812    
      187000  -4.65876333         1295156.        0.000000       -30675.37     -9.72907616074E+08  5.87499032317E+05 -1.65601569119E+03   4.37891886              398  0.27439    
      187100  -4.65925350         1295696.        0.000000       -30676.54     -9.73023199367E+08  5.87568827957E+05 -1.65601569224E+03   4.37774127              400  0.27554    
      187200  -4.66068173         1295530.        0.000000       -30676.28     -9.73201044580E+08  5.87676221885E+05 -1.65601569085E+03   4.37957723              398  0.27661    
      187300  -4.66031443         1295328.        0.000000       -30677.47     -9.72971356184E+08  5.87537525082E+05 -1.65601568351E+03   4.37923913              398  0.27802    
      187400  -4.65960920         1295314.        0.000000       -30655.96     -9.72883819902E+08  5.87484666539E+05 -1.65601568060E+03   4.37828000              398  0.27690    
      187500  -4.65993825         1295447.        0.000000       -30702.55     -9.73129889542E+08  5.87633255493E+05 -1.65601568742E+03   4.37883877              398  0.27827    
      187600  -4.66046984         1295690.        0.000000       -30672.37     -9.73249105121E+08  5.87705246436E+05 -1.65601568307E+03   4.37884583              398  0.27700    
      187700  -4.66164046         1296029.        0.000000       -30673.08     -9.73413350979E+08  5.87804424757E+05 -1.65601569158E+03   4.37812738              399  0.27406    
      187800  -4.66250677         1295847.        0.000000       -30709.17     -9.73613436760E+08  5.87925249990E+05 -1.65601568699E+03   4.37933788              398  0.27400    
      187900  -4.66104532         1295393.        0.000000       -30690.99     -9.73487867417E+08  5.87849423903E+05 -1.65601568673E+03   4.38001754              397  0.27440    
      188000  -4.65921900         1295426.        0.000000       -30683.01     -9.73193263027E+08  5.87671521255E+05 -1.65601569555E+03   4.37845790              397  0.27402    
      188100  -4.66008306         1295618.        0.000000       -30668.19     -9.73252206361E+08  5.87707115839E+05 -1.65601569240E+03   4.37903214              398  0.28070    
      188200  -4.66077610         1295725.        0.000000       -30697.38     -9.73394382341E+08  5.87792970453E+05 -1.65601569136E+03   4.37857074              397  0.27866    
      188300  -4.66049532         1295647.        0.000000       -30708.26     -9.73262498063E+08  5.87713332302E+05 -1.65601568753E+03   4.37893908              398  0.27365    
      188400  -4.66040005         1295485.        0.000000       -30684.27     -9.73145761496E+08  5.87642842233E+05 -1.65601568088E+03   4.37957768              398  0.27622    
      188500  -4.65938039         1295346.        0.000000       -30670.14     -9.72894426791E+08  5.87491070493E+05 -1.65601568374E+03   4.37890087              398  0.27556    
      188600  -4.65916124         1295081.        0.000000       -30683.30     -9.72735741662E+08  5.87395248125E+05 -1.65601568070E+03   4.37954598              398  0.27423    
      188700  -4.65910619         1295278.        0.000000       -30669.23     -9.72644514420E+08  5.87340155947E+05 -1.65601569137E+03   4.37889067              397  0.27482    
      188800  -4.65932949         1295300.        0.000000       -30715.26     -9.72736052390E+08  5.87395430000E+05 -1.65601569694E+03   4.37810991              398  0.27525    
      188900  -4.65912742         1295118.        0.000000       -30678.56     -9.72853802619E+08  5.87466536265E+05 -1.65601569207E+03   4.37883842              399  0.27538    
      189000  -4.65881856         1294892.        0.000000       -30704.49     -9.72876557581E+08  5.87480278557E+05 -1.65601568783E+03   4.37985596              400  0.27329    
      189100  -4.65794955         1295217.        0.000000       -30688.74     -9.72752082841E+08  5.87405115238E+05 -1.65601568254E+03   4.37803448              396  0.27379    
      189200  -4.65931474         1295645.        0.000000       -30723.87     -9.73152092678E+08  5.87646664580E+05 -1.65601568312E+03   4.37714685              397  0.27548    
      189300  -4.66054585         1295559.        0.000000       -30705.44     -9.73413620697E+08  5.87804590579E+05 -1.65601568327E+03   4.37860700              398  0.27471    
      189400  -4.66033744         1295684.        0.000000       -30667.01     -9.73298589763E+08  5.87735128404E+05 -1.65601568245E+03   4.37876534              397  0.27469    
      189500  -4.66172025         1296041.        0.000000       -30688.91     -9.73593660025E+08  5.87913311003E+05 -1.65601567749E+03   4.37838424              398  0.27866    
      189600  -4.66154639         1295516.        0.000000       -30688.64     -9.73517506612E+08  5.87867324309E+05 -1.65601567965E+03   4.37992755              398  0.27439    
      189700  -4.65990615         1295474.        0.000000       -30685.79     -9.73162515931E+08  5.87652956809E+05 -1.65601568861E+03   4.37883335              398  0.27625    
      189800  -4.65946688         1295290.        0.000000       -30736.84     -9.73150246145E+08  5.87645547847E+05 -1.65601568787E+03   4.37886400              399  0.27518    
      189900  -4.65922655         1295205.        0.000000       -30692.01     -9.73190076589E+08  5.87669599673E+05 -1.65601568829E+03   4.37894005              398  0.27441    
      190000  -4.65981593         1295513.        0.000000       -30692.13     -9.73299385896E+08  5.87735606932E+05 -1.65601568872E+03   4.37877392              398  0.27826    
      190100  -4.66085312         1295504.        0.000000       -30656.13     -9.73342348498E+08  5.87761550507E+05 -1.65601568809E+03   4.37925626              399  0.27614    
      190200  -4.66061101         1295675.        0.000000       -30648.73     -9.73237329278E+08  5.87698133705E+05 -1.65601568809E+03   4.37840500              399  0.27542    
      190300  -4.65976018         1295367.        0.000000       -30709.52     -9.73183926016E+08  5.87665887351E+05 -1.65601568334E+03   4.37895386              398  0.27527    
      190400  -4.66045661         1295807.        0.000000       -30672.85     -9.73355814873E+08  5.87769681926E+05 -1.65601568914E+03   4.37861523              398  0.27603    
      190500  -4.66072171         1295494.        0.000000       -30691.66     -9.73328146196E+08  5.87752975836E+05 -1.65601568382E+03   4.37918130              398  0.28149    
      190600  -4.65983827         1295353.        0.000000       -30667.56     -9.73275735548E+08  5.87721330779E+05 -1.65601567372E+03   4.37883205              397  0.27514    
      190700  -4.66000069         1295514.        0.000000       -30668.35     -9.73314268882E+08  5.87744597415E+05 -1.65601567954E+03   4.37925442              398  0.27489    
      190800  -4.66056351         1295762.        0.000000       -30706.51     -9.73360779401E+08  5.87772681979E+05 -1.65601568301E+03   4.37801555              398  0.27876    
      190900  -4.66183680         1295921.        0.000000       -30718.38     -9.73687746562E+08  5.87970123003E+05 -1.65601568595E+03   4.37864190              398  0.27430    
      191000  -4.66207384         1295895.        0.000000       -30716.58     -9.73785993467E+08  5.88029449723E+05 -1.65601568752E+03   4.37957368              396  0.28024    
      191100  -4.66145414         1295757.        0.000000       -30722.21     -9.73539176856E+08  5.87880407501E+05 -1.65601568692E+03   4.37941933              397  0.27577    
      191200  -4.66096884         1295411.        0.000000       -30724.18     -9.73408820033E+08  5.87801691173E+05 -1.65601568463E+03   4.37970192              398  0.27512    
      191300  -4.65960345         1295206.        0.000000       -30663.97     -9.73208571876E+08  5.87680769717E+05 -1.65601568407E+03   4.37918511              398  0.27384    
      191400  -4.65889587         1295383.        0.000000       -30644.88     -9.73107057542E+08  5.87619468120E+05 -1.65601568759E+03   4.37823270              398  0.27644    
      191500  -4.66016419         1295743.        0.000000       -30655.24     -9.73285897974E+08  5.87727461739E+05 -1.65601568981E+03   4.37843894              398  0.27405    
      191600  -4.66164255         1295928.        0.000000       -30668.46     -9.73555900910E+08  5.87890504819E+05 -1.65601569158E+03   4.37817786              398  0.27479    
      191700  -4.66128479         1295599.        0.000000       -30666.69     -9.73433632592E+08  5.87816674351E+05 -1.65601568494E+03   4.37950023              398  0.27507    
      191800  -4.66132325         1295844.        0.000000       -30680.00     -9.73512077479E+08  5.87864043678E+05 -1.65601568585E+03   4.37866741              398  0.27576    
      191900  -4.66155892         1295834.        0.000000       -30687.65     -9.73570002723E+08  5.87899022403E+05 -1.65601568573E+03   4.37885824              398  0.27386    
      192000  -4.66151859         1296071.        0.000000       -30706.69     -9.73532385150E+08  5.87876305440E+05 -1.65601568926E+03   4.37820595              398  0.27451    
      192100  -4.66128720         1295674.        0.000000       -30699.30     -9.73522123692E+08  5.87870110376E+05 -1.65601568528E+03   4.37886709              399  0.27574    
      192200  -4.66019709         1295348.        0.000000       -30695.49     -9.73389031165E+08  5.87789740483E+05 -1.65601568745E+03   4.37926093              399  0.27380    
      192300  -4.65907510         1295083.        0.000000       -30667.01     -9.73090351126E+08  5.87609380838E+05 -1.65601568467E+03   4.37931785              397  0.27475    
      192400  -4.65933765         1295436.        0.000000       -30710.95     -9.73169819620E+08  5.87657370793E+05 -1.65601567850E+03   4.37838632              398  0.27496    
      192500  -4.65936426         1295088.        0.000000       -30734.03     -9.73212777526E+08  5.87683310645E+05 -1.65601568038E+03   4.37930287              399  0.27599    
      192600  -4.65959882         1295512.        0.000000       -30722.01     -9.73172065404E+08  5.87658725384E+05 -1.65601568286E+03   4.37879319              398  0.27577    
      192700  -4.66063386         1295699.        0.000000       -30708.20     -9.73373225077E+08  5.87780195929E+05 -1.65601568719E+03   4.37835166              398  0.27376    
      192800  -4.66122659         1295720.        0.000000       -30718.38     -9.73549940055E+08  5.87886905962E+05 -1.65601568972E+03   4.37890509              398  0.27451    
      192900  -4.66117385         1295584.        0.000000       -30721.94     -9.73512335052E+08  5.87864198060E+05 -1.65601568911E+03   4.37907293              397  0.27556    
      193000  -4.66041453         1295565.        0.000000       -30742.02     -9.73529235085E+08  5.87874403079E+05 -1.65601568972E+03   4.37869339              397  0.27573    
      193100  -4.66060985         1295497.        0.000000       -30761.74     -9.73559027282E+08  5.87892393483E+05 -1.65601568939E+03   4.37891942              397  0.27428    
      193200  -4.65998407         1295380.        0.000000       -30748.25     -9.73429779424E+08  5.87814345754E+05 -1.65601569008E+03   4.37922593              398  0.27395    
      193300  -4.65963979         1295435.        0.000000       -30770.80     -9.73363127422E+08  5.87774098785E+05 -1.65601568602E+03   4.37891117              396  0.27537    
      193400  -4.66114111         1295847.        0.000000       -30725.22     -9.73624806403E+08  5.87932114575E+05 -1.65601569002E+03   4.37842149              397  0.27394    
      193500  -4.66063425         1295469.        0.000000       -30687.04     -9.73581861435E+08  5.87906182611E+05 -1.65601568793E+03   4.37945660              397  0.27861    
      193600  -4.66027936         1295869.        0.000000       -30757.19     -9.73532598016E+08  5.87876433121E+05 -1.65601569168E+03   4.37777245              397  0.27506    
      193700  -4.66123232         1295794.        0.000000       -30711.51     -9.73681169381E+08  5.87966150472E+05 -1.65601568832E+03   4.37895160              399  0.27504    
      193800  -4.66066458         1295521.        0.000000       -30709.07     -9.73535717544E+08  5.87878320669E+05 -1.65601568099E+03   4.37894303              398  0.27574    
      193900  -4.66000612         1295209.        0.000000       -30664.56     -9.73398197324E+08  5.87795277758E+05 -1.65601568124E+03   4.37956335              399  0.27415    
      194000  -4.65970691         1295389.        0.000000       -30645.03     -9.73348535390E+08  5.87765289147E+05 -1.65601568068E+03   4.37887629              398  0.27390    
      194100  -4.66047633         1295403.        0.000000       -30632.16     -9.73275579523E+08  5.87721232119E+05 -1.65601568624E+03   4.37948317              398  0.27593    
      194200  -4.66007436         1295342.        0.000000       -30642.50     -9.73126820110E+08  5.87631401788E+05 -1.65601568798E+03   4.37896064              399  0.27599    
      194300  -4.65978079         1295366.        0.000000       -30633.27     -9.73104596281E+08  5.87617980177E+05 -1.65601569235E+03   4.37942112              397  0.27885    
      194400  -4.65879284         1294974.        0.000000       -30632.19     -9.72887216438E+08  5.87486713951E+05 -1.65601569080E+03   4.37909892              398  0.27732    
      194500  -4.65774960         1295062.        0.000000       -30628.13     -9.72748535495E+08  5.87402969290E+05 -1.65601569340E+03   4.37827270              397  0.27469    
      194600  -4.65934720         1295468.        0.000000       -30600.33     -9.73018937783E+08  5.87566254185E+05 -1.65601569330E+03   4.37795677              397  0.27452    
      194700  -4.66075120         1295727.        0.000000       -30628.44     -9.73269978253E+08  5.87717850248E+05 -1.65601568481E+03   4.37896726              399  0.27382    
      194800  -4.66034986         1295311.        0.000000       -30582.90     -9.73091448157E+08  5.87610042693E+05 -1.65601568635E+03   4.37972041              397  0.27729    
      194900  -4.65894631         1295345.        0.000000       -30627.06     -9.72794792093E+08  5.87430903175E+05 -1.65601568939E+03   4.37879634              398  0.27604    
      195000  -4.65991838         1295304.        0.000000       -30646.84     -9.72935650480E+08  5.87515961172E+05 -1.65601569111E+03   4.37917837              398  0.27466    
      195100  -4.65869408         1294924.        0.000000       -30609.61     -9.72745468083E+08  5.87401117101E+05 -1.65601569313E+03   4.37914812              397  0.27513    
      195200  -4.65786479         1294795.        0.000000       -30631.58     -9.72608813030E+08  5.87318597238E+05 -1.65601569166E+03   4.37913054              398  0.27382    
      195300  -4.65734043         1294911.        0.000000       -30662.88     -9.72586974036E+08  5.87305410522E+05 -1.65601568896E+03   4.37839503              398  0.27607    
      195400  -4.65906180         1295302.        0.000000       -30628.39     -9.72949409674E+08  5.87524271947E+05 -1.65601568502E+03   4.37838286              398  0.27507    
      195500  -4.66007916         1295560.        0.000000       -30631.90     -9.73110777469E+08  5.87621713597E+05 -1.65601568995E+03   4.37869510              398  0.27366    
      195600  -4.66010283         1295404.        0.000000       -30643.65     -9.73031523436E+08  5.87573855471E+05 -1.65601568956E+03   4.37897047              398  0.27447    
      195700  -4.66080278         1295796.        0.000000       -30651.74     -9.73088129442E+08  5.87608035495E+05 -1.65601569526E+03   4.37848515              398  0.27510    
      195800  -4.66108505         1295834.        0.000000       -30649.32     -9.73246142747E+08  5.87703453931E+05 -1.65601569335E+03   4.37839641              398  0.27417    
      195900  -4.66013272         1295339.        0.000000       -30619.11     -9.73119348595E+08  5.87626889544E+05 -1.65601568940E+03   4.37977589              398  0.27460    
      196000  -4.65835639         1294684.        0.000000       -30648.08     -9.72812118505E+08  5.87441364886E+05 -1.65601569221E+03   4.37963076              398  0.27520    
      196100  -4.65660079         1294485.        0.000000       -30699.18     -9.72544173530E+08  5.87279562076E+05 -1.65601569735E+03   4.37951322              399  0.27502    
      196200  -4.65686236         1295021.        0.000000       -30705.37     -9.72521586918E+08  5.87265925517E+05 -1.65601569010E+03   4.37750802              398  0.27873    
      196300  -4.65896867         1295399.        0.000000       -30687.60     -9.73016472948E+08  5.87564769277E+05 -1.65601568342E+03   4.37854773              397  0.27380    
      196400  -4.65976891         1295504.        0.000000       -30611.55     -9.73079174112E+08  5.87602630242E+05 -1.65601568821E+03   4.37868052              397  0.27401    
      196500  -4.65982471         1295547.        0.000000       -30623.02     -9.73052545166E+08  5.87586550634E+05 -1.65601568674E+03   4.37847353              399  0.27320    
      196600  -4.65995107         1295381.        0.000000       -30675.47     -9.73151952960E+08  5.87646578968E+05 -1.65601568662E+03   4.37900459              398  0.27378    
      196700  -4.66134880         1296070.        0.000000       -30694.36     -9.73494450970E+08  5.87853399199E+05 -1.65601568741E+03   4.37848871              399  0.27369    
      196800  -4.66228861         1296280.        0.000000       -30703.29     -9.73628415344E+08  5.87934294964E+05 -1.65601568693E+03   4.37804178              398  0.27588    
      196900  -4.66211051         1295690.        0.000000       -30679.18     -9.73581378729E+08  5.87905891790E+05 -1.65601568606E+03   4.37999745              398  0.27398    
      197000  -4.66066616         1295532.        0.000000       -30664.35     -9.73328923969E+08  5.87753445598E+05 -1.65601568355E+03   4.37947744              397  0.27565    
      197100  -4.65996229         1295459.        0.000000       -30703.53     -9.73153833125E+08  5.87647715764E+05 -1.65601568256E+03   4.37870769              398  0.27465    
      197200  -4.65950691         1295343.        0.000000       -30673.18     -9.73150358414E+08  5.87645616340E+05 -1.65601568591E+03   4.37863336              398  0.27410    
      197300  -4.65936909         1295272.        0.000000       -30631.17     -9.73168701750E+08  5.87656695220E+05 -1.65601568001E+03   4.37896966              398  0.27476    
      197400  -4.66034376         1295516.        0.000000       -30646.32     -9.73278770122E+08  5.87723161858E+05 -1.65601567759E+03   4.37910961              399  0.27371    
      197500  -4.65956669         1295380.        0.000000       -30700.92     -9.73112602887E+08  5.87622821815E+05 -1.65601567325E+03   4.37865820              397  0.27397    
      197600  -4.66041867         1295378.        0.000000       -30718.93     -9.73274585970E+08  5.87720634038E+05 -1.65601568092E+03   4.37920090              399  0.27387    
      197700  -4.65992616         1295526.        0.000000       -30726.34     -9.73258198018E+08  5.87710738099E+05 -1.65601568072E+03   4.37810508              399  0.27387    
      197800  -4.66095533         1295658.        0.000000       -30756.40     -9.73497781296E+08  5.87855410626E+05 -1.65601568634E+03   4.37898973              397  0.27581    
      197900  -4.66144476         1296217.        0.000000       -30717.11     -9.73574344399E+08  5.87901641584E+05 -1.65601569299E+03   4.37790435              399  0.27804    
      198000  -4.66278485         1296061.        0.000000       -30698.77     -9.73811092601E+08  5.88044604439E+05 -1.65601569209E+03   4.37977191              398  0.27751    
      198100  -4.66178009         1295846.        0.000000       -30673.52     -9.73478620387E+08  5.87843837517E+05 -1.65601569372E+03   4.37878061              397  0.27410    
      198200  -4.66140374         1295606.        0.000000       -30669.05     -9.73489680573E+08  5.87850516673E+05 -1.65601569270E+03   4.37961802              398  0.27701    
      198300  -4.65999896         1295448.        0.000000       -30671.50     -9.73208258368E+08  5.87680579923E+05 -1.65601568542E+03   4.37858359              397  0.27415    
      198400  -4.65983661         1295509.        0.000000       -30648.02     -9.73248234325E+08  5.87704718670E+05 -1.65601568850E+03   4.37857214              397  0.27946    
      198500  -4.65955020         1295057.        0.000000       -30630.92     -9.73204469668E+08  5.87678292255E+05 -1.65601568493E+03   4.37963437              398  0.27541    
      198600  -4.66037184         1295794.        0.000000       -30606.06     -9.73293395740E+08  5.87731990756E+05 -1.65601568580E+03   4.37844536              398  0.27398    
      198700  -4.66141905         1295524.        0.000000       -30651.37     -9.73464682203E+08  5.87835425049E+05 -1.65601568181E+03   4.37926457              399  0.27940    
      198800  -4.66076272         1295587.        0.000000       -30713.23     -9.73351269502E+08  5.87766938573E+05 -1.65601568517E+03   4.37922087              398  0.27745    
      198900  -4.65987775         1295394.        0.000000       -30672.40     -9.73119992782E+08  5.87627277547E+05 -1.65601569220E+03   4.37927798              397  0.27395    
      199000  -4.65961845         1295303.        0.000000       -30690.58     -9.73009664667E+08  5.87560656853E+05 -1.65601568675E+03   4.37931402              397  0.28465    
      199100  -4.65936427         1295410.        0.000000       -30699.50     -9.72976061397E+08  5.87540363567E+05 -1.65601569140E+03   4.37848954              398  0.27388    
      199200  -4.66068958         1295830.        0.000000       -30718.18     -9.73240705268E+08  5.87700171121E+05 -1.65601569149E+03   4.37840650              398  0.27307    
      199300  -4.66160961         1295974.        0.000000       -30703.18     -9.73343043221E+08  5.87761968914E+05 -1.65601569121E+03   4.37862041              398  0.27536    
      199400  -4.66051854         1295190.        0.000000       -30690.28     -9.73108428916E+08  5.87620296448E+05 -1.65601568700E+03   4.38009254              399  0.27759    
      199500  -4.65911845         1295142.        0.000000       -30677.39     -9.72832885900E+08  5.87453907920E+05 -1.65601568529E+03   4.37908044              398  0.27290    
      199600  -4.65956258         1295568.        0.000000       -30708.08     -9.72978223403E+08  5.87541672007E+05 -1.65601568324E+03   4.37790911              397  0.27305    
      199700  -4.66009446         1295432.        0.000000       -30691.65     -9.73140587526E+08  5.87639719141E+05 -1.65601567734E+03   4.37890088              398  0.27728    
      199800  -4.65977947         1295358.        0.000000       -30684.86     -9.73143252043E+08  5.87641326451E+05 -1.65601568208E+03   4.37875144              398  0.27490    
      199900  -4.66039337         1295454.        0.000000       -30711.04     -9.73345620140E+08  5.87763526885E+05 -1.65601568593E+03   4.37873388              398  0.27814    
      200000  -4.66023554         1295804.        0.000000       -30676.55     -9.73345098619E+08  5.87763212300E+05 -1.65601568497E+03   4.37800753              398  0.27835    
      200100  -4.66011327         1295392.        0.000000       -30661.03     -9.73271253587E+08  5.87718620060E+05 -1.65601568568E+03   4.37933950              398  0.27436    
      200200  -4.66113460         1296081.        0.000000       -30711.90     -9.73399301829E+08  5.87795942018E+05 -1.65601568886E+03   4.37775897              399  0.27498    
      200300  -4.66085846         1295222.        0.000000       -30697.56     -9.73470837987E+08  5.87839139307E+05 -1.65601569017E+03   4.37976757              397  0.27413    
      200400  -4.65850029         1295013.        0.000000       -30690.47     -9.73064534098E+08  5.87593790053E+05 -1.65601568732E+03   4.37927828              398  0.27475    
      200500  -4.65794845         1294993.        0.000000       -30676.32     -9.72938125940E+08  5.87517456996E+05 -1.65601568831E+03   4.37921935              397  0.27731    
      200600  -4.65867036         1295259.        0.000000       -30676.05     -9.72928450505E+08  5.87511614729E+05 -1.65601568737E+03   4.37922340              398  0.27392    
      200700  -4.65837634         1294868.        0.000000       -30641.72     -9.72670460621E+08  5.87355821819E+05 -1.65601569694E+03   4.37940486              397  0.27395    
      200800  -4.65792682         1295051.        0.000000       -30688.83     -9.72681251708E+08  5.87362339942E+05 -1.65601569179E+03   4.37802574              398  0.27338    
      200900  -4.65861404         1295070.        0.000000       -30713.61     -9.72849976507E+08  5.87464226567E+05 -1.65601569000E+03   4.37882231              398  0.27504    
      201000  -4.65856525         1295099.        0.000000       -30742.76     -9.72906236915E+08  5.87498196532E+05 -1.65601569955E+03   4.37816485              397  0.27452    
      201100  -4.65966707         1295504.        0.000000       -30696.21     -9.73309196012E+08  5.87741529077E+05 -1.65601569374E+03   4.37831511              398  0.27792    
      201200  -4.66069956         1295639.        0.000000       -30687.28     -9.73439695411E+08  5.87820332532E+05 -1.65601569312E+03   4.37900277              398  0.27592    
      201300  -4.65967646         1295335.        0.000000       -30695.12     -9.73189273343E+08  5.87669115964E+05 -1.65601568452E+03   4.37865539              398  0.27428    
      201400  -4.65939894         1295344.        0.000000       -30695.03     -9.73097629249E+08  5.87613774276E+05 -1.65601568896E+03   4.37930986              399  0.27468    
      201500  -4.65897989         1295266.        0.000000       -30659.20     -9.72845631831E+08  5.87461604354E+05 -1.65601568617E+03   4.37862083              398  0.27526    
      201600  -4.65955875         1295349.        0.000000       -30639.04     -9.73001187800E+08  5.87555538422E+05 -1.65601568562E+03   4.37896512              398  0.27494    
      201700  -4.65901218         1295260.        0.000000       -30615.14     -9.72808582979E+08  5.87439231348E+05 -1.65601568821E+03   4.37934740              397  0.27771    
      201800  -4.65836937         1294912.        0.000000       -30617.86     -9.72495648656E+08  5.87250262235E+05 -1.65601569074E+03   4.37923749              398  0.27872    
      201900  -4.65714773         1294554.        0.000000       -30612.76     -9.72310232765E+08  5.87138298041E+05 -1.65601568831E+03   4.37888918              398  0.27299    
      202000  -4.65673842         1294612.        0.000000       -30692.69     -9.72446948753E+08  5.87220854161E+05 -1.65601569131E+03   4.37853494              398  0.27560    
      202100  -4.65754196         1294852.        0.000000       -30713.14     -9.72671800555E+08  5.87356635315E+05 -1.65601568463E+03   4.37882229              398  0.27484    
      202200  -4.65881210         1295370.        0.000000       -30731.66     -9.72991094505E+08  5.87549443663E+05 -1.65601568515E+03   4.37746694              397  0.27363    
      202300  -4.66003824         1295463.        0.000000       -30738.00     -9.73314185762E+08  5.87744542138E+05 -1.65601569386E+03   4.37891838              398  0.27477    
      202400  -4.66194205         1296308.        0.000000       -30764.28     -9.73637992820E+08  5.87940075036E+05 -1.65601569643E+03   4.37759751              399  0.27478    
      202500  -4.66285455         1296104.        0.000000       -30750.06     -9.73809603427E+08  5.88043704641E+05 -1.65601569363E+03   4.37892078              398  0.27405    
      202600  -4.66309362         1296293.        0.000000       -30721.86     -9.73838629372E+08  5.88061232550E+05 -1.65601569270E+03   4.37872330              398  0.27556    
      202700  -4.66294492         1295973.        0.000000       -30673.98     -9.73836119649E+08  5.88059717537E+05 -1.65601569128E+03   4.37971711              396  0.27952    
      202800  -4.66089950         1295353.        0.000000       -30654.42     -9.73445430682E+08  5.87823796817E+05 -1.65601569034E+03   4.37993089              398  0.28016    
      202900  -4.65974213         1295323.        0.000000       -30670.67     -9.73244658744E+08  5.87702559242E+05 -1.65601568930E+03   4.37893480              398  0.27557    
      203000  -4.65964804         1295355.        0.000000       -30720.50     -9.73203673491E+08  5.87677808988E+05 -1.65601569194E+03   4.37876341              396  0.27460    
      203100  -4.66108675         1295724.        0.000000       -30682.83     -9.73422802306E+08  5.87810131316E+05 -1.65601569358E+03   4.37937169              398  0.27431    
      203200  -4.66007981         1295198.        0.000000       -30683.82     -9.73157390786E+08  5.87649862599E+05 -1.65601568676E+03   4.37954199              397  0.27382    
      203300  -4.65903038         1295349.        0.000000       -30658.02     -9.73034658839E+08  5.87575748021E+05 -1.65601569179E+03   4.37836202              398  0.27448    
      203400  -4.66104252         1296090.        0.000000       -30714.25     -9.73425487679E+08  5.87811754511E+05 -1.65601568905E+03   4.37789995              398  0.27421    
      203500  -4.66298717         1296183.        0.000000       -30675.11     -9.73754105135E+08  5.88010193715E+05 -1.65601568739E+03   4.37883577              397  0.27570    
      203600  -4.66211096         1295811.        0.000000       -30651.07     -9.73645465680E+08  5.87944589377E+05 -1.65601569140E+03   4.37975133              398  0.27627    
      203700  -4.66112810         1295568.        0.000000       -30615.44     -9.73285834574E+08  5.87727424782E+05 -1.65601568607E+03   4.37952333              398  0.27510    
      203800  -4.66015145         1295103.        0.000000       -30620.96     -9.73042799742E+08  5.87580666043E+05 -1.65601568597E+03   4.37923106              398  0.27400    
      203900  -4.65945699         1295721.        0.000000       -30657.26     -9.73070527014E+08  5.87597408200E+05 -1.65601568937E+03   4.37777462              398  0.27544    
      204000  -4.66060111         1295543.        0.000000       -30682.99     -9.73393659191E+08  5.87792534363E+05 -1.65601568969E+03   4.37822094              398  0.27478    
      204100  -4.66121052         1295571.        0.000000       -30674.30     -9.73628131097E+08  5.87934122879E+05 -1.65601568817E+03   4.37899078              398  0.27513    
      204200  -4.66012478         1295352.        0.000000       -30642.32     -9.73450182095E+08  5.87826668294E+05 -1.65601568388E+03   4.37967538              398  0.27407    
      204300  -4.65963062         1295397.        0.000000       -30624.98     -9.73312505591E+08  5.87743530128E+05 -1.65601568660E+03   4.37906405              399  0.27573    
      204400  -4.65954576         1295255.        0.000000       -30640.83     -9.73261524371E+08  5.87712744922E+05 -1.65601568586E+03   4.37889079              397  0.27565    
      204500  -4.65920664         1295447.        0.000000       -30704.38     -9.73237153106E+08  5.87698030700E+05 -1.65601567857E+03   4.37855571              397  0.27545    
      204600  -4.65959078         1295392.        0.000000       -30679.06     -9.73313538837E+08  5.87744158122E+05 -1.65601567517E+03   4.37853344              398  0.27682    
      204700  -4.65989334         1295607.        0.000000       -30657.76     -9.73367159064E+08  5.87776533900E+05 -1.65601568441E+03   4.37874530              399  0.27678    
      204800  -4.65992459         1295351.        0.000000       -30655.50     -9.73301381939E+08  5.87736814337E+05 -1.65601568286E+03   4.37914468              398  0.27569    
      204900  -4.66077202         1295901.        0.000000       -30666.80     -9.73500973634E+08  5.87857337874E+05 -1.65601568768E+03   4.37790657              397  0.27438    
      205000  -4.66228364         1296155.        0.000000       -30683.22     -9.73754524763E+08  5.88010446587E+05 -1.65601568886E+03   4.37866332              397  0.27511    
      205100  -4.66278597         1295987.        0.000000       -30677.97     -9.73836210402E+08  5.88059772923E+05 -1.65601568963E+03   4.37919823              396  0.27749    
      205200  -4.66144379         1295552.        0.000000       -30659.36     -9.73519058697E+08  5.87868259523E+05 -1.65601568536E+03   4.37997776              398  0.27858    
      205300  -4.66004303         1295566.        0.000000       -30650.78     -9.73306849388E+08  5.87740116416E+05 -1.65601568143E+03   4.37865938              398  0.27381    
      205400  -4.66034657         1295485.        0.000000       -30670.98     -9.73345093880E+08  5.87763209140E+05 -1.65601568581E+03   4.37905570              399  0.27551    
      205500  -4.65972351         1295203.        0.000000       -30653.10     -9.73082571347E+08  5.87604682402E+05 -1.65601568621E+03   4.38016282              398  0.28108    
      205600  -4.65964069         1295524.        0.000000       -30654.76     -9.73023635630E+08  5.87569093634E+05 -1.65601568594E+03   4.37858190              398  0.27979    
      205700  -4.66049881         1295473.        0.000000       -30680.72     -9.73215428631E+08  5.87684909674E+05 -1.65601568564E+03   4.37871230              398  0.27882    
      205800  -4.66073099         1295712.        0.000000       -30617.35     -9.73230282354E+08  5.87693877097E+05 -1.65601569164E+03   4.37926738              398  0.27367    
      205900  -4.66014493         1295352.        0.000000       -30625.13     -9.73004667142E+08  5.87557634746E+05 -1.65601569889E+03   4.37957948              397  0.27548    
      206000  -4.66051132         1295453.        0.000000       -30632.45     -9.72994626348E+08  5.87551571441E+05 -1.65601569912E+03   4.37870164              397  0.27489    
      206100  -4.65993540         1295501.        0.000000       -30665.33     -9.73020385916E+08  5.87567127687E+05 -1.65601569602E+03   4.37862060              397  0.27433    
      206200  -4.66100459         1296009.        0.000000       -30688.14     -9.73235430338E+08  5.87696986160E+05 -1.65601569050E+03   4.37736130              398  0.27670    
      206300  -4.66183108         1295878.        0.000000       -30718.86     -9.73521330043E+08  5.87869630389E+05 -1.65601568735E+03   4.37929856              399  0.27500    
      206400  -4.66095399         1295373.        0.000000       -30663.00     -9.73307097050E+08  5.87740263991E+05 -1.65601568700E+03   4.38031261              399  0.27717    
      206500  -4.65826267         1294949.        0.000000       -30658.91     -9.72822617529E+08  5.87447705702E+05 -1.65601568971E+03   4.37929316              398  0.27443    
      206600  -4.65834895         1295016.        0.000000       -30683.56     -9.72851032739E+08  5.87464866717E+05 -1.65601568341E+03   4.37875666              399  0.27469    
      206700  -4.65941250         1295286.        0.000000       -30684.29     -9.73041486348E+08  5.87579874551E+05 -1.65601568143E+03   4.37893597              398  0.27531    
      206800  -4.66076400         1295905.        0.000000       -30697.91     -9.73336362281E+08  5.87757937090E+05 -1.65601568411E+03   4.37809910              397  0.28022    
      206900  -4.66220685         1296074.        0.000000       -30681.50     -9.73599789468E+08  5.87917008672E+05 -1.65601568777E+03   4.37925921              397  0.27601    
      207000  -4.66210946         1295873.        0.000000       -30650.21     -9.73548856475E+08  5.87886253172E+05 -1.65601568539E+03   4.37896339              397  0.27532    
      207100  -4.66206555         1295961.        0.000000       -30675.44     -9.73610920376E+08  5.87923731198E+05 -1.65601568488E+03   4.37865587              399  0.27621    
      207200  -4.66174532         1295906.        0.000000       -30677.60     -9.73570593380E+08  5.87899380106E+05 -1.65601568283E+03   4.37938988              398  0.27698    
      207300  -4.66167775         1295959.        0.000000       -30738.38     -9.73575959903E+08  5.87902619547E+05 -1.65601568616E+03   4.37801489              397  0.27931    
      207400  -4.66150103         1295692.        0.000000       -30730.72     -9.73653428221E+08  5.87949398981E+05 -1.65601568759E+03   4.37925899              398  0.27709    
      207500  -4.65986463         1295242.        0.000000       -30703.14     -9.73378209076E+08  5.87783204901E+05 -1.65601568905E+03   4.37843563              398  0.27805    
      207600  -4.66003039         1295536.        0.000000       -30696.63     -9.73516057032E+08  5.87866445381E+05 -1.65601568976E+03   4.37871371              399  0.27412    
      207700  -4.66061813         1295517.        0.000000       -30666.19     -9.73471300104E+08  5.87839416179E+05 -1.65601569631E+03   4.37874074              397  0.27418    
      207800  -4.66025950         1295463.        0.000000       -30671.31     -9.73413811358E+08  5.87804702587E+05 -1.65601569207E+03   4.37942472              399  0.27679    
      207900  -4.66073928         1295639.        0.000000       -30672.86     -9.73351806035E+08  5.87767261037E+05 -1.65601568947E+03   4.37828791              398  0.27511    
      208000  -4.66160838         1295994.        0.000000       -30658.65     -9.73523107525E+08  5.87870702393E+05 -1.65601569114E+03   4.37902848              397  0.27407    
      208100  -4.66115736         1295457.        0.000000       -30684.68     -9.73358745458E+08  5.87771450647E+05 -1.65601569179E+03   4.37983540              397  0.27437    
      208200  -4.66018126         1295284.        0.000000       -30687.83     -9.73252278442E+08  5.87707163428E+05 -1.65601568095E+03   4.37986439              397  0.27541    
      208300  -4.65950546         1295516.        0.000000       -30684.67     -9.73153264121E+08  5.87647372810E+05 -1.65601568074E+03   4.37859658              398  0.27432    
      208400  -4.66066233         1295637.        0.000000       -30732.10     -9.73240743832E+08  5.87700196764E+05 -1.65601568485E+03   4.37871915              398  0.27379    
      208500  -4.66069298         1295707.        0.000000       -30705.59     -9.73267589189E+08  5.87716406712E+05 -1.65601568728E+03   4.37871732              397  0.27423    
      208600  -4.66122531         1295729.        0.000000       -30714.61     -9.73349119287E+08  5.87765643576E+05 -1.65601567551E+03   4.37888670              398  0.27696    
      208700  -4.66182048         1296003.        0.000000       -30685.60     -9.73404498369E+08  5.87799083635E+05 -1.65601567860E+03   4.37904888              398  0.27351    
      208800  -4.66184894         1295913.        0.000000       -30648.83     -9.73385301417E+08  5.87787491763E+05 -1.65601567753E+03   4.37863822              398  0.27843    
      208900  -4.66164340         1295791.        0.000000       -30657.38     -9.73456579781E+08  5.87830533576E+05 -1.65601567829E+03   4.37918327              398  0.27457    
      209000  -4.66244993         1295850.        0.000000       -30644.83     -9.73454405383E+08  5.87829218409E+05 -1.65601568431E+03   4.37962352              398  0.27382    
      209100  -4.66123190         1295737.        0.000000       -30660.25     -9.73218351524E+08  5.87686674879E+05 -1.65601568510E+03   4.37932570              399  0.27750    
      209200  -4.66017108         1295276.        0.000000       -30695.25     -9.73088345204E+08  5.87608167811E+05 -1.65601568955E+03   4.37904874              398  0.27979    
      209300  -4.65957305         1295480.        0.000000       -30670.81     -9.73021304414E+08  5.87567685949E+05 -1.65601568582E+03   4.37844405              398  0.27357    
      209400  -4.65922721         1295169.        0.000000       -30661.51     -9.72961595136E+08  5.87531631134E+05 -1.65601568252E+03   4.37927133              399  0.27389    
      209500  -4.65886790         1295071.        0.000000       -30680.64     -9.72966484182E+08  5.87534582521E+05 -1.65601568508E+03   4.37886244              398  0.27662    
      209600  -4.65809072         1294711.        0.000000       -30687.50     -9.72906526554E+08  5.87498374226E+05 -1.65601569168E+03   4.37969816              398  0.27385    
      209700  -4.65736452         1294913.        0.000000       -30668.87     -9.72871094061E+08  5.87476976869E+05 -1.65601569485E+03   4.37840438              398  0.27846    
      209800  -4.65912995         1295698.        0.000000       -30664.40     -9.73202063987E+08  5.87676838241E+05 -1.65601568866E+03   4.37792711              398  0.27780    
      209900  -4.66214045         1296170.        0.000000       -30728.84     -9.73741305120E+08  5.88002464184E+05 -1.65601568774E+03   4.37839236              397  0.27375    
      210000  -4.66267869         1296047.        0.000000       -30730.60     -9.73702494522E+08  5.87979028728E+05 -1.65601568584E+03   4.37918492              398  0.27377    
      210100  -4.66163898         1295665.        0.000000       -30727.94     -9.73470294863E+08  5.87838812704E+05 -1.65601568631E+03   4.37995342              398  0.27747    
      210200  -4.66011220         1295127.        0.000000       -30647.04     -9.73068116463E+08  5.87595952516E+05 -1.65601568951E+03   4.38038213              398  0.27704    
      210300  -4.65897903         1295305.        0.000000       -30648.83     -9.72714021501E+08  5.87382126726E+05 -1.65601569616E+03   4.37842764              398  0.27754    
      210400  -4.66063157         1295948.        0.000000       -30674.36     -9.72997266249E+08  5.87553169784E+05 -1.65601568724E+03   4.37805819              398  0.27406    
      210500  -4.66099568         1295449.        0.000000       -30689.46     -9.73104079858E+08  5.87617669989E+05 -1.65601568768E+03   4.37980519              397  0.27718    
      210600  -4.65817757         1294904.        0.000000       -30635.23     -9.72602770627E+08  5.87314948370E+05 -1.65601569197E+03   4.37912700              399  0.27594    
      210700  -4.65840437         1295135.        0.000000       -30636.25     -9.72703987193E+08  5.87376068897E+05 -1.65601569199E+03   4.37869201              397  0.27634    
      210800  -4.65945134         1295252.        0.000000       -30681.82     -9.72952539957E+08  5.87526159401E+05 -1.65601569290E+03   4.37854824              398  0.27935    
      210900  -4.65995612         1295403.        0.000000       -30664.77     -9.73142605556E+08  5.87640933442E+05 -1.65601568947E+03   4.37887582              398  0.28142    
      211000  -4.65993900         1295741.        0.000000       -30744.39     -9.73284169470E+08  5.87726419542E+05 -1.65601568537E+03   4.37765883              397  0.27458    
      211100  -4.66032498         1295630.        0.000000       -30701.65     -9.73438369144E+08  5.87819534258E+05 -1.65601568579E+03   4.37864780              399  0.27935    
      211200  -4.66145281         1296146.        0.000000       -30714.97     -9.73632352324E+08  5.87936671874E+05 -1.65601568826E+03   4.37812858              398  0.27393    
      211300  -4.66163091         1295745.        0.000000       -30696.65     -9.73688869686E+08  5.87970798993E+05 -1.65601569220E+03   4.37876326              397  0.27599    
      211400  -4.66135031         1295561.        0.000000       -30727.67     -9.73817083957E+08  5.88048222977E+05 -1.65601569039E+03   4.37946329              397  0.27472    
      211500  -4.66039062         1295418.        0.000000       -30703.04     -9.73613203054E+08  5.87925108960E+05 -1.65601568672E+03   4.37956973              398  0.27589    
      211600  -4.65955074         1295341.        0.000000       -30703.51     -9.73380212676E+08  5.87784415256E+05 -1.65601568774E+03   4.37893411              396  0.27831    
      211700  -4.66054694         1295682.        0.000000       -30697.27     -9.73399526245E+08  5.87796078581E+05 -1.65601568591E+03   4.37919009              398  0.27923    
      211800  -4.66029155         1295515.        0.000000       -30713.89     -9.73364628247E+08  5.87775002601E+05 -1.65601569298E+03   4.37880358              398  0.27704    
      211900  -4.65963492         1295410.        0.000000       -30695.76     -9.73227806215E+08  5.87692383984E+05 -1.65601568565E+03   4.37923459              397  0.27747    
      212000  -4.66067920         1295577.        0.000000       -30693.61     -9.73242460525E+08  5.87701231220E+05 -1.65601569101E+03   4.37934227              397  0.27642    
      212100  -4.65935467         1295188.        0.000000       -30651.36     -9.72931007546E+08  5.87513157645E+05 -1.65601569069E+03   4.37884774              397  0.27467    
      212200  -4.65836163         1295127.        0.000000       -30664.47     -9.72928383529E+08  5.87511573737E+05 -1.65601568892E+03   4.37808936              399  0.27727    
      212300  -4.65932712         1295322.        0.000000       -30668.51     -9.73030377864E+08  5.87573166080E+05 -1.65601568287E+03   4.37894443              398  0.27600    
      212400  -4.66008606         1295371.        0.000000       -30715.72     -9.73127424306E+08  5.87631768509E+05 -1.65601568270E+03   4.37928955              398  0.27590    
      212500  -4.65984895         1295410.        0.000000       -30666.31     -9.73127030384E+08  5.87631528716E+05 -1.65601568811E+03   4.37880285              396  0.27702    
      212600  -4.66019171         1295560.        0.000000       -30666.16     -9.73305334405E+08  5.87739199047E+05 -1.65601568856E+03   4.37864721              397  0.27714    
      212700  -4.66014025         1295212.        0.000000       -30625.98     -9.73241124073E+08  5.87700425311E+05 -1.65601568785E+03   4.37931517              399  0.27709    
      212800  -4.65904332         1295162.        0.000000       -30677.92     -9.73251244345E+08  5.87706538054E+05 -1.65601568355E+03   4.37840326              398  0.27698    
      212900  -4.65971051         1295459.        0.000000       -30650.59     -9.73535888815E+08  5.87878422897E+05 -1.65601568436E+03   4.37890526              398  0.27407    
      213000  -4.66025172         1295553.        0.000000       -30684.10     -9.73565426244E+08  5.87896258076E+05 -1.65601568792E+03   4.37934249              398  0.27678    
      213100  -4.66087620         1295825.        0.000000       -30676.47     -9.73560004451E+08  5.87892984388E+05 -1.65601568705E+03   4.37863619              400  0.27592    
      213200  -4.66100193         1295734.        0.000000       -30665.17     -9.73554705917E+08  5.87889784964E+05 -1.65601568664E+03   4.37944387              399  0.27876    
      213300  -4.66004801         1295348.        0.000000       -30676.12     -9.73318023949E+08  5.87746861718E+05 -1.65601568863E+03   4.37875311              399  0.27393    
      213400  -4.66074567         1295744.        0.000000       -30682.96     -9.73434288679E+08  5.87817067883E+05 -1.65601569241E+03   4.37858787              398  0.27578    
      213500  -4.66070181         1295644.        0.000000       -30691.44     -9.73461620930E+08  5.87833573553E+05 -1.65601569003E+03   4.37921438              398  0.27575    
      213600  -4.66047560         1295412.        0.000000       -30685.44     -9.73345443604E+08  5.87763421245E+05 -1.65601568322E+03   4.37925235              398  0.28026    
      213700  -4.66060339         1295755.        0.000000       -30714.67     -9.73373018145E+08  5.87780074884E+05 -1.65601567616E+03   4.37888349              399  0.27523    
      213800  -4.66037162         1295636.        0.000000       -30735.34     -9.73230075986E+08  5.87693756579E+05 -1.65601568009E+03   4.37880953              398  0.27730    
      213900  -4.66014282         1295547.        0.000000       -30717.81     -9.73310733176E+08  5.87742462477E+05 -1.65601567917E+03   4.37880070              398  0.27818    
      214000  -4.66055936         1295550.        0.000000       -30723.93     -9.73315634969E+08  5.87745419674E+05 -1.65601568704E+03   4.37890742              398  0.27434    
      214100  -4.66005007         1295414.        0.000000       -30697.20     -9.73189069606E+08  5.87668992023E+05 -1.65601568709E+03   4.37923515              399  0.27709    
      214200  -4.65981040         1295220.        0.000000       -30684.71     -9.73156699930E+08  5.87649443776E+05 -1.65601569139E+03   4.37967001              397  0.27465    
      214300  -4.66025672         1295866.        0.000000       -30672.06     -9.73188983918E+08  5.87668938850E+05 -1.65601569112E+03   4.37827853              399  0.27397    
      214400  -4.66112303         1295844.        0.000000       -30693.41     -9.73326018624E+08  5.87751689045E+05 -1.65601568956E+03   4.37870229              398  0.27540    
      214500  -4.66058457         1295433.        0.000000       -30672.85     -9.73328760965E+08  5.87753346620E+05 -1.65601568509E+03   4.37949149              399  0.27350    
      214600  -4.65925640         1295074.        0.000000       -30716.52     -9.73089116928E+08  5.87608634613E+05 -1.65601568733E+03   4.37917558              398  0.27514    
      214700  -4.65916410         1295587.        0.000000       -30693.72     -9.73113488822E+08  5.87623351947E+05 -1.65601568692E+03   4.37847313              398  0.27499    
      214800  -4.66067162         1295767.        0.000000       -30733.33     -9.73285873616E+08  5.87727447897E+05 -1.65601568737E+03   4.37833088              398  0.27837    
      214900  -4.66095199         1295850.        0.000000       -30713.34     -9.73441752176E+08  5.87821576503E+05 -1.65601568756E+03   4.37877420              398  0.27484    
      215000  -4.66045631         1295567.        0.000000       -30698.94     -9.73297331084E+08  5.87734366419E+05 -1.65601568786E+03   4.37865277              398  0.27381    
      215100  -4.66150850         1295862.        0.000000       -30682.28     -9.73521792916E+08  5.87869908281E+05 -1.65601569191E+03   4.37880090              398  0.27549    
      215200  -4.66149617         1295789.        0.000000       -30662.20     -9.73505696291E+08  5.87860189137E+05 -1.65601568924E+03   4.37957868              398  0.27839    
      215300  -4.66036042         1295299.        0.000000       -30676.09     -9.73221311993E+08  5.87688459702E+05 -1.65601569322E+03   4.37947189              398  0.27581    
      215400  -4.65820334         1294499.        0.000000       -30634.07     -9.72818757807E+08  5.87445375098E+05 -1.65601568936E+03   4.38016356              398  0.27483    
      215500  -4.65683746         1294816.        0.000000       -30627.14     -9.72602910769E+08  5.87315036040E+05 -1.65601568338E+03   4.37875277              398  0.27472    
      215600  -4.65857948         1295417.        0.000000       -30690.22     -9.72902324073E+08  5.87495837552E+05 -1.65601568877E+03   4.37809024              397  0.27346    
      215700  -4.66002554         1295674.        0.000000       -30684.20     -9.73081616340E+08  5.87604105503E+05 -1.65601568680E+03   4.37871725              398  0.27406    
      215800  -4.66011951         1295417.        0.000000       -30703.78     -9.73078108792E+08  5.87601988432E+05 -1.65601568400E+03   4.37891244              398  0.27355    
      215900  -4.65887134         1295145.        0.000000       -30718.76     -9.72826590689E+08  5.87450106416E+05 -1.65601568553E+03   4.37949886              399  0.27514    
      216000  -4.65938039         1295572.        0.000000       -30731.16     -9.72803415293E+08  5.87436111695E+05 -1.65601568566E+03   4.37793062              399  0.27362    
      216100  -4.66016410         1295284.        0.000000       -30742.77     -9.73048537022E+08  5.87584129775E+05 -1.65601568816E+03   4.37956260              398  0.27423    
      216200  -4.65778809         1294732.        0.000000       -30691.70     -9.72696198133E+08  5.87371366159E+05 -1.65601568986E+03   4.37939602              397  0.27659    
      216300  -4.65701403         1294595.        0.000000       -30649.56     -9.72543411205E+08  5.87279104438E+05 -1.65601568974E+03   4.37931993              400  0.27881    
      216400  -4.65789110         1295030.        0.000000       -30652.80     -9.72785445091E+08  5.87425260108E+05 -1.65601568600E+03   4.37759161              399  0.27763    
      216500  -4.65930390         1295376.        0.000000       -30625.67     -9.73140879516E+08  5.87639893056E+05 -1.65601568412E+03   4.37875040              398  0.27787    
      216600  -4.65962438         1295372.        0.000000       -30654.82     -9.73077983920E+08  5.87601911846E+05 -1.65601568733E+03   4.37886466              398  0.27843    
      216700  -4.65936360         1295307.        0.000000       -30665.58     -9.73026393181E+08  5.87570756360E+05 -1.65601569283E+03   4.37898138              398  0.27652    
      216800  -4.65972570         1295560.        0.000000       -30670.89     -9.73136903998E+08  5.87637488832E+05 -1.65601569419E+03   4.37821229              397  0.27989    
      216900  -4.66087015         1295936.        0.000000       -30648.97     -9.73385865367E+08  5.87787828241E+05 -1.65601568900E+03   4.37824630              396  0.27409    
      217000  -4.66061008         1295281.        0.000000       -30659.94     -9.73341652453E+08  5.87761132189E+05 -1.65601568247E+03   4.37991327              397  0.27496    
      217100  -4.65882025         1294870.        0.000000       -30645.12     -9.72959065041E+08  5.87530104424E+05 -1.65601567939E+03   4.37971601              398  0.27635    
      217200  -4.65820918         1295183.        0.000000       -30643.32     -9.72782203161E+08  5.87423303454E+05 -1.65601568314E+03   4.37811410              397  0.27406    
      217300  -4.65946947         1295543.        0.000000       -30662.50     -9.72873876654E+08  5.87478662117E+05 -1.65601568089E+03   4.37817343              398  0.27830    
      217400  -4.66146346         1295834.        0.000000       -30638.43     -9.73261037541E+08  5.87712452316E+05 -1.65601568200E+03   4.37847514              396  0.27368    
      217500  -4.66124134         1295791.        0.000000       -30678.32     -9.73370016014E+08  5.87778259157E+05 -1.65601568423E+03   4.37871928              398  0.27370    
      217600  -4.66058150         1295462.        0.000000       -30673.50     -9.73257604814E+08  5.87710379643E+05 -1.65601568141E+03   4.37910794              397  0.27411    
      217700  -4.66074567         1295969.        0.000000       -30733.24     -9.73397001655E+08  5.87794555022E+05 -1.65601568327E+03   4.37759710              398  0.27644    
      217800  -4.66228838         1295926.        0.000000       -30686.43     -9.73782908164E+08  5.88027587057E+05 -1.65601568633E+03   4.37890271              397  0.27821    
      217900  -4.66200764         1295816.        0.000000       -30688.68     -9.73771678198E+08  5.88020804751E+05 -1.65601568912E+03   4.37924210              398  0.27851    
      218000  -4.66131407         1295747.        0.000000       -30662.28     -9.73701082950E+08  5.87978172795E+05 -1.65601569582E+03   4.37974135              397  0.27538    
      218100  -4.66100666         1295787.        0.000000       -30685.12     -9.73448342557E+08  5.87825551818E+05 -1.65601569980E+03   4.37861607              398  0.27701    
      218200  -4.66093892         1295546.        0.000000       -30708.49     -9.73350108379E+08  5.87766232998E+05 -1.65601569763E+03   4.37920569              399  0.27394    
      218300  -4.66083459         1295600.        0.000000       -30724.30     -9.73332006776E+08  5.87755301882E+05 -1.65601569847E+03   4.37861718              398  0.27842    
      218400  -4.66017156         1295195.        0.000000       -30709.39     -9.73303926947E+08  5.87738349158E+05 -1.65601568851E+03   4.37984025              398  0.27427    
      218500  -4.65888658         1295097.        0.000000       -30704.01     -9.73084673256E+08  5.87605950481E+05 -1.65601568953E+03   4.37930852              396  0.27850    
      218600  -4.65907266         1295199.        0.000000       -30708.63     -9.73190041595E+08  5.87669576192E+05 -1.65601569491E+03   4.37844584              398  0.27608    
      218700  -4.65946208         1295398.        0.000000       -30725.92     -9.73251981192E+08  5.87706980580E+05 -1.65601569039E+03   4.37908143              398  0.27392    
      218800  -4.65954694         1295326.        0.000000       -30715.60     -9.73107947422E+08  5.87620006422E+05 -1.65601568494E+03   4.37873827              398  0.27543    
      218900  -4.66023558         1295648.        0.000000       -30678.48     -9.73179510243E+08  5.87663220971E+05 -1.65601568299E+03   4.37913564              397  0.27533    
      219000  -4.66096642         1295787.        0.000000       -30673.05     -9.73242331752E+08  5.87701160262E+05 -1.65601567184E+03   4.37844366              398  0.27602    
      219100  -4.66096612         1295548.        0.000000       -30668.61     -9.73162775084E+08  5.87653117842E+05 -1.65601567581E+03   4.37956257              398  0.27535    
      219200  -4.65960470         1295135.        0.000000       -30641.81     -9.72884325435E+08  5.87484971783E+05 -1.65601568068E+03   4.37956345              397  0.27498    
      219300  -4.65937956         1295384.        0.000000       -30665.31     -9.72972563308E+08  5.87538254522E+05 -1.65601568208E+03   4.37791170              398  0.27513    
      219400  -4.66111019         1295711.        0.000000       -30682.10     -9.73356519204E+08  5.87770109326E+05 -1.65601568328E+03   4.37904960              397  0.27501    
      219500  -4.66062274         1295807.        0.000000       -30684.40     -9.73322467721E+08  5.87749547562E+05 -1.65601568178E+03   4.37840247              398  0.27416    
      219600  -4.66060380         1295543.        0.000000       -30668.25     -9.73289528070E+08  5.87729655328E+05 -1.65601568552E+03   4.37853080              399  0.27666    
      219700  -4.66034477         1295514.        0.000000       -30664.44     -9.73329924455E+08  5.87754051612E+05 -1.65601567830E+03   4.37864239              398  0.27568    
      219800  -4.66011951         1295528.        0.000000       -30681.63     -9.73402753286E+08  5.87798029696E+05 -1.65601567904E+03   4.37863027              397  0.27687    
      219900  -4.66010005         1295386.        0.000000       -30682.22     -9.73498082252E+08  5.87855593915E+05 -1.65601568196E+03   4.37913362              399  0.27596    
      220000  -4.66062631         1295691.        0.000000       -30689.81     -9.73567582592E+08  5.87897561563E+05 -1.65601568410E+03   4.37865613              398  0.27371    
      220100  -4.66043466         1295476.        0.000000       -30675.02     -9.73492694975E+08  5.87852340325E+05 -1.65601568318E+03   4.37929420              396  0.27544    
      220200  -4.66029019         1295419.        0.000000       -30683.70     -9.73426710957E+08  5.87812496961E+05 -1.65601567845E+03   4.37881588              398  0.27426    
      220300  -4.66081454         1295803.        0.000000       -30681.79     -9.73545222899E+08  5.87884060083E+05 -1.65601568235E+03   4.37857392              397  0.27506    
      220400  -4.66221612         1296346.        0.000000       -30676.48     -9.73763727692E+08  5.88016006965E+05 -1.65601568011E+03   4.37801105              398  0.27524    
      220500  -4.66226774         1295664.        0.000000       -30676.85     -9.73781019786E+08  5.88026450157E+05 -1.65601567672E+03   4.37999737              398  0.27438    
      220600  -4.66039174         1295286.        0.000000       -30657.49     -9.73365529097E+08  5.87775550313E+05 -1.65601568248E+03   4.38031662              398  0.28149    
      220700  -4.66003530         1295725.        0.000000       -30655.85     -9.73040209116E+08  5.87579105074E+05 -1.65601567638E+03   4.37798692              398  0.27413    
      220800  -4.66052720         1295592.        0.000000       -30668.52     -9.73063485352E+08  5.87593159372E+05 -1.65601567995E+03   4.37849190              397  0.27571    
      220900  -4.66015495         1295241.        0.000000       -30640.52     -9.73128243375E+08  5.87632262491E+05 -1.65601568445E+03   4.37915313              398  0.27522    
      221000  -4.65962192         1295461.        0.000000       -30658.66     -9.73123826346E+08  5.87629594874E+05 -1.65601568545E+03   4.37870714              398  0.27629    
      221100  -4.66053070         1295548.        0.000000       -30717.53     -9.73255294958E+08  5.87708983959E+05 -1.65601568382E+03   4.37902038              398  0.27527    
      221200  -4.66037011         1295339.        0.000000       -30692.69     -9.73162807784E+08  5.87653136874E+05 -1.65601567782E+03   4.37984136              398  0.27372    
      221300  -4.66036284         1295332.        0.000000       -30687.20     -9.73109513104E+08  5.87620953109E+05 -1.65601568146E+03   4.37874562              398  0.27441    
      221400  -4.65953880         1295320.        0.000000       -30668.49     -9.73088083257E+08  5.87608011727E+05 -1.65601568365E+03   4.37941558              398  0.27700    
      221500  -4.65870276         1294966.        0.000000       -30667.24     -9.72843813285E+08  5.87460508944E+05 -1.65601567846E+03   4.37890719              397  0.27404    
      221600  -4.65887200         1295577.        0.000000       -30640.85     -9.72820795199E+08  5.87446606387E+05 -1.65601568657E+03   4.37744092              398  0.27720    
      221700  -4.65978467         1295103.        0.000000       -30614.80     -9.72973152266E+08  5.87538608382E+05 -1.65601568711E+03   4.38001732              399  0.27389    
      221800  -4.65918943         1295393.        0.000000       -30657.41     -9.72783223262E+08  5.87423918192E+05 -1.65601568669E+03   4.37890485              398  0.27396    
      221900  -4.65858635         1294776.        0.000000       -30616.27     -9.72660971218E+08  5.87350094646E+05 -1.65601568823E+03   4.37978936              398  0.27356    
      222000  -4.65797270         1295136.        0.000000       -30666.19     -9.72659950083E+08  5.87349477927E+05 -1.65601568851E+03   4.37753671              397  0.27516    
      222100  -4.65824452         1294992.        0.000000       -30664.54     -9.72839199285E+08  5.87457720239E+05 -1.65601568550E+03   4.37918055              397  0.27581    
      222200  -4.65859167         1294964.        0.000000       -30653.26     -9.72796457547E+08  5.87431909599E+05 -1.65601568735E+03   4.37859329              397  0.27638    
      222300  -4.65935367         1295555.        0.000000       -30663.29     -9.73009839317E+08  5.87560763301E+05 -1.65601568398E+03   4.37792513              398  0.27446    
      222400  -4.66021396         1295487.        0.000000       -30668.12     -9.73175600235E+08  5.87660859577E+05 -1.65601568383E+03   4.37902141              397  0.27369    
      222500  -4.66001555         1295661.        0.000000       -30664.33     -9.73124582454E+08  5.87630050581E+05 -1.65601568792E+03   4.37812472              398  0.27474    
      222600  -4.66145206         1295824.        0.000000       -30667.61     -9.73401872389E+08  5.87797495429E+05 -1.65601568560E+03   4.37855617              398  0.27513    
      222700  -4.66110592         1295511.        0.000000       -30680.82     -9.73420194144E+08  5.87808560455E+05 -1.65601568203E+03   4.37890880              397  0.27454    
      222800  -4.66152617         1295914.        0.000000       -30673.02     -9.73634018244E+08  5.87937678238E+05 -1.65601568718E+03   4.37865123              397  0.27533    
      222900  -4.66197605         1296107.        0.000000       -30696.48     -9.73585159346E+08  5.87908173869E+05 -1.65601568854E+03   4.37888319              398  0.27717    
      223000  -4.66103010         1295277.        0.000000       -30684.25     -9.73314330968E+08  5.87744633039E+05 -1.65601568480E+03   4.38038993              398  0.27968    
      223100  -4.65965685         1295437.        0.000000       -30696.54     -9.73090795648E+08  5.87609649432E+05 -1.65601568420E+03   4.37879962              397  0.27432    
      223200  -4.65960336         1295307.        0.000000       -30701.97     -9.73115862848E+08  5.87624785885E+05 -1.65601568590E+03   4.37916676              397  0.27858    
      223300  -4.66017809         1295543.        0.000000       -30720.31     -9.73305066283E+08  5.87739035704E+05 -1.65601569261E+03   4.37838454              398  0.27530    
      223400  -4.66043607         1295644.        0.000000       -30718.41     -9.73361688810E+08  5.87773227826E+05 -1.65601569233E+03   4.37857095              398  0.27536    
      223500  -4.66177941         1295840.        0.000000       -30732.86     -9.73599348057E+08  5.87916741888E+05 -1.65601568843E+03   4.37907191              398  0.27699    
      223600  -4.66241257         1295836.        0.000000       -30713.70     -9.73671692992E+08  5.87960430992E+05 -1.65601568009E+03   4.37906729              398  0.27517    
      223700  -4.66097170         1295740.        0.000000       -30720.96     -9.73540803662E+08  5.87881392636E+05 -1.65601567911E+03   4.37883470              397  0.27461    
      223800  -4.66036319         1295493.        0.000000       -30735.95     -9.73407636159E+08  5.87800977100E+05 -1.65601568232E+03   4.37909755              397  0.27865    
      223900  -4.66020975         1295615.        0.000000       -30698.56     -9.73333011710E+08  5.87755913145E+05 -1.65601568600E+03   4.37862066              398  0.27510    
      224000  -4.66155609         1295790.        0.000000       -30713.51     -9.73568365698E+08  5.87898033063E+05 -1.65601568800E+03   4.37817746              397  0.27463    
      224100  -4.66078659         1295441.        0.000000       -30646.89     -9.73509311309E+08  5.87862371744E+05 -1.65601569024E+03   4.37973614              397  0.27558    
      224200  -4.66021678         1295623.        0.000000       -30643.65     -9.73337502545E+08  5.87758623148E+05 -1.65601569116E+03   4.37907672              398  0.27633    
      224300  -4.66083656         1295872.        0.000000       -30663.87     -9.73407578153E+08  5.87800938905E+05 -1.65601569124E+03   4.37829652              398  0.27422    
      224400  -4.66266522         1296246.        0.000000       -30667.57     -9.73669296322E+08  5.87958981376E+05 -1.65601568675E+03   4.37877894              397  0.27580    
      224500  -4.66254105         1295929.        0.000000       -30684.94     -9.73615059418E+08  5.87926231848E+05 -1.65601568135E+03   4.37955250              398  0.27624    
      224600  -4.66089897         1295650.        0.000000       -30664.36     -9.73215973418E+08  5.87685238995E+05 -1.65601568466E+03   4.37901781              397  0.27447    
      224700  -4.65976916         1295275.        0.000000       -30670.16     -9.73000444038E+08  5.87555087540E+05 -1.65601569056E+03   4.37957873              397  0.27516    
      224800  -4.65967922         1295364.        0.000000       -30667.28     -9.72916147021E+08  5.87504182409E+05 -1.65601569513E+03   4.37889434              397  0.27446    
      224900  -4.66037707         1295444.        0.000000       -30697.55     -9.73068560881E+08  5.87596218649E+05 -1.65601569581E+03   4.37872209              398  0.27381    
      225000  -4.65960960         1295314.        0.000000       -30697.67     -9.72918291006E+08  5.87505478483E+05 -1.65601569115E+03   4.37875815              398  0.27743    
      225100  -4.65974858         1295506.        0.000000       -30715.47     -9.73030560349E+08  5.87573272270E+05 -1.65601569416E+03   4.37880608              399  0.28006    
      225200  -4.65985429         1295513.        0.000000       -30655.56     -9.72991662008E+08  5.87549784587E+05 -1.65601569013E+03   4.37869345              398  0.27540    
      225300  -4.66025684         1295472.        0.000000       -30634.89     -9.73018716756E+08  5.87566123324E+05 -1.65601568595E+03   4.37941023              398  0.27447    
      225400  -4.66006882         1295373.        0.000000       -30576.13     -9.73040862376E+08  5.87579493758E+05 -1.65601569271E+03   4.37855788              398  0.27412    
      225500  -4.65932987         1295197.        0.000000       -30589.38     -9.72938970493E+08  5.87517965186E+05 -1.65601569338E+03   4.37911373              398  0.27489    
      225600  -4.65916592         1295272.        0.000000       -30618.36     -9.72959851519E+08  5.87530574692E+05 -1.65601569251E+03   4.37877792              398  0.27534    
      225700  -4.66013306         1295554.        0.000000       -30606.79     -9.72988855106E+08  5.87548090154E+05 -1.65601568861E+03   4.37899926              397  0.27523    
      225800  -4.66094256         1295819.        0.000000       -30633.37     -9.73096070995E+08  5.87612833119E+05 -1.65601568950E+03   4.37853155              398  0.27827    
      225900  -4.66087277         1295521.        0.000000       -30614.75     -9.73108437199E+08  5.87620300221E+05 -1.65601569046E+03   4.37904579              396  0.27834    
      226000  -4.66059120         1295561.        0.000000       -30599.38     -9.73105034137E+08  5.87618249094E+05 -1.65601567963E+03   4.37886298              398  0.27402    
      226100  -4.66057112         1295480.        0.000000       -30628.15     -9.73161287862E+08  5.87652215399E+05 -1.65601568813E+03   4.37884078              398  0.27522    
      226200  -4.65974770         1295245.        0.000000       -30625.35     -9.73081324399E+08  5.87603929200E+05 -1.65601568683E+03   4.37907233              398  0.27384    
      226300  -4.65967481         1295514.        0.000000       -30636.62     -9.73092180458E+08  5.87610484775E+05 -1.65601568670E+03   4.37835696              399  0.27439    
      226400  -4.66020902         1295256.        0.000000       -30607.70     -9.73206766601E+08  5.87679680211E+05 -1.65601568230E+03   4.37965063              398  0.27408    
      226500  -4.65955230         1295472.        0.000000       -30608.83     -9.73112400579E+08  5.87622694006E+05 -1.65601568916E+03   4.37832604              398  0.27440    
      226600  -4.66047997         1295775.        0.000000       -30633.74     -9.73385492534E+08  5.87787605075E+05 -1.65601568344E+03   4.37797448              397  0.27922    
      226700  -4.66144547         1295794.        0.000000       -30624.78     -9.73564405077E+08  5.87895642738E+05 -1.65601568425E+03   4.37862522              397  0.27510    
      226800  -4.66036480         1295340.        0.000000       -30646.81     -9.73461758974E+08  5.87833658024E+05 -1.65601568690E+03   4.38021983              398  0.27792    
      226900  -4.66008392         1295622.        0.000000       -30671.88     -9.73285437159E+08  5.87727187182E+05 -1.65601567936E+03   4.37827535              397  0.27586    
      227000  -4.65971894         1295323.        0.000000       -30667.48     -9.73235804212E+08  5.87697212789E+05 -1.65601568807E+03   4.37923161              398  0.27477    
      227100  -4.65956788         1295269.        0.000000       -30667.33     -9.73275851300E+08  5.87721396471E+05 -1.65601568557E+03   4.37907537              398  0.27542    
      227200  -4.65962491         1295451.        0.000000       -30643.13     -9.73129034649E+08  5.87632740948E+05 -1.65601568265E+03   4.37903699              398  0.27447    
      227300  -4.66017255         1295570.        0.000000       -30646.78     -9.73136218080E+08  5.87637078113E+05 -1.65601568438E+03   4.37890514              398  0.27388    
      227400  -4.66025011         1295422.        0.000000       -30685.41     -9.73147781685E+08  5.87644060651E+05 -1.65601568509E+03   4.37935144              398  0.27474    
      227500  -4.65973801         1295411.        0.000000       -30659.29     -9.72992454976E+08  5.87550263541E+05 -1.65601568981E+03   4.37937868              398  0.27934    
      227600  -4.65877303         1295199.        0.000000       -30685.92     -9.72882608154E+08  5.87483929362E+05 -1.65601569597E+03   4.37879885              398  0.27553    
      227700  -4.65948305         1295240.        0.000000       -30651.81     -9.72948114076E+08  5.87523487004E+05 -1.65601569231E+03   4.37905491              397  0.27368    
      227800  -4.65959541         1295433.        0.000000       -30679.98     -9.73098217204E+08  5.87614127225E+05 -1.65601569486E+03   4.37823639              399  0.27922    
      227900  -4.65984537         1295272.        0.000000       -30680.15     -9.73189291080E+08  5.87669123629E+05 -1.65601569310E+03   4.37935703              398  0.27519    
      228000  -4.65877800         1294844.        0.000000       -30659.50     -9.72989988153E+08  5.87548774020E+05 -1.65601568955E+03   4.37954447              397  0.27483    
      228100  -4.65828846         1295003.        0.000000       -30700.32     -9.73026700322E+08  5.87570944090E+05 -1.65601568646E+03   4.37847471              398  0.27965    
      228200  -4.65956017         1295630.        0.000000       -30671.31     -9.73279156274E+08  5.87723390916E+05 -1.65601568921E+03   4.37830549              397  0.27380    
      228300  -4.66123544         1296101.        0.000000       -30690.66     -9.73588696745E+08  5.87910310772E+05 -1.65601568625E+03   4.37814151              397  0.27480    
      228400  -4.66183119         1295933.        0.000000       -30687.84     -9.73709160604E+08  5.87983053267E+05 -1.65601568820E+03   4.37915974              397  0.28102    
      228500  -4.66098592         1295521.        0.000000       -30680.31     -9.73446259844E+08  5.87824298565E+05 -1.65601568737E+03   4.37999144              398  0.27398    
      228600  -4.65932458         1295071.        0.000000       -30695.45     -9.73002732974E+08  5.87556471323E+05 -1.65601568609E+03   4.37969372              398  0.27738    
      228700  -4.65884767         1295199.        0.000000       -30691.92     -9.72900507632E+08  5.87494743239E+05 -1.65601568155E+03   4.37893403              395  0.27941    
      228800  -4.65984732         1295707.        0.000000       -30710.46     -9.73096483134E+08  5.87613083742E+05 -1.65601568457E+03   4.37810213              399  0.27417    
      228900  -4.66115568         1295685.        0.000000       -30719.60     -9.73286442676E+08  5.87727793452E+05 -1.65601568195E+03   4.37915129              397  0.27782    
      229000  -4.66037479         1295708.        0.000000       -30712.69     -9.73152170088E+08  5.87646709548E+05 -1.65601568813E+03   4.37871068              399  0.27489    
      229100  -4.66024714         1295397.        0.000000       -30718.84     -9.73085547025E+08  5.87606479934E+05 -1.65601568440E+03   4.37923828              398  0.27371    
      229200  -4.65968004         1295292.        0.000000       -30699.20     -9.72991611222E+08  5.87549753356E+05 -1.65601569172E+03   4.37882787              397  0.27534    
      229300  -4.65900499         1295128.        0.000000       -30699.06     -9.72948615444E+08  5.87523791123E+05 -1.65601568846E+03   4.37910068              398  0.27826    
      229400  -4.65872235         1295091.        0.000000       -30664.00     -9.72895554548E+08  5.87491751415E+05 -1.65601568397E+03   4.37891172              399  0.27473    
      229500  -4.65943899         1295445.        0.000000       -30664.32     -9.73055266568E+08  5.87588192971E+05 -1.65601568957E+03   4.37869937              396  0.27871    
      229600  -4.66042969         1295401.        0.000000       -30701.31     -9.73173566937E+08  5.87659629760E+05 -1.65601568945E+03   4.37913796              397  0.27419    
      229700  -4.65866229         1294982.        0.000000       -30661.75     -9.72786018727E+08  5.87425604680E+05 -1.65601569114E+03   4.37956538              398  0.27425    
      229800  -4.65822688         1294852.        0.000000       -30645.57     -9.72752037477E+08  5.87405087268E+05 -1.65601568417E+03   4.37859854              398  0.27741    
      229900  -4.65810405         1295120.        0.000000       -30654.52     -9.72804070198E+08  5.87436507445E+05 -1.65601568488E+03   4.37866156              398  0.27416    
      230000  -4.65853893         1295103.        0.000000       -30669.28     -9.72904865017E+08  5.87497371943E+05 -1.65601568872E+03   4.37875181              397  0.27406    
      230100  -4.65877526         1295051.        0.000000       -30703.31     -9.72947012724E+08  5.87522824862E+05 -1.65601568408E+03   4.37873596              398  0.27514    
      230200  -4.65892208         1295037.        0.000000       -30677.56     -9.73087378994E+08  5.87607587207E+05 -1.65601568152E+03   4.37874330              398  0.27436    
      230300  -4.65882390         1295114.        0.000000       -30707.65     -9.73096707101E+08  5.87613217031E+05 -1.65601569008E+03   4.37899105              398  0.27439    
      230400  -4.65971637         1295379.        0.000000       -30660.13     -9.73141000101E+08  5.87639965947E+05 -1.65601568391E+03   4.37925574              398  0.27487    
      230500  -4.65999887         1295467.        0.000000       -30673.69     -9.73100236511E+08  5.87615348676E+05 -1.65601568901E+03   4.37931710              398  0.27512    
      230600  -4.65923261         1295248.        0.000000       -30665.32     -9.72877327002E+08  5.87480744321E+05 -1.65601568461E+03   4.37897522              398  0.27615    
      230700  -4.65899571         1295320.        0.000000       -30666.24     -9.72818852837E+08  5.87445432802E+05 -1.65601568846E+03   4.37884705              398  0.27457    
      230800  -4.65837886         1295111.        0.000000       -30682.73     -9.72637470262E+08  5.87335902868E+05 -1.65601568968E+03   4.37851474              398  0.27688    
      230900  -4.65858257         1295224.        0.000000       -30669.55     -9.72814959504E+08  5.87443082047E+05 -1.65601568771E+03   4.37876387              398  0.27339    
      231000  -4.65850878         1294966.        0.000000       -30647.79     -9.72726796540E+08  5.87389845416E+05 -1.65601568384E+03   4.37866788              398  0.27475    
      231100  -4.65892457         1295304.        0.000000       -30655.96     -9.72781328482E+08  5.87422772859E+05 -1.65601568994E+03   4.37824801              398  0.27318    
      231200  -4.65970839         1295501.        0.000000       -30694.42     -9.72913243279E+08  5.87502430558E+05 -1.65601569062E+03   4.37818626              395  0.27559    
      231300  -4.66012712         1295364.        0.000000       -30648.22     -9.73102531695E+08  5.87616734446E+05 -1.65601568957E+03   4.37931104              398  0.27589    
      231400  -4.65949914         1295554.        0.000000       -30623.04     -9.72988514030E+08  5.87547881710E+05 -1.65601569560E+03   4.37829364              398  0.27442    
      231500  -4.66110711         1295818.        0.000000       -30650.20     -9.73309512195E+08  5.87741720489E+05 -1.65601569238E+03   4.37838509              398  0.27835    
      231600  -4.66080080         1295501.        0.000000       -30598.25     -9.73255073665E+08  5.87708846668E+05 -1.65601569414E+03   4.37942848              397  0.27442    
      231700  -4.65969699         1295202.        0.000000       -30616.00     -9.72941500521E+08  5.87519493068E+05 -1.65601569310E+03   4.37941689              396  0.27592    
      231800  -4.65892724         1295202.        0.000000       -30668.31     -9.72852866443E+08  5.87465972484E+05 -1.65601568773E+03   4.37877853              398  0.28024    
      231900  -4.65945322         1295429.        0.000000       -30680.26     -9.72965968861E+08  5.87534271823E+05 -1.65601568372E+03   4.37848884              398  0.27445    
      232000  -4.66072822         1295715.        0.000000       -30680.86     -9.73103402062E+08  5.87617264177E+05 -1.65601567787E+03   4.37919779              397  0.27825    
      232100  -4.66052204         1295514.        0.000000       -30682.08     -9.72982142784E+08  5.87544039327E+05 -1.65601568165E+03   4.37924262              398  0.27452    
      232200  -4.66001896         1295479.        0.000000       -30721.51     -9.72958305782E+08  5.87529645726E+05 -1.65601567999E+03   4.37798505              398  0.27619    
      232300  -4.65951949         1295287.        0.000000       -30689.62     -9.73049267769E+08  5.87584573865E+05 -1.65601568021E+03   4.37896348              398  0.27417    
      232400  -4.65965800         1295631.        0.000000       -30701.92     -9.73065766571E+08  5.87594533570E+05 -1.65601568936E+03   4.37821043              398  0.27605    
      232500  -4.66147143         1295938.        0.000000       -30721.66     -9.73349254435E+08  5.87765722767E+05 -1.65601568232E+03   4.37797524              398  0.27960    
      232600  -4.66275923         1296212.        0.000000       -30681.96     -9.73661412235E+08  5.87954220420E+05 -1.65601568697E+03   4.37887612              398  0.27505    
      232700  -4.66295214         1296010.        0.000000       -30724.43     -9.73803333547E+08  5.88039920245E+05 -1.65601568877E+03   4.37902704              398  0.27451    
      232800  -4.66270401         1296057.        0.000000       -30724.91     -9.73805494383E+08  5.88041224304E+05 -1.65601569097E+03   4.37868935              399  0.27594    
      232900  -4.66161398         1295801.        0.000000       -30708.22     -9.73640240230E+08  5.87941433920E+05 -1.65601569146E+03   4.37960055              398  0.27450    
      233000  -4.66065232         1295392.        0.000000       -30677.25     -9.73461731886E+08  5.87833641226E+05 -1.65601568814E+03   4.37914967              399  0.27362    
      233100  -4.66091633         1295649.        0.000000       -30686.12     -9.73470863060E+08  5.87839154457E+05 -1.65601569014E+03   4.37898050              399  0.27667    
      233200  -4.66084863         1295746.        0.000000       -30694.79     -9.73394885365E+08  5.87793274073E+05 -1.65601569174E+03   4.37888852              399  0.27606    
      233300  -4.66025719         1295480.        0.000000       -30676.13     -9.73342266150E+08  5.87761500825E+05 -1.65601568797E+03   4.37888426              398  0.27463    
      233400  -4.66061632         1295819.        0.000000       -30686.69     -9.73407773881E+08  5.87801057851E+05 -1.65601568912E+03   4.37810878              398  0.27397    
      233500  -4.66105641         1295886.        0.000000       -30693.57     -9.73521999416E+08  5.87870035947E+05 -1.65601568355E+03   4.37904458              398  0.27747    
      233600  -4.66060275         1295428.        0.000000       -30682.81     -9.73283955423E+08  5.87726290191E+05 -1.65601568564E+03   4.37977142              398  0.27381    
      233700  -4.65982560         1295391.        0.000000       -30705.51     -9.73072230262E+08  5.87598438356E+05 -1.65601568477E+03   4.37853768              398  0.27386    
      233800  -4.65946211         1295259.        0.000000       -30645.74     -9.73098992394E+08  5.87614596921E+05 -1.65601569037E+03   4.37863332              398  0.27420    
      233900  -4.65903051         1295226.        0.000000       -30632.70     -9.73032469910E+08  5.87574425788E+05 -1.65601569300E+03   4.37943880              398  0.27767    
      234000  -4.65911049         1295473.        0.000000       -30634.13     -9.72970600420E+08  5.87537064842E+05 -1.65601569440E+03   4.37843021              398  0.27502    
      234100  -4.66103759         1295989.        0.000000       -30625.00     -9.73371386778E+08  5.87779085094E+05 -1.65601568933E+03   4.37772140              398  0.27534    
      234200  -4.66187380         1295731.        0.000000       -30598.11     -9.73541775110E+08  5.87881976762E+05 -1.65601568613E+03   4.37965893              398  0.27494    
      234300  -4.66059248         1295379.        0.000000       -30619.69     -9.73211540468E+08  5.87682563550E+05 -1.65601568062E+03   4.37983758              398  0.27411    
      234400  -4.65939114         1295149.        0.000000       -30600.66     -9.73040296368E+08  5.87579156542E+05 -1.65601567982E+03   4.37954485              398  0.27490    
      234500  -4.65834373         1294627.        0.000000       -30604.88     -9.72778814438E+08  5.87421255953E+05 -1.65601568649E+03   4.38018244              399  0.27467    
      234600  -4.65703223         1294868.        0.000000       -30599.77     -9.72604850894E+08  5.87316207675E+05 -1.65601568318E+03   4.37846355              398  0.27355    
      234700  -4.65791380         1295140.        0.000000       -30619.74     -9.72757592438E+08  5.87408442733E+05 -1.65601568121E+03   4.37839631              398  0.27413    
      234800  -4.65863133         1295268.        0.000000       -30664.57     -9.72879988754E+08  5.87482351151E+05 -1.65601568600E+03   4.37824264              396  0.27387    
      234900  -4.65966184         1295486.        0.000000       -30616.58     -9.73027392886E+08  5.87571362950E+05 -1.65601568463E+03   4.37850867              398  0.27391    
      235000  -4.66006465         1295443.        0.000000       -30597.47     -9.73005752733E+08  5.87558294980E+05 -1.65601568567E+03   4.37907386              398  0.27515    
      235100  -4.65955776         1295242.        0.000000       -30618.31     -9.72982821786E+08  5.87544445089E+05 -1.65601569365E+03   4.37894807              398  0.27729    
      235200  -4.66055695         1295608.        0.000000       -30619.08     -9.73102982311E+08  5.87617005615E+05 -1.65601569222E+03   4.37869383              397  0.27620    
      235300  -4.66061305         1295639.        0.000000       -30654.12     -9.73062000364E+08  5.87592259416E+05 -1.65601568906E+03   4.37834883              397  0.27608    
      235400  -4.66091290         1295725.        0.000000       -30653.30     -9.73242776662E+08  5.87701425559E+05 -1.65601568132E+03   4.37878431              398  0.27605    
      235500  -4.66176227         1296053.        0.000000       -30621.32     -9.73462127751E+08  5.87833882617E+05 -1.65601568153E+03   4.37804437              398  0.27452    
      235600  -4.66178128         1295760.        0.000000       -30647.89     -9.73604227385E+08  5.87919690160E+05 -1.65601568323E+03   4.37888567              397  0.27618    
      235700  -4.66087990         1295635.        0.000000       -30675.37     -9.73639346919E+08  5.87940895895E+05 -1.65601568749E+03   4.37878483              397  0.27545    
      235800  -4.66101050         1295621.        0.000000       -30658.19     -9.73555036388E+08  5.87889983301E+05 -1.65601569008E+03   4.37897591              397  0.27560    
      235900  -4.66135950         1295729.        0.000000       -30606.41     -9.73591573600E+08  5.87912046702E+05 -1.65601568986E+03   4.37920290              398  0.28150    
      236000  -4.66110469         1295676.        0.000000       -30650.48     -9.73482132986E+08  5.87845961968E+05 -1.65601568432E+03   4.37925416              398  0.27369    
      236100  -4.66016137         1295530.        0.000000       -30677.99     -9.73358608831E+08  5.87771370218E+05 -1.65601568595E+03   4.37876131              396  0.27986    
      236200  -4.66029874         1295626.        0.000000       -30686.67     -9.73440597367E+08  5.87820879605E+05 -1.65601568631E+03   4.37834331              396  0.27643    
      236300  -4.66055463         1295746.        0.000000       -30671.56     -9.73457808804E+08  5.87831274430E+05 -1.65601568196E+03   4.37860375              398  0.27440    
      236400  -4.66094955         1295550.        0.000000       -30647.65     -9.73464843388E+08  5.87835518602E+05 -1.65601569246E+03   4.37925788              397  0.27889    
      236500  -4.65968073         1295074.        0.000000       -30639.78     -9.73241155046E+08  5.87700442741E+05 -1.65601569144E+03   4.37950541              398  0.27451    
      236600  -4.65973762         1295614.        0.000000       -30634.54     -9.73258939924E+08  5.87711183150E+05 -1.65601568905E+03   4.37814546              398  0.27407    
      236700  -4.66103948         1295818.        0.000000       -30666.64     -9.73452589686E+08  5.87828121335E+05 -1.65601568614E+03   4.37864969              396  0.27551    
      236800  -4.66078401         1295533.        0.000000       -30663.12     -9.73401856419E+08  5.87797485755E+05 -1.65601568569E+03   4.37945867              399  0.27546    
      236900  -4.65950334         1295021.        0.000000       -30646.46     -9.73037948448E+08  5.87577734523E+05 -1.65601569167E+03   4.38045945              397  0.27838    
      237000  -4.65778068         1294777.        0.000000       -30617.93     -9.72580787281E+08  5.87301672035E+05 -1.65601569618E+03   4.37872553              398  0.27362    
      237100  -4.65758269         1295020.        0.000000       -30664.94     -9.72817461153E+08  5.87444590497E+05 -1.65601569389E+03   4.37810948              398  0.27617    
      237200  -4.65882381         1295391.        0.000000       -30646.27     -9.73037352724E+08  5.87577375209E+05 -1.65601569049E+03   4.37815114              400  0.27610    
      237300  -4.65947548         1295580.        0.000000       -30666.00     -9.73155736732E+08  5.87648863790E+05 -1.65601568674E+03   4.37817593              399  0.27638    
      237400  -4.66091157         1295823.        0.000000       -30655.21     -9.73395109132E+08  5.87793413586E+05 -1.65601567938E+03   4.37883939              397  0.27522    
      237500  -4.66113775         1295698.        0.000000       -30659.71     -9.73373958144E+08  5.87780638236E+05 -1.65601568821E+03   4.37919714              398  0.27433    
      237600  -4.66079081         1295530.        0.000000       -30680.06     -9.73216846466E+08  5.87685764378E+05 -1.65601568977E+03   4.37875934              399  0.27493    
      237700  -4.65996981         1295295.        0.000000       -30697.54     -9.73115700456E+08  5.87624685975E+05 -1.65601569111E+03   4.37946070              397  0.27382    
      237800  -4.65955320         1295136.        0.000000       -30687.39     -9.73024594708E+08  5.87569670830E+05 -1.65601569144E+03   4.37906757              397  0.27447    
      237900  -4.65888178         1295177.        0.000000       -30687.10     -9.72882681989E+08  5.87483976563E+05 -1.65601568860E+03   4.37862843              397  0.27621    
      238000  -4.65994068         1295794.        0.000000       -30686.02     -9.73074850465E+08  5.87600019749E+05 -1.65601568713E+03   4.37773636              398  0.27759    
      238100  -4.66255716         1296306.        0.000000       -30733.53     -9.73683563005E+08  5.87967598383E+05 -1.65601568128E+03   4.37776208              397  0.27530    
      238200  -4.66293672         1296072.        0.000000       -30683.43     -9.73706280618E+08  5.87981313739E+05 -1.65601568939E+03   4.37966649              398  0.27474    
      238300  -4.66215778         1295943.        0.000000       -30674.53     -9.73474761862E+08  5.87841509349E+05 -1.65601568855E+03   4.37932015              399  0.27530    
      238400  -4.66019126         1295061.        0.000000       -30642.23     -9.73077947652E+08  5.87601890122E+05 -1.65601568683E+03   4.38028129              397  0.27518    
      238500  -4.65875886         1295215.        0.000000       -30660.34     -9.72899439800E+08  5.87494098097E+05 -1.65601568246E+03   4.37859292              398  0.27680    
      238600  -4.65864615         1294980.        0.000000       -30640.67     -9.72873670359E+08  5.87478537782E+05 -1.65601568022E+03   4.37947711              399  0.27475    
      238700  -4.65914131         1295373.        0.000000       -30656.83     -9.72908222811E+08  5.87499402302E+05 -1.65601568103E+03   4.37879358              398  0.27493    
      238800  -4.65975659         1295394.        0.000000       -30677.74     -9.72962989067E+08  5.87532472086E+05 -1.65601568474E+03   4.37885220              399  0.27420    
      238900  -4.65984253         1295438.        0.000000       -30625.77     -9.73010039042E+08  5.87560883354E+05 -1.65601568554E+03   4.37862349              398  0.27421    
      239000  -4.65921608         1294978.        0.000000       -30653.23     -9.72950991534E+08  5.87525226517E+05 -1.65601568685E+03   4.37974562              399  0.27713    
      239100  -4.65793829         1294864.        0.000000       -30657.54     -9.72810252742E+08  5.87440240409E+05 -1.65601568606E+03   4.37861938              397  0.27397    
      239200  -4.65816151         1295160.        0.000000       -30682.65     -9.73084199629E+08  5.87605665199E+05 -1.65601568749E+03   4.37818418              398  0.27741    
      239300  -4.66034201         1295807.        0.000000       -30650.41     -9.73517343428E+08  5.87867224343E+05 -1.65601568367E+03   4.37809385              397  0.27405    
      239400  -4.66053942         1295349.        0.000000       -30680.14     -9.73556090146E+08  5.87890622493E+05 -1.65601568200E+03   4.37996240              398  0.27395    
      239500  -4.65970828         1295610.        0.000000       -30696.85     -9.73300399032E+08  5.87736218600E+05 -1.65601568906E+03   4.37833434              398  0.27529    
      239600  -4.66082142         1295709.        0.000000       -30655.80     -9.73315769216E+08  5.87745500340E+05 -1.65601568817E+03   4.37898360              398  0.27385    
      239700  -4.66096070         1295480.        0.000000       -30656.49     -9.73337799020E+08  5.87758803841E+05 -1.65601568647E+03   4.37968035              398  0.27535    
      239800  -4.65979737         1295558.        0.000000       -30631.39     -9.73144175870E+08  5.87641885029E+05 -1.65601568006E+03   4.37832486              398  0.27634    
      239900  -4.66112086         1295755.        0.000000       -30638.55     -9.73410131760E+08  5.87802482761E+05 -1.65601568607E+03   4.37834512              398  0.27483    
      240000  -4.66232449         1296146.        0.000000       -30631.03     -9.73697862136E+08  5.87976230417E+05 -1.65601568867E+03   4.37862318              398  0.27504    
      240100  -4.66286876         1295791.        0.000000       -30668.05     -9.73800203351E+08  5.88038031571E+05 -1.65601568448E+03   4.37978878              397  0.27461    
      240200  -4.66060083         1295479.        0.000000       -30646.86     -9.73407565455E+08  5.87800932730E+05 -1.65601568704E+03   4.37940268              398  0.27817    
      240300  -4.66039959         1295511.        0.000000       -30669.28     -9.73307724614E+08  5.87740642441E+05 -1.65601568843E+03   4.37953032              398  0.28007    
      240400  -4.66031694         1295363.        0.000000       -30631.70     -9.73137369786E+08  5.87637773137E+05 -1.65601568563E+03   4.37936118              397  0.27760    
      240500  -4.65889447         1294927.        0.000000       -30632.87     -9.72890114760E+08  5.87488464473E+05 -1.65601568983E+03   4.37983856              399  0.27372    
      240600  -4.65808909         1294984.        0.000000       -30636.07     -9.72707845600E+08  5.87378398700E+05 -1.65601569236E+03   4.37871933              399  0.27787    
      240700  -4.65788350         1294865.        0.000000       -30625.64     -9.72604111843E+08  5.87315758349E+05 -1.65601569176E+03   4.37885802              398  0.27523    
      240800  -4.65791806         1294950.        0.000000       -30601.43     -9.72542495198E+08  5.87278549238E+05 -1.65601569555E+03   4.37866410              398  0.27561    
      240900  -4.65911516         1295358.        0.000000       -30619.43     -9.72836769163E+08  5.87456249573E+05 -1.65601569456E+03   4.37858096              398  0.27396    
      241000  -4.66044931         1295547.        0.000000       -30646.06     -9.73059572351E+08  5.87590793160E+05 -1.65601568928E+03   4.37897428              397  0.27433    
      241100  -4.66137763         1295970.        0.000000       -30690.04     -9.73310557870E+08  5.87742355136E+05 -1.65601568334E+03   4.37845565              397  0.27549    
      241200  -4.66221262         1295998.        0.000000       -30665.83     -9.73477628971E+08  5.87843243026E+05 -1.65601568194E+03   4.37926244              397  0.27569    
      241300  -4.66168091         1295852.        0.000000       -30635.63     -9.73252453928E+08  5.87707268335E+05 -1.65601568394E+03   4.37911649              398  0.28031    
      241400  -4.66115510         1295620.        0.000000       -30597.02     -9.73134805507E+08  5.87636225103E+05 -1.65601568443E+03   4.38005464              398  0.27434    
      241500  -4.65884601         1294757.        0.000000       -30581.51     -9.72668248533E+08  5.87354491680E+05 -1.65601568101E+03   4.37964736              397  0.27829    
      241600  -4.65724068         1294854.        0.000000       -30626.90     -9.72363198085E+08  5.87170284602E+05 -1.65601567992E+03   4.37889408              398  0.27904    
      241700  -4.65782904         1294934.        0.000000       -30625.75     -9.72479103716E+08  5.87240273399E+05 -1.65601568518E+03   4.37849989              399  0.27608    
      241800  -4.65961772         1295785.        0.000000       -30615.41     -9.72913913698E+08  5.87502838575E+05 -1.65601568166E+03   4.37795487              397  0.27507    
      241900  -4.66079450         1295486.        0.000000       -30609.95     -9.73085917513E+08  5.87606704276E+05 -1.65601568265E+03   4.37922092              398  0.27709    
      242000  -4.65983313         1295283.        0.000000       -30606.55     -9.72975609382E+08  5.87540093770E+05 -1.65601568250E+03   4.37936644              397  0.27394    
      242100  -4.65912465         1295088.        0.000000       -30621.91     -9.72870930064E+08  5.87476882258E+05 -1.65601568240E+03   4.37952063              399  0.27499    
      242200  -4.65760461         1294625.        0.000000       -30648.81     -9.72582084879E+08  5.87302460265E+05 -1.65601568303E+03   4.37985844              398  0.27402    
      242300  -4.65751914         1294967.        0.000000       -30613.24     -9.72505737669E+08  5.87256356166E+05 -1.65601568627E+03   4.37844977              399  0.27478    
      242400  -4.65880278         1295054.        0.000000       -30657.98     -9.72774318804E+08  5.87418540730E+05 -1.65601568789E+03   4.37841113              398  0.27626    
      242500  -4.65857618         1294777.        0.000000       -30655.47     -9.72845774102E+08  5.87461690101E+05 -1.65601568663E+03   4.37951605              399  0.27762    
      242600  -4.65837811         1294947.        0.000000       -30653.13     -9.72828395418E+08  5.87451196063E+05 -1.65601568596E+03   4.37887065              398  0.27463    
      242700  -4.65901182         1295075.        0.000000       -30647.78     -9.72975080886E+08  5.87539773760E+05 -1.65601568496E+03   4.37906730              398  0.27464    
      242800  -4.65962161         1295650.        0.000000       -30642.56     -9.73080443870E+08  5.87603398949E+05 -1.65601568271E+03   4.37856520              398  0.27354    
      242900  -4.66119521         1295868.        0.000000       -30649.55     -9.73290635373E+08  5.87730325140E+05 -1.65601568226E+03   4.37829450              398  0.27411    
      243000  -4.66115102         1295509.        0.000000       -30606.08     -9.73276550649E+08  5.87721818869E+05 -1.65601568531E+03   4.37987997              399  0.27377    
      243100  -4.65963375         1295302.        0.000000       -30625.24     -9.72957815623E+08  5.87529350138E+05 -1.65601567887E+03   4.37865717              398  0.27471    
      243200  -4.65951207         1295313.        0.000000       -30627.42     -9.72898012976E+08  5.87493233315E+05 -1.65601569142E+03   4.37882136              397  0.27444    
      243300  -4.65822761         1294554.        0.000000       -30575.62     -9.72585786369E+08  5.87304692958E+05 -1.65601569003E+03   4.38010408              399  0.27429    
      243400  -4.65828625         1295257.        0.000000       -30578.75     -9.72625046198E+08  5.87328397263E+05 -1.65601569876E+03   4.37795372              398  0.27557    
      243500  -4.66003942         1295494.        0.000000       -30595.57     -9.72953974075E+08  5.87527025598E+05 -1.65601569236E+03   4.37888194              399  0.27588    
      243600  -4.65967328         1295342.        0.000000       -30634.96     -9.72987735089E+08  5.87547412289E+05 -1.65601569293E+03   4.37866761              397  0.27839    
      243700  -4.65920714         1295263.        0.000000       -30645.86     -9.72852133133E+08  5.87465529694E+05 -1.65601568766E+03   4.37848170              398  0.27533    
      243800  -4.65883043         1294986.        0.000000       -30627.71     -9.72839738713E+08  5.87458044046E+05 -1.65601569095E+03   4.37979958              399  0.27703    
      243900  -4.65784079         1294824.        0.000000       -30650.29     -9.72565806710E+08  5.87292627730E+05 -1.65601569097E+03   4.37909863              398  0.27984    
      244000  -4.65828584         1295155.        0.000000       -30656.64     -9.72769740070E+08  5.87415775409E+05 -1.65601568904E+03   4.37843790              398  0.27387    
      244100  -4.65909810         1295145.        0.000000       -30655.26     -9.72860882759E+08  5.87470814316E+05 -1.65601568461E+03   4.37928017              397  0.27466    
      244200  -4.65952504         1295577.        0.000000       -30597.79     -9.72825300740E+08  5.87449328517E+05 -1.65601568257E+03   4.37850725              396  0.27604    
      244300  -4.65987763         1295207.        0.000000       -30636.92     -9.72769288147E+08  5.87415503820E+05 -1.65601568536E+03   4.37961371              398  0.27413    
      244400  -4.65899706         1295191.        0.000000       -30670.48     -9.72628686215E+08  5.87330601284E+05 -1.65601568195E+03   4.37848898              398  0.27360    
      244500  -4.65801596         1294763.        0.000000       -30668.61     -9.72677511823E+08  5.87360083736E+05 -1.65601568570E+03   4.37915422              397  0.27473    
      244600  -4.65759949         1294991.        0.000000       -30682.87     -9.72671099979E+08  5.87356210682E+05 -1.65601568910E+03   4.37878144              398  0.27413    
      244700  -4.65814560         1295187.        0.000000       -30658.38     -9.72766550446E+08  5.87413850429E+05 -1.65601568594E+03   4.37794089              398  0.27893    
      244800  -4.65921643         1295392.        0.000000       -30657.23     -9.73104569044E+08  5.87617964204E+05 -1.65601569101E+03   4.37832485              398  0.27739    
      244900  -4.65969404         1295418.        0.000000       -30661.33     -9.73209582142E+08  5.87681379577E+05 -1.65601568463E+03   4.37892985              399  0.27441    
      245000  -4.66076294         1295671.        0.000000       -30694.80     -9.73358988786E+08  5.87771601232E+05 -1.65601568151E+03   4.37928289              398  0.27535    
      245100  -4.66019229         1295510.        0.000000       -30652.88     -9.73229666692E+08  5.87693507472E+05 -1.65601568559E+03   4.37860729              398  0.27586    
      245200  -4.66030288         1295583.        0.000000       -30659.46     -9.73282026638E+08  5.87725126052E+05 -1.65601568402E+03   4.37870099              398  0.27493    
      245300  -4.66144087         1295807.        0.000000       -30681.89     -9.73488939480E+08  5.87850070813E+05 -1.65601568804E+03   4.37911344              398  0.27501    
      245400  -4.66033719         1295382.        0.000000       -30676.73     -9.73148027069E+08  5.87644208718E+05 -1.65601568540E+03   4.37931560              399  0.27409    
      245500  -4.65910974         1295027.        0.000000       -30676.73     -9.73027136639E+08  5.87571206490E+05 -1.65601568949E+03   4.37905881              398  0.27432    
      245600  -4.65899468         1295315.        0.000000       -30666.29     -9.73092543556E+08  5.87610706868E+05 -1.65601567872E+03   4.37862869              398  0.27580    
      245700  -4.65980003         1295380.        0.000000       -30687.55     -9.73317166859E+08  5.87746347838E+05 -1.65601567826E+03   4.37881420              398  0.27456    
      245800  -4.66067560         1295850.        0.000000       -30726.11     -9.73422157075E+08  5.87809745367E+05 -1.65601568322E+03   4.37853790              398  0.28001    
      245900  -4.66089959         1295637.        0.000000       -30705.78     -9.73372654937E+08  5.87779853004E+05 -1.65601568336E+03   4.37966320              398  0.27599    
      246000  -4.66082986         1295675.        0.000000       -30704.62     -9.73287477369E+08  5.87728417732E+05 -1.65601568344E+03   4.37875811              398  0.28005    
      246100  -4.65996869         1295442.        0.000000       -30688.27     -9.73205863391E+08  5.87679135233E+05 -1.65601568108E+03   4.37896564              399  0.27475    
      246200  -4.66003506         1295353.        0.000000       -30704.66     -9.73225473416E+08  5.87690976167E+05 -1.65601568321E+03   4.37881708              398  0.27584    
      246300  -4.66059641         1295881.        0.000000       -30714.49     -9.73389217428E+08  5.87789853451E+05 -1.65601568607E+03   4.37808690              397  0.27482    
      246400  -4.66090524         1295408.        0.000000       -30673.76     -9.73326790215E+08  5.87752157591E+05 -1.65601568219E+03   4.37961662              397  0.27498    
      246500  -4.65994844         1295348.        0.000000       -30648.95     -9.73112414743E+08  5.87622704723E+05 -1.65601568306E+03   4.37925113              398  0.27814    
      246600  -4.65739178         1294541.        0.000000       -30629.38     -9.72666450257E+08  5.87353402681E+05 -1.65601568973E+03   4.37944688              397  0.27486    
      246700  -4.65820538         1295200.        0.000000       -30641.55     -9.72756442725E+08  5.87407747347E+05 -1.65601568437E+03   4.37810830              398  0.27917    
      246800  -4.65963419         1295500.        0.000000       -30659.40     -9.72923457963E+08  5.87508600296E+05 -1.65601568636E+03   4.37904815              398  0.27634    
      246900  -4.66076987         1295481.        0.000000       -30653.18     -9.73075579537E+08  5.87600460605E+05 -1.65601568544E+03   4.37957408              398  0.27868    
      247000  -4.65971262         1295266.        0.000000       -30700.71     -9.72917167561E+08  5.87504801760E+05 -1.65601568642E+03   4.37906867              397  0.27977    
      247100  -4.65968298         1295199.        0.000000       -30678.73     -9.72845197101E+08  5.87461341462E+05 -1.65601568723E+03   4.37951541              398  0.27479    
      247200  -4.65941200         1295245.        0.000000       -30642.36     -9.72789142487E+08  5.87427491992E+05 -1.65601568832E+03   4.37878743              397  0.27472    
      247300  -4.65976530         1295429.        0.000000       -30643.68     -9.72859874108E+08  5.87470203751E+05 -1.65601568879E+03   4.37856038              398  0.27440    
      247400  -4.66040854         1295492.        0.000000       -30651.91     -9.73086063557E+08  5.87606789054E+05 -1.65601569227E+03   4.37849011              398  0.27743    
      247500  -4.66013413         1295446.        0.000000       -30656.31     -9.73156579031E+08  5.87649371037E+05 -1.65601569064E+03   4.37904262              399  0.27455    
      247600  -4.66068256         1295716.        0.000000       -30714.53     -9.73321633031E+08  5.87749042235E+05 -1.65601568542E+03   4.37812675              398  0.27586    
      247700  -4.66032338         1295551.        0.000000       -30698.22     -9.73404899453E+08  5.87799322217E+05 -1.65601568879E+03   4.37905161              398  0.27551    
      247800  -4.65937914         1295101.        0.000000       -30696.75     -9.73235653109E+08  5.87697121954E+05 -1.65601568691E+03   4.37964023              397  0.27999    
      247900  -4.65927036         1295216.        0.000000       -30697.01     -9.73232970301E+08  5.87695500377E+05 -1.65601569125E+03   4.37868047              397  0.27750    
      248000  -4.65963462         1295374.        0.000000       -30646.61     -9.73274747503E+08  5.87720730278E+05 -1.65601568460E+03   4.37931897              398  0.27931    
      248100  -4.66085831         1295980.        0.000000       -30650.47     -9.73397333203E+08  5.87794753913E+05 -1.65601568698E+03   4.37777663              395  0.27362    
      248200  -4.66188695         1295888.        0.000000       -30688.36     -9.73556216973E+08  5.87890698016E+05 -1.65601568499E+03   4.37938434              398  0.27606    
      248300  -4.66107539         1295603.        0.000000       -30697.21     -9.73425642097E+08  5.87811850644E+05 -1.65601568092E+03   4.37898990              398  0.27558    
      248400  -4.66053868         1295453.        0.000000       -30696.33     -9.73348595684E+08  5.87765323551E+05 -1.65601568634E+03   4.37917716              398  0.27381    
      248500  -4.65869413         1294914.        0.000000       -30657.20     -9.73096969835E+08  5.87613378207E+05 -1.65601568297E+03   4.37986858              399  0.27468    
      248600  -4.65805990         1294727.        0.000000       -30636.93     -9.72844639898E+08  5.87461007203E+05 -1.65601568099E+03   4.37958833              398  0.27518    
      248700  -4.65765640         1295052.        0.000000       -30619.32     -9.72741487263E+08  5.87398716332E+05 -1.65601568443E+03   4.37815368              398  0.28190    
      248800  -4.65910698         1294983.        0.000000       -30652.92     -9.73102280273E+08  5.87616584125E+05 -1.65601568533E+03   4.37893001              397  0.27735    
      248900  -4.65827012         1295057.        0.000000       -30685.45     -9.73100367324E+08  5.87615430854E+05 -1.65601568003E+03   4.37845472              398  0.27667    
      249000  -4.65999623         1295536.        0.000000       -30695.48     -9.73570643271E+08  5.87899407382E+05 -1.65601569086E+03   4.37820023              398  0.27587    
      249100  -4.66068850         1295515.        0.000000       -30710.42     -9.73682910947E+08  5.87967201352E+05 -1.65601569051E+03   4.37915230              398  0.27906    
      249200  -4.66040278         1295313.        0.000000       -30685.69     -9.73453928145E+08  5.87828929362E+05 -1.65601568674E+03   4.37992622              397  0.27794    
      249300  -4.65931270         1295417.        0.000000       -30642.77     -9.73160074570E+08  5.87651482729E+05 -1.65601568816E+03   4.37869799              396  0.27377    
      249400  -4.66027414         1295440.        0.000000       -30649.90     -9.73210502984E+08  5.87681935541E+05 -1.65601568489E+03   4.37906006              398  0.27904    
      249500  -4.65997062         1295591.        0.000000       -30650.33     -9.73233018975E+08  5.87695530555E+05 -1.65601568904E+03   4.37853328              399  0.27797    
      249600  -4.65990339         1295553.        0.000000       -30645.96     -9.73269537532E+08  5.87717583873E+05 -1.65601568549E+03   4.37914622              398  0.27826    
      249700  -4.65984952         1295363.        0.000000       -30633.15     -9.73099411103E+08  5.87614848676E+05 -1.65601569344E+03   4.37904927              398  0.27410    
      249800  -4.65946355         1295305.        0.000000       -30638.52     -9.73060663986E+08  5.87591449952E+05 -1.65601569605E+03   4.37928276              397  0.27970    
      249900  -4.65912040         1295417.        0.000000       -30620.10     -9.73029481132E+08  5.87572621247E+05 -1.65601569227E+03   4.37798247              397  0.27457    
      250000  -4.66096356         1295692.        0.000000       -30626.71     -9.73402082002E+08  5.87797619092E+05 -1.65601569381E+03   4.37861403              397  0.27446    
      250100  -4.66040055         1295524.        0.000000       -30683.07     -9.73272296019E+08  5.87719248007E+05 -1.65601569001E+03   4.37916044              398  0.27444    
      250200  -4.66115805         1295710.        0.000000       -30683.49     -9.73365288748E+08  5.87775403565E+05 -1.65601568702E+03   4.37875036              399  0.28001    
      250300  -4.66047408         1295383.        0.000000       -30664.67     -9.73340603317E+08  5.87760495815E+05 -1.65601569049E+03   4.37997812              398  0.27845    
      250400  -4.65818722         1294865.        0.000000       -30649.97     -9.72818800498E+08  5.87445401887E+05 -1.65601568652E+03   4.37972375              399  0.27473    
      250500  -4.65876772         1295284.        0.000000       -30664.94     -9.72884281380E+08  5.87484940411E+05 -1.65601569412E+03   4.37890402              398  0.27350    
      250600  -4.65947756         1295710.        0.000000       -30653.94     -9.73056128886E+08  5.87588709949E+05 -1.65601570012E+03   4.37765277              397  0.27493    
      250700  -4.66084756         1295707.        0.000000       -30672.17     -9.73296645624E+08  5.87733952049E+05 -1.65601568912E+03   4.37888892              398  0.27395    
      250800  -4.66065692         1295739.        0.000000       -30688.02     -9.73325699823E+08  5.87751498429E+05 -1.65601568422E+03   4.37876405              398  0.27523    
      250900  -4.65998463         1295389.        0.000000       -30749.13     -9.73216522086E+08  5.87685571068E+05 -1.65601568253E+03   4.37872669              396  0.27442    
      251000  -4.66068818         1295844.        0.000000       -30755.25     -9.73433719515E+08  5.87816726438E+05 -1.65601568607E+03   4.37820174              398  0.27763    
      251100  -4.66147201         1295965.        0.000000       -30726.58     -9.73621961885E+08  5.87930399924E+05 -1.65601568147E+03   4.37850365              399  0.27812    
      251200  -4.66156799         1295387.        0.000000       -30665.77     -9.73600747100E+08  5.87917587878E+05 -1.65601568515E+03   4.38014107              399  0.27582    
      251300  -4.65860615         1294835.        0.000000       -30709.20     -9.73088013182E+08  5.87607968719E+05 -1.65601568560E+03   4.38004698              397  0.27853    
      251400  -4.65763428         1294848.        0.000000       -30681.61     -9.72686534491E+08  5.87365531767E+05 -1.65601568680E+03   4.37931237              398  0.27582    
      251500  -4.65920329         1295592.        0.000000       -30628.75     -9.72749594786E+08  5.87403610015E+05 -1.65601569041E+03   4.37820196              398  0.27963    
      251600  -4.66039647         1295512.        0.000000       -30659.26     -9.73015224864E+08  5.87564013841E+05 -1.65601568841E+03   4.37848928              397  0.27428    
      251700  -4.66045701         1295457.        0.000000       -30654.70     -9.73133025176E+08  5.87635148194E+05 -1.65601568961E+03   4.37952320              397  0.27429    
      251800  -4.65965995         1295217.        0.000000       -30629.66     -9.72886903172E+08  5.87486526080E+05 -1.65601568714E+03   4.37903941              399  0.27275    
      251900  -4.65875030         1294888.        0.000000       -30668.24     -9.72744871539E+08  5.87400761624E+05 -1.65601567974E+03   4.37989640              398  0.27572    
      252000  -4.65729033         1294903.        0.000000       -30676.31     -9.72552395471E+08  5.87284532257E+05 -1.65601568244E+03   4.37846919              398  0.27484    
      252100  -4.65971817         1295557.        0.000000       -30654.62     -9.73017147415E+08  5.87565177688E+05 -1.65601568024E+03   4.37822064              398  0.27651    
      252200  -4.66105284         1295777.        0.000000       -30668.79     -9.73302913971E+08  5.87737739332E+05 -1.65601568325E+03   4.37863497              397  0.27643    
      252300  -4.66125153         1295807.        0.000000       -30655.88     -9.73304138219E+08  5.87738477446E+05 -1.65601568651E+03   4.37893064              399  0.27504    
      252400  -4.66009995         1295325.        0.000000       -30610.01     -9.72958849766E+08  5.87529971246E+05 -1.65601568836E+03   4.37979071              398  0.27450    
      252500  -4.65829732         1294749.        0.000000       -30669.13     -9.72540990249E+08  5.87277641323E+05 -1.65601569312E+03   4.37936117              397  0.27362    
      252600  -4.65698604         1294789.        0.000000       -30647.82     -9.72332277417E+08  5.87151610441E+05 -1.65601568679E+03   4.37851167              397  0.28180    
      252700  -4.65792221         1294947.        0.000000       -30683.39     -9.72652681134E+08  5.87345088453E+05 -1.65601568866E+03   4.37800108              398  0.27426    
      252800  -4.65755247         1294680.        0.000000       -30655.79     -9.72676650526E+08  5.87359563210E+05 -1.65601568690E+03   4.37998141              399  0.27658    
      252900  -4.65782952         1295149.        0.000000       -30658.99     -9.72671353485E+08  5.87356366281E+05 -1.65601568200E+03   4.37843719              398  0.27553    
      253000  -4.65953836         1295547.        0.000000       -30652.29     -9.72879696573E+08  5.87482175942E+05 -1.65601568254E+03   4.37843448              398  0.27483    
      253100  -4.66045833         1295655.        0.000000       -30630.57     -9.73054968743E+08  5.87588016216E+05 -1.65601568087E+03   4.37823802              397  0.27553    
      253200  -4.66077244         1295432.        0.000000       -30671.45     -9.73298322278E+08  5.87734963695E+05 -1.65601569143E+03   4.37932422              398  0.27398    
      253300  -4.65954641         1295589.        0.000000       -30667.23     -9.73120840010E+08  5.87627787824E+05 -1.65601569594E+03   4.37850724              398  0.27776    
      253400  -4.66064892         1295661.        0.000000       -30694.76     -9.73302202107E+08  5.87737304286E+05 -1.65601569784E+03   4.37894587              398  0.27659    
      253500  -4.66007867         1295506.        0.000000       -30680.97     -9.73241961922E+08  5.87700931560E+05 -1.65601568699E+03   4.37909471              398  0.27460    
      253600  -4.66048545         1295533.        0.000000       -30681.85     -9.73347357700E+08  5.87764574797E+05 -1.65601568968E+03   4.37897266              398  0.27355    
      253700  -4.66124048         1295960.        0.000000       -30682.08     -9.73452329411E+08  5.87827963589E+05 -1.65601568777E+03   4.37843425              398  0.27394    
      253800  -4.66227400         1296146.        0.000000       -30689.08     -9.73596640377E+08  5.87915108215E+05 -1.65601568453E+03   4.37838014              398  0.27306    
      253900  -4.66151969         1295522.        0.000000       -30698.06     -9.73516598117E+08  5.87866774599E+05 -1.65601568277E+03   4.37958478              398  0.27388    
      254000  -4.65975892         1295295.        0.000000       -30675.24     -9.73238906684E+08  5.87699087200E+05 -1.65601568537E+03   4.37938123              398  0.27712    
      254100  -4.65970289         1295583.        0.000000       -30696.97     -9.73208934203E+08  5.87680990326E+05 -1.65601567895E+03   4.37858408              398  0.27964    
      254200  -4.66121906         1295868.        0.000000       -30638.71     -9.73446597702E+08  5.87824505224E+05 -1.65601567994E+03   4.37882734              398  0.27544    
      254300  -4.66071469         1295324.        0.000000       -30626.48     -9.73337308265E+08  5.87758509135E+05 -1.65601568184E+03   4.37959456              398  0.27363    
      254400  -4.65974341         1295091.        0.000000       -30611.28     -9.73130141901E+08  5.87633409550E+05 -1.65601568271E+03   4.37952603              397  0.27438    
      254500  -4.65880216         1295232.        0.000000       -30630.22     -9.73029554905E+08  5.87572665849E+05 -1.65601569212E+03   4.37876350              399  0.27546    
      254600  -4.65965153         1295418.        0.000000       -30641.22     -9.73153767932E+08  5.87647674362E+05 -1.65601568829E+03   4.37818057              398  0.27401    
      254700  -4.65992426         1295653.        0.000000       -30674.36     -9.73188263625E+08  5.87668504672E+05 -1.65601568893E+03   4.37844315              396  0.28016    
      254800  -4.66048519         1295440.        0.000000       -30665.70     -9.73455839308E+08  5.87830081726E+05 -1.65601569156E+03   4.37894718              398  0.27607    
