Run started: Fri 24 Oct 2025 09:53:40 AM CEST
Using VDAGGER_ARCH = intel23_fkfamd23_cluster
Running 1x128 MPI processes.

[LOG_CAT_SBGP] libnuma.so: cannot open shared object file: No such file or directory
[LOG_CAT_SBGP] Failed to dlopen libnuma.so. Fallback to GROUP_BY_SOCKET manual.
[LOG_CAT_SBGP] libnuma.so: cannot open shared object file: No such file or directory
[LOG_CAT_SBGP] Failed to dlopen libnuma.so. Fallback to GROUP_BY_SOCKET manual.
[LOG_CAT_SBGP] libnuma.so: cannot open shared object file: No such file or directory
[LOG_CAT_SBGP] Failed to dlopen libnuma.so. Fallback to GROUP_BY_SOCKET manual.
[LOG_CAT_SBGP] libnuma.so: cannot open shared object file: No such file or directory
[LOG_CAT_SBGP] Failed to dlopen libnuma.so. Fallback to GROUP_BY_SOCKET manual.
[LOG_CAT_SBGP] libnuma.so: cannot open shared object file: No such file or directory
[LOG_CAT_SBGP] Failed to dlopen libnuma.so. Fallback to GROUP_BY_SOCKET manual.
[LOG_CAT_SBGP] libnuma.so: cannot open shared object file: No such file or directory
[LOG_CAT_SBGP] libnuma.so: cannot open shared object file: No such file or directory
[LOG_CAT_SBGP] Failed to dlopen libnuma.so. Fallback to GROUP_BY_SOCKET manual.
[LOG_CAT_SBGP] libnuma.so: cannot open shared object file: No such file or directory
[LOG_CAT_SBGP] Failed to dlopen libnuma.so. Fallback to GROUP_BY_SOCKET manual.
[LOG_CAT_SBGP] libnuma.so: cannot open shared object file: No such file or directory
[LOG_CAT_SBGP] Failed to dlopen libnuma.so. Fallback to GROUP_BY_SOCKET manual.
[LOG_CAT_SBGP] libnuma.so: cannot open shared object file: No such file or directory
[LOG_CAT_SBGP] Failed to dlopen libnuma.so. Fallback to GROUP_BY_SOCKET manual.
[LOG_CAT_SBGP] libnuma.so: cannot open shared object file: No such file or directory
[LOG_CAT_SBGP] Failed to dlopen libnuma.so. Fallback to GROUP_BY_SOCKET manual.
[LOG_CAT_SBGP] libnuma.so: cannot open shared object file: No such file or directory
[LOG_CAT_SBGP] libnuma.so: cannot open shared object file: No such file or directory
[LOG_CAT_SBGP] Failed to dlopen libnuma.so. Fallback to GROUP_BY_SOCKET manual.
[LOG_CAT_SBGP] libnuma.so: cannot open shared object file: No such file or directory
[LOG_CAT_SBGP] libnuma.so: cannot open shared object file: No such file or directory
[LOG_CAT_SBGP] Failed to dlopen libnuma.so. Fallback to GROUP_BY_SOCKET manual.
[LOG_CAT_SBGP] libnuma.so: cannot open shared object file: No such file or directory
[LOG_CAT_SBGP] Failed to dlopen libnuma.so. Fallback to GROUP_BY_SOCKET manual.
[LOG_CAT_SBGP] libnuma.so: cannot open shared object file: No such file or directory
[LOG_CAT_SBGP] Failed to dlopen libnuma.so. Fallback to GROUP_BY_SOCKET manual.
[LOG_CAT_SBGP] libnuma.so: cannot open shared object file: No such file or directory
[LOG_CAT_SBGP] Failed to dlopen libnuma.so. Fallback to GROUP_BY_SOCKET manual.
[LOG_CAT_SBGP] libnuma.so: cannot open shared object file: No such file or directory
[LOG_CAT_SBGP] libnuma.so: cannot open shared object file: No such file or directory
[LOG_CAT_SBGP] Failed to dlopen libnuma.so. Fallback to GROUP_BY_SOCKET manual.
[LOG_CAT_SBGP] libnuma.so: cannot open shared object file: No such file or directory
[LOG_CAT_SBGP] Failed to dlopen libnuma.so. Fallback to GROUP_BY_SOCKET manual.
[LOG_CAT_SBGP] libnuma.so: cannot open shared object file: No such file or directory
[LOG_CAT_SBGP] Failed to dlopen libnuma.so. Fallback to GROUP_BY_SOCKET manual.
[LOG_CAT_SBGP] libnuma.so: cannot open shared object file: No such file or directory
[LOG_CAT_SBGP] Failed to dlopen libnuma.so. Fallback to GROUP_BY_SOCKET manual.
[LOG_CAT_SBGP] libnuma.so: cannot open shared object file: No such file or directory
[LOG_CAT_SBGP] Failed to dlopen libnuma.so. Fallback to GROUP_BY_SOCKET manual.
[LOG_CAT_SBGP] libnuma.so: cannot open shared object file: No such file or directory
[LOG_CAT_SBGP] Failed to dlopen libnuma.so. Fallback to GROUP_BY_SOCKET manual.
[LOG_CAT_SBGP] libnuma.so: cannot open shared object file: No such file or directory
[LOG_CAT_SBGP] Failed to dlopen libnuma.so. Fallback to GROUP_BY_SOCKET manual.
[LOG_CAT_SBGP] libnuma.so: cannot open shared object file: No such file or directory
[LOG_CAT_SBGP] Failed to dlopen libnuma.so. Fallback to GROUP_BY_SOCKET manual.
[LOG_CAT_SBGP] libnuma.so: cannot open shared object file: No such file or directory
[LOG_CAT_SBGP] Failed to dlopen libnuma.so. Fallback to GROUP_BY_SOCKET manual.
[LOG_CAT_SBGP] libnuma.so: cannot open shared object file: No such file or directory
[LOG_CAT_SBGP] Failed to dlopen libnuma.so. Fallback to GROUP_BY_SOCKET manual.
[LOG_CAT_SBGP] libnuma.so: cannot open shared object file: No such file or directory
[LOG_CAT_SBGP] Failed to dlopen libnuma.so. Fallback to GROUP_BY_SOCKET manual.
[LOG_CAT_SBGP] libnuma.so: cannot open shared object file: No such file or directory
[LOG_CAT_SBGP] Failed to dlopen libnuma.so. Fallback to GROUP_BY_SOCKET manual.
[LOG_CAT_SBGP] libnuma.so: cannot open shared object file: No such file or directory
[LOG_CAT_SBGP] Failed to dlopen libnuma.so. Fallback to GROUP_BY_SOCKET manual.
[LOG_CAT_SBGP] libnuma.so: cannot open shared object file: No such file or directory
[LOG_CAT_SBGP] Failed to dlopen libnuma.so. Fallback to GROUP_BY_SOCKET manual.
[LOG_CAT_SBGP] libnuma.so: cannot open shared object file: No such file or directory
[LOG_CAT_SBGP] Failed to dlopen libnuma.so. Fallback to GROUP_BY_SOCKET manual.
[LOG_CAT_SBGP] libnuma.so: cannot open shared object file: No such file or directory
[LOG_CAT_SBGP] Failed to dlopen libnuma.so. Fallback to GROUP_BY_SOCKET manual.
[LOG_CAT_SBGP] libnuma.so: cannot open shared object file: No such file or directory
[LOG_CAT_SBGP] Failed to dlopen libnuma.so. Fallback to GROUP_BY_SOCKET manual.
[LOG_CAT_SBGP] libnuma.so: cannot open shared object file: No such file or directory
[LOG_CAT_SBGP] Failed to dlopen libnuma.so. Fallback to GROUP_BY_SOCKET manual.
[LOG_CAT_SBGP] libnuma.so: cannot open shared object file: No such file or directory
[LOG_CAT_SBGP] Failed to dlopen libnuma.so. Fallback to GROUP_BY_SOCKET manual.
[LOG_CAT_SBGP] libnuma.so: cannot open shared object file: No such file or directory
[LOG_CAT_SBGP] Failed to dlopen libnuma.so. Fallback to GROUP_BY_SOCKET manual.
[LOG_CAT_SBGP] libnuma.so: cannot open shared object file: No such file or directory
[LOG_CAT_SBGP] Failed to dlopen libnuma.so. Fallback to GROUP_BY_SOCKET manual.
[LOG_CAT_SBGP] libnuma.so: cannot open shared object file: No such file or directory
[LOG_CAT_SBGP] Failed to dlopen libnuma.so. Fallback to GROUP_BY_SOCKET manual.
[LOG_CAT_SBGP] libnuma.so: cannot open shared object file: No such file or directory
[LOG_CAT_SBGP] Failed to dlopen libnuma.so. Fallback to GROUP_BY_SOCKET manual.
[LOG_CAT_SBGP] libnuma.so: cannot open shared object file: No such file or directory
[LOG_CAT_SBGP] Failed to dlopen libnuma.so. Fallback to GROUP_BY_SOCKET manual.
[LOG_CAT_SBGP] libnuma.so: cannot open shared object file: No such file or directory
[LOG_CAT_SBGP] Failed to dlopen libnuma.so. Fallback to GROUP_BY_SOCKET manual.
[LOG_CAT_SBGP] libnuma.so: cannot open shared object file: No such file or directory
[LOG_CAT_SBGP] Failed to dlopen libnuma.so. Fallback to GROUP_BY_SOCKET manual.
[LOG_CAT_SBGP] libnuma.so: cannot open shared object file: No such file or directory
[LOG_CAT_SBGP] Failed to dlopen libnuma.so. Fallback to GROUP_BY_SOCKET manual.
[LOG_CAT_SBGP] libnuma.so: cannot open shared object file: No such file or directory
[LOG_CAT_SBGP] Failed to dlopen libnuma.so. Fallback to GROUP_BY_SOCKET manual.
[LOG_CAT_SBGP] libnuma.so: cannot open shared object file: No such file or directory
[LOG_CAT_SBGP] Failed to dlopen libnuma.so. Fallback to GROUP_BY_SOCKET manual.
[LOG_CAT_SBGP] libnuma.so: cannot open shared object file: No such file or directory
[LOG_CAT_SBGP] Failed to dlopen libnuma.so. Fallback to GROUP_BY_SOCKET manual.
[LOG_CAT_SBGP] libnuma.so: cannot open shared object file: No such file or directory
[LOG_CAT_SBGP] Failed to dlopen libnuma.so. Fallback to GROUP_BY_SOCKET manual.
[LOG_CAT_SBGP] libnuma.so: cannot open shared object file: No such file or directory
[LOG_CAT_SBGP] Failed to dlopen libnuma.so. Fallback to GROUP_BY_SOCKET manual.
[LOG_CAT_SBGP] libnuma.so: cannot open shared object file: No such file or directory
[LOG_CAT_SBGP] Failed to dlopen libnuma.so. Fallback to GROUP_BY_SOCKET manual.
[LOG_CAT_SBGP] libnuma.so: cannot open shared object file: No such file or directory
[LOG_CAT_SBGP] Failed to dlopen libnuma.so. Fallback to GROUP_BY_SOCKET manual.
[LOG_CAT_SBGP] libnuma.so: cannot open shared object file: No such file or directory
[LOG_CAT_SBGP] Failed to dlopen libnuma.so. Fallback to GROUP_BY_SOCKET manual.
[LOG_CAT_SBGP] libnuma.so: cannot open shared object file: No such file or directory
[LOG_CAT_SBGP] Failed to dlopen libnuma.so. Fallback to GROUP_BY_SOCKET manual.
[LOG_CAT_SBGP] libnuma.so: cannot open shared object file: No such file or directory
[LOG_CAT_SBGP] Failed to dlopen libnuma.so. Fallback to GROUP_BY_SOCKET manual.
[LOG_CAT_SBGP] libnuma.so: cannot open shared object file: No such file or directory
[LOG_CAT_SBGP] Failed to dlopen libnuma.so. Fallback to GROUP_BY_SOCKET manual.
[LOG_CAT_SBGP] libnuma.so: cannot open shared object file: No such file or directory
[LOG_CAT_SBGP] Failed to dlopen libnuma.so. Fallback to GROUP_BY_SOCKET manual.
[LOG_CAT_SBGP] libnuma.so: cannot open shared object file: No such file or directory
[LOG_CAT_SBGP] Failed to dlopen libnuma.so. Fallback to GROUP_BY_SOCKET manual.
[LOG_CAT_SBGP] libnuma.so: cannot open shared object file: No such file or directory
[LOG_CAT_SBGP] Failed to dlopen libnuma.so. Fallback to GROUP_BY_SOCKET manual.
[LOG_CAT_SBGP] libnuma.so: cannot open shared object file: No such file or directory
[LOG_CAT_SBGP] Failed to dlopen libnuma.so. Fallback to GROUP_BY_SOCKET manual.
[LOG_CAT_SBGP] libnuma.so: cannot open shared object file: No such file or directory
[LOG_CAT_SBGP] Failed to dlopen libnuma.so. Fallback to GROUP_BY_SOCKET manual.
[LOG_CAT_SBGP] libnuma.so: cannot open shared object file: No such file or directory
[LOG_CAT_SBGP] Failed to dlopen libnuma.so. Fallback to GROUP_BY_SOCKET manual.
[LOG_CAT_SBGP] libnuma.so: cannot open shared object file: No such file or directory
[LOG_CAT_SBGP] Failed to dlopen libnuma.so. Fallback to GROUP_BY_SOCKET manual.
[LOG_CAT_SBGP] libnuma.so: cannot open shared object file: No such file or directory
[LOG_CAT_SBGP] Failed to dlopen libnuma.so. Fallback to GROUP_BY_SOCKET manual.
[LOG_CAT_SBGP] libnuma.so: cannot open shared object file: No such file or directory
[LOG_CAT_SBGP] Failed to dlopen libnuma.so. Fallback to GROUP_BY_SOCKET manual.
[LOG_CAT_SBGP] libnuma.so: cannot open shared object file: No such file or directory
[LOG_CAT_SBGP] Failed to dlopen libnuma.so. Fallback to GROUP_BY_SOCKET manual.
[LOG_CAT_SBGP] libnuma.so: cannot open shared object file: No such file or directory
[LOG_CAT_SBGP] Failed to dlopen libnuma.so. Fallback to GROUP_BY_SOCKET manual.
[LOG_CAT_SBGP] libnuma.so: cannot open shared object file: No such file or directory
[LOG_CAT_SBGP] Failed to dlopen libnuma.so. Fallback to GROUP_BY_SOCKET manual.
[LOG_CAT_SBGP] libnuma.so: cannot open shared object file: No such file or directory
[LOG_CAT_SBGP] Failed to dlopen libnuma.so. Fallback to GROUP_BY_SOCKET manual.
[LOG_CAT_SBGP] libnuma.so: cannot open shared object file: No such file or directory
[LOG_CAT_SBGP] Failed to dlopen libnuma.so. Fallback to GROUP_BY_SOCKET manual.
[LOG_CAT_SBGP] libnuma.so: cannot open shared object file: No such file or directory
[LOG_CAT_SBGP] Failed to dlopen libnuma.so. Fallback to GROUP_BY_SOCKET manual.
[LOG_CAT_SBGP] libnuma.so: cannot open shared object file: No such file or directory
[LOG_CAT_SBGP] Failed to dlopen libnuma.so. Fallback to GROUP_BY_SOCKET manual.
[LOG_CAT_SBGP] libnuma.so: cannot open shared object file: No such file or directory
[LOG_CAT_SBGP] Failed to dlopen libnuma.so. Fallback to GROUP_BY_SOCKET manual.
[LOG_CAT_SBGP] libnuma.so: cannot open shared object file: No such file or directory
[LOG_CAT_SBGP] Failed to dlopen libnuma.so. Fallback to GROUP_BY_SOCKET manual.
[LOG_CAT_SBGP] libnuma.so: cannot open shared object file: No such file or directory
[LOG_CAT_SBGP] Failed to dlopen libnuma.so. Fallback to GROUP_BY_SOCKET manual.
[LOG_CAT_SBGP] libnuma.so: cannot open shared object file: No such file or directory
[LOG_CAT_SBGP] Failed to dlopen libnuma.so. Fallback to GROUP_BY_SOCKET manual.
[LOG_CAT_SBGP] libnuma.so: cannot open shared object file: No such file or directory
[LOG_CAT_SBGP] Failed to dlopen libnuma.so. Fallback to GROUP_BY_SOCKET manual.
[LOG_CAT_SBGP] libnuma.so: cannot open shared object file: No such file or directory
[LOG_CAT_SBGP] Failed to dlopen libnuma.so. Fallback to GROUP_BY_SOCKET manual.
[LOG_CAT_SBGP] libnuma.so: cannot open shared object file: No such file or directory
[LOG_CAT_SBGP] Failed to dlopen libnuma.so. Fallback to GROUP_BY_SOCKET manual.
[LOG_CAT_SBGP] libnuma.so: cannot open shared object file: No such file or directory
[LOG_CAT_SBGP] Failed to dlopen libnuma.so. Fallback to GROUP_BY_SOCKET manual.
[LOG_CAT_SBGP] libnuma.so: cannot open shared object file: No such file or directory
[LOG_CAT_SBGP] Failed to dlopen libnuma.so. Fallback to GROUP_BY_SOCKET manual.
[LOG_CAT_SBGP] libnuma.so: cannot open shared object file: No such file or directory
[LOG_CAT_SBGP] Failed to dlopen libnuma.so. Fallback to GROUP_BY_SOCKET manual.
[LOG_CAT_SBGP] libnuma.so: cannot open shared object file: No such file or directory
[LOG_CAT_SBGP] Failed to dlopen libnuma.so. Fallback to GROUP_BY_SOCKET manual.
[LOG_CAT_SBGP] libnuma.so: cannot open shared object file: No such file or directory
[LOG_CAT_SBGP] Failed to dlopen libnuma.so. Fallback to GROUP_BY_SOCKET manual.
[LOG_CAT_SBGP] libnuma.so: cannot open shared object file: No such file or directory
[LOG_CAT_SBGP] Failed to dlopen libnuma.so. Fallback to GROUP_BY_SOCKET manual.
[LOG_CAT_SBGP] libnuma.so: cannot open shared object file: No such file or directory
[LOG_CAT_SBGP] Failed to dlopen libnuma.so. Fallback to GROUP_BY_SOCKET manual.
[LOG_CAT_SBGP] libnuma.so: cannot open shared object file: No such file or directory
[LOG_CAT_SBGP] Failed to dlopen libnuma.so. Fallback to GROUP_BY_SOCKET manual.
[LOG_CAT_SBGP] libnuma.so: cannot open shared object file: No such file or directory
[LOG_CAT_SBGP] Failed to dlopen libnuma.so. Fallback to GROUP_BY_SOCKET manual.
[LOG_CAT_SBGP] libnuma.so: cannot open shared object file: No such file or directory
[LOG_CAT_SBGP] Failed to dlopen libnuma.so. Fallback to GROUP_BY_SOCKET manual.
[LOG_CAT_SBGP] libnuma.so: cannot open shared object file: No such file or directory
[LOG_CAT_SBGP] Failed to dlopen libnuma.so. Fallback to GROUP_BY_SOCKET manual.
[LOG_CAT_SBGP] libnuma.so: cannot open shared object file: No such file or directory
[LOG_CAT_SBGP] Failed to dlopen libnuma.so. Fallback to GROUP_BY_SOCKET manual.
[LOG_CAT_SBGP] libnuma.so: cannot open shared object file: No such file or directory
[LOG_CAT_SBGP] Failed to dlopen libnuma.so. Fallback to GROUP_BY_SOCKET manual.
[LOG_CAT_SBGP] libnuma.so: cannot open shared object file: No such file or directory
[LOG_CAT_SBGP] Failed to dlopen libnuma.so. Fallback to GROUP_BY_SOCKET manual.
[LOG_CAT_SBGP] libnuma.so: cannot open shared object file: No such file or directory
[LOG_CAT_SBGP] Failed to dlopen libnuma.so. Fallback to GROUP_BY_SOCKET manual.
[LOG_CAT_SBGP] libnuma.so: cannot open shared object file: No such file or directory
[LOG_CAT_SBGP] Failed to dlopen libnuma.so. Fallback to GROUP_BY_SOCKET manual.
[LOG_CAT_SBGP] libnuma.so: cannot open shared object file: No such file or directory
[LOG_CAT_SBGP] Failed to dlopen libnuma.so. Fallback to GROUP_BY_SOCKET manual.
[LOG_CAT_SBGP] libnuma.so: cannot open shared object file: No such file or directory
[LOG_CAT_SBGP] Failed to dlopen libnuma.so. Fallback to GROUP_BY_SOCKET manual.
[LOG_CAT_SBGP] libnuma.so: cannot open shared object file: No such file or directory
[LOG_CAT_SBGP] Failed to dlopen libnuma.so. Fallback to GROUP_BY_SOCKET manual.
[LOG_CAT_SBGP] libnuma.so: cannot open shared object file: No such file or directory
[LOG_CAT_SBGP] Failed to dlopen libnuma.so. Fallback to GROUP_BY_SOCKET manual.
[LOG_CAT_SBGP] libnuma.so: cannot open shared object file: No such file or directory
[LOG_CAT_SBGP] Failed to dlopen libnuma.so. Fallback to GROUP_BY_SOCKET manual.
[LOG_CAT_SBGP] libnuma.so: cannot open shared object file: No such file or directory
[LOG_CAT_SBGP] Failed to dlopen libnuma.so. Fallback to GROUP_BY_SOCKET manual.
[LOG_CAT_SBGP] libnuma.so: cannot open shared object file: No such file or directory
[LOG_CAT_SBGP] Failed to dlopen libnuma.so. Fallback to GROUP_BY_SOCKET manual.
[LOG_CAT_SBGP] libnuma.so: cannot open shared object file: No such file or directory
[LOG_CAT_SBGP] Failed to dlopen libnuma.so. Fallback to GROUP_BY_SOCKET manual.
[LOG_CAT_SBGP] libnuma.so: cannot open shared object file: No such file or directory
[LOG_CAT_SBGP] Failed to dlopen libnuma.so. Fallback to GROUP_BY_SOCKET manual.
[LOG_CAT_SBGP] libnuma.so: cannot open shared object file: No such file or directory
[LOG_CAT_SBGP] Failed to dlopen libnuma.so. Fallback to GROUP_BY_SOCKET manual.
[LOG_CAT_SBGP] libnuma.so: cannot open shared object file: No such file or directory
[LOG_CAT_SBGP] Failed to dlopen libnuma.so. Fallback to GROUP_BY_SOCKET manual.
[LOG_CAT_SBGP] libnuma.so: cannot open shared object file: No such file or directory
[LOG_CAT_SBGP] Failed to dlopen libnuma.so. Fallback to GROUP_BY_SOCKET manual.
[LOG_CAT_SBGP] libnuma.so: cannot open shared object file: No such file or directory
[LOG_CAT_SBGP] Failed to dlopen libnuma.so. Fallback to GROUP_BY_SOCKET manual.
[LOG_CAT_SBGP] libnuma.so: cannot open shared object file: No such file or directory
[LOG_CAT_SBGP] Failed to dlopen libnuma.so. Fallback to GROUP_BY_SOCKET manual.
[LOG_CAT_SBGP] libnuma.so: cannot open shared object file: No such file or directory
[LOG_CAT_SBGP] Failed to dlopen libnuma.so. Fallback to GROUP_BY_SOCKET manual.
[LOG_CAT_SBGP] libnuma.so: cannot open shared object file: No such file or directory
[LOG_CAT_SBGP] Failed to dlopen libnuma.so. Fallback to GROUP_BY_SOCKET manual.
[LOG_CAT_SBGP] libnuma.so: cannot open shared object file: No such file or directory
[LOG_CAT_SBGP] Failed to dlopen libnuma.so. Fallback to GROUP_BY_SOCKET manual.
[LOG_CAT_SBGP] libnuma.so: cannot open shared object file: No such file or directory
[LOG_CAT_SBGP] Failed to dlopen libnuma.so. Fallback to GROUP_BY_SOCKET manual.
[LOG_CAT_SBGP] libnuma.so: cannot open shared object file: No such file or directory
[LOG_CAT_SBGP] Failed to dlopen libnuma.so. Fallback to GROUP_BY_SOCKET manual.
[LOG_CAT_SBGP] Failed to dlopen libnuma.so. Fallback to GROUP_BY_SOCKET manual.
[LOG_CAT_SBGP] Failed to dlopen libnuma.so. Fallback to GROUP_BY_SOCKET manual.
[LOG_CAT_SBGP] libnuma.so: cannot open shared object file: No such file or directory
[LOG_CAT_SBGP] Failed to dlopen libnuma.so. Fallback to GROUP_BY_SOCKET manual.
[LOG_CAT_SBGP] libnuma.so: cannot open shared object file: No such file or directory
[LOG_CAT_SBGP] Failed to dlopen libnuma.so. Fallback to GROUP_BY_SOCKET manual.
[LOG_CAT_SBGP] libnuma.so: cannot open shared object file: No such file or directory
[LOG_CAT_SBGP] Failed to dlopen libnuma.so. Fallback to GROUP_BY_SOCKET manual.
[LOG_CAT_SBGP] libnuma.so: cannot open shared object file: No such file or directory
[LOG_CAT_SBGP] Failed to dlopen libnuma.so. Fallback to GROUP_BY_SOCKET manual.
[LOG_CAT_SBGP] libnuma.so: cannot open shared object file: No such file or directory
[LOG_CAT_SBGP] Failed to dlopen libnuma.so. Fallback to GROUP_BY_SOCKET manual.
[LOG_CAT_SBGP] Failed to dlopen libnuma.so. Fallback to GROUP_BY_SOCKET manual.
[LOG_CAT_SBGP] libnuma.so: cannot open shared object file: No such file or directory
[LOG_CAT_SBGP] Failed to dlopen libnuma.so. Fallback to GROUP_BY_SOCKET manual.
[LOG_CAT_SBGP] libnuma.so: cannot open shared object file: No such file or directory
[LOG_CAT_SBGP] Failed to dlopen libnuma.so. Fallback to GROUP_BY_SOCKET manual.
[LOG_CAT_SBGP] libnuma.so: cannot open shared object file: No such file or directory
[LOG_CAT_SBGP] Failed to dlopen libnuma.so. Fallback to GROUP_BY_SOCKET manual.
[LOG_CAT_SBGP] libnuma.so: cannot open shared object file: No such file or directory
[LOG_CAT_SBGP] Failed to dlopen libnuma.so. Fallback to GROUP_BY_SOCKET manual.
[LOG_CAT_SBGP] libnuma.so: cannot open shared object file: No such file or directory
[LOG_CAT_SBGP] Failed to dlopen libnuma.so. Fallback to GROUP_BY_SOCKET manual.
[LOG_CAT_SBGP] libnuma.so: cannot open shared object file: No such file or directory
[LOG_CAT_SBGP] Failed to dlopen libnuma.so. Fallback to GROUP_BY_SOCKET manual.
[LOG_CAT_SBGP] libnuma.so: cannot open shared object file: No such file or directory
[LOG_CAT_SBGP] Failed to dlopen libnuma.so. Fallback to GROUP_BY_SOCKET manual.
[LOG_CAT_SBGP] libnuma.so: cannot open shared object file: No such file or directory
[LOG_CAT_SBGP] Failed to dlopen libnuma.so. Fallback to GROUP_BY_SOCKET manual.
[LOG_CAT_SBGP] Failed to dlopen libnuma.so. Fallback to GROUP_BY_SOCKET manual.
                               xx
                              +##
                               #X
                               Xx
                          X##XxXxxX##x
                           +   Xx  ++
                               ##
                              +##
                              +##
     ++++         ++          +##
   xX+++##+      ####         +##
  Xx    ###      +X##          ##
 xX    X##+        ##          #X
 +    x##X         #x          #X
      ###         +#           x+
     X##+         #+
     ###         Xx                    _______
     ##X       +X+   __________________VDAGGER
     +##x    +xX     2nd quantized variational
       +xxxxx+       ______quantum Monte Carlo

* Running 128 MPI processes.
* Input file: "input.casl"

############# Start of input file dump #############
General:
  Random seed: timer

Plan:
  VMC-optimization:
    Minimum cycles: 7
    Convergence cycles: 5

System:
  Read Hamiltonian: FCIDUMP_loc_anthracene
  Read orbitals: LTSC_anthracene
  Complex orbitals: F
  Geometry:
    r_2: [ -6.89057736642100, 1.34708197213400 ]
    r_13: [ -6.89057736642100, -1.34708197213400 ]
    r_8: [ -4.67281867250400, 2.65001080964900 ]
    r_14: [ -4.67281867250400, -2.65001080964900 ]
    r_6: [ -2.30211174438900, 1.35516771450000 ]
    r_1: [ -2.30211174438900, -1.35516771450000 ]
    r_4: [ 0.00000000000000, 2.63879101222700 ]
    r_7: [ 0.00000000000000, -2.63879101222700 ]
    r_11: [ 2.30211174438900, 1.35516771450000 ]
    r_9: [ 2.30211174438900, -1.35516771450000 ]
    r_10: [ 4.67281867250400, 2.65001080964900 ]
    r_5: [ 4.67281867250400, -2.65001080964900 ]
    r_3: [ 6.89057736642100, 1.34708197213400 ]
    r_12: [ 6.89057736642100, -1.34708197213400 ]

VMC:
  nstep: 500000
  nconfig: 100000

Jastrow: wfn.casl

Backflow: wfn.casl
############## End of input file dump ##############

General setup:
* Random seed: 1440750286 (from timer)

* Loaded integrals for system with nelec=14, ms2=0, norb=14
* INFO: setting number of electrons from integrals file.
* Analysis of Hamiltonian connecitivity performed:
  - T_ii (local, 1-site): 14 (i) values
  - U_iiii [opp] (local, 1-site): 14 (i) values
  - U_kkii [opp] (local, 2-site): 182 contribs. from 14 (i) values
  - U_kkii [par] (local, 2-site): 91 contribs. from 13 (i) values
  - T_ji (single, 2-site): 182 contribs. from 14 (i) values
  - U_kkji [opp] (single, 2/3-site): 2548 contribs. from 182 (i,j) pairs
  - U_kkji [par] (single, 3-site): 2366 contribs. from 182 (i,j) pairs
  - U_lkji [opp] (double, 2/3/4-site): 33092 contribs. from 182 (i,j) pairs
  - U_lkji [par] (double, 4-site): 7462 contribs. from 156 (i,j) pairs
  - Max. no. wfn. ratios in Eloc: 4407
* Reading override orbitals from file "LTSC_anthracene".
* Site labels:
  +--------------------+
  |    8          10   |
  |          4         |
  |       6    11      |
  | 2                 3|
  |13                12|
  |       1     9      |
  |          7         |
  |   14           5   |
  +--------------------+
* Automatically set Site kinds:
  [ 1, 2, 2, 3, 4, 1, 3, 4, 1, 4, 1, 2, 2, 4 ]
  +-------------+
  |  4       4  |
  |      3      |
  |    1   1    |
  |2           2|
  |2           2|
  |    1   1    |
  |      3      |
  |  4       4  |
  +-------------+
* Maximum Site kind: 4
* Number of site-pair kinds with Tij=0: 0
* Automatically set Site pair kinds:
  Site 1: [ 0, -10, -21, 12, -31, -2, -4, -11, -14, -17, -9, 22, 13, -5 ]
  Site 2: [ -10, 0, 32, 24, 27, 13, 18, 1, -21, -25, -22, 26, -3, 15 ]
  Site 3: [ -21, 32, 0, -24, 15, 22, -18, 25, -10, -1, -13, -3, 26, 27 ]
  Site 4: [ 12, 24, -24, 0, -16, -4, -7, -6, -12, -6, -4, -18, 18, 16 ]
  Site 5: [ -31, 27, 15, -16, 0, -17, -6, -19, -5, -8, -11, -1, -25, 20 ]
  Site 6: [ -2, 13, 22, -4, -17, 0, 12, 5, 9, -28, 14, -21, -10, 11 ]
  Site 7: [ -4, 18, -18, -7, -6, 12, 0, -16, 4, -16, 12, -23, 23, 6 ]
  Site 8: [ -11, 1, 25, -6, -19, 5, -16, 0, 17, -20, -29, -27, -15, 8 ]
  Site 9: [ -14, -21, -10, -12, -5, 9, 4, 17, 0, 11, 2, 13, 22, -30 ]
  Site 10: [ -17, -25, -1, -6, -8, -28, -16, -20, 11, 0, 5, 15, 27, 19 ]
  Site 11: [ -9, -22, -13, -4, -11, 14, 12, -29, 2, 5, 0, 10, 21, 17 ]
  Site 12: [ 22, 26, -3, -18, -1, -21, -23, -27, 13, 15, 10, 0, 32, -25 ]
  Site 13: [ 13, -3, 26, 18, -25, -10, 23, -15, 22, 27, 21, 32, 0, -1 ]
  Site 14: [ -5, 15, 27, 16, 20, 11, 6, 8, -30, 19, 17, -25, -1, 0 ]
  For site 1 of kind 1:
  +---------------------------+
  |    -11             -17    |
  |             12            |
  |         -2      -9        |
  |-10                     -21|
  | 13                      22|
  |          0     -14        |
  |             -4            |
  |     -5             -31    |
  +---------------------------+
  For site 2 of kind 2:
  +---------------------------+
  |      1             -25    |
  |             24            |
  |         13     -22        |
  |  0                      32|
  | -3                      26|
  |        -10     -21        |
  |             18            |
  |     15              27    |
  +---------------------------+
  For site 4 of kind 3:
  +---------------------------+
  |     -6              -6    |
  |              0            |
  |         -4      -4        |
  | 24                     -24|
  | 18                     -18|
  |         12     -12        |
  |             -7            |
  |     16             -16    |
  +---------------------------+
  For site 5 of kind 4:
  +---------------------------+
  |    -19              -8    |
  |            -16            |
  |        -17     -11        |
  | 27                      15|
  |-25                      -1|
  |        -31      -5        |
  |             -6            |
  |     20               0    |
  +---------------------------+
* Maximum (unsigned) Site pair kind: 32
General system setup:
* Number of sites       : 14
* Number of electrons   : 14
* Spin imbalance MS2    : 0
* Filling               : 0.500000
* Number of orbitals in pool: 14
* Using real-valued orbitals
* Using double-precision arithmetic for orbitals

Trial wave function setup:
* Jastrow parameter file: "wfn.casl"
* Not using multideterminants
* Backflow parameter file: "wfn.casl"
* Not using wave function manipulation

VMC #1:
* Size of Hilbert space =   1.1779E+07
* Number of equil. steps   = 1000
* Running VMC equilibration.
  Done. [total walltime: 0.09s]
* Equil. acc.ratio (%)     =  16.1861
* Sample config after equilibration:
  +-------------+
  |  u       0  |
  |      2      |
  |    0   2    |
  |d           u|
  |d           2|
  |    u   d    |
  |      d      |
  |  u       0  |
  +-------------+
* Number of accum. steps   = 500480 x 10
* Running VMC accumulation.
    [walltime: 1m elapsed, 40.2s remaining]
  Done. [total walltime: 1m40s]
* Acceptance ratio (%)     =  16.0869
* Etot/t                   =  -5.359927079061E+02 +/-   5.303552876444E-05
  > Ttot/t                 =  -3.898886075575E+01 +/-   6.910004341565E-04
  > Utot/t                 =   1.646278638765E+01 +/-   6.793834608678E-04
* var[Eloc/t]              =   1.377922674662E-03 +/-   1.524858602536E-05
* Correlation length       =   1.021634820195E+00
* log10 Psi^2 range: -31.79573020597159 -- -23.33391076837304
* log10 Pgen range : -31.79573020597159 -- -23.33391076837304
* Site occupation (ave. no. electrons per config.):
  > Site_  ___eu____  ___ed____
      1        0.498      0.500
      2        0.505      0.503
      3        0.504      0.503
      4        0.498      0.504
      5        0.497      0.495
      6        0.501      0.495
      7        0.499      0.503
      8        0.497      0.498
      9        0.500      0.498
     10        0.497      0.497
     11        0.499      0.497
     12        0.505      0.506
     13        0.502      0.506
     14        0.498      0.496
* Pair-correlation analysis (ave. no. pairs per config.):
  > Shell  nsite  ___dh____  __eueu___  __eued___
      0      1        0          0          2.413
      1      1        0.875      0.585      2.567
      2      1        0.296      0.655      1.089
      3      1        0.252      0.729      1.091
      4      1        0.655      1.098      2.305
      5      1        0.488      1.464      2.116
      6      1        0.228      2.061      1.911
      7      1        0.071      0.415      0.567
      8      1        0.138      0.842      1.087
      9      1        0.156      0.913      1.046
     10      1        0.282      1.871      2.098
     11      1        0.239      2.067      1.916
     12      1        0.245      2.127      1.888
     13      1        0.240      2.128      1.927
     14      1        0.135      1.048      0.952
     15      1        0.215      2.146      1.889
     16      1        0.218      1.950      2.039
     17      1        0.246      2.016      1.945
     18      1        0.229      2.070      1.965
     19      1        0.107      0.982      0.996
     20      1        0.108      0.997      0.978
     21      1        0.260      1.944      2.059
     22      1        0.249      2.051      1.973
     23      1        0.124      0.950      1.056
     24      1        0.121      0.940      1.059
     25      1        0.221      1.981      2.025
     26      1        0.113      1.001      1.030
     27      1        0.223      2.021      1.983
     28      1        0.064      0.480      0.505
     29      1        0.063      0.483      0.507
     30      1        0.064      0.482      0.507
     31      1        0.064      0.479      0.506
     32      1        0.114      1.025      1.004

Optimization #1:
* Method          : lls
* Target function : energy
* No. of configs. : 100096
* No. of params.  : 251
* Before optimization:
   3.8758E+00   2.6084E+00   3.9702E+00   4.1516E+00  -1.1034E+00  -1.2124E+00
   7.0359E-01   1.3506E+00   4.7620E-01   4.6382E-01  -1.5527E+00  -1.5951E+00
  -2.2267E+00  -2.2337E+00  -1.3008E-01  -4.2596E+00   2.5298E-01   6.4399E-01
   6.3984E-01  -1.8965E+00  -1.8951E+00   1.6275E-01   1.6389E-01   7.8136E-01
   7.6397E-01   3.7922E-01  -1.5229E+00  -1.5184E+00  -2.4682E+00  -2.4685E+00
  -2.4169E+00  -2.4169E+00   4.8556E-02   5.0879E-02  -5.0203E+00  -4.9657E+00
   6.6210E-02   6.6635E-02   9.4727E-02   9.1958E-02   1.2551E-01   1.3138E-01
   1.2569E-01   1.3175E-01  -2.4940E+00  -2.4942E+00  -6.7657E-03  -2.5151E+00
  -2.5138E+00  -2.3416E+00  -2.3435E+00  -2.3414E+00  -2.3438E+00  -2.3414E+00
  -2.3435E+00  -2.3416E+00  -2.3434E+00   1.6969E+01  -1.6062E+01  -6.1439E-02
  -6.6286E-01  -7.3788E-01  -6.7162E-01   1.8800E+00  -2.4445E+00   1.7410E+01
  -1.5884E+01   1.9616E+01  -1.7374E+01   4.0174E+00  -3.8931E+00   3.5091E+01
  -3.0849E+01   1.7961E-01  -4.3970E-01  -1.9277E-01  -4.6215E-01   1.7587E+01
  -1.5681E+01   2.0592E+00  -2.2115E+00  -2.2422E-01  -5.1623E-01   1.4816E-01
  -4.9813E-01   1.7253E+01  -1.5700E+01   1.9710E+01  -1.7247E+01   1.7864E+01
  -1.5445E+01   1.9607E+00  -2.0040E+00   3.5513E+01  -3.0492E+01   3.5491E+01
  -3.0525E+01   1.1725E-01  -1.8591E-01   1.1047E-01  -2.0030E-01   1.9148E+00
  -2.0554E+00   1.9148E+00  -2.0561E+00   1.7750E+01  -1.5256E+01   7.3541E-04
   4.4901E-03   1.7759E+01  -1.5244E+01   1.7828E+01  -1.5491E+01   1.7828E+01
  -1.5491E+01   1.7828E+01  -1.5492E+01   1.7828E+01  -1.5492E+01   7.2041E-01
   1.2852E+00   6.2042E-01   5.5805E-01  -7.2569E-02  -1.8152E-01  -1.8950E-01
  -1.5079E-01  -1.2741E-01   2.1484E-02  -5.8398E-02  -7.5976E-03  -1.7482E-02
  -1.3853E-02   1.9855E-02   1.7126E-02  -2.6452E-02  -4.6697E-02   3.1010E-02
  -1.7624E-02  -2.2551E-02  -2.3294E-02  -2.1691E-03   1.7622E-02   7.5071E-03
  -2.2529E-02  -8.4466E-03  -7.6292E-03  -6.1565E-03  -1.8195E-02  -2.6963E-02
  -1.7664E-02  -1.7442E-02  -1.8544E-02  -1.9133E-02   3.3878E-02   9.1299E-02
  -9.0482E-02   9.1120E-04  -4.7628E-02  -3.8668E-02   4.2867E-02  -2.3426E-02
  -1.4507E-02  -1.3520E-03   3.3513E-03   3.3157E-02   1.7309E-02  -6.8100E-02
  -5.0039E-02   4.0537E-02  -5.3575E-03  -2.1349E-02  -2.4453E-02   3.0710E-04
   1.7861E-02   5.2581E-03  -1.6216E-02  -9.6968E-03  -9.1978E-03  -6.6747E-03
  -1.8892E-02  -2.6231E-02  -9.2155E-03  -9.5809E-03  -9.9926E-03  -9.4213E-03
   3.1058E-02  -4.2582E-02  -1.7781E-01  -1.3656E-01  -1.3931E-01  -1.4180E-01
  -1.2515E-02  -4.3612E-02  -2.1021E-03   5.1115E-04   1.5958E-02   3.1872E-02
   2.4780E-02  -3.0848E-02  -6.0609E-02   5.2493E-03  -2.5600E-02  -3.3399E-02
  -1.7152E-02  -1.8922E-02   3.1240E-02   1.2410E-02  -3.5804E-02  -8.6794E-03
  -8.0453E-03  -5.0913E-03   1.9924E-03  -2.8224E-02  -2.0220E-02  -1.9877E-02
  -2.1033E-02  -2.0804E-02   2.1301E-02  -2.3147E-02  -1.0526E-01  -5.6175E-02
  -1.0699E-01  -6.4816E-02   2.3290E-02  -1.7305E-03  -2.2055E-02   1.3741E-02
   2.8579E-02   5.1749E-02   2.0703E-02  -7.8034E-02  -6.5500E-02   2.3557E-02
  -6.2934E-03  -3.2566E-02  -2.1968E-02  -1.3906E-02   3.1112E-02   1.1885E-02
  -2.9298E-02  -1.4104E-02  -1.4568E-02  -4.6708E-03   3.7709E-03  -2.8073E-02
  -9.9028E-03  -1.1632E-02  -1.2501E-02  -1.1895E-02   2.0639E-02
  > E    =  -5.359927406308E+02 +/-   1.190576286732E-04
  > varE =   1.418832667548E-03
* Computing derivatives.
    [walltime: 1m10s elapsed, 1h9m remaining]
    [walltime: 1h elapsed, 9m32s remaining]
  Done. [total walltime: 1h9m]
* Optimizing manipulation constant:
  #igrid a___________ E____________________________________ varE____________
     1     Infinity    -5.35992741E+02 +/-   1.19057629E-04   1.41883267E-03
     2     1.0000E+06  -5.35992741E+02 +/-   1.19057620E-04   1.41883245E-03
     3     2.1544E+05  -5.35992741E+02 +/-   1.19057586E-04   1.41883166E-03
     4     4.6416E+04  -5.35992741E+02 +/-   1.19057435E-04   1.41882805E-03
     5     1.0000E+04  -5.35992741E+02 +/-   1.19056794E-04   1.41881278E-03
     6     2.1544E+03  -5.35992741E+02 +/-   1.19055131E-04   1.41877313E-03
     7     4.6416E+02  -5.35992740E+02 +/-   1.19075617E-04   1.41926143E-03
     8     1.0000E+02  -5.35992723E+02 +/-   1.19803954E-04   1.43667662E-03
     9     2.1544E+01  -5.35991860E+02 +/-   1.48601748E-04   2.21036787E-03
    10     4.6416E+00  -5.35917070E+02 +/-   8.00672243E-04   6.41691473E-02
    11     1.0000E+00  -5.34932622E+02 +/-   2.54076034E-03   6.46166035E-01
    12     2.1544E-01  -5.32300753E+02 +/-   1.45788475E-02   2.12746834E+01
    13     4.6416E-02  -5.33806190E+02 +/-   3.41433072E-03   1.16688456E+00
    14     1.0000E-02  -5.34293254E+02 +/-   2.87090976E-03   8.25003531E-01
    15     2.1544E-03  -5.34296543E+02 +/-   2.84303029E-03   8.09058075E-01
    16     4.6416E-04  -5.34300334E+02 +/-   2.80181402E-03   7.85769797E-01
    17     1.0000E-04  -5.34301367E+02 +/-   2.79012605E-03   7.79227680E-01
    18     2.1544E-05  -5.34301598E+02 +/-   2.78749479E-03   7.77758652E-01
    19     4.6416E-06  -5.34301648E+02 +/-   2.78692298E-03   7.77439597E-01
    20     1.0000E-06  -5.34301658E+02 +/-   2.78679957E-03   7.77370742E-01
    21     0.0000E+00  -5.34301661E+02 +/-   2.78676566E-03   7.77351826E-01
* Iteration # 1: E =  -5.359927407598E+02 +/-   1.190551307795E-04
* Convergence: exiting.
* After optimization:
   3.8805E+00   2.6131E+00   3.9749E+00   4.1563E+00  -1.1033E+00  -1.2123E+00
   7.0132E-01   1.3506E+00   4.7636E-01   4.6399E-01  -1.5538E+00  -1.5961E+00
  -2.2253E+00  -2.2323E+00  -1.2748E-01  -4.2594E+00   2.5072E-01   6.4286E-01
   6.3870E-01  -1.8975E+00  -1.8961E+00   1.6292E-01   1.6406E-01   7.8024E-01
   7.6285E-01   3.7695E-01  -1.5228E+00  -1.5183E+00  -2.4668E+00  -2.4671E+00
  -2.4180E+00  -2.4180E+00   4.9855E-02   5.2179E-02  -5.0201E+00  -4.9655E+00
   6.5077E-02   6.5502E-02   9.3595E-02   9.0825E-02   1.2681E-01   1.3268E-01
   1.2699E-01   1.3305E-01  -2.4939E+00  -2.4941E+00  -6.7661E-03  -2.5151E+00
  -2.5137E+00  -2.3426E+00  -2.3445E+00  -2.3424E+00  -2.3449E+00  -2.3425E+00
  -2.3445E+00  -2.3427E+00  -2.3445E+00   1.6968E+01  -1.6061E+01  -4.5486E-02
  -6.7654E-01  -7.3789E-01  -6.7161E-01   1.8790E+00  -2.4436E+00   1.7418E+01
  -1.5890E+01   1.9607E+01  -1.7366E+01   3.9994E+00  -3.8777E+00   3.5090E+01
  -3.0848E+01   1.9556E-01  -4.5339E-01  -1.8480E-01  -4.6899E-01   1.7594E+01
  -1.5687E+01   2.0581E+00  -2.2106E+00  -2.1625E-01  -5.2307E-01   1.6411E-01
  -5.1182E-01   1.7253E+01  -1.5700E+01   1.9700E+01  -1.7238E+01   1.7871E+01
  -1.5451E+01   1.9517E+00  -1.9963E+00   3.5512E+01  -3.0492E+01   3.5490E+01
  -3.0524E+01   1.2522E-01  -1.9276E-01   1.1845E-01  -2.0715E-01   1.9058E+00
  -2.0477E+00   1.9057E+00  -2.0484E+00   1.7749E+01  -1.5255E+01   7.3501E-04
   4.4908E-03   1.7758E+01  -1.5243E+01   1.7835E+01  -1.5497E+01   1.7835E+01
  -1.5498E+01   1.7835E+01  -1.5498E+01   1.7835E+01  -1.5498E+01   7.1925E-01
   1.2832E+00   6.1941E-01   5.5717E-01  -7.2467E-02  -1.8123E-01  -1.8924E-01
  -1.5054E-01  -1.2721E-01   2.1442E-02  -5.8307E-02  -7.5932E-03  -1.7454E-02
  -1.3831E-02   1.9820E-02   1.7097E-02  -2.6411E-02  -4.6630E-02   3.0957E-02
  -1.7595E-02  -2.2515E-02  -2.3256E-02  -2.1633E-03   1.7590E-02   7.4971E-03
  -2.2491E-02  -8.4362E-03  -7.6192E-03  -6.1500E-03  -1.8158E-02  -2.6924E-02
  -1.7637E-02  -1.7415E-02  -1.8517E-02  -1.9103E-02   3.3811E-02   9.1148E-02
  -9.0341E-02   8.8697E-04  -4.7551E-02  -3.8606E-02   4.2795E-02  -2.3395E-02
  -1.4490E-02  -1.3576E-03   3.3441E-03   3.3101E-02   1.7283E-02  -6.7991E-02
  -4.9957E-02   4.0469E-02  -5.3474E-03  -2.1311E-02  -2.4413E-02   3.0760E-04
   1.7828E-02   5.2510E-03  -1.6189E-02  -9.6819E-03  -9.1835E-03  -6.6684E-03
  -1.8852E-02  -2.6193E-02  -9.1988E-03  -9.5626E-03  -9.9748E-03  -9.4039E-03
   3.0999E-02  -4.2580E-02  -1.7781E-01  -1.3656E-01  -1.3929E-01  -1.4180E-01
  -1.2528E-02  -4.3628E-02  -2.1083E-03   5.1107E-04   1.5957E-02   3.1868E-02
   2.4777E-02  -3.0848E-02  -6.0619E-02   5.2564E-03  -2.5601E-02  -3.3394E-02
  -1.7151E-02  -1.8921E-02   3.1242E-02   1.2406E-02  -3.5804E-02  -8.6802E-03
  -8.0465E-03  -5.0844E-03   1.9842E-03  -2.8220E-02  -2.0222E-02  -1.9879E-02
  -2.1035E-02  -2.0805E-02   2.1306E-02  -2.3146E-02  -1.0526E-01  -5.6173E-02
  -1.0699E-01  -6.4811E-02   2.3283E-02  -1.7475E-03  -2.2059E-02   1.3730E-02
   2.8577E-02   5.1744E-02   2.0706E-02  -7.8033E-02  -6.5497E-02   2.3564E-02
  -6.2928E-03  -3.2558E-02  -2.1965E-02  -1.3907E-02   3.1112E-02   1.1882E-02
  -2.9299E-02  -1.4103E-02  -1.4567E-02  -4.6653E-03   3.7641E-03  -2.8070E-02
  -9.8984E-03  -1.1627E-02  -1.2496E-02  -1.1890E-02   2.0648E-02
  > Energy =  -5.359927407598E+02 +/-   1.190551307795E-04
  > varE =   1.418773132412E-03

VMC #2:
* Size of Hilbert space =   1.1779E+07
* Number of equil. steps   = 1000
* Running VMC equilibration.
  Done. [total walltime: 0.09s]
* Equil. acc.ratio (%)     =  16.2033
* Sample config after equilibration:
  +-------------+
  |  2       u  |
  |      u      |
  |    0   d    |
  |u           d|
  |u           d|
  |    d   2    |
  |      u      |
  |  d       0  |
  +-------------+
* Number of accum. steps   = 500480 x 10
* Running VMC accumulation.
    [walltime: 1m elapsed, 30.0s remaining]
  Done. [total walltime: 1m30s]
* Acceptance ratio (%)     =  16.0737
* Etot/t                   =  -5.359925947342E+02 +/-   5.340644670094E-05
  > Ttot/t                 =  -3.898891707730E+01 +/-   6.792669954013E-04
  > Utot/t                 =   1.646295588108E+01 +/-   6.684793059973E-04
* var[Eloc/t]              =   1.383806783905E-03 +/-   4.169032374772E-05
* Correlation length       =   1.031569848130E+00
* log10 Psi^2 range: -31.69556541307396 -- -23.33439548131200
* log10 Pgen range : -31.69556541307396 -- -23.33439548131200
* Site occupation (ave. no. electrons per config.):
  > Site_  ___eu____  ___ed____
      1        0.497      0.497
      2        0.503      0.504
      3        0.505      0.506
      4        0.501      0.503
      5        0.497      0.498
      6        0.499      0.497
      7        0.500      0.500
      8        0.497      0.497
      9        0.498      0.499
     10        0.497      0.495
     11        0.501      0.499
     12        0.501      0.503
     13        0.500      0.504
     14        0.502      0.498
* Pair-correlation analysis (ave. no. pairs per config.):
  > Shell  nsite  ___dh____  __eueu___  __eued___
      0      1        0          0          2.409
      1      1        0.875      0.585      2.567
      2      1        0.297      0.649      1.092
      3      1        0.251      0.726      1.091
      4      1        0.652      1.095      2.309
      5      1        0.487      1.473      2.113
      6      1        0.226      2.059      1.919
      7      1        0.071      0.412      0.567
      8      1        0.139      0.842      1.091
      9      1        0.156      0.912      1.045
     10      1        0.282      1.865      2.096
     11      1        0.237      2.074      1.920
     12      1        0.239      2.135      1.884
     13      1        0.241      2.119      1.926
     14      1        0.133      1.049      0.954
     15      1        0.215      2.148      1.888
     16      1        0.222      1.949      2.038
     17      1        0.246      2.022      1.949
     18      1        0.225      2.071      1.964
     19      1        0.109      0.986      0.997
     20      1        0.110      0.998      0.982
     21      1        0.257      1.941      2.058
     22      1        0.251      2.049      1.965
     23      1        0.121      0.942      1.051
     24      1        0.120      0.949      1.060
     25      1        0.224      1.985      2.023
     26      1        0.115      0.999      1.023
     27      1        0.223      2.017      1.991
     28      1        0.063      0.480      0.505
     29      1        0.064      0.483      0.506
     30      1        0.064      0.483      0.509
     31      1        0.063      0.481      0.506
     32      1        0.113      1.022      1.003

Optimization #2:
* Method          : lls
* Target function : energy
* No. of configs. : 100096
* No. of params.  : 251
* Before optimization:
   3.8805E+00   2.6131E+00   3.9749E+00   4.1563E+00  -1.1033E+00  -1.2123E+00
   7.0132E-01   1.3506E+00   4.7636E-01   4.6399E-01  -1.5538E+00  -1.5961E+00
  -2.2253E+00  -2.2323E+00  -1.2748E-01  -4.2594E+00   2.5072E-01   6.4286E-01
   6.3870E-01  -1.8975E+00  -1.8961E+00   1.6292E-01   1.6406E-01   7.8024E-01
   7.6285E-01   3.7695E-01  -1.5228E+00  -1.5183E+00  -2.4668E+00  -2.4671E+00
  -2.4180E+00  -2.4180E+00   4.9855E-02   5.2179E-02  -5.0201E+00  -4.9655E+00
   6.5077E-02   6.5502E-02   9.3595E-02   9.0825E-02   1.2681E-01   1.3268E-01
   1.2699E-01   1.3305E-01  -2.4939E+00  -2.4941E+00  -6.7661E-03  -2.5151E+00
  -2.5137E+00  -2.3426E+00  -2.3445E+00  -2.3424E+00  -2.3449E+00  -2.3425E+00
  -2.3445E+00  -2.3427E+00  -2.3445E+00   1.6968E+01  -1.6061E+01  -4.5486E-02
  -6.7654E-01  -7.3789E-01  -6.7161E-01   1.8790E+00  -2.4436E+00   1.7418E+01
  -1.5890E+01   1.9607E+01  -1.7366E+01   3.9994E+00  -3.8777E+00   3.5090E+01
  -3.0848E+01   1.9556E-01  -4.5339E-01  -1.8480E-01  -4.6899E-01   1.7594E+01
  -1.5687E+01   2.0581E+00  -2.2106E+00  -2.1625E-01  -5.2307E-01   1.6411E-01
  -5.1182E-01   1.7253E+01  -1.5700E+01   1.9700E+01  -1.7238E+01   1.7871E+01
  -1.5451E+01   1.9517E+00  -1.9963E+00   3.5512E+01  -3.0492E+01   3.5490E+01
  -3.0524E+01   1.2522E-01  -1.9276E-01   1.1845E-01  -2.0715E-01   1.9058E+00
  -2.0477E+00   1.9057E+00  -2.0484E+00   1.7749E+01  -1.5255E+01   7.3501E-04
   4.4908E-03   1.7758E+01  -1.5243E+01   1.7835E+01  -1.5497E+01   1.7835E+01
  -1.5498E+01   1.7835E+01  -1.5498E+01   1.7835E+01  -1.5498E+01   7.1925E-01
   1.2832E+00   6.1941E-01   5.5717E-01  -7.2467E-02  -1.8123E-01  -1.8924E-01
  -1.5054E-01  -1.2721E-01   2.1442E-02  -5.8307E-02  -7.5932E-03  -1.7454E-02
  -1.3831E-02   1.9820E-02   1.7097E-02  -2.6411E-02  -4.6630E-02   3.0957E-02
  -1.7595E-02  -2.2515E-02  -2.3256E-02  -2.1633E-03   1.7590E-02   7.4971E-03
  -2.2491E-02  -8.4362E-03  -7.6192E-03  -6.1500E-03  -1.8158E-02  -2.6924E-02
  -1.7637E-02  -1.7415E-02  -1.8517E-02  -1.9103E-02   3.3811E-02   9.1148E-02
  -9.0341E-02   8.8697E-04  -4.7551E-02  -3.8606E-02   4.2795E-02  -2.3395E-02
  -1.4490E-02  -1.3576E-03   3.3441E-03   3.3101E-02   1.7283E-02  -6.7991E-02
  -4.9957E-02   4.0469E-02  -5.3474E-03  -2.1311E-02  -2.4413E-02   3.0760E-04
   1.7828E-02   5.2510E-03  -1.6189E-02  -9.6819E-03  -9.1835E-03  -6.6684E-03
  -1.8852E-02  -2.6193E-02  -9.1988E-03  -9.5626E-03  -9.9748E-03  -9.4039E-03
   3.0999E-02  -4.2580E-02  -1.7781E-01  -1.3656E-01  -1.3929E-01  -1.4180E-01
  -1.2528E-02  -4.3628E-02  -2.1083E-03   5.1107E-04   1.5957E-02   3.1868E-02
   2.4777E-02  -3.0848E-02  -6.0619E-02   5.2564E-03  -2.5601E-02  -3.3394E-02
  -1.7151E-02  -1.8921E-02   3.1242E-02   1.2406E-02  -3.5804E-02  -8.6802E-03
  -8.0465E-03  -5.0844E-03   1.9842E-03  -2.8220E-02  -2.0222E-02  -1.9879E-02
  -2.1035E-02  -2.0805E-02   2.1306E-02  -2.3146E-02  -1.0526E-01  -5.6173E-02
  -1.0699E-01  -6.4811E-02   2.3283E-02  -1.7475E-03  -2.2059E-02   1.3730E-02
   2.8577E-02   5.1744E-02   2.0706E-02  -7.8033E-02  -6.5497E-02   2.3564E-02
  -6.2928E-03  -3.2558E-02  -2.1965E-02  -1.3907E-02   3.1112E-02   1.1882E-02
  -2.9299E-02  -1.4103E-02  -1.4567E-02  -4.6653E-03   3.7641E-03  -2.8070E-02
  -9.8984E-03  -1.1627E-02  -1.2496E-02  -1.1890E-02   2.0648E-02
  > E    =  -5.359924091809E+02 +/-   1.204507425896E-04
  > varE =   1.452230943652E-03
* Computing derivatives.
    [walltime: 1m9s elapsed, 1h8m remaining]
    [walltime: 1h elapsed, 9m31s remaining]
  Done. [total walltime: 1h9m]
* Optimizing manipulation constant:
  #igrid a___________ E____________________________________ varE____________
     1     Infinity    -5.35992409E+02 +/-   1.20450743E-04   1.45223094E-03
     2     1.0000E+06  -5.35992409E+02 +/-   1.20450725E-04   1.45223052E-03
     3     2.1544E+05  -5.35992409E+02 +/-   1.20450661E-04   1.45222899E-03
     4     4.6416E+04  -5.35992409E+02 +/-   1.20450366E-04   1.45222187E-03
     5     1.0000E+04  -5.35992409E+02 +/-   1.20448995E-04   1.45218881E-03
     6     2.1544E+03  -5.35992409E+02 +/-   1.20442637E-04   1.45203549E-03
     7     4.6416E+02  -5.35992410E+02 +/-   1.20413209E-04   1.45132603E-03
     8     1.0000E+02  -5.35992414E+02 +/-   1.20278466E-04   1.44807975E-03
     9     2.1544E+01  -5.35992432E+02 +/-   1.19690134E-04   1.43394808E-03
    10     4.6416E+00  -5.35992498E+02 +/-   1.17563579E-04   1.38344634E-03
    11     1.0000E+00  -5.35992534E+02 +/-   1.16305287E-04   1.35399055E-03
    12     2.1544E-01  -5.35462519E+02 +/-   1.94809521E-03   3.79871821E-01
    13     4.6416E-02  -5.34299277E+02 +/-   2.76050697E-03   7.62771434E-01
    14     1.0000E-02  -5.34302619E+02 +/-   2.70179179E-03   7.30668659E-01
    15     2.1544E-03  -5.34303320E+02 +/-   2.69010377E-03   7.24360548E-01
    16     4.6416E-04  -5.34303470E+02 +/-   2.68766528E-03   7.23047924E-01
    17     1.0000E-04  -5.34303502E+02 +/-   2.68714394E-03   7.22767447E-01
    18     2.1544E-05  -5.34303509E+02 +/-   2.68703181E-03   7.22707129E-01
    19     4.6416E-06  -5.34303510E+02 +/-   2.68700766E-03   7.22694137E-01
    20     1.0000E-06  -5.34303510E+02 +/-   2.68700246E-03   7.22691340E-01
    21     0.0000E+00  -5.34303510E+02 +/-   2.68700103E-03   7.22690572E-01
  ParMin   2.1542E+00  -5.35992558E+02 +/-   1.15619269E-04   1.33806485E-03
  # Using parabolic minimum
* Iteration # 1: E =  -5.359925580587E+02 +/-   1.156192690022E-04
* Computing derivatives.
    [walltime: 1m9s elapsed, 1h8m remaining]
    [walltime: 1h elapsed, 9m38s remaining]
  Done. [total walltime: 1h9m]
* Optimizing manipulation constant:
  #igrid a___________ E____________________________________ varE____________
     1     Infinity    -5.35992558E+02 +/-   1.15619269E-04   1.33806485E-03
     2     1.0000E+06  -5.35992558E+02 +/-   1.15619260E-04   1.33806463E-03
     3     2.1544E+05  -5.35992558E+02 +/-   1.15619226E-04   1.33806386E-03
     4     4.6416E+04  -5.35992558E+02 +/-   1.15619073E-04   1.33806030E-03
     5     1.0000E+04  -5.35992558E+02 +/-   1.15618381E-04   1.33804430E-03
     6     2.1544E+03  -5.35992558E+02 +/-   1.15615659E-04   1.33798129E-03
     7     4.6416E+02  -5.35992558E+02 +/-   1.15613584E-04   1.33793327E-03
     8     1.0000E+02  -5.35992551E+02 +/-   1.15845551E-04   1.34330750E-03
     9     2.1544E+01  -5.35992190E+02 +/-   1.27660295E-04   1.63127961E-03
    10     4.6416E+00  -5.35750892E+02 +/-   1.37058751E-03   1.88031350E-01
    11     1.0000E+00  -5.32546514E+02 +/-   2.63967870E-03   6.97459285E-01
    12     2.1544E-01  -5.34292663E+02 +/-   2.87077735E-03   8.24927432E-01
    13     4.6416E-02  -5.34298861E+02 +/-   2.86914833E-03   8.23991485E-01
    14     1.0000E-02  -5.34304202E+02 +/-   2.86773061E-03   8.23177378E-01
    15     2.1544E-03  -5.34305706E+02 +/-   2.86732723E-03   8.22945817E-01
    16     4.6416E-04  -5.34306048E+02 +/-   2.86723508E-03   8.22892917E-01
    17     1.0000E-04  -5.34306123E+02 +/-   2.86721497E-03   8.22881376E-01
    18     2.1544E-05  -5.34306139E+02 +/-   2.86721062E-03   8.22878883E-01
    19     4.6416E-06  -5.34306143E+02 +/-   2.86720969E-03   8.22878345E-01
    20     1.0000E-06  -5.34306143E+02 +/-   2.86720949E-03   8.22878229E-01
    21     0.0000E+00  -5.34306144E+02 +/-   2.86720943E-03   8.22878197E-01
  ParMin   9.8235E+02  -5.35992558E+02 +/-   1.15613060E-04   1.33792113E-03
  # Using parabolic minimum
* Iteration # 2: E =  -5.359925582574E+02 +/-   1.156130596196E-04
* Convergence: exiting.
* After optimization:
   4.3023E+00   2.9247E+00   4.3976E+00   4.5646E+00  -1.3310E+00  -1.4490E+00
   8.7033E-01   1.3568E+00   6.3909E-01   6.2726E-01  -1.7147E+00  -1.7554E+00
  -2.3935E+00  -2.4010E+00   3.5732E-02  -4.7479E+00   4.2050E-01   7.3421E-01
   7.2967E-01  -2.0572E+00  -2.0562E+00   3.2701E-01   3.2907E-01   8.7289E-01
   8.5446E-01   5.4634E-01  -1.7621E+00  -1.7572E+00  -2.6338E+00  -2.6344E+00
  -2.5821E+00  -2.5826E+00   1.3255E-01   1.3523E-01  -5.5182E+00  -5.4658E+00
   1.5051E-01   1.5050E-01   1.7903E-01   1.7565E-01   2.0876E-01   2.1516E-01
   2.0896E-01   2.1549E-01  -2.7438E+00  -2.7437E+00  -6.6995E-03  -2.7642E+00
  -2.7630E+00  -2.5076E+00  -2.5094E+00  -2.5074E+00  -2.5101E+00  -2.5077E+00
  -2.5097E+00  -2.5077E+00  -2.5091E+00   1.8706E+01  -1.7582E+01  -1.1522E+00
   2.6479E-01  -7.4696E-01  -6.7076E-01   8.0799E-01  -1.5388E+00   1.8615E+01
  -1.6928E+01   2.0846E+01  -1.8436E+01   2.9664E+00  -3.0098E+00   3.8594E+01
  -3.3864E+01  -9.1396E-01   4.8618E-01  -7.4403E-01  -1.6911E-03   1.8792E+01
  -1.6725E+01   9.8831E-01  -1.3058E+00  -7.7445E-01  -5.5822E-02  -9.4443E-01
   4.2826E-01   1.9001E+01  -1.7207E+01   2.0939E+01  -1.8310E+01   1.9072E+01
  -1.6487E+01   1.4346E+00  -1.5621E+00   3.9021E+01  -3.3503E+01   3.9001E+01
  -3.3534E+01  -4.2972E-01   2.7658E-01  -4.3607E-01   2.6262E-01   1.3895E+00
  -1.6136E+00   1.3893E+00  -1.6143E+00   1.9504E+01  -1.6761E+01   4.6423E-04
   4.7333E-03   1.9513E+01  -1.6748E+01   1.9035E+01  -1.6533E+01   1.9036E+01
  -1.6534E+01   1.9035E+01  -1.6534E+01   1.9036E+01  -1.6534E+01   7.1109E-01
   1.3527E+00   6.1231E-01   5.6035E-01  -7.4105E-02  -1.8317E-01  -2.0586E-01
  -1.4895E-01  -1.3076E-01   1.8965E-02  -6.3136E-02  -7.9095E-03  -2.0074E-02
  -1.7503E-02   2.1151E-02   1.7884E-02  -2.4785E-02  -4.6087E-02   3.3362E-02
  -1.7884E-02  -2.0590E-02  -2.0094E-02  -4.3869E-03   1.5731E-02   6.8971E-03
  -2.3014E-02  -7.7343E-03  -7.1314E-03  -7.8905E-03  -2.2195E-02  -2.4918E-02
  -1.9280E-02  -1.9661E-02  -1.9848E-02  -2.0290E-02   3.8282E-02   9.6486E-02
  -9.4482E-02   1.1251E-03  -4.8725E-02  -4.2206E-02   4.1406E-02  -2.7633E-02
  -1.4841E-02  -5.1122E-03   1.0252E-03   3.4380E-02   1.8311E-02  -7.0264E-02
  -4.7177E-02   4.2548E-02  -5.3564E-03  -1.8824E-02  -2.1418E-02  -1.7928E-03
   1.5960E-02   4.8476E-03  -1.5797E-02  -9.7929E-03  -9.5556E-03  -8.8775E-03
  -2.0082E-02  -2.4222E-02  -1.0444E-02  -1.0747E-02  -1.0770E-02  -1.1071E-02
   3.7577E-02  -3.8739E-02  -1.8578E-01  -1.3886E-01  -1.3602E-01  -1.4226E-01
  -1.7819E-02  -5.7306E-02  -5.6195E-03  -5.6233E-03   1.2604E-02   3.1012E-02
   2.3851E-02  -2.4520E-02  -6.2423E-02   6.2303E-03  -2.4727E-02  -3.0555E-02
  -1.3673E-02  -1.9222E-02   3.2446E-02   1.0095E-02  -3.6033E-02  -7.4159E-03
  -6.5645E-03  -7.3256E-03   2.9436E-03  -2.8325E-02  -1.9857E-02  -2.1469E-02
  -2.1245E-02  -2.1644E-02   2.0089E-02  -2.0967E-02  -1.1154E-01  -5.4397E-02
  -1.0861E-01  -6.5484E-02   2.0545E-02  -1.1129E-02  -2.4849E-02   6.8691E-03
   2.7204E-02   5.2303E-02   1.9954E-02  -7.6122E-02  -6.3804E-02   2.4538E-02
  -4.4744E-03  -2.9180E-02  -1.8211E-02  -1.3738E-02   3.1209E-02   1.0894E-02
  -2.9058E-02  -1.3845E-02  -1.4530E-02  -7.4071E-03   6.5673E-03  -2.7463E-02
  -9.9342E-03  -1.1552E-02  -1.1879E-02  -1.1961E-02   2.2313E-02
  > Energy =  -5.359925582574E+02 +/-   1.156130596196E-04
  > varE =   1.337921127898E-03

VMC #3:
* Size of Hilbert space =   1.1779E+07
* Number of equil. steps   = 1000
* Running VMC equilibration.
  Done. [total walltime: 0.09s]
* Equil. acc.ratio (%)     =  15.7653
* Sample config after equilibration:
  +-------------+
  |  d       u  |
  |      d      |
  |    u   d    |
  |u           u|
  |d           d|
  |    2   u    |
  |      u      |
  |  0       d  |
  +-------------+
* Number of accum. steps   = 500480 x 10
* Running VMC accumulation.
    [walltime: 1m elapsed, 30.1s remaining]
  Done. [total walltime: 1m30s]
* Acceptance ratio (%)     =  15.7482
* Etot/t                   =  -5.359927636290E+02 +/-   5.197303635855E-05
  > Ttot/t                 =  -3.899172401450E+01 +/-   6.906309555657E-04
  > Utot/t                 =   1.646559392341E+01 +/-   6.824167902529E-04
* var[Eloc/t]              =   1.345624312672E-03 +/-   2.521030258858E-05
* Correlation length       =   1.004659930529E+00
* log10 Psi^2 range: -31.71508022192589 -- -23.72775568959254
* log10 Pgen range : -31.71508022192589 -- -23.72775568959254
* Site occupation (ave. no. electrons per config.):
  > Site_  ___eu____  ___ed____
      1        0.498      0.499
      2        0.502      0.503
      3        0.502      0.502
      4        0.501      0.501
      5        0.500      0.498
      6        0.499      0.497
      7        0.504      0.500
      8        0.501      0.500
      9        0.496      0.499
     10        0.501      0.500
     11        0.498      0.500
     12        0.499      0.502
     13        0.498      0.502
     14        0.503      0.498
* Pair-correlation analysis (ave. no. pairs per config.):
  > Shell  nsite  ___dh____  __eueu___  __eued___
      0      1        0          0          2.410
      1      1        0.876      0.583      2.569
      2      1        0.296      0.652      1.090
      3      1        0.249      0.717      1.084
      4      1        0.654      1.098      2.305
      5      1        0.487      1.480      2.123
      6      1        0.227      2.069      1.928
      7      1        0.072      0.414      0.566
      8      1        0.138      0.853      1.100
      9      1        0.155      0.912      1.046
     10      1        0.282      1.859      2.083
     11      1        0.242      2.076      1.927
     12      1        0.242      2.128      1.889
     13      1        0.240      2.111      1.916
     14      1        0.136      1.047      0.949
     15      1        0.216      2.153      1.887
     16      1        0.220      1.958      2.054
     17      1        0.245      2.035      1.952
     18      1        0.229      2.062      1.952
     19      1        0.108      0.993      1.009
     20      1        0.110      1.005      0.993
     21      1        0.258      1.927      2.051
     22      1        0.252      2.036      1.960
     23      1        0.124      0.942      1.048
     24      1        0.118      0.944      1.054
     25      1        0.222      1.987      2.021
     26      1        0.114      0.987      1.020
     27      1        0.222      2.027      1.981
     28      1        0.063      0.483      0.510
     29      1        0.064      0.485      0.511
     30      1        0.064      0.483      0.508
     31      1        0.064      0.484      0.507
     32      1        0.113      1.013      0.997

Optimization #3:
* Method          : lls
* Target function : energy
* No. of configs. : 100096
* No. of params.  : 251
* Before optimization:
   4.3023E+00   2.9247E+00   4.3976E+00   4.5646E+00  -1.3310E+00  -1.4490E+00
   8.7033E-01   1.3568E+00   6.3909E-01   6.2726E-01  -1.7147E+00  -1.7554E+00
  -2.3935E+00  -2.4010E+00   3.5732E-02  -4.7479E+00   4.2050E-01   7.3421E-01
   7.2967E-01  -2.0572E+00  -2.0562E+00   3.2701E-01   3.2907E-01   8.7289E-01
   8.5446E-01   5.4634E-01  -1.7621E+00  -1.7572E+00  -2.6338E+00  -2.6344E+00
  -2.5821E+00  -2.5826E+00   1.3255E-01   1.3523E-01  -5.5182E+00  -5.4658E+00
   1.5051E-01   1.5050E-01   1.7903E-01   1.7565E-01   2.0876E-01   2.1516E-01
   2.0896E-01   2.1549E-01  -2.7438E+00  -2.7437E+00  -6.6995E-03  -2.7642E+00
  -2.7630E+00  -2.5076E+00  -2.5094E+00  -2.5074E+00  -2.5101E+00  -2.5077E+00
  -2.5097E+00  -2.5077E+00  -2.5091E+00   1.8706E+01  -1.7582E+01  -1.1522E+00
   2.6479E-01  -7.4696E-01  -6.7076E-01   8.0799E-01  -1.5388E+00   1.8615E+01
  -1.6928E+01   2.0846E+01  -1.8436E+01   2.9664E+00  -3.0098E+00   3.8594E+01
  -3.3864E+01  -9.1396E-01   4.8618E-01  -7.4403E-01  -1.6911E-03   1.8792E+01
  -1.6725E+01   9.8831E-01  -1.3058E+00  -7.7445E-01  -5.5822E-02  -9.4443E-01
   4.2826E-01   1.9001E+01  -1.7207E+01   2.0939E+01  -1.8310E+01   1.9072E+01
  -1.6487E+01   1.4346E+00  -1.5621E+00   3.9021E+01  -3.3503E+01   3.9001E+01
  -3.3534E+01  -4.2972E-01   2.7658E-01  -4.3607E-01   2.6262E-01   1.3895E+00
  -1.6136E+00   1.3893E+00  -1.6143E+00   1.9504E+01  -1.6761E+01   4.6423E-04
   4.7333E-03   1.9513E+01  -1.6748E+01   1.9035E+01  -1.6533E+01   1.9036E+01
  -1.6534E+01   1.9035E+01  -1.6534E+01   1.9036E+01  -1.6534E+01   7.1109E-01
   1.3527E+00   6.1231E-01   5.6035E-01  -7.4105E-02  -1.8317E-01  -2.0586E-01
  -1.4895E-01  -1.3076E-01   1.8965E-02  -6.3136E-02  -7.9095E-03  -2.0074E-02
  -1.7503E-02   2.1151E-02   1.7884E-02  -2.4785E-02  -4.6087E-02   3.3362E-02
  -1.7884E-02  -2.0590E-02  -2.0094E-02  -4.3869E-03   1.5731E-02   6.8971E-03
  -2.3014E-02  -7.7343E-03  -7.1314E-03  -7.8905E-03  -2.2195E-02  -2.4918E-02
  -1.9280E-02  -1.9661E-02  -1.9848E-02  -2.0290E-02   3.8282E-02   9.6486E-02
  -9.4482E-02   1.1251E-03  -4.8725E-02  -4.2206E-02   4.1406E-02  -2.7633E-02
  -1.4841E-02  -5.1122E-03   1.0252E-03   3.4380E-02   1.8311E-02  -7.0264E-02
  -4.7177E-02   4.2548E-02  -5.3564E-03  -1.8824E-02  -2.1418E-02  -1.7928E-03
   1.5960E-02   4.8476E-03  -1.5797E-02  -9.7929E-03  -9.5556E-03  -8.8775E-03
  -2.0082E-02  -2.4222E-02  -1.0444E-02  -1.0747E-02  -1.0770E-02  -1.1071E-02
   3.7577E-02  -3.8739E-02  -1.8578E-01  -1.3886E-01  -1.3602E-01  -1.4226E-01
  -1.7819E-02  -5.7306E-02  -5.6195E-03  -5.6233E-03   1.2604E-02   3.1012E-02
   2.3851E-02  -2.4520E-02  -6.2423E-02   6.2303E-03  -2.4727E-02  -3.0555E-02
  -1.3673E-02  -1.9222E-02   3.2446E-02   1.0095E-02  -3.6033E-02  -7.4159E-03
  -6.5645E-03  -7.3256E-03   2.9436E-03  -2.8325E-02  -1.9857E-02  -2.1469E-02
  -2.1245E-02  -2.1644E-02   2.0089E-02  -2.0967E-02  -1.1154E-01  -5.4397E-02
  -1.0861E-01  -6.5484E-02   2.0545E-02  -1.1129E-02  -2.4849E-02   6.8691E-03
   2.7204E-02   5.2303E-02   1.9954E-02  -7.6122E-02  -6.3804E-02   2.4538E-02
  -4.4744E-03  -2.9180E-02  -1.8211E-02  -1.3738E-02   3.1209E-02   1.0894E-02
  -2.9058E-02  -1.3845E-02  -1.4530E-02  -7.4071E-03   6.5673E-03  -2.7463E-02
  -9.9342E-03  -1.1552E-02  -1.1879E-02  -1.1961E-02   2.2313E-02
  > E    =  -5.359927567146E+02 +/-   1.165595752312E-04
  > varE =   1.359917726727E-03
* Computing derivatives.
    [walltime: 1m9s elapsed, 1h8m remaining]
    [walltime: 1h elapsed, 9m38s remaining]
  Done. [total walltime: 1h9m]
* Optimizing manipulation constant:
  #igrid a___________ E____________________________________ varE____________
     1     Infinity    -5.35992757E+02 +/-   1.16559575E-04   1.35991773E-03
     2     1.0000E+06  -5.35992757E+02 +/-   1.16559567E-04   1.35991754E-03
     3     2.1544E+05  -5.35992757E+02 +/-   1.16559538E-04   1.35991685E-03
     4     4.6416E+04  -5.35992757E+02 +/-   1.16559400E-04   1.35991364E-03
     5     1.0000E+04  -5.35992757E+02 +/-   1.16558763E-04   1.35989877E-03
     6     2.1544E+03  -5.35992757E+02 +/-   1.16555808E-04   1.35982982E-03
     7     4.6416E+02  -5.35992757E+02 +/-   1.16542180E-04   1.35951184E-03
     8     1.0000E+02  -5.35992759E+02 +/-   1.16480747E-04   1.35807895E-03
     9     2.1544E+01  -5.35992768E+02 +/-   1.16230080E-04   1.35224006E-03
    10     4.6416E+00  -5.35992788E+02 +/-   1.15539729E-04   1.33622445E-03
    11     1.0000E+00  -5.35992794E+02 +/-   1.15010323E-04   1.32400727E-03
    12     2.1544E-01  -5.35992497E+02 +/-   1.27572718E-04   1.62904222E-03
    13     4.6416E-02  -5.35955795E+02 +/-   5.25252113E-04   2.76154637E-02
    14     1.0000E-02  -5.32323320E+02 +/-   3.68179469E-02   1.35686255E+02
    15     2.1544E-03  -5.32229805E+02 +/-   7.57186367E-02   5.73881592E+02
    16     4.6416E-04  -5.32195569E+02 +/-   8.97897079E-02   8.06993135E+02
    17     1.0000E-04  -5.32187318E+02 +/-   9.31954267E-02   8.69372553E+02
    18     2.1544E-05  -5.32185497E+02 +/-   9.39479942E-02   8.83469879E+02
    19     4.6416E-06  -5.32185102E+02 +/-   9.41110192E-02   8.86538654E+02
    20     1.0000E-06  -5.32185017E+02 +/-   9.41461843E-02   8.87201298E+02
    21     0.0000E+00  -5.32184994E+02 +/-   9.41558404E-02   8.87383300E+02
  ParMin   2.0908E+00  -5.35992794E+02 +/-   1.15192868E-04   1.32821355E-03
  # Using grid point #11
* Iteration # 1: E =  -5.359927935486E+02 +/-   1.150103229652E-04
* Computing derivatives.
    [walltime: 1m9s elapsed, 1h8m remaining]
    [walltime: 1h elapsed, 9m37s remaining]
  Done. [total walltime: 1h9m]
* Optimizing manipulation constant:
  #igrid a___________ E____________________________________ varE____________
     1     Infinity    -5.35992794E+02 +/-   1.15010323E-04   1.32400727E-03
     2     1.0000E+06  -5.35992794E+02 +/-   1.15010318E-04   1.32400716E-03
     3     2.1544E+05  -5.35992794E+02 +/-   1.15010302E-04   1.32400678E-03
     4     4.6416E+04  -5.35992794E+02 +/-   1.15010224E-04   1.32400499E-03
     5     1.0000E+04  -5.35992794E+02 +/-   1.15009865E-04   1.32399673E-03
     6     2.1544E+03  -5.35992794E+02 +/-   1.15008235E-04   1.32395920E-03
     7     4.6416E+02  -5.35992794E+02 +/-   1.15001404E-04   1.32380191E-03
     8     1.0000E+02  -5.35992795E+02 +/-   1.14985181E-04   1.32342846E-03
     9     2.1544E+01  -5.35992788E+02 +/-   1.15226763E-04   1.32899530E-03
    10     4.6416E+00  -5.35992449E+02 +/-   1.25467937E-04   1.57573158E-03
    11     1.0000E+00  -5.35966227E+02 +/-   4.73636821E-04   2.24547197E-02
    12     2.1544E-01  -5.34293043E+02 +/-   2.83551979E-03   8.04789107E-01
    13     4.6416E-02  -5.35623848E+02 +/-   1.65749518E-03   2.74992767E-01
    14     1.0000E-02  -5.35946366E+02 +/-   6.24114454E-04   3.89892790E-02
    15     2.1544E-03  -5.35964510E+02 +/-   4.93595844E-04   2.43870749E-02
    16     4.6416E-04  -5.35967467E+02 +/-   4.68757246E-04   2.19944300E-02
    17     1.0000E-04  -5.35968067E+02 +/-   4.63548634E-04   2.15083619E-02
    18     2.1544E-05  -5.35968194E+02 +/-   4.62433007E-04   2.14049576E-02
    19     4.6416E-06  -5.35968222E+02 +/-   4.62192955E-04   2.13827405E-02
    20     1.0000E-06  -5.35968227E+02 +/-   4.62141251E-04   2.13779567E-02
    21     0.0000E+00  -5.35968229E+02 +/-   4.62127054E-04   2.13766433E-02
  ParMin   1.8038E+02  -5.35992794E+02 +/-   1.14991300E-04   1.32356932E-03
  # Using grid point #8
* Iteration # 2: E =  -5.359927949119E+02 +/-   1.149851811850E-04
* Convergence: exiting.
* After optimization:
   4.3259E+00   2.7840E+00   4.4986E+00   4.6035E+00  -1.2273E+00  -1.3541E+00
   6.0079E-01   1.3731E+00   5.3071E-01   5.1415E-01  -1.7489E+00  -1.7843E+00
  -2.2545E+00  -2.2616E+00   1.0511E-01  -4.5254E+00   1.4791E-01   6.0237E-01
   5.9800E-01  -2.0848E+00  -2.0835E+00   2.2631E-01   2.2899E-01   7.3750E-01
   7.1982E-01   2.7274E-01  -1.6444E+00  -1.6418E+00  -2.4920E+00  -2.4929E+00
  -2.6144E+00  -2.6148E+00   1.6987E-01   1.7296E-01  -5.3081E+00  -5.2573E+00
   1.4158E-02   1.3619E-02   4.0457E-02   3.8027E-02   2.4334E-01   2.5074E-01
   2.4253E-01   2.4920E-01  -2.6397E+00  -2.6396E+00  -6.2400E-03  -2.6591E+00
  -2.6580E+00  -2.5417E+00  -2.5436E+00  -2.5406E+00  -2.5424E+00  -2.5423E+00
  -2.5434E+00  -2.5416E+00  -2.5432E+00   1.7986E+01  -1.6962E+01   7.9201E-01
  -1.4088E+00  -7.6932E-01  -6.7285E-01   1.5731E+00  -2.1997E+00   1.8864E+01
  -1.7147E+01   1.9912E+01  -1.7641E+01   2.5383E+00  -2.6508E+00   3.7141E+01
  -3.2636E+01   1.0344E+00  -1.1906E+00   2.2273E-01  -8.3645E-01   1.9040E+01
  -1.6946E+01   1.7469E+00  -1.9645E+00   1.9328E-01  -8.9016E-01   1.0087E+00
  -1.2489E+00   1.8270E+01  -1.6590E+01   2.0002E+01  -1.7515E+01   1.9327E+01
  -1.6710E+01   1.2165E+00  -1.3820E+00   3.7583E+01  -3.2275E+01   3.7564E+01
  -3.2304E+01   5.4423E-01  -5.6077E-01   5.3929E-01  -5.7472E-01   1.1741E+00
  -1.4340E+00   1.1741E+00  -1.4336E+00   1.8785E+01  -1.6147E+01  -4.2054E-04
   4.5949E-03   1.8794E+01  -1.6134E+01   1.9293E+01  -1.6757E+01   1.9293E+01
  -1.6757E+01   1.9292E+01  -1.6757E+01   1.9293E+01  -1.6757E+01   7.0871E-01
   1.4950E+00   5.7598E-01   5.6236E-01  -9.2444E-02  -1.9209E-01  -2.5873E-01
  -1.5901E-01  -1.3570E-01   1.3884E-02  -5.3306E-02  -1.1102E-02  -1.5602E-02
  -1.2798E-02   1.7821E-02   1.6666E-02  -2.1878E-02  -5.7937E-02   3.0223E-02
  -1.8601E-02  -2.1815E-02  -2.0232E-02  -6.2281E-03   2.0003E-02   1.1774E-02
  -2.0097E-02  -1.3702E-02  -1.4906E-02  -7.9895E-03  -2.1568E-02  -2.3973E-02
  -2.1435E-02  -2.1081E-02  -2.2434E-02  -2.2313E-02   4.9207E-02   7.6165E-02
  -1.0510E-01  -2.8017E-02  -6.1353E-02  -4.8693E-02   4.0134E-02  -2.0941E-02
  -1.4801E-02  -2.8235E-03   4.8456E-03   3.0975E-02   2.0806E-02  -6.3953E-02
  -5.5889E-02   4.3141E-02  -4.6883E-03  -2.0456E-02  -1.9416E-02  -6.8252E-04
   1.6365E-02   9.0523E-03  -1.3095E-02  -1.5175E-02  -1.4469E-02  -6.0855E-03
  -1.6723E-02  -2.0642E-02  -1.1782E-02  -1.2736E-02  -1.1503E-02  -1.2792E-02
   4.4686E-02  -6.1330E-02  -1.9492E-01  -1.4974E-01  -1.4335E-01  -1.4963E-01
  -2.8369E-02  -5.0434E-02  -5.3240E-03   1.5400E-03   1.3638E-02   2.6543E-02
   2.3024E-02  -3.1047E-02  -7.2608E-02   6.6315E-03  -2.3155E-02  -3.0510E-02
  -1.8233E-02  -1.7248E-02   3.8659E-02   1.4374E-02  -3.5018E-02  -1.1583E-02
  -1.1476E-02  -9.2338E-03   8.6162E-03  -3.0946E-02  -2.3984E-02  -2.5527E-02
  -2.7003E-02  -2.6365E-02   2.4006E-02  -5.5879E-02  -1.2135E-01  -7.5336E-02
  -1.2256E-01  -7.9825E-02   1.6583E-02  -6.5900E-03  -1.8887E-02   1.1257E-02
   2.6920E-02   4.7072E-02   2.4778E-02  -7.6668E-02  -7.2410E-02   2.9233E-02
  -1.6187E-03  -2.9229E-02  -2.2381E-02  -6.9462E-03   3.2183E-02   1.4480E-02
  -2.9186E-02  -1.8493E-02  -1.7888E-02  -4.1131E-03   1.7228E-02  -2.6548E-02
  -1.1934E-02  -1.2830E-02  -1.2593E-02  -1.3505E-02   2.3179E-02
  > Energy =  -5.359927949119E+02 +/-   1.149851811850E-04
  > varE =   1.323428462037E-03

VMC #4:
* Size of Hilbert space =   1.1779E+07
* Number of equil. steps   = 1000
* Running VMC equilibration.
  Done. [total walltime: 0.09s]
* Equil. acc.ratio (%)     =  15.0644
* Sample config after equilibration:
  +-------------+
  |  d       0  |
  |      u      |
  |    d   2    |
  |u           u|
  |2           u|
  |    u   d    |
  |      d      |
  |  0       d  |
  +-------------+
* Number of accum. steps   = 500480 x 10
* Running VMC accumulation.
    [walltime: 1m elapsed, 30.0s remaining]
  Done. [total walltime: 1m30s]
* Acceptance ratio (%)     =  15.0334
* Etot/t                   =  -5.359927317765E+02 +/-   5.165576299744E-05
  > Ttot/t                 =  -3.899468599527E+01 +/-   6.973052928726E-04
  > Utot/t                 =   1.646858775676E+01 +/-   6.907042362406E-04
* var[Eloc/t]              =   1.339733542830E-03 +/-   2.149070248703E-05
* Correlation length       =   9.967950157995E-01
* log10 Psi^2 range: -31.04874617668001 -- -23.59572936782713
* log10 Pgen range : -31.04874617668001 -- -23.59572936782713
* Site occupation (ave. no. electrons per config.):
  > Site_  ___eu____  ___ed____
      1        0.498      0.497
      2        0.503      0.500
      3        0.504      0.500
      4        0.500      0.501
      5        0.500      0.502
      6        0.498      0.501
      7        0.503      0.502
      8        0.498      0.500
      9        0.496      0.497
     10        0.498      0.498
     11        0.501      0.498
     12        0.501      0.503
     13        0.500      0.503
     14        0.501      0.499
* Pair-correlation analysis (ave. no. pairs per config.):
  > Shell  nsite  ___dh____  __eueu___  __eued___
      0      1        0          0          2.417
      1      1        0.878      0.587      2.562
      2      1        0.300      0.653      1.084
      3      1        0.250      0.715      1.090
      4      1        0.657      1.098      2.305
      5      1        0.492      1.473      2.121
      6      1        0.232      2.068      1.923
      7      1        0.072      0.416      0.566
      8      1        0.141      0.848      1.099
      9      1        0.158      0.911      1.044
     10      1        0.282      1.857      2.087
     11      1        0.240      2.077      1.929
     12      1        0.243      2.130      1.893
     13      1        0.241      2.114      1.916
     14      1        0.135      1.048      0.951
     15      1        0.217      2.154      1.881
     16      1        0.223      1.961      2.048
     17      1        0.250      2.027      1.953
     18      1        0.228      2.065      1.957
     19      1        0.110      0.993      1.005
     20      1        0.111      1.004      0.992
     21      1        0.260      1.931      2.050
     22      1        0.251      2.040      1.959
     23      1        0.120      0.945      1.059
     24      1        0.120      0.941      1.054
     25      1        0.224      1.985      2.021
     26      1        0.116      0.988      1.019
     27      1        0.223      2.023      1.986
     28      1        0.064      0.483      0.510
     29      1        0.065      0.483      0.508
     30      1        0.064      0.482      0.507
     31      1        0.064      0.484      0.507
     32      1        0.113      1.016      0.995

Optimization #4:
* Method          : lls
* Target function : energy
* No. of configs. : 100096
* No. of params.  : 251
* Before optimization:
   4.3259E+00   2.7840E+00   4.4986E+00   4.6035E+00  -1.2273E+00  -1.3541E+00
   6.0079E-01   1.3731E+00   5.3071E-01   5.1415E-01  -1.7489E+00  -1.7843E+00
  -2.2545E+00  -2.2616E+00   1.0511E-01  -4.5254E+00   1.4791E-01   6.0237E-01
   5.9800E-01  -2.0848E+00  -2.0835E+00   2.2631E-01   2.2899E-01   7.3750E-01
   7.1982E-01   2.7274E-01  -1.6444E+00  -1.6418E+00  -2.4920E+00  -2.4929E+00
  -2.6144E+00  -2.6148E+00   1.6987E-01   1.7296E-01  -5.3081E+00  -5.2573E+00
   1.4158E-02   1.3619E-02   4.0457E-02   3.8027E-02   2.4334E-01   2.5074E-01
   2.4253E-01   2.4920E-01  -2.6397E+00  -2.6396E+00  -6.2400E-03  -2.6591E+00
  -2.6580E+00  -2.5417E+00  -2.5436E+00  -2.5406E+00  -2.5424E+00  -2.5423E+00
  -2.5434E+00  -2.5416E+00  -2.5432E+00   1.7986E+01  -1.6962E+01   7.9201E-01
  -1.4088E+00  -7.6932E-01  -6.7285E-01   1.5731E+00  -2.1997E+00   1.8864E+01
  -1.7147E+01   1.9912E+01  -1.7641E+01   2.5383E+00  -2.6508E+00   3.7141E+01
  -3.2636E+01   1.0344E+00  -1.1906E+00   2.2273E-01  -8.3645E-01   1.9040E+01
  -1.6946E+01   1.7469E+00  -1.9645E+00   1.9328E-01  -8.9016E-01   1.0087E+00
  -1.2489E+00   1.8270E+01  -1.6590E+01   2.0002E+01  -1.7515E+01   1.9327E+01
  -1.6710E+01   1.2165E+00  -1.3820E+00   3.7583E+01  -3.2275E+01   3.7564E+01
  -3.2304E+01   5.4423E-01  -5.6077E-01   5.3929E-01  -5.7472E-01   1.1741E+00
  -1.4340E+00   1.1741E+00  -1.4336E+00   1.8785E+01  -1.6147E+01  -4.2054E-04
   4.5949E-03   1.8794E+01  -1.6134E+01   1.9293E+01  -1.6757E+01   1.9293E+01
  -1.6757E+01   1.9292E+01  -1.6757E+01   1.9293E+01  -1.6757E+01   7.0871E-01
   1.4950E+00   5.7598E-01   5.6236E-01  -9.2444E-02  -1.9209E-01  -2.5873E-01
  -1.5901E-01  -1.3570E-01   1.3884E-02  -5.3306E-02  -1.1102E-02  -1.5602E-02
  -1.2798E-02   1.7821E-02   1.6666E-02  -2.1878E-02  -5.7937E-02   3.0223E-02
  -1.8601E-02  -2.1815E-02  -2.0232E-02  -6.2281E-03   2.0003E-02   1.1774E-02
  -2.0097E-02  -1.3702E-02  -1.4906E-02  -7.9895E-03  -2.1568E-02  -2.3973E-02
  -2.1435E-02  -2.1081E-02  -2.2434E-02  -2.2313E-02   4.9207E-02   7.6165E-02
  -1.0510E-01  -2.8017E-02  -6.1353E-02  -4.8693E-02   4.0134E-02  -2.0941E-02
  -1.4801E-02  -2.8235E-03   4.8456E-03   3.0975E-02   2.0806E-02  -6.3953E-02
  -5.5889E-02   4.3141E-02  -4.6883E-03  -2.0456E-02  -1.9416E-02  -6.8252E-04
   1.6365E-02   9.0523E-03  -1.3095E-02  -1.5175E-02  -1.4469E-02  -6.0855E-03
  -1.6723E-02  -2.0642E-02  -1.1782E-02  -1.2736E-02  -1.1503E-02  -1.2792E-02
   4.4686E-02  -6.1330E-02  -1.9492E-01  -1.4974E-01  -1.4335E-01  -1.4963E-01
  -2.8369E-02  -5.0434E-02  -5.3240E-03   1.5400E-03   1.3638E-02   2.6543E-02
   2.3024E-02  -3.1047E-02  -7.2608E-02   6.6315E-03  -2.3155E-02  -3.0510E-02
  -1.8233E-02  -1.7248E-02   3.8659E-02   1.4374E-02  -3.5018E-02  -1.1583E-02
  -1.1476E-02  -9.2338E-03   8.6162E-03  -3.0946E-02  -2.3984E-02  -2.5527E-02
  -2.7003E-02  -2.6365E-02   2.4006E-02  -5.5879E-02  -1.2135E-01  -7.5336E-02
  -1.2256E-01  -7.9825E-02   1.6583E-02  -6.5900E-03  -1.8887E-02   1.1257E-02
   2.6920E-02   4.7072E-02   2.4778E-02  -7.6668E-02  -7.2410E-02   2.9233E-02
  -1.6187E-03  -2.9229E-02  -2.2381E-02  -6.9462E-03   3.2183E-02   1.4480E-02
  -2.9186E-02  -1.8493E-02  -1.7888E-02  -4.1131E-03   1.7228E-02  -2.6548E-02
  -1.1934E-02  -1.2830E-02  -1.2593E-02  -1.3505E-02   2.3179E-02
  > E    =  -5.359926576241E+02 +/-   1.167206664692E-04
  > varE =   1.363679274643E-03
* Computing derivatives.
    [walltime: 1m9s elapsed, 1h8m remaining]
    [walltime: 1h elapsed, 9m37s remaining]
  Done. [total walltime: 1h9m]
* Optimizing manipulation constant:
  #igrid a___________ E____________________________________ varE____________
     1     Infinity    -5.35992658E+02 +/-   1.16720666E-04   1.36367927E-03
     2     1.0000E+06  -5.35992658E+02 +/-   1.16720659E-04   1.36367911E-03
     3     2.1544E+05  -5.35992658E+02 +/-   1.16720634E-04   1.36367851E-03
     4     4.6416E+04  -5.35992658E+02 +/-   1.16720515E-04   1.36367574E-03
     5     1.0000E+04  -5.35992658E+02 +/-   1.16719964E-04   1.36366287E-03
     6     2.1544E+03  -5.35992658E+02 +/-   1.16717414E-04   1.36360327E-03
     7     4.6416E+02  -5.35992658E+02 +/-   1.16705709E-04   1.36332979E-03
     8     1.0000E+02  -5.35992660E+02 +/-   1.16654339E-04   1.36212987E-03
     9     2.1544E+01  -5.35992667E+02 +/-   1.16493443E-04   1.35837501E-03
    10     4.6416E+00  -5.35992598E+02 +/-   1.20507762E-04   1.45360620E-03
    11     1.0000E+00  -5.35964967E+02 +/-   4.91473283E-04   2.41777872E-02
    12     2.1544E-01  -5.35586398E+02 +/-   1.72887909E-03   2.99189238E-01
    13     4.6416E-02  -5.35085534E+02 +/-   2.39036505E-03   5.71933034E-01
    14     1.0000E-02  -5.34359489E+02 +/-   2.80341255E-03   7.86666670E-01
    15     2.1544E-03  -5.34302678E+02 +/-   2.79504361E-03   7.81976854E-01
    16     4.6416E-04  -5.34299813E+02 +/-   2.78669184E-03   7.77310642E-01
    17     1.0000E-04  -5.34299399E+02 +/-   2.78435237E-03   7.76006062E-01
    18     2.1544E-05  -5.34299320E+02 +/-   2.78381833E-03   7.75708416E-01
    19     4.6416E-06  -5.34299303E+02 +/-   2.78370183E-03   7.75643490E-01
    20     1.0000E-06  -5.34299299E+02 +/-   2.78367666E-03   7.75629464E-01
    21     0.0000E+00  -5.34299298E+02 +/-   2.78366974E-03   7.75625611E-01
  ParMin   4.0405E+01  -5.35992663E+02 +/-   1.16572146E-04   1.36021106E-03
  # Using grid point #9
* Iteration # 1: E =  -5.359926673439E+02 +/-   1.164934429429E-04
* Convergence: exiting.
* After optimization:
   3.9985E+00   2.4528E+00   4.1768E+00   4.2763E+00  -1.2286E+00  -1.3564E+00
   6.4342E-01   1.3744E+00   6.4970E-01   6.3296E-01  -1.7303E+00  -1.7656E+00
  -2.1596E+00  -2.1667E+00   2.9997E-01  -4.5296E+00   1.9002E-01   6.2375E-01
   6.1945E-01  -2.0660E+00  -2.0646E+00   3.4502E-01   3.4787E-01   7.5881E-01
   7.4115E-01   3.1470E-01  -1.6460E+00  -1.6432E+00  -2.3969E+00  -2.3977E+00
  -2.5959E+00  -2.5964E+00   2.6763E-01   2.7065E-01  -5.3133E+00  -5.2626E+00
   3.5161E-02   3.4620E-02   6.1483E-02   5.9006E-02   3.4093E-01   3.4836E-01
   3.4017E-01   3.4692E-01  -2.6424E+00  -2.6423E+00  -6.2378E-03  -2.6617E+00
  -2.6606E+00  -2.5233E+00  -2.5253E+00  -2.5224E+00  -2.5241E+00  -2.5239E+00
  -2.5249E+00  -2.5233E+00  -2.5249E+00   1.8005E+01  -1.6979E+01   5.0248E-01
  -1.1622E+00  -7.6983E-01  -6.7290E-01   7.4808E-01  -1.4936E+00   1.8739E+01
  -1.7040E+01   1.9252E+01  -1.7075E+01   1.1778E+00  -1.4856E+00   3.7179E+01
  -3.2669E+01   7.4544E-01  -9.4381E-01   7.8098E-02  -7.1326E-01   1.8914E+01
  -1.6839E+01   9.2184E-01  -1.2584E+00   4.8805E-02  -7.6685E-01   7.1993E-01
  -1.0021E+00   1.8288E+01  -1.6607E+01   1.9341E+01  -1.6949E+01   1.9202E+01
  -1.6603E+01   5.3611E-01  -7.9983E-01   3.7621E+01  -3.2308E+01   3.7602E+01
  -3.2338E+01   3.9977E-01  -4.3743E-01   3.9492E-01  -4.5130E-01   4.9380E-01
  -8.5121E-01   4.9396E-01  -8.5094E-01   1.8804E+01  -1.6164E+01  -3.9379E-04
   4.6549E-03   1.8813E+01  -1.6151E+01   1.9168E+01  -1.6650E+01   1.9168E+01
  -1.6650E+01   1.9167E+01  -1.6650E+01   1.9168E+01  -1.6651E+01   7.2619E-01
   1.5341E+00   5.8870E-01   5.7572E-01  -9.4827E-02  -1.9489E-01  -2.6445E-01
  -1.6189E-01  -1.3891E-01   1.3737E-02  -5.4044E-02  -1.1123E-02  -1.6478E-02
  -1.3695E-02   1.8314E-02   1.6867E-02  -2.3338E-02  -5.9018E-02   3.0821E-02
  -1.9177E-02  -2.2111E-02  -2.0457E-02  -5.9784E-03   1.9974E-02   1.1653E-02
  -2.0916E-02  -1.3787E-02  -1.4968E-02  -8.4081E-03  -2.1097E-02  -2.4446E-02
  -2.1778E-02  -2.1481E-02  -2.2830E-02  -2.2756E-02   5.0078E-02   7.8425E-02
  -1.0632E-01  -2.8102E-02  -6.2368E-02  -5.0102E-02   4.0678E-02  -2.1470E-02
  -1.5117E-02  -3.6765E-03   4.3644E-03   3.1876E-02   2.1430E-02  -6.6332E-02
  -5.6936E-02   4.4111E-02  -4.8216E-03  -2.0637E-02  -1.9607E-02  -7.1152E-04
   1.6494E-02   8.9031E-03  -1.3664E-02  -1.5215E-02  -1.4487E-02  -6.7349E-03
  -1.6604E-02  -2.1434E-02  -1.1877E-02  -1.2838E-02  -1.1691E-02  -1.2991E-02
   4.5544E-02  -5.9287E-02  -1.9202E-01  -1.4767E-01  -1.4138E-01  -1.4846E-01
  -2.8774E-02  -5.0622E-02  -5.9665E-03   4.5141E-04   1.2290E-02   2.5978E-02
   2.2627E-02  -3.1741E-02  -7.2336E-02   6.6001E-03  -2.3110E-02  -3.0271E-02
  -1.8113E-02  -1.7021E-02   3.8108E-02   1.3496E-02  -3.5368E-02  -1.0940E-02
  -1.0842E-02  -9.2324E-03   8.4060E-03  -3.0227E-02  -2.3539E-02  -2.5142E-02
  -2.6518E-02  -2.5978E-02   2.4368E-02  -5.3479E-02  -1.1927E-01  -7.3104E-02
  -1.2089E-01  -7.8878E-02   1.6235E-02  -7.4358E-03  -1.9777E-02   9.8950E-03
   2.5565E-02   4.6749E-02   2.4867E-02  -7.7412E-02  -7.2128E-02   2.9176E-02
  -1.4776E-03  -2.8784E-02  -2.2259E-02  -7.2352E-03   3.2100E-02   1.3791E-02
  -2.9437E-02  -1.7760E-02  -1.7196E-02  -4.3395E-03   1.6363E-02  -2.6425E-02
  -1.1633E-02  -1.2514E-02  -1.2294E-02  -1.3161E-02   2.3674E-02
  > Energy =  -5.359926673439E+02 +/-   1.164934429429E-04
  > varE =   1.358375014206E-03

VMC #5:
* Size of Hilbert space =   1.1779E+07
* Number of equil. steps   = 1000
* Running VMC equilibration.
  Done. [total walltime: 0.09s]
* Equil. acc.ratio (%)     =  15.3999
* Sample config after equilibration:
  +-------------+
  |  2       u  |
  |      2      |
  |    0   0    |
  |u           d|
  |d           u|
  |    u   0    |
  |      2      |
  |  d       d  |
  +-------------+
* Number of accum. steps   = 500480 x 10
* Running VMC accumulation.
    [walltime: 1m elapsed, 30.2s remaining]
  Done. [total walltime: 1m30s]
* Acceptance ratio (%)     =  15.3855
* Etot/t                   =  -5.359928972843E+02 +/-   6.684541920207E-05
  > Ttot/t                 =  -3.899569926810E+01 +/-   6.876226426291E-04
  > Utot/t                 =   1.646943552173E+01 +/-   6.781980149932E-04
* var[Eloc/t]              =   2.240114741816E-03 +/-   8.882554094814E-04
* Correlation length       =   9.982969984698E-01
* log10 Psi^2 range: -31.84291061166744 -- -23.65699203266498
* log10 Pgen range : -31.84291061166744 -- -23.65699203266498
* Site occupation (ave. no. electrons per config.):
  > Site_  ___eu____  ___ed____
      1        0.500      0.498
      2        0.503      0.500
      3        0.501      0.500
      4        0.501      0.501
      5        0.500      0.502
      6        0.499      0.497
      7        0.502      0.500
      8        0.498      0.502
      9        0.499      0.495
     10        0.502      0.500
     11        0.495      0.500
     12        0.500      0.503
     13        0.501      0.496
     14        0.500      0.504
* Pair-correlation analysis (ave. no. pairs per config.):
  > Shell  nsite  ___dh____  __eueu___  __eued___
      0      1        0          0          2.420
      1      1        0.873      0.590      2.566
      2      1        0.298      0.656      1.084
      3      1        0.250      0.712      1.082
      4      1        0.661      1.100      2.294
      5      1        0.489      1.483      2.128
      6      1        0.231      2.067      1.934
      7      1        0.073      0.416      0.564
      8      1        0.139      0.857      1.102
      9      1        0.159      0.913      1.042
     10      1        0.280      1.855      2.086
     11      1        0.246      2.077      1.929
     12      1        0.245      2.123      1.897
     13      1        0.242      2.104      1.912
     14      1        0.136      1.047      0.953
     15      1        0.214      2.151      1.888
     16      1        0.223      1.965      2.053
     17      1        0.246      2.031      1.964
     18      1        0.228      2.061      1.948
     19      1        0.110      0.997      1.009
     20      1        0.111      1.009      0.995
     21      1        0.260      1.925      2.045
     22      1        0.250      2.034      1.957
     23      1        0.121      0.939      1.050
     24      1        0.122      0.941      1.050
     25      1        0.221      1.987      2.023
     26      1        0.115      0.984      1.015
     27      1        0.222      2.023      1.987
     28      1        0.065      0.485      0.510
     29      1        0.064      0.485      0.506
     30      1        0.065      0.485      0.508
     31      1        0.064      0.486      0.511
     32      1        0.113      1.011      0.991

Optimization #5:
* Method          : lls
* Target function : energy
* No. of configs. : 100096
* No. of params.  : 251
* Before optimization:
   3.9985E+00   2.4528E+00   4.1768E+00   4.2763E+00  -1.2286E+00  -1.3564E+00
   6.4342E-01   1.3744E+00   6.4970E-01   6.3296E-01  -1.7303E+00  -1.7656E+00
  -2.1596E+00  -2.1667E+00   2.9997E-01  -4.5296E+00   1.9002E-01   6.2375E-01
   6.1945E-01  -2.0660E+00  -2.0646E+00   3.4502E-01   3.4787E-01   7.5881E-01
   7.4115E-01   3.1470E-01  -1.6460E+00  -1.6432E+00  -2.3969E+00  -2.3977E+00
  -2.5959E+00  -2.5964E+00   2.6763E-01   2.7065E-01  -5.3133E+00  -5.2626E+00
   3.5161E-02   3.4620E-02   6.1483E-02   5.9006E-02   3.4093E-01   3.4836E-01
   3.4017E-01   3.4692E-01  -2.6424E+00  -2.6423E+00  -6.2378E-03  -2.6617E+00
  -2.6606E+00  -2.5233E+00  -2.5253E+00  -2.5224E+00  -2.5241E+00  -2.5239E+00
  -2.5249E+00  -2.5233E+00  -2.5249E+00   1.8005E+01  -1.6979E+01   5.0248E-01
  -1.1622E+00  -7.6983E-01  -6.7290E-01   7.4808E-01  -1.4936E+00   1.8739E+01
  -1.7040E+01   1.9252E+01  -1.7075E+01   1.1778E+00  -1.4856E+00   3.7179E+01
  -3.2669E+01   7.4544E-01  -9.4381E-01   7.8098E-02  -7.1326E-01   1.8914E+01
  -1.6839E+01   9.2184E-01  -1.2584E+00   4.8805E-02  -7.6685E-01   7.1993E-01
  -1.0021E+00   1.8288E+01  -1.6607E+01   1.9341E+01  -1.6949E+01   1.9202E+01
  -1.6603E+01   5.3611E-01  -7.9983E-01   3.7621E+01  -3.2308E+01   3.7602E+01
  -3.2338E+01   3.9977E-01  -4.3743E-01   3.9492E-01  -4.5130E-01   4.9380E-01
  -8.5121E-01   4.9396E-01  -8.5094E-01   1.8804E+01  -1.6164E+01  -3.9379E-04
   4.6549E-03   1.8813E+01  -1.6151E+01   1.9168E+01  -1.6650E+01   1.9168E+01
  -1.6650E+01   1.9167E+01  -1.6650E+01   1.9168E+01  -1.6651E+01   7.2619E-01
   1.5341E+00   5.8870E-01   5.7572E-01  -9.4827E-02  -1.9489E-01  -2.6445E-01
  -1.6189E-01  -1.3891E-01   1.3737E-02  -5.4044E-02  -1.1123E-02  -1.6478E-02
  -1.3695E-02   1.8314E-02   1.6867E-02  -2.3338E-02  -5.9018E-02   3.0821E-02
  -1.9177E-02  -2.2111E-02  -2.0457E-02  -5.9784E-03   1.9974E-02   1.1653E-02
  -2.0916E-02  -1.3787E-02  -1.4968E-02  -8.4081E-03  -2.1097E-02  -2.4446E-02
  -2.1778E-02  -2.1481E-02  -2.2830E-02  -2.2756E-02   5.0078E-02   7.8425E-02
  -1.0632E-01  -2.8102E-02  -6.2368E-02  -5.0102E-02   4.0678E-02  -2.1470E-02
  -1.5117E-02  -3.6765E-03   4.3644E-03   3.1876E-02   2.1430E-02  -6.6332E-02
  -5.6936E-02   4.4111E-02  -4.8216E-03  -2.0637E-02  -1.9607E-02  -7.1152E-04
   1.6494E-02   8.9031E-03  -1.3664E-02  -1.5215E-02  -1.4487E-02  -6.7349E-03
  -1.6604E-02  -2.1434E-02  -1.1877E-02  -1.2838E-02  -1.1691E-02  -1.2991E-02
   4.5544E-02  -5.9287E-02  -1.9202E-01  -1.4767E-01  -1.4138E-01  -1.4846E-01
  -2.8774E-02  -5.0622E-02  -5.9665E-03   4.5141E-04   1.2290E-02   2.5978E-02
   2.2627E-02  -3.1741E-02  -7.2336E-02   6.6001E-03  -2.3110E-02  -3.0271E-02
  -1.8113E-02  -1.7021E-02   3.8108E-02   1.3496E-02  -3.5368E-02  -1.0940E-02
  -1.0842E-02  -9.2324E-03   8.4060E-03  -3.0227E-02  -2.3539E-02  -2.5142E-02
  -2.6518E-02  -2.5978E-02   2.4368E-02  -5.3479E-02  -1.1927E-01  -7.3104E-02
  -1.2089E-01  -7.8878E-02   1.6235E-02  -7.4358E-03  -1.9777E-02   9.8950E-03
   2.5565E-02   4.6749E-02   2.4867E-02  -7.7412E-02  -7.2128E-02   2.9176E-02
  -1.4776E-03  -2.8784E-02  -2.2259E-02  -7.2352E-03   3.2100E-02   1.3791E-02
  -2.9437E-02  -1.7760E-02  -1.7196E-02  -4.3395E-03   1.6363E-02  -2.6425E-02
  -1.1633E-02  -1.2514E-02  -1.2294E-02  -1.3161E-02   2.3674E-02
  > E    =  -5.359928063386E+02 +/-   1.162716866237E-04
  > varE =   1.353208345123E-03
* Computing derivatives.
    [walltime: 1m9s elapsed, 1h8m remaining]
    [walltime: 1h elapsed, 9m26s remaining]
  Done. [total walltime: 1h9m]
* Optimizing manipulation constant:
  #igrid a___________ E____________________________________ varE____________
     1     Infinity    -5.35992806E+02 +/-   1.16271687E-04   1.35320835E-03
     2     1.0000E+06  -5.35992806E+02 +/-   1.16271680E-04   1.35320818E-03
     3     2.1544E+05  -5.35992806E+02 +/-   1.16271654E-04   1.35320759E-03
     4     4.6416E+04  -5.35992806E+02 +/-   1.16271537E-04   1.35320486E-03
     5     1.0000E+04  -5.35992806E+02 +/-   1.16270992E-04   1.35319218E-03
     6     2.1544E+03  -5.35992806E+02 +/-   1.16268467E-04   1.35313340E-03
     7     4.6416E+02  -5.35992807E+02 +/-   1.16256811E-04   1.35286211E-03
     8     1.0000E+02  -5.35992808E+02 +/-   1.16204120E-04   1.35163608E-03
     9     2.1544E+01  -5.35992814E+02 +/-   1.15987049E-04   1.34659105E-03
    10     4.6416E+00  -5.35992831E+02 +/-   1.15379650E-04   1.33252437E-03
    11     1.0000E+00  -5.35992844E+02 +/-   1.15433366E-04   1.33376538E-03
    12     2.1544E-01  -5.35992199E+02 +/-   1.38560796E-04   1.92175254E-03
    13     4.6416E-02  -5.35351275E+02 +/-   2.09021323E-03   4.37318559E-01
    14     1.0000E-02  -5.34296822E+02 +/-   2.74084426E-03   7.51943902E-01
    15     2.1544E-03  -5.34304161E+02 +/-   2.58089757E-03   6.66742688E-01
    16     4.6416E-04  -5.34306696E+02 +/-   2.52564764E-03   6.38501972E-01
    17     1.0000E-04  -5.34307295E+02 +/-   2.51263863E-03   6.31941369E-01
    18     2.1544E-05  -5.34307426E+02 +/-   2.50978496E-03   6.30506759E-01
    19     4.6416E-06  -5.34307455E+02 +/-   2.50916780E-03   6.30196713E-01
    20     1.0000E-06  -5.34307461E+02 +/-   2.50903476E-03   6.30129885E-01
    21     0.0000E+00  -5.34307463E+02 +/-   2.50899817E-03   6.30111511E-01
  ParMin   2.0958E+00  -5.35992844E+02 +/-   1.15089947E-04   1.32584119E-03
  # Using parabolic minimum
* Iteration # 1: E =  -5.359928435267E+02 +/-   1.150899474694E-04
* Computing derivatives.
    [walltime: 1m9s elapsed, 1h8m remaining]
    [walltime: 1h elapsed, 9m37s remaining]
  Done. [total walltime: 1h9m]
* Optimizing manipulation constant:
  #igrid a___________ E____________________________________ varE____________
     1     Infinity    -5.35992844E+02 +/-   1.15089947E-04   1.32584119E-03
     2     1.0000E+06  -5.35992844E+02 +/-   1.15089944E-04   1.32584110E-03
     3     2.1544E+05  -5.35992844E+02 +/-   1.15089929E-04   1.32584077E-03
     4     4.6416E+04  -5.35992844E+02 +/-   1.15089863E-04   1.32583924E-03
     5     1.0000E+04  -5.35992844E+02 +/-   1.15089555E-04   1.32583214E-03
     6     2.1544E+03  -5.35992844E+02 +/-   1.15088140E-04   1.32579954E-03
     7     4.6416E+02  -5.35992844E+02 +/-   1.15081871E-04   1.32565510E-03
     8     1.0000E+02  -5.35992845E+02 +/-   1.15059134E-04   1.32513133E-03
     9     2.1544E+01  -5.35992846E+02 +/-   1.15089568E-04   1.32583244E-03
    10     4.6416E+00  -5.35992752E+02 +/-   1.19933862E-04   1.43979401E-03
    11     1.0000E+00  -5.35977989E+02 +/-   3.79894009E-04   1.44458005E-02
    12     2.1544E-01  -5.35491377E+02 +/-   1.92062376E-03   3.69233687E-01
    13     4.6416E-02  -5.34535838E+02 +/-   2.75967123E-03   7.62309648E-01
    14     1.0000E-02  -5.34340870E+02 +/-   2.83027073E-03   8.01812245E-01
    15     2.1544E-03  -5.34321170E+02 +/-   2.83586999E-03   8.04987910E-01
    16     4.6416E-04  -5.34318565E+02 +/-   2.83654042E-03   8.05368567E-01
    17     1.0000E-04  -5.34318088E+02 +/-   2.83665817E-03   8.05435434E-01
    18     2.1544E-05  -5.34317989E+02 +/-   2.83668228E-03   8.05449125E-01
    19     4.6416E-06  -5.34317968E+02 +/-   2.83668741E-03   8.05452041E-01
    20     1.0000E-06  -5.34317964E+02 +/-   2.83668852E-03   8.05452668E-01
    21     0.0000E+00  -5.34317963E+02 +/-   2.83668882E-03   8.05452840E-01
  ParMin   4.5600E+01  -5.35992845E+02 +/-   1.15044355E-04   1.32479094E-03
  # Using grid point #9
* Iteration # 2: E =  -5.359928458710E+02 +/-   1.150895677601E-04
* Convergence: exiting.
* After optimization:
   3.9478E+00   2.4115E+00   4.1112E+00   4.1988E+00  -1.2545E+00  -1.3767E+00
   6.6754E-01   1.3783E+00   6.7162E-01   6.5911E-01  -1.7542E+00  -1.7885E+00
  -2.1845E+00  -2.1929E+00   3.2381E-01  -4.5988E+00   2.0594E-01   6.3713E-01
   6.3185E-01  -2.0902E+00  -2.0898E+00   3.6375E-01   3.6649E-01   7.7333E-01
   7.5507E-01   3.3042E-01  -1.6781E+00  -1.6748E+00  -2.4226E+00  -2.4238E+00
  -2.6241E+00  -2.6251E+00   2.7914E-01   2.8247E-01  -5.3872E+00  -5.3350E+00
   4.3780E-02   4.2346E-02   7.0356E-02   6.7168E-02   3.5212E-01   3.6017E-01
   3.5184E-01   3.5976E-01  -2.6785E+00  -2.6778E+00  -7.4716E-03  -2.6990E+00
  -2.6978E+00  -2.5512E+00  -2.5537E+00  -2.5514E+00  -2.5539E+00  -2.5513E+00
  -2.5536E+00  -2.5509E+00  -2.5528E+00   1.8248E+01  -1.7204E+01   4.1737E-01
  -1.1032E+00  -7.7692E-01  -6.6861E-01   6.5981E-01  -1.4279E+00   1.8953E+01
  -1.7231E+01   1.9462E+01  -1.7260E+01   1.0837E+00  -1.4173E+00   3.7686E+01
  -3.3108E+01   6.6818E-01  -8.8168E-01   3.5280E-02  -6.8357E-01   1.9129E+01
  -1.7029E+01   8.3755E-01  -1.1920E+00   6.7700E-03  -7.3743E-01   6.4185E-01
  -9.4039E-01   1.8539E+01  -1.6825E+01   1.9552E+01  -1.7134E+01   1.9419E+01
  -1.6792E+01   4.9006E-01  -7.6483E-01   3.8135E+01  -3.2747E+01   3.8115E+01
  -3.2778E+01   3.6073E-01  -4.0665E-01   3.5596E-01  -4.2051E-01   4.4747E-01
  -8.1718E-01   4.4748E-01  -8.1662E-01   1.9061E+01  -1.6384E+01   4.0190E-04
   5.1637E-03   1.9070E+01  -1.6371E+01   1.9385E+01  -1.6839E+01   1.9385E+01
  -1.6840E+01   1.9385E+01  -1.6839E+01   1.9385E+01  -1.6839E+01   7.5366E-01
   1.5840E+00   6.2304E-01   6.1459E-01  -8.3902E-02  -1.8420E-01  -2.5830E-01
  -1.4875E-01  -1.3313E-01   1.2936E-02  -6.6685E-02  -1.3892E-02  -2.3656E-02
  -1.6334E-02   1.6221E-02   1.0119E-02  -2.2739E-02  -5.8552E-02   2.9486E-02
  -1.9482E-02  -2.2630E-02  -1.9578E-02  -4.9076E-03   1.6890E-02   1.0062E-02
  -1.9951E-02  -1.1972E-02  -1.2708E-02  -1.2850E-02  -1.3890E-02  -2.7199E-02
  -2.0423E-02  -2.0970E-02  -2.1047E-02  -2.0413E-02   3.6887E-02   9.7524E-02
  -9.6971E-02  -2.0287E-02  -5.1509E-02  -4.0929E-02   3.9837E-02  -3.2450E-02
  -2.1876E-02  -1.1519E-02   1.8880E-03   3.2126E-02   1.5338E-02  -6.9782E-02
  -5.3845E-02   4.5724E-02  -4.9014E-03  -2.0384E-02  -1.8733E-02  -4.3369E-04
   1.2904E-02   8.8364E-03  -1.4424E-02  -1.4177E-02  -1.3303E-02  -8.8234E-03
  -1.0091E-02  -2.5014E-02  -9.5183E-03  -9.6887E-03  -9.2219E-03  -1.0174E-02
   3.1947E-02  -3.6538E-02  -1.6819E-01  -1.2759E-01  -1.1960E-01  -1.3218E-01
  -3.0033E-02  -6.0144E-02  -1.2070E-02  -6.9327E-03   4.1713E-03   1.8319E-02
   1.6952E-02  -3.0688E-02  -7.2482E-02   4.0917E-03  -2.3113E-02  -2.5280E-02
  -1.4861E-02  -1.7053E-02   3.3189E-02   3.7554E-03  -3.9097E-02  -9.4102E-03
  -8.5074E-03  -5.9572E-03  -1.5149E-03  -2.5437E-02  -2.3269E-02  -2.3219E-02
  -2.5316E-02  -2.4600E-02   3.0256E-02  -2.9498E-02  -1.0117E-01  -5.5846E-02
  -1.0310E-01  -6.2448E-02   1.2864E-02  -1.4822E-02  -3.0063E-02   5.1611E-04
   1.6873E-02   4.0479E-02   1.8583E-02  -7.9020E-02  -6.8719E-02   2.8299E-02
  -1.1701E-03  -2.2696E-02  -1.8667E-02  -8.9861E-03   2.7092E-02   6.0872E-03
  -3.4574E-02  -1.7159E-02  -1.6127E-02  -9.2110E-05   4.9990E-03  -2.3204E-02
  -9.9145E-03  -1.0918E-02  -1.0896E-02  -1.0885E-02   2.7787E-02
  > Energy =  -5.359928458710E+02 +/-   1.150895677601E-04
  > varE =   1.325832439146E-03

VMC #6:
* Size of Hilbert space =   1.1779E+07
* Number of equil. steps   = 1000
* Running VMC equilibration.
  Done. [total walltime: 0.09s]
* Equil. acc.ratio (%)     =  16.1171
* Sample config after equilibration:
  +-------------+
  |  0       u  |
  |      u      |
  |    d   d    |
  |2           u|
  |u           d|
  |    2   0    |
  |      2      |
  |  0       d  |
  +-------------+
* Number of accum. steps   = 500480 x 10
* Running VMC accumulation.
    [walltime: 1m elapsed, 30.1s remaining]
  Done. [total walltime: 1m30s]
* Acceptance ratio (%)     =  16.1045
* Etot/t                   =  -5.359928334464E+02 +/-   5.088511283259E-05
  > Ttot/t                 =  -3.899589562324E+01 +/-   6.935255758563E-04
  > Utot/t                 =   1.646969571486E+01 +/-   6.879605518377E-04
* var[Eloc/t]              =   1.304267360061E-03 +/-   1.092325305155E-05
* Correlation length       =   9.935771262355E-01
* log10 Psi^2 range: -32.23815101745740 -- -24.17896221150625
* log10 Pgen range : -32.23815101745740 -- -24.17896221150625
* Site occupation (ave. no. electrons per config.):
  > Site_  ___eu____  ___ed____
      1        0.497      0.500
      2        0.503      0.500
      3        0.499      0.500
      4        0.501      0.501
      5        0.501      0.498
      6        0.500      0.499
      7        0.504      0.498
      8        0.499      0.500
      9        0.496      0.502
     10        0.502      0.502
     11        0.497      0.497
     12        0.502      0.501
     13        0.498      0.503
     14        0.501      0.499
* Pair-correlation analysis (ave. no. pairs per config.):
  > Shell  nsite  ___dh____  __eueu___  __eued___
      0      1        0          0          2.416
      1      1        0.877      0.585      2.564
      2      1        0.297      0.656      1.088
      3      1        0.250      0.711      1.086
      4      1        0.655      1.098      2.303
      5      1        0.490      1.480      2.125
      6      1        0.231      2.064      1.928
      7      1        0.071      0.413      0.567
      8      1        0.139      0.850      1.104
      9      1        0.158      0.912      1.046
     10      1        0.281      1.853      2.090
     11      1        0.240      2.082      1.929
     12      1        0.244      2.127      1.889
     13      1        0.240      2.111      1.915
     14      1        0.137      1.050      0.951
     15      1        0.216      2.158      1.878
     16      1        0.222      1.961      2.046
     17      1        0.247      2.033      1.958
     18      1        0.224      2.064      1.950
     19      1        0.110      0.993      1.007
     20      1        0.110      1.008      0.991
     21      1        0.260      1.928      2.050
     22      1        0.254      2.038      1.953
     23      1        0.121      0.940      1.051
     24      1        0.121      0.939      1.050
     25      1        0.221      1.986      2.022
     26      1        0.114      0.990      1.013
     27      1        0.222      2.020      1.989
     28      1        0.064      0.486      0.514
     29      1        0.063      0.483      0.508
     30      1        0.064      0.486      0.511
     31      1        0.063      0.485      0.510
     32      1        0.114      1.009      0.995

Optimization #6:
* Method          : lls
* Target function : energy
* No. of configs. : 100096
* No. of params.  : 251
* Before optimization:
   3.9478E+00   2.4115E+00   4.1112E+00   4.1988E+00  -1.2545E+00  -1.3767E+00
   6.6754E-01   1.3783E+00   6.7162E-01   6.5911E-01  -1.7542E+00  -1.7885E+00
  -2.1845E+00  -2.1929E+00   3.2381E-01  -4.5988E+00   2.0594E-01   6.3713E-01
   6.3185E-01  -2.0902E+00  -2.0898E+00   3.6375E-01   3.6649E-01   7.7333E-01
   7.5507E-01   3.3042E-01  -1.6781E+00  -1.6748E+00  -2.4226E+00  -2.4238E+00
  -2.6241E+00  -2.6251E+00   2.7914E-01   2.8247E-01  -5.3872E+00  -5.3350E+00
   4.3780E-02   4.2346E-02   7.0356E-02   6.7168E-02   3.5212E-01   3.6017E-01
   3.5184E-01   3.5976E-01  -2.6785E+00  -2.6778E+00  -7.4716E-03  -2.6990E+00
  -2.6978E+00  -2.5512E+00  -2.5537E+00  -2.5514E+00  -2.5539E+00  -2.5513E+00
  -2.5536E+00  -2.5509E+00  -2.5528E+00   1.8248E+01  -1.7204E+01   4.1737E-01
  -1.1032E+00  -7.7692E-01  -6.6861E-01   6.5981E-01  -1.4279E+00   1.8953E+01
  -1.7231E+01   1.9462E+01  -1.7260E+01   1.0837E+00  -1.4173E+00   3.7686E+01
  -3.3108E+01   6.6818E-01  -8.8168E-01   3.5280E-02  -6.8357E-01   1.9129E+01
  -1.7029E+01   8.3755E-01  -1.1920E+00   6.7700E-03  -7.3743E-01   6.4185E-01
  -9.4039E-01   1.8539E+01  -1.6825E+01   1.9552E+01  -1.7134E+01   1.9419E+01
  -1.6792E+01   4.9006E-01  -7.6483E-01   3.8135E+01  -3.2747E+01   3.8115E+01
  -3.2778E+01   3.6073E-01  -4.0665E-01   3.5596E-01  -4.2051E-01   4.4747E-01
  -8.1718E-01   4.4748E-01  -8.1662E-01   1.9061E+01  -1.6384E+01   4.0190E-04
   5.1637E-03   1.9070E+01  -1.6371E+01   1.9385E+01  -1.6839E+01   1.9385E+01
  -1.6840E+01   1.9385E+01  -1.6839E+01   1.9385E+01  -1.6839E+01   7.5366E-01
   1.5840E+00   6.2304E-01   6.1459E-01  -8.3902E-02  -1.8420E-01  -2.5830E-01
  -1.4875E-01  -1.3313E-01   1.2936E-02  -6.6685E-02  -1.3892E-02  -2.3656E-02
  -1.6334E-02   1.6221E-02   1.0119E-02  -2.2739E-02  -5.8552E-02   2.9486E-02
  -1.9482E-02  -2.2630E-02  -1.9578E-02  -4.9076E-03   1.6890E-02   1.0062E-02
  -1.9951E-02  -1.1972E-02  -1.2708E-02  -1.2850E-02  -1.3890E-02  -2.7199E-02
  -2.0423E-02  -2.0970E-02  -2.1047E-02  -2.0413E-02   3.6887E-02   9.7524E-02
  -9.6971E-02  -2.0287E-02  -5.1509E-02  -4.0929E-02   3.9837E-02  -3.2450E-02
  -2.1876E-02  -1.1519E-02   1.8880E-03   3.2126E-02   1.5338E-02  -6.9782E-02
  -5.3845E-02   4.5724E-02  -4.9014E-03  -2.0384E-02  -1.8733E-02  -4.3369E-04
   1.2904E-02   8.8364E-03  -1.4424E-02  -1.4177E-02  -1.3303E-02  -8.8234E-03
  -1.0091E-02  -2.5014E-02  -9.5183E-03  -9.6887E-03  -9.2219E-03  -1.0174E-02
   3.1947E-02  -3.6538E-02  -1.6819E-01  -1.2759E-01  -1.1960E-01  -1.3218E-01
  -3.0033E-02  -6.0144E-02  -1.2070E-02  -6.9327E-03   4.1713E-03   1.8319E-02
   1.6952E-02  -3.0688E-02  -7.2482E-02   4.0917E-03  -2.3113E-02  -2.5280E-02
  -1.4861E-02  -1.7053E-02   3.3189E-02   3.7554E-03  -3.9097E-02  -9.4102E-03
  -8.5074E-03  -5.9572E-03  -1.5149E-03  -2.5437E-02  -2.3269E-02  -2.3219E-02
  -2.5316E-02  -2.4600E-02   3.0256E-02  -2.9498E-02  -1.0117E-01  -5.5846E-02
  -1.0310E-01  -6.2448E-02   1.2864E-02  -1.4822E-02  -3.0063E-02   5.1611E-04
   1.6873E-02   4.0479E-02   1.8583E-02  -7.9020E-02  -6.8719E-02   2.8299E-02
  -1.1701E-03  -2.2696E-02  -1.8667E-02  -8.9861E-03   2.7092E-02   6.0872E-03
  -3.4574E-02  -1.7159E-02  -1.6127E-02  -9.2110E-05   4.9990E-03  -2.3204E-02
  -9.9145E-03  -1.0918E-02  -1.0896E-02  -1.0885E-02   2.7787E-02
  > E    =  -5.359927568631E+02 +/-   1.159101430337E-04
  > varE =   1.344805901290E-03
* Computing derivatives.
    [walltime: 1m9s elapsed, 1h8m remaining]
    [walltime: 1h elapsed, 9m31s remaining]
  Done. [total walltime: 1h9m]
* Optimizing manipulation constant:
  #igrid a___________ E____________________________________ varE____________
     1     Infinity    -5.35992757E+02 +/-   1.15910143E-04   1.34480590E-03
     2     1.0000E+06  -5.35992757E+02 +/-   1.15910137E-04   1.34480577E-03
     3     2.1544E+05  -5.35992757E+02 +/-   1.15910116E-04   1.34480529E-03
     4     4.6416E+04  -5.35992757E+02 +/-   1.15910030E-04   1.34480327E-03
     5     1.0000E+04  -5.35992757E+02 +/-   1.15909831E-04   1.34479866E-03
     6     2.1544E+03  -5.35992757E+02 +/-   1.15913298E-04   1.34487910E-03
     7     4.6416E+02  -5.35992754E+02 +/-   1.16025340E-04   1.34748029E-03
     8     1.0000E+02  -5.35992657E+02 +/-   1.19488850E-04   1.42912918E-03
     9     2.1544E+01  -5.35980595E+02 +/-   3.37810814E-04   1.14225698E-02
    10     4.6416E+00  -5.34956577E+02 +/-   2.49405649E-03   6.22628929E-01
    11     1.0000E+00  -5.34292646E+02 +/-   2.81988140E-03   7.95936478E-01
    12     2.1544E-01  -5.34302605E+02 +/-   4.17947537E-05   1.74847837E-04
    13     4.6416E-02  -5.34341149E+02 +/-   5.90972358E-05   3.49583606E-04
    14     1.0000E-02   4.02242098E+19 +/-   1.94173775E+17   3.77396501E+39
    15     2.1544E-03   3.52761648E+14 +/-   1.58419854E+12   2.51209430E+29
    16     4.6416E-04   5.17719616E+13 +/-   2.29745470E+11   5.28336524E+27
    17     1.0000E-04   3.49590253E+13 +/-   1.54757729E+11   2.39729466E+27
    18     2.1544E-05   3.21525315E+13 +/-   1.42259881E+11   2.02573020E+27
    19     4.6416E-06   3.15793603E+13 +/-   1.39708256E+11   1.95371345E+27
    20     1.0000E-06   3.14572737E+13 +/-   1.39164792E+11   1.93854314E+27
    21     0.0000E+00   3.14238358E+13 +/-   1.39015946E+11   1.93439857E+27
* Iteration # 1: E =  -5.359927568732E+02 +/-   1.159098310820E-04
* Convergence: exiting.
* After optimization:
   3.9460E+00   2.4097E+00   4.1094E+00   4.1970E+00  -1.2544E+00  -1.3766E+00
   6.6750E-01   1.3783E+00   6.7156E-01   6.5905E-01  -1.7542E+00  -1.7884E+00
  -2.1844E+00  -2.1928E+00   3.2374E-01  -4.5986E+00   2.0589E-01   6.3711E-01
   6.3183E-01  -2.0901E+00  -2.0897E+00   3.6370E-01   3.6643E-01   7.7331E-01
   7.5505E-01   3.3038E-01  -1.6780E+00  -1.6747E+00  -2.4225E+00  -2.4237E+00
  -2.6240E+00  -2.6250E+00   2.7911E-01   2.8243E-01  -5.3870E+00  -5.3348E+00
   4.3757E-02   4.2324E-02   7.0334E-02   6.7146E-02   3.5208E-01   3.6014E-01
   3.5180E-01   3.5972E-01  -2.6784E+00  -2.6777E+00  -7.4718E-03  -2.6989E+00
  -2.6977E+00  -2.5511E+00  -2.5536E+00  -2.5513E+00  -2.5538E+00  -2.5512E+00
  -2.5535E+00  -2.5508E+00  -2.5527E+00   1.8247E+01  -1.7204E+01   4.1770E-01
  -1.1035E+00  -7.7693E-01  -6.6861E-01   6.6023E-01  -1.4282E+00   1.8952E+01
  -1.7230E+01   1.9461E+01  -1.7260E+01   1.0842E+00  -1.4177E+00   3.7685E+01
  -3.3107E+01   6.6850E-01  -8.8196E-01   3.5442E-02  -6.8371E-01   1.9128E+01
  -1.7028E+01   8.3797E-01  -1.1924E+00   6.9317E-03  -7.3757E-01   6.4218E-01
  -9.4066E-01   1.8538E+01  -1.6824E+01   1.9551E+01  -1.7134E+01   1.9419E+01
  -1.6792E+01   4.9032E-01  -7.6505E-01   3.8133E+01  -3.2746E+01   3.8114E+01
  -3.2777E+01   3.6090E-01  -4.0679E-01   3.5612E-01  -4.2065E-01   4.4773E-01
  -8.1740E-01   4.4774E-01  -8.1685E-01   1.9060E+01  -1.6383E+01   4.0200E-04
   5.1639E-03   1.9069E+01  -1.6370E+01   1.9385E+01  -1.6839E+01   1.9384E+01
  -1.6839E+01   1.9384E+01  -1.6839E+01   1.9385E+01  -1.6839E+01   7.5422E-01
   1.5852E+00   6.2351E-01   6.1506E-01  -8.3970E-02  -1.8434E-01  -2.5851E-01
  -1.4886E-01  -1.3323E-01   1.2945E-02  -6.6733E-02  -1.3903E-02  -2.3672E-02
  -1.6346E-02   1.6232E-02   1.0126E-02  -2.2757E-02  -5.8598E-02   2.9508E-02
  -1.9497E-02  -2.2647E-02  -1.9593E-02  -4.9101E-03   1.6903E-02   1.0069E-02
  -1.9967E-02  -1.1982E-02  -1.2719E-02  -1.2859E-02  -1.3899E-02  -2.7219E-02
  -2.0439E-02  -2.0986E-02  -2.1063E-02  -2.0429E-02   3.6914E-02   9.7595E-02
  -9.7046E-02  -2.0307E-02  -5.1552E-02  -4.0963E-02   3.9867E-02  -3.2472E-02
  -2.1892E-02  -1.1528E-02   1.8893E-03   3.2150E-02   1.5349E-02  -6.9835E-02
  -5.3885E-02   4.5758E-02  -4.9047E-03  -2.0398E-02  -1.8747E-02  -4.3330E-04
   1.2914E-02   8.8434E-03  -1.4435E-02  -1.4189E-02  -1.3314E-02  -8.8307E-03
  -1.0096E-02  -2.5033E-02  -9.5258E-03  -9.6964E-03  -9.2289E-03  -1.0182E-02
   3.1973E-02  -3.6540E-02  -1.6820E-01  -1.2759E-01  -1.1960E-01  -1.3218E-01
  -3.0035E-02  -6.0144E-02  -1.2070E-02  -6.9330E-03   4.1714E-03   1.8319E-02
   1.6950E-02  -3.0689E-02  -7.2485E-02   4.0926E-03  -2.3114E-02  -2.5280E-02
  -1.4861E-02  -1.7052E-02   3.3187E-02   3.7545E-03  -3.9098E-02  -9.4105E-03
  -8.5080E-03  -5.9563E-03  -1.5152E-03  -2.5436E-02  -2.3269E-02  -2.3219E-02
  -2.5316E-02  -2.4601E-02   3.0256E-02  -2.9503E-02  -1.0118E-01  -5.5846E-02
  -1.0311E-01  -6.2452E-02   1.2864E-02  -1.4821E-02  -3.0060E-02   5.1447E-04
   1.6872E-02   4.0478E-02   1.8581E-02  -7.9020E-02  -6.8719E-02   2.8300E-02
  -1.1696E-03  -2.2695E-02  -1.8666E-02  -8.9864E-03   2.7092E-02   6.0871E-03
  -3.4575E-02  -1.7160E-02  -1.6128E-02  -9.2621E-05   4.9993E-03  -2.3203E-02
  -9.9149E-03  -1.0918E-02  -1.0896E-02  -1.0885E-02   2.7789E-02
  > Energy =  -5.359927568732E+02 +/-   1.159098310820E-04
  > varE =   1.344798662684E-03

VMC #7:
* Size of Hilbert space =   1.1779E+07
* Number of equil. steps   = 1000
* Running VMC equilibration.
  Done. [total walltime: 0.09s]
* Equil. acc.ratio (%)     =  16.1849
* Sample config after equilibration:
  +-------------+
  |  u       d  |
  |      u      |
  |    d   d    |
  |d           u|
  |d           0|
  |    u   d    |
  |      u      |
  |  u       2  |
  +-------------+
* Number of accum. steps   = 500480 x 10
* Running VMC accumulation.
    [walltime: 1m elapsed, 30.2s remaining]
  Done. [total walltime: 1m30s]
* Acceptance ratio (%)     =  16.1106
* Etot/t                   =  -5.359929048090E+02 +/-   5.191377229437E-05
  > Ttot/t                 =  -3.899601699998E+01 +/-   6.882380145780E-04
  > Utot/t                 =   1.646974572891E+01 +/-   6.819145633797E-04
* var[Eloc/t]              =   1.359730483920E-03 +/-   3.474651756700E-05
* Correlation length       =   9.919712119047E-01
* log10 Psi^2 range: -33.34373333655854 -- -24.17895686577896
* log10 Pgen range : -33.34373333655854 -- -24.17895686577896
* Site occupation (ave. no. electrons per config.):
  > Site_  ___eu____  ___ed____
      1        0.499      0.500
      2        0.502      0.502
      3        0.500      0.501
      4        0.500      0.500
      5        0.501      0.498
      6        0.501      0.498
      7        0.500      0.501
      8        0.500      0.500
      9        0.499      0.496
     10        0.498      0.501
     11        0.500      0.499
     12        0.501      0.503
     13        0.499      0.502
     14        0.501      0.499
* Pair-correlation analysis (ave. no. pairs per config.):
  > Shell  nsite  ___dh____  __eueu___  __eued___
      0      1        0          0          2.413
      1      1        0.874      0.585      2.567
      2      1        0.295      0.656      1.093
      3      1        0.247      0.714      1.088
      4      1        0.658      1.095      2.302
      5      1        0.492      1.477      2.128
      6      1        0.230      2.064      1.920
      7      1        0.071      0.412      0.565
      8      1        0.139      0.851      1.099
      9      1        0.157      0.912      1.049
     10      1        0.279      1.861      2.091
     11      1        0.241      2.082      1.930
     12      1        0.244      2.131      1.884
     13      1        0.239      2.113      1.917
     14      1        0.134      1.057      0.951
     15      1        0.215      2.154      1.880
     16      1        0.222      1.955      2.047
     17      1        0.248      2.032      1.958
     18      1        0.226      2.059      1.947
     19      1        0.110      0.995      1.003
     20      1        0.109      1.007      0.992
     21      1        0.258      1.931      2.054
     22      1        0.251      2.040      1.962
     23      1        0.120      0.938      1.053
     24      1        0.121      0.939      1.049
     25      1        0.223      1.982      2.019
     26      1        0.113      0.990      1.013
     27      1        0.220      2.019      1.991
     28      1        0.064      0.486      0.509
     29      1        0.064      0.484      0.511
     30      1        0.063      0.483      0.509
     31      1        0.063      0.485      0.510
     32      1        0.111      1.013      0.994

Optimization #7:
* Method          : lls
* Target function : energy
* No. of configs. : 100096
* No. of params.  : 251
* Before optimization:
   3.9460E+00   2.4097E+00   4.1094E+00   4.1970E+00  -1.2544E+00  -1.3766E+00
   6.6750E-01   1.3783E+00   6.7156E-01   6.5905E-01  -1.7542E+00  -1.7884E+00
  -2.1844E+00  -2.1928E+00   3.2374E-01  -4.5986E+00   2.0589E-01   6.3711E-01
   6.3183E-01  -2.0901E+00  -2.0897E+00   3.6370E-01   3.6643E-01   7.7331E-01
   7.5505E-01   3.3038E-01  -1.6780E+00  -1.6747E+00  -2.4225E+00  -2.4237E+00
  -2.6240E+00  -2.6250E+00   2.7911E-01   2.8243E-01  -5.3870E+00  -5.3348E+00
   4.3757E-02   4.2324E-02   7.0334E-02   6.7146E-02   3.5208E-01   3.6014E-01
   3.5180E-01   3.5972E-01  -2.6784E+00  -2.6777E+00  -7.4718E-03  -2.6989E+00
  -2.6977E+00  -2.5511E+00  -2.5536E+00  -2.5513E+00  -2.5538E+00  -2.5512E+00
  -2.5535E+00  -2.5508E+00  -2.5527E+00   1.8247E+01  -1.7204E+01   4.1770E-01
  -1.1035E+00  -7.7693E-01  -6.6861E-01   6.6023E-01  -1.4282E+00   1.8952E+01
  -1.7230E+01   1.9461E+01  -1.7260E+01   1.0842E+00  -1.4177E+00   3.7685E+01
  -3.3107E+01   6.6850E-01  -8.8196E-01   3.5442E-02  -6.8371E-01   1.9128E+01
  -1.7028E+01   8.3797E-01  -1.1924E+00   6.9317E-03  -7.3757E-01   6.4218E-01
  -9.4066E-01   1.8538E+01  -1.6824E+01   1.9551E+01  -1.7134E+01   1.9419E+01
  -1.6792E+01   4.9032E-01  -7.6505E-01   3.8133E+01  -3.2746E+01   3.8114E+01
  -3.2777E+01   3.6090E-01  -4.0679E-01   3.5612E-01  -4.2065E-01   4.4773E-01
  -8.1740E-01   4.4774E-01  -8.1685E-01   1.9060E+01  -1.6383E+01   4.0200E-04
   5.1639E-03   1.9069E+01  -1.6370E+01   1.9385E+01  -1.6839E+01   1.9384E+01
  -1.6839E+01   1.9384E+01  -1.6839E+01   1.9385E+01  -1.6839E+01   7.5422E-01
   1.5852E+00   6.2351E-01   6.1506E-01  -8.3970E-02  -1.8434E-01  -2.5851E-01
  -1.4886E-01  -1.3323E-01   1.2945E-02  -6.6733E-02  -1.3903E-02  -2.3672E-02
  -1.6346E-02   1.6232E-02   1.0126E-02  -2.2757E-02  -5.8598E-02   2.9508E-02
  -1.9497E-02  -2.2647E-02  -1.9593E-02  -4.9101E-03   1.6903E-02   1.0069E-02
  -1.9967E-02  -1.1982E-02  -1.2719E-02  -1.2859E-02  -1.3899E-02  -2.7219E-02
  -2.0439E-02  -2.0986E-02  -2.1063E-02  -2.0429E-02   3.6914E-02   9.7595E-02
  -9.7046E-02  -2.0307E-02  -5.1552E-02  -4.0963E-02   3.9867E-02  -3.2472E-02
  -2.1892E-02  -1.1528E-02   1.8893E-03   3.2150E-02   1.5349E-02  -6.9835E-02
  -5.3885E-02   4.5758E-02  -4.9047E-03  -2.0398E-02  -1.8747E-02  -4.3330E-04
   1.2914E-02   8.8434E-03  -1.4435E-02  -1.4189E-02  -1.3314E-02  -8.8307E-03
  -1.0096E-02  -2.5033E-02  -9.5258E-03  -9.6964E-03  -9.2289E-03  -1.0182E-02
   3.1973E-02  -3.6540E-02  -1.6820E-01  -1.2759E-01  -1.1960E-01  -1.3218E-01
  -3.0035E-02  -6.0144E-02  -1.2070E-02  -6.9330E-03   4.1714E-03   1.8319E-02
   1.6950E-02  -3.0689E-02  -7.2485E-02   4.0926E-03  -2.3114E-02  -2.5280E-02
  -1.4861E-02  -1.7052E-02   3.3187E-02   3.7545E-03  -3.9098E-02  -9.4105E-03
  -8.5080E-03  -5.9563E-03  -1.5152E-03  -2.5436E-02  -2.3269E-02  -2.3219E-02
  -2.5316E-02  -2.4601E-02   3.0256E-02  -2.9503E-02  -1.0118E-01  -5.5846E-02
  -1.0311E-01  -6.2452E-02   1.2864E-02  -1.4821E-02  -3.0060E-02   5.1447E-04
   1.6872E-02   4.0478E-02   1.8581E-02  -7.9020E-02  -6.8719E-02   2.8300E-02
  -1.1696E-03  -2.2695E-02  -1.8666E-02  -8.9864E-03   2.7092E-02   6.0871E-03
  -3.4575E-02  -1.7160E-02  -1.6128E-02  -9.2621E-05   4.9993E-03  -2.3203E-02
  -9.9149E-03  -1.0918E-02  -1.0896E-02  -1.0885E-02   2.7789E-02
  > E    =  -5.359928160660E+02 +/-   1.201856983690E-04
  > varE =   1.445846891045E-03
* Computing derivatives.
    [walltime: 1m9s elapsed, 1h8m remaining]
    [walltime: 1h elapsed, 9m37s remaining]
  Done. [total walltime: 1h9m]
* Optimizing manipulation constant:
  #igrid a___________ E____________________________________ varE____________
     1     Infinity    -5.35992816E+02 +/-   1.20185698E-04   1.44584689E-03
     2     1.0000E+06  -5.35992816E+02 +/-   1.20185684E-04   1.44584655E-03
     3     2.1544E+05  -5.35992816E+02 +/-   1.20185633E-04   1.44584532E-03
     4     4.6416E+04  -5.35992816E+02 +/-   1.20185398E-04   1.44583966E-03
     5     1.0000E+04  -5.35992816E+02 +/-   1.20184340E-04   1.44581421E-03
     6     2.1544E+03  -5.35992816E+02 +/-   1.20180183E-04   1.44571419E-03
     7     4.6416E+02  -5.35992816E+02 +/-   1.20177052E-04   1.44563887E-03
     8     1.0000E+02  -5.35992801E+02 +/-   1.20534388E-04   1.45424860E-03
     9     2.1544E+01  -5.35992085E+02 +/-   1.40928263E-04   1.98798415E-03
    10     4.6416E+00  -5.35893047E+02 +/-   9.02906684E-04   8.16023110E-02
    11     1.0000E+00  -5.34453815E+02 +/-   2.82301308E-03   7.97705349E-01
    12     2.1544E-01  -5.34292599E+02 +/-   2.87492039E-03   8.27310183E-01
    13     4.6416E-02  -5.34292788E+02 +/-   2.86864847E-03   8.23704403E-01
    14     1.0000E-02  -5.34294423E+02 +/-   2.84825727E-03   8.12035756E-01
    15     2.1544E-03  -5.34295181E+02 +/-   2.83769893E-03   8.06026563E-01
    16     4.6416E-04  -5.34295411E+02 +/-   2.83454955E-03   8.04238442E-01
    17     1.0000E-04  -5.34295465E+02 +/-   2.83381610E-03   8.03822300E-01
    18     2.1544E-05  -5.34295477E+02 +/-   2.83365536E-03   8.03731110E-01
    19     4.6416E-06  -5.34295479E+02 +/-   2.83362060E-03   8.03711392E-01
    20     1.0000E-06  -5.34295480E+02 +/-   2.83361310E-03   8.03707140E-01
    21     0.0000E+00  -5.34295480E+02 +/-   2.83361104E-03   8.03705972E-01
* Iteration # 1: E =  -5.359928161420E+02 +/-   1.201801827210E-04
* Convergence: exiting.
* After optimization:
   3.9434E+00   2.4071E+00   4.1068E+00   4.1944E+00  -1.2544E+00  -1.3766E+00
   6.6763E-01   1.3783E+00   6.7116E-01   6.5864E-01  -1.7540E+00  -1.7883E+00
  -2.1848E+00  -2.1932E+00   3.2281E-01  -4.5985E+00   2.0603E-01   6.3718E-01
   6.3190E-01  -2.0900E+00  -2.0896E+00   3.6330E-01   3.6604E-01   7.7338E-01
   7.5512E-01   3.3051E-01  -1.6779E+00  -1.6746E+00  -2.4229E+00  -2.4241E+00
  -2.6239E+00  -2.6249E+00   2.7864E-01   2.8197E-01  -5.3869E+00  -5.3347E+00
   4.3825E-02   4.2393E-02   7.0402E-02   6.7214E-02   3.5162E-01   3.5967E-01
   3.5134E-01   3.5925E-01  -2.6784E+00  -2.6776E+00  -7.4715E-03  -2.6989E+00
  -2.6976E+00  -2.5510E+00  -2.5534E+00  -2.5512E+00  -2.5537E+00  -2.5511E+00
  -2.5534E+00  -2.5507E+00  -2.5526E+00   1.8247E+01  -1.7203E+01   4.1670E-01
  -1.1027E+00  -7.7693E-01  -6.6861E-01   6.6298E-01  -1.4306E+00   1.8951E+01
  -1.7229E+01   1.9464E+01  -1.7262E+01   1.0907E+00  -1.4233E+00   3.7684E+01
  -3.3106E+01   6.6750E-01  -8.8110E-01   3.4941E-02  -6.8328E-01   1.9127E+01
  -1.7027E+01   8.4072E-01  -1.1947E+00   6.4302E-03  -7.3714E-01   6.4118E-01
  -9.3980E-01   1.8537E+01  -1.6824E+01   1.9554E+01  -1.7136E+01   1.9418E+01
  -1.6791E+01   4.9357E-01  -7.6783E-01   3.8132E+01  -3.2745E+01   3.8113E+01
  -3.2776E+01   3.6040E-01  -4.0636E-01   3.5562E-01  -4.2022E-01   4.5097E-01
  -8.2019E-01   4.5099E-01  -8.1963E-01   1.9060E+01  -1.6383E+01   4.0275E-04
   5.1645E-03   1.9069E+01  -1.6370E+01   1.9384E+01  -1.6838E+01   1.9384E+01
  -1.6838E+01   1.9383E+01  -1.6838E+01   1.9384E+01  -1.6838E+01   7.5537E-01
   1.5876E+00   6.2445E-01   6.1600E-01  -8.4093E-02  -1.8465E-01  -2.5890E-01
  -1.4911E-01  -1.3343E-01   1.2965E-02  -6.6830E-02  -1.3927E-02  -2.3701E-02
  -1.6355E-02   1.6261E-02   1.0142E-02  -2.2782E-02  -5.8693E-02   2.9550E-02
  -1.9529E-02  -2.2679E-02  -1.9615E-02  -4.9169E-03   1.6926E-02   1.0087E-02
  -1.9999E-02  -1.2010E-02  -1.2748E-02  -1.2873E-02  -1.3929E-02  -2.7263E-02
  -2.0473E-02  -2.1022E-02  -2.1097E-02  -2.0462E-02   3.6963E-02   9.7737E-02
  -9.7205E-02  -2.0356E-02  -5.1653E-02  -4.1024E-02   3.9931E-02  -3.2513E-02
  -2.1926E-02  -1.1544E-02   1.9038E-03   3.2199E-02   1.5372E-02  -6.9925E-02
  -5.3966E-02   4.5829E-02  -4.9154E-03  -2.0424E-02  -1.8771E-02  -4.3748E-04
   1.2935E-02   8.8589E-03  -1.4458E-02  -1.4218E-02  -1.3343E-02  -8.8451E-03
  -1.0114E-02  -2.5075E-02  -9.5393E-03  -9.7133E-03  -9.2429E-03  -1.0196E-02
   3.2022E-02  -3.6535E-02  -1.6821E-01  -1.2758E-01  -1.1960E-01  -1.3219E-01
  -3.0037E-02  -6.0150E-02  -1.2078E-02  -6.9321E-03   4.1678E-03   1.8319E-02
   1.6948E-02  -3.0702E-02  -7.2486E-02   4.0901E-03  -2.3111E-02  -2.5280E-02
  -1.4860E-02  -1.7054E-02   3.3185E-02   3.7536E-03  -3.9103E-02  -9.4094E-03
  -8.5068E-03  -5.9534E-03  -1.5237E-03  -2.5437E-02  -2.3272E-02  -2.3222E-02
  -2.5316E-02  -2.4602E-02   3.0253E-02  -2.9509E-02  -1.0118E-01  -5.5852E-02
  -1.0312E-01  -6.2455E-02   1.2864E-02  -1.4823E-02  -3.0064E-02   5.0761E-04
   1.6868E-02   4.0473E-02   1.8577E-02  -7.9024E-02  -6.8712E-02   2.8300E-02
  -1.1714E-03  -2.2690E-02  -1.8667E-02  -8.9929E-03   2.7092E-02   6.0859E-03
  -3.4577E-02  -1.7158E-02  -1.6128E-02  -9.3267E-05   4.9930E-03  -2.3205E-02
  -9.9134E-03  -1.0916E-02  -1.0895E-02  -1.0883E-02   2.7794E-02
  > Energy =  -5.359928161420E+02 +/-   1.201801827210E-04
  > varE =   1.445714186413E-03

VMC #8:
* Size of Hilbert space =   1.1779E+07
* Number of equil. steps   = 1000
* Running VMC equilibration.
  Done. [total walltime: 0.09s]
* Equil. acc.ratio (%)     =  16.2235
* Sample config after equilibration:
  +-------------+
  |  u       d  |
  |      d      |
  |    d   u    |
  |d           u|
  |u           2|
  |    u   2    |
  |      0      |
  |  d       0  |
  +-------------+
* Number of accum. steps   = 500480 x 10
* Running VMC accumulation.
    [walltime: 1m elapsed, 30.2s remaining]
  Done. [total walltime: 1m30s]
* Acceptance ratio (%)     =  16.1298
* Etot/t                   =  -5.359927797485E+02 +/-   5.130419911578E-05
  > Ttot/t                 =  -3.899529566952E+01 +/-   6.993782467695E-04
  > Utot/t                 =   1.646914945905E+01 +/-   6.928243890768E-04
* var[Eloc/t]              =   1.308774127477E-03 +/-   1.292902992354E-05
* Correlation length       =   1.006532612317E+00
* log10 Psi^2 range: -32.43843899716335 -- -24.17881654863534
* log10 Pgen range : -32.43843899716335 -- -24.17881654863534
* Site occupation (ave. no. electrons per config.):
  > Site_  ___eu____  ___ed____
      1        0.500      0.499
      2        0.503      0.502
      3        0.504      0.502
      4        0.501      0.500
      5        0.497      0.498
      6        0.496      0.498
      7        0.501      0.502
      8        0.500      0.501
      9        0.497      0.499
     10        0.499      0.499
     11        0.499      0.499
     12        0.504      0.502
     13        0.502      0.501
     14        0.498      0.497
* Pair-correlation analysis (ave. no. pairs per config.):
  > Shell  nsite  ___dh____  __eueu___  __eued___
      0      1        0          0          2.415
      1      1        0.873      0.589      2.565
      2      1        0.297      0.655      1.089
      3      1        0.251      0.719      1.089
      4      1        0.658      1.093      2.306
      5      1        0.492      1.471      2.119
      6      1        0.226      2.064      1.921
      7      1        0.072      0.414      0.565
      8      1        0.138      0.847      1.095
      9      1        0.157      0.913      1.048
     10      1        0.283      1.862      2.092
     11      1        0.241      2.075      1.920
     12      1        0.243      2.131      1.891
     13      1        0.240      2.119      1.923
     14      1        0.136      1.053      0.949
     15      1        0.216      2.148      1.884
     16      1        0.220      1.950      2.046
     17      1        0.248      2.028      1.950
     18      1        0.221      2.071      1.959
     19      1        0.109      0.987      1.003
     20      1        0.109      1.001      0.986
     21      1        0.263      1.933      2.056
     22      1        0.252      2.043      1.966
     23      1        0.122      0.943      1.055
     24      1        0.121      0.944      1.050
     25      1        0.223      1.982      2.023
     26      1        0.116      0.991      1.023
     27      1        0.223      2.024      1.981
     28      1        0.065      0.481      0.506
     29      1        0.064      0.486      0.511
     30      1        0.064      0.481      0.506
     31      1        0.064      0.483      0.507
     32      1        0.113      1.019      0.999

Optimization #8:
* Method          : lls
* Target function : energy
* No. of configs. : 100096
* No. of params.  : 251
* Before optimization:
   3.9434E+00   2.4071E+00   4.1068E+00   4.1944E+00  -1.2544E+00  -1.3766E+00
   6.6763E-01   1.3783E+00   6.7116E-01   6.5864E-01  -1.7540E+00  -1.7883E+00
  -2.1848E+00  -2.1932E+00   3.2281E-01  -4.5985E+00   2.0603E-01   6.3718E-01
   6.3190E-01  -2.0900E+00  -2.0896E+00   3.6330E-01   3.6604E-01   7.7338E-01
   7.5512E-01   3.3051E-01  -1.6779E+00  -1.6746E+00  -2.4229E+00  -2.4241E+00
  -2.6239E+00  -2.6249E+00   2.7864E-01   2.8197E-01  -5.3869E+00  -5.3347E+00
   4.3825E-02   4.2393E-02   7.0402E-02   6.7214E-02   3.5162E-01   3.5967E-01
   3.5134E-01   3.5925E-01  -2.6784E+00  -2.6776E+00  -7.4715E-03  -2.6989E+00
  -2.6976E+00  -2.5510E+00  -2.5534E+00  -2.5512E+00  -2.5537E+00  -2.5511E+00
  -2.5534E+00  -2.5507E+00  -2.5526E+00   1.8247E+01  -1.7203E+01   4.1670E-01
  -1.1027E+00  -7.7693E-01  -6.6861E-01   6.6298E-01  -1.4306E+00   1.8951E+01
  -1.7229E+01   1.9464E+01  -1.7262E+01   1.0907E+00  -1.4233E+00   3.7684E+01
  -3.3106E+01   6.6750E-01  -8.8110E-01   3.4941E-02  -6.8328E-01   1.9127E+01
  -1.7027E+01   8.4072E-01  -1.1947E+00   6.4302E-03  -7.3714E-01   6.4118E-01
  -9.3980E-01   1.8537E+01  -1.6824E+01   1.9554E+01  -1.7136E+01   1.9418E+01
  -1.6791E+01   4.9357E-01  -7.6783E-01   3.8132E+01  -3.2745E+01   3.8113E+01
  -3.2776E+01   3.6040E-01  -4.0636E-01   3.5562E-01  -4.2022E-01   4.5097E-01
  -8.2019E-01   4.5099E-01  -8.1963E-01   1.9060E+01  -1.6383E+01   4.0275E-04
   5.1645E-03   1.9069E+01  -1.6370E+01   1.9384E+01  -1.6838E+01   1.9384E+01
  -1.6838E+01   1.9383E+01  -1.6838E+01   1.9384E+01  -1.6838E+01   7.5537E-01
   1.5876E+00   6.2445E-01   6.1600E-01  -8.4093E-02  -1.8465E-01  -2.5890E-01
  -1.4911E-01  -1.3343E-01   1.2965E-02  -6.6830E-02  -1.3927E-02  -2.3701E-02
  -1.6355E-02   1.6261E-02   1.0142E-02  -2.2782E-02  -5.8693E-02   2.9550E-02
  -1.9529E-02  -2.2679E-02  -1.9615E-02  -4.9169E-03   1.6926E-02   1.0087E-02
  -1.9999E-02  -1.2010E-02  -1.2748E-02  -1.2873E-02  -1.3929E-02  -2.7263E-02
  -2.0473E-02  -2.1022E-02  -2.1097E-02  -2.0462E-02   3.6963E-02   9.7737E-02
  -9.7205E-02  -2.0356E-02  -5.1653E-02  -4.1024E-02   3.9931E-02  -3.2513E-02
  -2.1926E-02  -1.1544E-02   1.9038E-03   3.2199E-02   1.5372E-02  -6.9925E-02
  -5.3966E-02   4.5829E-02  -4.9154E-03  -2.0424E-02  -1.8771E-02  -4.3748E-04
   1.2935E-02   8.8589E-03  -1.4458E-02  -1.4218E-02  -1.3343E-02  -8.8451E-03
  -1.0114E-02  -2.5075E-02  -9.5393E-03  -9.7133E-03  -9.2429E-03  -1.0196E-02
   3.2022E-02  -3.6535E-02  -1.6821E-01  -1.2758E-01  -1.1960E-01  -1.3219E-01
  -3.0037E-02  -6.0150E-02  -1.2078E-02  -6.9321E-03   4.1678E-03   1.8319E-02
   1.6948E-02  -3.0702E-02  -7.2486E-02   4.0901E-03  -2.3111E-02  -2.5280E-02
  -1.4860E-02  -1.7054E-02   3.3185E-02   3.7536E-03  -3.9103E-02  -9.4094E-03
  -8.5068E-03  -5.9534E-03  -1.5237E-03  -2.5437E-02  -2.3272E-02  -2.3222E-02
  -2.5316E-02  -2.4602E-02   3.0253E-02  -2.9509E-02  -1.0118E-01  -5.5852E-02
  -1.0312E-01  -6.2455E-02   1.2864E-02  -1.4823E-02  -3.0064E-02   5.0761E-04
   1.6868E-02   4.0473E-02   1.8577E-02  -7.9024E-02  -6.8712E-02   2.8300E-02
  -1.1714E-03  -2.2690E-02  -1.8667E-02  -8.9929E-03   2.7092E-02   6.0859E-03
  -3.4577E-02  -1.7158E-02  -1.6128E-02  -9.3267E-05   4.9930E-03  -2.3205E-02
  -9.9134E-03  -1.0916E-02  -1.0895E-02  -1.0883E-02   2.7794E-02
  > E    =  -5.359927843861E+02 +/-   1.134035839282E-04
  > varE =   1.287271880569E-03
* Computing derivatives.
    [walltime: 1m9s elapsed, 1h8m remaining]
    [walltime: 1h elapsed, 9m31s remaining]
  Done. [total walltime: 1h9m]
* Optimizing manipulation constant:
  #igrid a___________ E____________________________________ varE____________
     1     Infinity    -5.35992784E+02 +/-   1.13403584E-04   1.28727188E-03
     2     1.0000E+06  -5.35992784E+02 +/-   1.13403579E-04   1.28727177E-03
     3     2.1544E+05  -5.35992784E+02 +/-   1.13403562E-04   1.28727139E-03
     4     4.6416E+04  -5.35992784E+02 +/-   1.13403483E-04   1.28726959E-03
     5     1.0000E+04  -5.35992784E+02 +/-   1.13403115E-04   1.28726123E-03
     6     2.1544E+03  -5.35992784E+02 +/-   1.13401408E-04   1.28722247E-03
     7     4.6416E+02  -5.35992785E+02 +/-   1.13393504E-04   1.28704306E-03
     8     1.0000E+02  -5.35992786E+02 +/-   1.13357267E-04   1.28622060E-03
     9     2.1544E+01  -5.35992791E+02 +/-   1.13198092E-04   1.28261094E-03
    10     4.6416E+00  -5.35992813E+02 +/-   1.12608516E-04   1.26928514E-03
    11     1.0000E+00  -5.35992863E+02 +/-   1.11529208E-04   1.24507054E-03
    12     2.1544E-01  -5.35992062E+02 +/-   1.31961881E-04   1.74306553E-03
    13     4.6416E-02  -5.35879060E+02 +/-   8.94067388E-04   8.00123877E-02
    14     1.0000E-02  -5.35411036E+02 +/-   1.94009236E-03   3.76757178E-01
    15     2.1544E-03  -5.33519109E+02 +/-   2.24370978E-03   5.03906643E-01
    16     4.6416E-04  -5.32279589E+02 +/-   1.82939656E-02   3.34990462E+01
    17     1.0000E-04  -5.32266601E+02 +/-   2.37607006E-02   5.65112879E+01
    18     2.1544E-05  -5.32262188E+02 +/-   2.52769217E-02   6.39536134E+01
    19     4.6416E-06  -5.32261156E+02 +/-   2.56212551E-02   6.57078905E+01
    20     1.0000E-06  -5.32260930E+02 +/-   2.56962486E-02   6.60931075E+01
    21     0.0000E+00  -5.32260867E+02 +/-   2.57169224E-02   6.61995003E+01
  ParMin   1.9703E+00  -5.35992839E+02 +/-   1.11954112E-04   1.25457556E-03
  # Using grid point #11
* Iteration # 1: E =  -5.359928626806E+02 +/-   1.115292075695E-04
* Computing derivatives.
    [walltime: 1m9s elapsed, 1h8m remaining]
    [walltime: 1h elapsed, 9m37s remaining]
  Done. [total walltime: 1h9m]
* Optimizing manipulation constant:
  #igrid a___________ E____________________________________ varE____________
     1     Infinity    -5.35992863E+02 +/-   1.11529208E-04   1.24507054E-03
     2     1.0000E+06  -5.35992863E+02 +/-   1.11529206E-04   1.24507050E-03
     3     2.1544E+05  -5.35992863E+02 +/-   1.11529200E-04   1.24507036E-03
     4     4.6416E+04  -5.35992863E+02 +/-   1.11529172E-04   1.24506975E-03
     5     1.0000E+04  -5.35992863E+02 +/-   1.11529049E-04   1.24506698E-03
     6     2.1544E+03  -5.35992863E+02 +/-   1.11528576E-04   1.24505644E-03
     7     4.6416E+02  -5.35992863E+02 +/-   1.11528594E-04   1.24505683E-03
     8     1.0000E+02  -5.35992861E+02 +/-   1.11579907E-04   1.24620277E-03
     9     2.1544E+01  -5.35992777E+02 +/-   1.14642218E-04   1.31554554E-03
    10     4.6416E+00  -5.35954964E+02 +/-   5.68293500E-04   3.23267542E-02
    11     1.0000E+00  -5.32568788E+02 +/-   3.34755822E-03   1.12169039E+00
    12     2.1544E-01  -5.32361219E+02 +/-   3.04174810E-03   9.26111366E-01
    13     4.6416E-02  -5.34293281E+02 +/-   1.38394954E-05   1.91715502E-05
    14     1.0000E-02  -5.34292777E+02 +/-   2.86781785E-03   8.23227464E-01
    15     2.1544E-03  -5.34292742E+02 +/-   2.86808972E-03   8.23383555E-01
    16     4.6416E-04  -5.34292736E+02 +/-   2.86813809E-03   8.23411327E-01
    17     1.0000E-04  -5.34292735E+02 +/-   2.86814811E-03   8.23417082E-01
    18     2.1544E-05  -5.34292734E+02 +/-   2.86815025E-03   8.23418311E-01
    19     4.6416E-06  -5.34292734E+02 +/-   2.86815071E-03   8.23418576E-01
    20     1.0000E-06  -5.34292734E+02 +/-   2.86815081E-03   8.23418633E-01
    21     0.0000E+00  -5.34292734E+02 +/-   2.86815084E-03   8.23418648E-01
* Iteration # 2: E =  -5.359928626970E+02 +/-   1.115285763728E-04
* Convergence: exiting.
* After optimization:
   4.9904E+00   3.4064E+00   5.1505E+00   5.2654E+00  -1.0860E+00  -1.2171E+00
  -4.4806E-04   1.3825E+00   1.7525E-01   1.6376E-01  -1.9329E+00  -1.9650E+00
  -2.1936E+00  -2.2023E+00  -9.1937E-03  -4.2832E+00  -4.5826E-01   3.0649E-01
   3.0122E-01  -2.2671E+00  -2.2664E+00  -1.3427E-01  -1.3113E-01   4.4315E-01
   4.2475E-01  -3.3119E-01  -1.5163E+00  -1.5136E+00  -2.4316E+00  -2.4330E+00
  -2.8002E+00  -2.8015E+00   1.1554E-01   1.1893E-01  -5.0774E+00  -5.0247E+00
  -2.8664E-01  -2.8886E-01  -2.6022E-01  -2.6432E-01   1.8706E-01   1.9491E-01
   1.8729E-01   1.9521E-01  -2.5238E+00  -2.5223E+00  -6.9183E-03  -2.5435E+00
  -2.5421E+00  -2.7270E+00  -2.7295E+00  -2.7267E+00  -2.7300E+00  -2.7267E+00
  -2.7298E+00  -2.7266E+00  -2.7295E+00   1.7154E+01  -1.6298E+01   5.1589E+00
  -5.1772E+00  -7.7711E-01  -6.7344E-01   4.2198E+00  -4.4967E+00   2.0244E+01
  -1.8346E+01   1.9579E+01  -1.7368E+01   3.4775E+00  -3.4771E+00   3.5527E+01
  -3.1267E+01   5.4036E+00  -4.9539E+00   2.4034E+00  -2.7221E+00   2.0420E+01
  -1.8144E+01   4.3995E+00  -4.2585E+00   2.3749E+00  -2.7747E+00   5.3789E+00
  -5.0128E+00   1.7460E+01  -1.5907E+01   1.9669E+01  -1.7242E+01   2.0710E+01
  -1.7907E+01   1.6852E+00  -1.7959E+00   3.5980E+01  -3.0902E+01   3.5959E+01
  -3.0934E+01   2.7286E+00  -2.4430E+00   2.7245E+00  -2.4576E+00   1.6429E+00
  -1.8485E+00   1.6425E+00  -1.8469E+00   1.7984E+01  -1.5461E+01   5.2486E-04
   4.9924E-03   1.7991E+01  -1.5449E+01   2.0674E+01  -1.7952E+01   2.0675E+01
  -1.7953E+01   2.0675E+01  -1.7953E+01   2.0674E+01  -1.7953E+01   7.2906E-01
   1.6013E+00   6.0263E-01   5.9479E-01  -8.6860E-02  -1.7540E-01  -2.8404E-01
  -1.4273E-01  -1.2985E-01   1.1144E-02  -5.8174E-02  -1.2802E-02  -1.7747E-02
  -1.5451E-02   1.1878E-02   8.7028E-03  -2.1080E-02  -5.8826E-02   3.1837E-02
  -2.2379E-02  -1.8666E-02  -1.8277E-02  -5.1614E-03   1.5172E-02   8.3673E-03
  -2.3595E-02  -1.4504E-02  -1.4151E-02  -1.5981E-02  -1.0420E-02  -2.8963E-02
  -2.2862E-02  -2.3461E-02  -2.3711E-02  -2.3600E-02   4.0758E-02   9.6253E-02
  -1.0045E-01  -3.8903E-02  -5.9651E-02  -4.4225E-02   4.1512E-02  -2.5629E-02
  -2.4081E-02  -9.1293E-03   2.0302E-03   3.2054E-02   1.7734E-02  -6.9770E-02
  -4.6662E-02   5.0065E-02  -6.4540E-03  -1.6582E-02  -1.6717E-02   1.8417E-03
   9.6157E-03   6.9380E-03  -1.8520E-02  -1.5390E-02  -1.5341E-02  -1.2055E-02
  -2.5320E-03  -2.4777E-02  -9.5277E-03  -9.1578E-03  -9.5473E-03  -1.0781E-02
   3.7391E-02  -4.4591E-02  -1.7243E-01  -1.5078E-01  -1.1274E-01  -1.3677E-01
  -3.2585E-02  -6.1426E-02  -1.5085E-02   2.9794E-04   6.9787E-03   1.1760E-02
   8.4987E-03  -3.1101E-02  -6.8394E-02   2.3534E-03  -2.6453E-02  -2.3654E-02
  -1.4929E-02  -1.9124E-02   3.5510E-02   8.8398E-03  -3.7776E-02  -9.9043E-03
  -9.7741E-03  -5.6475E-03  -2.4940E-03  -2.4341E-02  -2.7064E-02  -2.6460E-02
  -2.7695E-02  -2.6325E-02   3.7848E-02  -4.1552E-02  -1.1682E-01  -7.6706E-02
  -1.1305E-01  -7.1603E-02   1.6571E-02  -1.5481E-02  -3.6214E-02   4.2855E-03
   1.9941E-02   4.0686E-02   1.6545E-02  -8.1990E-02  -5.4370E-02   2.9986E-02
  -1.3184E-03  -2.1546E-02  -1.8310E-02  -8.8574E-03   2.7703E-02   1.0754E-02
  -3.4075E-02  -1.8377E-02  -1.7946E-02   1.2550E-03   7.4292E-03  -1.9283E-02
  -8.5288E-03  -9.7836E-03  -9.4761E-03  -1.0979E-02   3.4534E-02
  > Energy =  -5.359928626970E+02 +/-   1.115285763728E-04
  > varE =   1.245056442616E-03

VMC #9:
* Size of Hilbert space =   1.1779E+07
* Number of equil. steps   = 1000
* Running VMC equilibration.
  Done. [total walltime: 0.09s]
* Equil. acc.ratio (%)     =  15.4985
* Sample config after equilibration:
  +-------------+
  |  u       u  |
  |      0      |
  |    d   2    |
  |2           d|
  |0           0|
  |    u   0    |
  |      d      |
  |  2       2  |
  +-------------+
* Number of accum. steps   = 500480 x 10
* Running VMC accumulation.
    [walltime: 1m elapsed, 30.2s remaining]
  Done. [total walltime: 1m30s]
* Acceptance ratio (%)     =  15.4651
* Etot/t                   =  -5.359930022562E+02 +/-   5.142610593694E-05
  > Ttot/t                 =  -3.899774566298E+01 +/-   6.781724291275E-04
  > Utot/t                 =   1.647137694472E+01 +/-   6.762686783290E-04
* var[Eloc/t]              =   1.330868160293E-03 +/-   2.190415983622E-05
* Correlation length       =   9.945324824102E-01
* log10 Psi^2 range: -32.54420983310848 -- -24.34844022449642
* log10 Pgen range : -32.54420983310848 -- -24.34844022449642
* Site occupation (ave. no. electrons per config.):
  > Site_  ___eu____  ___ed____
      1        0.497      0.498
      2        0.500      0.499
      3        0.504      0.501
      4        0.505      0.503
      5        0.499      0.498
      6        0.495      0.498
      7        0.502      0.503
      8        0.502      0.501
      9        0.499      0.498
     10        0.497      0.500
     11        0.496      0.496
     12        0.502      0.502
     13        0.504      0.498
     14        0.499      0.503
* Pair-correlation analysis (ave. no. pairs per config.):
  > Shell  nsite  ___dh____  __eueu___  __eued___
      0      1        0          0          2.425
      1      1        0.875      0.593      2.560
      2      1        0.298      0.654      1.080
      3      1        0.251      0.712      1.087
      4      1        0.660      1.104      2.304
      5      1        0.490      1.472      2.121
      6      1        0.233      2.079      1.926
      7      1        0.072      0.419      0.570
      8      1        0.139      0.851      1.100
      9      1        0.158      0.908      1.043
     10      1        0.281      1.856      2.086
     11      1        0.244      2.071      1.922
     12      1        0.248      2.128      1.896
     13      1        0.243      2.102      1.914
     14      1        0.137      1.048      0.945
     15      1        0.219      2.151      1.880
     16      1        0.224      1.963      2.060
     17      1        0.249      2.031      1.949
     18      1        0.227      2.080      1.957
     19      1        0.109      0.993      1.006
     20      1        0.111      1.006      0.992
     21      1        0.264      1.918      2.051
     22      1        0.251      2.043      1.950
     23      1        0.121      0.944      1.058
     24      1        0.121      0.942      1.063
     25      1        0.225      1.982      2.024
     26      1        0.115      0.989      1.017
     27      1        0.224      2.020      1.985
     28      1        0.065      0.481      0.506
     29      1        0.064      0.481      0.511
     30      1        0.066      0.482      0.511
     31      1        0.064      0.481      0.507
     32      1        0.114      1.015      0.994

Optimization #9:
* Method          : lls
* Target function : energy
* No. of configs. : 100096
* No. of params.  : 251
* Before optimization:
   4.9904E+00   3.4064E+00   5.1505E+00   5.2654E+00  -1.0860E+00  -1.2171E+00
  -4.4806E-04   1.3825E+00   1.7525E-01   1.6376E-01  -1.9329E+00  -1.9650E+00
  -2.1936E+00  -2.2023E+00  -9.1937E-03  -4.2832E+00  -4.5826E-01   3.0649E-01
   3.0122E-01  -2.2671E+00  -2.2664E+00  -1.3427E-01  -1.3113E-01   4.4315E-01
   4.2475E-01  -3.3119E-01  -1.5163E+00  -1.5136E+00  -2.4316E+00  -2.4330E+00
  -2.8002E+00  -2.8015E+00   1.1554E-01   1.1893E-01  -5.0774E+00  -5.0247E+00
  -2.8664E-01  -2.8886E-01  -2.6022E-01  -2.6432E-01   1.8706E-01   1.9491E-01
   1.8729E-01   1.9521E-01  -2.5238E+00  -2.5223E+00  -6.9183E-03  -2.5435E+00
  -2.5421E+00  -2.7270E+00  -2.7295E+00  -2.7267E+00  -2.7300E+00  -2.7267E+00
  -2.7298E+00  -2.7266E+00  -2.7295E+00   1.7154E+01  -1.6298E+01   5.1589E+00
  -5.1772E+00  -7.7711E-01  -6.7344E-01   4.2198E+00  -4.4967E+00   2.0244E+01
  -1.8346E+01   1.9579E+01  -1.7368E+01   3.4775E+00  -3.4771E+00   3.5527E+01
  -3.1267E+01   5.4036E+00  -4.9539E+00   2.4034E+00  -2.7221E+00   2.0420E+01
  -1.8144E+01   4.3995E+00  -4.2585E+00   2.3749E+00  -2.7747E+00   5.3789E+00
  -5.0128E+00   1.7460E+01  -1.5907E+01   1.9669E+01  -1.7242E+01   2.0710E+01
  -1.7907E+01   1.6852E+00  -1.7959E+00   3.5980E+01  -3.0902E+01   3.5959E+01
  -3.0934E+01   2.7286E+00  -2.4430E+00   2.7245E+00  -2.4576E+00   1.6429E+00
  -1.8485E+00   1.6425E+00  -1.8469E+00   1.7984E+01  -1.5461E+01   5.2486E-04
   4.9924E-03   1.7991E+01  -1.5449E+01   2.0674E+01  -1.7952E+01   2.0675E+01
  -1.7953E+01   2.0675E+01  -1.7953E+01   2.0674E+01  -1.7953E+01   7.2906E-01
   1.6013E+00   6.0263E-01   5.9479E-01  -8.6860E-02  -1.7540E-01  -2.8404E-01
  -1.4273E-01  -1.2985E-01   1.1144E-02  -5.8174E-02  -1.2802E-02  -1.7747E-02
  -1.5451E-02   1.1878E-02   8.7028E-03  -2.1080E-02  -5.8826E-02   3.1837E-02
  -2.2379E-02  -1.8666E-02  -1.8277E-02  -5.1614E-03   1.5172E-02   8.3673E-03
  -2.3595E-02  -1.4504E-02  -1.4151E-02  -1.5981E-02  -1.0420E-02  -2.8963E-02
  -2.2862E-02  -2.3461E-02  -2.3711E-02  -2.3600E-02   4.0758E-02   9.6253E-02
  -1.0045E-01  -3.8903E-02  -5.9651E-02  -4.4225E-02   4.1512E-02  -2.5629E-02
  -2.4081E-02  -9.1293E-03   2.0302E-03   3.2054E-02   1.7734E-02  -6.9770E-02
  -4.6662E-02   5.0065E-02  -6.4540E-03  -1.6582E-02  -1.6717E-02   1.8417E-03
   9.6157E-03   6.9380E-03  -1.8520E-02  -1.5390E-02  -1.5341E-02  -1.2055E-02
  -2.5320E-03  -2.4777E-02  -9.5277E-03  -9.1578E-03  -9.5473E-03  -1.0781E-02
   3.7391E-02  -4.4591E-02  -1.7243E-01  -1.5078E-01  -1.1274E-01  -1.3677E-01
  -3.2585E-02  -6.1426E-02  -1.5085E-02   2.9794E-04   6.9787E-03   1.1760E-02
   8.4987E-03  -3.1101E-02  -6.8394E-02   2.3534E-03  -2.6453E-02  -2.3654E-02
  -1.4929E-02  -1.9124E-02   3.5510E-02   8.8398E-03  -3.7776E-02  -9.9043E-03
  -9.7741E-03  -5.6475E-03  -2.4940E-03  -2.4341E-02  -2.7064E-02  -2.6460E-02
  -2.7695E-02  -2.6325E-02   3.7848E-02  -4.1552E-02  -1.1682E-01  -7.6706E-02
  -1.1305E-01  -7.1603E-02   1.6571E-02  -1.5481E-02  -3.6214E-02   4.2855E-03
   1.9941E-02   4.0686E-02   1.6545E-02  -8.1990E-02  -5.4370E-02   2.9986E-02
  -1.3184E-03  -2.1546E-02  -1.8310E-02  -8.8574E-03   2.7703E-02   1.0754E-02
  -3.4075E-02  -1.8377E-02  -1.7946E-02   1.2550E-03   7.4292E-03  -1.9283E-02
  -8.5288E-03  -9.7836E-03  -9.4761E-03  -1.0979E-02   3.4534E-02
  > E    =  -5.359930960141E+02 +/-   1.163449158149E-04
  > varE =   1.354913412983E-03
* Computing derivatives.
    [walltime: 1m9s elapsed, 1h8m remaining]
    [walltime: 1h elapsed, 9m38s remaining]
  Done. [total walltime: 1h9m]
* Optimizing manipulation constant:
  #igrid a___________ E____________________________________ varE____________
     1     Infinity    -5.35993096E+02 +/-   1.16344916E-04   1.35491341E-03
     2     1.0000E+06  -5.35993096E+02 +/-   1.16344909E-04   1.35491326E-03
     3     2.1544E+05  -5.35993096E+02 +/-   1.16344885E-04   1.35491270E-03
     4     4.6416E+04  -5.35993096E+02 +/-   1.16344774E-04   1.35491011E-03
     5     1.0000E+04  -5.35993096E+02 +/-   1.16344282E-04   1.35489865E-03
     6     2.1544E+03  -5.35993096E+02 +/-   1.16342483E-04   1.35485676E-03
     7     4.6416E+02  -5.35993096E+02 +/-   1.16344843E-04   1.35491173E-03
     8     1.0000E+02  -5.35993083E+02 +/-   1.16686907E-04   1.36289054E-03
     9     2.1544E+01  -5.35991310E+02 +/-   1.66763335E-04   2.78367075E-03
    10     4.6416E+00  -5.34949624E+02 +/-   2.52089230E-03   6.36099869E-01
    11     1.0000E+00  -5.32479742E+02 +/-   2.27997957E-03   5.20329720E-01
    12     2.1544E-01  -5.32473131E+02 +/-   2.18692467E-03   4.78723085E-01
    13     4.6416E-02  -5.34307834E+02 +/-   4.62191747E-05   2.13826288E-04
    14     1.0000E-02  -5.34295856E+02 +/-   2.79284083E-03   7.80744787E-01
    15     2.1544E-03  -5.34295371E+02 +/-   2.80135034E-03   7.85509740E-01
    16     4.6416E-04  -5.34295296E+02 +/-   2.80260083E-03   7.86211182E-01
    17     1.0000E-04  -5.34295280E+02 +/-   2.80284669E-03   7.86349126E-01
    18     2.1544E-05  -5.34295277E+02 +/-   2.80289859E-03   7.86378249E-01
    19     4.6416E-06  -5.34295277E+02 +/-   2.80290972E-03   7.86384496E-01
    20     1.0000E-06  -5.34295276E+02 +/-   2.80291212E-03   7.86385841E-01
    21     0.0000E+00  -5.34295276E+02 +/-   2.80291278E-03   7.86386210E-01
* Iteration # 1: E =  -5.359930960442E+02 +/-   1.163424834797E-04
* Convergence: exiting.
* After optimization:
   4.9944E+00   3.4104E+00   5.1545E+00   5.2694E+00  -1.0857E+00  -1.2169E+00
  -1.0969E-03   1.3826E+00   1.7501E-01   1.6351E-01  -1.9329E+00  -1.9651E+00
  -2.1933E+00  -2.2020E+00  -9.0455E-03  -4.2827E+00  -4.5891E-01   3.0617E-01
   3.0090E-01  -2.2671E+00  -2.2665E+00  -1.3453E-01  -1.3138E-01   4.4283E-01
   4.2443E-01  -3.3184E-01  -1.5161E+00  -1.5134E+00  -2.4313E+00  -2.4327E+00
  -2.8003E+00  -2.8016E+00   1.1562E-01   1.1901E-01  -5.0769E+00  -5.0243E+00
  -2.8697E-01  -2.8918E-01  -2.6054E-01  -2.6464E-01   1.8713E-01   1.9498E-01
   1.8736E-01   1.9528E-01  -2.5236E+00  -2.5221E+00  -6.9192E-03  -2.5432E+00
  -2.5419E+00  -2.7271E+00  -2.7296E+00  -2.7268E+00  -2.7301E+00  -2.7268E+00
  -2.7299E+00  -2.7267E+00  -2.7296E+00   1.7152E+01  -1.6296E+01   5.1634E+00
  -5.1811E+00  -7.7712E-01  -6.7344E-01   4.2216E+00  -4.4982E+00   2.0245E+01
  -1.8346E+01   1.9577E+01  -1.7366E+01   3.4766E+00  -3.4762E+00   3.5524E+01
  -3.1264E+01   5.4082E+00  -4.9579E+00   2.4057E+00  -2.7240E+00   2.0421E+01
  -1.8144E+01   4.4013E+00  -4.2600E+00   2.3772E+00  -2.7767E+00   5.3835E+00
  -5.0167E+00   1.7458E+01  -1.5905E+01   1.9667E+01  -1.7241E+01   2.0711E+01
  -1.7907E+01   1.6848E+00  -1.7955E+00   3.5977E+01  -3.0899E+01   3.5956E+01
  -3.0931E+01   2.7309E+00  -2.4449E+00   2.7268E+00  -2.4596E+00   1.6424E+00
  -1.8481E+00   1.6420E+00  -1.8465E+00   1.7982E+01  -1.5460E+01   5.2536E-04
   4.9932E-03   1.7990E+01  -1.5447E+01   2.0675E+01  -1.7953E+01   2.0676E+01
  -1.7954E+01   2.0675E+01  -1.7953E+01   2.0675E+01  -1.7954E+01   7.2766E-01
   1.5982E+00   6.0144E-01   5.9365E-01  -8.6674E-02  -1.7505E-01  -2.8349E-01
  -1.4244E-01  -1.2959E-01   1.1121E-02  -5.8068E-02  -1.2780E-02  -1.7726E-02
  -1.5420E-02   1.1857E-02   8.6831E-03  -2.1032E-02  -5.8725E-02   3.1779E-02
  -2.2337E-02  -1.8628E-02  -1.8238E-02  -5.1483E-03   1.5142E-02   8.3409E-03
  -2.3553E-02  -1.4477E-02  -1.4124E-02  -1.5954E-02  -1.0394E-02  -2.8907E-02
  -2.2814E-02  -2.3413E-02  -2.3663E-02  -2.3551E-02   4.0685E-02   9.6081E-02
  -1.0025E-01  -3.8817E-02  -5.9531E-02  -4.4127E-02   4.1428E-02  -2.5585E-02
  -2.4038E-02  -9.1225E-03   2.0253E-03   3.1993E-02   1.7695E-02  -6.9628E-02
  -4.6585E-02   4.9973E-02  -6.4424E-03  -1.6548E-02  -1.6679E-02   1.8407E-03
   9.5944E-03   6.9178E-03  -1.8490E-02  -1.5360E-02  -1.5311E-02  -1.2033E-02
  -2.5263E-03  -2.4732E-02  -9.5065E-03  -9.1366E-03  -9.5260E-03  -1.0757E-02
   3.7318E-02  -4.4569E-02  -1.7240E-01  -1.5075E-01  -1.1272E-01  -1.3675E-01
  -3.2588E-02  -6.1438E-02  -1.5093E-02   2.8824E-04   6.9697E-03   1.1759E-02
   8.5050E-03  -3.1102E-02  -6.8396E-02   2.3571E-03  -2.6455E-02  -2.3653E-02
  -1.4930E-02  -1.9127E-02   3.5509E-02   8.8311E-03  -3.7776E-02  -9.8943E-03
  -9.7640E-03  -5.6517E-03  -2.5007E-03  -2.4332E-02  -2.7060E-02  -2.6455E-02
  -2.7691E-02  -2.6321E-02   3.7853E-02  -4.1525E-02  -1.1679E-01  -7.6682E-02
  -1.1303E-01  -7.1587E-02   1.6564E-02  -1.5491E-02  -3.6224E-02   4.2779E-03
   1.9929E-02   4.0685E-02   1.6548E-02  -8.1989E-02  -5.4376E-02   2.9989E-02
  -1.3215E-03  -2.1545E-02  -1.8308E-02  -8.8610E-03   2.7698E-02   1.0748E-02
  -3.4076E-02  -1.8367E-02  -1.7936E-02   1.2546E-03   7.4175E-03  -1.9277E-02
  -8.5242E-03  -9.7793E-03  -9.4726E-03  -1.0975E-02   3.4537E-02
  > Energy =  -5.359930960442E+02 +/-   1.163424834797E-04
  > varE =   1.354856761274E-03

VMC #10:
* Size of Hilbert space =   1.1779E+07
* Number of equil. steps   = 1000
* Running VMC equilibration.
  Done. [total walltime: 0.09s]
* Equil. acc.ratio (%)     =  15.4020
* Sample config after equilibration:
  +-------------+
  |  0       d  |
  |      0      |
  |    2   u    |
  |d           u|
  |2           2|
  |    0   d    |
  |      2      |
  |  u       0  |
  +-------------+
* Number of accum. steps   = 500480 x 10
* Running VMC accumulation.
    [walltime: 1m elapsed, 30.1s remaining]
  Done. [total walltime: 1m30s]
* Acceptance ratio (%)     =  15.4159
* Etot/t                   =  -5.359929663021E+02 +/-   5.137648383161E-05
  > Ttot/t                 =  -3.899763448451E+01 +/-   6.881913881005E-04
  > Utot/t                 =   1.647130172036E+01 +/-   6.845746924782E-04
* var[Eloc/t]              =   1.302409642404E-03 +/-   1.207108825011E-05
* Correlation length       =   1.014303398196E+00
* log10 Psi^2 range: -32.56784022136937 -- -24.34901955636722
* log10 Pgen range : -32.56784022136937 -- -24.34901955636722
* Site occupation (ave. no. electrons per config.):
  > Site_  ___eu____  ___ed____
      1        0.500      0.497
      2        0.500      0.501
      3        0.503      0.499
      4        0.502      0.503
      5        0.498      0.500
      6        0.497      0.498
      7        0.500      0.504
      8        0.501      0.501
      9        0.499      0.496
     10        0.500      0.499
     11        0.497      0.498
     12        0.500      0.503
     13        0.504      0.499
     14        0.497      0.503
* Pair-correlation analysis (ave. no. pairs per config.):
  > Shell  nsite  ___dh____  __eueu___  __eued___
      0      1        0          0          2.422
      1      1        0.879      0.587      2.560
      2      1        0.295      0.657      1.083
      3      1        0.250      0.712      1.088
      4      1        0.658      1.103      2.303
      5      1        0.494      1.471      2.124
      6      1        0.231      2.071      1.935
      7      1        0.072      0.420      0.565
      8      1        0.141      0.850      1.101
      9      1        0.155      0.913      1.045
     10      1        0.280      1.855      2.088
     11      1        0.243      2.077      1.923
     12      1        0.247      2.122      1.899
     13      1        0.242      2.108      1.913
     14      1        0.137      1.046      0.947
     15      1        0.217      2.155      1.878
     16      1        0.223      1.967      2.055
     17      1        0.250      2.031      1.948
     18      1        0.228      2.066      1.959
     19      1        0.111      0.995      1.005
     20      1        0.112      1.005      0.992
     21      1        0.259      1.926      2.051
     22      1        0.252      2.035      1.955
     23      1        0.122      0.946      1.052
     24      1        0.121      0.944      1.055
     25      1        0.225      1.988      2.017
     26      1        0.115      0.991      1.013
     27      1        0.223      2.017      1.991
     28      1        0.063      0.481      0.512
     29      1        0.063      0.485      0.510
     30      1        0.065      0.484      0.507
     31      1        0.064      0.482      0.509
     32      1        0.113      1.010      0.997

Optimization #10:
* Method          : lls
* Target function : energy
* No. of configs. : 100096
* No. of params.  : 251
* Before optimization:
   4.9944E+00   3.4104E+00   5.1545E+00   5.2694E+00  -1.0857E+00  -1.2169E+00
  -1.0969E-03   1.3826E+00   1.7501E-01   1.6351E-01  -1.9329E+00  -1.9651E+00
  -2.1933E+00  -2.2020E+00  -9.0455E-03  -4.2827E+00  -4.5891E-01   3.0617E-01
   3.0090E-01  -2.2671E+00  -2.2665E+00  -1.3453E-01  -1.3138E-01   4.4283E-01
   4.2443E-01  -3.3184E-01  -1.5161E+00  -1.5134E+00  -2.4313E+00  -2.4327E+00
  -2.8003E+00  -2.8016E+00   1.1562E-01   1.1901E-01  -5.0769E+00  -5.0243E+00
  -2.8697E-01  -2.8918E-01  -2.6054E-01  -2.6464E-01   1.8713E-01   1.9498E-01
   1.8736E-01   1.9528E-01  -2.5236E+00  -2.5221E+00  -6.9192E-03  -2.5432E+00
  -2.5419E+00  -2.7271E+00  -2.7296E+00  -2.7268E+00  -2.7301E+00  -2.7268E+00
  -2.7299E+00  -2.7267E+00  -2.7296E+00   1.7152E+01  -1.6296E+01   5.1634E+00
  -5.1811E+00  -7.7712E-01  -6.7344E-01   4.2216E+00  -4.4982E+00   2.0245E+01
  -1.8346E+01   1.9577E+01  -1.7366E+01   3.4766E+00  -3.4762E+00   3.5524E+01
  -3.1264E+01   5.4082E+00  -4.9579E+00   2.4057E+00  -2.7240E+00   2.0421E+01
  -1.8144E+01   4.4013E+00  -4.2600E+00   2.3772E+00  -2.7767E+00   5.3835E+00
  -5.0167E+00   1.7458E+01  -1.5905E+01   1.9667E+01  -1.7241E+01   2.0711E+01
  -1.7907E+01   1.6848E+00  -1.7955E+00   3.5977E+01  -3.0899E+01   3.5956E+01
  -3.0931E+01   2.7309E+00  -2.4449E+00   2.7268E+00  -2.4596E+00   1.6424E+00
  -1.8481E+00   1.6420E+00  -1.8465E+00   1.7982E+01  -1.5460E+01   5.2536E-04
   4.9932E-03   1.7990E+01  -1.5447E+01   2.0675E+01  -1.7953E+01   2.0676E+01
  -1.7954E+01   2.0675E+01  -1.7953E+01   2.0675E+01  -1.7954E+01   7.2766E-01
   1.5982E+00   6.0144E-01   5.9365E-01  -8.6674E-02  -1.7505E-01  -2.8349E-01
  -1.4244E-01  -1.2959E-01   1.1121E-02  -5.8068E-02  -1.2780E-02  -1.7726E-02
  -1.5420E-02   1.1857E-02   8.6831E-03  -2.1032E-02  -5.8725E-02   3.1779E-02
  -2.2337E-02  -1.8628E-02  -1.8238E-02  -5.1483E-03   1.5142E-02   8.3409E-03
  -2.3553E-02  -1.4477E-02  -1.4124E-02  -1.5954E-02  -1.0394E-02  -2.8907E-02
  -2.2814E-02  -2.3413E-02  -2.3663E-02  -2.3551E-02   4.0685E-02   9.6081E-02
  -1.0025E-01  -3.8817E-02  -5.9531E-02  -4.4127E-02   4.1428E-02  -2.5585E-02
  -2.4038E-02  -9.1225E-03   2.0253E-03   3.1993E-02   1.7695E-02  -6.9628E-02
  -4.6585E-02   4.9973E-02  -6.4424E-03  -1.6548E-02  -1.6679E-02   1.8407E-03
   9.5944E-03   6.9178E-03  -1.8490E-02  -1.5360E-02  -1.5311E-02  -1.2033E-02
  -2.5263E-03  -2.4732E-02  -9.5065E-03  -9.1366E-03  -9.5260E-03  -1.0757E-02
   3.7318E-02  -4.4569E-02  -1.7240E-01  -1.5075E-01  -1.1272E-01  -1.3675E-01
  -3.2588E-02  -6.1438E-02  -1.5093E-02   2.8824E-04   6.9697E-03   1.1759E-02
   8.5050E-03  -3.1102E-02  -6.8396E-02   2.3571E-03  -2.6455E-02  -2.3653E-02
  -1.4930E-02  -1.9127E-02   3.5509E-02   8.8311E-03  -3.7776E-02  -9.8943E-03
  -9.7640E-03  -5.6517E-03  -2.5007E-03  -2.4332E-02  -2.7060E-02  -2.6455E-02
  -2.7691E-02  -2.6321E-02   3.7853E-02  -4.1525E-02  -1.1679E-01  -7.6682E-02
  -1.1303E-01  -7.1587E-02   1.6564E-02  -1.5491E-02  -3.6224E-02   4.2779E-03
   1.9929E-02   4.0685E-02   1.6548E-02  -8.1989E-02  -5.4376E-02   2.9989E-02
  -1.3215E-03  -2.1545E-02  -1.8308E-02  -8.8610E-03   2.7698E-02   1.0748E-02
  -3.4076E-02  -1.8367E-02  -1.7936E-02   1.2546E-03   7.4175E-03  -1.9277E-02
  -8.5242E-03  -9.7793E-03  -9.4726E-03  -1.0975E-02   3.4537E-02
  > E    =  -5.359931022581E+02 +/-   1.147842948090E-04
  > varE =   1.318808275175E-03
* Computing derivatives.
    [walltime: 1m9s elapsed, 1h8m remaining]
    [walltime: 1h elapsed, 9m37s remaining]
  Done. [total walltime: 1h9m]
* Optimizing manipulation constant:
  #igrid a___________ E____________________________________ varE____________
     1     Infinity    -5.35993102E+02 +/-   1.14784295E-04   1.31880828E-03
     2     1.0000E+06  -5.35993102E+02 +/-   1.14784290E-04   1.31880817E-03
     3     2.1544E+05  -5.35993102E+02 +/-   1.14784273E-04   1.31880777E-03
     4     4.6416E+04  -5.35993102E+02 +/-   1.14784192E-04   1.31880592E-03
     5     1.0000E+04  -5.35993102E+02 +/-   1.14783819E-04   1.31879734E-03
     6     2.1544E+03  -5.35993102E+02 +/-   1.14782088E-04   1.31875756E-03
     7     4.6416E+02  -5.35993102E+02 +/-   1.14774081E-04   1.31857358E-03
     8     1.0000E+02  -5.35993103E+02 +/-   1.14737522E-04   1.31773372E-03
     9     2.1544E+01  -5.35993106E+02 +/-   1.14579667E-04   1.31411034E-03
    10     4.6416E+00  -5.35993121E+02 +/-   1.14038850E-04   1.30173440E-03
    11     1.0000E+00  -5.35992527E+02 +/-   1.36253784E-04   1.85829161E-03
    12     2.1544E-01  -5.35557453E+02 +/-   1.74290148E-03   3.04062176E-01
    13     4.6416E-02   1.87566990E+37 +/-   7.14316716E+34   5.10738209E+74
    14     1.0000E-02   4.61104841E+47 +/-   3.14344315E+41   9.89072082E+87
    15     2.1544E-03   4.61104841E+47 +/-   3.14344320E+41   9.89072116E+87
    16     4.6416E-04   4.61104841E+47 +/-   3.14344317E+41   9.89072095E+87
    17     1.0000E-04   4.61104841E+47 +/-   3.14344297E+41   9.89071968E+87
    18     2.1544E-05   4.61104841E+47 +/-   3.14344294E+41   9.89071950E+87
    19     4.6416E-06   4.61104841E+47 +/-   3.14344325E+41   9.89072148E+87
    20     1.0000E-06   4.61104841E+47 +/-   3.14344306E+41   9.89072023E+87
    21     0.0000E+00   4.61104841E+47 +/-   3.14344300E+41   9.89071986E+87
  ParMin   9.6471E+00  -5.35993111E+02 +/-   1.14364481E-04   1.30917905E-03
  # Using grid point #10
* Iteration # 1: E =  -5.359931205495E+02 +/-   1.140388499075E-04
* Diminishing returns: exiting.
* After optimization:
   5.3259E+00   3.7014E+00   5.5192E+00   5.6169E+00  -1.1398E+00  -1.2715E+00
  -9.4514E-02   1.3859E+00   1.7073E-01   1.5823E-01  -2.0351E+00  -2.0675E+00
  -2.2098E+00  -2.2186E+00   7.0268E-02  -4.3933E+00  -5.5141E-01   2.5954E-01
   2.5364E-01  -2.3700E+00  -2.3693E+00  -1.4163E-01  -1.3814E-01   3.9554E-01
   3.7725E-01  -4.2486E-01  -1.5712E+00  -1.5680E+00  -2.4473E+00  -2.4489E+00
  -2.9028E+00  -2.9041E+00   1.5555E-01   1.5859E-01  -5.1893E+00  -5.1361E+00
  -3.3361E-01  -3.3565E-01  -3.0733E-01  -3.1112E-01   2.2648E-01   2.3473E-01
   2.2660E-01   2.3503E-01  -2.5795E+00  -2.5781E+00  -6.9993E-03  -2.5995E+00
  -2.5982E+00  -2.8291E+00  -2.8317E+00  -2.8292E+00  -2.8323E+00  -2.8289E+00
  -2.8320E+00  -2.8291E+00  -2.8318E+00   1.7549E+01  -1.6638E+01   5.8268E+00
  -5.7521E+00  -7.8046E-01  -6.7383E-01   4.2853E+00  -4.5547E+00   2.0972E+01
  -1.8971E+01   1.9703E+01  -1.7477E+01   2.9388E+00  -3.0184E+00   3.6315E+01
  -3.1944E+01   6.0729E+00  -5.5295E+00   2.7377E+00  -3.0093E+00   2.1149E+01
  -1.8769E+01   4.4652E+00  -4.3167E+00   2.7101E+00  -3.0616E+00   6.0477E+00
  -5.5891E+00   1.7853E+01  -1.6245E+01   1.9793E+01  -1.7351E+01   2.1439E+01
  -1.8533E+01   1.4162E+00  -1.5661E+00   3.6769E+01  -3.1578E+01   3.6747E+01
  -3.1611E+01   3.0632E+00  -2.7308E+00   3.0592E+00  -2.7456E+00   1.3738E+00
  -1.6187E+00   1.3733E+00  -1.6178E+00   1.8378E+01  -1.5800E+01   6.7702E-04
   5.2442E-03   1.8386E+01  -1.5786E+01   2.1403E+01  -1.8579E+01   2.1404E+01
  -1.8580E+01   2.1403E+01  -1.8579E+01   2.1404E+01  -1.8579E+01   7.2655E-01
   1.6190E+00   5.8770E-01   5.8786E-01  -7.9496E-02  -1.6563E-01  -2.7711E-01
  -1.3457E-01  -1.2439E-01   1.0382E-02  -5.7671E-02  -1.4656E-02  -2.2451E-02
  -1.9008E-02   1.1764E-02   7.5756E-03  -2.1264E-02  -5.9548E-02   3.0403E-02
  -2.2945E-02  -1.8367E-02  -1.7595E-02  -3.9172E-03   1.2023E-02   5.2293E-03
  -2.5672E-02  -1.1247E-02  -1.1045E-02  -1.5882E-02  -1.3215E-02  -2.8835E-02
  -1.9753E-02  -2.0326E-02  -2.0479E-02  -2.0513E-02   3.8095E-02   9.8929E-02
  -9.3902E-02  -3.1485E-02  -5.5482E-02  -4.1281E-02   3.8851E-02  -2.6897E-02
  -2.4740E-02  -1.3289E-02  -9.4296E-04   3.1726E-02   1.7532E-02  -6.9860E-02
  -4.9435E-02   4.7321E-02  -6.1700E-03  -1.5666E-02  -1.5439E-02   1.2720E-03
   9.5905E-03   4.4705E-03  -1.8315E-02  -1.3911E-02  -1.4180E-02  -1.4019E-02
  -4.8037E-03  -2.5487E-02  -8.9746E-03  -8.6624E-03  -9.1080E-03  -1.0174E-02
   3.7403E-02  -3.6180E-02  -1.6241E-01  -1.3984E-01  -1.0638E-01  -1.3077E-01
  -3.1843E-02  -6.3260E-02  -1.7754E-02  -3.8723E-03   2.0856E-03   1.0622E-02
   7.9575E-03  -2.9843E-02  -6.7876E-02   3.5079E-03  -2.7240E-02  -2.3633E-02
  -1.4948E-02  -1.8461E-02   3.2668E-02   5.4515E-03  -4.0736E-02  -6.4000E-03
  -6.5085E-03  -4.5407E-03  -5.8396E-03  -2.2549E-02  -2.4668E-02  -2.4542E-02
  -2.5267E-02  -2.4730E-02   3.6861E-02  -3.4448E-02  -1.1096E-01  -6.6030E-02
  -1.0799E-01  -6.7779E-02   1.5166E-02  -1.8514E-02  -3.7157E-02   4.1726E-04
   1.5789E-02   3.9810E-02   1.7393E-02  -8.1815E-02  -5.6641E-02   2.9147E-02
  -6.0785E-04  -2.0640E-02  -1.6975E-02  -1.0613E-02   2.8139E-02   7.8441E-03
  -3.4387E-02  -1.7309E-02  -1.6728E-02   2.3900E-04   3.6047E-03  -1.8822E-02
  -9.6717E-03  -1.0988E-02  -1.0454E-02  -1.1970E-02   3.5716E-02
  > Energy =  -5.359931205495E+02 +/-   1.140388499075E-04
  > varE =   1.301734395315E-03

VMC #11:
* Size of Hilbert space =   1.1779E+07
* Number of equil. steps   = 1000
* Running VMC equilibration.
  Done. [total walltime: 0.09s]
* Equil. acc.ratio (%)     =  15.0914
* Sample config after equilibration:
  +-------------+
  |  u       d  |
  |      u      |
  |    d   d    |
  |d           u|
  |0           u|
  |    u   u    |
  |      d      |
  |  2       d  |
  +-------------+
* Number of accum. steps   = 500480 x 10
* Running VMC accumulation.
    [walltime: 1m elapsed, 30.1s remaining]
  Done. [total walltime: 1m30s]
* Acceptance ratio (%)     =  15.0840
* Etot/t                   =  -5.359929481912E+02 +/-   5.216292854055E-05
  > Ttot/t                 =  -3.899807527813E+01 +/-   6.838910988562E-04
  > Utot/t                 =   1.647176062494E+01 +/-   6.788004569640E-04
* var[Eloc/t]              =   1.323954554796E-03 +/-   1.832170229101E-05
* Correlation length       =   1.028578827094E+00
* log10 Psi^2 range: -32.47164121651353 -- -24.50960731217743
* log10 Pgen range : -32.47164121651353 -- -24.50960731217743
* Site occupation (ave. no. electrons per config.):
  > Site_  ___eu____  ___ed____
      1        0.497      0.499
      2        0.503      0.503
      3        0.503      0.502
      4        0.502      0.500
      5        0.497      0.500
      6        0.497      0.497
      7        0.502      0.502
      8        0.500      0.498
      9        0.497      0.498
     10        0.499      0.497
     11        0.500      0.500
     12        0.503      0.502
     13        0.497      0.502
     14        0.502      0.499
* Pair-correlation analysis (ave. no. pairs per config.):
  > Shell  nsite  ___dh____  __eueu___  __eued___
      0      1        0          0          2.428
      1      1        0.877      0.590      2.559
      2      1        0.296      0.659      1.084
      3      1        0.252      0.716      1.087
      4      1        0.665      1.101      2.297
      5      1        0.491      1.472      2.121
      6      1        0.233      2.067      1.922
      7      1        0.073      0.418      0.565
      8      1        0.140      0.848      1.096
      9      1        0.158      0.913      1.045
     10      1        0.286      1.858      2.087
     11      1        0.240      2.076      1.928
     12      1        0.251      2.121      1.895
     13      1        0.241      2.113      1.919
     14      1        0.136      1.049      0.952
     15      1        0.216      2.150      1.887
     16      1        0.225      1.959      2.048
     17      1        0.249      2.025      1.956
     18      1        0.230      2.070      1.955
     19      1        0.110      0.992      1.001
     20      1        0.112      1.001      0.988
     21      1        0.263      1.932      2.051
     22      1        0.253      2.043      1.959
     23      1        0.122      0.942      1.056
     24      1        0.123      0.943      1.056
     25      1        0.220      1.987      2.023
     26      1        0.114      0.993      1.019
     27      1        0.224      2.020      1.987
     28      1        0.065      0.480      0.507
     29      1        0.063      0.486      0.511
     30      1        0.065      0.483      0.508
     31      1        0.063      0.483      0.508
     32      1        0.116      1.012      0.996

Optimization #11:
* Method          : lls
* Target function : energy
* No. of configs. : 100096
* No. of params.  : 251
* Before optimization:
   5.3259E+00   3.7014E+00   5.5192E+00   5.6169E+00  -1.1398E+00  -1.2715E+00
  -9.4514E-02   1.3859E+00   1.7073E-01   1.5823E-01  -2.0351E+00  -2.0675E+00
  -2.2098E+00  -2.2186E+00   7.0268E-02  -4.3933E+00  -5.5141E-01   2.5954E-01
   2.5364E-01  -2.3700E+00  -2.3693E+00  -1.4163E-01  -1.3814E-01   3.9554E-01
   3.7725E-01  -4.2486E-01  -1.5712E+00  -1.5680E+00  -2.4473E+00  -2.4489E+00
  -2.9028E+00  -2.9041E+00   1.5555E-01   1.5859E-01  -5.1893E+00  -5.1361E+00
  -3.3361E-01  -3.3565E-01  -3.0733E-01  -3.1112E-01   2.2648E-01   2.3473E-01
   2.2660E-01   2.3503E-01  -2.5795E+00  -2.5781E+00  -6.9993E-03  -2.5995E+00
  -2.5982E+00  -2.8291E+00  -2.8317E+00  -2.8292E+00  -2.8323E+00  -2.8289E+00
  -2.8320E+00  -2.8291E+00  -2.8318E+00   1.7549E+01  -1.6638E+01   5.8268E+00
  -5.7521E+00  -7.8046E-01  -6.7383E-01   4.2853E+00  -4.5547E+00   2.0972E+01
  -1.8971E+01   1.9703E+01  -1.7477E+01   2.9388E+00  -3.0184E+00   3.6315E+01
  -3.1944E+01   6.0729E+00  -5.5295E+00   2.7377E+00  -3.0093E+00   2.1149E+01
  -1.8769E+01   4.4652E+00  -4.3167E+00   2.7101E+00  -3.0616E+00   6.0477E+00
  -5.5891E+00   1.7853E+01  -1.6245E+01   1.9793E+01  -1.7351E+01   2.1439E+01
  -1.8533E+01   1.4162E+00  -1.5661E+00   3.6769E+01  -3.1578E+01   3.6747E+01
  -3.1611E+01   3.0632E+00  -2.7308E+00   3.0592E+00  -2.7456E+00   1.3738E+00
  -1.6187E+00   1.3733E+00  -1.6178E+00   1.8378E+01  -1.5800E+01   6.7702E-04
   5.2442E-03   1.8386E+01  -1.5786E+01   2.1403E+01  -1.8579E+01   2.1404E+01
  -1.8580E+01   2.1403E+01  -1.8579E+01   2.1404E+01  -1.8579E+01   7.2655E-01
   1.6190E+00   5.8770E-01   5.8786E-01  -7.9496E-02  -1.6563E-01  -2.7711E-01
  -1.3457E-01  -1.2439E-01   1.0382E-02  -5.7671E-02  -1.4656E-02  -2.2451E-02
  -1.9008E-02   1.1764E-02   7.5756E-03  -2.1264E-02  -5.9548E-02   3.0403E-02
  -2.2945E-02  -1.8367E-02  -1.7595E-02  -3.9172E-03   1.2023E-02   5.2293E-03
  -2.5672E-02  -1.1247E-02  -1.1045E-02  -1.5882E-02  -1.3215E-02  -2.8835E-02
  -1.9753E-02  -2.0326E-02  -2.0479E-02  -2.0513E-02   3.8095E-02   9.8929E-02
  -9.3902E-02  -3.1485E-02  -5.5482E-02  -4.1281E-02   3.8851E-02  -2.6897E-02
  -2.4740E-02  -1.3289E-02  -9.4296E-04   3.1726E-02   1.7532E-02  -6.9860E-02
  -4.9435E-02   4.7321E-02  -6.1700E-03  -1.5666E-02  -1.5439E-02   1.2720E-03
   9.5905E-03   4.4705E-03  -1.8315E-02  -1.3911E-02  -1.4180E-02  -1.4019E-02
  -4.8037E-03  -2.5487E-02  -8.9746E-03  -8.6624E-03  -9.1080E-03  -1.0174E-02
   3.7403E-02  -3.6180E-02  -1.6241E-01  -1.3984E-01  -1.0638E-01  -1.3077E-01
  -3.1843E-02  -6.3260E-02  -1.7754E-02  -3.8723E-03   2.0856E-03   1.0622E-02
   7.9575E-03  -2.9843E-02  -6.7876E-02   3.5079E-03  -2.7240E-02  -2.3633E-02
  -1.4948E-02  -1.8461E-02   3.2668E-02   5.4515E-03  -4.0736E-02  -6.4000E-03
  -6.5085E-03  -4.5407E-03  -5.8396E-03  -2.2549E-02  -2.4668E-02  -2.4542E-02
  -2.5267E-02  -2.4730E-02   3.6861E-02  -3.4448E-02  -1.1096E-01  -6.6030E-02
  -1.0799E-01  -6.7779E-02   1.5166E-02  -1.8514E-02  -3.7157E-02   4.1726E-04
   1.5789E-02   3.9810E-02   1.7393E-02  -8.1815E-02  -5.6641E-02   2.9147E-02
  -6.0785E-04  -2.0640E-02  -1.6975E-02  -1.0613E-02   2.8139E-02   7.8441E-03
  -3.4387E-02  -1.7309E-02  -1.6728E-02   2.3900E-04   3.6047E-03  -1.8822E-02
  -9.6717E-03  -1.0988E-02  -1.0454E-02  -1.1970E-02   3.5716E-02
  > E    =  -5.359928951642E+02 +/-   1.156189282628E-04
  > varE =   1.338056959976E-03
* Computing derivatives.
    [walltime: 1m9s elapsed, 1h8m remaining]
    [walltime: 1h elapsed, 9m32s remaining]
  Done. [total walltime: 1h9m]
* Optimizing manipulation constant:
  #igrid a___________ E____________________________________ varE____________
     1     Infinity    -5.35992895E+02 +/-   1.15618928E-04   1.33805696E-03
     2     1.0000E+06  -5.35992895E+02 +/-   1.15618922E-04   1.33805682E-03
     3     2.1544E+05  -5.35992895E+02 +/-   1.15618901E-04   1.33805632E-03
     4     4.6416E+04  -5.35992895E+02 +/-   1.15618800E-04   1.33805399E-03
     5     1.0000E+04  -5.35992895E+02 +/-   1.15618336E-04   1.33804325E-03
     6     2.1544E+03  -5.35992895E+02 +/-   1.15616236E-04   1.33799466E-03
     7     4.6416E+02  -5.35992895E+02 +/-   1.15607673E-04   1.33779646E-03
     8     1.0000E+02  -5.35992895E+02 +/-   1.15593460E-04   1.33746753E-03
     9     2.1544E+01  -5.35992866E+02 +/-   1.16325817E-04   1.35446861E-03
    10     4.6416E+00  -5.35990212E+02 +/-   1.85050157E-04   3.42764346E-03
    11     1.0000E+00  -5.35841618E+02 +/-   1.09334866E-03   1.19655890E-01
    12     2.1544E-01  -5.34929278E+02 +/-   2.54650238E-03   6.49089965E-01
    13     4.6416E-02  -5.34342945E+02 +/-   2.62806898E-03   6.91337707E-01
    14     1.0000E-02  -5.34337048E+02 +/-   2.93544743E-03   8.62512378E-01
    15     2.1544E-03  -5.34334362E+02 +/-   3.00890407E-03   9.06219509E-01
    16     4.6416E-04  -5.34333518E+02 +/-   3.04854406E-03   9.30254279E-01
    17     1.0000E-04  -5.34333321E+02 +/-   3.05772367E-03   9.35864973E-01
    18     2.1544E-05  -5.34333278E+02 +/-   3.05972687E-03   9.37091597E-01
    19     4.6416E-06  -5.34333269E+02 +/-   3.06015959E-03   9.37356670E-01
    20     1.0000E-06  -5.34333267E+02 +/-   3.06025287E-03   9.37413814E-01
    21     0.0000E+00  -5.34333266E+02 +/-   3.06027848E-03   9.37429507E-01
* Iteration # 1: E =  -5.359928953388E+02 +/-   1.156076729347E-04
* Convergence: exiting.
* After optimization:
   5.3207E+00   3.6947E+00   5.5142E+00   5.6116E+00  -1.1398E+00  -1.2714E+00
  -9.4435E-02   1.3860E+00   1.7068E-01   1.5817E-01  -2.0350E+00  -2.0674E+00
  -2.2098E+00  -2.2187E+00   7.0161E-02  -4.3932E+00  -5.5139E-01   2.5959E-01
   2.5369E-01  -2.3699E+00  -2.3692E+00  -1.4168E-01  -1.3818E-01   3.9558E-01
   3.7730E-01  -4.2484E-01  -1.5712E+00  -1.5679E+00  -2.4473E+00  -2.4489E+00
  -2.9027E+00  -2.9040E+00   1.5550E-01   1.5854E-01  -5.1893E+00  -5.1361E+00
  -3.3359E-01  -3.3563E-01  -3.0731E-01  -3.1111E-01   2.2642E-01   2.3467E-01
   2.2654E-01   2.3497E-01  -2.5795E+00  -2.5780E+00  -6.9986E-03  -2.5994E+00
  -2.5982E+00  -2.8291E+00  -2.8316E+00  -2.8291E+00  -2.8322E+00  -2.8288E+00
  -2.8320E+00  -2.8291E+00  -2.8318E+00   1.7549E+01  -1.6638E+01   5.8263E+00
  -5.7517E+00  -7.8051E-01  -6.7386E-01   4.2856E+00  -4.5548E+00   2.0972E+01
  -1.8970E+01   1.9704E+01  -1.7477E+01   2.9396E+00  -3.0192E+00   3.6315E+01
  -3.1944E+01   6.0724E+00  -5.5290E+00   2.7374E+00  -3.0090E+00   2.1148E+01
  -1.8768E+01   4.4655E+00  -4.3168E+00   2.7099E+00  -3.0614E+00   6.0472E+00
  -5.5886E+00   1.7853E+01  -1.6245E+01   1.9793E+01  -1.7351E+01   2.1439E+01
  -1.8533E+01   1.4166E+00  -1.5665E+00   3.6768E+01  -3.1578E+01   3.6746E+01
  -3.1610E+01   3.0630E+00  -2.7306E+00   3.0589E+00  -2.7453E+00   1.3743E+00
  -1.6191E+00   1.3738E+00  -1.6182E+00   1.8377E+01  -1.5799E+01   6.7894E-04
   5.2450E-03   1.8385E+01  -1.5786E+01   2.1403E+01  -1.8579E+01   2.1403E+01
  -1.8579E+01   2.1402E+01  -1.8579E+01   2.1403E+01  -1.8579E+01   7.2837E-01
   1.6243E+00   5.8909E-01   5.8938E-01  -7.9712E-02  -1.6604E-01  -2.7800E-01
  -1.3488E-01  -1.2469E-01   1.0386E-02  -5.7856E-02  -1.4701E-02  -2.2522E-02
  -1.9055E-02   1.1798E-02   7.5974E-03  -2.1347E-02  -5.9745E-02   3.0450E-02
  -2.2997E-02  -1.8400E-02  -1.7618E-02  -3.9353E-03   1.2079E-02   5.2254E-03
  -2.5743E-02  -1.1294E-02  -1.1088E-02  -1.5904E-02  -1.3310E-02  -2.8900E-02
  -1.9811E-02  -2.0382E-02  -2.0543E-02  -2.0576E-02   3.8257E-02   9.9135E-02
  -9.4096E-02  -3.1652E-02  -5.5624E-02  -4.1399E-02   3.8938E-02  -2.6973E-02
  -2.4796E-02  -1.3358E-02  -9.5115E-04   3.1785E-02   1.7551E-02  -7.0031E-02
  -4.9554E-02   4.7440E-02  -6.1971E-03  -1.5695E-02  -1.5465E-02   1.2855E-03
   9.6133E-03   4.4498E-03  -1.8370E-02  -1.3959E-02  -1.4226E-02  -1.4018E-02
  -4.8765E-03  -2.5530E-02  -8.9870E-03  -8.6722E-03  -9.1190E-03  -1.0190E-02
   3.7530E-02  -3.6153E-02  -1.6232E-01  -1.3976E-01  -1.0627E-01  -1.3071E-01
  -3.1878E-02  -6.3335E-02  -1.7780E-02  -3.9095E-03   2.0570E-03   1.0635E-02
   7.9961E-03  -2.9891E-02  -6.7926E-02   3.4893E-03  -2.7229E-02  -2.3635E-02
  -1.4951E-02  -1.8475E-02   3.2661E-02   5.4368E-03  -4.0728E-02  -6.3750E-03
  -6.4852E-03  -4.5598E-03  -5.8350E-03  -2.2557E-02  -2.4667E-02  -2.4540E-02
  -2.5259E-02  -2.4732E-02   3.6843E-02  -3.4478E-02  -1.1082E-01  -6.6033E-02
  -1.0791E-01  -6.7763E-02   1.5146E-02  -1.8535E-02  -3.7142E-02   3.5259E-04
   1.5750E-02   3.9788E-02   1.7393E-02  -8.1821E-02  -5.6630E-02   2.9146E-02
  -6.2139E-04  -2.0640E-02  -1.6987E-02  -1.0604E-02   2.8096E-02   7.8186E-03
  -3.4379E-02  -1.7282E-02  -1.6700E-02   2.4001E-04   3.6084E-03  -1.8814E-02
  -9.6414E-03  -1.0956E-02  -1.0424E-02  -1.1940E-02   3.5672E-02
  > Energy =  -5.359928953388E+02 +/-   1.156076729347E-04
  > varE =   1.337796457005E-03

VMC #12:
* Size of Hilbert space =   1.1779E+07
* Number of equil. steps   = 1000
* Running VMC equilibration.
  Done. [total walltime: 0.09s]
* Equil. acc.ratio (%)     =  15.2278
* Sample config after equilibration:
  +-------------+
  |  2       2  |
  |      2      |
  |    0   0    |
  |0           u|
  |d           d|
  |    d   d    |
  |      u      |
  |  u       u  |
  +-------------+
* Number of accum. steps   = 500480 x 10
* Running VMC accumulation.
    [walltime: 1m elapsed, 30.1s remaining]
  Done. [total walltime: 1m30s]
* Acceptance ratio (%)     =  15.1209
* Etot/t                   =  -5.359929494159E+02 +/-   5.068164582553E-05
  > Ttot/t                 =  -3.899801288185E+01 +/-   7.037276574248E-04
  > Utot/t                 =   1.647169700394E+01 +/-   7.004987696129E-04
* var[Eloc/t]              =   1.295544404171E-03 +/-   1.278633500976E-05
* Correlation length       =   9.922836683027E-01
* log10 Psi^2 range: -33.32908129122363 -- -24.50999641790318
* log10 Pgen range : -33.32908129122363 -- -24.50999641790318
* Site occupation (ave. no. electrons per config.):
  > Site_  ___eu____  ___ed____
      1        0.499      0.498
      2        0.500      0.502
      3        0.500      0.502
      4        0.500      0.505
      5        0.499      0.500
      6        0.497      0.498
      7        0.503      0.500
      8        0.499      0.500
      9        0.499      0.499
     10        0.501      0.498
     11        0.499      0.497
     12        0.503      0.502
     13        0.501      0.502
     14        0.501      0.498
* Pair-correlation analysis (ave. no. pairs per config.):
  > Shell  nsite  ___dh____  __eueu___  __eued___
      0      1        0          0          2.438
      1      1        0.883      0.592      2.553
      2      1        0.297      0.659      1.083
      3      1        0.254      0.716      1.083
      4      1        0.665      1.100      2.298
      5      1        0.495      1.472      2.121
      6      1        0.234      2.070      1.926
      7      1        0.073      0.417      0.564
      8      1        0.142      0.851      1.094
      9      1        0.159      0.914      1.041
     10      1        0.285      1.857      2.090
     11      1        0.246      2.074      1.925
     12      1        0.247      2.124      1.899
     13      1        0.244      2.109      1.918
     14      1        0.137      1.049      0.950
     15      1        0.218      2.148      1.886
     16      1        0.226      1.960      2.051
     17      1        0.252      2.028      1.952
     18      1        0.229      2.072      1.957
     19      1        0.111      0.992      1.006
     20      1        0.113      1.004      0.989
     21      1        0.264      1.928      2.053
     22      1        0.256      2.040      1.956
     23      1        0.124      0.944      1.055
     24      1        0.124      0.941      1.055
     25      1        0.227      1.984      2.023
     26      1        0.117      0.990      1.018
     27      1        0.228      2.020      1.984
     28      1        0.066      0.482      0.508
     29      1        0.064      0.483      0.509
     30      1        0.064      0.484      0.512
     31      1        0.064      0.483      0.509
     32      1        0.118      1.014      0.994

Optimization #12:
* Method          : lls
* Target function : energy
* No. of configs. : 100096
* No. of params.  : 251
* Before optimization:
   5.3207E+00   3.6947E+00   5.5142E+00   5.6116E+00  -1.1398E+00  -1.2714E+00
  -9.4435E-02   1.3860E+00   1.7068E-01   1.5817E-01  -2.0350E+00  -2.0674E+00
  -2.2098E+00  -2.2187E+00   7.0161E-02  -4.3932E+00  -5.5139E-01   2.5959E-01
   2.5369E-01  -2.3699E+00  -2.3692E+00  -1.4168E-01  -1.3818E-01   3.9558E-01
   3.7730E-01  -4.2484E-01  -1.5712E+00  -1.5679E+00  -2.4473E+00  -2.4489E+00
  -2.9027E+00  -2.9040E+00   1.5550E-01   1.5854E-01  -5.1893E+00  -5.1361E+00
  -3.3359E-01  -3.3563E-01  -3.0731E-01  -3.1111E-01   2.2642E-01   2.3467E-01
   2.2654E-01   2.3497E-01  -2.5795E+00  -2.5780E+00  -6.9986E-03  -2.5994E+00
  -2.5982E+00  -2.8291E+00  -2.8316E+00  -2.8291E+00  -2.8322E+00  -2.8288E+00
  -2.8320E+00  -2.8291E+00  -2.8318E+00   1.7549E+01  -1.6638E+01   5.8263E+00
  -5.7517E+00  -7.8051E-01  -6.7386E-01   4.2856E+00  -4.5548E+00   2.0972E+01
  -1.8970E+01   1.9704E+01  -1.7477E+01   2.9396E+00  -3.0192E+00   3.6315E+01
  -3.1944E+01   6.0724E+00  -5.5290E+00   2.7374E+00  -3.0090E+00   2.1148E+01
  -1.8768E+01   4.4655E+00  -4.3168E+00   2.7099E+00  -3.0614E+00   6.0472E+00
  -5.5886E+00   1.7853E+01  -1.6245E+01   1.9793E+01  -1.7351E+01   2.1439E+01
  -1.8533E+01   1.4166E+00  -1.5665E+00   3.6768E+01  -3.1578E+01   3.6746E+01
  -3.1610E+01   3.0630E+00  -2.7306E+00   3.0589E+00  -2.7453E+00   1.3743E+00
  -1.6191E+00   1.3738E+00  -1.6182E+00   1.8377E+01  -1.5799E+01   6.7894E-04
   5.2450E-03   1.8385E+01  -1.5786E+01   2.1403E+01  -1.8579E+01   2.1403E+01
  -1.8579E+01   2.1402E+01  -1.8579E+01   2.1403E+01  -1.8579E+01   7.2837E-01
   1.6243E+00   5.8909E-01   5.8938E-01  -7.9712E-02  -1.6604E-01  -2.7800E-01
  -1.3488E-01  -1.2469E-01   1.0386E-02  -5.7856E-02  -1.4701E-02  -2.2522E-02
  -1.9055E-02   1.1798E-02   7.5974E-03  -2.1347E-02  -5.9745E-02   3.0450E-02
  -2.2997E-02  -1.8400E-02  -1.7618E-02  -3.9353E-03   1.2079E-02   5.2254E-03
  -2.5743E-02  -1.1294E-02  -1.1088E-02  -1.5904E-02  -1.3310E-02  -2.8900E-02
  -1.9811E-02  -2.0382E-02  -2.0543E-02  -2.0576E-02   3.8257E-02   9.9135E-02
  -9.4096E-02  -3.1652E-02  -5.5624E-02  -4.1399E-02   3.8938E-02  -2.6973E-02
  -2.4796E-02  -1.3358E-02  -9.5115E-04   3.1785E-02   1.7551E-02  -7.0031E-02
  -4.9554E-02   4.7440E-02  -6.1971E-03  -1.5695E-02  -1.5465E-02   1.2855E-03
   9.6133E-03   4.4498E-03  -1.8370E-02  -1.3959E-02  -1.4226E-02  -1.4018E-02
  -4.8765E-03  -2.5530E-02  -8.9870E-03  -8.6722E-03  -9.1190E-03  -1.0190E-02
   3.7530E-02  -3.6153E-02  -1.6232E-01  -1.3976E-01  -1.0627E-01  -1.3071E-01
  -3.1878E-02  -6.3335E-02  -1.7780E-02  -3.9095E-03   2.0570E-03   1.0635E-02
   7.9961E-03  -2.9891E-02  -6.7926E-02   3.4893E-03  -2.7229E-02  -2.3635E-02
  -1.4951E-02  -1.8475E-02   3.2661E-02   5.4368E-03  -4.0728E-02  -6.3750E-03
  -6.4852E-03  -4.5598E-03  -5.8350E-03  -2.2557E-02  -2.4667E-02  -2.4540E-02
  -2.5259E-02  -2.4732E-02   3.6843E-02  -3.4478E-02  -1.1082E-01  -6.6033E-02
  -1.0791E-01  -6.7763E-02   1.5146E-02  -1.8535E-02  -3.7142E-02   3.5259E-04
   1.5750E-02   3.9788E-02   1.7393E-02  -8.1821E-02  -5.6630E-02   2.9146E-02
  -6.2139E-04  -2.0640E-02  -1.6987E-02  -1.0604E-02   2.8096E-02   7.8186E-03
  -3.4379E-02  -1.7282E-02  -1.6700E-02   2.4001E-04   3.6084E-03  -1.8814E-02
  -9.6414E-03  -1.0956E-02  -1.0424E-02  -1.1940E-02   3.5672E-02
  > E    =  -5.359929117724E+02 +/-   1.139668374791E-04
  > varE =   1.300090894742E-03
* Computing derivatives.
    [walltime: 1m9s elapsed, 1h8m remaining]
    [walltime: 1h elapsed, 9m32s remaining]
  Done. [total walltime: 1h9m]
* Optimizing manipulation constant:
  #igrid a___________ E____________________________________ varE____________
     1     Infinity    -5.35992912E+02 +/-   1.13966837E-04   1.30009089E-03
     2     1.0000E+06  -5.35992912E+02 +/-   1.13966832E-04   1.30009078E-03
     3     2.1544E+05  -5.35992912E+02 +/-   1.13966814E-04   1.30009036E-03
     4     4.6416E+04  -5.35992912E+02 +/-   1.13966729E-04   1.30008841E-03
     5     1.0000E+04  -5.35992912E+02 +/-   1.13966333E-04   1.30007938E-03
     6     2.1544E+03  -5.35992912E+02 +/-   1.13964500E-04   1.30003756E-03
     7     4.6416E+02  -5.35992912E+02 +/-   1.13956075E-04   1.29984537E-03
     8     1.0000E+02  -5.35992912E+02 +/-   1.13918809E-04   1.29899535E-03
     9     2.1544E+01  -5.35992914E+02 +/-   1.13789120E-04   1.29603939E-03
    10     4.6416E+00  -5.35992882E+02 +/-   1.15973757E-04   1.34628242E-03
    11     1.0000E+00  -5.35799326E+02 +/-   1.25036785E-03   1.56492065E-01
    12     2.1544E-01  -5.32630519E+02 +/-   1.83193188E-02   3.35919615E+01
    13     4.6416E-02  -5.32651674E+02 +/-   3.03154639E-03   9.19909616E-01
    14     1.0000E-02  -5.35114615E+02 +/-   2.18910901E+00   4.79679878E+05
    15     2.1544E-03 (error)
    16     4.6416E-04 (error)
    17     1.0000E-04 (error)
    18     2.1544E-05 (error)
    19     4.6416E-06 (error)
    20     1.0000E-06 (error)
    21     0.0000E+00 (error)
  ParMin   4.3046E+01  -5.35992913E+02 +/-   1.13863062E-04   1.29772431E-03
  # Using grid point #9
* Iteration # 1: E =  -5.359929138651E+02 +/-   1.137891199639E-04
* Convergence: exiting.
* After optimization:
   5.2507E+00   3.6157E+00   5.4437E+00   5.5392E+00  -1.1371E+00  -1.2693E+00
  -8.7460E-02   1.3866E+00   2.1006E-01   1.9752E-01  -2.0293E+00  -2.0618E+00
  -2.1719E+00  -2.1809E+00   1.4137E-01  -4.3883E+00  -5.4464E-01   2.6305E-01
   2.5736E-01  -2.3641E+00  -2.3633E+00  -1.0274E-01  -9.9025E-02   3.9915E-01
   3.8088E-01  -4.1784E-01  -1.5685E+00  -1.5652E+00  -2.4093E+00  -2.4110E+00
  -2.8970E+00  -2.8983E+00   1.9124E-01   1.9430E-01  -5.1847E+00  -5.1316E+00
  -3.3006E-01  -3.3203E-01  -3.0377E-01  -3.0757E-01   2.6219E-01   2.7044E-01
   2.6228E-01   2.7070E-01  -2.5773E+00  -2.5759E+00  -6.9889E-03  -2.5972E+00
  -2.5959E+00  -2.8234E+00  -2.8260E+00  -2.8235E+00  -2.8266E+00  -2.8232E+00
  -2.8263E+00  -2.8235E+00  -2.8260E+00   1.7534E+01  -1.6626E+01   5.7764E+00
  -5.7089E+00  -7.8078E-01  -6.7377E-01   4.0119E+00  -4.3203E+00   2.0932E+01
  -1.8936E+01   1.9440E+01  -1.7251E+01   2.4417E+00  -2.5927E+00   3.6285E+01
  -3.1919E+01   6.0230E+00  -5.4864E+00   2.7125E+00  -2.9876E+00   2.1109E+01
  -1.8734E+01   4.1920E+00  -4.0822E+00   2.6850E+00  -3.0401E+00   5.9977E+00
  -5.5461E+00   1.7838E+01  -1.6233E+01   1.9530E+01  -1.7125E+01   2.1399E+01
  -1.8499E+01   1.1678E+00  -1.3534E+00   3.6738E+01  -3.1553E+01   3.6716E+01
  -3.1585E+01   3.0382E+00  -2.7093E+00   3.0342E+00  -2.7241E+00   1.1255E+00
  -1.4059E+00   1.1249E+00  -1.4051E+00   1.8362E+01  -1.5787E+01   6.7033E-04
   5.2967E-03   1.8371E+01  -1.5774E+01   2.1363E+01  -1.8545E+01   2.1364E+01
  -1.8545E+01   2.1363E+01  -1.8545E+01   2.1363E+01  -1.8545E+01   7.1806E-01
   1.6070E+00   5.8066E-01   5.8102E-01  -7.8965E-02  -1.6345E-01  -2.7541E-01
  -1.3259E-01  -1.2298E-01   9.9942E-03  -5.7341E-02  -1.4554E-02  -2.2347E-02
  -1.8727E-02   1.2022E-02   7.4133E-03  -2.1662E-02  -5.9599E-02   2.9721E-02
  -2.2681E-02  -1.8428E-02  -1.7218E-02  -3.7779E-03   1.2313E-02   5.0349E-03
  -2.5424E-02  -1.1228E-02  -1.1044E-02  -1.4836E-02  -1.3468E-02  -2.7983E-02
  -1.9323E-02  -1.9968E-02  -2.0084E-02  -2.0069E-02   3.8018E-02   9.7495E-02
  -9.1505E-02  -3.1451E-02  -5.4266E-02  -4.0659E-02   3.8124E-02  -2.6663E-02
  -2.4397E-02  -1.3592E-02  -1.2285E-03   3.1317E-02   1.6835E-02  -6.9133E-02
  -4.9279E-02   4.6434E-02  -6.2631E-03  -1.5473E-02  -1.4952E-02   1.0277E-03
   9.8427E-03   4.3235E-03  -1.8091E-02  -1.3693E-02  -1.3929E-02  -1.2999E-02
  -5.8796E-03  -2.4871E-02  -8.5619E-03  -8.3246E-03  -8.6103E-03  -9.6883E-03
   3.6884E-02  -3.4939E-02  -1.6121E-01  -1.3861E-01  -1.0501E-01  -1.2984E-01
  -3.2377E-02  -6.4384E-02  -1.8314E-02  -4.5820E-03   1.6397E-03   1.0984E-02
   7.8654E-03  -3.0606E-02  -6.8718E-02   3.6454E-03  -2.7276E-02  -2.3993E-02
  -1.4928E-02  -1.8227E-02   3.1836E-02   4.8175E-03  -4.1058E-02  -5.9065E-03
  -5.9786E-03  -4.8500E-03  -5.8014E-03  -2.2337E-02  -2.4603E-02  -2.4422E-02
  -2.5044E-02  -2.4606E-02   3.6170E-02  -3.3358E-02  -1.0842E-01  -6.4407E-02
  -1.0605E-01  -6.6622E-02   1.4544E-02  -1.9238E-02  -3.7310E-02  -7.3791E-04
   1.4830E-02   3.9600E-02   1.6673E-02  -8.1985E-02  -5.7137E-02   2.9134E-02
  -8.7207E-04  -2.0640E-02  -1.6690E-02  -1.0795E-02   2.7184E-02   7.2769E-03
  -3.4609E-02  -1.6572E-02  -1.6023E-02  -1.0410E-04   3.1735E-03  -1.8935E-02
  -9.3987E-03  -1.0603E-02  -1.0099E-02  -1.1566E-02   3.4817E-02
  > Energy =  -5.359929138651E+02 +/-   1.137891199639E-04
  > varE =   1.296039386743E-03

VMC #13:
* Size of Hilbert space =   1.1779E+07
* Number of equil. steps   = 1000
* Running VMC equilibration.
  Done. [total walltime: 0.09s]
* Equil. acc.ratio (%)     =  15.0052
* Sample config after equilibration:
  +-------------+
  |  2       2  |
  |      d      |
  |    u   0    |
  |0           2|
  |d           0|
  |    0   u    |
  |      u      |
  |  2       d  |
  +-------------+
* Number of accum. steps   = 500480 x 10
* Running VMC accumulation.
    [walltime: 1m elapsed, 30.2s remaining]
  Done. [total walltime: 1m30s]
* Acceptance ratio (%)     =  14.9307
* Etot/t                   =  -5.359930238212E+02 +/-   5.129814943826E-05
  > Ttot/t                 =  -3.899857582413E+01 +/-   6.984901610811E-04
  > Utot/t                 =   1.647218554094E+01 +/-   6.945603003397E-04
* var[Eloc/t]              =   1.272746072809E-03 +/-   1.013167088231E-05
* Correlation length       =   1.034780790997E+00
* log10 Psi^2 range: -32.94053454345692 -- -24.54048655132899
* log10 Pgen range : -32.94053454345692 -- -24.54048655132899
* Site occupation (ave. no. electrons per config.):
  > Site_  ___eu____  ___ed____
      1        0.499      0.498
      2        0.501      0.503
      3        0.500      0.502
      4        0.502      0.500
      5        0.497      0.498
      6        0.499      0.499
      7        0.501      0.503
      8        0.498      0.500
      9        0.499      0.499
     10        0.502      0.500
     11        0.496      0.497
     12        0.503      0.502
     13        0.504      0.500
     14        0.498      0.499
* Pair-correlation analysis (ave. no. pairs per config.):
  > Shell  nsite  ___dh____  __eueu___  __eued___
      0      1        0          0          2.432
      1      1        0.886      0.590      2.549
      2      1        0.293      0.660      1.087
      3      1        0.252      0.717      1.087
      4      1        0.659      1.099      2.306
      5      1        0.496      1.468      2.119
      6      1        0.233      2.070      1.921
      7      1        0.072      0.419      0.564
      8      1        0.142      0.848      1.095
      9      1        0.156      0.911      1.047
     10      1        0.283      1.861      2.091
     11      1        0.246      2.072      1.923
     12      1        0.248      2.125      1.896
     13      1        0.240      2.115      1.920
     14      1        0.136      1.053      0.948
     15      1        0.219      2.149      1.887
     16      1        0.224      1.956      2.053
     17      1        0.252      2.030      1.948
     18      1        0.229      2.072      1.955
     19      1        0.112      0.991      1.000
     20      1        0.113      1.004      0.987
     21      1        0.262      1.928      2.057
     22      1        0.253      2.043      1.959
     23      1        0.123      0.943      1.057
     24      1        0.123      0.939      1.054
     25      1        0.228      1.983      2.022
     26      1        0.118      0.993      1.015
     27      1        0.227      2.018      1.989
     28      1        0.065      0.485      0.512
     29      1        0.064      0.479      0.509
     30      1        0.064      0.483      0.510
     31      1        0.065      0.481      0.506
     32      1        0.115      1.015      0.998

Optimization #13:
* Method          : lls
* Target function : energy
* No. of configs. : 100096
* No. of params.  : 251
* Before optimization:
   5.2507E+00   3.6157E+00   5.4437E+00   5.5392E+00  -1.1371E+00  -1.2693E+00
  -8.7460E-02   1.3866E+00   2.1006E-01   1.9752E-01  -2.0293E+00  -2.0618E+00
  -2.1719E+00  -2.1809E+00   1.4137E-01  -4.3883E+00  -5.4464E-01   2.6305E-01
   2.5736E-01  -2.3641E+00  -2.3633E+00  -1.0274E-01  -9.9025E-02   3.9915E-01
   3.8088E-01  -4.1784E-01  -1.5685E+00  -1.5652E+00  -2.4093E+00  -2.4110E+00
  -2.8970E+00  -2.8983E+00   1.9124E-01   1.9430E-01  -5.1847E+00  -5.1316E+00
  -3.3006E-01  -3.3203E-01  -3.0377E-01  -3.0757E-01   2.6219E-01   2.7044E-01
   2.6228E-01   2.7070E-01  -2.5773E+00  -2.5759E+00  -6.9889E-03  -2.5972E+00
  -2.5959E+00  -2.8234E+00  -2.8260E+00  -2.8235E+00  -2.8266E+00  -2.8232E+00
  -2.8263E+00  -2.8235E+00  -2.8260E+00   1.7534E+01  -1.6626E+01   5.7764E+00
  -5.7089E+00  -7.8078E-01  -6.7377E-01   4.0119E+00  -4.3203E+00   2.0932E+01
  -1.8936E+01   1.9440E+01  -1.7251E+01   2.4417E+00  -2.5927E+00   3.6285E+01
  -3.1919E+01   6.0230E+00  -5.4864E+00   2.7125E+00  -2.9876E+00   2.1109E+01
  -1.8734E+01   4.1920E+00  -4.0822E+00   2.6850E+00  -3.0401E+00   5.9977E+00
  -5.5461E+00   1.7838E+01  -1.6233E+01   1.9530E+01  -1.7125E+01   2.1399E+01
  -1.8499E+01   1.1678E+00  -1.3534E+00   3.6738E+01  -3.1553E+01   3.6716E+01
  -3.1585E+01   3.0382E+00  -2.7093E+00   3.0342E+00  -2.7241E+00   1.1255E+00
  -1.4059E+00   1.1249E+00  -1.4051E+00   1.8362E+01  -1.5787E+01   6.7033E-04
   5.2967E-03   1.8371E+01  -1.5774E+01   2.1363E+01  -1.8545E+01   2.1364E+01
  -1.8545E+01   2.1363E+01  -1.8545E+01   2.1363E+01  -1.8545E+01   7.1806E-01
   1.6070E+00   5.8066E-01   5.8102E-01  -7.8965E-02  -1.6345E-01  -2.7541E-01
  -1.3259E-01  -1.2298E-01   9.9942E-03  -5.7341E-02  -1.4554E-02  -2.2347E-02
  -1.8727E-02   1.2022E-02   7.4133E-03  -2.1662E-02  -5.9599E-02   2.9721E-02
  -2.2681E-02  -1.8428E-02  -1.7218E-02  -3.7779E-03   1.2313E-02   5.0349E-03
  -2.5424E-02  -1.1228E-02  -1.1044E-02  -1.4836E-02  -1.3468E-02  -2.7983E-02
  -1.9323E-02  -1.9968E-02  -2.0084E-02  -2.0069E-02   3.8018E-02   9.7495E-02
  -9.1505E-02  -3.1451E-02  -5.4266E-02  -4.0659E-02   3.8124E-02  -2.6663E-02
  -2.4397E-02  -1.3592E-02  -1.2285E-03   3.1317E-02   1.6835E-02  -6.9133E-02
  -4.9279E-02   4.6434E-02  -6.2631E-03  -1.5473E-02  -1.4952E-02   1.0277E-03
   9.8427E-03   4.3235E-03  -1.8091E-02  -1.3693E-02  -1.3929E-02  -1.2999E-02
  -5.8796E-03  -2.4871E-02  -8.5619E-03  -8.3246E-03  -8.6103E-03  -9.6883E-03
   3.6884E-02  -3.4939E-02  -1.6121E-01  -1.3861E-01  -1.0501E-01  -1.2984E-01
  -3.2377E-02  -6.4384E-02  -1.8314E-02  -4.5820E-03   1.6397E-03   1.0984E-02
   7.8654E-03  -3.0606E-02  -6.8718E-02   3.6454E-03  -2.7276E-02  -2.3993E-02
  -1.4928E-02  -1.8227E-02   3.1836E-02   4.8175E-03  -4.1058E-02  -5.9065E-03
  -5.9786E-03  -4.8500E-03  -5.8014E-03  -2.2337E-02  -2.4603E-02  -2.4422E-02
  -2.5044E-02  -2.4606E-02   3.6170E-02  -3.3358E-02  -1.0842E-01  -6.4407E-02
  -1.0605E-01  -6.6622E-02   1.4544E-02  -1.9238E-02  -3.7310E-02  -7.3791E-04
   1.4830E-02   3.9600E-02   1.6673E-02  -8.1985E-02  -5.7137E-02   2.9134E-02
  -8.7207E-04  -2.0640E-02  -1.6690E-02  -1.0795E-02   2.7184E-02   7.2769E-03
  -3.4609E-02  -1.6572E-02  -1.6023E-02  -1.0410E-04   3.1735E-03  -1.8935E-02
  -9.3987E-03  -1.0603E-02  -1.0099E-02  -1.1566E-02   3.4817E-02
  > E    =  -5.359929894778E+02 +/-   1.134548607805E-04
  > varE =   1.288436255995E-03
* Computing derivatives.
    [walltime: 1m9s elapsed, 1h8m remaining]
    [walltime: 1h elapsed, 9m32s remaining]
  Done. [total walltime: 1h9m]
* Optimizing manipulation constant:
  #igrid a___________ E____________________________________ varE____________
     1     Infinity    -5.35992989E+02 +/-   1.13454861E-04   1.28843626E-03
     2     1.0000E+06  -5.35992989E+02 +/-   1.13454858E-04   1.28843619E-03
     3     2.1544E+05  -5.35992989E+02 +/-   1.13454846E-04   1.28843593E-03
     4     4.6416E+04  -5.35992989E+02 +/-   1.13454794E-04   1.28843474E-03
     5     1.0000E+04  -5.35992989E+02 +/-   1.13454553E-04   1.28842926E-03
     6     2.1544E+03  -5.35992990E+02 +/-   1.13453452E-04   1.28840425E-03
     7     4.6416E+02  -5.35992990E+02 +/-   1.13448781E-04   1.28829817E-03
     8     1.0000E+02  -5.35992990E+02 +/-   1.13436727E-04   1.28802443E-03
     9     2.1544E+01  -5.35992983E+02 +/-   1.13669952E-04   1.29332621E-03
    10     4.6416E+00  -5.35991498E+02 +/-   1.59253579E-04   2.53860497E-03
    11     1.0000E+00  -5.35000445E+02 +/-   2.52269451E-03   6.37009703E-01
    12     2.1544E-01  -5.32796042E+02 +/-   2.61056044E-03   6.82156823E-01
    13     4.6416E-02  -5.34292985E+02 +/-   2.92022058E-03   8.53587484E-01
    14     1.0000E-02  -5.32594992E+02 +/-   4.68942177E-04   2.20117876E-02
    15     2.1544E-03  -5.32598525E+02 +/-   6.00803667E-03   3.61311573E+00
    16     4.6416E-04  -5.32598614E+02 +/-   7.04054371E-03   4.96168423E+00
    17     1.0000E-04  -5.32598604E+02 +/-   7.29042284E-03   5.32012895E+00
    18     2.1544E-05  -5.32598600E+02 +/-   7.39037199E-03   5.46700311E+00
    19     4.6416E-06  -5.32598599E+02 +/-   7.41301069E-03   5.50054821E+00
    20     1.0000E-06  -5.32598599E+02 +/-   7.41791821E-03   5.50783351E+00
    21     0.0000E+00  -5.32598599E+02 +/-   7.41926793E-03   5.50983803E+00
  ParMin   2.0788E+02  -5.35992990E+02 +/-   1.13442907E-04   1.28816477E-03
  # Using grid point #8
* Iteration # 1: E =  -5.359929897322E+02 +/-   1.134367273808E-04
* Convergence: exiting.
* After optimization:
   5.2752E+00   3.6398E+00   5.4695E+00   5.5646E+00  -1.1411E+00  -1.2733E+00
  -8.5212E-02   1.3868E+00   2.1201E-01   1.9941E-01  -2.0320E+00  -2.0645E+00
  -2.1751E+00  -2.1841E+00   1.4288E-01  -4.3962E+00  -5.4250E-01   2.6421E-01
   2.5854E-01  -2.3670E+00  -2.3662E+00  -1.0089E-01  -9.7158E-02   4.0033E-01
   3.8209E-01  -4.1568E-01  -1.5725E+00  -1.5691E+00  -2.4125E+00  -2.4142E+00
  -2.8999E+00  -2.9012E+00   1.9207E-01   1.9511E-01  -5.1927E+00  -5.1396E+00
  -3.2897E-01  -3.3093E-01  -3.0267E-01  -3.0648E-01   2.6303E-01   2.7124E-01
   2.6311E-01   2.7153E-01  -2.5813E+00  -2.5799E+00  -6.9833E-03  -2.6012E+00
  -2.5999E+00  -2.8263E+00  -2.8289E+00  -2.8264E+00  -2.8295E+00  -2.8261E+00
  -2.8292E+00  -2.8264E+00  -2.8289E+00   1.7563E+01  -1.6650E+01   5.7618E+00
  -5.6966E+00  -7.8093E-01  -6.7374E-01   3.9998E+00  -4.3100E+00   2.0953E+01
  -1.8954E+01   1.9463E+01  -1.7271E+01   2.4321E+00  -2.5845E+00   3.6341E+01
  -3.1968E+01   6.0085E+00  -5.4740E+00   2.7052E+00  -2.9815E+00   2.1130E+01
  -1.8752E+01   4.1799E+00  -4.0719E+00   2.6777E+00  -3.0339E+00   5.9831E+00
  -5.5337E+00   1.7866E+01  -1.6257E+01   1.9553E+01  -1.7146E+01   2.1420E+01
  -1.8517E+01   1.1629E+00  -1.3494E+00   3.6795E+01  -3.1601E+01   3.6773E+01
  -3.1634E+01   3.0309E+00  -2.7032E+00   3.0269E+00  -2.7179E+00   1.1206E+00
  -1.4018E+00   1.1201E+00  -1.4011E+00   1.8391E+01  -1.5811E+01   6.6553E-04
   5.2926E-03   1.8399E+01  -1.5798E+01   2.1384E+01  -1.8563E+01   2.1385E+01
  -1.8563E+01   2.1384E+01  -1.8563E+01   2.1385E+01  -1.8563E+01   7.1236E-01
   1.5947E+00   5.7557E-01   5.7626E-01  -7.8200E-02  -1.6184E-01  -2.7350E-01
  -1.3115E-01  -1.2165E-01   9.8556E-03  -5.6913E-02  -1.4548E-02  -2.2242E-02
  -1.8564E-02   1.1920E-02   7.3749E-03  -2.1409E-02  -5.9202E-02   2.9475E-02
  -2.2484E-02  -1.8230E-02  -1.7032E-02  -3.8039E-03   1.2233E-02   4.9791E-03
  -2.5199E-02  -1.1150E-02  -1.0956E-02  -1.4782E-02  -1.3307E-02  -2.7769E-02
  -1.9147E-02  -1.9789E-02  -1.9907E-02  -1.9872E-02   3.7701E-02   9.6713E-02
  -9.0526E-02  -3.1356E-02  -5.3582E-02  -4.0104E-02   3.7743E-02  -2.6527E-02
  -2.4297E-02  -1.3591E-02  -1.2790E-03   3.1052E-02   1.6693E-02  -6.8420E-02
  -4.8896E-02   4.6054E-02  -6.2176E-03  -1.5322E-02  -1.4797E-02   1.0155E-03
   9.7118E-03   4.2415E-03  -1.7942E-02  -1.3555E-02  -1.3793E-02  -1.2874E-02
  -5.8852E-03  -2.4655E-02  -8.4394E-03  -8.2178E-03  -8.4979E-03  -9.5595E-03
   3.6443E-02  -3.4601E-02  -1.6066E-01  -1.3843E-01  -1.0442E-01  -1.2945E-01
  -3.2492E-02  -6.4640E-02  -1.8601E-02  -4.7655E-03   1.4732E-03   1.0922E-02
   7.9309E-03  -3.0651E-02  -6.8821E-02   3.6927E-03  -2.7294E-02  -2.3925E-02
  -1.4916E-02  -1.8313E-02   3.1804E-02   4.7125E-03  -4.1053E-02  -5.7794E-03
  -5.8509E-03  -4.9702E-03  -5.8373E-03  -2.2372E-02  -2.4563E-02  -2.4363E-02
  -2.4989E-02  -2.4575E-02   3.6173E-02  -3.3013E-02  -1.0794E-01  -6.4199E-02
  -1.0547E-01  -6.6342E-02   1.4411E-02  -1.9534E-02  -3.7547E-02  -9.4850E-04
   1.4595E-02   3.9558E-02   1.6720E-02  -8.1950E-02  -5.7171E-02   2.9137E-02
  -9.2067E-04  -2.0587E-02  -1.6655E-02  -1.0793E-02   2.7067E-02   7.1384E-03
  -3.4609E-02  -1.6415E-02  -1.5862E-02  -1.4477E-04   3.1108E-03  -1.8918E-02
  -9.2989E-03  -1.0508E-02  -9.9980E-03  -1.1475E-02   3.4682E-02
  > Energy =  -5.359929897322E+02 +/-   1.134367273808E-04
  > varE =   1.288024429435E-03

VMC #14:
* Size of Hilbert space =   1.1779E+07
* Number of equil. steps   = 1000
* Running VMC equilibration.
  Done. [total walltime: 0.09s]
* Equil. acc.ratio (%)     =  14.8016
* Sample config after equilibration:
  +-------------+
  |  d       u  |
  |      2      |
  |    0   0    |
  |u           d|
  |d           2|
  |    2   d    |
  |      u      |
  |  u       0  |
  +-------------+
* Number of accum. steps   = 500480 x 10
* Running VMC accumulation.
    [walltime: 1m elapsed, 30.1s remaining]
  Done. [total walltime: 1m30s]
* Acceptance ratio (%)     =  14.7974
* Etot/t                   =  -5.359928407673E+02 +/-   5.124241163668E-05
  > Ttot/t                 =  -3.899642037673E+01 +/-   6.854214398898E-04
  > Utot/t                 =   1.647021314740E+01 +/-   6.822117561056E-04
* var[Eloc/t]              =   1.302390970049E-03 +/-   2.647111902454E-05
* Correlation length       =   1.009030914735E+00
* log10 Psi^2 range: -34.16093346768712 -- -24.55174586385672
* log10 Pgen range : -34.16093346768712 -- -24.55174586385672
* Site occupation (ave. no. electrons per config.):
  > Site_  ___eu____  ___ed____
      1        0.497      0.496
      2        0.502      0.500
      3        0.501      0.500
      4        0.504      0.502
      5        0.498      0.502
      6        0.495      0.498
      7        0.504      0.501
      8        0.499      0.501
      9        0.498      0.498
     10        0.500      0.500
     11        0.496      0.499
     12        0.503      0.500
     13        0.500      0.502
     14        0.501      0.501
* Pair-correlation analysis (ave. no. pairs per config.):
  > Shell  nsite  ___dh____  __eueu___  __eued___
      0      1        0          0          2.427
      1      1        0.879      0.593      2.557
      2      1        0.296      0.654      1.083
      3      1        0.254      0.712      1.082
      4      1        0.662      1.099      2.300
      5      1        0.492      1.470      2.126
      6      1        0.231      2.078      1.934
      7      1        0.071      0.420      0.566
      8      1        0.140      0.854      1.104
      9      1        0.157      0.909      1.040
     10      1        0.284      1.851      2.085
     11      1        0.244      2.079      1.922
     12      1        0.243      2.127      1.898
     13      1        0.244      2.107      1.909
     14      1        0.135      1.046      0.948
     15      1        0.219      2.150      1.885
     16      1        0.226      1.963      2.059
     17      1        0.249      2.032      1.953
     18      1        0.228      2.071      1.959
     19      1        0.111      0.994      1.009
     20      1        0.111      1.009      0.995
     21      1        0.265      1.921      2.045
     22      1        0.255      2.032      1.952
     23      1        0.124      0.943      1.055
     24      1        0.122      0.944      1.054
     25      1        0.226      1.985      2.023
     26      1        0.116      0.985      1.018
     27      1        0.225      2.025      1.985
     28      1        0.065      0.482      0.505
     29      1        0.063      0.485      0.510
     30      1        0.064      0.485      0.510
     31      1        0.064      0.483      0.508
     32      1        0.115      1.012      0.991

Optimization #14:
* Method          : lls
* Target function : energy
* No. of configs. : 100096
* No. of params.  : 251
* Before optimization:
   5.2752E+00   3.6398E+00   5.4695E+00   5.5646E+00  -1.1411E+00  -1.2733E+00
  -8.5212E-02   1.3868E+00   2.1201E-01   1.9941E-01  -2.0320E+00  -2.0645E+00
  -2.1751E+00  -2.1841E+00   1.4288E-01  -4.3962E+00  -5.4250E-01   2.6421E-01
   2.5854E-01  -2.3670E+00  -2.3662E+00  -1.0089E-01  -9.7158E-02   4.0033E-01
   3.8209E-01  -4.1568E-01  -1.5725E+00  -1.5691E+00  -2.4125E+00  -2.4142E+00
  -2.8999E+00  -2.9012E+00   1.9207E-01   1.9511E-01  -5.1927E+00  -5.1396E+00
  -3.2897E-01  -3.3093E-01  -3.0267E-01  -3.0648E-01   2.6303E-01   2.7124E-01
   2.6311E-01   2.7153E-01  -2.5813E+00  -2.5799E+00  -6.9833E-03  -2.6012E+00
  -2.5999E+00  -2.8263E+00  -2.8289E+00  -2.8264E+00  -2.8295E+00  -2.8261E+00
  -2.8292E+00  -2.8264E+00  -2.8289E+00   1.7563E+01  -1.6650E+01   5.7618E+00
  -5.6966E+00  -7.8093E-01  -6.7374E-01   3.9998E+00  -4.3100E+00   2.0953E+01
  -1.8954E+01   1.9463E+01  -1.7271E+01   2.4321E+00  -2.5845E+00   3.6341E+01
  -3.1968E+01   6.0085E+00  -5.4740E+00   2.7052E+00  -2.9815E+00   2.1130E+01
  -1.8752E+01   4.1799E+00  -4.0719E+00   2.6777E+00  -3.0339E+00   5.9831E+00
  -5.5337E+00   1.7866E+01  -1.6257E+01   1.9553E+01  -1.7146E+01   2.1420E+01
  -1.8517E+01   1.1629E+00  -1.3494E+00   3.6795E+01  -3.1601E+01   3.6773E+01
  -3.1634E+01   3.0309E+00  -2.7032E+00   3.0269E+00  -2.7179E+00   1.1206E+00
  -1.4018E+00   1.1201E+00  -1.4011E+00   1.8391E+01  -1.5811E+01   6.6553E-04
   5.2926E-03   1.8399E+01  -1.5798E+01   2.1384E+01  -1.8563E+01   2.1385E+01
  -1.8563E+01   2.1384E+01  -1.8563E+01   2.1385E+01  -1.8563E+01   7.1236E-01
   1.5947E+00   5.7557E-01   5.7626E-01  -7.8200E-02  -1.6184E-01  -2.7350E-01
  -1.3115E-01  -1.2165E-01   9.8556E-03  -5.6913E-02  -1.4548E-02  -2.2242E-02
  -1.8564E-02   1.1920E-02   7.3749E-03  -2.1409E-02  -5.9202E-02   2.9475E-02
  -2.2484E-02  -1.8230E-02  -1.7032E-02  -3.8039E-03   1.2233E-02   4.9791E-03
  -2.5199E-02  -1.1150E-02  -1.0956E-02  -1.4782E-02  -1.3307E-02  -2.7769E-02
  -1.9147E-02  -1.9789E-02  -1.9907E-02  -1.9872E-02   3.7701E-02   9.6713E-02
  -9.0526E-02  -3.1356E-02  -5.3582E-02  -4.0104E-02   3.7743E-02  -2.6527E-02
  -2.4297E-02  -1.3591E-02  -1.2790E-03   3.1052E-02   1.6693E-02  -6.8420E-02
  -4.8896E-02   4.6054E-02  -6.2176E-03  -1.5322E-02  -1.4797E-02   1.0155E-03
   9.7118E-03   4.2415E-03  -1.7942E-02  -1.3555E-02  -1.3793E-02  -1.2874E-02
  -5.8852E-03  -2.4655E-02  -8.4394E-03  -8.2178E-03  -8.4979E-03  -9.5595E-03
   3.6443E-02  -3.4601E-02  -1.6066E-01  -1.3843E-01  -1.0442E-01  -1.2945E-01
  -3.2492E-02  -6.4640E-02  -1.8601E-02  -4.7655E-03   1.4732E-03   1.0922E-02
   7.9309E-03  -3.0651E-02  -6.8821E-02   3.6927E-03  -2.7294E-02  -2.3925E-02
  -1.4916E-02  -1.8313E-02   3.1804E-02   4.7125E-03  -4.1053E-02  -5.7794E-03
  -5.8509E-03  -4.9702E-03  -5.8373E-03  -2.2372E-02  -2.4563E-02  -2.4363E-02
  -2.4989E-02  -2.4575E-02   3.6173E-02  -3.3013E-02  -1.0794E-01  -6.4199E-02
  -1.0547E-01  -6.6342E-02   1.4411E-02  -1.9534E-02  -3.7547E-02  -9.4850E-04
   1.4595E-02   3.9558E-02   1.6720E-02  -8.1950E-02  -5.7171E-02   2.9137E-02
  -9.2067E-04  -2.0587E-02  -1.6655E-02  -1.0793E-02   2.7067E-02   7.1384E-03
  -3.4609E-02  -1.6415E-02  -1.5862E-02  -1.4477E-04   3.1108E-03  -1.8918E-02
  -9.2989E-03  -1.0508E-02  -9.9980E-03  -1.1475E-02   3.4682E-02
  > E    =  -5.359929640364E+02 +/-   1.183135461623E-04
  > varE =   1.401153337690E-03
* Computing derivatives.
    [walltime: 1m9s elapsed, 1h8m remaining]
    [walltime: 1h elapsed, 9m37s remaining]
  Done. [total walltime: 1h9m]
* Optimizing manipulation constant:
  #igrid a___________ E____________________________________ varE____________
     1     Infinity    -5.35992964E+02 +/-   1.18313546E-04   1.40115334E-03
     2     1.0000E+06  -5.35992964E+02 +/-   1.18313536E-04   1.40115311E-03
     3     2.1544E+05  -5.35992964E+02 +/-   1.18313501E-04   1.40115226E-03
     4     4.6416E+04  -5.35992964E+02 +/-   1.18313335E-04   1.40114834E-03
     5     1.0000E+04  -5.35992964E+02 +/-   1.18312566E-04   1.40113012E-03
     6     2.1544E+03  -5.35992964E+02 +/-   1.18309001E-04   1.40104568E-03
     7     4.6416E+02  -5.35992964E+02 +/-   1.18292533E-04   1.40065567E-03
     8     1.0000E+02  -5.35992965E+02 +/-   1.18217803E-04   1.39888653E-03
     9     2.1544E+01  -5.35992970E+02 +/-   1.17904720E-04   1.39148686E-03
    10     4.6416E+00  -5.35992984E+02 +/-   1.16992744E-04   1.37004420E-03
    11     1.0000E+00  -5.35992863E+02 +/-   1.21397708E-04   1.47515514E-03
    12     2.1544E-01  -5.35953019E+02 +/-   5.64733508E-04   3.19230103E-02
    13     4.6416E-02  -5.35852153E+02 +/-   1.01855501E-03   1.03845027E-01
    14     1.0000E-02 (error)
    15     2.1544E-03   1.06560387E+45 +/-   1.17889206E+44   1.39112068E+93
    16     4.6416E-04   1.33854896E+45 +/-   1.17889206E+44   1.39112068E+93
    17     1.0000E-04   1.68662208E+45 +/-   5.05279451E+41   2.55552419E+88
    18     2.1544E-05   9.47169054E+44 +/-   2.83135716E+41   8.02427930E+87
    19     4.6416E-06   8.37178220E+44 +/-   2.50137060E+41   6.26286144E+87
    20     1.0000E-06   8.15239915E+44 +/-   2.43557111E+41   5.93770133E+87
    21     0.0000E+00   8.09317322E+44 +/-   2.41780859E+41   5.85141034E+87
  ParMin   8.4577E+00  -5.35992977E+02 +/-   1.17422643E-04   1.38013137E-03
  # Using grid point #10
* Iteration # 1: E =  -5.359929837680E+02 +/-   1.169927441689E-04
* Diminishing returns: exiting.
* After optimization:
   5.4082E+00   3.7645E+00   5.6279E+00   5.6914E+00  -1.1345E+00  -1.2662E+00
  -1.2099E-01   1.3902E+00   1.1238E-01   9.8464E-02  -2.0421E+00  -2.0734E+00
  -2.2485E+00  -2.2575E+00  -2.2420E-02  -4.3768E+00  -5.8084E-01   2.4496E-01
   2.3937E-01  -2.3760E+00  -2.3752E+00  -2.0243E-01  -1.9834E-01   3.8041E-01
   3.6226E-01  -4.5390E-01  -1.5622E+00  -1.5586E+00  -2.4851E+00  -2.4869E+00
  -2.9097E+00  -2.9110E+00   1.0957E-01   1.1249E-01  -5.1737E+00  -5.1202E+00
  -3.4869E-01  -3.5042E-01  -3.2241E-01  -3.2612E-01   1.7976E-01   1.8859E-01
   1.7996E-01   1.8877E-01  -2.5717E+00  -2.5706E+00  -7.1089E-03  -2.5919E+00
  -2.5905E+00  -2.8360E+00  -2.8377E+00  -2.8364E+00  -2.8392E+00  -2.8362E+00
  -2.8388E+00  -2.8368E+00  -2.8388E+00   1.7498E+01  -1.6593E+01   6.0383E+00
  -5.9373E+00  -7.8425E-01  -6.7298E-01   4.7234E+00  -4.9313E+00   2.1028E+01
  -1.9019E+01   1.9983E+01  -1.7718E+01   3.5997E+00  -3.5863E+00   3.6211E+01
  -3.1857E+01   6.2876E+00  -5.7143E+00   2.8438E+00  -3.1010E+00   2.1204E+01
  -1.8817E+01   4.9034E+00  -4.6933E+00   2.8172E+00  -3.1532E+00   6.2621E+00
  -5.7746E+00   1.7800E+01  -1.6201E+01   2.0072E+01  -1.7592E+01   2.1495E+01
  -1.8582E+01   1.7462E+00  -1.8506E+00   3.6666E+01  -3.1491E+01   3.6644E+01
  -3.1524E+01   3.1708E+00  -2.8235E+00   3.1667E+00  -2.8382E+00   1.7043E+00
  -1.9031E+00   1.7038E+00  -1.9022E+00   1.8326E+01  -1.5756E+01   6.5566E-04
   5.2355E-03   1.8335E+01  -1.5743E+01   2.1460E+01  -1.8628E+01   2.1460E+01
  -1.8629E+01   2.1459E+01  -1.8628E+01   2.1460E+01  -1.8629E+01   7.3033E-01
   1.6497E+00   5.8149E-01   5.9403E-01  -8.3224E-02  -1.5782E-01  -2.8013E-01
  -1.3022E-01  -1.2431E-01   7.7016E-03  -5.6996E-02  -1.4974E-02  -2.6433E-02
  -2.1234E-02   1.0670E-02   6.9534E-03  -2.4584E-02  -6.3094E-02   2.7565E-02
  -2.3569E-02  -1.8434E-02  -1.6824E-02  -4.0408E-03   1.2389E-02   4.6106E-03
  -2.6548E-02  -9.5860E-03  -9.4075E-03  -1.2851E-02  -1.4843E-02  -2.7134E-02
  -1.5887E-02  -1.7376E-02  -1.7100E-02  -1.7566E-02   3.5940E-02   9.7626E-02
  -8.7590E-02  -3.3661E-02  -5.2005E-02  -4.1353E-02   3.4574E-02  -2.8126E-02
  -2.5947E-02  -1.6702E-02  -4.1602E-03   3.0984E-02   1.7509E-02  -7.2565E-02
  -5.4408E-02   4.5867E-02  -6.1516E-03  -1.5746E-02  -1.4374E-02   6.2926E-04
   1.0679E-02   2.9011E-03  -1.6993E-02  -1.3096E-02  -1.3472E-02  -1.1695E-02
  -8.6894E-03  -2.4681E-02  -7.7811E-03  -7.7408E-03  -8.1709E-03  -8.9250E-03
   3.4097E-02  -3.0290E-02  -1.4794E-01  -1.3082E-01  -9.5962E-02  -1.2320E-01
  -3.3528E-02  -6.6946E-02  -1.8211E-02  -1.0530E-02  -6.6681E-04   9.5734E-03
   6.7199E-03  -2.9956E-02  -6.9091E-02   3.8333E-03  -2.7388E-02  -2.2735E-02
  -1.4611E-02  -1.6564E-02   2.7652E-02   1.8982E-03  -4.4015E-02  -4.2865E-03
  -4.5996E-03  -4.4958E-03  -6.1455E-03  -2.2352E-02  -2.2763E-02  -2.2765E-02
  -2.3255E-02  -2.2548E-02   3.3165E-02  -2.9167E-02  -9.8811E-02  -5.8722E-02
  -9.6024E-02  -6.0648E-02   1.1231E-02  -2.4750E-02  -3.7567E-02  -6.0957E-03
   1.1737E-02   3.8858E-02   1.6910E-02  -8.1633E-02  -6.1242E-02   3.0624E-02
  -1.8663E-04  -1.9757E-02  -1.6030E-02  -1.0347E-02   2.4547E-02   3.9591E-03
  -3.5280E-02  -1.7054E-02  -1.6315E-02  -6.2444E-04   1.9378E-03  -1.9647E-02
  -1.0256E-02  -1.1197E-02  -1.0922E-02  -1.1888E-02   3.1537E-02
  > Energy =  -5.359929837680E+02 +/-   1.169927441689E-04
  > varE =   1.370044199828E-03

VMC #15:
* Size of Hilbert space =   1.1779E+07
* Number of equil. steps   = 1000
* Running VMC equilibration.
  Done. [total walltime: 0.09s]
* Equil. acc.ratio (%)     =  15.1571
* Sample config after equilibration:
  +-------------+
  |  d       u  |
  |      u      |
  |    u   d    |
  |u           d|
  |d           0|
  |    d   0    |
  |      2      |
  |  u       2  |
  +-------------+
* Number of accum. steps   = 500480 x 10
* Running VMC accumulation.
    [walltime: 1m elapsed, 30.2s remaining]
  Done. [total walltime: 1m30s]
* Acceptance ratio (%)     =  15.1986
* Etot/t                   =  -5.359930521622E+02 +/-   5.132227250683E-05
  > Ttot/t                 =  -3.899756496528E+01 +/-   6.905205650902E-04
  > Utot/t                 =   1.647114634103E+01 +/-   6.866869597195E-04
* var[Eloc/t]              =   1.288855586287E-03 +/-   1.483678663228E-05
* Correlation length       =   1.022808257165E+00
* log10 Psi^2 range: -33.74022219673430 -- -24.68436699234319
* log10 Pgen range : -33.74022219673430 -- -24.68436699234319
* Site occupation (ave. no. electrons per config.):
  > Site_  ___eu____  ___ed____
      1        0.500      0.498
      2        0.499      0.503
      3        0.500      0.503
      4        0.502      0.499
      5        0.502      0.501
      6        0.499      0.498
      7        0.501      0.503
      8        0.501      0.499
      9        0.498      0.497
     10        0.501      0.496
     11        0.494      0.503
     12        0.501      0.501
     13        0.502      0.500
     14        0.498      0.501
* Pair-correlation analysis (ave. no. pairs per config.):
  > Shell  nsite  ___dh____  __eueu___  __eued___
      0      1        0          0          2.425
      1      1        0.878      0.591      2.558
      2      1        0.293      0.658      1.088
      3      1        0.251      0.713      1.087
      4      1        0.661      1.101      2.298
      5      1        0.494      1.472      2.128
      6      1        0.234      2.072      1.919
      7      1        0.073      0.415      0.565
      8      1        0.141      0.853      1.098
      9      1        0.156      0.913      1.049
     10      1        0.281      1.856      2.091
     11      1        0.244      2.079      1.925
     12      1        0.249      2.127      1.888
     13      1        0.243      2.112      1.912
     14      1        0.136      1.048      0.953
     15      1        0.217      2.151      1.884
     16      1        0.224      1.955      2.056
     17      1        0.250      2.038      1.949
     18      1        0.229      2.069      1.948
     19      1        0.110      0.993      1.009
     20      1        0.112      1.005      0.992
     21      1        0.261      1.921      2.057
     22      1        0.250      2.047      1.951
     23      1        0.122      0.939      1.057
     24      1        0.121      0.937      1.057
     25      1        0.225      1.985      2.020
     26      1        0.113      0.989      1.019
     27      1        0.226      2.021      1.982
     28      1        0.064      0.482      0.510
     29      1        0.064      0.484      0.510
     30      1        0.064      0.480      0.509
     31      1        0.065      0.484      0.512
     32      1        0.115      1.011      0.992

Optimization #15:
* Method          : lls
* Target function : energy
* No. of configs. : 100096
* No. of params.  : 251
* Before optimization:
   5.4082E+00   3.7645E+00   5.6279E+00   5.6914E+00  -1.1345E+00  -1.2662E+00
  -1.2099E-01   1.3902E+00   1.1238E-01   9.8464E-02  -2.0421E+00  -2.0734E+00
  -2.2485E+00  -2.2575E+00  -2.2420E-02  -4.3768E+00  -5.8084E-01   2.4496E-01
   2.3937E-01  -2.3760E+00  -2.3752E+00  -2.0243E-01  -1.9834E-01   3.8041E-01
   3.6226E-01  -4.5390E-01  -1.5622E+00  -1.5586E+00  -2.4851E+00  -2.4869E+00
  -2.9097E+00  -2.9110E+00   1.0957E-01   1.1249E-01  -5.1737E+00  -5.1202E+00
  -3.4869E-01  -3.5042E-01  -3.2241E-01  -3.2612E-01   1.7976E-01   1.8859E-01
   1.7996E-01   1.8877E-01  -2.5717E+00  -2.5706E+00  -7.1089E-03  -2.5919E+00
  -2.5905E+00  -2.8360E+00  -2.8377E+00  -2.8364E+00  -2.8392E+00  -2.8362E+00
  -2.8388E+00  -2.8368E+00  -2.8388E+00   1.7498E+01  -1.6593E+01   6.0383E+00
  -5.9373E+00  -7.8425E-01  -6.7298E-01   4.7234E+00  -4.9313E+00   2.1028E+01
  -1.9019E+01   1.9983E+01  -1.7718E+01   3.5997E+00  -3.5863E+00   3.6211E+01
  -3.1857E+01   6.2876E+00  -5.7143E+00   2.8438E+00  -3.1010E+00   2.1204E+01
  -1.8817E+01   4.9034E+00  -4.6933E+00   2.8172E+00  -3.1532E+00   6.2621E+00
  -5.7746E+00   1.7800E+01  -1.6201E+01   2.0072E+01  -1.7592E+01   2.1495E+01
  -1.8582E+01   1.7462E+00  -1.8506E+00   3.6666E+01  -3.1491E+01   3.6644E+01
  -3.1524E+01   3.1708E+00  -2.8235E+00   3.1667E+00  -2.8382E+00   1.7043E+00
  -1.9031E+00   1.7038E+00  -1.9022E+00   1.8326E+01  -1.5756E+01   6.5566E-04
   5.2355E-03   1.8335E+01  -1.5743E+01   2.1460E+01  -1.8628E+01   2.1460E+01
  -1.8629E+01   2.1459E+01  -1.8628E+01   2.1460E+01  -1.8629E+01   7.3033E-01
   1.6497E+00   5.8149E-01   5.9403E-01  -8.3224E-02  -1.5782E-01  -2.8013E-01
  -1.3022E-01  -1.2431E-01   7.7016E-03  -5.6996E-02  -1.4974E-02  -2.6433E-02
  -2.1234E-02   1.0670E-02   6.9534E-03  -2.4584E-02  -6.3094E-02   2.7565E-02
  -2.3569E-02  -1.8434E-02  -1.6824E-02  -4.0408E-03   1.2389E-02   4.6106E-03
  -2.6548E-02  -9.5860E-03  -9.4075E-03  -1.2851E-02  -1.4843E-02  -2.7134E-02
  -1.5887E-02  -1.7376E-02  -1.7100E-02  -1.7566E-02   3.5940E-02   9.7626E-02
  -8.7590E-02  -3.3661E-02  -5.2005E-02  -4.1353E-02   3.4574E-02  -2.8126E-02
  -2.5947E-02  -1.6702E-02  -4.1602E-03   3.0984E-02   1.7509E-02  -7.2565E-02
  -5.4408E-02   4.5867E-02  -6.1516E-03  -1.5746E-02  -1.4374E-02   6.2926E-04
   1.0679E-02   2.9011E-03  -1.6993E-02  -1.3096E-02  -1.3472E-02  -1.1695E-02
  -8.6894E-03  -2.4681E-02  -7.7811E-03  -7.7408E-03  -8.1709E-03  -8.9250E-03
   3.4097E-02  -3.0290E-02  -1.4794E-01  -1.3082E-01  -9.5962E-02  -1.2320E-01
  -3.3528E-02  -6.6946E-02  -1.8211E-02  -1.0530E-02  -6.6681E-04   9.5734E-03
   6.7199E-03  -2.9956E-02  -6.9091E-02   3.8333E-03  -2.7388E-02  -2.2735E-02
  -1.4611E-02  -1.6564E-02   2.7652E-02   1.8982E-03  -4.4015E-02  -4.2865E-03
  -4.5996E-03  -4.4958E-03  -6.1455E-03  -2.2352E-02  -2.2763E-02  -2.2765E-02
  -2.3255E-02  -2.2548E-02   3.3165E-02  -2.9167E-02  -9.8811E-02  -5.8722E-02
  -9.6024E-02  -6.0648E-02   1.1231E-02  -2.4750E-02  -3.7567E-02  -6.0957E-03
   1.1737E-02   3.8858E-02   1.6910E-02  -8.1633E-02  -6.1242E-02   3.0624E-02
  -1.8663E-04  -1.9757E-02  -1.6030E-02  -1.0347E-02   2.4547E-02   3.9591E-03
  -3.5280E-02  -1.7054E-02  -1.6315E-02  -6.2444E-04   1.9378E-03  -1.9647E-02
  -1.0256E-02  -1.1197E-02  -1.0922E-02  -1.1888E-02   3.1537E-02
  > E    =  -5.359929565591E+02 +/-   1.109716474030E-04
  > varE =   1.232652864561E-03
* Computing derivatives.
    [walltime: 1m9s elapsed, 1h8m remaining]
    [walltime: 1h elapsed, 9m43s remaining]
  Done. [total walltime: 1h9m]
* Optimizing manipulation constant:
  #igrid a___________ E____________________________________ varE____________
     1     Infinity    -5.35992957E+02 +/-   1.10971647E-04   1.23265286E-03
     2     1.0000E+06  -5.35992957E+02 +/-   1.10971643E-04   1.23265278E-03
     3     2.1544E+05  -5.35992957E+02 +/-   1.10971629E-04   1.23265245E-03
     4     4.6416E+04  -5.35992957E+02 +/-   1.10971561E-04   1.23265096E-03
     5     1.0000E+04  -5.35992957E+02 +/-   1.10971249E-04   1.23264401E-03
     6     2.1544E+03  -5.35992957E+02 +/-   1.10969799E-04   1.23261181E-03
     7     4.6416E+02  -5.35992957E+02 +/-   1.10963115E-04   1.23246332E-03
     8     1.0000E+02  -5.35992957E+02 +/-   1.10933009E-04   1.23179464E-03
     9     2.1544E+01  -5.35992960E+02 +/-   1.10810657E-04   1.22907894E-03
    10     4.6416E+00  -5.35992964E+02 +/-   1.10469780E-04   1.22152877E-03
    11     1.0000E+00  -5.35992967E+02 +/-   1.09756141E-04   1.20579750E-03
    12     2.1544E-01  -5.35980381E+02 +/-   3.45363171E-04   1.19390224E-02
    13     4.6416E-02  -5.33034129E+02 +/-   3.52891805E+00   1.24652178E+06
    14     1.0000E-02  -5.17327537E+02 +/-   2.49377628E+03   6.22489030E+11
    15     2.1544E-03  -4.96940360E+02 +/-   1.02538803E+04   1.05242998E+13
    16     4.6416E-04  -4.90013211E+02 +/-   1.39039629E+04   1.93505772E+13
    17     1.0000E-04  -4.88361160E+02 +/-   1.48466686E+04   2.20635176E+13
    18     2.1544E-05  -4.87997279E+02 +/-   1.50580014E+04   2.26961079E+13
    19     4.6416E-06  -4.87918528E+02 +/-   1.51039121E+04   2.28347165E+13
    20     1.0000E-06  -4.87901531E+02 +/-   1.51138302E+04   2.28647153E+13
    21     0.0000E+00  -4.87896871E+02 +/-   1.51165501E+04   2.28729456E+13
  ParMin   2.1532E+00  -5.35992963E+02 +/-   1.10206297E-04   1.21570874E-03
  # Using grid point #11
* Iteration # 1: E =  -5.359929669120E+02 +/-   1.097561408412E-04
* Diminishing returns: exiting.
* After optimization:
   7.0765E+00   5.1772E+00   7.3360E+00   7.3356E+00  -1.0201E+00  -1.1564E+00
  -6.7835E-01   1.4038E+00  -6.3180E-01  -6.4480E-01  -2.2265E+00  -2.2536E+00
  -2.6185E+00  -2.6274E+00  -9.5272E-01  -4.1787E+00  -1.1416E+00  -3.3829E-02
  -3.9241E-02  -2.5597E+00  -2.5591E+00  -9.4939E-01  -9.4442E-01   1.0168E-01
   8.3368E-02  -1.0145E+00  -1.4567E+00  -1.4532E+00  -2.8553E+00  -2.8568E+00
  -3.0934E+00  -3.0941E+00  -3.5553E-01  -3.5282E-01  -4.9807E+00  -4.9267E+00
  -6.2884E-01  -6.2925E-01  -6.0174E-01  -6.0473E-01  -2.8629E-01  -2.7837E-01
  -2.8512E-01  -2.7816E-01  -2.4750E+00  -2.4742E+00  -6.6201E-03  -2.4948E+00
  -2.4939E+00  -3.0201E+00  -3.0209E+00  -3.0196E+00  -3.0211E+00  -3.0196E+00
  -3.0209E+00  -3.0193E+00  -3.0213E+00   1.6826E+01  -1.6038E+01   1.0020E+01
  -9.3611E+00  -7.9727E-01  -6.7618E-01   1.0030E+01  -9.4910E+00   2.2359E+01
  -2.0168E+01   2.2635E+01  -1.9999E+01   1.0218E+01  -9.2741E+00   3.4888E+01
  -3.0736E+01   1.0274E+01  -9.1401E+00   4.8337E+00  -4.8119E+00   2.2537E+01
  -1.9966E+01   1.0206E+01  -9.2503E+00   4.8086E+00  -4.8645E+00   1.0250E+01
  -9.2019E+00   1.7134E+01  -1.5637E+01   2.2723E+01  -1.9874E+01   2.2829E+01
  -1.9733E+01   5.0550E+00  -4.6950E+00   3.5347E+01  -3.0368E+01   3.5327E+01
  -3.0400E+01   5.1641E+00  -4.5391E+00   5.1586E+00  -4.5521E+00   5.0126E+00
  -4.7470E+00   5.0119E+00  -4.7464E+00   1.7668E+01  -1.5192E+01   5.9434E-04
   4.3764E-03   1.7677E+01  -1.5182E+01   2.2793E+01  -1.9779E+01   2.2794E+01
  -1.9780E+01   2.2794E+01  -1.9780E+01   2.2794E+01  -1.9780E+01   7.0283E-01
   1.8091E+00   5.4422E-01   5.9199E-01  -6.1149E-02  -1.3878E-01  -2.8575E-01
  -1.0933E-01  -1.0823E-01   4.1059E-03  -5.9218E-02  -1.8948E-02  -2.9636E-02
  -2.2970E-02   8.1777E-03   4.6558E-03  -2.4500E-02  -6.6272E-02   2.6541E-02
  -2.0834E-02  -1.4142E-02  -1.2295E-02  -1.1287E-03   1.2774E-02   1.6743E-04
  -2.8488E-02  -9.7970E-03  -9.3917E-03  -1.0218E-02  -1.2509E-02  -2.0372E-02
  -1.4962E-02  -1.4307E-02  -1.4980E-02  -1.3724E-02   4.5121E-02   1.0828E-01
  -7.2203E-02  -2.8492E-02  -4.3945E-02  -3.5121E-02   3.2025E-02  -2.9986E-02
  -2.6881E-02  -2.3183E-02  -8.8130E-03   2.4668E-02   1.2937E-02  -6.3653E-02
  -5.1669E-02   4.6002E-02  -7.3481E-03  -1.1481E-02  -1.2533E-02  -9.6888E-04
   9.6548E-03  -2.8311E-03  -1.9580E-02  -1.0350E-02  -1.0413E-02  -6.2185E-03
  -1.6205E-02  -2.2004E-02  -4.2430E-03  -4.7572E-03  -5.1349E-03  -4.9831E-03
   3.7247E-02  -4.0872E-03  -1.2446E-01  -1.0180E-01  -7.5618E-02  -1.0421E-01
  -3.9481E-02  -7.8090E-02  -2.2665E-02  -2.1107E-02  -4.6610E-03   8.9321E-03
   6.6589E-03  -3.0597E-02  -7.9395E-02   7.5246E-03  -2.5734E-02  -2.1655E-02
  -1.0771E-02  -1.0381E-02   2.4276E-02  -3.9741E-03  -4.4226E-02   1.2218E-03
   2.5582E-04  -5.1332E-03  -1.4757E-03  -1.8734E-02  -1.5514E-02  -1.6393E-02
  -1.5338E-02  -1.5875E-02   3.4068E-02  -1.4160E-02  -7.6247E-02  -4.0126E-02
  -8.3814E-02  -5.0976E-02   7.7324E-03  -3.2106E-02  -3.4819E-02  -1.9423E-02
   4.9853E-03   3.4378E-02   1.4031E-02  -7.3226E-02  -6.4543E-02   3.4499E-02
  -2.5555E-03  -1.6509E-02  -1.4602E-02  -8.2426E-03   2.1210E-02  -2.5065E-03
  -3.5848E-02  -9.6441E-03  -9.4507E-03  -1.8395E-04   9.8264E-05  -2.0282E-02
  -1.8641E-03  -2.1389E-03  -2.8543E-03  -3.7888E-03   2.7011E-02
  > Energy =  -5.359929669120E+02 +/-   1.097561408412E-04
  > varE =   1.205797500638E-03

VMC #16:
* Size of Hilbert space =   1.1779E+07
* Number of equil. steps   = 1000
* Running VMC equilibration.
  Done. [total walltime: 0.09s]
* Equil. acc.ratio (%)     =  14.2754
* Sample config after equilibration:
  +-------------+
  |  0       2  |
  |      u      |
  |    d   d    |
  |2           0|
  |u           d|
  |    u   2    |
  |      0      |
  |  d       u  |
  +-------------+
* Number of accum. steps   = 500480 x 10
* Running VMC accumulation.
    [walltime: 1m elapsed, 30.1s remaining]
  Done. [total walltime: 1m30s]
* Acceptance ratio (%)     =  14.2961
* Etot/t                   =  -5.359929474010E+02 +/-   5.050391580716E-05
  > Ttot/t                 =  -3.899926894985E+01 +/-   6.958652894028E-04
  > Utot/t                 =   1.647295508679E+01 +/-   6.918703567560E-04
* var[Eloc/t]              =   1.311946693954E-03 +/-   2.515067531841E-05
* Correlation length       =   9.730174797929E-01
* log10 Psi^2 range: -33.28038612259291 -- -25.27939247901725
* log10 Pgen range : -33.28038612259291 -- -25.27939247901725
* Site occupation (ave. no. electrons per config.):
  > Site_  ___eu____  ___ed____
      1        0.499      0.499
      2        0.501      0.503
      3        0.499      0.500
      4        0.501      0.503
      5        0.498      0.502
      6        0.496      0.499
      7        0.503      0.500
      8        0.500      0.499
      9        0.499      0.497
     10        0.503      0.499
     11        0.498      0.498
     12        0.501      0.502
     13        0.502      0.500
     14        0.499      0.500
* Pair-correlation analysis (ave. no. pairs per config.):
  > Shell  nsite  ___dh____  __eueu___  __eued___
      0      1        0          0          2.436
      1      1        0.882      0.597      2.549
      2      1        0.295      0.659      1.085
      3      1        0.254      0.713      1.082
      4      1        0.667      1.101      2.293
      5      1        0.497      1.467      2.125
      6      1        0.232      2.073      1.929
      7      1        0.072      0.417      0.566
      8      1        0.140      0.856      1.098
      9      1        0.158      0.914      1.043
     10      1        0.281      1.860      2.088
     11      1        0.248      2.075      1.925
     12      1        0.247      2.125      1.895
     13      1        0.240      2.112      1.918
     14      1        0.136      1.047      0.953
     15      1        0.222      2.143      1.888
     16      1        0.226      1.963      2.052
     17      1        0.250      2.028      1.962
     18      1        0.230      2.065      1.956
     19      1        0.111      0.995      1.004
     20      1        0.111      1.006      0.994
     21      1        0.267      1.927      2.043
     22      1        0.254      2.039      1.958
     23      1        0.124      0.940      1.052
     24      1        0.125      0.939      1.052
     25      1        0.226      1.985      2.022
     26      1        0.117      0.987      1.017
     27      1        0.226      2.021      1.987
     28      1        0.065      0.486      0.508
     29      1        0.065      0.484      0.508
     30      1        0.065      0.484      0.507
     31      1        0.065      0.482      0.511
     32      1        0.116      1.012      0.993

VDAGGER finished.
Total VDAGGER walltime: 1d6h

Run ended: Sat 25 Oct 2025 04:25:53 PM CEST
