Run started: Thu Jan 15 16:51:37 CET 2026
Using VDAGGER_ARCH = intel24_raven_cluster
Running 1x72 MPI processes.

                               xx
                              +##
                               #X
                               Xx
                          X##XxXxxX##x
                           +   Xx  ++
                               ##
                              +##
                              +##
     ++++         ++          +##
   xX+++##+      ####         +##
  Xx    ###      +X##          ##
 xX    X##+        ##          #X
 +    x##X         #x          #X
      ###         +#           x+
     X##+         #+
     ###         Xx                    _______
     ##X       +X+   __________________VDAGGER
     +##x    +xX     2nd quantized variational
       +xxxxx+       ______quantum Monte Carlo

* Running 9216 MPI processes.
* Input file: "input.casl"

############# Start of input file dump #############
############## End of input file dump ##############

General setup:
* Random seed: 425242038 (from timer)

* Loaded integrals for system with nelec=34, ms2=0, norb=34
* INFO: setting number of electrons from integrals file.
* Analysis of Hamiltonian connecitivity performed:
  - T_ii (local, 1-site): 34 (i) values
  - U_iiii [opp] (local, 1-site): 34 (i) values
  - U_kkii [opp] (local, 2-site): 1122 contribs. from 34 (i) values
  - U_kkii [par] (local, 2-site): 561 contribs. from 33 (i) values
  - T_ji (single, 2-site): 1114 contribs. from 34 (i) values
  - U_kkji [opp] (single, 2/3-site): 35060 contribs. from 1122 (i,j) pairs
  - U_kkji [par] (single, 3-site): 34118 contribs. from 1122 (i,j) pairs
  - U_lkji [opp] (double, 2/3/4-site): 102436 contribs. from 1122 (i,j) pairs
  - U_lkji [par] (double, 4-site): 42450 contribs. from 1056 (i,j) pairs
  - Max. no. wfn. ratios in Eloc: 26268
* Reading override orbitals from file "LTSC.mat".
* Site labels:
  [draw_int: system geometry not defined]
* Automatically set Site kinds:
  [ 1, 2, 3, 4, 1, 5, 6, 7, 7, 5, 8, 3, 8, 4, 8, 7, 6, 6, 7, 8, 4, 9, 3, 9, 6, 5, 9, 9, 5, 2, 4, 3, 2, 2 ]
  [draw_int: system geometry not defined]
* Maximum Site kind: 9
* Number of site-pair kinds with Tij=0: 1
* Automatically set Site pair kinds:
  Site 1: [ 0, -53, -89, 32, 4, 113, 29, 69, -83, 113, -97, -89, 97, -26, -116, 69, -29, -10, 83, -116, 32, -45, -70, 54, -10, 91, 45, 54, 91, -64, 26, 70, 64, 53 ]
  Site 2: [ -53, 0, -24, 71, -64, 58, -67, -27, -144, 148, -139, -125, -126, -34, -47, 102, -50, 68, -13, -119, 25, -108, -35, 81, -41, 78, 8, 33, 118, 3, 75, 105, 93, 85 ]
  Site 3: [ -89, -24, 0, 90, -70, 31, -80, 7, -114, 122, -128, -106, -22, -52, 12, 153, -66, 104, 36, -141, 72, -96, 6, 130, -59, 23, -43, -49, 152, -35, 86, 137, 105, 125 ]
  Site 4: [ 32, 71, 90, 0, 26, -115, 30, -101, 46, -132, 84, 72, -109, 55, 127, -62, -44, -9, -88, 76, -63, -28, 86, 11, -51, -124, -73, -65, -74, 75, 5, -52, -34, -25 ]
  Site 5: [ 4, -64, -70, 26, 0, 91, 10, 83, -69, 91, -116, -70, 116, -32, -97, 83, -10, -29, 69, -97, 26, -54, -89, 45, -29, 113, 54, 45, 113, -53, 32, 89, 53, 64 ]
  Site 6: [ 113, 58, 31, -115, 91, 0, 107, 77, 129, -134, 142, 122, -42, 74, 1, -147, 98, -143, 48, 140, -132, 121, 23, 150, 100, 2, 79, 61, 151, 78, -124, -152, -118, -148 ]
  Site 7: [ 29, -67, -80, 30, 10, 107, 0, 110, -94, -98, 99, 66, 120, -51, -111, -57, -20, -14, 92, 95, 44, -19, -104, -38, 37, 143, -103, 60, -100, -68, 9, -59, -41, -50 ]
  Site 8: [ 69, -27, 7, -101, 83, 77, 110, 0, 145, -147, 133, 153, 40, 46, 21, -135, 57, -92, 16, 146, -62, 131, 36, -112, -94, 48, 39, -18, -129, -13, -88, -114, -144, -102 ]
  Site 9: [ -83, -144, -114, 46, -69, 129, -94, 145, 0, -48, -21, -36, 146, -101, -133, -16, 92, -57, 135, 40, 88, -18, 153, -39, 110, 147, 112, 131, -77, -102, 62, 7, -27, -13 ]
  Site 10: [ 113, 148, 122, -132, 91, -134, -98, -147, -48, 0, 42, 31, -142, 124, 140, 77, -107, 100, -129, 1, -115, -79, 152, 61, -143, 151, -121, 150, 2, 118, -74, -23, -78, -58 ]
  Site 11: [ -97, -139, -128, 84, -116, 142, 99, 133, -21, 42, 0, 22, 149, -127, -138, -40, 120, -95, 146, 17, 109, -87, -141, -56, 111, 140, 136, 123, 1, -119, 76, -12, 47, -126 ]
  Site 12: [ -89, -125, -106, 72, -70, 122, 66, 153, -36, 31, 22, 0, 128, -86, -141, 7, 80, -59, 114, 12, 90, 43, -137, -49, 104, 152, 96, 130, 23, -105, 52, -6, 35, 24 ]
  Site 13: [ 97, -126, -22, -109, 116, -42, 120, 40, 146, -142, 149, 128, 0, 76, -17, -133, 99, -111, -21, 138, -84, 136, -12, -123, 95, -1, -87, 56, -140, 47, -127, -141, -119, -139 ]
  Site 14: [ -26, -34, -52, 55, -32, 74, -51, 46, -101, 124, -127, -86, 76, 0, -84, 88, 9, 44, 62, -109, -5, -65, -72, 73, 30, 132, -11, -28, 115, -25, 63, 90, 71, 75 ]
  Site 15: [ -116, -47, 12, 127, -97, 1, -111, 21, -133, 140, -138, -141, -17, -84, 0, 146, -95, 120, -40, -149, 76, -123, 22, 136, -99, 42, -56, 87, 142, 126, 109, 128, 139, 119 ]
  Site 16: [ 69, 102, 153, -62, 83, -147, -57, -135, -16, 77, -40, 7, -133, 88, 146, 0, -110, -94, -145, 21, -101, -39, 114, -18, -92, -129, -131, -112, 48, 144, -46, -36, 13, 27 ]
  Site 17: [ -29, -50, -66, -44, -10, 98, -20, 57, 92, -107, 120, 80, 99, 9, -95, -110, 0, -37, -94, 111, -30, -103, -59, -60, 14, 100, -19, 38, -143, -41, -51, -104, -68, -67 ]
  Site 18: [ -10, 68, 104, -9, -29, -143, -14, -92, -57, 100, -95, -59, -111, 44, 120, -94, -37, 0, -110, -99, -51, -38, 80, -19, 20, -107, -60, 103, 98, 67, -30, 66, 50, 41 ]
  Site 19: [ 83, -13, 36, -88, 69, 48, 92, 16, 135, -129, 146, 114, -21, 62, -40, -145, -94, -110, 0, 133, -46, 112, 7, -131, 57, 77, -18, 39, -147, -27, -101, 153, -102, -144 ]
  Site 20: [ -116, -119, -141, 76, -97, 140, 95, 146, 40, 1, 17, 12, 138, -109, -149, 21, 111, -99, 133, 0, 127, 56, -128, 87, 120, 142, 123, 136, 42, -139, 84, -22, -126, 47 ]
  Site 21: [ 32, 25, 72, -63, 26, -132, 44, -62, 88, -115, 109, 90, -84, -5, 76, -101, -30, -51, -46, 127, 0, 73, 52, -65, -9, -74, 28, 11, -124, 34, -55, -86, -75, -71 ]
  Site 22: [ -45, -108, -96, -28, -54, 121, -19, 131, -18, -79, -87, 43, 136, -65, -123, -39, -103, -38, 112, 56, 73, 0, -130, -15, 60, -150, 82, 117, -61, -81, -11, -49, 33, 8 ]
  Site 23: [ -70, -35, 6, 86, -89, 23, -104, 36, 153, 152, -141, -137, -12, -72, 22, 114, -59, 80, 7, -128, 52, -130, 0, 96, -66, 31, -49, -43, 122, -24, 90, 106, 125, 105 ]
  Site 24: [ 54, 81, 130, 11, 45, 150, -38, -112, -39, 61, -56, -49, -123, 73, 136, -18, -60, -19, -131, 87, -65, -15, 96, 0, 103, -121, -117, -82, 79, 108, 28, 43, -8, -33 ]
  Site 25: [ -10, -41, -59, -51, -29, 100, 37, -94, 110, -143, 111, 104, 95, 30, -99, -92, 14, 20, 57, 120, -9, 60, -66, 103, 0, 98, 38, -19, -107, -50, -44, -80, -67, -68 ]
  Site 26: [ 91, 78, 23, -124, 113, 2, 143, 48, 147, 151, 140, 152, -1, 132, 42, -129, 100, -107, 77, 142, -74, -150, 31, -121, 98, 0, 61, 79, -134, 58, -115, -122, -148, -118 ]
  Site 27: [ 45, 8, -43, -73, 54, 79, -103, 39, 112, -121, 136, 96, -87, -11, -56, -131, -19, -60, -18, 123, 28, 82, -49, -117, 38, 61, 0, 15, 150, 33, -65, -130, -81, -108 ]
  Site 28: [ 54, 33, -49, -65, 45, 61, 60, -18, 131, 150, 123, 130, 56, -28, 87, -112, 38, 103, 39, 136, 11, 117, -43, -82, -19, 79, 15, 0, -121, 8, -73, -96, -108, -81 ]
  Site 29: [ 91, 118, 152, -74, 113, 151, -100, -129, -77, 2, 1, 23, -140, 115, 142, 48, -143, 98, -147, 42, -124, -61, 122, 79, -107, -134, 150, -121, 0, 148, -132, -31, -58, -78 ]
  Site 30: [ -64, 3, -35, 75, -53, 78, -68, -13, -102, 118, -119, -105, 47, -25, 126, 144, -41, 67, -27, -139, 34, -81, -24, 108, -50, 58, 33, 8, 148, 0, 71, 125, 85, 93 ]
  Site 31: [ 26, 75, 86, 5, 32, -124, 9, -88, 62, -74, 76, 52, -127, 63, 109, -46, -51, -30, -101, 84, -55, -11, 90, 28, -44, -115, -65, -73, -132, 71, 0, -72, -25, -34 ]
  Site 32: [ 70, 105, 137, -52, 89, -152, -59, -114, 7, -23, -12, -6, -141, 90, 128, -36, -104, 66, 153, -22, -86, -49, 106, 43, -80, -122, -130, -96, -31, 125, -72, 0, -24, -35 ]
  Site 33: [ 64, 93, 105, -34, 53, -118, -41, -144, -27, -78, 47, 35, -119, 71, 139, 13, -68, 50, -102, -126, -75, 33, 125, -8, -67, -148, -81, -108, -58, 85, -25, -24, 0, 3 ]
  Site 34: [ 53, 85, 125, -25, 64, -148, -50, -102, -13, -58, -126, 24, -139, 75, 119, 27, -67, 41, -144, 47, -71, 8, 105, -33, -68, -118, -108, -81, -78, 93, -34, -35, 3, 0 ]
  For site 1 of kind 1:
  [draw_int: system geometry not defined]
  For site 2 of kind 2:
  [draw_int: system geometry not defined]
  For site 3 of kind 3:
  [draw_int: system geometry not defined]
  For site 4 of kind 4:
  [draw_int: system geometry not defined]
  For site 6 of kind 5:
  [draw_int: system geometry not defined]
  For site 7 of kind 6:
  [draw_int: system geometry not defined]
  For site 8 of kind 7:
  [draw_int: system geometry not defined]
  For site 11 of kind 8:
  [draw_int: system geometry not defined]
  For site 22 of kind 9:
  [draw_int: system geometry not defined]
* Maximum (unsigned) Site pair kind: 153
General system setup:
* Number of sites       : 34
* Number of electrons   : 34
* Spin imbalance MS2    : 0
* Filling               : 0.500000
* Number of orbitals in pool: 34
* Using real-valued orbitals
* Using double-precision arithmetic for orbitals

Trial wave function setup:
* Jastrow parameter file: "wfn.casl"
* Not using multideterminants
* Not using a backflow transformation
* Not using wave function manipulation

VMC #1:
* Size of Hilbert space =   5.4457E+18
* Number of equil. steps   = 1000
* Running VMC equilibration.
  Done. [total walltime: 0.10s]
* Equil. acc.ratio (%)     =  11.0002
* Sample config after equilibration:
  [draw: system geometry not defined]
* Number of accum. steps   = 506880 x 10
* Running VMC accumulation.
  Done. [total walltime: 13.0s]
* Acceptance ratio (%)     =  10.9634
* Etot/t                   =  -1.299159398798E+03 +/-   1.916168000164E-04
  > Ttot/t                 =  -1.396076308668E+02 +/-   1.218415822667E-03
  > Utot/t                 =   6.245358094807E+01 +/-   1.201187124191E-03
* var[Eloc/t]              =   1.718896026603E-02 +/-   1.321257158594E-04
* Correlation length       =   1.082736342559E+00
* log10 Psi^2 range: -112.2911333835793 -- -99.23649739288486
* log10 Pgen range : -112.2911333835793 -- -99.23649739288486
* Site occupation (ave. no. electrons per config.):
  > Site_  ___eu____  ___ed____
      1        0.496      0.496
      2        0.499      0.498
      3        0.499      0.497
      4        0.497      0.499
      5        0.493      0.499
      6        0.502      0.500
      7        0.502      0.501
      8        0.501      0.508
      9        0.504      0.503
     10        0.498      0.506
     11        0.501      0.500
     12        0.492      0.498
     13        0.499      0.500
     14        0.499      0.494
     15        0.497      0.500
     16        0.506      0.503
     17        0.504      0.506
     18        0.505      0.500
     19        0.501      0.501
     20        0.502      0.494
     21        0.495      0.500
     22        0.503      0.505
     23        0.499      0.498
     24        0.503      0.499
     25        0.506      0.503
     26        0.503      0.501
     27        0.503      0.505
     28        0.505      0.503
     29        0.501      0.501
     30        0.497      0.493
     31        0.499      0.498
     32        0.496      0.498
     33        0.500      0.500
     34        0.495      0.494
* Pair-correlation analysis (ave. no. pairs per config.):
  > Shell  nsite  ___dh____  __eueu___  __eued___
      0      1        0          0          6.109
      1      0        0.964      0.468      2.586
      2      0        0.224      0.795      1.044
      3      0        0.267      0.745      1.037
      4      0        0.140      0.365      0.515
      5      0        0.269      0.747      1.036
      6      0        0.252      0.764      1.029
      7      0        0.819      0.788      2.431
      8      0        0.750      0.964      2.335
      9      0        0.688      1.102      2.280
     10      0        0.638      1.224      2.206
     11      0        0.583      1.339      2.171
     12      0        0.449      1.587      2.060
     13      0        0.523      1.471      2.115
     14      0        0.158      0.820      1.144
     15      0        0.155      0.827      1.139
     16      0        0.151      0.844      1.126
     17      0        0.147      0.869      1.070
     18      0        0.243      2.093      1.948
     19      0        0.243      2.105      1.937
     20      0        0.120      1.050      0.975
     21      0        0.234      2.082      1.935
     22      0        0.247      2.031      1.957
     23      0        0.278      1.920      2.031
     24      0        0.310      1.893      2.021
     25      0        0.319      1.892      2.031
     26      0        0.328      1.893      2.017
     27      0        0.258      2.068      1.954
     28      0        0.260      2.084      1.943
     29      0        0.262      2.082      1.934
     30      0        0.262      2.099      1.930
     31      0        0.240      2.090      1.935
     32      0        0.297      2.048      1.928
     33      0        0.260      2.108      1.914
     34      0        0.288      2.058      1.930
     35      0        0.277      2.060      1.925
     36      0        0.248      2.116      1.912
     37      0        0.120      0.985      1.040
     38      0        0.241      1.962      2.089
     39      0        0.239      1.972      2.078
     40      0        0.234      1.976      2.037
     41      0        0.268      2.043      1.961
     42      0        0.218      2.115      1.928
     43      0        0.255      2.048      1.961
     44      0        0.270      2.028      1.981
     45      0        0.270      2.023      1.973
     46      0        0.266      2.027      1.982
     47      0        0.259      1.996      1.976
     48      0        0.232      2.056      1.984
     49      0        0.278      1.874      2.090
     50      0        0.285      1.892      2.075
     51      0        0.282      1.927      2.057
     52      0        0.295      1.949      2.000
     53      0        0.311      1.941      1.991
     54      0        0.284      1.933      2.038
     55      0        0.154      0.978      0.999
     56      0        0.234      1.997      2.019
     57      0        0.236      2.011      2.041
     58      0        0.263      1.973      2.012
     59      0        0.263      1.969      2.023
     60      0        0.239      2.007      2.042
     61      0        0.239      1.979      2.050
     62      0        0.277      1.959      2.027
     63      0        0.152      1.000      0.982
     64      0        0.301      1.996      1.954
     65      0        0.272      1.985      2.018
     66      0        0.261      2.017      1.982
     67      0        0.268      1.984      2.019
     68      0        0.268      2.013      1.987
     69      0        0.271      1.989      1.999
     70      0        0.297      1.956      1.981
     71      0        0.302      1.966      1.989
     72      0        0.290      1.999      1.965
     73      0        0.266      2.015      1.995
     74      0        0.265      1.989      2.005
     75      0        0.303      1.984      1.967
     76      0        0.261      1.983      1.992
     77      0        0.263      1.851      2.130
     78      0        0.262      2.015      1.975
     79      0        0.236      2.031      2.002
     80      0        0.253      2.012      2.002
     81      0        0.269      2.006      1.993
     82      0        0.119      1.019      1.008
     83      0        0.269      2.003      1.991
     84      0        0.263      1.992      1.981
     85      0        0.146      0.992      0.988
     86      0        0.296      1.968      1.978
     87      0        0.235      2.027      1.987
     88      0        0.267      2.003      2.005
     89      0        0.294      1.978      1.967
     90      0        0.293      1.988      1.972
     91      0        0.267      1.989      1.987
     92      0        0.236      2.024      2.028
     93      0        0.150      0.984      0.992
     94      0        0.234      2.045      2.011
     95      0        0.231      2.008      2.016
     96      0        0.260      2.003      1.995
     97      0        0.264      1.977      1.983
     98      0        0.237      2.023      2.011
     99      0        0.233      2.014      2.002
    100      0        0.234      2.009      2.028
    101      0        0.268      1.999      2.006
    102      0        0.265      2.005      1.996
    103      0        0.240      2.048      2.003
    104      0        0.264      1.990      2.003
    105      0        0.292      1.975      1.972
    106      0        0.138      0.989      0.990
    107      0        0.236      2.020      2.015
    108      0        0.272      1.987      2.005
    109      0        0.262      1.990      1.987
    110      0        0.240      2.025      2.022
    111      0        0.232      2.007      2.011
    112      0        0.234      2.033      2.026
    113      0        0.268      1.984      1.990
    114      0        0.255      1.999      2.004
    115      0        0.264      1.996      1.997
    116      0        0.262      1.986      1.977
    117      0        0.119      1.010      1.014
    118      0        0.266      1.993      1.987
    119      0        0.261      1.978      1.989
    120      0        0.235      2.006      2.013
    121      0        0.234      2.017      2.024
    122      0        0.254      1.997      1.988
    123      0        0.235      2.010      2.005
    124      0        0.267      1.994      1.996
    125      0        0.287      1.974      1.982
    126      0        0.263      1.960      2.006
    127      0        0.263      1.987      1.986
    128      0        0.251      1.986      1.988
    129      0        0.230      2.016      2.025
    130      0        0.260      1.995      2.004
    131      0        0.234      2.024      2.031
    132      0        0.266      2.002      1.986
    133      0        0.233      2.009      2.006
    134      0        0.115      1.010      1.001
    135      0        0.118      1.014      1.011
    136      0        0.234      2.012      2.003
    137      0        0.142      0.987      0.983
    138      0        0.112      0.998      0.997
    139      0        0.256      1.986      1.991
    140      0        0.228      1.996      2.011
    141      0        0.253      1.980      1.988
    142      0        0.230      2.002      2.000
    143      0        0.234      2.022      2.019
    144      0        0.268      1.998      1.999
    145      0        0.117      1.015      1.013
    146      0        0.227      2.017      2.004
    147      0        0.229      2.014      2.025
    148      0        0.261      2.000      1.988
    149      0        0.115      0.998      0.994
    150      0        0.234      2.014      2.026
    151      0        0.115      1.007      1.007
    152      0        0.255      1.995      1.993
    153      0        0.253      2.000      2.003

Optimization #1:
* Method          : lls
* Target function : energy
* No. of configs. : 101376
* No. of params.  : 592
* Before optimization:
  -1.4086E+01  -1.4082E+01  -1.4087E+01  -1.4084E+01  -1.4067E+01  -1.4065E+01
  -1.4063E+01  -1.4071E+01  -1.4062E+01   1.5238E+00   1.5281E+00   1.8818E+00
   1.4345E+00   1.1352E+00   1.3481E+00   1.4193E+00   1.2111E+00   1.2007E+00
   1.1033E+00   1.0962E+00   1.4070E+00   1.3991E+00   1.3217E+00   1.3142E+00
   1.1329E+00   1.1237E+00   1.4957E+00   1.4866E+00   1.3411E+00   1.3335E+00
   7.7064E-01   1.3746E-01   4.8674E-01   8.5441E-01   5.6445E-01   5.6651E-01
   7.2665E-01   7.2497E-01   1.0346E+00   8.3657E-01   8.3299E-01   1.0619E+00
   1.0603E+00   1.1752E+00   1.1745E+00   9.2387E-01   9.2422E-01   9.2197E-01
   9.2287E-01   7.5175E-01   7.5078E-01   8.8261E-01   8.8139E-01   6.6387E-01
   6.6159E-01   8.6262E-01   8.6091E-01   9.6290E-01   9.6113E-01   1.3134E+00
   1.3091E+00   9.0541E-01   9.0513E-01   6.8806E-01   6.8622E-01   1.0750E+00
   1.0766E+00   1.0639E+00   1.0637E+00   8.4423E-01   8.4151E-01   6.7947E-01
   3.7193E-01   3.7166E-01   2.2714E-01   2.2660E-01   5.4764E-01   5.4703E-01
   6.5764E-01   6.5816E-01   1.2694E+00   1.2690E+00   2.8757E-01   2.8716E-01
   5.9504E-01   5.9463E-01   1.9466E-01   1.9355E-01   5.0207E-01   5.0131E-01
   6.4486E-01   6.4253E-01   6.6494E-01   6.6748E-01   3.7914E-01   3.7979E-01
   7.6032E-01   7.6203E-01   6.9642E-01   6.9711E-01   5.3364E-01   5.3438E-01
   4.5344E-01   4.5238E-01   2.9671E-01   2.9607E-01   4.8046E-01   9.0759E-02
   9.1543E-02   3.2777E-01   3.2718E-01   7.2711E-01   7.2452E-01   4.1995E-01
   4.2112E-01   1.3078E-01   1.3037E-01   2.1352E-01   2.1468E-01   6.0928E-01
   6.0802E-01   5.1287E-01   4.8612E-01   4.8485E-01   7.5472E-02   7.5304E-02
   3.9269E-01   3.9348E-01   4.4722E-01   4.4733E-01   4.2573E-01   4.2611E-01
   1.9624E-01   1.9459E-01   2.4321E-01   2.4254E-01   3.5932E-01   3.5985E-01
   5.6715E-01   5.6925E-01   5.5698E-02   5.4575E-02   4.9294E-01   4.9146E-01
   3.6789E-01   3.6846E-01   4.0765E-01   4.0637E-01   7.3565E-01   7.3957E-01
   7.5005E-01   7.4644E-01   1.9613E-01   1.9777E-01   2.7457E-01   2.7464E-01
  -1.2913E-02  -1.2961E-02  -3.1823E-01   1.6779E-01   1.6657E-01   3.8217E-01
   3.8091E-01   3.1552E-01   2.3433E-01   2.3416E-01   1.5166E-01   1.5250E-01
   1.3084E-01   1.3047E-01   2.5522E-01   2.5404E-01   2.4080E-01   2.4133E-01
   2.6847E-01   2.6796E-01   2.0519E-01   2.0452E-01   3.1270E-01   4.1071E-01
   4.0955E-01   2.7495E-01   2.7412E-01  -1.2713E-01  -1.2699E-01   1.4231E-01
   1.4204E-01   3.9631E-01   3.9712E-01   2.9772E-01   2.9680E-01   4.0647E-01
   4.0711E-01   1.4323E-01   1.4319E-01   9.3766E-02   9.3433E-02   1.9725E-01
   1.9692E-01   2.8760E-01   2.8781E-01   2.1055E-01   2.1014E-01   1.1962E-01
   3.1296E-01   3.1327E-01  -6.7417E-03  -6.5719E-03   1.4991E-01   1.4954E-01
   1.8024E-01   1.7995E-01   1.8259E-01   1.8198E-01  -2.3072E-01  -2.3026E-01
   2.7426E-01   2.7401E-01  -1.0456E-03  -1.2242E-03   2.8402E-01   2.8396E-01
   1.5245E-01   1.5199E-01  -3.3204E-01   2.6098E-01   2.6136E-01   1.2376E-01
   1.2417E-01   1.8877E-01   1.8876E-01  -7.7031E-02  -7.7810E-02   1.7591E-01
   1.7610E-01  -2.1281E-01  -2.1223E-01   2.8265E-01   2.8253E-01   2.0865E-01
   2.0847E-01   7.2350E-01   7.2181E-01   1.5226E-01   1.5236E-01   3.7930E-02
   3.7898E-02   5.3171E-02   5.3705E-02  -1.2228E-01  -1.2208E-01  -2.3663E-01
  -2.3709E-01   5.0431E-01   5.0309E-01  -8.3833E-02  -8.4087E-02   2.3399E-01
  -1.1709E-01  -2.0999E-01  -2.0956E-01   1.1934E-01  -4.3456E-02   1.2548E-01
   1.2585E-01   9.4515E-02   9.4458E-02   3.8100E-02   3.8215E-02   9.5000E-02
   9.5167E-02   3.1550E-01   3.1570E-01   9.6930E-02   9.6920E-02  -1.1956E-01
  -8.2995E-02  -8.2882E-02   5.3839E-02   5.4104E-02   2.6040E-01   2.6071E-01
  -4.4400E-02  -7.5453E-02  -7.6289E-02   2.3416E-01   1.7617E-01   1.7592E-01
  -1.1538E+00  -2.3093E-01  -3.4940E+00   1.7494E+00  -5.8887E+00   4.4926E+00
  -2.4332E+00   1.3369E+00  -5.5014E+00   4.1885E+00  -3.0898E+00   1.7177E+00
  -5.0587E-01  -6.0619E-01   5.7790E-01  -1.5884E+00  -5.0682E+00   3.7538E+00
  -3.5497E+00   2.3153E+00   7.1966E-01  -1.7662E+00  -1.0961E+00  -3.2156E-01
  -1.9955E+00   7.3140E-01  -4.4772E+00   3.7023E+00   7.1685E+00  -7.3070E+00
   2.1377E+00  -2.6273E+00   1.1629E+00  -2.0313E+00   4.5829E+00  -5.1729E+00
   1.2787E+00  -2.0325E+00  -4.5394E+00   3.4785E+00   1.6033E+00  -2.4584E+00
  -9.3999E-01  -1.3186E-01  -3.1322E+00   1.9651E+00  -4.2750E+00   3.3530E+00
  -5.4902E+00   4.5707E+00  -3.7497E+00   3.0019E+00  -1.8387E+00   9.4565E-01
   8.7240E-01  -1.5492E+00  -3.4100E+00   2.5337E+00  -4.9405E+00   3.9665E+00
  -3.2220E+00   1.8671E+00  -3.8310E+00   2.8967E+00   6.8522E-01  -1.3892E+00
  -5.5717E+00   4.4664E+00  -4.3504E+00   3.2561E+00  -4.2956E-01  -4.3419E-01
  -4.3845E+00   3.7119E+00   1.4291E+00  -1.7993E+00   4.7308E+00  -4.9564E+00
   1.7359E+00  -2.2814E+00  -4.9478E+00   4.2898E+00  -1.1619E+00  -1.5289E-01
   2.2824E+00  -2.5708E+00  -4.7447E+00   4.1486E+00   2.6031E+00  -2.7987E+00
  -1.4653E+00   9.6375E-01  -2.1257E+00   1.4810E+00  -4.7103E-01  -1.9827E-01
   2.2371E+00  -2.6123E+00  -4.9930E+00   4.2378E+00  -4.7816E+00   4.0928E+00
  -3.9133E+00   3.3807E+00  -3.7695E+00   3.3168E+00   2.5620E+00  -2.8538E+00
  -5.0915E+00   4.6118E+00   4.3873E+00  -4.4774E+00  -9.7036E-01   6.4195E-01
  -4.3255E+00   3.6013E+00  -3.4477E+00   3.0300E+00   1.5664E+00  -1.6985E+00
   2.1621E+00  -2.3759E+00  -1.5101E+00   9.0568E-01  -5.1097E+00   4.5950E+00
  -3.7861E+00   3.3003E+00   1.1855E+00  -1.2618E+00  -3.4332E+00   3.0415E+00
  -4.8359E+00   4.3893E+00  -4.8258E+00   4.4010E+00   1.7533E-01  -3.6985E-01
  -2.2877E+00   2.0442E+00  -5.2055E+00   4.8461E+00  -3.9312E+00   3.3601E+00
   1.1973E+00  -1.2515E+00  -4.0437E+00   3.5513E+00  -5.2103E+00   4.8407E+00
  -1.8376E+00   1.4325E+00  -5.1367E-01  -2.1788E-01  -4.3384E+00   3.5903E+00
   2.1756E+00  -2.3737E+00  -3.3688E+00   3.0974E+00   1.0623E+00  -1.0483E+00
   7.4661E+00  -7.1454E+00   1.8667E-01  -3.5385E-01  -1.8266E+00   1.4450E+00
  -5.3508E+00   5.0342E+00  -3.7651E+00   3.5304E+00   4.3590E+00  -4.5119E+00
  -1.2765E+00   1.1442E+00  -2.2928E+00   2.0397E+00  -3.7648E+00   3.5259E+00
  -2.4508E+00   2.1837E+00  -8.9985E-01   6.9454E-01  -5.3502E+00   5.0355E+00
  -1.0039E+00   5.9151E-01  -1.3663E+00   1.0897E+00   2.4969E+00  -2.3705E+00
  -2.2726E-01   8.4500E-02  -3.5907E+00   3.1920E+00  -1.3775E+00   1.0790E+00
  -3.5984E+00   3.1891E+00  -1.2823E+00   1.1402E+00  -1.4262E+00   1.3322E+00
   1.5417E+00  -1.7382E+00  -3.3756E+00   3.0878E+00  -3.9204E+00   3.7113E+00
  -2.4947E+00   2.3755E+00  -3.5439E+00   3.2306E+00   1.0564E+00  -1.0529E+00
  -1.7118E+00   1.5619E+00  -8.8890E-01   7.0704E-01  -1.3184E+00   1.1330E+00
   4.9849E+00  -4.7557E+00  -2.4569E+00   2.1839E+00   4.8258E-04   4.6360E-04
  -3.9433E+00   3.6581E+00  -2.3330E-01   7.8759E-02   7.4738E+00  -7.1413E+00
  -4.0999E+00   3.8396E+00  -1.8682E+00   1.7428E+00  -1.3193E+00   1.1317E+00
   2.3158E+00  -2.2389E+00  -2.6777E+00   2.5017E+00   4.5482E+00  -4.3377E+00
  -3.9428E+00   3.6595E+00  -3.9172E+00   3.7110E+00  -2.1583E+00   1.4407E+00
  -1.7130E+00   1.5614E+00  -4.4686E-01   4.0919E-01  -1.8238E-01   1.2966E-01
   2.4966E+00  -2.3741E+00   4.9870E+00  -4.7512E+00  -4.0504E+00   3.5472E+00
   2.0494E+00  -1.9668E+00  -2.8634E+00   2.6273E+00   2.4948E+00  -2.3783E+00
   4.5466E+00  -4.3386E+00  -2.4950E+00   2.3752E+00   1.6022E+00  -1.5587E+00
  -1.8693E+00   1.7448E+00  -6.3270E-01   5.3603E-01  -4.4754E-01   4.0719E-01
  -6.3206E-01   5.3667E-01  -3.5439E+00   3.2303E+00  -1.4278E+00   1.3311E+00
   2.4955E+00  -2.3763E+00   2.0506E+00  -1.9675E+00  -1.8165E-01   1.2828E-01
  -4.0999E+00   3.8393E+00   1.6010E+00  -1.5575E+00   2.3155E+00  -2.2373E+00
  -2.8655E+00   2.6317E+00  -2.6796E+00   2.5035E+00
  > E    =  -1.299159749802E+03 +/-   4.097450030465E-04
  > varE =   1.702011472347E-02
* Computing derivatives.
    [walltime: 2m33s elapsed, 6m48s remaining]
  Done. [total walltime: 9m19s]
* Optimizing manipulation constant:
  #igrid a___________ E____________________________________ varE____________
     1     Infinity    -1.29915975E+03 +/-   4.09745003E-04   1.70201147E-02
     2     1.0000E+06  -1.29915975E+03 +/-   4.09744994E-04   1.70201140E-02
     3     2.1544E+05  -1.29915975E+03 +/-   4.09744961E-04   1.70201113E-02
     4     4.6416E+04  -1.29915975E+03 +/-   4.09744809E-04   1.70200986E-02
     5     1.0000E+04  -1.29915975E+03 +/-   4.09744103E-04   1.70200399E-02
     6     2.1544E+03  -1.29915975E+03 +/-   4.09740828E-04   1.70197679E-02
     7     4.6416E+02  -1.29915975E+03 +/-   4.09725682E-04   1.70185097E-02
     8     1.0000E+02  -1.29915976E+03 +/-   4.09656561E-04   1.70127680E-02
     9     2.1544E+01  -1.29915980E+03 +/-   4.09359310E-04   1.69880878E-02
    10     4.6416E+00  -1.29915993E+03 +/-   4.08355927E-04   1.69049106E-02
    11     1.0000E+00  -1.29916026E+03 +/-   4.06807687E-04   1.67769671E-02
    12     2.1544E-01  -1.29916057E+03 +/-   4.07005610E-04   1.67932960E-02
    13     4.6416E-02  -1.29916066E+03 +/-   4.08205158E-04   1.68924300E-02
    14     1.0000E-02  -1.29916067E+03 +/-   4.08737014E-04   1.69364774E-02
    15     2.1544E-03  -1.29916067E+03 +/-   4.08874591E-04   1.69478807E-02
    16     4.6416E-04  -1.29916067E+03 +/-   4.08905486E-04   1.69504419E-02
    17     1.0000E-04  -1.29916067E+03 +/-   4.08912202E-04   1.69509987E-02
    18     2.1544E-05  -1.29916067E+03 +/-   4.08913652E-04   1.69511189E-02
    19     4.6416E-06  -1.29916067E+03 +/-   4.08913964E-04   1.69511448E-02
    20     1.0000E-06  -1.29916067E+03 +/-   4.08914032E-04   1.69511504E-02
    21     0.0000E+00  -1.29916067E+03 +/-   4.08914050E-04   1.69511520E-02
* Iteration # 1: E =  -1.299160670651E+03 +/-   4.088745914541E-04
* Computing derivatives.
    [walltime: 2m33s elapsed, 6m49s remaining]
  Done. [total walltime: 9m20s]
* Optimizing manipulation constant:
  #igrid a___________ E____________________________________ varE____________
     1     Infinity    -1.29916067E+03 +/-   4.08874591E-04   1.69478807E-02
     2     1.0000E+06  -1.29916067E+03 +/-   4.08874592E-04   1.69478807E-02
     3     2.1544E+05  -1.29916067E+03 +/-   4.08874594E-04   1.69478808E-02
     4     4.6416E+04  -1.29916067E+03 +/-   4.08874601E-04   1.69478815E-02
     5     1.0000E+04  -1.29916067E+03 +/-   4.08874636E-04   1.69478844E-02
     6     2.1544E+03  -1.29916067E+03 +/-   4.08874800E-04   1.69478980E-02
     7     4.6416E+02  -1.29916067E+03 +/-   4.08875559E-04   1.69479609E-02
     8     1.0000E+02  -1.29916067E+03 +/-   4.08879066E-04   1.69482516E-02
     9     2.1544E+01  -1.29916067E+03 +/-   4.08895011E-04   1.69495735E-02
    10     4.6416E+00  -1.29916067E+03 +/-   4.08962615E-04   1.69551786E-02
    11     1.0000E+00  -1.29916068E+03 +/-   4.09184330E-04   1.69735678E-02
    12     2.1544E-01  -1.29916068E+03 +/-   4.09568032E-04   1.70054157E-02
    13     4.6416E-02  -1.29916068E+03 +/-   4.09833956E-04   1.70275055E-02
    14     1.0000E-02  -1.29916068E+03 +/-   4.09923077E-04   1.70349117E-02
    15     2.1544E-03  -1.29916068E+03 +/-   4.09944715E-04   1.70367102E-02
    16     4.6416E-04  -1.29916068E+03 +/-   4.09949507E-04   1.70371085E-02
    17     1.0000E-04  -1.29916068E+03 +/-   4.09950545E-04   1.70371948E-02
    18     2.1544E-05  -1.29916068E+03 +/-   4.09950769E-04   1.70372134E-02
    19     4.6416E-06  -1.29916068E+03 +/-   4.09950818E-04   1.70372174E-02
    20     1.0000E-06  -1.29916068E+03 +/-   4.09950828E-04   1.70372183E-02
    21     0.0000E+00  -1.29916068E+03 +/-   4.09950831E-04   1.70372185E-02
* Iteration # 2: E =  -1.299160682907E+03 +/-   4.098339562726E-04
* Diminishing returns: exiting.
* After optimization:
  -2.3742E+01  -2.3750E+01  -2.3760E+01  -2.3749E+01  -2.3740E+01  -2.3732E+01
  -2.3741E+01  -2.3740E+01  -2.3736E+01   2.2095E+00   2.2128E+00   2.5635E+00
   1.9465E+00   1.4986E+00   1.7385E+00   2.0985E+00   1.8492E+00   1.8387E+00
   1.5600E+00   1.5489E+00   1.7761E+00   1.7707E+00   1.6724E+00   1.6685E+00
   1.5388E+00   1.5327E+00   2.1903E+00   2.1786E+00   1.9095E+00   1.9038E+00
   1.1176E+00   5.6427E-01   1.0961E+00   1.5419E+00   1.0541E+00   1.0529E+00
   1.0886E+00   1.0861E+00   1.3669E+00   1.4917E+00   1.4831E+00   1.7536E+00
   1.7433E+00   1.8669E+00   1.8591E+00   1.5194E+00   1.5150E+00   1.3235E+00
   1.3226E+00   1.0864E+00   1.0860E+00   1.4433E+00   1.4432E+00   1.0688E+00
   1.0618E+00   1.2111E+00   1.2109E+00   1.3233E+00   1.3218E+00   2.0053E+00
   1.9998E+00   1.2426E+00   1.2433E+00   1.1455E+00   1.1467E+00   1.4804E+00
   1.4790E+00   1.6612E+00   1.6609E+00   1.4866E+00   1.4852E+00   9.9248E-01
   7.2500E-01   7.2327E-01   7.1294E-01   7.1614E-01   1.1976E+00   1.1916E+00
   9.9675E-01   9.9661E-01   1.9529E+00   1.9547E+00   7.9122E-01   7.9472E-01
   8.8794E-01   8.8487E-01   5.0287E-01   4.9882E-01   9.1434E-01   9.0834E-01
   1.2417E+00   1.2391E+00   1.3099E+00   1.3184E+00   8.8350E-01   8.8490E-01
   1.1060E+00   1.1097E+00   1.0007E+00   1.0006E+00   9.4444E-01   9.4665E-01
   7.3489E-01   7.3077E-01   6.1307E-01   6.1410E-01   7.3643E-01   5.8560E-01
   5.9179E-01   6.6017E-01   6.5897E-01   1.3256E+00   1.3234E+00   7.5532E-01
   7.5499E-01   3.8149E-01   3.7677E-01   7.1878E-01   7.1830E-01   1.0183E+00
   1.0181E+00   7.6863E-01   7.7065E-01   7.6857E-01   2.8368E-01   2.8224E-01
   7.2028E-01   7.2302E-01   6.6355E-01   6.6088E-01   6.3271E-01   6.3914E-01
   4.5297E-01   4.5551E-01   4.8856E-01   4.8804E-01   5.0847E-01   5.1062E-01
   9.7927E-01   9.8375E-01   2.5861E-01   2.5769E-01   8.8708E-01   8.8144E-01
   5.1837E-01   5.1989E-01   8.0409E-01   8.0375E-01   1.3832E+00   1.3875E+00
   1.3565E+00   1.3525E+00   6.9403E-01   6.9786E-01   4.3883E-01   4.3995E-01
   6.8371E-02   7.0822E-02  -1.6854E-01   4.2883E-01   4.2637E-01   7.7885E-01
   7.7297E-01   3.4471E-01   3.3391E-01   3.3307E-01   6.6021E-01   6.6259E-01
   2.5436E-01   2.5273E-01   5.0170E-01   5.0396E-01   3.4051E-01   3.3731E-01
   4.8097E-01   4.8168E-01   3.8364E-01   3.8399E-01   3.4138E-01   7.4716E-01
   7.4773E-01   5.7952E-01   5.7703E-01  -8.4110E-02  -8.4474E-02   3.5981E-01
   3.5911E-01   6.9856E-01   7.0104E-01   6.1194E-01   6.1349E-01   7.1428E-01
   7.1655E-01   2.5752E-01   2.5648E-01   1.1248E-01   1.1126E-01   4.6317E-01
   4.6634E-01   4.5288E-01   4.4993E-01   2.0737E-01   2.0508E-01   9.4060E-02
   4.5592E-01   4.5487E-01   7.9090E-02   8.0157E-02   2.2509E-01   2.2855E-01
   3.6444E-01   3.6453E-01   3.2714E-01   3.3183E-01  -1.6500E-01  -1.6242E-01
   4.9051E-01   4.9100E-01  -6.8743E-03  -6.5851E-03   3.5765E-01   3.6162E-01
   3.7725E-01   3.7437E-01  -1.9761E-01   2.4675E-01   2.4942E-01   1.0803E-01
   1.0758E-01   3.4549E-01   3.4637E-01  -4.8201E-02  -5.0416E-02   1.5226E-01
   1.5661E-01  -1.8033E-01  -1.8412E-01   3.5350E-01   3.5847E-01   2.0351E-01
   2.0464E-01   1.3406E+00   1.3367E+00   2.3020E-01   2.3281E-01   2.4433E-03
   5.8229E-03   5.3325E-02   4.8787E-02  -8.0391E-02  -7.7337E-02  -1.7075E-01
  -1.7191E-01   8.9952E-01   8.9541E-01  -9.5572E-02  -9.3023E-02   2.1612E-01
  -8.7022E-02  -1.8196E-01  -1.8339E-01   9.0134E-02  -7.5891E-02   1.0959E-01
   1.1461E-01   6.6471E-02   6.5515E-02   1.0878E-02   1.2287E-02   7.1356E-02
   6.9252E-02   4.7052E-01   4.6450E-01   1.1812E-01   1.1840E-01  -1.0252E-01
  -9.0003E-02  -8.7088E-02   5.3077E-02   4.6761E-02   2.4373E-01   2.4660E-01
  -8.1067E-02  -4.6198E-02  -4.8429E-02   2.1577E-01   1.5032E-01   1.5352E-01
  -1.2597E+00  -8.1119E-01  -3.6054E+00   1.1705E+00  -5.8732E+00   3.9695E+00
  -2.3804E+00   9.2162E-01  -5.4228E+00   3.7175E+00  -3.4407E+00   1.3822E+00
  -8.2995E-01  -9.1986E-01   6.2171E-01  -2.0808E+00  -4.9834E+00   3.3004E+00
  -3.4789E+00   1.8961E+00   7.8262E-01  -2.2317E+00  -1.3229E+00  -7.8635E-01
  -2.1542E+00   3.2665E-01  -4.3929E+00   3.2696E+00   7.2131E+00  -7.7821E+00
   1.8205E+00  -2.9155E+00   1.0597E+00  -2.6136E+00   4.4601E+00  -5.5385E+00
   1.3502E+00  -2.4639E+00  -4.4412E+00   3.0500E+00   1.3965E+00  -2.9031E+00
  -1.1668E+00  -5.9362E-01  -3.3629E+00   1.5061E+00  -4.4395E+00   2.9255E+00
  -5.4155E+00   4.0941E+00  -3.6615E+00   2.5792E+00  -1.9939E+00   5.4010E-01
   9.3802E-01  -2.0135E+00  -3.3401E+00   2.1140E+00  -4.8560E+00   3.5162E+00
  -3.4477E+00   1.4057E+00  -3.7445E+00   2.4702E+00   7.1949E-01  -1.8844E+00
  -5.4977E+00   3.9885E+00  -4.5169E+00   2.8247E+00  -7.5912E-01  -7.4562E-01
  -4.2816E+00   3.2922E+00   1.5094E+00  -2.2320E+00   4.6092E+00  -5.3193E+00
   1.5286E+00  -2.7173E+00  -4.8528E+00   3.8558E+00  -1.2675E+00  -7.3201E-01
   2.1524E+00  -2.9486E+00  -4.6155E+00   3.7269E+00   2.6903E+00  -3.1920E+00
  -1.5420E+00   6.3013E-01  -2.1709E+00   9.2873E-01  -6.8307E-01  -6.3379E-01
   2.1136E+00  -2.9925E+00  -4.9044E+00   3.7996E+00  -4.6635E+00   3.6690E+00
  -3.9856E+00   3.0402E+00  -3.6610E+00   2.9296E+00   2.6420E+00  -3.2514E+00
  -4.9368E+00   4.2012E+00   4.3855E+00  -4.9744E+00  -1.0172E+00   3.5645E-01
  -4.3714E+00   3.0497E+00  -3.4925E+00   2.7382E+00   1.7013E+00  -2.0803E+00
   2.1545E+00  -2.8738E+00  -1.5868E+00   5.7245E-01  -4.9516E+00   4.1831E+00
  -3.6791E+00   2.9083E+00   1.3572E+00  -1.6369E+00  -3.4751E+00   2.7519E+00
  -4.6736E+00   4.0131E+00  -4.6609E+00   4.0234E+00   1.4882E-01  -6.0106E-01
  -2.3011E+00   1.8156E+00  -4.9959E+00   4.4869E+00  -4.0014E+00   3.0206E+00
   1.3657E+00  -1.6241E+00  -3.9838E+00   3.1013E+00  -4.9998E+00   4.4811E+00
  -1.7783E+00   9.7255E-01  -7.1863E-01  -6.6470E-01  -4.3846E+00   3.0292E+00
   2.1687E+00  -2.8681E+00  -3.3251E+00   2.8843E+00   1.2873E+00  -1.3590E+00
   7.6449E+00  -7.4794E+00   1.5867E-01  -5.8660E-01  -1.7663E+00   9.8723E-01
  -5.0839E+00   4.7374E+00  -3.6696E+00   3.3361E+00   4.3522E+00  -5.0161E+00
  -1.1960E+00   9.4482E-01  -2.3077E+00   1.8050E+00  -3.6708E+00   3.3321E+00
  -2.3287E+00   1.8476E+00  -8.6501E-01   4.7787E-01  -5.0805E+00   4.7391E+00
  -1.0568E+00   3.0626E-01  -1.2674E+00   6.8814E-01   2.6061E+00  -2.5210E+00
  -9.9009E-02  -2.5752E-01  -3.4943E+00   2.7940E+00  -1.2811E+00   6.7055E-01
  -3.5037E+00   2.7854E+00  -1.2001E+00   9.4153E-01  -1.2947E+00   1.1837E+00
   1.6653E+00  -2.1313E+00  -3.3278E+00   2.8800E+00  -3.7756E+00   3.5658E+00
  -2.4801E+00   2.3833E+00  -3.3643E+00   2.9090E+00   1.2865E+00  -1.3623E+00
  -1.4837E+00   1.2582E+00  -8.5657E-01   4.9064E-01  -1.1365E+00   8.0642E-01
   5.0740E+00  -4.9154E+00  -2.3312E+00   1.8441E+00   4.9101E-03   3.5309E-03
  -3.7125E+00   3.3539E+00  -1.0914E-01  -2.6836E-01   7.6562E+00  -7.4557E+00
  -3.8298E+00   3.5788E+00  -1.5925E+00   1.4871E+00  -1.1433E+00   7.9511E-01
   2.5547E+00  -2.5040E+00  -2.5447E+00   2.3892E+00   4.7869E+00  -4.6033E+00
  -3.7137E+00   3.3559E+00  -3.7739E+00   3.5692E+00  -2.2102E+00   8.7447E-01
  -1.4820E+00   1.2508E+00  -3.0468E-01   3.0356E-01  -5.9772E-02   1.3400E-02
   2.6048E+00  -2.5240E+00   5.0799E+00  -4.9096E+00  -3.9894E+00   3.0937E+00
   2.1731E+00  -2.0839E+00  -2.6218E+00   2.4024E+00   2.4745E+00  -2.3861E+00
   4.7884E+00  -4.6063E+00  -2.4778E+00   2.3855E+00   1.8580E+00  -1.7872E+00
  -1.5931E+00   1.4841E+00  -3.7674E-01   3.1418E-01  -3.0577E-01   2.9615E-01
  -3.7814E-01   3.1313E-01  -3.3691E+00   2.9037E+00  -1.2982E+00   1.1828E+00
   2.4843E+00  -2.3814E+00   2.1765E+00  -2.0873E+00  -5.8680E-02   6.1249E-03
  -3.8304E+00   3.5818E+00   1.8617E+00  -1.7784E+00   2.5529E+00  -2.5080E+00
  -2.6244E+00   2.4057E+00  -2.5450E+00   2.3912E+00
  > Energy =  -1.299160682907E+03 +/-   4.098339562726E-04
  > varE =   1.702750545889E-02

VMC #2:
* Size of Hilbert space =   5.4457E+18
* Number of equil. steps   = 1000
* Running VMC equilibration.
  Done. [total walltime: 0.10s]
* Equil. acc.ratio (%)     =  10.7558
* Sample config after equilibration:
  [draw: system geometry not defined]
* Number of accum. steps   = 506880 x 10
* Running VMC accumulation.
  Done. [total walltime: 13.3s]
* Acceptance ratio (%)     =  10.7199
* Etot/t                   =  -1.299159931373E+03 +/-   1.899086129535E-04
  > Ttot/t                 =  -1.396088927017E+02 +/-   1.174894066555E-03
  > Utot/t                 =   6.245431020847E+01 +/-   1.164416772261E-03
* var[Eloc/t]              =   1.745117267119E-02 +/-   8.877609503728E-05
* Correlation length       =   1.047538186491E+00
* log10 Psi^2 range: -183.3844811545050 -- -169.9091004286408
* log10 Pgen range : -183.3844811545050 -- -169.9091004286408
* Site occupation (ave. no. electrons per config.):
  > Site_  ___eu____  ___ed____
      1        0.499      0.500
      2        0.496      0.496
      3        0.499      0.497
      4        0.498      0.500
      5        0.503      0.498
      6        0.503      0.501
      7        0.501      0.504
      8        0.499      0.503
      9        0.502      0.505
     10        0.506      0.501
     11        0.500      0.497
     12        0.495      0.497
     13        0.497      0.499
     14        0.499      0.496
     15        0.497      0.500
     16        0.503      0.503
     17        0.501      0.505
     18        0.501      0.502
     19        0.501      0.502
     20        0.496      0.498
     21        0.495      0.499
     22        0.504      0.502
     23        0.499      0.497
     24        0.502      0.501
     25        0.505      0.500
     26        0.505      0.501
     27        0.501      0.506
     28        0.505      0.499
     29        0.500      0.505
     30        0.498      0.497
     31        0.498      0.495
     32        0.500      0.495
     33        0.499      0.502
     34        0.495      0.495
* Pair-correlation analysis (ave. no. pairs per config.):
  > Shell  nsite  ___dh____  __eueu___  __eued___
      0      1        0          0          6.099
      1      0        0.973      0.467      2.577
      2      0        0.226      0.801      1.043
      3      0        0.267      0.747      1.036
      4      0        0.134      0.374      0.526
      5      0        0.272      0.737      1.044
      6      0        0.256      0.761      1.031
      7      0        0.822      0.794      2.417
      8      0        0.742      0.965      2.344
      9      0        0.688      1.094      2.277
     10      0        0.624      1.231      2.238
     11      0        0.582      1.332      2.176
     12      0        0.447      1.593      2.053
     13      0        0.528      1.450      2.121
     14      0        0.153      0.808      1.153
     15      0        0.154      0.824      1.137
     16      0        0.154      0.841      1.120
     17      0        0.148      0.863      1.065
     18      0        0.240      2.100      1.935
     19      0        0.236      2.105      1.932
     20      0        0.121      1.047      0.963
     21      0        0.238      2.068      1.928
     22      0        0.248      2.023      1.955
     23      0        0.276      1.927      2.036
     24      0        0.313      1.894      2.022
     25      0        0.321      1.890      2.029
     26      0        0.322      1.894      2.045
     27      0        0.257      2.063      1.952
     28      0        0.256      2.086      1.941
     29      0        0.261      2.105      1.927
     30      0        0.256      2.109      1.914
     31      0        0.248      2.089      1.942
     32      0        0.287      2.071      1.939
     33      0        0.255      2.109      1.913
     34      0        0.289      2.063      1.922
     35      0        0.277      2.069      1.924
     36      0        0.248      2.112      1.915
     37      0        0.118      0.975      1.042
     38      0        0.241      1.954      2.074
     39      0        0.239      1.967      2.068
     40      0        0.234      1.966      2.033
     41      0        0.261      2.043      1.962
     42      0        0.217      2.113      1.930
     43      0        0.257      2.045      1.958
     44      0        0.261      2.047      1.960
     45      0        0.259      2.045      1.986
     46      0        0.264      2.023      1.976
     47      0        0.259      2.001      1.967
     48      0        0.235      2.059      1.979
     49      0        0.283      1.863      2.093
     50      0        0.282      1.886      2.076
     51      0        0.282      1.910      2.061
     52      0        0.294      1.948      2.007
     53      0        0.304      1.952      2.014
     54      0        0.276      1.943      2.054
     55      0        0.154      0.970      1.004
     56      0        0.234      1.986      2.018
     57      0        0.234      1.998      2.037
     58      0        0.268      1.968      2.023
     59      0        0.259      1.967      2.027
     60      0        0.235      1.994      2.040
     61      0        0.245      1.969      2.055
     62      0        0.274      1.955      2.030
     63      0        0.148      1.006      0.979
     64      0        0.298      2.012      1.967
     65      0        0.271      1.977      2.016
     66      0        0.257      2.017      1.980
     67      0        0.265      1.974      2.021
     68      0        0.264      2.017      1.979
     69      0        0.262      2.001      2.023
     70      0        0.290      1.972      2.006
     71      0        0.299      1.962      1.994
     72      0        0.291      2.008      1.956
     73      0        0.264      2.018      1.986
     74      0        0.263      1.990      2.011
     75      0        0.297      1.995      1.967
     76      0        0.265      1.972      1.990
     77      0        0.266      1.854      2.129
     78      0        0.259      2.033      1.978
     79      0        0.233      2.039      2.005
     80      0        0.255      2.009      1.992
     81      0        0.265      2.009      1.991
     82      0        0.117      1.015      1.006
     83      0        0.266      2.020      1.993
     84      0        0.263      1.989      1.975
     85      0        0.151      0.990      0.984
     86      0        0.292      1.969      1.989
     87      0        0.232      2.030      1.979
     88      0        0.268      2.004      1.990
     89      0        0.297      1.995      1.974
     90      0        0.295      1.986      1.966
     91      0        0.266      1.999      2.018
     92      0        0.239      2.025      2.003
     93      0        0.150      0.985      0.992
     94      0        0.236      2.035      1.995
     95      0        0.229      1.997      2.006
     96      0        0.257      2.012      1.992
     97      0        0.260      2.003      1.982
     98      0        0.234      2.026      2.011
     99      0        0.232      2.002      1.998
    100      0        0.234      2.010      2.025
    101      0        0.263      1.990      2.013
    102      0        0.263      2.001      1.996
    103      0        0.236      2.043      1.995
    104      0        0.258      1.988      2.011
    105      0        0.289      1.978      1.981
    106      0        0.141      0.989      0.990
    107      0        0.236      2.017      2.017
    108      0        0.263      1.992      2.010
    109      0        0.261      1.981      1.986
    110      0        0.231      2.009      2.028
    111      0        0.233      1.998      2.003
    112      0        0.234      2.024      2.014
    113      0        0.266      2.008      2.009
    114      0        0.257      2.001      2.001
    115      0        0.264      1.998      2.002
    116      0        0.262      1.992      1.991
    117      0        0.118      1.003      1.018
    118      0        0.263      1.994      2.003
    119      0        0.259      1.983      1.982
    120      0        0.231      2.002      2.000
    121      0        0.232      2.021      2.026
    122      0        0.259      1.995      2.001
    123      0        0.233      2.001      2.001
    124      0        0.264      2.007      1.995
    125      0        0.295      1.969      1.978
    126      0        0.269      1.950      1.999
    127      0        0.262      1.982      1.982
    128      0        0.255      1.979      1.987
    129      0        0.238      2.019      2.016
    130      0        0.259      1.995      2.004
    131      0        0.236      2.012      2.027
    132      0        0.266      2.011      1.989
    133      0        0.232      2.002      2.003
    134      0        0.119      1.007      1.011
    135      0        0.119      1.002      1.013
    136      0        0.233      2.000      2.004
    137      0        0.142      0.990      0.988
    138      0        0.118      0.990      0.989
    139      0        0.262      1.985      1.979
    140      0        0.230      2.008      2.002
    141      0        0.254      1.985      1.980
    142      0        0.231      2.004      2.003
    143      0        0.234      2.020      2.020
    144      0        0.259      2.006      2.000
    145      0        0.120      1.010      1.005
    146      0        0.233      1.999      2.001
    147      0        0.233      2.022      2.018
    148      0        0.263      2.000      1.999
    149      0        0.115      0.990      0.994
    150      0        0.235      2.025      2.017
    151      0        0.117      1.010      1.011
    152      0        0.260      2.001      1.995
    153      0        0.259      2.000      1.996

Optimization #2:
* Method          : lls
* Target function : energy
* No. of configs. : 101376
* No. of params.  : 592
* Before optimization:
  -2.3742E+01  -2.3750E+01  -2.3760E+01  -2.3749E+01  -2.3740E+01  -2.3732E+01
  -2.3741E+01  -2.3740E+01  -2.3736E+01   2.2095E+00   2.2128E+00   2.5635E+00
   1.9465E+00   1.4986E+00   1.7385E+00   2.0985E+00   1.8492E+00   1.8387E+00
   1.5600E+00   1.5489E+00   1.7761E+00   1.7707E+00   1.6724E+00   1.6685E+00
   1.5388E+00   1.5327E+00   2.1903E+00   2.1786E+00   1.9095E+00   1.9038E+00
   1.1176E+00   5.6427E-01   1.0961E+00   1.5419E+00   1.0541E+00   1.0529E+00
   1.0886E+00   1.0861E+00   1.3669E+00   1.4917E+00   1.4831E+00   1.7536E+00
   1.7433E+00   1.8669E+00   1.8591E+00   1.5194E+00   1.5150E+00   1.3235E+00
   1.3226E+00   1.0864E+00   1.0860E+00   1.4433E+00   1.4432E+00   1.0688E+00
   1.0618E+00   1.2111E+00   1.2109E+00   1.3233E+00   1.3218E+00   2.0053E+00
   1.9998E+00   1.2426E+00   1.2433E+00   1.1455E+00   1.1467E+00   1.4804E+00
   1.4790E+00   1.6612E+00   1.6609E+00   1.4866E+00   1.4852E+00   9.9248E-01
   7.2500E-01   7.2327E-01   7.1294E-01   7.1614E-01   1.1976E+00   1.1916E+00
   9.9675E-01   9.9661E-01   1.9529E+00   1.9547E+00   7.9122E-01   7.9472E-01
   8.8794E-01   8.8487E-01   5.0287E-01   4.9882E-01   9.1434E-01   9.0834E-01
   1.2417E+00   1.2391E+00   1.3099E+00   1.3184E+00   8.8350E-01   8.8490E-01
   1.1060E+00   1.1097E+00   1.0007E+00   1.0006E+00   9.4444E-01   9.4665E-01
   7.3489E-01   7.3077E-01   6.1307E-01   6.1410E-01   7.3643E-01   5.8560E-01
   5.9179E-01   6.6017E-01   6.5897E-01   1.3256E+00   1.3234E+00   7.5532E-01
   7.5499E-01   3.8149E-01   3.7677E-01   7.1878E-01   7.1830E-01   1.0183E+00
   1.0181E+00   7.6863E-01   7.7065E-01   7.6857E-01   2.8368E-01   2.8224E-01
   7.2028E-01   7.2302E-01   6.6355E-01   6.6088E-01   6.3271E-01   6.3914E-01
   4.5297E-01   4.5551E-01   4.8856E-01   4.8804E-01   5.0847E-01   5.1062E-01
   9.7927E-01   9.8375E-01   2.5861E-01   2.5769E-01   8.8708E-01   8.8144E-01
   5.1837E-01   5.1989E-01   8.0409E-01   8.0375E-01   1.3832E+00   1.3875E+00
   1.3565E+00   1.3525E+00   6.9403E-01   6.9786E-01   4.3883E-01   4.3995E-01
   6.8371E-02   7.0822E-02  -1.6854E-01   4.2883E-01   4.2637E-01   7.7885E-01
   7.7297E-01   3.4471E-01   3.3391E-01   3.3307E-01   6.6021E-01   6.6259E-01
   2.5436E-01   2.5273E-01   5.0170E-01   5.0396E-01   3.4051E-01   3.3731E-01
   4.8097E-01   4.8168E-01   3.8364E-01   3.8399E-01   3.4138E-01   7.4716E-01
   7.4773E-01   5.7952E-01   5.7703E-01  -8.4110E-02  -8.4474E-02   3.5981E-01
   3.5911E-01   6.9856E-01   7.0104E-01   6.1194E-01   6.1349E-01   7.1428E-01
   7.1655E-01   2.5752E-01   2.5648E-01   1.1248E-01   1.1126E-01   4.6317E-01
   4.6634E-01   4.5288E-01   4.4993E-01   2.0737E-01   2.0508E-01   9.4060E-02
   4.5592E-01   4.5487E-01   7.9090E-02   8.0157E-02   2.2509E-01   2.2855E-01
   3.6444E-01   3.6453E-01   3.2714E-01   3.3183E-01  -1.6500E-01  -1.6242E-01
   4.9051E-01   4.9100E-01  -6.8743E-03  -6.5851E-03   3.5765E-01   3.6162E-01
   3.7725E-01   3.7437E-01  -1.9761E-01   2.4675E-01   2.4942E-01   1.0803E-01
   1.0758E-01   3.4549E-01   3.4637E-01  -4.8201E-02  -5.0416E-02   1.5226E-01
   1.5661E-01  -1.8033E-01  -1.8412E-01   3.5350E-01   3.5847E-01   2.0351E-01
   2.0464E-01   1.3406E+00   1.3367E+00   2.3020E-01   2.3281E-01   2.4433E-03
   5.8229E-03   5.3325E-02   4.8787E-02  -8.0391E-02  -7.7337E-02  -1.7075E-01
  -1.7191E-01   8.9952E-01   8.9541E-01  -9.5572E-02  -9.3023E-02   2.1612E-01
  -8.7022E-02  -1.8196E-01  -1.8339E-01   9.0134E-02  -7.5891E-02   1.0959E-01
   1.1461E-01   6.6471E-02   6.5515E-02   1.0878E-02   1.2287E-02   7.1356E-02
   6.9252E-02   4.7052E-01   4.6450E-01   1.1812E-01   1.1840E-01  -1.0252E-01
  -9.0003E-02  -8.7088E-02   5.3077E-02   4.6761E-02   2.4373E-01   2.4660E-01
  -8.1067E-02  -4.6198E-02  -4.8429E-02   2.1577E-01   1.5032E-01   1.5352E-01
  -1.2597E+00  -8.1119E-01  -3.6054E+00   1.1705E+00  -5.8732E+00   3.9695E+00
  -2.3804E+00   9.2162E-01  -5.4228E+00   3.7175E+00  -3.4407E+00   1.3822E+00
  -8.2995E-01  -9.1986E-01   6.2171E-01  -2.0808E+00  -4.9834E+00   3.3004E+00
  -3.4789E+00   1.8961E+00   7.8262E-01  -2.2317E+00  -1.3229E+00  -7.8635E-01
  -2.1542E+00   3.2665E-01  -4.3929E+00   3.2696E+00   7.2131E+00  -7.7821E+00
   1.8205E+00  -2.9155E+00   1.0597E+00  -2.6136E+00   4.4601E+00  -5.5385E+00
   1.3502E+00  -2.4639E+00  -4.4412E+00   3.0500E+00   1.3965E+00  -2.9031E+00
  -1.1668E+00  -5.9362E-01  -3.3629E+00   1.5061E+00  -4.4395E+00   2.9255E+00
  -5.4155E+00   4.0941E+00  -3.6615E+00   2.5792E+00  -1.9939E+00   5.4010E-01
   9.3802E-01  -2.0135E+00  -3.3401E+00   2.1140E+00  -4.8560E+00   3.5162E+00
  -3.4477E+00   1.4057E+00  -3.7445E+00   2.4702E+00   7.1949E-01  -1.8844E+00
  -5.4977E+00   3.9885E+00  -4.5169E+00   2.8247E+00  -7.5912E-01  -7.4562E-01
  -4.2816E+00   3.2922E+00   1.5094E+00  -2.2320E+00   4.6092E+00  -5.3193E+00
   1.5286E+00  -2.7173E+00  -4.8528E+00   3.8558E+00  -1.2675E+00  -7.3201E-01
   2.1524E+00  -2.9486E+00  -4.6155E+00   3.7269E+00   2.6903E+00  -3.1920E+00
  -1.5420E+00   6.3013E-01  -2.1709E+00   9.2873E-01  -6.8307E-01  -6.3379E-01
   2.1136E+00  -2.9925E+00  -4.9044E+00   3.7996E+00  -4.6635E+00   3.6690E+00
  -3.9856E+00   3.0402E+00  -3.6610E+00   2.9296E+00   2.6420E+00  -3.2514E+00
  -4.9368E+00   4.2012E+00   4.3855E+00  -4.9744E+00  -1.0172E+00   3.5645E-01
  -4.3714E+00   3.0497E+00  -3.4925E+00   2.7382E+00   1.7013E+00  -2.0803E+00
   2.1545E+00  -2.8738E+00  -1.5868E+00   5.7245E-01  -4.9516E+00   4.1831E+00
  -3.6791E+00   2.9083E+00   1.3572E+00  -1.6369E+00  -3.4751E+00   2.7519E+00
  -4.6736E+00   4.0131E+00  -4.6609E+00   4.0234E+00   1.4882E-01  -6.0106E-01
  -2.3011E+00   1.8156E+00  -4.9959E+00   4.4869E+00  -4.0014E+00   3.0206E+00
   1.3657E+00  -1.6241E+00  -3.9838E+00   3.1013E+00  -4.9998E+00   4.4811E+00
  -1.7783E+00   9.7255E-01  -7.1863E-01  -6.6470E-01  -4.3846E+00   3.0292E+00
   2.1687E+00  -2.8681E+00  -3.3251E+00   2.8843E+00   1.2873E+00  -1.3590E+00
   7.6449E+00  -7.4794E+00   1.5867E-01  -5.8660E-01  -1.7663E+00   9.8723E-01
  -5.0839E+00   4.7374E+00  -3.6696E+00   3.3361E+00   4.3522E+00  -5.0161E+00
  -1.1960E+00   9.4482E-01  -2.3077E+00   1.8050E+00  -3.6708E+00   3.3321E+00
  -2.3287E+00   1.8476E+00  -8.6501E-01   4.7787E-01  -5.0805E+00   4.7391E+00
  -1.0568E+00   3.0626E-01  -1.2674E+00   6.8814E-01   2.6061E+00  -2.5210E+00
  -9.9009E-02  -2.5752E-01  -3.4943E+00   2.7940E+00  -1.2811E+00   6.7055E-01
  -3.5037E+00   2.7854E+00  -1.2001E+00   9.4153E-01  -1.2947E+00   1.1837E+00
   1.6653E+00  -2.1313E+00  -3.3278E+00   2.8800E+00  -3.7756E+00   3.5658E+00
  -2.4801E+00   2.3833E+00  -3.3643E+00   2.9090E+00   1.2865E+00  -1.3623E+00
  -1.4837E+00   1.2582E+00  -8.5657E-01   4.9064E-01  -1.1365E+00   8.0642E-01
   5.0740E+00  -4.9154E+00  -2.3312E+00   1.8441E+00   4.9101E-03   3.5309E-03
  -3.7125E+00   3.3539E+00  -1.0914E-01  -2.6836E-01   7.6562E+00  -7.4557E+00
  -3.8298E+00   3.5788E+00  -1.5925E+00   1.4871E+00  -1.1433E+00   7.9511E-01
   2.5547E+00  -2.5040E+00  -2.5447E+00   2.3892E+00   4.7869E+00  -4.6033E+00
  -3.7137E+00   3.3559E+00  -3.7739E+00   3.5692E+00  -2.2102E+00   8.7447E-01
  -1.4820E+00   1.2508E+00  -3.0468E-01   3.0356E-01  -5.9772E-02   1.3400E-02
   2.6048E+00  -2.5240E+00   5.0799E+00  -4.9096E+00  -3.9894E+00   3.0937E+00
   2.1731E+00  -2.0839E+00  -2.6218E+00   2.4024E+00   2.4745E+00  -2.3861E+00
   4.7884E+00  -4.6063E+00  -2.4778E+00   2.3855E+00   1.8580E+00  -1.7872E+00
  -1.5931E+00   1.4841E+00  -3.7674E-01   3.1418E-01  -3.0577E-01   2.9615E-01
  -3.7814E-01   3.1313E-01  -3.3691E+00   2.9037E+00  -1.2982E+00   1.1828E+00
   2.4843E+00  -2.3814E+00   2.1765E+00  -2.0873E+00  -5.8680E-02   6.1249E-03
  -3.8304E+00   3.5818E+00   1.8617E+00  -1.7784E+00   2.5529E+00  -2.5080E+00
  -2.6244E+00   2.4057E+00  -2.5450E+00   2.3912E+00
  > E    =  -1.299159680689E+03 +/-   4.141234408896E-04
  > varE =   1.738580398606E-02
* Computing derivatives.
    [walltime: 2m33s elapsed, 6m49s remaining]
  Done. [total walltime: 9m20s]
* Optimizing manipulation constant:
  #igrid a___________ E____________________________________ varE____________
     1     Infinity    -1.29915968E+03 +/-   4.14123441E-04   1.73858040E-02
     2     1.0000E+06  -1.29915968E+03 +/-   4.14123430E-04   1.73858031E-02
     3     2.1544E+05  -1.29915968E+03 +/-   4.14123390E-04   1.73857997E-02
     4     4.6416E+04  -1.29915968E+03 +/-   4.14123206E-04   1.73857843E-02
     5     1.0000E+04  -1.29915968E+03 +/-   4.14122350E-04   1.73857124E-02
     6     2.1544E+03  -1.29915968E+03 +/-   4.14118377E-04   1.73853788E-02
     7     4.6416E+02  -1.29915968E+03 +/-   4.14099895E-04   1.73838271E-02
     8     1.0000E+02  -1.29915969E+03 +/-   4.14013287E-04   1.73765562E-02
     9     2.1544E+01  -1.29915971E+03 +/-   4.13613580E-04   1.73430202E-02
    10     4.6416E+00  -1.29915894E+03 +/-   4.18449466E-04   1.77509331E-02
    11     1.0000E+00  -1.29889945E+03 +/-   1.46971174E-03   2.18977491E-01
    12     2.1544E-01  -1.29817282E+03 +/-   1.88382434E-02   3.59762554E+01
    13     4.6416E-02 (error)
    14     1.0000E-02 (error)
    15     2.1544E-03 (error)
    16     4.6416E-04 (error)
    17     1.0000E-04 (error)
    18     2.1544E-05 (error)
    19     4.6416E-06 (error)
    20     1.0000E-06 (error)
    21     0.0000E+00 (error)
  ParMin   4.4586E+01  -1.29915970E+03 +/-   4.13874305E-04   1.73648917E-02
  # Using grid point #9
* Iteration # 1: E =  -1.299159709200E+03 +/-   4.136135800519E-04
* Diminishing returns: exiting.
* After optimization:
  -2.3453E+01  -2.3461E+01  -2.3471E+01  -2.3460E+01  -2.3451E+01  -2.3443E+01
  -2.3452E+01  -2.3452E+01  -2.3446E+01   2.1862E+00   2.1895E+00   2.6139E+00
   1.9784E+00   1.5100E+00   1.6728E+00   2.0484E+00   1.8510E+00   1.8405E+00
   1.5586E+00   1.5477E+00   1.7219E+00   1.7166E+00   1.6573E+00   1.6532E+00
   1.4884E+00   1.4822E+00   2.1164E+00   2.1049E+00   1.9521E+00   1.9465E+00
   1.0750E+00   5.2920E-01   1.1498E+00   1.4449E+00   1.0631E+00   1.0621E+00
   1.0500E+00   1.0474E+00   1.3242E+00   1.4701E+00   1.4619E+00   1.6799E+00
   1.6703E+00   1.8668E+00   1.8594E+00   1.5097E+00   1.5058E+00   1.3063E+00
   1.3055E+00   1.0597E+00   1.0594E+00   1.4858E+00   1.4859E+00   1.0181E+00
   1.0112E+00   1.1955E+00   1.1954E+00   1.2694E+00   1.2678E+00   2.0051E+00
   1.9998E+00   1.2160E+00   1.2165E+00   1.1441E+00   1.1451E+00   1.4630E+00
   1.4620E+00   1.6515E+00   1.6516E+00   1.4885E+00   1.4870E+00   9.4997E-01
   6.8617E-01   6.8441E-01   7.2216E-01   7.2516E-01   1.1758E+00   1.1703E+00
   9.9097E-01   9.9095E-01   1.9297E+00   1.9313E+00   7.4859E-01   7.5182E-01
   8.3395E-01   8.3104E-01   4.9170E-01   4.8777E-01   9.0786E-01   9.0218E-01
   1.2087E+00   1.2063E+00   1.3621E+00   1.3700E+00   8.4085E-01   8.4192E-01
   1.1001E+00   1.1039E+00   9.4682E-01   9.4666E-01   8.8654E-01   8.8855E-01
   7.5634E-01   7.5261E-01   6.0183E-01   6.0255E-01   6.7113E-01   5.1958E-01
   5.2546E-01   6.6512E-01   6.6401E-01   1.3660E+00   1.3641E+00   7.0811E-01
   7.0780E-01   3.4307E-01   3.3853E-01   7.2603E-01   7.2528E-01   1.0121E+00
   1.0118E+00   7.0369E-01   7.9207E-01   7.9004E-01   2.3386E-01   2.3260E-01
   6.7354E-01   6.7597E-01   6.5773E-01   6.5554E-01   6.2765E-01   6.3353E-01
   4.8529E-01   4.8770E-01   4.6880E-01   4.6837E-01   4.9179E-01   4.9392E-01
   9.2132E-01   9.2547E-01   2.0864E-01   2.0766E-01   8.7855E-01   8.7321E-01
   5.0161E-01   5.0302E-01   7.2237E-01   7.2191E-01   1.4356E+00   1.4396E+00
   1.3970E+00   1.3934E+00   7.0134E-01   7.0499E-01   3.9220E-01   3.9321E-01
   6.7246E-02   6.9753E-02  -2.0328E-01   4.6089E-01   4.5864E-01   6.9695E-01
   6.9134E-01   3.7658E-01   2.7583E-01   2.7494E-01   5.9416E-01   5.9625E-01
   2.4787E-01   2.4650E-01   4.8200E-01   4.8407E-01   2.8230E-01   2.7901E-01
   5.1112E-01   5.1189E-01   3.8877E-01   3.8918E-01   3.7348E-01   7.5197E-01
   7.5249E-01   5.0898E-01   5.0642E-01  -1.2656E-01  -1.2710E-01   3.1636E-01
   3.1579E-01   7.0150E-01   7.0377E-01   5.4093E-01   5.4260E-01   7.1706E-01
   7.1908E-01   2.5130E-01   2.5040E-01   1.5461E-01   1.5370E-01   4.2494E-01
   4.2783E-01   4.0599E-01   4.0305E-01   1.9756E-01   1.9546E-01   4.2283E-02
   4.5908E-01   4.5791E-01   7.7749E-02   7.8657E-02   1.4328E-01   1.4678E-01
   3.6936E-01   3.6965E-01   2.5674E-01   2.6133E-01  -1.5563E-01  -1.5315E-01
   5.2041E-01   5.2095E-01  -6.4128E-03  -6.1925E-03   3.4955E-01   3.5343E-01
   3.3348E-01   3.3086E-01  -2.3201E-01   2.8670E-01   2.8918E-01   7.4554E-02
   7.4141E-02   2.7414E-01   2.7530E-01  -4.1066E-02  -4.3440E-02   1.4984E-01
   1.5416E-01  -2.4684E-01  -2.5061E-01   3.4542E-01   3.5039E-01   1.9375E-01
   1.9500E-01   1.3075E+00   1.3041E+00   1.4812E-01   1.5099E-01  -7.2955E-02
  -6.9664E-02   1.0260E-01   9.8326E-02  -1.2288E-01  -1.2023E-01  -1.6152E-01
  -1.6276E-01   8.9083E-01   8.8701E-01  -1.1952E-01  -1.1668E-01   2.6357E-01
  -3.5270E-02  -2.4864E-01  -2.5000E-01   3.8509E-02  -1.7479E-01   7.6105E-02
   8.0883E-02   4.0589E-02   3.9601E-02  -6.4917E-02  -6.3503E-02   4.5536E-02
   4.3651E-02   4.7327E-01   4.6709E-01   1.6053E-01   1.6084E-01  -5.0141E-02
  -1.1378E-01  -1.1102E-01   1.0262E-01   9.6373E-02   2.8360E-01   2.8647E-01
  -1.8025E-01  -3.9299E-02  -4.1470E-02   2.6335E-01   1.4796E-01   1.5127E-01
  -8.2244E-01  -1.2252E+00  -4.4170E+00   1.9321E+00  -6.3976E+00   4.4616E+00
  -2.5619E+00   1.0916E+00  -4.2941E+00   2.6554E+00  -2.5575E+00   5.4935E-01
  -8.3049E-01  -9.2109E-01   6.6139E-01  -2.1192E+00  -4.0470E+00   2.4182E+00
  -3.1976E+00   1.6299E+00   1.6487E+00  -3.0475E+00  -3.8724E-02  -1.9976E+00
  -2.8583E+00   9.8808E-01  -3.6483E+00   2.5677E+00   7.8172E+00  -8.3510E+00
   9.3632E-01  -2.0856E+00   2.7455E+00  -4.2032E+00   4.3202E+00  -5.4078E+00
   2.0246E+00  -3.0995E+00  -3.6969E+00   2.3479E+00   1.7974E+00  -3.2828E+00
   1.1772E-01  -1.8049E+00  -3.3272E+00   1.4705E+00  -4.2601E+00   2.7554E+00
  -5.1133E+00   3.8094E+00  -3.1885E+00   2.1325E+00  -2.6980E+00   1.2014E+00
   1.8040E+00  -2.8292E+00  -3.0583E+00   1.8483E+00  -3.9197E+00   2.6339E+00
  -3.4121E+00   1.3699E+00  -3.2712E+00   2.0239E+00   7.5928E-01  -1.9228E+00
  -5.1956E+00   3.7035E+00  -4.3375E+00   2.6549E+00  -7.5968E-01  -7.4690E-01
  -3.5374E+00   2.5899E+00   2.1838E+00  -2.8676E+00   4.4692E+00  -5.1888E+00
   1.9295E+00  -3.0970E+00  -4.7426E+00   3.7513E+00  -8.3027E-01  -1.1458E+00
   2.8960E+00  -3.6491E+00  -3.6791E+00   2.8446E+00   2.9015E+00  -3.3917E+00
  -1.4197E+00   5.1434E-01  -1.5898E+00   3.8043E-01  -1.5308E+00   1.6224E-01
   2.8570E+00  -3.6930E+00  -4.7940E+00   3.6951E+00  -3.7276E+00   2.7869E+00
  -2.9801E+00   2.0927E+00  -4.0139E+00   3.2608E+00   2.8531E+00  -3.4511E+00
  -3.8091E+00   3.1383E+00   5.5308E+00  -6.0533E+00  -1.0865E+00   4.2101E-01
  -5.0391E+00   3.6770E+00  -2.6786E+00   1.9712E+00   2.3749E+00  -2.7159E+00
   2.0509E+00  -2.7774E+00  -1.4645E+00   4.5658E-01  -3.8239E+00   3.1197E+00
  -4.0317E+00   3.2397E+00   2.2229E+00  -2.4529E+00  -2.6612E+00   1.9849E+00
  -4.5635E+00   3.9086E+00  -4.5509E+00   3.9189E+00  -3.8362E-01  -1.0073E-01
  -1.9503E+00   1.4840E+00  -4.6943E+00   4.2019E+00  -2.9958E+00   2.0730E+00
   2.2315E+00  -2.4397E+00  -3.8252E+00   2.9507E+00  -4.6982E+00   4.1962E+00
  -3.7090E-01  -3.5277E-01  -1.5664E+00   1.3099E-01  -5.0526E+00   3.6564E+00
   2.0652E+00  -2.7717E+00  -2.5109E+00   2.1173E+00   1.3269E+00  -1.3972E+00
   8.2489E+00  -8.0483E+00  -3.7386E-01  -8.6421E-02  -3.5891E-01  -3.3782E-01
  -5.6087E+00   5.2300E+00  -2.6642E+00   2.3886E+00   5.4976E+00  -6.0952E+00
  -1.0739E+00   8.2908E-01  -1.9567E+00   1.4738E+00  -2.6651E+00   2.3850E+00
  -2.8247E+00   2.3134E+00  -9.3463E-01   5.4239E-01  -5.6052E+00   5.2318E+00
  -1.1261E+00   3.7089E-01  -5.1496E-02  -4.5662E-01   3.3492E+00  -3.2216E+00
   6.5376E-01  -9.6705E-01  -3.5273E+00   2.8241E+00  -6.5548E-02  -4.7407E-01
  -3.5366E+00   2.8159E+00  -1.0782E+00   8.2562E-01  -1.9987E+00   1.8457E+00
   2.3393E+00  -2.7669E+00  -2.5142E+00   2.1131E+00  -3.5961E+00   3.3964E+00
  -1.5966E+00   1.5517E+00  -3.3974E+00   2.9390E+00   1.3261E+00  -1.4006E+00
  -7.6429E-02  -6.7682E-02  -9.2605E-01   5.5520E-01   7.9495E-02  -3.3848E-01
   4.9340E+00  -4.7844E+00  -2.8271E+00   2.3100E+00   4.5124E-03   3.2320E-03
  -3.5541E+00   3.2035E+00   6.4390E-01  -9.7760E-01   8.2597E+00  -8.0250E+00
  -4.4973E+00   4.2066E+00  -1.0115E+00   9.3921E-01   7.3114E-02  -3.4932E-01
   2.4508E+00  -2.4076E+00  -2.5081E+00   2.3551E+00   5.9321E+00  -5.6821E+00
  -3.5551E+00   3.2057E+00  -3.5947E+00   3.3996E+00  -1.6293E+00   3.2649E-01
  -7.4423E-02  -7.4574E-02   9.8029E-01  -9.0674E-01  -9.0674E-01   8.1042E-01
   3.3482E+00  -3.2247E+00   4.9397E+00  -4.7788E+00  -3.8306E+00   2.9436E+00
   2.5753E+00  -2.4619E+00  -3.4317E+00   3.1658E+00   1.5907E+00  -1.5547E+00
   5.9332E+00  -5.6851E+00  -1.5946E+00   1.5537E+00   3.5453E+00  -3.3745E+00
  -1.0120E+00   9.3652E-01   6.1184E-02  -9.8384E-02   9.7918E-01  -9.1350E-01
   5.9927E-02  -9.9489E-02  -3.4022E+00   2.9337E+00  -2.0025E+00   1.8446E+00
   1.6006E+00  -1.5502E+00   2.5783E+00  -2.4654E+00  -9.0542E-01   8.0356E-01
  -4.4979E+00   4.2096E+00   3.5487E+00  -3.3661E+00   2.4494E+00  -2.4113E+00
  -3.4348E+00   3.1687E+00  -2.5083E+00   2.3572E+00
  > Energy =  -1.299159709200E+03 +/-   4.136135800519E-04
  > varE =   1.734302020273E-02

VMC #3:
* Size of Hilbert space =   5.4457E+18
* Number of equil. steps   = 1000
* Running VMC equilibration.
  Done. [total walltime: 0.10s]
* Equil. acc.ratio (%)     =  10.7582
* Sample config after equilibration:
  [draw: system geometry not defined]
* Number of accum. steps   = 506880 x 10
* Running VMC accumulation.
  Done. [total walltime: 13.2s]
* Acceptance ratio (%)     =  10.7218
* Etot/t                   =  -1.299160063494E+03 +/-   1.906199848334E-04
  > Ttot/t                 =  -1.396103314715E+02 +/-   1.202875402131E-03
  > Utot/t                 =   6.245561685723E+01 +/-   1.183236070821E-03
* var[Eloc/t]              =   1.781490714044E-02 +/-   1.495689358462E-04
* Correlation length       =   1.033852194493E+00
* log10 Psi^2 range: -185.3724836077600 -- -169.8036507259885
* log10 Pgen range : -185.3724836077600 -- -169.8036507259885
* Site occupation (ave. no. electrons per config.):
  > Site_  ___eu____  ___ed____
      1        0.497      0.501
      2        0.500      0.498
      3        0.498      0.499
      4        0.497      0.503
      5        0.498      0.495
      6        0.504      0.499
      7        0.503      0.507
      8        0.499      0.501
      9        0.503      0.500
     10        0.499      0.501
     11        0.501      0.497
     12        0.495      0.500
     13        0.500      0.501
     14        0.498      0.496
     15        0.496      0.503
     16        0.505      0.499
     17        0.500      0.503
     18        0.504      0.498
     19        0.503      0.502
     20        0.498      0.499
     21        0.500      0.496
     22        0.501      0.503
     23        0.498      0.494
     24        0.502      0.499
     25        0.500      0.505
     26        0.500      0.500
     27        0.504      0.502
     28        0.502      0.505
     29        0.501      0.505
     30        0.497      0.495
     31        0.500      0.497
     32        0.495      0.497
     33        0.500      0.500
     34        0.498      0.499
* Pair-correlation analysis (ave. no. pairs per config.):
  > Shell  nsite  ___dh____  __eueu___  __eued___
      0      1        0          0          6.099
      1      0        0.971      0.469      2.578
      2      0        0.226      0.792      1.043
      3      0        0.265      0.748      1.046
      4      0        0.140      0.367      0.520
      5      0        0.273      0.742      1.043
      6      0        0.253      0.755      1.038
      7      0        0.816      0.792      2.417
      8      0        0.742      0.970      2.344
      9      0        0.685      1.099      2.287
     10      0        0.633      1.227      2.219
     11      0        0.578      1.343      2.173
     12      0        0.444      1.598      2.058
     13      0        0.523      1.455      2.125
     14      0        0.156      0.807      1.153
     15      0        0.156      0.822      1.134
     16      0        0.151      0.834      1.122
     17      0        0.147      0.868      1.072
     18      0        0.241      2.096      1.928
     19      0        0.241      2.099      1.930
     20      0        0.120      1.051      0.965
     21      0        0.237      2.071      1.928
     22      0        0.247      2.028      1.960
     23      0        0.273      1.922      2.033
     24      0        0.309      1.902      2.024
     25      0        0.319      1.902      2.035
     26      0        0.326      1.893      2.037
     27      0        0.256      2.068      1.950
     28      0        0.260      2.083      1.942
     29      0        0.259      2.101      1.927
     30      0        0.257      2.114      1.918
     31      0        0.244      2.082      1.934
     32      0        0.294      2.063      1.936
     33      0        0.255      2.112      1.918
     34      0        0.286      2.065      1.939
     35      0        0.276      2.070      1.929
     36      0        0.247      2.115      1.901
     37      0        0.117      0.976      1.044
     38      0        0.240      1.954      2.082
     39      0        0.238      1.958      2.067
     40      0        0.236      1.965      2.035
     41      0        0.264      2.050      1.961
     42      0        0.219      2.117      1.924
     43      0        0.255      2.037      1.960
     44      0        0.264      2.043      1.970
     45      0        0.268      2.033      1.972
     46      0        0.263      2.024      1.979
     47      0        0.255      2.007      1.984
     48      0        0.234      2.049      1.973
     49      0        0.279      1.866      2.092
     50      0        0.281      1.897      2.079
     51      0        0.281      1.914      2.065
     52      0        0.294      1.951      2.007
     53      0        0.309      1.951      2.007
     54      0        0.279      1.936      2.045
     55      0        0.154      0.976      1.005
     56      0        0.235      1.989      2.020
     57      0        0.234      1.992      2.041
     58      0        0.268      1.968      2.018
     59      0        0.262      1.965      2.027
     60      0        0.237      1.997      2.040
     61      0        0.242      1.966      2.045
     62      0        0.275      1.954      2.026
     63      0        0.148      1.011      0.982
     64      0        0.299      2.007      1.966
     65      0        0.271      1.978      2.020
     66      0        0.260      2.019      1.977
     67      0        0.267      1.982      2.022
     68      0        0.263      2.021      1.991
     69      0        0.263      1.991      2.010
     70      0        0.294      1.969      1.990
     71      0        0.297      1.979      1.997
     72      0        0.290      2.008      1.959
     73      0        0.267      2.017      1.985
     74      0        0.267      1.981      2.013
     75      0        0.298      1.994      1.981
     76      0        0.262      1.983      2.002
     77      0        0.263      1.847      2.121
     78      0        0.255      2.034      1.979
     79      0        0.235      2.033      1.994
     80      0        0.258      2.005      1.991
     81      0        0.262      2.009      1.999
     82      0        0.117      1.016      1.003
     83      0        0.269      2.001      1.988
     84      0        0.266      2.000      1.980
     85      0        0.146      0.998      0.993
     86      0        0.289      1.974      1.993
     87      0        0.231      2.031      1.985
     88      0        0.266      2.009      1.990
     89      0        0.296      1.984      1.969
     90      0        0.291      1.983      1.978
     91      0        0.270      1.992      2.001
     92      0        0.236      2.023      2.004
     93      0        0.151      0.988      0.994
     94      0        0.237      2.036      1.993
     95      0        0.231      2.006      2.017
     96      0        0.257      2.001      1.991
     97      0        0.269      1.992      1.986
     98      0        0.240      2.021      2.004
     99      0        0.232      2.017      1.998
    100      0        0.237      1.999      2.025
    101      0        0.264      1.995      2.005
    102      0        0.261      2.003      1.999
    103      0        0.235      2.044      1.999
    104      0        0.254      1.993      2.008
    105      0        0.289      1.985      1.979
    106      0        0.139      0.993      0.987
    107      0        0.233      2.021      2.012
    108      0        0.264      1.995      2.007
    109      0        0.261      1.990      1.992
    110      0        0.232      2.010      2.025
    111      0        0.236      2.003      2.009
    112      0        0.234      2.013      2.018
    113      0        0.268      1.999      1.990
    114      0        0.257      1.994      1.992
    115      0        0.266      2.001      1.994
    116      0        0.266      1.985      1.992
    117      0        0.118      1.003      1.016
    118      0        0.260      2.006      1.992
    119      0        0.259      1.994      1.987
    120      0        0.231      2.014      2.003
    121      0        0.232      2.015      2.013
    122      0        0.256      1.993      1.991
    123      0        0.230      2.005      2.008
    124      0        0.264      1.997      2.001
    125      0        0.285      1.980      1.990
    126      0        0.271      1.958      2.006
    127      0        0.265      1.990      1.991
    128      0        0.253      1.986      1.987
    129      0        0.232      2.012      2.008
    130      0        0.256      1.998      1.996
    131      0        0.234      2.012      2.018
    132      0        0.264      2.011      1.985
    133      0        0.227      2.005      2.005
    134      0        0.115      1.009      1.001
    135      0        0.118      1.008      1.004
    136      0        0.232      2.014      2.004
    137      0        0.140      0.989      0.989
    138      0        0.114      0.997      0.998
    139      0        0.261      1.986      1.995
    140      0        0.232      1.995      2.008
    141      0        0.253      1.985      1.989
    142      0        0.231      2.004      2.000
    143      0        0.233      2.008      2.022
    144      0        0.264      1.995      2.002
    145      0        0.114      1.008      1.006
    146      0        0.234      2.003      2.000
    147      0        0.232      2.011      2.014
    148      0        0.261      1.994      2.004
    149      0        0.115      0.999      0.997
    150      0        0.237      2.007      2.018
    151      0        0.116      1.003      1.007
    152      0        0.257      1.990      1.994
    153      0        0.259      1.987      1.998

Optimization #3:
* Method          : lls
* Target function : energy
* No. of configs. : 101376
* No. of params.  : 592
* Before optimization:
  -2.3453E+01  -2.3461E+01  -2.3471E+01  -2.3460E+01  -2.3451E+01  -2.3443E+01
  -2.3452E+01  -2.3452E+01  -2.3446E+01   2.1862E+00   2.1895E+00   2.6139E+00
   1.9784E+00   1.5100E+00   1.6728E+00   2.0484E+00   1.8510E+00   1.8405E+00
   1.5586E+00   1.5477E+00   1.7219E+00   1.7166E+00   1.6573E+00   1.6532E+00
   1.4884E+00   1.4822E+00   2.1164E+00   2.1049E+00   1.9521E+00   1.9465E+00
   1.0750E+00   5.2920E-01   1.1498E+00   1.4449E+00   1.0631E+00   1.0621E+00
   1.0500E+00   1.0474E+00   1.3242E+00   1.4701E+00   1.4619E+00   1.6799E+00
   1.6703E+00   1.8668E+00   1.8594E+00   1.5097E+00   1.5058E+00   1.3063E+00
   1.3055E+00   1.0597E+00   1.0594E+00   1.4858E+00   1.4859E+00   1.0181E+00
   1.0112E+00   1.1955E+00   1.1954E+00   1.2694E+00   1.2678E+00   2.0051E+00
   1.9998E+00   1.2160E+00   1.2165E+00   1.1441E+00   1.1451E+00   1.4630E+00
   1.4620E+00   1.6515E+00   1.6516E+00   1.4885E+00   1.4870E+00   9.4997E-01
   6.8617E-01   6.8441E-01   7.2216E-01   7.2516E-01   1.1758E+00   1.1703E+00
   9.9097E-01   9.9095E-01   1.9297E+00   1.9313E+00   7.4859E-01   7.5182E-01
   8.3395E-01   8.3104E-01   4.9170E-01   4.8777E-01   9.0786E-01   9.0218E-01
   1.2087E+00   1.2063E+00   1.3621E+00   1.3700E+00   8.4085E-01   8.4192E-01
   1.1001E+00   1.1039E+00   9.4682E-01   9.4666E-01   8.8654E-01   8.8855E-01
   7.5634E-01   7.5261E-01   6.0183E-01   6.0255E-01   6.7113E-01   5.1958E-01
   5.2546E-01   6.6512E-01   6.6401E-01   1.3660E+00   1.3641E+00   7.0811E-01
   7.0780E-01   3.4307E-01   3.3853E-01   7.2603E-01   7.2528E-01   1.0121E+00
   1.0118E+00   7.0369E-01   7.9207E-01   7.9004E-01   2.3386E-01   2.3260E-01
   6.7354E-01   6.7597E-01   6.5773E-01   6.5554E-01   6.2765E-01   6.3353E-01
   4.8529E-01   4.8770E-01   4.6880E-01   4.6837E-01   4.9179E-01   4.9392E-01
   9.2132E-01   9.2547E-01   2.0864E-01   2.0766E-01   8.7855E-01   8.7321E-01
   5.0161E-01   5.0302E-01   7.2237E-01   7.2191E-01   1.4356E+00   1.4396E+00
   1.3970E+00   1.3934E+00   7.0134E-01   7.0499E-01   3.9220E-01   3.9321E-01
   6.7246E-02   6.9753E-02  -2.0328E-01   4.6089E-01   4.5864E-01   6.9695E-01
   6.9134E-01   3.7658E-01   2.7583E-01   2.7494E-01   5.9416E-01   5.9625E-01
   2.4787E-01   2.4650E-01   4.8200E-01   4.8407E-01   2.8230E-01   2.7901E-01
   5.1112E-01   5.1189E-01   3.8877E-01   3.8918E-01   3.7348E-01   7.5197E-01
   7.5249E-01   5.0898E-01   5.0642E-01  -1.2656E-01  -1.2710E-01   3.1636E-01
   3.1579E-01   7.0150E-01   7.0377E-01   5.4093E-01   5.4260E-01   7.1706E-01
   7.1908E-01   2.5130E-01   2.5040E-01   1.5461E-01   1.5370E-01   4.2494E-01
   4.2783E-01   4.0599E-01   4.0305E-01   1.9756E-01   1.9546E-01   4.2283E-02
   4.5908E-01   4.5791E-01   7.7749E-02   7.8657E-02   1.4328E-01   1.4678E-01
   3.6936E-01   3.6965E-01   2.5674E-01   2.6133E-01  -1.5563E-01  -1.5315E-01
   5.2041E-01   5.2095E-01  -6.4128E-03  -6.1925E-03   3.4955E-01   3.5343E-01
   3.3348E-01   3.3086E-01  -2.3201E-01   2.8670E-01   2.8918E-01   7.4554E-02
   7.4141E-02   2.7414E-01   2.7530E-01  -4.1066E-02  -4.3440E-02   1.4984E-01
   1.5416E-01  -2.4684E-01  -2.5061E-01   3.4542E-01   3.5039E-01   1.9375E-01
   1.9500E-01   1.3075E+00   1.3041E+00   1.4812E-01   1.5099E-01  -7.2955E-02
  -6.9664E-02   1.0260E-01   9.8326E-02  -1.2288E-01  -1.2023E-01  -1.6152E-01
  -1.6276E-01   8.9083E-01   8.8701E-01  -1.1952E-01  -1.1668E-01   2.6357E-01
  -3.5270E-02  -2.4864E-01  -2.5000E-01   3.8509E-02  -1.7479E-01   7.6105E-02
   8.0883E-02   4.0589E-02   3.9601E-02  -6.4917E-02  -6.3503E-02   4.5536E-02
   4.3651E-02   4.7327E-01   4.6709E-01   1.6053E-01   1.6084E-01  -5.0141E-02
  -1.1378E-01  -1.1102E-01   1.0262E-01   9.6373E-02   2.8360E-01   2.8647E-01
  -1.8025E-01  -3.9299E-02  -4.1470E-02   2.6335E-01   1.4796E-01   1.5127E-01
  -8.2244E-01  -1.2252E+00  -4.4170E+00   1.9321E+00  -6.3976E+00   4.4616E+00
  -2.5619E+00   1.0916E+00  -4.2941E+00   2.6554E+00  -2.5575E+00   5.4935E-01
  -8.3049E-01  -9.2109E-01   6.6139E-01  -2.1192E+00  -4.0470E+00   2.4182E+00
  -3.1976E+00   1.6299E+00   1.6487E+00  -3.0475E+00  -3.8724E-02  -1.9976E+00
  -2.8583E+00   9.8808E-01  -3.6483E+00   2.5677E+00   7.8172E+00  -8.3510E+00
   9.3632E-01  -2.0856E+00   2.7455E+00  -4.2032E+00   4.3202E+00  -5.4078E+00
   2.0246E+00  -3.0995E+00  -3.6969E+00   2.3479E+00   1.7974E+00  -3.2828E+00
   1.1772E-01  -1.8049E+00  -3.3272E+00   1.4705E+00  -4.2601E+00   2.7554E+00
  -5.1133E+00   3.8094E+00  -3.1885E+00   2.1325E+00  -2.6980E+00   1.2014E+00
   1.8040E+00  -2.8292E+00  -3.0583E+00   1.8483E+00  -3.9197E+00   2.6339E+00
  -3.4121E+00   1.3699E+00  -3.2712E+00   2.0239E+00   7.5928E-01  -1.9228E+00
  -5.1956E+00   3.7035E+00  -4.3375E+00   2.6549E+00  -7.5968E-01  -7.4690E-01
  -3.5374E+00   2.5899E+00   2.1838E+00  -2.8676E+00   4.4692E+00  -5.1888E+00
   1.9295E+00  -3.0970E+00  -4.7426E+00   3.7513E+00  -8.3027E-01  -1.1458E+00
   2.8960E+00  -3.6491E+00  -3.6791E+00   2.8446E+00   2.9015E+00  -3.3917E+00
  -1.4197E+00   5.1434E-01  -1.5898E+00   3.8043E-01  -1.5308E+00   1.6224E-01
   2.8570E+00  -3.6930E+00  -4.7940E+00   3.6951E+00  -3.7276E+00   2.7869E+00
  -2.9801E+00   2.0927E+00  -4.0139E+00   3.2608E+00   2.8531E+00  -3.4511E+00
  -3.8091E+00   3.1383E+00   5.5308E+00  -6.0533E+00  -1.0865E+00   4.2101E-01
  -5.0391E+00   3.6770E+00  -2.6786E+00   1.9712E+00   2.3749E+00  -2.7159E+00
   2.0509E+00  -2.7774E+00  -1.4645E+00   4.5658E-01  -3.8239E+00   3.1197E+00
  -4.0317E+00   3.2397E+00   2.2229E+00  -2.4529E+00  -2.6612E+00   1.9849E+00
  -4.5635E+00   3.9086E+00  -4.5509E+00   3.9189E+00  -3.8362E-01  -1.0073E-01
  -1.9503E+00   1.4840E+00  -4.6943E+00   4.2019E+00  -2.9958E+00   2.0730E+00
   2.2315E+00  -2.4397E+00  -3.8252E+00   2.9507E+00  -4.6982E+00   4.1962E+00
  -3.7090E-01  -3.5277E-01  -1.5664E+00   1.3099E-01  -5.0526E+00   3.6564E+00
   2.0652E+00  -2.7717E+00  -2.5109E+00   2.1173E+00   1.3269E+00  -1.3972E+00
   8.2489E+00  -8.0483E+00  -3.7386E-01  -8.6421E-02  -3.5891E-01  -3.3782E-01
  -5.6087E+00   5.2300E+00  -2.6642E+00   2.3886E+00   5.4976E+00  -6.0952E+00
  -1.0739E+00   8.2908E-01  -1.9567E+00   1.4738E+00  -2.6651E+00   2.3850E+00
  -2.8247E+00   2.3134E+00  -9.3463E-01   5.4239E-01  -5.6052E+00   5.2318E+00
  -1.1261E+00   3.7089E-01  -5.1496E-02  -4.5662E-01   3.3492E+00  -3.2216E+00
   6.5376E-01  -9.6705E-01  -3.5273E+00   2.8241E+00  -6.5548E-02  -4.7407E-01
  -3.5366E+00   2.8159E+00  -1.0782E+00   8.2562E-01  -1.9987E+00   1.8457E+00
   2.3393E+00  -2.7669E+00  -2.5142E+00   2.1131E+00  -3.5961E+00   3.3964E+00
  -1.5966E+00   1.5517E+00  -3.3974E+00   2.9390E+00   1.3261E+00  -1.4006E+00
  -7.6429E-02  -6.7682E-02  -9.2605E-01   5.5520E-01   7.9495E-02  -3.3848E-01
   4.9340E+00  -4.7844E+00  -2.8271E+00   2.3100E+00   4.5124E-03   3.2320E-03
  -3.5541E+00   3.2035E+00   6.4390E-01  -9.7760E-01   8.2597E+00  -8.0250E+00
  -4.4973E+00   4.2066E+00  -1.0115E+00   9.3921E-01   7.3114E-02  -3.4932E-01
   2.4508E+00  -2.4076E+00  -2.5081E+00   2.3551E+00   5.9321E+00  -5.6821E+00
  -3.5551E+00   3.2057E+00  -3.5947E+00   3.3996E+00  -1.6293E+00   3.2649E-01
  -7.4423E-02  -7.4574E-02   9.8029E-01  -9.0674E-01  -9.0674E-01   8.1042E-01
   3.3482E+00  -3.2247E+00   4.9397E+00  -4.7788E+00  -3.8306E+00   2.9436E+00
   2.5753E+00  -2.4619E+00  -3.4317E+00   3.1658E+00   1.5907E+00  -1.5547E+00
   5.9332E+00  -5.6851E+00  -1.5946E+00   1.5537E+00   3.5453E+00  -3.3745E+00
  -1.0120E+00   9.3652E-01   6.1184E-02  -9.8384E-02   9.7918E-01  -9.1350E-01
   5.9927E-02  -9.9489E-02  -3.4022E+00   2.9337E+00  -2.0025E+00   1.8446E+00
   1.6006E+00  -1.5502E+00   2.5783E+00  -2.4654E+00  -9.0542E-01   8.0356E-01
  -4.4979E+00   4.2096E+00   3.5487E+00  -3.3661E+00   2.4494E+00  -2.4113E+00
  -3.4348E+00   3.1687E+00  -2.5083E+00   2.3572E+00
  > E    =  -1.299159881024E+03 +/-   4.186994271020E-04
  > varE =   1.777214649886E-02
* Computing derivatives.
    [walltime: 2m33s elapsed, 6m50s remaining]
  Done. [total walltime: 9m19s]
* Optimizing manipulation constant:
  #igrid a___________ E____________________________________ varE____________
     1     Infinity    -1.29915988E+03 +/-   4.18699427E-04   1.77721465E-02
     2     1.0000E+06  -1.29915988E+03 +/-   4.18699418E-04   1.77721457E-02
     3     2.1544E+05  -1.29915988E+03 +/-   4.18699383E-04   1.77721427E-02
     4     4.6416E+04  -1.29915988E+03 +/-   4.18699221E-04   1.77721290E-02
     5     1.0000E+04  -1.29915988E+03 +/-   4.18698470E-04   1.77720653E-02
     6     2.1544E+03  -1.29915988E+03 +/-   4.18694985E-04   1.77717694E-02
     7     4.6416E+02  -1.29915988E+03 +/-   4.18678815E-04   1.77703968E-02
     8     1.0000E+02  -1.29915989E+03 +/-   4.18604003E-04   1.77640467E-02
     9     2.1544E+01  -1.29915990E+03 +/-   4.18338476E-04   1.77415178E-02
    10     4.6416E+00  -1.29915734E+03 +/-   4.45225893E-04   2.00953687E-02
    11     1.0000E+00  -1.29787399E+03 +/-   2.39045495E-03   5.79290331E-01
    12     2.1544E-01 (error)
    13     4.6416E-02   8.97581223E+06 +/-   4.72495221E+11   2.26323677E+28
    14     1.0000E-02   1.18825566E+08 +/-   5.21607552E+13   2.75818182E+32
    15     2.1544E-03   2.04823122E+08 +/-   1.41200185E+14   2.02118320E+33
    16     4.6416E-04   2.30192947E+08 +/-   1.74869547E+14   3.10001304E+33
    17     1.0000E-04   2.36051620E+08 +/-   1.83109559E+14   3.39904710E+33
    18     2.1544E-05   2.37332976E+08 +/-   1.84934811E+14   3.46714885E+33
    19     4.6416E-06   2.37609924E+08 +/-   1.85330402E+14   3.48199777E+33
    20     1.0000E-06   2.37669591E+08 +/-   1.85415681E+14   3.48520295E+33
    21     0.0000E+00   2.37686008E+08 +/-   1.85439147E+14   3.48608516E+33
  ParMin   4.5994E+01  -1.29915989E+03 +/-   4.18495738E-04   1.77548591E-02
  # Using grid point #9
* Iteration # 1: E =  -1.299159901384E+03 +/-   4.183384760993E-04
* Diminishing returns: exiting.
* After optimization:
  -2.3516E+01  -2.3524E+01  -2.3534E+01  -2.3522E+01  -2.3514E+01  -2.3505E+01
  -2.3515E+01  -2.3515E+01  -2.3509E+01   2.1663E+00   2.1696E+00   2.5843E+00
   2.0654E+00   1.8338E+00   1.5701E+00   2.0260E+00   1.8517E+00   1.8411E+00
   1.5586E+00   1.5478E+00   1.6768E+00   1.6714E+00   1.8255E+00   1.8214E+00
   1.3934E+00   1.3874E+00   2.0999E+00   2.0886E+00   2.0074E+00   2.0015E+00
   1.0878E+00   4.4150E-01   1.1730E+00   1.4341E+00   1.0307E+00   1.0300E+00
   1.0124E+00   1.0103E+00   1.3366E+00   1.4766E+00   1.4689E+00   1.6631E+00
   1.6540E+00   1.8407E+00   1.8335E+00   1.5416E+00   1.5379E+00   1.2987E+00
   1.2978E+00   1.1703E+00   1.1699E+00   1.5407E+00   1.5408E+00   9.2288E-01
   9.1618E-01   1.3636E+00   1.3637E+00   1.2247E+00   1.2230E+00   1.9789E+00
   1.9740E+00   1.3264E+00   1.3270E+00   1.1439E+00   1.1447E+00   1.4555E+00
   1.4544E+00   1.6835E+00   1.6837E+00   1.4890E+00   1.4874E+00   9.6261E-01
   6.4874E-01   6.4692E-01   6.8985E-01   6.9271E-01   1.1821E+00   1.1769E+00
   1.0408E+00   1.0409E+00   1.9095E+00   1.9111E+00   6.9351E-01   6.9653E-01
   7.8878E-01   7.8611E-01   6.0979E-01   6.0599E-01   8.6784E-01   8.6241E-01
   1.2469E+00   1.2444E+00   1.3592E+00   1.3670E+00   7.8578E-01   7.8674E-01
   1.1502E+00   1.1535E+00   9.0158E-01   9.0128E-01   8.2390E-01   8.2573E-01
   9.6171E-01   9.5815E-01   7.1982E-01   7.2045E-01   5.6816E-01   4.7058E-01
   4.7625E-01   6.8277E-01   6.8176E-01   1.3948E+00   1.3926E+00   7.0256E-01
   7.0228E-01   3.0550E-01   3.0102E-01   6.6727E-01   6.6645E-01   9.7222E-01
   9.7197E-01   6.0084E-01   9.9751E-01   9.9555E-01   1.3866E-01   1.3749E-01
   6.6836E-01   6.7059E-01   7.0748E-01   7.0536E-01   6.7764E-01   6.8307E-01
   6.5867E-01   6.6090E-01   6.1911E-01   6.1857E-01   4.8414E-01   4.8631E-01
   8.5852E-01   8.6244E-01   1.1319E-01   1.1229E-01   8.1171E-01   8.0674E-01
   4.9390E-01   4.9531E-01   6.6551E-01   6.6515E-01   1.4329E+00   1.4369E+00
   1.4258E+00   1.4220E+00   6.4273E-01   6.4619E-01   3.8690E-01   3.8794E-01
   6.7193E-02   6.9642E-02  -2.9084E-01   6.3383E-01   6.3176E-01   6.3989E-01
   6.3450E-01   4.6405E-01   2.1308E-01   2.1222E-01   5.4510E-01   5.4716E-01
   2.0796E-01   2.0666E-01   6.3220E-01   6.3402E-01   2.1922E-01   2.1621E-01
   6.5752E-01   6.5821E-01   4.0649E-01   4.0719E-01   4.6068E-01   7.6946E-01
   7.6984E-01   5.0965E-01   5.0726E-01  -1.8151E-01  -1.8202E-01   4.7243E-01
   4.7187E-01   6.9267E-01   6.9479E-01   5.4134E-01   5.4288E-01   7.0789E-01
   7.0970E-01   2.1152E-01   2.1065E-01   2.0977E-01   2.0893E-01   3.8740E-01
   3.9012E-01   4.0065E-01   3.9784E-01   2.2993E-01   2.2784E-01   1.9016E-02
   4.4962E-01   4.4844E-01   7.7756E-02   7.8654E-02   8.6262E-02   8.9671E-02
   3.8689E-01   3.8731E-01   2.5694E-01   2.6149E-01  -1.8770E-01  -1.8522E-01
   6.6665E-01   6.6722E-01  -6.6235E-03  -6.5538E-03   2.8313E-01   2.8671E-01
   4.8926E-01   4.8695E-01  -3.1948E-01   3.1518E-01   3.1747E-01   1.1278E-01
   1.1225E-01   2.7443E-01   2.7535E-01  -9.9745E-02  -1.0196E-01   1.2263E-01
   1.2684E-01  -2.9604E-01  -2.9966E-01   2.7897E-01   2.8361E-01   2.2603E-01
   2.2718E-01   1.3456E+00   1.3423E+00   9.1241E-02   9.3856E-02  -8.9980E-02
  -8.6940E-02   9.8462E-02   9.4482E-02  -1.7792E-01  -1.7531E-01  -1.9374E-01
  -1.9492E-01   8.2414E-01   8.2049E-01  -1.1371E-01  -1.1092E-01   2.3216E-01
  -1.2284E-02  -2.9768E-01  -2.9888E-01   1.5024E-02  -1.8569E-01   1.1414E-01
   1.1854E-01   1.9096E-02   1.8376E-02  -8.2528E-02  -8.1200E-02   2.4585E-02
   2.2654E-02   4.6353E-01   4.5790E-01   2.1578E-01   2.1602E-01  -2.7234E-02
  -1.0833E-01  -1.0553E-01   9.8584E-02   9.2482E-02   3.1222E-01   3.1508E-01
  -1.9181E-01  -9.8194E-02  -9.9999E-02   2.3242E-01   1.2103E-01   1.2406E-01
  -4.6832E-01  -1.5593E+00  -3.8997E+00   1.4443E+00  -7.8785E+00   5.8559E+00
  -8.0619E+00   6.2654E+00  -2.5449E+00   1.0091E+00  -2.1662E+00   1.8089E-01
  -8.3087E-01  -9.2164E-01   6.6476E-01  -2.1229E+00  -3.2750E+00   1.6917E+00
  -6.0480E+00   4.3131E+00   3.2674E+00  -4.5716E+00   2.5219E-01  -2.2720E+00
  -3.7949E+00   1.8690E+00  -3.8547E+00   2.7613E+00   9.3057E+00  -9.7517E+00
   5.4494E-01  -1.7178E+00   2.9365E+00  -4.3833E+00   4.8689E+00  -5.9247E+00
   2.6656E+00  -3.7036E+00  -3.9032E+00   2.5414E+00   1.6970E+00  -3.1891E+00
   4.0879E-01  -2.0791E+00  -2.8729E+00   1.0423E+00  -4.8051E+00   3.2683E+00
  -4.9795E+00   3.6832E+00  -5.0623E+00   3.8965E+00  -3.6337E+00   2.0828E+00
   3.4229E+00  -4.3529E+00  -5.9106E+00   4.5323E+00  -3.1483E+00   1.9079E+00
  -2.9582E+00   9.4140E-01  -5.1448E+00   3.7867E+00   7.6308E-01  -1.9261E+00
  -5.0619E+00   3.5772E+00  -4.8825E+00   3.1678E+00  -7.5994E-01  -7.4730E-01
  -3.7436E+00   2.7836E+00   2.8251E+00  -3.4714E+00   5.0177E+00  -5.7053E+00
   1.8290E+00  -3.0036E+00  -5.5865E+00   4.5448E+00  -4.7610E-01  -1.4798E+00
   3.8358E+00  -4.5340E+00  -2.9071E+00   2.1180E+00   8.9719E-01  -1.5056E+00
  -7.4074E-01  -1.2461E-01  -2.2350E+00   9.8748E-01  -1.4677E+00   1.0236E-01
   3.7971E+00  -4.5779E+00  -5.6375E+00   4.4894E+00  -2.9557E+00   2.0603E+00
  -1.9098E+00   1.0851E+00  -7.5044E+00   6.5445E+00   8.5001E-01  -1.5657E+00
  -2.0600E+00   1.4918E+00   6.3704E+00  -6.8442E+00  -1.3850E+00   7.0221E-01
  -5.5214E+00   4.1302E+00  -2.5859E+00   1.8839E+00   3.0162E+00  -3.3195E+00
   3.0542E+00  -3.7217E+00  -7.8566E-01  -1.8264E-01  -2.0744E+00   1.4728E+00
  -7.5211E+00   6.5226E+00   3.8425E+00  -3.9772E+00  -2.5686E+00   1.8976E+00
  -5.4076E+00   4.7028E+00  -5.3943E+00   4.7129E+00  -3.3281E+00   2.6699E+00
  -4.5038E+00   3.8854E+00  -4.5605E+00   4.0758E+00  -1.9256E+00   1.0654E+00
   3.8507E+00  -3.9634E+00  -2.6923E+00   1.8841E+00  -4.5643E+00   4.0703E+00
   5.9928E-01  -1.2655E+00  -1.5036E+00   7.1125E-02  -5.5347E+00   4.1097E+00
   3.0684E+00  -3.7162E+00  -2.4183E+00   2.0300E+00   1.3306E+00  -1.4005E+00
   9.7380E+00  -9.4491E+00  -3.3181E+00   2.6841E+00   6.1112E-01  -1.2510E+00
  -7.0899E+00   6.6245E+00  -1.5939E+00   1.3811E+00   6.3375E+00  -6.8862E+00
  -3.9506E-01   1.8990E-01  -4.5093E+00   3.8768E+00  -1.5952E+00   1.3776E+00
  -5.3148E+00   4.6570E+00  -1.2336E+00   8.2333E-01  -7.0874E+00   6.6275E+00
  -1.4245E+00   6.5204E-01  -5.9133E-02  -4.4938E-01   4.2887E+00  -4.1065E+00
  -1.9987E+00   1.5301E+00  -3.3719E+00   2.6774E+00  -7.3295E-02  -4.6691E-01
  -3.3808E+00   2.6695E+00  -3.9904E-01   1.8643E-01  -2.9354E+00   2.7271E+00
   2.9806E+00  -3.3703E+00  -2.4218E+00   2.0256E+00  -4.1413E+00   3.9096E+00
  -1.2052E+00   1.1836E+00  -3.2413E+00   2.7927E+00   1.3293E+00  -1.4042E+00
   8.9329E-01  -9.8073E-01  -1.2248E+00   8.3633E-01   7.2084E-02  -3.3131E-01
   5.4830E+00  -5.3008E+00  -5.3164E+00   4.6538E+00   4.4077E-03   3.1852E-03
  -2.4208E+00   2.1375E+00  -2.0083E+00   1.5203E+00   9.7488E+00  -9.4265E+00
  -4.9797E+00   4.6607E+00  -1.6571E+00   1.5465E+00   6.5722E-02  -3.4187E-01
   3.4530E+00  -3.3515E+00  -2.0535E+00   1.9279E+00   6.7715E+00  -6.4729E+00
  -2.4220E+00   2.1392E+00  -4.1400E+00   3.9126E+00  -2.2743E+00   9.3340E-01
   8.9596E-01  -9.8786E-01   1.2713E+00  -1.1808E+00  -8.4371E-01   7.5119E-01
   4.2879E+00  -4.1094E+00   5.4883E+00  -5.2951E+00  -2.6975E+00   1.8769E+00
   2.4754E+00  -2.3674E+00  -2.9137E+00   2.6794E+00   1.1994E+00  -1.1864E+00
   6.7725E+00  -6.4758E+00  -1.2029E+00   1.1862E+00   3.7366E+00  -3.5542E+00
  -1.6574E+00   1.5441E+00   4.1575E-01  -4.3161E-01   1.2704E+00  -1.1873E+00
   4.1387E-01  -4.3323E-01  -3.2467E+00   2.7873E+00  -2.9391E+00   2.7260E+00
   1.2093E+00  -1.1816E+00   2.4784E+00  -2.3708E+00  -8.4237E-01   7.4468E-01
  -4.9800E+00   4.6634E+00   3.7399E+00  -3.5461E+00   3.4524E+00  -3.3554E+00
  -2.9166E+00   2.6825E+00  -2.0539E+00   1.9299E+00
  > Energy =  -1.299159901384E+03 +/-   4.183384760993E-04
  > varE =   1.774151780139E-02

VMC #4:
* Size of Hilbert space =   5.4457E+18
* Number of equil. steps   = 1000
* Running VMC equilibration.
  Done. [total walltime: 0.10s]
* Equil. acc.ratio (%)     =  10.7591
* Sample config after equilibration:
  [draw: system geometry not defined]
* Number of accum. steps   = 506880 x 10
* Running VMC accumulation.
  Done. [total walltime: 13.2s]
* Acceptance ratio (%)     =  10.7223
* Etot/t                   =  -1.299160374855E+03 +/-   1.904632743503E-04
  > Ttot/t                 =  -1.396093673080E+02 +/-   1.206910781448E-03
  > Utot/t                 =   6.245434133269E+01 +/-   1.195629989326E-03
* var[Eloc/t]              =   1.789604571808E-02 +/-   9.665036723773E-05
* Correlation length       =   1.027473352988E+00
* log10 Psi^2 range: -183.3256136152026 -- -170.2083368558862
* log10 Pgen range : -183.3256136152026 -- -170.2083368558862
* Site occupation (ave. no. electrons per config.):
  > Site_  ___eu____  ___ed____
      1        0.499      0.496
      2        0.497      0.497
      3        0.500      0.497
      4        0.500      0.499
      5        0.495      0.500
      6        0.503      0.504
      7        0.504      0.503
      8        0.502      0.501
      9        0.501      0.499
     10        0.499      0.503
     11        0.498      0.498
     12        0.499      0.501
     13        0.496      0.497
     14        0.496      0.497
     15        0.497      0.498
     16        0.500      0.500
     17        0.502      0.505
     18        0.499      0.503
     19        0.503      0.499
     20        0.499      0.497
     21        0.503      0.502
     22        0.504      0.503
     23        0.496      0.504
     24        0.504      0.499
     25        0.504      0.501
     26        0.504      0.503
     27        0.504      0.499
     28        0.503      0.500
     29        0.504      0.503
     30        0.496      0.500
     31        0.500      0.498
     32        0.496      0.498
     33        0.497      0.498
     34        0.497      0.501
* Pair-correlation analysis (ave. no. pairs per config.):
  > Shell  nsite  ___dh____  __eueu___  __eued___
      0      1        0          0          6.096
      1      0        0.969      0.469      2.576
      2      0        0.227      0.795      1.049
      3      0        0.264      0.747      1.044
      4      0        0.141      0.365      0.518
      5      0        0.274      0.741      1.052
      6      0        0.253      0.769      1.040
      7      0        0.819      0.796      2.416
      8      0        0.735      0.971      2.342
      9      0        0.685      1.107      2.285
     10      0        0.633      1.225      2.214
     11      0        0.583      1.337      2.178
     12      0        0.452      1.590      2.056
     13      0        0.526      1.449      2.114
     14      0        0.151      0.809      1.154
     15      0        0.155      0.818      1.135
     16      0        0.152      0.833      1.112
     17      0        0.150      0.858      1.065
     18      0        0.238      2.085      1.929
     19      0        0.237      2.093      1.937
     20      0        0.120      1.048      0.967
     21      0        0.238      2.064      1.916
     22      0        0.249      2.031      1.960
     23      0        0.279      1.930      2.042
     24      0        0.305      1.912      2.029
     25      0        0.320      1.903      2.036
     26      0        0.325      1.893      2.043
     27      0        0.254      2.060      1.947
     28      0        0.261      2.089      1.937
     29      0        0.254      2.096      1.930
     30      0        0.259      2.118      1.917
     31      0        0.242      2.101      1.949
     32      0        0.293      2.069      1.934
     33      0        0.251      2.107      1.916
     34      0        0.288      2.068      1.939
     35      0        0.278      2.067      1.936
     36      0        0.250      2.106      1.913
     37      0        0.117      0.974      1.044
     38      0        0.232      1.959      2.078
     39      0        0.235      1.958      2.058
     40      0        0.236      1.955      2.025
     41      0        0.257      2.042      1.968
     42      0        0.218      2.119      1.924
     43      0        0.256      2.042      1.966
     44      0        0.263      2.052      1.971
     45      0        0.268      2.026      1.969
     46      0        0.267      2.022      1.979
     47      0        0.257      2.002      1.965
     48      0        0.233      2.053      1.974
     49      0        0.280      1.875      2.090
     50      0        0.277      1.895      2.074
     51      0        0.280      1.924      2.067
     52      0        0.297      1.962      2.014
     53      0        0.304      1.950      2.003
     54      0        0.274      1.936      2.043
     55      0        0.156      0.974      1.010
     56      0        0.233      1.983      2.012
     57      0        0.232      1.995      2.029
     58      0        0.264      1.971      2.027
     59      0        0.262      1.973      2.028
     60      0        0.234      1.996      2.039
     61      0        0.241      1.976      2.048
     62      0        0.277      1.954      2.027
     63      0        0.150      1.012      0.986
     64      0        0.297      2.003      1.961
     65      0        0.271      1.981      2.023
     66      0        0.256      2.019      1.993
     67      0        0.264      1.974      2.024
     68      0        0.263      2.018      1.983
     69      0        0.268      1.982      2.000
     70      0        0.295      1.975      1.993
     71      0        0.300      1.975      2.005
     72      0        0.289      2.021      1.974
     73      0        0.266      2.020      1.989
     74      0        0.269      1.997      2.014
     75      0        0.297      2.004      1.977
     76      0        0.266      1.975      1.996
     77      0        0.265      1.846      2.123
     78      0        0.259      2.029      1.983
     79      0        0.236      2.034      1.999
     80      0        0.254      2.012      2.001
     81      0        0.264      2.002      1.992
     82      0        0.117      1.012      1.004
     83      0        0.269      1.997      1.985
     84      0        0.263      1.994      1.983
     85      0        0.147      0.994      0.989
     86      0        0.292      1.990      1.997
     87      0        0.234      2.016      1.981
     88      0        0.266      2.001      1.999
     89      0        0.293      1.991      1.980
     90      0        0.297      1.993      1.988
     91      0        0.262      1.996      2.011
     92      0        0.233      2.017      2.008
     93      0        0.148      0.987      0.994
     94      0        0.234      2.031      1.992
     95      0        0.232      1.994      2.005
     96      0        0.260      2.000      2.003
     97      0        0.265      1.983      1.974
     98      0        0.232      2.023      2.017
     99      0        0.230      2.010      1.992
    100      0        0.236      2.009      2.026
    101      0        0.269      1.996      1.998
    102      0        0.261      1.993      1.994
    103      0        0.233      2.042      1.992
    104      0        0.258      1.998      2.011
    105      0        0.284      1.991      1.988
    106      0        0.143      0.992      0.997
    107      0        0.234      2.025      2.014
    108      0        0.262      1.994      2.006
    109      0        0.266      1.986      1.987
    110      0        0.235      2.006      2.013
    111      0        0.231      1.995      2.007
    112      0        0.232      2.008      2.014
    113      0        0.269      2.000      1.996
    114      0        0.257      1.997      1.998
    115      0        0.269      2.004      2.004
    116      0        0.265      1.979      1.979
    117      0        0.116      1.005      1.012
    118      0        0.261      2.000      2.005
    119      0        0.259      1.985      1.978
    120      0        0.233      2.001      1.995
    121      0        0.234      2.024      2.012
    122      0        0.254      2.003      2.009
    123      0        0.233      1.991      2.005
    124      0        0.264      2.008      2.011
    125      0        0.289      1.984      1.986
    126      0        0.267      1.954      1.999
    127      0        0.263      1.991      1.988
    128      0        0.257      1.985      1.984
    129      0        0.236      2.004      2.015
    130      0        0.260      2.001      2.000
    131      0        0.234      2.014      2.007
    132      0        0.265      2.021      1.999
    133      0        0.230      1.997      1.992
    134      0        0.119      1.006      1.011
    135      0        0.120      0.996      1.003
    136      0        0.230      2.002      1.999
    137      0        0.141      0.994      0.996
    138      0        0.113      0.990      0.993
    139      0        0.261      1.978      1.982
    140      0        0.232      2.006      1.999
    141      0        0.254      1.989      1.983
    142      0        0.232      2.001      1.996
    143      0        0.231      2.018      2.027
    144      0        0.262      1.996      1.993
    145      0        0.116      1.004      1.001
    146      0        0.231      1.990      1.995
    147      0        0.232      2.018      2.007
    148      0        0.260      2.003      2.003
    149      0        0.117      0.987      0.990
    150      0        0.233      2.017      2.019
    151      0        0.114      1.011      1.014
    152      0        0.254      2.009      2.007
    153      0        0.258      2.002      1.993

Optimization #4:
* Method          : lls
* Target function : energy
* No. of configs. : 101376
* No. of params.  : 592
* Before optimization:
  -2.3516E+01  -2.3524E+01  -2.3534E+01  -2.3522E+01  -2.3514E+01  -2.3505E+01
  -2.3515E+01  -2.3515E+01  -2.3509E+01   2.1663E+00   2.1696E+00   2.5843E+00
   2.0654E+00   1.8338E+00   1.5701E+00   2.0260E+00   1.8517E+00   1.8411E+00
   1.5586E+00   1.5478E+00   1.6768E+00   1.6714E+00   1.8255E+00   1.8214E+00
   1.3934E+00   1.3874E+00   2.0999E+00   2.0886E+00   2.0074E+00   2.0015E+00
   1.0878E+00   4.4150E-01   1.1730E+00   1.4341E+00   1.0307E+00   1.0300E+00
   1.0124E+00   1.0103E+00   1.3366E+00   1.4766E+00   1.4689E+00   1.6631E+00
   1.6540E+00   1.8407E+00   1.8335E+00   1.5416E+00   1.5379E+00   1.2987E+00
   1.2978E+00   1.1703E+00   1.1699E+00   1.5407E+00   1.5408E+00   9.2288E-01
   9.1618E-01   1.3636E+00   1.3637E+00   1.2247E+00   1.2230E+00   1.9789E+00
   1.9740E+00   1.3264E+00   1.3270E+00   1.1439E+00   1.1447E+00   1.4555E+00
   1.4544E+00   1.6835E+00   1.6837E+00   1.4890E+00   1.4874E+00   9.6261E-01
   6.4874E-01   6.4692E-01   6.8985E-01   6.9271E-01   1.1821E+00   1.1769E+00
   1.0408E+00   1.0409E+00   1.9095E+00   1.9111E+00   6.9351E-01   6.9653E-01
   7.8878E-01   7.8611E-01   6.0979E-01   6.0599E-01   8.6784E-01   8.6241E-01
   1.2469E+00   1.2444E+00   1.3592E+00   1.3670E+00   7.8578E-01   7.8674E-01
   1.1502E+00   1.1535E+00   9.0158E-01   9.0128E-01   8.2390E-01   8.2573E-01
   9.6171E-01   9.5815E-01   7.1982E-01   7.2045E-01   5.6816E-01   4.7058E-01
   4.7625E-01   6.8277E-01   6.8176E-01   1.3948E+00   1.3926E+00   7.0256E-01
   7.0228E-01   3.0550E-01   3.0102E-01   6.6727E-01   6.6645E-01   9.7222E-01
   9.7197E-01   6.0084E-01   9.9751E-01   9.9555E-01   1.3866E-01   1.3749E-01
   6.6836E-01   6.7059E-01   7.0748E-01   7.0536E-01   6.7764E-01   6.8307E-01
   6.5867E-01   6.6090E-01   6.1911E-01   6.1857E-01   4.8414E-01   4.8631E-01
   8.5852E-01   8.6244E-01   1.1319E-01   1.1229E-01   8.1171E-01   8.0674E-01
   4.9390E-01   4.9531E-01   6.6551E-01   6.6515E-01   1.4329E+00   1.4369E+00
   1.4258E+00   1.4220E+00   6.4273E-01   6.4619E-01   3.8690E-01   3.8794E-01
   6.7193E-02   6.9642E-02  -2.9084E-01   6.3383E-01   6.3176E-01   6.3989E-01
   6.3450E-01   4.6405E-01   2.1308E-01   2.1222E-01   5.4510E-01   5.4716E-01
   2.0796E-01   2.0666E-01   6.3220E-01   6.3402E-01   2.1922E-01   2.1621E-01
   6.5752E-01   6.5821E-01   4.0649E-01   4.0719E-01   4.6068E-01   7.6946E-01
   7.6984E-01   5.0965E-01   5.0726E-01  -1.8151E-01  -1.8202E-01   4.7243E-01
   4.7187E-01   6.9267E-01   6.9479E-01   5.4134E-01   5.4288E-01   7.0789E-01
   7.0970E-01   2.1152E-01   2.1065E-01   2.0977E-01   2.0893E-01   3.8740E-01
   3.9012E-01   4.0065E-01   3.9784E-01   2.2993E-01   2.2784E-01   1.9016E-02
   4.4962E-01   4.4844E-01   7.7756E-02   7.8654E-02   8.6262E-02   8.9671E-02
   3.8689E-01   3.8731E-01   2.5694E-01   2.6149E-01  -1.8770E-01  -1.8522E-01
   6.6665E-01   6.6722E-01  -6.6235E-03  -6.5538E-03   2.8313E-01   2.8671E-01
   4.8926E-01   4.8695E-01  -3.1948E-01   3.1518E-01   3.1747E-01   1.1278E-01
   1.1225E-01   2.7443E-01   2.7535E-01  -9.9745E-02  -1.0196E-01   1.2263E-01
   1.2684E-01  -2.9604E-01  -2.9966E-01   2.7897E-01   2.8361E-01   2.2603E-01
   2.2718E-01   1.3456E+00   1.3423E+00   9.1241E-02   9.3856E-02  -8.9980E-02
  -8.6940E-02   9.8462E-02   9.4482E-02  -1.7792E-01  -1.7531E-01  -1.9374E-01
  -1.9492E-01   8.2414E-01   8.2049E-01  -1.1371E-01  -1.1092E-01   2.3216E-01
  -1.2284E-02  -2.9768E-01  -2.9888E-01   1.5024E-02  -1.8569E-01   1.1414E-01
   1.1854E-01   1.9096E-02   1.8376E-02  -8.2528E-02  -8.1200E-02   2.4585E-02
   2.2654E-02   4.6353E-01   4.5790E-01   2.1578E-01   2.1602E-01  -2.7234E-02
  -1.0833E-01  -1.0553E-01   9.8584E-02   9.2482E-02   3.1222E-01   3.1508E-01
  -1.9181E-01  -9.8194E-02  -9.9999E-02   2.3242E-01   1.2103E-01   1.2406E-01
  -4.6832E-01  -1.5593E+00  -3.8997E+00   1.4443E+00  -7.8785E+00   5.8559E+00
  -8.0619E+00   6.2654E+00  -2.5449E+00   1.0091E+00  -2.1662E+00   1.8089E-01
  -8.3087E-01  -9.2164E-01   6.6476E-01  -2.1229E+00  -3.2750E+00   1.6917E+00
  -6.0480E+00   4.3131E+00   3.2674E+00  -4.5716E+00   2.5219E-01  -2.2720E+00
  -3.7949E+00   1.8690E+00  -3.8547E+00   2.7613E+00   9.3057E+00  -9.7517E+00
   5.4494E-01  -1.7178E+00   2.9365E+00  -4.3833E+00   4.8689E+00  -5.9247E+00
   2.6656E+00  -3.7036E+00  -3.9032E+00   2.5414E+00   1.6970E+00  -3.1891E+00
   4.0879E-01  -2.0791E+00  -2.8729E+00   1.0423E+00  -4.8051E+00   3.2683E+00
  -4.9795E+00   3.6832E+00  -5.0623E+00   3.8965E+00  -3.6337E+00   2.0828E+00
   3.4229E+00  -4.3529E+00  -5.9106E+00   4.5323E+00  -3.1483E+00   1.9079E+00
  -2.9582E+00   9.4140E-01  -5.1448E+00   3.7867E+00   7.6308E-01  -1.9261E+00
  -5.0619E+00   3.5772E+00  -4.8825E+00   3.1678E+00  -7.5994E-01  -7.4730E-01
  -3.7436E+00   2.7836E+00   2.8251E+00  -3.4714E+00   5.0177E+00  -5.7053E+00
   1.8290E+00  -3.0036E+00  -5.5865E+00   4.5448E+00  -4.7610E-01  -1.4798E+00
   3.8358E+00  -4.5340E+00  -2.9071E+00   2.1180E+00   8.9719E-01  -1.5056E+00
  -7.4074E-01  -1.2461E-01  -2.2350E+00   9.8748E-01  -1.4677E+00   1.0236E-01
   3.7971E+00  -4.5779E+00  -5.6375E+00   4.4894E+00  -2.9557E+00   2.0603E+00
  -1.9098E+00   1.0851E+00  -7.5044E+00   6.5445E+00   8.5001E-01  -1.5657E+00
  -2.0600E+00   1.4918E+00   6.3704E+00  -6.8442E+00  -1.3850E+00   7.0221E-01
  -5.5214E+00   4.1302E+00  -2.5859E+00   1.8839E+00   3.0162E+00  -3.3195E+00
   3.0542E+00  -3.7217E+00  -7.8566E-01  -1.8264E-01  -2.0744E+00   1.4728E+00
  -7.5211E+00   6.5226E+00   3.8425E+00  -3.9772E+00  -2.5686E+00   1.8976E+00
  -5.4076E+00   4.7028E+00  -5.3943E+00   4.7129E+00  -3.3281E+00   2.6699E+00
  -4.5038E+00   3.8854E+00  -4.5605E+00   4.0758E+00  -1.9256E+00   1.0654E+00
   3.8507E+00  -3.9634E+00  -2.6923E+00   1.8841E+00  -4.5643E+00   4.0703E+00
   5.9928E-01  -1.2655E+00  -1.5036E+00   7.1125E-02  -5.5347E+00   4.1097E+00
   3.0684E+00  -3.7162E+00  -2.4183E+00   2.0300E+00   1.3306E+00  -1.4005E+00
   9.7380E+00  -9.4491E+00  -3.3181E+00   2.6841E+00   6.1112E-01  -1.2510E+00
  -7.0899E+00   6.6245E+00  -1.5939E+00   1.3811E+00   6.3375E+00  -6.8862E+00
  -3.9506E-01   1.8990E-01  -4.5093E+00   3.8768E+00  -1.5952E+00   1.3776E+00
  -5.3148E+00   4.6570E+00  -1.2336E+00   8.2333E-01  -7.0874E+00   6.6275E+00
  -1.4245E+00   6.5204E-01  -5.9133E-02  -4.4938E-01   4.2887E+00  -4.1065E+00
  -1.9987E+00   1.5301E+00  -3.3719E+00   2.6774E+00  -7.3295E-02  -4.6691E-01
  -3.3808E+00   2.6695E+00  -3.9904E-01   1.8643E-01  -2.9354E+00   2.7271E+00
   2.9806E+00  -3.3703E+00  -2.4218E+00   2.0256E+00  -4.1413E+00   3.9096E+00
  -1.2052E+00   1.1836E+00  -3.2413E+00   2.7927E+00   1.3293E+00  -1.4042E+00
   8.9329E-01  -9.8073E-01  -1.2248E+00   8.3633E-01   7.2084E-02  -3.3131E-01
   5.4830E+00  -5.3008E+00  -5.3164E+00   4.6538E+00   4.4077E-03   3.1852E-03
  -2.4208E+00   2.1375E+00  -2.0083E+00   1.5203E+00   9.7488E+00  -9.4265E+00
  -4.9797E+00   4.6607E+00  -1.6571E+00   1.5465E+00   6.5722E-02  -3.4187E-01
   3.4530E+00  -3.3515E+00  -2.0535E+00   1.9279E+00   6.7715E+00  -6.4729E+00
  -2.4220E+00   2.1392E+00  -4.1400E+00   3.9126E+00  -2.2743E+00   9.3340E-01
   8.9596E-01  -9.8786E-01   1.2713E+00  -1.1808E+00  -8.4371E-01   7.5119E-01
   4.2879E+00  -4.1094E+00   5.4883E+00  -5.2951E+00  -2.6975E+00   1.8769E+00
   2.4754E+00  -2.3674E+00  -2.9137E+00   2.6794E+00   1.1994E+00  -1.1864E+00
   6.7725E+00  -6.4758E+00  -1.2029E+00   1.1862E+00   3.7366E+00  -3.5542E+00
  -1.6574E+00   1.5441E+00   4.1575E-01  -4.3161E-01   1.2704E+00  -1.1873E+00
   4.1387E-01  -4.3323E-01  -3.2467E+00   2.7873E+00  -2.9391E+00   2.7260E+00
   1.2093E+00  -1.1816E+00   2.4784E+00  -2.3708E+00  -8.4237E-01   7.4468E-01
  -4.9800E+00   4.6634E+00   3.7399E+00  -3.5461E+00   3.4524E+00  -3.3554E+00
  -2.9166E+00   2.6825E+00  -2.0539E+00   1.9299E+00
  > E    =  -1.299159926131E+03 +/-   4.175704414017E-04
  > varE =   1.767643369442E-02
* Computing derivatives.
    [walltime: 2m33s elapsed, 6m50s remaining]
  Done. [total walltime: 9m20s]
* Optimizing manipulation constant:
  #igrid a___________ E____________________________________ varE____________
     1     Infinity    -1.29915993E+03 +/-   4.17570441E-04   1.76764337E-02
     2     1.0000E+06  -1.29915993E+03 +/-   4.17570433E-04   1.76764330E-02
     3     2.1544E+05  -1.29915993E+03 +/-   4.17570403E-04   1.76764304E-02
     4     4.6416E+04  -1.29915993E+03 +/-   4.17570262E-04   1.76764185E-02
     5     1.0000E+04  -1.29915993E+03 +/-   4.17569608E-04   1.76763632E-02
     6     2.1544E+03  -1.29915993E+03 +/-   4.17566576E-04   1.76761064E-02
     7     4.6416E+02  -1.29915993E+03 +/-   4.17552538E-04   1.76749180E-02
     8     1.0000E+02  -1.29915993E+03 +/-   4.17488146E-04   1.76694670E-02
     9     2.1544E+01  -1.29915996E+03 +/-   4.17204178E-04   1.76454382E-02
    10     4.6416E+00  -1.29916005E+03 +/-   4.16097735E-04   1.75519694E-02
    11     1.0000E+00  -1.29916015E+03 +/-   4.12574790E-04   1.72560156E-02
    12     2.1544E-01  -1.29904608E+03 +/-   9.36997558E-04   8.90045215E-02
    13     4.6416E-02 (error)
    14     1.0000E-02 (error)
    15     2.1544E-03 (error)
    16     4.6416E-04 (error)
    17     1.0000E-04 (error)
    18     2.1544E-05 (error)
    19     4.6416E-06 (error)
    20     1.0000E-06 (error)
    21     0.0000E+00 (error)
  ParMin   2.1513E+00  -1.29916013E+03 +/-   4.14761092E-04   1.74393852E-02
  # Using grid point #11
* Iteration # 1: E =  -1.299160146404E+03 +/-   4.125747896601E-04
* Computing derivatives.
    [walltime: 2m34s elapsed, 6m51s remaining]
  Done. [total walltime: 9m20s]
* Optimizing manipulation constant:
  #igrid a___________ E____________________________________ varE____________
     1     Infinity    -1.29916015E+03 +/-   4.12574790E-04   1.72560156E-02
     2     1.0000E+06  -1.29916015E+03 +/-   4.12574788E-04   1.72560154E-02
     3     2.1544E+05  -1.29916015E+03 +/-   4.12574780E-04   1.72560148E-02
     4     4.6416E+04  -1.29916015E+03 +/-   4.12574744E-04   1.72560118E-02
     5     1.0000E+04  -1.29916015E+03 +/-   4.12574576E-04   1.72559977E-02
     6     2.1544E+03  -1.29916015E+03 +/-   4.12573799E-04   1.72559327E-02
     7     4.6416E+02  -1.29916015E+03 +/-   4.12570209E-04   1.72556325E-02
     8     1.0000E+02  -1.29916015E+03 +/-   4.12553947E-04   1.72542721E-02
     9     2.1544E+01  -1.29916016E+03 +/-   4.12486349E-04   1.72486183E-02
    10     4.6416E+00  -1.29916020E+03 +/-   4.12294148E-04   1.72325478E-02
    11     1.0000E+00  -1.29916030E+03 +/-   4.12263145E-04   1.72299563E-02
    12     2.1544E-01  -1.29916037E+03 +/-   4.13006067E-04   1.72921110E-02
    13     4.6416E-02  -1.29916038E+03 +/-   4.13722648E-04   1.73521679E-02
    14     1.0000E-02  -1.29916038E+03 +/-   4.13981869E-04   1.73739190E-02
    15     2.1544E-03  -1.29916038E+03 +/-   4.14045968E-04   1.73792997E-02
    16     4.6416E-04  -1.29916038E+03 +/-   4.14060221E-04   1.73804961E-02
    17     1.0000E-04  -1.29916038E+03 +/-   4.14063312E-04   1.73807557E-02
    18     2.1544E-05  -1.29916038E+03 +/-   4.14063979E-04   1.73808117E-02
    19     4.6416E-06  -1.29916038E+03 +/-   4.14064123E-04   1.73808238E-02
    20     1.0000E-06  -1.29916038E+03 +/-   4.14064154E-04   1.73808264E-02
    21     0.0000E+00  -1.29916038E+03 +/-   4.14064163E-04   1.73808271E-02
* Iteration # 2: E =  -1.299160377455E+03 +/-   4.137226475363E-04
* Computing derivatives.
    [walltime: 2m34s elapsed, 6m51s remaining]
  Done. [total walltime: 9m20s]
* Optimizing manipulation constant:
  #igrid a___________ E____________________________________ varE____________
     1     Infinity    -1.29916038E+03 +/-   4.13722648E-04   1.73521679E-02
     2     1.0000E+06  -1.29916038E+03 +/-   4.13722648E-04   1.73521679E-02
     3     2.1544E+05  -1.29916038E+03 +/-   4.13722648E-04   1.73521680E-02
     4     4.6416E+04  -1.29916038E+03 +/-   4.13722652E-04   1.73521682E-02
     5     1.0000E+04  -1.29916038E+03 +/-   4.13722666E-04   1.73521695E-02
     6     2.1544E+03  -1.29916038E+03 +/-   4.13722733E-04   1.73521751E-02
     7     4.6416E+02  -1.29916038E+03 +/-   4.13723045E-04   1.73522013E-02
     8     1.0000E+02  -1.29916038E+03 +/-   4.13724484E-04   1.73523220E-02
     9     2.1544E+01  -1.29916038E+03 +/-   4.13730993E-04   1.73528680E-02
    10     4.6416E+00  -1.29916038E+03 +/-   4.13757980E-04   1.73551318E-02
    11     1.0000E+00  -1.29916037E+03 +/-   4.13840874E-04   1.73620865E-02
    12     2.1544E-01  -1.29916037E+03 +/-   4.13971296E-04   1.73730316E-02
    13     4.6416E-02  -1.29916037E+03 +/-   4.14057179E-04   1.73802408E-02
    14     1.0000E-02  -1.29916037E+03 +/-   4.14085778E-04   1.73826418E-02
    15     2.1544E-03  -1.29916037E+03 +/-   4.14092729E-04   1.73832254E-02
    16     4.6416E-04  -1.29916037E+03 +/-   4.14094269E-04   1.73833547E-02
    17     1.0000E-04  -1.29916037E+03 +/-   4.14094603E-04   1.73833827E-02
    18     2.1544E-05  -1.29916037E+03 +/-   4.14094675E-04   1.73833887E-02
    19     4.6416E-06  -1.29916037E+03 +/-   4.14094690E-04   1.73833900E-02
    20     1.0000E-06  -1.29916037E+03 +/-   4.14094693E-04   1.73833903E-02
    21     0.0000E+00  -1.29916037E+03 +/-   4.14094694E-04   1.73833904E-02
* Iteration # 3: E =  -1.299160377455E+03 +/-   4.137226475363E-04
* Convergence: exiting.
* After optimization:
  -2.4504E+01  -2.4497E+01  -2.4516E+01  -2.4502E+01  -2.4489E+01  -2.4484E+01
  -2.4493E+01  -2.4499E+01  -2.4478E+01   2.2653E+00   2.2722E+00   2.6029E+00
   2.0422E+00   1.7330E+00   1.4997E+00   2.1064E+00   1.8718E+00   1.8618E+00
   1.5099E+00   1.5028E+00   1.7951E+00   1.7895E+00   1.9446E+00   1.9357E+00
   1.3193E+00   1.3075E+00   2.2417E+00   2.2348E+00   1.9673E+00   1.9654E+00
   1.4087E+00   3.6688E-01   1.1230E+00   1.6209E+00   9.7331E-01   9.7246E-01
   1.1357E+00   1.1355E+00   1.6597E+00   1.5543E+00   1.5561E+00   1.7953E+00
   1.7958E+00   1.8796E+00   1.8835E+00   1.5760E+00   1.5750E+00   1.2580E+00
   1.2607E+00   1.0924E+00   1.0902E+00   1.5062E+00   1.5043E+00   8.5112E-01
   8.4418E-01   1.4735E+00   1.4731E+00   1.3542E+00   1.3532E+00   2.0252E+00
   2.0296E+00   1.2475E+00   1.2503E+00   1.0972E+00   1.0962E+00   1.4138E+00
   1.4146E+00   1.7170E+00   1.7227E+00   1.5063E+00   1.5004E+00   1.2824E+00
   7.7596E-01   7.7564E-01   6.3077E-01   6.3028E-01   1.2488E+00   1.2523E+00
   1.1949E+00   1.1962E+00   2.0140E+00   2.0120E+00   7.0793E-01   7.0628E-01
   9.1507E-01   9.1289E-01   5.3351E-01   5.3567E-01   8.1490E-01   8.1269E-01
   1.3456E+00   1.3411E+00   1.3459E+00   1.3456E+00   8.0062E-01   7.9814E-01
   1.3012E+00   1.3028E+00   1.0237E+00   1.0230E+00   8.4251E-01   8.4613E-01
   9.0645E-01   9.0775E-01   6.4644E-01   6.4375E-01   4.9486E-01   5.3950E-01
   5.4195E-01   8.2238E-01   8.2343E-01   1.4015E+00   1.3991E+00   9.0293E-01
   9.0255E-01   4.3159E-01   4.3161E-01   6.3988E-01   6.4121E-01   9.1738E-01
   9.1742E-01   5.2632E-01   9.4522E-01   9.4366E-01   7.2163E-02   7.3400E-02
   8.8148E-01   8.8251E-01   8.6866E-01   8.7024E-01   8.3938E-01   8.3733E-01
   5.9009E-01   5.8826E-01   6.2269E-01   6.2100E-01   4.4696E-01   4.4538E-01
   8.7548E-01   8.7442E-01   4.2363E-02   4.3102E-02   7.8943E-01   7.8807E-01
   4.6090E-01   4.5908E-01   7.3646E-01   7.3047E-01   1.4292E+00   1.4301E+00
   1.4333E+00   1.4338E+00   6.1865E-01   6.2501E-01   5.9267E-01   5.9260E-01
   4.0236E-02   3.8732E-02  -3.4587E-01   5.6219E-01   5.6034E-01   7.0732E-01
   7.0561E-01   4.6619E-01   2.2491E-01   2.2487E-01   6.1498E-01   6.1530E-01
   1.4425E-01   1.4786E-01   6.2692E-01   6.2896E-01   2.2895E-01   2.3130E-01
   6.3371E-01   6.2876E-01   5.4711E-01   5.4501E-01   4.6267E-01   9.0550E-01
   9.0699E-01   7.7928E-01   7.7933E-01  -1.6057E-01  -1.6074E-01   5.3588E-01
   5.3485E-01   8.6924E-01   8.7360E-01   8.0022E-01   7.9638E-01   8.7156E-01
   8.7417E-01   1.6020E-01   1.6218E-01   1.8628E-01   1.8415E-01   5.2330E-01
   5.2407E-01   5.9920E-01   6.0198E-01   2.7271E-01   2.7165E-01   9.3545E-02
   6.2420E-01   6.2864E-01   5.3616E-02   5.5780E-02   1.5806E-01   1.5486E-01
   5.2161E-01   5.1953E-01   5.2122E-01   5.1788E-01  -2.4141E-01  -2.3901E-01
   6.3478E-01   6.2712E-01   2.9804E-03   1.3824E-03   2.6503E-01   2.6623E-01
   5.3962E-01   5.3563E-01  -3.8179E-01   3.2076E-01   3.1963E-01   2.1441E-01
   2.1204E-01   5.2654E-01   5.2380E-01  -1.1560E-01  -1.0969E-01   1.6301E-01
   1.5946E-01  -2.1599E-01  -2.1909E-01   2.6543E-01   2.6251E-01   2.7395E-01
   2.7321E-01   1.4416E+00   1.4423E+00   1.6273E-01   1.6223E-01   5.3032E-02
   5.2624E-02   6.2764E-02   6.5198E-02  -1.5873E-01  -1.6006E-01  -2.4554E-01
  -2.4781E-01   7.9638E-01   7.9554E-01  -4.5740E-02  -4.8313E-02   2.2451E-01
  -1.0476E-01  -2.1820E-01  -2.1890E-01   1.0114E-01   9.1632E-03   2.1774E-01
   2.1677E-01   1.1443E-01   1.1408E-01   4.7721E-02   5.0384E-02   1.1852E-01
   1.1885E-01   6.2297E-01   6.2514E-01   1.8240E-01   1.8044E-01  -9.3714E-02
  -4.5837E-02  -4.8110E-02   6.5107E-02   6.1294E-02   3.2313E-01   3.2266E-01
   2.1131E-03  -1.1588E-01  -1.1462E-01   2.2589E-01   1.6475E-01   1.6196E-01
  -2.0257E+00  -9.1946E-02  -3.9077E+00   1.4361E+00  -7.5412E+00   5.5374E+00
  -6.3086E+00   4.6124E+00  -1.2059E+00  -2.5892E-01  -3.3864E+00   1.3225E+00
  -8.6619E-01  -9.0867E-01   1.4561E+00  -2.8656E+00  -5.2226E+00   3.5226E+00
  -7.8040E+00   5.9537E+00   4.5607E+00  -5.7888E+00  -1.9285E+00  -2.3346E-01
  -3.0394E+00   1.1546E+00  -9.1067E+00   7.6928E+00   1.0551E+01  -1.0920E+01
   1.7110E+00  -2.8359E+00  -1.8907E-01  -1.4424E+00   6.0758E+00  -7.0755E+00
   6.6898E-01  -1.8331E+00  -9.1547E+00   7.4695E+00   7.0245E-01  -2.2827E+00
  -1.7695E+00  -3.8893E-02  -3.4853E+00   1.6116E+00  -5.2523E+00   3.6810E+00
  -4.1466E+00   2.8897E+00  -3.5176E+00   2.4304E+00  -2.8838E+00   1.3639E+00
   4.7142E+00  -5.5702E+00  -7.6582E+00   6.1737E+00  -5.1037E+00   3.7368E+00
  -3.5770E+00   1.5062E+00  -3.6009E+00   2.3208E+00   1.5553E+00  -2.6710E+00
  -4.2265E+00   2.7841E+00  -5.3334E+00   3.5797E+00  -7.9088E-01  -7.3388E-01
  -8.9979E+00   7.7144E+00   8.2337E-01  -1.5958E+00   6.2242E+00  -6.8524E+00
   8.4416E-01  -2.0894E+00  -8.0428E+00   6.8489E+00  -2.0443E+00  -1.7016E-02
   3.8454E+00  -4.5565E+00  -4.8608E+00   3.9480E+00   2.3937E+00  -2.9308E+00
   5.0782E-01  -1.3228E+00  -3.6412E+00   2.2976E+00  -8.9043E-01  -4.5940E-01
   3.8063E+00  -4.5974E+00  -8.0896E+00   6.7904E+00  -4.9031E+00   3.8862E+00
  -1.8591E+00   1.0146E+00  -6.4623E+00   5.5543E+00   2.3499E+00  -2.9870E+00
  -7.1238E-01   2.1543E-01   5.4229E+00  -5.9644E+00  -3.4253E+00   2.6024E+00
  -5.3639E+00   3.9662E+00  -5.8133E+00   4.9146E+00   1.0178E+00  -1.4481E+00
   3.6740E+00  -4.3154E+00   4.6591E-01  -1.3788E+00  -7.2138E-01   1.9616E-01
  -6.4789E+00   5.5329E+00   5.1441E+00  -5.2157E+00  -5.8033E+00   4.9201E+00
  -7.8676E+00   6.9981E+00  -7.8516E+00   7.0148E+00  -1.8647E+00   1.2767E+00
  -4.2354E+00   3.6125E+00  -3.7167E+00   3.2687E+00  -1.8727E+00   9.9729E-01
   5.1548E+00  -5.1978E+00  -2.0385E+00   1.2464E+00  -3.7206E+00   3.2618E+00
  -3.1045E-01  -4.2308E-01  -9.3234E-01  -4.8993E-01  -5.3826E+00   3.9457E+00
   3.6885E+00  -4.3105E+00  -5.6474E+00   5.0534E+00   2.1283E+00  -2.1679E+00
   1.0994E+01  -1.0645E+01  -1.8498E+00   1.2913E+00  -2.9506E-01  -4.0891E-01
  -6.7577E+00   6.2914E+00  -1.5237E+00   1.2976E+00   5.3894E+00  -6.0063E+00
   8.7325E-01  -1.0177E+00  -4.2363E+00   3.6093E+00  -1.5231E+00   1.2918E+00
  -4.4459E+00   3.8177E+00  -3.2678E+00   2.7200E+00  -6.7535E+00   6.2912E+00
  -3.4612E+00   2.5501E+00  -4.2626E+00   3.4801E+00   4.3094E+00  -4.1521E+00
  -2.7008E+00   2.1645E+00  -6.0048E+00   5.1334E+00  -4.2708E+00   3.4707E+00
  -6.0081E+00   5.1369E+00   8.6774E-01  -1.0267E+00  -2.1792E+00   1.9935E+00
   9.8263E-01  -1.5080E+00  -5.6483E+00   5.0463E+00  -4.5788E+00   4.3041E+00
  -2.4013E+00   2.3084E+00  -5.8688E+00   5.2399E+00   2.1185E+00  -2.1773E+00
   7.5259E-03  -1.6420E-01  -3.2569E+00   2.7355E+00  -4.1138E+00   3.5961E+00
   6.7040E+00  -6.4659E+00  -4.4466E+00   3.8170E+00  -3.0992E-03  -1.1382E-03
  -1.7440E+00   1.4768E+00  -2.7000E+00   2.1640E+00   1.1007E+01  -1.0626E+01
  -4.8054E+00   4.4817E+00  -3.0511E+00   2.8347E+00  -4.1162E+00   3.5910E+00
   4.0841E+00  -3.9726E+00  -2.6422E+00   2.4794E+00   5.8386E+00  -5.6164E+00
  -1.7451E+00   1.4817E+00  -4.5767E+00   4.3056E+00  -3.6829E+00   2.2456E+00
   9.2970E-03  -1.7244E-01  -8.8627E-01   8.3197E-01  -2.4001E-01   1.7646E-01
   4.3114E+00  -4.1526E+00   6.7071E+00  -6.4613E+00  -2.0426E+00   1.2469E+00
   1.5184E+00  -1.4709E+00  -2.8849E+00   2.6618E+00   2.4066E+00  -2.3008E+00
   5.8415E+00  -5.6220E+00  -2.4050E+00   2.3035E+00   6.2951E-01  -6.4300E-01
  -3.0493E+00   2.8368E+00  -1.1276E+00   1.0103E+00  -8.8307E-01   8.3451E-01
  -1.1228E+00   1.0116E+00  -5.8649E+00   5.2429E+00  -2.1761E+00   1.9999E+00
   2.4019E+00  -2.3031E+00   1.5201E+00  -1.4732E+00  -2.3705E-01   1.7240E-01
  -4.8044E+00   4.4842E+00   6.3718E-01  -6.3336E-01   4.0877E+00  -3.9744E+00
  -2.8870E+00   2.6563E+00  -2.6414E+00   2.4787E+00
  > Energy =  -1.299160377455E+03 +/-   4.137226475363E-04
  > varE =   1.735216791487E-02

VMC #5:
* Size of Hilbert space =   5.4457E+18
* Number of equil. steps   = 1000
* Running VMC equilibration.
  Done. [total walltime: 0.10s]
* Equil. acc.ratio (%)     =  10.7671
* Sample config after equilibration:
  [draw: system geometry not defined]
* Number of accum. steps   = 506880 x 10
* Running VMC accumulation.
  Done. [total walltime: 13.1s]
* Acceptance ratio (%)     =  10.7290
* Etot/t                   =  -1.299160203659E+03 +/-   1.904602684094E-04
  > Ttot/t                 =  -1.396086697176E+02 +/-   1.239276433518E-03
  > Utot/t                 =   6.245381493870E+01 +/-   1.222142492080E-03
* var[Eloc/t]              =   1.771201782416E-02 +/-   1.898929618437E-04
* Correlation length       =   1.038116034383E+00
* log10 Psi^2 range: -187.0250410517869 -- -173.6616466245009
* log10 Pgen range : -187.0250410517869 -- -173.6616466245009
* Site occupation (ave. no. electrons per config.):
  > Site_  ___eu____  ___ed____
      1        0.499      0.496
      2        0.497      0.499
      3        0.500      0.496
      4        0.499      0.499
      5        0.497      0.499
      6        0.505      0.501
      7        0.508      0.499
      8        0.502      0.501
      9        0.504      0.504
     10        0.502      0.500
     11        0.499      0.500
     12        0.497      0.496
     13        0.497      0.498
     14        0.498      0.500
     15        0.496      0.501
     16        0.498      0.504
     17        0.501      0.503
     18        0.502      0.504
     19        0.505      0.501
     20        0.499      0.498
     21        0.496      0.493
     22        0.506      0.500
     23        0.496      0.499
     24        0.500      0.502
     25        0.504      0.503
     26        0.500      0.501
     27        0.504      0.503
     28        0.501      0.505
     29        0.503      0.502
     30        0.499      0.497
     31        0.495      0.501
     32        0.497      0.497
     33        0.499      0.497
     34        0.497      0.500
* Pair-correlation analysis (ave. no. pairs per config.):
  > Shell  nsite  ___dh____  __eueu___  __eued___
      0      1        0          0          6.096
      1      0        0.966      0.470      2.578
      2      0        0.228      0.794      1.043
      3      0        0.268      0.749      1.039
      4      0        0.139      0.367      0.520
      5      0        0.274      0.738      1.041
      6      0        0.254      0.763      1.029
      7      0        0.810      0.796      2.427
      8      0        0.744      0.973      2.343
      9      0        0.683      1.106      2.276
     10      0        0.631      1.221      2.229
     11      0        0.581      1.335      2.175
     12      0        0.446      1.591      2.056
     13      0        0.520      1.465      2.123
     14      0        0.156      0.809      1.153
     15      0        0.156      0.822      1.138
     16      0        0.150      0.844      1.118
     17      0        0.145      0.864      1.072
     18      0        0.243      2.092      1.936
     19      0        0.243      2.102      1.932
     20      0        0.121      1.054      0.965
     21      0        0.236      2.070      1.928
     22      0        0.248      2.025      1.953
     23      0        0.274      1.923      2.039
     24      0        0.309      1.901      2.024
     25      0        0.319      1.898      2.031
     26      0        0.324      1.894      2.030
     27      0        0.254      2.066      1.957
     28      0        0.260      2.081      1.941
     29      0        0.259      2.101      1.928
     30      0        0.257      2.108      1.922
     31      0        0.246      2.086      1.935
     32      0        0.291      2.058      1.934
     33      0        0.256      2.111      1.922
     34      0        0.289      2.063      1.930
     35      0        0.278      2.060      1.929
     36      0        0.248      2.102      1.918
     37      0        0.117      0.978      1.045
     38      0        0.239      1.956      2.084
     39      0        0.237      1.967      2.070
     40      0        0.230      1.970      2.038
     41      0        0.263      2.049      1.963
     42      0        0.224      2.111      1.919
     43      0        0.255      2.045      1.959
     44      0        0.265      2.035      1.971
     45      0        0.269      2.037      1.966
     46      0        0.262      2.023      1.981
     47      0        0.259      1.997      1.976
     48      0        0.236      2.056      1.972
     49      0        0.278      1.871      2.089
     50      0        0.282      1.892      2.084
     51      0        0.279      1.919      2.060
     52      0        0.294      1.949      2.001
     53      0        0.303      1.943      2.016
     54      0        0.279      1.934      2.050
     55      0        0.154      0.975      1.001
     56      0        0.231      1.996      2.015
     57      0        0.235      2.003      2.034
     58      0        0.264      1.977      2.018
     59      0        0.262      1.967      2.025
     60      0        0.232      2.004      2.046
     61      0        0.240      1.982      2.047
     62      0        0.276      1.956      2.030
     63      0        0.149      1.003      0.982
     64      0        0.296      2.018      1.956
     65      0        0.272      1.977      2.018
     66      0        0.254      2.020      1.984
     67      0        0.264      1.974      2.030
     68      0        0.268      2.015      1.985
     69      0        0.271      1.981      2.009
     70      0        0.294      1.966      1.987
     71      0        0.299      1.971      1.995
     72      0        0.294      2.003      1.958
     73      0        0.266      2.014      1.990
     74      0        0.267      1.983      2.008
     75      0        0.301      1.997      1.965
     76      0        0.260      1.981      1.993
     77      0        0.264      1.849      2.129
     78      0        0.261      2.026      1.979
     79      0        0.239      2.025      2.002
     80      0        0.254      2.001      1.999
     81      0        0.266      2.010      1.995
     82      0        0.120      1.017      1.003
     83      0        0.264      2.011      1.994
     84      0        0.263      1.993      1.975
     85      0        0.148      0.993      0.992
     86      0        0.294      1.970      1.981
     87      0        0.236      2.019      1.983
     88      0        0.262      2.006      1.995
     89      0        0.289      1.994      1.970
     90      0        0.293      1.979      1.976
     91      0        0.266      1.993      2.004
     92      0        0.232      2.029      2.014
     93      0        0.148      0.991      0.992
     94      0        0.234      2.045      1.998
     95      0        0.230      1.997      2.016
     96      0        0.255      2.005      1.994
     97      0        0.264      1.987      1.980
     98      0        0.233      2.030      2.007
     99      0        0.232      2.015      1.994
    100      0        0.237      2.000      2.033
    101      0        0.265      1.997      2.003
    102      0        0.260      2.010      1.995
    103      0        0.234      2.048      1.995
    104      0        0.257      1.995      2.004
    105      0        0.288      1.988      1.977
    106      0        0.138      0.992      0.989
    107      0        0.237      2.016      2.014
    108      0        0.263      1.994      2.014
    109      0        0.263      1.981      1.989
    110      0        0.231      2.018      2.027
    111      0        0.231      2.009      2.003
    112      0        0.234      2.026      2.016
    113      0        0.266      1.999      1.994
    114      0        0.253      2.004      1.999
    115      0        0.266      1.995      1.999
    116      0        0.262      1.983      1.987
    117      0        0.117      1.006      1.016
    118      0        0.258      2.000      2.004
    119      0        0.260      1.987      1.984
    120      0        0.231      2.000      2.012
    121      0        0.237      2.017      2.017
    122      0        0.258      1.996      1.992
    123      0        0.233      2.006      2.004
    124      0        0.266      1.996      1.999
    125      0        0.290      1.973      1.985
    126      0        0.265      1.960      2.005
    127      0        0.262      1.991      1.981
    128      0        0.251      1.979      1.986
    129      0        0.232      2.012      2.021
    130      0        0.258      1.994      2.005
    131      0        0.234      2.012      2.028
    132      0        0.267      2.002      1.988
    133      0        0.230      2.005      1.999
    134      0        0.117      1.003      1.008
    135      0        0.117      1.013      1.006
    136      0        0.232      2.002      2.008
    137      0        0.141      0.988      0.987
    138      0        0.113      0.992      0.997
    139      0        0.261      1.988      1.982
    140      0        0.230      2.001      2.002
    141      0        0.253      1.982      1.986
    142      0        0.230      2.005      1.994
    143      0        0.233      2.021      2.016
    144      0        0.264      1.992      2.011
    145      0        0.117      1.006      1.010
    146      0        0.230      2.001      2.006
    147      0        0.231      2.021      2.014
    148      0        0.262      1.996      2.001
    149      0        0.115      0.995      0.991
    150      0        0.235      2.022      2.010
    151      0        0.115      1.005      1.010
    152      0        0.257      1.998      1.992
    153      0        0.258      1.990      2.000

Optimization #5:
* Method          : lls
* Target function : energy
* No. of configs. : 101376
* No. of params.  : 592
* Before optimization:
  -2.4504E+01  -2.4497E+01  -2.4516E+01  -2.4502E+01  -2.4489E+01  -2.4484E+01
  -2.4493E+01  -2.4499E+01  -2.4478E+01   2.2653E+00   2.2722E+00   2.6029E+00
   2.0422E+00   1.7330E+00   1.4997E+00   2.1064E+00   1.8718E+00   1.8618E+00
   1.5099E+00   1.5028E+00   1.7951E+00   1.7895E+00   1.9446E+00   1.9357E+00
   1.3193E+00   1.3075E+00   2.2417E+00   2.2348E+00   1.9673E+00   1.9654E+00
   1.4087E+00   3.6688E-01   1.1230E+00   1.6209E+00   9.7331E-01   9.7246E-01
   1.1357E+00   1.1355E+00   1.6597E+00   1.5543E+00   1.5561E+00   1.7953E+00
   1.7958E+00   1.8796E+00   1.8835E+00   1.5760E+00   1.5750E+00   1.2580E+00
   1.2607E+00   1.0924E+00   1.0902E+00   1.5062E+00   1.5043E+00   8.5112E-01
   8.4418E-01   1.4735E+00   1.4731E+00   1.3542E+00   1.3532E+00   2.0252E+00
   2.0296E+00   1.2475E+00   1.2503E+00   1.0972E+00   1.0962E+00   1.4138E+00
   1.4146E+00   1.7170E+00   1.7227E+00   1.5063E+00   1.5004E+00   1.2824E+00
   7.7596E-01   7.7564E-01   6.3077E-01   6.3028E-01   1.2488E+00   1.2523E+00
   1.1949E+00   1.1962E+00   2.0140E+00   2.0120E+00   7.0793E-01   7.0628E-01
   9.1507E-01   9.1289E-01   5.3351E-01   5.3567E-01   8.1490E-01   8.1269E-01
   1.3456E+00   1.3411E+00   1.3459E+00   1.3456E+00   8.0062E-01   7.9814E-01
   1.3012E+00   1.3028E+00   1.0237E+00   1.0230E+00   8.4251E-01   8.4613E-01
   9.0645E-01   9.0775E-01   6.4644E-01   6.4375E-01   4.9486E-01   5.3950E-01
   5.4195E-01   8.2238E-01   8.2343E-01   1.4015E+00   1.3991E+00   9.0293E-01
   9.0255E-01   4.3159E-01   4.3161E-01   6.3988E-01   6.4121E-01   9.1738E-01
   9.1742E-01   5.2632E-01   9.4522E-01   9.4366E-01   7.2163E-02   7.3400E-02
   8.8148E-01   8.8251E-01   8.6866E-01   8.7024E-01   8.3938E-01   8.3733E-01
   5.9009E-01   5.8826E-01   6.2269E-01   6.2100E-01   4.4696E-01   4.4538E-01
   8.7548E-01   8.7442E-01   4.2363E-02   4.3102E-02   7.8943E-01   7.8807E-01
   4.6090E-01   4.5908E-01   7.3646E-01   7.3047E-01   1.4292E+00   1.4301E+00
   1.4333E+00   1.4338E+00   6.1865E-01   6.2501E-01   5.9267E-01   5.9260E-01
   4.0236E-02   3.8732E-02  -3.4587E-01   5.6219E-01   5.6034E-01   7.0732E-01
   7.0561E-01   4.6619E-01   2.2491E-01   2.2487E-01   6.1498E-01   6.1530E-01
   1.4425E-01   1.4786E-01   6.2692E-01   6.2896E-01   2.2895E-01   2.3130E-01
   6.3371E-01   6.2876E-01   5.4711E-01   5.4501E-01   4.6267E-01   9.0550E-01
   9.0699E-01   7.7928E-01   7.7933E-01  -1.6057E-01  -1.6074E-01   5.3588E-01
   5.3485E-01   8.6924E-01   8.7360E-01   8.0022E-01   7.9638E-01   8.7156E-01
   8.7417E-01   1.6020E-01   1.6218E-01   1.8628E-01   1.8415E-01   5.2330E-01
   5.2407E-01   5.9920E-01   6.0198E-01   2.7271E-01   2.7165E-01   9.3545E-02
   6.2420E-01   6.2864E-01   5.3616E-02   5.5780E-02   1.5806E-01   1.5486E-01
   5.2161E-01   5.1953E-01   5.2122E-01   5.1788E-01  -2.4141E-01  -2.3901E-01
   6.3478E-01   6.2712E-01   2.9804E-03   1.3824E-03   2.6503E-01   2.6623E-01
   5.3962E-01   5.3563E-01  -3.8179E-01   3.2076E-01   3.1963E-01   2.1441E-01
   2.1204E-01   5.2654E-01   5.2380E-01  -1.1560E-01  -1.0969E-01   1.6301E-01
   1.5946E-01  -2.1599E-01  -2.1909E-01   2.6543E-01   2.6251E-01   2.7395E-01
   2.7321E-01   1.4416E+00   1.4423E+00   1.6273E-01   1.6223E-01   5.3032E-02
   5.2624E-02   6.2764E-02   6.5198E-02  -1.5873E-01  -1.6006E-01  -2.4554E-01
  -2.4781E-01   7.9638E-01   7.9554E-01  -4.5740E-02  -4.8313E-02   2.2451E-01
  -1.0476E-01  -2.1820E-01  -2.1890E-01   1.0114E-01   9.1632E-03   2.1774E-01
   2.1677E-01   1.1443E-01   1.1408E-01   4.7721E-02   5.0384E-02   1.1852E-01
   1.1885E-01   6.2297E-01   6.2514E-01   1.8240E-01   1.8044E-01  -9.3714E-02
  -4.5837E-02  -4.8110E-02   6.5107E-02   6.1294E-02   3.2313E-01   3.2266E-01
   2.1131E-03  -1.1588E-01  -1.1462E-01   2.2589E-01   1.6475E-01   1.6196E-01
  -2.0257E+00  -9.1946E-02  -3.9077E+00   1.4361E+00  -7.5412E+00   5.5374E+00
  -6.3086E+00   4.6124E+00  -1.2059E+00  -2.5892E-01  -3.3864E+00   1.3225E+00
  -8.6619E-01  -9.0867E-01   1.4561E+00  -2.8656E+00  -5.2226E+00   3.5226E+00
  -7.8040E+00   5.9537E+00   4.5607E+00  -5.7888E+00  -1.9285E+00  -2.3346E-01
  -3.0394E+00   1.1546E+00  -9.1067E+00   7.6928E+00   1.0551E+01  -1.0920E+01
   1.7110E+00  -2.8359E+00  -1.8907E-01  -1.4424E+00   6.0758E+00  -7.0755E+00
   6.6898E-01  -1.8331E+00  -9.1547E+00   7.4695E+00   7.0245E-01  -2.2827E+00
  -1.7695E+00  -3.8893E-02  -3.4853E+00   1.6116E+00  -5.2523E+00   3.6810E+00
  -4.1466E+00   2.8897E+00  -3.5176E+00   2.4304E+00  -2.8838E+00   1.3639E+00
   4.7142E+00  -5.5702E+00  -7.6582E+00   6.1737E+00  -5.1037E+00   3.7368E+00
  -3.5770E+00   1.5062E+00  -3.6009E+00   2.3208E+00   1.5553E+00  -2.6710E+00
  -4.2265E+00   2.7841E+00  -5.3334E+00   3.5797E+00  -7.9088E-01  -7.3388E-01
  -8.9979E+00   7.7144E+00   8.2337E-01  -1.5958E+00   6.2242E+00  -6.8524E+00
   8.4416E-01  -2.0894E+00  -8.0428E+00   6.8489E+00  -2.0443E+00  -1.7016E-02
   3.8454E+00  -4.5565E+00  -4.8608E+00   3.9480E+00   2.3937E+00  -2.9308E+00
   5.0782E-01  -1.3228E+00  -3.6412E+00   2.2976E+00  -8.9043E-01  -4.5940E-01
   3.8063E+00  -4.5974E+00  -8.0896E+00   6.7904E+00  -4.9031E+00   3.8862E+00
  -1.8591E+00   1.0146E+00  -6.4623E+00   5.5543E+00   2.3499E+00  -2.9870E+00
  -7.1238E-01   2.1543E-01   5.4229E+00  -5.9644E+00  -3.4253E+00   2.6024E+00
  -5.3639E+00   3.9662E+00  -5.8133E+00   4.9146E+00   1.0178E+00  -1.4481E+00
   3.6740E+00  -4.3154E+00   4.6591E-01  -1.3788E+00  -7.2138E-01   1.9616E-01
  -6.4789E+00   5.5329E+00   5.1441E+00  -5.2157E+00  -5.8033E+00   4.9201E+00
  -7.8676E+00   6.9981E+00  -7.8516E+00   7.0148E+00  -1.8647E+00   1.2767E+00
  -4.2354E+00   3.6125E+00  -3.7167E+00   3.2687E+00  -1.8727E+00   9.9729E-01
   5.1548E+00  -5.1978E+00  -2.0385E+00   1.2464E+00  -3.7206E+00   3.2618E+00
  -3.1045E-01  -4.2308E-01  -9.3234E-01  -4.8993E-01  -5.3826E+00   3.9457E+00
   3.6885E+00  -4.3105E+00  -5.6474E+00   5.0534E+00   2.1283E+00  -2.1679E+00
   1.0994E+01  -1.0645E+01  -1.8498E+00   1.2913E+00  -2.9506E-01  -4.0891E-01
  -6.7577E+00   6.2914E+00  -1.5237E+00   1.2976E+00   5.3894E+00  -6.0063E+00
   8.7325E-01  -1.0177E+00  -4.2363E+00   3.6093E+00  -1.5231E+00   1.2918E+00
  -4.4459E+00   3.8177E+00  -3.2678E+00   2.7200E+00  -6.7535E+00   6.2912E+00
  -3.4612E+00   2.5501E+00  -4.2626E+00   3.4801E+00   4.3094E+00  -4.1521E+00
  -2.7008E+00   2.1645E+00  -6.0048E+00   5.1334E+00  -4.2708E+00   3.4707E+00
  -6.0081E+00   5.1369E+00   8.6774E-01  -1.0267E+00  -2.1792E+00   1.9935E+00
   9.8263E-01  -1.5080E+00  -5.6483E+00   5.0463E+00  -4.5788E+00   4.3041E+00
  -2.4013E+00   2.3084E+00  -5.8688E+00   5.2399E+00   2.1185E+00  -2.1773E+00
   7.5259E-03  -1.6420E-01  -3.2569E+00   2.7355E+00  -4.1138E+00   3.5961E+00
   6.7040E+00  -6.4659E+00  -4.4466E+00   3.8170E+00  -3.0992E-03  -1.1382E-03
  -1.7440E+00   1.4768E+00  -2.7000E+00   2.1640E+00   1.1007E+01  -1.0626E+01
  -4.8054E+00   4.4817E+00  -3.0511E+00   2.8347E+00  -4.1162E+00   3.5910E+00
   4.0841E+00  -3.9726E+00  -2.6422E+00   2.4794E+00   5.8386E+00  -5.6164E+00
  -1.7451E+00   1.4817E+00  -4.5767E+00   4.3056E+00  -3.6829E+00   2.2456E+00
   9.2970E-03  -1.7244E-01  -8.8627E-01   8.3197E-01  -2.4001E-01   1.7646E-01
   4.3114E+00  -4.1526E+00   6.7071E+00  -6.4613E+00  -2.0426E+00   1.2469E+00
   1.5184E+00  -1.4709E+00  -2.8849E+00   2.6618E+00   2.4066E+00  -2.3008E+00
   5.8415E+00  -5.6220E+00  -2.4050E+00   2.3035E+00   6.2951E-01  -6.4300E-01
  -3.0493E+00   2.8368E+00  -1.1276E+00   1.0103E+00  -8.8307E-01   8.3451E-01
  -1.1228E+00   1.0116E+00  -5.8649E+00   5.2429E+00  -2.1761E+00   1.9999E+00
   2.4019E+00  -2.3031E+00   1.5201E+00  -1.4732E+00  -2.3705E-01   1.7240E-01
  -4.8044E+00   4.4842E+00   6.3718E-01  -6.3336E-01   4.0877E+00  -3.9744E+00
  -2.8870E+00   2.6563E+00  -2.6414E+00   2.4787E+00
  > E    =  -1.299160588800E+03 +/-   4.179810829643E-04
  > varE =   1.771121703515E-02
* Computing derivatives.
    [walltime: 2m33s elapsed, 6m48s remaining]
  Done. [total walltime: 9m20s]
* Optimizing manipulation constant:
  #igrid a___________ E____________________________________ varE____________
     1     Infinity    -1.29916059E+03 +/-   4.17981083E-04   1.77112170E-02
     2     1.0000E+06  -1.29916059E+03 +/-   4.17981073E-04   1.77112162E-02
     3     2.1544E+05  -1.29916059E+03 +/-   4.17981038E-04   1.77112132E-02
     4     4.6416E+04  -1.29916059E+03 +/-   4.17980873E-04   1.77111992E-02
     5     1.0000E+04  -1.29916059E+03 +/-   4.17980108E-04   1.77111344E-02
     6     2.1544E+03  -1.29916059E+03 +/-   4.17976560E-04   1.77108337E-02
     7     4.6416E+02  -1.29916059E+03 +/-   4.17960165E-04   1.77094444E-02
     8     1.0000E+02  -1.29916060E+03 +/-   4.17885641E-04   1.77031296E-02
     9     2.1544E+01  -1.29916062E+03 +/-   4.17571799E-04   1.76765487E-02
    10     4.6416E+00  -1.29916070E+03 +/-   4.16746415E-04   1.76067378E-02
    11     1.0000E+00  -1.29915914E+03 +/-   4.43040448E-04   1.98985718E-02
    12     2.1544E-01  -1.29945160E+03 +/-   8.82725447E-03   7.89926065E+00
    13     4.6416E-02  -1.29829997E+03 +/-   2.58045402E-03   6.75036724E-01
    14     1.0000E-02  -1.29863173E+03 +/-   2.20209770E-03   4.91595974E-01
    15     2.1544E-03  -1.29867737E+03 +/-   2.13124800E-03   4.60471896E-01
    16     4.6416E-04  -1.29868641E+03 +/-   2.11646795E-03   4.54107361E-01
    17     1.0000E-04  -1.29868833E+03 +/-   2.11330599E-03   4.52751522E-01
    18     2.1544E-05  -1.29868874E+03 +/-   2.11262580E-03   4.52460123E-01
    19     4.6416E-06  -1.29868883E+03 +/-   2.11247930E-03   4.52397376E-01
    20     1.0000E-06  -1.29868884E+03 +/-   2.11244775E-03   4.52383859E-01
    21     0.0000E+00  -1.29868885E+03 +/-   2.11243908E-03   4.52380147E-01
  ParMin   9.2918E+00  -1.29916066E+03 +/-   4.17153937E-04   1.76411887E-02
  # Using grid point #10
* Iteration # 1: E =  -1.299160700016E+03 +/-   4.167464153060E-04
* Computing derivatives.
    [walltime: 2m33s elapsed, 6m47s remaining]
  Done. [total walltime: 9m20s]
* Optimizing manipulation constant:
  #igrid a___________ E____________________________________ varE____________
     1     Infinity    -1.29916070E+03 +/-   4.16746415E-04   1.76067378E-02
     2     1.0000E+06  -1.29916070E+03 +/-   4.16746409E-04   1.76067373E-02
     3     2.1544E+05  -1.29916070E+03 +/-   4.16746385E-04   1.76067353E-02
     4     4.6416E+04  -1.29916070E+03 +/-   4.16746275E-04   1.76067260E-02
     5     1.0000E+04  -1.29916070E+03 +/-   4.16745766E-04   1.76066830E-02
     6     2.1544E+03  -1.29916070E+03 +/-   4.16743404E-04   1.76064834E-02
     7     4.6416E+02  -1.29916070E+03 +/-   4.16732480E-04   1.76055603E-02
     8     1.0000E+02  -1.29916070E+03 +/-   4.16682608E-04   1.76013467E-02
     9     2.1544E+01  -1.29916072E+03 +/-   4.16467805E-04   1.75832041E-02
    10     4.6416E+00  -1.29916078E+03 +/-   4.15735326E-04   1.75214083E-02
    11     1.0000E+00  -1.29916089E+03 +/-   4.14478147E-04   1.74155994E-02
    12     2.1544E-01  -1.29916095E+03 +/-   4.13895103E-04   1.73666371E-02
    13     4.6416E-02  -1.29916096E+03 +/-   4.13922908E-04   1.73689705E-02
    14     1.0000E-02  -1.29916095E+03 +/-   4.13973066E-04   1.73731802E-02
    15     2.1544E-03  -1.29916095E+03 +/-   4.13987689E-04   1.73744076E-02
    16     4.6416E-04  -1.29916095E+03 +/-   4.13991050E-04   1.73746896E-02
    17     1.0000E-04  -1.29916095E+03 +/-   4.13991784E-04   1.73747512E-02
    18     2.1544E-05  -1.29916095E+03 +/-   4.13991943E-04   1.73747646E-02
    19     4.6416E-06  -1.29916095E+03 +/-   4.13991977E-04   1.73747674E-02
    20     1.0000E-06  -1.29916095E+03 +/-   4.13991984E-04   1.73747681E-02
    21     0.0000E+00  -1.29916095E+03 +/-   4.13991986E-04   1.73747682E-02
* Iteration # 2: E =  -1.299160957435E+03 +/-   4.139229081367E-04
* Computing derivatives.
    [walltime: 2m33s elapsed, 6m48s remaining]
  Done. [total walltime: 9m20s]
* Optimizing manipulation constant:
  #igrid a___________ E____________________________________ varE____________
     1     Infinity    -1.29916096E+03 +/-   4.13922908E-04   1.73689705E-02
     2     1.0000E+06  -1.29916096E+03 +/-   4.13922908E-04   1.73689705E-02
     3     2.1544E+05  -1.29916096E+03 +/-   4.13922908E-04   1.73689704E-02
     4     4.6416E+04  -1.29916096E+03 +/-   4.13922908E-04   1.73689704E-02
     5     1.0000E+04  -1.29916096E+03 +/-   4.13922905E-04   1.73689702E-02
     6     2.1544E+03  -1.29916096E+03 +/-   4.13922895E-04   1.73689694E-02
     7     4.6416E+02  -1.29916096E+03 +/-   4.13922849E-04   1.73689655E-02
     8     1.0000E+02  -1.29916096E+03 +/-   4.13922635E-04   1.73689476E-02
     9     2.1544E+01  -1.29916096E+03 +/-   4.13921693E-04   1.73688685E-02
    10     4.6416E+00  -1.29916096E+03 +/-   4.13918177E-04   1.73685734E-02
    11     1.0000E+00  -1.29916096E+03 +/-   4.13911398E-04   1.73680045E-02
    12     2.1544E-01  -1.29916095E+03 +/-   4.13913658E-04   1.73681941E-02
    13     4.6416E-02  -1.29916095E+03 +/-   4.13924710E-04   1.73691217E-02
    14     1.0000E-02  -1.29916095E+03 +/-   4.13930335E-04   1.73695938E-02
    15     2.1544E-03  -1.29916095E+03 +/-   4.13931865E-04   1.73697222E-02
    16     4.6416E-04  -1.29916095E+03 +/-   4.13932213E-04   1.73697514E-02
    17     1.0000E-04  -1.29916095E+03 +/-   4.13932289E-04   1.73697577E-02
    18     2.1544E-05  -1.29916095E+03 +/-   4.13932305E-04   1.73697591E-02
    19     4.6416E-06  -1.29916095E+03 +/-   4.13932309E-04   1.73697594E-02
    20     1.0000E-06  -1.29916095E+03 +/-   4.13932309E-04   1.73697594E-02
    21     0.0000E+00  -1.29916095E+03 +/-   4.13932310E-04   1.73697595E-02
* Iteration # 3: E =  -1.299160957435E+03 +/-   4.139229080087E-04
* Convergence: exiting.
* After optimization:
  -2.5063E+01  -2.5050E+01  -2.5060E+01  -2.5057E+01  -2.5043E+01  -2.5038E+01
  -2.5037E+01  -2.5052E+01  -2.5034E+01   2.2569E+00   2.2630E+00   2.6036E+00
   2.1944E+00   2.0339E+00   1.4900E+00   2.1249E+00   1.8918E+00   1.8800E+00
   1.5793E+00   1.5723E+00   1.7829E+00   1.7739E+00   2.0782E+00   2.0726E+00
   1.3184E+00   1.3075E+00   2.2328E+00   2.2260E+00   2.0611E+00   2.0491E+00
   1.3901E+00   3.5992E-01   1.1445E+00   1.6054E+00   9.6500E-01   9.6802E-01
   1.1218E+00   1.1215E+00   1.6327E+00   1.5604E+00   1.5582E+00   1.7983E+00
   1.7926E+00   1.8944E+00   1.8895E+00   1.6526E+00   1.6541E+00   1.3353E+00
   1.3383E+00   1.2341E+00   1.2323E+00   1.5900E+00   1.5874E+00   8.4496E-01
   8.4497E-01   1.6176E+00   1.6150E+00   1.3383E+00   1.3337E+00   2.0254E+00
   2.0216E+00   1.3897E+00   1.3899E+00   1.1716E+00   1.1692E+00   1.4842E+00
   1.4909E+00   1.7931E+00   1.7962E+00   1.5267E+00   1.5263E+00   1.2727E+00
   7.6126E-01   7.6013E-01   6.2490E-01   6.2298E-01   1.2667E+00   1.2615E+00
   1.2645E+00   1.2647E+00   2.0025E+00   2.0055E+00   6.9205E-01   6.9226E-01
   9.0155E-01   8.9904E-01   6.7766E-01   6.7475E-01   8.0952E-01   8.1181E-01
   1.4143E+00   1.4143E+00   1.3609E+00   1.3653E+00   7.8055E-01   7.8241E-01
   1.3660E+00   1.3673E+00   1.0088E+00   1.0081E+00   8.3608E-01   8.3729E-01
   1.1335E+00   1.1299E+00   7.8438E-01   7.8338E-01   4.8478E-01   5.2350E-01
   5.2349E-01   8.1274E-01   8.1123E-01   1.4753E+00   1.4774E+00   8.8821E-01
   8.9192E-01   4.2116E-01   4.2238E-01   6.3132E-01   6.2471E-01   9.1757E-01
   9.1137E-01   5.2028E-01   1.1668E+00   1.1636E+00   5.2591E-02   5.6022E-02
   8.6251E-01   8.6266E-01   9.2540E-01   9.2850E-01   8.9742E-01   9.0035E-01
   7.4292E-01   7.3888E-01   7.6359E-01   7.6614E-01   5.1463E-01   5.1468E-01
   8.6347E-01   8.7089E-01   2.9127E-02   3.2122E-02   7.8025E-01   7.8478E-01
   5.2554E-01   5.2547E-01   7.2705E-01   7.2749E-01   1.4303E+00   1.4345E+00
   1.5065E+00   1.5088E+00   6.0790E-01   6.0613E-01   5.7352E-01   5.7316E-01
   9.8436E-02   9.5965E-02  -3.8595E-01   7.1427E-01   7.0889E-01   6.9976E-01
   7.0163E-01   6.1163E-01   2.1472E-01   2.1615E-01   5.9631E-01   5.9321E-01
   1.3688E-01   1.3632E-01   7.7447E-01   7.7126E-01   2.1867E-01   2.1959E-01
   7.6709E-01   7.6807E-01   5.3231E-01   5.3060E-01   6.0397E-01   8.9990E-01
   8.9346E-01   7.5507E-01   7.5876E-01  -1.7170E-01  -1.7277E-01   6.7000E-01
   6.7298E-01   8.4859E-01   8.4728E-01   7.7608E-01   7.7881E-01   8.5299E-01
   8.5135E-01   1.4890E-01   1.4764E-01   2.5796E-01   2.5674E-01   5.0298E-01
   5.0344E-01   5.8268E-01   5.8485E-01   3.4434E-01   3.4584E-01   9.3764E-02
   5.8914E-01   5.8784E-01   1.0905E-01   1.0782E-01   1.4151E-01   1.4252E-01
   5.0384E-01   5.0386E-01   4.8880E-01   4.8865E-01  -2.5775E-01  -2.5515E-01
   7.6798E-01   7.6734E-01   3.3050E-03   5.4823E-03   2.4428E-01   2.4652E-01
   6.7775E-01   6.7706E-01  -3.9965E-01   3.8835E-01   3.9074E-01   2.7721E-01
   2.7583E-01   4.9652E-01   4.9706E-01  -1.3634E-01  -1.3645E-01   1.5176E-01
   1.5152E-01  -2.3986E-01  -2.4390E-01   2.4209E-01   2.4251E-01   3.4223E-01
   3.4257E-01   1.5055E+00   1.5096E+00   1.4626E-01   1.4533E-01   4.2213E-02
   4.1262E-02   5.2198E-02   5.7956E-02  -1.7416E-01  -1.7217E-01  -2.5717E-01
  -2.6019E-01   7.8798E-01   7.9312E-01  -5.3720E-02  -5.3474E-02   2.0893E-01
  -9.4272E-02  -2.3880E-01  -2.3583E-01   9.6421E-02  -1.5497E-02   2.8208E-01
   2.8082E-01   9.6489E-02   9.7130E-02   3.8154E-02   3.8983E-02   9.9150E-02
   1.0003E-01   5.9360E-01   5.9287E-01   2.5657E-01   2.5625E-01  -8.5554E-02
  -6.0616E-02  -6.0676E-02   4.9142E-02   5.1801E-02   3.8342E-01   3.8432E-01
  -1.8288E-02  -1.3337E-01  -1.3594E-01   2.1414E-01   1.5289E-01   1.5060E-01
  -1.6725E+00  -4.4908E-01  -3.5852E+00   1.1131E+00  -9.9669E+00   7.8146E+00
  -1.1236E+01   9.2364E+00  -9.3579E-01  -5.2175E-01  -3.2823E+00   1.2053E+00
  -8.4570E-01  -9.4807E-01   4.6068E-01  -1.9407E+00  -4.8122E+00   3.1251E+00
  -9.9839E+00   7.9936E+00   4.9044E+00  -6.1343E+00  -1.6754E+00  -4.7915E-01
  -4.2902E+00   2.3100E+00  -8.5514E+00   7.1579E+00   1.0982E+01  -1.1341E+01
   1.6507E+00  -2.7945E+00   1.9930E-01  -1.8172E+00   6.2694E+00  -7.2605E+00
   1.1597E+00  -2.3068E+00  -8.5988E+00   6.9399E+00   8.6775E-01  -2.4481E+00
  -1.5197E+00  -2.8948E-01  -3.2681E+00   1.3845E+00  -6.4102E+00   4.7611E+00
  -5.2260E+00   3.8958E+00  -5.8437E+00   4.6134E+00  -4.1254E+00   2.5250E+00
   5.0597E+00  -5.9187E+00  -9.8451E+00   8.2155E+00  -4.6884E+00   3.3394E+00
  -3.3547E+00   1.2881E+00  -5.9238E+00   4.5048E+00   5.5550E-01  -1.7469E+00
  -5.3083E+00   3.7907E+00  -6.4878E+00   4.6643E+00  -7.7304E-01  -7.7603E-01
  -8.4485E+00   7.1743E+00   1.3139E+00  -2.0749E+00   6.4161E+00  -7.0393E+00
   1.0030E+00  -2.2672E+00  -8.9811E+00   7.7166E+00  -1.6862E+00  -3.6428E-01
   4.1261E+00  -4.8178E+00  -4.4529E+00   3.5540E+00   1.4868E-01  -8.2735E-01
   6.1470E-01  -1.4263E+00  -4.6600E+00   3.2446E+00  -7.5676E-01  -6.0544E-01
   4.0832E+00  -4.8623E+00  -9.0263E+00   7.6648E+00  -4.4997E+00   3.4949E+00
  -1.6656E+00   8.2921E-01  -1.0137E+01   9.0054E+00   1.0330E-01  -8.8069E-01
  -4.5264E-01  -3.1331E-02   5.8439E+00  -6.3664E+00  -3.1749E+00   2.3641E+00
  -6.4146E+00   4.9391E+00  -5.4817E+00   4.5933E+00   1.4991E+00  -1.9183E+00
   4.0597E+00  -4.6864E+00   5.7394E-01  -1.4810E+00  -4.6899E-01  -5.4355E-02
  -1.0152E+01   8.9861E+00   5.4809E+00  -5.5340E+00  -5.4679E+00   4.6047E+00
  -8.8101E+00   7.8843E+00  -8.7966E+00   7.8989E+00  -4.3567E+00   3.6135E+00
  -6.6410E+00   5.8776E+00  -4.8120E+00   4.2943E+00  -1.6807E+00   8.1201E-01
   5.4888E+00  -5.5206E+00  -1.7319E+00   9.4639E-01  -4.8146E+00   4.2880E+00
   2.5712E-02  -7.5243E-01  -8.0249E-01  -6.3038E-01  -6.4313E+00   4.9222E+00
   4.0760E+00  -4.6840E+00  -5.3230E+00   4.7503E+00   1.1114E+00  -1.2088E+00
   1.1415E+01  -1.1028E+01  -4.3443E+00   3.6334E+00   3.9672E-02  -7.3831E-01
  -9.2032E+00   8.5904E+00  -1.3493E+00   1.1317E+00   5.8107E+00  -6.4043E+00
   9.6366E-01  -1.0977E+00  -6.6436E+00   5.8704E+00  -1.3480E+00   1.1283E+00
  -6.7335E+00   5.9656E+00  -3.0282E+00   2.4961E+00  -9.1957E+00   8.5958E+00
  -3.2086E+00   2.3112E+00  -3.7768E+00   3.0190E+00   4.5605E+00  -4.3900E+00
  -4.9562E+00   4.2820E+00  -5.5490E+00   4.7032E+00  -3.7844E+00   3.0101E+00
  -5.5561E+00   4.7024E+00   9.6092E-01  -1.1068E+00  -3.4411E+00   3.1822E+00
   1.4653E+00  -1.9716E+00  -5.3256E+00   4.7440E+00  -5.7553E+00   5.4110E+00
  -2.3216E+00   2.2234E+00  -5.4244E+00   4.8299E+00   1.1088E+00  -1.2161E+00
   3.2579E-01  -4.7163E-01  -3.0180E+00   2.5119E+00  -3.6375E+00   3.1529E+00
   6.8756E+00  -6.6210E+00  -6.7327E+00   5.9656E+00  -4.3280E-03  -6.0213E-04
  -1.4521E+00   1.2106E+00  -4.9561E+00   4.2802E+00   1.1414E+01  -1.1017E+01
  -5.8704E+00   5.4801E+00  -4.0836E+00   3.8098E+00  -3.6463E+00   3.1499E+00
   4.4543E+00  -4.3150E+00  -2.4472E+00   2.2929E+00   6.2313E+00  -5.9934E+00
  -1.4510E+00   1.2116E+00  -5.7546E+00   5.4132E+00  -4.6993E+00   3.1942E+00
   3.2392E-01  -4.7359E-01  -6.6096E-01   6.1934E-01  -1.2857E-01   7.0061E-02
   4.5627E+00  -4.3909E+00   6.8750E+00  -6.6145E+00  -1.7351E+00   9.4466E-01
   1.6581E+00  -1.6038E+00  -2.5696E+00   2.3619E+00   2.3199E+00  -2.2257E+00
   6.2335E+00  -5.9961E+00  -2.3229E+00   2.2261E+00   1.0042E+00  -9.8619E-01
  -4.0857E+00   3.8048E+00  -7.8075E-01   6.8359E-01  -6.5670E-01   6.1985E-01
  -7.8645E-01   6.8568E-01  -5.4268E+00   4.8319E+00  -3.4366E+00   3.1833E+00
   2.3145E+00  -2.2273E+00   1.6659E+00  -1.6019E+00  -1.2333E-01   7.1278E-02
  -5.8683E+00   5.4836E+00   1.0092E+00  -9.9086E-01   4.4534E+00  -4.3183E+00
  -2.5745E+00   2.3616E+00  -2.4459E+00   2.2973E+00
  > Energy =  -1.299160957435E+03 +/-   4.139229080087E-04
  > varE =   1.736897044855E-02

VMC #6:
* Size of Hilbert space =   5.4457E+18
* Number of equil. steps   = 1000
* Running VMC equilibration.
  Done. [total walltime: 0.10s]
* Equil. acc.ratio (%)     =  10.7578
* Sample config after equilibration:
  [draw: system geometry not defined]
* Number of accum. steps   = 506880 x 10
* Running VMC accumulation.
  Done. [total walltime: 13.1s]
* Acceptance ratio (%)     =  10.7297
* Etot/t                   =  -1.299160807559E+03 +/-   1.919111925389E-04
  > Ttot/t                 =  -1.396084152821E+02 +/-   1.216631900448E-03
  > Utot/t                 =   6.245295660253E+01 +/-   1.202965315299E-03
* var[Eloc/t]              =   1.784320788888E-02 +/-   1.115244250921E-04
* Correlation length       =   1.046243633946E+00
* log10 Psi^2 range: -188.1057093563967 -- -175.3390201893938
* log10 Pgen range : -188.1057093563967 -- -175.3390201893938
* Site occupation (ave. no. electrons per config.):
  > Site_  ___eu____  ___ed____
      1        0.497      0.498
      2        0.496      0.501
      3        0.494      0.497
      4        0.498      0.498
      5        0.498      0.496
      6        0.503      0.502
      7        0.504      0.502
      8        0.507      0.503
      9        0.504      0.503
     10        0.500      0.502
     11        0.495      0.499
     12        0.499      0.499
     13        0.496      0.501
     14        0.497      0.496
     15        0.498      0.496
     16        0.500      0.503
     17        0.504      0.504
     18        0.503      0.504
     19        0.503      0.499
     20        0.498      0.495
     21        0.501      0.501
     22        0.505      0.507
     23        0.495      0.497
     24        0.500      0.504
     25        0.500      0.500
     26        0.505      0.501
     27        0.500      0.505
     28        0.505      0.502
     29        0.505      0.500
     30        0.498      0.497
     31        0.496      0.498
     32        0.497      0.499
     33        0.502      0.497
     34        0.493      0.495
* Pair-correlation analysis (ave. no. pairs per config.):
  > Shell  nsite  ___dh____  __eueu___  __eued___
      0      1        0          0          6.104
      1      0        0.969      0.468      2.572
      2      0        0.228      0.798      1.045
      3      0        0.269      0.740      1.043
      4      0        0.137      0.365      0.523
      5      0        0.274      0.741      1.044
      6      0        0.252      0.760      1.033
      7      0        0.815      0.795      2.425
      8      0        0.738      0.977      2.346
      9      0        0.686      1.103      2.281
     10      0        0.633      1.216      2.224
     11      0        0.584      1.331      2.186
     12      0        0.448      1.583      2.052
     13      0        0.523      1.459      2.124
     14      0        0.156      0.805      1.156
     15      0        0.154      0.824      1.146
     16      0        0.151      0.843      1.122
     17      0        0.146      0.863      1.063
     18      0        0.243      2.104      1.935
     19      0        0.241      2.113      1.927
     20      0        0.119      1.053      0.965
     21      0        0.237      2.071      1.922
     22      0        0.248      2.021      1.952
     23      0        0.281      1.922      2.034
     24      0        0.312      1.889      2.025
     25      0        0.324      1.893      2.028
     26      0        0.323      1.890      2.037
     27      0        0.257      2.075      1.947
     28      0        0.262      2.087      1.944
     29      0        0.262      2.098      1.916
     30      0        0.262      2.112      1.914
     31      0        0.242      2.096      1.937
     32      0        0.296      2.062      1.920
     33      0        0.258      2.118      1.914
     34      0        0.291      2.065      1.925
     35      0        0.279      2.062      1.922
     36      0        0.246      2.113      1.913
     37      0        0.118      0.972      1.046
     38      0        0.238      1.959      2.086
     39      0        0.235      1.966      2.086
     40      0        0.234      1.964      2.034
     41      0        0.263      2.044      1.959
     42      0        0.219      2.108      1.927
     43      0        0.255      2.053      1.956
     44      0        0.264      2.048      1.963
     45      0        0.265      2.039      1.972
     46      0        0.260      2.032      1.984
     47      0        0.259      1.999      1.963
     48      0        0.233      2.068      1.977
     49      0        0.277      1.873      2.099
     50      0        0.282      1.884      2.084
     51      0        0.281      1.917      2.063
     52      0        0.296      1.949      2.006
     53      0        0.306      1.941      2.003
     54      0        0.273      1.937      2.057
     55      0        0.152      0.974      1.008
     56      0        0.234      1.988      2.018
     57      0        0.236      2.001      2.041
     58      0        0.269      1.964      2.023
     59      0        0.262      1.961      2.029
     60      0        0.240      1.993      2.048
     61      0        0.243      1.973      2.058
     62      0        0.275      1.953      2.039
     63      0        0.151      1.004      0.982
     64      0        0.299      2.010      1.950
     65      0        0.266      1.987      2.024
     66      0        0.259      2.018      1.978
     67      0        0.267      1.972      2.022
     68      0        0.260      2.022      1.986
     69      0        0.269      1.978      2.014
     70      0        0.295      1.964      1.988
     71      0        0.304      1.966      1.988
     72      0        0.292      2.012      1.953
     73      0        0.268      2.022      1.990
     74      0        0.269      1.986      2.010
     75      0        0.299      1.995      1.969
     76      0        0.269      1.967      1.991
     77      0        0.260      1.848      2.143
     78      0        0.258      2.031      1.975
     79      0        0.233      2.044      2.004
     80      0        0.261      2.003      1.990
     81      0        0.264      2.007      2.001
     82      0        0.116      1.019      1.011
     83      0        0.266      2.010      1.991
     84      0        0.262      1.990      1.976
     85      0        0.150      0.992      0.987
     86      0        0.290      1.976      1.988
     87      0        0.234      2.030      1.977
     88      0        0.266      2.006      2.001
     89      0        0.292      1.990      1.967
     90      0        0.293      1.986      1.976
     91      0        0.269      1.992      1.998
     92      0        0.234      2.030      2.012
     93      0        0.147      0.989      0.992
     94      0        0.236      2.050      1.991
     95      0        0.233      1.996      2.003
     96      0        0.255      2.007      2.000
     97      0        0.263      1.980      1.978
     98      0        0.235      2.024      2.015
     99      0        0.232      2.009      1.991
    100      0        0.236      2.005      2.030
    101      0        0.265      1.998      2.011
    102      0        0.263      2.004      1.999
    103      0        0.237      2.047      1.997
    104      0        0.261      1.987      2.004
    105      0        0.289      1.976      1.980
    106      0        0.140      0.989      0.990
    107      0        0.237      2.021      2.012
    108      0        0.265      1.994      2.009
    109      0        0.266      1.980      1.977
    110      0        0.234      2.016      2.029
    111      0        0.231      2.001      2.004
    112      0        0.232      2.030      2.022
    113      0        0.267      2.004      1.991
    114      0        0.256      1.994      2.005
    115      0        0.271      2.001      1.995
    116      0        0.265      1.974      1.982
    117      0        0.116      1.011      1.019
    118      0        0.264      1.997      1.997
    119      0        0.261      1.981      1.975
    120      0        0.231      2.004      1.998
    121      0        0.235      2.025      2.017
    122      0        0.256      1.998      1.998
    123      0        0.230      2.002      2.010
    124      0        0.260      2.005      2.010
    125      0        0.292      1.972      1.977
    126      0        0.264      1.948      2.004
    127      0        0.266      1.979      1.984
    128      0        0.256      1.981      1.975
    129      0        0.235      2.022      2.017
    130      0        0.258      2.000      2.004
    131      0        0.233      2.021      2.032
    132      0        0.264      2.018      1.993
    133      0        0.233      2.001      2.002
    134      0        0.117      1.007      1.012
    135      0        0.116      1.010      1.015
    136      0        0.233      2.003      2.000
    137      0        0.141      0.991      0.986
    138      0        0.115      0.989      0.990
    139      0        0.258      1.981      1.981
    140      0        0.230      2.003      1.995
    141      0        0.256      1.976      1.978
    142      0        0.232      2.002      1.997
    143      0        0.236      2.014      2.025
    144      0        0.262      2.000      2.002
    145      0        0.117      1.017      1.007
    146      0        0.234      1.998      2.003
    147      0        0.231      2.024      2.021
    148      0        0.261      1.997      2.002
    149      0        0.113      0.989      0.992
    150      0        0.229      2.028      2.028
    151      0        0.118      1.007      1.012
    152      0        0.258      1.994      2.001
    153      0        0.257      2.002      1.996

Optimization #6:
* Method          : lls
* Target function : energy
* No. of configs. : 101376
* No. of params.  : 592
* Before optimization:
  -2.5063E+01  -2.5050E+01  -2.5060E+01  -2.5057E+01  -2.5043E+01  -2.5038E+01
  -2.5037E+01  -2.5052E+01  -2.5034E+01   2.2569E+00   2.2630E+00   2.6036E+00
   2.1944E+00   2.0339E+00   1.4900E+00   2.1249E+00   1.8918E+00   1.8800E+00
   1.5793E+00   1.5723E+00   1.7829E+00   1.7739E+00   2.0782E+00   2.0726E+00
   1.3184E+00   1.3075E+00   2.2328E+00   2.2260E+00   2.0611E+00   2.0491E+00
   1.3901E+00   3.5992E-01   1.1445E+00   1.6054E+00   9.6500E-01   9.6802E-01
   1.1218E+00   1.1215E+00   1.6327E+00   1.5604E+00   1.5582E+00   1.7983E+00
   1.7926E+00   1.8944E+00   1.8895E+00   1.6526E+00   1.6541E+00   1.3353E+00
   1.3383E+00   1.2341E+00   1.2323E+00   1.5900E+00   1.5874E+00   8.4496E-01
   8.4497E-01   1.6176E+00   1.6150E+00   1.3383E+00   1.3337E+00   2.0254E+00
   2.0216E+00   1.3897E+00   1.3899E+00   1.1716E+00   1.1692E+00   1.4842E+00
   1.4909E+00   1.7931E+00   1.7962E+00   1.5267E+00   1.5263E+00   1.2727E+00
   7.6126E-01   7.6013E-01   6.2490E-01   6.2298E-01   1.2667E+00   1.2615E+00
   1.2645E+00   1.2647E+00   2.0025E+00   2.0055E+00   6.9205E-01   6.9226E-01
   9.0155E-01   8.9904E-01   6.7766E-01   6.7475E-01   8.0952E-01   8.1181E-01
   1.4143E+00   1.4143E+00   1.3609E+00   1.3653E+00   7.8055E-01   7.8241E-01
   1.3660E+00   1.3673E+00   1.0088E+00   1.0081E+00   8.3608E-01   8.3729E-01
   1.1335E+00   1.1299E+00   7.8438E-01   7.8338E-01   4.8478E-01   5.2350E-01
   5.2349E-01   8.1274E-01   8.1123E-01   1.4753E+00   1.4774E+00   8.8821E-01
   8.9192E-01   4.2116E-01   4.2238E-01   6.3132E-01   6.2471E-01   9.1757E-01
   9.1137E-01   5.2028E-01   1.1668E+00   1.1636E+00   5.2591E-02   5.6022E-02
   8.6251E-01   8.6266E-01   9.2540E-01   9.2850E-01   8.9742E-01   9.0035E-01
   7.4292E-01   7.3888E-01   7.6359E-01   7.6614E-01   5.1463E-01   5.1468E-01
   8.6347E-01   8.7089E-01   2.9127E-02   3.2122E-02   7.8025E-01   7.8478E-01
   5.2554E-01   5.2547E-01   7.2705E-01   7.2749E-01   1.4303E+00   1.4345E+00
   1.5065E+00   1.5088E+00   6.0790E-01   6.0613E-01   5.7352E-01   5.7316E-01
   9.8436E-02   9.5965E-02  -3.8595E-01   7.1427E-01   7.0889E-01   6.9976E-01
   7.0163E-01   6.1163E-01   2.1472E-01   2.1615E-01   5.9631E-01   5.9321E-01
   1.3688E-01   1.3632E-01   7.7447E-01   7.7126E-01   2.1867E-01   2.1959E-01
   7.6709E-01   7.6807E-01   5.3231E-01   5.3060E-01   6.0397E-01   8.9990E-01
   8.9346E-01   7.5507E-01   7.5876E-01  -1.7170E-01  -1.7277E-01   6.7000E-01
   6.7298E-01   8.4859E-01   8.4728E-01   7.7608E-01   7.7881E-01   8.5299E-01
   8.5135E-01   1.4890E-01   1.4764E-01   2.5796E-01   2.5674E-01   5.0298E-01
   5.0344E-01   5.8268E-01   5.8485E-01   3.4434E-01   3.4584E-01   9.3764E-02
   5.8914E-01   5.8784E-01   1.0905E-01   1.0782E-01   1.4151E-01   1.4252E-01
   5.0384E-01   5.0386E-01   4.8880E-01   4.8865E-01  -2.5775E-01  -2.5515E-01
   7.6798E-01   7.6734E-01   3.3050E-03   5.4823E-03   2.4428E-01   2.4652E-01
   6.7775E-01   6.7706E-01  -3.9965E-01   3.8835E-01   3.9074E-01   2.7721E-01
   2.7583E-01   4.9652E-01   4.9706E-01  -1.3634E-01  -1.3645E-01   1.5176E-01
   1.5152E-01  -2.3986E-01  -2.4390E-01   2.4209E-01   2.4251E-01   3.4223E-01
   3.4257E-01   1.5055E+00   1.5096E+00   1.4626E-01   1.4533E-01   4.2213E-02
   4.1262E-02   5.2198E-02   5.7956E-02  -1.7416E-01  -1.7217E-01  -2.5717E-01
  -2.6019E-01   7.8798E-01   7.9312E-01  -5.3720E-02  -5.3474E-02   2.0893E-01
  -9.4272E-02  -2.3880E-01  -2.3583E-01   9.6421E-02  -1.5497E-02   2.8208E-01
   2.8082E-01   9.6489E-02   9.7130E-02   3.8154E-02   3.8983E-02   9.9150E-02
   1.0003E-01   5.9360E-01   5.9287E-01   2.5657E-01   2.5625E-01  -8.5554E-02
  -6.0616E-02  -6.0676E-02   4.9142E-02   5.1801E-02   3.8342E-01   3.8432E-01
  -1.8288E-02  -1.3337E-01  -1.3594E-01   2.1414E-01   1.5289E-01   1.5060E-01
  -1.6725E+00  -4.4908E-01  -3.5852E+00   1.1131E+00  -9.9669E+00   7.8146E+00
  -1.1236E+01   9.2364E+00  -9.3579E-01  -5.2175E-01  -3.2823E+00   1.2053E+00
  -8.4570E-01  -9.4807E-01   4.6068E-01  -1.9407E+00  -4.8122E+00   3.1251E+00
  -9.9839E+00   7.9936E+00   4.9044E+00  -6.1343E+00  -1.6754E+00  -4.7915E-01
  -4.2902E+00   2.3100E+00  -8.5514E+00   7.1579E+00   1.0982E+01  -1.1341E+01
   1.6507E+00  -2.7945E+00   1.9930E-01  -1.8172E+00   6.2694E+00  -7.2605E+00
   1.1597E+00  -2.3068E+00  -8.5988E+00   6.9399E+00   8.6775E-01  -2.4481E+00
  -1.5197E+00  -2.8948E-01  -3.2681E+00   1.3845E+00  -6.4102E+00   4.7611E+00
  -5.2260E+00   3.8958E+00  -5.8437E+00   4.6134E+00  -4.1254E+00   2.5250E+00
   5.0597E+00  -5.9187E+00  -9.8451E+00   8.2155E+00  -4.6884E+00   3.3394E+00
  -3.3547E+00   1.2881E+00  -5.9238E+00   4.5048E+00   5.5550E-01  -1.7469E+00
  -5.3083E+00   3.7907E+00  -6.4878E+00   4.6643E+00  -7.7304E-01  -7.7603E-01
  -8.4485E+00   7.1743E+00   1.3139E+00  -2.0749E+00   6.4161E+00  -7.0393E+00
   1.0030E+00  -2.2672E+00  -8.9811E+00   7.7166E+00  -1.6862E+00  -3.6428E-01
   4.1261E+00  -4.8178E+00  -4.4529E+00   3.5540E+00   1.4868E-01  -8.2735E-01
   6.1470E-01  -1.4263E+00  -4.6600E+00   3.2446E+00  -7.5676E-01  -6.0544E-01
   4.0832E+00  -4.8623E+00  -9.0263E+00   7.6648E+00  -4.4997E+00   3.4949E+00
  -1.6656E+00   8.2921E-01  -1.0137E+01   9.0054E+00   1.0330E-01  -8.8069E-01
  -4.5264E-01  -3.1331E-02   5.8439E+00  -6.3664E+00  -3.1749E+00   2.3641E+00
  -6.4146E+00   4.9391E+00  -5.4817E+00   4.5933E+00   1.4991E+00  -1.9183E+00
   4.0597E+00  -4.6864E+00   5.7394E-01  -1.4810E+00  -4.6899E-01  -5.4355E-02
  -1.0152E+01   8.9861E+00   5.4809E+00  -5.5340E+00  -5.4679E+00   4.6047E+00
  -8.8101E+00   7.8843E+00  -8.7966E+00   7.8989E+00  -4.3567E+00   3.6135E+00
  -6.6410E+00   5.8776E+00  -4.8120E+00   4.2943E+00  -1.6807E+00   8.1201E-01
   5.4888E+00  -5.5206E+00  -1.7319E+00   9.4639E-01  -4.8146E+00   4.2880E+00
   2.5712E-02  -7.5243E-01  -8.0249E-01  -6.3038E-01  -6.4313E+00   4.9222E+00
   4.0760E+00  -4.6840E+00  -5.3230E+00   4.7503E+00   1.1114E+00  -1.2088E+00
   1.1415E+01  -1.1028E+01  -4.3443E+00   3.6334E+00   3.9672E-02  -7.3831E-01
  -9.2032E+00   8.5904E+00  -1.3493E+00   1.1317E+00   5.8107E+00  -6.4043E+00
   9.6366E-01  -1.0977E+00  -6.6436E+00   5.8704E+00  -1.3480E+00   1.1283E+00
  -6.7335E+00   5.9656E+00  -3.0282E+00   2.4961E+00  -9.1957E+00   8.5958E+00
  -3.2086E+00   2.3112E+00  -3.7768E+00   3.0190E+00   4.5605E+00  -4.3900E+00
  -4.9562E+00   4.2820E+00  -5.5490E+00   4.7032E+00  -3.7844E+00   3.0101E+00
  -5.5561E+00   4.7024E+00   9.6092E-01  -1.1068E+00  -3.4411E+00   3.1822E+00
   1.4653E+00  -1.9716E+00  -5.3256E+00   4.7440E+00  -5.7553E+00   5.4110E+00
  -2.3216E+00   2.2234E+00  -5.4244E+00   4.8299E+00   1.1088E+00  -1.2161E+00
   3.2579E-01  -4.7163E-01  -3.0180E+00   2.5119E+00  -3.6375E+00   3.1529E+00
   6.8756E+00  -6.6210E+00  -6.7327E+00   5.9656E+00  -4.3280E-03  -6.0213E-04
  -1.4521E+00   1.2106E+00  -4.9561E+00   4.2802E+00   1.1414E+01  -1.1017E+01
  -5.8704E+00   5.4801E+00  -4.0836E+00   3.8098E+00  -3.6463E+00   3.1499E+00
   4.4543E+00  -4.3150E+00  -2.4472E+00   2.2929E+00   6.2313E+00  -5.9934E+00
  -1.4510E+00   1.2116E+00  -5.7546E+00   5.4132E+00  -4.6993E+00   3.1942E+00
   3.2392E-01  -4.7359E-01  -6.6096E-01   6.1934E-01  -1.2857E-01   7.0061E-02
   4.5627E+00  -4.3909E+00   6.8750E+00  -6.6145E+00  -1.7351E+00   9.4466E-01
   1.6581E+00  -1.6038E+00  -2.5696E+00   2.3619E+00   2.3199E+00  -2.2257E+00
   6.2335E+00  -5.9961E+00  -2.3229E+00   2.2261E+00   1.0042E+00  -9.8619E-01
  -4.0857E+00   3.8048E+00  -7.8075E-01   6.8359E-01  -6.5670E-01   6.1985E-01
  -7.8645E-01   6.8568E-01  -5.4268E+00   4.8319E+00  -3.4366E+00   3.1833E+00
   2.3145E+00  -2.2273E+00   1.6659E+00  -1.6019E+00  -1.2333E-01   7.1278E-02
  -5.8683E+00   5.4836E+00   1.0092E+00  -9.9086E-01   4.4534E+00  -4.3183E+00
  -2.5745E+00   2.3616E+00  -2.4459E+00   2.2973E+00
  > E    =  -1.299161272734E+03 +/-   4.233973374649E-04
  > varE =   1.817319959743E-02
* Computing derivatives.
    [walltime: 2m34s elapsed, 6m49s remaining]
  Done. [total walltime: 9m20s]
* Optimizing manipulation constant:
  #igrid a___________ E____________________________________ varE____________
     1     Infinity    -1.29916127E+03 +/-   4.23397337E-04   1.81731996E-02
     2     1.0000E+06  -1.29916127E+03 +/-   4.23397327E-04   1.81731987E-02
     3     2.1544E+05  -1.29916127E+03 +/-   4.23397290E-04   1.81731955E-02
     4     4.6416E+04  -1.29916127E+03 +/-   4.23397119E-04   1.81731808E-02
     5     1.0000E+04  -1.29916127E+03 +/-   4.23396322E-04   1.81731124E-02
     6     2.1544E+03  -1.29916127E+03 +/-   4.23392628E-04   1.81727953E-02
     7     4.6416E+02  -1.29916127E+03 +/-   4.23375587E-04   1.81713325E-02
     8     1.0000E+02  -1.29916128E+03 +/-   4.23298705E-04   1.81647335E-02
     9     2.1544E+01  -1.29916131E+03 +/-   4.22987126E-04   1.81380022E-02
    10     4.6416E+00  -1.29916139E+03 +/-   4.22386214E-04   1.80865037E-02
    11     1.0000E+00  -1.29915878E+03 +/-   4.52213924E-04   2.07311318E-02
    12     2.1544E-01 (error)
    13     4.6416E-02   2.10900235E+06 +/-   1.37852516E+09   1.92648019E+23
    14     1.0000E-02   2.70522176E+07 +/-   5.94283295E+10   3.58032290E+26
    15     2.1544E-03   4.67913391E+07 +/-   1.33561453E+11   1.80841217E+27
    16     4.6416E-04   5.26512665E+07 +/-   1.59012682E+11   2.56329550E+27
    17     1.0000E-04   5.40067201E+07 +/-   1.65101449E+11   2.76335654E+27
    18     2.1544E-05   5.43033155E+07 +/-   1.66443626E+11   2.80846807E+27
    19     4.6416E-06   5.43673877E+07 +/-   1.66734039E+11   2.81827711E+27
    20     1.0000E-06   5.43811692E+07 +/-   1.66796524E+11   2.82038985E+27
    21     0.0000E+00   5.43849792E+07 +/-   1.66813796E+11   2.82097399E+27
  ParMin   9.5211E+00  -1.29916134E+03 +/-   4.22628004E-04   1.81072165E-02
  # Using grid point #10
* Iteration # 1: E =  -1.299161394709E+03 +/-   4.223862139105E-04
* Computing derivatives.
    [walltime: 2m34s elapsed, 6m49s remaining]
  Done. [total walltime: 9m20s]
* Optimizing manipulation constant:
  #igrid a___________ E____________________________________ varE____________
     1     Infinity    -1.29916139E+03 +/-   4.22386214E-04   1.80865037E-02
     2     1.0000E+06  -1.29916139E+03 +/-   4.22386207E-04   1.80865031E-02
     3     2.1544E+05  -1.29916139E+03 +/-   4.22386182E-04   1.80865010E-02
     4     4.6416E+04  -1.29916139E+03 +/-   4.22386067E-04   1.80864911E-02
     5     1.0000E+04  -1.29916139E+03 +/-   4.22385534E-04   1.80864454E-02
     6     2.1544E+03  -1.29916139E+03 +/-   4.22383058E-04   1.80862335E-02
     7     4.6416E+02  -1.29916140E+03 +/-   4.22371608E-04   1.80852529E-02
     8     1.0000E+02  -1.29916140E+03 +/-   4.22319286E-04   1.80807725E-02
     9     2.1544E+01  -1.29916142E+03 +/-   4.22092899E-04   1.80613930E-02
    10     4.6416E+00  -1.29916149E+03 +/-   4.21303072E-04   1.79938628E-02
    11     1.0000E+00  -1.29916162E+03 +/-   4.19776650E-04   1.78637119E-02
    12     2.1544E-01  -1.29916172E+03 +/-   4.18547212E-04   1.77592270E-02
    13     4.6416E-02  -1.29916174E+03 +/-   4.18040558E-04   1.77162577E-02
    14     1.0000E-02  -1.29916174E+03 +/-   4.17895242E-04   1.77039431E-02
    15     2.1544E-03  -1.29916174E+03 +/-   4.17860969E-04   1.77010392E-02
    16     4.6416E-04  -1.29916174E+03 +/-   4.17853421E-04   1.77003998E-02
    17     1.0000E-04  -1.29916174E+03 +/-   4.17851787E-04   1.77002614E-02
    18     2.1544E-05  -1.29916174E+03 +/-   4.17851435E-04   1.77002315E-02
    19     4.6416E-06  -1.29916174E+03 +/-   4.17851359E-04   1.77002251E-02
    20     1.0000E-06  -1.29916174E+03 +/-   4.17851343E-04   1.77002237E-02
    21     0.0000E+00  -1.29916174E+03 +/-   4.17851338E-04   1.77002233E-02
* Iteration # 2: E =  -1.299161744227E+03 +/-   4.178513380333E-04
* Computing derivatives.
    [walltime: 2m34s elapsed, 6m49s remaining]
  Done. [total walltime: 9m20s]
* Optimizing manipulation constant:
  #igrid a___________ E____________________________________ varE____________
     1     Infinity    -1.29916174E+03 +/-   4.17851338E-04   1.77002233E-02
     2     1.0000E+06  -1.29916174E+03 +/-   4.17851338E-04   1.77002233E-02
     3     2.1544E+05  -1.29916174E+03 +/-   4.17851338E-04   1.77002233E-02
     4     4.6416E+04  -1.29916174E+03 +/-   4.17851336E-04   1.77002232E-02
     5     1.0000E+04  -1.29916174E+03 +/-   4.17851330E-04   1.77002226E-02
     6     2.1544E+03  -1.29916174E+03 +/-   4.17851299E-04   1.77002200E-02
     7     4.6416E+02  -1.29916174E+03 +/-   4.17851159E-04   1.77002082E-02
     8     1.0000E+02  -1.29916174E+03 +/-   4.17850512E-04   1.77001533E-02
     9     2.1544E+01  -1.29916174E+03 +/-   4.17847592E-04   1.76999060E-02
    10     4.6416E+00  -1.29916174E+03 +/-   4.17835603E-04   1.76988902E-02
    11     1.0000E+00  -1.29916174E+03 +/-   4.17799546E-04   1.76958357E-02
    12     2.1544E-01  -1.29916174E+03 +/-   4.17744221E-04   1.76911495E-02
    13     4.6416E-02  -1.29916174E+03 +/-   4.17707834E-04   1.76880677E-02
    14     1.0000E-02  -1.29916174E+03 +/-   4.17695459E-04   1.76870197E-02
    15     2.1544E-03  -1.29916174E+03 +/-   4.17692417E-04   1.76867620E-02
    16     4.6416E-04  -1.29916174E+03 +/-   4.17691741E-04   1.76867048E-02
    17     1.0000E-04  -1.29916174E+03 +/-   4.17691594E-04   1.76866923E-02
    18     2.1544E-05  -1.29916174E+03 +/-   4.17691562E-04   1.76866897E-02
    19     4.6416E-06  -1.29916174E+03 +/-   4.17691555E-04   1.76866891E-02
    20     1.0000E-06  -1.29916174E+03 +/-   4.17691554E-04   1.76866890E-02
    21     0.0000E+00  -1.29916174E+03 +/-   4.17691554E-04   1.76866889E-02
* Iteration # 3: E =  -1.299161744227E+03 +/-   4.178513380333E-04
* Convergence: exiting.
* After optimization:
  -2.5221E+01  -2.5223E+01  -2.5230E+01  -2.5222E+01  -2.5210E+01  -2.5201E+01
  -2.5210E+01  -2.5217E+01  -2.5203E+01   2.2581E+00   2.2662E+00   2.5929E+00
   2.2696E+00   2.0093E+00   1.3872E+00   2.0539E+00   1.8738E+00   1.8708E+00
   1.6597E+00   1.6528E+00   1.7641E+00   1.7552E+00   2.1048E+00   2.0976E+00
   1.2927E+00   1.2849E+00   2.1948E+00   2.1847E+00   2.1153E+00   2.1041E+00
   1.4479E+00   4.2497E-01   1.1922E+00   1.6035E+00   1.0310E+00   1.0371E+00
   1.1780E+00   1.1765E+00   1.7085E+00   1.5834E+00   1.5773E+00   1.7602E+00
   1.7569E+00   1.8555E+00   1.8522E+00   1.6547E+00   1.6525E+00   1.3091E+00
   1.3087E+00   1.1791E+00   1.1799E+00   1.6532E+00   1.6547E+00   8.1596E-01
   8.1280E-01   1.6339E+00   1.6357E+00   1.3174E+00   1.3136E+00   1.9942E+00
   1.9882E+00   1.3382E+00   1.3379E+00   1.2435E+00   1.2435E+00   1.4635E+00
   1.4653E+00   1.7998E+00   1.7940E+00   1.5146E+00   1.5121E+00   1.3332E+00
   8.0638E-01   8.1075E-01   7.0275E-01   6.9902E-01   1.2785E+00   1.2763E+00
   1.3116E+00   1.3159E+00   1.9967E+00   2.0026E+00   7.0651E-01   7.0648E-01
   8.9752E-01   8.9198E-01   6.8585E-01   6.9001E-01   7.8307E-01   7.8408E-01
   1.4510E+00   1.4445E+00   1.3777E+00   1.3799E+00   7.9798E-01   7.9867E-01
   1.4177E+00   1.4236E+00   1.0067E+00   1.0082E+00   7.5048E-01   7.5147E-01
   1.1441E+00   1.1455E+00   8.0392E-01   7.9910E-01   4.1284E-01   5.7014E-01
   5.7311E-01   8.6265E-01   8.6082E-01   1.5086E+00   1.5082E+00   8.7875E-01
   8.8340E-01   4.7653E-01   4.7605E-01   6.7573E-01   6.7472E-01   8.8958E-01
   8.8366E-01   4.4847E-01   1.1838E+00   1.1790E+00   5.2600E-02   5.2274E-02
   8.5525E-01   8.5634E-01   9.9501E-01   9.9292E-01   9.6525E-01   9.6618E-01
   7.5544E-01   7.5085E-01   7.2497E-01   7.2555E-01   5.1341E-01   5.1094E-01
   7.7881E-01   7.8299E-01   1.9796E-02   2.0812E-02   7.2436E-01   7.2642E-01
   5.2010E-01   5.1844E-01   6.7310E-01   6.7550E-01   1.4563E+00   1.4580E+00
   1.5433E+00   1.5377E+00   6.5448E-01   6.5216E-01   5.9181E-01   5.9580E-01
   1.6454E-01   1.6693E-01  -3.1523E-01   7.3151E-01   7.2952E-01   6.4527E-01
   6.4843E-01   6.6858E-01   1.5848E-01   1.5815E-01   6.5023E-01   6.5125E-01
   1.4023E-01   1.4052E-01   7.2779E-01   7.2879E-01   1.6193E-01   1.5605E-01
   7.6298E-01   7.5629E-01   6.0314E-01   6.0330E-01   6.7016E-01   9.4423E-01
   9.4075E-01   7.8017E-01   7.7668E-01  -1.6912E-01  -1.6852E-01   6.6452E-01
   6.6436E-01   8.7324E-01   8.7530E-01   8.0984E-01   8.0803E-01   8.7989E-01
   8.8353E-01   1.4945E-01   1.4919E-01   3.1379E-01   3.1642E-01   5.6725E-01
   5.7069E-01   5.9848E-01   5.9349E-01   3.3893E-01   3.4062E-01   3.1968E-02
   6.4500E-01   6.4563E-01   1.6787E-01   1.6917E-01   1.2680E-01   1.2679E-01
   5.8316E-01   5.8425E-01   5.5061E-01   5.4434E-01  -1.8674E-01  -1.8880E-01
   7.6342E-01   7.6079E-01   6.7569E-03   6.0855E-03   2.2640E-01   2.2547E-01
   6.7450E-01   6.7229E-01  -3.4269E-01   4.2726E-01   4.3037E-01   3.2629E-01
   3.3017E-01   5.5279E-01   5.5455E-01  -8.4957E-02  -9.0003E-02   1.2826E-01
   1.3139E-01  -1.8756E-01  -1.8931E-01   2.2524E-01   2.2414E-01   3.3930E-01
   3.4354E-01   1.5485E+00   1.5448E+00   1.2562E-01   1.2555E-01   2.1990E-02
   1.9464E-02   9.3705E-02   9.4537E-02  -1.6760E-01  -1.7264E-01  -1.8885E-01
  -1.9324E-01   7.3588E-01   7.3443E-01  -1.0606E-02  -1.1488E-02   2.1798E-01
  -3.0396E-02  -1.9116E-01  -1.9617E-01   3.8809E-02   1.7260E-03   3.1818E-01
   3.2345E-01   1.1222E-01   1.1051E-01   1.8023E-02   2.1799E-02   1.1015E-01
   1.1012E-01   6.4722E-01   6.5177E-01   3.1795E-01   3.1340E-01  -2.5298E-02
  -1.7373E-02  -1.5496E-02   9.6228E-02   8.9533E-02   4.3281E-01   4.3528E-01
   7.5956E-03  -9.1549E-02  -9.3746E-02   2.1822E-01   1.3096E-01   1.2962E-01
  -1.9155E+00  -2.0839E-01  -3.7610E+00   1.3035E+00  -1.1113E+01   8.8811E+00
  -1.0863E+01   8.8869E+00   4.8865E-01  -1.8385E+00  -2.2649E+00   2.6207E-01
  -8.3810E-01  -9.4336E-01  -7.4950E-01  -8.0919E-01  -4.6845E+00   3.0161E+00
  -1.0382E+01   8.3636E+00   4.9875E+00  -6.1969E+00  -1.3143E+00  -8.0204E-01
  -5.3572E+00   3.3283E+00  -9.7061E+00   8.2529E+00   9.7198E+00  -1.0145E+01
   6.4276E-01  -1.8393E+00  -8.7257E-02  -1.5263E+00   5.1199E+00  -6.1832E+00
  -5.1532E-02  -1.1549E+00  -9.7581E+00   8.0242E+00   2.2082E-01  -1.8226E+00
  -1.1573E+00  -6.1462E-01  -2.8554E+00   1.0104E+00  -6.4724E+00   4.8253E+00
  -5.0845E+00   3.7760E+00  -4.9554E+00   3.7769E+00  -5.2022E+00   3.5362E+00
   5.1436E+00  -5.9728E+00  -1.0236E+01   8.5883E+00  -4.5603E+00   3.2277E+00
  -2.9465E+00   9.1230E-01  -5.0364E+00   3.6691E+00  -6.5009E-01  -6.1150E-01
  -5.1619E+00   3.6701E+00  -6.5512E+00   4.7255E+00  -7.6543E-01  -7.6727E-01
  -9.6067E+00   8.2731E+00   1.0870E-01  -9.1598E-01   5.2675E+00  -5.9674E+00
   3.6274E-01  -1.6324E+00  -1.0126E+01   8.8118E+00  -1.9233E+00  -1.2578E-01
   3.9853E+00  -4.6933E+00  -4.3309E+00   3.4374E+00  -2.9582E-01  -3.9017E-01
   8.2031E-01  -1.6034E+00  -5.3766E+00   3.9251E+00  -1.3552E+00  -2.9900E-02
   3.9438E+00  -4.7338E+00  -1.0172E+01   8.7571E+00  -4.3760E+00   3.3723E+00
  -4.5743E-01  -2.9356E-01  -1.0519E+01   9.3721E+00  -3.4143E-01  -4.5138E-01
   9.4965E-01  -1.3617E+00   5.0470E+00  -5.6209E+00  -4.2598E+00   3.3955E+00
  -7.0784E+00   5.5723E+00  -5.5618E+00   4.6812E+00   2.9129E-01  -7.6743E-01
   3.3120E+00  -3.9904E+00   7.7842E-01  -1.6609E+00   9.3731E-01  -1.3845E+00
  -1.0535E+01   9.3519E+00   5.5474E+00  -5.6029E+00  -5.5476E+00   4.6917E+00
  -9.9575E+00   8.9642E+00  -9.9429E+00   8.9776E+00  -4.6745E+00   3.9223E+00
  -5.9557E+00   5.2318E+00  -4.6786E+00   4.1665E+00  -4.6967E-01  -3.1208E-01
   5.5630E+00  -5.5831E+00  -1.1225E+00   3.9731E-01  -4.6792E+00   4.1639E+00
   5.8308E-01  -1.2573E+00  -1.3964E+00  -5.3962E-02  -7.0954E+00   5.5567E+00
   3.3336E+00  -3.9833E+00  -5.4060E+00   4.8135E+00  -8.5201E-02  -8.2553E-02
   1.0155E+01  -9.8380E+00  -4.6639E+00   3.9337E+00   5.9428E-01  -1.2403E+00
  -1.0331E+01   9.6609E+00  -1.5176E-01  -6.6684E-03   5.0084E+00  -5.6603E+00
   1.1547E+00  -1.2943E+00  -5.9578E+00   5.2282E+00  -1.5248E-01  -8.3771E-03
  -6.6535E+00   5.8952E+00  -4.1137E+00   3.5124E+00  -1.0331E+01   9.6619E+00
  -4.2934E+00   3.3492E+00  -4.5099E+00   3.7311E+00   4.4357E+00  -4.2691E+00
  -4.9274E+00   4.2611E+00  -6.2358E+00   5.3621E+00  -4.5299E+00   3.7175E+00
  -6.2430E+00   5.3629E+00   1.1494E+00  -1.2988E+00  -4.5039E+00   4.1875E+00
   2.5701E-01  -8.2622E-01  -5.4055E+00   4.8124E+00  -5.8160E+00   5.4742E+00
  -1.3165E+00   1.2853E+00  -6.1135E+00   5.4647E+00  -8.4767E-02  -8.4264E-02
   8.6607E-01  -9.9448E-01  -4.1068E+00   3.5207E+00  -4.3822E+00   3.8357E+00
   5.7436E+00  -5.5572E+00  -6.6560E+00   5.8941E+00  -7.7366E-04  -4.7570E-03
  -8.6353E-01   6.3399E-01  -4.9313E+00   4.2584E+00   1.0164E+01  -9.8203E+00
  -6.5386E+00   6.1105E+00  -4.8056E+00   4.4794E+00  -4.3864E+00   3.8279E+00
   3.7200E+00  -3.6307E+00  -2.0434E+00   1.9121E+00   5.4493E+00  -5.2632E+00
  -8.5958E-01   6.3839E-01  -5.8156E+00   5.4741E+00  -5.4180E+00   3.8765E+00
   8.7081E-01  -9.9436E-01  -3.0564E-01   2.8658E-01  -7.2004E-01   6.2646E-01
   4.4371E+00  -4.2661E+00   5.7446E+00  -5.5527E+00  -1.1257E+00   3.9379E-01
   1.0122E+00  -1.0006E+00  -2.7585E+00   2.5432E+00   1.3115E+00  -1.2814E+00
   5.4518E+00  -5.2575E+00  -1.3209E+00   1.2773E+00   6.9920E-01  -7.0954E-01
  -4.8039E+00   4.4835E+00  -1.0316E+00   9.1974E-01  -3.0849E-01   2.8864E-01
  -1.0263E+00   9.2169E-01  -6.1103E+00   5.4661E+00  -4.5046E+00   4.1896E+00
   1.3150E+00  -1.2840E+00   1.0147E+00  -9.9538E-01  -7.2188E-01   6.2866E-01
  -6.5414E+00   6.1064E+00   6.9861E-01  -7.0629E-01   3.7198E+00  -3.6258E+00
  -2.7603E+00   2.5395E+00  -2.0408E+00   1.9109E+00
  > Energy =  -1.299161744227E+03 +/-   4.178513380333E-04
  > varE =   1.770022331282E-02

VMC #7:
* Size of Hilbert space =   5.4457E+18
* Number of equil. steps   = 1000
* Running VMC equilibration.
  Done. [total walltime: 0.10s]
* Equil. acc.ratio (%)     =  10.7668
* Sample config after equilibration:
  [draw: system geometry not defined]
* Number of accum. steps   = 506880 x 10
* Running VMC accumulation.
  Done. [total walltime: 13.2s]
* Acceptance ratio (%)     =  10.7182
* Etot/t                   =  -1.299160068854E+03 +/-   1.908280792810E-04
  > Ttot/t                 =  -1.396068215076E+02 +/-   1.193438380905E-03
  > Utot/t                 =   6.245210153364E+01 +/-   1.178491852826E-03
* var[Eloc/t]              =   1.750108833383E-02 +/-   1.242374467709E-04
* Correlation length       =   1.054689583707E+00
* log10 Psi^2 range: -187.8857300084455 -- -173.0180194404383
* log10 Pgen range : -187.8857300084455 -- -173.0180194404383
* Site occupation (ave. no. electrons per config.):
  > Site_  ___eu____  ___ed____
      1        0.496      0.501
      2        0.499      0.497
      3        0.497      0.497
      4        0.500      0.493
      5        0.500      0.494
      6        0.504      0.504
      7        0.505      0.504
      8        0.503      0.505
      9        0.504      0.501
     10        0.503      0.501
     11        0.500      0.495
     12        0.498      0.495
     13        0.498      0.499
     14        0.493      0.498
     15        0.496      0.496
     16        0.501      0.502
     17        0.502      0.503
     18        0.504      0.505
     19        0.501      0.501
     20        0.497      0.501
     21        0.498      0.497
     22        0.504      0.505
     23        0.503      0.497
     24        0.501      0.506
     25        0.503      0.500
     26        0.501      0.500
     27        0.500      0.507
     28        0.505      0.502
     29        0.498      0.507
     30        0.495      0.500
     31        0.496      0.496
     32        0.496      0.498
     33        0.499      0.496
     34        0.499      0.498
* Pair-correlation analysis (ave. no. pairs per config.):
  > Shell  nsite  ___dh____  __eueu___  __eued___
      0      1        0          0          6.108
      1      0        0.968      0.470      2.576
      2      0        0.228      0.800      1.040
      3      0        0.267      0.747      1.041
      4      0        0.138      0.368      0.521
      5      0        0.272      0.732      1.040
      6      0        0.254      0.765      1.029
      7      0        0.820      0.795      2.418
      8      0        0.747      0.971      2.346
      9      0        0.686      1.096      2.278
     10      0        0.634      1.221      2.228
     11      0        0.582      1.341      2.168
     12      0        0.450      1.584      2.055
     13      0        0.525      1.461      2.120
     14      0        0.156      0.809      1.157
     15      0        0.155      0.824      1.147
     16      0        0.151      0.841      1.119
     17      0        0.148      0.868      1.059
     18      0        0.241      2.100      1.939
     19      0        0.243      2.105      1.939
     20      0        0.122      1.056      0.963
     21      0        0.239      2.071      1.920
     22      0        0.251      2.024      1.952
     23      0        0.278      1.922      2.042
     24      0        0.309      1.901      2.029
     25      0        0.322      1.888      2.027
     26      0        0.321      1.883      2.040
     27      0        0.257      2.065      1.954
     28      0        0.256      2.088      1.938
     29      0        0.261      2.105      1.923
     30      0        0.260      2.111      1.908
     31      0        0.243      2.095      1.938
     32      0        0.294      2.057      1.924
     33      0        0.257      2.118      1.919
     34      0        0.290      2.057      1.927
     35      0        0.285      2.064      1.922
     36      0        0.250      2.106      1.914
     37      0        0.118      0.975      1.049
     38      0        0.238      1.962      2.089
     39      0        0.237      1.971      2.072
     40      0        0.235      1.961      2.036
     41      0        0.264      2.050      1.961
     42      0        0.218      2.106      1.935
     43      0        0.258      2.048      1.961
     44      0        0.266      2.039      1.959
     45      0        0.265      2.042      1.975
     46      0        0.264      2.020      1.972
     47      0        0.260      2.000      1.968
     48      0        0.234      2.063      1.975
     49      0        0.279      1.873      2.103
     50      0        0.281      1.896      2.083
     51      0        0.281      1.915      2.057
     52      0        0.296      1.942      2.003
     53      0        0.303      1.946      2.015
     54      0        0.280      1.940      2.053
     55      0        0.154      0.966      0.999
     56      0        0.233      1.995      2.018
     57      0        0.236      2.001      2.041
     58      0        0.267      1.970      2.026
     59      0        0.266      1.968      2.026
     60      0        0.240      1.999      2.051
     61      0        0.238      1.980      2.059
     62      0        0.276      1.943      2.029
     63      0        0.148      1.002      0.976
     64      0        0.298      2.012      1.956
     65      0        0.267      1.980      2.020
     66      0        0.262      2.017      1.984
     67      0        0.268      1.974      2.030
     68      0        0.263      2.027      1.986
     69      0        0.270      1.980      2.014
     70      0        0.295      1.970      1.989
     71      0        0.301      1.967      1.987
     72      0        0.288      2.008      1.955
     73      0        0.266      2.014      1.990
     74      0        0.264      1.986      2.005
     75      0        0.301      1.988      1.965
     76      0        0.264      1.971      1.983
     77      0        0.265      1.845      2.135
     78      0        0.259      2.033      1.977
     79      0        0.237      2.041      2.002
     80      0        0.260      2.006      2.000
     81      0        0.265      2.011      2.000
     82      0        0.119      1.020      1.008
     83      0        0.269      2.010      1.986
     84      0        0.264      1.977      1.973
     85      0        0.149      0.994      0.988
     86      0        0.297      1.967      1.976
     87      0        0.234      2.025      1.984
     88      0        0.262      2.003      1.993
     89      0        0.292      1.993      1.972
     90      0        0.291      1.980      1.972
     91      0        0.265      1.998      2.004
     92      0        0.236      2.031      2.012
     93      0        0.148      0.987      0.995
     94      0        0.236      2.047      1.996
     95      0        0.229      2.006      2.010
     96      0        0.258      2.009      2.001
     97      0        0.263      1.983      1.981
     98      0        0.239      2.023      2.012
     99      0        0.237      2.007      1.996
    100      0        0.236      2.009      2.035
    101      0        0.268      1.985      2.000
    102      0        0.263      2.003      1.997
    103      0        0.236      2.054      1.999
    104      0        0.263      1.993      2.007
    105      0        0.289      1.983      1.980
    106      0        0.141      0.988      0.993
    107      0        0.231      2.025      2.024
    108      0        0.265      1.997      2.013
    109      0        0.263      1.978      1.975
    110      0        0.237      2.013      2.026
    111      0        0.235      2.002      1.999
    112      0        0.236      2.026      2.019
    113      0        0.265      2.006      1.995
    114      0        0.261      2.000      1.989
    115      0        0.260      2.001      1.997
    116      0        0.265      1.980      1.985
    117      0        0.116      1.012      1.022
    118      0        0.261      2.012      1.994
    119      0        0.257      1.989      1.984
    120      0        0.231      2.010      2.004
    121      0        0.234      2.025      2.024
    122      0        0.258      1.996      2.000
    123      0        0.233      2.003      2.010
    124      0        0.267      1.990      1.996
    125      0        0.292      1.979      1.981
    126      0        0.267      1.952      2.005
    127      0        0.263      1.977      1.977
    128      0        0.255      1.983      1.979
    129      0        0.236      2.018      2.013
    130      0        0.255      2.002      2.011
    131      0        0.235      2.023      2.024
    132      0        0.264      2.006      1.984
    133      0        0.231      1.999      2.003
    134      0        0.116      1.013      1.004
    135      0        0.118      1.010      1.008
    136      0        0.234      2.011      1.998
    137      0        0.141      0.988      0.991
    138      0        0.115      0.988      0.996
    139      0        0.263      1.971      1.990
    140      0        0.230      1.995      2.007
    141      0        0.257      1.978      1.980
    142      0        0.234      2.008      1.992
    143      0        0.240      2.010      2.025
    144      0        0.265      1.995      2.005
    145      0        0.116      1.006      1.015
    146      0        0.231      2.006      1.994
    147      0        0.232      2.016      2.022
    148      0        0.267      1.996      1.999
    149      0        0.114      0.992      0.990
    150      0        0.232      2.020      2.030
    151      0        0.117      1.006      1.014
    152      0        0.255      2.000      2.001
    153      0        0.258      1.998      1.997

Optimization #7:
* Method          : lls
* Target function : energy
* No. of configs. : 101376
* No. of params.  : 592
* Before optimization:
  -2.5221E+01  -2.5223E+01  -2.5230E+01  -2.5222E+01  -2.5210E+01  -2.5201E+01
  -2.5210E+01  -2.5217E+01  -2.5203E+01   2.2581E+00   2.2662E+00   2.5929E+00
   2.2696E+00   2.0093E+00   1.3872E+00   2.0539E+00   1.8738E+00   1.8708E+00
   1.6597E+00   1.6528E+00   1.7641E+00   1.7552E+00   2.1048E+00   2.0976E+00
   1.2927E+00   1.2849E+00   2.1948E+00   2.1847E+00   2.1153E+00   2.1041E+00
   1.4479E+00   4.2497E-01   1.1922E+00   1.6035E+00   1.0310E+00   1.0371E+00
   1.1780E+00   1.1765E+00   1.7085E+00   1.5834E+00   1.5773E+00   1.7602E+00
   1.7569E+00   1.8555E+00   1.8522E+00   1.6547E+00   1.6525E+00   1.3091E+00
   1.3087E+00   1.1791E+00   1.1799E+00   1.6532E+00   1.6547E+00   8.1596E-01
   8.1280E-01   1.6339E+00   1.6357E+00   1.3174E+00   1.3136E+00   1.9942E+00
   1.9882E+00   1.3382E+00   1.3379E+00   1.2435E+00   1.2435E+00   1.4635E+00
   1.4653E+00   1.7998E+00   1.7940E+00   1.5146E+00   1.5121E+00   1.3332E+00
   8.0638E-01   8.1075E-01   7.0275E-01   6.9902E-01   1.2785E+00   1.2763E+00
   1.3116E+00   1.3159E+00   1.9967E+00   2.0026E+00   7.0651E-01   7.0648E-01
   8.9752E-01   8.9198E-01   6.8585E-01   6.9001E-01   7.8307E-01   7.8408E-01
   1.4510E+00   1.4445E+00   1.3777E+00   1.3799E+00   7.9798E-01   7.9867E-01
   1.4177E+00   1.4236E+00   1.0067E+00   1.0082E+00   7.5048E-01   7.5147E-01
   1.1441E+00   1.1455E+00   8.0392E-01   7.9910E-01   4.1284E-01   5.7014E-01
   5.7311E-01   8.6265E-01   8.6082E-01   1.5086E+00   1.5082E+00   8.7875E-01
   8.8340E-01   4.7653E-01   4.7605E-01   6.7573E-01   6.7472E-01   8.8958E-01
   8.8366E-01   4.4847E-01   1.1838E+00   1.1790E+00   5.2600E-02   5.2274E-02
   8.5525E-01   8.5634E-01   9.9501E-01   9.9292E-01   9.6525E-01   9.6618E-01
   7.5544E-01   7.5085E-01   7.2497E-01   7.2555E-01   5.1341E-01   5.1094E-01
   7.7881E-01   7.8299E-01   1.9796E-02   2.0812E-02   7.2436E-01   7.2642E-01
   5.2010E-01   5.1844E-01   6.7310E-01   6.7550E-01   1.4563E+00   1.4580E+00
   1.5433E+00   1.5377E+00   6.5448E-01   6.5216E-01   5.9181E-01   5.9580E-01
   1.6454E-01   1.6693E-01  -3.1523E-01   7.3151E-01   7.2952E-01   6.4527E-01
   6.4843E-01   6.6858E-01   1.5848E-01   1.5815E-01   6.5023E-01   6.5125E-01
   1.4023E-01   1.4052E-01   7.2779E-01   7.2879E-01   1.6193E-01   1.5605E-01
   7.6298E-01   7.5629E-01   6.0314E-01   6.0330E-01   6.7016E-01   9.4423E-01
   9.4075E-01   7.8017E-01   7.7668E-01  -1.6912E-01  -1.6852E-01   6.6452E-01
   6.6436E-01   8.7324E-01   8.7530E-01   8.0984E-01   8.0803E-01   8.7989E-01
   8.8353E-01   1.4945E-01   1.4919E-01   3.1379E-01   3.1642E-01   5.6725E-01
   5.7069E-01   5.9848E-01   5.9349E-01   3.3893E-01   3.4062E-01   3.1968E-02
   6.4500E-01   6.4563E-01   1.6787E-01   1.6917E-01   1.2680E-01   1.2679E-01
   5.8316E-01   5.8425E-01   5.5061E-01   5.4434E-01  -1.8674E-01  -1.8880E-01
   7.6342E-01   7.6079E-01   6.7569E-03   6.0855E-03   2.2640E-01   2.2547E-01
   6.7450E-01   6.7229E-01  -3.4269E-01   4.2726E-01   4.3037E-01   3.2629E-01
   3.3017E-01   5.5279E-01   5.5455E-01  -8.4957E-02  -9.0003E-02   1.2826E-01
   1.3139E-01  -1.8756E-01  -1.8931E-01   2.2524E-01   2.2414E-01   3.3930E-01
   3.4354E-01   1.5485E+00   1.5448E+00   1.2562E-01   1.2555E-01   2.1990E-02
   1.9464E-02   9.3705E-02   9.4537E-02  -1.6760E-01  -1.7264E-01  -1.8885E-01
  -1.9324E-01   7.3588E-01   7.3443E-01  -1.0606E-02  -1.1488E-02   2.1798E-01
  -3.0396E-02  -1.9116E-01  -1.9617E-01   3.8809E-02   1.7260E-03   3.1818E-01
   3.2345E-01   1.1222E-01   1.1051E-01   1.8023E-02   2.1799E-02   1.1015E-01
   1.1012E-01   6.4722E-01   6.5177E-01   3.1795E-01   3.1340E-01  -2.5298E-02
  -1.7373E-02  -1.5496E-02   9.6228E-02   8.9533E-02   4.3281E-01   4.3528E-01
   7.5956E-03  -9.1549E-02  -9.3746E-02   2.1822E-01   1.3096E-01   1.2962E-01
  -1.9155E+00  -2.0839E-01  -3.7610E+00   1.3035E+00  -1.1113E+01   8.8811E+00
  -1.0863E+01   8.8869E+00   4.8865E-01  -1.8385E+00  -2.2649E+00   2.6207E-01
  -8.3810E-01  -9.4336E-01  -7.4950E-01  -8.0919E-01  -4.6845E+00   3.0161E+00
  -1.0382E+01   8.3636E+00   4.9875E+00  -6.1969E+00  -1.3143E+00  -8.0204E-01
  -5.3572E+00   3.3283E+00  -9.7061E+00   8.2529E+00   9.7198E+00  -1.0145E+01
   6.4276E-01  -1.8393E+00  -8.7257E-02  -1.5263E+00   5.1199E+00  -6.1832E+00
  -5.1532E-02  -1.1549E+00  -9.7581E+00   8.0242E+00   2.2082E-01  -1.8226E+00
  -1.1573E+00  -6.1462E-01  -2.8554E+00   1.0104E+00  -6.4724E+00   4.8253E+00
  -5.0845E+00   3.7760E+00  -4.9554E+00   3.7769E+00  -5.2022E+00   3.5362E+00
   5.1436E+00  -5.9728E+00  -1.0236E+01   8.5883E+00  -4.5603E+00   3.2277E+00
  -2.9465E+00   9.1230E-01  -5.0364E+00   3.6691E+00  -6.5009E-01  -6.1150E-01
  -5.1619E+00   3.6701E+00  -6.5512E+00   4.7255E+00  -7.6543E-01  -7.6727E-01
  -9.6067E+00   8.2731E+00   1.0870E-01  -9.1598E-01   5.2675E+00  -5.9674E+00
   3.6274E-01  -1.6324E+00  -1.0126E+01   8.8118E+00  -1.9233E+00  -1.2578E-01
   3.9853E+00  -4.6933E+00  -4.3309E+00   3.4374E+00  -2.9582E-01  -3.9017E-01
   8.2031E-01  -1.6034E+00  -5.3766E+00   3.9251E+00  -1.3552E+00  -2.9900E-02
   3.9438E+00  -4.7338E+00  -1.0172E+01   8.7571E+00  -4.3760E+00   3.3723E+00
  -4.5743E-01  -2.9356E-01  -1.0519E+01   9.3721E+00  -3.4143E-01  -4.5138E-01
   9.4965E-01  -1.3617E+00   5.0470E+00  -5.6209E+00  -4.2598E+00   3.3955E+00
  -7.0784E+00   5.5723E+00  -5.5618E+00   4.6812E+00   2.9129E-01  -7.6743E-01
   3.3120E+00  -3.9904E+00   7.7842E-01  -1.6609E+00   9.3731E-01  -1.3845E+00
  -1.0535E+01   9.3519E+00   5.5474E+00  -5.6029E+00  -5.5476E+00   4.6917E+00
  -9.9575E+00   8.9642E+00  -9.9429E+00   8.9776E+00  -4.6745E+00   3.9223E+00
  -5.9557E+00   5.2318E+00  -4.6786E+00   4.1665E+00  -4.6967E-01  -3.1208E-01
   5.5630E+00  -5.5831E+00  -1.1225E+00   3.9731E-01  -4.6792E+00   4.1639E+00
   5.8308E-01  -1.2573E+00  -1.3964E+00  -5.3962E-02  -7.0954E+00   5.5567E+00
   3.3336E+00  -3.9833E+00  -5.4060E+00   4.8135E+00  -8.5201E-02  -8.2553E-02
   1.0155E+01  -9.8380E+00  -4.6639E+00   3.9337E+00   5.9428E-01  -1.2403E+00
  -1.0331E+01   9.6609E+00  -1.5176E-01  -6.6684E-03   5.0084E+00  -5.6603E+00
   1.1547E+00  -1.2943E+00  -5.9578E+00   5.2282E+00  -1.5248E-01  -8.3771E-03
  -6.6535E+00   5.8952E+00  -4.1137E+00   3.5124E+00  -1.0331E+01   9.6619E+00
  -4.2934E+00   3.3492E+00  -4.5099E+00   3.7311E+00   4.4357E+00  -4.2691E+00
  -4.9274E+00   4.2611E+00  -6.2358E+00   5.3621E+00  -4.5299E+00   3.7175E+00
  -6.2430E+00   5.3629E+00   1.1494E+00  -1.2988E+00  -4.5039E+00   4.1875E+00
   2.5701E-01  -8.2622E-01  -5.4055E+00   4.8124E+00  -5.8160E+00   5.4742E+00
  -1.3165E+00   1.2853E+00  -6.1135E+00   5.4647E+00  -8.4767E-02  -8.4264E-02
   8.6607E-01  -9.9448E-01  -4.1068E+00   3.5207E+00  -4.3822E+00   3.8357E+00
   5.7436E+00  -5.5572E+00  -6.6560E+00   5.8941E+00  -7.7366E-04  -4.7570E-03
  -8.6353E-01   6.3399E-01  -4.9313E+00   4.2584E+00   1.0164E+01  -9.8203E+00
  -6.5386E+00   6.1105E+00  -4.8056E+00   4.4794E+00  -4.3864E+00   3.8279E+00
   3.7200E+00  -3.6307E+00  -2.0434E+00   1.9121E+00   5.4493E+00  -5.2632E+00
  -8.5958E-01   6.3839E-01  -5.8156E+00   5.4741E+00  -5.4180E+00   3.8765E+00
   8.7081E-01  -9.9436E-01  -3.0564E-01   2.8658E-01  -7.2004E-01   6.2646E-01
   4.4371E+00  -4.2661E+00   5.7446E+00  -5.5527E+00  -1.1257E+00   3.9379E-01
   1.0122E+00  -1.0006E+00  -2.7585E+00   2.5432E+00   1.3115E+00  -1.2814E+00
   5.4518E+00  -5.2575E+00  -1.3209E+00   1.2773E+00   6.9920E-01  -7.0954E-01
  -4.8039E+00   4.4835E+00  -1.0316E+00   9.1974E-01  -3.0849E-01   2.8864E-01
  -1.0263E+00   9.2169E-01  -6.1103E+00   5.4661E+00  -4.5046E+00   4.1896E+00
   1.3150E+00  -1.2840E+00   1.0147E+00  -9.9538E-01  -7.2188E-01   6.2866E-01
  -6.5414E+00   6.1064E+00   6.9861E-01  -7.0629E-01   3.7198E+00  -3.6258E+00
  -2.7603E+00   2.5395E+00  -2.0408E+00   1.9109E+00
  > E    =  -1.299160372033E+03 +/-   4.146512477982E-04
  > varE =   1.743014919451E-02
* Computing derivatives.
    [walltime: 2m34s elapsed, 6m52s remaining]
  Done. [total walltime: 9m17s]
* Optimizing manipulation constant:
  #igrid a___________ E____________________________________ varE____________
     1     Infinity    -1.29916037E+03 +/-   4.14651248E-04   1.74301492E-02
     2     1.0000E+06  -1.29916037E+03 +/-   4.14651240E-04   1.74301486E-02
     3     2.1544E+05  -1.29916037E+03 +/-   4.14651213E-04   1.74301463E-02
     4     4.6416E+04  -1.29916037E+03 +/-   4.14651086E-04   1.74301356E-02
     5     1.0000E+04  -1.29916037E+03 +/-   4.14650493E-04   1.74300858E-02
     6     2.1544E+03  -1.29916037E+03 +/-   4.14647716E-04   1.74298522E-02
     7     4.6416E+02  -1.29916037E+03 +/-   4.14634208E-04   1.74287166E-02
     8     1.0000E+02  -1.29916038E+03 +/-   4.14558380E-04   1.74223426E-02
     9     2.1544E+01  -1.29916040E+03 +/-   4.13964638E-04   1.73724728E-02
    10     4.6416E+00  -1.29915883E+03 +/-   4.21514646E-04   1.80119399E-02
    11     1.0000E+00  -1.29745505E+03 +/-   3.05879620E-03   9.48497599E-01
    12     2.1544E-01  -1.29885410E+03 +/-   9.61980741E-03   9.38140545E+00
    13     4.6416E-02  -1.29821748E+03 +/-   2.09190381E-03   4.43627618E-01
    14     1.0000E-02  -1.29848370E+03 +/-   2.13015748E-03   4.60000785E-01
    15     2.1544E-03  -1.29855002E+03 +/-   2.14581789E-03   4.66789280E-01
    16     4.6416E-04  -1.29856480E+03 +/-   2.14956844E-03   4.68422456E-01
    17     1.0000E-04  -1.29856801E+03 +/-   2.15039441E-03   4.68782504E-01
    18     2.1544E-05  -1.29856870E+03 +/-   2.15057319E-03   4.68860456E-01
    19     4.6416E-06  -1.29856885E+03 +/-   2.15061175E-03   4.68877268E-01
    20     1.0000E-06  -1.29856888E+03 +/-   2.15062005E-03   4.68880891E-01
    21     0.0000E+00  -1.29856889E+03 +/-   2.15062234E-03   4.68881886E-01
  ParMin   4.5558E+01  -1.29916039E+03 +/-   4.14403190E-04   1.74093009E-02
  # Using grid point #9
* Iteration # 1: E =  -1.299160396344E+03 +/-   4.139646379003E-04
* Diminishing returns: exiting.
* After optimization:
  -2.5111E+01  -2.5113E+01  -2.5120E+01  -2.5112E+01  -2.5100E+01  -2.5091E+01
  -2.5100E+01  -2.5108E+01  -2.5093E+01   2.2659E+00   2.2739E+00   2.5962E+00
   2.2705E+00   2.0141E+00   1.2368E+00   1.9762E+00   1.8756E+00   1.8724E+00
   1.6903E+00   1.6833E+00   1.6947E+00   1.6859E+00   2.1128E+00   2.1059E+00
   1.2475E+00   1.2396E+00   2.1622E+00   2.1523E+00   2.1558E+00   2.1445E+00
   1.4595E+00   4.8547E-01   1.2722E+00   1.6156E+00   1.1012E+00   1.1071E+00
   1.2143E+00   1.2125E+00   1.7200E+00   1.6295E+00   1.6237E+00   1.7275E+00
   1.7242E+00   1.8182E+00   1.8150E+00   1.6163E+00   1.6140E+00   1.2339E+00
   1.2335E+00   1.1061E+00   1.1069E+00   1.6937E+00   1.6947E+00   7.7089E-01
   7.6781E-01   1.6421E+00   1.6439E+00   1.2480E+00   1.2441E+00   1.9567E+00
   1.9510E+00   1.2651E+00   1.2649E+00   1.2738E+00   1.2741E+00   1.3881E+00
   1.3901E+00   1.7614E+00   1.7557E+00   1.5158E+00   1.5133E+00   1.3450E+00
   8.4294E-01   8.4704E-01   7.7244E-01   7.6907E-01   1.3249E+00   1.3226E+00
   1.3180E+00   1.3219E+00   2.0046E+00   2.0103E+00   6.9759E-01   6.9764E-01
   8.2761E-01   8.2235E-01   7.1903E-01   7.2291E-01   7.4764E-01   7.4846E-01
   1.4574E+00   1.4511E+00   1.4195E+00   1.4217E+00   7.8918E-01   7.9017E-01
   1.4238E+00   1.4295E+00   9.3674E-01   9.3815E-01   6.3609E-01   6.3723E-01
   1.1471E+00   1.1485E+00   8.3664E-01   8.3188E-01   2.6128E-01   6.0584E-01
   6.0905E-01   9.0860E-01   9.0670E-01   1.5107E+00   1.5100E+00   8.4591E-01
   8.5035E-01   5.1279E-01   5.1238E-01   7.0697E-01   7.0603E-01   8.5389E-01
   8.4830E-01   2.9703E-01   1.1866E+00   1.1821E+00   7.0599E-03   6.6251E-03
   8.2216E-01   8.2336E-01   1.0009E+00   9.9889E-01   9.7150E-01   9.7220E-01
   7.9753E-01   7.9308E-01   6.8807E-01   6.8840E-01   4.3746E-01   4.3515E-01
   6.6456E-01   6.6874E-01  -2.5703E-02  -2.4662E-02   6.5059E-01   6.5228E-01
   4.4434E-01   4.4286E-01   6.0344E-01   6.0549E-01   1.4979E+00   1.4996E+00
   1.5450E+00   1.5395E+00   6.8571E-01   6.8372E-01   5.5805E-01   5.6208E-01
   1.9482E-01   1.9718E-01  -2.5464E-01   7.7347E-01   7.7162E-01   5.7592E-01
   5.7865E-01   6.6861E-01   4.3082E-02   4.2883E-02   6.8574E-01   6.8684E-01
   1.0396E-01   1.0440E-01   6.9117E-01   6.9212E-01   4.6494E-02   4.0939E-02
   7.6630E-01   7.5986E-01   6.4839E-01   6.4851E-01   6.7028E-01   9.9009E-01
   9.8672E-01   7.9190E-01   7.8857E-01  -1.7825E-01  -1.7762E-01   6.7236E-01
   6.7239E-01   8.8034E-01   8.8253E-01   8.2111E-01   8.1939E-01   8.8685E-01
   8.9049E-01   1.1327E-01   1.1302E-01   3.5373E-01   3.5623E-01   6.0321E-01
   6.0656E-01   5.6472E-01   5.6007E-01   2.9983E-01   3.0133E-01  -4.7170E-02
   6.5187E-01   6.5224E-01   1.9834E-01   1.9956E-01   5.5721E-02   5.5784E-02
   6.2869E-01   6.2935E-01   5.6151E-01   5.5556E-01  -1.1672E-01  -1.1877E-01
   7.6685E-01   7.6450E-01   6.6311E-03   6.0317E-03   1.5121E-01   1.5047E-01
   6.8276E-01   6.8048E-01  -2.8224E-01   4.2841E-01   4.3151E-01   3.3168E-01
   3.3552E-01   5.6422E-01   5.6602E-01  -5.3892E-02  -5.8898E-02   8.9955E-02
   9.2923E-02  -1.5237E-01  -1.5391E-01   1.5001E-01   1.4896E-01   3.0033E-01
   3.0434E-01   1.5546E+00   1.5511E+00   5.4949E-02   5.5076E-02  -1.2161E-02
  -1.4416E-02   1.3450E-01   1.3532E-01  -1.7669E-01  -1.8157E-01  -1.1895E-01
  -1.2326E-01   6.6163E-01   6.6028E-01   3.4300E-02   3.3520E-02   2.2069E-01
   4.8721E-02  -1.5557E-01  -1.6047E-01  -4.0495E-02   1.2898E-02   3.2381E-01
   3.2897E-01   1.1904E-01   1.1746E-01  -1.6010E-02  -1.2265E-02   1.1704E-01
   1.1701E-01   6.5414E-01   6.5852E-01   3.5763E-01   3.5333E-01   5.3866E-02
   2.7768E-02   2.9592E-02   1.3688E-01   1.3042E-01   4.3383E-01   4.3618E-01
   1.8463E-02  -6.0128E-02  -6.2442E-02   2.2079E-01   9.2443E-02   9.1227E-02
  -2.0222E+00  -1.0934E-01  -3.7929E+00   1.3323E+00  -1.1110E+01   8.8771E+00
  -1.0934E+01   8.9526E+00   3.0727E+00  -4.2734E+00  -9.2357E-01  -1.0020E+00
  -8.3879E-01  -9.4459E-01  -1.2553E+00  -3.3425E-01  -3.4845E+00   1.8859E+00
  -1.0509E+01   8.4835E+00   5.7732E+00  -6.9370E+00  -7.3448E-01  -1.3495E+00
  -6.0271E+00   3.9574E+00  -9.8916E+00   8.4267E+00   8.7056E+00  -9.1907E+00
  -6.9929E-01  -5.7680E-01  -2.6907E-01  -1.3570E+00   3.9418E+00  -5.0751E+00
  -6.5119E-01  -5.9106E-01  -9.9435E+00   8.1981E+00  -5.4137E-01  -1.1067E+00
  -5.7723E-01  -1.1617E+00  -2.2006E+00   3.9264E-01  -5.8002E+00   4.1913E+00
  -3.7901E+00   2.5574E+00  -3.6981E+00   2.5928E+00  -5.8717E+00   4.1654E+00
   5.9285E+00  -6.7129E+00  -1.0364E+01   8.7080E+00  -3.3610E+00   2.0980E+00
  -2.2916E+00   2.9462E-01  -3.7791E+00   2.4852E+00  -1.1556E+00  -1.3638E-01
  -3.8683E+00   2.4517E+00  -5.8792E+00   4.0914E+00  -7.6585E-01  -7.6828E-01
  -9.7919E+00   8.4470E+00  -4.9148E-01  -3.5250E-01   4.0895E+00  -4.8591E+00
  -3.9932E-01  -9.1699E-01  -1.0217E+01   8.8969E+00  -2.0300E+00  -2.6676E-02
   4.1493E+00  -4.8482E+00  -3.1316E+00   2.3072E+00  -8.3823E-01   1.1941E-01
   1.4417E+00  -2.1895E+00  -5.4659E+00   4.0079E+00  -2.0422E+00   6.1590E-01
   4.1075E+00  -4.8891E+00  -1.0263E+01   8.8423E+00  -3.1765E+00   2.2427E+00
   1.5058E+00  -2.1425E+00  -1.0553E+01   9.4031E+00  -8.8404E-01   5.8127E-02
   3.5351E+00  -3.7957E+00   4.4495E+00  -5.0590E+00  -5.0236E+00   4.1137E+00
  -7.0928E+00   5.5847E+00  -4.9838E+00   4.1361E+00  -3.0860E-01  -2.0381E-01
   2.7894E+00  -3.4989E+00   1.4001E+00  -2.2462E+00   3.5230E+00  -3.8190E+00
  -1.0569E+01   9.3830E+00   6.3327E+00  -6.3427E+00  -4.9695E+00   4.1465E+00
  -1.0049E+01   9.0495E+00  -1.0034E+01   9.0629E+00  -5.3807E+00   4.5865E+00
  -5.3198E+00   4.6329E+00  -3.3844E+00   2.9485E+00   1.4943E+00  -2.1612E+00
   6.3483E+00  -6.3232E+00   1.5442E-01  -8.0510E-01  -3.3852E+00   2.9450E+00
   1.7849E+00  -2.3893E+00  -2.0835E+00   5.9141E-01  -7.1099E+00   5.5688E+00
   2.8108E+00  -3.4922E+00  -4.8277E+00   4.2689E+00  -5.9093E-01   3.9310E-01
   9.1406E+00  -8.8840E+00  -5.3701E+00   4.5980E+00   1.7959E+00  -2.3724E+00
  -1.0328E+01   9.6581E+00   1.8114E+00  -1.8555E+00   4.4109E+00  -5.0984E+00
   1.7759E+00  -1.8797E+00  -5.3221E+00   4.6293E+00   1.8116E+00  -1.8565E+00
  -6.7042E+00   5.9426E+00  -4.8778E+00   4.2307E+00  -1.0329E+01   9.6589E+00
  -5.0572E+00   4.0670E+00  -4.6933E+00   3.9028E+00   4.5995E+00  -4.4235E+00
  -5.0531E+00   4.3787E+00  -6.3443E+00   5.4633E+00  -4.7130E+00   3.8894E+00
  -6.3515E+00   5.4643E+00   1.7712E+00  -1.8843E+00  -5.1737E+00   4.8175E+00
  -3.4265E-01  -2.6240E-01  -4.8274E+00   4.2675E+00  -5.1436E+00   4.8413E+00
   2.5753E-02   2.2131E-02  -6.2217E+00   5.5665E+00  -5.9067E-01   3.9112E-01
   2.0681E+00  -2.1263E+00  -4.8702E+00   4.2392E+00  -4.5654E+00   4.0076E+00
   4.5650E+00  -4.4485E+00  -6.7069E+00   5.9415E+00  -8.3396E-04  -4.7428E-03
   4.1342E-01  -5.6780E-01  -5.0572E+00   4.3760E+00   9.1495E+00  -8.8664E+00
  -6.5530E+00   6.1236E+00  -4.8948E+00   4.5630E+00  -4.5696E+00   4.0000E+00
   3.1972E+00  -3.1389E+00  -1.3879E+00   1.2950E+00   4.8515E+00  -4.7007E+00
   4.1704E-01  -5.6320E-01  -5.1436E+00   4.8408E+00  -5.5071E+00   3.9594E+00
   2.0729E+00  -2.1262E+00   2.7497E-01  -2.6004E-01  -1.4066E+00   1.2725E+00
   4.6006E+00  -4.4207E+00   4.5660E+00  -4.4441E+00   1.5066E-01  -8.0912E-01
   2.5061E-01  -2.8405E-01  -2.7902E+00   2.5717E+00  -3.0610E-02  -1.8312E-02
   4.8539E+00  -4.6954E+00   2.1727E-02   1.4576E-02   5.1850E-01  -5.3952E-01
  -4.8932E+00   4.5672E+00  -1.1377E+00   1.0191E+00   2.7213E-01  -2.5803E-01
  -1.1327E+00   1.0208E+00  -6.2188E+00   5.5675E+00  -5.1746E+00   4.8196E+00
  -2.7288E-02  -2.1059E-02   2.5282E-01  -2.7901E-01  -1.4087E+00   1.2747E+00
  -6.5556E+00   6.1196E+00   5.1790E-01  -5.3632E-01   3.1967E+00  -3.1342E+00
  -2.7914E+00   2.5684E+00  -1.3853E+00   1.2939E+00
  > Energy =  -1.299160396344E+03 +/-   4.139646379003E-04
  > varE =   1.737247275188E-02

VMC #8:
* Size of Hilbert space =   5.4457E+18
* Number of equil. steps   = 1000
* Running VMC equilibration.
  Done. [total walltime: 0.10s]
* Equil. acc.ratio (%)     =  10.7688
* Sample config after equilibration:
  [draw: system geometry not defined]
* Number of accum. steps   = 506880 x 10
* Running VMC accumulation.
  Done. [total walltime: 13.2s]
* Acceptance ratio (%)     =  10.7338
* Etot/t                   =  -1.299160117683E+03 +/-   1.917184131070E-04
  > Ttot/t                 =  -1.396060572055E+02 +/-   1.218996506014E-03
  > Utot/t                 =   6.245128840255E+01 +/-   1.209135020118E-03
* var[Eloc/t]              =   1.783579941957E-02 +/-   1.398581300070E-04
* Correlation length       =   1.044576441983E+00
* log10 Psi^2 range: -187.6717476106615 -- -173.7501137623527
* log10 Pgen range : -187.6717476106615 -- -173.7501137623527
* Site occupation (ave. no. electrons per config.):
  > Site_  ___eu____  ___ed____
      1        0.495      0.497
      2        0.498      0.498
      3        0.501      0.494
      4        0.496      0.497
      5        0.500      0.499
      6        0.503      0.502
      7        0.498      0.504
      8        0.499      0.503
      9        0.503      0.502
     10        0.505      0.497
     11        0.501      0.497
     12        0.496      0.496
     13        0.502      0.498
     14        0.500      0.499
     15        0.498      0.498
     16        0.501      0.506
     17        0.503      0.503
     18        0.506      0.502
     19        0.503      0.501
     20        0.496      0.504
     21        0.501      0.496
     22        0.501      0.503
     23        0.495      0.499
     24        0.501      0.500
     25        0.504      0.505
     26        0.500      0.503
     27        0.499      0.502
     28        0.503      0.503
     29        0.500      0.504
     30        0.497      0.500
     31        0.500      0.498
     32        0.497      0.497
     33        0.498      0.496
     34        0.501      0.496
* Pair-correlation analysis (ave. no. pairs per config.):
  > Shell  nsite  ___dh____  __eueu___  __eued___
      0      1        0          0          6.111
      1      0        0.971      0.473      2.573
      2      0        0.229      0.792      1.044
      3      0        0.265      0.749      1.042
      4      0        0.139      0.367      0.520
      5      0        0.274      0.740      1.044
      6      0        0.254      0.763      1.028
      7      0        0.818      0.793      2.420
      8      0        0.746      0.965      2.335
      9      0        0.685      1.106      2.283
     10      0        0.635      1.220      2.226
     11      0        0.579      1.338      2.171
     12      0        0.446      1.588      2.063
     13      0        0.525      1.460      2.123
     14      0        0.157      0.813      1.153
     15      0        0.155      0.817      1.134
     16      0        0.154      0.844      1.115
     17      0        0.149      0.866      1.070
     18      0        0.238      2.095      1.932
     19      0        0.241      2.093      1.937
     20      0        0.121      1.057      0.966
     21      0        0.237      2.080      1.924
     22      0        0.250      2.029      1.955
     23      0        0.278      1.924      2.031
     24      0        0.311      1.905      2.024
     25      0        0.318      1.900      2.035
     26      0        0.322      1.889      2.042
     27      0        0.259      2.063      1.958
     28      0        0.260      2.086      1.933
     29      0        0.258      2.106      1.925
     30      0        0.260      2.114      1.919
     31      0        0.246      2.089      1.930
     32      0        0.294      2.065      1.930
     33      0        0.256      2.106      1.914
     34      0        0.290      2.064      1.935
     35      0        0.283      2.062      1.925
     36      0        0.252      2.100      1.919
     37      0        0.120      0.971      1.051
     38      0        0.237      1.955      2.082
     39      0        0.241      1.963      2.061
     40      0        0.232      1.971      2.041
     41      0        0.266      2.043      1.967
     42      0        0.223      2.113      1.927
     43      0        0.256      2.037      1.958
     44      0        0.263      2.050      1.970
     45      0        0.270      2.026      1.962
     46      0        0.265      2.024      1.983
     47      0        0.261      1.998      1.978
     48      0        0.237      2.054      1.975
     49      0        0.281      1.861      2.084
     50      0        0.283      1.905      2.074
     51      0        0.279      1.923      2.067
     52      0        0.295      1.951      2.007
     53      0        0.300      1.953      2.015
     54      0        0.278      1.932      2.040
     55      0        0.153      0.975      1.006
     56      0        0.234      1.991      2.009
     57      0        0.238      2.000      2.041
     58      0        0.268      1.975      2.017
     59      0        0.262      1.971      2.023
     60      0        0.238      1.989      2.046
     61      0        0.241      1.971      2.044
     62      0        0.273      1.957      2.034
     63      0        0.151      1.004      0.985
     64      0        0.299      2.009      1.963
     65      0        0.268      1.982      2.012
     66      0        0.260      2.015      1.985
     67      0        0.268      1.977      2.028
     68      0        0.267      2.028      1.979
     69      0        0.269      1.986      2.011
     70      0        0.297      1.964      1.988
     71      0        0.300      1.965      1.999
     72      0        0.288      2.008      1.964
     73      0        0.262      2.016      1.989
     74      0        0.269      1.990      2.004
     75      0        0.299      1.997      1.973
     76      0        0.264      1.989      1.987
     77      0        0.265      1.849      2.130
     78      0        0.263      2.025      1.979
     79      0        0.237      2.024      1.999
     80      0        0.260      2.003      1.998
     81      0        0.265      2.000      1.994
     82      0        0.117      1.008      1.005
     83      0        0.269      2.012      1.986
     84      0        0.259      1.993      1.990
     85      0        0.147      0.994      0.992
     86      0        0.295      1.973      1.983
     87      0        0.235      2.018      1.983
     88      0        0.266      2.008      1.998
     89      0        0.292      1.989      1.969
     90      0        0.290      1.986      1.980
     91      0        0.267      1.988      2.005
     92      0        0.236      2.022      2.019
     93      0        0.149      0.989      0.995
     94      0        0.235      2.045      1.998
     95      0        0.229      2.015      2.009
     96      0        0.258      1.998      1.992
     97      0        0.265      1.990      1.982
     98      0        0.238      2.018      2.016
     99      0        0.233      2.007      2.010
    100      0        0.237      2.013      2.024
    101      0        0.266      1.998      2.007
    102      0        0.262      2.012      1.994
    103      0        0.236      2.043      1.994
    104      0        0.258      1.999      2.004
    105      0        0.288      1.982      1.980
    106      0        0.141      0.987      0.993
    107      0        0.237      2.024      2.015
    108      0        0.264      1.992      2.004
    109      0        0.263      1.990      1.991
    110      0        0.237      2.019      2.025
    111      0        0.237      2.005      2.011
    112      0        0.234      2.022      2.009
    113      0        0.268      2.001      1.989
    114      0        0.254      2.002      1.997
    115      0        0.269      1.998      1.996
    116      0        0.265      1.981      1.989
    117      0        0.118      1.005      1.007
    118      0        0.260      2.003      2.001
    119      0        0.260      1.988      1.992
    120      0        0.236      2.008      2.007
    121      0        0.234      2.008      2.016
    122      0        0.259      1.996      1.993
    123      0        0.232      2.010      1.995
    124      0        0.268      1.999      1.999
    125      0        0.291      1.975      1.983
    126      0        0.265      1.962      2.008
    127      0        0.263      1.990      1.993
    128      0        0.255      1.984      1.985
    129      0        0.235      2.017      2.015
    130      0        0.261      1.988      1.994
    131      0        0.235      2.009      2.021
    132      0        0.266      2.004      1.997
    133      0        0.236      2.005      2.002
    134      0        0.118      1.009      1.002
    135      0        0.118      1.008      1.010
    136      0        0.232      2.003      2.002
    137      0        0.143      0.988      0.984
    138      0        0.114      0.998      0.995
    139      0        0.262      1.983      1.987
    140      0        0.233      1.999      2.007
    141      0        0.257      1.980      1.986
    142      0        0.232      1.999      2.005
    143      0        0.236      2.018      2.023
    144      0        0.261      2.000      2.006
    145      0        0.119      1.004      1.014
    146      0        0.233      2.011      2.004
    147      0        0.238      2.012      2.016
    148      0        0.267      1.998      1.995
    149      0        0.115      0.997      0.995
    150      0        0.235      2.011      2.015
    151      0        0.117      1.006      1.006
    152      0        0.258      1.995      1.995
    153      0        0.263      1.996      1.993

Optimization #8:
* Method          : lls
* Target function : energy
* No. of configs. : 101376
* No. of params.  : 592
* Before optimization:
  -2.5111E+01  -2.5113E+01  -2.5120E+01  -2.5112E+01  -2.5100E+01  -2.5091E+01
  -2.5100E+01  -2.5108E+01  -2.5093E+01   2.2659E+00   2.2739E+00   2.5962E+00
   2.2705E+00   2.0141E+00   1.2368E+00   1.9762E+00   1.8756E+00   1.8724E+00
   1.6903E+00   1.6833E+00   1.6947E+00   1.6859E+00   2.1128E+00   2.1059E+00
   1.2475E+00   1.2396E+00   2.1622E+00   2.1523E+00   2.1558E+00   2.1445E+00
   1.4595E+00   4.8547E-01   1.2722E+00   1.6156E+00   1.1012E+00   1.1071E+00
   1.2143E+00   1.2125E+00   1.7200E+00   1.6295E+00   1.6237E+00   1.7275E+00
   1.7242E+00   1.8182E+00   1.8150E+00   1.6163E+00   1.6140E+00   1.2339E+00
   1.2335E+00   1.1061E+00   1.1069E+00   1.6937E+00   1.6947E+00   7.7089E-01
   7.6781E-01   1.6421E+00   1.6439E+00   1.2480E+00   1.2441E+00   1.9567E+00
   1.9510E+00   1.2651E+00   1.2649E+00   1.2738E+00   1.2741E+00   1.3881E+00
   1.3901E+00   1.7614E+00   1.7557E+00   1.5158E+00   1.5133E+00   1.3450E+00
   8.4294E-01   8.4704E-01   7.7244E-01   7.6907E-01   1.3249E+00   1.3226E+00
   1.3180E+00   1.3219E+00   2.0046E+00   2.0103E+00   6.9759E-01   6.9764E-01
   8.2761E-01   8.2235E-01   7.1903E-01   7.2291E-01   7.4764E-01   7.4846E-01
   1.4574E+00   1.4511E+00   1.4195E+00   1.4217E+00   7.8918E-01   7.9017E-01
   1.4238E+00   1.4295E+00   9.3674E-01   9.3815E-01   6.3609E-01   6.3723E-01
   1.1471E+00   1.1485E+00   8.3664E-01   8.3188E-01   2.6128E-01   6.0584E-01
   6.0905E-01   9.0860E-01   9.0670E-01   1.5107E+00   1.5100E+00   8.4591E-01
   8.5035E-01   5.1279E-01   5.1238E-01   7.0697E-01   7.0603E-01   8.5389E-01
   8.4830E-01   2.9703E-01   1.1866E+00   1.1821E+00   7.0599E-03   6.6251E-03
   8.2216E-01   8.2336E-01   1.0009E+00   9.9889E-01   9.7150E-01   9.7220E-01
   7.9753E-01   7.9308E-01   6.8807E-01   6.8840E-01   4.3746E-01   4.3515E-01
   6.6456E-01   6.6874E-01  -2.5703E-02  -2.4662E-02   6.5059E-01   6.5228E-01
   4.4434E-01   4.4286E-01   6.0344E-01   6.0549E-01   1.4979E+00   1.4996E+00
   1.5450E+00   1.5395E+00   6.8571E-01   6.8372E-01   5.5805E-01   5.6208E-01
   1.9482E-01   1.9718E-01  -2.5464E-01   7.7347E-01   7.7162E-01   5.7592E-01
   5.7865E-01   6.6861E-01   4.3082E-02   4.2883E-02   6.8574E-01   6.8684E-01
   1.0396E-01   1.0440E-01   6.9117E-01   6.9212E-01   4.6494E-02   4.0939E-02
   7.6630E-01   7.5986E-01   6.4839E-01   6.4851E-01   6.7028E-01   9.9009E-01
   9.8672E-01   7.9190E-01   7.8857E-01  -1.7825E-01  -1.7762E-01   6.7236E-01
   6.7239E-01   8.8034E-01   8.8253E-01   8.2111E-01   8.1939E-01   8.8685E-01
   8.9049E-01   1.1327E-01   1.1302E-01   3.5373E-01   3.5623E-01   6.0321E-01
   6.0656E-01   5.6472E-01   5.6007E-01   2.9983E-01   3.0133E-01  -4.7170E-02
   6.5187E-01   6.5224E-01   1.9834E-01   1.9956E-01   5.5721E-02   5.5784E-02
   6.2869E-01   6.2935E-01   5.6151E-01   5.5556E-01  -1.1672E-01  -1.1877E-01
   7.6685E-01   7.6450E-01   6.6311E-03   6.0317E-03   1.5121E-01   1.5047E-01
   6.8276E-01   6.8048E-01  -2.8224E-01   4.2841E-01   4.3151E-01   3.3168E-01
   3.3552E-01   5.6422E-01   5.6602E-01  -5.3892E-02  -5.8898E-02   8.9955E-02
   9.2923E-02  -1.5237E-01  -1.5391E-01   1.5001E-01   1.4896E-01   3.0033E-01
   3.0434E-01   1.5546E+00   1.5511E+00   5.4949E-02   5.5076E-02  -1.2161E-02
  -1.4416E-02   1.3450E-01   1.3532E-01  -1.7669E-01  -1.8157E-01  -1.1895E-01
  -1.2326E-01   6.6163E-01   6.6028E-01   3.4300E-02   3.3520E-02   2.2069E-01
   4.8721E-02  -1.5557E-01  -1.6047E-01  -4.0495E-02   1.2898E-02   3.2381E-01
   3.2897E-01   1.1904E-01   1.1746E-01  -1.6010E-02  -1.2265E-02   1.1704E-01
   1.1701E-01   6.5414E-01   6.5852E-01   3.5763E-01   3.5333E-01   5.3866E-02
   2.7768E-02   2.9592E-02   1.3688E-01   1.3042E-01   4.3383E-01   4.3618E-01
   1.8463E-02  -6.0128E-02  -6.2442E-02   2.2079E-01   9.2443E-02   9.1227E-02
  -2.0222E+00  -1.0934E-01  -3.7929E+00   1.3323E+00  -1.1110E+01   8.8771E+00
  -1.0934E+01   8.9526E+00   3.0727E+00  -4.2734E+00  -9.2357E-01  -1.0020E+00
  -8.3879E-01  -9.4459E-01  -1.2553E+00  -3.3425E-01  -3.4845E+00   1.8859E+00
  -1.0509E+01   8.4835E+00   5.7732E+00  -6.9370E+00  -7.3448E-01  -1.3495E+00
  -6.0271E+00   3.9574E+00  -9.8916E+00   8.4267E+00   8.7056E+00  -9.1907E+00
  -6.9929E-01  -5.7680E-01  -2.6907E-01  -1.3570E+00   3.9418E+00  -5.0751E+00
  -6.5119E-01  -5.9106E-01  -9.9435E+00   8.1981E+00  -5.4137E-01  -1.1067E+00
  -5.7723E-01  -1.1617E+00  -2.2006E+00   3.9264E-01  -5.8002E+00   4.1913E+00
  -3.7901E+00   2.5574E+00  -3.6981E+00   2.5928E+00  -5.8717E+00   4.1654E+00
   5.9285E+00  -6.7129E+00  -1.0364E+01   8.7080E+00  -3.3610E+00   2.0980E+00
  -2.2916E+00   2.9462E-01  -3.7791E+00   2.4852E+00  -1.1556E+00  -1.3638E-01
  -3.8683E+00   2.4517E+00  -5.8792E+00   4.0914E+00  -7.6585E-01  -7.6828E-01
  -9.7919E+00   8.4470E+00  -4.9148E-01  -3.5250E-01   4.0895E+00  -4.8591E+00
  -3.9932E-01  -9.1699E-01  -1.0217E+01   8.8969E+00  -2.0300E+00  -2.6676E-02
   4.1493E+00  -4.8482E+00  -3.1316E+00   2.3072E+00  -8.3823E-01   1.1941E-01
   1.4417E+00  -2.1895E+00  -5.4659E+00   4.0079E+00  -2.0422E+00   6.1590E-01
   4.1075E+00  -4.8891E+00  -1.0263E+01   8.8423E+00  -3.1765E+00   2.2427E+00
   1.5058E+00  -2.1425E+00  -1.0553E+01   9.4031E+00  -8.8404E-01   5.8127E-02
   3.5351E+00  -3.7957E+00   4.4495E+00  -5.0590E+00  -5.0236E+00   4.1137E+00
  -7.0928E+00   5.5847E+00  -4.9838E+00   4.1361E+00  -3.0860E-01  -2.0381E-01
   2.7894E+00  -3.4989E+00   1.4001E+00  -2.2462E+00   3.5230E+00  -3.8190E+00
  -1.0569E+01   9.3830E+00   6.3327E+00  -6.3427E+00  -4.9695E+00   4.1465E+00
  -1.0049E+01   9.0495E+00  -1.0034E+01   9.0629E+00  -5.3807E+00   4.5865E+00
  -5.3198E+00   4.6329E+00  -3.3844E+00   2.9485E+00   1.4943E+00  -2.1612E+00
   6.3483E+00  -6.3232E+00   1.5442E-01  -8.0510E-01  -3.3852E+00   2.9450E+00
   1.7849E+00  -2.3893E+00  -2.0835E+00   5.9141E-01  -7.1099E+00   5.5688E+00
   2.8108E+00  -3.4922E+00  -4.8277E+00   4.2689E+00  -5.9093E-01   3.9310E-01
   9.1406E+00  -8.8840E+00  -5.3701E+00   4.5980E+00   1.7959E+00  -2.3724E+00
  -1.0328E+01   9.6581E+00   1.8114E+00  -1.8555E+00   4.4109E+00  -5.0984E+00
   1.7759E+00  -1.8797E+00  -5.3221E+00   4.6293E+00   1.8116E+00  -1.8565E+00
  -6.7042E+00   5.9426E+00  -4.8778E+00   4.2307E+00  -1.0329E+01   9.6589E+00
  -5.0572E+00   4.0670E+00  -4.6933E+00   3.9028E+00   4.5995E+00  -4.4235E+00
  -5.0531E+00   4.3787E+00  -6.3443E+00   5.4633E+00  -4.7130E+00   3.8894E+00
  -6.3515E+00   5.4643E+00   1.7712E+00  -1.8843E+00  -5.1737E+00   4.8175E+00
  -3.4265E-01  -2.6240E-01  -4.8274E+00   4.2675E+00  -5.1436E+00   4.8413E+00
   2.5753E-02   2.2131E-02  -6.2217E+00   5.5665E+00  -5.9067E-01   3.9112E-01
   2.0681E+00  -2.1263E+00  -4.8702E+00   4.2392E+00  -4.5654E+00   4.0076E+00
   4.5650E+00  -4.4485E+00  -6.7069E+00   5.9415E+00  -8.3396E-04  -4.7428E-03
   4.1342E-01  -5.6780E-01  -5.0572E+00   4.3760E+00   9.1495E+00  -8.8664E+00
  -6.5530E+00   6.1236E+00  -4.8948E+00   4.5630E+00  -4.5696E+00   4.0000E+00
   3.1972E+00  -3.1389E+00  -1.3879E+00   1.2950E+00   4.8515E+00  -4.7007E+00
   4.1704E-01  -5.6320E-01  -5.1436E+00   4.8408E+00  -5.5071E+00   3.9594E+00
   2.0729E+00  -2.1262E+00   2.7497E-01  -2.6004E-01  -1.4066E+00   1.2725E+00
   4.6006E+00  -4.4207E+00   4.5660E+00  -4.4441E+00   1.5066E-01  -8.0912E-01
   2.5061E-01  -2.8405E-01  -2.7902E+00   2.5717E+00  -3.0610E-02  -1.8312E-02
   4.8539E+00  -4.6954E+00   2.1727E-02   1.4576E-02   5.1850E-01  -5.3952E-01
  -4.8932E+00   4.5672E+00  -1.1377E+00   1.0191E+00   2.7213E-01  -2.5803E-01
  -1.1327E+00   1.0208E+00  -6.2188E+00   5.5675E+00  -5.1746E+00   4.8196E+00
  -2.7288E-02  -2.1059E-02   2.5282E-01  -2.7901E-01  -1.4087E+00   1.2747E+00
  -6.5556E+00   6.1196E+00   5.1790E-01  -5.3632E-01   3.1967E+00  -3.1342E+00
  -2.7914E+00   2.5684E+00  -1.3853E+00   1.2939E+00
  > E    =  -1.299160091197E+03 +/-   4.225155748534E-04
  > varE =   1.809758380890E-02
* Computing derivatives.
    [walltime: 2m34s elapsed, 6m53s remaining]
  Done. [total walltime: 9m11s]
* Optimizing manipulation constant:
  #igrid a___________ E____________________________________ varE____________
     1     Infinity    -1.29916009E+03 +/-   4.22515575E-04   1.80975838E-02
     2     1.0000E+06  -1.29916009E+03 +/-   4.22515567E-04   1.80975831E-02
     3     2.1544E+05  -1.29916009E+03 +/-   4.22515538E-04   1.80975806E-02
     4     4.6416E+04  -1.29916009E+03 +/-   4.22515402E-04   1.80975690E-02
     5     1.0000E+04  -1.29916009E+03 +/-   4.22514772E-04   1.80975150E-02
     6     2.1544E+03  -1.29916009E+03 +/-   4.22511853E-04   1.80972650E-02
     7     4.6416E+02  -1.29916009E+03 +/-   4.22498385E-04   1.80961113E-02
     8     1.0000E+02  -1.29916010E+03 +/-   4.22437596E-04   1.80909043E-02
     9     2.1544E+01  -1.29916012E+03 +/-   4.22190455E-04   1.80697428E-02
    10     4.6416E+00  -1.29916020E+03 +/-   4.21677307E-04   1.80258441E-02
    11     1.0000E+00  -1.29915967E+03 +/-   4.28620968E-04   1.86243865E-02
    12     2.1544E-01  -1.29915773E+03 +/-   4.46437391E-04   2.02048799E-02
    13     4.6416E-02  -1.29915727E+03 +/-   4.49879338E-04   2.05176325E-02
    14     1.0000E-02  -1.29915720E+03 +/-   4.50359617E-04   2.05614640E-02
    15     2.1544E-03  -1.29915718E+03 +/-   4.50451351E-04   2.05698412E-02
    16     4.6416E-04  -1.29915718E+03 +/-   4.50470616E-04   2.05716007E-02
    17     1.0000E-04  -1.29915718E+03 +/-   4.50474744E-04   2.05719778E-02
    18     2.1544E-05  -1.29915718E+03 +/-   4.50475633E-04   2.05720589E-02
    19     4.6416E-06  -1.29915718E+03 +/-   4.50475824E-04   2.05720764E-02
    20     1.0000E-06  -1.29915718E+03 +/-   4.50475865E-04   2.05720802E-02
    21     0.0000E+00  -1.29915718E+03 +/-   4.50475877E-04   2.05720812E-02
  ParMin   8.3036E+00  -1.29916016E+03 +/-   4.21845807E-04   1.80402531E-02
  # Using grid point #10
* Iteration # 1: E =  -1.299160195621E+03 +/-   4.216773068914E-04
* Diminishing returns: exiting.
* After optimization:
  -2.5378E+01  -2.5381E+01  -2.5385E+01  -2.5378E+01  -2.5368E+01  -2.5357E+01
  -2.5366E+01  -2.5374E+01  -2.5360E+01   2.2820E+00   2.2889E+00   2.5733E+00
   2.2908E+00   2.0106E+00   1.2639E+00   1.9951E+00   1.8840E+00   1.8803E+00
   1.6925E+00   1.6849E+00   1.7325E+00   1.7236E+00   2.1355E+00   2.1283E+00
   1.2531E+00   1.2453E+00   2.1996E+00   2.1894E+00   2.1649E+00   2.1530E+00
   1.5099E+00   4.7068E-01   1.2683E+00   1.6698E+00   1.0919E+00   1.0978E+00
   1.2313E+00   1.2312E+00   1.7678E+00   1.6549E+00   1.6490E+00   1.7643E+00
   1.7611E+00   1.8169E+00   1.8145E+00   1.6352E+00   1.6323E+00   1.2560E+00
   1.2560E+00   1.1165E+00   1.1166E+00   1.7020E+00   1.7012E+00   7.7755E-01
   7.7480E-01   1.6656E+00   1.6667E+00   1.2862E+00   1.2834E+00   1.9565E+00
   1.9507E+00   1.2748E+00   1.2746E+00   1.2765E+00   1.2757E+00   1.4111E+00
   1.4118E+00   1.7807E+00   1.7750E+00   1.5231E+00   1.5209E+00   1.3944E+00
   8.6220E-01   8.6561E-01   7.6116E-01   7.5898E-01   1.3510E+00   1.3496E+00
   1.3526E+00   1.3556E+00   2.0208E+00   2.0252E+00   6.9862E-01   6.9905E-01
   8.6340E-01   8.5871E-01   7.0937E-01   7.1236E-01   7.5810E-01   7.5850E-01
   1.4919E+00   1.4879E+00   1.4084E+00   1.4104E+00   7.9075E-01   7.9189E-01
   1.4581E+00   1.4635E+00   9.7207E-01   9.7304E-01   6.5886E-01   6.5940E-01
   1.1531E+00   1.1539E+00   8.2541E-01   8.2180E-01   2.8400E-01   6.2412E-01
   6.2624E-01   9.3019E-01   9.2906E-01   1.5094E+00   1.5094E+00   8.7957E-01
   8.8413E-01   5.2908E-01   5.2918E-01   6.8779E-01   6.8709E-01   8.6394E-01
   8.5928E-01   3.1873E-01   1.1921E+00   1.1884E+00   9.3545E-03   9.5186E-03
   8.5602E-01   8.5675E-01   1.0325E+00   1.0302E+00   1.0043E+00   1.0036E+00
   7.9008E-01   7.8589E-01   6.9318E-01   6.9276E-01   4.5697E-01   4.5412E-01
   6.8724E-01   6.9142E-01  -2.2063E-02  -2.1459E-02   6.5164E-01   6.5326E-01
   4.6398E-01   4.6232E-01   6.4112E-01   6.4278E-01   1.4870E+00   1.4887E+00
   1.5427E+00   1.5390E+00   6.6726E-01   6.6458E-01   5.8777E-01   5.9255E-01
   1.9417E-01   1.9624E-01  -2.7139E-01   7.6576E-01   7.6439E-01   6.1336E-01
   6.1623E-01   6.8488E-01   5.8913E-02   5.9054E-02   7.0329E-01   7.0342E-01
   1.0886E-01   1.0879E-01   6.9656E-01   6.9701E-01   6.2192E-02   5.7997E-02
   7.4997E-01   7.4512E-01   6.6557E-01   6.6615E-01   6.8577E-01   1.0121E+00
   1.0093E+00   8.3995E-01   8.3725E-01  -1.8125E-01  -1.8076E-01   6.9246E-01
   6.9238E-01   8.9157E-01   8.9349E-01   8.6951E-01   8.6798E-01   8.9992E-01
   9.0235E-01   1.1707E-01   1.1684E-01   3.5701E-01   3.5875E-01   6.1848E-01
   6.2141E-01   5.9348E-01   5.9166E-01   3.1532E-01   3.1582E-01  -3.5199E-02
   6.6177E-01   6.6310E-01   1.9821E-01   1.9936E-01   8.6995E-02   8.6120E-02
   6.4746E-01   6.4737E-01   6.0598E-01   6.0184E-01  -1.3208E-01  -1.3376E-01
   7.5063E-01   7.4876E-01   5.9038E-03   5.3754E-03   1.4597E-01   1.4635E-01
   7.0319E-01   7.0047E-01  -2.9805E-01   4.2254E-01   4.2564E-01   3.6150E-01
   3.6446E-01   6.1085E-01   6.1213E-01  -7.6718E-02  -8.0739E-02   8.2234E-02
   8.4014E-02  -1.3977E-01  -1.4192E-01   1.4611E-01   1.4561E-01   3.1539E-01
   3.1845E-01   1.5895E+00   1.5866E+00   8.6333E-02   8.5983E-02   1.4649E-02
   1.2826E-02   1.1503E-01   1.1566E-01  -1.8025E-01  -1.8377E-01  -1.3496E-01
  -1.3798E-01   6.6274E-01   6.6125E-01   4.9561E-02   4.9201E-02   1.9693E-01
   3.7001E-02  -1.4265E-01  -1.4650E-01  -2.9925E-02   5.7411E-02   3.5452E-01
   3.5889E-01   1.2892E-01   1.2779E-01   1.1568E-02   1.4311E-02   1.2703E-01
   1.2713E-01   6.6399E-01   6.6760E-01   3.6032E-01   3.5652E-01   4.2016E-02
   4.3552E-02   4.4746E-02   1.1679E-01   1.1103E-01   4.2811E-01   4.2964E-01
   6.2551E-02  -8.2534E-02  -8.4452E-02   1.9553E-01   8.4038E-02   8.2774E-02
  -2.1554E+00   9.4008E-03  -3.3142E+00   8.7661E-01  -1.1352E+01   9.0973E+00
  -1.0779E+01   8.8016E+00   2.7352E+00  -3.9621E+00  -1.1251E+00  -8.2006E-01
  -8.4181E-01  -9.4900E-01  -1.2087E+00  -3.8388E-01  -4.0338E+00   2.3990E+00
  -1.0814E+01   8.7655E+00   5.7727E+00  -6.9410E+00  -1.2084E+00  -9.1257E-01
  -6.0503E+00   3.9720E+00  -1.0656E+01   9.1406E+00   9.0391E+00  -9.5109E+00
  -5.0380E-01  -7.6854E-01  -1.0165E+00  -6.6453E-01   4.2071E+00  -5.3304E+00
  -8.6493E-01  -3.9445E-01  -1.0707E+01   8.9140E+00  -8.1758E-01  -8.5580E-01
  -1.0514E+00  -7.2353E-01  -2.0633E+00   2.5544E-01  -6.0212E+00   4.3927E+00
  -4.0777E+00   2.8237E+00  -3.7875E+00   2.6734E+00  -5.8941E+00   4.1807E+00
   5.9272E+00  -6.7176E+00  -1.0668E+01   8.9890E+00  -3.9116E+00   2.6103E+00
  -2.1537E+00   1.5604E-01  -3.8690E+00   2.5652E+00  -1.1081E+00  -1.8522E-01
  -4.1575E+00   2.7169E+00  -6.1008E+00   4.2925E+00  -7.6844E-01  -7.7280E-01
  -1.0555E+01   9.1609E+00  -7.0631E-01  -1.5670E-01   4.3555E+00  -5.1137E+00
  -6.7634E-01  -6.6679E-01  -1.0720E+01   9.3639E+00  -2.1640E+00   9.2513E-02
   4.2166E+00  -4.9169E+00  -3.6803E+00   2.8198E+00  -5.9332E-01  -1.1679E-01
   1.3714E+00  -2.1297E+00  -5.9586E+00   4.4653E+00  -1.7064E+00   2.9159E-01
   4.1740E+00  -4.9582E+00  -1.0764E+01   9.3095E+00  -3.7254E+00   2.7570E+00
   1.2372E+00  -1.8967E+00  -1.0594E+01   9.4387E+00  -6.3854E-01  -1.7809E-01
   3.2011E+00  -3.4841E+00   4.2448E+00  -4.8711E+00  -5.3068E+00   4.3753E+00
  -6.9744E+00   5.4666E+00  -5.4653E+00   4.5841E+00  -5.2228E-01  -6.4375E-03
   3.1972E+00  -3.8866E+00   1.3299E+00  -2.1858E+00   3.1892E+00  -3.5070E+00
  -1.0610E+01   9.4179E+00   6.3345E+00  -6.3466E+00  -5.4511E+00   4.5939E+00
  -1.0549E+01   9.5180E+00  -1.0535E+01   9.5309E+00  -5.2030E+00   4.4173E+00
  -5.3413E+00   4.6494E+00  -3.6697E+00   3.2148E+00   1.2252E+00  -1.9153E+00
   6.3491E+00  -6.3281E+00   2.2523E-01  -8.7812E-01  -3.6712E+00   3.2106E+00
   1.2449E+00  -1.8855E+00  -1.7472E+00   2.6694E-01  -6.9909E+00   5.4509E+00
   3.2175E+00  -3.8805E+00  -5.3081E+00   4.7186E+00  -5.4090E-01   3.4416E-01
   9.4767E+00  -9.2038E+00  -5.1929E+00   4.4283E+00   1.2558E+00  -1.8685E+00
  -1.0565E+01   9.8799E+00   1.5472E+00  -1.6067E+00   4.2061E+00  -4.9112E+00
   1.7094E+00  -1.8177E+00  -5.3437E+00   4.6457E+00   1.5468E+00  -1.6084E+00
  -6.3856E+00   5.6390E+00  -5.1597E+00   4.4944E+00  -1.0566E+01   9.8804E+00
  -5.3410E+00   4.3279E+00  -5.4455E+00   4.6073E+00   4.6690E+00  -4.4899E+00
  -5.3457E+00   4.6523E+00  -6.4846E+00   5.5931E+00  -5.4660E+00   4.5937E+00
  -6.4921E+00   5.5934E+00   1.7051E+00  -1.8217E+00  -5.1937E+00   4.8350E+00
  -5.5546E-01  -6.4421E-02  -5.3083E+00   4.7175E+00  -5.3619E+00   5.0451E+00
  -1.7205E-01   2.0788E-01  -6.3623E+00   5.6963E+00  -5.4133E-01   3.4218E-01
   1.5321E+00  -1.6209E+00  -5.1520E+00   4.5028E+00  -5.3163E+00   4.7143E+00
   4.8320E+00  -4.7012E+00  -6.3885E+00   5.6383E+00  -2.9374E-04  -4.0686E-03
   4.8935E-01  -6.3789E-01  -5.3504E+00   4.6485E+00   9.4859E+00  -9.1863E+00
  -6.4312E+00   6.0072E+00  -5.3843E+00   5.0225E+00  -5.3217E+00   4.7073E+00
   3.6052E+00  -3.5261E+00  -1.2462E+00   1.1617E+00   4.6496E+00  -4.5104E+00
   4.9204E-01  -6.3506E-01  -5.3615E+00   5.0444E+00  -6.0006E+00   4.4170E+00
   1.5360E+00  -1.6216E+00  -1.9443E-01   1.8279E-01  -1.0673E+00   9.5290E-01
   4.6703E+00  -4.4868E+00   4.8334E+00  -4.6967E+00   2.2143E-01  -8.8212E-01
  -2.2313E-02  -2.7980E-02  -2.3123E+00   2.1165E+00   1.6763E-01  -2.0435E-01
   4.6509E+00  -4.5059E+00  -1.7517E-01   2.0152E-01  -2.2316E-01   1.5937E-01
  -5.3831E+00   5.0270E+00  -1.2695E+00   1.1407E+00  -1.9728E-01   1.8420E-01
  -1.2648E+00   1.1414E+00  -6.3596E+00   5.6973E+00  -5.1950E+00   4.8368E+00
   1.6905E-01  -2.0810E-01  -1.9712E-02  -2.1877E-02  -1.0699E+00   9.5518E-01
  -6.4328E+00   6.0040E+00  -2.2378E-01   1.6291E-01   3.6059E+00  -3.5208E+00
  -2.3112E+00   2.1143E+00  -1.2434E+00   1.1607E+00
  > Energy =  -1.299160195621E+03 +/-   4.216773068914E-04
  > varE =   1.802584408430E-02

VMC #9:
* Size of Hilbert space =   5.4457E+18
* Number of equil. steps   = 1000
* Running VMC equilibration.
  Done. [total walltime: 0.10s]
* Equil. acc.ratio (%)     =  10.7624
* Sample config after equilibration:
  [draw: system geometry not defined]
* Number of accum. steps   = 506880 x 10
* Running VMC accumulation.
  Done. [total walltime: 13.0s]
* Acceptance ratio (%)     =  10.7197
* Etot/t                   =  -1.299160484106E+03 +/-   1.919722571194E-04
  > Ttot/t                 =  -1.396089017729E+02 +/-   1.214779708899E-03
  > Utot/t                 =   6.245376654657E+01 +/-   1.203129031995E-03
* var[Eloc/t]              =   1.767238782716E-02 +/-   4.496303485094E-05
* Correlation length       =   1.057028906636E+00
* log10 Psi^2 range: -188.6849782407041 -- -175.1171741035253
* log10 Pgen range : -188.6849782407041 -- -175.1171741035253
* Site occupation (ave. no. electrons per config.):
  > Site_  ___eu____  ___ed____
      1        0.496      0.499
      2        0.500      0.496
      3        0.494      0.496
      4        0.498      0.494
      5        0.498      0.497
      6        0.503      0.502
      7        0.502      0.502
      8        0.504      0.501
      9        0.505      0.500
     10        0.504      0.503
     11        0.499      0.497
     12        0.496      0.499
     13        0.500      0.501
     14        0.500      0.498
     15        0.498      0.498
     16        0.503      0.503
     17        0.502      0.507
     18        0.503      0.507
     19        0.504      0.500
     20        0.497      0.498
     21        0.493      0.501
     22        0.505      0.500
     23        0.498      0.499
     24        0.503      0.506
     25        0.504      0.500
     26        0.500      0.500
     27        0.499      0.505
     28        0.507      0.499
     29        0.505      0.502
     30        0.496      0.501
     31        0.496      0.500
     32        0.493      0.498
     33        0.498      0.493
     34        0.495      0.499
* Pair-correlation analysis (ave. no. pairs per config.):
  > Shell  nsite  ___dh____  __eueu___  __eued___
      0      1        0          0          6.097
      1      0        0.964      0.476      2.580
      2      0        0.227      0.798      1.043
      3      0        0.263      0.745      1.041
      4      0        0.140      0.366      0.521
      5      0        0.273      0.741      1.039
      6      0        0.254      0.759      1.031
      7      0        0.814      0.797      2.418
      8      0        0.736      0.971      2.345
      9      0        0.686      1.103      2.281
     10      0        0.635      1.219      2.227
     11      0        0.583      1.340      2.172
     12      0        0.447      1.589      2.056
     13      0        0.522      1.455      2.123
     14      0        0.153      0.817      1.151
     15      0        0.152      0.825      1.144
     16      0        0.153      0.840      1.120
     17      0        0.148      0.867      1.066
     18      0        0.238      2.097      1.938
     19      0        0.239      2.104      1.937
     20      0        0.120      1.058      0.965
     21      0        0.236      2.070      1.933
     22      0        0.245      2.031      1.954
     23      0        0.278      1.921      2.035
     24      0        0.306      1.900      2.019
     25      0        0.320      1.892      2.029
     26      0        0.325      1.887      2.035
     27      0        0.257      2.059      1.953
     28      0        0.260      2.084      1.940
     29      0        0.260      2.102      1.924
     30      0        0.261      2.103      1.924
     31      0        0.248      2.083      1.937
     32      0        0.297      2.065      1.920
     33      0        0.257      2.109      1.911
     34      0        0.290      2.058      1.925
     35      0        0.276      2.061      1.920
     36      0        0.249      2.108      1.913
     37      0        0.118      0.975      1.049
     38      0        0.239      1.958      2.086
     39      0        0.234      1.970      2.074
     40      0        0.235      1.968      2.035
     41      0        0.261      2.044      1.965
     42      0        0.220      2.109      1.934
     43      0        0.257      2.040      1.957
     44      0        0.264      2.044      1.966
     45      0        0.265      2.036      1.977
     46      0        0.265      2.027      1.975
     47      0        0.256      2.001      1.972
     48      0        0.235      2.058      1.980
     49      0        0.276      1.870      2.095
     50      0        0.283      1.897      2.072
     51      0        0.280      1.912      2.070
     52      0        0.296      1.944      2.004
     53      0        0.305      1.945      2.006
     54      0        0.278      1.934      2.050
     55      0        0.154      0.971      1.006
     56      0        0.231      1.992      2.020
     57      0        0.233      2.005      2.038
     58      0        0.266      1.970      2.017
     59      0        0.261      1.968      2.026
     60      0        0.236      1.996      2.049
     61      0        0.239      1.978      2.057
     62      0        0.275      1.954      2.032
     63      0        0.153      1.006      0.974
     64      0        0.299      2.007      1.960
     65      0        0.268      1.978      2.024
     66      0        0.257      2.013      1.987
     67      0        0.266      1.971      2.024
     68      0        0.263      2.018      1.982
     69      0        0.273      1.981      2.008
     70      0        0.298      1.966      1.984
     71      0        0.300      1.962      1.991
     72      0        0.295      2.002      1.953
     73      0        0.267      2.021      1.984
     74      0        0.268      1.989      2.006
     75      0        0.297      1.994      1.965
     76      0        0.265      1.979      1.993
     77      0        0.263      1.856      2.127
     78      0        0.259      2.026      1.976
     79      0        0.234      2.036      2.005
     80      0        0.260      2.003      1.994
     81      0        0.265      2.004      1.993
     82      0        0.116      1.018      1.008
     83      0        0.269      2.012      1.988
     84      0        0.265      1.985      1.981
     85      0        0.146      0.992      0.987
     86      0        0.293      1.972      1.979
     87      0        0.236      2.027      1.978
     88      0        0.265      2.004      1.998
     89      0        0.290      1.992      1.968
     90      0        0.291      1.981      1.974
     91      0        0.268      1.996      2.003
     92      0        0.233      2.033      2.012
     93      0        0.147      0.985      0.992
     94      0        0.234      2.045      2.003
     95      0        0.229      2.013      2.004
     96      0        0.256      2.002      1.997
     97      0        0.264      1.986      1.984
     98      0        0.236      2.021      2.018
     99      0        0.234      2.002      2.006
    100      0        0.234      2.016      2.026
    101      0        0.267      1.991      2.007
    102      0        0.260      2.006      1.995
    103      0        0.234      2.055      1.995
    104      0        0.258      1.987      2.012
    105      0        0.289      1.976      1.972
    106      0        0.142      0.989      0.985
    107      0        0.235      2.024      2.016
    108      0        0.261      1.994      2.010
    109      0        0.263      1.984      1.986
    110      0        0.231      2.018      2.031
    111      0        0.229      2.008      2.010
    112      0        0.235      2.029      2.015
    113      0        0.271      1.998      1.995
    114      0        0.258      1.992      2.001
    115      0        0.266      1.998      2.002
    116      0        0.264      1.983      1.989
    117      0        0.116      1.009      1.018
    118      0        0.263      1.996      1.998
    119      0        0.259      1.978      1.991
    120      0        0.235      2.005      2.003
    121      0        0.234      2.025      2.016
    122      0        0.254      1.998      1.998
    123      0        0.231      2.008      2.005
    124      0        0.267      1.996      2.000
    125      0        0.286      1.975      1.979
    126      0        0.264      1.953      2.004
    127      0        0.263      1.988      1.980
    128      0        0.252      1.986      1.980
    129      0        0.232      2.016      2.022
    130      0        0.255      1.999      2.004
    131      0        0.235      2.014      2.028
    132      0        0.266      2.010      1.992
    133      0        0.231      2.004      2.003
    134      0        0.119      1.010      1.005
    135      0        0.116      1.009      1.012
    136      0        0.231      2.010      2.003
    137      0        0.144      0.987      0.984
    138      0        0.115      0.992      0.993
    139      0        0.259      1.987      1.981
    140      0        0.230      2.003      2.009
    141      0        0.254      1.977      1.986
    142      0        0.227      2.005      2.009
    143      0        0.231      2.023      2.026
    144      0        0.264      1.992      2.000
    145      0        0.116      1.012      1.007
    146      0        0.229      2.010      2.002
    147      0        0.235      2.018      2.016
    148      0        0.264      1.997      1.996
    149      0        0.117      0.993      0.992
    150      0        0.234      2.016      2.027
    151      0        0.117      1.011      1.007
    152      0        0.257      1.994      1.997
    153      0        0.256      1.999      1.998

Optimization #9:
* Method          : lls
* Target function : energy
* No. of configs. : 101376
* No. of params.  : 592
* Before optimization:
  -2.5378E+01  -2.5381E+01  -2.5385E+01  -2.5378E+01  -2.5368E+01  -2.5357E+01
  -2.5366E+01  -2.5374E+01  -2.5360E+01   2.2820E+00   2.2889E+00   2.5733E+00
   2.2908E+00   2.0106E+00   1.2639E+00   1.9951E+00   1.8840E+00   1.8803E+00
   1.6925E+00   1.6849E+00   1.7325E+00   1.7236E+00   2.1355E+00   2.1283E+00
   1.2531E+00   1.2453E+00   2.1996E+00   2.1894E+00   2.1649E+00   2.1530E+00
   1.5099E+00   4.7068E-01   1.2683E+00   1.6698E+00   1.0919E+00   1.0978E+00
   1.2313E+00   1.2312E+00   1.7678E+00   1.6549E+00   1.6490E+00   1.7643E+00
   1.7611E+00   1.8169E+00   1.8145E+00   1.6352E+00   1.6323E+00   1.2560E+00
   1.2560E+00   1.1165E+00   1.1166E+00   1.7020E+00   1.7012E+00   7.7755E-01
   7.7480E-01   1.6656E+00   1.6667E+00   1.2862E+00   1.2834E+00   1.9565E+00
   1.9507E+00   1.2748E+00   1.2746E+00   1.2765E+00   1.2757E+00   1.4111E+00
   1.4118E+00   1.7807E+00   1.7750E+00   1.5231E+00   1.5209E+00   1.3944E+00
   8.6220E-01   8.6561E-01   7.6116E-01   7.5898E-01   1.3510E+00   1.3496E+00
   1.3526E+00   1.3556E+00   2.0208E+00   2.0252E+00   6.9862E-01   6.9905E-01
   8.6340E-01   8.5871E-01   7.0937E-01   7.1236E-01   7.5810E-01   7.5850E-01
   1.4919E+00   1.4879E+00   1.4084E+00   1.4104E+00   7.9075E-01   7.9189E-01
   1.4581E+00   1.4635E+00   9.7207E-01   9.7304E-01   6.5886E-01   6.5940E-01
   1.1531E+00   1.1539E+00   8.2541E-01   8.2180E-01   2.8400E-01   6.2412E-01
   6.2624E-01   9.3019E-01   9.2906E-01   1.5094E+00   1.5094E+00   8.7957E-01
   8.8413E-01   5.2908E-01   5.2918E-01   6.8779E-01   6.8709E-01   8.6394E-01
   8.5928E-01   3.1873E-01   1.1921E+00   1.1884E+00   9.3545E-03   9.5186E-03
   8.5602E-01   8.5675E-01   1.0325E+00   1.0302E+00   1.0043E+00   1.0036E+00
   7.9008E-01   7.8589E-01   6.9318E-01   6.9276E-01   4.5697E-01   4.5412E-01
   6.8724E-01   6.9142E-01  -2.2063E-02  -2.1459E-02   6.5164E-01   6.5326E-01
   4.6398E-01   4.6232E-01   6.4112E-01   6.4278E-01   1.4870E+00   1.4887E+00
   1.5427E+00   1.5390E+00   6.6726E-01   6.6458E-01   5.8777E-01   5.9255E-01
   1.9417E-01   1.9624E-01  -2.7139E-01   7.6576E-01   7.6439E-01   6.1336E-01
   6.1623E-01   6.8488E-01   5.8913E-02   5.9054E-02   7.0329E-01   7.0342E-01
   1.0886E-01   1.0879E-01   6.9656E-01   6.9701E-01   6.2192E-02   5.7997E-02
   7.4997E-01   7.4512E-01   6.6557E-01   6.6615E-01   6.8577E-01   1.0121E+00
   1.0093E+00   8.3995E-01   8.3725E-01  -1.8125E-01  -1.8076E-01   6.9246E-01
   6.9238E-01   8.9157E-01   8.9349E-01   8.6951E-01   8.6798E-01   8.9992E-01
   9.0235E-01   1.1707E-01   1.1684E-01   3.5701E-01   3.5875E-01   6.1848E-01
   6.2141E-01   5.9348E-01   5.9166E-01   3.1532E-01   3.1582E-01  -3.5199E-02
   6.6177E-01   6.6310E-01   1.9821E-01   1.9936E-01   8.6995E-02   8.6120E-02
   6.4746E-01   6.4737E-01   6.0598E-01   6.0184E-01  -1.3208E-01  -1.3376E-01
   7.5063E-01   7.4876E-01   5.9038E-03   5.3754E-03   1.4597E-01   1.4635E-01
   7.0319E-01   7.0047E-01  -2.9805E-01   4.2254E-01   4.2564E-01   3.6150E-01
   3.6446E-01   6.1085E-01   6.1213E-01  -7.6718E-02  -8.0739E-02   8.2234E-02
   8.4014E-02  -1.3977E-01  -1.4192E-01   1.4611E-01   1.4561E-01   3.1539E-01
   3.1845E-01   1.5895E+00   1.5866E+00   8.6333E-02   8.5983E-02   1.4649E-02
   1.2826E-02   1.1503E-01   1.1566E-01  -1.8025E-01  -1.8377E-01  -1.3496E-01
  -1.3798E-01   6.6274E-01   6.6125E-01   4.9561E-02   4.9201E-02   1.9693E-01
   3.7001E-02  -1.4265E-01  -1.4650E-01  -2.9925E-02   5.7411E-02   3.5452E-01
   3.5889E-01   1.2892E-01   1.2779E-01   1.1568E-02   1.4311E-02   1.2703E-01
   1.2713E-01   6.6399E-01   6.6760E-01   3.6032E-01   3.5652E-01   4.2016E-02
   4.3552E-02   4.4746E-02   1.1679E-01   1.1103E-01   4.2811E-01   4.2964E-01
   6.2551E-02  -8.2534E-02  -8.4452E-02   1.9553E-01   8.4038E-02   8.2774E-02
  -2.1554E+00   9.4008E-03  -3.3142E+00   8.7661E-01  -1.1352E+01   9.0973E+00
  -1.0779E+01   8.8016E+00   2.7352E+00  -3.9621E+00  -1.1251E+00  -8.2006E-01
  -8.4181E-01  -9.4900E-01  -1.2087E+00  -3.8388E-01  -4.0338E+00   2.3990E+00
  -1.0814E+01   8.7655E+00   5.7727E+00  -6.9410E+00  -1.2084E+00  -9.1257E-01
  -6.0503E+00   3.9720E+00  -1.0656E+01   9.1406E+00   9.0391E+00  -9.5109E+00
  -5.0380E-01  -7.6854E-01  -1.0165E+00  -6.6453E-01   4.2071E+00  -5.3304E+00
  -8.6493E-01  -3.9445E-01  -1.0707E+01   8.9140E+00  -8.1758E-01  -8.5580E-01
  -1.0514E+00  -7.2353E-01  -2.0633E+00   2.5544E-01  -6.0212E+00   4.3927E+00
  -4.0777E+00   2.8237E+00  -3.7875E+00   2.6734E+00  -5.8941E+00   4.1807E+00
   5.9272E+00  -6.7176E+00  -1.0668E+01   8.9890E+00  -3.9116E+00   2.6103E+00
  -2.1537E+00   1.5604E-01  -3.8690E+00   2.5652E+00  -1.1081E+00  -1.8522E-01
  -4.1575E+00   2.7169E+00  -6.1008E+00   4.2925E+00  -7.6844E-01  -7.7280E-01
  -1.0555E+01   9.1609E+00  -7.0631E-01  -1.5670E-01   4.3555E+00  -5.1137E+00
  -6.7634E-01  -6.6679E-01  -1.0720E+01   9.3639E+00  -2.1640E+00   9.2513E-02
   4.2166E+00  -4.9169E+00  -3.6803E+00   2.8198E+00  -5.9332E-01  -1.1679E-01
   1.3714E+00  -2.1297E+00  -5.9586E+00   4.4653E+00  -1.7064E+00   2.9159E-01
   4.1740E+00  -4.9582E+00  -1.0764E+01   9.3095E+00  -3.7254E+00   2.7570E+00
   1.2372E+00  -1.8967E+00  -1.0594E+01   9.4387E+00  -6.3854E-01  -1.7809E-01
   3.2011E+00  -3.4841E+00   4.2448E+00  -4.8711E+00  -5.3068E+00   4.3753E+00
  -6.9744E+00   5.4666E+00  -5.4653E+00   4.5841E+00  -5.2228E-01  -6.4375E-03
   3.1972E+00  -3.8866E+00   1.3299E+00  -2.1858E+00   3.1892E+00  -3.5070E+00
  -1.0610E+01   9.4179E+00   6.3345E+00  -6.3466E+00  -5.4511E+00   4.5939E+00
  -1.0549E+01   9.5180E+00  -1.0535E+01   9.5309E+00  -5.2030E+00   4.4173E+00
  -5.3413E+00   4.6494E+00  -3.6697E+00   3.2148E+00   1.2252E+00  -1.9153E+00
   6.3491E+00  -6.3281E+00   2.2523E-01  -8.7812E-01  -3.6712E+00   3.2106E+00
   1.2449E+00  -1.8855E+00  -1.7472E+00   2.6694E-01  -6.9909E+00   5.4509E+00
   3.2175E+00  -3.8805E+00  -5.3081E+00   4.7186E+00  -5.4090E-01   3.4416E-01
   9.4767E+00  -9.2038E+00  -5.1929E+00   4.4283E+00   1.2558E+00  -1.8685E+00
  -1.0565E+01   9.8799E+00   1.5472E+00  -1.6067E+00   4.2061E+00  -4.9112E+00
   1.7094E+00  -1.8177E+00  -5.3437E+00   4.6457E+00   1.5468E+00  -1.6084E+00
  -6.3856E+00   5.6390E+00  -5.1597E+00   4.4944E+00  -1.0566E+01   9.8804E+00
  -5.3410E+00   4.3279E+00  -5.4455E+00   4.6073E+00   4.6690E+00  -4.4899E+00
  -5.3457E+00   4.6523E+00  -6.4846E+00   5.5931E+00  -5.4660E+00   4.5937E+00
  -6.4921E+00   5.5934E+00   1.7051E+00  -1.8217E+00  -5.1937E+00   4.8350E+00
  -5.5546E-01  -6.4421E-02  -5.3083E+00   4.7175E+00  -5.3619E+00   5.0451E+00
  -1.7205E-01   2.0788E-01  -6.3623E+00   5.6963E+00  -5.4133E-01   3.4218E-01
   1.5321E+00  -1.6209E+00  -5.1520E+00   4.5028E+00  -5.3163E+00   4.7143E+00
   4.8320E+00  -4.7012E+00  -6.3885E+00   5.6383E+00  -2.9374E-04  -4.0686E-03
   4.8935E-01  -6.3789E-01  -5.3504E+00   4.6485E+00   9.4859E+00  -9.1863E+00
  -6.4312E+00   6.0072E+00  -5.3843E+00   5.0225E+00  -5.3217E+00   4.7073E+00
   3.6052E+00  -3.5261E+00  -1.2462E+00   1.1617E+00   4.6496E+00  -4.5104E+00
   4.9204E-01  -6.3506E-01  -5.3615E+00   5.0444E+00  -6.0006E+00   4.4170E+00
   1.5360E+00  -1.6216E+00  -1.9443E-01   1.8279E-01  -1.0673E+00   9.5290E-01
   4.6703E+00  -4.4868E+00   4.8334E+00  -4.6967E+00   2.2143E-01  -8.8212E-01
  -2.2313E-02  -2.7980E-02  -2.3123E+00   2.1165E+00   1.6763E-01  -2.0435E-01
   4.6509E+00  -4.5059E+00  -1.7517E-01   2.0152E-01  -2.2316E-01   1.5937E-01
  -5.3831E+00   5.0270E+00  -1.2695E+00   1.1407E+00  -1.9728E-01   1.8420E-01
  -1.2648E+00   1.1414E+00  -6.3596E+00   5.6973E+00  -5.1950E+00   4.8368E+00
   1.6905E-01  -2.0810E-01  -1.9712E-02  -2.1877E-02  -1.0699E+00   9.5518E-01
  -6.4328E+00   6.0040E+00  -2.2378E-01   1.6291E-01   3.6059E+00  -3.5208E+00
  -2.3112E+00   2.1143E+00  -1.2434E+00   1.1607E+00
  > E    =  -1.299160642207E+03 +/-   4.176276781282E-04
  > varE =   1.768127987337E-02
* Computing derivatives.
    [walltime: 2m34s elapsed, 6m53s remaining]
  Done. [total walltime: 9m10s]
* Optimizing manipulation constant:
  #igrid a___________ E____________________________________ varE____________
     1     Infinity    -1.29916064E+03 +/-   4.17627678E-04   1.76812799E-02
     2     1.0000E+06  -1.29916064E+03 +/-   4.17627670E-04   1.76812792E-02
     3     2.1544E+05  -1.29916064E+03 +/-   4.17627642E-04   1.76812768E-02
     4     4.6416E+04  -1.29916064E+03 +/-   4.17627512E-04   1.76812658E-02
     5     1.0000E+04  -1.29916064E+03 +/-   4.17626908E-04   1.76812146E-02
     6     2.1544E+03  -1.29916064E+03 +/-   4.17624103E-04   1.76809771E-02
     7     4.6416E+02  -1.29916064E+03 +/-   4.17611101E-04   1.76798763E-02
     8     1.0000E+02  -1.29916065E+03 +/-   4.17551100E-04   1.76747962E-02
     9     2.1544E+01  -1.29916067E+03 +/-   4.17278902E-04   1.76517596E-02
    10     4.6416E+00  -1.29916072E+03 +/-   4.16092172E-04   1.75515001E-02
    11     1.0000E+00  -1.29916009E+03 +/-   4.14953877E-04   1.74556009E-02
    12     2.1544E-01  -1.29909256E+03 +/-   7.37348764E-04   5.51164281E-02
    13     4.6416E-02  -1.29903791E+03 +/-   2.57082820E-02   6.70009964E+01
    14     1.0000E-02   1.41291890E+14 +/-   3.39447431E+14   1.16810048E+34
    15     2.1544E-03   6.00444190E+48 +/-   3.45206899E+46   1.20807552E+98
    16     4.6416E-04   5.87342210E+48 +/-   0.00000000E+00  -1.00000000E+00
    17     1.0000E-04   3.61491835E+47 +/-   0.00000000E+00  -1.00000000E+00
    18     2.1544E-05   6.31458097E+47 +/-   0.00000000E+00  -1.00000000E+00
    19     4.6416E-06   3.74337020E+47 +/-   0.00000000E+00  -1.00000000E+00
    20     1.0000E-06   2.80236927E+47 +/-   0.00000000E+00  -1.00000000E+00
    21     0.0000E+00   2.60551022E+47 +/-   0.00000000E+00  -1.00000000E+00
  ParMin   8.7262E+00  -1.29916069E+03 +/-   4.16788308E-04   1.76102778E-02
  # Using grid point #10
* Iteration # 1: E =  -1.299160723683E+03 +/-   4.160921719949E-04
* Diminishing returns: exiting.
* After optimization:
  -2.5100E+01  -2.5106E+01  -2.5110E+01  -2.5102E+01  -2.5093E+01  -2.5081E+01
  -2.5089E+01  -2.5099E+01  -2.5084E+01   2.2898E+00   2.2964E+00   2.6408E+00
   2.2890E+00   2.0133E+00   1.2884E+00   2.1285E+00   1.8826E+00   1.8767E+00
   1.6033E+00   1.5960E+00   1.7517E+00   1.7432E+00   2.1423E+00   2.1345E+00
   1.1774E+00   1.1697E+00   2.2406E+00   2.2312E+00   2.0944E+00   2.0833E+00
   1.5249E+00   2.9674E-01   1.1295E+00   1.6188E+00   9.3426E-01   9.3938E-01
   1.1530E+00   1.1525E+00   1.7803E+00   1.5592E+00   1.5543E+00   1.8050E+00
   1.8023E+00   1.9164E+00   1.9147E+00   1.7020E+00   1.6990E+00   1.2672E+00
   1.2669E+00   1.1283E+00   1.1276E+00   1.6321E+00   1.6306E+00   7.0227E-01
   6.9967E-01   1.6739E+00   1.6751E+00   1.3055E+00   1.3033E+00   2.0549E+00
   2.0511E+00   1.2863E+00   1.2865E+00   1.1879E+00   1.1872E+00   1.4219E+00
   1.4229E+00   1.8464E+00   1.8422E+00   1.5198E+00   1.5179E+00   1.4082E+00
   7.8481E-01   7.8788E-01   6.0204E-01   6.0116E-01   1.2563E+00   1.2547E+00
   1.3625E+00   1.3651E+00   2.0289E+00   2.0330E+00   6.7731E-01   6.7771E-01
   8.7959E-01   8.7573E-01   6.2450E-01   6.2702E-01   6.9903E-01   6.9879E-01
   1.4664E+00   1.4631E+00   1.3722E+00   1.3742E+00   7.7016E-01   7.7041E-01
   1.4680E+00   1.4714E+00   9.8899E-01   9.8954E-01   7.3577E-01   7.3648E-01
   1.1559E+00   1.1570E+00   7.3993E-01   7.3657E-01   3.0348E-01   5.1175E-01
   5.1275E-01   8.6900E-01   8.6903E-01   1.5421E+00   1.5417E+00   9.5508E-01
   9.5857E-01   4.4924E-01   4.4911E-01   6.3236E-01   6.3235E-01   8.0387E-01
   8.0082E-01   3.3850E-01   1.1943E+00   1.1913E+00  -6.8047E-02  -6.7870E-02
   9.3046E-01   9.3154E-01   1.0400E+00   1.0385E+00   1.0123E+00   1.0117E+00
   7.2224E-01   7.1853E-01   7.5953E-01   7.6038E-01   4.6699E-01   4.6439E-01
   7.6482E-01   7.6837E-01  -9.8664E-02  -9.8612E-02   6.9548E-01   6.9649E-01
   4.7429E-01   4.7288E-01   6.2647E-01   6.2730E-01   1.4507E+00   1.4520E+00
   1.5760E+00   1.5711E+00   6.1154E-01   6.0960E-01   6.6192E-01   6.6574E-01
   1.0985E-01   1.1129E-01  -4.4475E-01   6.9703E-01   6.9662E-01   5.9916E-01
   6.0080E-01   6.8802E-01   1.3570E-01   1.3598E-01   5.8841E-01   5.8852E-01
   4.9120E-02   4.8803E-02   7.6496E-01   7.6583E-01   1.3859E-01   1.3565E-01
   7.8369E-01   7.8033E-01   6.0371E-01   6.0432E-01   6.8868E-01   9.5160E-01
   9.4858E-01   8.2260E-01   8.2068E-01  -1.9929E-01  -1.9978E-01   6.6841E-01
   6.6812E-01   9.3262E-01   9.3461E-01   8.5300E-01   8.5098E-01   9.4303E-01
   9.4471E-01   5.7325E-02   5.8282E-02   2.9036E-01   2.9232E-01   5.3814E-01
   5.4015E-01   6.6833E-01   6.6660E-01   3.8507E-01   3.8545E-01   1.0152E-01
   7.0334E-01   7.0442E-01   1.1375E-01   1.1454E-01   7.0160E-02   7.0037E-02
   5.8500E-01   5.8515E-01   5.8712E-01   5.8441E-01  -2.8638E-01  -2.8785E-01
   7.8556E-01   7.8495E-01   4.7135E-03   3.6178E-03   1.8937E-01   1.9033E-01
   6.7926E-01   6.7750E-01  -4.6959E-01   4.5871E-01   4.6141E-01   3.3673E-01
   3.3919E-01   5.9347E-01   5.9418E-01  -1.2808E-01  -1.3229E-01   1.8494E-01
   1.8651E-01  -2.5114E-01  -2.5406E-01   1.8931E-01   1.8942E-01   3.8491E-01
   3.8774E-01   1.5634E+00   1.5610E+00   7.0613E-02   7.0358E-02   5.7696E-02
   5.5950E-02   8.2085E-02   8.2214E-02  -1.9902E-01  -2.0170E-01  -2.8966E-01
  -2.9270E-01   7.0700E-01   7.0525E-01  -4.4424E-02  -4.4584E-02   2.6737E-01
  -9.8855E-02  -2.5405E-01  -2.5806E-01   1.0461E-01   9.3542E-03   3.3065E-01
   3.3480E-01   1.3934E-01   1.3893E-01   5.5295E-02   5.6842E-02   1.3832E-01
   1.3856E-01   7.0595E-01   7.0792E-01   2.9394E-01   2.9094E-01  -9.6281E-02
  -4.9223E-02  -4.8615E-02   8.3166E-02   7.7755E-02   4.6293E-01   4.6531E-01
   1.2940E-02  -1.3421E-01  -1.3545E-01   2.6577E-01   1.8730E-01   1.8557E-01
  -2.3376E+00   1.8404E-01  -4.5043E+00   1.9984E+00  -1.1399E+01   9.1485E+00
  -1.0850E+01   8.8707E+00   2.3569E+00  -3.6080E+00  -3.4402E+00   1.3600E+00
  -8.4068E-01  -9.4712E-01   2.3022E-01  -1.7336E+00  -4.3653E+00   2.7112E+00
  -1.0990E+01   8.9368E+00   7.0469E+00  -8.1385E+00  -1.9531E+00  -2.0924E-01
  -4.9167E+00   2.9082E+00  -1.0941E+01   9.4104E+00   1.1963E+01  -1.2262E+01
   1.8133E+00  -2.9454E+00  -1.9199E-01  -1.4384E+00   6.8300E+00  -7.7941E+00
   4.5443E-01  -1.6359E+00  -1.0991E+01   9.1850E+00   7.5263E-01  -2.3310E+00
  -1.7959E+00  -1.9440E-02  -3.8149E+00   1.9075E+00  -7.2031E+00   5.5076E+00
  -4.2912E+00   3.0259E+00  -4.0112E+00   2.8860E+00  -4.7602E+00   3.1168E+00
   7.2012E+00  -7.9158E+00  -1.0847E+01   9.1588E+00  -4.2433E+00   2.9223E+00
  -3.9053E+00   1.8080E+00  -4.0934E+00   2.7769E+00   3.3027E-01  -1.5361E+00
  -4.3715E+00   2.9194E+00  -7.2832E+00   5.4080E+00  -7.6757E-01  -7.7110E-01
  -1.0838E+01   9.4316E+00   6.1268E-01  -1.3981E+00   6.9778E+00  -7.5778E+00
   8.9421E-01  -2.1431E+00  -1.0888E+01   9.5233E+00  -2.3463E+00   2.6736E-01
   4.5226E+00  -5.2017E+00  -4.0105E+00   3.1333E+00   8.3311E-01  -1.4590E+00
   2.3417E+00  -3.0401E+00  -5.5704E+00   4.1038E+00  -1.1424E+00  -2.3583E-01
   4.4796E+00  -5.2434E+00  -1.0932E+01   9.4690E+00  -4.0552E+00   3.0716E+00
  -1.0787E-01  -6.2858E-01  -1.0655E+01   9.4980E+00   7.8831E-01  -1.5192E+00
   2.8252E+00  -3.1271E+00   6.1201E+00  -6.6334E+00  -4.2917E+00   3.4209E+00
  -7.5936E+00   6.0528E+00  -6.7656E+00   5.8092E+00   7.9786E-01  -1.2470E+00
   4.0671E+00  -4.7005E+00   2.2997E+00  -3.0963E+00   2.8117E+00  -3.1507E+00
  -1.0672E+01   9.4768E+00   7.6097E+00  -7.5431E+00  -6.7502E+00   5.8196E+00
  -1.0716E+01   9.6779E+00  -1.0702E+01   9.6907E+00  -4.0815E+00   3.3619E+00
  -6.5336E+00   5.7745E+00  -3.8834E+00   3.4179E+00  -1.2092E-01  -6.4760E-01
   7.6237E+00  -7.5258E+00  -5.5690E-01  -1.3911E-01  -3.8849E+00   3.4139E+00
   1.4692E+00  -2.0945E+00  -1.1832E+00  -2.6024E-01  -7.6102E+00   6.0369E+00
   4.0867E+00  -4.6950E+00  -6.6073E+00   5.9445E+00   8.9574E-01  -1.0064E+00
   1.2401E+01  -1.1954E+01  -4.0700E+00   3.3737E+00   1.4799E+00  -2.0781E+00
  -1.0618E+01   9.9293E+00   2.0180E-01  -3.3757E-01   6.0826E+00  -6.6737E+00
   2.6791E+00  -2.7284E+00  -6.5364E+00   5.7712E+00   2.0133E-01  -3.3955E-01
  -7.0158E+00   6.2350E+00  -4.1445E+00   3.5406E+00  -1.0618E+01   9.9294E+00
  -4.3259E+00   3.3739E+00  -5.1772E+00   4.3544E+00   4.9736E+00  -4.7754E+00
  -4.9691E+00   4.3003E+00  -7.2215E+00   6.2898E+00  -5.1958E+00   4.3422E+00
  -7.2306E+00   6.2884E+00   2.6752E+00  -2.7320E+00  -4.0623E+00   3.7709E+00
   7.6514E-01  -1.3053E+00  -6.6094E+00   5.9424E+00  -6.5451E+00   6.1593E+00
  -2.4868E+00   2.3855E+00  -7.0995E+00   6.3931E+00   8.9416E-01  -1.0097E+00
   1.7565E+00  -1.8281E+00  -4.1361E+00   3.5496E+00  -5.0474E+00   4.4627E+00
   7.4516E+00  -7.1657E+00  -7.0193E+00   6.2335E+00  -8.2654E-05  -3.3208E-03
  -2.9338E-01   1.0221E-01  -4.9745E+00   4.2959E+00   1.2410E+01  -1.1940E+01
  -7.0524E+00   6.5925E+00  -4.9981E+00   4.6609E+00  -5.0518E+00   4.4569E+00
   4.4715E+00  -4.3413E+00  -2.9980E+00   2.8119E+00   6.5233E+00  -6.2719E+00
  -2.9179E-01   1.0414E-01  -6.5456E+00   6.1584E+00  -5.6127E+00   4.0549E+00
   1.7594E+00  -1.8297E+00  -9.4030E-01   8.8504E-01  -5.0577E-01   4.2460E-01
   4.9745E+00  -4.7727E+00   7.4534E+00  -7.1614E+00  -5.6161E-01  -1.4366E-01
   1.5466E+00  -1.5034E+00  -3.5036E+00   3.2376E+00   2.4831E+00  -2.3824E+00
   6.5242E+00  -6.2683E+00  -2.4885E+00   2.3815E+00   5.9981E-01  -6.1446E-01
  -4.9971E+00   4.6650E+00  -1.4539E+00   1.3138E+00  -9.4291E-01   8.8652E-01
  -1.4499E+00   1.3142E+00  -7.0980E+00   6.3931E+00  -4.0642E+00   3.7719E+00
   2.4844E+00  -2.3867E+00   1.5485E+00  -1.4982E+00  -5.0796E-01   4.2684E-01
  -7.0535E+00   6.5890E+00   5.9930E-01  -6.1115E-01   4.4724E+00  -4.3358E+00
  -3.5023E+00   3.2361E+00  -2.9965E+00   2.8103E+00
  > Energy =  -1.299160723683E+03 +/-   4.160921719949E-04
  > varE =   1.755150014868E-02

VMC #10:
* Size of Hilbert space =   5.4457E+18
* Number of equil. steps   = 1000
* Running VMC equilibration.
  Done. [total walltime: 0.10s]
* Equil. acc.ratio (%)     =  10.7624
* Sample config after equilibration:
  [draw: system geometry not defined]
* Number of accum. steps   = 506880 x 10
* Running VMC accumulation.
  Done. [total walltime: 13.1s]
* Acceptance ratio (%)     =  10.7187
* Etot/t                   =  -1.299160217782E+03 +/-   1.910455805942E-04
  > Ttot/t                 =  -1.396061386757E+02 +/-   1.211907998301E-03
  > Utot/t                 =   6.245126977347E+01 +/-   1.196832888340E-03
* var[Eloc/t]              =   1.772397812194E-02 +/-   2.202201262934E-04
* Correlation length       =   1.043801560371E+00
* log10 Psi^2 range: -188.4972412413209 -- -174.7596113617797
* log10 Pgen range : -188.4972412413209 -- -174.7596113617797
* Site occupation (ave. no. electrons per config.):
  > Site_  ___eu____  ___ed____
      1        0.500      0.499
      2        0.494      0.497
      3        0.494      0.501
      4        0.499      0.497
      5        0.497      0.499
      6        0.501      0.503
      7        0.506      0.503
      8        0.505      0.502
      9        0.503      0.505
     10        0.496      0.502
     11        0.498      0.496
     12        0.498      0.500
     13        0.500      0.495
     14        0.497      0.499
     15        0.500      0.496
     16        0.501      0.502
     17        0.503      0.500
     18        0.501      0.504
     19        0.508      0.500
     20        0.499      0.498
     21        0.497      0.494
     22        0.503      0.504
     23        0.494      0.503
     24        0.503      0.503
     25        0.506      0.506
     26        0.499      0.503
     27        0.502      0.504
     28        0.504      0.502
     29        0.505      0.504
     30        0.498      0.498
     31        0.493      0.496
     32        0.498      0.496
     33        0.497      0.497
     34        0.501      0.494
* Pair-correlation analysis (ave. no. pairs per config.):
  > Shell  nsite  ___dh____  __eueu___  __eued___
      0      1        0          0          6.092
      1      0        0.967      0.464      2.574
      2      0        0.226      0.801      1.037
      3      0        0.265      0.744      1.037
      4      0        0.139      0.367      0.524
      5      0        0.274      0.734      1.035
      6      0        0.255      0.763      1.036
      7      0        0.813      0.806      2.428
      8      0        0.742      0.963      2.344
      9      0        0.682      1.102      2.280
     10      0        0.632      1.228      2.234
     11      0        0.581      1.338      2.167
     12      0        0.448      1.587      2.060
     13      0        0.523      1.454      2.128
     14      0        0.155      0.816      1.152
     15      0        0.155      0.823      1.140
     16      0        0.154      0.842      1.123
     17      0        0.147      0.865      1.061
     18      0        0.236      2.103      1.944
     19      0        0.242      2.099      1.943
     20      0        0.121      1.057      0.968
     21      0        0.236      2.075      1.926
     22      0        0.244      2.028      1.959
     23      0        0.278      1.925      2.031
     24      0        0.311      1.901      2.021
     25      0        0.318      1.890      2.021
     26      0        0.325      1.890      2.032
     27      0        0.256      2.066      1.953
     28      0        0.257      2.079      1.941
     29      0        0.258      2.114      1.933
     30      0        0.259      2.104      1.919
     31      0        0.243      2.092      1.941
     32      0        0.295      2.061      1.927
     33      0        0.253      2.110      1.913
     34      0        0.288      2.051      1.922
     35      0        0.278      2.064      1.924
     36      0        0.247      2.120      1.919
     37      0        0.118      0.977      1.051
     38      0        0.234      1.965      2.090
     39      0        0.237      1.973      2.072
     40      0        0.234      1.966      2.032
     41      0        0.265      2.043      1.960
     42      0        0.218      2.101      1.932
     43      0        0.259      2.043      1.967
     44      0        0.262      2.041      1.966
     45      0        0.266      2.038      1.978
     46      0        0.266      2.019      1.981
     47      0        0.256      1.998      1.965
     48      0        0.231      2.058      1.985
     49      0        0.281      1.874      2.091
     50      0        0.279      1.899      2.075
     51      0        0.281      1.914      2.062
     52      0        0.298      1.945      2.001
     53      0        0.300      1.953      2.012
     54      0        0.276      1.943      2.055
     55      0        0.153      0.967      0.998
     56      0        0.231      1.993      2.010
     57      0        0.234      2.008      2.046
     58      0        0.267      1.963      2.013
     59      0        0.262      1.972      2.032
     60      0        0.231      2.007      2.049
     61      0        0.242      1.974      2.048
     62      0        0.275      1.955      2.023
     63      0        0.149      1.001      0.974
     64      0        0.299      2.008      1.961
     65      0        0.268      1.976      2.014
     66      0        0.255      2.024      1.990
     67      0        0.264      1.975      2.027
     68      0        0.266      2.013      1.984
     69      0        0.272      1.990      2.018
     70      0        0.298      1.970      1.996
     71      0        0.299      1.960      1.986
     72      0        0.288      2.003      1.962
     73      0        0.267      2.015      1.982
     74      0        0.266      1.986      1.994
     75      0        0.299      1.983      1.961
     76      0        0.265      1.970      1.978
     77      0        0.268      1.847      2.130
     78      0        0.255      2.029      1.972
     79      0        0.233      2.029      2.005
     80      0        0.256      2.018      1.999
     81      0        0.261      2.010      1.993
     82      0        0.116      1.019      1.006
     83      0        0.264      2.022      1.998
     84      0        0.259      1.981      1.976
     85      0        0.148      0.987      0.986
     86      0        0.293      1.969      1.982
     87      0        0.230      2.026      1.984
     88      0        0.263      2.006      1.994
     89      0        0.290      2.002      1.978
     90      0        0.290      1.985      1.971
     91      0        0.273      1.990      2.000
     92      0        0.229      2.044      2.017
     93      0        0.147      0.983      0.990
     94      0        0.235      2.050      2.004
     95      0        0.229      2.007      2.005
     96      0        0.256      2.012      2.000
     97      0        0.261      1.989      1.990
     98      0        0.232      2.023      2.021
     99      0        0.230      2.008      2.004
    100      0        0.237      2.010      2.025
    101      0        0.266      1.985      2.010
    102      0        0.261      2.004      2.000
    103      0        0.233      2.055      1.999
    104      0        0.259      1.990      2.016
    105      0        0.288      1.980      1.981
    106      0        0.141      0.994      0.990
    107      0        0.232      2.023      2.023
    108      0        0.262      1.992      2.006
    109      0        0.261      1.974      1.981
    110      0        0.236      2.015      2.033
    111      0        0.235      2.003      2.002
    112      0        0.235      2.028      2.018
    113      0        0.262      2.014      1.998
    114      0        0.261      2.009      1.997
    115      0        0.264      1.991      1.996
    116      0        0.268      1.978      1.984
    117      0        0.118      1.004      1.019
    118      0        0.262      1.993      1.994
    119      0        0.259      1.983      1.976
    120      0        0.229      2.009      2.008
    121      0        0.234      2.020      2.017
    122      0        0.254      2.003      1.996
    123      0        0.233      2.001      2.003
    124      0        0.266      1.992      1.991
    125      0        0.294      1.973      1.978
    126      0        0.267      1.942      2.000
    127      0        0.264      1.981      1.970
    128      0        0.254      1.985      1.983
    129      0        0.234      2.020      2.016
    130      0        0.258      1.997      2.011
    131      0        0.233      2.019      2.030
    132      0        0.263      1.998      1.990
    133      0        0.233      2.000      2.003
    134      0        0.116      1.009      1.006
    135      0        0.118      1.010      1.015
    136      0        0.227      2.006      2.007
    137      0        0.140      0.991      0.997
    138      0        0.114      0.991      0.993
    139      0        0.260      1.979      1.977
    140      0        0.232      1.990      1.998
    141      0        0.256      1.975      1.986
    142      0        0.233      2.000      1.991
    143      0        0.235      2.017      2.022
    144      0        0.261      2.003      2.001
    145      0        0.117      1.011      1.015
    146      0        0.229      2.008      2.003
    147      0        0.232      2.019      2.020
    148      0        0.261      1.990      1.997
    149      0        0.111      0.994      0.991
    150      0        0.236      2.015      2.015
    151      0        0.116      1.004      1.009
    152      0        0.255      1.997      2.000
    153      0        0.259      2.004      2.004

Optimization #10:
* Method          : lls
* Target function : energy
* No. of configs. : 101376
* No. of params.  : 592
* Before optimization:
  -2.5100E+01  -2.5106E+01  -2.5110E+01  -2.5102E+01  -2.5093E+01  -2.5081E+01
  -2.5089E+01  -2.5099E+01  -2.5084E+01   2.2898E+00   2.2964E+00   2.6408E+00
   2.2890E+00   2.0133E+00   1.2884E+00   2.1285E+00   1.8826E+00   1.8767E+00
   1.6033E+00   1.5960E+00   1.7517E+00   1.7432E+00   2.1423E+00   2.1345E+00
   1.1774E+00   1.1697E+00   2.2406E+00   2.2312E+00   2.0944E+00   2.0833E+00
   1.5249E+00   2.9674E-01   1.1295E+00   1.6188E+00   9.3426E-01   9.3938E-01
   1.1530E+00   1.1525E+00   1.7803E+00   1.5592E+00   1.5543E+00   1.8050E+00
   1.8023E+00   1.9164E+00   1.9147E+00   1.7020E+00   1.6990E+00   1.2672E+00
   1.2669E+00   1.1283E+00   1.1276E+00   1.6321E+00   1.6306E+00   7.0227E-01
   6.9967E-01   1.6739E+00   1.6751E+00   1.3055E+00   1.3033E+00   2.0549E+00
   2.0511E+00   1.2863E+00   1.2865E+00   1.1879E+00   1.1872E+00   1.4219E+00
   1.4229E+00   1.8464E+00   1.8422E+00   1.5198E+00   1.5179E+00   1.4082E+00
   7.8481E-01   7.8788E-01   6.0204E-01   6.0116E-01   1.2563E+00   1.2547E+00
   1.3625E+00   1.3651E+00   2.0289E+00   2.0330E+00   6.7731E-01   6.7771E-01
   8.7959E-01   8.7573E-01   6.2450E-01   6.2702E-01   6.9903E-01   6.9879E-01
   1.4664E+00   1.4631E+00   1.3722E+00   1.3742E+00   7.7016E-01   7.7041E-01
   1.4680E+00   1.4714E+00   9.8899E-01   9.8954E-01   7.3577E-01   7.3648E-01
   1.1559E+00   1.1570E+00   7.3993E-01   7.3657E-01   3.0348E-01   5.1175E-01
   5.1275E-01   8.6900E-01   8.6903E-01   1.5421E+00   1.5417E+00   9.5508E-01
   9.5857E-01   4.4924E-01   4.4911E-01   6.3236E-01   6.3235E-01   8.0387E-01
   8.0082E-01   3.3850E-01   1.1943E+00   1.1913E+00  -6.8047E-02  -6.7870E-02
   9.3046E-01   9.3154E-01   1.0400E+00   1.0385E+00   1.0123E+00   1.0117E+00
   7.2224E-01   7.1853E-01   7.5953E-01   7.6038E-01   4.6699E-01   4.6439E-01
   7.6482E-01   7.6837E-01  -9.8664E-02  -9.8612E-02   6.9548E-01   6.9649E-01
   4.7429E-01   4.7288E-01   6.2647E-01   6.2730E-01   1.4507E+00   1.4520E+00
   1.5760E+00   1.5711E+00   6.1154E-01   6.0960E-01   6.6192E-01   6.6574E-01
   1.0985E-01   1.1129E-01  -4.4475E-01   6.9703E-01   6.9662E-01   5.9916E-01
   6.0080E-01   6.8802E-01   1.3570E-01   1.3598E-01   5.8841E-01   5.8852E-01
   4.9120E-02   4.8803E-02   7.6496E-01   7.6583E-01   1.3859E-01   1.3565E-01
   7.8369E-01   7.8033E-01   6.0371E-01   6.0432E-01   6.8868E-01   9.5160E-01
   9.4858E-01   8.2260E-01   8.2068E-01  -1.9929E-01  -1.9978E-01   6.6841E-01
   6.6812E-01   9.3262E-01   9.3461E-01   8.5300E-01   8.5098E-01   9.4303E-01
   9.4471E-01   5.7325E-02   5.8282E-02   2.9036E-01   2.9232E-01   5.3814E-01
   5.4015E-01   6.6833E-01   6.6660E-01   3.8507E-01   3.8545E-01   1.0152E-01
   7.0334E-01   7.0442E-01   1.1375E-01   1.1454E-01   7.0160E-02   7.0037E-02
   5.8500E-01   5.8515E-01   5.8712E-01   5.8441E-01  -2.8638E-01  -2.8785E-01
   7.8556E-01   7.8495E-01   4.7135E-03   3.6178E-03   1.8937E-01   1.9033E-01
   6.7926E-01   6.7750E-01  -4.6959E-01   4.5871E-01   4.6141E-01   3.3673E-01
   3.3919E-01   5.9347E-01   5.9418E-01  -1.2808E-01  -1.3229E-01   1.8494E-01
   1.8651E-01  -2.5114E-01  -2.5406E-01   1.8931E-01   1.8942E-01   3.8491E-01
   3.8774E-01   1.5634E+00   1.5610E+00   7.0613E-02   7.0358E-02   5.7696E-02
   5.5950E-02   8.2085E-02   8.2214E-02  -1.9902E-01  -2.0170E-01  -2.8966E-01
  -2.9270E-01   7.0700E-01   7.0525E-01  -4.4424E-02  -4.4584E-02   2.6737E-01
  -9.8855E-02  -2.5405E-01  -2.5806E-01   1.0461E-01   9.3542E-03   3.3065E-01
   3.3480E-01   1.3934E-01   1.3893E-01   5.5295E-02   5.6842E-02   1.3832E-01
   1.3856E-01   7.0595E-01   7.0792E-01   2.9394E-01   2.9094E-01  -9.6281E-02
  -4.9223E-02  -4.8615E-02   8.3166E-02   7.7755E-02   4.6293E-01   4.6531E-01
   1.2940E-02  -1.3421E-01  -1.3545E-01   2.6577E-01   1.8730E-01   1.8557E-01
  -2.3376E+00   1.8404E-01  -4.5043E+00   1.9984E+00  -1.1399E+01   9.1485E+00
  -1.0850E+01   8.8707E+00   2.3569E+00  -3.6080E+00  -3.4402E+00   1.3600E+00
  -8.4068E-01  -9.4712E-01   2.3022E-01  -1.7336E+00  -4.3653E+00   2.7112E+00
  -1.0990E+01   8.9368E+00   7.0469E+00  -8.1385E+00  -1.9531E+00  -2.0924E-01
  -4.9167E+00   2.9082E+00  -1.0941E+01   9.4104E+00   1.1963E+01  -1.2262E+01
   1.8133E+00  -2.9454E+00  -1.9199E-01  -1.4384E+00   6.8300E+00  -7.7941E+00
   4.5443E-01  -1.6359E+00  -1.0991E+01   9.1850E+00   7.5263E-01  -2.3310E+00
  -1.7959E+00  -1.9440E-02  -3.8149E+00   1.9075E+00  -7.2031E+00   5.5076E+00
  -4.2912E+00   3.0259E+00  -4.0112E+00   2.8860E+00  -4.7602E+00   3.1168E+00
   7.2012E+00  -7.9158E+00  -1.0847E+01   9.1588E+00  -4.2433E+00   2.9223E+00
  -3.9053E+00   1.8080E+00  -4.0934E+00   2.7769E+00   3.3027E-01  -1.5361E+00
  -4.3715E+00   2.9194E+00  -7.2832E+00   5.4080E+00  -7.6757E-01  -7.7110E-01
  -1.0838E+01   9.4316E+00   6.1268E-01  -1.3981E+00   6.9778E+00  -7.5778E+00
   8.9421E-01  -2.1431E+00  -1.0888E+01   9.5233E+00  -2.3463E+00   2.6736E-01
   4.5226E+00  -5.2017E+00  -4.0105E+00   3.1333E+00   8.3311E-01  -1.4590E+00
   2.3417E+00  -3.0401E+00  -5.5704E+00   4.1038E+00  -1.1424E+00  -2.3583E-01
   4.4796E+00  -5.2434E+00  -1.0932E+01   9.4690E+00  -4.0552E+00   3.0716E+00
  -1.0787E-01  -6.2858E-01  -1.0655E+01   9.4980E+00   7.8831E-01  -1.5192E+00
   2.8252E+00  -3.1271E+00   6.1201E+00  -6.6334E+00  -4.2917E+00   3.4209E+00
  -7.5936E+00   6.0528E+00  -6.7656E+00   5.8092E+00   7.9786E-01  -1.2470E+00
   4.0671E+00  -4.7005E+00   2.2997E+00  -3.0963E+00   2.8117E+00  -3.1507E+00
  -1.0672E+01   9.4768E+00   7.6097E+00  -7.5431E+00  -6.7502E+00   5.8196E+00
  -1.0716E+01   9.6779E+00  -1.0702E+01   9.6907E+00  -4.0815E+00   3.3619E+00
  -6.5336E+00   5.7745E+00  -3.8834E+00   3.4179E+00  -1.2092E-01  -6.4760E-01
   7.6237E+00  -7.5258E+00  -5.5690E-01  -1.3911E-01  -3.8849E+00   3.4139E+00
   1.4692E+00  -2.0945E+00  -1.1832E+00  -2.6024E-01  -7.6102E+00   6.0369E+00
   4.0867E+00  -4.6950E+00  -6.6073E+00   5.9445E+00   8.9574E-01  -1.0064E+00
   1.2401E+01  -1.1954E+01  -4.0700E+00   3.3737E+00   1.4799E+00  -2.0781E+00
  -1.0618E+01   9.9293E+00   2.0180E-01  -3.3757E-01   6.0826E+00  -6.6737E+00
   2.6791E+00  -2.7284E+00  -6.5364E+00   5.7712E+00   2.0133E-01  -3.3955E-01
  -7.0158E+00   6.2350E+00  -4.1445E+00   3.5406E+00  -1.0618E+01   9.9294E+00
  -4.3259E+00   3.3739E+00  -5.1772E+00   4.3544E+00   4.9736E+00  -4.7754E+00
  -4.9691E+00   4.3003E+00  -7.2215E+00   6.2898E+00  -5.1958E+00   4.3422E+00
  -7.2306E+00   6.2884E+00   2.6752E+00  -2.7320E+00  -4.0623E+00   3.7709E+00
   7.6514E-01  -1.3053E+00  -6.6094E+00   5.9424E+00  -6.5451E+00   6.1593E+00
  -2.4868E+00   2.3855E+00  -7.0995E+00   6.3931E+00   8.9416E-01  -1.0097E+00
   1.7565E+00  -1.8281E+00  -4.1361E+00   3.5496E+00  -5.0474E+00   4.4627E+00
   7.4516E+00  -7.1657E+00  -7.0193E+00   6.2335E+00  -8.2654E-05  -3.3208E-03
  -2.9338E-01   1.0221E-01  -4.9745E+00   4.2959E+00   1.2410E+01  -1.1940E+01
  -7.0524E+00   6.5925E+00  -4.9981E+00   4.6609E+00  -5.0518E+00   4.4569E+00
   4.4715E+00  -4.3413E+00  -2.9980E+00   2.8119E+00   6.5233E+00  -6.2719E+00
  -2.9179E-01   1.0414E-01  -6.5456E+00   6.1584E+00  -5.6127E+00   4.0549E+00
   1.7594E+00  -1.8297E+00  -9.4030E-01   8.8504E-01  -5.0577E-01   4.2460E-01
   4.9745E+00  -4.7727E+00   7.4534E+00  -7.1614E+00  -5.6161E-01  -1.4366E-01
   1.5466E+00  -1.5034E+00  -3.5036E+00   3.2376E+00   2.4831E+00  -2.3824E+00
   6.5242E+00  -6.2683E+00  -2.4885E+00   2.3815E+00   5.9981E-01  -6.1446E-01
  -4.9971E+00   4.6650E+00  -1.4539E+00   1.3138E+00  -9.4291E-01   8.8652E-01
  -1.4499E+00   1.3142E+00  -7.0980E+00   6.3931E+00  -4.0642E+00   3.7719E+00
   2.4844E+00  -2.3867E+00   1.5485E+00  -1.4982E+00  -5.0796E-01   4.2684E-01
  -7.0535E+00   6.5890E+00   5.9930E-01  -6.1115E-01   4.4724E+00  -4.3358E+00
  -3.5023E+00   3.2361E+00  -2.9965E+00   2.8103E+00
  > E    =  -1.299159884354E+03 +/-   4.203329986808E-04
  > varE =   1.791109442378E-02
* Computing derivatives.
    [walltime: 2m35s elapsed, 6m56s remaining]
  Done. [total walltime: 9m12s]
* Optimizing manipulation constant:
  #igrid a___________ E____________________________________ varE____________
     1     Infinity    -1.29915988E+03 +/-   4.20332999E-04   1.79110944E-02
     2     1.0000E+06  -1.29915988E+03 +/-   4.20332992E-04   1.79110939E-02
     3     2.1544E+05  -1.29915988E+03 +/-   4.20332968E-04   1.79110918E-02
     4     4.6416E+04  -1.29915988E+03 +/-   4.20332855E-04   1.79110822E-02
     5     1.0000E+04  -1.29915988E+03 +/-   4.20332334E-04   1.79110378E-02
     6     2.1544E+03  -1.29915988E+03 +/-   4.20329915E-04   1.79108317E-02
     7     4.6416E+02  -1.29915989E+03 +/-   4.20318737E-04   1.79098790E-02
     8     1.0000E+02  -1.29915989E+03 +/-   4.20267856E-04   1.79055432E-02
     9     2.1544E+01  -1.29915991E+03 +/-   4.20051899E-04   1.78871462E-02
    10     4.6416E+00  -1.29915996E+03 +/-   4.19392576E-04   1.78310381E-02
    11     1.0000E+00  -1.29915965E+03 +/-   4.22656026E-04   1.81096177E-02
    12     2.1544E-01  -1.29891800E+03 +/-   1.33210436E-03   1.79891916E-01
    13     4.6416E-02 (error)
    14     1.0000E-02 (error)
    15     2.1544E-03 (error)
    16     4.6416E-04 (error)
    17     1.0000E-04 (error)
    18     2.1544E-05 (error)
    19     4.6416E-06 (error)
    20     1.0000E-06 (error)
    21     0.0000E+00 (error)
  ParMin   7.8925E+00  -1.29915994E+03 +/-   4.19676154E-04   1.78551596E-02
  # Using grid point #10
* Iteration # 1: E =  -1.299159962831E+03 +/-   4.193925761493E-04
* Diminishing returns: exiting.
* After optimization:
  -2.4900E+01  -2.4905E+01  -2.4909E+01  -2.4901E+01  -2.4891E+01  -2.4880E+01
  -2.4890E+01  -2.4897E+01  -2.4885E+01   2.3010E+00   2.3085E+00   2.6376E+00
   2.3489E+00   2.0359E+00   1.3073E+00   2.1591E+00   1.8780E+00   1.8715E+00
   1.5927E+00   1.5856E+00   1.7155E+00   1.7072E+00   2.1065E+00   2.0984E+00
   1.1478E+00   1.1407E+00   2.2693E+00   2.2596E+00   2.1046E+00   2.0937E+00
   1.4324E+00   2.1813E-01   1.0890E+00   1.6453E+00   8.7461E-01   8.7862E-01
   1.0675E+00   1.0680E+00   1.6885E+00   1.5511E+00   1.5463E+00   1.8335E+00
   1.8305E+00   1.9289E+00   1.9274E+00   1.7470E+00   1.7449E+00   1.3075E+00
   1.3065E+00   1.1477E+00   1.1473E+00   1.6414E+00   1.6404E+00   6.7182E-01
   6.7028E-01   1.6401E+00   1.6401E+00   1.2683E+00   1.2671E+00   2.0679E+00
   2.0633E+00   1.3060E+00   1.3054E+00   1.1775E+00   1.1775E+00   1.4623E+00
   1.4629E+00   1.8918E+00   1.8885E+00   1.5144E+00   1.5128E+00   1.3177E+00
   6.9866E-01   7.0174E-01   5.4056E-01   5.3971E-01   1.2490E+00   1.2474E+00
   1.3465E+00   1.3489E+00   2.0405E+00   2.0438E+00   6.5298E-01   6.5261E-01
   8.4282E-01   8.4012E-01   5.9561E-01   5.9685E-01   6.8835E-01   6.8730E-01
   1.5076E+00   1.5047E+00   1.3487E+00   1.3515E+00   7.4423E-01   7.4580E-01
   1.4524E+00   1.4556E+00   9.5263E-01   9.5295E-01   7.6058E-01   7.6162E-01
   1.1967E+00   1.1973E+00   7.0995E-01   7.0744E-01   3.2257E-01   4.8313E-01
   4.8359E-01   8.0244E-01   8.0177E-01   1.5673E+00   1.5667E+00   9.2388E-01
   9.2638E-01   3.6411E-01   3.6377E-01   5.8554E-01   5.8687E-01   7.9325E-01
   7.9130E-01   3.5774E-01   1.2345E+00   1.2317E+00  -9.6717E-02  -9.6597E-02
   8.9930E-01   9.0080E-01   1.0238E+00   1.0233E+00   9.9589E-01   9.9568E-01
   7.1123E-01   7.0817E-01   7.8450E-01   7.8442E-01   5.0658E-01   5.0437E-01
   7.8990E-01   7.9367E-01  -1.2755E-01  -1.2715E-01   7.0070E-01   7.0194E-01
   5.1493E-01   5.1301E-01   6.4790E-01   6.4775E-01   1.4266E+00   1.4286E+00
   1.6014E+00   1.5954E+00   5.6558E-01   5.6429E-01   6.2974E-01   6.3294E-01
   1.0127E-01   1.0239E-01  -5.2150E-01   6.8608E-01   6.8587E-01   6.2097E-01
   6.2202E-01   7.5033E-01   1.5983E-01   1.6063E-01   5.5757E-01   5.5900E-01
   3.8511E-02   3.7829E-02   7.9000E-01   7.8981E-01   1.6181E-01   1.6042E-01
   7.8623E-01   7.8401E-01   5.3630E-01   5.3637E-01   7.4973E-01   8.8436E-01
   8.8228E-01   7.8766E-01   7.8556E-01  -2.2095E-01  -2.2116E-01   6.8843E-01
   6.8873E-01   8.8112E-01   8.8214E-01   8.1686E-01   8.1481E-01   8.9142E-01
   8.9304E-01   4.6320E-02   4.7175E-02   3.0293E-01   3.0500E-01   4.5353E-01
   4.5495E-01   6.3506E-01   6.3459E-01   4.3440E-01   4.3511E-01   1.3752E-01
   6.4883E-01   6.4961E-01   1.0634E-01   1.0717E-01   8.8807E-02   8.8904E-02
   5.1684E-01   5.1758E-01   5.4922E-01   5.4697E-01  -3.4317E-01  -3.4449E-01
   7.8885E-01   7.8832E-01   3.2894E-03   2.2659E-03   1.9170E-01   1.9238E-01
   6.9907E-01   6.9825E-01  -5.4807E-01   4.8520E-01   4.8733E-01   3.7925E-01
   3.8151E-01   5.5692E-01   5.5721E-01  -1.7470E-01  -1.7728E-01   1.9758E-01
   1.9919E-01  -2.8033E-01  -2.8183E-01   1.9180E-01   1.9096E-01   4.3390E-01
   4.3637E-01   1.6046E+00   1.6015E+00   9.0324E-02   8.9417E-02   8.7095E-02
   8.6362E-02   5.8795E-02   5.8825E-02  -2.2090E-01  -2.2282E-01  -3.4696E-01
  -3.5040E-01   7.1190E-01   7.0964E-01  -5.0989E-02  -5.1213E-02   2.5680E-01
  -1.3422E-01  -2.8198E-01  -2.8398E-01   1.3933E-01   3.4272E-02   3.7462E-01
   3.7809E-01   1.4634E-01   1.4504E-01   8.5535E-02   8.6775E-02   1.4626E-01
   1.4636E-01   6.5222E-01   6.5358E-01   3.0756E-01   3.0581E-01  -1.3400E-01
  -5.4512E-02  -5.4242E-02   5.9172E-02   5.4896E-02   4.8831E-01   4.9063E-01
   3.6580E-02  -1.7865E-01  -1.7960E-01   2.5726E-01   1.9954E-01   1.9833E-01
  -2.5182E+00   3.5253E-01  -4.4067E+00   1.9029E+00  -1.2489E+01   1.0179E+01
  -1.1224E+01   9.2228E+00   1.9922E+00  -3.2611E+00  -4.0448E+00   1.9331E+00
  -8.3908E-01  -9.4359E-01   3.3238E-01  -1.8246E+00  -3.7782E+00   2.1598E+00
  -1.0406E+01   8.3891E+00   7.5099E+00  -8.5728E+00  -2.4847E+00   2.9420E-01
  -5.1579E+00   3.1392E+00  -9.4003E+00   7.9629E+00   1.3256E+01  -1.3476E+01
   2.4215E+00  -3.5133E+00  -6.5124E-01  -1.0065E+00   7.7804E+00  -8.6847E+00
   1.8710E+00  -2.9677E+00  -9.4515E+00   7.7366E+00   8.2783E-01  -2.3980E+00
  -2.3270E+00   4.8415E-01  -4.0673E+00   2.1474E+00  -8.0512E+00   6.3091E+00
  -5.0193E+00   3.7141E+00  -4.3796E+00   3.2349E+00  -5.0007E+00   3.3487E+00
   7.6648E+00  -8.3498E+00  -1.0264E+01   8.6103E+00  -3.6557E+00   2.3715E+00
  -4.1582E+00   2.0477E+00  -4.4619E+00   3.1263E+00   4.3191E-01  -1.6278E+00
  -5.0995E+00   3.6074E+00  -8.1311E+00   6.2093E+00  -7.6549E-01  -7.6799E-01
  -9.2997E+00   7.9822E+00   2.0297E+00  -2.7287E+00   7.9293E+00  -8.4678E+00
   9.6850E-01  -2.2116E+00  -1.0663E+01   9.3148E+00  -2.5262E+00   4.3642E-01
   4.8681E+00  -5.5218E+00  -3.4233E+00   2.5819E+00   1.2936E+00  -1.8907E+00
   2.4634E+00  -3.1513E+00  -6.3439E+00   4.8358E+00  -7.8786E-01  -5.6604E-01
   4.8245E+00  -5.5634E+00  -1.0707E+01   9.2597E+00  -3.4678E+00   2.5209E+00
  -5.9166E-01  -1.6919E-01  -1.1386E+01   1.0188E+01   1.2492E+00  -1.9505E+00
   2.4605E+00  -2.7816E+00   6.5396E+00  -7.0233E+00  -3.2168E+00   2.4131E+00
  -8.0878E+00   6.5220E+00  -6.2967E+00   5.3722E+00   2.2146E+00  -2.5791E+00
   4.7655E+00  -5.3532E+00   2.4212E+00  -3.2076E+00   2.4466E+00  -2.8050E+00
  -1.1402E+01   1.0168E+01   8.0736E+00  -7.9783E+00  -6.2820E+00   5.3820E+00
  -1.0492E+01   9.4686E+00  -1.0477E+01   9.4825E+00  -3.9628E+00   3.2541E+00
  -7.0206E+00   6.2377E+00  -4.6107E+00   4.1057E+00  -6.0491E-01  -1.8776E-01
   8.0881E+00  -7.9605E+00  -6.8880E-01  -1.2694E-02  -4.6134E+00   4.1005E+00
   1.0587E+00  -1.7053E+00  -8.2976E-01  -5.9097E-01  -8.1045E+00   6.5066E+00
   4.7852E+00  -5.3478E+00  -6.1384E+00   5.5077E+00   9.9675E-01  -1.0989E+00
   1.3694E+01  -1.3170E+01  -3.9517E+00   3.2657E+00   1.0689E+00  -1.6893E+00
  -1.1709E+01   1.0959E+01  -2.8160E-01   1.2175E-01   6.5024E+00  -7.0631E+00
   2.8011E+00  -2.8397E+00  -7.0240E+00   6.2337E+00  -2.8222E-01   1.2026E-01
  -7.1492E+00   6.3655E+00  -3.0691E+00   2.5331E+00  -1.1708E+01   1.0960E+01
  -3.2512E+00   2.3654E+00  -4.6349E+00   3.8466E+00   5.3176E+00  -5.0978E+00
  -5.3821E+00   4.6933E+00  -6.4000E+00   5.5191E+00  -4.6528E+00   3.8353E+00
  -6.4089E+00   5.5180E+00   2.7970E+00  -2.8435E+00  -4.3050E+00   4.0006E+00
   2.1819E+00  -2.6365E+00  -6.1400E+00   5.5060E+00  -7.3937E+00   6.9587E+00
  -3.0925E+00   2.9557E+00  -6.2763E+00   5.6246E+00   9.9450E-01  -1.1029E+00
   1.3474E+00  -1.4371E+00  -3.0614E+00   2.5428E+00  -4.5036E+00   3.9567E+00
   8.4012E+00  -8.0580E+00  -7.1532E+00   6.3635E+00   7.7600E-04  -3.2377E-03
  -4.2378E-01   2.3030E-01  -5.3873E+00   4.6893E+00   1.3703E+01  -1.3155E+01
  -7.5472E+00   7.0614E+00  -5.7723E+00   5.3922E+00  -4.5090E+00   3.9504E+00
   5.1700E+00  -4.9938E+00  -3.2494E+00   3.0504E+00   6.9422E+00  -6.6619E+00
  -4.2239E-01   2.3201E-01  -7.3937E+00   6.9581E+00  -6.3859E+00   4.7874E+00
   1.3500E+00  -1.4386E+00  -1.4722E+00   1.3860E+00  -1.5165E-01   9.3788E-02
   5.3184E+00  -5.0954E+00   8.4033E+00  -8.0541E+00  -6.9264E-01  -1.6689E-02
   1.6219E+00  -1.5713E+00  -3.4016E+00   3.1452E+00   3.0884E+00  -2.9531E+00
   6.9417E+00  -6.6602E+00  -3.0930E+00   2.9527E+00   1.4347E-01  -1.8115E-01
  -5.7717E+00   5.3961E+00  -1.6303E+00   1.4842E+00  -1.4734E+00   1.3880E+00
  -1.6282E+00   1.4834E+00  -6.2761E+00   5.6244E+00  -4.3077E+00   4.0012E+00
   3.0914E+00  -2.9564E+00   1.6223E+00  -1.5674E+00  -1.5347E-01   9.6291E-02
  -7.5476E+00   7.0583E+00   1.4262E-01  -1.7902E-01   5.1699E+00  -4.9895E+00
  -3.4009E+00   3.1436E+00  -3.2479E+00   3.0492E+00
  > Energy =  -1.299159962831E+03 +/-   4.193925761493E-04
  > varE =   1.783103811583E-02

VMC #11:
* Size of Hilbert space =   5.4457E+18
* Number of equil. steps   = 1000
* Running VMC equilibration.
  Done. [total walltime: 0.10s]
* Equil. acc.ratio (%)     =  10.7651
* Sample config after equilibration:
  [draw: system geometry not defined]
* Number of accum. steps   = 506880 x 10
* Running VMC accumulation.
  Done. [total walltime: 13.0s]
* Acceptance ratio (%)     =  10.7275
* Etot/t                   =  -1.299160571579E+03 +/-   1.893991210488E-04
  > Ttot/t                 =  -1.396057163858E+02 +/-   1.209727362982E-03
  > Utot/t                 =   6.245049368621E+01 +/-   1.198515913866E-03
* var[Eloc/t]              =   1.778852890021E-02 +/-   1.369565784334E-04
* Correlation length       =   1.022165080383E+00
* log10 Psi^2 range: -186.7500861089431 -- -173.9515067246043
* log10 Pgen range : -186.7500861089431 -- -173.9515067246043
* Site occupation (ave. no. electrons per config.):
  > Site_  ___eu____  ___ed____
      1        0.496      0.500
      2        0.498      0.495
      3        0.496      0.496
      4        0.495      0.498
      5        0.499      0.496
      6        0.502      0.501
      7        0.504      0.504
      8        0.501      0.503
      9        0.503      0.501
     10        0.502      0.502
     11        0.500      0.502
     12        0.493      0.499
     13        0.498      0.495
     14        0.498      0.497
     15        0.499      0.500
     16        0.503      0.500
     17        0.505      0.502
     18        0.505      0.504
     19        0.499      0.506
     20        0.501      0.498
     21        0.497      0.497
     22        0.507      0.503
     23        0.501      0.493
     24        0.503      0.503
     25        0.506      0.503
     26        0.502      0.505
     27        0.504      0.502
     28        0.499      0.506
     29        0.502      0.499
     30        0.500      0.498
     31        0.496      0.498
     32        0.498      0.497
     33        0.493      0.499
     34        0.495      0.498
* Pair-correlation analysis (ave. no. pairs per config.):
  > Shell  nsite  ___dh____  __eueu___  __eued___
      0      1        0          0          6.105
      1      0        0.970      0.478      2.574
      2      0        0.227      0.801      1.040
      3      0        0.266      0.744      1.038
      4      0        0.137      0.367      0.522
      5      0        0.276      0.733      1.037
      6      0        0.254      0.761      1.027
      7      0        0.813      0.789      2.423
      8      0        0.749      0.966      2.339
      9      0        0.684      1.108      2.279
     10      0        0.636      1.223      2.231
     11      0        0.585      1.336      2.170
     12      0        0.449      1.592      2.057
     13      0        0.518      1.453      2.127
     14      0        0.157      0.815      1.156
     15      0        0.157      0.825      1.140
     16      0        0.151      0.844      1.115
     17      0        0.147      0.873      1.067
     18      0        0.240      2.095      1.941
     19      0        0.243      2.105      1.945
     20      0        0.122      1.060      0.966
     21      0        0.237      2.072      1.931
     22      0        0.249      2.022      1.961
     23      0        0.276      1.929      2.026
     24      0        0.310      1.890      2.023
     25      0        0.320      1.888      2.026
     26      0        0.327      1.889      2.023
     27      0        0.258      2.061      1.945
     28      0        0.257      2.087      1.942
     29      0        0.261      2.104      1.930
     30      0        0.257      2.108      1.923
     31      0        0.247      2.083      1.935
     32      0        0.292      2.060      1.922
     33      0        0.256      2.114      1.914
     34      0        0.291      2.056      1.919
     35      0        0.280      2.061      1.914
     36      0        0.249      2.105      1.910
     37      0        0.119      0.979      1.050
     38      0        0.239      1.966      2.089
     39      0        0.235      1.970      2.072
     40      0        0.232      1.973      2.033
     41      0        0.265      2.047      1.962
     42      0        0.223      2.103      1.941
     43      0        0.259      2.043      1.960
     44      0        0.263      2.045      1.971
     45      0        0.264      2.035      1.980
     46      0        0.263      2.017      1.977
     47      0        0.258      2.011      1.967
     48      0        0.232      2.053      1.980
     49      0        0.281      1.872      2.089
     50      0        0.280      1.901      2.079
     51      0        0.280      1.914      2.071
     52      0        0.297      1.940      1.998
     53      0        0.303      1.940      2.008
     54      0        0.279      1.939      2.049
     55      0        0.155      0.968      1.000
     56      0        0.236      1.995      2.023
     57      0        0.231      2.010      2.040
     58      0        0.269      1.959      2.022
     59      0        0.265      1.971      2.022
     60      0        0.238      2.008      2.049
     61      0        0.243      1.978      2.051
     62      0        0.274      1.952      2.024
     63      0        0.149      1.002      0.974
     64      0        0.299      2.004      1.958
     65      0        0.272      1.976      2.016
     66      0        0.256      2.019      1.989
     67      0        0.270      1.973      2.025
     68      0        0.264      2.023      1.987
     69      0        0.266      1.991      2.005
     70      0        0.295      1.968      1.984
     71      0        0.306      1.962      1.978
     72      0        0.289      2.000      1.956
     73      0        0.267      2.013      1.990
     74      0        0.267      1.982      2.003
     75      0        0.294      1.990      1.970
     76      0        0.264      1.980      1.988
     77      0        0.265      1.846      2.132
     78      0        0.259      2.030      1.971
     79      0        0.236      2.040      2.004
     80      0        0.261      2.011      1.993
     81      0        0.265      2.006      1.997
     82      0        0.120      1.016      1.011
     83      0        0.264      2.006      1.989
     84      0        0.262      1.990      1.980
     85      0        0.147      0.990      0.987
     86      0        0.293      1.970      1.974
     87      0        0.234      2.028      1.990
     88      0        0.263      1.999      1.993
     89      0        0.291      1.981      1.976
     90      0        0.295      1.975      1.971
     91      0        0.268      1.992      2.002
     92      0        0.235      2.029      2.017
     93      0        0.150      0.984      0.991
     94      0        0.236      2.042      2.002
     95      0        0.234      2.008      2.015
     96      0        0.257      2.002      2.000
     97      0        0.263      1.992      1.984
     98      0        0.235      2.030      2.017
     99      0        0.234      2.014      2.013
    100      0        0.238      2.014      2.029
    101      0        0.264      1.992      2.002
    102      0        0.261      2.004      1.989
    103      0        0.236      2.057      2.002
    104      0        0.259      1.994      2.012
    105      0        0.289      1.980      1.970
    106      0        0.143      0.982      0.989
    107      0        0.236      2.026      2.022
    108      0        0.267      1.995      2.006
    109      0        0.260      1.979      1.994
    110      0        0.235      2.014      2.030
    111      0        0.234      2.012      2.011
    112      0        0.233      2.020      2.024
    113      0        0.268      1.999      1.995
    114      0        0.258      1.997      1.988
    115      0        0.265      2.000      1.990
    116      0        0.266      1.988      1.986
    117      0        0.117      1.012      1.017
    118      0        0.263      1.999      1.994
    119      0        0.259      1.986      1.986
    120      0        0.234      2.016      2.007
    121      0        0.234      2.019      2.026
    122      0        0.258      1.994      1.994
    123      0        0.235      2.012      2.006
    124      0        0.267      1.995      1.993
    125      0        0.288      1.968      1.981
    126      0        0.266      1.952      2.009
    127      0        0.265      1.982      1.985
    128      0        0.254      1.981      1.988
    129      0        0.231      2.016      2.020
    130      0        0.261      2.001      1.999
    131      0        0.233      2.022      2.021
    132      0        0.264      2.005      1.990
    133      0        0.233      2.008      2.000
    134      0        0.116      1.011      1.004
    135      0        0.116      1.007      1.008
    136      0        0.234      2.017      2.006
    137      0        0.141      0.986      0.990
    138      0        0.115      0.997      0.997
    139      0        0.260      1.981      1.991
    140      0        0.230      1.998      2.013
    141      0        0.255      1.987      1.984
    142      0        0.232      2.003      2.006
    143      0        0.234      2.017      2.032
    144      0        0.262      1.992      2.000
    145      0        0.114      1.006      1.014
    146      0        0.230      2.007      2.005
    147      0        0.235      2.013      2.014
    148      0        0.267      1.993      1.991
    149      0        0.116      1.000      0.993
    150      0        0.236      2.019      2.026
    151      0        0.116      1.010      1.007
    152      0        0.259      1.996      1.990
    153      0        0.256      1.997      1.991

Optimization #11:
* Method          : lls
* Target function : energy
* No. of configs. : 101376
* No. of params.  : 592
* Before optimization:
  -2.4900E+01  -2.4905E+01  -2.4909E+01  -2.4901E+01  -2.4891E+01  -2.4880E+01
  -2.4890E+01  -2.4897E+01  -2.4885E+01   2.3010E+00   2.3085E+00   2.6376E+00
   2.3489E+00   2.0359E+00   1.3073E+00   2.1591E+00   1.8780E+00   1.8715E+00
   1.5927E+00   1.5856E+00   1.7155E+00   1.7072E+00   2.1065E+00   2.0984E+00
   1.1478E+00   1.1407E+00   2.2693E+00   2.2596E+00   2.1046E+00   2.0937E+00
   1.4324E+00   2.1813E-01   1.0890E+00   1.6453E+00   8.7461E-01   8.7862E-01
   1.0675E+00   1.0680E+00   1.6885E+00   1.5511E+00   1.5463E+00   1.8335E+00
   1.8305E+00   1.9289E+00   1.9274E+00   1.7470E+00   1.7449E+00   1.3075E+00
   1.3065E+00   1.1477E+00   1.1473E+00   1.6414E+00   1.6404E+00   6.7182E-01
   6.7028E-01   1.6401E+00   1.6401E+00   1.2683E+00   1.2671E+00   2.0679E+00
   2.0633E+00   1.3060E+00   1.3054E+00   1.1775E+00   1.1775E+00   1.4623E+00
   1.4629E+00   1.8918E+00   1.8885E+00   1.5144E+00   1.5128E+00   1.3177E+00
   6.9866E-01   7.0174E-01   5.4056E-01   5.3971E-01   1.2490E+00   1.2474E+00
   1.3465E+00   1.3489E+00   2.0405E+00   2.0438E+00   6.5298E-01   6.5261E-01
   8.4282E-01   8.4012E-01   5.9561E-01   5.9685E-01   6.8835E-01   6.8730E-01
   1.5076E+00   1.5047E+00   1.3487E+00   1.3515E+00   7.4423E-01   7.4580E-01
   1.4524E+00   1.4556E+00   9.5263E-01   9.5295E-01   7.6058E-01   7.6162E-01
   1.1967E+00   1.1973E+00   7.0995E-01   7.0744E-01   3.2257E-01   4.8313E-01
   4.8359E-01   8.0244E-01   8.0177E-01   1.5673E+00   1.5667E+00   9.2388E-01
   9.2638E-01   3.6411E-01   3.6377E-01   5.8554E-01   5.8687E-01   7.9325E-01
   7.9130E-01   3.5774E-01   1.2345E+00   1.2317E+00  -9.6717E-02  -9.6597E-02
   8.9930E-01   9.0080E-01   1.0238E+00   1.0233E+00   9.9589E-01   9.9568E-01
   7.1123E-01   7.0817E-01   7.8450E-01   7.8442E-01   5.0658E-01   5.0437E-01
   7.8990E-01   7.9367E-01  -1.2755E-01  -1.2715E-01   7.0070E-01   7.0194E-01
   5.1493E-01   5.1301E-01   6.4790E-01   6.4775E-01   1.4266E+00   1.4286E+00
   1.6014E+00   1.5954E+00   5.6558E-01   5.6429E-01   6.2974E-01   6.3294E-01
   1.0127E-01   1.0239E-01  -5.2150E-01   6.8608E-01   6.8587E-01   6.2097E-01
   6.2202E-01   7.5033E-01   1.5983E-01   1.6063E-01   5.5757E-01   5.5900E-01
   3.8511E-02   3.7829E-02   7.9000E-01   7.8981E-01   1.6181E-01   1.6042E-01
   7.8623E-01   7.8401E-01   5.3630E-01   5.3637E-01   7.4973E-01   8.8436E-01
   8.8228E-01   7.8766E-01   7.8556E-01  -2.2095E-01  -2.2116E-01   6.8843E-01
   6.8873E-01   8.8112E-01   8.8214E-01   8.1686E-01   8.1481E-01   8.9142E-01
   8.9304E-01   4.6320E-02   4.7175E-02   3.0293E-01   3.0500E-01   4.5353E-01
   4.5495E-01   6.3506E-01   6.3459E-01   4.3440E-01   4.3511E-01   1.3752E-01
   6.4883E-01   6.4961E-01   1.0634E-01   1.0717E-01   8.8807E-02   8.8904E-02
   5.1684E-01   5.1758E-01   5.4922E-01   5.4697E-01  -3.4317E-01  -3.4449E-01
   7.8885E-01   7.8832E-01   3.2894E-03   2.2659E-03   1.9170E-01   1.9238E-01
   6.9907E-01   6.9825E-01  -5.4807E-01   4.8520E-01   4.8733E-01   3.7925E-01
   3.8151E-01   5.5692E-01   5.5721E-01  -1.7470E-01  -1.7728E-01   1.9758E-01
   1.9919E-01  -2.8033E-01  -2.8183E-01   1.9180E-01   1.9096E-01   4.3390E-01
   4.3637E-01   1.6046E+00   1.6015E+00   9.0324E-02   8.9417E-02   8.7095E-02
   8.6362E-02   5.8795E-02   5.8825E-02  -2.2090E-01  -2.2282E-01  -3.4696E-01
  -3.5040E-01   7.1190E-01   7.0964E-01  -5.0989E-02  -5.1213E-02   2.5680E-01
  -1.3422E-01  -2.8198E-01  -2.8398E-01   1.3933E-01   3.4272E-02   3.7462E-01
   3.7809E-01   1.4634E-01   1.4504E-01   8.5535E-02   8.6775E-02   1.4626E-01
   1.4636E-01   6.5222E-01   6.5358E-01   3.0756E-01   3.0581E-01  -1.3400E-01
  -5.4512E-02  -5.4242E-02   5.9172E-02   5.4896E-02   4.8831E-01   4.9063E-01
   3.6580E-02  -1.7865E-01  -1.7960E-01   2.5726E-01   1.9954E-01   1.9833E-01
  -2.5182E+00   3.5253E-01  -4.4067E+00   1.9029E+00  -1.2489E+01   1.0179E+01
  -1.1224E+01   9.2228E+00   1.9922E+00  -3.2611E+00  -4.0448E+00   1.9331E+00
  -8.3908E-01  -9.4359E-01   3.3238E-01  -1.8246E+00  -3.7782E+00   2.1598E+00
  -1.0406E+01   8.3891E+00   7.5099E+00  -8.5728E+00  -2.4847E+00   2.9420E-01
  -5.1579E+00   3.1392E+00  -9.4003E+00   7.9629E+00   1.3256E+01  -1.3476E+01
   2.4215E+00  -3.5133E+00  -6.5124E-01  -1.0065E+00   7.7804E+00  -8.6847E+00
   1.8710E+00  -2.9677E+00  -9.4515E+00   7.7366E+00   8.2783E-01  -2.3980E+00
  -2.3270E+00   4.8415E-01  -4.0673E+00   2.1474E+00  -8.0512E+00   6.3091E+00
  -5.0193E+00   3.7141E+00  -4.3796E+00   3.2349E+00  -5.0007E+00   3.3487E+00
   7.6648E+00  -8.3498E+00  -1.0264E+01   8.6103E+00  -3.6557E+00   2.3715E+00
  -4.1582E+00   2.0477E+00  -4.4619E+00   3.1263E+00   4.3191E-01  -1.6278E+00
  -5.0995E+00   3.6074E+00  -8.1311E+00   6.2093E+00  -7.6549E-01  -7.6799E-01
  -9.2997E+00   7.9822E+00   2.0297E+00  -2.7287E+00   7.9293E+00  -8.4678E+00
   9.6850E-01  -2.2116E+00  -1.0663E+01   9.3148E+00  -2.5262E+00   4.3642E-01
   4.8681E+00  -5.5218E+00  -3.4233E+00   2.5819E+00   1.2936E+00  -1.8907E+00
   2.4634E+00  -3.1513E+00  -6.3439E+00   4.8358E+00  -7.8786E-01  -5.6604E-01
   4.8245E+00  -5.5634E+00  -1.0707E+01   9.2597E+00  -3.4678E+00   2.5209E+00
  -5.9166E-01  -1.6919E-01  -1.1386E+01   1.0188E+01   1.2492E+00  -1.9505E+00
   2.4605E+00  -2.7816E+00   6.5396E+00  -7.0233E+00  -3.2168E+00   2.4131E+00
  -8.0878E+00   6.5220E+00  -6.2967E+00   5.3722E+00   2.2146E+00  -2.5791E+00
   4.7655E+00  -5.3532E+00   2.4212E+00  -3.2076E+00   2.4466E+00  -2.8050E+00
  -1.1402E+01   1.0168E+01   8.0736E+00  -7.9783E+00  -6.2820E+00   5.3820E+00
  -1.0492E+01   9.4686E+00  -1.0477E+01   9.4825E+00  -3.9628E+00   3.2541E+00
  -7.0206E+00   6.2377E+00  -4.6107E+00   4.1057E+00  -6.0491E-01  -1.8776E-01
   8.0881E+00  -7.9605E+00  -6.8880E-01  -1.2694E-02  -4.6134E+00   4.1005E+00
   1.0587E+00  -1.7053E+00  -8.2976E-01  -5.9097E-01  -8.1045E+00   6.5066E+00
   4.7852E+00  -5.3478E+00  -6.1384E+00   5.5077E+00   9.9675E-01  -1.0989E+00
   1.3694E+01  -1.3170E+01  -3.9517E+00   3.2657E+00   1.0689E+00  -1.6893E+00
  -1.1709E+01   1.0959E+01  -2.8160E-01   1.2175E-01   6.5024E+00  -7.0631E+00
   2.8011E+00  -2.8397E+00  -7.0240E+00   6.2337E+00  -2.8222E-01   1.2026E-01
  -7.1492E+00   6.3655E+00  -3.0691E+00   2.5331E+00  -1.1708E+01   1.0960E+01
  -3.2512E+00   2.3654E+00  -4.6349E+00   3.8466E+00   5.3176E+00  -5.0978E+00
  -5.3821E+00   4.6933E+00  -6.4000E+00   5.5191E+00  -4.6528E+00   3.8353E+00
  -6.4089E+00   5.5180E+00   2.7970E+00  -2.8435E+00  -4.3050E+00   4.0006E+00
   2.1819E+00  -2.6365E+00  -6.1400E+00   5.5060E+00  -7.3937E+00   6.9587E+00
  -3.0925E+00   2.9557E+00  -6.2763E+00   5.6246E+00   9.9450E-01  -1.1029E+00
   1.3474E+00  -1.4371E+00  -3.0614E+00   2.5428E+00  -4.5036E+00   3.9567E+00
   8.4012E+00  -8.0580E+00  -7.1532E+00   6.3635E+00   7.7600E-04  -3.2377E-03
  -4.2378E-01   2.3030E-01  -5.3873E+00   4.6893E+00   1.3703E+01  -1.3155E+01
  -7.5472E+00   7.0614E+00  -5.7723E+00   5.3922E+00  -4.5090E+00   3.9504E+00
   5.1700E+00  -4.9938E+00  -3.2494E+00   3.0504E+00   6.9422E+00  -6.6619E+00
  -4.2239E-01   2.3201E-01  -7.3937E+00   6.9581E+00  -6.3859E+00   4.7874E+00
   1.3500E+00  -1.4386E+00  -1.4722E+00   1.3860E+00  -1.5165E-01   9.3788E-02
   5.3184E+00  -5.0954E+00   8.4033E+00  -8.0541E+00  -6.9264E-01  -1.6689E-02
   1.6219E+00  -1.5713E+00  -3.4016E+00   3.1452E+00   3.0884E+00  -2.9531E+00
   6.9417E+00  -6.6602E+00  -3.0930E+00   2.9527E+00   1.4347E-01  -1.8115E-01
  -5.7717E+00   5.3961E+00  -1.6303E+00   1.4842E+00  -1.4734E+00   1.3880E+00
  -1.6282E+00   1.4834E+00  -6.2761E+00   5.6244E+00  -4.3077E+00   4.0012E+00
   3.0914E+00  -2.9564E+00   1.6223E+00  -1.5674E+00  -1.5347E-01   9.6291E-02
  -7.5476E+00   7.0583E+00   1.4262E-01  -1.7902E-01   5.1699E+00  -4.9895E+00
  -3.4009E+00   3.1436E+00  -3.2479E+00   3.0492E+00
  > E    =  -1.299160237280E+03 +/-   4.148130344646E-04
  > varE =   1.744375347468E-02
* Computing derivatives.
    [walltime: 2m35s elapsed, 6m54s remaining]
  Done. [total walltime: 9m11s]
* Optimizing manipulation constant:
  #igrid a___________ E____________________________________ varE____________
     1     Infinity    -1.29916024E+03 +/-   4.14813034E-04   1.74437535E-02
     2     1.0000E+06  -1.29916024E+03 +/-   4.14813028E-04   1.74437529E-02
     3     2.1544E+05  -1.29916024E+03 +/-   4.14813003E-04   1.74437508E-02
     4     4.6416E+04  -1.29916024E+03 +/-   4.14812887E-04   1.74437410E-02
     5     1.0000E+04  -1.29916024E+03 +/-   4.14812348E-04   1.74436958E-02
     6     2.1544E+03  -1.29916024E+03 +/-   4.14809858E-04   1.74434863E-02
     7     4.6416E+02  -1.29916024E+03 +/-   4.14798488E-04   1.74425301E-02
     8     1.0000E+02  -1.29916024E+03 +/-   4.14749744E-04   1.74384309E-02
     9     2.1544E+01  -1.29916026E+03 +/-   4.14608518E-04   1.74265570E-02
    10     4.6416E+00  -1.29916025E+03 +/-   4.15970477E-04   1.75412350E-02
    11     1.0000E+00  -1.29914180E+03 +/-   5.78093248E-04   3.38790282E-02
    12     2.1544E-01 (error)
    13     4.6416E-02   1.37933262E+10 +/-   6.38916370E+19   4.13831154E+44
    14     1.0000E-02   1.46365923E+12 +/-   8.76553406E+22   7.78918313E+50
    15     2.1544E-03   3.81668700E+12 +/-   4.14679418E+23   1.74325176E+52
    16     4.6416E-04   4.68592977E+12 +/-   5.79537677E+23   3.40485406E+52
    17     1.0000E-04   4.89745011E+12 +/-   6.22872214E+23   3.93308259E+52
    18     2.1544E-05   4.94423764E+12 +/-   6.32624316E+23   4.05720463E+52
    19     4.6416E-06   4.95438308E+12 +/-   6.34747241E+23   4.08448020E+52
    20     1.0000E-06   4.95656394E+12 +/-   6.35202848E+23   4.09034579E+52
    21     0.0000E+00   4.95717248E+12 +/-   6.35331055E+23   4.09199712E+52
* Iteration # 1: E =  -1.299160256071E+03 +/-   4.146085175548E-04
* Diminishing returns: exiting.
* After optimization:
  -2.4915E+01  -2.4920E+01  -2.4923E+01  -2.4916E+01  -2.4905E+01  -2.4895E+01
  -2.4904E+01  -2.4911E+01  -2.4899E+01   2.2539E+00   2.2612E+00   2.5870E+00
   2.3987E+00   2.0978E+00   1.2981E+00   2.1609E+00   1.8783E+00   1.8716E+00
   1.6084E+00   1.6012E+00   1.7356E+00   1.7274E+00   2.1625E+00   2.1542E+00
   1.1344E+00   1.1270E+00   2.2484E+00   2.2388E+00   2.1291E+00   2.1181E+00
   1.4819E+00   1.9987E-01   1.0879E+00   1.6019E+00   8.6475E-01   8.6857E-01
   1.0832E+00   1.0835E+00   1.7380E+00   1.5286E+00   1.5238E+00   1.8126E+00
   1.8096E+00   1.9043E+00   1.9029E+00   1.7726E+00   1.7705E+00   1.3279E+00
   1.3271E+00   1.1743E+00   1.1738E+00   1.6658E+00   1.6647E+00   6.5826E-01
   6.5673E-01   1.6958E+00   1.6956E+00   1.2886E+00   1.2875E+00   2.0432E+00
   2.0389E+00   1.3324E+00   1.3319E+00   1.1933E+00   1.1932E+00   1.4826E+00
   1.4835E+00   1.9173E+00   1.9139E+00   1.5147E+00   1.5131E+00   1.3671E+00
   7.1470E-01   7.1763E-01   5.3061E-01   5.2987E-01   1.2267E+00   1.2251E+00
   1.3965E+00   1.3989E+00   1.9935E+00   1.9966E+00   6.4426E-01   6.4395E-01
   8.6307E-01   8.6058E-01   6.1807E-01   6.1894E-01   6.8342E-01   6.8209E-01
   1.5105E+00   1.5072E+00   1.3227E+00   1.3257E+00   7.3519E-01   7.3715E-01
   1.5022E+00   1.5052E+00   9.7260E-01   9.7315E-01   7.5658E-01   7.5768E-01
   1.2529E+00   1.2536E+00   7.3203E-01   7.2951E-01   3.1356E-01   4.5149E-01
   4.5218E-01   8.2685E-01   8.2601E-01   1.5666E+00   1.5658E+00   9.4891E-01
   9.5160E-01   3.7988E-01   3.7943E-01   5.5035E-01   5.5188E-01   7.8842E-01
   7.8623E-01   3.4862E-01   1.2908E+00   1.2878E+00  -1.1025E-01  -1.1016E-01
   9.2456E-01   9.2603E-01   1.0733E+00   1.0728E+00   1.0455E+00   1.0452E+00
   7.4166E-01   7.3862E-01   8.1584E-01   8.1538E-01   5.2663E-01   5.2474E-01
   7.8588E-01   7.8976E-01  -1.4090E-01  -1.4055E-01   6.7068E-01   6.7146E-01
   5.3499E-01   5.3327E-01   6.2093E-01   6.2059E-01   1.4006E+00   1.4026E+00
   1.6005E+00   1.5945E+00   5.3034E-01   5.2946E-01   6.5443E-01   6.5754E-01
   1.1744E-01   1.1850E-01  -5.3903E-01   7.1660E-01   7.1621E-01   5.9426E-01
   5.9509E-01   8.0005E-01   1.5552E-01   1.5611E-01   5.2562E-01   5.2710E-01
   3.3154E-02   3.2569E-02   8.2122E-01   8.2093E-01   1.5732E-01   1.5594E-01
   7.9125E-01   7.8897E-01   5.6011E-01   5.5996E-01   7.9949E-01   9.0859E-01
   9.0643E-01   7.9051E-01   7.8820E-01  -2.2964E-01  -2.2979E-01   6.9685E-01
   6.9684E-01   8.8034E-01   8.8152E-01   8.1894E-01   8.1651E-01   8.9022E-01
   8.9207E-01   4.0880E-02   4.1790E-02   3.2732E-01   3.2925E-01   4.6927E-01
   4.7032E-01   6.5963E-01   6.5918E-01   4.5992E-01   4.6043E-01   1.3853E-01
   6.4720E-01   6.4811E-01   1.2251E-01   1.2311E-01   6.1063E-02   6.1184E-02
   5.4050E-01   5.4132E-01   5.5082E-01   5.4872E-01  -3.5254E-01  -3.5384E-01
   7.9392E-01   7.9319E-01   3.0943E-03   2.0104E-03   1.6064E-01   1.6142E-01
   7.0714E-01   7.0615E-01  -5.6549E-01   4.8425E-01   4.8615E-01   3.8160E-01
   3.8355E-01   5.5848E-01   5.5858E-01  -2.0962E-01  -2.1195E-01   1.7260E-01
   1.7404E-01  -3.1214E-01  -3.1333E-01   1.6083E-01   1.6000E-01   4.5951E-01
   4.6172E-01   1.6071E+00   1.6039E+00   6.2548E-02   6.1544E-02   6.5340E-02
   6.4338E-02   3.2275E-02   3.2657E-02  -2.2947E-01  -2.3135E-01  -3.5665E-01
  -3.5984E-01   6.8158E-01   6.7927E-01  -7.4346E-02  -7.4373E-02   2.0608E-01
  -1.3522E-01  -3.1372E-01  -3.1570E-01   1.4037E-01  -9.8858E-03   3.7710E-01
   3.8014E-01   9.8803E-02   9.7631E-02   6.3863E-02   6.4981E-02   9.8922E-02
   9.8957E-02   6.5078E-01   6.5204E-01   3.3193E-01   3.3030E-01  -1.3522E-01
  -7.7349E-02  -7.7348E-02   3.2645E-02   2.8770E-02   4.8718E-01   4.8919E-01
  -7.7723E-03  -2.1365E-01  -2.1428E-01   2.0667E-01   1.7433E-01   1.7330E-01
  -1.7040E+00  -4.1450E-01  -3.5358E+00   1.0824E+00  -1.3334E+01   1.0974E+01
  -1.2274E+01   1.0211E+01   2.1513E+00  -3.4110E+00  -4.0646E+00   1.9508E+00
  -8.3908E-01  -9.4358E-01   6.4897E-02  -1.5727E+00  -4.1164E+00   2.4778E+00
  -1.1349E+01   9.2763E+00   7.7445E+00  -8.7937E+00  -2.1159E+00  -5.3814E-02
  -5.5710E+00   3.5276E+00  -1.0236E+01   8.7489E+00   1.3566E+01  -1.3768E+01
   2.4407E+00  -3.5316E+00   1.0582E-01  -1.7203E+00   7.9453E+00  -8.8396E+00
   1.6084E+00  -2.7206E+00  -1.0287E+01   8.5226E+00   1.2163E+00  -2.7639E+00
  -1.9581E+00   1.3608E-01  -3.6414E+00   1.7460E+00  -8.4835E+00   6.7158E+00
  -5.3624E+00   4.0367E+00  -4.8253E+00   3.6540E+00  -5.4135E+00   3.7372E+00
   7.8994E+00  -8.5707E+00  -1.1207E+01   9.4977E+00  -3.9938E+00   2.6895E+00
  -3.7323E+00   1.6463E+00  -4.9077E+00   3.5453E+00   1.6446E-01  -1.3760E+00
  -5.4426E+00   3.9301E+00  -8.5634E+00   6.6161E+00  -7.6556E-01  -7.6818E-01
  -1.0135E+01   8.7684E+00   1.7669E+00  -2.4819E+00   8.0942E+00  -8.6227E+00
   1.3567E+00  -2.5778E+00  -1.1503E+01   1.0105E+01  -1.7119E+00  -3.3048E-01
   5.0135E+00  -5.6587E+00  -3.7616E+00   2.8998E+00   9.2350E-01  -1.5427E+00
   2.5526E+00  -3.2355E+00  -6.3874E+00   4.8767E+00  -3.4246E-01  -9.8529E-01
   4.9700E+00  -5.7002E+00  -1.1548E+01   1.0050E+01  -3.8058E+00   2.8390E+00
  -5.2172E-01  -2.3504E-01  -1.2334E+01   1.1080E+01   8.7901E-01  -1.6025E+00
   2.6196E+00  -2.9317E+00   7.0740E+00  -7.5256E+00  -3.6248E+00   2.7967E+00
  -8.0744E+00   6.5094E+00  -6.7240E+00   5.7743E+00   1.9519E+00  -2.3321E+00
   5.3569E+00  -5.9091E+00   2.5103E+00  -3.2918E+00   2.6056E+00  -2.9552E+00
  -1.2350E+01   1.1060E+01   8.3084E+00  -8.1992E+00  -6.7092E+00   5.7840E+00
  -1.1332E+01   1.0259E+01  -1.1317E+01   1.0273E+01  -4.4782E+00   3.7392E+00
  -7.5553E+00   6.7411E+00  -4.9536E+00   4.4284E+00  -5.3509E-01  -2.5366E-01
   8.3225E+00  -8.1818E+00  -1.7334E-01  -4.9781E-01  -4.9564E+00   4.4232E+00
   1.5173E+00  -2.1368E+00  -3.8458E-01  -1.0102E+00  -8.0912E+00   6.4939E+00
   5.3760E+00  -5.9040E+00  -6.5654E+00   5.9101E+00   7.2912E-01  -8.4719E-01
   1.4004E+01  -1.3462E+01  -4.4670E+00   3.7507E+00   1.5273E+00  -2.1212E+00
  -1.2555E+01   1.1754E+01  -2.1161E-01   5.5820E-02   7.0368E+00  -7.5655E+00
   2.8905E+00  -2.9239E+00  -7.5586E+00   6.7372E+00  -2.1205E-01   5.4571E-02
  -7.2383E+00   6.4496E+00  -3.4770E+00   2.9171E+00  -1.2553E+01   1.1755E+01
  -3.6591E+00   2.7492E+00  -4.6736E+00   3.8828E+00   5.4631E+00  -5.2345E+00
  -5.5280E+00   4.8308E+00  -6.3819E+00   5.5018E+00  -4.6911E+00   3.8718E+00
  -6.3906E+00   5.5007E+00   2.8865E+00  -2.9274E+00  -4.7181E+00   4.3893E+00
   1.9193E+00  -2.3895E+00  -6.5671E+00   5.9084E+00  -7.8260E+00   7.3657E+00
  -3.1116E+00   2.9739E+00  -6.2576E+00   5.6078E+00   7.2684E-01  -8.5128E-01
   1.8065E+00  -1.8684E+00  -3.4691E+00   2.9269E+00  -4.5419E+00   3.9932E+00
   8.5657E+00  -8.2132E+00  -7.2422E+00   6.4477E+00   7.1735E-04  -3.2345E-03
   9.2205E-02  -2.5430E-01  -5.5331E+00   4.8268E+00   1.4013E+01  -1.3447E+01
  -7.5339E+00   7.0493E+00  -5.8159E+00   5.4335E+00  -4.5471E+00   3.9872E+00
   5.7608E+00  -5.5496E+00  -2.8232E+00   2.6493E+00   7.4762E+00  -7.1642E+00
   9.3272E-02  -2.5288E-01  -7.8260E+00   7.3651E+00  -6.4294E+00   4.8283E+00
   1.8087E+00  -1.8700E+00  -1.1028E+00   1.0383E+00   2.9365E-01  -3.2515E-01
   5.4636E+00  -5.2323E+00   8.5679E+00  -8.2092E+00  -1.7721E-01  -5.0187E-01
   2.0107E+00  -1.9367E+00  -2.5302E+00   2.3247E+00   3.1075E+00  -2.9715E+00
   7.4760E+00  -7.1624E+00  -3.1121E+00   2.9710E+00   9.0138E-01  -8.9484E-01
  -5.8152E+00   5.4373E+00  -8.1571E-01   7.1702E-01  -1.1040E+00   1.0403E+00
  -8.1381E-01   7.1628E-01  -6.2578E+00   5.6074E+00  -4.7208E+00   4.3899E+00
   3.1108E+00  -2.9743E+00   2.0110E+00  -1.9330E+00   2.9186E-01  -3.2265E-01
  -7.5343E+00   7.0463E+00   9.0066E-01  -8.9266E-01   5.7605E+00  -5.5457E+00
  -2.5298E+00   2.3232E+00  -2.8217E+00   2.6482E+00
  > Energy =  -1.299160256071E+03 +/-   4.146085175548E-04
  > varE =   1.742655698952E-02

VMC #12:
* Size of Hilbert space =   5.4457E+18
* Number of equil. steps   = 1000
* Running VMC equilibration.
  Done. [total walltime: 0.10s]
* Equil. acc.ratio (%)     =  10.7611
* Sample config after equilibration:
  [draw: system geometry not defined]
* Number of accum. steps   = 506880 x 10
* Running VMC accumulation.
  Done. [total walltime: 13.2s]
* Acceptance ratio (%)     =  10.7248
* Etot/t                   =  -1.299160521670E+03 +/-   1.956247439855E-04
  > Ttot/t                 =  -1.396062042549E+02 +/-   1.224271481876E-03
  > Utot/t                 =   6.245103146485E+01 +/-   1.209192179424E-03
* var[Eloc/t]              =   1.757469891990E-02 +/-   1.157581367767E-04
* Correlation length       =   1.103735052104E+00
* log10 Psi^2 range: -187.2622612550300 -- -173.6881465186833
* log10 Pgen range : -187.2622612550300 -- -173.6881465186833
* Site occupation (ave. no. electrons per config.):
  > Site_  ___eu____  ___ed____
      1        0.500      0.496
      2        0.499      0.500
      3        0.495      0.503
      4        0.495      0.500
      5        0.497      0.494
      6        0.502      0.503
      7        0.503      0.506
      8        0.503      0.499
      9        0.502      0.502
     10        0.502      0.500
     11        0.498      0.497
     12        0.495      0.498
     13        0.502      0.498
     14        0.499      0.497
     15        0.498      0.496
     16        0.503      0.505
     17        0.506      0.505
     18        0.503      0.503
     19        0.501      0.503
     20        0.498      0.499
     21        0.498      0.496
     22        0.508      0.500
     23        0.498      0.497
     24        0.504      0.506
     25        0.500      0.507
     26        0.498      0.502
     27        0.504      0.499
     28        0.503      0.504
     29        0.504      0.500
     30        0.497      0.499
     31        0.496      0.493
     32        0.497      0.497
     33        0.496      0.498
     34        0.495      0.497
* Pair-correlation analysis (ave. no. pairs per config.):
  > Shell  nsite  ___dh____  __eueu___  __eued___
      0      1        0          0          6.104
      1      0        0.969      0.471      2.571
      2      0        0.227      0.794      1.039
      3      0        0.267      0.752      1.035
      4      0        0.138      0.365      0.521
      5      0        0.271      0.740      1.035
      6      0        0.255      0.759      1.034
      7      0        0.817      0.797      2.421
      8      0        0.746      0.969      2.347
      9      0        0.684      1.101      2.283
     10      0        0.624      1.231      2.229
     11      0        0.580      1.342      2.170
     12      0        0.448      1.592      2.055
     13      0        0.526      1.459      2.120
     14      0        0.153      0.818      1.156
     15      0        0.155      0.831      1.139
     16      0        0.154      0.841      1.118
     17      0        0.147      0.863      1.068
     18      0        0.244      2.098      1.940
     19      0        0.242      2.111      1.939
     20      0        0.122      1.060      0.964
     21      0        0.241      2.067      1.929
     22      0        0.245      2.032      1.955
     23      0        0.275      1.925      2.032
     24      0        0.307      1.903      2.027
     25      0        0.319      1.896      2.022
     26      0        0.323      1.881      2.031
     27      0        0.258      2.062      1.956
     28      0        0.261      2.077      1.945
     29      0        0.261      2.098      1.927
     30      0        0.257      2.104      1.921
     31      0        0.248      2.079      1.939
     32      0        0.294      2.055      1.919
     33      0        0.257      2.105      1.928
     34      0        0.290      2.057      1.926
     35      0        0.278      2.065      1.926
     36      0        0.249      2.112      1.914
     37      0        0.119      0.977      1.053
     38      0        0.236      1.965      2.090
     39      0        0.237      1.973      2.071
     40      0        0.235      1.967      2.036
     41      0        0.258      2.046      1.975
     42      0        0.219      2.106      1.926
     43      0        0.258      2.047      1.963
     44      0        0.264      2.044      1.967
     45      0        0.266      2.034      1.975
     46      0        0.265      2.016      1.976
     47      0        0.260      2.000      1.971
     48      0        0.236      2.053      1.973
     49      0        0.280      1.873      2.094
     50      0        0.281      1.901      2.077
     51      0        0.279      1.911      2.073
     52      0        0.296      1.943      2.002
     53      0        0.301      1.950      2.002
     54      0        0.278      1.935      2.050
     55      0        0.154      0.969      0.999
     56      0        0.232      2.000      2.018
     57      0        0.233      2.005      2.046
     58      0        0.267      1.968      2.021
     59      0        0.261      1.965      2.038
     60      0        0.235      2.003      2.056
     61      0        0.240      1.974      2.054
     62      0        0.276      1.945      2.029
     63      0        0.148      1.006      0.973
     64      0        0.297      2.004      1.961
     65      0        0.271      1.973      2.019
     66      0        0.257      2.024      1.984
     67      0        0.266      1.976      2.034
     68      0        0.262      2.031      1.986
     69      0        0.272      1.977      2.010
     70      0        0.294      1.964      1.986
     71      0        0.297      1.964      1.993
     72      0        0.288      2.009      1.953
     73      0        0.265      2.020      1.985
     74      0        0.262      1.985      2.006
     75      0        0.299      1.988      1.968
     76      0        0.266      1.974      1.985
     77      0        0.266      1.851      2.121
     78      0        0.263      2.027      1.970
     79      0        0.242      2.030      1.999
     80      0        0.258      2.006      2.002
     81      0        0.268      2.009      1.995
     82      0        0.116      1.020      1.010
     83      0        0.269      2.012      1.981
     84      0        0.263      1.984      1.974
     85      0        0.148      0.993      0.990
     86      0        0.290      1.968      1.985
     87      0        0.233      2.027      1.986
     88      0        0.268      2.002      1.987
     89      0        0.292      1.992      1.966
     90      0        0.293      1.982      1.970
     91      0        0.269      1.988      1.995
     92      0        0.237      2.032      2.019
     93      0        0.150      0.988      0.992
     94      0        0.234      2.053      2.001
     95      0        0.232      2.005      2.012
     96      0        0.255      2.012      2.000
     97      0        0.262      1.986      1.985
     98      0        0.235      2.027      2.011
     99      0        0.235      2.011      2.001
    100      0        0.231      2.013      2.034
    101      0        0.269      1.988      2.000
    102      0        0.266      2.003      1.997
    103      0        0.234      2.066      1.996
    104      0        0.258      1.999      2.013
    105      0        0.289      1.986      1.976
    106      0        0.140      0.992      0.989
    107      0        0.234      2.022      2.020
    108      0        0.262      1.997      2.013
    109      0        0.263      1.983      1.980
    110      0        0.236      2.017      2.032
    111      0        0.233      2.008      2.010
    112      0        0.235      2.032      2.013
    113      0        0.269      1.996      1.988
    114      0        0.262      2.002      1.994
    115      0        0.265      1.991      1.994
    116      0        0.265      1.977      1.985
    117      0        0.117      1.009      1.021
    118      0        0.261      1.999      1.995
    119      0        0.259      1.993      1.979
    120      0        0.231      2.015      2.007
    121      0        0.235      2.025      2.014
    122      0        0.258      1.994      1.992
    123      0        0.235      2.002      2.009
    124      0        0.268      1.987      1.994
    125      0        0.287      1.977      1.986
    126      0        0.267      1.955      2.008
    127      0        0.264      1.983      1.977
    128      0        0.256      1.982      1.983
    129      0        0.237      2.015      2.010
    130      0        0.259      1.994      2.012
    131      0        0.234      2.017      2.033
    132      0        0.269      1.999      1.981
    133      0        0.231      2.002      2.007
    134      0        0.118      1.007      1.003
    135      0        0.119      1.005      1.013
    136      0        0.234      2.007      2.007
    137      0        0.143      0.985      0.993
    138      0        0.117      0.992      0.993
    139      0        0.261      1.978      1.988
    140      0        0.233      1.993      2.002
    141      0        0.253      1.985      1.986
    142      0        0.231      2.002      2.000
    143      0        0.235      2.017      2.021
    144      0        0.263      1.998      2.003
    145      0        0.118      1.009      1.011
    146      0        0.234      2.005      2.000
    147      0        0.235      2.014      2.015
    148      0        0.264      1.989      2.003
    149      0        0.116      0.994      0.991
    150      0        0.235      2.018      2.020
    151      0        0.118      1.005      1.006
    152      0        0.258      1.995      1.995
    153      0        0.261      2.000      1.996

Optimization #12:
* Method          : lls
* Target function : energy
* No. of configs. : 101376
* No. of params.  : 592
* Before optimization:
  -2.4915E+01  -2.4920E+01  -2.4923E+01  -2.4916E+01  -2.4905E+01  -2.4895E+01
  -2.4904E+01  -2.4911E+01  -2.4899E+01   2.2539E+00   2.2612E+00   2.5870E+00
   2.3987E+00   2.0978E+00   1.2981E+00   2.1609E+00   1.8783E+00   1.8716E+00
   1.6084E+00   1.6012E+00   1.7356E+00   1.7274E+00   2.1625E+00   2.1542E+00
   1.1344E+00   1.1270E+00   2.2484E+00   2.2388E+00   2.1291E+00   2.1181E+00
   1.4819E+00   1.9987E-01   1.0879E+00   1.6019E+00   8.6475E-01   8.6857E-01
   1.0832E+00   1.0835E+00   1.7380E+00   1.5286E+00   1.5238E+00   1.8126E+00
   1.8096E+00   1.9043E+00   1.9029E+00   1.7726E+00   1.7705E+00   1.3279E+00
   1.3271E+00   1.1743E+00   1.1738E+00   1.6658E+00   1.6647E+00   6.5826E-01
   6.5673E-01   1.6958E+00   1.6956E+00   1.2886E+00   1.2875E+00   2.0432E+00
   2.0389E+00   1.3324E+00   1.3319E+00   1.1933E+00   1.1932E+00   1.4826E+00
   1.4835E+00   1.9173E+00   1.9139E+00   1.5147E+00   1.5131E+00   1.3671E+00
   7.1470E-01   7.1763E-01   5.3061E-01   5.2987E-01   1.2267E+00   1.2251E+00
   1.3965E+00   1.3989E+00   1.9935E+00   1.9966E+00   6.4426E-01   6.4395E-01
   8.6307E-01   8.6058E-01   6.1807E-01   6.1894E-01   6.8342E-01   6.8209E-01
   1.5105E+00   1.5072E+00   1.3227E+00   1.3257E+00   7.3519E-01   7.3715E-01
   1.5022E+00   1.5052E+00   9.7260E-01   9.7315E-01   7.5658E-01   7.5768E-01
   1.2529E+00   1.2536E+00   7.3203E-01   7.2951E-01   3.1356E-01   4.5149E-01
   4.5218E-01   8.2685E-01   8.2601E-01   1.5666E+00   1.5658E+00   9.4891E-01
   9.5160E-01   3.7988E-01   3.7943E-01   5.5035E-01   5.5188E-01   7.8842E-01
   7.8623E-01   3.4862E-01   1.2908E+00   1.2878E+00  -1.1025E-01  -1.1016E-01
   9.2456E-01   9.2603E-01   1.0733E+00   1.0728E+00   1.0455E+00   1.0452E+00
   7.4166E-01   7.3862E-01   8.1584E-01   8.1538E-01   5.2663E-01   5.2474E-01
   7.8588E-01   7.8976E-01  -1.4090E-01  -1.4055E-01   6.7068E-01   6.7146E-01
   5.3499E-01   5.3327E-01   6.2093E-01   6.2059E-01   1.4006E+00   1.4026E+00
   1.6005E+00   1.5945E+00   5.3034E-01   5.2946E-01   6.5443E-01   6.5754E-01
   1.1744E-01   1.1850E-01  -5.3903E-01   7.1660E-01   7.1621E-01   5.9426E-01
   5.9509E-01   8.0005E-01   1.5552E-01   1.5611E-01   5.2562E-01   5.2710E-01
   3.3154E-02   3.2569E-02   8.2122E-01   8.2093E-01   1.5732E-01   1.5594E-01
   7.9125E-01   7.8897E-01   5.6011E-01   5.5996E-01   7.9949E-01   9.0859E-01
   9.0643E-01   7.9051E-01   7.8820E-01  -2.2964E-01  -2.2979E-01   6.9685E-01
   6.9684E-01   8.8034E-01   8.8152E-01   8.1894E-01   8.1651E-01   8.9022E-01
   8.9207E-01   4.0880E-02   4.1790E-02   3.2732E-01   3.2925E-01   4.6927E-01
   4.7032E-01   6.5963E-01   6.5918E-01   4.5992E-01   4.6043E-01   1.3853E-01
   6.4720E-01   6.4811E-01   1.2251E-01   1.2311E-01   6.1063E-02   6.1184E-02
   5.4050E-01   5.4132E-01   5.5082E-01   5.4872E-01  -3.5254E-01  -3.5384E-01
   7.9392E-01   7.9319E-01   3.0943E-03   2.0104E-03   1.6064E-01   1.6142E-01
   7.0714E-01   7.0615E-01  -5.6549E-01   4.8425E-01   4.8615E-01   3.8160E-01
   3.8355E-01   5.5848E-01   5.5858E-01  -2.0962E-01  -2.1195E-01   1.7260E-01
   1.7404E-01  -3.1214E-01  -3.1333E-01   1.6083E-01   1.6000E-01   4.5951E-01
   4.6172E-01   1.6071E+00   1.6039E+00   6.2548E-02   6.1544E-02   6.5340E-02
   6.4338E-02   3.2275E-02   3.2657E-02  -2.2947E-01  -2.3135E-01  -3.5665E-01
  -3.5984E-01   6.8158E-01   6.7927E-01  -7.4346E-02  -7.4373E-02   2.0608E-01
  -1.3522E-01  -3.1372E-01  -3.1570E-01   1.4037E-01  -9.8858E-03   3.7710E-01
   3.8014E-01   9.8803E-02   9.7631E-02   6.3863E-02   6.4981E-02   9.8922E-02
   9.8957E-02   6.5078E-01   6.5204E-01   3.3193E-01   3.3030E-01  -1.3522E-01
  -7.7349E-02  -7.7348E-02   3.2645E-02   2.8770E-02   4.8718E-01   4.8919E-01
  -7.7723E-03  -2.1365E-01  -2.1428E-01   2.0667E-01   1.7433E-01   1.7330E-01
  -1.7040E+00  -4.1450E-01  -3.5358E+00   1.0824E+00  -1.3334E+01   1.0974E+01
  -1.2274E+01   1.0211E+01   2.1513E+00  -3.4110E+00  -4.0646E+00   1.9508E+00
  -8.3908E-01  -9.4358E-01   6.4897E-02  -1.5727E+00  -4.1164E+00   2.4778E+00
  -1.1349E+01   9.2763E+00   7.7445E+00  -8.7937E+00  -2.1159E+00  -5.3814E-02
  -5.5710E+00   3.5276E+00  -1.0236E+01   8.7489E+00   1.3566E+01  -1.3768E+01
   2.4407E+00  -3.5316E+00   1.0582E-01  -1.7203E+00   7.9453E+00  -8.8396E+00
   1.6084E+00  -2.7206E+00  -1.0287E+01   8.5226E+00   1.2163E+00  -2.7639E+00
  -1.9581E+00   1.3608E-01  -3.6414E+00   1.7460E+00  -8.4835E+00   6.7158E+00
  -5.3624E+00   4.0367E+00  -4.8253E+00   3.6540E+00  -5.4135E+00   3.7372E+00
   7.8994E+00  -8.5707E+00  -1.1207E+01   9.4977E+00  -3.9938E+00   2.6895E+00
  -3.7323E+00   1.6463E+00  -4.9077E+00   3.5453E+00   1.6446E-01  -1.3760E+00
  -5.4426E+00   3.9301E+00  -8.5634E+00   6.6161E+00  -7.6556E-01  -7.6818E-01
  -1.0135E+01   8.7684E+00   1.7669E+00  -2.4819E+00   8.0942E+00  -8.6227E+00
   1.3567E+00  -2.5778E+00  -1.1503E+01   1.0105E+01  -1.7119E+00  -3.3048E-01
   5.0135E+00  -5.6587E+00  -3.7616E+00   2.8998E+00   9.2350E-01  -1.5427E+00
   2.5526E+00  -3.2355E+00  -6.3874E+00   4.8767E+00  -3.4246E-01  -9.8529E-01
   4.9700E+00  -5.7002E+00  -1.1548E+01   1.0050E+01  -3.8058E+00   2.8390E+00
  -5.2172E-01  -2.3504E-01  -1.2334E+01   1.1080E+01   8.7901E-01  -1.6025E+00
   2.6196E+00  -2.9317E+00   7.0740E+00  -7.5256E+00  -3.6248E+00   2.7967E+00
  -8.0744E+00   6.5094E+00  -6.7240E+00   5.7743E+00   1.9519E+00  -2.3321E+00
   5.3569E+00  -5.9091E+00   2.5103E+00  -3.2918E+00   2.6056E+00  -2.9552E+00
  -1.2350E+01   1.1060E+01   8.3084E+00  -8.1992E+00  -6.7092E+00   5.7840E+00
  -1.1332E+01   1.0259E+01  -1.1317E+01   1.0273E+01  -4.4782E+00   3.7392E+00
  -7.5553E+00   6.7411E+00  -4.9536E+00   4.4284E+00  -5.3509E-01  -2.5366E-01
   8.3225E+00  -8.1818E+00  -1.7334E-01  -4.9781E-01  -4.9564E+00   4.4232E+00
   1.5173E+00  -2.1368E+00  -3.8458E-01  -1.0102E+00  -8.0912E+00   6.4939E+00
   5.3760E+00  -5.9040E+00  -6.5654E+00   5.9101E+00   7.2912E-01  -8.4719E-01
   1.4004E+01  -1.3462E+01  -4.4670E+00   3.7507E+00   1.5273E+00  -2.1212E+00
  -1.2555E+01   1.1754E+01  -2.1161E-01   5.5820E-02   7.0368E+00  -7.5655E+00
   2.8905E+00  -2.9239E+00  -7.5586E+00   6.7372E+00  -2.1205E-01   5.4571E-02
  -7.2383E+00   6.4496E+00  -3.4770E+00   2.9171E+00  -1.2553E+01   1.1755E+01
  -3.6591E+00   2.7492E+00  -4.6736E+00   3.8828E+00   5.4631E+00  -5.2345E+00
  -5.5280E+00   4.8308E+00  -6.3819E+00   5.5018E+00  -4.6911E+00   3.8718E+00
  -6.3906E+00   5.5007E+00   2.8865E+00  -2.9274E+00  -4.7181E+00   4.3893E+00
   1.9193E+00  -2.3895E+00  -6.5671E+00   5.9084E+00  -7.8260E+00   7.3657E+00
  -3.1116E+00   2.9739E+00  -6.2576E+00   5.6078E+00   7.2684E-01  -8.5128E-01
   1.8065E+00  -1.8684E+00  -3.4691E+00   2.9269E+00  -4.5419E+00   3.9932E+00
   8.5657E+00  -8.2132E+00  -7.2422E+00   6.4477E+00   7.1735E-04  -3.2345E-03
   9.2205E-02  -2.5430E-01  -5.5331E+00   4.8268E+00   1.4013E+01  -1.3447E+01
  -7.5339E+00   7.0493E+00  -5.8159E+00   5.4335E+00  -4.5471E+00   3.9872E+00
   5.7608E+00  -5.5496E+00  -2.8232E+00   2.6493E+00   7.4762E+00  -7.1642E+00
   9.3272E-02  -2.5288E-01  -7.8260E+00   7.3651E+00  -6.4294E+00   4.8283E+00
   1.8087E+00  -1.8700E+00  -1.1028E+00   1.0383E+00   2.9365E-01  -3.2515E-01
   5.4636E+00  -5.2323E+00   8.5679E+00  -8.2092E+00  -1.7721E-01  -5.0187E-01
   2.0107E+00  -1.9367E+00  -2.5302E+00   2.3247E+00   3.1075E+00  -2.9715E+00
   7.4760E+00  -7.1624E+00  -3.1121E+00   2.9710E+00   9.0138E-01  -8.9484E-01
  -5.8152E+00   5.4373E+00  -8.1571E-01   7.1702E-01  -1.1040E+00   1.0403E+00
  -8.1381E-01   7.1628E-01  -6.2578E+00   5.6074E+00  -4.7208E+00   4.3899E+00
   3.1108E+00  -2.9743E+00   2.0110E+00  -1.9330E+00   2.9186E-01  -3.2265E-01
  -7.5343E+00   7.0463E+00   9.0066E-01  -8.9266E-01   5.7605E+00  -5.5457E+00
  -2.5298E+00   2.3232E+00  -2.8217E+00   2.6482E+00
  > E    =  -1.299159635875E+03 +/-   4.163468971375E-04
  > varE =   1.757299623613E-02
srun: Job step aborted: Waiting up to 32 seconds for job step to finish.
slurmstepd: error: *** JOB 23757011 ON ravc2001 CANCELLED AT 2026-01-16T16:51:44 DUE TO TIME LIMIT ***
slurmstepd: error: *** STEP 23757011.0 ON ravc2001 CANCELLED AT 2026-01-16T16:51:44 DUE TO TIME LIMIT ***
forrtl: error (78): process killed (SIGTERM)
Image              PC                Routine            Line        Source             
forrtl: error (78): process killed (SIGTERM)
Image              PC                Routine            Line        Source             
forrtl: error (78): process killed (SIGTERM)
Image              PC                Routine            Line        Source             
forrtl: error (78): process killed (SIGTERM)
Image              PC                Routine            Line        Source             
forrtl: error (78): process killed (SIGTERM)
Image              PC                Routine            Line        Source             
forrtl: error (78): process killed (SIGTERM)
Image              PC                Routine            Line        Source             
forrtl: error (78): process killed (SIGTERM)
Image              PC                Routine            Line        Source             
forrtl: error (78): process killed (SIGTERM)
Image              PC                Routine            Line        Source             
forrtl: error (78): process killed (SIGTERM)
Image              PC                Routine            Line        Source             
forrtl: error (78): process killed (SIGTERM)
Image              PC                Routine            Line        Source             
forrtl: error (78): process killed (SIGTERM)
Image              PC                Routine            Line        Source             
forrtl: error (78): process killed (SIGTERM)
Image              PC                Routine            Line        Source             
forrtl: error (78): process killed (SIGTERM)
Image              PC                Routine            Line        Source             
forrtl: error (78): process killed (SIGTERM)
Image              PC                Routine            Line        Source             
forrtl: error (78): process killed (SIGTERM)
Image              PC                Routine            Line        Source             
forrtl: error (78): process killed (SIGTERM)
Image              PC                Routine            Line        Source             
forrtl: error (78): process killed (SIGTERM)
Image              PC                Routine            Line        Source             
forrtl: error (78): process killed (SIGTERM)
Image              PC                Routine            Line        Source             
libc.so.6          00001501A9642900  Unknown               Unknown  Unknown
forrtl: error (78): process killed (SIGTERM)
Image              PC                Routine            Line        Source             
forrtl: error (78): process killed (SIGTERM)
Image              PC                Routine            Line        Source             
forrtl: error (78): process killed (SIGTERM)
Image              PC                Routine            Line        Source             
forrtl: error (78): process killed (SIGTERM)
Image              PC                Routine            Line        Source             
forrtl: error (78): process killed (SIGTERM)
Image              PC                Routine            Line        Source             
forrtl: error (78): process killed (SIGTERM)
Image              PC                Routine            Line        Source             
forrtl: error (78): process killed (SIGTERM)
Image              PC                Routine            Line        Source             
forrtl: error (78): process killed (SIGTERM)
Image              PC                Routine            Line        Source             
forrtl: error (78): process killed (SIGTERM)
Image              PC                Routine            Line        Source             
forrtl: error (78): process killed (SIGTERM)
Image              PC                Routine            Line        Source             
forrtl: error (78): process killed (SIGTERM)
Image              PC                Routine            Line        Source             
forrtl: error (78): process killed (SIGTERM)
Image              PC                Routine            Line        Source             
forrtl: error (78): process killed (SIGTERM)
Image              PC                Routine            Line        Source             
forrtl: error (78): process killed (SIGTERM)
Image              PC                Routine            Line        Source             
forrtl: error (78): process killed (SIGTERM)
Image              PC                Routine            Line        Source             
forrtl: error (78): process killed (SIGTERM)
Image              PC                Routine            Line        Source             
srun: got SIGCONT
forrtl: error (78): process killed (SIGTERM)
Image              PC                Routine            Line        Source             
forrtl: error (78): process killed (SIGTERM)
Image              PC                Routine            Line        Source             
forrtl: error (78): process killed (SIGTERM)
Image              PC                Routine            Line        Source             
forrtl: error (78): process killed (SIGTERM)
Image              PC                Routine            Line        Source             
forrtl: error (78): process killed (SIGTERM)
Image              PC                Routine            Line        Source             
forrtl: error (78): process killed (SIGTERM)
Image              PC                Routine            Line        Source             
forrtl: error (78): process killed (SIGTERM)
Image              PC                Routine            Line        Source             
forrtl: error (78): process killed (SIGTERM)
Image              PC                Routine            Line        Source             
srun: forcing job termination
forrtl: error (78): process killed (SIGTERM)
Image              PC                Routine            Line        Source             
forrtl: error (78): process killed (SIGTERM)
Image              PC                Routine            Line        Source             
forrtl: error (78): process killed (SIGTERM)
Image              PC                Routine            Line        Source             
forrtl: error (78): process killed (SIGTERM)
Image              PC                Routine            Line        Source             
forrtl: error (78): process killed (SIGTERM)
Image              PC                Routine            Line        Source             
forrtl: error (78): process killed (SIGTERM)
Image              PC                Routine            Line        Source             
forrtl: error (78): process killed (SIGTERM)
Image              PC                Routine            Line        Source             
forrtl: error (78): process killed (SIGTERM)
Image              PC                Routine            Line        Source             
forrtl: error (78): process killed (SIGTERM)
Image              PC                Routine            Line        Source             
forrtl: error (78): process killed (SIGTERM)
Image              PC                Routine            Line        Source             
forrtl: error (78): process killed (SIGTERM)
Image              PC                Routine            Line        Source             
forrtl: error (78): process killed (SIGTERM)
Image              PC                Routine            Line        Source             
forrtl: error (78): process killed (SIGTERM)
Image              PC                Routine            Line        Source             
forrtl: error (78): process killed (SIGTERM)
Image              PC                Routine            Line        Source             
forrtl: error (78): process killed (SIGTERM)
Image              PC                Routine            Line        Source             
forrtl: error (78): process killed (SIGTERM)
Image              PC                Routine            Line        Source             
forrtl: error (78): process killed (SIGTERM)
Image              PC                Routine            Line        Source             
forrtl: error (78): process killed (SIGTERM)
Image              PC                Routine            Line        Source             
forrtl: error (78): process killed (SIGTERM)
Image              PC                Routine            Line        Source             
forrtl: error (78): process killed (SIGTERM)
Image              PC                Routine            Line        Source             
forrtl: error (78): process killed (SIGTERM)
Image              PC                Routine            Line        Source             
forrtl: error (78): process killed (SIGTERM)
Image              PC                Routine            Line        Source             
forrtl: error (78): process killed (SIGTERM)
Image              PC                Routine            Line        Source             
forrtl: error (78): process killed (SIGTERM)
Image              PC                Routine            Line        Source             
forrtl: error (78): process killed (SIGTERM)
Image              PC                Routine            Line        Source             
forrtl: error (78): process killed (SIGTERM)
Image              PC                Routine            Line        Source             
forrtl: error (78): process killed (SIGTERM)
Image              PC                Routine            Line        Source             
forrtl: error (78): process killed (SIGTERM)
Image              PC                Routine            Line        Source             
forrtl: error (78): process killed (SIGTERM)
Image              PC                Routine            Line        Source             
forrtl: error (78): process killed (SIGTERM)
Image              PC                Routine            Line        Source             
forrtl: error (78): process killed (SIGTERM)
Image              PC                Routine            Line        Source             
forrtl: error (78): process killed (SIGTERM)
Image              PC                Routine            Line        Source             
forrtl: error (78): process killed (SIGTERM)
Image              PC                Routine            Line        Source             
forrtl: error (78): process killed (SIGTERM)
Image              PC                Routine            Line        Source             
forrtl: error (78): process killed (SIGTERM)
Image              PC                Routine            Line        Source             
forrtl: error (78): process killed (SIGTERM)
Image              PC                Routine            Line        Source             
forrtl: error (78): process killed (SIGTERM)
Image              PC                Routine            Line        Source             
forrtl: error (78): process killed (SIGTERM)
Image              PC                Routine            Line        Source             
forrtl: error (78): process killed (SIGTERM)
Image              PC                Routine            Line        Source             
forrtl: error (78): process killed (SIGTERM)
Image              PC                Routine            Line        Source             
forrtl: error (78): process killed (SIGTERM)
Image              PC                Routine            Line        Source             
forrtl: error (78): process killed (SIGTERM)
Image              PC                Routine            Line        Source             
forrtl: error (78): process killed (SIGTERM)
Image              PC                Routine            Line        Source             
forrtl: error (78): process killed (SIGTERM)
Image              PC                Routine            Line        Source             
forrtl: error (78): process killed (SIGTERM)
Image              PC                Routine            Line        Source             
forrtl: error (78): process killed (SIGTERM)
Image              PC                Routine            Line        Source             
forrtl: error (78): process killed (SIGTERM)
Image              PC                Routine            Line        Source             
forrtl: error (78): process killed (SIGTERM)
Image              PC                Routine            Line        Source             
forrtl: error (78): process killed (SIGTERM)
Image              PC                Routine            Line        Source             
forrtl: error (78): process killed (SIGTERM)
Image              PC                Routine            Line        Source             
forrtl: error (78): process killed (SIGTERM)
Image              PC                Routine            Line        Source             
forrtl: error (78): process killed (SIGTERM)
Image              PC                Routine            Line        Source             
forrtl: error (78): process killed (SIGTERM)
Image              PC                Routine            Line        Source             
                                  
================================= 
Global information about the job: 
================================= 
  
Job owner: mdimauro(31184)
Job name:  vd[n
Node list: ravc[2001-2028,2033,2217-2229,2231-2246,2248-2249,2253-2254,2256,2433,2436-2440,2446-2457,2459-2472,2577,2579,2581-2583,2585-2595,2597-2612,2614]
Job start: Thu Jan 15 16:51:34 CET 2026
Job end:   Fri Jan 16 16:51:44 CET 2026
Work dir:  /raven/u/mdimauro/calcs/vmc/polyacenes/08-octacene/01-sj1_alamdlogin
Command:   /raven/u/mdimauro/calcs/vmc/polyacenes/08-octacene/01-sj1_alamdlogin/vdagger
  
  
  
==========================================================================================
Information on jobsteps (Note: MaxRSS/AveRSS is the maximum/average over all 
tasks of the per-task memory high-water marks; cf. "man sacct"): 
==========================================================================================
  
JobID            JobName NNodes NTasks  NCPUS       MaxRSS       AveRSS    Elapsed ExitCode
------------- ---------- ------ ------ ------ ------------ ------------ ---------- --------
23757011        vd[n=8A]    128         18432                           1-00:00:10      0:0
23757011.0       vdagger    128   9216  18432     1298.91M     1184.40M 1-00:00:39      1:0
  
Maximum memory per node: 98.064433 GB (defined as MaxRSS*Ntasks/NNodes)
CPU utilization: 100.0 %
  
