Run started: Thu Jan  8 16:57:43 CET 2026
Using VDAGGER_ARCH = gnu7_fkfamd_cluster
Running 1x128 MPI processes.

                               xx
                              +##
                               #X
                               Xx
                          X##XxXxxX##x
                           +   Xx  ++
                               ##
                              +##
                              +##
     ++++         ++          +##
   xX+++##+      ####         +##
  Xx    ###      +X##          ##
 xX    X##+        ##          #X
 +    x##X         #x          #X
      ###         +#           x+
     X##+         #+
     ###         Xx                    _______
     ##X       +X+   __________________VDAGGER
     +##x    +xX     2nd quantized variational
       +xxxxx+       ______quantum Monte Carlo

* Running 1024 MPI processes.
* Input file: "input.casl"

############# Start of input file dump #############
General:
  Random seed: timer

Plan:
  VMC-optimization:
    Minimum cycles: 5
    Convergence cycles: 5

System:
  Read Hamiltonian: FCIDUMP_loc
  Hamiltonian tolerance: 1.e-06
  Read orbitals: LTSC.mat
  Complex orbitals: F

VMC:
  nstep: 500000
  nconfig: 100000

Jastrow: wfn.casl
############## End of input file dump ##############

General setup:
* Random seed: 132515024 (from timer)

* Loaded integrals for system with nelec=34, ms2=0, norb=34
* INFO: setting number of electrons from integrals file.
* Analysis of Hamiltonian connecitivity performed:
  - T_ii (local, 1-site): 34 (i) values
  - U_iiii [opp] (local, 1-site): 34 (i) values
  - U_kkii [opp] (local, 2-site): 1122 contribs. from 34 (i) values
  - U_kkii [par] (local, 2-site): 561 contribs. from 33 (i) values
  - T_ji (single, 2-site): 1114 contribs. from 34 (i) values
  - U_kkji [opp] (single, 2/3-site): 35060 contribs. from 1122 (i,j) pairs
  - U_kkji [par] (single, 3-site): 34118 contribs. from 1122 (i,j) pairs
  - U_lkji [opp] (double, 2/3/4-site): 102436 contribs. from 1122 (i,j) pairs
  - U_lkji [par] (double, 4-site): 42450 contribs. from 1056 (i,j) pairs
  - Max. no. wfn. ratios in Eloc: 26268
* Reading override orbitals from file "LTSC.mat".
* Site labels:
  [draw_int: system geometry not defined]
* Automatically set Site kinds:
  [ 1, 2, 3, 4, 1, 5, 6, 7, 7, 5, 8, 3, 8, 4, 8, 7, 6, 6, 7, 8, 4, 9, 3, 9, 6, 5, 9, 9, 5, 2, 4, 3, 2, 2 ]
  [draw_int: system geometry not defined]
* Maximum Site kind: 9
* Number of site-pair kinds with Tij=0: 1
* Automatically set Site pair kinds:
  Site 1: [ 0, -53, -89, 32, 4, 113, 29, 69, -83, 113, -97, -89, 97, -26, -116, 69, -29, -10, 83, -116, 32, -45, -70, 54, -10, 91, 45, 54, 91, -64, 26, 70, 64, 53 ]
  Site 2: [ -53, 0, -24, 71, -64, 58, -67, -27, -144, 148, -139, -125, -126, -34, -47, 102, -50, 68, -13, -119, 25, -108, -35, 81, -41, 78, 8, 33, 118, 3, 75, 105, 93, 85 ]
  Site 3: [ -89, -24, 0, 90, -70, 31, -80, 7, -114, 122, -128, -106, -22, -52, 12, 153, -66, 104, 36, -141, 72, -96, 6, 130, -59, 23, -43, -49, 152, -35, 86, 137, 105, 125 ]
  Site 4: [ 32, 71, 90, 0, 26, -115, 30, -101, 46, -132, 84, 72, -109, 55, 127, -62, -44, -9, -88, 76, -63, -28, 86, 11, -51, -124, -73, -65, -74, 75, 5, -52, -34, -25 ]
  Site 5: [ 4, -64, -70, 26, 0, 91, 10, 83, -69, 91, -116, -70, 116, -32, -97, 83, -10, -29, 69, -97, 26, -54, -89, 45, -29, 113, 54, 45, 113, -53, 32, 89, 53, 64 ]
  Site 6: [ 113, 58, 31, -115, 91, 0, 107, 77, 129, -134, 142, 122, -42, 74, 1, -147, 98, -143, 48, 140, -132, 121, 23, 150, 100, 2, 79, 61, 151, 78, -124, -152, -118, -148 ]
  Site 7: [ 29, -67, -80, 30, 10, 107, 0, 110, -94, -98, 99, 66, 120, -51, -111, -57, -20, -14, 92, 95, 44, -19, -104, -38, 37, 143, -103, 60, -100, -68, 9, -59, -41, -50 ]
  Site 8: [ 69, -27, 7, -101, 83, 77, 110, 0, 145, -147, 133, 153, 40, 46, 21, -135, 57, -92, 16, 146, -62, 131, 36, -112, -94, 48, 39, -18, -129, -13, -88, -114, -144, -102 ]
  Site 9: [ -83, -144, -114, 46, -69, 129, -94, 145, 0, -48, -21, -36, 146, -101, -133, -16, 92, -57, 135, 40, 88, -18, 153, -39, 110, 147, 112, 131, -77, -102, 62, 7, -27, -13 ]
  Site 10: [ 113, 148, 122, -132, 91, -134, -98, -147, -48, 0, 42, 31, -142, 124, 140, 77, -107, 100, -129, 1, -115, -79, 152, 61, -143, 151, -121, 150, 2, 118, -74, -23, -78, -58 ]
  Site 11: [ -97, -139, -128, 84, -116, 142, 99, 133, -21, 42, 0, 22, 149, -127, -138, -40, 120, -95, 146, 17, 109, -87, -141, -56, 111, 140, 136, 123, 1, -119, 76, -12, 47, -126 ]
  Site 12: [ -89, -125, -106, 72, -70, 122, 66, 153, -36, 31, 22, 0, 128, -86, -141, 7, 80, -59, 114, 12, 90, 43, -137, -49, 104, 152, 96, 130, 23, -105, 52, -6, 35, 24 ]
  Site 13: [ 97, -126, -22, -109, 116, -42, 120, 40, 146, -142, 149, 128, 0, 76, -17, -133, 99, -111, -21, 138, -84, 136, -12, -123, 95, -1, -87, 56, -140, 47, -127, -141, -119, -139 ]
  Site 14: [ -26, -34, -52, 55, -32, 74, -51, 46, -101, 124, -127, -86, 76, 0, -84, 88, 9, 44, 62, -109, -5, -65, -72, 73, 30, 132, -11, -28, 115, -25, 63, 90, 71, 75 ]
  Site 15: [ -116, -47, 12, 127, -97, 1, -111, 21, -133, 140, -138, -141, -17, -84, 0, 146, -95, 120, -40, -149, 76, -123, 22, 136, -99, 42, -56, 87, 142, 126, 109, 128, 139, 119 ]
  Site 16: [ 69, 102, 153, -62, 83, -147, -57, -135, -16, 77, -40, 7, -133, 88, 146, 0, -110, -94, -145, 21, -101, -39, 114, -18, -92, -129, -131, -112, 48, 144, -46, -36, 13, 27 ]
  Site 17: [ -29, -50, -66, -44, -10, 98, -20, 57, 92, -107, 120, 80, 99, 9, -95, -110, 0, -37, -94, 111, -30, -103, -59, -60, 14, 100, -19, 38, -143, -41, -51, -104, -68, -67 ]
  Site 18: [ -10, 68, 104, -9, -29, -143, -14, -92, -57, 100, -95, -59, -111, 44, 120, -94, -37, 0, -110, -99, -51, -38, 80, -19, 20, -107, -60, 103, 98, 67, -30, 66, 50, 41 ]
  Site 19: [ 83, -13, 36, -88, 69, 48, 92, 16, 135, -129, 146, 114, -21, 62, -40, -145, -94, -110, 0, 133, -46, 112, 7, -131, 57, 77, -18, 39, -147, -27, -101, 153, -102, -144 ]
  Site 20: [ -116, -119, -141, 76, -97, 140, 95, 146, 40, 1, 17, 12, 138, -109, -149, 21, 111, -99, 133, 0, 127, 56, -128, 87, 120, 142, 123, 136, 42, -139, 84, -22, -126, 47 ]
  Site 21: [ 32, 25, 72, -63, 26, -132, 44, -62, 88, -115, 109, 90, -84, -5, 76, -101, -30, -51, -46, 127, 0, 73, 52, -65, -9, -74, 28, 11, -124, 34, -55, -86, -75, -71 ]
  Site 22: [ -45, -108, -96, -28, -54, 121, -19, 131, -18, -79, -87, 43, 136, -65, -123, -39, -103, -38, 112, 56, 73, 0, -130, -15, 60, -150, 82, 117, -61, -81, -11, -49, 33, 8 ]
  Site 23: [ -70, -35, 6, 86, -89, 23, -104, 36, 153, 152, -141, -137, -12, -72, 22, 114, -59, 80, 7, -128, 52, -130, 0, 96, -66, 31, -49, -43, 122, -24, 90, 106, 125, 105 ]
  Site 24: [ 54, 81, 130, 11, 45, 150, -38, -112, -39, 61, -56, -49, -123, 73, 136, -18, -60, -19, -131, 87, -65, -15, 96, 0, 103, -121, -117, -82, 79, 108, 28, 43, -8, -33 ]
  Site 25: [ -10, -41, -59, -51, -29, 100, 37, -94, 110, -143, 111, 104, 95, 30, -99, -92, 14, 20, 57, 120, -9, 60, -66, 103, 0, 98, 38, -19, -107, -50, -44, -80, -67, -68 ]
  Site 26: [ 91, 78, 23, -124, 113, 2, 143, 48, 147, 151, 140, 152, -1, 132, 42, -129, 100, -107, 77, 142, -74, -150, 31, -121, 98, 0, 61, 79, -134, 58, -115, -122, -148, -118 ]
  Site 27: [ 45, 8, -43, -73, 54, 79, -103, 39, 112, -121, 136, 96, -87, -11, -56, -131, -19, -60, -18, 123, 28, 82, -49, -117, 38, 61, 0, 15, 150, 33, -65, -130, -81, -108 ]
  Site 28: [ 54, 33, -49, -65, 45, 61, 60, -18, 131, 150, 123, 130, 56, -28, 87, -112, 38, 103, 39, 136, 11, 117, -43, -82, -19, 79, 15, 0, -121, 8, -73, -96, -108, -81 ]
  Site 29: [ 91, 118, 152, -74, 113, 151, -100, -129, -77, 2, 1, 23, -140, 115, 142, 48, -143, 98, -147, 42, -124, -61, 122, 79, -107, -134, 150, -121, 0, 148, -132, -31, -58, -78 ]
  Site 30: [ -64, 3, -35, 75, -53, 78, -68, -13, -102, 118, -119, -105, 47, -25, 126, 144, -41, 67, -27, -139, 34, -81, -24, 108, -50, 58, 33, 8, 148, 0, 71, 125, 85, 93 ]
  Site 31: [ 26, 75, 86, 5, 32, -124, 9, -88, 62, -74, 76, 52, -127, 63, 109, -46, -51, -30, -101, 84, -55, -11, 90, 28, -44, -115, -65, -73, -132, 71, 0, -72, -25, -34 ]
  Site 32: [ 70, 105, 137, -52, 89, -152, -59, -114, 7, -23, -12, -6, -141, 90, 128, -36, -104, 66, 153, -22, -86, -49, 106, 43, -80, -122, -130, -96, -31, 125, -72, 0, -24, -35 ]
  Site 33: [ 64, 93, 105, -34, 53, -118, -41, -144, -27, -78, 47, 35, -119, 71, 139, 13, -68, 50, -102, -126, -75, 33, 125, -8, -67, -148, -81, -108, -58, 85, -25, -24, 0, 3 ]
  Site 34: [ 53, 85, 125, -25, 64, -148, -50, -102, -13, -58, -126, 24, -139, 75, 119, 27, -67, 41, -144, 47, -71, 8, 105, -33, -68, -118, -108, -81, -78, 93, -34, -35, 3, 0 ]
  For site 1 of kind 1:
  [draw_int: system geometry not defined]
  For site 2 of kind 2:
  [draw_int: system geometry not defined]
  For site 3 of kind 3:
  [draw_int: system geometry not defined]
  For site 4 of kind 4:
  [draw_int: system geometry not defined]
  For site 6 of kind 5:
  [draw_int: system geometry not defined]
  For site 7 of kind 6:
  [draw_int: system geometry not defined]
  For site 8 of kind 7:
  [draw_int: system geometry not defined]
  For site 11 of kind 8:
  [draw_int: system geometry not defined]
  For site 22 of kind 9:
  [draw_int: system geometry not defined]
* Maximum (unsigned) Site pair kind: 153
General system setup:
* Number of sites       : 34
* Number of electrons   : 34
* Spin imbalance MS2    : 0
* Filling               : 0.500000
* Number of orbitals in pool: 34
* Using real-valued orbitals
* Using double-precision arithmetic for orbitals

Trial wave function setup:
* Jastrow parameter file: "wfn.casl"
* Not using multideterminants
* Not using a backflow transformation
* Not using wave function manipulation

VMC #1:
* Size of Hilbert space =   5.4457E+18
* Number of equil. steps   = 1000
* Running VMC equilibration.
  Done. [total walltime: 0.03s]
* Equil. acc.ratio (%)     =  11.0229
* Sample config after equilibration:
  [draw: system geometry not defined]
* Number of accum. steps   = 501760 x 10
* Running VMC accumulation.
    [walltime: 1m elapsed, 21.3s remaining]
  Done. [total walltime: 1m21s]
* Acceptance ratio (%)     =  10.9727
* Etot/t                   =  -1.299159561982E+03 +/-   1.901783014636E-04
  > Ttot/t                 =  -1.396129740124E+02 +/-   1.213005479509E-03
  > Utot/t                 =   6.245876091026E+01 +/-   1.197793056315E-03
* var[Eloc/t]              =   1.741391362942E-02 +/-   9.622259844626E-05
* Correlation length       =   1.042129234355E+00
* log10 Psi^2 range: -111.39207747275036 -- -97.074909246638597
* log10 Pgen range : -111.39207747275036 -- -97.074909246638597
* Site occupation (ave. no. electrons per config.):
  > Site_  ___eu____  ___ed____
      1        0.500      0.496
      2        0.498      0.497
      3        0.495      0.498
      4        0.495      0.497
      5        0.495      0.496
      6        0.503      0.499
      7        0.504      0.504
      8        0.503      0.503
      9        0.502      0.504
     10        0.501      0.500
     11        0.494      0.502
     12        0.497      0.497
     13        0.499      0.499
     14        0.497      0.497
     15        0.498      0.501
     16        0.503      0.506
     17        0.503      0.506
     18        0.503      0.504
     19        0.503      0.501
     20        0.499      0.500
     21        0.496      0.499
     22        0.503      0.501
     23        0.497      0.498
     24        0.506      0.503
     25        0.505      0.502
     26        0.501      0.501
     27        0.502      0.503
     28        0.502      0.505
     29        0.505      0.499
     30        0.500      0.495
     31        0.497      0.499
     32        0.498      0.495
     33        0.496      0.495
     34        0.499      0.497
* Pair-correlation analysis (ave. no. pairs per config.):
  > Shell  nsite  ___dh____  __eueu___  __eued___
      0      1        0          0          6.113
      1      0        0.964      0.469      2.581
      2      0        0.226      0.792      1.040
      3      0        0.264      0.749      1.035
      4      0        0.139      0.366      0.520
      5      0        0.272      0.740      1.038
      6      0        0.256      0.759      1.028
      7      0        0.819      0.794      2.424
      8      0        0.750      0.964      2.340
      9      0        0.688      1.105      2.280
     10      0        0.634      1.233      2.214
     11      0        0.586      1.339      2.165
     12      0        0.449      1.588      2.058
     13      0        0.522      1.468      2.119
     14      0        0.157      0.821      1.150
     15      0        0.155      0.827      1.139
     16      0        0.153      0.842      1.121
     17      0        0.148      0.868      1.068
     18      0        0.242      2.097      1.945
     19      0        0.243      2.107      1.943
     20      0        0.123      1.047      0.978
     21      0        0.235      2.078      1.934
     22      0        0.248      2.030      1.957
     23      0        0.277      1.918      2.030
     24      0        0.311      1.895      2.021
     25      0        0.324      1.887      2.027
     26      0        0.324      1.894      2.026
     27      0        0.258      2.065      1.955
     28      0        0.261      2.083      1.941
     29      0        0.266      2.089      1.932
     30      0        0.262      2.105      1.926
     31      0        0.242      2.087      1.932
     32      0        0.298      2.046      1.927
     33      0        0.255      2.109      1.922
     34      0        0.289      2.058      1.928
     35      0        0.282      2.056      1.923
     36      0        0.246      2.114      1.917
     37      0        0.118      0.989      1.045
     38      0        0.241      1.964      2.089
     39      0        0.239      1.967      2.076
     40      0        0.235      1.973      2.039
     41      0        0.265      2.044      1.968
     42      0        0.217      2.112      1.928
     43      0        0.258      2.045      1.959
     44      0        0.269      2.029      1.979
     45      0        0.271      2.027      1.972
     46      0        0.266      2.028      1.979
     47      0        0.260      2.003      1.971
     48      0        0.232      2.057      1.979
     49      0        0.280      1.874      2.089
     50      0        0.283      1.898      2.079
     51      0        0.283      1.932      2.054
     52      0        0.297      1.946      2.000
     53      0        0.307      1.951      1.993
     54      0        0.281      1.937      2.043
     55      0        0.153      0.977      0.998
     56      0        0.234      1.994      2.024
     57      0        0.237      2.013      2.042
     58      0        0.268      1.963      2.015
     59      0        0.262      1.975      2.026
     60      0        0.239      2.013      2.044
     61      0        0.239      1.977      2.045
     62      0        0.274      1.958      2.031
     63      0        0.153      0.998      0.980
     64      0        0.301      1.997      1.957
     65      0        0.272      1.983      2.014
     66      0        0.264      2.014      1.985
     67      0        0.270      1.983      2.018
     68      0        0.266      2.015      1.995
     69      0        0.267      1.995      2.004
     70      0        0.297      1.961      1.984
     71      0        0.300      1.966      1.988
     72      0        0.290      2.000      1.956
     73      0        0.269      2.012      1.991
     74      0        0.267      1.984      2.000
     75      0        0.300      1.985      1.970
     76      0        0.263      1.978      1.993
     77      0        0.264      1.846      2.128
     78      0        0.259      2.015      1.980
     79      0        0.236      2.036      1.994
     80      0        0.261      2.010      1.995
     81      0        0.266      2.007      1.999
     82      0        0.119      1.018      1.007
     83      0        0.269      2.006      1.993
     84      0        0.265      1.988      1.981
     85      0        0.149      0.992      0.986
     86      0        0.293      1.967      1.986
     87      0        0.234      2.025      1.991
     88      0        0.266      2.007      1.993
     89      0        0.298      1.974      1.969
     90      0        0.294      1.981      1.970
     91      0        0.267      1.994      1.988
     92      0        0.237      2.029      2.025
     93      0        0.150      0.986      0.989
     94      0        0.238      2.046      2.006
     95      0        0.233      2.013      2.015
     96      0        0.259      2.003      1.996
     97      0        0.268      1.981      1.984
     98      0        0.237      2.020      2.016
     99      0        0.234      2.017      2.007
    100      0        0.237      2.008      2.028
    101      0        0.267      1.993      2.008
    102      0        0.263      2.000      2.000
    103      0        0.235      2.050      2.012
    104      0        0.262      1.997      2.004
    105      0        0.290      1.973      1.977
    106      0        0.142      0.985      0.989
    107      0        0.234      2.021      2.018
    108      0        0.266      1.992      2.010
    109      0        0.265      1.988      1.979
    110      0        0.238      2.022      2.033
    111      0        0.233      2.009      2.015
    112      0        0.233      2.026      2.026
    113      0        0.268      1.986      1.993
    114      0        0.258      1.995      2.003
    115      0        0.264      1.992      1.993
    116      0        0.266      1.985      1.981
    117      0        0.120      1.010      1.015
    118      0        0.260      1.996      1.993
    119      0        0.258      1.987      1.984
    120      0        0.233      2.008      2.019
    121      0        0.234      2.016      2.016
    122      0        0.254      1.996      1.990
    123      0        0.231      2.009      2.012
    124      0        0.264      1.989      1.998
    125      0        0.290      1.974      1.977
    126      0        0.262      1.966      2.001
    127      0        0.264      1.986      1.982
    128      0        0.254      1.982      1.984
    129      0        0.235      2.013      2.015
    130      0        0.261      1.999      1.998
    131      0        0.235      2.022      2.026
    132      0        0.265      2.002      1.984
    133      0        0.228      2.012      2.010
    134      0        0.114      1.005      1.004
    135      0        0.118      1.011      1.013
    136      0        0.231      2.011      2.012
    137      0        0.142      0.989      0.984
    138      0        0.114      0.997      0.995
    139      0        0.260      1.984      1.984
    140      0        0.228      2.000      2.001
    141      0        0.256      1.981      1.984
    142      0        0.228      2.003      2.000
    143      0        0.235      2.025      2.015
    144      0        0.264      2.002      1.999
    145      0        0.116      1.016      1.011
    146      0        0.232      2.010      2.008
    147      0        0.234      2.014      2.017
    148      0        0.260      1.991      1.995
    149      0        0.113      0.997      0.997
    150      0        0.236      2.014      2.015
    151      0        0.116      1.002      1.006
    152      0        0.254      1.993      1.992
    153      0        0.257      2.003      1.998

Optimization #1:
* Method          : lls
* Target function : energy
* No. of configs. : 100352
* No. of params.  : 592
* Before optimization:
  -1.4157E+01  -1.4154E+01  -1.4160E+01  -1.4156E+01  -1.4138E+01  -1.4137E+01
  -1.4135E+01  -1.4142E+01  -1.4133E+01   1.5277E+00   1.5319E+00   1.9072E+00
   1.4602E+00   1.1614E+00   1.4029E+00   1.3758E+00   1.1936E+00   1.1831E+00
   1.0962E+00   1.0891E+00   1.4433E+00   1.4355E+00   1.3434E+00   1.3361E+00
   1.1402E+00   1.1308E+00   1.4642E+00   1.4551E+00   1.3581E+00   1.3504E+00
   7.8867E-01   9.7382E-02   4.9578E-01   8.3615E-01   5.5005E-01   5.5193E-01
   7.1652E-01   7.1475E-01   1.0526E+00   8.3097E-01   8.2733E-01   1.0310E+00
   1.0290E+00   1.1658E+00   1.1651E+00   9.1461E-01   9.1526E-01   9.6354E-01
   9.6440E-01   7.9293E-01   7.9211E-01   8.9992E-01   8.9881E-01   6.7136E-01
   6.6902E-01   8.8483E-01   8.8325E-01   9.9952E-01   9.9769E-01   1.3038E+00
   1.2995E+00   9.4647E-01   9.4611E-01   6.8125E-01   6.7933E-01   1.1166E+00
   1.1182E+00   1.0543E+00   1.0543E+00   8.2707E-01   8.2423E-01   6.9792E-01
   3.6184E-01   3.6168E-01   2.1260E-01   2.1197E-01   5.4265E-01   5.4212E-01
   6.8232E-01   6.8279E-01   1.2730E+00   1.2727E+00   2.4706E-01   2.4656E-01
   6.3287E-01   6.3236E-01   1.8961E-01   1.8872E-01   5.3670E-01   5.3612E-01
   6.4749E-01   6.4518E-01   6.8157E-01   6.8420E-01   3.3868E-01   3.3928E-01
   7.8507E-01   7.8680E-01   7.3391E-01   7.3449E-01   5.4311E-01   5.4361E-01
   4.8375E-01   4.8292E-01   2.9146E-01   2.9088E-01   5.3818E-01   6.2889E-02
   6.3462E-02   3.4603E-01   3.4556E-01   7.5151E-01   7.4888E-01   4.1357E-01
   4.1461E-01   1.2312E-01   1.2267E-01   2.0724E-01   2.0846E-01   6.4411E-01
   6.4289E-01   5.7037E-01   5.1646E-01   5.1519E-01   8.7572E-02   8.7420E-02
   3.8610E-01   3.8670E-01   4.7483E-01   4.7493E-01   4.5361E-01   4.5389E-01
   2.2089E-01   2.1930E-01   2.4284E-01   2.4239E-01   4.0771E-01   4.0822E-01
   5.7668E-01   5.7873E-01   6.8243E-02   6.7013E-02   5.3770E-01   5.3637E-01
   4.1616E-01   4.1686E-01   4.3035E-01   4.2920E-01   7.5207E-01   7.5593E-01
   7.7389E-01   7.7015E-01   1.9015E-01   1.9174E-01   2.7235E-01   2.7214E-01
  -1.0212E-02  -1.0346E-02  -3.5143E-01   1.9225E-01   1.9123E-01   4.0486E-01
   4.0363E-01   3.5387E-01   2.5257E-01   2.5239E-01   1.2303E-01   1.2413E-01
   1.7345E-01   1.7304E-01   2.5497E-01   2.5400E-01   2.5947E-01   2.5973E-01
   3.0291E-01   3.0285E-01   2.2748E-01   2.2693E-01   3.5090E-01   4.2928E-01
   4.2820E-01   2.8141E-01   2.8058E-01  -1.5544E-01  -1.5541E-01   1.5501E-01
   1.5495E-01   4.2480E-01   4.2563E-01   3.0449E-01   3.0371E-01   4.3537E-01
   4.3611E-01   1.8600E-01   1.8593E-01   1.2520E-01   1.2496E-01   1.8857E-01
   1.8823E-01   2.8568E-01   2.8580E-01   2.1769E-01   2.1729E-01   9.5264E-02
   3.4490E-01   3.4510E-01  -3.9447E-03  -3.8923E-03   1.8043E-01   1.8034E-01
   2.0237E-01   2.0223E-01   1.9259E-01   1.9237E-01  -2.3475E-01  -2.3443E-01
   3.0913E-01   3.0902E-01  -9.0198E-04  -1.0881E-03   3.3627E-01   3.3619E-01
   1.6540E-01   1.6513E-01  -3.6504E-01   3.0176E-01   3.0200E-01   1.4297E-01
   1.4339E-01   1.9890E-01   1.9896E-01  -7.1629E-02  -7.2482E-02   1.8496E-01
   1.8502E-01  -2.2881E-01  -2.2851E-01   3.3491E-01   3.3477E-01   2.1597E-01
   2.1573E-01   7.2497E-01   7.2320E-01   1.8280E-01   1.8316E-01   2.5217E-02
   2.5337E-02   8.6503E-02   8.7016E-02  -1.5049E-01  -1.5032E-01  -2.4054E-01
  -2.4101E-01   5.4951E-01   5.4820E-01  -7.1949E-02  -7.2300E-02   2.7598E-01
  -9.2846E-02  -2.2617E-01  -2.2580E-01   9.5009E-02  -4.4511E-02   1.4458E-01
   1.4495E-01   1.1509E-01   1.1516E-01   2.5492E-02   2.5623E-02   1.1566E-01
   1.1567E-01   3.4751E-01   3.4737E-01   1.2835E-01   1.2835E-01  -9.4973E-02
  -7.1186E-02  -7.1013E-02   8.7089E-02   8.7427E-02   3.0119E-01   3.0134E-01
  -4.5176E-02  -6.9970E-02  -7.0862E-02   2.7634E-01   1.8495E-01   1.8480E-01
  -1.5082E+00   1.1932E-01  -4.2180E+00   2.4483E+00  -6.5469E+00   5.1250E+00
  -3.0558E+00   1.9338E+00  -6.6150E+00   5.2464E+00  -2.6534E+00   1.3247E+00
  -4.9713E-01  -5.9710E-01   4.9842E-01  -1.5016E+00  -5.8655E+00   4.5139E+00
  -4.1015E+00   2.8451E+00   4.1315E-01  -1.4655E+00  -8.6994E-01  -5.1632E-01
  -2.5340E+00   1.2526E+00  -4.9574E+00   4.1644E+00   7.6675E+00  -7.7659E+00
   1.7181E+00  -2.2167E+00   1.1781E+00  -2.0285E+00   4.6219E+00  -5.1979E+00
   1.2879E+00  -2.0316E+00  -5.0201E+00   3.9407E+00   1.4015E+00  -2.2513E+00
  -7.1407E-01  -3.2680E-01  -3.2760E+00   2.1180E+00  -4.3854E+00   3.4725E+00
  -6.3769E+00   5.4155E+00  -4.6184E+00   3.8299E+00  -2.3774E+00   1.4673E+00
   5.6473E-01  -1.2493E+00  -3.9615E+00   3.0631E+00  -5.7374E+00   4.7270E+00
  -3.3653E+00   2.0202E+00  -4.6999E+00   3.7239E+00   6.0559E-01  -1.3026E+00
  -6.4582E+00   5.3114E+00  -4.4607E+00   3.3759E+00  -4.2119E-01  -4.2549E-01
  -4.8646E+00   4.1743E+00   1.4383E+00  -1.7987E+00   4.7698E+00  -4.9808E+00
   1.5339E+00  -2.0747E+00  -5.5181E+00   4.8356E+00  -1.5158E+00   1.9801E-01
   2.7496E+00  -2.9972E+00  -5.5431E+00   4.9085E+00   2.5405E+00  -2.7310E+00
  -2.2334E+00   1.6970E+00  -2.4466E+00   1.7987E+00  -1.0422E+00   3.5665E-01
   2.7040E+00  -3.0386E+00  -5.5633E+00   4.7834E+00  -5.5792E+00   4.8531E+00
  -4.2541E+00   3.7122E+00  -4.4120E+00   3.9290E+00   2.4990E+00  -2.7858E+00
  -6.2081E+00   5.6710E+00   4.6436E+00  -4.7062E+00  -1.4224E+00   1.0756E+00
  -5.0158E+00   4.2672E+00  -3.4724E+00   3.0612E+00   1.5744E+00  -1.6987E+00
   2.0485E+00  -2.2570E+00  -2.2782E+00   1.6389E+00  -6.2247E+00   5.6528E+00
  -4.4285E+00   3.9130E+00   8.7616E-01  -9.6412E-01  -3.4577E+00   3.0728E+00
  -5.4077E+00   4.9334E+00  -5.3981E+00   4.9450E+00  -3.4926E-01   1.3010E-01
  -2.3849E+00   2.1417E+00  -6.0952E+00   5.6890E+00  -4.2726E+00   3.6909E+00
   8.8747E-01  -9.5445E-01  -4.9647E+00   4.4282E+00  -6.0998E+00   5.6816E+00
  -2.3896E+00   1.9619E+00  -1.0849E+00   3.3708E-01  -5.0280E+00   4.2562E+00
   2.0625E+00  -2.2543E+00  -3.3957E+00   3.1268E+00   9.7872E-01  -9.6710E-01
   7.9626E+00  -7.6083E+00  -3.3793E-01   1.4607E-01  -2.3771E+00   1.9740E+00
  -6.0148E+00   5.6594E+00  -4.1107E+00   3.8567E+00   4.6156E+00  -4.7400E+00
  -2.0480E+00   1.8748E+00  -2.3903E+00   2.1374E+00  -4.1102E+00   3.8526E+00
  -3.1281E+00   2.8270E+00  -1.3539E+00   1.1263E+00  -6.0142E+00   5.6616E+00
  -1.4560E+00   1.0248E+00  -1.6017E+00   1.3187E+00   2.9583E+00  -2.8039E+00
  -5.3560E-01   3.7989E-01  -4.1960E+00   3.7684E+00  -1.6131E+00   1.3077E+00
  -4.2037E+00   3.7656E+00  -2.0538E+00   1.8692E+00  -1.9717E+00   1.8465E+00
   1.5503E+00  -1.7379E+00  -3.4027E+00   3.1168E+00  -4.0390E+00   3.8228E+00
  -2.0676E+00   1.9729E+00  -4.1507E+00   3.8056E+00   9.7218E-01  -9.7193E-01
  -2.2674E+00   2.0867E+00  -1.3430E+00   1.1391E+00  -1.5561E+00   1.3601E+00
   5.0196E+00  -4.7864E+00  -3.1350E+00   2.8268E+00   4.6058E-04   3.6044E-04
  -4.8689E+00   4.5312E+00  -5.4162E-01   3.7398E-01   7.9703E+00  -7.6041E+00
  -4.7978E+00   4.4975E+00  -2.1975E+00   2.0526E+00  -1.5569E+00   1.3591E+00
   2.1974E+00  -2.1267E+00  -2.8305E+00   2.6454E+00   4.7995E+00  -4.5724E+00
  -4.8673E+00   4.5325E+00  -4.0357E+00   3.8223E+00  -2.4779E+00   1.7589E+00
  -2.2684E+00   2.0860E+00  -2.3018E-01   2.0507E-01  -7.6241E-01   6.7579E-01
   2.9581E+00  -2.8073E+00   5.0213E+00  -4.7821E+00  -4.9728E+00   4.4234E+00
   1.8390E+00  -1.7685E+00  -3.5960E+00   3.3175E+00   2.0677E+00  -1.9758E+00
   4.7974E+00  -4.5733E+00  -2.0680E+00   1.9722E+00   1.6088E+00  -1.5641E+00
  -2.1981E+00   2.0544E+00  -9.9632E-01   8.7849E-01  -2.3099E-01   2.0289E-01
  -9.9487E-01   8.7942E-01  -4.1507E+00   3.8060E+00  -1.9732E+00   1.8450E+00
   2.0684E+00  -1.9739E+00   1.8402E+00  -1.7690E+00  -7.6145E-01   6.7452E-01
  -4.7984E+00   4.4966E+00   1.6073E+00  -1.5626E+00   2.1973E+00  -2.1241E+00
  -3.5982E+00   3.3221E+00  -2.8319E+00   2.6473E+00
  > E    =  -1.299158968062E+03 +/-   4.206996679263E-04
  > varE =   1.776112090946E-02
* Computing derivatives.
    [walltime: 2m4s elapsed, 1h39m remaining]
    [walltime: 1h1m elapsed, 40m36s remaining]
  Done. [total walltime: 1h42m]
* Optimizing manipulation constant:
  #igrid a___________ E____________________________________ varE____________
     1     Infinity    -1.29915897E+03 +/-   4.20699668E-04   1.77611209E-02
     2     1.0000E+06  -1.29915897E+03 +/-   4.20699660E-04   1.77611202E-02
     3     2.1544E+05  -1.29915897E+03 +/-   4.20699632E-04   1.77611178E-02
     4     4.6416E+04  -1.29915897E+03 +/-   4.20699499E-04   1.77611067E-02
     5     1.0000E+04  -1.29915897E+03 +/-   4.20698885E-04   1.77610548E-02
     6     2.1544E+03  -1.29915897E+03 +/-   4.20696041E-04   1.77608147E-02
     7     4.6416E+02  -1.29915897E+03 +/-   4.20683006E-04   1.77597141E-02
     8     1.0000E+02  -1.29915898E+03 +/-   4.20627467E-04   1.77550251E-02
     9     2.1544E+01  -1.29915890E+03 +/-   4.21069771E-04   1.77923847E-02
    10     4.6416E+00  -1.29914256E+03 +/-   5.53340683E-04   3.07263686E-02
    11     1.0000E+00  -1.29609974E+03 +/-   1.14096706E-02   1.30638819E+01
    12     2.1544E-01 (error)
    13     4.6416E-02   2.15337564E+03 +/-   7.24173545E+03   5.26273308E+12
    14     1.0000E-02   9.34436708E+03 +/-   3.65435459E+04   1.34013147E+14
    15     2.1544E-03   1.20772477E+04 +/-   5.15960844E+04   2.67152671E+14
    16     4.6416E-04   1.27423872E+04 +/-   5.55694049E+04   3.09882837E+14
    17     1.0000E-04   1.28894799E+04 +/-   5.64644006E+04   3.19945110E+14
    18     2.1544E-05   1.29213484E+04 +/-   5.66590855E+04   3.22155205E+14
    19     4.6416E-06   1.29282228E+04 +/-   5.67011172E+04   3.22633355E+14
    20     1.0000E-06   1.29297041E+04 +/-   5.67101767E+04   3.22736461E+14
    21     0.0000E+00   1.29301111E+04 +/-   5.67126655E+04   3.22764790E+14
  ParMin   1.9013E+02  -1.29915897E+03 +/-   4.20659859E-04   1.77577597E-02
  # Using grid point #8
* Iteration # 1: E =  -1.299158976702E+03 +/-   4.206274674668E-04
* Convergence: exiting.
* After optimization:
  -1.4123E+01  -1.4120E+01  -1.4125E+01  -1.4121E+01  -1.4104E+01  -1.4102E+01
  -1.4101E+01  -1.4108E+01  -1.4098E+01   1.5245E+00   1.5287E+00   1.9019E+00
   1.4652E+00   1.1679E+00   1.4061E+00   1.3828E+00   1.1960E+00   1.1854E+00
   1.0971E+00   1.0900E+00   1.4325E+00   1.4247E+00   1.3342E+00   1.3269E+00
   1.1402E+00   1.1309E+00   1.4673E+00   1.4581E+00   1.3595E+00   1.3518E+00
   7.6366E-01   9.4166E-02   4.9345E-01   8.3508E-01   5.4716E-01   5.4905E-01
   7.0231E-01   7.0057E-01   1.0277E+00   8.2940E-01   8.2577E-01   1.0340E+00
   1.0321E+00   1.1667E+00   1.1660E+00   9.2068E-01   9.2132E-01   9.6746E-01
   9.6832E-01   7.9769E-01   7.9689E-01   9.0128E-01   9.0019E-01   6.7131E-01
   6.6898E-01   8.7560E-01   8.7399E-01   9.8862E-01   9.8679E-01   1.3047E+00
   1.3005E+00   9.5126E-01   9.5093E-01   6.8211E-01   6.8019E-01   1.1205E+00
   1.1221E+00   1.0604E+00   1.0604E+00   8.2941E-01   8.2657E-01   6.7295E-01
   3.4762E-01   3.4742E-01   2.0975E-01   2.0910E-01   5.4103E-01   5.4053E-01
   6.7194E-01   6.7236E-01   1.2698E+00   1.2695E+00   2.4883E-01   2.4835E-01
   6.2186E-01   6.2134E-01   1.9100E-01   1.9010E-01   5.3677E-01   5.3620E-01
   6.4963E-01   6.4731E-01   6.7789E-01   6.8050E-01   3.4042E-01   3.4103E-01
   7.7471E-01   7.7642E-01   7.2293E-01   7.2351E-01   5.4772E-01   5.4825E-01
   4.8882E-01   4.8802E-01   2.9291E-01   2.9232E-01   5.4110E-01   6.0650E-02
   6.1223E-02   3.3169E-01   3.3125E-01   7.5157E-01   7.4893E-01   4.0370E-01
   4.0477E-01   1.0863E-01   1.0818E-01   2.0287E-01   2.0410E-01   6.4417E-01
   6.4292E-01   5.7325E-01   5.2158E-01   5.2033E-01   8.6992E-02   8.6839E-02
   3.7627E-01   3.7690E-01   4.6407E-01   4.6414E-01   4.4277E-01   4.4307E-01
   2.2202E-01   2.2046E-01   2.4846E-01   2.4799E-01   4.1069E-01   4.1121E-01
   5.8124E-01   5.8332E-01   6.7659E-02   6.6424E-02   5.3606E-01   5.3469E-01
   4.1916E-01   4.1984E-01   4.3077E-01   4.2962E-01   7.4837E-01   7.5225E-01
   7.7403E-01   7.7026E-01   1.8580E-01   1.8739E-01   2.6194E-01   2.6182E-01
  -1.0715E-02  -1.0841E-02  -3.5554E-01   1.9340E-01   1.9233E-01   4.0531E-01
   4.0409E-01   3.5701E-01   2.5598E-01   2.5584E-01   1.2078E-01   1.2192E-01
   1.7245E-01   1.7203E-01   2.6057E-01   2.5957E-01   2.6284E-01   2.6314E-01
   3.0238E-01   3.0227E-01   2.1267E-01   2.1210E-01   3.5404E-01   4.1499E-01
   4.1387E-01   2.6747E-01   2.6661E-01  -1.5539E-01  -1.5536E-01   1.5655E-01
   1.5640E-01   4.0874E-01   4.0959E-01   2.9048E-01   2.8965E-01   4.1922E-01
   4.2001E-01   1.8499E-01   1.8490E-01   1.2455E-01   1.2431E-01   1.7420E-01
   1.7387E-01   2.7524E-01   2.7538E-01   2.2146E-01   2.2106E-01   9.9676E-02
   3.2841E-01   3.2864E-01  -4.4659E-03  -4.4097E-03   1.7982E-01   1.7970E-01
   1.8755E-01   1.8739E-01   1.7818E-01   1.7793E-01  -2.3910E-01  -2.3879E-01
   3.0854E-01   3.0838E-01  -9.0925E-04  -1.0989E-03   3.3362E-01   3.3354E-01
   1.6691E-01   1.6654E-01  -3.6918E-01   2.9957E-01   2.9978E-01   1.4284E-01
   1.4317E-01   1.8450E-01   1.8454E-01  -7.7638E-02  -7.8389E-02   1.8345E-01
   1.8352E-01  -2.3278E-01  -2.3241E-01   3.3228E-01   3.3209E-01   2.1973E-01
   2.1947E-01   7.2724E-01   7.2548E-01   1.8222E-01   1.8253E-01   2.5674E-02
   2.5798E-02   8.0558E-02   8.1025E-02  -1.5048E-01  -1.5025E-01  -2.4495E-01
  -2.4539E-01   5.4778E-01   5.4649E-01  -7.5939E-02  -7.6258E-02   2.6847E-01
  -9.7248E-02  -2.3011E-01  -2.2970E-01   9.9375E-02  -4.8041E-02   1.4443E-01
   1.4478E-01   1.0959E-01   1.0967E-01   2.6011E-02   2.6092E-02   1.1011E-01
   1.1009E-01   3.3101E-01   3.3095E-01   1.2774E-01   1.2772E-01  -9.9361E-02
  -7.5107E-02  -7.4954E-02   8.1136E-02   8.1506E-02   2.9898E-01   2.9911E-01
  -4.8650E-02  -7.5940E-02  -7.6809E-02   2.6875E-01   1.8339E-01   1.8329E-01
  -1.4144E+00   2.8730E-02  -4.0889E+00   2.3246E+00  -6.6011E+00   5.1742E+00
  -3.1420E+00   2.0135E+00  -6.6452E+00   5.2734E+00  -2.7313E+00   1.3955E+00
  -4.9827E-01  -5.9833E-01   5.1092E-01  -1.5150E+00  -5.6566E+00   4.3159E+00
  -3.9204E+00   2.6734E+00   4.3758E-01  -1.4900E+00  -8.7961E-01  -5.0969E-01
  -2.5234E+00   1.2405E+00  -4.5094E+00   3.7413E+00   7.7467E+00  -7.8419E+00
   1.7938E+00  -2.2899E+00   1.2368E+00  -2.0860E+00   4.6994E+00  -5.2725E+00
   1.5516E+00  -2.2810E+00  -4.5719E+00   3.5174E+00   1.4685E+00  -2.3168E+00
  -7.2369E-01  -3.2014E-01  -3.2504E+00   2.0915E+00  -4.4515E+00   3.5325E+00
  -6.4190E+00   5.4537E+00  -4.6766E+00   3.8833E+00  -2.3667E+00   1.4552E+00
   5.8924E-01  -1.2737E+00  -3.7806E+00   2.8914E+00  -5.5285E+00   4.5289E+00
  -3.3398E+00   1.9938E+00  -4.7580E+00   3.7773E+00   6.1807E-01  -1.3159E+00
  -6.5003E+00   5.3496E+00  -4.5268E+00   3.4359E+00  -4.2233E-01  -4.2671E-01
  -4.4164E+00   3.7512E+00   1.7019E+00  -2.0481E+00   4.8472E+00  -5.0554E+00
   1.6009E+00  -2.1401E+00  -5.3209E+00   4.6487E+00  -1.4220E+00   1.0740E-01
   2.7503E+00  -2.9996E+00  -5.3341E+00   4.7104E+00   2.5371E+00  -2.7290E+00
  -2.2105E+00   1.6741E+00  -2.4445E+00   1.7945E+00  -9.3999E-01   2.5815E-01
   2.7047E+00  -3.0410E+00  -5.3663E+00   4.5966E+00  -5.3701E+00   4.6549E+00
  -4.3079E+00   3.7614E+00  -4.4819E+00   3.9938E+00   2.4956E+00  -2.7838E+00
  -6.2381E+00   5.6981E+00   4.7125E+00  -4.7729E+00  -1.1601E+00   8.2769E-01
  -4.9786E+00   4.2300E+00  -3.2869E+00   2.8854E+00   1.8383E+00  -1.9480E+00
   2.1526E+00  -2.3568E+00  -2.2553E+00   1.6159E+00  -6.2547E+00   5.6799E+00
  -4.4984E+00   3.9777E+00   9.0092E-01  -9.8831E-01  -3.2723E+00   2.8971E+00
  -5.2103E+00   4.7469E+00  -5.2007E+00   4.7585E+00  -3.5409E-01   1.3381E-01
  -2.4664E+00   2.2176E+00  -6.1368E+00   5.7277E+00  -4.3263E+00   3.7401E+00
   9.1223E-01  -9.7864E-01  -4.9151E+00   4.3802E+00  -6.1414E+00   5.7203E+00
  -2.3751E+00   1.9469E+00  -9.8272E-01   2.3855E-01  -4.9909E+00   4.2189E+00
   2.1666E+00  -2.3540E+00  -3.2099E+00   2.9513E+00   9.9185E-01  -9.7975E-01
   8.0422E+00  -7.6838E+00  -3.4277E-01   1.4978E-01  -2.3627E+00   1.9591E+00
  -6.0682E+00   5.7096E+00  -4.1638E+00   3.9064E+00   4.6846E+00  -4.8067E+00
  -2.0246E+00   1.8524E+00  -2.4718E+00   2.2132E+00  -4.1634E+00   3.9023E+00
  -3.1062E+00   2.8056E+00  -1.0914E+00   8.7868E-01  -6.0675E+00   5.7118E+00
  -1.1939E+00   7.7702E-01  -1.3479E+00   1.0788E+00   2.9598E+00  -2.8055E+00
  -5.4879E-01   3.9162E-01  -3.9070E+00   3.4955E+00  -1.3593E+00   1.0679E+00
  -3.9145E+00   3.4928E+00  -2.0304E+00   1.8467E+00  -1.9601E+00   1.8355E+00
   1.8140E+00  -1.9872E+00  -3.2169E+00   2.9413E+00  -4.1039E+00   3.8840E+00
  -2.1442E+00   2.0450E+00  -3.8614E+00   3.5330E+00   9.8538E-01  -9.8452E-01
  -2.2523E+00   2.0723E+00  -1.0806E+00   8.9129E-01  -1.3020E+00   1.1206E+00
   5.0978E+00  -4.8602E+00  -3.1130E+00   2.8055E+00   4.8182E-04   3.7666E-04
  -4.8187E+00   4.4836E+00  -5.5479E-01   3.8575E-01   8.0499E+00  -7.6795E+00
  -4.7595E+00   4.4613E+00  -2.1942E+00   2.0495E+00  -1.3029E+00   1.1194E+00
   2.3023E+00  -2.2256E+00  -2.8039E+00   2.6202E+00   4.8693E+00  -4.6381E+00
  -4.8171E+00   4.4850E+00  -4.1007E+00   3.8834E+00  -2.4758E+00   1.7546E+00
  -2.2534E+00   2.0716E+00  -2.3858E-01   2.1302E-01  -6.5906E-01   5.7843E-01
   2.9596E+00  -2.8088E+00   5.0995E+00  -4.8559E+00  -4.9231E+00   4.3754E+00
   1.9072E+00  -1.8327E+00  -3.4660E+00   3.1949E+00   2.1443E+00  -2.0479E+00
   4.8671E+00  -4.6391E+00  -2.1445E+00   2.0444E+00   1.6686E+00  -1.6204E+00
  -2.1949E+00   2.0513E+00  -9.0141E-01   7.8908E-01  -2.3942E-01   2.1083E-01
  -8.9994E-01   7.8997E-01  -3.8616E+00   3.5331E+00  -1.9616E+00   1.8340E+00
   2.1450E+00  -2.0461E+00   1.9083E+00  -1.8332E+00  -6.5813E-01   5.7718E-01
  -4.7600E+00   4.4605E+00   1.6671E+00  -1.6189E+00   2.3021E+00  -2.2231E+00
  -3.4681E+00   3.1996E+00  -2.8052E+00   2.6221E+00
  > Energy =  -1.299158976702E+03 +/-   4.206274674668E-04
  > varE =   1.775502510692E-02

VMC #2:
* Size of Hilbert space =   5.4457E+18
* Number of equil. steps   = 1000
* Running VMC equilibration.
  Done. [total walltime: 0.03s]
* Equil. acc.ratio (%)     =  11.0119
* Sample config after equilibration:
  [draw: system geometry not defined]
* Number of accum. steps   = 501760 x 10
* Running VMC accumulation.
    [walltime: 1m elapsed, 17.8s remaining]
  Done. [total walltime: 1m17s]
* Acceptance ratio (%)     =  10.9693
* Etot/t                   =  -1.299159498897E+03 +/-   1.832976406173E-04
  > Ttot/t                 =  -1.396106854287E+02 +/-   1.177913629020E-03
  > Utot/t                 =   6.245653541095E+01 +/-   1.168155245644E-03
* var[Eloc/t]              =   1.718880263666E-02 +/-   6.909989936695E-05
* Correlation length       =   9.807631984836E-01
* log10 Psi^2 range: -111.11312664483100 -- -97.851800368761488
* log10 Pgen range : -111.11312664483100 -- -97.851800368761488
* Site occupation (ave. no. electrons per config.):
  > Site_  ___eu____  ___ed____
      1        0.498      0.499
      2        0.498      0.496
      3        0.497      0.498
      4        0.497      0.500
      5        0.495      0.494
      6        0.501      0.500
      7        0.501      0.507
      8        0.504      0.501
      9        0.507      0.501
     10        0.502      0.502
     11        0.501      0.498
     12        0.496      0.497
     13        0.498      0.497
     14        0.496      0.500
     15        0.499      0.501
     16        0.504      0.502
     17        0.505      0.503
     18        0.506      0.500
     19        0.502      0.504
     20        0.500      0.498
     21        0.496      0.498
     22        0.500      0.501
     23        0.497      0.495
     24        0.506      0.500
     25        0.502      0.504
     26        0.503      0.503
     27        0.502      0.503
     28        0.505      0.501
     29        0.500      0.503
     30        0.498      0.499
     31        0.500      0.494
     32        0.492      0.498
     33        0.496      0.499
     34        0.498      0.502
* Pair-correlation analysis (ave. no. pairs per config.):
  > Shell  nsite  ___dh____  __eueu___  __eued___
      0      1        0          0          6.124
      1      0        0.969      0.472      2.578
      2      0        0.227      0.797      1.041
      3      0        0.268      0.751      1.038
      4      0        0.138      0.368      0.516
      5      0        0.275      0.744      1.036
      6      0        0.250      0.762      1.028
      7      0        0.815      0.789      2.428
      8      0        0.755      0.965      2.333
      9      0        0.692      1.102      2.277
     10      0        0.637      1.221      2.215
     11      0        0.587      1.337      2.165
     12      0        0.447      1.588      2.054
     13      0        0.521      1.474      2.120
     14      0        0.156      0.819      1.148
     15      0        0.158      0.823      1.134
     16      0        0.153      0.846      1.119
     17      0        0.149      0.868      1.070
     18      0        0.244      2.093      1.940
     19      0        0.246      2.101      1.934
     20      0        0.120      1.051      0.974
     21      0        0.235      2.079      1.931
     22      0        0.248      2.023      1.960
     23      0        0.275      1.925      2.026
     24      0        0.305      1.904      2.025
     25      0        0.326      1.895      2.031
     26      0        0.325      1.895      2.025
     27      0        0.258      2.067      1.958
     28      0        0.262      2.082      1.942
     29      0        0.264      2.086      1.931
     30      0        0.260      2.106      1.929
     31      0        0.242      2.085      1.934
     32      0        0.298      2.051      1.928
     33      0        0.257      2.108      1.923
     34      0        0.293      2.061      1.933
     35      0        0.281      2.055      1.927
     36      0        0.247      2.106      1.914
     37      0        0.119      0.984      1.042
     38      0        0.243      1.957      2.081
     39      0        0.237      1.972      2.072
     40      0        0.236      1.975      2.035
     41      0        0.267      2.048      1.967
     42      0        0.223      2.111      1.929
     43      0        0.260      2.034      1.953
     44      0        0.268      2.033      1.977
     45      0        0.269      2.024      1.971
     46      0        0.267      2.026      1.984
     47      0        0.262      2.006      1.974
     48      0        0.234      2.054      1.987
     49      0        0.282      1.865      2.085
     50      0        0.284      1.898      2.083
     51      0        0.281      1.927      2.059
     52      0        0.297      1.947      1.999
     53      0        0.307      1.948      2.004
     54      0        0.283      1.932      2.037
     55      0        0.154      0.978      1.000
     56      0        0.237      1.993      2.016
     57      0        0.237      2.008      2.044
     58      0        0.265      1.976      2.021
     59      0        0.263      1.967      2.024
     60      0        0.242      2.007      2.033
     61      0        0.243      1.976      2.044
     62      0        0.273      1.958      2.037
     63      0        0.153      1.000      0.982
     64      0        0.301      2.003      1.958
     65      0        0.271      1.985      2.012
     66      0        0.260      2.014      1.980
     67      0        0.270      1.983      2.020
     68      0        0.267      2.019      1.995
     69      0        0.266      1.989      2.008
     70      0        0.293      1.962      1.983
     71      0        0.306      1.972      1.993
     72      0        0.293      2.002      1.952
     73      0        0.272      2.007      1.993
     74      0        0.269      1.988      2.003
     75      0        0.301      1.992      1.975
     76      0        0.265      1.979      1.996
     77      0        0.262      1.852      2.133
     78      0        0.262      2.023      1.984
     79      0        0.238      2.028      2.000
     80      0        0.260      2.003      1.991
     81      0        0.268      2.006      1.997
     82      0        0.121      1.014      1.002
     83      0        0.272      2.005      1.983
     84      0        0.266      1.991      1.984
     85      0        0.148      0.999      0.988
     86      0        0.294      1.967      1.985
     87      0        0.238      2.023      1.984
     88      0        0.267      2.009      1.999
     89      0        0.294      1.976      1.966
     90      0        0.295      1.977      1.972
     91      0        0.267      1.991      1.996
     92      0        0.237      2.024      2.025
     93      0        0.150      0.989      0.995
     94      0        0.238      2.049      1.999
     95      0        0.234      2.011      2.010
     96      0        0.258      1.993      1.998
     97      0        0.267      1.984      1.979
     98      0        0.237      2.019      2.016
     99      0        0.236      2.012      2.002
    100      0        0.235      2.010      2.029
    101      0        0.271      1.999      2.003
    102      0        0.267      2.002      2.006
    103      0        0.238      2.040      2.007
    104      0        0.260      1.995      1.998
    105      0        0.291      1.978      1.978
    106      0        0.141      0.985      0.985
    107      0        0.234      2.022      2.018
    108      0        0.270      1.989      2.011
    109      0        0.264      1.990      1.985
    110      0        0.234      2.020      2.034
    111      0        0.235      2.006      2.012
    112      0        0.235      2.025      2.020
    113      0        0.269      1.993      1.988
    114      0        0.257      1.994      1.997
    115      0        0.265      1.999      1.998
    116      0        0.264      1.979      1.988
    117      0        0.120      1.006      1.011
    118      0        0.262      2.006      1.997
    119      0        0.264      1.990      1.986
    120      0        0.235      2.011      2.009
    121      0        0.235      2.019      2.015
    122      0        0.256      1.995      1.988
    123      0        0.236      2.004      2.007
    124      0        0.270      1.993      1.997
    125      0        0.288      1.981      1.977
    126      0        0.266      1.965      2.009
    127      0        0.266      1.986      1.987
    128      0        0.255      1.981      1.981
    129      0        0.235      2.018      2.019
    130      0        0.261      1.993      1.993
    131      0        0.238      2.025      2.017
    132      0        0.267      2.008      1.987
    133      0        0.231      2.011      2.010
    134      0        0.116      1.009      1.004
    135      0        0.115      1.015      1.012
    136      0        0.236      2.011      1.999
    137      0        0.139      0.989      0.984
    138      0        0.115      0.999      0.995
    139      0        0.263      1.985      1.993
    140      0        0.231      2.000      2.007
    141      0        0.253      1.981      1.986
    142      0        0.233      2.000      2.004
    143      0        0.236      2.021      2.019
    144      0        0.266      2.000      2.006
    145      0        0.116      1.013      1.014
    146      0        0.234      2.008      2.006
    147      0        0.233      2.020      2.019
    148      0        0.264      1.997      2.001
    149      0        0.116      0.997      0.994
    150      0        0.238      2.006      2.023
    151      0        0.116      1.007      1.007
    152      0        0.255      1.990      1.995
    153      0        0.256      1.994      1.999

Optimization #2:
* Method          : lls
* Target function : energy
* No. of configs. : 100352
* No. of params.  : 592
* Before optimization:
  -1.4123E+01  -1.4120E+01  -1.4125E+01  -1.4121E+01  -1.4104E+01  -1.4102E+01
  -1.4101E+01  -1.4108E+01  -1.4098E+01   1.5245E+00   1.5287E+00   1.9019E+00
   1.4652E+00   1.1679E+00   1.4061E+00   1.3828E+00   1.1960E+00   1.1854E+00
   1.0971E+00   1.0900E+00   1.4325E+00   1.4247E+00   1.3342E+00   1.3269E+00
   1.1402E+00   1.1309E+00   1.4673E+00   1.4581E+00   1.3595E+00   1.3518E+00
   7.6366E-01   9.4166E-02   4.9345E-01   8.3508E-01   5.4716E-01   5.4905E-01
   7.0231E-01   7.0057E-01   1.0277E+00   8.2940E-01   8.2577E-01   1.0340E+00
   1.0321E+00   1.1667E+00   1.1660E+00   9.2068E-01   9.2132E-01   9.6746E-01
   9.6832E-01   7.9769E-01   7.9689E-01   9.0128E-01   9.0019E-01   6.7131E-01
   6.6898E-01   8.7560E-01   8.7399E-01   9.8862E-01   9.8679E-01   1.3047E+00
   1.3005E+00   9.5126E-01   9.5093E-01   6.8211E-01   6.8019E-01   1.1205E+00
   1.1221E+00   1.0604E+00   1.0604E+00   8.2941E-01   8.2657E-01   6.7295E-01
   3.4762E-01   3.4742E-01   2.0975E-01   2.0910E-01   5.4103E-01   5.4053E-01
   6.7194E-01   6.7236E-01   1.2698E+00   1.2695E+00   2.4883E-01   2.4835E-01
   6.2186E-01   6.2134E-01   1.9100E-01   1.9010E-01   5.3677E-01   5.3620E-01
   6.4963E-01   6.4731E-01   6.7789E-01   6.8050E-01   3.4042E-01   3.4103E-01
   7.7471E-01   7.7642E-01   7.2293E-01   7.2351E-01   5.4772E-01   5.4825E-01
   4.8882E-01   4.8802E-01   2.9291E-01   2.9232E-01   5.4110E-01   6.0650E-02
   6.1223E-02   3.3169E-01   3.3125E-01   7.5157E-01   7.4893E-01   4.0370E-01
   4.0477E-01   1.0863E-01   1.0818E-01   2.0287E-01   2.0410E-01   6.4417E-01
   6.4292E-01   5.7325E-01   5.2158E-01   5.2033E-01   8.6992E-02   8.6839E-02
   3.7627E-01   3.7690E-01   4.6407E-01   4.6414E-01   4.4277E-01   4.4307E-01
   2.2202E-01   2.2046E-01   2.4846E-01   2.4799E-01   4.1069E-01   4.1121E-01
   5.8124E-01   5.8332E-01   6.7659E-02   6.6424E-02   5.3606E-01   5.3469E-01
   4.1916E-01   4.1984E-01   4.3077E-01   4.2962E-01   7.4837E-01   7.5225E-01
   7.7403E-01   7.7026E-01   1.8580E-01   1.8739E-01   2.6194E-01   2.6182E-01
  -1.0715E-02  -1.0841E-02  -3.5554E-01   1.9340E-01   1.9233E-01   4.0531E-01
   4.0409E-01   3.5701E-01   2.5598E-01   2.5584E-01   1.2078E-01   1.2192E-01
   1.7245E-01   1.7203E-01   2.6057E-01   2.5957E-01   2.6284E-01   2.6314E-01
   3.0238E-01   3.0227E-01   2.1267E-01   2.1210E-01   3.5404E-01   4.1499E-01
   4.1387E-01   2.6747E-01   2.6661E-01  -1.5539E-01  -1.5536E-01   1.5655E-01
   1.5640E-01   4.0874E-01   4.0959E-01   2.9048E-01   2.8965E-01   4.1922E-01
   4.2001E-01   1.8499E-01   1.8490E-01   1.2455E-01   1.2431E-01   1.7420E-01
   1.7387E-01   2.7524E-01   2.7538E-01   2.2146E-01   2.2106E-01   9.9676E-02
   3.2841E-01   3.2864E-01  -4.4659E-03  -4.4097E-03   1.7982E-01   1.7970E-01
   1.8755E-01   1.8739E-01   1.7818E-01   1.7793E-01  -2.3910E-01  -2.3879E-01
   3.0854E-01   3.0838E-01  -9.0925E-04  -1.0989E-03   3.3362E-01   3.3354E-01
   1.6691E-01   1.6654E-01  -3.6918E-01   2.9957E-01   2.9978E-01   1.4284E-01
   1.4317E-01   1.8450E-01   1.8454E-01  -7.7638E-02  -7.8389E-02   1.8345E-01
   1.8352E-01  -2.3278E-01  -2.3241E-01   3.3228E-01   3.3209E-01   2.1973E-01
   2.1947E-01   7.2724E-01   7.2548E-01   1.8222E-01   1.8253E-01   2.5674E-02
   2.5798E-02   8.0558E-02   8.1025E-02  -1.5048E-01  -1.5025E-01  -2.4495E-01
  -2.4539E-01   5.4778E-01   5.4649E-01  -7.5939E-02  -7.6258E-02   2.6847E-01
  -9.7248E-02  -2.3011E-01  -2.2970E-01   9.9375E-02  -4.8041E-02   1.4443E-01
   1.4478E-01   1.0959E-01   1.0967E-01   2.6011E-02   2.6092E-02   1.1011E-01
   1.1009E-01   3.3101E-01   3.3095E-01   1.2774E-01   1.2772E-01  -9.9361E-02
  -7.5107E-02  -7.4954E-02   8.1136E-02   8.1506E-02   2.9898E-01   2.9911E-01
  -4.8650E-02  -7.5940E-02  -7.6809E-02   2.6875E-01   1.8339E-01   1.8329E-01
  -1.4144E+00   2.8730E-02  -4.0889E+00   2.3246E+00  -6.6011E+00   5.1742E+00
  -3.1420E+00   2.0135E+00  -6.6452E+00   5.2734E+00  -2.7313E+00   1.3955E+00
  -4.9827E-01  -5.9833E-01   5.1092E-01  -1.5150E+00  -5.6566E+00   4.3159E+00
  -3.9204E+00   2.6734E+00   4.3758E-01  -1.4900E+00  -8.7961E-01  -5.0969E-01
  -2.5234E+00   1.2405E+00  -4.5094E+00   3.7413E+00   7.7467E+00  -7.8419E+00
   1.7938E+00  -2.2899E+00   1.2368E+00  -2.0860E+00   4.6994E+00  -5.2725E+00
   1.5516E+00  -2.2810E+00  -4.5719E+00   3.5174E+00   1.4685E+00  -2.3168E+00
  -7.2369E-01  -3.2014E-01  -3.2504E+00   2.0915E+00  -4.4515E+00   3.5325E+00
  -6.4190E+00   5.4537E+00  -4.6766E+00   3.8833E+00  -2.3667E+00   1.4552E+00
   5.8924E-01  -1.2737E+00  -3.7806E+00   2.8914E+00  -5.5285E+00   4.5289E+00
  -3.3398E+00   1.9938E+00  -4.7580E+00   3.7773E+00   6.1807E-01  -1.3159E+00
  -6.5003E+00   5.3496E+00  -4.5268E+00   3.4359E+00  -4.2233E-01  -4.2671E-01
  -4.4164E+00   3.7512E+00   1.7019E+00  -2.0481E+00   4.8472E+00  -5.0554E+00
   1.6009E+00  -2.1401E+00  -5.3209E+00   4.6487E+00  -1.4220E+00   1.0740E-01
   2.7503E+00  -2.9996E+00  -5.3341E+00   4.7104E+00   2.5371E+00  -2.7290E+00
  -2.2105E+00   1.6741E+00  -2.4445E+00   1.7945E+00  -9.3999E-01   2.5815E-01
   2.7047E+00  -3.0410E+00  -5.3663E+00   4.5966E+00  -5.3701E+00   4.6549E+00
  -4.3079E+00   3.7614E+00  -4.4819E+00   3.9938E+00   2.4956E+00  -2.7838E+00
  -6.2381E+00   5.6981E+00   4.7125E+00  -4.7729E+00  -1.1601E+00   8.2769E-01
  -4.9786E+00   4.2300E+00  -3.2869E+00   2.8854E+00   1.8383E+00  -1.9480E+00
   2.1526E+00  -2.3568E+00  -2.2553E+00   1.6159E+00  -6.2547E+00   5.6799E+00
  -4.4984E+00   3.9777E+00   9.0092E-01  -9.8831E-01  -3.2723E+00   2.8971E+00
  -5.2103E+00   4.7469E+00  -5.2007E+00   4.7585E+00  -3.5409E-01   1.3381E-01
  -2.4664E+00   2.2176E+00  -6.1368E+00   5.7277E+00  -4.3263E+00   3.7401E+00
   9.1223E-01  -9.7864E-01  -4.9151E+00   4.3802E+00  -6.1414E+00   5.7203E+00
  -2.3751E+00   1.9469E+00  -9.8272E-01   2.3855E-01  -4.9909E+00   4.2189E+00
   2.1666E+00  -2.3540E+00  -3.2099E+00   2.9513E+00   9.9185E-01  -9.7975E-01
   8.0422E+00  -7.6838E+00  -3.4277E-01   1.4978E-01  -2.3627E+00   1.9591E+00
  -6.0682E+00   5.7096E+00  -4.1638E+00   3.9064E+00   4.6846E+00  -4.8067E+00
  -2.0246E+00   1.8524E+00  -2.4718E+00   2.2132E+00  -4.1634E+00   3.9023E+00
  -3.1062E+00   2.8056E+00  -1.0914E+00   8.7868E-01  -6.0675E+00   5.7118E+00
  -1.1939E+00   7.7702E-01  -1.3479E+00   1.0788E+00   2.9598E+00  -2.8055E+00
  -5.4879E-01   3.9162E-01  -3.9070E+00   3.4955E+00  -1.3593E+00   1.0679E+00
  -3.9145E+00   3.4928E+00  -2.0304E+00   1.8467E+00  -1.9601E+00   1.8355E+00
   1.8140E+00  -1.9872E+00  -3.2169E+00   2.9413E+00  -4.1039E+00   3.8840E+00
  -2.1442E+00   2.0450E+00  -3.8614E+00   3.5330E+00   9.8538E-01  -9.8452E-01
  -2.2523E+00   2.0723E+00  -1.0806E+00   8.9129E-01  -1.3020E+00   1.1206E+00
   5.0978E+00  -4.8602E+00  -3.1130E+00   2.8055E+00   4.8182E-04   3.7666E-04
  -4.8187E+00   4.4836E+00  -5.5479E-01   3.8575E-01   8.0499E+00  -7.6795E+00
  -4.7595E+00   4.4613E+00  -2.1942E+00   2.0495E+00  -1.3029E+00   1.1194E+00
   2.3023E+00  -2.2256E+00  -2.8039E+00   2.6202E+00   4.8693E+00  -4.6381E+00
  -4.8171E+00   4.4850E+00  -4.1007E+00   3.8834E+00  -2.4758E+00   1.7546E+00
  -2.2534E+00   2.0716E+00  -2.3858E-01   2.1302E-01  -6.5906E-01   5.7843E-01
   2.9596E+00  -2.8088E+00   5.0995E+00  -4.8559E+00  -4.9231E+00   4.3754E+00
   1.9072E+00  -1.8327E+00  -3.4660E+00   3.1949E+00   2.1443E+00  -2.0479E+00
   4.8671E+00  -4.6391E+00  -2.1445E+00   2.0444E+00   1.6686E+00  -1.6204E+00
  -2.1949E+00   2.0513E+00  -9.0141E-01   7.8908E-01  -2.3942E-01   2.1083E-01
  -8.9994E-01   7.8997E-01  -3.8616E+00   3.5331E+00  -1.9616E+00   1.8340E+00
   2.1450E+00  -2.0461E+00   1.9083E+00  -1.8332E+00  -6.5813E-01   5.7718E-01
  -4.7600E+00   4.4605E+00   1.6671E+00  -1.6189E+00   2.3021E+00  -2.2231E+00
  -3.4681E+00   3.1996E+00  -2.8052E+00   2.6221E+00
  > E    =  -1.299159487291E+03 +/-   4.118935433272E-04
  > varE =   1.702534811791E-02
* Computing derivatives.
    [walltime: 2m16s elapsed, 1h49m remaining]
    [walltime: 1h1m elapsed, 50m8s remaining]
  Done. [total walltime: 1h50m]
* Optimizing manipulation constant:
  #igrid a___________ E____________________________________ varE____________
     1     Infinity    -1.29915949E+03 +/-   4.11893543E-04   1.70253481E-02
     2     1.0000E+06  -1.29915949E+03 +/-   4.11893537E-04   1.70253476E-02
     3     2.1544E+05  -1.29915949E+03 +/-   4.11893512E-04   1.70253455E-02
     4     4.6416E+04  -1.29915949E+03 +/-   4.11893397E-04   1.70253360E-02
     5     1.0000E+04  -1.29915949E+03 +/-   4.11892862E-04   1.70252918E-02
     6     2.1544E+03  -1.29915949E+03 +/-   4.11890357E-04   1.70250847E-02
     7     4.6416E+02  -1.29915949E+03 +/-   4.11878211E-04   1.70240807E-02
     8     1.0000E+02  -1.29915950E+03 +/-   4.11812133E-04   1.70186187E-02
     9     2.1544E+01  -1.29915948E+03 +/-   4.11910628E-04   1.70267605E-02
    10     4.6416E+00  -1.29914345E+03 +/-   5.52238174E-04   3.06040485E-02
    11     1.0000E+00  -1.29880017E+03 +/-   1.68215443E-03   2.83960388E-01
    12     2.1544E-01  -1.29851912E+03 +/-   2.07570714E-03   4.32372624E-01
    13     4.6416E-02 (error)
    14     1.0000E-02 (error)
    15     2.1544E-03 (error)
    16     4.6416E-04 (error)
    17     1.0000E-04 (error)
    18     2.1544E-05 (error)
    19     4.6416E-06 (error)
    20     1.0000E-06 (error)
    21     0.0000E+00 (error)
* Iteration # 1: E =  -1.299159498837E+03 +/-   4.118121326458E-04
* Diminishing returns: exiting.
* After optimization:
  -1.4082E+01  -1.4079E+01  -1.4085E+01  -1.4081E+01  -1.4063E+01  -1.4062E+01
  -1.4060E+01  -1.4068E+01  -1.4058E+01   1.5209E+00   1.5251E+00   1.8946E+00
   1.4638E+00   1.1447E+00   1.4062E+00   1.3956E+00   1.1983E+00   1.1877E+00
   1.0947E+00   1.0876E+00   1.4315E+00   1.4237E+00   1.3215E+00   1.3141E+00
   1.1386E+00   1.1293E+00   1.4737E+00   1.4646E+00   1.3547E+00   1.3470E+00
   7.6143E-01   9.0791E-02   4.8518E-01   8.3509E-01   5.4114E-01   5.4309E-01
   6.9939E-01   6.9766E-01   1.0254E+00   8.2543E-01   8.2174E-01   1.0404E+00
   1.0385E+00   1.1695E+00   1.1688E+00   9.2638E-01   9.2703E-01   9.6664E-01
   9.6752E-01   7.8611E-01   7.8528E-01   8.9643E-01   8.9530E-01   6.6967E-01
   6.6736E-01   8.6284E-01   8.6122E-01   9.8757E-01   9.8579E-01   1.3075E+00
   1.3033E+00   9.3971E-01   9.3933E-01   6.7965E-01   6.7776E-01   1.1197E+00
   1.1213E+00   1.0662E+00   1.0661E+00   8.3170E-01   8.2884E-01   6.7057E-01
   3.4464E-01   3.4443E-01   2.0373E-01   2.0312E-01   5.3690E-01   5.3638E-01
   6.6974E-01   6.7014E-01   1.2661E+00   1.2658E+00   2.5338E-01   2.5290E-01
   6.2062E-01   6.2013E-01   1.7744E-01   1.7651E-01   5.3233E-01   5.3173E-01
   6.4909E-01   6.4678E-01   6.7013E-01   6.7274E-01   3.4496E-01   3.4560E-01
   7.7249E-01   7.7421E-01   7.2178E-01   7.2234E-01   5.5374E-01   5.5426E-01
   4.7595E-01   4.7514E-01   2.7941E-01   2.7879E-01   5.4094E-01   5.8751E-02
   5.9387E-02   3.2575E-01   3.2530E-01   7.4739E-01   7.4474E-01   4.0818E-01
   4.0924E-01   1.0537E-01   1.0489E-01   1.9730E-01   1.9859E-01   6.3969E-01
   6.3844E-01   5.7311E-01   5.0873E-01   5.0749E-01   8.4840E-02   8.4685E-02
   3.8078E-01   3.8139E-01   4.6152E-01   4.6158E-01   4.4019E-01   4.4048E-01
   2.0534E-01   2.0379E-01   2.4214E-01   2.4165E-01   4.0908E-01   4.0960E-01
   5.8719E-01   5.8932E-01   6.5421E-02   6.4172E-02   5.3188E-01   5.3048E-01
   4.1757E-01   4.1825E-01   4.3031E-01   4.2909E-01   7.4065E-01   7.4457E-01
   7.6989E-01   7.6610E-01   1.8022E-01   1.8189E-01   2.6584E-01   2.6574E-01
  -1.4430E-02  -1.4545E-02  -3.5978E-01   1.7675E-01   1.7565E-01   4.0487E-01
   4.0360E-01   3.5403E-01   2.6083E-01   2.6069E-01   1.1902E-01   1.2015E-01
   1.6704E-01   1.6660E-01   2.5423E-01   2.5322E-01   2.6766E-01   2.6798E-01
   2.8588E-01   2.8575E-01   2.0626E-01   2.0565E-01   3.5106E-01   4.0905E-01
   4.0791E-01   2.6550E-01   2.6460E-01  -1.5247E-01  -1.5245E-01   1.4377E-01
   1.4358E-01   4.0301E-01   4.0391E-01   2.8854E-01   2.8767E-01   4.1352E-01
   4.1433E-01   1.7955E-01   1.7940E-01   1.1789E-01   1.1763E-01   1.7112E-01
   1.7077E-01   2.7907E-01   2.7924E-01   2.2510E-01   2.2469E-01   1.0996E-01
   3.2223E-01   3.2248E-01  -8.1124E-03  -8.0432E-03   1.7832E-01   1.7821E-01
   1.8116E-01   1.8099E-01   1.7568E-01   1.7546E-01  -2.4647E-01  -2.4613E-01
   2.9208E-01   2.9186E-01  -9.0838E-04  -1.0689E-03   3.2840E-01   3.2835E-01
   1.5415E-01   1.5377E-01  -3.7359E-01   2.9325E-01   2.9345E-01   1.4019E-01
   1.4051E-01   1.8205E-01   1.8207E-01  -8.4679E-02  -8.5440E-02   1.8384E-01
   1.8389E-01  -2.3615E-01  -2.3575E-01   3.2710E-01   3.2693E-01   2.2337E-01
   2.2308E-01   7.2685E-01   7.2507E-01   1.8074E-01   1.8099E-01   2.9759E-02
   2.9845E-02   7.0625E-02   7.1093E-02  -1.4753E-01  -1.4732E-01  -2.5235E-01
  -2.5279E-01   5.4355E-01   5.4224E-01  -8.2192E-02  -8.2543E-02   2.5902E-01
  -1.0753E-01  -2.3346E-01  -2.3302E-01   1.0969E-01  -5.0230E-02   1.4180E-01
   1.4217E-01   1.0380E-01   1.0387E-01   3.0067E-02   3.0163E-02   1.0426E-01
   1.0425E-01   3.2484E-01   3.2480E-01   1.2108E-01   1.2107E-01  -1.0966E-01
  -8.1343E-02  -8.1198E-02   7.1198E-02   7.1554E-02   2.9266E-01   2.9277E-01
  -5.0775E-02  -8.2990E-02  -8.3862E-02   2.5923E-01   1.8380E-01   1.8368E-01
  -1.3144E+00  -6.7684E-02  -3.9263E+00   2.1692E+00  -6.5488E+00   5.1233E+00
  -2.7241E+00   1.6186E+00  -6.6249E+00   5.2529E+00  -2.9093E+00   1.5607E+00
  -4.9935E-01  -5.9959E-01   5.7795E-01  -1.5795E+00  -5.6159E+00   4.2762E+00
  -3.6807E+00   2.4464E+00   4.8854E-01  -1.5394E+00  -9.4997E-01  -4.4582E-01
  -2.4093E+00   1.1313E+00  -4.4483E+00   3.6824E+00   7.8283E+00  -7.9202E+00
   1.9697E+00  -2.4576E+00   1.2742E+00  -2.1234E+00   4.8283E+00  -5.3953E+00
   1.6231E+00  -2.3495E+00  -4.5107E+00   3.4587E+00   1.5752E+00  -2.4193E+00
  -7.9402E-01  -2.5627E-01  -3.2581E+00   2.0965E+00  -4.5143E+00   3.5897E+00
  -6.3825E+00   5.4180E+00  -4.4574E+00   3.6755E+00  -2.2526E+00   1.3459E+00
   6.4027E-01  -1.3230E+00  -3.5410E+00   2.6645E+00  -5.4878E+00   4.4892E+00
  -3.3475E+00   1.9987E+00  -4.5388E+00   3.5695E+00   6.8510E-01  -1.3805E+00
  -6.4638E+00   5.3139E+00  -4.5897E+00   3.4930E+00  -4.2337E-01  -4.2792E-01
  -4.3553E+00   3.6924E+00   1.7734E+00  -2.1166E+00   4.9761E+00  -5.1783E+00
   1.7075E+00  -2.2426E+00  -5.2639E+00   4.5941E+00  -1.3220E+00   1.1075E-02
   2.7021E+00  -2.9561E+00  -5.2933E+00   4.6708E+00   2.7870E+00  -2.9655E+00
  -2.1122E+00   1.5802E+00  -2.3997E+00   1.7503E+00  -7.7068E-01   9.6608E-02
   2.6566E+00  -2.9975E+00  -5.3093E+00   4.5419E+00  -5.3294E+00   4.6153E+00
  -4.3865E+00   3.8340E+00  -4.2465E+00   3.7711E+00   2.7456E+00  -3.0202E+00
  -6.2176E+00   5.6777E+00   4.7721E+00  -4.8306E+00  -1.0413E+00   7.1481E-01
  -4.8712E+00   4.1267E+00  -3.3450E+00   2.9390E+00   1.9099E+00  -2.0162E+00
   2.2748E+00  -2.4736E+00  -2.1569E+00   1.5221E+00  -6.2342E+00   5.6595E+00
  -4.2629E+00   3.7550E+00   9.5220E-01  -1.0374E+00  -3.3304E+00   2.9507E+00
  -5.1533E+00   4.6924E+00  -5.1436E+00   4.7040E+00  -5.6621E-02  -1.4705E-01
  -2.3458E+00   2.1033E+00  -6.1000E+00   5.6925E+00  -4.4049E+00   3.8128E+00
   9.6350E-01  -1.0277E+00  -4.8232E+00   4.2926E+00  -6.1046E+00   5.6851E+00
  -2.3460E+00   1.9182E+00  -8.1343E-01   7.6960E-02  -4.8835E+00   4.1156E+00
   2.2889E+00  -2.4707E+00  -3.2677E+00   3.0052E+00   1.0594E+00  -1.0436E+00
   8.1241E+00  -7.7616E+00  -4.5224E-02  -1.3108E-01  -2.3335E+00   1.9303E+00
  -6.0151E+00   5.6596E+00  -4.2419E+00   3.9796E+00   4.7441E+00  -4.8645E+00
  -1.9258E+00   1.7590E+00  -2.3511E+00   2.0990E+00  -4.2414E+00   3.9755E+00
  -2.8154E+00   2.5311E+00  -9.7239E-01   7.6606E-01  -6.0144E+00   5.6616E+00
  -1.0750E+00   6.6417E-01  -1.2982E+00   1.0311E+00   2.9125E+00  -2.7610E+00
  -3.2031E-01   1.7606E-01  -3.7946E+00   3.3889E+00  -1.3096E+00   1.0202E+00
  -3.8022E+00   3.3861E+00  -1.9315E+00   1.7534E+00  -1.8451E+00   1.7271E+00
   1.8854E+00  -2.0556E+00  -3.2747E+00   2.9953E+00  -4.1658E+00   3.9422E+00
  -2.3211E+00   2.2116E+00  -3.7489E+00   3.4267E+00   1.0530E+00  -1.0484E+00
  -2.2226E+00   2.0441E+00  -9.6158E-01   7.7868E-01  -1.2520E+00   1.0732E+00
   5.2273E+00  -4.9822E+00  -2.8220E+00   2.5310E+00   4.6300E-04   3.3474E-04
  -4.7263E+00   4.3965E+00  -3.2637E-01   1.7012E-01   8.1320E+00  -7.7572E+00
  -4.6510E+00   4.3591E+00  -2.1484E+00   2.0064E+00  -1.2529E+00   1.0720E+00
   2.4253E+00  -2.3415E+00  -2.8104E+00   2.6264E+00   4.9296E+00  -4.6950E+00
  -4.7248E+00   4.3978E+00  -4.1626E+00   3.9416E+00  -2.4311E+00   1.7102E+00
  -2.2237E+00   2.0434E+00  -3.0775E-01   2.7813E-01  -4.8875E-01   4.1796E-01
   2.9122E+00  -2.7644E+00   5.2290E+00  -4.9780E+00  -4.8313E+00   4.2878E+00
   2.0149E+00  -1.9341E+00  -3.3022E+00   3.0407E+00   2.3212E+00  -2.2144E+00
   4.9275E+00  -4.6960E+00  -2.3213E+00   2.2110E+00   1.7071E+00  -1.6566E+00
  -2.1490E+00   2.0082E+00  -8.0029E-01   6.9376E-01  -3.0857E-01   2.7598E-01
  -7.9872E-01   6.9468E-01  -3.7491E+00   3.4267E+00  -1.8466E+00   1.7256E+00
   2.3219E+00  -2.2126E+00   2.0160E+00  -1.9347E+00  -4.8779E-01   4.1678E-01
  -4.6514E+00   4.3583E+00   1.7055E+00  -1.6553E+00   2.4251E+00  -2.3390E+00
  -3.3043E+00   3.0453E+00  -2.8117E+00   2.6282E+00
  > Energy =  -1.299159498837E+03 +/-   4.118121326458E-04
  > varE =   1.701861866930E-02

VMC #3:
* Size of Hilbert space =   5.4457E+18
* Number of equil. steps   = 1000
* Running VMC equilibration.
  Done. [total walltime: 0.03s]
* Equil. acc.ratio (%)     =  11.0103
* Sample config after equilibration:
  [draw: system geometry not defined]
* Number of accum. steps   = 501760 x 10
* Running VMC accumulation.
    [walltime: 1m elapsed, 18.3s remaining]
  Done. [total walltime: 1m18s]
* Acceptance ratio (%)     =  10.9696
* Etot/t                   =  -1.299159507871E+03 +/-   1.874652575672E-04
  > Ttot/t                 =  -1.396120401143E+02 +/-   1.178898058185E-03
  > Utot/t                 =   6.245788112332E+01 +/-   1.168947849259E-03
* var[Eloc/t]              =   1.749764144599E-02 +/-   1.435195011644E-04
* Correlation length       =   1.007762304646E+00
* log10 Psi^2 range: -111.17285686415363 -- -98.015513401802480
* log10 Pgen range : -111.17285686415363 -- -98.015513401802480
* Site occupation (ave. no. electrons per config.):
  > Site_  ___eu____  ___ed____
      1        0.497      0.498
      2        0.496      0.500
      3        0.496      0.498
      4        0.497      0.496
      5        0.495      0.499
      6        0.501      0.501
      7        0.507      0.505
      8        0.507      0.501
      9        0.505      0.505
     10        0.500      0.501
     11        0.498      0.497
     12        0.497      0.496
     13        0.500      0.500
     14        0.498      0.497
     15        0.498      0.499
     16        0.503      0.502
     17        0.504      0.501
     18        0.504      0.502
     19        0.500      0.502
     20        0.502      0.500
     21        0.497      0.498
     22        0.504      0.503
     23        0.499      0.498
     24        0.502      0.504
     25        0.502      0.504
     26        0.501      0.502
     27        0.504      0.501
     28        0.505      0.504
     29        0.500      0.503
     30        0.497      0.494
     31        0.496      0.494
     32        0.495      0.497
     33        0.499      0.496
     34        0.495      0.499
* Pair-correlation analysis (ave. no. pairs per config.):
  > Shell  nsite  ___dh____  __eueu___  __eued___
      0      1        0          0          6.125
      1      0        0.971      0.464      2.579
      2      0        0.225      0.792      1.042
      3      0        0.265      0.749      1.034
      4      0        0.141      0.367      0.518
      5      0        0.273      0.741      1.032
      6      0        0.251      0.764      1.032
      7      0        0.816      0.796      2.429
      8      0        0.753      0.961      2.340
      9      0        0.692      1.096      2.277
     10      0        0.639      1.230      2.213
     11      0        0.589      1.339      2.162
     12      0        0.448      1.592      2.060
     13      0        0.520      1.466      2.123
     14      0        0.157      0.819      1.148
     15      0        0.158      0.829      1.137
     16      0        0.152      0.845      1.123
     17      0        0.148      0.869      1.069
     18      0        0.246      2.102      1.941
     19      0        0.246      2.105      1.941
     20      0        0.122      1.048      0.978
     21      0        0.237      2.079      1.935
     22      0        0.247      2.029      1.961
     23      0        0.276      1.923      2.027
     24      0        0.310      1.897      2.021
     25      0        0.323      1.886      2.026
     26      0        0.327      1.890      2.027
     27      0        0.257      2.065      1.956
     28      0        0.264      2.081      1.940
     29      0        0.264      2.093      1.936
     30      0        0.263      2.099      1.923
     31      0        0.244      2.085      1.934
     32      0        0.299      2.054      1.927
     33      0        0.258      2.109      1.921
     34      0        0.289      2.055      1.926
     35      0        0.282      2.059      1.919
     36      0        0.250      2.111      1.917
     37      0        0.121      0.987      1.039
     38      0        0.240      1.968      2.088
     39      0        0.239      1.969      2.080
     40      0        0.235      1.973      2.040
     41      0        0.264      2.042      1.965
     42      0        0.219      2.114      1.925
     43      0        0.259      2.051      1.958
     44      0        0.270      2.028      1.974
     45      0        0.271      2.028      1.984
     46      0        0.268      2.021      1.978
     47      0        0.258      2.002      1.974
     48      0        0.232      2.060      1.978
     49      0        0.282      1.869      2.099
     50      0        0.283      1.898      2.075
     51      0        0.287      1.922      2.051
     52      0        0.298      1.947      1.998
     53      0        0.309      1.952      1.992
     54      0        0.286      1.942      2.042
     55      0        0.154      0.974      0.997
     56      0        0.238      1.994      2.022
     57      0        0.238      2.007      2.044
     58      0        0.267      1.964      2.012
     59      0        0.266      1.969      2.027
     60      0        0.241      2.010      2.042
     61      0        0.245      1.977      2.044
     62      0        0.274      1.956      2.031
     63      0        0.151      1.000      0.977
     64      0        0.301      2.000      1.961
     65      0        0.274      1.978      2.018
     66      0        0.260      2.019      1.986
     67      0        0.272      1.975      2.017
     68      0        0.266      2.011      1.994
     69      0        0.271      1.991      2.010
     70      0        0.296      1.966      1.987
     71      0        0.301      1.964      1.986
     72      0        0.293      1.999      1.956
     73      0        0.272      2.011      1.989
     74      0        0.272      1.979      1.995
     75      0        0.301      1.984      1.966
     76      0        0.267      1.974      1.988
     77      0        0.264      1.849      2.129
     78      0        0.259      2.016      1.976
     79      0        0.236      2.034      2.002
     80      0        0.260      2.004      1.999
     81      0        0.266      2.007      2.000
     82      0        0.120      1.018      1.009
     83      0        0.270      2.011      1.992
     84      0        0.263      1.991      1.983
     85      0        0.149      0.992      0.984
     86      0        0.292      1.971      1.981
     87      0        0.235      2.030      1.993
     88      0        0.267      2.002      1.995
     89      0        0.296      1.982      1.974
     90      0        0.296      1.976      1.971
     91      0        0.271      1.989      1.992
     92      0        0.236      2.028      2.026
     93      0        0.151      0.985      0.987
     94      0        0.238      2.050      2.002
     95      0        0.237      2.006      2.011
     96      0        0.260      2.000      2.006
     97      0        0.264      1.987      1.988
     98      0        0.236      2.021      2.014
     99      0        0.234      2.018      2.003
    100      0        0.237      2.004      2.028
    101      0        0.269      1.996      2.002
    102      0        0.263      2.003      2.002
    103      0        0.238      2.053      2.008
    104      0        0.260      2.001      2.002
    105      0        0.291      1.972      1.977
    106      0        0.141      0.989      0.988
    107      0        0.235      2.022      2.015
    108      0        0.269      1.990      2.012
    109      0        0.266      1.986      1.981
    110      0        0.235      2.026      2.029
    111      0        0.235      2.006      2.014
    112      0        0.238      2.028      2.027
    113      0        0.269      1.990      1.993
    114      0        0.257      2.002      2.000
    115      0        0.266      1.988      1.994
    116      0        0.266      1.988      1.985
    117      0        0.122      1.013      1.012
    118      0        0.262      1.992      1.994
    119      0        0.262      1.984      1.984
    120      0        0.235      2.011      2.012
    121      0        0.236      2.020      2.018
    122      0        0.255      1.999      1.985
    123      0        0.237      2.011      2.010
    124      0        0.269      1.986      1.989
    125      0        0.293      1.977      1.973
    126      0        0.264      1.963      2.002
    127      0        0.267      1.986      1.981
    128      0        0.254      1.986      1.987
    129      0        0.231      2.017      2.017
    130      0        0.261      2.005      1.999
    131      0        0.237      2.024      2.029
    132      0        0.265      2.002      1.983
    133      0        0.231      2.012      2.009
    134      0        0.118      1.006      0.999
    135      0        0.116      1.013      1.013
    136      0        0.235      2.010      2.012
    137      0        0.141      0.990      0.988
    138      0        0.115      0.999      0.995
    139      0        0.260      1.985      1.986
    140      0        0.231      1.995      2.007
    141      0        0.254      1.979      1.993
    142      0        0.231      1.999      2.002
    143      0        0.237      2.016      2.018
    144      0        0.263      2.001      2.003
    145      0        0.116      1.013      1.014
    146      0        0.234      2.013      2.001
    147      0        0.230      2.013      2.023
    148      0        0.264      1.992      1.991
    149      0        0.114      0.999      0.996
    150      0        0.238      2.018      2.015
    151      0        0.115      1.005      1.004
    152      0        0.256      1.989      1.993
    153      0        0.255      2.001      2.004

Optimization #3:
* Method          : lls
* Target function : energy
* No. of configs. : 100352
* No. of params.  : 592
* Before optimization:
  -1.4082E+01  -1.4079E+01  -1.4085E+01  -1.4081E+01  -1.4063E+01  -1.4062E+01
  -1.4060E+01  -1.4068E+01  -1.4058E+01   1.5209E+00   1.5251E+00   1.8946E+00
   1.4638E+00   1.1447E+00   1.4062E+00   1.3956E+00   1.1983E+00   1.1877E+00
   1.0947E+00   1.0876E+00   1.4315E+00   1.4237E+00   1.3215E+00   1.3141E+00
   1.1386E+00   1.1293E+00   1.4737E+00   1.4646E+00   1.3547E+00   1.3470E+00
   7.6143E-01   9.0791E-02   4.8518E-01   8.3509E-01   5.4114E-01   5.4309E-01
   6.9939E-01   6.9766E-01   1.0254E+00   8.2543E-01   8.2174E-01   1.0404E+00
   1.0385E+00   1.1695E+00   1.1688E+00   9.2638E-01   9.2703E-01   9.6664E-01
   9.6752E-01   7.8611E-01   7.8528E-01   8.9643E-01   8.9530E-01   6.6967E-01
   6.6736E-01   8.6284E-01   8.6122E-01   9.8757E-01   9.8579E-01   1.3075E+00
   1.3033E+00   9.3971E-01   9.3933E-01   6.7965E-01   6.7776E-01   1.1197E+00
   1.1213E+00   1.0662E+00   1.0661E+00   8.3170E-01   8.2884E-01   6.7057E-01
   3.4464E-01   3.4443E-01   2.0373E-01   2.0312E-01   5.3690E-01   5.3638E-01
   6.6974E-01   6.7014E-01   1.2661E+00   1.2658E+00   2.5338E-01   2.5290E-01
   6.2062E-01   6.2013E-01   1.7744E-01   1.7651E-01   5.3233E-01   5.3173E-01
   6.4909E-01   6.4678E-01   6.7013E-01   6.7274E-01   3.4496E-01   3.4560E-01
   7.7249E-01   7.7421E-01   7.2178E-01   7.2234E-01   5.5374E-01   5.5426E-01
   4.7595E-01   4.7514E-01   2.7941E-01   2.7879E-01   5.4094E-01   5.8751E-02
   5.9387E-02   3.2575E-01   3.2530E-01   7.4739E-01   7.4474E-01   4.0818E-01
   4.0924E-01   1.0537E-01   1.0489E-01   1.9730E-01   1.9859E-01   6.3969E-01
   6.3844E-01   5.7311E-01   5.0873E-01   5.0749E-01   8.4840E-02   8.4685E-02
   3.8078E-01   3.8139E-01   4.6152E-01   4.6158E-01   4.4019E-01   4.4048E-01
   2.0534E-01   2.0379E-01   2.4214E-01   2.4165E-01   4.0908E-01   4.0960E-01
   5.8719E-01   5.8932E-01   6.5421E-02   6.4172E-02   5.3188E-01   5.3048E-01
   4.1757E-01   4.1825E-01   4.3031E-01   4.2909E-01   7.4065E-01   7.4457E-01
   7.6989E-01   7.6610E-01   1.8022E-01   1.8189E-01   2.6584E-01   2.6574E-01
  -1.4430E-02  -1.4545E-02  -3.5978E-01   1.7675E-01   1.7565E-01   4.0487E-01
   4.0360E-01   3.5403E-01   2.6083E-01   2.6069E-01   1.1902E-01   1.2015E-01
   1.6704E-01   1.6660E-01   2.5423E-01   2.5322E-01   2.6766E-01   2.6798E-01
   2.8588E-01   2.8575E-01   2.0626E-01   2.0565E-01   3.5106E-01   4.0905E-01
   4.0791E-01   2.6550E-01   2.6460E-01  -1.5247E-01  -1.5245E-01   1.4377E-01
   1.4358E-01   4.0301E-01   4.0391E-01   2.8854E-01   2.8767E-01   4.1352E-01
   4.1433E-01   1.7955E-01   1.7940E-01   1.1789E-01   1.1763E-01   1.7112E-01
   1.7077E-01   2.7907E-01   2.7924E-01   2.2510E-01   2.2469E-01   1.0996E-01
   3.2223E-01   3.2248E-01  -8.1124E-03  -8.0432E-03   1.7832E-01   1.7821E-01
   1.8116E-01   1.8099E-01   1.7568E-01   1.7546E-01  -2.4647E-01  -2.4613E-01
   2.9208E-01   2.9186E-01  -9.0838E-04  -1.0689E-03   3.2840E-01   3.2835E-01
   1.5415E-01   1.5377E-01  -3.7359E-01   2.9325E-01   2.9345E-01   1.4019E-01
   1.4051E-01   1.8205E-01   1.8207E-01  -8.4679E-02  -8.5440E-02   1.8384E-01
   1.8389E-01  -2.3615E-01  -2.3575E-01   3.2710E-01   3.2693E-01   2.2337E-01
   2.2308E-01   7.2685E-01   7.2507E-01   1.8074E-01   1.8099E-01   2.9759E-02
   2.9845E-02   7.0625E-02   7.1093E-02  -1.4753E-01  -1.4732E-01  -2.5235E-01
  -2.5279E-01   5.4355E-01   5.4224E-01  -8.2192E-02  -8.2543E-02   2.5902E-01
  -1.0753E-01  -2.3346E-01  -2.3302E-01   1.0969E-01  -5.0230E-02   1.4180E-01
   1.4217E-01   1.0380E-01   1.0387E-01   3.0067E-02   3.0163E-02   1.0426E-01
   1.0425E-01   3.2484E-01   3.2480E-01   1.2108E-01   1.2107E-01  -1.0966E-01
  -8.1343E-02  -8.1198E-02   7.1198E-02   7.1554E-02   2.9266E-01   2.9277E-01
  -5.0775E-02  -8.2990E-02  -8.3862E-02   2.5923E-01   1.8380E-01   1.8368E-01
  -1.3144E+00  -6.7684E-02  -3.9263E+00   2.1692E+00  -6.5488E+00   5.1233E+00
  -2.7241E+00   1.6186E+00  -6.6249E+00   5.2529E+00  -2.9093E+00   1.5607E+00
  -4.9935E-01  -5.9959E-01   5.7795E-01  -1.5795E+00  -5.6159E+00   4.2762E+00
  -3.6807E+00   2.4464E+00   4.8854E-01  -1.5394E+00  -9.4997E-01  -4.4582E-01
  -2.4093E+00   1.1313E+00  -4.4483E+00   3.6824E+00   7.8283E+00  -7.9202E+00
   1.9697E+00  -2.4576E+00   1.2742E+00  -2.1234E+00   4.8283E+00  -5.3953E+00
   1.6231E+00  -2.3495E+00  -4.5107E+00   3.4587E+00   1.5752E+00  -2.4193E+00
  -7.9402E-01  -2.5627E-01  -3.2581E+00   2.0965E+00  -4.5143E+00   3.5897E+00
  -6.3825E+00   5.4180E+00  -4.4574E+00   3.6755E+00  -2.2526E+00   1.3459E+00
   6.4027E-01  -1.3230E+00  -3.5410E+00   2.6645E+00  -5.4878E+00   4.4892E+00
  -3.3475E+00   1.9987E+00  -4.5388E+00   3.5695E+00   6.8510E-01  -1.3805E+00
  -6.4638E+00   5.3139E+00  -4.5897E+00   3.4930E+00  -4.2337E-01  -4.2792E-01
  -4.3553E+00   3.6924E+00   1.7734E+00  -2.1166E+00   4.9761E+00  -5.1783E+00
   1.7075E+00  -2.2426E+00  -5.2639E+00   4.5941E+00  -1.3220E+00   1.1075E-02
   2.7021E+00  -2.9561E+00  -5.2933E+00   4.6708E+00   2.7870E+00  -2.9655E+00
  -2.1122E+00   1.5802E+00  -2.3997E+00   1.7503E+00  -7.7068E-01   9.6608E-02
   2.6566E+00  -2.9975E+00  -5.3093E+00   4.5419E+00  -5.3294E+00   4.6153E+00
  -4.3865E+00   3.8340E+00  -4.2465E+00   3.7711E+00   2.7456E+00  -3.0202E+00
  -6.2176E+00   5.6777E+00   4.7721E+00  -4.8306E+00  -1.0413E+00   7.1481E-01
  -4.8712E+00   4.1267E+00  -3.3450E+00   2.9390E+00   1.9099E+00  -2.0162E+00
   2.2748E+00  -2.4736E+00  -2.1569E+00   1.5221E+00  -6.2342E+00   5.6595E+00
  -4.2629E+00   3.7550E+00   9.5220E-01  -1.0374E+00  -3.3304E+00   2.9507E+00
  -5.1533E+00   4.6924E+00  -5.1436E+00   4.7040E+00  -5.6621E-02  -1.4705E-01
  -2.3458E+00   2.1033E+00  -6.1000E+00   5.6925E+00  -4.4049E+00   3.8128E+00
   9.6350E-01  -1.0277E+00  -4.8232E+00   4.2926E+00  -6.1046E+00   5.6851E+00
  -2.3460E+00   1.9182E+00  -8.1343E-01   7.6960E-02  -4.8835E+00   4.1156E+00
   2.2889E+00  -2.4707E+00  -3.2677E+00   3.0052E+00   1.0594E+00  -1.0436E+00
   8.1241E+00  -7.7616E+00  -4.5224E-02  -1.3108E-01  -2.3335E+00   1.9303E+00
  -6.0151E+00   5.6596E+00  -4.2419E+00   3.9796E+00   4.7441E+00  -4.8645E+00
  -1.9258E+00   1.7590E+00  -2.3511E+00   2.0990E+00  -4.2414E+00   3.9755E+00
  -2.8154E+00   2.5311E+00  -9.7239E-01   7.6606E-01  -6.0144E+00   5.6616E+00
  -1.0750E+00   6.6417E-01  -1.2982E+00   1.0311E+00   2.9125E+00  -2.7610E+00
  -3.2031E-01   1.7606E-01  -3.7946E+00   3.3889E+00  -1.3096E+00   1.0202E+00
  -3.8022E+00   3.3861E+00  -1.9315E+00   1.7534E+00  -1.8451E+00   1.7271E+00
   1.8854E+00  -2.0556E+00  -3.2747E+00   2.9953E+00  -4.1658E+00   3.9422E+00
  -2.3211E+00   2.2116E+00  -3.7489E+00   3.4267E+00   1.0530E+00  -1.0484E+00
  -2.2226E+00   2.0441E+00  -9.6158E-01   7.7868E-01  -1.2520E+00   1.0732E+00
   5.2273E+00  -4.9822E+00  -2.8220E+00   2.5310E+00   4.6300E-04   3.3474E-04
  -4.7263E+00   4.3965E+00  -3.2637E-01   1.7012E-01   8.1320E+00  -7.7572E+00
  -4.6510E+00   4.3591E+00  -2.1484E+00   2.0064E+00  -1.2529E+00   1.0720E+00
   2.4253E+00  -2.3415E+00  -2.8104E+00   2.6264E+00   4.9296E+00  -4.6950E+00
  -4.7248E+00   4.3978E+00  -4.1626E+00   3.9416E+00  -2.4311E+00   1.7102E+00
  -2.2237E+00   2.0434E+00  -3.0775E-01   2.7813E-01  -4.8875E-01   4.1796E-01
   2.9122E+00  -2.7644E+00   5.2290E+00  -4.9780E+00  -4.8313E+00   4.2878E+00
   2.0149E+00  -1.9341E+00  -3.3022E+00   3.0407E+00   2.3212E+00  -2.2144E+00
   4.9275E+00  -4.6960E+00  -2.3213E+00   2.2110E+00   1.7071E+00  -1.6566E+00
  -2.1490E+00   2.0082E+00  -8.0029E-01   6.9376E-01  -3.0857E-01   2.7598E-01
  -7.9872E-01   6.9468E-01  -3.7491E+00   3.4267E+00  -1.8466E+00   1.7256E+00
   2.3219E+00  -2.2126E+00   2.0160E+00  -1.9347E+00  -4.8779E-01   4.1678E-01
  -4.6514E+00   4.3583E+00   1.7055E+00  -1.6553E+00   2.4251E+00  -2.3390E+00
  -3.3043E+00   3.0453E+00  -2.8117E+00   2.6282E+00
  > E    =  -1.299159661323E+03 +/-   4.170860446706E-04
  > varE =   1.745731105646E-02
* Computing derivatives.
    [walltime: 2m16s elapsed, 1h49m remaining]
    [walltime: 1h1m elapsed, 49m59s remaining]
  Done. [total walltime: 1h49m]
* Optimizing manipulation constant:
  #igrid a___________ E____________________________________ varE____________
     1     Infinity    -1.29915966E+03 +/-   4.17086045E-04   1.74573111E-02
     2     1.0000E+06  -1.29915966E+03 +/-   4.17086037E-04   1.74573104E-02
     3     2.1544E+05  -1.29915966E+03 +/-   4.17086010E-04   1.74573082E-02
     4     4.6416E+04  -1.29915966E+03 +/-   4.17085885E-04   1.74572977E-02
     5     1.0000E+04  -1.29915966E+03 +/-   4.17085303E-04   1.74572490E-02
     6     2.1544E+03  -1.29915966E+03 +/-   4.17082588E-04   1.74570217E-02
     7     4.6416E+02  -1.29915966E+03 +/-   4.17069646E-04   1.74559384E-02
     8     1.0000E+02  -1.29915967E+03 +/-   4.17002547E-04   1.74503221E-02
     9     2.1544E+01  -1.29915968E+03 +/-   4.16619847E-04   1.74183071E-02
    10     4.6416E+00  -1.29915607E+03 +/-   4.46095455E-04   1.99701639E-02
    11     1.0000E+00  -7.60260822E+02 +/-   2.20297182E+03   4.87016770E+11
    12     2.1544E-01 (error)
    13     4.6416E-02 (error)
    14     1.0000E-02 (error)
    15     2.1544E-03 (error)
    16     4.6416E-04 (error)
    17     1.0000E-04 (error)
    18     2.1544E-05 (error)
    19     4.6416E-06 (error)
    20     1.0000E-06 (error)
    21     0.0000E+00 (error)
  ParMin   4.6162E+01  -1.29915968E+03 +/-   4.16884589E-04   1.74404511E-02
  # Using grid point #9
* Iteration # 1: E =  -1.299159682479E+03 +/-   4.166198471589E-04
* Diminishing returns: exiting.
* After optimization:
  -1.4126E+01  -1.4122E+01  -1.4127E+01  -1.4123E+01  -1.4106E+01  -1.4105E+01
  -1.4103E+01  -1.4110E+01  -1.4101E+01   1.5196E+00   1.5239E+00   1.8840E+00
   1.4635E+00   1.1422E+00   1.3477E+00   1.4302E+00   1.2087E+00   1.1982E+00
   1.1166E+00   1.1095E+00   1.4091E+00   1.4013E+00   1.3275E+00   1.3200E+00
   1.1315E+00   1.1223E+00   1.4957E+00   1.4866E+00   1.3477E+00   1.3402E+00
   7.7510E-01   1.3491E-01   4.7112E-01   8.4373E-01   5.5552E-01   5.5760E-01
   7.2783E-01   7.2614E-01   1.0392E+00   8.2331E-01   8.1970E-01   1.0620E+00
   1.0603E+00   1.1817E+00   1.1810E+00   9.4377E-01   9.4414E-01   9.3650E-01
   9.3741E-01   7.5522E-01   7.5425E-01   8.8929E-01   8.8807E-01   6.6242E-01
   6.6018E-01   8.6843E-01   8.6671E-01   9.6499E-01   9.6321E-01   1.3199E+00
   1.3156E+00   9.0887E-01   9.0859E-01   7.0136E-01   6.9950E-01   1.0896E+00
   1.0911E+00   1.0838E+00   1.0836E+00   8.4185E-01   8.3915E-01   6.8408E-01
   3.7304E-01   3.7275E-01   2.1824E-01   2.1767E-01   5.3442E-01   5.3381E-01
   6.7479E-01   6.7530E-01   1.2652E+00   1.2648E+00   2.9192E-01   2.9153E-01
   5.9739E-01   5.9694E-01   1.9720E-01   1.9608E-01   4.9448E-01   4.9374E-01
   6.5390E-01   6.5152E-01   6.5814E-01   6.6074E-01   3.8353E-01   3.8416E-01
   7.7753E-01   7.7922E-01   6.9872E-01   6.9940E-01   5.3941E-01   5.4012E-01
   4.7207E-01   4.7102E-01   2.9924E-01   2.9858E-01   4.8057E-01   8.4293E-02
   8.5093E-02   3.2286E-01   3.2228E-01   7.4258E-01   7.3997E-01   4.2848E-01
   4.2964E-01   1.3226E-01   1.3184E-01   2.1350E-01   2.1468E-01   6.0174E-01
   6.0048E-01   5.1294E-01   5.0476E-01   5.0349E-01   7.4726E-02   7.4539E-02
   4.0117E-01   4.0196E-01   4.6484E-01   4.6496E-01   4.4333E-01   4.4371E-01
   1.9296E-01   1.9127E-01   2.5329E-01   2.5264E-01   3.7476E-01   3.7531E-01
   5.7294E-01   5.7506E-01   5.4993E-02   5.3862E-02   4.9452E-01   4.9305E-01
   3.8334E-01   3.8394E-01   4.0272E-01   4.0143E-01   7.2882E-01   7.3277E-01
   7.6544E-01   7.6182E-01   1.9613E-01   1.9780E-01   2.8373E-01   2.8380E-01
   1.7559E-03   1.6801E-03  -3.1973E-01   1.6453E-01   1.6327E-01   3.7726E-01
   3.7597E-01   3.4629E-01   2.4133E-01   2.4116E-01   1.4511E-01   1.4597E-01
   1.2437E-01   1.2401E-01   2.6530E-01   2.6413E-01   2.4783E-01   2.4841E-01
   2.7431E-01   2.7382E-01   2.0091E-01   2.0024E-01   3.4345E-01   4.0588E-01
   4.0471E-01   2.7271E-01   2.7189E-01  -1.2108E-01  -1.2096E-01   1.4166E-01
   1.4140E-01   4.0059E-01   4.0139E-01   2.9550E-01   2.9460E-01   4.1076E-01
   4.1140E-01   1.3682E-01   1.3675E-01   1.0245E-01   1.0211E-01   1.9866E-01
   1.9830E-01   2.9677E-01   2.9703E-01   2.3272E-01   2.3227E-01   1.3303E-01
   3.1778E-01   3.1812E-01   7.9112E-03   8.0808E-03   1.4611E-01   1.4573E-01
   1.7597E-01   1.7569E-01   1.8096E-01   1.8036E-01  -2.3816E-01  -2.3764E-01
   2.8013E-01   2.7989E-01  -1.0710E-03  -1.2534E-03   2.8664E-01   2.8663E-01
   1.5182E-01   1.5138E-01  -3.3354E-01   2.7870E-01   2.7910E-01   1.3500E-01
   1.3545E-01   1.8708E-01   1.8709E-01  -7.5415E-02  -7.6199E-02   1.8486E-01
   1.8507E-01  -2.1765E-01  -2.1709E-01   2.8531E-01   2.8520E-01   2.3079E-01
   2.3062E-01   7.3238E-01   7.3067E-01   1.4845E-01   1.4858E-01   4.0451E-02
   4.0450E-02   4.8717E-02   4.9219E-02  -1.1621E-01  -1.1600E-01  -2.4403E-01
  -2.4451E-01   5.0592E-01   5.0470E-01  -9.4715E-02  -9.5014E-02   2.3858E-01
  -1.3054E-01  -2.1477E-01  -2.1439E-01   1.3275E-01  -5.1726E-02   1.3676E-01
   1.3713E-01   9.2641E-02   9.2614E-02   4.0576E-02   4.0721E-02   9.3152E-02
   9.3326E-02   3.2031E-01   3.2048E-01   1.0562E-01   1.0560E-01  -1.3303E-01
  -9.3890E-02  -9.3765E-02   4.9424E-02   4.9659E-02   2.7810E-01   2.7844E-01
  -5.2747E-02  -7.3820E-02  -7.4672E-02   2.3877E-01   1.8514E-01   1.8488E-01
  -1.1222E+00  -2.5834E-01  -3.5723E+00   1.8255E+00  -6.4128E+00   4.9877E+00
  -2.5773E+00   1.4741E+00  -5.5213E+00   4.2088E+00  -3.3159E+00   1.9329E+00
  -5.0470E-01  -6.0482E-01   3.2437E-01  -1.3482E+00  -5.1288E+00   3.8121E+00
  -3.6725E+00   2.4323E+00   7.1830E-01  -1.7634E+00  -1.1384E+00  -2.7931E-01
  -2.1434E+00   8.7262E-01  -4.5785E+00   3.7990E+00   7.1857E+00  -7.3215E+00
   2.3659E+00  -2.8399E+00   1.3044E+00  -2.1621E+00   4.7055E+00  -5.2866E+00
   1.2366E+00  -1.9915E+00  -4.6407E+00   3.5751E+00   1.7882E+00  -2.6301E+00
  -9.8226E-01  -8.9621E-02  -3.2843E+00   2.1106E+00  -4.6499E+00   3.7081E+00
  -5.7624E+00   4.8283E+00  -3.8319E+00   3.0805E+00  -1.9867E+00   1.0868E+00
   8.7104E-01  -1.5465E+00  -3.5327E+00   2.6505E+00  -5.0011E+00   4.0250E+00
  -3.3741E+00   2.0128E+00  -3.9130E+00   2.9752E+00   4.3170E-01  -1.1490E+00
  -5.8438E+00   4.7240E+00  -4.7254E+00   3.6112E+00  -4.2849E-01  -4.3291E-01
  -4.4857E+00   3.8086E+00   1.3870E+00  -1.7584E+00   4.8534E+00  -5.0701E+00
   1.9207E+00  -2.4531E+00  -5.2607E+00   4.5855E+00  -1.1302E+00  -1.8029E-01
   2.1778E+00  -2.4705E+00  -4.8053E+00   4.2069E+00   2.5394E+00  -2.7376E+00
  -1.3613E+00   8.6734E-01  -2.3169E+00   1.6631E+00  -3.9595E-01  -2.6649E-01
   2.1326E+00  -2.5120E+00  -5.3059E+00   4.5335E+00  -4.8423E+00   4.1512E+00
  -4.0365E+00   3.4981E+00  -4.1038E+00   3.6325E+00   2.4982E+00  -2.7927E+00
  -5.1115E+00   4.6317E+00   4.4665E+00  -4.5502E+00  -9.0717E-01   5.8364E-01
  -4.6267E+00   3.8868E+00  -3.6117E+00   3.1855E+00   1.5242E+00  -1.6577E+00
   2.1314E+00  -2.3453E+00  -1.4061E+00   8.0923E-01  -5.1297E+00   4.6151E+00
  -4.1205E+00   3.6162E+00   1.1838E+00  -1.2594E+00  -3.5972E+00   3.1970E+00
  -5.1489E+00   4.6847E+00  -5.1390E+00   4.6964E+00   2.1685E-01  -4.0816E-01
  -2.4733E+00   2.2198E+00  -5.4780E+00   5.1031E+00  -4.0545E+00   3.4775E+00
   1.1956E+00  -1.2491E+00  -4.0930E+00   3.5991E+00  -5.4829E+00   5.0978E+00
  -1.7770E+00   1.3769E+00  -4.3867E-01  -2.8609E-01  -4.6395E+00   3.8760E+00
   2.1450E+00  -2.3431E+00  -3.5331E+00   3.2525E+00   8.0817E-01  -8.0882E-01
   7.4828E+00  -7.1606E+00   2.2823E-01  -3.9212E-01  -1.7661E+00   1.3894E+00
  -5.8758E+00   5.5284E+00  -3.8888E+00   3.6472E+00   4.4382E+00  -4.5847E+00
  -1.1731E+00   1.0472E+00  -2.4784E+00   2.2152E+00  -3.8886E+00   3.6427E+00
  -2.5626E+00   2.2897E+00  -8.3692E-01   6.3596E-01  -5.8751E+00   5.5298E+00
  -9.4070E-01   5.3319E-01  -1.3466E+00   1.0722E+00   2.3916E+00  -2.2712E+00
  -2.2916E-01   8.6997E-02  -3.6808E+00   3.2779E+00  -1.3577E+00   1.0615E+00
  -3.6885E+00   3.2749E+00  -1.1788E+00   1.0432E+00  -1.5751E+00   1.4724E+00
   1.4995E+00  -1.6974E+00  -3.5399E+00   3.2429E+00  -4.2966E+00   4.0653E+00
  -2.7220E+00   2.5893E+00  -3.6343E+00   3.3162E+00   8.0217E-01  -8.1347E-01
  -1.6518E+00   1.5056E+00  -8.2602E-01   6.4844E-01  -1.2989E+00   1.1151E+00
   5.1068E+00  -4.8702E+00  -2.5686E+00   2.2899E+00   4.5488E-04   4.6221E-04
  -3.9933E+00   3.7053E+00  -2.3522E-01   8.1280E-02   7.4905E+00  -7.1565E+00
  -4.4020E+00   4.1240E+00  -2.0605E+00   1.9238E+00  -1.2998E+00   1.1139E+00
   2.2845E+00  -2.2091E+00  -2.8310E+00   2.6460E+00   4.6267E+00  -4.4113E+00
  -3.9926E+00   3.7066E+00  -4.2933E+00   4.0650E+00  -2.3494E+00   1.6229E+00
  -1.6530E+00   1.5052E+00  -4.9023E-01   4.5004E-01  -1.0850E-01   6.0151E-02
   2.3913E+00  -2.2748E+00   5.1089E+00  -4.8657E+00  -4.0998E+00   3.5950E+00
   2.2332E+00  -2.1398E+00  -2.9428E+00   2.7020E+00   2.7221E+00  -2.5921E+00
   4.6251E+00  -4.4123E+00  -2.7222E+00   2.5890E+00   1.7427E+00  -1.6908E+00
  -2.0617E+00   1.9258E+00  -6.0216E-01   5.0734E-01  -4.9092E-01   4.4809E-01
  -6.0158E-01   5.0801E-01  -3.6343E+00   3.3159E+00  -1.5767E+00   1.4713E+00
   2.7227E+00  -2.5901E+00   2.2345E+00  -2.1404E+00  -1.0773E-01   5.8788E-02
  -4.4020E+00   4.1238E+00   1.7415E+00  -1.6896E+00   2.2841E+00  -2.2075E+00
  -2.9449E+00   2.7065E+00  -2.8329E+00   2.6478E+00
  > Energy =  -1.299159682479E+03 +/-   4.166198471589E-04
  > varE =   1.741830708283E-02

VMC #4:
* Size of Hilbert space =   5.4457E+18
* Number of equil. steps   = 1000
* Running VMC equilibration.
  Done. [total walltime: 0.03s]
* Equil. acc.ratio (%)     =  11.0014
* Sample config after equilibration:
  [draw: system geometry not defined]
* Number of accum. steps   = 501760 x 10
* Running VMC accumulation.
    [walltime: 1m elapsed, 18.5s remaining]
  Done. [total walltime: 1m18s]
* Acceptance ratio (%)     =  10.9754
* Etot/t                   =  -1.299159218784E+03 +/-   1.920008807231E-04
  > Ttot/t                 =  -1.396126918931E+02 +/-   1.201284342690E-03
  > Utot/t                 =   6.245882198888E+01 +/-   1.192679109275E-03
* var[Eloc/t]              =   1.806387650488E-02 +/-   7.789186037851E-04
* Correlation length       =   1.023980114648E+00
* log10 Psi^2 range: -114.33062734534472 -- -98.882275845461436
* log10 Pgen range : -114.33062734534472 -- -98.882275845461436
* Site occupation (ave. no. electrons per config.):
  > Site_  ___eu____  ___ed____
      1        0.497      0.497
      2        0.499      0.500
      3        0.496      0.498
      4        0.497      0.497
      5        0.502      0.496
      6        0.503      0.500
      7        0.502      0.503
      8        0.503      0.502
      9        0.503      0.505
     10        0.503      0.502
     11        0.502      0.497
     12        0.498      0.496
     13        0.499      0.500
     14        0.500      0.497
     15        0.499      0.498
     16        0.502      0.504
     17        0.501      0.501
     18        0.502      0.504
     19        0.502      0.501
     20        0.497      0.499
     21        0.496      0.498
     22        0.503      0.501
     23        0.498      0.499
     24        0.502      0.504
     25        0.501      0.508
     26        0.502      0.501
     27        0.502      0.501
     28        0.502      0.502
     29        0.499      0.503
     30        0.497      0.498
     31        0.498      0.497
     32        0.497      0.495
     33        0.500      0.497
     34        0.496      0.498
* Pair-correlation analysis (ave. no. pairs per config.):
  > Shell  nsite  ___dh____  __eueu___  __eued___
      0      1        0          0          6.121
      1      0        0.967      0.468      2.583
      2      0        0.225      0.796      1.044
      3      0        0.269      0.752      1.035
      4      0        0.139      0.369      0.520
      5      0        0.275      0.741      1.036
      6      0        0.252      0.763      1.030
      7      0        0.819      0.791      2.425
      8      0        0.752      0.962      2.337
      9      0        0.694      1.102      2.271
     10      0        0.638      1.229      2.217
     11      0        0.582      1.335      2.168
     12      0        0.447      1.587      2.061
     13      0        0.525      1.466      2.120
     14      0        0.158      0.816      1.144
     15      0        0.156      0.823      1.135
     16      0        0.154      0.842      1.119
     17      0        0.147      0.868      1.068
     18      0        0.243      2.092      1.938
     19      0        0.245      2.099      1.931
     20      0        0.124      1.048      0.971
     21      0        0.237      2.078      1.928
     22      0        0.248      2.026      1.958
     23      0        0.275      1.926      2.031
     24      0        0.308      1.899      2.029
     25      0        0.322      1.896      2.035
     26      0        0.329      1.896      2.026
     27      0        0.258      2.071      1.953
     28      0        0.267      2.076      1.934
     29      0        0.262      2.094      1.938
     30      0        0.262      2.101      1.926
     31      0        0.241      2.091      1.935
     32      0        0.298      2.055      1.937
     33      0        0.258      2.109      1.918
     34      0        0.294      2.063      1.925
     35      0        0.278      2.064      1.929
     36      0        0.244      2.114      1.917
     37      0        0.122      0.981      1.041
     38      0        0.242      1.958      2.079
     39      0        0.239      1.963      2.072
     40      0        0.235      1.970      2.039
     41      0        0.269      2.041      1.968
     42      0        0.219      2.115      1.928
     43      0        0.260      2.041      1.952
     44      0        0.269      2.031      1.979
     45      0        0.268      2.028      1.977
     46      0        0.269      2.027      1.977
     47      0        0.258      2.005      1.975
     48      0        0.232      2.060      1.978
     49      0        0.280      1.867      2.088
     50      0        0.283      1.898      2.083
     51      0        0.285      1.927      2.053
     52      0        0.294      1.953      2.003
     53      0        0.308      1.955      2.002
     54      0        0.279      1.940      2.044
     55      0        0.156      0.977      0.998
     56      0        0.232      1.991      2.017
     57      0        0.240      1.999      2.043
     58      0        0.266      1.971      2.021
     59      0        0.262      1.969      2.027
     60      0        0.242      2.004      2.030
     61      0        0.242      1.974      2.043
     62      0        0.277      1.952      2.034
     63      0        0.153      0.999      0.981
     64      0        0.304      2.006      1.963
     65      0        0.272      1.979      2.014
     66      0        0.263      2.013      1.983
     67      0        0.270      1.985      2.020
     68      0        0.268      2.014      1.995
     69      0        0.273      1.992      2.010
     70      0        0.297      1.962      1.993
     71      0        0.306      1.969      1.989
     72      0        0.293      2.002      1.954
     73      0        0.267      2.009      1.992
     74      0        0.270      1.986      2.002
     75      0        0.306      1.986      1.973
     76      0        0.266      1.979      1.989
     77      0        0.264      1.847      2.133
     78      0        0.260      2.024      1.985
     79      0        0.236      2.030      1.996
     80      0        0.259      2.006      1.995
     81      0        0.268      2.006      1.997
     82      0        0.118      1.014      1.003
     83      0        0.266      2.017      1.993
     84      0        0.263      1.989      1.983
     85      0        0.151      0.993      0.988
     86      0        0.294      1.973      1.980
     87      0        0.234      2.023      1.985
     88      0        0.269      2.008      1.993
     89      0        0.293      1.986      1.975
     90      0        0.293      1.983      1.975
     91      0        0.267      1.999      1.997
     92      0        0.241      2.023      2.019
     93      0        0.152      0.990      0.992
     94      0        0.241      2.050      1.993
     95      0        0.235      2.004      2.007
     96      0        0.259      1.996      1.995
     97      0        0.264      1.987      1.987
     98      0        0.235      2.022      2.017
     99      0        0.234      2.013      2.002
    100      0        0.238      2.008      2.024
    101      0        0.269      1.994      2.007
    102      0        0.265      2.003      2.005
    103      0        0.241      2.037      2.000
    104      0        0.262      1.995      1.999
    105      0        0.290      1.977      1.981
    106      0        0.139      0.991      0.987
    107      0        0.237      2.018      2.017
    108      0        0.267      1.991      2.010
    109      0        0.264      1.986      1.985
    110      0        0.239      2.015      2.029
    111      0        0.233      2.008      2.009
    112      0        0.236      2.027      2.013
    113      0        0.267      1.997      1.998
    114      0        0.259      1.998      2.000
    115      0        0.267      1.996      1.995
    116      0        0.264      1.988      1.988
    117      0        0.120      1.006      1.008
    118      0        0.261      2.003      1.999
    119      0        0.261      1.988      1.992
    120      0        0.233      2.008      2.009
    121      0        0.234      2.015      2.016
    122      0        0.251      2.000      1.997
    123      0        0.232      2.008      2.000
    124      0        0.268      1.994      1.997
    125      0        0.292      1.984      1.976
    126      0        0.267      1.964      2.003
    127      0        0.266      1.985      1.985
    128      0        0.252      1.981      1.986
    129      0        0.232      2.015      2.020
    130      0        0.258      1.990      2.000
    131      0        0.238      2.014      2.023
    132      0        0.265      2.003      1.991
    133      0        0.229      2.009      2.005
    134      0        0.115      1.007      1.007
    135      0        0.115      1.016      1.010
    136      0        0.232      2.006      2.004
    137      0        0.139      0.990      0.989
    138      0        0.112      0.998      0.996
    139      0        0.265      1.983      1.987
    140      0        0.230      2.003      2.001
    141      0        0.255      1.981      1.982
    142      0        0.231      2.000      2.001
    143      0        0.236      2.017      2.019
    144      0        0.265      2.003      2.007
    145      0        0.118      1.011      1.011
    146      0        0.230      2.009      2.008
    147      0        0.235      2.016      2.016
    148      0        0.265      1.999      1.996
    149      0        0.114      0.995      0.997
    150      0        0.235      2.013      2.017
    151      0        0.114      1.007      1.009
    152      0        0.256      1.995      1.993
    153      0        0.259      1.993      2.001

Optimization #4:
* Method          : lls
* Target function : energy
* No. of configs. : 100352
* No. of params.  : 592
* Before optimization:
  -1.4126E+01  -1.4122E+01  -1.4127E+01  -1.4123E+01  -1.4106E+01  -1.4105E+01
  -1.4103E+01  -1.4110E+01  -1.4101E+01   1.5196E+00   1.5239E+00   1.8840E+00
   1.4635E+00   1.1422E+00   1.3477E+00   1.4302E+00   1.2087E+00   1.1982E+00
   1.1166E+00   1.1095E+00   1.4091E+00   1.4013E+00   1.3275E+00   1.3200E+00
   1.1315E+00   1.1223E+00   1.4957E+00   1.4866E+00   1.3477E+00   1.3402E+00
   7.7510E-01   1.3491E-01   4.7112E-01   8.4373E-01   5.5552E-01   5.5760E-01
   7.2783E-01   7.2614E-01   1.0392E+00   8.2331E-01   8.1970E-01   1.0620E+00
   1.0603E+00   1.1817E+00   1.1810E+00   9.4377E-01   9.4414E-01   9.3650E-01
   9.3741E-01   7.5522E-01   7.5425E-01   8.8929E-01   8.8807E-01   6.6242E-01
   6.6018E-01   8.6843E-01   8.6671E-01   9.6499E-01   9.6321E-01   1.3199E+00
   1.3156E+00   9.0887E-01   9.0859E-01   7.0136E-01   6.9950E-01   1.0896E+00
   1.0911E+00   1.0838E+00   1.0836E+00   8.4185E-01   8.3915E-01   6.8408E-01
   3.7304E-01   3.7275E-01   2.1824E-01   2.1767E-01   5.3442E-01   5.3381E-01
   6.7479E-01   6.7530E-01   1.2652E+00   1.2648E+00   2.9192E-01   2.9153E-01
   5.9739E-01   5.9694E-01   1.9720E-01   1.9608E-01   4.9448E-01   4.9374E-01
   6.5390E-01   6.5152E-01   6.5814E-01   6.6074E-01   3.8353E-01   3.8416E-01
   7.7753E-01   7.7922E-01   6.9872E-01   6.9940E-01   5.3941E-01   5.4012E-01
   4.7207E-01   4.7102E-01   2.9924E-01   2.9858E-01   4.8057E-01   8.4293E-02
   8.5093E-02   3.2286E-01   3.2228E-01   7.4258E-01   7.3997E-01   4.2848E-01
   4.2964E-01   1.3226E-01   1.3184E-01   2.1350E-01   2.1468E-01   6.0174E-01
   6.0048E-01   5.1294E-01   5.0476E-01   5.0349E-01   7.4726E-02   7.4539E-02
   4.0117E-01   4.0196E-01   4.6484E-01   4.6496E-01   4.4333E-01   4.4371E-01
   1.9296E-01   1.9127E-01   2.5329E-01   2.5264E-01   3.7476E-01   3.7531E-01
   5.7294E-01   5.7506E-01   5.4993E-02   5.3862E-02   4.9452E-01   4.9305E-01
   3.8334E-01   3.8394E-01   4.0272E-01   4.0143E-01   7.2882E-01   7.3277E-01
   7.6544E-01   7.6182E-01   1.9613E-01   1.9780E-01   2.8373E-01   2.8380E-01
   1.7559E-03   1.6801E-03  -3.1973E-01   1.6453E-01   1.6327E-01   3.7726E-01
   3.7597E-01   3.4629E-01   2.4133E-01   2.4116E-01   1.4511E-01   1.4597E-01
   1.2437E-01   1.2401E-01   2.6530E-01   2.6413E-01   2.4783E-01   2.4841E-01
   2.7431E-01   2.7382E-01   2.0091E-01   2.0024E-01   3.4345E-01   4.0588E-01
   4.0471E-01   2.7271E-01   2.7189E-01  -1.2108E-01  -1.2096E-01   1.4166E-01
   1.4140E-01   4.0059E-01   4.0139E-01   2.9550E-01   2.9460E-01   4.1076E-01
   4.1140E-01   1.3682E-01   1.3675E-01   1.0245E-01   1.0211E-01   1.9866E-01
   1.9830E-01   2.9677E-01   2.9703E-01   2.3272E-01   2.3227E-01   1.3303E-01
   3.1778E-01   3.1812E-01   7.9112E-03   8.0808E-03   1.4611E-01   1.4573E-01
   1.7597E-01   1.7569E-01   1.8096E-01   1.8036E-01  -2.3816E-01  -2.3764E-01
   2.8013E-01   2.7989E-01  -1.0710E-03  -1.2534E-03   2.8664E-01   2.8663E-01
   1.5182E-01   1.5138E-01  -3.3354E-01   2.7870E-01   2.7910E-01   1.3500E-01
   1.3545E-01   1.8708E-01   1.8709E-01  -7.5415E-02  -7.6199E-02   1.8486E-01
   1.8507E-01  -2.1765E-01  -2.1709E-01   2.8531E-01   2.8520E-01   2.3079E-01
   2.3062E-01   7.3238E-01   7.3067E-01   1.4845E-01   1.4858E-01   4.0451E-02
   4.0450E-02   4.8717E-02   4.9219E-02  -1.1621E-01  -1.1600E-01  -2.4403E-01
  -2.4451E-01   5.0592E-01   5.0470E-01  -9.4715E-02  -9.5014E-02   2.3858E-01
  -1.3054E-01  -2.1477E-01  -2.1439E-01   1.3275E-01  -5.1726E-02   1.3676E-01
   1.3713E-01   9.2641E-02   9.2614E-02   4.0576E-02   4.0721E-02   9.3152E-02
   9.3326E-02   3.2031E-01   3.2048E-01   1.0562E-01   1.0560E-01  -1.3303E-01
  -9.3890E-02  -9.3765E-02   4.9424E-02   4.9659E-02   2.7810E-01   2.7844E-01
  -5.2747E-02  -7.3820E-02  -7.4672E-02   2.3877E-01   1.8514E-01   1.8488E-01
  -1.1222E+00  -2.5834E-01  -3.5723E+00   1.8255E+00  -6.4128E+00   4.9877E+00
  -2.5773E+00   1.4741E+00  -5.5213E+00   4.2088E+00  -3.3159E+00   1.9329E+00
  -5.0470E-01  -6.0482E-01   3.2437E-01  -1.3482E+00  -5.1288E+00   3.8121E+00
  -3.6725E+00   2.4323E+00   7.1830E-01  -1.7634E+00  -1.1384E+00  -2.7931E-01
  -2.1434E+00   8.7262E-01  -4.5785E+00   3.7990E+00   7.1857E+00  -7.3215E+00
   2.3659E+00  -2.8399E+00   1.3044E+00  -2.1621E+00   4.7055E+00  -5.2866E+00
   1.2366E+00  -1.9915E+00  -4.6407E+00   3.5751E+00   1.7882E+00  -2.6301E+00
  -9.8226E-01  -8.9621E-02  -3.2843E+00   2.1106E+00  -4.6499E+00   3.7081E+00
  -5.7624E+00   4.8283E+00  -3.8319E+00   3.0805E+00  -1.9867E+00   1.0868E+00
   8.7104E-01  -1.5465E+00  -3.5327E+00   2.6505E+00  -5.0011E+00   4.0250E+00
  -3.3741E+00   2.0128E+00  -3.9130E+00   2.9752E+00   4.3170E-01  -1.1490E+00
  -5.8438E+00   4.7240E+00  -4.7254E+00   3.6112E+00  -4.2849E-01  -4.3291E-01
  -4.4857E+00   3.8086E+00   1.3870E+00  -1.7584E+00   4.8534E+00  -5.0701E+00
   1.9207E+00  -2.4531E+00  -5.2607E+00   4.5855E+00  -1.1302E+00  -1.8029E-01
   2.1778E+00  -2.4705E+00  -4.8053E+00   4.2069E+00   2.5394E+00  -2.7376E+00
  -1.3613E+00   8.6734E-01  -2.3169E+00   1.6631E+00  -3.9595E-01  -2.6649E-01
   2.1326E+00  -2.5120E+00  -5.3059E+00   4.5335E+00  -4.8423E+00   4.1512E+00
  -4.0365E+00   3.4981E+00  -4.1038E+00   3.6325E+00   2.4982E+00  -2.7927E+00
  -5.1115E+00   4.6317E+00   4.4665E+00  -4.5502E+00  -9.0717E-01   5.8364E-01
  -4.6267E+00   3.8868E+00  -3.6117E+00   3.1855E+00   1.5242E+00  -1.6577E+00
   2.1314E+00  -2.3453E+00  -1.4061E+00   8.0923E-01  -5.1297E+00   4.6151E+00
  -4.1205E+00   3.6162E+00   1.1838E+00  -1.2594E+00  -3.5972E+00   3.1970E+00
  -5.1489E+00   4.6847E+00  -5.1390E+00   4.6964E+00   2.1685E-01  -4.0816E-01
  -2.4733E+00   2.2198E+00  -5.4780E+00   5.1031E+00  -4.0545E+00   3.4775E+00
   1.1956E+00  -1.2491E+00  -4.0930E+00   3.5991E+00  -5.4829E+00   5.0978E+00
  -1.7770E+00   1.3769E+00  -4.3867E-01  -2.8609E-01  -4.6395E+00   3.8760E+00
   2.1450E+00  -2.3431E+00  -3.5331E+00   3.2525E+00   8.0817E-01  -8.0882E-01
   7.4828E+00  -7.1606E+00   2.2823E-01  -3.9212E-01  -1.7661E+00   1.3894E+00
  -5.8758E+00   5.5284E+00  -3.8888E+00   3.6472E+00   4.4382E+00  -4.5847E+00
  -1.1731E+00   1.0472E+00  -2.4784E+00   2.2152E+00  -3.8886E+00   3.6427E+00
  -2.5626E+00   2.2897E+00  -8.3692E-01   6.3596E-01  -5.8751E+00   5.5298E+00
  -9.4070E-01   5.3319E-01  -1.3466E+00   1.0722E+00   2.3916E+00  -2.2712E+00
  -2.2916E-01   8.6997E-02  -3.6808E+00   3.2779E+00  -1.3577E+00   1.0615E+00
  -3.6885E+00   3.2749E+00  -1.1788E+00   1.0432E+00  -1.5751E+00   1.4724E+00
   1.4995E+00  -1.6974E+00  -3.5399E+00   3.2429E+00  -4.2966E+00   4.0653E+00
  -2.7220E+00   2.5893E+00  -3.6343E+00   3.3162E+00   8.0217E-01  -8.1347E-01
  -1.6518E+00   1.5056E+00  -8.2602E-01   6.4844E-01  -1.2989E+00   1.1151E+00
   5.1068E+00  -4.8702E+00  -2.5686E+00   2.2899E+00   4.5488E-04   4.6221E-04
  -3.9933E+00   3.7053E+00  -2.3522E-01   8.1280E-02   7.4905E+00  -7.1565E+00
  -4.4020E+00   4.1240E+00  -2.0605E+00   1.9238E+00  -1.2998E+00   1.1139E+00
   2.2845E+00  -2.2091E+00  -2.8310E+00   2.6460E+00   4.6267E+00  -4.4113E+00
  -3.9926E+00   3.7066E+00  -4.2933E+00   4.0650E+00  -2.3494E+00   1.6229E+00
  -1.6530E+00   1.5052E+00  -4.9023E-01   4.5004E-01  -1.0850E-01   6.0151E-02
   2.3913E+00  -2.2748E+00   5.1089E+00  -4.8657E+00  -4.0998E+00   3.5950E+00
   2.2332E+00  -2.1398E+00  -2.9428E+00   2.7020E+00   2.7221E+00  -2.5921E+00
   4.6251E+00  -4.4123E+00  -2.7222E+00   2.5890E+00   1.7427E+00  -1.6908E+00
  -2.0617E+00   1.9258E+00  -6.0216E-01   5.0734E-01  -4.9092E-01   4.4809E-01
  -6.0158E-01   5.0801E-01  -3.6343E+00   3.3159E+00  -1.5767E+00   1.4713E+00
   2.7227E+00  -2.5901E+00   2.2345E+00  -2.1404E+00  -1.0773E-01   5.8788E-02
  -4.4020E+00   4.1238E+00   1.7415E+00  -1.6896E+00   2.2841E+00  -2.2075E+00
  -2.9449E+00   2.7065E+00  -2.8329E+00   2.6478E+00
  > E    =  -1.299159664993E+03 +/-   4.110231455745E-04
  > varE =   1.695346950902E-02
* Computing derivatives.
    [walltime: 2m16s elapsed, 1h50m remaining]
    [walltime: 1h1m elapsed, 50m1s remaining]
  Done. [total walltime: 1h49m]
* Optimizing manipulation constant:
  #igrid a___________ E____________________________________ varE____________
     1     Infinity    -1.29915966E+03 +/-   4.11023146E-04   1.69534695E-02
     2     1.0000E+06  -1.29915966E+03 +/-   4.11023141E-04   1.69534691E-02
     3     2.1544E+05  -1.29915966E+03 +/-   4.11023122E-04   1.69534676E-02
     4     4.6416E+04  -1.29915967E+03 +/-   4.11023037E-04   1.69534606E-02
     5     1.0000E+04  -1.29915967E+03 +/-   4.11022652E-04   1.69534288E-02
     6     2.1544E+03  -1.29915967E+03 +/-   4.11021030E-04   1.69532950E-02
     7     4.6416E+02  -1.29915967E+03 +/-   4.11017155E-04   1.69529754E-02
     8     1.0000E+02  -1.29915968E+03 +/-   4.11079760E-04   1.69581402E-02
     9     2.1544E+01  -1.29915968E+03 +/-   4.13978863E-04   1.71981751E-02
    10     4.6416E+00  -1.29905868E+03 +/-   1.04272814E-03   1.09110922E-01
    11     1.0000E+00  -1.29900685E+03 +/-   1.16231701E-03   1.35573628E-01
    12     2.1544E-01 (error)
    13     4.6416E-02   5.19092419E+08 +/-   3.39264812E+11   1.15505767E+28
    14     1.0000E-02   8.14115286E+08 +/-   6.24950849E+11   3.91938347E+28
    15     2.1544E-03   9.00696988E+08 +/-   7.17088371E+11   5.16025771E+28
    16     4.6416E-04   9.20701795E+08 +/-   7.38857750E+11   5.47832380E+28
    17     1.0000E-04   9.25077823E+08 +/-   7.43643225E+11   5.54951824E+28
    18     2.1544E-05   9.26023732E+08 +/-   7.44678731E+11   5.56498416E+28
    19     4.6416E-06   9.26227689E+08 +/-   7.44902054E+11   5.56832245E+28
    20     1.0000E-06   9.26271629E+08 +/-   7.44950172E+11   5.56904186E+28
    21     0.0000E+00   9.26283680E+08 +/-   7.44963373E+11   5.56923922E+28
* Iteration # 1: E =  -1.299159677815E+03 +/-   4.110797602502E-04
* Diminishing returns: exiting.
* After optimization:
  -1.4086E+01  -1.4082E+01  -1.4087E+01  -1.4084E+01  -1.4067E+01  -1.4065E+01
  -1.4063E+01  -1.4071E+01  -1.4062E+01   1.5238E+00   1.5281E+00   1.8818E+00
   1.4345E+00   1.1352E+00   1.3481E+00   1.4193E+00   1.2111E+00   1.2007E+00
   1.1033E+00   1.0962E+00   1.4070E+00   1.3991E+00   1.3217E+00   1.3142E+00
   1.1329E+00   1.1237E+00   1.4957E+00   1.4866E+00   1.3411E+00   1.3335E+00
   7.7064E-01   1.3746E-01   4.8674E-01   8.5441E-01   5.6445E-01   5.6651E-01
   7.2665E-01   7.2497E-01   1.0346E+00   8.3657E-01   8.3299E-01   1.0619E+00
   1.0603E+00   1.1752E+00   1.1745E+00   9.2387E-01   9.2422E-01   9.2197E-01
   9.2287E-01   7.5175E-01   7.5078E-01   8.8261E-01   8.8139E-01   6.6387E-01
   6.6159E-01   8.6262E-01   8.6091E-01   9.6290E-01   9.6113E-01   1.3134E+00
   1.3091E+00   9.0541E-01   9.0513E-01   6.8806E-01   6.8622E-01   1.0750E+00
   1.0766E+00   1.0639E+00   1.0637E+00   8.4423E-01   8.4151E-01   6.7947E-01
   3.7193E-01   3.7166E-01   2.2714E-01   2.2660E-01   5.4764E-01   5.4703E-01
   6.5764E-01   6.5816E-01   1.2694E+00   1.2690E+00   2.8757E-01   2.8716E-01
   5.9504E-01   5.9463E-01   1.9466E-01   1.9355E-01   5.0207E-01   5.0131E-01
   6.4486E-01   6.4253E-01   6.6494E-01   6.6748E-01   3.7914E-01   3.7979E-01
   7.6032E-01   7.6203E-01   6.9642E-01   6.9711E-01   5.3364E-01   5.3438E-01
   4.5344E-01   4.5238E-01   2.9671E-01   2.9607E-01   4.8046E-01   9.0759E-02
   9.1543E-02   3.2777E-01   3.2718E-01   7.2711E-01   7.2452E-01   4.1995E-01
   4.2112E-01   1.3078E-01   1.3037E-01   2.1352E-01   2.1468E-01   6.0928E-01
   6.0802E-01   5.1287E-01   4.8612E-01   4.8485E-01   7.5472E-02   7.5304E-02
   3.9269E-01   3.9348E-01   4.4722E-01   4.4733E-01   4.2573E-01   4.2611E-01
   1.9624E-01   1.9459E-01   2.4321E-01   2.4254E-01   3.5932E-01   3.5985E-01
   5.6715E-01   5.6925E-01   5.5698E-02   5.4575E-02   4.9294E-01   4.9146E-01
   3.6789E-01   3.6846E-01   4.0765E-01   4.0637E-01   7.3565E-01   7.3957E-01
   7.5005E-01   7.4644E-01   1.9613E-01   1.9777E-01   2.7457E-01   2.7464E-01
  -1.2913E-02  -1.2961E-02  -3.1823E-01   1.6779E-01   1.6657E-01   3.8217E-01
   3.8091E-01   3.1552E-01   2.3433E-01   2.3416E-01   1.5166E-01   1.5250E-01
   1.3084E-01   1.3047E-01   2.5522E-01   2.5404E-01   2.4080E-01   2.4133E-01
   2.6847E-01   2.6796E-01   2.0519E-01   2.0452E-01   3.1270E-01   4.1071E-01
   4.0955E-01   2.7495E-01   2.7412E-01  -1.2713E-01  -1.2699E-01   1.4231E-01
   1.4204E-01   3.9631E-01   3.9712E-01   2.9772E-01   2.9680E-01   4.0647E-01
   4.0711E-01   1.4323E-01   1.4319E-01   9.3766E-02   9.3433E-02   1.9725E-01
   1.9692E-01   2.8760E-01   2.8781E-01   2.1055E-01   2.1014E-01   1.1962E-01
   3.1296E-01   3.1327E-01  -6.7417E-03  -6.5719E-03   1.4991E-01   1.4954E-01
   1.8024E-01   1.7995E-01   1.8259E-01   1.8198E-01  -2.3072E-01  -2.3026E-01
   2.7426E-01   2.7401E-01  -1.0456E-03  -1.2242E-03   2.8402E-01   2.8396E-01
   1.5245E-01   1.5199E-01  -3.3204E-01   2.6098E-01   2.6136E-01   1.2376E-01
   1.2417E-01   1.8877E-01   1.8876E-01  -7.7031E-02  -7.7810E-02   1.7591E-01
   1.7610E-01  -2.1281E-01  -2.1223E-01   2.8265E-01   2.8253E-01   2.0865E-01
   2.0847E-01   7.2350E-01   7.2181E-01   1.5226E-01   1.5236E-01   3.7930E-02
   3.7898E-02   5.3171E-02   5.3705E-02  -1.2228E-01  -1.2208E-01  -2.3663E-01
  -2.3709E-01   5.0431E-01   5.0309E-01  -8.3833E-02  -8.4087E-02   2.3399E-01
  -1.1709E-01  -2.0999E-01  -2.0956E-01   1.1934E-01  -4.3456E-02   1.2548E-01
   1.2585E-01   9.4515E-02   9.4458E-02   3.8100E-02   3.8215E-02   9.5000E-02
   9.5167E-02   3.1550E-01   3.1570E-01   9.6930E-02   9.6920E-02  -1.1956E-01
  -8.2995E-02  -8.2882E-02   5.3839E-02   5.4104E-02   2.6040E-01   2.6071E-01
  -4.4400E-02  -7.5453E-02  -7.6289E-02   2.3416E-01   1.7617E-01   1.7592E-01
  -1.1538E+00  -2.3093E-01  -3.4940E+00   1.7494E+00  -5.8887E+00   4.4926E+00
  -2.4332E+00   1.3369E+00  -5.5014E+00   4.1885E+00  -3.0898E+00   1.7177E+00
  -5.0587E-01  -6.0619E-01   5.7790E-01  -1.5884E+00  -5.0682E+00   3.7538E+00
  -3.5497E+00   2.3153E+00   7.1966E-01  -1.7662E+00  -1.0961E+00  -3.2156E-01
  -1.9955E+00   7.3140E-01  -4.4772E+00   3.7023E+00   7.1685E+00  -7.3070E+00
   2.1377E+00  -2.6273E+00   1.1629E+00  -2.0313E+00   4.5829E+00  -5.1729E+00
   1.2787E+00  -2.0325E+00  -4.5394E+00   3.4785E+00   1.6033E+00  -2.4584E+00
  -9.3999E-01  -1.3186E-01  -3.1322E+00   1.9651E+00  -4.2750E+00   3.3530E+00
  -5.4902E+00   4.5707E+00  -3.7497E+00   3.0019E+00  -1.8387E+00   9.4565E-01
   8.7240E-01  -1.5492E+00  -3.4100E+00   2.5337E+00  -4.9405E+00   3.9665E+00
  -3.2220E+00   1.8671E+00  -3.8310E+00   2.8967E+00   6.8522E-01  -1.3892E+00
  -5.5717E+00   4.4664E+00  -4.3504E+00   3.2561E+00  -4.2956E-01  -4.3419E-01
  -4.3845E+00   3.7119E+00   1.4291E+00  -1.7993E+00   4.7308E+00  -4.9564E+00
   1.7359E+00  -2.2814E+00  -4.9478E+00   4.2898E+00  -1.1619E+00  -1.5289E-01
   2.2824E+00  -2.5708E+00  -4.7447E+00   4.1486E+00   2.6031E+00  -2.7987E+00
  -1.4653E+00   9.6375E-01  -2.1257E+00   1.4810E+00  -4.7103E-01  -1.9827E-01
   2.2371E+00  -2.6123E+00  -4.9930E+00   4.2378E+00  -4.7816E+00   4.0928E+00
  -3.9133E+00   3.3807E+00  -3.7695E+00   3.3168E+00   2.5620E+00  -2.8538E+00
  -5.0915E+00   4.6118E+00   4.3873E+00  -4.4774E+00  -9.7036E-01   6.4195E-01
  -4.3255E+00   3.6013E+00  -3.4477E+00   3.0300E+00   1.5664E+00  -1.6985E+00
   2.1621E+00  -2.3759E+00  -1.5101E+00   9.0568E-01  -5.1097E+00   4.5950E+00
  -3.7861E+00   3.3003E+00   1.1855E+00  -1.2618E+00  -3.4332E+00   3.0415E+00
  -4.8359E+00   4.3893E+00  -4.8258E+00   4.4010E+00   1.7533E-01  -3.6985E-01
  -2.2877E+00   2.0442E+00  -5.2055E+00   4.8461E+00  -3.9312E+00   3.3601E+00
   1.1973E+00  -1.2515E+00  -4.0437E+00   3.5513E+00  -5.2103E+00   4.8407E+00
  -1.8376E+00   1.4325E+00  -5.1367E-01  -2.1788E-01  -4.3384E+00   3.5903E+00
   2.1756E+00  -2.3737E+00  -3.3688E+00   3.0974E+00   1.0623E+00  -1.0483E+00
   7.4661E+00  -7.1454E+00   1.8667E-01  -3.5385E-01  -1.8266E+00   1.4450E+00
  -5.3508E+00   5.0342E+00  -3.7651E+00   3.5304E+00   4.3590E+00  -4.5119E+00
  -1.2765E+00   1.1442E+00  -2.2928E+00   2.0397E+00  -3.7648E+00   3.5259E+00
  -2.4508E+00   2.1837E+00  -8.9985E-01   6.9454E-01  -5.3502E+00   5.0355E+00
  -1.0039E+00   5.9151E-01  -1.3663E+00   1.0897E+00   2.4969E+00  -2.3705E+00
  -2.2726E-01   8.4500E-02  -3.5907E+00   3.1920E+00  -1.3775E+00   1.0790E+00
  -3.5984E+00   3.1891E+00  -1.2823E+00   1.1402E+00  -1.4262E+00   1.3322E+00
   1.5417E+00  -1.7382E+00  -3.3756E+00   3.0878E+00  -3.9204E+00   3.7113E+00
  -2.4947E+00   2.3755E+00  -3.5439E+00   3.2306E+00   1.0564E+00  -1.0529E+00
  -1.7118E+00   1.5619E+00  -8.8890E-01   7.0704E-01  -1.3184E+00   1.1330E+00
   4.9849E+00  -4.7557E+00  -2.4569E+00   2.1839E+00   4.8258E-04   4.6360E-04
  -3.9433E+00   3.6581E+00  -2.3330E-01   7.8759E-02   7.4738E+00  -7.1413E+00
  -4.0999E+00   3.8396E+00  -1.8682E+00   1.7428E+00  -1.3193E+00   1.1317E+00
   2.3158E+00  -2.2389E+00  -2.6777E+00   2.5017E+00   4.5482E+00  -4.3377E+00
  -3.9428E+00   3.6595E+00  -3.9172E+00   3.7110E+00  -2.1583E+00   1.4407E+00
  -1.7130E+00   1.5614E+00  -4.4686E-01   4.0919E-01  -1.8238E-01   1.2966E-01
   2.4966E+00  -2.3741E+00   4.9870E+00  -4.7512E+00  -4.0504E+00   3.5472E+00
   2.0494E+00  -1.9668E+00  -2.8634E+00   2.6273E+00   2.4948E+00  -2.3783E+00
   4.5466E+00  -4.3386E+00  -2.4950E+00   2.3752E+00   1.6022E+00  -1.5587E+00
  -1.8693E+00   1.7448E+00  -6.3270E-01   5.3603E-01  -4.4754E-01   4.0719E-01
  -6.3206E-01   5.3667E-01  -3.5439E+00   3.2303E+00  -1.4278E+00   1.3311E+00
   2.4955E+00  -2.3763E+00   2.0506E+00  -1.9675E+00  -1.8165E-01   1.2828E-01
  -4.0999E+00   3.8393E+00   1.6010E+00  -1.5575E+00   2.3155E+00  -2.2373E+00
  -2.8655E+00   2.6317E+00  -2.6796E+00   2.5035E+00
  > Energy =  -1.299159677815E+03 +/-   4.110797602502E-04
  > varE =   1.695814020112E-02

VMC #5:
* Size of Hilbert space =   5.4457E+18
* Number of equil. steps   = 1000
* Running VMC equilibration.
  Done. [total walltime: 0.03s]
* Equil. acc.ratio (%)     =  11.0118
* Sample config after equilibration:
  [draw: system geometry not defined]
* Number of accum. steps   = 501760 x 10
* Running VMC accumulation.
    [walltime: 1m elapsed, 18.5s remaining]
  Done. [total walltime: 1m18s]
* Acceptance ratio (%)     =  10.9628
* Etot/t                   =  -1.299159796552E+03 +/-   1.829369765694E-04
  > Ttot/t                 =  -1.396102243780E+02 +/-   1.167514749209E-03
  > Utot/t                 =   6.245577670529E+01 +/-   1.157186844186E-03
* var[Eloc/t]              =   1.747360525315E-02 +/-   1.319261937842E-04
* Correlation length       =   9.609847827469E-01
* log10 Psi^2 range: -113.57614571624482 -- -98.813635684616955
* log10 Pgen range : -113.57614571624482 -- -98.813635684616955
* Site occupation (ave. no. electrons per config.):
  > Site_  ___eu____  ___ed____
      1        0.497      0.499
      2        0.496      0.497
      3        0.501      0.494
      4        0.493      0.501
      5        0.496      0.497
      6        0.500      0.501
      7        0.503      0.504
      8        0.500      0.505
      9        0.500      0.503
     10        0.500      0.502
     11        0.500      0.499
     12        0.497      0.500
     13        0.500      0.498
     14        0.493      0.498
     15        0.499      0.500
     16        0.502      0.501
     17        0.506      0.504
     18        0.507      0.501
     19        0.505      0.502
     20        0.501      0.497
     21        0.497      0.497
     22        0.501      0.503
     23        0.494      0.498
     24        0.505      0.500
     25        0.505      0.504
     26        0.502      0.503
     27        0.506      0.502
     28        0.503      0.503
     29        0.501      0.503
     30        0.498      0.497
     31        0.499      0.495
     32        0.498      0.494
     33        0.496      0.500
     34        0.499      0.498
* Pair-correlation analysis (ave. no. pairs per config.):
  > Shell  nsite  ___dh____  __eueu___  __eued___
      0      1        0          0          6.122
      1      0        0.973      0.468      2.576
      2      0        0.228      0.791      1.044
      3      0        0.267      0.750      1.034
      4      0        0.137      0.368      0.520
      5      0        0.272      0.740      1.035
      6      0        0.250      0.763      1.032
      7      0        0.816      0.787      2.428
      8      0        0.754      0.965      2.333
      9      0        0.691      1.103      2.278
     10      0        0.636      1.232      2.219
     11      0        0.589      1.333      2.162
     12      0        0.445      1.591      2.060
     13      0        0.521      1.469      2.116
     14      0        0.157      0.822      1.152
     15      0        0.157      0.825      1.139
     16      0        0.153      0.840      1.119
     17      0        0.148      0.865      1.074
     18      0        0.243      2.093      1.942
     19      0        0.243      2.112      1.942
     20      0        0.123      1.053      0.978
     21      0        0.237      2.080      1.928
     22      0        0.247      2.028      1.960
     23      0        0.275      1.923      2.031
     24      0        0.307      1.899      2.024
     25      0        0.326      1.887      2.026
     26      0        0.326      1.888      2.027
     27      0        0.256      2.064      1.956
     28      0        0.261      2.080      1.938
     29      0        0.261      2.097      1.937
     30      0        0.261      2.102      1.927
     31      0        0.243      2.088      1.934
     32      0        0.299      2.051      1.924
     33      0        0.262      2.104      1.921
     34      0        0.290      2.058      1.927
     35      0        0.280      2.059      1.924
     36      0        0.246      2.112      1.912
     37      0        0.120      0.987      1.046
     38      0        0.239      1.967      2.091
     39      0        0.239      1.968      2.070
     40      0        0.236      1.967      2.040
     41      0        0.266      2.047      1.971
     42      0        0.223      2.120      1.919
     43      0        0.258      2.043      1.956
     44      0        0.266      2.034      1.979
     45      0        0.270      2.027      1.973
     46      0        0.266      2.024      1.972
     47      0        0.263      2.003      1.973
     48      0        0.235      2.056      1.974
     49      0        0.280      1.870      2.090
     50      0        0.286      1.901      2.081
     51      0        0.284      1.927      2.057
     52      0        0.295      1.943      1.999
     53      0        0.307      1.955      1.997
     54      0        0.283      1.935      2.044
     55      0        0.154      0.973      0.997
     56      0        0.236      1.995      2.020
     57      0        0.235      2.010      2.046
     58      0        0.269      1.967      2.017
     59      0        0.261      1.973      2.032
     60      0        0.238      2.013      2.044
     61      0        0.244      1.979      2.040
     62      0        0.276      1.951      2.026
     63      0        0.151      0.997      0.979
     64      0        0.304      1.999      1.959
     65      0        0.272      1.979      2.013
     66      0        0.260      2.021      1.985
     67      0        0.268      1.984      2.027
     68      0        0.269      2.014      1.996
     69      0        0.269      1.993      2.005
     70      0        0.294      1.964      1.987
     71      0        0.302      1.969      1.984
     72      0        0.289      2.001      1.955
     73      0        0.270      2.007      1.990
     74      0        0.270      1.983      1.995
     75      0        0.304      1.984      1.964
     76      0        0.266      1.978      1.987
     77      0        0.266      1.844      2.130
     78      0        0.262      2.019      1.981
     79      0        0.239      2.031      2.000
     80      0        0.258      2.016      1.995
     81      0        0.270      2.001      1.998
     82      0        0.121      1.018      1.004
     83      0        0.270      2.006      1.989
     84      0        0.263      1.987      1.982
     85      0        0.149      0.994      0.987
     86      0        0.293      1.963      1.982
     87      0        0.235      2.024      1.993
     88      0        0.266      2.005      1.990
     89      0        0.291      1.981      1.977
     90      0        0.292      1.978      1.973
     91      0        0.269      1.992      1.994
     92      0        0.238      2.028      2.022
     93      0        0.151      0.987      0.991
     94      0        0.240      2.045      2.004
     95      0        0.234      2.015      2.014
     96      0        0.258      2.001      1.998
     97      0        0.265      1.986      1.985
     98      0        0.237      2.024      2.019
     99      0        0.234      2.017      2.010
    100      0        0.237      2.013      2.030
    101      0        0.268      1.989      2.001
    102      0        0.263      2.005      2.000
    103      0        0.237      2.053      2.009
    104      0        0.260      1.998      2.007
    105      0        0.291      1.978      1.974
    106      0        0.138      0.991      0.988
    107      0        0.238      2.026      2.017
    108      0        0.268      1.988      2.014
    109      0        0.265      1.989      1.977
    110      0        0.235      2.021      2.035
    111      0        0.233      2.008      2.022
    112      0        0.237      2.025      2.015
    113      0        0.269      1.993      1.996
    114      0        0.254      2.001      1.999
    115      0        0.268      1.990      1.990
    116      0        0.268      1.985      1.981
    117      0        0.121      1.011      1.011
    118      0        0.265      2.001      1.991
    119      0        0.262      1.988      1.986
    120      0        0.235      2.015      2.013
    121      0        0.234      2.020      2.018
    122      0        0.254      2.001      1.988
    123      0        0.235      2.006      2.008
    124      0        0.269      1.987      1.994
    125      0        0.291      1.976      1.978
    126      0        0.269      1.964      2.002
    127      0        0.263      1.984      1.985
    128      0        0.254      1.981      1.985
    129      0        0.235      2.016      2.012
    130      0        0.258      1.998      2.000
    131      0        0.238      2.017      2.022
    132      0        0.267      2.000      1.986
    133      0        0.232      2.007      2.007
    134      0        0.116      1.010      1.000
    135      0        0.117      1.011      1.009
    136      0        0.236      2.011      2.005
    137      0        0.140      0.987      0.987
    138      0        0.114      0.998      0.996
    139      0        0.265      1.982      1.990
    140      0        0.231      1.995      2.011
    141      0        0.253      1.980      1.988
    142      0        0.232      2.003      2.002
    143      0        0.237      2.023      2.025
    144      0        0.266      1.995      2.004
    145      0        0.118      1.008      1.009
    146      0        0.230      2.011      2.004
    147      0        0.236      2.008      2.019
    148      0        0.266      1.994      1.996
    149      0        0.115      1.000      0.993
    150      0        0.238      2.010      2.022
    151      0        0.117      1.003      1.008
    152      0        0.257      1.993      1.994
    153      0        0.255      1.993      2.001

Optimization #5:
* Method          : lls
* Target function : energy
* No. of configs. : 100352
* No. of params.  : 592
* Before optimization:
  -1.4086E+01  -1.4082E+01  -1.4087E+01  -1.4084E+01  -1.4067E+01  -1.4065E+01
  -1.4063E+01  -1.4071E+01  -1.4062E+01   1.5238E+00   1.5281E+00   1.8818E+00
   1.4345E+00   1.1352E+00   1.3481E+00   1.4193E+00   1.2111E+00   1.2007E+00
   1.1033E+00   1.0962E+00   1.4070E+00   1.3991E+00   1.3217E+00   1.3142E+00
   1.1329E+00   1.1237E+00   1.4957E+00   1.4866E+00   1.3411E+00   1.3335E+00
   7.7064E-01   1.3746E-01   4.8674E-01   8.5441E-01   5.6445E-01   5.6651E-01
   7.2665E-01   7.2497E-01   1.0346E+00   8.3657E-01   8.3299E-01   1.0619E+00
   1.0603E+00   1.1752E+00   1.1745E+00   9.2387E-01   9.2422E-01   9.2197E-01
   9.2287E-01   7.5175E-01   7.5078E-01   8.8261E-01   8.8139E-01   6.6387E-01
   6.6159E-01   8.6262E-01   8.6091E-01   9.6290E-01   9.6113E-01   1.3134E+00
   1.3091E+00   9.0541E-01   9.0513E-01   6.8806E-01   6.8622E-01   1.0750E+00
   1.0766E+00   1.0639E+00   1.0637E+00   8.4423E-01   8.4151E-01   6.7947E-01
   3.7193E-01   3.7166E-01   2.2714E-01   2.2660E-01   5.4764E-01   5.4703E-01
   6.5764E-01   6.5816E-01   1.2694E+00   1.2690E+00   2.8757E-01   2.8716E-01
   5.9504E-01   5.9463E-01   1.9466E-01   1.9355E-01   5.0207E-01   5.0131E-01
   6.4486E-01   6.4253E-01   6.6494E-01   6.6748E-01   3.7914E-01   3.7979E-01
   7.6032E-01   7.6203E-01   6.9642E-01   6.9711E-01   5.3364E-01   5.3438E-01
   4.5344E-01   4.5238E-01   2.9671E-01   2.9607E-01   4.8046E-01   9.0759E-02
   9.1543E-02   3.2777E-01   3.2718E-01   7.2711E-01   7.2452E-01   4.1995E-01
   4.2112E-01   1.3078E-01   1.3037E-01   2.1352E-01   2.1468E-01   6.0928E-01
   6.0802E-01   5.1287E-01   4.8612E-01   4.8485E-01   7.5472E-02   7.5304E-02
   3.9269E-01   3.9348E-01   4.4722E-01   4.4733E-01   4.2573E-01   4.2611E-01
   1.9624E-01   1.9459E-01   2.4321E-01   2.4254E-01   3.5932E-01   3.5985E-01
   5.6715E-01   5.6925E-01   5.5698E-02   5.4575E-02   4.9294E-01   4.9146E-01
   3.6789E-01   3.6846E-01   4.0765E-01   4.0637E-01   7.3565E-01   7.3957E-01
   7.5005E-01   7.4644E-01   1.9613E-01   1.9777E-01   2.7457E-01   2.7464E-01
  -1.2913E-02  -1.2961E-02  -3.1823E-01   1.6779E-01   1.6657E-01   3.8217E-01
   3.8091E-01   3.1552E-01   2.3433E-01   2.3416E-01   1.5166E-01   1.5250E-01
   1.3084E-01   1.3047E-01   2.5522E-01   2.5404E-01   2.4080E-01   2.4133E-01
   2.6847E-01   2.6796E-01   2.0519E-01   2.0452E-01   3.1270E-01   4.1071E-01
   4.0955E-01   2.7495E-01   2.7412E-01  -1.2713E-01  -1.2699E-01   1.4231E-01
   1.4204E-01   3.9631E-01   3.9712E-01   2.9772E-01   2.9680E-01   4.0647E-01
   4.0711E-01   1.4323E-01   1.4319E-01   9.3766E-02   9.3433E-02   1.9725E-01
   1.9692E-01   2.8760E-01   2.8781E-01   2.1055E-01   2.1014E-01   1.1962E-01
   3.1296E-01   3.1327E-01  -6.7417E-03  -6.5719E-03   1.4991E-01   1.4954E-01
   1.8024E-01   1.7995E-01   1.8259E-01   1.8198E-01  -2.3072E-01  -2.3026E-01
   2.7426E-01   2.7401E-01  -1.0456E-03  -1.2242E-03   2.8402E-01   2.8396E-01
   1.5245E-01   1.5199E-01  -3.3204E-01   2.6098E-01   2.6136E-01   1.2376E-01
   1.2417E-01   1.8877E-01   1.8876E-01  -7.7031E-02  -7.7810E-02   1.7591E-01
   1.7610E-01  -2.1281E-01  -2.1223E-01   2.8265E-01   2.8253E-01   2.0865E-01
   2.0847E-01   7.2350E-01   7.2181E-01   1.5226E-01   1.5236E-01   3.7930E-02
   3.7898E-02   5.3171E-02   5.3705E-02  -1.2228E-01  -1.2208E-01  -2.3663E-01
  -2.3709E-01   5.0431E-01   5.0309E-01  -8.3833E-02  -8.4087E-02   2.3399E-01
  -1.1709E-01  -2.0999E-01  -2.0956E-01   1.1934E-01  -4.3456E-02   1.2548E-01
   1.2585E-01   9.4515E-02   9.4458E-02   3.8100E-02   3.8215E-02   9.5000E-02
   9.5167E-02   3.1550E-01   3.1570E-01   9.6930E-02   9.6920E-02  -1.1956E-01
  -8.2995E-02  -8.2882E-02   5.3839E-02   5.4104E-02   2.6040E-01   2.6071E-01
  -4.4400E-02  -7.5453E-02  -7.6289E-02   2.3416E-01   1.7617E-01   1.7592E-01
  -1.1538E+00  -2.3093E-01  -3.4940E+00   1.7494E+00  -5.8887E+00   4.4926E+00
  -2.4332E+00   1.3369E+00  -5.5014E+00   4.1885E+00  -3.0898E+00   1.7177E+00
  -5.0587E-01  -6.0619E-01   5.7790E-01  -1.5884E+00  -5.0682E+00   3.7538E+00
  -3.5497E+00   2.3153E+00   7.1966E-01  -1.7662E+00  -1.0961E+00  -3.2156E-01
  -1.9955E+00   7.3140E-01  -4.4772E+00   3.7023E+00   7.1685E+00  -7.3070E+00
   2.1377E+00  -2.6273E+00   1.1629E+00  -2.0313E+00   4.5829E+00  -5.1729E+00
   1.2787E+00  -2.0325E+00  -4.5394E+00   3.4785E+00   1.6033E+00  -2.4584E+00
  -9.3999E-01  -1.3186E-01  -3.1322E+00   1.9651E+00  -4.2750E+00   3.3530E+00
  -5.4902E+00   4.5707E+00  -3.7497E+00   3.0019E+00  -1.8387E+00   9.4565E-01
   8.7240E-01  -1.5492E+00  -3.4100E+00   2.5337E+00  -4.9405E+00   3.9665E+00
  -3.2220E+00   1.8671E+00  -3.8310E+00   2.8967E+00   6.8522E-01  -1.3892E+00
  -5.5717E+00   4.4664E+00  -4.3504E+00   3.2561E+00  -4.2956E-01  -4.3419E-01
  -4.3845E+00   3.7119E+00   1.4291E+00  -1.7993E+00   4.7308E+00  -4.9564E+00
   1.7359E+00  -2.2814E+00  -4.9478E+00   4.2898E+00  -1.1619E+00  -1.5289E-01
   2.2824E+00  -2.5708E+00  -4.7447E+00   4.1486E+00   2.6031E+00  -2.7987E+00
  -1.4653E+00   9.6375E-01  -2.1257E+00   1.4810E+00  -4.7103E-01  -1.9827E-01
   2.2371E+00  -2.6123E+00  -4.9930E+00   4.2378E+00  -4.7816E+00   4.0928E+00
  -3.9133E+00   3.3807E+00  -3.7695E+00   3.3168E+00   2.5620E+00  -2.8538E+00
  -5.0915E+00   4.6118E+00   4.3873E+00  -4.4774E+00  -9.7036E-01   6.4195E-01
  -4.3255E+00   3.6013E+00  -3.4477E+00   3.0300E+00   1.5664E+00  -1.6985E+00
   2.1621E+00  -2.3759E+00  -1.5101E+00   9.0568E-01  -5.1097E+00   4.5950E+00
  -3.7861E+00   3.3003E+00   1.1855E+00  -1.2618E+00  -3.4332E+00   3.0415E+00
  -4.8359E+00   4.3893E+00  -4.8258E+00   4.4010E+00   1.7533E-01  -3.6985E-01
  -2.2877E+00   2.0442E+00  -5.2055E+00   4.8461E+00  -3.9312E+00   3.3601E+00
   1.1973E+00  -1.2515E+00  -4.0437E+00   3.5513E+00  -5.2103E+00   4.8407E+00
  -1.8376E+00   1.4325E+00  -5.1367E-01  -2.1788E-01  -4.3384E+00   3.5903E+00
   2.1756E+00  -2.3737E+00  -3.3688E+00   3.0974E+00   1.0623E+00  -1.0483E+00
   7.4661E+00  -7.1454E+00   1.8667E-01  -3.5385E-01  -1.8266E+00   1.4450E+00
  -5.3508E+00   5.0342E+00  -3.7651E+00   3.5304E+00   4.3590E+00  -4.5119E+00
  -1.2765E+00   1.1442E+00  -2.2928E+00   2.0397E+00  -3.7648E+00   3.5259E+00
  -2.4508E+00   2.1837E+00  -8.9985E-01   6.9454E-01  -5.3502E+00   5.0355E+00
  -1.0039E+00   5.9151E-01  -1.3663E+00   1.0897E+00   2.4969E+00  -2.3705E+00
  -2.2726E-01   8.4500E-02  -3.5907E+00   3.1920E+00  -1.3775E+00   1.0790E+00
  -3.5984E+00   3.1891E+00  -1.2823E+00   1.1402E+00  -1.4262E+00   1.3322E+00
   1.5417E+00  -1.7382E+00  -3.3756E+00   3.0878E+00  -3.9204E+00   3.7113E+00
  -2.4947E+00   2.3755E+00  -3.5439E+00   3.2306E+00   1.0564E+00  -1.0529E+00
  -1.7118E+00   1.5619E+00  -8.8890E-01   7.0704E-01  -1.3184E+00   1.1330E+00
   4.9849E+00  -4.7557E+00  -2.4569E+00   2.1839E+00   4.8258E-04   4.6360E-04
  -3.9433E+00   3.6581E+00  -2.3330E-01   7.8759E-02   7.4738E+00  -7.1413E+00
  -4.0999E+00   3.8396E+00  -1.8682E+00   1.7428E+00  -1.3193E+00   1.1317E+00
   2.3158E+00  -2.2389E+00  -2.6777E+00   2.5017E+00   4.5482E+00  -4.3377E+00
  -3.9428E+00   3.6595E+00  -3.9172E+00   3.7110E+00  -2.1583E+00   1.4407E+00
  -1.7130E+00   1.5614E+00  -4.4686E-01   4.0919E-01  -1.8238E-01   1.2966E-01
   2.4966E+00  -2.3741E+00   4.9870E+00  -4.7512E+00  -4.0504E+00   3.5472E+00
   2.0494E+00  -1.9668E+00  -2.8634E+00   2.6273E+00   2.4948E+00  -2.3783E+00
   4.5466E+00  -4.3386E+00  -2.4950E+00   2.3752E+00   1.6022E+00  -1.5587E+00
  -1.8693E+00   1.7448E+00  -6.3270E-01   5.3603E-01  -4.4754E-01   4.0719E-01
  -6.3206E-01   5.3667E-01  -3.5439E+00   3.2303E+00  -1.4278E+00   1.3311E+00
   2.4955E+00  -2.3763E+00   2.0506E+00  -1.9675E+00  -1.8165E-01   1.2828E-01
  -4.0999E+00   3.8393E+00   1.6010E+00  -1.5575E+00   2.3155E+00  -2.2373E+00
  -2.8655E+00   2.6317E+00  -2.6796E+00   2.5035E+00
  > E    =  -1.299159818830E+03 +/-   4.155669885034E-04
  > varE =   1.733038115790E-02
* Computing derivatives.
    [walltime: 2m16s elapsed, 1h49m remaining]
    [walltime: 1h1m elapsed, 50m1s remaining]
  Done. [total walltime: 1h49m]
* Optimizing manipulation constant:
  #igrid a___________ E____________________________________ varE____________
     1     Infinity    -1.29915982E+03 +/-   4.15566989E-04   1.73303812E-02
     2     1.0000E+06  -1.29915982E+03 +/-   4.15566979E-04   1.73303803E-02
     3     2.1544E+05  -1.29915982E+03 +/-   4.15566943E-04   1.73303773E-02
     4     4.6416E+04  -1.29915982E+03 +/-   4.15566776E-04   1.73303635E-02
     5     1.0000E+04  -1.29915982E+03 +/-   4.15566002E-04   1.73302989E-02
     6     2.1544E+03  -1.29915982E+03 +/-   4.15562387E-04   1.73299974E-02
     7     4.6416E+02  -1.29915982E+03 +/-   4.15545131E-04   1.73285582E-02
     8     1.0000E+02  -1.29915983E+03 +/-   4.15455211E-04   1.73210595E-02
     9     2.1544E+01  -1.29915985E+03 +/-   4.14981257E-04   1.72815621E-02
    10     4.6416E+00  -1.29915463E+03 +/-   4.61116811E-04   2.13377166E-02
    11     1.0000E+00 (error)
    12     2.1544E-01  -1.29842780E+03 +/-   2.13072241E-03   4.55595873E-01
    13     4.6416E-02  -1.29773921E+03 +/-   2.85531804E-03   8.18153913E-01
    14     1.0000E-02  -1.29755440E+03 +/-   3.04021963E-03   9.27547052E-01
    15     2.1544E-03  -1.29751196E+03 +/-   3.08262757E-03   9.53604183E-01
    16     4.6416E-04  -1.29750267E+03 +/-   3.09188679E-03   9.59341428E-01
    17     1.0000E-04  -1.29750067E+03 +/-   3.09388734E-03   9.60583281E-01
    18     2.1544E-05  -1.29750024E+03 +/-   3.09431862E-03   9.60851102E-01
    19     4.6416E-06  -1.29750014E+03 +/-   3.09441154E-03   9.60908814E-01
    20     1.0000E-06  -1.29750012E+03 +/-   3.09443156E-03   9.60921248E-01
    21     0.0000E+00  -1.29750012E+03 +/-   3.09443706E-03   9.60924663E-01
  ParMin   4.6086E+01  -1.29915984E+03 +/-   4.15297488E-04   1.73079105E-02
  # Using grid point #9
* Iteration # 1: E =  -1.299159854724E+03 +/-   4.149812572679E-04
* Diminishing returns: exiting.
* After optimization:
  -1.4482E+01  -1.4479E+01  -1.4484E+01  -1.4480E+01  -1.4463E+01  -1.4461E+01
  -1.4460E+01  -1.4467E+01  -1.4458E+01   1.5515E+00   1.5558E+00   1.9135E+00
   1.4046E+00   1.0938E+00   1.3333E+00   1.4763E+00   1.2212E+00   1.2108E+00
   1.1346E+00   1.1274E+00   1.4458E+00   1.4379E+00   1.3470E+00   1.3397E+00
   1.1718E+00   1.1626E+00   1.5365E+00   1.5275E+00   1.3078E+00   1.3001E+00
   8.6317E-01   2.3021E-01   4.4915E-01   8.7847E-01   5.9154E-01   5.9355E-01
   8.1851E-01   8.1682E-01   1.1270E+00   8.3036E-01   8.2679E-01   1.1026E+00
   1.1009E+00   1.2199E+00   1.2192E+00   9.3792E-01   9.3812E-01   8.9899E-01
   8.9984E-01   7.2319E-01   7.2232E-01   8.4889E-01   8.4781E-01   7.0278E-01
   7.0059E-01   8.8798E-01   8.8642E-01   1.0017E+00   1.0000E+00   1.3582E+00
   1.3541E+00   8.7688E-01   8.7665E-01   7.1931E-01   7.1753E-01   1.0521E+00
   1.0534E+00   1.0782E+00   1.0779E+00   8.5387E-01   8.5126E-01   7.7142E-01
   4.6387E-01   4.6373E-01   2.5403E-01   2.5369E-01   5.4098E-01   5.4053E-01
   6.8734E-01   6.8782E-01   1.2973E+00   1.2969E+00   3.6178E-01   3.6153E-01
   6.3299E-01   6.3252E-01   2.1895E-01   2.1823E-01   4.7450E-01   4.7369E-01
   6.4245E-01   6.4011E-01   6.6229E-01   6.6480E-01   4.5321E-01   4.5420E-01
   7.8997E-01   7.9165E-01   7.3465E-01   7.3526E-01   5.5300E-01   5.5365E-01
   4.1529E-01   4.1443E-01   3.2114E-01   3.2066E-01   4.6389E-01   1.4804E-01
   1.4902E-01   3.5259E-01   3.5208E-01   7.2838E-01   7.2578E-01   4.9137E-01
   4.9232E-01   2.2126E-01   2.2081E-01   2.7456E-01   2.7585E-01   5.8153E-01
   5.8034E-01   4.9643E-01   4.4790E-01   4.4681E-01   1.1153E-01   1.1141E-01
   4.6432E-01   4.6507E-01   4.7517E-01   4.7531E-01   4.5357E-01   4.5385E-01
   1.5288E-01   1.5128E-01   2.4646E-01   2.4595E-01   3.3245E-01   3.3303E-01
   5.8636E-01   5.8838E-01   9.1395E-02   9.0506E-02   4.9838E-01   4.9690E-01
   3.4111E-01   3.4159E-01   4.0969E-01   4.0836E-01   7.3332E-01   7.3733E-01
   7.5180E-01   7.4811E-01   2.5704E-01   2.5859E-01   3.4356E-01   3.4354E-01
   1.2409E-02   1.2274E-02  -2.3016E-01   1.2448E-01   1.2354E-01   3.8423E-01
   3.8305E-01   2.7808E-01   2.4838E-01   2.4823E-01   2.0927E-01   2.1005E-01
   9.8837E-02   9.8429E-02   2.5830E-01   2.5708E-01   2.5469E-01   2.5528E-01
   2.5818E-01   2.5766E-01   2.2761E-01   2.2703E-01   2.7533E-01   4.3523E-01
   4.3430E-01   3.2961E-01   3.2867E-01  -6.0338E-02  -6.0130E-02   1.2833E-01
   1.2816E-01   4.5429E-01   4.5505E-01   3.5214E-01   3.5111E-01   4.6426E-01
   4.6487E-01   1.1107E-01   1.1100E-01   5.1788E-02   5.1493E-02   2.8826E-01
   2.8797E-01   3.5614E-01   3.5638E-01   2.1484E-01   2.1425E-01   1.6565E-01
   3.6854E-01   3.6877E-01   1.8540E-02   1.8660E-02   1.4702E-01   1.4668E-01
   2.0279E-01   2.0272E-01   2.3464E-01   2.3390E-01  -2.1007E-01  -2.0957E-01
   2.6383E-01   2.6332E-01  -1.3289E-03  -1.3542E-03   2.8478E-01   2.8479E-01
   1.3837E-01   1.3800E-01  -2.4407E-01   2.5220E-01   2.5254E-01   1.1137E-01
   1.1178E-01   2.4082E-01   2.4079E-01  -2.3340E-02  -2.3945E-02   2.0929E-01
   2.0937E-01  -1.6272E-01  -1.6216E-01   2.8336E-01   2.8329E-01   2.1282E-01
   2.1272E-01   7.2181E-01   7.2006E-01   1.4956E-01   1.4954E-01   6.7503E-02
   6.7637E-02   4.0312E-02   4.0845E-02  -5.5635E-02  -5.5370E-02  -2.1602E-01
  -2.1657E-01   5.0963E-01   5.0853E-01  -1.0054E-01  -1.0082E-01   2.5466E-01
  -1.6319E-01  -1.5976E-01  -1.5951E-01   1.6529E-01  -3.0197E-02   1.1308E-01
   1.1330E-01   1.1144E-01   1.1148E-01   6.7688E-02   6.7953E-02   1.1203E-01
   1.1214E-01   3.7127E-01   3.7145E-01   5.5039E-02   5.5042E-02  -1.6604E-01
  -9.9642E-02  -9.9553E-02   4.0981E-02   4.1089E-02   2.5173E-01   2.5185E-01
  -3.1178E-02  -2.1797E-02  -2.2446E-02   2.5491E-01   2.0961E-01   2.0942E-01
  -1.4478E+00   3.5790E-02  -3.8507E+00   2.0750E+00  -5.2519E+00   3.8855E+00
  -1.6302E+00   5.7581E-01  -5.1478E+00   3.8493E+00  -3.8885E+00   2.4593E+00
  -5.1106E-01  -6.1125E-01   1.6477E-01  -1.2071E+00  -5.6281E+00   4.2749E+00
  -3.8835E+00   2.6250E+00   1.6514E-01  -1.2501E+00  -1.6114E+00   1.5283E-01
  -1.2829E+00   5.2266E-02  -5.9505E+00   5.0846E+00   5.7044E+00  -5.9370E+00
   2.9267E+00  -3.3785E+00   9.3081E-01  -1.8236E+00   4.2455E+00  -4.8621E+00
  -1.9030E-01  -6.5580E-01  -6.0131E+00   4.8602E+00   1.8814E+00  -2.7304E+00
  -1.4551E+00   3.4289E-01  -3.7101E+00   2.4983E+00  -4.3557E+00   3.4196E+00
  -4.9945E+00   4.0978E+00  -3.1710E+00   2.4498E+00  -1.1259E+00   2.6638E-01
   3.1711E-01  -1.0330E+00  -3.7446E+00   2.8439E+00  -5.5007E+00   4.4876E+00
  -3.7998E+00   2.4001E+00  -3.2520E+00   2.3465E+00   2.7130E-01  -1.0069E+00
  -5.0760E+00   3.9934E+00  -4.4321E+00   3.3233E+00  -4.3440E-01  -4.3896E-01
  -5.8588E+00   5.0939E+00  -3.9280E-02  -4.2215E-01   4.3933E+00  -4.6460E+00
   2.0143E+00  -2.5532E+00  -5.3658E+00   4.6781E+00  -1.4564E+00   1.1365E-01
   1.1512E+00  -1.5149E+00  -5.3043E+00   4.6704E+00   2.2732E+00  -2.4929E+00
  -8.9378E-01   4.1971E-01  -1.9233E+00   1.2810E+00  -2.5516E-01  -4.1147E-01
   1.1064E+00  -1.5554E+00  -5.4109E+00   4.6261E+00  -5.3414E+00   4.6145E+00
  -4.1349E+00   3.5830E+00  -3.0493E+00   2.6335E+00   2.2322E+00  -2.5473E+00
  -4.7365E+00   4.2741E+00   3.5401E+00  -3.6880E+00  -1.3120E+00   9.5854E-01
  -4.1858E+00   3.4604E+00  -4.5819E+00   4.0931E+00   9.8898E-02  -3.2118E-01
   1.2509E+00  -1.5274E+00  -9.3815E-01   3.6123E-01  -4.7552E+00   4.2564E+00
  -3.0652E+00   2.6174E+00   6.3209E-01  -7.4430E-01  -4.5680E+00   4.1044E+00
  -5.2526E+00   4.7781E+00  -5.2429E+00   4.7902E+00   9.7252E-01  -1.1247E+00
  -2.2828E+00   2.0360E+00  -4.7079E+00   4.3752E+00  -4.1525E+00   3.5623E+00
   6.4415E-01  -7.3375E-01  -4.0440E+00   3.5462E+00  -4.7123E+00   4.3701E+00
  -1.7755E+00   1.3681E+00  -2.9845E-01  -4.3131E-01  -4.1990E+00   3.4489E+00
   1.2659E+00  -1.5252E+00  -4.5016E+00   4.1617E+00   6.5158E-01  -6.6349E-01
   6.0041E+00  -5.7728E+00   9.8378E-01  -1.1091E+00  -1.7645E+00   1.3807E+00
  -4.7100E+00   4.4311E+00  -3.9839E+00   3.7352E+00   3.5117E+00  -3.7214E+00
  -7.0221E-01   6.0177E-01  -2.2887E+00   2.0315E+00  -3.9834E+00   3.7306E+00
  -2.2260E+00   1.9688E+00  -1.2403E+00   1.0121E+00  -4.7098E+00   4.4327E+00
  -1.3456E+00   9.0848E-01  -2.2173E+00   1.8861E+00   1.3696E+00  -1.3106E+00
   6.0672E-02  -1.9003E-01  -4.5038E+00   4.0479E+00  -2.2283E+00   1.8761E+00
  -4.5107E+00   4.0445E+00  -7.0800E-01   5.9771E-01  -7.0939E-01   6.5760E-01
   7.3184E-02  -3.6134E-01  -4.5084E+00   4.1528E+00  -3.9965E+00   3.7834E+00
  -3.2876E+00   3.1225E+00  -4.4561E+00   4.0876E+00   6.4623E-01  -6.6745E-01
  -1.6470E+00   1.4998E+00  -1.2292E+00   1.0244E+00  -2.1685E+00   1.9305E+00
   4.6509E+00  -4.4418E+00  -2.2295E+00   1.9687E+00   5.7095E-04   5.5296E-04
  -3.9410E+00   3.6550E+00   5.4872E-02  -1.9540E-01   6.0121E+00  -5.7674E+00
  -3.9554E+00   3.7036E+00  -1.6608E+00   1.5480E+00  -2.1690E+00   1.9291E+00
   1.4096E+00  -1.3866E+00  -3.2502E+00   3.0406E+00   3.7053E+00  -3.5448E+00
  -3.9405E+00   3.6566E+00  -3.9932E+00   3.7829E+00  -1.9560E+00   1.2403E+00
  -1.6481E+00   1.4993E+00  -9.5650E-01   8.8907E-01   3.8386E-02  -7.8487E-02
   1.3698E+00  -1.3137E+00   4.6539E+00  -4.4376E+00  -4.0506E+00   3.5421E+00
   2.3331E+00  -2.2338E+00  -3.2146E+00   2.9586E+00   3.2879E+00  -3.1247E+00
   3.7022E+00  -3.5452E+00  -3.2883E+00   3.1222E+00   1.3764E+00  -1.3459E+00
  -1.6620E+00   1.5499E+00  -9.2097E-01   8.0792E-01  -9.5668E-01   8.8712E-01
  -9.2089E-01   8.0830E-01  -4.4558E+00   4.0870E+00  -7.1103E-01   6.5624E-01
   3.2889E+00  -3.1232E+00   2.3345E+00  -2.2343E+00   3.8990E-02  -7.9256E-02
  -3.9552E+00   3.7035E+00   1.3748E+00  -1.3443E+00   1.4096E+00  -1.3851E+00
  -3.2168E+00   2.9624E+00  -3.2516E+00   3.0421E+00
  > Energy =  -1.299159854724E+03 +/-   4.149812572679E-04
  > varE =   1.728156211262E-02

VMC #6:
* Size of Hilbert space =   5.4457E+18
* Number of equil. steps   = 1000
* Running VMC equilibration.
  Done. [total walltime: 0.03s]
* Equil. acc.ratio (%)     =  10.9998
* Sample config after equilibration:
  [draw: system geometry not defined]
* Number of accum. steps   = 501760 x 10
* Running VMC accumulation.
    [walltime: 1m elapsed, 18.3s remaining]
  Done. [total walltime: 1m18s]
* Acceptance ratio (%)     =  10.9668
* Etot/t                   =  -1.299159590893E+03 +/-   1.843342535260E-04
  > Ttot/t                 =  -1.396104444207E+02 +/-   1.224753852018E-03
  > Utot/t                 =   6.245620240699E+01 +/-   1.214106697209E-03
* var[Eloc/t]              =   1.729098800177E-02 +/-   1.349813307855E-04
* Correlation length       =   9.860258856068E-01
* log10 Psi^2 range: -114.09975144118442 -- -99.828119685867875
* log10 Pgen range : -114.09975144118442 -- -99.828119685867875
* Site occupation (ave. no. electrons per config.):
  > Site_  ___eu____  ___ed____
      1        0.497      0.497
      2        0.497      0.499
      3        0.496      0.494
      4        0.498      0.494
      5        0.498      0.497
      6        0.502      0.502
      7        0.503      0.503
      8        0.504      0.503
      9        0.503      0.505
     10        0.504      0.502
     11        0.499      0.501
     12        0.498      0.498
     13        0.499      0.500
     14        0.497      0.499
     15        0.500      0.498
     16        0.502      0.501
     17        0.503      0.504
     18        0.503      0.502
     19        0.503      0.502
     20        0.496      0.500
     21        0.497      0.495
     22        0.503      0.502
     23        0.499      0.497
     24        0.506      0.506
     25        0.503      0.504
     26        0.500      0.502
     27        0.503      0.502
     28        0.503      0.504
     29        0.501      0.499
     30        0.495      0.499
     31        0.499      0.499
     32        0.497      0.496
     33        0.496      0.496
     34        0.496      0.497
* Pair-correlation analysis (ave. no. pairs per config.):
  > Shell  nsite  ___dh____  __eueu___  __eued___
      0      1        0          0          6.116
      1      0        0.964      0.469      2.584
      2      0        0.227      0.794      1.042
      3      0        0.266      0.746      1.036
      4      0        0.138      0.368      0.520
      5      0        0.274      0.742      1.035
      6      0        0.252      0.764      1.028
      7      0        0.820      0.788      2.425
      8      0        0.752      0.966      2.337
      9      0        0.689      1.098      2.280
     10      0        0.633      1.230      2.216
     11      0        0.587      1.342      2.168
     12      0        0.447      1.588      2.059
     13      0        0.522      1.465      2.117
     14      0        0.154      0.818      1.149
     15      0        0.156      0.830      1.140
     16      0        0.153      0.844      1.119
     17      0        0.147      0.871      1.069
     18      0        0.242      2.096      1.947
     19      0        0.244      2.109      1.939
     20      0        0.122      1.045      0.974
     21      0        0.233      2.081      1.934
     22      0        0.249      2.025      1.958
     23      0        0.273      1.924      2.030
     24      0        0.310      1.895      2.019
     25      0        0.323      1.891      2.024
     26      0        0.326      1.895      2.027
     27      0        0.257      2.066      1.951
     28      0        0.262      2.083      1.946
     29      0        0.265      2.087      1.929
     30      0        0.263      2.102      1.920
     31      0        0.244      2.088      1.932
     32      0        0.299      2.053      1.928
     33      0        0.257      2.111      1.921
     34      0        0.292      2.055      1.930
     35      0        0.279      2.059      1.922
     36      0        0.246      2.111      1.918
     37      0        0.118      0.986      1.041
     38      0        0.238      1.963      2.090
     39      0        0.239      1.972      2.076
     40      0        0.235      1.973      2.037
     41      0        0.265      2.038      1.961
     42      0        0.220      2.112      1.927
     43      0        0.256      2.047      1.961
     44      0        0.269      2.027      1.979
     45      0        0.268      2.034      1.977
     46      0        0.265      2.029      1.979
     47      0        0.260      1.998      1.974
     48      0        0.234      2.056      1.977
     49      0        0.281      1.870      2.095
     50      0        0.282      1.895      2.075
     51      0        0.283      1.925      2.053
     52      0        0.299      1.942      2.002
     53      0        0.308      1.946      1.996
     54      0        0.283      1.936      2.049
     55      0        0.155      0.979      0.996
     56      0        0.234      1.999      2.023
     57      0        0.235      2.004      2.042
     58      0        0.265      1.970      2.014
     59      0        0.266      1.965      2.022
     60      0        0.240      2.012      2.037
     61      0        0.243      1.979      2.048
     62      0        0.274      1.954      2.033
     63      0        0.153      0.997      0.980
     64      0        0.301      2.001      1.958
     65      0        0.269      1.986      2.021
     66      0        0.259      2.018      1.981
     67      0        0.270      1.976      2.013
     68      0        0.266      2.008      1.993
     69      0        0.272      1.989      2.005
     70      0        0.297      1.963      1.983
     71      0        0.303      1.965      1.986
     72      0        0.289      2.005      1.956
     73      0        0.269      2.011      2.000
     74      0        0.268      1.982      2.002
     75      0        0.300      1.988      1.966
     76      0        0.265      1.981      1.988
     77      0        0.264      1.846      2.132
     78      0        0.261      2.017      1.979
     79      0        0.236      2.037      2.002
     80      0        0.257      2.005      1.995
     81      0        0.265      2.008      2.002
     82      0        0.121      1.018      1.009
     83      0        0.266      2.007      1.994
     84      0        0.262      1.994      1.980
     85      0        0.148      0.992      0.986
     86      0        0.296      1.967      1.980
     87      0        0.235      2.030      1.991
     88      0        0.266      2.008      1.994
     89      0        0.295      1.982      1.971
     90      0        0.293      1.980      1.976
     91      0        0.269      1.993      1.994
     92      0        0.237      2.025      2.022
     93      0        0.151      0.984      0.988
     94      0        0.236      2.049      1.998
     95      0        0.235      2.002      2.013
     96      0        0.259      2.002      2.005
     97      0        0.266      1.988      1.982
     98      0        0.234      2.022      2.015
     99      0        0.232      2.013      2.002
    100      0        0.235      2.007      2.027
    101      0        0.271      1.993      2.005
    102      0        0.263      2.001      2.000
    103      0        0.234      2.050      2.011
    104      0        0.259      1.998      2.000
    105      0        0.289      1.974      1.979
    106      0        0.142      0.988      0.986
    107      0        0.233      2.024      2.013
    108      0        0.271      1.993      2.008
    109      0        0.262      1.995      1.981
    110      0        0.235      2.019      2.026
    111      0        0.232      2.002      2.015
    112      0        0.236      2.030      2.025
    113      0        0.270      1.995      1.991
    114      0        0.258      1.994      1.999
    115      0        0.265      1.999      1.991
    116      0        0.264      1.982      1.991
    117      0        0.121      1.014      1.013
    118      0        0.263      1.997      1.990
    119      0        0.261      1.984      1.984
    120      0        0.233      2.007      2.009
    121      0        0.235      2.019      2.023
    122      0        0.254      1.997      1.989
    123      0        0.233      2.014      2.009
    124      0        0.267      1.985      2.000
    125      0        0.292      1.975      1.971
    126      0        0.266      1.959      2.001
    127      0        0.266      1.982      1.985
    128      0        0.252      1.983      1.986
    129      0        0.233      2.018      2.015
    130      0        0.262      1.998      1.999
    131      0        0.237      2.025      2.027
    132      0        0.265      2.002      1.989
    133      0        0.230      2.009      2.008
    134      0        0.115      1.009      1.005
    135      0        0.117      1.013      1.011
    136      0        0.232      2.013      2.013
    137      0        0.139      0.990      0.988
    138      0        0.114      0.999      0.994
    139      0        0.261      1.983      1.988
    140      0        0.228      2.001      2.005
    141      0        0.252      1.983      1.986
    142      0        0.229      1.999      2.008
    143      0        0.235      2.017      2.017
    144      0        0.266      1.998      1.998
    145      0        0.116      1.014      1.012
    146      0        0.231      2.012      2.003
    147      0        0.233      2.010      2.023
    148      0        0.263      1.993      1.995
    149      0        0.115      0.996      0.994
    150      0        0.236      2.018      2.021
    151      0        0.118      1.006      1.003
    152      0        0.255      1.993      1.992
    153      0        0.258      1.994      2.002

VDAGGER finished.
Total VDAGGER walltime: 14h45m

Run ended: Fri Jan  9 07:43:24 CET 2026
