# FIXEDNODEStats VERSION 1 - REAL : NEl=  14 | PQ-Partition= F | P-Space Type= " SEMI-STOCH-INIT " | Trial Proj. Energy= T | Stochastic Sign-Flip-Potential= F | Back-Flow Correlations= T | Jastrow Correlations= T | Time-Reversal Initialization= T | Importance Sampling= F | Singles Only= F
#     1.Step   2.Shift    3.TotWalkers  4.Annihil  5.NoatHF  6.TrialNum    7.TrialDenom     8.TrialProj.E  9.TrialOverlap  10.UniqueDets  13.IterTime 
#           0   0.00000000         2000.000        0.000000        1000.000      0.00000000000E+00  0.00000000000E+00    0.000000       0.00000000                2   0.0000    
         100   0.00000000         3019.607        0.000000        999.0686     -1.16003725727E+06  2.16430321143E+03 -5.35986478762E+02   1.52850502              237  0.27738E-01
         200   0.00000000         4501.300        0.000000        1002.237     -1.36122349382E+06  2.53965561909E+03 -5.35987432149E+02   1.77245451              719  0.28482E-01
         300   0.00000000         6594.532        0.000000        1009.790     -1.60755261478E+06  2.99923052153E+03 -5.35988348760E+02   2.04597713             1406  0.30373E-01
         400   0.00000000         9509.406        0.000000        1023.074     -1.90015036657E+06  3.54512812638E+03 -5.35989193854E+02   2.34134828             2401  0.28831E-01
         500   0.00000000         13432.09        0.000000        1044.245     -2.24982588433E+06  4.19751483501E+03 -5.35989978061E+02   2.65502456             3885  0.30760E-01
         600   0.00000000         18663.42        0.000000        1074.681     -2.65816329940E+06  4.95934626762E+03 -5.35990664084E+02   2.97646794             6095  0.35729E-01
         700   0.00000000         25648.03        0.000000        1108.407     -3.13871705100E+06  5.85591020651E+03 -5.35991321641E+02   3.31755942             9260  0.39224E-01
         800   0.00000000         34687.13        0.000000        1149.556     -3.70379244467E+06  6.91016474264E+03 -5.35991916636E+02   3.66221945            13341  0.46685E-01
         900   0.00000000         46566.46        0.000000        1196.632     -4.37629668251E+06  8.16484743285E+03 -5.35992462627E+02   4.02639262            18710  0.46626E-01
        1000   0.00000000         61912.89        0.000000        1252.243     -5.17152558329E+06  9.64849537531E+03 -5.35992958708E+02   4.39670654            25614  0.49292E-01
        1100   0.00000000         81756.90        0.000000        1317.370     -6.11906582454E+06  1.14163078021E+04 -5.35993416667E+02   4.77983530            34731  0.58595E-01
        1200   0.00000000         107133.9        0.000000        1387.835     -7.23691736733E+06  1.35018668897E+04 -5.35993831552E+02   5.17244625            46434  0.61659E-01
        1300   0.00000000         139215.5        0.000000        1465.184     -8.56233193368E+06  1.59746724455E+04 -5.35994209765E+02   5.57391224            61186  0.66831E-01
        1400   0.00000000         179477.6        0.000000        1559.085     -1.01137734930E+07  1.88691719941E+04 -5.35994557480E+02   5.97170017            79413  0.74718E-01
        1500   0.00000000         230672.5        0.000000        1657.654     -1.19639939465E+07  2.23210979862E+04 -5.35994867004E+02   6.37923099           102374  0.81926E-01
        1600   0.00000000         295127.7        0.000000        1775.938     -1.41543966151E+07  2.64076955250E+04 -5.35995145874E+02   6.78568033           130733  0.90893E-01
        1700   0.00000000         374951.6        0.000000        1911.949     -1.67506660195E+07  3.12515115289E+04 -5.35995387104E+02   7.18699703           164530  0.10270    
        1800   0.00000000         474716.3        0.000000        2064.592     -1.98211685104E+07  3.69800964106E+04 -5.35995587744E+02   7.59699969           206122  0.11082    
        1900   0.00000000         598395.9        0.000000        2232.179     -2.34420859978E+07  4.37355796056E+04 -5.35995777561E+02   8.00816695           256098  0.12180    
        2000   0.00000000         751838.3        0.000000        2410.051     -2.77331775314E+07  5.17413947255E+04 -5.35995940553E+02   8.42243948           316396  0.14224    
        2100   0.00000000         940833.7        0.000000        2617.824     -3.28042948513E+07  6.12024896402E+04 -5.35996085194E+02   8.83975083           387532  0.15459    
        2200 -0.864825708         1173169.        0.000000        2853.539     -3.87977795942E+07  7.23844287053E+04 -5.35996212005E+02   9.24564288           470664  0.17156    
        2300  -1.74108068         1337600.        0.000000        2862.402     -4.39402399465E+07  8.19786232087E+04 -5.35996314974E+02   10.0851408           545202  0.18492    
        2400  -2.17021483         1393347.        0.000000        2630.220     -4.56335847473E+07  8.51378574836E+04 -5.35996395683E+02   10.9815945           594569  0.19301    
        2500  -2.26300735         1387806.        0.000000        2327.362     -4.44135135258E+07  8.28615786324E+04 -5.35996468554E+02   11.6691595           623808  0.18965    
        2600  -2.21360168         1365859.        0.000000        2038.201     -4.21023187711E+07  7.85496105142E+04 -5.35996531307E+02   12.1635304           642993  0.18684    
        2700  -2.14168911         1348349.        0.000000        1794.335     -3.98285941734E+07  7.43075520367E+04 -5.35996585566E+02   12.5737485           659915  0.18681    
        2800  -2.08554952         1336304.        0.000000        1604.467     -3.78862610019E+07  7.06837675309E+04 -5.35996627307E+02   12.9445854           675853  0.18799    
        2900  -2.05364987         1330452.        0.000000        1444.099     -3.63115294474E+07  6.77458135438E+04 -5.35996654966E+02   13.3200489           692890  0.18552    
        3000  -2.03365658         1326711.        0.000000        1304.025     -3.49392310497E+07  6.51855371876E+04 -5.35996672837E+02   13.7087457           709924  0.18709    
        3100  -2.01828445         1322326.        0.000000        1180.224     -3.37056581476E+07  6.28840797878E+04 -5.35996682489E+02   14.0983793           725271  0.18835    
        3200  -2.00152508         1317176.        0.000000        1071.912     -3.25699110846E+07  6.07651351204E+04 -5.35996686588E+02   14.4721762           739274  0.18136    
        3300  -1.98224318         1312499.        0.000000        973.4166     -3.15069397987E+07  5.87819682830E+04 -5.35996679238E+02   14.8443675           752874  0.19232    
        3400  -1.96466620         1307771.        0.000000        891.8013     -3.05399333462E+07  5.69778411591E+04 -5.35996673880E+02   15.1951657           765243  0.18138    
        3500  -1.94848763         1304159.        0.000000        822.9101     -2.96476968839E+07  5.53132120161E+04 -5.35996659808E+02   15.5383265           777679  0.18443    
        3600  -1.93752142         1302087.        0.000000        764.8923     -2.88477441426E+07  5.38207557703E+04 -5.35996637909E+02   15.8621922           790442  0.18749    
        3700  -1.92682585         1298888.        0.000000        708.4227     -2.80994148828E+07  5.24246124352E+04 -5.35996616428E+02   16.1823977           801520  0.18249    
        3800  -1.91504597         1295791.        0.000000        653.5890     -2.73957891261E+07  5.11118720544E+04 -5.35996589929E+02   16.5036332           811998  0.19361    
        3900  -1.90316330         1292354.        0.000000        607.4103     -2.67414311374E+07  4.98910488300E+04 -5.35996571819E+02   16.8083504           821787  0.18772    
        4000  -1.88733619         1288475.        0.000000        564.5281     -2.61279364257E+07  4.87464648989E+04 -5.35996538002E+02   17.0903751           830484  0.18226    
        4100  -1.87639555         1286621.        0.000000        530.3006     -2.55725382379E+07  4.77102696885E+04 -5.35996514059E+02   17.3571007           840053  0.18507    
        4200  -1.87207196         1285416.        0.000000        497.1284     -2.50641541344E+07  4.67617889072E+04 -5.35996477470E+02   17.6224050           849506  0.18651    
        4300  -1.86257719         1282300.        0.000000        467.2217     -2.45935007994E+07  4.58837017742E+04 -5.35996439878E+02   17.8797305           856674  0.19962    
        4400  -1.85211194         1279782.        0.000000        435.3030     -2.41399702198E+07  4.50375603659E+04 -5.35996399976E+02   18.1407062           864299  0.19172    
        4500  -1.84521792         1278690.        0.000000        409.3976     -2.37151966846E+07  4.42450704792E+04 -5.35996359092E+02   18.3669680           872550  0.18571    
        4600  -1.83707226         1275901.        0.000000        387.1452     -2.33135209204E+07  4.34956740004E+04 -5.35996313568E+02   18.5959766           878794  0.18913    
        4700  -1.82841049         1274637.        0.000000        367.3429     -2.29380531059E+07  4.27951736075E+04 -5.35996262482E+02   18.7862794           886158  0.18767    
        4800  -1.82504545         1273685.        0.000000        345.7994     -2.25990468538E+07  4.21626983833E+04 -5.35996217518E+02   18.9944486           892943  0.19135    
        4900  -1.81891838         1271982.        0.000000        327.5458     -2.22790228088E+07  4.15656375373E+04 -5.35996176860E+02   19.1778058           898539  0.19173    
        5000  -1.81271584         1269701.        0.000000        310.9156     -2.19767365726E+07  4.10016694457E+04 -5.35996140393E+02   19.3664160           903541  0.18551    
        5100  -1.80611275         1269141.        0.000000        292.9308     -2.16804347355E+07  4.04488668329E+04 -5.35996096629E+02   19.5398929           909758  0.18865    
        5200  -1.80216344         1268494.        0.000000        278.0337     -2.14033925758E+07  3.99319969632E+04 -5.35996048371E+02   19.6917618           915571  0.19873    
        5300  -1.79784141         1266801.        0.000000        266.7417     -2.11432239462E+07  3.94466074887E+04 -5.35996003009E+02   19.8548635           920357  0.18537    
        5400  -1.79028629         1264621.        0.000000        254.1366     -2.08914715525E+07  3.89769195062E+04 -5.35995964205E+02   19.9981625           924296  0.19001    
        5500  -1.78319895         1262586.        0.000000        242.2258     -2.06471188596E+07  3.85210371788E+04 -5.35995922535E+02   20.1281316           928464  0.19191    
        5600  -1.77808533         1261588.        0.000000        233.1181     -2.04213030532E+07  3.80997385528E+04 -5.35995884196E+02   20.2474969           932741  0.18647    
        5700  -1.77162169         1259910.        0.000000        221.3639     -2.02089943035E+07  3.77036399060E+04 -5.35995844272E+02   20.3579451           936161  0.19247    
        5800  -1.76745624         1259243.        0.000000        213.9654     -2.00119094877E+07  3.73359441379E+04 -5.35995806447E+02   20.4621115           940296  0.19135    
        5900  -1.76579256         1259331.        0.000000        204.8793     -1.98330768716E+07  3.70023007553E+04 -5.35995775040E+02   20.5556340           944633  0.18955    
        6000  -1.76305625         1258195.        0.000000        194.8276     -1.96652495231E+07  3.66891902604E+04 -5.35995735623E+02   20.6520369           947798  0.19311    
        6100  -1.76072751         1257565.        0.000000        190.0027     -1.95054277387E+07  3.63910155709E+04 -5.35995696540E+02   20.7413025           951291  0.19255    
        6200  -1.75777244         1256835.        0.000000        182.2488     -1.93461087955E+07  3.60937790207E+04 -5.35995656880E+02   20.8276570           954551  0.19829    
        6300  -1.75240523         1255798.        0.000000        177.6608     -1.91907175965E+07  3.58038702209E+04 -5.35995619415E+02   20.8919977           957450  0.19551    
        6400  -1.74973202         1254224.        0.000000        172.3424     -1.90482464787E+07  3.55380662167E+04 -5.35995581822E+02   20.9670085           959528  0.19542    
        6500  -1.74598358         1254431.        0.000000        162.4593     -1.89099066043E+07  3.52799697982E+04 -5.35995544001E+02   21.0240829           962759  0.19645    
        6600  -1.74413614         1253009.        0.000000        155.1994     -1.87806922579E+07  3.50388994262E+04 -5.35995495447E+02   21.0912976           964747  0.19888    
        6700  -1.73907251         1252353.        0.000000        149.8239     -1.86513163588E+07  3.47975277854E+04 -5.35995444095E+02   21.1400033           967312  0.19466    
        6800  -1.73634687         1251671.        0.000000        146.5456     -1.85388326176E+07  3.45876703581E+04 -5.35995411824E+02   21.1819787           969358  0.19714    
        6900  -1.73397852         1251053.        0.000000        141.9307     -1.84302318299E+07  3.43850571757E+04 -5.35995381242E+02   21.2350396           971536  0.19023    
        7000  -1.73128639         1250331.        0.000000        136.9274     -1.83216985881E+07  3.41825698616E+04 -5.35995352668E+02   21.2724030           973456  0.19175    
        7100  -1.73241629         1250930.        0.000000        134.0402     -1.82323391954E+07  3.40158550014E+04 -5.35995323199E+02   21.3098747           976225  0.20098    
        7200  -1.73108182         1250289.        0.000000        128.2970     -1.81396838994E+07  3.38429904226E+04 -5.35995302806E+02   21.3498689           978280  0.20303    
        7300  -1.72775094         1249538.        0.000000        125.8785     -1.80427339250E+07  3.36621136256E+04 -5.35995277231E+02   21.3792655           979847  0.19267    
        7400  -1.72628067         1249062.        0.000000        121.5286     -1.79573457608E+07  3.35028087460E+04 -5.35995232428E+02   21.4151120           981479  0.19614    
        7500  -1.72493927         1249039.        0.000000        117.2448     -1.78688167595E+07  3.33376434025E+04 -5.35995197494E+02   21.4387396           983626  0.19853    
        7600  -1.72597548         1249167.        0.000000        115.1561     -1.77920045018E+07  3.31943382253E+04 -5.35995156193E+02   21.4595422           985854  0.19896    
        7700  -1.72460889         1248205.        0.000000        113.7687     -1.77109412554E+07  3.30431019682E+04 -5.35995115486E+02   21.4870592           987298  0.19597    
        7800  -1.72073286         1247489.        0.000000        110.1876     -1.76264287290E+07  3.28854298583E+04 -5.35995083687E+02   21.4956926           988604  0.19921    
        7900  -1.71673841         1246686.        0.000000        110.5232     -1.75515112512E+07  3.27456595385E+04 -5.35995044796E+02   21.5113334           989678  0.19015    
        8000  -1.71545169         1246844.        0.000000        107.0817     -1.74802358040E+07  3.26126831791E+04 -5.35995020957E+02   21.5214271           991437  0.19664    
        8100  -1.71674967         1247308.        0.000000        102.3679     -1.74151559866E+07  3.24912657008E+04 -5.35995000842E+02   21.5328783           993358  0.19393    
        8200  -1.71852917         1247047.        0.000000        99.49442     -1.73489908896E+07  3.23678230276E+04 -5.35994987207E+02   21.5461765           994855  0.19632    
        8300  -1.71467951         1245876.        0.000000        93.89327     -1.72811462486E+07  3.22412472419E+04 -5.35994966910E+02   21.5588743           995530  0.19872    
        8400  -1.71333980         1245626.        0.000000        92.30693     -1.72195501598E+07  3.21263293215E+04 -5.35994946310E+02   21.5658685           996801  0.19980    
        8500  -1.71101033         1245746.        0.000000        92.02853     -1.71564719990E+07  3.20086459870E+04 -5.35994931057E+02   21.5660069           998422  0.20273    
        8600  -1.71028754         1245115.        0.000000        91.52332     -1.71027568050E+07  3.19084321555E+04 -5.35994896951E+02   21.5688151           998855  0.19969    
        8700  -1.70906863         1245167.        0.000000        87.85324     -1.70492791522E+07  3.18086615832E+04 -5.35994861262E+02   21.5796489          1000250  0.20088    
        8800  -1.70840997         1245285.        0.000000        86.10788     -1.69960965054E+07  3.17094397423E+04 -5.35994853378E+02   21.5801227          1001816  0.19807    
        8900  -1.70757564         1244346.        0.000000        82.24730     -1.69430325051E+07  3.16104396086E+04 -5.35994839518E+02   21.5796948          1002039  0.20362    
        9000  -1.70387771         1243301.        0.000000        81.32278     -1.68957021766E+07  3.15221366825E+04 -5.35994826328E+02   21.5790066          1002186  0.19883    
        9100  -1.70414983         1243982.        0.000000        80.00449     -1.68574586675E+07  3.14507871968E+04 -5.35994808716E+02   21.5765117          1003830  0.19892    
        9200  -1.70138727         1243056.        0.000000        80.97383     -1.68178457723E+07  3.13768834560E+04 -5.35994780867E+02   21.5844588          1004044  0.20561    
        9300  -1.69838879         1242195.        0.000000        79.25845     -1.67792832399E+07  3.13049392856E+04 -5.35994754272E+02   21.5789006          1003866  0.19930    
        9400  -1.69708160         1242281.        0.000000        76.65554     -1.67468110956E+07  3.12443570999E+04 -5.35994741130E+02   21.5799842          1004614  0.20396    
        9500  -1.69791672         1242221.        0.000000        74.68085     -1.67103462535E+07  3.11763259046E+04 -5.35994725762E+02   21.5806796          1005581  0.20150    
        9600  -1.69649354         1241837.        0.000000        74.78185     -1.66755016696E+07  3.11113181543E+04 -5.35994700928E+02   21.5785787          1005988  0.19714    
        9700  -1.69392924         1241098.        0.000000        72.34544     -1.66417583025E+07  3.10483636494E+04 -5.35994698156E+02   21.5787152          1006050  0.19728    
        9800  -1.69334596         1241059.        0.000000        71.20029     -1.66102878251E+07  3.09896503975E+04 -5.35994682486E+02   21.5771061          1006607  0.20003    
        9900  -1.69227568         1240735.        0.000000        70.24279     -1.65829142223E+07  3.09385810825E+04 -5.35994659163E+02   21.5792355          1006922  0.19988    
       10000  -1.69002387         1240305.        0.000000        69.64091     -1.65554275541E+07  3.08873008754E+04 -5.35994634847E+02   21.5774494          1007054  0.19224    
       10100  -1.68830995         1240026.        0.000000        70.36154     -1.65346825038E+07  3.08485990029E+04 -5.35994600670E+02   21.5782045          1007341  0.20131    
       10200  -1.69094921         1241467.        0.000000        68.78931     -1.65198066070E+07  3.08208462129E+04 -5.35994582785E+02   21.5736351          1009076  0.20085    
       10300  -1.69464811         1241660.        0.000000        67.93334     -1.65043828017E+07  3.07920714449E+04 -5.35994560525E+02   21.5828315          1009778  0.19712    
       10400  -1.69406667         1241704.        0.000000        65.79418     -1.64781702854E+07  3.07431684906E+04 -5.35994534540E+02   21.5779424          1010461  0.19589    
       10500  -1.69570564         1241977.        0.000000        65.84453     -1.64526982143E+07  3.06956455494E+04 -5.35994533420E+02   21.5760466          1011446  0.19399    
       10600  -1.69515007         1240981.        0.000000        63.76226     -1.64257000617E+07  3.06452757080E+04 -5.35994527122E+02   21.5760036          1011095  0.19093    
       10700  -1.69147378         1240167.        0.000000        61.52966     -1.63991377376E+07  3.05957189200E+04 -5.35994521994E+02   21.5731157          1010773  0.20108    
       10800  -1.68938166         1239621.        0.000000        59.40723     -1.63696482488E+07  3.05407015997E+04 -5.35994505409E+02   21.5685431          1010933  0.19528    
       10900  -1.68877081         1240937.        0.000000        58.58866     -1.63455772290E+07  3.04957928094E+04 -5.35994500329E+02   21.5502948          1012537  0.19671    
       11000  -1.69073985         1240304.        0.000000        58.96019     -1.63316959761E+07  3.04698953716E+04 -5.35994488230E+02   21.5539212          1012277  0.20165    
       11100  -1.68896694         1239735.        0.000000        59.11668     -1.63127623381E+07  3.04345713384E+04 -5.35994483272E+02   21.5532190          1012189  0.19691    
       11200  -1.68739214         1239492.        0.000000        60.47972     -1.62964653089E+07  3.04041663442E+04 -5.35994479322E+02   21.5505395          1012414  0.19835    
       11300  -1.68570437         1239460.        0.000000        60.27400     -1.62798533734E+07  3.03731749696E+04 -5.35994455294E+02   21.5415296          1012591  0.19827    
       11400  -1.68583062         1239635.        0.000000        59.14607     -1.62726042069E+07  3.03596509011E+04 -5.35994444070E+02   21.5434630          1012987  0.19633    
       11500  -1.68702708         1240125.        0.000000        58.20762     -1.62646773524E+07  3.03448614883E+04 -5.35994450286E+02   21.5432414          1013598  0.19914    
       11600  -1.69111828         1240946.        0.000000        58.55999     -1.62625418835E+07  3.03408775032E+04 -5.35994447813E+02   21.5454531          1014594  0.20065    
       11700  -1.69050974         1239788.        0.000000        58.93303     -1.62484603055E+07  3.03146061518E+04 -5.35994438592E+02   21.5582281          1013960  0.19412    
       11800  -1.68716890         1239516.        0.000000        58.59729     -1.62226276145E+07  3.02664110213E+04 -5.35994426399E+02   21.5439586          1014047  0.20386    
       11900  -1.68739593         1240127.        0.000000        57.18190     -1.62083373476E+07  3.02397501863E+04 -5.35994419523E+02   21.5348756          1014890  0.19868    
       12000  -1.68799561         1239473.        0.000000        56.79668     -1.61948799349E+07  3.02146432633E+04 -5.35994411512E+02   21.5328617          1014576  0.19422    
       12100  -1.68543675         1239024.        0.000000        57.37182     -1.61830251238E+07  3.01925270551E+04 -5.35994390078E+02   21.5388668          1014570  0.20918    
       12200  -1.68283740         1238678.        0.000000        56.86389     -1.61658662438E+07  3.01605157416E+04 -5.35994357070E+02   21.5264319          1014382  0.19567    
       12300  -1.68386049         1238999.        0.000000        55.58042     -1.61573623192E+07  3.01446505359E+04 -5.35994348315E+02   21.5271731          1014797  0.19483    
       12400  -1.68491075         1239558.        0.000000        55.63707     -1.61505132299E+07  3.01318721765E+04 -5.35994349616E+02   21.5275360          1015469  0.19658    
       12500  -1.68605253         1238916.        0.000000        56.31249     -1.61393198739E+07  3.01109895719E+04 -5.35994336399E+02   21.5337472          1015114  0.20320    
       12600  -1.68638231         1239824.        0.000000        55.52791     -1.61222305936E+07  3.00791064636E+04 -5.35994332582E+02   21.5174231          1016412  0.19763    
       12700  -1.68672346         1238825.        0.000000        54.97383     -1.61074168031E+07  3.00514686859E+04 -5.35994329310E+02   21.5159792          1015660  0.20174    
       12800  -1.68252701         1238056.        0.000000        54.22242     -1.60925867515E+07  3.00238011203E+04 -5.35994316210E+02   21.5100816          1015277  0.19826    
       12900  -1.67927940         1237732.        0.000000        54.78998     -1.60786477856E+07  2.99977950584E+04 -5.35994320725E+02   21.5043331          1015255  0.19311    
       13000  -1.67967801         1238150.        0.000000        53.76279     -1.60699024984E+07  2.99814793007E+04 -5.35994316265E+02   21.4950925          1015572  0.20385    
       13100  -1.68083795         1238258.        0.000000        53.19055     -1.60686822975E+07  2.99792038059E+04 -5.35994297967E+02   21.4967178          1015810  0.19677    
       13200  -1.68161112         1238110.        0.000000        53.07694     -1.60681439410E+07  2.99781990937E+04 -5.35994303422E+02   21.4986081          1015602  0.19609    
       13300  -1.67867515         1236785.        0.000000        53.60123     -1.60584485913E+07  2.99601109874E+04 -5.35994295817E+02   21.5044282          1014725  0.19923    
       13400  -1.67617139         1237473.        0.000000        53.09769     -1.60513946494E+07  2.99469505552E+04 -5.35994294971E+02   21.4926169          1015237  0.20081    
       13500  -1.68061408         1238398.        0.000000        54.66024     -1.60543739480E+07  2.99525088696E+04 -5.35994297435E+02   21.4921724          1016091  0.19160    
       13600  -1.68266321         1239099.        0.000000        54.64000     -1.60486628750E+07  2.99418541435E+04 -5.35994290736E+02   21.4916619          1017113  0.21039    
       13700  -1.68470665         1239204.        0.000000        53.77813     -1.60439207958E+07  2.99330071261E+04 -5.35994286449E+02   21.4905773          1017275  0.19900    
       13800  -1.68481417         1238841.        0.000000        53.27389     -1.60383020079E+07  2.99225244761E+04 -5.35994281523E+02   21.4970149          1017263  0.19415    
       13900  -1.68320507         1238303.        0.000000        53.63578     -1.60300637821E+07  2.99071546979E+04 -5.35994277757E+02   21.4929465          1016826  0.20132    
       14000  -1.68041960         1237783.        0.000000        52.31186     -1.60228979935E+07  2.98937854788E+04 -5.35994278975E+02   21.4945802          1016394  0.20064    
       14100  -1.67922188         1238141.        0.000000        52.05892     -1.60105029075E+07  2.98706603486E+04 -5.35994274001E+02   21.4871298          1017007  0.19828    
       14200  -1.67990897         1238102.        0.000000        50.89196     -1.60006974845E+07  2.98523667815E+04 -5.35994268114E+02   21.4810226          1016963  0.19684    
       14300  -1.68013804         1238192.        0.000000        49.95242     -1.59995639684E+07  2.98502525954E+04 -5.35994257243E+02   21.4791930          1017010  0.20096    
       14400  -1.68214905         1238442.        0.000000        49.35250     -1.59991090509E+07  2.98494046424E+04 -5.35994243189E+02   21.4794816          1017299  0.19800    
       14500  -1.68287800         1239086.        0.000000        48.52487     -1.60002642962E+07  2.98515603601E+04 -5.35994236253E+02   21.4809146          1018087  0.20786    
       14600  -1.68398127         1238636.        0.000000        47.03072     -1.59914912762E+07  2.98351932782E+04 -5.35994224238E+02   21.4806607          1018013  0.20462    
       14700  -1.68278335         1237601.        0.000000        47.60193     -1.59782288339E+07  2.98104499600E+04 -5.35994218649E+02   21.4780820          1017169  0.19675    
       14800  -1.68016399         1238147.        0.000000        48.95887     -1.59654844379E+07  2.97866726137E+04 -5.35994222817E+02   21.4636513          1018050  0.20307    
       14900  -1.68236902         1238570.        0.000000        48.39097     -1.59640234725E+07  2.97839468590E+04 -5.35994223601E+02   21.4606323          1018564  0.20390    
       15000  -1.68142867         1238073.        0.000000        50.42880     -1.59585861172E+07  2.97738021482E+04 -5.35994228679E+02   21.4612035          1018269  0.20031    
       15100  -1.68014216         1238089.        0.000000        50.42075     -1.59528447881E+07  2.97630912230E+04 -5.35994217423E+02   21.4574138          1018398  0.19962    
       15200  -1.68152080         1238081.        0.000000        51.39215     -1.59521557218E+07  2.97618057460E+04 -5.35994215468E+02   21.4613001          1018579  0.20248    
       15300  -1.68103611         1238020.        0.000000        50.64125     -1.59477994947E+07  2.97536789139E+04 -5.35994205653E+02   21.4537664          1018360  0.19552    
       15400  -1.67774705         1236256.        0.000000        49.60903     -1.59414745019E+07  2.97418785750E+04 -5.35994202978E+02   21.4611408          1017004  0.19841    
       15500  -1.67273056         1235699.        0.000000        49.50238     -1.59396988022E+07  2.97385665023E+04 -5.35994187916E+02   21.4569487          1016125  0.20293    
       15600  -1.67111430         1236357.        0.000000        49.35785     -1.59429153497E+07  2.97445672750E+04 -5.35994193570E+02   21.4569107          1016536  0.19381    
       15700  -1.67517809         1237668.        0.000000        48.88347     -1.59536844679E+07  2.97646591132E+04 -5.35994193894E+02   21.4581051          1017292  0.20845    
       15800  -1.67945440         1237486.        0.000000        48.71525     -1.59611822889E+07  2.97786473165E+04 -5.35994201458E+02   21.4681358          1016969  0.20284    
       15900  -1.67856790         1237426.        0.000000        48.55449     -1.59605733129E+07  2.97775118231E+04 -5.35994189431E+02   21.4712742          1017175  0.19959    
       16000  -1.67936202         1238460.        0.000000        49.32384     -1.59562128509E+07  2.97693771172E+04 -5.35994179122E+02   21.4628488          1018172  0.20102    
       16100  -1.68201907         1238646.        0.000000        48.16469     -1.59593534434E+07  2.97752363717E+04 -5.35994181343E+02   21.4637265          1018550  0.20678    
       16200  -1.68230435         1237637.        0.000000        48.74249     -1.59631161853E+07  2.97822563463E+04 -5.35994183908E+02   21.4740225          1017726  0.20065    
       16300  -1.67736719         1237429.        0.000000        48.14973     -1.59548823359E+07  2.97668950284E+04 -5.35994174758E+02   21.4666800          1017658  0.19710    
       16400  -1.67778747         1237873.        0.000000        49.82384     -1.59541962253E+07  2.97656150234E+04 -5.35994173570E+02   21.4594997          1017885  0.20184    
       16500  -1.67804009         1237358.        0.000000        49.02969     -1.59586377069E+07  2.97739014212E+04 -5.35994174265E+02   21.4646681          1017160  0.19815    
       16600  -1.67830764         1237540.        0.000000        49.45642     -1.59660734832E+07  2.97877746555E+04 -5.35994167671E+02   21.4704171          1017219  0.20591    
       16700  -1.67685848         1237190.        0.000000        48.61384     -1.59689440474E+07  2.97931295547E+04 -5.35994180071E+02   21.4758971          1017085  0.19957    
       16800  -1.67793649         1237758.        0.000000        49.00414     -1.59726207350E+07  2.97999888543E+04 -5.35994184868E+02   21.4730814          1017356  0.20448    
       16900  -1.68021630         1238054.        0.000000        48.08717     -1.59778702160E+07  2.98097829431E+04 -5.35994181725E+02   21.4804797          1017431  0.20201    
       17000  -1.68045490         1238493.        0.000000        47.24456     -1.59788892757E+07  2.98116837530E+04 -5.35994189663E+02   21.4768866          1017903  0.20186    
       17100  -1.68172225         1238088.        0.000000        46.93716     -1.59768199873E+07  2.98078229088E+04 -5.35994193073E+02   21.4837824          1017657  0.19609    
       17200  -1.68060156         1238644.        0.000000        47.66175     -1.59683341130E+07  2.97919910516E+04 -5.35994190027E+02   21.4710923          1018338  0.19742    
       17300  -1.68454764         1239752.        0.000000        46.65565     -1.59703311020E+07  2.97957169112E+04 -5.35994188345E+02   21.4646624          1019496  0.20271    
       17400  -1.68367678         1238110.        0.000000        45.77817     -1.59613017358E+07  2.97788702347E+04 -5.35994200249E+02   21.4704506          1018311  0.19953    
       17500  -1.67902360         1237570.        0.000000        45.55133     -1.59529155063E+07  2.97632243872E+04 -5.35994195344E+02   21.4688543          1017925  0.20935    
       17600  -1.67950758         1237467.        0.000000        44.18916     -1.59437308137E+07  2.97460888788E+04 -5.35994189981E+02   21.4585931          1017638  0.19977    
       17700  -1.67858061         1237167.        0.000000        44.58834     -1.59451378999E+07  2.97487145984E+04 -5.35994180425E+02   21.4644761          1017370  0.19784    
       17800  -1.67600947         1236569.        0.000000        44.69599     -1.59372619572E+07  2.97340204520E+04 -5.35994181580E+02   21.4667027          1017168  0.19864    
       17900  -1.67709528         1237867.        0.000000        44.11577     -1.59336776041E+07  2.97273339546E+04 -5.35994167135E+02   21.4521524          1018200  0.21022    
       18000  -1.67936487         1237972.        0.000000        44.85510     -1.59362019331E+07  2.97320442807E+04 -5.35994154412E+02   21.4596199          1018137  0.20298    
       18100  -1.68113612         1238454.        0.000000        43.89301     -1.59362223070E+07  2.97320827232E+04 -5.35994146637E+02   21.4578350          1018649  0.19954    
       18200  -1.68163915         1238357.        0.000000        43.67829     -1.59347375709E+07  2.97293127230E+04 -5.35994145555E+02   21.4612844          1018703  0.20238    
       18300  -1.68200847         1238325.        0.000000        43.89109     -1.59321784182E+07  2.97245382169E+04 -5.35994144027E+02   21.4589026          1018819  0.19995    
       18400  -1.68101580         1237739.        0.000000        43.58087     -1.59257486036E+07  2.97125422853E+04 -5.35994141824E+02   21.4598066          1018459  0.20311    
       18500  -1.67937107         1237851.        0.000000        43.91204     -1.59164923058E+07  2.96952729041E+04 -5.35994141464E+02   21.4512873          1018695  0.19820    
       18600  -1.67848622         1237286.        0.000000        45.56942     -1.59146704012E+07  2.96918747719E+04 -5.35994123761E+02   21.4502362          1017935  0.20158    
       18700  -1.67923189         1237880.        0.000000        44.39503     -1.59137715351E+07  2.96901976588E+04 -5.35994125671E+02   21.4508731          1018495  0.20017    
       18800  -1.67916327         1237527.        0.000000        43.80940     -1.59096922526E+07  2.96825872514E+04 -5.35994120658E+02   21.4498726          1018269  0.20883    
       18900  -1.67650999         1236796.        0.000000        44.25630     -1.59002790947E+07  2.96650256520E+04 -5.35994112435E+02   21.4411040          1017817  0.20137    
       19000  -1.67537432         1236697.        0.000000        45.42650     -1.59048377653E+07  2.96735308917E+04 -5.35994109475E+02   21.4441557          1017681  0.19793    
       19100  -1.67306615         1236322.        0.000000        45.41845     -1.58983832755E+07  2.96614889876E+04 -5.35994106100E+02   21.4441550          1017460  0.20262    
       19200  -1.67519418         1237315.        0.000000        45.83673     -1.59018977497E+07  2.96680464741E+04 -5.35994095989E+02   21.4375181          1018056  0.19890    
       19300  -1.67751456         1237949.        0.000000        47.62175     -1.59101995484E+07  2.96835351930E+04 -5.35994093862E+02   21.4420020          1018564  0.19834    
       19400  -1.67814740         1237587.        0.000000        47.05103     -1.59109688060E+07  2.96849693291E+04 -5.35994113035E+02   21.4489970          1018232  0.20268    
       19500  -1.67842126         1238140.        0.000000        47.39540     -1.59069147930E+07  2.96774045468E+04 -5.35994135467E+02   21.4457570          1019002  0.20127    
       19600  -1.68067879         1238275.        0.000000        46.03117     -1.59054607703E+07  2.96746923948E+04 -5.35994124512E+02   21.4424862          1019111  0.19818    
       19700  -1.68086947         1238238.        0.000000        46.01487     -1.59015249769E+07  2.96673495796E+04 -5.35994121559E+02   21.4435762          1019369  0.20655    
       19800  -1.67963919         1237327.        0.000000        46.35059     -1.58971947675E+07  2.96592708928E+04 -5.35994118836E+02   21.4411164          1018397  0.19993    
       19900  -1.67303935         1235823.        0.000000        45.38977     -1.58883339656E+07  2.96427395004E+04 -5.35994116379E+02   21.4448039          1017090  0.19870    
       20000  -1.67254367         1236331.        0.000000        46.46218     -1.58832929708E+07  2.96333339399E+04 -5.35994127525E+02   21.4347939          1017533  0.20038    
       20100  -1.67418352         1236632.        0.000000        45.67705     -1.58842602567E+07  2.96351390438E+04 -5.35994119455E+02   21.4344149          1017606  0.19939    
       20200  -1.67563542         1237108.        0.000000        45.19383     -1.58880891428E+07  2.96422825767E+04 -5.35994119269E+02   21.4317223          1017861  0.20328    
       20300  -1.67594055         1237194.        0.000000        44.88409     -1.58945810554E+07  2.96543942294E+04 -5.35994123920E+02   21.4357875          1017984  0.20320    
       20400  -1.67740778         1237148.        0.000000        44.18530     -1.58976060872E+07  2.96600379590E+04 -5.35994124795E+02   21.4382902          1017839  0.20324    
       20500  -1.67778236         1237211.        0.000000        44.28384     -1.59014119913E+07  2.96671392304E+04 -5.35994113481E+02   21.4391793          1017725  0.19709    
       20600  -1.67703402         1237125.        0.000000        45.14401     -1.59055206423E+07  2.96748049493E+04 -5.35994109126E+02   21.4434346          1017887  0.20613    
       20700  -1.67767028         1237510.        0.000000        44.22679     -1.59083723529E+07  2.96801257772E+04 -5.35994101653E+02   21.4477761          1018237  0.19773    
       20800  -1.67778025         1237575.        0.000000        43.90979     -1.59062531198E+07  2.96761720335E+04 -5.35994099975E+02   21.4442706          1018139  0.20495    
       20900  -1.67817444         1237424.        0.000000        44.22602     -1.59064336652E+07  2.96765087595E+04 -5.35994102073E+02   21.4470094          1018065  0.20375    
       21000  -1.67816622         1237099.        0.000000        44.14628     -1.59087255939E+07  2.96807852200E+04 -5.35994094360E+02   21.4525915          1017600  0.20269    
       21100  -1.67738950         1237347.        0.000000        43.67320     -1.59031690747E+07  2.96704185674E+04 -5.35994092520E+02   21.4452052          1017953  0.19817    
       21200  -1.67705824         1236612.        0.000000        43.60545     -1.59004570750E+07  2.96653588540E+04 -5.35994091737E+02   21.4483144          1017253  0.20511    
       21300  -1.67542952         1236416.        0.000000        43.53848     -1.58986689428E+07  2.96620225578E+04 -5.35994095205E+02   21.4455060          1016983  0.20223    
       21400  -1.67482174         1236829.        0.000000        42.97895     -1.58971473840E+07  2.96591841619E+04 -5.35994088618E+02   21.4424660          1017368  0.19594    
       21500  -1.67521308         1237117.        0.000000        42.98823     -1.59031593741E+07  2.96704009965E+04 -5.35994082990E+02   21.4414900          1017445  0.20124    
       21600  -1.67770181         1237357.        0.000000        42.65996     -1.59142414894E+07  2.96910765407E+04 -5.35994087906E+02   21.4500628          1017632  0.19737    
       21700  -1.67813674         1237401.        0.000000        43.48050     -1.59171087991E+07  2.96964252088E+04 -5.35994103236E+02   21.4535539          1017595  0.20116    
       21800  -1.67834823         1237750.        0.000000        42.97549     -1.59148533254E+07  2.96922161706E+04 -5.35994121621E+02   21.4503261          1018038  0.19935    
       21900  -1.68096362         1238219.        0.000000        43.12735     -1.59175345155E+07  2.96972178585E+04 -5.35994132223E+02   21.4534609          1018579  0.19817    
       22000  -1.68004268         1238092.        0.000000        43.24894     -1.59132053225E+07  2.96891406211E+04 -5.35994137575E+02   21.4523063          1018721  0.20439    
       22100  -1.67913534         1237099.        0.000000        42.76867     -1.59105195328E+07  2.96841292444E+04 -5.35994146968E+02   21.4564182          1017923  0.20794    
       22200  -1.67807186         1237748.        0.000000        43.21984     -1.59071959434E+07  2.96779286692E+04 -5.35994143011E+02   21.4498135          1018259  0.20146    
       22300  -1.67976812         1238080.        0.000000        43.15014     -1.59053286864E+07  2.96744457906E+04 -5.35994127696E+02   21.4471261          1018550  0.19733    
       22400  -1.68311784         1238551.        0.000000        43.20599     -1.59101632800E+07  2.96834658584E+04 -5.35994123999E+02   21.4474926          1019023  0.21327    
       22500  -1.68153406         1237715.        0.000000        43.07173     -1.59088158562E+07  2.96809522093E+04 -5.35994119865E+02   21.4550364          1018535  0.20660    
       22600  -1.67773206         1236909.        0.000000        42.92345     -1.58984994942E+07  2.96617049134E+04 -5.35994122409E+02   21.4473755          1017850  0.20079    
       22700  -1.67719728         1237604.        0.000000        42.82798     -1.58960175350E+07  2.96570741083E+04 -5.35994126625E+02   21.4405779          1018556  0.20016    
       22800  -1.67901241         1237785.        0.000000        41.13978     -1.59035079361E+07  2.96710489960E+04 -5.35994124718E+02   21.4473635          1018645  0.20262    
       22900  -1.67880917         1237585.        0.000000        39.61845     -1.59013292389E+07  2.96669847286E+04 -5.35994115491E+02   21.4443211          1018586  0.19820    
       23000  -1.67856191         1237654.        0.000000        39.76505     -1.58998320845E+07  2.96641918246E+04 -5.35994109617E+02   21.4422155          1018578  0.19906    
       23100  -1.67872427         1237354.        0.000000        40.32161     -1.58961849460E+07  2.96573877936E+04 -5.35994102268E+02   21.4413226          1018521  0.20552    
       23200  -1.67747676         1236882.        0.000000        40.90175     -1.58920844021E+07  2.96497371913E+04 -5.35994106779E+02   21.4394881          1018064  0.19956    
       23300  -1.67638763         1237622.        0.000000        40.78585     -1.58956765090E+07  2.96564389695E+04 -5.35994106553E+02   21.4370478          1018549  0.20285    
       23400  -1.67883097         1236906.        0.000000        41.60230     -1.58996615336E+07  2.96638740641E+04 -5.35994101758E+02   21.4409389          1017635  0.20085    
       23500  -1.67592875         1236717.        0.000000        42.48901     -1.59026306363E+07  2.96694139822E+04 -5.35994092968E+02   21.4474149          1017548  0.19814    
       23600  -1.67391515         1236278.        0.000000        42.54693     -1.59040563421E+07  2.96720745670E+04 -5.35994081109E+02   21.4464693          1017045  0.19976    
       23700  -1.67324502         1237169.        0.000000        43.09944     -1.59061524740E+07  2.96759853541E+04 -5.35994080204E+02   21.4428515          1017764  0.20409    
       23800  -1.67807572         1237750.        0.000000        45.11219     -1.59171374180E+07  2.96964797328E+04 -5.35994082842E+02   21.4464838          1017949  0.20313    
       23900  -1.68213890         1239013.        0.000000        44.70993     -1.59267964558E+07  2.97145005240E+04 -5.35994082853E+02   21.4520785          1019032  0.19652    
       24000  -1.68120946         1237676.        0.000000        45.50440     -1.59274461769E+07  2.97157120753E+04 -5.35994094185E+02   21.4581339          1018021  0.20140    
       24100  -1.67862613         1237342.        0.000000        46.94336     -1.59300204847E+07  2.97205154727E+04 -5.35994084602E+02   21.4584938          1017768  0.20324    
       24200  -1.67883029         1238319.        0.000000        46.59108     -1.59335234544E+07  2.97270511635E+04 -5.35994080501E+02   21.4532245          1018544  0.19896    
       24300  -1.68031255         1237986.        0.000000        44.98200     -1.59455428369E+07  2.97494759424E+04 -5.35994074914E+02   21.4678488          1017947  0.20343    
       24400  -1.68167159         1238560.        0.000000        44.90304     -1.59478296274E+07  2.97537418813E+04 -5.35994084072E+02   21.4669720          1018558  0.20028    
       24500  -1.68161729         1238254.        0.000000        46.13828     -1.59434105507E+07  2.97454978764E+04 -5.35994072681E+02   21.4718574          1018630  0.19796    
       24600  -1.68211794         1238361.        0.000000        44.65236     -1.59363190075E+07  2.97322675950E+04 -5.35994066265E+02   21.4651099          1018822  0.20297    
       24700  -1.67973974         1237790.        0.000000        44.81010     -1.59271058126E+07  2.97150789528E+04 -5.35994060049E+02   21.4624857          1018422  0.20311    
       24800  -1.67992464         1238079.        0.000000        44.04648     -1.59206760809E+07  2.97030828974E+04 -5.35994062834E+02   21.4585991          1018623  0.20073    
       24900  -1.67903658         1237532.        0.000000        44.75018     -1.59169979339E+07  2.96962201873E+04 -5.35994070408E+02   21.4584494          1018299  0.20121    
       25000  -1.67747649         1236376.        0.000000        45.94247     -1.59167860148E+07  2.96958245026E+04 -5.35994075982E+02   21.4587294          1016929  0.20051    
       25100  -1.67212161         1235661.        0.000000        46.01406     -1.59149700228E+07  2.96924358058E+04 -5.35994087075E+02   21.4610944          1016272  0.19843    
       25200  -1.67170865         1236136.        0.000000        46.39743     -1.59190952162E+07  2.97001322605E+04 -5.35994085029E+02   21.4590404          1016496  0.19664    
       25300  -1.67608170         1237272.        0.000000        46.29336     -1.59265245683E+07  2.97139929232E+04 -5.35994089028E+02   21.4598932          1017333  0.20462    
       25400  -1.67565511         1237052.        0.000000        45.95865     -1.59310411482E+07  2.97224193823E+04 -5.35994090634E+02   21.4640786          1017197  0.19768    
       25500  -1.67810332         1237674.        0.000000        47.08206     -1.59364615820E+07  2.97325314772E+04 -5.35994104446E+02   21.4632310          1017600  0.20215    
       25600  -1.67556359         1236180.        0.000000        46.56789     -1.59361901914E+07  2.97320247938E+04 -5.35994110792E+02   21.4709514          1016305  0.20200    
       25700  -1.67262996         1236132.        0.000000        45.93161     -1.59357119946E+07  2.97311327638E+04 -5.35994108305E+02   21.4696489          1016301  0.19791    
       25800  -1.67808223         1238137.        0.000000        43.83316     -1.59477946776E+07  2.97536751298E+04 -5.35994111919E+02   21.4655219          1017772  0.20376    
       25900  -1.68087221         1238680.        0.000000        42.89348     -1.59514995456E+07  2.97605873491E+04 -5.35994110548E+02   21.4699116          1018353  0.20585    
       26000  -1.68219941         1238881.        0.000000        43.09455     -1.59506158845E+07  2.97589383499E+04 -5.35994117026E+02   21.4676967          1018624  0.20860    
       26100  -1.68168825         1237927.        0.000000        44.66721     -1.59530883458E+07  2.97635514493E+04 -5.35994112562E+02   21.4760078          1017944  0.20165    
       26200  -1.67994194         1238066.        0.000000        43.52812     -1.59474476914E+07  2.97530277995E+04 -5.35994111216E+02   21.4752691          1018233  0.20442    
       26300  -1.68102797         1238442.        0.000000        44.55231     -1.59401820749E+07  2.97394723803E+04 -5.35994111498E+02   21.4639881          1018454  0.19929    
       26400  -1.68189959         1238488.        0.000000        44.88086     -1.59431749883E+07  2.97450565397E+04 -5.35994106012E+02   21.4717554          1018815  0.20869    
       26500  -1.68058998         1237672.        0.000000        45.99891     -1.59395259671E+07  2.97382486245E+04 -5.35994105381E+02   21.4715723          1017953  0.20111    
       26600  -1.68040787         1238201.        0.000000        45.22915     -1.59364374385E+07  2.97324868857E+04 -5.35994096281E+02   21.4658844          1018529  0.19878    
       26700  -1.67791333         1236685.        0.000000        46.35707     -1.59304536630E+07  2.97213229805E+04 -5.35994096677E+02   21.4714474          1017253  0.20297    
       26800  -1.67398988         1236572.        0.000000        45.75605     -1.59228674532E+07  2.97071695888E+04 -5.35994094139E+02   21.4579772          1016988  0.20198    
       26900  -1.67713509         1237591.        0.000000        46.49473     -1.59310506641E+07  2.97224363523E+04 -5.35994104765E+02   21.4634747          1017852  0.19664    
       27000  -1.67658410         1236944.        0.000000        46.45210     -1.59283689558E+07  2.97174331816E+04 -5.35994103476E+02   21.4662403          1017365  0.19955    
       27100  -1.67537882         1236840.        0.000000        45.70546     -1.59243350607E+07  2.97099072624E+04 -5.35994101903E+02   21.4588784          1017195  0.19368    
       27200  -1.67540190         1236559.        0.000000        43.20194     -1.59211221169E+07  2.97039122618E+04 -5.35994113388E+02   21.4556017          1016871  0.19408    
       27300  -1.67641922         1237395.        0.000000        43.39258     -1.59279405569E+07  2.97166333342E+04 -5.35994114065E+02   21.4572825          1017538  0.19904    
       27400  -1.67693580         1237557.        0.000000        44.03028     -1.59329527027E+07  2.97259840008E+04 -5.35994122256E+02   21.4565300          1017477  0.20091    
       27500  -1.67651052         1236974.        0.000000        43.51286     -1.59369025121E+07  2.97333522276E+04 -5.35994138503E+02   21.4644231          1016988  0.20141    
       27600  -1.67396319         1236018.        0.000000        45.27435     -1.59435822434E+07  2.97458146986E+04 -5.35994135813E+02   21.4734777          1016011  0.20030    
       27700  -1.67392998         1236698.        0.000000        45.79642     -1.59495663453E+07  2.97569785982E+04 -5.35994146469E+02   21.4684291          1016543  0.19751    
       27800  -1.67392716         1236069.        0.000000        46.49033     -1.59547983879E+07  2.97667406586E+04 -5.35994134221E+02   21.4750241          1015809  0.19679    
       27900  -1.67055751         1235777.        0.000000        47.12416     -1.59572215300E+07  2.97712612112E+04 -5.35994139340E+02   21.4781279          1015445  0.19961    
       28000  -1.67554420         1237438.        0.000000        46.35058     -1.59726769223E+07  2.98000963497E+04 -5.35994136895E+02   21.4780303          1016492  0.20116    
       28100  -1.67879862         1237825.        0.000000        45.52041     -1.59815053402E+07  2.98165669636E+04 -5.35994145795E+02   21.4859398          1016865  0.19686    
       28200  -1.68010014         1238567.        0.000000        45.52651     -1.59853195685E+07  2.98236838218E+04 -5.35994133522E+02   21.4879069          1017547  0.19841    
       28300  -1.68268461         1238738.        0.000000        45.85984     -1.59835215324E+07  2.98203294218E+04 -5.35994130256E+02   21.4856925          1017733  0.19790    
       28400  -1.68431932         1238519.        0.000000        46.20618     -1.59806724365E+07  2.98150136756E+04 -5.35994134042E+02   21.4883194          1017775  0.19734    
       28500  -1.67980733         1237581.        0.000000        46.07129     -1.59743384032E+07  2.98031966274E+04 -5.35994128513E+02   21.4901495          1017067  0.19839    
       28600  -1.67788788         1237491.        0.000000        45.20875     -1.59629979664E+07  2.97820390789E+04 -5.35994124651E+02   21.4801279          1016993  0.20142    
       28700  -1.67740141         1237330.        0.000000        44.61759     -1.59601627271E+07  2.97767489661E+04 -5.35994132377E+02   21.4757697          1016641  0.20045    
       28800  -1.67718439         1236939.        0.000000        44.10799     -1.59627790054E+07  2.97816310805E+04 -5.35994115372E+02   21.4827216          1016317  0.19914    
       28900  -1.67528307         1236950.        0.000000        44.14854     -1.59589675886E+07  2.97745205705E+04 -5.35994107806E+02   21.4816157          1016361  0.20367    
       29000  -1.67790680         1237269.        0.000000        43.71248     -1.59553547815E+07  2.97677798125E+04 -5.35994114511E+02   21.4768236          1016747  0.19242    
       29100  -1.67915930         1238054.        0.000000        45.08958     -1.59555033106E+07  2.97680566948E+04 -5.35994118601E+02   21.4704022          1017298  0.20249    
       29200  -1.67961478         1237777.        0.000000        44.67691     -1.59547457357E+07  2.97666432071E+04 -5.35994120154E+02   21.4739811          1017181  0.20191    
       29300  -1.67911082         1237591.        0.000000        45.15867     -1.59507266064E+07  2.97591445831E+04 -5.35994123145E+02   21.4722950          1017170  0.20306    
       29400  -1.67843483         1237568.        0.000000        44.49014     -1.59421513018E+07  2.97431457550E+04 -5.35994122245E+02   21.4668695          1017343  0.20578    
       29500  -1.67916274         1238113.        0.000000        43.66967     -1.59416677254E+07  2.97422432376E+04 -5.35994127882E+02   21.4603920          1017542  0.20119    
       29600  -1.68194392         1238616.        0.000000        43.62215     -1.59435312377E+07  2.97457202354E+04 -5.35994123237E+02   21.4665398          1018305  0.20429    
       29700  -1.68109525         1237948.        0.000000        43.87219     -1.59409251802E+07  2.97408584376E+04 -5.35994117776E+02   21.4702064          1017849  0.20064    
       29800  -1.67967398         1238098.        0.000000        43.17648     -1.59328378283E+07  2.97257699216E+04 -5.35994117910E+02   21.4631573          1018211  0.21032    
       29900  -1.68033888         1238050.        0.000000        43.88362     -1.59295035598E+07  2.97195495499E+04 -5.35994111655E+02   21.4606653          1018347  0.19788    
       30000  -1.67883710         1237219.        0.000000        44.19920     -1.59286063454E+07  2.97178764730E+04 -5.35994096342E+02   21.4611396          1017441  0.21549    
       30100  -1.67522048         1236646.        0.000000        43.58806     -1.59231451363E+07  2.97076877255E+04 -5.35994092960E+02   21.4598766          1016865  0.20083    
       30200  -1.67248881         1235901.        0.000000        43.35676     -1.59172678302E+07  2.96967226625E+04 -5.35994089688E+02   21.4540708          1016147  0.19693    
       30300  -1.67546079         1237015.        0.000000        42.79725     -1.59247152173E+07  2.97106178465E+04 -5.35994077928E+02   21.4515172          1016949  0.20325    
       30400  -1.67814109         1237875.        0.000000        41.73883     -1.59330551864E+07  2.97261777407E+04 -5.35994076513E+02   21.4528746          1017510  0.20205    
       30500  -1.67899990         1237849.        0.000000        42.49921     -1.59348160128E+07  2.97294621948E+04 -5.35994089244E+02   21.4573980          1017502  0.20113    
       30600  -1.68040117         1237777.        0.000000        41.82489     -1.59386765687E+07  2.97366646765E+04 -5.35994091540E+02   21.4670519          1017525  0.20037    
       30700  -1.68152954         1238552.        0.000000        42.47013     -1.59367136354E+07  2.97330024517E+04 -5.35994091457E+02   21.4614456          1018255  0.20408    
       30800  -1.68056646         1237546.        0.000000        42.33938     -1.59327368076E+07  2.97255829586E+04 -5.35994090673E+02   21.4674279          1017521  0.19375    
       30900  -1.67682012         1236691.        0.000000        43.46541     -1.59316262027E+07  2.97235099646E+04 -5.35994107751E+02   21.4699682          1016433  0.20266    
       31000  -1.67398477         1236680.        0.000000        43.00632     -1.59280714412E+07  2.97168779079E+04 -5.35994107138E+02   21.4649740          1016462  0.20130    
       31100  -1.67609113         1237031.        0.000000        44.22312     -1.59275862500E+07  2.97159731132E+04 -5.35994099516E+02   21.4665138          1016941  0.19919    
       31200  -1.67641023         1237037.        0.000000        43.24242     -1.59244323162E+07  2.97100894854E+04 -5.35994087935E+02   21.4625095          1016955  0.20338    
       31300  -1.67837522         1238681.        0.000000        44.50121     -1.59279515576E+07  2.97166558816E+04 -5.35994077564E+02   21.4574180          1018559  0.20641    
       31400  -1.68223675         1238118.        0.000000        45.68470     -1.59315760333E+07  2.97234184934E+04 -5.35994069350E+02   21.4628658          1017893  0.20139    
       31500  -1.67927471         1237261.        0.000000        45.97274     -1.59250089496E+07  2.97111665898E+04 -5.35994064772E+02   21.4696114          1017427  0.19867    
       31600  -1.67758431         1237063.        0.000000        46.90051     -1.59198854200E+07  2.97016075009E+04 -5.35994067645E+02   21.4591509          1017116  0.20121    
       31700  -1.67703668         1236917.        0.000000        45.58484     -1.59228257206E+07  2.97070927091E+04 -5.35994076447E+02   21.4586753          1016897  0.20121    
       31800  -1.67628016         1237422.        0.000000        45.24070     -1.59279306344E+07  2.97166163540E+04 -5.35994086427E+02   21.4585984          1017215  0.20813    
       31900  -1.67634270         1236882.        0.000000        46.03765     -1.59317356971E+07  2.97237154102E+04 -5.35994086781E+02   21.4650989          1016753  0.20192    
       32000  -1.67806227         1238326.        0.000000        45.64458     -1.59351205763E+07  2.97300307551E+04 -5.35994083138E+02   21.4617729          1018207  0.20676    
       32100  -1.68065768         1237617.        0.000000        44.18593     -1.59320393103E+07  2.97242820946E+04 -5.35994082537E+02   21.4655115          1017717  0.19631    
       32200  -1.67814946         1237559.        0.000000        44.39305     -1.59305971093E+07  2.97215921366E+04 -5.35994069096E+02   21.4653422          1017620  0.20570    
       32300  -1.67901301         1237644.        0.000000        43.14431     -1.59261915345E+07  2.97133721567E+04 -5.35994078709E+02   21.4674321          1018010  0.20721    
       32400  -1.67990990         1238331.        0.000000        43.69383     -1.59225912247E+07  2.97066545228E+04 -5.35994088884E+02   21.4602559          1018715  0.19522    
       32500  -1.68354538         1239017.        0.000000        43.98496     -1.59208978248E+07  2.97034951163E+04 -5.35994089668E+02   21.4578162          1019349  0.20214    
       32600  -1.68269373         1237906.        0.000000        44.29105     -1.59123548758E+07  2.96875562878E+04 -5.35994095354E+02   21.4559504          1018398  0.20152    
       32700  -1.67792403         1236495.        0.000000        43.89346     -1.59089022553E+07  2.96811143984E+04 -5.35994101897E+02   21.4671778          1017381  0.20545    
       32800  -1.67451838         1236500.        0.000000        44.61415     -1.59026534087E+07  2.96694559550E+04 -5.35994102246E+02   21.4514636          1017240  0.19619    
       32900  -1.67418947         1236519.        0.000000        44.12424     -1.59042418087E+07  2.96724195913E+04 -5.35994099157E+02   21.4505405          1017114  0.20496    
       33000  -1.67591935         1237622.        0.000000        43.53884     -1.59108315962E+07  2.96847135381E+04 -5.35994109418E+02   21.4452881          1018070  0.19914    
       33100  -1.67831173         1238011.        0.000000        43.64322     -1.59182374226E+07  2.96985306879E+04 -5.35994106575E+02   21.4541494          1018333  0.20219    
       33200  -1.67841357         1237663.        0.000000        43.51616     -1.59194706870E+07  2.97008317508E+04 -5.35994103484E+02   21.4528771          1018097  0.20606    
       33300  -1.67918061         1237967.        0.000000        43.49008     -1.59239246590E+07  2.97091409699E+04 -5.35994112892E+02   21.4567498          1018334  0.19553    
       33400  -1.68141260         1238410.        0.000000        43.16928     -1.59285493008E+07  2.97177698694E+04 -5.35994099517E+02   21.4590838          1018833  0.19896    
       33500  -1.68155069         1238591.        0.000000        42.47424     -1.59256161923E+07  2.97122978257E+04 -5.35994095297E+02   21.4541402          1019092  0.20888    
       33600  -1.68222248         1238250.        0.000000        42.65100     -1.59208455898E+07  2.97033978140E+04 -5.35994086924E+02   21.4558828          1018879  0.19656    
       33700  -1.67578826         1236197.        0.000000        42.77398     -1.59084066969E+07  2.96801909188E+04 -5.35994082397E+02   21.4606755          1017224  0.20459    
       33800  -1.67350237         1236528.        0.000000        43.23278     -1.59020720311E+07  2.96683722864E+04 -5.35994084123E+02   21.4463869          1017399  0.20122    
       33900  -1.67476379         1236832.        0.000000        42.61661     -1.59042677731E+07  2.96724683079E+04 -5.35994094190E+02   21.4466081          1017690  0.19438    
       34000  -1.67657918         1237747.        0.000000        42.56393     -1.59106906020E+07  2.96844512899E+04 -5.35994094911E+02   21.4437598          1018215  0.20655    
       34100  -1.67905685         1237593.        0.000000        43.15682     -1.59142362172E+07  2.96910662304E+04 -5.35994096465E+02   21.4464813          1017970  0.20168    
       34200  -1.68008204         1238463.        0.000000        45.32839     -1.59184941353E+07  2.96990099418E+04 -5.35994101033E+02   21.4461240          1018690  0.19693    
       34300  -1.68137157         1238261.        0.000000        44.34142     -1.59212279554E+07  2.97041104274E+04 -5.35994100695E+02   21.4509996          1018696  0.20032    
       34400  -1.67959567         1237327.        0.000000        44.53785     -1.59211281357E+07  2.97039250689E+04 -5.35994084916E+02   21.4601100          1018031  0.20886    
       34500  -1.67622275         1236736.        0.000000        44.32159     -1.59150911555E+07  2.96926615223E+04 -5.35994092128E+02   21.4597894          1017642  0.19782    
       34600  -1.67512945         1237176.        0.000000        45.36083     -1.59149219535E+07  2.96923458876E+04 -5.35994091331E+02   21.4520037          1017965  0.19873    
       34700  -1.68069119         1238443.        0.000000        46.93241     -1.59250921720E+07  2.97113202184E+04 -5.35994094337E+02   21.4541708          1018912  0.20150    
       34800  -1.68244295         1238572.        0.000000        46.14588     -1.59252602398E+07  2.97116341489E+04 -5.35994087703E+02   21.4542813          1019079  0.19834    
       34900  -1.67949635         1237069.        0.000000        45.52489     -1.59216325208E+07  2.97048660838E+04 -5.35994085141E+02   21.4620459          1017834  0.20495    
       35000  -1.67768782         1237567.        0.000000        46.47414     -1.59228468497E+07  2.97071316819E+04 -5.35994084527E+02   21.4587314          1018158  0.19845    
       35100  -1.67613770         1237256.        0.000000        46.90782     -1.59198220540E+07  2.97014878251E+04 -5.35994093889E+02   21.4549723          1017840  0.19563    
       35200  -1.67409995         1236254.        0.000000        46.35056     -1.59177712376E+07  2.96976611805E+04 -5.35994102057E+02   21.4620731          1016949  0.20135    
       35300  -1.67299204         1236133.        0.000000        45.53094     -1.59142810236E+07  2.96911494403E+04 -5.35994103413E+02   21.4576274          1016686  0.20063    
       35400  -1.67515018         1237287.        0.000000        44.87569     -1.59200960231E+07  2.97019982778E+04 -5.35994106329E+02   21.4539479          1017484  0.20082    
       35500  -1.67861651         1237512.        0.000000        43.17125     -1.59269277695E+07  2.97147442538E+04 -5.35994105601E+02   21.4608483          1017491  0.19950    
       35600  -1.67732921         1237074.        0.000000        44.08100     -1.59250671624E+07  2.97112731805E+04 -5.35994101148E+02   21.4626493          1017155  0.20237    
       35700  -1.67712013         1237306.        0.000000        44.34643     -1.59244280038E+07  2.97100799479E+04 -5.35994114850E+02   21.4601395          1017447  0.19426    
       35800  -1.68219068         1239387.        0.000000        43.89758     -1.59281410264E+07  2.97170066781E+04 -5.35994126155E+02   21.4525857          1019367  0.20014    
       35900  -1.68514171         1238955.        0.000000        43.91293     -1.59300942124E+07  2.97206505668E+04 -5.35994128952E+02   21.4594637          1019236  0.19965    
       36000  -1.68118180         1237726.        0.000000        44.38990     -1.59204499965E+07  2.97026570799E+04 -5.35994135260E+02   21.4560105          1018243  0.20049    
       36100  -1.67716343         1237392.        0.000000        44.56687     -1.59158043972E+07  2.96939892412E+04 -5.35994145749E+02   21.4501981          1018096  0.20372    
       36200  -1.67906970         1238353.        0.000000        45.14473     -1.59223559313E+07  2.97062131358E+04 -5.35994132221E+02   21.4473100          1018709  0.20214    
       36300  -1.68314663         1239517.        0.000000        44.70299     -1.59271883721E+07  2.97152298348E+04 -5.35994116844E+02   21.4461165          1019800  0.19847    
       36400  -1.68419846         1238542.        0.000000        45.52117     -1.59255399545E+07  2.97121548819E+04 -5.35994108062E+02   21.4551345          1019106  0.20440    
       36500  -1.68002753         1237627.        0.000000        46.43645     -1.59191638347E+07  2.97002587652E+04 -5.35994112394E+02   21.4550076          1018369  0.19911    
       36600  -1.67946450         1238460.        0.000000        46.25345     -1.59198339454E+07  2.97015091127E+04 -5.35994110096E+02   21.4494842          1019331  0.19831    
       36700  -1.68395790         1239395.        0.000000        45.60414     -1.59262202047E+07  2.97134243153E+04 -5.35994102721E+02   21.4490599          1019975  0.20232    
       36800  -1.68402858         1238600.        0.000000        44.74189     -1.59225583484E+07  2.97065924283E+04 -5.35994102550E+02   21.4517786          1019466  0.20122    
       36900  -1.68122824         1237823.        0.000000        44.30819     -1.59149980158E+07  2.96924868343E+04 -5.35994108697E+02   21.4504456          1018968  0.20272    
       37000  -1.67896802         1236971.        0.000000        43.94023     -1.59113662276E+07  2.96857112491E+04 -5.35994104845E+02   21.4535096          1018175  0.20175    
       37100  -1.67614665         1236936.        0.000000        42.69250     -1.59064911715E+07  2.96766161017E+04 -5.35994101112E+02   21.4472356          1017951  0.19753    
       37200  -1.67345882         1235861.        0.000000        42.50935     -1.59021006849E+07  2.96684250152E+04 -5.35994097320E+02   21.4494791          1016890  0.19762    
       37300  -1.67154775         1235893.        0.000000        43.09324     -1.58974082372E+07  2.96596703564E+04 -5.35994097244E+02   21.4458343          1016736  0.20408    
       37400  -1.67601960         1238170.        0.000000        42.08912     -1.59036295889E+07  2.96712776320E+04 -5.35994094564E+02   21.4336542          1018714  0.20448    
       37500  -1.68255204         1238674.        0.000000        41.83719     -1.59135101730E+07  2.96897113686E+04 -5.35994101641E+02   21.4444275          1019105  0.19925    
       37600  -1.68144985         1237780.        0.000000        41.92126     -1.59037015000E+07  2.96714111438E+04 -5.35994106345E+02   21.4512801          1018760  0.20610    
       37700  -1.67928110         1237688.        0.000000        41.22326     -1.58908742562E+07  2.96474792867E+04 -5.35994109398E+02   21.4407586          1018968  0.20099    
       37800  -1.67465089         1235774.        0.000000        41.09312     -1.58762094821E+07  2.96201193579E+04 -5.35994108945E+02   21.4387454          1017368  0.20293    
       37900  -1.67068122         1235366.        0.000000        41.43439     -1.58740906197E+07  2.96161663789E+04 -5.35994105943E+02   21.4334881          1016663  0.20214    
       38000  -1.67128462         1236204.        0.000000        41.03620     -1.58820208740E+07  2.96309615894E+04 -5.35994109610E+02   21.4340742          1017301  0.20530    
       38100  -1.67429301         1236536.        0.000000        41.75941     -1.58956353754E+07  2.96563617596E+04 -5.35994114997E+02   21.4457895          1017384  0.19590    
       38200  -1.67661083         1237863.        0.000000        40.92640     -1.58986387866E+07  2.96619656000E+04 -5.35994107775E+02   21.4426398          1018500  0.20483    
       38300  -1.67911590         1237328.        0.000000        39.85997     -1.58999608671E+07  2.96644321494E+04 -5.35994108603E+02   21.4481547          1017922  0.20234    
       38400  -1.67433940         1236424.        0.000000        39.76597     -1.58920728111E+07  2.96497153992E+04 -5.35994109796E+02   21.4458475          1017494  0.20118    
       38500  -1.67278732         1235914.        0.000000        40.24576     -1.58906381531E+07  2.96470393319E+04 -5.35994099619E+02   21.4462185          1017002  0.20004    
       38600  -1.67377910         1236874.        0.000000        40.38705     -1.58939342999E+07  2.96531891610E+04 -5.35994095393E+02   21.4433362          1017790  0.20094    
       38700  -1.67611633         1236446.        0.000000        41.06763     -1.58927714171E+07  2.96510189056E+04 -5.35994107577E+02   21.4444691          1017196  0.20017    
       38800  -1.67454263         1237085.        0.000000        40.07746     -1.58911450843E+07  2.96479846181E+04 -5.35994108502E+02   21.4340697          1017755  0.19581    
       38900  -1.67670232         1237492.        0.000000        40.82049     -1.58976947299E+07  2.96602047547E+04 -5.35994099212E+02   21.4380360          1018255  0.19975    
       39000  -1.67709380         1237272.        0.000000        40.60070     -1.59012875775E+07  2.96669075968E+04 -5.35994104733E+02   21.4441599          1017942  0.19493    
       39100  -1.67819860         1237489.        0.000000        41.71247     -1.59013084817E+07  2.96669460063E+04 -5.35994115413E+02   21.4442101          1018066  0.20390    
       39200  -1.67932194         1238146.        0.000000        41.19269     -1.59030975160E+07  2.96702837712E+04 -5.35994115819E+02   21.4416696          1018697  0.20658    
       39300  -1.68060528         1237838.        0.000000        40.99693     -1.58995298833E+07  2.96636278887E+04 -5.35994111812E+02   21.4429519          1018524  0.19895    
       39400  -1.67931636         1237236.        0.000000        40.92300     -1.58933123661E+07  2.96520279869E+04 -5.35994110523E+02   21.4403902          1018179  0.20581    
       39500  -1.67685063         1237159.        0.000000        41.14257     -1.58843142562E+07  2.96352396666E+04 -5.35994121690E+02   21.4276202          1018144  0.19929    
       39600  -1.67343588         1236589.        0.000000        40.32999     -1.58871379875E+07  2.96405077866E+04 -5.35994123375E+02   21.4313163          1017655  0.20001    
       39700  -1.67519806         1236439.        0.000000        40.09423     -1.58974935566E+07  2.96598290582E+04 -5.35994105880E+02   21.4435656          1017410  0.20090    
       39800  -1.67253846         1236323.        0.000000        39.96261     -1.58896661069E+07  2.96452257418E+04 -5.35994100544E+02   21.4349166          1017366  0.20427    
       39900  -1.67578552         1237755.        0.000000        39.99459     -1.58965137937E+07  2.96580015551E+04 -5.35994098057E+02   21.4311846          1018448  0.20374    
       40000  -1.68049092         1238138.        0.000000        41.48791     -1.59059625044E+07  2.96756302357E+04 -5.35994092733E+02   21.4393193          1018622  0.20127    
       40100  -1.67797227         1237060.        0.000000        42.88093     -1.59016750323E+07  2.96676306273E+04 -5.35994101858E+02   21.4453345          1017864  0.19702    
       40200  -1.67582675         1236577.        0.000000        42.41519     -1.59005379690E+07  2.96655090959E+04 -5.35994104048E+02   21.4435344          1017320  0.19881    
       40300  -1.67536403         1237050.        0.000000        43.40919     -1.59043390429E+07  2.96726008429E+04 -5.35994102003E+02   21.4446012          1017510  0.20297    
       40400  -1.68143293         1238566.        0.000000        42.99268     -1.59145321202E+07  2.96916183445E+04 -5.35994095558E+02   21.4425141          1018671  0.20174    
       40500  -1.68322936         1238395.        0.000000        44.67078     -1.59194637735E+07  2.97008193978E+04 -5.35994093641E+02   21.4558703          1018775  0.20721    
       40600  -1.67915163         1237195.        0.000000        44.53762     -1.59115587098E+07  2.96860715325E+04 -5.35994083702E+02   21.4597214          1017787  0.19605    
       40700  -1.67681214         1237037.        0.000000        44.74898     -1.59085595625E+07  2.96804760245E+04 -5.35994084104E+02   21.4499656          1017561  0.20019    
       40800  -1.67706764         1237723.        0.000000        43.44524     -1.59177536071E+07  2.96976289132E+04 -5.35994090761E+02   21.4501383          1017910  0.20680    
       40900  -1.67751348         1236981.        0.000000        44.11930     -1.59251901866E+07  2.97115038124E+04 -5.35994081186E+02   21.4585673          1016998  0.19919    
       41000  -1.67904679         1238236.        0.000000        42.37364     -1.59298678112E+07  2.97202313510E+04 -5.35994071614E+02   21.4592870          1018252  0.20270    
       41100  -1.67989702         1237742.        0.000000        42.15473     -1.59252275320E+07  2.97115738480E+04 -5.35994074681E+02   21.4646367          1018085  0.20576    
       41200  -1.68077683         1238099.        0.000000        41.59390     -1.59181950768E+07  2.96984537852E+04 -5.35994068644E+02   21.4578436          1018552  0.19894    
       41300  -1.67838317         1236610.        0.000000        42.03321     -1.59099252283E+07  2.96830249333E+04 -5.35994066105E+02   21.4573538          1017244  0.20328    
       41400  -1.67285724         1236103.        0.000000        40.79532     -1.59009416432E+07  2.96662639005E+04 -5.35994073827E+02   21.4481019          1016874  0.20259    
       41500  -1.67468227         1236819.        0.000000        40.33443     -1.59097640101E+07  2.96827233469E+04 -5.35994080604E+02   21.4517110          1017256  0.19522    
       41600  -1.67581110         1237002.        0.000000        40.30028     -1.59108023756E+07  2.96846604366E+04 -5.35994083865E+02   21.4496030          1017411  0.20319    
       41700  -1.67496660         1236441.        0.000000        40.45754     -1.59145484227E+07  2.96916501799E+04 -5.35994069925E+02   21.4583836          1016945  0.20392    
       41800  -1.67405668         1236645.        0.000000        41.82114     -1.59140215464E+07  2.96906671104E+04 -5.35994071375E+02   21.4510565          1016913  0.19645    
       41900  -1.67739593         1238114.        0.000000        41.78616     -1.59213888323E+07  2.97044114830E+04 -5.35994084294E+02   21.4466673          1018035  0.20278    
       42000  -1.68182804         1238967.        0.000000        41.27607     -1.59289256714E+07  2.97184727132E+04 -5.35994087756E+02   21.4455077          1018788  0.20384    
       42100  -1.68486377         1238776.        0.000000        41.53108     -1.59369923525E+07  2.97335227055E+04 -5.35994086888E+02   21.4621052          1018740  0.20139    
       42200  -1.68244158         1237908.        0.000000        43.06701     -1.59284663604E+07  2.97176164377E+04 -5.35994075896E+02   21.4652072          1018431  0.20002    
       42300  -1.67879522         1237261.        0.000000        42.72771     -1.59148851391E+07  2.96922779539E+04 -5.35994077780E+02   21.4548379          1018031  0.20195    
       42400  -1.67792137         1236916.        0.000000        41.38826     -1.59122262882E+07  2.96873169009E+04 -5.35994086006E+02   21.4536002          1017502  0.19606    
       42500  -1.67617932         1237247.        0.000000        41.65386     -1.59069375638E+07  2.96774497314E+04 -5.35994086680E+02   21.4469114          1017782  0.20737    
       42600  -1.67600984         1237477.        0.000000        41.89652     -1.59039290281E+07  2.96718369499E+04 -5.35994082706E+02   21.4410664          1017993  0.20515    
       42700  -1.68009999         1239032.        0.000000        42.91552     -1.59110994060E+07  2.96852151228E+04 -5.35994074496E+02   21.4428617          1019307  0.19753    
       42800  -1.68216619         1237960.        0.000000        42.07861     -1.59117305342E+07  2.96863924375E+04 -5.35994077679E+02   21.4563676          1018592  0.19868    
       42900  -1.67976905         1237715.        0.000000        41.39396     -1.59072186041E+07  2.96779744307E+04 -5.35994080096E+02   21.4494303          1018188  0.19813    
       43000  -1.68245667         1238983.        0.000000        41.23997     -1.59108162336E+07  2.96846868262E+04 -5.35994074209E+02   21.4438041          1019264  0.19778    
       43100  -1.68263745         1238281.        0.000000        41.71037     -1.59080772631E+07  2.96795770948E+04 -5.35994067984E+02   21.4478080          1018913  0.19927    
       43200  -1.67958418         1237195.        0.000000        42.19079     -1.58994600564E+07  2.96635003416E+04 -5.35994062511E+02   21.4546903          1018300  0.20203    
       43300  -1.67627938         1237135.        0.000000        42.09449     -1.58881523132E+07  2.96424032656E+04 -5.35994068053E+02   21.4409522          1018473  0.19572    
       43400  -1.67754997         1238037.        0.000000        42.72030     -1.58941403989E+07  2.96535752918E+04 -5.35994066229E+02   21.4382589          1018935  0.20581    
       43500  -1.68052093         1238184.        0.000000        42.41277     -1.58904463617E+07  2.96466831237E+04 -5.35994070413E+02   21.4397911          1019339  0.19999    
       43600  -1.68076640         1238056.        0.000000        42.37611     -1.58836416535E+07  2.96339874352E+04 -5.35994073975E+02   21.4364728          1019393  0.19741    
       43700  -1.68060863         1237304.        0.000000        43.49925     -1.58801314306E+07  2.96274374558E+04 -5.35994091772E+02   21.4316534          1018648  0.20014    
       43800  -1.67688678         1236625.        0.000000        42.97944     -1.58748683823E+07  2.96176182822E+04 -5.35994090784E+02   21.4329020          1018241  0.19827    
       43900  -1.67638118         1237461.        0.000000        42.97729     -1.58725194311E+07  2.96132368641E+04 -5.35994072647E+02   21.4266666          1018844  0.19948    
       44000  -1.67725107         1236943.        0.000000        42.95029     -1.58732644071E+07  2.96146267539E+04 -5.35994072759E+02   21.4297713          1018370  0.19715    
       44100  -1.67504746         1236805.        0.000000        44.40397     -1.58710447296E+07  2.96104854926E+04 -5.35994073236E+02   21.4321655          1018586  0.20289    
       44200  -1.67354070         1235960.        0.000000        44.25201     -1.58675918834E+07  2.96040436435E+04 -5.35994071434E+02   21.4288388          1017623  0.19863    
       44300  -1.67290498         1236380.        0.000000        43.29592     -1.58735733558E+07  2.96152022642E+04 -5.35994088920E+02   21.4263451          1017769  0.20922    
       44400  -1.67546937         1237130.        0.000000        43.23817     -1.58822256003E+07  2.96313446583E+04 -5.35994089485E+02   21.4298391          1018127  0.19974    
       44500  -1.67845637         1237572.        0.000000        43.44052     -1.58896131963E+07  2.96451275266E+04 -5.35994091507E+02   21.4349402          1018518  0.20167    
       44600  -1.67820263         1237228.        0.000000        43.35230     -1.58910230282E+07  2.96477575609E+04 -5.35994096539E+02   21.4412246          1018456  0.20017    
       44700  -1.67730472         1237217.        0.000000        41.48984     -1.58903579853E+07  2.96465167282E+04 -5.35994097754E+02   21.4381084          1018287  0.20184    
       44800  -1.67871978         1237974.        0.000000        41.91079     -1.58899341202E+07  2.96457261876E+04 -5.35994093031E+02   21.4322813          1019022  0.19783    
       44900  -1.68105426         1238072.        0.000000        41.95482     -1.58926673844E+07  2.96508257062E+04 -5.35994091424E+02   21.4398431          1019318  0.19997    
       45000  -1.68356249         1238801.        0.000000        41.78265     -1.58933492698E+07  2.96520977093E+04 -5.35994094774E+02   21.4367764          1019906  0.20137    
       45100  -1.68093954         1237275.        0.000000        41.91281     -1.58910865353E+07  2.96478763903E+04 -5.35994090305E+02   21.4426029          1018678  0.19265    
       45200  -1.67422003         1235879.        0.000000        40.23006     -1.58873619922E+07  2.96409279275E+04 -5.35994083283E+02   21.4415760          1017279  0.19869    
       45300  -1.67305510         1236483.        0.000000        40.12716     -1.58927587953E+07  2.96509969030E+04 -5.35994079634E+02   21.4407247          1017662  0.20089    
       45400  -1.67855559         1238248.        0.000000        40.42472     -1.58977207615E+07  2.96602543057E+04 -5.35994081427E+02   21.4409237          1019389  0.19336    
       45500  -1.68052475         1238119.        0.000000        40.83409     -1.58950159879E+07  2.96552085795E+04 -5.35994071508E+02   21.4393400          1019428  0.19698    
       45600  -1.68348222         1238376.        0.000000        40.42172     -1.58994466008E+07  2.96634749487E+04 -5.35994067731E+02   21.4400031          1019522  0.20030    
       45700  -1.67775555         1236845.        0.000000        41.34447     -1.58940798351E+07  2.96534629016E+04 -5.35994055326E+02   21.4464999          1018231  0.19356    
       45800  -1.67589986         1237269.        0.000000        41.28445     -1.58910275020E+07  2.96477690304E+04 -5.35994040081E+02   21.4385468          1018528  0.19853    
       45900  -1.67610392         1237207.        0.000000        41.75724     -1.58882919675E+07  2.96426648651E+04 -5.35994049111E+02   21.4343056          1018349  0.20494    
       46000  -1.68078446         1238985.        0.000000        41.95958     -1.58994739085E+07  2.96635269467E+04 -5.35994048753E+02   21.4361879          1019932  0.19750    
       46100  -1.68430440         1239197.        0.000000        41.30836     -1.59016314271E+07  2.96675523872E+04 -5.35994045602E+02   21.4425559          1020168  0.20001    
       46200  -1.68203202         1238422.        0.000000        42.17965     -1.58962769446E+07  2.96575617994E+04 -5.35994059529E+02   21.4442766          1019900  0.20567    
       46300  -1.68056874         1238151.        0.000000        43.03866     -1.58953875114E+07  2.96559017061E+04 -5.35994071903E+02   21.4440458          1019636  0.19456    
       46400  -1.68061101         1237943.        0.000000        44.27736     -1.58917809590E+07  2.96491728579E+04 -5.35994074275E+02   21.4434653          1019524  0.20114    
       46500  -1.67868399         1237036.        0.000000        43.69487     -1.58881796819E+07  2.96424548045E+04 -5.35994059423E+02   21.4441200          1018693  0.20273    
       46600  -1.67692690         1237494.        0.000000        43.75216     -1.58910513864E+07  2.96478132097E+04 -5.35994046981E+02   21.4378916          1018700  0.20000    
       46700  -1.67956347         1238082.        0.000000        44.43925     -1.58942585405E+07  2.96537969926E+04 -5.35994043006E+02   21.4362954          1019234  0.20315    
       46800  -1.67958762         1237722.        0.000000        44.33316     -1.58949781434E+07  2.96551396904E+04 -5.35994040473E+02   21.4400729          1018967  0.20188    
       46900  -1.67929626         1237713.        0.000000        45.64537     -1.58939119591E+07  2.96531505604E+04 -5.35994039714E+02   21.4406091          1019150  0.19270    
       47000  -1.67919946         1237747.        0.000000        45.73416     -1.58939542935E+07  2.96532295207E+04 -5.35994040124E+02   21.4433964          1019139  0.20403    
       47100  -1.67982224         1237813.        0.000000        45.33092     -1.58913010292E+07  2.96482796572E+04 -5.35994034491E+02   21.4378413          1019294  0.20783    
       47200  -1.68129149         1238784.        0.000000        43.20448     -1.58926924146E+07  2.96508753183E+04 -5.35994038760E+02   21.4350686          1020050  0.19355    
       47300  -1.68167955         1238206.        0.000000        41.59255     -1.58946249513E+07  2.96544808775E+04 -5.35994038032E+02   21.4418174          1019545  0.20418    
       47400  -1.67891060         1237047.        0.000000        41.86337     -1.58899950158E+07  2.96458423989E+04 -5.35994046044E+02   21.4458710          1018556  0.20441    
       47500  -1.67664113         1236968.        0.000000        42.70965     -1.58868788389E+07  2.96400285087E+04 -5.35994047181E+02   21.4406680          1018522  0.19584    
       47600  -1.67553913         1235800.        0.000000        42.09702     -1.58852971097E+07  2.96370775771E+04 -5.35994045580E+02   21.4448147          1017223  0.20191    
       47700  -1.67127474         1235449.        0.000000        41.89383     -1.58923986446E+07  2.96503276269E+04 -5.35994031656E+02   21.4457884          1016591  0.20054    
       47800  -1.67278793         1236471.        0.000000        41.74084     -1.58979645021E+07  2.96607120241E+04 -5.35994027696E+02   21.4472133          1017395  0.19738    
       47900  -1.67620589         1237242.        0.000000        44.25354     -1.59051599962E+07  2.96741368060E+04 -5.35994024029E+02   21.4456686          1017894  0.20384    
       48000  -1.67890334         1237755.        0.000000        42.59403     -1.59143044742E+07  2.96911971719E+04 -5.35994031566E+02   21.4477813          1018190  0.20538    
       48100  -1.67906165         1237222.        0.000000        42.72214     -1.59185425177E+07  2.96991038547E+04 -5.35994035228E+02   21.4534456          1017695  0.19441    
       48200  -1.67660105         1236892.        0.000000        42.20598     -1.59148369806E+07  2.96921906192E+04 -5.35994032395E+02   21.4543319          1017584  0.20365    
       48300  -1.67727024         1237298.        0.000000        43.35292     -1.59167094112E+07  2.96956833978E+04 -5.35994043240E+02   21.4551123          1017772  0.20236    
       48400  -1.67805115         1237382.        0.000000        43.70680     -1.59179486768E+07  2.96979955304E+04 -5.35994042443E+02   21.4541043          1017808  0.19698    
       48500  -1.67679789         1237215.        0.000000        43.62036     -1.59179713017E+07  2.96980375518E+04 -5.35994045866E+02   21.4557211          1017679  0.20218    
       48600  -1.67747039         1236910.        0.000000        43.48014     -1.59155940889E+07  2.96936026921E+04 -5.35994040666E+02   21.4592342          1017551  0.20188    
       48700  -1.67576245         1236868.        0.000000        43.48986     -1.59131150792E+07  2.96889772738E+04 -5.35994046964E+02   21.4555128          1017422  0.19431    
       48800  -1.67491551         1236116.        0.000000        42.93341     -1.59176887263E+07  2.96975102274E+04 -5.35994048134E+02   21.4609735          1016529  0.20211    
       48900  -1.67042008         1235212.        0.000000        43.95787     -1.59144875965E+07  2.96915379600E+04 -5.35994047123E+02   21.4648366          1015829  0.19965    
       49000  -1.67183216         1237164.        0.000000        43.16472     -1.59154093482E+07  2.96932571941E+04 -5.35994055625E+02   21.4464331          1017300  0.19935    
       49100  -1.67823412         1238000.        0.000000        42.96120     -1.59320114556E+07  2.97242323767E+04 -5.35994041955E+02   21.4567942          1017747  0.20642    
       49200  -1.68113286         1238324.        0.000000        43.70982     -1.59381916249E+07  2.97357626347E+04 -5.35994042618E+02   21.4611218          1018193  0.20135    
       49300  -1.68185776         1237923.        0.000000        42.73332     -1.59403848204E+07  2.97398544912E+04 -5.35994042108E+02   21.4631544          1017919  0.19965    
       49400  -1.67854328         1237257.        0.000000        41.63383     -1.59352966706E+07  2.97303612200E+04 -5.35994048396E+02   21.4673052          1017767  0.19840    
       49500  -1.67825048         1236932.        0.000000        42.59057     -1.59365270527E+07  2.97326566277E+04 -5.35994050322E+02   21.4671010          1017314  0.20087    
       49600  -1.67772788         1237646.        0.000000        43.31793     -1.59440447296E+07  2.97466820459E+04 -5.35994054898E+02   21.4661607          1017613  0.19784    
       49700  -1.68058803         1238140.        0.000000        44.63232     -1.59511926315E+07  2.97600172413E+04 -5.35994065535E+02   21.4684902          1018074  0.20177    
       49800  -1.67939093         1237195.        0.000000        44.77449     -1.59500196839E+07  2.97578288033E+04 -5.35994066951E+02   21.4730929          1017227  0.20224    
       49900  -1.67817436         1237647.        0.000000        44.84950     -1.59448174448E+07  2.97481231087E+04 -5.35994065459E+02   21.4700768          1017888  0.19495    
       50000  -1.67645994         1236600.        0.000000        44.48206     -1.59437330971E+07  2.97461000081E+04 -5.35994066206E+02   21.4724660          1016798  0.19963    
       50100  -1.67521729         1237066.        0.000000        46.34915     -1.59512166219E+07  2.97600628067E+04 -5.35994051006E+02   21.4703732          1016890  0.20034    
       50200  -1.67849313         1237584.        0.000000        46.15023     -1.59685999071E+07  2.97924948065E+04 -5.35994048526E+02   21.4783170          1016869  0.19902    
       50300  -1.67946438         1237659.        0.000000        45.08572     -1.59814003213E+07  2.98163762385E+04 -5.35994052177E+02   21.4924211          1016933  0.20109    
       50400  -1.67836350         1237163.        0.000000        44.04057     -1.59777782581E+07  2.98096186080E+04 -5.35994051727E+02   21.4964271          1016328  0.19599    
       50500  -1.67918437         1238475.        0.000000        43.45735     -1.59761651416E+07  2.98066086567E+04 -5.35994058419E+02   21.4848337          1017380  0.19212    
       50600  -1.68177018         1238081.        0.000000        43.08970     -1.59805053643E+07  2.98147054134E+04 -5.35994072143E+02   21.4897124          1016949  0.20077    
       50700  -1.67952182         1237516.        0.000000        43.61002     -1.59817996164E+07  2.98171195873E+04 -5.35994081173E+02   21.4922935          1016602  0.19816    
       50800  -1.67690004         1236357.        0.000000        43.87093     -1.59751835829E+07  2.98047755044E+04 -5.35994091972E+02   21.4948325          1015714  0.19673    
       50900  -1.67510767         1237157.        0.000000        44.62629     -1.59704688748E+07  2.97959792197E+04 -5.35994093600E+02   21.4811693          1016319  0.20115    
       51000  -1.67704481         1237130.        0.000000        44.53640     -1.59809050387E+07  2.98154498296E+04 -5.35994094673E+02   21.4925163          1016140  0.20054    
       51100  -1.67658748         1237465.        0.000000        44.33860     -1.59769370127E+07  2.98080468307E+04 -5.35994092584E+02   21.4882687          1016451  0.20007    
       51200  -1.67907031         1238088.        0.000000        43.94647     -1.59802443418E+07  2.98142168937E+04 -5.35994099688E+02   21.4878867          1016925  0.20063    
       51300  -1.67934622         1237637.        0.000000        43.15372     -1.59778139722E+07  2.98096829898E+04 -5.35994092177E+02   21.4921035          1016626  0.20046    
       51400  -1.67937804         1237774.        0.000000        43.49571     -1.59759064882E+07  2.98061248616E+04 -5.35994080490E+02   21.4894655          1016964  0.19686    
       51500  -1.67916313         1237229.        0.000000        44.17885     -1.59756099962E+07  2.98055719555E+04 -5.35994075874E+02   21.4919888          1016506  0.19935    
       51600  -1.67598702         1236942.        0.000000        43.55012     -1.59645372249E+07  2.97849137967E+04 -5.35994071827E+02   21.4863797          1016174  0.20486    
       51700  -1.67644897         1237011.        0.000000        42.94460     -1.59628203215E+07  2.97817105457E+04 -5.35994072504E+02   21.4831569          1016223  0.19672    
       51800  -1.67626053         1237080.        0.000000        43.75395     -1.59635171113E+07  2.97830103877E+04 -5.35994075262E+02   21.4860400          1016405  0.20731    
       51900  -1.67601155         1237137.        0.000000        44.77710     -1.59610489877E+07  2.97784064041E+04 -5.35994061305E+02   21.4831417          1016378  0.20026    
       52000  -1.67889318         1237850.        0.000000        44.33745     -1.59645355851E+07  2.97849108691E+04 -5.35994069456E+02   21.4805334          1016936  0.19421    
       52100  -1.68080195         1238622.        0.000000        44.59686     -1.59724392311E+07  2.97996567044E+04 -5.35994068307E+02   21.4841934          1017714  0.20079    
       52200  -1.68303967         1238971.        0.000000        44.36785     -1.59751373034E+07  2.98046902917E+04 -5.35994071639E+02   21.4837159          1018178  0.20419    
       52300  -1.68361877         1238723.        0.000000        44.70053     -1.59764361677E+07  2.98071129516E+04 -5.35994082811E+02   21.4896969          1017842  0.19709    
       52400  -1.68187208         1237853.        0.000000        45.10958     -1.59658981646E+07  2.97874526334E+04 -5.35994076470E+02   21.4880473          1017563  0.20401    
       52500  -1.67619338         1236271.        0.000000        45.80657     -1.59494260036E+07  2.97567204759E+04 -5.35994079608E+02   21.4827842          1016202  0.20258    
       52600  -1.67533009         1236729.        0.000000        45.60098     -1.59448936820E+07  2.97482641203E+04 -5.35994087505E+02   21.4735352          1016728  0.19644    
       52700  -1.67681936         1237213.        0.000000        45.17852     -1.59509858527E+07  2.97596304136E+04 -5.35994084303E+02   21.4723540          1016861  0.20597    
       52800  -1.67965849         1237848.        0.000000        45.13876     -1.59586155424E+07  2.97738644934E+04 -5.35994094618E+02   21.4812840          1017498  0.20272    
       52900  -1.68353898         1240303.        0.000000        45.94365     -1.59552206598E+07  2.97675304226E+04 -5.35994099388E+02   21.4696652          1020030  0.20317    
       53000  -1.68920913         1239695.        0.000000        45.39181     -1.59535873658E+07  2.97644830143E+04 -5.35994102708E+02   21.4700615          1019332  0.20235    
       53100  -1.68223003         1237712.        0.000000        45.22558     -1.59396754242E+07  2.97385277014E+04 -5.35994101128E+02   21.4749734          1017954  0.20263    
       53200  -1.67923012         1236956.        0.000000        46.28117     -1.59306853521E+07  2.97217551066E+04 -5.35994099103E+02   21.4702551          1017297  0.19902    
       53300  -1.67863228         1237958.        0.000000        45.85473     -1.59251334000E+07  2.97113967414E+04 -5.35994101476E+02   21.4585561          1018261  0.20764    
       53400  -1.67952677         1238288.        0.000000        44.14971     -1.59246396570E+07  2.97104758414E+04 -5.35994096561E+02   21.4558426          1018314  0.20264    
       53500  -1.68311064         1238842.        0.000000        44.15657     -1.59246300250E+07  2.97104581902E+04 -5.35994090803E+02   21.4513820          1018942  0.20263    
       53600  -1.68274411         1238102.        0.000000        43.50744     -1.59214816471E+07  2.97045845711E+04 -5.35994085662E+02   21.4586059          1018599  0.20013    
       53700  -1.67706724         1236478.        0.000000        43.10221     -1.59084896459E+07  2.96803450292E+04 -5.35994094080E+02   21.4597679          1017379  0.19888    
       53800  -1.67723092         1237588.        0.000000        43.90495     -1.59098940962E+07  2.96829648478E+04 -5.35994102268E+02   21.4492613          1018206  0.19971    
       53900  -1.67923377         1237589.        0.000000        44.23064     -1.59154175873E+07  2.96932692302E+04 -5.35994115836E+02   21.4571321          1018187  0.19813    
       54000  -1.67825313         1237295.        0.000000        46.48497     -1.59140827238E+07  2.96907786689E+04 -5.35994117949E+02   21.4496102          1017893  0.19596    
       54100  -1.67874554         1237772.        0.000000        44.65281     -1.59149538483E+07  2.96924042793E+04 -5.35994111442E+02   21.4542661          1018360  0.19540    
       54200  -1.67928579         1237200.        0.000000        46.24928     -1.59102562917E+07  2.96836409273E+04 -5.35994096232E+02   21.4524269          1017859  0.20345    
       54300  -1.68011031         1238105.        0.000000        45.96627     -1.59117286225E+07  2.96863884672E+04 -5.35994084968E+02   21.4490422          1018615  0.20541    
       54400  -1.67980425         1237818.        0.000000        45.45295     -1.59110417163E+07  2.96851073236E+04 -5.35994077529E+02   21.4485458          1018364  0.19750    
       54500  -1.67927838         1237463.        0.000000        46.03597     -1.59117216028E+07  2.96863760094E+04 -5.35994073435E+02   21.4539858          1018129  0.20253    
       54600  -1.67748572         1236825.        0.000000        44.64776     -1.59062210469E+07  2.96761140680E+04 -5.35994066151E+02   21.4529576          1017721  0.19803    
       54700  -1.67655427         1237696.        0.000000        44.05773     -1.59049584229E+07  2.96737572426E+04 -5.35994087060E+02   21.4447150          1018431  0.19682    
       54800  -1.67995699         1237643.        0.000000        44.17366     -1.59104298419E+07  2.96839651870E+04 -5.35994087774E+02   21.4492645          1018243  0.20135    
       54900  -1.67957164         1237456.        0.000000        44.10088     -1.59120017839E+07  2.96868978273E+04 -5.35994089934E+02   21.4524662          1018094  0.19934    
       55000  -1.67805410         1237401.        0.000000        44.19637     -1.59081972593E+07  2.96797995595E+04 -5.35994093471E+02   21.4508279          1018146  0.19574    
       55100  -1.67703558         1237000.        0.000000        44.02103     -1.59048970096E+07  2.96736425724E+04 -5.35994088721E+02   21.4510534          1017817  0.20035    
       55200  -1.67568891         1236715.        0.000000        44.89542     -1.59006255863E+07  2.96656735566E+04 -5.35994086093E+02   21.4447625          1017487  0.20365    
       55300  -1.67836110         1237679.        0.000000        43.77021     -1.59065094858E+07  2.96766520101E+04 -5.35994069694E+02   21.4461331          1018282  0.19951    
       55400  -1.67673584         1237123.        0.000000        44.05497     -1.58987340203E+07  2.96621455803E+04 -5.35994066149E+02   21.4436129          1018016  0.19803    
       55500  -1.67567942         1237039.        0.000000        43.96475     -1.58932892362E+07  2.96519874237E+04 -5.35994063705E+02   21.4375541          1017774  0.20018    
       55600  -1.67978839         1237972.        0.000000        44.93722     -1.58997127308E+07  2.96639715788E+04 -5.35994065682E+02   21.4377349          1018746  0.19699    
       55700  -1.67972349         1238068.        0.000000        44.19240     -1.59016451158E+07  2.96675765087E+04 -5.35994071208E+02   21.4408395          1018801  0.20311    
       55800  -1.68025060         1237591.        0.000000        44.69564     -1.58985087567E+07  2.96617245002E+04 -5.35994080742E+02   21.4455605          1018678  0.20494    
       55900  -1.67764682         1236452.        0.000000        44.27757     -1.58938152678E+07  2.96529676217E+04 -5.35994085670E+02   21.4459207          1017574  0.19674    
       56000  -1.67581767         1237220.        0.000000        44.32067     -1.58899131009E+07  2.96456872830E+04 -5.35994087410E+02   21.4371564          1018276  0.20308    
       56100  -1.67764708         1237479.        0.000000        43.78485     -1.58924113378E+07  2.96503482518E+04 -5.35994086911E+02   21.4353122          1018599  0.20087    
       56200  -1.67684100         1237174.        0.000000        43.76511     -1.58933706236E+07  2.96521380899E+04 -5.35994084994E+02   21.4404899          1018275  0.19741    
       56300  -1.67611871         1237089.        0.000000        43.39212     -1.58947494689E+07  2.96547107887E+04 -5.35994081417E+02   21.4401684          1018211  0.19881    
       56400  -1.67629857         1237442.        0.000000        43.61535     -1.58974738343E+07  2.96597929389E+04 -5.35994093656E+02   21.4379875          1018466  0.20186    
       56500  -1.67994491         1237601.        0.000000        43.13449     -1.59048117167E+07  2.96734827765E+04 -5.35994100741E+02   21.4460883          1018523  0.20589    
       56600  -1.67636477         1236185.        0.000000        42.31391     -1.58980863420E+07  2.96609359168E+04 -5.35994089554E+02   21.4495477          1017400  0.20093    
       56700  -1.67360076         1236570.        0.000000        41.80934     -1.58974489589E+07  2.96597467342E+04 -5.35994089947E+02   21.4442710          1017486  0.20142    
       56800  -1.67743058         1237633.        0.000000        41.38173     -1.59062833892E+07  2.96762292297E+04 -5.35994086918E+02   21.4431318          1018290  0.19569    
       56900  -1.67680194         1237205.        0.000000        42.71949     -1.59118523103E+07  2.96866184761E+04 -5.35994098590E+02   21.4483145          1017837  0.20695    
       57000  -1.67757085         1237652.        0.000000        43.08987     -1.59151520091E+07  2.96927746638E+04 -5.35994099215E+02   21.4478521          1018137  0.20576    
       57100  -1.67866969         1238000.        0.000000        42.95877     -1.59201434776E+07  2.97020874060E+04 -5.35994095635E+02   21.4491496          1018420  0.19609    
       57200  -1.68080117         1238520.        0.000000        42.75172     -1.59229556363E+07  2.97073338113E+04 -5.35994099554E+02   21.4507677          1019004  0.20121    
       57300  -1.68122678         1238247.        0.000000        44.34509     -1.59196796204E+07  2.97012214654E+04 -5.35994105122E+02   21.4497859          1019002  0.19982    
       57400  -1.68120253         1238164.        0.000000        44.19859     -1.59177693558E+07  2.96976579671E+04 -5.35994096688E+02   21.4512972          1018992  0.19961    
       57500  -1.68180301         1238688.        0.000000        45.17103     -1.59169714964E+07  2.96961688462E+04 -5.35994106809E+02   21.4464741          1019437  0.20089    
       57600  -1.68091073         1237612.        0.000000        45.31368     -1.59115744506E+07  2.96860992123E+04 -5.35994114175E+02   21.4490397          1018614  0.20000    
       57700  -1.67705854         1237236.        0.000000        45.72202     -1.59078556635E+07  2.96791616471E+04 -5.35994104302E+02   21.4503165          1018388  0.19437    
       57800  -1.67727196         1236698.        0.000000        47.15310     -1.59103949345E+07  2.96838990959E+04 -5.35994105192E+02   21.4460827          1017482  0.21197    
       57900  -1.67551928         1236972.        0.000000        46.16382     -1.59119130701E+07  2.96867312981E+04 -5.35994108288E+02   21.4515496          1017870  0.20364    
       58000  -1.67851793         1237953.        0.000000        45.47883     -1.59134756615E+07  2.96896463215E+04 -5.35994113544E+02   21.4443990          1018693  0.19688    
       58100  -1.67838043         1237140.        0.000000        44.98422     -1.59091320217E+07  2.96815423120E+04 -5.35994115618E+02   21.4509260          1017965  0.19928    
       58200  -1.67600916         1236351.        0.000000        44.57454     -1.59015439744E+07  2.96673853079E+04 -5.35994116411E+02   21.4474607          1017080  0.20125    
       58300  -1.67652238         1237841.        0.000000        44.50903     -1.59031630395E+07  2.96704063446E+04 -5.35994109916E+02   21.4379360          1018326  0.19778    
       58400  -1.68061452         1238219.        0.000000        45.66238     -1.59168773648E+07  2.96959931742E+04 -5.35994107738E+02   21.4502391          1018665  0.20176    
       58500  -1.67963540         1237017.        0.000000        45.58913     -1.59172514901E+07  2.96966914061E+04 -5.35994103598E+02   21.4638121          1017843  0.19859    
       58600  -1.67669835         1236889.        0.000000        44.09772     -1.59111219023E+07  2.96852552641E+04 -5.35994107536E+02   21.4587435          1017731  0.19782    
       58700  -1.67760730         1238027.        0.000000        44.92638     -1.59098436611E+07  2.96828701179E+04 -5.35994113707E+02   21.4437491          1018555  0.19842    
       58800  -1.67880386         1237854.        0.000000        45.58486     -1.59144465967E+07  2.96914568785E+04 -5.35994129955E+02   21.4494414          1018343  0.19976    
       58900  -1.67922531         1237797.        0.000000        45.48241     -1.59184870354E+07  2.96989948305E+04 -5.35994134691E+02   21.4503738          1018352  0.19848    
       59000  -1.67755772         1237266.        0.000000        46.87013     -1.59212401424E+07  2.97041319633E+04 -5.35994122367E+02   21.4563938          1017756  0.19725    
       59100  -1.67842332         1237356.        0.000000        46.81069     -1.59174299447E+07  2.96970234542E+04 -5.35994119723E+02   21.4538332          1018091  0.19752    
       59200  -1.68030571         1238643.        0.000000        46.76380     -1.59197521271E+07  2.97013553857E+04 -5.35994129573E+02   21.4419921          1019084  0.19537    
       59300  -1.68431383         1239039.        0.000000        46.62373     -1.59316637094E+07  2.97235782199E+04 -5.35994138778E+02   21.4523542          1019474  0.20056    
       59400  -1.68119106         1237249.        0.000000        46.45369     -1.59245922084E+07  2.97103851287E+04 -5.35994136038E+02   21.4606118          1017940  0.20524    
       59500  -1.67686501         1236883.        0.000000        46.29497     -1.59185659151E+07  2.96991424293E+04 -5.35994126868E+02   21.4578066          1017722  0.19421    
       59600  -1.67488273         1236841.        0.000000        45.48247     -1.59147708155E+07  2.96920620600E+04 -5.35994124737E+02   21.4521015          1017442  0.20513    
       59700  -1.67814687         1237645.        0.000000        45.89680     -1.59171864457E+07  2.96965693581E+04 -5.35994116149E+02   21.4506058          1018198  0.20076    
       59800  -1.67763191         1237512.        0.000000        46.48085     -1.59159233899E+07  2.96942126551E+04 -5.35994120296E+02   21.4494868          1018295  0.19877    
       59900  -1.68042889         1238610.        0.000000        45.48945     -1.59163135326E+07  2.96949408876E+04 -5.35994114042E+02   21.4482857          1019360  0.19983    
       60000  -1.68054259         1237732.        0.000000        45.95390     -1.59076203961E+07  2.96787221699E+04 -5.35994114066E+02   21.4470881          1018820  0.20032    
       60100  -1.67931831         1237451.        0.000000        46.50803     -1.59072827190E+07  2.96780923970E+04 -5.35994109940E+02   21.4457854          1018458  0.19430    
       60200  -1.67754363         1236767.        0.000000        45.88434     -1.59036113305E+07  2.96712430076E+04 -5.35994104676E+02   21.4489944          1018011  0.20405    
       60300  -1.67421524         1236893.        0.000000        46.95385     -1.58915593863E+07  2.96487585860E+04 -5.35994090283E+02   21.4383929          1018363  0.20084    
       60400  -1.67721595         1237435.        0.000000        47.66766     -1.58965368120E+07  2.96580449140E+04 -5.35994090580E+02   21.4306458          1018376  0.19502    
       60500  -1.67707918         1236922.        0.000000        46.66453     -1.58988835599E+07  2.96624227778E+04 -5.35994098627E+02   21.4428949          1017969  0.20175    
       60600  -1.67599820         1237134.        0.000000        45.61475     -1.58947319539E+07  2.96546763129E+04 -5.35994113918E+02   21.4370466          1018089  0.20132    
       60700  -1.67603255         1237148.        0.000000        46.15162     -1.58955122104E+07  2.96561320560E+04 -5.35994113475E+02   21.4377526          1018250  0.20083    
       60800  -1.67844366         1237907.        0.000000        46.04374     -1.59018645584E+07  2.96679831523E+04 -5.35994121229E+02   21.4421828          1018802  0.20188    
       60900  -1.67779920         1236987.        0.000000        45.93422     -1.58993540458E+07  2.96632997307E+04 -5.35994113606E+02   21.4443382          1017895  0.19883    
       61000  -1.67820962         1237179.        0.000000        45.95248     -1.58968982650E+07  2.96587186625E+04 -5.35994101629E+02   21.4480124          1018265  0.20372    
       61100  -1.67628159         1237259.        0.000000        45.94608     -1.58912426324E+07  2.96481680674E+04 -5.35994082208E+02   21.4405490          1018314  0.19864    
       61200  -1.67898878         1237641.        0.000000        45.01305     -1.58963582096E+07  2.96577119937E+04 -5.35994085216E+02   21.4436936          1018658  0.20262    
       61300  -1.67878340         1237980.        0.000000        44.64770     -1.58950879959E+07  2.96553415213E+04 -5.35994096865E+02   21.4356755          1018875  0.19281    
       61400  -1.68185010         1238667.        0.000000        43.87977     -1.59041872520E+07  2.96723176646E+04 -5.35994101699E+02   21.4393115          1019606  0.20396    
       61500  -1.68128404         1237712.        0.000000        43.35369     -1.59029816605E+07  2.96700687049E+04 -5.35994096227E+02   21.4514854          1018989  0.20390    
       61600  -1.67716402         1236920.        0.000000        43.76269     -1.58931321079E+07  2.96516919289E+04 -5.35994106037E+02   21.4424196          1018057  0.19966    
       61700  -1.67850240         1237940.        0.000000        44.83556     -1.58906677364E+07  2.96470945310E+04 -5.35994099515E+02   21.4323424          1018973  0.19987    
       61800  -1.67936302         1237357.        0.000000        45.29834     -1.58982165697E+07  2.96611787137E+04 -5.35994092586E+02   21.4382572          1018241  0.20134    
       61900  -1.67685554         1236772.        0.000000        44.60926     -1.58994223068E+07  2.96634279250E+04 -5.35994098421E+02   21.4495266          1017930  0.19906    
       62000  -1.67566477         1236450.        0.000000        44.90575     -1.58918971113E+07  2.96493886358E+04 -5.35994091026E+02   21.4411373          1017513  0.20092    
       62100  -1.67350792         1236370.        0.000000        45.66265     -1.58953344041E+07  2.96558017618E+04 -5.35994087491E+02   21.4415453          1017175  0.20090    
       62200  -1.67500267         1236927.        0.000000        45.53414     -1.59067694980E+07  2.96771360372E+04 -5.35994089122E+02   21.4456516          1017218  0.19813    
       62300  -1.67957945         1238098.        0.000000        47.71463     -1.59133893483E+07  2.96894865997E+04 -5.35994089856E+02   21.4476935          1018335  0.20686    
       62400  -1.67906102         1236971.        0.000000        46.53164     -1.59115600118E+07  2.96860737043E+04 -5.35994088349E+02   21.4582239          1017435  0.20439    
       62500  -1.67431317         1236562.        0.000000        45.56005     -1.59027507851E+07  2.96696383429E+04 -5.35994089356E+02   21.4483486          1017055  0.19969    
       62600  -1.67505338         1237096.        0.000000        46.45617     -1.59095599193E+07  2.96823425030E+04 -5.35994081926E+02   21.4495558          1017391  0.19892    
       62700  -1.67695467         1237362.        0.000000        45.94206     -1.59177018908E+07  2.96975330777E+04 -5.35994079006E+02   21.4549714          1017449  0.19951    
       62800  -1.67485821         1236144.        0.000000        45.41314     -1.59199000347E+07  2.97016342655E+04 -5.35994076701E+02   21.4653440          1016401  0.20065    
       62900  -1.67297048         1236659.        0.000000        46.04191     -1.59213966779E+07  2.97044265432E+04 -5.35994076664E+02   21.4592119          1016657  0.19964    
       63000  -1.67491035         1236726.        0.000000        45.79590     -1.59236379335E+07  2.97086067806E+04 -5.35994099323E+02   21.4608935          1016600  0.20269    
       63100  -1.67385825         1236633.        0.000000        47.11921     -1.59265403948E+07  2.97140218209E+04 -5.35994100388E+02   21.4612803          1016582  0.19885    
       63200  -1.67911885         1238124.        0.000000        48.42481     -1.59358744705E+07  2.97314369755E+04 -5.35994088804E+02   21.4626695          1017800  0.20218    
       63300  -1.68200416         1238714.        0.000000        48.28548     -1.59423170165E+07  2.97434571063E+04 -5.35994082984E+02   21.4664935          1018552  0.19947    
       63400  -1.68380750         1238912.        0.000000        48.73867     -1.59429432622E+07  2.97446253050E+04 -5.35994086283E+02   21.4728065          1018861  0.20304    
       63500  -1.68343114         1238791.        0.000000        48.31653     -1.59317443327E+07  2.97237310396E+04 -5.35994095477E+02   21.4650469          1018926  0.19415    
       63600  -1.68035902         1238075.        0.000000        49.56416     -1.59246201823E+07  2.97104394702E+04 -5.35994097234E+02   21.4627480          1018372  0.19888    
       63700  -1.67894918         1237851.        0.000000        50.42559     -1.59207861347E+07  2.97032862815E+04 -5.35994097884E+02   21.4590259          1018098  0.20015    
       63800  -1.67659343         1236393.        0.000000        49.13727     -1.59104574581E+07  2.96840161412E+04 -5.35994098051E+02   21.4613252          1016963  0.19485    
       63900  -1.67171187         1235383.        0.000000        47.58793     -1.59036777090E+07  2.96713671241E+04 -5.35994099717E+02   21.4521057          1015973  0.20486    
       64000  -1.67199696         1236273.        0.000000        45.98636     -1.59081958672E+07  2.96797966669E+04 -5.35994098803E+02   21.4510961          1016568  0.19442    
       64100  -1.67458365         1236781.        0.000000        44.69865     -1.59148706740E+07  2.96922503514E+04 -5.35994088883E+02   21.4474209          1016639  0.20095    
       64200  -1.67622528         1237339.        0.000000        45.97450     -1.59227298742E+07  2.97069137349E+04 -5.35994079234E+02   21.4571910          1017212  0.20633    
       64300  -1.68031605         1238786.        0.000000        45.78470     -1.59287256073E+07  2.97180999143E+04 -5.35994079474E+02   21.4557576          1018725  0.19608    
       64400  -1.68635486         1239670.        0.000000        45.67994     -1.59362540482E+07  2.97321450412E+04 -5.35994090777E+02   21.4605960          1019684  0.19912    
       64500  -1.68522067         1239084.        0.000000        45.33315     -1.59308499997E+07  2.97220625992E+04 -5.35994093495E+02   21.4604058          1019297  0.20045    
       64600  -1.68214932         1237987.        0.000000        45.93818     -1.59198972031E+07  2.97016285650E+04 -5.35994084239E+02   21.4612789          1018606  0.19893    
       64700  -1.68056375         1238365.        0.000000        45.62030     -1.59140858035E+07  2.96907863965E+04 -5.35994082169E+02   21.4506813          1019174  0.20117    
       64800  -1.68214280         1237964.        0.000000        44.10165     -1.59128536559E+07  2.96884870662E+04 -5.35994091595E+02   21.4588175          1019006  0.20102    
       64900  -1.67931947         1238179.        0.000000        43.93388     -1.59039930019E+07  2.96719563222E+04 -5.35994082399E+02   21.4452337          1019172  0.19714    
       65000  -1.67853304         1237372.        0.000000        43.67303     -1.59049943498E+07  2.96738240793E+04 -5.35994090524E+02   21.4507478          1018241  0.20010    
       65100  -1.67691786         1236876.        0.000000        42.05306     -1.59016601523E+07  2.96676039368E+04 -5.35994082506E+02   21.4549045          1018015  0.20207    
       65200  -1.67535568         1236892.        0.000000        43.10501     -1.58996903260E+07  2.96639288814E+04 -5.35994081887E+02   21.4481801          1017882  0.19678    
       65300  -1.67464573         1236669.        0.000000        43.25871     -1.59082327954E+07  2.96798663180E+04 -5.35994085178E+02   21.4484150          1017311  0.19657    
       65400  -1.67531820         1237178.        0.000000        44.55505     -1.59192301368E+07  2.97003838603E+04 -5.35994087205E+02   21.4548179          1017755  0.19645    
       65500  -1.67642473         1236969.        0.000000        44.01538     -1.59232427373E+07  2.97078706109E+04 -5.35994078668E+02   21.4605336          1017422  0.20773    
       65600  -1.67524205         1236305.        0.000000        44.89899     -1.59289765472E+07  2.97185688402E+04 -5.35994065962E+02   21.4663480          1016581  0.19551    
       65700  -1.67442908         1236487.        0.000000        45.32277     -1.59313490035E+07  2.97229949618E+04 -5.35994068699E+02   21.4691989          1016741  0.20174    
       65800  -1.67578390         1237072.        0.000000        44.87903     -1.59324214811E+07  2.97249969732E+04 -5.35994048896E+02   21.4660180          1017349  0.20058    
       65900  -1.67607221         1237001.        0.000000        46.31165     -1.59325685409E+07  2.97252713853E+04 -5.35994048106E+02   21.4618062          1017044  0.20157    
       66000  -1.67953254         1238676.        0.000000        46.56435     -1.59359009182E+07  2.97314875836E+04 -5.35994066000E+02   21.4557686          1018695  0.19897    
       66100  -1.68353108         1239372.        0.000000        45.76054     -1.59439421781E+07  2.97464895262E+04 -5.35994076346E+02   21.4599878          1019204  0.19984    
       66200  -1.68518146         1239227.        0.000000        44.89732     -1.59450085144E+07  2.97484787400E+04 -5.35994080696E+02   21.4692176          1019218  0.19863    
       66300  -1.68466587         1239429.        0.000000        45.13843     -1.59360176595E+07  2.97317045577E+04 -5.35994080951E+02   21.4645633          1019756  0.20194    
       66400  -1.68428155         1238611.        0.000000        45.60949     -1.59281185200E+07  2.97169665375E+04 -5.35994092799E+02   21.4575915          1019036  0.21032    
       66500  -1.68130956         1237808.        0.000000        44.52247     -1.59199340349E+07  2.97016963942E+04 -5.35994100255E+02   21.4620080          1018607  0.19701    
       66600  -1.67951398         1237367.        0.000000        43.29413     -1.59129684155E+07  2.96887000532E+04 -5.35994111798E+02   21.4541091          1018155  0.20176    
       66700  -1.67749437         1236855.        0.000000        43.63039     -1.59131805579E+07  2.96890957124E+04 -5.35994114204E+02   21.4553811          1017550  0.19512    
       66800  -1.67699071         1237857.        0.000000        43.89472     -1.59123587564E+07  2.96875628659E+04 -5.35994107304E+02   21.4509790          1018459  0.19853    
       66900  -1.67892508         1237414.        0.000000        42.96710     -1.59121862604E+07  2.96872411124E+04 -5.35994106026E+02   21.4522833          1017877  0.19787    
       67000  -1.67865712         1237251.        0.000000        42.76108     -1.59102823768E+07  2.96836887824E+04 -5.35994110889E+02   21.4556091          1017955  0.19525    
       67100  -1.67796898         1238055.        0.000000        43.66026     -1.59076711977E+07  2.96788177416E+04 -5.35994099770E+02   21.4441392          1018594  0.19726    
       67200  -1.68136715         1238785.        0.000000        43.88268     -1.59224416929E+07  2.97063753043E+04 -5.35994093183E+02   21.4544773          1018978  0.20199    
       67300  -1.68416907         1238446.        0.000000        43.25976     -1.59295666442E+07  2.97196680455E+04 -5.35994097238E+02   21.4673867          1018830  0.19700    
       67400  -1.68009898         1237166.        0.000000        43.80090     -1.59150462186E+07  2.96925773094E+04 -5.35994098888E+02   21.4673964          1018027  0.19970    
       67500  -1.67688858         1236935.        0.000000        44.46853     -1.58993743022E+07  2.96633379867E+04 -5.35994105227E+02   21.4530030          1017876  0.20121    
       67600  -1.67531601         1236269.        0.000000        44.57743     -1.58879824974E+07  2.96420841742E+04 -5.35994109053E+02   21.4504009          1017469  0.19459    
       67700  -1.67239152         1236223.        0.000000        43.29721     -1.58828526668E+07  2.96325137877E+04 -5.35994103658E+02   21.4421790          1017382  0.20564    
       67800  -1.67371102         1236030.        0.000000        43.29905     -1.58853130225E+07  2.96371040138E+04 -5.35994104388E+02   21.4445360          1017068  0.20090    
       67900  -1.67412217         1236773.        0.000000        42.69075     -1.58887782591E+07  2.96435689997E+04 -5.35994105812E+02   21.4435428          1017606  0.20047    
       68000  -1.67577299         1236695.        0.000000        43.56194     -1.58965166778E+07  2.96580068262E+04 -5.35994100040E+02   21.4487729          1017459  0.19918    
       68100  -1.67606108         1237910.        0.000000        42.50020     -1.59032118687E+07  2.96704985438E+04 -5.35994090063E+02   21.4464948          1018493  0.20068    
       68200  -1.68081634         1238025.        0.000000        43.67865     -1.59079332973E+07  2.96793081230E+04 -5.35994074775E+02   21.4583737          1018548  0.20330    
       68300  -1.67894852         1237300.        0.000000        43.06667     -1.58993960254E+07  2.96633802535E+04 -5.35994073821E+02   21.4585772          1018271  0.20564    
       68400  -1.67793647         1237440.        0.000000        43.49961     -1.58917440956E+07  2.96491043812E+04 -5.35994068870E+02   21.4516708          1018312  0.20689    
       68500  -1.67730945         1236818.        0.000000        42.15161     -1.58899988325E+07  2.96458476214E+04 -5.35994080366E+02   21.4536013          1017813  0.20102    
       68600  -1.67719297         1237346.        0.000000        41.39371     -1.58831551511E+07  2.96330787530E+04 -5.35994092397E+02   21.4449437          1018631  0.20029    
       68700  -1.67814998         1237647.        0.000000        42.23038     -1.58807677416E+07  2.96286239391E+04 -5.35994104020E+02   21.4364964          1018596  0.20478    
       68800  -1.67782401         1237037.        0.000000        43.05987     -1.58847246559E+07  2.96360059612E+04 -5.35994110565E+02   21.4461397          1018315  0.20146    
       68900  -1.67375470         1236277.        0.000000        43.42372     -1.58808674840E+07  2.96288097979E+04 -5.35994108180E+02   21.4379721          1017305  0.20009    
       69000  -1.67445709         1237093.        0.000000        43.32238     -1.58914349518E+07  2.96485250338E+04 -5.35994115514E+02   21.4416509          1017842  0.19562    
       69100  -1.67763227         1237710.        0.000000        43.42141     -1.58985246282E+07  2.96617519295E+04 -5.35994120172E+02   21.4446359          1018405  0.20907    
       69200  -1.68102801         1238252.        0.000000        42.43021     -1.59035516735E+07  2.96711311153E+04 -5.35994115349E+02   21.4503612          1019004  0.19401    
       69300  -1.68129443         1238096.        0.000000        41.70733     -1.58931511797E+07  2.96517266626E+04 -5.35994121374E+02   21.4474098          1019125  0.20260    
       69400  -1.68097798         1237764.        0.000000        41.48568     -1.58878257387E+07  2.96417911771E+04 -5.35994118702E+02   21.4401562          1018764  0.20514    
       69500  -1.67944549         1237498.        0.000000        42.15918     -1.58873606534E+07  2.96409239253E+04 -5.35994110487E+02   21.4400624          1018495  0.19755    
       69600  -1.67808460         1237069.        0.000000        42.92168     -1.58850636336E+07  2.96366390967E+04 -5.35994097771E+02   21.4436235          1018418  0.20294    
       69700  -1.67563074         1236209.        0.000000        42.48427     -1.58783086902E+07  2.96240368794E+04 -5.35994090030E+02   21.4434624          1017743  0.20220    
       69800  -1.67419154         1236316.        0.000000        40.54672     -1.58731543326E+07  2.96144208969E+04 -5.35994081662E+02   21.4338991          1017665  0.19594    
       69900  -1.67504465         1237324.        0.000000        41.25986     -1.58798524281E+07  2.96269177232E+04 -5.35994077294E+02   21.4341589          1018419  0.20355    
       70000  -1.67798348         1237573.        0.000000        42.59041     -1.58850589431E+07  2.96366310071E+04 -5.35994085808E+02   21.4416893          1018568  0.20565    
       70100  -1.68098708         1238792.        0.000000        42.33719     -1.58899220357E+07  2.96457039421E+04 -5.35994087598E+02   21.4346638          1019705  0.19975    
       70200  -1.68139240         1237941.        0.000000        41.25830     -1.58897179937E+07  2.96453229725E+04 -5.35994092842E+02   21.4403671          1019125  0.19914    
       70300  -1.67951782         1237357.        0.000000        42.12594     -1.58863688861E+07  2.96390746897E+04 -5.35994090654E+02   21.4478497          1018952  0.20397    
       70400  -1.67897028         1237305.        0.000000        41.90778     -1.58807364314E+07  2.96285667985E+04 -5.35994080961E+02   21.4336023          1018659  0.19742    
       70500  -1.67588021         1236720.        0.000000        42.04723     -1.58830890762E+07  2.96329566812E+04 -5.35994070625E+02   21.4383915          1017974  0.20125    
       70600  -1.67573073         1237519.        0.000000        43.04840     -1.58880726228E+07  2.96422534621E+04 -5.35994088408E+02   21.4337022          1018366  0.20362    
       70700  -1.67814567         1237536.        0.000000        43.16445     -1.58962211252E+07  2.96574557215E+04 -5.35994094519E+02   21.4429289          1018475  0.19654    
       70800  -1.67833104         1237299.        0.000000        44.04563     -1.58993127068E+07  2.96632237701E+04 -5.35994092549E+02   21.4449087          1018142  0.20119    
       70900  -1.67865338         1237381.        0.000000        43.15381     -1.58989706237E+07  2.96625853160E+04 -5.35994096750E+02   21.4441810          1018273  0.20523    
       71000  -1.67919484         1238111.        0.000000        43.58894     -1.58977343841E+07  2.96602788689E+04 -5.35994096831E+02   21.4362175          1018932  0.19583    
       71100  -1.68230622         1238048.        0.000000        43.37508     -1.59032306496E+07  2.96705327240E+04 -5.35994105582E+02   21.4448812          1018941  0.20345    
       71200  -1.67834466         1236439.        0.000000        43.71223     -1.58961576991E+07  2.96573367082E+04 -5.35994106804E+02   21.4482880          1017697  0.20497    
       71300  -1.67311123         1236539.        0.000000        43.49970     -1.58931490639E+07  2.96517234998E+04 -5.35994107189E+02   21.4401982          1017701  0.20287    
       71400  -1.67512982         1236852.        0.000000        44.06248     -1.59006653116E+07  2.96657458780E+04 -5.35994118503E+02   21.4415947          1017738  0.19926    
       71500  -1.67634209         1236884.        0.000000        45.43047     -1.59040366948E+07  2.96720359766E+04 -5.35994116054E+02   21.4440134          1017594  0.20944    
       71600  -1.67633242         1236902.        0.000000        44.63212     -1.59015939053E+07  2.96674781207E+04 -5.35994122607E+02   21.4418559          1017682  0.19499    
       71700  -1.67775515         1238010.        0.000000        44.70347     -1.59064536246E+07  2.96765442869E+04 -5.35994132972E+02   21.4380812          1018710  0.20803    
       71800  -1.67890883         1237438.        0.000000        45.16432     -1.59108355020E+07  2.96847194821E+04 -5.35994133669E+02   21.4475640          1018068  0.20408    
       71900  -1.67850446         1237441.        0.000000        44.87305     -1.59145464713E+07  2.96916433591E+04 -5.35994127331E+02   21.4521729          1018250  0.19717    
       72000  -1.67809580         1237507.        0.000000        44.05274     -1.59150661525E+07  2.96926130098E+04 -5.35994125787E+02   21.4555917          1018319  0.19940    
       72100  -1.67821787         1237062.        0.000000        44.12799     -1.59087887643E+07  2.96809015638E+04 -5.35994121678E+02   21.4531179          1017973  0.20656    
       72200  -1.67431106         1236226.        0.000000        43.47745     -1.59034508816E+07  2.96709421661E+04 -5.35994131651E+02   21.4507900          1017331  0.19935    
       72300  -1.67197553         1235809.        0.000000        43.33883     -1.59029832404E+07  2.96700705286E+04 -5.35994116531E+02   21.4473853          1016674  0.20487    
       72400  -1.67245942         1236409.        0.000000        43.89435     -1.59140029424E+07  2.96906309527E+04 -5.35994097524E+02   21.4463941          1016824  0.20677    
       72500  -1.67525362         1237027.        0.000000        43.44058     -1.59212917312E+07  2.97042295752E+04 -5.35994097773E+02   21.4526418          1017375  0.19691    
       72600  -1.67790076         1237562.        0.000000        44.08932     -1.59222039925E+07  2.97059321588E+04 -5.35994087221E+02   21.4545578          1017924  0.20079    
       72700  -1.67528321         1236381.        0.000000        44.14329     -1.59212400868E+07  2.97041335118E+04 -5.35994092555E+02   21.4551674          1016736  0.20864    
       72800  -1.67466503         1237431.        0.000000        45.08962     -1.59238908911E+07  2.97090790662E+04 -5.35994093105E+02   21.4551281          1017697  0.19306    
       72900  -1.67892877         1237936.        0.000000        44.12526     -1.59264900309E+07  2.97139285000E+04 -5.35994088794E+02   21.4571446          1017994  0.19711    
       73000  -1.68026605         1238052.        0.000000        45.45266     -1.59288082759E+07  2.97182536473E+04 -5.35994088515E+02   21.4598817          1018282  0.19969    
       73100  -1.67999474         1237761.        0.000000        45.41357     -1.59235392637E+07  2.97084235714E+04 -5.35994083477E+02   21.4612927          1018166  0.19930    
       73200  -1.67638138         1237092.        0.000000        43.16429     -1.59134986088E+07  2.96896904795E+04 -5.35994089254E+02   21.4532363          1017434  0.19581    
       73300  -1.67699664         1237542.        0.000000        43.41117     -1.59100702974E+07  2.96832933881E+04 -5.35994105822E+02   21.4464470          1017944  0.20260    
       73400  -1.67820934         1237308.        0.000000        42.56953     -1.59154104254E+07  2.96932559958E+04 -5.35994113536E+02   21.4553246          1017667  0.19920    
       73500  -1.67702751         1237304.        0.000000        42.28075     -1.59121402539E+07  2.96871545795E+04 -5.35994118646E+02   21.4485277          1017593  0.19969    
       73600  -1.67565300         1237126.        0.000000        42.83723     -1.59117121357E+07  2.96863557969E+04 -5.35994119472E+02   21.4492585          1017445  0.19966    
       73700  -1.67538168         1236793.        0.000000        42.83357     -1.59145332804E+07  2.96916197321E+04 -5.35994109584E+02   21.4556181          1017132  0.19348    
       73800  -1.67779913         1237589.        0.000000        42.21880     -1.59191211748E+07  2.97001804270E+04 -5.35994089799E+02   21.4525694          1017751  0.20464    
       73900  -1.67809478         1237297.        0.000000        41.48459     -1.59213553934E+07  2.97043494947E+04 -5.35994077106E+02   21.4540005          1017547  0.19887    
       74000  -1.67931496         1238276.        0.000000        41.85412     -1.59273983851E+07  2.97156243844E+04 -5.35994067601E+02   21.4563309          1018636  0.20342    
       74100  -1.68245774         1238841.        0.000000        42.69010     -1.59314700364E+07  2.97232202820E+04 -5.35994077536E+02   21.4543047          1018975  0.20120    
       74200  -1.68135104         1238013.        0.000000        42.55233     -1.59292205001E+07  2.97190233686E+04 -5.35994077012E+02   21.4599167          1018427  0.19649    
       74300  -1.68100377         1238182.        0.000000        42.38424     -1.59233312990E+07  2.97080356627E+04 -5.35994081863E+02   21.4607764          1018804  0.19550    
       74400  -1.68313370         1238894.        0.000000        42.43817     -1.59191157133E+07  2.97001696363E+04 -5.35994100648E+02   21.4510976          1019494  0.20897    
       74500  -1.68212773         1237713.        0.000000        41.67963     -1.59175283095E+07  2.96972080508E+04 -5.35994100262E+02   21.4550507          1018413  0.19592    
       74600  -1.67727249         1237034.        0.000000        40.48220     -1.59067825522E+07  2.96771602017E+04 -5.35994092565E+02   21.4511306          1018042  0.19372    
       74700  -1.67444129         1236158.        0.000000        41.30832     -1.58997515910E+07  2.96640421486E+04 -5.35994100580E+02   21.4509945          1017207  0.19886    
       74800  -1.67763400         1238223.        0.000000        41.25518     -1.59041724597E+07  2.96722900047E+04 -5.35994102821E+02   21.4419070          1018907  0.19803    
       74900  -1.68114827         1237887.        0.000000        41.27308     -1.59092666135E+07  2.96817940319E+04 -5.35994104548E+02   21.4541476          1018705  0.19497    
       75000  -1.68056111         1238100.        0.000000        41.08059     -1.58992657618E+07  2.96631350172E+04 -5.35994113656E+02   21.4447003          1019178  0.19963    
       75100  -1.68138624         1238659.        0.000000        41.23914     -1.58957411156E+07  2.96565585740E+04 -5.35994123388E+02   21.4393241          1019864  0.20446    
       75200  -1.68141531         1238329.        0.000000        42.98060     -1.58888192045E+07  2.96436447576E+04 -5.35994117271E+02   21.4385920          1019738  0.19543    
       75300  -1.67938240         1237400.        0.000000        43.76081     -1.58858472326E+07  2.96381008452E+04 -5.35994101497E+02   21.4424256          1018979  0.19777    
       75400  -1.67647966         1236766.        0.000000        43.45520     -1.58808884346E+07  2.96288495445E+04 -5.35994096252E+02   21.4423294          1018407  0.20202    
       75500  -1.67464240         1236892.        0.000000        42.30779     -1.58769785807E+07  2.96215559327E+04 -5.35994078663E+02   21.4347123          1018354  0.19268    
       75600  -1.67609910         1236709.        0.000000        43.09710     -1.58851301207E+07  2.96367643367E+04 -5.35994076148E+02   21.4413976          1017830  0.19797    
       75700  -1.67747484         1237597.        0.000000        43.23335     -1.58867535305E+07  2.96397928750E+04 -5.35994080577E+02   21.4431479          1018710  0.20284    
       75800  -1.67927060         1238046.        0.000000        43.04390     -1.58901406471E+07  2.96461122320E+04 -5.35994079854E+02   21.4375018          1018919  0.20722    
       75900  -1.68035379         1238296.        0.000000        43.60210     -1.58954426484E+07  2.96560046172E+04 -5.35994071135E+02   21.4429191          1019066  0.20041    
       76000  -1.68074953         1237548.        0.000000        43.33494     -1.58954489076E+07  2.96560158043E+04 -5.35994080005E+02   21.4514991          1018580  0.20399    
       76100  -1.67904165         1237909.        0.000000        43.95979     -1.58902100947E+07  2.96462411417E+04 -5.35994091756E+02   21.4441020          1019097  0.19994    
       76200  -1.67933175         1237142.        0.000000        43.75122     -1.58863638462E+07  2.96390649768E+04 -5.35994096260E+02   21.4463190          1018410  0.20178    
       76300  -1.67665801         1236736.        0.000000        43.54592     -1.58812897452E+07  2.96295981223E+04 -5.35994098861E+02   21.4419390          1018203  0.20598    
       76400  -1.67910949         1237817.        0.000000        43.54716     -1.58820387906E+07  2.96309955820E+04 -5.35994099376E+02   21.4340721          1019174  0.19811    
       76500  -1.68045523         1238385.        0.000000        42.44625     -1.58826025160E+07  2.96320467894E+04 -5.35994108975E+02   21.4319146          1019829  0.20620    
       76600  -1.68092623         1238008.        0.000000        43.69333     -1.58783013013E+07  2.96240226925E+04 -5.35994097295E+02   21.4328696          1019549  0.20116    
       76700  -1.67827407         1237043.        0.000000        43.62713     -1.58733953315E+07  2.96148706414E+04 -5.35994079584E+02   21.4387407          1018835  0.19641    
       76800  -1.67865774         1237965.        0.000000        43.58428     -1.58751656314E+07  2.96181733223E+04 -5.35994082371E+02   21.4295590          1019344  0.20033    
       76900  -1.67837396         1237187.        0.000000        44.23050     -1.58751177368E+07  2.96180842080E+04 -5.35994077985E+02   21.4344241          1018554  0.20372    
       77000  -1.67644310         1237579.        0.000000        44.45546     -1.58717863424E+07  2.96118689314E+04 -5.35994076535E+02   21.4316643          1019003  0.19837    
       77100  -1.67976233         1238045.        0.000000        44.00991     -1.58775108277E+07  2.96225489078E+04 -5.35994079277E+02   21.4304029          1019300  0.20580    
       77200  -1.68024970         1238251.        0.000000        42.96299     -1.58787096755E+07  2.96247859238E+04 -5.35994073218E+02   21.4335676          1019536  0.20230    
       77300  -1.68122403         1238217.        0.000000        42.96892     -1.58751201880E+07  2.96180894239E+04 -5.35994066355E+02   21.4315259          1019705  0.19573    
       77400  -1.67859591         1237057.        0.000000        43.02928     -1.58712884385E+07  2.96109392747E+04 -5.35994089592E+02   21.4344100          1018732  0.19722    
       77500  -1.67682384         1236742.        0.000000        42.48608     -1.58692612444E+07  2.96071570196E+04 -5.35994092032E+02   21.4334613          1018257  0.19995    
       77600  -1.67323782         1236062.        0.000000        42.94161     -1.58656456953E+07  2.96004116469E+04 -5.35994089697E+02   21.4311365          1017574  0.19962    
       77700  -1.67376097         1236706.        0.000000        40.22672     -1.58708787642E+07  2.96101747054E+04 -5.35994093993E+02   21.4292400          1017914  0.19658    
       77800  -1.67636952         1237300.        0.000000        42.47050     -1.58823987034E+07  2.96316669890E+04 -5.35994100816E+02   21.4300017          1018125  0.20248    
       77900  -1.67847444         1237541.        0.000000        43.30396     -1.58911317889E+07  2.96479609304E+04 -5.35994088302E+02   21.4379696          1018307  0.19667    
       78000  -1.68017783         1237826.        0.000000        42.89032     -1.58964579583E+07  2.96578983564E+04 -5.35994080474E+02   21.4425205          1018421  0.19799    
       78100  -1.67776336         1236706.        0.000000        43.00538     -1.58946453959E+07  2.96545171313E+04 -5.35994072185E+02   21.4502344          1017706  0.20059    
       78200  -1.67608626         1237163.        0.000000        43.14733     -1.58867502157E+07  2.96397871379E+04 -5.35994072485E+02   21.4402938          1018201  0.19342    
       78300  -1.67676468         1237195.        0.000000        43.43575     -1.58862936894E+07  2.96389349052E+04 -5.35994081440E+02   21.4400976          1018158  0.20266    
       78400  -1.67691730         1237182.        0.000000        43.45831     -1.58887404813E+07  2.96434998451E+04 -5.35994081815E+02   21.4387611          1017936  0.20107    
       78500  -1.67810390         1237932.        0.000000        43.29698     -1.58896356387E+07  2.96451699782E+04 -5.35994081004E+02   21.4405099          1018717  0.19962    
       78600  -1.67952656         1237428.        0.000000        44.40710     -1.58865916940E+07  2.96394911560E+04 -5.35994076631E+02   21.4433762          1018418  0.20276    
       78700  -1.67645551         1237312.        0.000000        45.49740     -1.58846922705E+07  2.96359479589E+04 -5.35994066819E+02   21.4361584          1018201  0.20578    
       78800  -1.67627622         1236807.        0.000000        45.31090     -1.58868761764E+07  2.96400225900E+04 -5.35994064382E+02   21.4413078          1017797  0.19445    
       78900  -1.67624141         1237383.        0.000000        45.11578     -1.58949355292E+07  2.96550591872E+04 -5.35994058511E+02   21.4428518          1018174  0.20437    
       79000  -1.67911509         1237717.        0.000000        44.87470     -1.58965747595E+07  2.96581170978E+04 -5.35994065538E+02   21.4442206          1018546  0.19913    
       79100  -1.67850935         1236969.        0.000000        44.20753     -1.58963497835E+07  2.96576964633E+04 -5.35994081780E+02   21.4498478          1018025  0.19747    
       79200  -1.67564075         1236614.        0.000000        45.36969     -1.58881580471E+07  2.96424133797E+04 -5.35994078605E+02   21.4399258          1017689  0.20225    
       79300  -1.67497034         1236736.        0.000000        44.74720     -1.58907479815E+07  2.96472452082E+04 -5.35994082076E+02   21.4415238          1017632  0.20283    
       79400  -1.67531181         1236746.        0.000000        44.38010     -1.58931491744E+07  2.96517244618E+04 -5.35994093527E+02   21.4409615          1017594  0.19669    
       79500  -1.67675399         1237172.        0.000000        44.81760     -1.59013797152E+07  2.96670803253E+04 -5.35994089771E+02   21.4404945          1017777  0.20028    
       79600  -1.67721402         1237161.        0.000000        44.56699     -1.59104817817E+07  2.96840615115E+04 -5.35994098232E+02   21.4489199          1017747  0.20268    
       79700  -1.67529119         1236300.        0.000000        45.25279     -1.59113866544E+07  2.96857500256E+04 -5.35994092810E+02   21.4554353          1017014  0.20023    
       79800  -1.67444575         1236702.        0.000000        44.40987     -1.59114216174E+07  2.96858150965E+04 -5.35994095689E+02   21.4506317          1017117  0.20504    
       79900  -1.67845485         1238245.        0.000000        44.22779     -1.59210324834E+07  2.97037456967E+04 -5.35994101417E+02   21.4543817          1018389  0.20343    
       80000  -1.68133018         1238084.        0.000000        44.70184     -1.59254712281E+07  2.97120265907E+04 -5.35994109305E+02   21.4569534          1018263  0.19326    
       80100  -1.67974185         1237748.        0.000000        44.87458     -1.59178488075E+07  2.96978059891E+04 -5.35994100487E+02   21.4577767          1018287  0.19945    
       80200  -1.67711131         1236845.        0.000000        44.06845     -1.59085009080E+07  2.96803657404E+04 -5.35994099504E+02   21.4568236          1017595  0.19775    
       80300  -1.67358232         1236474.        0.000000        43.84186     -1.59005022028E+07  2.96654423134E+04 -5.35994105021E+02   21.4481957          1017228  0.20018    
       80400  -1.67257431         1235804.        0.000000        45.30136     -1.59013407986E+07  2.96670071144E+04 -5.35994100696E+02   21.4501156          1016415  0.19609    
       80500  -1.67544236         1237237.        0.000000        45.03532     -1.59106868340E+07  2.96844439276E+04 -5.35994100909E+02   21.4455398          1017223  0.19903    
       80600  -1.67888255         1238060.        0.000000        45.78778     -1.59260477273E+07  2.97131026289E+04 -5.35994100857E+02   21.4576986          1017925  0.19605    
       80700  -1.68263782         1239519.        0.000000        45.16740     -1.59346609281E+07  2.97291717833E+04 -5.35994108556E+02   21.4586414          1019194  0.20003    
       80800  -1.68409003         1238607.        0.000000        44.48683     -1.59343561365E+07  2.97286027774E+04 -5.35994115021E+02   21.4698001          1018713  0.20154    
       80900  -1.68141797         1237626.        0.000000        44.10869     -1.59280071836E+07  2.97167578612E+04 -5.35994110058E+02   21.4682173          1017863  0.19342    
       81000  -1.67818924         1237389.        0.000000        44.30248     -1.59218789592E+07  2.97053244325E+04 -5.35994110933E+02   21.4644648          1017740  0.19973    
       81100  -1.67871309         1238086.        0.000000        45.94204     -1.59216597984E+07  2.97049155254E+04 -5.35994111304E+02   21.4595667          1018357  0.20329    
       81200  -1.68158181         1238814.        0.000000        45.75314     -1.59178438645E+07  2.96977962646E+04 -5.35994109550E+02   21.4563440          1019177  0.19604    
       81300  -1.68325970         1238688.        0.000000        47.05074     -1.59158947759E+07  2.96941597947E+04 -5.35994110828E+02   21.4558628          1019045  0.20229    
       81400  -1.68448312         1239362.        0.000000        47.45180     -1.59156580273E+07  2.96937179183E+04 -5.35994114011E+02   21.4553501          1019892  0.20140    
       81500  -1.68504208         1238850.        0.000000        46.97832     -1.59103151706E+07  2.96837493133E+04 -5.35994122666E+02   21.4541156          1019543  0.19575    
       81600  -1.68214031         1238141.        0.000000        46.21215     -1.59028152325E+07  2.96697567299E+04 -5.35994122811E+02   21.4519114          1018953  0.20314    
       81700  -1.67933760         1237506.        0.000000        44.58975     -1.58948655707E+07  2.96549252838E+04 -5.35994119647E+02   21.4476474          1018550  0.20617    
       81800  -1.67851409         1237697.        0.000000        43.89267     -1.58874736479E+07  2.96411335996E+04 -5.35994131078E+02   21.4424531          1018859  0.19870    
       81900  -1.67741463         1237920.        0.000000        42.33653     -1.58818564857E+07  2.96306531288E+04 -5.35994141494E+02   21.4342745          1019131  0.19980    
       82000  -1.67945231         1237896.        0.000000        43.46787     -1.58791188186E+07  2.96255461246E+04 -5.35994129923E+02   21.4350555          1019135  0.19896    
       82100  -1.67840793         1237576.        0.000000        42.98092     -1.58741094174E+07  2.96161998842E+04 -5.35994134275E+02   21.4306198          1018851  0.19865    
       82200  -1.68021077         1237701.        0.000000        43.96595     -1.58786120641E+07  2.96246014982E+04 -5.35994115062E+02   21.4364753          1018984  0.20215    
       82300  -1.67894154         1237716.        0.000000        44.17626     -1.58780714990E+07  2.96235925588E+04 -5.35994122506E+02   21.4352684          1018815  0.20514    
       82400  -1.67878992         1237359.        0.000000        44.26818     -1.58774832375E+07  2.96224945507E+04 -5.35994131430E+02   21.4399566          1018599  0.19674    
       82500  -1.67946217         1237683.        0.000000        43.94207     -1.58741933241E+07  2.96163562754E+04 -5.35994137039E+02   21.4340829          1018973  0.20155    
       82600  -1.67690498         1237212.        0.000000        44.48904     -1.58721598720E+07  2.96125635323E+04 -5.35994117991E+02   21.4321008          1018624  0.20126    
       82700  -1.67760112         1237286.        0.000000        44.57371     -1.58736749483E+07  2.96153908524E+04 -5.35994106154E+02   21.4342348          1018713  0.19704    
       82800  -1.67711617         1237778.        0.000000        44.44911     -1.58726764316E+07  2.96135274048E+04 -5.35994115614E+02   21.4266718          1019125  0.20280    
       82900  -1.68144646         1238111.        0.000000        43.98583     -1.58806235492E+07  2.96283544216E+04 -5.35994113046E+02   21.4261759          1019133  0.20269    
       83000  -1.67841444         1237323.        0.000000        45.34068     -1.58847193922E+07  2.96359968901E+04 -5.35994097014E+02   21.4361503          1018529  0.19759    
       83100  -1.67709617         1237963.        0.000000        43.43675     -1.58840299706E+07  2.96347103855E+04 -5.35994101646E+02   21.4329027          1019191  0.20039    
       83200  -1.68065690         1237776.        0.000000        43.15171     -1.58912931153E+07  2.96482607546E+04 -5.35994109294E+02   21.4422270          1018914  0.20178    
       83300  -1.67798949         1237528.        0.000000        42.31044     -1.58838737725E+07  2.96344192768E+04 -5.35994096058E+02   21.4380455          1018911  0.19545    
       83400  -1.67662817         1238110.        0.000000        42.20615     -1.58767074869E+07  2.96210502245E+04 -5.35994077407E+02   21.4263565          1019496  0.20477    
       83500  -1.68193172         1238167.        0.000000        42.43981     -1.58824360816E+07  2.96317377968E+04 -5.35994081431E+02   21.4315322          1019390  0.20536    
       83600  -1.68018221         1237638.        0.000000        43.79198     -1.58824893165E+07  2.96318369062E+04 -5.35994085239E+02   21.4342476          1018989  0.20523    
       83700  -1.67824359         1237426.        0.000000        44.64364     -1.58790693468E+07  2.96254560676E+04 -5.35994089360E+02   21.4304776          1018945  0.20313    
       83800  -1.67928170         1237670.        0.000000        45.26077     -1.58805194624E+07  2.96281615786E+04 -5.35994088605E+02   21.4298141          1019097  0.19899    
       83900  -1.67885709         1236941.        0.000000        44.94649     -1.58823745673E+07  2.96316224613E+04 -5.35994091719E+02   21.4353625          1018434  0.20027    
       84000  -1.67641745         1236895.        0.000000        44.13710     -1.58786578203E+07  2.96246875720E+04 -5.35994102276E+02   21.4302689          1018522  0.19949    
       84100  -1.67542996         1236827.        0.000000        43.50104     -1.58770630482E+07  2.96217134322E+04 -5.35994080308E+02   21.4291844          1018426  0.20365    
       84200  -1.67599566         1236569.        0.000000        44.78545     -1.58767961984E+07  2.96212155900E+04 -5.35994079991E+02   21.4292423          1017947  0.20145    
       84300  -1.67648709         1237216.        0.000000        43.90033     -1.58755179450E+07  2.96188305424E+04 -5.35994083974E+02   21.4276260          1018822  0.20393    
       84400  -1.67683295         1237427.        0.000000        44.82270     -1.58726675604E+07  2.96135124737E+04 -5.35994086299E+02   21.4214119          1018852  0.20402    
       84500  -1.67624576         1237062.        0.000000        45.03719     -1.58741513334E+07  2.96162800317E+04 -5.35994099071E+02   21.4264711          1018648  0.20041    
       84600  -1.67543580         1236695.        0.000000        44.69468     -1.58789897208E+07  2.96253066464E+04 -5.35994104984E+02   21.4272656          1017927  0.19755    
       84700  -1.67404997         1236434.        0.000000        44.09526     -1.58845481789E+07  2.96356765573E+04 -5.35994113319E+02   21.4332201          1017666  0.20144    
       84800  -1.67344835         1236478.        0.000000        43.57066     -1.58897758276E+07  2.96454298622E+04 -5.35994111115E+02   21.4401672          1017669  0.21227    
       84900  -1.67164493         1235958.        0.000000        43.29940     -1.58949378185E+07  2.96550605994E+04 -5.35994110185E+02   21.4515157          1017141  0.19159    
       85000  -1.67460820         1237740.        0.000000        44.19817     -1.58987319625E+07  2.96621397899E+04 -5.35994101407E+02   21.4371931          1018468  0.19866    
       85100  -1.68080718         1238202.        0.000000        44.07178     -1.59056774632E+07  2.96750975723E+04 -5.35994108339E+02   21.4451846          1019006  0.20625    
       85200  -1.68117365         1238238.        0.000000        44.23488     -1.59053395179E+07  2.96744675580E+04 -5.35994099534E+02   21.4477018          1019259  0.19565    
       85300  -1.68110283         1237971.        0.000000        44.53003     -1.59001225635E+07  2.96647346554E+04 -5.35994093599E+02   21.4501251          1019273  0.19736    
       85400  -1.67968638         1237924.        0.000000        43.67529     -1.58893996725E+07  2.96447295977E+04 -5.35994083540E+02   21.4415532          1019400  0.20674    
       85500  -1.68148990         1238089.        0.000000        43.36001     -1.58932272348E+07  2.96518709676E+04 -5.35994077817E+02   21.4371024          1019310  0.19695    
       85600  -1.67942715         1237573.        0.000000        43.12703     -1.58927498761E+07  2.96509803076E+04 -5.35994078819E+02   21.4396866          1018768  0.20357    
       85700  -1.68102660         1238253.        0.000000        44.51968     -1.58992899192E+07  2.96631816429E+04 -5.35994085549E+02   21.4430527          1019370  0.20112    
       85800  -1.68051701         1237631.        0.000000        43.09014     -1.58934654630E+07  2.96523146909E+04 -5.35994091142E+02   21.4441738          1018864  0.19448    
       85900  -1.67498549         1236161.        0.000000        43.64501     -1.58853409949E+07  2.96371570283E+04 -5.35994089436E+02   21.4463409          1017724  0.19700    
       86000  -1.67537828         1237065.        0.000000        43.64340     -1.58814318790E+07  2.96298637406E+04 -5.35994090893E+02   21.4341625          1018362  0.19891    
       86100  -1.67472336         1236108.        0.000000        43.75221     -1.58806537878E+07  2.96284125679E+04 -5.35994081741E+02   21.4412577          1017486  0.19845    
       86200  -1.67278275         1236360.        0.000000        44.00758     -1.58821567593E+07  2.96312168344E+04 -5.35994078409E+02   21.4375815          1017453  0.19783    
       86300  -1.67301180         1236328.        0.000000        43.78069     -1.58860768590E+07  2.96385307539E+04 -5.35994074433E+02   21.4399617          1017206  0.20274    
       86400  -1.67427003         1236622.        0.000000        41.94673     -1.58883514857E+07  2.96427740269E+04 -5.35994083121E+02   21.4407739          1017391  0.19354    
       86500  -1.67678892         1237383.        0.000000        41.83363     -1.58950860634E+07  2.96553386911E+04 -5.35994082853E+02   21.4409500          1017989  0.20387    
       86600  -1.67909059         1237784.        0.000000        41.86527     -1.58966576449E+07  2.96582712703E+04 -5.35994073964E+02   21.4418844          1018337  0.20321    
       86700  -1.68013852         1237295.        0.000000        41.64536     -1.59006724086E+07  2.96657612758E+04 -5.35994079531E+02   21.4470692          1017795  0.20176    
       86800  -1.67765632         1237933.        0.000000        40.88467     -1.58984457959E+07  2.96616065594E+04 -5.35994089329E+02   21.4416902          1018421  0.20873    
       86900  -1.67877057         1237565.        0.000000        42.45835     -1.59030479160E+07  2.96701924933E+04 -5.35994093046E+02   21.4453256          1017913  0.20145    
       87000  -1.67958754         1237682.        0.000000        42.91490     -1.59097875917E+07  2.96827665668E+04 -5.35994094615E+02   21.4468815          1017797  0.19387    
       87100  -1.67797056         1237095.        0.000000        41.46898     -1.59137376308E+07  2.96901356337E+04 -5.35994103467E+02   21.4622477          1017496  0.20147    
       87200  -1.67656644         1237134.        0.000000        41.58071     -1.59127059339E+07  2.96882110597E+04 -5.35994098865E+02   21.4552714          1017430  0.20348    
       87300  -1.67639118         1237074.        0.000000        41.14563     -1.59104556301E+07  2.96840134483E+04 -5.35994085094E+02   21.4568866          1017513  0.19181    
       87400  -1.67744456         1237483.        0.000000        42.05381     -1.59102880165E+07  2.96837009019E+04 -5.35994082040E+02   21.4569949          1017826  0.20326    
       87500  -1.67687828         1237116.        0.000000        41.64668     -1.59062615343E+07  2.96761891817E+04 -5.35994073798E+02   21.4542084          1017533  0.20279    
       87600  -1.67738955         1237784.        0.000000        43.67948     -1.59141571385E+07  2.96909206499E+04 -5.35994061153E+02   21.4518207          1017755  0.19713    
       87700  -1.67989648         1237948.        0.000000        43.99429     -1.59192989557E+07  2.97005138311E+04 -5.35994058762E+02   21.4589040          1017935  0.20136    
       87800  -1.67961503         1237778.        0.000000        43.37241     -1.59193226849E+07  2.97005577271E+04 -5.35994065538E+02   21.4622915          1018037  0.20309    
       87900  -1.67906330         1237608.        0.000000        43.79411     -1.59108510776E+07  2.96847519258E+04 -5.35994072559E+02   21.4592317          1018097  0.19779    
       88000  -1.67942659         1238053.        0.000000        44.13090     -1.59055824468E+07  2.96749220821E+04 -5.35994076168E+02   21.4503694          1018465  0.20390    
       88100  -1.68034212         1237772.        0.000000        44.36646     -1.59045471188E+07  2.96729903071E+04 -5.35994079268E+02   21.4549388          1018372  0.19881    
       88200  -1.67729248         1236612.        0.000000        43.12122     -1.59004043870E+07  2.96652611811E+04 -5.35994080414E+02   21.4532168          1017204  0.19494    
       88300  -1.67763513         1237757.        0.000000        41.27773     -1.59036184896E+07  2.96712574037E+04 -5.35994085900E+02   21.4460656          1018220  0.20086    
       88400  -1.67857293         1237399.        0.000000        42.23193     -1.59074151851E+07  2.96783414576E+04 -5.35994075270E+02   21.4564445          1018017  0.20975    
       88500  -1.67504701         1236277.        0.000000        42.55107     -1.58968029276E+07  2.96585425340E+04 -5.35994070154E+02   21.4499501          1016962  0.19705    
       88600  -1.67399634         1236425.        0.000000        42.65306     -1.58994284939E+07  2.96634408942E+04 -5.35994072657E+02   21.4496132          1016967  0.20097    
       88700  -1.67530156         1237112.        0.000000        40.94980     -1.59068210864E+07  2.96772326127E+04 -5.35994083207E+02   21.4514011          1017483  0.20539    
       88800  -1.67767398         1237996.        0.000000        41.04045     -1.59117698279E+07  2.96864652537E+04 -5.35994086597E+02   21.4517327          1018163  0.20045    
       88900  -1.68112276         1237777.        0.000000        40.94083     -1.59159206693E+07  2.96942095351E+04 -5.35994084993E+02   21.4605536          1018018  0.20250    
       89000  -1.67777187         1237199.        0.000000        40.23036     -1.59129695236E+07  2.96887036796E+04 -5.35994083652E+02   21.4574658          1017413  0.20137    
       89100  -1.67627353         1236968.        0.000000        39.78571     -1.59187165341E+07  2.96994260045E+04 -5.35994080548E+02   21.4606567          1017048  0.19642    
       89200  -1.67768850         1237692.        0.000000        41.69273     -1.59274075505E+07  2.97156412741E+04 -5.35994071392E+02   21.4586028          1017570  0.20313    
       89300  -1.67736891         1237282.        0.000000        41.72378     -1.59318936742E+07  2.97240111571E+04 -5.35994068565E+02   21.4687667          1017154  0.20212    
       89400  -1.67705138         1237636.        0.000000        39.92509     -1.59280403945E+07  2.97168214843E+04 -5.35994080084E+02   21.4632131          1017518  0.19353    
       89500  -1.67971647         1237880.        0.000000        42.13027     -1.59280473582E+07  2.97168342117E+04 -5.35994084857E+02   21.4636519          1017638  0.19844    
       89600  -1.68030975         1238401.        0.000000        41.27833     -1.59265812824E+07  2.97140991519E+04 -5.35994081496E+02   21.4584444          1018265  0.19801    
       89700  -1.68051465         1237421.        0.000000        41.95159     -1.59271754512E+07  2.97152080330E+04 -5.35994075272E+02   21.4662618          1017294  0.19835    
       89800  -1.67628623         1236368.        0.000000        42.22487     -1.59149427428E+07  2.96923854672E+04 -5.35994077012E+02   21.4647843          1016668  0.20101    
       89900  -1.67519579         1236713.        0.000000        41.57905     -1.59105774868E+07  2.96842415877E+04 -5.35994070788E+02   21.4549182          1016983  0.19913    
       90000  -1.67734996         1237881.        0.000000        42.35887     -1.59157247348E+07  2.96938451035E+04 -5.35994064741E+02   21.4490618          1018007  0.19590    
       90100  -1.67972089         1237221.        0.000000        42.05984     -1.59234862469E+07  2.97083257345E+04 -5.35994064060E+02   21.4603275          1017298  0.20252    
       90200  -1.67626505         1237215.        0.000000        41.31039     -1.59221002674E+07  2.97057402144E+04 -5.35994058809E+02   21.4630503          1017487  0.20719    
       90300  -1.67931909         1238475.        0.000000        40.95893     -1.59222961667E+07  2.97061049886E+04 -5.35994071682E+02   21.4527290          1018521  0.19534    
       90400  -1.68260588         1239010.        0.000000        41.23957     -1.59262599489E+07  2.97134999555E+04 -5.35994075850E+02   21.4580743          1019069  0.19454    
       90500  -1.68476407         1238543.        0.000000        42.05181     -1.59246575290E+07  2.97105105977E+04 -5.35994071075E+02   21.4609792          1018858  0.20250    
       90600  -1.67951455         1237639.        0.000000        42.07762     -1.59130374672E+07  2.96888310713E+04 -5.35994072282E+02   21.4596738          1018292  0.19894    
       90700  -1.68010075         1237585.        0.000000        42.31852     -1.59103905028E+07  2.96838928632E+04 -5.35994068438E+02   21.4571038          1018032  0.20970    
       90800  -1.67873345         1237006.        0.000000        42.09476     -1.59075471071E+07  2.96785881746E+04 -5.35994064593E+02   21.4581804          1017593  0.20055    
       90900  -1.67542625         1236193.        0.000000        41.80011     -1.59027442011E+07  2.96696270506E+04 -5.35994071445E+02   21.4551950          1016789  0.19701    
       91000  -1.67633953         1237078.        0.000000        42.41303     -1.59084092626E+07  2.96801963645E+04 -5.35994070497E+02   21.4531210          1017412  0.20003    
       91100  -1.67605079         1236914.        0.000000        42.83052     -1.59096722232E+07  2.96825527759E+04 -5.35994068412E+02   21.4553587          1017230  0.20196    
       91200  -1.67488873         1236732.        0.000000        43.02864     -1.59023031994E+07  2.96688038444E+04 -5.35994079261E+02   21.4507089          1017289  0.19491    
       91300  -1.67772019         1237542.        0.000000        41.65053     -1.59053534606E+07  2.96744945972E+04 -5.35994080994E+02   21.4491062          1017828  0.19858    
       91400  -1.68077181         1238542.        0.000000        42.07643     -1.59116846275E+07  2.96863061558E+04 -5.35994089126E+02   21.4424483          1018739  0.21943    
       91500  -1.67986444         1237451.        0.000000        42.57512     -1.59177613840E+07  2.96976431641E+04 -5.35994095424E+02   21.4575150          1017830  0.19630    
       91600  -1.67765636         1237581.        0.000000        43.71535     -1.59148023445E+07  2.96921217547E+04 -5.35994109009E+02   21.4519709          1018026  0.20669    
       91700  -1.67891410         1237785.        0.000000        42.66704     -1.59176733263E+07  2.96974781243E+04 -5.35994108984E+02   21.4572903          1018177  0.20156    
       91800  -1.67889270         1237528.        0.000000        43.54506     -1.59170745369E+07  2.96963611621E+04 -5.35994105473E+02   21.4536952          1017824  0.19788    
       91900  -1.67918696         1237871.        0.000000        42.37954     -1.59199337902E+07  2.97016965652E+04 -5.35994088933E+02   21.4578343          1018255  0.20427    
       92000  -1.67888524         1237411.        0.000000        42.63921     -1.59181691084E+07  2.96984042979E+04 -5.35994087385E+02   21.4561956          1017594  0.20764    
       92100  -1.67854547         1237643.        0.000000        45.20322     -1.59214230870E+07  2.97044763746E+04 -5.35994066560E+02   21.4572387          1017934  0.19686    
       92200  -1.67823007         1237494.        0.000000        44.74126     -1.59255220380E+07  2.97121236045E+04 -5.35994069287E+02   21.4579075          1017794  0.20044    
       92300  -1.68090242         1238591.        0.000000        45.12028     -1.59258939554E+07  2.97128175830E+04 -5.35994067573E+02   21.4533452          1018903  0.20352    
       92400  -1.68036390         1237289.        0.000000        44.95884     -1.59231407285E+07  2.97076806958E+04 -5.35994071418E+02   21.4580087          1017664  0.19832    
       92500  -1.67638455         1236956.        0.000000        43.86728     -1.59223068036E+07  2.97061250328E+04 -5.35994068094E+02   21.4601496          1017470  0.19804    
       92600  -1.67555007         1237646.        0.000000        42.21183     -1.59177388972E+07  2.96976032805E+04 -5.35994058066E+02   21.4504919          1017948  0.20896    
       92700  -1.67978289         1238055.        0.000000        40.76702     -1.59232955368E+07  2.97079702136E+04 -5.35994058910E+02   21.4533059          1018010  0.19746    
       92800  -1.67913160         1237081.        0.000000        42.14655     -1.59264300327E+07  2.97138181835E+04 -5.35994059544E+02   21.4667583          1017287  0.19974    
       92900  -1.67604014         1236792.        0.000000        42.38103     -1.59284384477E+07  2.97175651996E+04 -5.35994060775E+02   21.4641016          1016878  0.20140    
       93000  -1.67480554         1236571.        0.000000        41.33041     -1.59292522269E+07  2.97190821658E+04 -5.35994084138E+02   21.4682779          1016560  0.19755    
       93100  -1.67501603         1236789.        0.000000        41.32411     -1.59312555003E+07  2.97228192299E+04 -5.35994091846E+02   21.4662474          1016682  0.20758    
       93200  -1.67539965         1236841.        0.000000        42.14009     -1.59310501276E+07  2.97224357799E+04 -5.35994097037E+02   21.4665626          1016617  0.20416    
       93300  -1.67693632         1237133.        0.000000        40.87163     -1.59345235484E+07  2.97289163915E+04 -5.35994092034E+02   21.4666450          1016806  0.20280    
       93400  -1.67879809         1237850.        0.000000        41.43394     -1.59354778468E+07  2.97306970552E+04 -5.35994087766E+02   21.4697076          1017842  0.19914    
       93500  -1.68083996         1238490.        0.000000        42.32045     -1.59317570059E+07  2.97237553738E+04 -5.35994083034E+02   21.4605419          1018525  0.20875    
       93600  -1.68004431         1237905.        0.000000        43.36083     -1.59324892174E+07  2.97251213118E+04 -5.35994085618E+02   21.4633250          1017986  0.19647    
       93700  -1.68069526         1237866.        0.000000        42.72024     -1.59331732174E+07  2.97263968783E+04 -5.35994095842E+02   21.4665494          1018038  0.20148    
       93800  -1.67875143         1237440.        0.000000        43.35411     -1.59247409745E+07  2.97106653267E+04 -5.35994088296E+02   21.4624494          1017705  0.20280    
       93900  -1.67799938         1237644.        0.000000        44.03293     -1.59199447091E+07  2.97017158192E+04 -5.35994109095E+02   21.4549982          1017797  0.19900    
       94000  -1.68037220         1238350.        0.000000        43.81669     -1.59252153827E+07  2.97115485129E+04 -5.35994122817E+02   21.4556020          1018261  0.20137    
       94100  -1.68046584         1238251.        0.000000        42.49983     -1.59208056605E+07  2.97033210262E+04 -5.35994128281E+02   21.4547567          1018458  0.20441    
       94200  -1.68322936         1238606.        0.000000        43.29290     -1.59208111314E+07  2.97033318284E+04 -5.35994117540E+02   21.4547688          1018818  0.20202    
       94300  -1.68298553         1238596.        0.000000        42.50199     -1.59151389257E+07  2.96927492800E+04 -5.35994116801E+02   21.4509160          1019130  0.20012    
       94400  -1.67964061         1237141.        0.000000        42.01799     -1.59091446421E+07  2.96815662308E+04 -5.35994108883E+02   21.4574713          1018064  0.20387    
       94500  -1.67468133         1235989.        0.000000        41.15175     -1.58993016164E+07  2.96632021416E+04 -5.35994109486E+02   21.4542150          1016947  0.19971    
       94600  -1.67389160         1236790.        0.000000        42.23424     -1.58971564191E+07  2.96591996949E+04 -5.35994112538E+02   21.4438183          1017494  0.20294    
       94700  -1.67643735         1237400.        0.000000        43.07361     -1.58975800363E+07  2.96599901957E+04 -5.35994109620E+02   21.4403653          1017996  0.19948    
       94800  -1.67803530         1237491.        0.000000        42.31999     -1.58968577180E+07  2.96586420070E+04 -5.35994119834E+02   21.4456619          1018232  0.19726    
       94900  -1.67775260         1237193.        0.000000        42.64218     -1.58904455155E+07  2.96466779319E+04 -5.35994135735E+02   21.4400017          1018074  0.20030    
       95000  -1.67735438         1236663.        0.000000        42.18365     -1.58906727529E+07  2.96471023989E+04 -5.35994126477E+02   21.4448057          1017537  0.20091    
       95100  -1.67772810         1237792.        0.000000        43.22932     -1.58922297194E+07  2.96500078817E+04 -5.35994114499E+02   21.4362415          1018626  0.19543    
       95200  -1.67840139         1236854.        0.000000        42.10288     -1.58972240752E+07  2.96593262915E+04 -5.35994105834E+02   21.4479909          1017725  0.19894    
       95300  -1.67421291         1236806.        0.000000        42.81327     -1.58981890593E+07  2.96611273639E+04 -5.35994093017E+02   21.4433530          1017633  0.20191    
       95400  -1.67856116         1238328.        0.000000        42.22509     -1.59085885062E+07  2.96805290449E+04 -5.35994101792E+02   21.4406794          1018825  0.19775    
       95500  -1.68317471         1238684.        0.000000        42.55049     -1.59195829809E+07  2.97010415733E+04 -5.35994097770E+02   21.4556112          1019105  0.20760    
       95600  -1.68333975         1239383.        0.000000        42.16101     -1.59188102462E+07  2.96996006385E+04 -5.35994084231E+02   21.4481417          1019687  0.20793    
       95700  -1.68548066         1238758.        0.000000        42.93678     -1.59171538270E+07  2.96965101461E+04 -5.35994086467E+02   21.4549708          1019444  0.20481    
       95800  -1.68100626         1237111.        0.000000        44.06037     -1.59095743672E+07  2.96823699601E+04 -5.35994072865E+02   21.4618496          1017947  0.19732    
       95900  -1.67601389         1236741.        0.000000        43.27702     -1.59013264955E+07  2.96669817747E+04 -5.35994076384E+02   21.4500077          1017636  0.20298    
       96000  -1.67675069         1237407.        0.000000        43.69128     -1.59083081683E+07  2.96800067467E+04 -5.35994088683E+02   21.4526216          1018149  0.21708    
       96100  -1.67751179         1237190.        0.000000        43.65174     -1.59056771453E+07  2.96750977993E+04 -5.35994093527E+02   21.4521653          1017838  0.19667    
       96200  -1.67907880         1237763.        0.000000        44.34675     -1.59076186070E+07  2.96787202107E+04 -5.35994089167E+02   21.4511248          1018331  0.20389    
       96300  -1.67971378         1237737.        0.000000        44.92797     -1.59097783385E+07  2.96827502213E+04 -5.35994078036E+02   21.4513409          1018210  0.20568    
       96400  -1.67641183         1237076.        0.000000        46.57632     -1.59062125512E+07  2.96760966502E+04 -5.35994094462E+02   21.4508149          1017696  0.20032    
       96500  -1.67843531         1237968.        0.000000        46.17075     -1.59032748547E+07  2.96706156035E+04 -5.35994098244E+02   21.4423538          1018494  0.20753    
       96600  -1.67898340         1237607.        0.000000        47.06742     -1.59054018972E+07  2.96745848058E+04 -5.35994083871E+02   21.4461206          1018408  0.20310    
       96700  -1.67613324         1237005.        0.000000        47.61125     -1.59035801695E+07  2.96711864332E+04 -5.35994076453E+02   21.4481150          1017851  0.19399    
       96800  -1.67786043         1238185.        0.000000        47.12216     -1.59050834659E+07  2.96739910073E+04 -5.35994078519E+02   21.4422733          1018876  0.20144    
       96900  -1.68024217         1237920.        0.000000        46.20365     -1.59076152060E+07  2.96787138398E+04 -5.35994089632E+02   21.4493820          1018521  0.21497    
       97000  -1.67594666         1236254.        0.000000        45.48332     -1.58978527615E+07  2.96604995491E+04 -5.35994100003E+02   21.4531192          1017135  0.19655    
       97100  -1.66874442         1234342.        0.000000        44.45975     -1.58857987589E+07  2.96380101207E+04 -5.35994106695E+02   21.4534124          1015544  0.20279    
       97200  -1.66724862         1235770.        0.000000        44.77502     -1.58887110778E+07  2.96434437016E+04 -5.35994105062E+02   21.4401281          1016538  0.20092    
       97300  -1.67347772         1237174.        0.000000        44.28008     -1.59089135066E+07  2.96811349453E+04 -5.35994109926E+02   21.4422911          1017277  0.19259    
       97400  -1.67964913         1238429.        0.000000        43.64583     -1.59271669051E+07  2.97151900188E+04 -5.35994112606E+02   21.4563757          1018185  0.20484    
       97500  -1.68094044         1238223.        0.000000        44.65261     -1.59262313786E+07  2.97134448361E+04 -5.35994108609E+02   21.4601647          1018216  0.20672    
       97600  -1.67953460         1237578.        0.000000        43.85692     -1.59179579897E+07  2.96980093192E+04 -5.35994107168E+02   21.4568650          1017833  0.19794    
       97700  -1.68061662         1238813.        0.000000        44.84639     -1.59141949414E+07  2.96909890137E+04 -5.35994100233E+02   21.4507610          1019084  0.20293    
       97800  -1.68304288         1238625.        0.000000        46.20192     -1.59137292633E+07  2.96901202065E+04 -5.35994100146E+02   21.4497581          1019130  0.20544    
       97900  -1.68169822         1237506.        0.000000        44.19017     -1.59108074426E+07  2.96846691554E+04 -5.35994097132E+02   21.4583186          1018250  0.19647    
       98000  -1.67418309         1236223.        0.000000        44.62560     -1.58960386364E+07  2.96571152248E+04 -5.35994095040E+02   21.4502964          1017238  0.20288    
       98100  -1.67421268         1236535.        0.000000        44.16649     -1.59010981443E+07  2.96665547642E+04 -5.35994094044E+02   21.4515570          1017285  0.20478    
       98200  -1.67520162         1237068.        0.000000        43.82792     -1.59041040254E+07  2.96721630667E+04 -5.35994089465E+02   21.4486369          1017574  0.19919    
       98300  -1.67820565         1237588.        0.000000        43.92928     -1.59075912165E+07  2.96786691374E+04 -5.35994088645E+02   21.4510788          1017907  0.20450    
       98400  -1.67570201         1236498.        0.000000        43.71371     -1.59061222749E+07  2.96759283869E+04 -5.35994091492E+02   21.4534851          1016859  0.20262    
       98500  -1.67551007         1237109.        0.000000        43.08638     -1.59143151970E+07  2.96912136547E+04 -5.35994095159E+02   21.4505551          1017184  0.20295    
       98600  -1.67850686         1237934.        0.000000        43.71839     -1.59288901835E+07  2.97184056552E+04 -5.35994103061E+02   21.4581745          1017764  0.19746    
       98700  -1.68236967         1238489.        0.000000        46.12876     -1.59290187316E+07  2.97186454412E+04 -5.35994103872E+02   21.4624400          1018572  0.20218    
       98800  -1.68080605         1237997.        0.000000        46.02189     -1.59180739476E+07  2.96982262046E+04 -5.35994097357E+02   21.4579036          1018357  0.19771    
       98900  -1.68063902         1237688.        0.000000        44.48136     -1.59138411288E+07  2.96903292296E+04 -5.35994094431E+02   21.4570252          1018182  0.20659    
       99000  -1.67833425         1237017.        0.000000        45.37483     -1.59058884392E+07  2.96754919155E+04 -5.35994095209E+02   21.4551648          1017767  0.20410    
       99100  -1.67570700         1236919.        0.000000        44.50923     -1.58998935298E+07  2.96643074659E+04 -5.35994091488E+02   21.4465484          1017706  0.20228    
       99200  -1.67515585         1236683.        0.000000        43.93987     -1.59066557353E+07  2.96769238318E+04 -5.35994088383E+02   21.4516578          1017297  0.19918    
       99300  -1.67737134         1237451.        0.000000        43.82505     -1.59121869429E+07  2.96872436324E+04 -5.35994083517E+02   21.4559557          1017940  0.20487    
       99400  -1.67828415         1237307.        0.000000        43.58656     -1.59178306293E+07  2.96977730201E+04 -5.35994083412E+02   21.4550327          1017635  0.20343    
       99500  -1.67805329         1237376.        0.000000        44.06181     -1.59252968630E+07  2.97117025716E+04 -5.35994085987E+02   21.4594383          1017495  0.19760    
       99600  -1.67787639         1237206.        0.000000        42.76458     -1.59293348975E+07  2.97192360416E+04 -5.35994090669E+02   21.4670819          1017378  0.20543    
       99700  -1.67773876         1237898.        0.000000        44.03947     -1.59273272596E+07  2.97154902674E+04 -5.35994093192E+02   21.4593574          1018111  0.20428    
       99800  -1.68123815         1238236.        0.000000        45.53597     -1.59322890887E+07  2.97247475713E+04 -5.35994092144E+02   21.4620757          1018414  0.19720    
       99900  -1.68109568         1238290.        0.000000        45.02352     -1.59332576760E+07  2.97265545966E+04 -5.35994093236E+02   21.4574070          1018334  0.20156    
      100000  -1.68195399         1238404.        0.000000        44.09117     -1.59340260908E+07  2.97279873269E+04 -5.35994109375E+02   21.4637707          1018573  0.20651    
      100100  -1.67912289         1237060.        0.000000        44.16333     -1.59276563297E+07  2.97161028440E+04 -5.35994117848E+02   21.4638631          1017498  0.19718    
      100200  -1.67535555         1236277.        0.000000        44.76156     -1.59299725048E+07  2.97204245187E+04 -5.35994110539E+02   21.4661567          1016504  0.20357    
      100300  -1.67300599         1236704.        0.000000        43.61353     -1.59305306431E+07  2.97214653238E+04 -5.35994119722E+02   21.4608873          1016807  0.20282    
      100400  -1.67759246         1237478.        0.000000        45.46375     -1.59356690929E+07  2.97310519665E+04 -5.35994121932E+02   21.4639776          1017422  0.19569    
      100500  -1.67825795         1237202.        0.000000        46.21832     -1.59373937482E+07  2.97342699151E+04 -5.35994117014E+02   21.4697877          1017186  0.20633    
      100600  -1.67796338         1237310.        0.000000        45.47906     -1.59392571539E+07  2.97377463087E+04 -5.35994119677E+02   21.4705063          1017177  0.20266    
      100700  -1.67771218         1238293.        0.000000        46.57105     -1.59369690868E+07  2.97334778318E+04 -5.35994113335E+02   21.4607707          1018226  0.19714    
      100800  -1.68513614         1239918.        0.000000        47.87230     -1.59433698018E+07  2.97454189646E+04 -5.35994124700E+02   21.4606045          1019725  0.20270    
      100900  -1.68570209         1238675.        0.000000        48.01432     -1.59372752746E+07  2.97340481706E+04 -5.35994129801E+02   21.4676054          1018934  0.20214    
      101000  -1.68212104         1237897.        0.000000        47.55763     -1.59215372237E+07  2.97046857855E+04 -5.35994130309E+02   21.4619515          1018481  0.19494    
      101100  -1.67808466         1236985.        0.000000        47.65688     -1.59101990874E+07  2.96835329887E+04 -5.35994118134E+02   21.4543138          1017786  0.21047    
      101200  -1.67561974         1236729.        0.000000        48.67133     -1.59093974264E+07  2.96820375545E+04 -5.35994114189E+02   21.4525232          1017410  0.20282    
      101300  -1.67389355         1236344.        0.000000        49.04627     -1.59069048907E+07  2.96773872295E+04 -5.35994114567E+02   21.4556240          1017153  0.19777    
      101400  -1.67649293         1237775.        0.000000        49.14502     -1.59133997125E+07  2.96895052286E+04 -5.35994102627E+02   21.4444677          1018088  0.20136    
      101500  -1.68071159         1238447.        0.000000        47.15162     -1.59271215047E+07  2.97151066490E+04 -5.35994088558E+02   21.4566738          1018498  0.20222    
      101600  -1.68376127         1238452.        0.000000        47.52108     -1.59295137120E+07  2.97195700012E+04 -5.35994084415E+02   21.4636359          1018737  0.19538    
      101700  -1.68171810         1238110.        0.000000        45.35413     -1.59231111232E+07  2.97076241671E+04 -5.35994094768E+02   21.4594234          1018543  0.20782    
      101800  -1.68028378         1237847.        0.000000        45.18339     -1.59258731605E+07  2.97127771286E+04 -5.35994097477E+02   21.4630864          1018484  0.20351    
      101900  -1.68080263         1238340.        0.000000        46.01629     -1.59259324475E+07  2.97128882510E+04 -5.35994088256E+02   21.4610929          1018747  0.19610    
      102000  -1.67861350         1236907.        0.000000        45.22848     -1.59174031845E+07  2.96969753229E+04 -5.35994087323E+02   21.4618671          1017581  0.20442    
      102100  -1.67572423         1237008.        0.000000        44.15732     -1.59109619201E+07  2.96849572212E+04 -5.35994099690E+02   21.4566557          1017771  0.20486    
      102200  -1.67341819         1236578.        0.000000        43.97679     -1.59072129860E+07  2.96779619629E+04 -5.35994115965E+02   21.4521130          1017327  0.20132    
      102300  -1.67481785         1236874.        0.000000        44.71134     -1.59116788670E+07  2.96862939229E+04 -5.35994115948E+02   21.4506076          1017354  0.20118    
      102400  -1.67400211         1236442.        0.000000        44.34707     -1.59162185745E+07  2.96947635824E+04 -5.35994116617E+02   21.4576942          1016831  0.21117    
      102500  -1.67445531         1236816.        0.000000        45.48134     -1.59143273401E+07  2.96912353655E+04 -5.35994112209E+02   21.4539022          1017108  0.19595    
      102600  -1.67649457         1237366.        0.000000        44.98810     -1.59263242039E+07  2.97136182097E+04 -5.35994105178E+02   21.4620677          1017401  0.20419    
      102700  -1.68041805         1238501.        0.000000        45.04058     -1.59375209637E+07  2.97345070947E+04 -5.35994119994E+02   21.4621018          1018058  0.20143    
      102800  -1.68614252         1240059.        0.000000        43.49007     -1.59529666910E+07  2.97633241105E+04 -5.35994119197E+02   21.4660658          1019430  0.19622    
      102900  -1.68836819         1239650.        0.000000        42.89897     -1.59498604076E+07  2.97575282689E+04 -5.35994127720E+02   21.4735460          1019522  0.20152    
      103000  -1.68294679         1237720.        0.000000        43.89947     -1.59307356993E+07  2.97218480414E+04 -5.35994117093E+02   21.4690332          1018166  0.20223    
      103100  -1.67584082         1236417.        0.000000        42.92004     -1.59116101277E+07  2.96861661494E+04 -5.35994107410E+02   21.4622699          1017243  0.19697    
      103200  -1.67576462         1237059.        0.000000        42.76899     -1.59079225360E+07  2.96792863471E+04 -5.35994105450E+02   21.4486488          1017566  0.20278    
      103300  -1.67406840         1236195.        0.000000        43.17972     -1.59088991661E+07  2.96811086923E+04 -5.35994100862E+02   21.4543248          1016673  0.19898    
      103400  -1.67377435         1236635.        0.000000        42.95470     -1.59171966099E+07  2.96965895343E+04 -5.35994094255E+02   21.4524544          1016801  0.19769    
      103500  -1.67738798         1237599.        0.000000        44.00362     -1.59306278878E+07  2.97216479467E+04 -5.35994098186E+02   21.4589070          1017373  0.19746    
      103600  -1.67937277         1237663.        0.000000        44.25381     -1.59350360603E+07  2.97298724685E+04 -5.35994094060E+02   21.4630130          1017647  0.20243    
      103700  -1.67831575         1237983.        0.000000        44.76857     -1.59322985963E+07  2.97247652670E+04 -5.35994092911E+02   21.4632824          1018014  0.19582    
      103800  -1.68109046         1237931.        0.000000        44.19929     -1.59305201474E+07  2.97214468394E+04 -5.35994099936E+02   21.4627763          1017906  0.20131    
      103900  -1.68146331         1238025.        0.000000        43.16080     -1.59240438884E+07  2.97093648254E+04 -5.35994087452E+02   21.4623116          1018216  0.19931    
      104000  -1.67870070         1237452.        0.000000        41.58481     -1.59122782303E+07  2.96874139729E+04 -5.35994083042E+02   21.4545297          1017895  0.19636    
      104100  -1.67917176         1237843.        0.000000        41.13790     -1.59074397931E+07  2.96783868376E+04 -5.35994084859E+02   21.4532965          1018347  0.19962    
      104200  -1.67742411         1236977.        0.000000        40.01292     -1.59038742906E+07  2.96717343888E+04 -5.35994090609E+02   21.4542621          1017437  0.19855    
      104300  -1.67629219         1237223.        0.000000        40.53784     -1.58996976867E+07  2.96639421699E+04 -5.35994089915E+02   21.4497272          1017805  0.19338    
      104400  -1.67763676         1237622.        0.000000        41.71842     -1.59002435673E+07  2.96649602339E+04 -5.35994096803E+02   21.4463301          1018187  0.19830    
      104500  -1.67782787         1237163.        0.000000        42.59944     -1.59019195256E+07  2.96680870368E+04 -5.35994097156E+02   21.4510378          1017689  0.20276    
      104600  -1.67435523         1236132.        0.000000        43.37994     -1.59066625035E+07  2.96769364216E+04 -5.35994089064E+02   21.4571477          1016576  0.19198    
      104700  -1.67596185         1237485.        0.000000        42.55973     -1.59113328925E+07  2.96856502459E+04 -5.35994083361E+02   21.4526636          1017737  0.20092    
      104800  -1.67740565         1237057.        0.000000        43.30278     -1.59168215379E+07  2.96958908751E+04 -5.35994074225E+02   21.4579353          1017283  0.20309    
      104900  -1.67986126         1238295.        0.000000        45.27865     -1.59238541240E+07  2.97090116860E+04 -5.35994071170E+02   21.4555579          1018489  0.19425    
      105000  -1.67993715         1237719.        0.000000        45.05683     -1.59272265860E+07  2.97153034697E+04 -5.35994074645E+02   21.4597328          1018018  0.20199    
      105100  -1.67847256         1236688.        0.000000        44.64226     -1.59227914435E+07  2.97070293538E+04 -5.35994065708E+02   21.4666691          1017308  0.20156    
      105200  -1.67509684         1236812.        0.000000        44.14076     -1.59189564757E+07  2.96998752870E+04 -5.35994051217E+02   21.4550268          1017174  0.19510    
      105300  -1.67685507         1237734.        0.000000        43.04008     -1.59248661733E+07  2.97109004358E+04 -5.35994060756E+02   21.4500945          1017870  0.20268    
      105400  -1.68121759         1238383.        0.000000        42.97053     -1.59354464079E+07  2.97306386532E+04 -5.35994083200E+02   21.4527710          1018215  0.21229    
      105500  -1.68153536         1238308.        0.000000        44.28588     -1.59396593192E+07  2.97384994512E+04 -5.35994068744E+02   21.4617374          1018302  0.19491    
      105600  -1.68391698         1238760.        0.000000        43.36557     -1.59398524440E+07  2.97388592487E+04 -5.35994078006E+02   21.4627031          1018852  0.20258    
      105700  -1.68180158         1238108.        0.000000        43.73181     -1.59366180795E+07  2.97328245293E+04 -5.35994085048E+02   21.4683123          1018573  0.19792    
      105800  -1.68029632         1237401.        0.000000        43.57329     -1.59278985313E+07  2.97165570641E+04 -5.35994075525E+02   21.4696095          1018083  0.19708    
      105900  -1.67682387         1237018.        0.000000        44.00406     -1.59197317111E+07  2.97013216197E+04 -5.35994051543E+02   21.4604229          1017540  0.19877    
      106000  -1.67707759         1237162.        0.000000        44.83851     -1.59194215157E+07  2.97007421908E+04 -5.35994064169E+02   21.4618082          1017528  0.20615    
      106100  -1.67546056         1236914.        0.000000        45.12193     -1.59174663131E+07  2.96970936881E+04 -5.35994076736E+02   21.4606406          1017212  0.19570    
      106200  -1.67499930         1235742.        0.000000        43.83302     -1.59163378898E+07  2.96949875005E+04 -5.35994092927E+02   21.4648144          1015992  0.19832    
      106300  -1.67082361         1235668.        0.000000        44.32951     -1.59154930714E+07  2.96934108294E+04 -5.35994101952E+02   21.4605390          1015893  0.19941    
      106400  -1.67160723         1236402.        0.000000        45.07520     -1.59235142791E+07  2.97083764535E+04 -5.35994092574E+02   21.4551061          1016332  0.19452    
      106500  -1.67604326         1237583.        0.000000        43.81499     -1.59421520814E+07  2.97431489444E+04 -5.35994090980E+02   21.4623632          1016999  0.20055    
      106600  -1.68050989         1238266.        0.000000        42.89837     -1.59500289229E+07  2.97578447556E+04 -5.35994090091E+02   21.4726299          1017658  0.19929    
      106700  -1.67901909         1237415.        0.000000        43.01349     -1.59421579534E+07  2.97431599046E+04 -5.35994090895E+02   21.4678938          1017111  0.19531    
      106800  -1.67781527         1237292.        0.000000        41.50493     -1.59401841435E+07  2.97394771693E+04 -5.35994094746E+02   21.4669745          1016927  0.19911    
      106900  -1.67568190         1236515.        0.000000        41.60281     -1.59382973796E+07  2.97359568179E+04 -5.35994098902E+02   21.4715547          1016509  0.20419    
      107000  -1.67497038         1236395.        0.000000        41.32359     -1.59357693649E+07  2.97312399054E+04 -5.35994106387E+02   21.4703620          1016269  0.19543    
      107100  -1.67319827         1236751.        0.000000        42.73721     -1.59381258178E+07  2.97356368325E+04 -5.35994097170E+02   21.4693602          1016564  0.20265    
      107200  -1.67797122         1237581.        0.000000        41.91691     -1.59408418131E+07  2.97407042107E+04 -5.35994094159E+02   21.4671135          1017175  0.20406    
      107300  -1.67662981         1237343.        0.000000        42.01745     -1.59392189237E+07  2.97376763773E+04 -5.35994094544E+02   21.4693424          1017124  0.19400    
      107400  -1.67713823         1237101.        0.000000        42.46692     -1.59381193391E+07  2.97356247046E+04 -5.35994097904E+02   21.4673542          1016858  0.20211    
      107500  -1.67509517         1237380.        0.000000        43.27876     -1.59367847380E+07  2.97331354289E+04 -5.35994085661E+02   21.4678607          1017141  0.19987    
      107600  -1.67809674         1237266.        0.000000        44.71591     -1.59417534007E+07  2.97424048360E+04 -5.35994096261E+02   21.4686972          1016900  0.19422    
      107700  -1.67791745         1237647.        0.000000        45.91972     -1.59492504305E+07  2.97563915107E+04 -5.35994104822E+02   21.4739768          1017234  0.19944    
      107800  -1.67920648         1237850.        0.000000        46.31509     -1.59548480471E+07  2.97668344581E+04 -5.35994113502E+02   21.4755616          1017105  0.19819    
      107900  -1.68128850         1238334.        0.000000        45.45697     -1.59567888530E+07  2.97704559748E+04 -5.35994103231E+02   21.4729974          1017616  0.19310    
      108000  -1.68315166         1238768.        0.000000        44.77066     -1.59569639843E+07  2.97707825219E+04 -5.35994106725E+02   21.4735462          1018215  0.20203    
      108100  -1.68484442         1238763.        0.000000        44.87995     -1.59578282361E+07  2.97723951446E+04 -5.35994103215E+02   21.4801924          1018533  0.20878    
      108200  -1.68288131         1238871.        0.000000        44.06972     -1.59492560909E+07  2.97564018114E+04 -5.35994109504E+02   21.4716863          1018763  0.19635    
      108300  -1.68124225         1237304.        0.000000        44.24022     -1.59386871512E+07  2.97366843418E+04 -5.35994092953E+02   21.4775400          1017605  0.20241    
      108400  -1.67834531         1237636.        0.000000        44.92973     -1.59270015213E+07  2.97148824398E+04 -5.35994094999E+02   21.4631371          1017808  0.19713    
      108500  -1.68031365         1238220.        0.000000        44.30743     -1.59200324811E+07  2.97018801690E+04 -5.35994098369E+02   21.4601601          1018600  0.19793    
      108600  -1.68239702         1238747.        0.000000        45.00578     -1.59160151225E+07  2.96943853737E+04 -5.35994091885E+02   21.4552025          1019101  0.20134    
      108700  -1.68102637         1237377.        0.000000        46.19256     -1.59094451534E+07  2.96821287547E+04 -5.35994075251E+02   21.4594546          1018046  0.20332    
      108800  -1.67698483         1236614.        0.000000        46.18432     -1.59052684244E+07  2.96743372285E+04 -5.35994057827E+02   21.4548863          1017280  0.19519    
      108900  -1.67321390         1235543.        0.000000        44.26139     -1.59052308716E+07  2.96742668881E+04 -5.35994062857E+02   21.4631250          1016250  0.19631    
      109000  -1.66944934         1235726.        0.000000        44.04021     -1.59016351555E+07  2.96675578946E+04 -5.35994071774E+02   21.4506729          1016207  0.20159    
      109100  -1.67396767         1236584.        0.000000        43.76223     -1.59104892399E+07  2.96840764676E+04 -5.35994079426E+02   21.4508717          1016874  0.19567    
      109200  -1.67546954         1236814.        0.000000        43.23361     -1.59221647370E+07  2.97058590487E+04 -5.35994084902E+02   21.4592453          1016974  0.20184    
      109300  -1.67637146         1237344.        0.000000        43.09392     -1.59268130330E+07  2.97145308992E+04 -5.35994092824E+02   21.4589421          1017339  0.20176    
      109400  -1.67808519         1237587.        0.000000        41.80651     -1.59329128785E+07  2.97259111055E+04 -5.35994096934E+02   21.4666358          1017627  0.19455    
      109500  -1.67916575         1238217.        0.000000        42.58951     -1.59273626799E+07  2.97155556607E+04 -5.35994105639E+02   21.4601938          1018350  0.19955    
      109600  -1.68114273         1237934.        0.000000        43.33128     -1.59298305006E+07  2.97201597282E+04 -5.35994107916E+02   21.4613649          1018002  0.19434    
      109700  -1.68107899         1238209.        0.000000        43.77308     -1.59293112904E+07  2.97191910714E+04 -5.35994107383E+02   21.4598395          1018318  0.19586    
      109800  -1.68058627         1237908.        0.000000        44.07819     -1.59299691179E+07  2.97204184520E+04 -5.35994105993E+02   21.4644926          1018017  0.19994    
      109900  -1.67921284         1237662.        0.000000        42.70761     -1.59235809589E+07  2.97085002176E+04 -5.35994104123E+02   21.4603679          1017903  0.20147    
      110000  -1.67795852         1237278.        0.000000        42.52278     -1.59215822750E+07  2.97047711505E+04 -5.35994106612E+02   21.4619891          1017504  0.19589    
      110100  -1.67838341         1237788.        0.000000        42.76046     -1.59199651975E+07  2.97017543442E+04 -5.35994103684E+02   21.4588552          1018272  0.19722    
      110200  -1.68216040         1238503.        0.000000        41.72894     -1.59267998870E+07  2.97145058834E+04 -5.35994101653E+02   21.4619774          1018772  0.20180    
      110300  -1.68158667         1238130.        0.000000        42.85215     -1.59225195791E+07  2.97065199769E+04 -5.35994104710E+02   21.4588698          1018302  0.19274    
      110400  -1.67898607         1237098.        0.000000        43.04202     -1.59187996188E+07  2.96995798784E+04 -5.35994101059E+02   21.4651670          1017671  0.21550    
      110500  -1.67762987         1237562.        0.000000        44.52649     -1.59148792990E+07  2.96922653141E+04 -5.35994109262E+02   21.4545890          1018031  0.19842    
      110600  -1.67760931         1237889.        0.000000        44.77072     -1.59186160493E+07  2.96992366628E+04 -5.35994114261E+02   21.4568171          1018164  0.19389    
      110700  -1.67973413         1237891.        0.000000        45.34973     -1.59248997971E+07  2.97109603583E+04 -5.35994111435E+02   21.4568369          1017990  0.20215    
      110800  -1.67837639         1237651.        0.000000        44.18254     -1.59287388272E+07  2.97181226822E+04 -5.35994113678E+02   21.4641160          1017782  0.21174    
      110900  -1.67620293         1236674.        0.000000        45.25815     -1.59271500505E+07  2.97151582700E+04 -5.35994118077E+02   21.4684386          1017010  0.19799    
      111000  -1.67385750         1235960.        0.000000        44.92740     -1.59246856078E+07  2.97105607209E+04 -5.35994111907E+02   21.4679374          1016104  0.20381    
      111100  -1.67154720         1236609.        0.000000        44.68034     -1.59255902996E+07  2.97122478718E+04 -5.35994124992E+02   21.4584152          1016550  0.19681    
      111200  -1.67692556         1236658.        0.000000        44.99244     -1.59331274669E+07  2.97263094303E+04 -5.35994133556E+02   21.4653008          1016411  0.19467    
      111300  -1.67493606         1236385.        0.000000        42.87962     -1.59319379210E+07  2.97240903466E+04 -5.35994129179E+02   21.4688281          1016258  0.20319    
      111400  -1.67093934         1235482.        0.000000        41.62030     -1.59259565870E+07  2.97129315499E+04 -5.35994119604E+02   21.4634732          1015315  0.20001    
      111500  -1.66955034         1235209.        0.000000        42.41432     -1.59323211447E+07  2.97248067171E+04 -5.35994104059E+02   21.4650054          1014848  0.19537    
      111600  -1.67210535         1236868.        0.000000        42.00330     -1.59400286670E+07  2.97391864206E+04 -5.35994106954E+02   21.4548880          1016201  0.19851    
      111700  -1.67532803         1236725.        0.000000        43.82106     -1.59572909310E+07  2.97713923914E+04 -5.35994108748E+02   21.4718886          1015854  0.20691    
      111800  -1.67427120         1236517.        0.000000        45.31754     -1.59695504119E+07  2.97942652873E+04 -5.35994100135E+02   21.4804887          1015504  0.19349    
      111900  -1.67727025         1237754.        0.000000        45.94155     -1.59847553619E+07  2.98226330009E+04 -5.35994100902E+02   21.4821097          1016331  0.20129    
      112000  -1.67984838         1237599.        0.000000        45.30077     -1.59946521030E+07  2.98410973868E+04 -5.35994098864E+02   21.4957791          1016124  0.20200    
      112100  -1.67832003         1237195.        0.000000        45.47989     -1.59901004198E+07  2.98326061167E+04 -5.35994085036E+02   21.4962266          1015913  0.19388    
      112200  -1.67834096         1237312.        0.000000        45.24907     -1.59888828088E+07  2.98303343008E+04 -5.35994087348E+02   21.4932052          1015914  0.19987    
      112300  -1.67856732         1237961.        0.000000        43.49346     -1.59862094305E+07  2.98253460124E+04 -5.35994097902E+02   21.4903447          1016716  0.20371    
      112400  -1.68006331         1237715.        0.000000        42.68629     -1.59882454512E+07  2.98291446571E+04 -5.35994096881E+02   21.4948200          1016475  0.19631    
      112500  -1.67857951         1237504.        0.000000        42.88322     -1.59875473728E+07  2.98278423364E+04 -5.35994095465E+02   21.4954784          1016214  0.20081    
      112600  -1.67877153         1237941.        0.000000        41.34961     -1.59825039056E+07  2.98184324473E+04 -5.35994101427E+02   21.4945803          1016844  0.20550    
      112700  -1.68150839         1238386.        0.000000        42.54624     -1.59780823183E+07  2.98101827016E+04 -5.35994109069E+02   21.4896537          1017517  0.19388    
      112800  -1.67840552         1236770.        0.000000        42.26794     -1.59662617007E+07  2.97881297220E+04 -5.35994097305E+02   21.4917344          1016444  0.20018    
      112900  -1.67454501         1236155.        0.000000        41.53099     -1.59579263063E+07  2.97725778120E+04 -5.35994108640E+02   21.4832474          1015653  0.20193    
      113000  -1.67380137         1236450.        0.000000        41.95574     -1.59556171910E+07  2.97682697021E+04 -5.35994108851E+02   21.4793855          1015873  0.19249    
      113100  -1.67555257         1237360.        0.000000        41.84716     -1.59584425220E+07  2.97735409420E+04 -5.35994108092E+02   21.4746930          1016692  0.20104    
      113200  -1.67891800         1237867.        0.000000        42.40672     -1.59647994549E+07  2.97854007552E+04 -5.35994112891E+02   21.4749591          1017118  0.20248    
      113300  -1.67909823         1237233.        0.000000        42.02749     -1.59638311397E+07  2.97835939171E+04 -5.35994117572E+02   21.4826183          1016750  0.19379    
      113400  -1.67761536         1237311.        0.000000        42.68280     -1.59601368040E+07  2.97767009380E+04 -5.35994126320E+02   21.4752475          1016726  0.19940    
      113500  -1.67765026         1237399.        0.000000        41.91399     -1.59617262168E+07  2.97796658741E+04 -5.35994133859E+02   21.4770574          1016682  0.20179    
      113600  -1.68069770         1238150.        0.000000        42.28648     -1.59673012428E+07  2.97900671097E+04 -5.35994134690E+02   21.4792436          1017149  0.19170    
      113700  -1.68164837         1238150.        0.000000        43.24487     -1.59671154852E+07  2.97897210184E+04 -5.35994126141E+02   21.4805374          1017347  0.20251    
      113800  -1.68073889         1238042.        0.000000        43.80882     -1.59636205129E+07  2.97832009508E+04 -5.35994117600E+02   21.4847854          1017463  0.19373    
      113900  -1.67947222         1237287.        0.000000        43.54008     -1.59558884066E+07  2.97687748677E+04 -5.35994123959E+02   21.4803091          1016716  0.19907    
      114000  -1.67659015         1236588.        0.000000        43.54298     -1.59470107877E+07  2.97522117324E+04 -5.35994128138E+02   21.4744893          1016210  0.20117    
      114100  -1.67688639         1237007.        0.000000        42.89838     -1.59456502971E+07  2.97496738213E+04 -5.35994121913E+02   21.4691776          1016622  0.19632    
      114200  -1.67612823         1236999.        0.000000        43.24169     -1.59457185723E+07  2.97498006460E+04 -5.35994131928E+02   21.4707698          1016680  0.19825    
      114300  -1.67753154         1237139.        0.000000        43.11892     -1.59447849365E+07  2.97480592100E+04 -5.35994123985E+02   21.4701339          1016710  0.20062    
      114400  -1.67663686         1237303.        0.000000        43.56846     -1.59448345313E+07  2.97481520477E+04 -5.35994118416E+02   21.4676196          1017006  0.19469    
      114500  -1.67831611         1237719.        0.000000        44.49786     -1.59461658842E+07  2.97506359008E+04 -5.35994119162E+02   21.4670861          1017371  0.19744    
      114600  -1.68055835         1238135.        0.000000        43.20006     -1.59533525671E+07  2.97640434409E+04 -5.35994129924E+02   21.4687957          1017570  0.20671    
      114700  -1.67769771         1237048.        0.000000        42.84448     -1.59562231838E+07  2.97693982136E+04 -5.35994146382E+02   21.4750903          1016342  0.19823    
      114800  -1.67663619         1237264.        0.000000        43.42738     -1.59541422895E+07  2.97655160723E+04 -5.35994143384E+02   21.4803009          1016804  0.19740    
      114900  -1.67864350         1238321.        0.000000        42.48577     -1.59534024848E+07  2.97641366794E+04 -5.35994127990E+02   21.4733519          1017862  0.20453    
      115000  -1.68340474         1238919.        0.000000        42.71175     -1.59516133293E+07  2.97607988604E+04 -5.35994124489E+02   21.4699127          1018483  0.20010    
      115100  -1.68257315         1237512.        0.000000        41.94896     -1.59448130521E+07  2.97481114331E+04 -5.35994128164E+02   21.4788427          1017462  0.20235    
      115200  -1.67906409         1237352.        0.000000        42.96519     -1.59350514607E+07  2.97298998025E+04 -5.35994119272E+02   21.4682104          1017539  0.19764    
      115300  -1.67816512         1237705.        0.000000        42.65530     -1.59342445694E+07  2.97283944683E+04 -5.35994117892E+02   21.4658130          1017833  0.19427    
      115400  -1.67565661         1236791.        0.000000        43.22227     -1.59309532531E+07  2.97222534327E+04 -5.35994126059E+02   21.4662732          1017014  0.19681    
      115500  -1.67633668         1237792.        0.000000        44.66084     -1.59354385960E+07  2.97306219836E+04 -5.35994120971E+02   21.4589535          1017609  0.19974    
      115600  -1.68002334         1238450.        0.000000        44.98022     -1.59453378114E+07  2.97490914340E+04 -5.35994110838E+02   21.4682307          1018299  0.19458    
      115700  -1.68046707         1237016.        0.000000        43.05925     -1.59417675000E+07  2.97424302254E+04 -5.35994112760E+02   21.4745156          1017011  0.19769    
      115800  -1.67694974         1236359.        0.000000        43.79385     -1.59373750867E+07  2.97342352018E+04 -5.35994115152E+02   21.4740762          1016435  0.20198    
      115900  -1.67348231         1236135.        0.000000        43.31449     -1.59303953315E+07  2.97212136400E+04 -5.35994105907E+02   21.4662511          1016077  0.19541    
      116000  -1.67325992         1236501.        0.000000        43.31997     -1.59317676413E+07  2.97237743758E+04 -5.35994098188E+02   21.4655149          1016296  0.19787    
      116100  -1.67472808         1237024.        0.000000        42.26632     -1.59357694900E+07  2.97312407672E+04 -5.35994095060E+02   21.4636109          1016527  0.20191    
      116200  -1.67839635         1238340.        0.000000        43.78004     -1.59497964871E+07  2.97574110176E+04 -5.35994091610E+02   21.4662170          1017484  0.19762    
      116300  -1.68053345         1237986.        0.000000        42.78619     -1.59516694616E+07  2.97609049189E+04 -5.35994100485E+02   21.4795444          1017412  0.19957    
      116400  -1.67726292         1237003.        0.000000        43.40545     -1.59422064284E+07  2.97432504639E+04 -5.35994088733E+02   21.4725596          1016613  0.20399    
      116500  -1.67668813         1237533.        0.000000        44.10105     -1.59443593889E+07  2.97472674463E+04 -5.35994084757E+02   21.4685641          1016940  0.19499    
      116600  -1.67768381         1237346.        0.000000        43.76287     -1.59493883787E+07  2.97566494768E+04 -5.35994094064E+02   21.4728298          1016478  0.20142    
      116700  -1.67746262         1236767.        0.000000        43.49354     -1.59541657980E+07  2.97655623393E+04 -5.35994100031E+02   21.4830649          1016044  0.20832    
      116800  -1.67608060         1236959.        0.000000        43.71186     -1.59531676995E+07  2.97637003931E+04 -5.35994096460E+02   21.4803193          1016154  0.19637    
      116900  -1.67464892         1236873.        0.000000        42.50034     -1.59470219544E+07  2.97522340170E+04 -5.35994101998E+02   21.4788141          1016198  0.19851    
      117000  -1.67607591         1237280.        0.000000        42.80217     -1.59463781358E+07  2.97510325711E+04 -5.35994107017E+02   21.4691943          1016388  0.19953    
      117100  -1.67845370         1237907.        0.000000        42.84963     -1.59493125970E+07  2.97565071076E+04 -5.35994111786E+02   21.4782661          1017284  0.19461    
      117200  -1.68034446         1238410.        0.000000        43.63625     -1.59428701163E+07  2.97444873576E+04 -5.35994112949E+02   21.4667938          1017820  0.20194    
      117300  -1.68161660         1238563.        0.000000        42.83537     -1.59500630143E+07  2.97579070473E+04 -5.35994113732E+02   21.4752174          1017988  0.20064    
      117400  -1.68101089         1237744.        0.000000        42.70555     -1.59451848581E+07  2.97488057116E+04 -5.35994117301E+02   21.4789756          1017408  0.19797    
      117500  -1.67845236         1237930.        0.000000        43.33701     -1.59363540261E+07  2.97323305595E+04 -5.35994108979E+02   21.4720435          1017915  0.19571    
      117600  -1.68063711         1238712.        0.000000        42.95871     -1.59326855521E+07  2.97254867236E+04 -5.35994101636E+02   21.4607883          1018546  0.20646    
      117700  -1.68199208         1237898.        0.000000        43.65251     -1.59345207499E+07  2.97289101641E+04 -5.35994110177E+02   21.4675791          1017862  0.19261    
      117800  -1.67969335         1237723.        0.000000        43.85145     -1.59328778723E+07  2.97258447877E+04 -5.35994115091E+02   21.4645936          1017724  0.19784    
      117900  -1.68001038         1237894.        0.000000        43.75888     -1.59306880584E+07  2.97217595390E+04 -5.35994110223E+02   21.4690051          1018146  0.20820    
      118000  -1.68120291         1238464.        0.000000        42.71675     -1.59211451731E+07  2.97039565404E+04 -5.35994090599E+02   21.4626615          1019006  0.19425    
      118100  -1.67946621         1237936.        0.000000        43.12598     -1.59175043671E+07  2.96971637088E+04 -5.35994094360E+02   21.4606986          1018436  0.20945    
      118200  -1.67895910         1237545.        0.000000        43.32355     -1.59198645695E+07  2.97015667333E+04 -5.35994101337E+02   21.4630680          1017932  0.19840    
      118300  -1.68034479         1238497.        0.000000        42.53128     -1.59195578532E+07  2.97009940333E+04 -5.35994109673E+02   21.4583632          1018611  0.19362    
      118400  -1.68294837         1238601.        0.000000        41.30531     -1.59175021383E+07  2.96971588375E+04 -5.35994107228E+02   21.4573247          1018734  0.19783    
      118500  -1.68048737         1238028.        0.000000        41.32860     -1.59130875651E+07  2.96889225203E+04 -5.35994108720E+02   21.4593205          1018484  0.20571    
      118600  -1.67810290         1237023.        0.000000        41.99180     -1.59048411367E+07  2.96735379169E+04 -5.35994096195E+02   21.4561444          1017404  0.19324    
      118700  -1.67754991         1237275.        0.000000        42.16893     -1.59044630323E+07  2.96728323931E+04 -5.35994097956E+02   21.4501967          1017656  0.20124    
      118800  -1.67735421         1236804.        0.000000        41.70212     -1.59098736826E+07  2.96829267269E+04 -5.35994102907E+02   21.4530358          1017056  0.19830    
      118900  -1.67769190         1237737.        0.000000        41.77302     -1.59115271633E+07  2.96860111009E+04 -5.35994112148E+02   21.4543913          1017958  0.19329    
      119000  -1.68039276         1238002.        0.000000        40.85202     -1.59139309299E+07  2.96904956016E+04 -5.35994115539E+02   21.4541387          1018066  0.20416    
      119100  -1.67955748         1236985.        0.000000        41.37386     -1.59152382320E+07  2.96929339285E+04 -5.35994128109E+02   21.4649223          1017235  0.19861    
      119200  -1.67715875         1236980.        0.000000        42.25197     -1.59134972132E+07  2.96896855366E+04 -5.35994131483E+02   21.4615704          1017203  0.19749    
      119300  -1.67677570         1237856.        0.000000        41.70506     -1.59128270482E+07  2.96884352302E+04 -5.35994131211E+02   21.4517863          1017923  0.19842    
      119400  -1.68150305         1238903.        0.000000        41.34598     -1.59237547840E+07  2.97088234454E+04 -5.35994123537E+02   21.4531913          1018755  0.20426    
      119500  -1.68376570         1239077.        0.000000        43.64877     -1.59255580935E+07  2.97121880311E+04 -5.35994120554E+02   21.4587861          1018994  0.19305    
      119600  -1.68235624         1238241.        0.000000        43.62926     -1.59207419287E+07  2.97032025576E+04 -5.35994120426E+02   21.4589832          1018303  0.19973    
      119700  -1.67916584         1237220.        0.000000        45.44210     -1.59155006978E+07  2.96934234522E+04 -5.35994130937E+02   21.4606583          1017637  0.20025    
      119800  -1.67765802         1237071.        0.000000        45.61981     -1.59148277503E+07  2.96921678103E+04 -5.35994133266E+02   21.4566447          1017501  0.20003    
      119900  -1.67565931         1236684.        0.000000        45.39875     -1.59206396909E+07  2.97030115433E+04 -5.35994125299E+02   21.4635619          1016980  0.20286    
      120000  -1.67562016         1236679.        0.000000        46.55773     -1.59251172958E+07  2.97113640677E+04 -5.35994148888E+02   21.4611967          1016649  0.19555    
      120100  -1.67565614         1237002.        0.000000        48.07751     -1.59341443714E+07  2.97282054272E+04 -5.35994155800E+02   21.4727874          1017026  0.19794    
      120200  -1.68017342         1238428.        0.000000        47.51809     -1.59348124611E+07  2.97294517464E+04 -5.35994158152E+02   21.4591097          1018190  0.20530    
      120300  -1.68257044         1238559.        0.000000        48.04071     -1.59418842503E+07  2.97426457304E+04 -5.35994154479E+02   21.4657433          1018373  0.19760    
      120400  -1.68121138         1237953.        0.000000        46.94160     -1.59370790202E+07  2.97336808772E+04 -5.35994150407E+02   21.4714488          1018119  0.19381    
      120500  -1.68019800         1237833.        0.000000        47.43091     -1.59289565136E+07  2.97185266002E+04 -5.35994153676E+02   21.4616238          1018071  0.20087    
      120600  -1.67777503         1237284.        0.000000        46.62630     -1.59270874011E+07  2.97150392294E+04 -5.35994156972E+02   21.4647955          1017594  0.19958    
      120700  -1.67825758         1237669.        0.000000        45.38613     -1.59284984582E+07  2.97176718154E+04 -5.35994157186E+02   21.4597356          1017888  0.19218    
      120800  -1.67988241         1238131.        0.000000        45.00454     -1.59293201737E+07  2.97192053451E+04 -5.35994148858E+02   21.4601827          1018283  0.20017    
      120900  -1.68076068         1238046.        0.000000        44.47192     -1.59298362342E+07  2.97201684647E+04 -5.35994143273E+02   21.4628930          1018345  0.20138    
      121000  -1.67910150         1236940.        0.000000        45.57173     -1.59242054105E+07  2.97096632403E+04 -5.35994140415E+02   21.4702714          1017502  0.19402    
      121100  -1.67697656         1237104.        0.000000        46.14263     -1.59123983854E+07  2.96876347365E+04 -5.35994144589E+02   21.4571209          1017838  0.21038    
      121200  -1.67653905         1237123.        0.000000        46.63060     -1.59093511580E+07  2.96819494130E+04 -5.35994147034E+02   21.4498606          1017845  0.20624    
      121300  -1.67929726         1238165.        0.000000        48.64042     -1.59147892221E+07  2.96920945575E+04 -5.35994158016E+02   21.4501475          1018656  0.19373    
      121400  -1.68223877         1238740.        0.000000        47.16117     -1.59207925425E+07  2.97032946876E+04 -5.35994161926E+02   21.4545592          1019029  0.20895    
      121500  -1.68159745         1237442.        0.000000        46.39910     -1.59186779171E+07  2.96993498310E+04 -5.35994155014E+02   21.4668627          1017986  0.20303    
      121600  -1.67869676         1237688.        0.000000        46.35934     -1.59152884355E+07  2.96930254857E+04 -5.35994166143E+02   21.4543722          1018113  0.19513    
      121700  -1.68086970         1238217.        0.000000        46.66534     -1.59199205755E+07  2.97016676992E+04 -5.35994164932E+02   21.4586503          1018559  0.20887    
      121800  -1.68200552         1238618.        0.000000        46.57300     -1.59164776143E+07  2.96952448495E+04 -5.35994153105E+02   21.4548990          1019198  0.20471    
      121900  -1.68268784         1238263.        0.000000        47.09390     -1.59096379207E+07  2.96824846233E+04 -5.35994143437E+02   21.4548038          1018856  0.20028    
      122000  -1.68003133         1237244.        0.000000        47.93785     -1.59016564073E+07  2.96675933617E+04 -5.35994147334E+02   21.4521320          1018186  0.20370    
      122100  -1.67791567         1237243.        0.000000        46.48002     -1.58995727338E+07  2.96637059059E+04 -5.35994146661E+02   21.4494350          1018261  0.20001    
      122200  -1.67733278         1236243.        0.000000        46.83690     -1.58998712121E+07  2.96642627710E+04 -5.35994146723E+02   21.4493260          1017062  0.19132    
      122300  -1.67161293         1235726.        0.000000        48.60053     -1.58975129582E+07  2.96598641699E+04 -5.35994125501E+02   21.4449699          1016555  0.19645    
      122400  -1.67373333         1236789.        0.000000        47.51216     -1.59044706174E+07  2.96728454917E+04 -5.35994116971E+02   21.4448667          1017359  0.19518    
      122500  -1.67708690         1237521.        0.000000        47.72076     -1.59104559239E+07  2.96840123439E+04 -5.35994114932E+02   21.4488026          1018005  0.19537    
      122600  -1.68210568         1238770.        0.000000        46.53083     -1.59174949610E+07  2.96971448458E+04 -5.35994118075E+02   21.4480786          1019047  0.20513    
      122700  -1.68168379         1238400.        0.000000        47.22518     -1.59151214959E+07  2.96927164987E+04 -5.35994121541E+02   21.4507573          1018708  0.20456    
      122800  -1.67965836         1237419.        0.000000        47.11885     -1.59116845778E+07  2.96863047230E+04 -5.35994113321E+02   21.4547499          1018065  0.19692    
      122900  -1.67845915         1237504.        0.000000        47.14540     -1.59114577229E+07  2.96858818277E+04 -5.35994107073E+02   21.4545938          1018153  0.20018    
      123000  -1.68031498         1238275.        0.000000        46.45993     -1.59085856762E+07  2.96805232266E+04 -5.35994111517E+02   21.4473109          1018875  0.21106    
      123100  -1.67750075         1237144.        0.000000        48.36505     -1.59027144688E+07  2.96695695584E+04 -5.35994107953E+02   21.4529285          1018049  0.19485    
      123200  -1.67525883         1236719.        0.000000        47.25598     -1.58947263873E+07  2.96546661218E+04 -5.35994110403E+02   21.4468831          1017779  0.19953    
      123300  -1.67536922         1236786.        0.000000        46.06120     -1.58907795724E+07  2.96473020273E+04 -5.35994120403E+02   21.4421012          1018049  0.20181    
      123400  -1.67670243         1237771.        0.000000        46.53496     -1.58939986630E+07  2.96533086287E+04 -5.35994106492E+02   21.4351029          1018763  0.19627    
      123500  -1.68001951         1238203.        0.000000        46.67414     -1.59031371161E+07  2.96703581498E+04 -5.35994106839E+02   21.4447306          1018943  0.20361    
      123600  -1.67979986         1238165.        0.000000        45.84242     -1.59034911390E+07  2.96710180163E+04 -5.35994118244E+02   21.4438047          1018798  0.20234    
      123700  -1.68131675         1238059.        0.000000        45.17068     -1.58984681469E+07  2.96616472061E+04 -5.35994108365E+02   21.4465483          1018998  0.19664    
      123800  -1.68121307         1237793.        0.000000        45.48308     -1.58907005237E+07  2.96471566275E+04 -5.35994082783E+02   21.4441227          1018900  0.20415    
      123900  -1.67622767         1236545.        0.000000        45.29929     -1.58819798718E+07  2.96308863067E+04 -5.35994087636E+02   21.4462223          1017932  0.20355    
      124000  -1.67882621         1237884.        0.000000        46.50372     -1.58829556131E+07  2.96327064947E+04 -5.35994092067E+02   21.4343895          1018966  0.19358    
      124100  -1.67822900         1237568.        0.000000        45.94001     -1.58892904468E+07  2.96445251164E+04 -5.35994096194E+02   21.4382192          1018551  0.20002    
      124200  -1.67730499         1237357.        0.000000        47.47377     -1.58932886293E+07  2.96519843046E+04 -5.35994099620E+02   21.4448062          1018315  0.20609    
      124300  -1.67672023         1237646.        0.000000        47.41194     -1.58913399870E+07  2.96483493174E+04 -5.35994089146E+02   21.4426193          1018626  0.19390    
      124400  -1.67967826         1238056.        0.000000        46.44026     -1.58948934834E+07  2.96549790651E+04 -5.35994088833E+02   21.4451831          1018959  0.20997    
      124500  -1.68071490         1238231.        0.000000        46.60754     -1.58912823061E+07  2.96482417928E+04 -5.35994087513E+02   21.4443168          1019268  0.20113    
      124600  -1.67969804         1237220.        0.000000        47.17455     -1.58909026322E+07  2.96475327472E+04 -5.35994100006E+02   21.4507596          1018448  0.19255    
      124700  -1.67662136         1237206.        0.000000        47.57777     -1.58862665571E+07  2.96388833624E+04 -5.35994098117E+02   21.4396560          1018296  0.20038    
      124800  -1.67676070         1237089.        0.000000        46.96056     -1.58862445009E+07  2.96388417300E+04 -5.35994106841E+02   21.4394876          1018114  0.20137    
      124900  -1.67956876         1238233.        0.000000        46.47350     -1.58892200049E+07  2.96443931690E+04 -5.35994105675E+02   21.4381597          1019146  0.19875    
      125000  -1.67983848         1237693.        0.000000        45.22718     -1.58894399063E+07  2.96448034757E+04 -5.35994104980E+02   21.4403080          1018588  0.20107    
      125100  -1.67639722         1236505.        0.000000        44.92343     -1.58884817575E+07  2.96430157842E+04 -5.35994106443E+02   21.4463868          1017530  0.19818    
      125200  -1.67402153         1236363.        0.000000        43.64117     -1.58852271054E+07  2.96369438028E+04 -5.35994102871E+02   21.4405314          1017244  0.19529    
      125300  -1.67400928         1236834.        0.000000        45.14710     -1.58878022319E+07  2.96417483091E+04 -5.35994100826E+02   21.4382153          1017755  0.20491    
      125400  -1.67489677         1236972.        0.000000        44.23570     -1.58945942004E+07  2.96544199160E+04 -5.35994102916E+02   21.4411732          1017768  0.20957    
      125500  -1.67580900         1237465.        0.000000        44.23319     -1.58958146223E+07  2.96566964939E+04 -5.35994109309E+02   21.4382257          1018219  0.19393    
      125600  -1.68106238         1238962.        0.000000        45.22880     -1.59013306724E+07  2.96669877523E+04 -5.35994109182E+02   21.4360475          1019489  0.20348    
      125700  -1.68648802         1239894.        0.000000        45.10661     -1.59036856323E+07  2.96713812189E+04 -5.35994112138E+02   21.4418962          1020598  0.20396    
      125800  -1.68544653         1238531.        0.000000        45.17793     -1.58967647725E+07  2.96584689001E+04 -5.35994114398E+02   21.4433662          1019443  0.19835    
      125900  -1.68017705         1237811.        0.000000        45.24822     -1.58884496908E+07  2.96429557652E+04 -5.35994109921E+02   21.4405848          1018880  0.20468    
      126000  -1.67594596         1236377.        0.000000        44.52312     -1.58814928088E+07  2.96299755046E+04 -5.35994125487E+02   21.4436613          1017520  0.20320    
      126100  -1.67338835         1236377.        0.000000        44.65612     -1.58796448400E+07  2.96265272601E+04 -5.35994134600E+02   21.4412542          1017462  0.19420    
      126200  -1.67630330         1237614.        0.000000        44.39978     -1.58825197636E+07  2.96318922207E+04 -5.35994112199E+02   21.4364807          1018382  0.20615    
      126300  -1.68013050         1238053.        0.000000        43.76450     -1.58837340624E+07  2.96341576153E+04 -5.35994114244E+02   21.4377854          1018743  0.20427    
      126400  -1.68010751         1237560.        0.000000        42.97632     -1.58786625709E+07  2.96246954077E+04 -5.35994120862E+02   21.4381859          1018537  0.19959    
      126500  -1.67987212         1238445.        0.000000        43.41465     -1.58786241166E+07  2.96246232850E+04 -5.35994127718E+02   21.4343443          1019555  0.19695    
      126600  -1.68126912         1238034.        0.000000        43.29060     -1.58764285388E+07  2.96205273313E+04 -5.35994121955E+02   21.4341204          1019312  0.19763    
      126700  -1.68156653         1238716.        0.000000        45.18512     -1.58796320249E+07  2.96265038183E+04 -5.35994126149E+02   21.4299075          1019998  0.19348    
      126800  -1.68365051         1239505.        0.000000        43.43562     -1.58797792524E+07  2.96267784459E+04 -5.35994127118E+02   21.4296519          1020884  0.20349    
      126900  -1.68502128         1239175.        0.000000        42.37618     -1.58714672527E+07  2.96112710081E+04 -5.35994123600E+02   21.4274168          1020808  0.20045    
      127000  -1.68229987         1238081.        0.000000        43.20651     -1.58645718413E+07  2.95984072007E+04 -5.35994107174E+02   21.4290336          1020022  0.19882    
      127100  -1.67783092         1236764.        0.000000        42.83455     -1.58539634354E+07  2.95786153506E+04 -5.35994104100E+02   21.4251248          1018855  0.20419    
      127200  -1.67271619         1236181.        0.000000        43.62293     -1.58480701787E+07  2.95676200393E+04 -5.35994109695E+02   21.4180956          1018242  0.20577    
      127300  -1.67295864         1236539.        0.000000        43.35521     -1.58553857473E+07  2.95812688748E+04 -5.35994105404E+02   21.4178969          1018172  0.19912    
      127400  -1.67389163         1236458.        0.000000        42.65527     -1.58670831655E+07  2.96030922311E+04 -5.35994113103E+02   21.4301444          1017981  0.19835    
      127500  -1.67705047         1237640.        0.000000        43.22761     -1.58739800693E+07  2.96159597862E+04 -5.35994112090E+02   21.4255674          1018949  0.20422    
      127600  -1.68077247         1238215.        0.000000        43.38238     -1.58833274395E+07  2.96333990550E+04 -5.35994112926E+02   21.4324599          1019361  0.19622    
      127700  -1.68018980         1238192.        0.000000        42.81502     -1.58861350974E+07  2.96386370915E+04 -5.35994116338E+02   21.4309826          1019241  0.19859    
      127800  -1.68271852         1239102.        0.000000        42.38932     -1.58932148803E+07  2.96518459552E+04 -5.35994113293E+02   21.4312290          1019905  0.19767    
      127900  -1.68273355         1238026.        0.000000        42.13749     -1.58935939233E+07  2.96525534181E+04 -5.35994108136E+02   21.4450892          1019159  0.20093    
      128000  -1.67795467         1236881.        0.000000        44.59964     -1.58864632808E+07  2.96392503884E+04 -5.35994098118E+02   21.4479512          1018069  0.20005    
      128100  -1.67492493         1236582.        0.000000        44.90093     -1.58833511081E+07  2.96334438204E+04 -5.35994101946E+02   21.4422688          1017953  0.19639    
      128200  -1.67558409         1236629.        0.000000        45.31088     -1.58873728364E+07  2.96409470646E+04 -5.35994103084E+02   21.4443547          1017810  0.19763    
      128300  -1.67626976         1237321.        0.000000        44.75175     -1.58853967481E+07  2.96372593341E+04 -5.35994120409E+02   21.4339284          1018313  0.20163    
      128400  -1.67808691         1236823.        0.000000        43.34289     -1.58922645580E+07  2.96500721419E+04 -5.35994127837E+02   21.4449174          1017792  0.20640    
      128500  -1.67344063         1235609.        0.000000        43.69111     -1.58881548469E+07  2.96424049268E+04 -5.35994123492E+02   21.4475984          1016737  0.20047    
      128600  -1.67264438         1236679.        0.000000        42.08821     -1.58896004294E+07  2.96451014141E+04 -5.35994132974E+02   21.4366485          1017430  0.19468    
      128700  -1.67639161         1237531.        0.000000        40.82168     -1.59006687335E+07  2.96657514837E+04 -5.35994132569E+02   21.4385267          1017860  0.19958    
      128800  -1.67700360         1236896.        0.000000        40.76882     -1.59031449554E+07  2.96703711276E+04 -5.35994136609E+02   21.4490412          1017505  0.19365    
      128900  -1.67678805         1236872.        0.000000        41.66166     -1.59041732219E+07  2.96722893646E+04 -5.35994140071E+02   21.4540832          1017516  0.20102    
      129000  -1.67710919         1236931.        0.000000        41.81169     -1.59028803481E+07  2.96698771161E+04 -5.35994142675E+02   21.4543259          1017624  0.20241    
      129100  -1.67621458         1237285.        0.000000        42.55198     -1.59015807390E+07  2.96674530957E+04 -5.35994130932E+02   21.4493972          1017883  0.19305    
      129200  -1.67796349         1237533.        0.000000        41.63371     -1.59052166987E+07  2.96742379080E+04 -5.35994108695E+02   21.4524333          1018249  0.19919    
      129300  -1.68003718         1238509.        0.000000        42.69593     -1.59093777843E+07  2.96820008717E+04 -5.35994114855E+02   21.4494082          1019072  0.20200    
      129400  -1.68301778         1238579.        0.000000        43.27935     -1.59196333395E+07  2.97011344885E+04 -5.35994116510E+02   21.4557953          1018919  0.19587    
      129500  -1.68301010         1238742.        0.000000        44.13157     -1.59198896942E+07  2.97016122558E+04 -5.35994125743E+02   21.4573392          1019410  0.20788    
      129600  -1.68095842         1237665.        0.000000        44.46375     -1.59108695890E+07  2.96847837818E+04 -5.35994120960E+02   21.4558455          1018598  0.20154    
      129700  -1.67700988         1237534.        0.000000        43.82167     -1.59048626458E+07  2.96735768272E+04 -5.35994118216E+02   21.4479127          1018593  0.19403    
      129800  -1.67735792         1237398.        0.000000        44.10949     -1.59064607902E+07  2.96765584481E+04 -5.35994118658E+02   21.4503395          1018398  0.20064    
      129900  -1.67570247         1236923.        0.000000        43.53686     -1.59050971801E+07  2.96740146079E+04 -5.35994114386E+02   21.4502486          1017958  0.20693    
      130000  -1.67416353         1236679.        0.000000        44.30367     -1.59079581946E+07  2.96793524109E+04 -5.35994113833E+02   21.4481817          1017360  0.20310    
      130100  -1.67471761         1236998.        0.000000        43.32639     -1.59149850298E+07  2.96924628044E+04 -5.35994105126E+02   21.4510389          1017421  0.19648    
      130200  -1.67753729         1237697.        0.000000        43.42668     -1.59282782647E+07  2.97172635745E+04 -5.35994110790E+02   21.4588539          1017899  0.20093    
      130300  -1.67831301         1237255.        0.000000        43.89226     -1.59308349003E+07  2.97220339487E+04 -5.35994102144E+02   21.4646042          1017618  0.19229    
      130400  -1.67794384         1237735.        0.000000        43.78755     -1.59284055771E+07  2.97175016689E+04 -5.35994100532E+02   21.4567253          1018111  0.20256    
      130500  -1.67758709         1236838.        0.000000        43.42422     -1.59291553909E+07  2.97189008454E+04 -5.35994095936E+02   21.4675978          1017363  0.20241    
      130600  -1.67623981         1237060.        0.000000        42.28803     -1.59255981138E+07  2.97122645867E+04 -5.35994086459E+02   21.4597371          1017548  0.19537    
      130700  -1.67766479         1237717.        0.000000        43.23824     -1.59269994768E+07  2.97148799637E+04 -5.35994070858E+02   21.4590274          1018113  0.20303    
      130800  -1.67779025         1237013.        0.000000        43.18405     -1.59298167469E+07  2.97201353000E+04 -5.35994085697E+02   21.4652387          1017204  0.19919    
      130900  -1.67676171         1237531.        0.000000        43.04112     -1.59281291357E+07  2.97169856234E+04 -5.35994105780E+02   21.4617903          1017730  0.19677    
      131000  -1.67664846         1237251.        0.000000        43.64604     -1.59253605059E+07  2.97118205907E+04 -5.35994098958E+02   21.4591023          1017384  0.20124    
      131100  -1.67756555         1237382.        0.000000        43.49425     -1.59281895317E+07  2.97170985201E+04 -5.35994101877E+02   21.4646366          1017681  0.20875    
      131200  -1.67822422         1237407.        0.000000        45.27046     -1.59253299620E+07  2.97117636274E+04 -5.35994098558E+02   21.4587179          1017699  0.19783    
      131300  -1.67695195         1237458.        0.000000        44.73795     -1.59245988885E+07  2.97103992296E+04 -5.35994106489E+02   21.4563996          1017752  0.20296    
      131400  -1.67785123         1237076.        0.000000        44.96554     -1.59250451278E+07  2.97112322847E+04 -5.35994097290E+02   21.4612475          1017390  0.19949    
      131500  -1.67791192         1237904.        0.000000        45.27524     -1.59246645011E+07  2.97105225770E+04 -5.35994089629E+02   21.4555038          1018132  0.19804    
      131600  -1.67915869         1237684.        0.000000        45.14338     -1.59275848830E+07  2.97159711095E+04 -5.35994089653E+02   21.4621090          1017909  0.21136    
      131700  -1.67796649         1237039.        0.000000        45.39963     -1.59276696183E+07  2.97161288740E+04 -5.35994095523E+02   21.4645534          1017281  0.21137    
      131800  -1.67908495         1238127.        0.000000        44.91655     -1.59311288305E+07  2.97225827804E+04 -5.35994094061E+02   21.4604749          1018410  0.20284    
      131900  -1.68332273         1239060.        0.000000        44.71955     -1.59347838754E+07  2.97294023736E+04 -5.35994086768E+02   21.4609433          1019192  0.19557    
      132000  -1.68300661         1238148.        0.000000        45.50871     -1.59256874538E+07  2.97124311779E+04 -5.35994088080E+02   21.4597988          1018485  0.20602    
      132100  -1.67963653         1237452.        0.000000        45.71123     -1.59184083299E+07  2.96988508861E+04 -5.35994082430E+02   21.4588210          1018038  0.20075    
      132200  -1.67727770         1236801.        0.000000        45.58016     -1.59069437627E+07  2.96774610417E+04 -5.35994091285E+02   21.4541357          1017599  0.20228    
      132300  -1.67679625         1237686.        0.000000        45.96431     -1.59068371344E+07  2.96772616907E+04 -5.35994098787E+02   21.4445250          1018437  0.20329    
      132400  -1.67896372         1237103.        0.000000        45.67348     -1.59121525361E+07  2.96871783283E+04 -5.35994103588E+02   21.4523386          1017747  0.21360    
      132500  -1.67472280         1236356.        0.000000        44.50239     -1.59102964604E+07  2.96837157849E+04 -5.35994097764E+02   21.4555195          1017103  0.20009    
      132600  -1.67487078         1236583.        0.000000        43.75369     -1.59137501162E+07  2.96901595661E+04 -5.35994091940E+02   21.4557167          1017027  0.20521    
      132700  -1.67621024         1236784.        0.000000        43.42361     -1.59147402465E+07  2.96920070908E+04 -5.35994087494E+02   21.4563517          1017411  0.19973    
      132800  -1.67664931         1237005.        0.000000        43.34180     -1.59109215306E+07  2.96848820357E+04 -5.35994096642E+02   21.4496225          1017414  0.19538    
      132900  -1.67633150         1236879.        0.000000        41.22983     -1.59150241731E+07  2.96925354458E+04 -5.35994112129E+02   21.4553641          1017419  0.20130    
      133000  -1.67687687         1236978.        0.000000        41.57355     -1.59185654439E+07  2.96991428662E+04 -5.35994103118E+02   21.4520023          1017334  0.20113    
      133100  -1.67346638         1235769.        0.000000        42.81072     -1.59213982286E+07  2.97044286928E+04 -5.35994090081E+02   21.4593312          1016170  0.19787    
      133200  -1.67255142         1235955.        0.000000        42.66714     -1.59283449365E+07  2.97173896890E+04 -5.35994079668E+02   21.4597664          1016078  0.19898    
      133300  -1.67194941         1236102.        0.000000        43.39934     -1.59298241456E+07  2.97201491079E+04 -5.35994085620E+02   21.4585061          1016065  0.21804    
      133400  -1.67360497         1237056.        0.000000        42.95233     -1.59374581568E+07  2.97343917120E+04 -5.35994087626E+02   21.4611573          1016803  0.19736    
      133500  -1.67775819         1237981.        0.000000        42.67087     -1.59450079343E+07  2.97484771041E+04 -5.35994090673E+02   21.4627869          1017519  0.20013    
      133600  -1.68197640         1238812.        0.000000        42.12629     -1.59560015038E+07  2.97689879090E+04 -5.35994087288E+02   21.4617869          1018158  0.20267    
      133700  -1.68473533         1239573.        0.000000        41.26724     -1.59633946050E+07  2.97827807693E+04 -5.35994094329E+02   21.4749477          1019221  0.19612    
      133800  -1.68658844         1239326.        0.000000        40.07667     -1.59597561906E+07  2.97759927573E+04 -5.35994091639E+02   21.4732118          1019046  0.20873    
      133900  -1.68387022         1238429.        0.000000        39.93028     -1.59514370124E+07  2.97604715078E+04 -5.35994095665E+02   21.4773876          1018525  0.20279    
      134000  -1.68085849         1237534.        0.000000        40.14844     -1.59419880778E+07  2.97428426140E+04 -5.35994097294E+02   21.4686841          1017624  0.19606    
      134100  -1.67894202         1237874.        0.000000        41.04587     -1.59390400442E+07  2.97373420325E+04 -5.35994105553E+02   21.4649223          1018003  0.19850    
      134200  -1.68067268         1238053.        0.000000        42.59422     -1.59381846086E+07  2.97357458032E+04 -5.35994110054E+02   21.4658628          1018325  0.20229    
      134300  -1.67835626         1236657.        0.000000        41.72656     -1.59314139801E+07  2.97231136084E+04 -5.35994115219E+02   21.4680877          1017029  0.19558    
      134400  -1.67613328         1236836.        0.000000        42.85616     -1.59270595646E+07  2.97149890716E+04 -5.35994124925E+02   21.4630143          1017064  0.20365    
      134500  -1.67460750         1236541.        0.000000        43.23896     -1.59259869447E+07  2.97129881646E+04 -5.35994120027E+02   21.4579836          1016718  0.19934    
      134600  -1.67595237         1237620.        0.000000        43.16237     -1.59330599690E+07  2.97261845366E+04 -5.35994114864E+02   21.4573978          1017611  0.19996    
      134700  -1.67618867         1237207.        0.000000        42.71117     -1.59355821242E+07  2.97308900614E+04 -5.35994115592E+02   21.4598322          1016956  0.19992    
      134800  -1.67819674         1237611.        0.000000        41.98303     -1.59375114035E+07  2.97344896590E+04 -5.35994112771E+02   21.4615893          1017454  0.19962    
      134900  -1.67986498         1239005.        0.000000        42.49086     -1.59366891829E+07  2.97329557010E+04 -5.35994111826E+02   21.4556124          1018974  0.20006    
      135000  -1.68329485         1238606.        0.000000        41.95062     -1.59382482743E+07  2.97358644297E+04 -5.35994112834E+02   21.4661418          1018851  0.20361    
      135100  -1.68070415         1237572.        0.000000        42.90504     -1.59272648690E+07  2.97153727577E+04 -5.35994113177E+02   21.4634376          1018203  0.21158    
      135200  -1.67454435         1236484.        0.000000        40.62568     -1.59179032160E+07  2.96979073521E+04 -5.35994103128E+02   21.4576627          1016902  0.19778    
      135300  -1.67574978         1237106.        0.000000        40.27293     -1.59249622248E+07  2.97110772215E+04 -5.35994104356E+02   21.4511811          1017132  0.20316    
      135400  -1.67942237         1238494.        0.000000        39.56658     -1.59383240883E+07  2.97360057589E+04 -5.35994114931E+02   21.4587063          1018337  0.19915    
      135500  -1.68350994         1238908.        0.000000        40.17655     -1.59431437677E+07  2.97449979190E+04 -5.35994112727E+02   21.4645464          1018682  0.19626    
      135600  -1.68133359         1237250.        0.000000        41.89015     -1.59355864571E+07  2.97308988408E+04 -5.35994103051E+02   21.4718973          1017412  0.21228    
      135700  -1.67749408         1237492.        0.000000        41.62888     -1.59263105584E+07  2.97135932776E+04 -5.35994095687E+02   21.4607524          1017663  0.20350    
      135800  -1.67675031         1237124.        0.000000        41.47631     -1.59251023221E+07  2.97113391293E+04 -5.35994094808E+02   21.4623707          1017314  0.19503    
      135900  -1.67652082         1237193.        0.000000        42.93582     -1.59250535003E+07  2.97112481898E+04 -5.35994092155E+02   21.4586702          1017288  0.20133    
      136000  -1.67823507         1237896.        0.000000        43.31095     -1.59349363504E+07  2.97296871297E+04 -5.35994081633E+02   21.4603791          1017589  0.20759    
      136100  -1.68074586         1238553.        0.000000        43.10024     -1.59379502981E+07  2.97353106595E+04 -5.35994073868E+02   21.4581920          1018362  0.19589    
      136200  -1.68128964         1237239.        0.000000        42.34550     -1.59366282313E+07  2.97328433110E+04 -5.35994087903E+02   21.4715650          1017367  0.20290    
      136300  -1.67643198         1237291.        0.000000        41.50512     -1.59282727184E+07  2.97172535924E+04 -5.35994104197E+02   21.4575924          1017454  0.20543    
      136400  -1.67744058         1237755.        0.000000        42.69967     -1.59320223759E+07  2.97242485269E+04 -5.35994118120E+02   21.4564450          1017723  0.19703    
      136500  -1.67959033         1237905.        0.000000        43.50766     -1.59399414287E+07  2.97390223585E+04 -5.35994130424E+02   21.4640473          1017794  0.20086    
      136600  -1.68001855         1237679.        0.000000        42.27819     -1.59419922396E+07  2.97428479647E+04 -5.35994140795E+02   21.4690478          1017636  0.20492    
      136700  -1.67679763         1236789.        0.000000        41.75933     -1.59347574851E+07  2.97293499364E+04 -5.35994144480E+02   21.4693265          1016899  0.19933    
      136800  -1.67421021         1236028.        0.000000        40.53223     -1.59339910008E+07  2.97279198018E+04 -5.35994146481E+02   21.4692690          1016020  0.19751    
      136900  -1.67523118         1237738.        0.000000        41.99521     -1.59359621938E+07  2.97315978943E+04 -5.35994138304E+02   21.4620168          1017564  0.20434    
      137000  -1.67794537         1237348.        0.000000        42.08409     -1.59405810507E+07  2.97402152610E+04 -5.35994138268E+02   21.4718934          1017024  0.20209    
      137100  -1.67829604         1237249.        0.000000        43.23735     -1.59421988795E+07  2.97432339352E+04 -5.35994132789E+02   21.4716399          1016899  0.20047    
      137200  -1.67526820         1236102.        0.000000        43.02698     -1.59389125984E+07  2.97371034047E+04 -5.35994120928E+02   21.4752984          1015899  0.20478    
      137300  -1.67390866         1236695.        0.000000        43.18661     -1.59414142627E+07  2.97417714343E+04 -5.35994108417E+02   21.4703935          1016336  0.20695    
      137400  -1.67828709         1238006.        0.000000        42.89220     -1.59563050475E+07  2.97695532901E+04 -5.35994104179E+02   21.4780171          1017459  0.19654    
      137500  -1.67902690         1237411.        0.000000        41.77857     -1.59590753430E+07  2.97747221782E+04 -5.35994097526E+02   21.4845142          1016856  0.20212    
      137600  -1.67802546         1236900.        0.000000        42.68008     -1.59566311863E+07  2.97701617761E+04 -5.35994103974E+02   21.4827411          1016299  0.19793    
      137700  -1.67520535         1236604.        0.000000        43.94550     -1.59543892251E+07  2.97659788452E+04 -5.35994106161E+02   21.4846302          1016045  0.19619    
      137800  -1.67501999         1236759.        0.000000        43.42455     -1.59504520381E+07  2.97586327456E+04 -5.35994115539E+02   21.4743132          1016021  0.19915    
      137900  -1.67676884         1237135.        0.000000        43.72706     -1.59486776926E+07  2.97553227697E+04 -5.35994108213E+02   21.4694648          1016271  0.20196    
      138000  -1.67718518         1237555.        0.000000        42.64348     -1.59505542456E+07  2.97588241682E+04 -5.35994102302E+02   21.4710768          1016877  0.19593    
      138100  -1.67993834         1238154.        0.000000        44.45295     -1.59529527725E+07  2.97632998909E+04 -5.35994087720E+02   21.4737906          1017704  0.20510    
      138200  -1.68154675         1238297.        0.000000        44.28954     -1.59547861692E+07  2.97667209291E+04 -5.35994078999E+02   21.4767427          1018100  0.20272    
      138300  -1.68175681         1238267.        0.000000        45.71006     -1.59564108271E+07  2.97697524192E+04 -5.35994072183E+02   21.4734973          1017926  0.19951    
      138400  -1.67956730         1237610.        0.000000        45.42999     -1.59580758927E+07  2.97728589531E+04 -5.35994071576E+02   21.4790457          1017356  0.20476    
      138500  -1.68165854         1238074.        0.000000        45.26667     -1.59583303181E+07  2.97733334234E+04 -5.35994075342E+02   21.4807028          1017751  0.20235    
      138600  -1.67873204         1237258.        0.000000        44.05569     -1.59499978545E+07  2.97577871565E+04 -5.35994083519E+02   21.4795217          1017200  0.19613    
      138700  -1.67552804         1236748.        0.000000        45.56639     -1.59434862750E+07  2.97456384755E+04 -5.35994084918E+02   21.4722087          1016727  0.20567    
      138800  -1.67722110         1237960.        0.000000        45.77406     -1.59477710333E+07  2.97536321495E+04 -5.35994091516E+02   21.4659944          1017664  0.20504    
      138900  -1.67912445         1238008.        0.000000        46.30991     -1.59500555000E+07  2.97578946244E+04 -5.35994084976E+02   21.4702201          1017804  0.19416    
      139000  -1.68236718         1238804.        0.000000        45.87134     -1.59535383094E+07  2.97643924057E+04 -5.35994086220E+02   21.4679123          1018383  0.20887    
      139100  -1.68299903         1238500.        0.000000        45.01323     -1.59513270414E+07  2.97602674240E+04 -5.35994076066E+02   21.4702063          1018410  0.20390    
      139200  -1.68181870         1237882.        0.000000        45.99237     -1.59430298587E+07  2.97447872518E+04 -5.35994079358E+02   21.4686440          1018056  0.19919    
      139300  -1.67839208         1237019.        0.000000        45.64907     -1.59375405604E+07  2.97345453338E+04 -5.35994089751E+02   21.4631440          1017217  0.20241    
      139400  -1.67734897         1237143.        0.000000        45.64864     -1.59417597671E+07  2.97424171464E+04 -5.35994088465E+02   21.4675679          1017025  0.20343    
      139500  -1.67936102         1238290.        0.000000        45.34249     -1.59420132290E+07  2.97428905236E+04 -5.35994079538E+02   21.4631464          1018210  0.19745    
      139600  -1.67831179         1237112.        0.000000        44.37122     -1.59360437350E+07  2.97317537658E+04 -5.35994070868E+02   21.4635955          1017212  0.20230    
      139700  -1.67692093         1237455.        0.000000        43.38950     -1.59297713771E+07  2.97200512600E+04 -5.35994074766E+02   21.4568584          1017654  0.20498    
      139800  -1.67816217         1237778.        0.000000        42.16028     -1.59220625387E+07  2.97056688460E+04 -5.35994076460E+02   21.4498917          1018060  0.19772    
      139900  -1.67975056         1237878.        0.000000        43.21393     -1.59225607171E+07  2.97065983799E+04 -5.35994074903E+02   21.4514334          1018309  0.20341    
      140000  -1.67913298         1237302.        0.000000        42.79589     -1.59187922996E+07  2.96995676668E+04 -5.35994075005E+02   21.4533961          1017895  0.20970    
      140100  -1.67826250         1237370.        0.000000        41.69177     -1.59205810932E+07  2.97029048823E+04 -5.35994077222E+02   21.4486369          1017766  0.19655    
      140200  -1.67790703         1237691.        0.000000        42.19400     -1.59248969440E+07  2.97109566211E+04 -5.35994082824E+02   21.4505907          1018132  0.20671    
      140300  -1.67705353         1237088.        0.000000        43.21953     -1.59252952037E+07  2.97116998371E+04 -5.35994079469E+02   21.4549542          1017560  0.20349    
      140400  -1.67715802         1237499.        0.000000        43.87534     -1.59259478136E+07  2.97129175532E+04 -5.35994076821E+02   21.4519980          1017753  0.19803    
      140500  -1.67950740         1238331.        0.000000        43.15314     -1.59294020867E+07  2.97193618814E+04 -5.35994081915E+02   21.4480590          1018448  0.20568    
      140600  -1.68054742         1238402.        0.000000        43.07752     -1.59321933180E+07  2.97245692212E+04 -5.35994086222E+02   21.4545051          1018443  0.20301    
      140700  -1.67986480         1237471.        0.000000        43.42404     -1.59338724382E+07  2.97277015974E+04 -5.35994092447E+02   21.4617358          1017525  0.19916    
      140800  -1.67652425         1236969.        0.000000        44.62746     -1.59323139746E+07  2.97247940154E+04 -5.35994091881E+02   21.4643942          1017130  0.20098    
      140900  -1.67524718         1237079.        0.000000        44.41876     -1.59310370449E+07  2.97224118231E+04 -5.35994088894E+02   21.4617302          1017156  0.20313    
      141000  -1.67743639         1237610.        0.000000        46.02023     -1.59322228682E+07  2.97246234478E+04 -5.35994102538E+02   21.4638409          1017730  0.19717    
      141100  -1.67868338         1237703.        0.000000        46.29689     -1.59305197876E+07  2.97214450992E+04 -5.35994119211E+02   21.4567237          1017737  0.20351    
      141200  -1.67960636         1238098.        0.000000        45.45434     -1.59325001307E+07  2.97251399341E+04 -5.35994116969E+02   21.4595729          1018158  0.20230    
      141300  -1.68320574         1239377.        0.000000        46.48703     -1.59346306341E+07  2.97291148609E+04 -5.35994115825E+02   21.4555349          1019552  0.19533    
      141400  -1.68441357         1238822.        0.000000        49.13022     -1.59352666196E+07  2.97303016859E+04 -5.35994110921E+02   21.4579914          1018846  0.20573    
      141500  -1.68386617         1238925.        0.000000        49.55550     -1.59349290042E+07  2.97296717336E+04 -5.35994112111E+02   21.4601994          1019230  0.20225    
      141600  -1.68387603         1238747.        0.000000        48.42773     -1.59310850488E+07  2.97225010475E+04 -5.35994094957E+02   21.4610250          1019141  0.20117    
      141700  -1.68392277         1238660.        0.000000        47.48062     -1.59253370449E+07  2.97117774589E+04 -5.35994087428E+02   21.4547345          1019126  0.20558    
      141800  -1.68353043         1238764.        0.000000        46.96931     -1.59225777484E+07  2.97066292312E+04 -5.35994091570E+02   21.4550896          1019262  0.20795    
      141900  -1.67885968         1236709.        0.000000        47.78200     -1.59113058060E+07  2.96855991122E+04 -5.35994094170E+02   21.4552897          1017322  0.19616    
      142000  -1.67248370         1235880.        0.000000        46.07663     -1.58998484610E+07  2.96642233835E+04 -5.35994091451E+02   21.4510719          1016561  0.19562    
      142100  -1.67443452         1236660.        0.000000        44.43547     -1.59012625575E+07  2.96668614895E+04 -5.35994094391E+02   21.4430272          1017072  0.20633    
      142200  -1.67593929         1237516.        0.000000        45.10468     -1.59106651944E+07  2.96844041175E+04 -5.35994090749E+02   21.4497420          1018089  0.20278    
      142300  -1.67763537         1237406.        0.000000        43.68643     -1.59139880942E+07  2.96906037444E+04 -5.35994088608E+02   21.4488870          1017762  0.20230    
      142400  -1.67761402         1236947.        0.000000        43.21564     -1.59184109188E+07  2.96988544144E+04 -5.35994105924E+02   21.4568568          1017309  0.20732    
      142500  -1.67611925         1236936.        0.000000        42.58549     -1.59196868268E+07  2.97012351517E+04 -5.35994100767E+02   21.4608658          1017412  0.20497    
      142600  -1.67491023         1236359.        0.000000        42.66421     -1.59159759028E+07  2.96943124105E+04 -5.35994088119E+02   21.4612970          1016950  0.19839    
      142700  -1.67467134         1236733.        0.000000        42.72329     -1.59182496499E+07  2.96985543058E+04 -5.35994092037E+02   21.4567436          1016970  0.19930    
      142800  -1.67570730         1236993.        0.000000        42.69680     -1.59248048972E+07  2.97107845136E+04 -5.35994089617E+02   21.4604313          1016987  0.20377    
      142900  -1.67553411         1237409.        0.000000        45.56178     -1.59306371560E+07  2.97216662877E+04 -5.35994079262E+02   21.4626476          1017461  0.19786    
      143000  -1.67885889         1237782.        0.000000        46.23903     -1.59387104015E+07  2.97367286261E+04 -5.35994076614E+02   21.4703643          1017845  0.20275    
      143100  -1.67802972         1237277.        0.000000        45.27147     -1.59353444777E+07  2.97304486909E+04 -5.35994079449E+02   21.4719469          1017502  0.19953    
      143200  -1.67796037         1237789.        0.000000        45.65588     -1.59339291268E+07  2.97278078287E+04 -5.35994084010E+02   21.4640320          1017914  0.19333    
      143300  -1.67963673         1237728.        0.000000        46.64635     -1.59352873294E+07  2.97303420173E+04 -5.35994080394E+02   21.4629743          1017702  0.19789    
      143400  -1.67864749         1237133.        0.000000        47.18429     -1.59363377334E+07  2.97323016924E+04 -5.35994081396E+02   21.4718463          1017213  0.20389    
      143500  -1.67797047         1237639.        0.000000        45.97004     -1.59340412824E+07  2.97280166683E+04 -5.35994091372E+02   21.4638335          1017587  0.19569    
      143600  -1.68026869         1238458.        0.000000        44.75784     -1.59451645274E+07  2.97487688611E+04 -5.35994097835E+02   21.4693715          1018081  0.20686    
      143700  -1.68272846         1238318.        0.000000        44.14592     -1.59441988652E+07  2.97469674889E+04 -5.35994093218E+02   21.4736946          1017988  0.20207    
      143800  -1.68214739         1238118.        0.000000        43.96771     -1.59327832588E+07  2.97256700929E+04 -5.35994082185E+02   21.4691895          1018231  0.19775    
      143900  -1.68118045         1238125.        0.000000        43.49638     -1.59225186133E+07  2.97065195740E+04 -5.35994079470E+02   21.4574915          1018329  0.20113    
      144000  -1.68091108         1237663.        0.000000        43.47455     -1.59211779099E+07  2.97040187431E+04 -5.35994070283E+02   21.4614894          1018070  0.19751    
      144100  -1.67703386         1237266.        0.000000        43.53123     -1.59167112030E+07  2.96956861203E+04 -5.35994054439E+02   21.4564335          1017761  0.19596    
      144200  -1.67633641         1236759.        0.000000        42.07856     -1.59187967927E+07  2.96995767035E+04 -5.35994063201E+02   21.4595993          1017100  0.20178    
      144300  -1.67653843         1237547.        0.000000        42.96242     -1.59164175938E+07  2.96951369662E+04 -5.35994079163E+02   21.4566845          1017874  0.20435    
      144400  -1.67747592         1237412.        0.000000        43.39199     -1.59176413928E+07  2.96974193281E+04 -5.35994094872E+02   21.4519616          1017653  0.19625    
      144500  -1.67725553         1237456.        0.000000        43.93531     -1.59180343866E+07  2.96981521948E+04 -5.35994100984E+02   21.4559184          1017879  0.20842    
      144600  -1.68026397         1238332.        0.000000        44.30676     -1.59217213635E+07  2.97050305642E+04 -5.35994108105E+02   21.4515782          1018644  0.20350    
      144700  -1.68003514         1237521.        0.000000        42.27045     -1.59232136984E+07  2.97078146294E+04 -5.35994111216E+02   21.4589462          1017819  0.19648    
      144800  -1.68228056         1238982.        0.000000        41.20243     -1.59255321966E+07  2.97121404905E+04 -5.35994106572E+02   21.4527290          1019318  0.20564    
      144900  -1.68477742         1238575.        0.000000        41.78937     -1.59263321843E+07  2.97136330560E+04 -5.35994105947E+02   21.4592119          1018930  0.21399    
      145000  -1.68182486         1238057.        0.000000        41.05406     -1.59147971255E+07  2.96921128753E+04 -5.35994093528E+02   21.4565312          1018939  0.19341    
      145100  -1.67973110         1237875.        0.000000        40.54652     -1.59109491472E+07  2.96849341007E+04 -5.35994086872E+02   21.4505956          1018771  0.20164    
      145200  -1.67845119         1236838.        0.000000        41.28606     -1.59125969393E+07  2.96880077457E+04 -5.35994098210E+02   21.4531090          1017491  0.20233    
      145300  -1.67646083         1237826.        0.000000        41.47382     -1.59122631521E+07  2.96873836573E+04 -5.35994122479E+02   21.4510167          1018507  0.19562    
      145400  -1.68047133         1238514.        0.000000        41.77045     -1.59163235757E+07  2.96949603185E+04 -5.35994101524E+02   21.4491500          1018995  0.20619    
      145500  -1.68025088         1237705.        0.000000        42.32256     -1.59235164586E+07  2.97083807411E+04 -5.35994088583E+02   21.4588484          1018044  0.20236    
      145600  -1.67637352         1236626.        0.000000        42.28410     -1.59239228911E+07  2.97091394091E+04 -5.35994081547E+02   21.4662717          1017051  0.20391    
      145700  -1.67591157         1236860.        0.000000        42.76016     -1.59224962524E+07  2.97064774533E+04 -5.35994086724E+02   21.4634005          1017306  0.20087    
      145800  -1.67674754         1237121.        0.000000        43.75900     -1.59250511451E+07  2.97112435972E+04 -5.35994095735E+02   21.4585503          1017316  0.20392    
      145900  -1.67717076         1237127.        0.000000        43.09002     -1.59290136191E+07  2.97186363499E+04 -5.35994095811E+02   21.4640592          1017260  0.19397    
      146000  -1.67559338         1236741.        0.000000        43.72239     -1.59325162805E+07  2.97251715323E+04 -5.35994090504E+02   21.4676243          1016795  0.20162    
      146100  -1.67459739         1236691.        0.000000        41.81966     -1.59332409899E+07  2.97265227603E+04 -5.35994105950E+02   21.4670109          1016628  0.20107    
      146200  -1.67883163         1238408.        0.000000        41.74082     -1.59417283959E+07  2.97423574355E+04 -5.35994109764E+02   21.4644196          1017975  0.19631    
      146300  -1.68028083         1237914.        0.000000        42.10823     -1.59451902089E+07  2.97488157143E+04 -5.35994116943E+02   21.4734888          1017569  0.20020    
      146400  -1.68126091         1237864.        0.000000        42.90557     -1.59418687721E+07  2.97426192368E+04 -5.35994111519E+02   21.4750374          1017746  0.20278    
      146500  -1.68290026         1238721.        0.000000        42.63160     -1.59373660759E+07  2.97342192843E+04 -5.35994099037E+02   21.4703380          1018965  0.19799    
      146600  -1.68318051         1238892.        0.000000        43.46584     -1.59289572912E+07  2.97185317260E+04 -5.35994087394E+02   21.4632696          1019387  0.21093    
      146700  -1.68061395         1237488.        0.000000        43.02338     -1.59144332511E+07  2.96914349410E+04 -5.35994076497E+02   21.4602989          1018418  0.20513    
      146800  -1.67864788         1237489.        0.000000        43.65639     -1.59059555942E+07  2.96756181938E+04 -5.35994077371E+02   21.4531458          1018368  0.19565    
      146900  -1.67582151         1236268.        0.000000        43.29090     -1.58957020697E+07  2.96564877292E+04 -5.35994087191E+02   21.4549349          1017475  0.20811    
      147000  -1.67482207         1236916.        0.000000        44.63337     -1.58919860708E+07  2.96495549492E+04 -5.35994084836E+02   21.4416586          1017845  0.20111    
      147100  -1.67770863         1238138.        0.000000        44.16298     -1.59015283165E+07  2.96673580480E+04 -5.35994081131E+02   21.4432905          1018813  0.19461    
      147200  -1.68272611         1238903.        0.000000        42.78912     -1.59054980078E+07  2.96747646534E+04 -5.35994074210E+02   21.4438326          1019379  0.20279    
      147300  -1.68253621         1238301.        0.000000        43.76144     -1.58997373977E+07  2.96640169121E+04 -5.35994078104E+02   21.4440516          1019058  0.19929    
      147400  -1.67794535         1237146.        0.000000        43.90880     -1.58958565177E+07  2.96567764765E+04 -5.35994076440E+02   21.4482484          1018415  0.19648    
      147500  -1.67615293         1237093.        0.000000        44.06038     -1.58942888797E+07  2.96538523940E+04 -5.35994064733E+02   21.4427186          1018425  0.19723    
      147600  -1.67674846         1236862.        0.000000        42.81995     -1.58980489284E+07  2.96608675184E+04 -5.35994064183E+02   21.4436362          1018027  0.20419    
      147700  -1.67789737         1237578.        0.000000        42.62798     -1.59065655527E+07  2.96767564409E+04 -5.35994072815E+02   21.4477060          1018613  0.19368    
      147800  -1.67648455         1236893.        0.000000        43.80594     -1.59061823343E+07  2.96760409800E+04 -5.35994081724E+02   21.4501748          1017972  0.20706    
      147900  -1.67594613         1237164.        0.000000        44.03971     -1.59055475809E+07  2.96748560839E+04 -5.35994093315E+02   21.4457665          1018094  0.20210    
      148000  -1.67944363         1238235.        0.000000        43.66168     -1.59100281561E+07  2.96832151485E+04 -5.35994098905E+02   21.4433680          1018939  0.19562    
      148100  -1.68051834         1237616.        0.000000        42.50944     -1.59064684886E+07  2.96765742803E+04 -5.35994092119E+02   21.4495453          1018633  0.20742    
      148200  -1.67665665         1236460.        0.000000        42.91075     -1.58971830627E+07  2.96592513098E+04 -5.35994078092E+02   21.4496996          1017681  0.19897    
      148300  -1.67428544         1236427.        0.000000        43.67370     -1.58897620721E+07  2.96454065452E+04 -5.35994068687E+02   21.4435869          1017712  0.20054    
      148400  -1.67315210         1236548.        0.000000        43.32754     -1.58880328059E+07  2.96421801119E+04 -5.35994071487E+02   21.4353786          1017614  0.20099    
      148500  -1.67528405         1236983.        0.000000        44.20314     -1.58915441354E+07  2.96487308641E+04 -5.35994077057E+02   21.4361209          1017958  0.19786    
      148600  -1.67631341         1237404.        0.000000        42.52091     -1.58971739487E+07  2.96592340818E+04 -5.35994082140E+02   21.4409631          1018203  0.20140    
      148700  -1.67874857         1237908.        0.000000        42.05127     -1.58989071064E+07  2.96624671501E+04 -5.35994090646E+02   21.4435641          1018759  0.20027    
      148800  -1.67868700         1237082.        0.000000        41.84704     -1.59037077302E+07  2.96714235149E+04 -5.35994092842E+02   21.4461001          1017585  0.20097    
      148900  -1.67690153         1237560.        0.000000        41.94485     -1.59060083983E+07  2.96757161516E+04 -5.35994087457E+02   21.4498556          1018273  0.19527    
      149000  -1.67942624         1237862.        0.000000        42.35221     -1.59076616467E+07  2.96788002986E+04 -5.35994092977E+02   21.4460950          1018426  0.20363    
      149100  -1.67992259         1238157.        0.000000        42.99081     -1.59096996880E+07  2.96826029456E+04 -5.35994087754E+02   21.4499133          1018877  0.19932    
      149200  -1.68214846         1238114.        0.000000        44.12510     -1.59056376156E+07  2.96750239787E+04 -5.35994094798E+02   21.4491968          1019065  0.19488    
      149300  -1.68389391         1239005.        0.000000        43.78566     -1.59014197548E+07  2.96671550442E+04 -5.35994089461E+02   21.4383813          1020086  0.20730    
      149400  -1.68284410         1238214.        0.000000        43.21067     -1.58918291818E+07  2.96492618305E+04 -5.35994092285E+02   21.4402887          1019694  0.20071    
      149500  -1.67952389         1237146.        0.000000        43.23968     -1.58797586232E+07  2.96267416705E+04 -5.35994096138E+02   21.4366836          1018814  0.19696    
      149600  -1.67629741         1236615.        0.000000        43.90521     -1.58811126946E+07  2.96292680622E+04 -5.35994094124E+02   21.4327707          1018020  0.20295    
      149700  -1.67463836         1236521.        0.000000        44.29220     -1.58864904351E+07  2.96393011092E+04 -5.35994097045E+02   21.4391066          1017954  0.20556    
      149800  -1.67430038         1236954.        0.000000        43.81594     -1.58914180428E+07  2.96484939032E+04 -5.35994107988E+02   21.4357199          1018092  0.19076    
      149900  -1.67822628         1238161.        0.000000        42.28763     -1.59007431181E+07  2.96658910626E+04 -5.35994118111E+02   21.4320469          1018765  0.20121    
      150000  -1.67931140         1237479.        0.000000        42.23314     -1.59051185756E+07  2.96740534567E+04 -5.35994133691E+02   21.4439383          1018158  0.20599    
      150100  -1.67840311         1237408.        0.000000        41.74908     -1.59088204550E+07  2.96809605830E+04 -5.35994123591E+02   21.4475316          1018092  0.19433    
      150200  -1.68001744         1238493.        0.000000        41.25482     -1.59090328755E+07  2.96813573904E+04 -5.35994114629E+02   21.4428596          1019184  0.19881    
      150300  -1.68211129         1238283.        0.000000        41.31882     -1.59071165178E+07  2.96777823463E+04 -5.35994109403E+02   21.4465741          1019164  0.20482    
      150400  -1.68050057         1238055.        0.000000        41.10094     -1.59036137104E+07  2.96712477993E+04 -5.35994098325E+02   21.4426504          1019054  0.19988    
      150500  -1.68147255         1238337.        0.000000        41.86013     -1.59004514037E+07  2.96653481914E+04 -5.35994093214E+02   21.4392232          1019349  0.20152    
      150600  -1.68059098         1237727.        0.000000        41.40385     -1.58981160673E+07  2.96609915908E+04 -5.35994085654E+02   21.4399463          1018884  0.19696    
      150700  -1.67625077         1236555.        0.000000        41.48835     -1.58955268788E+07  2.96561609334E+04 -5.35994086169E+02   21.4468678          1017934  0.19292    
      150800  -1.67257136         1235919.        0.000000        41.36935     -1.58917490391E+07  2.96491132170E+04 -5.35994075868E+02   21.4415029          1017077  0.19996    
      150900  -1.67229552         1236061.        0.000000        42.73183     -1.58960700460E+07  2.96571756706E+04 -5.35994061692E+02   21.4436797          1017037  0.20103    
      151000  -1.67448966         1236480.        0.000000        42.56855     -1.59067637217E+07  2.96771271478E+04 -5.35994055034E+02   21.4457111          1017019  0.19384    
      151100  -1.67609426         1237303.        0.000000        42.77501     -1.59153995889E+07  2.96932392119E+04 -5.35994051552E+02   21.4489755          1017749  0.19859    
      151200  -1.67799094         1237392.        0.000000        44.23529     -1.59208782659E+07  2.97034602746E+04 -5.35994059908E+02   21.4534915          1017674  0.19992    
      151300  -1.67770774         1237564.        0.000000        44.57363     -1.59216892146E+07  2.97049728028E+04 -5.35994068074E+02   21.4550965          1018159  0.19374    
      151400  -1.67896638         1237799.        0.000000        44.58817     -1.59179513529E+07  2.96979992867E+04 -5.35994064760E+02   21.4543592          1018503  0.20056    
      151500  -1.67838534         1237567.        0.000000        44.10645     -1.59158072097E+07  2.96939989196E+04 -5.35994065765E+02   21.4536114          1018325  0.19724    
      151600  -1.67764683         1237469.        0.000000        44.17391     -1.59152083185E+07  2.96928812297E+04 -5.35994071959E+02   21.4475329          1018156  0.19326    
      151700  -1.67780388         1237034.        0.000000        43.40025     -1.59167491583E+07  2.96957556096E+04 -5.35994078332E+02   21.4515167          1017648  0.20683    
      151800  -1.67629366         1236872.        0.000000        42.21412     -1.59173355628E+07  2.96968501739E+04 -5.35994069053E+02   21.4538960          1017578  0.19911    
      151900  -1.67972192         1238594.        0.000000        42.79329     -1.59199082583E+07  2.97016498891E+04 -5.35994071632E+02   21.4467667          1018986  0.19253    
      152000  -1.68087089         1237905.        0.000000        42.51994     -1.59223709140E+07  2.97062441071E+04 -5.35994077762E+02   21.4544814          1018554  0.20104    
      152100  -1.67934931         1237795.        0.000000        42.50035     -1.59136963363E+07  2.96900588348E+04 -5.35994099065E+02   21.4540653          1018771  0.20049    
      152200  -1.67907350         1237715.        0.000000        43.71112     -1.59076740918E+07  2.96788225681E+04 -5.35994110120E+02   21.4451117          1018665  0.19340    
      152300  -1.67678974         1237205.        0.000000        43.80347     -1.59058750702E+07  2.96754659562E+04 -5.35994113579E+02   21.4484808          1018109  0.20516    
      152400  -1.67583596         1236749.        0.000000        43.52560     -1.59046560017E+07  2.96731914931E+04 -5.35994114601E+02   21.4489676          1017616  0.20034    
      152500  -1.67415818         1236293.        0.000000        43.29462     -1.59051204070E+07  2.96740578399E+04 -5.35994116235E+02   21.4505528          1017187  0.19148    
      152600  -1.67303292         1236721.        0.000000        43.83323     -1.59054066390E+07  2.96745921894E+04 -5.35994110298E+02   21.4465565          1017575  0.20272    
      152700  -1.67585131         1236617.        0.000000        43.87815     -1.59119257880E+07  2.96867551974E+04 -5.35994105190E+02   21.4522869          1017267  0.19730    
      152800  -1.67491262         1236886.        0.000000        45.11201     -1.59144627575E+07  2.96914885015E+04 -5.35994103384E+02   21.4496489          1017433  0.19961    
      152900  -1.67472742         1236010.        0.000000        46.30344     -1.59246672912E+07  2.97105272235E+04 -5.35994099714E+02   21.4645958          1016596  0.19957    
      153000  -1.67211451         1236006.        0.000000        46.90147     -1.59234360677E+07  2.97082302284E+04 -5.35994098109E+02   21.4582940          1016511  0.20406    
      153100  -1.67284130         1236209.        0.000000        45.98280     -1.59292287963E+07  2.97190380282E+04 -5.35994091773E+02   21.4594215          1016356  0.19563    
      153200  -1.67435619         1236925.        0.000000        45.39822     -1.59356005423E+07  2.97309258672E+04 -5.35994089571E+02   21.4563538          1016840  0.19860    
      153300  -1.67708733         1237588.        0.000000        45.55220     -1.59420553568E+07  2.97429687287E+04 -5.35994086610E+02   21.4608853          1017464  0.20139    
      153400  -1.68046078         1238605.        0.000000        44.82787     -1.59442586934E+07  2.97470793824E+04 -5.35994088306E+02   21.4618242          1018657  0.19711    
      153500  -1.68165825         1237485.        0.000000        45.09735     -1.59441259748E+07  2.97468307417E+04 -5.35994106843E+02   21.4692852          1017689  0.20919    
      153600  -1.67711966         1236365.        0.000000        44.90696     -1.59369281081E+07  2.97334017238E+04 -5.35994107102E+02   21.4691111          1016597  0.20028    
      153700  -1.67518396         1237207.        0.000000        43.62727     -1.59295337261E+07  2.97196062018E+04 -5.35994104968E+02   21.4576673          1017454  0.19583    
      153800  -1.67787165         1237968.        0.000000        43.43745     -1.59358483963E+07  2.97313877376E+04 -5.35994099468E+02   21.4574397          1017979  0.19750    
      153900  -1.68149947         1238437.        0.000000        44.18844     -1.59460568167E+07  2.97504326731E+04 -5.35994114502E+02   21.4612859          1018273  0.19931    
      154000  -1.68012748         1237437.        0.000000        44.43093     -1.59411446544E+07  2.97412683093E+04 -5.35994110562E+02   21.4665164          1017639  0.19624    
      154100  -1.67855336         1237508.        0.000000        44.51504     -1.59400245888E+07  2.97391786807E+04 -5.35994109318E+02   21.4634722          1017619  0.20621    
      154200  -1.67806572         1237302.        0.000000        44.73428     -1.59440398826E+07  2.97466696351E+04 -5.35994115585E+02   21.4635330          1017246  0.19724    
      154300  -1.67825511         1237709.        0.000000        44.61298     -1.59495840725E+07  2.97570129136E+04 -5.35994124100E+02   21.4691046          1017412  0.19643    
      154400  -1.68019828         1237958.        0.000000        43.64030     -1.59500143799E+07  2.97578152072E+04 -5.35994133604E+02   21.4701279          1017811  0.20662    
      154500  -1.67825894         1237982.        0.000000        45.16678     -1.59462748097E+07  2.97508386071E+04 -5.35994128443E+02   21.4641669          1017871  0.19501    
      154600  -1.68063257         1238495.        0.000000        44.35937     -1.59498140212E+07  2.97574424024E+04 -5.35994115540E+02   21.4651653          1018264  0.19812    
      154700  -1.68161390         1237999.        0.000000        43.22951     -1.59530105513E+07  2.97634061881E+04 -5.35994114733E+02   21.4732671          1017926  0.19794    
      154800  -1.68028060         1237942.        0.000000        43.46869     -1.59493515360E+07  2.97565794206E+04 -5.35994117824E+02   21.4690879          1018020  0.19719    
      154900  -1.68002618         1237669.        0.000000        44.07912     -1.59456182751E+07  2.97496128471E+04 -5.35994144093E+02   21.4710535          1017907  0.19659    
      155000  -1.67967502         1237819.        0.000000        43.63577     -1.59422962806E+07  2.97434152017E+04 -5.35994140971E+02   21.4647785          1017870  0.20088    
      155100  -1.68030505         1238335.        0.000000        44.20972     -1.59490013098E+07  2.97559249007E+04 -5.35994137740E+02   21.4670032          1018296  0.20206    
      155200  -1.68075571         1238271.        0.000000        43.55509     -1.59466516807E+07  2.97515405099E+04 -5.35994150468E+02   21.4649696          1018138  0.19397    
      155300  -1.67685098         1236581.        0.000000        44.10933     -1.59398871069E+07  2.97389206380E+04 -5.35994137141E+02   21.4695405          1016909  0.19927    
      155400  -1.67260025         1236016.        0.000000        42.77997     -1.59349300345E+07  2.97296727403E+04 -5.35994128617E+02   21.4698021          1016280  0.20028    
      155500  -1.67583217         1237670.        0.000000        43.11782     -1.59440704220E+07  2.97467260143E+04 -5.35994126356E+02   21.4650289          1017392  0.19387    
      155600  -1.68005217         1238567.        0.000000        42.35352     -1.59550371882E+07  2.97671865982E+04 -5.35994126807E+02   21.4697740          1018104  0.20192    
      155700  -1.68349040         1238956.        0.000000        42.83625     -1.59601479906E+07  2.97767218101E+04 -5.35994126298E+02   21.4717632          1018385  0.20034    
      155800  -1.68152459         1237837.        0.000000        42.71855     -1.59598688446E+07  2.97762017627E+04 -5.35994112740E+02   21.4798411          1017605  0.19446    
      155900  -1.67794198         1237313.        0.000000        42.00952     -1.59506967035E+07  2.97590905705E+04 -5.35994091140E+02   21.4735214          1017285  0.20756    
      156000  -1.67628924         1237001.        0.000000        43.23559     -1.59507756541E+07  2.97592372901E+04 -5.35994101549E+02   21.4718695          1016949  0.20122    
      156100  -1.67758072         1237630.        0.000000        42.20483     -1.59591476290E+07  2.97748560678E+04 -5.35994115057E+02   21.4745301          1017311  0.19747    
      156200  -1.67719869         1236890.        0.000000        42.68949     -1.59622923941E+07  2.97807227572E+04 -5.35994123587E+02   21.4793089          1016316  0.19862    
      156300  -1.67615830         1237031.        0.000000        42.63547     -1.59651241552E+07  2.97860064060E+04 -5.35994115413E+02   21.4782825          1016405  0.19843    
      156400  -1.67764290         1237423.        0.000000        43.25352     -1.59698198563E+07  2.97947679935E+04 -5.35994100031E+02   21.4811942          1016723  0.19994    
      156500  -1.67695575         1237103.        0.000000        43.01067     -1.59668084477E+07  2.97891496087E+04 -5.35994100450E+02   21.4863568          1016763  0.20059    
      156600  -1.67728152         1237264.        0.000000        43.65314     -1.59686386352E+07  2.97925642425E+04 -5.35994099240E+02   21.4838749          1016774  0.19258    
      156700  -1.67714902         1236804.        0.000000        43.56943     -1.59671066503E+07  2.97897062818E+04 -5.35994094715E+02   21.4870468          1016287  0.19762    
      156800  -1.67619974         1237063.        0.000000        43.61707     -1.59656177730E+07  2.97869286141E+04 -5.35994092573E+02   21.4859136          1016517  0.19626    
      156900  -1.67794622         1237258.        0.000000        43.72290     -1.59656990966E+07  2.97870802949E+04 -5.35994093362E+02   21.4817592          1016631  0.19704    
      157000  -1.67674256         1237025.        0.000000        43.02411     -1.59695220530E+07  2.97942134246E+04 -5.35994081315E+02   21.4871584          1016128  0.19611    
      157100  -1.67758110         1237796.        0.000000        42.75553     -1.59740567442E+07  2.98026732661E+04 -5.35994090247E+02   21.4821132          1016698  0.20748    
      157200  -1.67852143         1237650.        0.000000        42.03168     -1.59823503448E+07  2.98181467852E+04 -5.35994086417E+02   21.4929523          1016653  0.19627    
      157300  -1.67996323         1237766.        0.000000        42.54542     -1.59816531819E+07  2.98168460915E+04 -5.35994086458E+02   21.4918469          1016747  0.19999    
      157400  -1.68143219         1238517.        0.000000        42.74789     -1.59806002333E+07  2.98148818456E+04 -5.35994082285E+02   21.4885266          1017667  0.20452    
      157500  -1.68252997         1238276.        0.000000        42.11532     -1.59776037229E+07  2.98092911230E+04 -5.35994085097E+02   21.4855539          1017473  0.19618    
      157600  -1.68166474         1237786.        0.000000        42.70851     -1.59750139652E+07  2.98044591899E+04 -5.35994089455E+02   21.4878338          1016824  0.21127    
      157700  -1.67775392         1237062.        0.000000        43.15783     -1.59713539831E+07  2.97976301858E+04 -5.35994100321E+02   21.4859787          1016380  0.19897    
      157800  -1.67776087         1237200.        0.000000        43.55259     -1.59767310956E+07  2.98076616551E+04 -5.35994110524E+02   21.4884251          1016432  0.19943    
      157900  -1.67755016         1237712.        0.000000        43.43766     -1.59790891787E+07  2.98120615879E+04 -5.35994101972E+02   21.4884821          1017033  0.19606    
      158000  -1.68239087         1238736.        0.000000        43.49535     -1.59849477805E+07  2.98229926176E+04 -5.35994089709E+02   21.4851077          1017908  0.19964    
      158100  -1.68230020         1238050.        0.000000        43.40204     -1.59831488446E+07  2.98196358507E+04 -5.35994098807E+02   21.4960337          1017408  0.19973    
      158200  -1.67763541         1236798.        0.000000        42.88070     -1.59700764005E+07  2.97952458619E+04 -5.35994113779E+02   21.4910553          1016364  0.20218    
      158300  -1.67467605         1236439.        0.000000        43.73024     -1.59647871487E+07  2.97853775586E+04 -5.35994117158E+02   21.4856655          1016018  0.19933    
      158400  -1.67514771         1237209.        0.000000        43.92790     -1.59684534387E+07  2.97922181095E+04 -5.35994110272E+02   21.4807265          1016255  0.20138    
      158500  -1.67611833         1236949.        0.000000        44.83526     -1.59764867555E+07  2.98072064861E+04 -5.35994098035E+02   21.4864918          1015772  0.19964    
      158600  -1.67732593         1237309.        0.000000        44.14360     -1.59816201390E+07  2.98167844008E+04 -5.35994087230E+02   21.4902568          1016193  0.19815    
      158700  -1.67727242         1237388.        0.000000        44.73829     -1.59812422857E+07  2.98160797780E+04 -5.35994081204E+02   21.4880819          1016240  0.19615    
      158800  -1.68078961         1238620.        0.000000        44.12184     -1.59848397560E+07  2.98227915201E+04 -5.35994081747E+02   21.4843812          1017268  0.19962    
      158900  -1.68360489         1238632.        0.000000        43.28521     -1.59863511510E+07  2.98256118207E+04 -5.35994072715E+02   21.4907024          1017368  0.20416    
      159000  -1.68063769         1237071.        0.000000        43.65387     -1.59767495985E+07  2.98076986880E+04 -5.35994065351E+02   21.4953381          1016377  0.19563    
      159100  -1.67793948         1237582.        0.000000        44.03440     -1.59660707164E+07  2.97877762089E+04 -5.35994046833E+02   21.4777276          1016996  0.20000    
      159200  -1.67938944         1238116.        0.000000        45.21266     -1.59656171043E+07  2.97869295561E+04 -5.35994053172E+02   21.4775971          1017592  0.20022    
      159300  -1.67871821         1236877.        0.000000        44.37710     -1.59606848021E+07  2.97777267235E+04 -5.35994065305E+02   21.4771207          1016360  0.19723    
      159400  -1.67597013         1236224.        0.000000        45.77048     -1.59604257445E+07  2.97772439056E+04 -5.35994056237E+02   21.4782209          1015805  0.19441    
      159500  -1.67502299         1236911.        0.000000        45.18985     -1.59652520104E+07  2.97862478862E+04 -5.35994062474E+02   21.4784420          1016421  0.20348    
      159600  -1.67440645         1236842.        0.000000        44.87547     -1.59625703607E+07  2.97812447095E+04 -5.35994063256E+02   21.4738544          1016314  0.19983    
      159700  -1.67635815         1237763.        0.000000        44.44979     -1.59646106111E+07  2.97850504058E+04 -5.35994077353E+02   21.4676796          1017048  0.19963    
      159800  -1.68276814         1239119.        0.000000        44.57256     -1.59771456093E+07  2.98084361677E+04 -5.35994089705E+02   21.4717149          1018377  0.19782    
      159900  -1.68312219         1238468.        0.000000        43.46388     -1.59763139345E+07  2.98068833921E+04 -5.35994109965E+02   21.4852598          1017966  0.19767    
      160000  -1.67929902         1236511.        0.000000        43.24250     -1.59623156972E+07  2.97807670262E+04 -5.35994109324E+02   21.4882141          1016450  0.19758    
      160100  -1.67397452         1236824.        0.000000        42.59288     -1.59513801258E+07  2.97603647800E+04 -5.35994106382E+02   21.4667201          1016544  0.19956    
      160200  -1.67634055         1237531.        0.000000        42.88455     -1.59559842847E+07  2.97689553360E+04 -5.35994095344E+02   21.4677194          1017149  0.19805    
      160300  -1.67870946         1236963.        0.000000        42.81072     -1.59598416672E+07  2.97761519033E+04 -5.35994097527E+02   21.4754902          1016560  0.20838    
      160400  -1.67644595         1237030.        0.000000        43.38264     -1.59599487392E+07  2.97763514125E+04 -5.35994102101E+02   21.4726455          1016499  0.20145    
      160500  -1.67502568         1236798.        0.000000        42.63817     -1.59674243122E+07  2.97902976016E+04 -5.35994118815E+02   21.4755633          1015963  0.19892    
      160600  -1.67922240         1238098.        0.000000        42.43292     -1.59807520223E+07  2.98151629490E+04 -5.35994119825E+02   21.4801661          1017002  0.19870    
      160700  -1.68092019         1238479.        0.000000        42.37638     -1.59839822146E+07  2.98211894490E+04 -5.35994120621E+02   21.4823668          1017309  0.20655    
      160800  -1.68127201         1238018.        0.000000        43.02143     -1.59806519984E+07  2.98149761563E+04 -5.35994123042E+02   21.4858552          1017100  0.19567    
      160900  -1.67937408         1237384.        0.000000        42.71220     -1.59797229396E+07  2.98132432651E+04 -5.35994115015E+02   21.4839927          1016380  0.20226    
      161000  -1.67720889         1237752.        0.000000        44.59295     -1.59758074567E+07  2.98059378202E+04 -5.35994121475E+02   21.4810670          1017100  0.20121    
      161100  -1.67788288         1237271.        0.000000        46.24763     -1.59742437770E+07  2.98030208466E+04 -5.35994114801E+02   21.4802032          1016497  0.20664    
      161200  -1.67835596         1237989.        0.000000        46.39615     -1.59718023145E+07  2.97984665564E+04 -5.35994101720E+02   21.4789675          1017283  0.19695    
      161300  -1.68087190         1238507.        0.000000        47.02337     -1.59690432033E+07  2.97933185710E+04 -5.35994107715E+02   21.4786793          1017719  0.20147    
      161400  -1.68316654         1238922.        0.000000        47.78989     -1.59656819690E+07  2.97870483226E+04 -5.35994093676E+02   21.4752387          1018331  0.20769    
      161500  -1.68243136         1238001.        0.000000        48.08180     -1.59599977206E+07  2.97764431898E+04 -5.35994095025E+02   21.4789463          1017697  0.19929    
      161600  -1.67729780         1236272.        0.000000        47.39869     -1.59497046320E+07  2.97572392135E+04 -5.35994099372E+02   21.4775595          1016261  0.20083    
      161700  -1.66984051         1235366.        0.000000        47.25711     -1.59393907665E+07  2.97379972867E+04 -5.35994089071E+02   21.4754194          1015644  0.20145    
      161800  -1.67253566         1236962.        0.000000        46.84892     -1.59396584707E+07  2.97384966778E+04 -5.35994090199E+02   21.4569336          1016761  0.20412    
      161900  -1.67915875         1238172.        0.000000        46.13938     -1.59568115323E+07  2.97704992169E+04 -5.35994086495E+02   21.4649580          1017599  0.19988    
      162000  -1.68291884         1239463.        0.000000        46.06483     -1.59627172237E+07  2.97815172533E+04 -5.35994089487E+02   21.4677012          1018897  0.20292    
      162100  -1.68671780         1239340.        0.000000        45.62864     -1.59614420514E+07  2.97791382862E+04 -5.35994087473E+02   21.4713301          1018913  0.20069    
      162200  -1.68258222         1237199.        0.000000        45.77235     -1.59522321304E+07  2.97619554519E+04 -5.35994086686E+02   21.4827306          1017447  0.19935    
      162300  -1.67577041         1236874.        0.000000        44.47058     -1.59404052909E+07  2.97398904842E+04 -5.35994081733E+02   21.4663551          1017030  0.19963    
      162400  -1.67644493         1237245.        0.000000        44.95490     -1.59460116600E+07  2.97503507997E+04 -5.35994071711E+02   21.4662260          1017223  0.20120    
      162500  -1.67901655         1237928.        0.000000        43.98402     -1.59459409650E+07  2.97502196756E+04 -5.35994057823E+02   21.4658659          1017821  0.20239    
      162600  -1.68157357         1238790.        0.000000        43.93254     -1.59483469969E+07  2.97547084701E+04 -5.35994059996E+02   21.4608574          1018863  0.20145    
      162700  -1.68124746         1238350.        0.000000        43.72225     -1.59477712604E+07  2.97536343739E+04 -5.35994059078E+02   21.4685464          1018437  0.19729    
      162800  -1.67970854         1237895.        0.000000        44.88931     -1.59417613499E+07  2.97424218708E+04 -5.35994056543E+02   21.4666096          1018134  0.20146    
      162900  -1.68116649         1238120.        0.000000        44.12909     -1.59411665659E+07  2.97413113794E+04 -5.35994071096E+02   21.4623931          1018222  0.20295    
      163000  -1.68202299         1238173.        0.000000        43.79280     -1.59426741419E+07  2.97441239122E+04 -5.35994073618E+02   21.4626504          1018438  0.19870    
      163100  -1.67873590         1237303.        0.000000        45.42273     -1.59390296265E+07  2.97373247027E+04 -5.35994067586E+02   21.4631430          1017532  0.20558    
      163200  -1.67629219         1236547.        0.000000        45.25343     -1.59376447339E+07  2.97347409931E+04 -5.35994066254E+02   21.4663657          1016756  0.20284    
      163300  -1.67627830         1237481.        0.000000        44.24850     -1.59423867896E+07  2.97435884400E+04 -5.35994062106E+02   21.4638632          1017520  0.19746    
      163400  -1.67916061         1237238.        0.000000        45.35448     -1.59511996000E+07  2.97600300356E+04 -5.35994069255E+02   21.4746427          1017324  0.20634    
      163500  -1.67852948         1237210.        0.000000        43.71207     -1.59500681259E+07  2.97579193570E+04 -5.35994063785E+02   21.4739335          1017224  0.20577    
      163600  -1.67872783         1238103.        0.000000        44.30780     -1.59530426010E+07  2.97634687799E+04 -5.35994064367E+02   21.4708380          1017964  0.19406    
      163700  -1.68213577         1238540.        0.000000        43.29535     -1.59571582144E+07  2.97711469040E+04 -5.35994070563E+02   21.4758203          1018309  0.20092    
      163800  -1.68322409         1238553.        0.000000        43.99975     -1.59544188372E+07  2.97660357696E+04 -5.35994075955E+02   21.4742840          1018443  0.20462    
      163900  -1.68310482         1238427.        0.000000        43.91491     -1.59528186830E+07  2.97630504542E+04 -5.35994074518E+02   21.4718017          1018369  0.19892    
      164000  -1.68185009         1238165.        0.000000        42.86368     -1.59459570572E+07  2.97502483174E+04 -5.35994082709E+02   21.4721569          1018248  0.20359    
      164100  -1.68011818         1237799.        0.000000        43.01862     -1.59375871524E+07  2.97346331092E+04 -5.35994074448E+02   21.4623999          1017983  0.20225    
      164200  -1.67853899         1237503.        0.000000        44.82759     -1.59390512484E+07  2.97373654843E+04 -5.35994059623E+02   21.4707315          1017862  0.19733    
      164300  -1.67750027         1237399.        0.000000        45.48187     -1.59373471343E+07  2.97341867176E+04 -5.35994049062E+02   21.4678351          1017738  0.20289    
      164400  -1.67694019         1237461.        0.000000        45.57014     -1.59402443635E+07  2.97395927572E+04 -5.35994036423E+02   21.4655424          1017639  0.20588    
      164500  -1.67723055         1237063.        0.000000        44.98323     -1.59437940026E+07  2.97462147319E+04 -5.35994046512E+02   21.4718889          1017136  0.19321    
      164600  -1.67682388         1237365.        0.000000        45.84232     -1.59417965846E+07  2.97424877101E+04 -5.35994054701E+02   21.4731133          1017472  0.20130    
      164700  -1.67802870         1237578.        0.000000        45.85866     -1.59403806830E+07  2.97398457544E+04 -5.35994060447E+02   21.4650159          1017441  0.20352    
      164800  -1.67502762         1235961.        0.000000        47.21087     -1.59416926895E+07  2.97422939515E+04 -5.35994053298E+02   21.4710510          1015927  0.19641    
      164900  -1.67285643         1236244.        0.000000        47.82176     -1.59480553930E+07  2.97541653620E+04 -5.35994043152E+02   21.4713791          1015819  0.20645    
      165000  -1.67643934         1238003.        0.000000        47.03315     -1.59567163186E+07  2.97703236583E+04 -5.35994049032E+02   21.4671794          1017539  0.19946    
      165100  -1.68106520         1238533.        0.000000        47.38300     -1.59609894969E+07  2.97782961561E+04 -5.35994047921E+02   21.4700122          1018129  0.19655    
      165200  -1.68195959         1237968.        0.000000        46.75751     -1.59592888835E+07  2.97751226536E+04 -5.35994060182E+02   21.4770714          1017652  0.20958    
      165300  -1.67948301         1237923.        0.000000        46.70611     -1.59506702478E+07  2.97590420944E+04 -5.35994075255E+02   21.4707079          1017901  0.20040    
      165400  -1.67765024         1236868.        0.000000        46.31199     -1.59462817935E+07  2.97508541594E+04 -5.35994082994E+02   21.4766201          1017098  0.19860    
      165500  -1.67496506         1236444.        0.000000        45.68002     -1.59415666438E+07  2.97420574926E+04 -5.35994076663E+02   21.4691947          1016342  0.19990    
      165600  -1.67568549         1237226.        0.000000        45.97210     -1.59482307389E+07  2.97544912854E+04 -5.35994065094E+02   21.4697024          1016812  0.21378    
      165700  -1.67582746         1236842.        0.000000        45.85532     -1.59496528196E+07  2.97571445429E+04 -5.35994063430E+02   21.4727677          1016499  0.19797    
      165800  -1.67466152         1236858.        0.000000        44.64932     -1.59483640411E+07  2.97547400581E+04 -5.35994063800E+02   21.4719363          1016356  0.20546    
      165900  -1.67916573         1238250.        0.000000        44.17569     -1.59563390663E+07  2.97696188449E+04 -5.35994066618E+02   21.4676243          1017296  0.20198    
      166000  -1.68243928         1238663.        0.000000        44.05395     -1.59638420053E+07  2.97836170274E+04 -5.35994066491E+02   21.4763547          1018034  0.19588    
      166100  -1.67975864         1237284.        0.000000        44.16749     -1.59611030926E+07  2.97785073419E+04 -5.35994061399E+02   21.4850498          1016893  0.20396    
      166200  -1.67643140         1236810.        0.000000        43.31537     -1.59545324690E+07  2.97662473153E+04 -5.35994084173E+02   21.4820361          1016434  0.20257    
      166300  -1.67763989         1237616.        0.000000        43.78900     -1.59573614753E+07  2.97715252458E+04 -5.35994086415E+02   21.4788407          1017076  0.20227    
      166400  -1.67892641         1237649.        0.000000        43.51874     -1.59570167415E+07  2.97708821746E+04 -5.35994084688E+02   21.4765505          1017074  0.20179    
      166500  -1.67795694         1237522.        0.000000        43.30622     -1.59533365062E+07  2.97640161992E+04 -5.35994080886E+02   21.4734432          1017056  0.20981    
      166600  -1.67975027         1237909.        0.000000        43.04082     -1.59560944384E+07  2.97691614372E+04 -5.35994084752E+02   21.4752512          1017490  0.20892    
      166700  -1.67958273         1238041.        0.000000        43.64477     -1.59538781887E+07  2.97650262709E+04 -5.35994090632E+02   21.4752352          1017768  0.19840    
      166800  -1.68011993         1237843.        0.000000        44.94538     -1.59500024850E+07  2.97577952024E+04 -5.35994094203E+02   21.4755722          1017811  0.20336    
      166900  -1.68146740         1237747.        0.000000        43.30911     -1.59432947795E+07  2.97452804164E+04 -5.35994099109E+02   21.4709421          1017763  0.20289    
      167000  -1.67794432         1237248.        0.000000        43.13665     -1.59410228303E+07  2.97410421057E+04 -5.35994091049E+02   21.4708797          1017420  0.19773    
      167100  -1.67717979         1237129.        0.000000        42.94367     -1.59394557999E+07  2.97381182245E+04 -5.35994096182E+02   21.4691573          1017100  0.20614    
      167200  -1.67872668         1238264.        0.000000        42.32896     -1.59454542548E+07  2.97493089858E+04 -5.35994105356E+02   21.4616265          1017928  0.20183    
      167300  -1.68219263         1238900.        0.000000        42.86969     -1.59527006972E+07  2.97628284583E+04 -5.35994108205E+02   21.4738407          1018835  0.19748    
      167400  -1.68271486         1238434.        0.000000        43.17048     -1.59460930457E+07  2.97505004438E+04 -5.35994111285E+02   21.4737038          1018575  0.20059    
      167500  -1.68045826         1237768.        0.000000        43.07211     -1.59348939856E+07  2.97296064189E+04 -5.35994111765E+02   21.4662278          1018052  0.20601    
      167600  -1.67675342         1237216.        0.000000        42.30175     -1.59302041433E+07  2.97208569314E+04 -5.35994106094E+02   21.4650103          1017559  0.19827    
      167700  -1.67748809         1237680.        0.000000        42.94653     -1.59327647163E+07  2.97256343162E+04 -5.35994103500E+02   21.4657242          1017851  0.19975    
      167800  -1.67842552         1237729.        0.000000        44.32094     -1.59295889499E+07  2.97197084956E+04 -5.35994118254E+02   21.4624115          1017876  0.19911    
      167900  -1.67847275         1237932.        0.000000        44.71122     -1.59259614261E+07  2.97129401777E+04 -5.35994126831E+02   21.4574132          1017964  0.19546    
      168000  -1.67932524         1237437.        0.000000        44.55736     -1.59269253081E+07  2.97147390804E+04 -5.35994116085E+02   21.4635938          1017609  0.20017    
      168100  -1.67583883         1236610.        0.000000        43.45329     -1.59209905679E+07  2.97036663992E+04 -5.35994121195E+02   21.4631414          1016948  0.19744    
      168200  -1.67728285         1237865.        0.000000        44.03453     -1.59169465243E+07  2.96961210830E+04 -5.35994127981E+02   21.4574741          1018287  0.19842    
      168300  -1.68073775         1238388.        0.000000        43.64367     -1.59196132381E+07  2.97010965483E+04 -5.35994124398E+02   21.4569770          1018667  0.20636    
      168400  -1.67859520         1237524.        0.000000        45.64639     -1.59134083087E+07  2.96895199810E+04 -5.35994125836E+02   21.4550830          1017974  0.20058    
      168500  -1.68042942         1237998.        0.000000        44.94786     -1.59160550156E+07  2.96944579264E+04 -5.35994125741E+02   21.4541888          1018614  0.19679    
      168600  -1.68085662         1238095.        0.000000        44.32883     -1.59135433954E+07  2.96897725856E+04 -5.35994115466E+02   21.4520799          1018790  0.20286    
      168700  -1.67868353         1237172.        0.000000        44.39664     -1.59100617186E+07  2.96832778584E+04 -5.35994097231E+02   21.4566259          1017968  0.19812    
      168800  -1.67929569         1237577.        0.000000        43.65996     -1.59052163172E+07  2.96742378374E+04 -5.35994097115E+02   21.4533513          1018459  0.20313    
      168900  -1.67712515         1236607.        0.000000        43.62647     -1.58991097561E+07  2.96628445640E+04 -5.35994102715E+02   21.4484435          1017566  0.20026    
      169000  -1.67487471         1236852.        0.000000        43.78877     -1.58943585488E+07  2.96539802418E+04 -5.35994103293E+02   21.4434123          1017851  0.20677    
      169100  -1.67692858         1236814.        0.000000        42.79156     -1.58952921721E+07  2.96557221923E+04 -5.35994101542E+02   21.4445400          1017713  0.20075    
      169200  -1.67588097         1237276.        0.000000        42.40369     -1.58936641594E+07  2.96526848542E+04 -5.35994100958E+02   21.4375455          1018037  0.20330    
      169300  -1.67865398         1237412.        0.000000        43.57104     -1.58997564431E+07  2.96640519507E+04 -5.35994087037E+02   21.4440607          1018229  0.19978    
      169400  -1.67691629         1237259.        0.000000        44.62892     -1.58990188576E+07  2.96626760744E+04 -5.35994082858E+02   21.4468417          1018146  0.19590    
      169500  -1.67992383         1238894.        0.000000        41.87499     -1.59011712597E+07  2.96666918569E+04 -5.35994081728E+02   21.4379801          1019310  0.20409    
      169600  -1.68271602         1238702.        0.000000        42.09541     -1.59049058420E+07  2.96736590581E+04 -5.35994088591E+02   21.4445817          1019339  0.19978    
      169700  -1.68401964         1238502.        0.000000        43.21953     -1.59049823953E+07  2.96738013455E+04 -5.35994098298E+02   21.4503576          1019301  0.19768    
      169800  -1.68024534         1237731.        0.000000        43.22830     -1.58962696738E+07  2.96575464962E+04 -5.35994090940E+02   21.4449623          1018715  0.20587    
      169900  -1.67905358         1237803.        0.000000        41.69900     -1.58963780421E+07  2.96577484670E+04 -5.35994094758E+02   21.4396016          1018776  0.20282    
      170000  -1.67805326         1236909.        0.000000        41.24167     -1.58909128024E+07  2.96475516123E+04 -5.35994101982E+02   21.4464468          1018119  0.19728    
      170100  -1.67688272         1236991.        0.000000        41.37988     -1.58814269363E+07  2.96298530461E+04 -5.35994117542E+02   21.4382700          1018177  0.20876    
      170200  -1.67827427         1238294.        0.000000        41.82160     -1.58844273492E+07  2.96354502382E+04 -5.35994129380E+02   21.4295266          1019152  0.20309    
      170300  -1.68157043         1238080.        0.000000        41.42551     -1.58874505829E+07  2.96410904834E+04 -5.35994132595E+02   21.4401283          1019158  0.19941    
      170400  -1.67910755         1236807.        0.000000        42.17267     -1.58772935511E+07  2.96221402762E+04 -5.35994138270E+02   21.4363098          1018159  0.20151    
      170500  -1.67519305         1236559.        0.000000        41.79691     -1.58785388321E+07  2.96244637963E+04 -5.35994134486E+02   21.4391265          1017906  0.19800    
      170600  -1.67353014         1235961.        0.000000        41.51956     -1.58762863247E+07  2.96202611724E+04 -5.35994136996E+02   21.4439531          1017177  0.20478    
      170700  -1.67280354         1236028.        0.000000        42.23745     -1.58788878999E+07  2.96251151302E+04 -5.35994133022E+02   21.4359722          1016848  0.20708    
      170800  -1.67132845         1235703.        0.000000        43.34816     -1.58889143518E+07  2.96438216617E+04 -5.35994128324E+02   21.4432953          1016214  0.20351    
      170900  -1.67225962         1236304.        0.000000        42.80026     -1.58972791761E+07  2.96594283804E+04 -5.35994118706E+02   21.4490710          1016602  0.19643    
      171000  -1.67751068         1238441.        0.000000        43.06892     -1.59104769321E+07  2.96840505706E+04 -5.35994132412E+02   21.4440033          1018322  0.19948    
      171100  -1.68288169         1238633.        0.000000        43.20248     -1.59180568053E+07  2.96981920691E+04 -5.35994136217E+02   21.4543224          1018659  0.20950    
      171200  -1.68322815         1238103.        0.000000        44.57383     -1.59156906050E+07  2.96937777186E+04 -5.35994131693E+02   21.4576983          1018472  0.19483    
      171300  -1.67873651         1237122.        0.000000        44.28204     -1.59058843015E+07  2.96754824216E+04 -5.35994127257E+02   21.4573742          1017903  0.20162    
      171400  -1.67659790         1237077.        0.000000        43.50606     -1.58953802231E+07  2.96558849385E+04 -5.35994129193E+02   21.4452711          1017830  0.20397    
      171500  -1.67640606         1237034.        0.000000        42.52528     -1.58934112954E+07  2.96522115011E+04 -5.35994129637E+02   21.4438760          1017849  0.20028    
      171600  -1.67458576         1236792.        0.000000        43.33212     -1.58910165775E+07  2.96477443956E+04 -5.35994116971E+02   21.4406250          1017531  0.20519    
      171700  -1.67773356         1237284.        0.000000        44.32469     -1.59023716541E+07  2.96689303296E+04 -5.35994101486E+02   21.4427561          1017737  0.20262    
      171800  -1.67548829         1236801.        0.000000        43.86083     -1.59090519258E+07  2.96813942331E+04 -5.35994091140E+02   21.4546156          1017286  0.19627    
      171900  -1.67523317         1237011.        0.000000        43.25006     -1.59053625468E+07  2.96745106957E+04 -5.35994096410E+02   21.4493058          1017326  0.20650    
      172000  -1.67819105         1238019.        0.000000        43.02002     -1.59053279659E+07  2.96744461647E+04 -5.35994096657E+02   21.4463346          1018351  0.20288    
      172100  -1.68037264         1238256.        0.000000        42.69775     -1.59081207616E+07  2.96796572564E+04 -5.35994085922E+02   21.4523116          1018873  0.20153    
      172200  -1.68133033         1238002.        0.000000        42.95667     -1.59015443603E+07  2.96673878644E+04 -5.35994083231E+02   21.4509457          1018756  0.19737    
      172300  -1.67833218         1237667.        0.000000        42.52292     -1.58958558583E+07  2.96567746850E+04 -5.35994086583E+02   21.4459634          1018587  0.19787    
      172400  -1.68129481         1238661.        0.000000        42.31508     -1.58988230530E+07  2.96623109457E+04 -5.35994079563E+02   21.4426075          1019414  0.19800    
      172500  -1.68062751         1237356.        0.000000        42.37257     -1.58968884720E+07  2.96587015301E+04 -5.35994081060E+02   21.4499986          1018270  0.20616    
      172600  -1.67661865         1236832.        0.000000        41.35324     -1.58887859332E+07  2.96435842100E+04 -5.35994089671E+02   21.4458331          1017928  0.20710    
      172700  -1.67936402         1238202.        0.000000        42.22359     -1.58922722495E+07  2.96500881643E+04 -5.35994097605E+02   21.4366756          1018977  0.19909    
      172800  -1.68028537         1238056.        0.000000        41.98460     -1.58964516812E+07  2.96578858559E+04 -5.35994094739E+02   21.4433228          1018901  0.20892    
      172900  -1.67778745         1236876.        0.000000        42.04774     -1.58948678236E+07  2.96549311323E+04 -5.35994089909E+02   21.4494771          1017852  0.20685    
      173000  -1.67572445         1236911.        0.000000        42.48638     -1.58938423027E+07  2.96530185489E+04 -5.35994076842E+02   21.4464710          1017891  0.20792    
      173100  -1.67622578         1236660.        0.000000        42.74464     -1.58930945279E+07  2.96516232359E+04 -5.35994080374E+02   21.4479311          1017670  0.19639    
      173200  -1.67549164         1236832.        0.000000        42.48175     -1.58887250702E+07  2.96434706519E+04 -5.35994089790E+02   21.4437650          1017956  0.21210    
      173300  -1.67589213         1237005.        0.000000        41.38975     -1.58872318959E+07  2.96406840491E+04 -5.35994104239E+02   21.4365859          1017964  0.19911    
      173400  -1.67741219         1237759.        0.000000        42.17068     -1.58989675265E+07  2.96625787300E+04 -5.35994111343E+02   21.4369512          1018476  0.19654    
      173500  -1.68038105         1238049.        0.000000        42.26840     -1.59129120418E+07  2.96885948650E+04 -5.35994112020E+02   21.4512532          1018544  0.20843    
      173600  -1.67941790         1237082.        0.000000        42.18094     -1.59144668532E+07  2.96914955244E+04 -5.35994114547E+02   21.4590267          1017788  0.20632    
      173700  -1.67621270         1237043.        0.000000        40.88607     -1.59096831321E+07  2.96825704967E+04 -5.35994115938E+02   21.4584962          1017782  0.20726    
      173800  -1.67487529         1236908.        0.000000        41.46840     -1.59042003975E+07  2.96723414172E+04 -5.35994115660E+02   21.4495278          1017512  0.21190    
      173900  -1.67882801         1237564.        0.000000        41.46608     -1.59109095612E+07  2.96848584594E+04 -5.35994119123E+02   21.4481742          1017910  0.19998    
      174000  -1.67969249         1237757.        0.000000        42.62930     -1.59171933107E+07  2.96965812957E+04 -5.35994131858E+02   21.4553678          1018067  0.20048    
      174100  -1.68024837         1237918.        0.000000        42.64062     -1.59185981710E+07  2.96992023507E+04 -5.35994131526E+02   21.4601781          1018375  0.20274    
      174200  -1.68085146         1238035.        0.000000        42.25508     -1.59130877773E+07  2.96889228507E+04 -5.35994109901E+02   21.4565563          1018645  0.20423    
      174300  -1.68056544         1238056.        0.000000        41.06432     -1.59087386466E+07  2.96808100085E+04 -5.35994086482E+02   21.4488724          1018808  0.20021    
      174400  -1.68006704         1237328.        0.000000        41.79702     -1.59131088820E+07  2.96889634050E+04 -5.35994088609E+02   21.4566617          1018080  0.19829    
      174500  -1.67973179         1237690.        0.000000        42.51707     -1.59137273014E+07  2.96901163551E+04 -5.35994103594E+02   21.4507474          1018403  0.20274    
      174600  -1.68022311         1237948.        0.000000        43.26865     -1.59188137861E+07  2.96996060091E+04 -5.35994106495E+02   21.4522799          1018552  0.19621    
      174700  -1.67880437         1237596.        0.000000        43.72494     -1.59197223072E+07  2.97013006733E+04 -5.35994112928E+02   21.4564847          1018239  0.20273    
      174800  -1.67687238         1237092.        0.000000        43.79719     -1.59164205535E+07  2.96951412094E+04 -5.35994102243E+02   21.4524848          1017788  0.20062    
      174900  -1.67686907         1236874.        0.000000        44.18706     -1.59207283123E+07  2.97031778830E+04 -5.35994107262E+02   21.4555983          1017271  0.19790    
      175000  -1.67468661         1236644.        0.000000        43.69836     -1.59228144334E+07  2.97070698022E+04 -5.35994109800E+02   21.4566676          1016977  0.20724    
      175100  -1.67572804         1236626.        0.000000        45.50848     -1.59314388155E+07  2.97231603477E+04 -5.35994107933E+02   21.4615880          1016930  0.20118    
      175200  -1.67673622         1237514.        0.000000        45.72500     -1.59342202145E+07  2.97283494370E+04 -5.35994110545E+02   21.4586875          1017441  0.19779    
      175300  -1.68001336         1238358.        0.000000        46.55605     -1.59353285548E+07  2.97304168529E+04 -5.35994117864E+02   21.4549243          1018293  0.20146    
      175400  -1.68170511         1238814.        0.000000        46.47755     -1.59369968947E+07  2.97335291991E+04 -5.35994122594E+02   21.4566641          1018976  0.20340    
      175500  -1.68229123         1237857.        0.000000        46.71185     -1.59368283388E+07  2.97332156957E+04 -5.35994105108E+02   21.4664794          1018099  0.19903    
      175600  -1.67966186         1237767.        0.000000        47.30136     -1.59273957463E+07  2.97156173868E+04 -5.35994105020E+02   21.4623985          1018215  0.20571    
      175700  -1.67892246         1237862.        0.000000        47.57596     -1.59232911772E+07  2.97079592338E+04 -5.35994110260E+02   21.4528808          1018200  0.20380    
      175800  -1.67750096         1237042.        0.000000        47.32731     -1.59207572590E+07  2.97032314786E+04 -5.35994114665E+02   21.4558164          1017638  0.19471    
      175900  -1.67659319         1237100.        0.000000        46.83764     -1.59223213187E+07  2.97061494638E+04 -5.35994115903E+02   21.4605327          1017691  0.20554    
      176000  -1.67776698         1237257.        0.000000        46.53927     -1.59202344201E+07  2.97022557158E+04 -5.35994120191E+02   21.4586537          1017849  0.20013    
      176100  -1.67567199         1237394.        0.000000        44.96305     -1.59142195263E+07  2.96910340660E+04 -5.35994114954E+02   21.4488573          1017872  0.20210    
      176200  -1.68016042         1238445.        0.000000        46.32733     -1.59288180018E+07  2.97182706164E+04 -5.35994109733E+02   21.4535146          1018664  0.19724    
      176300  -1.67917019         1237804.        0.000000        46.84007     -1.59285550756E+07  2.97177796288E+04 -5.35994117816E+02   21.4622092          1018310  0.20364    
      176400  -1.67937731         1237543.        0.000000        46.41382     -1.59257801873E+07  2.97126022069E+04 -5.35994123854E+02   21.4633524          1018027  0.20222    
      176500  -1.67800717         1237562.        0.000000        46.21904     -1.59234970072E+07  2.97083424076E+04 -5.35994125444E+02   21.4585815          1018058  0.20382    
      176600  -1.67976671         1237694.        0.000000        45.45561     -1.59239184445E+07  2.97091294675E+04 -5.35994111235E+02   21.4587258          1018182  0.20420    
      176700  -1.67768300         1236533.        0.000000        45.76841     -1.59211526029E+07  2.97039688644E+04 -5.35994118346E+02   21.4661926          1017215  0.20238    
      176800  -1.67440498         1236652.        0.000000        44.99528     -1.59141476820E+07  2.96908989968E+04 -5.35994133546E+02   21.4564392          1017304  0.20290    
      176900  -1.67409024         1237176.        0.000000        44.94908     -1.59154767942E+07  2.96933780409E+04 -5.35994145641E+02   21.4508483          1017678  0.20170    
      177000  -1.67806205         1238003.        0.000000        44.89630     -1.59283958848E+07  2.97174821716E+04 -5.35994126045E+02   21.4584180          1018297  0.19995    
      177100  -1.68188195         1238333.        0.000000        45.57865     -1.59351672596E+07  2.97301157636E+04 -5.35994120787E+02   21.4656609          1018606  0.20476    
      177200  -1.68246870         1238605.        0.000000        45.91586     -1.59309537247E+07  2.97222548198E+04 -5.35994116911E+02   21.4624006          1018959  0.19880    
      177300  -1.68592778         1239602.        0.000000        44.74683     -1.59275367095E+07  2.97158793864E+04 -5.35994122955E+02   21.4582324          1020081  0.20700    
      177400  -1.68427158         1238740.        0.000000        45.21160     -1.59149477203E+07  2.96923919052E+04 -5.35994128433E+02   21.4608422          1019799  0.19431    
      177500  -1.67963099         1237685.        0.000000        45.15041     -1.58977315268E+07  2.96602717639E+04 -5.35994128893E+02   21.4507188          1018997  0.20270    
      177600  -1.67931519         1237526.        0.000000        46.96845     -1.58939486491E+07  2.96532147528E+04 -5.35994116712E+02   21.4450333          1018865  0.20401    
      177700  -1.67675405         1236875.        0.000000        45.61511     -1.58874943956E+07  2.96411725861E+04 -5.35994126059E+02   21.4436849          1018335  0.19856    
      177800  -1.67734680         1237508.        0.000000        45.33968     -1.58858662623E+07  2.96381348035E+04 -5.35994129444E+02   21.4397679          1019040  0.20086    
      177900  -1.67653487         1236094.        0.000000        45.84795     -1.58847634554E+07  2.96360774012E+04 -5.35994127710E+02   21.4487972          1017681  0.20219    
      178000  -1.67381976         1236749.        0.000000        45.19812     -1.58814562829E+07  2.96299068578E+04 -5.35994134544E+02   21.4345945          1018185  0.19747    
      178100  -1.67654148         1237342.        0.000000        46.06744     -1.58898728336E+07  2.96456099988E+04 -5.35994126422E+02   21.4346567          1018344  0.20591    
      178200  -1.67988915         1237915.        0.000000        45.87714     -1.58982804593E+07  2.96612963524E+04 -5.35994120769E+02   21.4439067          1018897  0.20130    
      178300  -1.68102026         1238208.        0.000000        45.53279     -1.58962179909E+07  2.96574483352E+04 -5.35994122329E+02   21.4417557          1019203  0.19810    
      178400  -1.67821686         1237012.        0.000000        45.90275     -1.58923426880E+07  2.96502183916E+04 -5.35994119101E+02   21.4469822          1018239  0.20389    
      178500  -1.67592293         1236722.        0.000000        45.19372     -1.58886889788E+07  2.96434017300E+04 -5.35994118472E+02   21.4369599          1017859  0.20523    
      178600  -1.67565967         1236094.        0.000000        44.49264     -1.58972958574E+07  2.96594590317E+04 -5.35994127214E+02   21.4477498          1017126  0.19596    
      178700  -1.67058088         1234512.        0.000000        44.69432     -1.58966538472E+07  2.96582608149E+04 -5.35994134871E+02   21.4544759          1015732  0.20355    
      178800  -1.67016825         1236272.        0.000000        45.38063     -1.59021979057E+07  2.96686042120E+04 -5.35994136837E+02   21.4426156          1017032  0.20323    
      178900  -1.67366265         1236784.        0.000000        43.90713     -1.59129485249E+07  2.96886615732E+04 -5.35994136538E+02   21.4439961          1017190  0.19504    
      179000  -1.67490501         1237320.        0.000000        45.31319     -1.59218477550E+07  2.97052647850E+04 -5.35994136737E+02   21.4491292          1017672  0.21156    
      179100  -1.67889196         1237853.        0.000000        45.97693     -1.59301288096E+07  2.97207145745E+04 -5.35994138691E+02   21.4555487          1018002  0.20378    
      179200  -1.68103422         1238263.        0.000000        45.02518     -1.59323299611E+07  2.97248212090E+04 -5.35994139345E+02   21.4612549          1018552  0.20031    
      179300  -1.68115206         1237806.        0.000000        44.73896     -1.59292560387E+07  2.97190856777E+04 -5.35994149063E+02   21.4624630          1018094  0.20338    
      179400  -1.67893226         1237598.        0.000000        46.07867     -1.59250294927E+07  2.97112002541E+04 -5.35994148891E+02   21.4586715          1017905  0.20566    
      179500  -1.67898065         1237772.        0.000000        46.34204     -1.59233897607E+07  2.97081413029E+04 -5.35994143771E+02   21.4558366          1018115  0.20101    
      179600  -1.68080079         1238303.        0.000000        46.12477     -1.59214371144E+07  2.97044982350E+04 -5.35994144335E+02   21.4532513          1018868  0.21132    
      179700  -1.67912845         1237330.        0.000000        45.43144     -1.59140034684E+07  2.96906295308E+04 -5.35994140908E+02   21.4537254          1018152  0.20039    
      179800  -1.67963557         1237663.        0.000000        45.79784     -1.59112013754E+07  2.96854019949E+04 -5.35994135372E+02   21.4450037          1018317  0.19388    
      179900  -1.67936547         1238053.        0.000000        47.06494     -1.59114521625E+07  2.96858699440E+04 -5.35994134329E+02   21.4485761          1018898  0.20495    
      180000  -1.67743789         1237093.        0.000000        47.09356     -1.59098518170E+07  2.96828845839E+04 -5.35994127257E+02   21.4480365          1017989  0.19950    
      180100  -1.67566597         1236801.        0.000000        46.25235     -1.59121459077E+07  2.96871655184E+04 -5.35994111589E+02   21.4561231          1017675  0.19576    
      180200  -1.67790210         1237787.        0.000000        46.70510     -1.59133653720E+07  2.96894402813E+04 -5.35994118489E+02   21.4486370          1018379  0.19708    
      180300  -1.67899116         1238040.        0.000000        48.19086     -1.59177642663E+07  2.96976472837E+04 -5.35994118129E+02   21.4493151          1018409  0.20144    
      180400  -1.67897629         1237583.        0.000000        47.77687     -1.59244109900E+07  2.97100482811E+04 -5.35994113484E+02   21.4578449          1017845  0.19708    
      180500  -1.67782626         1237359.        0.000000        48.42990     -1.59227682856E+07  2.97069838392E+04 -5.35994107374E+02   21.4622563          1017756  0.20366    
      180600  -1.67993981         1238625.        0.000000        49.71493     -1.59250109057E+07  2.97111683595E+04 -5.35994098684E+02   21.4532386          1018907  0.20123    
      180700  -1.68031769         1237750.        0.000000        48.93181     -1.59269527480E+07  2.97147909127E+04 -5.35994104578E+02   21.4600403          1018087  0.19788    
      180800  -1.67819962         1237735.        0.000000        46.98943     -1.59256358746E+07  2.97123342822E+04 -5.35994100071E+02   21.4582240          1018180  0.20669    
      180900  -1.67910167         1238100.        0.000000        47.61641     -1.59299766334E+07  2.97204323486E+04 -5.35994108247E+02   21.4584278          1018334  0.20046    
      181000  -1.67959086         1237845.        0.000000        46.99559     -1.59261248537E+07  2.97132459638E+04 -5.35994110947E+02   21.4560368          1017956  0.19558    
      181100  -1.67886499         1237355.        0.000000        47.14098     -1.59269238548E+07  2.97147366835E+04 -5.35994110413E+02   21.4586434          1017491  0.20266    
      181200  -1.67915033         1237909.        0.000000        46.65553     -1.59240882129E+07  2.97094468624E+04 -5.35994099341E+02   21.4589305          1018380  0.20142    
      181300  -1.67815725         1237005.        0.000000        46.93383     -1.59170650113E+07  2.96963438207E+04 -5.35994097706E+02   21.4596955          1017456  0.20061    
      181400  -1.67511412         1236735.        0.000000        46.58925     -1.59103505541E+07  2.96838166267E+04 -5.35994099214E+02   21.4510745          1017259  0.20131    
      181500  -1.67580397         1237244.        0.000000        46.72409     -1.59164892769E+07  2.96952686620E+04 -5.35994116034E+02   21.4525057          1017603  0.19907    
      181600  -1.67711343         1236986.        0.000000        47.54872     -1.59210630141E+07  2.97038020211E+04 -5.35994112902E+02   21.4603942          1017228  0.19791    
      181700  -1.67987328         1238246.        0.000000        46.96486     -1.59243368997E+07  2.97099103098E+04 -5.35994108821E+02   21.4572725          1018422  0.20423    
      181800  -1.68189998         1238760.        0.000000        47.58308     -1.59245784314E+07  2.97103613138E+04 -5.35994101963E+02   21.4541810          1018936  0.19977    
      181900  -1.68555939         1239251.        0.000000        48.36433     -1.59301213850E+07  2.97207027791E+04 -5.35994101599E+02   21.4596801          1019638  0.19856    
      182000  -1.68516552         1238913.        0.000000        47.51282     -1.59245418701E+07  2.97102926966E+04 -5.35994109273E+02   21.4611777          1019718  0.20743    
      182100  -1.68065990         1237167.        0.000000        47.08303     -1.59058688430E+07  2.96754543184E+04 -5.35994113936E+02   21.4603987          1018483  0.19934    
      182200  -1.67279118         1236130.        0.000000        47.22890     -1.58906212982E+07  2.96470066641E+04 -5.35994121708E+02   21.4476708          1017525  0.19985    
      182300  -1.67296712         1236408.        0.000000        45.98284     -1.58909495854E+07  2.96476190630E+04 -5.35994123226E+02   21.4370936          1017361  0.20256    
      182400  -1.67460306         1236940.        0.000000        47.62693     -1.59041145365E+07  2.96721820300E+04 -5.35994101156E+02   21.4416117          1017623  0.20439    
      182500  -1.67531986         1236728.        0.000000        46.36603     -1.59095658647E+07  2.96823527332E+04 -5.35994097495E+02   21.4532213          1017572  0.19406    
      182600  -1.67350712         1235745.        0.000000        45.26403     -1.59096979611E+07  2.96825992575E+04 -5.35994096172E+02   21.4644751          1016673  0.19981    
      182700  -1.67453796         1236778.        0.000000        45.67170     -1.59030025759E+07  2.96701068764E+04 -5.35994111586E+02   21.4470185          1017433  0.20318    
      182800  -1.67871904         1238394.        0.000000        44.94667     -1.59132086926E+07  2.96891485071E+04 -5.35994108715E+02   21.4506452          1018949  0.19354    
      182900  -1.68050517         1238307.        0.000000        45.96859     -1.59099297619E+07  2.96830315407E+04 -5.35994099527E+02   21.4521383          1019034  0.20204    
      183000  -1.67909677         1237082.        0.000000        46.26340     -1.59039252881E+07  2.96718288237E+04 -5.35994103452E+02   21.4530155          1018082  0.20228    
      183100  -1.67407030         1235842.        0.000000        46.41961     -1.58969175571E+07  2.96587548704E+04 -5.35994097749E+02   21.4578485          1017068  0.19939    
      183200  -1.66992789         1235402.        0.000000        46.35438     -1.58940413290E+07  2.96533893649E+04 -5.35994085983E+02   21.4456439          1016203  0.20705    
      183300  -1.67241759         1237076.        0.000000        45.71411     -1.59084329443E+07  2.96802401734E+04 -5.35994077249E+02   21.4468950          1017457  0.19974    
      183400  -1.67605032         1237013.        0.000000        45.98053     -1.59175264532E+07  2.96972059147E+04 -5.35994076308E+02   21.4574581          1017373  0.19769    
      183500  -1.67708693         1237170.        0.000000        45.41410     -1.59202963817E+07  2.97023738221E+04 -5.35994074985E+02   21.4590367          1017510  0.20416    
      183600  -1.67752209         1237159.        0.000000        44.54201     -1.59152983753E+07  2.96930490730E+04 -5.35994075118E+02   21.4572235          1017539  0.19753    
      183700  -1.67567289         1236845.        0.000000        44.07886     -1.59153083654E+07  2.96930673762E+04 -5.35994081169E+02   21.4574883          1017306  0.19911    
      183800  -1.67575909         1236765.        0.000000        44.34803     -1.59157302466E+07  2.96938551142E+04 -5.35994069664E+02   21.4591323          1017033  0.19879    
      183900  -1.67348190         1236556.        0.000000        42.97482     -1.59104490507E+07  2.96840019209E+04 -5.35994071592E+02   21.4570166          1016941  0.20217    
      184000  -1.67529346         1236849.        0.000000        43.13220     -1.59157178767E+07  2.96938313860E+04 -5.35994081390E+02   21.4588044          1016884  0.19767    
      184100  -1.67501447         1236893.        0.000000        43.35703     -1.59208652328E+07  2.97034350003E+04 -5.35994077205E+02   21.4596344          1016970  0.20123    
      184200  -1.67652761         1236981.        0.000000        43.80468     -1.59309073016E+07  2.97221708044E+04 -5.35994070096E+02   21.4669986          1016841  0.19907    
      184300  -1.67598340         1236581.        0.000000        43.93109     -1.59305188688E+07  2.97214466273E+04 -5.35994060739E+02   21.4713150          1016512  0.19579    
      184400  -1.67172913         1235793.        0.000000        43.47014     -1.59207546995E+07  2.97032293920E+04 -5.35994066148E+02   21.4687510          1015993  0.20467    
      184500  -1.67166900         1235834.        0.000000        43.04988     -1.59216879623E+07  2.97049702181E+04 -5.35994072554E+02   21.4625460          1015759  0.20198    
      184600  -1.67242952         1236312.        0.000000        43.18681     -1.59257705288E+07  2.97125869223E+04 -5.35994074512E+02   21.4651987          1016001  0.19749    
      184700  -1.67580971         1237232.        0.000000        43.73595     -1.59261151416E+07  2.97132296153E+04 -5.35994078993E+02   21.4633435          1016892  0.20074    
      184800  -1.68068374         1238126.        0.000000        43.26621     -1.59291767826E+07  2.97189416359E+04 -5.35994080062E+02   21.4575724          1017634  0.19970    
      184900  -1.67921075         1237624.        0.000000        43.67380     -1.59282379947E+07  2.97171897465E+04 -5.35994087280E+02   21.4606012          1017483  0.20158    
      185000  -1.68171482         1238790.        0.000000        44.85352     -1.59263267270E+07  2.97136237348E+04 -5.35994090425E+02   21.4551131          1018832  0.19787    
      185100  -1.68105652         1238111.        0.000000        45.01624     -1.59192881004E+07  2.97004917977E+04 -5.35994090900E+02   21.4557422          1018440  0.19492    
      185200  -1.67913613         1237279.        0.000000        44.93169     -1.59103673273E+07  2.96838487920E+04 -5.35994083476E+02   21.4561720          1017879  0.19592    
      185300  -1.67911857         1238143.        0.000000        45.28194     -1.59066530542E+07  2.96769181729E+04 -5.35994100248E+02   21.4440806          1018733  0.20076    
      185400  -1.68073074         1237793.        0.000000        44.62607     -1.59106347356E+07  2.96843471466E+04 -5.35994093351E+02   21.4489779          1018347  0.20352    
      185500  -1.67837671         1236595.        0.000000        45.34684     -1.59075700449E+07  2.96786292406E+04 -5.35994095818E+02   21.4526681          1017307  0.19623    
      185600  -1.67556059         1236498.        0.000000        45.18781     -1.59055039303E+07  2.96747742515E+04 -5.35994100426E+02   21.4485302          1017294  0.20386    
      185700  -1.67370122         1236830.        0.000000        45.11471     -1.59043302585E+07  2.96725848700E+04 -5.35994094489E+02   21.4442564          1017483  0.20527    
      185800  -1.67686923         1237355.        0.000000        45.42014     -1.59107213346E+07  2.96845086360E+04 -5.35994094754E+02   21.4463298          1017778  0.19301    
      185900  -1.67810510         1237329.        0.000000        43.94397     -1.59203074253E+07  2.97023937793E+04 -5.35994086657E+02   21.4610672          1017916  0.20219    
      186000  -1.67826325         1237713.        0.000000        43.32416     -1.59208950691E+07  2.97034903797E+04 -5.35994082363E+02   21.4592855          1018220  0.20170    
      186100  -1.67759246         1237208.        0.000000        44.13786     -1.59189332067E+07  2.96998304426E+04 -5.35994077052E+02   21.4597366          1017841  0.20066    
      186200  -1.67642931         1237381.        0.000000        44.81268     -1.59151991994E+07  2.96928634140E+04 -5.35994086442E+02   21.4538750          1017981  0.20087    
      186300  -1.67681131         1237266.        0.000000        45.55256     -1.59163915036E+07  2.96950881313E+04 -5.35994082026E+02   21.4522352          1017740  0.20273    
      186400  -1.67676619         1237216.        0.000000        46.20724     -1.59209534868E+07  2.97035993718E+04 -5.35994082319E+02   21.4542056          1017657  0.19232    
      186500  -1.67712581         1237422.        0.000000        45.62975     -1.59295496672E+07  2.97196379661E+04 -5.35994068480E+02   21.4594172          1017771  0.20243    
      186600  -1.67782201         1236994.        0.000000        44.27154     -1.59281182681E+07  2.97169675618E+04 -5.35994065846E+02   21.4659624          1017443  0.19902    
      186700  -1.67799228         1238125.        0.000000        44.22219     -1.59307043948E+07  2.97217919188E+04 -5.35994075939E+02   21.4585442          1018350  0.19688    
      186800  -1.68146159         1238044.        0.000000        44.88990     -1.59324366811E+07  2.97250238529E+04 -5.35994075563E+02   21.4632834          1018271  0.20329    
      186900  -1.68065592         1238081.        0.000000        45.90539     -1.59256053944E+07  2.97122787878E+04 -5.35994075317E+02   21.4593576          1018524  0.19767    
      187000  -1.67917019         1237500.        0.000000        46.17087     -1.59233973438E+07  2.97081590204E+04 -5.35994079368E+02   21.4609354          1018090  0.19390    
      187100  -1.67756735         1237159.        0.000000        45.29750     -1.59166528176E+07  2.96955757575E+04 -5.35994080315E+02   21.4592391          1017916  0.20079    
      187200  -1.67900917         1238656.        0.000000        46.32229     -1.59153848831E+07  2.96932102490E+04 -5.35994079105E+02   21.4437681          1019216  0.19865    
      187300  -1.68054376         1237623.        0.000000        45.97227     -1.59219453913E+07  2.97054503917E+04 -5.35994074533E+02   21.4592720          1018229  0.19988    
      187400  -1.68084092         1237879.        0.000000        45.96814     -1.59198456224E+07  2.97015332099E+04 -5.35994068383E+02   21.4570563          1018538  0.20670    
      187500  -1.68139713         1238288.        0.000000        46.29500     -1.59174207645E+07  2.96970092292E+04 -5.35994067338E+02   21.4542717          1019011  0.19937    
      187600  -1.68061789         1237913.        0.000000        44.83608     -1.59106899622E+07  2.96844511647E+04 -5.35994075616E+02   21.4570904          1018911  0.19647    
      187700  -1.67863977         1237146.        0.000000        43.43575     -1.59035723183E+07  2.96711720089E+04 -5.35994072413E+02   21.4534033          1018111  0.20032    
      187800  -1.67898197         1237782.        0.000000        43.21657     -1.59035149543E+07  2.96710648975E+04 -5.35994073999E+02   21.4492979          1018623  0.19858    
      187900  -1.67991197         1237900.        0.000000        43.35025     -1.59039304175E+07  2.96718398382E+04 -5.35994077356E+02   21.4491129          1018783  0.19781    
      188000  -1.67870432         1237336.        0.000000        42.86364     -1.58989689388E+07  2.96625837253E+04 -5.35994068690E+02   21.4450767          1018242  0.20219    
      188100  -1.67522695         1236893.        0.000000        43.43816     -1.58960603522E+07  2.96571568151E+04 -5.35994075607E+02   21.4442695          1017849  0.19819    
      188200  -1.67774704         1237953.        0.000000        43.77572     -1.58912404354E+07  2.96481637237E+04 -5.35994086632E+02   21.4374437          1018912  0.19731    
      188300  -1.68094211         1237922.        0.000000        44.10450     -1.58898852924E+07  2.96456354842E+04 -5.35994085905E+02   21.4347970          1018937  0.20462    
      188400  -1.67860747         1237295.        0.000000        45.68004     -1.58875086664E+07  2.96412011103E+04 -5.35994091713E+02   21.4360209          1018572  0.19925    
      188500  -1.67615044         1236861.        0.000000        45.58130     -1.58893252275E+07  2.96445908609E+04 -5.35994080745E+02   21.4406312          1018138  0.19820    
      188600  -1.67522185         1237238.        0.000000        46.19556     -1.58916160000E+07  2.96488654261E+04 -5.35994068293E+02   21.4345715          1018322  0.19779    
      188700  -1.67843466         1237767.        0.000000        46.74235     -1.58962201965E+07  2.96574553640E+04 -5.35994069666E+02   21.4387078          1018783  0.20072    
      188800  -1.68065528         1237796.        0.000000        46.77230     -1.58972410021E+07  2.96593597081E+04 -5.35994072648E+02   21.4373362          1018836  0.19749    
      188900  -1.67922454         1237948.        0.000000        48.68385     -1.59006719280E+07  2.96657607043E+04 -5.35994073655E+02   21.4396190          1019001  0.21157    
      189000  -1.67894767         1237351.        0.000000        48.87489     -1.59018661152E+07  2.96679894275E+04 -5.35994060334E+02   21.4430230          1018652  0.20267    
      189100  -1.67747761         1237434.        0.000000        47.80226     -1.59060237801E+07  2.96757464182E+04 -5.35994059118E+02   21.4432026          1018493  0.19637    
      189200  -1.67620130         1236762.        0.000000        47.64683     -1.59137042004E+07  2.96900752600E+04 -5.35994067414E+02   21.4532061          1017638  0.19908    
      189300  -1.67575544         1237395.        0.000000        48.42090     -1.59144538303E+07  2.96914735573E+04 -5.35994072495E+02   21.4521837          1018135  0.19775    
      189400  -1.67867638         1237885.        0.000000        47.41820     -1.59171904950E+07  2.96965790146E+04 -5.35994078214E+02   21.4517773          1018516  0.19941    
      189500  -1.67903184         1237768.        0.000000        47.86034     -1.59198300855E+07  2.97015037593E+04 -5.35994076749E+02   21.4544500          1018412  0.19987    
      189600  -1.67832296         1237644.        0.000000        46.95813     -1.59145772621E+07  2.96917038879E+04 -5.35994071683E+02   21.4541213          1018486  0.20278    
      189700  -1.68006179         1237645.        0.000000        46.47989     -1.59124781715E+07  2.96877878329E+04 -5.35994068033E+02   21.4515375          1018510  0.19670    
      189800  -1.67900451         1238335.        0.000000        46.80235     -1.59134603515E+07  2.96896200488E+04 -5.35994072183E+02   21.4511402          1019278  0.20244    
      189900  -1.67873408         1237196.        0.000000        44.47472     -1.59050781860E+07  2.96739817241E+04 -5.35994068270E+02   21.4573288          1018480  0.19944    
      190000  -1.67711743         1237454.        0.000000        44.98753     -1.58948931125E+07  2.96549790302E+04 -5.35994076958E+02   21.4435920          1018847  0.19827    
      190100  -1.67581934         1237252.        0.000000        44.61776     -1.58931642772E+07  2.96517532923E+04 -5.35994081715E+02   21.4379188          1018564  0.20682    
      190200  -1.67526022         1236192.        0.000000        44.11079     -1.58952270007E+07  2.96556016114E+04 -5.35994083310E+02   21.4443730          1017426  0.19730    
      190300  -1.67066683         1235649.        0.000000        44.83439     -1.58941821276E+07  2.96536517875E+04 -5.35994090760E+02   21.4443441          1016745  0.19635    
      190400  -1.66916005         1235337.        0.000000        46.22434     -1.59001709484E+07  2.96648251562E+04 -5.35994089454E+02   21.4430542          1016083  0.20568    
      190500  -1.67203653         1236704.        0.000000        45.92843     -1.59158634631E+07  2.96941027711E+04 -5.35994085619E+02   21.4440699          1016984  0.19869    
      190600  -1.67910143         1237983.        0.000000        45.62523     -1.59307066074E+07  2.97217953433E+04 -5.35994088628E+02   21.4545552          1018135  0.19741    
      190700  -1.67920523         1237664.        0.000000        45.44675     -1.59361402574E+07  2.97319328627E+04 -5.35994088613E+02   21.4647971          1017895  0.20149    
      190800  -1.67784586         1237770.        0.000000        45.04784     -1.59343060038E+07  2.97285110367E+04 -5.35994082722E+02   21.4613721          1018016  0.20349    
      190900  -1.67928366         1237949.        0.000000        46.79035     -1.59416987226E+07  2.97423035075E+04 -5.35994083933E+02   21.4604963          1017948  0.20220    
      191000  -1.67876072         1237396.        0.000000        46.78934     -1.59460181760E+07  2.97503623006E+04 -5.35994083531E+02   21.4744277          1017504  0.20176    
      191100  -1.67966930         1237720.        0.000000        46.69426     -1.59455250195E+07  2.97494424464E+04 -5.35994079494E+02   21.4712009          1017613  0.20082    
      191200  -1.67907635         1238184.        0.000000        46.50797     -1.59447098743E+07  2.97479213252E+04 -5.35994085101E+02   21.4715307          1018152  0.20540    
      191300  -1.67989409         1237675.        0.000000        46.38132     -1.59412834139E+07  2.97415285647E+04 -5.35994085820E+02   21.4722854          1017657  0.20463    
      191400  -1.67934791         1237845.        0.000000        46.76072     -1.59374271069E+07  2.97343339920E+04 -5.35994083848E+02   21.4650505          1017808  0.20367    
      191500  -1.67898205         1237361.        0.000000        46.15809     -1.59418442681E+07  2.97425753954E+04 -5.35994077722E+02   21.4691263          1017105  0.20148    
      191600  -1.67941318         1238068.        0.000000        46.72339     -1.59456426664E+07  2.97496618917E+04 -5.35994080350E+02   21.4683301          1017723  0.19896    
      191700  -1.67985764         1237976.        0.000000        46.13091     -1.59481883108E+07  2.97544117565E+04 -5.35994071780E+02   21.4742035          1017745  0.20257    
      191800  -1.68044424         1237260.        0.000000        46.76048     -1.59519246033E+07  2.97613830816E+04 -5.35994061822E+02   21.4796191          1016823  0.20490    
      191900  -1.67710423         1237474.        0.000000        47.87997     -1.59516430092E+07  2.97608577566E+04 -5.35994061046E+02   21.4759921          1016907  0.19726    
      192000  -1.67889661         1237566.        0.000000        47.80823     -1.59575518049E+07  2.97718817170E+04 -5.35994061666E+02   21.4789603          1016876  0.20383    
      192100  -1.67786924         1236965.        0.000000        48.74804     -1.59588665405E+07  2.97743348375E+04 -5.35994057554E+02   21.4856407          1016584  0.20083    
      192200  -1.67658177         1236757.        0.000000        48.10907     -1.59587379996E+07  2.97740949213E+04 -5.35994059326E+02   21.4881060          1016307  0.19863    
      192300  -1.67742221         1236981.        0.000000        48.31464     -1.59616549753E+07  2.97795367172E+04 -5.35994066225E+02   21.4870809          1016371  0.20208    
      192400  -1.67579500         1237139.        0.000000        48.19102     -1.59615166672E+07  2.97792788447E+04 -5.35994063202E+02   21.4820688          1016457  0.19965    
      192500  -1.67735378         1237328.        0.000000        48.15191     -1.59671160579E+07  2.97897258513E+04 -5.35994058408E+02   21.4838175          1016367  0.19889    
      192600  -1.67994673         1238254.        0.000000        48.27980     -1.59748551338E+07  2.98041651050E+04 -5.35994049069E+02   21.4906114          1017202  0.20001    
      192700  -1.68346332         1238959.        0.000000        48.28991     -1.59799252034E+07  2.98136238369E+04 -5.35994057309E+02   21.4935597          1017950  0.19971    
      192800  -1.68230499         1238064.        0.000000        47.39689     -1.59711756846E+07  2.97972990782E+04 -5.35994072572E+02   21.4910586          1017348  0.19818    
      192900  -1.68104237         1238098.        0.000000        46.80910     -1.59699274214E+07  2.97949703089E+04 -5.35994070671E+02   21.4918494          1017455  0.20346    
      193000  -1.68038330         1238057.        0.000000        47.49385     -1.59620852381E+07  2.97803386258E+04 -5.35994081150E+02   21.4865999          1017624  0.20634    
      193100  -1.68133576         1238180.        0.000000        47.10150     -1.59569658058E+07  2.97707871661E+04 -5.35994084295E+02   21.4829378          1017847  0.19695    
      193200  -1.67891121         1237544.        0.000000        48.85914     -1.59458551522E+07  2.97500586571E+04 -5.35994074364E+02   21.4777173          1017558  0.20311    
      193300  -1.67880433         1237426.        0.000000        48.36938     -1.59427340875E+07  2.97442352975E+04 -5.35994081813E+02   21.4718554          1017310  0.19900    
      193400  -1.67715927         1237038.        0.000000        48.70878     -1.59444614932E+07  2.97474578371E+04 -5.35994086637E+02   21.4737660          1016793  0.20347    
      193500  -1.67635192         1236922.        0.000000        48.76176     -1.59400426441E+07  2.97392137925E+04 -5.35994083615E+02   21.4743385          1016807  0.20033    
      193600  -1.67914972         1237736.        0.000000        48.19311     -1.59440442545E+07  2.97466788070E+04 -5.35994097289E+02   21.4649686          1017412  0.20278    
      193700  -1.67929670         1237445.        0.000000        47.47682     -1.59497573991E+07  2.97573374836E+04 -5.35994102558E+02   21.4691240          1017012  0.19535    
      193800  -1.67935510         1238119.        0.000000        47.25321     -1.59538834489E+07  2.97650354358E+04 -5.35994102319E+02   21.4747480          1017653  0.20015    
      193900  -1.68143467         1238289.        0.000000        46.11558     -1.59524378836E+07  2.97623379872E+04 -5.35994110762E+02   21.4736737          1017718  0.19908    
      194000  -1.68152103         1238412.        0.000000        46.13312     -1.59494035773E+07  2.97566761652E+04 -5.35994124100E+02   21.4717285          1017934  0.19721    
      194100  -1.68120931         1238211.        0.000000        47.06054     -1.59503389017E+07  2.97584219157E+04 -5.35994111077E+02   21.4660864          1017734  0.20478    
      194200  -1.68006032         1236992.        0.000000        46.94841     -1.59500127483E+07  2.97578134037E+04 -5.35994111257E+02   21.4759006          1016709  0.20466    
      194300  -1.67785201         1238031.        0.000000        45.95621     -1.59479811791E+07  2.97540223160E+04 -5.35994125758E+02   21.4656203          1017588  0.20083    
      194400  -1.68078264         1237947.        0.000000        46.04888     -1.59517171148E+07  2.97609927680E+04 -5.35994119523E+02   21.4721702          1017486  0.20046    
      194500  -1.68031556         1238397.        0.000000        45.87671     -1.59479907319E+07  2.97540404560E+04 -5.35994120043E+02   21.4687342          1017995  0.20513    
      194600  -1.68185666         1238145.        0.000000        46.18308     -1.59466088888E+07  2.97514622199E+04 -5.35994122605E+02   21.4704534          1017886  0.19649    
      194700  -1.67992382         1237570.        0.000000        45.16127     -1.59430771058E+07  2.97448732015E+04 -5.35994118979E+02   21.4721239          1017395  0.20438    
      194800  -1.67995469         1238212.        0.000000        45.21650     -1.59391573368E+07  2.97375601691E+04 -5.35994118083E+02   21.4639063          1017878  0.20228    
      194900  -1.67949863         1237816.        0.000000        45.99556     -1.59369819013E+07  2.97335022454E+04 -5.35994104218E+02   21.4632373          1017399  0.19605    
      195000  -1.68001620         1238933.        0.000000        46.11790     -1.59357884419E+07  2.97312750350E+04 -5.35994114722E+02   21.4621715          1018637  0.20472    
      195100  -1.68467624         1239276.        0.000000        44.78528     -1.59364880655E+07  2.97325806676E+04 -5.35994108403E+02   21.4614721          1019139  0.19975    
      195200  -1.68379207         1239085.        0.000000        44.17034     -1.59283695705E+07  2.97174333901E+04 -5.35994120402E+02   21.4584618          1019283  0.20091    
      195300  -1.68313062         1238299.        0.000000        44.03403     -1.59176802139E+07  2.96974902967E+04 -5.35994121216E+02   21.4587592          1018854  0.20220    
      195400  -1.67857104         1236871.        0.000000        43.26649     -1.59023361907E+07  2.96688638367E+04 -5.35994107431E+02   21.4565402          1017840  0.19961    
      195500  -1.67423675         1235708.        0.000000        43.92053     -1.58908498902E+07  2.96474348700E+04 -5.35994090549E+02   21.4486560          1016576  0.19528    
      195600  -1.67163257         1235744.        0.000000        44.77244     -1.58893558466E+07  2.96446476108E+04 -5.35994087542E+02   21.4444181          1016489  0.20165    
      195700  -1.67348400         1236872.        0.000000        43.93415     -1.58989222875E+07  2.96624953775E+04 -5.35994092378E+02   21.4403715          1017274  0.19940    
      195800  -1.67464950         1236546.        0.000000        43.34775     -1.59104967865E+07  2.96840896909E+04 -5.35994094891E+02   21.4518963          1016688  0.19558    
      195900  -1.67808620         1237967.        0.000000        44.25879     -1.59209809633E+07  2.97036504766E+04 -5.35994085167E+02   21.4523450          1018043  0.20945    
      196000  -1.67759406         1237022.        0.000000        44.42857     -1.59254106302E+07  2.97119159137E+04 -5.35994066368E+02   21.4615524          1017130  0.20064    
      196100  -1.67709084         1237140.        0.000000        45.18354     -1.59297366401E+07  2.97199868896E+04 -5.35994066862E+02   21.4637160          1017136  0.20295    
      196200  -1.67875525         1238087.        0.000000        44.24396     -1.59315983352E+07  2.97234597847E+04 -5.35994075070E+02   21.4612333          1017937  0.20156    
      196300  -1.67862900         1236938.        0.000000        43.51708     -1.59309626526E+07  2.97222733919E+04 -5.35994082369E+02   21.4694060          1017044  0.20248    
      196400  -1.67725660         1237063.        0.000000        44.91623     -1.59242993127E+07  2.97098415872E+04 -5.35994083509E+02   21.4629899          1017151  0.19530    
      196500  -1.67467608         1236486.        0.000000        46.97437     -1.59235949704E+07  2.97085275963E+04 -5.35994081792E+02   21.4612442          1016774  0.21495    
      196600  -1.67672500         1238025.        0.000000        47.30748     -1.59272609513E+07  2.97153675336E+04 -5.35994075567E+02   21.4525782          1018283  0.20346    
      196700  -1.67895744         1237125.        0.000000        45.89120     -1.59331301490E+07  2.97263180066E+04 -5.35994069142E+02   21.4632021          1017355  0.19725    
      196800  -1.67954804         1238220.        0.000000        46.42973     -1.59393914230E+07  2.97380000190E+04 -5.35994061902E+02   21.4583054          1018124  0.20542    
      196900  -1.68155414         1238187.        0.000000        47.19898     -1.59443568761E+07  2.97472632970E+04 -5.35994075048E+02   21.4667803          1018167  0.19948    
      197000  -1.68104494         1238146.        0.000000        47.32406     -1.59410402626E+07  2.97410753621E+04 -5.35994077838E+02   21.4656486          1018371  0.19633    
      197100  -1.67916813         1237515.        0.000000        47.15311     -1.59375632222E+07  2.97345876365E+04 -5.35994089342E+02   21.4677160          1017902  0.19851    
      197200  -1.67871799         1237331.        0.000000        46.09718     -1.59373725672E+07  2.97342308925E+04 -5.35994108097E+02   21.4651493          1017685  0.20586    
      197300  -1.67836601         1237929.        0.000000        46.43010     -1.59338210541E+07  2.97276048527E+04 -5.35994108272E+02   21.4576253          1018123  0.19358    
      197400  -1.68076052         1237843.        0.000000        47.01498     -1.59364777211E+07  2.97325613013E+04 -5.35994109608E+02   21.4595034          1017849  0.20554    
      197500  -1.68182220         1238280.        0.000000        45.64201     -1.59371499470E+07  2.97338152889E+04 -5.35994112836E+02   21.4624046          1018415  0.20483    
      197600  -1.67882478         1237571.        0.000000        47.05586     -1.59290051008E+07  2.97186183641E+04 -5.35994133566E+02   21.4612301          1018027  0.20135    
      197700  -1.67422086         1235902.        0.000000        48.02957     -1.59212069141E+07  2.97040685532E+04 -5.35994147927E+02   21.4592862          1016441  0.19899    
      197800  -1.67332328         1237393.        0.000000        47.26994     -1.59259486006E+07  2.97129157452E+04 -5.35994135922E+02   21.4551704          1017760  0.20732    
      197900  -1.67982821         1238102.        0.000000        47.02857     -1.59319900695E+07  2.97241876892E+04 -5.35994128286E+02   21.4577571          1018353  0.20158    
      198000  -1.68081361         1238086.        0.000000        45.36186     -1.59302621644E+07  2.97209637285E+04 -5.35994132289E+02   21.4581568          1018475  0.20271    
      198100  -1.67950845         1237238.        0.000000        45.68666     -1.59222589439E+07  2.97060317680E+04 -5.35994139785E+02   21.4620638          1017906  0.19795    
      198200  -1.67665287         1236975.        0.000000        44.07939     -1.59162204823E+07  2.96947655432E+04 -5.35994145470E+02   21.4534819          1017450  0.19973    
      198300  -1.67630517         1236694.        0.000000        44.67721     -1.59237113639E+07  2.97087413912E+04 -5.35994142405E+02   21.4590223          1017070  0.19995    
      198400  -1.67534430         1236756.        0.000000        44.72365     -1.59259007403E+07  2.97128261114E+04 -5.35994142078E+02   21.4542473          1017031  0.20114    
      198500  -1.67605018         1236612.        0.000000        45.65321     -1.59366917622E+07  2.97329588188E+04 -5.35994142369E+02   21.4626828          1016538  0.19657    
      198600  -1.67507131         1236623.        0.000000        45.93215     -1.59439791207E+07  2.97465543873E+04 -5.35994149544E+02   21.4695725          1016411  0.19864    
      198700  -1.67713179         1237447.        0.000000        46.94767     -1.59568747726E+07  2.97706138559E+04 -5.35994146774E+02   21.4705262          1016785  0.19839    
      198800  -1.67935944         1237955.        0.000000        47.06577     -1.59685879950E+07  2.97924675871E+04 -5.35994138395E+02   21.4779443          1017038  0.20116    
      198900  -1.68026560         1238760.        0.000000        45.90029     -1.59709365377E+07  2.97968502892E+04 -5.35994119602E+02   21.4730065          1017897  0.20368    
      199000  -1.67928404         1237695.        0.000000        46.95698     -1.59697559132E+07  2.97946477625E+04 -5.35994116813E+02   21.4783096          1016928  0.20258    
      199100  -1.67963611         1238129.        0.000000        47.04851     -1.59713773307E+07  2.97976727098E+04 -5.35994118943E+02   21.4750530          1017321  0.19890    
      199200  -1.68006386         1237796.        0.000000        46.05481     -1.59720981704E+07  2.97990177656E+04 -5.35994115512E+02   21.4839766          1017141  0.20485    
      199300  -1.67969900         1237755.        0.000000        47.55100     -1.59651772049E+07  2.97861058190E+04 -5.35994107517E+02   21.4810689          1017305  0.20102    
      199400  -1.67758814         1237043.        0.000000        49.05362     -1.59585224012E+07  2.97736896536E+04 -5.35994113825E+02   21.4773255          1016764  0.19859    
      199500  -1.67976102         1238535.        0.000000        49.05237     -1.59638632363E+07  2.97836538698E+04 -5.35994116304E+02   21.4756521          1018237  0.19951    
      199600  -1.68456179         1239038.        0.000000        49.14310     -1.59679377168E+07  2.97912561256E+04 -5.35994106777E+02   21.4824702          1018743  0.20706    
      199700  -1.68172273         1237636.        0.000000        49.44723     -1.59556943214E+07  2.97684140746E+04 -5.35994100370E+02   21.4774649          1017723  0.20973    
      199800  -1.67677067         1236764.        0.000000        49.12510     -1.59442681662E+07  2.97470961296E+04 -5.35994104996E+02   21.4715596          1016899  0.20232    
      199900  -1.67460881         1236439.        0.000000        48.20768     -1.59468297398E+07  2.97518757370E+04 -5.35994095993E+02   21.4729914          1016538  0.20025    
      200000  -1.67513209         1236932.        0.000000        46.38321     -1.59498569886E+07  2.97575233478E+04 -5.35994101463E+02   21.4722471          1016835  0.20125    
      200100  -1.67705536         1237627.        0.000000        45.56872     -1.59536233762E+07  2.97645501991E+04 -5.35994102698E+02   21.4702722          1017391  0.20020    
      200200  -1.67947161         1238169.        0.000000        46.00152     -1.59592295579E+07  2.97750097006E+04 -5.35994101038E+02   21.4719310          1017845  0.20380    
      200300  -1.68289839         1239267.        0.000000        46.52011     -1.59641672478E+07  2.97842230364E+04 -5.35994080769E+02   21.4708121          1018551  0.20566    
      200400  -1.68289112         1237964.        0.000000        46.77647     -1.59621420523E+07  2.97804451217E+04 -5.35994072187E+02   21.4811738          1017560  0.20182    
      200500  -1.67758297         1237002.        0.000000        46.09374     -1.59507864846E+07  2.97592590650E+04 -5.35994073298E+02   21.4733911          1016832  0.20383    
      200600  -1.67976825         1238667.        0.000000        45.98123     -1.59521271110E+07  2.97617599479E+04 -5.35994078942E+02   21.4649408          1018295  0.20796    
      200700  -1.68093496         1238145.        0.000000        45.04824     -1.59526416760E+07  2.97627194214E+04 -5.35994088783E+02   21.4730165          1017928  0.19568    
      200800  -1.67998880         1238082.        0.000000        44.80561     -1.59461616796E+07  2.97506297294E+04 -5.35994089021E+02   21.4711885          1018078  0.20698    
      200900  -1.67752313         1236580.        0.000000        43.71625     -1.59387855334E+07  2.97368686785E+04 -5.35994078790E+02   21.4718754          1016846  0.20385    
      201000  -1.67352499         1236183.        0.000000        43.24505     -1.59346428287E+07  2.97291395898E+04 -5.35994080172E+02   21.4665497          1016338  0.19663    
      201100  -1.67475514         1236544.        0.000000        43.62646     -1.59422327001E+07  2.97432996601E+04 -5.35994085467E+02   21.4647670          1016202  0.20120    
      201200  -1.67525451         1237441.        0.000000        42.77913     -1.59475171417E+07  2.97531590710E+04 -5.35994080615E+02   21.4661645          1017200  0.20409    
      201300  -1.68210951         1238908.        0.000000        41.38460     -1.59521230052E+07  2.97617516422E+04 -5.35994090567E+02   21.4624733          1018454  0.20113    
      201400  -1.68462149         1239505.        0.000000        41.80441     -1.59518536962E+07  2.97612486685E+04 -5.35994100044E+02   21.4651753          1019166  0.20239    
      201500  -1.68602434         1239231.        0.000000        42.52878     -1.59477937314E+07  2.97536739477E+04 -5.35994101415E+02   21.4650611          1019287  0.20667    
      201600  -1.68413111         1238187.        0.000000        43.28000     -1.59379699290E+07  2.97353455944E+04 -5.35994104334E+02   21.4685264          1018550  0.19410    
      201700  -1.67999873         1237619.        0.000000        44.51061     -1.59301423198E+07  2.97207415833E+04 -5.35994106176E+02   21.4592900          1017953  0.20584    
      201800  -1.67496870         1235949.        0.000000        45.43591     -1.59258396834E+07  2.97127142039E+04 -5.35994105895E+02   21.4651810          1016305  0.20309    
      201900  -1.67280906         1236543.        0.000000        44.93700     -1.59245087927E+07  2.97102305285E+04 -5.35994117494E+02   21.4574816          1016823  0.20461    
      202000  -1.67448328         1236830.        0.000000        44.56204     -1.59298820687E+07  2.97202560647E+04 -5.35994105636E+02   21.4580461          1016826  0.19993    
      202100  -1.67503967         1236948.        0.000000        44.31934     -1.59367671875E+07  2.97331020916E+04 -5.35994096359E+02   21.4632109          1016878  0.20154    
      202200  -1.67641074         1237241.        0.000000        44.20704     -1.59391150558E+07  2.97374824363E+04 -5.35994097346E+02   21.4626314          1017230  0.19743    
      202300  -1.67851263         1237907.        0.000000        43.68293     -1.59404377078E+07  2.97399495816E+04 -5.35994106648E+02   21.4636422          1017914  0.20002    
      202400  -1.67975720         1238404.        0.000000        43.81250     -1.59437261516E+07  2.97460851483E+04 -5.35994100471E+02   21.4638977          1018200  0.21037    
      202500  -1.67950458         1237705.        0.000000        43.76235     -1.59434895659E+07  2.97456434787E+04 -5.35994105401E+02   21.4701354          1017453  0.19685    
      202600  -1.67987050         1238462.        0.000000        43.25280     -1.59413089858E+07  2.97415750173E+04 -5.35994108467E+02   21.4658197          1018366  0.20068    
      202700  -1.68216503         1238007.        0.000000        43.52766     -1.59373359696E+07  2.97341620623E+04 -5.35994118018E+02   21.4706698          1018054  0.19948    
      202800  -1.67994361         1237827.        0.000000        43.23876     -1.59255709959E+07  2.97122124625E+04 -5.35994114070E+02   21.4617707          1018084  0.19772    
      202900  -1.68022709         1238194.        0.000000        41.90944     -1.59198054935E+07  2.97014565629E+04 -5.35994100484E+02   21.4569412          1018552  0.20249    
      203000  -1.68242182         1238476.        0.000000        42.23892     -1.59214997628E+07  2.97046173693E+04 -5.35994103707E+02   21.4606298          1018777  0.20445    
      203100  -1.68327846         1238567.        0.000000        43.22702     -1.59214936209E+07  2.97046054466E+04 -5.35994112076E+02   21.4608575          1018852  0.19465    
      203200  -1.68164383         1238002.        0.000000        42.98101     -1.59140294993E+07  2.96906800009E+04 -5.35994106529E+02   21.4602434          1018504  0.20440    
      203300  -1.68056432         1238075.        0.000000        45.14700     -1.59036781698E+07  2.96713674960E+04 -5.35994108528E+02   21.4481455          1018734  0.19967    
      203400  -1.68014569         1237646.        0.000000        44.81522     -1.58991498703E+07  2.96629193450E+04 -5.35994103796E+02   21.4443412          1018381  0.19313    
      203500  -1.67644614         1236609.        0.000000        44.88093     -1.58947063096E+07  2.96546296984E+04 -5.35994091691E+02   21.4442302          1017374  0.20415    
      203600  -1.67533740         1237004.        0.000000        43.67487     -1.58991397302E+07  2.96629015565E+04 -5.35994083380E+02   21.4417892          1017668  0.20009    
      203700  -1.67885484         1238085.        0.000000        43.65371     -1.59077262579E+07  2.96789209678E+04 -5.35994090726E+02   21.4447496          1018533  0.19739    
      203800  -1.68256292         1238404.        0.000000        44.80425     -1.59134937885E+07  2.96896809826E+04 -5.35994098348E+02   21.4508585          1018908  0.20103    
      203900  -1.68065244         1237864.        0.000000        46.14909     -1.59062001109E+07  2.96760728217E+04 -5.35994105637E+02   21.4513354          1018491  0.19766    
      204000  -1.67998330         1237529.        0.000000        46.15433     -1.59010761690E+07  2.96665135228E+04 -5.35994098424E+02   21.4436591          1018096  0.19853    
      204100  -1.67954197         1238332.        0.000000        46.35094     -1.59009988714E+07  2.96663692665E+04 -5.35994099197E+02   21.4414186          1019106  0.19889    
      204200  -1.67734381         1236622.        0.000000        46.29693     -1.58960046879E+07  2.96570518389E+04 -5.35994095915E+02   21.4452005          1017688  0.20655    
      204300  -1.67627017         1237264.        0.000000        45.73422     -1.59013179668E+07  2.96669651184E+04 -5.35994089833E+02   21.4419243          1018057  0.19491    
      204400  -1.67815123         1237672.        0.000000        44.56437     -1.59075653227E+07  2.96786206574E+04 -5.35994091718E+02   21.4487376          1018369  0.20070    
      204500  -1.67829270         1237443.        0.000000        45.08740     -1.59053178784E+07  2.96744278939E+04 -5.35994086734E+02   21.4488442          1018136  0.19674    
      204600  -1.67875303         1237962.        0.000000        44.50144     -1.59038201344E+07  2.96716341455E+04 -5.35994076243E+02   21.4435828          1018635  0.19863    
      204700  -1.68071843         1238600.        0.000000        45.62804     -1.59051209153E+07  2.96740620287E+04 -5.35994057702E+02   21.4442342          1019436  0.19849    
      204800  -1.68273673         1238834.        0.000000        46.21142     -1.59062023032E+07  2.96760802792E+04 -5.35994044818E+02   21.4403165          1019481  0.19930    
      204900  -1.68554387         1239351.        0.000000        44.14945     -1.59052154767E+07  2.96742381700E+04 -5.35994062782E+02   21.4442688          1020162  0.19470    
      205000  -1.68142687         1237295.        0.000000        44.80945     -1.58939172573E+07  2.96531592479E+04 -5.35994061356E+02   21.4485279          1018310  0.20022    
      205100  -1.67629947         1236562.        0.000000        43.41469     -1.58839138370E+07  2.96344961795E+04 -5.35994057087E+02   21.4455461          1017824  0.19953    
      205200  -1.67483853         1236385.        0.000000        45.07321     -1.58797245789E+07  2.96266797602E+04 -5.35994067084E+02   21.4375087          1017577  0.19409    
      205300  -1.67596650         1236954.        0.000000        45.83022     -1.58851731204E+07  2.96368442346E+04 -5.35994082052E+02   21.4365757          1018094  0.19827    
      205400  -1.67772729         1238175.        0.000000        44.68481     -1.58920329295E+07  2.96496416128E+04 -5.35994098580E+02   21.4298803          1018922  0.19721    
      205500  -1.67990353         1237709.        0.000000        44.69727     -1.59022491887E+07  2.96687023671E+04 -5.35994092090E+02   21.4441581          1018491  0.19626    
      205600  -1.67978653         1238109.        0.000000        44.05086     -1.59004281704E+07  2.96653052435E+04 -5.35994086017E+02   21.4417990          1018974  0.20077    
      205700  -1.68113100         1238545.        0.000000        43.31943     -1.58981219995E+07  2.96610029949E+04 -5.35994079574E+02   21.4420246          1019458  0.20155    
      205800  -1.68245498         1238708.        0.000000        42.63099     -1.58940691617E+07  2.96534411234E+04 -5.35994089036E+02   21.4378261          1019625  0.19277    
      205900  -1.68236444         1238453.        0.000000        43.43719     -1.58907166414E+07  2.96471862147E+04 -5.35994091525E+02   21.4363208          1019598  0.20747    
      206000  -1.68122648         1237694.        0.000000        43.56705     -1.58863167769E+07  2.96389781528E+04 -5.35994078303E+02   21.4383089          1019296  0.20564    
      206100  -1.67636671         1236479.        0.000000        43.83468     -1.58782113873E+07  2.96238562779E+04 -5.35994073099E+02   21.4352221          1018177  0.19809    
      206200  -1.67434784         1236645.        0.000000        42.43861     -1.58730159221E+07  2.96141627849E+04 -5.35994079501E+02   21.4300364          1018199  0.20413    
      206300  -1.67611532         1237074.        0.000000        41.89616     -1.58793346499E+07  2.96259516001E+04 -5.35994079254E+02   21.4263691          1018508  0.20244    
      206400  -1.67506579         1237196.        0.000000        42.44563     -1.58871411695E+07  2.96405162007E+04 -5.35994078575E+02   21.4306345          1018461  0.19601    
      206500  -1.67666158         1236819.        0.000000        42.87489     -1.58939857241E+07  2.96532856390E+04 -5.35994085702E+02   21.4366819          1017732  0.19923    
      206600  -1.67690042         1237806.        0.000000        41.78816     -1.59045023891E+07  2.96729057922E+04 -5.35994098471E+02   21.4390759          1018343  0.20170    
      206700  -1.67737522         1237434.        0.000000        42.25993     -1.59130633811E+07  2.96888780000E+04 -5.35994097896E+02   21.4471076          1017971  0.19643    
      206800  -1.67784411         1237429.        0.000000        42.72447     -1.59148278105E+07  2.96921705350E+04 -5.35994086111E+02   21.4461515          1017804  0.19970    
      206900  -1.67757414         1237438.        0.000000        42.60938     -1.59093430370E+07  2.96819370113E+04 -5.35994097384E+02   21.4465330          1018027  0.19921    
      207000  -1.67866505         1237587.        0.000000        43.16058     -1.59060461797E+07  2.96757856843E+04 -5.35994104721E+02   21.4442297          1018288  0.19482    
      207100  -1.67602679         1236493.        0.000000        42.77078     -1.59024470986E+07  2.96690717746E+04 -5.35994089044E+02   21.4473935          1017242  0.20379    
      207200  -1.67438232         1236895.        0.000000        41.80992     -1.59027692762E+07  2.96696734718E+04 -5.35994077971E+02   21.4428289          1017620  0.19793    
      207300  -1.67537615         1236992.        0.000000        42.95326     -1.59046867848E+07  2.96732508720E+04 -5.35994079430E+02   21.4437826          1017459  0.19612    
      207400  -1.68023187         1238154.        0.000000        42.61795     -1.59100205093E+07  2.96832018257E+04 -5.35994081862E+02   21.4394121          1018274  0.20177    
      207500  -1.68028958         1237923.        0.000000        42.05738     -1.59138633101E+07  2.96903709222E+04 -5.35994088850E+02   21.4501619          1018402  0.20794    
      207600  -1.67838110         1237058.        0.000000        41.25822     -1.59102413063E+07  2.96836133039E+04 -5.35994090188E+02   21.4517934          1017518  0.19237    
      207700  -1.67690388         1237427.        0.000000        41.46665     -1.59080987902E+07  2.96796163754E+04 -5.35994083919E+02   21.4540230          1017966  0.20388    
      207800  -1.67873723         1237879.        0.000000        41.12636     -1.59074254639E+07  2.96783601775E+04 -5.35994083526E+02   21.4487538          1018201  0.20322    
      207900  -1.68006652         1237659.        0.000000        41.18407     -1.59022441843E+07  2.96686929414E+04 -5.35994093696E+02   21.4494493          1018309  0.19476    
      208000  -1.67643995         1236273.        0.000000        41.66980     -1.58970614414E+07  2.96590231042E+04 -5.35994101546E+02   21.4522390          1017177  0.20117    
      208100  -1.67543826         1236703.        0.000000        42.20787     -1.58976018923E+07  2.96600312875E+04 -5.35994103923E+02   21.4434238          1017423  0.20027    
      208200  -1.67634370         1237588.        0.000000        42.49402     -1.58991235794E+07  2.96628702382E+04 -5.35994104812E+02   21.4386926          1018071  0.19647    
      208300  -1.68228725         1238992.        0.000000        41.18258     -1.59087599830E+07  2.96808484030E+04 -5.35994111996E+02   21.4388149          1019370  0.20073    
      208400  -1.68119329         1237202.        0.000000        41.65099     -1.59047143843E+07  2.96732999327E+04 -5.35994123349E+02   21.4589888          1018118  0.19976    
      208500  -1.67752725         1237641.        0.000000        42.50903     -1.58917740290E+07  2.96491572313E+04 -5.35994123038E+02   21.4409521          1018692  0.19723    
      208600  -1.67916550         1237840.        0.000000        43.15099     -1.58955745501E+07  2.96562474174E+04 -5.35994130558E+02   21.4422074          1018660  0.19683    
      208700  -1.67987407         1237907.        0.000000        41.62150     -1.58996357776E+07  2.96638247419E+04 -5.35994124694E+02   21.4488993          1018720  0.20327    
      208800  -1.68009337         1237362.        0.000000        41.91199     -1.58915306331E+07  2.96487036823E+04 -5.35994113043E+02   21.4458234          1018258  0.19819    
      208900  -1.67739068         1237240.        0.000000        41.23332     -1.58864688389E+07  2.96392599062E+04 -5.35994113524E+02   21.4416134          1018360  0.20217    
      209000  -1.67660101         1236467.        0.000000        42.66182     -1.58872463873E+07  2.96407107946E+04 -5.35994109500E+02   21.4466021          1017474  0.19826    
      209100  -1.67599394         1237409.        0.000000        42.11480     -1.58869869858E+07  2.96402272298E+04 -5.35994102292E+02   21.4373761          1018222  0.19797    
      209200  -1.67891366         1237930.        0.000000        40.89595     -1.58960539981E+07  2.96571436007E+04 -5.35994100176E+02   21.4434734          1018649  0.19638    
      209300  -1.68174569         1238206.        0.000000        41.43092     -1.58989203711E+07  2.96624908346E+04 -5.35994109860E+02   21.4464838          1019076  0.20918    
      209400  -1.67997572         1237974.        0.000000        43.35109     -1.58933285571E+07  2.96520581994E+04 -5.35994110433E+02   21.4427839          1019097  0.19183    
      209500  -1.67901340         1237256.        0.000000        42.61565     -1.58891407009E+07  2.96442448439E+04 -5.35994112332E+02   21.4455181          1018479  0.20214    
      209600  -1.67882254         1237884.        0.000000        43.47896     -1.58856064529E+07  2.96376512296E+04 -5.35994108638E+02   21.4329956          1018978  0.20451    
      209700  -1.67909333         1237116.        0.000000        43.05570     -1.58953736226E+07  2.96558742345E+04 -5.35994100087E+02   21.4423276          1018096  0.19627    
      209800  -1.67623132         1236716.        0.000000        42.28352     -1.58952222343E+07  2.96555923463E+04 -5.35994090043E+02   21.4448597          1017801  0.20021    
      209900  -1.67769613         1237446.        0.000000        41.78752     -1.59035138067E+07  2.96710624732E+04 -5.35994079116E+02   21.4509077          1018510  0.20043    
      210000  -1.67821992         1237743.        0.000000        43.01384     -1.59038359779E+07  2.96716635004E+04 -5.35994079930E+02   21.4450840          1018611  0.20025    
      210100  -1.67903171         1238411.        0.000000        42.10484     -1.59081233039E+07  2.96796625427E+04 -5.35994076113E+02   21.4456443          1019023  0.19929    
      210200  -1.68141846         1238699.        0.000000        43.66940     -1.59147781984E+07  2.96920783852E+04 -5.35994078687E+02   21.4501561          1019083  0.19781    
      210300  -1.68143066         1237926.        0.000000        45.23342     -1.59171924875E+07  2.96965824916E+04 -5.35994082552E+02   21.4590895          1018519  0.19189    
      210400  -1.67885545         1237813.        0.000000        45.06363     -1.59127981045E+07  2.96883842436E+04 -5.35994076807E+02   21.4545443          1018346  0.19819    
      210500  -1.67955361         1237048.        0.000000        46.51718     -1.59136644558E+07  2.96900010427E+04 -5.35994068607E+02   21.4597810          1017543  0.19613    
      210600  -1.67574207         1237126.        0.000000        45.55711     -1.59101164143E+07  2.96833811873E+04 -5.35994074054E+02   21.4581431          1017633  0.19462    
      210700  -1.67676470         1237230.        0.000000        45.78144     -1.59099465854E+07  2.96830640431E+04 -5.35994079397E+02   21.4528621          1017531  0.19981    
      210800  -1.67533201         1236345.        0.000000        44.66874     -1.59113854279E+07  2.96857478815E+04 -5.35994090209E+02   21.4581317          1016716  0.19851    
      210900  -1.67531147         1237123.        0.000000        43.43892     -1.59158004676E+07  2.96939846529E+04 -5.35994096234E+02   21.4535120          1017224  0.20615    
      211000  -1.67897043         1237871.        0.000000        44.54838     -1.59202869301E+07  2.97023546525E+04 -5.35994102704E+02   21.4505804          1017775  0.19945    
      211100  -1.68151116         1238487.        0.000000        44.03847     -1.59272934787E+07  2.97154265127E+04 -5.35994106358E+02   21.4623069          1018767  0.20404    
      211200  -1.67736308         1236130.        0.000000        45.14777     -1.59125444438E+07  2.96879097034E+04 -5.35994100050E+02   21.4631759          1016789  0.19553    
      211300  -1.67168669         1236156.        0.000000        45.08569     -1.59084966577E+07  2.96803583085E+04 -5.35994090515E+02   21.4535152          1016496  0.20175    
      211400  -1.67490898         1237121.        0.000000        43.68658     -1.59162715561E+07  2.96948641250E+04 -5.35994086018E+02   21.4532716          1017308  0.20405    
      211500  -1.67954375         1238444.        0.000000        43.51367     -1.59224758038E+07  2.97064390689E+04 -5.35994090940E+02   21.4500161          1018471  0.19967    
      211600  -1.68169445         1238035.        0.000000        43.16424     -1.59298135319E+07  2.97201286213E+04 -5.35994097970E+02   21.4600532          1017910  0.19977    
      211700  -1.67932984         1237474.        0.000000        45.01290     -1.59228514147E+07  2.97071395113E+04 -5.35994096930E+02   21.4618474          1017699  0.19568    
      211800  -1.68106928         1238368.        0.000000        44.02431     -1.59197080489E+07  2.97012742122E+04 -5.35994110392E+02   21.4541045          1018617  0.19935    
      211900  -1.67797605         1237029.        0.000000        44.46286     -1.59168710075E+07  2.96959812563E+04 -5.35994108770E+02   21.4591771          1017541  0.20355    
      212000  -1.67830190         1238141.        0.000000        46.49112     -1.59171639277E+07  2.96965289778E+04 -5.35994086702E+02   21.4523963          1018374  0.20408    
      212100  -1.68205402         1238136.        0.000000        46.08707     -1.59247768457E+07  2.97107316963E+04 -5.35994098311E+02   21.4620317          1018456  0.19493    
      212200  -1.67926868         1237258.        0.000000        45.42411     -1.59175054059E+07  2.96971653530E+04 -5.35994099663E+02   21.4575186          1017751  0.19744    
      212300  -1.67720505         1237229.        0.000000        45.54162     -1.59156507986E+07  2.96937056984E+04 -5.35994091145E+02   21.4557010          1017599  0.20106    
      212400  -1.67850706         1237899.        0.000000        43.42576     -1.59180759986E+07  2.96982306145E+04 -5.35994086826E+02   21.4559767          1018262  0.19356    
      212500  -1.67988628         1237763.        0.000000        42.88111     -1.59136129352E+07  2.96899036468E+04 -5.35994091612E+02   21.4570025          1018307  0.20191    
      212600  -1.67691519         1237052.        0.000000        43.08184     -1.59040331694E+07  2.96720310976E+04 -5.35994085376E+02   21.4490232          1017711  0.19731    
      212700  -1.67736296         1237748.        0.000000        42.39566     -1.59041557156E+07  2.96722589716E+04 -5.35994099096E+02   21.4451567          1018535  0.20228    
      212800  -1.68011004         1238734.        0.000000        42.33981     -1.59088884611E+07  2.96810890989E+04 -5.35994094020E+02   21.4398267          1019273  0.19605    
      212900  -1.68274009         1238873.        0.000000        42.59607     -1.59121552693E+07  2.96871841715E+04 -5.35994090154E+02   21.4476500          1019386  0.19745    
      213000  -1.68273927         1238252.        0.000000        43.33723     -1.59080637898E+07  2.96795516716E+04 -5.35994073151E+02   21.4523219          1019025  0.19565    
      213100  -1.67921268         1237293.        0.000000        43.56198     -1.58980789853E+07  2.96609232271E+04 -5.35994070838E+02   21.4494591          1018337  0.19875    
      213200  -1.67587111         1236455.        0.000000        44.25717     -1.58939554081E+07  2.96532300655E+04 -5.35994067864E+02   21.4521539          1017615  0.19950    
      213300  -1.67308317         1236245.        0.000000        43.81463     -1.58861827529E+07  2.96387281464E+04 -5.35994077562E+02   21.4448157          1017388  0.19388    
      213400  -1.67496670         1237036.        0.000000        43.50366     -1.58864079978E+07  2.96391477881E+04 -5.35994088340E+02   21.4368599          1017918  0.20661    
      213500  -1.67672403         1237085.        0.000000        42.80901     -1.58964539959E+07  2.96578899401E+04 -5.35994098973E+02   21.4434697          1017648  0.19874    
      213600  -1.67935760         1238362.        0.000000        44.39463     -1.59058444376E+07  2.96754092546E+04 -5.35994105461E+02   21.4494580          1018949  0.19583    
      213700  -1.68138486         1238531.        0.000000        44.74718     -1.59019028317E+07  2.96680550647E+04 -5.35994112086E+02   21.4467906          1019201  0.20292    
      213800  -1.67961665         1237407.        0.000000        44.32285     -1.59010320096E+07  2.96664300436E+04 -5.35994118140E+02   21.4523648          1018227  0.20224    
      213900  -1.67848370         1237612.        0.000000        44.05512     -1.58978858165E+07  2.96605603873E+04 -5.35994115043E+02   21.4489910          1018463  0.19321    
      214000  -1.67937401         1237729.        0.000000        43.45077     -1.58974326086E+07  2.96597147793E+04 -5.35994116158E+02   21.4475430          1018547  0.19974    
      214100  -1.68111284         1238767.        0.000000        43.94782     -1.59028851814E+07  2.96698879548E+04 -5.35994109774E+02   21.4412587          1019119  0.21044    
      214200  -1.68322412         1238793.        0.000000        42.88238     -1.59034199211E+07  2.96708857536E+04 -5.35994107260E+02   21.4456394          1019477  0.19407    
      214300  -1.67912375         1237714.        0.000000        43.66812     -1.58954994376E+07  2.96561089300E+04 -5.35994100748E+02   21.4474584          1018793  0.19845    
      214400  -1.67975571         1237847.        0.000000        42.29536     -1.58947528528E+07  2.96547163283E+04 -5.35994095401E+02   21.4436092          1018982  0.19739    
      214500  -1.67770099         1237407.        0.000000        41.89392     -1.58971944205E+07  2.96592712519E+04 -5.35994100648E+02   21.4502919          1018579  0.19613    
      214600  -1.67689240         1237393.        0.000000        41.08162     -1.58941916401E+07  2.96536693080E+04 -5.35994094862E+02   21.4445506          1018526  0.20229    
      214700  -1.68022920         1238723.        0.000000        41.47274     -1.59011576554E+07  2.96666664116E+04 -5.35994082880E+02   21.4409152          1019567  0.20318    
      214800  -1.68121326         1237500.        0.000000        42.25446     -1.59033275574E+07  2.96707149294E+04 -5.35994080197E+02   21.4543324          1018691  0.19393    
      214900  -1.67791345         1237885.        0.000000        41.74718     -1.58989308205E+07  2.96625113917E+04 -5.35994090675E+02   21.4459039          1019107  0.19697    
      215000  -1.67996256         1238239.        0.000000        41.31663     -1.58998452802E+07  2.96642174497E+04 -5.35994091440E+02   21.4368974          1019074  0.19782    
      215100  -1.67965187         1237955.        0.000000        39.84826     -1.59042423306E+07  2.96724209555E+04 -5.35994092106E+02   21.4472644          1018782  0.19931    
      215200  -1.67654098         1236513.        0.000000        41.79789     -1.59029845406E+07  2.96700746158E+04 -5.35994086519E+02   21.4522834          1017510  0.19888    
      215300  -1.67633060         1237853.        0.000000        42.96423     -1.59037560624E+07  2.96715139994E+04 -5.35994087216E+02   21.4362769          1018667  0.19628    
      215400  -1.68188993         1238403.        0.000000        43.19269     -1.59200482204E+07  2.97019101572E+04 -5.35994087119E+02   21.4531603          1019317  0.20307    
      215500  -1.67979445         1238001.        0.000000        42.41018     -1.59160119697E+07  2.96943796919E+04 -5.35994088270E+02   21.4530671          1018934  0.20275    
      215600  -1.67698438         1237041.        0.000000        42.75809     -1.59125805311E+07  2.96879772431E+04 -5.35994096223E+02   21.4571361          1018250  0.20655    
      215700  -1.67699891         1237284.        0.000000        41.61813     -1.59103351596E+07  2.96837882879E+04 -5.35994092308E+02   21.4489503          1018296  0.19334    
      215800  -1.67948869         1238214.        0.000000        41.35348     -1.59142888039E+07  2.96911651095E+04 -5.35994082590E+02   21.4458973          1018922  0.20191    
      215900  -1.68086441         1238046.        0.000000        41.98500     -1.59142517039E+07  2.96910955995E+04 -5.35994087878E+02   21.4524446          1018859  0.19982    
      216000  -1.67984902         1237894.        0.000000        41.54561     -1.59102711606E+07  2.96836686717E+04 -5.35994096168E+02   21.4487486          1018797  0.19572    
      216100  -1.67968149         1237640.        0.000000        41.88444     -1.59033980641E+07  2.96708456085E+04 -5.35994095817E+02   21.4482339          1018745  0.20392    
      216200  -1.67931004         1237858.        0.000000        43.26284     -1.58994426309E+07  2.96634667624E+04 -5.35994081820E+02   21.4366627          1018825  0.20198    
      216300  -1.67997439         1238117.        0.000000        44.16520     -1.59035775632E+07  2.96711809291E+04 -5.35994088043E+02   21.4445040          1019198  0.19507    
      216400  -1.68055322         1238463.        0.000000        43.62620     -1.58966832758E+07  2.96583192376E+04 -5.35994071292E+02   21.4416076          1019597  0.20214    
      216500  -1.68120638         1237580.        0.000000        42.97629     -1.58965763160E+07  2.96581195101E+04 -5.35994074427E+02   21.4418734          1018795  0.19619    
      216600  -1.67753863         1237405.        0.000000        42.96305     -1.58933361285E+07  2.96520738768E+04 -5.35994082386E+02   21.4373589          1018458  0.19896    
      216700  -1.67697891         1236922.        0.000000        43.89297     -1.58963546766E+07  2.96577052256E+04 -5.35994088403E+02   21.4384851          1017936  0.19830    
      216800  -1.67691711         1237086.        0.000000        44.98594     -1.59016230713E+07  2.96675342051E+04 -5.35994092442E+02   21.4468169          1017986  0.20223    
      216900  -1.67848702         1237951.        0.000000        44.91375     -1.59068365437E+07  2.96772604902E+04 -5.35994100567E+02   21.4492286          1018802  0.20051    
      217000  -1.67872349         1237710.        0.000000        44.79491     -1.59040689719E+07  2.96720974455E+04 -5.35994093477E+02   21.4449574          1018562  0.20034    
      217100  -1.67846232         1237538.        0.000000        44.69942     -1.59037730904E+07  2.96715460097E+04 -5.35994082857E+02   21.4443798          1018384  0.19652    
      217200  -1.67578642         1236784.        0.000000        44.71612     -1.59033658030E+07  2.96707862913E+04 -5.35994080065E+02   21.4520155          1017873  0.20236    
      217300  -1.67864910         1238490.        0.000000        44.05277     -1.58993720661E+07  2.96633348475E+04 -5.35994086567E+02   21.4412291          1019546  0.19920    
      217400  -1.68185095         1238577.        0.000000        44.89838     -1.58974021626E+07  2.96596591456E+04 -5.35994095027E+02   21.4379006          1019590  0.19689    
      217500  -1.68057603         1237580.        0.000000        45.79726     -1.58929873429E+07  2.96514228296E+04 -5.35994088182E+02   21.4418170          1018849  0.19499    
      217600  -1.67770700         1237501.        0.000000        45.63211     -1.58862591064E+07  2.96388707031E+04 -5.35994075669E+02   21.4392810          1019114  0.20160    
      217700  -1.67912387         1237032.        0.000000        45.68938     -1.58804516733E+07  2.96280369221E+04 -5.35994055733E+02   21.4406930          1018671  0.19713    
      217800  -1.67508299         1237110.        0.000000        46.79825     -1.58739347266E+07  2.96158787164E+04 -5.35994048281E+02   21.4292494          1018804  0.20411    
      217900  -1.67925605         1237928.        0.000000        45.89705     -1.58799480614E+07  2.96270974663E+04 -5.35994053399E+02   21.4327018          1019430  0.20366    
      218000  -1.67968841         1237330.        0.000000        47.31202     -1.58811414191E+07  2.96293236607E+04 -5.35994057811E+02   21.4341906          1018852  0.19795    
      218100  -1.67919343         1238403.        0.000000        47.49858     -1.58861703311E+07  2.96387062326E+04 -5.35994054747E+02   21.4305830          1019965  0.20850    
      218200  -1.68042915         1237809.        0.000000        48.26655     -1.58912439712E+07  2.96481715468E+04 -5.35994064461E+02   21.4340781          1019295  0.20249    
      218300  -1.67520214         1235814.        0.000000        47.28812     -1.58882325460E+07  2.96425526542E+04 -5.35994073500E+02   21.4464762          1017365  0.20346    
      218400  -1.67420979         1236324.        0.000000        46.18209     -1.58849152235E+07  2.96363626977E+04 -5.35994088936E+02   21.4350367          1017625  0.19333    
      218500  -1.67582284         1237417.        0.000000        45.86790     -1.58918399637E+07  2.96492822725E+04 -5.35994086387E+02   21.4330103          1018514  0.20274    
      218600  -1.68089078         1238159.        0.000000        46.39915     -1.58980366638E+07  2.96608437651E+04 -5.35994079928E+02   21.4340906          1019032  0.20806    
      218700  -1.68103917         1237795.        0.000000        46.92965     -1.58996804763E+07  2.96639105679E+04 -5.35994080748E+02   21.4386520          1019011  0.19437    
      218800  -1.67725867         1237059.        0.000000        48.04971     -1.58946130240E+07  2.96544561735E+04 -5.35994082342E+02   21.4389339          1018270  0.20407    
      218900  -1.67730440         1237986.        0.000000        48.83380     -1.58939280626E+07  2.96531784922E+04 -5.35994077895E+02   21.4330487          1019105  0.20182    
      219000  -1.68164462         1238708.        0.000000        47.55264     -1.58986432298E+07  2.96619753197E+04 -5.35994081934E+02   21.4336433          1019604  0.19736    
      219100  -1.68263253         1238516.        0.000000        46.59593     -1.58960072388E+07  2.96570567069E+04 -5.35994093949E+02   21.4348318          1019712  0.20029    
      219200  -1.67982955         1237334.        0.000000        47.63419     -1.58895092930E+07  2.96449333662E+04 -5.35994097091E+02   21.4414581          1018825  0.20699    
      219300  -1.67803313         1237203.        0.000000        48.56688     -1.58852104692E+07  2.96369132810E+04 -5.35994093534E+02   21.4328416          1018533  0.19843    
      219400  -1.67673336         1237535.        0.000000        47.94937     -1.58818070567E+07  2.96305635004E+04 -5.35994094629E+02   21.4275195          1018880  0.20277    
      219500  -1.67987324         1238420.        0.000000        47.35323     -1.58855372576E+07  2.96375230938E+04 -5.35994091252E+02   21.4253392          1019799  0.20889    
      219600  -1.68360199         1239191.        0.000000        47.50357     -1.58862407711E+07  2.96388354588E+04 -5.35994094411E+02   21.4247775          1020634  0.19807    
      219700  -1.68137229         1237633.        0.000000        47.64243     -1.58817093770E+07  2.96303806598E+04 -5.35994105487E+02   21.4327480          1019204  0.20138    
      219800  -1.67744731         1236511.        0.000000        47.11515     -1.58755872346E+07  2.96189582737E+04 -5.35994111874E+02   21.4332348          1018337  0.20425    
      219900  -1.67415401         1236229.        0.000000        46.10285     -1.58715423610E+07  2.96114127607E+04 -5.35994094213E+02   21.4273164          1018086  0.19769    
      220000  -1.67614342         1237363.        0.000000        45.80257     -1.58720088329E+07  2.96122829430E+04 -5.35994096216E+02   21.4164852          1018773  0.20289    
      220100  -1.67927915         1237675.        0.000000        45.14568     -1.58815207967E+07  2.96300291700E+04 -5.35994099285E+02   21.4254063          1019000  0.20115    
      220200  -1.67927601         1237673.        0.000000        45.14854     -1.58864607842E+07  2.96392458793E+04 -5.35994095425E+02   21.4323205          1019058  0.19641    
      220300  -1.67972752         1237895.        0.000000        45.84116     -1.58874880068E+07  2.96411625776E+04 -5.35994091500E+02   21.4359115          1019403  0.20014    
      220400  -1.67758568         1237124.        0.000000        45.40247     -1.58840619606E+07  2.96347706052E+04 -5.35994091946E+02   21.4346076          1018670  0.20110    
      220500  -1.67546405         1236651.        0.000000        44.27645     -1.58877176912E+07  2.96415910805E+04 -5.35994091817E+02   21.4377292          1018063  0.20238    
      220600  -1.67803843         1237833.        0.000000        44.64213     -1.58937335370E+07  2.96528144696E+04 -5.35994097737E+02   21.4390911          1019003  0.20275    
      220700  -1.67912916         1237689.        0.000000        44.09027     -1.58995265034E+07  2.96636225209E+04 -5.35994094862E+02   21.4437796          1018749  0.20215    
      220800  -1.67835387         1237409.        0.000000        44.43074     -1.58981130573E+07  2.96609852118E+04 -5.35994099447E+02   21.4476438          1018596  0.19356    
      220900  -1.67798387         1237279.        0.000000        45.25259     -1.58985043633E+07  2.96617157679E+04 -5.35994090421E+02   21.4450537          1018393  0.20140    
      221000  -1.67773129         1236892.        0.000000        44.49585     -1.59008841460E+07  2.96661560224E+04 -5.35994084773E+02   21.4511938          1018095  0.20216    
      221100  -1.67626442         1237343.        0.000000        43.34456     -1.58997315786E+07  2.96640055251E+04 -5.35994087687E+02   21.4415191          1018398  0.19794    
      221200  -1.67729450         1236719.        0.000000        44.06250     -1.59040557979E+07  2.96720732616E+04 -5.35994086350E+02   21.4485820          1017646  0.20196    
      221300  -1.67675519         1237244.        0.000000        42.70675     -1.59048631481E+07  2.96735797525E+04 -5.35994082303E+02   21.4449262          1017917  0.20796    
      221400  -1.67694440         1236975.        0.000000        44.53228     -1.59101618303E+07  2.96834657938E+04 -5.35994076327E+02   21.4523631          1017506  0.20543    
      221500  -1.67578516         1236804.        0.000000        45.69761     -1.59100383047E+07  2.96832354769E+04 -5.35994073730E+02   21.4518537          1017457  0.19976    
      221600  -1.67511974         1236707.        0.000000        45.44631     -1.59125682580E+07  2.96879556987E+04 -5.35994071788E+02   21.4543469          1017328  0.20522    
      221700  -1.67653855         1237126.        0.000000        46.25890     -1.59167962802E+07  2.96958438189E+04 -5.35994073016E+02   21.4521933          1017522  0.19755    
      221800  -1.67954877         1238551.        0.000000        45.99386     -1.59225390146E+07  2.97065579927E+04 -5.35994073045E+02   21.4482355          1018857  0.20038    
      221900  -1.68218714         1238664.        0.000000        45.65705     -1.59278297245E+07  2.97164284091E+04 -5.35994080620E+02   21.4521414          1018824  0.20896    
      222000  -1.68126008         1238238.        0.000000        45.80146     -1.59199885981E+07  2.97017985163E+04 -5.35994094411E+02   21.4540305          1018668  0.20051    
      222100  -1.68184378         1238416.        0.000000        44.53608     -1.59120951439E+07  2.96870718784E+04 -5.35994092279E+02   21.4461414          1018987  0.20532    
      222200  -1.68141061         1238364.        0.000000        43.94874     -1.59090361525E+07  2.96813654420E+04 -5.35994079636E+02   21.4387890          1018950  0.20140    
      222300  -1.67938481         1236965.        0.000000        43.23517     -1.59097156974E+07  2.96826333302E+04 -5.35994078437E+02   21.4526478          1017772  0.19994    
      222400  -1.67410522         1236208.        0.000000        43.83401     -1.58991701880E+07  2.96629588717E+04 -5.35994074522E+02   21.4465722          1017145  0.19825    
      222500  -1.67504144         1236793.        0.000000        43.56843     -1.59008398354E+07  2.96660740034E+04 -5.35994073014E+02   21.4410845          1017621  0.19908    
      222600  -1.67592123         1237225.        0.000000        43.77607     -1.59057771875E+07  2.96752851139E+04 -5.35994081486E+02   21.4443559          1017898  0.20438    
      222700  -1.67855944         1237561.        0.000000        44.82244     -1.59099244821E+07  2.96830226040E+04 -5.35994083027E+02   21.4478562          1018139  0.20095    
      222800  -1.67864811         1237120.        0.000000        43.72001     -1.59128083135E+07  2.96884024298E+04 -5.35994092346E+02   21.4507206          1017926  0.20373    
      222900  -1.67666845         1236992.        0.000000        44.35857     -1.59181511941E+07  2.96983706256E+04 -5.35994091890E+02   21.4502328          1017530  0.19697    
      223000  -1.67748674         1237530.        0.000000        43.75685     -1.59254010653E+07  2.97118964489E+04 -5.35994095588E+02   21.4513489          1017902  0.20604    
      223100  -1.67856324         1236874.        0.000000        43.86535     -1.59329087804E+07  2.97259034041E+04 -5.35994097934E+02   21.4679532          1017228  0.19865    
      223200  -1.67508912         1236329.        0.000000        45.04952     -1.59305716920E+07  2.97215427436E+04 -5.35994104659E+02   21.4641381          1016741  0.19599    
      223300  -1.67477437         1237327.        0.000000        45.27103     -1.59305531988E+07  2.97215083512E+04 -5.35994102674E+02   21.4566386          1017504  0.20480    
      223400  -1.67878633         1237659.        0.000000        44.14464     -1.59384274774E+07  2.97362002521E+04 -5.35994086074E+02   21.4612152          1017520  0.20178    
      223500  -1.67823347         1237199.        0.000000        46.57149     -1.59418821194E+07  2.97426445307E+04 -5.35994104456E+02   21.4710487          1017245  0.20439    
      223600  -1.67617757         1236686.        0.000000        47.29447     -1.59366539087E+07  2.97328893285E+04 -5.35994121953E+02   21.4702439          1016866  0.20114    
      223700  -1.67581893         1236444.        0.000000        45.80644     -1.59333784602E+07  2.97267784889E+04 -5.35994119446E+02   21.4660759          1016451  0.20068    
      223800  -1.67333051         1236375.        0.000000        46.61971     -1.59319040619E+07  2.97240274213E+04 -5.35994124755E+02   21.4617416          1016496  0.19963    
      223900  -1.67692883         1237865.        0.000000        45.64698     -1.59414100522E+07  2.97417624829E+04 -5.35994128169E+02   21.4590846          1017495  0.20301    
      224000  -1.68079525         1238480.        0.000000        45.33633     -1.59572476704E+07  2.97713110738E+04 -5.35994119669E+02   21.4684486          1017843  0.20171    
      224100  -1.68241749         1238287.        0.000000        43.97505     -1.59592159459E+07  2.97749837767E+04 -5.35994110545E+02   21.4736840          1017752  0.20558    
      224200  -1.68029158         1238101.        0.000000        44.95154     -1.59531539204E+07  2.97636744819E+04 -5.35994100128E+02   21.4737059          1017894  0.20042    
      224300  -1.68197201         1238292.        0.000000        44.94916     -1.59494118647E+07  2.97566926894E+04 -5.35994104962E+02   21.4666604          1018200  0.20157    
      224400  -1.67852542         1236912.        0.000000        44.83677     -1.59540256761E+07  2.97653009409E+04 -5.35994099563E+02   21.4785142          1016887  0.20906    
      224500  -1.67457859         1236769.        0.000000        45.27675     -1.59503833473E+07  2.97585050840E+04 -5.35994106634E+02   21.4754575          1016732  0.19605    
      224600  -1.67475514         1236520.        0.000000        45.29392     -1.59545951803E+07  2.97663633816E+04 -5.35994100984E+02   21.4720578          1016236  0.20290    
      224700  -1.67478342         1237104.        0.000000        44.28784     -1.59624831470E+07  2.97810797350E+04 -5.35994103943E+02   21.4784124          1016643  0.20497    
      224800  -1.67623336         1237256.        0.000000        43.69342     -1.59663043089E+07  2.97882091472E+04 -5.35994098539E+02   21.4791102          1016597  0.19461    
      224900  -1.67577670         1237359.        0.000000        44.08594     -1.59657106567E+07  2.97871018509E+04 -5.35994093572E+02   21.4756731          1016760  0.20326    
      225000  -1.67925389         1238300.        0.000000        43.71899     -1.59692018345E+07  2.97936155779E+04 -5.35994088825E+02   21.4780566          1017710  0.21162    
      225100  -1.68037381         1237921.        0.000000        43.64026     -1.59695012743E+07  2.97941745642E+04 -5.35994083001E+02   21.4776240          1017405  0.19857    
      225200  -1.68199465         1238343.        0.000000        45.05376     -1.59717324661E+07  2.97983376349E+04 -5.35994076643E+02   21.4805717          1017865  0.20395    
      225300  -1.68027853         1237606.        0.000000        44.34319     -1.59687340950E+07  2.97927431922E+04 -5.35994083927E+02   21.4848306          1017267  0.19868    
      225400  -1.67873175         1238437.        0.000000        44.87529     -1.59588865984E+07  2.97743708128E+04 -5.35994083594E+02   21.4764556          1018293  0.19587    
      225500  -1.68508338         1240256.        0.000000        45.53221     -1.59589520942E+07  2.97744918778E+04 -5.35994103935E+02   21.4662311          1019832  0.19993    
      225600  -1.68879938         1239708.        0.000000        45.91200     -1.59544445161E+07  2.97660822309E+04 -5.35994102025E+02   21.4761096          1019691  0.20391    
      225700  -1.68753739         1238930.        0.000000        45.41215     -1.59439798976E+07  2.97465588461E+04 -5.35994095321E+02   21.4715698          1019219  0.19875    
      225800  -1.68291968         1238375.        0.000000        44.29213     -1.59299842933E+07  2.97204469781E+04 -5.35994102142E+02   21.4609256          1019014  0.20067    
      225900  -1.68087402         1237437.        0.000000        43.89473     -1.59233909391E+07  2.97081456938E+04 -5.35994104217E+02   21.4612887          1018397  0.20457    
      226000  -1.67624338         1236094.        0.000000        43.26686     -1.59136442762E+07  2.96899619288E+04 -5.35994095054E+02   21.4562999          1017020  0.19656    
      226100  -1.67177143         1236118.        0.000000        43.78224     -1.59102681826E+07  2.96836639760E+04 -5.35994080631E+02   21.4534002          1017062  0.19982    
      226200  -1.67363541         1236541.        0.000000        43.69326     -1.59151644893E+07  2.96927985007E+04 -5.35994089236E+02   21.4518671          1017064  0.19963    
      226300  -1.67581990         1237149.        0.000000        45.18226     -1.59195217813E+07  2.97009279588E+04 -5.35994087573E+02   21.4534628          1017394  0.19280    
      226400  -1.67904408         1238409.        0.000000        45.22899     -1.59270083901E+07  2.97148956456E+04 -5.35994087952E+02   21.4493621          1018535  0.19910    
      226500  -1.68466321         1239626.        0.000000        44.09789     -1.59354229571E+07  2.97305941639E+04 -5.35994096495E+02   21.4510546          1019657  0.20016    
      226600  -1.68698691         1239080.        0.000000        45.26079     -1.59368714310E+07  2.97332969117E+04 -5.35994090338E+02   21.4596780          1019396  0.19332    
      226700  -1.68178224         1238149.        0.000000        45.21911     -1.59289373549E+07  2.97184957578E+04 -5.35994065270E+02   21.4564968          1018883  0.20064    
      226800  -1.67952290         1237352.        0.000000        45.32453     -1.59227315969E+07  2.97069178734E+04 -5.35994062554E+02   21.4584292          1018235  0.20596    
      226900  -1.67513465         1236649.        0.000000        45.99999     -1.59115949549E+07  2.96861403274E+04 -5.35994062530E+02   21.4575915          1017917  0.19426    
      227000  -1.67446810         1236278.        0.000000        44.25905     -1.58999493009E+07  2.96644126231E+04 -5.35994071515E+02   21.4511636          1017488  0.20573    
      227100  -1.67558610         1236988.        0.000000        44.49447     -1.59032366593E+07  2.96705468113E+04 -5.35994053647E+02   21.4440201          1017721  0.20046    
      227200  -1.68149230         1238554.        0.000000        44.45589     -1.59145784267E+07  2.96917072506E+04 -5.35994050203E+02   21.4427100          1018939  0.19506    
      227300  -1.68286036         1238500.        0.000000        45.02867     -1.59179815462E+07  2.96980566106E+04 -5.35994046845E+02   21.4501662          1019126  0.20362    
      227400  -1.68051520         1238036.        0.000000        44.17072     -1.59122431794E+07  2.96873502900E+04 -5.35994052147E+02   21.4521131          1018983  0.20220    
      227500  -1.67793829         1236655.        0.000000        45.10709     -1.59057246649E+07  2.96751886582E+04 -5.35994053758E+02   21.4530674          1017737  0.19298    
      227600  -1.67746567         1237595.        0.000000        44.38904     -1.59079021033E+07  2.96792510871E+04 -5.35994053781E+02   21.4475533          1018463  0.20083    
      227700  -1.67984611         1237914.        0.000000        45.07973     -1.59130103839E+07  2.96887816278E+04 -5.35994052682E+02   21.4492410          1018628  0.20479    
      227800  -1.67926481         1237759.        0.000000        45.72131     -1.59099810709E+07  2.96831296328E+04 -5.35994056818E+02   21.4507030          1018815  0.19775    
      227900  -1.68001686         1237788.        0.000000        44.87911     -1.59145262812E+07  2.96916091140E+04 -5.35994065534E+02   21.4520262          1018473  0.20239    
      228000  -1.67615484         1236717.        0.000000        43.98447     -1.59090488540E+07  2.96813899486E+04 -5.35994065020E+02   21.4554739          1017583  0.20228    
      228100  -1.67335257         1235682.        0.000000        43.86315     -1.59038170724E+07  2.96716290081E+04 -5.35994065847E+02   21.4526557          1016626  0.19196    
      228200  -1.67026710         1235247.        0.000000        43.01624     -1.59091303868E+07  2.96815419640E+04 -5.35994066820E+02   21.4581381          1015961  0.19878    
      228300  -1.67255731         1236373.        0.000000        41.49677     -1.59106411692E+07  2.96843608493E+04 -5.35994062663E+02   21.4488706          1016618  0.19520    
      228400  -1.67839617         1238302.        0.000000        42.49073     -1.59223854499E+07  2.97062717155E+04 -5.35994068941E+02   21.4508455          1018377  0.19446    
      228500  -1.68031166         1238022.        0.000000        42.77849     -1.59289148048E+07  2.97184534921E+04 -5.35994068769E+02   21.4618746          1018113  0.20409    
      228600  -1.67817763         1236603.        0.000000        42.34188     -1.59213630281E+07  2.97043641319E+04 -5.35994070012E+02   21.4635559          1017012  0.20936    
      228700  -1.67424932         1236918.        0.000000        41.88670     -1.59154330738E+07  2.96933003174E+04 -5.35994076229E+02   21.4542901          1017171  0.19302    
      228800  -1.67849549         1237738.        0.000000        42.65847     -1.59203631554E+07  2.97024973851E+04 -5.35994093324E+02   21.4490114          1017760  0.20080    
      228900  -1.67918887         1237598.        0.000000        41.71809     -1.59279750301E+07  2.97166985427E+04 -5.35994097971E+02   21.4611427          1017739  0.20669    
      229000  -1.67987197         1238138.        0.000000        41.19575     -1.59250809427E+07  2.97112989310E+04 -5.35994100415E+02   21.4555941          1018349  0.19477    
      229100  -1.68136725         1237951.        0.000000        41.13956     -1.59290151709E+07  2.97186383412E+04 -5.35994112115E+02   21.4600251          1018111  0.20182    
      229200  -1.67911885         1238064.        0.000000        42.32706     -1.59303291429E+07  2.97210895740E+04 -5.35994116339E+02   21.4597921          1018222  0.20280    
      229300  -1.67947371         1237382.        0.000000        43.17491     -1.59291474781E+07  2.97188845595E+04 -5.35994123408E+02   21.4634965          1017634  0.19702    
      229400  -1.67874081         1237669.        0.000000        45.08826     -1.59261253625E+07  2.97132468035E+04 -5.35994112924E+02   21.4587198          1017927  0.20335    
      229500  -1.67978073         1238652.        0.000000        44.32476     -1.59270792427E+07  2.97150270055E+04 -5.35994102906E+02   21.4568188          1018851  0.19698    
      229600  -1.68246704         1237884.        0.000000        44.73585     -1.59290478949E+07  2.97186999543E+04 -5.35994102011E+02   21.4582999          1018205  0.19683    
      229700  -1.68083115         1237971.        0.000000        44.77507     -1.59314344203E+07  2.97231529859E+04 -5.35994092816E+02   21.4598832          1018272  0.20194    
      229800  -1.67784552         1236998.        0.000000        43.96917     -1.59292806154E+07  2.97191347380E+04 -5.35994091209E+02   21.4639433          1017436  0.20204    
      229900  -1.67602332         1236586.        0.000000        43.29871     -1.59237488943E+07  2.97088139946E+04 -5.35994095799E+02   21.4641443          1017132  0.19940    
      230000  -1.67715997         1237645.        0.000000        42.07048     -1.59234482677E+07  2.97082529752E+04 -5.35994098373E+02   21.4557531          1017804  0.20090    
      230100  -1.67975809         1238077.        0.000000        42.30066     -1.59284555132E+07  2.97175938309E+04 -5.35994118632E+02   21.4561964          1018263  0.20389    
      230200  -1.67968064         1238426.        0.000000        40.97281     -1.59255651961E+07  2.97122015512E+04 -5.35994115704E+02   21.4560881          1018802  0.20101    
      230300  -1.68334324         1238801.        0.000000        41.13961     -1.59217165345E+07  2.97050214136E+04 -5.35994110654E+02   21.4516666          1019266  0.19645    
      230400  -1.68247149         1238366.        0.000000        42.02332     -1.59169099202E+07  2.96960540351E+04 -5.35994105525E+02   21.4552359          1019024  0.20633    
      230500  -1.68017421         1237951.        0.000000        42.14829     -1.59109607254E+07  2.96849545951E+04 -5.35994106863E+02   21.4545036          1018871  0.19487    
      230600  -1.68073449         1238936.        0.000000        41.32144     -1.59052644593E+07  2.96743265908E+04 -5.35994116351E+02   21.4434762          1019752  0.20246    
      230700  -1.68346810         1238357.        0.000000        41.70516     -1.59048162737E+07  2.96734911866E+04 -5.35994102400E+02   21.4450795          1019366  0.20343    
      230800  -1.68112866         1238011.        0.000000        40.80916     -1.59013390539E+07  2.96670049079E+04 -5.35994081750E+02   21.4461187          1019022  0.19485    
      230900  -1.67741971         1235966.        0.000000        41.87727     -1.58945322535E+07  2.96543058651E+04 -5.35994075390E+02   21.4531395          1017305  0.20030    
      231000  -1.67318463         1236094.        0.000000        41.78442     -1.58910707486E+07  2.96478472899E+04 -5.35994083927E+02   21.4404380          1017106  0.20061    
      231100  -1.67272595         1235954.        0.000000        42.00752     -1.58984584823E+07  2.96616303683E+04 -5.35994086803E+02   21.4503321          1016792  0.19427    
      231200  -1.67301445         1237011.        0.000000        42.69848     -1.59025436100E+07  2.96692522897E+04 -5.35994080834E+02   21.4441213          1017501  0.20079    
      231300  -1.67934564         1238369.        0.000000        43.26694     -1.59150296272E+07  2.96925476673E+04 -5.35994075198E+02   21.4479380          1018538  0.21008    
      231400  -1.68379046         1239079.        0.000000        43.70775     -1.59248116382E+07  2.97107987975E+04 -5.35994058819E+02   21.4543313          1019334  0.19567    
      231500  -1.68532758         1239585.        0.000000        43.85776     -1.59222573003E+07  2.97060336065E+04 -5.35994051283E+02   21.4547159          1020082  0.20304    
      231600  -1.68518703         1238491.        0.000000        44.05237     -1.59157437961E+07  2.96938808232E+04 -5.35994061903E+02   21.4537002          1019120  0.20406    
      231700  -1.68317813         1238040.        0.000000        43.60304     -1.59107753865E+07  2.96846117390E+04 -5.35994053970E+02   21.4594333          1018904  0.19732    
      231800  -1.68194077         1238458.        0.000000        44.00413     -1.59033614355E+07  2.96707799100E+04 -5.35994048143E+02   21.4495785          1019321  0.20000    
      231900  -1.68063333         1237536.        0.000000        43.20527     -1.59017279883E+07  2.96677322112E+04 -5.35994051552E+02   21.4530397          1018492  0.20321    
      232000  -1.67930540         1237661.        0.000000        44.40395     -1.58969826576E+07  2.96588777939E+04 -5.35994071256E+02   21.4499513          1018751  0.20026    
      232100  -1.67772626         1237077.        0.000000        44.81301     -1.58921887480E+07  2.96499333478E+04 -5.35994080038E+02   21.4449853          1018130  0.20432    
      232200  -1.67781275         1237523.        0.000000        45.46194     -1.58898852943E+07  2.96456349756E+04 -5.35994095161E+02   21.4399670          1018472  0.20680    
      232300  -1.67914747         1237983.        0.000000        44.75570     -1.58887671816E+07  2.96435489124E+04 -5.35994095327E+02   21.4383100          1018905  0.19779    
      232400  -1.67890093         1237437.        0.000000        44.58075     -1.58853233148E+07  2.96371238565E+04 -5.35994092806E+02   21.4378303          1018511  0.20003    
      232500  -1.67913933         1237439.        0.000000        44.24944     -1.58882132267E+07  2.96425151087E+04 -5.35994100649E+02   21.4414840          1018562  0.20811    
      232600  -1.67780416         1236969.        0.000000        43.29775     -1.58838864544E+07  2.96344426483E+04 -5.35994101287E+02   21.4378580          1018082  0.19703    
      232700  -1.67473997         1236751.        0.000000        43.40464     -1.58770544722E+07  2.96216960104E+04 -5.35994106031E+02   21.4369299          1018140  0.19866    
      232800  -1.67516634         1236983.        0.000000        43.85019     -1.58732757053E+07  2.96146454176E+04 -5.35994116473E+02   21.4270686          1018262  0.20021    
      232900  -1.67528802         1236452.        0.000000        42.47076     -1.58726806100E+07  2.96135355097E+04 -5.35994110017E+02   21.4314151          1017917  0.19857    
      233000  -1.67349775         1236275.        0.000000        41.20715     -1.58707732677E+07  2.96099769700E+04 -5.35994110492E+02   21.4317558          1017917  0.20310    
      233100  -1.67251394         1235657.        0.000000        42.41101     -1.58734590187E+07  2.96149882677E+04 -5.35994101203E+02   21.4356436          1017123  0.20806    
      233200  -1.67198783         1236216.        0.000000        42.42355     -1.58780424770E+07  2.96235390262E+04 -5.35994111403E+02   21.4320075          1017522  0.19573    
      233300  -1.67635501         1237364.        0.000000        41.86957     -1.58869255751E+07  2.96401124096E+04 -5.35994106753E+02   21.4326665          1018238  0.19807    
      233400  -1.67925199         1237615.        0.000000        42.95388     -1.58939153001E+07  2.96531529925E+04 -5.35994108423E+02   21.4391249          1018418  0.20163    
      233500  -1.67706296         1236703.        0.000000        42.25720     -1.58900664339E+07  2.96459723836E+04 -5.35994104977E+02   21.4451246          1017799  0.19921    
      233600  -1.67680982         1237660.        0.000000        43.58525     -1.58894418033E+07  2.96448069053E+04 -5.35994106964E+02   21.4354529          1018589  0.19932    
      233700  -1.67757406         1237148.        0.000000        43.54686     -1.58917806479E+07  2.96491702040E+04 -5.35994111760E+02   21.4417753          1018141  0.20233    
      233800  -1.67759743         1237179.        0.000000        42.91187     -1.58927410192E+07  2.96509621590E+04 -5.35994108182E+02   21.4441841          1018181  0.20532    
      233900  -1.67404589         1235682.        0.000000        43.63162     -1.58894889726E+07  2.96448957466E+04 -5.35994091814E+02   21.4513559          1016758  0.19950    
      234000  -1.67493630         1236945.        0.000000        43.05189     -1.58905426942E+07  2.96468609254E+04 -5.35994105216E+02   21.4367984          1017843  0.20476    
      234100  -1.67765310         1237961.        0.000000        43.16330     -1.58990834238E+07  2.96627945821E+04 -5.35994118146E+02   21.4402775          1018803  0.20040    
      234200  -1.67720155         1236729.        0.000000        43.40078     -1.58973185598E+07  2.96595025688E+04 -5.35994105866E+02   21.4496219          1017544  0.20345    
      234300  -1.67614696         1237273.        0.000000        43.46161     -1.58971190304E+07  2.96591306127E+04 -5.35994100366E+02   21.4418464          1018084  0.20543    
      234400  -1.67810746         1237527.        0.000000        44.01483     -1.59037941714E+07  2.96715841700E+04 -5.35994103998E+02   21.4464378          1018290  0.19818    
      234500  -1.67828097         1237616.        0.000000        43.65781     -1.59046636788E+07  2.96732066959E+04 -5.35994098712E+02   21.4484846          1018181  0.20046    
      234600  -1.67810917         1237592.        0.000000        42.75997     -1.59074373625E+07  2.96783814254E+04 -5.35994100705E+02   21.4470861          1017964  0.20357    
      234700  -1.67640987         1236698.        0.000000        41.33816     -1.59052284876E+07  2.96742606416E+04 -5.35994095344E+02   21.4512661          1017378  0.20200    
      234800  -1.67504135         1236806.        0.000000        40.72168     -1.59040483862E+07  2.96720585400E+04 -5.35994102491E+02   21.4482224          1017346  0.20287    
      234900  -1.67281838         1235758.        0.000000        41.92547     -1.59009587407E+07  2.96662939917E+04 -5.35994106480E+02   21.4528529          1016499  0.20390    
      235000  -1.67128271         1236143.        0.000000        42.57657     -1.59040519620E+07  2.96720657063E+04 -5.35994093550E+02   21.4455196          1016623  0.20379    
      235100  -1.67573631         1237640.        0.000000        42.81889     -1.59130382924E+07  2.96888320048E+04 -5.35994083225E+02   21.4465818          1017852  0.20067    
      235200  -1.67815620         1237272.        0.000000        43.23398     -1.59143726186E+07  2.96913219272E+04 -5.35994074553E+02   21.4532743          1017461  0.20053    
      235300  -1.67702197         1236916.        0.000000        43.31267     -1.59132163481E+07  2.96891652514E+04 -5.35994064276E+02   21.4506302          1017089  0.19694    
      235400  -1.67569045         1236626.        0.000000        42.67925     -1.59141327914E+07  2.96908755457E+04 -5.35994055377E+02   21.4542390          1016975  0.20031    
      235500  -1.67796044         1237810.        0.000000        43.41110     -1.59169595357E+07  2.96961487668E+04 -5.35994066460E+02   21.4538811          1018105  0.20097    
      235600  -1.67915622         1237601.        0.000000        43.54884     -1.59158502397E+07  2.96940788536E+04 -5.35994072021E+02   21.4551020          1017881  0.20270    
      235700  -1.67660691         1237003.        0.000000        44.53172     -1.59136250226E+07  2.96899281584E+04 -5.35994056224E+02   21.4553148          1017395  0.20020    
      235800  -1.67707463         1237358.        0.000000        42.81021     -1.59156904924E+07  2.96937821258E+04 -5.35994048350E+02   21.4552230          1017638  0.20752    
      235900  -1.67906997         1237827.        0.000000        43.28708     -1.59157477643E+07  2.96938889799E+04 -5.35994048306E+02   21.4508406          1018198  0.19406    
      236000  -1.67932637         1237903.        0.000000        43.48271     -1.59203303449E+07  2.97024381258E+04 -5.35994058047E+02   21.4564909          1018245  0.20586    
      236100  -1.68104857         1238755.        0.000000        43.62923     -1.59190116361E+07  2.96999769330E+04 -5.35994074069E+02   21.4506469          1018977  0.20144    
      236200  -1.68014446         1237119.        0.000000        43.02157     -1.59128366024E+07  2.96884552268E+04 -5.35994092008E+02   21.4557309          1017602  0.19587    
      236300  -1.67530837         1236093.        0.000000        41.84544     -1.59045775396E+07  2.96730461966E+04 -5.35994094918E+02   21.4531485          1016867  0.19986    
      236400  -1.67474224         1236902.        0.000000        42.83285     -1.58994347804E+07  2.96634517098E+04 -5.35994089156E+02   21.4443708          1017561  0.20480    
      236500  -1.67718085         1237353.        0.000000        42.13184     -1.59046022700E+07  2.96730923334E+04 -5.35994094964E+02   21.4423408          1017776  0.21020    
      236600  -1.67894009         1237791.        0.000000        42.71442     -1.59170969113E+07  2.96964033225E+04 -5.35994097955E+02   21.4514108          1017869  0.20255    
      236700  -1.68127566         1238573.        0.000000        42.16292     -1.59249466178E+07  2.97110473665E+04 -5.35994117655E+02   21.4552121          1018477  0.20484    
      236800  -1.68170075         1238193.        0.000000        42.75145     -1.59265243377E+07  2.97139906362E+04 -5.35994122522E+02   21.4600282          1018179  0.19770    
      236900  -1.68198541         1237708.        0.000000        42.02729     -1.59244708596E+07  2.97101598484E+04 -5.35994115847E+02   21.4677415          1017959  0.19914    
      237000  -1.67814598         1236964.        0.000000        41.08630     -1.59108013445E+07  2.96846567767E+04 -5.35994115217E+02   21.4593696          1017530  0.19821    
      237100  -1.67818720         1237210.        0.000000        41.33759     -1.59135766829E+07  2.96898347261E+04 -5.35994114812E+02   21.4558511          1017644  0.20838    
      237200  -1.67529040         1236888.        0.000000        41.52948     -1.59143731802E+07  2.96913213450E+04 -5.35994103977E+02   21.4574527          1017405  0.20164    
      237300  -1.67451265         1236973.        0.000000        41.52778     -1.59134470217E+07  2.96895939716E+04 -5.35994093987E+02   21.4532222          1017236  0.19918    
      237400  -1.67942324         1238185.        0.000000        40.92361     -1.59171011683E+07  2.96964114445E+04 -5.35994094710E+02   21.4504693          1018182  0.20666    
      237500  -1.68316648         1238834.        0.000000        40.80006     -1.59253709771E+07  2.97118412203E+04 -5.35994079229E+02   21.4576220          1018764  0.19630    
      237600  -1.68283305         1237594.        0.000000        39.88765     -1.59220396295E+07  2.97056266480E+04 -5.35994066652E+02   21.4655153          1017898  0.20515    
      237700  -1.67817749         1237490.        0.000000        40.04495     -1.59144643661E+07  2.96914936708E+04 -5.35994064246E+02   21.4577923          1018086  0.20331    
      237800  -1.67759739         1236726.        0.000000        40.52995     -1.59099751910E+07  2.96831179588E+04 -5.35994069527E+02   21.4613612          1017271  0.20049    
      237900  -1.67535566         1236551.        0.000000        41.41188     -1.59092551295E+07  2.96817748786E+04 -5.35994063513E+02   21.4591686          1017108  0.20518    
      238000  -1.67306650         1236263.        0.000000        43.50177     -1.59051533931E+07  2.96741223994E+04 -5.35994061728E+02   21.4524024          1016574  0.20370    
      238100  -1.67681889         1237592.        0.000000        42.47487     -1.59168517024E+07  2.96959478884E+04 -5.35994060949E+02   21.4534248          1017816  0.19826    
      238200  -1.67966867         1237957.        0.000000        42.09394     -1.59204891440E+07  2.97027336999E+04 -5.35994070607E+02   21.4529964          1018177  0.20185    
      238300  -1.68043634         1238343.        0.000000        43.59793     -1.59227735977E+07  2.97069954536E+04 -5.35994076632E+02   21.4581497          1018704  0.20568    
      238400  -1.68013535         1238040.        0.000000        42.86038     -1.59158285796E+07  2.96940376130E+04 -5.35994086996E+02   21.4556727          1018696  0.19572    
      238500  -1.67925205         1237195.        0.000000        43.68248     -1.59102287224E+07  2.96835898280E+04 -5.35994090153E+02   21.4518721          1017755  0.20199    
      238600  -1.67553041         1236399.        0.000000        43.27517     -1.59088604919E+07  2.96810365914E+04 -5.35994099901E+02   21.4525622          1016931  0.20224    
      238700  -1.67273203         1236141.        0.000000        44.11251     -1.59076101052E+07  2.96787033934E+04 -5.35994106427E+02   21.4585151          1016665  0.19932    
      238800  -1.67327746         1236971.        0.000000        42.90627     -1.59107267882E+07  2.96845175661E+04 -5.35994117228E+02   21.4490467          1017262  0.20176    
      238900  -1.67779649         1237605.        0.000000        44.65995     -1.59268299141E+07  2.97145604310E+04 -5.35994128233E+02   21.4593841          1017680  0.20742    
      239000  -1.67742977         1237236.        0.000000        44.60854     -1.59279075895E+07  2.97165713884E+04 -5.35994121976E+02   21.4628592          1017253  0.19971    
      239100  -1.67942299         1238006.        0.000000        43.79715     -1.59294158711E+07  2.97193858017E+04 -5.35994114325E+02   21.4590864          1017887  0.20043    
      239200  -1.67974384         1237917.        0.000000        42.30394     -1.59295817939E+07  2.97196951798E+04 -5.35994117621E+02   21.4635598          1017844  0.20588    
      239300  -1.67900254         1237757.        0.000000        43.39737     -1.59247509325E+07  2.97106828939E+04 -5.35994106543E+02   21.4602459          1017593  0.19377    
      239400  -1.67954360         1237461.        0.000000        43.14501     -1.59225145579E+07  2.97065106334E+04 -5.35994104268E+02   21.4607645          1017433  0.20310    
      239500  -1.67835262         1237555.        0.000000        43.14676     -1.59180595427E+07  2.96981990162E+04 -5.35994103009E+02   21.4562807          1017670  0.20143    
      239600  -1.67958015         1237462.        0.000000        44.80750     -1.59227245129E+07  2.97069024764E+04 -5.35994101894E+02   21.4616046          1017558  0.19577    
      239700  -1.67511824         1236074.        0.000000        43.61452     -1.59147083616E+07  2.96919462267E+04 -5.35994112347E+02   21.4646576          1016353  0.20042    
      239800  -1.67083006         1235838.        0.000000        43.98781     -1.59101611212E+07  2.96834618491E+04 -5.35994123668E+02   21.4530449          1015874  0.20627    
      239900  -1.67067314         1235670.        0.000000        43.85711     -1.59168769621E+07  2.96959911822E+04 -5.35994130131E+02   21.4566542          1015432  0.19649    
      240000  -1.67222821         1236350.        0.000000        43.46564     -1.59291061689E+07  2.97188076110E+04 -5.35994121212E+02   21.4593946          1015804  0.19851    
      240100  -1.67446417         1237256.        0.000000        42.90590     -1.59459153580E+07  2.97501685567E+04 -5.35994118069E+02   21.4716125          1016492  0.20498    
      240200  -1.67610749         1236752.        0.000000        42.10305     -1.59521072576E+07  2.97617209841E+04 -5.35994113584E+02   21.4838562          1015753  0.20022    
      240300  -1.67573823         1237210.        0.000000        41.60440     -1.59525651703E+07  2.97625759304E+04 -5.35994102381E+02   21.4782915          1016244  0.19936    
      240400  -1.67863691         1237652.        0.000000        42.12512     -1.59592670377E+07  2.97750793612E+04 -5.35994105812E+02   21.4810684          1016694  0.20080    
      240500  -1.68154830         1239027.        0.000000        43.86991     -1.59647522563E+07  2.97853120035E+04 -5.35994125372E+02   21.4764378          1017977  0.19819    
      240600  -1.68232018         1238594.        0.000000        43.23360     -1.59647844953E+07  2.97853720011E+04 -5.35994128081E+02   21.4808668          1017923  0.20302    
      240700  -1.68327909         1239280.        0.000000        44.85963     -1.59630123137E+07  2.97820655723E+04 -5.35994129584E+02   21.4748269          1018731  0.20059    
      240800  -1.68276374         1238215.        0.000000        45.29716     -1.59520839032E+07  2.97616768981E+04 -5.35994122837E+02   21.4798471          1018202  0.19651    
      240900  -1.68045519         1237831.        0.000000        45.08766     -1.59460112222E+07  2.97503474492E+04 -5.35994117362E+02   21.4749359          1017841  0.20867    
      241000  -1.67688945         1236718.        0.000000        45.58179     -1.59406488118E+07  2.97403427576E+04 -5.35994118890E+02   21.4725223          1016582  0.20685    
      241100  -1.67787185         1238041.        0.000000        44.44340     -1.59412182104E+07  2.97414055519E+04 -5.35994110387E+02   21.4648078          1017728  0.20051    
      241200  -1.68145456         1238381.        0.000000        46.06933     -1.59496487669E+07  2.97571351090E+04 -5.35994097163E+02   21.4746046          1017886  0.20242    
      241300  -1.67938820         1237374.        0.000000        44.45956     -1.59464983238E+07  2.97512570449E+04 -5.35994102694E+02   21.4806959          1017068  0.19813    
      241400  -1.67956703         1237693.        0.000000        43.48928     -1.59396985945E+07  2.97385704436E+04 -5.35994109896E+02   21.4780578          1017707  0.19795    
      241500  -1.67458138         1236433.        0.000000        43.42884     -1.59287482114E+07  2.97181406022E+04 -5.35994106248E+02   21.4716769          1016491  0.20037    
      241600  -1.67607627         1236949.        0.000000        42.71263     -1.59328143956E+07  2.97257272564E+04 -5.35994098921E+02   21.4660538          1016790  0.20117    
      241700  -1.67478006         1236214.        0.000000        42.29797     -1.59362743274E+07  2.97321825831E+04 -5.35994096054E+02   21.4688707          1015981  0.20052    
      241800  -1.67347063         1236268.        0.000000        42.84407     -1.59425176743E+07  2.97438304278E+04 -5.35994101801E+02   21.4746253          1015930  0.20514    
      241900  -1.67864861         1238621.        0.000000        43.45383     -1.59466752986E+07  2.97515872360E+04 -5.35994102501E+02   21.4628906          1018043  0.20267    
      242000  -1.68386408         1238839.        0.000000        44.06042     -1.59543098881E+07  2.97658309309E+04 -5.35994104286E+02   21.4759140          1018266  0.19985    
      242100  -1.68219631         1238289.        0.000000        44.02295     -1.59422819865E+07  2.97433902823E+04 -5.35994109453E+02   21.4756533          1018116  0.20064    
      242200  -1.68030805         1238133.        0.000000        43.52768     -1.59225274455E+07  2.97065344107E+04 -5.35994109085E+02   21.4581130          1018105  0.20685    
      242300  -1.68053776         1237559.        0.000000        45.00433     -1.59189535173E+07  2.96998669257E+04 -5.35994102502E+02   21.4600247          1017833  0.20769    
      242400  -1.67986071         1237696.        0.000000        44.85616     -1.59177713681E+07  2.96976618961E+04 -5.35994093537E+02   21.4599416          1018041  0.19684    
      242500  -1.67482501         1236229.        0.000000        45.42653     -1.59064497817E+07  2.96765389808E+04 -5.35994099311E+02   21.4588344          1016853  0.20411    
      242600  -1.67376966         1236599.        0.000000        46.62555     -1.59018240612E+07  2.96679084258E+04 -5.35994106255E+02   21.4447981          1017204  0.20468    
      242700  -1.67463509         1236834.        0.000000        46.48260     -1.59059528994E+07  2.96756113298E+04 -5.35994110538E+02   21.4437537          1017278  0.19937    
      242800  -1.67732505         1237853.        0.000000        45.34249     -1.59205849633E+07  2.97029107177E+04 -5.35994102216E+02   21.4468848          1018070  0.20112    
      242900  -1.67917383         1237687.        0.000000        45.78247     -1.59253961345E+07  2.97118874430E+04 -5.35994092097E+02   21.4537809          1017884  0.19877    
      243000  -1.67963367         1237441.        0.000000        44.88277     -1.59239125583E+07  2.97091197380E+04 -5.35994088643E+02   21.4606997          1017961  0.19326    
      243100  -1.67635260         1236734.        0.000000        43.24339     -1.59138321226E+07  2.96903132983E+04 -5.35994078697E+02   21.4538163          1017362  0.20062    
      243200  -1.67787571         1237815.        0.000000        44.20906     -1.59169187079E+07  2.96960720972E+04 -5.35994075438E+02   21.4468417          1018228  0.20344    
      243300  -1.67929603         1238175.        0.000000        44.33350     -1.59230252617E+07  2.97074648179E+04 -5.35994079580E+02   21.4551568          1018507  0.19884    
      243400  -1.68109212         1238682.        0.000000        44.88915     -1.59233127652E+07  2.97080006284E+04 -5.35994090088E+02   21.4537565          1019061  0.19589    
      243500  -1.68226254         1238735.        0.000000        43.78488     -1.59225207762E+07  2.97065231054E+04 -5.35994088560E+02   21.4599466          1019209  0.20366    
      243600  -1.68156234         1238147.        0.000000        44.27132     -1.59169086969E+07  2.96960530512E+04 -5.35994082090E+02   21.4567781          1018917  0.19485    
      243700  -1.68229304         1238265.        0.000000        44.10808     -1.59166376992E+07  2.96955466137E+04 -5.35994097238E+02   21.4591933          1019057  0.19757    
      243800  -1.67914340         1238183.        0.000000        44.33994     -1.59029621272E+07  2.96700325149E+04 -5.35994091655E+02   21.4521058          1019403  0.19875    
      243900  -1.68251223         1238587.        0.000000        44.67823     -1.58962101873E+07  2.96574351294E+04 -5.35994097871E+02   21.4426661          1019719  0.19775    
      244000  -1.67883771         1236734.        0.000000        44.92430     -1.58892957766E+07  2.96445353143E+04 -5.35994091599E+02   21.4498559          1018075  0.19990    
      244100  -1.67607594         1237274.        0.000000        43.78948     -1.58817436915E+07  2.96304462662E+04 -5.35994076796E+02   21.4375970          1018465  0.19836    
      244200  -1.67757544         1237193.        0.000000        44.31220     -1.58825540765E+07  2.96319574487E+04 -5.35994090298E+02   21.4384367          1018509  0.20437    
      244300  -1.67719960         1237104.        0.000000        43.29311     -1.58806700505E+07  2.96284416309E+04 -5.35994104865E+02   21.4344544          1018324  0.19959    
      244400  -1.67430603         1235501.        0.000000        43.95326     -1.58769447692E+07  2.96214916504E+04 -5.35994100385E+02   21.4392019          1016745  0.19634    
      244500  -1.67042081         1235623.        0.000000        44.89033     -1.58774698772E+07  2.96224713097E+04 -5.35994100938E+02   21.4346974          1016782  0.19890    
      244600  -1.67095951         1235470.        0.000000        46.49417     -1.58884523087E+07  2.96429611040E+04 -5.35994101702E+02   21.4446768          1016508  0.20719    
      244700  -1.67205794         1236540.        0.000000        46.46441     -1.58936780821E+07  2.96527115323E+04 -5.35994088256E+02   21.4398027          1017292  0.20191    
      244800  -1.67443223         1236608.        0.000000        46.24828     -1.59049841470E+07  2.96738056531E+04 -5.35994079524E+02   21.4479757          1017103  0.19414    
      244900  -1.67265426         1236437.        0.000000        44.90180     -1.59111836559E+07  2.96853717995E+04 -5.35994083665E+02   21.4487478          1016671  0.20498    
      245000  -1.67626758         1237178.        0.000000        45.27744     -1.59225691458E+07  2.97066137538E+04 -5.35994081243E+02   21.4599191          1017370  0.20434    
      245100  -1.67871743         1237518.        0.000000        44.53220     -1.59237129760E+07  2.97087477053E+04 -5.35994082752E+02   21.4592699          1017728  0.19562    
      245200  -1.67744218         1237272.        0.000000        43.77787     -1.59217994055E+07  2.97051769999E+04 -5.35994093068E+02   21.4541739          1017294  0.20255    
      245300  -1.67779343         1237216.        0.000000        44.12516     -1.59261677732E+07  2.97133261086E+04 -5.35994109681E+02   21.4605158          1017415  0.20513    
      245400  -1.67659487         1236826.        0.000000        43.29370     -1.59267915916E+07  2.97144901871E+04 -5.35994105615E+02   21.4601841          1016968  0.19696    
      245500  -1.67492093         1236352.        0.000000        44.29152     -1.59232252189E+07  2.97078373367E+04 -5.35994089320E+02   21.4589441          1016510  0.20557    
      245600  -1.67598963         1237061.        0.000000        44.06831     -1.59295149968E+07  2.97195723475E+04 -5.35994085331E+02   21.4586473          1017025  0.20279    
      245700  -1.67720572         1237560.        0.000000        44.15816     -1.59373857315E+07  2.97342571469E+04 -5.35994077562E+02   21.4607403          1017241  0.19313    
      245800  -1.67873186         1237575.        0.000000        44.36405     -1.59478929246E+07  2.97538600820E+04 -5.35994082134E+02   21.4713894          1017090  0.19525    
      245900  -1.67882776         1237827.        0.000000        45.34755     -1.59448487465E+07  2.97481805216E+04 -5.35994083232E+02   21.4698376          1017672  0.20949    
      246000  -1.67869076         1237395.        0.000000        45.27038     -1.59423721603E+07  2.97435597916E+04 -5.35994086517E+02   21.4658689          1017335  0.19416    
      246100  -1.67955004         1237699.        0.000000        44.06650     -1.59463782690E+07  2.97510342335E+04 -5.35994081544E+02   21.4670118          1017457  0.19776    
      246200  -1.68242486         1238818.        0.000000        44.35623     -1.59534205529E+07  2.97641727340E+04 -5.35994085756E+02   21.4709980          1018549  0.20003    
      246300  -1.68140059         1238199.        0.000000        44.88367     -1.59452735839E+07  2.97489726051E+04 -5.35994092824E+02   21.4715554          1018112  0.19589    
      246400  -1.67983359         1237686.        0.000000        43.59559     -1.59425300003E+07  2.97438541811E+04 -5.35994088163E+02   21.4674549          1017491  0.19943    
      246500  -1.67969579         1237718.        0.000000        45.61708     -1.59418699922E+07  2.97426223039E+04 -5.35994097269E+02   21.4632658          1017673  0.20020    
      246600  -1.67974861         1237723.        0.000000        45.14245     -1.59441295519E+07  2.97468384873E+04 -5.35994087529E+02   21.4684063          1017746  0.19674    
      246700  -1.67891081         1237068.        0.000000        45.75520     -1.59436184132E+07  2.97458840126E+04 -5.35994102796E+02   21.4718019          1017170  0.19762    
      246800  -1.67712380         1237533.        0.000000        46.40209     -1.59379551497E+07  2.97353181308E+04 -5.35994102353E+02   21.4661811          1017799  0.20881    
      246900  -1.67762181         1237593.        0.000000        46.61235     -1.59388615983E+07  2.97370095719E+04 -5.35994097179E+02   21.4627824          1017596  0.19252    
      247000  -1.67746529         1236836.        0.000000        46.78275     -1.59455823887E+07  2.97495489120E+04 -5.35994089721E+02   21.4761027          1017019  0.20182    
      247100  -1.67594847         1237592.        0.000000        45.79806     -1.59423946751E+07  2.97436014287E+04 -5.35994093159E+02   21.4645080          1017544  0.20500    
      247200  -1.68013037         1238062.        0.000000        45.28996     -1.59480631905E+07  2.97541769733E+04 -5.35994096049E+02   21.4657351          1017777  0.20261    
      247300  -1.67952973         1237570.        0.000000        45.65584     -1.59446109945E+07  2.97477363697E+04 -5.35994093681E+02   21.4682896          1017439  0.19741    
      247400  -1.67764926         1236751.        0.000000        44.43902     -1.59439171443E+07  2.97464418363E+04 -5.35994094084E+02   21.4701425          1016566  0.20428    
      247500  -1.67664549         1238060.        0.000000        43.40434     -1.59449065406E+07  2.97482877691E+04 -5.35994093655E+02   21.4623562          1017720  0.19420    
      247600  -1.67916198         1237371.        0.000000        44.34285     -1.59514781905E+07  2.97605487186E+04 -5.35994088729E+02   21.4703605          1016780  0.20063    
      247700  -1.67818507         1237596.        0.000000        43.89807     -1.59565056567E+07  2.97699284117E+04 -5.35994088937E+02   21.4716919          1016973  0.21014    
      247800  -1.67987946         1238018.        0.000000        43.43798     -1.59616135129E+07  2.97794579863E+04 -5.35994090969E+02   21.4779219          1017419  0.19252    
      247900  -1.67841401         1236997.        0.000000        43.36169     -1.59601417990E+07  2.97767122899E+04 -5.35994089732E+02   21.4832132          1016603  0.20028    
      248000  -1.67688952         1237461.        0.000000        44.19936     -1.59562682835E+07  2.97694851670E+04 -5.35994095767E+02   21.4753798          1017025  0.20222    
      248100  -1.67888981         1238048.        0.000000        42.82434     -1.59586755414E+07  2.97739767768E+04 -5.35994088430E+02   21.4728802          1017368  0.19432    
      248200  -1.68207917         1238830.        0.000000        42.16038     -1.59588924576E+07  2.97743816980E+04 -5.35994084426E+02   21.4687572          1018227  0.20606    
      248300  -1.68211537         1238559.        0.000000        43.19661     -1.59590750559E+07  2.97747216880E+04 -5.35994096708E+02   21.4724350          1018194  0.20404    
      248400  -1.68133928         1237610.        0.000000        43.01260     -1.59561944822E+07  2.97693469874E+04 -5.35994104570E+02   21.4762821          1017317  0.19775    
      248500  -1.67831380         1237877.        0.000000        42.99067     -1.59465138479E+07  2.97512856554E+04 -5.35994109049E+02   21.4656053          1017688  0.20061    
      248600  -1.68069190         1237976.        0.000000        42.69080     -1.59450851610E+07  2.97486201208E+04 -5.35994109853E+02   21.4652931          1017802  0.20720    
      248700  -1.68091469         1238598.        0.000000        42.62142     -1.59417300665E+07  2.97423609069E+04 -5.35994103373E+02   21.4630448          1018538  0.19666    
      248800  -1.67946175         1237693.        0.000000        43.06982     -1.59322715203E+07  2.97247146483E+04 -5.35994094772E+02   21.4604454          1018066  0.20067    
      248900  -1.67855968         1236982.        0.000000        43.39571     -1.59265012651E+07  2.97139493411E+04 -5.35994090933E+02   21.4605298          1017504  0.19999    
      249000  -1.67662798         1236661.        0.000000        43.17977     -1.59190485106E+07  2.97000454977E+04 -5.35994078252E+02   21.4543509          1017327  0.19766    
      249100  -1.67368028         1235503.        0.000000        43.21473     -1.59113880371E+07  2.96857536101E+04 -5.35994074670E+02   21.4554038          1016345  0.20514    
      249200  -1.67176953         1236363.        0.000000        43.45611     -1.59115570813E+07  2.96860686699E+04 -5.35994080531E+02   21.4453176          1016826  0.19922    
      249300  -1.67435633         1236867.        0.000000        43.03369     -1.59206327595E+07  2.97030002299E+04 -5.35994096092E+02   21.4497005          1016991  0.20013    
      249400  -1.67738574         1237834.        0.000000        43.01751     -1.59297179365E+07  2.97199500604E+04 -5.35994101743E+02   21.4528204          1017874  0.19927    
      249500  -1.68110055         1238337.        0.000000        43.26640     -1.59408938040E+07  2.97408020399E+04 -5.35994079196E+02   21.4601172          1018152  0.20582    
      249600  -1.67921792         1237085.        0.000000        43.73857     -1.59388916248E+07  2.97370672536E+04 -5.35994067232E+02   21.4680537          1017240  0.19691    
      249700  -1.67430989         1236002.        0.000000        43.91796     -1.59344783231E+07  2.97288333690E+04 -5.35994067621E+02   21.4648538          1016177  0.19798    
      249800  -1.67267388         1236469.        0.000000        43.24796     -1.59371390144E+07  2.97337968812E+04 -5.35994076979E+02   21.4620342          1016338  0.20201    
      249900  -1.67512631         1237170.        0.000000        42.82677     -1.59402624658E+07  2.97396246959E+04 -5.35994069487E+02   21.4612076          1016918  0.19449    
      250000  -1.67879765         1237514.        0.000000        44.13844     -1.59475428359E+07  2.97532073086E+04 -5.35994075208E+02   21.4698014          1017299  0.20208    
      250100  -1.67974022         1238080.        0.000000        43.62017     -1.59427094242E+07  2.97441891969E+04 -5.35994083372E+02   21.4633377          1018193  0.20969    
      250200  -1.68021448         1238434.        0.000000        42.15071     -1.59376019280E+07  2.97346602411E+04 -5.35994082286E+02   21.4575934          1018706  0.19613    
      250300  -1.68218861         1238083.        0.000000        43.85269     -1.59356372771E+07  2.97309943754E+04 -5.35994090070E+02   21.4599865          1018448  0.20488    
      250400  -1.67881069         1237728.        0.000000        44.08150     -1.59319605694E+07  2.97241347977E+04 -5.35994089577E+02   21.4596424          1018074  0.20740    
      250500  -1.67884599         1237618.        0.000000        44.06459     -1.59294735164E+07  2.97194937617E+04 -5.35994106903E+02   21.4582188          1017951  0.19516    
      250600  -1.67673122         1236658.        0.000000        44.18142     -1.59281501330E+07  2.97170245144E+04 -5.35994110896E+02   21.4607265          1017003  0.19862    
      250700  -1.67506761         1236757.        0.000000        44.25291     -1.59323118288E+07  2.97247888564E+04 -5.35994112717E+02   21.4577849          1017012  0.20135    
      250800  -1.67726927         1237674.        0.000000        45.44510     -1.59441550852E+07  2.97468853947E+04 -5.35994100681E+02   21.4598981          1017594  0.20008    
      250900  -1.67683975         1236641.        0.000000        45.38324     -1.59426992436E+07  2.97441691682E+04 -5.35994102019E+02   21.4706118          1016899  0.20310    
      251000  -1.67500770         1237265.        0.000000        45.70922     -1.59411238542E+07  2.97412292147E+04 -5.35994115750E+02   21.4571804          1017398  0.20125    
      251100  -1.67908197         1238123.        0.000000        44.80187     -1.59499604706E+07  2.97577154687E+04 -5.35994118480E+02   21.4636672          1017984  0.19372    
      251200  -1.68212520         1237934.        0.000000        44.45729     -1.59528952425E+07  2.97631910611E+04 -5.35994114669E+02   21.4702116          1017787  0.19592    
      251300  -1.67761126         1237049.        0.000000        45.08802     -1.59402764672E+07  2.97396488011E+04 -5.35994105841E+02   21.4670911          1017293  0.20556    
      251400  -1.67656938         1237157.        0.000000        45.42638     -1.59322401368E+07  2.97246557874E+04 -5.35994100343E+02   21.4587905          1017536  0.19570    
      251500  -1.67639311         1236647.        0.000000        44.48696     -1.59303193152E+07  2.97210718547E+04 -5.35994105229E+02   21.4632551          1016982  0.20069    
      251600  -1.67502648         1237062.        0.000000        43.90218     -1.59315225427E+07  2.97233166794E+04 -5.35994105724E+02   21.4588147          1017255  0.19973    
      251700  -1.67677601         1236638.        0.000000        44.48179     -1.59375223333E+07  2.97345100522E+04 -5.35994112742E+02   21.4654931          1016723  0.19857    
      251800  -1.67534558         1236771.        0.000000        44.36137     -1.59419791618E+07  2.97428252488E+04 -5.35994110460E+02   21.4659164          1016637  0.19827    
      251900  -1.67788437         1237921.        0.000000        45.45855     -1.59496157033E+07  2.97570730990E+04 -5.35994102989E+02   21.4619250          1017528  0.20011    
      252000  -1.68252309         1238603.        0.000000        46.87963     -1.59573120066E+07  2.97714320503E+04 -5.35994102657E+02   21.4710225          1018204  0.19631    
      252100  -1.68258041         1239033.        0.000000        46.03669     -1.59503696224E+07  2.97584793851E+04 -5.35994108301E+02   21.4640491          1018987  0.19943    
      252200  -1.68023627         1237838.        0.000000        45.78335     -1.59373651536E+07  2.97342173309E+04 -5.35994103233E+02   21.4650086          1018222  0.20368    
      252300  -1.67800317         1237153.        0.000000        45.95724     -1.59295416457E+07  2.97196210661E+04 -5.35994103366E+02   21.4613948          1017762  0.19605    
      252400  -1.67894312         1237735.        0.000000        45.57984     -1.59324199872E+07  2.97249908312E+04 -5.35994109391E+02   21.4606766          1018147  0.20011    
      252500  -1.67767555         1237000.        0.000000        46.68904     -1.59281541135E+07  2.97170322324E+04 -5.35994105634E+02   21.4614322          1017441  0.20094    
      252600  -1.67656123         1237144.        0.000000        46.65843     -1.59244934435E+07  2.97102022840E+04 -5.35994110417E+02   21.4556365          1017535  0.19788    
      252700  -1.67800578         1237696.        0.000000        45.14547     -1.59213221980E+07  2.97042854980E+04 -5.35994114354E+02   21.4518099          1018059  0.20145    
      252800  -1.67893345         1237355.        0.000000        46.53718     -1.59216643907E+07  2.97049238851E+04 -5.35994115057E+02   21.4518144          1017697  0.20304    
      252900  -1.67649045         1236354.        0.000000        46.08079     -1.59200830256E+07  2.97019734523E+04 -5.35994116727E+02   21.4662707          1016967  0.19767    
      253000  -1.67318532         1235850.        0.000000        46.47694     -1.59141700112E+07  2.96909412325E+04 -5.35994123142E+02   21.4583285          1016478  0.19713    
      253100  -1.67132260         1235951.        0.000000        46.76858     -1.59176128016E+07  2.96973647326E+04 -5.35994117488E+02   21.4596236          1016289  0.19872    
      253200  -1.67659877         1237737.        0.000000        46.13721     -1.59284091726E+07  2.97175073723E+04 -5.35994118653E+02   21.4581673          1017693  0.19567    
      253300  -1.68125445         1239095.        0.000000        45.15919     -1.59351561532E+07  2.97300957291E+04 -5.35994108409E+02   21.4541483          1018896  0.20206    
      253400  -1.68092143         1237737.        0.000000        44.74198     -1.59424756822E+07  2.97437530513E+04 -5.35994084362E+02   21.4719589          1017674  0.19759    
      253500  -1.67852667         1237917.        0.000000        44.29004     -1.59352171135E+07  2.97302108314E+04 -5.35994083726E+02   21.4639315          1018185  0.19300    
      253600  -1.68048130         1238255.        0.000000        44.21975     -1.59342089683E+07  2.97283301273E+04 -5.35994080395E+02   21.4620000          1018403  0.20040    
      253700  -1.67984285         1237686.        0.000000        43.91389     -1.59278435176E+07  2.97164537836E+04 -5.35994087101E+02   21.4639041          1018131  0.19890    
      253800  -1.67716541         1237004.        0.000000        44.95987     -1.59240320397E+07  2.97093433806E+04 -5.35994075524E+02   21.4612749          1017568  0.19179    
      253900  -1.67841470         1237825.        0.000000        43.74121     -1.59305432315E+07  2.97214920393E+04 -5.35994061485E+02   21.4617550          1018245  0.19767    
      254000  -1.67900334         1237729.        0.000000        42.32964     -1.59371665860E+07  2.97338489493E+04 -5.35994065656E+02   21.4680337          1017961  0.20387    
      254100  -1.68035348         1238060.        0.000000        42.43445     -1.59350600666E+07  2.97299180164E+04 -5.35994080367E+02   21.4637583          1018182  0.19491    
      254200  -1.67971667         1238068.        0.000000        43.97880     -1.59348644652E+07  2.97295524408E+04 -5.35994091973E+02   21.4679834          1018421  0.20391    
      254300  -1.68190074         1238374.        0.000000        43.90516     -1.59330917727E+07  2.97262449837E+04 -5.35994094831E+02   21.4634250          1018631  0.20466    
      254400  -1.68158410         1238357.        0.000000        43.69891     -1.59309302762E+07  2.97222126651E+04 -5.35994088184E+02   21.4634391          1018883  0.19592    
      254500  -1.68094961         1237711.        0.000000        43.38293     -1.59275371184E+07  2.97158819988E+04 -5.35994089594E+02   21.4602100          1018275  0.20749    
      254600  -1.67987520         1238145.        0.000000        45.30833     -1.59235623856E+07  2.97084667228E+04 -5.35994083242E+02   21.4506073          1018773  0.20741    
      254700  -1.68028306         1237946.        0.000000        45.94704     -1.59275852564E+07  2.97159715241E+04 -5.35994094741E+02   21.4598292          1018713  0.19672    
      254800  -1.67913562         1237910.        0.000000        45.48870     -1.59203151385E+07  2.97024072425E+04 -5.35994103390E+02   21.4524236          1018507  0.19760    
